time,open,high,low,close,volume
1779618480,0.2441,0.2443,0.2441,0.2443,6
1779618600,0.2441,0.2441,0.244,0.244,8
1779618660,0.2439,0.2439,0.2438,0.2438,4
1779618720,0.2438,0.2438,0.2437,0.2437,4
1779618780,0.2439,0.2441,0.2439,0.2441,10
1779618900,0.2439,0.2439,0.2438,0.2438,4
1779618960,0.2437,0.2438,0.2437,0.2438,4
1779619020,0.2437,0.2437,0.2437,0.2437,2
1779619080,0.2438,0.244,0.2438,0.2439,6
1779619200,0.2437,0.2438,0.2437,0.2438,4
1779619380,0.2438,0.2438,0.2438,0.2438,2
1779619500,0.2437,0.2437,0.2437,0.2437,2
1779619680,0.2435,0.2435,0.2435,0.2435,2
1779619800,0.2436,0.2436,0.2436,0.2436,2
1779619920,0.2437,0.2437,0.2437,0.2437,2
1779619980,0.2438,0.2438,0.2437,0.2437,4
1779620040,0.2436,0.2436,0.2436,0.2436,2
1779620100,0.2437,0.2437,0.2437,0.2437,2
1779620160,0.2436,0.2436,0.2436,0.2436,2
1779620280,0.2436,0.2436,0.2436,0.2436,2
1779620400,0.2437,0.2437,0.2437,0.2437,2
1779620460,0.2439,0.2439,0.2439,0.2439,2
1779620520,0.244,0.244,0.244,0.244,2
1779620580,0.2441,0.2441,0.2441,0.2441,2
1779620700,0.2443,0.2443,0.2443,0.2443,2
1779620760,0.2443,0.2444,0.2443,0.2444,4
1779620880,0.2443,0.2443,0.2442,0.2442,4
1779620940,0.2444,0.2444,0.2444,0.2444,2
1779621060,0.2443,0.2443,0.2443,0.2443,2
1779621180,0.2445,0.2445,0.2444,0.2444,4
1779622320,0.2441,0.2441,0.2441,0.2441,2
1779622380,0.244,0.244,0.244,0.244,2
1779622500,0.2442,0.2442,0.2442,0.2442,2
1779622620,0.244,0.244,0.244,0.244,2
1779622800,0.2441,0.2441,0.2441,0.2441,2
1779622860,0.2441,0.2441,0.2441,0.2441,2
1779622980,0.2441,0.2441,0.244,0.244,4
1779623040,0.2441,0.2441,0.2441,0.2441,2
1779623160,0.2442,0.2442,0.2441,0.2441,4
1779623340,0.2442,0.2442,0.2441,0.2441,4
1779623400,0.2439,0.244,0.2439,0.2439,10
1779623460,0.244,0.244,0.244,0.244,2
1779623520,0.2441,0.2441,0.2441,0.2441,2
1779623580,0.2442,0.2442,0.2441,0.2441,4
1779623700,0.2443,0.2443,0.2443,0.2443,2
1779623760,0.2444,0.2444,0.2444,0.2444,2
1779623820,0.2441,0.2441,0.244,0.244,4
1779623880,0.244,0.244,0.2438,0.2439,6
1779623940,0.244,0.244,0.244,0.244,2
1779624000,0.244,0.2441,0.244,0.244,6
1779624120,0.2439,0.2439,0.2439,0.2439,2
1779624300,0.2437,0.2437,0.2437,0.2437,2
1779624480,0.2438,0.2438,0.2438,0.2438,2
1779624540,0.2436,0.2436,0.2436,0.2436,2
1779624600,0.2435,0.2435,0.2435,0.2435,2
1779624660,0.2434,0.2434,0.2434,0.2434,2
1779624840,0.2435,0.2435,0.2435,0.2435,2
1779624960,0.2434,0.2435,0.2433,0.2435,6
1779625020,0.2432,0.2432,0.2431,0.2432,6
1779625080,0.2432,0.2433,0.2432,0.2433,4
1779625140,0.2433,0.2433,0.2433,0.2433,2
1779625200,0.2431,0.2431,0.243,0.243,4
1779625260,0.243,0.243,0.243,0.243,2
1779625440,0.2431,0.2431,0.243,0.2431,8
1779625560,0.243,0.243,0.243,0.243,2
1779625680,0.2429,0.2429,0.2428,0.2429,6
1779625800,0.2429,0.2429,0.2429,0.2429,2
1779625860,0.2429,0.2429,0.2429,0.2429,2
1779625920,0.2429,0.2429,0.2429,0.2429,2
1779625980,0.243,0.243,0.2429,0.2429,4
1779626040,0.243,0.243,0.2428,0.2428,6
1779626100,0.243,0.243,0.2429,0.2429,4
1779626220,0.2431,0.2431,0.2431,0.2431,2
1779626280,0.2431,0.2432,0.2431,0.2432,4
1779626340,0.2433,0.2433,0.2433,0.2433,2
1779626460,0.2434,0.2434,0.2434,0.2434,2
1779626580,0.2433,0.2434,0.2433,0.2434,4
1779626700,0.2434,0.2434,0.2434,0.2434,2
1779626880,0.2435,0.2435,0.2435,0.2435,2
1779626940,0.2434,0.2434,0.2434,0.2434,2
1779627000,0.2434,0.2434,0.2434,0.2434,2
1779627060,0.2435,0.2435,0.2434,0.2434,4
1779627120,0.2433,0.2433,0.2433,0.2433,2
1779627180,0.2434,0.2434,0.2434,0.2434,2
1779627540,0.2433,0.2433,0.2433,0.2433,2
1779627600,0.2435,0.2435,0.2435,0.2435,2
1779627660,0.2436,0.2436,0.2436,0.2436,2
1779627780,0.2433,0.2433,0.2433,0.2433,2
1779627840,0.2434,0.2434,0.2434,0.2434,2
1779627900,0.2434,0.2435,0.2434,0.2434,6
1779627960,0.2435,0.2435,0.2434,0.2435,6
1779628080,0.2434,0.2434,0.2434,0.2434,2
1779628200,0.2434,0.2434,0.2434,0.2434,2
1779628260,0.2434,0.2434,0.2434,0.2434,2
1779628380,0.2433,0.2434,0.2433,0.2434,4
1779628440,0.2433,0.2433,0.2433,0.2433,2
1779628500,0.2435,0.2435,0.2435,0.2435,2
1779628560,0.2436,0.2436,0.2436,0.2436,2
1779628620,0.2435,0.2436,0.2435,0.2436,4
1779628680,0.2435,0.2435,0.2435,0.2435,2
1779629040,0.2433,0.2433,0.2432,0.2432,4
1779629100,0.2433,0.2433,0.2432,0.2432,4
1779629220,0.2431,0.2431,0.2431,0.2431,2
1779629280,0.243,0.243,0.2429,0.2429,4
1779629340,0.2426,0.2426,0.2426,0.2426,2
1779629400,0.2427,0.2427,0.2427,0.2427,2
1779629460,0.243,0.243,0.243,0.243,2
1779629520,0.2429,0.2429,0.2429,0.2429,2
1779629640,0.2428,0.243,0.2428,0.2429,8
1779629700,0.243,0.243,0.243,0.243,2
1779629760,0.2429,0.2429,0.2429,0.2429,2
1779629820,0.2427,0.2427,0.2426,0.2426,3
1779629880,0.2426,0.2426,0.2425,0.2425,4
1779629940,0.2428,0.2428,0.2428,0.2428,2
1779630000,0.2428,0.2428,0.2428,0.2428,2
1779630060,0.243,0.243,0.2429,0.243,6
1779630120,0.2431,0.2431,0.2431,0.2431,2
1779630360,0.2432,0.2432,0.2432,0.2432,2
1779630420,0.2431,0.2431,0.2431,0.2431,2
1779630480,0.243,0.243,0.2429,0.243,6
1779630540,0.2428,0.2428,0.2428,0.2428,2
1779630600,0.2428,0.2428,0.2428,0.2428,2
1779630720,0.2427,0.2427,0.2427,0.2427,2
1779630780,0.2426,0.2426,0.2425,0.2426,6
1779630840,0.2425,0.2425,0.2425,0.2425,2
1779630900,0.2421,0.2422,0.2421,0.2422,4
1779630960,0.242,0.2421,0.2419,0.2419,14
1779631020,0.2418,0.2419,0.2417,0.2419,8
1779631080,0.2419,0.2421,0.2419,0.2421,6
1779631140,0.2423,0.2423,0.2423,0.2423,2
1779631200,0.2424,0.2424,0.2422,0.2422,6
1779631260,0.2425,0.2425,0.2425,0.2425,2
1779631320,0.2424,0.2424,0.2422,0.2422,6
1779631380,0.2421,0.2421,0.2421,0.2421,2
1779631440,0.242,0.2421,0.2419,0.2421,12
1779631500,0.2422,0.2423,0.2422,0.2423,8
1779631620,0.2422,0.2423,0.2422,0.2423,4
1779631680,0.2424,0.2424,0.2424,0.2424,2
1779631800,0.2424,0.2424,0.2424,0.2424,2
1779631860,0.2424,0.2424,0.2424,0.2424,2
1779631920,0.242,0.2421,0.2417,0.2418,18
1779631980,0.2414,0.2418,0.2413,0.2415,40
1779632040,0.2415,0.2415,0.241,0.2412,10
1779632100,0.2415,0.2416,0.2414,0.2414,7
1779632160,0.2413,0.2413,0.2412,0.2413,6
1779632220,0.2403,0.2403,0.2399,0.2399,36
1779632280,0.2404,0.2406,0.2404,0.2406,12
1779632340,0.2405,0.2407,0.2404,0.2406,12
1779632400,0.2404,0.2405,0.2403,0.2405,14
1779632460,0.2407,0.2407,0.2407,0.2407,2
1779632520,0.2409,0.2411,0.2409,0.241,8
1779632580,0.241,0.2411,0.241,0.2411,4
1779632640,0.2414,0.2414,0.2413,0.2413,4
1779632700,0.2411,0.2411,0.241,0.2411,6
1779632760,0.2411,0.2411,0.241,0.241,8
1779632820,0.2409,0.2409,0.2409,0.2409,2
1779632880,0.2412,0.2412,0.2411,0.2412,6
1779632940,0.2411,0.2411,0.241,0.241,4
1779633000,0.241,0.241,0.241,0.241,2
1779633060,0.2411,0.2413,0.241,0.2413,10
1779633120,0.2413,0.2413,0.2412,0.2412,4
1779633180,0.2412,0.2412,0.2412,0.2412,2
1779633240,0.2411,0.2411,0.2411,0.2411,2
1779633300,0.2411,0.2412,0.2411,0.2412,4
1779633360,0.241,0.2411,0.241,0.2411,4
1779633420,0.2412,0.2412,0.2412,0.2412,2
1779633480,0.2414,0.2414,0.2413,0.2413,4
1779633540,0.2412,0.2412,0.2412,0.2412,2
1779633660,0.2412,0.2412,0.2411,0.2411,4
1779633720,0.2412,0.2412,0.2412,0.2412,2
1779633780,0.2413,0.2413,0.2412,0.2412,4
1779633900,0.2413,0.2413,0.2413,0.2413,2
1779633960,0.2412,0.2414,0.2412,0.2414,6
1779634140,0.2413,0.2413,0.2412,0.2412,4
1779634200,0.2412,0.2413,0.2412,0.2412,6
1779634260,0.2416,0.2416,0.2416,0.2416,2
1779634320,0.2414,0.2414,0.2413,0.2414,6
1779634440,0.2413,0.2413,0.2413,0.2413,2
1779634560,0.2413,0.2413,0.2413,0.2413,2
1779634620,0.2414,0.2414,0.2414,0.2414,2
1779634680,0.2412,0.2412,0.2412,0.2412,2
1779634740,0.2413,0.2413,0.2413,0.2413,2
1779634800,0.2412,0.2413,0.2412,0.2412,6
1779634860,0.2411,0.2412,0.2411,0.2412,4
1779634980,0.2412,0.2412,0.2412,0.2412,2
1779635040,0.2413,0.2413,0.2413,0.2413,2
1779635100,0.2413,0.2413,0.2413,0.2413,2
1779635160,0.2411,0.2411,0.2411,0.2411,2
1779635280,0.241,0.241,0.241,0.241,2
1779635340,0.2412,0.2412,0.2412,0.2412,2
1779635460,0.2413,0.2413,0.2413,0.2413,2
1779635580,0.2414,0.2414,0.2414,0.2414,2
1779635640,0.2413,0.2413,0.2413,0.2413,2
1779635700,0.2412,0.2414,0.2412,0.2414,6
1779635760,0.2412,0.2412,0.2411,0.2411,4
1779635820,0.2411,0.2411,0.241,0.241,8
1779635880,0.2412,0.2412,0.2412,0.2412,2
1779635940,0.2412,0.2412,0.2412,0.2412,2
1779636000,0.2411,0.2411,0.2411,0.2411,2
1779636060,0.241,0.241,0.2409,0.241,6
1779636180,0.2411,0.2411,0.2411,0.2411,2
1779636240,0.2412,0.2412,0.2412,0.2412,2
1779636420,0.2411,0.2412,0.2411,0.2412,4
1779636480,0.2411,0.2411,0.2411,0.2411,2
1779636600,0.2411,0.2412,0.2411,0.2412,4
1779636660,0.2412,0.2412,0.2412,0.2412,2
1779636720,0.2413,0.2414,0.2413,0.2414,4
1779636900,0.2414,0.2414,0.2413,0.2413,4
1779636960,0.2413,0.2414,0.2413,0.2414,4
1779637020,0.2413,0.2413,0.2413,0.2413,2
1779637260,0.2415,0.2415,0.2415,0.2415,2
1779637440,0.2415,0.2415,0.2415,0.2415,2
1779637500,0.2413,0.2413,0.2413,0.2413,2
1779637560,0.2414,0.2414,0.2414,0.2414,2
1779637620,0.2415,0.2415,0.2415,0.2415,2
1779637680,0.2416,0.2416,0.2415,0.2415,4
1779637740,0.2415,0.2415,0.2414,0.2414,4
1779637800,0.2414,0.2414,0.2413,0.2413,4
1779637860,0.2414,0.2414,0.2413,0.2413,4
1779637920,0.2413,0.2413,0.2413,0.2413,2
1779637980,0.2414,0.2414,0.2414,0.2414,2
1779638040,0.2415,0.2415,0.2415,0.2415,2
1779638100,0.2414,0.2414,0.2414,0.2414,2
1779638160,0.2414,0.2414,0.2414,0.2414,2
1779638220,0.2413,0.2413,0.2413,0.2413,2
1779638400,0.2412,0.2414,0.2412,0.2413,8
1779638460,0.2412,0.2413,0.2412,0.2412,6
1779638520,0.2413,0.2413,0.2413,0.2413,2
1779638580,0.2413,0.2415,0.2413,0.2414,6
1779638640,0.2415,0.2415,0.2415,0.2415,2
1779638700,0.2416,0.2416,0.2416,0.2416,2
1779638760,0.2418,0.2418,0.2416,0.2416,10
1779638820,0.2415,0.2415,0.2415,0.2415,2
1779638880,0.2413,0.2413,0.2413,0.2413,2
1779638940,0.2415,0.2415,0.2415,0.2415,2
1779639000,0.2417,0.2417,0.2417,0.2417,2
1779639120,0.2416,0.2416,0.2416,0.2416,2
1779639180,0.2415,0.2415,0.2415,0.2415,2
1779639300,0.2415,0.2415,0.2415,0.2415,2
1779639360,0.2418,0.2418,0.2417,0.2417,4
1779639420,0.2419,0.242,0.2418,0.2419,10
1779639480,0.2418,0.2419,0.2417,0.2417,6
1779639540,0.2417,0.2417,0.2416,0.2416,4
1779639720,0.2417,0.2417,0.2417,0.2417,2
1779639840,0.2416,0.2416,0.2415,0.2415,4
1779640020,0.2413,0.2413,0.2413,0.2413,2
1779640080,0.2414,0.2414,0.2413,0.2414,6
1779640200,0.2413,0.2413,0.2413,0.2413,2
1779640260,0.2414,0.2414,0.2413,0.2413,4
1779640320,0.2412,0.2412,0.2412,0.2412,2
1779640380,0.2413,0.2413,0.2413,0.2413,2
1779640500,0.2411,0.2411,0.2411,0.2411,2
1779640560,0.2409,0.2409,0.2408,0.2408,4
1779640740,0.241,0.241,0.241,0.241,2
1779640800,0.2411,0.2411,0.2411,0.2411,2
1779640860,0.241,0.241,0.241,0.241,2
1779640980,0.2409,0.2409,0.2409,0.2409,2
1779641100,0.241,0.241,0.241,0.241,2
1779641160,0.2411,0.2411,0.2411,0.2411,2
1779641280,0.2412,0.2412,0.2412,0.2412,2
1779641400,0.2411,0.2411,0.2411,0.2411,2
1779641460,0.2412,0.2412,0.2412,0.2412,2
1779641520,0.2413,0.2413,0.2413,0.2413,2
1779641580,0.2413,0.2413,0.2413,0.2413,2
1779641640,0.2414,0.2414,0.2414,0.2414,2
1779641700,0.2413,0.2413,0.2413,0.2413,2
1779641820,0.2414,0.2414,0.2414,0.2414,2
1779641880,0.2415,0.2415,0.2415,0.2415,2
1779641940,0.2415,0.2415,0.2415,0.2415,2
1779642060,0.2416,0.2417,0.2416,0.2417,4
1779642120,0.2415,0.2415,0.2415,0.2415,2
1779642180,0.2413,0.2413,0.2413,0.2413,2
1779642240,0.2413,0.2414,0.2413,0.2414,4
1779642300,0.2415,0.2415,0.2415,0.2415,2
1779642360,0.2416,0.2417,0.2416,0.2417,6
1779642420,0.2416,0.2417,0.2416,0.2417,4
1779642480,0.2417,0.2417,0.2417,0.2417,2
1779642540,0.2416,0.2416,0.2416,0.2416,2
1779642600,0.2415,0.2416,0.2415,0.2416,4
1779642660,0.2417,0.2417,0.2416,0.2416,4
1779642720,0.2417,0.2417,0.2417,0.2417,2
1779642840,0.2415,0.2415,0.2414,0.2414,4
1779642900,0.2415,0.2415,0.2415,0.2415,2
1779642960,0.2414,0.2414,0.2414,0.2414,2
1779643020,0.2415,0.2415,0.2414,0.2414,4
1779643080,0.2413,0.2413,0.2413,0.2413,2
1779643140,0.2412,0.2412,0.2412,0.2412,2
1779643200,0.2413,0.2413,0.2412,0.2412,4
1779643260,0.2413,0.2413,0.2413,0.2413,2
1779643320,0.2411,0.2412,0.2411,0.2412,4
1779643380,0.2413,0.2413,0.2413,0.2413,2
1779643440,0.2413,0.2414,0.2413,0.2414,4
1779643500,0.2413,0.2413,0.2413,0.2413,2
1779643680,0.2413,0.2413,0.2413,0.2413,2
1779643740,0.2413,0.2413,0.2413,0.2413,2
1779643800,0.2413,0.2413,0.2412,0.2412,4
1779643860,0.2413,0.2413,0.2413,0.2413,2
1779643920,0.2415,0.2415,0.2415,0.2415,2
1779643980,0.2414,0.2414,0.2414,0.2414,2
1779644040,0.2413,0.2414,0.2413,0.2414,4
1779644100,0.2415,0.2415,0.2415,0.2415,2
1779644160,0.2414,0.2415,0.2414,0.2415,4
1779644220,0.2414,0.2415,0.2414,0.2414,6
1779644340,0.2415,0.2415,0.2415,0.2415,2
1779644400,0.2415,0.2415,0.2415,0.2415,2
1779644520,0.2416,0.2416,0.2416,0.2416,2
1779644580,0.2415,0.2415,0.2415,0.2415,2
1779644820,0.2416,0.2416,0.2415,0.2415,4
1779644880,0.2414,0.2415,0.2414,0.2415,4
1779644940,0.2416,0.2416,0.2416,0.2416,2
1779645000,0.2417,0.2418,0.2417,0.2417,6
1779645060,0.2415,0.2415,0.2415,0.2415,2
1779645240,0.2416,0.2416,0.2416,0.2416,2
1779645300,0.2415,0.2415,0.2415,0.2415,2
1779645480,0.2416,0.2416,0.2415,0.2415,4
1779645600,0.2414,0.2414,0.2414,0.2414,2
1779645660,0.2415,0.2415,0.2415,0.2415,2
1779645720,0.2414,0.2414,0.2414,0.2414,2
1779645780,0.2413,0.2413,0.2413,0.2413,2
1779645840,0.2412,0.2412,0.2412,0.2412,2
1779645900,0.2413,0.2413,0.2413,0.2413,2
1779645960,0.2413,0.2413,0.2413,0.2413,2
1779646020,0.2415,0.2415,0.2415,0.2415,2
1779646140,0.2417,0.2417,0.2417,0.2417,2
1779646200,0.2416,0.2416,0.2416,0.2416,2
1779646380,0.2417,0.2417,0.2417,0.2417,2
1779646440,0.2416,0.2416,0.2416,0.2416,2
1779646560,0.2415,0.2415,0.2415,0.2415,2
1779646620,0.2416,0.2416,0.2416,0.2416,2
1779646680,0.2417,0.2417,0.2417,0.2417,2
1779646740,0.2416,0.2416,0.2415,0.2415,4
1779646800,0.2416,0.2416,0.2416,0.2416,2
1779646920,0.2415,0.2415,0.2415,0.2415,2
1779646980,0.2416,0.2416,0.2416,0.2416,2
1779647040,0.2416,0.2416,0.2416,0.2416,2
1779647100,0.2411,0.2412,0.2411,0.2411,10
1779647160,0.2412,0.2412,0.2412,0.2412,2
1779647220,0.2412,0.2412,0.2412,0.2412,2
1779647280,0.2413,0.2413,0.2413,0.2413,2
1779647400,0.241,0.241,0.241,0.241,2
1779647460,0.2411,0.2411,0.241,0.241,4
1779647520,0.241,0.241,0.241,0.241,2
1779647580,0.2409,0.2409,0.2409,0.2409,2
1779647760,0.241,0.241,0.241,0.241,2
1779647880,0.2411,0.2411,0.2411,0.2411,2
1779648120,0.241,0.241,0.2409,0.2409,4
1779648180,0.2409,0.2409,0.2409,0.2409,2
1779648240,0.2409,0.2409,0.2408,0.2408,4
1779648300,0.2409,0.2409,0.2408,0.2409,6
1779648360,0.2408,0.2408,0.2408,0.2408,2
1779648420,0.2409,0.2409,0.2409,0.2409,2
1779648480,0.2408,0.2408,0.2406,0.2406,6
1779648540,0.2405,0.2405,0.2405,0.2405,2
1779648600,0.2405,0.2405,0.2404,0.2405,6
1779648660,0.2406,0.2406,0.2406,0.2406,2
1779648780,0.2406,0.2406,0.2406,0.2406,2
1779648840,0.2407,0.2407,0.2407,0.2407,2
1779648900,0.2408,0.2408,0.2408,0.2408,2
1779648960,0.2407,0.2407,0.2407,0.2407,2
1779649080,0.2408,0.2408,0.2408,0.2408,2
1779649200,0.2407,0.2407,0.2407,0.2407,2
1779649260,0.2409,0.241,0.2409,0.241,4
1779649320,0.2408,0.2409,0.2408,0.2409,4
1779649380,0.241,0.241,0.2409,0.2409,4
1779649440,0.2408,0.2408,0.2407,0.2407,4
1779649500,0.2408,0.2408,0.2408,0.2408,2
1779649560,0.2409,0.2409,0.2409,0.2409,2
1779649740,0.241,0.241,0.241,0.241,2
1779649800,0.241,0.241,0.2409,0.2409,4
1779649980,0.2408,0.2408,0.2408,0.2408,2
1779650040,0.2407,0.2407,0.2407,0.2407,2
1779650100,0.2406,0.2407,0.2406,0.2406,6
1779650160,0.2406,0.2406,0.2406,0.2406,2
1779650220,0.2409,0.2409,0.2409,0.2409,2
1779650280,0.2411,0.2411,0.241,0.241,4
1779650340,0.2411,0.2411,0.241,0.241,4
1779650400,0.2409,0.2409,0.2409,0.2409,2
1779650460,0.2409,0.2409,0.2409,0.2409,2
1779650640,0.241,0.241,0.241,0.241,2
1779650760,0.2408,0.2408,0.2408,0.2408,2
1779650820,0.2409,0.2409,0.2408,0.2408,4
1779650880,0.2409,0.2409,0.2409,0.2409,2
1779650940,0.2409,0.2409,0.2409,0.2409,2
1779651000,0.2409,0.2409,0.2409,0.2409,2
1779651120,0.2408,0.2408,0.2408,0.2408,2
1779651180,0.2409,0.2409,0.2408,0.2408,4
1779651240,0.2409,0.2409,0.2409,0.2409,2
1779651300,0.241,0.241,0.241,0.241,2
1779651360,0.2411,0.2411,0.241,0.241,4
1779651420,0.2411,0.2411,0.2411,0.2411,2
1779651480,0.241,0.241,0.241,0.241,2
1779651600,0.2411,0.2411,0.2411,0.2411,2
1779651660,0.2412,0.2412,0.2412,0.2412,2
1779651960,0.2413,0.2413,0.2413,0.2413,2
1779652020,0.2412,0.2412,0.2412,0.2412,2
1779652080,0.2413,0.2414,0.2413,0.2414,4
1779652140,0.2414,0.2414,0.2414,0.2414,2
1779652200,0.2413,0.2413,0.2413,0.2413,2
1779652260,0.2413,0.2413,0.2413,0.2413,2
1779652380,0.2411,0.2411,0.2411,0.2411,2
1779652440,0.2412,0.2412,0.2412,0.2412,2
1779652500,0.2411,0.2411,0.2411,0.2411,2
1779652560,0.241,0.241,0.241,0.241,2
1779652620,0.241,0.241,0.241,0.241,2
1779652800,0.2411,0.2412,0.2411,0.2411,6
1779652860,0.2408,0.2408,0.2407,0.2408,6
1779652920,0.2408,0.2408,0.2408,0.2408,2
1779652980,0.2407,0.2407,0.2407,0.2407,2
1779653040,0.2406,0.2406,0.2406,0.2406,2
1779653100,0.2405,0.2405,0.2405,0.2405,2
1779653160,0.2405,0.2405,0.2405,0.2405,2
1779653220,0.2406,0.2406,0.2406,0.2406,2
1779653340,0.2407,0.2407,0.2407,0.2407,2
1779653400,0.2408,0.2408,0.2408,0.2408,2
1779653640,0.2406,0.2406,0.2406,0.2406,2
1779653700,0.2405,0.2405,0.2405,0.2405,2
1779653760,0.2407,0.2407,0.2407,0.2407,2
1779653820,0.2406,0.2406,0.2406,0.2406,2
1779653880,0.2406,0.2406,0.2405,0.2405,4
1779653940,0.2406,0.2406,0.2406,0.2406,2
1779654000,0.2405,0.2405,0.2405,0.2405,2
1779654060,0.2405,0.2405,0.2405,0.2405,2
1779654120,0.2407,0.2407,0.2407,0.2407,2
1779654180,0.2408,0.2408,0.2408,0.2408,2
1779654240,0.2407,0.2407,0.2407,0.2407,2
1779654300,0.2405,0.2406,0.2405,0.2406,4
1779654360,0.2404,0.2404,0.2403,0.2404,14
1779654480,0.2405,0.2405,0.2405,0.2405,2
1779654600,0.2406,0.2406,0.2406,0.2406,2
1779654660,0.2407,0.2407,0.2407,0.2407,2
1779654720,0.2405,0.2405,0.2405,0.2405,2
1779654780,0.2406,0.2406,0.2405,0.2405,4
1779654840,0.2406,0.2406,0.2406,0.2406,2
1779654900,0.2406,0.2406,0.2405,0.2405,4
1779655020,0.2406,0.2406,0.2405,0.2405,4
1779655080,0.2404,0.2404,0.2404,0.2404,2
1779655140,0.2403,0.2403,0.2403,0.2403,2
1779655200,0.2404,0.2404,0.2403,0.2403,4
1779655380,0.2404,0.2404,0.2404,0.2404,2
1779655500,0.2405,0.2406,0.2405,0.2406,4
1779655620,0.2404,0.2404,0.2404,0.2404,2
1779655680,0.2402,0.2402,0.24,0.24,6
1779655740,0.2401,0.2401,0.2401,0.2401,2
1779655800,0.2401,0.2401,0.2401,0.2401,2
1779655860,0.2402,0.2402,0.2401,0.2401,4
1779656160,0.2402,0.2402,0.2402,0.2402,2
1779656220,0.2401,0.2401,0.2401,0.2401,2
1779656700,0.2405,0.2405,0.2405,0.2405,2
1779656760,0.2406,0.2406,0.2405,0.2405,4
1779656940,0.2404,0.2404,0.2404,0.2404,2
1779657180,0.2403,0.2403,0.2402,0.2403,6
1779657240,0.2404,0.2404,0.2404,0.2404,2
1779657300,0.2404,0.2404,0.2404,0.2404,2
1779657360,0.2403,0.2403,0.2403,0.2403,2
1779657480,0.2404,0.2404,0.2404,0.2404,2
1779657540,0.2405,0.2405,0.2405,0.2405,2
1779657600,0.2404,0.2404,0.2404,0.2404,2
1779657900,0.2402,0.2402,0.2401,0.2401,4
1779658020,0.2399,0.2399,0.2399,0.2399,2
1779658080,0.2399,0.2399,0.2398,0.2398,4
1779658140,0.2395,0.2395,0.2394,0.2395,6
1779658200,0.2392,0.2392,0.2392,0.2392,2
1779658260,0.2389,0.2389,0.2389,0.2389,2
1779658320,0.2392,0.2392,0.2392,0.2392,2
1779658380,0.2392,0.2392,0.239,0.239,6
1779658440,0.2386,0.2386,0.2385,0.2385,4
1779658500,0.2382,0.2382,0.2376,0.238,22
1779658560,0.2378,0.2381,0.2376,0.2378,16
1779658620,0.238,0.2381,0.2374,0.2377,24
1779658680,0.238,0.238,0.2379,0.238,6
1779658740,0.238,0.2381,0.2379,0.2379,12
1779658800,0.238,0.238,0.238,0.238,2
1779658860,0.2381,0.2381,0.2381,0.2381,2
1779658920,0.2383,0.2383,0.2383,0.2383,2
1779658980,0.2379,0.2379,0.2378,0.2378,4
1779659040,0.2376,0.2376,0.2376,0.2376,2
1779659100,0.2375,0.2375,0.2375,0.2375,2
1779659160,0.2376,0.2376,0.2375,0.2376,6
1779659220,0.2374,0.2374,0.2374,0.2374,2
1779659280,0.2373,0.2375,0.2373,0.2375,6
1779659340,0.2376,0.2376,0.2376,0.2376,2
1779659400,0.2375,0.2375,0.2375,0.2375,2
1779659460,0.2374,0.2375,0.2374,0.2375,4
1779659520,0.2378,0.2378,0.2378,0.2378,2
1779659580,0.2378,0.2378,0.2378,0.2378,2
1779659640,0.2377,0.2378,0.2377,0.2378,4
1779659700,0.2379,0.2379,0.2379,0.2379,2
1779659760,0.2377,0.2378,0.2377,0.2378,4
1779659820,0.2378,0.2378,0.2376,0.2376,6
1779659880,0.2378,0.2378,0.2378,0.2378,2
1779659940,0.2374,0.2374,0.2374,0.2374,2
1779660000,0.238,0.238,0.2376,0.2378,14
1779660060,0.2383,0.2387,0.2383,0.2387,16
1779660120,0.2389,0.2392,0.2389,0.239,44
1779660180,0.2392,0.2392,0.239,0.239,18
1779660240,0.2393,0.2393,0.2392,0.2392,5
1779660300,0.2392,0.2393,0.2392,0.2393,4
1779660360,0.2397,0.2398,0.2397,0.2397,6
1779660420,0.2396,0.2396,0.2396,0.2396,2
1779660480,0.2397,0.2397,0.2397,0.2397,2
1779660540,0.2397,0.2399,0.2397,0.2398,8
1779660600,0.2401,0.2402,0.24,0.2401,14
1779660660,0.2399,0.2401,0.2399,0.2401,6
1779660720,0.2402,0.2402,0.2402,0.2402,2
1779660780,0.2399,0.2401,0.2399,0.2401,10
1779660840,0.2404,0.2404,0.2402,0.2402,10
1779660900,0.2401,0.2402,0.2401,0.2402,4
1779660960,0.2402,0.2402,0.24,0.24,6
1779661020,0.2402,0.2403,0.2402,0.2402,6
1779661080,0.2402,0.2402,0.2401,0.2401,4
1779661140,0.2402,0.2402,0.2401,0.2401,4
1779661200,0.2401,0.2401,0.2401,0.2401,2
1779661260,0.24,0.24,0.2399,0.24,6
1779661320,0.2402,0.2402,0.2402,0.2402,2
1779661380,0.2402,0.2402,0.2402,0.2402,2
1779661440,0.2404,0.2404,0.2404,0.2404,2
1779661500,0.2403,0.2403,0.2403,0.2403,2
1779661560,0.2403,0.2404,0.2403,0.2404,2
1779661620,0.2403,0.2403,0.2403,0.2403,2
1779661680,0.2404,0.2404,0.2403,0.2403,4
1779661740,0.2401,0.2401,0.24,0.24,4
1779661800,0.2401,0.2401,0.2401,0.2401,2
1779661860,0.2403,0.2403,0.2403,0.2403,2
1779661920,0.24,0.24,0.24,0.24,2
1779661980,0.2401,0.2401,0.2401,0.2401,2
1779662040,0.2399,0.2399,0.2399,0.2399,2
1779662100,0.2398,0.2398,0.2398,0.2398,2
1779662160,0.2396,0.2396,0.2396,0.2396,2
1779662220,0.2395,0.2396,0.2395,0.2396,4
1779662280,0.2394,0.2394,0.2392,0.2392,6
1779662340,0.2392,0.2393,0.2392,0.2393,4
1779662400,0.2393,0.2393,0.2391,0.2391,6
1779662520,0.2391,0.2391,0.239,0.239,4
1779662580,0.2391,0.2392,0.2391,0.2392,4
1779662640,0.2391,0.2392,0.2391,0.2392,4
1779662700,0.2394,0.2394,0.2394,0.2394,2
1779662760,0.2396,0.24,0.2396,0.2399,12
1779662820,0.24,0.24,0.2398,0.2398,6
1779662940,0.2397,0.2397,0.2397,0.2397,2
1779663000,0.2398,0.2398,0.2398,0.2398,2
1779663060,0.2398,0.2399,0.2398,0.2399,4
1779663120,0.2396,0.2396,0.2396,0.2396,2
1779663180,0.2397,0.2397,0.2396,0.2396,4
1779663240,0.2395,0.2395,0.2395,0.2395,2
1779663300,0.2394,0.2395,0.2394,0.2395,4
1779663360,0.2395,0.2395,0.2395,0.2395,2
1779663600,0.2395,0.2395,0.2394,0.2394,4
1779663660,0.2399,0.2399,0.2399,0.2399,2
1779663720,0.2398,0.2399,0.2398,0.2399,4
1779663780,0.2399,0.2399,0.2399,0.2399,2
1779663840,0.2397,0.2398,0.2397,0.2398,4
1779663900,0.2398,0.2398,0.2398,0.2398,2
1779663960,0.2398,0.2398,0.2398,0.2398,2
1779664020,0.24,0.24,0.24,0.24,2
1779664080,0.2398,0.2398,0.2398,0.2398,2
1779664200,0.24,0.24,0.24,0.24,2
1779664260,0.24,0.24,0.24,0.24,2
1779664320,0.24,0.24,0.24,0.24,2
1779664380,0.2401,0.2401,0.2401,0.2401,2
1779664440,0.24,0.2401,0.24,0.2401,4
1779664500,0.2403,0.2403,0.2403,0.2403,2
1779664560,0.2401,0.2402,0.2401,0.2402,4
1779664620,0.2402,0.2402,0.2402,0.2402,2
1779664680,0.2402,0.2402,0.2402,0.2402,2
1779664740,0.2403,0.2403,0.2401,0.2401,4
1779664800,0.2402,0.2402,0.2402,0.2402,2
1779664920,0.2402,0.2402,0.2401,0.2401,4
1779664980,0.24,0.24,0.24,0.24,2
1779665160,0.2399,0.2399,0.2399,0.2399,2
1779665220,0.2398,0.2399,0.2398,0.2399,8
1779665280,0.2399,0.2399,0.2399,0.2399,2
1779665460,0.2402,0.2403,0.2402,0.2403,4
1779665520,0.2404,0.2404,0.2404,0.2404,2
1779665580,0.2403,0.2403,0.2403,0.2403,2
1779665640,0.2403,0.2404,0.2403,0.2404,4
1779665700,0.2404,0.2404,0.2403,0.2404,6
1779665760,0.2404,0.2405,0.2404,0.2405,4
1779665820,0.2405,0.2405,0.2405,0.2405,2
1779665880,0.2404,0.2404,0.2404,0.2404,2
1779665940,0.2405,0.2405,0.2405,0.2405,2
1779666000,0.2406,0.2406,0.2405,0.2405,4
1779666060,0.2406,0.2407,0.2406,0.2407,4
1779666120,0.2408,0.2409,0.2408,0.2409,12
1779666180,0.2409,0.241,0.2409,0.2409,6
1779666240,0.2412,0.2412,0.2412,0.2412,2
1779666300,0.241,0.241,0.2409,0.2409,4
1779666360,0.2409,0.2411,0.2409,0.241,8
1779666420,0.2408,0.2408,0.2408,0.2408,2
1779666480,0.241,0.241,0.241,0.241,2
1779666540,0.241,0.2411,0.241,0.241,6
1779666600,0.2409,0.2409,0.2408,0.2408,4
1779666660,0.2409,0.2409,0.2409,0.2409,2
1779666720,0.241,0.241,0.241,0.241,2
1779666840,0.2408,0.2408,0.2408,0.2408,2
1779666960,0.2407,0.2407,0.2407,0.2407,2
1779667080,0.2408,0.2408,0.2408,0.2408,2
1779667200,0.2407,0.2408,0.2407,0.2407,10
1779667260,0.2407,0.2408,0.2407,0.2408,4
1779667320,0.2406,0.2407,0.2406,0.2407,4
1779667380,0.2408,0.2408,0.2407,0.2408,6
1779667440,0.2407,0.2409,0.2407,0.2409,6
1779667560,0.241,0.241,0.241,0.241,2
1779667620,0.2408,0.2409,0.2408,0.2409,4
1779667740,0.2411,0.2412,0.2411,0.2412,4
1779667800,0.2412,0.2413,0.2412,0.2413,4
1779667860,0.2411,0.2411,0.2411,0.2411,2
1779668040,0.241,0.241,0.241,0.241,2
1779668100,0.2411,0.2411,0.2409,0.2409,6
1779668160,0.2411,0.2411,0.2411,0.2411,2
1779668220,0.2409,0.2409,0.2409,0.2409,2
1779668280,0.241,0.2411,0.241,0.2411,4
1779668340,0.241,0.241,0.241,0.241,2
1779668400,0.2411,0.2411,0.2409,0.2409,6
1779668460,0.2408,0.2408,0.2408,0.2408,2
1779668520,0.241,0.241,0.241,0.241,2
1779668580,0.2411,0.2412,0.2411,0.2412,4
1779668640,0.2413,0.2413,0.2412,0.2412,4
1779668700,0.2413,0.2413,0.2411,0.2411,6
1779668760,0.241,0.2411,0.241,0.2411,4
1779668820,0.241,0.241,0.241,0.241,2
1779668880,0.2411,0.2411,0.2411,0.2411,2
1779668940,0.2413,0.2413,0.2413,0.2413,2
1779669000,0.2413,0.2413,0.2413,0.2413,2
1779669060,0.2414,0.2414,0.2413,0.2413,4
1779669120,0.2412,0.2412,0.2412,0.2412,2
1779669180,0.2412,0.2412,0.2411,0.2411,4
1779669300,0.2412,0.2412,0.2412,0.2412,2
1779669420,0.2413,0.2413,0.2412,0.2412,4
1779669480,0.2414,0.2415,0.2414,0.2415,4
1779669540,0.2415,0.2416,0.2415,0.2416,8
1779669600,0.2413,0.2413,0.2413,0.2413,2
1779669660,0.2414,0.2414,0.2414,0.2414,2
1779669720,0.2412,0.2412,0.241,0.241,6
1779669840,0.2411,0.2411,0.2411,0.2411,2
1779669900,0.241,0.2411,0.241,0.2411,4
1779669960,0.241,0.2411,0.241,0.2411,4
1779670020,0.2409,0.2409,0.2409,0.2409,2
1779670080,0.2411,0.2411,0.241,0.241,4
1779670140,0.2412,0.2415,0.2412,0.2414,10
1779670200,0.2412,0.2412,0.2412,0.2412,2
1779670260,0.2412,0.2413,0.2412,0.2412,6
1779670320,0.2412,0.2413,0.2411,0.2411,8
1779670380,0.2411,0.2411,0.2411,0.2411,2
1779670440,0.2412,0.2412,0.2412,0.2412,2
1779670560,0.2412,0.2412,0.2412,0.2412,2
1779670620,0.2411,0.2411,0.2411,0.2411,2
1779670740,0.241,0.241,0.2409,0.241,6
1779670800,0.2412,0.2412,0.2412,0.2412,2
1779670860,0.241,0.241,0.241,0.241,2
1779670920,0.2406,0.2407,0.2406,0.2407,4
1779670980,0.2407,0.2408,0.2407,0.2408,4
1779671040,0.2408,0.2408,0.2408,0.2408,2
1779671160,0.2407,0.2407,0.2407,0.2407,2
1779671220,0.2408,0.2408,0.2408,0.2408,2
1779671340,0.2409,0.2409,0.2409,0.2409,2
1779671400,0.2407,0.2407,0.2407,0.2407,2
1779671460,0.2406,0.2406,0.2406,0.2406,2
1779671520,0.2407,0.2407,0.2406,0.2407,6
1779671580,0.2407,0.2407,0.2406,0.2406,4
1779671640,0.2407,0.2408,0.2407,0.2408,4
1779671700,0.2409,0.2409,0.2408,0.2408,4
1779671760,0.2409,0.2409,0.2408,0.2408,4
1779671820,0.2408,0.2409,0.2408,0.2409,4
1779671880,0.2408,0.2408,0.2408,0.2408,2
1779671940,0.241,0.241,0.241,0.241,2
1779672000,0.2411,0.2411,0.2411,0.2411,2
1779672120,0.241,0.241,0.241,0.241,2
1779672240,0.2412,0.2412,0.2411,0.2411,4
1779672300,0.2411,0.2411,0.2411,0.2411,2
1779672360,0.241,0.241,0.241,0.241,2
1779672420,0.2409,0.2409,0.2409,0.2409,2
1779672540,0.241,0.241,0.241,0.241,2
1779672600,0.2411,0.2411,0.2409,0.2409,6
1779672660,0.2409,0.2409,0.2409,0.2409,2
1779672720,0.2408,0.2409,0.2408,0.2409,4
1779672780,0.2409,0.2409,0.2409,0.2409,2
1779672840,0.2411,0.2411,0.2411,0.2411,2
1779672960,0.241,0.241,0.241,0.241,2
1779673020,0.2409,0.2409,0.2409,0.2409,2
1779673080,0.2408,0.2408,0.2408,0.2408,2
1779673140,0.2409,0.2409,0.2409,0.2409,2
1779673200,0.2408,0.2408,0.2408,0.2408,2
1779673260,0.2407,0.2407,0.2407,0.2407,2
1779673320,0.2408,0.2408,0.2408,0.2408,2
1779673440,0.2407,0.2407,0.2407,0.2407,2
1779673500,0.2407,0.2407,0.2407,0.2407,2
1779673560,0.2407,0.2407,0.2407,0.2407,2
1779673620,0.2407,0.2407,0.2407,0.2407,2
1779673680,0.2406,0.2406,0.2404,0.2404,6
1779673740,0.2405,0.2405,0.2405,0.2405,2
1779673860,0.2403,0.2403,0.2403,0.2403,2
1779673920,0.2402,0.2402,0.2402,0.2402,2
1779673980,0.2401,0.2401,0.2401,0.2401,2
1779674100,0.24,0.24,0.24,0.24,2
1779674160,0.2399,0.2399,0.2399,0.2399,2
1779674220,0.2398,0.2398,0.2398,0.2398,2
1779674280,0.2397,0.2398,0.2395,0.2395,10
1779674340,0.2394,0.2394,0.2392,0.2392,10
1779674400,0.2394,0.2394,0.2394,0.2394,2
1779674460,0.2396,0.2396,0.2396,0.2396,2
1779674520,0.2397,0.2397,0.2397,0.2397,2
1779674580,0.2399,0.2399,0.2399,0.2399,2
1779674640,0.2399,0.2399,0.2399,0.2399,2
1779674700,0.24,0.24,0.24,0.24,2
1779674760,0.2402,0.2405,0.2402,0.2405,20
1779674820,0.2407,0.241,0.2407,0.241,10
1779674880,0.2411,0.2411,0.2409,0.2409,6
1779674940,0.2409,0.241,0.2409,0.241,4
1779675000,0.2411,0.2411,0.2411,0.2411,2
1779675060,0.241,0.241,0.241,0.241,2
1779675120,0.2409,0.2411,0.2409,0.2411,6
1779675180,0.2412,0.2413,0.2412,0.2412,6
1779675300,0.2409,0.2409,0.2409,0.2409,2
1779675360,0.2407,0.2407,0.2407,0.2407,2
1779675420,0.2405,0.2406,0.2405,0.2406,4
1779675480,0.2408,0.2408,0.2408,0.2408,2
1779675540,0.2407,0.2407,0.2407,0.2407,2
1779675660,0.2408,0.2408,0.2408,0.2408,2
1779675720,0.2407,0.2407,0.2407,0.2407,2
1779675840,0.2405,0.2405,0.2404,0.2404,4
1779675900,0.2403,0.2403,0.2399,0.2399,10
1779675960,0.2399,0.2399,0.2399,0.2399,2
1779676020,0.2399,0.2399,0.2399,0.2399,2
1779676080,0.24,0.24,0.2399,0.2399,4
1779676140,0.24,0.24,0.24,0.24,2
1779676200,0.24,0.24,0.24,0.24,2
1779676260,0.24,0.2401,0.24,0.2401,4
1779676380,0.2402,0.2402,0.2402,0.2402,2
1779676440,0.24,0.24,0.24,0.24,2
1779676500,0.2398,0.2398,0.2397,0.2397,4
1779676560,0.2397,0.2397,0.2397,0.2397,2
1779676800,0.2398,0.2398,0.2398,0.2398,2
1779676860,0.2396,0.2396,0.2396,0.2396,2
1779676920,0.2396,0.2397,0.2396,0.2397,4
1779677100,0.2398,0.2398,0.2398,0.2398,2
1779677160,0.2395,0.2395,0.2395,0.2395,2
1779677220,0.2396,0.2396,0.2396,0.2396,2
1779677280,0.2397,0.2397,0.2397,0.2397,2
1779677340,0.2396,0.2396,0.2396,0.2396,2
1779677400,0.2397,0.2397,0.2397,0.2397,2
1779677700,0.2398,0.2398,0.2398,0.2398,2
1779677760,0.2397,0.2397,0.2397,0.2397,2
1779677880,0.2395,0.2395,0.2395,0.2395,2
1779678000,0.2397,0.2398,0.2397,0.2398,4
1779678060,0.2397,0.2397,0.2397,0.2397,2
1779678120,0.2398,0.2398,0.2398,0.2398,2
1779678180,0.2397,0.2398,0.2397,0.2398,4
1779678240,0.2396,0.2396,0.2396,0.2396,2
1779678300,0.2395,0.2395,0.2395,0.2395,2
1779678360,0.2395,0.2395,0.2395,0.2395,2
1779678420,0.2397,0.2397,0.2397,0.2397,2
1779678480,0.2396,0.2396,0.2396,0.2396,2
1779678540,0.2397,0.2397,0.2397,0.2397,2
1779678600,0.2398,0.2398,0.2398,0.2398,2
1779678660,0.2397,0.2397,0.2397,0.2397,2
1779678720,0.2397,0.2397,0.2397,0.2397,2
1779678840,0.2396,0.2396,0.2396,0.2396,2
1779678900,0.2395,0.2395,0.2395,0.2395,2
1779678960,0.2395,0.2395,0.2395,0.2395,2
1779679020,0.2389,0.239,0.2388,0.239,8
1779679200,0.2392,0.2392,0.2392,0.2392,2
1779679260,0.2393,0.2393,0.2393,0.2393,2
1779679320,0.2392,0.2392,0.2391,0.2391,4
1779679560,0.239,0.239,0.239,0.239,2
1779679620,0.2389,0.239,0.2389,0.239,4
1779679680,0.2391,0.2391,0.2391,0.2391,2
1779679740,0.2389,0.2389,0.2389,0.2389,2
1779679800,0.2391,0.2391,0.2391,0.2391,2
1779679860,0.2392,0.2392,0.2391,0.2392,6
1779679920,0.239,0.239,0.239,0.239,2
1779679980,0.239,0.239,0.239,0.239,2
1779680100,0.2392,0.2392,0.2392,0.2392,2
1779680160,0.2392,0.2392,0.2392,0.2392,2
1779680280,0.2391,0.2391,0.2391,0.2391,2
1779680340,0.2392,0.2392,0.2391,0.2391,4
1779680400,0.239,0.239,0.239,0.239,2
1779680460,0.2389,0.2389,0.2389,0.2389,2
1779680580,0.239,0.2391,0.239,0.2391,4
1779680700,0.239,0.239,0.2389,0.239,6
1779680820,0.239,0.239,0.239,0.239,2
1779680880,0.2392,0.2392,0.2392,0.2392,2
1779680940,0.2393,0.2393,0.2393,0.2393,2
1779681000,0.2392,0.2392,0.2391,0.2391,4
1779681060,0.2392,0.2392,0.2392,0.2392,2
1779681120,0.2393,0.2393,0.2393,0.2393,2
1779681240,0.2392,0.2393,0.2392,0.2393,4
1779681300,0.2394,0.2394,0.2394,0.2394,2
1779681420,0.2393,0.2393,0.2393,0.2393,2
1779681480,0.2394,0.2394,0.2394,0.2394,2
1779681540,0.2393,0.2393,0.2393,0.2393,2
1779681600,0.2394,0.2394,0.2393,0.2394,6
1779681660,0.2395,0.2396,0.2395,0.2396,4
1779681900,0.2394,0.2394,0.2394,0.2394,2
1779682020,0.2393,0.2393,0.2393,0.2393,2
1779682140,0.2394,0.2394,0.2394,0.2394,2
1779682260,0.2393,0.2393,0.2393,0.2393,2
1779682320,0.2395,0.2395,0.2395,0.2395,2
1779682380,0.2394,0.2394,0.2394,0.2394,2
1779682440,0.2393,0.2393,0.2393,0.2393,2
1779682500,0.2392,0.2392,0.2391,0.2391,4
1779682560,0.2392,0.2392,0.2392,0.2392,2
1779682620,0.2392,0.2392,0.2392,0.2392,2
1779682680,0.2393,0.2393,0.2393,0.2393,2
1779682740,0.2393,0.2393,0.2393,0.2393,2
1779682800,0.2394,0.2394,0.2394,0.2394,2
1779682860,0.2392,0.2394,0.2392,0.2394,6
1779682920,0.2393,0.2393,0.2393,0.2393,2
1779683100,0.2394,0.2394,0.2394,0.2394,2
1779683160,0.2396,0.2396,0.2396,0.2396,2
1779683280,0.2397,0.2397,0.2397,0.2397,2
1779683340,0.2399,0.2399,0.2399,0.2399,2
1779683400,0.24,0.24,0.24,0.24,2
1779683460,0.2402,0.2402,0.2402,0.2402,2
1779683520,0.2402,0.2402,0.2401,0.2401,4
1779683580,0.24,0.24,0.24,0.24,2
1779683700,0.2401,0.2401,0.2401,0.2401,2
1779683940,0.2402,0.2403,0.2402,0.2403,4
1779684000,0.2403,0.2404,0.2403,0.2404,4
1779684120,0.2405,0.2405,0.2404,0.2404,4
1779684180,0.2406,0.2406,0.2406,0.2406,2
1779684240,0.2407,0.2407,0.2407,0.2407,2
1779684300,0.2407,0.2408,0.2407,0.2408,4
1779684360,0.241,0.241,0.2409,0.2409,4
1779684420,0.2411,0.2411,0.2411,0.2411,2
1779684540,0.241,0.241,0.241,0.241,2
1779684600,0.241,0.241,0.241,0.241,2
1779684660,0.2411,0.2411,0.2411,0.2411,2
1779684720,0.2415,0.2415,0.2414,0.2414,4
1779684780,0.2413,0.2413,0.2413,0.2413,2
1779684900,0.2413,0.2413,0.2412,0.2412,4
1779685020,0.2413,0.2413,0.2413,0.2413,2
1779685080,0.2412,0.2412,0.2412,0.2412,2
1779685260,0.2411,0.2412,0.2411,0.2412,4
1779685320,0.241,0.2411,0.241,0.2411,4
1779685380,0.2411,0.2411,0.2411,0.2411,2
1779685440,0.241,0.241,0.241,0.241,2
1779685500,0.2413,0.2413,0.2413,0.2413,2
1779685560,0.2414,0.2414,0.2414,0.2414,2
1779685680,0.2416,0.2416,0.2416,0.2416,2
1779685740,0.2416,0.2416,0.2416,0.2416,2
1779685860,0.2415,0.2415,0.2415,0.2415,2
1779685920,0.2416,0.2416,0.2416,0.2416,2
1779686040,0.2417,0.2418,0.2417,0.2418,4
1779686100,0.2417,0.2417,0.2417,0.2417,2
1779686220,0.2417,0.2418,0.2417,0.2418,4
1779686340,0.2419,0.2419,0.2419,0.2419,2
1779686400,0.2417,0.2417,0.2417,0.2417,2
1779686460,0.2416,0.2416,0.2416,0.2416,2
1779686520,0.2415,0.2416,0.2415,0.2416,4
1779686580,0.2415,0.2415,0.2415,0.2415,2
1779686640,0.2416,0.2417,0.2416,0.2417,4
1779686700,0.2416,0.2416,0.2416,0.2416,2
1779686820,0.2415,0.2415,0.2415,0.2415,2
1779686940,0.2416,0.2416,0.2416,0.2416,2
1779687000,0.2416,0.2417,0.2416,0.2417,2
1779687060,0.2418,0.2418,0.2418,0.2418,2
1779687120,0.2416,0.2416,0.2416,0.2416,2
1779687180,0.2416,0.2416,0.2416,0.2416,2
1779687240,0.2415,0.2416,0.2415,0.2416,4
1779687300,0.2417,0.2417,0.2417,0.2417,2
1779687360,0.2418,0.2418,0.2418,0.2418,2
1779687420,0.2418,0.2419,0.2418,0.2419,4
1779687480,0.2419,0.2419,0.2419,0.2419,2
1779687540,0.242,0.2421,0.242,0.2421,4
1779687600,0.242,0.242,0.242,0.242,2
1779687720,0.2419,0.2419,0.2419,0.2419,2
1779687780,0.242,0.242,0.242,0.242,2
1779687840,0.242,0.2421,0.242,0.2421,4
1779687900,0.242,0.2421,0.242,0.2421,4
1779687960,0.2421,0.2421,0.2421,0.2421,2
1779688020,0.242,0.2421,0.242,0.2421,4
1779688200,0.242,0.242,0.242,0.242,2
1779688320,0.2421,0.2421,0.242,0.242,4
1779688500,0.2419,0.2419,0.2419,0.2419,2
1779688560,0.2418,0.2418,0.2418,0.2418,2
1779688620,0.2417,0.2417,0.2417,0.2417,2
1779688680,0.2418,0.2418,0.2418,0.2418,2
1779688800,0.2418,0.2418,0.2418,0.2418,2
1779688920,0.2417,0.2417,0.2417,0.2417,2
1779689160,0.2418,0.2418,0.2418,0.2418,2
1779689220,0.2417,0.2417,0.2417,0.2417,2
1779689280,0.2419,0.2419,0.2418,0.2419,6
1779689340,0.2421,0.2421,0.242,0.242,4
1779689400,0.2421,0.2421,0.2418,0.2418,8
1779689460,0.2417,0.2417,0.2417,0.2417,2
1779689520,0.2418,0.2418,0.2417,0.2417,4
1779689580,0.2416,0.2416,0.2416,0.2416,2
1779689640,0.2417,0.2417,0.2416,0.2416,4
1779689700,0.2416,0.2416,0.2415,0.2415,4
1779689760,0.2413,0.2413,0.2413,0.2413,2
1779689820,0.2413,0.2413,0.2413,0.2413,2
1779689880,0.2415,0.2415,0.2415,0.2415,2
1779689940,0.2414,0.2415,0.2414,0.2415,4
1779690000,0.2414,0.2414,0.2414,0.2414,2
1779690060,0.2412,0.2413,0.2412,0.2413,4
1779690120,0.2414,0.2414,0.2414,0.2414,2
1779690180,0.2413,0.2413,0.2412,0.2412,4
1779690240,0.2413,0.2413,0.2413,0.2413,2
1779690360,0.2414,0.2414,0.2414,0.2414,2
1779690420,0.2413,0.2413,0.2413,0.2413,2
1779690600,0.2415,0.2416,0.2415,0.2416,4
1779690660,0.2417,0.2418,0.2416,0.2416,8
1779690720,0.2419,0.2419,0.2418,0.2418,4
1779690780,0.2418,0.2419,0.2418,0.2419,4
1779690840,0.2418,0.2418,0.2418,0.2418,2
1779690900,0.242,0.242,0.242,0.242,2
1779690960,0.2419,0.2419,0.2419,0.2419,2
1779691020,0.242,0.242,0.242,0.242,2
1779691080,0.2421,0.2421,0.2421,0.2421,2
1779691140,0.242,0.2421,0.242,0.2421,4
1779691200,0.2421,0.2421,0.2421,0.2421,2
1779691320,0.242,0.242,0.242,0.242,2
1779691440,0.2421,0.2421,0.2421,0.2421,2
1779691500,0.242,0.242,0.242,0.242,2
1779691560,0.2421,0.2422,0.2421,0.2422,4
1779691620,0.2423,0.2424,0.2423,0.2424,4
1779691740,0.2424,0.2424,0.2424,0.2424,2
1779691800,0.2425,0.2425,0.2425,0.2425,2
1779691860,0.2424,0.2424,0.2424,0.2424,2
1779691980,0.2425,0.2425,0.2425,0.2425,2
1779692100,0.2425,0.2426,0.2425,0.2426,4
1779692160,0.2425,0.2425,0.2425,0.2425,2
1779692220,0.2426,0.2426,0.2426,0.2426,2
1779692280,0.244,0.244,0.2439,0.244,79978.9
1779692340,0.2439,0.244,0.2439,0.244,9438.9
1779692400,0.2441,0.2441,0.244,0.2441,4152.9
1779692460,0.2441,0.2442,0.2441,0.2442,5764.5
1779692520,0.2442,0.2442,0.2441,0.2442,2612.9
1779692580,0.2443,0.2447,0.2442,0.2446,112805.3
1779692640,0.2446,0.245,0.2445,0.2448,2114818.6
1779692700,0.2448,0.2449,0.2447,0.2448,540634
1779692760,0.2448,0.2448,0.2446,0.2447,71218.3
1779692820,0.2447,0.2447,0.2446,0.2447,38625.7
1779692880,0.2447,0.2448,0.2447,0.2447,6919.8
1779692940,0.2448,0.2448,0.2446,0.2446,94115.2
1779693000,0.2447,0.2451,0.2445,0.2448,1041153.6
1779693060,0.2448,0.245,0.2448,0.245,229827.1
1779693120,0.245,0.245,0.2448,0.2449,367158.5
1779693180,0.2448,0.2449,0.2447,0.2447,35588.4
1779693240,0.2446,0.2447,0.2446,0.2447,15496.1
1779693300,0.2447,0.2449,0.2447,0.2448,74794.2
1779693360,0.2448,0.2448,0.2446,0.2446,41189.7
1779693420,0.2446,0.2446,0.2444,0.2445,69102
1779693480,0.2444,0.2444,0.2437,0.2438,307354.9
1779693540,0.2439,0.2441,0.2439,0.244,120399.5
1779693600,0.244,0.244,0.2438,0.244,38531.4
1779693660,0.2439,0.2439,0.2439,0.2439,4109.9
1779693720,0.2439,0.244,0.2439,0.2439,12878.7
1779693780,0.244,0.244,0.2439,0.2439,2600.9
1779693840,0.2439,0.244,0.2439,0.244,12928.2
1779693900,0.2439,0.2439,0.2438,0.2439,14657.2
1779693960,0.2439,0.2439,0.2436,0.2438,93438
1779694020,0.2439,0.2439,0.2439,0.2439,1281.3
1779694080,0.2438,0.2438,0.2437,0.2437,1254.1
1779694140,0.2437,0.2438,0.2437,0.2438,5214.6
1779694200,0.2438,0.2438,0.2435,0.2437,80364.9
1779694260,0.2437,0.2437,0.2436,0.2437,62691.9
1779694320,0.2437,0.2439,0.2435,0.2439,267845.8
1779694380,0.2439,0.2443,0.2439,0.2441,323209.7
1779694440,0.2441,0.2441,0.244,0.244,2417.7
1779694500,0.2441,0.2441,0.2439,0.2441,16303.4
1779694560,0.2441,0.2441,0.244,0.2441,1539.7
1779694620,0.2441,0.2441,0.244,0.2441,2652.6
1779694680,0.2441,0.2441,0.244,0.2441,5127.3
1779694740,0.2441,0.2441,0.244,0.2441,29494.1
1779694800,0.2441,0.2441,0.2439,0.244,35191.4
1779694860,0.244,0.2441,0.244,0.2441,6611.6
1779694920,0.2441,0.2441,0.244,0.2441,1603.1
1779694980,0.2441,0.2442,0.2441,0.2442,14069.5
1779695040,0.2442,0.2442,0.2442,0.2442,1722.7
1779695100,0.2442,0.2443,0.2441,0.2443,32867.6
1779695160,0.2443,0.2443,0.2442,0.2443,39605.1
1779695220,0.2443,0.2444,0.2443,0.2444,3332.6
1779695280,0.2444,0.2445,0.2443,0.2445,135422.9
1779695340,0.2445,0.2445,0.2444,0.2445,56381.1
1779695400,0.2445,0.2445,0.2444,0.2445,2287.6
1779695460,0.2445,0.2445,0.2444,0.2445,52890.3
1779695520,0.2445,0.2446,0.2444,0.2445,47589.6
1779695580,0.2445,0.2447,0.2444,0.2447,455402.8
1779695640,0.2447,0.2447,0.2446,0.2447,6034.8
1779695700,0.2447,0.2448,0.2446,0.2447,98179
1779695760,0.2447,0.2448,0.2446,0.2448,527276.5
1779695820,0.2448,0.2451,0.2447,0.245,905635.4
1779695880,0.245,0.2451,0.2448,0.2448,228489
1779695940,0.2449,0.2451,0.2449,0.2451,135760.5
1779696000,0.2451,0.2451,0.2447,0.2448,212221.2
1779696060,0.2448,0.2449,0.2447,0.2448,78133.1
1779696120,0.2447,0.2448,0.2447,0.2447,7354.2
1779696180,0.2447,0.2447,0.2447,0.2447,1331.1
1779696240,0.2447,0.2449,0.2447,0.2449,150315.9
1779696300,0.2449,0.2449,0.2447,0.2447,21211.9
1779696360,0.2447,0.2448,0.2447,0.2447,7444.1
1779696420,0.2447,0.2447,0.2446,0.2446,6229.5
1779696480,0.2447,0.2447,0.2446,0.2447,754.8
1779696540,0.2446,0.2447,0.2446,0.2447,42358.1
1779696600,0.2447,0.2448,0.2447,0.2448,79.7
1779696660,0.2447,0.2448,0.2445,0.2445,24105.5
1779696720,0.2445,0.2446,0.2445,0.2445,6588.1
1779696780,0.2445,0.2445,0.2444,0.2444,171329.6
1779696840,0.2444,0.2445,0.2443,0.2443,26878.8
1779696900,0.2443,0.2443,0.2441,0.2442,9244.2
1779696960,0.2441,0.2442,0.2441,0.2442,53613.3
1779697020,0.2442,0.2442,0.2442,0.2442,1207.1
1779697080,0.2441,0.2442,0.244,0.2441,53493.4
1779697140,0.2441,0.2442,0.2441,0.2441,61418.9
1779697200,0.2441,0.2442,0.2441,0.2442,3611.3
1779697260,0.2442,0.2443,0.2442,0.2443,42127
1779697320,0.2443,0.2443,0.2441,0.2441,85698.2
1779697380,0.2442,0.2442,0.244,0.2442,266693.3
1779697440,0.2442,0.2443,0.2442,0.2443,25634.6
1779697500,0.2442,0.2443,0.2442,0.2442,8956.4
1779697560,0.2442,0.2442,0.2442,0.2442,48177.9
1779697620,0.2443,0.2443,0.2442,0.2442,54759.9
1779697680,0.2443,0.2443,0.2442,0.2442,4174.1
1779697740,0.2442,0.2443,0.2442,0.2442,9471.8
1779697800,0.2443,0.2443,0.2442,0.2443,9946.1
1779697860,0.2442,0.2443,0.2442,0.2442,15602.1
1779697920,0.2442,0.2444,0.2442,0.2443,63054.3
1779697980,0.2443,0.2445,0.2443,0.2445,92508.9
1779698040,0.2445,0.2446,0.2445,0.2446,31264.9
1779698100,0.2446,0.2451,0.2446,0.245,235681.8
1779698160,0.245,0.245,0.2447,0.2447,80529.1
1779698220,0.2447,0.2447,0.2446,0.2447,3680.1
1779698280,0.2446,0.2447,0.2446,0.2446,93868
1779698340,0.2446,0.2447,0.2446,0.2446,6022.7
1779698400,0.2447,0.2451,0.2447,0.245,325718.8
1779698460,0.245,0.245,0.2447,0.2447,100664.8
1779698520,0.2448,0.245,0.2448,0.2448,45377.6
1779698580,0.2449,0.245,0.2449,0.245,3012
1779698640,0.2449,0.2449,0.2448,0.2448,929
1779698700,0.2448,0.2455,0.2447,0.2453,783980.1
1779698760,0.2453,0.2457,0.2452,0.2455,296610.8
1779698820,0.2455,0.2456,0.2453,0.2454,68627.1
1779698880,0.2454,0.2454,0.2453,0.2453,104.4
1779698940,0.2453,0.2454,0.2453,0.2453,1969.5
1779699000,0.2454,0.2457,0.2453,0.2456,230993.9
1779699060,0.2456,0.246,0.2455,0.2459,628278.4
1779699120,0.2458,0.2459,0.2458,0.2459,366065.1
1779699180,0.2459,0.2461,0.2458,0.246,1865979.1
1779699240,0.246,0.2461,0.2458,0.246,245269.7
1779699300,0.2459,0.246,0.2459,0.246,6852.8
1779699360,0.2459,0.2461,0.2459,0.2459,147838.6
1779699420,0.2459,0.2459,0.2458,0.2459,18998.4
1779699480,0.2458,0.2458,0.2457,0.2457,13827.6
1779699540,0.2457,0.246,0.2457,0.246,169196.3
1779699600,0.246,0.2462,0.2459,0.246,225454.8
1779699660,0.2461,0.2461,0.2457,0.2457,437605.1
1779699720,0.2457,0.2459,0.2457,0.2458,27115.8
1779699780,0.2458,0.2458,0.2457,0.2457,14003.8
1779699840,0.2456,0.2457,0.2456,0.2456,2317.2
1779699900,0.2455,0.2455,0.2454,0.2455,241626.3
1779699960,0.2454,0.2455,0.2454,0.2455,35600.3
1779700020,0.2454,0.2459,0.2454,0.2458,100744.7
1779700080,0.2458,0.2458,0.2455,0.2456,319934.2
1779700140,0.2456,0.2458,0.2456,0.2458,83615.4
1779700200,0.2458,0.2458,0.2456,0.2457,1890.8
1779700260,0.2456,0.2457,0.2456,0.2456,20171.6
1779700320,0.2455,0.2456,0.2454,0.2455,58639
1779700380,0.2455,0.2455,0.2454,0.2454,2997.4
1779700440,0.2453,0.2454,0.2453,0.2454,5025.9
1779700500,0.2453,0.2454,0.2453,0.2454,1083.1
1779700560,0.2454,0.2454,0.2453,0.2453,22616.9
1779700620,0.2453,0.2453,0.2453,0.2453,2458.7
1779700680,0.2453,0.2454,0.2453,0.2453,2619.4
1779700740,0.2453,0.2454,0.2453,0.2454,2767.3
1779700800,0.2454,0.2454,0.2452,0.2452,11218.2
1779700860,0.2452,0.2453,0.245,0.2451,57433.1
1779700920,0.2451,0.2451,0.245,0.2451,5431.8
1779700980,0.245,0.2452,0.245,0.2452,4837.4
1779701040,0.2452,0.2453,0.2452,0.2453,13520.2
1779701100,0.2453,0.2454,0.2453,0.2454,6209.3
1779701160,0.2454,0.2454,0.2452,0.2453,34241.6
1779701220,0.2452,0.2453,0.2452,0.2453,8893.7
1779701280,0.2454,0.2454,0.2453,0.2453,6429.9
1779701340,0.2453,0.2454,0.2453,0.2453,7964.3
1779701400,0.2454,0.2454,0.2453,0.2453,14599.1
1779701460,0.2453,0.2455,0.2452,0.2455,3773
1779701520,0.2455,0.2457,0.2453,0.2453,130861.7
1779701580,0.2454,0.2455,0.2454,0.2455,14463.7
1779701640,0.2456,0.2456,0.2453,0.2454,212340.1
1779701700,0.2453,0.2454,0.2453,0.2453,5004.4
1779701760,0.2453,0.2453,0.2451,0.2453,374283.5
1779701820,0.2452,0.2453,0.2452,0.2453,21663.3
1779701880,0.2453,0.2455,0.2453,0.2455,21790.1
1779701940,0.2455,0.2455,0.2453,0.2454,12729.1
1779702000,0.2454,0.2454,0.2454,0.2454,329.7
1779702060,0.2453,0.2453,0.2452,0.2452,20043.6
1779702120,0.2453,0.2453,0.2452,0.2453,6740
1779702180,0.2453,0.2453,0.2452,0.2452,3370.3
1779702240,0.2453,0.2453,0.2452,0.2453,391.9
1779702300,0.2453,0.2453,0.2452,0.2452,6612.1
1779702360,0.2451,0.2452,0.2451,0.2452,15451.7
1779702420,0.2452,0.2452,0.245,0.2451,200537.3
1779702480,0.2451,0.2451,0.2449,0.245,106403.2
1779702540,0.2451,0.2451,0.245,0.2451,2620.2
1779702600,0.2451,0.2452,0.2451,0.2452,20498.1
1779702660,0.2453,0.2453,0.2452,0.2453,10791.7
1779702720,0.2453,0.2453,0.2452,0.2452,9004.2
1779702780,0.2453,0.2453,0.2452,0.2452,4860.2
1779702840,0.2451,0.2451,0.2451,0.2451,274.9
1779702900,0.2451,0.2452,0.2451,0.2451,3706
1779702960,0.245,0.2451,0.245,0.2451,164023.4
1779703020,0.2451,0.2451,0.245,0.245,4304
1779703080,0.245,0.2451,0.245,0.245,24137.2
1779703140,0.2451,0.2451,0.2449,0.245,129033.7
1779703200,0.245,0.245,0.2449,0.245,211789.7
1779703260,0.245,0.2451,0.245,0.2451,490297.9
1779703320,0.245,0.245,0.2448,0.2449,105527.9
1779703380,0.2449,0.245,0.2448,0.245,42131.6
1779703440,0.2449,0.245,0.2449,0.245,2285.2
1779703500,0.245,0.245,0.2449,0.245,3128.6
1779703560,0.245,0.2451,0.245,0.245,62523.3
1779703620,0.245,0.245,0.245,0.245,1410
1779703680,0.2451,0.2451,0.2451,0.2451,10468.3
1779703740,0.2451,0.2451,0.2451,0.2451,2158.3
1779703800,0.2452,0.2452,0.2451,0.2451,16430.5
1779703860,0.2452,0.2452,0.2451,0.2452,661.6
1779703920,0.2452,0.2453,0.2451,0.2452,106137.3
1779703980,0.2452,0.2453,0.2452,0.2452,17136.4
1779704040,0.2452,0.2452,0.2452,0.2452,913.8
1779704100,0.2452,0.2455,0.2452,0.2455,368444.3
1779704160,0.2454,0.2457,0.2454,0.2457,31697.4
1779704220,0.2457,0.2458,0.2455,0.2456,266913.1
1779704280,0.2457,0.2458,0.2456,0.2458,287241.9
1779704340,0.2458,0.2459,0.2458,0.2459,40723.6
1779704400,0.2458,0.2458,0.2457,0.2458,181777.5
1779704460,0.2457,0.2457,0.2456,0.2457,4658.1
1779704520,0.2456,0.2458,0.2456,0.2458,162164.1
1779704580,0.2458,0.2459,0.2458,0.2458,25358.3
1779704640,0.2458,0.2459,0.2458,0.2458,575.3
1779704700,0.2458,0.2459,0.2458,0.2458,66663.9
1779704760,0.2458,0.2458,0.2456,0.2457,8658
1779704820,0.2457,0.2458,0.2456,0.2458,115762.3
1779704880,0.2457,0.2458,0.2457,0.2458,2255.3
1779704940,0.2458,0.2458,0.2458,0.2458,106.6
1779705000,0.2457,0.2458,0.2457,0.2458,7124.6
1779705060,0.2457,0.2457,0.2456,0.2457,4962.1
1779705120,0.2456,0.2458,0.2456,0.2458,93189.3
1779705180,0.2458,0.246,0.2458,0.246,46272.3
1779705240,0.2459,0.2459,0.2458,0.2458,41226.5
1779705300,0.2459,0.2459,0.2459,0.2459,2896.9
1779705360,0.246,0.2461,0.246,0.2461,161988.5
1779705420,0.2461,0.2461,0.2459,0.246,301229.5
1779705480,0.2459,0.246,0.2458,0.2458,65752.7
1779705540,0.2458,0.2458,0.2457,0.2457,63114.9
1779705600,0.2458,0.2458,0.2457,0.2458,3402
1779705660,0.2458,0.2458,0.2457,0.2457,255.1
1779705720,0.2458,0.2458,0.2457,0.2458,18968.7
1779705780,0.2457,0.2457,0.2456,0.2457,46433.6
1779705840,0.2457,0.2457,0.2456,0.2456,5440.2
1779705900,0.2456,0.2458,0.2456,0.2458,93995.5
1779705960,0.2458,0.2459,0.2458,0.2459,51152.6
1779706020,0.2459,0.2459,0.2458,0.2458,9675.3
1779706080,0.2459,0.2459,0.2458,0.2459,24916
1779706140,0.2459,0.2459,0.2458,0.2459,7035.6
1779706200,0.2459,0.2459,0.2458,0.2458,4777.6
1779706260,0.2459,0.2459,0.2457,0.2457,7301
1779706320,0.2457,0.2457,0.2457,0.2457,3088.2
1779706380,0.2458,0.2459,0.2458,0.2459,38602.3
1779706440,0.2458,0.2458,0.2458,0.2458,2803.8
1779706500,0.2458,0.2458,0.2458,0.2458,543.2
1779706560,0.2459,0.2459,0.2458,0.2459,23779.7
1779706620,0.2459,0.2459,0.2458,0.2459,1945.4
1779706680,0.2459,0.246,0.2459,0.246,43819.4
1779706740,0.246,0.246,0.2459,0.246,5437.6
1779706800,0.246,0.2461,0.2457,0.2458,647499.8
1779706860,0.2457,0.2458,0.2457,0.2457,3366.6
1779706920,0.2458,0.2458,0.2457,0.2457,36938.9
1779706980,0.2457,0.2459,0.2457,0.2457,81896.4
1779707040,0.2458,0.2459,0.2457,0.2459,1688.2
1779707100,0.2458,0.2458,0.2456,0.2457,16228.7
1779707160,0.2456,0.2457,0.2454,0.2454,45757.1
1779707220,0.2454,0.2458,0.2454,0.2458,261338.1
1779707280,0.2459,0.2459,0.2458,0.2458,1426.6
1779707340,0.2458,0.2459,0.2457,0.2459,55535.7
1779707400,0.2459,0.2459,0.2458,0.2458,26796.9
1779707460,0.2458,0.2458,0.2457,0.2458,8638.5
1779707520,0.2457,0.2458,0.2457,0.2458,17425.3
1779707580,0.2457,0.2458,0.2457,0.2457,16630.9
1779707640,0.2456,0.2457,0.2456,0.2456,207.9
1779707700,0.2457,0.2457,0.2456,0.2456,40185.9
1779707760,0.2457,0.2458,0.2457,0.2457,3560.5
1779707820,0.2457,0.2458,0.2456,0.2457,17615.4
1779707880,0.2456,0.2457,0.2456,0.2456,1933.3
1779707940,0.2456,0.2456,0.2455,0.2455,8803.7
1779708000,0.2456,0.2457,0.2456,0.2457,17134.8
1779708060,0.2457,0.2457,0.2456,0.2457,97.5
1779708120,0.2457,0.2458,0.2457,0.2457,77505.5
1779708180,0.2456,0.2457,0.2456,0.2456,9876.4
1779708240,0.2457,0.2457,0.2457,0.2457,37.4
1779708300,0.2457,0.2457,0.2456,0.2457,1139.8
1779708360,0.2457,0.2457,0.2456,0.2456,543.6
1779708420,0.2456,0.2456,0.2456,0.2456,5913.6
1779708480,0.2456,0.2456,0.2455,0.2455,11733.9
1779708540,0.2455,0.2455,0.2454,0.2455,8405.8
1779708600,0.2454,0.2455,0.2454,0.2455,46738.8
1779708660,0.2455,0.2455,0.2454,0.2454,1005.9
1779708720,0.2454,0.2455,0.2454,0.2455,9400.5
1779708780,0.2455,0.2456,0.2455,0.2455,62195.2
1779708840,0.2456,0.2456,0.2455,0.2456,2999.4
1779708900,0.2455,0.2455,0.2453,0.2453,31302.1
1779708960,0.2454,0.2456,0.2454,0.2456,6539.9
1779709020,0.2456,0.2456,0.2455,0.2456,5505.8
1779709080,0.2455,0.2455,0.2455,0.2455,8325.2
1779709140,0.2456,0.2456,0.2455,0.2455,1124.2
1779709200,0.2455,0.2455,0.2453,0.2453,56362.9
1779709260,0.2454,0.2455,0.2454,0.2455,2033.5
1779709320,0.2454,0.2454,0.2453,0.2453,1430.1
1779709380,0.2454,0.2454,0.2451,0.2452,3236.8
1779709440,0.2452,0.2452,0.2451,0.2451,10443.5
1779709500,0.2452,0.2455,0.2452,0.2452,455137
1779709560,0.2453,0.2453,0.2452,0.2452,332.4
1779709620,0.2453,0.2453,0.2451,0.2451,13810.8
1779709680,0.2451,0.2452,0.2451,0.2451,1054.5
1779709740,0.2451,0.2452,0.2451,0.2451,4822.6
1779709800,0.2452,0.2452,0.2451,0.2451,7119.7
1779709860,0.2451,0.2451,0.245,0.245,2720
1779709920,0.245,0.245,0.2449,0.2449,64623.8
1779709980,0.2449,0.2449,0.2449,0.2449,4013.9
1779710040,0.245,0.245,0.2449,0.2449,19784.5
1779710100,0.2449,0.245,0.2449,0.2449,5819.2
1779710160,0.245,0.245,0.2449,0.2449,35767
1779710220,0.2449,0.2449,0.2447,0.2447,6033.8
1779710280,0.2448,0.2449,0.2447,0.2449,143985.9
1779710340,0.2448,0.2449,0.2448,0.2449,52801.8
1779710400,0.245,0.2451,0.2449,0.2451,257713.1
1779710460,0.245,0.245,0.2446,0.2448,75320.7
1779710520,0.2448,0.2448,0.2445,0.2445,114486.9
1779710580,0.2446,0.2446,0.2444,0.2444,35833.2
1779710640,0.2445,0.2447,0.2445,0.2446,108754.8
1779710700,0.2446,0.2446,0.2445,0.2446,30712.5
1779710760,0.2446,0.2447,0.2446,0.2446,4280.2
1779710820,0.2446,0.2447,0.2446,0.2446,13175.2
1779710880,0.2445,0.2447,0.2445,0.2447,31671.3
1779710940,0.2447,0.2448,0.2447,0.2447,7545.7
1779711000,0.2447,0.2447,0.2446,0.2447,20293
1779711060,0.2446,0.2447,0.2446,0.2447,3377.9
1779711120,0.2448,0.2448,0.2448,0.2448,212.1
1779711180,0.2449,0.245,0.2447,0.2449,24012.7
1779711240,0.2449,0.2449,0.2448,0.2449,14180.4
1779711300,0.2449,0.2451,0.2448,0.245,76314.8
1779711360,0.245,0.2451,0.245,0.2451,24479.9
1779711420,0.2451,0.2451,0.2448,0.2449,64983.9
1779711480,0.2449,0.2449,0.2447,0.2447,23245.7
1779711540,0.2448,0.2449,0.2447,0.2449,54999.2
1779711600,0.2448,0.2449,0.2448,0.2448,3355.8
1779711660,0.2449,0.2449,0.2447,0.2447,8853.9
1779711720,0.2448,0.2448,0.2444,0.2444,8503.2
1779711780,0.2445,0.2449,0.2445,0.2448,263612.2
1779711840,0.2448,0.2448,0.2447,0.2447,14128.4
1779711900,0.2448,0.245,0.2448,0.2449,53174
1779711960,0.2449,0.2449,0.2447,0.2448,44576.9
1779712020,0.2448,0.2448,0.2448,0.2448,46.9
1779712080,0.2449,0.2449,0.2448,0.2449,3232.8
1779712140,0.2449,0.245,0.2448,0.245,24662.9
1779712200,0.245,0.2452,0.245,0.2451,3085.2
1779712260,0.2452,0.2453,0.2452,0.2452,66659.4
1779712320,0.2453,0.2455,0.2453,0.2454,14767.3
1779712380,0.2454,0.2454,0.2453,0.2453,124832.1
1779712440,0.2452,0.2452,0.2451,0.2451,647.1
1779712500,0.2452,0.2453,0.2452,0.2453,55132.5
1779712560,0.2453,0.2453,0.2452,0.2453,7221.4
1779712620,0.2454,0.2454,0.2453,0.2453,17214.7
1779712680,0.2453,0.2453,0.2449,0.245,43511.3
1779712740,0.2451,0.2451,0.245,0.2451,1257.9
1779712800,0.2451,0.2451,0.2451,0.2451,1368.7
1779712860,0.2451,0.2451,0.2449,0.2449,35403.8
1779712920,0.2449,0.245,0.2449,0.245,2570.1
1779712980,0.2449,0.2451,0.2449,0.245,23472.1
1779713040,0.245,0.2451,0.245,0.2451,11796.1
1779713100,0.2451,0.2451,0.2447,0.2447,224227.4
1779713160,0.2448,0.2448,0.2447,0.2447,45556.4
1779713220,0.2446,0.2447,0.2446,0.2446,91166
1779713280,0.2446,0.2447,0.2446,0.2447,3869
1779713340,0.2447,0.2448,0.2447,0.2447,2251.2
1779713400,0.2447,0.2448,0.2447,0.2448,10030.5
1779713460,0.2447,0.2448,0.2447,0.2448,530.8
1779713520,0.2448,0.2448,0.2447,0.2447,2049.6
1779713580,0.2448,0.2448,0.2447,0.2447,521.6
1779713640,0.2448,0.245,0.2448,0.2449,84267.5
1779713700,0.245,0.2451,0.245,0.245,26694.5
1779713760,0.245,0.245,0.2449,0.245,32729.4
1779713820,0.2451,0.2451,0.2449,0.2449,4978.4
1779713880,0.2449,0.2449,0.2448,0.2449,3063.5
1779713940,0.2448,0.2448,0.2446,0.2446,11170.1
1779714000,0.2446,0.2447,0.2445,0.2446,6399
1779714060,0.2447,0.2448,0.2447,0.2448,42125.1
1779714120,0.2448,0.2448,0.2447,0.2447,5184.2
1779714180,0.2447,0.2448,0.2447,0.2447,60334.3
1779714240,0.2448,0.2449,0.2447,0.2448,21191.2
1779714300,0.2448,0.2448,0.2447,0.2447,17389.4
1779714360,0.2448,0.245,0.2448,0.2448,34379.9
1779714420,0.2449,0.2449,0.2448,0.2449,759
1779714480,0.2448,0.245,0.2448,0.2449,3857.2
1779714540,0.2449,0.2449,0.2448,0.2448,9392.7
1779714600,0.2449,0.2449,0.2448,0.2448,2569.9
1779714660,0.2448,0.2449,0.2447,0.2447,14441.6
1779714720,0.2447,0.2447,0.2445,0.2445,5768.6
1779714780,0.2445,0.2446,0.2444,0.2445,11533.1
1779714840,0.2445,0.2446,0.2445,0.2445,2522.4
1779714900,0.2446,0.2447,0.2446,0.2446,15665.9
1779714960,0.2446,0.2448,0.2446,0.2448,9580.2
1779715020,0.2447,0.2448,0.2447,0.2447,6407.4
1779715080,0.2447,0.2447,0.2446,0.2446,39613
1779715140,0.2446,0.2446,0.2445,0.2445,738.5
1779715200,0.2446,0.2447,0.2445,0.2446,19407
1779715260,0.2447,0.2447,0.2447,0.2447,5810.1
1779715320,0.2447,0.2447,0.2447,0.2447,6476.5
1779715380,0.2447,0.2447,0.2446,0.2446,3117.7
1779715440,0.2446,0.2448,0.2446,0.2448,13226
1779715500,0.2448,0.2448,0.2446,0.2447,7737
1779715560,0.2447,0.245,0.2447,0.2449,64345
1779715620,0.2448,0.2448,0.2448,0.2448,4011.7
1779715680,0.2447,0.2448,0.2447,0.2447,1808.1
1779715740,0.2447,0.2448,0.2447,0.2448,13246.6
1779715800,0.2448,0.2449,0.2447,0.2447,50940.7
1779715860,0.2448,0.2449,0.2448,0.2449,11141.4
1779715920,0.2449,0.2449,0.2449,0.2449,443.2
1779715980,0.2449,0.2449,0.2448,0.2449,5232.8
1779716040,0.2448,0.2449,0.2448,0.2448,6492.4
1779716100,0.2449,0.2449,0.2448,0.2449,24780.8
1779716160,0.2449,0.2449,0.2448,0.2448,671.4
1779716220,0.2449,0.245,0.2449,0.245,1604.2
1779716280,0.2449,0.2449,0.2448,0.2448,20964.5
1779716340,0.2448,0.2449,0.2448,0.2449,55453.6
1779716400,0.2449,0.2451,0.2449,0.2451,53861
1779716460,0.2451,0.2451,0.245,0.245,178.1
1779716520,0.2451,0.2452,0.2451,0.2451,7894.3
1779716580,0.2451,0.2452,0.2451,0.2451,2953.4
1779716640,0.2452,0.2452,0.245,0.2451,9686.5
1779716700,0.2451,0.2451,0.245,0.2451,4527.9
1779716760,0.2451,0.2452,0.2451,0.2452,45886.3
1779716820,0.2451,0.2452,0.2451,0.2452,2582.9
1779716880,0.2452,0.2453,0.2451,0.2453,38123.3
1779716940,0.2452,0.2454,0.2452,0.2454,128616
1779717000,0.2454,0.2455,0.2454,0.2455,784.5
1779717060,0.2454,0.2454,0.2452,0.2452,69421.8
1779717120,0.2452,0.2452,0.2451,0.2452,4486.3
1779717180,0.2452,0.2453,0.2452,0.2452,5560.8
1779717240,0.2452,0.2454,0.2452,0.2453,15937.6
1779717300,0.2454,0.2456,0.2453,0.2455,299716.8
1779717360,0.2455,0.2456,0.2453,0.2453,92374.3
1779717420,0.2453,0.2453,0.2452,0.2453,11456.4
1779717480,0.2452,0.2453,0.2452,0.2452,1517.5
1779717540,0.2452,0.2453,0.2452,0.2453,6581.1
1779717600,0.2453,0.2454,0.2453,0.2453,37706
1779717660,0.2454,0.2455,0.2454,0.2454,10053.2
1779717720,0.2455,0.2455,0.2454,0.2454,9218.7
1779717780,0.2454,0.2456,0.2454,0.2455,47896.3
1779717840,0.2456,0.2459,0.2455,0.2459,29953.4
1779717900,0.2458,0.246,0.2457,0.2459,8844.6
1779717960,0.2459,0.2459,0.2455,0.2456,69663.9
1779718020,0.2455,0.2456,0.2455,0.2456,44855
1779718080,0.2455,0.2455,0.2455,0.2455,9750.7
1779718140,0.2455,0.2457,0.2455,0.2457,114327.3
1779718200,0.2457,0.2458,0.2457,0.2458,13657.1
1779718260,0.2459,0.2459,0.2456,0.2456,47536.6
1779718320,0.2457,0.2458,0.2457,0.2457,16800.5
1779718380,0.2458,0.2458,0.2457,0.2457,8769.7
1779718440,0.2458,0.2458,0.2457,0.2457,62664.7
1779718500,0.2457,0.2458,0.2457,0.2458,16174.3
1779718560,0.2457,0.2458,0.2456,0.2457,60525.7
1779718620,0.2458,0.246,0.2458,0.246,50851.9
1779718680,0.246,0.246,0.2457,0.2458,107134.1
1779718740,0.2458,0.246,0.2458,0.2459,11318.9
1779718800,0.2459,0.2459,0.2459,0.2459,41849
1779718860,0.2458,0.2459,0.2458,0.2459,3891
1779718920,0.2458,0.2459,0.2458,0.2459,6081.3
1779718980,0.2458,0.2458,0.2458,0.2458,5943.4
1779719040,0.2458,0.2461,0.2458,0.2461,411273.9
1779719100,0.2461,0.2461,0.246,0.246,134861.4
1779719160,0.2459,0.246,0.2458,0.2459,171662.5
1779719220,0.246,0.2462,0.246,0.2462,53343.9
1779719280,0.2461,0.2462,0.246,0.246,97348.2
1779719340,0.246,0.2462,0.246,0.2461,57635.5
1779719400,0.2461,0.2461,0.2459,0.2459,103147.7
1779719460,0.246,0.2461,0.2458,0.2458,27784.3
1779719520,0.2459,0.2459,0.2457,0.2458,89579.1
1779719580,0.2458,0.2459,0.2457,0.2457,47960.8
1779719640,0.2458,0.2458,0.2457,0.2457,6003
1779719700,0.2458,0.2459,0.2457,0.2458,35893.1
1779719760,0.2457,0.2459,0.2457,0.2458,33540.6
1779719820,0.2458,0.246,0.2458,0.2458,727262.6
1779719880,0.2457,0.2458,0.2457,0.2457,1865.6
1779719940,0.2457,0.2458,0.2457,0.2457,20238.6
1779720000,0.2457,0.2459,0.2457,0.2457,29865.8
1779720060,0.2458,0.2459,0.2458,0.2458,35052.2
1779720120,0.2459,0.246,0.2459,0.246,5625.8
1779720180,0.2459,0.2461,0.2458,0.2458,74645.6
1779720240,0.2458,0.246,0.2458,0.246,16914.8
1779720300,0.246,0.2461,0.246,0.2461,12851.8
1779720360,0.246,0.2469,0.246,0.2468,131936.2
1779720420,0.2468,0.247,0.2467,0.2468,155466.3
1779720480,0.2468,0.2469,0.2466,0.2467,31433.2
1779720540,0.2466,0.2467,0.2465,0.2466,27033.2
1779720600,0.2465,0.2466,0.2465,0.2465,42568.3
1779720660,0.2464,0.2465,0.2464,0.2464,17117.2
1779720720,0.2464,0.2464,0.2463,0.2464,136378.3
1779720780,0.2464,0.2466,0.2463,0.2463,629342.3
1779720840,0.2463,0.2464,0.2463,0.2463,23022
1779720900,0.2463,0.2464,0.2462,0.2464,53592.5
1779720960,0.2463,0.2463,0.2462,0.2462,27294.2
1779721020,0.2463,0.2463,0.2462,0.2462,30051.5
1779721080,0.2462,0.2463,0.2462,0.2462,2144
1779721140,0.2463,0.2463,0.2462,0.2462,38133.6
1779721200,0.2461,0.2463,0.2461,0.2463,60684.7
1779721260,0.2462,0.2463,0.2462,0.2463,2129.8
1779721320,0.2463,0.2463,0.2461,0.2461,37462.6
1779721380,0.2462,0.2462,0.2461,0.2461,13934.1
1779721440,0.246,0.2462,0.2459,0.2462,61544.7
1779721500,0.2462,0.2463,0.2462,0.2463,96481.4
1779721560,0.2463,0.2463,0.2462,0.2463,11243.3
1779721620,0.2464,0.2464,0.2463,0.2463,67297.6
1779721680,0.2462,0.2463,0.2462,0.2463,17828.1
1779721740,0.2462,0.2464,0.2462,0.2464,2882.2
1779721800,0.2464,0.247,0.2464,0.2469,196872.1
1779721860,0.2469,0.2473,0.2468,0.2472,139480.2
1779721920,0.2471,0.2472,0.2468,0.2468,101833.8
1779721980,0.2469,0.2469,0.2466,0.2466,66306.3
1779722040,0.2467,0.2467,0.2464,0.2464,41598.4
1779722100,0.2463,0.2464,0.2461,0.2463,24516.3
1779722160,0.2463,0.2463,0.2459,0.2459,35274
1779722220,0.246,0.2461,0.246,0.246,2630.8
1779722280,0.2461,0.2461,0.246,0.246,2233.5
1779722340,0.2461,0.2461,0.2461,0.2461,3639.4
1779722400,0.246,0.2461,0.2458,0.2458,287801.4
1779722460,0.2458,0.2459,0.2457,0.2457,180125.4
1779722520,0.2456,0.2456,0.2454,0.2455,16187.8
1779722580,0.2455,0.2456,0.2454,0.2456,332251.2
1779722640,0.2457,0.2458,0.2457,0.2457,35307.1
1779722700,0.2458,0.2462,0.2458,0.2462,117155.7
1779722760,0.2462,0.2463,0.246,0.2461,3066.9
1779722820,0.2461,0.2461,0.2459,0.2459,43790
1779722880,0.2459,0.246,0.2459,0.246,380.9
1779722940,0.246,0.246,0.2458,0.2459,761.9
1779723000,0.2459,0.2459,0.2456,0.2456,47668.4
1779723060,0.2457,0.2457,0.2456,0.2457,215247.5
1779723120,0.2456,0.2457,0.2456,0.2456,22934.2
1779723180,0.2457,0.2458,0.2457,0.2458,168004.6
1779723240,0.2458,0.2461,0.2458,0.246,46500
1779723300,0.2459,0.2462,0.2459,0.2461,63708.4
1779723360,0.2461,0.2461,0.246,0.2461,1623.5
1779723420,0.246,0.2461,0.246,0.246,20685.5
1779723480,0.2461,0.2462,0.2461,0.2462,75729.3
1779723540,0.2461,0.2461,0.2461,0.2461,5000
1779723600,0.2446,0.2446,0.2446,0.2446,2
1779723660,0.2445,0.2445,0.2443,0.2443,10
1779723720,0.2443,0.2443,0.2443,0.2443,2
1779723840,0.2444,0.2444,0.2443,0.2443,4
1779724020,0.2443,0.2444,0.2443,0.2443,4
1779724080,0.2442,0.2442,0.244,0.244,6
1779724140,0.2441,0.2441,0.2441,0.2441,2
1779724200,0.244,0.244,0.2438,0.2438,6
1779724260,0.2439,0.244,0.2439,0.244,4
1779724320,0.2441,0.2441,0.2441,0.2441,2
1779724380,0.244,0.2441,0.244,0.2441,4
1779724500,0.2442,0.2443,0.2442,0.2443,4
1779724560,0.2444,0.2445,0.2444,0.2444,6
1779724680,0.2445,0.2445,0.2445,0.2445,2
1779724740,0.2444,0.2444,0.2444,0.2444,2
1779724800,0.2445,0.2446,0.2445,0.2445,6
1779724860,0.2444,0.2444,0.2444,0.2444,2
1779725160,0.2445,0.2445,0.2445,0.2445,2
1779725280,0.2446,0.2446,0.2445,0.2445,4
1779725340,0.2444,0.2444,0.2444,0.2444,2
1779725460,0.2445,0.2445,0.2445,0.2445,2
1779725580,0.2444,0.2444,0.2443,0.2443,4
1779725640,0.2442,0.2442,0.2442,0.2442,2
1779725700,0.2443,0.2444,0.2442,0.2444,8
1779725760,0.2443,0.2444,0.2443,0.2443,6
1779725940,0.2442,0.2443,0.2442,0.2443,4
1779726000,0.2444,0.2444,0.2444,0.2444,2
1779726120,0.2445,0.2445,0.2445,0.2445,2
1779726180,0.2446,0.2448,0.2446,0.2447,10
1779726240,0.2446,0.2446,0.2446,0.2446,2
1779726300,0.2445,0.2446,0.2445,0.2446,4
1779726360,0.2445,0.2445,0.2445,0.2445,2
1779726540,0.2444,0.2446,0.2444,0.2446,6
1779726600,0.2445,0.2445,0.2445,0.2445,2
1779726720,0.2446,0.2447,0.2446,0.2447,4
1779726840,0.2448,0.2448,0.2447,0.2447,8
1779726900,0.2448,0.2448,0.2448,0.2448,2
1779726960,0.2449,0.2452,0.2449,0.2452,8
1779727020,0.2453,0.2453,0.2452,0.2452,8
1779727200,0.2453,0.2453,0.2453,0.2453,2
1779727260,0.2452,0.2454,0.2452,0.2454,6
1779727320,0.2455,0.2455,0.2455,0.2455,2
1779727380,0.2454,0.2454,0.2454,0.2454,2
1779727440,0.2455,0.2457,0.2455,0.2457,6
1779727500,0.2456,0.246,0.2456,0.2459,12
1779727560,0.246,0.2462,0.2459,0.2461,10
1779727620,0.2462,0.2462,0.2462,0.2462,2
1779727680,0.2461,0.2461,0.246,0.246,4
1779727740,0.2461,0.2462,0.2461,0.2462,4
1779727800,0.2461,0.2462,0.2459,0.2459,18
1779727860,0.2458,0.2458,0.2458,0.2458,2
1779727980,0.2457,0.2457,0.2456,0.2457,6
1779728040,0.2458,0.2458,0.2457,0.2457,4
1779728160,0.2458,0.2459,0.2458,0.2459,4
1779728220,0.2458,0.2459,0.2458,0.2459,4
1779728280,0.2458,0.2458,0.2458,0.2458,2
1779728340,0.2459,0.246,0.2459,0.2459,6
1779728400,0.2461,0.2462,0.2461,0.2461,6
1779728460,0.246,0.2461,0.246,0.2461,4
1779728520,0.246,0.246,0.2458,0.2459,8
1779728580,0.2458,0.2458,0.2457,0.2457,4
1779728640,0.2456,0.2456,0.2456,0.2456,2
1779728820,0.2455,0.2456,0.2454,0.2454,8
1779728880,0.2455,0.2457,0.2455,0.2457,6
1779729000,0.2456,0.2456,0.2455,0.2455,4
1779729180,0.2454,0.2454,0.2454,0.2454,2
1779729240,0.2455,0.2455,0.2455,0.2455,2
1779729300,0.2454,0.2454,0.2451,0.2451,12
1779729360,0.2452,0.2453,0.2451,0.2453,8
1779729420,0.2452,0.2453,0.2452,0.2453,4
1779729480,0.2452,0.2453,0.2452,0.2453,4
1779729540,0.2454,0.2454,0.2454,0.2454,2
1779729600,0.2453,0.2453,0.2453,0.2453,2
1779729660,0.2452,0.2452,0.2452,0.2452,2
1779729720,0.2453,0.2453,0.2453,0.2453,2
1779729780,0.2454,0.2454,0.2454,0.2454,2
1779729840,0.2453,0.2453,0.2453,0.2453,2
1779729900,0.2454,0.2454,0.2454,0.2454,2
1779730140,0.2455,0.2455,0.2455,0.2455,2
1779730200,0.2456,0.2456,0.2454,0.2454,6
1779730320,0.2453,0.2453,0.2452,0.2452,4
1779730380,0.2451,0.2451,0.245,0.2451,6
1779730440,0.245,0.2451,0.245,0.2451,4
1779730500,0.245,0.2451,0.245,0.2451,4
1779730560,0.245,0.245,0.245,0.245,2
1779730620,0.2449,0.2449,0.2449,0.2449,2
1779730680,0.245,0.2451,0.245,0.2451,4
1779730920,0.245,0.245,0.245,0.245,2
1779731160,0.2451,0.2451,0.2451,0.2451,2
1779731580,0.2449,0.2449,0.2449,0.2449,2
1779731640,0.2448,0.2448,0.2448,0.2448,2
1779731760,0.2448,0.2448,0.2447,0.2447,4
1779731820,0.2448,0.2448,0.2448,0.2448,2
1779731880,0.2449,0.2449,0.2449,0.2449,2
1779732000,0.245,0.245,0.245,0.245,2
1779732060,0.245,0.245,0.245,0.245,2
1779732120,0.2453,0.2453,0.2453,0.2453,2
1779732180,0.2454,0.2454,0.2453,0.2453,4
1779732240,0.2454,0.2454,0.2454,0.2454,2
1779732300,0.2455,0.2455,0.2454,0.2454,4
1779732360,0.2455,0.2455,0.2455,0.2455,2
1779733260,0.2455,0.2455,0.2455,0.2455,2
1779733320,0.2454,0.2454,0.2453,0.2454,6
1779733380,0.2453,0.2454,0.2453,0.2454,4
1779733440,0.2455,0.2455,0.2454,0.2454,4
1779733500,0.2455,0.2455,0.2455,0.2455,2
1779733560,0.2454,0.2454,0.2454,0.2454,2
1779733620,0.2456,0.2456,0.2456,0.2456,2
1779733800,0.2455,0.2455,0.2455,0.2455,2
1779733860,0.2454,0.2455,0.2454,0.2454,6
1779733920,0.2454,0.2454,0.2454,0.2454,2
1779733980,0.2452,0.2452,0.2452,0.2452,2
1779734040,0.2453,0.2453,0.2453,0.2453,2
1779734160,0.2452,0.2453,0.2452,0.2453,4
1779734340,0.2451,0.2451,0.2451,0.2451,2
1779734400,0.2452,0.2452,0.2452,0.2452,2
1779734640,0.2452,0.2452,0.2452,0.2452,2
1779734820,0.2453,0.2453,0.2453,0.2453,2
1779734940,0.2451,0.2451,0.2451,0.2451,2
1779735060,0.2452,0.2452,0.2452,0.2452,2
1779735120,0.2451,0.2451,0.245,0.245,4
1779735180,0.2449,0.2449,0.2449,0.2449,2
1779735420,0.2448,0.2448,0.2448,0.2448,2
1779735480,0.2447,0.2447,0.2447,0.2447,2
1779735540,0.2448,0.2448,0.2448,0.2448,2
1779735600,0.2447,0.2447,0.2447,0.2447,2
1779735660,0.2445,0.2445,0.2445,0.2445,2
1779735720,0.2443,0.2445,0.2442,0.2445,14
1779735780,0.2446,0.2446,0.2444,0.2444,6
1779735900,0.2445,0.2445,0.2444,0.2444,4
1779736020,0.2446,0.2446,0.2446,0.2446,2
1779736200,0.2443,0.2443,0.2443,0.2443,2
1779736260,0.2444,0.2444,0.2444,0.2444,2
1779736380,0.2445,0.2445,0.2445,0.2445,2
1779736500,0.2444,0.2444,0.2444,0.2444,2
1779736560,0.2445,0.2445,0.2445,0.2445,2
1779736620,0.2444,0.2444,0.2444,0.2444,2
1779736680,0.2443,0.2443,0.2443,0.2443,2
1779736920,0.2444,0.2444,0.2444,0.2444,2
1779737040,0.2445,0.2445,0.2445,0.2445,2
1779737160,0.2446,0.2446,0.2446,0.2446,2
1779737220,0.2446,0.2446,0.2446,0.2446,2
1779737400,0.2447,0.2447,0.2446,0.2446,4
1779737460,0.2444,0.2444,0.2444,0.2444,2
1779737580,0.2443,0.2443,0.2443,0.2443,2
1779737640,0.2443,0.2443,0.2443,0.2443,2
1779737700,0.2441,0.2441,0.2441,0.2441,2
1779737760,0.244,0.244,0.244,0.244,2
1779737820,0.244,0.244,0.2439,0.2439,4
1779737880,0.2439,0.2439,0.2439,0.2439,2
1779737940,0.2438,0.2438,0.2438,0.2438,2
1779738000,0.2436,0.2436,0.2436,0.2436,2
1779738060,0.2435,0.2436,0.2435,0.2436,4
1779738180,0.2438,0.2438,0.2438,0.2438,2
1779738300,0.2439,0.2439,0.2437,0.2437,10
1779738360,0.2436,0.2436,0.2436,0.2436,2
1779738540,0.2437,0.2437,0.2437,0.2437,2
1779738600,0.2438,0.2438,0.2438,0.2438,2
1779738840,0.2437,0.2437,0.2437,0.2437,2
1779738900,0.2438,0.2438,0.2438,0.2438,2
1779739140,0.2439,0.2439,0.2439,0.2439,2
1779739200,0.2438,0.2438,0.2437,0.2438,6
1779739260,0.2439,0.2439,0.2438,0.2439,6
1779739320,0.244,0.244,0.244,0.244,2
1779739440,0.2441,0.2441,0.2441,0.2441,2
1779739620,0.2442,0.2442,0.2442,0.2442,2
1779739680,0.2441,0.2441,0.2441,0.2441,2
1779739740,0.2443,0.2443,0.2443,0.2443,2
1779739800,0.2442,0.2442,0.2442,0.2442,2
1779739980,0.2443,0.2443,0.2443,0.2443,2
1779740100,0.2443,0.2443,0.2443,0.2443,2
1779740160,0.2444,0.2444,0.2443,0.2443,8
1779740280,0.2443,0.2443,0.2443,0.2443,2
1779740340,0.2445,0.2445,0.2445,0.2445,2
1779740400,0.2444,0.2444,0.2444,0.2444,2
1779740460,0.2442,0.2442,0.2442,0.2442,2
1779740580,0.2441,0.2441,0.2441,0.2441,2
1779740700,0.2442,0.2442,0.2441,0.2441,4
1779740760,0.244,0.244,0.244,0.244,2
1779740820,0.244,0.244,0.244,0.244,2
1779740880,0.2439,0.2439,0.2439,0.2439,2
1779740940,0.2438,0.2438,0.2438,0.2438,2
1779741000,0.2439,0.2439,0.2439,0.2439,2
1779741060,0.2437,0.2437,0.2437,0.2437,2
1779741120,0.2438,0.2438,0.2438,0.2438,2
1779741180,0.2439,0.2439,0.2437,0.2437,4
1779741240,0.2436,0.2437,0.2435,0.2437,6
1779741300,0.2433,0.2434,0.2433,0.2434,4
1779741360,0.2433,0.2433,0.2432,0.2433,6
1779741420,0.2433,0.2433,0.2432,0.2433,6
1779741540,0.2432,0.2433,0.2432,0.2433,4
1779741600,0.2432,0.2432,0.243,0.2431,8
1779741660,0.243,0.2431,0.243,0.243,6
1779741720,0.2429,0.2429,0.2425,0.2426,16
1779741780,0.2428,0.2428,0.2427,0.2427,4
1779741900,0.2429,0.2429,0.2426,0.2427,10
1779741960,0.243,0.243,0.243,0.243,2
1779742020,0.2429,0.243,0.2428,0.2429,10
1779742080,0.2429,0.2429,0.2429,0.2429,2
1779742140,0.2428,0.2429,0.2427,0.2427,8
1779742200,0.2428,0.2428,0.2428,0.2428,2
1779742380,0.2429,0.2429,0.2429,0.2429,2
1779742440,0.243,0.243,0.243,0.243,2
1779742500,0.2431,0.2431,0.2431,0.2431,2
1779742560,0.2431,0.2431,0.243,0.243,4
1779742620,0.2429,0.2429,0.2428,0.2428,4
1779743100,0.2434,0.2434,0.2432,0.2432,6
1779743340,0.2431,0.2431,0.2431,0.2431,2
1779743580,0.243,0.2432,0.2429,0.2432,10
1779743700,0.2431,0.2431,0.2431,0.2431,2
1779743760,0.243,0.243,0.243,0.243,2
1779743820,0.2429,0.2429,0.2429,0.2429,2
1779743880,0.2428,0.2428,0.2428,0.2428,2
1779743940,0.2429,0.2431,0.2429,0.2431,6
1779744000,0.2432,0.2432,0.2432,0.2432,2
1779744120,0.2431,0.2431,0.2431,0.2431,2
1779744240,0.243,0.2431,0.243,0.2431,4
1779744360,0.2431,0.2431,0.2431,0.2431,2
1779744480,0.2432,0.2433,0.2432,0.2433,4
1779744600,0.2434,0.2434,0.2434,0.2434,2
1779744660,0.2435,0.2435,0.2435,0.2435,2
1779744780,0.2435,0.2435,0.2435,0.2435,2
1779744900,0.2436,0.2436,0.2436,0.2436,2
1779744960,0.2435,0.2435,0.2434,0.2434,4
1779745020,0.2435,0.2435,0.2434,0.2434,4
1779745080,0.2432,0.2432,0.2432,0.2432,2
1779745140,0.2433,0.2433,0.2433,0.2433,2
1779745200,0.2434,0.2434,0.2434,0.2434,2
1779745260,0.2433,0.2434,0.2433,0.2434,4
1779745380,0.2433,0.2433,0.2433,0.2433,2
1779745440,0.2431,0.2431,0.243,0.243,4
1779745500,0.2429,0.2429,0.2429,0.2429,2
1779745620,0.243,0.243,0.243,0.243,2
1779745680,0.2431,0.2431,0.2431,0.2431,2
1779745740,0.2432,0.2432,0.2432,0.2432,2
1779745860,0.2433,0.2433,0.2433,0.2433,2
1779745980,0.2434,0.2434,0.2434,0.2434,2
1779746040,0.2432,0.2432,0.2432,0.2432,2
1779746100,0.2432,0.2432,0.2431,0.2431,4
1779746160,0.2432,0.2432,0.2432,0.2432,2
1779746220,0.2432,0.2432,0.2431,0.2431,4
1779746340,0.2432,0.2432,0.2431,0.2431,4
1779746400,0.243,0.243,0.2428,0.2428,8
1779746460,0.2428,0.2428,0.2428,0.2428,2
1779746520,0.243,0.243,0.2428,0.2428,6
1779746580,0.2426,0.2426,0.2426,0.2426,2
1779746640,0.2424,0.2424,0.2421,0.2422,10
1779746700,0.2425,0.2426,0.2425,0.2426,4
1779746760,0.2426,0.2426,0.2426,0.2426,2
1779746820,0.2425,0.2425,0.2425,0.2425,2
1779746880,0.2425,0.2425,0.2425,0.2425,2
1779746940,0.2425,0.2425,0.2425,0.2425,2
1779747000,0.2423,0.2424,0.2423,0.2424,4
1779747120,0.2428,0.2428,0.2427,0.2427,4
1779747180,0.2427,0.2427,0.2426,0.2426,4
1779747240,0.2426,0.2426,0.2426,0.2426,2
1779747360,0.2427,0.2427,0.2427,0.2427,2
1779747420,0.2426,0.2426,0.2426,0.2426,2
1779747480,0.2424,0.2424,0.2424,0.2424,2
1779747540,0.2424,0.2424,0.2423,0.2423,4
1779747600,0.2425,0.2425,0.2425,0.2425,2
1779747660,0.2425,0.2425,0.2425,0.2425,2
1779747720,0.2426,0.2427,0.2426,0.2427,4
1779747780,0.2426,0.2426,0.2426,0.2426,2
1779747900,0.2425,0.2425,0.2425,0.2425,2
1779747960,0.2426,0.2426,0.2425,0.2425,4
1779748020,0.2423,0.2423,0.2422,0.2423,6
1779748080,0.2421,0.2421,0.242,0.242,8
1779748140,0.2421,0.2421,0.2421,0.2421,2
1779748200,0.242,0.242,0.2417,0.2417,8
1779748260,0.2415,0.2416,0.2414,0.2415,10
1779748320,0.2412,0.2412,0.2411,0.2412,10
1779748380,0.2412,0.2412,0.241,0.241,12
1779748440,0.2411,0.2411,0.241,0.241,4
1779748500,0.2411,0.2411,0.2408,0.241,20
1779748560,0.2411,0.2411,0.2407,0.2408,12
1779748620,0.2411,0.2412,0.2411,0.2412,4
1779748680,0.2413,0.2413,0.2413,0.2413,2
1779748740,0.2414,0.2414,0.2414,0.2414,2
1779748800,0.2413,0.2413,0.2413,0.2413,2
1779748860,0.2414,0.2414,0.2413,0.2414,6
1779748920,0.2412,0.2412,0.2411,0.2411,4
1779748980,0.2412,0.2412,0.2412,0.2412,2
1779749100,0.2413,0.2413,0.2413,0.2413,2
1779749160,0.2414,0.2414,0.2414,0.2414,2
1779749220,0.2414,0.2415,0.2414,0.2415,4
1779749280,0.2414,0.2414,0.2414,0.2414,2
1779749340,0.2415,0.2416,0.2415,0.2416,4
1779749400,0.2417,0.2417,0.2417,0.2417,2
1779749460,0.2416,0.2416,0.2416,0.2416,2
1779749520,0.2417,0.2417,0.2416,0.2416,8
1779749580,0.2416,0.2416,0.2416,0.2416,2
1779749760,0.2415,0.2415,0.2415,0.2415,2
1779749820,0.2415,0.2415,0.2415,0.2415,2
1779749880,0.2415,0.2415,0.2414,0.2414,4
1779749940,0.2412,0.2413,0.2411,0.2411,8
1779750000,0.2409,0.241,0.2409,0.241,4
1779750060,0.2411,0.2411,0.2411,0.2411,2
1779750120,0.241,0.241,0.2408,0.2409,8
1779750180,0.2411,0.2411,0.2411,0.2411,2
1779750240,0.2411,0.2411,0.2411,0.2411,2
1779750300,0.2412,0.2413,0.2412,0.2413,4
1779750360,0.2412,0.2413,0.2412,0.2413,4
1779750420,0.2414,0.2414,0.2414,0.2414,2
1779750480,0.2414,0.2415,0.2414,0.2414,6
1779750540,0.2414,0.2414,0.2414,0.2414,2
1779750600,0.2412,0.2413,0.2412,0.2412,6
1779750720,0.2414,0.2414,0.2414,0.2414,2
1779750840,0.2415,0.2415,0.2415,0.2415,2
1779750900,0.2416,0.2416,0.2416,0.2416,2
1779750960,0.2416,0.2416,0.2416,0.2416,2
1779751080,0.2417,0.2417,0.2417,0.2417,2
1779751140,0.2416,0.2416,0.2416,0.2416,2
1779751200,0.2418,0.2418,0.2418,0.2418,2
1779751260,0.2417,0.2417,0.2416,0.2416,4
1779751320,0.2417,0.2417,0.2416,0.2416,4
1779751380,0.2416,0.2417,0.2416,0.2417,4
1779751500,0.2419,0.2419,0.2419,0.2419,2
1779751560,0.2421,0.2421,0.2421,0.2421,2
1779751620,0.2417,0.2418,0.2417,0.2418,8
1779751680,0.2419,0.2419,0.2419,0.2419,2
1779751800,0.242,0.242,0.242,0.242,2
1779751920,0.2422,0.2422,0.2422,0.2422,2
1779751980,0.2422,0.2423,0.2422,0.2423,4
1779752040,0.2422,0.2422,0.2422,0.2422,2
1779752100,0.2421,0.2421,0.2421,0.2421,2
1779752160,0.2422,0.2422,0.2422,0.2422,2
1779752220,0.2421,0.2421,0.2421,0.2421,2
1779752280,0.2422,0.2422,0.2422,0.2422,2
1779752340,0.2422,0.2422,0.2422,0.2422,2
1779752400,0.2421,0.2421,0.2421,0.2421,2
1779752460,0.2422,0.2422,0.2422,0.2422,2
1779752520,0.2424,0.2424,0.2424,0.2424,2
1779752580,0.2423,0.2423,0.2423,0.2423,2
1779752640,0.2422,0.2422,0.2422,0.2422,2
1779752700,0.2423,0.2423,0.2423,0.2423,2
1779752820,0.242,0.2421,0.242,0.2421,4
1779752880,0.242,0.242,0.242,0.242,2
1779752940,0.2421,0.2421,0.2421,0.2421,2
1779753000,0.242,0.242,0.242,0.242,2
1779753060,0.2421,0.2422,0.2421,0.2422,8
1779753180,0.2421,0.2422,0.2421,0.2422,4
1779753300,0.2421,0.2421,0.2421,0.2421,2
1779753360,0.242,0.242,0.242,0.242,2
1779753420,0.242,0.242,0.242,0.242,2
1779753600,0.2422,0.2422,0.242,0.242,6
1779753660,0.2421,0.2421,0.2421,0.2421,2
1779753720,0.2418,0.2419,0.2418,0.2418,6
1779753780,0.2418,0.242,0.2418,0.2419,8
1779753840,0.2418,0.2419,0.2418,0.2419,4
1779753900,0.2419,0.2419,0.2419,0.2419,2
1779753960,0.242,0.242,0.2418,0.2418,10
1779754020,0.242,0.242,0.2419,0.2419,4
1779754080,0.2418,0.2418,0.2418,0.2418,2
1779754140,0.2418,0.2418,0.2418,0.2418,2
1779754200,0.242,0.242,0.2419,0.2419,4
1779754260,0.2418,0.2418,0.2418,0.2418,2
1779754320,0.2419,0.2419,0.2419,0.2419,2
1779754380,0.242,0.242,0.2419,0.2419,4
1779754440,0.242,0.242,0.242,0.242,2
1779754500,0.2419,0.2419,0.2418,0.2419,6
1779754560,0.2418,0.2419,0.2418,0.2419,4
1779754620,0.242,0.242,0.242,0.242,2
1779754680,0.2419,0.2419,0.2419,0.2419,2
1779754740,0.2417,0.2418,0.2417,0.2418,4
1779754800,0.2418,0.2418,0.2418,0.2418,2
1779754920,0.2417,0.2417,0.2416,0.2416,4
1779754980,0.2415,0.2415,0.2415,0.2415,2
1779755040,0.2416,0.2416,0.2416,0.2416,2
1779755100,0.2415,0.2415,0.2414,0.2414,4
1779755160,0.2416,0.2416,0.2416,0.2416,2
1779755220,0.2417,0.2418,0.2417,0.2418,4
1779755280,0.2417,0.2417,0.2417,0.2417,2
1779755340,0.2416,0.2416,0.2415,0.2415,4
1779755400,0.2416,0.2417,0.2416,0.2417,4
1779755460,0.2418,0.2419,0.2417,0.2418,10
1779755520,0.2416,0.2416,0.2415,0.2415,4
1779755580,0.2415,0.2415,0.2415,0.2415,2
1779755640,0.2415,0.2415,0.2415,0.2415,2
1779755700,0.2414,0.2414,0.2414,0.2414,2
1779755760,0.2412,0.2412,0.2412,0.2412,2
1779755820,0.2413,0.2413,0.2411,0.2411,6
1779755880,0.2412,0.2412,0.2409,0.2409,8
1779755940,0.2409,0.2411,0.2409,0.2411,6
1779756000,0.2412,0.2412,0.2409,0.2409,6
1779756060,0.2408,0.2408,0.2407,0.2408,6
1779756120,0.2406,0.2406,0.2406,0.2406,2
1779756180,0.2407,0.2407,0.2407,0.2407,2
1779756240,0.2404,0.2404,0.2403,0.2404,6
1779756300,0.2406,0.2406,0.2404,0.2404,6
1779756360,0.2408,0.2408,0.2407,0.2407,4
1779756420,0.2406,0.2406,0.2406,0.2406,2
1779756480,0.2403,0.2403,0.2403,0.2403,2
1779756540,0.2404,0.2404,0.2404,0.2404,2
1779756600,0.2404,0.2404,0.2403,0.2403,4
1779756660,0.2401,0.2402,0.2401,0.2401,6
1779756720,0.2398,0.2399,0.2398,0.2398,10
1779756780,0.2395,0.2395,0.2391,0.2392,26
1779756840,0.2393,0.2399,0.2393,0.2399,22
1779756900,0.2399,0.2401,0.2399,0.2401,6
1779756960,0.2403,0.2403,0.2402,0.2403,6
1779757020,0.2404,0.2404,0.2403,0.2403,4
1779757080,0.2404,0.2404,0.2404,0.2404,2
1779757140,0.2404,0.2404,0.2404,0.2404,2
1779757200,0.2403,0.2403,0.2401,0.2401,10
1779757260,0.24,0.24,0.24,0.24,2
1779757320,0.2399,0.2399,0.2399,0.2399,2
1779757380,0.2397,0.2397,0.2395,0.2395,6
1779757440,0.2399,0.2399,0.2399,0.2399,2
1779757500,0.2397,0.2397,0.2396,0.2396,6
1779757560,0.2397,0.2399,0.2397,0.2399,6
1779757620,0.24,0.2401,0.2399,0.2399,8
1779757680,0.2398,0.2398,0.2398,0.2398,2
1779757740,0.2399,0.2399,0.2399,0.2399,2
1779757800,0.2396,0.2398,0.2396,0.2398,6
1779757860,0.2398,0.2399,0.2398,0.2398,6
1779757920,0.24,0.24,0.24,0.24,2
1779757980,0.2402,0.2404,0.2402,0.2404,6
1779758100,0.2401,0.2401,0.2401,0.2401,2
1779758160,0.2401,0.2402,0.2401,0.2402,4
1779758220,0.2401,0.2402,0.2401,0.2402,4
1779758280,0.2403,0.2403,0.2402,0.2402,4
1779758340,0.2403,0.2403,0.2403,0.2403,2
1779758400,0.24,0.2402,0.24,0.2401,8
1779758460,0.24,0.24,0.2399,0.2399,4
1779758520,0.2398,0.2398,0.2398,0.2398,2
1779758580,0.2398,0.2398,0.2398,0.2398,2
1779758640,0.2398,0.2398,0.2398,0.2398,2
1779758700,0.2397,0.2397,0.2396,0.2396,4
1779758760,0.2394,0.2394,0.2393,0.2393,4
1779758820,0.2393,0.2393,0.2393,0.2393,2
1779758880,0.2394,0.2394,0.2394,0.2394,2
1779759000,0.2394,0.2394,0.2391,0.2391,8
1779759060,0.2393,0.2393,0.2392,0.2392,4
1779759120,0.2391,0.2391,0.2388,0.2389,10
1779759180,0.2387,0.2387,0.2387,0.2387,2
1779759240,0.2384,0.2384,0.2383,0.2383,4
1779759300,0.2386,0.2386,0.2385,0.2385,8
1779759360,0.2389,0.2389,0.2389,0.2389,2
1779759420,0.2388,0.2388,0.2387,0.2387,4
1779759480,0.2388,0.2388,0.2388,0.2388,2
1779759540,0.2388,0.2389,0.2388,0.2389,4
1779759600,0.2387,0.2387,0.2386,0.2386,4
1779759660,0.2384,0.2386,0.2384,0.2384,14
1779759720,0.2387,0.2387,0.2387,0.2387,2
1779759780,0.2388,0.2388,0.2388,0.2388,2
1779759840,0.2387,0.2387,0.2384,0.2387,14
1779759900,0.2387,0.2387,0.2387,0.2387,2
1779759960,0.2388,0.2388,0.2387,0.2388,10
1779760020,0.2387,0.2388,0.2387,0.2388,4
1779760080,0.239,0.2391,0.2389,0.2389,8
1779760140,0.2389,0.2389,0.2388,0.2389,6
1779760200,0.2389,0.2389,0.2388,0.2388,4
1779760260,0.239,0.239,0.239,0.239,2
1779760320,0.2389,0.239,0.2389,0.239,4
1779760380,0.2392,0.2392,0.2392,0.2392,2
1779760440,0.2391,0.2391,0.2391,0.2391,2
1779760500,0.2392,0.2392,0.2392,0.2392,2
1779760560,0.2392,0.2392,0.2392,0.2392,2
1779760620,0.2393,0.2393,0.2393,0.2393,2
1779760680,0.2393,0.2394,0.2393,0.2394,4
1779760740,0.2395,0.2395,0.2393,0.2393,6
1779760800,0.2394,0.2394,0.239,0.2391,14
1779760860,0.2388,0.2388,0.2387,0.2387,4
1779760980,0.239,0.239,0.239,0.239,2
1779761040,0.2391,0.2391,0.2391,0.2391,2
1779761100,0.2389,0.239,0.2389,0.239,4
1779761160,0.2392,0.2392,0.2391,0.2392,6
1779761220,0.2389,0.2389,0.2389,0.2389,2
1779761280,0.239,0.239,0.2389,0.2389,4
1779761400,0.239,0.239,0.239,0.239,2
1779761460,0.2391,0.2391,0.2391,0.2391,2
1779761520,0.2391,0.2391,0.2391,0.2391,2
1779761580,0.2392,0.2392,0.2392,0.2392,2
1779761640,0.2393,0.2393,0.2391,0.2391,6
1779761700,0.239,0.239,0.239,0.239,2
1779761760,0.2389,0.2389,0.2389,0.2389,2
1779761820,0.2389,0.2389,0.2389,0.2389,2
1779761880,0.239,0.2391,0.239,0.2391,4
1779761940,0.2391,0.2391,0.239,0.239,4
1779762000,0.2389,0.2389,0.2389,0.2389,2
1779762060,0.2389,0.239,0.2389,0.2389,6
1779762120,0.2387,0.2387,0.2387,0.2387,2
1779762180,0.2388,0.2388,0.2388,0.2388,2
1779762240,0.2387,0.2391,0.2387,0.2391,8
1779762300,0.239,0.2391,0.239,0.239,6
1779762360,0.2391,0.2391,0.2391,0.2391,2
1779762420,0.2389,0.2389,0.2389,0.2389,2
1779762480,0.2389,0.2389,0.2389,0.2389,2
1779762540,0.2388,0.2388,0.2388,0.2388,2
1779762600,0.2387,0.2387,0.2387,0.2387,2
1779762660,0.2387,0.2387,0.2386,0.2387,6
1779762720,0.2389,0.2389,0.2389,0.2389,2
1779762780,0.239,0.239,0.239,0.239,2
1779762840,0.2391,0.2392,0.2391,0.2392,4
1779762900,0.2392,0.2392,0.2392,0.2392,2
1779762960,0.239,0.2391,0.239,0.2391,4
1779763020,0.2392,0.2393,0.2392,0.2393,4
1779763080,0.239,0.239,0.239,0.239,2
1779763140,0.2391,0.2391,0.2391,0.2391,2
1779763200,0.2391,0.2391,0.2391,0.2391,2
1779763260,0.239,0.239,0.239,0.239,2
1779763320,0.2389,0.2389,0.2389,0.2389,2
1779763380,0.239,0.239,0.2389,0.2389,4
1779763500,0.2388,0.2389,0.2388,0.2389,4
1779763560,0.2387,0.2388,0.2387,0.2387,8
1779763620,0.2386,0.239,0.2386,0.239,10
1779763680,0.2392,0.2392,0.2391,0.2391,4
1779763740,0.2391,0.2391,0.2391,0.2391,2
1779763860,0.2392,0.2392,0.2392,0.2392,2
1779763920,0.2392,0.2392,0.2392,0.2392,2
1779763980,0.2391,0.2391,0.2391,0.2391,2
1779764040,0.239,0.239,0.239,0.239,2
1779764100,0.2389,0.239,0.2389,0.239,4
1779764220,0.2389,0.2389,0.2389,0.2389,2
1779764280,0.2389,0.2389,0.2388,0.2389,6
1779764400,0.2389,0.2389,0.2389,0.2389,2
1779764460,0.2387,0.2387,0.2386,0.2386,4
1779764520,0.2387,0.2387,0.2387,0.2387,2
1779764580,0.2387,0.2387,0.2387,0.2387,2
1779764640,0.2386,0.2387,0.2385,0.2385,12
1779764700,0.2385,0.2386,0.2385,0.2386,4
1779764760,0.2386,0.2386,0.2386,0.2386,2
1779764820,0.2385,0.2387,0.2385,0.2387,6
1779764880,0.2386,0.2386,0.2386,0.2386,2
1779764940,0.2385,0.2385,0.2384,0.2385,6
1779765000,0.2386,0.2386,0.2386,0.2386,2
1779765060,0.2387,0.2387,0.2387,0.2387,2
1779765180,0.2386,0.2386,0.2385,0.2385,4
1779765240,0.2384,0.2384,0.2384,0.2384,2
1779765300,0.2382,0.2382,0.2382,0.2382,2
1779765360,0.2383,0.2384,0.2383,0.2384,4
1779765420,0.2384,0.2384,0.2384,0.2384,2
1779765480,0.2383,0.2384,0.2383,0.2384,4
1779765600,0.2385,0.2385,0.2385,0.2385,2
1779765660,0.2384,0.2384,0.2384,0.2384,2
1779765720,0.2385,0.2385,0.2383,0.2383,6
1779765780,0.2382,0.2382,0.2382,0.2382,2
1779765840,0.2382,0.2382,0.2382,0.2382,2
1779765900,0.2383,0.2383,0.2383,0.2383,2
1779765960,0.2382,0.2382,0.2382,0.2382,2
1779766020,0.2381,0.2381,0.238,0.238,4
1779766080,0.2379,0.2381,0.2379,0.2381,10
1779766140,0.2381,0.2381,0.2381,0.2381,2
1779766200,0.2383,0.2383,0.2382,0.2383,10
1779766260,0.2382,0.2382,0.2382,0.2382,2
1779766320,0.2385,0.2385,0.2385,0.2385,2
1779766380,0.2386,0.2386,0.2386,0.2386,2
1779766440,0.2387,0.2388,0.2387,0.2388,4
1779766500,0.2387,0.2387,0.2387,0.2387,2
1779766560,0.2388,0.2388,0.2388,0.2388,2
1779766620,0.2389,0.2389,0.2389,0.2389,2
1779766680,0.2388,0.2389,0.2388,0.2389,4
1779766740,0.2389,0.2389,0.2389,0.2389,2
1779766800,0.2389,0.2389,0.2389,0.2389,2
1779766920,0.2389,0.2389,0.2388,0.2388,4
1779767040,0.2389,0.2389,0.2389,0.2389,2
1779767160,0.239,0.239,0.2389,0.2389,4
1779767220,0.2389,0.2389,0.2389,0.2389,2
1779767280,0.239,0.2391,0.239,0.239,6
1779767340,0.2392,0.2392,0.2392,0.2392,2
1779767520,0.2393,0.2393,0.2392,0.2393,6
1779767580,0.2393,0.2393,0.2393,0.2393,2
1779767640,0.2394,0.2394,0.2393,0.2394,6
1779767700,0.2394,0.2394,0.2394,0.2394,2
1779767760,0.2392,0.2392,0.2392,0.2392,2
1779767820,0.2392,0.2393,0.2392,0.2393,4
1779767880,0.2393,0.2393,0.2393,0.2393,2
1779768000,0.2394,0.2394,0.2394,0.2394,2
1779768060,0.2396,0.2397,0.2396,0.2397,4
1779768120,0.2393,0.2393,0.2393,0.2393,2
1779768180,0.2392,0.2393,0.2392,0.2393,4
1779768240,0.2393,0.2394,0.2392,0.2394,12
1779768300,0.2395,0.2395,0.2394,0.2394,4
1779768360,0.2393,0.2393,0.2393,0.2393,2
1779768480,0.2392,0.2392,0.2392,0.2392,2
1779768540,0.2391,0.2391,0.2391,0.2391,2
1779768780,0.2392,0.2392,0.2392,0.2392,2
1779768840,0.2391,0.2391,0.2391,0.2391,2
1779768900,0.2393,0.2393,0.2391,0.2391,6
1779768960,0.239,0.239,0.239,0.239,2
1779769140,0.2391,0.2391,0.2391,0.2391,2
1779769200,0.239,0.2391,0.239,0.2391,4
1779769320,0.2392,0.2392,0.2391,0.2391,4
1779769380,0.2391,0.2391,0.2391,0.2391,2
1779769440,0.2392,0.2395,0.2392,0.2395,8
1779769500,0.2396,0.2396,0.2396,0.2396,2
1779769560,0.2397,0.2397,0.2397,0.2397,2
1779769680,0.2398,0.2398,0.2397,0.2397,4
1779769740,0.2399,0.2399,0.2399,0.2399,2
1779769800,0.24,0.2401,0.24,0.24,6
1779769860,0.2399,0.2399,0.2399,0.2399,2
1779769920,0.2401,0.2401,0.2401,0.2401,2
1779769980,0.24,0.24,0.24,0.24,2
1779770100,0.2401,0.2401,0.2401,0.2401,2
1779770160,0.2399,0.24,0.2399,0.24,4
1779770220,0.24,0.24,0.24,0.24,2
1779770280,0.2399,0.2399,0.2399,0.2399,2
1779770460,0.2397,0.2397,0.2397,0.2397,2
1779770700,0.2398,0.2398,0.2397,0.2397,4
1779770760,0.2396,0.2396,0.2396,0.2396,2
1779770820,0.2396,0.2397,0.2395,0.2397,8
1779770940,0.2396,0.2396,0.2396,0.2396,2
1779771000,0.2396,0.2396,0.2396,0.2396,2
1779771120,0.2395,0.2395,0.2395,0.2395,2
1779771180,0.2396,0.2396,0.2396,0.2396,2
1779771240,0.2397,0.2397,0.2397,0.2397,2
1779771300,0.2396,0.2396,0.2396,0.2396,2
1779771360,0.2397,0.2398,0.2397,0.2398,4
1779771420,0.2397,0.2397,0.2397,0.2397,2
1779771480,0.2396,0.2396,0.2396,0.2396,2
1779771600,0.2395,0.2395,0.2395,0.2395,2
1779771660,0.2394,0.2394,0.2394,0.2394,2
1779771720,0.2394,0.2394,0.2394,0.2394,2
1779771780,0.2397,0.2397,0.2397,0.2397,2
1779771840,0.2397,0.2397,0.2397,0.2397,2
1779771900,0.2396,0.2396,0.2396,0.2396,2
1779771960,0.2397,0.2397,0.2397,0.2397,2
1779772080,0.2398,0.24,0.2398,0.24,6
1779772140,0.2399,0.24,0.2399,0.24,4
1779772200,0.24,0.24,0.24,0.24,2
1779772260,0.24,0.24,0.24,0.24,2
1779772320,0.2401,0.2401,0.2401,0.2401,2
1779772380,0.2402,0.2402,0.2402,0.2402,2
1779772560,0.2402,0.2402,0.2402,0.2402,2
1779772620,0.2401,0.2401,0.2401,0.2401,2
1779772680,0.2402,0.2402,0.2402,0.2402,2
1779772740,0.2403,0.2403,0.2403,0.2403,2
1779772800,0.2405,0.2405,0.2405,0.2405,2
1779772860,0.2406,0.2406,0.2406,0.2406,2
1779772920,0.2406,0.2406,0.2406,0.2406,2
1779773040,0.2407,0.2407,0.2407,0.2407,2
1779773100,0.2408,0.2408,0.2408,0.2408,2
1779773160,0.2408,0.2408,0.2408,0.2408,2
1779773280,0.2407,0.2407,0.2407,0.2407,2
1779773400,0.2408,0.2408,0.2408,0.2408,2
1779773520,0.241,0.2411,0.241,0.2411,4
1779773580,0.241,0.241,0.241,0.241,2
1779773640,0.2409,0.2409,0.2409,0.2409,2
1779773700,0.241,0.2413,0.241,0.2413,8
1779773760,0.2411,0.2413,0.241,0.2413,10
1779773820,0.2412,0.2412,0.2411,0.2411,4
1779773880,0.2411,0.2411,0.2411,0.2411,2
1779773940,0.241,0.241,0.241,0.241,2
1779774000,0.2409,0.241,0.2409,0.2409,6
1779774060,0.2407,0.2407,0.2407,0.2407,2
1779774180,0.2409,0.2409,0.2409,0.2409,2
1779774300,0.2409,0.2409,0.2409,0.2409,2
1779774360,0.2407,0.2407,0.2407,0.2407,2
1779774420,0.2406,0.2406,0.2406,0.2406,2
1779774480,0.2406,0.2406,0.2406,0.2406,2
1779774540,0.2405,0.2405,0.2405,0.2405,2
1779774600,0.2404,0.2404,0.2404,0.2404,2
1779774720,0.2403,0.2403,0.2403,0.2403,2
1779774780,0.2402,0.2402,0.2402,0.2402,2
1779774840,0.2401,0.2402,0.2401,0.2402,4
1779774900,0.2403,0.2403,0.2403,0.2403,2
1779774960,0.2404,0.2404,0.2404,0.2404,2
1779775020,0.2405,0.2405,0.2405,0.2405,2
1779775080,0.2404,0.2404,0.2404,0.2404,2
1779775140,0.2405,0.2406,0.2405,0.2406,4
1779775200,0.2405,0.2405,0.2405,0.2405,2
1779775260,0.2404,0.2404,0.2403,0.2403,4
1779775320,0.2402,0.2402,0.2402,0.2402,2
1779775380,0.2402,0.2402,0.2402,0.2402,1
1779775440,0.2402,0.2402,0.2402,0.2402,2
1779775500,0.2404,0.2404,0.2403,0.2403,4
1779775560,0.2405,0.2405,0.2405,0.2405,2
1779775620,0.2405,0.2405,0.2405,0.2405,2
1779775740,0.2406,0.2406,0.2406,0.2406,2
1779775800,0.2406,0.2406,0.2405,0.2405,4
1779775860,0.2405,0.2405,0.2405,0.2405,2
1779775920,0.2404,0.2404,0.2404,0.2404,2
1779775980,0.2405,0.2405,0.2405,0.2405,2
1779776100,0.2404,0.2404,0.2404,0.2404,2
1779776220,0.2405,0.2405,0.2405,0.2405,2
1779776280,0.2404,0.2404,0.2404,0.2404,2
1779776400,0.2403,0.2403,0.2403,0.2403,2
1779776460,0.2404,0.2404,0.2404,0.2404,2
1779776520,0.2402,0.2402,0.2402,0.2402,2
1779776580,0.2401,0.2401,0.2401,0.2401,2
1779776640,0.2402,0.2402,0.2402,0.2402,2
1779776700,0.2404,0.2404,0.2404,0.2404,2
1779776760,0.2402,0.2402,0.2402,0.2402,2
1779776880,0.2402,0.2402,0.2402,0.2402,2
1779776940,0.2397,0.2397,0.2397,0.2397,2
1779777000,0.2401,0.2401,0.24,0.2401,6
1779777060,0.2401,0.2402,0.2401,0.2402,6
1779777120,0.24,0.24,0.24,0.24,2
1779777180,0.24,0.2401,0.24,0.2401,4
1779777240,0.2402,0.2402,0.2402,0.2402,2
1779777300,0.2402,0.2402,0.2402,0.2402,2
1779777360,0.2404,0.2404,0.2404,0.2404,2
1779777420,0.2405,0.2405,0.2405,0.2405,2
1779777480,0.2406,0.2406,0.2405,0.2405,4
1779777540,0.2405,0.2405,0.2405,0.2405,2
1779777600,0.2407,0.2409,0.2407,0.2407,8
1779777660,0.2407,0.2407,0.2407,0.2407,2
1779777720,0.2406,0.2406,0.2405,0.2405,4
1779777780,0.2406,0.2406,0.2406,0.2406,2
1779777840,0.2407,0.2407,0.2407,0.2407,2
1779777900,0.2406,0.2407,0.2406,0.2407,4
1779777960,0.2407,0.2408,0.2407,0.2408,8
1779778020,0.2407,0.2407,0.2407,0.2407,2
1779778080,0.2407,0.2408,0.2407,0.2408,4
1779778140,0.2406,0.2406,0.2406,0.2406,2
1779778200,0.2407,0.2407,0.2406,0.2406,4
1779778260,0.2407,0.2407,0.2407,0.2407,2
1779778320,0.2406,0.2406,0.2406,0.2406,2
1779778440,0.2407,0.2407,0.2405,0.2406,8
1779778500,0.2405,0.2406,0.2405,0.2406,4
1779778560,0.2405,0.2406,0.2405,0.2406,4
1779778620,0.2405,0.2405,0.2405,0.2405,2
1779778680,0.2404,0.2405,0.2404,0.2405,4
1779778800,0.2406,0.2406,0.2405,0.2406,6
1779778860,0.2406,0.2406,0.2406,0.2406,2
1779778920,0.2407,0.2407,0.2406,0.2406,4
1779778980,0.2405,0.2405,0.2405,0.2405,2
1779779040,0.2404,0.2404,0.2404,0.2404,2
1779779100,0.2402,0.2403,0.2402,0.2403,4
1779779160,0.2402,0.2403,0.2402,0.2403,10
1779779220,0.2402,0.2402,0.2402,0.2402,2
1779779280,0.2403,0.2403,0.2402,0.2402,4
1779779340,0.2401,0.2402,0.24,0.24,8
1779779400,0.2401,0.2401,0.24,0.24,8
1779779460,0.2399,0.2399,0.2397,0.2397,6
1779779520,0.2398,0.2398,0.2396,0.2398,10
1779779580,0.2397,0.2397,0.2396,0.2397,6
1779779640,0.2396,0.2396,0.2396,0.2396,2
1779779700,0.2395,0.2395,0.2395,0.2395,2
1779779760,0.2394,0.2395,0.2393,0.2393,10
1779779820,0.2392,0.2392,0.2391,0.2391,12
1779779880,0.2392,0.2394,0.2392,0.2394,10
1779779940,0.2395,0.2396,0.2394,0.2396,16
1779780000,0.2395,0.2395,0.2395,0.2395,2
1779780120,0.2396,0.2398,0.2396,0.2397,12
1779780300,0.2398,0.2398,0.2398,0.2398,2
1779780360,0.2397,0.2399,0.2397,0.2399,6
1779780480,0.2398,0.2398,0.2397,0.2397,4
1779780540,0.2398,0.2398,0.2398,0.2398,2
1779780600,0.2397,0.2398,0.2397,0.2397,6
1779780660,0.2398,0.2398,0.2397,0.2397,4
1779780720,0.2396,0.2397,0.2392,0.2393,24
1779780780,0.2392,0.2393,0.2391,0.2393,18
1779780900,0.2392,0.2392,0.239,0.2392,10
1779780960,0.2393,0.2393,0.2392,0.2392,4
1779781020,0.2391,0.2391,0.2391,0.2391,2
1779781080,0.2392,0.2392,0.2391,0.2391,4
1779781140,0.2392,0.2392,0.2392,0.2392,2
1779781200,0.2393,0.2394,0.2393,0.2394,8
1779781260,0.2395,0.2396,0.2395,0.2396,4
1779781380,0.2397,0.2397,0.2396,0.2396,4
1779781500,0.2397,0.2398,0.2397,0.2397,6
1779781560,0.2398,0.2398,0.2397,0.2397,4
1779781620,0.2398,0.2398,0.2397,0.2397,4
1779781680,0.2398,0.2398,0.2397,0.2397,4
1779781740,0.2398,0.2399,0.2398,0.2399,4
1779781800,0.24,0.24,0.2399,0.2399,4
1779781860,0.24,0.24,0.2399,0.2399,4
1779781980,0.24,0.2402,0.24,0.2402,6
1779782100,0.2401,0.2401,0.2399,0.2399,10
1779782160,0.2398,0.2398,0.2395,0.2395,16
1779782220,0.2396,0.2397,0.2396,0.2397,4
1779782340,0.2396,0.2397,0.2396,0.2397,4
1779782400,0.2396,0.24,0.2396,0.24,14
1779782460,0.2399,0.2401,0.2399,0.2399,10
1779782520,0.2398,0.2398,0.2398,0.2398,2
1779782580,0.2399,0.2401,0.2399,0.2401,6
1779782640,0.24,0.24,0.24,0.24,2
1779782700,0.2401,0.2401,0.2401,0.2401,2
1779782760,0.24,0.2402,0.24,0.2401,10
1779782820,0.2402,0.2402,0.2402,0.2402,2
1779782880,0.2403,0.2403,0.2402,0.2403,6
1779782940,0.2404,0.2405,0.2404,0.2405,4
1779783000,0.2404,0.2405,0.2404,0.2405,4
1779783060,0.2406,0.2407,0.2406,0.2407,4
1779783120,0.2406,0.2407,0.2406,0.2407,4
1779783240,0.2405,0.2405,0.2405,0.2405,2
1779783360,0.2402,0.2403,0.2402,0.2402,6
1779783420,0.2402,0.2402,0.2402,0.2402,2
1779783480,0.2404,0.2404,0.2404,0.2404,2
1779783540,0.2405,0.2406,0.2405,0.2406,4
1779783660,0.2405,0.2405,0.2405,0.2405,2
1779783720,0.2404,0.2404,0.2404,0.2404,2
1779783840,0.2404,0.2404,0.2404,0.2404,2
1779783900,0.2405,0.2405,0.2405,0.2405,2
1779783960,0.2406,0.2406,0.2404,0.2404,6
1779784020,0.2403,0.2403,0.2403,0.2403,2
1779784080,0.2402,0.2402,0.2402,0.2402,2
1779784140,0.2403,0.2403,0.2403,0.2403,2
1779784200,0.2402,0.2402,0.2402,0.2402,2
1779784260,0.2401,0.2401,0.2401,0.2401,2
1779784320,0.2403,0.2404,0.2403,0.2403,6
1779784380,0.2402,0.2402,0.2402,0.2402,2
1779784440,0.2401,0.2401,0.24,0.24,4
1779784560,0.2401,0.2402,0.2401,0.2402,4
1779784620,0.2402,0.2402,0.2402,0.2402,2
1779784680,0.2403,0.2404,0.2403,0.2404,4
1779784740,0.2405,0.2405,0.2405,0.2405,2
1779784800,0.2404,0.2405,0.2404,0.2404,6
1779784920,0.2405,0.2405,0.2405,0.2405,2
1779784980,0.2406,0.2406,0.2406,0.2406,2
1779785160,0.2405,0.2405,0.2405,0.2405,2
1779785220,0.2404,0.2404,0.2404,0.2404,2
1779785280,0.2404,0.2404,0.2403,0.2403,4
1779785340,0.2404,0.2404,0.2402,0.2403,8
1779785400,0.2401,0.2401,0.2401,0.2401,2
1779785460,0.2403,0.2405,0.2403,0.2404,8
1779785520,0.2405,0.2405,0.2405,0.2405,2
1779785580,0.2406,0.2406,0.2405,0.2406,10
1779785700,0.2406,0.2406,0.2406,0.2406,2
1779785760,0.2407,0.2407,0.2407,0.2407,2
1779785820,0.2408,0.2408,0.2408,0.2408,2
1779785880,0.2406,0.2406,0.2406,0.2406,2
1779785940,0.2405,0.2405,0.2405,0.2405,2
1779786000,0.2406,0.2406,0.2405,0.2405,4
1779786060,0.2406,0.2406,0.2404,0.2404,6
1779786120,0.2403,0.2403,0.2403,0.2403,2
1779786180,0.2404,0.2404,0.2404,0.2404,2
1779786240,0.2403,0.2404,0.2403,0.2404,4
1779786300,0.2403,0.2403,0.2403,0.2403,2
1779786420,0.2404,0.2404,0.2404,0.2404,2
1779786480,0.2403,0.2403,0.2403,0.2403,2
1779786600,0.2404,0.2405,0.2404,0.2405,4
1779786660,0.2405,0.2405,0.2405,0.2405,2
1779786720,0.2407,0.2407,0.2407,0.2407,2
1779786780,0.2407,0.2407,0.2407,0.2407,2
1779786840,0.2406,0.2406,0.2405,0.2405,4
1779786960,0.2404,0.2405,0.2404,0.2405,4
1779787020,0.2408,0.2408,0.2408,0.2408,2
1779787080,0.241,0.241,0.2409,0.2409,10
1779787140,0.2407,0.2408,0.2407,0.2407,10
1779787200,0.2408,0.2408,0.2407,0.2407,4
1779787260,0.2407,0.2407,0.2407,0.2407,2
1779787320,0.2406,0.2406,0.2406,0.2406,2
1779787380,0.2403,0.2403,0.2403,0.2403,2
1779787440,0.24,0.2401,0.24,0.2401,4
1779787500,0.2402,0.2402,0.2402,0.2402,2
1779787560,0.2404,0.2404,0.2404,0.2404,2
1779787620,0.2405,0.2406,0.2405,0.2406,4
1779787740,0.2407,0.2407,0.2407,0.2407,2
1779787800,0.2407,0.2407,0.2405,0.2406,8
1779787860,0.2406,0.2406,0.2406,0.2406,2
1779787920,0.2405,0.2405,0.2404,0.2405,6
1779787980,0.2404,0.2404,0.2404,0.2404,2
1779788040,0.2404,0.2405,0.2404,0.2404,6
1779788100,0.2403,0.2403,0.2403,0.2403,2
1779788160,0.2404,0.2404,0.2404,0.2404,2
1779788220,0.2405,0.2405,0.2404,0.2404,4
1779788280,0.2402,0.2402,0.2402,0.2402,2
1779788340,0.2402,0.2403,0.2402,0.2403,4
1779788400,0.2402,0.2402,0.2401,0.2401,4
1779788460,0.2401,0.2401,0.2401,0.2401,2
1779788580,0.2405,0.2405,0.2404,0.2404,4
1779788700,0.2406,0.2406,0.2405,0.2405,4
1779788760,0.2406,0.2406,0.2405,0.2405,4
1779788820,0.2404,0.2404,0.2404,0.2404,2
1779788880,0.2403,0.2403,0.2402,0.2402,4
1779788940,0.2402,0.2402,0.2402,0.2402,2
1779789060,0.2404,0.2404,0.2404,0.2404,2
1779789240,0.2405,0.2405,0.2405,0.2405,2
1779789300,0.2406,0.2406,0.2406,0.2406,2
1779789540,0.2406,0.2406,0.2406,0.2406,2
1779789600,0.2405,0.2405,0.2405,0.2405,2
1779789660,0.2404,0.2404,0.2404,0.2404,2
1779789720,0.2407,0.2407,0.2405,0.2405,6
1779789780,0.2405,0.2405,0.2404,0.2404,4
1779789840,0.2403,0.2403,0.2403,0.2403,2
1779789900,0.2403,0.2403,0.2401,0.2401,6
1779789960,0.2402,0.2403,0.2402,0.2402,6
1779790020,0.2402,0.2402,0.2401,0.2401,4
1779790080,0.2404,0.2404,0.2403,0.2403,4
1779790140,0.2405,0.2405,0.2405,0.2405,2
1779790200,0.2406,0.2407,0.2406,0.2407,4
1779790260,0.2407,0.2407,0.2407,0.2407,2
1779790320,0.2408,0.2408,0.2408,0.2408,2
1779790380,0.2409,0.241,0.2409,0.241,4
1779790500,0.241,0.241,0.241,0.241,2
1779790560,0.2412,0.2412,0.2412,0.2412,2
1779790620,0.241,0.2412,0.241,0.2412,6
1779790740,0.2415,0.2415,0.2415,0.2415,2
1779790800,0.2421,0.2424,0.2421,0.2423,8
1779790860,0.2419,0.242,0.2418,0.242,12
1779790920,0.2421,0.2422,0.2421,0.2421,6
1779790980,0.2421,0.2421,0.242,0.2421,10
1779791040,0.2421,0.2422,0.2421,0.2422,4
1779791100,0.2419,0.2421,0.2419,0.2421,10
1779791160,0.2421,0.2421,0.2421,0.2421,2
1779791220,0.2423,0.2428,0.2423,0.2428,12
1779791280,0.2428,0.2431,0.2427,0.2429,12
1779791340,0.2434,0.2434,0.2431,0.2431,8
1779791400,0.2432,0.2435,0.2432,0.2435,24
1779791460,0.2434,0.2434,0.2431,0.2431,20
1779791520,0.2432,0.2433,0.2432,0.2432,6
1779791580,0.2429,0.2429,0.2428,0.2428,4
1779791640,0.243,0.243,0.2429,0.243,6
1779791700,0.2432,0.2432,0.243,0.243,6
1779791760,0.2432,0.2432,0.2431,0.2432,6
1779791820,0.2434,0.2437,0.2433,0.2433,24
1779791880,0.2433,0.2435,0.2433,0.2435,6
1779791940,0.2434,0.2434,0.2434,0.2434,2
1779792000,0.2436,0.2438,0.2436,0.2438,6
1779792060,0.2439,0.2439,0.2438,0.2438,4
1779792120,0.2439,0.2439,0.2438,0.2438,8
1779792180,0.2438,0.2439,0.2438,0.2438,10
1779792240,0.2437,0.2437,0.2435,0.2435,6
1779792300,0.2437,0.2437,0.2435,0.2436,6
1779792360,0.2434,0.2434,0.2433,0.2433,8
1779792420,0.2433,0.2434,0.2433,0.2433,6
1779792480,0.2435,0.2436,0.2435,0.2436,4
1779792540,0.2437,0.2438,0.2437,0.2438,6
1779792600,0.244,0.2441,0.244,0.2441,12
1779792660,0.2438,0.2438,0.2438,0.2438,2
1779792720,0.2436,0.2436,0.2435,0.2436,6
1779792780,0.2438,0.2438,0.2437,0.2437,4
1779792840,0.2436,0.2436,0.2436,0.2436,2
1779792960,0.2436,0.2437,0.2436,0.2437,4
1779793020,0.2436,0.2437,0.2436,0.2436,4
1779793080,0.2438,0.2438,0.2437,0.2437,4
1779793140,0.2436,0.2436,0.2435,0.2435,4
1779793200,0.2435,0.2435,0.2434,0.2434,8
1779793260,0.2434,0.2434,0.2434,0.2434,2
1779793320,0.2435,0.2435,0.2434,0.2434,4
1779793380,0.2434,0.2434,0.2433,0.2434,6
1779793440,0.2433,0.2435,0.2433,0.2435,6
1779793500,0.2436,0.2436,0.2436,0.2436,2
1779793560,0.2435,0.2435,0.2435,0.2435,2
1779793620,0.2435,0.2435,0.2435,0.2435,2
1779793680,0.2436,0.2436,0.2435,0.2435,4
1779793740,0.2433,0.2434,0.2433,0.2434,4
1779793860,0.2433,0.2433,0.2432,0.2432,4
1779793920,0.2433,0.2433,0.2432,0.2432,4
1779793980,0.2432,0.2432,0.2432,0.2432,2
1779794040,0.2431,0.2432,0.2431,0.2432,4
1779794100,0.2432,0.2432,0.2431,0.2431,4
1779794220,0.2432,0.2432,0.2431,0.2432,6
1779794280,0.243,0.2431,0.243,0.2431,4
1779794340,0.2433,0.2433,0.2432,0.2432,4
1779794400,0.243,0.243,0.243,0.243,2
1779794460,0.2429,0.243,0.2429,0.243,4
1779794520,0.243,0.243,0.2428,0.2428,10
1779794580,0.2429,0.2429,0.2428,0.2428,4
1779794640,0.2428,0.2428,0.2428,0.2428,2
1779794700,0.2428,0.2428,0.2428,0.2428,2
1779794760,0.2429,0.2429,0.2429,0.2429,2
1779794820,0.2428,0.2428,0.2428,0.2428,2
1779794880,0.2431,0.2431,0.2431,0.2431,2
1779794940,0.2432,0.2432,0.2432,0.2432,2
1779795060,0.2432,0.2432,0.2432,0.2432,2
1779795120,0.2432,0.2434,0.2432,0.2433,8
1779795180,0.2435,0.2435,0.2435,0.2435,2
1779795240,0.2434,0.2434,0.243,0.2431,12
1779795300,0.2431,0.2431,0.243,0.243,4
1779795360,0.2429,0.243,0.2429,0.243,8
1779795480,0.243,0.243,0.243,0.243,2
1779795540,0.243,0.243,0.243,0.243,2
1779795720,0.2432,0.2432,0.2431,0.2431,4
1779795780,0.2431,0.2431,0.2431,0.2431,2
1779795840,0.2432,0.2432,0.2432,0.2432,2
1779795900,0.2431,0.2431,0.2431,0.2431,1
1779796020,0.2431,0.2431,0.2431,0.2431,2
1779796140,0.2433,0.2433,0.2433,0.2433,2
1779796260,0.2433,0.2433,0.2432,0.2433,6
1779796500,0.243,0.2431,0.243,0.2431,4
1779796560,0.2429,0.2429,0.2429,0.2429,2
1779796620,0.243,0.243,0.243,0.243,2
1779796680,0.2429,0.243,0.2429,0.243,4
1779796740,0.2427,0.2427,0.2427,0.2427,2
1779796800,0.2428,0.2428,0.2426,0.2426,6
1779796860,0.2428,0.2428,0.2428,0.2428,2
1779796920,0.2429,0.2429,0.2428,0.2428,4
1779796980,0.2428,0.2428,0.2427,0.2427,4
1779797040,0.2427,0.2427,0.2427,0.2427,2
1779797100,0.2428,0.2428,0.2427,0.2427,4
1779797160,0.2426,0.2426,0.2425,0.2425,4
1779797220,0.2424,0.2424,0.2421,0.2423,12
1779797280,0.2421,0.2421,0.2421,0.2421,2
1779797340,0.2419,0.2421,0.2418,0.242,10
1779797400,0.2418,0.2419,0.2418,0.2419,8
1779797460,0.2421,0.2421,0.2419,0.2419,4
1779797520,0.2422,0.2422,0.2422,0.2422,2
1779797580,0.2424,0.2424,0.2424,0.2424,2
1779797640,0.2424,0.2424,0.2424,0.2424,2
1779797700,0.2425,0.2426,0.2425,0.2425,6
1779797760,0.2425,0.2425,0.2425,0.2425,2
1779797820,0.2426,0.2426,0.2426,0.2426,2
1779797880,0.2426,0.2426,0.2425,0.2425,4
1779797940,0.2424,0.2425,0.2424,0.2425,4
1779798000,0.2424,0.2424,0.2424,0.2424,2
1779798060,0.2425,0.2425,0.2425,0.2425,2
1779798120,0.2424,0.2424,0.2424,0.2424,2
1779798180,0.2423,0.2423,0.2423,0.2423,2
1779798240,0.2423,0.2423,0.2423,0.2423,2
1779798300,0.2424,0.2424,0.2424,0.2424,2
1779798360,0.2424,0.2424,0.2423,0.2423,4
1779798420,0.2424,0.2424,0.2424,0.2424,2
1779798480,0.2425,0.2425,0.2424,0.2424,4
1779798540,0.2426,0.2426,0.2426,0.2426,2
1779798600,0.2428,0.2429,0.2428,0.2428,10
1779798660,0.2428,0.2428,0.2428,0.2428,2
1779798720,0.2429,0.2431,0.2429,0.2431,6
1779798780,0.2429,0.2429,0.2429,0.2429,2
1779798840,0.2431,0.2431,0.243,0.2431,6
1779798900,0.243,0.243,0.243,0.243,2
1779798960,0.2428,0.2429,0.2428,0.2429,4
1779799020,0.243,0.243,0.243,0.243,2
1779799080,0.2429,0.2429,0.2429,0.2429,2
1779799140,0.2427,0.2427,0.2427,0.2427,2
1779799200,0.2428,0.2428,0.2426,0.2426,10
1779799260,0.2427,0.2427,0.2427,0.2427,2
1779799320,0.2427,0.2427,0.2427,0.2427,2
1779799380,0.2427,0.2427,0.2427,0.2427,2
1779799440,0.2428,0.2428,0.2428,0.2428,2
1779799500,0.2429,0.2429,0.2429,0.2429,2
1779799560,0.2428,0.2428,0.2428,0.2428,2
1779799620,0.2429,0.2429,0.2428,0.2428,4
1779799680,0.2427,0.2428,0.2427,0.2428,4
1779799740,0.2428,0.2428,0.2428,0.2428,2
1779799800,0.2429,0.2429,0.2429,0.2429,2
1779799860,0.2429,0.2429,0.2429,0.2429,2
1779800040,0.243,0.243,0.243,0.243,2
1779800100,0.2432,0.2432,0.2431,0.2431,4
1779800160,0.2435,0.2435,0.2435,0.2435,2
1779800220,0.2436,0.2436,0.2436,0.2436,2
1779800280,0.2435,0.2435,0.2435,0.2435,2
1779800400,0.2434,0.2434,0.2434,0.2434,2
1779800460,0.2435,0.2435,0.2434,0.2434,4
1779800520,0.2436,0.2436,0.2436,0.2436,2
1779800580,0.2436,0.2436,0.2435,0.2435,4
1779800640,0.2436,0.2436,0.2436,0.2436,2
1779800700,0.2435,0.2435,0.2435,0.2435,2
1779800760,0.2435,0.2435,0.2435,0.2435,2
1779800820,0.2435,0.2436,0.2435,0.2436,4
1779800880,0.2435,0.2435,0.2435,0.2435,2
1779800940,0.2434,0.2434,0.2434,0.2434,2
1779801000,0.2435,0.2435,0.2435,0.2435,2
1779801060,0.2434,0.2434,0.2434,0.2434,2
1779801180,0.2434,0.2434,0.2434,0.2434,2
1779801240,0.2435,0.2435,0.2435,0.2435,2
1779801480,0.2436,0.2436,0.2436,0.2436,2
1779801540,0.2435,0.2435,0.2435,0.2435,2
1779801660,0.2432,0.2432,0.2432,0.2432,2
1779801720,0.243,0.243,0.2428,0.2428,4
1779801840,0.2429,0.2429,0.2429,0.2429,2
1779801900,0.2427,0.2427,0.2425,0.2425,6
1779802020,0.2426,0.2426,0.2426,0.2426,2
1779802080,0.2424,0.2424,0.2424,0.2424,2
1779802140,0.2424,0.2424,0.2424,0.2424,2
1779802200,0.2425,0.2425,0.2425,0.2425,2
1779802260,0.2421,0.2422,0.2418,0.242,28
1779802320,0.2421,0.2421,0.2421,0.2421,2
1779802380,0.2422,0.2422,0.2421,0.2421,8
1779802440,0.242,0.242,0.242,0.242,2
1779802500,0.2419,0.242,0.2419,0.242,6
1779802560,0.2422,0.2422,0.2422,0.2422,2
1779802620,0.2422,0.2424,0.2422,0.2424,6
1779802680,0.2425,0.2426,0.2425,0.2425,6
1779802740,0.2426,0.2426,0.2426,0.2426,2
1779802800,0.2426,0.2426,0.2425,0.2425,8
1779802860,0.2424,0.2427,0.2424,0.2427,8
1779802920,0.2427,0.2429,0.2427,0.2428,16
1779802980,0.243,0.243,0.2429,0.2429,4
1779803040,0.2427,0.2428,0.2427,0.2428,8
1779803100,0.2428,0.2428,0.2428,0.2428,2
1779803160,0.243,0.243,0.243,0.243,2
1779803220,0.2429,0.243,0.2429,0.243,8
1779803280,0.2431,0.2433,0.2431,0.2433,6
1779803340,0.2435,0.2436,0.2433,0.2434,16
1779803400,0.2438,0.2438,0.2438,0.2438,2
1779803460,0.2433,0.2433,0.2433,0.2433,2
1779803520,0.2434,0.2434,0.2434,0.2434,1
1779803580,0.2436,0.2436,0.2435,0.2435,4
1779803640,0.2434,0.2434,0.2433,0.2433,4
1779803700,0.2434,0.2435,0.2434,0.2435,4
1779803760,0.2437,0.2438,0.2436,0.2437,14
1779803820,0.2438,0.2438,0.2436,0.2436,9
1779803880,0.2436,0.2436,0.2436,0.2436,2
1779803940,0.2435,0.2435,0.2435,0.2435,2
1779804000,0.2437,0.2437,0.2436,0.2437,4
1779804060,0.2436,0.2436,0.2435,0.2436,6
1779804120,0.2438,0.2438,0.2437,0.2437,8
1779804180,0.2437,0.2438,0.2436,0.2437,16
1779804240,0.2439,0.2439,0.2439,0.2439,2
1779804300,0.2438,0.2438,0.2437,0.2437,4
1779804360,0.2438,0.2438,0.2438,0.2438,2
1779804420,0.244,0.2442,0.244,0.2442,4
1779804480,0.244,0.2442,0.244,0.244,10
1779804540,0.2438,0.2439,0.2438,0.2439,4
1779804600,0.2441,0.2442,0.2441,0.2441,10
1779804660,0.2439,0.244,0.2439,0.2439,10
1779804720,0.244,0.2441,0.244,0.2441,4
1779804780,0.244,0.2441,0.244,0.2441,6
1779804840,0.2441,0.2442,0.2441,0.2441,6
1779804900,0.2441,0.2441,0.244,0.244,8
1779804960,0.244,0.2441,0.244,0.2441,4
1779805020,0.2441,0.2441,0.2441,0.2441,2
1779805080,0.2443,0.2448,0.2443,0.2447,22
1779805140,0.2444,0.2444,0.2443,0.2443,4
1779805200,0.2444,0.2444,0.2443,0.2444,6
1779805260,0.2445,0.2445,0.2445,0.2445,2
1779805320,0.2444,0.2446,0.2444,0.2446,6
1779805380,0.2448,0.2449,0.2448,0.2448,6
1779805440,0.245,0.245,0.245,0.245,2
1779805500,0.245,0.2453,0.245,0.2453,8
1779805560,0.2456,0.2458,0.2456,0.2456,14
1779805620,0.2456,0.2456,0.2456,0.2456,2
1779805680,0.2456,0.2457,0.2456,0.2456,6
1779805740,0.2455,0.2455,0.2455,0.2455,2
1779805800,0.2457,0.2457,0.2457,0.2457,2
1779805860,0.2454,0.2454,0.2453,0.2453,4
1779805920,0.2452,0.2452,0.2449,0.2449,8
1779805980,0.2449,0.2449,0.2449,0.2449,2
1779806100,0.2447,0.2447,0.2446,0.2446,12
1779806160,0.2446,0.2446,0.2446,0.2446,2
1779806220,0.2443,0.2443,0.2441,0.2441,13
1779806280,0.2437,0.2438,0.2436,0.2436,8
1779806340,0.2434,0.2434,0.2431,0.2432,26
1779806400,0.2426,0.2428,0.2425,0.2426,18
1779806460,0.2428,0.2429,0.2425,0.2425,22
1779806520,0.2423,0.2423,0.2423,0.2423,2
1779806580,0.2421,0.2422,0.2421,0.2421,10
1779806640,0.2422,0.2424,0.2422,0.2424,4
1779806700,0.2423,0.2424,0.2419,0.242,14
1779806760,0.2423,0.2424,0.2422,0.2422,8
1779806820,0.242,0.2423,0.242,0.2423,22
1779806880,0.2422,0.2424,0.2422,0.2423,10
1779806940,0.2423,0.2424,0.2423,0.2424,4
1779807000,0.2424,0.2425,0.2424,0.2425,4
1779807060,0.2427,0.2428,0.2426,0.2428,8
1779807120,0.243,0.2431,0.243,0.2431,12
1779807180,0.243,0.243,0.243,0.243,2
1779807240,0.2429,0.2429,0.2428,0.2428,4
1779807300,0.2427,0.2428,0.2426,0.2427,12
1779807360,0.2427,0.2427,0.2427,0.2427,2
1779807420,0.2427,0.2427,0.2426,0.2426,4
1779807480,0.2427,0.2427,0.2427,0.2427,2
1779807540,0.2425,0.2425,0.2425,0.2425,2
1779807600,0.2425,0.2426,0.2424,0.2426,8
1779807660,0.2425,0.2426,0.2425,0.2425,6
1779807720,0.2422,0.2422,0.2417,0.242,18
1779807780,0.2419,0.2419,0.2418,0.2419,6
1779807840,0.2419,0.242,0.2419,0.2419,6
1779807900,0.242,0.242,0.2419,0.2419,4
1779807960,0.2419,0.2421,0.2419,0.242,12
1779808020,0.2419,0.2419,0.2417,0.2417,6
1779808080,0.2417,0.2419,0.2417,0.2418,8
1779808140,0.2419,0.2419,0.2419,0.2419,2
1779808200,0.2417,0.2417,0.2417,0.2417,1
1779808260,0.2417,0.2418,0.2417,0.2418,4
1779808320,0.2421,0.2421,0.242,0.242,8
1779808380,0.2422,0.2422,0.2421,0.2422,6
1779808440,0.2424,0.2424,0.2424,0.2424,2
1779808500,0.2424,0.2425,0.2424,0.2424,8
1779808620,0.2422,0.2422,0.2421,0.2422,6
1779808680,0.2422,0.2422,0.2422,0.2422,2
1779808740,0.2423,0.2423,0.2423,0.2423,2
1779808800,0.2421,0.2421,0.2421,0.2421,2
1779808860,0.2422,0.2422,0.2418,0.2418,8
1779808920,0.2416,0.2416,0.2416,0.2416,2
1779808980,0.241,0.2411,0.2408,0.241,14
1779809040,0.2414,0.2414,0.2413,0.2414,6
1779809160,0.2416,0.2416,0.2416,0.2416,2
1779809220,0.2416,0.2416,0.2415,0.2415,4
1779809280,0.2416,0.2417,0.2416,0.2417,4
1779809340,0.2414,0.2414,0.2411,0.2411,10
1779809400,0.2412,0.2413,0.2411,0.2413,8
1779809460,0.2411,0.2412,0.2409,0.2409,8
1779809520,0.2402,0.2405,0.2401,0.2405,20
1779809580,0.2404,0.2405,0.2404,0.2405,4
1779809640,0.2405,0.2407,0.2405,0.2406,14
1779809700,0.2405,0.2406,0.2402,0.2405,24
1779809760,0.2406,0.2406,0.2403,0.2403,16
1779809820,0.2405,0.2406,0.2405,0.2406,4
1779809880,0.2406,0.2406,0.2404,0.2405,8
1779809940,0.2404,0.2405,0.2404,0.2404,6
1779810000,0.2408,0.2409,0.2406,0.2406,14
1779810060,0.2407,0.241,0.2407,0.241,8
1779810120,0.2411,0.2411,0.241,0.241,4
1779810180,0.241,0.2411,0.241,0.2411,4
1779810240,0.2411,0.2412,0.2411,0.2412,4
1779810300,0.241,0.2411,0.241,0.241,6
1779810360,0.2408,0.2408,0.2406,0.2406,6
1779810480,0.2407,0.2407,0.2406,0.2407,6
1779810540,0.2405,0.2409,0.2405,0.2408,12
1779810600,0.2407,0.2407,0.2407,0.2407,2
1779810660,0.2406,0.2408,0.2406,0.2408,6
1779810720,0.2406,0.2406,0.2404,0.2404,8
1779810780,0.2399,0.2399,0.2396,0.2397,10
1779810840,0.2396,0.2399,0.2396,0.2399,12
1779810900,0.2399,0.24,0.2399,0.2399,13
1779810960,0.2402,0.2403,0.2402,0.2402,10
1779811020,0.2405,0.2405,0.2404,0.2405,6
1779811080,0.2407,0.2408,0.2407,0.2408,4
1779811140,0.2411,0.2411,0.2411,0.2411,2
1779811200,0.2409,0.2409,0.2407,0.2407,6
1779811260,0.2408,0.2408,0.2406,0.2406,10
1779811320,0.2406,0.2407,0.2406,0.2406,6
1779811380,0.241,0.241,0.2409,0.2409,5
1779811440,0.2407,0.241,0.2407,0.2409,14
1779811500,0.2404,0.2405,0.2403,0.2404,10
1779811560,0.2402,0.2403,0.24,0.2403,10
1779811620,0.2403,0.2403,0.2402,0.2403,6
1779811680,0.2401,0.2401,0.24,0.24,4
1779811740,0.2399,0.2402,0.2399,0.2402,8
1779811800,0.2401,0.2401,0.24,0.24,4
1779811860,0.2398,0.2398,0.2398,0.2398,2
1779811920,0.2396,0.2396,0.2395,0.2395,4
1779811980,0.2392,0.2397,0.2392,0.2396,16
1779812040,0.2398,0.2398,0.2396,0.2396,6
1779812100,0.2397,0.2399,0.2397,0.2399,6
1779812160,0.24,0.24,0.24,0.24,2
1779812220,0.2401,0.2401,0.24,0.24,4
1779812280,0.2399,0.2399,0.2399,0.2399,2
1779812340,0.24,0.24,0.24,0.24,2
1779812400,0.2401,0.2401,0.2401,0.2401,2
1779812460,0.24,0.24,0.2399,0.2399,4
1779812520,0.24,0.24,0.24,0.24,2
1779812580,0.2402,0.2402,0.24,0.2401,8
1779812640,0.2401,0.2402,0.2401,0.2402,4
1779812700,0.2403,0.2403,0.2403,0.2403,2
1779812760,0.2404,0.2404,0.2403,0.2403,4
1779812820,0.2402,0.2402,0.24,0.24,6
1779812880,0.24,0.2402,0.24,0.2401,12
1779813000,0.2402,0.2403,0.2402,0.2402,6
1779813060,0.2401,0.2401,0.2399,0.2399,6
1779813120,0.2398,0.2399,0.2397,0.2397,8
1779813180,0.24,0.2401,0.24,0.2401,8
1779813240,0.2403,0.2403,0.2402,0.2402,8
1779813300,0.2401,0.2402,0.2401,0.2402,4
1779813360,0.2404,0.2404,0.2403,0.2404,6
1779813420,0.2404,0.2405,0.2404,0.2404,8
1779813480,0.2405,0.2405,0.2405,0.2405,2
1779813540,0.2404,0.2404,0.2404,0.2404,2
1779813600,0.2402,0.2402,0.2401,0.2401,4
1779813660,0.24,0.24,0.24,0.24,2
1779813720,0.2401,0.2401,0.2401,0.2401,2
1779813780,0.2401,0.2401,0.2401,0.2401,2
1779813840,0.2399,0.24,0.2399,0.24,4
1779813900,0.2401,0.2401,0.2401,0.2401,2
1779813960,0.2402,0.2402,0.2402,0.2402,2
1779814020,0.2403,0.2403,0.2402,0.2402,4
1779814080,0.24,0.24,0.24,0.24,2
1779814140,0.2398,0.2398,0.2396,0.2397,8
1779814200,0.2396,0.2396,0.2396,0.2396,2
1779814260,0.2396,0.2397,0.2396,0.2397,4
1779814320,0.2395,0.2396,0.2395,0.2396,4
1779814380,0.2393,0.2395,0.2393,0.2395,14
1779814440,0.2396,0.2398,0.2396,0.2398,6
1779814560,0.2398,0.2398,0.2398,0.2398,2
1779814620,0.2399,0.2399,0.2398,0.2398,4
1779814680,0.24,0.24,0.24,0.24,2
1779814740,0.24,0.24,0.24,0.24,2
1779814800,0.2397,0.2397,0.2396,0.2396,4
1779814860,0.2395,0.2395,0.2395,0.2395,2
1779814920,0.2397,0.2398,0.2397,0.2398,8
1779814980,0.24,0.2401,0.24,0.2401,4
1779815040,0.24,0.24,0.24,0.24,2
1779815100,0.2398,0.2398,0.2398,0.2398,2
1779815160,0.2396,0.2396,0.2395,0.2395,4
1779815220,0.2397,0.2397,0.2397,0.2397,2
1779815280,0.2395,0.2395,0.2395,0.2395,2
1779815340,0.2396,0.2396,0.2396,0.2396,2
1779815400,0.2396,0.2397,0.2396,0.2397,4
1779815460,0.2398,0.2398,0.2396,0.2396,6
1779815520,0.2395,0.2396,0.2395,0.2396,4
1779815580,0.2395,0.2395,0.2394,0.2395,6
1779815640,0.2394,0.2394,0.2393,0.2393,4
1779815700,0.2392,0.2392,0.2392,0.2392,2
1779815760,0.2391,0.2391,0.2391,0.2391,2
1779815820,0.2394,0.2395,0.2393,0.2393,10
1779815880,0.2391,0.2392,0.2389,0.2389,10
1779815940,0.2389,0.239,0.2389,0.2389,6
1779816000,0.2387,0.2387,0.2386,0.2386,4
1779816060,0.2383,0.2384,0.2382,0.2384,12
1779816120,0.2384,0.2384,0.2383,0.2384,5
1779816180,0.2383,0.2384,0.2383,0.2383,10
1779816240,0.2379,0.2382,0.2378,0.238,18
1779816300,0.238,0.238,0.238,0.238,2
1779816360,0.2377,0.2379,0.2377,0.2379,10
1779816420,0.2378,0.2379,0.2378,0.2378,6
1779816480,0.2377,0.2377,0.2375,0.2376,8
1779816540,0.2375,0.2375,0.2374,0.2375,6
1779816600,0.2373,0.2375,0.2368,0.2374,52
1779816660,0.237,0.237,0.2369,0.237,6
1779816720,0.2369,0.2371,0.2369,0.237,12
1779816780,0.2367,0.2367,0.2365,0.2366,12
1779816840,0.2367,0.2368,0.2367,0.2368,4
1779816900,0.237,0.2371,0.2369,0.2369,8
1779816960,0.2374,0.2376,0.2374,0.2375,8
1779817020,0.2377,0.2377,0.2376,0.2376,4
1779817080,0.2378,0.2379,0.2377,0.2379,8
1779817140,0.238,0.238,0.2379,0.2379,4
1779817200,0.2377,0.2378,0.2376,0.2377,10
1779817260,0.2376,0.2376,0.2375,0.2375,8
1779817320,0.2377,0.2377,0.2376,0.2377,10
1779817380,0.2376,0.2379,0.2376,0.2379,15
1779817440,0.2379,0.2379,0.2378,0.2378,4
1779817500,0.238,0.238,0.238,0.238,2
1779817560,0.2382,0.2382,0.2382,0.2382,2
1779817620,0.2381,0.2381,0.2381,0.2381,2
1779817680,0.2382,0.2382,0.2382,0.2382,2
1779817740,0.2383,0.2386,0.2383,0.2385,6
1779817800,0.2384,0.2384,0.2384,0.2384,2
1779817860,0.2384,0.2385,0.2384,0.2384,10
1779817920,0.2385,0.2385,0.2385,0.2385,2
1779817980,0.2386,0.2386,0.2386,0.2386,2
1779818040,0.2386,0.2386,0.2384,0.2384,6
1779818100,0.2383,0.2383,0.2383,0.2383,2
1779818160,0.2383,0.2384,0.2383,0.2384,4
1779818220,0.2383,0.2383,0.2383,0.2383,2
1779818280,0.2383,0.2383,0.2382,0.2382,4
1779818340,0.2381,0.2381,0.2381,0.2381,2
1779818400,0.238,0.238,0.2379,0.2379,4
1779818460,0.238,0.2381,0.238,0.2381,4
1779818520,0.2381,0.2381,0.2381,0.2381,2
1779818580,0.238,0.238,0.238,0.238,2
1779818640,0.2383,0.2384,0.2383,0.2384,4
1779818700,0.2384,0.2384,0.2383,0.2383,8
1779818760,0.2384,0.2384,0.2384,0.2384,2
1779818820,0.2385,0.2385,0.2385,0.2385,2
1779818880,0.2386,0.2386,0.2386,0.2386,2
1779818940,0.2387,0.2387,0.2387,0.2387,2
1779819000,0.2385,0.2385,0.2384,0.2385,6
1779819060,0.2385,0.2385,0.2385,0.2385,2
1779819180,0.2384,0.2384,0.2384,0.2384,2
1779819240,0.2386,0.2386,0.2386,0.2386,2
1779819300,0.2387,0.2387,0.2387,0.2387,2
1779819360,0.2386,0.2386,0.2386,0.2386,2
1779819420,0.2388,0.2389,0.2388,0.2389,4
1779819480,0.239,0.2392,0.239,0.2392,6
1779819540,0.2392,0.2394,0.2392,0.2393,8
1779819600,0.2394,0.2394,0.2394,0.2394,2
1779819660,0.2393,0.2394,0.2393,0.2394,4
1779819720,0.2396,0.2398,0.2396,0.2398,9
1779819780,0.2397,0.2399,0.2397,0.2399,10
1779819840,0.2398,0.2399,0.2398,0.2399,4
1779819900,0.2397,0.2397,0.2397,0.2397,2
1779819960,0.2395,0.2395,0.2395,0.2395,2
1779820020,0.2393,0.2393,0.2393,0.2393,2
1779820080,0.2391,0.2391,0.2391,0.2391,2
1779820140,0.239,0.2391,0.239,0.2391,4
1779820200,0.2391,0.2391,0.2391,0.2391,2
1779820260,0.2393,0.2393,0.2392,0.2392,4
1779820320,0.2393,0.2394,0.2393,0.2394,4
1779820380,0.2394,0.2394,0.2394,0.2394,2
1779820440,0.2393,0.2393,0.2393,0.2393,2
1779820500,0.2393,0.2393,0.2393,0.2393,2
1779820560,0.2393,0.2393,0.2392,0.2392,4
1779820620,0.239,0.239,0.239,0.239,2
1779820680,0.2388,0.2388,0.2388,0.2388,2
1779820740,0.239,0.239,0.239,0.239,2
1779820800,0.2389,0.2389,0.2388,0.2388,4
1779820860,0.2385,0.2385,0.2384,0.2384,4
1779820920,0.2384,0.2385,0.2384,0.2384,6
1779820980,0.2384,0.2384,0.2381,0.2382,10
1779821040,0.2379,0.2379,0.2378,0.2379,6
1779821100,0.2379,0.2379,0.2378,0.2379,6
1779821160,0.2379,0.2379,0.2379,0.2379,2
1779821220,0.2381,0.2381,0.2381,0.2381,2
1779821280,0.2381,0.2382,0.2381,0.2381,4
1779821340,0.238,0.238,0.238,0.238,2
1779821400,0.2379,0.2381,0.2379,0.2381,6
1779821460,0.2381,0.2381,0.2381,0.2381,2
1779821520,0.2383,0.2384,0.2383,0.2384,4
1779821580,0.2383,0.2383,0.2382,0.2383,6
1779821640,0.2384,0.2384,0.2383,0.2383,4
1779821700,0.2384,0.2384,0.2383,0.2383,4
1779821820,0.2382,0.2382,0.2381,0.2382,6
1779821880,0.2381,0.2381,0.2381,0.2381,2
1779821940,0.2379,0.2379,0.2379,0.2379,2
1779822000,0.2379,0.2379,0.2379,0.2379,2
1779822060,0.238,0.238,0.238,0.238,2
1779822120,0.2381,0.2381,0.2379,0.2379,10
1779822180,0.238,0.2381,0.238,0.2381,4
1779822240,0.2381,0.2381,0.2381,0.2381,2
1779822300,0.238,0.238,0.238,0.238,2
1779822360,0.2381,0.2381,0.2381,0.2381,2
1779822420,0.238,0.238,0.238,0.238,2
1779822480,0.2381,0.2383,0.2381,0.2382,8
1779822540,0.2382,0.2382,0.2382,0.2382,2
1779822600,0.2381,0.2383,0.2381,0.2383,10
1779822660,0.2379,0.238,0.2379,0.238,4
1779822720,0.2378,0.2378,0.2378,0.2378,2
1779822780,0.2379,0.238,0.2379,0.2379,6
1779822840,0.2378,0.2378,0.2376,0.2376,6
1779822900,0.2377,0.2377,0.2373,0.2374,12
1779822960,0.2376,0.2376,0.2376,0.2376,2
1779823080,0.2376,0.2377,0.2376,0.2377,2
1779823140,0.2377,0.2377,0.2377,0.2377,2
1779823260,0.2376,0.2376,0.2374,0.2374,6
1779823320,0.2374,0.2374,0.2374,0.2374,2
1779823440,0.2375,0.2375,0.2374,0.2374,4
1779823500,0.2375,0.2376,0.2375,0.2376,4
1779823560,0.2376,0.2376,0.2375,0.2375,4
1779823620,0.2376,0.2376,0.2376,0.2376,2
1779823680,0.2377,0.2377,0.2376,0.2376,4
1779823740,0.2376,0.2376,0.2376,0.2376,2
1779823800,0.2375,0.2376,0.2374,0.2376,8
1779823860,0.2377,0.2378,0.2377,0.2378,16
1779823920,0.2379,0.2379,0.2379,0.2379,2
1779823980,0.2378,0.2378,0.2378,0.2378,2
1779824040,0.2378,0.2378,0.2377,0.2377,4
1779824100,0.2376,0.2376,0.2376,0.2376,2
1779824160,0.2377,0.2377,0.2377,0.2377,2
1779824220,0.2378,0.2378,0.2378,0.2378,2
1779824280,0.2378,0.2378,0.2378,0.2378,2
1779824340,0.2379,0.2379,0.2379,0.2379,2
1779824400,0.2379,0.2379,0.2379,0.2379,2
1779824460,0.2381,0.2381,0.2381,0.2381,2
1779824520,0.2382,0.2386,0.2382,0.2386,10
1779824580,0.2387,0.2388,0.2387,0.2388,4
1779824640,0.2386,0.2386,0.2386,0.2386,2
1779824700,0.2386,0.2386,0.2386,0.2386,2
1779824760,0.2386,0.2386,0.2386,0.2386,2
1779824820,0.2385,0.2385,0.2385,0.2385,2
1779824880,0.2386,0.2386,0.2385,0.2385,4
1779824940,0.2385,0.2386,0.2385,0.2386,6
1779825000,0.2386,0.2388,0.2386,0.2388,6
1779825060,0.2386,0.2386,0.2386,0.2386,2
1779825120,0.2387,0.2388,0.2387,0.2388,4
1779825180,0.2388,0.2388,0.2388,0.2388,2
1779825240,0.2388,0.2388,0.2388,0.2388,2
1779825300,0.2387,0.2388,0.2387,0.2387,6
1779825360,0.2388,0.2388,0.2388,0.2388,2
1779825420,0.2389,0.2389,0.2389,0.2389,2
1779825480,0.2388,0.2388,0.2388,0.2388,2
1779825540,0.2386,0.2386,0.2386,0.2386,2
1779825600,0.2387,0.2387,0.2386,0.2386,4
1779825660,0.2387,0.2387,0.2387,0.2387,2
1779825720,0.2386,0.2387,0.2386,0.2386,6
1779825780,0.2386,0.2386,0.2385,0.2385,4
1779825840,0.2387,0.2387,0.2387,0.2387,2
1779825900,0.2386,0.2386,0.2386,0.2386,2
1779825960,0.2385,0.2385,0.2385,0.2385,2
1779826080,0.2386,0.2386,0.2386,0.2386,2
1779826140,0.2385,0.2385,0.2385,0.2385,2
1779826200,0.2385,0.2385,0.2385,0.2385,2
1779826260,0.2388,0.2388,0.2387,0.2387,4
1779826380,0.2387,0.2387,0.2386,0.2386,4
1779826440,0.2387,0.2387,0.2387,0.2387,2
1779826500,0.2386,0.2386,0.2386,0.2386,2
1779826560,0.2387,0.2387,0.2387,0.2387,2
1779826620,0.2388,0.2388,0.2388,0.2388,2
1779826680,0.2387,0.2387,0.2386,0.2386,4
1779826740,0.2385,0.2385,0.2383,0.2383,6
1779826800,0.2383,0.2383,0.2382,0.2382,4
1779826860,0.2382,0.2382,0.2381,0.2382,6
1779826920,0.2381,0.2381,0.2381,0.2381,2
1779826980,0.2382,0.2382,0.2382,0.2382,2
1779827040,0.2381,0.2381,0.2381,0.2381,2
1779827100,0.2381,0.2381,0.238,0.238,4
1779827160,0.2381,0.2381,0.2381,0.2381,2
1779827220,0.2383,0.2383,0.2383,0.2383,2
1779827280,0.2385,0.2385,0.2384,0.2384,4
1779827340,0.2385,0.2385,0.2385,0.2385,2
1779827400,0.2384,0.2385,0.2384,0.2384,8
1779827460,0.2385,0.2385,0.2385,0.2385,2
1779827520,0.2385,0.2385,0.2385,0.2385,2
1779827580,0.2384,0.2384,0.2384,0.2384,2
1779827640,0.2384,0.2384,0.2383,0.2383,4
1779827700,0.2381,0.2382,0.2381,0.2382,4
1779827760,0.2382,0.2382,0.2381,0.2382,6
1779827820,0.2382,0.2382,0.2381,0.2381,4
1779827880,0.2381,0.2381,0.2381,0.2381,2
1779827940,0.2383,0.2383,0.2383,0.2383,2
1779828000,0.2382,0.2382,0.2382,0.2382,2
1779828060,0.2382,0.2382,0.2382,0.2382,2
1779828120,0.2384,0.2384,0.2384,0.2384,2
1779828180,0.2383,0.2383,0.2383,0.2383,2
1779828240,0.2384,0.2384,0.2384,0.2384,2
1779828300,0.2385,0.2385,0.2384,0.2384,4
1779828360,0.2385,0.2385,0.2385,0.2385,2
1779828420,0.2385,0.2386,0.2385,0.2386,2
1779828480,0.2385,0.2386,0.2385,0.2386,4
1779828540,0.2387,0.2387,0.2387,0.2387,2
1779828600,0.2385,0.2385,0.2385,0.2385,2
1779828720,0.2385,0.2385,0.2385,0.2385,2
1779828780,0.2386,0.2386,0.2386,0.2386,2
1779828840,0.2385,0.2386,0.2385,0.2386,4
1779828900,0.2385,0.2385,0.2385,0.2385,2
1779828960,0.2386,0.2386,0.2386,0.2386,2
1779829020,0.2387,0.2387,0.2387,0.2387,2
1779829500,0.2386,0.2386,0.2385,0.2386,6
1779829560,0.2387,0.2387,0.2387,0.2387,2
1779829680,0.2386,0.2386,0.2386,0.2386,2
1779829740,0.2385,0.2385,0.2385,0.2385,2
1779829800,0.2384,0.2385,0.2384,0.2385,4
1779829860,0.2384,0.2384,0.2383,0.2383,4
1779829920,0.2382,0.2382,0.2382,0.2382,2
1779829980,0.2381,0.2381,0.2377,0.2378,12
1779830040,0.2381,0.2381,0.2381,0.2381,2
1779830100,0.238,0.238,0.238,0.238,2
1779830160,0.2381,0.2382,0.2381,0.2382,4
1779830220,0.2384,0.2384,0.2383,0.2383,4
1779830280,0.2385,0.2385,0.2384,0.2384,4
1779830340,0.2385,0.2385,0.2385,0.2385,2
1779830400,0.2385,0.2385,0.2385,0.2385,2
1779830520,0.2388,0.2388,0.2388,0.2388,2
1779830580,0.2389,0.2389,0.2389,0.2389,2
1779830700,0.239,0.239,0.239,0.239,2
1779830760,0.2391,0.2391,0.2391,0.2391,2
1779830820,0.239,0.239,0.239,0.239,2
1779830880,0.239,0.239,0.239,0.239,2
1779830940,0.239,0.2391,0.239,0.2391,2
1779831060,0.2392,0.2392,0.2392,0.2392,2
1779831120,0.2393,0.2393,0.2391,0.2391,6
1779831180,0.239,0.239,0.239,0.239,2
1779831240,0.2389,0.2389,0.2389,0.2389,2
1779831480,0.239,0.2391,0.239,0.2391,4
1779831540,0.239,0.239,0.239,0.239,2
1779831600,0.2389,0.2389,0.2389,0.2389,2
1779831720,0.239,0.239,0.239,0.239,2
1779831780,0.239,0.2391,0.239,0.2391,2
1779831840,0.239,0.239,0.239,0.239,2
1779831900,0.2391,0.2391,0.2391,0.2391,2
1779832140,0.2392,0.2392,0.2391,0.2391,4
1779832200,0.239,0.239,0.239,0.239,2
1779832260,0.2389,0.2389,0.2389,0.2389,2
1779832320,0.2388,0.2388,0.2388,0.2388,2
1779832440,0.2387,0.2387,0.2383,0.2383,9
1779832500,0.2384,0.2384,0.2384,0.2384,2
1779832560,0.2382,0.2383,0.2382,0.2383,4
1779832620,0.2382,0.2382,0.2382,0.2382,2
1779832680,0.238,0.238,0.238,0.238,2
1779832740,0.2379,0.2381,0.2379,0.2381,6
1779832800,0.2383,0.2383,0.2383,0.2383,2
1779832860,0.2384,0.2384,0.2384,0.2384,2
1779832920,0.2383,0.2383,0.2383,0.2383,2
1779832980,0.2384,0.2387,0.2384,0.2387,14
1779833040,0.2386,0.2386,0.2385,0.2385,4
1779833100,0.2382,0.2382,0.2381,0.2381,4
1779833220,0.2381,0.2381,0.2381,0.2381,2
1779833280,0.2378,0.2379,0.2378,0.2379,4
1779833340,0.2381,0.2381,0.2381,0.2381,2
1779833460,0.2379,0.2379,0.2378,0.2378,4
1779833520,0.2379,0.238,0.2379,0.2379,6
1779833580,0.2378,0.2378,0.2377,0.2378,6
1779833640,0.238,0.238,0.238,0.238,2
1779833700,0.2379,0.238,0.2379,0.238,4
1779833760,0.238,0.238,0.2379,0.2379,4
1779833820,0.238,0.2381,0.238,0.2381,4
1779833880,0.2382,0.2382,0.2382,0.2382,2
1779833940,0.2381,0.2381,0.2381,0.2381,2
1779834000,0.238,0.238,0.238,0.238,2
1779834060,0.2383,0.2383,0.2383,0.2383,2
1779834120,0.2382,0.2382,0.2381,0.2381,4
1779834180,0.2384,0.2384,0.2382,0.2382,6
1779834240,0.2383,0.2383,0.2383,0.2383,2
1779834300,0.2384,0.2384,0.2384,0.2384,2
1779834360,0.2385,0.2385,0.2384,0.2384,4
1779834420,0.2383,0.2384,0.2383,0.2384,4
1779834540,0.2383,0.2383,0.2383,0.2383,2
1779834600,0.2383,0.2385,0.2383,0.2384,8
1779834720,0.2385,0.2386,0.2385,0.2386,4
1779834780,0.2387,0.2387,0.2387,0.2387,2
1779834840,0.2388,0.2388,0.2388,0.2388,2
1779834960,0.2387,0.2388,0.2387,0.2388,4
1779835020,0.2386,0.2386,0.2386,0.2386,2
1779835080,0.2386,0.2386,0.2386,0.2386,2
1779835140,0.2385,0.2385,0.2385,0.2385,2
1779835200,0.2385,0.2385,0.2384,0.2384,4
1779835260,0.2384,0.2384,0.2384,0.2384,2
1779835320,0.2384,0.2384,0.2384,0.2384,2
1779835380,0.2383,0.2384,0.2383,0.2384,4
1779835440,0.2382,0.2382,0.2382,0.2382,2
1779835500,0.2382,0.2382,0.2381,0.2382,6
1779835560,0.238,0.2381,0.238,0.2381,4
1779835620,0.2382,0.2382,0.2382,0.2382,2
1779835680,0.2381,0.2381,0.2381,0.2381,2
1779835800,0.2382,0.2382,0.2382,0.2382,2
1779835860,0.2382,0.2382,0.2382,0.2382,2
1779835920,0.2381,0.2381,0.2381,0.2381,2
1779835980,0.238,0.238,0.238,0.238,2
1779836040,0.2383,0.2383,0.2383,0.2383,2
1779836100,0.2382,0.2382,0.2382,0.2382,2
1779836220,0.2382,0.2382,0.2382,0.2382,2
1779836280,0.2383,0.2383,0.2383,0.2383,2
1779836400,0.2384,0.2386,0.2384,0.2386,6
1779836460,0.2388,0.2388,0.2387,0.2387,4
1779836520,0.2387,0.2387,0.2387,0.2387,2
1779836580,0.2387,0.2387,0.2387,0.2387,2
1779836640,0.2388,0.2388,0.2388,0.2388,2
1779836700,0.2387,0.2387,0.2387,0.2387,2
1779836760,0.2387,0.2389,0.2387,0.2389,6
1779836820,0.2388,0.2388,0.2388,0.2388,2
1779836880,0.2389,0.2389,0.2389,0.2389,2
1779836940,0.239,0.239,0.239,0.239,2
1779837000,0.2389,0.2389,0.2389,0.2389,2
1779837060,0.2391,0.2391,0.2389,0.2389,6
1779837180,0.2388,0.2389,0.2388,0.2389,4
1779837300,0.2391,0.2391,0.2391,0.2391,2
1779837360,0.239,0.239,0.239,0.239,2
1779837420,0.2391,0.2391,0.2391,0.2391,2
1779837480,0.239,0.239,0.239,0.239,2
1779837600,0.239,0.239,0.239,0.239,2
1779837660,0.2391,0.2391,0.2391,0.2391,2
1779837720,0.2391,0.2391,0.2391,0.2391,2
1779837780,0.239,0.239,0.239,0.239,2
1779837840,0.2387,0.2387,0.2387,0.2387,2
1779837900,0.2386,0.2386,0.2386,0.2386,2
1779837960,0.2385,0.2385,0.2385,0.2385,2
1779838020,0.2385,0.2385,0.2384,0.2384,4
1779838080,0.2386,0.2386,0.2386,0.2386,2
1779838200,0.2387,0.2387,0.2387,0.2387,2
1779838380,0.2386,0.2386,0.2385,0.2385,4
1779838500,0.2386,0.2386,0.2386,0.2386,2
1779838620,0.2386,0.2387,0.2386,0.2387,4
1779838680,0.2388,0.2388,0.2388,0.2388,2
1779838740,0.2389,0.2389,0.2389,0.2389,2
1779838800,0.2388,0.2388,0.2387,0.2387,4
1779838860,0.2386,0.2386,0.2386,0.2386,2
1779838980,0.2387,0.2387,0.2387,0.2387,2
1779839040,0.2386,0.2386,0.2386,0.2386,2
1779839100,0.2387,0.2388,0.2387,0.2387,6
1779839160,0.2388,0.2388,0.2388,0.2388,2
1779839280,0.2388,0.2388,0.2388,0.2388,2
1779839340,0.2386,0.2386,0.2386,0.2386,2
1779839400,0.2386,0.2386,0.2386,0.2386,2
1779839460,0.2384,0.2384,0.2384,0.2384,2
1779839520,0.2385,0.2385,0.2385,0.2385,2
1779839640,0.2384,0.2385,0.2384,0.2385,4
1779839760,0.2384,0.2384,0.2384,0.2384,2
1779839820,0.2385,0.2385,0.2385,0.2385,2
1779839880,0.2385,0.2385,0.2385,0.2385,2
1779840000,0.2386,0.2387,0.2385,0.2387,8
1779840060,0.2388,0.2388,0.2388,0.2388,2
1779840120,0.239,0.2391,0.239,0.2391,4
1779840180,0.2391,0.2393,0.2391,0.2393,6
1779840240,0.2392,0.2392,0.2392,0.2392,2
1779840300,0.2393,0.2394,0.2393,0.2393,6
1779840360,0.2394,0.2394,0.2394,0.2394,2
1779840540,0.2395,0.2395,0.2395,0.2395,2
1779840600,0.2396,0.2396,0.2396,0.2396,2
1779840660,0.2395,0.2395,0.2394,0.2394,6
1779840720,0.2393,0.2393,0.2393,0.2393,2
1779840780,0.2394,0.2394,0.2394,0.2394,2
1779840840,0.2395,0.2395,0.2395,0.2395,2
1779840900,0.2394,0.2394,0.2393,0.2393,4
1779840960,0.2391,0.2392,0.2391,0.2392,4
1779841080,0.2391,0.2391,0.2391,0.2391,2
1779841200,0.239,0.2391,0.239,0.2391,4
1779841260,0.2391,0.2391,0.2391,0.2391,2
1779841380,0.2393,0.2393,0.2393,0.2393,2
1779841440,0.2394,0.2394,0.2394,0.2394,2
1779841500,0.2394,0.2394,0.2394,0.2394,2
1779841560,0.2395,0.2395,0.2395,0.2395,2
1779841620,0.2395,0.2395,0.2395,0.2395,2
1779841680,0.2395,0.2396,0.2395,0.2396,4
1779841740,0.2394,0.2394,0.2394,0.2394,2
1779841800,0.2396,0.2398,0.2396,0.2397,12
1779841860,0.2396,0.2396,0.2396,0.2396,2
1779841980,0.2396,0.2396,0.2396,0.2396,2
1779842040,0.2397,0.2397,0.2397,0.2397,2
1779842100,0.2396,0.2396,0.2396,0.2396,2
1779842160,0.2396,0.2396,0.2396,0.2396,2
1779842220,0.2396,0.2396,0.2396,0.2396,2
1779842280,0.2395,0.2395,0.2395,0.2395,2
1779842340,0.2395,0.2395,0.2395,0.2395,2
1779842460,0.2393,0.2394,0.2393,0.2394,4
1779842520,0.2396,0.2397,0.2396,0.2397,4
1779842580,0.2398,0.2398,0.2397,0.2397,4
1779842700,0.2397,0.2397,0.2397,0.2397,2
1779842760,0.2398,0.2398,0.2398,0.2398,2
1779842880,0.2399,0.2401,0.2399,0.2399,10
1779842940,0.24,0.24,0.2398,0.2398,10
1779843000,0.2399,0.2399,0.2398,0.2398,4
1779843060,0.2398,0.2398,0.2398,0.2398,2
1779843120,0.2401,0.2401,0.2401,0.2401,2
1779843240,0.24,0.24,0.24,0.24,2
1779843300,0.2399,0.24,0.2399,0.24,2
1779843360,0.2401,0.2401,0.24,0.24,4
1779843480,0.2401,0.2401,0.24,0.24,4
1779843600,0.24,0.2401,0.24,0.2401,4
1779843780,0.2401,0.2401,0.2401,0.2401,2
1779843840,0.24,0.24,0.24,0.24,2
1779843900,0.2399,0.2399,0.2399,0.2399,2
1779843960,0.24,0.24,0.24,0.24,2
1779844140,0.24,0.24,0.24,0.24,2
1779844200,0.2399,0.2399,0.2399,0.2399,2
1779844260,0.2398,0.2398,0.2398,0.2398,2
1779844320,0.2399,0.2399,0.2399,0.2399,2
1779844380,0.2398,0.2398,0.2398,0.2398,2
1779844500,0.24,0.24,0.24,0.24,2
1779844620,0.24,0.24,0.24,0.24,2
1779844680,0.24,0.24,0.2399,0.2399,4
1779844740,0.2398,0.2398,0.2398,0.2398,2
1779844800,0.2396,0.2396,0.2395,0.2395,4
1779844860,0.2394,0.2394,0.2394,0.2394,2
1779844920,0.2393,0.2396,0.2393,0.2396,8
1779844980,0.2395,0.2395,0.2395,0.2395,2
1779845100,0.2395,0.2395,0.2394,0.2395,6
1779845220,0.2395,0.2396,0.2395,0.2396,4
1779845280,0.2397,0.2397,0.2397,0.2397,2
1779845340,0.2396,0.2396,0.2396,0.2396,2
1779845400,0.2396,0.2396,0.2396,0.2396,2
1779845460,0.2396,0.2396,0.2396,0.2396,2
1779845580,0.2396,0.2396,0.2396,0.2396,2
1779845640,0.2395,0.2395,0.2395,0.2395,2
1779845700,0.2394,0.2394,0.2394,0.2394,2
1779845760,0.2393,0.2393,0.2393,0.2393,2
1779845820,0.2394,0.2395,0.2394,0.2395,4
1779845880,0.2394,0.2395,0.2394,0.2395,12
1779845940,0.2395,0.2395,0.2395,0.2395,2
1779846000,0.2395,0.2395,0.2395,0.2395,2
1779846180,0.2396,0.2396,0.2394,0.2394,6
1779846240,0.2394,0.2395,0.2394,0.2395,10
1779846300,0.2391,0.2391,0.2391,0.2391,2
1779846360,0.2393,0.2393,0.2392,0.2393,6
1779846420,0.2392,0.2394,0.2392,0.2394,6
1779846480,0.2395,0.2395,0.2395,0.2395,2
1779846540,0.2394,0.2396,0.2394,0.2395,7
1779846600,0.2395,0.2395,0.2394,0.2394,8
1779846720,0.2394,0.2394,0.2394,0.2394,2
1779846780,0.2395,0.2395,0.2395,0.2395,2
1779846840,0.2395,0.2395,0.2395,0.2395,2
1779846960,0.2393,0.2393,0.2393,0.2393,2
1779847020,0.2391,0.2391,0.239,0.239,4
1779847080,0.2389,0.2389,0.2389,0.2389,2
1779847140,0.2387,0.2387,0.2387,0.2387,2
1779847200,0.2388,0.2388,0.2388,0.2388,2
1779847260,0.2389,0.2389,0.2389,0.2389,2
1779847320,0.2387,0.2387,0.2387,0.2387,2
1779847380,0.2385,0.2385,0.2384,0.2384,4
1779847440,0.2387,0.2387,0.2387,0.2387,2
1779847500,0.2386,0.2386,0.2385,0.2386,6
1779847560,0.2387,0.2387,0.2387,0.2387,2
1779847620,0.2385,0.2385,0.2385,0.2385,2
1779847680,0.2384,0.2384,0.2384,0.2384,2
1779847800,0.2383,0.2383,0.2383,0.2383,2
1779847860,0.2384,0.2384,0.2384,0.2384,2
1779847920,0.2385,0.2385,0.2385,0.2385,2
1779847980,0.2384,0.2384,0.2384,0.2384,2
1779848040,0.2385,0.2386,0.2385,0.2385,6
1779848100,0.2384,0.2385,0.2384,0.2385,4
1779848160,0.2383,0.2383,0.2383,0.2383,2
1779848220,0.2383,0.2383,0.2383,0.2383,2
1779848280,0.238,0.238,0.2377,0.2378,10
1779848340,0.2379,0.2379,0.2377,0.2378,8
1779848400,0.238,0.238,0.238,0.238,2
1779848520,0.2379,0.238,0.2379,0.238,4
1779848580,0.2381,0.2381,0.2381,0.2381,2
1779848640,0.2382,0.2382,0.2381,0.2381,4
1779848700,0.2383,0.2383,0.2382,0.2382,4
1779848760,0.2382,0.2382,0.2382,0.2382,2
1779848820,0.2384,0.2384,0.2384,0.2384,2
1779848880,0.2385,0.2385,0.2385,0.2385,2
1779848940,0.2383,0.2384,0.2383,0.2384,4
1779849000,0.2383,0.2384,0.2383,0.2384,4
1779849060,0.2384,0.2384,0.2384,0.2384,2
1779849120,0.2383,0.2384,0.2383,0.2384,4
1779849180,0.2385,0.2386,0.2385,0.2386,4
1779849240,0.2387,0.2387,0.2387,0.2387,2
1779849300,0.2388,0.2388,0.2388,0.2388,2
1779849360,0.2386,0.2386,0.2386,0.2386,2
1779849420,0.2387,0.2387,0.2387,0.2387,2
1779849480,0.2385,0.2385,0.2385,0.2385,2
1779849540,0.2386,0.2386,0.2384,0.2385,8
1779849600,0.2384,0.2384,0.2384,0.2384,2
1779849660,0.2386,0.2386,0.2385,0.2385,8
1779849720,0.2384,0.2384,0.2383,0.2383,4
1779849840,0.2384,0.2384,0.2384,0.2384,2
1779849960,0.2386,0.2386,0.2386,0.2386,2
1779850020,0.2387,0.2387,0.2386,0.2386,4
1779850080,0.2386,0.2386,0.2386,0.2386,2
1779850140,0.2385,0.2385,0.2385,0.2385,2
1779850200,0.2386,0.2386,0.2385,0.2385,4
1779850260,0.2384,0.2386,0.2384,0.2386,6
1779850320,0.2387,0.2387,0.2387,0.2387,2
1779850500,0.2388,0.2388,0.2388,0.2388,2
1779850560,0.2389,0.2389,0.2388,0.2388,4
1779850620,0.239,0.239,0.2389,0.2389,4
1779850680,0.239,0.239,0.239,0.239,2
1779850740,0.239,0.239,0.239,0.239,2
1779850800,0.2392,0.2392,0.239,0.239,6
1779850860,0.2387,0.2387,0.2387,0.2387,2
1779850920,0.2388,0.2388,0.2388,0.2388,2
1779850980,0.239,0.239,0.239,0.239,2
1779851040,0.239,0.239,0.239,0.239,2
1779851100,0.239,0.239,0.239,0.239,2
1779851160,0.239,0.2391,0.239,0.2391,4
1779851220,0.239,0.2391,0.239,0.2391,4
1779851280,0.2392,0.2392,0.2391,0.2391,4
1779851340,0.2391,0.2392,0.2391,0.2392,4
1779851400,0.2391,0.2391,0.2391,0.2391,2
1779851700,0.2389,0.239,0.2389,0.239,4
1779851760,0.2389,0.2389,0.2387,0.2387,6
1779852000,0.2386,0.2386,0.2386,0.2386,2
1779852060,0.2385,0.2385,0.2385,0.2385,2
1779852180,0.2387,0.2388,0.2387,0.2388,4
1779852240,0.2386,0.2387,0.2386,0.2387,4
1779852300,0.2388,0.239,0.2388,0.239,6
1779852360,0.239,0.239,0.239,0.239,2
1779852480,0.2389,0.2389,0.2389,0.2389,2
1779852600,0.2391,0.2391,0.2391,0.2391,2
1779852660,0.2391,0.2391,0.2391,0.2391,2
1779852780,0.239,0.239,0.239,0.239,2
1779852900,0.2388,0.2388,0.2388,0.2388,2
1779852960,0.2386,0.2387,0.2386,0.2387,4
1779853020,0.2386,0.2387,0.2386,0.2387,4
1779853080,0.2388,0.2388,0.2388,0.2388,2
1779853140,0.2387,0.2387,0.2387,0.2387,2
1779853200,0.2387,0.2389,0.2387,0.2389,6
1779853260,0.2388,0.2388,0.2387,0.2388,4
1779853320,0.2388,0.2388,0.2388,0.2388,2
1779853380,0.2387,0.2389,0.2387,0.2389,6
1779853500,0.2388,0.2388,0.2388,0.2388,2
1779853560,0.2386,0.2386,0.2386,0.2386,2
1779853620,0.2386,0.2386,0.2386,0.2386,2
1779853680,0.2385,0.2385,0.2382,0.2383,18
1779853740,0.2383,0.2384,0.2382,0.2384,8
1779853800,0.2381,0.2382,0.238,0.2382,8
1779853860,0.2384,0.2384,0.2383,0.2384,6
1779853980,0.2385,0.2385,0.2384,0.2384,4
1779854100,0.2385,0.2385,0.2384,0.2384,4
1779854160,0.2386,0.2386,0.2385,0.2385,4
1779854220,0.2386,0.2386,0.2386,0.2386,2
1779854280,0.2385,0.2386,0.2385,0.2386,4
1779854340,0.2387,0.2387,0.2387,0.2387,2
1779854400,0.2384,0.2384,0.2384,0.2384,2
1779854460,0.2385,0.2385,0.2385,0.2385,2
1779854520,0.2386,0.2386,0.2386,0.2386,2
1779854580,0.2385,0.2385,0.2385,0.2385,2
1779854700,0.2384,0.2384,0.2384,0.2384,2
1779854760,0.2385,0.2385,0.2385,0.2385,2
1779854820,0.2386,0.2386,0.2386,0.2386,2
1779854880,0.2387,0.2387,0.2387,0.2387,2
1779855060,0.2386,0.2386,0.2386,0.2386,2
1779855120,0.2388,0.2388,0.2388,0.2388,2
1779855180,0.2387,0.2387,0.2387,0.2387,2
1779855240,0.2385,0.2385,0.2385,0.2385,2
1779855300,0.2386,0.2386,0.2385,0.2385,4
1779855360,0.2384,0.2385,0.2384,0.2384,6
1779855420,0.2383,0.2383,0.2382,0.2382,4
1779855480,0.2382,0.2382,0.2381,0.2381,4
1779855540,0.2376,0.2378,0.2376,0.2377,8
1779855600,0.2377,0.2377,0.2377,0.2377,2
1779855660,0.2376,0.2377,0.2376,0.2377,4
1779855720,0.2377,0.2377,0.2376,0.2376,4
1779855780,0.2377,0.2377,0.2377,0.2377,2
1779855840,0.2377,0.2377,0.2376,0.2377,6
1779855900,0.2378,0.2378,0.2378,0.2378,2
1779855960,0.2379,0.2379,0.2379,0.2379,2
1779856020,0.2378,0.2379,0.2378,0.2379,4
1779856140,0.2377,0.2377,0.2377,0.2377,2
1779856200,0.2374,0.2374,0.2374,0.2374,2
1779856260,0.2359,0.2361,0.2359,0.236,8
1779856320,0.2361,0.2363,0.2361,0.2362,8
1779856380,0.2363,0.2363,0.2363,0.2363,2
1779856440,0.2366,0.2366,0.2365,0.2365,4
1779856500,0.2366,0.2366,0.2365,0.2365,4
1779856560,0.2366,0.2368,0.2366,0.2367,8
1779856620,0.2368,0.2368,0.2368,0.2368,2
1779856680,0.2367,0.2368,0.2367,0.2368,4
1779856740,0.2369,0.2369,0.2369,0.2369,2
1779856800,0.2369,0.237,0.2369,0.237,4
1779856860,0.2369,0.2369,0.2369,0.2369,2
1779857100,0.237,0.2371,0.237,0.2371,4
1779857160,0.2372,0.2373,0.2372,0.2373,4
1779857220,0.2373,0.2373,0.2373,0.2373,2
1779857280,0.2374,0.2374,0.2374,0.2374,2
1779857340,0.2375,0.2375,0.2375,0.2375,2
1779857400,0.2376,0.2376,0.2376,0.2376,2
1779857460,0.2379,0.2379,0.2379,0.2379,2
1779857520,0.2379,0.2379,0.2378,0.2378,8
1779857580,0.2379,0.2379,0.2378,0.2378,4
1779857640,0.238,0.238,0.238,0.238,2
1779857700,0.2379,0.2379,0.2379,0.2379,2
1779857820,0.2379,0.2379,0.2379,0.2379,2
1779857880,0.238,0.238,0.238,0.238,2
1779857940,0.2381,0.2381,0.2381,0.2381,2
1779858000,0.2381,0.2381,0.2381,0.2381,2
1779858120,0.2382,0.2382,0.2382,0.2382,2
1779858180,0.2383,0.2383,0.2382,0.2382,4
1779858300,0.2383,0.2383,0.2382,0.2382,4
1779858360,0.2382,0.2382,0.2382,0.2382,2
1779858420,0.2383,0.2383,0.2383,0.2383,2
1779858600,0.2382,0.2382,0.2381,0.2381,4
1779858660,0.2381,0.2381,0.2381,0.2381,2
1779858720,0.238,0.2381,0.238,0.2381,4
1779858840,0.238,0.2382,0.238,0.2382,6
1779858960,0.2383,0.2383,0.2383,0.2383,2
1779859020,0.2381,0.2381,0.2381,0.2381,2
1779859200,0.238,0.238,0.2379,0.238,6
1779859320,0.2382,0.2383,0.2382,0.2382,6
1779859380,0.2383,0.2383,0.2383,0.2383,2
1779859440,0.2385,0.2385,0.2385,0.2385,2
1779859560,0.2387,0.2387,0.2387,0.2387,2
1779859620,0.2389,0.2389,0.2389,0.2389,2
1779859740,0.2388,0.2388,0.2386,0.2386,6
1779859800,0.2387,0.2387,0.2387,0.2387,2
1779859860,0.2387,0.2387,0.2387,0.2387,2
1779859920,0.2386,0.2386,0.2386,0.2386,2
1779859980,0.2385,0.2385,0.2385,0.2385,2
1779860040,0.2386,0.2386,0.2386,0.2386,2
1779860100,0.2385,0.2386,0.2385,0.2386,4
1779860160,0.2387,0.2387,0.2385,0.2385,6
1779860220,0.2386,0.2386,0.2386,0.2386,2
1779860280,0.2385,0.2385,0.2385,0.2385,2
1779860340,0.2384,0.2384,0.2384,0.2384,2
1779860460,0.2383,0.2383,0.2381,0.2382,8
1779860520,0.2381,0.2381,0.238,0.2381,6
1779860580,0.2382,0.2382,0.2381,0.2381,4
1779860640,0.238,0.2381,0.238,0.2381,4
1779860700,0.238,0.2381,0.238,0.2381,4
1779860760,0.2381,0.2381,0.2381,0.2381,2
1779860820,0.2383,0.2383,0.2383,0.2383,2
1779860880,0.2383,0.2383,0.2382,0.2382,4
1779860940,0.2381,0.2382,0.2381,0.2382,4
1779861000,0.2384,0.2384,0.2383,0.2383,4
1779861060,0.2384,0.2384,0.2384,0.2384,2
1779861120,0.2384,0.2384,0.2384,0.2384,4
1779861180,0.2384,0.2384,0.2383,0.2383,4
1779861240,0.2383,0.2384,0.2383,0.2384,4
1779861300,0.2383,0.2384,0.2383,0.2384,4
1779861360,0.2386,0.2387,0.2386,0.2386,6
1779861420,0.2384,0.2384,0.2384,0.2384,2
1779861540,0.2384,0.2385,0.2384,0.2385,8
1779861600,0.2385,0.2385,0.2385,0.2385,2
1779861660,0.2382,0.2382,0.2382,0.2382,2
1779861720,0.2381,0.2382,0.2381,0.2382,4
1779861780,0.2383,0.2383,0.2383,0.2383,2
1779861900,0.2383,0.2383,0.2383,0.2383,2
1779861960,0.2384,0.2385,0.2384,0.2385,4
1779862020,0.2386,0.2387,0.2386,0.2387,4
1779862080,0.2387,0.2388,0.2387,0.2388,4
1779862200,0.2387,0.2387,0.2387,0.2387,2
1779862260,0.2385,0.2385,0.2384,0.2384,4
1779862320,0.2383,0.2383,0.2383,0.2383,2
1779862380,0.2384,0.2384,0.2384,0.2384,2
1779862440,0.2385,0.2385,0.2385,0.2385,2
1779862500,0.2384,0.2384,0.2383,0.2383,12
1779862560,0.2384,0.2384,0.2384,0.2384,2
1779862620,0.2384,0.2384,0.2384,0.2384,2
1779862680,0.2383,0.2383,0.2383,0.2383,2
1779862740,0.2384,0.2384,0.2384,0.2384,2
1779862800,0.2385,0.2385,0.2385,0.2385,2
1779862860,0.2385,0.2385,0.2384,0.2384,4
1779862920,0.2381,0.2381,0.2381,0.2381,2
1779862980,0.2383,0.2383,0.2383,0.2383,2
1779863100,0.2382,0.2383,0.2382,0.2383,4
1779863160,0.2382,0.2383,0.2382,0.2383,4
1779863220,0.2384,0.2384,0.2384,0.2384,2
1779863280,0.2385,0.2385,0.2385,0.2385,2
1779863340,0.2387,0.2387,0.2386,0.2386,4
1779863400,0.2387,0.2389,0.2387,0.2389,6
1779863460,0.239,0.239,0.2388,0.2388,6
1779863520,0.2387,0.2387,0.2386,0.2386,4
1779863580,0.2387,0.2388,0.2387,0.2388,4
1779863700,0.2388,0.2389,0.2388,0.2389,8
1779863760,0.2387,0.2388,0.2387,0.2388,4
1779863820,0.239,0.239,0.239,0.239,2
1779863880,0.2389,0.2389,0.2389,0.2389,2
1779864060,0.239,0.239,0.239,0.239,2
1779864120,0.239,0.239,0.239,0.239,2
1779864300,0.2391,0.2391,0.2391,0.2391,2
1779864360,0.2392,0.2392,0.2392,0.2392,2
1779864420,0.2393,0.2393,0.2393,0.2393,2
1779864480,0.2392,0.2392,0.2392,0.2392,2
1779864540,0.2392,0.2392,0.2392,0.2392,2
1779864600,0.2391,0.2391,0.239,0.239,4
1779864660,0.2392,0.2392,0.2391,0.2391,4
1779864780,0.239,0.239,0.239,0.239,2
1779864840,0.2389,0.2389,0.2389,0.2389,2
1779864960,0.2388,0.2389,0.2388,0.2389,4
1779865020,0.2387,0.2387,0.2387,0.2387,2
1779865080,0.2388,0.2388,0.2388,0.2388,2
1779865140,0.2389,0.2389,0.2389,0.2389,2
1779865200,0.239,0.239,0.2389,0.2389,4
1779865260,0.239,0.239,0.239,0.239,2
1779865320,0.2391,0.2392,0.239,0.2392,8
1779865380,0.239,0.239,0.239,0.239,2
1779865440,0.2389,0.2389,0.2389,0.2389,2
1779865500,0.239,0.239,0.239,0.239,2
1779865560,0.2388,0.2388,0.2388,0.2388,2
1779865620,0.2388,0.2388,0.2388,0.2388,2
1779865680,0.2387,0.2388,0.2387,0.2388,4
1779865740,0.2387,0.2387,0.2387,0.2387,2
1779865800,0.2386,0.2386,0.2386,0.2386,2
1779865860,0.2386,0.2387,0.2386,0.2387,4
1779865920,0.2386,0.2387,0.2386,0.2387,4
1779865980,0.2386,0.2386,0.2386,0.2386,2
1779866040,0.2386,0.2386,0.2386,0.2386,2
1779866100,0.2385,0.2385,0.2385,0.2385,2
1779866160,0.2383,0.2383,0.2383,0.2383,2
1779866220,0.2383,0.2383,0.2383,0.2383,2
1779866280,0.2385,0.2385,0.2384,0.2384,4
1779866460,0.2383,0.2383,0.2383,0.2383,2
1779866520,0.2382,0.2382,0.2382,0.2382,2
1779866580,0.2384,0.2384,0.2384,0.2384,2
1779866640,0.2385,0.2385,0.2384,0.2385,6
1779866700,0.2383,0.2383,0.2383,0.2383,2
1779866760,0.2384,0.2384,0.2384,0.2384,2
1779866880,0.2385,0.2385,0.2385,0.2385,2
1779866940,0.2386,0.2386,0.2386,0.2386,2
1779867000,0.2385,0.2385,0.2384,0.2384,4
1779867060,0.2385,0.2385,0.2385,0.2385,2
1779867120,0.2384,0.2385,0.2384,0.2385,4
1779867180,0.2382,0.2383,0.2382,0.2383,4
1779867240,0.2384,0.2386,0.2384,0.2386,4
1779867300,0.2387,0.2387,0.2387,0.2387,2
1779867360,0.2388,0.2388,0.2387,0.2387,4
1779867420,0.2388,0.2388,0.2387,0.2387,4
1779867480,0.2386,0.2386,0.2386,0.2386,2
1779867540,0.2384,0.2384,0.2384,0.2384,2
1779867600,0.2384,0.2384,0.2384,0.2384,2
1779867720,0.2384,0.2384,0.2384,0.2384,2
1779867780,0.2385,0.2385,0.2385,0.2385,2
1779867900,0.2386,0.2386,0.2386,0.2386,2
1779867960,0.2385,0.2385,0.2385,0.2385,2
1779868080,0.2386,0.2386,0.2386,0.2386,2
1779868140,0.2384,0.2384,0.2384,0.2384,2
1779868200,0.2383,0.2383,0.2383,0.2383,2
1779868260,0.2383,0.2383,0.2383,0.2383,2
1779868380,0.2385,0.2385,0.2385,0.2385,2
1779868440,0.2386,0.2386,0.2386,0.2386,2
1779868500,0.2387,0.2387,0.2387,0.2387,2
1779868560,0.2387,0.2387,0.2387,0.2387,2
1779868740,0.2388,0.2388,0.2388,0.2388,2
1779868800,0.2387,0.2387,0.2387,0.2387,2
1779868860,0.2389,0.2389,0.2389,0.2389,2
1779868920,0.2391,0.2391,0.239,0.239,4
1779868980,0.2389,0.239,0.2389,0.239,4
1779869040,0.2389,0.2391,0.2389,0.2391,5
1779869100,0.2393,0.2394,0.2393,0.2394,8
1779869160,0.2392,0.2392,0.2391,0.2391,4
1779869220,0.2391,0.2391,0.2391,0.2391,2
1779869280,0.239,0.239,0.239,0.239,2
1779869340,0.239,0.239,0.239,0.239,2
1779869400,0.2391,0.2392,0.2391,0.2392,8
1779869460,0.2391,0.2391,0.2391,0.2391,2
1779869520,0.239,0.239,0.239,0.239,2
1779869580,0.2389,0.2389,0.2389,0.2389,2
1779869640,0.239,0.239,0.239,0.239,2
1779869760,0.239,0.239,0.239,0.239,2
1779869820,0.2389,0.2389,0.2389,0.2389,2
1779869880,0.2388,0.2389,0.2388,0.2389,4
1779869940,0.2389,0.2389,0.2389,0.2389,2
1779870000,0.2389,0.2389,0.2389,0.2389,2
1779870060,0.239,0.2391,0.239,0.2391,4
1779870120,0.2391,0.2393,0.2391,0.2393,6
1779870180,0.2394,0.2394,0.2393,0.2393,4
1779870240,0.2392,0.2392,0.2391,0.2391,4
1779870360,0.2393,0.2395,0.2393,0.2394,8
1779870420,0.2395,0.2395,0.2394,0.2395,10
1779870480,0.2394,0.2394,0.2394,0.2394,2
1779870540,0.2393,0.2394,0.2393,0.2393,6
1779870600,0.2394,0.2394,0.2394,0.2394,2
1779870660,0.2394,0.2394,0.2394,0.2394,2
1779870720,0.2394,0.2395,0.2394,0.2395,4
1779870780,0.2395,0.2395,0.2392,0.2392,6
1779870840,0.2392,0.2392,0.2392,0.2392,2
1779871020,0.2393,0.2393,0.2393,0.2393,2
1779871080,0.2392,0.2394,0.2392,0.2394,6
1779871140,0.2394,0.2394,0.2394,0.2394,2
1779871200,0.2393,0.2394,0.2393,0.2394,4
1779871260,0.2393,0.2393,0.2393,0.2393,2
1779871320,0.2393,0.2393,0.2393,0.2393,2
1779871380,0.2392,0.2392,0.2392,0.2392,2
1779871500,0.2392,0.2393,0.2392,0.2392,4
1779871560,0.239,0.239,0.239,0.239,2
1779871620,0.239,0.239,0.2389,0.2389,4
1779871800,0.2388,0.2388,0.2388,0.2388,2
1779871860,0.2387,0.2387,0.2387,0.2387,2
1779871920,0.2385,0.2386,0.2385,0.2385,6
1779871980,0.2384,0.2384,0.2383,0.2383,4
1779872040,0.2383,0.2383,0.2383,0.2383,2
1779872100,0.2385,0.2385,0.2385,0.2385,2
1779872160,0.2384,0.2384,0.2384,0.2384,2
1779872280,0.2383,0.2383,0.2383,0.2383,2
1779872400,0.2382,0.2382,0.2382,0.2382,2
1779872460,0.238,0.238,0.2379,0.2379,4
1779872520,0.2378,0.2378,0.2376,0.2376,10
1779872580,0.2376,0.2377,0.2376,0.2376,6
1779872700,0.2379,0.238,0.2379,0.238,4
1779872760,0.2379,0.2379,0.2377,0.2378,8
1779872820,0.2377,0.2378,0.2377,0.2378,4
1779872940,0.2377,0.2378,0.2377,0.2378,4
1779873000,0.2379,0.2379,0.2379,0.2379,2
1779873060,0.238,0.238,0.2378,0.2378,6
1779873120,0.2377,0.2377,0.2377,0.2377,2
1779873180,0.2376,0.2377,0.2376,0.2377,4
1779873240,0.2378,0.2378,0.2378,0.2378,2
1779873300,0.2377,0.2377,0.2377,0.2377,2
1779873360,0.2375,0.2375,0.2374,0.2374,4
1779873420,0.2376,0.2376,0.2376,0.2376,2
1779873480,0.2374,0.2375,0.2374,0.2375,4
1779873540,0.2377,0.2377,0.2377,0.2377,2
1779873600,0.2378,0.2378,0.2378,0.2378,2
1779873720,0.2379,0.2379,0.2379,0.2379,2
1779873780,0.238,0.238,0.2379,0.2379,8
1779873840,0.2378,0.2378,0.2378,0.2378,2
1779873900,0.2378,0.2379,0.2378,0.2379,4
1779873960,0.2378,0.2378,0.2378,0.2378,2
1779874020,0.2377,0.2377,0.2377,0.2377,2
1779874080,0.2375,0.2375,0.2374,0.2375,6
1779874140,0.2374,0.2374,0.2374,0.2374,2
1779874260,0.2375,0.2375,0.2375,0.2375,2
1779874320,0.2377,0.2378,0.2377,0.2378,4
1779874380,0.2379,0.2379,0.2379,0.2379,2
1779874500,0.2379,0.2379,0.2379,0.2379,2
1779874560,0.2382,0.2382,0.2382,0.2382,2
1779874620,0.238,0.2381,0.238,0.238,6
1779874680,0.238,0.2381,0.238,0.2381,4
1779874740,0.2382,0.2383,0.2382,0.2383,8
1779874800,0.2382,0.2382,0.2382,0.2382,2
1779874860,0.2381,0.2381,0.2381,0.2381,2
1779874920,0.238,0.238,0.238,0.238,2
1779875040,0.2379,0.2379,0.2379,0.2379,2
1779875100,0.238,0.238,0.238,0.238,2
1779875160,0.2379,0.2379,0.2379,0.2379,2
1779875220,0.238,0.238,0.238,0.238,2
1779875280,0.238,0.238,0.238,0.238,2
1779875340,0.2379,0.2379,0.2379,0.2379,2
1779875400,0.238,0.238,0.238,0.238,2
1779875460,0.2379,0.2379,0.2377,0.2377,4
1779875520,0.2376,0.2376,0.2376,0.2376,2
1779875580,0.2377,0.2377,0.2377,0.2377,2
1779875700,0.2376,0.2376,0.2376,0.2376,2
1779875760,0.2376,0.2377,0.2376,0.2377,4
1779875820,0.2378,0.2378,0.2377,0.2377,4
1779875880,0.2377,0.2378,0.2377,0.2378,4
1779875940,0.2377,0.2377,0.2377,0.2377,2
1779876000,0.2379,0.2379,0.2377,0.2377,6
1779876060,0.2376,0.2376,0.2375,0.2375,4
1779876120,0.2377,0.2377,0.2376,0.2376,4
1779876180,0.2377,0.2377,0.2377,0.2377,2
1779876240,0.2376,0.2377,0.2376,0.2377,4
1779876360,0.2378,0.2378,0.2377,0.2377,4
1779876480,0.2378,0.2378,0.2378,0.2378,2
1779876540,0.238,0.238,0.2379,0.2379,4
1779876600,0.2378,0.2378,0.2378,0.2378,2
1779876720,0.2379,0.2379,0.2379,0.2379,2
1779876780,0.2379,0.2379,0.2379,0.2379,2
1779876840,0.238,0.238,0.238,0.238,2
1779876900,0.2381,0.2381,0.2381,0.2381,2
1779876960,0.2383,0.2384,0.2383,0.2384,4
1779877020,0.2384,0.2384,0.2384,0.2384,2
1779877080,0.2383,0.2383,0.2383,0.2383,2
1779877140,0.2384,0.2385,0.2383,0.2383,8
1779877200,0.2383,0.2384,0.2383,0.2384,4
1779877260,0.2383,0.2383,0.2383,0.2383,2
1779877320,0.2382,0.2382,0.2382,0.2382,2
1779877380,0.2384,0.2384,0.2384,0.2384,2
1779877440,0.2383,0.2383,0.2383,0.2383,2
1779877500,0.2385,0.2385,0.2385,0.2385,2
1779877560,0.2386,0.2386,0.2386,0.2386,2
1779877620,0.2388,0.2388,0.2387,0.2388,6
1779877680,0.2386,0.2386,0.2386,0.2386,2
1779877740,0.2387,0.2387,0.2387,0.2387,2
1779877800,0.2387,0.2387,0.2387,0.2387,2
1779877860,0.2387,0.2387,0.2387,0.2387,2
1779877920,0.2386,0.2386,0.2386,0.2386,2
1779877980,0.2385,0.2385,0.2385,0.2385,2
1779878040,0.2384,0.2384,0.2383,0.2383,4
1779878160,0.2384,0.2384,0.2384,0.2384,2
1779878220,0.2385,0.2385,0.2384,0.2385,6
1779878340,0.2382,0.2382,0.2382,0.2382,2
1779878460,0.238,0.238,0.238,0.238,2
1779878520,0.238,0.238,0.238,0.238,2
1779878640,0.238,0.238,0.238,0.238,2
1779878700,0.2381,0.2381,0.2381,0.2381,2
1779878760,0.2382,0.2382,0.2381,0.2381,4
1779878820,0.238,0.238,0.238,0.238,2
1779878880,0.2382,0.2382,0.2381,0.2381,4
1779878940,0.2382,0.2382,0.2382,0.2382,2
1779879000,0.2382,0.2382,0.2381,0.2381,4
1779879060,0.2381,0.2381,0.2381,0.2381,2
1779879120,0.2381,0.2381,0.238,0.238,4
1779879180,0.2381,0.2381,0.238,0.2381,6
1779879300,0.238,0.2381,0.238,0.2381,4
1779879420,0.238,0.238,0.238,0.238,2
1779879540,0.2381,0.2381,0.2381,0.2381,2
1779879600,0.2379,0.238,0.2379,0.238,4
1779879660,0.2382,0.2383,0.2382,0.2382,6
1779879720,0.2384,0.2384,0.2383,0.2384,6
1779879780,0.2384,0.2384,0.2384,0.2384,2
1779879840,0.2384,0.2384,0.2383,0.2383,4
1779879900,0.2382,0.2382,0.2382,0.2382,2
1779879960,0.2384,0.2384,0.2384,0.2384,2
1779880140,0.2383,0.2383,0.2382,0.2382,4
1779880200,0.2383,0.2383,0.2382,0.2382,4
1779880260,0.2383,0.2383,0.2383,0.2383,2
1779880320,0.2382,0.2383,0.2382,0.2383,4
1779880440,0.2385,0.2385,0.2385,0.2385,2
1779880500,0.2385,0.2385,0.2385,0.2385,2
1779880560,0.2386,0.2386,0.2384,0.2384,4
1779880620,0.2383,0.2384,0.2383,0.2384,4
1779880680,0.2383,0.2383,0.2383,0.2383,2
1779880800,0.2384,0.2384,0.2384,0.2384,2
1779880860,0.2385,0.2386,0.2385,0.2386,8
1779880920,0.2385,0.2385,0.2385,0.2385,2
1779880980,0.2385,0.2386,0.2385,0.2386,10
1779881040,0.2385,0.2386,0.2385,0.2386,4
1779881220,0.2385,0.2385,0.2385,0.2385,2
1779881280,0.2386,0.2386,0.2386,0.2386,2
1779881340,0.2385,0.2385,0.2385,0.2385,2
1779881400,0.2384,0.2384,0.2383,0.2383,4
1779881460,0.2382,0.2382,0.2382,0.2382,2
1779881520,0.2381,0.2381,0.238,0.238,4
1779881580,0.2381,0.2381,0.238,0.238,8
1779881640,0.2382,0.2382,0.2381,0.2381,4
1779881700,0.2382,0.2383,0.2382,0.2383,8
1779881760,0.2384,0.2384,0.2384,0.2384,2
1779881820,0.2386,0.2386,0.2386,0.2386,2
1779881880,0.2386,0.2386,0.2386,0.2386,2
1779881940,0.2384,0.2385,0.2384,0.2385,4
1779882000,0.2384,0.2384,0.2382,0.2382,4
1779882060,0.2383,0.2383,0.2382,0.2382,14
1779882120,0.2382,0.2382,0.2382,0.2382,2
1779882180,0.2381,0.2381,0.2381,0.2381,2
1779882300,0.2382,0.2383,0.2382,0.2383,4
1779882360,0.2382,0.2383,0.2382,0.2383,4
1779882420,0.2382,0.2382,0.2382,0.2382,2
1779882480,0.2383,0.2383,0.2382,0.2382,4
1779882600,0.2382,0.2382,0.2382,0.2382,2
1779882840,0.2381,0.2381,0.2381,0.2381,2
1779882900,0.2381,0.2381,0.238,0.2381,6
1779882960,0.2382,0.2382,0.2382,0.2382,2
1779883140,0.238,0.238,0.238,0.238,2
1779883200,0.238,0.238,0.2379,0.2379,4
1779883260,0.2377,0.2377,0.2375,0.2377,8
1779883320,0.2376,0.2376,0.2375,0.2375,4
1779883380,0.2374,0.2374,0.2373,0.2373,4
1779883440,0.2374,0.2374,0.2374,0.2374,2
1779883500,0.2376,0.2376,0.2376,0.2376,2
1779883560,0.2375,0.2375,0.2375,0.2375,2
1779883620,0.2371,0.2372,0.2369,0.2371,14
1779883680,0.2373,0.2373,0.2373,0.2373,2
1779883800,0.2373,0.2373,0.2372,0.2372,4
1779883860,0.2373,0.2373,0.2373,0.2373,2
1779883920,0.2373,0.2373,0.2373,0.2373,2
1779883980,0.2374,0.2374,0.2374,0.2374,2
1779884100,0.2373,0.2373,0.2373,0.2373,2
1779884160,0.2372,0.2372,0.2371,0.2372,10
1779884220,0.2374,0.2375,0.2374,0.2375,4
1779884280,0.2372,0.2375,0.2371,0.2374,14
1779884340,0.2382,0.2384,0.2382,0.2384,10
1779884400,0.2383,0.2383,0.2382,0.2382,8
1779884460,0.2385,0.239,0.2385,0.2389,16
1779884520,0.2391,0.2391,0.2391,0.2391,2
1779884580,0.2396,0.2397,0.2396,0.2396,6
1779884640,0.2387,0.2389,0.2387,0.2388,16
1779884700,0.239,0.239,0.2389,0.2389,4
1779884760,0.2392,0.2392,0.2391,0.2392,6
1779884820,0.239,0.239,0.2387,0.2388,10
1779884880,0.239,0.2391,0.239,0.239,8
1779884940,0.239,0.2391,0.239,0.2391,4
1779885000,0.2392,0.2392,0.2392,0.2392,2
1779885060,0.2391,0.2391,0.2391,0.2391,2
1779885120,0.239,0.239,0.2389,0.2389,4
1779885180,0.2388,0.2389,0.2388,0.2388,10
1779885240,0.2389,0.239,0.2387,0.2387,10
1779885300,0.2386,0.2386,0.2385,0.2386,6
1779885360,0.2389,0.2393,0.2389,0.2391,14
1779885420,0.239,0.2391,0.239,0.2391,10
1779885480,0.2392,0.2392,0.2391,0.2391,4
1779885540,0.2393,0.2393,0.2393,0.2393,2
1779885600,0.2394,0.2394,0.2392,0.2392,6
1779885660,0.2392,0.2393,0.2392,0.2392,4
1779885720,0.2391,0.2392,0.2391,0.2392,4
1779885780,0.2391,0.2391,0.2391,0.2391,2
1779885840,0.2393,0.2393,0.2393,0.2393,2
1779885900,0.2393,0.2394,0.2393,0.2393,4
1779885960,0.2391,0.2391,0.2391,0.2391,2
1779886020,0.2392,0.2392,0.2391,0.2391,4
1779886080,0.2392,0.2392,0.2389,0.2389,8
1779886140,0.2393,0.2393,0.2393,0.2393,2
1779886200,0.2391,0.2391,0.2391,0.2391,2
1779886260,0.2392,0.2392,0.2392,0.2392,2
1779886320,0.239,0.239,0.239,0.239,2
1779886380,0.2391,0.2391,0.2391,0.2391,2
1779886440,0.2392,0.2392,0.2392,0.2392,2
1779886500,0.2391,0.2391,0.239,0.239,4
1779886560,0.2388,0.2388,0.2388,0.2388,2
1779886620,0.2387,0.2387,0.2387,0.2387,2
1779886680,0.2387,0.2387,0.2387,0.2387,2
1779886740,0.2388,0.2388,0.2387,0.2387,4
1779886800,0.2388,0.2388,0.2388,0.2388,2
1779886860,0.2389,0.2389,0.2388,0.2388,4
1779886920,0.2387,0.2387,0.2386,0.2386,4
1779886980,0.2387,0.2387,0.2387,0.2387,2
1779887040,0.2385,0.2385,0.2385,0.2385,2
1779887100,0.2383,0.2383,0.2382,0.2382,4
1779887160,0.2383,0.2383,0.2382,0.2382,4
1779887220,0.2381,0.2382,0.2381,0.2381,4
1779887280,0.238,0.238,0.238,0.238,2
1779887340,0.2377,0.2378,0.2377,0.2377,6
1779887400,0.2379,0.2379,0.2377,0.2377,6
1779887460,0.2379,0.2379,0.2379,0.2379,2
1779887520,0.2379,0.2379,0.2379,0.2379,2
1779887580,0.2378,0.2378,0.2378,0.2378,2
1779887640,0.2377,0.2377,0.2377,0.2377,2
1779887700,0.2381,0.2381,0.2379,0.2379,10
1779887760,0.2378,0.2378,0.2378,0.2378,2
1779887820,0.2376,0.2377,0.2376,0.2377,4
1779887880,0.2378,0.2378,0.2378,0.2378,2
1779887940,0.2378,0.2379,0.2378,0.2378,6
1779888000,0.2377,0.2377,0.2377,0.2377,2
1779888060,0.2375,0.2376,0.2375,0.2375,6
1779888120,0.2377,0.2378,0.2377,0.2378,4
1779888180,0.2376,0.2378,0.2376,0.2378,6
1779888240,0.2378,0.2378,0.2378,0.2378,2
1779888300,0.2378,0.2378,0.2377,0.2377,4
1779888360,0.2373,0.2374,0.2372,0.2374,8
1779888420,0.2372,0.2372,0.2372,0.2372,2
1779888480,0.237,0.2371,0.237,0.2371,12
1779888540,0.2372,0.2372,0.2371,0.2372,6
1779888600,0.237,0.2371,0.237,0.237,6
1779888660,0.2371,0.2373,0.237,0.2372,12
1779888720,0.2367,0.2369,0.2367,0.2369,6
1779888780,0.2368,0.237,0.2368,0.2369,8
1779888840,0.237,0.2371,0.2369,0.2371,12
1779888900,0.2371,0.2372,0.2369,0.2369,10
1779888960,0.2371,0.2373,0.2371,0.2371,10
1779889020,0.2366,0.2367,0.2366,0.2367,4
1779889080,0.2364,0.2365,0.2363,0.2363,8
1779889140,0.2362,0.2362,0.236,0.2362,10
1779889200,0.2362,0.2362,0.2361,0.2361,8
1779889260,0.236,0.2361,0.2358,0.2358,14
1779889320,0.2359,0.236,0.2359,0.236,4
1779889380,0.2363,0.2363,0.2362,0.2362,12
1779889440,0.2359,0.2359,0.2359,0.2359,3
1779889500,0.236,0.2361,0.236,0.2361,4
1779889560,0.2364,0.2365,0.2363,0.2364,9
1779889620,0.2362,0.2364,0.2362,0.2362,10
1779889680,0.2365,0.2366,0.2365,0.2366,12
1779889740,0.2367,0.2368,0.2367,0.2367,10
1779889800,0.2367,0.2368,0.2363,0.2363,20
1779889860,0.237,0.237,0.2367,0.2367,8
1779889920,0.2371,0.2372,0.2371,0.2372,10
1779889980,0.2374,0.2374,0.2372,0.2372,6
1779890040,0.2373,0.2373,0.2369,0.2372,20
1779890100,0.2372,0.2372,0.2372,0.2372,2
1779890160,0.2371,0.2371,0.237,0.2371,6
1779890220,0.2372,0.2373,0.2371,0.2373,6
1779890280,0.2372,0.2372,0.2371,0.2372,10
1779890340,0.2372,0.2374,0.2372,0.2374,4
1779890400,0.2376,0.2379,0.2376,0.2378,11
1779890460,0.2378,0.2379,0.2378,0.2378,5
1779890520,0.2381,0.2382,0.2381,0.2381,6
1779890580,0.2384,0.2385,0.2383,0.2384,13
1779890640,0.2382,0.2383,0.2382,0.2383,8
1779890700,0.2381,0.2381,0.2381,0.2381,2
1779890760,0.2377,0.2378,0.2377,0.2378,4
1779890820,0.2378,0.2379,0.2378,0.2378,6
1779890880,0.2375,0.2375,0.2375,0.2375,2
1779890940,0.2376,0.2376,0.2376,0.2376,2
1779891000,0.2375,0.2375,0.2373,0.2373,6
1779891060,0.2373,0.2374,0.2372,0.2373,10
1779891120,0.2373,0.2373,0.2373,0.2373,2
1779891180,0.2372,0.2373,0.2372,0.2373,4
1779891240,0.2371,0.2372,0.2371,0.2372,4
1779891300,0.2373,0.2374,0.2373,0.2374,8
1779891360,0.2373,0.2373,0.2372,0.2372,4
1779891420,0.2375,0.2375,0.2373,0.2373,6
1779891480,0.2372,0.2372,0.2372,0.2372,2
1779891540,0.2375,0.2377,0.2375,0.2376,8
1779891600,0.2376,0.2376,0.2372,0.2372,10
1779891660,0.2369,0.2372,0.2369,0.2371,10
1779891720,0.237,0.237,0.2368,0.237,14
1779891840,0.2369,0.2369,0.2369,0.2369,2
1779891900,0.2368,0.2369,0.2368,0.2369,2
1779891960,0.2371,0.2371,0.237,0.237,4
1779892020,0.2369,0.237,0.2369,0.2369,6
1779892080,0.2366,0.2368,0.2366,0.2368,10
1779892140,0.2368,0.237,0.2368,0.237,6
1779892200,0.237,0.237,0.237,0.237,2
1779892260,0.2375,0.2377,0.2375,0.2377,10
1779892320,0.2379,0.2379,0.2377,0.2377,10
1779892380,0.2375,0.2376,0.2374,0.2374,7
1779892440,0.237,0.2375,0.237,0.2375,22
1779892500,0.2377,0.2377,0.2373,0.2373,12
1779892560,0.2372,0.2374,0.2372,0.2373,6
1779892620,0.2372,0.2372,0.2371,0.2371,4
1779892680,0.2373,0.2373,0.2373,0.2373,2
1779892740,0.2375,0.2375,0.2375,0.2375,2
1779892800,0.2373,0.2374,0.2373,0.2374,4
1779892860,0.2373,0.2373,0.2372,0.2373,6
1779892920,0.2371,0.2372,0.2371,0.2371,6
1779892980,0.2372,0.2373,0.2372,0.2373,4
1779893040,0.2373,0.2373,0.2373,0.2373,2
1779893100,0.2374,0.2374,0.2374,0.2374,2
1779893160,0.2376,0.2377,0.2375,0.2377,12
1779893220,0.2378,0.2379,0.2378,0.2379,4
1779893280,0.2379,0.2379,0.2377,0.2379,8
1779893340,0.2379,0.238,0.2379,0.238,8
1779893400,0.2381,0.2382,0.238,0.2381,8
1779893460,0.238,0.238,0.238,0.238,2
1779893520,0.238,0.238,0.238,0.238,2
1779893580,0.2381,0.2382,0.2381,0.2382,6
1779893640,0.2383,0.2383,0.2383,0.2383,2
1779893700,0.2386,0.2386,0.2385,0.2385,8
1779893760,0.2384,0.2385,0.2384,0.2384,4
1779893820,0.2382,0.2383,0.2382,0.2383,4
1779893880,0.2382,0.2382,0.2382,0.2382,2
1779893940,0.2383,0.2383,0.2383,0.2383,2
1779894000,0.2382,0.2384,0.2382,0.2383,8
1779894060,0.2384,0.2385,0.2384,0.2384,6
1779894120,0.2386,0.2386,0.2385,0.2386,10
1779894180,0.2385,0.2386,0.2385,0.2386,2
1779894240,0.2391,0.2391,0.2391,0.2391,2
1779894300,0.2387,0.2388,0.2387,0.2388,4
1779894360,0.2387,0.2389,0.2387,0.2389,6
1779894420,0.2389,0.2389,0.2389,0.2389,2
1779894480,0.2389,0.239,0.2389,0.239,4
1779894540,0.239,0.2391,0.239,0.2391,4
1779894600,0.2391,0.2396,0.2391,0.2396,6
1779894660,0.2398,0.2398,0.2398,0.2398,2
1779894720,0.2399,0.2399,0.2399,0.2399,2
1779894780,0.2398,0.2399,0.2398,0.2398,6
1779894840,0.2399,0.2399,0.2398,0.2398,4
1779894900,0.2397,0.2398,0.2397,0.2398,4
1779894960,0.24,0.24,0.24,0.24,2
1779895020,0.2403,0.2406,0.2403,0.2406,12
1779895080,0.2405,0.2406,0.2405,0.2406,8
1779895140,0.2405,0.2405,0.2404,0.2404,4
1779895200,0.2403,0.2404,0.2403,0.2404,4
1779895260,0.2409,0.2409,0.2408,0.2409,10
1779895320,0.2406,0.2406,0.2405,0.2405,4
1779895380,0.2404,0.2404,0.2404,0.2404,2
1779895440,0.2404,0.2405,0.2404,0.2405,4
1779895500,0.2409,0.2409,0.2408,0.2409,6
1779895560,0.2407,0.2407,0.2407,0.2407,2
1779895620,0.2409,0.2409,0.2408,0.2408,4
1779895680,0.2408,0.2408,0.2408,0.2408,2
1779895740,0.2406,0.2406,0.2405,0.2405,4
1779895800,0.2407,0.2411,0.2406,0.2411,18
1779895860,0.2412,0.2419,0.2412,0.2416,32
1779895920,0.2415,0.2416,0.2415,0.2415,6
1779895980,0.2411,0.2411,0.241,0.241,4
1779896040,0.2408,0.2409,0.2408,0.2408,10
1779896100,0.241,0.241,0.2409,0.2409,4
1779896160,0.241,0.2411,0.241,0.2411,4
1779896220,0.241,0.241,0.2408,0.2408,6
1779896280,0.2409,0.2409,0.2409,0.2409,2
1779896340,0.2407,0.2407,0.2407,0.2407,2
1779896400,0.2408,0.2408,0.2407,0.2407,4
1779896460,0.2407,0.2408,0.2407,0.2407,6
1779896520,0.2407,0.2407,0.2406,0.2406,4
1779896580,0.2402,0.2402,0.2402,0.2402,2
1779896640,0.2402,0.2402,0.24,0.24,6
1779896700,0.2401,0.2401,0.2401,0.2401,2
1779896760,0.2401,0.2402,0.2401,0.2402,4
1779896820,0.2401,0.2401,0.2401,0.2401,2
1779896880,0.24,0.24,0.24,0.24,2
1779896940,0.2401,0.2401,0.24,0.2401,6
1779897000,0.24,0.2401,0.24,0.2401,8
1779897060,0.24,0.24,0.2397,0.2397,8
1779897120,0.2396,0.2396,0.2396,0.2396,2
1779897240,0.2396,0.2396,0.2395,0.2395,4
1779897300,0.2396,0.2396,0.2394,0.2394,10
1779897360,0.2396,0.2396,0.2396,0.2396,2
1779897480,0.2398,0.2398,0.2398,0.2398,2
1779897540,0.2399,0.2399,0.2398,0.2398,8
1779897600,0.2399,0.2399,0.2399,0.2399,2
1779897660,0.2402,0.2403,0.2402,0.2403,4
1779897720,0.2402,0.2402,0.2401,0.2401,4
1779897780,0.2402,0.2403,0.2402,0.2403,4
1779897840,0.2399,0.24,0.2398,0.2398,8
1779897900,0.2397,0.2397,0.2397,0.2397,2
1779897960,0.2397,0.2398,0.2396,0.2398,6
1779898020,0.2398,0.2398,0.2398,0.2398,2
1779898080,0.2396,0.2396,0.2396,0.2396,2
1779898140,0.2399,0.2399,0.2397,0.2397,6
1779898260,0.2399,0.2399,0.2399,0.2399,2
1779898320,0.2398,0.2399,0.2398,0.2399,4
1779898380,0.24,0.24,0.24,0.24,2
1779898500,0.2398,0.2398,0.2398,0.2398,2
1779898560,0.2397,0.2397,0.2393,0.2393,10
1779898620,0.2392,0.2393,0.2392,0.2393,4
1779898680,0.2391,0.2391,0.239,0.239,16
1779898740,0.2391,0.2391,0.2389,0.239,8
1779898800,0.2392,0.2392,0.2392,0.2392,2
1779898860,0.2389,0.239,0.2389,0.239,2
1779898920,0.239,0.2391,0.239,0.239,12
1779898980,0.2391,0.2391,0.2391,0.2391,2
1779899040,0.2392,0.2392,0.2392,0.2392,2
1779899100,0.2393,0.2394,0.2393,0.2393,6
1779899160,0.2394,0.2395,0.2394,0.2394,6
1779899220,0.2395,0.2395,0.2394,0.2394,4
1779899280,0.2394,0.2394,0.2394,0.2394,2
1779899400,0.2393,0.2394,0.2393,0.2393,6
1779899460,0.2393,0.2393,0.2392,0.2393,10
1779899520,0.2395,0.2396,0.2394,0.2396,8
1779899580,0.2397,0.2397,0.2394,0.2394,8
1779899640,0.2393,0.2393,0.2393,0.2393,2
1779899700,0.2389,0.2389,0.2387,0.2387,6
1779899760,0.2387,0.2388,0.2387,0.2388,4
1779899820,0.2389,0.2389,0.2389,0.2389,2
1779899880,0.2389,0.2389,0.2389,0.2389,2
1779899940,0.2388,0.2388,0.2388,0.2388,2
1779900000,0.2387,0.2388,0.2387,0.2388,4
1779900060,0.239,0.239,0.239,0.239,2
1779900120,0.2391,0.2391,0.2391,0.2391,2
1779900180,0.2392,0.2392,0.2391,0.2392,6
1779900300,0.2392,0.2392,0.2392,0.2392,2
1779900360,0.2392,0.2394,0.2392,0.2394,6
1779900420,0.2393,0.2393,0.2393,0.2393,2
1779900540,0.2393,0.2393,0.2393,0.2393,2
1779900600,0.2392,0.2393,0.2392,0.2393,4
1779900660,0.2396,0.2397,0.2396,0.2397,4
1779900720,0.2398,0.2398,0.2397,0.2397,8
1779900780,0.2395,0.2395,0.2395,0.2395,2
1779900840,0.2396,0.2396,0.2395,0.2395,4
1779900900,0.2394,0.2395,0.2394,0.2395,4
1779900960,0.2396,0.2396,0.2394,0.2394,6
1779901020,0.2395,0.2395,0.2395,0.2395,2
1779901080,0.2395,0.2395,0.2395,0.2395,2
1779901140,0.2396,0.2396,0.2396,0.2396,2
1779901260,0.2394,0.2394,0.2394,0.2394,2
1779901320,0.2387,0.2388,0.2387,0.2388,2
1779901380,0.2389,0.239,0.2389,0.2389,6
1779901440,0.2392,0.2393,0.2392,0.2393,8
1779901500,0.2393,0.2393,0.2392,0.2392,4
1779901560,0.2391,0.2391,0.2391,0.2391,2
1779901620,0.2388,0.2388,0.2388,0.2388,2
1779901680,0.2385,0.2386,0.2385,0.2385,6
1779901740,0.2385,0.2385,0.2385,0.2385,2
1779901800,0.2385,0.2385,0.2385,0.2385,1
1779901860,0.2384,0.2384,0.2382,0.2382,6
1779901920,0.2382,0.2382,0.2381,0.2382,6
1779901980,0.2381,0.2382,0.2379,0.238,12
1779902040,0.2377,0.2378,0.2374,0.2374,18
1779902100,0.2374,0.2375,0.2371,0.2373,20
1779902160,0.2371,0.2371,0.237,0.2371,6
1779902220,0.2374,0.2376,0.2374,0.2376,6
1779902280,0.2377,0.2378,0.2377,0.2378,12
1779902340,0.238,0.238,0.2379,0.2379,4
1779902400,0.2379,0.2379,0.2378,0.2378,4
1779902460,0.238,0.2382,0.238,0.2382,6
1779902520,0.2384,0.2384,0.2383,0.2383,4
1779902580,0.2382,0.2382,0.2381,0.2381,4
1779902640,0.2381,0.2381,0.2381,0.2381,2
1779902700,0.238,0.2381,0.238,0.2381,4
1779902760,0.238,0.238,0.2379,0.2379,4
1779902820,0.2377,0.2377,0.2375,0.2376,12
1779902880,0.2376,0.2377,0.2376,0.2377,4
1779902940,0.238,0.238,0.238,0.238,2
1779903000,0.2378,0.2378,0.2377,0.2377,4
1779903060,0.2378,0.2378,0.2378,0.2378,2
1779903120,0.2376,0.2376,0.2376,0.2376,2
1779903180,0.2377,0.2377,0.2377,0.2377,2
1779903240,0.2378,0.2378,0.2376,0.2376,6
1779903300,0.2375,0.2375,0.2373,0.2373,6
1779903360,0.2375,0.2375,0.2375,0.2375,2
1779903480,0.2375,0.2375,0.2375,0.2375,2
1779903540,0.2379,0.2379,0.2378,0.2378,4
1779903600,0.2377,0.2377,0.2377,0.2377,2
1779903660,0.2375,0.2376,0.2375,0.2375,6
1779903720,0.2374,0.2374,0.2372,0.2372,6
1779903780,0.2373,0.2374,0.2373,0.2374,8
1779903840,0.2374,0.2375,0.2374,0.2374,6
1779903900,0.2372,0.2374,0.2372,0.2374,6
1779903960,0.2373,0.2373,0.2372,0.2372,4
1779904020,0.2373,0.2373,0.2371,0.2371,6
1779904080,0.2372,0.2373,0.2372,0.2373,8
1779904140,0.2374,0.2375,0.2374,0.2375,4
1779904200,0.2373,0.2374,0.2373,0.2374,4
1779904260,0.2373,0.2374,0.2372,0.2373,8
1779904320,0.2375,0.2375,0.2375,0.2375,2
1779904380,0.2373,0.2373,0.2373,0.2373,2
1779904440,0.2372,0.2373,0.2372,0.2373,4
1779904500,0.2371,0.2371,0.2371,0.2371,2
1779904560,0.2372,0.2372,0.2362,0.2362,23
1779904620,0.2367,0.2367,0.2367,0.2367,2
1779904680,0.2364,0.2364,0.2364,0.2364,2
1779904740,0.2368,0.2368,0.2368,0.2368,2
1779904800,0.2366,0.2366,0.2364,0.2364,6
1779904860,0.2364,0.2366,0.2364,0.2366,6
1779904920,0.2367,0.2368,0.2367,0.2367,6
1779905040,0.2366,0.2366,0.2366,0.2366,2
1779905100,0.2363,0.2363,0.2363,0.2363,2
1779905160,0.2366,0.2366,0.2366,0.2366,2
1779905220,0.2368,0.2368,0.2367,0.2367,4
1779905280,0.2367,0.2368,0.2367,0.2368,2
1779905340,0.2369,0.2369,0.2368,0.2368,4
1779905400,0.2367,0.2368,0.2367,0.2368,8
1779905460,0.2367,0.2368,0.2367,0.2368,4
1779905520,0.2366,0.2367,0.2366,0.2367,4
1779905580,0.2366,0.2366,0.2365,0.2365,4
1779905640,0.2364,0.2365,0.2363,0.2365,8
1779905700,0.2366,0.2366,0.2366,0.2366,2
1779905760,0.2368,0.2369,0.2367,0.2369,8
1779905820,0.2368,0.2368,0.2367,0.2368,6
1779905880,0.237,0.237,0.237,0.237,2
1779905940,0.2369,0.2371,0.2369,0.237,7
1779906000,0.2369,0.2369,0.2369,0.2369,2
1779906060,0.2369,0.2369,0.2367,0.2367,6
1779906120,0.237,0.2371,0.237,0.2371,4
1779906180,0.2372,0.2372,0.2371,0.2371,4
1779906240,0.2369,0.2371,0.2369,0.2371,6
1779906300,0.2372,0.2372,0.2371,0.2372,6
1779906360,0.2371,0.2371,0.2371,0.2371,2
1779906420,0.2369,0.2369,0.2368,0.2369,10
1779906480,0.2367,0.2367,0.2366,0.2366,8
1779906540,0.2368,0.2369,0.2368,0.2369,4
1779906600,0.2368,0.2368,0.2368,0.2368,2
1779906660,0.2369,0.2369,0.2368,0.2368,4
1779906720,0.2369,0.2369,0.2368,0.2368,10
1779906780,0.2368,0.2368,0.2368,0.2368,2
1779906840,0.2366,0.2366,0.2366,0.2366,2
1779906960,0.2367,0.2367,0.2367,0.2367,2
1779907020,0.2366,0.2367,0.2366,0.2367,4
1779907080,0.2366,0.2366,0.2366,0.2366,2
1779907140,0.2369,0.2369,0.2369,0.2369,2
1779907260,0.237,0.2371,0.237,0.237,6
1779907320,0.2373,0.2373,0.2373,0.2373,2
1779907380,0.2373,0.2373,0.2373,0.2373,2
1779907440,0.2373,0.2373,0.2373,0.2373,2
1779907500,0.2374,0.2375,0.2374,0.2374,6
1779907560,0.2374,0.2374,0.2374,0.2374,2
1779907620,0.2373,0.2373,0.2371,0.2372,8
1779907740,0.2374,0.2374,0.2374,0.2374,2
1779907800,0.2375,0.2376,0.2375,0.2376,4
1779907860,0.2375,0.2375,0.2375,0.2375,2
1779907980,0.2379,0.2379,0.2378,0.2378,4
1779908100,0.2377,0.2377,0.2377,0.2377,2
1779908160,0.2379,0.2379,0.2379,0.2379,2
1779908280,0.238,0.2381,0.238,0.2381,4
1779908400,0.2382,0.2385,0.2381,0.2385,16
1779908460,0.2383,0.2384,0.2383,0.2384,8
1779908520,0.2384,0.2385,0.2384,0.2385,4
1779908580,0.2383,0.2384,0.2383,0.2384,4
1779908640,0.2385,0.2385,0.2385,0.2385,2
1779908700,0.2384,0.2386,0.2384,0.2386,6
1779908760,0.2387,0.2387,0.2387,0.2387,2
1779908820,0.2386,0.2386,0.2385,0.2386,6
1779908880,0.2387,0.2387,0.2387,0.2387,2
1779908940,0.2388,0.239,0.2388,0.239,6
1779909000,0.2389,0.2389,0.2389,0.2389,2
1779909060,0.2387,0.2387,0.2387,0.2387,2
1779909120,0.2388,0.2388,0.2388,0.2388,2
1779909180,0.2391,0.2392,0.2391,0.2392,4
1779909240,0.2392,0.2393,0.2392,0.2393,4
1779909300,0.2393,0.2395,0.2391,0.2395,16
1779909360,0.2396,0.2396,0.2394,0.2394,6
1779909420,0.2393,0.2393,0.2393,0.2393,2
1779909480,0.2394,0.2394,0.2394,0.2394,2
1779909540,0.2392,0.2392,0.2392,0.2392,2
1779909660,0.2392,0.2392,0.2392,0.2392,2
1779909720,0.2393,0.2395,0.2393,0.2395,6
1779909780,0.2396,0.2396,0.2396,0.2396,2
1779909840,0.2395,0.2396,0.2395,0.2396,4
1779909900,0.2395,0.2395,0.2395,0.2395,2
1779910020,0.2394,0.2395,0.2394,0.2395,4
1779910140,0.2394,0.2394,0.2393,0.2393,4
1779910200,0.2392,0.2394,0.2392,0.2394,6
1779910260,0.2393,0.2395,0.2393,0.2395,6
1779910320,0.2394,0.2394,0.2394,0.2394,2
1779910380,0.2397,0.2397,0.2396,0.2397,6
1779910440,0.2394,0.2394,0.2394,0.2394,2
1779910500,0.2395,0.2395,0.2393,0.2393,10
1779910560,0.2393,0.2394,0.2393,0.2394,4
1779910680,0.2394,0.2395,0.2393,0.2393,8
1779910740,0.2396,0.2396,0.2395,0.2395,4
1779910800,0.2393,0.2394,0.2393,0.2394,4
1779910860,0.2393,0.2393,0.2392,0.2392,4
1779910920,0.2391,0.2391,0.239,0.239,4
1779911040,0.2389,0.2389,0.2389,0.2389,2
1779911100,0.2391,0.2391,0.2391,0.2391,2
1779911160,0.2391,0.2391,0.2391,0.2391,2
1779911220,0.2391,0.2391,0.2391,0.2391,2
1779911280,0.2392,0.2392,0.2392,0.2392,2
1779911340,0.239,0.239,0.2389,0.2389,4
1779911400,0.2387,0.2388,0.2387,0.2388,4
1779911460,0.239,0.239,0.239,0.239,2
1779911520,0.2391,0.2391,0.2391,0.2391,2
1779911580,0.2392,0.2392,0.2392,0.2392,2
1779911640,0.2393,0.2394,0.2393,0.2394,4
1779911700,0.2395,0.2395,0.2395,0.2395,2
1779911760,0.2393,0.2393,0.2393,0.2393,2
1779911820,0.2394,0.2394,0.2394,0.2394,2
1779911880,0.2393,0.2394,0.2393,0.2394,4
1779912000,0.2395,0.2395,0.2395,0.2395,2
1779912060,0.2393,0.2393,0.2392,0.2393,6
1779912120,0.2394,0.2394,0.2393,0.2393,8
1779912180,0.2395,0.2395,0.2395,0.2395,2
1779912240,0.2394,0.2395,0.2394,0.2395,4
1779912300,0.2392,0.2393,0.2392,0.2393,8
1779912360,0.2393,0.2393,0.2393,0.2393,2
1779912420,0.2392,0.2393,0.2392,0.2393,4
1779912480,0.2393,0.2393,0.2393,0.2393,2
1779912540,0.2394,0.2394,0.2394,0.2394,2
1779912600,0.2395,0.2395,0.2393,0.2395,10
1779912660,0.2394,0.2395,0.2394,0.2395,2
1779912720,0.2393,0.2393,0.2393,0.2393,2
1779912780,0.2394,0.2394,0.2394,0.2394,2
1779912900,0.2395,0.2395,0.2394,0.2395,6
1779912960,0.2393,0.2393,0.2392,0.2392,4
1779913020,0.2394,0.2394,0.2394,0.2394,2
1779913080,0.2395,0.2395,0.2395,0.2395,2
1779913200,0.2396,0.2396,0.2396,0.2396,2
1779913260,0.2395,0.2395,0.2394,0.2394,4
1779913380,0.2392,0.2392,0.2392,0.2392,2
1779913440,0.2392,0.2392,0.2391,0.2391,4
1779913500,0.2389,0.2389,0.2389,0.2389,2
1779913620,0.2389,0.2389,0.2389,0.2389,2
1779913680,0.2388,0.2388,0.2388,0.2388,2
1779913740,0.2386,0.2387,0.2386,0.2386,6
1779913800,0.2384,0.2385,0.2384,0.2384,6
1779913860,0.2388,0.2388,0.2388,0.2388,2
1779913920,0.2387,0.2387,0.2385,0.2385,6
1779913980,0.2384,0.2384,0.2384,0.2384,2
1779914040,0.2384,0.2384,0.2383,0.2383,4
1779914100,0.2384,0.2384,0.2383,0.2383,4
1779914160,0.2385,0.2385,0.2385,0.2385,2
1779914220,0.2386,0.2386,0.2385,0.2385,4
1779914280,0.2386,0.2386,0.2386,0.2386,2
1779914340,0.2385,0.2385,0.2385,0.2385,2
1779914400,0.2384,0.2385,0.2384,0.2385,4
1779914460,0.2385,0.2385,0.2384,0.2384,4
1779914520,0.2386,0.2386,0.2385,0.2385,4
1779914580,0.2387,0.2387,0.2387,0.2387,2
1779914700,0.2389,0.2389,0.2389,0.2389,2
1779914760,0.2388,0.2388,0.2388,0.2388,2
1779914820,0.2388,0.2388,0.2388,0.2388,2
1779914940,0.239,0.239,0.239,0.239,2
1779915000,0.2389,0.2389,0.2389,0.2389,2
1779915120,0.2388,0.2388,0.2388,0.2388,2
1779915180,0.2387,0.2387,0.2387,0.2387,2
1779915300,0.2388,0.2388,0.2388,0.2388,2
1779915360,0.2389,0.2389,0.2389,0.2389,2
1779915420,0.2389,0.2389,0.2389,0.2389,2
1779915900,0.2386,0.2386,0.2385,0.2385,4
1779915960,0.2386,0.2387,0.2386,0.2387,4
1779916020,0.2388,0.2388,0.2388,0.2388,2
1779916080,0.2389,0.2389,0.2389,0.2389,2
1779916140,0.2387,0.2388,0.2387,0.2388,4
1779916320,0.2387,0.2388,0.2387,0.2388,4
1779916380,0.2389,0.2391,0.2389,0.2391,9
1779916440,0.2391,0.2391,0.2391,0.2391,2
1779916500,0.2389,0.2389,0.2389,0.2389,2
1779916560,0.2389,0.239,0.2389,0.239,4
1779916620,0.2389,0.2389,0.2389,0.2389,2
1779916740,0.2388,0.2389,0.2388,0.2389,4
1779916920,0.239,0.239,0.239,0.239,2
1779917100,0.239,0.239,0.2389,0.2389,4
1779917220,0.2388,0.2388,0.2388,0.2388,2
1779917280,0.2386,0.2386,0.2386,0.2386,2
1779917340,0.2385,0.2385,0.2385,0.2385,2
1779917400,0.2383,0.2383,0.2382,0.2382,4
1779917460,0.2384,0.2384,0.2384,0.2384,2
1779917520,0.2383,0.2383,0.2383,0.2383,2
1779917580,0.2382,0.2382,0.2382,0.2382,2
1779917640,0.2378,0.2381,0.2378,0.2381,16
1779917700,0.2377,0.2377,0.2375,0.2375,10
1779917820,0.2375,0.2375,0.2375,0.2375,2
1779917880,0.2374,0.2375,0.2374,0.2375,4
1779917940,0.2374,0.2374,0.2371,0.2372,10
1779918000,0.2371,0.2371,0.2368,0.237,20
1779918060,0.2365,0.2367,0.2365,0.2366,8
1779918120,0.2368,0.2368,0.2367,0.2368,6
1779918180,0.2367,0.2367,0.2366,0.2366,8
1779918240,0.2364,0.2364,0.2364,0.2364,2
1779918300,0.236,0.236,0.2356,0.2356,12
1779918360,0.2359,0.2359,0.2354,0.2354,12
1779918420,0.2352,0.2352,0.2342,0.2346,29
1779918480,0.2352,0.2353,0.2351,0.2353,16
1779918540,0.2353,0.2355,0.2352,0.2353,17
1779918600,0.2354,0.2354,0.235,0.235,19
1779918660,0.2354,0.2354,0.2352,0.2352,13
1779918720,0.2352,0.2352,0.235,0.2351,18
1779918780,0.2352,0.2353,0.2349,0.2349,11
1779918840,0.2351,0.2351,0.2349,0.2349,6
1779918900,0.235,0.2352,0.235,0.2352,6
1779918960,0.2353,0.2353,0.2346,0.2351,20
1779919020,0.235,0.2351,0.235,0.2351,8
1779919080,0.2353,0.2353,0.2353,0.2353,2
1779919140,0.2356,0.2356,0.2355,0.2356,6
1779919200,0.236,0.236,0.2352,0.2352,24
1779919260,0.2352,0.2355,0.2352,0.2355,12
1779919320,0.2361,0.2361,0.2359,0.236,12
1779919380,0.2361,0.2365,0.2361,0.2364,16
1779919440,0.2368,0.2368,0.2367,0.2367,4
1779919500,0.2367,0.2367,0.2366,0.2367,6
1779919560,0.2369,0.237,0.2369,0.237,4
1779919620,0.2367,0.2367,0.2367,0.2367,2
1779919680,0.2364,0.2364,0.2363,0.2363,4
1779919740,0.2362,0.2363,0.2361,0.2361,8
1779919800,0.2361,0.2361,0.2358,0.236,12
1779919860,0.2358,0.2359,0.2358,0.2359,2
1779919920,0.2358,0.2358,0.2357,0.2357,4
1779919980,0.2357,0.2357,0.2355,0.2355,6
1779920040,0.2354,0.2358,0.2354,0.2358,10
1779920100,0.2358,0.2358,0.2352,0.2352,16
1779920160,0.2345,0.2347,0.2345,0.2347,6
1779920220,0.2351,0.2351,0.235,0.235,4
1779920280,0.2353,0.2354,0.2353,0.2354,4
1779920340,0.2356,0.2356,0.2355,0.2355,4
1779920400,0.2355,0.2356,0.2355,0.2355,6
1779920460,0.2357,0.2358,0.2357,0.2358,4
1779920520,0.236,0.236,0.2359,0.2359,4
1779920580,0.2357,0.2358,0.2357,0.2358,4
1779920640,0.2358,0.2358,0.2358,0.2358,2
1779920700,0.2358,0.2359,0.2357,0.2358,10
1779920760,0.2359,0.2359,0.2359,0.2359,2
1779920820,0.236,0.236,0.236,0.236,2
1779920880,0.2359,0.2361,0.2359,0.2361,6
1779920940,0.236,0.2362,0.236,0.2362,6
1779921000,0.236,0.236,0.2359,0.236,6
1779921060,0.2357,0.2357,0.2356,0.2356,4
1779921120,0.2357,0.2358,0.2357,0.2358,4
1779921180,0.236,0.236,0.2359,0.2359,4
1779921240,0.2358,0.236,0.2358,0.236,6
1779921300,0.2359,0.2359,0.2359,0.2359,2
1779921360,0.2362,0.2362,0.2361,0.2361,4
1779921420,0.2361,0.2361,0.2361,0.2361,2
1779921480,0.2361,0.2362,0.2361,0.2362,4
1779921540,0.2362,0.2363,0.2362,0.2362,6
1779921600,0.2364,0.2365,0.2364,0.2365,4
1779921660,0.2365,0.2365,0.2363,0.2363,6
1779921720,0.2363,0.2363,0.2362,0.2362,4
1779921840,0.2362,0.2362,0.2361,0.2361,4
1779921900,0.2361,0.2361,0.2361,0.2361,2
1779921960,0.2362,0.2363,0.2362,0.2362,6
1779922020,0.2362,0.2362,0.236,0.236,6
1779922080,0.2358,0.2359,0.2358,0.2359,4
1779922140,0.2356,0.2356,0.2355,0.2356,6
1779922200,0.2356,0.2356,0.2356,0.2356,2
1779922260,0.2355,0.2355,0.2355,0.2355,2
1779922320,0.2355,0.2355,0.2355,0.2355,2
1779922380,0.2356,0.2356,0.2356,0.2356,2
1779922440,0.2355,0.2355,0.2355,0.2355,2
1779922500,0.2356,0.2357,0.2356,0.2357,6
1779922560,0.2352,0.2353,0.2352,0.2353,4
1779922620,0.2354,0.2354,0.2354,0.2354,2
1779922680,0.2354,0.2354,0.2354,0.2354,2
1779922740,0.235,0.235,0.235,0.235,2
1779922800,0.2349,0.2349,0.2347,0.2347,8
1779922860,0.235,0.235,0.235,0.235,2
1779922920,0.235,0.235,0.235,0.235,2
1779922980,0.2351,0.2351,0.2351,0.2351,2
1779923040,0.235,0.2352,0.235,0.2352,6
1779923100,0.2351,0.2351,0.2349,0.235,8
1779923160,0.2351,0.2352,0.2351,0.2351,6
1779923220,0.2352,0.2354,0.2352,0.2354,6
1779923280,0.2353,0.2354,0.2353,0.2354,4
1779923340,0.2355,0.2355,0.2354,0.2355,6
1779923400,0.2354,0.2354,0.2354,0.2354,2
1779923460,0.2355,0.2355,0.2355,0.2355,2
1779923520,0.2354,0.2354,0.2354,0.2354,2
1779923640,0.2357,0.2357,0.2357,0.2357,2
1779923700,0.2358,0.2358,0.2358,0.2358,2
1779923760,0.236,0.236,0.236,0.236,2
1779923820,0.2358,0.2359,0.2358,0.2359,8
1779923880,0.2359,0.2359,0.2358,0.2359,10
1779923940,0.2358,0.2358,0.2358,0.2358,2
1779924000,0.236,0.236,0.2359,0.2359,4
1779924060,0.2357,0.2357,0.2357,0.2357,2
1779924120,0.2355,0.2355,0.2352,0.2352,8
1779924180,0.2352,0.2353,0.2352,0.2353,8
1779924240,0.2351,0.2351,0.2349,0.235,8
1779924300,0.2349,0.2349,0.2347,0.2348,18
1779924360,0.2348,0.2349,0.2346,0.2348,14
1779924420,0.2349,0.2349,0.2349,0.2349,2
1779924480,0.2347,0.2348,0.2347,0.2348,4
1779924540,0.2348,0.2348,0.2348,0.2348,2
1779924600,0.2349,0.2351,0.2349,0.2351,6
1779924660,0.2352,0.2352,0.2352,0.2352,2
1779924720,0.2355,0.2356,0.2355,0.2355,6
1779924780,0.2352,0.2353,0.2352,0.2352,6
1779924840,0.2351,0.2351,0.2351,0.2351,2
1779924900,0.2348,0.2349,0.2345,0.2345,10
1779924960,0.2346,0.2347,0.2345,0.2347,5
1779925020,0.2347,0.2347,0.2347,0.2347,2
1779925080,0.2347,0.2347,0.2347,0.2347,2
1779925140,0.2349,0.2349,0.2349,0.2349,2
1779925200,0.2353,0.2353,0.2353,0.2353,2
1779925260,0.2351,0.2351,0.2351,0.2351,2
1779925320,0.2352,0.2352,0.2351,0.2351,10
1779925380,0.235,0.2351,0.235,0.2351,4
1779925440,0.2353,0.2353,0.2353,0.2353,2
1779925500,0.2352,0.2352,0.2352,0.2352,2
1779925560,0.2355,0.2356,0.2355,0.2356,8
1779925620,0.2355,0.2356,0.2355,0.2356,4
1779925680,0.2358,0.2358,0.2357,0.2357,4
1779925800,0.2357,0.2357,0.2357,0.2357,2
1779925860,0.2357,0.2357,0.2355,0.2355,6
1779925920,0.2354,0.2355,0.2354,0.2355,4
1779926040,0.2357,0.2357,0.2357,0.2357,2
1779926100,0.2358,0.2358,0.2358,0.2358,2
1779926160,0.2359,0.2359,0.2359,0.2359,2
1779926220,0.236,0.236,0.2359,0.2359,4
1779926280,0.2358,0.2359,0.2358,0.2358,4
1779926340,0.2358,0.2358,0.2357,0.2357,4
1779926400,0.2355,0.2357,0.2354,0.2354,16
1779926460,0.2359,0.2359,0.2358,0.2359,10
1779926520,0.2359,0.2359,0.2359,0.2359,2
1779926580,0.236,0.236,0.236,0.236,2
1779926640,0.236,0.236,0.236,0.236,2
1779926760,0.2359,0.236,0.2359,0.236,4
1779926820,0.2361,0.2361,0.236,0.236,4
1779926880,0.2362,0.2362,0.2362,0.2362,2
1779926940,0.2363,0.2363,0.2362,0.2362,4
1779927000,0.2362,0.2362,0.236,0.236,8
1779927060,0.2358,0.2359,0.2358,0.2359,4
1779927180,0.236,0.236,0.236,0.236,2
1779927240,0.2361,0.2362,0.2361,0.2362,4
1779927300,0.2362,0.2362,0.2362,0.2362,2
1779927360,0.2365,0.2365,0.2365,0.2365,2
1779927420,0.2364,0.2364,0.2364,0.2364,2
1779927480,0.2366,0.2366,0.2365,0.2365,5
1779927540,0.2366,0.2366,0.2365,0.2366,6
1779927600,0.2365,0.2366,0.2365,0.2366,4
1779927720,0.2367,0.2367,0.2366,0.2366,4
1779927780,0.2366,0.2366,0.2366,0.2366,2
1779927900,0.2361,0.2361,0.2361,0.2361,2
1779927960,0.2358,0.2358,0.2358,0.2358,2
1779928020,0.2359,0.2359,0.2359,0.2359,2
1779928080,0.2357,0.2357,0.2356,0.2357,10
1779928140,0.236,0.236,0.236,0.236,2
1779928200,0.2362,0.2362,0.2361,0.2362,6
1779928260,0.2362,0.2363,0.2361,0.2362,12
1779928320,0.2363,0.2363,0.2363,0.2363,2
1779928380,0.2363,0.2363,0.2363,0.2363,2
1779928440,0.2363,0.2363,0.2363,0.2363,2
1779928500,0.2364,0.2365,0.2364,0.2365,2
1779928560,0.2364,0.2364,0.2364,0.2364,2
1779928620,0.2364,0.2365,0.2364,0.2365,4
1779928680,0.2364,0.2364,0.2364,0.2364,2
1779928740,0.2366,0.2366,0.2365,0.2365,4
1779928800,0.2365,0.2365,0.2365,0.2365,2
1779928860,0.2365,0.2365,0.2365,0.2365,2
1779928920,0.2366,0.2366,0.2366,0.2366,2
1779928980,0.2366,0.2367,0.2366,0.2367,8
1779929040,0.2365,0.2366,0.2365,0.2366,4
1779929100,0.2365,0.2365,0.2365,0.2365,2
1779929160,0.2365,0.2365,0.2365,0.2365,2
1779929220,0.2365,0.2365,0.2365,0.2365,2
1779929280,0.2365,0.2365,0.2365,0.2365,2
1779929400,0.2363,0.2363,0.2363,0.2363,2
1779929460,0.2362,0.2362,0.2361,0.2361,4
1779929520,0.2362,0.2362,0.2362,0.2362,2
1779929580,0.2362,0.2362,0.2362,0.2362,2
1779929640,0.2364,0.2364,0.2364,0.2364,2
1779929700,0.2364,0.2364,0.2362,0.2362,6
1779929760,0.2362,0.2362,0.236,0.236,6
1779929820,0.2362,0.2362,0.2362,0.2362,2
1779929880,0.2364,0.2364,0.2364,0.2364,2
1779929940,0.2366,0.2366,0.2366,0.2366,2
1779930000,0.2368,0.2368,0.2366,0.2366,6
1779930060,0.2366,0.2366,0.2366,0.2366,4
1779930120,0.2368,0.2368,0.2367,0.2367,4
1779930180,0.2367,0.2367,0.2367,0.2367,2
1779930300,0.2365,0.2365,0.2365,0.2365,2
1779930360,0.2365,0.2365,0.2365,0.2365,2
1779930420,0.2366,0.2366,0.2365,0.2365,4
1779930480,0.2365,0.2366,0.2365,0.2365,6
1779930540,0.2364,0.2364,0.2363,0.2363,4
1779930600,0.2363,0.2364,0.2363,0.2364,8
1779930660,0.2363,0.2363,0.2361,0.2361,6
1779930720,0.2362,0.2362,0.2361,0.2361,4
1779930780,0.236,0.236,0.2359,0.2359,4
1779930840,0.236,0.2361,0.236,0.2361,4
1779930900,0.236,0.236,0.2358,0.2358,6
1779930960,0.2358,0.2358,0.2358,0.2358,2
1779931020,0.2355,0.2355,0.2352,0.2354,14
1779931080,0.2349,0.235,0.2349,0.235,4
1779931140,0.2354,0.2355,0.2354,0.2355,4
1779931200,0.2355,0.2355,0.2353,0.2353,6
1779931260,0.2353,0.2353,0.2352,0.2352,4
1779931320,0.2352,0.2352,0.2351,0.2351,4
1779931380,0.2353,0.2353,0.2353,0.2353,2
1779931440,0.2361,0.2361,0.2361,0.2361,2
1779931500,0.2358,0.2358,0.2358,0.2358,2
1779931560,0.2356,0.2357,0.2356,0.2356,6
1779931620,0.2352,0.2352,0.2351,0.2352,6
1779931680,0.2349,0.2349,0.2344,0.2347,36
1779931740,0.2349,0.2351,0.2349,0.2351,14
1779931800,0.2349,0.235,0.2348,0.2348,12
1779931860,0.2351,0.2353,0.2351,0.2353,6
1779931920,0.2352,0.2352,0.2352,0.2352,2
1779931980,0.2354,0.2354,0.2352,0.2353,8
1779932040,0.2352,0.2353,0.2352,0.2352,6
1779932100,0.2351,0.2351,0.2349,0.235,10
1779932160,0.2352,0.2354,0.2352,0.2353,8
1779932220,0.2353,0.2353,0.2352,0.2352,4
1779932280,0.2355,0.2355,0.2355,0.2355,2
1779932340,0.2355,0.2355,0.2352,0.2352,7
1779932400,0.235,0.235,0.235,0.235,2
1779932460,0.2349,0.235,0.2347,0.2347,14
1779932520,0.2346,0.2348,0.2346,0.2348,6
1779932580,0.2351,0.2351,0.2351,0.2351,3
1779932640,0.2355,0.2355,0.2355,0.2355,2
1779932700,0.2354,0.2355,0.2354,0.2355,4
1779932760,0.2359,0.236,0.2358,0.2358,8
1779932820,0.2357,0.2358,0.2357,0.2358,4
1779932880,0.2358,0.2359,0.2358,0.2359,10
1779932940,0.236,0.236,0.2359,0.236,10
1779933000,0.2362,0.2362,0.2362,0.2362,2
1779933060,0.2361,0.2361,0.2361,0.2361,2
1779933120,0.236,0.236,0.2359,0.2359,4
1779933180,0.2359,0.236,0.2359,0.2359,6
1779933240,0.2359,0.2359,0.2359,0.2359,2
1779933300,0.2358,0.2358,0.2356,0.2357,16
1779933360,0.2356,0.2358,0.2356,0.2358,6
1779933420,0.236,0.236,0.236,0.236,2
1779933480,0.2358,0.2358,0.2358,0.2358,2
1779933540,0.2359,0.2359,0.2359,0.2359,2
1779933600,0.2359,0.236,0.2359,0.2359,14
1779933660,0.2358,0.2358,0.2358,0.2358,2
1779933720,0.2356,0.2356,0.2356,0.2356,2
1779933780,0.2355,0.2355,0.2354,0.2354,12
1779933840,0.2356,0.2356,0.2356,0.2356,2
1779933900,0.2356,0.2356,0.2355,0.2355,4
1779933960,0.2356,0.2356,0.2355,0.2356,6
1779934020,0.2359,0.236,0.2358,0.2358,8
1779934080,0.2359,0.236,0.2358,0.2358,8
1779934140,0.2361,0.2361,0.2361,0.2361,2
1779934200,0.2361,0.2361,0.236,0.236,4
1779934260,0.2361,0.2361,0.236,0.2361,6
1779934320,0.236,0.2361,0.236,0.236,6
1779934380,0.236,0.236,0.2359,0.2359,4
1779934440,0.2358,0.2358,0.2358,0.2358,2
1779934500,0.236,0.236,0.2359,0.236,4
1779934560,0.236,0.236,0.2359,0.2359,4
1779934620,0.2358,0.2358,0.2357,0.2357,4
1779934680,0.2357,0.2358,0.2357,0.2357,6
1779934740,0.2358,0.2358,0.2357,0.2357,4
1779934800,0.2356,0.2356,0.2355,0.2355,4
1779934860,0.2354,0.2355,0.2354,0.2355,4
1779934920,0.2354,0.2354,0.2353,0.2354,6
1779934980,0.2352,0.2352,0.2352,0.2352,2
1779935040,0.2354,0.2355,0.2354,0.2355,4
1779935100,0.2356,0.2358,0.2356,0.2357,7
1779935160,0.2357,0.2357,0.2356,0.2356,4
1779935220,0.2355,0.2356,0.2355,0.2355,6
1779935280,0.2355,0.2356,0.2355,0.2356,4
1779935400,0.2357,0.2358,0.2356,0.2356,8
1779935460,0.2355,0.2355,0.2355,0.2355,2
1779935520,0.2355,0.2356,0.2354,0.2354,8
1779935580,0.2353,0.2355,0.2353,0.2355,6
1779935640,0.2357,0.2358,0.2356,0.2358,10
1779935700,0.2357,0.2357,0.2356,0.2356,4
1779935760,0.2356,0.2358,0.2356,0.2357,10
1779935820,0.2356,0.2357,0.2356,0.2357,4
1779935880,0.2356,0.2356,0.2356,0.2356,2
1779935940,0.2357,0.2358,0.2357,0.2358,4
1779936000,0.2361,0.2361,0.2359,0.236,8
1779936060,0.2361,0.2362,0.236,0.236,12
1779936120,0.2359,0.236,0.2359,0.236,8
1779936180,0.2361,0.2361,0.2361,0.2361,2
1779936240,0.2359,0.2359,0.2359,0.2359,2
1779936300,0.2358,0.2358,0.2358,0.2358,2
1779936360,0.2358,0.2359,0.2358,0.2358,10
1779936420,0.2358,0.2358,0.2358,0.2358,2
1779936480,0.2358,0.2358,0.2358,0.2358,2
1779936540,0.2358,0.2358,0.2357,0.2358,6
1779936600,0.2358,0.2358,0.2356,0.2356,6
1779936660,0.2356,0.2357,0.2356,0.2356,6
1779936720,0.2356,0.2356,0.2356,0.2356,2
1779936780,0.2356,0.2356,0.2356,0.2356,2
1779936840,0.2358,0.2358,0.2357,0.2357,3
1779936900,0.2358,0.2358,0.2358,0.2358,2
1779936960,0.2357,0.2358,0.2357,0.2357,10
1779937020,0.2358,0.2358,0.2356,0.2356,6
1779937080,0.2357,0.2357,0.2356,0.2356,4
1779937140,0.2354,0.2354,0.2354,0.2354,2
1779937200,0.2355,0.2355,0.2354,0.2354,4
1779937260,0.2352,0.2353,0.2352,0.2352,6
1779937320,0.2351,0.2353,0.2351,0.2352,6
1779937380,0.2355,0.2356,0.2355,0.2356,4
1779937440,0.2354,0.2354,0.2354,0.2354,2
1779937500,0.2353,0.2353,0.2353,0.2353,2
1779937560,0.2354,0.2355,0.2353,0.2354,10
1779937620,0.2355,0.2355,0.2355,0.2355,2
1779937680,0.2355,0.2355,0.2354,0.2354,4
1779937740,0.2354,0.2354,0.2354,0.2354,2
1779937800,0.2351,0.2351,0.2351,0.2351,2
1779937860,0.2349,0.2351,0.2349,0.2349,10
1779937920,0.2346,0.2348,0.2344,0.2348,20
1779937980,0.2347,0.2349,0.2347,0.2349,10
1779938040,0.2349,0.235,0.2348,0.2349,14
1779938100,0.2351,0.2351,0.235,0.2351,4
1779938160,0.2347,0.2347,0.2347,0.2347,2
1779938220,0.2346,0.2346,0.2346,0.2346,2
1779938280,0.2337,0.2337,0.2317,0.2317,35
1779938340,0.2332,0.2336,0.2328,0.2329,37
1779938400,0.2329,0.233,0.2328,0.233,20
1779938460,0.2331,0.2334,0.2331,0.2334,32
1779938520,0.2335,0.2335,0.2335,0.2335,2
1779938580,0.2337,0.2338,0.2336,0.2337,12
1779938640,0.2341,0.2341,0.2341,0.2341,2
1779938700,0.234,0.234,0.2339,0.2339,4
1779938760,0.2337,0.2339,0.2337,0.2338,12
1779938820,0.2337,0.2338,0.2337,0.2338,4
1779938880,0.2337,0.2337,0.2337,0.2337,2
1779938940,0.2332,0.2333,0.2332,0.2333,4
1779939000,0.2329,0.2329,0.2328,0.2329,6
1779939060,0.233,0.2331,0.233,0.2331,8
1779939120,0.2329,0.2332,0.2329,0.2331,10
1779939180,0.2332,0.2333,0.2332,0.2333,4
1779939240,0.233,0.2331,0.233,0.233,10
1779939300,0.2328,0.2328,0.2328,0.2328,2
1779939360,0.2324,0.2324,0.2324,0.2324,2
1779939420,0.2322,0.2322,0.232,0.2321,8
1779939480,0.2324,0.2325,0.2323,0.2323,8
1779939540,0.2323,0.2323,0.2323,0.2323,2
1779939600,0.2325,0.2327,0.2325,0.2327,8
1779939660,0.2327,0.2328,0.2327,0.2328,4
1779939720,0.2329,0.2329,0.2328,0.2328,4
1779939780,0.2326,0.2326,0.2325,0.2325,4
1779939840,0.2321,0.2323,0.2321,0.2323,6
1779939900,0.232,0.2324,0.232,0.2323,16
1779939960,0.2326,0.2326,0.2326,0.2326,4
1779940020,0.2324,0.2324,0.2323,0.2324,10
1779940080,0.2323,0.2323,0.2322,0.2322,12
1779940140,0.2322,0.2322,0.2322,0.2322,2
1779940200,0.2318,0.2318,0.2316,0.2316,14
1779940260,0.2316,0.2317,0.2316,0.2317,4
1779940320,0.2314,0.2314,0.231,0.2313,24
1779940380,0.2315,0.2316,0.2311,0.2312,16
1779940440,0.2306,0.2308,0.2306,0.2307,15
1779940500,0.2307,0.2307,0.2301,0.2304,35
1779940560,0.2305,0.2306,0.2304,0.2304,8
1779940620,0.2301,0.2303,0.2301,0.2303,6
1779940680,0.2302,0.2303,0.23,0.2303,12
1779940740,0.2304,0.2305,0.2304,0.2305,12
1779940800,0.2306,0.2307,0.2302,0.2303,20
1779940860,0.2305,0.2305,0.2305,0.2305,2
1779940920,0.2297,0.2297,0.2295,0.2297,12
1779940980,0.2278,0.2287,0.2278,0.2287,26
1779941040,0.2286,0.2289,0.2285,0.2287,22
1779941100,0.229,0.2292,0.2289,0.2291,12
1779941160,0.2292,0.2296,0.2292,0.2295,12
1779941220,0.2294,0.2296,0.2294,0.2296,10
1779941280,0.2297,0.2301,0.2297,0.2301,10
1779941340,0.23,0.23,0.2299,0.2299,4
1779941400,0.2299,0.2299,0.2299,0.2299,2
1779941460,0.2299,0.2299,0.2298,0.2298,4
1779941520,0.2297,0.2297,0.2297,0.2297,2
1779941580,0.2295,0.2295,0.2294,0.2294,4
1779941640,0.2292,0.2293,0.2292,0.2292,6
1779941700,0.2292,0.2295,0.2292,0.2295,8
1779941760,0.2294,0.2294,0.2294,0.2294,2
1779941880,0.2295,0.2295,0.2293,0.2293,6
1779941940,0.2288,0.229,0.2288,0.229,10
1779942000,0.2289,0.2289,0.2286,0.2288,18
1779942060,0.2286,0.2287,0.2285,0.2286,20
1779942120,0.2284,0.2285,0.2283,0.2283,16
1779942180,0.2279,0.2281,0.2278,0.2279,20
1779942240,0.2278,0.2278,0.2277,0.2278,6
1779942300,0.2278,0.228,0.2278,0.228,6
1779942360,0.2277,0.2277,0.2277,0.2277,2
1779942420,0.2275,0.2279,0.2275,0.2279,12
1779942480,0.2278,0.228,0.2278,0.2279,10
1779942540,0.2281,0.2281,0.2281,0.2281,2
1779942600,0.2281,0.2281,0.228,0.228,8
1779942660,0.2284,0.2284,0.2284,0.2284,2
1779942720,0.2286,0.2286,0.2286,0.2286,2
1779942780,0.2287,0.2287,0.2287,0.2287,2
1779942840,0.2288,0.2289,0.2288,0.2289,4
1779942900,0.2288,0.229,0.2288,0.229,6
1779942960,0.2292,0.2292,0.2292,0.2292,2
1779943020,0.229,0.229,0.2287,0.2287,8
1779943080,0.2287,0.2288,0.2287,0.2288,4
1779943140,0.2291,0.2292,0.2291,0.2292,4
1779943200,0.2293,0.2293,0.2293,0.2293,2
1779943260,0.2293,0.2294,0.2293,0.2294,4
1779943320,0.2294,0.2294,0.2294,0.2294,2
1779943380,0.2292,0.2293,0.2291,0.2293,8
1779943440,0.2295,0.2295,0.2295,0.2295,2
1779943500,0.2294,0.2294,0.2293,0.2293,4
1779943560,0.229,0.2291,0.229,0.2291,4
1779943620,0.2293,0.2293,0.2293,0.2293,2
1779943680,0.2292,0.2293,0.2292,0.2292,6
1779943740,0.2293,0.2293,0.2293,0.2293,2
1779943800,0.2292,0.2292,0.2292,0.2292,2
1779943860,0.229,0.229,0.2289,0.2289,4
1779943920,0.229,0.229,0.2289,0.2289,4
1779943980,0.229,0.2291,0.229,0.2291,4
1779944040,0.2293,0.2293,0.2292,0.2293,6
1779944100,0.2293,0.2293,0.2292,0.2293,6
1779944160,0.2295,0.2295,0.2293,0.2293,6
1779944220,0.2294,0.2295,0.2294,0.2294,6
1779944280,0.2293,0.2294,0.2293,0.2294,4
1779944340,0.2295,0.2295,0.2295,0.2295,2
1779944400,0.2296,0.2296,0.2293,0.2293,8
1779944460,0.2294,0.2294,0.2293,0.2293,4
1779944520,0.2293,0.2295,0.2293,0.2295,6
1779944640,0.2295,0.2295,0.2294,0.2294,4
1779944700,0.2291,0.2291,0.2289,0.2289,6
1779944760,0.2286,0.2286,0.2285,0.2285,4
1779944820,0.2286,0.2288,0.2286,0.2287,8
1779944880,0.2284,0.2284,0.2282,0.2283,8
1779944940,0.2284,0.2284,0.2284,0.2284,2
1779945000,0.2283,0.2284,0.2283,0.2283,10
1779945060,0.2284,0.2284,0.2283,0.2283,4
1779945120,0.2281,0.2283,0.2281,0.2283,6
1779945180,0.2281,0.2282,0.2281,0.2281,6
1779945240,0.2273,0.2275,0.2273,0.2275,6
1779945300,0.2273,0.2274,0.2273,0.2274,4
1779945360,0.2273,0.2273,0.2272,0.2272,4
1779945420,0.227,0.227,0.2267,0.227,24
1779945480,0.2267,0.2267,0.2266,0.2266,4
1779945540,0.2267,0.2268,0.2267,0.2267,6
1779945600,0.2268,0.227,0.2268,0.2269,8
1779945660,0.2268,0.2268,0.2265,0.2266,10
1779945720,0.2266,0.2267,0.2265,0.2267,8
1779945780,0.2268,0.2268,0.2268,0.2268,2
1779945840,0.2269,0.2271,0.2269,0.2271,10
1779945900,0.227,0.2271,0.2268,0.227,14
1779945960,0.2271,0.2271,0.227,0.2271,6
1779946020,0.2272,0.2272,0.227,0.2272,8
1779946080,0.2273,0.2273,0.2271,0.2271,10
1779946140,0.227,0.2271,0.227,0.227,6
1779946200,0.2271,0.2275,0.227,0.2275,18
1779946260,0.2276,0.2279,0.2276,0.2278,14
1779946320,0.2277,0.2277,0.2274,0.2276,16
1779946380,0.2277,0.2278,0.2274,0.2275,16
1779946440,0.2276,0.228,0.2276,0.228,14
1779946500,0.2279,0.228,0.2278,0.2279,14
1779946560,0.2278,0.2279,0.2277,0.2279,8
1779946620,0.228,0.228,0.2279,0.228,6
1779946680,0.2281,0.2282,0.228,0.228,8
1779946740,0.2281,0.2282,0.2281,0.2282,4
1779946800,0.2283,0.2283,0.2283,0.2283,2
1779946860,0.2282,0.2282,0.2282,0.2282,2
1779946920,0.2283,0.2283,0.2283,0.2283,2
1779946980,0.2282,0.2282,0.2282,0.2282,2
1779947040,0.2283,0.2283,0.2282,0.2283,6
1779947100,0.2284,0.2285,0.2283,0.2283,8
1779947160,0.2282,0.2282,0.2279,0.2279,8
1779947220,0.228,0.2281,0.228,0.228,6
1779947280,0.2279,0.228,0.2279,0.2279,6
1779947340,0.2277,0.228,0.2277,0.228,6
1779947820,0.2282,0.2282,0.2281,0.2281,4
1779947880,0.228,0.228,0.2278,0.2279,8
1779947940,0.228,0.228,0.228,0.228,2
1779948000,0.228,0.2281,0.228,0.2281,4
1779948060,0.2281,0.2282,0.2281,0.2282,4
1779948120,0.2283,0.2283,0.2282,0.2282,4
1779948180,0.2282,0.2282,0.2281,0.2282,6
1779948240,0.228,0.2281,0.228,0.2281,4
1779948300,0.2282,0.2282,0.2282,0.2282,2
1779948360,0.2281,0.2282,0.228,0.228,8
1779948420,0.2281,0.2282,0.2281,0.2282,4
1779948480,0.2283,0.2283,0.2282,0.2282,8
1779948540,0.2279,0.228,0.2279,0.2279,6
1779948660,0.2278,0.2278,0.2278,0.2278,2
1779948720,0.2279,0.2279,0.2279,0.2279,2
1779948780,0.2276,0.2276,0.2276,0.2276,2
1779948900,0.2275,0.2275,0.2275,0.2275,2
1779948960,0.2275,0.2276,0.2275,0.2276,4
1779949020,0.2278,0.2278,0.2275,0.2275,8
1779949080,0.2277,0.2277,0.2277,0.2277,2
1779949140,0.2276,0.2276,0.2276,0.2276,2
1779949200,0.2276,0.2276,0.2276,0.2276,2
1779949320,0.2278,0.2278,0.2278,0.2278,2
1779949380,0.2275,0.2275,0.2274,0.2274,4
1779949440,0.2273,0.2274,0.2273,0.2273,6
1779949500,0.2273,0.2273,0.2273,0.2273,2
1779949560,0.2272,0.2272,0.2272,0.2272,2
1779949620,0.2273,0.2274,0.2273,0.2273,6
1779949680,0.2275,0.2276,0.2275,0.2276,4
1779949740,0.2278,0.2278,0.2278,0.2278,2
1779949800,0.2277,0.2278,0.2277,0.2278,4
1779949860,0.2278,0.2278,0.2277,0.2277,4
1779949980,0.2276,0.2276,0.2276,0.2276,2
1779950040,0.2273,0.2274,0.2273,0.2274,4
1779950100,0.2274,0.2274,0.2274,0.2274,2
1779950160,0.2273,0.2274,0.2273,0.2274,4
1779950220,0.2272,0.2273,0.2272,0.2272,6
1779950280,0.2275,0.2276,0.2275,0.2276,4
1779950340,0.2274,0.2274,0.2274,0.2274,2
1779950400,0.2274,0.2274,0.2274,0.2274,2
1779950460,0.2273,0.2273,0.2272,0.2272,4
1779950520,0.2274,0.2274,0.2274,0.2274,2
1779950640,0.2275,0.2277,0.2275,0.2277,6
1779950700,0.2278,0.2281,0.2277,0.2281,13
1779950760,0.2282,0.2284,0.2282,0.2284,6
1779950820,0.2284,0.2285,0.2284,0.2285,4
1779950880,0.2285,0.2287,0.2285,0.2287,6
1779950940,0.2286,0.2286,0.2285,0.2285,4
1779951000,0.2284,0.2284,0.2283,0.2283,4
1779951120,0.2283,0.2284,0.2283,0.2284,4
1779951180,0.2285,0.2286,0.2285,0.2286,6
1779951240,0.2284,0.2284,0.2284,0.2284,2
1779951300,0.2285,0.2285,0.2284,0.2285,6
1779951360,0.2285,0.2286,0.2285,0.2286,4
1779951480,0.2285,0.2285,0.2285,0.2285,2
1779951540,0.2286,0.2287,0.2286,0.2287,4
1779951600,0.2287,0.2288,0.2287,0.2287,6
1779951660,0.2286,0.2286,0.2285,0.2285,4
1779951720,0.2285,0.2285,0.2285,0.2285,2
1779951900,0.2282,0.2283,0.2282,0.2282,6
1779951960,0.2281,0.2283,0.2281,0.2283,6
1779952020,0.2285,0.2285,0.2285,0.2285,2
1779952080,0.2286,0.2287,0.2286,0.2287,4
1779952140,0.2288,0.2288,0.2288,0.2288,2
1779952200,0.2287,0.2287,0.2287,0.2287,2
1779952260,0.2285,0.2285,0.2285,0.2285,2
1779952320,0.2285,0.2285,0.2285,0.2285,2
1779952380,0.2286,0.2287,0.2286,0.2287,4
1779952440,0.2288,0.2288,0.2287,0.2287,4
1779952500,0.2289,0.229,0.2289,0.2289,6
1779952560,0.2291,0.2292,0.2291,0.2292,4
1779952620,0.2291,0.2291,0.2291,0.2291,2
1779952680,0.229,0.2291,0.229,0.2291,4
1779952740,0.2292,0.2292,0.2292,0.2292,2
1779952800,0.2292,0.2292,0.2292,0.2292,2
1779952860,0.2292,0.2293,0.2291,0.2291,6
1779952980,0.2292,0.2292,0.2291,0.2291,4
1779953040,0.2291,0.2291,0.2291,0.2291,2
1779953100,0.229,0.2291,0.229,0.2291,6
1779953160,0.2289,0.2289,0.2289,0.2289,2
1779953220,0.229,0.2291,0.229,0.229,6
1779953280,0.2289,0.2289,0.2288,0.2288,4
1779953400,0.2289,0.2289,0.2288,0.2288,8
1779953460,0.2289,0.229,0.2288,0.2288,8
1779953520,0.2289,0.2291,0.2289,0.229,8
1779953580,0.2289,0.229,0.2289,0.229,8
1779953640,0.2291,0.2291,0.229,0.2291,6
1779953700,0.2292,0.2293,0.2292,0.2293,8
1779953760,0.2292,0.2293,0.2292,0.2293,6
1779953820,0.2294,0.2297,0.2294,0.2295,12
1779953880,0.2294,0.2296,0.2294,0.2296,6
1779953940,0.2295,0.2295,0.2295,0.2295,2
1779954000,0.2294,0.2295,0.2294,0.2295,8
1779954180,0.2296,0.2296,0.2296,0.2296,2
1779954240,0.2297,0.2297,0.2297,0.2297,2
1779954300,0.2296,0.2296,0.2295,0.2295,4
1779954360,0.2295,0.2295,0.2295,0.2295,2
1779954480,0.2296,0.2296,0.2296,0.2296,2
1779954540,0.2297,0.2297,0.2296,0.2296,4
1779954660,0.2295,0.2295,0.2295,0.2295,2
1779954720,0.2296,0.2296,0.2296,0.2296,2
1779954900,0.2297,0.2298,0.2297,0.2298,4
1779954960,0.2297,0.2297,0.2297,0.2297,2
1779955020,0.2299,0.23,0.2299,0.23,4
1779955080,0.2299,0.2299,0.2295,0.2296,10
1779955140,0.2298,0.2298,0.2298,0.2298,2
1779955200,0.2298,0.2298,0.2296,0.2296,4
1779955260,0.2294,0.2294,0.2294,0.2294,2
1779955320,0.2294,0.2294,0.2294,0.2294,2
1779955380,0.2293,0.2293,0.2292,0.2292,4
1779955440,0.2294,0.2294,0.2293,0.2294,6
1779955500,0.2295,0.2295,0.2295,0.2295,2
1779955560,0.2296,0.2297,0.2296,0.2297,4
1779955620,0.2298,0.2298,0.2298,0.2298,2
1779955740,0.2298,0.2298,0.2298,0.2298,2
1779955800,0.2296,0.2296,0.2296,0.2296,2
1779955920,0.2296,0.2296,0.2295,0.2295,4
1779955980,0.2296,0.2297,0.2296,0.2297,4
1779956100,0.2297,0.2297,0.2297,0.2297,2
1779956160,0.2296,0.2296,0.2296,0.2296,2
1779956220,0.2295,0.2295,0.2293,0.2293,12
1779956280,0.2292,0.2292,0.2292,0.2292,2
1779956340,0.2293,0.2293,0.2293,0.2293,2
1779956400,0.2292,0.2293,0.2292,0.2293,4
1779956460,0.2289,0.2289,0.2289,0.2289,2
1779956520,0.2288,0.2289,0.2288,0.2289,4
1779956580,0.229,0.2291,0.229,0.2291,4
1779956640,0.229,0.229,0.229,0.229,2
1779956700,0.2288,0.2288,0.2288,0.2288,2
1779956760,0.2288,0.2288,0.2287,0.2287,4
1779956880,0.2286,0.2286,0.2284,0.2284,6
1779956940,0.2285,0.2285,0.2285,0.2285,2
1779957000,0.2284,0.2284,0.2282,0.2282,10
1779957060,0.2281,0.2281,0.2281,0.2281,2
1779957120,0.2281,0.2281,0.2281,0.2281,2
1779957180,0.2282,0.2282,0.2281,0.2281,4
1779957240,0.2283,0.2284,0.2283,0.2284,8
1779957300,0.2284,0.2284,0.2284,0.2284,2
1779957360,0.2285,0.2286,0.2285,0.2285,6
1779957420,0.2284,0.2285,0.2284,0.2285,4
1779957480,0.2286,0.2286,0.2286,0.2286,2
1779957600,0.2286,0.2286,0.2286,0.2286,2
1779957660,0.2287,0.2287,0.2287,0.2287,2
1779957840,0.2285,0.2286,0.2285,0.2286,4
1779957900,0.2286,0.2286,0.2286,0.2286,2
1779958020,0.2288,0.2289,0.2288,0.2289,4
1779958080,0.2287,0.2287,0.2287,0.2287,2
1779958200,0.2285,0.2285,0.2285,0.2285,2
1779958260,0.2287,0.2287,0.2286,0.2286,4
1779958380,0.2285,0.2285,0.2285,0.2285,2
1779958440,0.2286,0.2286,0.2286,0.2286,2
1779958560,0.2285,0.2287,0.2285,0.2286,8
1779958620,0.2285,0.2286,0.2285,0.2286,4
1779958680,0.2285,0.2285,0.2285,0.2285,2
1779958800,0.2287,0.2287,0.2287,0.2287,2
1779958860,0.229,0.229,0.229,0.229,2
1779958920,0.2292,0.2292,0.2291,0.2291,4
1779958980,0.2293,0.2293,0.2293,0.2293,2
1779959100,0.2293,0.2293,0.2293,0.2293,2
1779959160,0.2292,0.2292,0.2291,0.2291,4
1779959220,0.2293,0.2293,0.2293,0.2293,2
1779959280,0.229,0.229,0.229,0.229,2
1779959340,0.229,0.2291,0.229,0.2291,4
1779959400,0.2289,0.2289,0.2289,0.2289,2
1779959460,0.2289,0.2289,0.2289,0.2289,2
1779959520,0.229,0.229,0.229,0.229,2
1779959580,0.2292,0.2292,0.2291,0.2292,6
1779959640,0.2292,0.2292,0.2292,0.2292,2
1779959700,0.2293,0.2293,0.2293,0.2293,2
1779959820,0.2291,0.2293,0.2291,0.2293,6
1779959880,0.2294,0.2294,0.2294,0.2294,2
1779959940,0.2295,0.2295,0.2294,0.2294,4
1779960000,0.2294,0.2294,0.2294,0.2294,2
1779960060,0.2295,0.2296,0.2295,0.2295,4
1779960120,0.2295,0.2295,0.2294,0.2294,4
1779960180,0.2295,0.2295,0.2294,0.2295,6
1779960240,0.2296,0.2296,0.2295,0.2295,4
1779960300,0.2296,0.2296,0.2296,0.2296,2
1779960360,0.2297,0.2297,0.2297,0.2297,2
1779960420,0.2296,0.2296,0.2296,0.2296,2
1779960480,0.2296,0.2296,0.2295,0.2295,4
1779960540,0.2294,0.2294,0.2294,0.2294,2
1779960600,0.2294,0.2294,0.2293,0.2293,4
1779960660,0.2292,0.2292,0.2292,0.2292,2
1779960720,0.2293,0.2294,0.2293,0.2294,4
1779960900,0.2296,0.2296,0.2295,0.2296,6
1779961020,0.2294,0.2295,0.2294,0.2294,6
1779961080,0.2296,0.2296,0.2295,0.2295,4
1779961140,0.2294,0.2294,0.2294,0.2294,2
1779961260,0.2295,0.2295,0.2294,0.2295,6
1779961320,0.2296,0.2296,0.2296,0.2296,2
1779961380,0.2295,0.2295,0.2295,0.2295,2
1779961440,0.2295,0.2296,0.2295,0.2296,4
1779961500,0.2296,0.2297,0.2296,0.2297,4
1779961560,0.2298,0.2298,0.2297,0.2297,4
1779961620,0.2299,0.2299,0.2298,0.2298,4
1779961680,0.2299,0.2299,0.2299,0.2299,2
1779961740,0.2301,0.2301,0.2301,0.2301,2
1779961800,0.2303,0.2303,0.2303,0.2303,2
1779961860,0.2304,0.2304,0.2304,0.2304,2
1779961920,0.2303,0.2303,0.2303,0.2303,2
1779961980,0.23,0.23,0.23,0.23,2
1779962040,0.2299,0.2299,0.2299,0.2299,2
1779962100,0.23,0.23,0.23,0.23,2
1779962160,0.23,0.2301,0.23,0.23,6
1779962400,0.23,0.23,0.23,0.23,2
1779962460,0.23,0.23,0.23,0.23,2
1779962580,0.2299,0.23,0.2299,0.23,4
1779962640,0.2299,0.2299,0.2299,0.2299,2
1779962700,0.23,0.23,0.2299,0.23,6
1779962760,0.23,0.23,0.23,0.23,2
1779962820,0.2299,0.2299,0.2299,0.2299,2
