time,open,high,low,close,volume
1779453360,0.86405,0.86406,0.86401,0.86404,86
1779453420,0.86404,0.86405,0.86401,0.86402,70
1779453480,0.86404,0.86407,0.86402,0.86407,49
1779453540,0.86406,0.86409,0.86404,0.86408,55
1779453600,0.86407,0.86409,0.86402,0.86402,64
1779453660,0.86402,0.86409,0.86401,0.86405,58
1779453720,0.86406,0.86408,0.86404,0.86405,64
1779453780,0.86406,0.86406,0.86401,0.86402,72
1779453840,0.86403,0.86406,0.86401,0.86403,60
1779453900,0.86402,0.86406,0.86391,0.86394,52
1779453960,0.86395,0.86395,0.86386,0.86387,52
1779454020,0.86388,0.86391,0.86381,0.86381,72
1779454080,0.86382,0.86389,0.8638,0.86389,60
1779454140,0.8639,0.8639,0.86382,0.86383,48
1779454200,0.86384,0.86387,0.86382,0.86382,51
1779454260,0.86383,0.86385,0.86382,0.86383,39
1779454320,0.86382,0.86385,0.86382,0.86384,34
1779454380,0.86385,0.86386,0.86382,0.86385,37
1779454440,0.86386,0.8639,0.86386,0.86387,54
1779454500,0.86386,0.86391,0.86385,0.86391,52
1779454560,0.8639,0.86392,0.86386,0.86389,70
1779454620,0.86388,0.86391,0.8638,0.86382,59
1779454680,0.86381,0.86383,0.86371,0.86374,67
1779454740,0.86373,0.86375,0.86365,0.86366,79
1779454800,0.86368,0.86372,0.86363,0.86366,114
1779454860,0.86365,0.86371,0.86364,0.86365,82
1779454920,0.86364,0.86368,0.86362,0.86367,68
1779454980,0.86368,0.86375,0.86364,0.86375,86
1779455040,0.86369,0.86373,0.86355,0.86356,90
1779455100,0.86355,0.86357,0.86352,0.86354,68
1779455160,0.86355,0.86357,0.86349,0.86349,40
1779455220,0.8635,0.8635,0.86339,0.86341,92
1779455280,0.86342,0.86344,0.86333,0.86335,74
1779455340,0.86333,0.86333,0.86303,0.86321,128
1779455400,0.86325,0.86327,0.86312,0.86314,140
1779455460,0.8631,0.86321,0.86297,0.8632,166
1779455520,0.86321,0.86326,0.86314,0.86326,134
1779455580,0.86327,0.86333,0.86326,0.8633,132
1779455640,0.86331,0.86339,0.8633,0.86337,112
1779455700,0.86338,0.86347,0.86336,0.86341,132
1779455760,0.86342,0.86349,0.86341,0.86344,75
1779455820,0.86346,0.86354,0.86346,0.8635,76
1779455880,0.86352,0.86353,0.86329,0.86333,81
1779455940,0.86332,0.86336,0.86328,0.86328,98
1779456000,0.86329,0.86342,0.86329,0.86337,79
1779456060,0.86338,0.86347,0.86338,0.86346,84
1779456120,0.86345,0.86351,0.86344,0.86349,83
1779456180,0.8635,0.8635,0.86343,0.86343,64
1779456240,0.86342,0.86342,0.86339,0.86341,52
1779456300,0.86338,0.86341,0.86335,0.86336,84
1779456360,0.86334,0.86337,0.86333,0.86334,64
1779456420,0.86335,0.86338,0.86327,0.86334,81
1779456480,0.86332,0.86336,0.86329,0.86331,48
1779456540,0.86329,0.8634,0.86328,0.86339,90
1779456600,0.86337,0.86347,0.86337,0.86345,112
1779456660,0.86346,0.86349,0.8634,0.8634,76
1779456720,0.86339,0.86353,0.86339,0.86352,93
1779456780,0.86351,0.86361,0.86349,0.86359,113
1779456840,0.86359,0.86362,0.86348,0.86349,113
1779456900,0.86348,0.86352,0.86343,0.86348,114
1779456960,0.86346,0.86351,0.86346,0.8635,79
1779457020,0.86351,0.86351,0.86342,0.86348,110
1779457080,0.8635,0.86357,0.86349,0.86351,98
1779457140,0.8635,0.86354,0.86349,0.8635,80
1779457200,0.8635,0.86352,0.86342,0.86346,84
1779457260,0.86345,0.8635,0.86343,0.86347,104
1779457320,0.86346,0.86351,0.86344,0.86346,139
1779457380,0.86347,0.86347,0.86334,0.8634,113
1779457440,0.86341,0.86348,0.8634,0.86342,92
1779457500,0.86343,0.86343,0.86337,0.86342,87
1779457560,0.86341,0.86347,0.86337,0.8634,120
1779457620,0.86339,0.86344,0.86336,0.86344,83
1779457680,0.86343,0.86349,0.86341,0.86349,88
1779457740,0.86348,0.86352,0.86342,0.86347,106
1779457800,0.86346,0.86353,0.86346,0.86348,110
1779457860,0.86349,0.86352,0.86338,0.86344,116
1779457920,0.86345,0.86352,0.86344,0.86349,86
1779457980,0.86348,0.86351,0.86346,0.86347,75
1779458040,0.86349,0.86362,0.86349,0.86361,78
1779458100,0.86362,0.8637,0.86362,0.8637,85
1779458160,0.86369,0.86372,0.86366,0.8637,57
1779458220,0.86369,0.8637,0.86362,0.86363,77
1779458280,0.86364,0.86365,0.86359,0.8636,95
1779458340,0.86361,0.86362,0.86355,0.86355,76
1779458400,0.86322,0.86361,0.8632,0.86352,172
1779458460,0.86351,0.86355,0.86347,0.86355,152
1779458520,0.86354,0.86367,0.86354,0.86363,138
1779458580,0.86362,0.86364,0.86346,0.86346,112
1779458640,0.86347,0.86348,0.86341,0.86348,126
1779458700,0.8635,0.86355,0.86342,0.86344,114
1779458760,0.86343,0.86347,0.86341,0.86345,118
1779458820,0.86346,0.86361,0.86345,0.86361,100
1779458880,0.8636,0.8636,0.86355,0.86359,91
1779458940,0.86358,0.8636,0.86351,0.86354,105
1779459000,0.86353,0.86355,0.8635,0.86353,95
1779459060,0.86352,0.86356,0.86352,0.86356,86
1779459120,0.86357,0.8636,0.86354,0.86358,86
1779459180,0.86357,0.86359,0.86354,0.86355,127
1779459240,0.86356,0.86359,0.86354,0.86356,106
1779459300,0.86355,0.86363,0.86355,0.86361,115
1779459360,0.8636,0.86364,0.86359,0.86364,112
1779459420,0.86364,0.86369,0.86362,0.86363,126
1779459480,0.86363,0.86364,0.86348,0.86352,111
1779459540,0.86353,0.86358,0.86351,0.86356,89
1779459600,0.86359,0.86363,0.86356,0.86363,87
1779459660,0.86362,0.86367,0.86361,0.86361,73
1779459720,0.86362,0.86365,0.86361,0.86363,95
1779459780,0.86364,0.86377,0.86364,0.86375,104
1779459840,0.86377,0.86385,0.86374,0.86383,97
1779459900,0.86382,0.8639,0.86381,0.86388,107
1779459960,0.86388,0.8639,0.86383,0.86389,84
1779460020,0.86388,0.86395,0.86387,0.86393,90
1779460080,0.86392,0.864,0.86391,0.86396,102
1779460140,0.86397,0.86397,0.86388,0.86395,104
1779460200,0.86394,0.86401,0.86393,0.86401,115
1779460260,0.86399,0.864,0.86391,0.86399,109
1779460320,0.86397,0.86397,0.86384,0.86386,94
1779460380,0.86387,0.86396,0.86385,0.86396,90
1779460440,0.86395,0.86397,0.86391,0.86392,90
1779460500,0.86391,0.86392,0.86382,0.86385,78
1779460560,0.86386,0.86386,0.86378,0.8638,92
1779460620,0.86379,0.86385,0.86376,0.86385,81
1779460680,0.86382,0.86385,0.86379,0.86383,88
1779460740,0.86384,0.86384,0.86373,0.86377,107
1779460800,0.86376,0.86383,0.86372,0.86382,104
1779460860,0.86381,0.86383,0.86377,0.86379,108
1779460920,0.8638,0.86383,0.86376,0.86376,65
1779460980,0.86375,0.86376,0.86368,0.86373,79
1779461040,0.86372,0.86375,0.86365,0.86366,117
1779461100,0.86367,0.86372,0.86362,0.86364,113
1779461160,0.86364,0.86371,0.86364,0.86368,98
1779461220,0.86367,0.8637,0.8636,0.86361,104
1779461280,0.86362,0.86368,0.86356,0.86365,111
1779461340,0.86366,0.86368,0.86363,0.86365,68
1779461400,0.86364,0.86381,0.86363,0.8638,108
1779461460,0.86379,0.86384,0.86378,0.86383,86
1779461520,0.86384,0.86385,0.86373,0.86381,104
1779461580,0.8638,0.86382,0.86372,0.86373,76
1779461640,0.86372,0.86372,0.86355,0.86355,102
1779461700,0.86356,0.86358,0.86329,0.86329,136
1779461760,0.8633,0.8634,0.86324,0.8634,122
1779461820,0.86339,0.86349,0.86324,0.86329,184
1779461880,0.8633,0.86344,0.86328,0.86342,136
1779461940,0.86343,0.86345,0.86331,0.86333,134
1779462000,0.86332,0.86352,0.86332,0.86341,158
1779462060,0.8634,0.86357,0.86338,0.86357,120
1779462120,0.86356,0.86356,0.86351,0.86353,82
1779462180,0.86352,0.86352,0.86343,0.86352,82
1779462240,0.86351,0.86359,0.86351,0.86358,87
1779462300,0.86359,0.86362,0.86356,0.86361,93
1779462360,0.8636,0.86366,0.86357,0.86358,116
1779462420,0.86357,0.86359,0.86348,0.86349,102
1779462480,0.8635,0.86351,0.86337,0.86341,84
1779462540,0.86339,0.86348,0.86339,0.86346,76
1779462600,0.86347,0.8635,0.86346,0.86348,74
1779462660,0.8635,0.86352,0.86346,0.86348,64
1779462720,0.86349,0.86353,0.86347,0.86352,87
1779462780,0.86352,0.86358,0.86352,0.86356,62
1779462840,0.86356,0.8636,0.86355,0.86359,64
1779462900,0.86359,0.8636,0.86343,0.86343,103
1779462960,0.86341,0.86343,0.86335,0.8634,105
1779463020,0.86341,0.86343,0.86337,0.86341,72
1779463080,0.86342,0.86342,0.86336,0.8634,88
1779463140,0.86341,0.86356,0.8634,0.8635,63
1779463200,0.86349,0.86352,0.86339,0.86339,78
1779463260,0.86338,0.86341,0.86334,0.86339,80
1779463320,0.86338,0.86341,0.86332,0.86339,94
1779463380,0.8634,0.86342,0.86333,0.86339,80
1779463440,0.86338,0.86342,0.86332,0.86335,101
1779463500,0.86334,0.86335,0.86329,0.86329,70
1779463560,0.86331,0.86333,0.86326,0.8633,76
1779463620,0.86331,0.86337,0.86331,0.86332,57
1779463680,0.86333,0.86339,0.8633,0.86339,64
1779463740,0.8634,0.86344,0.8634,0.86341,44
1779463800,0.8634,0.86341,0.86333,0.8634,96
1779463860,0.86341,0.86341,0.86329,0.86329,81
1779463920,0.8633,0.86332,0.86321,0.86322,69
1779463980,0.86323,0.8633,0.86321,0.86326,59
1779464040,0.86328,0.86331,0.86326,0.86326,67
1779464100,0.86328,0.86328,0.86311,0.86314,80
1779464160,0.86315,0.86321,0.86314,0.86318,60
1779464220,0.86317,0.86322,0.86316,0.86321,88
1779464280,0.8632,0.86322,0.86312,0.86313,76
1779464340,0.86313,0.86317,0.8631,0.86313,80
1779464400,0.86312,0.86324,0.86311,0.86322,86
1779464460,0.86321,0.86322,0.86316,0.86321,67
1779464520,0.86322,0.86322,0.86314,0.86315,64
1779464580,0.86314,0.86318,0.86303,0.86304,72
1779464640,0.86305,0.86314,0.86303,0.86313,73
1779464700,0.86314,0.8632,0.86314,0.8632,48
1779464760,0.86321,0.86326,0.86319,0.86325,79
1779464820,0.86326,0.86332,0.86326,0.86331,71
1779464880,0.86332,0.86332,0.86323,0.86327,66
1779464940,0.8633,0.86333,0.86326,0.86333,72
1779465000,0.86332,0.86332,0.86328,0.86331,70
1779465060,0.86332,0.86339,0.86329,0.86338,79
1779465120,0.86337,0.86338,0.86334,0.86338,60
1779465180,0.86339,0.86339,0.8633,0.86335,83
1779465240,0.86334,0.86336,0.8633,0.86336,79
1779465300,0.86337,0.86338,0.86334,0.86337,60
1779465360,0.86336,0.86338,0.86334,0.86337,78
1779465420,0.86335,0.86341,0.86335,0.86338,56
1779465480,0.86339,0.86346,0.86338,0.86344,68
1779465540,0.86344,0.86353,0.86343,0.86353,63
1779465600,0.86352,0.86357,0.86349,0.8635,115
1779465660,0.86351,0.86352,0.86347,0.86349,72
1779465720,0.86347,0.86349,0.86344,0.86345,76
1779465780,0.86345,0.86351,0.86343,0.86347,68
1779465840,0.86346,0.86352,0.86344,0.86352,85
1779465900,0.86351,0.86354,0.86347,0.86354,53
1779465960,0.86353,0.86356,0.86353,0.86356,56
1779466020,0.86357,0.86357,0.86349,0.86351,71
1779466080,0.86352,0.86355,0.86348,0.86355,65
1779466140,0.86354,0.86359,0.86354,0.86357,67
1779466200,0.86358,0.86362,0.86354,0.86361,66
1779466260,0.8636,0.86363,0.86358,0.86361,67
1779466320,0.8636,0.86372,0.8636,0.86371,49
1779466380,0.8637,0.86374,0.8637,0.86373,60
1779466440,0.86371,0.86373,0.86365,0.86367,67
1779466500,0.86368,0.8637,0.86363,0.86368,80
1779466560,0.86369,0.86376,0.86369,0.86374,82
1779466620,0.86375,0.86375,0.8637,0.86371,71
1779466680,0.86374,0.86374,0.86371,0.86371,35
1779466740,0.8637,0.8637,0.86364,0.86364,55
1779466800,0.86364,0.86365,0.86358,0.86361,65
1779466860,0.8636,0.86361,0.86356,0.86361,66
1779466920,0.8636,0.86365,0.8636,0.86362,41
1779466980,0.86363,0.86367,0.8636,0.86364,76
1779467040,0.86366,0.86366,0.86356,0.86358,57
1779467100,0.86357,0.86358,0.86347,0.86348,120
1779467160,0.86349,0.86349,0.86346,0.86347,77
1779467220,0.86345,0.86348,0.86344,0.86347,65
1779467280,0.86348,0.86351,0.86346,0.86351,52
1779467340,0.86352,0.86353,0.86349,0.86349,79
1779467400,0.86348,0.86352,0.86347,0.86352,79
1779467460,0.86351,0.86357,0.86351,0.86356,75
1779467520,0.86355,0.86361,0.86354,0.8636,52
1779467580,0.86361,0.86362,0.86356,0.86359,77
1779467640,0.86358,0.86364,0.86357,0.86363,63
1779467700,0.86362,0.86362,0.86357,0.86361,58
1779467760,0.8636,0.86365,0.8636,0.86365,74
1779467820,0.86366,0.86368,0.86364,0.86365,48
1779467880,0.86364,0.86365,0.86356,0.86356,79
1779467940,0.86357,0.8636,0.86354,0.86357,71
1779468000,0.86356,0.86357,0.86354,0.86354,48
1779468060,0.86355,0.86355,0.8635,0.86355,68
1779468120,0.86354,0.86354,0.86348,0.86349,57
1779468180,0.86348,0.86349,0.86343,0.86344,57
1779468240,0.86343,0.86351,0.86342,0.8635,45
1779468300,0.86351,0.86354,0.8635,0.86353,50
1779468360,0.86352,0.86358,0.8635,0.8635,84
1779468420,0.86351,0.86355,0.86351,0.86353,57
1779468480,0.86354,0.86354,0.86348,0.86351,56
1779468540,0.86352,0.86353,0.8635,0.86352,46
1779468600,0.86352,0.86354,0.86351,0.86352,37
1779468660,0.86354,0.86354,0.86351,0.86351,43
1779468720,0.86352,0.86352,0.86347,0.86349,67
1779468780,0.86348,0.86354,0.86348,0.86352,63
1779468840,0.86353,0.86358,0.86353,0.86357,56
1779468900,0.86358,0.86364,0.86358,0.86364,80
1779468960,0.86363,0.86368,0.86362,0.86368,70
1779469020,0.86365,0.86368,0.86365,0.86367,61
1779469080,0.86366,0.86367,0.86359,0.86363,61
1779469140,0.86361,0.86369,0.86361,0.86369,51
1779469200,0.86368,0.86369,0.86365,0.86368,70
1779469260,0.86369,0.86372,0.86368,0.86371,42
1779469320,0.86371,0.86372,0.86367,0.86371,56
1779469380,0.86371,0.86373,0.8637,0.86373,37
1779469440,0.86373,0.86377,0.86372,0.86375,61
1779469500,0.86375,0.86379,0.86374,0.86379,78
1779469560,0.86378,0.86379,0.86368,0.86368,54
1779469620,0.8637,0.86371,0.86365,0.86371,63
1779469680,0.86372,0.86377,0.86368,0.86376,44
1779469740,0.86377,0.86377,0.86374,0.86375,30
1779469800,0.86376,0.86378,0.86367,0.86371,46
1779469860,0.86372,0.86372,0.86369,0.8637,43
1779469920,0.86369,0.86371,0.86367,0.86369,57
1779469980,0.8637,0.86373,0.86369,0.86373,38
1779470040,0.86372,0.86372,0.86366,0.86368,71
1779470100,0.86369,0.86374,0.86368,0.86373,49
1779470160,0.86373,0.86376,0.86372,0.86373,32
1779470220,0.86372,0.86375,0.86372,0.86374,63
1779470280,0.86373,0.86374,0.86363,0.86365,47
1779470340,0.86366,0.86369,0.86362,0.86362,59
1779470400,0.86364,0.86365,0.86355,0.86356,121
1779470460,0.86355,0.86357,0.86347,0.86348,70
1779470520,0.86349,0.86356,0.86348,0.86355,49
1779470580,0.86354,0.86355,0.8635,0.86353,43
1779470640,0.86352,0.86358,0.86352,0.86357,60
1779470700,0.86358,0.86364,0.86357,0.86364,50
1779470760,0.86365,0.86368,0.86364,0.86368,53
1779470820,0.86367,0.86371,0.86367,0.86367,67
1779470880,0.86368,0.86376,0.86367,0.86371,181
1779470940,0.86369,0.86371,0.86365,0.86368,142
1779471000,0.86366,0.86372,0.86364,0.86368,134
1779471060,0.86366,0.86367,0.86361,0.86365,106
1779471120,0.86366,0.86369,0.86363,0.86366,134
1779471180,0.86365,0.86367,0.86362,0.86363,106
1779471240,0.86364,0.86366,0.86359,0.8636,104
1779471300,0.86359,0.86363,0.86353,0.86355,98
1779471360,0.86356,0.86356,0.8635,0.86352,57
1779471420,0.86353,0.86354,0.86346,0.86349,68
1779471480,0.86348,0.8635,0.86344,0.8635,92
1779471540,0.86349,0.86349,0.86343,0.86347,75
1779471600,0.86348,0.86348,0.86341,0.86341,79
1779471660,0.86342,0.86346,0.8634,0.86344,63
1779471720,0.86343,0.86349,0.86343,0.86346,49
1779471780,0.86347,0.8635,0.86346,0.86348,58
1779471840,0.86349,0.86351,0.86348,0.8635,60
1779471900,0.86349,0.86353,0.86348,0.8635,63
1779471960,0.8635,0.86355,0.8635,0.86352,40
1779472020,0.86352,0.86356,0.86351,0.86355,77
1779472080,0.86356,0.86356,0.86353,0.86355,28
1779472140,0.86356,0.86356,0.86351,0.86353,31
1779472200,0.86354,0.86355,0.8635,0.86352,38
1779472260,0.86351,0.86354,0.8635,0.86352,83
1779472320,0.86353,0.86353,0.8635,0.86352,72
1779472380,0.86352,0.86353,0.86351,0.86353,35
1779472440,0.86352,0.86357,0.86352,0.86357,78
1779472500,0.86357,0.86358,0.86354,0.86357,49
1779472560,0.86357,0.86357,0.86353,0.86354,56
1779472620,0.86354,0.86356,0.86353,0.86356,70
1779472680,0.86355,0.86356,0.86352,0.86355,43
1779472740,0.86355,0.86355,0.86353,0.86354,75
1779472800,0.86353,0.86356,0.86352,0.86354,74
1779472860,0.86354,0.86357,0.86353,0.86355,57
1779472920,0.86356,0.86358,0.86355,0.86355,61
1779472980,0.86357,0.86359,0.86357,0.86359,25
1779473040,0.8636,0.86362,0.86354,0.86358,84
1779473100,0.86357,0.86362,0.86354,0.8636,72
1779473160,0.86361,0.86363,0.8636,0.86363,52
1779473220,0.86364,0.86366,0.86363,0.86364,38
1779473280,0.86365,0.86366,0.86362,0.86363,50
1779473340,0.86364,0.86366,0.86362,0.86363,55
1779473400,0.86362,0.86366,0.86361,0.86361,61
1779473460,0.86362,0.86362,0.8636,0.8636,50
1779473520,0.8636,0.86363,0.86359,0.8636,71
1779473580,0.8636,0.86361,0.86359,0.86359,46
1779473640,0.8636,0.86361,0.86358,0.8636,76
1779473700,0.86359,0.8636,0.86358,0.8636,51
1779473760,0.8636,0.86361,0.86356,0.86358,57
1779473820,0.86357,0.8636,0.86357,0.8636,75
1779473880,0.8636,0.86361,0.86359,0.8636,60
1779473940,0.86362,0.86362,0.86358,0.8636,41
1779474000,0.8636,0.86361,0.86357,0.86357,44
1779474060,0.86356,0.86358,0.86355,0.86356,39
1779474120,0.86357,0.86358,0.86354,0.86356,39
1779474180,0.86356,0.86359,0.86356,0.86357,34
1779474240,0.86357,0.8636,0.86357,0.86358,49
1779474300,0.86358,0.8636,0.86356,0.86356,43
1779474360,0.86356,0.86358,0.86355,0.86357,34
1779474420,0.86356,0.86358,0.86356,0.86357,54
1779474480,0.86356,0.86359,0.86356,0.86357,47
1779474540,0.86359,0.8636,0.86358,0.86359,26
1779474600,0.86358,0.86359,0.86356,0.86357,25
1779474660,0.86358,0.86359,0.86355,0.86355,29
1779474720,0.86355,0.86356,0.86355,0.86356,30
1779474780,0.86356,0.86357,0.86354,0.86357,50
1779474840,0.86356,0.86357,0.86353,0.86355,18
1779474900,0.86354,0.86354,0.86352,0.86353,24
1779474960,0.86353,0.86354,0.86352,0.86354,25
1779475020,0.86354,0.86355,0.8635,0.86353,26
1779475080,0.86355,0.86356,0.86353,0.86353,42
1779475140,0.86354,0.86356,0.86346,0.86354,82
1779475200,0.86355,0.86355,0.86351,0.86353,34
1779475260,0.86354,0.86355,0.8635,0.86351,42
1779475320,0.8635,0.86351,0.8635,0.86351,33
1779475380,0.86352,0.86356,0.8635,0.8635,57
1779475440,0.86351,0.86354,0.86351,0.86353,42
1779475500,0.86354,0.86356,0.86351,0.86351,43
1779475560,0.86352,0.86353,0.8635,0.86353,23
1779475620,0.86353,0.86356,0.86352,0.86355,37
1779475680,0.86354,0.86357,0.86353,0.86356,33
1779475740,0.86355,0.86357,0.86354,0.86355,39
1779475800,0.86354,0.86356,0.86352,0.86354,42
1779475860,0.86353,0.86356,0.86353,0.86353,54
1779475920,0.86354,0.86356,0.86352,0.86355,34
1779475980,0.86354,0.86358,0.86354,0.86357,41
1779476040,0.86357,0.86357,0.86353,0.86355,21
1779476100,0.86354,0.86356,0.86352,0.86353,23
1779476160,0.86353,0.86353,0.86351,0.86353,27
1779476220,0.86353,0.86356,0.8635,0.86351,58
1779476280,0.86353,0.86356,0.8635,0.86351,60
1779476340,0.8635,0.86353,0.86346,0.86346,31
1779476400,0.86347,0.86361,0.86347,0.86359,53
1779476460,0.8636,0.86361,0.86356,0.86357,66
1779476520,0.86356,0.8636,0.86355,0.86359,62
1779476580,0.8636,0.86363,0.86358,0.86361,102
1779476640,0.86362,0.86368,0.86361,0.86365,43
1779476700,0.86366,0.86371,0.86366,0.8637,69
1779476760,0.86369,0.86372,0.86369,0.8637,55
1779476820,0.86366,0.86368,0.86366,0.86368,55
1779476880,0.86369,0.86369,0.86366,0.86369,41
1779476940,0.86368,0.86372,0.86368,0.86369,53
1779477000,0.86369,0.8637,0.86367,0.86369,42
1779477060,0.86368,0.86369,0.86367,0.86367,24
1779477120,0.86367,0.86369,0.86366,0.86367,47
1779477180,0.86368,0.86368,0.86365,0.86367,34
1779477240,0.86366,0.86368,0.86365,0.86366,43
1779477300,0.86367,0.86367,0.86364,0.86364,46
1779477360,0.86365,0.86367,0.86365,0.86367,54
1779477420,0.86367,0.86368,0.86365,0.86366,43
1779477480,0.86366,0.86368,0.86365,0.86366,38
1779477540,0.86366,0.86367,0.86365,0.86366,33
1779477600,0.86367,0.86369,0.86366,0.86367,42
1779477660,0.86368,0.86369,0.86367,0.86369,17
1779477720,0.86368,0.8637,0.86368,0.86369,37
1779477780,0.86369,0.86371,0.86368,0.86369,23
1779477840,0.86369,0.86371,0.86369,0.8637,50
1779477900,0.86371,0.86371,0.86368,0.86369,21
1779477960,0.8637,0.8637,0.86368,0.86368,35
1779478020,0.86369,0.86369,0.86364,0.86367,48
1779478080,0.86366,0.86368,0.86364,0.86365,27
1779478140,0.86364,0.86368,0.86364,0.86365,50
1779478200,0.86364,0.86366,0.86361,0.86363,59
1779478260,0.86362,0.86364,0.8636,0.86361,38
1779478320,0.86362,0.86363,0.86358,0.86359,65
1779478380,0.8636,0.86361,0.86359,0.86361,29
1779478440,0.8636,0.86367,0.86359,0.86366,49
1779478500,0.86367,0.8637,0.86366,0.86367,50
1779478560,0.86368,0.86368,0.86362,0.86363,42
1779478620,0.86362,0.86364,0.8636,0.86364,58
1779478680,0.86365,0.86365,0.86361,0.86361,48
1779478740,0.8636,0.86366,0.86359,0.86366,32
1779478800,0.86365,0.86366,0.86362,0.86365,48
1779478860,0.86365,0.86366,0.86361,0.86363,42
1779478920,0.86364,0.86364,0.86362,0.86362,43
1779478980,0.86363,0.86363,0.86361,0.86362,26
1779479040,0.86363,0.86365,0.86361,0.86365,33
1779479100,0.86363,0.86364,0.86361,0.86363,39
1779479160,0.86363,0.86364,0.8636,0.86361,50
1779479220,0.86359,0.8636,0.86356,0.86358,55
1779479280,0.86357,0.86362,0.86357,0.86362,53
1779479340,0.86363,0.86365,0.86362,0.86364,43
1779479400,0.86365,0.86365,0.86362,0.86362,56
1779479460,0.86363,0.86365,0.86361,0.86362,67
1779479520,0.86363,0.86364,0.86362,0.86363,29
1779479580,0.86362,0.86369,0.86362,0.86368,50
1779479640,0.86368,0.86369,0.86367,0.86368,52
1779479700,0.86367,0.86368,0.86361,0.86362,49
1779479760,0.86362,0.86363,0.86358,0.86358,45
1779479820,0.86359,0.8636,0.8635,0.86352,66
1779479880,0.86356,0.86356,0.8635,0.86351,51
1779479940,0.8635,0.86355,0.86349,0.86355,74
1779480000,0.86357,0.86361,0.86356,0.8636,76
1779480060,0.86359,0.86359,0.86357,0.86358,60
1779480120,0.86358,0.86359,0.86344,0.86346,76
1779480180,0.86345,0.86346,0.86343,0.86346,38
1779480240,0.86345,0.86348,0.86343,0.86344,39
1779480300,0.86343,0.86346,0.86341,0.86343,38
1779480360,0.86341,0.86346,0.86341,0.86342,55
1779480420,0.86341,0.86342,0.86338,0.86339,63
1779480480,0.86338,0.86342,0.86338,0.86341,37
1779480540,0.86341,0.86344,0.86339,0.86339,52
1779480600,0.8634,0.86347,0.86339,0.86347,45
1779480660,0.86348,0.8635,0.86347,0.86348,39
1779480720,0.86348,0.86348,0.86346,0.86347,29
1779480780,0.86347,0.86349,0.86345,0.86345,60
1779480840,0.86344,0.86346,0.86343,0.86343,17
1779480900,0.86345,0.86345,0.86341,0.86341,77
1779480960,0.86343,0.86346,0.86341,0.86345,34
1779481020,0.86344,0.86346,0.86341,0.86346,31
1779481080,0.86345,0.86346,0.86342,0.86342,27
1779481140,0.86344,0.86344,0.86342,0.86343,34
1779481200,0.86341,0.86344,0.8634,0.86342,48
1779481260,0.86343,0.86344,0.86341,0.86341,36
1779481320,0.86341,0.86342,0.86339,0.86341,22
1779481380,0.86342,0.86343,0.8634,0.86341,70
1779481440,0.86341,0.86341,0.86337,0.86341,26
1779481500,0.8634,0.86341,0.86337,0.86337,24
1779481560,0.86336,0.86339,0.86336,0.86337,13
1779481620,0.86338,0.86338,0.86336,0.86336,19
1779481680,0.86337,0.86339,0.86336,0.86338,42
1779481740,0.8634,0.8634,0.86336,0.86337,36
1779481800,0.86336,0.86338,0.86335,0.86336,30
1779481860,0.86335,0.86338,0.86331,0.86333,59
1779481920,0.86334,0.86341,0.86333,0.86341,62
1779481980,0.8634,0.86342,0.8634,0.86341,40
1779482040,0.86342,0.86344,0.86336,0.86337,90
1779482100,0.86336,0.86338,0.86333,0.86334,74
1779482160,0.86333,0.86337,0.86333,0.86337,36
1779482220,0.86336,0.86338,0.86335,0.86337,18
1779482280,0.86338,0.8634,0.86337,0.86338,96
1779482340,0.86339,0.86339,0.86335,0.86338,41
1779482400,0.86334,0.86336,0.86333,0.86334,40
1779482460,0.86335,0.86335,0.86333,0.86335,14
1779482520,0.86334,0.8634,0.86334,0.8634,14
1779482580,0.86341,0.86342,0.86339,0.86339,48
1779482640,0.8634,0.86341,0.86338,0.86341,74
1779482700,0.8634,0.8634,0.86337,0.86337,40
1779482760,0.86336,0.86336,0.86333,0.86333,35
1779482820,0.86333,0.86337,0.86329,0.86334,69
1779482880,0.86334,0.86335,0.86332,0.86335,34
1779482940,0.86335,0.86335,0.8633,0.86333,54
1779483000,0.86333,0.86341,0.86333,0.8634,73
1779483060,0.86342,0.86343,0.86339,0.86343,55
1779483120,0.86344,0.86354,0.86343,0.86351,50
1779483180,0.86351,0.86351,0.8634,0.86345,56
1779483240,0.86343,0.86357,0.86343,0.86357,67
1779483300,0.86355,0.86368,0.86355,0.86368,108
1779483360,0.86367,0.86379,0.86348,0.86379,134
1779656460,0.86398,0.86409,0.86398,0.864,12
1779656640,0.86394,0.86396,0.86394,0.86394,6
1779656700,0.86432,0.86437,0.86394,0.86406,20
1779656760,0.86406,0.86441,0.86404,0.86441,9
1779656820,0.86438,0.86438,0.86429,0.86438,12
1779656880,0.86435,0.86435,0.8643,0.8643,3
1779656940,0.86426,0.86431,0.86426,0.86431,15
1779657000,0.86456,0.86467,0.86439,0.86443,16
1779657060,0.86449,0.86466,0.86449,0.86458,9
1779657120,0.86458,0.86458,0.86458,0.86458,2
1779657180,0.8646,0.86461,0.8646,0.86461,4
1779657240,0.86447,0.86459,0.86444,0.86455,13
1779657300,0.86436,0.86437,0.86436,0.86436,6
1779657360,0.86435,0.86448,0.86434,0.86448,18
1779657420,0.86443,0.86448,0.86435,0.86435,15
1779657480,0.8644,0.8644,0.8644,0.8644,2
1779657540,0.86441,0.86451,0.86433,0.86435,12
1779657600,0.86442,0.86455,0.86432,0.86433,28
1779657720,0.86431,0.86431,0.86431,0.86431,3
1779657780,0.86426,0.86432,0.86426,0.86432,7
1779657840,0.86435,0.86436,0.86433,0.86433,10
1779657960,0.86428,0.86432,0.86422,0.86427,14
1779658020,0.8642,0.86431,0.8642,0.86431,16
1779658080,0.8643,0.86436,0.86427,0.86434,12
1779658200,0.86427,0.86434,0.8641,0.86433,33
1779658320,0.86418,0.8642,0.86413,0.86413,10
1779658380,0.86414,0.86414,0.86409,0.86411,7
1779658440,0.86412,0.86414,0.8641,0.86414,14
1779658620,0.86421,0.86428,0.86421,0.86428,11
1779658680,0.86428,0.86428,0.86426,0.86426,2
1779658740,0.86427,0.86427,0.86427,0.86427,1
1779658800,0.86428,0.86459,0.86428,0.86459,23
1779658860,0.8646,0.8646,0.86431,0.86436,27
1779658920,0.86438,0.86442,0.86438,0.8644,15
1779658980,0.86433,0.86441,0.86433,0.86435,9
1779659040,0.86435,0.86435,0.86435,0.86435,1
1779659160,0.86428,0.86428,0.86427,0.86428,9
1779659220,0.86428,0.8643,0.8642,0.86429,51
1779659280,0.86427,0.86432,0.86427,0.8643,32
1779659340,0.86431,0.86431,0.86429,0.8643,19
1779659460,0.86424,0.86424,0.86423,0.86423,7
1779659520,0.86423,0.86423,0.86423,0.86423,2
1779659580,0.86424,0.86424,0.86422,0.86424,7
1779659640,0.86424,0.86424,0.86414,0.8642,31
1779659760,0.86412,0.86414,0.86406,0.86413,40
1779659820,0.86415,0.86415,0.86408,0.86408,41
1779659880,0.86408,0.86408,0.86406,0.86407,10
1779659940,0.86405,0.86408,0.86405,0.86406,13
1779660000,0.86437,0.86438,0.86368,0.86377,148
1779660060,0.86375,0.86383,0.86346,0.86347,150
1779660120,0.86349,0.8636,0.86344,0.86359,95
1779660180,0.86363,0.86365,0.86345,0.86352,138
1779660240,0.86349,0.86351,0.8634,0.86346,63
1779660300,0.86344,0.86351,0.86338,0.8634,155
1779660360,0.86338,0.86341,0.86335,0.86339,77
1779660420,0.86335,0.86343,0.86335,0.8634,67
1779660480,0.86336,0.86339,0.86333,0.86338,64
1779660540,0.86332,0.86339,0.86329,0.86332,72
1779660660,0.86336,0.86338,0.86335,0.86337,21
1779660720,0.86336,0.86337,0.86332,0.86336,46
1779660780,0.86337,0.86341,0.86336,0.86341,45
1779660840,0.8634,0.86345,0.86339,0.86344,35
1779660900,0.86343,0.86347,0.86337,0.86346,81
1779660960,0.86345,0.86347,0.8634,0.86342,51
1779661020,0.86343,0.86343,0.86333,0.86337,44
1779661080,0.86336,0.86337,0.86335,0.86337,31
1779661140,0.86337,0.86339,0.86333,0.86333,37
1779661260,0.86338,0.86347,0.86337,0.86346,79
1779661380,0.86348,0.86353,0.86348,0.86351,27
1779661440,0.86352,0.86353,0.86346,0.86346,26
1779661500,0.8635,0.86351,0.86342,0.86348,57
1779661560,0.86347,0.86349,0.86342,0.86342,35
1779661620,0.86341,0.86343,0.8633,0.86335,92
1779661740,0.8634,0.8634,0.86339,0.86339,4
1779661800,0.86337,0.8634,0.86332,0.86339,64
1779661860,0.8634,0.86346,0.86339,0.86345,64
1779661920,0.86344,0.86347,0.86344,0.86345,28
1779661980,0.86346,0.86353,0.86343,0.86352,63
1779662040,0.86351,0.86352,0.86347,0.8635,60
1779662100,0.86349,0.8635,0.86341,0.86341,56
1779662160,0.86342,0.86352,0.8634,0.86347,55
1779662220,0.86346,0.86346,0.86343,0.86344,31
1779662280,0.86345,0.86347,0.86344,0.86345,34
1779662340,0.86346,0.86348,0.86343,0.86348,33
1779662460,0.86349,0.86358,0.86347,0.86358,43
1779662520,0.86358,0.86359,0.86356,0.86359,21
1779662580,0.86359,0.86367,0.86358,0.86366,49
1779662640,0.86362,0.86363,0.8636,0.8636,42
1779662700,0.86364,0.86365,0.86358,0.86359,47
1779662760,0.8636,0.86363,0.86357,0.86363,52
1779662820,0.86362,0.86364,0.86361,0.86363,46
1779662880,0.86364,0.86364,0.86358,0.86358,26
1779662940,0.86358,0.86363,0.86357,0.86359,25
1779663060,0.86356,0.86359,0.86354,0.86357,36
1779663120,0.86355,0.86357,0.86352,0.86352,45
1779663240,0.86361,0.86362,0.8636,0.8636,32
1779663300,0.86356,0.86359,0.86354,0.86359,34
1779663360,0.86358,0.86358,0.86355,0.86357,14
1779663420,0.86358,0.86358,0.86356,0.86356,18
1779663480,0.86359,0.86359,0.86347,0.86348,34
1779663540,0.86348,0.86349,0.86347,0.86347,18
1779663600,0.86346,0.86347,0.86343,0.86345,52
1779663660,0.86344,0.86349,0.86343,0.86347,34
1779663780,0.86349,0.86349,0.86344,0.86344,22
1779663840,0.86346,0.86347,0.86341,0.86342,22
1779663900,0.86341,0.86344,0.86339,0.86343,48
1779664020,0.86343,0.86344,0.8634,0.86341,29
1779664080,0.86343,0.86343,0.86342,0.86342,12
1779664140,0.86341,0.86343,0.86341,0.86343,29
1779664260,0.86342,0.86343,0.8634,0.86341,22
1779664380,0.86344,0.86344,0.86344,0.86344,2
1779664440,0.86344,0.86344,0.86343,0.86344,6
1779664500,0.86342,0.86342,0.86341,0.86341,11
1779664680,0.86342,0.86346,0.86341,0.86345,18
1779664740,0.86343,0.86346,0.86343,0.86346,16
1779664800,0.86345,0.86347,0.86345,0.86347,33
1779664860,0.86346,0.86347,0.86342,0.86344,17
1779664920,0.86343,0.86344,0.86342,0.86342,12
1779664980,0.86345,0.86347,0.86344,0.86347,14
1779665040,0.86347,0.86348,0.86346,0.86348,12
1779665160,0.86352,0.86354,0.86352,0.86354,14
1779665220,0.86356,0.86357,0.86355,0.86357,16
1779665280,0.86358,0.86359,0.86353,0.86353,29
1779665340,0.86356,0.8636,0.86356,0.8636,12
1779665400,0.86362,0.86362,0.86354,0.86355,24
1779665520,0.86357,0.86357,0.86353,0.86354,14
1779665580,0.86353,0.86356,0.86353,0.86354,12
1779665640,0.86353,0.86358,0.86353,0.86353,35
1779665820,0.86356,0.86356,0.86356,0.86356,2
1779665880,0.86354,0.86354,0.86352,0.86353,14
1779665940,0.86353,0.86354,0.86353,0.86354,4
1779666000,0.86348,0.86351,0.86348,0.86351,28
1779666060,0.8635,0.86354,0.86349,0.86354,26
1779666180,0.86354,0.86354,0.86354,0.86354,2
1779666240,0.86354,0.86356,0.86353,0.86356,20
1779666300,0.86354,0.86357,0.86354,0.86355,80
1779666360,0.86356,0.86357,0.86353,0.86354,50
1779666420,0.86356,0.86358,0.86355,0.86358,34
1779666480,0.86357,0.86358,0.86356,0.86358,46
1779666540,0.86356,0.86358,0.86355,0.86356,20
1779666600,0.86357,0.86358,0.86355,0.86357,49
1779666660,0.86356,0.8636,0.86356,0.8636,41
1779666720,0.86359,0.86361,0.86355,0.86358,54
1779666780,0.86356,0.86358,0.86352,0.86353,52
1779666840,0.86354,0.86357,0.86353,0.86356,39
1779666960,0.86356,0.86357,0.86354,0.86354,15
1779667020,0.86355,0.86357,0.86355,0.86357,26
1779667080,0.86353,0.86354,0.8635,0.86351,44
1779667140,0.86354,0.86356,0.86354,0.86355,28
1779667200,0.86356,0.8636,0.86345,0.86345,81
1779667260,0.86344,0.86345,0.86338,0.86342,67
1779667320,0.86341,0.86343,0.86336,0.86339,82
1779667440,0.86339,0.86342,0.86339,0.86342,31
1779667560,0.86338,0.86344,0.86338,0.86344,63
1779667680,0.8634,0.86341,0.86337,0.86338,32
1779667740,0.86339,0.8634,0.86338,0.86338,23
1779667860,0.86339,0.86346,0.86338,0.86345,39
1779667920,0.86346,0.86346,0.86344,0.86345,42
1779667980,0.86347,0.86348,0.86345,0.86347,50
1779668040,0.86348,0.86348,0.86345,0.86345,24
1779668220,0.86348,0.8635,0.86346,0.86349,42
1779668280,0.8635,0.86351,0.86347,0.86347,45
1779668340,0.86348,0.86349,0.86343,0.86345,48
1779668400,0.86344,0.86347,0.8634,0.86344,45
1779668520,0.86343,0.86346,0.86341,0.86345,40
1779668580,0.86347,0.86348,0.86346,0.86348,33
1779668640,0.86349,0.86352,0.86348,0.8635,31
1779668700,0.86348,0.86356,0.86348,0.86355,47
1779668760,0.86354,0.86356,0.86353,0.86354,25
1779668820,0.86355,0.86358,0.86354,0.86358,52
1779668880,0.86357,0.8636,0.86354,0.86354,32
1779668940,0.86357,0.86358,0.86353,0.86355,40
1779669000,0.86352,0.86356,0.86352,0.86353,49
1779669060,0.86354,0.86356,0.86351,0.86356,37
1779669180,0.86354,0.86354,0.86354,0.86354,1
1779669240,0.86356,0.8636,0.86355,0.86359,33
1779669300,0.8636,0.86363,0.86358,0.86362,29
1779669360,0.86363,0.86364,0.86361,0.86361,42
1779669420,0.86362,0.86364,0.8636,0.86362,32
1779669480,0.86364,0.86366,0.86362,0.86363,42
1779669540,0.86361,0.86363,0.8636,0.86363,39
1779669600,0.86364,0.86366,0.86361,0.86362,38
1779669660,0.86361,0.86363,0.8636,0.86362,27
1779669720,0.86361,0.86361,0.86359,0.86359,22
1779669780,0.8636,0.86362,0.86359,0.86359,44
1779669840,0.8636,0.86361,0.86359,0.8636,33
1779669900,0.86359,0.86362,0.86359,0.86359,44
1779669960,0.86359,0.86361,0.86358,0.86361,41
1779670020,0.8636,0.86364,0.86359,0.86362,32
1779670080,0.86362,0.86362,0.86359,0.86361,58
1779670140,0.86357,0.86364,0.86355,0.86361,90
1779670260,0.86361,0.86361,0.86357,0.86361,92
1779670380,0.86359,0.86362,0.86359,0.86361,30
1779670440,0.86361,0.86362,0.86356,0.8636,74
1779670500,0.86359,0.86359,0.8634,0.86341,150
1779670560,0.86343,0.86343,0.86336,0.86337,82
1779670620,0.86336,0.86342,0.86333,0.86334,92
1779670680,0.86338,0.8634,0.86334,0.86334,102
1779670740,0.86333,0.86333,0.86328,0.8633,106
1779670800,0.86329,0.8633,0.86322,0.86324,124
1779670860,0.86323,0.86327,0.86322,0.86324,112
1779670920,0.86325,0.86328,0.86321,0.86323,92
1779670980,0.86322,0.86327,0.8632,0.86327,85
1779671040,0.86326,0.8633,0.86324,0.8633,54
1779671160,0.86329,0.86331,0.86327,0.8633,31
1779671220,0.86331,0.86335,0.86331,0.86334,37
1779671280,0.86333,0.86334,0.86331,0.86333,57
1779671340,0.86335,0.86339,0.86331,0.86331,43
1779671520,0.86323,0.86327,0.86323,0.86325,40
1779671580,0.86326,0.86329,0.86325,0.86328,32
1779671640,0.86329,0.86332,0.86328,0.8633,65
1779671700,0.86328,0.86332,0.86328,0.86331,64
1779671820,0.86329,0.86332,0.86327,0.86332,47
1779671880,0.86331,0.86333,0.86328,0.8633,77
1779671940,0.86332,0.86334,0.86327,0.86331,86
1779672000,0.8633,0.86333,0.8633,0.86331,72
1779672060,0.86332,0.86332,0.86325,0.86325,24
1779672120,0.8633,0.8633,0.86327,0.86329,49
1779672180,0.86329,0.86332,0.86327,0.86331,37
1779672240,0.86334,0.86335,0.8633,0.86331,30
1779672300,0.86329,0.86333,0.86328,0.86333,68
1779672360,0.86333,0.86335,0.8633,0.86334,60
1779672420,0.86333,0.86334,0.86331,0.86332,40
1779672480,0.86332,0.86334,0.86332,0.86333,25
1779672540,0.86334,0.86338,0.86333,0.86337,47
1779672600,0.8633,0.86333,0.86326,0.8633,85
1779672780,0.86333,0.86333,0.86333,0.86333,2
1779672840,0.86331,0.86333,0.86327,0.86331,34
1779672960,0.8633,0.86332,0.8633,0.86332,25
1779673020,0.86333,0.86336,0.86328,0.86328,54
1779673080,0.86329,0.86331,0.86329,0.8633,51
1779673140,0.86329,0.86332,0.86328,0.86329,51
1779673200,0.8633,0.8633,0.86327,0.86328,54
1779673260,0.86327,0.86329,0.86326,0.86328,50
1779673320,0.86327,0.8633,0.86327,0.86328,42
1779673380,0.86329,0.86329,0.86327,0.86327,52
1779673440,0.86328,0.8633,0.86326,0.86329,60
1779673500,0.86329,0.8633,0.86328,0.86329,51
1779673560,0.8633,0.86334,0.86328,0.86333,63
1779673680,0.86338,0.86338,0.86335,0.86336,50
1779673740,0.86338,0.86338,0.86336,0.86337,26
1779673800,0.86337,0.86339,0.86336,0.86338,35
1779673860,0.86339,0.8634,0.86337,0.86339,48
1779673920,0.86339,0.8634,0.86338,0.86339,31
1779673980,0.86339,0.86342,0.86339,0.8634,27
1779674040,0.8634,0.8634,0.8634,0.8634,2
1779674160,0.86339,0.86341,0.86337,0.86339,47
1779674220,0.86338,0.86343,0.86337,0.86342,54
1779674340,0.86343,0.86343,0.8634,0.86342,19
1779674400,0.86343,0.86344,0.8634,0.86342,71
1779674460,0.86343,0.86343,0.86342,0.86342,23
1779674520,0.86343,0.86343,0.86341,0.86343,57
1779674580,0.86342,0.86344,0.86342,0.86344,29
1779674640,0.86343,0.86345,0.86342,0.86345,19
1779674760,0.86345,0.86346,0.86344,0.86346,27
1779674820,0.86348,0.8635,0.86346,0.86346,22
1779674880,0.86348,0.86351,0.86347,0.8635,49
1779674940,0.86348,0.8635,0.86347,0.86348,33
1779675000,0.86347,0.86349,0.86346,0.86348,34
1779675120,0.86349,0.86351,0.86347,0.8635,18
1779675180,0.86349,0.86349,0.86348,0.86348,4
1779675240,0.8635,0.86354,0.86349,0.86352,47
1779675300,0.86354,0.86355,0.86352,0.86355,45
1779675360,0.86354,0.86355,0.86352,0.86354,37
1779675420,0.86353,0.86354,0.86353,0.86353,14
1779675480,0.86354,0.86355,0.86352,0.86354,42
1779675540,0.86354,0.86355,0.86353,0.86354,20
1779675660,0.86356,0.86357,0.86355,0.86356,11
1779675720,0.86356,0.86357,0.86356,0.86357,20
1779675780,0.86357,0.8636,0.86356,0.86359,28
1779675840,0.86356,0.86357,0.86355,0.86356,15
1779675960,0.86353,0.86355,0.86353,0.86354,24
1779676020,0.86355,0.86356,0.86355,0.86355,12
1779676080,0.86353,0.86355,0.86352,0.86354,34
1779676140,0.86354,0.86355,0.86353,0.86354,14
1779676200,0.86354,0.86354,0.86352,0.86354,34
1779676260,0.86353,0.86357,0.86353,0.86356,32
1779676380,0.86354,0.86356,0.86354,0.86355,17
1779676440,0.86354,0.86355,0.86353,0.86355,20
1779676500,0.86356,0.86357,0.86352,0.86355,28
1779676560,0.86355,0.86356,0.86351,0.86351,18
1779676620,0.8635,0.86352,0.8635,0.86352,10
1779676740,0.86352,0.86352,0.86349,0.8635,17
1779676860,0.86352,0.86353,0.86351,0.86352,11
1779676920,0.86353,0.86354,0.86352,0.86352,26
1779676980,0.86352,0.86352,0.8635,0.86352,18
1779677040,0.86351,0.86353,0.86349,0.8635,21
1779677100,0.86349,0.86351,0.86349,0.86351,19
1779677220,0.86354,0.86354,0.86351,0.86353,12
1779677280,0.86354,0.86355,0.86352,0.86354,23
1779677340,0.86355,0.86356,0.86354,0.86356,7
1779677460,0.86355,0.86357,0.86354,0.86356,24
1779677520,0.86355,0.86356,0.86355,0.86355,7
1779677580,0.86356,0.86357,0.86356,0.86356,5
1779677640,0.86356,0.86358,0.86356,0.86358,7
1779677700,0.86356,0.86357,0.86354,0.86354,30
1779677760,0.86355,0.86358,0.86354,0.86357,26
1779677880,0.86351,0.86353,0.8635,0.86353,22
1779677940,0.86351,0.86354,0.8635,0.86352,40
1779678000,0.8635,0.86352,0.86347,0.86351,61
1779678060,0.86352,0.86354,0.86351,0.86354,42
1779678180,0.86358,0.86362,0.86358,0.86359,36
1779678360,0.86354,0.86356,0.86354,0.86355,24
1779678420,0.86358,0.86359,0.86357,0.86359,27
1779678480,0.86358,0.86359,0.86356,0.86359,31
1779678540,0.8636,0.8636,0.86357,0.86358,14
1779678660,0.86358,0.8636,0.86358,0.86359,37
1779678720,0.86359,0.8636,0.86358,0.8636,13
1779678780,0.8636,0.8636,0.86356,0.86357,19
1779678840,0.86356,0.86357,0.86354,0.86356,39
1779678900,0.86355,0.86355,0.8635,0.86353,45
1779679020,0.86353,0.86354,0.86349,0.86351,44
1779679080,0.8635,0.86352,0.8635,0.86351,22
1779679140,0.86352,0.86352,0.8635,0.86352,28
1779679260,0.86348,0.86351,0.86346,0.86348,48
1779679320,0.8635,0.86351,0.86349,0.8635,42
1779679380,0.86349,0.8635,0.86349,0.86349,18
1779679440,0.8635,0.8635,0.86347,0.86349,29
1779679500,0.8635,0.86351,0.86348,0.86349,32
1779679620,0.86351,0.86353,0.86349,0.8635,23
1779679680,0.86351,0.86351,0.86346,0.86348,34
1779679740,0.86349,0.86351,0.86349,0.86351,33
1779679800,0.86352,0.86357,0.86352,0.86356,39
1779679860,0.86357,0.86357,0.86352,0.86354,54
1779679920,0.86353,0.86355,0.86353,0.86353,19
1779679980,0.86354,0.86355,0.86353,0.86355,26
1779680040,0.86354,0.86356,0.86353,0.86354,23
1779680160,0.86351,0.86352,0.86349,0.86352,38
1779680220,0.86352,0.86353,0.86351,0.86351,14
1779680280,0.86352,0.86354,0.86352,0.86354,18
1779680340,0.86355,0.86356,0.86352,0.86356,37
1779680400,0.86354,0.86357,0.86354,0.86356,26
1779680460,0.86357,0.86357,0.86353,0.86353,23
1779680520,0.86354,0.86355,0.8635,0.86351,28
1779680580,0.86352,0.86353,0.86351,0.86352,26
1779680640,0.86352,0.86354,0.86352,0.86353,29
1779680700,0.86354,0.86358,0.86353,0.86358,34
1779680760,0.86358,0.86359,0.86356,0.86357,45
1779680820,0.86358,0.8636,0.86357,0.86358,26
1779680880,0.86359,0.86359,0.86357,0.86357,12
1779680940,0.86358,0.8636,0.86355,0.86356,28
1779681000,0.86356,0.86357,0.86355,0.86356,30
1779681060,0.86357,0.86359,0.86357,0.86359,15
1779681120,0.86357,0.86358,0.86357,0.86357,9
1779681180,0.86358,0.86358,0.86357,0.86358,17
1779681240,0.86358,0.86358,0.86357,0.86357,18
1779681360,0.86357,0.86357,0.86355,0.86356,29
1779681420,0.86356,0.86358,0.86355,0.86357,23
1779681480,0.86352,0.86354,0.86352,0.86354,23
1779681540,0.86357,0.8636,0.86356,0.86358,17
1779681600,0.86359,0.86359,0.86353,0.86354,60
1779681660,0.86353,0.86355,0.86352,0.86353,28
1779681720,0.86354,0.86354,0.86352,0.86353,30
1779681840,0.86353,0.86354,0.86353,0.86353,11
1779681960,0.86352,0.86354,0.86351,0.86354,7
1779682020,0.86354,0.86354,0.8635,0.86352,42
1779682080,0.86354,0.86355,0.8635,0.86354,47
1779682140,0.86352,0.86353,0.86351,0.86352,30
1779682200,0.86353,0.86354,0.86352,0.86354,23
1779682260,0.86353,0.86354,0.86352,0.86353,30
1779682320,0.86353,0.86354,0.86352,0.86354,32
1779682380,0.86354,0.86356,0.86352,0.86355,29
1779682440,0.86355,0.86356,0.86354,0.86355,30
1779682500,0.86356,0.86356,0.86352,0.86354,40
1779682560,0.86354,0.86356,0.86354,0.86356,30
1779682620,0.86356,0.86357,0.86355,0.86356,23
1779682680,0.86356,0.86356,0.86355,0.86356,14
1779682740,0.86355,0.86358,0.86354,0.86356,17
1779682800,0.86355,0.86357,0.86352,0.86352,30
1779682860,0.86351,0.86352,0.86351,0.86352,25
1779682980,0.86352,0.86352,0.86352,0.86352,2
1779683040,0.86355,0.86355,0.86352,0.86352,24
1779683160,0.86352,0.86352,0.86349,0.8635,18
1779683220,0.8635,0.8635,0.86349,0.86349,15
1779683340,0.8635,0.8635,0.86347,0.86348,34
1779683400,0.86347,0.86348,0.86346,0.86347,18
1779683520,0.8635,0.86351,0.86348,0.86348,26
1779683580,0.86348,0.86349,0.86348,0.86348,14
1779683640,0.86349,0.86349,0.86348,0.86348,26
1779683760,0.86346,0.86347,0.86345,0.86347,13
1779683820,0.86348,0.86348,0.86346,0.86346,16
1779683880,0.86341,0.86342,0.8634,0.86342,12
1779683940,0.86341,0.86342,0.86339,0.86341,14
1779684060,0.86342,0.86344,0.86342,0.86344,6
1779684120,0.86343,0.86346,0.86342,0.86342,18
1779684180,0.86343,0.86343,0.86343,0.86343,2
1779684240,0.86344,0.86344,0.86342,0.86342,4
1779684300,0.86344,0.86345,0.86343,0.86345,7
1779684420,0.86347,0.86349,0.86346,0.86347,25
1779684480,0.86348,0.86349,0.86347,0.86347,14
1779684540,0.86347,0.8635,0.86346,0.86349,20
1779684660,0.86352,0.86352,0.86347,0.86349,25
1779684720,0.86347,0.86348,0.86345,0.86347,46
1779684780,0.86345,0.86347,0.86344,0.86345,30
1779684840,0.86346,0.86348,0.86344,0.86344,25
1779684900,0.86346,0.86346,0.86343,0.86345,51
1779684960,0.86346,0.86346,0.86344,0.86344,15
1779685020,0.86343,0.86346,0.8634,0.8634,36
1779685080,0.8634,0.86344,0.8634,0.86343,22
1779685140,0.86344,0.86346,0.8634,0.8634,25
1779685200,0.86343,0.86344,0.86341,0.86344,52
1779685260,0.86345,0.86345,0.8634,0.86342,24
1779685320,0.8634,0.86344,0.8634,0.86343,35
1779685380,0.86342,0.86344,0.8634,0.86341,46
1779685440,0.8634,0.86343,0.8634,0.86342,11
1779685500,0.86342,0.86343,0.86336,0.86337,36
1779685620,0.86333,0.86333,0.86333,0.86333,2
1779685680,0.86335,0.86339,0.86334,0.86338,16
1779685740,0.86335,0.86336,0.86334,0.86335,32
1779685800,0.86335,0.86335,0.86329,0.86329,38
1779685860,0.8633,0.86332,0.86328,0.86328,50
1779685920,0.86327,0.86331,0.86326,0.86331,34
1779685980,0.86324,0.86325,0.86322,0.86325,30
1779686040,0.86325,0.86331,0.86325,0.86331,17
1779686100,0.86332,0.86333,0.8633,0.86332,31
1779686220,0.86332,0.86334,0.8633,0.86333,37
1779686340,0.86338,0.86339,0.86337,0.86338,11
1779686460,0.86337,0.86337,0.86333,0.86333,20
1779686520,0.86336,0.86336,0.86335,0.86335,19
1779686580,0.86335,0.86336,0.86334,0.86334,14
1779686640,0.86335,0.86335,0.86333,0.86333,12
1779686760,0.86331,0.86333,0.86327,0.86331,33
1779686820,0.8633,0.86331,0.8633,0.86331,3
1779686880,0.86331,0.86332,0.86329,0.86332,26
1779686940,0.86332,0.86332,0.86331,0.86332,13
1779687000,0.8633,0.86335,0.8633,0.86333,42
1779687060,0.86332,0.86336,0.86332,0.86334,42
1779687180,0.86336,0.86339,0.86333,0.86333,31
1779687240,0.86335,0.86335,0.86328,0.86331,23
1779687360,0.86329,0.86333,0.86327,0.86333,21
1779687480,0.8633,0.86333,0.8633,0.86333,15
1779687540,0.86334,0.86334,0.86333,0.86333,21
1779687600,0.86333,0.86334,0.8633,0.86331,40
1779687660,0.86333,0.86333,0.86327,0.86328,25
1779687720,0.86328,0.8633,0.86328,0.8633,22
1779687780,0.86329,0.8633,0.86327,0.86329,36
1779687840,0.8633,0.8633,0.86324,0.86325,24
1779687900,0.86326,0.86328,0.86325,0.86328,33
1779687960,0.86328,0.86329,0.86327,0.86327,23
1779688020,0.86327,0.86327,0.86327,0.86327,3
1779688080,0.86328,0.86328,0.86326,0.86326,16
1779688140,0.86327,0.86327,0.86325,0.86326,29
1779688200,0.86325,0.86327,0.86322,0.86323,35
1779688320,0.86322,0.86322,0.86316,0.86317,14
1779688380,0.86317,0.86321,0.86317,0.86319,25
1779688440,0.86318,0.86319,0.86318,0.86318,19
1779688500,0.8632,0.86329,0.86319,0.86327,51
1779688560,0.86328,0.86329,0.86324,0.86326,40
1779688620,0.86327,0.86327,0.86321,0.86325,30
1779688680,0.86324,0.86326,0.86323,0.86325,18
1779688740,0.86324,0.86326,0.86324,0.86325,30
1779688800,0.86328,0.86333,0.86327,0.86329,80
1779688860,0.86328,0.86332,0.86327,0.86332,70
1779688920,0.86333,0.86334,0.86329,0.86332,30
1779688980,0.86333,0.86335,0.86331,0.86332,36
1779689040,0.86333,0.86334,0.86332,0.86334,21
1779689160,0.8633,0.86338,0.86329,0.86338,39
1779689220,0.86336,0.86337,0.86336,0.86337,24
1779689280,0.86339,0.8634,0.86333,0.86334,43
1779689340,0.86331,0.86334,0.8633,0.86332,38
1779689400,0.86332,0.86333,0.86324,0.86324,36
1779689520,0.86327,0.86328,0.86327,0.86328,5
1779689580,0.8633,0.86332,0.86329,0.8633,35
1779689640,0.86329,0.86333,0.86329,0.86332,42
1779689700,0.86332,0.86336,0.86332,0.86335,24
1779689760,0.86334,0.86338,0.86334,0.86337,24
1779689880,0.86335,0.86335,0.86331,0.86332,23
1779689940,0.8633,0.86334,0.8633,0.86334,15
1779690000,0.86336,0.86339,0.86334,0.86339,58
1779690060,0.8634,0.86342,0.86339,0.86342,17
1779690120,0.86342,0.86342,0.86337,0.86339,30
1779690240,0.86339,0.86339,0.86339,0.86339,2
1779690360,0.8634,0.86342,0.86339,0.8634,36
1779690420,0.8634,0.86342,0.86337,0.86338,29
1779690480,0.86337,0.86338,0.86334,0.86337,35
1779690540,0.86337,0.86339,0.86335,0.86338,45
1779690600,0.86339,0.86341,0.86337,0.8634,52
1779690780,0.86335,0.86339,0.86335,0.86339,28
1779690840,0.86338,0.86342,0.86337,0.86339,46
1779690960,0.86337,0.86339,0.86335,0.86335,36
1779691020,0.86333,0.86334,0.8633,0.86334,50
1779691140,0.86337,0.86337,0.86334,0.86334,23
1779691200,0.86334,0.86337,0.86334,0.86334,33
1779691260,0.86335,0.86338,0.86335,0.86338,9
1779691320,0.86337,0.86338,0.86332,0.86334,37
1779691380,0.86335,0.86343,0.86335,0.86341,50
1779691440,0.86342,0.86347,0.86341,0.86344,52
1779691620,0.86343,0.86344,0.86341,0.86344,41
1779691680,0.86345,0.86345,0.86342,0.86343,36
1779691740,0.86344,0.86345,0.86342,0.86344,31
1779691800,0.86346,0.86346,0.86344,0.86345,26
1779691920,0.86338,0.86339,0.86336,0.86337,44
1779691980,0.86338,0.86342,0.86338,0.86342,45
1779692040,0.86343,0.86343,0.86336,0.86337,50
1779692160,0.86325,0.86326,0.86325,0.86326,9
1779692280,0.8632,0.86324,0.8632,0.86322,42
1779692340,0.8632,0.86321,0.86317,0.8632,56
1779692400,0.86318,0.86325,0.86317,0.86323,52
1779692460,0.86322,0.86325,0.86321,0.86324,48
1779692520,0.86323,0.86329,0.86322,0.86329,66
1779692580,0.86328,0.86331,0.86325,0.8633,60
1779692640,0.86328,0.86329,0.86323,0.86328,37
1779692700,0.86329,0.86331,0.86326,0.86329,38
1779692760,0.8633,0.86332,0.86324,0.86329,42
1779692820,0.86329,0.8633,0.86324,0.86326,30
1779692880,0.86325,0.86327,0.86323,0.86324,48
1779692940,0.86326,0.8633,0.86325,0.86326,75
1779693060,0.86326,0.8633,0.86325,0.86326,49
1779693120,0.86324,0.86324,0.86314,0.86314,44
1779693180,0.86313,0.86318,0.86313,0.86317,28
1779693240,0.86315,0.86315,0.86313,0.86314,17
1779693300,0.86313,0.86316,0.86313,0.86315,58
1779693420,0.86315,0.86317,0.86312,0.86315,54
1779693480,0.86317,0.86328,0.86315,0.86327,126
1779693540,0.8633,0.86333,0.86327,0.86331,88
1779693660,0.86329,0.8633,0.86327,0.86329,38
1779693720,0.8633,0.86338,0.86329,0.86337,44
1779693780,0.86341,0.86341,0.86335,0.86337,42
1779693840,0.86336,0.86337,0.86329,0.86331,46
1779693900,0.86331,0.86337,0.86331,0.86336,60
1779694020,0.86345,0.86345,0.8634,0.86343,34
1779694080,0.86342,0.86344,0.86342,0.86342,19
1779694140,0.86343,0.86344,0.86342,0.86342,28
1779694200,0.86343,0.86345,0.8634,0.86341,46
1779694260,0.86342,0.86344,0.86338,0.86343,76
1779694320,0.86344,0.86345,0.86338,0.86339,73
1779694440,0.8633,0.86333,0.86329,0.86332,48
1779694500,0.86334,0.86334,0.86328,0.86328,48
1779694560,0.86329,0.86333,0.86328,0.86329,43
1779694620,0.8633,0.86332,0.86329,0.86329,20
1779694680,0.86331,0.86332,0.8633,0.8633,36
1779694740,0.86331,0.86332,0.8633,0.86331,44
1779694860,0.86333,0.86336,0.86332,0.86336,27
1779694920,0.86335,0.86335,0.86331,0.86333,26
1779694980,0.86333,0.86334,0.86331,0.86333,43
1779695040,0.86331,0.86338,0.8633,0.86338,37
1779695100,0.86337,0.86339,0.86337,0.86338,31
1779695280,0.86323,0.86324,0.86322,0.86323,16
1779695340,0.86321,0.86322,0.8632,0.86321,31
1779695400,0.86319,0.86321,0.86318,0.86319,37
1779695520,0.86321,0.86321,0.86321,0.86321,1
1779695580,0.8632,0.86321,0.86317,0.8632,36
1779695640,0.86318,0.86318,0.86313,0.86317,25
1779695760,0.86321,0.86322,0.86319,0.8632,49
1779695880,0.86301,0.86302,0.86298,0.86302,36
1779695940,0.86303,0.86303,0.863,0.86302,34
1779696000,0.863,0.86302,0.86297,0.86298,64
1779696060,0.86299,0.86301,0.86298,0.86299,57
1779696120,0.863,0.86307,0.86299,0.86305,67
1779696180,0.86306,0.86307,0.86301,0.86301,54
1779696240,0.863,0.86304,0.86299,0.86301,38
1779696360,0.86302,0.86303,0.86298,0.863,30
1779696420,0.86298,0.86302,0.86298,0.86299,29
1779696480,0.86297,0.86297,0.86291,0.86295,19
1779696540,0.86294,0.86294,0.86289,0.86291,45
1779696600,0.86293,0.86294,0.86288,0.8629,38
1779696720,0.86294,0.86295,0.86293,0.86294,32
1779696780,0.86302,0.86303,0.863,0.86302,31
1779696840,0.86304,0.86304,0.863,0.86301,38
1779696900,0.86299,0.863,0.86296,0.86299,34
1779696960,0.86298,0.86299,0.86298,0.86298,10
1779697020,0.86298,0.86302,0.86298,0.86302,20
1779697080,0.86298,0.86302,0.86298,0.86302,25
1779697140,0.86302,0.86302,0.86294,0.86295,35
1779697200,0.86294,0.86299,0.86294,0.86297,42
1779697260,0.86297,0.86302,0.86296,0.86301,34
1779697380,0.86297,0.86299,0.86296,0.86297,18
1779697440,0.86296,0.86297,0.86295,0.86297,27
1779697500,0.86294,0.86299,0.86294,0.86299,43
1779697620,0.86301,0.86302,0.86299,0.863,31
1779697680,0.86302,0.86303,0.86301,0.86302,22
1779697740,0.86303,0.86305,0.86302,0.86304,39
1779697800,0.86303,0.86307,0.86302,0.86306,60
1779697920,0.86308,0.8631,0.86308,0.8631,22
1779697980,0.8631,0.86311,0.86308,0.8631,35
1779698040,0.86311,0.86311,0.86307,0.86309,38
1779698100,0.86307,0.86311,0.86306,0.8631,52
1779698160,0.86309,0.86311,0.86306,0.86306,63
1779698220,0.86307,0.86314,0.86306,0.86314,34
1779698280,0.86315,0.86317,0.86314,0.86316,38
1779698340,0.86317,0.86317,0.86316,0.86316,23
1779698400,0.86318,0.86318,0.86314,0.86316,37
1779698460,0.86317,0.86321,0.86316,0.8632,52
1779698520,0.86321,0.86328,0.86321,0.86322,36
1779698580,0.86323,0.86325,0.86322,0.86323,26
1779698640,0.86322,0.86322,0.86319,0.86321,31
1779698700,0.86322,0.86323,0.86318,0.8632,36
1779698760,0.86319,0.86321,0.86318,0.8632,50
1779698820,0.86319,0.86321,0.86313,0.86313,68
1779698880,0.86314,0.86315,0.8631,0.8631,40
1779698940,0.86309,0.86312,0.86308,0.86311,33
1779699000,0.86312,0.86312,0.86304,0.86305,32
1779699060,0.86304,0.86312,0.86304,0.86311,39
1779699120,0.86312,0.86315,0.8631,0.86315,28
1779699180,0.86315,0.86319,0.86315,0.86318,39
1779699240,0.86317,0.8632,0.86312,0.86313,50
1779699300,0.86312,0.86314,0.86311,0.86314,44
1779699360,0.86315,0.86315,0.86311,0.86312,25
1779699420,0.86313,0.86313,0.863,0.863,53
1779699480,0.86299,0.863,0.86293,0.86294,76
1779699540,0.86295,0.86295,0.86289,0.86289,48
1779699600,0.8629,0.86294,0.86289,0.86292,48
1779699660,0.86291,0.86296,0.86291,0.86295,72
1779699720,0.86294,0.86296,0.86293,0.86294,47
1779699780,0.86293,0.86294,0.86291,0.86293,20
1779699840,0.86292,0.86293,0.86291,0.86292,22
1779699900,0.86293,0.86293,0.86286,0.86287,43
1779699960,0.86286,0.86289,0.86284,0.86284,42
1779700020,0.86285,0.86286,0.86282,0.86283,44
1779700080,0.86284,0.86284,0.86281,0.86283,33
1779700140,0.86282,0.86283,0.86275,0.86278,45
1779700200,0.86277,0.86279,0.86276,0.86279,17
1779700260,0.86278,0.86279,0.86277,0.86278,21
1779700320,0.86279,0.8628,0.86277,0.86278,37
1779700380,0.86279,0.86281,0.86278,0.86278,46
1779700440,0.86278,0.8628,0.86278,0.8628,37
1779700500,0.86279,0.86281,0.86276,0.86278,40
1779700560,0.86279,0.86282,0.86278,0.86282,34
1779700620,0.86282,0.86283,0.86279,0.86282,34
1779700680,0.86281,0.86282,0.86274,0.86276,34
1779700740,0.86277,0.86281,0.86277,0.8628,34
1779700800,0.86281,0.86287,0.86281,0.86286,22
1779700860,0.86285,0.86286,0.86282,0.86284,20
1779700920,0.86284,0.86286,0.86282,0.86283,26
1779700980,0.86284,0.86286,0.86283,0.86284,38
1779701040,0.86285,0.86287,0.86285,0.86286,50
1779701100,0.86285,0.86286,0.86283,0.86285,36
1779701160,0.86285,0.86288,0.86284,0.86287,41
1779701220,0.86286,0.86287,0.8628,0.86282,46
1779701280,0.86281,0.86283,0.8628,0.86283,48
1779701340,0.86282,0.86283,0.86279,0.86279,28
1779701400,0.8628,0.86282,0.86276,0.86278,54
1779701460,0.86279,0.86281,0.86278,0.8628,15
1779701520,0.86281,0.86282,0.86279,0.86279,34
1779701580,0.8628,0.86281,0.86277,0.86281,41
1779701640,0.8628,0.8628,0.86277,0.86278,38
1779701700,0.86277,0.86278,0.86276,0.86277,33
1779701760,0.86277,0.86278,0.86275,0.86276,36
1779701820,0.86275,0.86278,0.86275,0.86276,30
1779701880,0.86277,0.86279,0.86276,0.86277,17
1779701940,0.86278,0.8628,0.86277,0.86279,31
1779702000,0.86278,0.8628,0.86278,0.8628,34
1779702060,0.86281,0.86282,0.8628,0.8628,25
1779702120,0.86281,0.86283,0.8628,0.86282,13
1779702180,0.86282,0.86284,0.86282,0.86284,16
1779702240,0.86283,0.86286,0.86283,0.86285,23
1779702300,0.86284,0.86285,0.86281,0.86281,44
1779702360,0.8628,0.86282,0.86279,0.86279,18
1779702420,0.8628,0.86283,0.86279,0.86281,17
1779702480,0.8628,0.8628,0.86277,0.86277,24
1779702540,0.86277,0.86277,0.86273,0.86275,28
1779702660,0.86274,0.86275,0.86273,0.86274,23
1779702720,0.86273,0.86275,0.86273,0.86275,13
1779702780,0.86271,0.86275,0.86271,0.86275,23
1779702840,0.86275,0.86276,0.86275,0.86275,11
1779702900,0.86276,0.86276,0.86272,0.86273,36
1779703020,0.86272,0.86272,0.86272,0.86272,1
1779703080,0.86271,0.86271,0.86269,0.8627,33
1779703140,0.86272,0.86277,0.86272,0.86275,40
1779703200,0.86277,0.86278,0.86274,0.86275,32
1779703260,0.86276,0.86278,0.86275,0.86278,24
1779703440,0.86279,0.86281,0.86278,0.86281,14
1779703500,0.86282,0.86283,0.86281,0.86282,13
1779703560,0.86283,0.86284,0.86281,0.86281,18
1779703620,0.86282,0.86283,0.8628,0.86283,19
1779703680,0.86284,0.86284,0.8628,0.86284,29
1779703740,0.86283,0.86287,0.86282,0.86287,30
1779703800,0.86286,0.86292,0.86286,0.86292,46
1779703860,0.86291,0.86295,0.86291,0.86293,42
1779703920,0.86294,0.86295,0.86293,0.86293,24
1779703980,0.86292,0.86293,0.86292,0.86292,38
1779704040,0.86292,0.86296,0.8629,0.86296,21
1779704100,0.86295,0.863,0.86295,0.86298,56
1779704160,0.86297,0.86298,0.86296,0.86298,26
1779704220,0.86297,0.86297,0.86293,0.86295,45
1779704280,0.86296,0.86298,0.86294,0.86298,23
1779704340,0.86298,0.86302,0.86298,0.863,30
1779704400,0.86301,0.86307,0.86301,0.86306,46
1779704460,0.86305,0.86306,0.86303,0.86303,22
1779704520,0.86304,0.86304,0.86302,0.86303,20
1779704580,0.86304,0.86304,0.863,0.86301,46
1779704640,0.86302,0.86305,0.86301,0.86303,24
1779704700,0.86304,0.86305,0.86302,0.86303,38
1779704760,0.86302,0.86303,0.863,0.86301,21
1779704820,0.863,0.86302,0.863,0.863,17
1779704880,0.86299,0.863,0.86298,0.86299,19
1779704940,0.86296,0.86297,0.86291,0.86295,28
1779705000,0.86296,0.86298,0.86296,0.86296,22
1779705060,0.86297,0.86301,0.86297,0.86301,18
1779705120,0.863,0.863,0.86296,0.86296,42
1779705180,0.86297,0.863,0.86297,0.86299,32
1779705240,0.86298,0.86299,0.86297,0.86298,19
1779705300,0.86298,0.86299,0.86297,0.86297,15
1779705360,0.86298,0.863,0.86296,0.86298,32
1779705420,0.86299,0.86302,0.86298,0.86301,35
1779705480,0.86302,0.86302,0.86298,0.86301,52
1779705540,0.863,0.86302,0.86298,0.86302,34
1779705600,0.86301,0.86305,0.86301,0.86303,16
1779705660,0.86303,0.86304,0.86301,0.86303,51
1779705720,0.86302,0.86303,0.86301,0.86301,46
1779705780,0.86301,0.86303,0.86301,0.86302,20
1779705840,0.86303,0.86303,0.863,0.863,20
1779705900,0.86297,0.86299,0.86296,0.86298,54
1779705960,0.86297,0.86299,0.86297,0.86299,33
1779706020,0.86298,0.86299,0.86298,0.86298,15
1779706080,0.86298,0.86299,0.86297,0.86297,21
1779706140,0.86298,0.863,0.86298,0.86299,36
1779706200,0.86298,0.863,0.86298,0.863,36
1779706260,0.86299,0.86304,0.86299,0.86304,27
1779706320,0.86304,0.86305,0.86303,0.86305,17
1779706380,0.86301,0.86303,0.86301,0.86303,10
1779706440,0.86304,0.86304,0.86299,0.863,23
1779706560,0.86297,0.86298,0.86296,0.86297,18
1779706680,0.86298,0.863,0.86298,0.863,9
1779706740,0.863,0.86301,0.86297,0.86298,35
1779706800,0.86299,0.86303,0.86298,0.86301,40
1779706860,0.86303,0.86304,0.86301,0.86301,16
1779706920,0.86302,0.86304,0.86297,0.86297,26
1779706980,0.86298,0.86299,0.86297,0.86298,14
1779707040,0.86299,0.863,0.86299,0.86299,15
1779707160,0.86296,0.86303,0.86295,0.86303,18
1779707220,0.86303,0.86305,0.86303,0.86305,14
1779707280,0.86306,0.86306,0.86303,0.86304,14
1779707340,0.86305,0.86306,0.86301,0.86303,32
1779707400,0.86301,0.86303,0.86299,0.863,26
1779707520,0.86301,0.86303,0.863,0.863,12
1779707580,0.863,0.863,0.86294,0.86296,16
1779707640,0.86294,0.86296,0.86292,0.86293,20
1779707700,0.86292,0.86293,0.86291,0.86292,26
1779707760,0.86293,0.86294,0.86291,0.86291,18
1779707880,0.86293,0.86294,0.86291,0.86291,14
1779707940,0.86292,0.86293,0.86291,0.86293,17
1779708000,0.86293,0.86295,0.86292,0.86293,24
1779708060,0.86293,0.86294,0.86291,0.86292,43
1779708120,0.86293,0.86293,0.86289,0.86289,22
1779708180,0.8629,0.86291,0.8629,0.86291,5
1779708240,0.8629,0.86291,0.8629,0.8629,24
1779708360,0.86287,0.8629,0.86283,0.86285,30
1779708420,0.86286,0.86288,0.86283,0.86284,44
1779708480,0.86285,0.86286,0.86282,0.86283,20
1779708540,0.86282,0.86284,0.86282,0.86284,26
1779708600,0.86282,0.86287,0.86282,0.86283,50
1779708720,0.86288,0.86288,0.86279,0.8628,60
1779708780,0.86277,0.86278,0.86271,0.86273,62
1779708840,0.86275,0.86276,0.86269,0.86274,38
1779708960,0.86272,0.86273,0.86271,0.86273,22
1779709020,0.8627,0.86275,0.86269,0.86273,44
1779709080,0.8627,0.86272,0.8627,0.86272,22
1779709140,0.86273,0.86275,0.86268,0.8627,36
1779709200,0.8627,0.86275,0.86267,0.86271,54
1779709320,0.86269,0.86271,0.86268,0.86271,18
1779709380,0.86272,0.86273,0.86269,0.86273,28
1779709440,0.86272,0.86273,0.86269,0.86273,24
1779709620,0.86256,0.86264,0.86256,0.86263,32
1779709740,0.86264,0.86264,0.86263,0.86264,14
1779709860,0.86265,0.86265,0.8626,0.8626,22
1779709920,0.86259,0.86265,0.86259,0.86265,25
1779709980,0.86262,0.86264,0.86262,0.86264,38
1779710040,0.86267,0.86267,0.8626,0.86261,49
1779710100,0.86262,0.86262,0.86255,0.86259,64
1779710160,0.8626,0.86262,0.86257,0.86259,46
1779710220,0.86259,0.8626,0.86254,0.86254,40
1779710280,0.86256,0.86258,0.86253,0.86254,36
1779710340,0.86257,0.86258,0.86254,0.86257,40
1779710400,0.86259,0.86261,0.86256,0.86257,76
1779710460,0.86259,0.8626,0.86257,0.86257,46
1779710520,0.86255,0.86256,0.86249,0.86253,48
1779710580,0.86251,0.86253,0.8625,0.86252,36
1779710640,0.86249,0.8625,0.86249,0.8625,36
1779710700,0.86253,0.86258,0.86251,0.86258,54
1779710760,0.8626,0.86262,0.86251,0.86251,48
1779710820,0.86251,0.86255,0.8625,0.86255,28
1779710940,0.8625,0.8625,0.86248,0.86248,18
1779711060,0.8625,0.86252,0.86249,0.86251,25
1779711120,0.86251,0.86252,0.86248,0.86248,42
1779711180,0.86249,0.86257,0.86249,0.86255,30
1779711240,0.86256,0.8626,0.86256,0.86259,27
1779711300,0.86258,0.86259,0.86256,0.86257,23
1779711420,0.86254,0.86257,0.86254,0.86255,15
1779711480,0.86256,0.86259,0.86255,0.86255,27
1779711540,0.86255,0.8626,0.86252,0.86259,35
1779711660,0.86256,0.86259,0.86253,0.86253,28
1779711720,0.86254,0.86257,0.86254,0.86257,24
1779711780,0.86257,0.86259,0.86256,0.86258,18
1779711840,0.86254,0.86255,0.86253,0.86254,28
1779711900,0.86255,0.86257,0.86252,0.86253,63
1779711960,0.86252,0.86253,0.8625,0.8625,52
1779712020,0.8625,0.86254,0.86249,0.86253,34
1779712080,0.86253,0.86254,0.86252,0.86253,25
1779712140,0.86254,0.86256,0.86251,0.86256,34
1779712200,0.86256,0.86257,0.86254,0.86255,49
1779712260,0.86256,0.86256,0.86249,0.86255,73
1779712320,0.86256,0.86259,0.86256,0.86258,50
1779712380,0.86257,0.86257,0.86255,0.86257,26
1779712440,0.86255,0.86255,0.86251,0.86252,29
1779712500,0.86251,0.86256,0.86251,0.86253,60
1779712560,0.86254,0.86255,0.86254,0.86255,12
1779712620,0.86258,0.86259,0.86256,0.86258,32
1779712680,0.86259,0.86262,0.86258,0.86262,38
1779712740,0.86262,0.86264,0.86259,0.86263,30
1779712800,0.86264,0.86265,0.86263,0.86264,27
1779712860,0.86263,0.86264,0.86261,0.86261,6
1779712920,0.86264,0.86264,0.86262,0.86263,30
1779712980,0.86264,0.86268,0.86262,0.86268,36
1779713040,0.86267,0.86268,0.86265,0.86266,51
1779713100,0.86266,0.8627,0.86261,0.8627,96
1779713160,0.86271,0.86274,0.8627,0.86273,64
1779713220,0.86274,0.86275,0.86272,0.86273,42
1779713280,0.86272,0.86275,0.86269,0.86274,48
1779713340,0.86273,0.86277,0.86273,0.86276,40
1779713400,0.86277,0.86278,0.86275,0.86275,35
1779713460,0.86276,0.86278,0.86274,0.86274,53
1779713580,0.86276,0.86276,0.86273,0.86274,44
1779713640,0.86274,0.86275,0.86272,0.86272,48
1779713760,0.86278,0.8628,0.86277,0.86278,38
1779713880,0.86278,0.86278,0.86275,0.86276,33
1779713940,0.86277,0.86278,0.86275,0.86277,18
1779714000,0.8628,0.86283,0.86278,0.86281,43
1779714060,0.8628,0.86282,0.86279,0.86279,42
1779714120,0.8628,0.86282,0.86276,0.86281,44
1779714240,0.86277,0.86277,0.86274,0.86277,48
1779714360,0.86278,0.86278,0.86276,0.86277,22
1779714420,0.86275,0.86275,0.86272,0.86272,30
1779714480,0.86272,0.86274,0.86271,0.86273,22
1779714540,0.86274,0.86276,0.86273,0.86273,35
1779714600,0.86273,0.86276,0.86272,0.86275,45
1779714660,0.86274,0.86277,0.86273,0.86273,49
1779714720,0.86275,0.86278,0.86273,0.86277,62
1779714780,0.86278,0.86279,0.86275,0.86276,16
1779714840,0.86278,0.8628,0.86276,0.86277,15
1779714900,0.86277,0.86279,0.86274,0.86274,49
1779714960,0.86276,0.86277,0.86267,0.86269,42
1779715020,0.86267,0.8627,0.86264,0.86264,50
1779715080,0.86264,0.86265,0.86261,0.86261,28
1779715140,0.8626,0.86261,0.86259,0.86259,8
1779715200,0.86258,0.86259,0.86253,0.86253,40
1779715260,0.86254,0.86257,0.86253,0.86255,23
1779715320,0.86257,0.86257,0.86249,0.86251,20
1779715380,0.8625,0.86252,0.86249,0.86251,29
1779715440,0.86251,0.86252,0.8625,0.86251,40
1779715500,0.86251,0.86252,0.86249,0.86251,29
1779715560,0.86251,0.86252,0.86248,0.86252,46
1779715620,0.86251,0.86252,0.8625,0.8625,18
1779715680,0.8625,0.8625,0.86243,0.86243,43
1779715740,0.86246,0.86246,0.86241,0.86242,25
1779715800,0.86242,0.86242,0.86232,0.86233,50
1779715980,0.86224,0.86229,0.86224,0.86227,24
1779716040,0.86227,0.8623,0.86227,0.86228,32
1779716160,0.86233,0.86235,0.8623,0.8623,50
1779716220,0.8623,0.86232,0.86229,0.86231,38
1779716280,0.86229,0.86231,0.86228,0.86231,29
1779716460,0.86234,0.86237,0.86232,0.86235,26
1779716520,0.86237,0.86244,0.86236,0.86238,45
1779716580,0.86238,0.86241,0.86237,0.86239,34
1779716640,0.86237,0.86239,0.86236,0.86237,34
1779716700,0.8624,0.8624,0.86235,0.86236,22
1779716760,0.86235,0.86236,0.86231,0.86234,40
1779716880,0.86238,0.86239,0.86233,0.86235,50
1779716940,0.86237,0.86237,0.86234,0.86235,18
1779717000,0.86237,0.86241,0.86236,0.8624,26
1779717060,0.86241,0.86244,0.86238,0.86243,49
1779717120,0.86243,0.86244,0.86239,0.86243,46
1779717240,0.86239,0.86241,0.86238,0.8624,12
1779717360,0.8624,0.86243,0.86239,0.86243,20
1779717420,0.86244,0.8625,0.86244,0.86247,29
1779717540,0.86248,0.86253,0.86247,0.86249,41
1779717600,0.8625,0.86252,0.86248,0.86251,56
1779717660,0.8625,0.86257,0.86249,0.86249,58
1779717720,0.86248,0.86249,0.86246,0.86247,56
1779717780,0.86247,0.86249,0.86245,0.86249,36
1779717840,0.86248,0.86249,0.86244,0.86249,42
1779717900,0.86249,0.86255,0.86249,0.86254,38
1779717960,0.86253,0.86254,0.86251,0.86254,26
1779718020,0.86252,0.86257,0.86252,0.86255,48
1779718080,0.86255,0.86257,0.86255,0.86256,21
1779718140,0.86257,0.86257,0.86255,0.86255,39
1779718260,0.86261,0.86261,0.86259,0.86261,32
1779718380,0.86262,0.86262,0.86259,0.86261,32
1779718440,0.86262,0.86262,0.86254,0.86256,16
1779718500,0.86254,0.86257,0.86254,0.86255,39
1779718620,0.86256,0.86258,0.86256,0.86257,18
1779718740,0.86259,0.8626,0.86258,0.86259,28
1779718860,0.86255,0.86257,0.86254,0.86255,32
1779718920,0.86256,0.86257,0.86254,0.86255,33
1779718980,0.86256,0.86258,0.86255,0.86258,33
1779719040,0.86258,0.86258,0.86252,0.86253,31
1779719100,0.86252,0.86253,0.8625,0.86252,47
1779719220,0.86251,0.86251,0.8625,0.86251,21
1779719280,0.8625,0.86253,0.86249,0.86252,32
1779719340,0.86252,0.86254,0.86251,0.86254,22
1779719400,0.86252,0.86256,0.86251,0.86255,37
1779719460,0.86256,0.86259,0.86256,0.86258,19
1779719580,0.86257,0.86257,0.86254,0.86257,33
1779719640,0.86256,0.86256,0.86253,0.86253,37
1779719700,0.86258,0.86259,0.86254,0.86254,29
1779719760,0.86253,0.86256,0.86253,0.86256,24
1779719820,0.86255,0.86255,0.86253,0.86254,28
1779719880,0.86254,0.86257,0.86253,0.86256,40
1779719940,0.86256,0.86258,0.86253,0.86254,41
1779720060,0.86257,0.86258,0.86252,0.86253,54
1779720120,0.8625,0.8625,0.86246,0.86248,24
1779720180,0.86252,0.86252,0.86249,0.8625,18
1779720240,0.8625,0.86252,0.86249,0.86249,44
1779720300,0.8625,0.86252,0.86248,0.86252,42
1779720480,0.8625,0.8625,0.86246,0.86248,46
1779720540,0.86251,0.86252,0.86249,0.86249,22
1779720660,0.86255,0.86259,0.86254,0.86254,28
1779720780,0.8626,0.8626,0.86258,0.86259,29
1779720840,0.86259,0.86259,0.86257,0.86257,20
1779720960,0.8626,0.8626,0.86255,0.86256,58
1779721020,0.86259,0.86262,0.86233,0.86233,86
1779721080,0.86227,0.8623,0.86223,0.86225,82
1779721140,0.86225,0.86232,0.86224,0.86231,74
1779721200,0.86232,0.86234,0.86227,0.86231,66
1779721260,0.8623,0.86235,0.86229,0.86233,54
1779721320,0.86232,0.86238,0.86227,0.86237,120
1779721380,0.86238,0.8624,0.86235,0.86239,58
1779721440,0.86242,0.86244,0.86241,0.86241,28
1779721500,0.86242,0.86249,0.86241,0.86249,56
1779721560,0.86247,0.86252,0.86246,0.86252,38
1779721620,0.86249,0.86253,0.86249,0.86253,13
1779721680,0.8625,0.86253,0.86248,0.86251,28
1779721740,0.8625,0.86251,0.8625,0.86251,16
1779721800,0.86254,0.86257,0.86249,0.8625,79
1779721860,0.86253,0.86253,0.86247,0.8625,114
1779721920,0.86252,0.86254,0.86249,0.86252,84
1779721980,0.86253,0.86253,0.86251,0.86252,32
1779722040,0.86252,0.86254,0.86251,0.86253,84
1779722100,0.86252,0.86255,0.86251,0.86254,58
1779722160,0.86253,0.86259,0.86253,0.86255,58
1779722220,0.86256,0.86256,0.86252,0.86252,25
1779722280,0.8625,0.86253,0.8625,0.86252,30
1779722340,0.86253,0.86254,0.8625,0.86253,46
1779731460,0.86207,0.86208,0.86207,0.86208,3
1779731520,0.86209,0.86209,0.86208,0.86208,2
1779731580,0.86209,0.8621,0.86207,0.86207,11
1779731640,0.86209,0.8621,0.86209,0.8621,4
1779731700,0.86211,0.86211,0.8621,0.8621,6
1779731760,0.86209,0.86211,0.86209,0.86211,11
1779731820,0.86211,0.86212,0.86211,0.86211,5
1779731880,0.86209,0.8621,0.86209,0.8621,4
1779731940,0.86209,0.8621,0.86209,0.8621,8
1779732000,0.86209,0.8621,0.86207,0.86207,31
1779732060,0.86208,0.86209,0.86205,0.86207,31
1779732180,0.86207,0.86207,0.86206,0.86206,3
1779732240,0.86207,0.86207,0.86206,0.86207,27
1779732300,0.86206,0.86207,0.86205,0.86206,12
1779732360,0.86205,0.86207,0.86205,0.86205,18
1779732420,0.86203,0.86204,0.86202,0.86203,14
1779732480,0.86204,0.86205,0.86204,0.86205,24
1779733260,0.86207,0.86208,0.86206,0.86207,8
1779733320,0.86207,0.86207,0.86204,0.86204,27
1779733380,0.86205,0.86206,0.86205,0.86205,16
1779733440,0.86205,0.86206,0.86205,0.86206,6
1779733560,0.86204,0.86206,0.86204,0.86205,7
1779733620,0.86205,0.86205,0.86203,0.86205,16
1779733680,0.86205,0.86206,0.86204,0.86205,11
1779733740,0.86205,0.86206,0.86204,0.86205,17
1779733920,0.86204,0.86205,0.86203,0.86204,18
1779733980,0.86205,0.86205,0.86202,0.86203,23
1779734040,0.86203,0.86204,0.86202,0.86203,29
1779734100,0.86203,0.86204,0.86203,0.86204,13
1779734160,0.86203,0.86204,0.86202,0.86204,16
1779734220,0.86204,0.86205,0.86204,0.86205,5
1779734280,0.86205,0.86205,0.86205,0.86205,1
1779734340,0.86203,0.86203,0.862,0.86201,13
1779734400,0.86201,0.86202,0.862,0.86201,11
1779734460,0.86202,0.86202,0.862,0.86201,16
1779734520,0.86202,0.86202,0.86202,0.86202,2
1779734580,0.86202,0.86202,0.86201,0.86201,15
1779734640,0.86202,0.86202,0.86201,0.86202,10
1779734700,0.86201,0.86203,0.86201,0.86202,26
1779734760,0.86203,0.86203,0.862,0.86202,27
1779734820,0.86201,0.86202,0.86201,0.86201,5
1779734880,0.86202,0.86202,0.862,0.86201,11
1779734940,0.86201,0.86201,0.862,0.86201,10
1779735000,0.862,0.86202,0.86199,0.86202,20
1779735060,0.86203,0.86203,0.86202,0.86202,6
1779735120,0.86202,0.86202,0.86202,0.86202,3
1779735180,0.86202,0.86202,0.86201,0.86202,8
1779735240,0.86201,0.86202,0.86201,0.86202,4
1779735300,0.86202,0.86202,0.86198,0.86198,19
1779735360,0.86198,0.86198,0.86198,0.86198,1
1779735420,0.86199,0.86201,0.86198,0.86198,11
1779735480,0.86197,0.86198,0.86197,0.86197,6
1779735540,0.86199,0.86203,0.86198,0.862,29
1779735600,0.86203,0.86203,0.86201,0.86202,26
1779735660,0.86201,0.86202,0.86201,0.86201,10
1779735720,0.86202,0.86202,0.86201,0.86201,8
1779735780,0.86202,0.86202,0.86201,0.86201,19
1779735840,0.86201,0.86202,0.86201,0.86202,3
1779735960,0.862,0.862,0.86199,0.862,14
1779736020,0.86202,0.86202,0.86201,0.86201,3
1779736080,0.86201,0.86201,0.862,0.86201,15
1779736140,0.862,0.86201,0.862,0.862,14
1779736260,0.86199,0.86201,0.86199,0.86199,19
1779736320,0.862,0.86202,0.86199,0.86202,16
1779736440,0.86201,0.86201,0.86201,0.86201,2
1779736500,0.86202,0.86202,0.86202,0.86202,6
1779736560,0.86202,0.86202,0.86202,0.86202,7
1779736620,0.86202,0.86202,0.86201,0.86202,4
1779736680,0.86202,0.86204,0.86202,0.86203,15
1779736740,0.86203,0.86203,0.86202,0.86202,6
1779736860,0.86202,0.86202,0.86201,0.86202,12
1779736920,0.86201,0.86201,0.86201,0.86201,6
1779736980,0.86201,0.86201,0.86201,0.86201,1
1779737100,0.86199,0.862,0.86198,0.86198,32
1779737160,0.86199,0.86199,0.86198,0.86199,30
1779737220,0.86199,0.86199,0.86198,0.86199,16
1779737280,0.86199,0.86199,0.86196,0.86196,13
1779737340,0.86197,0.86199,0.86197,0.86199,14
1779737400,0.86201,0.86201,0.86199,0.86199,10
1779737580,0.86201,0.86201,0.862,0.862,4
1779737640,0.86202,0.86202,0.86201,0.86202,11
1779737700,0.86201,0.86202,0.862,0.86201,28
1779737760,0.862,0.86201,0.86199,0.86199,14
1779737820,0.86193,0.86194,0.86189,0.86189,17
1779737940,0.8619,0.8619,0.86189,0.86189,4
1779738000,0.86193,0.86193,0.8619,0.8619,10
1779738060,0.86189,0.86192,0.86189,0.86192,8
1779738120,0.86191,0.86192,0.86191,0.86191,26
1779738180,0.86191,0.86191,0.86188,0.86188,6
1779738240,0.86188,0.86188,0.86187,0.86188,9
1779738480,0.86189,0.86189,0.86189,0.86189,2
1779738540,0.86189,0.86189,0.86189,0.86189,1
1779738660,0.86187,0.86188,0.86187,0.86187,17
1779738720,0.86189,0.8619,0.86188,0.86189,33
1779738840,0.86187,0.86188,0.86187,0.86187,6
1779738960,0.86182,0.86182,0.86178,0.86179,18
1779739020,0.86181,0.86186,0.86181,0.86186,24
1779739080,0.86182,0.86186,0.86182,0.86185,28
1779739140,0.86186,0.86186,0.86184,0.86184,6
1779739200,0.86185,0.86187,0.86184,0.86186,16
1779739260,0.86186,0.86188,0.86186,0.86187,17
1779739320,0.86188,0.86188,0.86188,0.86188,2
1779739380,0.86188,0.86189,0.86188,0.86188,10
1779739440,0.86188,0.86189,0.86187,0.86189,28
1779739500,0.8619,0.8619,0.86188,0.86189,11
1779739560,0.86188,0.86189,0.86188,0.86189,3
1779739620,0.8619,0.86191,0.86189,0.86191,10
1779739680,0.8619,0.86192,0.8619,0.86191,6
1779739740,0.86193,0.86193,0.86193,0.86193,3
1779739860,0.86193,0.86194,0.86192,0.86193,25
1779739920,0.86192,0.86193,0.86192,0.86193,5
1779739980,0.86193,0.86193,0.86191,0.86191,10
1779740040,0.86192,0.86193,0.86192,0.86192,6
1779740100,0.86192,0.86193,0.86192,0.86192,12
1779740220,0.86194,0.86195,0.86194,0.86194,8
1779740280,0.86196,0.86196,0.86194,0.86194,7
1779740340,0.86196,0.86196,0.86194,0.86195,17
1779740460,0.86194,0.86196,0.86188,0.86188,19
1779740520,0.86187,0.86188,0.86187,0.86188,4
1779740580,0.86191,0.86191,0.86191,0.86191,2
1779740640,0.8619,0.86192,0.8619,0.8619,14
1779740700,0.86189,0.86191,0.86189,0.8619,23
1779740760,0.86189,0.86191,0.86189,0.86191,32
1779740880,0.8619,0.8619,0.8619,0.8619,2
1779740940,0.86194,0.86196,0.86194,0.86194,15
1779741120,0.86192,0.86193,0.86192,0.86193,4
1779741180,0.86193,0.86195,0.86193,0.86194,19
1779741240,0.86195,0.86195,0.86194,0.86194,7
1779741300,0.86194,0.86194,0.86192,0.86192,22
1779741360,0.86192,0.86193,0.8619,0.86191,18
1779741420,0.86193,0.86193,0.86191,0.86193,11
1779741480,0.86192,0.86193,0.86191,0.86192,26
1779741540,0.86191,0.86192,0.8619,0.86192,44
1779741720,0.86188,0.86188,0.86187,0.86188,10
1779741780,0.86187,0.86188,0.86187,0.86188,12
1779741840,0.86187,0.86189,0.86187,0.86188,12
1779741900,0.86192,0.86193,0.8619,0.86191,34
1779742020,0.86188,0.8619,0.86187,0.8619,22
1779742080,0.86188,0.86191,0.86188,0.86189,52
1779742140,0.8619,0.86191,0.86188,0.8619,52
1779742260,0.86187,0.86191,0.86186,0.8619,14
1779742320,0.86189,0.86191,0.86189,0.8619,26
1779742380,0.86191,0.86191,0.86191,0.86191,2
1779742440,0.86196,0.86196,0.8619,0.86192,16
1779742560,0.86194,0.86195,0.86194,0.86195,2
1779742620,0.86196,0.86197,0.86196,0.86197,4
1779742680,0.86195,0.86195,0.86195,0.86195,5
1779742860,0.86169,0.86169,0.86169,0.86169,2
1779742980,0.86144,0.86157,0.86144,0.86157,3
1779743040,0.86159,0.86184,0.86158,0.86158,8
1779743160,0.8616,0.86168,0.8616,0.86168,4
1779743220,0.86152,0.86157,0.86152,0.86157,5
1779743280,0.86169,0.86169,0.86152,0.86152,4
1779743340,0.86151,0.86151,0.86143,0.86143,4
1779743400,0.86163,0.86163,0.86143,0.86144,5
1779743460,0.86146,0.86146,0.86144,0.86144,2
1779743520,0.8616,0.86165,0.86158,0.86165,5
1779743580,0.86158,0.86164,0.86158,0.86164,2
1779743640,0.86145,0.86146,0.86144,0.86146,5
1779743700,0.86177,0.86177,0.86175,0.86175,2
1779743760,0.86173,0.86175,0.86173,0.86175,2
1779743820,0.86173,0.86175,0.86173,0.86175,2
1779743880,0.86174,0.86182,0.86174,0.86182,12
1779743940,0.86181,0.86181,0.86179,0.86179,6
1779744000,0.86181,0.86183,0.86181,0.86183,83
1779744060,0.86183,0.86183,0.86183,0.86183,49
1779744120,0.86183,0.86183,0.86182,0.86183,17
1779744180,0.86184,0.86184,0.86183,0.86184,7
1779744240,0.86181,0.86181,0.86181,0.86181,2
1779744300,0.8618,0.86181,0.8618,0.86181,8
1779744360,0.8618,0.86181,0.8618,0.86181,4
1779744420,0.86169,0.86179,0.86163,0.86168,11
1779744480,0.86176,0.86177,0.86174,0.86176,14
1779744540,0.86178,0.8618,0.86178,0.86179,9
1779744600,0.86184,0.86186,0.86181,0.86185,16
1779744720,0.86185,0.86186,0.86183,0.86184,16
1779744780,0.86183,0.86183,0.86182,0.86182,3
1779744840,0.86194,0.86195,0.86193,0.86194,22
1779744960,0.86195,0.86198,0.86195,0.86197,22
1779745020,0.86198,0.86198,0.86195,0.86196,22
1779745080,0.86207,0.86207,0.86205,0.86205,7
1779745140,0.86204,0.86204,0.86201,0.86201,3
1779745200,0.862,0.86202,0.862,0.86201,9
1779745260,0.86201,0.86201,0.86197,0.862,11
1779745320,0.86201,0.86201,0.86198,0.86198,34
1779745440,0.86193,0.86193,0.86193,0.86193,2
1779745620,0.86171,0.86171,0.86169,0.86169,5
1779745680,0.86174,0.86179,0.86167,0.86177,36
1779745740,0.86177,0.86177,0.86166,0.86169,66
1779745860,0.86166,0.86169,0.86166,0.86168,11
1779745920,0.86165,0.86166,0.86165,0.86166,8
1779745980,0.86166,0.86166,0.86166,0.86166,3
1779746040,0.86166,0.86172,0.86166,0.86172,19
1779746160,0.86179,0.86179,0.86173,0.86173,9
1779746220,0.86178,0.86178,0.8617,0.86174,7
1779746280,0.8617,0.8617,0.86168,0.86169,5
1779746340,0.86166,0.8618,0.86166,0.86175,29
1779746400,0.86191,0.86212,0.86191,0.86204,127
1779746460,0.86205,0.86208,0.86199,0.86207,81
1779746520,0.86208,0.86211,0.86207,0.8621,29
1779746580,0.86209,0.86212,0.86206,0.86209,59
1779746640,0.8621,0.86212,0.86206,0.8621,33
1779746700,0.86212,0.86214,0.86206,0.86206,40
1779746760,0.86207,0.86209,0.86205,0.86207,27
1779746820,0.86206,0.8621,0.86199,0.862,47
1779746940,0.86203,0.86203,0.86202,0.86203,6
1779747060,0.862,0.86208,0.86196,0.86201,51
1779747120,0.86197,0.86198,0.86197,0.86198,4
1779747180,0.86196,0.862,0.86196,0.862,13
1779747240,0.86201,0.86204,0.86201,0.86202,28
1779747300,0.86204,0.86205,0.86202,0.86203,30
1779747420,0.86207,0.86208,0.86206,0.86207,27
1779747480,0.86207,0.86207,0.86202,0.86202,19
1779747540,0.86203,0.86204,0.86202,0.86203,25
1779747600,0.86202,0.86203,0.86201,0.86202,18
1779747660,0.86202,0.86208,0.86199,0.86208,41
1779747720,0.86207,0.86208,0.86202,0.86202,19
1779747780,0.86203,0.86205,0.86203,0.86204,23
1779747840,0.86203,0.86204,0.86202,0.86202,26
1779747900,0.86205,0.86206,0.86205,0.86205,20
1779747960,0.86205,0.86206,0.86205,0.86206,21
1779748020,0.86206,0.86207,0.86205,0.86206,23
1779748080,0.86206,0.86207,0.86205,0.86207,13
1779748140,0.86206,0.86206,0.86202,0.86202,19
1779748200,0.86202,0.86203,0.86196,0.86197,44
1779748260,0.86198,0.86205,0.86198,0.86202,49
1779748320,0.86201,0.86205,0.86201,0.86204,25
1779748380,0.86204,0.86205,0.86202,0.86203,24
1779748440,0.86202,0.86203,0.86202,0.86202,26
1779748500,0.86203,0.86204,0.86203,0.86203,25
1779748560,0.86203,0.86205,0.86203,0.86204,27
1779748620,0.86205,0.86205,0.86204,0.86205,17
1779748680,0.86204,0.86204,0.86201,0.86202,30
1779748740,0.86203,0.86203,0.86202,0.86202,12
1779748920,0.86197,0.86197,0.86197,0.86197,2
1779748980,0.86199,0.862,0.86198,0.862,20
1779749040,0.86199,0.862,0.86198,0.86199,26
1779749100,0.86198,0.86199,0.86198,0.86199,4
1779749280,0.86203,0.86203,0.86201,0.86201,14
1779749340,0.862,0.862,0.86198,0.86199,20
1779749460,0.862,0.86202,0.86199,0.86202,18
1779749520,0.86203,0.86203,0.86202,0.86203,6
1779749580,0.86201,0.86201,0.86201,0.86201,2
1779749640,0.86202,0.86202,0.86202,0.86202,2
1779749760,0.86203,0.86205,0.86201,0.86204,24
1779749820,0.86203,0.86207,0.86202,0.86206,25
1779749880,0.86206,0.86207,0.86205,0.86205,13
1779749940,0.86205,0.86206,0.86205,0.86206,8
1779750000,0.86205,0.8621,0.86203,0.86208,65
1779750060,0.86207,0.8621,0.86204,0.86205,34
1779750180,0.86204,0.86206,0.86204,0.86206,15
1779750240,0.86204,0.86206,0.86204,0.86206,17
1779750300,0.86205,0.86206,0.86205,0.86205,9
1779750360,0.86206,0.86207,0.86205,0.86207,15
1779750420,0.86206,0.86207,0.86206,0.86206,6
1779750480,0.86207,0.86209,0.86206,0.86207,20
1779750540,0.86207,0.86213,0.86206,0.86211,19
1779750720,0.86214,0.86216,0.86214,0.86216,6
1779750780,0.86215,0.86216,0.86215,0.86216,3
1779750840,0.86214,0.86216,0.86214,0.86215,19
1779750900,0.86214,0.86215,0.86214,0.86215,7
1779750960,0.86215,0.86215,0.86214,0.86214,14
1779751020,0.86216,0.86218,0.86216,0.86217,21
1779751080,0.86218,0.86218,0.86217,0.86218,13
1779751140,0.86217,0.86218,0.86217,0.86217,6
1779751200,0.86219,0.86219,0.86218,0.86218,10
1779751260,0.86218,0.86218,0.86217,0.86218,6
1779751320,0.86218,0.86218,0.86217,0.86218,17
1779751440,0.86217,0.86219,0.86217,0.86218,19
1779751560,0.86217,0.86219,0.86217,0.86219,14
1779751620,0.8622,0.86221,0.86219,0.8622,21
1779751680,0.86221,0.86224,0.8622,0.86224,18
1779751740,0.86222,0.86223,0.86222,0.86223,12
1779751800,0.86222,0.86223,0.86221,0.86222,18
1779751920,0.86222,0.86223,0.86221,0.86223,15
1779751980,0.86225,0.86227,0.86223,0.86223,26
1779752040,0.86227,0.86227,0.86219,0.86219,26
1779752100,0.86218,0.86219,0.86218,0.86219,17
1779752160,0.8622,0.8622,0.86214,0.86215,35
1779752220,0.86218,0.86218,0.86212,0.86212,39
1779752280,0.86213,0.86214,0.86211,0.86214,18
1779752340,0.86216,0.86218,0.86216,0.86216,26
1779752400,0.86213,0.86214,0.86212,0.86212,21
1779752460,0.86213,0.86213,0.86212,0.86213,7
1779752520,0.86212,0.86212,0.8621,0.86211,18
1779752640,0.86211,0.86216,0.86209,0.86213,21
1779752820,0.86201,0.86205,0.86201,0.86204,21
1779752880,0.86205,0.86207,0.86204,0.86205,58
1779753060,0.86211,0.86217,0.8621,0.86216,38
1779753120,0.86216,0.86218,0.86215,0.86217,19
1779753180,0.86215,0.86217,0.86214,0.86214,33
1779753240,0.86217,0.86218,0.86216,0.86218,17
1779753360,0.86215,0.86215,0.8621,0.86211,39
1779753480,0.86217,0.8622,0.86217,0.8622,18
1779753540,0.86217,0.86218,0.86217,0.86218,16
1779753600,0.86219,0.86223,0.86217,0.86219,90
1779753660,0.8622,0.86231,0.86218,0.8623,69
1779753720,0.86229,0.8623,0.86227,0.8623,88
1779753780,0.86229,0.8623,0.86228,0.86229,26
1779753840,0.8623,0.86231,0.86228,0.86229,35
1779753900,0.86233,0.86238,0.86232,0.86237,42
1779753960,0.86238,0.86239,0.86237,0.86239,43
1779754020,0.86238,0.8624,0.86236,0.86237,36
1779754080,0.86238,0.86241,0.86236,0.86241,37
1779754140,0.8624,0.86244,0.8624,0.86244,39
1779754260,0.86245,0.86247,0.86244,0.86246,21
1779754320,0.86244,0.86245,0.86243,0.86243,40
1779754380,0.8625,0.86251,0.86246,0.8625,41
1779754440,0.8625,0.86253,0.86248,0.86252,59
1779754500,0.86249,0.86249,0.86246,0.86246,45
1779754560,0.86247,0.86247,0.86243,0.86244,50
1779754620,0.86245,0.86249,0.86244,0.86247,36
1779754680,0.86248,0.8625,0.86247,0.8625,33
1779754740,0.86253,0.86253,0.8625,0.8625,39
1779754860,0.86251,0.86251,0.86248,0.86248,32
1779754920,0.86249,0.86253,0.86249,0.86251,45
1779754980,0.86249,0.8625,0.86248,0.86249,48
1779755040,0.86248,0.86249,0.86245,0.86245,36
1779755100,0.86243,0.86244,0.86241,0.86242,32
1779755160,0.86243,0.86243,0.8624,0.86241,27
1779755220,0.8624,0.8624,0.86237,0.86239,65
1779755280,0.86237,0.86238,0.86236,0.86237,56
1779755340,0.86236,0.86237,0.86236,0.86236,30
1779755400,0.86236,0.86237,0.86231,0.86232,54
1779755460,0.86233,0.86237,0.86231,0.86236,58
1779755520,0.86236,0.86239,0.86235,0.86238,30
1779755580,0.86238,0.86242,0.86238,0.8624,53
1779755640,0.86239,0.86243,0.86238,0.86238,47
1779755700,0.86239,0.8624,0.86237,0.86238,31
1779755760,0.86238,0.86238,0.86237,0.86237,28
1779755820,0.86238,0.8624,0.86236,0.86239,34
1779755880,0.8624,0.8624,0.86239,0.86239,35
1779755940,0.86241,0.86242,0.86239,0.86241,37
1779756000,0.86243,0.86244,0.86242,0.86243,31
1779756060,0.86244,0.86246,0.86242,0.86245,34
1779756120,0.86245,0.86245,0.86243,0.86243,24
1779756180,0.86243,0.86244,0.86241,0.86242,32
1779756240,0.86241,0.86244,0.86241,0.86242,28
1779756300,0.86245,0.86247,0.86245,0.86245,40
1779756360,0.86245,0.86245,0.8624,0.86244,49
1779756420,0.86245,0.86248,0.86243,0.86246,42
1779756480,0.86245,0.86249,0.86245,0.86248,24
1779756540,0.86245,0.86246,0.86244,0.86244,42
1779756660,0.86243,0.86246,0.86243,0.86246,16
1779756720,0.86246,0.86246,0.86242,0.86244,40
1779756780,0.86244,0.86246,0.86243,0.86243,30
1779756840,0.86243,0.86249,0.86243,0.86249,59
1779756900,0.86245,0.86248,0.86242,0.86246,72
1779756960,0.86245,0.86248,0.86245,0.86246,29
1779757020,0.86248,0.86248,0.86244,0.86246,30
1779757080,0.86247,0.8625,0.86245,0.86246,40
1779757140,0.86247,0.86247,0.86245,0.86247,37
1779757200,0.86248,0.86249,0.86243,0.86245,99
1779757260,0.86244,0.86247,0.86241,0.86243,58
1779757320,0.86244,0.86244,0.86241,0.86242,41
1779757380,0.86244,0.86246,0.86243,0.86246,32
1779757440,0.86245,0.86249,0.86244,0.86246,57
1779757500,0.86248,0.86248,0.86245,0.86246,48
1779757620,0.86252,0.86253,0.8625,0.86252,27
1779757680,0.86252,0.86255,0.86252,0.86253,37
1779757740,0.86249,0.8625,0.86249,0.8625,33
1779757860,0.86252,0.86252,0.8625,0.86252,30
1779757980,0.86255,0.86255,0.86252,0.86253,30
1779758040,0.86253,0.86257,0.86253,0.86257,55
1779758100,0.86258,0.86259,0.86256,0.86257,73
1779758220,0.86257,0.86258,0.86253,0.86254,43
1779758280,0.86255,0.86257,0.86254,0.86255,68
1779758340,0.86255,0.86255,0.86252,0.86253,70
1779758460,0.86254,0.86255,0.86252,0.86254,51
1779758520,0.86252,0.86255,0.86251,0.86254,52
1779758580,0.86254,0.86256,0.86253,0.86255,54
1779758640,0.86254,0.86256,0.86254,0.86255,68
1779758760,0.86256,0.86259,0.86255,0.86259,23
1779758820,0.86259,0.8626,0.86258,0.86259,26
1779758880,0.86259,0.86259,0.86254,0.86258,37
1779758940,0.86258,0.86258,0.86254,0.86255,44
1779759000,0.86254,0.86255,0.86252,0.86252,60
1779759120,0.86255,0.86255,0.86253,0.86255,45
1779759180,0.86254,0.86256,0.86252,0.86254,27
1779759240,0.86256,0.86257,0.86253,0.86257,40
1779759300,0.86257,0.86258,0.86256,0.86257,14
1779759360,0.86257,0.86263,0.86256,0.86263,51
1779759420,0.86262,0.86262,0.86258,0.86259,33
1779759480,0.86259,0.86261,0.86258,0.8626,35
1779759540,0.86259,0.86262,0.86258,0.8626,50
1779759600,0.86264,0.86264,0.86259,0.86262,59
1779759720,0.8626,0.86262,0.86258,0.8626,48
1779759780,0.8626,0.86262,0.86259,0.86259,61
1779759840,0.86258,0.86258,0.86256,0.86257,19
1779759900,0.86257,0.86258,0.86254,0.86254,54
1779759960,0.86255,0.86258,0.86254,0.86258,35
1779760020,0.86257,0.8626,0.86257,0.86259,30
1779760080,0.86259,0.86261,0.86259,0.8626,52
1779760140,0.86261,0.86261,0.86255,0.86255,48
1779760200,0.86256,0.86258,0.86255,0.86256,40
1779760260,0.86257,0.86258,0.86256,0.86257,21
1779760320,0.86256,0.86258,0.86256,0.86257,46
1779760380,0.86258,0.86259,0.86256,0.86258,51
1779760440,0.86257,0.86258,0.86256,0.86257,33
1779760560,0.86257,0.86259,0.86256,0.86258,29
1779760620,0.86258,0.86259,0.86258,0.86259,18
1779760680,0.86258,0.86259,0.86256,0.86256,33
1779760740,0.86258,0.86259,0.86256,0.86258,48
1779760800,0.8626,0.8626,0.86258,0.86259,50
1779760860,0.86259,0.86259,0.86256,0.86258,36
1779760920,0.86258,0.86259,0.86256,0.86257,32
1779761040,0.86257,0.86258,0.86256,0.86256,18
1779761160,0.8625,0.86251,0.86248,0.86248,26
1779761220,0.86249,0.8625,0.86249,0.86249,19
1779761280,0.86249,0.86252,0.86249,0.86252,28
1779761460,0.86249,0.86252,0.86249,0.8625,21
1779761520,0.86251,0.86252,0.8625,0.86252,24
1779761580,0.86252,0.86253,0.8625,0.86252,36
1779761640,0.86253,0.86254,0.86249,0.8625,37
1779761700,0.8625,0.86252,0.86249,0.8625,24
1779761760,0.86251,0.86252,0.8625,0.86252,34
1779761880,0.86252,0.86256,0.86251,0.86255,26
1779761940,0.86254,0.86255,0.86254,0.86254,10
1779762060,0.86253,0.86253,0.86244,0.86246,43
1779762120,0.86247,0.86247,0.86244,0.86245,32
1779762180,0.86245,0.86249,0.86244,0.86247,40
1779762240,0.86247,0.86248,0.86246,0.86247,43
1779762360,0.86247,0.86247,0.86245,0.86247,22
1779762420,0.86246,0.86249,0.86246,0.86249,23
1779762480,0.86249,0.86249,0.86248,0.86248,15
1779762540,0.86249,0.86254,0.86248,0.86254,55
1779762600,0.86254,0.86256,0.86254,0.86255,38
1779762660,0.86255,0.86256,0.86254,0.86256,45
1779762780,0.86254,0.86257,0.86254,0.86257,23
1779762840,0.86257,0.86257,0.86251,0.86252,39
1779762900,0.86251,0.86254,0.8625,0.86253,46
1779762960,0.86252,0.86255,0.86252,0.86253,31
1779763020,0.86253,0.86254,0.86251,0.86252,43
1779763080,0.86252,0.86253,0.86249,0.86251,41
1779763140,0.86251,0.86254,0.86251,0.86253,31
1779763260,0.86252,0.86254,0.86252,0.86254,49
1779763320,0.86256,0.86258,0.86256,0.86258,14
1779763380,0.86257,0.86258,0.86255,0.86257,64
1779763440,0.86257,0.86258,0.86256,0.86258,43
1779763500,0.86258,0.86264,0.86258,0.86263,46
1779763620,0.86258,0.86259,0.86257,0.86258,22
1779763680,0.86259,0.86259,0.86258,0.86259,20
1779763740,0.8626,0.86263,0.86258,0.86261,48
1779763860,0.8626,0.8626,0.86256,0.86257,25
1779763920,0.86259,0.86261,0.86258,0.86259,20
1779763980,0.86265,0.86267,0.86264,0.86264,42
1779764040,0.86263,0.86266,0.86263,0.86264,37
1779764100,0.86266,0.86266,0.86263,0.86265,38
1779764160,0.86265,0.86265,0.86264,0.86264,16
1779764220,0.86265,0.86265,0.86262,0.86262,16
1779764280,0.86263,0.86263,0.86258,0.8626,30
1779764340,0.86258,0.8626,0.86254,0.86256,56
1779764400,0.86256,0.86258,0.86255,0.86257,50
1779764460,0.86256,0.86258,0.86256,0.86258,29
1779764520,0.86258,0.8626,0.86257,0.8626,34
1779764580,0.86259,0.8626,0.86259,0.86259,24
1779764640,0.8626,0.8626,0.86258,0.86259,24
1779764700,0.86258,0.8626,0.86257,0.86259,31
1779764760,0.86258,0.8626,0.86258,0.8626,13
1779764820,0.86259,0.86259,0.86258,0.86259,28
1779764880,0.86259,0.86259,0.86256,0.86257,26
1779764940,0.86257,0.86257,0.86254,0.86256,20
1779765060,0.86258,0.86258,0.86251,0.86253,19
1779765120,0.86254,0.86254,0.86251,0.86254,21
1779765180,0.86254,0.86255,0.86252,0.86255,35
1779765240,0.86255,0.86257,0.86253,0.86256,30
1779765300,0.86257,0.86257,0.86255,0.86256,46
1779765420,0.86257,0.86258,0.86257,0.86258,20
1779765480,0.86257,0.86258,0.86252,0.86252,47
1779765540,0.8625,0.86253,0.8625,0.86252,21
1779765720,0.86251,0.86251,0.8625,0.8625,9
1779765780,0.86253,0.86253,0.86251,0.86251,8
1779765840,0.86252,0.86252,0.86251,0.86252,10
1779765900,0.86253,0.86253,0.86248,0.86249,69
1779765960,0.86249,0.86251,0.86249,0.8625,27
1779766080,0.86251,0.86251,0.86249,0.8625,22
1779766140,0.8625,0.86255,0.8625,0.86252,18
1779766200,0.86252,0.86256,0.86251,0.86252,29
1779766260,0.86253,0.86253,0.86252,0.86252,4
1779766320,0.86253,0.86254,0.86252,0.86254,39
1779766380,0.86255,0.86255,0.86254,0.86255,10
1779766440,0.86254,0.86255,0.86254,0.86255,5
1779766560,0.86256,0.86257,0.86255,0.86255,30
1779766620,0.86256,0.86256,0.86254,0.86254,44
1779766680,0.86255,0.86255,0.86252,0.86254,30
1779766740,0.86256,0.86258,0.86255,0.86255,22
1779766860,0.86259,0.8626,0.86259,0.86259,6
1779766920,0.86259,0.86259,0.86258,0.86258,22
1779766980,0.86259,0.86259,0.86257,0.86259,21
1779767040,0.86259,0.86259,0.86255,0.86258,36
1779767100,0.86257,0.86259,0.86257,0.86259,8
1779767160,0.86259,0.8626,0.86256,0.86258,43
1779767280,0.8626,0.86261,0.8626,0.86261,3
1779767340,0.86258,0.86259,0.86258,0.86259,2
1779767400,0.86259,0.8626,0.86259,0.8626,16
1779767460,0.86259,0.86262,0.86258,0.86261,17
1779767520,0.86262,0.86263,0.86258,0.86259,32
1779767580,0.86259,0.86261,0.86259,0.8626,8
1779767640,0.86261,0.86261,0.86259,0.8626,15
1779767760,0.86262,0.86263,0.8626,0.86261,18
1779767820,0.86262,0.86266,0.86262,0.86265,26
1779767880,0.86263,0.86265,0.86263,0.86264,23
1779767940,0.86265,0.86266,0.86263,0.86263,23
1779768000,0.86262,0.86263,0.86261,0.86262,28
1779768060,0.86263,0.86264,0.86262,0.86263,15
1779768120,0.86262,0.86263,0.86262,0.86263,7
1779768180,0.86263,0.86265,0.86262,0.86265,19
1779768240,0.86265,0.86267,0.86264,0.86266,27
1779768360,0.86266,0.86266,0.86264,0.86265,23
1779768420,0.86266,0.86267,0.86266,0.86267,3
1779768480,0.86263,0.86264,0.86262,0.86263,13
1779768540,0.86263,0.86265,0.86263,0.86265,25
1779768600,0.86261,0.86263,0.86259,0.86261,19
1779768660,0.86262,0.86262,0.86258,0.8626,31
1779768780,0.86264,0.86264,0.86262,0.86263,14
1779768840,0.86264,0.86264,0.86261,0.86261,17
1779768900,0.86262,0.86265,0.86262,0.86262,43
1779768960,0.86262,0.86264,0.86261,0.86264,34
1779769020,0.86263,0.86264,0.86262,0.86263,27
1779769080,0.86263,0.86265,0.86263,0.86264,19
1779769140,0.86265,0.86266,0.86264,0.86266,18
1779769200,0.86265,0.86266,0.86265,0.86265,22
1779769260,0.86266,0.86266,0.86264,0.86266,15
1779769320,0.86265,0.86265,0.86263,0.86263,21
1779769380,0.86264,0.86267,0.86263,0.86263,24
1779769440,0.86264,0.86265,0.86264,0.86265,13
1779769620,0.86264,0.86265,0.86264,0.86264,14
1779769680,0.86265,0.86266,0.86264,0.86264,26
1779769740,0.86266,0.86266,0.86263,0.86264,14
1779769800,0.86263,0.86267,0.86263,0.86265,17
1779769920,0.86262,0.86263,0.86259,0.8626,22
1779770040,0.86261,0.86262,0.8626,0.86261,14
1779770160,0.86264,0.86265,0.86263,0.86265,24
1779770220,0.86264,0.86267,0.86264,0.86267,16
1779770280,0.86267,0.86268,0.86266,0.86267,18
1779770340,0.86268,0.86268,0.86268,0.86268,1
1779770460,0.86266,0.86266,0.86264,0.86265,12
1779770520,0.86265,0.86268,0.86264,0.86265,46
1779770640,0.86265,0.86265,0.86265,0.86265,1
1779770700,0.86267,0.86268,0.86265,0.86266,34
1779770820,0.86267,0.86267,0.86265,0.86267,22
1779770880,0.86267,0.86267,0.86265,0.86267,39
1779770940,0.86268,0.86269,0.86267,0.86268,25
1779771000,0.86269,0.86271,0.86268,0.86271,25
1779771120,0.86269,0.86272,0.86269,0.86271,16
1779771180,0.86272,0.86273,0.86271,0.86272,8
1779771240,0.86271,0.86271,0.86264,0.86264,23
1779771300,0.86266,0.86267,0.86265,0.86267,19
1779771360,0.86268,0.86269,0.86266,0.86267,38
1779771480,0.86269,0.86269,0.86269,0.86269,1
1779771540,0.86265,0.86268,0.86264,0.86267,22
1779771600,0.86265,0.86268,0.86265,0.86265,40
1779771660,0.86266,0.86269,0.86265,0.86265,34
1779771720,0.86266,0.86267,0.86265,0.86266,32
1779771780,0.86265,0.8627,0.86265,0.8627,28
1779771840,0.86271,0.86273,0.86268,0.86272,38
1779771900,0.8627,0.86274,0.8627,0.86274,50
1779771960,0.86275,0.86276,0.86273,0.86274,31
1779772020,0.8627,0.86271,0.86269,0.86269,30
1779772080,0.86267,0.86268,0.86264,0.86264,33
1779772200,0.86271,0.86271,0.86271,0.86271,2
1779772260,0.86274,0.86274,0.86272,0.86273,16
1779772320,0.86274,0.86275,0.86272,0.86274,13
1779772380,0.86273,0.86275,0.86273,0.86275,21
1779772440,0.86276,0.86278,0.86274,0.86275,19
1779772500,0.86277,0.86277,0.86274,0.86274,29
1779772560,0.86274,0.86277,0.86274,0.86277,31
1779772620,0.86276,0.86277,0.86275,0.86276,33
1779772680,0.86276,0.86277,0.86275,0.86275,20
1779772740,0.86275,0.86277,0.86274,0.86276,43
1779772800,0.86276,0.86277,0.86275,0.86275,28
1779772860,0.86276,0.86277,0.86275,0.86277,19
1779772920,0.8628,0.8628,0.86278,0.8628,22
1779772980,0.8628,0.8628,0.86278,0.86279,25
1779773040,0.86279,0.86282,0.86279,0.86279,23
1779773100,0.86279,0.86281,0.86279,0.86281,44
1779773160,0.86281,0.86283,0.8628,0.86283,10
1779773220,0.86284,0.86285,0.8628,0.86281,34
1779773280,0.86282,0.86283,0.86281,0.86282,35
1779773340,0.86283,0.86283,0.8628,0.86281,30
1779773400,0.86279,0.86282,0.86277,0.86278,51
1779773460,0.86279,0.8628,0.86275,0.86276,44
1779773520,0.86277,0.86278,0.86276,0.86278,23
1779773580,0.86279,0.86279,0.86277,0.86277,39
1779773640,0.8628,0.86281,0.86279,0.8628,18
1779773760,0.86281,0.86282,0.8628,0.86282,16
1779773820,0.86283,0.86285,0.86282,0.86283,17
1779773880,0.86284,0.86286,0.86281,0.86283,27
1779773940,0.86283,0.86287,0.86283,0.86287,27
1779774120,0.86289,0.86289,0.86287,0.86288,23
1779774180,0.8629,0.8629,0.86287,0.86288,23
1779774240,0.86288,0.86289,0.86288,0.86289,3
1779774300,0.86288,0.86292,0.86287,0.86287,40
1779774480,0.86291,0.86292,0.86289,0.86289,12
1779774540,0.86291,0.86291,0.86289,0.8629,14
1779774660,0.86292,0.86294,0.86292,0.86294,25
1779774720,0.86294,0.86295,0.86293,0.86293,28
1779774780,0.86293,0.86294,0.86292,0.86293,19
1779774840,0.86293,0.86295,0.86292,0.86293,8
1779774960,0.86292,0.86292,0.86291,0.86291,20
1779775020,0.86291,0.86291,0.86291,0.86291,14
1779775080,0.86291,0.86293,0.86291,0.86292,25
1779775140,0.86287,0.8629,0.86285,0.86289,51
1779775200,0.86289,0.86298,0.86289,0.86294,72
1779775260,0.86295,0.86296,0.86293,0.86296,56
1779775320,0.86297,0.86304,0.86297,0.86304,68
1779775380,0.86303,0.86304,0.86301,0.86303,48
1779775440,0.86302,0.86304,0.863,0.86303,42
1779775560,0.86299,0.86302,0.86297,0.86301,44
1779775680,0.86297,0.86298,0.86297,0.86298,4
1779775740,0.86296,0.86301,0.86296,0.86301,17
1779775800,0.86301,0.86301,0.86294,0.86296,45
1779775860,0.86293,0.86297,0.86293,0.86294,45
1779775920,0.86295,0.86295,0.86294,0.86295,25
1779775980,0.86296,0.86297,0.86295,0.86296,16
1779776040,0.86295,0.86297,0.86295,0.86296,20
1779776100,0.86297,0.86297,0.86289,0.8629,49
1779776160,0.86289,0.86292,0.86288,0.86292,37
1779776220,0.86293,0.86297,0.86293,0.86297,18
1779776280,0.86293,0.86294,0.86288,0.86292,25
1779776340,0.86291,0.86295,0.8629,0.86291,36
1779776400,0.8629,0.86292,0.86288,0.86291,35
1779776520,0.8629,0.86292,0.86289,0.8629,14
1779776580,0.86291,0.86293,0.86291,0.86291,43
1779776640,0.86291,0.86292,0.86287,0.86288,36
1779776760,0.86283,0.86286,0.86281,0.86281,66
1779776880,0.86284,0.86284,0.86281,0.86282,46
1779776940,0.86286,0.86289,0.86285,0.86289,64
1779777000,0.86297,0.86311,0.86297,0.86311,56
1779777120,0.86317,0.86325,0.86315,0.86324,64
1779777180,0.86325,0.86327,0.86319,0.86321,91
1779777240,0.86322,0.86327,0.86317,0.86317,62
1779777360,0.86317,0.86317,0.86309,0.86309,33
1779777420,0.86309,0.86313,0.86309,0.86313,27
1779777480,0.86317,0.8632,0.86314,0.86314,31
1779777540,0.86321,0.86322,0.86317,0.86321,47
1779777600,0.86322,0.86326,0.86319,0.8632,49
1779777660,0.86319,0.86327,0.86319,0.86326,33
1779777720,0.86326,0.86329,0.86326,0.86327,20
1779777780,0.86329,0.86332,0.86328,0.8633,24
1779777840,0.86331,0.86331,0.86325,0.86325,34
1779777900,0.86325,0.86329,0.86323,0.86329,73
1779777960,0.86329,0.86332,0.86328,0.8633,58
1779778020,0.86331,0.86334,0.86329,0.86333,28
1779778080,0.86333,0.86334,0.86332,0.86333,25
1779778140,0.86327,0.86327,0.86322,0.86323,29
1779778200,0.86321,0.86321,0.86315,0.86316,84
1779778260,0.86317,0.86321,0.86316,0.8632,27
1779778320,0.86322,0.86322,0.86318,0.86322,38
1779778380,0.86322,0.86326,0.8632,0.86324,35
1779778440,0.86323,0.86336,0.86322,0.86334,70
1779778560,0.86338,0.8634,0.86332,0.86333,60
1779778620,0.86335,0.86335,0.86325,0.86333,66
1779778680,0.86324,0.86329,0.86323,0.86329,47
1779778740,0.86329,0.86332,0.86326,0.86328,82
1779778800,0.86327,0.86335,0.86321,0.86333,86
1779778980,0.86323,0.86326,0.86322,0.86324,70
1779779040,0.86329,0.86329,0.86321,0.86322,74
1779782100,0.8638,0.86383,0.86377,0.86377,81
1779783240,0.86354,0.86361,0.86354,0.8636,24
1779783300,0.86364,0.86369,0.86361,0.86367,54
1779783420,0.86369,0.86376,0.86367,0.86374,49
1779783480,0.86373,0.86377,0.86372,0.86377,46
1779783540,0.86379,0.86379,0.8637,0.86373,68
1779783660,0.86375,0.86379,0.86362,0.86365,57
1779783720,0.86362,0.86364,0.86362,0.86363,26
1779783780,0.86363,0.86366,0.86363,0.86363,25
1779783840,0.86365,0.86365,0.86361,0.86362,46
1779783900,0.86362,0.8637,0.86362,0.8637,94
1779784020,0.86378,0.86381,0.86378,0.86378,40
1779784080,0.86376,0.86376,0.8637,0.86372,42
1779784140,0.86371,0.86373,0.86368,0.86371,50
1779784200,0.86371,0.86372,0.86366,0.86372,69
1779784260,0.86374,0.86378,0.86368,0.86368,58
1779784320,0.86369,0.8637,0.86366,0.86367,46
1779784440,0.8637,0.86373,0.86367,0.86371,43
1779784560,0.86372,0.86372,0.86367,0.86368,77
1779784620,0.8637,0.86372,0.86366,0.86369,68
1779784680,0.86369,0.8637,0.86367,0.86369,54
1779784740,0.86369,0.86371,0.86368,0.86368,61
1779784800,0.86369,0.8637,0.86361,0.86364,65
1779784860,0.86363,0.86365,0.86359,0.86361,46
1779784920,0.86361,0.86361,0.86358,0.86359,42
1779784980,0.86359,0.8636,0.86357,0.86359,35
1779785040,0.86355,0.86361,0.86355,0.86358,53
1779785100,0.86356,0.8636,0.86356,0.86357,48
1779785160,0.86356,0.8636,0.86353,0.86353,72
1779785220,0.86354,0.86357,0.86354,0.86357,22
1779785280,0.86358,0.86358,0.86352,0.86355,43
1779785340,0.86357,0.86361,0.86357,0.86359,35
1779785400,0.8636,0.86363,0.86358,0.86358,53
1779785460,0.86359,0.86359,0.86353,0.86355,44
1779785520,0.86356,0.86359,0.86352,0.86354,46
1779785580,0.86353,0.86362,0.86353,0.8636,30
1779785640,0.8636,0.86363,0.86359,0.86363,44
1779785760,0.86368,0.86368,0.86363,0.86367,34
1779785820,0.86362,0.86362,0.86351,0.86352,56
1779785880,0.86354,0.86357,0.86351,0.86356,64
1779785940,0.8636,0.8636,0.86353,0.86356,88
1779786000,0.86354,0.8636,0.86353,0.8636,82
1779786060,0.86363,0.86363,0.86352,0.86352,76
1779786120,0.8635,0.86351,0.86343,0.86345,66
1779786240,0.86346,0.86347,0.86343,0.86344,57
1779786300,0.86344,0.86344,0.86337,0.86339,82
1779786360,0.86338,0.86343,0.86333,0.86342,82
1779786420,0.86343,0.86345,0.86337,0.86339,45
1779786480,0.86342,0.86349,0.86341,0.86342,54
1779786540,0.86342,0.86345,0.86341,0.86345,28
1779786600,0.86343,0.86347,0.86342,0.86346,46
1779786660,0.86347,0.86354,0.86347,0.86354,33
1779786720,0.86354,0.86355,0.8635,0.86351,45
1779786840,0.86349,0.86352,0.86348,0.86352,18
1779787020,0.86352,0.86358,0.86347,0.86348,88
1779787080,0.8635,0.8635,0.86342,0.86342,38
1779787140,0.86343,0.86351,0.86342,0.86348,64
1779787200,0.86348,0.86349,0.86344,0.86349,71
1779787260,0.86348,0.86351,0.86347,0.8635,40
1779787320,0.86349,0.8635,0.86348,0.86349,40
1779787380,0.8635,0.86352,0.86347,0.8635,59
1779787440,0.86347,0.86349,0.86343,0.86348,53
1779787620,0.86361,0.86362,0.86356,0.86357,30
1779787680,0.86359,0.8636,0.86355,0.86355,44
1779787740,0.86357,0.86357,0.86352,0.86352,58
1779787800,0.86352,0.86354,0.86342,0.86342,85
1779787980,0.86341,0.8635,0.86341,0.8635,34
1779788040,0.86355,0.86355,0.86351,0.86352,69
1779788160,0.86354,0.86359,0.86352,0.86357,58
1779788220,0.86358,0.86359,0.86356,0.86357,39
1779788340,0.86355,0.86355,0.86353,0.86353,30
1779788460,0.86365,0.86367,0.86362,0.86365,46
1779788520,0.86365,0.86368,0.86364,0.86367,39
1779788580,0.86366,0.86368,0.86366,0.86367,13
1779788640,0.86368,0.86369,0.86365,0.86365,56
1779788700,0.86365,0.86367,0.86363,0.86364,34
1779788820,0.86355,0.86355,0.86354,0.86354,33
1779788880,0.86355,0.86355,0.86351,0.86352,48
1779788940,0.86352,0.86354,0.86351,0.86353,40
1779789000,0.86359,0.86359,0.86354,0.86356,45
1779789060,0.86357,0.86358,0.86354,0.86355,48
1779789120,0.86356,0.8636,0.86353,0.8636,37
1779789180,0.8636,0.86361,0.86354,0.86354,33
1779789240,0.86354,0.86356,0.8635,0.86354,32
1779789300,0.86363,0.86363,0.8635,0.8635,42
1779789360,0.86349,0.86353,0.86349,0.8635,40
1779789420,0.86348,0.86351,0.86343,0.86345,72
1779789540,0.86346,0.86347,0.86342,0.86344,40
1779789600,0.86346,0.86363,0.86346,0.86362,77
1779789660,0.86363,0.86365,0.86358,0.86359,58
1779789780,0.86357,0.86358,0.86353,0.86355,35
1779789840,0.86356,0.86358,0.86355,0.86357,36
1779789900,0.86357,0.86365,0.86357,0.8636,49
1779789960,0.86361,0.86363,0.86359,0.8636,25
1779790020,0.86359,0.86361,0.86358,0.8636,32
1779790080,0.86354,0.86355,0.8635,0.86352,42
1779790140,0.86359,0.8636,0.86352,0.86352,40
1779790260,0.86358,0.86364,0.86358,0.86361,33
1779790380,0.86362,0.86363,0.86358,0.86363,41
1779790440,0.86361,0.86363,0.86356,0.86358,57
1779790500,0.86362,0.86365,0.8636,0.86362,53
1779790620,0.86366,0.86367,0.86359,0.8636,67
1779790740,0.86359,0.86361,0.86359,0.86359,21
1779790860,0.86361,0.86362,0.86357,0.86359,41
1779790920,0.86359,0.86364,0.86359,0.86362,54
1779791040,0.86365,0.86365,0.86363,0.86363,24
1779791160,0.86358,0.8636,0.86356,0.86359,43
1779791220,0.86357,0.86359,0.8635,0.86351,33
1779791280,0.86353,0.86354,0.86349,0.86351,92
1779791340,0.86349,0.86352,0.86348,0.8635,82
1779791400,0.86349,0.86351,0.86342,0.86342,94
1779791460,0.86341,0.86347,0.8634,0.8634,78
1779791580,0.86334,0.86336,0.86328,0.86328,52
1779791640,0.86329,0.86332,0.86327,0.86329,49
1779791700,0.86328,0.86328,0.8632,0.86321,83
1779791760,0.86323,0.86329,0.86322,0.86327,47
1779791880,0.86316,0.86316,0.86316,0.86316,2
1779791940,0.86324,0.86328,0.86323,0.86328,28
1779792060,0.8633,0.86332,0.86329,0.8633,50
1779792120,0.86334,0.86335,0.86332,0.86333,64
1779792180,0.86333,0.86336,0.86331,0.86331,62
1779792240,0.8633,0.86339,0.8633,0.86337,54
1779792300,0.86335,0.86337,0.86334,0.86335,39
1779792420,0.86338,0.86339,0.86333,0.86338,49
1779792480,0.86339,0.8634,0.86336,0.86337,35
1779792540,0.86338,0.8634,0.86336,0.86336,36
1779792600,0.86335,0.86337,0.86334,0.86337,46
1779792720,0.86329,0.86335,0.86328,0.86328,50
1779792780,0.86328,0.86331,0.86325,0.86327,44
1779792840,0.86323,0.86325,0.86322,0.86322,30
1779792960,0.86316,0.86323,0.86316,0.86323,36
1779793020,0.86325,0.86328,0.8632,0.8632,57
1779793080,0.86319,0.8633,0.86319,0.86328,65
1779793140,0.86329,0.8633,0.86327,0.86329,35
1779793200,0.8633,0.86331,0.86326,0.86327,74
1779793260,0.86326,0.8633,0.86323,0.86324,84
1779793320,0.86325,0.86329,0.86321,0.86322,50
1779793380,0.8632,0.86324,0.86317,0.86319,62
1779793440,0.86318,0.8632,0.86317,0.8632,48
1779793560,0.86321,0.86321,0.86318,0.86319,22
1779793620,0.86322,0.86322,0.8632,0.86322,14
1779793680,0.8632,0.86325,0.8632,0.86325,28
1779793740,0.86325,0.86328,0.86324,0.86328,42
1779793800,0.86326,0.86327,0.86323,0.86323,26
1779793920,0.86325,0.86325,0.86325,0.86325,2
1779793980,0.86327,0.86333,0.86327,0.86333,54
1779794040,0.86337,0.86343,0.86336,0.86342,47
1779794100,0.86341,0.86341,0.86336,0.86337,56
1779794160,0.86336,0.86338,0.86333,0.86335,50
1779794220,0.86334,0.86334,0.86325,0.86327,56
1779794280,0.86327,0.8633,0.86325,0.86329,60
1779794340,0.8633,0.86332,0.86329,0.86332,34
1779794400,0.8633,0.86335,0.8633,0.86331,84
1779794460,0.86332,0.86333,0.86329,0.8633,33
1779794520,0.8633,0.86332,0.86328,0.8633,28
1779794580,0.8633,0.86332,0.86328,0.86331,43
1779794640,0.86333,0.86336,0.86332,0.86335,51
1779794760,0.8634,0.86343,0.8634,0.86342,23
1779794820,0.86346,0.86346,0.86343,0.86344,34
1779794880,0.86345,0.86346,0.86339,0.86339,42
1779794940,0.86339,0.86344,0.86339,0.86343,40
1779795000,0.86344,0.86349,0.86341,0.86349,49
1779795060,0.8635,0.86352,0.86348,0.8635,40
1779795120,0.86349,0.86353,0.86349,0.8635,39
1779795180,0.86349,0.86351,0.86348,0.86349,14
1779795240,0.86348,0.86349,0.86345,0.86348,100
1779795360,0.86344,0.8635,0.86341,0.86348,100
1779795420,0.86347,0.86353,0.86347,0.86351,66
1779795540,0.86347,0.86349,0.86344,0.86349,48
1779795600,0.86352,0.86359,0.86352,0.86355,114
1779795660,0.86356,0.86361,0.86356,0.8636,24
1779795720,0.86358,0.86368,0.86358,0.86365,54
1779795780,0.86365,0.86372,0.86363,0.8637,54
1779795840,0.86371,0.86377,0.8637,0.86377,50
1779796020,0.86375,0.86375,0.8637,0.8637,24
1779796080,0.86372,0.86372,0.86367,0.86368,30
1779796140,0.86369,0.86375,0.86369,0.86372,46
1779796200,0.86373,0.86374,0.8637,0.86374,52
1779796260,0.86373,0.86377,0.86372,0.86374,52
1779796380,0.86379,0.86379,0.86375,0.86375,18
1779796440,0.86375,0.86377,0.86372,0.86376,72
1779796560,0.86384,0.86387,0.86382,0.86385,80
1779796620,0.86386,0.86388,0.8638,0.86383,76
1779796740,0.86377,0.86379,0.86377,0.86377,38
1779796800,0.86378,0.8638,0.86373,0.86377,61
1779796860,0.86376,0.86386,0.86376,0.86382,92
1779796980,0.86383,0.86384,0.86381,0.86383,33
1779797040,0.86384,0.86384,0.86381,0.86382,68
1779797100,0.86383,0.86389,0.86381,0.86388,81
1779797160,0.86389,0.8639,0.86383,0.86384,56
1779797220,0.86383,0.86383,0.86375,0.86375,39
1779797280,0.86376,0.86376,0.8637,0.86373,109
1779797340,0.86376,0.86376,0.86363,0.86371,100
1779797400,0.86372,0.86374,0.86366,0.8637,92
1779797460,0.86369,0.86371,0.86368,0.86369,74
1779797520,0.86368,0.8637,0.86366,0.86367,36
1779797580,0.86367,0.86367,0.86364,0.86366,19
1779797640,0.86371,0.86373,0.86371,0.86373,33
1779797700,0.86372,0.86374,0.86366,0.86369,53
1779797820,0.86365,0.86365,0.86359,0.86365,32
1779797880,0.86366,0.86367,0.86362,0.86362,58
1779797940,0.86361,0.86363,0.86349,0.86352,80
1779798060,0.86352,0.86353,0.8635,0.8635,64
1779798120,0.86345,0.86345,0.86335,0.86343,41
1779798180,0.86339,0.86341,0.86337,0.8634,48
1779798240,0.8634,0.86342,0.86339,0.8634,49
1779798300,0.86339,0.8634,0.86337,0.86339,47
1779798360,0.86338,0.86344,0.86337,0.86344,24
1779798420,0.86344,0.86346,0.86342,0.86345,19
1779798480,0.86347,0.86352,0.86347,0.86348,26
1779798540,0.86349,0.86351,0.86347,0.86351,36
1779798600,0.86352,0.86357,0.8635,0.86355,59
1779798660,0.86354,0.86355,0.86352,0.86353,25
1779798780,0.86357,0.86362,0.86356,0.86359,38
1779798840,0.86362,0.86365,0.86361,0.86365,39
1779798900,0.86363,0.86368,0.86363,0.86367,76
1779798960,0.86369,0.86369,0.86365,0.86367,50
1779799020,0.86367,0.86369,0.86364,0.86369,86
1779799140,0.86372,0.86373,0.86371,0.86372,25
1779799260,0.86377,0.86377,0.86375,0.86377,17
1779799320,0.86377,0.8638,0.86373,0.86373,68
1779799380,0.86371,0.86373,0.86367,0.86369,44
1779799440,0.86371,0.86373,0.86366,0.86369,64
1779799500,0.86368,0.86368,0.86362,0.86362,44
1779799620,0.86364,0.86369,0.86364,0.86367,44
1779799680,0.8637,0.8637,0.86368,0.8637,22
1779799740,0.86371,0.86371,0.86366,0.86369,68
1779799860,0.8637,0.86371,0.86366,0.86366,56
1779799980,0.86368,0.86371,0.86368,0.86369,16
1779800040,0.86372,0.86373,0.86369,0.86373,51
1779800160,0.86374,0.86375,0.86369,0.86371,67
1779800220,0.86373,0.86376,0.86371,0.86376,54
1779800280,0.86374,0.86375,0.86372,0.86373,62
1779800340,0.86374,0.86374,0.86367,0.86373,78
1779800400,0.86372,0.86379,0.86371,0.86377,96
1779800460,0.86376,0.86377,0.86371,0.86373,69
1779800520,0.86374,0.86376,0.86365,0.86368,74
1779800640,0.86369,0.86378,0.86367,0.86377,73
1779800700,0.86375,0.86377,0.86369,0.8637,68
1779800760,0.86371,0.86373,0.86369,0.8637,92
1779800820,0.86369,0.86369,0.86366,0.86366,36
1779800880,0.86364,0.8637,0.86362,0.86366,66
1779800940,0.8637,0.86372,0.86367,0.86371,54
1779801000,0.86371,0.86374,0.86368,0.86373,93
1779801060,0.86374,0.86374,0.8636,0.8636,86
1779801120,0.86359,0.86365,0.86359,0.86362,64
1779801180,0.86363,0.86364,0.86358,0.86359,32
1779801240,0.86357,0.86365,0.86354,0.86365,66
1779801300,0.86365,0.86367,0.86362,0.86367,56
1779801360,0.86366,0.86369,0.86364,0.86368,48
1779801420,0.86367,0.86371,0.86364,0.8637,41
1779801480,0.86373,0.86374,0.86369,0.86372,72
1779801540,0.86371,0.86371,0.86366,0.86369,38
1779801600,0.8637,0.86371,0.86362,0.86365,83
1779801660,0.86364,0.86367,0.86358,0.86359,51
1779801720,0.86358,0.86362,0.86356,0.86357,62
1779801780,0.8636,0.86362,0.86358,0.86359,48
1779801840,0.8636,0.86362,0.86358,0.8636,86
1779801960,0.86361,0.86363,0.86359,0.86359,51
1779802020,0.86361,0.86368,0.8636,0.86363,53
1779802080,0.8636,0.86361,0.86356,0.86357,48
1779802140,0.86354,0.86355,0.8635,0.86353,107
1779802200,0.86353,0.86359,0.86352,0.86354,128
1779802320,0.86358,0.86359,0.86353,0.86356,78
1779802380,0.86354,0.86358,0.86352,0.86357,78
1779802440,0.86354,0.86355,0.86346,0.86347,98
1779802560,0.8635,0.86352,0.86345,0.86352,92
1779802680,0.86355,0.86355,0.86349,0.8635,66
1779802740,0.86353,0.86355,0.86349,0.86355,60
1779802800,0.86351,0.86355,0.8635,0.86353,134
1779802860,0.86352,0.86361,0.86352,0.86358,74
1779802980,0.86357,0.86357,0.86357,0.86357,2
1779803040,0.86363,0.86368,0.86362,0.86368,62
1779803100,0.8637,0.86375,0.86364,0.86365,77
1779803160,0.86364,0.86365,0.86356,0.86357,90
1779803220,0.86358,0.86367,0.86355,0.86367,94
1779803280,0.86366,0.86368,0.86359,0.86362,96
1779803460,0.86358,0.86359,0.86354,0.86358,88
1779803520,0.86352,0.86352,0.86345,0.86345,44
1779803580,0.86347,0.86348,0.86335,0.86337,90
1779803640,0.86331,0.86334,0.86329,0.86332,118
1779803820,0.86349,0.86349,0.86342,0.86343,54
1779803880,0.8634,0.86342,0.86336,0.8634,56
1779803940,0.86342,0.86347,0.8634,0.86345,40
1779804000,0.86342,0.86353,0.8634,0.8634,102
1779804060,0.86339,0.86344,0.86337,0.86338,96
1779804120,0.86339,0.86348,0.86339,0.86343,76
1779804240,0.86337,0.86339,0.86334,0.86338,54
1779804360,0.8634,0.86342,0.86338,0.86341,71
1779804420,0.86344,0.8635,0.86344,0.86348,82
1779804480,0.86346,0.86348,0.86344,0.86347,81
1779804660,0.86344,0.8635,0.86343,0.86345,66
1779804720,0.86348,0.8635,0.86345,0.86348,39
1779804780,0.86345,0.86351,0.86344,0.86349,73
1779804840,0.86348,0.8635,0.86347,0.8635,60
1779804900,0.86352,0.86353,0.86347,0.86347,60
1779804960,0.86348,0.86348,0.86341,0.86344,68
1779805020,0.86345,0.86346,0.86335,0.86339,83
1779805080,0.86338,0.8634,0.86334,0.86339,62
1779805140,0.86343,0.86346,0.86339,0.8634,63
1779805260,0.86345,0.86349,0.86343,0.86349,42
1779805380,0.86359,0.8636,0.86355,0.86358,42
1779805440,0.86353,0.8636,0.86353,0.86359,38
1779805500,0.86358,0.86359,0.86344,0.8635,89
1779805560,0.86351,0.86352,0.86347,0.86351,66
1779805620,0.86347,0.86351,0.86347,0.86347,61
1779805740,0.86354,0.86359,0.86354,0.86359,32
1779805800,0.86358,0.86363,0.86356,0.86357,76
1779805860,0.8636,0.86361,0.86352,0.86353,97
1779805920,0.86353,0.86354,0.8634,0.86344,62
1779805980,0.86344,0.86353,0.86343,0.86352,98
1779806040,0.86351,0.86352,0.86344,0.86348,128
1779806100,0.86346,0.86349,0.86337,0.86341,90
1779806160,0.8634,0.86344,0.8634,0.86344,58
1779806220,0.86342,0.86344,0.8634,0.86341,56
1779806280,0.86341,0.86345,0.8634,0.86344,45
1779806340,0.86343,0.86343,0.86337,0.86339,54
1779806400,0.8634,0.86349,0.86338,0.86349,66
1779806460,0.86348,0.86359,0.86347,0.86358,104
1779806520,0.86359,0.86359,0.86355,0.86359,40
1779806580,0.86364,0.86365,0.86357,0.86358,60
1779806640,0.86363,0.86366,0.86361,0.86364,46
1779806700,0.86365,0.86369,0.86361,0.86369,91
1779806820,0.86363,0.86373,0.86363,0.86373,64
1779806940,0.86373,0.86377,0.86372,0.86374,59
1779807060,0.86379,0.86388,0.86378,0.86386,59
1779807120,0.86388,0.86392,0.86386,0.86387,69
1779807180,0.86387,0.86411,0.86387,0.86401,118
1779807360,0.86401,0.86403,0.86398,0.864,82
1779807420,0.86407,0.86419,0.86401,0.86412,126
1779807480,0.86418,0.86421,0.86415,0.86419,96
1779807540,0.86416,0.86424,0.86414,0.86424,94
1779807600,0.86433,0.86433,0.86421,0.86423,120
1779807660,0.86424,0.86425,0.86413,0.86413,114
1779807840,0.86437,0.86437,0.86432,0.86437,56
1779807960,0.86432,0.86437,0.8643,0.8643,60
1779808020,0.86431,0.8644,0.86429,0.8644,82
1779808080,0.86442,0.86442,0.86433,0.86437,122
1779808140,0.8644,0.86452,0.86437,0.86451,109
1779808260,0.8646,0.86462,0.86451,0.86454,74
1779808320,0.86456,0.86458,0.86453,0.86455,46
1779808380,0.86454,0.86456,0.86451,0.86454,52
1779808440,0.86454,0.86456,0.86449,0.86452,69
1779808500,0.86451,0.86462,0.86449,0.8646,110
1779808560,0.86461,0.86461,0.86452,0.86457,58
1779808620,0.86456,0.86464,0.86455,0.86462,72
1779808680,0.86462,0.86463,0.86457,0.8646,75
1779808740,0.8646,0.86467,0.86458,0.86463,104
1779808800,0.86464,0.86464,0.86457,0.8646,95
1779808860,0.86461,0.86464,0.8646,0.86462,51
1779808920,0.86463,0.86463,0.86462,0.86463,28
1779808980,0.8646,0.86462,0.86457,0.86462,50
1779809040,0.86462,0.86475,0.86462,0.86474,80
1779809160,0.86469,0.8647,0.86457,0.86459,91
1779809220,0.8646,0.86461,0.86455,0.86455,101
1779809280,0.86457,0.86457,0.86449,0.86451,86
1779809340,0.86452,0.86453,0.86447,0.86451,56
1779809400,0.86447,0.86448,0.86443,0.86447,112
1779809520,0.8645,0.86453,0.86446,0.86446,86
1779809580,0.86446,0.86453,0.86445,0.86452,45
1779809640,0.86449,0.8645,0.86442,0.86446,62
1779809760,0.86451,0.86454,0.8645,0.86451,49
1779809820,0.86451,0.86453,0.86446,0.86448,80
1779809880,0.86446,0.86451,0.86446,0.86447,59
1779809940,0.86451,0.86456,0.86451,0.86454,46
1779810000,0.86457,0.86463,0.86456,0.86461,81
1779810120,0.86464,0.86468,0.86461,0.86465,65
1779810180,0.86466,0.86468,0.86465,0.86467,56
1779810240,0.86469,0.86469,0.86464,0.86466,61
1779810300,0.86466,0.86473,0.86465,0.86472,101
1779810360,0.86473,0.86476,0.86469,0.8647,75
1779810420,0.86469,0.8647,0.86463,0.86465,76
1779810480,0.86464,0.86467,0.8646,0.86465,61
1779810540,0.86464,0.86468,0.8646,0.86461,72
1779810600,0.86462,0.86471,0.86461,0.86468,86
1779810660,0.86469,0.86471,0.86466,0.86466,56
1779810720,0.86465,0.86469,0.86463,0.86468,73
1779810780,0.86468,0.86473,0.86467,0.86472,60
1779810840,0.86474,0.86475,0.86471,0.86473,77
1779810900,0.86474,0.86475,0.8647,0.86472,108
1779810960,0.86473,0.86478,0.86471,0.86475,103
1779811020,0.86474,0.86484,0.86474,0.86479,71
1779811080,0.86481,0.86486,0.8648,0.86486,51
1779811140,0.86485,0.86486,0.86481,0.86482,73
1779811200,0.86482,0.86489,0.86481,0.86489,80
1779811260,0.8649,0.86493,0.86488,0.86491,103
1779811320,0.8649,0.86491,0.86481,0.86481,64
1779811440,0.8648,0.86481,0.86477,0.86477,41
1779811560,0.86477,0.86481,0.86475,0.8648,89
1779811680,0.86477,0.86477,0.86477,0.86477,3
1779811740,0.86479,0.86479,0.86474,0.86477,60
1779811860,0.86479,0.8648,0.86475,0.86477,66
1779811920,0.86475,0.8648,0.86475,0.86477,60
1779811980,0.86477,0.86482,0.86477,0.86478,46
1779812040,0.86479,0.86482,0.86475,0.8648,41
1779812220,0.86472,0.86472,0.86468,0.86469,19
1779812280,0.8647,0.86472,0.86468,0.8647,36
1779812340,0.86469,0.86472,0.86467,0.86468,63
1779812400,0.86469,0.86469,0.86463,0.86467,59
1779812520,0.86471,0.86474,0.86469,0.86474,19
1779812580,0.86475,0.86479,0.86475,0.86476,27
1779812640,0.86476,0.86477,0.86474,0.86475,38
1779812700,0.86477,0.86479,0.86474,0.86477,68
1779812760,0.86477,0.86479,0.86473,0.86474,70
1779812820,0.86475,0.86476,0.86473,0.86475,23
1779812880,0.86474,0.86475,0.86472,0.86473,42
1779812940,0.86475,0.86479,0.86474,0.86477,51
1779813000,0.86475,0.86476,0.8647,0.86474,49
1779813060,0.86472,0.86477,0.86472,0.86477,45
1779813120,0.86477,0.86481,0.86475,0.86478,56
1779813180,0.86478,0.86481,0.86476,0.86476,89
1779813240,0.86477,0.86478,0.86474,0.86478,29
1779813300,0.86478,0.86482,0.86478,0.8648,16
1779813360,0.8648,0.86486,0.8648,0.86486,51
1779813420,0.86481,0.86481,0.86478,0.86479,38
1779813480,0.86478,0.86482,0.86478,0.8648,46
1779813540,0.86479,0.86482,0.86477,0.86479,59
1779813660,0.86477,0.86484,0.86477,0.86483,47
1779813720,0.86485,0.86487,0.86484,0.86486,36
1779813780,0.86486,0.86489,0.86486,0.86488,44
1779813840,0.86488,0.86491,0.86488,0.86489,34
1779813900,0.8649,0.8649,0.86484,0.86484,72
1779813960,0.86484,0.86486,0.86481,0.86485,68
1779814020,0.86485,0.86486,0.86481,0.86482,61
1779814080,0.86481,0.86483,0.8648,0.86481,44
1779814140,0.86479,0.86479,0.86471,0.86472,42
1779814260,0.86475,0.86476,0.86471,0.86476,66
1779814320,0.86472,0.86477,0.86471,0.86474,85
1779814380,0.86473,0.86478,0.86471,0.86478,82
1779814440,0.86477,0.8648,0.86477,0.86478,36
1779814500,0.86478,0.86479,0.86475,0.86479,46
1779814560,0.86478,0.86479,0.86475,0.86477,50
1779814620,0.86478,0.86478,0.86475,0.86477,44
1779814680,0.86478,0.86479,0.86477,0.86479,28
1779814740,0.86479,0.86482,0.86479,0.86479,41
1779814800,0.86478,0.86479,0.86475,0.86477,66
1779814860,0.86477,0.86477,0.86474,0.86475,74
1779814920,0.86476,0.86477,0.86473,0.86473,62
1779814980,0.86473,0.86474,0.8647,0.86472,61
1779815040,0.86473,0.86474,0.8647,0.86474,50
1779815100,0.86477,0.86478,0.86467,0.86467,77
1779815220,0.86461,0.86464,0.86458,0.86463,48
1779815280,0.86461,0.86462,0.86453,0.86456,64
1779815340,0.86455,0.86457,0.86453,0.86457,28
1779815520,0.86459,0.86462,0.86458,0.86462,22
1779815580,0.86461,0.86464,0.8646,0.86463,18
1779815640,0.86465,0.86468,0.86464,0.86466,32
1779815700,0.86468,0.86472,0.86467,0.86467,68
1779815820,0.86469,0.86469,0.86465,0.86467,29
1779815880,0.86468,0.8647,0.86467,0.8647,11
1779815940,0.86466,0.86467,0.86466,0.86467,7
1779816060,0.86467,0.86469,0.86465,0.86468,55
1779816120,0.86466,0.8647,0.86464,0.86469,41
1779816180,0.86467,0.86471,0.86467,0.86469,67
1779816360,0.86467,0.86468,0.86466,0.86467,27
1779816420,0.86465,0.86468,0.86465,0.86468,16
1779816480,0.86467,0.86473,0.86467,0.86473,39
1779816540,0.86472,0.86474,0.8647,0.86471,36
1779816720,0.86462,0.86462,0.86457,0.8646,29
1779816780,0.8646,0.86462,0.8646,0.86461,20
1779816840,0.86459,0.86461,0.86458,0.86458,39
1779816900,0.8646,0.86462,0.86458,0.86461,44
1779816960,0.86463,0.86468,0.86463,0.86465,62
1779817020,0.86466,0.86466,0.86462,0.86462,32
1779817080,0.86462,0.86463,0.86461,0.86462,17
1779817140,0.86462,0.86467,0.86461,0.86463,51
1779817200,0.86464,0.86481,0.86462,0.8648,56
1779817260,0.86479,0.86482,0.86478,0.86481,24
1779817320,0.86482,0.86482,0.8648,0.86481,19
1779817440,0.86483,0.86485,0.86482,0.86482,29
1779817500,0.86481,0.86485,0.8648,0.86481,43
1779817560,0.86479,0.86482,0.86475,0.86476,49
1779817620,0.86478,0.86479,0.86475,0.86475,52
1779817680,0.86474,0.86476,0.86471,0.86472,53
1779817740,0.86469,0.86472,0.86467,0.86467,69
1779817800,0.86468,0.86475,0.86468,0.86473,48
1779817920,0.86474,0.86475,0.86473,0.86474,31
1779817980,0.86474,0.86475,0.86468,0.86469,18
1779818040,0.8647,0.86474,0.8647,0.86474,32
1779818160,0.86472,0.86483,0.86471,0.86482,45
1779818220,0.86482,0.86488,0.8648,0.86484,77
1779818280,0.86485,0.86486,0.86476,0.86477,78
1779818340,0.86478,0.8648,0.86477,0.86477,55
1779818400,0.8648,0.86484,0.86478,0.8648,52
1779818460,0.86481,0.86486,0.86481,0.86485,35
1779818520,0.86485,0.86489,0.86481,0.86482,59
1779818580,0.8648,0.86482,0.86478,0.86481,55
1779818640,0.86482,0.86484,0.8648,0.86483,30
1779818760,0.86485,0.86485,0.86483,0.86484,10
1779818820,0.86484,0.86484,0.86483,0.86484,5
1779818880,0.86484,0.86486,0.86483,0.86485,34
1779818940,0.86486,0.86488,0.86484,0.86487,30
1779819000,0.86487,0.86487,0.86484,0.86486,25
1779819060,0.86485,0.86489,0.86485,0.86489,24
1779819120,0.86489,0.86489,0.86486,0.86487,22
1779819180,0.86487,0.86487,0.86484,0.86485,20
1779819240,0.86484,0.86486,0.86483,0.86486,26
1779819300,0.86484,0.86488,0.86483,0.86486,54
1779819360,0.86487,0.86494,0.86485,0.86493,29
1779819420,0.86494,0.86494,0.86486,0.86487,60
1779819540,0.86485,0.86488,0.86484,0.86487,18
1779819600,0.86487,0.8649,0.86486,0.86489,56
1779819660,0.86488,0.8649,0.86487,0.86489,36
1779819720,0.86488,0.86488,0.86484,0.86486,30
1779819780,0.86486,0.8649,0.86484,0.8649,37
1779819840,0.8649,0.86492,0.86488,0.86492,42
1779819960,0.86495,0.86496,0.86494,0.86494,14
1779820020,0.86494,0.86497,0.86494,0.86495,33
1779820080,0.86495,0.86496,0.86493,0.86496,39
1779820140,0.86499,0.865,0.86497,0.86498,34
1779820200,0.86498,0.86499,0.86492,0.86494,68
1779820320,0.86496,0.86497,0.86495,0.86495,29
1779820380,0.86493,0.86496,0.86492,0.86494,25
1779820440,0.86495,0.86496,0.86492,0.86492,28
1779820560,0.86497,0.86498,0.86495,0.86497,49
1779820620,0.86496,0.86497,0.86493,0.86495,29
1779820680,0.86495,0.86498,0.86494,0.86498,24
1779820740,0.86496,0.86497,0.86496,0.86496,15
1779820860,0.86497,0.86497,0.86496,0.86496,15
1779820920,0.86497,0.86499,0.86496,0.86498,47
1779820980,0.86499,0.86499,0.86495,0.86495,25
1779821040,0.86495,0.86497,0.86494,0.86496,37
1779821100,0.86497,0.86497,0.86491,0.86492,43
1779821220,0.86495,0.86495,0.86493,0.86494,35
1779821280,0.86495,0.86496,0.86494,0.86495,20
1779821340,0.86496,0.86497,0.86495,0.86495,24
1779821460,0.86498,0.86498,0.86494,0.86495,27
1779821520,0.86498,0.86499,0.86496,0.86499,22
1779821580,0.865,0.86502,0.86497,0.86497,40
1779821640,0.86499,0.86499,0.86495,0.86496,35
1779821700,0.86497,0.86498,0.86494,0.86498,32
1779821820,0.86496,0.86498,0.86494,0.86495,35
1779821880,0.86496,0.86497,0.86495,0.86495,22
1779821940,0.86496,0.86497,0.86495,0.86497,16
1779822000,0.86496,0.86498,0.86492,0.86497,51
1779822060,0.86496,0.86497,0.86494,0.86497,37
1779822120,0.86497,0.865,0.86497,0.86499,14
1779822180,0.86498,0.86499,0.86492,0.86493,36
1779822240,0.86492,0.86495,0.86492,0.86494,26
1779822300,0.86495,0.86495,0.86492,0.86492,28
1779822360,0.86492,0.86494,0.86492,0.86494,6
1779822420,0.86493,0.86494,0.8649,0.86493,32
1779822480,0.86494,0.86497,0.86494,0.86496,15
1779822540,0.86497,0.86497,0.86495,0.86497,23
1779822660,0.86501,0.86503,0.865,0.86502,39
1779822720,0.86501,0.86502,0.86499,0.86502,59
1779822780,0.86503,0.86503,0.86501,0.86501,71
1779822840,0.86501,0.86502,0.86499,0.86501,48
1779822900,0.865,0.86502,0.865,0.86501,26
1779823020,0.865,0.86502,0.865,0.86501,29
1779823080,0.86501,0.86501,0.865,0.86501,10
1779823140,0.86498,0.865,0.86498,0.86499,30
1779823260,0.86497,0.86499,0.86495,0.86498,39
1779823380,0.86498,0.86499,0.86497,0.86497,22
1779823440,0.86499,0.86499,0.86494,0.86495,16
1779823500,0.86494,0.86498,0.86494,0.86495,43
1779823560,0.86497,0.86498,0.86495,0.86498,21
1779823620,0.86495,0.86498,0.86495,0.86497,16
1779823680,0.86495,0.86497,0.86495,0.86496,25
1779823740,0.86495,0.86498,0.86495,0.86497,16
1779823800,0.86496,0.86497,0.86492,0.86492,32
1779823860,0.86493,0.86494,0.86492,0.86494,25
1779823920,0.86494,0.86496,0.86492,0.86493,21
1779823980,0.86492,0.86493,0.86492,0.86492,9
1779824040,0.86493,0.86493,0.86491,0.86492,29
1779824100,0.86493,0.86495,0.86492,0.86494,28
1779824220,0.86489,0.86491,0.86489,0.86491,23
1779824280,0.8649,0.86491,0.86486,0.86487,17
1779824340,0.86483,0.86484,0.86482,0.86484,12
1779824460,0.86486,0.86487,0.86485,0.86486,20
1779824520,0.86487,0.86487,0.86485,0.86486,31
1779824580,0.86487,0.86489,0.86485,0.86485,37
1779824640,0.86486,0.86488,0.86484,0.86485,13
1779824700,0.86486,0.86486,0.86485,0.86486,14
1779824820,0.86492,0.86492,0.86486,0.86489,32
1779824880,0.86489,0.8649,0.86486,0.8649,22
1779824940,0.86487,0.86487,0.86486,0.86487,9
1779825120,0.86483,0.86487,0.86482,0.86487,39
1779825180,0.86487,0.86488,0.86485,0.86486,26
1779825240,0.86483,0.86486,0.86482,0.86484,30
1779825360,0.86492,0.86492,0.8649,0.86492,48
1779825420,0.86491,0.86496,0.8649,0.86492,62
1779825540,0.86489,0.86491,0.86488,0.86491,34
1779825600,0.86488,0.86491,0.86484,0.86485,70
1779825660,0.86484,0.86485,0.86482,0.86484,74
1779825780,0.86479,0.8648,0.86478,0.8648,16
1779825840,0.86479,0.86482,0.86476,0.86476,43
1779825960,0.86471,0.86471,0.86464,0.86465,22
1779826020,0.86464,0.86465,0.86462,0.86462,19
1779826080,0.86463,0.86464,0.86459,0.86464,22
1779826140,0.86464,0.86468,0.86464,0.86468,20
1779826320,0.86465,0.86466,0.86465,0.86466,12
1779826380,0.86467,0.86469,0.86467,0.86468,12
1779826440,0.86472,0.86473,0.86471,0.86472,14
1779826500,0.86472,0.86473,0.86471,0.86472,14
1779826560,0.86471,0.86472,0.86471,0.86471,16
1779826680,0.86472,0.86472,0.86471,0.86471,4
1779826740,0.86474,0.86475,0.86472,0.86475,16
1779826800,0.86475,0.86475,0.8647,0.86471,13
1779826860,0.86472,0.86475,0.86471,0.86474,21
1779826920,0.86474,0.86477,0.86473,0.86476,21
1779826980,0.86477,0.86478,0.86476,0.86477,25
1779827040,0.86476,0.86479,0.86476,0.86478,24
1779827160,0.86477,0.86481,0.86477,0.8648,18
1779827220,0.86484,0.86486,0.86482,0.86485,33
1779827280,0.86484,0.86486,0.86484,0.86486,26
1779827520,0.86479,0.8648,0.86479,0.8648,12
1779827580,0.8648,0.86481,0.86479,0.86479,19
1779827640,0.8648,0.86482,0.8648,0.86482,9
1779827820,0.86483,0.86485,0.86481,0.86485,14
1779827880,0.86486,0.86486,0.86483,0.86484,35
1779827940,0.86485,0.86489,0.86485,0.86488,19
1779828000,0.86482,0.86483,0.86479,0.86482,16
1779828060,0.86483,0.86484,0.86483,0.86484,4
1779828120,0.86484,0.86485,0.86483,0.86483,16
1779828180,0.86483,0.86483,0.86481,0.86482,8
1779828240,0.86482,0.86483,0.86482,0.86483,4
1779828300,0.86484,0.86484,0.86481,0.86481,28
1779828360,0.8648,0.86481,0.8648,0.86481,4
1779828420,0.8648,0.86481,0.8648,0.86481,24
1779828480,0.8648,0.86483,0.8648,0.86482,26
1779828660,0.86487,0.86487,0.86486,0.86486,20
1779828720,0.86485,0.86486,0.86484,0.86486,36
1779828780,0.86485,0.86486,0.86485,0.86485,14
1779828840,0.86485,0.86487,0.86485,0.86486,26
1779829020,0.86495,0.865,0.86491,0.86492,65
1779829080,0.86492,0.86499,0.86491,0.86497,83
1779829260,0.86471,0.86471,0.86471,0.86471,2
1779829320,0.86389,0.86472,0.86389,0.86472,8
1779829380,0.86469,0.86469,0.86468,0.86468,4
1779829440,0.86463,0.86466,0.86463,0.86466,4
1779829500,0.86474,0.86474,0.86465,0.86468,9
1779829560,0.86466,0.86466,0.86466,0.86466,1
1779829620,0.86468,0.86468,0.86468,0.86468,1
1779829800,0.8645,0.86468,0.8645,0.86468,4
1779829860,0.86469,0.86469,0.86469,0.86469,2
1779830040,0.86467,0.86467,0.86467,0.86467,2
1779830100,0.86468,0.86472,0.86466,0.86471,113
1779830160,0.8647,0.86471,0.86469,0.86469,137
1779830220,0.8647,0.8647,0.86469,0.8647,65
1779830280,0.86469,0.8647,0.86469,0.86469,20
1779830340,0.86486,0.86486,0.86485,0.86485,8
1779830460,0.86485,0.86491,0.86485,0.86489,78
1779830520,0.8649,0.8649,0.86485,0.86485,103
1779830580,0.86486,0.86486,0.86485,0.86486,10
1779830700,0.86486,0.86486,0.86486,0.86486,2
1779830760,0.86484,0.86484,0.86484,0.86484,1
1779830820,0.86486,0.86487,0.86486,0.86486,6
1779830940,0.86486,0.86486,0.86486,0.86486,2
1779831000,0.86485,0.86487,0.86471,0.86484,22
1779831060,0.86483,0.86487,0.8648,0.86485,24
1779831120,0.86484,0.86485,0.86484,0.86484,10
1779831180,0.86485,0.86485,0.86485,0.86485,2
1779831240,0.86484,0.86484,0.86482,0.86484,15
1779831300,0.86484,0.86488,0.86482,0.86485,29
1779831360,0.86484,0.86485,0.86484,0.86485,4
1779831420,0.8645,0.86459,0.8644,0.86445,37
1779831480,0.86439,0.86445,0.86439,0.86445,15
1779831540,0.86447,0.86448,0.86434,0.86434,27
1779831660,0.8643,0.86434,0.86428,0.8643,41
1779831720,0.86429,0.86429,0.86428,0.86428,5
1779831780,0.86422,0.86426,0.86422,0.86426,8
1779831840,0.86427,0.86427,0.86425,0.86427,5
1779831900,0.86419,0.86423,0.86413,0.86418,30
1779832020,0.86412,0.86415,0.86409,0.86411,11
1779832080,0.86426,0.86428,0.86426,0.86428,2
1779832140,0.86468,0.86468,0.86462,0.86464,8
1779832260,0.86462,0.86465,0.8646,0.8646,20
1779832320,0.86462,0.86464,0.86462,0.86462,3
1779832380,0.86462,0.86463,0.86461,0.86463,7
1779832440,0.86463,0.86467,0.86463,0.86467,12
1779832500,0.86467,0.86472,0.86462,0.86463,36
1779832560,0.86463,0.86465,0.86461,0.86463,27
1779832620,0.86462,0.86467,0.86462,0.86465,47
1779832680,0.86466,0.86467,0.86462,0.86465,32
1779832740,0.86462,0.86473,0.86462,0.86468,57
1779832800,0.86478,0.86482,0.8647,0.86482,90
1779832860,0.86479,0.86483,0.86477,0.86483,88
1779832980,0.86484,0.86485,0.86477,0.86485,52
1779833040,0.86486,0.86487,0.86483,0.86483,48
1779833100,0.86485,0.86489,0.86485,0.86487,34
1779833220,0.86489,0.86489,0.86486,0.86486,34
1779833280,0.86487,0.86487,0.86485,0.86485,18
1779833340,0.86487,0.8649,0.86485,0.86488,39
1779833460,0.86494,0.86496,0.86493,0.86494,35
1779833580,0.86495,0.86495,0.86493,0.86494,16
1779833640,0.86494,0.86495,0.86492,0.86492,21
1779833700,0.86493,0.86493,0.86491,0.86492,27
1779833820,0.86489,0.86493,0.86489,0.86492,36
1779833880,0.86493,0.86493,0.86491,0.86492,10
1779833940,0.86494,0.86496,0.86494,0.86494,24
1779834060,0.8649,0.86494,0.86489,0.86491,27
1779834120,0.86496,0.86496,0.86492,0.86492,16
1779834180,0.86495,0.86495,0.86493,0.86493,23
1779834240,0.86495,0.86497,0.86494,0.86494,17
1779834300,0.86495,0.86495,0.86495,0.86495,2
1779834360,0.86496,0.86497,0.86495,0.86497,12
1779834420,0.86495,0.86497,0.86495,0.86496,10
1779834480,0.86495,0.86496,0.86493,0.86495,11
1779834540,0.86493,0.86497,0.86493,0.86494,19
1779834600,0.86493,0.86495,0.86493,0.86494,9
1779834660,0.86494,0.86496,0.86494,0.86495,16
1779834720,0.86494,0.86495,0.86493,0.86494,22
1779834780,0.86495,0.86495,0.86493,0.86493,10
1779834840,0.86495,0.86497,0.86494,0.86495,19
1779834900,0.86496,0.86496,0.86494,0.86495,19
1779834960,0.86496,0.86497,0.86495,0.86497,8
1779835020,0.86495,0.86496,0.86495,0.86495,12
1779835080,0.86496,0.86497,0.86496,0.86496,9
1779835140,0.86495,0.86496,0.86495,0.86495,10
1779835200,0.86496,0.86496,0.86494,0.86495,26
1779835260,0.86496,0.86497,0.86495,0.86497,21
1779835320,0.86496,0.86496,0.86496,0.86496,1
1779835440,0.86495,0.86495,0.86494,0.86495,6
1779835500,0.86496,0.86497,0.86495,0.86495,16
1779835620,0.86493,0.86494,0.86493,0.86494,3
1779835680,0.86495,0.86497,0.86494,0.86497,10
1779835740,0.86496,0.86497,0.86496,0.86497,12
1779835800,0.86495,0.86496,0.86494,0.86495,14
1779835920,0.86495,0.86495,0.86494,0.86494,16
1779835980,0.86493,0.86493,0.86492,0.86492,4
1779836040,0.86492,0.86493,0.86492,0.86493,8
1779836100,0.86493,0.86493,0.86493,0.86493,2
1779836160,0.86492,0.86492,0.86488,0.86488,17
1779836220,0.86489,0.86491,0.86489,0.86489,21
1779836280,0.8649,0.86491,0.8649,0.8649,10
1779836340,0.86491,0.86491,0.86489,0.8649,22
1779836400,0.86488,0.86493,0.86488,0.86489,50
1779836460,0.8649,0.86491,0.86489,0.8649,15
1779836520,0.86491,0.86491,0.86489,0.8649,16
1779836640,0.8649,0.86492,0.8649,0.86492,10
1779836760,0.86492,0.86492,0.86492,0.86492,2
1779836820,0.8649,0.86492,0.8649,0.86492,20
1779836880,0.86492,0.86493,0.86491,0.86491,8
1779836940,0.86492,0.86493,0.86491,0.86492,7
1779837000,0.8649,0.86492,0.8649,0.86492,8
1779837060,0.86491,0.86491,0.86489,0.8649,12
1779837120,0.86491,0.86492,0.86491,0.86492,8
1779837180,0.86493,0.86493,0.86493,0.86493,1
1779837240,0.86491,0.86492,0.8649,0.86492,10
1779837300,0.86491,0.86492,0.86484,0.86485,15
1779837360,0.86486,0.86488,0.86484,0.86485,22
1779837420,0.86484,0.86488,0.86484,0.86488,8
1779837480,0.86489,0.8649,0.86489,0.8649,7
1779837540,0.86489,0.8649,0.86489,0.8649,3
1779837600,0.86489,0.86491,0.86488,0.86488,21
1779837720,0.86487,0.86489,0.86487,0.86489,20
1779837780,0.86489,0.86489,0.86488,0.86488,8
1779837840,0.86489,0.86491,0.86488,0.86491,14
1779837960,0.86488,0.8649,0.86487,0.8649,25
1779838020,0.86489,0.8649,0.86488,0.86489,13
1779838080,0.86487,0.86488,0.86487,0.86487,6
1779838140,0.8649,0.8649,0.86489,0.8649,13
1779838200,0.86489,0.8649,0.86487,0.86488,29
1779838320,0.86488,0.86488,0.86488,0.86488,1
1779838380,0.86485,0.86485,0.86484,0.86485,8
1779838440,0.86481,0.86483,0.86478,0.86482,28
1779838560,0.86484,0.86485,0.86484,0.86485,3
1779838620,0.86485,0.86486,0.86485,0.86486,6
1779838680,0.86485,0.86486,0.86483,0.86484,17
1779838740,0.86483,0.86485,0.86483,0.86484,11
1779838800,0.86483,0.86484,0.86483,0.86484,7
1779838920,0.86483,0.86483,0.86483,0.86483,1
1779838980,0.86486,0.86486,0.86477,0.86481,29
1779839040,0.86481,0.86484,0.86481,0.86483,26
1779839100,0.86481,0.86482,0.86481,0.86481,18
1779839160,0.86484,0.86487,0.86483,0.86485,18
1779839280,0.86484,0.86484,0.86484,0.86484,2
1779839340,0.86482,0.86483,0.86481,0.86483,12
1779839460,0.86486,0.86487,0.86485,0.86486,11
1779839520,0.86486,0.86487,0.86484,0.86486,18
1779839580,0.86487,0.86487,0.86485,0.86486,12
1779839640,0.86487,0.86487,0.86486,0.86486,2
1779839760,0.86483,0.86485,0.86483,0.86485,13
1779839820,0.86485,0.86487,0.86484,0.86486,27
1779839880,0.86487,0.86488,0.86485,0.86486,34
1779839940,0.86486,0.86486,0.86485,0.86486,37
1779840000,0.86485,0.86487,0.86481,0.86486,71
1779840060,0.86485,0.86488,0.86483,0.86484,67
1779840180,0.86484,0.86486,0.86483,0.86485,54
1779840240,0.86486,0.86487,0.86484,0.86486,33
1779840300,0.86485,0.86487,0.86484,0.86486,51
1779840360,0.86487,0.86489,0.86484,0.86488,38
1779840420,0.86489,0.86489,0.86486,0.86487,46
1779840480,0.86488,0.86489,0.86487,0.86488,13
1779840540,0.86489,0.86493,0.86489,0.86493,32
1779840660,0.86491,0.86493,0.86489,0.86492,41
1779840720,0.86492,0.86492,0.86489,0.86489,39
1779840780,0.8649,0.86492,0.86489,0.8649,25
1779840840,0.86489,0.86491,0.86487,0.86488,13
1779840900,0.8649,0.86493,0.8649,0.86493,13
1779841020,0.86489,0.86491,0.86488,0.86489,17
1779841080,0.8649,0.86491,0.86487,0.86491,36
1779841140,0.86489,0.86492,0.86489,0.8649,39
1779841260,0.86493,0.86494,0.86491,0.86493,19
1779841320,0.86497,0.86497,0.86494,0.86497,17
1779841380,0.86497,0.86499,0.86496,0.86498,37
1779841440,0.86498,0.86498,0.86494,0.86494,23
1779841500,0.86497,0.86497,0.86494,0.86496,22
1779841620,0.86498,0.865,0.86495,0.86495,30
1779841680,0.86493,0.86494,0.86492,0.86494,31
1779841740,0.86493,0.86496,0.86492,0.86495,22
1779841800,0.86494,0.86496,0.86489,0.86492,45
1779841860,0.86493,0.86494,0.86489,0.86489,24
1779841980,0.86492,0.86493,0.86491,0.86492,23
1779842040,0.86494,0.86494,0.8649,0.86491,24
1779842100,0.86492,0.86495,0.86491,0.86495,47
1779842160,0.86496,0.86498,0.86495,0.86497,28
1779842220,0.86497,0.86501,0.86495,0.86496,45
1779842280,0.86497,0.86499,0.86497,0.86498,17
1779842340,0.86499,0.865,0.86498,0.865,27
1779842460,0.86496,0.86498,0.86495,0.86495,34
1779842520,0.86494,0.86496,0.86494,0.86495,20
1779842580,0.86493,0.86495,0.86493,0.86495,29
1779842640,0.86495,0.86496,0.86492,0.86492,31
1779842700,0.86491,0.86494,0.86491,0.86494,36
1779842820,0.86498,0.86498,0.86495,0.86497,28
1779842880,0.86499,0.865,0.86496,0.86497,31
1779842940,0.86498,0.86502,0.86498,0.86501,40
1779843060,0.86498,0.865,0.86498,0.86498,22
1779843120,0.86495,0.86498,0.86494,0.86498,28
1779843180,0.86498,0.86498,0.86496,0.86498,21
1779843240,0.86497,0.86499,0.86496,0.86498,44
1779843300,0.86494,0.86496,0.86491,0.86495,76
1779843420,0.86496,0.86498,0.86494,0.86495,34
1779843480,0.86494,0.86495,0.86493,0.86493,46
1779843540,0.86493,0.86495,0.8649,0.86491,57
1779843600,0.86492,0.86495,0.86489,0.86492,80
1779843660,0.86493,0.86495,0.86491,0.86493,72
1779843840,0.86496,0.86498,0.86496,0.86498,8
1779843960,0.86499,0.865,0.86496,0.86498,37
1779844020,0.865,0.865,0.86495,0.86499,31
1779844140,0.86501,0.86501,0.86501,0.86501,1
1779844260,0.86502,0.86503,0.86501,0.86502,16
1779844320,0.865,0.86502,0.86499,0.865,20
1779844380,0.86501,0.86501,0.865,0.86501,33
1779844440,0.86502,0.86503,0.865,0.86503,42
1779844500,0.86503,0.86506,0.86502,0.86503,70
1779844560,0.86504,0.86504,0.865,0.865,26
1779844620,0.86501,0.86502,0.865,0.86501,35
1779844680,0.865,0.86502,0.865,0.86502,25
1779844740,0.86501,0.86502,0.86497,0.86498,37
1779844800,0.86498,0.86501,0.86498,0.865,29
1779844860,0.865,0.86502,0.865,0.865,28
1779844980,0.86502,0.86502,0.86502,0.86502,1
1779845040,0.86501,0.86501,0.86501,0.86501,1
1779845160,0.86501,0.86502,0.865,0.86501,41
1779845220,0.86501,0.86503,0.86499,0.86503,43
1779845280,0.86504,0.86505,0.86501,0.86501,42
1779845340,0.86501,0.86502,0.865,0.865,49
1779845400,0.865,0.86503,0.86498,0.86502,111
1779845520,0.86507,0.86507,0.86502,0.86503,46
1779845580,0.86503,0.86504,0.865,0.86502,70
1779845640,0.86502,0.86505,0.86501,0.86505,42
1779845760,0.86508,0.86509,0.86507,0.86508,22
1779845820,0.86508,0.86508,0.86501,0.86501,28
1779845880,0.86502,0.86505,0.86501,0.86505,31
1779845940,0.86504,0.86506,0.86502,0.86505,40
1779846000,0.86505,0.86506,0.86503,0.86505,47
1779846060,0.86506,0.86507,0.86503,0.86504,58
1779846120,0.86504,0.86504,0.86501,0.86503,52
1779846180,0.86503,0.86505,0.86502,0.86504,43
1779846240,0.86504,0.86505,0.86501,0.86503,51
1779846300,0.86504,0.86507,0.86503,0.86506,34
1779846360,0.86507,0.86511,0.86506,0.8651,31
1779846420,0.86511,0.86514,0.8651,0.86514,38
1779846480,0.86515,0.86516,0.86513,0.86514,45
1779846660,0.86512,0.86513,0.86511,0.86512,37
1779846720,0.86512,0.86515,0.8651,0.86515,38
1779846780,0.86516,0.86516,0.86512,0.86513,52
1779846840,0.86513,0.86515,0.86511,0.86514,51
1779847020,0.86516,0.86517,0.86514,0.86517,21
1779847080,0.86517,0.86517,0.86513,0.86515,39
1779847140,0.86513,0.86515,0.86511,0.86515,61
1779847200,0.86515,0.86515,0.86509,0.86511,96
1779847260,0.86512,0.86517,0.86509,0.86512,58
1779847320,0.86513,0.86516,0.86513,0.86516,88
1779847440,0.86514,0.86514,0.8651,0.86512,58
1779847500,0.86514,0.86515,0.86511,0.86515,45
1779847560,0.86514,0.86519,0.86514,0.86517,61
1779847680,0.86513,0.86513,0.86513,0.86513,1
1779847740,0.86516,0.86516,0.86514,0.86514,22
1779847860,0.86515,0.86515,0.86512,0.86512,26
1779847920,0.86511,0.86512,0.8651,0.86512,25
1779847980,0.86512,0.86516,0.86511,0.86512,44
1779848040,0.86511,0.86512,0.86509,0.86511,19
1779848100,0.86512,0.86517,0.86512,0.86515,42
1779848220,0.86512,0.86513,0.86512,0.86513,8
1779848280,0.86514,0.86516,0.86512,0.86515,46
1779848340,0.86515,0.86516,0.86514,0.86514,62
1779848460,0.86514,0.86516,0.86514,0.86516,18
1779848520,0.86517,0.86518,0.86515,0.86518,16
1779848580,0.86516,0.86517,0.86514,0.86514,27
1779848640,0.86518,0.86519,0.86515,0.86516,30
1779848700,0.86515,0.86515,0.86509,0.8651,47
1779848820,0.86512,0.86512,0.8651,0.86511,17
1779848880,0.86511,0.86511,0.86509,0.8651,13
1779848940,0.8651,0.86511,0.86508,0.86509,30
1779849000,0.8651,0.86511,0.86508,0.8651,52
1779849060,0.8651,0.8651,0.86508,0.86509,21
1779849180,0.86509,0.8651,0.86508,0.86509,24
1779849240,0.86508,0.86509,0.86504,0.86507,35
1779849300,0.86507,0.86509,0.86507,0.86509,30
1779849360,0.8651,0.8651,0.86505,0.86506,23
1779849420,0.86506,0.86508,0.86503,0.86504,26
1779849480,0.86505,0.86506,0.86504,0.86505,24
1779849540,0.86505,0.86506,0.86505,0.86506,21
1779849660,0.86503,0.86505,0.86502,0.86505,17
1779849720,0.86503,0.86505,0.86503,0.86503,19
1779849780,0.86504,0.86507,0.86503,0.86506,34
1779849840,0.86506,0.86507,0.86502,0.86502,41
1779849900,0.86503,0.86503,0.86501,0.86503,19
1779850020,0.86504,0.86504,0.865,0.86502,22
1779850080,0.86501,0.86502,0.865,0.86502,22
1779850140,0.86503,0.86503,0.86501,0.86502,15
1779850200,0.86503,0.86504,0.86502,0.86503,29
1779850260,0.86503,0.86504,0.86502,0.86504,38
1779850320,0.86504,0.86505,0.86502,0.86503,35
1779850380,0.86502,0.86504,0.86501,0.86502,19
1779850440,0.86503,0.86507,0.86502,0.86505,37
1779850500,0.86505,0.86509,0.86502,0.86503,60
1779850620,0.86508,0.86509,0.86507,0.86509,34
1779850680,0.86509,0.86512,0.86506,0.86511,42
1779850740,0.86512,0.86514,0.86511,0.86511,20
1779850800,0.86512,0.86513,0.86505,0.86508,63
1779850860,0.86509,0.86512,0.86505,0.86512,56
1779850920,0.86513,0.86514,0.8651,0.86513,52
1779850980,0.86512,0.86513,0.8651,0.86512,36
1779851040,0.86511,0.86515,0.86511,0.86513,40
1779851100,0.86512,0.86512,0.86498,0.86503,62
1779851220,0.86504,0.86505,0.86502,0.86503,20
1779851280,0.86504,0.86504,0.865,0.865,18
1779851340,0.865,0.86503,0.865,0.86501,18
1779851460,0.86503,0.86505,0.86502,0.86505,30
1779851580,0.86502,0.86502,0.86501,0.86502,7
1779851640,0.86503,0.86505,0.86502,0.86505,20
1779851700,0.86503,0.86504,0.86501,0.86501,22
1779851820,0.86503,0.86504,0.86498,0.865,23
1779851880,0.86501,0.86504,0.86501,0.86502,24
1779851940,0.86501,0.86504,0.86501,0.86502,26
1779852060,0.86503,0.86504,0.86502,0.86502,24
1779852120,0.86502,0.86503,0.86501,0.86503,15
1779852180,0.86502,0.86504,0.86502,0.86503,17
1779852240,0.86503,0.86504,0.86502,0.86502,31
1779852300,0.86503,0.86504,0.86501,0.86503,28
1779852360,0.86502,0.86504,0.86497,0.86497,49
1779852420,0.86498,0.86503,0.86497,0.86503,20
1779852480,0.86503,0.86503,0.865,0.86501,26
1779852540,0.86501,0.86503,0.86501,0.86502,36
1779852600,0.86501,0.86504,0.86501,0.86501,47
1779852720,0.86502,0.86505,0.86502,0.86503,41
1779852840,0.86501,0.86502,0.86499,0.86502,20
1779852960,0.865,0.865,0.86498,0.865,19
1779853020,0.865,0.86503,0.86499,0.865,49
1779853080,0.865,0.86501,0.86498,0.86499,24
1779853140,0.865,0.86501,0.86499,0.865,31
1779853200,0.86499,0.865,0.86498,0.86499,19
1779853260,0.86498,0.86499,0.86498,0.86499,10
1779853320,0.86501,0.86503,0.865,0.86502,27
1779853380,0.86502,0.86503,0.86501,0.86501,27
1779853440,0.86502,0.86503,0.86501,0.86502,23
1779853500,0.86501,0.86501,0.86499,0.865,19
1779853560,0.86501,0.86502,0.865,0.86501,25
1779853680,0.865,0.86501,0.86499,0.86499,18
1779853740,0.865,0.865,0.86499,0.86499,16
1779853800,0.86498,0.86501,0.86498,0.86501,30
1779853920,0.86503,0.86504,0.86502,0.86504,22
1779853980,0.86501,0.86503,0.86501,0.86503,11
1779854040,0.86503,0.86504,0.86503,0.86503,6
1779854160,0.86499,0.865,0.86497,0.865,26
1779854280,0.86499,0.865,0.86498,0.865,16
1779854340,0.865,0.86501,0.86499,0.865,29
1779854400,0.86501,0.86506,0.865,0.86503,43
1779854460,0.86503,0.86504,0.86503,0.86503,8
1779854520,0.86504,0.86505,0.86503,0.86503,30
1779854640,0.86503,0.86503,0.86502,0.86502,10
1779854760,0.86503,0.86503,0.86502,0.86503,12
1779854820,0.86504,0.86505,0.86504,0.86505,3
1779854880,0.86503,0.86505,0.86503,0.86505,14
1779855060,0.86505,0.86505,0.86504,0.86505,8
1779855120,0.86505,0.86506,0.86503,0.86506,32
1779855180,0.86506,0.86506,0.86502,0.86505,44
1779855240,0.86506,0.86509,0.86505,0.86509,32
1779855420,0.86509,0.8651,0.86509,0.86509,8
1779855480,0.8651,0.8651,0.86508,0.86509,19
1779855540,0.8651,0.8651,0.86508,0.8651,23
1779855660,0.86509,0.86511,0.86504,0.86505,39
1779855720,0.86507,0.8651,0.86506,0.8651,34
1779855780,0.86509,0.86511,0.86508,0.86511,42
1779855840,0.86511,0.86513,0.86511,0.86512,16
1779855900,0.86513,0.86513,0.8651,0.86511,38
1779855960,0.86512,0.86513,0.86511,0.86513,26
1779856020,0.86515,0.86515,0.86512,0.86515,41
1779856140,0.86516,0.86518,0.86516,0.86518,30
1779856200,0.86518,0.86519,0.86515,0.86518,51
1779856260,0.86517,0.86518,0.86514,0.86517,30
1779856320,0.86516,0.86518,0.86515,0.86516,31
1779856380,0.86516,0.8652,0.86516,0.86518,32
1779856440,0.86516,0.86518,0.86514,0.86516,41
1779856500,0.86517,0.86517,0.86515,0.86517,33
1779856560,0.86516,0.86518,0.86515,0.86515,34
1779856620,0.86516,0.86517,0.86514,0.86516,39
1779856680,0.86515,0.86517,0.86515,0.86517,26
1779856740,0.86519,0.86521,0.86518,0.86521,32
1779856800,0.86521,0.86524,0.8652,0.86524,16
1779856860,0.86525,0.86526,0.86523,0.86524,39
1779856920,0.86524,0.86524,0.86523,0.86524,22
1779856980,0.86523,0.86524,0.86522,0.86522,17
1779857040,0.86522,0.86522,0.86519,0.86519,23
1779857100,0.86517,0.86521,0.86517,0.8652,22
1779857160,0.86521,0.86522,0.86521,0.86522,2
1779857220,0.86522,0.86523,0.86521,0.86522,22
1779857280,0.86522,0.86525,0.86522,0.86524,22
1779857340,0.86523,0.86525,0.86523,0.86525,35
1779857460,0.86525,0.86527,0.86524,0.86525,28
1779857520,0.86527,0.86527,0.86523,0.86523,44
1779857580,0.86523,0.86525,0.86522,0.86523,31
1779857640,0.86523,0.86524,0.86522,0.86523,21
1779857700,0.86524,0.86525,0.86523,0.86524,21
1779857760,0.86525,0.86525,0.86523,0.86524,16
1779857820,0.86524,0.86524,0.8652,0.86521,23
1779857880,0.86522,0.86522,0.86519,0.86521,18
1779857940,0.86521,0.86523,0.86521,0.86523,26
1779858000,0.86524,0.86526,0.86523,0.86524,40
1779858060,0.86523,0.86525,0.86522,0.86524,27
1779858120,0.86523,0.86528,0.86523,0.86527,40
1779858180,0.86527,0.86527,0.86523,0.86523,29
1779858240,0.86522,0.86524,0.86519,0.86522,46
1779858300,0.86523,0.86526,0.86522,0.86525,24
1779858420,0.86526,0.86526,0.86525,0.86526,25
1779858480,0.86527,0.8653,0.86526,0.86527,17
1779858540,0.86527,0.86527,0.86525,0.86525,13
1779858660,0.86525,0.86526,0.86524,0.86526,27
1779858780,0.86523,0.86524,0.86522,0.86522,16
1779858840,0.86524,0.86525,0.86523,0.86524,18
1779858900,0.86526,0.86528,0.86525,0.86527,45
1779859020,0.86522,0.86525,0.86522,0.86525,16
1779859140,0.86529,0.8653,0.86528,0.8653,18
1779859260,0.86532,0.86533,0.86531,0.86531,20
1779859320,0.8653,0.86532,0.8653,0.86531,21
1779859440,0.86531,0.86531,0.86531,0.86531,2
1779859560,0.86531,0.86532,0.86529,0.86531,31
1779859620,0.86532,0.86532,0.86528,0.86531,29
1779859680,0.86531,0.86534,0.86531,0.86532,22
1779859740,0.86532,0.86534,0.86529,0.8653,33
1779859800,0.86529,0.86532,0.86529,0.86531,40
1779859920,0.86532,0.86534,0.8653,0.86533,30
1779859980,0.86531,0.86534,0.86529,0.86531,38
1779860040,0.86531,0.86534,0.86531,0.86533,40
1779860160,0.86528,0.8653,0.86527,0.86528,68
1779860220,0.86527,0.86529,0.86527,0.86527,22
1779860280,0.86531,0.86532,0.8653,0.8653,14
1779860340,0.8653,0.86531,0.86529,0.8653,30
1779860400,0.86531,0.86532,0.8653,0.86532,22
1779860460,0.86531,0.86535,0.86531,0.86535,29
1779860520,0.86532,0.86534,0.86531,0.86533,29
1779860580,0.86532,0.86535,0.86531,0.86532,38
1779860640,0.86531,0.86535,0.86531,0.86532,20
1779860700,0.86527,0.86528,0.86525,0.86527,33
1779860760,0.86526,0.86531,0.86526,0.8653,9
1779860820,0.86529,0.86532,0.86529,0.86531,17
1779860880,0.86531,0.86534,0.86531,0.86534,34
1779860940,0.86533,0.86535,0.86532,0.86533,30
1779861000,0.86535,0.86537,0.86533,0.86534,39
1779861060,0.86536,0.86537,0.86535,0.86535,31
1779861120,0.86535,0.86536,0.86533,0.86536,13
1779861180,0.86536,0.86537,0.86535,0.86537,22
1779861240,0.86538,0.86539,0.86535,0.86539,33
1779861420,0.86535,0.86536,0.86528,0.86529,31
1779861480,0.8653,0.8653,0.86525,0.8653,38
1779861540,0.8653,0.86539,0.8653,0.86539,40
1779861600,0.86542,0.86552,0.86542,0.86547,77
1779861660,0.86546,0.8655,0.86545,0.86548,63
1779861720,0.86549,0.86552,0.86547,0.8655,61
1779861840,0.8655,0.86552,0.86543,0.86545,41
1779861960,0.86546,0.86547,0.86542,0.86544,17
1779862020,0.86544,0.86548,0.86541,0.86546,42
1779862140,0.86551,0.86553,0.86548,0.8655,34
1779862260,0.86552,0.86553,0.86547,0.86548,26
1779862320,0.86549,0.86552,0.86548,0.86551,35
1779862380,0.8655,0.86551,0.86548,0.86551,23
1779862440,0.86551,0.86555,0.8655,0.86552,31
1779862500,0.86551,0.86552,0.86549,0.86551,38
1779862560,0.86552,0.86553,0.86549,0.86553,49
1779862680,0.86552,0.86555,0.86551,0.86555,34
1779862740,0.86556,0.86557,0.86553,0.86557,40
1779862860,0.86558,0.86558,0.86555,0.86558,42
1779862920,0.86558,0.86563,0.86556,0.86562,63
1779863040,0.86562,0.86562,0.86562,0.86562,2
1779863100,0.8656,0.8656,0.86555,0.86558,48
1779863160,0.86559,0.86562,0.86556,0.86562,33
1779863220,0.86565,0.86567,0.86563,0.86567,31
1779863280,0.86566,0.86568,0.86563,0.86564,39
1779863340,0.86565,0.86567,0.86562,0.86562,38
1779863400,0.86563,0.86567,0.86562,0.86564,52
1779863460,0.86565,0.86571,0.86565,0.86567,48
1779863580,0.86566,0.86568,0.86566,0.86567,44
1779863640,0.86567,0.8657,0.86565,0.86568,44
1779863700,0.8657,0.86572,0.86568,0.86568,56
1779863760,0.86567,0.86572,0.86567,0.8657,48
1779863820,0.86571,0.86573,0.86567,0.86568,49
1779863880,0.86568,0.86569,0.86567,0.86569,22
1779863940,0.86569,0.86571,0.86567,0.86567,42
1779864060,0.86572,0.86573,0.86567,0.86567,36
1779864120,0.86564,0.86567,0.86563,0.86565,43
1779864180,0.86565,0.86567,0.86563,0.86566,52
1779864240,0.86565,0.86566,0.86559,0.8656,52
1779864300,0.86561,0.8657,0.86559,0.86569,41
1779864420,0.86572,0.86576,0.86571,0.86571,32
1779864480,0.8657,0.86571,0.8657,0.86571,13
1779864540,0.86568,0.86568,0.86565,0.86568,37
1779864660,0.86574,0.86574,0.86567,0.86568,24
1779864780,0.86565,0.86567,0.86562,0.86565,36
1779864840,0.86567,0.86569,0.86565,0.86568,50
1779864900,0.86562,0.86565,0.86556,0.86564,72
1779864960,0.86565,0.8657,0.86563,0.86566,40
1779865020,0.86567,0.8657,0.86564,0.86566,67
1779865080,0.86566,0.86568,0.86565,0.86568,52
1779865140,0.86569,0.86572,0.86567,0.86568,56
1779865200,0.86566,0.86574,0.8656,0.86574,91
1779865260,0.86575,0.86576,0.86571,0.86573,89
1779865380,0.86564,0.86572,0.86564,0.86571,45
1779865440,0.86571,0.86575,0.86571,0.86574,34
1779865500,0.86574,0.86575,0.86571,0.86573,70
1779865620,0.86582,0.86586,0.86578,0.86578,33
1779865680,0.86576,0.86576,0.86566,0.86568,46
1779865740,0.86571,0.86572,0.86568,0.86571,36
1779865860,0.86574,0.86576,0.86572,0.86573,36
1779865980,0.86572,0.86572,0.86572,0.86572,1
1779866040,0.86575,0.86576,0.86574,0.86575,21
1779866100,0.86576,0.86579,0.86574,0.86579,56
1779866220,0.86564,0.86568,0.86564,0.86567,38
1779866280,0.86569,0.8657,0.86565,0.86568,60
1779866340,0.86567,0.86571,0.86567,0.8657,28
1779866460,0.8657,0.86575,0.8657,0.86573,28
1779866520,0.86577,0.86583,0.86574,0.86582,52
1779866580,0.8658,0.86585,0.8658,0.86584,50
1779866640,0.86583,0.86586,0.86581,0.86585,58
1779866700,0.86587,0.86591,0.86587,0.8659,55
1779866820,0.86597,0.86602,0.86597,0.86601,31
1779866880,0.866,0.866,0.86588,0.86588,49
1779866940,0.86589,0.86594,0.86589,0.86592,32
1779867000,0.86594,0.866,0.86594,0.86599,40
1779867060,0.866,0.86603,0.86595,0.86596,56
1779867180,0.86586,0.86594,0.86586,0.86593,32
1779867240,0.86594,0.86598,0.86593,0.86598,39
1779867360,0.86599,0.86603,0.86599,0.86603,27
1779867420,0.866,0.86607,0.86597,0.86607,56
1779867480,0.86606,0.86611,0.86606,0.86606,37
1779867540,0.866,0.86601,0.86595,0.86597,52
1779867600,0.86597,0.86602,0.86596,0.86601,42
1779867660,0.86601,0.86604,0.86599,0.86603,42
1779867720,0.86604,0.86607,0.86602,0.86606,39
1779867780,0.86605,0.8661,0.86605,0.86609,39
1779867840,0.86609,0.86611,0.86606,0.86606,40
1779867900,0.86606,0.86606,0.86601,0.86606,64
1779867960,0.86603,0.86607,0.86603,0.86604,63
1779868080,0.86602,0.86604,0.866,0.86601,36
1779868140,0.86604,0.86613,0.86604,0.86613,42
1779868200,0.86618,0.86622,0.86615,0.8662,38
1779868260,0.86621,0.86625,0.86617,0.86618,58
1779868320,0.86617,0.86619,0.86615,0.86616,61
1779868440,0.86611,0.86612,0.86604,0.86605,43
1779868560,0.86603,0.86604,0.86596,0.86602,37
1779868620,0.86605,0.86608,0.866,0.86603,46
1779868680,0.86598,0.86601,0.86596,0.86596,49
1779868740,0.86598,0.86598,0.86589,0.86591,60
1779868800,0.86593,0.86593,0.86582,0.86589,98
1779868860,0.86587,0.86591,0.86585,0.86585,98
1779868920,0.86583,0.86587,0.86579,0.86585,78
1779868980,0.86584,0.86586,0.8658,0.86581,58
1779869040,0.86581,0.86585,0.86581,0.86583,51
1779869100,0.86584,0.86591,0.86582,0.86589,60
1779869160,0.86591,0.86591,0.86586,0.86588,66
1779869220,0.86587,0.86592,0.86587,0.86592,18
1779869280,0.86596,0.86596,0.86589,0.86593,49
1779869340,0.86589,0.8659,0.86586,0.86587,44
1779869400,0.86589,0.8659,0.86581,0.86584,76
1779869460,0.86582,0.86587,0.86582,0.86586,62
1779869520,0.86586,0.86589,0.86582,0.86585,71
1779869580,0.86584,0.86585,0.86573,0.86573,32
1779869640,0.86568,0.86577,0.86566,0.86577,36
1779869700,0.86578,0.86579,0.8657,0.86573,60
1779869760,0.86572,0.86576,0.86571,0.86574,54
1779869820,0.86573,0.86573,0.86567,0.86569,68
1779869880,0.86574,0.86587,0.86572,0.86587,56
1779869940,0.86587,0.86595,0.86587,0.86594,57
1779870000,0.86596,0.86606,0.86592,0.86606,76
1779870060,0.86605,0.86609,0.86604,0.86605,32
1779870120,0.86609,0.86613,0.86609,0.86612,27
1779870180,0.86611,0.86613,0.86609,0.86611,49
1779870240,0.86615,0.86623,0.86614,0.86618,52
1779870420,0.8662,0.86623,0.8662,0.86622,29
1779870480,0.86612,0.86613,0.8661,0.86612,36
1779870540,0.8661,0.86613,0.86608,0.86613,39
1779870600,0.86612,0.86615,0.86611,0.86614,64
1779870720,0.86611,0.86612,0.8661,0.86611,28
1779870780,0.86611,0.86612,0.86606,0.86607,67
1779870840,0.86609,0.86609,0.86602,0.86604,31
1779870960,0.86611,0.86613,0.8661,0.8661,24
1779871020,0.86605,0.86611,0.86604,0.86611,41
1779871080,0.86607,0.86612,0.86607,0.86611,44
1779871140,0.86612,0.86617,0.8661,0.86615,38
1779871200,0.86617,0.8662,0.86614,0.86614,46
1779871320,0.86613,0.86613,0.8661,0.86613,32
1779871380,0.86606,0.8661,0.86605,0.86608,25
1779871440,0.86611,0.86616,0.86611,0.86615,40
1779871500,0.86614,0.86614,0.8661,0.86611,42
1779871560,0.86611,0.86612,0.86605,0.86605,52
1779871680,0.86596,0.86602,0.86595,0.866,32
1779871740,0.86599,0.86601,0.86599,0.866,17
1779871860,0.86607,0.86611,0.86607,0.86609,33
1779871920,0.86612,0.86617,0.86611,0.86615,35
1779871980,0.86614,0.86618,0.86614,0.86615,52
1779872040,0.86614,0.86617,0.86613,0.86615,30
1779872100,0.86617,0.86617,0.86612,0.86613,36
1779872160,0.86612,0.86615,0.86612,0.86614,15
1779872220,0.86613,0.86617,0.86602,0.86603,50
1779872280,0.86592,0.86597,0.86588,0.86597,56
1779872340,0.86597,0.86602,0.86597,0.866,68
1779872400,0.86601,0.86601,0.86594,0.86598,50
1779872460,0.86598,0.86602,0.86597,0.86601,74
1779872520,0.866,0.86601,0.86595,0.86596,65
1779872580,0.86596,0.86597,0.86587,0.8659,41
1779872640,0.86591,0.86591,0.86587,0.86587,50
1779872700,0.86587,0.86594,0.86586,0.86592,60
1779872820,0.86587,0.86587,0.86581,0.86582,31
1779872880,0.8658,0.86584,0.86578,0.86581,51
1779872940,0.86583,0.86583,0.86579,0.86579,69
1779873060,0.86564,0.86567,0.86563,0.86565,69
1779873120,0.8657,0.86578,0.8657,0.86578,71
1779873180,0.86579,0.8658,0.86572,0.86572,39
1779873240,0.86571,0.86574,0.8657,0.86574,35
1779873300,0.86577,0.8658,0.86575,0.86579,50
1779873420,0.86573,0.86576,0.86573,0.86575,37
1779873480,0.86575,0.8658,0.86575,0.86576,45
1779873540,0.86577,0.86581,0.86576,0.86579,28
1779873660,0.86577,0.86581,0.86575,0.86581,43
1779873720,0.86579,0.86583,0.86576,0.8658,46
1779873780,0.86588,0.86589,0.86582,0.86589,44
1779873840,0.86589,0.86589,0.86586,0.86588,38
1779873900,0.8659,0.86593,0.86587,0.86588,48
1779873960,0.86589,0.86593,0.86589,0.86593,23
1779874020,0.86587,0.86589,0.86582,0.86586,27
1779874080,0.86587,0.86589,0.86582,0.86582,40
1779874140,0.86581,0.86587,0.86581,0.86582,37
1779874200,0.86584,0.86584,0.86578,0.86583,57
1779874260,0.86584,0.86586,0.8658,0.86586,50
1779874380,0.86586,0.86586,0.86581,0.86582,38
1779874440,0.86581,0.86583,0.86579,0.8658,43
1779874500,0.86582,0.86583,0.86577,0.86579,42
1779874560,0.86578,0.86579,0.86576,0.86577,17
1779874620,0.86578,0.86582,0.86578,0.86582,20
1779874680,0.86588,0.86591,0.86588,0.8659,31
1779874740,0.86591,0.86591,0.86587,0.8659,41
1779874860,0.86593,0.86597,0.86592,0.86592,32
1779874920,0.8659,0.86593,0.8659,0.86592,19
1779874980,0.86593,0.86594,0.86589,0.86594,31
1779875040,0.86595,0.866,0.86594,0.866,24
1779875100,0.86597,0.86604,0.86597,0.86604,34
1779875220,0.86601,0.86605,0.86601,0.86605,23
1779875280,0.86605,0.86606,0.86602,0.86602,26
1779875340,0.866,0.86601,0.86597,0.866,30
1779875460,0.86592,0.86594,0.86591,0.86594,28
1779875520,0.86593,0.86594,0.8659,0.86593,45
1779875580,0.86594,0.86595,0.86584,0.86584,18
1779875640,0.86595,0.86598,0.86592,0.86598,38
1779875700,0.86597,0.866,0.86592,0.86593,52
1779875760,0.86591,0.86597,0.8659,0.86597,59
1779875820,0.86597,0.86602,0.86596,0.86598,48
1779875940,0.866,0.86606,0.866,0.86605,46
1779876000,0.86604,0.86607,0.86603,0.86605,76
1779876060,0.86606,0.86608,0.86602,0.86604,92
1779876180,0.8661,0.86611,0.86604,0.86604,54
1779876240,0.86604,0.86604,0.866,0.866,47
1779876360,0.86603,0.86604,0.86601,0.86603,14
1779876420,0.86604,0.86606,0.86602,0.86603,37
1779876480,0.86598,0.86598,0.86594,0.86598,29
1779876540,0.86599,0.86604,0.86599,0.86601,46
1779876660,0.86606,0.86608,0.86605,0.86606,47
1779876780,0.86607,0.86611,0.86607,0.86611,7
1779876840,0.86609,0.86612,0.86607,0.86612,12
1779876900,0.86614,0.86621,0.86612,0.86618,58
1779877020,0.8662,0.86621,0.86616,0.86617,55
1779877080,0.86617,0.86621,0.86615,0.8662,50
1779877140,0.8662,0.86626,0.86618,0.86618,64
1779877200,0.86619,0.86619,0.86606,0.86607,53
1779877260,0.86606,0.8661,0.86606,0.86606,30
1779877320,0.86608,0.8661,0.86605,0.86607,39
1779877380,0.86609,0.8661,0.86602,0.86602,32
1779877440,0.86605,0.86606,0.86603,0.86605,60
1779877500,0.86606,0.86608,0.86604,0.86606,47
1779877560,0.86605,0.86608,0.86604,0.86604,51
1779877620,0.86605,0.86607,0.86604,0.86604,24
1779877680,0.86603,0.86606,0.866,0.86604,78
1779877740,0.86605,0.86609,0.86604,0.86606,57
1779877800,0.86606,0.8661,0.86604,0.86605,68
1779877920,0.866,0.86601,0.86597,0.86599,54
1779877980,0.86599,0.86604,0.86599,0.86603,51
1779878040,0.86603,0.86605,0.86601,0.86603,69
1779878160,0.86604,0.86606,0.86602,0.86603,46
1779878220,0.86605,0.86606,0.86603,0.86603,40
1779878280,0.86602,0.86606,0.86602,0.86606,39
1779878340,0.86604,0.86604,0.86591,0.86591,84
1779878520,0.86591,0.86592,0.86588,0.86591,37
1779878580,0.86588,0.86591,0.86585,0.8659,32
1779878640,0.8659,0.86595,0.86587,0.86588,72
1779878700,0.86586,0.86592,0.86584,0.8659,47
1779878760,0.86593,0.86597,0.86591,0.86592,59
1779878880,0.86593,0.86593,0.86589,0.86592,23
1779878940,0.86587,0.86591,0.86584,0.86584,40
1779879000,0.86581,0.86583,0.86579,0.86582,76
1779879060,0.86583,0.86583,0.86578,0.86582,57
1779879120,0.8658,0.86583,0.86579,0.8658,46
1779879240,0.86579,0.86579,0.86579,0.86579,1
1779879360,0.86589,0.86595,0.86589,0.86595,28
1779879420,0.86594,0.86597,0.86592,0.86597,37
1779879480,0.86592,0.86593,0.86588,0.86588,35
1779879540,0.8659,0.86594,0.86585,0.86594,55
1779879600,0.86594,0.86596,0.86589,0.86591,54
1779879780,0.86595,0.86601,0.86595,0.866,40
1779879840,0.86601,0.86607,0.86601,0.86602,28
1779879960,0.86602,0.86613,0.86602,0.86613,56
1779880080,0.86614,0.86621,0.86612,0.8662,20
1779880140,0.86615,0.86617,0.86615,0.86615,25
1779880260,0.86613,0.86619,0.86611,0.86619,40
1779880320,0.86618,0.86619,0.86612,0.86613,66
1779880380,0.86612,0.86614,0.8661,0.86613,34
1779880440,0.86612,0.86614,0.86611,0.86611,33
1779880620,0.86604,0.86605,0.866,0.866,36
1779880680,0.866,0.86607,0.86599,0.86605,56
1779880740,0.86606,0.8661,0.86605,0.86608,49
1779880800,0.8661,0.86611,0.86605,0.86606,42
1779880920,0.86609,0.8661,0.86607,0.8661,26
1779880980,0.86612,0.86612,0.86607,0.86611,53
1779881040,0.86608,0.86612,0.86607,0.86611,31
1779881100,0.86614,0.86617,0.86609,0.86616,49
1779881160,0.86617,0.86623,0.86617,0.86623,49
1779881220,0.86623,0.86623,0.86621,0.86622,40
1779881340,0.86619,0.86622,0.86617,0.86618,48
1779881400,0.86619,0.86623,0.86617,0.86621,85
1779881460,0.86621,0.86623,0.86608,0.86611,90
1779881520,0.8661,0.86612,0.86607,0.86611,61
1779881580,0.86611,0.86615,0.86609,0.86609,48
1779881640,0.86608,0.86613,0.86607,0.86611,38
1779881700,0.86612,0.86613,0.86607,0.86607,56
1779881760,0.86606,0.86612,0.86606,0.86612,22
1779881820,0.86611,0.86612,0.86608,0.86609,44
1779881880,0.86609,0.86613,0.86608,0.86612,45
1779881940,0.86612,0.86618,0.86611,0.86615,48
1779882000,0.86615,0.86616,0.86614,0.86615,37
1779882060,0.86614,0.86616,0.86612,0.86616,71
1779882120,0.86616,0.86618,0.86615,0.86615,21
1779882180,0.86615,0.86615,0.86611,0.86612,38
1779882240,0.8661,0.86613,0.86608,0.8661,67
1779882300,0.86609,0.86612,0.86606,0.8661,82
1779882420,0.86608,0.86614,0.86607,0.86612,50
1779882480,0.86615,0.86623,0.86614,0.86621,53
1779882540,0.86622,0.86624,0.8662,0.86621,31
1779882660,0.86617,0.86618,0.86615,0.86618,26
1779882720,0.86618,0.86623,0.86617,0.86623,48
1779882780,0.86623,0.86627,0.86623,0.86626,44
1779882840,0.86625,0.86629,0.86622,0.86625,55
1779882900,0.86626,0.86626,0.86616,0.86616,76
1779882960,0.86617,0.86619,0.86613,0.86618,50
1779883020,0.86616,0.86619,0.86612,0.86613,52
1779883080,0.86623,0.86625,0.86621,0.86621,32
1779883140,0.86623,0.86627,0.86617,0.86621,72
1779883200,0.86623,0.86625,0.86618,0.8662,92
1779883260,0.86621,0.86624,0.86617,0.86622,60
1779883320,0.86621,0.86626,0.8662,0.86624,72
1779883380,0.86627,0.86634,0.86625,0.86629,62
1779883440,0.86628,0.8663,0.86626,0.8663,20
1779883500,0.86627,0.8663,0.86623,0.86629,60
1779883560,0.8663,0.86632,0.86629,0.86629,46
1779883620,0.86628,0.86633,0.86626,0.86631,59
1779883740,0.86629,0.86629,0.86629,0.86629,2
1779883860,0.86616,0.86622,0.86616,0.86622,34
1779883920,0.8663,0.86638,0.86629,0.86637,39
1779883980,0.86637,0.86639,0.86636,0.86638,45
1779884040,0.86636,0.86636,0.86624,0.86625,63
1779884100,0.86624,0.86626,0.86616,0.86618,78
1779884160,0.86617,0.86626,0.86617,0.86625,66
1779884220,0.86624,0.8663,0.86624,0.86628,62
1779884280,0.86627,0.86644,0.86622,0.86641,154
1779884340,0.86629,0.86634,0.86623,0.86627,154
1779884520,0.86642,0.86658,0.8664,0.86642,136
1779884580,0.86631,0.86646,0.86628,0.8664,122
1779884640,0.8663,0.86634,0.86624,0.86634,120
1779884700,0.86637,0.86644,0.8663,0.86642,148
1779884760,0.86641,0.86646,0.86634,0.86637,112
1779884820,0.86638,0.86644,0.86633,0.86637,126
1779884940,0.86653,0.86653,0.86643,0.86647,66
1779885120,0.86655,0.86657,0.8665,0.86652,72
1779885180,0.86651,0.86654,0.86648,0.86652,114
1779885240,0.86653,0.8666,0.86651,0.86658,125
1779885360,0.86663,0.86667,0.8666,0.86663,110
1779885420,0.86666,0.86667,0.86658,0.86663,115
1779885480,0.86664,0.86665,0.86656,0.86656,82
1779885540,0.86659,0.86662,0.86651,0.86651,102
1779885600,0.86651,0.86658,0.86649,0.86656,87
1779885720,0.8666,0.86664,0.86658,0.86662,64
1779885780,0.86663,0.86667,0.86653,0.86653,76
1779885840,0.86646,0.86651,0.86646,0.8665,70
1779885900,0.86652,0.86652,0.86645,0.86646,62
1779885960,0.86647,0.86656,0.86646,0.86653,81
1779886080,0.86656,0.86659,0.86656,0.86658,62
1779886140,0.86654,0.86654,0.86645,0.86646,75
1779886200,0.86649,0.86652,0.86646,0.86648,109
1779886260,0.86647,0.86655,0.86647,0.86655,80
1779886320,0.86656,0.8666,0.86653,0.86657,98
1779886380,0.86656,0.86665,0.86656,0.86658,114
1779886440,0.86657,0.86667,0.86655,0.86666,116
1779886560,0.86656,0.86662,0.86656,0.86661,44
1779886620,0.8666,0.8666,0.86651,0.86655,55
1779886680,0.86656,0.86659,0.86652,0.86652,73
1779886740,0.86647,0.8665,0.86627,0.86629,131
1779886800,0.86634,0.86638,0.86629,0.86632,116
1779886860,0.86633,0.86636,0.86625,0.86626,92
1779886920,0.86625,0.86625,0.86607,0.86608,136
1779886980,0.86609,0.86617,0.86608,0.86617,116
1779887040,0.86615,0.86615,0.86608,0.86609,86
1779887160,0.86614,0.86616,0.86613,0.86614,70
1779887220,0.86616,0.86617,0.86611,0.86611,93
1779887280,0.8661,0.86611,0.86603,0.86606,81
1779887340,0.86606,0.86612,0.86604,0.86611,86
1779887400,0.86612,0.86617,0.86611,0.86612,126
1779887460,0.86611,0.86614,0.86604,0.86606,48
1779887520,0.86603,0.86609,0.86603,0.86605,55
1779887580,0.86604,0.86606,0.86601,0.86605,51
1779887640,0.86602,0.8661,0.86601,0.86608,59
1779887700,0.86612,0.86617,0.86611,0.86617,72
1779887760,0.86618,0.86619,0.86612,0.86613,103
1779887880,0.86608,0.86614,0.86607,0.86611,82
1779887940,0.86613,0.86624,0.86611,0.86619,73
1779888000,0.86613,0.86617,0.86605,0.86605,67
1779888060,0.86604,0.86611,0.86604,0.86605,71
1779888180,0.86603,0.86603,0.86603,0.86603,2
1779888240,0.86605,0.86609,0.86603,0.86607,50
1779888360,0.86602,0.86605,0.86599,0.86603,104
1779888420,0.86601,0.86605,0.86587,0.8659,122
1779888480,0.86592,0.86596,0.86589,0.86594,107
1779888540,0.86593,0.86594,0.86588,0.8659,48
1779888600,0.86592,0.86593,0.86583,0.86584,118
1779888720,0.86587,0.86588,0.86581,0.86587,108
1779888780,0.86587,0.86593,0.86586,0.86591,88
1779888840,0.86585,0.8659,0.86584,0.86589,55
1779889020,0.86594,0.86595,0.86592,0.86595,66
1779889080,0.86596,0.86604,0.86596,0.86602,96
1779889140,0.86603,0.86611,0.86603,0.86606,106
1779889200,0.86608,0.8661,0.86597,0.86602,145
1779889260,0.86603,0.86604,0.86599,0.86602,85
1779889320,0.86604,0.8661,0.86604,0.86607,115
1779889440,0.86603,0.86604,0.86599,0.86601,90
1779889620,0.86607,0.8662,0.86604,0.86617,63
1779889680,0.86615,0.86617,0.86603,0.86603,62
1779889740,0.86602,0.86602,0.86598,0.86601,85
1779889800,0.86597,0.86598,0.86591,0.86592,77
1779889860,0.86593,0.86594,0.86582,0.86584,106
1779889920,0.86588,0.8659,0.86579,0.86579,46
1779889980,0.86585,0.86588,0.86584,0.86588,50
1779890040,0.86586,0.86589,0.86579,0.86579,88
1779890100,0.86579,0.86584,0.86574,0.86582,92
1779890160,0.86583,0.86585,0.8658,0.86582,94
1779890220,0.86579,0.86585,0.86578,0.86582,99
1779890280,0.86581,0.86585,0.8658,0.86582,41
1779890340,0.86579,0.86579,0.86567,0.86568,78
1779890400,0.86569,0.86572,0.86565,0.8657,108
1779890460,0.86569,0.86569,0.86565,0.86568,70
1779890580,0.86558,0.86571,0.86558,0.86568,110
1779890640,0.86565,0.86566,0.8656,0.8656,62
1779890700,0.86559,0.86562,0.86556,0.86561,78
1779890760,0.8656,0.86561,0.86558,0.86561,60
1779890820,0.86558,0.86567,0.86558,0.86565,56
1779890880,0.86566,0.86574,0.86565,0.86573,85
1779890940,0.86574,0.86582,0.86574,0.8658,102
1779891000,0.86581,0.8659,0.86581,0.86585,108
1779891060,0.86584,0.8659,0.86584,0.86587,90
1779891120,0.86586,0.86588,0.86582,0.86586,63
1779891180,0.86588,0.86593,0.86586,0.86589,70
1779891240,0.86591,0.86595,0.86587,0.8659,133
1779891300,0.8659,0.86594,0.86586,0.86593,130
1779891480,0.86585,0.86587,0.86582,0.86585,70
1779891540,0.86587,0.86591,0.86586,0.86587,124
1779891660,0.86583,0.86585,0.86579,0.86585,62
1779891780,0.86587,0.8659,0.86585,0.86588,78
1779891840,0.86591,0.86602,0.86586,0.86602,98
1779891900,0.86599,0.86604,0.86597,0.86602,120
1779891960,0.86603,0.86605,0.86599,0.86601,96
1779892020,0.866,0.8661,0.866,0.8661,76
1779892080,0.86615,0.86616,0.8661,0.86613,105
1779892140,0.86613,0.86617,0.86611,0.86616,94
1779892200,0.86617,0.86618,0.86611,0.86612,96
1779892260,0.86611,0.86623,0.86611,0.86622,99
1779892320,0.86623,0.86624,0.86602,0.86605,85
1779892380,0.86607,0.86621,0.86605,0.86605,162
1779892440,0.86609,0.86615,0.86607,0.86613,126
1779892500,0.86615,0.8662,0.86615,0.86618,98
1779892620,0.86612,0.86612,0.86604,0.86604,50
1779892680,0.86606,0.86611,0.86605,0.86606,58
1779892740,0.86612,0.86613,0.8661,0.8661,44
1779892860,0.86596,0.86598,0.86595,0.86595,79
1779892920,0.86593,0.86603,0.86593,0.86601,110
1779892980,0.86601,0.86604,0.86599,0.86601,97
1779893040,0.86602,0.86602,0.86596,0.86601,92
1779893100,0.86602,0.86606,0.86598,0.86599,102
1779893160,0.86598,0.86606,0.86596,0.86605,104
1779893220,0.86607,0.86616,0.86605,0.86605,101
1779893280,0.86607,0.86609,0.86601,0.86606,98
1779893340,0.86605,0.86612,0.86605,0.86612,95
1779893400,0.86611,0.8662,0.86598,0.86607,147
1779893460,0.8661,0.86613,0.866,0.86605,120
1779893520,0.86606,0.86609,0.86602,0.86609,68
1779893580,0.86616,0.86623,0.86607,0.86621,116
1779893640,0.86625,0.8666,0.86621,0.8665,154
1779893700,0.86652,0.86657,0.86626,0.86635,198
1779893820,0.86638,0.86657,0.86626,0.8663,130
1779893880,0.8663,0.86636,0.86622,0.86632,144
1779893940,0.86637,0.86643,0.86632,0.86642,120
1779894000,0.86638,0.86638,0.86626,0.86631,160
1779894060,0.8663,0.86643,0.86629,0.86638,178
1779894240,0.86636,0.86644,0.86635,0.86641,102
1779894360,0.86634,0.86635,0.86628,0.8663,67
1779894420,0.86632,0.86632,0.8662,0.8662,100
1779894480,0.86621,0.86621,0.86616,0.86617,101
1779894540,0.86618,0.86621,0.86615,0.8662,98
1779894600,0.86621,0.86632,0.86621,0.86628,82
1779894720,0.86627,0.86628,0.86625,0.86626,69
1779894780,0.86629,0.86632,0.86625,0.86625,66
1779894840,0.86625,0.86626,0.8662,0.86625,92
1779894900,0.86624,0.86628,0.86624,0.86628,84
1779894960,0.86626,0.86627,0.8662,0.86623,90
1779895080,0.86627,0.86631,0.86626,0.86629,68
1779895140,0.86637,0.86642,0.86636,0.86641,76
1779895200,0.86641,0.86644,0.86636,0.86642,121
1779895260,0.86642,0.86644,0.86636,0.86643,65
1779895320,0.8664,0.86643,0.86637,0.86639,100
1779895380,0.86641,0.86649,0.86639,0.86642,56
1779895440,0.86643,0.86644,0.86636,0.86641,102
1779895560,0.8664,0.86642,0.86637,0.86639,46
1779895620,0.86638,0.86639,0.86631,0.86634,47
1779895680,0.86637,0.86642,0.86634,0.86642,77
1779895740,0.86641,0.86641,0.86638,0.86639,49
1779895800,0.86641,0.86646,0.86637,0.86638,102
1779895860,0.86638,0.86638,0.86632,0.86634,100
1779895920,0.86635,0.86638,0.86635,0.86635,72
1779895980,0.86636,0.86636,0.86631,0.86631,69
1779896040,0.86631,0.86636,0.8663,0.86631,95
1779896160,0.86635,0.86637,0.86624,0.86626,88
1779896280,0.86626,0.86633,0.86625,0.8663,40
1779896340,0.8663,0.8663,0.86624,0.86626,38
1779896400,0.86626,0.86626,0.86617,0.86621,74
1779896460,0.8662,0.86627,0.86619,0.86625,34
1779896520,0.86626,0.8663,0.86623,0.86628,62
1779896640,0.86633,0.86633,0.86629,0.8663,64
1779896700,0.86633,0.86634,0.86629,0.8663,128
1779896760,0.86631,0.86636,0.86631,0.86635,82
1779896820,0.86633,0.86633,0.86628,0.86631,76
1779896880,0.86631,0.86631,0.86623,0.86625,58
1779896940,0.86624,0.86629,0.86624,0.86627,47
1779897000,0.86628,0.86629,0.86618,0.86619,76
1779897120,0.86621,0.86622,0.86617,0.86618,36
1779897180,0.86616,0.8662,0.86614,0.86617,41
1779897240,0.86623,0.86629,0.86622,0.86625,46
1779897360,0.8662,0.86621,0.86612,0.86617,47
1779897420,0.86614,0.86616,0.86609,0.8661,68
1779897540,0.86608,0.8661,0.86605,0.86605,18
1779897600,0.86603,0.86615,0.86601,0.86615,81
1779897660,0.86612,0.8662,0.86612,0.86619,79
1779897720,0.86618,0.86621,0.86613,0.86614,90
1779897780,0.86615,0.86617,0.8661,0.86611,52
1779897840,0.86609,0.86619,0.86609,0.86617,118
1779898020,0.8661,0.86611,0.86608,0.8661,28
1779898080,0.86612,0.86612,0.86608,0.86608,34
1779898140,0.86609,0.86612,0.86609,0.8661,63
1779898200,0.86611,0.86615,0.8661,0.86615,81
1779898320,0.86618,0.8662,0.86616,0.86617,27
1779898380,0.86617,0.8662,0.86617,0.86619,30
1779898440,0.8662,0.86622,0.86618,0.86621,50
1779898500,0.86618,0.86621,0.86613,0.86613,40
1779898560,0.86616,0.86617,0.86613,0.86613,46
1779898620,0.86612,0.86615,0.86611,0.86613,59
1779898680,0.86613,0.86613,0.86607,0.8661,52
1779898860,0.86603,0.86604,0.86599,0.866,28
1779898920,0.866,0.86602,0.86597,0.86597,59
1779898980,0.86606,0.86606,0.86601,0.86602,47
1779899040,0.86609,0.8661,0.86605,0.86609,51
1779899100,0.86607,0.86607,0.86604,0.86605,19
1779899220,0.86602,0.86602,0.86596,0.86597,46
1779899280,0.86596,0.86598,0.86595,0.86595,29
1779899340,0.86597,0.86597,0.86592,0.86592,62
1779899400,0.86595,0.86597,0.86591,0.86597,84
1779899460,0.86596,0.86599,0.86594,0.86598,64
1779899580,0.86599,0.86601,0.86598,0.86601,39
1779899640,0.86603,0.86606,0.86602,0.86604,36
1779899700,0.86606,0.86608,0.86606,0.86608,27
1779899760,0.86607,0.86611,0.86602,0.86608,46
1779899820,0.8661,0.86611,0.86609,0.86611,32
1779899880,0.86611,0.86615,0.86611,0.86615,41
1779899940,0.86615,0.86616,0.86611,0.86613,53
1779900060,0.86617,0.86619,0.86616,0.86618,40
1779900120,0.86616,0.86617,0.86614,0.86617,33
1779900180,0.8662,0.86623,0.8662,0.8662,42
1779900240,0.8662,0.86623,0.8662,0.86622,27
1779900300,0.86622,0.86622,0.86616,0.86616,34
1779900360,0.86617,0.86618,0.86615,0.86616,40
1779900420,0.86615,0.86617,0.86614,0.86617,40
1779900480,0.86617,0.8662,0.86616,0.86619,34
1779900540,0.86618,0.8662,0.86617,0.8662,18
1779900660,0.86615,0.86616,0.86613,0.86613,28
1779900720,0.86613,0.86614,0.86612,0.86613,21
1779900780,0.86613,0.86614,0.86607,0.86607,51
1779900840,0.86605,0.86607,0.86603,0.86605,44
1779900900,0.86606,0.86608,0.86603,0.86607,50
1779900960,0.86606,0.86608,0.86604,0.86605,59
1779901020,0.86604,0.86606,0.86604,0.86606,22
1779901080,0.86605,0.86608,0.86603,0.86603,44
1779901140,0.86604,0.86607,0.86603,0.86607,47
1779901200,0.86608,0.86608,0.86605,0.86607,42
1779901260,0.86608,0.86616,0.86605,0.86616,71
1779901320,0.86615,0.86621,0.86614,0.8662,68
1779901380,0.86619,0.8662,0.86607,0.86608,79
1779901440,0.86609,0.86612,0.86608,0.86609,42
1779901500,0.8661,0.86611,0.86606,0.86606,56
1779901620,0.86608,0.86608,0.86599,0.86601,49
1779901680,0.86599,0.86605,0.86597,0.86603,65
1779901740,0.86602,0.86607,0.86601,0.86606,80
1779901860,0.86606,0.86614,0.86606,0.86614,51
1779901920,0.86613,0.86616,0.86611,0.86615,50
1779902040,0.86613,0.86615,0.86611,0.86612,42
1779902100,0.8661,0.86618,0.86609,0.86618,46
1779902220,0.86613,0.86614,0.8661,0.86611,29
1779902280,0.86611,0.86613,0.86605,0.86606,48
1779902340,0.86605,0.86606,0.86604,0.86606,31
1779902520,0.86604,0.86609,0.86604,0.86607,31
1779902580,0.8661,0.86616,0.86609,0.86615,46
1779902640,0.86615,0.86617,0.86614,0.86617,42
1779902700,0.86618,0.86626,0.86616,0.86622,71
1779902760,0.86623,0.86625,0.86621,0.86625,28
1779902820,0.8662,0.86621,0.86618,0.86621,32
1779902940,0.86621,0.86621,0.86615,0.86619,51
1779903120,0.86615,0.86617,0.86613,0.86613,43
1779903180,0.86615,0.86617,0.86615,0.86615,61
1779903240,0.86621,0.86621,0.86616,0.86618,63
1779903300,0.86618,0.86626,0.86618,0.86619,58
1779903420,0.86611,0.86611,0.86607,0.86608,23
1779903480,0.86608,0.86616,0.86608,0.86616,45
1779903540,0.86614,0.8662,0.86614,0.86618,42
1779903600,0.8662,0.86624,0.8662,0.86622,63
1779903660,0.86622,0.86626,0.86622,0.86625,36
1779903720,0.86626,0.86629,0.86625,0.86626,54
1779903780,0.86626,0.86627,0.86626,0.86626,10
1779903840,0.86625,0.86625,0.86623,0.86624,26
1779903900,0.86623,0.86624,0.86617,0.86617,55
1779904020,0.86609,0.86618,0.86609,0.86616,45
1779904080,0.86616,0.86616,0.86611,0.86616,39
1779904140,0.86616,0.86616,0.86606,0.86607,50
1779904200,0.86608,0.8661,0.86602,0.86603,46
1779904320,0.86604,0.86607,0.86603,0.86604,20
1779904380,0.86604,0.86604,0.866,0.86601,47
1779904440,0.86601,0.86603,0.86601,0.86603,34
1779904500,0.86604,0.86606,0.86597,0.86597,83
1779904560,0.86598,0.866,0.86593,0.86595,83
1779904620,0.86594,0.86596,0.86593,0.86594,40
1779904680,0.86592,0.86592,0.86589,0.86591,41
1779904740,0.86591,0.86597,0.8659,0.86593,64
1779904800,0.86595,0.86599,0.86593,0.86597,58
1779904860,0.86595,0.86598,0.86595,0.86597,96
1779904920,0.86598,0.86602,0.86595,0.86597,59
1779905040,0.86592,0.86594,0.86591,0.86592,32
1779905160,0.86591,0.86594,0.86589,0.86594,52
1779905220,0.8659,0.86596,0.8659,0.86595,28
1779905280,0.86595,0.866,0.86595,0.86598,51
1779905340,0.86598,0.86599,0.86596,0.86597,33
1779905400,0.86598,0.86598,0.86591,0.86592,57
1779905520,0.86593,0.86597,0.86593,0.86595,45
1779905580,0.86595,0.866,0.86595,0.86599,44
1779905640,0.86598,0.866,0.86597,0.86599,43
1779905700,0.86599,0.86602,0.86597,0.86597,72
1779905760,0.86597,0.86597,0.86586,0.86587,60
1779905880,0.86586,0.86586,0.86582,0.86582,26
1779905940,0.86576,0.86578,0.8657,0.86572,40
1779906000,0.86575,0.86575,0.86571,0.86574,48
1779906060,0.86573,0.86576,0.86573,0.86574,14
1779906120,0.86575,0.86575,0.86569,0.8657,42
1779906240,0.8657,0.86575,0.8657,0.86571,37
1779906360,0.86576,0.86578,0.86575,0.86577,35
1779906420,0.86576,0.86577,0.86574,0.86576,53
1779906480,0.86579,0.86579,0.86575,0.86575,57
1779906540,0.86575,0.86576,0.86574,0.86575,37
1779906600,0.86576,0.8658,0.86575,0.86579,84
1779906720,0.86575,0.86579,0.86573,0.86579,57
1779906780,0.86578,0.86581,0.86578,0.8658,79
1779906840,0.86578,0.86579,0.86574,0.86577,42
1779906900,0.86577,0.86581,0.86577,0.86578,24
1779906960,0.86579,0.86583,0.86577,0.86583,54
1779907020,0.86583,0.86586,0.86582,0.86586,18
1779907080,0.86587,0.86589,0.86586,0.86588,25
1779907140,0.86587,0.8659,0.86586,0.86589,55
1779907200,0.86588,0.86594,0.86588,0.86594,37
1779907320,0.86594,0.86594,0.86593,0.86594,10
1779907380,0.86597,0.86599,0.86595,0.86599,27
1779907440,0.86595,0.86597,0.86594,0.86594,49
1779907500,0.86596,0.86597,0.86589,0.8659,59
1779907560,0.8659,0.86594,0.86589,0.86593,37
1779907620,0.86594,0.86596,0.86592,0.86596,57
1779907680,0.86596,0.86599,0.86594,0.86599,44
1779907860,0.86595,0.86597,0.86594,0.86596,40
1779907920,0.86595,0.86596,0.86592,0.86596,42
1779907980,0.86595,0.86597,0.86594,0.86596,42
1779908040,0.86597,0.86597,0.86592,0.86595,44
1779908220,0.86591,0.86594,0.8659,0.86594,35
1779908280,0.86593,0.86594,0.86588,0.8659,38
1779908340,0.86591,0.86594,0.86589,0.86591,56
1779908400,0.86592,0.86594,0.8659,0.8659,80
1779908460,0.86591,0.86597,0.86591,0.86591,40
1779908520,0.86592,0.86596,0.86591,0.86595,29
1779908640,0.866,0.866,0.86597,0.86599,21
1779908760,0.86596,0.86599,0.86596,0.86599,24
1779908820,0.866,0.866,0.86595,0.86595,35
1779908940,0.86596,0.86596,0.86593,0.86594,22
1779909060,0.86598,0.86598,0.86596,0.86596,19
1779909120,0.86596,0.86599,0.86595,0.86598,29
1779909180,0.86599,0.866,0.86595,0.86596,35
1779909240,0.86596,0.866,0.86595,0.86599,52
1779909300,0.866,0.86602,0.86599,0.866,18
1779909360,0.86601,0.86601,0.86598,0.86599,42
1779909420,0.86599,0.866,0.86598,0.86599,25
1779909480,0.86598,0.86599,0.86598,0.86598,24
1779909540,0.86597,0.86599,0.86597,0.86598,39
1779909660,0.86601,0.86602,0.86597,0.86598,35
1779909720,0.86597,0.86598,0.86595,0.86597,22
1779909780,0.86596,0.86597,0.86592,0.86594,68
1779909840,0.86595,0.86596,0.86594,0.86596,32
1779909960,0.86596,0.86597,0.86591,0.86594,39
1779910020,0.86595,0.86596,0.86592,0.86593,50
1779910080,0.86593,0.86596,0.86592,0.86593,37
1779910140,0.86594,0.86595,0.86593,0.86595,29
1779910200,0.86596,0.86596,0.86594,0.86595,56
1779910260,0.86594,0.86596,0.86593,0.86594,64
1779910320,0.86593,0.86595,0.86593,0.86593,23
1779910380,0.86591,0.86592,0.86588,0.86591,53
1779910440,0.86593,0.86594,0.8659,0.86592,30
1779910500,0.86591,0.86592,0.86589,0.8659,27
1779910620,0.86588,0.86589,0.86588,0.86589,34
1779910680,0.86589,0.86593,0.86589,0.86591,26
1779910740,0.86592,0.86592,0.86588,0.8659,32
1779910860,0.86584,0.86584,0.86582,0.86583,31
1779910980,0.86585,0.86585,0.86584,0.86584,2
1779911040,0.86585,0.86586,0.86584,0.86584,12
1779911100,0.86584,0.86587,0.86582,0.86587,35
1779911220,0.86588,0.86591,0.86586,0.86591,39
1779911280,0.86593,0.86594,0.86589,0.86589,45
1779911340,0.8659,0.8659,0.86588,0.86588,31
1779911460,0.86587,0.86587,0.86585,0.86586,26
1779911520,0.86585,0.86587,0.86583,0.86584,49
1779911580,0.86584,0.86584,0.8658,0.8658,17
1779911640,0.86581,0.86581,0.86579,0.8658,34
1779911700,0.86579,0.86581,0.86576,0.86576,70
1779911820,0.86576,0.86578,0.86576,0.86578,22
1779911880,0.86582,0.86582,0.86581,0.86581,19
1779911940,0.86579,0.86583,0.86578,0.86582,49
1779912000,0.86584,0.86588,0.86584,0.86587,43
1779912060,0.86588,0.8659,0.86587,0.86588,33
1779912240,0.86585,0.86586,0.86584,0.86585,12
1779912360,0.86582,0.86582,0.86577,0.86579,21
1779912420,0.86579,0.8658,0.86578,0.86579,19
1779912480,0.86577,0.86579,0.86577,0.86578,8
1779912540,0.86579,0.86579,0.86575,0.86578,16
1779912660,0.86578,0.86578,0.86576,0.86576,26
1779912720,0.86577,0.86578,0.86576,0.86576,28
1779912780,0.86577,0.86577,0.86576,0.86576,26
1779912840,0.86575,0.86577,0.86575,0.86576,16
1779912900,0.86577,0.86577,0.86575,0.86576,28
1779912960,0.86576,0.86581,0.86575,0.86579,35
1779913080,0.86581,0.86581,0.8658,0.86581,6
1779913140,0.8658,0.86582,0.8658,0.86581,15
1779913200,0.86581,0.86582,0.8658,0.8658,22
1779913320,0.86581,0.86584,0.86581,0.86583,18
1779913380,0.86583,0.86585,0.86579,0.86582,25
1779913440,0.86581,0.86582,0.86581,0.86582,12
1779913560,0.86583,0.86583,0.86582,0.86582,12
1779913620,0.86583,0.86583,0.86581,0.86582,9
1779913680,0.86583,0.86584,0.86582,0.86584,12
1779913740,0.86584,0.86584,0.86581,0.86582,12
1779913800,0.86579,0.86579,0.86578,0.86579,11
1779913860,0.86579,0.86581,0.86578,0.8658,30
1779913920,0.86581,0.86581,0.86579,0.8658,18
1779913980,0.8658,0.8658,0.8658,0.8658,5
1779914040,0.86579,0.8658,0.86576,0.86578,30
1779914160,0.86578,0.86579,0.86577,0.86577,7
1779914220,0.86578,0.86578,0.86574,0.86575,24
1779914280,0.86575,0.86575,0.86573,0.86574,12
1779914340,0.86568,0.86568,0.86567,0.86567,9
1779914400,0.86564,0.86568,0.86563,0.86568,16
1779914460,0.86569,0.86569,0.86568,0.86569,10
1779914520,0.86568,0.86568,0.86565,0.86565,10
1779914580,0.86566,0.86572,0.86565,0.86572,16
1779914640,0.86573,0.86573,0.86572,0.86572,8
1779914700,0.86571,0.86575,0.86571,0.86572,36
1779914760,0.86571,0.86572,0.8657,0.86571,22
1779914820,0.8657,0.86571,0.8657,0.86571,8
1779914880,0.86569,0.86569,0.86567,0.86567,10
1779914940,0.86564,0.86568,0.86563,0.86568,24
1779915000,0.86566,0.8657,0.86566,0.86568,30
1779915120,0.86569,0.86569,0.86566,0.86567,30
1779915180,0.86568,0.86569,0.86568,0.86568,10
1779915240,0.86569,0.8657,0.86568,0.86569,8
1779915360,0.8657,0.86573,0.86569,0.86572,32
1779915420,0.86573,0.86576,0.86571,0.86573,65
1779915480,0.86575,0.86583,0.86574,0.86574,130
1779915720,0.86584,0.86584,0.86584,0.86584,2
1779915780,0.86584,0.86584,0.86584,0.86584,1
1779915840,0.86585,0.86585,0.86585,0.86585,2
1779916020,0.86593,0.86599,0.86593,0.86599,2
1779916080,0.86597,0.86597,0.86595,0.86595,2
1779916200,0.86593,0.866,0.86593,0.866,2
1779916320,0.86603,0.86603,0.86602,0.86602,2
1779916560,0.86602,0.86602,0.86596,0.86596,3
1779916620,0.86594,0.86594,0.86592,0.86594,3
1779916680,0.86598,0.86598,0.86596,0.86597,4
1779916740,0.86593,0.86593,0.86593,0.86593,1
1779916860,0.86598,0.86602,0.86598,0.86602,2
1779916920,0.866,0.866,0.8659,0.86598,12
1779916980,0.86596,0.866,0.86596,0.866,4
1779917040,0.86594,0.86595,0.86592,0.86593,9
1779917220,0.86593,0.86593,0.86592,0.86592,3
1779917280,0.86592,0.86592,0.86592,0.86592,3
1779917340,0.86593,0.86593,0.86593,0.86593,3
1779917400,0.86593,0.86599,0.86592,0.86595,24
1779917460,0.86594,0.86599,0.86594,0.86599,14
1779917520,0.86596,0.86601,0.86596,0.86601,15
1779917580,0.86592,0.86601,0.86592,0.86596,13
1779917640,0.86603,0.86607,0.86593,0.86596,32
1779917700,0.86599,0.86606,0.86596,0.86604,28
1779917820,0.86589,0.866,0.86587,0.86588,16
1779917880,0.86588,0.86594,0.86588,0.86594,23
1779917940,0.86593,0.86596,0.86591,0.86594,31
1779918060,0.86593,0.86594,0.8659,0.86591,24
1779918120,0.86591,0.86593,0.8659,0.86591,18
1779918240,0.8659,0.86592,0.8659,0.86592,5
1779918300,0.86592,0.86595,0.86589,0.8659,61
1779918420,0.86582,0.86587,0.86579,0.86587,53
1779918480,0.86587,0.866,0.86582,0.86594,38
1779918540,0.86587,0.86587,0.86575,0.86581,33
1779918660,0.86575,0.8658,0.86574,0.86576,28
1779918720,0.86574,0.86579,0.86571,0.86576,30
1779918780,0.86579,0.86583,0.86576,0.86577,17
1779918840,0.86572,0.86575,0.86558,0.86561,26
1779918900,0.86563,0.86567,0.86562,0.86566,21
1779918960,0.86564,0.86565,0.86558,0.8656,21
1779919020,0.86559,0.86574,0.86558,0.86573,25
1779919080,0.86574,0.86579,0.86573,0.86574,11
1779919140,0.86582,0.86591,0.8658,0.86583,35
1779919200,0.86598,0.86608,0.86591,0.86602,117
1779919260,0.86605,0.86608,0.86603,0.86608,72
1779919440,0.866,0.866,0.86599,0.86599,8
1779919500,0.86603,0.86608,0.86598,0.86598,38
1779919560,0.86599,0.86604,0.86597,0.86604,18
1779919620,0.86605,0.86605,0.86602,0.86603,22
1779919680,0.86604,0.86604,0.86597,0.866,16
1779919740,0.866,0.866,0.86593,0.86593,28
1779919920,0.86595,0.86598,0.86592,0.86592,22
1779919980,0.86595,0.86596,0.86593,0.86594,32
1779920040,0.86595,0.86597,0.86595,0.86597,14
1779920100,0.86597,0.86599,0.86593,0.86593,20
1779920280,0.86593,0.86595,0.86593,0.86595,10
1779920340,0.86596,0.86597,0.86596,0.86597,4
1779920460,0.86593,0.86597,0.86593,0.86597,19
1779920580,0.86594,0.86595,0.86594,0.86595,4
1779920640,0.86594,0.86597,0.86594,0.86596,10
1779920760,0.86593,0.86596,0.86593,0.86596,26
1779920820,0.86594,0.86596,0.86593,0.86595,16
1779920880,0.86596,0.86596,0.86592,0.86593,28
1779920940,0.86595,0.86596,0.86594,0.86595,10
1779921120,0.86593,0.86595,0.86593,0.86593,12
1779921180,0.86595,0.86597,0.86595,0.86596,8
1779921360,0.86598,0.86598,0.86597,0.86598,7
1779921420,0.86597,0.86599,0.86597,0.86599,14
1779921480,0.866,0.86602,0.86599,0.86601,14
1779921540,0.866,0.86602,0.86596,0.86597,17
1779921600,0.86596,0.86598,0.86596,0.86597,20
1779921720,0.86593,0.86594,0.86591,0.86592,8
1779921780,0.86592,0.86594,0.86592,0.86593,8
1779921840,0.86591,0.86593,0.86587,0.86588,23
1779921900,0.86589,0.8659,0.86586,0.86587,44
1779921960,0.86586,0.86596,0.86586,0.86592,30
1779922080,0.86589,0.86589,0.86588,0.86588,12
1779922140,0.86594,0.86594,0.86592,0.86593,12
1779922200,0.86594,0.86595,0.8659,0.86592,29
1779922260,0.8659,0.8659,0.86582,0.86586,29
1779922320,0.86587,0.86587,0.86587,0.86587,1
1779922380,0.86588,0.86588,0.86581,0.86581,14
1779922440,0.86582,0.86582,0.86581,0.86582,14
1779922500,0.86583,0.86583,0.8658,0.8658,8
1779922620,0.86581,0.86582,0.8658,0.86581,15
1779922680,0.86582,0.86582,0.86581,0.86581,8
1779922740,0.8658,0.86581,0.8658,0.86581,10
1779922800,0.8658,0.86586,0.8658,0.86586,27
1779922860,0.86587,0.86587,0.86586,0.86586,3
1779922920,0.86583,0.86584,0.86583,0.86583,7
1779923040,0.86586,0.8659,0.86586,0.86589,17
1779923100,0.86589,0.86589,0.86589,0.86589,2
1779923160,0.86588,0.8659,0.86587,0.86589,24
1779923220,0.8659,0.8659,0.86588,0.86589,14
1779923280,0.86589,0.8659,0.86589,0.8659,3
1779923340,0.86588,0.8659,0.86588,0.86589,8
1779923400,0.86588,0.8659,0.86588,0.8659,17
1779923460,0.8659,0.86592,0.86589,0.8659,30
1779923520,0.86589,0.8659,0.86589,0.8659,4
1779923580,0.86589,0.86593,0.86589,0.86592,8
1779923640,0.86592,0.86592,0.86592,0.86592,2
1779923700,0.86592,0.86593,0.86592,0.86592,3
1779923760,0.86593,0.86593,0.8659,0.86591,27
1779923820,0.8659,0.86593,0.86589,0.86589,15
1779923880,0.8659,0.8659,0.86589,0.8659,17
1779923940,0.86588,0.86589,0.86588,0.86588,14
1779924000,0.8659,0.8659,0.86588,0.86588,25
1779924060,0.86589,0.86591,0.86585,0.86589,61
1779924120,0.86586,0.8659,0.86586,0.86589,50
1779924180,0.8659,0.86592,0.86589,0.8659,39
1779924240,0.8659,0.86592,0.86588,0.86591,24
1779924420,0.8659,0.86594,0.8659,0.86593,17
1779924480,0.86592,0.86593,0.86586,0.86589,29
1779924540,0.86589,0.86591,0.86585,0.86585,26
1779924600,0.86582,0.86591,0.8658,0.86591,48
1779924780,0.86587,0.86591,0.86586,0.86591,22
1779924840,0.86592,0.86593,0.86591,0.86591,15
1779924960,0.86597,0.86597,0.86594,0.86594,15
1779925020,0.86595,0.86595,0.86592,0.86592,17
1779925140,0.86595,0.86597,0.86594,0.86595,19
1779925260,0.86593,0.86596,0.86593,0.86595,18
1779925320,0.86596,0.86598,0.86595,0.86597,24
1779925380,0.86596,0.86599,0.86596,0.86599,19
1779925440,0.86599,0.866,0.86598,0.86598,24
1779925620,0.86599,0.86599,0.86598,0.86599,14
1779925680,0.86598,0.86599,0.86598,0.86598,14
1779925740,0.86599,0.86599,0.86597,0.86597,19
1779925860,0.86597,0.86597,0.86589,0.8659,23
1779925920,0.86589,0.86593,0.86588,0.86592,39
1779925980,0.86592,0.86594,0.8659,0.86592,24
1779926040,0.86591,0.86594,0.8659,0.86592,40
1779926100,0.86593,0.86593,0.86591,0.86592,34
1779926220,0.86591,0.86592,0.8659,0.86591,18
1779926280,0.86591,0.86592,0.8659,0.86592,18
1779926340,0.86593,0.86595,0.86592,0.86594,23
1779926400,0.86597,0.86597,0.86593,0.86595,88
1779926460,0.86596,0.86602,0.86594,0.86601,72
1779926520,0.86602,0.86602,0.86598,0.86599,62
1779926580,0.866,0.866,0.86598,0.866,29
1779926640,0.86599,0.86602,0.86599,0.86601,26
1779926700,0.86604,0.86604,0.866,0.86602,68
1779926760,0.86601,0.86606,0.86601,0.86606,38
1779926820,0.86606,0.86606,0.86604,0.86605,41
1779926880,0.86603,0.86606,0.86603,0.86606,30
1779926940,0.86604,0.86608,0.86604,0.86606,33
1779927000,0.86606,0.86608,0.86605,0.86606,29
1779927060,0.86606,0.86609,0.86606,0.86609,45
1779927120,0.86608,0.86609,0.86607,0.86609,20
1779927180,0.86608,0.86609,0.86607,0.86608,32
1779927240,0.86609,0.86611,0.86607,0.8661,35
1779927300,0.86611,0.86613,0.86609,0.86612,57
1779927360,0.86613,0.86613,0.86609,0.8661,30
1779927420,0.86609,0.86611,0.86609,0.8661,38
1779927480,0.86609,0.86611,0.86609,0.8661,32
1779927540,0.86611,0.86612,0.8661,0.86611,23
1779927660,0.8661,0.86613,0.86609,0.86609,30
1779927720,0.8661,0.86611,0.86608,0.8661,30
1779927780,0.86612,0.86614,0.8661,0.8661,57
1779927840,0.86611,0.86613,0.86609,0.86611,43
1779927900,0.8661,0.86614,0.86609,0.86613,89
1779927960,0.86614,0.86614,0.86612,0.86613,16
1779928020,0.86613,0.86616,0.86613,0.86616,17
1779928080,0.86617,0.86617,0.86613,0.86614,46
1779928140,0.86616,0.86618,0.86616,0.86617,40
1779928200,0.86617,0.86618,0.86615,0.86618,61
1779928260,0.86618,0.86619,0.86615,0.86618,48
1779928380,0.86616,0.86617,0.86615,0.86615,38
1779928440,0.86617,0.86618,0.86615,0.86617,30
1779928500,0.86617,0.86618,0.86616,0.86617,48
1779928560,0.86618,0.86618,0.86614,0.86614,23
1779928620,0.86615,0.86616,0.86614,0.86616,19
1779928680,0.86617,0.86617,0.86615,0.86615,21
1779928740,0.86615,0.86617,0.86614,0.86614,38
1779928860,0.86616,0.86617,0.86616,0.86617,24
1779928920,0.86617,0.8662,0.86616,0.86618,41
1779928980,0.86619,0.86624,0.86619,0.8662,43
1779929040,0.86621,0.86621,0.86618,0.8662,31
1779929100,0.86619,0.86622,0.86615,0.86622,63
1779929280,0.86624,0.86626,0.86623,0.86625,23
1779929340,0.86626,0.86628,0.86625,0.86626,12
1779929520,0.86627,0.86627,0.86625,0.86626,20
1779929580,0.86627,0.86628,0.86624,0.86626,34
1779929640,0.86626,0.86628,0.86626,0.86626,29
1779929700,0.86627,0.8663,0.86624,0.86629,58
1779929760,0.86627,0.86632,0.86627,0.8663,40
1779929880,0.86628,0.8663,0.86627,0.86629,39
1779929940,0.86628,0.86635,0.86627,0.86635,36
1779930000,0.86632,0.86637,0.86631,0.86636,42
1779930060,0.86635,0.86638,0.86634,0.86635,46
1779930120,0.86634,0.86638,0.86634,0.86634,32
1779930180,0.86635,0.86639,0.86634,0.86635,48
1779930240,0.86634,0.86636,0.8663,0.86632,41
1779930300,0.86633,0.86633,0.8663,0.86631,30
1779930420,0.86635,0.86639,0.86634,0.86637,42
1779930480,0.86638,0.86638,0.86631,0.86633,39
1779930540,0.86633,0.86635,0.86631,0.86633,38
1779930720,0.86635,0.86637,0.86634,0.86637,29
1779930780,0.86638,0.86639,0.86636,0.86637,29
1779930840,0.86638,0.86638,0.86635,0.86636,48
1779930900,0.86636,0.86638,0.86633,0.86635,83
1779930960,0.86634,0.86636,0.86634,0.86635,58
1779931080,0.86637,0.86638,0.86635,0.86637,41
1779931140,0.86639,0.86639,0.86637,0.86639,39
1779931200,0.86639,0.8664,0.86635,0.86637,52
1779931260,0.86638,0.86642,0.86637,0.86641,33
1779931320,0.86642,0.86642,0.86638,0.86638,62
1779931380,0.86639,0.8664,0.86638,0.86638,20
1779931440,0.86638,0.86639,0.86635,0.86635,38
1779931560,0.86639,0.8664,0.86637,0.86639,46
1779931620,0.86642,0.86642,0.86639,0.8664,49
1779931680,0.86642,0.86643,0.86641,0.86642,26
1779931740,0.86642,0.86642,0.86638,0.86638,36
1779931800,0.86639,0.86641,0.86635,0.86638,62
1779931920,0.86641,0.86645,0.86637,0.86641,54
1779931980,0.86641,0.86642,0.86639,0.8664,56
1779932040,0.86641,0.86641,0.86638,0.86639,65
1779932100,0.86638,0.86642,0.86638,0.86641,57
1779932160,0.86641,0.86644,0.8664,0.86644,40
1779932220,0.86643,0.86645,0.86643,0.86644,31
1779932280,0.86641,0.86643,0.86641,0.86642,46
1779932340,0.8664,0.86641,0.86639,0.8664,33
1779932400,0.86641,0.86645,0.86639,0.86644,59
1779932520,0.86644,0.86648,0.86644,0.86646,47
1779932580,0.86647,0.86648,0.86642,0.86648,47
1779932640,0.86646,0.8665,0.86646,0.8665,22
1779932700,0.86653,0.86656,0.86647,0.8665,87
1779932760,0.86649,0.86651,0.86646,0.8665,76
1779932820,0.86649,0.86651,0.86647,0.86649,62
1779932880,0.86649,0.8665,0.86645,0.86648,50
1779932940,0.86647,0.86649,0.86647,0.86649,22
1779933000,0.86647,0.86649,0.86644,0.86644,78
1779933060,0.86645,0.86647,0.86644,0.86645,54
1779933120,0.86647,0.86648,0.86645,0.86647,46
1779933180,0.86646,0.86648,0.86642,0.86647,109
1779933240,0.86647,0.86647,0.86642,0.86646,73
1779933420,0.86644,0.86647,0.86643,0.86646,38
1779933480,0.86647,0.86647,0.86645,0.86646,19
1779933540,0.86648,0.86652,0.86647,0.86651,56
1779933600,0.8665,0.86652,0.86644,0.86645,78
1779933660,0.86644,0.86645,0.8664,0.8664,66
1779933720,0.86641,0.86646,0.8664,0.8664,61
1779933840,0.8664,0.86642,0.86639,0.86641,61
1779933960,0.86639,0.86641,0.86639,0.8664,43
1779934020,0.86641,0.86645,0.8664,0.86643,57
1779934140,0.86643,0.86645,0.86642,0.86645,14
1779934260,0.8664,0.86643,0.86639,0.86643,28
1779934320,0.86644,0.86646,0.8664,0.86642,42
1779934380,0.86643,0.86643,0.8664,0.86642,35
1779934440,0.86644,0.86644,0.86642,0.86644,16
1779934500,0.86643,0.86644,0.86642,0.86643,25
1779934620,0.86645,0.86645,0.86641,0.86643,44
1779934680,0.86642,0.86642,0.8664,0.86642,26
1779934740,0.86643,0.86645,0.86643,0.86644,22
1779934860,0.86643,0.86643,0.8664,0.86642,40
1779934920,0.86643,0.86643,0.86638,0.8664,24
1779934980,0.86639,0.86641,0.86639,0.8664,12
1779935040,0.8664,0.86642,0.86638,0.8664,29
1779935100,0.86639,0.86641,0.86638,0.8664,27
1779935160,0.86639,0.8664,0.86638,0.86639,20
1779935220,0.8664,0.86641,0.86638,0.86641,18
1779935340,0.86638,0.86638,0.86636,0.86636,15
1779935400,0.86635,0.86637,0.86635,0.86636,37
1779935460,0.86636,0.86639,0.86636,0.86638,24
1779935520,0.86637,0.86639,0.86637,0.86639,20
1779935580,0.86639,0.86639,0.86637,0.86637,33
1779935640,0.86638,0.86638,0.86637,0.86638,54
1779935700,0.86637,0.86639,0.86636,0.86638,34
1779935820,0.86638,0.86639,0.86638,0.86639,27
1779935880,0.86638,0.86639,0.86636,0.86636,23
1779935940,0.86639,0.86641,0.86638,0.8664,33
1779936060,0.8664,0.86646,0.8664,0.86645,33
1779936180,0.86645,0.86645,0.86643,0.86644,18
1779936240,0.86644,0.86647,0.86644,0.86644,28
1779936300,0.86645,0.86647,0.86643,0.86643,39
1779936420,0.86644,0.86647,0.86643,0.86643,45
1779936480,0.86645,0.86646,0.86644,0.86644,27
1779936540,0.86645,0.86645,0.86644,0.86645,35
1779936600,0.86646,0.86647,0.86644,0.86645,30
1779936660,0.86645,0.86648,0.86642,0.86643,55
1779936720,0.86644,0.86646,0.86643,0.86646,31
1779936780,0.86644,0.86644,0.86643,0.86644,25
1779936840,0.86644,0.86646,0.86643,0.86645,26
1779936900,0.86644,0.86645,0.86643,0.86644,33
1779937020,0.86646,0.86648,0.86644,0.86648,21
1779937080,0.86646,0.86649,0.86646,0.86648,40
1779937140,0.86649,0.8665,0.86646,0.8665,48
1779937200,0.86647,0.86648,0.86645,0.86648,75
1779937260,0.86647,0.8665,0.86647,0.86649,85
1779937440,0.86653,0.86654,0.86653,0.86653,38
1779937500,0.86653,0.86653,0.86649,0.8665,46
1779937560,0.86649,0.86651,0.86649,0.86649,21
1779937620,0.86648,0.86648,0.86643,0.86644,21
1779937740,0.86646,0.86653,0.86646,0.8665,20
1779937860,0.86653,0.86656,0.86652,0.86655,16
1779937920,0.86655,0.86655,0.86651,0.86651,24
1779937980,0.86651,0.86656,0.86648,0.86655,42
1779938040,0.86655,0.86655,0.86646,0.86646,46
1779938100,0.86647,0.86647,0.86644,0.86646,71
1779938220,0.86642,0.86643,0.86637,0.8664,43
1779938280,0.86638,0.86641,0.86638,0.86641,24
1779938340,0.86642,0.86653,0.86641,0.8665,68
1779938400,0.86651,0.86653,0.86648,0.86651,76
1779938520,0.86652,0.86657,0.86652,0.86656,40
1779938580,0.86656,0.86656,0.86651,0.86653,35
1779938640,0.86652,0.86654,0.8665,0.8665,37
1779938760,0.86655,0.86655,0.86652,0.86653,56
1779938820,0.86654,0.86655,0.8665,0.8665,28
1779938880,0.86651,0.86652,0.86648,0.86652,24
1779938940,0.86651,0.86652,0.86645,0.86645,47
1779939000,0.86644,0.86652,0.86644,0.86652,69
1779939120,0.86651,0.86654,0.86646,0.86649,76
1779939180,0.86648,0.86653,0.86648,0.86652,58
1779939240,0.86655,0.86656,0.86652,0.86656,70
1779939360,0.86652,0.86656,0.86651,0.86656,60
1779939420,0.86657,0.86657,0.8665,0.86654,47
1779939480,0.8665,0.86664,0.8665,0.86664,50
1779939540,0.8666,0.86662,0.86654,0.8666,66
1779939600,0.8666,0.86663,0.86656,0.86659,77
1779939720,0.86662,0.86663,0.86659,0.86661,28
1779939780,0.86662,0.86668,0.86662,0.86666,56
1779939840,0.86668,0.8667,0.86665,0.86669,87
1779939900,0.86669,0.8667,0.86666,0.86667,75
1779939960,0.86668,0.86674,0.86666,0.86674,78
1779940080,0.86682,0.86684,0.86679,0.86682,46
1779940140,0.86682,0.86682,0.8668,0.86682,29
1779940200,0.86682,0.8669,0.86682,0.86684,93
1779940260,0.86685,0.86686,0.86683,0.86683,51
1779940320,0.8668,0.86684,0.86679,0.86683,51
1779940380,0.8668,0.86686,0.8668,0.86686,31
1779940440,0.86686,0.86686,0.86682,0.86683,48
1779940500,0.86684,0.86687,0.86678,0.86679,71
1779940560,0.86678,0.86679,0.86675,0.86675,52
1779940620,0.86676,0.86678,0.86673,0.86674,46
1779940680,0.86674,0.86678,0.86674,0.86677,59
1779940740,0.86676,0.86678,0.86674,0.86674,77
1779940800,0.86676,0.86679,0.86673,0.86679,78
1779940860,0.86678,0.86681,0.86676,0.86678,71
1779940920,0.86677,0.8668,0.86668,0.86668,64
1779941040,0.86671,0.86671,0.86666,0.86667,44
1779941160,0.86671,0.86671,0.86666,0.86669,77
1779941280,0.86663,0.86667,0.86662,0.86664,49
1779941340,0.86664,0.86666,0.86662,0.86662,37
1779941460,0.86663,0.86666,0.86663,0.86665,39
1779941520,0.86664,0.8667,0.86663,0.86669,49
1779941580,0.86666,0.86673,0.86666,0.86673,29
1779941640,0.86672,0.86675,0.86671,0.86673,63
1779941700,0.86674,0.86674,0.86665,0.86669,62
1779941760,0.8667,0.86672,0.86664,0.86665,58
1779941880,0.86669,0.8667,0.86663,0.86666,68
1779941940,0.86665,0.86666,0.86661,0.86664,72
1779942060,0.86667,0.86668,0.86663,0.86664,90
1779942180,0.86666,0.86666,0.8666,0.86661,37
1779942240,0.86662,0.86663,0.86654,0.86656,43
1779942300,0.86657,0.86661,0.86657,0.8666,51
1779942360,0.86659,0.86664,0.86659,0.86662,28
1779942420,0.86661,0.86663,0.86659,0.86662,54
1779942540,0.86661,0.86665,0.8666,0.86663,28
1779942600,0.86663,0.86664,0.86659,0.8666,58
1779942660,0.8666,0.8666,0.86656,0.86658,76
1779942720,0.86657,0.8666,0.86655,0.86659,47
1779942780,0.86657,0.86659,0.86655,0.86657,41
1779942840,0.86656,0.86657,0.86653,0.86655,49
1779942900,0.86657,0.86657,0.86654,0.86654,42
1779943020,0.86656,0.86657,0.86655,0.86657,18
1779943080,0.86657,0.86658,0.86656,0.86658,32
1779943140,0.86657,0.86659,0.86655,0.86659,34
1779943260,0.86653,0.86654,0.86651,0.86652,32
1779943320,0.86653,0.86658,0.86652,0.86658,52
1779943380,0.86657,0.86657,0.86652,0.86656,47
1779943440,0.86655,0.86655,0.8665,0.86655,25
1779943500,0.86654,0.86657,0.86653,0.86655,42
1779943620,0.86656,0.86658,0.86655,0.86656,20
1779943680,0.86655,0.86656,0.86653,0.86654,40
1779943740,0.86654,0.86655,0.86652,0.86652,39
1779943860,0.86652,0.86652,0.86648,0.86649,35
1779943920,0.86648,0.86655,0.86648,0.86655,36
1779943980,0.86655,0.86656,0.86652,0.86654,28
1779944040,0.86654,0.86654,0.86652,0.86653,30
1779944100,0.86652,0.86653,0.86648,0.86648,45
1779944220,0.8665,0.86652,0.86649,0.86651,23
1779944280,0.8665,0.86652,0.8665,0.86652,30
1779944340,0.86652,0.86654,0.86652,0.86652,28
1779944400,0.86651,0.86653,0.86648,0.86652,69
1779944460,0.86653,0.86657,0.86652,0.86652,30
1779944520,0.86651,0.86652,0.86651,0.86651,29
1779944580,0.86652,0.86654,0.86649,0.86649,32
1779944640,0.8665,0.86652,0.86647,0.86652,29
1779944700,0.86653,0.86653,0.86651,0.86653,26
1779944760,0.86652,0.86654,0.86651,0.86654,25
1779944820,0.86651,0.86651,0.86647,0.86649,37
1779944880,0.8665,0.86651,0.86646,0.86647,31
1779944940,0.86645,0.86648,0.86645,0.86647,24
1779945060,0.86642,0.86643,0.86641,0.86642,25
1779945120,0.86642,0.86642,0.86636,0.86637,30
1779945180,0.86638,0.86639,0.86635,0.86638,29
1779945240,0.86636,0.86638,0.86632,0.86634,33
1779945300,0.86634,0.86636,0.86632,0.86633,33
1779945480,0.86636,0.8664,0.86635,0.86637,33
1779945540,0.86636,0.86637,0.86632,0.86634,25
1779945660,0.86638,0.86644,0.86637,0.86643,32
1779945720,0.86643,0.86644,0.8664,0.86643,22
1779945780,0.86645,0.86648,0.86645,0.86648,42
1779946920,0.86604,0.86604,0.86601,0.86603,12
1779946980,0.86606,0.86606,0.86604,0.86605,24
1779947040,0.86607,0.86609,0.86607,0.86609,20
1779947100,0.8661,0.86613,0.8661,0.86612,31
1779947160,0.86612,0.86613,0.8661,0.86611,52
1779947220,0.86611,0.86612,0.86607,0.8661,71
1779947580,0.86608,0.86609,0.86608,0.86608,6
1779947640,0.86608,0.86612,0.86608,0.86609,35
1779947700,0.8661,0.8661,0.86608,0.86608,23
1779947760,0.86609,0.86609,0.86608,0.86608,4
1779947820,0.8661,0.8661,0.86608,0.86609,12
1779947880,0.86606,0.8661,0.86604,0.8661,63
1779947940,0.86611,0.86615,0.86608,0.86611,72
1779948000,0.86613,0.86617,0.86611,0.86611,110
1779948060,0.86612,0.86616,0.8661,0.86611,62
1779948120,0.8661,0.86615,0.8661,0.8661,32
1779948180,0.86611,0.86616,0.8661,0.86613,59
1779948240,0.86612,0.86616,0.8661,0.86613,49
1779948300,0.86612,0.86613,0.86604,0.8661,52
1779948420,0.8661,0.86615,0.8661,0.86615,40
1779948480,0.86616,0.86616,0.86612,0.86614,38
1779948540,0.86613,0.86616,0.86613,0.86615,22
1779948720,0.86616,0.86618,0.86614,0.86617,34
1779948780,0.86614,0.86619,0.86613,0.86614,58
1779948840,0.86612,0.86613,0.86606,0.86608,49
1779948900,0.86609,0.86614,0.86609,0.86612,60
1779949080,0.86611,0.86616,0.86611,0.86615,28
1779949140,0.86616,0.86618,0.86615,0.86616,25
1779949260,0.8662,0.86624,0.8662,0.86621,26
1779949320,0.86623,0.86623,0.86613,0.86615,60
1779949380,0.86614,0.86616,0.86611,0.86613,36
1779949560,0.86625,0.86627,0.86621,0.86622,30
1779949620,0.86624,0.86624,0.8662,0.86622,36
1779949680,0.86619,0.86622,0.86619,0.86622,30
1779949740,0.86621,0.86625,0.8662,0.8662,59
1779949800,0.86622,0.86622,0.86609,0.86609,90
1779949860,0.86608,0.86609,0.86589,0.86589,76
1779949920,0.8659,0.8659,0.86586,0.86588,64
1779949980,0.86587,0.86589,0.86582,0.86589,44
1779950040,0.86593,0.86599,0.86593,0.86595,46
1779950160,0.86593,0.86601,0.86593,0.86597,40
1779950220,0.86595,0.86596,0.86592,0.86595,51
1779950280,0.86595,0.86599,0.86595,0.86597,48
1779950340,0.86597,0.86597,0.86587,0.86587,49
1779950400,0.86592,0.86594,0.86589,0.86592,63
1779950460,0.86593,0.86594,0.86591,0.86591,25
1779950520,0.86591,0.86593,0.86581,0.86583,63
1779950580,0.86582,0.86588,0.86582,0.86587,35
1779950640,0.86587,0.8659,0.86582,0.86583,52
1779950700,0.86585,0.86585,0.8658,0.86583,42
1779950760,0.86581,0.86581,0.86573,0.86575,41
1779950880,0.86581,0.86584,0.86581,0.86581,40
1779950940,0.86585,0.86588,0.86585,0.86587,31
1779951000,0.86589,0.86589,0.86586,0.86586,46
1779951120,0.86597,0.86607,0.86597,0.86602,69
1779951180,0.86602,0.86605,0.86601,0.86605,46
1779951240,0.86606,0.86615,0.86604,0.86615,95
1779951360,0.86612,0.86619,0.86612,0.86618,38
1779951420,0.86621,0.86623,0.86618,0.86621,59
1779951480,0.86623,0.86624,0.86615,0.86617,58
1779951540,0.86614,0.86617,0.86612,0.86612,36
1779951600,0.86615,0.8662,0.86612,0.86612,107
1779951660,0.86614,0.86614,0.86606,0.86606,92
1779951720,0.86607,0.86611,0.86605,0.86608,54
1779951840,0.86608,0.86613,0.86608,0.86611,42
1779951960,0.86616,0.86622,0.86614,0.8662,43
1779952080,0.86618,0.86619,0.86612,0.86613,48
1779952140,0.86613,0.86615,0.86612,0.86613,51
1779952260,0.8661,0.86613,0.86604,0.86612,89
1779952320,0.86614,0.86622,0.86613,0.86622,75
1779952440,0.86623,0.86625,0.86622,0.86625,22
1779952620,0.86625,0.8663,0.86625,0.86629,45
1779952680,0.86629,0.86632,0.86628,0.86629,58
1779952740,0.86628,0.86635,0.86628,0.86634,63
1779952800,0.86634,0.86643,0.86634,0.86642,101
1779952920,0.86647,0.8665,0.86646,0.86649,48
1779952980,0.86646,0.86648,0.86637,0.86643,59
1779953040,0.86641,0.86642,0.86634,0.86634,38
1779953100,0.86636,0.86643,0.86635,0.86642,68
1779953160,0.86645,0.86655,0.86643,0.86655,36
1779953220,0.86653,0.86654,0.86646,0.86647,41
1779953280,0.86649,0.86649,0.86639,0.8664,56
1779953340,0.8664,0.86646,0.86639,0.86641,100
1779953400,0.86641,0.86643,0.86637,0.86638,93
1779953460,0.86638,0.86638,0.86626,0.86633,88
1779953520,0.86634,0.86636,0.86633,0.86634,66
1779953580,0.86635,0.86639,0.86631,0.86633,55
1779953640,0.86632,0.8664,0.86629,0.86639,79
1779953700,0.8664,0.86647,0.8664,0.86641,64
1779953760,0.86642,0.86645,0.86637,0.86637,60
1779953820,0.86638,0.86643,0.86636,0.86642,68
1779953880,0.86642,0.86647,0.8664,0.86642,76
1779953940,0.86643,0.86644,0.8664,0.86642,42
