time,open,high,low,close,volume
1779483360,3355.38,3355.82,3355.04,3355.82,202
1779483420,3355.82,3355.82,3355.82,3355.82,2
1779660120,3375.35,3376.65,3372.02,3375.11,291
1779660180,3375.42,3375.85,3373.76,3374.29,288
1779660240,3374.28,3378.52,3374.02,3377.53,300
1779660300,3376.9,3379.43,3376.36,3378.15,282
1779660360,3378.43,3381.49,3378.33,3379.78,273
1779660420,3379.77,3380.02,3376.78,3377.93,265
1779660480,3377.95,3379.29,3377.5,3378.07,254
1779660540,3378.06,3379.37,3377.38,3378.76,265
1779660600,3379.24,3380.96,3379.15,3380.7,268
1779660660,3380.79,3381.34,3378.83,3378.87,245
1779660720,3378.72,3379.03,3377.48,3377.67,240
1779660780,3377.66,3381.11,3377.66,3380.65,229
1779660840,3380.41,3380.6,3379.35,3379.63,241
1779660900,3379.76,3380.26,3379.13,3379.61,249
1779660960,3379.36,3379.9,3375.94,3376.23,270
1779661020,3376.33,3377.86,3375.27,3376.15,246
1779661080,3376.14,3376.28,3375.23,3375.8,217
1779661140,3375.79,3377.69,3375.71,3377.69,232
1779661200,3377.53,3379.6,3377.26,3378.88,199
1779661260,3378.65,3379.44,3378.28,3378.81,230
1779661320,3378.82,3379.12,3378.08,3378.22,190
1779661380,3378.24,3378.74,3378.09,3378.65,185
1779661440,3378.31,3379.83,3378.21,3378.99,158
1779661500,3378.99,3379.28,3378.18,3378.8,196
1779661560,3378.78,3378.91,3377.22,3377.54,211
1779661620,3377.53,3378.27,3375.26,3375.75,224
1779661680,3375.73,3376.49,3375.65,3376.33,209
1779661740,3376.15,3376.36,3375.67,3376.26,171
1779661800,3375.94,3379.8,3375.94,3379.49,239
1779661860,3379.47,3381.42,3379.26,3380.85,259
1779661920,3380.87,3382.09,3380.49,3381.59,225
1779661980,3381.3,3382.85,3381.14,3382.58,212
1779662040,3382.58,3382.64,3381.13,3381.4,165
1779662100,3381.41,3381.59,3380.73,3380.92,178
1779662160,3380.86,3381.78,3380.23,3381.66,211
1779662220,3381.64,3381.66,3380.78,3381.43,188
1779662280,3381.25,3381.37,3380.17,3380.46,187
1779662340,3380.44,3380.75,3380,3380.52,183
1779662400,3380.54,3380.56,3379.68,3380.13,172
1779662460,3380.22,3380.93,3379.89,3380.63,189
1779662520,3380.65,3380.89,3380.49,3380.49,143
1779662580,3380.54,3381,3379.67,3380.62,215
1779662640,3380.58,3381.01,3380.05,3380.87,181
1779662700,3380.95,3381.03,3380.56,3380.59,154
1779662760,3380.57,3382.87,3380.56,3382.66,201
1779662820,3382.67,3384.99,3382.67,3384.73,241
1779662880,3384.75,3385.91,3384.4,3384.98,229
1779662940,3384.93,3386.12,3384.87,3385.84,200
1779663000,3385.83,3385.88,3384.13,3384.21,211
1779663060,3384.18,3385.16,3383.96,3384.52,189
1779663120,3384.51,3384.57,3383.78,3384.04,185
1779663180,3383.98,3384.52,3383.91,3384.39,165
1779663240,3384.4,3384.68,3383.87,3384.17,164
1779663300,3384.15,3384.3,3383.86,3384.02,176
1779663360,3384.02,3384.24,3383.78,3384.23,136
1779663420,3384.25,3384.41,3384.04,3384.26,112
1779663480,3384.29,3385.37,3384.23,3385.04,154
1779663540,3385.06,3385.83,3384.93,3385.49,150
1779663600,3385.51,3387.4,3385.51,3386.58,246
1779663660,3386.63,3387.34,3386.5,3387.22,232
1779663720,3387.22,3387.51,3387.01,3387.21,175
1779663780,3387.28,3387.47,3387.1,3387.18,175
1779663840,3387.19,3387.31,3386.87,3386.9,132
1779663900,3386.7,3387.18,3386.6,3387.18,168
1779663960,3387.16,3387.38,3387.02,3387.38,162
1779664020,3387.39,3389.97,3387.21,3389.89,227
1779664080,3389.83,3391.25,3389.32,3390.8,186
1779664140,3390.85,3390.99,3390.16,3390.32,149
1779664200,3390.33,3391.94,3390.33,3391.81,172
1779664260,3391.8,3391.84,3390.56,3390.75,161
1779664320,3390.73,3392.24,3390.61,3392.07,187
1779664380,3392.06,3393.21,3391.47,3391.62,191
1779664440,3391.61,3391.96,3391.58,3391.82,151
1779664500,3391.92,3393.68,3391.88,3393.68,142
1779664560,3393.67,3394.09,3392.29,3392.59,177
1779664620,3392.62,3393.08,3392.58,3392.79,142
1779664680,3392.83,3392.83,3391.67,3391.94,159
1779664740,3391.95,3392.33,3391.4,3391.88,123
1779664800,3391.88,3392.62,3391.67,3392.53,116
1779664860,3392.99,3393.95,3392.69,3393.54,153
1779664920,3393.53,3393.56,3392.33,3392.33,133
1779664980,3392.29,3393.83,3392.08,3393.8,132
1779665040,3393.8,3394.38,3393.43,3393.71,153
1779665100,3393.7,3393.76,3391.97,3391.98,170
1779665160,3391.93,3392.46,3391.76,3391.95,166
1779665220,3391.81,3392.83,3391.76,3392.75,116
1779665280,3392.8,3394.87,3392.76,3394.01,160
1779665340,3393.96,3394.04,3392.59,3392.83,174
1779665400,3392.93,3394.64,3392.9,3394.07,173
1779665460,3394.11,3395.16,3394.11,3395.01,219
1779665520,3394.99,3395.21,3394.73,3395.02,178
1779665580,3395.01,3395.3,3394.97,3395.02,155
1779665640,3395.07,3395.43,3394.9,3395.15,155
1779665700,3395.12,3395.49,3394.93,3395.35,203
1779665760,3395.42,3395.55,3394.93,3395,188
1779665820,3395,3395.17,3394.86,3394.99,155
1779665880,3394.92,3395.57,3394.88,3395.39,142
1779665940,3395.27,3395.75,3395.18,3395.18,164
1779666000,3395.16,3395.53,3395.11,3395.31,184
1779666060,3395.33,3395.95,3395.2,3395.8,167
1779666120,3395.71,3396.31,3394.62,3394.87,199
1779666180,3394.89,3395.79,3394.85,3395.29,169
1779666240,3395.33,3395.67,3393.99,3394.4,167
1779666300,3394.46,3394.5,3393.21,3393.95,223
1779666360,3393.89,3394.75,3393.79,3393.79,221
1779666420,3393.98,3394.62,3393.6,3394.23,159
1779666480,3394.24,3394.89,3394.02,3394.87,184
1779666540,3395.19,3395.35,3394.3,3394.44,148
1779666600,3394.42,3394.42,3393.31,3393.36,165
1779666660,3393.31,3393.83,3393.31,3393.38,159
1779666720,3393.2,3393.5,3392.7,3393.06,202
1779666780,3393.32,3394.44,3393.32,3393.83,166
1779666840,3393.83,3393.89,3392.9,3393.27,159
1779666900,3393.06,3393.27,3392.29,3392.31,183
1779666960,3392.29,3393,3391.5,3391.51,200
1779667020,3391.91,3391.98,3390.3,3391.14,221
1779667080,3391.12,3391.39,3387.43,3387.62,231
1779667140,3387.45,3388.26,3386.86,3387.72,242
1779667200,3387.64,3390.53,3387.64,3389.94,279
1779667260,3389.81,3390.13,3387.76,3388.09,256
1779667320,3388.48,3389.13,3387.46,3388.94,248
1779667380,3388.79,3391.08,3388,3391.08,244
1779667440,3391.37,3391.37,3389.53,3389.63,226
1779667500,3389.55,3391.43,3389.21,3391.43,234
1779667560,3391.32,3393.2,3391.09,3391.5,237
1779667620,3391.72,3393.46,3391.56,3393.11,204
1779667680,3393.29,3393.29,3391.45,3391.45,191
1779667740,3391.61,3392.41,3391.41,3392.37,224
1779667800,3392.53,3393.98,3392.46,3393.72,241
1779667860,3393.93,3393.93,3392.95,3393.21,245
1779667920,3393.17,3393.62,3391.26,3391.54,225
1779667980,3391.64,3392.63,3390.57,3392.63,224
1779668040,3392.79,3393.18,3391.82,3392.06,224
1779668100,3392.1,3392.51,3391.21,3391.42,244
1779668160,3391.37,3392.8,3391.37,3392.56,231
1779668220,3392.33,3392.47,3390.23,3390.55,233
1779668280,3390.78,3391.57,3390.57,3391.24,214
1779668340,3391.21,3391.27,3390.72,3390.72,145
1779668400,3390.75,3391.17,3390.45,3390.65,203
1779668460,3390.69,3390.82,3390.04,3390.23,155
1779668520,3390.2,3391.33,3390.16,3391.33,221
1779668580,3391.33,3392.74,3391.28,3392.38,230
1779668640,3392.25,3392.96,3392.02,3392.96,206
1779668700,3392.99,3393.73,3391.35,3391.45,256
1779668760,3391.27,3391.82,3390.55,3391.69,219
1779668820,3391.64,3391.84,3390.55,3390.77,198
1779668880,3390.83,3391.07,3390.58,3390.75,143
1779668940,3390.77,3391.53,3390.69,3391.53,209
1779669000,3392.08,3393.25,3392.08,3393,236
1779669060,3392.88,3392.88,3391.83,3392.27,182
1779669120,3392.66,3392.83,3391.73,3392.41,174
1779669180,3392.41,3392.42,3391.41,3392.24,185
1779669240,3392.28,3393.14,3392.09,3392.99,172
1779669300,3392.89,3393.42,3392.2,3392.36,159
1779669360,3392.38,3392.76,3392.19,3392.66,183
1779669420,3392.87,3393.1,3392.31,3392.74,165
1779669480,3392.72,3393.95,3392.57,3393.91,183
1779669540,3393.89,3394.37,3393.31,3394.13,208
1779669600,3394.09,3394.1,3392.76,3393.29,187
1779669660,3393.15,3393.32,3392.67,3393.21,200
1779669720,3393.12,3393.37,3392.84,3393.06,184
1779669780,3393.26,3393.49,3391.71,3391.85,207
1779669840,3391.87,3391.97,3391.58,3391.96,189
1779669900,3392.08,3392.17,3391.44,3391.75,210
1779669960,3391.77,3392.17,3391.59,3392.13,168
1779670020,3391.9,3393.07,3391.57,3391.57,181
1779670080,3390.66,3392.26,3390.66,3391.86,188
1779670140,3391.85,3395.07,3391.79,3393.58,263
1779670200,3393.71,3394.25,3392.65,3393.03,252
1779670260,3393.01,3393.17,3391.7,3392.4,247
1779670320,3392.43,3392.54,3390.08,3390.33,244
1779670380,3390.3,3390.68,3389.78,3390.19,213
1779670440,3390.18,3391.62,3390.17,3391.04,245
1779670500,3390.71,3391.59,3389.59,3389.72,275
1779670560,3389.6,3390.3,3389.49,3390.3,269
1779670620,3390.28,3390.33,3388.98,3389.27,264
1779670680,3389.29,3390.68,3388.98,3389.5,281
1779670740,3389.4,3390.59,3388.01,3390.15,275
1779670800,3389.89,3394.17,3389.44,3390.11,325
1779670860,3390.2,3392.4,3388.41,3391.63,322
1779670920,3391.74,3392.14,3389.49,3389.55,302
1779670980,3389.51,3392.89,3388.82,3390.73,306
1779671040,3390.82,3391.06,3387.76,3388.62,307
1779671100,3388.7,3389.66,3387.8,3388.38,297
1779671160,3388.45,3389.25,3387.68,3388.85,305
1779671220,3388.8,3389.38,3384.37,3385.03,297
1779671280,3385.02,3385.98,3383.47,3383.86,301
1779671340,3383.97,3385.01,3383.5,3384.19,289
1779671400,3384.42,3386.89,3384.42,3384.82,299
1779671460,3384.86,3386.04,3384.55,3385.02,283
1779671520,3385.07,3385.82,3384.52,3384.52,281
1779671580,3384.42,3385.19,3384.32,3384.66,277
1779671640,3384.85,3386.23,3384.67,3385.36,287
1779671700,3385.3,3385.84,3382.85,3383.39,288
1779671760,3383.37,3385.15,3383.07,3384.66,275
1779671820,3384.73,3385.07,3383.62,3383.93,246
1779671880,3383.93,3384.69,3383.04,3384.46,269
1779671940,3384.56,3385.51,3383.92,3385.51,275
1779672000,3385.59,3386.36,3385.18,3385.77,276
1779672060,3385.74,3387.03,3385.07,3386.8,247
1779672120,3386.8,3387.65,3386.62,3387.52,245
1779672180,3387.55,3390.24,3387.49,3390.21,233
1779672240,3390.33,3390.44,3388.88,3389.48,243
1779672300,3389.49,3389.65,3388.57,3388.72,249
1779672360,3388.74,3389.08,3387.71,3388.22,284
1779672420,3388.2,3389.93,3388.13,3389.91,249
1779672480,3389.91,3391.13,3389.81,3390.11,257
1779672540,3390.07,3391.74,3389.82,3390.63,260
1779672600,3390.26,3391.23,3388.05,3388.13,290
1779672660,3388.14,3389.75,3387.93,3389.35,268
1779672720,3389.15,3389.78,3388.46,3389.35,268
1779672780,3389.3,3389.68,3388.93,3388.95,249
1779672840,3388.88,3389.27,3388.51,3388.59,236
1779672900,3388.6,3389.99,3388.48,3389.31,261
1779672960,3389.39,3389.92,3388.29,3388.41,245
1779673020,3388.45,3389.55,3388.17,3389.34,245
1779673080,3389.38,3389.38,3388.49,3388.96,198
1779673140,3388.96,3389.58,3388.64,3388.91,222
1779673200,3388.5,3389.16,3388.39,3388.79,201
1779673260,3388.87,3389.36,3387.34,3387.72,248
1779673320,3387.48,3387.99,3386.58,3386.75,283
1779673380,3386.72,3387.24,3386.06,3386.96,235
1779673440,3386.97,3387.05,3384.37,3384.46,253
1779673500,3384.45,3384.79,3383.43,3384.12,277
1779673560,3384.13,3384.13,3382.29,3382.65,257
1779673620,3382.4,3384.08,3382.13,3383.91,255
1779673680,3383.88,3385.69,3382.47,3385.4,264
1779673740,3385.41,3385.47,3383.61,3384.89,222
1779673800,3384.85,3385,3383.35,3385,256
1779673860,3385,3386.5,3384.9,3386.18,243
1779673920,3386.27,3386.51,3385.24,3386.06,212
1779673980,3386.09,3386.71,3385.7,3386.61,192
1779674040,3386.71,3387.88,3386.71,3387.29,234
1779674100,3387.35,3387.52,3386.3,3386.95,212
1779674160,3386.9,3387.04,3384.78,3384.96,234
1779674220,3385.01,3385.64,3384.67,3384.97,219
1779674280,3384.72,3384.99,3383.57,3384.45,241
1779674340,3384.47,3385.04,3384.42,3384.92,199
1779674400,3384.95,3385.7,3384.34,3385.48,231
1779674460,3385.47,3385.48,3384.82,3385.21,198
1779674520,3385.18,3386.39,3385.14,3385.24,208
1779674580,3385.26,3385.3,3384.06,3384.06,212
1779674640,3384.02,3384.87,3383.55,3384.47,224
1779674700,3384.52,3385.36,3384.14,3385.1,246
1779674760,3385.1,3386.24,3385.1,3386.17,237
1779674820,3386.26,3387.7,3386.07,3387.6,241
1779674880,3387.46,3387.85,3386.98,3387.73,238
1779674940,3387.7,3388.23,3387.46,3387.8,258
1779675000,3387.78,3387.97,3387.06,3387.52,224
1779675060,3387.51,3387.65,3386.8,3387.07,227
1779675120,3387.02,3387.18,3386.26,3386.33,224
1779675180,3386.43,3386.7,3385.26,3385.26,190
1779675240,3385.27,3385.59,3383.85,3384.22,249
1779675300,3384.45,3384.62,3384.05,3384.33,220
1779675360,3384.41,3384.48,3382.55,3382.67,229
1779675420,3382.68,3382.98,3382.18,3382.74,237
1779675480,3382.73,3383.73,3382.73,3383.51,207
1779675540,3383.49,3384.07,3383.26,3384.07,170
1779675600,3384.08,3384.13,3383.05,3383.38,174
1779675660,3383.62,3383.83,3383.25,3383.34,162
1779675720,3383.27,3383.53,3382.63,3382.72,173
1779675780,3382.72,3384.47,3382.65,3384.43,188
1779675840,3384.46,3385.02,3384.33,3384.51,181
1779675900,3384.53,3384.53,3383.54,3383.77,201
1779675960,3383.75,3384.06,3383.41,3383.9,167
1779676020,3383.9,3384.09,3382.71,3382.71,145
1779676080,3382.72,3383.94,3382.67,3383.83,174
1779676140,3383.8,3384.76,3383.6,3384.64,182
1779676200,3384.85,3384.85,3383.89,3384.84,257
1779676260,3384.85,3385.12,3383.96,3384.65,229
1779676320,3384.67,3385.27,3384.4,3385.19,173
1779676380,3385.24,3386.69,3385.24,3386.37,205
1779676440,3386.38,3386.45,3384.72,3385.42,209
1779676500,3385.34,3386.11,3383.97,3384.71,265
1779676560,3384.7,3384.89,3384.25,3384.33,202
1779676620,3384.4,3386.25,3384.4,3386.2,233
1779676680,3386.2,3386.23,3384.54,3385.36,225
1779676740,3385.39,3386.61,3384.54,3386.54,213
1779676800,3386.55,3388.05,3386.28,3388.05,274
1779676860,3388.06,3388.32,3386.94,3387.63,212
1779676920,3387.68,3388.23,3387.28,3387.97,191
1779676980,3387.94,3389.22,3387.58,3388.59,207
1779677040,3388.53,3389.74,3388.21,3389.69,211
1779677100,3389.72,3390.22,3388.67,3388.76,214
1779677160,3388.66,3389.29,3388.12,3389.12,221
1779677220,3389.1,3389.1,3387.7,3388.14,223
1779677280,3387.98,3388.01,3384.59,3385.7,255
1779677340,3385.63,3385.76,3384.86,3385.35,192
1779677400,3385.41,3386.33,3385.41,3385.93,199
1779677460,3385.93,3386.25,3385.91,3386.07,173
1779677520,3386.06,3386.81,3386.01,3386.37,182
1779677580,3386.39,3386.52,3385.9,3385.98,162
1779677640,3385.97,3386.09,3384.88,3384.88,198
1779677700,3384.88,3384.89,3384,3384.02,214
1779677760,3384.01,3384.84,3383.32,3384.66,273
1779677820,3384.54,3385.93,3384.2,3385.46,208
1779677880,3385.48,3385.63,3384.43,3384.5,195
1779677940,3384.47,3384.64,3383.44,3384.56,249
1779678000,3384.6,3386.39,3384.6,3385.47,267
1779678060,3385.44,3385.89,3385.31,3385.63,205
1779678120,3385.64,3386.34,3384.69,3385.4,242
1779678180,3385.26,3386.41,3385.12,3385.99,233
1779678240,3386.04,3386.43,3385.11,3386.29,206
1779678300,3386.31,3386.47,3384.33,3384.86,235
1779678360,3385.01,3385.36,3384.97,3385.24,185
1779678420,3385.22,3386.3,3385.19,3385.84,209
1779678480,3385.73,3386.08,3385.42,3385.79,212
1779678540,3385.91,3386.36,3385.2,3386.23,186
1779678600,3386.24,3386.27,3385.65,3385.95,157
1779678660,3385.93,3386.46,3385.66,3386.44,186
1779678720,3386.37,3386.6,3385.85,3386.16,198
1779678780,3386.14,3386.2,3385.44,3385.55,179
1779678840,3385.52,3386.21,3385.07,3386.2,207
1779678900,3386.22,3386.22,3385.53,3385.68,216
1779678960,3385.69,3385.97,3385.47,3385.62,191
1779679020,3385.6,3386.24,3385.45,3386.24,210
1779679080,3386.18,3386.42,3385.6,3385.69,188
1779679140,3385.55,3385.83,3385.07,3385.46,205
1779679200,3385.45,3386.24,3384.96,3385.66,222
1779679260,3385.69,3386.56,3385.69,3386.05,249
1779679320,3386.13,3386.33,3385.53,3386.26,204
1779679380,3386.33,3386.33,3385.63,3385.66,198
1779679440,3385.63,3385.74,3384.69,3384.74,218
1779679500,3384.74,3384.76,3384.2,3384.69,174
1779679560,3384.77,3385.12,3383.84,3384.33,202
1779679620,3384.3,3384.67,3383.91,3384.63,185
1779679680,3384.61,3384.78,3383.93,3384.07,200
1779679740,3384.1,3384.61,3383.86,3384.17,213
1779679800,3384.14,3384.45,3383.37,3383.51,193
1779679860,3383.42,3385.21,3383.42,3384.59,230
1779679920,3384.57,3384.67,3384.1,3384.19,167
1779679980,3384.2,3384.82,3383.77,3384.72,175
1779680040,3384.67,3384.96,3384.53,3384.54,128
1779680100,3384.52,3385.97,3384.52,3384.88,218
1779680160,3384.94,3385.31,3384.61,3385.08,193
1779680220,3385.16,3386.17,3384.99,3385.49,183
1779680280,3385.58,3386.19,3385.4,3385.83,157
1779680340,3385.92,3386.07,3385.02,3385.67,215
1779680400,3385.67,3385.67,3384.16,3384.24,198
1779680460,3384.25,3384.51,3383.83,3384.28,153
1779680520,3384.26,3384.28,3383.87,3383.97,176
1779680580,3383.96,3384.15,3383.47,3383.55,158
1779680640,3383.53,3383.57,3382.31,3382.56,172
1779680700,3382.56,3383.13,3382.36,3383.13,149
1779680760,3383.15,3383.25,3381.73,3382.05,203
1779680820,3382.07,3383.12,3381.88,3382.82,183
1779680880,3382.74,3382.88,3382.3,3382.88,164
1779680940,3382.91,3383.03,3382.46,3382.9,122
1779681000,3382.85,3383.37,3382.68,3382.87,149
1779681060,3382.88,3383.14,3381.37,3382.51,209
1779681120,3382.51,3383.21,3382.51,3383.14,161
1779681180,3383.11,3383.4,3382.92,3382.93,174
1779681240,3382.95,3383.98,3382.47,3383.96,183
1779681300,3383.94,3384.13,3383.72,3384.01,158
1779681360,3384.11,3385,3384,3384.81,235
1779681420,3384.8,3384.8,3384.03,3384.54,198
1779681480,3384.53,3384.89,3384.33,3384.87,161
1779681540,3384.82,3384.82,3383.74,3383.88,170
1779681600,3383.89,3384.33,3383.77,3383.87,198
1779681660,3383.87,3385.35,3383.87,3384.96,183
1779681720,3385.01,3385.54,3384.68,3385.26,191
1779681780,3385.25,3385.25,3384.97,3385.22,158
1779681840,3385.23,3385.23,3384.59,3384.65,146
1779681900,3384.65,3385.24,3384.6,3384.91,155
1779681960,3384.92,3385.24,3384.82,3385.13,134
1779682020,3385.08,3385.43,3385.01,3385.29,131
1779682080,3385.31,3385.31,3384.62,3384.88,146
1779682140,3384.7,3385.38,3384.66,3385.33,137
1779682200,3385.31,3385.55,3385.18,3385.52,115
1779682260,3385.56,3385.82,3385.3,3385.38,171
1779682320,3385.31,3385.56,3385.07,3385.09,181
1779682380,3385.1,3385.22,3384.12,3384.12,191
1779682440,3384.15,3385,3384.08,3384.72,146
1779682500,3384.74,3384.74,3384.11,3384.42,167
1779682560,3384.48,3384.94,3384.45,3384.91,133
1779682620,3384.84,3385.57,3384.84,3385.26,125
1779682680,3385.27,3385.42,3384.9,3385.15,152
1779682740,3385.24,3385.45,3384.94,3384.96,135
1779682800,3384.98,3385.84,3384.97,3385.63,145
1779682860,3385.23,3387.19,3385.23,3386.2,201
1779682920,3386.18,3386.88,3386,3386.78,175
1779682980,3386.8,3387.02,3386.67,3386.95,128
1779683040,3386.97,3387.2,3386.57,3387.07,151
1779683100,3387.05,3388.14,3387.05,3387.68,175
1779683160,3387.65,3387.73,3386.97,3386.97,131
1779683220,3387.06,3387.2,3386.86,3387.14,97
1779683280,3387.14,3387.52,3386.89,3387.3,137
1779683340,3387.28,3387.53,3387.12,3387.53,120
1779683400,3387.5,3387.64,3385.64,3386.41,136
1779683460,3386.42,3386.77,3385.41,3385.94,185
1779683520,3386,3386.01,3384.92,3384.93,210
1779683580,3384.94,3385.36,3384.08,3384.35,206
1779683640,3384.39,3384.52,3383.48,3383.54,184
1779683700,3383.54,3384.62,3382.87,3384.28,180
1779683760,3384.24,3384.49,3383.88,3384.26,130
1779683820,3384.17,3384.19,3382.96,3382.97,144
1779683880,3382.98,3384.5,3382.6,3384.05,146
1779683940,3384.07,3384.66,3383.71,3384.47,147
1779684000,3384.45,3384.92,3383.69,3384.49,177
1779684060,3384.47,3384.74,3383.75,3384.47,120
1779684120,3384.5,3384.5,3383.5,3383.97,97
1779684180,3383.96,3383.96,3383.67,3383.82,113
1779684240,3383.82,3384.43,3383.65,3384.34,122
1779684300,3384.37,3384.53,3384.27,3384.44,98
1779684360,3384.46,3384.83,3384.27,3384.8,84
1779684420,3384.67,3385.13,3384.55,3385.08,93
1779684480,3385.1,3385.41,3385.1,3385.34,134
1779684540,3385.33,3385.45,3385.15,3385.19,104
1779684600,3385.17,3385.17,3384.74,3384.95,128
1779684660,3384.97,3385.83,3384.9,3385.79,146
1779684720,3385.8,3385.86,3385.34,3385.56,163
1779684780,3385.59,3385.65,3385.34,3385.35,120
1779684840,3385.37,3385.44,3384.9,3384.94,117
1779684900,3384.95,3385.55,3384.74,3385.4,191
1779684960,3385.38,3385.71,3384.97,3385.14,149
1779685020,3385.18,3385.4,3385.02,3385.09,145
1779685080,3385.09,3385.41,3384.85,3385.41,135
1779685140,3385.35,3385.69,3385.09,3385.56,145
1779685200,3385.62,3385.62,3384.18,3384.23,200
1779685260,3384.33,3385.38,3384.33,3385.24,151
1779685320,3385.19,3385.77,3385.11,3385.62,167
1779685380,3385.61,3386,3385.6,3385.91,136
1779685440,3385.86,3385.99,3385.76,3385.89,121
1779685500,3385.9,3385.93,3384.93,3385.16,135
1779685560,3385.19,3385.23,3384.78,3385,109
1779685620,3385.02,3385.26,3384.41,3385.11,137
1779685680,3385.11,3385.4,3384.86,3384.9,133
1779685740,3384.92,3385.01,3384.61,3384.65,134
1779685800,3384.65,3384.77,3384.37,3384.4,136
1779685860,3384.35,3384.35,3383.63,3383.65,187
1779685920,3383.71,3384,3383.63,3383.89,205
1779685980,3383.77,3384.16,3383.3,3383.71,148
1779686040,3383.71,3384,3383.55,3383.88,131
1779686100,3383.87,3384.02,3383.58,3383.81,118
1779686160,3383.83,3383.85,3383.48,3383.51,123
1779686220,3383.57,3383.63,3382.86,3383.3,143
1779686280,3383.3,3383.55,3383.13,3383.46,151
1779686340,3383.51,3383.63,3383.29,3383.4,116
1779686400,3383.41,3383.52,3381.3,3381.59,167
1779686460,3381.31,3381.36,3380.13,3380.43,218
1779686520,3380.48,3380.6,3379.74,3379.78,150
1779686580,3379.8,3380.04,3378.85,3379.03,198
1779686640,3379.11,3379.36,3378.61,3378.8,166
1779686700,3378.78,3379.19,3377.8,3378.84,193
1779686760,3378.86,3379.03,3377.96,3378.48,186
1779686820,3378.48,3378.58,3377.48,3377.75,133
1779686880,3377.77,3378.18,3377.48,3377.49,180
1779686940,3377.51,3377.51,3376.78,3376.82,183
1779687000,3376.8,3377.08,3375.84,3376.24,283
1779687060,3376.24,3377.53,3376,3376.41,258
1779687120,3376.4,3378.25,3376.07,3378.25,246
1779687180,3378.13,3379.28,3378.06,3378.9,202
1779687240,3378.87,3380.53,3378.83,3379.33,211
1779687300,3379.55,3380.08,3379.27,3380.05,183
1779687360,3380.12,3381.58,3379.94,3381.58,206
1779687420,3381.57,3381.57,3380.51,3380.65,206
1779687480,3380.66,3380.82,3379.93,3380.24,192
1779687540,3380.27,3380.93,3380.27,3380.85,213
1779687600,3380.83,3381.83,3379.73,3380.13,216
1779687660,3380.1,3381.02,3378.98,3379.1,214
1779687720,3379.11,3379.9,3378.98,3379.51,169
1779687780,3379.51,3379.87,3377.93,3378.31,197
1779687840,3378.29,3378.87,3377.53,3378.81,204
1779687900,3378.8,3379.25,3378.57,3379.1,216
1779687960,3379.09,3379.17,3378.1,3378.1,193
1779688020,3378.17,3378.63,3377.83,3378.61,183
1779688080,3378.6,3378.81,3378.28,3378.81,173
1779688140,3378.85,3378.91,3377.23,3377.4,255
1779688200,3377.44,3377.75,3375.03,3375.03,225
1779688260,3375.01,3377.51,3375,3377.13,246
1779688320,3377.11,3377.48,3376.57,3376.75,233
1779688380,3376.71,3377.51,3376.59,3377.18,218
1779688440,3377.03,3377.47,3376.75,3376.75,191
1779688500,3376.8,3377.67,3376.22,3377.65,215
1779688560,3377.62,3377.9,3377.5,3377.65,195
1779688620,3377.5,3378.62,3377.48,3378.4,185
1779688680,3378.4,3378.96,3378.31,3378.7,194
1779688740,3378.65,3378.77,3377.25,3377.25,204
1779688800,3377,3378.42,3376.99,3378.1,269
1779688860,3378.09,3379.23,3377.82,3378.41,264
1779688920,3378.45,3378.52,3377.72,3378.15,243
1779688980,3378.15,3378.22,3377.73,3377.81,224
1779689040,3377.75,3377.99,3377.27,3377.45,226
1779689100,3377.45,3377.45,3375.06,3376.6,253
1779689160,3376.6,3377.88,3376.53,3377.69,199
1779689220,3377.66,3377.9,3376.63,3377.09,236
1779689280,3377.1,3377.29,3376.6,3376.6,225
1779689340,3376.61,3376.72,3375.73,3376.71,212
1779689400,3376.69,3376.69,3375.99,3376.03,209
1779689460,3376.06,3376.66,3375.63,3376.51,200
1779689520,3376.5,3376.72,3376.13,3376.49,188
1779689580,3376.47,3377.57,3376.25,3377.56,212
1779689640,3377.57,3377.63,3377.19,3377.37,187
1779689700,3377.3,3377.67,3376.78,3377.29,204
1779689760,3377.33,3377.53,3376.94,3377.14,193
1779689820,3377.16,3378.06,3377.16,3377.77,205
1779689880,3377.79,3378.59,3377.37,3378.39,210
1779689940,3378.44,3379.06,3378.38,3378.48,198
1779690000,3378.51,3378.65,3377.81,3378.01,223
1779690060,3377.98,3378.35,3377.42,3377.86,215
1779690120,3377.89,3378.99,3377.89,3378.96,197
1779690180,3378.96,3378.98,3378.6,3378.6,215
1779690240,3378.62,3379.84,3378.62,3379.57,226
1779690300,3379.58,3379.68,3379.16,3379.35,242
1779690360,3379.4,3380.19,3379.37,3380,188
1779690420,3380.03,3380.16,3378.91,3378.94,220
1779690480,3378.9,3378.99,3378.43,3378.92,186
1779690540,3378.93,3378.95,3378.31,3378.4,237
1779690600,3378.42,3379.23,3378.19,3379.23,225
1779690660,3379.11,3379.76,3378.96,3379.53,231
1779690720,3379.53,3379.56,3378.32,3378.35,197
1779690780,3378.37,3379.2,3378.32,3378.32,180
1779690840,3378.36,3378.62,3378.1,3378.44,194
1779690900,3378.41,3379.06,3378.05,3378.77,225
1779690960,3378.7,3378.81,3378.34,3378.73,180
1779691020,3378.78,3379.76,3378.66,3378.68,238
1779691080,3378.67,3378.72,3378.19,3378.65,146
1779691140,3378.54,3378.54,3378.29,3378.4,183
1779691200,3378.39,3379.46,3378.39,3379.46,165
1779691260,3379.63,3380.03,3379.43,3379.73,177
1779691320,3379.75,3379.9,3379.16,3379.17,216
1779691380,3379.17,3379.59,3379.13,3379.43,203
1779691440,3379.43,3379.82,3379.23,3379.76,182
1779691500,3379.7,3380.43,3379.56,3380.04,160
1779691560,3380.03,3380.33,3379.73,3380.11,209
1779691620,3380.11,3381.09,3380.07,3380.58,202
1779691680,3380.55,3380.8,3379.81,3380.1,212
1779691740,3380.1,3380.53,3379.88,3380.01,185
1779691800,3380.11,3381.24,3379.91,3380.74,214
1779691860,3380.61,3380.61,3379.71,3380.03,195
1779691920,3380.03,3380.07,3378.99,3379.33,237
1779691980,3379.28,3380.03,3378.67,3379.86,231
1779692040,3379.8,3380.63,3379.75,3380.25,239
1779692100,3380.17,3381.37,3380.03,3380.99,226
1779692160,3381.01,3382.36,3380.83,3382.36,199
1779692220,3382.24,3382.89,3381.95,3382.81,232
1779692280,3382.85,3383.51,3382.28,3383.4,231
1779692340,3383.35,3383.73,3382.88,3383.04,234
1779692400,3383.12,3383.31,3382.5,3383.24,241
1779692460,3383.21,3383.65,3382.82,3383.3,224
1779692520,3383.29,3384.94,3382.79,3384.44,242
1779692580,3384.44,3385.17,3384.06,3384.19,228
1779692640,3384.12,3384.61,3383.75,3384.57,205
1779692700,3384.57,3385.02,3384.36,3384.36,223
1779692760,3384.33,3384.68,3383.61,3384.05,247
1779692820,3383.99,3384.51,3383.89,3384.42,194
1779692880,3384.4,3384.45,3383.82,3384.22,192
1779692940,3384.23,3384.39,3383.9,3384.05,231
1779693000,3383.94,3385.23,3383.94,3385.15,195
1779693060,3385.17,3385.53,3385.13,3385.29,216
1779693120,3385.27,3385.58,3384.62,3384.78,181
1779693180,3384.86,3384.86,3383.27,3383.45,235
1779693240,3383.45,3383.48,3382.74,3382.81,187
1779693300,3382.85,3382.85,3382.22,3382.41,206
1779693360,3382.31,3383.14,3382.31,3382.76,207
1779693420,3382.75,3383.36,3382.73,3383.31,239
1779693480,3383.22,3383.27,3379.71,3380.42,295
1779693540,3380.27,3382.37,3379.99,3381.33,295
1779693600,3381.34,3381.49,3379.22,3379.55,273
1779693660,3379.57,3380.02,3378.99,3379.8,262
1779693720,3379.82,3381.27,3379.8,3380.94,273
1779693780,3380.96,3381.05,3379.88,3380.32,240
1779693840,3380.33,3381.3,3380.29,3380.89,252
1779693900,3380.91,3381.09,3380.03,3380.99,251
1779693960,3381.09,3381.93,3380.93,3381.9,231
1779694020,3381.91,3382.02,3381.09,3381.51,225
1779694080,3381.53,3381.72,3381.49,3381.63,160
1779694140,3381.57,3381.78,3379.91,3380.18,215
1779694200,3380.2,3380.66,3380.01,3380.37,223
1779694260,3380.19,3380.91,3380.18,3380.88,215
1779694320,3380.89,3382.37,3380.43,3382.01,215
1779694380,3381.84,3384.04,3381.65,3383.35,300
1779694440,3383.39,3383.39,3382.7,3383.1,256
1779694500,3383,3383.37,3382.67,3382.73,220
1779694560,3382.77,3382.81,3382.1,3382.26,205
1779694620,3382.27,3382.32,3381.48,3381.69,165
1779694680,3381.7,3382.11,3381.53,3381.94,205
1779694740,3381.96,3382.75,3381.91,3382.64,192
1779694800,3382.67,3383.44,3382.5,3382.84,161
1779694860,3382.85,3383.6,3382.76,3383.18,202
1779694920,3383.19,3383.37,3382.63,3383.35,179
1779694980,3383.36,3383.59,3383.23,3383.33,139
1779695040,3383.36,3384.09,3383.36,3383.51,201
1779695100,3383.53,3383.65,3383.06,3383.51,173
1779695160,3383.53,3384.24,3382.79,3384.1,211
1779695220,3384.1,3384.28,3383.74,3383.91,187
1779695280,3383.96,3384.59,3383.84,3384.5,140
1779695340,3384.51,3384.7,3384.3,3384.67,177
1779695400,3384.65,3385.3,3384.34,3385.25,204
1779695460,3385.28,3386.18,3385.17,3386.05,182
1779695520,3386.05,3386.24,3385.67,3385.87,209
1779695580,3385.89,3386.26,3385.49,3386.19,157
1779695640,3386.08,3386.73,3385.84,3385.98,190
1779695700,3385.95,3386.24,3385.35,3385.74,161
1779695760,3385.7,3386.26,3385.6,3386.21,185
1779695820,3386.23,3386.23,3385.24,3385.26,182
1779695880,3385.29,3385.87,3384.63,3385.67,205
1779695940,3385.69,3385.7,3385.16,3385.19,169
1779696000,3385.15,3385.5,3384.27,3385.13,249
1779696060,3385.12,3386.12,3385.09,3385.8,197
1779696120,3385.83,3386.15,3385.72,3385.83,221
1779696180,3385.85,3385.85,3384.78,3385.29,229
1779696240,3385.28,3385.28,3384.44,3384.51,193
1779696300,3384.49,3384.59,3382.67,3382.72,195
1779696360,3382.42,3383.01,3382.27,3382.54,231
1779696420,3382.56,3382.88,3382.26,3382.3,168
1779696480,3382.3,3382.3,3381.88,3381.97,127
1779696540,3381.98,3382.29,3381.8,3381.85,201
1779696600,3381.87,3381.92,3381.02,3381.15,189
1779696660,3381.17,3381.37,3380.46,3380.75,175
1779696720,3380.73,3381.41,3380.66,3381.39,163
1779696780,3381.4,3382.05,3381.35,3382.03,146
1779696840,3381.98,3382.34,3381.82,3381.82,163
1779696900,3381.83,3381.95,3381.37,3381.52,168
1779696960,3381.59,3381.59,3381.33,3381.43,165
1779697020,3381.45,3382,3381.45,3381.94,100
1779697080,3381.92,3381.92,3381.19,3381.2,156
1779697140,3381.2,3381.56,3380.77,3381.46,137
1779697200,3381.57,3381.57,3380.41,3380.46,163
1779697260,3380.48,3380.53,3379.15,3379.88,182
1779697320,3379.89,3380.01,3378.81,3379.1,205
1779697380,3379.08,3379.08,3377.99,3378.18,186
1779697440,3378.2,3378.24,3377.54,3377.54,220
1779697500,3377.6,3377.84,3376.76,3377.73,221
1779697560,3377.73,3377.97,3376.32,3376.54,252
1779697620,3376.71,3377.84,3376.58,3376.83,223
1779697680,3376.69,3377.58,3376.36,3377.38,243
1779697740,3377.39,3377.95,3376.73,3377.24,211
1779697800,3377.3,3378.27,3376.78,3378.27,226
1779697860,3378.3,3379.04,3377.65,3377.89,160
1779697920,3377.89,3378.41,3377.87,3378.34,151
1779697980,3378.39,3378.55,3377.7,3378.02,164
1779698040,3378.04,3378.16,3377.72,3378.02,158
1779698100,3378.12,3378.71,3378.04,3378.27,172
1779698160,3378.25,3378.42,3376.84,3377.18,213
1779698220,3377.16,3377.97,3376.75,3377.64,191
1779698280,3377.66,3377.85,3377.5,3377.63,175
1779698340,3377.68,3377.8,3377.2,3377.68,148
1779698400,3377.67,3377.83,3376.93,3377.24,175
1779698460,3377.03,3377.51,3377.03,3377.31,183
1779698520,3377.33,3377.52,3376.82,3376.91,131
1779698580,3376.9,3377.07,3376.73,3376.79,149
1779698640,3376.76,3377.14,3376.19,3377.07,189
1779698700,3377.08,3377.24,3376.3,3376.62,199
1779698760,3376.59,3377.25,3376.32,3376.86,181
1779698820,3376.83,3377.03,3376.62,3376.63,180
1779698880,3376.61,3376.78,3376.03,3376.15,169
1779698940,3376.13,3376.75,3376.05,3376.3,175
1779699000,3376.28,3376.76,3376.07,3376.37,179
1779699060,3376.37,3377.28,3376.24,3377.27,144
1779699120,3377.28,3377.76,3376.96,3377.59,173
1779699180,3377.6,3378.06,3377.57,3377.73,171
1779699240,3377.75,3377.75,3377.14,3377.33,162
1779699300,3377.34,3377.87,3377.34,3377.41,156
1779699360,3377.4,3377.84,3377.25,3377.49,140
1779699420,3377.47,3377.71,3376.83,3376.91,134
1779699480,3376.92,3376.93,3376.55,3376.71,166
1779699540,3376.73,3376.73,3376.43,3376.56,128
1779699600,3376.59,3376.85,3376.14,3376.7,134
1779699660,3376.72,3377.44,3376.63,3376.95,179
1779699720,3376.94,3377.72,3376.93,3377.49,153
1779699780,3377.46,3378.38,3377.46,3378.1,135
1779699840,3378.16,3378.2,3377.16,3377.17,168
1779699900,3377.29,3377.34,3376.48,3376.62,158
1779699960,3376.62,3376.69,3376.4,3376.58,133
1779700020,3376.61,3377.15,3376.61,3376.77,85
1779700080,3376.82,3376.97,3376.68,3376.8,134
1779700140,3376.86,3376.86,3375.63,3375.65,180
1779700200,3375.71,3376.35,3375.6,3376.21,163
1779700260,3376.22,3376.78,3376.21,3376.54,125
1779700320,3376.54,3376.81,3376.33,3376.79,105
1779700380,3376.76,3377.3,3376.76,3376.88,125
1779700440,3376.8,3376.96,3376.23,3376.31,123
1779700500,3376.28,3376.78,3376.23,3376.75,121
1779700560,3376.76,3377.06,3376.59,3376.84,165
1779700620,3376.77,3376.95,3376.63,3376.85,110
1779700680,3376.89,3376.92,3376.64,3376.87,89
1779700740,3376.87,3377.52,3376.75,3376.8,169
1779700800,3376.84,3376.88,3376.08,3376.8,166
1779700860,3376.79,3376.82,3376.49,3376.55,105
1779700920,3376.55,3377.01,3376.54,3376.75,129
1779700980,3376.77,3376.89,3376.35,3376.4,136
1779701040,3376.4,3376.97,3376.31,3376.92,145
1779701100,3376.95,3377.18,3376.83,3377.14,145
1779701160,3377.15,3377.51,3377.07,3377.13,125
1779701220,3377.1,3377.17,3377.01,3377.11,129
1779701280,3377.12,3377.61,3377.03,3377.61,144
1779701340,3377.89,3378.62,3377.81,3378.58,168
1779701400,3378.57,3379.1,3378.28,3379.09,187
1779701460,3379.04,3379.91,3378.95,3379.87,165
1779701520,3379.89,3380.48,3379.48,3380.23,194
1779701580,3380.14,3381.42,3380.14,3381.4,201
1779701640,3381.42,3382.88,3381.33,3382.88,232
1779701700,3382.84,3383,3382.02,3382.9,243
1779701760,3382.88,3383.22,3381.08,3382.2,221
1779701820,3381.98,3382.04,3381.46,3381.86,213
1779701880,3381.85,3383.3,3381.75,3383.02,207
1779701940,3383.09,3383.36,3382.37,3382.63,196
1779702000,3382.65,3383.08,3382.16,3382.31,189
1779702060,3382.29,3382.71,3382.16,3382.39,153
1779702120,3382.37,3382.66,3382.34,3382.51,143
1779702180,3382.48,3382.91,3381.78,3382.91,138
1779702240,3382.91,3383.37,3382.7,3383.21,153
1779702300,3383.22,3383.29,3382.56,3382.76,166
1779702360,3382.77,3383.23,3382.5,3383.09,162
1779702420,3383.07,3383.65,3383.05,3383.15,188
1779702480,3383.15,3384.27,3383.1,3383.92,158
1779702540,3383.95,3384.1,3383.82,3384.04,125
1779702600,3384.09,3384.4,3383.87,3384.04,160
1779702660,3384,3384.43,3383.77,3384.31,126
1779702720,3384.33,3385.06,3383.92,3385.06,183
1779702780,3385.07,3385.42,3384.84,3385.06,169
1779702840,3385.07,3385.49,3384.5,3384.58,146
1779702900,3384.51,3385.56,3384.22,3385.32,192
1779702960,3385.32,3385.34,3384.63,3384.8,153
1779703020,3384.8,3385.39,3384.64,3385.32,149
1779703080,3385.28,3386.06,3385.01,3385.99,197
1779703140,3385.97,3386.03,3384.94,3385.23,173
1779703200,3385.19,3385.79,3384.95,3385.64,186
1779703260,3385.63,3386.14,3385.55,3385.88,145
1779703320,3385.86,3386.36,3385.82,3385.98,117
1779703380,3386,3386.36,3385.42,3386.01,165
1779703440,3385.99,3386.14,3385.82,3386.05,107
1779703500,3386.08,3386.7,3385.92,3386.5,155
1779703560,3386.52,3386.73,3386.14,3386.46,141
1779703620,3386.46,3386.7,3386.32,3386.5,158
1779703680,3386.53,3387.37,3386.42,3387.37,195
1779703740,3387.34,3387.65,3387.16,3387.65,185
1779703800,3387.71,3388.61,3387.48,3388.49,206
1779703860,3388.49,3389.06,3388.44,3388.8,212
1779703920,3388.83,3389.06,3388.47,3388.51,185
1779703980,3388.22,3388.41,3387.93,3387.94,179
1779704040,3388.15,3388.78,3387.19,3388.75,187
1779704100,3388.79,3389.36,3388.32,3388.56,162
1779704160,3388.57,3389.04,3388.38,3389.04,181
1779704220,3389.02,3389.03,3388.3,3388.4,166
1779704280,3388.43,3389.76,3388.31,3389.42,195
1779704340,3389.33,3389.44,3389.18,3389.3,145
1779704400,3389.32,3389.39,3388.39,3388.5,170
1779704460,3388.52,3389.02,3388.52,3388.88,166
1779704520,3388.81,3389,3388.35,3388.39,132
1779704580,3388.41,3389.03,3388.26,3388.72,135
1779704640,3388.75,3389.4,3388.47,3389.4,148
1779704700,3389.34,3389.43,3387.58,3388.28,187
1779704760,3388.28,3388.58,3387.78,3388.57,173
1779704820,3388.5,3388.9,3388.37,3388.75,133
1779704880,3388.74,3388.74,3388.26,3388.7,142
1779704940,3388.59,3388.61,3388.05,3388.17,181
1779705000,3388.17,3388.43,3387.69,3388.16,173
1779705060,3388.17,3388.49,3387.98,3388.4,121
1779705120,3388.42,3388.6,3388.24,3388.48,134
1779705180,3388.49,3390.02,3388.46,3389.73,163
1779705240,3389.74,3389.83,3389.45,3389.65,146
1779705300,3389.65,3389.67,3389.05,3389.29,141
1779705360,3389.35,3389.38,3388.78,3389.05,151
1779705420,3389.08,3389.36,3388.91,3389.07,180
1779705480,3389.08,3389.08,3388.63,3388.89,166
1779705540,3388.95,3389.05,3388.09,3388.21,160
1779705600,3388.2,3388.36,3387.67,3387.84,178
1779705660,3387.84,3388.25,3386.61,3386.81,204
1779705720,3386.73,3386.86,3386.26,3386.47,207
1779705780,3386.45,3387.28,3386.43,3386.8,149
1779705840,3386.8,3387.46,3386.56,3387.36,219
1779705900,3387.37,3388.98,3387.37,3388.49,207
1779705960,3388.5,3388.65,3387.61,3387.61,120
1779706020,3387.65,3387.92,3387.65,3387.81,86
1779706080,3387.81,3388.02,3387.36,3388.02,122
1779706140,3387.98,3387.98,3387.52,3387.59,97
1779706200,3387.62,3387.65,3387.25,3387.25,110
1779706260,3387.23,3387.48,3386.99,3387.28,157
1779706320,3387.26,3387.56,3387.13,3387.24,174
1779706380,3387.22,3387.5,3387.11,3387.46,93
1779706440,3387.49,3387.61,3387.28,3387.55,110
1779706500,3387.57,3387.64,3387.31,3387.54,142
1779706560,3387.56,3387.77,3387.47,3387.62,93
1779706620,3387.62,3387.64,3386.78,3386.88,119
1779706680,3386.97,3387.11,3386.62,3386.66,137
1779706740,3386.59,3386.74,3386.38,3386.4,123
1779706800,3386.44,3386.72,3386.36,3386.67,141
1779706860,3386.68,3386.68,3386.15,3386.59,106
1779706920,3386.61,3386.73,3386.31,3386.37,161
1779706980,3386.34,3386.53,3386.34,3386.5,94
1779707040,3386.5,3386.7,3386.47,3386.63,79
1779707100,3386.66,3386.79,3386.54,3386.66,127
1779707160,3386.67,3386.94,3386.54,3386.77,147
1779707220,3386.77,3386.91,3386.57,3386.71,125
1779707280,3386.71,3386.85,3386.6,3386.62,102
1779707340,3386.68,3386.81,3386.47,3386.76,114
1779707400,3386.77,3387.22,3386.72,3387.02,150
1779707460,3387.05,3387.3,3386.92,3386.92,100
1779707520,3386.95,3387.28,3386.92,3387.23,114
1779707580,3387.53,3388.26,3387.28,3388.21,118
1779707640,3388.21,3389.43,3388.11,3389.09,200
1779707700,3389.08,3390.17,3388.78,3390.12,174
1779707760,3390.09,3390.31,3389.67,3389.79,183
1779707820,3389.79,3390.95,3389.77,3390.44,192
1779707880,3390.59,3390.63,3388.5,3389.8,207
1779707940,3389.83,3390.61,3386.15,3388.16,203
1779708000,3388.13,3389.95,3387.49,3389.93,191
1779708060,3389.94,3390.18,3389.2,3389.89,166
1779708120,3389.89,3390.12,3389.25,3389.27,146
1779708180,3389.28,3389.28,3388.14,3388.23,163
1779708240,3388.17,3388.86,3387.81,3387.83,139
1779708300,3387.85,3387.85,3386.64,3386.81,138
1779708360,3386.81,3387,3386.49,3386.53,143
1779708420,3386.63,3387.06,3386.35,3387.05,145
1779708480,3387.03,3387.35,3386.87,3387.28,96
1779708540,3387.3,3387.78,3387.3,3387.61,144
1779708600,3387.54,3389.09,3387.53,3388.75,139
1779708660,3388.69,3388.71,3387.99,3388.15,206
1779708720,3388.08,3388.43,3388.06,3388.19,182
1779708780,3388.21,3388.68,3387.5,3387.99,201
1779708840,3388.09,3388.46,3387.95,3388.26,184
1779708900,3388.24,3388.39,3388.12,3388.25,154
1779708960,3388.26,3388.41,3387.91,3388.02,130
1779709020,3388.06,3389.13,3387.99,3388.84,206
1779709080,3388.84,3389.87,3388.84,3389.56,211
1779709140,3389.6,3389.61,3389.09,3389.12,136
1779709200,3389.1,3389.12,3388.18,3388.29,200
1779709260,3388.29,3388.38,3387.69,3388,181
1779709320,3387.99,3388.2,3387.83,3387.93,171
1779709380,3387.94,3387.94,3387.6,3387.63,181
1779709440,3387.66,3387.87,3387.29,3387.52,153
1779709500,3387.54,3388.91,3387.23,3388.02,194
1779709560,3388.03,3388.13,3387.51,3388,202
1779709620,3388.03,3388.07,3387.69,3387.81,180
1779709680,3387.8,3387.8,3386.98,3387.51,210
1779709740,3387.49,3387.53,3385.7,3385.7,206
1779709800,3385.65,3385.89,3385.53,3385.78,170
1779709860,3385.78,3386.07,3385.62,3386.06,175
1779709920,3385.96,3386.03,3385.42,3385.42,148
1779709980,3385.42,3385.56,3384.91,3384.93,151
1779710040,3384.98,3385.27,3384.89,3385,164
1779710100,3385.01,3385.36,3384.84,3385.34,141
1779710160,3385.3,3385.48,3384.38,3385.09,224
1779710220,3385.08,3385.72,3384.95,3385.44,171
1779710280,3385.4,3385.93,3385.39,3385.55,166
1779710340,3385.57,3386.11,3385.06,3385.23,192
1779710400,3385.24,3385.36,3382.77,3383.02,256
1779710460,3382.89,3383.06,3381.68,3381.76,249
1779710520,3381.77,3381.95,3381.46,3381.69,234
1779710580,3381.73,3382.16,3380.78,3380.9,253
1779710640,3380.87,3381.93,3380.65,3381.03,234
1779710700,3381.02,3381.37,3380.56,3381.12,237
1779710760,3381.12,3381.35,3379.89,3379.97,181
1779710820,3379.98,3380.12,3377.91,3377.91,226
1779710880,3377.75,3378.09,3375.75,3377.11,292
1779710940,3377.02,3378.19,3375.68,3378.17,257
1779711000,3378.15,3378.72,3377.92,3377.92,226
1779711060,3377.85,3377.85,3376.07,3376.28,220
1779711120,3376.31,3376.85,3375.84,3376.44,225
1779711180,3376.51,3376.51,3375.22,3375.54,220
1779711240,3375.55,3375.66,3374.72,3374.86,221
1779711300,3374.84,3375.1,3374.49,3374.77,233
1779711360,3374.77,3374.96,3373.56,3374.39,215
1779711420,3374.41,3375.03,3373.78,3373.87,214
1779711480,3373.84,3374.31,3373.43,3373.48,187
1779711540,3373.49,3373.49,3372.88,3373.27,184
1779711600,3373.3,3373.52,3372.55,3373.37,220
1779711660,3373.24,3373.69,3372.95,3373.29,195
1779711720,3373.29,3374.89,3373.21,3373.75,219
1779711780,3373.77,3374.84,3372.75,3373.81,232
1779711840,3374.22,3374.9,3373.9,3374.85,260
1779711900,3374.83,3376.06,3374.75,3375.81,249
1779711960,3375.82,3376.22,3375.82,3376.06,169
1779712020,3376.08,3378.09,3376.08,3376.93,206
1779712080,3376.95,3377.2,3376.71,3377.12,161
1779712140,3377.11,3378.43,3377.07,3378.27,187
1779712200,3378.36,3378.44,3377.72,3378.1,183
1779712260,3378.18,3379.52,3378.09,3379,210
1779712320,3379.01,3379.34,3377.9,3378.61,250
1779712380,3378.63,3379.07,3378.4,3378.93,149
1779712440,3378.87,3379.44,3378.53,3379.4,186
1779712500,3379.41,3380.26,3379.2,3380.09,205
1779712560,3380.12,3382.64,3380.12,3382.36,242
1779712620,3382.42,3384.17,3382.37,3383.83,241
1779712680,3383.82,3384.08,3382.6,3383.06,241
1779712740,3383.11,3383.71,3382.85,3383.54,204
1779712800,3383.55,3383.68,3382.88,3383.25,229
1779712860,3383.31,3383.64,3382.97,3383.11,178
1779712920,3383.1,3383.48,3382.88,3383.1,177
1779712980,3383.11,3383.13,3381.82,3382.08,223
1779713040,3382.11,3382.11,3381.32,3381.32,211
1779713100,3381.31,3381.61,3380.24,3381.53,247
1779713160,3381.56,3382.18,3381.3,3382.05,222
1779713220,3382,3382.24,3381.75,3382.05,194
1779713280,3382.03,3382.05,3380.42,3381.3,215
1779713340,3381.29,3381.79,3381.29,3381.76,117
1779713400,3381.74,3382.17,3381.52,3382.15,170
1779713460,3382.19,3382.39,3381.83,3382.2,174
1779713520,3382.21,3382.28,3381.87,3381.94,178
1779713580,3381.92,3382.36,3381.92,3382.14,135
1779713640,3382.14,3382.88,3382.14,3382.43,154
1779713700,3382.49,3382.75,3382.48,3382.69,112
1779713760,3382.7,3383.86,3382.69,3383.64,177
1779713820,3383.64,3383.66,3382.56,3382.67,204
1779713880,3382.67,3383.31,3382.64,3383,208
1779713940,3382.97,3384.09,3382.97,3383.29,216
1779714000,3383.38,3383.38,3380.87,3381.04,284
1779714060,3381.06,3381.06,3379.48,3379.87,267
1779714120,3379.86,3379.97,3378.81,3379.35,277
1779714180,3379.34,3380.75,3378.65,3380.74,280
1779714240,3380.74,3382,3380.65,3380.8,239
1779714300,3380.76,3381.72,3380.73,3381.72,237
1779714360,3381.73,3382.72,3381.16,3382.7,224
1779714420,3382.67,3384.77,3382.65,3384.59,230
1779714480,3384.66,3385.38,3382.59,3383.65,269
1779714540,3383.6,3383.87,3382.65,3383.39,247
1779714600,3383.33,3383.41,3382.39,3382.66,216
1779714660,3382.64,3382.71,3381.93,3382.17,209
1779714720,3382.23,3382.26,3380.73,3380.73,234
1779714780,3380.87,3381.16,3380.04,3380.37,248
1779714840,3380.36,3381.23,3380.17,3381.11,182
1779714900,3381.17,3381.27,3380.39,3380.56,193
1779714960,3380.54,3380.63,3379.78,3379.78,206
1779715020,3379.79,3379.79,3378.9,3379.1,240
1779715080,3379.1,3379.13,3378.3,3379.12,230
1779715140,3379.34,3380,3378.99,3379.37,249
1779715200,3379.36,3380.16,3379.14,3380.09,211
1779715260,3380.08,3380.93,3379.98,3380.36,216
1779715320,3380.37,3380.46,3379.29,3379.56,209
1779715380,3379.69,3380.46,3379.59,3380.36,210
1779715440,3380.35,3380.43,3379.82,3380.16,185
1779715500,3380.14,3380.43,3378.43,3378.53,205
1779715560,3378.49,3379.63,3378.47,3378.47,215
1779715620,3378.38,3379.34,3378.38,3379.02,199
1779715680,3379.07,3379.33,3378.82,3379.28,187
1779715740,3379.33,3379.83,3378.6,3378.75,202
1779715800,3378.75,3379.45,3378.57,3379.38,244
1779715860,3379.35,3379.62,3378.98,3379.09,239
1779715920,3379.03,3379.28,3378.35,3379.14,215
1779715980,3378.97,3379.19,3378.55,3379.16,212
1779716040,3379.19,3380.26,3379.17,3380.15,235
1779716100,3380.22,3381.17,3380.16,3381.15,199
1779716160,3381.17,3381.23,3380.32,3380.91,226
1779716220,3380.95,3381.19,3380.62,3381.16,207
1779716280,3381.17,3381.19,3379.76,3379.76,191
1779716340,3379.78,3380.48,3379.73,3380.46,189
1779716400,3380.48,3381.24,3380.46,3381.02,215
1779716460,3381.31,3381.45,3380.53,3380.65,223
1779716520,3380.68,3381.34,3380.46,3381.16,212
1779716580,3381.14,3381.33,3381.07,3381.22,219
1779716640,3381.13,3381.98,3381.13,3381.73,214
1779716700,3381.86,3382.03,3380.98,3381.03,228
1779716760,3381.01,3381.04,3379.38,3379.48,215
1779716820,3379.48,3379.59,3378.68,3378.7,220
1779716880,3378.68,3379.72,3378.68,3379.63,203
1779716940,3379.65,3379.65,3378.89,3379.28,165
1779717000,3379.27,3379.53,3378.78,3379.15,142
1779717060,3379.14,3379.82,3378.71,3379.63,202
1779717120,3379.72,3380.37,3378.83,3380.37,236
1779717180,3380.35,3380.51,3379.96,3380.07,200
1779717240,3380.07,3380.81,3380.07,3380.79,168
1779717300,3380.83,3381.74,3380.83,3381.53,202
1779717360,3381.53,3381.99,3381.46,3381.92,185
1779717420,3381.95,3382.13,3381.28,3381.58,207
1779717480,3381.59,3381.91,3381.29,3381.35,191
1779717540,3381.32,3382.06,3381.32,3381.6,242
1779717600,3381.56,3381.77,3381.04,3381.41,228
1779717660,3381.47,3382.66,3381.47,3382.21,212
1779717720,3382.19,3382.41,3381.97,3382.38,213
1779717780,3382.36,3383.45,3382.24,3383.14,205
1779717840,3383.18,3383.99,3382.99,3383.69,206
1779717900,3383.7,3385.85,3383.7,3385.75,275
1779717960,3385.82,3385.96,3384.9,3385.23,259
1779718020,3385.3,3386.05,3385.3,3385.96,195
1779718080,3385.99,3386.28,3385.6,3385.74,208
1779718140,3385.76,3386.06,3385.35,3385.93,210
1779718200,3385.93,3386.35,3385.57,3386.14,210
1779718260,3386.15,3386.25,3385.4,3385.78,202
1779718320,3385.77,3386.1,3385.34,3385.88,205
1779718380,3385.88,3386.01,3385.67,3385.86,176
1779718440,3385.84,3385.94,3384.52,3385.05,211
1779718500,3385.04,3385.05,3384.67,3384.8,177
1779718560,3384.77,3385.05,3384.64,3385.05,177
1779718620,3385.05,3385.58,3384.95,3385.54,186
1779718680,3385.55,3385.66,3384.88,3385.09,170
1779718740,3385.12,3385.32,3384.79,3385.08,178
1779718800,3385.05,3385.09,3384.42,3384.48,203
1779718860,3384.46,3385.82,3384.33,3385.6,189
1779718920,3385.63,3385.7,3384.81,3384.84,161
1779718980,3384.74,3385.59,3384.72,3385.52,194
1779719040,3385.55,3385.81,3385.33,3385.77,185
1779719100,3385.85,3386.12,3385.26,3385.35,208
1779719160,3385.37,3385.57,3385,3385,175
1779719220,3385.03,3385.34,3384.77,3385.24,137
1779719280,3385.27,3385.27,3384.28,3384.47,196
1779719340,3384.47,3384.71,3384.05,3384.49,147
1779719400,3384.5,3384.6,3382.61,3383.25,248
1779719460,3383.25,3383.54,3383.03,3383.33,147
1779719520,3383.34,3383.45,3382.84,3383.25,173
1779719580,3383.25,3383.41,3383.08,3383.41,181
1779719640,3383.4,3384.82,3383.06,3384.48,212
1779719700,3384.52,3384.55,3384.01,3384.01,151
1779719760,3383.94,3384.72,3383.94,3384.59,151
1779719820,3384.56,3384.59,3383.88,3383.92,143
1779719880,3383.92,3384.31,3383.35,3383.74,171
1779719940,3383.66,3384.22,3383.19,3384.17,178
1779720000,3384.19,3384.19,3383.66,3383.86,140
1779720060,3383.85,3384.52,3383.6,3383.61,170
1779720120,3383.56,3383.71,3383.11,3383.21,186
1779720180,3383.19,3383.25,3382.6,3382.82,145
1779720240,3382.83,3383.01,3382.66,3382.82,144
1779720300,3382.8,3383.09,3382.72,3382.74,146
1779720360,3382.74,3383.55,3382.48,3383.26,216
1779720420,3383.24,3383.64,3383.06,3383.2,203
1779720480,3383.2,3383.21,3382.33,3383.21,209
1779720540,3383.25,3383.83,3383.13,3383.74,160
1779720600,3383.8,3384.33,3383.48,3383.48,224
1779720660,3383.48,3383.94,3383.13,3383.32,158
1779720720,3383.31,3383.79,3383.31,3383.45,138
1779720780,3383.45,3383.8,3383.41,3383.52,147
1779720840,3383.49,3383.79,3382.43,3382.46,185
1779720900,3382.49,3382.72,3381.93,3382.32,209
1779720960,3382.41,3382.64,3382.22,3382.6,174
1779721020,3382.69,3382.71,3381.58,3381.73,234
1779721080,3381.76,3382.43,3381.6,3382.35,206
1779721140,3382.23,3382.64,3382.17,3382.62,216
1779721200,3382.62,3384.38,3382.56,3384.06,244
1779721260,3384.03,3384.72,3384,3384.4,235
1779721320,3384.38,3384.42,3383.66,3384.26,247
1779721380,3384.27,3384.71,3384.18,3384.47,200
1779721440,3384.5,3384.55,3384.17,3384.29,152
1779721500,3384.31,3384.32,3383.23,3383.61,187
1779721560,3383.58,3383.76,3383.42,3383.52,166
1779721620,3383.53,3383.54,3382.84,3383.03,191
1779721680,3383.02,3383.09,3382.56,3382.87,179
1779721740,3382.82,3383.84,3382.7,3383.78,153
1779721800,3383.72,3385.58,3383.33,3385.12,234
1779721860,3385.05,3386.42,3384.71,3386.11,318
1779721920,3386.12,3386.97,3385.3,3386.85,278
1779721980,3386.85,3386.99,3386.19,3386.34,261
1779722040,3386.27,3386.27,3385.16,3385.27,248
1779722100,3385.55,3385.69,3384.66,3384.82,220
1779722160,3384.69,3384.77,3384.02,3384.02,222
1779722220,3384.03,3384.15,3383.7,3383.91,186
1779722280,3383.9,3384.12,3383.85,3383.85,169
1779733260,3383.31,3384.12,3383.13,3384.07,62
1779733320,3384.3,3384.39,3383.38,3383.42,86
1779733380,3383.36,3383.55,3383.36,3383.53,58
1779733440,3383.05,3383.1,3381.88,3382.1,98
1779733500,3382.08,3383.22,3381.85,3383.04,107
1779733560,3383.02,3383.58,3382.84,3383.46,91
1779733620,3383.44,3383.5,3383.38,3383.46,75
1779733680,3383.39,3383.63,3383.36,3383.6,55
1779746520,3385.47,3386.38,3384.44,3386.35,155
1779746580,3386.37,3387.04,3386.16,3387.04,155
1779746640,3387.02,3387.07,3385.84,3385.84,99
1779746700,3385.9,3386.38,3385.23,3385.81,130
1779746760,3385.83,3386.37,3385.67,3385.78,95
1779746820,3385.88,3386.52,3385.67,3386.09,128
1779746880,3386.11,3386.67,3385.54,3386.29,114
1779746940,3386.32,3386.53,3385.98,3386.39,115
1779747000,3386.41,3386.52,3386.07,3386.24,111
1779747060,3386.24,3387.03,3386.09,3386.63,157
1779747120,3386.61,3386.79,3385.95,3386.02,112
1779747180,3386.02,3386.62,3386,3386.53,115
1779747240,3386.55,3386.75,3386.22,3386.69,111
1779747300,3386.64,3387.41,3386.6,3387.2,133
1779747360,3387.22,3388,3387.22,3387.65,133
1779747420,3387.66,3388,3387.5,3387.55,88
1779747480,3387.56,3388.38,3387.56,3388.09,91
1779747540,3388.1,3388.1,3387.13,3387.36,79
1779747600,3387.31,3387.7,3386.69,3387.7,102
1779747660,3387.68,3387.73,3387.37,3387.52,115
1779747720,3387.54,3387.61,3386.83,3387.47,78
1779747780,3387.44,3387.94,3387.29,3387.94,116
1779747840,3387.96,3388.08,3387.83,3388.08,85
1779747900,3388.05,3388.24,3387.39,3387.51,74
1779747960,3387.6,3387.87,3387.18,3387.19,102
1779748020,3387.2,3388,3387.1,3387.61,95
1779748080,3387.27,3387.36,3386.36,3386.55,172
1779748140,3386.55,3387,3386.55,3386.72,101
1779748200,3386.71,3386.71,3385.22,3385.66,225
1779748260,3385.64,3386.06,3385.37,3385.8,167
1779748320,3385.8,3386.49,3385.64,3386.35,130
1779748380,3386.12,3386.12,3385.46,3385.46,100
1779748440,3385.6,3385.6,3385.17,3385.23,104
1779748500,3385.2,3385.33,3384.24,3384.52,135
1779748560,3384.46,3384.74,3384.24,3384.48,147
1779748620,3384.51,3385.84,3384.51,3385.35,134
1779748680,3385.38,3386.76,3385.38,3386.3,142
1779748740,3386.35,3386.38,3386.02,3386.27,97
1779748800,3386.28,3386.41,3385.38,3386.36,115
1779748860,3386.39,3386.74,3386.39,3386.51,87
1779748920,3386.32,3386.57,3386.05,3386.22,116
1779748980,3386.15,3386.6,3385.73,3386.51,151
1779749040,3386.48,3387.79,3386.48,3386.95,165
1779749100,3386.9,3387.3,3386.72,3387.21,114
1779749160,3387.11,3387.24,3386.7,3386.79,112
1779749220,3386.79,3387.82,3386.68,3387.76,85
1779749280,3387.77,3387.87,3386.89,3387.16,117
1779749340,3387,3387.15,3386.72,3386.87,132
1779749400,3386.91,3387.73,3386.85,3387.39,92
1779749460,3387.41,3387.6,3387.13,3387.28,103
1779749520,3387.3,3387.49,3387.19,3387.26,74
1779749580,3387.37,3387.74,3387.34,3387.74,54
1779749640,3387.76,3388.64,3387.74,3388.56,114
1779749700,3388.58,3388.81,3387.67,3388.31,180
1779749760,3388.34,3388.83,3388.12,3388.83,163
1779749820,3388.84,3389.05,3388.33,3389.03,136
1779749880,3388.89,3388.93,3387.15,3387.49,150
1779749940,3387.48,3388.2,3387.39,3388.06,140
1779750000,3387.85,3389.1,3387.85,3388.26,174
1779750060,3388.29,3388.6,3387.97,3387.99,139
1779750120,3387.71,3388.14,3387.28,3387.33,140
1779750180,3387.2,3387.32,3386.82,3386.92,116
1779750240,3386.96,3387.46,3386.92,3387.09,133
1779750300,3387.09,3387.51,3386.74,3387.42,105
1779750360,3387.42,3387.77,3387.38,3387.5,108
1779750420,3387.49,3388.62,3387.46,3388,102
1779750480,3388.03,3388.44,3388.02,3388.38,109
1779750540,3388.41,3389.2,3388.41,3389.1,146
1779750600,3389.1,3390.91,3388.58,3390.63,217
1779750660,3390.6,3390.65,3390.18,3390.37,142
1779750720,3390.38,3390.87,3390.21,3390.22,149
1779750780,3390.3,3390.62,3389.87,3389.92,107
1779750840,3389.95,3391.09,3389.89,3390.98,181
1779750900,3390.96,3391.09,3390.86,3390.95,92
1779750960,3390.89,3390.98,3390.72,3390.79,113
1779751020,3390.79,3391.1,3390.7,3390.92,148
1779751080,3391.01,3391.75,3390.76,3391.47,212
1779751140,3391.5,3391.5,3389.67,3389.95,189
1779751200,3389.87,3390.29,3389.85,3389.93,136
1779751260,3389.91,3389.98,3388.42,3388.74,169
1779751320,3388.75,3388.83,3388.3,3388.31,128
1779751380,3388.33,3388.33,3387.39,3387.55,154
1779751440,3387.56,3387.91,3386.55,3387.82,183
1779751500,3387.72,3387.87,3386.18,3386.94,178
1779751560,3386.9,3386.9,3385.05,3385.69,153
1779751620,3385.72,3385.76,3383.81,3384.05,182
1779751680,3384.02,3384.28,3383.02,3383.35,228
1779751740,3383.18,3383.86,3383.18,3383.68,141
1779751800,3383.79,3383.98,3382.71,3382.97,206
1779751860,3382.94,3383.03,3381.02,3381.02,238
1779751920,3381.02,3381.99,3380.86,3381.23,207
1779751980,3381.25,3381.44,3379.39,3379.47,213
1779752040,3379.46,3380.04,3378.29,3378.5,206
1779752100,3378.38,3379.35,3376.56,3376.87,252
1779752160,3376.88,3378.39,3375.25,3375.7,269
1779752220,3375.72,3378.85,3374.35,3378.75,277
1779752280,3378.72,3378.99,3377.3,3377.67,222
1779752340,3377.59,3379.61,3377.17,3379.14,214
1779752400,3379.14,3379.6,3377.4,3377.77,211
1779752460,3377.65,3378.15,3376.63,3377.67,187
1779752520,3377.69,3377.85,3376.7,3377.73,189
1779752580,3377.8,3377.97,3376.41,3376.95,191
1779752640,3376.96,3377.12,3374.82,3375.8,259
1779752700,3375.84,3377.75,3375.62,3377.75,276
1779752760,3377.65,3378.17,3376.26,3376.45,247
1779752820,3376.5,3377.42,3376.47,3377.35,156
1779752880,3377.38,3377.53,3376.61,3377.15,172
1779752940,3376.88,3377.69,3376.71,3377.69,165
1779753000,3377.51,3378.25,3377.38,3378.09,182
1779753060,3378.06,3379.08,3377.71,3378.95,212
1779753120,3378.92,3379.8,3378.72,3379.53,166
1779753180,3379.54,3379.98,3379.35,3379.44,160
1779753240,3379.47,3380.71,3379.47,3380.6,161
1779753300,3380.34,3380.62,3378.96,3379.31,204
1779753360,3379.29,3380.12,3378.67,3379.53,211
1779753420,3379.54,3379.99,3378.11,3379.28,181
1779753480,3379.25,3380.04,3379.25,3379.55,183
1779753540,3379.51,3379.55,3378.5,3378.67,171
1779753600,3378.81,3378.81,3374.66,3375.62,318
1779753660,3375.65,3376.75,3371.77,3372.12,296
1779753720,3372.02,3372.59,3371.59,3372.06,292
1779753780,3372.04,3372.98,3371.53,3371.62,282
1779753840,3371.59,3372.01,3371.27,3371.98,261
1779753900,3371.97,3373.13,3371.73,3372.37,279
1779753960,3372.38,3373.35,3371.35,3371.74,287
1779754020,3371.75,3373.02,3371.75,3372.96,266
1779754080,3372.75,3372.83,3370.68,3371.22,261
1779754140,3371.22,3372.02,3371.21,3371.59,259
1779754200,3371.61,3371.99,3370.96,3371.1,251
1779754260,3371.14,3371.98,3370.91,3371.82,252
1779754320,3371.89,3373.37,3371.89,3373.14,275
1779754380,3373.07,3373.38,3372.19,3373.26,208
1779754440,3373.37,3374.49,3373.21,3373.83,242
1779754500,3373.85,3374.43,3373.55,3374.13,226
1779754560,3374.15,3374.23,3372.28,3372.37,221
1779754620,3372.37,3372.43,3371.56,3371.83,230
1779754680,3371.53,3372.01,3366.53,3367.44,247
1779754740,3366.05,3370.24,3366.05,3370.15,286
1779754800,3370.19,3370.49,3367.59,3369.34,266
1779754860,3369.38,3370.68,3369.08,3370.64,244
1779754920,3370.53,3370.53,3367.17,3368.13,274
1779754980,3368.04,3368.21,3366.82,3367.85,238
1779755040,3367.94,3369.06,3367.83,3369.05,219
1779755100,3369.04,3369.57,3368.54,3368.96,231
1779755160,3369.05,3370.46,3369.05,3370.46,213
1779755220,3370.44,3372,3370.08,3371.85,239
1779755280,3371.83,3372.49,3371.43,3371.89,222
1779755340,3371.89,3371.95,3371.34,3371.73,210
1779755400,3371.72,3373.54,3371.52,3373.52,225
1779755460,3373.51,3373.96,3372.93,3373.7,225
1779755520,3373.64,3373.73,3372.97,3373.21,217
1779755580,3373.23,3373.33,3372.35,3373.03,211
1779755640,3373.01,3374.6,3372.91,3373.75,209
1779755700,3373.72,3374.09,3372.87,3372.92,217
1779755760,3372.95,3373.26,3372.81,3372.81,166
1779755820,3372.46,3372.48,3370.91,3371.09,237
1779755880,3371.12,3371.46,3370.47,3370.72,229
1779755940,3370.59,3370.73,3369.71,3370.55,217
1779756000,3370.59,3370.98,3367.82,3368.99,236
1779756060,3369.09,3370.27,3369.09,3370.03,248
1779756120,3370.08,3371.3,3369.73,3371.3,208
1779756180,3371.16,3371.92,3370.45,3371.73,230
1779756240,3371.74,3371.95,3370.61,3370.99,207
1779756300,3371.07,3371.15,3370.37,3371.05,209
1779756360,3371.1,3373.16,3371.1,3372.78,230
1779756420,3372.81,3372.85,3371.48,3371.65,184
1779756480,3371.58,3371.79,3369.48,3369.7,245
1779756540,3369.78,3370.26,3368.41,3368.47,234
1779756600,3368.44,3369.44,3367.44,3367.56,226
1779756660,3367.61,3368.57,3366.41,3366.44,228
1779756720,3366.51,3367.47,3364.72,3365.04,259
1779756780,3365.08,3365.89,3364.42,3365.2,249
1779756840,3365.23,3367.41,3365.02,3366.47,263
1779756900,3366.31,3368.05,3366.31,3368.04,270
1779756960,3368.05,3369.51,3367.92,3369.17,221
1779757020,3368.96,3369.32,3368.61,3368.72,220
1779757080,3368.82,3369.12,3368.16,3369.06,211
1779757140,3370.49,3371.87,3369.56,3371.31,241
1779757200,3371.49,3371.81,3367.05,3369.88,312
1779757260,3369.68,3370.14,3366.96,3368.74,296
1779757320,3368.75,3369.5,3367.57,3367.57,297
1779757380,3367.73,3368.61,3366.91,3368.06,259
1779757440,3368.06,3369.81,3366.69,3366.95,307
1779757500,3367.02,3368.98,3366.84,3368.1,287
1779757560,3368.16,3370.57,3367.87,3369.53,276
1779757620,3369.54,3370.27,3369.52,3369.83,271
1779757680,3369.87,3370.25,3369,3369.72,264
1779757740,3369.7,3369.8,3367.99,3369.25,260
1779757800,3369.75,3371.16,3369.47,3370.59,278
1779757860,3370.61,3371.23,3369.81,3370.39,249
1779757920,3370.65,3371.5,3370.34,3371.42,267
1779757980,3371.45,3371.69,3370.87,3370.94,225
1779758040,3370.96,3371.65,3370.64,3371.03,260
1779758100,3371,3371.15,3369.27,3369.4,281
1779758160,3369.39,3369.8,3368.92,3369.16,236
1779758220,3369.25,3369.8,3369.14,3369.42,194
1779758280,3369.38,3369.93,3369.22,3369.78,231
1779758340,3369.68,3369.81,3368.93,3369.79,221
1779758400,3369.86,3370.52,3368.74,3368.93,267
1779758460,3368.88,3368.95,3366.73,3367.6,266
1779758520,3367.54,3368.55,3367.54,3368.43,258
1779758580,3368.46,3368.7,3367.65,3367.85,234
1779758640,3367.89,3368.33,3367.52,3367.98,236
1779758700,3367.91,3369.55,3367.58,3367.94,250
1779758760,3367.9,3369.12,3367.76,3368.88,222
1779758820,3368.97,3369.48,3368.74,3368.83,219
1779758880,3369.05,3370,3368.98,3369.44,238
1779758940,3369.47,3369.63,3367.71,3368.08,254
1779759000,3368.05,3368.41,3365.25,3365.87,306
1779759060,3365.87,3367.78,3365.41,3367.39,289
1779759120,3367.3,3367.3,3365.04,3365.68,276
1779759180,3365.53,3365.85,3364.08,3364.08,298
1779759240,3364,3365.24,3363.81,3364.87,284
1779759300,3364.67,3364.97,3363.91,3364.23,281
1779759360,3364.21,3364.57,3362.08,3362.55,273
1779759420,3362.66,3363.09,3361.92,3362.81,274
1779759480,3362.59,3362.72,3360.51,3362.65,286
1779759540,3362.65,3362.9,3357.83,3359.34,293
1779759600,3359.46,3361.28,3358.71,3360.55,306
1779759660,3360.24,3361.03,3358.76,3359.33,303
1779759720,3359.35,3361.37,3358.46,3360.76,293
1779759780,3360.82,3361.53,3360.38,3360.4,289
1779759840,3360.34,3361.25,3359.38,3361.19,272
1779759900,3361.21,3362.17,3360.69,3361.78,261
1779759960,3361.83,3362.2,3361.35,3361.93,245
1779760020,3361.94,3363.07,3360.26,3361.31,266
1779760080,3361.22,3362.34,3360.44,3361.3,273
1779760140,3361.27,3362.78,3359.65,3360.54,282
1779760200,3361.08,3361.18,3357.09,3361.07,287
1779760260,3361.08,3361.48,3360.77,3361.12,218
1779760320,3361.07,3362.04,3361.03,3362.04,210
1779760380,3362.1,3362.96,3362.1,3362.83,236
1779760440,3362.83,3363.54,3362.45,3362.63,244
1779760500,3362.58,3363.33,3362.54,3363.1,226
1779760560,3363,3363.2,3362.4,3362.66,249
1779760620,3362.67,3362.95,3362.23,3362.55,219
1779760680,3362.53,3363.31,3362.46,3362.99,219
1779760740,3362.97,3364.28,3362.85,3363.99,232
1779760800,3364.04,3364.53,3363.21,3364.19,257
1779760860,3364.25,3364.63,3363.46,3363.65,206
1779760920,3363.87,3363.87,3362.82,3363.32,208
1779760980,3363.44,3363.83,3362.98,3363.61,201
1779761040,3363.66,3363.89,3363.25,3363.6,177
1779761100,3363.49,3364.13,3362.81,3363.67,235
1779761160,3363.68,3364.82,3363.65,3364.11,240
1779761220,3364.13,3364.3,3363.59,3363.62,212
1779761280,3363.63,3363.89,3363.48,3363.85,179
1779761340,3363.84,3364.73,3363.61,3364.52,188
1779761400,3364.49,3365.31,3364.49,3364.88,237
1779761460,3364.87,3364.96,3364.23,3364.23,166
1779761520,3364.23,3364.44,3364.01,3364.37,184
1779761580,3364.37,3364.59,3363.98,3364.59,186
1779761640,3364.57,3365.18,3364.28,3365.18,206
1779761700,3365.25,3365.41,3365.13,3365.14,161
1779761760,3365.23,3365.3,3364.46,3364.62,142
1779761820,3364.57,3364.8,3363.96,3364.3,162
1779761880,3364.24,3365.02,3363.7,3364.74,152
1779761940,3364.71,3365.17,3364.71,3364.79,173
1779762000,3364.87,3364.93,3364.1,3364.18,174
1779762060,3364.15,3364.28,3363.79,3364.15,161
1779762120,3364.13,3364.8,3363.73,3364.52,183
1779762180,3364.62,3364.82,3364.55,3364.7,156
1779762240,3364.67,3364.87,3364.57,3364.83,136
1779762300,3364.79,3365.02,3364.54,3364.88,173
1779762360,3364.87,3365.09,3363.6,3363.89,185
1779762420,3363.83,3364.42,3363.76,3364.23,178
1779762480,3364.23,3364.25,3363.54,3363.55,174
1779762540,3363.47,3363.95,3363.44,3363.93,187
1779762600,3363.91,3364.16,3362.1,3362.59,255
1779762660,3362.54,3363.22,3361.99,3363.03,224
1779762720,3363.05,3363.75,3362.27,3362.3,205
1779762780,3362.3,3362.62,3361.42,3361.89,213
1779762840,3361.89,3362.23,3361.62,3362.07,193
1779762900,3362.07,3363.86,3361.74,3363.76,272
1779762960,3363.77,3364.97,3363.73,3364.97,243
1779763020,3364.87,3364.87,3364.1,3364.1,242
1779763080,3364.12,3364.44,3363.96,3364.26,161
1779763140,3364.24,3364.51,3363.68,3364.25,187
1779763200,3364.21,3364.95,3364.04,3364.75,181
1779763260,3364.78,3364.94,3362.96,3363.81,209
1779763320,3363.75,3364.37,3363.47,3363.54,183
1779763380,3363.58,3363.66,3362.17,3362.49,210
1779763440,3362.48,3362.54,3362.16,3362.44,219
1779763500,3362.47,3362.6,3361.54,3361.57,223
1779763560,3361.5,3361.72,3360.24,3360.54,244
1779763620,3360.55,3361.73,3360.31,3361.64,232
1779763680,3361.62,3361.96,3361.33,3361.42,207
1779763740,3361.4,3361.55,3360.65,3361.13,225
1779763800,3361.15,3361.18,3360.44,3360.66,199
1779763860,3360.64,3360.76,3359.72,3359.98,190
1779763920,3359.96,3360.59,3359.14,3360.59,215
1779763980,3360.57,3361.93,3360.18,3361.47,191
1779764040,3361.47,3361.78,3360.43,3360.94,207
1779764100,3360.95,3362.14,3360.88,3361.96,200
1779764160,3361.99,3362.56,3361.8,3361.86,169
1779764220,3361.88,3362.23,3361.03,3361.35,185
1779764280,3361.42,3361.42,3360.98,3361.07,171
1779764340,3361.05,3361.22,3360.44,3360.45,180
1779764400,3360.43,3361.84,3360.28,3361.84,192
1779764460,3361.83,3363.04,3361.51,3362.78,219
1779764520,3362.8,3363,3362.15,3362.33,193
1779764580,3362.35,3362.82,3362.16,3362.62,165
1779764640,3362.58,3362.63,3361.53,3361.57,172
1779764700,3361.53,3362.33,3361.48,3362.03,185
1779764760,3362.03,3362.26,3361.98,3362.26,163
1779764820,3362.28,3362.98,3362.19,3362.96,146
1779764880,3362.96,3363.27,3362.74,3362.87,193
1779764940,3362.84,3363.18,3362.62,3362.9,189
1779765000,3362.96,3362.96,3362.31,3362.48,155
1779765060,3362.48,3363.36,3362.45,3362.98,184
1779765120,3362.97,3364.51,3362.6,3363.78,196
1779765180,3364.01,3364.49,3363.83,3363.88,206
1779765240,3363.85,3364.15,3363.43,3363.72,191
1779765300,3363.74,3364.36,3363.68,3364.31,183
1779765360,3364.3,3364.59,3363.83,3364.47,186
1779765420,3364.52,3364.89,3364.42,3364.63,173
1779765480,3364.66,3364.92,3364.24,3364.37,141
1779765540,3364.38,3364.66,3364.09,3364.4,175
1779765600,3364.41,3365.69,3364.21,3365.31,215
1779765660,3365.47,3366.98,3365.4,3366.73,249
1779765720,3366.72,3367.87,3366.52,3366.9,204
1779765780,3366.89,3366.89,3366.12,3366.62,209
1779765840,3366.65,3366.86,3366.51,3366.65,156
1779765900,3366.63,3367.24,3366.48,3367.13,229
1779765960,3367.13,3367.42,3366.89,3367.13,176
1779766020,3367.12,3367.17,3366.37,3366.5,218
1779766080,3366.54,3367.38,3366.4,3367.38,175
1779766140,3367.4,3367.52,3367.18,3367.37,201
1779766200,3367.35,3367.58,3367.11,3367.49,148
1779766260,3367.62,3368.36,3367.52,3368.21,171
1779766320,3368.39,3368.93,3368,3368.22,183
1779766380,3368.24,3368.37,3367.87,3368.05,133
1779766440,3368.05,3369.1,3368.05,3369.09,181
1779766500,3368.9,3369.38,3368.58,3368.6,146
1779766560,3368.59,3369.59,3368.4,3369.35,179
1779766620,3369.35,3369.77,3369.21,3369.55,167
1779766680,3369.53,3369.54,3369.04,3369.42,160
1779766740,3369.42,3369.52,3366.7,3368.4,227
1779766800,3368.39,3369.04,3368.37,3369.04,163
1779766860,3369.05,3369.22,3364.52,3367.21,174
1779766920,3367.24,3367.93,3366.24,3367.3,170
1779766980,3367.29,3367.31,3366.85,3367.02,148
1779767040,3367,3367.08,3366.63,3366.99,137
1779767100,3366.9,3367.49,3366.56,3367.49,145
1779767160,3367.5,3367.56,3367,3367.25,138
1779767220,3367.27,3367.69,3367.22,3367.66,108
1779767280,3367.68,3367.94,3367.56,3367.61,106
1779767340,3367.61,3367.61,3367.33,3367.36,65
1779767400,3367.36,3368.31,3367.33,3367.63,158
1779767460,3367.72,3367.97,3367.55,3367.72,136
1779767520,3367.7,3368.68,3367.4,3368.68,162
1779767580,3368.66,3368.71,3368.21,3368.44,80
1779767640,3368.42,3368.53,3367.97,3367.97,145
1779767700,3367.99,3368.37,3367.84,3368.05,157
1779767760,3368.03,3368.17,3367.8,3367.94,115
1779767820,3367.98,3368.17,3367.66,3367.66,139
1779767880,3367.66,3367.69,3367.38,3367.47,103
1779767940,3367.09,3367.65,3366.74,3367.55,146
1779768000,3367.5,3367.83,3367.41,3367.64,158
1779768060,3367.65,3367.87,3367.44,3367.82,120
1779768120,3367.82,3368.17,3367.65,3367.95,121
1779768180,3368,3368,3367.26,3367.45,148
1779768240,3367.41,3367.49,3366.83,3366.83,128
1779768300,3366.85,3366.88,3366.08,3366.2,192
1779768360,3366.23,3366.44,3365.94,3365.94,121
1779768420,3365.92,3366.34,3365.8,3365.98,133
1779768480,3366.01,3366.79,3365.72,3366.68,143
1779768540,3366.67,3366.68,3365.58,3365.75,106
1779768600,3365.7,3365.98,3364.73,3364.92,168
1779768660,3365.1,3365.44,3364.31,3364.49,159
1779768720,3364.49,3364.56,3363.37,3363.83,173
1779768780,3363.81,3364.28,3363.4,3363.57,175
1779768840,3363.58,3364.66,3363.43,3363.77,185
1779768900,3363.78,3365.08,3363.78,3364.49,178
1779768960,3364.49,3364.75,3363.49,3364.63,171
1779769020,3364.7,3365.58,3364.62,3365.32,186
1779769080,3365.35,3365.79,3365.12,3365.35,147
1779769140,3365.3,3365.52,3364.67,3364.78,130
1779769200,3364.85,3365.03,3364.71,3364.84,87
1779769260,3364.83,3364.85,3364.39,3364.58,91
1779769320,3364.58,3364.69,3364.3,3364.63,92
1779769380,3364.61,3364.63,3363.62,3363.68,120
1779769440,3363.69,3363.86,3362.71,3362.9,120
1779769500,3362.87,3362.99,3362.17,3362.67,170
1779769560,3362.69,3362.83,3362.21,3362.25,133
1779769620,3362.25,3363.14,3362.23,3362.79,115
1779769680,3362.77,3362.81,3361.8,3362.16,136
1779769740,3361.95,3362.2,3361.11,3361.11,176
1779769800,3361.14,3361.62,3359.65,3360.74,225
1779769860,3360.73,3360.95,3359.49,3359.83,219
1779769920,3359.8,3361.33,3359.57,3361.04,220
1779769980,3361.04,3361.1,3360.03,3360.03,144
1779770040,3360.06,3360.06,3358.78,3359.15,166
1779770100,3359.15,3359.62,3358.94,3359.2,162
1779770160,3359.19,3359.35,3357.73,3357.73,184
1779770220,3357.72,3357.72,3356.28,3356.42,191
1779770280,3356.4,3358.15,3356.36,3357.95,200
1779770340,3357.98,3358.15,3357.63,3357.72,124
1779770400,3357.75,3358.43,3357.51,3358.34,172
1779770460,3358.38,3358.71,3357.4,3357.53,186
1779770520,3357.5,3357.57,3355.96,3357.05,215
1779770580,3357.05,3357.09,3356.77,3357.04,114
1779770640,3357.04,3357.69,3356.57,3356.59,125
1779770700,3356.55,3356.96,3355.55,3356.93,175
1779770760,3357.03,3357.23,3355.98,3357.16,173
1779770820,3357.23,3357.67,3356.66,3357.37,173
1779770880,3357.27,3357.69,3357.22,3357.22,155
1779770940,3357.25,3358.03,3356.9,3357.78,179
1779771000,3357.76,3358.85,3357.76,3358.6,158
1779771060,3358.59,3358.66,3357.85,3358.07,182
1779771120,3358.01,3358.01,3357.44,3357.61,134
1779771180,3357.64,3357.98,3357.06,3357.26,131
1779771240,3357.29,3357.94,3357.29,3357.83,116
1779771300,3357.92,3357.99,3357.35,3357.76,176
1779771360,3357.74,3358.23,3357.74,3358.09,118
1779771420,3358.08,3358.17,3356.09,3356.14,176
1779771480,3356.11,3356.83,3355.25,3356.72,206
1779771540,3356.74,3357.53,3356.74,3356.99,227
1779771600,3356.95,3357.08,3356.45,3356.93,209
1779771660,3356.94,3357.03,3355.32,3356.37,219
1779771720,3356.39,3358.3,3356.21,3358.15,214
1779771780,3358.15,3358.79,3357.91,3358.31,213
1779771840,3358.56,3360.21,3358.34,3359.75,234
1779771900,3359.68,3359.97,3358.88,3359.64,183
1779771960,3359.63,3359.72,3358.44,3358.68,197
1779772020,3358.69,3358.7,3358.01,3358.62,188
1779772080,3358.6,3360.45,3358.54,3360.41,210
1779772140,3360.38,3360.96,3360.38,3360.96,205
1779772200,3360.96,3361.39,3360.71,3360.91,191
1779772260,3360.94,3361.6,3360.86,3361.4,173
1779772320,3361.52,3361.52,3360.96,3361.22,176
1779772380,3361.25,3361.72,3360.2,3361.21,184
1779772440,3361.17,3361.45,3359.97,3360.4,196
1779772500,3360.29,3361.27,3360.25,3360.9,182
1779772560,3360.87,3361.09,3360.73,3360.91,130
1779772620,3360.94,3361.2,3360.59,3361.1,139
1779772680,3361.1,3361.61,3361.09,3361.38,139
1779772740,3361.44,3361.94,3360.66,3360.66,169
1779772800,3360.57,3361.23,3360.4,3361.23,175
1779772860,3361.2,3361.3,3360.37,3360.56,189
1779772920,3360.56,3360.87,3360.38,3360.86,122
1779772980,3360.86,3361.12,3360.49,3360.98,123
1779773040,3360.96,3361.86,3360.95,3361.15,168
1779773100,3361.06,3361.11,3360.17,3360.23,161
1779773160,3360.34,3361.1,3360.32,3361.03,105
1779773220,3361.04,3361.52,3360.59,3360.75,163
1779773280,3360.82,3362.04,3360.74,3361.5,192
1779773340,3361.57,3361.89,3361.44,3361.89,148
1779773400,3361.77,3363.5,3361.59,3362.74,277
1779773460,3362.77,3362.77,3361.33,3361.6,267
1779773520,3361.69,3363.75,3361.31,3363.55,240
1779773580,3363.52,3363.7,3363.09,3363.15,236
1779773640,3363.13,3363.71,3362.68,3363.52,226
1779773700,3363.49,3364.18,3363.45,3363.58,215
1779773760,3363.98,3363.98,3362.6,3363.28,212
1779773820,3363.31,3364.55,3363.2,3364.1,254
1779773880,3364.01,3364.15,3363.75,3364.14,199
1779773940,3364.25,3364.25,3362.9,3362.92,237
1779774000,3362.9,3363.06,3361.01,3361.21,252
1779774060,3361.3,3361.67,3359.65,3360.47,285
1779774120,3360.5,3360.92,3359.95,3359.97,255
1779774180,3359.84,3361.75,3359.84,3360.99,200
1779774240,3361,3361.77,3360.77,3360.96,204
1779774300,3360.92,3360.92,3360.09,3360.32,228
1779774360,3360.32,3360.85,3359.81,3360.03,228
1779774420,3360.05,3360.05,3358.78,3359.43,265
1779774480,3359.41,3360.85,3359.22,3360.83,226
1779774540,3360.82,3361.16,3359.69,3359.78,244
1779774600,3359.67,3359.99,3358.98,3359.99,244
1779774660,3359.97,3360.09,3357.87,3358.29,253
1779774720,3358.23,3358.55,3356.82,3357.11,257
1779774780,3357.1,3358.56,3356.87,3358.25,268
1779774840,3358.27,3359.3,3357.98,3359.23,241
1779774900,3359.22,3359.32,3358.02,3358.22,234
1779774960,3358.22,3359.58,3358.2,3359.54,195
1779775020,3359.52,3359.89,3359.3,3359.78,213
1779775080,3359.77,3360.73,3359.73,3360.54,231
1779775140,3360.58,3360.59,3359.47,3359.7,200
1779775200,3359.72,3361.65,3359.72,3360.98,261
1779775260,3360.96,3361.29,3360.52,3361.2,216
1779775320,3361.18,3362.58,3361.07,3362.41,260
1779775380,3362.39,3362.84,3362.22,3362.64,213
1779775440,3362.65,3362.85,3362.16,3362.75,220
1779775500,3362.73,3363.17,3362.03,3362.36,241
1779775560,3362.27,3362.61,3362.06,3362.35,241
1779775620,3362.33,3363.16,3362.33,3363.07,197
1779775680,3363.02,3363.21,3362.36,3362.7,221
1779775740,3362.67,3363.29,3362.3,3362.44,204
1779775800,3362.46,3362.78,3360.99,3361.37,242
1779775860,3361.34,3361.73,3361.22,3361.6,212
1779775920,3361.6,3361.84,3361.27,3361.6,204
1779775980,3361.6,3363.25,3361.44,3363.05,223
1779776040,3363.07,3363.47,3362.31,3362.57,214
1779776100,3362.59,3362.67,3361.03,3361.72,230
1779776160,3361.7,3362.31,3361.7,3362.09,186
1779776220,3362.06,3363.12,3361.97,3362.08,216
1779776280,3362.04,3362.24,3361.41,3361.73,173
1779776340,3361.69,3361.85,3361.43,3361.8,207
1779776400,3361.78,3363.17,3361.12,3362.98,214
1779776460,3363.1,3363.34,3362.41,3362.7,214
1779776520,3362.65,3363.9,3362.49,3363.15,219
1779776580,3363.18,3364.2,3363.16,3364.2,216
1779776640,3364.11,3364.17,3362.7,3363.3,225
1779776700,3363.3,3364.24,3363.28,3363.87,255
1779776760,3363.85,3364.06,3363.24,3363.27,264
1779776820,3363.31,3363.47,3362.49,3362.6,215
1779776880,3362.57,3362.98,3359.68,3359.91,229
1779776940,3359.9,3361.99,3359.22,3360.79,290
1779777000,3360.89,3361.28,3360,3361.21,225
1779777060,3361.21,3361.44,3360.51,3360.95,250
1779777120,3360.94,3361.46,3360.42,3360.76,257
1779777180,3360.82,3361.49,3360.58,3361.23,226
1779777240,3361.16,3362.06,3361.15,3361.65,247
1779777300,3361.6,3362.49,3361.57,3362.18,221
1779777360,3362.2,3362.42,3361.66,3362.31,228
1779777420,3362.31,3362.95,3362,3362.55,219
1779777480,3362.53,3362.64,3361.45,3361.76,210
1779777540,3361.78,3362.41,3361.39,3362,224
1779777600,3361.97,3363.82,3361.78,3363.16,222
1779777660,3363.22,3363.8,3363.14,3363.59,215
1779777720,3363.6,3363.89,3363.4,3363.42,222
1779777780,3363.21,3363.69,3363.06,3363.6,203
1779777840,3363.58,3363.72,3363.04,3363.63,226
1779777900,3363.64,3363.65,3362.59,3362.6,239
1779777960,3362.63,3362.67,3361.77,3361.86,215
1779778020,3361.91,3362.35,3361.49,3361.81,211
1779778080,3361.81,3362.68,3361.76,3362.42,218
1779778140,3362.49,3362.51,3359.89,3360.48,245
1779778200,3360.52,3361.03,3360.15,3360.9,268
1779778260,3360.96,3361.14,3359.46,3359.76,244
1779778320,3359.81,3360.77,3359.76,3360.2,238
1779778380,3360.19,3361.47,3359.43,3361.41,217
1779778440,3361.41,3362.04,3361.27,3362,213
1779778500,3361.86,3362.54,3361.65,3362.49,186
1779778560,3362.53,3363.44,3362.45,3363.3,218
1779778620,3363.3,3363.41,3362.58,3362.85,214
1779778680,3362.86,3363.05,3361.81,3361.97,207
1779778740,3362.03,3362.25,3361.56,3361.88,237
1779778800,3362.08,3362.9,3361.96,3362.49,246
1779778860,3362.6,3362.97,3362.25,3362.53,243
1779778920,3362.53,3363.72,3362.51,3363.25,240
1779783240,3359.85,3360.3,3359.44,3359.63,140
1779783300,3359.74,3361.08,3359.46,3360.19,239
1779783360,3360.26,3360.69,3359.84,3359.84,218
1779783420,3359.81,3360.91,3359.76,3360.91,182
1779783480,3360.92,3360.92,3360.46,3360.73,192
1779783540,3360.71,3361.14,3360.29,3360.99,220
1779783600,3361.11,3361.21,3359.36,3359.55,209
1779783660,3359.59,3360.14,3359.01,3360.03,224
1779783720,3360,3360.32,3359.88,3360.17,199
1779783780,3360.2,3360.55,3360.13,3360.13,201
1779783840,3360.19,3360.38,3358.04,3358.74,188
1779783900,3358.75,3359.49,3358.17,3358.53,225
1779783960,3358.5,3358.62,3357.1,3357.54,244
1779784020,3357.55,3357.96,3356.66,3357.95,241
1779784080,3357.92,3358.17,3357,3357.17,237
1779784140,3357.06,3357.25,3354.78,3355.97,284
1779784200,3355.75,3355.95,3354.44,3354.92,269
1779784260,3354.93,3356.23,3354.81,3355.24,250
1779784320,3355.27,3355.27,3354.37,3354.67,221
1779784380,3354.62,3355.19,3354.27,3355.11,227
1779784440,3355.14,3355.97,3354.68,3355.18,231
1779784500,3354.71,3355.64,3354.52,3354.67,226
1779784560,3354.6,3355.57,3354.37,3355.54,228
1779784620,3355.52,3356.46,3355.02,3356.38,201
1779784680,3356.2,3356.86,3356.16,3356.41,223
1779784740,3356.19,3356.62,3355.75,3356.21,212
1779784800,3356.26,3356.83,3355.76,3356.6,205
1779784860,3356.57,3357.43,3356.46,3357.42,216
1779784920,3357.41,3359.01,3357.39,3358.81,244
1779784980,3358.8,3358.83,3357.79,3358.08,205
1779785040,3358.14,3359.66,3358.14,3358.95,225
1779785100,3358.94,3359.91,3358.87,3359.35,217
1779785160,3359.14,3360.39,3358.45,3359.26,226
1779785220,3358.76,3359.42,3358.47,3359.05,205
1779785280,3359.03,3359.03,3357.44,3357.85,216
1779785340,3357.82,3357.82,3355.55,3356.28,221
1779785400,3356.3,3356.3,3354.72,3355.85,220
1779785460,3355.87,3357.44,3355.77,3357.44,220
1779785520,3357.5,3357.74,3356.9,3356.91,209
1779785580,3356.99,3357,3356.57,3356.87,200
1779785640,3356.86,3357,3356.51,3356.78,163
1779785700,3356.78,3357.15,3356.33,3356.37,181
1779785760,3356.47,3357.26,3356.47,3356.99,204
1779785820,3357.01,3357.03,3356.16,3356.6,211
1779785880,3356.6,3356.9,3356.41,3356.79,204
1779785940,3356.81,3357.3,3356.11,3357.17,225
1779786000,3357.22,3357.71,3357.03,3357.29,253
1779786060,3357.15,3357.48,3356.63,3357.15,225
1779786120,3357.11,3357.87,3357.05,3357.77,213
1779786180,3357.78,3357.89,3357.09,3357.66,205
1779786240,3357.67,3358.03,3357.09,3357.78,209
1779786300,3357.78,3358.12,3357.59,3357.68,194
1779786360,3357.69,3357.88,3356.95,3357.19,192
1779786420,3357.22,3357.59,3355.82,3356.1,242
1779786480,3356.14,3356.6,3356.01,3356.12,222
1779786540,3356.1,3356.27,3355.5,3356.18,174
1779786600,3356.22,3356.55,3356.06,3356.14,127
1779786660,3356.25,3356.39,3355.97,3356.21,124
1779786720,3356.12,3356.23,3355.13,3355.93,184
1779786780,3355.95,3355.95,3354.21,3354.31,172
1779786840,3354.4,3354.7,3353.25,3354.06,248
1779786900,3354.04,3354.04,3352.87,3353.47,195
1779786960,3353.5,3353.85,3352.87,3353.17,226
1779787020,3353.31,3356.2,3352.97,3355.91,274
1779787080,3355.94,3356.72,3355.92,3356.69,251
1779787140,3356.66,3356.98,3356.32,3356.65,242
1779787200,3357.05,3357.05,3355.53,3355.79,234
1779787260,3355.86,3357.09,3355.47,3356.75,219
1779787320,3356.62,3356.69,3356.18,3356.42,205
1779787380,3356.46,3356.49,3354.14,3354.17,238
1779787440,3354.25,3355.59,3354.15,3355.06,201
1779787500,3355.03,3356.4,3354.9,3356.33,227
1779787560,3356.32,3357.09,3355.55,3357.01,222
1779787620,3357.62,3358.03,3357.16,3357.94,196
1779787680,3357.97,3357.98,3356.89,3357.81,223
1779787740,3357.83,3357.92,3356.11,3356.26,232
1779787800,3356.27,3356.47,3353.14,3354.07,263
1779787860,3354.08,3354.22,3351.88,3352.13,254
1779787920,3352.17,3352.46,3350.19,3351.44,277
1779787980,3351.43,3353.17,3351.43,3352.69,269
1779788040,3352.72,3352.74,3350.92,3350.92,238
1779788100,3351.09,3351.36,3349.78,3350.48,243
1779788160,3350.42,3351.54,3350,3350.47,232
1779788220,3350.25,3351.82,3350.25,3351.31,206
1779788280,3351.32,3351.78,3350.78,3351.43,212
1779788340,3351.44,3351.44,3349.81,3350.46,212
1779788400,3350.54,3350.64,3349.68,3350.46,216
1779788460,3350.46,3350.49,3349.74,3350.49,246
1779788520,3350.47,3350.51,3346.4,3348.44,271
1779788580,3348.26,3349.23,3347.57,3348.83,258
1779788640,3349.35,3349.63,3347.65,3348.4,240
1779788700,3348.28,3350.39,3348.28,3350.28,269
1779788760,3350.32,3351.26,3350.28,3351.01,255
1779788820,3350.97,3351.64,3350.14,3351.4,236
1779788880,3351.43,3351.43,3350.35,3350.86,202
1779788940,3350.89,3351.96,3350.58,3351.96,214
1779789000,3352.01,3352.39,3351,3351.33,243
1779789060,3351.31,3352.39,3351.3,3352.38,205
1779789120,3352.31,3352.71,3352.11,3352.45,191
1779789180,3352.46,3352.47,3350.95,3351.25,196
1779789240,3351.27,3352.27,3350.93,3352.14,209
1779789300,3352.11,3352.26,3350.53,3350.54,234
1779789360,3350.51,3351.82,3350.51,3351.34,225
1779789420,3351.38,3351.71,3350.33,3351.09,245
1779789480,3351,3353.33,3350.8,3353.12,267
1779789540,3353.12,3354.75,3352.98,3354.18,265
1779789600,3354.48,3355.04,3353.66,3354.75,269
1779789660,3354.57,3355.01,3353.87,3354.69,234
1779789720,3354.61,3354.63,3353.56,3354.08,196
1779789780,3354.08,3354.67,3352.61,3352.86,245
1779789840,3352.83,3353.65,3352.58,3353.28,234
1779789900,3353.23,3354.03,3352.9,3353.73,183
1779789960,3353.76,3354.36,3353.55,3354.13,142
1779790020,3354.2,3355.84,3354.2,3355.49,225
1779790080,3355.74,3356.11,3354.97,3356,228
1779790140,3356.13,3356.65,3355.27,3356.65,229
1779790200,3356.74,3358.07,3356.52,3357.87,247
1779790260,3357.74,3358.94,3357.57,3358.94,244
1779790320,3358.95,3360.18,3358.95,3360.09,259
1779790380,3359.95,3361.58,3358.79,3358.82,301
1779790440,3358.8,3359.78,3358.32,3359.78,281
1779790500,3359.83,3362.22,3359.83,3361.98,259
1779790560,3362.01,3362.46,3360.78,3361.05,256
1779790620,3361.08,3361.45,3359.53,3359.64,228
1779790680,3359.61,3359.94,3358.71,3359.5,233
1779790740,3359.48,3359.69,3358.18,3358.63,217
1779790800,3358.63,3359.97,3358.4,3359.92,188
1779790860,3359.98,3361.67,3359.98,3361.29,213
1779790920,3361.28,3362.15,3360.93,3361.42,239
1779790980,3361.48,3362.12,3361.3,3361.31,217
1779791040,3361.33,3361.94,3361.14,3361.7,193
1779791100,3361.68,3362.04,3361.56,3361.95,179
1779791160,3361.93,3362.58,3361.92,3362.18,201
1779791220,3362.19,3362.76,3361.82,3362.76,182
1779791280,3362.76,3363.69,3362.22,3362.61,280
1779791340,3362.65,3362.65,3361.19,3362.25,253
1779791400,3362.22,3363.32,3362.22,3363.05,284
1779791460,3363.09,3363.23,3362.18,3362.62,262
1779791520,3362.61,3363.15,3362.39,3362.67,241
1779791580,3362.68,3363.44,3362.25,3363.34,254
1779791640,3363.35,3365.91,3363.18,3365.83,280
1779791700,3365.85,3365.85,3363.47,3363.88,274
1779791760,3363.91,3365.45,3363.83,3364.89,274
1779791820,3364.97,3364.97,3363.41,3363.52,219
1779791880,3363.49,3363.62,3362.7,3363.18,236
1779791940,3363.17,3363.44,3362.99,3363.21,202
1779792000,3363.21,3363.36,3362.55,3363.12,215
1779792060,3363.09,3363.51,3362.92,3363.11,185
1779792120,3363.15,3363.27,3362.4,3362.4,209
1779792180,3362.41,3363.25,3361.32,3361.49,251
1779792240,3361.49,3362.61,3361.17,3362.17,244
1779792300,3362.27,3364.09,3362.21,3363.95,228
1779792360,3363.89,3364.12,3362.48,3363.22,193
1779792420,3363.22,3363.4,3362.56,3362.73,202
1779792480,3362.79,3364.12,3362.77,3364.1,197
1779792540,3364.09,3365.27,3363.67,3365.27,242
1779792600,3365.28,3367.52,3365.14,3365.68,303
1779792660,3365.68,3365.83,3364.49,3365.13,271
1779792720,3365.14,3365.15,3363.6,3363.86,264
1779792780,3363.91,3364,3362.89,3363.16,227
1779792840,3363.16,3363.23,3361.85,3362.31,227
1779792900,3362.34,3362.39,3361.64,3361.82,209
1779792960,3361.77,3362.28,3361.76,3362.02,202
1779793020,3362.12,3362.2,3361.64,3361.97,224
1779793080,3361.93,3362.64,3361.75,3362.64,202
1779793140,3362.62,3362.87,3362.42,3362.72,212
1779793200,3362.81,3363.15,3361.53,3362.53,229
1779793260,3362.53,3362.57,3362.03,3362.11,234
1779793320,3362.06,3362.25,3361.47,3361.86,215
1779793380,3361.89,3362.99,3361.71,3362.78,239
1779793440,3362.75,3363.39,3362.75,3363.21,196
1779793500,3363.2,3363.2,3362.16,3362.39,225
1779793560,3362.39,3362.79,3362,3362.17,172
1779793620,3362.17,3362.17,3361.48,3361.98,175
1779793680,3362.01,3362.72,3361.51,3362.7,180
1779793740,3362.72,3362.73,3362.19,3362.19,164
1779793800,3362.2,3362.5,3361.89,3362.05,161
1779793860,3362.07,3362.62,3361.62,3361.71,164
1779793920,3361.72,3361.73,3360.79,3360.79,187
1779793980,3360.82,3360.89,3360.22,3360.76,194
1779794040,3360.76,3360.94,3360.28,3360.58,186
1779794100,3360.6,3361.04,3360.33,3360.51,212
1779794160,3360.47,3361.32,3360.45,3360.89,192
1779794220,3360.92,3361.1,3359.89,3360.03,232
1779794280,3360.04,3360.13,3359.52,3359.75,219
1779794340,3359.72,3359.85,3358.93,3359.02,226
1779794400,3359.04,3359.45,3358.59,3358.62,247
1779794460,3358.56,3358.79,3357.7,3357.76,240
1779794520,3357.79,3357.91,3356.69,3356.83,239
1779794580,3356.82,3357.07,3355.91,3356.56,247
1779794640,3356.54,3357.44,3356.05,3356.31,230
1779794700,3356.29,3356.44,3355.49,3355.82,203
1779794760,3356.09,3356.89,3355.28,3355.9,241
1779794820,3355.91,3356.33,3354.85,3355.71,258
1779794880,3355.69,3355.76,3355.13,3355.32,223
1779794940,3355.47,3356.17,3355.22,3355.69,244
1779795000,3355.63,3355.7,3348.49,3351.66,249
1779795060,3351.52,3353.28,3351.47,3352.24,280
1779795120,3352.16,3354.91,3351.01,3353.23,296
1779795180,3353.61,3355.04,3353.14,3354.23,252
1779795240,3354.23,3354.73,3351.96,3352.82,306
1779795300,3352.8,3352.85,3338.17,3345.32,307
1779795360,3345.11,3350.61,3341.44,3347.63,320
1779795420,3347.48,3350.35,3345.13,3349.71,307
1779795480,3349.73,3350.42,3346.66,3346.89,286
1779795540,3346.98,3348.33,3344.09,3347.12,300
1779795600,3347.1,3348.17,3345.86,3348.05,287
1779795660,3348.15,3349.52,3347.77,3348.72,283
1779795720,3348.73,3348.89,3343.4,3344.33,294
1779795780,3344.3,3347.11,3340.61,3346.51,312
1779795840,3346.79,3348.81,3346.4,3348.41,269
1779795900,3348.38,3349.27,3346.79,3347.6,271
1779795960,3347.62,3349.89,3347.37,3349.85,270
1779796020,3349.79,3352.17,3349.74,3351.65,263
1779796080,3351.69,3351.86,3350.63,3350.68,260
1779796140,3350.69,3351.11,3350.23,3350.23,229
1779796200,3350.1,3351.63,3349.82,3351.49,261
1779796260,3351.41,3352.14,3351.12,3351.12,228
1779796320,3351.1,3351.1,3345.73,3348.72,288
1779796380,3349.86,3349.93,3348.57,3349.09,254
1779796440,3349.07,3350.04,3348.71,3349.46,268
1779796500,3349.52,3349.59,3346.79,3346.99,251
1779796560,3346.99,3348.66,3346.97,3348.11,257
1779796620,3348.22,3349.54,3347.58,3348.07,255
1779796680,3348.1,3348.84,3340.71,3343.49,256
1779796740,3342.85,3345.63,3339.58,3345.5,302
1779796800,3345.44,3348.28,3344.56,3348.28,303
1779796860,3348.21,3348.77,3347.47,3348.09,283
1779796920,3348.18,3348.4,3347.28,3348.25,257
1779796980,3347.58,3348.13,3346.08,3346.76,245
1779797040,3346.73,3347.39,3346.04,3347.11,247
1779797100,3347.1,3347.96,3346.49,3347.47,248
1779797160,3347.45,3348.21,3346.26,3346.26,267
1779797220,3346.19,3347.52,3346.11,3347.08,249
1779797280,3347.06,3349.91,3346.48,3348.22,307
1779797340,3348.3,3349.05,3347.1,3348.84,281
1779797400,3348.81,3348.91,3346.87,3348.01,268
1779797460,3348,3349.33,3347.42,3348.63,227
1779797520,3348.71,3349.22,3348.63,3348.87,234
1779797580,3348.84,3349.49,3347.69,3348.9,238
1779797640,3348.86,3349.2,3347.35,3348.69,268
1779797700,3348.7,3352.67,3348.31,3351.58,283
1779797760,3351.65,3352.35,3350.92,3351.77,273
1779797820,3351.73,3351.73,3349.99,3350.92,268
1779797880,3350.91,3350.91,3349.89,3350.37,215
1779797940,3350.41,3350.44,3349.13,3349.43,237
1779798000,3349.22,3349.56,3346.35,3346.95,244
1779798060,3346.85,3349.19,3346.72,3349.09,254
1779798120,3349.16,3349.45,3347.82,3348.19,213
1779798180,3348.18,3348.27,3346.58,3347.11,232
1779798240,3347.09,3348.61,3346.66,3347.18,261
1779798300,3347.16,3348,3346.9,3347.92,244
1779798360,3347.82,3348.49,3346.26,3346.27,254
1779798420,3346.28,3346.68,3346,3346.6,212
1779798480,3346.62,3346.62,3336.9,3340.33,271
1779798540,3340.6,3344.38,3339.43,3344.35,196
1779798600,3344.26,3344.52,3341.96,3342.56,286
1779798660,3342.57,3344.63,3340.48,3344.63,294
1779798720,3344.55,3344.91,3343.46,3343.85,249
1779798780,3343.69,3344.7,3343.58,3344.58,247
1779798840,3344.97,3347.46,3344.54,3347.4,266
1779798900,3347.34,3347.44,3345.48,3346.24,266
1779798960,3346.22,3347.08,3345.55,3345.66,237
1779799020,3345.62,3345.79,3344.54,3344.68,252
1779799080,3344.7,3345.62,3343.89,3343.89,247
1779799140,3343.35,3343.67,3342.03,3342.94,272
1779799200,3342.84,3344.18,3342.76,3343.96,251
1779799260,3343.94,3345.3,3343.55,3345.27,221
1779799320,3345.25,3349.14,3345.15,3348.24,270
1779799380,3348.2,3348.86,3347.54,3347.95,281
1779799440,3348.16,3349.75,3347.92,3349.69,256
1779799500,3349.68,3350.12,3348.66,3349.02,244
1779799560,3349.9,3351.49,3349.62,3351.46,263
1779799620,3351.45,3352.76,3350.45,3351.22,277
1779799680,3351.21,3353.73,3351.21,3353.65,258
1779799740,3353.67,3356.62,3353.67,3355.62,308
1779799800,3355.55,3356.8,3353.55,3353.87,312
1779799860,3353.91,3355.55,3353.91,3355.54,281
1779799920,3355.55,3356.81,3355.18,3356.62,268
1779799980,3356.64,3358.37,3356.06,3357.45,275
1779800040,3357.34,3358.15,3356.75,3357.92,250
1779800100,3357.87,3358.68,3356.57,3358.13,275
1779800160,3358.13,3358.69,3357.8,3358.1,274
1779800220,3358.11,3358.86,3358.02,3358.14,238
1779800280,3358.21,3358.27,3356.23,3356.31,264
1779800340,3356.41,3356.84,3355.61,3356.66,246
1779800400,3356.29,3359.17,3356.13,3358.68,296
1779800460,3358.54,3359.03,3356.95,3358.51,280
1779800520,3358.53,3360.57,3357.84,3359.46,289
1779800580,3359.45,3359.45,3357.96,3358.46,257
1779800640,3358.5,3360.08,3357.85,3359.23,254
1779800700,3359.13,3359.34,3357.02,3357.23,240
1779800760,3357.25,3357.74,3356.32,3357.73,264
1779800820,3357.72,3357.81,3356.19,3356.57,258
1779800880,3356.58,3357.62,3356.55,3357.21,242
1779800940,3357.19,3359.29,3357.06,3358.45,249
1779801000,3358.53,3358.53,3357.04,3357.44,235
1779801060,3356.95,3357.02,3352.75,3355,292
1779801120,3354.99,3356.27,3354.53,3355.73,260
1779801180,3355.73,3355.75,3354.2,3355.09,259
1779801240,3355.04,3356.76,3354.62,3355.23,266
1779801300,3355.23,3356.28,3355.23,3355.99,218
1779801360,3356.02,3356.02,3354.98,3355.16,218
1779801420,3355.19,3356.87,3355.07,3356.72,205
1779801480,3356.71,3357.64,3355.62,3356.2,259
1779801540,3356.2,3357.29,3356.17,3356.77,232
1779801600,3356.74,3357.67,3356.74,3357.59,234
1779801660,3357.61,3360.62,3357.57,3359.51,283
1779801720,3359.48,3360.69,3359,3359.18,263
1779801780,3359.27,3360.73,3358.43,3359.11,265
1779801840,3359.14,3360.66,3358.76,3360.41,292
1779801900,3360.44,3361.47,3360.36,3361.34,276
1779801960,3361.26,3361.5,3360.07,3360.07,247
1779802020,3360.06,3360.95,3360.06,3360.63,235
1779802080,3360.4,3360.4,3358.94,3359.28,270
1779802140,3359.38,3359.48,3358.62,3358.82,274
1779802200,3358.82,3362.63,3358.82,3360.38,306
1779802260,3360.3,3361.56,3358.93,3360.9,302
1779802320,3360.89,3362.81,3360.89,3362.06,301
1779802380,3362.15,3362.45,3358.94,3359.42,298
1779802440,3359.68,3360.28,3358.49,3358.91,303
1779802500,3358.89,3359.3,3357.96,3359.19,292
1779802560,3359.2,3360.29,3358.62,3360.09,296
1779802620,3360.11,3362.44,3359.84,3362.27,287
1779802680,3362.31,3362.63,3361.29,3361.29,282
1779802740,3361.41,3361.41,3359.83,3359.88,279
1779802800,3359.9,3362.96,3359.7,3361.98,293
1779802860,3362.08,3363.44,3361.84,3363.39,282
1779802920,3363.31,3363.46,3362.72,3363.32,289
1779802980,3363.38,3363.71,3362.77,3363.28,293
1779803040,3363.29,3364.96,3362.54,3362.8,284
1779803100,3362.97,3363.97,3362.42,3363,270
1779803160,3362.99,3362.99,3361.39,3362.65,288
1779803220,3362.62,3362.74,3361.44,3362.28,272
1779803280,3362.36,3363.04,3361.44,3361.44,289
1779803340,3361.14,3361.53,3360.55,3360.8,285
1779803400,3360.86,3361.29,3357.08,3357.16,299
1779803460,3357.25,3358.58,3355.8,3357,322
1779803520,3357.02,3358.59,3355.89,3357.8,298
1779803580,3357.73,3357.78,3353.45,3354.54,317
1779803640,3354.57,3355.82,3354.27,3354.8,307
1779803700,3354.85,3356.1,3354.6,3355.25,299
1779803760,3355.24,3356.14,3354.85,3355.12,307
1779803820,3355.14,3355.54,3353.57,3353.66,298
1779803880,3353.68,3353.78,3352.37,3352.48,281
1779803940,3352.48,3352.85,3351.76,3352.79,270
1779804000,3353.21,3353.87,3351.18,3352.19,305
1779804060,3352.11,3353.59,3350.71,3352.98,318
1779804120,3352.96,3353.62,3352.53,3353.62,297
1779804180,3353.86,3354.3,3352.69,3353.9,297
1779804240,3353.83,3354.9,3353.44,3354.67,281
1779804300,3354.64,3356.42,3354.23,3356.35,307
1779804360,3356.46,3356.61,3355.44,3355.75,274
1779804420,3355.84,3357.01,3355.6,3356.52,282
1779804480,3356.56,3356.76,3354.85,3355.44,287
1779804540,3355.41,3355.62,3353.73,3354.03,284
1779804600,3354.02,3354.02,3352.71,3353.12,300
1779804660,3353.12,3353.28,3351.31,3351.97,271
1779804720,3351.91,3352.58,3349.99,3350.47,281
1779804780,3350.49,3351.27,3349.71,3350.49,291
1779804840,3350.49,3350.99,3348.72,3350.99,295
1779804900,3350.75,3351.42,3350.18,3350.3,285
1779804960,3350.23,3351.09,3349.94,3350.95,273
1779805020,3350.92,3351.34,3349.48,3350.07,254
1779805080,3350.08,3352.38,3349.88,3351.95,285
1779805140,3351.94,3353.83,3351.76,3353.64,261
1779805200,3353.67,3353.74,3353.18,3353.34,281
1779805260,3353.34,3353.62,3352.47,3352.51,264
1779805320,3352.51,3355.3,3352.28,3354.59,294
1779805380,3354.74,3354.97,3353.96,3354.31,273
1779805440,3354.34,3354.9,3353.96,3354.81,255
1779805500,3354.86,3356.01,3354.85,3355.6,278
1779805560,3355.64,3355.86,3355.25,3355.79,249
1779805620,3355.79,3356.17,3355.26,3355.3,228
1779805680,3355.33,3355.65,3354.8,3355.02,267
1779805740,3355.06,3356.32,3355.06,3356.26,269
1779805800,3356.32,3358.12,3356.32,3357.51,274
1779805860,3357.63,3358.1,3357.03,3357.15,264
1779805920,3357.14,3358.09,3356.83,3357.32,234
1779805980,3357.31,3358.13,3355.46,3356.36,298
1779806040,3356.36,3356.95,3355.18,3355.29,269
1779806100,3355.21,3357.05,3355.19,3357.05,281
1779806160,3357.07,3358.26,3356.75,3357.48,295
1779806220,3357.54,3359.02,3357.54,3358.7,274
1779806280,3358.49,3359.97,3358.27,3359.76,272
1779806340,3359.87,3360.56,3358.68,3358.8,279
1779806400,3358.83,3359.43,3358.55,3359.34,247
1779806460,3359.34,3359.34,3357.84,3357.84,248
1779806520,3357.84,3358.05,3357.29,3357.94,251
1779806580,3357.82,3358.23,3357.45,3357.85,279
1779806640,3357.85,3358.95,3357.75,3358.88,244
1779806700,3358.86,3359.35,3358.29,3359.23,269
1779806760,3359.2,3359.2,3357.76,3358.21,250
1779806820,3358.29,3358.42,3357.59,3357.95,246
1779806880,3357.9,3357.92,3356.9,3357.04,270
1779806940,3357.05,3357.97,3356.66,3357.27,256
1779807000,3357.19,3357.34,3356.32,3356.5,226
1779807060,3356.54,3357.35,3356.33,3357.2,242
1779807120,3357.22,3357.81,3357.03,3357.13,248
1779807180,3357.11,3357.88,3356.64,3357.33,280
1779807240,3357.27,3357.68,3356.14,3356.31,262
1779807300,3356.38,3356.54,3354.64,3354.8,280
1779807360,3354.75,3355.76,3354.19,3355.71,289
1779807420,3355.81,3356.69,3355.3,3356.41,283
1779807480,3356.37,3356.97,3355.57,3356.66,282
1779807540,3356.7,3357.18,3356,3357.14,270
1779807600,3357.33,3357.33,3356.3,3356.33,278
1779807660,3356.31,3356.34,3355.07,3355.08,278
1779807720,3355.12,3355.21,3353.73,3353.99,300
1779807780,3353.85,3355.11,3352.81,3354.91,297
1779807840,3354.8,3355.45,3354.08,3355.3,279
1779807900,3355.31,3356.86,3355.25,3356.67,286
1779807960,3356.15,3356.19,3353.1,3354.89,290
1779808020,3354.72,3355.44,3353.76,3355.31,275
1779808080,3355.26,3356.14,3354.89,3356.06,267
1779808140,3356.07,3356.48,3354.97,3355.49,272
1779808200,3355.43,3356.64,3355.37,3355.5,267
1779808260,3355.5,3355.64,3354.28,3354.66,259
1779808320,3354.69,3355.24,3354.32,3355.18,255
1779808380,3355.03,3355.03,3353.49,3353.89,273
1779808440,3353.92,3354.87,3353.91,3354.26,256
1779808500,3354.12,3354.95,3354.12,3354.81,264
1779808560,3354.81,3354.95,3354.11,3354.48,248
1779808620,3354.4,3354.61,3352.57,3352.79,299
1779808680,3352.75,3353.63,3352.21,3353.44,281
1779808740,3353.45,3355.07,3353.02,3354.5,272
1779808800,3354.58,3354.74,3353.45,3353.9,273
1779808860,3353.89,3354.39,3353.22,3353.59,265
1779808920,3353.62,3354.14,3353.29,3353.77,251
1779808980,3353.82,3354.24,3353.4,3353.81,252
1779809040,3353.81,3354.35,3352.99,3353.96,259
1779809100,3353.97,3354.88,3353.36,3353.5,270
1779809160,3353.5,3354.35,3353.37,3353.8,277
1779809220,3353.81,3353.83,3352.2,3352.49,252
1779809280,3352.45,3353.84,3352.34,3353.24,281
1779809340,3353.23,3353.39,3352.23,3352.23,272
1779809400,3352.25,3353.44,3351.64,3351.98,276
1779809460,3352.08,3352.23,3350.6,3350.92,283
1779809520,3350.89,3352.25,3350.89,3351.05,283
1779809580,3351.13,3352.85,3351.05,3352.73,244
1779809640,3352.61,3352.63,3351.87,3352.17,270
1779809700,3352.13,3353.07,3351.7,3352.5,287
1779809760,3352.49,3352.8,3351.46,3351.46,271
1779809820,3351.45,3352.23,3350.26,3350.5,301
1779809880,3350.48,3351.91,3350.48,3351.91,271
1779809940,3351.88,3354.15,3351.75,3354.14,270
1779810000,3354.15,3354.86,3353.65,3354.05,290
1779810060,3354.18,3354.42,3353.62,3354.39,281
1779810120,3354.38,3355.06,3354.03,3354.23,266
1779810180,3353.95,3354.58,3353.48,3354.51,264
1779810240,3354.44,3354.8,3354,3354.72,242
1779810300,3354.74,3355.34,3354.48,3355.19,270
1779810360,3355.25,3355.28,3353.82,3354.11,256
1779810420,3354.08,3354.18,3353.47,3353.91,217
1779810480,3354.08,3354.45,3353.62,3354.19,236
1779810540,3354.1,3354.2,3353.15,3353.33,280
1779810600,3353.32,3353.66,3353,3353.47,247
1779810660,3353.47,3355.02,3353.47,3354.96,260
1779810720,3354.94,3355.95,3354.94,3355.86,262
1779810780,3355.89,3356.73,3355.6,3355.82,238
1779810840,3355.73,3356.07,3355.25,3355.76,242
1779810900,3355.69,3355.69,3354.78,3354.78,263
1779810960,3354.83,3354.83,3353.65,3353.87,288
1779811020,3353.85,3354.6,3353.61,3354.33,274
1779811080,3354.35,3354.98,3354.03,3354.29,255
1779811140,3354.23,3354.62,3353.99,3354.05,254
1779811200,3354.34,3355.23,3354.34,3354.5,272
1779811260,3354.42,3355.32,3354.42,3355.23,240
1779811320,3355.22,3355.36,3354.14,3354.19,276
1779811380,3353.99,3354.14,3352.97,3353.66,245
1779811440,3353.67,3353.67,3353.22,3353.27,222
1779811500,3353.27,3353.29,3352.53,3352.67,213
1779811560,3352.68,3352.79,3350.71,3351.66,258
1779811620,3351.69,3351.75,3351.24,3351.45,239
1779811680,3351.56,3351.56,3350.52,3350.54,208
1779811740,3350.6,3350.69,3349.77,3350.27,262
1779811800,3350.3,3350.7,3350.15,3350.15,250
1779811860,3350.08,3350.17,3349.52,3349.99,234
1779811920,3349.93,3349.93,3348.38,3349.25,264
1779811980,3349.22,3349.56,3349.05,3349.08,263
1779812040,3349.18,3349.52,3348.22,3348.74,257
1779812100,3348.67,3348.76,3348,3348,266
1779812160,3348.07,3348.6,3347.75,3348.1,256
1779812220,3347.96,3348.64,3347.02,3348.37,276
1779812280,3348.43,3349.55,3348.07,3348.76,262
1779812340,3348.73,3350.62,3348.66,3350.06,270
1779812400,3350.19,3350.53,3348.35,3348.56,257
1779812460,3348.49,3349.25,3348.36,3349.22,254
1779812520,3349.21,3350.67,3349.21,3350.09,230
1779812580,3350.12,3350.77,3350.12,3350.32,199
1779812640,3350.36,3351.34,3350.11,3351.34,209
1779812700,3351.31,3352.22,3350.97,3352.16,213
1779812760,3352.14,3352.63,3351.83,3352.63,220
1779812820,3352.75,3352.89,3352.09,3352.47,175
1779812880,3352.47,3353.02,3352.3,3352.74,213
1779812940,3352.77,3353.26,3352.49,3352.77,221
1779813000,3352.8,3353.57,3352.3,3352.83,260
1779813060,3352.87,3353.53,3352.68,3353.2,222
1779813120,3353.14,3353.73,3352.91,3353.71,223
1779813180,3353.71,3354.74,3352.89,3353.94,273
1779813240,3353.94,3354.26,3353.59,3353.69,237
1779813300,3353.69,3354.38,3353.69,3354.03,236
1779813360,3354.02,3354.02,3353.32,3353.86,256
1779813420,3353.89,3354.58,3353.87,3354.2,240
1779813480,3354.16,3354.73,3353.66,3354.54,223
1779813540,3354.52,3354.54,3353.39,3353.43,236
1779813600,3353.44,3353.87,3353.13,3353.2,201
1779813660,3353.27,3353.95,3353.25,3353.48,223
1779813720,3353.45,3353.53,3352.58,3352.65,248
1779813780,3352.63,3353.55,3352.61,3353.1,227
1779813840,3353.1,3353.16,3352.51,3352.81,194
1779813900,3352.77,3353.44,3352.63,3352.89,237
1779813960,3352.87,3353.23,3352.38,3353.12,237
1779814020,3353.18,3353.22,3351.8,3351.95,204
1779814080,3351.9,3352.31,3350.55,3350.83,261
1779814140,3350.92,3351.1,3350.35,3350.35,247
1779814200,3350.42,3351.42,3350.23,3351.4,236
1779814260,3351.42,3352.13,3351.18,3352.13,219
1779814320,3352.14,3352.33,3351.31,3351.34,212
1779814380,3351.37,3351.42,3350.93,3351.25,212
1779814440,3351.24,3352.15,3351.24,3352.06,231
1779814500,3352,3352.17,3351.46,3351.48,199
1779814560,3351.51,3351.73,3351.28,3351.73,209
1779814620,3351.74,3351.94,3351.48,3351.92,207
1779814680,3351.89,3352.25,3351.73,3351.73,187
1779814740,3351.78,3351.78,3351.44,3351.58,195
1779814800,3351.61,3351.69,3351.12,3351.53,213
1779814860,3351.59,3352.23,3351.53,3351.85,213
1779814920,3351.86,3352.88,3351.8,3352.8,231
1779814980,3352.82,3353.14,3352.35,3352.38,244
1779815040,3352.44,3352.49,3351.97,3352.09,202
1779815100,3352.1,3352.24,3350.9,3351.25,238
1779815160,3351.29,3351.57,3350.87,3351.32,214
1779815220,3351.32,3351.41,3350.65,3350.84,242
1779815280,3350.82,3350.88,3349.91,3349.96,203
1779815340,3349.76,3350.51,3349.58,3350.18,210
1779815400,3350.22,3350.53,3349.75,3349.8,213
1779815460,3349.74,3349.8,3349.41,3349.7,190
1779815520,3349.69,3349.75,3349.45,3349.63,178
1779815580,3349.61,3349.98,3349.39,3349.65,136
1779815640,3349.63,3349.83,3349.35,3349.46,183
1779815700,3349.55,3349.91,3349.24,3349.87,207
1779815760,3349.71,3349.85,3349.21,3349.37,218
1779815820,3349.4,3349.75,3349.3,3349.62,179
1779815880,3349.64,3350.12,3349.6,3349.78,177
1779815940,3349.87,3350.06,3349.58,3349.9,196
1779816000,3349.88,3350.86,3349.79,3350.47,231
1779816060,3350.44,3350.49,3350.15,3350.33,164
1779816120,3350.33,3351.25,3350.33,3351.21,216
1779816180,3351.22,3351.61,3350.67,3351.37,237
1779816240,3351.41,3351.99,3351.14,3351.99,242
1779816300,3351.98,3352.06,3351.07,3351.36,243
1779816360,3351.35,3352.56,3351.04,3352.56,236
1779816420,3352.55,3352.62,3351.66,3352.18,204
1779816480,3352.14,3352.14,3350.67,3350.87,245
1779816540,3350.91,3350.91,3347.91,3348.57,297
1779816600,3348.54,3348.61,3346.09,3346.59,291
1779816660,3346.65,3347.93,3346.53,3347.86,261
1779816720,3347.88,3348.03,3346.98,3347.37,257
1779816780,3347.44,3347.86,3347.34,3347.69,238
1779816840,3347.65,3347.75,3346.83,3346.9,238
1779816900,3346.87,3347.73,3346.79,3347.1,231
1779816960,3347.06,3347.39,3345.68,3346.46,252
1779817020,3346.43,3346.58,3345.45,3346.18,233
1779817080,3346.17,3346.95,3345.3,3345.65,216
1779817140,3345.73,3346.91,3345.57,3346.85,222
1779817200,3346.86,3348.12,3346.79,3348,215
1779817260,3347.95,3348.1,3346.43,3347.52,221
1779817320,3347.56,3347.63,3346.38,3346.85,234
1779817380,3346.84,3347.05,3346.03,3346.43,218
1779817440,3346.39,3347.46,3346.29,3347.25,218
1779817500,3347.23,3348.65,3347.19,3348.31,229
1779817560,3348.33,3348.33,3347.39,3347.7,210
1779817620,3347.71,3348.5,3347.66,3348.5,205
1779817680,3348.45,3348.56,3347.71,3348.16,217
1779817740,3348.14,3348.61,3348.08,3348.19,178
1779817800,3348.21,3348.56,3347.34,3347.98,182
1779817860,3348.07,3348.8,3347.95,3348.67,204
1779817920,3348.68,3348.71,3348.36,3348.36,176
1779817980,3348.35,3348.54,3347.17,3347.24,171
1779818040,3347.28,3347.32,3344.86,3345.25,223
1779818100,3345.12,3345.64,3343.17,3343.37,268
1779818160,3343.71,3343.76,3342.13,3343.62,275
1779818220,3343.78,3344.31,3342.92,3344.22,239
1779818280,3344.23,3344.34,3341.15,3341.53,243
1779818340,3341.59,3342.48,3340.17,3341.21,275
1779818400,3341.04,3341.92,3339.81,3341.7,278
1779818460,3341.69,3343.21,3341.61,3342.68,239
1779818520,3342.62,3342.65,3337.5,3337.69,294
1779818580,3337.66,3338.63,3337.01,3338.38,275
1779818640,3338.38,3338.98,3336.96,3338.88,269
1779818700,3338.95,3339.87,3334.91,3335.96,243
1779818760,3335.99,3336.47,3335.59,3336.44,249
1779818820,3336.83,3337.45,3335.59,3336.41,237
1779818880,3336.47,3337.89,3336.16,3337.83,249
1779818940,3338.09,3339.69,3337.78,3339.69,249
1779819000,3339.71,3340.55,3339.38,3340.47,235
1779819060,3340.46,3340.8,3340.13,3340.31,224
1779819120,3340.3,3340.49,3340.03,3340.34,187
1779819180,3340.29,3340.38,3339.8,3340.24,216
1779819240,3340.17,3340.22,3336.95,3337.96,250
1779819300,3338.05,3339.25,3337.7,3339.07,232
1779819360,3339.11,3339.23,3337.84,3338.63,221
1779819420,3338.62,3339.41,3338.39,3338.97,218
1779819480,3339,3340.15,3338.69,3339.76,228
1779819540,3339.75,3340.57,3339.73,3340.52,193
1779819600,3340.48,3341.18,3340.36,3340.67,223
1779819660,3340.71,3341.26,3340.57,3341,202
1779819720,3340.98,3341.59,3340.98,3341.53,202
1779819780,3341.5,3342.01,3341.34,3341.78,219
1779819840,3341.78,3342.47,3341.77,3342,233
1779819900,3342,3343.74,3341.53,3343.74,235
1779819960,3343.73,3344.75,3343.73,3343.93,241
1779820020,3343.99,3344.41,3343.77,3343.96,226
1779820080,3344.04,3344.04,3343.17,3343.51,237
1779820140,3343.46,3344.36,3343.38,3344.18,216
1779820200,3344.08,3344.42,3343.28,3343.88,226
1779820260,3343.9,3344.79,3343.75,3344.4,206
1779820320,3344.43,3345.01,3344.07,3345.01,215
1779820380,3345,3346.1,3344.94,3345.36,233
1779820440,3345.33,3345.39,3344.77,3345.39,207
1779820500,3345.4,3345.4,3344.34,3344.55,244
1779820560,3344.44,3344.75,3344.1,3344.25,204
1779820620,3344.15,3344.93,3344.09,3344.57,192
1779820680,3344.55,3344.65,3343.98,3344.14,211
1779820740,3344.12,3344.95,3343.96,3344.8,195
1779820800,3344.82,3345.02,3344.67,3344.82,212
1779820860,3344.78,3345.11,3344.75,3344.96,175
1779820920,3344.96,3345.07,3344.26,3344.54,229
1779820980,3344.53,3344.89,3344.39,3344.44,189
1779821040,3344.41,3344.82,3344.33,3344.56,173
1779821100,3344.55,3345.14,3344.54,3345.04,158
1779821160,3345.06,3345.66,3345.05,3345.22,187
1779821220,3345.24,3345.91,3345.18,3345.86,165
1779821280,3345.86,3345.98,3345.63,3345.7,152
1779821340,3345.84,3346.06,3345.18,3345.57,199
1779821400,3345.59,3345.9,3345.49,3345.63,217
1779821460,3345.65,3346.47,3345.33,3346.29,201
1779821520,3346.28,3346.45,3346.13,3346.39,171
1779821580,3346.44,3346.53,3345.71,3345.88,213
1779821640,3345.84,3346.07,3345.28,3345.95,209
1779821700,3345.93,3346.71,3345.65,3346.67,219
1779821760,3346.64,3346.75,3346.36,3346.39,192
1779821820,3346.39,3346.51,3345.91,3345.99,219
1779821880,3346.02,3346.36,3345.84,3346.03,196
1779821940,3346.07,3346.48,3345.82,3346.48,170
1779822000,3346.55,3347.12,3345.79,3345.83,242
1779822060,3345.81,3346.63,3345.73,3346.21,228
1779822120,3346.23,3346.44,3345.8,3346.31,189
1779822180,3346.33,3347.66,3346.33,3347.13,205
1779822240,3347.19,3347.25,3346.5,3346.84,164
1779822300,3346.93,3347.09,3346.16,3346.34,185
1779822360,3346.3,3346.56,3346.05,3346.55,178
1779822420,3346.6,3346.9,3346.41,3346.75,175
1779822480,3346.74,3347.34,3346.71,3347.02,174
1779822540,3347,3347.8,3346.85,3347.68,193
1779822600,3347.7,3347.9,3347.38,3347.5,176
1779822660,3347.48,3347.56,3347.07,3347.07,158
1779822720,3347.03,3347.31,3346.77,3346.88,205
1779822780,3346.86,3347.37,3346.86,3347.22,171
1779822840,3347.19,3347.23,3346.74,3347.1,179
1779822900,3347.12,3348.36,3347.07,3348.16,195
1779822960,3348.15,3350.09,3348.15,3350.06,223
1779823020,3350.04,3350.59,3348.94,3348.94,206
1779823080,3348.96,3349.47,3348.71,3349.29,184
1779823140,3349.32,3349.92,3348.98,3349.05,177
1779823200,3349.04,3349.73,3348.81,3349.73,188
1779823260,3349.73,3350.13,3349.05,3349.13,181
1779823320,3349.28,3349.79,3349,3349.66,153
1779823380,3349.66,3349.78,3349.24,3349.49,186
1779823440,3349.5,3349.65,3349.04,3349.19,176
1779823500,3349.09,3349.18,3348.65,3348.97,216
1779823560,3348.89,3349.23,3348.41,3348.73,163
1779823620,3348.87,3349.57,3348.87,3349.39,174
1779823680,3349.41,3349.42,3348.07,3348.07,199
1779823740,3348.06,3348.84,3347.88,3348.55,206
1779823800,3348.53,3348.85,3347.55,3348.38,218
1779823860,3348.38,3349.05,3348.12,3349.05,189
1779823920,3349.1,3349.15,3347.96,3347.98,192
1779823980,3347.99,3348.57,3347.98,3348.42,119
1779824040,3348.46,3348.95,3348.41,3348.95,149
1779824100,3348.95,3349.78,3348.95,3349.59,200
1779824160,3349.59,3349.6,3349.15,3349.18,180
1779824220,3349.29,3349.39,3348.84,3349.03,199
1779824280,3349.07,3349.15,3348.64,3348.76,166
1779824340,3348.79,3349.08,3348.41,3349.03,187
1779824400,3348.99,3349.64,3348.93,3349.25,176
1779824460,3349.24,3349.77,3349.2,3349.77,203
1779824520,3349.8,3350.25,3349.73,3350.18,197
1779824580,3350.19,3350.64,3349.6,3349.73,173
1779824640,3349.98,3350.11,3349.55,3349.72,193
1779824700,3349.69,3349.83,3349.2,3349.44,175
1779824760,3349.44,3350.2,3349.42,3350.2,169
1779824820,3350.2,3350.45,3349.81,3350.37,158
1779824880,3350.36,3351.11,3350.36,3350.88,139
1779824940,3351.61,3351.95,3351.39,3351.46,185
1779825000,3351.66,3351.82,3351.05,3351.42,223
1779825060,3351.45,3351.48,3350.32,3350.37,187
1779825120,3350.36,3350.74,3350.06,3350.73,218
1779825180,3350.81,3351.3,3350.66,3351.06,211
1779825240,3351.12,3351.21,3350.61,3350.67,197
1779825300,3350.68,3351.52,3350.36,3351.1,237
1779825360,3350.94,3352.31,3350.94,3352.18,226
1779825420,3352.23,3352.95,3352.1,3352.69,262
1779825480,3352.75,3353.53,3352.71,3352.71,259
1779825540,3352.75,3352.94,3351.65,3352.69,282
1779825600,3352.72,3353.36,3352.19,3352.75,223
1779825660,3352.79,3353.71,3352.52,3353.16,196
1779825720,3353.14,3353.25,3352.52,3352.92,173
1779825780,3352.93,3353.17,3352.55,3352.64,134
1779825840,3352.61,3352.65,3350.94,3351.11,198
1779825900,3351.13,3351.63,3351.08,3351.38,158
1779825960,3351.33,3351.33,3349.7,3351.19,158
1779826020,3351.22,3351.58,3350.91,3351.58,110
1779826080,3351.64,3351.74,3351.18,3351.26,120
1779826140,3351.23,3351.23,3350.59,3350.64,162
1779826200,3350.6,3351.08,3350.59,3351.04,137
1779826260,3351.06,3351.19,3350.63,3350.63,124
1779826320,3350.59,3350.67,3350.18,3350.4,98
1779826380,3350.39,3350.51,3349.95,3350.51,95
1779826440,3350.64,3351.17,3350.61,3351.17,109
1779826500,3351.24,3352.19,3351.23,3351.99,124
1779826560,3351.98,3352.44,3351.97,3352.39,81
1779826620,3352.41,3352.51,3352.08,3352.38,99
1779826680,3352.49,3352.58,3352.06,3352.19,117
1779826740,3352.21,3352.21,3351.72,3351.77,110
1779826800,3351.77,3351.95,3351.67,3351.85,84
1779826860,3351.86,3352.01,3351.17,3351.28,104
1779826920,3351.32,3352.34,3351.16,3352.28,113
1779826980,3352.31,3352.37,3351.77,3351.9,126
1779827040,3351.92,3352.52,3351.92,3352.17,125
1779827100,3352.18,3352.29,3350.84,3351.2,120
1779827160,3351.23,3351.32,3350.78,3350.78,128
1779827220,3350.78,3351.01,3350.74,3350.85,148
1779827280,3350.85,3351.28,3350.8,3351.21,100
1779827340,3351.2,3351.24,3350.8,3351.16,115
1779827400,3351.13,3351.58,3351.11,3351.55,103
1779827460,3351.75,3351.79,3351.4,3351.4,93
1779827520,3351.38,3351.45,3351.01,3351.04,73
1779827580,3351.04,3351.04,3350.58,3350.98,99
1779827640,3350.97,3351.14,3350.97,3351.07,67
1779827700,3350.99,3351.2,3350.98,3351.11,72
1779827760,3351.12,3351.71,3351.12,3351.6,111
1779827820,3351.61,3351.63,3351.12,3351.3,97
1779827880,3351.3,3351.3,3350.59,3351.08,88
1779827940,3351.14,3352.5,3351.14,3352.5,106
1779828000,3352.52,3352.75,3351.87,3352.75,91
1779828060,3352.73,3353.22,3352.56,3352.88,107
1779828120,3352.91,3353.22,3352.64,3353.22,96
1779828180,3353.24,3353.27,3352.89,3352.94,80
1779828240,3352.93,3352.94,3352.36,3352.57,67
1779828300,3352.62,3353.19,3352.62,3352.81,90
1779828360,3352.78,3353.23,3352.78,3353.07,81
1779828420,3353.11,3353.24,3352.67,3352.75,80
1779828480,3352.77,3352.77,3350.77,3350.77,165
1779828540,3350.7,3351.72,3350.55,3350.73,159
1779828600,3350.65,3350.68,3350.06,3350.3,155
1779828660,3350.31,3350.41,3349.09,3349.62,168
1779828720,3349.63,3349.69,3348.88,3349.33,130
1779828780,3349.32,3349.98,3349.12,3349.98,108
1779828840,3349.96,3350.81,3349.85,3350.74,103
1779828900,3350.55,3352.09,3350.5,3351.92,175
1779828960,3351.9,3351.96,3351.1,3351.2,141
1779829020,3351.2,3351.77,3351.08,3351.42,162
1779829080,3351.45,3351.94,3351.31,3351.75,161
1779832920,3354.08,3354.08,3343.01,3344.3,170
1779832980,3345.04,3349.37,3344.84,3349.07,156
1779833040,3349.1,3351.09,3344.66,3347.12,234
1779833100,3347.51,3350.79,3346.42,3347.71,213
1779833160,3347.7,3351.12,3346.26,3347.67,218
1779833220,3350.98,3351.61,3346.05,3350.74,147
1779833280,3350.73,3351.06,3344.6,3348.98,248
1779833340,3348.9,3349.75,3344.92,3349.52,251
1779833400,3349.47,3350.14,3347.08,3348.71,243
1779833460,3348.66,3351.64,3346.48,3347.15,263
1779833520,3351.69,3351.72,3346.73,3349.39,203
1779833580,3349.38,3349.74,3348.47,3348.85,188
1779833640,3348.84,3349.56,3347.72,3349.56,181
1779833700,3349.61,3350.47,3349.45,3349.57,165
1779833760,3349.6,3350.42,3348.81,3349.27,152
1779833820,3349.24,3350.58,3349.05,3350.54,191
1779833880,3350.53,3351.14,3350.49,3350.88,144
1779833940,3350.95,3351.59,3350.78,3351.19,160
1779834000,3351.16,3352.14,3350.86,3351.55,230
1779834060,3351.67,3352.98,3351.31,3352.79,152
1779834120,3352.7,3353.49,3352.4,3352.4,192
1779834180,3352.46,3352.91,3350.06,3350.64,235
1779834240,3350.64,3350.96,3348.95,3349.73,187
1779834300,3349.66,3351.26,3347.95,3350.43,211
1779834360,3350.42,3350.42,3349.18,3350.03,167
1779834420,3350.04,3350.04,3349.06,3349.1,131
1779834480,3348.96,3349.52,3348.82,3349.44,93
1779834540,3349.46,3349.72,3348.77,3349.35,113
1779834600,3349.35,3350.28,3349.34,3349.63,164
1779834660,3349.66,3350.1,3349.23,3349.36,109
1779834720,3349.24,3349.66,3348.08,3348.08,146
1779834780,3348.09,3348.14,3346.78,3347.13,175
1779834840,3347.01,3347.41,3346.31,3346.33,143
1779834900,3346.33,3346.58,3344.88,3345.18,157
1779834960,3345.17,3346.15,3344.72,3345.76,178
1779835020,3345.76,3346.68,3345.2,3346.02,162
1779835080,3345.97,3346.53,3345.72,3346.1,120
1779835140,3345.96,3347.49,3345.88,3347.18,147
1779835200,3347.21,3348.38,3347.01,3348.38,170
1779835260,3348.24,3348.24,3347.17,3347.72,144
1779835320,3347.49,3347.9,3346.96,3347.82,123
1779835380,3347.75,3348.08,3347.26,3347.85,117
1779835440,3347.75,3347.97,3346.24,3346.35,140
1779835500,3346.4,3347.4,3346.38,3346.84,146
1779835560,3346.87,3347.24,3345.72,3345.98,132
1779835620,3345.96,3346.03,3345.64,3345.96,74
1779835680,3345.96,3347.09,3345.8,3346.95,123
1779835740,3347.11,3348.11,3346.88,3347.75,110
1779835800,3347.7,3348.57,3347.39,3348.13,110
1779835860,3348.14,3349.17,3347.97,3348.78,111
1779835920,3348.75,3350.3,3348.74,3350.19,179
1779835980,3350.17,3350.79,3349.67,3350.26,143
1779836040,3350.31,3351.17,3350.18,3351.02,160
1779836100,3351.16,3351.8,3350.73,3351.7,174
1779836160,3351.65,3353.82,3351.6,3353.29,163
1779836220,3353.27,3354.49,3352.74,3354.22,183
1779836280,3354.21,3354.94,3354.21,3354.72,135
1779836340,3354.74,3354.82,3353.2,3353.7,144
1779836400,3353.72,3355.7,3353.67,3355.21,209
1779836460,3354.82,3354.87,3352.57,3353.84,197
1779836520,3353.88,3354.62,3353.82,3354.13,166
1779836580,3354.16,3354.5,3353.6,3354.5,139
1779836640,3354.48,3354.59,3353.63,3353.77,139
1779836700,3353.66,3354.16,3353.54,3353.87,116
1779836760,3353.9,3354.89,3353.9,3354.89,93
1779836820,3354.8,3355.04,3354.57,3354.68,102
1779836880,3354.52,3354.61,3353.24,3353.49,132
1779836940,3353.44,3353.55,3352.72,3352.92,139
1779837000,3352.92,3353.06,3352.59,3352.72,105
1779837060,3352.7,3352.74,3351.95,3352.35,156
1779837120,3352.35,3352.55,3351.24,3352.49,134
1779837180,3352.49,3352.77,3351.71,3351.84,135
1779837240,3351.81,3352.27,3351.81,3352.11,85
1779837300,3352.1,3352.76,3351.93,3352.6,117
1779837360,3352.59,3352.64,3351.87,3352.38,95
1779837420,3352.32,3352.32,3351.21,3351.51,110
1779837480,3351.43,3351.61,3351.33,3351.48,71
1779837540,3351.57,3352.07,3351.5,3352,67
1779837600,3351.98,3352.27,3349.12,3349.77,178
1779837660,3349.8,3350.13,3348.69,3349.34,163
1779837720,3349.41,3349.69,3348.34,3348.64,195
1779837780,3348.86,3349.33,3348.52,3348.6,153
1779837840,3348.61,3349.43,3348.32,3349.05,157
1779837900,3348.87,3350.03,3348.81,3349.04,176
1779837960,3348.92,3350.51,3348.76,3350.12,188
1779838020,3350.08,3350.82,3349.76,3350.8,156
1779838080,3350.82,3353.22,3350.47,3353.03,152
1779838140,3352.95,3353.56,3352.84,3353.49,217
1779838200,3353.58,3354.23,3353.05,3353.67,225
1779838260,3353.71,3353.72,3352.82,3353.4,191
1779838320,3353.25,3353.76,3352.75,3353.67,203
1779838380,3353.69,3354.59,3353.39,3354.04,202
1779838440,3354,3356.54,3353.96,3355.38,240
1779838500,3355.36,3355.39,3354.68,3354.7,184
1779838560,3354.66,3354.96,3353.66,3354.21,212
1779838620,3354.53,3355.28,3354.33,3355.27,183
1779838680,3355.25,3355.27,3354.17,3354.26,200
1779838740,3354.26,3355.74,3354.14,3355.59,148
1779838800,3355.62,3356.65,3355.4,3356.63,169
1779838860,3356.85,3358.74,3356.85,3358.71,237
1779838920,3358.83,3360.09,3358.43,3359.91,213
1779838980,3359.87,3361.37,3359.05,3360.96,243
1779839040,3360.99,3363.7,3359.95,3363.7,273
1779839100,3363.71,3363.85,3360.06,3362.71,274
1779839160,3363.14,3363.14,3361.31,3363.14,206
1779839220,3363.15,3363.33,3362.02,3362.84,196
1779839280,3362.88,3363.33,3361.76,3361.87,201
1779839340,3361.94,3361.94,3359.14,3359.68,221
1779839400,3359.68,3360.47,3359.6,3359.96,212
1779839460,3360,3360.63,3359.55,3360.56,191
1779839520,3360.55,3360.87,3360.34,3360.55,138
1779839580,3360.57,3360.57,3359.19,3359.22,112
1779839640,3359.23,3359.88,3359.15,3359.72,104
1779839700,3359.67,3359.74,3358.86,3359.12,164
1779839760,3359.09,3359.46,3358.75,3358.75,161
1779839820,3358.78,3359.22,3358.49,3358.53,189
1779839880,3358.51,3359.02,3358.34,3358.81,161
1779839940,3358.77,3359.25,3358.73,3359.16,168
1779840000,3359.16,3361.06,3357.46,3360.65,280
1779840060,3360.67,3363.18,3360.12,3362.52,247
1779840120,3362.46,3363.14,3361.08,3361.22,204
1779840180,3361.28,3361.28,3359.56,3359.56,201
1779840240,3359.73,3360.27,3359.6,3359.66,191
1779840300,3359.62,3361.02,3359.59,3360.76,208
1779840360,3360.53,3361.04,3360.24,3360.24,166
1779840420,3359.85,3360.5,3359.09,3359.35,198
1779840480,3359.49,3361.83,3359.37,3361.81,207
1779840540,3361.87,3362.1,3360.66,3360.94,202
1779840600,3360.96,3361.2,3359.88,3359.88,198
1779840660,3359.89,3360.62,3359.42,3359.94,181
1779840720,3359.96,3360.06,3359.42,3359.76,196
1779840780,3359.77,3360.82,3359.77,3360.15,186
1779840840,3360.16,3360.71,3360.02,3360.45,163
1779840900,3360.4,3360.66,3359.65,3359.65,169
1779840960,3359.47,3360.54,3359.34,3359.64,184
1779841020,3359.67,3360.27,3359.33,3359.33,181
1779841080,3359.36,3359.61,3359.09,3359.61,183
1779841140,3359.61,3360.26,3359.47,3359.77,190
1779841200,3359.82,3360.12,3358.3,3358.65,195
1779841260,3358.62,3359.09,3357.29,3357.37,184
1779841320,3357.23,3357.84,3356.58,3356.89,222
1779841380,3356.92,3358.06,3356.89,3357.36,208
1779841440,3357.16,3357.6,3355.97,3356.19,233
1779841500,3356.22,3357.21,3355.55,3355.55,180
1779841560,3355.67,3356.87,3355.01,3356.65,163
1779841620,3356.63,3356.78,3355.68,3355.83,218
1779841680,3355.78,3358.05,3354.59,3357.31,235
1779841740,3357.29,3357.63,3356.65,3357.39,207
1779841800,3357.39,3358.83,3357.07,3358.68,228
1779841860,3358.72,3359.02,3357.97,3358.13,175
1779841920,3358.21,3359.39,3357.91,3359.06,188
1779841980,3358.95,3359.45,3358.36,3358.85,138
1779842040,3358.95,3359.69,3358.84,3359.07,124
1779842100,3359.04,3359.92,3358.67,3358.92,198
1779842160,3359.02,3359.6,3358.59,3359.39,181
1779842220,3359.43,3359.46,3358.33,3358.5,170
1779842280,3358.47,3359.4,3358.23,3359.11,213
1779842340,3358.91,3358.91,3357.6,3357.74,193
1779842400,3357.76,3358.14,3356.8,3357.63,193
1779842460,3357.74,3358.47,3357.47,3358.15,165
1779842520,3358.11,3358.49,3357.87,3358.33,123
1779842580,3358.17,3358.63,3357.49,3358.43,136
1779842640,3358.45,3358.48,3358.02,3358.02,125
1779842700,3358.07,3359.77,3357.96,3359.48,184
1779842760,3359.47,3360.3,3359.36,3359.85,207
1779842820,3359.85,3360.24,3359.74,3359.99,162
1779842880,3359.94,3360.37,3358.99,3359.01,168
1779842940,3358.94,3359.24,3358,3358.37,170
1779843000,3358.38,3358.44,3356.98,3357.09,214
1779843060,3357.1,3357.4,3356.82,3357.12,201
1779843120,3357.1,3357.91,3356.69,3357.2,209
1779843180,3357.23,3358.16,3357.02,3357.88,191
1779843240,3357.81,3358.09,3356.22,3357.12,224
1779843300,3357.16,3357.8,3356.57,3357.65,184
1779843360,3357.62,3357.83,3356.85,3356.85,159
1779843420,3356.97,3358.4,3356.97,3357.93,175
1779843480,3357.93,3357.94,3356.77,3356.96,197
1779843540,3356.98,3357.6,3355.35,3355.58,232
1779843600,3355.43,3357.62,3355.43,3356.13,300
1779843660,3356.12,3357.37,3354.98,3356.26,268
1779843720,3356.53,3357.82,3356.31,3357.58,277
1779843780,3357.56,3357.77,3355.98,3356.15,289
1779843840,3356.02,3356.22,3354.97,3356.22,261
1779843900,3356.2,3356.35,3354.22,3354.65,274
1779843960,3354.71,3356.49,3354.68,3356.22,260
1779844020,3356.07,3357.52,3355.89,3357.36,251
1779844080,3357.33,3357.48,3356.18,3356.91,231
1779844140,3356.8,3357.38,3355.89,3357.14,243
1779844200,3356.88,3359.42,3356.37,3358.86,262
1779844260,3358.85,3358.85,3357.13,3357.25,254
1779844320,3357.11,3359.03,3356.81,3359.03,245
1779844380,3359.05,3359.82,3357.76,3359.82,238
1779844440,3360.02,3360.02,3358.03,3358.99,246
1779844500,3358.98,3359.87,3358.63,3359.07,252
1779844560,3358.82,3359.15,3357.9,3358.56,248
1779844620,3358.59,3358.62,3357.22,3358.21,218
1779844680,3358.14,3358.45,3356.63,3356.76,222
1779844740,3356.77,3357.48,3356.4,3356.74,244
1779844800,3356.7,3357.46,3356.62,3357.21,197
1779844860,3357.16,3358.19,3357.16,3357.92,214
1779844920,3357.86,3358.91,3357.86,3358.6,197
1779844980,3358.56,3360.09,3358.12,3359.52,235
1779845040,3359.49,3359.6,3358.52,3358.72,232
1779845100,3358.75,3359.02,3358.28,3358.44,175
1779845160,3358.39,3358.49,3357.74,3357.92,203
1779845220,3357.92,3358.05,3355.85,3356.71,217
1779845280,3356.54,3357.25,3356.37,3356.55,207
1779845340,3356.58,3356.99,3356.48,3356.99,164
1779845400,3356.94,3356.94,3355.53,3356.35,278
1779845460,3356.28,3357.73,3356.23,3357.37,242
1779845520,3357.32,3358.12,3357.19,3357.2,241
1779845580,3357.23,3357.27,3356.21,3356.74,235
1779845640,3356.81,3357.34,3356.48,3357.09,218
1779845700,3357.07,3357.59,3356.94,3357.33,203
1779845760,3357.34,3358.24,3357.34,3357.37,206
1779845820,3357.32,3357.51,3357,3357.2,205
1779845880,3357.17,3357.2,3355.28,3355.8,215
1779845940,3355.8,3355.99,3355.08,3355.15,195
1779846000,3355.23,3355.57,3354.87,3354.93,196
1779846060,3354.93,3355.81,3354.52,3355.54,212
1779846120,3355.55,3355.97,3354.12,3354.17,216
1779846180,3354.14,3354.14,3353.36,3353.52,220
1779846240,3353.51,3353.73,3352.72,3353.26,233
1779846300,3353.26,3353.57,3352.65,3352.8,255
1779846360,3352.83,3353.07,3351.82,3352.25,216
1779846420,3352.27,3352.44,3351.38,3352.33,231
1779846480,3352.39,3353.99,3352.23,3353.97,249
1779846540,3353.94,3354.07,3353.7,3353.71,178
1779846600,3353.64,3353.85,3353.21,3353.41,209
1779846660,3353.59,3353.66,3352.91,3353.34,232
1779846720,3353.25,3353.28,3351.93,3352.46,206
1779846780,3352.44,3352.94,3352.29,3352.31,178
1779846840,3352.3,3352.66,3351.92,3352.12,205
1779846900,3352.05,3352.82,3351.66,3352.82,207
1779846960,3352.74,3352.81,3352.21,3352.48,185
1779847020,3352.48,3353.85,3352.34,3353.81,200
1779847080,3353.79,3353.79,3352.67,3352.75,176
1779847140,3352.79,3353,3352.24,3352.32,169
1779847200,3352.38,3352.92,3351.66,3351.69,253
1779847260,3351.56,3351.56,3349.36,3349.46,257
1779847320,3349.43,3350.16,3349.03,3349.48,249
1779847380,3349.45,3350.5,3349.09,3349.51,255
1779847440,3349.41,3349.75,3349.03,3349.44,220
1779847500,3349.42,3349.69,3348.57,3348.79,249
1779847560,3348.82,3349.52,3348.75,3349.08,222
1779847620,3349.18,3349.26,3347.24,3347.5,223
1779847680,3347.57,3348.84,3347.3,3348.84,196
1779847740,3348.82,3348.84,3348.03,3348.09,192
1779847800,3348.07,3348.7,3347.85,3347.85,183
1779847860,3347.96,3347.96,3347.27,3347.3,186
1779847920,3347.28,3348.25,3347.22,3348.2,177
1779847980,3348.17,3348.92,3347.58,3348.75,215
1779848040,3348.71,3349.17,3347.79,3348.88,240
1779848100,3348.8,3349.53,3348.33,3348.47,190
1779848160,3348.45,3348.45,3346.06,3346.38,205
1779848220,3346.31,3346.69,3344.93,3346.28,195
1779848280,3346.33,3347.37,3346.33,3346.68,216
1779848340,3346.64,3346.73,3345.28,3345.54,189
1779848400,3345.64,3346.39,3345.33,3346.08,204
1779848460,3346.08,3347.47,3345.7,3347.37,204
1779848520,3347.38,3347.55,3346.69,3347.15,167
1779848580,3347.12,3347.64,3346.81,3347.25,170
1779848640,3347.24,3349.43,3347.23,3348.9,217
1779848700,3348.88,3349.33,3348.54,3348.54,179
1779848760,3348.64,3349.07,3348.47,3348.87,157
1779848820,3348.88,3349.47,3348.65,3349.43,127
1779848880,3349.46,3349.92,3349.3,3349.83,126
1779848940,3349.83,3350.32,3349.53,3350.08,164
1779849000,3350.07,3350.19,3348.81,3349.75,222
1779849060,3349.74,3349.98,3349.06,3349.13,158
1779849120,3349.09,3349.45,3349.08,3349.25,183
1779849180,3349.22,3349.91,3349.09,3349.83,162
1779849240,3349.86,3349.88,3349.34,3349.51,171
1779849300,3349.53,3350.05,3349.47,3349.99,181
1779849360,3349.96,3350.04,3348.9,3349.19,180
1779849420,3349.19,3349.2,3346.43,3346.91,210
1779849480,3347.03,3347.29,3346.4,3347.28,249
1779849540,3347.35,3347.35,3346.2,3346.33,190
1779849600,3346.28,3346.81,3345.68,3346.73,236
1779849660,3346.79,3347.53,3346.2,3346.2,202
1779849720,3346.21,3346.21,3344.88,3346.03,203
1779849780,3346.02,3346.32,3345.38,3345.7,179
1779849840,3345.73,3346.44,3344.85,3345.78,168
1779849900,3345.76,3346.1,3344.96,3344.96,185
1779849960,3344.86,3346.12,3344.42,3346.11,165
1779850020,3346.08,3346.43,3345.68,3346.13,188
1779850080,3346.15,3346.62,3346.09,3346.31,144
1779850140,3346.31,3346.76,3346.19,3346.56,148
1779850200,3346.65,3347.74,3346.64,3347.63,149
1779850260,3347.6,3347.74,3347.18,3347.71,152
1779850320,3347.69,3348.17,3347.57,3347.82,190
1779850380,3347.87,3348.46,3347.87,3348.36,173
1779850440,3348.38,3348.47,3347.65,3347.81,156
1779850500,3347.88,3348.37,3347.72,3348.29,200
1779850560,3348.29,3348.97,3348.29,3348.8,153
1779850620,3348.72,3350.18,3348.72,3349.08,202
1779850680,3349.09,3349.4,3349,3349.38,145
1779850740,3349.36,3349.55,3349.1,3349.43,129
1779850800,3349.42,3349.93,3349.02,3349.16,175
1779850860,3349.16,3349.69,3348.8,3349.65,167
1779850920,3349.67,3350,3349.41,3349.94,161
1779850980,3349.95,3351.13,3349.83,3350.61,197
1779851040,3350.49,3350.59,3349.92,3349.93,219
1779851100,3349.88,3350.14,3349.01,3349.83,217
1779851160,3349.79,3349.81,3349.31,3349.39,162
1779851220,3349.47,3349.56,3349.14,3349.54,161
1779851280,3349.55,3349.55,3348.67,3348.72,153
1779851340,3348.7,3350.89,3348.26,3350.85,168
1779851400,3350.89,3351.07,3350.29,3350.76,181
1779851460,3350.75,3351.38,3350.56,3350.83,170
1779851520,3350.92,3351.28,3350.57,3350.88,156
1779851580,3350.96,3351.94,3350.93,3351.67,174
1779851640,3351.72,3352.1,3350.98,3351.23,167
1779851700,3351.28,3351.55,3350.78,3351.08,164
1779851760,3351.11,3351.59,3351.09,3351.45,166
1779851820,3351.45,3351.95,3350.96,3351.64,171
1779851880,3351.66,3352.41,3351.65,3352.23,175
1779851940,3352.21,3352.9,3351.91,3352.61,162
1779852000,3352.66,3353.01,3351.92,3352.31,149
1779852060,3352.26,3352.79,3351.19,3351.29,178
1779852120,3351.36,3352.33,3351.17,3352.33,132
1779852180,3352.28,3352.61,3351.24,3351.24,156
1779852240,3351.24,3351.33,3350.83,3351.11,154
1779852300,3351.12,3351.12,3350.05,3350.26,164
1779852360,3350.3,3350.47,3349.67,3349.74,165
1779852420,3349.79,3349.9,3349.51,3349.62,143
1779852480,3349.62,3349.62,3348.81,3348.98,155
1779852540,3348.69,3349.96,3348.67,3349.79,204
1779852600,3349.77,3349.95,3349.42,3349.44,142
1779852660,3349.44,3349.44,3348.71,3348.9,168
1779852720,3348.88,3349.3,3348.64,3349.09,140
1779852780,3349.03,3349.1,3348.35,3348.43,154
1779852840,3348.43,3348.58,3348.19,3348.52,151
1779852900,3348.43,3348.43,3347.29,3347.59,158
1779852960,3347.59,3347.78,3346.93,3347.05,160
1779853020,3347.08,3347.27,3346.4,3346.66,181
1779853080,3346.69,3347.18,3346.63,3347.18,137
1779853140,3347.18,3347.18,3346.04,3347.05,141
1779853200,3347.02,3347.54,3346.92,3347.51,162
1779853260,3347.51,3348.67,3347.51,3348.25,135
1779853320,3348.25,3348.68,3348.08,3348.47,137
1779853380,3348.38,3348.6,3347.34,3347.53,130
1779853440,3347.56,3347.99,3347.49,3347.92,130
1779853500,3347.98,3348.12,3347.37,3348.05,142
1779853560,3348.03,3348.41,3347.94,3347.99,132
1779853620,3348.02,3348.68,3347.79,3348.67,136
1779853680,3348.69,3348.78,3348.02,3348.02,145
1779853740,3348.01,3348.17,3347.7,3348.03,134
1779853800,3348.06,3348.36,3347.78,3347.85,129
1779853860,3347.88,3348.2,3346.75,3346.95,149
1779853920,3346.93,3346.93,3346.08,3346.5,148
1779853980,3346.49,3347.93,3346.4,3347.86,140
1779854040,3347.84,3348,3346.21,3346.21,140
1779854100,3346.22,3346.22,3344.6,3344.67,176
1779854160,3344.7,3344.83,3344.06,3344.26,135
1779854220,3344.32,3344.72,3343.89,3344.29,165
1779854280,3344.26,3344.28,3342.56,3343.07,177
1779854340,3342.94,3343.44,3341.99,3342.41,169
1779854400,3342.45,3343.33,3341.65,3343.3,191
1779854460,3343.28,3344.08,3342.93,3343.38,193
1779854520,3343.36,3345.02,3343.12,3343.64,195
1779854580,3343.8,3343.96,3343.28,3343.68,199
1779854640,3343.66,3344.54,3343.21,3344.4,163
1779854700,3344.4,3345.58,3344.16,3345.58,179
1779854760,3345.55,3345.88,3345.4,3345.66,120
1779854820,3345.67,3346.03,3345.53,3345.53,136
1779854880,3345.54,3346.3,3345.54,3346.08,114
1779854940,3346.19,3346.19,3345.43,3345.72,134
1779855000,3345.71,3346.04,3345.41,3345.99,137
1779855060,3346.01,3346.55,3345.96,3346.19,123
1779855120,3346.24,3346.78,3346.02,3346.38,146
1779855180,3346.35,3346.44,3345.75,3345.89,136
1779855240,3345.93,3346.83,3345.83,3346.76,147
1779855300,3346.79,3346.86,3346.04,3346.08,142
1779855360,3346.07,3346.48,3346.06,3346.12,145
1779855420,3346.12,3346.12,3345.53,3345.53,112
1779855480,3345.39,3345.69,3345.27,3345.27,142
1779855540,3345.25,3345.92,3345.13,3345.37,165
1779855600,3345.34,3346,3345.19,3345.57,155
1779855660,3345.52,3346.67,3345.46,3346.66,139
1779855720,3346.61,3346.76,3346.35,3346.35,152
1779855780,3346.37,3346.48,3346.13,3346.39,144
1779855840,3346.36,3346.81,3346.33,3346.42,123
1779855900,3346.39,3346.39,3345.76,3346.1,125
1779855960,3346.11,3346.25,3345.9,3345.93,138
1779856020,3345.94,3346.26,3345.54,3345.73,192
1779856080,3345.72,3345.81,3344.98,3345.15,189
1779856140,3345.19,3345.27,3344.71,3344.78,186
1779856200,3344.61,3345.18,3344.04,3344.13,200
1779856260,3344.13,3344.45,3344,3344.02,178
1779856320,3344.06,3344.8,3343.36,3344.67,189
1779856380,3344.66,3345.57,3344.66,3345.15,187
1779856440,3345.16,3345.8,3345.14,3345.54,168
1779856500,3345.48,3345.54,3344.82,3345.22,157
1779856560,3345.22,3345.48,3345.05,3345.47,153
1779856620,3345.46,3345.46,3345.07,3345.21,123
1779856680,3345.23,3345.41,3344.59,3345.09,158
1779856740,3345.12,3346.77,3345.09,3346.76,143
1779856800,3346.73,3348.57,3346.63,3348.41,188
1779856860,3348.64,3348.7,3348.29,3348.61,169
1779856920,3348.64,3349.76,3348.64,3349.56,132
1779856980,3349.53,3349.94,3348.66,3349.92,192
1779857040,3349.87,3350.65,3349.71,3350.63,161
1779857100,3350.62,3351.85,3350.62,3351.74,201
1779857160,3351.74,3353.46,3351.71,3353.46,202
1779857220,3353.46,3354.76,3353.24,3354.7,224
1779857280,3354.79,3355.68,3354.51,3355.41,189
1779857340,3355.38,3357.14,3354.44,3356.75,230
1779857400,3356.71,3357.18,3354.65,3354.78,219
1779857460,3354.77,3354.86,3353.36,3353.89,211
1779857520,3353.83,3354.97,3353.8,3354.4,165
1779857580,3354.39,3354.66,3353.53,3354.03,176
1779857640,3354.04,3354.31,3353.59,3353.68,143
1779857700,3353.56,3354.11,3353.03,3353.93,165
1779857760,3353.94,3353.94,3353.28,3353.48,147
1779857820,3353.47,3353.49,3352.4,3352.45,142
1779857880,3352.44,3352.84,3351.85,3352.61,144
1779857940,3352.55,3352.57,3352.06,3352.31,127
1779858000,3352.23,3352.36,3350.85,3352.19,180
1779858060,3352.21,3352.44,3351.78,3351.82,156
1779858120,3351.75,3351.96,3351.27,3351.64,161
1779858180,3351.62,3352.27,3351.42,3352.12,155
1779858240,3352.16,3354.34,3352.13,3354.18,209
1779858300,3354.15,3354.32,3352.93,3352.99,179
1779858360,3352.95,3353.13,3352.37,3352.76,191
1779858420,3352.59,3353.32,3352.2,3352.5,170
1779858480,3352.55,3352.71,3352.04,3352.42,188
1779858540,3352.4,3352.53,3352.24,3352.49,136
1779858600,3352.4,3352.42,3351.79,3352.33,157
1779858660,3352.33,3352.4,3352.07,3352.33,91
1779858720,3352.33,3352.33,3351.5,3351.67,155
1779858780,3351.71,3351.74,3351.04,3351.59,148
1779858840,3351.6,3352.14,3350.9,3350.93,186
1779858900,3350.98,3351.01,3348.48,3349.31,231
1779858960,3349.25,3350.19,3348.74,3349.67,180
1779859020,3349.68,3349.76,3349.18,3349.3,152
1779859080,3349.31,3349.34,3348.6,3349.2,173
1779859140,3349.21,3349.24,3348.5,3348.77,181
1779859200,3348.73,3348.8,3347.84,3348.37,176
1779859260,3348.39,3349.09,3347.97,3348.75,251
1779859320,3348.63,3349.28,3348.48,3348.99,213
1779859380,3349,3349.06,3347.86,3348.15,185
1779859440,3348.3,3349.41,3348.3,3348.8,202
1779859500,3348.72,3349.6,3348.5,3349.14,169
1779859560,3349.14,3350.12,3349.14,3349.5,170
1779859620,3349.47,3349.75,3349.29,3349.75,141
1779859680,3349.74,3349.86,3349.56,3349.69,106
1779859740,3349.69,3350.16,3349.63,3349.63,153
1779859800,3349.54,3350.64,3349.4,3349.69,264
1779859860,3349.7,3350.35,3346.83,3346.83,280
1779859920,3346.93,3346.97,3342.92,3343.54,284
1779859980,3343.65,3343.81,3339.96,3342.33,304
1779860040,3342.18,3343.11,3340.52,3342.42,282
1779860100,3342.84,3342.84,3341.13,3341.6,290
1779860160,3341.57,3343.57,3341.32,3343.57,280
1779860220,3343.62,3345.12,3343.36,3344.34,268
1779860280,3344.38,3345.2,3344.21,3344.92,248
1779860340,3344.85,3345.23,3344.28,3344.58,241
1779860400,3344.48,3344.89,3343.67,3343.91,278
1779860460,3343.98,3344.39,3341.11,3341.72,304
1779860520,3341.69,3341.87,3339.59,3340.39,310
1779860580,3340.62,3341.46,3339.32,3339.32,283
1779860640,3339.21,3341.44,3339.05,3339.91,294
1779860700,3339.92,3340.59,3339.3,3339.51,285
1779860760,3339.43,3340.47,3338.89,3340.24,272
1779860820,3340.23,3341.18,3339.88,3340.3,284
1779860880,3340.42,3341.96,3340.13,3341.47,275
1779860940,3341.42,3343.72,3340.6,3343.72,271
1779861000,3343.69,3344.92,3343.38,3344.78,255
1779861060,3344.83,3345.98,3344.19,3345.73,254
1779861120,3345.68,3346.36,3343.97,3343.97,252
1779861180,3344.05,3344.12,3342.08,3343.99,276
1779861240,3344.03,3344.58,3342.84,3344.04,284
1779861300,3344.06,3344.79,3343.22,3343.97,244
1779861360,3343.94,3344.46,3343.31,3343.41,227
1779861420,3343.33,3344.1,3343.22,3343.35,259
1779861480,3343.35,3343.97,3342.98,3343.73,270
1779861540,3343.75,3344.57,3343.1,3344.07,268
1779861600,3344.04,3345.82,3342.36,3342.64,275
1779861660,3342.89,3344.2,3342.05,3343.97,287
1779861720,3343.95,3344.34,3341.94,3342.36,245
1779861780,3342.39,3343.02,3342.18,3342.75,262
1779861840,3342.75,3343.3,3342.41,3342.87,249
1779861900,3342.94,3343.03,3341.94,3342.3,257
1779861960,3342.29,3343.85,3342.25,3343.37,241
1779862020,3343.37,3343.68,3341.85,3343.13,277
1779862080,3343.3,3344.98,3342.94,3344.62,259
1779862140,3344.53,3344.76,3343.93,3344.16,247
1779862200,3344.18,3344.5,3342.77,3343.92,271
1779862260,3343.92,3343.96,3342.42,3343.12,231
1779862320,3343.14,3343.35,3342.06,3342.96,270
1779862380,3342.88,3343.49,3342.25,3343.06,252
1779862440,3343.06,3343.36,3341.92,3342.03,264
1779862500,3342.08,3343.1,3342.03,3342.52,247
1779862560,3342.52,3342.74,3341.19,3341.21,245
1779862620,3341.08,3342.55,3340.88,3341.14,254
1779862680,3341.17,3341.28,3337.05,3337.79,267
1779862740,3337.89,3339.41,3336.62,3338.64,292
1779862800,3338.5,3339.39,3338.12,3339.13,275
1779862860,3339.18,3339.23,3335.06,3335.5,294
1779862920,3335.58,3336.99,3335.4,3335.94,285
1779862980,3335.93,3337.01,3334.99,3335.74,289
1779863040,3335.79,3336.91,3335.32,3336.65,253
1779863100,3336.59,3338.44,3335.26,3337.91,289
1779863160,3337.76,3338.11,3336.39,3336.47,272
1779863220,3336.49,3337,3335.04,3335.84,291
1779863280,3335.75,3336.97,3335.43,3336.71,279
1779863340,3336.73,3336.9,3336.13,3336.34,254
1779863400,3336.28,3336.37,3334.69,3335.61,285
1779863460,3335.61,3335.66,3331.17,3333.98,299
1779863520,3334.04,3334.28,3332.88,3333.35,297
1779863580,3333.35,3335.2,3333.35,3334.97,291
1779863640,3335.07,3335.08,3332.91,3334.31,280
1779863700,3334.3,3334.99,3333.07,3334.44,286
1779863760,3334.45,3335.62,3333.25,3335.21,241
1779863820,3335.19,3335.59,3334.36,3334.72,252
1779863880,3334.72,3334.95,3334.35,3334.53,207
1779863940,3334.51,3334.52,3331.92,3333.45,278
1779864000,3333.52,3334.29,3333.52,3333.74,251
1779864060,3333.77,3334.65,3333.75,3334.37,254
1779864120,3334.33,3334.33,3332.75,3333.54,254
1779864180,3333.51,3334.22,3332.99,3334.04,235
1779864240,3334.04,3335.66,3333.95,3335.43,231
1779864300,3335.48,3336.16,3334.92,3335.82,266
1779864360,3335.82,3336.14,3335.51,3335.72,225
1779864420,3335.71,3336.46,3335.62,3336.36,252
1779864480,3336.35,3336.92,3336.26,3336.26,224
1779864540,3336.31,3336.66,3335.62,3335.83,223
1779864600,3335.79,3336.39,3335.79,3336.16,204
1779864660,3336.16,3336.51,3335.84,3335.97,205
1779864720,3335.96,3336.22,3335.54,3335.96,222
1779864780,3335.95,3336.21,3335.29,3335.75,226
1779864840,3335.58,3336.17,3335.2,3335.83,264
1779864900,3335.86,3336.11,3334.7,3335.34,260
1779864960,3335.13,3335.79,3334.52,3334.83,214
1779865020,3334.88,3335.01,3333.66,3334.1,232
1779865080,3334.08,3334.36,3333.63,3333.87,212
1779865140,3333.9,3334.29,3333.25,3334.13,274
1779865200,3334.69,3334.69,3333.92,3334.23,272
1779865260,3334.21,3335.44,3334.21,3334.89,254
1779865320,3334.96,3335.47,3333.88,3335.42,257
1779865380,3335.46,3335.66,3334.69,3334.83,209
1779865440,3334.86,3335.36,3334.54,3335.36,227
1779865500,3335.41,3336.34,3335.33,3336.24,257
1779865560,3336.23,3336.5,3335.55,3335.88,203
1779865620,3335.7,3335.73,3334.39,3335.51,229
1779865680,3335.49,3335.49,3332.84,3333.08,241
1779865740,3333.11,3334.26,3332.79,3334.15,237
1779865800,3334.21,3334.21,3332.17,3332.17,239
1779865860,3332.14,3333.17,3332.14,3333.17,237
1779865920,3333.2,3333.55,3331.3,3331.68,229
1779865980,3331.61,3332.31,3331.23,3332.13,218
1779866040,3332.13,3332.61,3330.78,3330.89,204
1779866100,3330.99,3332.3,3330.99,3332,225
1779866160,3332.04,3333.7,3331.44,3333.25,218
1779866220,3333.18,3334.3,3332.64,3334.3,223
1779866280,3334.3,3334.89,3333.87,3334.33,187
1779866340,3334.29,3334.34,3333.41,3334.03,197
1779866400,3333.87,3334.72,3333.58,3334.72,204
1779866460,3334.69,3335.07,3333.72,3333.72,216
1779866520,3333.74,3335.46,3333.72,3335.34,208
1779866580,3335.48,3337.42,3335.2,3337.01,237
1779866640,3336.8,3338.04,3336.16,3336.3,220
1779866700,3336.11,3336.65,3335.91,3336.25,217
1779866760,3336.15,3336.86,3336.06,3336.67,207
1779866820,3336.65,3336.65,3335.26,3335.65,203
1779866880,3335.68,3335.83,3335.17,3335.83,229
1779866940,3335.82,3336.15,3335.35,3336.01,215
1779867000,3336.02,3337.11,3335.83,3336.56,226
1779867060,3336.53,3337.5,3336.51,3337.5,179
1779867120,3337.49,3337.7,3337.09,3337.31,211
1779867180,3337.28,3337.65,3336.13,3336.16,197
1779867240,3336.18,3336.58,3334.85,3335.38,243
1779867300,3335.54,3336.08,3333.91,3334.01,211
1779867360,3333.99,3334.1,3332.34,3332.46,224
1779867420,3332.27,3333.26,3332.27,3333.08,197
1779867480,3333.06,3334.32,3332.81,3333.97,194
1779867540,3333.92,3334.01,3333.37,3333.46,170
1779867600,3333.47,3333.84,3333.3,3333.73,159
1779867660,3333.87,3333.99,3333.23,3333.77,199
1779867720,3333.77,3334.52,3333.71,3334.51,182
1779867780,3334.46,3334.87,3334.35,3334.58,163
1779867840,3334.58,3334.6,3333.08,3333.24,186
1779867900,3333.24,3333.65,3332.92,3333.42,183
1779867960,3333.44,3334.21,3333.44,3334.14,195
1779868020,3333.98,3334.37,3333.96,3334.25,180
1779868080,3334.3,3334.95,3333.3,3333.39,191
1779868140,3333.5,3333.6,3330.84,3332.1,255
1779868200,3332.17,3332.31,3329.61,3329.65,278
1779868260,3329.66,3330.76,3329.66,3330.63,281
1779868320,3330.61,3330.64,3329.57,3329.85,231
1779868380,3329.86,3332.59,3329.81,3332.55,276
1779868440,3332.57,3332.69,3331.36,3331.65,224
1779868500,3331.76,3332.58,3331.31,3332.22,218
1779868560,3332.19,3333.23,3332.07,3333.17,220
1779868620,3333.19,3334.13,3332.89,3334.03,220
1779868680,3334,3334.15,3333.34,3333.76,228
1779868740,3333.81,3334.28,3333.77,3334.17,199
1779868800,3334.2,3335.66,3334.01,3335.44,283
1779868860,3335.35,3338.05,3335.14,3337.46,273
1779868920,3337.38,3338.45,3337.12,3337.79,270
1779868980,3337.8,3338.09,3336,3337.3,275
1779869040,3337.28,3337.65,3336.69,3336.69,234
1779869100,3336.76,3337.52,3336.3,3336.63,246
1779869160,3336.78,3336.99,3336.05,3336.42,254
1779869220,3336.45,3336.97,3336.38,3336.94,218
1779869280,3336.93,3337.39,3336.58,3337.26,220
1779869340,3337.23,3337.43,3336.51,3336.56,220
1779869400,3336.57,3336.57,3334.78,3335.01,226
1779869460,3335,3336.06,3334.67,3336.01,214
1779869520,3335.99,3336.92,3335.68,3335.69,217
1779869580,3335.75,3335.91,3334.14,3334.4,222
1779869640,3334.38,3336.03,3333.79,3336.01,221
1779869700,3336.08,3336.34,3335.24,3335.35,210
1779869760,3335.38,3336.1,3335.24,3336.1,216
1779869820,3336.11,3336.31,3335.48,3336.12,216
1779869880,3336.3,3338.36,3336.26,3338.27,264
1779869940,3338.28,3339.76,3338.17,3339.46,247
1779870000,3339.42,3340.04,3338.05,3338.43,219
1779870060,3338.53,3339.91,3338.53,3339.69,209
1779870120,3339.69,3340.96,3339.68,3340.64,204
1779870180,3340.88,3341.4,3340.78,3341.28,202
1779870240,3341.31,3341.57,3340.09,3340.37,243
1779870300,3340.24,3340.58,3339.68,3339.84,209
1779870360,3339.83,3340.17,3339.24,3339.32,195
1779870420,3339.29,3339.33,3338.2,3338.27,191
1779870480,3338.13,3339.2,3337.99,3338.44,237
1779870540,3338.48,3338.74,3338.13,3338.39,205
1779870600,3338.35,3338.93,3337.85,3338.3,212
1779870660,3338.45,3338.45,3337.5,3337.8,191
1779870720,3337.76,3337.76,3336.59,3337.3,201
1779870780,3337.5,3338.2,3337.38,3338.09,190
1779870840,3338.1,3338.41,3338.06,3338.33,145
1779870900,3338.33,3339.21,3338.31,3339.15,176
1779870960,3339.17,3340.25,3339.17,3340.16,184
1779871020,3340.16,3341.17,3340.16,3340.21,205
1779871080,3340.18,3340.64,3339.89,3340.21,203
1779871140,3340.19,3342,3339.74,3341.93,215
1779871200,3341.92,3343.46,3341.84,3343.41,230
1779871260,3343.49,3344.18,3343,3343.14,270
1779871320,3343.26,3344.05,3342.53,3343.77,254
1779871380,3343.74,3344.3,3343.38,3344.26,224
1779871440,3344.26,3344.39,3343.78,3343.95,237
1779871500,3344,3344.89,3343.82,3343.92,235
1779871560,3344.03,3344.63,3343.77,3344.19,212
1779871620,3344.19,3344.19,3342.06,3342.19,237
1779871680,3342.24,3343.3,3341.5,3343.13,220
1779871740,3343.08,3344.64,3342.83,3344.44,196
1779871800,3344.45,3345.92,3344.45,3345.54,230
1779871860,3345.57,3345.99,3344.5,3344.51,223
1779871920,3344.71,3345.95,3344.37,3345.85,236
1779871980,3345.85,3345.87,3344.03,3345.41,207
1779872040,3345.41,3346.47,3345.14,3346.21,227
1779872100,3346.2,3346.44,3345.96,3346.02,157
1779872160,3346,3346.05,3344.43,3344.52,188
1779872220,3344.37,3344.6,3343.08,3343.14,225
1779872280,3343.15,3343.61,3342.83,3343.01,200
1779872340,3343.02,3345.18,3343.02,3344.98,215
1779872400,3345.01,3345.01,3343.55,3343.92,251
1779872460,3343.83,3344.62,3342.45,3343,271
1779872520,3343.09,3343.59,3340.2,3340.6,253
1779872580,3340.6,3341.05,3340.21,3340.29,211
1779872640,3340.23,3340.31,3339.61,3340.15,191
1779872700,3340.22,3340.55,3339.4,3340.2,238
1779872760,3340.21,3340.21,3338.01,3338.73,235
1779872820,3338.74,3339.68,3338.52,3339.68,199
1779872880,3339.69,3339.69,3338.95,3339.22,184
1779872940,3339.22,3339.22,3338.07,3338.12,216
1779873000,3338.15,3338.96,3337.99,3338.09,190
1779873060,3338.1,3338.76,3338.09,3338.67,202
1779873120,3338.65,3339.78,3338.62,3339.18,196
1779873180,3339.18,3339.18,3338.62,3338.76,147
1779873240,3338.75,3340.68,3338.67,3339.84,201
1779873300,3339.86,3340.79,3339.79,3340.45,213
1779873360,3340.48,3341.68,3340.17,3341.53,193
1779873420,3341.56,3342.16,3341.13,3341.13,193
1779873480,3341.13,3341.24,3340.3,3340.36,197
1779873540,3340.35,3341.47,3340.24,3341.47,163
1779873600,3341.48,3341.87,3341.13,3341.22,192
1779873660,3341.19,3341.55,3339.85,3340.01,183
1779873720,3340.02,3341.09,3339.51,3340.28,219
1779873780,3340.24,3340.36,3339.73,3339.93,202
1779873840,3339.93,3340.06,3339.16,3339.31,160
1779873900,3339.38,3339.38,3338.22,3338.82,231
1779873960,3338.83,3339.28,3338.34,3339.28,157
1779874020,3339.31,3339.89,3338.87,3339.34,180
1779874080,3339.34,3339.91,3339.29,3339.54,152
1779874140,3339.56,3339.69,3338.02,3338.37,187
1779874200,3338.4,3338.82,3337.04,3337.85,210
1779874260,3337.86,3338.54,3336.18,3336.47,248
1779874320,3336.41,3337.93,3336.23,3337.79,238
1779874380,3337.78,3337.94,3337.24,3337.34,173
1779874440,3337.29,3339.08,3337.29,3338.99,224
1779874500,3339,3339.49,3338.87,3339.29,197
1779874560,3339.28,3339.58,3339.13,3339.58,154
1779874620,3339.59,3339.85,3339.17,3339.37,148
1779874680,3339.35,3339.55,3339.08,3339.17,148
1779874740,3339.15,3340.52,3339.14,3339.88,170
1779874800,3339.89,3339.92,3339.04,3339.28,151
1779874860,3339.36,3339.55,3339.09,3339.09,146
1779874920,3339.07,3340.35,3339.04,3339.43,177
1779874980,3339.41,3339.59,3338.24,3338.36,157
1779875040,3338.39,3338.65,3338,3338.25,120
1779875100,3338.21,3338.94,3338.13,3338.91,152
1779875160,3338.89,3339.23,3338.34,3338.35,142
1779875220,3338.33,3338.68,3338.17,3338.6,170
1779875280,3338.64,3338.99,3338.48,3338.88,110
1779875340,3338.88,3339.15,3338.73,3338.89,146
1779875400,3338.9,3339.9,3338.81,3339.49,200
1779875460,3339.52,3340.43,3339.52,3340.4,112
1779875520,3340.4,3341,3340.37,3340.5,182
1779875580,3340.39,3340.53,3339.9,3340.37,192
1779875640,3340.35,3340.53,3339.49,3340.28,201
1779875700,3340.27,3340.47,3339.91,3340,176
1779875760,3340,3340.34,3339.8,3340.29,200
1779875820,3340.3,3340.54,3340.09,3340.13,155
1779875880,3340.14,3340.15,3339.21,3339.3,163
1779875940,3339.23,3339.83,3339.22,3339.58,174
1779876000,3339.58,3339.85,3338.06,3338.93,202
1779876060,3338.9,3339.11,3338.37,3338.48,197
1779876120,3338.5,3338.64,3337.43,3337.57,187
1779876180,3337.62,3337.62,3336.29,3336.41,206
1779876240,3336.39,3337.8,3336.39,3337.01,204
1779876300,3336.97,3337.67,3336.87,3337.62,205
1779876360,3337.62,3338.75,3337.62,3338.65,155
1779876420,3338.66,3338.78,3337.53,3337.59,189
1779876480,3337.54,3337.54,3336.82,3336.97,172
1779876540,3336.98,3337.42,3336.85,3337.34,184
1779876600,3337.33,3338.32,3337.24,3337.81,196
1779876660,3337.8,3337.8,3336.96,3336.96,187
1779876720,3336.91,3337.27,3336.66,3336.93,157
1779876780,3336.93,3337.14,3336.19,3336.19,199
1779876840,3336.22,3336.74,3335.47,3336.67,197
1779876900,3336.61,3337.39,3336.61,3337.18,199
1779876960,3337.15,3337.26,3335.07,3335.81,233
1779877020,3335.82,3335.89,3335.17,3335.6,192
1779877080,3335.56,3336.02,3335.13,3335.28,204
1779877140,3335.25,3335.25,3333.31,3333.32,227
1779877200,3333.33,3333.73,3332.43,3332.83,236
1779877260,3332.79,3333.84,3332.54,3333.84,223
1779877320,3333.81,3334.26,3333.74,3333.85,219
1779877380,3333.93,3334.86,3332.6,3332.67,203
1779877440,3332.73,3334.53,3332.65,3333.6,231
1779877500,3333.62,3333.62,3332.03,3332.28,219
1779877560,3332.26,3333.15,3331.88,3333.15,192
1779877620,3333.18,3333.86,3332.76,3332.76,194
1779877680,3332.83,3332.96,3331.47,3332.41,251
1779877740,3332.49,3333.5,3331.73,3331.8,225
1779877800,3331.78,3332.07,3329.6,3330.3,269
1779877860,3330.26,3331.04,3329.55,3329.8,260
1779877920,3329.75,3330.16,3327.75,3328.79,247
1779877980,3328.85,3329.25,3328.06,3329.24,234
1779878040,3329.3,3330.36,3328.84,3328.84,237
1779878100,3328.83,3329.37,3328.06,3329.36,270
1779878160,3329.37,3330.23,3328.9,3329.49,265
1779878220,3329.35,3330.31,3328.92,3329.1,243
1779878280,3329.08,3330.02,3326.9,3327.89,234
1779878340,3328.12,3328.15,3320.31,3321.67,312
1779878400,3321.29,3325.4,3320.9,3325.1,294
1779878460,3324.91,3325.99,3322.78,3323.71,288
1779878520,3323.55,3325.27,3321.26,3324.94,300
1779878580,3324.99,3325.69,3323.47,3323.92,244
1779878640,3323.95,3324.77,3322.39,3322.4,240
1779878700,3322.17,3322.95,3320.3,3320.86,266
1779878760,3320.85,3320.97,3304.11,3314.99,316
1779878820,3313.88,3314.25,3310.6,3311.01,306
1779878880,3310.93,3311.15,3306.34,3307.54,302
1779878940,3307.48,3310.58,3307.43,3309.71,307
1779879000,3309.08,3310.86,3306.91,3309.72,305
1779879060,3309.99,3310.09,3306.62,3306.86,300
1779879120,3306.8,3309.67,3306.14,3309.67,287
1779879180,3309.7,3309.7,3306.03,3307.01,286
1779879240,3306.99,3307.58,3306.09,3307.01,289
1779879300,3306.98,3308.87,3306.13,3307.93,268
1779879360,3307.58,3309.92,3306.93,3307.57,285
1779879420,3307.47,3307.65,3305.84,3307.52,284
1779879480,3307.51,3308.56,3305.37,3308.49,260
1779879540,3308.43,3310.73,3307.54,3307.7,286
1779879600,3308.34,3309.98,3307.29,3309.84,300
1779879660,3310.18,3310.8,3308.48,3309.27,269
1779879720,3309.28,3309.81,3308.71,3309.41,239
1779879780,3309.73,3313.36,3309.73,3312.29,280
1779879840,3312.3,3312.91,3311.73,3312.91,256
1779879900,3312.9,3312.91,3309.47,3310.86,280
1779879960,3310.91,3310.95,3309.14,3310.51,237
1779880020,3310.53,3312.19,3310.28,3311.4,255
1779880080,3311.28,3312.86,3311.27,3312.7,230
1779880140,3312.58,3312.58,3311.32,3311.55,235
1779880200,3311.61,3311.65,3310.19,3310.62,248
1779880260,3310.65,3310.65,3307.51,3309.63,288
1779880320,3309.6,3311.29,3309.2,3310.55,232
1779880380,3310.58,3312.48,3309.38,3311.46,263
1779880440,3311.46,3311.94,3310.85,3311.94,228
1779880500,3311.91,3312.62,3310.55,3311.4,244
1779880560,3311.34,3312.35,3309.42,3310.06,264
1779880620,3310.05,3310.94,3309.33,3310.58,219
1779880680,3310.52,3311.46,3310.24,3311.35,232
1779880740,3311.33,3312.15,3310.99,3310.99,228
1779880800,3310.74,3310.76,3309.22,3309.52,241
1779880860,3309.55,3309.75,3307.13,3307.13,276
1779880920,3306.55,3308.29,3305.19,3305.4,263
1779880980,3305.4,3306.69,3304.5,3306.58,293
1779881040,3306.42,3308.61,3306.11,3308.24,257
1779881100,3308.37,3308.66,3306.25,3306.92,283
1779881160,3306.93,3307.96,3306.11,3306.33,261
1779881220,3306.41,3307.03,3304.03,3304.24,258
1779881280,3304.21,3306.33,3301.56,3306.13,279
1779881340,3306.12,3306.41,3304.7,3305.26,236
1779881400,3305.26,3305.9,3300.36,3300.48,304
1779881460,3300.49,3302.18,3298.82,3302.08,303
1779881520,3302.13,3303.35,3300.19,3302.45,294
1779881580,3302.46,3303.81,3301.9,3303.4,260
1779881640,3303.05,3303.22,3302.01,3302.4,257
1779881700,3302.42,3302.92,3300.61,3301.53,271
1779881760,3301.47,3304.79,3300.9,3304.79,282
1779881820,3304.92,3305.38,3304.06,3304.86,280
1779881880,3304.85,3305.6,3304.5,3305.6,247
1779881940,3305.49,3305.66,3304.43,3305.27,237
1779882000,3305.27,3305.31,3303.57,3303.6,264
1779882060,3303.58,3305.36,3303.57,3305.18,242
1779882120,3305.29,3307.63,3305.09,3307.63,224
1779882180,3307.35,3307.35,3305.87,3306.17,237
1779882240,3305.98,3307.2,3305.92,3306.45,249
1779882300,3306.44,3307.32,3306.36,3306.97,253
1779882360,3306.97,3307.48,3306.27,3306.89,241
1779882420,3306.93,3307.39,3306.22,3307.39,222
1779882480,3307.45,3307.45,3305.16,3305.41,234
1779882540,3305.38,3305.64,3303.76,3303.76,237
1779882600,3303.76,3304.12,3301.25,3302.22,282
1779882660,3302.34,3303.02,3301.55,3302.12,253
1779882720,3302.15,3303.63,3302.12,3302.68,246
1779882780,3302.7,3303.69,3301.7,3302.58,241
1779882840,3302.55,3303.01,3300.65,3300.65,249
1779882900,3300.65,3300.87,3299.84,3300.48,272
1779882960,3300.47,3301.4,3298.47,3300.27,295
1779883020,3300.14,3300.3,3297.21,3297.99,262
1779883080,3298.2,3298.2,3294.61,3294.94,297
1779883140,3295.17,3296.48,3294.05,3296.48,304
1779883200,3296.59,3298.85,3296.35,3298.11,295
1779883260,3298.11,3301.3,3298.07,3300.66,296
1779883320,3300.61,3302.7,3300.41,3302.3,287
1779883380,3302.32,3303.24,3300.64,3300.64,258
1779883440,3300.63,3301.23,3300.36,3300.93,256
1779883500,3300.98,3302.38,3300.77,3301.94,263
1779883560,3302.04,3302.04,3300.48,3301.98,256
1779883620,3301.93,3302.67,3300.77,3301.05,248
1779883680,3301.06,3301.06,3298.84,3299.41,250
1779883740,3299.42,3299.64,3298.85,3299.58,234
1779883800,3299.51,3299.84,3298.14,3299.84,260
1779883860,3299.87,3299.98,3298.65,3299.66,257
1779883920,3299.72,3300.19,3297.98,3298.06,266
1779883980,3298.04,3299.13,3297.11,3297.97,269
1779884040,3297.94,3298.9,3297.53,3297.92,253
1779884100,3297.77,3298.79,3296.78,3297.72,280
1779884160,3297.89,3298.18,3296.14,3296.79,252
1779884220,3296.77,3297.94,3296.76,3297.85,227
1779884280,3297.88,3307.83,3297.15,3306.69,316
1779884340,3306.86,3313.22,3306.52,3309.53,325
1779884400,3309.64,3310.12,3305.88,3309.68,320
1779884460,3309.52,3314.91,3309.17,3313.67,319
1779884520,3313.57,3319.08,3313.37,3318.72,329
1779884580,3318.84,3319.29,3312.84,3314.05,327
1779884640,3314.03,3314.03,3311.06,3313.32,318
1779884700,3313.39,3315.97,3311.49,3315.41,320
1779884760,3315.26,3315.56,3312.7,3313.56,318
1779884820,3313.62,3314.05,3311.49,3311.61,297
1779884880,3311.35,3313.07,3311.2,3312.11,298
1779884940,3312.34,3312.41,3310.71,3311.35,290
1779885000,3311.44,3314.69,3311.38,3314.27,300
1779885060,3314.22,3314.3,3310.06,3311.09,320
1779885120,3311.08,3311.28,3307.57,3307.63,302
1779885180,3307.65,3308.84,3306.92,3308.71,300
1779885240,3308.86,3308.86,3305.19,3306.35,303
1779885300,3306.36,3306.49,3304.67,3305.08,286
1779885360,3305.46,3309.68,3305.13,3308.31,314
1779885420,3308.26,3310.28,3308.09,3308.7,297
1779885480,3308.74,3309.7,3307.5,3308.75,292
1779885540,3309.24,3310.16,3308.67,3309.42,280
1779885600,3309.8,3309.8,3307.72,3307.81,295
1779885660,3307.74,3308.65,3306.79,3307.1,292
1779885720,3307.17,3307.55,3305.86,3306.39,280
1779885780,3306.39,3307.14,3306.34,3306.83,267
1779885840,3306.67,3307.37,3305.61,3306.6,274
1779885900,3306.68,3307.43,3305.71,3306.37,266
1779885960,3306.68,3307.07,3306.04,3306.31,273
1779886020,3306.29,3307.36,3305.61,3306.03,258
1779886080,3306.07,3306.07,3304.24,3305.64,288
1779886140,3305.66,3306.39,3305.19,3305.73,281
1779886200,3305.59,3305.62,3302.85,3303.26,269
1779886260,3303.28,3306.48,3303.28,3303.45,284
1779886320,3303.48,3304.83,3303.1,3304.13,270
1779886380,3304,3305.53,3304,3305.53,253
1779886440,3305.49,3306.75,3305.06,3306.35,289
1779886500,3306.3,3306.39,3304.63,3305.29,278
1779886560,3305.31,3306.13,3305.24,3305.97,241
1779886620,3305.92,3306.47,3304.21,3304.73,270
1779886680,3304.15,3304.15,3301.16,3302.12,276
1779886740,3302.06,3302.98,3301.63,3302.73,293
1779886800,3302.62,3302.72,3295.82,3295.82,318
1779886860,3295.65,3299.26,3295.37,3298.33,314
1779886920,3298.32,3300.52,3298.21,3300.41,306
1779886980,3300.57,3300.65,3299.37,3300,298
1779887040,3300,3300,3296.2,3296.25,295
1779887100,3296.2,3296.3,3290.96,3292.85,316
1779887160,3292.12,3293.2,3288.36,3288.9,312
1779887220,3288.89,3288.89,3282.06,3285.35,320
1779887280,3285.09,3288.46,3284.28,3287.45,313
1779887340,3287.43,3287.97,3281.75,3283.41,319
1779887400,3283.54,3284.67,3281.77,3284.67,315
1779887460,3284.7,3287.16,3282.15,3286.81,312
1779887520,3286.9,3287.35,3282.76,3283.7,301
1779887580,3283.69,3283.81,3280.83,3282.77,302
1779887640,3282.69,3285.15,3281.61,3284.89,309
1779887700,3284.72,3287,3284.21,3285.92,313
1779887760,3285.93,3286.4,3284.59,3286.4,305
1779887820,3286.32,3287.95,3283.27,3285.63,291
1779887880,3285.81,3285.99,3279.46,3279.67,319
1779887940,3279.6,3281.45,3279.23,3281.03,299
1779888000,3281.18,3281.9,3277.55,3277.64,299
1779888060,3277.67,3284.04,3277.57,3284.04,306
1779888120,3283.97,3285.58,3282.55,3283.59,310
1779888180,3283.66,3284.98,3282.62,3284.13,293
1779888240,3284.11,3285.57,3283.23,3285.36,259
1779888300,3285.14,3286.79,3283.27,3283.27,298
1779888360,3283.24,3284.32,3280.24,3281.72,305
1779888420,3281.79,3281.79,3276.81,3276.97,303
1779888480,3275.65,3277.27,3273.9,3276.66,319
1779888540,3276.54,3278.97,3275.72,3276.35,324
1779888600,3277.41,3281.77,3277.41,3281.77,320
1779888660,3281.87,3284.62,3281.58,3283.97,323
1779888720,3283.92,3287.96,3282.9,3287.96,320
1779888780,3288.01,3288.91,3286.59,3287.08,318
1779888840,3286.93,3290.07,3285.54,3289.67,322
1779888900,3289.48,3290.82,3288.31,3290.55,312
1779888960,3290.62,3290.62,3284.83,3284.84,319
1779889020,3284.43,3285.04,3282.3,3284.19,316
1779889080,3284.19,3285.41,3282.55,3284.85,312
1779889140,3284.69,3287.08,3284.62,3286.66,305
1779889200,3286.64,3287.07,3285.38,3285.88,306
1779889260,3285.9,3287.66,3284.88,3287.29,307
1779889320,3287.11,3290.12,3286.71,3289.36,300
1779889380,3289.3,3290.09,3285.68,3287.11,309
1779889440,3287.05,3288.07,3285.74,3287.33,314
1779889500,3287.21,3290.22,3286.66,3290.22,307
1779889560,3290.35,3293.2,3289.79,3290.2,311
1779889620,3290.05,3290.78,3288.78,3290.09,297
1779889680,3290.03,3291.96,3289.33,3289.34,298
1779889740,3289.42,3289.71,3287.81,3287.81,285
1779889800,3287.86,3290.9,3287.59,3290.77,296
1779889860,3290.79,3295.65,3290.6,3295.65,316
1779889920,3295.6,3297.29,3294.69,3296.4,313
1779889980,3296.27,3297.97,3294.07,3294.47,320
1779890040,3294.3,3294.55,3291.3,3291.9,319
1779890100,3292.11,3293.43,3290.72,3292.52,310
1779890160,3292.63,3293.51,3291.6,3292,306
1779890220,3292.12,3294.24,3291.89,3293.96,299
1779890280,3294.05,3294.19,3292.05,3292.31,298
1779890340,3292.37,3292.73,3290.68,3292.51,300
1779890400,3292.49,3293.89,3291.6,3292.82,306
1779890460,3292.91,3296.36,3292.18,3296.22,302
1779890520,3296.23,3296.99,3294.78,3295.57,295
1779890580,3295.59,3298.57,3295.5,3298.57,305
1779890640,3298.43,3300.83,3297.93,3300.74,312
1779890700,3300.63,3301.22,3299.35,3300.89,313
1779890760,3300.91,3303.93,3300.61,3303.78,314
1779890820,3303.69,3307.77,3303.32,3303.74,308
1779890880,3303.63,3305.51,3303.29,3303.41,302
1779890940,3303.34,3305.33,3301.81,3305.33,303
1779891000,3305.47,3307.04,3304.66,3305.13,311
1779891060,3304.93,3306.81,3304.54,3305.96,305
1779891120,3306.15,3312.7,3305.55,3311.52,309
1779891180,3311.51,3311.7,3308.19,3309.44,309
1779891240,3309.46,3309.62,3306.32,3306.55,292
1779891300,3306.73,3308.72,3306.64,3306.8,288
1779891360,3306.61,3308.03,3306.24,3307.33,305
1779891420,3307.29,3309.1,3307.29,3307.87,280
1779891480,3308,3309.11,3306.53,3307.34,305
1779891540,3307.41,3308.47,3307.04,3307.76,296
1779891600,3307.71,3310.36,3307.06,3308.69,311
1779891660,3308.67,3310.98,3308.61,3309.13,291
1779891720,3309.23,3309.48,3306.42,3306.42,307
1779891780,3306.47,3306.98,3305.14,3305.42,300
1779891840,3305.47,3306,3304.4,3305.32,307
1779891900,3305.12,3305.97,3302.96,3303.27,287
1779891960,3303.29,3303.29,3301.95,3301.95,299
1779892020,3301.73,3303.09,3301.43,3302.78,300
1779892080,3302.75,3304.6,3301.95,3304.38,304
1779892140,3304.37,3305.83,3304.04,3305.53,299
1779892200,3305.18,3307.05,3305.11,3306.82,283
1779892260,3306.88,3307.72,3306.43,3307.47,291
1779892320,3307.46,3307.47,3302.82,3303.22,290
1779892380,3302.94,3304.31,3299.01,3300.92,319
1779892440,3301,3302.92,3300.01,3302.81,312
1779892500,3302.84,3303.38,3302.2,3303.02,293
1779892560,3303.07,3305.47,3302.49,3305.12,299
1779892620,3305.11,3305.13,3303.48,3304.23,287
1779892680,3304.25,3304.39,3302.43,3302.43,296
1779892740,3302.54,3304.06,3302.4,3304.03,282
1779892800,3304.05,3304.33,3302.79,3303.18,296
1779892860,3303.22,3303.88,3303,3303.28,294
1779892920,3303.31,3303.9,3301.72,3302.84,293
1779892980,3302.75,3304.5,3302.37,3303.96,287
1779893040,3303.95,3303.98,3302.71,3303.22,267
1779893100,3303.25,3304.2,3303.25,3303.99,271
1779893160,3303.96,3304.16,3301.99,3302.27,293
1779893220,3302.5,3305.66,3301.89,3304.56,288
1779893280,3304.51,3305.97,3304.37,3304.64,280
1779893340,3304.63,3304.64,3301.46,3301.46,287
1779893400,3301.28,3302.4,3301.02,3301.52,304
1779893460,3301.45,3303.07,3301.38,3301.8,281
1779893520,3301.94,3303.41,3301.82,3303.17,279
1779893580,3303.21,3304.23,3301.77,3304.07,304
1779893640,3303.86,3305.97,3303.74,3305.97,283
1779893700,3306.12,3306.12,3303.74,3304.11,297
1779893760,3304.13,3304.36,3301.99,3302.65,314
1779893820,3302.78,3304.73,3302.77,3304.35,304
1779893880,3304.44,3305,3303.28,3304.09,305
1779893940,3304.1,3304.95,3303.65,3304.32,295
1779894000,3304.35,3305.36,3302.08,3302.92,314
1779894060,3302.94,3305.24,3302.69,3305.02,294
1779894120,3305.06,3305.66,3304.79,3304.97,289
1779894180,3304.96,3305.87,3304.74,3305.37,282
1779894240,3305.39,3305.72,3303.22,3304.68,285
1779894300,3304.68,3304.75,3303.16,3303.16,287
1779894360,3303.22,3303.81,3302.95,3302.95,279
1779894420,3302.95,3303.67,3302.51,3302.62,291
1779894480,3302.64,3302.66,3300.33,3300.33,270
1779894540,3300.32,3300.75,3298.04,3298.75,294
1779894600,3298.72,3300.36,3298.2,3300.34,295
1779894660,3300.3,3300.3,3297.89,3298.61,295
1779894720,3298.63,3299.26,3298,3298.44,262
1779894780,3298.76,3300.41,3298.67,3299.66,278
1779894840,3299.69,3300.62,3299.69,3300.23,258
1779894900,3300.21,3300.54,3298.64,3300.1,276
1779894960,3300.09,3300.89,3300.04,3300.18,262
1779895020,3300.26,3301.02,3300.13,3300.65,254
1779895080,3300.96,3301.48,3300.32,3301.48,257
1779895140,3301.41,3301.65,3299.85,3300.28,250
1779895200,3300.29,3300.84,3299.91,3300.32,270
1779895260,3300.31,3300.44,3299.72,3300.04,270
1779895320,3300.07,3301.13,3300.07,3300.13,277
1779895380,3300.29,3301.57,3299.93,3301.57,257
1779895440,3301.54,3302.75,3300.89,3302.28,293
1779895500,3302.31,3302.6,3302.05,3302.29,268
1779895560,3302.14,3302.16,3301.62,3301.77,233
1779895620,3301.72,3303.21,3301.42,3302.76,244
1779895680,3302.74,3303,3302.09,3302.54,249
1779895740,3302.49,3303.52,3302.39,3303.45,248
1779895800,3304.3,3305.87,3304.03,3305.57,283
1779895860,3305.57,3306.93,3305.39,3305.89,295
1779895920,3305.9,3306.37,3305.5,3305.91,284
1779895980,3305.98,3307,3305.05,3305.35,277
1779896040,3305.27,3305.32,3304.02,3304.83,263
1779896100,3304.88,3305.96,3304.76,3305.09,262
1779896160,3305.11,3305.49,3304.42,3305.03,287
1779896220,3305.1,3305.37,3304.22,3305.01,241
1779896280,3305.08,3306.06,3305.08,3305.92,242
1779896340,3305.93,3306.89,3305.92,3306.87,247
1779896400,3306.9,3306.95,3305.59,3306.23,254
1779896460,3305.71,3306.53,3305.69,3306.53,256
1779896520,3306.54,3306.94,3305.77,3305.83,252
1779896580,3305.8,3305.96,3304.24,3304.41,274
1779896640,3304.37,3304.89,3302.24,3302.88,275
1779896700,3302.89,3305.32,3302.13,3303.99,287
1779896760,3304.05,3304.27,3302.88,3303.08,277
1779896820,3303.14,3304.01,3303.12,3303.28,255
1779896880,3303.27,3303.27,3301.62,3302.26,253
1779896940,3302.25,3303.39,3301.48,3302.48,292
1779897000,3302.53,3303.37,3302.47,3302.65,230
1779897060,3302.72,3302.77,3301.13,3301.15,278
1779897120,3301.14,3301.66,3300.84,3301.18,256
1779897180,3301.17,3303.42,3301.09,3303.41,256
1779897240,3303.42,3303.98,3301.89,3303.12,253
1779897300,3303.19,3303.26,3302.02,3302.67,242
1779897360,3302.66,3303.73,3302.43,3303.73,220
1779897420,3303.74,3304.18,3303.73,3304.08,241
1779897480,3304.05,3304.74,3303.4,3303.72,257
1779897540,3303.7,3303.76,3303.35,3303.66,225
1779897600,3303.67,3304.97,3303.18,3304.97,258
1779897660,3305.09,3307.82,3305.09,3307.11,274
1779897720,3307.12,3307.76,3306.82,3307.61,233
1779897780,3307.58,3308.36,3305.1,3305.2,251
1779897840,3305.24,3306.44,3304.65,3305.99,278
1779897900,3305.99,3306.07,3305.05,3305.19,252
1779897960,3305.18,3305.78,3305.1,3305.26,249
1779898020,3305.29,3305.67,3304.81,3305.05,249
1779898080,3305.03,3305.09,3303.69,3305.09,249
1779898140,3305.01,3305.25,3304.07,3305.05,239
1779898200,3305.15,3305.66,3305.07,3305.62,257
1779898260,3305.58,3307.33,3305.48,3306.98,272
1779898320,3306.97,3307.58,3306.87,3307.43,256
1779898380,3307.4,3307.58,3306.7,3306.87,240
1779898440,3306.79,3307.49,3306.79,3307.29,226
1779898500,3307.33,3307.6,3306.96,3307.6,226
1779898560,3307.6,3308.47,3307.47,3307.86,234
1779898620,3307.88,3308.14,3307.52,3307.9,247
1779898680,3307.86,3308.66,3307.77,3308.2,220
1779898740,3308.2,3308.26,3307.51,3307.53,211
1779898800,3307.56,3308.14,3307.13,3307.94,235
1779898860,3308.02,3308.57,3307.82,3308.21,222
1779898920,3308.2,3308.61,3307.95,3308.34,252
1779898980,3308.28,3308.42,3308.02,3308.33,190
1779899040,3308.35,3309.81,3308.28,3309.76,207
1779899100,3309.84,3310.16,3309.47,3310.04,223
1779899160,3309.96,3311.94,3309.96,3311.87,247
1779899220,3311.82,3312.1,3310.76,3311.33,224
1779899280,3311.31,3311.41,3310.42,3310.86,227
1779899340,3310.91,3311.62,3310.91,3311.4,250
1779899400,3311.35,3311.53,3310.55,3310.55,242
1779899460,3310.55,3312.71,3310.49,3312.71,254
1779899520,3312.68,3313.34,3312.42,3312.53,245
1779899580,3312.56,3313.18,3312.38,3313.16,200
1779899640,3313.03,3313.2,3312.54,3312.81,211
1779899700,3312.81,3314.39,3312.81,3313.84,240
1779899760,3313.87,3314.21,3313.7,3313.8,219
1779899820,3313.74,3314.63,3313.74,3314.37,213
1779899880,3314.29,3314.59,3313.93,3314.37,226
1779899940,3314.36,3314.57,3313.71,3313.73,202
1779900000,3313.79,3315.45,3313.57,3315.32,234
1779900060,3315.05,3315.63,3314.99,3315.52,236
1779900120,3315.51,3316.22,3314.9,3314.92,253
1779900180,3314.98,3315.21,3314.62,3314.97,227
1779900240,3314.95,3315.05,3314.35,3314.66,212
1779900300,3315.07,3315.39,3314.64,3315.05,239
1779900360,3314.74,3314.74,3313.42,3313.67,237
1779900420,3313.69,3314.95,3313.41,3314.82,214
1779900480,3314.79,3315.37,3314.4,3315.36,248
1779900540,3315.35,3315.7,3314.63,3315.2,219
1779900600,3315.25,3315.99,3315,3315.21,232
1779900660,3315.14,3315.53,3314.68,3315.32,182
1779900720,3315.35,3315.52,3314.55,3314.7,213
1779900780,3314.7,3314.95,3313.94,3313.99,255
1779900840,3313.94,3314.03,3313.49,3313.92,214
1779900900,3314.03,3314.3,3313.72,3313.72,219
1779900960,3313.76,3313.76,3313.07,3313.1,215
1779901020,3313.18,3313.53,3313.04,3313.28,211
1779901080,3313.29,3314.24,3313.11,3313.72,222
1779901140,3313.77,3314.02,3313.2,3313.89,224
1779901200,3313.88,3314.04,3312.76,3313.73,242
1779901260,3313.71,3313.93,3312.16,3312.23,246
1779901320,3312.21,3313.01,3311.96,3312.31,259
1779901380,3312.33,3313.99,3311.74,3313.61,256
1779901440,3313.72,3313.78,3313.28,3313.32,218
1779901500,3313.31,3314.87,3313.24,3314.69,248
1779901560,3314.69,3314.72,3313.54,3314.38,220
1779901620,3314.4,3314.4,3312.54,3313.25,245
1779901680,3313.24,3313.38,3311.86,3311.97,265
1779901740,3312.03,3312.17,3310.36,3310.46,283
1779901800,3310.45,3312.06,3310.29,3311.34,285
1779901860,3311.22,3311.32,3309.74,3309.74,264
1779901920,3309.76,3311.22,3309.51,3310.62,262
1779901980,3310.53,3311.1,3310.32,3310.8,238
1779902040,3310.81,3311.55,3310.79,3311.55,246
1779902100,3311.61,3312.39,3311.11,3312.15,229
1779902160,3312.22,3313.08,3311.88,3312.98,242
1779902220,3312.99,3313.39,3312.54,3313.24,231
1779902280,3313.25,3313.29,3312.27,3312.73,226
1779902340,3312.67,3313.38,3312.66,3313.38,224
1779902400,3313.29,3314.09,3312.9,3313.61,235
1779902460,3313.59,3313.81,3313.28,3313.37,231
1779902520,3313.38,3313.85,3313.21,3313.6,237
1779902580,3313.59,3313.59,3312.85,3313.48,212
1779902640,3313.47,3314.72,3313.28,3313.61,259
1779902700,3313.64,3313.9,3312.72,3313.49,235
1779902760,3313.59,3314.13,3312.97,3313.65,218
1779902820,3313.28,3314.42,3313.28,3314.16,213
1779902880,3314.17,3314.57,3313.29,3313.49,191
1779902940,3313.52,3316.91,3313.52,3316.17,311
1779903000,3316.3,3317.25,3316.3,3316.57,237
1779903060,3316.86,3318.34,3316.86,3317.89,230
1779903120,3317.77,3318.48,3317.37,3317.48,237
1779903180,3317.43,3317.8,3317.07,3317.78,197
1779903240,3317.77,3318.01,3317.26,3317.96,217
1779903300,3317.97,3319.84,3317.63,3318.97,224
1779903360,3318.97,3318.99,3318.4,3318.74,242
1779903420,3318.74,3318.9,3317.95,3318.15,220
1779903480,3318.17,3318.53,3317.96,3318.48,188
1779903540,3318.53,3318.63,3316.73,3316.84,237
1779903600,3316.87,3317.4,3316.55,3316.83,252
1779903660,3316.79,3317.27,3316.65,3317.11,203
1779903720,3317.1,3317.43,3316.8,3316.9,162
1779903780,3316.92,3317.23,3316.3,3317.1,187
1779903840,3317.09,3317.13,3316.22,3316.26,177
1779903900,3316.24,3316.49,3315.75,3316.16,164
1779903960,3316.17,3316.56,3316.17,3316.55,198
1779904020,3316.55,3316.55,3315.79,3315.92,171
1779904080,3315.97,3316.05,3315.44,3315.62,180
1779904140,3315.63,3315.75,3315.1,3315.6,171
1779904200,3315.65,3315.98,3315.64,3315.94,179
1779904260,3316.08,3316.12,3315.26,3315.96,206
1779904320,3315.97,3317.17,3315.91,3317.08,235
1779904380,3317.06,3317.1,3316.28,3316.28,231
1779904440,3316.15,3317.18,3316.15,3316.83,182
1779904500,3316.84,3316.97,3316.58,3316.93,196
1779904560,3316.94,3317.08,3316.75,3316.82,210
1779904620,3316.83,3316.83,3315.9,3316.11,195
1779904680,3316.15,3316.21,3315.49,3315.49,211
1779904740,3315.53,3315.76,3314.58,3314.58,188
1779904800,3314.17,3314.5,3314.08,3314.43,232
1779904860,3314.42,3315.91,3314.2,3315.86,240
1779904920,3315.9,3316.3,3315.35,3315.78,186
1779904980,3315.79,3315.89,3315.65,3315.68,185
1779905040,3315.68,3315.84,3314.46,3314.59,202
1779905100,3314.48,3314.99,3314.02,3314.66,196
1779905160,3314.68,3314.68,3313.97,3314.04,200
1779905220,3314.05,3314.17,3313.56,3314.17,173
1779905280,3314.18,3314.34,3313.96,3314.16,213
1779905340,3314.19,3314.19,3313.38,3313.7,203
1779905400,3313.73,3314.26,3313.65,3313.92,179
1779905460,3313.89,3314.61,3313.71,3314.47,178
1779905520,3314.48,3315.09,3314.42,3314.92,160
1779905580,3314.78,3314.98,3314.69,3314.81,192
1779905640,3314.8,3315.3,3314.56,3315.29,188
1779905700,3315.32,3315.59,3315.16,3315.47,212
1779905760,3315.55,3316.46,3315.47,3316.18,199
1779905820,3316.14,3317.11,3315.98,3316.93,226
1779905880,3316.94,3316.94,3316.16,3316.35,167
1779905940,3316.34,3316.77,3316.11,3316.7,168
1779906000,3316.61,3320.74,3316.57,3319.48,282
1779906060,3319.47,3320.28,3319.06,3319.31,218
1779906120,3319.28,3319.28,3318.77,3318.82,227
1779906180,3318.8,3318.89,3318.24,3318.89,237
1779906240,3318.86,3318.86,3318,3318.43,213
1779906300,3318.46,3318.84,3317.99,3318.02,238
1779906360,3318.01,3318.47,3317.99,3318.4,231
1779906420,3318.38,3318.7,3318.16,3318.23,236
1779906480,3318.12,3318.77,3317.83,3317.87,218
1779906540,3317.86,3318.59,3317.53,3318.35,208
1779906600,3318.38,3318.66,3317.98,3318.43,225
1779906660,3318.44,3318.59,3317.6,3317.83,218
1779906720,3317.85,3318.09,3316.69,3316.88,217
1779906780,3316.68,3316.99,3316.22,3316.5,222
1779906840,3316.6,3317.01,3316.15,3316.45,201
1779906900,3316.45,3316.53,3316.19,3316.2,137
1779906960,3316.18,3316.45,3315.87,3316.14,188
1779907020,3316.15,3316.24,3315.56,3315.62,163
1779907080,3315.63,3316.59,3315.63,3316.32,180
1779907140,3316.35,3316.89,3316.35,3316.58,146
1779907200,3316.6,3317.28,3316.55,3317.11,142
1779907260,3317.17,3317.35,3317.01,3317.22,152
1779907320,3317.24,3317.26,3316.58,3316.88,159
1779907380,3316.84,3316.97,3316.52,3316.78,158
1779907440,3316.81,3316.82,3316.55,3316.58,163
1779907500,3316.57,3316.59,3316.05,3316.12,169
1779907560,3316.1,3316.78,3316.1,3316.6,148
1779907620,3316.63,3316.8,3316.39,3316.64,164
1779907680,3316.62,3316.79,3316.43,3316.61,148
1779907740,3316.64,3316.73,3316.5,3316.54,160
1779907800,3316.61,3316.65,3316.02,3316.07,180
1779907860,3316.15,3316.18,3315.8,3316.07,175
1779907920,3316.1,3316.49,3315.96,3316.39,135
1779907980,3316.4,3316.71,3315.82,3315.91,166
1779908040,3315.96,3316.01,3315.57,3315.57,144
1779908100,3315.58,3315.82,3315.34,3315.69,163
1779908160,3315.62,3316.4,3315.62,3316.4,158
1779908220,3316.36,3316.5,3316.09,3316.28,171
1779908280,3316.29,3316.67,3316.29,3316.56,143
1779908340,3316.55,3317.24,3316.54,3316.8,195
1779908400,3316.83,3316.98,3316.27,3316.66,164
1779908460,3316.67,3316.95,3316.36,3316.37,179
1779908520,3316.39,3316.51,3315.75,3315.82,169
1779908580,3315.81,3315.82,3315.39,3315.6,146
1779908640,3315.59,3315.59,3314.93,3315.04,172
1779908700,3315.02,3315.29,3314.71,3315.03,162
1779908760,3315.03,3315.63,3315.03,3315.38,188
1779908820,3315.31,3315.53,3315.18,3315.4,114
1779908880,3315.38,3315.5,3315.12,3315.13,121
1779908940,3315.13,3315.38,3315.06,3315.2,123
1779909000,3315.24,3315.33,3314.06,3314.23,187
1779909060,3314.14,3314.73,3313.91,3313.95,193
1779909120,3313.93,3314.58,3313.93,3314.57,169
1779909180,3314.57,3314.85,3314.28,3314.76,179
1779909240,3314.77,3315,3314.63,3314.79,151
1779909300,3314.76,3315.2,3314.6,3314.6,181
1779909360,3314.56,3314.66,3313.71,3313.95,171
1779909420,3313.94,3314.5,3313.64,3313.99,156
1779909480,3313.99,3314.14,3313.87,3313.95,160
1779909540,3313.98,3313.98,3313.39,3313.53,194
1779909600,3313.56,3313.98,3313.52,3313.84,145
1779909660,3313.85,3314.4,3313.76,3314.1,123
1779909720,3314.15,3314.16,3313.89,3313.95,81
1779909780,3313.93,3315.95,3313.93,3315.46,174
1779909840,3315.49,3315.75,3315.29,3315.5,162
1779909900,3315.51,3315.52,3314.62,3314.73,171
1779909960,3314.72,3314.76,3313.94,3314.1,192
1779910020,3314.12,3314.23,3313.53,3313.93,220
1779910080,3313.98,3314.21,3313.79,3314.15,149
1779910140,3314.18,3314.18,3313.88,3313.95,155
1779910200,3313.98,3314.76,3313.98,3314.31,187
1779910260,3314.33,3314.65,3314.31,3314.35,151
1779910320,3314.35,3315.19,3313.3,3314.24,178
1779910380,3314.25,3315.54,3314.25,3314.63,199
1779910440,3314.6,3315.15,3314.5,3315.13,181
1779910500,3315.18,3315.45,3314.82,3315.44,185
1779910560,3315.44,3315.58,3315.12,3315.52,165
1779910620,3315.52,3315.86,3314.8,3314.86,167
1779910680,3314.84,3316.1,3314.47,3316.08,139
1779910740,3316.04,3316.48,3316.01,3316.27,195
1779910800,3316.28,3316.56,3316.2,3316.4,187
1779910860,3316.4,3316.44,3315.65,3315.71,142
1779910920,3315.74,3316.43,3315.74,3316.25,119
1779910980,3316.2,3316.37,3316.04,3316.34,156
1779911040,3316.27,3316.4,3316.01,3316.01,162
1779911100,3315.99,3316.24,3315.66,3315.67,126
1779911160,3315.64,3316.05,3315.23,3315.31,164
1779911220,3315.39,3315.79,3315.28,3315.74,172
1779911280,3315.73,3315.87,3315.13,3315.18,141
1779911340,3315.1,3315.28,3314.91,3314.98,145
1779911400,3315.17,3315.69,3315.01,3315.23,210
1779911460,3315.29,3315.4,3314.28,3314.32,170
1779911520,3314.38,3314.61,3314.08,3314.42,179
1779911580,3314.41,3314.74,3314.24,3314.62,184
1779911640,3314.61,3314.75,3314.22,3314.41,201
1779911700,3313.93,3314,3313.39,3313.66,195
1779911760,3313.67,3313.73,3313.17,3313.29,208
1779911820,3313.32,3313.74,3313.29,3313.56,182
1779911880,3313.56,3313.79,3312.77,3313.57,225
1779911940,3313.44,3314.07,3313.25,3313.89,263
1779912000,3313.9,3314.49,3313.65,3314.35,196
1779912060,3314.2,3315.92,3314.2,3315.8,189
1779912120,3315.85,3316.07,3315.07,3315.2,178
1779912180,3315.16,3315.21,3314.6,3314.67,143
1779912240,3314.68,3315.4,3314.53,3314.92,134
1779912300,3314.93,3314.93,3314.4,3314.49,121
1779912360,3314.44,3314.67,3314.3,3314.67,126
1779912420,3314.66,3315.36,3314.57,3315.36,123
1779912480,3315.42,3315.6,3315.23,3315.36,102
1779912540,3315.31,3315.38,3315.09,3315.15,103
1779912600,3315.15,3315.42,3314.98,3315.12,107
1779912660,3315.14,3315.28,3314.99,3315.2,133
1779912720,3315.23,3315.8,3315.23,3315.78,113
1779912780,3315.81,3315.87,3315.59,3315.7,112
1779912840,3315.77,3316.91,3315.68,3316.91,112
1779912900,3316.94,3318.98,3316.94,3318.06,185
1779912960,3318.02,3318.7,3317.55,3318.7,166
1779913020,3318.71,3318.88,3318.32,3318.68,123
1779913080,3318.65,3319.56,3318.65,3319.56,176
1779913140,3319.52,3319.85,3319.21,3319.21,156
1779913200,3319.16,3319.83,3319.16,3319.21,157
1779913260,3319.22,3319.26,3318.48,3318.64,159
1779913320,3318.79,3318.79,3318.06,3318.11,123
1779913380,3318.14,3318.57,3318.08,3318.39,138
1779913440,3318.52,3318.62,3318.31,3318.43,121
1779913500,3318.47,3318.47,3317.83,3317.98,106
1779913560,3317.95,3317.97,3317.17,3317.34,102
1779913620,3317.34,3317.58,3317.08,3317.38,135
1779913680,3317.38,3317.56,3317,3317.08,118
1779913740,3317.09,3317.46,3316.94,3317.24,135
1779913800,3317.05,3317.05,3316.78,3316.82,105
1779913860,3316.77,3317.19,3316.69,3316.76,140
1779913920,3316.81,3317.01,3316.69,3316.94,106
1779913980,3316.92,3317.48,3316.92,3317.29,134
1779914040,3317.15,3317.29,3316.52,3316.54,105
1779914100,3316.46,3316.57,3315.81,3315.98,117
1779914160,3315.93,3316.01,3315.79,3315.86,95
1779914220,3315.93,3315.98,3315.28,3315.76,125
1779914280,3315.73,3315.82,3315.06,3315.12,112
1779914340,3315.08,3315.28,3315.08,3315.18,97
1779914400,3314.91,3315.11,3314.47,3314.54,93
1779914460,3314.59,3315.31,3314.47,3315.3,94
1779914520,3315.31,3315.96,3315.31,3315.91,87
1779914580,3315.86,3316.08,3315.78,3315.82,102
1779914640,3315.85,3316.08,3315.79,3315.9,87
1779914700,3315.86,3316.15,3315.16,3315.7,134
1779914760,3315.66,3315.74,3315.38,3315.64,87
1779914820,3315.7,3316.24,3315.67,3316.12,94
1779914880,3316.04,3316.48,3315.84,3316.48,91
1779914940,3316.45,3316.55,3316.31,3316.38,71
1779915000,3316.35,3316.65,3316.35,3316.58,83
1779915060,3316.58,3317.13,3316.58,3316.88,55
1779915120,3316.81,3316.96,3316.23,3316.36,87
1779915180,3316.37,3316.93,3316.25,3316.93,76
1779915240,3316.87,3317.3,3316.87,3317.02,88
1779915300,3317.01,3317.88,3316.91,3317.76,112
1779915360,3317.81,3317.99,3317.69,3317.83,72
1779915420,3317.85,3318.3,3317.58,3318.26,80
1779915480,3318.33,3318.78,3318.23,3318.32,168
1779915540,3318.33,3318.33,3318.33,3318.33,2
1779919320,3324.03,3325.7,3320.65,3321.63,197
1779919380,3321.75,3322.11,3318.58,3318.59,160
1779919440,3318.6,3319.51,3318.32,3319.31,135
1779919500,3319.13,3322.33,3318.52,3320.95,181
1779919560,3320.89,3322.1,3320.89,3322.04,148
1779919620,3322.07,3323.06,3321.89,3322.35,123
1779919680,3322.35,3322.59,3321.13,3321.85,106
1779919740,3321.82,3321.83,3320.21,3320.32,103
1779919800,3320.32,3320.52,3319.66,3320.52,80
1779919860,3320.45,3320.63,3320.15,3320.21,92
1779919920,3320.18,3320.86,3320.08,3320.74,111
1779919980,3320.71,3321.21,3318.89,3318.95,135
1779920040,3319.07,3319.77,3319.02,3319.39,127
1779920100,3319.39,3319.4,3318.44,3318.79,118
1779920160,3318.77,3319.55,3318.77,3319.23,123
1779920220,3319.2,3320,3319.16,3320,104
1779920280,3319.98,3320.27,3319.78,3319.8,65
1779920340,3319.8,3321.53,3319.8,3320.83,95
1779920400,3320.83,3320.94,3320.03,3320.09,80
1779920460,3320.14,3320.88,3319.44,3319.52,84
1779920520,3319.49,3320.92,3319.25,3320.92,111
1779920580,3320.89,3321.73,3320.89,3321.52,148
1779920640,3321.52,3322.44,3321.35,3321.41,104
1779920700,3321.42,3321.86,3321.24,3321.72,156
1779920760,3321.55,3321.62,3321.16,3321.53,109
1779920820,3321.54,3322.28,3321.53,3321.68,124
1779920880,3321.62,3321.69,3321.1,3321.36,145
1779920940,3321.57,3321.57,3321.2,3321.41,106
1779921000,3321.31,3321.55,3318.75,3319.33,194
1779921060,3319.23,3319.74,3319.06,3319.26,167
1779921120,3318.49,3319.07,3318.25,3319.05,157
1779921180,3319.06,3319.06,3317.94,3317.97,134
1779921240,3317.97,3319.66,3317.97,3319.4,128
1779921300,3319.41,3321.97,3319.41,3321.97,133
1779921360,3321.69,3321.93,3320.99,3321.93,117
1779921420,3321.85,3322.27,3321.55,3322.06,104
1779921480,3322.09,3322.74,3321.56,3322.74,109
1779921540,3322.69,3322.71,3322.04,3322.28,125
1779921600,3322.38,3322.96,3321.98,3322.22,157
1779921660,3322.2,3322.32,3320,3320.1,146
1779921720,3320.11,3320.37,3319.87,3320.31,117
1779921780,3320.3,3321.02,3320.3,3320.82,108
1779921840,3320.67,3320.98,3320.27,3320.41,153
1779921900,3320.4,3320.63,3320.27,3320.38,115
1779921960,3320.03,3320.08,3319.48,3319.74,109
1779922020,3319.62,3320.27,3319.56,3319.81,81
1779922080,3319.78,3320.46,3319.64,3320.46,77
1779922140,3320.46,3320.46,3319.14,3319.37,113
1779922200,3319.45,3320,3318.56,3319.57,119
1779922260,3319.6,3319.83,3319.38,3319.67,104
1779922320,3319.69,3320.14,3319.26,3320.14,103
1779922380,3320.12,3320.23,3319.85,3319.98,70
1779922440,3320.02,3320.02,3318.93,3318.99,75
1779922500,3319.31,3319.57,3319.05,3319.16,82
1779922560,3319.13,3319.3,3318.93,3319.26,89
1779922620,3319.46,3319.84,3319.36,3319.64,93
1779922680,3319.62,3319.76,3319.23,3319.46,91
1779922740,3319.46,3319.79,3319.23,3319.55,78
1779922800,3319.56,3319.8,3318.1,3318.71,140
1779922860,3318.69,3319.56,3318.56,3318.81,145
1779922920,3318.8,3319.22,3318.54,3319.11,104
1779922980,3319.07,3319.25,3319.04,3319.12,88
1779923040,3319.1,3319.86,3319.01,3319.02,72
1779923100,3319.02,3319.02,3318.63,3318.89,75
1779923160,3318.87,3319.18,3318.81,3318.82,69
1779923220,3318.84,3318.86,3316.43,3316.43,169
1779923280,3316.44,3316.51,3315.31,3315.59,211
1779923340,3315.56,3316.22,3315.56,3316.14,124
1779923400,3316.13,3316.25,3315.35,3315.72,155
1779923460,3315.68,3315.71,3315.49,3315.59,109
1779923520,3315.63,3316.59,3315.63,3316.41,109
1779923580,3316.4,3316.52,3316.06,3316.47,120
1779923640,3316.45,3317.11,3316.19,3316.58,108
1779923700,3316.6,3316.88,3315.88,3315.99,103
1779923760,3316.14,3316.15,3314.84,3316.09,174
1779923820,3316.22,3317.27,3316.22,3317.23,139
1779923880,3317.38,3317.41,3316.62,3316.63,121
1779923940,3316.64,3316.69,3316.21,3316.61,116
1779924000,3316.57,3317.29,3316.21,3316.57,198
1779924060,3316.52,3316.55,3315.07,3315.64,236
1779924120,3315.69,3315.93,3315.21,3315.27,189
1779924180,3315.24,3316.05,3315.07,3316.03,201
1779924240,3315.65,3316.66,3315.28,3316.48,177
1779924300,3316.49,3316.83,3316.04,3316.62,170
1779924360,3316.59,3316.83,3315.64,3315.75,165
1779924420,3315.66,3316.05,3314.84,3315.71,144
1779924480,3315.63,3316.42,3315.41,3316.05,149
1779924540,3315.82,3316.14,3315.47,3315.92,161
1779924600,3315.91,3316.44,3315.1,3316.44,186
1779924660,3316.51,3316.51,3315.46,3315.86,151
1779924720,3315.86,3315.87,3315.5,3315.53,116
1779924780,3315.54,3316.09,3315.35,3316.06,187
1779924840,3316.06,3316.12,3315.02,3315.28,161
1779924900,3315.28,3317.44,3315.28,3316.59,184
1779924960,3316.59,3317.1,3316.4,3317.07,128
1779925020,3317.08,3317.61,3316.64,3317.61,129
1779925080,3317.59,3317.6,3317.01,3317.27,120
1779925140,3317.31,3318.66,3317.31,3318.37,113
1779925200,3318.34,3318.59,3317.7,3318.15,124
1779925260,3318.2,3318.37,3317.5,3317.5,152
1779925320,3317.48,3318.7,3316.41,3317.3,151
1779925380,3317.29,3318.08,3317.15,3317.25,144
1779925440,3317.26,3317.44,3316.27,3316.27,159
1779925500,3315.59,3315.91,3314.08,3314.63,235
1779925560,3314.48,3314.79,3314.12,3314.37,202
1779925620,3314.23,3314.34,3313.15,3314.13,204
1779925680,3314.13,3314.68,3313.87,3314.66,181
1779925740,3314.67,3315.04,3314.38,3314.69,146
1779925800,3314.78,3315.22,3314.01,3314.5,149
1779925860,3314.52,3315.05,3313.25,3313.36,182
1779925920,3312.32,3314.05,3312.32,3313.94,237
1779925980,3313.9,3314.24,3312.95,3313.4,214
1779926040,3313.41,3314.2,3313.01,3314.02,183
1779926100,3313.85,3315.65,3313.73,3315.57,181
1779926160,3315.55,3316.58,3315.39,3315.93,179
1779926220,3315.92,3316.4,3315.23,3315.39,199
1779926280,3315.42,3315.47,3314.78,3314.9,183
1779926340,3314.88,3315.11,3314.55,3314.77,157
1779926400,3313.99,3316.55,3312.93,3316.55,259
1779926460,3316.63,3316.9,3315.26,3316.66,255
1779926520,3316.72,3318.64,3315.99,3318.64,255
1779926580,3318.39,3318.39,3315.86,3316.64,240
1779926640,3316.35,3317.08,3316.33,3316.61,213
1779926700,3316.58,3316.61,3315.58,3315.61,198
1779926760,3315.66,3316.96,3314.95,3316.54,235
1779926820,3316.55,3316.57,3315.19,3315.48,200
1779926880,3315.45,3316.07,3314.37,3314.37,196
1779926940,3314.21,3315.72,3313.45,3315.24,203
1779927000,3315.28,3316.33,3315.13,3315.55,214
1779927060,3315.53,3315.53,3314.49,3314.64,194
1779927120,3314.77,3314.8,3314.4,3314.76,188
1779927180,3314.81,3315.54,3314.81,3315.54,194
1779927240,3315.47,3315.53,3312.73,3312.76,228
1779927300,3312.75,3313.98,3312.39,3313.28,239
1779927360,3313.29,3314.45,3313.09,3314.08,226
1779927420,3314.1,3316.51,3314.1,3316.38,217
1779927480,3316.35,3318.55,3316.1,3318.44,223
1779927540,3318.42,3319.05,3317.88,3318.09,221
1779927600,3318.12,3318.45,3316.79,3317.47,241
1779927660,3317.41,3318.57,3317.14,3318.47,217
1779927720,3318.49,3318.56,3315.59,3315.59,162
1779927780,3315.63,3315.72,3313.99,3314.54,200
1779927840,3314.33,3314.55,3312.35,3313.06,198
1779927900,3313.38,3313.84,3312.46,3313.28,252
1779927960,3313.28,3314.58,3313.16,3314.13,250
1779928020,3314.1,3314.33,3313.72,3314.27,187
1779928080,3314.27,3314.65,3313.41,3313.53,188
1779928140,3313.52,3313.57,3312.91,3313.46,214
1779928200,3313.14,3313.69,3312.18,3312.44,243
1779928260,3312.54,3313.63,3312.36,3313.2,235
1779928320,3313.2,3316.42,3313.2,3316.33,257
1779928380,3316.35,3316.59,3315.77,3316.12,231
1779928440,3316.2,3316.84,3315.71,3316.54,240
1779928500,3316.55,3317.29,3316.22,3317.21,195
1779928560,3317.2,3318.16,3317.03,3317.97,238
1779928620,3317.97,3318.92,3317.56,3318.86,182
1779928680,3318.85,3318.85,3317.6,3317.87,170
1779928740,3317.96,3318.03,3317.44,3317.59,182
1779928800,3317.58,3318.62,3317.21,3318.05,213
1779928860,3318.09,3318.28,3317.22,3317.27,204
1779928920,3317.26,3318.98,3317.21,3318.97,209
1779928980,3318.88,3319.23,3317.98,3318.1,194
1779929040,3318.11,3318.92,3317.97,3318.81,202
1779929100,3318.83,3320.09,3318.73,3319.95,231
1779929160,3319.99,3321.31,3319.98,3320.81,224
1779929220,3320.67,3321.08,3320.1,3320.92,170
1779929280,3320.89,3321.07,3320.44,3320.56,151
1779929340,3320.44,3320.69,3320.39,3320.53,172
1779929400,3320.53,3320.91,3320.11,3320.14,216
1779929460,3320.14,3320.36,3319.67,3319.76,174
1779929520,3319.74,3320.17,3319.39,3319.62,166
1779929580,3319.6,3320.3,3319.3,3319.43,199
1779929640,3319.43,3320.01,3319.21,3319.42,204
1779929700,3319.51,3319.71,3318.9,3319.44,233
1779929760,3319.34,3319.37,3318.91,3319.26,205
1779929820,3319.21,3321.69,3319.16,3321.58,203
1779929880,3321.59,3322.87,3321.09,3322.84,260
1779929940,3322.94,3323.06,3321.98,3322.83,266
1779930000,3323.03,3323.78,3317.61,3317.82,307
1779930060,3317.72,3318.63,3316.62,3318.63,306
1779930120,3318.62,3319.19,3316.44,3316.44,297
1779930180,3316.46,3316.86,3315.34,3316.13,290
1779930240,3316.24,3316.24,3315.02,3315.11,287
1779930300,3314.99,3315.21,3313.69,3314.39,279
1779930360,3314.38,3316.37,3314.32,3315.93,278
1779930420,3315.91,3316.78,3315.5,3315.79,263
1779930480,3315.93,3315.97,3313.37,3313.84,273
1779930540,3313.85,3314.11,3312.87,3313.93,279
1779930600,3313.92,3315.09,3313.86,3314.75,264
1779930660,3314.74,3315.32,3313.79,3314.2,243
1779930720,3314.24,3314.24,3311.44,3312.03,279
1779930780,3312.03,3312.03,3309.26,3309.26,276
1779930840,3309.31,3310.07,3308.79,3309.2,269
1779930900,3309.15,3310.58,3308.48,3309.43,286
1779930960,3309.69,3309.8,3307.72,3308.05,264
1779931020,3307.97,3308.03,3304.73,3305.96,282
1779931080,3305.99,3306.93,3304.58,3305.46,272
1779931140,3305.53,3306.32,3304.3,3305.59,258
1779931200,3305.56,3306.9,3305.11,3306.49,253
1779931260,3306.47,3307.03,3302.9,3303.5,257
1779931320,3303.45,3304.52,3303.01,3303.18,288
1779931380,3303.19,3304.42,3301.05,3304.42,277
1779931440,3304.39,3304.8,3303.14,3303.96,248
1779931500,3303.95,3304.03,3298.49,3298.54,301
1779931560,3298.73,3299.22,3295.28,3295.28,287
1779931620,3295.37,3296.41,3294.52,3295.63,301
1779931680,3295.7,3296.32,3294.09,3295.68,287
1779931740,3295.58,3296.1,3294.46,3295.33,292
1779931800,3295.33,3297.12,3294.01,3297.12,289
1779931860,3297.25,3299.66,3297.11,3298.33,306
1779931920,3298.37,3300.24,3297.46,3300.04,275
1779931980,3299.89,3300.76,3299.52,3299.89,281
1779932040,3299.84,3300.41,3299.55,3300.41,264
1779932100,3300.45,3301.48,3299.94,3301.22,267
1779932160,3301.3,3301.35,3299.58,3299.65,253
1779932220,3299.55,3300.7,3297.81,3300.23,276
1779932280,3300.34,3300.34,3297.18,3297.57,269
1779932340,3297.59,3298.76,3297.13,3298.45,249
1779932400,3298.5,3298.76,3296.6,3296.91,245
1779932460,3297.67,3298.41,3294.68,3295.18,280
1779932520,3295.2,3296.38,3293.91,3296.38,283
1779932580,3296.25,3299.09,3295.44,3298.13,279
1779932640,3298.09,3298.81,3294.77,3295.49,284
1779932700,3295.49,3297.32,3294.99,3296.8,256
1779932760,3296.92,3297.53,3295.29,3297.09,260
1779932820,3296.91,3298.08,3296.74,3297.2,236
1779932880,3297.17,3297.18,3295.94,3296.58,256
1779932940,3296.55,3297.21,3295.47,3296.04,246
1779933000,3296.02,3296.99,3294.92,3296.76,283
1779933060,3296.74,3297.63,3294.86,3296.35,254
1779933120,3296.11,3296.11,3292.87,3293.47,292
1779933180,3293.53,3293.56,3288.56,3288.99,298
1779933240,3289,3290.68,3289,3289.95,287
1779933300,3289.93,3291.01,3288.82,3289.5,284
1779933360,3289.62,3291.06,3289.25,3291.06,269
1779933420,3291.17,3291.53,3289.01,3291.35,290
1779933480,3291.37,3292.25,3290.25,3292.06,258
1779933540,3292.05,3292.35,3290.72,3291.44,256
1779933600,3291.61,3293.13,3288.88,3289.5,296
1779933660,3289.44,3290.12,3288.27,3289.67,272
1779933720,3289.7,3290.19,3286.55,3286.8,279
1779933780,3286.83,3291.26,3286.61,3290.57,296
1779933840,3290.5,3290.5,3285.79,3286.68,293
1779933900,3286.6,3287.22,3285.86,3286.91,295
1779933960,3286.94,3288.72,3286.36,3288,279
1779934020,3288.14,3288.83,3286.8,3287.67,250
1779934080,3288.04,3289.98,3288,3288.32,246
1779934140,3288.42,3289.2,3288.13,3289.2,245
1779934200,3289.2,3289.52,3287.26,3287.6,274
1779934260,3287.76,3288.22,3285.06,3285.67,284
1779934320,3285.75,3285.98,3282.42,3283.02,265
1779934380,3283.18,3283.24,3280.09,3281.35,309
1779934440,3281.34,3285.21,3281.05,3284.88,297
1779934500,3284.93,3286.24,3284.79,3285.64,279
1779934560,3285.57,3287.25,3285.43,3286.85,264
1779934620,3286.85,3287.18,3285.73,3286.28,235
1779934680,3286.24,3287.21,3286.24,3286.95,229
1779934740,3286.9,3287.04,3284.66,3285.96,237
1779934800,3285.98,3286.56,3285.92,3286,229
1779934860,3285.86,3287.04,3285.65,3286.27,220
1779934920,3286.27,3287.01,3283,3283.89,238
1779934980,3283.94,3284.63,3282.31,3284.48,235
1779935040,3284.49,3286.75,3284.43,3286.75,213
1779935100,3286.66,3288.6,3286.64,3287.38,227
1779935160,3287.37,3287.87,3287.15,3287.57,165
1779935220,3287.42,3288,3287.08,3287.77,218
1779935280,3287.73,3288.39,3286.94,3286.94,185
1779935340,3286.93,3287.81,3286.86,3287.02,194
1779935400,3286.93,3289.77,3286.93,3288.2,277
1779935460,3288.4,3288.4,3285.81,3285.85,272
1779935520,3285.93,3286.28,3285.15,3285.49,209
1779935580,3285.45,3287.43,3285.45,3287.41,227
1779935640,3287.42,3289.7,3287.39,3288.6,263
1779935700,3288.59,3288.8,3287.99,3288.6,256
1779935760,3288.5,3288.74,3287.02,3287.65,239
1779935820,3287.64,3288.11,3287.33,3287.55,232
1779935880,3287.55,3287.93,3287.11,3287.74,224
1779935940,3287.72,3287.95,3287.3,3287.74,218
1779936000,3287.74,3288.3,3286.43,3288.15,211
1779936060,3288.2,3289.05,3287.43,3287.73,242
1779936120,3287.71,3287.98,3285.76,3285.86,240
1779936180,3285.82,3286.56,3284.78,3285.22,238
1779936240,3285.22,3285.34,3283.87,3284.8,260
1779936300,3284.76,3285.04,3280.25,3280.33,270
1779936360,3280.45,3280.52,3278.66,3280.39,312
1779936420,3280.37,3281.33,3280.09,3280.77,289
1779936480,3280.57,3282.14,3280.26,3281.31,285
1779936540,3281.19,3282.67,3280.16,3280.37,248
1779936600,3280.33,3280.45,3278.49,3278.59,246
1779936660,3278.67,3280.46,3278.51,3280.3,251
1779936720,3280.17,3280.84,3279.77,3280.27,248
1779936780,3280.26,3281.98,3280.26,3281.76,227
1779936840,3281.76,3281.91,3279.89,3279.98,215
1779936900,3280.02,3280.89,3278.1,3278.16,217
1779936960,3277.96,3282.47,3277.9,3282.23,258
1779937020,3282.35,3282.46,3280.06,3280.18,253
1779937080,3280.15,3280.71,3279.92,3280.36,211
1779937140,3280.33,3280.41,3278.55,3278.93,243
1779937200,3278.95,3280.45,3278.39,3279.77,272
1779937260,3279.77,3279.81,3276.86,3276.96,258
1779937320,3277.02,3277.25,3275.95,3276.43,274
1779937380,3276.34,3277.91,3275.86,3277.4,277
1779937440,3277.34,3279.93,3277.22,3279.93,246
1779937500,3279.97,3279.97,3279.17,3279.83,242
1779937560,3279.76,3280.83,3279.05,3280.35,252
1779937620,3280.34,3281.11,3280.08,3281.11,225
1779937680,3281.03,3281.6,3280.33,3281.49,242
1779937740,3281.58,3282.02,3279.63,3281.17,257
1779937800,3281.18,3281.75,3280.99,3281.59,222
1779937860,3281.51,3281.81,3279.44,3279.63,251
1779937920,3279.7,3280.94,3278.45,3280.83,260
1779937980,3280.88,3282.45,3280.55,3282.38,235
1779938040,3282.41,3282.41,3279.99,3280.77,256
1779938100,3280.78,3281.02,3276.36,3276.98,267
1779938160,3276.99,3277.86,3276.2,3277.69,267
1779938220,3277.72,3278.28,3276.34,3276.34,250
1779938280,3276.35,3276.7,3275.74,3276.07,270
1779938340,3275.05,3275.05,3273.46,3274.62,298
1779938400,3274.81,3275.38,3273.1,3273.8,288
1779938460,3274.23,3275.92,3274.23,3275.45,261
1779938520,3275.34,3276.49,3273.63,3273.63,277
1779938580,3273.58,3275.23,3273.19,3275.07,277
1779938640,3275.27,3276.99,3274.72,3276.34,261
1779938700,3276.4,3276.4,3274.16,3274.49,253
1779938760,3274.47,3275.73,3273.69,3275.4,257
1779938820,3275.29,3276.24,3274.88,3275.51,246
1779938880,3275.48,3275.66,3274.38,3275.17,243
1779938940,3275.23,3277.47,3275.03,3277.08,266
1779939000,3277.04,3277.3,3273.76,3274.05,276
1779939060,3274.03,3274.94,3272.41,3274.37,255
1779939120,3274.43,3274.69,3272.97,3273.93,262
1779939180,3273.92,3274.47,3273.56,3274.04,255
1779939240,3274.05,3275.25,3272.71,3272.73,293
1779939300,3272.97,3273.08,3271.21,3271.21,289
1779939360,3271.31,3272.53,3271.12,3271.6,282
1779939420,3271.57,3271.66,3269.33,3269.64,273
1779939480,3269.66,3270.17,3267.11,3267.13,302
1779939540,3266.91,3269.27,3266.91,3268.74,298
1779939600,3269.33,3270.2,3268.15,3269.41,290
1779939660,3269.41,3270.9,3268.61,3269.49,294
1779939720,3269.51,3270.02,3268.93,3268.97,293
1779939780,3268.98,3271.08,3268.36,3270.5,254
1779939840,3270.61,3272.79,3270.54,3272.15,284
1779939900,3272,3273.62,3271.48,3273.37,284
1779939960,3273.4,3273.6,3271.31,3271.35,265
1779940020,3271.32,3271.39,3269.37,3270.9,282
1779940080,3270.85,3271.48,3270.54,3271.35,232
1779940140,3271.34,3271.72,3270.25,3271.72,255
1779940200,3271.6,3271.64,3269.65,3271.19,285
1779940260,3271.16,3271.33,3270.36,3271.31,254
1779940320,3271.32,3271.32,3270.33,3270.82,242
1779940380,3270.73,3271.52,3270.22,3271.52,232
1779940440,3271.59,3273.15,3271.59,3272.6,237
1779940500,3272.55,3272.55,3270.63,3270.79,226
1779940560,3270.73,3271.35,3268.37,3268.43,259
1779940620,3268.47,3269.09,3267.74,3268.72,251
1779940680,3268.74,3272.92,3268.6,3272.84,270
1779940740,3272.87,3273.88,3272.44,3272.45,253
1779940800,3272.45,3273.81,3271.41,3271.41,268
1779940860,3271.3,3271.42,3268.67,3270.42,264
1779940920,3270.48,3273.15,3270.41,3273.09,256
1779940980,3273.51,3274.11,3272.1,3272.41,272
1779941040,3272.39,3272.39,3271.25,3272.14,234
1779941100,3272.15,3273.79,3271.99,3273.57,234
1779941160,3273.53,3274.65,3273.24,3274.58,265
1779941220,3275.27,3277.08,3275.2,3276.13,269
1779941280,3276.08,3276.87,3275.71,3275.73,262
1779941340,3275.69,3275.93,3274.98,3275.78,245
1779941400,3275.77,3276.06,3274.53,3274.6,262
1779941460,3274.62,3274.71,3273.51,3274.65,260
1779941520,3274.68,3275.46,3273.65,3274.4,209
1779941580,3274.41,3274.66,3273.49,3273.83,194
1779941640,3273.82,3274.25,3272.19,3272.49,224
1779941700,3272.47,3272.91,3271.7,3271.94,241
1779941760,3271.82,3272.03,3270.34,3270.85,250
1779941820,3270.83,3270.94,3269.28,3270,236
1779941880,3270.1,3270.29,3268.9,3269.5,240
1779941940,3269.59,3269.67,3267.47,3267.86,260
1779942000,3267.87,3268.33,3265.62,3267.35,280
1779942060,3267.39,3268.97,3266.95,3268.67,264
1779942120,3268.64,3269.81,3268.45,3268.56,249
1779942180,3268.5,3269.27,3268.07,3268.84,236
1779942240,3268.87,3269.27,3268.17,3268.78,226
1779942300,3268.78,3269.08,3267.72,3269.01,246
1779942360,3269.01,3269.07,3267.4,3267.4,225
1779942420,3267.58,3267.58,3266.43,3266.68,267
1779942480,3266.68,3267.35,3265.94,3266.6,218
1779942540,3266.6,3267.35,3266.59,3266.97,206
1779942600,3266.96,3268.2,3266.87,3268.11,213
1779942660,3268.06,3268.54,3267.46,3267.65,226
1779942720,3267.85,3268.88,3267.34,3268.88,239
1779942780,3268.81,3268.81,3267.42,3267.89,235
1779942840,3267.97,3269.44,3267.87,3268.73,264
1779942900,3268.71,3269.97,3268.63,3269.57,219
1779942960,3269.58,3269.95,3268.86,3269.43,208
1779943020,3269.46,3269.99,3267.79,3269.14,218
1779943080,3269.16,3269.37,3268.34,3268.55,233
1779943140,3268.55,3268.67,3267.74,3268.5,238
1779943200,3268.48,3269.34,3267.47,3267.49,239
1779943260,3267.48,3268.58,3267.42,3268.5,211
1779943320,3268.47,3269.76,3268.17,3269.34,214
1779943380,3269.38,3270.5,3269.23,3270.12,163
1779943440,3270.12,3270.8,3269.71,3270.01,229
1779943500,3270.02,3270.75,3269.74,3270.1,240
1779943560,3270.13,3270.13,3268.39,3269.16,237
1779943620,3269.15,3269.67,3268.98,3268.98,210
1779943680,3268.96,3269.27,3268.34,3268.78,213
1779943740,3268.78,3268.86,3266.48,3266.53,202
1779943800,3266.78,3267.16,3265.69,3266.57,252
1779943860,3266.54,3268.25,3266.54,3267.52,219
1779943920,3267.51,3268.54,3266.39,3267.33,249
1779943980,3267.34,3268.08,3266.84,3268.08,228
1779944040,3268.12,3268.54,3267.29,3267.61,238
1779944100,3267.59,3268.67,3267.59,3268.46,255
1779944160,3268.45,3269.28,3268.25,3268.85,231
1779944220,3268.83,3270.37,3268.8,3269.71,208
1779944280,3269.71,3269.96,3269.27,3269.57,221
1779944340,3269.46,3269.75,3268.72,3268.89,234
1779944400,3269.14,3269.54,3268.41,3268.61,269
1779944460,3268.76,3269.48,3267.97,3267.98,242
1779944520,3268.1,3268.1,3264.8,3265.54,256
1779944580,3265.53,3267.74,3265.05,3267.34,231
1779944640,3267.64,3268.28,3266.52,3266.52,227
1779944700,3266.53,3267.65,3265.17,3266.34,244
1779944760,3266.31,3269.58,3266.24,3269.12,235
1779944820,3269.16,3269.27,3268.16,3268.61,236
1779944880,3268.68,3269.43,3268.41,3269.1,214
1779944940,3269.14,3269.88,3268.05,3268.25,199
1779945000,3268.23,3269.28,3268.16,3269.13,210
1779945060,3268.98,3271.16,3268.92,3271.16,212
1779945120,3271.11,3272.34,3269.5,3269.72,243
1779945180,3269.74,3269.96,3268.85,3269.28,215
1779945240,3269.31,3270.77,3269.31,3270.34,220
1779945300,3270.36,3271.03,3270.25,3270.4,211
1779945360,3270.39,3271.24,3267.73,3267.81,245
1779945420,3268.57,3270.1,3268.46,3269.38,225
1779945480,3269.3,3270.02,3268.49,3269.62,220
1779945540,3269.52,3270.3,3269.12,3269.65,243
1779945600,3269.64,3269.71,3267.5,3268.36,223
1779945660,3268.35,3269.1,3268.17,3269,178
1779945720,3269.1,3270.01,3268.75,3269.89,192
1779945780,3269.92,3270.69,3269.92,3270.28,215
1779945840,3270.3,3271.22,3270.29,3271.13,229
1779945900,3271.14,3271.54,3270.58,3270.97,211
1779945960,3270.97,3271.85,3270.57,3271.41,224
1779946020,3271.42,3272.03,3271.13,3271.55,254
1779946080,3271.63,3272.29,3271.61,3272.21,216
1779946140,3272.19,3272.44,3270.87,3271.67,229
1779946200,3272.01,3274.02,3268.99,3273.76,308
1779946260,3274.01,3274.64,3272.51,3273.09,289
1779946320,3273.24,3275.3,3272.7,3274.52,283
1779946380,3274.48,3276.59,3274.39,3276.07,294
1779946440,3276.01,3276.8,3275.85,3275.9,293
1779946500,3275.91,3277.55,3275.87,3276.48,299
1779946560,3276.47,3277.27,3275.85,3276.72,267
1779946620,3276.88,3278.04,3276.68,3277.11,284
1779946680,3277.19,3278.41,3276.92,3277.19,249
1779946740,3277.39,3279.03,3277.04,3278.87,274
1779946800,3279.01,3280.69,3278.58,3279.41,281
1779946860,3279.62,3279.99,3278.81,3279.12,281
1779946920,3279.13,3279.39,3277.27,3277.49,266
1779946980,3277.5,3278.74,3277.5,3277.5,275
1779947040,3277.43,3278.15,3277.35,3277.53,271
1779947100,3277.57,3279.6,3277.57,3278.95,264
1779947160,3278.8,3281.33,3277.92,3281.06,292
1779947220,3281.04,3281.09,3279.26,3279.76,270
1779947280,3279.77,3280.92,3279.49,3279.85,260
1779947340,3279.86,3280.17,3279,3279.15,235
1779947400,3279.23,3279.65,3278.12,3279.63,258
1779947460,3279.68,3280.89,3279.32,3280.78,258
1779947520,3280.88,3281.73,3280.61,3280.95,267
1779947580,3280.74,3281.14,3279.43,3279.7,255
1779947640,3279.76,3280.3,3279.64,3280.1,244
1779947700,3280.24,3280.32,3278.2,3278.4,255
1779947760,3278.49,3279.27,3277.7,3277.82,237
1779947820,3277.87,3279.07,3277.62,3278.59,224
1779947880,3278.61,3278.66,3277.62,3277.62,236
1779947940,3277.59,3277.6,3276.24,3276.52,261
1779948000,3276.56,3278.45,3275.4,3275.64,290
1779948060,3275.65,3276.98,3275.57,3276.8,275
1779948120,3276.74,3276.84,3275.35,3275.54,245
1779948180,3275.5,3275.66,3274.48,3275.07,256
1779948240,3275.11,3276.65,3274.5,3275.91,276
1779948300,3275.91,3275.91,3273.9,3273.96,257
1779948360,3273.93,3273.93,3271.86,3272.59,282
1779948420,3272.7,3273.58,3271.55,3271.56,279
1779948480,3271.57,3271.68,3269.58,3269.92,265
1779948540,3269.91,3270.27,3269.27,3269.93,272
1779948600,3270.15,3271.34,3269.49,3270.22,273
1779948660,3270.24,3270.45,3266.83,3267.27,285
1779948720,3267.28,3268.66,3266.33,3267.99,279
1779948780,3267.92,3268.27,3266.76,3266.81,265
1779948840,3266.81,3267.22,3266.03,3266.12,253
1779948900,3266.13,3266.2,3264.87,3265.27,272
1779948960,3265.27,3266.16,3265,3265.32,240
1779949020,3265.33,3267,3265.33,3266.92,263
1779949080,3266.86,3269.63,3266.81,3269.27,276
1779949140,3269.23,3269.53,3267.86,3268.81,225
1779949200,3268.84,3270.51,3268.7,3270.28,242
1779949260,3270.3,3270.32,3268.98,3270.14,238
1779949320,3270.13,3271.57,3270.13,3271.49,254
1779949380,3271.48,3272,3269.36,3269.66,251
1779949440,3269.65,3270.72,3269.43,3269.99,238
1779949500,3269.97,3271.26,3269.76,3270.97,238
1779949560,3270.99,3271.8,3270.41,3270.86,238
1779949620,3270.78,3270.88,3269.24,3269.58,252
1779949680,3269.53,3270.02,3269.04,3269.43,241
1779949740,3269.56,3269.7,3268.69,3269.17,240
1779949800,3269.15,3269.24,3268.2,3268.59,233
1779949860,3268.57,3269.38,3267.86,3269.29,262
1779949920,3268.95,3271.37,3268.95,3269.97,255
1779949980,3269.99,3270.98,3269.64,3270.12,253
1779950040,3270.1,3270.58,3268.98,3270.47,274
1779950100,3270.47,3271.38,3270.1,3271.3,241
1779950160,3271.33,3271.52,3269.66,3269.67,247
1779950220,3269.8,3269.96,3268.96,3269.22,227
1779950280,3269.2,3269.55,3268.91,3269.17,225
1779950340,3269.16,3269.28,3268.48,3268.52,266
1779950400,3268.55,3270.16,3268.55,3270,223
1779950460,3270,3270,3269.21,3269.87,179
1779950520,3269.89,3270.37,3269.1,3269.1,247
1779950580,3269.01,3269.01,3268.13,3268.25,204
1779950640,3268.3,3268.33,3265.43,3267.43,273
1779950700,3267.44,3267.87,3266.94,3267.13,233
1779950760,3267.13,3267.88,3266.49,3267.82,244
1779950820,3267.75,3269.54,3267.64,3269.3,202
1779950880,3269.25,3270.3,3269.07,3269.75,231
1779950940,3269.74,3270.22,3268.92,3269.61,221
1779951000,3269.6,3270.13,3269.43,3269.93,217
1779951060,3269.93,3269.93,3268.69,3269.12,234
1779951120,3269.13,3270.69,3269.05,3270.52,237
1779951180,3270.53,3270.56,3269.63,3270.15,209
1779951240,3270.13,3270.15,3269.42,3269.92,229
1779951300,3269.97,3271.22,3269.79,3269.93,234
1779951360,3269.93,3270.14,3269.74,3270.07,189
1779951420,3270.11,3270.14,3269.15,3269.27,235
1779951480,3269.25,3269.71,3268.78,3268.85,221
1779951540,3268.92,3270.69,3268.92,3270.35,239
1779951600,3270.35,3273.63,3270.35,3272.98,294
1779951660,3272.83,3273.05,3271.42,3273.05,276
1779951720,3273.42,3273.42,3270.63,3271.46,236
1779951780,3271.36,3271.51,3270.47,3270.76,256
1779951840,3270.79,3273.12,3270.7,3272.17,265
1779951900,3272.03,3273.65,3271.74,3272.89,240
1779951960,3272.8,3273.87,3272.67,3273.31,228
1779952020,3273.22,3273.68,3272.24,3273.55,239
1779952080,3273.53,3274.64,3273.52,3274.56,251
1779952140,3274.56,3275.51,3274.22,3275.28,237
1779952200,3275.09,3275.09,3271.58,3272.33,242
1779952260,3272.34,3273.02,3272.31,3272.85,255
1779952320,3272.88,3273.14,3272.23,3272.64,232
1779952380,3272.56,3274.28,3272.54,3273.13,231
1779952440,3273.19,3273.22,3272.53,3272.7,211
1779952500,3272.92,3273.17,3271.7,3272.13,250
1779952560,3272.16,3273.62,3272.16,3273.3,220
1779952620,3273.24,3274.59,3273,3274.45,227
1779952680,3274.58,3275.87,3274.53,3275.84,224
1779952740,3275.7,3278.07,3275.28,3277.56,239
1779952800,3277.49,3278.41,3276.78,3278.12,267
1779952860,3278.1,3279.06,3277.96,3278.71,246
1779952920,3278.66,3279.03,3278.35,3278.51,229
1779952980,3278.44,3278.89,3278.25,3278.58,228
1779953040,3278.58,3278.58,3277.79,3277.81,245
1779953100,3277.91,3279.26,3277.7,3278.87,262
1779953160,3278.83,3279.64,3278.64,3279.54,243
1779953220,3279.68,3279.9,3278.87,3278.87,206
1779953280,3278.9,3279.36,3278.4,3278.54,197
1779953340,3278.53,3278.73,3276.94,3277.4,235
1779953400,3277.37,3277.72,3276.69,3277.24,274
1779953460,3277.24,3277.48,3275.98,3276.17,235
1779953520,3276.14,3276.42,3275.55,3276.1,241
1779953580,3276.14,3276.69,3274.71,3274.88,224
1779953640,3274.89,3275.54,3274.81,3275.14,219
1779953700,3275.3,3277.49,3275.24,3277.44,225
1779953760,3277.4,3277.61,3275.36,3275.39,203
1779953820,3275.37,3275.37,3274.81,3275.29,205
1779953880,3275.29,3276.42,3274.97,3276.07,201
1779953940,3276.08,3276.41,3275.39,3275.48,200
1779954000,3275.46,3275.53,3274.52,3274.77,193
1779954060,3274.78,3275.23,3272.42,3272.89,236
1779954120,3272.85,3273.13,3272.38,3273.06,208
1779954180,3272.99,3275.35,3272.93,3274.81,207
1779954240,3274.82,3275.09,3274.55,3275.03,224
1779954300,3275.05,3276.09,3274.63,3274.73,202
1779954360,3274.76,3275.87,3274.38,3275.71,217
1779954420,3275.59,3275.7,3272.41,3272.66,248
1779954480,3272.69,3273.37,3272.66,3273.31,221
1779954540,3273.33,3273.62,3272.52,3273.55,231
1779954600,3273.74,3274.67,3273.45,3274.48,226
1779954660,3274.43,3274.68,3272.22,3272.57,213
1779954720,3272.61,3272.62,3270.09,3270.29,233
1779954780,3270.29,3271.83,3270.17,3271.72,197
1779954840,3271.7,3272.85,3270.88,3272.22,224
1779954900,3272.21,3272.51,3271.58,3271.93,189
1779954960,3272.03,3272.07,3271.04,3271.43,206
1779955020,3271.51,3272.66,3271.16,3271.86,224
1779955080,3271.86,3272.99,3271.71,3272.4,209
1779955140,3272.42,3274.55,3272.26,3273.63,226
1779955200,3273.78,3276.28,3273.72,3276.02,277
1779955260,3276.02,3277.2,3275.96,3276.65,257
1779955320,3276.64,3276.64,3274.37,3274.6,278
1779955380,3274.62,3274.91,3273.68,3273.75,237
1779955440,3273.75,3273.77,3272.41,3272.94,239
1779955500,3272.96,3273.72,3272.57,3273.6,244
1779955560,3273.6,3275.46,3273.6,3275.06,230
1779955620,3275.15,3276.78,3274.86,3276.12,237
1779955680,3276.07,3276.74,3275.57,3275.67,204
1779955740,3275.68,3277.56,3275.49,3277.56,177
1779955800,3277.55,3278.78,3277.55,3277.89,244
1779955860,3278.12,3278.33,3277.04,3277.84,249
1779955920,3277.9,3277.9,3277.23,3277.59,180
1779955980,3277.63,3277.98,3277.39,3277.76,199
1779956040,3277.85,3278.71,3277.59,3278.62,203
1779956100,3278.61,3279.59,3278.27,3279.56,188
1779956160,3279.53,3279.78,3278.78,3279.32,205
1779956220,3279.33,3279.33,3277.74,3278.54,224
1779956280,3278.53,3279.04,3277.54,3277.87,228
1779956340,3278.02,3278.2,3277.53,3277.76,197
1779956400,3277.73,3278.52,3277.26,3277.53,228
1779956460,3277.57,3278.31,3277.49,3278.16,206
1779956520,3278.17,3278.74,3277.68,3277.7,177
1779956580,3277.65,3278.68,3277.57,3278.68,206
1779956640,3278.68,3278.71,3277.17,3277.6,212
1779956700,3277.59,3278.05,3276.49,3276.52,211
1779956760,3276.58,3277.77,3276.58,3277.62,198
1779956820,3277.64,3277.88,3276.42,3276.73,202
1779956880,3276.71,3276.71,3275.27,3275.81,253
1779956940,3275.85,3276.58,3275.85,3276.11,231
1779957000,3276.07,3276.8,3275.9,3276.59,228
1779957060,3276.73,3276.9,3275.99,3276.32,190
1779957120,3276.3,3276.33,3274.16,3274.82,207
1779957180,3274.65,3275.49,3273.93,3275.43,182
1779957240,3275.41,3278.05,3275.2,3278.05,206
1779957300,3278.49,3278.55,3277.72,3278.07,206
1779957360,3278.09,3280.05,3277.89,3279.41,208
1779957420,3279.39,3279.52,3278.78,3278.98,203
1779957480,3279,3279.15,3278.34,3278.65,200
1779957540,3278.62,3278.62,3276.65,3277.84,195
1779957600,3277.87,3279.07,3277.78,3278.59,232
1779957660,3278.57,3278.93,3277.86,3278.28,232
1779957720,3278.24,3278.33,3276.29,3276.9,244
1779957780,3277,3277.51,3276.98,3277.38,223
1779957840,3277.39,3277.9,3276.66,3277.1,210
1779957900,3277.14,3277.22,3275.1,3275.61,245
1779957960,3275.59,3275.9,3275.01,3275.04,195
1779958020,3275.06,3275.62,3274.85,3275.21,171
1779958080,3275.2,3276.57,3275.18,3276.42,190
1779958140,3276.24,3277.07,3276.02,3276.65,220
1779958200,3276.67,3276.99,3275.73,3276.37,202
1779958260,3276.4,3276.59,3276.13,3276.59,150
1779958320,3276.4,3276.72,3275.9,3275.94,190
1779958380,3275.95,3275.98,3274.88,3274.88,176
1779958440,3274.88,3274.98,3274.65,3274.72,168
1779958500,3274.68,3274.91,3274.38,3274.73,205
1779958560,3274.73,3275.41,3273.53,3273.62,202
1779958620,3273.63,3273.92,3272.67,3273.27,195
1779958680,3273.39,3273.59,3272.96,3273.09,208
1779958740,3273.09,3273.62,3272.6,3273.47,198
1779958800,3273.35,3274.4,3273.05,3273.93,222
1779958860,3274,3275.81,3273.74,3275.81,216
1779958920,3275.83,3275.84,3274.47,3274.8,226
1779958980,3274.81,3275.84,3274.32,3275.43,200
1779959040,3275.42,3275.51,3273.86,3274.67,219
1779959100,3274.74,3275.48,3274.74,3275.45,217
1779959160,3275.42,3275.89,3274.79,3275.43,210
1779959220,3275.35,3275.64,3275.14,3275.22,209
1779959280,3275.28,3275.42,3273.99,3274.22,237
1779959340,3274.23,3275.24,3273.88,3275.12,210
1779959400,3275.16,3275.89,3274.52,3274.57,210
1779959460,3274.54,3274.57,3272.94,3273.31,218
1779959520,3273.26,3273.54,3272.35,3272.53,216
1779959580,3272.5,3273.39,3272.02,3273.15,229
1779959640,3273.14,3274.13,3273.12,3274,194
1779959700,3273.96,3274.45,3273.39,3273.82,213
1779959760,3273.93,3274.39,3273.59,3273.82,215
1779959820,3273.87,3274.76,3273.73,3274.7,199
1779959880,3274.71,3274.97,3274.3,3274.67,194
1779959940,3274.68,3276.15,3274.23,3274.7,185
1779960000,3274.7,3275.75,3274.69,3275.69,213
1779960060,3275.67,3280.72,3275.67,3280.44,284
1779960120,3280.42,3280.42,3278.95,3279.35,249
1779960180,3279.25,3279.52,3277.58,3278.15,219
1779960240,3278.09,3278.97,3278.03,3278.47,231
1779960300,3278.39,3278.7,3277.55,3278.56,214
1779960360,3278.58,3279.02,3277.83,3277.9,227
1779960420,3277.95,3278.92,3277.13,3278.91,253
1779960480,3278.92,3280.5,3278.86,3279.97,243
1779960540,3280.01,3280.74,3279.77,3279.89,210
1779960600,3279.73,3280.2,3277,3277.71,242
1779960660,3277.83,3278.7,3277.52,3277.62,251
1779960720,3277.75,3279.09,3277.35,3278.63,272
1779960780,3278.65,3279.1,3277.2,3277.91,250
1779960840,3278,3278.41,3277.48,3277.87,236
1779960900,3277.92,3278.55,3276.95,3277.47,228
1779960960,3277.47,3278.58,3277.18,3278.44,210
1779961020,3278.5,3279.77,3278.5,3279.5,215
1779961080,3279.54,3279.73,3278.71,3279.01,218
1779961140,3278.99,3278.99,3277.74,3278.01,214
1779961200,3278.05,3278.17,3276.9,3277.91,230
1779961260,3277.93,3277.98,3277.48,3277.6,205
1779961320,3277.59,3277.75,3277.09,3277.26,183
1779961380,3277.28,3277.86,3276.93,3277.58,205
1779961440,3277.51,3277.73,3276.64,3277.29,210
1779961500,3277.37,3277.75,3276.78,3277.39,209
1779961560,3277.34,3277.62,3277.12,3277.12,201
1779961620,3277.09,3278.51,3277.08,3277.84,219
1779961680,3277.82,3278.49,3277.27,3278.15,203
1779961740,3278.14,3279.15,3278.1,3278.82,220
1779961800,3278.81,3280.76,3278.26,3280.12,230
1779961860,3280.17,3280.17,3278.69,3279.18,234
1779961920,3279.22,3279.61,3278.48,3278.62,194
1779961980,3278.6,3280.1,3278.6,3279.9,220
1779962040,3279.94,3280.77,3279.94,3280.23,230
1779962100,3279.74,3280.01,3279.33,3279.77,235
1779962160,3279.81,3281.06,3279.81,3280.93,194
1779962220,3280.91,3281.84,3280.53,3280.61,250
1779962280,3280.58,3280.69,3280,3280.6,229
1779962340,3280.63,3280.7,3279.64,3279.91,211
1779962400,3279.93,3280.09,3279.47,3279.88,204
1779962460,3279.89,3280.02,3279.27,3279.32,215
1779962520,3279.3,3279.63,3278.62,3279.5,236
1779962580,3279.51,3280.62,3279.19,3280.46,231
1779962640,3280.47,3280.64,3280.06,3280.2,235
1779962700,3280.25,3280.79,3280.19,3280.7,210
