time,open,high,low,close,volume
1779639180,2.412,2.416,2.411,2.415,29
1779639240,2.411,2.411,2.408,2.411,16
1779639300,2.411,2.411,2.411,2.411,2
1779639360,2.41,2.413,2.41,2.413,12
1779639420,2.418,2.421,2.418,2.42,10
1779639480,2.415,2.415,2.414,2.415,4
1779639540,2.413,2.414,2.409,2.409,17
1779639600,2.41,2.41,2.405,2.405,10
1779639660,2.408,2.411,2.408,2.409,20
1779639720,2.411,2.412,2.409,2.409,10
1779639780,2.413,2.413,2.413,2.413,2
1779639840,2.413,2.414,2.413,2.413,10
1779639900,2.413,2.413,2.409,2.409,14
1779640020,2.403,2.404,2.402,2.404,8
1779640080,2.406,2.409,2.406,2.409,8
1779640140,2.412,2.413,2.412,2.412,6
1779640200,2.403,2.405,2.403,2.405,10
1779640260,2.391,2.393,2.388,2.393,28
1779640320,2.387,2.391,2.386,2.391,20
1779640380,2.394,2.401,2.394,2.401,24
1779640440,2.398,2.398,2.396,2.396,10
1779640500,2.393,2.393,2.392,2.393,6
1779640560,2.388,2.389,2.386,2.388,18
1779640620,2.39,2.391,2.389,2.389,8
1779640680,2.393,2.398,2.393,2.395,24
1779640740,2.399,2.399,2.398,2.399,10
1779640800,2.399,2.401,2.399,2.401,6
1779640860,2.401,2.403,2.401,2.403,6
1779640920,2.412,2.412,2.409,2.409,8
1779640980,2.408,2.41,2.408,2.41,10
1779641040,2.408,2.411,2.408,2.41,9
1779641100,2.41,2.413,2.408,2.411,16
1779641160,2.415,2.416,2.414,2.414,20
1779641220,2.422,2.422,2.421,2.421,4
1779641280,2.43,2.43,2.429,2.43,5
1779641340,2.429,2.429,2.429,2.429,2
1779641400,2.428,2.428,2.422,2.422,11
1779641460,2.423,2.423,2.42,2.421,10
1779641520,2.421,2.423,2.418,2.423,28
1779641580,2.42,2.42,2.42,2.42,1
1779641640,2.421,2.422,2.421,2.422,4
1779641700,2.417,2.417,2.417,2.417,2
1779641760,2.418,2.42,2.417,2.419,17
1779641820,2.414,2.414,2.411,2.413,12
1779641880,2.416,2.418,2.414,2.416,18
1779641940,2.421,2.421,2.419,2.419,12
1779642000,2.418,2.421,2.417,2.42,14
1779642060,2.424,2.426,2.424,2.426,6
1779642120,2.425,2.426,2.425,2.425,6
1779642180,2.419,2.419,2.416,2.416,12
1779642240,2.419,2.419,2.417,2.417,10
1779642300,2.412,2.413,2.408,2.408,14
1779642360,2.408,2.409,2.407,2.409,12
1779642420,2.417,2.417,2.417,2.417,2
1779642480,2.415,2.416,2.413,2.413,10
1779642540,2.412,2.418,2.412,2.417,14
1779642600,2.418,2.421,2.418,2.42,22
1779642660,2.426,2.427,2.424,2.425,26
1779642720,2.425,2.425,2.424,2.424,4
1779642780,2.422,2.422,2.421,2.421,4
1779642840,2.418,2.419,2.416,2.416,6
1779642900,2.41,2.411,2.408,2.408,14
1779642960,2.41,2.412,2.408,2.409,18
1779643020,2.415,2.415,2.413,2.415,10
1779643080,2.412,2.412,2.409,2.409,20
1779643140,2.406,2.406,2.405,2.406,6
1779643200,2.398,2.398,2.396,2.396,6
1779643260,2.399,2.4,2.397,2.398,14
1779643320,2.405,2.405,2.404,2.405,10
1779643380,2.407,2.407,2.406,2.407,6
1779643440,2.409,2.41,2.409,2.41,8
1779643500,2.415,2.417,2.411,2.412,24
1779643560,2.414,2.415,2.414,2.414,6
1779643620,2.419,2.42,2.418,2.419,8
1779643680,2.428,2.429,2.427,2.429,14
1779643740,2.428,2.428,2.426,2.426,6
1779643800,2.429,2.433,2.429,2.431,12
1779643860,2.437,2.45,2.436,2.45,36
1779643920,2.454,2.455,2.454,2.455,4
1779643980,2.456,2.461,2.456,2.461,16
1779644040,2.455,2.455,2.454,2.454,8
1779644100,2.45,2.45,2.446,2.448,18
1779644160,2.452,2.452,2.449,2.45,14
1779644220,2.457,2.457,2.45,2.45,18
1779644280,2.448,2.456,2.448,2.452,22
1779644340,2.455,2.455,2.455,2.455,2
1779644400,2.46,2.462,2.46,2.461,8
1779644460,2.452,2.454,2.451,2.453,20
1779644520,2.444,2.445,2.436,2.437,17
1779644580,2.437,2.438,2.436,2.438,8
1779644640,2.438,2.438,2.437,2.437,4
1779644700,2.437,2.437,2.437,2.437,2
1779644760,2.433,2.433,2.431,2.431,4
1779644820,2.429,2.429,2.421,2.421,28
1779644880,2.418,2.42,2.416,2.42,18
1779644940,2.421,2.423,2.421,2.423,10
1779645000,2.434,2.437,2.434,2.436,20
1779645060,2.437,2.437,2.437,2.437,2
1779645120,2.43,2.431,2.43,2.431,4
1779645180,2.427,2.429,2.427,2.429,6
1779645240,2.431,2.432,2.431,2.432,4
1779645300,2.436,2.44,2.436,2.437,12
1779645360,2.433,2.436,2.43,2.435,18
1779645420,2.43,2.43,2.429,2.429,4
1779645480,2.427,2.431,2.425,2.431,20
1779645540,2.432,2.432,2.432,2.432,2
1779645600,2.426,2.428,2.425,2.428,10
1779645660,2.43,2.43,2.428,2.429,8
1779645720,2.433,2.433,2.432,2.433,6
1779645780,2.429,2.433,2.427,2.431,20
1779645840,2.433,2.434,2.429,2.432,28
1779645900,2.433,2.435,2.433,2.435,6
1779645960,2.437,2.438,2.437,2.438,4
1779646020,2.44,2.441,2.44,2.44,6
1779646080,2.44,2.442,2.439,2.441,18
1779646140,2.444,2.448,2.444,2.448,10
1779646200,2.455,2.458,2.454,2.455,20
1779646260,2.458,2.462,2.458,2.46,30
1779646320,2.458,2.458,2.457,2.458,6
1779646380,2.463,2.463,2.461,2.461,12
1779646440,2.462,2.462,2.458,2.458,10
1779646500,2.457,2.457,2.454,2.454,10
1779646560,2.454,2.454,2.449,2.449,14
1779646620,2.447,2.448,2.443,2.445,16
1779646680,2.444,2.447,2.443,2.444,14
1779646740,2.438,2.438,2.437,2.437,4
1779646800,2.441,2.443,2.441,2.441,22
1779646860,2.443,2.443,2.443,2.443,2
1779646920,2.444,2.444,2.443,2.443,4
1779646980,2.444,2.445,2.44,2.442,15
1779647040,2.441,2.443,2.44,2.443,10
1779647100,2.441,2.444,2.435,2.435,24
1779647160,2.435,2.435,2.433,2.434,8
1779647220,2.435,2.435,2.433,2.433,6
1779647280,2.435,2.435,2.435,2.435,2
1779647340,2.436,2.437,2.436,2.437,4
1779647400,2.432,2.433,2.43,2.433,18
1779647460,2.432,2.434,2.43,2.432,24
1779647520,2.434,2.434,2.434,2.434,2
1779647580,2.427,2.433,2.427,2.432,18
1779647640,2.434,2.434,2.433,2.434,6
1779647700,2.433,2.433,2.431,2.431,6
1779647760,2.429,2.433,2.429,2.431,22
1779647820,2.43,2.43,2.424,2.424,16
1779647880,2.427,2.428,2.425,2.428,18
1779647940,2.425,2.428,2.425,2.427,6
1779648000,2.423,2.423,2.423,2.423,2
1779648060,2.43,2.43,2.429,2.429,4
1779648120,2.428,2.428,2.421,2.421,6
1779648180,2.415,2.416,2.41,2.412,14
1779648240,2.408,2.414,2.408,2.414,28
1779648300,2.414,2.417,2.414,2.416,14
1779648360,2.416,2.419,2.416,2.418,16
1779648420,2.423,2.423,2.422,2.423,8
1779648480,2.426,2.431,2.424,2.424,20
1779648540,2.422,2.422,2.419,2.419,8
1779648600,2.421,2.421,2.417,2.419,20
1779648660,2.42,2.422,2.42,2.422,10
1779648720,2.423,2.423,2.422,2.422,4
1779648780,2.424,2.425,2.423,2.425,7
1779648840,2.426,2.43,2.426,2.43,11
1779648900,2.429,2.431,2.429,2.431,6
1779648960,2.432,2.434,2.432,2.432,16
1779649020,2.435,2.437,2.435,2.437,6
1779649080,2.441,2.441,2.44,2.44,4
1779649140,2.439,2.44,2.438,2.438,12
1779649200,2.434,2.436,2.432,2.434,16
1779649260,2.433,2.439,2.433,2.436,18
1779649320,2.435,2.436,2.434,2.436,8
1779649380,2.445,2.449,2.445,2.447,34
1779649440,2.442,2.442,2.442,2.442,2
1779649500,2.441,2.441,2.438,2.438,8
1779649560,2.439,2.443,2.439,2.443,8
1779649620,2.444,2.448,2.444,2.447,20
1779649680,2.442,2.444,2.441,2.442,12
1779649740,2.436,2.44,2.436,2.438,14
1779649800,2.438,2.441,2.438,2.441,8
1779649860,2.437,2.437,2.434,2.434,8
1779649920,2.432,2.434,2.432,2.433,12
1779649980,2.432,2.432,2.432,2.432,2
1779650040,2.428,2.429,2.427,2.427,15
1779650100,2.422,2.425,2.421,2.424,18
1779650160,2.426,2.427,2.426,2.427,8
1779650220,2.428,2.428,2.427,2.427,4
1779650280,2.429,2.431,2.428,2.43,12
1779650340,2.43,2.431,2.43,2.43,6
1779650400,2.427,2.427,2.427,2.427,2
1779650460,2.429,2.429,2.428,2.428,4
1779650520,2.426,2.426,2.426,2.426,2
1779650580,2.423,2.423,2.423,2.423,2
1779650640,2.419,2.419,2.417,2.417,6
1779650700,2.415,2.415,2.414,2.414,4
1779650760,2.409,2.41,2.406,2.406,14
1779650820,2.403,2.405,2.398,2.398,18
1779650880,2.404,2.404,2.399,2.4,22
1779650940,2.395,2.395,2.39,2.39,26
1779651000,2.392,2.397,2.392,2.397,12
1779651060,2.396,2.398,2.396,2.397,8
1779651120,2.399,2.399,2.395,2.397,11
1779651180,2.394,2.394,2.39,2.39,18
1779651240,2.393,2.393,2.393,2.393,2
1779651300,2.393,2.396,2.393,2.394,10
1779651360,2.393,2.394,2.393,2.394,4
1779651420,2.394,2.395,2.394,2.394,6
1779651480,2.398,2.398,2.395,2.396,10
1779651540,2.391,2.391,2.39,2.391,6
1779651600,2.387,2.39,2.387,2.39,8
1779651660,2.393,2.395,2.393,2.395,14
1779651720,2.401,2.401,2.399,2.4,8
1779651780,2.408,2.408,2.408,2.408,2
1779651840,2.405,2.406,2.405,2.406,4
1779651900,2.408,2.411,2.408,2.411,10
1779651960,2.409,2.41,2.409,2.41,4
1779652020,2.409,2.412,2.405,2.41,19
1779652080,2.414,2.416,2.414,2.416,6
1779652140,2.418,2.43,2.418,2.43,36
1779652200,2.422,2.423,2.422,2.423,4
1779652260,2.421,2.422,2.419,2.421,11
1779652320,2.423,2.425,2.422,2.425,8
1779652380,2.42,2.421,2.419,2.42,8
1779652440,2.424,2.425,2.424,2.424,8
1779652500,2.426,2.43,2.426,2.429,26
1779652560,2.429,2.429,2.429,2.429,2
1779652620,2.431,2.431,2.428,2.428,6
1779652680,2.416,2.417,2.416,2.417,4
1779652740,2.415,2.416,2.414,2.414,12
1779652800,2.419,2.423,2.419,2.422,36
1779652860,2.412,2.419,2.412,2.419,16
1779652920,2.416,2.416,2.411,2.415,22
1779652980,2.415,2.415,2.415,2.415,2
1779653040,2.419,2.422,2.419,2.422,4
1779653100,2.429,2.429,2.426,2.426,16
1779653160,2.428,2.429,2.427,2.429,12
1779653220,2.429,2.429,2.426,2.426,8
1779653280,2.431,2.436,2.431,2.436,16
1779653340,2.442,2.442,2.436,2.436,16
1779653400,2.434,2.434,2.433,2.434,6
1779653460,2.432,2.438,2.432,2.438,8
1779653520,2.439,2.439,2.438,2.438,4
1779653580,2.438,2.44,2.438,2.44,6
1779653640,2.433,2.434,2.432,2.434,20
1779653700,2.433,2.433,2.432,2.432,4
1779653760,2.438,2.438,2.436,2.436,4
1779653820,2.434,2.436,2.431,2.432,14
1779653880,2.429,2.429,2.428,2.428,8
1779653940,2.426,2.427,2.425,2.427,8
1779654000,2.43,2.43,2.427,2.427,13
1779654060,2.421,2.424,2.421,2.424,8
1779654120,2.425,2.425,2.425,2.425,2
1779654180,2.429,2.429,2.429,2.429,2
1779654240,2.43,2.431,2.43,2.431,4
1779654300,2.433,2.434,2.432,2.434,8
1779654360,2.43,2.43,2.428,2.428,10
1779654420,2.43,2.431,2.43,2.43,6
1779654480,2.429,2.431,2.429,2.431,6
1779654540,2.433,2.433,2.433,2.433,2
1779654600,2.434,2.438,2.434,2.438,14
1779654660,2.452,2.454,2.452,2.453,8
1779654720,2.455,2.458,2.455,2.456,10
1779654780,2.458,2.46,2.458,2.458,14
1779654840,2.458,2.458,2.452,2.452,16
1779654900,2.454,2.457,2.451,2.452,12
1779654960,2.443,2.447,2.443,2.446,8
1779655020,2.436,2.437,2.436,2.437,4
1779655080,2.442,2.442,2.441,2.441,8
1779655140,2.436,2.436,2.436,2.436,2
1779655200,2.436,2.438,2.436,2.438,6
1779655260,2.44,2.444,2.44,2.442,18
1779655320,2.443,2.445,2.442,2.442,20
1779655380,2.44,2.442,2.438,2.442,20
1779655440,2.443,2.445,2.442,2.442,16
1779655500,2.443,2.444,2.438,2.444,24
1779655560,2.445,2.455,2.444,2.453,42
1779655680,2.449,2.449,2.443,2.446,44
1779655740,2.445,2.446,2.44,2.446,25
1779655800,2.449,2.45,2.449,2.449,6
1779655860,2.45,2.453,2.45,2.453,14
1779655920,2.448,2.45,2.447,2.447,12
1779655980,2.449,2.458,2.449,2.457,45
1779656040,2.456,2.458,2.449,2.451,22
1779656100,2.452,2.455,2.449,2.45,30
1779656160,2.449,2.45,2.445,2.449,22
1779656220,2.448,2.448,2.441,2.442,32
1779656700,2.493,2.495,2.487,2.492,87
1779656760,2.49,2.491,2.477,2.478,68
1779656820,2.477,2.482,2.461,2.462,97
1779656880,2.463,2.475,2.462,2.475,68
1779656940,2.476,2.48,2.471,2.476,48
1779657000,2.475,2.478,2.473,2.477,35
1779657060,2.476,2.476,2.465,2.466,48
1779657120,2.467,2.473,2.467,2.469,42
1779657180,2.468,2.472,2.465,2.472,34
1779657240,2.473,2.477,2.47,2.477,32
1779657300,2.478,2.478,2.475,2.476,36
1779657360,2.475,2.475,2.469,2.471,20
1779657420,2.472,2.476,2.469,2.471,34
1779657480,2.472,2.476,2.457,2.457,58
1779657540,2.453,2.458,2.453,2.457,52
1779657600,2.456,2.459,2.446,2.452,58
1779657660,2.451,2.457,2.451,2.456,24
1779657720,2.458,2.46,2.457,2.459,14
1779657780,2.46,2.468,2.458,2.462,44
1779657840,2.461,2.466,2.459,2.459,40
1779657900,2.458,2.463,2.456,2.456,26
1779657960,2.454,2.456,2.453,2.454,28
1779658020,2.453,2.457,2.451,2.451,22
1779658080,2.45,2.45,2.425,2.426,57
1779658140,2.427,2.436,2.426,2.436,54
1779658200,2.437,2.439,2.427,2.427,50
1779658260,2.428,2.428,2.418,2.427,53
1779658320,2.428,2.433,2.428,2.432,41
1779658380,2.431,2.431,2.41,2.413,66
1779658440,2.406,2.41,2.406,2.406,44
1779658500,2.405,2.405,2.384,2.398,100
1779658560,2.397,2.402,2.39,2.399,78
1779658620,2.398,2.409,2.388,2.408,90
1779658680,2.409,2.409,2.4,2.402,56
1779658740,2.4,2.4,2.397,2.397,21
1779658800,2.398,2.405,2.397,2.404,56
1779658860,2.403,2.408,2.403,2.407,33
1779658920,2.408,2.409,2.4,2.401,22
1779658980,2.4,2.4,2.39,2.393,39
1779659040,2.394,2.394,2.389,2.39,36
1779659100,2.391,2.391,2.375,2.375,60
1779659160,2.376,2.377,2.364,2.367,79
1779659220,2.368,2.374,2.366,2.374,50
1779659280,2.375,2.381,2.375,2.381,32
1779659340,2.381,2.383,2.374,2.378,24
1779659400,2.377,2.382,2.377,2.381,32
1779659460,2.382,2.385,2.381,2.383,22
1779659520,2.384,2.387,2.383,2.387,20
1779659580,2.386,2.402,2.386,2.399,70
1779659640,2.398,2.401,2.398,2.4,37
1779659700,2.401,2.402,2.398,2.398,38
1779659760,2.397,2.398,2.391,2.397,40
1779659820,2.396,2.396,2.386,2.387,45
1779659880,2.388,2.39,2.381,2.382,40
1779659940,2.381,2.388,2.38,2.387,52
1779660000,2.393,2.402,2.392,2.4,72
1779660060,2.401,2.435,2.401,2.429,106
1779660120,2.432,2.434,2.425,2.425,89
1779660180,2.424,2.429,2.417,2.419,91
1779660240,2.418,2.423,2.415,2.419,54
1779660300,2.416,2.429,2.415,2.425,74
1779660360,2.423,2.427,2.419,2.424,59
1779660420,2.423,2.429,2.423,2.429,38
1779660480,2.431,2.431,2.425,2.43,34
1779660540,2.429,2.429,2.42,2.424,42
1779660600,2.428,2.428,2.419,2.421,70
1779660660,2.422,2.441,2.422,2.437,86
1779660720,2.435,2.435,2.423,2.423,54
1779660780,2.424,2.433,2.423,2.432,64
1779660840,2.433,2.436,2.43,2.43,47
1779660900,2.428,2.429,2.419,2.42,50
1779660960,2.418,2.42,2.414,2.418,64
1779661020,2.419,2.428,2.419,2.425,60
1779661080,2.428,2.432,2.422,2.423,57
1779661140,2.425,2.429,2.423,2.428,38
1779661200,2.426,2.433,2.424,2.429,52
1779661260,2.428,2.428,2.421,2.421,44
1779661320,2.42,2.42,2.415,2.418,54
1779661380,2.417,2.423,2.415,2.422,38
1779661440,2.421,2.427,2.419,2.427,35
1779661500,2.426,2.432,2.425,2.425,36
1779661560,2.427,2.437,2.425,2.432,65
1779661620,2.434,2.435,2.431,2.433,32
1779661680,2.432,2.433,2.426,2.426,20
1779661740,2.425,2.426,2.42,2.42,34
1779661800,2.421,2.434,2.419,2.434,50
1779661860,2.435,2.439,2.43,2.432,52
1779661920,2.431,2.431,2.422,2.423,34
1779661980,2.425,2.426,2.421,2.421,34
1779662040,2.419,2.422,2.413,2.415,30
1779662100,2.414,2.424,2.413,2.422,44
1779662160,2.424,2.425,2.418,2.422,40
1779662220,2.421,2.422,2.407,2.411,54
1779662280,2.408,2.408,2.394,2.401,73
1779662340,2.402,2.403,2.394,2.399,50
1779662400,2.4,2.4,2.39,2.393,46
1779662460,2.394,2.395,2.384,2.386,20
1779662520,2.387,2.388,2.384,2.388,28
1779662580,2.389,2.392,2.387,2.392,26
1779662640,2.391,2.395,2.391,2.395,24
1779662700,2.394,2.405,2.394,2.4,40
1779662760,2.401,2.417,2.401,2.416,62
1779662820,2.415,2.415,2.398,2.398,50
1779662880,2.399,2.403,2.399,2.401,14
1779662940,2.403,2.405,2.397,2.399,34
1779663000,2.4,2.402,2.398,2.399,14
1779663060,2.4,2.404,2.395,2.398,32
1779663120,2.399,2.406,2.397,2.402,36
1779663180,2.404,2.407,2.401,2.407,30
1779663240,2.408,2.411,2.406,2.406,40
1779663300,2.407,2.41,2.403,2.407,52
1779663360,2.406,2.407,2.402,2.404,28
1779663420,2.403,2.405,2.402,2.402,20
1779663480,2.401,2.404,2.401,2.404,12
1779663540,2.403,2.405,2.401,2.401,16
1779663600,2.402,2.415,2.402,2.415,54
1779663660,2.414,2.417,2.41,2.412,36
1779663720,2.413,2.416,2.413,2.414,26
1779663780,2.415,2.417,2.408,2.408,38
1779663840,2.407,2.413,2.406,2.413,18
1779663900,2.411,2.414,2.411,2.413,26
1779663960,2.414,2.417,2.413,2.417,12
1779664020,2.419,2.423,2.418,2.42,38
1779664080,2.419,2.419,2.407,2.408,36
1779664140,2.407,2.411,2.406,2.407,24
1779664200,2.406,2.41,2.405,2.407,30
1779664260,2.406,2.41,2.406,2.408,26
1779664320,2.407,2.41,2.407,2.41,18
1779664380,2.409,2.41,2.407,2.41,12
1779664440,2.411,2.417,2.411,2.417,12
1779664500,2.418,2.422,2.408,2.408,73
1779664560,2.407,2.41,2.404,2.409,30
1779664620,2.408,2.412,2.408,2.411,28
1779664680,2.412,2.414,2.41,2.411,14
1779664740,2.41,2.411,2.407,2.409,28
1779664800,2.408,2.408,2.402,2.402,44
1779664860,2.401,2.408,2.399,2.407,36
1779664920,2.408,2.41,2.408,2.41,18
1779664980,2.409,2.409,2.407,2.408,12
1779665040,2.407,2.409,2.404,2.404,17
1779665100,2.405,2.405,2.397,2.397,27
1779665160,2.398,2.403,2.397,2.402,22
1779665220,2.403,2.404,2.399,2.399,26
1779665280,2.4,2.401,2.398,2.398,26
1779665340,2.397,2.405,2.397,2.405,27
1779665400,2.406,2.409,2.402,2.404,42
1779665460,2.403,2.413,2.403,2.41,53
1779665520,2.409,2.416,2.408,2.413,56
1779665580,2.414,2.414,2.402,2.402,30
1779665640,2.401,2.405,2.4,2.404,32
1779665700,2.401,2.403,2.398,2.403,28
1779665760,2.402,2.407,2.402,2.406,18
1779665820,2.407,2.413,2.406,2.412,22
1779665880,2.413,2.413,2.4,2.405,30
1779665940,2.404,2.41,2.404,2.405,26
1779666000,2.404,2.404,2.398,2.398,20
1779666060,2.399,2.406,2.399,2.403,26
1779666120,2.404,2.404,2.4,2.402,12
1779666180,2.401,2.401,2.391,2.396,32
1779666240,2.395,2.395,2.385,2.391,42
1779666300,2.39,2.394,2.388,2.392,38
1779666360,2.393,2.393,2.388,2.388,34
1779666420,2.386,2.391,2.384,2.39,22
1779666480,2.389,2.394,2.389,2.393,24
1779666540,2.394,2.398,2.394,2.395,22
1779666600,2.394,2.4,2.391,2.4,30
1779666660,2.399,2.405,2.398,2.405,30
1779666720,2.404,2.404,2.393,2.393,36
1779666780,2.394,2.395,2.392,2.392,20
1779666840,2.391,2.392,2.386,2.389,34
1779666900,2.39,2.391,2.388,2.39,14
1779666960,2.389,2.392,2.387,2.388,24
1779667020,2.384,2.388,2.38,2.387,40
1779667080,2.388,2.392,2.387,2.388,24
1779667140,2.389,2.39,2.387,2.388,20
1779667200,2.39,2.396,2.389,2.396,48
1779667260,2.395,2.401,2.393,2.396,46
1779667320,2.395,2.395,2.389,2.394,46
1779667380,2.395,2.395,2.382,2.382,55
1779667440,2.384,2.393,2.384,2.389,30
1779667500,2.388,2.388,2.382,2.385,43
1779667560,2.386,2.39,2.384,2.387,36
1779667620,2.386,2.406,2.382,2.402,64
1779667680,2.401,2.404,2.397,2.4,28
1779667740,2.401,2.408,2.399,2.404,36
1779667800,2.406,2.417,2.405,2.414,60
1779667860,2.413,2.413,2.407,2.408,26
1779667920,2.407,2.409,2.406,2.408,28
1779667980,2.407,2.409,2.406,2.407,18
1779668040,2.408,2.41,2.408,2.408,12
1779668100,2.407,2.414,2.407,2.414,30
1779668160,2.417,2.418,2.414,2.414,24
1779668220,2.413,2.413,2.409,2.412,32
1779668280,2.413,2.415,2.404,2.407,38
1779668340,2.408,2.408,2.4,2.403,46
1779668400,2.402,2.404,2.398,2.4,36
1779668460,2.401,2.404,2.399,2.401,30
1779668520,2.4,2.402,2.399,2.401,26
1779668580,2.4,2.4,2.395,2.395,26
1779668640,2.394,2.394,2.386,2.388,32
1779668700,2.389,2.391,2.388,2.389,16
1779668760,2.388,2.388,2.383,2.387,26
1779668820,2.386,2.386,2.382,2.382,24
1779668880,2.384,2.391,2.381,2.384,46
1779668940,2.385,2.394,2.385,2.393,20
1779669000,2.395,2.395,2.392,2.393,26
1779669060,2.39,2.391,2.386,2.387,40
1779669120,2.386,2.386,2.382,2.383,12
1779669180,2.385,2.386,2.381,2.383,39
1779669240,2.384,2.387,2.384,2.386,18
1779669300,2.387,2.387,2.378,2.379,26
1779669360,2.378,2.382,2.378,2.378,28
1779669420,2.379,2.382,2.376,2.381,34
1779669480,2.382,2.386,2.382,2.383,42
1779669540,2.384,2.387,2.382,2.382,28
1779669600,2.383,2.385,2.381,2.381,26
1779669660,2.382,2.387,2.38,2.386,22
1779669720,2.387,2.387,2.38,2.382,20
1779669780,2.383,2.391,2.383,2.39,20
1779669840,2.389,2.391,2.387,2.39,24
1779669900,2.391,2.392,2.385,2.385,24
1779669960,2.384,2.388,2.384,2.384,26
1779670020,2.385,2.385,2.383,2.383,10
1779670080,2.384,2.389,2.384,2.386,20
1779670140,2.388,2.393,2.387,2.391,42
1779670200,2.389,2.389,2.382,2.385,24
1779670260,2.384,2.384,2.381,2.381,20
1779670320,2.38,2.382,2.378,2.38,24
1779670380,2.379,2.38,2.376,2.376,20
1779670440,2.377,2.378,2.373,2.374,22
1779670500,2.375,2.381,2.374,2.378,30
1779670560,2.377,2.379,2.376,2.376,14
1779670620,2.377,2.377,2.373,2.373,25
1779670680,2.374,2.374,2.37,2.37,29
1779670740,2.368,2.374,2.368,2.374,21
1779670800,2.375,2.378,2.369,2.37,48
1779670860,2.369,2.373,2.365,2.366,46
1779670920,2.367,2.371,2.366,2.371,40
1779670980,2.372,2.372,2.362,2.367,55
1779671040,2.368,2.372,2.368,2.372,38
1779671100,2.373,2.382,2.371,2.375,40
1779671160,2.376,2.377,2.374,2.376,30
1779671220,2.377,2.378,2.375,2.376,18
1779671280,2.375,2.378,2.375,2.375,14
1779671340,2.374,2.376,2.373,2.376,6
1779671400,2.377,2.378,2.361,2.362,42
1779671460,2.364,2.367,2.358,2.358,44
1779671520,2.359,2.364,2.357,2.358,28
1779671580,2.359,2.359,2.357,2.359,22
1779671640,2.358,2.365,2.358,2.365,28
1779671700,2.367,2.374,2.367,2.374,32
1779671760,2.373,2.375,2.37,2.375,30
1779671820,2.377,2.383,2.376,2.382,54
1779671880,2.383,2.383,2.378,2.381,24
1779671940,2.382,2.39,2.381,2.387,56
1779672000,2.388,2.388,2.383,2.385,31
1779672060,2.386,2.389,2.386,2.388,19
1779672120,2.386,2.387,2.383,2.386,22
1779672180,2.385,2.387,2.38,2.382,28
1779672240,2.384,2.387,2.381,2.381,29
1779672300,2.379,2.381,2.374,2.377,24
1779672360,2.378,2.383,2.376,2.38,33
1779672420,2.379,2.383,2.379,2.38,20
1779672480,2.379,2.384,2.379,2.379,22
1779672540,2.378,2.378,2.376,2.377,16
1779672600,2.378,2.38,2.371,2.371,30
1779672660,2.372,2.375,2.372,2.375,8
1779672720,2.376,2.379,2.374,2.379,30
1779672780,2.38,2.385,2.379,2.382,32
1779672840,2.383,2.386,2.382,2.383,20
1779672900,2.381,2.384,2.38,2.38,28
1779672960,2.379,2.38,2.374,2.376,20
1779673020,2.375,2.377,2.373,2.377,18
1779673080,2.378,2.383,2.377,2.381,28
1779673140,2.382,2.386,2.382,2.385,24
1779673200,2.384,2.385,2.379,2.38,20
1779673260,2.381,2.384,2.381,2.383,14
1779673320,2.383,2.387,2.379,2.379,24
1779673380,2.378,2.384,2.377,2.384,22
1779673440,2.383,2.388,2.378,2.378,24
1779673500,2.379,2.383,2.379,2.381,12
1779673560,2.38,2.382,2.377,2.379,21
1779673620,2.376,2.38,2.376,2.38,20
1779673680,2.379,2.382,2.377,2.381,30
1779673740,2.38,2.391,2.38,2.391,32
1779673800,2.392,2.393,2.386,2.388,22
1779673860,2.389,2.393,2.389,2.392,30
1779673920,2.39,2.395,2.39,2.395,20
1779673980,2.394,2.394,2.386,2.386,28
1779674040,2.387,2.387,2.38,2.383,26
1779674100,2.382,2.383,2.379,2.379,24
1779674160,2.378,2.378,2.363,2.364,38
1779674220,2.363,2.363,2.357,2.357,34
1779674280,2.356,2.358,2.35,2.353,52
1779674340,2.354,2.357,2.35,2.356,50
1779674400,2.357,2.36,2.353,2.358,32
1779674460,2.36,2.363,2.356,2.359,30
1779674520,2.36,2.362,2.358,2.359,30
1779674580,2.36,2.36,2.357,2.357,8
1779674640,2.358,2.369,2.357,2.365,42
1779674700,2.366,2.373,2.366,2.373,42
1779674760,2.374,2.38,2.369,2.373,75
1779674820,2.373,2.398,2.373,2.398,74
1779674880,2.399,2.399,2.388,2.388,42
1779674940,2.389,2.389,2.386,2.389,16
1779675000,2.388,2.392,2.388,2.392,24
1779675060,2.393,2.395,2.392,2.395,24
1779675120,2.396,2.403,2.395,2.4,30
1779675180,2.401,2.405,2.401,2.403,36
1779675240,2.402,2.407,2.402,2.402,32
1779675300,2.403,2.409,2.398,2.399,54
1779675360,2.4,2.4,2.389,2.39,36
1779675420,2.392,2.399,2.392,2.399,28
1779675480,2.4,2.406,2.398,2.401,26
1779675540,2.402,2.406,2.399,2.406,41
1779675600,2.407,2.407,2.4,2.4,27
1779675660,2.398,2.403,2.397,2.402,28
1779675720,2.403,2.404,2.395,2.397,30
1779675780,2.398,2.4,2.393,2.395,32
1779675840,2.394,2.394,2.39,2.393,22
1779675900,2.394,2.394,2.386,2.39,45
1779675960,2.391,2.393,2.389,2.389,18
1779676020,2.39,2.391,2.389,2.391,27
1779676080,2.392,2.396,2.39,2.391,28
1779676140,2.392,2.394,2.391,2.394,18
1779676200,2.395,2.395,2.386,2.386,30
1779676260,2.387,2.388,2.375,2.378,52
1779676320,2.377,2.377,2.375,2.376,22
1779676380,2.377,2.377,2.374,2.374,8
1779676440,2.373,2.373,2.356,2.36,73
1779676500,2.359,2.364,2.357,2.361,52
1779676560,2.362,2.369,2.362,2.367,44
1779676620,2.365,2.367,2.363,2.366,14
1779676680,2.365,2.365,2.36,2.364,22
1779676740,2.365,2.366,2.362,2.362,11
1779676800,2.365,2.365,2.357,2.357,30
1779676860,2.358,2.358,2.333,2.333,77
1779676920,2.335,2.345,2.335,2.342,83
1779676980,2.343,2.347,2.338,2.345,45
1779677040,2.346,2.347,2.344,2.347,28
1779677100,2.346,2.348,2.344,2.345,50
1779677160,2.346,2.346,2.339,2.343,34
1779677220,2.341,2.348,2.339,2.347,44
1779677280,2.348,2.349,2.343,2.347,20
1779677340,2.348,2.35,2.347,2.35,14
1779677400,2.349,2.358,2.349,2.358,20
1779677460,2.359,2.359,2.354,2.355,32
1779677520,2.354,2.355,2.353,2.353,12
1779677580,2.352,2.356,2.352,2.356,24
1779677640,2.355,2.356,2.352,2.352,22
1779677700,2.352,2.36,2.352,2.359,23
1779677760,2.36,2.36,2.357,2.358,10
1779677820,2.357,2.36,2.356,2.36,14
1779677880,2.359,2.359,2.357,2.357,6
1779677940,2.359,2.359,2.356,2.357,14
1779678000,2.358,2.363,2.355,2.355,38
1779678060,2.354,2.354,2.347,2.351,36
1779678120,2.352,2.352,2.345,2.346,34
1779678180,2.348,2.349,2.346,2.346,8
1779678240,2.347,2.347,2.347,2.347,2
1779678300,2.348,2.349,2.345,2.345,20
1779678360,2.344,2.344,2.342,2.343,8
1779678420,2.344,2.345,2.339,2.339,30
1779678480,2.338,2.339,2.332,2.337,26
1779678540,2.338,2.339,2.332,2.334,34
1779678600,2.335,2.336,2.333,2.335,20
1779678660,2.337,2.342,2.337,2.34,20
1779678720,2.339,2.343,2.339,2.341,18
1779678780,2.34,2.344,2.34,2.344,22
1779678840,2.345,2.346,2.341,2.343,24
1779678900,2.342,2.345,2.34,2.344,22
1779678960,2.345,2.345,2.34,2.341,22
1779679020,2.34,2.346,2.339,2.346,26
1779679080,2.347,2.352,2.347,2.35,26
1779679140,2.351,2.358,2.351,2.352,38
1779679200,2.351,2.351,2.35,2.351,14
1779679260,2.352,2.354,2.351,2.354,20
1779679320,2.353,2.354,2.345,2.349,32
1779679380,2.35,2.351,2.345,2.345,32
1779679440,2.344,2.345,2.342,2.343,14
1779679500,2.345,2.346,2.342,2.346,14
1779679560,2.345,2.345,2.341,2.343,18
1779679620,2.342,2.344,2.34,2.344,28
1779679680,2.345,2.346,2.344,2.344,8
1779679740,2.343,2.344,2.342,2.343,14
1779679800,2.344,2.346,2.341,2.342,30
1779679860,2.343,2.347,2.34,2.34,30
1779679920,2.34,2.343,2.338,2.34,32
1779679980,2.341,2.343,2.34,2.343,26
1779680040,2.342,2.343,2.339,2.342,30
1779680100,2.343,2.347,2.343,2.346,22
1779680160,2.345,2.346,2.344,2.346,8
1779680220,2.347,2.348,2.345,2.346,12
1779680280,2.345,2.345,2.341,2.343,12
1779680340,2.344,2.346,2.342,2.346,14
1779680400,2.345,2.352,2.345,2.35,20
1779680460,2.35,2.351,2.345,2.345,15
1779680520,2.346,2.349,2.346,2.347,20
1779680580,2.346,2.35,2.346,2.35,22
1779680640,2.35,2.351,2.345,2.345,22
1779680700,2.344,2.344,2.34,2.341,30
1779680760,2.342,2.342,2.339,2.34,18
1779680820,2.341,2.344,2.339,2.342,22
1779680880,2.343,2.346,2.342,2.346,24
1779680940,2.345,2.346,2.344,2.345,12
1779681000,2.344,2.345,2.344,2.344,6
1779681060,2.345,2.35,2.345,2.35,26
1779681120,2.351,2.352,2.348,2.351,24
1779681180,2.352,2.352,2.347,2.349,24
1779681240,2.35,2.35,2.347,2.349,26
1779681300,2.348,2.348,2.348,2.348,2
1779681360,2.349,2.35,2.344,2.346,20
1779681420,2.345,2.347,2.34,2.341,26
1779681480,2.343,2.346,2.343,2.346,16
1779681540,2.347,2.347,2.342,2.342,14
1779681600,2.341,2.345,2.341,2.345,26
1779681660,2.346,2.352,2.345,2.35,26
1779681720,2.349,2.349,2.345,2.346,16
1779681780,2.347,2.348,2.344,2.344,24
1779681840,2.343,2.343,2.34,2.341,10
1779681900,2.342,2.344,2.337,2.337,20
1779681960,2.336,2.34,2.335,2.339,24
1779682020,2.338,2.342,2.338,2.34,12
1779682080,2.341,2.341,2.338,2.339,14
1779682140,2.341,2.342,2.338,2.338,16
1779682200,2.339,2.34,2.337,2.339,22
1779682260,2.34,2.343,2.34,2.343,12
1779682320,2.344,2.347,2.344,2.346,14
1779682380,2.345,2.345,2.339,2.339,30
1779682440,2.34,2.342,2.338,2.339,34
1779682500,2.34,2.341,2.338,2.34,22
1779682560,2.341,2.345,2.341,2.343,36
1779682620,2.342,2.343,2.34,2.341,16
1779682680,2.342,2.342,2.338,2.341,18
1779682740,2.342,2.344,2.341,2.343,16
1779682800,2.344,2.346,2.341,2.344,18
1779682860,2.343,2.349,2.343,2.346,21
1779682920,2.347,2.352,2.343,2.35,34
1779682980,2.351,2.354,2.351,2.354,22
1779683040,2.354,2.357,2.351,2.352,14
1779683100,2.351,2.354,2.351,2.354,26
1779683160,2.355,2.356,2.354,2.355,18
1779683220,2.354,2.354,2.351,2.352,16
1779683280,2.351,2.352,2.349,2.349,20
1779683340,2.348,2.348,2.346,2.348,18
1779683400,2.349,2.35,2.347,2.35,16
1779683460,2.351,2.356,2.351,2.351,46
1779683520,2.35,2.354,2.35,2.354,28
1779683580,2.353,2.354,2.351,2.354,16
1779683640,2.355,2.356,2.353,2.353,16
1779683700,2.352,2.356,2.352,2.355,12
1779683760,2.356,2.357,2.349,2.35,25
1779683820,2.351,2.351,2.348,2.35,13
1779683880,2.349,2.353,2.349,2.352,14
1779683940,2.353,2.355,2.35,2.35,18
1779684000,2.351,2.355,2.351,2.354,12
1779684060,2.355,2.356,2.355,2.356,8
1779684120,2.357,2.361,2.357,2.361,14
1779684180,2.362,2.365,2.36,2.361,18
1779684240,2.363,2.365,2.362,2.363,26
1779684300,2.362,2.362,2.358,2.358,26
1779684360,2.357,2.362,2.357,2.362,22
1779684420,2.363,2.366,2.363,2.363,16
1779684480,2.362,2.365,2.36,2.36,24
1779684540,2.359,2.36,2.358,2.358,10
1779684600,2.359,2.359,2.355,2.356,16
1779684660,2.357,2.364,2.357,2.363,26
1779684720,2.364,2.368,2.363,2.366,42
1779684780,2.365,2.365,2.36,2.361,16
1779684840,2.363,2.363,2.361,2.363,10
1779684900,2.365,2.369,2.364,2.368,24
1779684960,2.367,2.373,2.365,2.371,20
1779685020,2.372,2.387,2.372,2.387,46
1779685080,2.386,2.386,2.382,2.382,28
1779685140,2.381,2.382,2.379,2.379,22
1779685200,2.378,2.378,2.373,2.376,36
1779685260,2.375,2.376,2.372,2.373,24
1779685320,2.372,2.375,2.371,2.374,22
1779685380,2.375,2.378,2.375,2.375,10
1779685440,2.374,2.376,2.374,2.376,16
1779685500,2.375,2.379,2.374,2.379,24
1779685560,2.38,2.388,2.38,2.387,39
1779685620,2.386,2.399,2.382,2.394,64
1779685680,2.392,2.398,2.391,2.396,64
1779685740,2.395,2.395,2.384,2.384,30
1779685800,2.383,2.384,2.38,2.381,25
1779685860,2.38,2.382,2.379,2.382,24
1779685920,2.383,2.385,2.382,2.384,22
1779685980,2.383,2.385,2.382,2.382,14
1779686040,2.381,2.381,2.378,2.381,25
1779686100,2.379,2.383,2.378,2.382,12
1779686160,2.381,2.384,2.381,2.384,16
1779686220,2.385,2.388,2.384,2.384,30
1779686280,2.382,2.386,2.38,2.384,29
1779686340,2.383,2.388,2.383,2.388,20
1779686400,2.387,2.387,2.38,2.38,50
1779686460,2.381,2.381,2.375,2.38,35
1779686520,2.381,2.383,2.379,2.38,40
1779686580,2.381,2.381,2.375,2.375,29
1779686640,2.375,2.377,2.37,2.371,30
1779686700,2.372,2.372,2.369,2.372,19
1779686760,2.373,2.373,2.369,2.369,10
1779686820,2.37,2.373,2.37,2.371,20
1779686880,2.37,2.371,2.37,2.371,4
1779686940,2.372,2.375,2.372,2.375,16
1779687000,2.374,2.377,2.374,2.374,28
1779687060,2.375,2.375,2.371,2.372,20
1779687120,2.368,2.371,2.363,2.363,28
1779687180,2.365,2.366,2.362,2.364,20
1779687240,2.363,2.364,2.362,2.362,16
1779687300,2.363,2.367,2.363,2.367,12
1779687360,2.368,2.369,2.365,2.365,22
1779687420,2.364,2.367,2.364,2.365,12
1779687480,2.366,2.366,2.357,2.361,26
1779687540,2.36,2.36,2.352,2.354,24
1779687600,2.355,2.361,2.355,2.358,20
1779687660,2.357,2.365,2.356,2.365,16
1779687720,2.364,2.364,2.362,2.363,12
1779687780,2.362,2.366,2.362,2.365,16
1779687840,2.361,2.361,2.36,2.36,4
1779687900,2.359,2.362,2.359,2.362,4
1779687960,2.361,2.363,2.357,2.357,21
1779688020,2.358,2.359,2.357,2.358,9
1779688080,2.357,2.36,2.357,2.36,8
1779688140,2.359,2.364,2.359,2.36,20
1779688200,2.361,2.361,2.356,2.357,15
1779688260,2.356,2.359,2.356,2.359,8
1779688320,2.358,2.358,2.355,2.358,22
1779688380,2.357,2.36,2.357,2.36,8
1779688440,2.359,2.361,2.359,2.359,10
1779688500,2.358,2.361,2.357,2.36,18
1779688560,2.359,2.359,2.355,2.358,26
1779688620,2.357,2.36,2.357,2.359,14
1779688680,2.358,2.359,2.357,2.359,8
1779688740,2.36,2.362,2.36,2.362,10
1779688800,2.362,2.367,2.362,2.367,26
1779688860,2.368,2.378,2.366,2.375,26
1779688920,2.374,2.377,2.372,2.377,16
1779688980,2.378,2.394,2.378,2.393,40
1779689040,2.392,2.397,2.392,2.394,38
1779689100,2.395,2.397,2.391,2.394,28
1779689160,2.395,2.397,2.394,2.396,22
1779689220,2.397,2.403,2.397,2.403,28
1779689280,2.404,2.408,2.399,2.407,58
1779689340,2.405,2.408,2.405,2.406,26
1779689400,2.405,2.405,2.395,2.4,48
1779689460,2.401,2.404,2.399,2.4,24
1779689520,2.401,2.403,2.399,2.4,46
1779689580,2.399,2.402,2.399,2.402,24
1779689640,2.403,2.403,2.399,2.4,22
1779689700,2.401,2.401,2.392,2.393,50
1779689760,2.392,2.393,2.38,2.382,55
1779689820,2.383,2.383,2.381,2.382,14
1779689880,2.383,2.384,2.378,2.378,22
1779689940,2.377,2.379,2.377,2.378,28
1779690000,2.377,2.377,2.372,2.376,26
1779690060,2.375,2.376,2.371,2.372,16
1779690120,2.373,2.377,2.37,2.377,26
1779690180,2.375,2.375,2.372,2.375,18
1779690240,2.376,2.376,2.371,2.372,22
1779690300,2.373,2.374,2.372,2.374,16
1779690360,2.373,2.374,2.372,2.372,8
1779690420,2.37,2.37,2.365,2.369,24
1779690480,2.368,2.37,2.367,2.37,12
1779690540,2.369,2.372,2.368,2.37,22
1779690600,2.369,2.374,2.368,2.373,16
1779690660,2.373,2.378,2.373,2.376,32
1779690720,2.377,2.381,2.377,2.378,32
1779690780,2.377,2.381,2.372,2.372,38
1779690840,2.373,2.376,2.372,2.373,22
1779690900,2.372,2.375,2.371,2.375,18
1779690960,2.376,2.383,2.375,2.378,36
1779691020,2.379,2.382,2.376,2.382,38
1779691080,2.381,2.383,2.379,2.383,26
1779691140,2.382,2.382,2.377,2.378,24
1779691200,2.377,2.383,2.377,2.382,20
1779691260,2.381,2.381,2.377,2.378,12
1779691320,2.379,2.382,2.378,2.381,22
1779691380,2.38,2.38,2.379,2.379,4
1779691440,2.38,2.382,2.379,2.382,10
1779691500,2.383,2.384,2.381,2.384,10
1779691560,2.382,2.39,2.382,2.388,27
1779691620,2.39,2.393,2.387,2.387,38
1779691680,2.386,2.389,2.386,2.386,14
1779691740,2.385,2.386,2.385,2.386,6
1779691800,2.385,2.386,2.383,2.385,28
1779691860,2.384,2.384,2.376,2.379,30
1779691920,2.378,2.378,2.375,2.375,16
1779691980,2.374,2.376,2.374,2.375,12
1779692040,2.374,2.374,2.371,2.371,22
1779692100,2.37,2.37,2.367,2.368,20
1779692160,2.367,2.369,2.361,2.364,22
1779692220,2.365,2.367,2.365,2.366,12
1779692280,2.365,2.37,2.365,2.369,14
1779692340,2.368,2.368,2.367,2.367,10
1779692400,2.366,2.372,2.366,2.372,14
1779692460,2.373,2.374,2.369,2.369,16
1779692520,2.37,2.37,2.366,2.367,20
1779692580,2.366,2.373,2.365,2.371,37
1779692640,2.372,2.372,2.367,2.367,31
1779692700,2.366,2.367,2.363,2.366,22
1779692760,2.367,2.368,2.366,2.368,8
1779692820,2.369,2.37,2.367,2.367,14
1779692880,2.368,2.369,2.367,2.368,10
1779692940,2.369,2.373,2.369,2.372,22
1779693000,2.373,2.375,2.373,2.373,10
1779693060,2.372,2.379,2.37,2.375,24
1779693120,2.374,2.375,2.373,2.375,10
1779693180,2.374,2.377,2.372,2.372,22
1779693240,2.373,2.373,2.371,2.373,10
1779693300,2.372,2.378,2.372,2.377,22
1779693360,2.378,2.38,2.377,2.378,24
1779693420,2.377,2.379,2.375,2.375,14
1779693480,2.374,2.376,2.368,2.369,34
1779693540,2.367,2.37,2.363,2.363,36
1779693600,2.362,2.363,2.358,2.363,22
1779693660,2.362,2.365,2.361,2.365,24
1779693720,2.366,2.369,2.366,2.367,12
1779693780,2.369,2.369,2.367,2.368,8
1779693840,2.369,2.376,2.369,2.372,16
1779693900,2.373,2.374,2.37,2.37,16
1779693960,2.369,2.37,2.364,2.369,28
1779694020,2.37,2.37,2.366,2.366,8
1779694080,2.365,2.365,2.361,2.362,14
1779694140,2.361,2.362,2.359,2.362,16
1779694200,2.361,2.364,2.36,2.363,22
1779694260,2.364,2.368,2.364,2.367,12
1779694320,2.366,2.366,2.357,2.359,34
1779694380,2.358,2.364,2.358,2.364,24
1779694440,2.363,2.366,2.363,2.364,14
1779694500,2.365,2.365,2.364,2.364,8
1779694560,2.365,2.366,2.364,2.366,12
1779694620,2.367,2.367,2.365,2.365,6
1779694680,2.366,2.368,2.366,2.366,14
1779694740,2.365,2.368,2.365,2.365,18
1779694800,2.364,2.364,2.357,2.357,20
1779694860,2.356,2.356,2.354,2.354,20
1779694920,2.353,2.355,2.352,2.355,12
1779694980,2.354,2.357,2.354,2.357,14
1779695040,2.359,2.36,2.356,2.357,16
1779695100,2.356,2.357,2.355,2.357,10
1779695160,2.358,2.36,2.354,2.356,28
1779695220,2.357,2.361,2.357,2.361,10
1779695280,2.36,2.362,2.359,2.362,16
1779695340,2.363,2.366,2.362,2.363,22
1779695400,2.364,2.367,2.364,2.366,24
1779695460,2.367,2.38,2.367,2.379,32
1779695520,2.38,2.386,2.38,2.381,28
1779695580,2.382,2.383,2.379,2.381,24
1779695640,2.38,2.387,2.38,2.387,18
1779695700,2.386,2.387,2.384,2.385,22
1779695760,2.386,2.386,2.381,2.381,20
1779695820,2.382,2.384,2.378,2.378,14
1779695880,2.379,2.384,2.379,2.382,16
1779695940,2.383,2.383,2.375,2.376,20
1779696000,2.375,2.377,2.374,2.376,34
1779696060,2.377,2.384,2.377,2.382,38
1779696120,2.381,2.388,2.38,2.384,40
1779696180,2.382,2.389,2.379,2.387,51
1779696240,2.388,2.388,2.379,2.384,40
1779696300,2.383,2.387,2.383,2.386,22
1779696360,2.387,2.389,2.386,2.388,18
1779696420,2.387,2.39,2.387,2.39,8
1779696480,2.389,2.389,2.385,2.385,18
1779696540,2.384,2.384,2.38,2.381,28
1779696600,2.38,2.381,2.379,2.379,16
1779696660,2.381,2.385,2.378,2.378,24
1779696720,2.377,2.377,2.375,2.377,14
1779696780,2.376,2.379,2.374,2.377,28
1779696840,2.376,2.378,2.375,2.378,10
1779696900,2.379,2.379,2.376,2.376,18
1779696960,2.375,2.378,2.373,2.378,18
1779697020,2.379,2.379,2.376,2.376,10
1779697080,2.375,2.376,2.371,2.375,28
1779697140,2.376,2.376,2.374,2.376,10
1779697200,2.377,2.377,2.374,2.375,20
1779697260,2.376,2.38,2.376,2.379,10
1779697320,2.378,2.381,2.377,2.377,24
1779697380,2.376,2.378,2.374,2.376,20
1779697440,2.375,2.375,2.371,2.371,14
1779697500,2.37,2.37,2.367,2.369,24
1779697560,2.37,2.37,2.368,2.369,12
1779697620,2.37,2.371,2.368,2.37,24
1779697680,2.369,2.371,2.369,2.37,8
1779697740,2.369,2.369,2.364,2.368,18
1779697800,2.367,2.367,2.364,2.364,8
1779697860,2.363,2.364,2.36,2.361,22
1779697920,2.362,2.367,2.362,2.367,8
1779697980,2.365,2.365,2.363,2.363,8
1779698040,2.362,2.364,2.362,2.363,12
1779698100,2.364,2.37,2.362,2.368,26
1779698160,2.367,2.37,2.364,2.37,22
1779698220,2.371,2.378,2.37,2.377,24
1779698280,2.376,2.383,2.374,2.383,22
1779698340,2.381,2.385,2.381,2.385,20
1779698400,2.386,2.395,2.384,2.394,30
1779698460,2.393,2.393,2.386,2.386,26
1779698520,2.381,2.392,2.381,2.389,30
1779698580,2.388,2.39,2.388,2.39,6
1779698640,2.391,2.391,2.387,2.388,16
1779698700,2.389,2.394,2.389,2.393,24
1779698760,2.392,2.395,2.392,2.394,10
1779698820,2.393,2.395,2.391,2.392,24
1779698880,2.393,2.397,2.392,2.394,18
1779698940,2.395,2.395,2.39,2.394,14
1779699000,2.395,2.397,2.393,2.394,26
1779699060,2.395,2.397,2.393,2.393,28
1779699120,2.392,2.392,2.387,2.389,44
1779699180,2.39,2.391,2.388,2.39,24
1779699240,2.392,2.396,2.392,2.395,8
1779699300,2.394,2.411,2.394,2.402,56
1779699360,2.401,2.407,2.401,2.404,28
1779699420,2.405,2.408,2.405,2.407,22
1779699480,2.409,2.41,2.406,2.406,20
1779699540,2.408,2.409,2.408,2.408,6
1779699600,2.409,2.409,2.404,2.404,20
1779699660,2.403,2.404,2.399,2.403,42
1779699720,2.402,2.403,2.397,2.397,20
1779699780,2.396,2.396,2.391,2.391,30
1779699840,2.39,2.393,2.388,2.392,32
1779699900,2.391,2.397,2.39,2.396,26
1779699960,2.397,2.4,2.397,2.399,18
1779700020,2.4,2.4,2.398,2.4,24
1779700080,2.399,2.4,2.397,2.398,32
1779700140,2.396,2.396,2.388,2.393,44
1779700200,2.392,2.392,2.387,2.391,20
1779700260,2.39,2.39,2.376,2.379,52
1779700320,2.378,2.379,2.372,2.374,38
1779700380,2.373,2.379,2.373,2.378,22
1779700440,2.377,2.377,2.374,2.374,20
1779700500,2.373,2.377,2.372,2.377,20
1779700560,2.376,2.379,2.375,2.379,18
1779700620,2.38,2.382,2.376,2.377,22
1779700680,2.376,2.38,2.376,2.38,22
1779700740,2.379,2.383,2.379,2.381,30
1779700800,2.38,2.384,2.38,2.382,18
1779700860,2.385,2.386,2.381,2.381,18
1779700920,2.38,2.38,2.375,2.379,22
1779700980,2.378,2.382,2.378,2.38,16
1779701040,2.381,2.387,2.381,2.385,34
1779701100,2.384,2.388,2.384,2.388,24
1779701160,2.387,2.387,2.383,2.384,20
1779701220,2.385,2.387,2.383,2.387,20
1779701280,2.386,2.387,2.381,2.384,16
1779701340,2.385,2.386,2.384,2.384,12
1779701400,2.385,2.387,2.385,2.386,12
1779701460,2.385,2.393,2.385,2.393,24
1779701520,2.394,2.397,2.39,2.392,30
1779701580,2.393,2.395,2.39,2.39,28
1779701640,2.389,2.396,2.389,2.393,30
1779701700,2.392,2.395,2.392,2.395,12
1779701760,2.394,2.395,2.39,2.391,22
1779701820,2.39,2.39,2.389,2.389,4
1779701880,2.388,2.39,2.386,2.389,26
1779701940,2.388,2.388,2.385,2.385,10
1779702000,2.386,2.389,2.385,2.388,14
1779702060,2.389,2.394,2.389,2.394,18
1779702120,2.395,2.397,2.392,2.393,36
1779702180,2.392,2.396,2.392,2.396,14
1779702240,2.397,2.404,2.397,2.404,22
1779702300,2.405,2.423,2.405,2.421,54
1779702360,2.419,2.419,2.411,2.412,50
1779702420,2.414,2.42,2.414,2.415,42
1779702480,2.414,2.416,2.411,2.415,22
1779702540,2.416,2.418,2.416,2.418,10
1779702600,2.419,2.419,2.413,2.413,14
1779702660,2.412,2.419,2.411,2.418,40
1779702720,2.419,2.422,2.419,2.422,24
1779702780,2.423,2.423,2.42,2.421,28
1779702840,2.42,2.423,2.42,2.423,12
1779702900,2.424,2.427,2.422,2.423,20
1779702960,2.422,2.422,2.415,2.416,44
1779703020,2.417,2.417,2.411,2.412,32
1779703080,2.411,2.412,2.409,2.409,22
1779703140,2.41,2.413,2.409,2.411,24
1779703200,2.41,2.42,2.41,2.417,28
1779703260,2.418,2.423,2.417,2.419,36
1779703320,2.418,2.418,2.413,2.416,28
1779703380,2.415,2.422,2.414,2.421,24
1779703440,2.42,2.426,2.42,2.423,30
1779703500,2.424,2.432,2.422,2.428,48
1779703560,2.429,2.434,2.428,2.433,38
1779703620,2.434,2.436,2.431,2.432,34
1779703680,2.433,2.435,2.43,2.43,30
1779703740,2.429,2.432,2.427,2.428,26
1779703800,2.427,2.428,2.418,2.423,28
1779703860,2.426,2.432,2.426,2.432,18
1779703920,2.431,2.431,2.424,2.424,20
1779703980,2.422,2.422,2.418,2.419,22
1779704040,2.418,2.418,2.416,2.417,8
1779704100,2.416,2.416,2.409,2.411,30
1779704160,2.41,2.422,2.409,2.422,40
1779704220,2.421,2.426,2.419,2.424,24
1779704280,2.422,2.423,2.42,2.423,24
1779704340,2.424,2.428,2.423,2.424,34
1779704400,2.425,2.427,2.422,2.423,16
1779704460,2.421,2.421,2.417,2.419,24
1779704520,2.418,2.42,2.417,2.417,24
1779704580,2.418,2.421,2.418,2.42,18
1779704640,2.419,2.424,2.418,2.424,12
1779704700,2.422,2.424,2.422,2.422,12
1779704760,2.421,2.424,2.42,2.424,25
1779704820,2.425,2.434,2.425,2.432,34
1779704880,2.433,2.433,2.426,2.426,22
1779704940,2.427,2.432,2.427,2.431,18
1779705000,2.432,2.433,2.43,2.431,22
1779705060,2.429,2.436,2.429,2.434,37
1779705120,2.435,2.445,2.435,2.443,40
1779705180,2.444,2.447,2.441,2.443,44
1779705240,2.442,2.442,2.427,2.429,52
1779705300,2.428,2.429,2.424,2.427,36
1779705360,2.428,2.429,2.427,2.428,26
1779705420,2.429,2.434,2.428,2.434,34
1779705480,2.433,2.435,2.427,2.428,22
1779705540,2.427,2.433,2.426,2.431,28
1779705600,2.43,2.442,2.426,2.436,42
1779705660,2.434,2.439,2.433,2.439,28
1779705720,2.438,2.443,2.437,2.439,40
1779705780,2.44,2.44,2.437,2.438,16
1779705840,2.437,2.441,2.437,2.438,26
1779705900,2.439,2.444,2.438,2.444,20
1779705960,2.445,2.445,2.44,2.442,34
1779706020,2.443,2.443,2.438,2.438,16
1779706080,2.44,2.453,2.44,2.45,50
1779706140,2.449,2.454,2.448,2.451,38
1779706200,2.452,2.455,2.452,2.455,24
1779706260,2.454,2.454,2.446,2.45,42
1779706320,2.449,2.452,2.447,2.452,29
1779706380,2.453,2.454,2.45,2.45,24
1779706440,2.451,2.454,2.449,2.45,28
1779706500,2.449,2.454,2.443,2.454,48
1779706560,2.455,2.459,2.455,2.458,26
1779706620,2.457,2.46,2.455,2.456,36
1779706680,2.457,2.459,2.456,2.457,30
1779706740,2.456,2.458,2.452,2.452,32
1779706800,2.453,2.456,2.445,2.445,32
1779706860,2.444,2.451,2.443,2.45,52
1779706920,2.452,2.452,2.446,2.446,37
1779706980,2.447,2.451,2.447,2.448,32
1779707040,2.449,2.451,2.444,2.451,34
1779707100,2.45,2.45,2.445,2.445,24
1779707160,2.446,2.447,2.445,2.447,12
1779707220,2.446,2.452,2.446,2.452,10
1779707280,2.453,2.459,2.451,2.451,34
1779707340,2.45,2.459,2.45,2.459,34
1779707400,2.46,2.466,2.46,2.462,46
1779707460,2.461,2.461,2.457,2.461,29
1779707520,2.462,2.463,2.46,2.463,14
1779707580,2.464,2.464,2.454,2.456,36
1779707640,2.457,2.463,2.454,2.463,22
1779707700,2.464,2.468,2.463,2.463,40
1779707760,2.462,2.464,2.458,2.462,32
1779707820,2.461,2.462,2.455,2.456,38
1779707880,2.455,2.458,2.445,2.445,73
1779707940,2.446,2.449,2.445,2.448,20
1779708000,2.449,2.451,2.449,2.449,14
1779708060,2.448,2.451,2.447,2.449,18
1779708120,2.448,2.45,2.444,2.447,31
1779708180,2.448,2.452,2.448,2.452,22
1779708240,2.453,2.457,2.452,2.457,38
1779708300,2.456,2.462,2.456,2.462,28
1779708360,2.461,2.462,2.459,2.459,14
1779708420,2.457,2.457,2.451,2.453,28
1779708480,2.452,2.453,2.451,2.452,18
1779708540,2.451,2.46,2.451,2.458,33
1779708600,2.455,2.457,2.451,2.451,42
1779708660,2.452,2.452,2.442,2.446,34
1779708720,2.447,2.449,2.442,2.443,32
1779708780,2.442,2.442,2.435,2.437,38
1779708840,2.436,2.443,2.435,2.443,30
1779708900,2.444,2.444,2.43,2.43,48
1779708960,2.431,2.44,2.431,2.439,25
1779709020,2.438,2.438,2.429,2.429,34
1779709080,2.43,2.43,2.428,2.429,30
1779709140,2.43,2.435,2.43,2.435,14
1779709200,2.433,2.434,2.426,2.427,38
1779709260,2.428,2.43,2.428,2.429,16
1779709320,2.43,2.43,2.425,2.427,27
1779709380,2.426,2.431,2.426,2.426,26
1779709440,2.427,2.429,2.426,2.428,22
1779709500,2.429,2.431,2.429,2.43,14
1779709560,2.429,2.434,2.429,2.432,22
1779709620,2.431,2.431,2.426,2.426,20
1779709680,2.425,2.434,2.424,2.434,20
1779709740,2.433,2.436,2.433,2.433,24
1779709800,2.432,2.434,2.431,2.434,20
1779709860,2.433,2.433,2.424,2.426,36
1779709920,2.425,2.426,2.418,2.42,48
1779709980,2.421,2.425,2.421,2.422,28
1779710040,2.423,2.43,2.423,2.427,30
1779710100,2.426,2.43,2.426,2.428,33
1779710160,2.429,2.432,2.428,2.43,24
1779710220,2.431,2.436,2.431,2.435,30
1779710280,2.436,2.437,2.432,2.436,38
1779710340,2.435,2.437,2.434,2.434,28
1779710400,2.435,2.438,2.429,2.433,36
1779710460,2.434,2.438,2.423,2.434,58
1779710520,2.435,2.438,2.435,2.437,10
1779710580,2.436,2.439,2.434,2.437,40
1779710640,2.438,2.445,2.438,2.443,40
1779710700,2.442,2.454,2.442,2.453,36
1779710760,2.452,2.456,2.451,2.451,34
1779710820,2.45,2.465,2.449,2.463,44
1779710880,2.464,2.471,2.464,2.469,26
1779710940,2.47,2.479,2.47,2.479,38
1779711000,2.478,2.479,2.473,2.474,34
1779711060,2.475,2.48,2.475,2.479,43
1779711120,2.478,2.486,2.477,2.483,48
1779711180,2.484,2.49,2.482,2.483,54
1779711240,2.484,2.501,2.483,2.497,86
1779711300,2.498,2.539,2.497,2.531,125
1779711360,2.532,2.552,2.53,2.549,151
1779711420,2.548,2.569,2.545,2.553,130
1779711480,2.552,2.557,2.527,2.537,119
1779711540,2.54,2.545,2.533,2.544,93
1779711600,2.543,2.544,2.538,2.542,66
1779711660,2.541,2.549,2.537,2.546,84
1779711720,2.548,2.549,2.517,2.519,110
1779711780,2.52,2.522,2.506,2.515,88
1779711840,2.512,2.518,2.511,2.515,71
1779711900,2.515,2.528,2.515,2.523,46
1779711960,2.522,2.524,2.516,2.521,55
1779712020,2.52,2.524,2.519,2.524,46
1779712080,2.526,2.528,2.52,2.524,50
1779712140,2.525,2.531,2.522,2.531,67
1779712200,2.533,2.535,2.52,2.524,72
1779712260,2.523,2.524,2.515,2.522,48
1779712320,2.523,2.524,2.509,2.517,69
1779712380,2.518,2.52,2.512,2.519,62
1779712440,2.521,2.526,2.519,2.526,40
1779712500,2.527,2.538,2.527,2.537,88
1779712560,2.538,2.545,2.537,2.545,74
1779712620,2.546,2.548,2.533,2.534,79
1779712680,2.533,2.541,2.531,2.535,64
1779712740,2.534,2.538,2.534,2.538,57
1779712800,2.537,2.542,2.535,2.536,48
1779712860,2.534,2.535,2.52,2.524,73
1779712920,2.525,2.529,2.523,2.526,49
1779712980,2.524,2.539,2.522,2.539,36
1779713040,2.54,2.541,2.532,2.535,51
1779713100,2.534,2.54,2.532,2.538,52
1779713160,2.54,2.54,2.522,2.522,54
1779713220,2.521,2.524,2.518,2.521,68
1779713280,2.522,2.525,2.516,2.525,60
1779713340,2.524,2.526,2.52,2.524,51
1779713400,2.527,2.527,2.516,2.517,65
1779713460,2.516,2.517,2.508,2.513,69
1779713520,2.514,2.515,2.5,2.503,80
1779713580,2.502,2.508,2.502,2.506,28
1779713640,2.507,2.512,2.506,2.508,36
1779713700,2.509,2.512,2.505,2.508,52
1779713760,2.507,2.507,2.497,2.507,40
1779713820,2.506,2.506,2.495,2.495,52
1779713880,2.5,2.503,2.497,2.501,67
1779713940,2.501,2.504,2.474,2.475,89
1779714000,2.473,2.491,2.473,2.487,69
1779714060,2.486,2.493,2.485,2.489,70
1779714120,2.49,2.499,2.49,2.499,40
1779714180,2.498,2.503,2.496,2.503,64
1779714240,2.504,2.511,2.502,2.51,55
1779714300,2.509,2.51,2.504,2.507,57
1779714360,2.509,2.525,2.508,2.524,54
1779714420,2.525,2.529,2.522,2.522,60
1779714480,2.521,2.524,2.517,2.522,56
1779714540,2.523,2.524,2.512,2.516,53
1779714600,2.518,2.518,2.503,2.505,48
1779714660,2.504,2.505,2.494,2.494,43
1779714720,2.492,2.501,2.488,2.501,56
1779714780,2.502,2.509,2.5,2.509,38
1779714840,2.507,2.515,2.507,2.515,28
1779714900,2.516,2.516,2.505,2.507,50
1779714960,2.509,2.51,2.495,2.495,44
1779715020,2.496,2.504,2.496,2.503,42
1779715080,2.504,2.504,2.501,2.502,28
1779715140,2.501,2.501,2.495,2.497,44
1779715200,2.498,2.498,2.491,2.497,35
1779715260,2.498,2.508,2.498,2.507,30
1779715320,2.508,2.511,2.507,2.511,52
1779715380,2.51,2.511,2.506,2.511,28
1779715440,2.51,2.514,2.51,2.513,22
1779715500,2.512,2.515,2.51,2.515,30
1779715560,2.516,2.521,2.508,2.509,54
1779715620,2.508,2.51,2.497,2.51,58
1779715680,2.511,2.525,2.511,2.514,70
1779715740,2.512,2.518,2.511,2.516,38
1779715800,2.515,2.524,2.513,2.524,58
1779715860,2.525,2.538,2.525,2.534,70
1779715920,2.533,2.538,2.531,2.536,42
1779715980,2.535,2.538,2.53,2.531,54
1779716040,2.53,2.531,2.512,2.517,73
1779716100,2.506,2.513,2.503,2.507,80
1779716160,2.505,2.512,2.505,2.511,43
1779716220,2.512,2.519,2.507,2.519,52
1779716280,2.518,2.527,2.516,2.525,50
1779716340,2.524,2.53,2.524,2.529,34
1779716400,2.531,2.547,2.528,2.547,53
1779716460,2.55,2.562,2.55,2.559,104
1779716520,2.56,2.571,2.56,2.569,85
1779716580,2.57,2.57,2.563,2.564,54
1779716640,2.565,2.578,2.565,2.574,70
1779716700,2.575,2.578,2.565,2.57,80
1779716760,2.571,2.575,2.566,2.571,74
1779716820,2.572,2.589,2.57,2.588,84
1779716880,2.587,2.589,2.582,2.584,89
1779716940,2.583,2.596,2.583,2.594,74
1779717000,2.593,2.593,2.575,2.58,93
1779717060,2.582,2.587,2.58,2.586,56
1779717120,2.587,2.602,2.586,2.59,100
1779717180,2.591,2.602,2.59,2.601,99
1779717240,2.6,2.619,2.6,2.619,108
1779717300,2.618,2.62,2.616,2.618,67
1779717360,2.619,2.623,2.614,2.616,87
1779717420,2.615,2.624,2.608,2.617,75
1779717480,2.616,2.616,2.608,2.61,64
1779717540,2.613,2.618,2.604,2.609,65
1779717600,2.61,2.624,2.61,2.616,82
1779717660,2.617,2.627,2.612,2.621,98
1779717720,2.622,2.634,2.619,2.625,112
1779717780,2.624,2.633,2.615,2.62,93
1779717840,2.619,2.622,2.613,2.618,77
1779717900,2.617,2.627,2.616,2.623,68
1779717960,2.624,2.629,2.616,2.624,90
1779718020,2.623,2.639,2.622,2.639,99
1779718080,2.634,2.641,2.623,2.623,104
1779718140,2.625,2.638,2.618,2.638,97
1779718200,2.637,2.664,2.632,2.659,143
1779718260,2.66,2.66,2.645,2.653,116
1779718320,2.654,2.657,2.647,2.651,117
1779718380,2.649,2.649,2.636,2.642,83
1779718440,2.644,2.649,2.639,2.649,62
1779718500,2.649,2.652,2.644,2.644,87
1779718560,2.646,2.661,2.646,2.657,82
1779718620,2.659,2.669,2.653,2.662,90
1779718680,2.66,2.663,2.647,2.65,83
1779718740,2.651,2.659,2.648,2.658,92
1779718800,2.661,2.669,2.66,2.666,78
1779718860,2.669,2.675,2.664,2.668,86
1779718920,2.667,2.673,2.663,2.665,70
1779718980,2.664,2.664,2.655,2.657,77
1779719040,2.658,2.662,2.648,2.662,107
1779719100,2.663,2.663,2.636,2.641,143
1779719160,2.64,2.651,2.635,2.65,113
1779719220,2.652,2.653,2.643,2.653,92
1779719280,2.654,2.662,2.647,2.651,117
1779719340,2.652,2.662,2.652,2.66,68
1779719400,2.663,2.674,2.648,2.654,123
1779719460,2.656,2.67,2.656,2.666,108
1779719520,2.667,2.669,2.663,2.663,88
1779719580,2.666,2.676,2.649,2.649,82
1779719640,2.65,2.661,2.65,2.654,97
1779719700,2.655,2.663,2.654,2.662,79
1779719760,2.663,2.664,2.653,2.658,84
1779719820,2.659,2.659,2.647,2.651,79
1779719880,2.653,2.658,2.648,2.653,54
1779719940,2.654,2.654,2.64,2.642,88
1779720000,2.643,2.653,2.639,2.648,68
1779720060,2.649,2.65,2.642,2.643,43
1779720120,2.644,2.65,2.643,2.647,49
1779720180,2.648,2.65,2.638,2.64,81
1779720240,2.641,2.648,2.64,2.645,50
1779720300,2.646,2.667,2.644,2.666,110
1779720360,2.665,2.674,2.661,2.674,89
1779720420,2.673,2.674,2.665,2.671,88
1779720480,2.67,2.679,2.67,2.671,87
1779720540,2.669,2.679,2.668,2.671,84
1779720600,2.672,2.676,2.665,2.671,60
1779720660,2.67,2.672,2.665,2.668,53
1779720720,2.669,2.673,2.665,2.673,24
1779720780,2.675,2.675,2.67,2.675,40
1779720840,2.674,2.678,2.661,2.669,82
1779720900,2.667,2.671,2.66,2.661,50
1779720960,2.66,2.67,2.658,2.67,46
1779721020,2.672,2.672,2.657,2.669,64
1779721080,2.668,2.669,2.664,2.664,30
1779721140,2.665,2.67,2.662,2.668,43
1779721200,2.667,2.676,2.662,2.673,54
1779721260,2.674,2.678,2.668,2.673,74
1779721320,2.672,2.672,2.658,2.664,63
1779721380,2.663,2.667,2.66,2.665,44
1779721440,2.664,2.668,2.659,2.662,65
1779721500,2.663,2.667,2.655,2.658,62
1779721560,2.659,2.663,2.655,2.656,51
1779721620,2.655,2.655,2.648,2.653,68
1779721680,2.652,2.654,2.645,2.648,54
1779721740,2.647,2.65,2.644,2.645,44
1779721800,2.644,2.652,2.639,2.648,78
1779721860,2.649,2.655,2.641,2.641,76
1779721920,2.642,2.643,2.637,2.642,60
1779721980,2.643,2.644,2.633,2.639,62
1779722040,2.64,2.645,2.637,2.64,46
1779722100,2.642,2.644,2.63,2.641,72
1779722160,2.642,2.649,2.64,2.647,48
1779722220,2.646,2.651,2.642,2.644,52
1779722280,2.647,2.648,2.634,2.635,58
1779731520,2.728,2.728,2.728,2.728,2
1779731580,2.721,2.722,2.712,2.712,57
1779731640,2.713,2.713,2.705,2.707,58
1779731700,2.708,2.709,2.701,2.705,50
1779731760,2.704,2.709,2.702,2.704,62
1779731820,2.703,2.727,2.703,2.72,64
1779731880,2.721,2.731,2.721,2.73,52
1779731940,2.731,2.731,2.724,2.728,36
1779732000,2.729,2.736,2.722,2.722,58
1779732060,2.721,2.731,2.719,2.73,44
1779732120,2.729,2.734,2.726,2.734,38
1779732180,2.735,2.739,2.73,2.736,37
1779732240,2.735,2.736,2.73,2.736,22
1779732300,2.735,2.738,2.733,2.733,36
1779732360,2.735,2.75,2.734,2.745,52
1779732420,2.744,2.751,2.742,2.747,72
1779733260,2.742,2.749,2.741,2.742,45
1779733320,2.741,2.741,2.731,2.733,44
1779733380,2.732,2.733,2.715,2.715,69
1779733440,2.716,2.719,2.711,2.714,82
1779733500,2.715,2.728,2.714,2.726,40
1779733560,2.727,2.727,2.721,2.725,39
1779733620,2.726,2.727,2.723,2.725,20
1779733680,2.724,2.731,2.724,2.731,34
1779733740,2.73,2.73,2.726,2.727,16
1779733800,2.726,2.728,2.721,2.726,39
1779733860,2.727,2.739,2.727,2.738,40
1779733920,2.736,2.736,2.727,2.728,40
1779733980,2.729,2.731,2.719,2.72,49
1779734040,2.718,2.724,2.714,2.717,58
1779734100,2.719,2.719,2.706,2.709,52
1779734160,2.708,2.711,2.705,2.708,32
1779734220,2.712,2.713,2.71,2.71,16
1779734280,2.709,2.71,2.705,2.707,33
1779734340,2.706,2.708,2.701,2.704,48
1779734400,2.705,2.706,2.697,2.705,74
1779734460,2.706,2.715,2.703,2.713,58
1779734520,2.714,2.721,2.714,2.718,30
1779734580,2.72,2.724,2.72,2.722,24
1779734640,2.721,2.727,2.721,2.723,60
1779734700,2.725,2.726,2.718,2.721,46
1779734760,2.722,2.728,2.722,2.724,37
1779734820,2.722,2.726,2.721,2.726,39
1779734880,2.724,2.725,2.715,2.717,29
1779734940,2.715,2.718,2.715,2.716,30
1779735000,2.714,2.716,2.714,2.714,10
1779735060,2.713,2.719,2.71,2.718,40
1779735120,2.715,2.715,2.708,2.709,24
1779735180,2.708,2.721,2.708,2.72,44
1779735240,2.719,2.722,2.719,2.719,20
1779735300,2.718,2.719,2.715,2.715,18
1779735360,2.712,2.717,2.711,2.714,26
1779735420,2.715,2.718,2.71,2.711,34
1779735480,2.712,2.715,2.708,2.71,24
1779735540,2.711,2.718,2.711,2.713,48
1779735600,2.711,2.716,2.71,2.716,21
1779735660,2.717,2.717,2.705,2.706,50
1779735720,2.704,2.718,2.701,2.716,77
1779735780,2.717,2.719,2.708,2.709,47
1779735840,2.707,2.71,2.704,2.707,44
1779735900,2.704,2.714,2.701,2.714,42
1779735960,2.714,2.716,2.711,2.712,24
1779736020,2.713,2.713,2.711,2.713,10
1779736080,2.712,2.713,2.706,2.707,36
1779736140,2.706,2.713,2.703,2.712,37
1779736200,2.714,2.716,2.707,2.708,52
1779736260,2.709,2.711,2.709,2.711,12
1779736320,2.71,2.723,2.708,2.723,48
1779736380,2.722,2.729,2.722,2.728,53
1779736440,2.727,2.73,2.725,2.729,56
1779736500,2.731,2.731,2.72,2.726,62
1779736560,2.727,2.735,2.726,2.733,52
1779736620,2.734,2.738,2.732,2.737,44
1779736680,2.736,2.741,2.73,2.73,40
1779736740,2.731,2.734,2.728,2.729,38
1779736800,2.73,2.732,2.728,2.731,24
1779736860,2.732,2.737,2.732,2.735,18
1779736920,2.736,2.746,2.733,2.745,40
1779736980,2.745,2.75,2.744,2.75,36
1779737040,2.752,2.752,2.743,2.751,48
1779737100,2.752,2.754,2.747,2.754,34
1779737160,2.753,2.754,2.749,2.752,30
1779737220,2.753,2.754,2.748,2.752,36
1779737280,2.751,2.76,2.751,2.759,48
1779737340,2.758,2.763,2.756,2.759,38
1779737400,2.76,2.766,2.759,2.762,62
1779737460,2.763,2.766,2.761,2.761,42
1779737520,2.762,2.763,2.747,2.749,70
1779737580,2.75,2.75,2.735,2.736,72
1779737640,2.737,2.743,2.73,2.73,72
1779737700,2.731,2.731,2.71,2.717,77
1779737760,2.719,2.723,2.718,2.722,47
1779737820,2.723,2.723,2.713,2.715,64
1779737880,2.716,2.718,2.713,2.717,33
1779737940,2.716,2.717,2.712,2.712,30
1779738000,2.713,2.717,2.705,2.709,47
1779738060,2.708,2.718,2.708,2.717,47
1779738120,2.716,2.718,2.714,2.714,20
1779738180,2.715,2.729,2.715,2.726,42
1779738240,2.725,2.73,2.724,2.729,46
1779738300,2.729,2.739,2.728,2.73,50
1779738360,2.729,2.732,2.727,2.731,50
1779738420,2.732,2.733,2.726,2.726,34
1779738480,2.728,2.731,2.725,2.729,46
1779738540,2.728,2.728,2.722,2.722,20
1779738600,2.723,2.728,2.723,2.726,32
1779738660,2.725,2.755,2.723,2.753,86
1779738720,2.754,2.754,2.744,2.745,44
1779738780,2.746,2.751,2.745,2.746,43
1779738840,2.747,2.75,2.746,2.746,33
1779738900,2.747,2.75,2.739,2.75,22
1779738960,2.752,2.754,2.748,2.749,24
1779739020,2.75,2.751,2.744,2.744,28
1779739080,2.745,2.747,2.741,2.742,27
1779739140,2.743,2.752,2.741,2.748,27
1779739200,2.749,2.761,2.748,2.755,58
1779739260,2.756,2.761,2.751,2.751,48
1779739320,2.75,2.754,2.747,2.754,28
1779739380,2.751,2.755,2.75,2.75,18
1779739440,2.75,2.752,2.747,2.749,32
1779739500,2.749,2.752,2.746,2.752,44
1779739560,2.753,2.757,2.752,2.757,26
1779739620,2.759,2.779,2.757,2.776,97
1779739680,2.775,2.776,2.765,2.766,50
1779739740,2.767,2.769,2.765,2.766,32
1779739800,2.767,2.772,2.764,2.771,40
1779739860,2.772,2.774,2.769,2.769,40
1779739920,2.77,2.775,2.766,2.766,50
1779739980,2.766,2.768,2.762,2.762,38
1779740040,2.761,2.764,2.756,2.756,42
1779740100,2.757,2.768,2.757,2.763,30
1779740160,2.763,2.764,2.755,2.757,48
1779740220,2.756,2.762,2.752,2.759,52
1779740280,2.76,2.762,2.752,2.76,46
1779740340,2.762,2.763,2.759,2.76,18
1779740400,2.761,2.767,2.76,2.764,37
1779740460,2.765,2.765,2.76,2.762,20
1779740520,2.76,2.765,2.758,2.765,28
1779740580,2.766,2.767,2.756,2.756,40
1779740640,2.756,2.758,2.747,2.749,56
1779740700,2.751,2.753,2.747,2.747,26
1779740760,2.748,2.748,2.741,2.743,54
1779740820,2.744,2.751,2.744,2.75,36
1779740880,2.75,2.75,2.748,2.749,14
1779740940,2.75,2.753,2.741,2.743,36
1779741000,2.744,2.747,2.736,2.74,50
1779741060,2.739,2.743,2.736,2.742,32
1779741120,2.743,2.749,2.742,2.746,36
1779741180,2.749,2.75,2.745,2.746,31
1779741240,2.745,2.746,2.735,2.737,32
1779741300,2.736,2.737,2.721,2.722,78
1779741360,2.721,2.724,2.72,2.721,48
1779741420,2.722,2.73,2.721,2.73,26
1779741480,2.731,2.735,2.731,2.732,26
1779741540,2.73,2.73,2.724,2.73,44
1779741600,2.731,2.731,2.722,2.725,30
1779741660,2.724,2.727,2.72,2.72,45
1779741720,2.719,2.719,2.71,2.718,72
1779741780,2.717,2.719,2.713,2.719,32
1779741840,2.718,2.726,2.718,2.726,44
1779741900,2.727,2.727,2.713,2.716,42
1779741960,2.717,2.73,2.717,2.729,48
1779742020,2.73,2.733,2.728,2.729,51
1779742080,2.73,2.736,2.728,2.734,40
1779742140,2.735,2.735,2.728,2.732,35
1779742200,2.733,2.74,2.732,2.733,36
1779742260,2.734,2.738,2.73,2.733,36
1779742320,2.734,2.736,2.732,2.736,22
1779742380,2.735,2.74,2.733,2.739,26
1779742440,2.738,2.748,2.738,2.746,45
1779742500,2.745,2.759,2.745,2.759,50
1779742560,2.758,2.76,2.748,2.757,56
1779742620,2.756,2.757,2.745,2.745,50
1779743100,2.769,2.77,2.765,2.769,34
1779743160,2.768,2.778,2.766,2.777,58
1779743220,2.776,2.778,2.769,2.77,42
1779743280,2.769,2.773,2.768,2.768,39
1779743340,2.769,2.775,2.768,2.775,38
1779743400,2.776,2.776,2.762,2.762,56
1779743460,2.763,2.769,2.763,2.768,35
1779743520,2.769,2.77,2.767,2.768,34
1779743580,2.767,2.775,2.763,2.764,46
1779743640,2.765,2.768,2.76,2.764,40
1779743700,2.765,2.771,2.764,2.764,31
1779743760,2.763,2.764,2.757,2.757,32
1779743820,2.754,2.757,2.752,2.755,40
1779743880,2.75,2.751,2.745,2.748,51
1779743940,2.747,2.75,2.746,2.75,30
1779744000,2.751,2.753,2.747,2.748,21
1779744060,2.749,2.752,2.749,2.751,12
1779744120,2.75,2.755,2.749,2.753,37
1779744180,2.752,2.752,2.747,2.748,24
1779744240,2.747,2.752,2.747,2.75,28
1779744300,2.749,2.755,2.749,2.755,24
1779744360,2.756,2.756,2.747,2.748,24
1779744420,2.749,2.751,2.749,2.75,8
1779744480,2.751,2.755,2.751,2.752,22
1779744540,2.753,2.763,2.753,2.757,30
1779744600,2.756,2.76,2.756,2.76,24
1779744660,2.761,2.761,2.758,2.76,9
1779744720,2.761,2.761,2.753,2.754,20
1779744780,2.753,2.759,2.75,2.759,24
1779744840,2.76,2.765,2.76,2.763,38
1779744900,2.765,2.777,2.763,2.769,71
1779744960,2.768,2.768,2.752,2.754,33
1779745020,2.755,2.761,2.751,2.758,45
1779745080,2.756,2.756,2.75,2.751,34
1779745140,2.753,2.756,2.746,2.755,36
1779745200,2.755,2.755,2.75,2.752,30
1779745260,2.751,2.751,2.748,2.751,14
1779745320,2.752,2.753,2.75,2.753,12
1779745380,2.751,2.751,2.746,2.746,12
1779745440,2.745,2.747,2.743,2.744,58
1779745500,2.745,2.747,2.742,2.743,19
1779745560,2.744,2.751,2.744,2.746,26
1779745620,2.745,2.746,2.742,2.745,37
1779745680,2.746,2.75,2.746,2.748,17
1779745740,2.75,2.758,2.749,2.757,34
1779745800,2.758,2.767,2.756,2.766,46
1779745860,2.767,2.773,2.762,2.763,53
1779745920,2.764,2.77,2.763,2.768,32
1779745980,2.769,2.772,2.768,2.769,31
1779746040,2.769,2.769,2.766,2.766,24
1779746100,2.767,2.769,2.762,2.762,19
1779746160,2.761,2.772,2.759,2.771,48
1779746220,2.77,2.776,2.77,2.773,37
1779746280,2.772,2.782,2.771,2.774,28
1779746340,2.773,2.781,2.772,2.78,54
1779746400,2.781,2.787,2.776,2.778,70
1779746460,2.777,2.787,2.772,2.783,72
1779746520,2.782,2.782,2.77,2.771,50
1779746580,2.769,2.772,2.764,2.771,42
1779746640,2.77,2.77,2.76,2.761,42
1779746700,2.762,2.768,2.762,2.768,38
1779746760,2.767,2.767,2.764,2.765,21
1779746820,2.764,2.764,2.758,2.761,32
1779746880,2.762,2.762,2.756,2.756,18
1779746940,2.757,2.759,2.753,2.754,30
1779747000,2.752,2.761,2.752,2.758,34
1779747060,2.759,2.761,2.755,2.761,30
1779747120,2.762,2.771,2.762,2.77,44
1779747180,2.769,2.77,2.76,2.763,42
1779747240,2.761,2.764,2.757,2.764,36
1779747300,2.763,2.766,2.76,2.762,30
1779747360,2.763,2.763,2.76,2.763,34
1779747420,2.762,2.77,2.762,2.77,18
1779747480,2.769,2.773,2.767,2.773,52
1779747540,2.772,2.772,2.758,2.759,61
1779747600,2.758,2.762,2.756,2.757,54
1779747660,2.756,2.763,2.756,2.763,23
1779747720,2.762,2.769,2.762,2.766,32
1779747780,2.765,2.765,2.761,2.764,28
1779747840,2.763,2.763,2.757,2.761,22
1779747900,2.76,2.767,2.76,2.763,24
1779747960,2.763,2.763,2.756,2.756,30
1779748020,2.755,2.756,2.753,2.753,40
1779748080,2.754,2.754,2.745,2.745,38
1779748140,2.744,2.75,2.744,2.748,24
1779748200,2.746,2.746,2.73,2.736,82
1779748260,2.737,2.749,2.737,2.741,69
1779748320,2.737,2.737,2.729,2.734,52
1779748380,2.735,2.737,2.729,2.73,50
1779748440,2.731,2.736,2.728,2.735,64
1779748500,2.735,2.736,2.72,2.729,79
1779748560,2.73,2.735,2.728,2.735,42
1779748620,2.734,2.735,2.73,2.731,28
1779748680,2.732,2.743,2.73,2.743,30
1779748740,2.742,2.743,2.738,2.738,26
1779748800,2.737,2.742,2.735,2.741,38
1779748860,2.74,2.745,2.738,2.74,45
1779748920,2.739,2.739,2.735,2.737,24
1779748980,2.735,2.736,2.732,2.736,28
1779749040,2.735,2.736,2.732,2.733,28
1779749100,2.734,2.738,2.733,2.736,32
1779749160,2.735,2.739,2.734,2.735,30
1779749220,2.736,2.746,2.736,2.746,40
1779749280,2.747,2.749,2.746,2.749,52
1779749340,2.752,2.762,2.751,2.762,52
1779749400,2.761,2.761,2.755,2.758,32
1779749460,2.759,2.76,2.755,2.759,42
1779749520,2.758,2.759,2.751,2.756,40
1779749580,2.755,2.759,2.755,2.759,12
1779749640,2.76,2.768,2.758,2.767,50
1779749700,2.768,2.768,2.763,2.763,35
1779749760,2.765,2.776,2.764,2.769,51
1779749820,2.767,2.772,2.766,2.766,28
1779749880,2.767,2.767,2.761,2.761,48
1779749940,2.76,2.764,2.756,2.758,46
1779750000,2.757,2.766,2.753,2.764,59
1779750060,2.763,2.771,2.762,2.769,52
1779750120,2.768,2.771,2.762,2.769,35
1779750180,2.769,2.773,2.763,2.773,53
1779750240,2.772,2.774,2.769,2.771,44
1779750300,2.77,2.773,2.769,2.772,48
1779750360,2.771,2.778,2.771,2.778,41
1779750420,2.777,2.778,2.773,2.773,40
1779750480,2.772,2.774,2.769,2.772,57
1779750540,2.771,2.773,2.768,2.769,34
1779750600,2.77,2.775,2.766,2.775,58
1779750660,2.774,2.775,2.769,2.771,40
1779750720,2.772,2.772,2.769,2.769,28
1779750780,2.768,2.772,2.768,2.77,28
1779750840,2.771,2.784,2.771,2.783,56
1779750900,2.782,2.798,2.78,2.793,81
1779750960,2.792,2.792,2.774,2.774,65
1779751020,2.773,2.773,2.767,2.772,40
1779751080,2.771,2.772,2.767,2.768,47
1779751140,2.769,2.771,2.768,2.769,34
1779751200,2.768,2.769,2.766,2.767,26
1779751260,2.768,2.771,2.767,2.771,34
1779751320,2.773,2.773,2.766,2.767,32
1779751380,2.768,2.77,2.764,2.766,35
1779751440,2.767,2.767,2.76,2.762,26
1779751500,2.763,2.768,2.763,2.766,44
1779751560,2.765,2.765,2.76,2.76,32
1779751620,2.759,2.76,2.756,2.759,46
1779751680,2.758,2.764,2.758,2.764,40
1779751740,2.763,2.769,2.761,2.769,30
1779751800,2.767,2.768,2.764,2.767,32
1779751860,2.766,2.767,2.764,2.765,32
1779751920,2.764,2.776,2.764,2.771,40
1779751980,2.77,2.77,2.764,2.764,28
1779752040,2.763,2.764,2.76,2.761,21
1779752100,2.759,2.76,2.75,2.753,26
1779752160,2.754,2.755,2.75,2.753,48
1779752220,2.752,2.754,2.748,2.75,40
1779752280,2.749,2.756,2.748,2.756,16
1779752340,2.755,2.757,2.755,2.755,10
1779752400,2.757,2.757,2.75,2.751,18
1779752460,2.75,2.751,2.746,2.75,20
1779752520,2.751,2.752,2.75,2.751,32
1779752580,2.752,2.752,2.747,2.747,10
1779752640,2.748,2.749,2.744,2.744,30
1779752700,2.746,2.746,2.741,2.743,22
1779752760,2.744,2.748,2.742,2.748,28
1779752820,2.749,2.753,2.749,2.751,27
1779752880,2.749,2.753,2.747,2.751,32
1779752940,2.752,2.76,2.751,2.757,38
1779753000,2.758,2.76,2.756,2.76,30
1779753060,2.759,2.772,2.757,2.771,64
1779753120,2.772,2.773,2.769,2.772,38
1779753180,2.773,2.78,2.772,2.779,38
1779753240,2.778,2.78,2.774,2.775,59
1779753300,2.776,2.778,2.775,2.775,20
1779753360,2.774,2.775,2.769,2.771,34
1779753420,2.77,2.774,2.768,2.77,42
1779753480,2.769,2.769,2.764,2.764,32
1779753540,2.763,2.765,2.761,2.763,43
1779753600,2.762,2.766,2.75,2.752,74
1779753660,2.75,2.751,2.739,2.743,77
1779753720,2.741,2.755,2.739,2.754,60
1779753780,2.753,2.76,2.752,2.758,66
1779753840,2.756,2.76,2.741,2.741,62
1779753900,2.74,2.745,2.74,2.744,44
1779753960,2.743,2.744,2.737,2.743,74
1779754020,2.742,2.75,2.741,2.747,46
1779754080,2.746,2.747,2.742,2.742,34
1779754140,2.741,2.747,2.74,2.745,47
1779754200,2.746,2.748,2.742,2.743,22
1779754260,2.742,2.745,2.741,2.742,26
1779754320,2.741,2.751,2.737,2.751,46
1779754380,2.75,2.752,2.746,2.75,38
1779754440,2.751,2.751,2.747,2.748,22
1779754500,2.747,2.751,2.746,2.75,30
1779754560,2.748,2.748,2.745,2.745,22
1779754620,2.744,2.749,2.744,2.746,40
1779754680,2.745,2.745,2.739,2.739,26
1779754740,2.742,2.749,2.742,2.748,26
1779754800,2.749,2.749,2.742,2.746,44
1779754860,2.745,2.754,2.745,2.752,40
1779754920,2.749,2.749,2.742,2.743,38
1779754980,2.742,2.742,2.737,2.738,16
1779755040,2.739,2.743,2.736,2.742,30
1779755100,2.744,2.749,2.743,2.747,44
1779755160,2.748,2.75,2.747,2.748,30
1779755220,2.749,2.754,2.748,2.752,30
1779755280,2.754,2.757,2.751,2.754,42
1779755340,2.753,2.754,2.74,2.74,58
1779755400,2.739,2.75,2.736,2.748,44
1779755460,2.746,2.746,2.737,2.739,50
1779755520,2.74,2.742,2.735,2.74,46
1779755580,2.741,2.745,2.736,2.745,42
1779755640,2.748,2.765,2.744,2.764,66
1779755700,2.765,2.767,2.751,2.751,66
1779755760,2.752,2.759,2.752,2.759,36
1779755820,2.76,2.76,2.75,2.751,32
1779755880,2.752,2.753,2.731,2.731,62
1779755940,2.733,2.747,2.732,2.744,54
1779756000,2.745,2.745,2.729,2.733,54
1779756060,2.732,2.738,2.729,2.731,58
1779756120,2.73,2.73,2.723,2.724,80
1779756180,2.725,2.732,2.723,2.731,52
1779756240,2.73,2.73,2.725,2.726,42
1779756300,2.725,2.727,2.718,2.724,80
1779756360,2.723,2.725,2.72,2.72,36
1779756420,2.719,2.721,2.714,2.718,48
1779756480,2.719,2.719,2.709,2.711,56
1779756540,2.71,2.712,2.709,2.711,58
1779756600,2.709,2.71,2.706,2.706,61
1779756660,2.707,2.714,2.705,2.712,65
1779756720,2.713,2.722,2.713,2.721,70
1779756780,2.722,2.722,2.701,2.704,88
1779756840,2.705,2.707,2.7,2.705,61
1779756900,2.704,2.724,2.704,2.722,59
1779756960,2.721,2.721,2.713,2.715,39
1779757020,2.716,2.723,2.715,2.72,48
1779757080,2.719,2.724,2.716,2.722,40
1779757140,2.721,2.721,2.711,2.711,34
1779757200,2.71,2.714,2.707,2.713,64
1779757260,2.715,2.719,2.712,2.713,48
1779757320,2.712,2.721,2.709,2.718,59
1779757380,2.717,2.717,2.705,2.71,58
1779757440,2.711,2.713,2.687,2.688,88
1779757500,2.685,2.685,2.674,2.677,112
1779757560,2.678,2.692,2.678,2.689,54
1779757620,2.692,2.697,2.692,2.697,43
1779757680,2.698,2.71,2.695,2.709,54
1779757740,2.707,2.713,2.707,2.712,57
1779757800,2.71,2.71,2.698,2.704,55
1779757860,2.705,2.711,2.705,2.709,61
1779757920,2.708,2.708,2.704,2.707,38
1779757980,2.706,2.716,2.706,2.712,50
1779758040,2.714,2.717,2.711,2.711,54
1779758100,2.71,2.712,2.707,2.71,34
1779758160,2.709,2.709,2.698,2.701,38
1779758220,2.7,2.706,2.7,2.705,32
1779758280,2.704,2.711,2.701,2.711,34
1779758340,2.71,2.718,2.71,2.716,56
1779758400,2.717,2.717,2.712,2.712,36
1779758460,2.711,2.715,2.709,2.709,36
1779758520,2.708,2.708,2.699,2.706,34
1779758580,2.705,2.705,2.696,2.696,46
1779758640,2.696,2.697,2.69,2.692,43
1779758700,2.691,2.691,2.687,2.689,38
1779758760,2.688,2.697,2.688,2.689,30
1779758820,2.688,2.7,2.687,2.7,18
1779758880,2.701,2.706,2.7,2.706,20
1779758940,2.705,2.705,2.701,2.701,20
1779759000,2.7,2.7,2.691,2.694,36
1779759060,2.695,2.695,2.689,2.691,40
1779759120,2.69,2.69,2.682,2.682,51
1779759180,2.681,2.682,2.676,2.676,73
1779759240,2.676,2.677,2.668,2.671,90
1779759300,2.673,2.676,2.666,2.673,87
1779759360,2.674,2.676,2.672,2.675,70
1779759420,2.674,2.679,2.67,2.671,57
1779759480,2.672,2.673,2.665,2.666,40
1779759540,2.667,2.677,2.667,2.67,54
1779759600,2.671,2.671,2.664,2.665,60
1779759660,2.664,2.669,2.659,2.668,66
1779759720,2.667,2.667,2.663,2.664,36
1779759780,2.668,2.671,2.666,2.671,32
1779759840,2.67,2.671,2.663,2.664,42
1779759900,2.663,2.675,2.663,2.675,44
1779759960,2.676,2.678,2.668,2.673,47
1779760020,2.674,2.682,2.672,2.681,50
1779760080,2.68,2.689,2.678,2.68,54
1779760140,2.679,2.682,2.679,2.681,22
1779760200,2.679,2.682,2.679,2.682,12
1779760260,2.683,2.686,2.674,2.675,44
1779760320,2.676,2.68,2.676,2.679,20
1779760380,2.68,2.686,2.68,2.685,34
1779760440,2.686,2.692,2.686,2.687,42
1779760500,2.688,2.691,2.685,2.685,22
1779760560,2.684,2.689,2.682,2.688,36
1779760620,2.687,2.689,2.681,2.681,38
1779760680,2.682,2.687,2.679,2.679,24
1779760740,2.681,2.685,2.677,2.678,34
1779760800,2.679,2.682,2.671,2.672,56
1779760860,2.671,2.671,2.662,2.666,76
1779760920,2.667,2.673,2.667,2.672,68
1779760980,2.673,2.674,2.669,2.67,34
1779761040,2.669,2.669,2.659,2.66,34
1779761100,2.661,2.665,2.66,2.665,39
1779761160,2.666,2.671,2.665,2.668,50
1779761220,2.667,2.67,2.66,2.67,46
1779761280,2.671,2.674,2.67,2.67,34
1779761340,2.669,2.671,2.667,2.67,34
1779761400,2.669,2.679,2.668,2.678,62
1779761460,2.679,2.679,2.675,2.679,32
1779761520,2.68,2.682,2.68,2.68,30
1779761580,2.679,2.681,2.678,2.681,28
1779761640,2.68,2.685,2.678,2.685,40
1779761700,2.684,2.687,2.678,2.678,38
1779761760,2.677,2.686,2.675,2.684,42
1779761820,2.683,2.694,2.68,2.694,44
1779761880,2.695,2.699,2.691,2.698,51
1779761940,2.699,2.704,2.696,2.704,40
1779762000,2.703,2.707,2.702,2.705,49
1779762060,2.706,2.712,2.705,2.705,58
1779762120,2.704,2.704,2.695,2.695,54
1779762180,2.696,2.697,2.693,2.694,40
1779762240,2.693,2.697,2.693,2.695,27
1779762300,2.693,2.695,2.688,2.69,36
1779762360,2.689,2.698,2.688,2.695,49
1779762420,2.696,2.698,2.694,2.695,34
1779762480,2.694,2.697,2.694,2.694,18
1779762540,2.693,2.693,2.687,2.692,42
1779762600,2.693,2.693,2.685,2.688,50
1779762660,2.689,2.693,2.689,2.692,24
1779762720,2.693,2.701,2.693,2.7,24
1779762780,2.701,2.703,2.701,2.702,16
1779762840,2.703,2.703,2.7,2.702,30
1779762900,2.703,2.712,2.703,2.708,42
1779762960,2.709,2.709,2.702,2.705,32
1779763020,2.704,2.71,2.703,2.706,37
1779763080,2.705,2.706,2.699,2.704,44
1779763140,2.703,2.707,2.703,2.706,46
1779763200,2.705,2.707,2.704,2.706,31
1779763260,2.707,2.717,2.707,2.716,42
1779763320,2.715,2.732,2.713,2.728,89
1779763380,2.728,2.728,2.716,2.721,45
1779763440,2.72,2.723,2.719,2.72,30
1779763500,2.721,2.724,2.72,2.72,32
1779763560,2.721,2.727,2.721,2.724,60
1779763620,2.725,2.745,2.725,2.74,89
1779763680,2.738,2.743,2.736,2.739,55
1779763740,2.74,2.747,2.74,2.746,36
1779763800,2.743,2.754,2.741,2.753,63
1779763860,2.751,2.751,2.743,2.743,56
1779763920,2.744,2.747,2.744,2.744,36
1779763980,2.743,2.743,2.739,2.741,42
1779764040,2.74,2.74,2.737,2.737,16
1779764100,2.736,2.74,2.732,2.739,48
1779764160,2.738,2.738,2.735,2.738,32
1779764220,2.737,2.737,2.73,2.731,46
1779764280,2.733,2.733,2.726,2.728,42
1779764340,2.727,2.728,2.717,2.722,56
1779764400,2.723,2.724,2.72,2.723,31
1779764460,2.721,2.721,2.709,2.716,47
1779764520,2.715,2.718,2.712,2.714,42
1779764580,2.713,2.713,2.705,2.705,46
1779764640,2.706,2.706,2.696,2.701,43
1779764700,2.703,2.703,2.7,2.701,30
1779764760,2.7,2.701,2.692,2.693,64
1779764820,2.694,2.707,2.694,2.706,56
1779764880,2.705,2.707,2.704,2.704,24
1779764940,2.705,2.707,2.7,2.702,40
1779765000,2.701,2.71,2.701,2.707,44
1779765060,2.708,2.72,2.707,2.717,73
1779765120,2.719,2.72,2.715,2.715,37
1779765180,2.716,2.717,2.71,2.711,32
1779765240,2.71,2.71,2.703,2.707,40
1779765300,2.708,2.711,2.706,2.708,32
1779765360,2.71,2.718,2.71,2.714,39
1779765420,2.715,2.717,2.71,2.716,35
1779765480,2.717,2.717,2.712,2.716,22
1779765540,2.717,2.718,2.704,2.706,37
1779765600,2.705,2.714,2.705,2.714,47
1779765660,2.713,2.718,2.71,2.718,24
1779765720,2.719,2.723,2.718,2.718,47
1779765780,2.719,2.723,2.717,2.722,36
1779765840,2.721,2.722,2.718,2.719,27
1779765900,2.718,2.719,2.712,2.715,39
1779765960,2.714,2.716,2.71,2.71,24
1779766020,2.711,2.718,2.71,2.711,42
1779766080,2.71,2.724,2.709,2.72,46
1779766140,2.721,2.737,2.719,2.737,47
1779766200,2.739,2.741,2.727,2.729,63
1779766260,2.728,2.731,2.726,2.728,60
1779766320,2.729,2.732,2.727,2.729,63
1779766380,2.731,2.74,2.728,2.739,56
1779766440,2.738,2.748,2.737,2.74,55
1779766500,2.741,2.748,2.739,2.747,42
1779766560,2.746,2.748,2.741,2.746,43
1779766620,2.745,2.747,2.744,2.745,36
1779766680,2.744,2.744,2.74,2.742,22
1779766740,2.741,2.749,2.741,2.742,35
1779766800,2.74,2.743,2.739,2.741,18
1779766860,2.74,2.742,2.738,2.739,29
1779766920,2.738,2.742,2.737,2.738,33
1779766980,2.736,2.737,2.722,2.725,32
1779767040,2.726,2.728,2.721,2.728,42
1779767100,2.727,2.727,2.72,2.722,36
1779767160,2.723,2.726,2.719,2.722,42
1779767220,2.721,2.722,2.718,2.718,59
1779767280,2.717,2.727,2.717,2.726,32
1779767340,2.725,2.726,2.72,2.723,40
1779767400,2.722,2.727,2.722,2.725,32
1779767460,2.724,2.724,2.717,2.717,38
1779767520,2.715,2.721,2.714,2.721,29
1779767580,2.719,2.722,2.711,2.714,40
1779767640,2.713,2.717,2.71,2.717,42
1779767700,2.716,2.716,2.712,2.716,34
1779767760,2.715,2.719,2.714,2.715,30
1779767820,2.714,2.717,2.713,2.716,14
1779767880,2.715,2.717,2.713,2.713,31
1779767940,2.712,2.715,2.71,2.715,20
1779768000,2.716,2.721,2.715,2.72,46
1779768060,2.721,2.728,2.721,2.725,42
1779768120,2.723,2.724,2.717,2.72,46
1779768180,2.722,2.731,2.722,2.729,42
1779768240,2.728,2.733,2.725,2.733,42
1779768300,2.732,2.736,2.731,2.731,30
1779768360,2.732,2.733,2.725,2.727,34
1779768420,2.726,2.727,2.721,2.726,26
1779768480,2.727,2.728,2.723,2.725,34
1779768540,2.724,2.726,2.722,2.722,22
1779768600,2.723,2.727,2.723,2.725,26
1779768660,2.726,2.727,2.721,2.721,34
1779768720,2.72,2.728,2.718,2.727,23
1779768780,2.726,2.735,2.726,2.731,28
1779768840,2.732,2.734,2.729,2.734,24
1779768900,2.735,2.739,2.725,2.729,62
1779768960,2.73,2.732,2.724,2.724,30
1779769020,2.722,2.724,2.72,2.724,39
1779769080,2.723,2.733,2.723,2.732,46
1779769140,2.733,2.737,2.733,2.734,32
1779769200,2.733,2.733,2.73,2.731,12
1779769260,2.73,2.738,2.73,2.737,24
1779769320,2.74,2.756,2.739,2.754,39
1779769380,2.755,2.755,2.749,2.752,38
1779769440,2.754,2.769,2.754,2.767,71
1779769500,2.766,2.766,2.759,2.764,76
1779769560,2.765,2.773,2.763,2.763,46
1779769620,2.764,2.765,2.761,2.765,44
1779769680,2.766,2.77,2.763,2.766,38
1779769740,2.768,2.773,2.767,2.772,40
1779769800,2.771,2.777,2.77,2.774,87
1779769860,2.773,2.773,2.764,2.764,50
1779769920,2.762,2.769,2.762,2.764,44
1779769980,2.765,2.765,2.761,2.762,46
1779770040,2.763,2.77,2.763,2.768,34
1779770100,2.769,2.784,2.769,2.779,68
1779770160,2.778,2.792,2.774,2.792,83
1779770220,2.791,2.791,2.771,2.772,67
1779770280,2.771,2.782,2.769,2.776,80
1779770340,2.773,2.774,2.766,2.766,44
1779770400,2.767,2.77,2.764,2.768,36
1779770460,2.767,2.769,2.763,2.763,37
1779770520,2.764,2.771,2.761,2.77,48
1779770580,2.768,2.771,2.764,2.767,38
1779770640,2.766,2.766,2.76,2.762,22
1779770700,2.76,2.763,2.757,2.757,28
1779770760,2.758,2.762,2.757,2.76,52
1779770820,2.761,2.761,2.753,2.756,50
1779770880,2.757,2.76,2.756,2.759,36
1779770940,2.758,2.758,2.748,2.749,38
1779771000,2.748,2.75,2.741,2.748,58
1779771060,2.747,2.748,2.746,2.748,16
1779771120,2.749,2.752,2.747,2.748,38
1779771180,2.749,2.756,2.746,2.751,34
1779771240,2.756,2.766,2.756,2.763,46
1779771300,2.762,2.767,2.76,2.767,28
1779771360,2.766,2.776,2.766,2.775,60
1779771420,2.774,2.775,2.769,2.772,51
1779771480,2.771,2.777,2.77,2.776,34
1779771540,2.775,2.777,2.773,2.776,30
1779771600,2.775,2.775,2.766,2.766,38
1779771660,2.767,2.77,2.76,2.763,28
1779771720,2.761,2.771,2.754,2.77,48
1779771780,2.766,2.769,2.758,2.76,46
1779771840,2.761,2.761,2.754,2.755,38
1779771900,2.754,2.758,2.748,2.748,53
1779771960,2.747,2.751,2.743,2.75,36
1779772020,2.749,2.75,2.744,2.744,30
1779772080,2.745,2.756,2.745,2.756,38
1779772140,2.755,2.759,2.751,2.754,32
1779772200,2.753,2.759,2.751,2.753,46
1779772260,2.752,2.753,2.748,2.748,20
1779772320,2.749,2.75,2.745,2.75,30
1779772380,2.751,2.757,2.751,2.754,44
1779772440,2.753,2.753,2.747,2.75,36
1779772500,2.751,2.757,2.751,2.756,36
1779772560,2.757,2.757,2.753,2.755,38
1779772620,2.754,2.754,2.748,2.752,38
1779772680,2.753,2.753,2.745,2.745,32
1779772740,2.746,2.749,2.744,2.748,29
1779772800,2.747,2.755,2.741,2.743,71
1779772860,2.744,2.747,2.743,2.746,28
1779772920,2.747,2.748,2.736,2.74,36
1779772980,2.741,2.748,2.741,2.748,28
1779773040,2.747,2.76,2.747,2.76,39
1779773100,2.759,2.761,2.756,2.756,26
1779773160,2.755,2.757,2.753,2.753,18
1779773220,2.754,2.757,2.753,2.753,14
1779773280,2.754,2.755,2.749,2.754,34
1779773340,2.756,2.761,2.756,2.759,30
1779773400,2.76,2.774,2.757,2.772,62
1779773460,2.771,2.773,2.769,2.769,41
1779773520,2.768,2.772,2.765,2.765,28
1779773580,2.764,2.767,2.763,2.767,27
1779773640,2.768,2.772,2.767,2.771,23
1779773700,2.771,2.788,2.771,2.779,97
1779773760,2.778,2.78,2.771,2.776,60
1779773820,2.774,2.775,2.768,2.773,60
1779773880,2.774,2.774,2.767,2.767,42
1779773940,2.766,2.766,2.754,2.755,60
1779774000,2.754,2.754,2.741,2.742,44
1779774060,2.743,2.749,2.741,2.747,44
1779774120,2.746,2.75,2.745,2.749,28
1779774180,2.746,2.757,2.745,2.755,36
1779774240,2.757,2.762,2.752,2.752,26
1779774300,2.753,2.756,2.75,2.754,34
1779774360,2.753,2.758,2.752,2.752,32
1779774420,2.751,2.756,2.749,2.749,38
1779774480,2.752,2.753,2.748,2.748,46
1779774540,2.746,2.747,2.74,2.741,28
1779774600,2.744,2.747,2.743,2.745,18
1779774660,2.743,2.745,2.741,2.745,24
1779774720,2.744,2.745,2.742,2.743,24
1779774780,2.742,2.742,2.74,2.74,15
1779774840,2.741,2.747,2.737,2.747,31
1779774900,2.748,2.749,2.743,2.744,42
1779774960,2.745,2.749,2.741,2.744,46
1779775020,2.742,2.743,2.736,2.736,28
1779775080,2.735,2.739,2.732,2.737,38
1779775140,2.736,2.739,2.732,2.738,34
1779775200,2.737,2.737,2.727,2.728,54
1779775260,2.727,2.727,2.721,2.724,40
1779775320,2.723,2.723,2.709,2.71,79
1779775380,2.709,2.714,2.708,2.714,36
1779775440,2.713,2.72,2.712,2.72,38
1779775500,2.719,2.728,2.719,2.728,62
1779775560,2.727,2.73,2.724,2.725,38
1779775620,2.724,2.724,2.721,2.723,20
1779775680,2.724,2.725,2.722,2.725,30
1779775740,2.726,2.729,2.725,2.725,34
1779775800,2.724,2.726,2.712,2.715,44
1779775860,2.714,2.719,2.711,2.719,42
1779775920,2.718,2.722,2.717,2.721,28
1779775980,2.72,2.728,2.72,2.728,28
1779776040,2.729,2.735,2.728,2.734,46
1779776100,2.735,2.752,2.735,2.751,60
1779776160,2.752,2.753,2.743,2.744,34
1779776220,2.743,2.761,2.743,2.761,54
1779776280,2.76,2.76,2.751,2.753,48
1779776340,2.751,2.751,2.745,2.748,32
1779776400,2.747,2.747,2.735,2.736,46
1779776460,2.737,2.741,2.733,2.733,50
1779776520,2.73,2.73,2.723,2.726,36
1779776580,2.728,2.729,2.723,2.727,38
1779776640,2.728,2.739,2.728,2.737,56
1779776700,2.738,2.738,2.729,2.729,32
1779776760,2.73,2.739,2.73,2.739,40
1779776820,2.74,2.74,2.736,2.737,28
1779776880,2.739,2.739,2.728,2.729,34
1779776940,2.728,2.736,2.727,2.736,36
1779777000,2.737,2.74,2.733,2.736,58
1779777060,2.737,2.742,2.735,2.741,30
1779777120,2.739,2.748,2.738,2.745,32
1779777180,2.746,2.752,2.742,2.752,48
1779777240,2.751,2.76,2.751,2.754,51
1779777300,2.755,2.765,2.755,2.763,50
1779777360,2.762,2.762,2.757,2.757,48
1779777420,2.756,2.765,2.754,2.764,42
1779777480,2.763,2.763,2.755,2.759,49
1779777540,2.76,2.762,2.757,2.761,28
1779777600,2.762,2.762,2.749,2.754,52
1779777660,2.756,2.758,2.752,2.758,29
1779777720,2.759,2.763,2.759,2.759,31
1779777780,2.76,2.765,2.759,2.764,33
1779777840,2.765,2.767,2.758,2.76,51
1779777900,2.761,2.762,2.756,2.76,40
1779777960,2.761,2.765,2.761,2.762,29
1779778020,2.761,2.769,2.761,2.766,30
1779778080,2.767,2.772,2.765,2.765,40
1779778140,2.764,2.765,2.76,2.763,41
1779778200,2.762,2.763,2.759,2.76,24
1779778260,2.759,2.762,2.758,2.759,34
1779778320,2.757,2.757,2.748,2.749,64
1779778380,2.75,2.75,2.747,2.749,22
1779778440,2.751,2.753,2.749,2.75,28
1779778500,2.749,2.749,2.745,2.748,30
1779778560,2.747,2.747,2.74,2.744,36
1779778620,2.743,2.743,2.734,2.735,34
1779778680,2.734,2.735,2.728,2.729,42
1779778740,2.728,2.731,2.727,2.727,40
1779778800,2.728,2.728,2.721,2.722,26
1779778860,2.721,2.731,2.721,2.729,38
1779778920,2.729,2.729,2.722,2.726,51
1779783240,2.703,2.704,2.701,2.704,12
1779783300,2.703,2.704,2.7,2.7,18
1779783360,2.699,2.701,2.687,2.692,40
1779783420,2.693,2.697,2.679,2.681,64
1779783480,2.68,2.687,2.68,2.686,60
1779783540,2.687,2.687,2.68,2.681,14
1779783600,2.682,2.684,2.681,2.683,16
1779783660,2.68,2.683,2.677,2.679,46
1779783720,2.68,2.685,2.68,2.683,32
1779783780,2.684,2.687,2.683,2.685,20
1779783840,2.686,2.687,2.681,2.683,34
1779783900,2.682,2.685,2.681,2.684,15
1779783960,2.685,2.685,2.676,2.678,33
1779784020,2.677,2.681,2.671,2.681,58
1779784080,2.682,2.683,2.679,2.681,21
1779784140,2.682,2.687,2.68,2.686,34
1779784200,2.685,2.688,2.683,2.685,24
1779784260,2.686,2.689,2.685,2.689,22
1779784320,2.69,2.694,2.689,2.692,40
1779784380,2.691,2.691,2.686,2.689,30
1779784440,2.688,2.69,2.682,2.689,42
1779784500,2.688,2.696,2.688,2.695,48
1779784560,2.694,2.704,2.694,2.701,52
1779784620,2.702,2.704,2.7,2.701,38
1779784680,2.701,2.706,2.701,2.705,24
1779784740,2.707,2.718,2.704,2.718,52
1779784800,2.717,2.718,2.712,2.718,36
1779784860,2.718,2.722,2.717,2.722,20
1779784920,2.724,2.725,2.72,2.721,26
1779784980,2.722,2.731,2.721,2.725,44
1779785040,2.726,2.728,2.719,2.72,26
1779785100,2.721,2.725,2.719,2.723,38
1779785160,2.725,2.727,2.718,2.719,38
1779785220,2.721,2.722,2.719,2.721,24
1779785280,2.72,2.721,2.714,2.714,34
1779785340,2.715,2.716,2.71,2.714,34
1779785400,2.715,2.726,2.715,2.724,50
1779785460,2.725,2.741,2.722,2.741,59
1779785520,2.742,2.745,2.735,2.736,56
1779785580,2.735,2.745,2.733,2.745,58
1779785640,2.744,2.745,2.741,2.741,38
1779785700,2.742,2.742,2.735,2.735,42
1779785760,2.734,2.735,2.73,2.734,34
1779785820,2.735,2.735,2.731,2.732,30
1779785880,2.731,2.732,2.725,2.728,32
1779785940,2.727,2.729,2.725,2.728,20
1779786000,2.729,2.732,2.724,2.732,45
1779786060,2.73,2.736,2.73,2.732,42
1779786120,2.731,2.731,2.726,2.727,24
1779786180,2.728,2.728,2.723,2.724,38
1779786240,2.726,2.73,2.726,2.73,14
1779786300,2.728,2.731,2.725,2.731,28
1779786360,2.73,2.731,2.729,2.729,30
1779786420,2.73,2.739,2.73,2.735,36
1779786480,2.736,2.741,2.736,2.737,30
1779786540,2.738,2.743,2.738,2.741,36
1779786600,2.742,2.744,2.737,2.739,36
1779786660,2.74,2.754,2.74,2.753,38
1779786720,2.752,2.753,2.747,2.752,40
1779786780,2.75,2.753,2.747,2.748,33
1779786840,2.748,2.749,2.744,2.749,18
1779786900,2.75,2.751,2.744,2.744,44
1779786960,2.745,2.751,2.742,2.751,44
1779787020,2.752,2.759,2.75,2.756,79
1779787080,2.755,2.76,2.749,2.749,47
1779787140,2.75,2.752,2.749,2.749,24
1779787200,2.748,2.752,2.746,2.747,32
1779787260,2.748,2.749,2.744,2.747,30
1779787320,2.746,2.746,2.733,2.735,48
1779787380,2.73,2.733,2.725,2.727,56
1779787440,2.726,2.727,2.721,2.721,28
1779787500,2.722,2.725,2.718,2.725,46
1779787560,2.724,2.73,2.723,2.724,38
1779787620,2.723,2.726,2.721,2.723,38
1779787680,2.721,2.721,2.711,2.72,47
1779787740,2.721,2.722,2.716,2.718,24
1779787800,2.719,2.723,2.717,2.717,28
1779787860,2.718,2.719,2.716,2.718,30
1779787920,2.719,2.722,2.714,2.717,36
1779787980,2.716,2.718,2.714,2.718,26
1779788040,2.717,2.719,2.712,2.719,38
1779788100,2.718,2.72,2.713,2.715,28
1779788160,2.716,2.72,2.716,2.718,32
1779788220,2.719,2.72,2.706,2.706,45
1779788280,2.705,2.706,2.692,2.696,70
1779788340,2.695,2.702,2.695,2.7,44
1779788400,2.699,2.701,2.696,2.699,44
1779788460,2.701,2.706,2.699,2.704,36
1779788520,2.705,2.71,2.702,2.706,42
1779788580,2.707,2.709,2.705,2.708,34
1779788640,2.709,2.716,2.709,2.71,32
1779788700,2.712,2.714,2.709,2.709,28
1779788760,2.708,2.708,2.703,2.703,34
1779788820,2.704,2.707,2.703,2.703,24
1779788880,2.702,2.702,2.688,2.691,50
1779788940,2.692,2.696,2.689,2.695,46
1779789000,2.694,2.694,2.692,2.692,18
1779789060,2.692,2.701,2.692,2.699,36
1779789120,2.7,2.7,2.694,2.698,30
1779789180,2.697,2.697,2.693,2.693,24
1779789240,2.692,2.693,2.69,2.693,28
1779789300,2.692,2.697,2.692,2.697,22
1779789360,2.698,2.703,2.694,2.701,36
1779789420,2.7,2.704,2.699,2.703,34
1779789480,2.702,2.707,2.702,2.707,22
1779789540,2.706,2.706,2.705,2.705,10
1779789600,2.706,2.71,2.702,2.708,61
1779789660,2.707,2.707,2.699,2.703,39
1779789720,2.705,2.707,2.701,2.702,39
1779789780,2.703,2.709,2.702,2.709,38
1779789840,2.71,2.713,2.708,2.708,46
1779789900,2.709,2.716,2.706,2.715,64
1779789960,2.714,2.714,2.708,2.709,30
1779790020,2.708,2.712,2.705,2.709,30
1779790080,2.708,2.711,2.706,2.711,28
1779790140,2.712,2.718,2.712,2.718,26
1779790200,2.717,2.728,2.717,2.726,52
1779790260,2.727,2.731,2.722,2.731,27
1779790320,2.73,2.731,2.727,2.728,30
1779790380,2.729,2.735,2.729,2.731,24
1779790440,2.73,2.731,2.727,2.73,22
1779790500,2.731,2.744,2.729,2.744,55
1779790560,2.743,2.745,2.735,2.735,69
1779790620,2.734,2.746,2.734,2.746,52
1779790680,2.747,2.759,2.745,2.759,68
1779790740,2.76,2.767,2.76,2.765,72
1779790800,2.766,2.766,2.751,2.754,66
1779790860,2.755,2.761,2.755,2.76,62
1779790920,2.759,2.771,2.759,2.771,70
1779790980,2.769,2.781,2.764,2.766,79
1779791040,2.765,2.769,2.763,2.767,37
1779791100,2.766,2.773,2.766,2.768,50
1779791160,2.767,2.782,2.767,2.782,76
1779791220,2.781,2.787,2.777,2.787,95
1779791280,2.785,2.799,2.783,2.798,85
1779791340,2.797,2.797,2.783,2.793,76
1779791400,2.796,2.818,2.796,2.809,117
1779791460,2.81,2.818,2.804,2.811,114
1779791520,2.81,2.81,2.799,2.807,78
1779791580,2.806,2.812,2.802,2.802,78
1779791640,2.803,2.814,2.799,2.813,53
1779791700,2.811,2.816,2.803,2.816,79
1779791760,2.814,2.83,2.814,2.827,124
1779791820,2.824,2.829,2.82,2.822,88
1779791880,2.821,2.833,2.819,2.83,84
1779791940,2.831,2.834,2.82,2.83,92
1779792000,2.832,2.857,2.831,2.85,102
1779792060,2.849,2.853,2.846,2.848,81
1779792120,2.849,2.855,2.849,2.852,76
1779792180,2.851,2.861,2.851,2.857,82
1779792240,2.858,2.864,2.849,2.849,102
1779792300,2.85,2.857,2.845,2.847,100
1779792360,2.846,2.86,2.842,2.857,99
1779792420,2.858,2.863,2.85,2.861,103
1779792480,2.859,2.887,2.859,2.885,97
1779792540,2.884,2.889,2.87,2.877,111
1779792600,2.879,2.886,2.874,2.879,97
1779792660,2.88,2.885,2.866,2.871,93
1779792720,2.87,2.87,2.861,2.866,76
1779792780,2.867,2.874,2.865,2.874,74
1779792840,2.873,2.879,2.872,2.874,70
1779792960,2.89,2.895,2.887,2.891,48
1779793020,2.89,2.893,2.886,2.888,62
1779793080,2.89,2.892,2.884,2.884,49
1779793140,2.883,2.888,2.876,2.886,82
1779793200,2.887,2.895,2.887,2.887,70
1779793260,2.886,2.897,2.879,2.896,81
1779793320,2.897,2.909,2.892,2.895,100
1779793380,2.894,2.906,2.892,2.906,62
1779793440,2.904,2.906,2.897,2.905,86
1779793500,2.904,2.915,2.902,2.907,88
1779793560,2.906,2.907,2.897,2.902,65
1779793620,2.901,2.908,2.899,2.901,76
1779793680,2.902,2.903,2.893,2.893,68
1779793740,2.894,2.898,2.889,2.898,62
1779793800,2.899,2.912,2.898,2.907,83
1779793860,2.909,2.912,2.899,2.905,75
1779793920,2.906,2.924,2.906,2.914,95
1779793980,2.914,2.928,2.914,2.919,101
1779794040,2.917,2.92,2.912,2.913,82
1779794100,2.914,2.917,2.908,2.913,76
1779794160,2.915,2.934,2.912,2.928,115
1779794220,2.929,2.938,2.928,2.93,98
1779794280,2.929,2.936,2.919,2.931,114
1779794340,2.932,2.938,2.919,2.919,103
1779794400,2.921,2.922,2.907,2.91,128
1779794460,2.909,2.916,2.906,2.915,70
1779794520,2.914,2.921,2.908,2.917,64
1779794580,2.915,2.922,2.906,2.908,72
1779794640,2.909,2.913,2.906,2.913,58
1779794700,2.914,2.922,2.914,2.922,62
1779794760,2.923,2.927,2.914,2.923,69
1779794820,2.922,2.924,2.918,2.92,52
1779794880,2.921,2.929,2.92,2.927,69
1779794940,2.928,2.937,2.928,2.934,60
1779795000,2.933,2.945,2.933,2.94,83
1779795060,2.939,2.952,2.938,2.95,98
1779795120,2.952,2.952,2.935,2.947,97
1779795180,2.945,2.955,2.945,2.954,72
1779795240,2.954,2.954,2.934,2.947,88
1779795300,2.945,2.949,2.937,2.94,94
1779795360,2.938,2.949,2.936,2.948,74
1779795420,2.946,2.948,2.943,2.946,62
1779795480,2.945,2.956,2.945,2.951,65
1779795540,2.95,2.952,2.942,2.95,54
1779795600,2.951,2.96,2.946,2.957,71
1779795660,2.956,2.962,2.955,2.96,64
1779795720,2.961,2.963,2.958,2.96,64
1779795780,2.96,2.965,2.956,2.957,62
1779795840,2.959,2.963,2.956,2.957,66
1779795900,2.956,2.959,2.949,2.949,79
1779795960,2.948,2.952,2.944,2.949,68
1779796020,2.948,2.959,2.939,2.959,84
1779796080,2.962,2.965,2.957,2.957,76
1779796140,2.958,2.969,2.958,2.961,72
1779796200,2.96,2.96,2.954,2.954,46
1779796260,2.951,2.964,2.913,2.918,98
1779796320,2.916,2.92,2.887,2.887,152
1779796380,2.885,2.898,2.883,2.893,110
1779796440,2.894,2.901,2.888,2.89,93
1779796500,2.891,2.892,2.882,2.883,101
1779796560,2.88,2.889,2.879,2.885,82
1779796620,2.884,2.885,2.871,2.876,91
1779796680,2.875,2.882,2.872,2.872,78
1779796740,2.87,2.88,2.844,2.844,106
1779796800,2.843,2.849,2.838,2.849,96
1779796860,2.848,2.857,2.846,2.85,93
1779796920,2.849,2.858,2.848,2.853,69
1779796980,2.852,2.853,2.808,2.812,124
1779797040,2.811,2.825,2.809,2.824,80
1779797100,2.823,2.832,2.823,2.83,84
1779797160,2.823,2.833,2.822,2.831,79
1779797220,2.832,2.837,2.828,2.833,70
1779797280,2.832,2.841,2.816,2.816,94
1779797340,2.812,2.814,2.777,2.778,145
1779797400,2.779,2.793,2.777,2.793,124
1779797460,2.792,2.801,2.791,2.797,70
1779797520,2.798,2.798,2.791,2.795,46
1779797580,2.796,2.798,2.792,2.795,54
1779797640,2.794,2.794,2.784,2.786,42
1779797700,2.785,2.803,2.785,2.802,66
1779797760,2.803,2.807,2.791,2.793,63
1779797820,2.792,2.799,2.789,2.792,52
1779797880,2.791,2.796,2.774,2.778,79
1779797940,2.78,2.792,2.78,2.791,58
1779798000,2.788,2.797,2.788,2.795,56
1779798060,2.796,2.8,2.772,2.776,76
1779798120,2.774,2.774,2.765,2.771,78
1779798180,2.77,2.776,2.763,2.767,72
1779798240,2.766,2.767,2.756,2.756,62
1779798300,2.757,2.767,2.756,2.765,82
1779798360,2.767,2.781,2.763,2.78,72
1779798420,2.781,2.791,2.776,2.784,52
1779798480,2.785,2.785,2.776,2.776,52
1779798540,2.777,2.778,2.769,2.77,44
1779798600,2.769,2.782,2.767,2.774,52
1779798660,2.775,2.783,2.771,2.782,71
1779798720,2.781,2.783,2.776,2.777,40
1779798780,2.774,2.786,2.772,2.785,66
1779798840,2.784,2.79,2.78,2.783,82
1779798900,2.782,2.789,2.78,2.789,39
1779798960,2.787,2.796,2.785,2.789,75
1779799020,2.79,2.798,2.775,2.775,77
1779799080,2.774,2.778,2.768,2.772,66
1779799140,2.773,2.776,2.768,2.769,49
1779799200,2.77,2.775,2.761,2.764,70
1779799260,2.775,2.778,2.764,2.766,79
1779799320,2.763,2.767,2.751,2.767,86
1779799380,2.766,2.77,2.764,2.77,52
1779799440,2.771,2.774,2.767,2.768,64
1779799500,2.767,2.77,2.755,2.757,73
1779799560,2.758,2.76,2.743,2.752,74
1779799620,2.753,2.756,2.751,2.754,40
1779799680,2.755,2.761,2.753,2.755,48
1779799740,2.756,2.768,2.754,2.768,57
1779799800,2.766,2.769,2.761,2.765,51
1779799860,2.766,2.77,2.76,2.761,40
1779799920,2.766,2.781,2.766,2.777,52
1779799980,2.776,2.786,2.776,2.786,60
1779800040,2.787,2.797,2.787,2.789,92
1779800100,2.792,2.797,2.787,2.787,62
1779800160,2.785,2.793,2.782,2.791,46
1779800220,2.79,2.79,2.784,2.785,31
1779800280,2.783,2.785,2.77,2.77,42
1779800340,2.768,2.777,2.767,2.772,49
1779800400,2.771,2.771,2.757,2.759,66
1779800460,2.76,2.764,2.748,2.755,61
1779800520,2.756,2.756,2.73,2.738,104
1779800580,2.739,2.739,2.727,2.731,70
1779800640,2.73,2.743,2.73,2.741,60
1779800700,2.741,2.744,2.74,2.741,36
1779800760,2.746,2.75,2.745,2.745,56
1779800820,2.746,2.758,2.745,2.757,44
1779800880,2.754,2.756,2.748,2.751,38
1779800940,2.749,2.754,2.749,2.752,26
1779801000,2.751,2.758,2.744,2.745,56
1779801060,2.746,2.757,2.741,2.752,59
1779801120,2.751,2.754,2.749,2.752,36
1779801180,2.753,2.757,2.753,2.753,41
1779801240,2.754,2.76,2.753,2.756,42
1779801300,2.758,2.76,2.75,2.758,58
1779801360,2.757,2.759,2.744,2.751,56
1779801420,2.753,2.755,2.749,2.751,42
1779801480,2.75,2.75,2.743,2.745,40
1779801540,2.746,2.752,2.745,2.752,48
1779801600,2.751,2.753,2.743,2.743,44
1779801660,2.744,2.753,2.744,2.75,54
1779801720,2.749,2.75,2.742,2.748,54
1779801780,2.747,2.751,2.746,2.75,26
1779801840,2.75,2.752,2.748,2.749,36
1779801900,2.75,2.751,2.741,2.751,40
1779801960,2.75,2.756,2.75,2.756,18
1779802020,2.757,2.757,2.75,2.752,27
1779802080,2.753,2.753,2.747,2.748,26
1779802140,2.747,2.752,2.745,2.748,29
1779802200,2.75,2.75,2.736,2.742,116
1779802260,2.743,2.753,2.743,2.751,78
1779802320,2.752,2.76,2.75,2.753,78
1779802380,2.754,2.762,2.754,2.761,54
1779802440,2.762,2.762,2.741,2.745,69
1779802500,2.744,2.749,2.74,2.748,66
1779802560,2.749,2.764,2.744,2.762,66
1779802620,2.764,2.778,2.763,2.777,78
1779802680,2.778,2.787,2.777,2.785,56
1779802740,2.784,2.784,2.775,2.776,46
1779802800,2.775,2.783,2.775,2.783,42
1779802860,2.785,2.8,2.785,2.795,71
1779802920,2.794,2.813,2.794,2.811,84
1779802980,2.811,2.817,2.809,2.817,71
1779803040,2.818,2.827,2.816,2.817,100
1779803100,2.818,2.839,2.818,2.838,88
1779803160,2.839,2.839,2.82,2.822,98
1779803220,2.821,2.834,2.819,2.834,74
1779803280,2.835,2.845,2.834,2.835,95
1779803340,2.835,2.837,2.824,2.833,96
1779803400,2.834,2.842,2.832,2.836,100
1779803460,2.835,2.836,2.828,2.835,68
1779803520,2.834,2.849,2.834,2.846,72
1779803580,2.845,2.851,2.845,2.851,70
1779803640,2.852,2.869,2.852,2.868,112
1779803700,2.866,2.876,2.862,2.862,102
1779803760,2.863,2.868,2.852,2.852,118
1779803820,2.851,2.852,2.831,2.835,101
1779803880,2.834,2.835,2.821,2.825,76
1779803940,2.824,2.825,2.809,2.816,76
1779804000,2.818,2.833,2.814,2.83,105
1779804060,2.831,2.833,2.822,2.826,72
1779804120,2.827,2.837,2.827,2.835,62
1779804180,2.836,2.861,2.835,2.853,92
1779804240,2.851,2.851,2.84,2.842,88
1779804300,2.84,2.844,2.818,2.822,90
1779804360,2.823,2.83,2.815,2.828,74
1779804420,2.827,2.833,2.825,2.832,57
1779804480,2.833,2.836,2.827,2.829,44
1779804540,2.83,2.838,2.828,2.836,57
1779804600,2.838,2.842,2.834,2.836,46
1779804660,2.835,2.84,2.832,2.836,46
1779804720,2.837,2.843,2.834,2.835,60
1779804780,2.834,2.842,2.832,2.835,44
1779804840,2.834,2.837,2.832,2.836,38
1779804900,2.835,2.842,2.828,2.829,70
1779804960,2.83,2.832,2.82,2.82,60
1779805020,2.821,2.832,2.818,2.832,58
1779805080,2.831,2.845,2.831,2.845,60
1779805140,2.846,2.853,2.842,2.846,56
1779805200,2.845,2.864,2.843,2.863,70
1779805260,2.865,2.868,2.86,2.866,110
1779805320,2.867,2.869,2.857,2.858,64
1779805380,2.857,2.875,2.857,2.872,87
1779805440,2.871,2.882,2.87,2.879,74
1779805500,2.88,2.899,2.879,2.899,96
1779805560,2.898,2.905,2.89,2.89,119
1779805620,2.889,2.894,2.881,2.885,82
1779805680,2.886,2.891,2.883,2.886,58
1779805740,2.887,2.894,2.885,2.889,56
1779805800,2.89,2.896,2.885,2.885,66
1779805860,2.882,2.892,2.875,2.878,97
1779805920,2.879,2.886,2.87,2.87,97
1779805980,2.868,2.87,2.861,2.866,100
1779806100,2.853,2.853,2.847,2.848,34
1779806160,2.849,2.853,2.836,2.838,78
1779806220,2.839,2.842,2.83,2.839,110
1779806280,2.837,2.838,2.821,2.831,97
1779806340,2.832,2.833,2.818,2.819,125
1779806400,2.82,2.831,2.82,2.827,102
1779806460,2.826,2.83,2.818,2.829,97
1779806520,2.829,2.832,2.813,2.814,107
1779806580,2.815,2.833,2.815,2.83,88
1779806640,2.829,2.833,2.823,2.824,76
1779806700,2.825,2.826,2.81,2.814,90
1779806760,2.815,2.824,2.814,2.822,85
1779806820,2.823,2.841,2.823,2.835,111
1779806880,2.836,2.847,2.835,2.841,93
1779806940,2.841,2.842,2.829,2.832,80
1779807000,2.833,2.836,2.83,2.834,60
1779807060,2.832,2.842,2.831,2.842,65
1779807120,2.84,2.859,2.839,2.84,106
1779807180,2.842,2.85,2.836,2.836,55
1779807240,2.837,2.843,2.831,2.843,76
1779807300,2.842,2.843,2.828,2.828,62
1779807360,2.829,2.83,2.823,2.829,40
1779807420,2.83,2.833,2.821,2.832,63
1779807480,2.831,2.838,2.83,2.833,56
1779807540,2.832,2.836,2.828,2.828,48
1779807600,2.831,2.837,2.825,2.828,75
1779807660,2.83,2.832,2.825,2.829,54
1779807720,2.83,2.83,2.816,2.822,89
1779807780,2.822,2.822,2.803,2.81,118
1779807840,2.811,2.83,2.811,2.829,64
1779807900,2.83,2.837,2.825,2.825,94
1779807960,2.823,2.83,2.82,2.827,82
1779808020,2.827,2.829,2.815,2.829,74
1779808080,2.828,2.829,2.818,2.821,66
1779808140,2.821,2.826,2.798,2.801,73
1779808200,2.8,2.813,2.8,2.807,71
1779808260,2.806,2.811,2.805,2.809,51
1779808320,2.81,2.82,2.81,2.82,62
1779808380,2.821,2.821,2.811,2.811,59
1779808440,2.81,2.81,2.803,2.809,44
1779808500,2.807,2.807,2.797,2.797,66
1779808560,2.798,2.799,2.786,2.786,79
1779808620,2.787,2.792,2.785,2.786,74
1779808680,2.787,2.792,2.787,2.79,53
1779808740,2.789,2.789,2.78,2.782,56
1779808800,2.783,2.783,2.777,2.78,68
1779808860,2.781,2.782,2.766,2.772,101
1779808920,2.773,2.781,2.773,2.775,75
1779808980,2.773,2.782,2.771,2.779,64
1779809040,2.778,2.798,2.778,2.795,92
1779809100,2.794,2.798,2.791,2.798,30
1779809160,2.799,2.806,2.796,2.805,56
1779809220,2.807,2.81,2.801,2.803,46
1779809280,2.801,2.802,2.797,2.797,34
1779809340,2.798,2.799,2.792,2.797,34
1779809400,2.796,2.798,2.782,2.791,76
1779809460,2.792,2.797,2.775,2.78,116
1779809520,2.779,2.782,2.766,2.767,96
1779809580,2.768,2.772,2.756,2.756,69
1779809640,2.757,2.77,2.757,2.769,70
1779809700,2.768,2.771,2.761,2.769,73
1779809760,2.77,2.772,2.766,2.769,62
1779809820,2.768,2.779,2.768,2.777,57
1779809880,2.778,2.778,2.772,2.775,47
1779809940,2.774,2.776,2.768,2.771,68
1779810000,2.772,2.773,2.762,2.767,87
1779810060,2.768,2.773,2.768,2.772,52
1779810120,2.772,2.772,2.765,2.769,56
1779810180,2.77,2.774,2.766,2.771,40
1779810240,2.768,2.769,2.763,2.768,36
1779810300,2.769,2.77,2.76,2.76,52
1779810360,2.759,2.763,2.755,2.762,74
1779810420,2.76,2.767,2.76,2.763,50
1779810480,2.762,2.765,2.752,2.753,58
1779810540,2.752,2.763,2.752,2.761,62
1779810600,2.76,2.76,2.748,2.753,71
1779810660,2.754,2.758,2.75,2.752,57
1779810720,2.751,2.752,2.742,2.742,69
1779810780,2.741,2.748,2.738,2.747,81
1779810840,2.748,2.75,2.742,2.747,66
1779810900,2.748,2.758,2.747,2.752,76
1779810960,2.753,2.759,2.75,2.758,50
1779811020,2.759,2.763,2.754,2.755,42
1779811080,2.757,2.759,2.751,2.751,32
1779811140,2.75,2.758,2.75,2.756,34
1779811200,2.755,2.756,2.75,2.751,42
1779811260,2.752,2.752,2.745,2.747,40
1779811320,2.748,2.748,2.73,2.74,68
1779811380,2.739,2.739,2.728,2.732,45
1779811440,2.732,2.739,2.727,2.738,63
1779811500,2.739,2.75,2.739,2.749,73
1779811560,2.748,2.748,2.738,2.741,51
1779811620,2.742,2.747,2.74,2.742,44
1779811680,2.741,2.743,2.735,2.735,47
1779811740,2.737,2.743,2.737,2.739,34
1779811800,2.741,2.742,2.737,2.739,34
1779811860,2.738,2.739,2.735,2.736,32
1779811920,2.737,2.74,2.733,2.733,42
1779811980,2.737,2.749,2.737,2.74,80
1779812040,2.739,2.739,2.735,2.736,58
1779812100,2.735,2.744,2.735,2.744,44
1779812160,2.743,2.75,2.742,2.75,54
1779812220,2.749,2.749,2.734,2.734,50
1779812280,2.733,2.737,2.728,2.734,61
1779812340,2.735,2.737,2.729,2.733,32
1779812400,2.734,2.738,2.729,2.731,39
1779812460,2.732,2.733,2.723,2.724,56
1779812520,2.725,2.726,2.701,2.703,89
1779812580,2.7,2.709,2.699,2.708,74
1779812640,2.707,2.716,2.706,2.712,36
1779812700,2.714,2.715,2.709,2.71,25
1779812760,2.711,2.718,2.711,2.713,54
1779812820,2.714,2.714,2.706,2.71,51
1779812880,2.709,2.72,2.709,2.718,58
1779812940,2.72,2.731,2.72,2.73,42
1779813000,2.729,2.733,2.718,2.719,74
1779813060,2.72,2.72,2.712,2.716,74
1779813120,2.715,2.723,2.714,2.722,53
1779813180,2.723,2.729,2.723,2.727,40
1779813240,2.726,2.729,2.718,2.727,46
1779813300,2.723,2.74,2.723,2.735,58
1779813360,2.733,2.738,2.732,2.735,58
1779813420,2.734,2.735,2.725,2.726,46
1779813480,2.727,2.731,2.727,2.731,26
1779813540,2.733,2.735,2.728,2.734,26
1779813600,2.735,2.735,2.726,2.726,32
1779813660,2.727,2.737,2.725,2.731,48
1779813720,2.729,2.734,2.729,2.733,36
1779813780,2.734,2.734,2.727,2.728,32
1779813840,2.73,2.732,2.728,2.732,18
1779813900,2.733,2.737,2.731,2.733,42
1779813960,2.732,2.743,2.732,2.743,36
1779814020,2.742,2.742,2.729,2.729,48
1779814080,2.73,2.737,2.73,2.734,40
1779814140,2.735,2.735,2.728,2.729,26
1779814200,2.73,2.734,2.73,2.732,35
1779814260,2.733,2.739,2.733,2.739,32
1779814320,2.74,2.745,2.738,2.745,48
1779814380,2.744,2.746,2.734,2.738,64
1779814440,2.736,2.746,2.736,2.745,42
1779814500,2.744,2.744,2.737,2.737,27
1779814560,2.738,2.738,2.726,2.727,32
1779814620,2.728,2.73,2.724,2.729,32
1779814680,2.73,2.73,2.719,2.723,46
1779814740,2.724,2.732,2.724,2.732,37
1779814800,2.732,2.734,2.726,2.726,37
1779814860,2.727,2.728,2.722,2.728,30
1779814920,2.729,2.733,2.728,2.728,36
1779814980,2.729,2.737,2.729,2.736,36
1779815040,2.737,2.737,2.729,2.729,26
1779815100,2.728,2.734,2.726,2.73,34
1779815160,2.729,2.729,2.712,2.718,56
1779815220,2.719,2.723,2.718,2.722,24
1779815280,2.73,2.73,2.726,2.729,32
1779815340,2.73,2.734,2.728,2.73,38
1779815400,2.729,2.731,2.728,2.731,14
1779815460,2.732,2.733,2.719,2.719,45
1779815520,2.718,2.725,2.718,2.724,38
1779815580,2.723,2.725,2.718,2.718,20
1779815640,2.716,2.716,2.703,2.714,63
1779815700,2.715,2.715,2.703,2.706,66
1779815760,2.705,2.71,2.705,2.709,42
1779815820,2.71,2.712,2.709,2.709,22
1779815880,2.707,2.708,2.698,2.703,65
1779815940,2.702,2.704,2.686,2.691,59
1779816000,2.692,2.698,2.678,2.686,118
1779816060,2.687,2.692,2.683,2.687,76
1779816120,2.686,2.686,2.681,2.686,40
1779816180,2.685,2.686,2.668,2.669,75
1779816240,2.67,2.684,2.669,2.684,70
1779816300,2.683,2.692,2.683,2.691,56
1779816360,2.691,2.696,2.683,2.686,79
1779816420,2.687,2.689,2.681,2.683,61
1779816480,2.681,2.684,2.675,2.675,98
1779816540,2.676,2.681,2.672,2.675,80
1779816600,2.674,2.682,2.67,2.68,89
1779816660,2.678,2.688,2.677,2.683,92
1779816720,2.684,2.691,2.676,2.681,76
1779816780,2.68,2.687,2.677,2.686,62
1779816840,2.687,2.692,2.686,2.691,42
1779816900,2.692,2.693,2.682,2.685,48
1779816960,2.687,2.689,2.674,2.679,68
1779817020,2.68,2.685,2.68,2.683,34
1779817080,2.684,2.692,2.684,2.685,32
1779817140,2.686,2.688,2.68,2.684,38
1779817200,2.681,2.688,2.679,2.685,48
1779817260,2.684,2.686,2.679,2.683,39
1779817320,2.684,2.696,2.684,2.695,41
1779817380,2.696,2.703,2.692,2.701,60
1779817440,2.703,2.703,2.692,2.692,34
1779817500,2.693,2.693,2.689,2.69,41
1779817560,2.689,2.696,2.684,2.693,60
1779817620,2.695,2.695,2.688,2.688,30
1779817680,2.687,2.691,2.684,2.687,38
1779817740,2.688,2.707,2.685,2.701,44
1779817800,2.702,2.703,2.699,2.699,26
1779817860,2.701,2.701,2.697,2.697,35
1779817920,2.698,2.698,2.693,2.694,23
1779817980,2.695,2.695,2.694,2.694,8
1779818040,2.692,2.694,2.684,2.687,38
1779818100,2.686,2.69,2.681,2.688,32
1779818160,2.689,2.695,2.689,2.692,24
1779818220,2.691,2.693,2.686,2.688,30
1779818280,2.687,2.688,2.683,2.683,20
1779818340,2.682,2.687,2.681,2.687,26
1779818400,2.684,2.684,2.676,2.682,56
1779818460,2.68,2.691,2.68,2.688,42
1779818520,2.687,2.69,2.686,2.688,26
1779818580,2.687,2.688,2.682,2.687,36
1779818640,2.688,2.692,2.687,2.688,22
1779818700,2.689,2.689,2.683,2.683,18
1779818760,2.684,2.685,2.681,2.685,28
1779818820,2.684,2.687,2.682,2.684,34
1779818880,2.685,2.685,2.671,2.672,50
1779818940,2.673,2.685,2.673,2.685,38
1779819000,2.686,2.686,2.677,2.679,24
1779819060,2.677,2.678,2.674,2.674,24
1779819120,2.673,2.673,2.66,2.661,68
1779819180,2.66,2.669,2.66,2.668,41
1779819240,2.667,2.669,2.664,2.669,36
1779819300,2.67,2.671,2.665,2.666,26
1779819360,2.667,2.668,2.662,2.667,32
1779819420,2.665,2.665,2.66,2.662,42
1779819480,2.664,2.673,2.664,2.672,58
1779819540,2.672,2.676,2.669,2.672,39
1779819600,2.671,2.673,2.668,2.669,30
1779819660,2.668,2.674,2.664,2.671,42
1779819720,2.67,2.671,2.666,2.669,42
1779819780,2.668,2.676,2.668,2.674,38
1779819840,2.673,2.68,2.673,2.677,34
1779819900,2.676,2.676,2.667,2.67,38
1779819960,2.671,2.671,2.638,2.64,48
1779820020,2.637,2.643,2.628,2.631,114
1779820080,2.63,2.633,2.627,2.633,62
1779820140,2.635,2.642,2.635,2.636,68
1779820200,2.637,2.648,2.634,2.642,52
1779820260,2.643,2.648,2.639,2.648,50
1779820320,2.647,2.647,2.634,2.634,40
1779820380,2.635,2.641,2.635,2.638,56
1779820440,2.637,2.639,2.632,2.636,40
1779820500,2.637,2.638,2.627,2.63,64
1779820560,2.628,2.632,2.591,2.593,110
1779820620,2.595,2.602,2.59,2.598,92
1779820680,2.597,2.6,2.588,2.596,79
1779820740,2.595,2.602,2.595,2.602,49
1779820800,2.604,2.607,2.598,2.599,62
1779820860,2.602,2.608,2.601,2.605,36
1779820920,2.604,2.607,2.601,2.607,40
1779820980,2.605,2.605,2.592,2.594,52
1779821040,2.593,2.597,2.583,2.593,90
1779821100,2.594,2.605,2.593,2.605,44
1779821160,2.606,2.609,2.604,2.608,30
1779821220,2.61,2.612,2.6,2.604,32
1779821280,2.605,2.61,2.605,2.607,24
1779821340,2.605,2.605,2.598,2.6,50
1779821400,2.599,2.606,2.599,2.606,28
1779821460,2.605,2.608,2.604,2.606,24
1779821520,2.607,2.62,2.607,2.62,52
1779821580,2.619,2.621,2.615,2.615,34
1779821640,2.616,2.622,2.616,2.622,30
1779821700,2.621,2.632,2.619,2.621,52
1779821760,2.62,2.622,2.618,2.619,28
1779821820,2.619,2.619,2.611,2.612,42
1779821880,2.613,2.616,2.606,2.609,44
1779821940,2.611,2.616,2.611,2.616,28
1779822000,2.618,2.618,2.611,2.612,38
1779822060,2.613,2.624,2.613,2.624,44
1779822120,2.623,2.623,2.618,2.62,24
1779822180,2.621,2.625,2.619,2.621,38
1779822240,2.619,2.621,2.614,2.615,44
1779822300,2.616,2.621,2.613,2.615,44
1779822360,2.617,2.621,2.617,2.618,38
1779822420,2.617,2.621,2.616,2.618,24
1779822480,2.617,2.621,2.617,2.62,36
1779822540,2.619,2.622,2.619,2.62,20
1779822600,2.619,2.621,2.61,2.611,44
1779822660,2.612,2.612,2.602,2.604,53
1779822720,2.603,2.606,2.599,2.599,29
1779822780,2.597,2.602,2.595,2.597,40
1779822840,2.596,2.598,2.592,2.596,56
1779822900,2.595,2.596,2.587,2.592,46
1779822960,2.591,2.602,2.589,2.602,44
1779823020,2.601,2.611,2.601,2.609,47
1779823080,2.608,2.613,2.608,2.613,28
1779823140,2.615,2.616,2.614,2.614,16
1779823200,2.615,2.619,2.615,2.616,28
1779823260,2.615,2.619,2.609,2.619,30
1779823320,2.618,2.621,2.61,2.61,26
1779823380,2.611,2.614,2.61,2.612,18
1779823440,2.613,2.613,2.61,2.613,10
1779823500,2.614,2.627,2.614,2.627,32
1779823560,2.626,2.64,2.624,2.64,42
1779823620,2.639,2.639,2.631,2.631,22
1779823680,2.632,2.632,2.627,2.628,22
1779823740,2.627,2.628,2.621,2.623,20
1779823800,2.624,2.629,2.623,2.628,24
1779823860,2.629,2.634,2.629,2.634,38
1779823920,2.636,2.639,2.634,2.638,20
1779823980,2.636,2.637,2.632,2.633,20
1779824040,2.635,2.636,2.633,2.636,18
1779824100,2.635,2.637,2.631,2.636,26
1779824160,2.637,2.647,2.637,2.647,46
1779824220,2.645,2.645,2.638,2.643,36
1779824280,2.642,2.642,2.636,2.641,20
1779824340,2.64,2.64,2.633,2.634,24
1779824400,2.633,2.636,2.632,2.632,34
1779824460,2.633,2.633,2.63,2.633,14
1779824520,2.634,2.637,2.629,2.636,48
1779824580,2.635,2.635,2.631,2.634,16
1779824640,2.635,2.636,2.632,2.633,24
1779824700,2.635,2.643,2.633,2.643,36
1779824760,2.642,2.648,2.642,2.644,38
1779824820,2.643,2.643,2.64,2.64,8
1779824880,2.641,2.642,2.636,2.637,28
1779824940,2.638,2.641,2.638,2.638,14
1779825000,2.64,2.648,2.637,2.647,52
1779825060,2.648,2.648,2.643,2.646,24
1779825120,2.645,2.651,2.644,2.65,36
1779825180,2.649,2.649,2.642,2.642,40
1779825240,2.641,2.647,2.641,2.645,22
1779825300,2.644,2.65,2.643,2.646,30
1779825360,2.647,2.65,2.646,2.65,16
1779825420,2.649,2.651,2.649,2.651,18
1779825480,2.652,2.653,2.642,2.643,26
1779825540,2.642,2.646,2.64,2.645,32
1779825600,2.646,2.646,2.642,2.644,28
1779825660,2.645,2.656,2.645,2.656,36
1779825720,2.657,2.66,2.656,2.659,26
1779825780,2.658,2.658,2.652,2.658,34
1779825840,2.656,2.658,2.654,2.658,22
1779825900,2.659,2.661,2.654,2.657,44
1779825960,2.656,2.66,2.656,2.66,18
1779826020,2.661,2.662,2.651,2.653,39
1779826080,2.654,2.657,2.654,2.656,14
1779826140,2.658,2.662,2.658,2.66,22
1779826200,2.659,2.661,2.657,2.659,20
1779826260,2.661,2.664,2.658,2.659,36
1779826320,2.658,2.659,2.653,2.655,18
1779826380,2.654,2.656,2.651,2.654,26
1779826440,2.655,2.655,2.65,2.651,20
1779826500,2.65,2.665,2.648,2.664,64
1779826560,2.663,2.668,2.66,2.668,34
1779826620,2.667,2.667,2.659,2.661,18
1779826680,2.66,2.662,2.659,2.661,14
1779826740,2.659,2.659,2.651,2.652,28
1779826800,2.656,2.657,2.654,2.655,32
1779826860,2.654,2.654,2.639,2.64,40
1779826920,2.641,2.641,2.634,2.635,30
1779826980,2.636,2.641,2.636,2.638,18
1779827040,2.639,2.639,2.632,2.632,22
1779827100,2.633,2.634,2.629,2.632,24
1779827160,2.633,2.644,2.633,2.644,36
1779827220,2.645,2.645,2.641,2.642,26
1779827280,2.643,2.643,2.638,2.641,38
1779827340,2.642,2.642,2.635,2.637,36
1779827400,2.636,2.636,2.631,2.631,24
1779827460,2.632,2.639,2.632,2.639,28
1779827520,2.64,2.643,2.636,2.636,32
1779827580,2.637,2.639,2.635,2.636,16
1779827640,2.637,2.638,2.633,2.634,24
1779827700,2.633,2.634,2.63,2.631,32
1779827760,2.632,2.632,2.623,2.623,36
1779827820,2.625,2.625,2.616,2.623,28
1779827880,2.623,2.626,2.623,2.625,12
1779827940,2.626,2.63,2.626,2.626,18
1779828000,2.627,2.63,2.623,2.629,22
1779828060,2.63,2.633,2.626,2.633,16
1779828120,2.631,2.635,2.631,2.634,10
1779828180,2.633,2.638,2.633,2.638,18
1779828240,2.639,2.64,2.638,2.638,20
1779828300,2.64,2.647,2.638,2.646,28
1779828360,2.647,2.65,2.642,2.647,36
1779828420,2.645,2.648,2.641,2.641,32
1779828480,2.642,2.643,2.641,2.642,13
1779828540,2.642,2.646,2.642,2.644,13
1779828600,2.645,2.646,2.64,2.64,16
1779828660,2.642,2.647,2.642,2.644,10
1779828720,2.643,2.645,2.642,2.643,14
1779828780,2.644,2.644,2.641,2.644,14
1779828840,2.645,2.649,2.637,2.638,40
1779828900,2.639,2.639,2.638,2.638,10
1779828960,2.637,2.646,2.637,2.645,24
1779829080,2.647,2.647,2.647,2.647,2
1779829500,2.63,2.63,2.624,2.625,34
1779829560,2.626,2.629,2.625,2.625,32
1779829620,2.627,2.633,2.626,2.633,20
1779829680,2.632,2.632,2.627,2.627,32
1779829740,2.628,2.63,2.622,2.624,30
1779829800,2.623,2.623,2.618,2.618,10
1779829860,2.617,2.621,2.616,2.618,33
1779829920,2.62,2.62,2.615,2.616,22
1779829980,2.615,2.616,2.61,2.612,42
1779830040,2.611,2.624,2.611,2.617,40
1779830100,2.616,2.621,2.616,2.621,18
1779830160,2.62,2.624,2.62,2.624,18
1779830220,2.623,2.625,2.62,2.623,34
1779830280,2.624,2.629,2.624,2.624,24
1779830340,2.622,2.622,2.619,2.62,18
1779830400,2.619,2.623,2.619,2.622,16
1779830460,2.621,2.632,2.621,2.63,27
1779830520,2.631,2.632,2.627,2.632,22
1779830580,2.63,2.631,2.626,2.628,16
1779830640,2.629,2.63,2.629,2.629,6
1779830700,2.63,2.63,2.628,2.628,14
1779830760,2.629,2.631,2.629,2.631,10
1779830820,2.63,2.635,2.629,2.635,16
1779830880,2.634,2.634,2.63,2.632,12
1779830940,2.633,2.634,2.632,2.632,18
1779831000,2.633,2.638,2.633,2.636,16
1779831060,2.635,2.635,2.635,2.635,2
1779831120,2.637,2.638,2.635,2.635,12
1779831180,2.634,2.635,2.633,2.634,18
1779831240,2.633,2.633,2.623,2.623,24
1779831300,2.622,2.624,2.621,2.624,6
1779831360,2.623,2.623,2.616,2.621,38
1779831420,2.622,2.625,2.621,2.625,16
1779831480,2.626,2.63,2.625,2.628,22
1779831540,2.627,2.627,2.625,2.625,10
1779831600,2.627,2.627,2.622,2.622,12
1779831660,2.624,2.626,2.624,2.625,18
1779831720,2.626,2.626,2.624,2.625,12
1779831780,2.626,2.626,2.616,2.616,16
1779831840,2.617,2.617,2.613,2.615,22
1779831900,2.616,2.619,2.615,2.619,16
1779831960,2.618,2.621,2.617,2.621,18
1779832020,2.62,2.621,2.62,2.62,18
1779832080,2.621,2.624,2.62,2.62,14
1779832140,2.619,2.62,2.614,2.614,15
1779832200,2.613,2.613,2.607,2.607,34
1779832260,2.608,2.608,2.599,2.602,48
1779832320,2.603,2.605,2.602,2.604,22
1779832380,2.603,2.604,2.601,2.601,10
1779832440,2.602,2.603,2.595,2.596,32
1779832500,2.597,2.598,2.594,2.594,18
1779832560,2.596,2.598,2.593,2.594,26
1779832620,2.595,2.597,2.591,2.591,46
1779832680,2.59,2.598,2.59,2.594,30
1779832740,2.595,2.603,2.595,2.603,42
1779832800,2.604,2.607,2.604,2.607,26
1779832860,2.606,2.606,2.605,2.606,10
1779832920,2.605,2.605,2.599,2.6,24
1779832980,2.601,2.609,2.601,2.609,34
1779833040,2.608,2.609,2.595,2.596,26
1779833100,2.597,2.597,2.591,2.592,16
1779833160,2.593,2.597,2.591,2.596,36
1779833220,2.594,2.596,2.593,2.594,12
1779833280,2.595,2.599,2.595,2.599,12
1779833340,2.6,2.61,2.6,2.608,26
1779833400,2.609,2.609,2.602,2.602,23
1779833460,2.603,2.603,2.597,2.6,22
1779833520,2.599,2.602,2.598,2.598,18
1779833580,2.597,2.604,2.596,2.604,34
1779833640,2.603,2.603,2.6,2.6,24
1779833700,2.599,2.601,2.599,2.599,16
1779833760,2.6,2.602,2.599,2.6,20
1779833820,2.601,2.602,2.598,2.599,14
1779833880,2.6,2.601,2.597,2.597,24
1779833940,2.595,2.599,2.594,2.597,26
1779834000,2.596,2.604,2.596,2.6,26
1779834060,2.599,2.602,2.599,2.601,10
1779834120,2.6,2.603,2.599,2.601,18
1779834180,2.602,2.605,2.601,2.602,30
1779834240,2.603,2.605,2.602,2.604,18
1779834300,2.606,2.615,2.606,2.614,24
1779834360,2.613,2.616,2.611,2.612,28
1779834420,2.613,2.623,2.612,2.623,34
1779834480,2.624,2.626,2.62,2.625,40
1779834540,2.626,2.631,2.624,2.624,32
1779834600,2.623,2.627,2.621,2.621,40
1779834660,2.622,2.625,2.621,2.625,30
1779834720,2.626,2.626,2.623,2.626,14
1779834780,2.628,2.628,2.621,2.622,24
1779834840,2.621,2.63,2.621,2.627,38
1779834900,2.628,2.63,2.627,2.628,34
1779834960,2.629,2.636,2.622,2.63,59
1779835020,2.631,2.631,2.627,2.627,34
1779835080,2.626,2.627,2.615,2.615,51
1779835140,2.614,2.614,2.608,2.61,28
1779835200,2.607,2.611,2.604,2.611,54
1779835260,2.612,2.624,2.611,2.624,30
1779835320,2.623,2.623,2.614,2.616,40
1779835380,2.617,2.621,2.617,2.621,20
1779835440,2.622,2.625,2.618,2.624,42
1779835500,2.625,2.626,2.62,2.62,46
1779835560,2.621,2.628,2.617,2.623,60
1779835620,2.622,2.635,2.622,2.634,49
1779835680,2.633,2.633,2.621,2.621,57
1779835740,2.62,2.622,2.618,2.622,14
1779835800,2.627,2.634,2.626,2.627,50
1779835860,2.626,2.632,2.624,2.631,38
1779835920,2.63,2.63,2.624,2.627,20
1779835980,2.626,2.629,2.624,2.629,24
1779836040,2.63,2.631,2.629,2.631,18
1779836100,2.63,2.63,2.622,2.625,26
1779836160,2.624,2.629,2.623,2.628,16
1779836220,2.63,2.63,2.626,2.627,20
1779836280,2.628,2.628,2.625,2.627,24
1779836340,2.626,2.63,2.624,2.63,24
1779836400,2.631,2.638,2.63,2.637,56
1779836460,2.638,2.639,2.63,2.63,30
1779836520,2.628,2.629,2.627,2.627,22
1779836580,2.628,2.633,2.628,2.632,25
1779836640,2.633,2.639,2.633,2.638,18
1779836700,2.637,2.637,2.629,2.629,22
1779836760,2.63,2.633,2.63,2.631,16
1779836820,2.63,2.632,2.628,2.63,34
1779836880,2.629,2.629,2.626,2.627,16
1779836940,2.629,2.632,2.629,2.629,16
1779837000,2.628,2.631,2.626,2.631,26
1779837060,2.632,2.632,2.626,2.629,32
1779837120,2.63,2.63,2.626,2.628,32
1779837180,2.63,2.635,2.629,2.634,28
1779837240,2.633,2.633,2.631,2.633,21
1779837300,2.631,2.633,2.626,2.633,32
1779837360,2.632,2.632,2.62,2.62,34
1779837420,2.619,2.624,2.619,2.624,32
1779837480,2.623,2.623,2.619,2.622,28
1779837540,2.623,2.624,2.621,2.624,20
1779837600,2.625,2.626,2.619,2.619,18
1779837660,2.62,2.623,2.62,2.621,18
1779837720,2.62,2.624,2.62,2.622,16
1779837780,2.619,2.619,2.615,2.616,16
1779837840,2.615,2.617,2.612,2.614,24
1779837900,2.613,2.616,2.613,2.615,16
1779837960,2.612,2.612,2.606,2.607,22
1779838020,2.606,2.611,2.606,2.611,20
1779838080,2.61,2.61,2.608,2.609,16
1779838140,2.61,2.613,2.608,2.612,22
1779838200,2.613,2.613,2.609,2.61,28
1779838260,2.611,2.613,2.606,2.606,26
1779838320,2.607,2.607,2.604,2.605,20
1779838380,2.606,2.606,2.603,2.604,22
1779838440,2.605,2.607,2.605,2.607,14
1779838500,2.608,2.613,2.608,2.612,16
1779838560,2.613,2.613,2.607,2.61,22
1779838620,2.609,2.61,2.609,2.609,6
1779838680,2.61,2.617,2.61,2.617,12
1779838740,2.616,2.616,2.606,2.608,30
1779838800,2.609,2.609,2.601,2.604,32
1779838860,2.603,2.603,2.599,2.601,27
1779838920,2.6,2.601,2.598,2.599,22
1779838980,2.6,2.6,2.594,2.595,39
1779839040,2.596,2.597,2.594,2.596,12
1779839100,2.595,2.595,2.586,2.586,40
1779839160,2.587,2.59,2.579,2.581,43
1779839220,2.582,2.587,2.582,2.585,42
1779839280,2.586,2.59,2.583,2.583,34
1779839340,2.584,2.587,2.584,2.585,16
1779839400,2.584,2.586,2.578,2.578,38
1779839460,2.579,2.58,2.543,2.549,101
1779839520,2.547,2.55,2.53,2.53,82
1779839580,2.528,2.536,2.528,2.531,66
1779839640,2.529,2.532,2.52,2.527,61
1779839700,2.526,2.536,2.526,2.534,44
1779839760,2.535,2.54,2.535,2.537,38
1779839820,2.538,2.543,2.535,2.542,54
1779839880,2.541,2.546,2.54,2.54,60
1779839940,2.541,2.547,2.541,2.546,46
1779840000,2.545,2.55,2.544,2.547,54
1779840060,2.548,2.551,2.546,2.547,54
1779840120,2.546,2.546,2.537,2.546,52
1779840180,2.547,2.549,2.542,2.548,44
1779840240,2.547,2.55,2.545,2.547,32
1779840300,2.546,2.552,2.545,2.55,48
1779840360,2.549,2.556,2.549,2.555,58
1779840420,2.554,2.555,2.546,2.546,44
1779840480,2.544,2.55,2.543,2.548,46
1779840540,2.547,2.551,2.547,2.549,22
1779840600,2.548,2.552,2.548,2.551,34
1779840660,2.55,2.552,2.547,2.549,49
1779840720,2.55,2.55,2.543,2.545,20
1779840780,2.544,2.551,2.544,2.548,24
1779840840,2.549,2.553,2.544,2.55,32
1779840900,2.549,2.549,2.544,2.545,43
1779840960,2.546,2.546,2.538,2.539,35
1779841020,2.54,2.541,2.535,2.538,60
1779841080,2.536,2.542,2.535,2.536,36
1779841140,2.537,2.537,2.527,2.528,50
1779841200,2.529,2.538,2.523,2.537,38
1779841260,2.538,2.552,2.534,2.551,47
1779841320,2.551,2.563,2.55,2.561,44
1779841380,2.562,2.57,2.561,2.569,73
1779841440,2.571,2.572,2.562,2.564,58
1779841500,2.565,2.576,2.565,2.572,58
1779841560,2.571,2.574,2.568,2.574,46
1779841620,2.573,2.582,2.573,2.579,42
1779841680,2.578,2.581,2.574,2.581,36
1779841740,2.578,2.582,2.578,2.582,28
1779841800,2.581,2.587,2.581,2.582,36
1779841860,2.581,2.584,2.579,2.581,50
1779841920,2.587,2.589,2.587,2.589,6
1779841980,2.588,2.588,2.574,2.574,49
1779842040,2.577,2.583,2.576,2.582,27
1779842100,2.581,2.585,2.581,2.585,24
1779842160,2.588,2.588,2.582,2.585,24
1779842220,2.584,2.588,2.582,2.587,32
1779842280,2.586,2.594,2.586,2.59,42
1779842340,2.589,2.591,2.574,2.574,51
1779842400,2.573,2.574,2.564,2.565,60
1779842460,2.566,2.569,2.557,2.558,52
1779842520,2.557,2.56,2.557,2.558,48
1779842580,2.559,2.561,2.553,2.553,43
1779842640,2.554,2.557,2.551,2.551,22
1779842700,2.552,2.558,2.551,2.554,46
1779842760,2.553,2.559,2.553,2.556,24
1779842820,2.555,2.557,2.553,2.557,20
1779842880,2.56,2.562,2.556,2.556,30
1779842940,2.557,2.557,2.549,2.549,28
1779843000,2.548,2.552,2.546,2.55,35
1779843060,2.55,2.552,2.548,2.55,30
1779843120,2.551,2.551,2.546,2.551,38
1779843180,2.553,2.554,2.545,2.55,39
1779843240,2.551,2.551,2.544,2.545,49
1779843300,2.545,2.557,2.545,2.555,48
1779843360,2.554,2.554,2.548,2.552,38
1779843420,2.553,2.557,2.552,2.556,36
1779843480,2.555,2.569,2.555,2.569,46
1779843540,2.57,2.57,2.565,2.566,22
1779843600,2.565,2.566,2.56,2.562,34
1779843660,2.563,2.564,2.553,2.553,39
1779843720,2.556,2.559,2.556,2.559,29
1779843780,2.56,2.565,2.56,2.564,28
1779843840,2.563,2.563,2.555,2.556,28
1779843900,2.555,2.555,2.549,2.55,34
1779843960,2.549,2.553,2.549,2.551,14
1779844020,2.551,2.552,2.548,2.548,15
1779844080,2.547,2.549,2.545,2.549,25
1779844140,2.55,2.555,2.55,2.551,26
1779844200,2.55,2.551,2.542,2.547,34
1779844260,2.546,2.547,2.54,2.54,24
1779844320,2.539,2.545,2.539,2.545,18
1779844380,2.543,2.549,2.542,2.548,20
1779844440,2.549,2.553,2.549,2.551,18
1779844500,2.552,2.552,2.547,2.547,26
1779844560,2.548,2.551,2.547,2.55,34
1779844620,2.555,2.557,2.555,2.556,10
1779844680,2.554,2.554,2.549,2.551,18
1779844740,2.55,2.55,2.544,2.544,14
1779844800,2.546,2.546,2.542,2.542,12
1779844860,2.541,2.542,2.531,2.534,28
1779844920,2.536,2.539,2.535,2.536,22
1779844980,2.535,2.536,2.529,2.531,44
1779845040,2.532,2.535,2.532,2.532,26
1779845100,2.533,2.533,2.53,2.533,14
1779845160,2.534,2.536,2.534,2.534,8
1779845220,2.532,2.533,2.529,2.533,30
1779845280,2.534,2.54,2.534,2.538,14
1779845340,2.532,2.539,2.532,2.539,26
1779845400,2.538,2.542,2.538,2.54,20
1779845460,2.539,2.54,2.536,2.539,22
1779845520,2.538,2.54,2.537,2.538,20
1779845580,2.539,2.543,2.539,2.543,20
1779845640,2.542,2.542,2.537,2.537,14
1779845700,2.535,2.537,2.527,2.53,42
1779845760,2.529,2.53,2.526,2.526,34
1779845820,2.527,2.537,2.527,2.537,18
1779845880,2.538,2.541,2.536,2.54,26
1779845940,2.538,2.542,2.538,2.541,12
1779846000,2.54,2.54,2.535,2.535,26
1779846060,2.534,2.535,2.533,2.533,20
1779846120,2.532,2.534,2.531,2.532,20
1779846180,2.533,2.534,2.531,2.531,16
1779846240,2.53,2.53,2.525,2.526,25
1779846300,2.527,2.532,2.525,2.532,40
1779846360,2.533,2.538,2.533,2.537,20
1779846420,2.536,2.541,2.536,2.539,32
1779846480,2.538,2.539,2.537,2.537,8
1779846540,2.538,2.538,2.53,2.53,30
1779846600,2.529,2.532,2.528,2.532,32
1779846660,2.533,2.538,2.532,2.537,36
1779846720,2.534,2.535,2.531,2.535,24
1779846780,2.536,2.536,2.531,2.535,26
1779846840,2.534,2.535,2.533,2.534,14
1779846900,2.533,2.535,2.532,2.532,14
1779846960,2.531,2.535,2.531,2.533,33
1779847020,2.533,2.533,2.521,2.523,41
1779847080,2.522,2.522,2.515,2.517,28
1779847140,2.519,2.523,2.516,2.519,44
1779847200,2.52,2.523,2.518,2.522,33
1779847260,2.523,2.524,2.52,2.524,23
1779847320,2.523,2.523,2.516,2.519,32
1779847380,2.518,2.519,2.512,2.514,43
1779847440,2.515,2.52,2.515,2.519,38
1779847500,2.518,2.522,2.516,2.517,38
1779847560,2.516,2.52,2.51,2.514,42
1779847620,2.513,2.518,2.509,2.509,56
1779847680,2.51,2.518,2.51,2.515,24
1779847740,2.514,2.514,2.505,2.51,58
1779847800,2.511,2.512,2.506,2.507,50
1779847860,2.506,2.508,2.506,2.508,26
1779847920,2.509,2.509,2.506,2.507,18
1779847980,2.506,2.51,2.505,2.51,20
1779848040,2.509,2.509,2.495,2.495,41
1779848100,2.496,2.497,2.487,2.489,67
1779848160,2.49,2.493,2.481,2.481,42
1779848220,2.483,2.483,2.477,2.479,69
1779848280,2.478,2.481,2.469,2.472,63
1779848340,2.474,2.478,2.468,2.475,70
1779848400,2.476,2.484,2.475,2.478,50
1779848460,2.479,2.48,2.478,2.479,34
1779848520,2.48,2.482,2.476,2.479,44
1779848580,2.48,2.485,2.479,2.485,38
1779848640,2.486,2.487,2.478,2.479,46
1779848700,2.477,2.479,2.464,2.465,52
1779848760,2.464,2.478,2.463,2.478,52
1779848820,2.474,2.477,2.473,2.473,24
1779848880,2.474,2.477,2.47,2.47,18
1779848940,2.471,2.471,2.463,2.463,40
1779849000,2.464,2.465,2.459,2.463,26
1779849060,2.462,2.469,2.461,2.461,20
1779849120,2.462,2.466,2.46,2.465,24
1779849180,2.464,2.467,2.464,2.465,14
1779849240,2.464,2.472,2.464,2.468,36
1779849300,2.469,2.473,2.468,2.473,42
1779849360,2.474,2.474,2.471,2.472,28
1779849420,2.471,2.475,2.47,2.471,22
1779849480,2.472,2.476,2.472,2.472,20
1779849540,2.473,2.477,2.471,2.471,38
1779849600,2.472,2.482,2.472,2.481,50
1779849660,2.48,2.486,2.48,2.486,22
1779849720,2.485,2.486,2.481,2.482,24
1779849780,2.483,2.499,2.483,2.499,48
1779849840,2.497,2.497,2.493,2.494,19
1779849900,2.493,2.497,2.491,2.497,39
1779849960,2.495,2.498,2.495,2.497,30
1779850020,2.496,2.5,2.495,2.5,32
1779850080,2.499,2.502,2.498,2.5,47
1779850140,2.501,2.501,2.495,2.496,48
1779850200,2.497,2.498,2.495,2.496,28
1779850260,2.495,2.499,2.495,2.496,24
1779850320,2.495,2.496,2.492,2.493,26
1779850380,2.492,2.495,2.492,2.492,16
1779850440,2.491,2.493,2.489,2.489,20
1779850500,2.488,2.495,2.487,2.494,24
1779850560,2.495,2.502,2.495,2.501,19
1779850620,2.501,2.502,2.5,2.5,24
1779850680,2.501,2.504,2.501,2.501,21
1779850740,2.5,2.504,2.5,2.504,30
1779850800,2.503,2.505,2.497,2.501,38
1779850860,2.5,2.502,2.495,2.495,42
1779850920,2.496,2.501,2.496,2.501,26
1779850980,2.5,2.506,2.5,2.506,30
1779851040,2.505,2.511,2.505,2.51,30
1779851100,2.513,2.516,2.509,2.515,44
1779851160,2.516,2.517,2.511,2.511,52
1779851220,2.51,2.513,2.508,2.512,30
1779851280,2.513,2.514,2.512,2.514,16
1779851340,2.513,2.516,2.512,2.512,22
1779851400,2.511,2.515,2.51,2.513,31
1779851460,2.512,2.513,2.508,2.508,22
1779851520,2.509,2.513,2.509,2.512,28
1779851580,2.511,2.513,2.51,2.511,34
1779851640,2.512,2.512,2.51,2.511,18
1779851700,2.512,2.52,2.51,2.518,40
1779851760,2.519,2.52,2.516,2.52,18
1779851820,2.519,2.52,2.512,2.512,22
1779851880,2.515,2.519,2.515,2.517,22
1779851940,2.515,2.515,2.513,2.513,6
1779852000,2.512,2.512,2.505,2.505,40
1779852060,2.506,2.509,2.506,2.508,18
1779852120,2.509,2.51,2.507,2.509,16
1779852180,2.509,2.514,2.509,2.512,30
1779852240,2.511,2.511,2.509,2.509,10
1779852300,2.51,2.515,2.51,2.515,20
1779852360,2.514,2.518,2.514,2.516,19
1779852420,2.515,2.517,2.515,2.516,12
1779852480,2.515,2.516,2.514,2.514,26
1779852540,2.513,2.516,2.513,2.516,16
1779852600,2.517,2.52,2.516,2.518,22
1779852660,2.517,2.517,2.507,2.507,30
1779852720,2.505,2.513,2.505,2.512,28
1779852780,2.511,2.511,2.501,2.507,37
1779852840,2.508,2.509,2.508,2.509,12
1779852900,2.508,2.51,2.503,2.505,34
1779852960,2.506,2.508,2.504,2.504,23
1779853020,2.501,2.505,2.501,2.503,34
1779853080,2.504,2.505,2.503,2.504,10
1779853140,2.505,2.505,2.498,2.499,22
1779853200,2.5,2.502,2.498,2.5,28
1779853260,2.499,2.5,2.497,2.5,20
1779853320,2.499,2.502,2.497,2.501,16
1779853380,2.5,2.503,2.5,2.503,12
1779853440,2.502,2.503,2.5,2.503,16
1779853500,2.502,2.507,2.502,2.506,17
1779853560,2.507,2.507,2.504,2.505,9
1779853620,2.506,2.508,2.506,2.507,13
1779853680,2.508,2.508,2.495,2.495,67
1779853740,2.496,2.502,2.477,2.477,67
1779853800,2.476,2.485,2.476,2.485,28
1779853860,2.484,2.488,2.484,2.488,26
1779853920,2.487,2.488,2.483,2.484,18
1779853980,2.481,2.486,2.48,2.486,24
1779854040,2.487,2.487,2.486,2.486,8
1779854100,2.485,2.486,2.483,2.484,20
1779854160,2.483,2.485,2.482,2.485,20
1779854220,2.486,2.486,2.484,2.485,14
1779854280,2.486,2.487,2.485,2.487,14
1779854340,2.488,2.49,2.484,2.484,20
1779854400,2.483,2.491,2.483,2.491,24
1779854460,2.49,2.491,2.487,2.487,16
1779854520,2.488,2.489,2.488,2.488,10
1779854580,2.489,2.492,2.489,2.492,12
1779854640,2.491,2.491,2.486,2.486,20
1779854700,2.485,2.486,2.484,2.486,12
1779854760,2.487,2.488,2.484,2.486,18
1779854820,2.487,2.487,2.485,2.486,12
1779854880,2.487,2.489,2.487,2.489,11
1779854940,2.489,2.489,2.483,2.486,19
1779855000,2.484,2.485,2.477,2.479,40
1779855060,2.478,2.478,2.473,2.474,32
1779855120,2.475,2.476,2.475,2.475,10
1779855180,2.474,2.474,2.467,2.472,24
1779855240,2.471,2.475,2.471,2.474,16
1779855300,2.475,2.477,2.473,2.473,18
1779855360,2.472,2.479,2.472,2.478,18
1779855420,2.476,2.477,2.474,2.476,20
1779855480,2.477,2.478,2.469,2.469,28
1779855540,2.468,2.474,2.468,2.474,34
1779855600,2.475,2.475,2.47,2.475,30
1779855660,2.476,2.478,2.476,2.478,10
1779855720,2.477,2.477,2.475,2.476,9
1779855780,2.477,2.48,2.477,2.48,14
1779855840,2.481,2.481,2.479,2.479,8
1779855900,2.479,2.481,2.477,2.481,20
1779855960,2.484,2.49,2.484,2.49,34
1779856020,2.489,2.497,2.487,2.497,40
1779856080,2.498,2.499,2.495,2.495,24
1779856140,2.495,2.495,2.49,2.494,19
1779856200,2.494,2.496,2.487,2.492,53
1779856260,2.493,2.5,2.492,2.5,33
1779856320,2.497,2.5,2.495,2.5,26
1779856380,2.501,2.501,2.499,2.5,10
1779856440,2.501,2.501,2.494,2.494,19
1779856500,2.495,2.495,2.494,2.495,8
1779856560,2.492,2.492,2.483,2.484,30
1779856620,2.485,2.486,2.482,2.483,28
1779856680,2.484,2.485,2.483,2.485,22
1779856740,2.486,2.491,2.486,2.491,14
1779856800,2.49,2.49,2.488,2.49,14
1779856860,2.489,2.492,2.489,2.492,16
1779856920,2.493,2.493,2.491,2.491,4
1779856980,2.492,2.493,2.492,2.493,4
1779857040,2.494,2.496,2.494,2.496,8
1779857100,2.497,2.501,2.496,2.499,32
1779857160,2.498,2.501,2.497,2.499,24
1779857220,2.498,2.507,2.497,2.507,28
1779857280,2.506,2.508,2.505,2.506,14
1779857340,2.509,2.512,2.508,2.509,28
1779857400,2.507,2.507,2.504,2.506,22
1779857460,2.507,2.51,2.507,2.509,10
1779857520,2.51,2.51,2.501,2.501,16
1779857580,2.502,2.503,2.502,2.503,8
1779857640,2.504,2.509,2.503,2.509,26
1779857700,2.51,2.51,2.503,2.506,36
1779857760,2.505,2.512,2.505,2.512,26
1779857820,2.511,2.511,2.504,2.504,14
1779857880,2.505,2.509,2.505,2.508,16
1779857940,2.509,2.509,2.504,2.505,12
1779858000,2.506,2.51,2.506,2.508,14
1779858060,2.507,2.511,2.507,2.511,8
1779858120,2.512,2.514,2.51,2.513,24
1779858180,2.512,2.514,2.51,2.514,18
1779858240,2.513,2.514,2.51,2.512,28
1779858300,2.511,2.514,2.507,2.514,30
1779858360,2.511,2.512,2.51,2.511,22
1779858420,2.51,2.516,2.51,2.516,18
1779858480,2.515,2.517,2.513,2.515,30
1779858540,2.514,2.518,2.513,2.518,16
1779858600,2.517,2.518,2.514,2.517,26
1779858660,2.516,2.516,2.51,2.511,24
1779858720,2.512,2.513,2.509,2.511,24
1779858780,2.512,2.514,2.512,2.513,16
1779858840,2.514,2.516,2.512,2.516,24
1779858900,2.515,2.519,2.514,2.519,18
1779858960,2.518,2.522,2.517,2.52,21
1779859020,2.518,2.518,2.51,2.512,20
1779859080,2.51,2.51,2.509,2.509,4
1779859140,2.51,2.511,2.509,2.509,8
1779859200,2.508,2.509,2.503,2.506,30
1779859260,2.507,2.516,2.507,2.516,34
1779859320,2.517,2.525,2.517,2.523,38
1779859380,2.522,2.532,2.522,2.53,48
1779859440,2.529,2.531,2.528,2.53,22
1779859500,2.529,2.531,2.527,2.53,26
1779859560,2.529,2.535,2.529,2.534,28
1779859620,2.533,2.533,2.527,2.527,39
1779859680,2.528,2.528,2.518,2.519,26
1779859740,2.52,2.521,2.52,2.521,4
1779859800,2.52,2.525,2.52,2.525,26
1779859860,2.524,2.532,2.523,2.532,30
1779859920,2.533,2.539,2.53,2.535,60
1779859980,2.534,2.536,2.531,2.535,44
1779860040,2.536,2.541,2.535,2.541,34
1779860100,2.54,2.54,2.536,2.54,29
1779860160,2.539,2.54,2.531,2.536,54
1779860220,2.537,2.539,2.535,2.539,32
1779860280,2.538,2.543,2.538,2.54,26
1779860340,2.541,2.542,2.54,2.541,14
1779860400,2.54,2.54,2.533,2.533,14
1779860460,2.532,2.535,2.531,2.532,27
1779860520,2.531,2.536,2.528,2.53,31
1779860580,2.532,2.532,2.511,2.514,24
1779860640,2.515,2.523,2.514,2.523,20
1779860700,2.522,2.522,2.517,2.518,18
1779860760,2.52,2.52,2.515,2.515,32
1779860820,2.514,2.516,2.512,2.516,22
1779860880,2.518,2.522,2.518,2.521,12
1779860940,2.52,2.522,2.516,2.52,22
1779861000,2.519,2.521,2.517,2.52,20
1779861060,2.519,2.527,2.519,2.527,28
1779861120,2.526,2.531,2.526,2.529,24
1779861180,2.528,2.529,2.524,2.528,28
1779861240,2.527,2.53,2.527,2.529,10
1779861300,2.53,2.532,2.53,2.531,24
1779861360,2.532,2.533,2.531,2.531,8
1779861420,2.532,2.532,2.531,2.531,8
1779861480,2.53,2.532,2.528,2.53,14
1779861540,2.531,2.531,2.523,2.525,20
1779861600,2.526,2.527,2.518,2.52,35
1779861660,2.519,2.519,2.512,2.512,24
1779861720,2.511,2.521,2.51,2.517,38
1779861780,2.518,2.524,2.518,2.522,22
1779861840,2.521,2.526,2.521,2.526,16
1779861900,2.527,2.53,2.527,2.529,16
1779861960,2.53,2.541,2.528,2.538,54
1779862020,2.537,2.538,2.536,2.538,16
1779862080,2.537,2.54,2.537,2.538,18
1779862140,2.539,2.54,2.538,2.538,8
1779862200,2.537,2.539,2.531,2.532,32
1779862260,2.531,2.536,2.529,2.529,38
1779862320,2.528,2.533,2.526,2.533,22
1779862380,2.532,2.535,2.531,2.532,20
1779862440,2.533,2.537,2.532,2.534,15
1779862500,2.533,2.538,2.532,2.532,26
1779862560,2.531,2.531,2.525,2.525,18
1779862620,2.526,2.527,2.524,2.526,22
1779862680,2.527,2.528,2.525,2.525,20
1779862740,2.526,2.526,2.524,2.525,10
1779862800,2.522,2.525,2.519,2.519,34
1779862860,2.518,2.52,2.515,2.517,24
1779862920,2.518,2.518,2.514,2.517,20
1779862980,2.516,2.516,2.513,2.515,24
1779863040,2.516,2.528,2.516,2.527,36
1779863100,2.526,2.526,2.521,2.525,28
1779863160,2.528,2.528,2.526,2.527,12
1779863220,2.526,2.527,2.525,2.526,30
1779863280,2.525,2.531,2.525,2.53,20
1779863340,2.531,2.533,2.531,2.533,14
1779863400,2.532,2.538,2.532,2.538,26
1779863460,2.537,2.54,2.534,2.539,53
1779863520,2.538,2.538,2.533,2.534,26
1779863580,2.535,2.539,2.534,2.539,20
1779863640,2.538,2.538,2.531,2.533,24
1779863700,2.534,2.535,2.531,2.532,24
1779863760,2.533,2.534,2.531,2.532,22
1779863820,2.531,2.531,2.526,2.531,28
1779863880,2.533,2.536,2.532,2.533,28
1779863940,2.532,2.536,2.532,2.535,12
1779864000,2.534,2.534,2.528,2.529,16
1779864060,2.528,2.532,2.528,2.528,16
1779864120,2.527,2.529,2.527,2.529,14
1779864180,2.528,2.528,2.525,2.525,8
1779864240,2.524,2.53,2.524,2.527,24
1779864300,2.528,2.531,2.525,2.529,32
1779864360,2.53,2.533,2.53,2.532,18
1779864420,2.533,2.533,2.528,2.529,16
1779864480,2.528,2.53,2.526,2.53,18
1779864540,2.531,2.539,2.531,2.535,34
1779864600,2.535,2.536,2.535,2.535,6
1779864660,2.534,2.536,2.533,2.534,17
1779864720,2.533,2.533,2.53,2.531,17
1779864780,2.53,2.532,2.53,2.531,13
1779864840,2.53,2.532,2.529,2.532,16
1779864900,2.531,2.533,2.529,2.53,16
1779864960,2.529,2.531,2.527,2.531,16
1779865020,2.53,2.532,2.529,2.532,24
1779865080,2.533,2.535,2.533,2.535,4
1779865140,2.533,2.535,2.53,2.535,16
1779865200,2.534,2.534,2.53,2.531,24
1779865260,2.532,2.534,2.53,2.531,16
1779865320,2.53,2.534,2.53,2.532,22
1779865380,2.531,2.532,2.531,2.532,4
1779865440,2.533,2.533,2.53,2.531,20
1779865500,2.532,2.532,2.529,2.532,32
1779865560,2.531,2.532,2.53,2.531,16
1779865620,2.53,2.533,2.53,2.531,16
1779865680,2.532,2.533,2.524,2.524,26
1779865740,2.523,2.529,2.523,2.525,34
1779865800,2.524,2.526,2.521,2.524,22
1779865860,2.523,2.526,2.522,2.526,16
1779865920,2.524,2.525,2.521,2.522,14
1779865980,2.521,2.522,2.519,2.52,10
1779866040,2.521,2.522,2.52,2.521,10
1779866100,2.522,2.522,2.514,2.514,36
1779866160,2.515,2.52,2.515,2.516,22
1779866220,2.515,2.519,2.515,2.518,14
1779866280,2.516,2.516,2.508,2.509,27
1779866340,2.51,2.512,2.509,2.512,18
1779866400,2.513,2.514,2.507,2.509,24
1779866460,2.51,2.511,2.497,2.497,60
1779866520,2.498,2.5,2.496,2.498,38
1779866580,2.497,2.501,2.496,2.499,26
1779866640,2.5,2.502,2.499,2.5,18
1779866700,2.501,2.501,2.5,2.501,10
1779866760,2.5,2.504,2.5,2.504,16
1779866820,2.505,2.506,2.502,2.502,12
1779866880,2.503,2.506,2.503,2.505,14
1779866940,2.504,2.504,2.503,2.503,4
1779867000,2.504,2.505,2.502,2.503,14
1779867060,2.502,2.504,2.501,2.502,14
1779867120,2.501,2.501,2.492,2.494,29
1779867180,2.495,2.495,2.494,2.495,13
1779867240,2.495,2.496,2.49,2.495,22
1779867300,2.496,2.499,2.496,2.498,16
1779867360,2.497,2.498,2.497,2.498,4
1779867420,2.499,2.499,2.497,2.497,6
1779867480,2.498,2.498,2.495,2.495,12
1779867540,2.495,2.495,2.491,2.495,18
1779867600,2.494,2.495,2.492,2.494,12
1779867660,2.493,2.493,2.489,2.49,18
1779867720,2.489,2.493,2.487,2.49,32
1779867780,2.491,2.494,2.491,2.493,18
1779867840,2.492,2.494,2.491,2.491,14
1779867900,2.492,2.495,2.492,2.495,7
1779867960,2.495,2.495,2.492,2.494,13
1779868020,2.496,2.504,2.496,2.504,32
1779868080,2.505,2.511,2.504,2.505,35
1779868140,2.506,2.509,2.5,2.503,30
1779868200,2.504,2.506,2.502,2.502,12
1779868260,2.501,2.514,2.501,2.513,40
1779868320,2.514,2.515,2.511,2.511,42
1779868380,2.512,2.512,2.506,2.508,24
1779868440,2.509,2.509,2.506,2.507,10
1779868500,2.508,2.515,2.508,2.514,24
1779868560,2.516,2.518,2.514,2.516,30
1779868620,2.515,2.519,2.514,2.518,20
1779868680,2.517,2.518,2.517,2.517,14
1779868740,2.518,2.518,2.515,2.515,20
1779868800,2.514,2.522,2.512,2.522,28
1779868860,2.523,2.524,2.52,2.522,30
1779868920,2.523,2.531,2.523,2.531,34
1779868980,2.53,2.533,2.527,2.53,24
1779869040,2.531,2.536,2.53,2.533,36
1779869100,2.532,2.534,2.528,2.53,44
1779869160,2.529,2.529,2.521,2.523,20
1779869220,2.522,2.535,2.521,2.532,32
1779869280,2.531,2.531,2.528,2.529,14
1779869340,2.528,2.531,2.526,2.531,16
1779869400,2.532,2.535,2.532,2.535,18
1779869460,2.534,2.535,2.533,2.533,12
1779869520,2.534,2.537,2.534,2.536,14
1779869580,2.535,2.536,2.535,2.536,4
1779869640,2.539,2.55,2.538,2.55,36
1779869700,2.549,2.559,2.549,2.558,72
1779869760,2.559,2.566,2.558,2.565,64
1779869820,2.564,2.564,2.559,2.561,42
1779869880,2.56,2.569,2.56,2.56,46
1779869940,2.561,2.564,2.558,2.563,42
1779870000,2.562,2.572,2.559,2.568,52
1779870060,2.566,2.567,2.559,2.562,36
1779870120,2.563,2.566,2.561,2.565,30
1779870180,2.564,2.564,2.561,2.561,22
1779870240,2.562,2.563,2.559,2.56,26
1779870300,2.558,2.562,2.557,2.558,26
1779870360,2.559,2.56,2.548,2.549,42
1779870420,2.548,2.552,2.545,2.545,46
1779870480,2.543,2.544,2.536,2.538,26
1779870540,2.537,2.542,2.536,2.541,21
1779870600,2.542,2.546,2.541,2.544,33
1779870660,2.541,2.544,2.539,2.54,28
1779870720,2.539,2.551,2.539,2.547,44
1779870780,2.546,2.546,2.541,2.545,34
1779870840,2.544,2.544,2.532,2.532,28
1779870900,2.53,2.544,2.53,2.543,42
1779870960,2.544,2.563,2.544,2.56,46
1779871020,2.561,2.561,2.555,2.557,28
1779871080,2.559,2.563,2.559,2.562,20
1779871140,2.561,2.563,2.559,2.563,16
1779871200,2.564,2.564,2.557,2.557,28
1779871260,2.555,2.559,2.549,2.552,50
1779871320,2.551,2.557,2.551,2.553,34
1779871380,2.554,2.554,2.547,2.55,32
1779871440,2.553,2.553,2.542,2.544,46
1779871500,2.543,2.545,2.533,2.534,58
1779871560,2.533,2.537,2.511,2.515,68
1779871620,2.516,2.517,2.513,2.513,30
1779871680,2.512,2.516,2.511,2.514,41
1779871740,2.513,2.516,2.513,2.515,32
1779871800,2.516,2.517,2.514,2.516,22
1779871860,2.517,2.518,2.514,2.514,32
1779871920,2.513,2.513,2.502,2.505,64
1779871980,2.504,2.511,2.504,2.51,26
1779872040,2.509,2.514,2.509,2.514,16
1779872100,2.513,2.517,2.513,2.515,22
1779872160,2.516,2.518,2.513,2.516,22
1779872220,2.515,2.522,2.512,2.522,45
1779872280,2.521,2.523,2.519,2.522,22
1779872340,2.525,2.525,2.515,2.515,37
1779872400,2.516,2.52,2.516,2.519,21
1779872460,2.52,2.525,2.517,2.518,32
1779872520,2.517,2.518,2.513,2.515,36
1779872580,2.513,2.517,2.513,2.513,38
1779872640,2.512,2.518,2.506,2.518,40
1779872700,2.52,2.524,2.52,2.524,14
1779872760,2.525,2.525,2.517,2.517,24
1779872820,2.511,2.515,2.51,2.515,18
1779872880,2.514,2.516,2.513,2.515,14
1779872940,2.514,2.514,2.51,2.51,18
1779873000,2.511,2.511,2.507,2.507,12
1779873060,2.509,2.509,2.501,2.501,12
1779873120,2.499,2.503,2.499,2.502,20
1779873180,2.501,2.506,2.498,2.498,20
1779873240,2.499,2.503,2.499,2.502,26
1779873300,2.501,2.502,2.496,2.498,20
1779873360,2.499,2.501,2.497,2.5,32
1779873420,2.499,2.499,2.496,2.496,18
1779873480,2.497,2.499,2.495,2.496,24
1779873540,2.497,2.497,2.495,2.497,15
1779873600,2.498,2.5,2.496,2.496,32
1779873660,2.497,2.497,2.494,2.497,19
1779873720,2.496,2.5,2.496,2.499,24
1779873780,2.497,2.497,2.496,2.497,10
1779873840,2.496,2.498,2.496,2.496,14
1779873900,2.497,2.499,2.497,2.499,14
1779873960,2.498,2.498,2.494,2.494,9
1779874020,2.493,2.495,2.476,2.482,70
1779874080,2.483,2.488,2.483,2.487,30
1779874140,2.488,2.489,2.486,2.488,14
1779874200,2.487,2.489,2.484,2.484,20
1779874260,2.483,2.485,2.482,2.482,40
1779874320,2.483,2.491,2.483,2.489,30
1779874380,2.488,2.491,2.488,2.49,12
1779874440,2.491,2.493,2.491,2.491,10
1779874500,2.49,2.49,2.484,2.486,18
1779874560,2.486,2.487,2.477,2.478,30
1779874620,2.477,2.478,2.475,2.476,32
1779874680,2.478,2.484,2.478,2.483,46
1779874740,2.484,2.489,2.482,2.483,30
1779874800,2.484,2.484,2.482,2.482,6
1779874860,2.483,2.483,2.479,2.479,16
1779874920,2.48,2.48,2.475,2.475,22
1779874980,2.476,2.481,2.476,2.48,16
1779875040,2.478,2.48,2.478,2.479,20
1779875100,2.478,2.478,2.477,2.478,6
1779875160,2.479,2.479,2.473,2.475,30
1779875220,2.474,2.48,2.474,2.479,14
1779875280,2.478,2.478,2.473,2.475,20
1779875340,2.474,2.481,2.473,2.481,24
1779875400,2.48,2.484,2.479,2.479,22
1779875460,2.477,2.478,2.476,2.476,12
1779875520,2.477,2.477,2.472,2.475,24
1779875580,2.476,2.476,2.474,2.475,16
1779875640,2.474,2.477,2.474,2.476,18
1779875700,2.474,2.476,2.474,2.475,12
1779875760,2.474,2.477,2.474,2.475,12
1779875820,2.476,2.476,2.474,2.474,12
1779875880,2.473,2.473,2.471,2.471,6
1779875940,2.469,2.474,2.469,2.47,20
1779876000,2.471,2.473,2.455,2.461,50
1779876060,2.462,2.466,2.46,2.466,48
1779876120,2.467,2.467,2.464,2.465,10
1779876180,2.464,2.467,2.452,2.452,30
1779876240,2.453,2.459,2.453,2.457,36
1779876300,2.458,2.46,2.455,2.458,28
1779876360,2.459,2.46,2.455,2.459,32
1779876420,2.46,2.46,2.458,2.458,14
1779876480,2.459,2.467,2.459,2.467,16
1779876540,2.466,2.467,2.46,2.463,30
1779876600,2.462,2.462,2.461,2.461,4
1779876660,2.46,2.46,2.459,2.459,4
1779876720,2.46,2.461,2.46,2.46,6
1779876780,2.461,2.462,2.459,2.462,12
1779876840,2.461,2.462,2.459,2.459,14
1779876900,2.458,2.461,2.456,2.458,18
1779876960,2.459,2.465,2.459,2.465,14
1779877020,2.465,2.469,2.465,2.469,24
1779877080,2.469,2.47,2.462,2.462,32
1779877140,2.463,2.463,2.463,2.463,2
1779877200,2.462,2.464,2.46,2.46,22
1779877260,2.461,2.462,2.46,2.461,18
1779877320,2.462,2.464,2.462,2.464,10
1779877380,2.465,2.467,2.464,2.466,12
1779877440,2.467,2.467,2.462,2.466,26
1779877500,2.464,2.468,2.463,2.467,18
1779877560,2.466,2.475,2.465,2.475,24
1779877620,2.474,2.477,2.474,2.477,24
1779877680,2.476,2.477,2.473,2.473,16
1779877740,2.472,2.477,2.472,2.475,22
1779877800,2.474,2.477,2.474,2.476,14
1779877860,2.475,2.475,2.47,2.472,20
1779877920,2.473,2.473,2.466,2.466,14
1779877980,2.467,2.467,2.458,2.458,24
1779878040,2.457,2.46,2.454,2.46,28
1779878100,2.461,2.466,2.46,2.465,24
1779878160,2.466,2.469,2.465,2.469,10
1779878220,2.467,2.468,2.461,2.464,23
1779878280,2.465,2.465,2.463,2.463,16
1779878340,2.464,2.465,2.461,2.462,14
1779878400,2.463,2.464,2.463,2.463,6
1779878460,2.462,2.463,2.461,2.461,22
1779878520,2.462,2.463,2.461,2.461,14
1779878580,2.46,2.462,2.456,2.462,32
1779878640,2.463,2.463,2.457,2.46,21
1779878700,2.46,2.465,2.46,2.465,17
1779878760,2.466,2.466,2.458,2.46,22
1779878820,2.461,2.461,2.457,2.458,14
1779878880,2.459,2.465,2.458,2.465,16
1779878940,2.464,2.464,2.463,2.463,8
1779879000,2.464,2.465,2.462,2.463,16
1779879060,2.462,2.462,2.459,2.459,20
1779879120,2.46,2.462,2.46,2.461,16
1779879180,2.462,2.464,2.461,2.463,18
1779879240,2.462,2.468,2.462,2.468,16
1779879300,2.469,2.473,2.468,2.473,22
1779879360,2.473,2.48,2.473,2.477,32
1779879420,2.476,2.481,2.475,2.481,24
1779879480,2.48,2.481,2.477,2.48,22
1779879540,2.481,2.491,2.481,2.489,36
1779879600,2.488,2.499,2.485,2.497,56
1779879660,2.496,2.5,2.493,2.498,41
1779879720,2.5,2.509,2.498,2.508,53
1779879780,2.509,2.513,2.507,2.512,46
1779879840,2.511,2.519,2.51,2.517,46
1779879900,2.516,2.527,2.514,2.527,28
1779879960,2.529,2.532,2.52,2.53,62
1779880020,2.529,2.541,2.528,2.54,76
1779880080,2.539,2.54,2.528,2.529,54
1779880140,2.528,2.531,2.523,2.525,40
1779880200,2.526,2.531,2.525,2.53,30
1779880260,2.531,2.532,2.52,2.523,53
1779880320,2.522,2.526,2.518,2.52,44
1779880380,2.521,2.521,2.518,2.518,24
1779880440,2.517,2.521,2.517,2.518,20
1779880500,2.52,2.528,2.517,2.528,38
1779880560,2.527,2.528,2.517,2.517,42
1779880620,2.516,2.52,2.515,2.519,30
1779880680,2.518,2.519,2.514,2.519,30
1779880740,2.519,2.521,2.514,2.515,28
1779880800,2.516,2.518,2.512,2.517,30
1779880860,2.518,2.52,2.517,2.519,20
1779880920,2.52,2.52,2.516,2.519,28
1779880980,2.518,2.526,2.518,2.521,40
1779881040,2.52,2.523,2.518,2.523,26
1779881100,2.522,2.522,2.518,2.519,12
1779881160,2.521,2.523,2.52,2.522,14
1779881220,2.523,2.526,2.521,2.521,30
1779881280,2.522,2.523,2.519,2.522,22
1779881340,2.523,2.524,2.52,2.52,12
1779881400,2.519,2.519,2.504,2.504,47
1779881460,2.505,2.507,2.501,2.505,49
1779881520,2.506,2.508,2.504,2.504,25
1779881580,2.505,2.516,2.505,2.516,40
1779881640,2.514,2.514,2.509,2.509,30
1779881700,2.51,2.516,2.51,2.515,36
1779881760,2.514,2.515,2.513,2.515,12
1779881820,2.516,2.52,2.516,2.52,18
1779881880,2.517,2.519,2.517,2.519,6
1779881940,2.517,2.521,2.517,2.52,12
1779882000,2.521,2.523,2.514,2.523,36
1779882060,2.525,2.525,2.522,2.522,24
1779882120,2.521,2.521,2.511,2.512,42
1779882180,2.513,2.513,2.506,2.506,62
1779882240,2.507,2.511,2.507,2.51,26
1779882300,2.509,2.516,2.509,2.516,12
1779882360,2.515,2.516,2.513,2.513,12
1779882420,2.514,2.515,2.513,2.515,16
1779882480,2.516,2.517,2.511,2.512,22
1779882540,2.513,2.514,2.509,2.512,22
1779882600,2.513,2.514,2.511,2.512,18
1779882660,2.513,2.517,2.51,2.517,20
1779882720,2.518,2.519,2.516,2.518,22
1779882780,2.519,2.52,2.518,2.52,12
1779882840,2.519,2.519,2.515,2.515,16
1779882900,2.516,2.517,2.516,2.516,6
1779882960,2.515,2.515,2.513,2.513,6
1779883020,2.512,2.514,2.51,2.514,14
1779883080,2.513,2.517,2.512,2.517,26
1779883140,2.516,2.516,2.511,2.514,20
1779883200,2.515,2.515,2.51,2.511,26
1779883260,2.512,2.515,2.505,2.51,45
1779883320,2.511,2.516,2.505,2.515,50
1779883380,2.516,2.52,2.516,2.518,28
1779883440,2.519,2.52,2.515,2.516,14
1779883500,2.515,2.519,2.514,2.517,19
1779883560,2.515,2.515,2.506,2.51,31
1779883620,2.509,2.514,2.507,2.514,28
1779883680,2.513,2.513,2.51,2.511,14
1779883740,2.51,2.517,2.51,2.517,14
1779883800,2.518,2.52,2.517,2.518,30
1779883860,2.519,2.522,2.519,2.522,32
1779883920,2.521,2.521,2.516,2.517,18
1779883980,2.517,2.52,2.517,2.518,22
1779884040,2.519,2.521,2.517,2.518,20
1779884100,2.517,2.517,2.513,2.515,14
1779884160,2.514,2.519,2.514,2.519,14
1779884220,2.52,2.523,2.515,2.515,32
1779884280,2.511,2.511,2.494,2.496,92
1779884340,2.496,2.506,2.496,2.501,60
1779884400,2.5,2.513,2.499,2.513,46
1779884460,2.514,2.528,2.514,2.528,96
1779884520,2.527,2.545,2.525,2.542,84
1779884580,2.541,2.545,2.521,2.524,88
1779884640,2.523,2.529,2.521,2.529,56
1779884700,2.53,2.538,2.53,2.534,54
1779884760,2.535,2.536,2.529,2.529,48
1779884820,2.53,2.533,2.529,2.532,34
1779884880,2.533,2.534,2.525,2.525,48
1779884940,2.524,2.528,2.521,2.526,26
1779885000,2.525,2.531,2.523,2.53,60
1779885060,2.529,2.534,2.527,2.53,64
1779885120,2.531,2.538,2.531,2.534,40
1779885180,2.532,2.534,2.53,2.531,28
1779885240,2.53,2.53,2.516,2.516,42
1779885300,2.517,2.524,2.517,2.524,34
1779885360,2.529,2.534,2.528,2.534,62
1779885420,2.535,2.536,2.528,2.531,28
1779885480,2.532,2.533,2.525,2.533,40
1779885540,2.531,2.538,2.531,2.537,42
1779885600,2.538,2.538,2.531,2.531,48
1779885660,2.529,2.531,2.526,2.526,28
1779885720,2.525,2.534,2.525,2.533,35
1779885780,2.532,2.534,2.529,2.53,34
1779885840,2.531,2.536,2.531,2.535,18
1779885900,2.534,2.534,2.528,2.528,30
1779885960,2.527,2.527,2.522,2.526,22
1779886020,2.525,2.526,2.519,2.521,34
1779886080,2.52,2.524,2.517,2.523,37
1779886140,2.523,2.526,2.523,2.526,19
1779886200,2.527,2.531,2.527,2.531,28
1779886260,2.53,2.533,2.528,2.528,22
1779886320,2.529,2.53,2.526,2.528,28
1779886380,2.527,2.53,2.524,2.529,22
1779886440,2.53,2.531,2.526,2.531,42
1779886500,2.53,2.53,2.52,2.521,17
1779886560,2.522,2.522,2.51,2.512,42
1779886620,2.513,2.519,2.513,2.519,32
1779886680,2.52,2.521,2.52,2.521,12
1779886740,2.522,2.522,2.512,2.513,32
1779886800,2.512,2.522,2.512,2.521,44
1779886860,2.522,2.524,2.52,2.52,36
1779886920,2.521,2.529,2.521,2.526,42
1779886980,2.525,2.526,2.523,2.525,20
1779887040,2.526,2.526,2.513,2.514,54
1779887100,2.516,2.522,2.514,2.522,38
1779887160,2.521,2.522,2.519,2.521,30
1779887220,2.523,2.524,2.521,2.524,24
1779887280,2.523,2.524,2.52,2.52,25
1779887340,2.519,2.527,2.519,2.527,46
1779887400,2.526,2.529,2.525,2.527,26
1779887460,2.528,2.529,2.523,2.524,20
1779887520,2.525,2.532,2.525,2.532,18
1779887580,2.533,2.535,2.53,2.535,36
1779887640,2.534,2.541,2.534,2.541,25
1779887700,2.54,2.543,2.537,2.537,42
1779887760,2.536,2.55,2.536,2.543,42
1779887820,2.544,2.544,2.537,2.539,24
1779887880,2.538,2.548,2.538,2.547,44
1779887940,2.546,2.548,2.545,2.547,30
1779888000,2.546,2.548,2.545,2.547,34
1779888060,2.546,2.548,2.544,2.546,24
1779888120,2.545,2.547,2.543,2.544,26
1779888180,2.543,2.543,2.537,2.539,20
1779888240,2.54,2.542,2.537,2.542,32
1779888300,2.541,2.541,2.531,2.532,52
1779888360,2.531,2.533,2.524,2.527,65
1779888420,2.528,2.53,2.524,2.524,32
1779888480,2.523,2.528,2.521,2.527,40
1779888540,2.526,2.526,2.521,2.521,32
1779888600,2.52,2.523,2.517,2.523,76
1779888660,2.522,2.53,2.521,2.529,88
1779888720,2.527,2.537,2.527,2.534,50
1779888780,2.531,2.539,2.528,2.531,62
1779888840,2.53,2.535,2.53,2.532,24
1779888900,2.531,2.531,2.52,2.521,62
1779888960,2.52,2.521,2.505,2.505,74
1779889020,2.506,2.512,2.5,2.502,79
1779889080,2.501,2.504,2.492,2.497,90
1779889140,2.496,2.514,2.496,2.514,54
1779889200,2.515,2.517,2.509,2.513,52
1779889260,2.514,2.516,2.504,2.504,44
1779889320,2.505,2.511,2.501,2.51,51
1779889380,2.511,2.511,2.501,2.504,56
1779889440,2.507,2.511,2.506,2.511,44
1779889500,2.512,2.515,2.509,2.513,44
1779889560,2.51,2.511,2.501,2.505,44
1779889620,2.506,2.52,2.5,2.517,46
1779889680,2.518,2.53,2.518,2.527,87
1779889740,2.526,2.529,2.519,2.521,45
1779889800,2.524,2.543,2.52,2.542,58
1779889860,2.541,2.547,2.535,2.546,63
1779889920,2.547,2.558,2.544,2.557,84
1779889980,2.555,2.56,2.552,2.556,70
1779890040,2.557,2.56,2.554,2.556,64
1779890100,2.555,2.558,2.553,2.556,45
1779890160,2.557,2.557,2.539,2.54,71
1779890220,2.539,2.541,2.535,2.537,64
1779890280,2.536,2.536,2.526,2.529,74
1779890340,2.53,2.534,2.528,2.532,43
1779890400,2.533,2.545,2.533,2.541,85
1779890460,2.539,2.548,2.537,2.541,71
1779890520,2.54,2.551,2.54,2.549,72
1779890580,2.55,2.55,2.54,2.546,60
1779890640,2.545,2.545,2.536,2.536,69
1779890700,2.537,2.539,2.532,2.532,60
1779890760,2.531,2.534,2.522,2.523,56
1779890820,2.522,2.529,2.521,2.528,52
1779890880,2.527,2.532,2.523,2.525,44
1779890940,2.525,2.531,2.522,2.531,43
1779891000,2.53,2.53,2.507,2.509,68
1779891060,2.51,2.515,2.506,2.506,67
1779891120,2.506,2.509,2.505,2.509,49
1779891180,2.51,2.515,2.509,2.509,36
1779891240,2.507,2.514,2.507,2.512,30
1779891300,2.511,2.515,2.511,2.513,24
1779891360,2.512,2.514,2.505,2.506,32
1779891420,2.505,2.511,2.505,2.511,36
1779891480,2.513,2.525,2.513,2.525,34
1779891540,2.525,2.526,2.519,2.519,36
1779891600,2.518,2.519,2.512,2.513,47
1779891660,2.512,2.518,2.512,2.514,42
1779891720,2.513,2.514,2.506,2.506,36
1779891780,2.507,2.509,2.506,2.508,24
1779891840,2.507,2.507,2.505,2.507,24
1779891900,2.508,2.513,2.508,2.511,26
1779891960,2.51,2.511,2.509,2.51,14
1779892020,2.509,2.509,2.502,2.503,40
1779892080,2.504,2.512,2.504,2.511,53
1779892140,2.512,2.521,2.512,2.52,54
1779892200,2.521,2.541,2.52,2.539,89
1779892260,2.539,2.542,2.537,2.542,52
1779892320,2.541,2.541,2.533,2.534,44
1779892380,2.535,2.538,2.53,2.535,78
1779892440,2.534,2.549,2.533,2.549,55
1779892500,2.549,2.555,2.549,2.555,65
1779892560,2.551,2.552,2.537,2.537,68
1779892620,2.536,2.541,2.533,2.535,60
1779892680,2.536,2.544,2.536,2.542,38
1779892740,2.541,2.542,2.537,2.542,22
1779892800,2.544,2.545,2.541,2.542,31
1779892860,2.54,2.54,2.532,2.538,22
1779892920,2.537,2.538,2.532,2.536,29
1779892980,2.535,2.537,2.532,2.536,30
1779893040,2.534,2.534,2.527,2.527,26
1779893100,2.526,2.531,2.525,2.53,40
1779893160,2.529,2.533,2.527,2.532,42
1779893220,2.533,2.537,2.533,2.535,28
1779893280,2.534,2.537,2.531,2.532,27
1779893340,2.531,2.546,2.531,2.543,56
1779893400,2.542,2.545,2.54,2.54,21
1779893460,2.539,2.546,2.539,2.543,26
1779893520,2.544,2.544,2.54,2.541,24
1779893580,2.542,2.545,2.54,2.544,28
1779893640,2.543,2.55,2.543,2.55,41
1779893700,2.551,2.551,2.543,2.545,44
1779893760,2.546,2.55,2.546,2.55,14
1779893820,2.552,2.555,2.552,2.554,35
1779893880,2.553,2.553,2.549,2.55,30
1779893940,2.551,2.553,2.536,2.536,22
1779894000,2.537,2.537,2.525,2.529,50
1779894060,2.53,2.532,2.526,2.531,44
1779894120,2.532,2.535,2.527,2.531,34
1779894180,2.532,2.541,2.532,2.535,38
1779894240,2.534,2.534,2.528,2.53,26
1779894300,2.531,2.531,2.524,2.527,32
1779894360,2.528,2.529,2.525,2.527,32
1779894420,2.526,2.528,2.524,2.525,20
1779894480,2.524,2.527,2.516,2.527,38
1779894540,2.528,2.541,2.528,2.538,42
1779894600,2.537,2.545,2.536,2.544,48
1779894660,2.545,2.549,2.534,2.534,58
1779894720,2.533,2.545,2.533,2.544,34
1779894780,2.543,2.544,2.538,2.542,28
1779894840,2.541,2.543,2.539,2.54,14
1779894900,2.539,2.543,2.537,2.54,34
1779894960,2.539,2.55,2.539,2.55,40
1779895020,2.551,2.561,2.549,2.56,50
1779895080,2.561,2.564,2.558,2.562,44
1779895140,2.561,2.561,2.554,2.555,50
1779895200,2.554,2.557,2.55,2.554,51
1779895260,2.555,2.555,2.539,2.542,73
1779895320,2.541,2.543,2.538,2.542,57
1779895380,2.541,2.546,2.539,2.546,46
1779895440,2.547,2.552,2.546,2.551,44
1779895500,2.552,2.553,2.546,2.552,48
1779895560,2.552,2.553,2.54,2.545,42
1779895620,2.546,2.554,2.546,2.551,50
1779895680,2.55,2.552,2.545,2.546,32
1779895740,2.548,2.549,2.542,2.547,32
1779895800,2.548,2.556,2.546,2.556,42
1779895860,2.557,2.564,2.557,2.56,48
1779895920,2.561,2.568,2.558,2.566,42
1779895980,2.565,2.58,2.564,2.577,60
1779896040,2.576,2.587,2.575,2.587,55
1779896100,2.586,2.598,2.58,2.597,72
1779896160,2.599,2.606,2.593,2.602,93
1779896220,2.603,2.61,2.597,2.61,48
1779896280,2.611,2.615,2.609,2.61,71
1779896340,2.611,2.612,2.605,2.61,64
1779896400,2.609,2.611,2.602,2.61,66
1779896460,2.609,2.616,2.606,2.606,48
1779896520,2.605,2.611,2.604,2.606,72
1779896580,2.605,2.605,2.597,2.598,52
1779896640,2.6,2.603,2.59,2.591,60
1779896700,2.593,2.605,2.593,2.605,71
1779896760,2.604,2.604,2.592,2.592,52
1779896820,2.593,2.608,2.592,2.603,59
1779896880,2.605,2.608,2.602,2.604,38
1779896940,2.603,2.603,2.594,2.601,54
1779897000,2.603,2.61,2.603,2.607,36
1779897060,2.606,2.606,2.594,2.594,64
1779897120,2.595,2.595,2.583,2.586,70
1779897180,2.585,2.585,2.571,2.576,74
1779897240,2.574,2.577,2.565,2.567,49
1779897300,2.568,2.57,2.562,2.563,67
1779897360,2.564,2.576,2.563,2.573,48
1779897420,2.572,2.572,2.566,2.571,52
1779897480,2.57,2.577,2.565,2.577,54
1779897540,2.576,2.584,2.563,2.572,59
1779897600,2.571,2.572,2.566,2.571,42
1779897660,2.572,2.573,2.562,2.568,56
1779897720,2.567,2.57,2.565,2.568,45
1779897780,2.567,2.573,2.565,2.567,45
1779897840,2.568,2.569,2.564,2.565,51
1779897900,2.564,2.565,2.557,2.558,44
1779897960,2.559,2.566,2.557,2.56,54
1779898020,2.559,2.56,2.553,2.555,38
1779898080,2.554,2.555,2.542,2.545,50
1779898140,2.546,2.556,2.546,2.552,52
1779898200,2.553,2.553,2.549,2.552,50
1779898260,2.553,2.555,2.549,2.55,26
1779898320,2.551,2.557,2.551,2.556,28
1779898380,2.554,2.555,2.547,2.548,34
1779898440,2.543,2.543,2.541,2.543,26
1779898500,2.542,2.542,2.538,2.54,36
1779898560,2.541,2.542,2.533,2.537,36
1779898620,2.536,2.543,2.535,2.542,48
1779898680,2.54,2.545,2.538,2.542,54
1779898740,2.544,2.546,2.539,2.54,42
1779898800,2.538,2.54,2.535,2.538,32
1779898860,2.539,2.543,2.533,2.535,44
1779898920,2.536,2.542,2.536,2.538,45
1779898980,2.54,2.54,2.535,2.539,30
1779899040,2.54,2.548,2.539,2.548,32
1779899100,2.549,2.552,2.547,2.552,44
1779899160,2.553,2.553,2.546,2.55,38
1779899220,2.549,2.55,2.541,2.541,26
1779899280,2.54,2.544,2.54,2.541,26
1779899340,2.54,2.54,2.535,2.535,22
1779899400,2.534,2.534,2.527,2.533,52
1779899460,2.532,2.538,2.531,2.538,46
1779899520,2.537,2.542,2.537,2.541,30
1779899580,2.54,2.541,2.532,2.532,23
1779899640,2.533,2.533,2.521,2.527,58
1779899700,2.528,2.528,2.521,2.522,35
1779899760,2.523,2.526,2.518,2.52,43
1779899820,2.521,2.533,2.521,2.533,37
1779899880,2.536,2.537,2.531,2.533,26
1779899940,2.534,2.534,2.524,2.525,28
1779900000,2.526,2.531,2.524,2.524,32
1779900060,2.521,2.528,2.52,2.527,42
1779900120,2.526,2.534,2.526,2.534,38
1779900180,2.535,2.54,2.532,2.539,34
1779900240,2.54,2.541,2.535,2.535,36
1779900300,2.537,2.542,2.536,2.541,35
1779900360,2.54,2.544,2.537,2.543,37
1779900420,2.543,2.545,2.54,2.541,37
1779900480,2.54,2.544,2.54,2.543,18
1779900540,2.542,2.555,2.542,2.553,44
1779900600,2.552,2.553,2.549,2.552,48
1779900660,2.551,2.552,2.549,2.549,37
1779900720,2.548,2.551,2.546,2.548,29
1779900780,2.547,2.55,2.545,2.545,26
1779900840,2.546,2.551,2.543,2.551,32
1779900900,2.55,2.553,2.549,2.553,19
1779900960,2.552,2.56,2.552,2.557,70
1779901020,2.556,2.561,2.555,2.56,36
1779901080,2.559,2.559,2.553,2.553,44
1779901140,2.554,2.557,2.554,2.556,22
1779901200,2.557,2.56,2.553,2.555,36
1779901260,2.556,2.556,2.545,2.545,51
1779901320,2.544,2.549,2.544,2.548,52
1779901380,2.549,2.555,2.547,2.555,22
1779901440,2.557,2.564,2.557,2.564,48
1779901500,2.565,2.567,2.562,2.563,46
1779901560,2.562,2.562,2.549,2.549,42
1779901620,2.55,2.55,2.542,2.542,34
1779901680,2.543,2.55,2.543,2.544,52
1779901740,2.545,2.548,2.544,2.545,28
1779901800,2.544,2.548,2.544,2.544,18
1779901860,2.546,2.552,2.543,2.543,52
1779901920,2.542,2.548,2.541,2.543,56
1779901980,2.544,2.545,2.529,2.531,73
1779902040,2.532,2.532,2.519,2.52,78
1779902100,2.521,2.522,2.508,2.51,82
1779902160,2.511,2.532,2.51,2.532,88
1779902220,2.533,2.538,2.526,2.526,62
1779902280,2.528,2.528,2.52,2.521,20
1779902340,2.52,2.528,2.519,2.525,48
1779902400,2.524,2.524,2.521,2.522,22
1779902460,2.521,2.531,2.521,2.529,36
1779902520,2.531,2.532,2.521,2.521,33
1779902580,2.522,2.522,2.516,2.52,55
1779902640,2.521,2.522,2.516,2.52,26
1779902700,2.519,2.526,2.518,2.524,40
1779902760,2.523,2.523,2.516,2.517,43
1779902820,2.517,2.531,2.517,2.531,62
1779902880,2.529,2.529,2.523,2.523,20
1779902940,2.524,2.531,2.524,2.529,32
1779903000,2.53,2.53,2.524,2.525,20
1779903060,2.526,2.545,2.526,2.539,36
1779903120,2.541,2.542,2.538,2.54,28
1779903180,2.539,2.548,2.538,2.548,42
1779903240,2.547,2.55,2.537,2.537,54
1779903300,2.536,2.536,2.531,2.535,40
1779903360,2.538,2.539,2.532,2.533,29
1779903420,2.534,2.535,2.531,2.531,36
1779903480,2.53,2.536,2.529,2.536,30
1779903540,2.537,2.538,2.532,2.532,38
1779903600,2.531,2.536,2.528,2.528,40
1779903660,2.527,2.531,2.525,2.531,24
1779903720,2.53,2.533,2.518,2.518,50
1779903780,2.518,2.522,2.517,2.521,41
1779903840,2.522,2.524,2.508,2.51,71
1779903900,2.511,2.513,2.509,2.512,36
1779903960,2.513,2.517,2.509,2.515,52
1779904020,2.514,2.514,2.504,2.505,42
1779904080,2.507,2.513,2.505,2.512,48
1779904140,2.513,2.515,2.51,2.511,34
1779904200,2.512,2.515,2.51,2.514,27
1779904260,2.516,2.518,2.513,2.516,22
1779904320,2.517,2.52,2.516,2.519,24
1779904380,2.517,2.518,2.512,2.514,42
1779904440,2.516,2.516,2.51,2.513,22
1779904500,2.514,2.52,2.514,2.515,29
1779904560,2.516,2.522,2.51,2.519,80
1779904620,2.52,2.525,2.519,2.52,36
1779904680,2.521,2.524,2.52,2.523,25
1779904740,2.522,2.525,2.519,2.524,28
1779904800,2.523,2.531,2.523,2.527,46
1779904860,2.528,2.532,2.526,2.529,56
1779904920,2.529,2.531,2.529,2.53,14
1779904980,2.531,2.536,2.531,2.533,12
1779905040,2.532,2.532,2.521,2.526,47
1779905100,2.527,2.529,2.524,2.524,27
1779905160,2.523,2.525,2.52,2.52,26
1779905220,2.519,2.53,2.518,2.53,26
1779905280,2.529,2.529,2.523,2.523,28
1779905340,2.524,2.524,2.52,2.52,20
1779905400,2.521,2.529,2.521,2.528,20
1779905460,2.527,2.529,2.525,2.525,26
1779905520,2.524,2.526,2.522,2.523,26
1779905580,2.522,2.523,2.518,2.519,34
1779905640,2.52,2.548,2.52,2.546,62
1779905700,2.545,2.548,2.545,2.546,28
1779905760,2.545,2.549,2.545,2.548,36
1779905820,2.547,2.549,2.543,2.543,29
1779905880,2.544,2.549,2.541,2.549,31
1779905940,2.548,2.551,2.545,2.55,42
1779906000,2.546,2.548,2.542,2.542,34
1779906060,2.543,2.55,2.538,2.548,42
1779906120,2.549,2.556,2.547,2.549,40
1779906180,2.55,2.552,2.54,2.543,29
1779906240,2.544,2.547,2.542,2.547,20
1779906300,2.546,2.549,2.544,2.546,30
1779906360,2.547,2.549,2.547,2.548,8
1779906420,2.549,2.554,2.541,2.541,36
1779906480,2.543,2.543,2.535,2.537,24
1779906540,2.539,2.539,2.534,2.535,16
1779906600,2.534,2.547,2.534,2.547,32
1779906660,2.548,2.549,2.544,2.549,40
1779906720,2.552,2.562,2.552,2.559,43
1779906780,2.56,2.561,2.555,2.555,17
1779906840,2.556,2.563,2.556,2.563,18
1779906900,2.564,2.566,2.56,2.565,34
1779906960,2.566,2.566,2.555,2.556,38
1779907020,2.554,2.556,2.553,2.555,22
1779907080,2.553,2.554,2.551,2.552,22
1779907140,2.553,2.562,2.553,2.56,42
1779907200,2.561,2.562,2.558,2.56,18
1779907260,2.561,2.568,2.56,2.567,28
1779907320,2.568,2.572,2.563,2.563,30
1779907380,2.564,2.564,2.561,2.562,28
1779907440,2.561,2.565,2.56,2.563,20
1779907500,2.562,2.564,2.561,2.562,28
1779907560,2.563,2.575,2.563,2.571,40
1779907620,2.57,2.571,2.567,2.571,33
1779907680,2.57,2.575,2.569,2.573,45
1779907740,2.574,2.584,2.574,2.584,38
1779907800,2.585,2.603,2.585,2.603,59
1779907860,2.604,2.614,2.603,2.609,62
1779907920,2.608,2.608,2.598,2.598,51
1779907980,2.597,2.601,2.589,2.593,67
1779908040,2.594,2.603,2.594,2.601,28
1779908100,2.602,2.602,2.594,2.595,28
1779908160,2.594,2.596,2.594,2.595,12
1779908220,2.594,2.612,2.591,2.605,85
1779908280,2.606,2.611,2.604,2.607,38
1779908340,2.608,2.613,2.608,2.613,24
1779908400,2.612,2.621,2.606,2.621,74
1779908460,2.62,2.633,2.618,2.631,89
1779908520,2.63,2.638,2.629,2.638,68
1779908580,2.636,2.642,2.633,2.642,72
1779908640,2.642,2.645,2.635,2.645,48
1779908700,2.644,2.644,2.631,2.642,78
1779908760,2.643,2.659,2.642,2.659,67
1779908820,2.655,2.658,2.647,2.657,88
1779908880,2.658,2.664,2.656,2.661,82
1779908940,2.659,2.666,2.659,2.661,54
1779909000,2.662,2.667,2.661,2.663,55
1779909060,2.664,2.668,2.66,2.665,56
1779909120,2.664,2.672,2.662,2.672,48
1779909180,2.673,2.679,2.671,2.676,56
1779909240,2.675,2.683,2.673,2.682,73
1779909300,2.681,2.699,2.681,2.691,87
1779909360,2.69,2.692,2.674,2.685,73
1779909420,2.683,2.684,2.662,2.665,87
1779909480,2.666,2.677,2.666,2.672,56
1779909540,2.67,2.674,2.668,2.67,54
1779909600,2.669,2.673,2.657,2.659,75
1779909660,2.658,2.661,2.649,2.651,62
1779909720,2.652,2.657,2.652,2.654,28
1779909780,2.656,2.663,2.652,2.662,58
1779909840,2.663,2.671,2.662,2.67,60
1779909900,2.669,2.68,2.667,2.678,63
1779909960,2.677,2.694,2.677,2.686,75
1779910020,2.687,2.693,2.687,2.692,52
1779910080,2.693,2.693,2.684,2.687,46
1779910140,2.686,2.686,2.675,2.68,55
1779910200,2.679,2.679,2.663,2.671,82
1779910260,2.672,2.677,2.667,2.672,54
1779910320,2.671,2.687,2.671,2.686,70
1779910380,2.685,2.697,2.682,2.692,61
1779910440,2.691,2.694,2.689,2.691,34
1779910500,2.691,2.694,2.684,2.693,51
1779910560,2.692,2.697,2.689,2.697,54
1779910620,2.696,2.697,2.694,2.695,46
1779910680,2.694,2.699,2.691,2.698,30
1779910740,2.706,2.728,2.706,2.716,98
1779910800,2.715,2.719,2.707,2.718,67
1779910860,2.719,2.719,2.707,2.71,70
1779910920,2.709,2.711,2.694,2.696,50
1779910980,2.695,2.695,2.681,2.683,74
1779911040,2.684,2.687,2.672,2.68,64
1779911100,2.683,2.685,2.672,2.672,47
1779911160,2.673,2.682,2.672,2.672,35
1779911220,2.673,2.684,2.672,2.681,54
1779911280,2.682,2.687,2.68,2.682,47
1779911340,2.68,2.68,2.662,2.665,88
1779911400,2.664,2.664,2.656,2.66,50
1779911460,2.659,2.666,2.651,2.652,53
1779911520,2.653,2.668,2.653,2.667,59
1779911580,2.666,2.674,2.666,2.67,40
1779911640,2.671,2.677,2.667,2.672,54
1779911700,2.671,2.671,2.66,2.661,43
1779911760,2.66,2.66,2.652,2.659,50
1779911820,2.658,2.66,2.656,2.656,38
1779911880,2.657,2.672,2.657,2.671,48
1779911940,2.67,2.67,2.662,2.664,38
1779912000,2.663,2.665,2.661,2.661,44
1779912060,2.662,2.662,2.638,2.642,108
1779912120,2.641,2.645,2.639,2.645,59
1779912180,2.643,2.646,2.641,2.641,51
1779912240,2.644,2.648,2.64,2.64,43
1779912300,2.638,2.64,2.63,2.633,59
1779912360,2.632,2.643,2.63,2.637,53
1779912420,2.638,2.638,2.624,2.625,54
1779912480,2.627,2.63,2.625,2.628,32
1779912540,2.629,2.647,2.628,2.646,63
1779912600,2.647,2.653,2.646,2.649,85
1779912660,2.648,2.649,2.636,2.639,55
1779912720,2.637,2.64,2.636,2.637,30
1779912780,2.636,2.642,2.634,2.642,26
1779912840,2.641,2.644,2.635,2.636,45
1779912900,2.639,2.643,2.631,2.631,46
1779912960,2.63,2.63,2.615,2.618,78
1779913020,2.619,2.628,2.619,2.628,50
1779913080,2.63,2.632,2.623,2.624,41
1779913140,2.626,2.626,2.621,2.625,38
1779913200,2.626,2.628,2.623,2.624,40
1779913260,2.623,2.624,2.618,2.62,59
1779913320,2.621,2.621,2.609,2.61,78
1779913380,2.611,2.613,2.608,2.61,58
1779913440,2.611,2.611,2.59,2.596,69
1779913500,2.595,2.598,2.593,2.596,58
1779913560,2.597,2.598,2.583,2.586,78
1779913620,2.587,2.587,2.58,2.585,65
1779913680,2.586,2.593,2.586,2.586,46
1779913740,2.587,2.59,2.586,2.588,37
1779913800,2.588,2.594,2.587,2.593,21
1779913860,2.592,2.6,2.591,2.597,52
1779913920,2.598,2.599,2.588,2.591,40
1779913980,2.59,2.591,2.58,2.588,68
1779914040,2.589,2.602,2.583,2.602,50
1779914100,2.603,2.622,2.601,2.621,114
1779914160,2.62,2.623,2.612,2.614,86
1779914220,2.613,2.62,2.613,2.62,48
1779914280,2.619,2.619,2.611,2.616,38
1779914340,2.617,2.619,2.613,2.614,38
1779914400,2.613,2.635,2.613,2.635,82
1779914460,2.634,2.634,2.619,2.62,56
1779914520,2.621,2.622,2.619,2.619,26
1779914580,2.617,2.622,2.616,2.622,26
1779914640,2.621,2.621,2.614,2.618,35
1779914700,2.619,2.629,2.619,2.624,48
1779914760,2.625,2.629,2.624,2.628,30
1779914820,2.627,2.632,2.627,2.629,50
1779914880,2.628,2.628,2.625,2.625,22
1779914940,2.624,2.629,2.623,2.628,38
1779915000,2.627,2.627,2.623,2.627,24
1779915060,2.628,2.628,2.621,2.627,36
1779915120,2.629,2.631,2.626,2.627,30
1779915180,2.625,2.625,2.616,2.62,46
1779915240,2.621,2.622,2.612,2.615,34
1779915300,2.616,2.621,2.616,2.617,26
1779915360,2.618,2.624,2.614,2.614,41
1779915420,2.613,2.616,2.61,2.611,22
1779915900,2.601,2.605,2.597,2.604,38
1779915960,2.605,2.611,2.604,2.609,34
1779916020,2.61,2.61,2.604,2.605,26
1779916080,2.606,2.607,2.605,2.606,22
1779916140,2.604,2.608,2.6,2.606,28
1779916200,2.607,2.608,2.606,2.606,8
1779916260,2.607,2.623,2.607,2.622,50
1779916320,2.623,2.624,2.61,2.61,44
1779916380,2.611,2.619,2.611,2.615,52
1779916440,2.614,2.614,2.608,2.61,24
1779916500,2.611,2.611,2.6,2.602,28
1779916560,2.601,2.601,2.594,2.594,56
1779916620,2.595,2.598,2.593,2.594,37
1779916680,2.595,2.595,2.592,2.594,26
1779916740,2.593,2.603,2.592,2.6,36
1779916800,2.598,2.604,2.597,2.603,28
1779916860,2.602,2.604,2.602,2.603,16
1779916920,2.604,2.605,2.597,2.597,26
1779916980,2.596,2.596,2.592,2.592,22
1779917040,2.591,2.594,2.591,2.593,19
1779917100,2.594,2.595,2.592,2.593,28
1779917160,2.592,2.594,2.592,2.594,15
1779917220,2.593,2.593,2.588,2.592,16
1779917280,2.591,2.592,2.589,2.589,18
1779917340,2.588,2.588,2.566,2.568,65
1779917400,2.567,2.567,2.555,2.556,42
1779917460,2.555,2.565,2.555,2.56,60
1779917520,2.561,2.562,2.555,2.555,20
1779917580,2.556,2.56,2.554,2.558,22
1779917640,2.557,2.557,2.536,2.544,59
1779917700,2.543,2.545,2.537,2.539,51
1779917760,2.54,2.54,2.528,2.533,64
1779917820,2.534,2.542,2.534,2.541,32
1779917880,2.54,2.543,2.537,2.54,26
1779917940,2.539,2.539,2.528,2.53,54
1779918000,2.531,2.531,2.526,2.529,60
1779918060,2.531,2.545,2.531,2.542,52
1779918120,2.541,2.542,2.538,2.54,38
1779918180,2.541,2.541,2.529,2.531,29
1779918240,2.531,2.535,2.52,2.529,88
1779918300,2.53,2.532,2.517,2.519,45
1779918360,2.519,2.524,2.518,2.519,49
1779918420,2.518,2.521,2.516,2.52,65
1779918480,2.515,2.521,2.512,2.516,50
1779918540,2.515,2.53,2.515,2.53,76
1779918600,2.529,2.535,2.529,2.532,30
1779918660,2.533,2.535,2.517,2.529,40
1779918720,2.528,2.529,2.526,2.529,18
1779918780,2.528,2.533,2.526,2.533,24
1779918840,2.532,2.549,2.531,2.541,49
1779918900,2.54,2.546,2.54,2.544,43
1779918960,2.544,2.544,2.531,2.536,35
1779919020,2.534,2.543,2.531,2.54,40
1779919080,2.541,2.559,2.541,2.557,58
1779919140,2.556,2.562,2.552,2.56,58
1779919200,2.56,2.562,2.551,2.551,80
1779919260,2.552,2.563,2.552,2.563,57
1779919320,2.562,2.567,2.562,2.565,62
1779919380,2.566,2.572,2.566,2.572,65
1779919440,2.571,2.573,2.569,2.573,34
1779919500,2.574,2.574,2.557,2.558,46
1779919560,2.557,2.56,2.551,2.552,56
1779919620,2.551,2.553,2.534,2.536,85
1779919680,2.537,2.538,2.524,2.528,64
1779919740,2.529,2.547,2.529,2.538,62
1779919800,2.539,2.54,2.535,2.54,52
1779919860,2.538,2.542,2.535,2.538,52
1779919920,2.537,2.541,2.535,2.537,38
1779919980,2.538,2.542,2.537,2.542,44
1779920040,2.543,2.55,2.542,2.549,36
1779920100,2.55,2.55,2.543,2.544,58
1779920160,2.546,2.559,2.546,2.559,30
1779920220,2.558,2.559,2.555,2.556,40
1779920280,2.555,2.559,2.555,2.558,40
1779920340,2.556,2.556,2.551,2.554,28
1779920400,2.554,2.556,2.552,2.554,30
1779920460,2.555,2.564,2.555,2.562,32
1779920520,2.561,2.563,2.559,2.563,34
1779920580,2.562,2.564,2.562,2.563,16
1779920640,2.565,2.566,2.563,2.564,24
1779920700,2.563,2.568,2.562,2.564,30
1779920760,2.565,2.569,2.564,2.565,34
1779920820,2.563,2.563,2.556,2.557,34
1779920880,2.56,2.565,2.558,2.565,30
1779920940,2.564,2.566,2.563,2.563,26
1779921000,2.562,2.567,2.554,2.556,52
1779921060,2.555,2.556,2.547,2.549,38
1779921120,2.548,2.56,2.548,2.558,32
1779921180,2.559,2.56,2.553,2.553,48
1779921240,2.552,2.557,2.552,2.555,26
1779921300,2.554,2.556,2.551,2.554,36
1779921360,2.553,2.558,2.549,2.556,36
1779921420,2.559,2.562,2.558,2.559,31
1779921480,2.557,2.559,2.556,2.557,23
1779921540,2.558,2.561,2.558,2.559,28
1779921600,2.561,2.57,2.561,2.569,44
1779921660,2.57,2.571,2.561,2.563,23
1779921720,2.565,2.567,2.563,2.567,22
1779921780,2.565,2.566,2.563,2.566,22
1779921840,2.565,2.572,2.565,2.57,24
1779921900,2.572,2.577,2.572,2.574,50
1779921960,2.571,2.572,2.564,2.565,42
1779922020,2.564,2.564,2.553,2.553,67
1779922080,2.552,2.553,2.545,2.545,42
1779922140,2.542,2.547,2.541,2.546,34
1779922200,2.545,2.547,2.544,2.546,28
1779922260,2.545,2.545,2.532,2.533,42
1779922320,2.535,2.535,2.522,2.523,56
1779922380,2.524,2.529,2.523,2.527,44
1779922440,2.526,2.536,2.525,2.531,52
1779922500,2.53,2.538,2.527,2.527,51
1779922560,2.528,2.534,2.527,2.534,30
1779922620,2.533,2.535,2.53,2.533,26
1779922680,2.53,2.535,2.525,2.525,33
1779922740,2.526,2.526,2.517,2.523,48
1779922800,2.522,2.524,2.517,2.524,61
1779922860,2.523,2.526,2.517,2.522,58
1779922920,2.524,2.524,2.519,2.524,38
1779922980,2.522,2.523,2.519,2.523,16
1779923040,2.522,2.532,2.521,2.529,47
1779923100,2.528,2.528,2.522,2.523,24
1779923160,2.525,2.531,2.524,2.524,38
1779923220,2.523,2.532,2.523,2.532,30
1779923280,2.53,2.53,2.526,2.527,26
1779923340,2.525,2.528,2.516,2.521,46
1779923400,2.52,2.524,2.519,2.521,34
1779923460,2.52,2.523,2.518,2.519,30
1779923520,2.518,2.52,2.512,2.516,50
1779923580,2.517,2.517,2.509,2.515,50
1779923640,2.516,2.518,2.513,2.517,32
1779923700,2.516,2.52,2.516,2.516,33
1779923760,2.515,2.516,2.477,2.479,94
1779923820,2.475,2.484,2.466,2.483,108
1779923880,2.481,2.491,2.481,2.488,46
1779923940,2.489,2.494,2.484,2.494,54
1779924000,2.493,2.495,2.488,2.489,32
1779924060,2.49,2.495,2.488,2.49,47
1779924120,2.488,2.492,2.487,2.492,57
1779924180,2.493,2.495,2.492,2.493,51
1779924240,2.494,2.494,2.489,2.491,44
1779924300,2.492,2.498,2.487,2.497,66
1779924360,2.498,2.5,2.494,2.495,26
1779924420,2.496,2.499,2.489,2.489,47
1779924480,2.49,2.493,2.486,2.487,45
1779924540,2.486,2.491,2.484,2.489,47
1779924600,2.49,2.492,2.486,2.487,27
1779924660,2.488,2.495,2.488,2.493,22
1779924720,2.492,2.493,2.487,2.488,32
1779924780,2.489,2.49,2.475,2.475,50
1779924840,2.476,2.481,2.475,2.477,42
1779924900,2.476,2.477,2.466,2.466,62
1779924960,2.468,2.475,2.468,2.474,30
1779925020,2.473,2.476,2.471,2.475,40
1779925080,2.477,2.478,2.474,2.478,28
1779925140,2.479,2.482,2.479,2.482,20
1779925200,2.484,2.484,2.48,2.481,24
1779925260,2.482,2.487,2.48,2.482,28
1779925320,2.481,2.484,2.477,2.484,22
1779925380,2.481,2.482,2.479,2.479,26
1779925440,2.48,2.483,2.475,2.478,46
1779925500,2.477,2.481,2.476,2.478,35
1779925560,2.479,2.481,2.476,2.479,37
1779925620,2.478,2.478,2.474,2.477,22
1779925680,2.478,2.488,2.478,2.488,34
1779925740,2.49,2.492,2.486,2.492,24
1779925800,2.49,2.494,2.488,2.493,28
1779925860,2.492,2.494,2.489,2.49,24
1779925920,2.489,2.496,2.489,2.492,39
1779925980,2.493,2.493,2.488,2.488,16
1779926040,2.486,2.494,2.486,2.493,37
1779926100,2.491,2.494,2.49,2.491,22
1779926160,2.492,2.495,2.49,2.494,24
1779926220,2.492,2.492,2.489,2.489,28
1779926280,2.49,2.49,2.485,2.485,16
1779926340,2.484,2.484,2.481,2.482,21
1779926400,2.481,2.493,2.478,2.493,68
1779926460,2.494,2.498,2.493,2.498,54
1779926520,2.499,2.5,2.493,2.495,47
1779926580,2.495,2.496,2.486,2.487,52
1779926640,2.488,2.492,2.488,2.488,30
1779926700,2.487,2.487,2.48,2.481,44
1779926760,2.48,2.483,2.475,2.483,40
1779926820,2.484,2.485,2.477,2.478,32
1779926880,2.479,2.479,2.467,2.467,36
1779926940,2.468,2.472,2.467,2.468,46
1779927000,2.469,2.469,2.456,2.456,81
1779927060,2.457,2.471,2.457,2.469,51
1779927120,2.47,2.472,2.467,2.471,26
1779927180,2.472,2.472,2.465,2.465,30
1779927240,2.464,2.465,2.46,2.461,30
1779927300,2.464,2.469,2.464,2.469,28
1779927360,2.47,2.488,2.469,2.488,52
1779927420,2.487,2.487,2.474,2.477,48
1779927480,2.478,2.482,2.477,2.481,26
1779927540,2.483,2.486,2.481,2.483,30
1779927600,2.484,2.487,2.483,2.486,26
1779927660,2.485,2.488,2.482,2.487,26
1779927720,2.486,2.488,2.482,2.488,32
1779927780,2.487,2.487,2.48,2.481,34
1779927840,2.48,2.483,2.476,2.477,42
1779927900,2.476,2.477,2.468,2.468,52
1779927960,2.469,2.471,2.459,2.459,60
1779928020,2.458,2.459,2.454,2.456,62
1779928080,2.458,2.461,2.456,2.458,56
1779928140,2.459,2.46,2.458,2.46,19
1779928200,2.461,2.47,2.461,2.467,42
1779928260,2.466,2.474,2.466,2.474,18
1779928320,2.475,2.476,2.472,2.475,26
1779928380,2.474,2.479,2.473,2.477,32
1779928440,2.474,2.475,2.471,2.471,21
1779928500,2.472,2.472,2.467,2.471,24
1779928560,2.47,2.473,2.467,2.47,34
1779928620,2.468,2.47,2.463,2.467,32
1779928680,2.469,2.469,2.462,2.463,30
1779928740,2.461,2.465,2.459,2.459,28
1779928800,2.458,2.459,2.455,2.456,32
1779928860,2.457,2.458,2.455,2.458,26
1779928920,2.459,2.464,2.457,2.463,50
1779928980,2.462,2.464,2.462,2.463,20
1779929040,2.464,2.464,2.461,2.464,32
1779929100,2.463,2.463,2.455,2.459,46
1779929160,2.458,2.459,2.45,2.458,44
1779929220,2.459,2.464,2.459,2.462,34
1779929280,2.463,2.464,2.457,2.457,26
1779929340,2.456,2.458,2.454,2.457,24
1779929400,2.452,2.459,2.451,2.459,22
1779929460,2.458,2.458,2.453,2.453,28
1779929520,2.454,2.458,2.449,2.451,38
1779929580,2.452,2.459,2.452,2.458,42
1779929640,2.459,2.46,2.457,2.458,28
1779929700,2.457,2.461,2.454,2.458,28
1779929760,2.457,2.458,2.447,2.45,51
1779929820,2.451,2.454,2.44,2.442,75
1779929880,2.441,2.449,2.44,2.449,59
1779929940,2.45,2.45,2.438,2.445,66
1779930000,2.446,2.454,2.446,2.453,42
1779930060,2.452,2.457,2.451,2.454,38
1779930120,2.452,2.453,2.445,2.447,36
1779930180,2.446,2.453,2.446,2.453,48
1779930240,2.452,2.453,2.447,2.449,34
1779930300,2.448,2.451,2.446,2.447,30
1779930360,2.448,2.453,2.447,2.452,36
1779930420,2.451,2.452,2.446,2.447,26
1779930480,2.448,2.448,2.445,2.448,32
1779930540,2.449,2.45,2.446,2.449,35
1779930600,2.45,2.45,2.445,2.445,34
1779930660,2.444,2.445,2.437,2.443,54
1779930720,2.444,2.444,2.429,2.434,74
1779930780,2.435,2.435,2.432,2.433,20
1779930840,2.434,2.436,2.432,2.435,28
1779930900,2.434,2.436,2.431,2.433,44
1779930960,2.434,2.434,2.425,2.426,70
1779931020,2.427,2.429,2.421,2.421,80
1779931080,2.422,2.433,2.422,2.432,72
1779931140,2.431,2.434,2.428,2.428,30
1779931200,2.429,2.43,2.425,2.428,38
1779931260,2.427,2.427,2.42,2.42,30
1779931320,2.421,2.421,2.416,2.421,36
1779931380,2.42,2.431,2.42,2.427,51
1779931440,2.428,2.438,2.428,2.433,42
1779931500,2.432,2.432,2.425,2.426,44
1779931560,2.425,2.426,2.419,2.419,32
1779931620,2.418,2.42,2.415,2.417,38
1779931680,2.416,2.423,2.413,2.42,71
1779931740,2.422,2.427,2.422,2.424,48
1779931800,2.424,2.426,2.421,2.426,46
1779931860,2.427,2.435,2.425,2.426,58
1779931920,2.425,2.429,2.424,2.428,56
1779931980,2.429,2.431,2.42,2.42,38
1779932040,2.421,2.424,2.418,2.42,42
1779932100,2.419,2.419,2.415,2.417,36
1779932160,2.418,2.421,2.417,2.419,22
1779932220,2.418,2.42,2.416,2.418,30
1779932280,2.419,2.424,2.419,2.424,54
1779932340,2.423,2.424,2.419,2.419,44
1779932400,2.42,2.426,2.42,2.426,30
1779932460,2.428,2.428,2.42,2.42,39
1779932520,2.42,2.426,2.419,2.425,41
1779932580,2.424,2.433,2.423,2.432,44
1779932640,2.433,2.434,2.428,2.43,32
1779932700,2.429,2.446,2.426,2.446,46
1779932760,2.445,2.445,2.439,2.443,32
1779932820,2.442,2.444,2.438,2.438,24
1779932880,2.437,2.442,2.436,2.442,34
1779932940,2.441,2.441,2.439,2.439,14
1779933000,2.44,2.441,2.44,2.44,16
1779933060,2.439,2.439,2.428,2.429,24
1779933120,2.43,2.435,2.429,2.435,34
1779933180,2.436,2.437,2.435,2.436,20
1779933240,2.435,2.441,2.435,2.439,42
1779933300,2.438,2.442,2.434,2.439,56
1779933360,2.44,2.444,2.44,2.443,36
1779933420,2.442,2.443,2.438,2.439,22
1779933480,2.44,2.443,2.44,2.442,32
1779933540,2.443,2.445,2.442,2.442,20
1779933600,2.443,2.443,2.438,2.438,37
1779933660,2.437,2.44,2.436,2.44,36
1779933720,2.441,2.441,2.437,2.441,28
1779933780,2.442,2.442,2.437,2.439,26
1779933840,2.438,2.442,2.438,2.442,12
1779933900,2.441,2.444,2.44,2.442,26
1779933960,2.442,2.444,2.44,2.441,38
1779934020,2.442,2.443,2.44,2.441,38
1779934080,2.442,2.444,2.442,2.444,18
1779934140,2.443,2.444,2.44,2.442,26
1779934200,2.441,2.441,2.436,2.438,30
1779934260,2.439,2.439,2.437,2.437,22
1779934320,2.436,2.444,2.435,2.441,32
1779934380,2.44,2.44,2.435,2.435,24
1779934440,2.433,2.436,2.431,2.435,34
1779934500,2.434,2.438,2.432,2.432,22
1779934560,2.431,2.434,2.428,2.428,24
1779934620,2.427,2.429,2.421,2.427,38
1779934680,2.426,2.429,2.426,2.427,24
1779934740,2.428,2.428,2.423,2.425,20
1779934800,2.424,2.424,2.421,2.421,32
1779934860,2.422,2.422,2.418,2.418,32
1779934920,2.417,2.419,2.415,2.417,44
1779934980,2.416,2.418,2.415,2.418,54
1779935040,2.419,2.419,2.415,2.415,10
1779935100,2.416,2.421,2.416,2.419,28
1779935160,2.418,2.418,2.415,2.415,32
1779935220,2.414,2.415,2.411,2.412,27
1779935280,2.411,2.414,2.411,2.414,28
1779935340,2.415,2.416,2.41,2.41,18
1779935400,2.412,2.413,2.405,2.405,38
1779935460,2.408,2.408,2.396,2.397,55
1779935520,2.396,2.4,2.391,2.399,76
1779935580,2.398,2.402,2.398,2.401,28
1779935640,2.402,2.405,2.401,2.404,34
1779935700,2.4,2.4,2.395,2.397,30
1779935760,2.398,2.401,2.39,2.39,35
1779935820,2.388,2.396,2.388,2.395,46
1779935880,2.394,2.394,2.391,2.392,20
1779935940,2.391,2.396,2.391,2.396,42
1779936000,2.397,2.403,2.395,2.4,32
1779936060,2.399,2.399,2.394,2.394,32
1779936120,2.395,2.396,2.392,2.394,24
1779936180,2.395,2.397,2.381,2.381,29
1779936240,2.382,2.387,2.381,2.382,39
1779936300,2.381,2.388,2.38,2.384,40
1779936360,2.385,2.396,2.385,2.395,36
1779936420,2.396,2.396,2.392,2.393,40
1779936480,2.392,2.396,2.392,2.394,22
1779936540,2.393,2.396,2.392,2.396,12
1779936600,2.395,2.395,2.39,2.394,28
1779936660,2.394,2.394,2.391,2.392,21
1779936720,2.393,2.393,2.389,2.393,24
1779936780,2.394,2.399,2.394,2.399,18
1779936840,2.4,2.401,2.399,2.399,20
1779936900,2.4,2.403,2.396,2.401,30
1779936960,2.4,2.401,2.397,2.397,18
1779937020,2.396,2.402,2.396,2.399,24
1779937080,2.4,2.404,2.399,2.403,30
1779937140,2.404,2.412,2.404,2.409,55
1779937200,2.411,2.411,2.406,2.406,26
1779937260,2.405,2.405,2.397,2.398,36
1779937320,2.397,2.402,2.393,2.4,44
1779937380,2.398,2.402,2.397,2.4,31
1779937440,2.398,2.401,2.397,2.399,34
1779937500,2.398,2.399,2.397,2.399,30
1779937560,2.4,2.403,2.4,2.403,24
1779937620,2.404,2.404,2.399,2.403,36
1779937680,2.404,2.404,2.398,2.398,26
1779937740,2.399,2.4,2.395,2.399,38
1779937800,2.398,2.399,2.394,2.395,34
1779937860,2.394,2.397,2.394,2.397,42
1779937920,2.396,2.397,2.391,2.391,46
1779937980,2.392,2.396,2.392,2.395,28
1779938040,2.396,2.398,2.396,2.396,22
1779938100,2.397,2.398,2.389,2.389,30
1779938160,2.39,2.39,2.382,2.382,48
1779938220,2.383,2.385,2.381,2.384,71
1779938280,2.385,2.403,2.375,2.403,145
1779938340,2.404,2.411,2.4,2.408,87
1779938400,2.41,2.42,2.41,2.414,72
1779938460,2.415,2.42,2.414,2.419,54
1779938520,2.418,2.42,2.415,2.418,70
1779938580,2.419,2.424,2.418,2.422,40
1779938640,2.42,2.423,2.417,2.422,43
1779938700,2.42,2.422,2.417,2.419,33
1779938760,2.418,2.421,2.416,2.419,37
1779938820,2.419,2.421,2.413,2.418,38
1779938880,2.417,2.417,2.407,2.411,32
1779938940,2.41,2.411,2.406,2.406,28
1779939000,2.403,2.409,2.399,2.406,87
1779939060,2.407,2.41,2.404,2.407,50
1779939120,2.406,2.408,2.402,2.404,46
1779939180,2.403,2.405,2.401,2.401,46
1779939240,2.403,2.405,2.4,2.4,30
1779939300,2.401,2.402,2.394,2.394,62
1779939360,2.395,2.398,2.394,2.394,46
1779939420,2.392,2.397,2.387,2.395,70
1779939480,2.396,2.399,2.392,2.397,41
1779939540,2.395,2.398,2.394,2.396,24
1779939600,2.397,2.403,2.396,2.397,50
1779939660,2.396,2.397,2.394,2.396,24
1779939720,2.397,2.397,2.387,2.387,40
1779939780,2.388,2.391,2.387,2.391,34
1779939840,2.392,2.393,2.387,2.387,36
1779939900,2.386,2.391,2.386,2.391,34
1779939960,2.392,2.4,2.389,2.398,52
1779940020,2.397,2.4,2.396,2.4,40
1779940080,2.401,2.403,2.397,2.398,22
1779940140,2.4,2.404,2.389,2.389,56
1779940200,2.39,2.394,2.389,2.392,30
1779940260,2.391,2.396,2.391,2.392,22
1779940320,2.39,2.393,2.389,2.39,44
1779940380,2.391,2.393,2.388,2.393,40
1779940440,2.391,2.391,2.374,2.378,78
1779940500,2.379,2.38,2.373,2.374,78
1779940560,2.372,2.373,2.362,2.362,68
1779940620,2.363,2.373,2.363,2.373,50
1779940680,2.371,2.379,2.371,2.379,42
1779940740,2.378,2.384,2.375,2.378,54
1779940800,2.379,2.387,2.379,2.387,57
1779940860,2.386,2.388,2.382,2.385,49
1779940920,2.384,2.388,2.378,2.382,91
1779940980,2.383,2.391,2.383,2.388,90
1779941040,2.387,2.395,2.387,2.395,65
1779941100,2.393,2.397,2.389,2.395,75
1779941160,2.396,2.409,2.395,2.408,82
1779941220,2.406,2.409,2.403,2.409,74
1779941280,2.41,2.418,2.409,2.418,50
1779941340,2.417,2.428,2.417,2.426,59
1779941400,2.426,2.428,2.423,2.427,55
1779941460,2.426,2.428,2.422,2.426,55
1779941520,2.424,2.429,2.422,2.424,58
1779941580,2.427,2.427,2.413,2.415,42
1779941640,2.414,2.418,2.414,2.415,34
1779941700,2.414,2.414,2.407,2.41,44
1779941760,2.409,2.409,2.395,2.399,44
1779941820,2.4,2.401,2.397,2.397,24
1779941880,2.396,2.396,2.381,2.386,83
1779941940,2.385,2.39,2.385,2.388,44
1779942000,2.387,2.387,2.377,2.377,44
1779942060,2.376,2.378,2.373,2.375,52
1779942120,2.376,2.386,2.376,2.379,60
1779942180,2.378,2.38,2.374,2.377,42
1779942240,2.378,2.383,2.377,2.377,38
1779942300,2.376,2.378,2.372,2.375,40
1779942360,2.374,2.377,2.371,2.372,60
1779942420,2.373,2.379,2.37,2.379,42
1779942480,2.378,2.379,2.375,2.379,36
1779942540,2.38,2.384,2.38,2.38,38
1779942600,2.379,2.384,2.374,2.382,50
1779942660,2.381,2.384,2.377,2.38,36
1779942720,2.379,2.383,2.377,2.383,37
1779942780,2.382,2.394,2.382,2.394,50
1779942840,2.395,2.395,2.388,2.39,32
1779942900,2.391,2.393,2.382,2.393,28
1779942960,2.395,2.399,2.395,2.397,36
1779943020,2.398,2.399,2.394,2.395,40
1779943080,2.396,2.399,2.388,2.388,38
1779943140,2.389,2.397,2.389,2.396,26
1779943200,2.394,2.4,2.394,2.397,38
1779943260,2.397,2.398,2.39,2.39,18
1779943320,2.392,2.401,2.392,2.401,37
1779943380,2.398,2.398,2.386,2.391,56
1779943440,2.393,2.394,2.391,2.392,24
1779943500,2.393,2.394,2.381,2.381,42
1779943560,2.379,2.397,2.379,2.396,48
1779943620,2.395,2.396,2.392,2.396,42
1779943680,2.395,2.401,2.395,2.399,26
1779943740,2.4,2.408,2.398,2.403,34
1779943800,2.401,2.403,2.396,2.4,34
1779943860,2.399,2.404,2.399,2.402,30
1779943920,2.403,2.405,2.402,2.405,18
1779943980,2.406,2.411,2.406,2.41,30
1779944040,2.409,2.411,2.406,2.408,24
1779944100,2.408,2.412,2.407,2.411,20
1779944160,2.412,2.414,2.41,2.41,28
1779944220,2.411,2.414,2.408,2.411,32
1779944280,2.41,2.412,2.407,2.41,47
1779944340,2.411,2.413,2.411,2.412,22
1779944400,2.413,2.415,2.408,2.409,26
1779944460,2.405,2.413,2.405,2.411,26
1779944520,2.41,2.414,2.408,2.408,18
1779944580,2.407,2.411,2.407,2.41,24
1779944640,2.408,2.411,2.405,2.411,38
1779944700,2.411,2.413,2.409,2.41,37
1779944760,2.411,2.417,2.408,2.417,44
1779944820,2.416,2.419,2.412,2.412,34
1779944880,2.411,2.411,2.396,2.397,52
1779944940,2.398,2.402,2.396,2.402,26
1779945000,2.403,2.404,2.4,2.401,40
1779945060,2.402,2.403,2.398,2.398,22
1779945120,2.397,2.404,2.397,2.402,30
1779945180,2.401,2.401,2.395,2.395,36
1779945240,2.396,2.399,2.396,2.396,18
1779945300,2.397,2.399,2.391,2.391,28
1779945360,2.392,2.393,2.388,2.389,42
1779945420,2.387,2.388,2.38,2.383,50
1779945480,2.384,2.387,2.38,2.38,34
1779945540,2.379,2.384,2.377,2.384,38
1779945600,2.385,2.387,2.381,2.381,32
1779945660,2.38,2.383,2.375,2.383,53
1779945720,2.384,2.385,2.381,2.383,42
1779945780,2.382,2.386,2.38,2.384,42
1779945840,2.385,2.387,2.384,2.387,34
1779945900,2.388,2.391,2.384,2.389,48
1779945960,2.391,2.392,2.39,2.391,28
1779946020,2.391,2.395,2.387,2.388,38
1779946080,2.39,2.392,2.388,2.389,34
1779946140,2.39,2.39,2.384,2.385,30
1779946200,2.386,2.392,2.384,2.392,36
1779946260,2.393,2.394,2.39,2.393,48
1779946320,2.394,2.394,2.386,2.393,48
1779946380,2.393,2.4,2.393,2.397,36
1779946440,2.398,2.401,2.395,2.397,48
1779946500,2.395,2.395,2.392,2.395,34
1779946560,2.396,2.405,2.396,2.403,50
1779946620,2.402,2.405,2.401,2.405,44
1779946680,2.404,2.407,2.403,2.405,26
1779946740,2.406,2.412,2.406,2.412,36
1779946800,2.411,2.413,2.41,2.413,26
1779946860,2.414,2.415,2.408,2.411,24
1779946920,2.412,2.413,2.407,2.409,28
1779946980,2.408,2.409,2.405,2.406,26
1779947040,2.407,2.409,2.407,2.409,14
1779947100,2.41,2.411,2.405,2.405,30
1779947160,2.406,2.407,2.402,2.405,22
1779947220,2.407,2.414,2.407,2.41,46
1779947280,2.411,2.414,2.409,2.409,32
1779947340,2.408,2.411,2.403,2.411,42
1779947400,2.41,2.41,2.408,2.408,18
1779947460,2.409,2.413,2.409,2.412,24
1779947520,2.411,2.415,2.411,2.415,26
1779947580,2.414,2.416,2.413,2.416,26
1779947640,2.414,2.418,2.414,2.417,20
1779947700,2.415,2.416,2.414,2.415,14
1779947760,2.414,2.416,2.414,2.415,16
1779947820,2.414,2.415,2.414,2.414,10
1779947880,2.412,2.412,2.409,2.409,12
1779947940,2.41,2.415,2.41,2.413,20
1779948000,2.412,2.413,2.41,2.41,18
1779948060,2.409,2.412,2.404,2.408,56
1779948120,2.409,2.409,2.398,2.398,32
1779948180,2.397,2.398,2.395,2.397,44
1779948240,2.396,2.399,2.395,2.395,34
1779948300,2.396,2.401,2.396,2.399,22
1779948360,2.4,2.401,2.395,2.395,32
1779948420,2.396,2.397,2.391,2.396,30
1779948480,2.395,2.397,2.391,2.394,38
1779948540,2.393,2.395,2.388,2.388,22
1779948600,2.387,2.387,2.385,2.385,18
1779948660,2.386,2.386,2.383,2.386,28
1779948720,2.385,2.385,2.379,2.383,40
1779948780,2.382,2.386,2.382,2.385,20
1779948840,2.386,2.388,2.386,2.386,25
1779948900,2.387,2.388,2.385,2.388,22
1779948960,2.389,2.391,2.384,2.391,40
1779949020,2.392,2.398,2.389,2.398,53
1779949080,2.397,2.397,2.392,2.393,36
1779949140,2.392,2.394,2.391,2.394,20
1779949200,2.393,2.396,2.391,2.396,14
1779949260,2.397,2.398,2.396,2.398,28
1779949320,2.4,2.404,2.394,2.395,42
1779949380,2.394,2.394,2.383,2.386,48
1779949440,2.385,2.386,2.383,2.385,30
1779949500,2.384,2.384,2.378,2.378,28
1779949560,2.379,2.38,2.369,2.369,40
1779949620,2.37,2.375,2.37,2.375,32
1779949680,2.374,2.375,2.372,2.374,12
1779949740,2.375,2.379,2.375,2.375,24
1779949800,2.374,2.378,2.373,2.378,26
1779949860,2.379,2.38,2.377,2.378,18
1779949920,2.379,2.38,2.376,2.378,16
1779949980,2.377,2.382,2.376,2.376,26
1779950040,2.375,2.375,2.372,2.372,26
1779950100,2.371,2.372,2.368,2.368,38
1779950160,2.367,2.367,2.358,2.36,55
1779950220,2.362,2.373,2.362,2.371,40
1779950280,2.37,2.374,2.368,2.374,22
1779950340,2.375,2.375,2.37,2.371,26
1779950400,2.37,2.374,2.37,2.37,16
1779950460,2.369,2.372,2.369,2.372,24
1779950520,2.373,2.373,2.37,2.371,30
1779950580,2.372,2.376,2.37,2.376,31
1779950640,2.375,2.376,2.373,2.375,22
1779950700,2.375,2.381,2.372,2.381,50
1779950760,2.38,2.385,2.379,2.383,57
1779950820,2.382,2.382,2.373,2.376,38
1779950880,2.375,2.383,2.375,2.383,34
1779950940,2.382,2.382,2.379,2.379,24
1779951000,2.378,2.38,2.373,2.373,22
1779951060,2.372,2.373,2.369,2.373,30
1779951120,2.372,2.377,2.372,2.377,22
1779951180,2.376,2.376,2.371,2.371,30
1779951240,2.37,2.37,2.367,2.367,20
1779951300,2.366,2.373,2.366,2.372,26
1779951360,2.371,2.373,2.368,2.368,22
1779951420,2.364,2.367,2.364,2.367,14
1779951480,2.369,2.373,2.369,2.371,16
1779951540,2.372,2.372,2.368,2.368,22
1779951600,2.369,2.381,2.369,2.378,42
1779951660,2.377,2.38,2.375,2.375,41
1779951720,2.376,2.377,2.372,2.372,18
1779951780,2.371,2.374,2.37,2.374,32
1779951840,2.373,2.374,2.371,2.372,18
1779951900,2.373,2.373,2.367,2.367,26
1779951960,2.366,2.368,2.364,2.365,22
1779952020,2.363,2.368,2.361,2.365,26
1779952080,2.366,2.371,2.366,2.37,20
1779952140,2.371,2.378,2.371,2.377,40
1779952200,2.378,2.378,2.372,2.374,28
1779952260,2.375,2.375,2.37,2.374,27
1779952320,2.375,2.381,2.373,2.379,34
1779952380,2.38,2.381,2.377,2.38,30
1779952440,2.381,2.383,2.379,2.38,26
1779952500,2.379,2.383,2.379,2.379,38
1779952560,2.378,2.383,2.377,2.379,37
1779952620,2.378,2.382,2.375,2.378,28
1779952680,2.377,2.38,2.375,2.379,26
1779952740,2.38,2.382,2.379,2.381,22
1779952800,2.382,2.385,2.381,2.385,32
1779952860,2.386,2.393,2.386,2.392,38
1779952920,2.393,2.393,2.386,2.388,42
1779952980,2.387,2.394,2.385,2.394,42
1779953040,2.395,2.397,2.393,2.395,32
1779953100,2.394,2.397,2.393,2.393,26
1779953160,2.392,2.393,2.388,2.392,30
1779953220,2.393,2.393,2.391,2.391,20
1779953280,2.39,2.391,2.389,2.39,17
1779953340,2.389,2.39,2.385,2.387,35
1779953400,2.388,2.394,2.388,2.389,36
1779953460,2.387,2.387,2.382,2.383,38
1779953520,2.382,2.388,2.382,2.388,36
1779953580,2.389,2.389,2.384,2.387,30
1779953640,2.388,2.391,2.384,2.39,38
1779953700,2.389,2.39,2.385,2.389,24
1779953760,2.388,2.395,2.388,2.394,28
1779953820,2.396,2.415,2.396,2.41,54
1779953880,2.409,2.409,2.406,2.408,20
1779953940,2.406,2.407,2.402,2.404,34
1779954000,2.403,2.408,2.401,2.407,32
1779954060,2.408,2.408,2.403,2.404,28
1779954120,2.403,2.409,2.403,2.406,44
1779954180,2.405,2.408,2.402,2.402,45
1779954240,2.403,2.406,2.403,2.405,32
1779954300,2.404,2.404,2.401,2.401,38
1779954360,2.4,2.402,2.4,2.401,16
1779954420,2.4,2.409,2.4,2.408,26
1779954480,2.407,2.413,2.402,2.406,44
1779954540,2.407,2.408,2.402,2.402,54
1779954600,2.401,2.402,2.397,2.398,43
1779954660,2.398,2.401,2.398,2.4,42
1779954720,2.399,2.402,2.396,2.402,22
1779954780,2.403,2.405,2.401,2.401,18
1779954840,2.4,2.402,2.399,2.399,24
1779954900,2.4,2.408,2.399,2.406,36
1779954960,2.408,2.413,2.408,2.41,43
1779955020,2.409,2.412,2.405,2.406,40
1779955080,2.405,2.41,2.402,2.409,34
1779955140,2.408,2.41,2.408,2.409,22
1779955200,2.411,2.411,2.402,2.402,26
1779955260,2.4,2.401,2.395,2.395,46
1779955320,2.393,2.393,2.386,2.392,44
1779955380,2.391,2.395,2.39,2.393,18
1779955440,2.394,2.396,2.394,2.394,18
1779955500,2.395,2.396,2.392,2.396,18
1779955560,2.397,2.403,2.396,2.403,28
1779955620,2.402,2.405,2.4,2.405,16
1779955680,2.407,2.409,2.406,2.408,18
1779955740,2.409,2.411,2.406,2.406,34
1779955800,2.404,2.406,2.399,2.403,23
1779955860,2.401,2.408,2.4,2.405,28
1779955920,2.406,2.409,2.405,2.406,26
1779955980,2.405,2.405,2.402,2.403,22
1779956040,2.404,2.411,2.404,2.411,14
1779956100,2.41,2.412,2.408,2.411,28
1779956160,2.407,2.41,2.405,2.41,14
1779956220,2.411,2.411,2.402,2.402,29
1779956280,2.401,2.403,2.398,2.4,30
1779956340,2.401,2.405,2.401,2.405,22
1779956400,2.404,2.404,2.397,2.397,16
1779956460,2.396,2.397,2.394,2.395,28
1779956520,2.394,2.395,2.39,2.391,32
1779956580,2.39,2.393,2.389,2.393,24
1779956640,2.394,2.394,2.389,2.389,16
1779956700,2.388,2.389,2.386,2.389,24
1779956760,2.39,2.392,2.389,2.389,12
1779956820,2.388,2.39,2.388,2.388,10
1779956880,2.387,2.39,2.385,2.388,32
1779956940,2.389,2.391,2.389,2.389,10
1779957000,2.39,2.392,2.385,2.385,24
1779957060,2.384,2.384,2.382,2.383,10
1779957120,2.384,2.395,2.384,2.394,26
1779957180,2.393,2.396,2.393,2.396,20
1779957240,2.397,2.4,2.397,2.397,26
1779957300,2.398,2.4,2.395,2.399,28
1779957360,2.401,2.409,2.401,2.408,32
1779957420,2.41,2.411,2.407,2.407,25
1779957480,2.408,2.41,2.407,2.41,18
1779957540,2.409,2.411,2.408,2.411,26
1779957600,2.41,2.411,2.408,2.411,30
1779957660,2.408,2.408,2.402,2.404,28
1779957720,2.403,2.403,2.401,2.401,10
1779957780,2.4,2.4,2.395,2.395,16
1779957840,2.394,2.395,2.393,2.395,14
1779957900,2.394,2.398,2.394,2.397,12
1779957960,2.396,2.397,2.39,2.39,20
1779958020,2.389,2.39,2.387,2.387,30
1779958080,2.386,2.39,2.385,2.386,36
1779958140,2.385,2.387,2.383,2.385,22
1779958200,2.384,2.386,2.382,2.386,18
1779958260,2.387,2.388,2.385,2.385,8
1779958320,2.384,2.385,2.382,2.385,24
1779958380,2.384,2.385,2.382,2.385,18
1779958440,2.386,2.389,2.385,2.389,16
1779958500,2.388,2.389,2.384,2.384,18
1779958560,2.383,2.385,2.382,2.384,24
1779958620,2.383,2.384,2.381,2.382,20
1779958680,2.381,2.382,2.379,2.379,18
1779958740,2.378,2.381,2.375,2.381,32
1779958800,2.383,2.386,2.382,2.382,30
1779958860,2.381,2.381,2.373,2.38,34
1779958920,2.379,2.381,2.377,2.38,16
1779958980,2.379,2.383,2.379,2.381,16
1779959040,2.38,2.384,2.378,2.381,28
1779959100,2.38,2.38,2.378,2.379,8
1779959160,2.378,2.383,2.378,2.38,26
1779959220,2.381,2.383,2.381,2.382,20
1779959280,2.381,2.383,2.38,2.382,20
1779959340,2.381,2.382,2.377,2.378,22
1779959400,2.377,2.38,2.373,2.38,32
1779959460,2.381,2.383,2.379,2.381,30
1779959520,2.382,2.382,2.379,2.382,18
1779959580,2.383,2.386,2.383,2.384,22
1779959640,2.385,2.386,2.382,2.382,10
1779959700,2.383,2.383,2.38,2.383,18
1779959760,2.384,2.391,2.384,2.387,30
1779959820,2.385,2.39,2.385,2.39,16
1779959880,2.391,2.393,2.389,2.389,14
1779959940,2.39,2.395,2.39,2.395,22
1779960000,2.396,2.396,2.393,2.396,14
1779960060,2.397,2.397,2.392,2.393,36
1779960120,2.394,2.397,2.392,2.395,18
1779960180,2.396,2.399,2.395,2.399,34
1779960240,2.4,2.41,2.4,2.409,32
1779960300,2.408,2.412,2.407,2.412,36
1779960360,2.411,2.413,2.409,2.409,20
1779960420,2.409,2.409,2.407,2.407,14
1779960480,2.408,2.409,2.404,2.408,22
1779960540,2.407,2.41,2.405,2.41,18
1779960600,2.408,2.408,2.405,2.405,8
1779960660,2.404,2.407,2.401,2.401,24
1779960720,2.4,2.404,2.399,2.404,20
1779960780,2.405,2.406,2.404,2.406,8
1779960840,2.408,2.409,2.406,2.409,20
1779960900,2.407,2.407,2.402,2.403,21
1779960960,2.404,2.407,2.403,2.404,32
1779961020,2.405,2.405,2.397,2.397,30
1779961080,2.398,2.4,2.397,2.397,32
1779961140,2.398,2.399,2.395,2.396,24
1779961200,2.397,2.4,2.397,2.4,12
1779961260,2.401,2.405,2.4,2.404,28
1779961320,2.405,2.408,2.404,2.406,26
1779961380,2.407,2.409,2.404,2.404,30
1779961440,2.406,2.406,2.404,2.404,6
1779961500,2.402,2.402,2.398,2.4,22
1779961560,2.401,2.401,2.397,2.397,22
1779961620,2.399,2.403,2.398,2.402,32
1779961680,2.401,2.408,2.401,2.407,18
1779961740,2.408,2.415,2.408,2.411,24
1779961800,2.412,2.415,2.411,2.415,30
1779961860,2.414,2.417,2.413,2.415,34
1779961920,2.416,2.417,2.414,2.414,35
1779961980,2.413,2.413,2.408,2.408,36
1779962040,2.407,2.41,2.406,2.41,22
1779962100,2.411,2.415,2.411,2.414,16
1779962160,2.413,2.416,2.413,2.414,22
1779962220,2.411,2.417,2.411,2.416,21
1779962280,2.415,2.416,2.411,2.412,20
1779962340,2.411,2.414,2.411,2.413,14
1779962400,2.412,2.417,2.41,2.417,24
1779962460,2.419,2.42,2.413,2.413,32
1779962520,2.414,2.414,2.409,2.41,20
1779962580,2.409,2.414,2.409,2.411,16
1779962640,2.41,2.41,2.406,2.406,24
1779962700,2.405,2.407,2.403,2.407,18
