time,open,high,low,close,volume
1779453360,1.60086,1.60094,1.6008,1.60086,136
1779453420,1.60086,1.60098,1.60081,1.60094,119
1779453480,1.60094,1.60106,1.60092,1.60101,95
1779453540,1.60103,1.60117,1.60103,1.60105,118
1779453600,1.60105,1.60106,1.6008,1.60082,123
1779453660,1.60082,1.60101,1.6008,1.60097,110
1779453720,1.60092,1.60098,1.60085,1.60088,111
1779453780,1.6009,1.60111,1.60087,1.601,118
1779453840,1.601,1.60119,1.60099,1.60119,94
1779453900,1.60119,1.60134,1.60116,1.60124,127
1779453960,1.60126,1.60131,1.60118,1.60127,90
1779454020,1.60127,1.60148,1.60126,1.60136,112
1779454080,1.60139,1.60172,1.60139,1.6017,113
1779454140,1.6017,1.60185,1.60164,1.60182,89
1779454200,1.60182,1.60185,1.60167,1.60167,82
1779454260,1.60165,1.60172,1.60161,1.60169,79
1779454320,1.60166,1.60177,1.60163,1.60163,78
1779454380,1.60166,1.60171,1.60163,1.60169,90
1779454440,1.60169,1.60174,1.60158,1.60163,112
1779454500,1.60167,1.6018,1.60157,1.60158,112
1779454560,1.60158,1.60171,1.60157,1.60169,117
1779454620,1.60171,1.60184,1.60165,1.60178,97
1779454680,1.60175,1.6018,1.60158,1.60163,122
1779454740,1.60165,1.60186,1.60158,1.60185,131
1779454800,1.60189,1.60193,1.6018,1.60184,153
1779454860,1.60183,1.60193,1.60173,1.60174,144
1779454920,1.60173,1.60177,1.60147,1.60147,128
1779454980,1.60144,1.60171,1.60143,1.60171,138
1779455040,1.60173,1.60175,1.60136,1.60139,146
1779455100,1.60138,1.60149,1.60118,1.60119,124
1779455160,1.60119,1.6012,1.60097,1.60115,132
1779455220,1.60114,1.60155,1.60114,1.60152,116
1779455280,1.60149,1.60158,1.60132,1.60156,112
1779455340,1.60157,1.60229,1.60153,1.60218,178
1779455400,1.6022,1.60232,1.60192,1.60221,191
1779455460,1.60218,1.60237,1.60214,1.6022,196
1779455520,1.60221,1.60252,1.60221,1.60236,180
1779455580,1.60234,1.60248,1.60207,1.60209,167
1779455640,1.60209,1.60212,1.6018,1.6019,152
1779455700,1.60193,1.60207,1.60187,1.60199,155
1779455760,1.60201,1.60216,1.60194,1.60204,141
1779455820,1.60204,1.60205,1.60187,1.6019,135
1779455880,1.60188,1.60213,1.60188,1.60203,144
1779455940,1.60201,1.60223,1.60185,1.60219,191
1779456000,1.60223,1.60232,1.60202,1.60202,145
1779456060,1.60208,1.6021,1.60182,1.60185,123
1779456120,1.60185,1.60201,1.60182,1.60199,121
1779456180,1.60197,1.60201,1.6019,1.60196,105
1779456240,1.60195,1.60197,1.60181,1.60183,78
1779456300,1.60183,1.60202,1.6018,1.60194,117
1779456360,1.60193,1.60206,1.60193,1.60204,118
1779456420,1.60207,1.60221,1.60204,1.60211,103
1779456480,1.60209,1.6023,1.60208,1.6023,109
1779456540,1.60231,1.60239,1.60228,1.60228,112
1779456600,1.60225,1.60241,1.6022,1.60228,178
1779456660,1.60224,1.60236,1.60219,1.6023,171
1779456720,1.6023,1.60236,1.60222,1.60227,138
1779456780,1.60227,1.60249,1.60191,1.60194,174
1779456840,1.60194,1.60205,1.60184,1.60198,160
1779456900,1.60194,1.60233,1.60194,1.60228,176
1779456960,1.60226,1.60236,1.6022,1.60222,156
1779457020,1.60222,1.6023,1.60207,1.60226,136
1779457080,1.60227,1.60241,1.60221,1.60222,166
1779457140,1.60223,1.60226,1.60214,1.60223,140
1779457200,1.60223,1.60233,1.60194,1.60206,141
1779457260,1.60204,1.60208,1.60179,1.60186,160
1779457320,1.60184,1.60193,1.60147,1.60154,189
1779457380,1.60156,1.60166,1.60145,1.60163,145
1779457440,1.60163,1.60164,1.60141,1.60146,132
1779457500,1.60147,1.60154,1.60134,1.60134,100
1779457560,1.60137,1.60149,1.60129,1.60137,144
1779457620,1.60133,1.60141,1.60128,1.60132,104
1779457680,1.60126,1.60132,1.60103,1.60111,140
1779457740,1.6011,1.60116,1.60095,1.60098,130
1779457800,1.60098,1.60103,1.60079,1.60091,131
1779457860,1.60091,1.60132,1.60091,1.60128,173
1779457920,1.60128,1.60137,1.60119,1.60136,135
1779457980,1.60137,1.60137,1.60124,1.60134,146
1779458040,1.60135,1.60145,1.6013,1.60145,119
1779458100,1.60137,1.60137,1.60117,1.60118,141
1779458160,1.6012,1.60131,1.60119,1.6013,100
1779458220,1.60128,1.60146,1.60125,1.6013,129
1779458280,1.60129,1.60135,1.60114,1.60118,113
1779458340,1.60118,1.60127,1.60106,1.60106,100
1779458400,1.60054,1.60116,1.60038,1.60039,221
1779458460,1.6004,1.60058,1.60029,1.6005,194
1779458520,1.60049,1.60069,1.60034,1.60042,189
1779458580,1.60041,1.60042,1.60012,1.60024,199
1779458640,1.60023,1.60049,1.60013,1.6004,182
1779458700,1.60041,1.60062,1.60039,1.60046,173
1779458760,1.60047,1.60051,1.60019,1.60024,178
1779458820,1.60024,1.6003,1.60014,1.60025,166
1779458880,1.60025,1.60038,1.6002,1.60027,172
1779458940,1.60027,1.60059,1.60023,1.60058,161
1779459000,1.60059,1.60075,1.60051,1.60073,151
1779459060,1.60073,1.60073,1.60055,1.6006,125
1779459120,1.60062,1.60062,1.60045,1.60049,105
1779459180,1.60046,1.60046,1.60007,1.60019,177
1779459240,1.6002,1.60038,1.60018,1.60034,154
1779459300,1.60033,1.60066,1.60029,1.60062,157
1779459360,1.60061,1.60075,1.6005,1.60069,178
1779459420,1.60068,1.60081,1.6005,1.6005,166
1779459480,1.60049,1.60062,1.60043,1.60049,165
1779459540,1.60048,1.60071,1.60042,1.60067,144
1779459600,1.60071,1.60083,1.60067,1.60082,147
1779459660,1.60082,1.60093,1.60068,1.60087,155
1779459720,1.60084,1.60094,1.60078,1.60079,94
1779459780,1.6008,1.60109,1.6008,1.60097,145
1779459840,1.60095,1.60119,1.60095,1.60116,139
1779459900,1.60115,1.60148,1.60115,1.60148,142
1779459960,1.60146,1.60159,1.60146,1.60155,133
1779460020,1.60156,1.60165,1.6015,1.60159,143
1779460080,1.60159,1.60162,1.60142,1.60144,155
1779460140,1.60145,1.60165,1.60139,1.60162,140
1779460200,1.60159,1.60179,1.60152,1.60178,167
1779460260,1.60178,1.60209,1.60173,1.60208,145
1779460320,1.60208,1.60223,1.60208,1.60215,132
1779460380,1.60221,1.6023,1.60212,1.6023,125
1779460440,1.60229,1.60253,1.60229,1.60242,146
1779460500,1.60238,1.60239,1.6021,1.6021,121
1779460560,1.60209,1.60223,1.60205,1.60219,157
1779460620,1.60221,1.60228,1.60214,1.60226,121
1779460680,1.60224,1.60238,1.60223,1.60238,134
1779460740,1.60238,1.60239,1.6021,1.60213,161
1779460800,1.60212,1.60234,1.60212,1.60227,172
1779460860,1.60224,1.60244,1.60216,1.60244,138
1779460920,1.60241,1.60262,1.60234,1.6026,133
1779460980,1.60259,1.60259,1.60244,1.60251,125
1779461040,1.6025,1.60264,1.60247,1.60257,130
1779461100,1.60257,1.60272,1.60252,1.60262,137
1779461160,1.60262,1.6027,1.60254,1.60268,103
1779461220,1.60268,1.60268,1.60244,1.60251,125
1779461280,1.60251,1.60251,1.60233,1.60235,112
1779461340,1.60235,1.60242,1.6022,1.60221,138
1779461400,1.60222,1.60234,1.60215,1.60224,161
1779461460,1.60221,1.60252,1.60219,1.60243,189
1779461520,1.60244,1.60259,1.60233,1.6025,164
1779461580,1.60248,1.6027,1.60246,1.6027,186
1779461640,1.6027,1.60273,1.60259,1.60268,171
1779461700,1.60265,1.60292,1.60254,1.60286,197
1779461760,1.60284,1.60284,1.60237,1.60237,166
1779461820,1.60241,1.60292,1.60235,1.60288,199
1779461880,1.60287,1.60288,1.60264,1.6027,158
1779461940,1.60271,1.60273,1.60261,1.60273,195
1779462000,1.60272,1.60283,1.60249,1.60283,195
1779462060,1.60278,1.60283,1.60262,1.60277,193
1779462120,1.60278,1.60288,1.6027,1.60281,159
1779462180,1.60279,1.60295,1.60262,1.60295,144
1779462240,1.60294,1.60298,1.60285,1.60297,146
1779462300,1.60294,1.60316,1.60294,1.60315,157
1779462360,1.60316,1.60322,1.60297,1.60299,165
1779462420,1.60301,1.60334,1.603,1.60334,143
1779462480,1.60333,1.60337,1.60296,1.603,146
1779462540,1.603,1.60302,1.60283,1.60294,127
1779462600,1.60292,1.60296,1.60286,1.60295,108
1779462660,1.60294,1.60301,1.60279,1.60301,120
1779462720,1.603,1.60312,1.603,1.60303,114
1779462780,1.60303,1.60324,1.60303,1.60324,114
1779462840,1.60323,1.60331,1.60319,1.6032,113
1779462900,1.6032,1.60339,1.60311,1.60339,119
1779462960,1.60337,1.60343,1.60309,1.60317,138
1779463020,1.60314,1.60317,1.60308,1.60311,117
1779463080,1.6031,1.6032,1.60308,1.60311,125
1779463140,1.60311,1.60318,1.603,1.60301,111
1779463200,1.60303,1.60312,1.60297,1.60311,114
1779463260,1.60309,1.6031,1.60286,1.60287,129
1779463320,1.60289,1.603,1.60275,1.603,96
1779463380,1.603,1.60306,1.6029,1.6029,96
1779463440,1.60291,1.60296,1.60282,1.60285,104
1779463500,1.60287,1.60287,1.6027,1.60277,100
1779463560,1.60279,1.60302,1.60274,1.603,133
1779463620,1.60298,1.6033,1.60298,1.60328,105
1779463680,1.60327,1.60336,1.60322,1.60331,127
1779463740,1.60332,1.60332,1.60318,1.60323,112
1779463800,1.6032,1.60324,1.60292,1.60308,176
1779463860,1.6031,1.60312,1.60285,1.60288,152
1779463920,1.60285,1.60291,1.60269,1.6027,148
1779463980,1.60269,1.60283,1.60267,1.60276,135
1779464040,1.60276,1.60276,1.60262,1.60265,156
1779464100,1.60261,1.60266,1.6024,1.6025,152
1779464160,1.6025,1.60279,1.6025,1.60278,133
1779464220,1.60279,1.60299,1.60279,1.60296,135
1779464280,1.60295,1.60297,1.60279,1.60279,133
1779464340,1.60281,1.60296,1.60279,1.60287,122
1779464400,1.60284,1.60302,1.60274,1.603,121
1779464460,1.60299,1.60306,1.60297,1.60303,120
1779464520,1.60302,1.60313,1.60301,1.60308,99
1779464580,1.60307,1.60327,1.60302,1.6032,117
1779464640,1.60322,1.60326,1.60312,1.60321,90
1779464700,1.60322,1.60333,1.60319,1.60331,109
1779464760,1.60332,1.60333,1.60316,1.6032,109
1779464820,1.60318,1.60358,1.60318,1.6035,109
1779464880,1.60351,1.60354,1.60332,1.60334,138
1779464940,1.60332,1.60347,1.60325,1.60339,111
1779465000,1.60339,1.60341,1.60318,1.6032,112
1779465060,1.6032,1.60329,1.60318,1.60324,107
1779465120,1.60325,1.60328,1.60311,1.60326,121
1779465180,1.60326,1.60344,1.60325,1.60344,136
1779465240,1.60342,1.60351,1.60333,1.60336,122
1779465300,1.60339,1.60342,1.60313,1.60316,145
1779465360,1.60316,1.60317,1.60307,1.60307,98
1779465420,1.60309,1.60316,1.60297,1.60307,113
1779465480,1.60306,1.60336,1.60306,1.60331,123
1779465540,1.60329,1.60335,1.60323,1.60332,102
1779465600,1.60336,1.60336,1.60305,1.60318,183
1779465660,1.60317,1.60335,1.60312,1.60334,178
1779465720,1.60331,1.60338,1.60327,1.60337,139
1779465780,1.60335,1.60337,1.60316,1.60326,157
1779465840,1.60324,1.60349,1.60316,1.60349,124
1779465900,1.60349,1.60349,1.6034,1.60346,115
1779465960,1.60346,1.60352,1.60343,1.60348,99
1779466020,1.60353,1.60363,1.60346,1.6036,112
1779466080,1.60362,1.60373,1.60352,1.60373,81
1779466140,1.60373,1.60376,1.60358,1.60369,83
1779466200,1.60369,1.60371,1.60347,1.60361,124
1779466260,1.60361,1.60374,1.60358,1.60372,126
1779466320,1.60373,1.60373,1.60355,1.60357,127
1779466380,1.60356,1.60357,1.60342,1.60346,111
1779466440,1.60348,1.60355,1.60345,1.6035,87
1779466500,1.60349,1.60353,1.60332,1.60337,111
1779466560,1.60336,1.60357,1.60335,1.60354,97
1779466620,1.60356,1.60363,1.60344,1.60345,108
1779466680,1.60345,1.60346,1.60329,1.6034,90
1779466740,1.6034,1.6034,1.60316,1.60319,94
1779466800,1.60319,1.60321,1.60308,1.60317,125
1779466860,1.60316,1.60317,1.60308,1.60316,134
1779466920,1.6032,1.60344,1.6032,1.60342,91
1779466980,1.60343,1.60362,1.60343,1.60357,103
1779467040,1.60359,1.60365,1.60352,1.60361,94
1779467100,1.60363,1.6037,1.60358,1.60365,130
1779467160,1.60363,1.60366,1.60351,1.60354,95
1779467220,1.60359,1.60359,1.60349,1.60353,86
1779467280,1.60353,1.60359,1.60347,1.60359,83
1779467340,1.6036,1.60376,1.6036,1.60376,127
1779467400,1.60375,1.60382,1.60372,1.60382,72
1779467460,1.60381,1.60384,1.60369,1.60373,101
1779467520,1.6037,1.60382,1.6037,1.60371,112
1779467580,1.60371,1.60375,1.6034,1.60347,94
1779467640,1.60346,1.60348,1.60337,1.60339,115
1779467700,1.60339,1.60344,1.6033,1.60336,93
1779467760,1.60335,1.60343,1.6033,1.60341,85
1779467820,1.60339,1.60355,1.60339,1.60353,83
1779467880,1.60353,1.60353,1.60323,1.60332,80
1779467940,1.60332,1.6034,1.60324,1.60331,124
1779468000,1.60331,1.60331,1.60315,1.6032,58
1779468060,1.60318,1.60323,1.6031,1.60323,101
1779468120,1.60322,1.60322,1.6031,1.60314,86
1779468180,1.60314,1.60321,1.60308,1.60315,88
1779468240,1.60314,1.60331,1.60311,1.60319,95
1779468300,1.60321,1.60328,1.60319,1.60326,71
1779468360,1.60326,1.60339,1.60323,1.60332,97
1779468420,1.60332,1.60335,1.60318,1.60321,92
1779468480,1.60321,1.60328,1.60314,1.60325,84
1779468540,1.60325,1.6033,1.60316,1.60319,91
1779468600,1.60318,1.60329,1.60313,1.60318,91
1779468660,1.60319,1.60328,1.60313,1.60319,80
1779468720,1.60318,1.60324,1.60313,1.60323,90
1779468780,1.60321,1.6033,1.60318,1.60328,97
1779468840,1.6033,1.60334,1.60323,1.60328,97
1779468900,1.6033,1.60334,1.60327,1.6033,72
1779468960,1.60331,1.60336,1.60324,1.60324,87
1779469020,1.60326,1.60327,1.60311,1.60314,114
1779469080,1.60313,1.60318,1.60307,1.60318,116
1779469140,1.60316,1.6033,1.60315,1.6033,103
1779469200,1.60332,1.60347,1.60329,1.60345,125
1779469260,1.60345,1.60358,1.60345,1.60358,109
1779469320,1.60358,1.60362,1.60352,1.60362,80
1779469380,1.60362,1.60371,1.60359,1.6037,109
1779469440,1.6037,1.60374,1.60363,1.60367,120
1779469500,1.60369,1.60375,1.60363,1.60375,128
1779469560,1.60373,1.60384,1.60364,1.60365,118
1779469620,1.60366,1.60366,1.60348,1.60357,103
1779469680,1.60357,1.60365,1.60349,1.60365,69
1779469740,1.60365,1.60374,1.6036,1.60374,66
1779469800,1.60373,1.60381,1.60372,1.6038,82
1779469860,1.60381,1.60385,1.60379,1.60382,68
1779469920,1.60381,1.60381,1.60358,1.60364,122
1779469980,1.60363,1.60363,1.60354,1.6036,77
1779470040,1.6036,1.60373,1.60349,1.60372,98
1779470100,1.60372,1.60387,1.6037,1.60387,69
1779470160,1.60389,1.60391,1.60382,1.60386,71
1779470220,1.60387,1.60394,1.6038,1.6038,86
1779470280,1.60382,1.60383,1.60348,1.60348,82
1779470340,1.60349,1.60352,1.60321,1.60326,90
1779470400,1.60322,1.60335,1.60317,1.60318,168
1779470460,1.60315,1.60321,1.60293,1.60298,137
1779470520,1.603,1.60312,1.60299,1.60312,114
1779470580,1.6031,1.60314,1.60304,1.60312,81
1779470640,1.60313,1.60315,1.60299,1.60305,94
1779470700,1.60313,1.60325,1.60312,1.60325,108
1779470760,1.60328,1.60333,1.60324,1.6033,123
1779470820,1.60331,1.60354,1.60329,1.60349,112
1779470880,1.6035,1.60382,1.60334,1.60352,234
1779470940,1.60353,1.60397,1.60334,1.60394,221
1779471000,1.60397,1.60437,1.60397,1.60434,218
1779471060,1.60436,1.60448,1.60416,1.60419,175
1779471120,1.60418,1.60425,1.60405,1.60413,166
1779471180,1.60414,1.60414,1.60402,1.60403,160
1779471240,1.60404,1.60414,1.604,1.60401,139
1779471300,1.60403,1.60406,1.60383,1.60385,119
1779471360,1.60382,1.60387,1.60375,1.60383,101
1779471420,1.60385,1.60391,1.60374,1.60381,105
1779471480,1.60382,1.60396,1.60377,1.60395,113
1779471540,1.60394,1.60409,1.60388,1.60408,110
1779471600,1.6041,1.6041,1.60388,1.60388,99
1779471660,1.60392,1.604,1.60389,1.60396,90
1779471720,1.60396,1.60416,1.60395,1.60412,106
1779471780,1.60414,1.60429,1.60412,1.60424,83
1779471840,1.60425,1.6043,1.60412,1.60414,107
1779471900,1.60414,1.60419,1.60409,1.60414,108
1779471960,1.60414,1.60416,1.60393,1.60394,67
1779472020,1.60396,1.60397,1.60386,1.60392,83
1779472080,1.60393,1.60398,1.60385,1.60389,67
1779472140,1.60389,1.60396,1.6038,1.60389,66
1779472200,1.60389,1.60395,1.60384,1.60392,92
1779472260,1.60394,1.60409,1.60388,1.60405,105
1779472320,1.60406,1.60406,1.60393,1.60397,117
1779472380,1.60399,1.60404,1.60396,1.604,80
1779472440,1.60399,1.60406,1.60386,1.60393,113
1779472500,1.60394,1.604,1.6039,1.60398,74
1779472560,1.60398,1.60402,1.60393,1.60397,84
1779472620,1.60399,1.60411,1.60398,1.60402,73
1779472680,1.60399,1.60402,1.60391,1.60396,87
1779472740,1.60396,1.60397,1.60388,1.60391,91
1779472800,1.60388,1.60406,1.60388,1.60403,104
1779472860,1.60405,1.60409,1.60391,1.60402,98
1779472920,1.60402,1.6041,1.60396,1.604,102
1779472980,1.60394,1.60396,1.6038,1.60382,75
1779473040,1.60381,1.6039,1.6034,1.60368,141
1779473100,1.60366,1.60366,1.60353,1.60354,135
1779473160,1.60355,1.60359,1.60342,1.60351,89
1779473220,1.60348,1.60362,1.60345,1.60362,90
1779473280,1.60364,1.60368,1.60359,1.60364,83
1779473340,1.60364,1.60366,1.60352,1.60354,87
1779473400,1.60345,1.6035,1.60331,1.60333,74
1779473460,1.60333,1.6034,1.60317,1.60318,79
1779473520,1.60316,1.60316,1.603,1.60305,92
1779473580,1.60308,1.60315,1.60303,1.6031,92
1779473640,1.6031,1.6032,1.60306,1.60315,104
1779473700,1.6031,1.60328,1.6031,1.60317,87
1779473760,1.60317,1.60326,1.60316,1.60324,101
1779473820,1.6032,1.60332,1.60319,1.60329,86
1779473880,1.6033,1.60342,1.60329,1.60332,83
1779473940,1.60329,1.60335,1.60325,1.6033,85
1779474000,1.60333,1.60339,1.60333,1.60336,69
1779474060,1.60337,1.60343,1.60328,1.60328,56
1779474120,1.60329,1.60338,1.60322,1.60336,71
1779474180,1.60333,1.60334,1.60326,1.6033,56
1779474240,1.6033,1.60336,1.60329,1.60331,61
1779474300,1.60333,1.60338,1.60322,1.60322,62
1779474360,1.60324,1.60327,1.60315,1.60318,73
1779474420,1.60316,1.60327,1.60313,1.60326,74
1779474480,1.60323,1.60323,1.60311,1.60312,67
1779474540,1.60314,1.60317,1.60308,1.60311,83
1779474600,1.60309,1.6031,1.60293,1.60294,75
1779474660,1.60293,1.60301,1.6029,1.603,73
1779474720,1.60303,1.60304,1.603,1.60301,64
1779474780,1.60302,1.60315,1.60302,1.60312,61
1779474840,1.60312,1.60315,1.60305,1.60311,60
1779474900,1.60309,1.60309,1.60304,1.60306,51
1779474960,1.60307,1.60309,1.60303,1.60306,56
1779475020,1.60306,1.60313,1.603,1.60313,76
1779475080,1.60312,1.60312,1.60306,1.60307,89
1779475140,1.60309,1.6035,1.60306,1.60316,136
1779475200,1.60314,1.60326,1.60313,1.60319,97
1779475260,1.60317,1.60321,1.60311,1.60318,80
1779475320,1.60315,1.60319,1.60313,1.60314,39
1779475380,1.60314,1.60328,1.60314,1.60325,82
1779475440,1.60325,1.60332,1.60324,1.60326,81
1779475500,1.60324,1.60337,1.60324,1.60327,86
1779475560,1.60325,1.60333,1.60323,1.60324,50
1779475620,1.60325,1.6033,1.60316,1.60319,75
1779475680,1.60317,1.60321,1.60315,1.60319,75
1779475740,1.60318,1.60321,1.6031,1.6032,92
1779475800,1.60321,1.60328,1.6032,1.60324,62
1779475860,1.60324,1.60328,1.60323,1.60327,53
1779475920,1.60325,1.6033,1.60325,1.60327,41
1779475980,1.60328,1.60341,1.60327,1.60341,76
1779476040,1.60339,1.60346,1.60339,1.60341,56
1779476100,1.60342,1.60342,1.60332,1.60334,65
1779476160,1.60335,1.60338,1.6033,1.60338,47
1779476220,1.60338,1.60356,1.60337,1.60356,94
1779476280,1.60357,1.60357,1.60343,1.60344,81
1779476340,1.60344,1.60353,1.60342,1.60347,127
1779476400,1.60342,1.60372,1.60342,1.60368,125
1779476460,1.6037,1.60372,1.60346,1.60348,84
1779476520,1.60347,1.60361,1.60329,1.60331,93
1779476580,1.60332,1.60336,1.60321,1.60326,141
1779476640,1.60324,1.60339,1.60319,1.60335,87
1779476700,1.60334,1.60334,1.60319,1.60331,69
1779476760,1.60329,1.60331,1.60313,1.60316,87
1779476820,1.60314,1.60329,1.60314,1.60321,70
1779476880,1.60321,1.60326,1.60318,1.60321,73
1779476940,1.60324,1.60324,1.60312,1.6032,80
1779477000,1.60319,1.60328,1.60316,1.60323,96
1779477060,1.60322,1.60323,1.60311,1.60311,58
1779477120,1.60311,1.60325,1.60309,1.60324,62
1779477180,1.60323,1.60325,1.60315,1.60316,66
1779477240,1.60315,1.60317,1.60308,1.60311,77
1779477300,1.60311,1.60325,1.60311,1.60322,67
1779477360,1.60322,1.60327,1.60318,1.60326,68
1779477420,1.60326,1.6033,1.60323,1.60327,69
1779477480,1.60326,1.60333,1.60322,1.60322,65
1779477540,1.60322,1.60323,1.60318,1.60322,55
1779477600,1.60321,1.60323,1.60315,1.60316,58
1779477660,1.60316,1.60321,1.60315,1.60319,46
1779477720,1.60319,1.60319,1.60305,1.60307,66
1779477780,1.60306,1.6031,1.603,1.603,43
1779477840,1.603,1.60308,1.60295,1.60298,68
1779477900,1.60299,1.603,1.60292,1.60294,56
1779477960,1.60294,1.60295,1.60286,1.60288,51
1779478020,1.60287,1.60292,1.60285,1.60285,36
1779478080,1.60286,1.60286,1.60279,1.60279,37
1779478140,1.6028,1.60284,1.60274,1.60274,95
1779478200,1.60275,1.60278,1.60263,1.60264,111
1779478260,1.60263,1.60267,1.60259,1.60262,87
1779478320,1.60263,1.60267,1.60258,1.60262,77
1779478380,1.60263,1.60266,1.60261,1.60263,56
1779478440,1.60262,1.60268,1.60258,1.60268,59
1779478500,1.6027,1.60285,1.60266,1.60285,91
1779478560,1.60286,1.6029,1.60281,1.60288,82
1779478620,1.60289,1.60296,1.60282,1.60296,74
1779478680,1.60295,1.60295,1.60288,1.6029,77
1779478740,1.6029,1.60296,1.60288,1.60296,62
1779478800,1.60293,1.60298,1.6029,1.60293,77
1779478860,1.60293,1.60296,1.60285,1.60286,86
1779478920,1.60285,1.60287,1.60279,1.60281,66
1779478980,1.60283,1.60283,1.60272,1.60278,68
1779479040,1.60277,1.603,1.60277,1.60297,73
1779479100,1.60297,1.60308,1.60295,1.60299,73
1779479160,1.60302,1.6031,1.603,1.60303,87
1779479220,1.60301,1.6031,1.60299,1.6031,95
1779479280,1.60309,1.60314,1.60306,1.60313,59
1779479340,1.60314,1.60314,1.60304,1.60305,73
1779479400,1.60304,1.60313,1.60304,1.6031,92
1779479460,1.60308,1.60313,1.603,1.60307,92
1779479520,1.60306,1.6031,1.60297,1.603,86
1779479580,1.60299,1.60303,1.60294,1.60295,98
1779479640,1.60295,1.60301,1.60293,1.60301,74
1779479700,1.60298,1.60312,1.60296,1.60311,91
1779479760,1.60308,1.60315,1.60304,1.60307,81
1779479820,1.60309,1.60329,1.60307,1.60326,122
1779479880,1.60325,1.60327,1.60318,1.60324,97
1779479940,1.60323,1.60332,1.60321,1.60329,77
1779480000,1.60331,1.60339,1.60331,1.60335,106
1779480060,1.60334,1.60338,1.6032,1.60327,58
1779480120,1.60325,1.60328,1.60299,1.60303,109
1779480180,1.60303,1.60307,1.60294,1.60295,59
1779480240,1.60294,1.60306,1.6029,1.60302,53
1779480300,1.60303,1.60303,1.60296,1.60301,46
1779480360,1.60303,1.60307,1.60297,1.60302,62
1779480420,1.603,1.60303,1.60287,1.60288,63
1779480480,1.60289,1.60297,1.60281,1.60295,69
1779480540,1.60296,1.603,1.60292,1.60299,94
1779480600,1.60297,1.60301,1.60296,1.60299,47
1779480660,1.60295,1.60302,1.60293,1.603,36
1779480720,1.60301,1.60301,1.60296,1.60297,18
1779480780,1.60296,1.60303,1.60296,1.60299,27
1779480840,1.60298,1.60302,1.60295,1.60302,59
1779480900,1.60302,1.60308,1.60302,1.60304,53
1779480960,1.60303,1.60314,1.60303,1.60307,30
1779481020,1.60308,1.60313,1.60303,1.60306,64
1779481080,1.60304,1.60308,1.60301,1.60306,29
1779481140,1.60307,1.60315,1.60306,1.6031,33
1779481200,1.6031,1.60313,1.603,1.60305,44
1779481260,1.60307,1.60319,1.60305,1.6031,41
1779481320,1.60312,1.60312,1.60307,1.60309,24
1779481380,1.6031,1.60318,1.6031,1.60313,31
1779481440,1.60316,1.60316,1.60307,1.60307,24
1779481500,1.60308,1.6031,1.60299,1.60299,35
1779481560,1.60301,1.60307,1.60301,1.60303,43
1779481620,1.60304,1.60311,1.60304,1.60307,77
1779481680,1.60308,1.60315,1.60307,1.60308,51
1779481740,1.60311,1.60314,1.60308,1.60309,67
1779481800,1.60307,1.60307,1.60298,1.603,69
1779481860,1.60302,1.60302,1.60277,1.60302,77
1779481920,1.60303,1.60305,1.6029,1.60293,90
1779481980,1.6029,1.6031,1.60288,1.60308,76
1779482040,1.6031,1.6031,1.60282,1.60302,84
1779482100,1.60303,1.60306,1.60297,1.60304,100
1779482160,1.60306,1.60309,1.60301,1.60305,39
1779482220,1.60306,1.60307,1.60302,1.60304,34
1779482280,1.60304,1.60304,1.60293,1.60297,85
1779482340,1.60296,1.60301,1.60295,1.603,75
1779482400,1.60293,1.60295,1.60283,1.6029,90
1779482460,1.60289,1.60294,1.60289,1.60293,93
1779482520,1.60293,1.60299,1.60292,1.60299,42
1779482580,1.60294,1.60299,1.60294,1.60297,84
1779482640,1.60296,1.603,1.60291,1.60293,88
1779482700,1.6029,1.60293,1.60284,1.6029,79
1779482760,1.60289,1.60291,1.60268,1.60275,72
1779482820,1.60275,1.60279,1.60265,1.60274,54
1779482880,1.60275,1.60281,1.60268,1.60279,66
1779482940,1.60277,1.60287,1.60271,1.60285,45
1779483000,1.60282,1.60294,1.60279,1.6029,73
1779483060,1.60292,1.60293,1.60285,1.60292,60
1779483120,1.60294,1.60323,1.60287,1.60318,73
1779483180,1.60317,1.60343,1.60317,1.60327,92
1779483240,1.60327,1.60357,1.60319,1.60357,74
1779483300,1.60355,1.60365,1.6033,1.60342,134
1779483360,1.6034,1.60351,1.60301,1.6034,126
1779656460,1.60656,1.60656,1.60654,1.60654,4
1779656580,1.60654,1.60655,1.60651,1.60654,10
1779656640,1.60655,1.60655,1.60655,1.60655,2
1779656760,1.60635,1.6064,1.60612,1.6064,40
1779656820,1.60635,1.60635,1.60595,1.6061,14
1779656880,1.60631,1.60636,1.60625,1.60625,18
1779656940,1.60599,1.60626,1.60599,1.60604,10
1779657000,1.60603,1.60603,1.60596,1.60596,8
1779657060,1.6061,1.6061,1.60609,1.60609,4
1779657120,1.60608,1.60608,1.60598,1.60598,8
1779657180,1.60597,1.60597,1.60597,1.60597,2
1779657240,1.60569,1.60618,1.60551,1.60618,42
1779657300,1.60574,1.60602,1.60574,1.60577,26
1779657360,1.60583,1.60585,1.60569,1.60581,12
1779657420,1.60577,1.60581,1.60563,1.60563,12
1779657480,1.6057,1.6057,1.60558,1.60558,6
1779657540,1.60569,1.60579,1.60569,1.60577,12
1779657600,1.60581,1.60649,1.60581,1.6064,22
1779657660,1.60641,1.60641,1.6064,1.6064,4
1779657720,1.60608,1.60621,1.60601,1.60621,13
1779657780,1.60622,1.60632,1.60615,1.60632,13
1779657840,1.60625,1.60628,1.6062,1.60627,10
1779657900,1.60619,1.60622,1.60603,1.60603,16
1779657960,1.6061,1.60626,1.6059,1.60607,35
1779658020,1.60611,1.60617,1.60599,1.60604,20
1779658080,1.606,1.60652,1.606,1.60631,18
1779658140,1.60638,1.60638,1.60625,1.60635,10
1779658200,1.60635,1.60635,1.60591,1.60594,23
1779658320,1.60578,1.60578,1.60574,1.60575,11
1779658380,1.60575,1.60575,1.60575,1.60575,1
1779658440,1.60572,1.60574,1.60572,1.60574,9
1779658560,1.60586,1.60586,1.60559,1.60559,11
1779658620,1.60571,1.60571,1.60571,1.60571,2
1779658680,1.60574,1.60574,1.60571,1.60571,4
1779658740,1.60572,1.60574,1.60572,1.60574,2
1779658860,1.60581,1.6061,1.60581,1.60591,50
1779658920,1.60574,1.60575,1.6057,1.6057,13
1779658980,1.60572,1.60581,1.60572,1.60577,14
1779659040,1.60585,1.60588,1.60575,1.60575,10
1779659160,1.60565,1.60568,1.6055,1.60568,32
1779659220,1.60573,1.60593,1.60553,1.60553,30
1779659280,1.60574,1.6058,1.60566,1.60568,16
1779659340,1.60574,1.60588,1.60573,1.60578,20
1779659460,1.60584,1.60589,1.60584,1.60589,4
1779659520,1.60584,1.60591,1.60583,1.60583,12
1779659580,1.60585,1.60601,1.60585,1.60601,30
1779659640,1.60572,1.60574,1.60558,1.6057,16
1779659700,1.60591,1.60593,1.60566,1.6058,36
1779659760,1.6057,1.60599,1.60565,1.60592,46
1779659820,1.60591,1.606,1.60578,1.60586,20
1779659880,1.60594,1.60594,1.60588,1.60593,12
1779659940,1.6059,1.60593,1.60583,1.60588,20
1779660000,1.6064,1.60668,1.60596,1.60644,80
1779660060,1.6066,1.60683,1.60634,1.60675,165
1779660120,1.60675,1.60689,1.6065,1.60689,134
1779660180,1.60702,1.6071,1.60647,1.60683,99
1779660240,1.60686,1.60687,1.60659,1.60665,57
1779660300,1.60671,1.60678,1.60656,1.60669,114
1779660360,1.60669,1.60673,1.6066,1.60667,48
1779660420,1.60667,1.60672,1.60663,1.60671,44
1779660480,1.60666,1.60674,1.60656,1.60657,30
1779660540,1.60662,1.60662,1.60643,1.60658,73
1779660660,1.60654,1.60659,1.60648,1.6065,27
1779660720,1.60643,1.60644,1.60629,1.60638,58
1779660780,1.60638,1.60638,1.60624,1.60636,57
1779660840,1.6064,1.60646,1.60636,1.60643,60
1779660900,1.60642,1.60642,1.60623,1.60627,103
1779661020,1.60631,1.60634,1.60624,1.60627,49
1779661080,1.60629,1.60629,1.60617,1.60619,62
1779661140,1.60619,1.60619,1.60612,1.60614,38
1779661260,1.60625,1.60641,1.60619,1.60641,110
1779661380,1.60644,1.60651,1.60641,1.6065,48
1779661440,1.60645,1.60645,1.60645,1.60645,3
1779661500,1.60646,1.6066,1.60646,1.60659,53
1779661560,1.60655,1.60657,1.6064,1.6064,45
1779661620,1.60638,1.60673,1.60635,1.60668,91
1779661740,1.60666,1.60668,1.60666,1.60668,6
1779661800,1.60666,1.60677,1.60665,1.60677,93
1779661860,1.60676,1.60681,1.60667,1.60668,91
1779661920,1.60669,1.60686,1.60669,1.60686,57
1779661980,1.60682,1.60688,1.60669,1.60675,66
1779662040,1.60675,1.60676,1.60663,1.60669,58
1779662100,1.60667,1.60668,1.60655,1.60657,58
1779662160,1.60658,1.60659,1.60643,1.60653,69
1779662220,1.60648,1.6065,1.60643,1.6065,49
1779662280,1.6065,1.60654,1.60641,1.60647,38
1779662340,1.60651,1.60655,1.60647,1.60652,39
1779662460,1.60652,1.60669,1.6064,1.60669,58
1779662520,1.60668,1.60679,1.60668,1.60676,31
1779662580,1.60678,1.60678,1.60672,1.60675,19
1779662640,1.60677,1.60683,1.60673,1.60683,43
1779662700,1.60683,1.60684,1.60675,1.60682,50
1779662820,1.60699,1.60701,1.60691,1.60692,38
1779662880,1.60696,1.60701,1.60695,1.60695,43
1779662940,1.60692,1.60696,1.60684,1.60685,44
1779663060,1.60678,1.60679,1.60675,1.60679,43
1779663120,1.60678,1.6068,1.60671,1.60674,38
1779663240,1.60671,1.60673,1.60671,1.60673,3
1779663300,1.60667,1.60679,1.60667,1.60678,42
1779663360,1.60676,1.6068,1.60675,1.60678,30
1779663420,1.60677,1.60684,1.60677,1.60682,36
1779663480,1.6068,1.60688,1.60678,1.60688,46
1779663540,1.60688,1.60695,1.60686,1.60692,30
1779663600,1.6069,1.60696,1.60684,1.60694,95
1779663660,1.60694,1.60701,1.60693,1.607,51
1779663720,1.60699,1.60702,1.60699,1.60702,50
1779663780,1.60703,1.60706,1.607,1.607,51
1779663840,1.60701,1.60708,1.60701,1.60706,43
1779663960,1.60699,1.60702,1.60697,1.60698,27
1779664020,1.607,1.60703,1.60695,1.60696,62
1779664080,1.60699,1.60701,1.60695,1.60695,20
1779664140,1.60698,1.607,1.60695,1.60699,45
1779664260,1.60695,1.60699,1.60693,1.60699,55
1779664380,1.60691,1.60691,1.6069,1.60691,4
1779664440,1.6069,1.60697,1.60689,1.60691,45
1779664500,1.60687,1.6069,1.60686,1.60686,35
1779664620,1.60684,1.60695,1.60682,1.60691,70
1779664680,1.60693,1.60693,1.60682,1.60682,25
1779664740,1.6068,1.60688,1.60679,1.60688,28
1779664800,1.60687,1.6069,1.60684,1.6069,36
1779664860,1.60689,1.6069,1.60686,1.60687,38
1779664920,1.60686,1.60687,1.60683,1.60684,15
1779664980,1.60689,1.60692,1.60682,1.60687,44
1779665040,1.60686,1.60692,1.60684,1.60684,38
1779665160,1.60684,1.60685,1.60682,1.60685,21
1779665220,1.60689,1.60691,1.60686,1.60686,21
1779665280,1.60686,1.60689,1.60686,1.60687,36
1779665340,1.60686,1.60692,1.60686,1.60687,32
1779665400,1.60689,1.60692,1.60681,1.60682,60
1779665520,1.60692,1.60694,1.60691,1.60693,28
1779665580,1.60693,1.60694,1.60688,1.60688,12
1779665640,1.60689,1.60697,1.60687,1.60693,49
1779665820,1.607,1.607,1.607,1.607,1
1779665880,1.60704,1.60706,1.60702,1.60705,21
1779665940,1.60706,1.60706,1.60705,1.60705,11
1779666000,1.60702,1.60706,1.60699,1.60704,73
1779666060,1.60702,1.60706,1.60699,1.60705,36
1779666120,1.60705,1.60711,1.60705,1.60709,54
1779666180,1.60713,1.60723,1.60713,1.60723,23
1779666240,1.60722,1.60722,1.60718,1.60719,16
1779666300,1.60718,1.6072,1.60707,1.6072,98
1779666360,1.6072,1.60723,1.60709,1.60711,47
1779666420,1.60708,1.60716,1.60708,1.60715,58
1779666480,1.60716,1.60717,1.60711,1.60715,56
1779666540,1.60715,1.60715,1.60703,1.60705,37
1779666600,1.60707,1.60712,1.60703,1.60711,55
1779666660,1.60709,1.60713,1.60702,1.60702,47
1779666720,1.60704,1.60708,1.60702,1.60703,74
1779666780,1.60707,1.60714,1.60702,1.60702,55
1779666840,1.60701,1.60707,1.607,1.60706,46
1779666960,1.60704,1.60704,1.60696,1.60696,27
1779667020,1.60698,1.607,1.60694,1.60697,51
1779667080,1.60699,1.60703,1.60695,1.60698,54
1779667140,1.60696,1.60697,1.60679,1.6068,64
1779667200,1.60681,1.60695,1.60665,1.6067,151
1779667380,1.60668,1.6067,1.60663,1.6067,40
1779667440,1.60668,1.6067,1.6066,1.60663,64
1779667560,1.60668,1.60681,1.60666,1.60678,82
1779667680,1.60677,1.60681,1.60671,1.60674,45
1779667740,1.6067,1.60673,1.60666,1.60673,55
1779667860,1.60675,1.60683,1.60674,1.60679,69
1779667920,1.60685,1.60687,1.60674,1.6068,72
1779667980,1.6068,1.60684,1.6068,1.6068,65
1779668040,1.6068,1.60682,1.60674,1.60675,48
1779668220,1.60694,1.60702,1.60692,1.60694,69
1779668280,1.60703,1.60709,1.60702,1.60708,60
1779668340,1.6071,1.60727,1.6071,1.60724,85
1779668460,1.60698,1.60707,1.60698,1.60707,43
1779668520,1.60698,1.60709,1.60694,1.60704,73
1779668580,1.60706,1.60717,1.60703,1.60716,57
1779668640,1.60711,1.60716,1.60709,1.60711,87
1779668700,1.60709,1.60712,1.60704,1.60706,73
1779668760,1.60706,1.60711,1.60701,1.60708,73
1779668820,1.60708,1.60713,1.60708,1.60711,66
1779668880,1.60711,1.60711,1.60706,1.60707,43
1779668940,1.60711,1.60719,1.6071,1.60715,63
1779669000,1.60721,1.6073,1.60718,1.60729,78
1779669060,1.60729,1.60732,1.60726,1.60732,76
1779669180,1.60728,1.60728,1.60728,1.60728,1
1779669240,1.60725,1.60728,1.60724,1.60725,46
1779669300,1.60725,1.6073,1.60724,1.60726,63
1779669360,1.60725,1.60727,1.6072,1.6072,65
1779669420,1.60718,1.60731,1.60718,1.6073,55
1779669480,1.60728,1.6073,1.60725,1.60727,66
1779669540,1.60729,1.60732,1.60717,1.60717,91
1779669660,1.60706,1.6071,1.60702,1.60708,37
1779669720,1.60706,1.60707,1.60693,1.60693,46
1779669780,1.60691,1.60692,1.60688,1.60691,38
1779669840,1.60693,1.607,1.6069,1.60697,60
1779669900,1.60697,1.60709,1.60695,1.60705,78
1779670020,1.60715,1.60722,1.60713,1.6072,51
1779670080,1.60727,1.60729,1.6072,1.60726,65
1779670140,1.60736,1.60779,1.60735,1.60773,109
1779670260,1.6076,1.6076,1.60744,1.60753,94
1779670380,1.60741,1.60752,1.60741,1.60752,35
1779670440,1.60744,1.6076,1.60736,1.60756,48
1779670500,1.60748,1.60754,1.60701,1.60706,154
1779670560,1.60704,1.60706,1.60683,1.60684,128
1779670620,1.6068,1.6069,1.60658,1.60663,117
1779670680,1.60647,1.60655,1.60631,1.60632,120
1779670740,1.60627,1.60628,1.60611,1.60621,161
1779670800,1.60619,1.60643,1.60619,1.6064,168
1779670860,1.6064,1.60641,1.60623,1.60633,150
1779670980,1.60645,1.60653,1.60636,1.60644,96
1779671040,1.60638,1.60647,1.60634,1.6064,94
1779671160,1.60637,1.60642,1.60633,1.60642,48
1779671220,1.60644,1.60647,1.60641,1.60644,50
1779671280,1.60651,1.60651,1.60628,1.60631,84
1779671340,1.6063,1.6063,1.60624,1.60629,64
1779671520,1.60611,1.60611,1.60611,1.60611,2
1779671580,1.60617,1.60633,1.60616,1.60627,57
1779671640,1.60634,1.6066,1.60631,1.60655,102
1779671700,1.60653,1.60663,1.60648,1.60655,116
1779671760,1.60652,1.60655,1.60648,1.60649,90
1779671820,1.60648,1.60656,1.60646,1.60654,68
1779671880,1.60654,1.60656,1.60648,1.60653,94
1779671940,1.60654,1.60659,1.60649,1.60657,99
1779672000,1.6066,1.60661,1.60654,1.60656,93
1779672060,1.60654,1.60654,1.60643,1.60645,47
1779672120,1.60643,1.60643,1.60635,1.6064,50
1779672180,1.60642,1.60653,1.60641,1.6065,45
1779672240,1.60652,1.60652,1.60639,1.60643,46
1779672420,1.60643,1.60643,1.60642,1.60642,3
1779672480,1.60638,1.60642,1.60637,1.60641,42
1779672540,1.60643,1.60674,1.60643,1.60672,72
1779672600,1.60663,1.60663,1.60645,1.60646,111
1779672780,1.60615,1.60615,1.60615,1.60615,2
1779672840,1.60618,1.60619,1.60618,1.60619,4
1779672960,1.60635,1.60641,1.60634,1.60638,68
1779673020,1.60638,1.60644,1.60637,1.60639,67
1779673080,1.60643,1.60643,1.60629,1.60632,64
1779673140,1.6063,1.60637,1.60629,1.60636,72
1779673200,1.60633,1.60637,1.60623,1.60623,70
1779673260,1.60629,1.60632,1.60628,1.60628,45
1779673320,1.60625,1.60625,1.60616,1.60616,56
1779673380,1.60615,1.60616,1.60607,1.6061,52
1779673440,1.60613,1.60613,1.60598,1.60599,50
1779673500,1.60601,1.60606,1.60597,1.60605,62
1779673560,1.60604,1.60618,1.60604,1.60616,88
1779673620,1.60615,1.60624,1.60614,1.6062,31
1779673680,1.60621,1.60623,1.60616,1.60618,48
1779673740,1.60616,1.60618,1.60614,1.60616,41
1779673800,1.60615,1.60617,1.60596,1.60602,70
1779673860,1.60602,1.60616,1.606,1.60605,57
1779673980,1.60606,1.60609,1.60606,1.60608,5
1779674040,1.60611,1.60612,1.6061,1.60612,7
1779674160,1.60614,1.60614,1.60597,1.60597,57
1779674220,1.60599,1.60604,1.60596,1.606,62
1779674340,1.60604,1.60605,1.606,1.60604,29
1779674400,1.60607,1.60611,1.606,1.60605,99
1779674520,1.60604,1.6061,1.60603,1.60604,53
1779674580,1.60604,1.60613,1.60601,1.60611,37
1779674640,1.6061,1.60611,1.60606,1.60608,47
1779674760,1.60611,1.60616,1.60602,1.60614,41
1779674820,1.60615,1.60619,1.60612,1.60617,47
1779674880,1.60613,1.60615,1.60607,1.60609,61
1779674940,1.60609,1.60616,1.60606,1.60612,62
1779675000,1.6061,1.60613,1.60606,1.60613,62
1779675120,1.60607,1.60609,1.60606,1.60609,8
1779675180,1.6061,1.6061,1.60603,1.60603,33
1779675240,1.60598,1.60604,1.60597,1.606,42
1779675300,1.60601,1.60606,1.60599,1.60604,68
1779675360,1.60602,1.60604,1.6059,1.60593,72
1779675420,1.60593,1.60594,1.60592,1.60592,37
1779675540,1.60605,1.60605,1.60605,1.60605,1
1779675660,1.60606,1.60609,1.60602,1.60609,24
1779675720,1.60604,1.60607,1.60603,1.60603,55
1779675780,1.60603,1.60617,1.60603,1.60617,45
1779675840,1.60618,1.60631,1.60618,1.60631,44
1779675900,1.60628,1.60631,1.60621,1.60624,52
1779675960,1.60626,1.60626,1.6062,1.60623,32
1779676020,1.60623,1.60626,1.60621,1.60622,40
1779676080,1.60616,1.60619,1.60611,1.60618,45
1779676140,1.60619,1.6062,1.60616,1.60619,49
1779676200,1.60625,1.60628,1.60614,1.60616,53
1779676260,1.60614,1.60619,1.60609,1.6061,55
1779676380,1.60619,1.60621,1.60617,1.6062,28
1779676440,1.60616,1.60621,1.60616,1.6062,47
1779676500,1.6062,1.60623,1.60613,1.6062,56
1779676560,1.6062,1.60622,1.6062,1.6062,20
1779676620,1.60619,1.60622,1.60617,1.6062,45
1779676740,1.60623,1.60623,1.60623,1.60623,2
1779676860,1.60606,1.60609,1.60604,1.60608,40
1779676920,1.60607,1.60614,1.60607,1.60612,41
1779676980,1.60614,1.60614,1.60607,1.60609,47
1779677040,1.60607,1.60612,1.60607,1.6061,32
1779677100,1.60612,1.60617,1.60609,1.60615,49
1779677220,1.60615,1.6062,1.60614,1.6062,63
1779677280,1.60616,1.60618,1.60612,1.60616,59
1779677340,1.60615,1.6062,1.60614,1.60619,27
1779677460,1.60617,1.60619,1.6061,1.6061,50
1779677520,1.60611,1.60612,1.6061,1.60611,30
1779677580,1.6061,1.60612,1.6061,1.60611,9
1779677640,1.60612,1.60612,1.6061,1.6061,20
1779677700,1.60609,1.6061,1.606,1.60602,44
1779677760,1.60603,1.60603,1.60596,1.60597,48
1779677880,1.60599,1.60599,1.60599,1.60599,2
1779677940,1.60598,1.60599,1.60593,1.60597,61
1779678000,1.606,1.60613,1.60598,1.60608,99
1779678060,1.60606,1.60609,1.60603,1.60608,66
1779678120,1.60609,1.60613,1.60601,1.60601,51
1779678180,1.60601,1.60603,1.60594,1.60598,58
1779678360,1.60596,1.606,1.60596,1.606,34
1779678420,1.60604,1.60611,1.60602,1.60611,44
1779678480,1.60611,1.60614,1.6061,1.60612,38
1779678540,1.60617,1.60617,1.60613,1.60614,31
1779678660,1.60613,1.60617,1.6061,1.60615,36
1779678780,1.60618,1.60618,1.60617,1.60617,3
1779678840,1.6061,1.60614,1.6061,1.60614,61
1779678900,1.6061,1.60613,1.60605,1.60608,60
1779679020,1.60609,1.60615,1.60606,1.60614,78
1779679080,1.60613,1.60613,1.60608,1.60609,55
1779679140,1.60609,1.60621,1.60606,1.60614,79
1779679260,1.60625,1.6064,1.60624,1.6064,64
1779679320,1.60638,1.60639,1.60629,1.60633,90
1779679380,1.60639,1.6064,1.60633,1.60635,40
1779679440,1.60633,1.60635,1.6063,1.60632,35
1779679500,1.60634,1.60638,1.60632,1.60635,68
1779679560,1.60635,1.60636,1.60626,1.60632,68
1779679620,1.60631,1.60644,1.60631,1.60643,53
1779679680,1.60646,1.60651,1.6064,1.60651,46
1779679740,1.60644,1.60648,1.60641,1.60644,47
1779679800,1.60647,1.60656,1.60645,1.60654,46
1779679920,1.60662,1.60663,1.60659,1.6066,39
1779679980,1.60659,1.60666,1.60659,1.60666,29
1779680040,1.60663,1.60665,1.6066,1.60663,47
1779680160,1.60671,1.60676,1.6067,1.60674,73
1779680220,1.60676,1.60679,1.60674,1.60678,45
1779680340,1.60681,1.60683,1.60679,1.60681,18
1779680400,1.60682,1.60686,1.60681,1.60682,58
1779680460,1.60684,1.60686,1.60681,1.60685,39
1779680520,1.60686,1.60692,1.60685,1.60685,55
1779680580,1.60685,1.60687,1.60684,1.60686,31
1779680640,1.6069,1.60692,1.60679,1.60681,38
1779680760,1.60683,1.60683,1.60678,1.60678,54
1779680820,1.60677,1.60684,1.60676,1.60681,48
1779680880,1.60682,1.60685,1.60677,1.60685,50
1779680940,1.60684,1.60688,1.60683,1.60686,37
1779681000,1.60685,1.60691,1.60682,1.6069,58
1779681060,1.60689,1.6069,1.60684,1.60689,59
1779681120,1.60685,1.60691,1.60685,1.60688,38
1779681180,1.60694,1.60696,1.60693,1.60693,31
1779681240,1.60694,1.60697,1.60693,1.60696,32
1779681420,1.60689,1.60689,1.60689,1.60689,2
1779681480,1.60684,1.60686,1.60674,1.60677,55
1779681540,1.60683,1.6069,1.60681,1.60689,41
1779681600,1.60687,1.60687,1.60667,1.60669,86
1779681660,1.60667,1.60671,1.60666,1.6067,55
1779681720,1.60669,1.60675,1.60667,1.60675,48
1779681780,1.60675,1.60676,1.60671,1.60674,34
1779681840,1.60674,1.60674,1.60672,1.60672,6
1779681960,1.60678,1.60678,1.60672,1.60674,30
1779682020,1.60676,1.60683,1.60675,1.60679,60
1779682080,1.60684,1.60688,1.60678,1.60685,59
1779682260,1.60689,1.60693,1.60689,1.60692,10
1779682320,1.60691,1.60694,1.60689,1.60693,34
1779682380,1.60694,1.60695,1.6069,1.60692,61
1779682440,1.60694,1.60694,1.60689,1.60692,54
1779682500,1.60691,1.60698,1.60691,1.60692,63
1779682560,1.60693,1.60697,1.60693,1.60696,62
1779682620,1.60697,1.60698,1.60695,1.60698,36
1779682680,1.60698,1.60698,1.60694,1.60697,39
1779682740,1.6069,1.60699,1.60688,1.60699,31
1779682800,1.60696,1.60699,1.60695,1.60696,52
1779682860,1.60694,1.60696,1.60685,1.6069,48
1779682920,1.6069,1.6069,1.60687,1.60688,34
1779682980,1.60688,1.60689,1.60685,1.60686,26
1779683040,1.60689,1.6069,1.60685,1.60686,40
1779683160,1.60695,1.60695,1.60689,1.60689,36
1779683220,1.60692,1.60693,1.60687,1.60687,29
1779683280,1.60689,1.6069,1.60687,1.6069,35
1779683340,1.6069,1.60693,1.60687,1.60693,22
1779683400,1.60694,1.60697,1.60686,1.60696,39
1779683520,1.60696,1.60698,1.60688,1.60693,44
1779683580,1.60692,1.60698,1.60692,1.60694,35
1779683640,1.60694,1.60697,1.60691,1.60697,52
1779683760,1.60701,1.60703,1.60691,1.60699,58
1779683820,1.60705,1.60705,1.60701,1.60703,31
1779683880,1.60704,1.60706,1.60702,1.60703,52
1779683940,1.60704,1.60704,1.60693,1.60695,24
1779684060,1.60705,1.60706,1.60701,1.60701,28
1779684180,1.6071,1.6071,1.6071,1.6071,2
1779684240,1.60711,1.60711,1.60711,1.60711,1
1779684300,1.60717,1.60718,1.60711,1.60717,39
1779684480,1.60725,1.60725,1.60725,1.60725,1
1779684540,1.60729,1.6073,1.60727,1.6073,29
1779684660,1.6073,1.60742,1.6073,1.60733,60
1779684720,1.60736,1.60739,1.60733,1.60733,48
1779684780,1.6073,1.60736,1.60728,1.60735,34
1779684840,1.60734,1.60743,1.60732,1.60742,46
1779684900,1.60743,1.6075,1.60742,1.60746,47
1779684960,1.60746,1.6075,1.60738,1.60741,43
1779685020,1.60733,1.60739,1.60729,1.60732,67
1779685080,1.60733,1.60739,1.6073,1.60732,35
1779685140,1.60729,1.60733,1.60724,1.60726,48
1779685200,1.60724,1.60734,1.60723,1.60725,80
1779685260,1.60726,1.60735,1.60726,1.60733,68
1779685320,1.60731,1.60738,1.60731,1.60736,59
1779685380,1.60736,1.60737,1.60723,1.60724,70
1779685440,1.60722,1.60725,1.60721,1.60722,26
1779685500,1.60724,1.60728,1.60722,1.60724,58
1779685620,1.60718,1.60718,1.60718,1.60718,1
1779685680,1.60725,1.6073,1.60725,1.6073,28
1779685740,1.60727,1.6073,1.60723,1.60729,56
1779685860,1.6073,1.60742,1.60729,1.60742,79
1779685920,1.60741,1.60748,1.60737,1.60738,45
1779685980,1.60711,1.60721,1.60711,1.60721,12
1779686040,1.60721,1.60724,1.60721,1.60723,10
1779686100,1.60734,1.60735,1.60731,1.60735,31
1779686220,1.60731,1.60735,1.60722,1.6073,85
1779686340,1.60733,1.60737,1.60732,1.60733,22
1779686460,1.60733,1.60738,1.60731,1.60735,47
1779686520,1.60738,1.60741,1.60737,1.60741,35
1779686580,1.60738,1.60741,1.60735,1.60735,53
1779686640,1.60738,1.60742,1.60735,1.60742,32
1779686760,1.60747,1.60749,1.60742,1.60742,23
1779686820,1.60742,1.60742,1.6074,1.6074,3
1779686880,1.6074,1.6075,1.6074,1.60748,39
1779686940,1.60746,1.60747,1.60743,1.60747,34
1779687120,1.60744,1.60753,1.60744,1.60752,37
1779687180,1.60754,1.60764,1.60753,1.60757,40
1779687240,1.60756,1.60764,1.6075,1.60756,47
1779687360,1.60764,1.60774,1.60763,1.60771,39
1779687480,1.60771,1.60774,1.60768,1.60768,23
1779687540,1.60774,1.60774,1.60771,1.60772,29
1779687600,1.60772,1.60772,1.60758,1.60762,56
1779687660,1.60764,1.60765,1.60738,1.60744,75
1779687720,1.60735,1.60736,1.60724,1.60727,38
1779687780,1.60726,1.60743,1.60726,1.60741,63
1779687840,1.60741,1.60744,1.60738,1.60738,21
1779687900,1.60743,1.60756,1.60741,1.60753,51
1779687960,1.60754,1.60756,1.60751,1.60753,49
1779688020,1.60752,1.60755,1.6075,1.60755,27
1779688080,1.60751,1.60753,1.60742,1.60742,30
1779688140,1.60735,1.60746,1.60735,1.60745,48
1779688200,1.60745,1.60748,1.60742,1.60744,41
1779688320,1.60756,1.60756,1.60745,1.60745,31
1779688380,1.60746,1.60754,1.60746,1.60752,50
1779688440,1.60754,1.60755,1.60751,1.60751,40
1779688500,1.60757,1.6076,1.60749,1.60752,80
1779688560,1.60754,1.60758,1.60736,1.60736,91
1779688620,1.60735,1.6074,1.60729,1.60729,47
1779688680,1.60736,1.60736,1.60726,1.60728,56
1779688740,1.60733,1.60733,1.60728,1.6073,10
1779688800,1.60726,1.60745,1.60718,1.60735,140
1779688920,1.60753,1.60757,1.60748,1.60753,117
1779688980,1.60748,1.60759,1.60744,1.60753,101
1779689040,1.60755,1.60758,1.60754,1.60756,36
1779689160,1.60761,1.60768,1.60759,1.60759,58
1779689220,1.60759,1.60765,1.60758,1.60765,49
1779689280,1.60764,1.60772,1.60763,1.60765,51
1779689340,1.60767,1.60772,1.60758,1.60762,81
1779689400,1.60764,1.60772,1.60762,1.60769,85
1779689460,1.6077,1.60779,1.60769,1.60774,36
1779689520,1.60777,1.60779,1.60769,1.60771,28
1779689580,1.60768,1.60774,1.60767,1.60772,61
1779689640,1.60768,1.6078,1.60768,1.60778,59
1779689700,1.60777,1.6078,1.60774,1.60777,74
1779689760,1.60777,1.6078,1.60767,1.60768,89
1779689880,1.60765,1.60765,1.6076,1.60764,39
1779689940,1.60757,1.60758,1.60755,1.60755,20
1779690000,1.60751,1.60756,1.60743,1.60747,76
1779690060,1.60747,1.6075,1.60746,1.6075,44
1779690120,1.60743,1.60744,1.60727,1.60738,66
1779690240,1.60745,1.60745,1.60744,1.60744,2
1779690360,1.60745,1.60749,1.60741,1.60747,91
1779690420,1.6075,1.60753,1.6074,1.60747,82
1779690480,1.60744,1.6075,1.6074,1.60741,84
1779690540,1.60747,1.60748,1.60736,1.60741,72
1779690600,1.60742,1.60742,1.6073,1.60738,81
1779690720,1.60741,1.60744,1.6074,1.60743,42
1779690780,1.60735,1.60743,1.60734,1.60741,42
1779690840,1.60749,1.60753,1.60743,1.60748,56
1779690960,1.60761,1.60764,1.60753,1.60753,59
1779691020,1.60754,1.60754,1.60742,1.60744,74
1779691140,1.60753,1.60755,1.60753,1.60755,3
1779691200,1.60754,1.60756,1.60749,1.60754,66
1779691260,1.60755,1.60757,1.60753,1.60755,30
1779691320,1.60753,1.60756,1.60747,1.60756,61
1779691380,1.60752,1.60756,1.6075,1.60752,80
1779691440,1.60752,1.60754,1.6075,1.60752,51
1779691620,1.60776,1.60786,1.60776,1.60779,44
1779691680,1.60781,1.60781,1.60769,1.60778,63
1779691740,1.60778,1.60783,1.60776,1.60779,49
1779691800,1.60779,1.60783,1.60771,1.60772,74
1779691920,1.60771,1.60772,1.60771,1.60772,5
1779691980,1.60768,1.60782,1.60768,1.60782,53
1779692040,1.60788,1.60789,1.60773,1.60776,83
1779692160,1.60768,1.60768,1.60764,1.60764,52
1779692280,1.60738,1.60751,1.60738,1.60748,64
1779692340,1.60745,1.60755,1.60739,1.60755,70
1779692400,1.60757,1.60767,1.60752,1.60759,106
1779692520,1.60768,1.60785,1.60765,1.60783,107
1779692580,1.60782,1.60788,1.60775,1.60787,97
1779692640,1.60787,1.60792,1.60786,1.60791,48
1779692700,1.60787,1.60793,1.60782,1.60789,73
1779692760,1.6079,1.6079,1.60768,1.60774,86
1779692820,1.60769,1.60774,1.60761,1.60761,81
1779692880,1.60757,1.60759,1.60747,1.60747,80
1779692940,1.60752,1.60762,1.60748,1.60762,112
1779693060,1.60744,1.60757,1.60743,1.60757,88
1779693180,1.60744,1.60744,1.60744,1.60744,1
1779693240,1.60744,1.60744,1.60737,1.60741,43
1779693300,1.6074,1.60743,1.60728,1.60731,92
1779693420,1.60734,1.60738,1.60728,1.60729,88
1779693480,1.60729,1.60735,1.60699,1.60708,153
1779693540,1.60701,1.60731,1.60701,1.60717,153
1779693660,1.60729,1.60735,1.60727,1.60733,68
1779693720,1.60733,1.6074,1.60729,1.60737,77
1779693780,1.60737,1.60745,1.60733,1.60738,103
1779693840,1.60748,1.60758,1.60743,1.60756,87
1779693900,1.6075,1.60758,1.60747,1.6075,80
1779694020,1.60744,1.60744,1.60733,1.60736,72
1779694080,1.60732,1.60736,1.60732,1.60733,44
1779694140,1.60733,1.60738,1.60732,1.60734,60
1779694200,1.60735,1.60742,1.60733,1.60739,73
1779694260,1.60738,1.60757,1.60735,1.60756,149
1779694320,1.60756,1.60769,1.60755,1.60767,118
1779694440,1.6075,1.6075,1.60724,1.60727,88
1779694500,1.60732,1.60741,1.60728,1.60734,77
1779694560,1.60735,1.60746,1.60735,1.60742,84
1779694620,1.60744,1.60747,1.60734,1.60736,60
1779694680,1.60741,1.6075,1.60735,1.60746,76
1779694740,1.60747,1.6075,1.60744,1.60746,58
1779694860,1.60746,1.60755,1.60746,1.60753,71
1779694920,1.60755,1.60758,1.6075,1.60754,56
1779694980,1.60755,1.60757,1.60749,1.60755,66
1779695040,1.60759,1.60768,1.60759,1.60764,89
1779695100,1.60761,1.60771,1.60759,1.60762,76
1779695220,1.6074,1.60747,1.60736,1.60747,65
1779695280,1.60746,1.60753,1.60744,1.60751,36
1779695340,1.60748,1.60755,1.60748,1.60752,61
1779695400,1.60753,1.60755,1.6074,1.60751,93
1779695520,1.60746,1.60746,1.60746,1.60746,2
1779695580,1.6076,1.6076,1.60753,1.60753,49
1779695640,1.60756,1.60757,1.60747,1.60751,42
1779695760,1.60755,1.60757,1.60747,1.60749,59
1779695880,1.60761,1.60772,1.60759,1.60763,69
1779695940,1.60764,1.60776,1.60764,1.60772,52
1779696000,1.60775,1.60775,1.60734,1.60735,125
1779696120,1.60749,1.60759,1.60748,1.60749,95
1779696180,1.60754,1.60766,1.60752,1.60766,92
1779696240,1.60766,1.60776,1.60766,1.60769,103
1779696360,1.60792,1.60797,1.60785,1.60793,77
1779696420,1.60797,1.60801,1.60789,1.60792,77
1779696480,1.60808,1.60811,1.60804,1.60808,67
1779696540,1.60809,1.60817,1.608,1.60814,86
1779696600,1.60814,1.6082,1.60814,1.6082,77
1779696720,1.60811,1.60812,1.60811,1.60812,3
1779696780,1.60806,1.60807,1.60796,1.60804,51
1779696840,1.60802,1.60808,1.60799,1.60799,58
1779696900,1.60799,1.60802,1.60798,1.608,81
1779696960,1.608,1.608,1.60787,1.60788,82
1779697020,1.60788,1.60798,1.60787,1.60798,60
1779697080,1.60795,1.60795,1.60788,1.60793,57
1779697140,1.60793,1.60796,1.60784,1.60794,68
1779697200,1.60792,1.608,1.60792,1.60798,65
1779697260,1.608,1.60801,1.60793,1.608,54
1779697320,1.60801,1.60801,1.60793,1.60795,45
1779697380,1.60793,1.60793,1.60786,1.60791,45
1779697440,1.60791,1.60793,1.60789,1.60792,27
1779697500,1.60791,1.60798,1.60789,1.60797,92
1779697620,1.60802,1.60802,1.60802,1.60802,1
1779697680,1.60819,1.6082,1.60817,1.60817,7
1779697740,1.60814,1.6082,1.60811,1.60817,72
1779697800,1.60822,1.60828,1.60811,1.60828,93
1779697920,1.60828,1.60829,1.60823,1.60829,46
1779697980,1.60829,1.60833,1.60826,1.60833,48
1779698040,1.60833,1.60834,1.60817,1.60825,67
1779698100,1.60827,1.60839,1.60827,1.60828,83
1779698160,1.6083,1.6083,1.60815,1.60821,92
1779698220,1.60821,1.60847,1.6082,1.60844,65
1779698280,1.60845,1.60847,1.60839,1.60839,79
1779698340,1.60837,1.60851,1.60837,1.60847,70
1779698400,1.6085,1.6085,1.60836,1.60847,90
1779698460,1.60845,1.60852,1.60838,1.60845,113
1779698520,1.60844,1.60852,1.60842,1.60842,83
1779698580,1.60842,1.60846,1.60836,1.60836,58
1779698640,1.60835,1.60842,1.60834,1.6084,78
1779698700,1.60838,1.60845,1.60837,1.60844,81
1779698760,1.60849,1.60849,1.60838,1.60844,72
1779698820,1.60845,1.60846,1.60836,1.60843,89
1779698880,1.60847,1.6085,1.60843,1.60844,84
1779698940,1.60841,1.60846,1.60837,1.60842,96
1779699000,1.60844,1.60844,1.60811,1.60813,102
1779699060,1.60811,1.60821,1.6081,1.60815,73
1779699120,1.60816,1.6082,1.60814,1.60819,53
1779699180,1.60817,1.60823,1.60815,1.60816,82
1779699240,1.60819,1.60826,1.60816,1.60823,75
1779699300,1.60822,1.60832,1.60815,1.60817,97
1779699360,1.60817,1.6082,1.60812,1.60817,96
1779699420,1.60817,1.60834,1.60815,1.6083,54
1779699480,1.6083,1.60831,1.60823,1.60823,106
1779699540,1.60825,1.60829,1.60821,1.60824,52
1779699600,1.60822,1.60826,1.6082,1.60821,61
1779699660,1.60823,1.60838,1.6082,1.60837,76
1779699720,1.60838,1.60843,1.60833,1.60836,66
1779699780,1.60835,1.60838,1.60828,1.60829,52
1779699840,1.60828,1.60832,1.60828,1.60828,39
1779699900,1.60828,1.60831,1.60811,1.60822,69
1779699960,1.60821,1.60826,1.60811,1.60816,72
1779700020,1.60815,1.60817,1.60806,1.60807,37
1779700080,1.60809,1.60809,1.60795,1.60802,58
1779700140,1.60802,1.60805,1.608,1.60802,41
1779700200,1.60802,1.60812,1.60799,1.60811,54
1779700260,1.60812,1.60817,1.60808,1.60817,52
1779700320,1.60816,1.60821,1.6081,1.60819,48
1779700380,1.60818,1.60818,1.60805,1.60809,87
1779700440,1.60811,1.60816,1.60805,1.60813,51
1779700500,1.60813,1.60816,1.60803,1.60803,73
1779700560,1.60804,1.6082,1.60798,1.6082,70
1779700620,1.60821,1.60823,1.60816,1.60823,52
1779700680,1.60823,1.60824,1.60817,1.60824,54
1779700740,1.60822,1.60827,1.60814,1.60827,73
1779700800,1.60826,1.60833,1.60826,1.60832,49
1779700860,1.6083,1.60839,1.6083,1.60839,38
1779700920,1.6084,1.60842,1.60835,1.60838,51
1779700980,1.60839,1.60843,1.60837,1.60841,42
1779701040,1.60841,1.60848,1.60839,1.60844,38
1779701100,1.60844,1.60845,1.6084,1.60841,40
1779701160,1.60841,1.60847,1.60841,1.60844,40
1779701220,1.60845,1.60848,1.60842,1.60844,42
1779701280,1.60843,1.60847,1.60838,1.60838,46
1779701340,1.60836,1.60839,1.60824,1.60826,91
1779701400,1.60825,1.6083,1.60824,1.60826,82
1779701460,1.60827,1.60834,1.60824,1.6083,77
1779701520,1.60831,1.60835,1.60831,1.60834,40
1779701580,1.60833,1.60835,1.60831,1.60832,36
1779701640,1.60831,1.60834,1.60824,1.60827,66
1779701700,1.60823,1.60824,1.60818,1.60819,90
1779701760,1.60818,1.60821,1.60815,1.60817,66
1779701820,1.60818,1.60821,1.60817,1.6082,72
1779701880,1.60821,1.60824,1.6082,1.60822,36
1779701940,1.60824,1.60824,1.60808,1.60815,69
1779702000,1.60814,1.60822,1.60812,1.60819,60
1779702060,1.60818,1.60824,1.60812,1.60812,68
1779702120,1.60812,1.60816,1.60809,1.60813,46
1779702180,1.60814,1.60816,1.60813,1.60816,31
1779702240,1.60815,1.60825,1.60815,1.60822,43
1779702300,1.60824,1.60825,1.60805,1.60805,62
1779702360,1.60808,1.60816,1.60808,1.60815,46
1779702420,1.60814,1.60816,1.60811,1.60813,46
1779702480,1.60812,1.60815,1.60802,1.60804,59
1779702540,1.60803,1.60806,1.60802,1.60803,46
1779702660,1.60803,1.60805,1.60802,1.60804,28
1779702720,1.60801,1.60801,1.60798,1.60798,25
1779702780,1.60794,1.60807,1.60793,1.60807,51
1779702840,1.60804,1.60806,1.60801,1.60805,36
1779702900,1.60803,1.60813,1.60803,1.60811,80
1779702960,1.60811,1.60812,1.60808,1.60812,59
1779703020,1.60813,1.60815,1.6081,1.6081,29
1779703080,1.60808,1.60809,1.60796,1.60798,39
1779703140,1.608,1.60811,1.608,1.60811,54
1779703200,1.60813,1.60819,1.60808,1.60817,89
1779703260,1.60816,1.6082,1.60814,1.60818,86
1779703320,1.60818,1.6082,1.60814,1.60817,38
1779703440,1.60803,1.60811,1.608,1.60811,57
1779703500,1.60813,1.6082,1.6081,1.6082,55
1779703560,1.60818,1.60827,1.60817,1.60827,52
1779703620,1.60822,1.60833,1.60822,1.6083,28
1779703680,1.60835,1.60836,1.60828,1.60834,63
1779703740,1.60834,1.60842,1.60834,1.60841,40
1779703800,1.60838,1.60839,1.60835,1.60835,67
1779703860,1.60835,1.60841,1.6083,1.60833,82
1779703920,1.60835,1.60837,1.60831,1.60832,49
1779703980,1.60831,1.60834,1.60825,1.60827,49
1779704040,1.60828,1.60829,1.60824,1.60829,31
1779704100,1.60829,1.60834,1.60828,1.60834,47
1779704160,1.60834,1.60839,1.60832,1.60838,61
1779704220,1.60841,1.60852,1.60839,1.60852,45
1779704280,1.60852,1.60852,1.60843,1.60847,40
1779704340,1.60849,1.60852,1.60845,1.60845,32
1779704400,1.60845,1.60847,1.60841,1.60844,93
1779704460,1.60843,1.60848,1.60839,1.60839,66
1779704520,1.60841,1.60849,1.60838,1.60841,56
1779704580,1.6084,1.60842,1.60835,1.60839,61
1779704640,1.60837,1.6084,1.60831,1.60838,38
1779704700,1.60839,1.60841,1.60832,1.60837,46
1779704760,1.60833,1.6084,1.60833,1.60839,40
1779704820,1.60836,1.60837,1.60828,1.60829,36
1779704880,1.60829,1.60834,1.60827,1.60829,53
1779704940,1.60824,1.60828,1.60821,1.60822,61
1779705000,1.60822,1.60831,1.60821,1.6083,73
1779705060,1.60831,1.60836,1.6083,1.60835,35
1779705120,1.60835,1.60835,1.60824,1.60826,47
1779705180,1.60826,1.60834,1.60824,1.6083,57
1779705240,1.60829,1.60832,1.60827,1.60831,54
1779705300,1.60831,1.60836,1.6083,1.60831,50
1779705360,1.60831,1.60836,1.60827,1.60828,49
1779705420,1.60829,1.6083,1.60822,1.60826,67
1779705480,1.60825,1.60828,1.60824,1.60825,24
1779705540,1.60826,1.60829,1.60823,1.60827,38
1779705600,1.60828,1.6083,1.60821,1.60823,62
1779705660,1.60824,1.60837,1.60824,1.60834,69
1779705720,1.60835,1.60838,1.60834,1.60837,54
1779705840,1.60839,1.60843,1.60837,1.60843,21
1779705900,1.60845,1.60845,1.60831,1.60831,78
1779705960,1.60831,1.60833,1.60828,1.60833,54
1779706020,1.6083,1.60834,1.6083,1.60833,44
1779706080,1.60834,1.60835,1.60824,1.60824,24
1779706140,1.60824,1.60827,1.60822,1.60826,46
1779706200,1.60826,1.60827,1.60825,1.60826,29
1779706260,1.6083,1.60831,1.60828,1.60831,42
1779706320,1.60834,1.60839,1.60833,1.60839,39
1779706380,1.60844,1.60848,1.60842,1.60846,40
1779706440,1.60848,1.60848,1.60835,1.60838,37
1779706560,1.60834,1.60834,1.60827,1.60831,22
1779706680,1.60827,1.60827,1.60827,1.60827,2
1779706740,1.60837,1.60837,1.60836,1.60837,6
1779706800,1.60835,1.60838,1.60824,1.60832,95
1779706920,1.60834,1.6084,1.60834,1.60835,40
1779706980,1.60837,1.60841,1.60835,1.6084,52
1779707040,1.6084,1.60855,1.6084,1.60848,55
1779707160,1.60848,1.60852,1.60836,1.60837,54
1779707220,1.60838,1.60841,1.60838,1.60839,28
1779707280,1.60841,1.60842,1.60838,1.60838,31
1779707340,1.60842,1.60845,1.60837,1.60844,49
1779707400,1.60844,1.60853,1.60843,1.60851,46
1779707520,1.60851,1.60854,1.60845,1.60851,35
1779707580,1.60854,1.60854,1.6085,1.60851,24
1779707640,1.60851,1.60852,1.60848,1.60849,29
1779707700,1.60851,1.60851,1.60842,1.60843,47
1779707760,1.60839,1.60844,1.60834,1.6084,52
1779707880,1.60848,1.60848,1.60848,1.60848,1
1779707940,1.60851,1.60853,1.60845,1.60848,36
1779708000,1.60846,1.60848,1.60841,1.60847,39
1779708060,1.60847,1.60848,1.6084,1.60843,57
1779708120,1.60843,1.60845,1.60839,1.60839,40
1779708180,1.60842,1.60845,1.60842,1.60843,14
1779708240,1.60839,1.6084,1.60839,1.6084,7
1779708360,1.6084,1.60843,1.60833,1.60833,39
1779708420,1.60833,1.60835,1.6082,1.60821,70
1779708480,1.60819,1.60824,1.60819,1.60824,39
1779708540,1.60824,1.60826,1.60823,1.60826,28
1779708600,1.60829,1.60849,1.60827,1.60849,77
1779708720,1.60845,1.60851,1.60829,1.60829,75
1779708780,1.60833,1.60848,1.60826,1.6083,99
1779708840,1.60829,1.60832,1.60826,1.60826,40
1779708960,1.60824,1.60829,1.60824,1.60826,29
1779709020,1.60836,1.6084,1.60833,1.60836,68
1779709080,1.60839,1.60841,1.60837,1.60841,42
1779709140,1.60841,1.60851,1.60841,1.60849,57
1779709260,1.60852,1.60853,1.60845,1.60852,57
1779709320,1.60848,1.60852,1.60837,1.60841,42
1779709380,1.60842,1.60846,1.60838,1.6084,55
1779709440,1.60841,1.60846,1.6084,1.60844,32
1779709560,1.60851,1.60861,1.60847,1.60857,84
1779709620,1.60862,1.60867,1.6085,1.6085,69
1779709740,1.60856,1.60856,1.60848,1.60848,49
1779709860,1.60853,1.60854,1.60847,1.60849,28
1779709920,1.60849,1.6085,1.60842,1.60847,72
1779709980,1.60851,1.60855,1.60851,1.60853,45
1779710040,1.60851,1.60854,1.60844,1.60853,90
1779710100,1.60853,1.60854,1.60828,1.60834,76
1779710160,1.60834,1.60848,1.60834,1.60834,75
1779710220,1.6083,1.60831,1.6083,1.60831,2
1779710280,1.60819,1.6082,1.6081,1.6081,88
1779710340,1.60808,1.60809,1.608,1.60809,79
1779710400,1.60813,1.60822,1.60808,1.60814,100
1779710460,1.60815,1.60819,1.60811,1.60814,67
1779710580,1.60821,1.60827,1.6082,1.60823,51
1779710640,1.60821,1.60824,1.60815,1.60815,52
1779710700,1.60821,1.60826,1.60817,1.60819,68
1779710760,1.6082,1.60821,1.60815,1.60817,59
1779710820,1.6082,1.60823,1.60814,1.60823,65
1779710940,1.60827,1.60834,1.60827,1.60828,34
1779711060,1.6083,1.60836,1.60828,1.60829,49
1779711120,1.6083,1.60833,1.60826,1.60831,71
1779711180,1.60834,1.60847,1.60831,1.60845,74
1779711240,1.60844,1.60848,1.60843,1.60846,71
1779711300,1.60843,1.60851,1.60843,1.60846,70
1779711420,1.60851,1.6086,1.60851,1.60856,29
1779711480,1.60849,1.60852,1.60847,1.60851,28
1779711540,1.6085,1.60853,1.6085,1.60853,55
1779711660,1.60847,1.6085,1.60841,1.60844,66
1779711780,1.60837,1.60837,1.60837,1.60837,2
1779711840,1.60841,1.60844,1.60832,1.60835,61
1779711900,1.60834,1.60835,1.60822,1.60825,84
1779711960,1.60824,1.60824,1.60808,1.60808,59
1779712020,1.60809,1.60819,1.60809,1.60818,56
1779712080,1.60817,1.60819,1.60812,1.60815,64
1779712140,1.60815,1.60818,1.60812,1.60816,52
1779712200,1.60819,1.60826,1.60818,1.60823,77
1779712260,1.60823,1.60855,1.60822,1.60855,95
1779712320,1.60855,1.60864,1.60855,1.60864,91
1779712380,1.60859,1.60859,1.60835,1.60838,75
1779712440,1.60835,1.60843,1.60834,1.60841,73
1779712500,1.60841,1.60841,1.60828,1.60834,74
1779712560,1.60834,1.60839,1.6083,1.60837,75
1779712620,1.60837,1.60838,1.60833,1.60837,61
1779712680,1.60836,1.6084,1.60832,1.60838,75
1779712740,1.60838,1.6084,1.60832,1.60838,61
1779712800,1.6084,1.6084,1.60831,1.60833,72
1779712860,1.60835,1.60835,1.60825,1.60826,74
1779712920,1.60826,1.60831,1.60824,1.60828,58
1779712980,1.6083,1.60838,1.60826,1.60837,104
1779713040,1.60838,1.60857,1.60837,1.60857,105
1779713100,1.60855,1.60861,1.6083,1.60857,150
1779713160,1.60855,1.60864,1.60851,1.60864,133
1779713220,1.60862,1.60864,1.60848,1.60848,87
1779713280,1.60847,1.60847,1.60825,1.60837,66
1779713340,1.60839,1.60839,1.60826,1.60833,80
1779713400,1.60832,1.60845,1.60828,1.60828,80
1779713460,1.6083,1.60834,1.6082,1.60821,103
1779713580,1.60817,1.60818,1.60811,1.60813,54
1779713640,1.60816,1.60823,1.60814,1.60819,72
1779713760,1.60816,1.60823,1.60813,1.60823,56
1779713880,1.60807,1.60809,1.608,1.60806,59
1779713940,1.60803,1.60813,1.60803,1.60812,43
1779714000,1.60819,1.60828,1.60809,1.60818,102
1779714060,1.60821,1.60832,1.60821,1.60828,81
1779714120,1.60829,1.60831,1.6082,1.60822,97
1779714180,1.60824,1.60829,1.60822,1.60826,89
1779714240,1.60826,1.60832,1.60822,1.60828,76
1779714360,1.60833,1.60833,1.60828,1.60831,52
1779714420,1.60828,1.60832,1.60824,1.60826,62
1779714480,1.60826,1.60829,1.60819,1.60823,77
1779714540,1.60825,1.60825,1.60801,1.60801,73
1779714600,1.60799,1.60801,1.60795,1.60798,77
1779714660,1.60791,1.608,1.60782,1.60782,92
1779714780,1.60781,1.60781,1.60776,1.60776,8
1779714840,1.60777,1.60784,1.60777,1.60782,33
1779714900,1.60785,1.60785,1.60772,1.60782,89
1779714960,1.6078,1.60788,1.60774,1.6078,113
1779715020,1.60776,1.60785,1.60767,1.60768,129
1779715080,1.60763,1.60763,1.60751,1.60752,70
1779715140,1.60754,1.60755,1.60748,1.60749,46
1779715200,1.60747,1.60748,1.60741,1.60746,65
1779715260,1.60746,1.60751,1.6074,1.60747,50
1779715320,1.6075,1.60752,1.60742,1.60746,61
1779715380,1.60739,1.60739,1.60728,1.60736,54
1779715440,1.60737,1.60742,1.60733,1.60733,69
1779715500,1.60736,1.60737,1.60732,1.60735,45
1779715560,1.60734,1.60742,1.60732,1.60736,98
1779715620,1.60737,1.60737,1.60726,1.60736,54
1779715680,1.60729,1.6073,1.60725,1.60726,22
1779715740,1.60716,1.60719,1.60715,1.60719,49
1779715800,1.60717,1.6073,1.60717,1.60722,127
1779715980,1.60736,1.60748,1.6073,1.60746,58
1779716040,1.60749,1.60751,1.60746,1.60748,50
1779716160,1.60739,1.60745,1.60735,1.60739,84
1779716220,1.60732,1.60746,1.6073,1.60746,87
1779716280,1.60745,1.60746,1.60731,1.60731,76
1779716460,1.60747,1.6075,1.60725,1.60726,52
1779716520,1.6073,1.60733,1.60725,1.60725,51
1779716580,1.60726,1.60732,1.60719,1.60726,69
1779716640,1.60726,1.60728,1.6072,1.60725,53
1779716820,1.60729,1.60741,1.60728,1.60738,35
1779716880,1.6073,1.60737,1.60727,1.60737,46
1779716940,1.60745,1.60745,1.60738,1.60738,38
1779717000,1.60742,1.60753,1.6074,1.60752,55
1779717060,1.60753,1.60768,1.60753,1.60766,66
1779717120,1.60775,1.60775,1.60761,1.60773,66
1779717240,1.60761,1.60761,1.60756,1.60756,8
1779717360,1.60748,1.60748,1.6074,1.60744,39
1779717420,1.60744,1.60746,1.60739,1.60745,57
1779717540,1.60718,1.60725,1.60717,1.60717,54
1779717600,1.60716,1.60716,1.60707,1.60709,102
1779717660,1.60708,1.60723,1.60708,1.6072,110
1779717780,1.60704,1.60716,1.60702,1.60711,73
1779717840,1.60714,1.6072,1.60711,1.60719,73
1779717900,1.60718,1.60721,1.60714,1.60716,57
1779717960,1.60717,1.60718,1.6071,1.60711,38
1779718020,1.6071,1.6071,1.60701,1.60707,56
1779718080,1.60705,1.60707,1.60698,1.60702,51
1779718140,1.60702,1.60709,1.60699,1.60706,46
1779718260,1.60702,1.60704,1.60699,1.60704,52
1779718380,1.60683,1.60683,1.60678,1.60679,45
1779718440,1.60675,1.60677,1.60672,1.60672,46
1779718500,1.60677,1.60687,1.60677,1.60682,64
1779718620,1.60687,1.60692,1.60686,1.60692,28
1779718740,1.60695,1.60695,1.60692,1.60692,3
1779718860,1.60697,1.60697,1.60687,1.60691,52
1779718920,1.60686,1.60688,1.60675,1.60683,54
1779718980,1.60683,1.60684,1.60672,1.60677,63
1779719040,1.6068,1.60688,1.60677,1.60679,72
1779719100,1.60676,1.60688,1.60676,1.60686,66
1779719160,1.60687,1.60697,1.60685,1.60696,40
1779719220,1.607,1.607,1.60696,1.60697,25
1779719280,1.60696,1.60699,1.60693,1.60696,49
1779719340,1.60697,1.607,1.60693,1.60697,54
1779719400,1.60695,1.60699,1.60691,1.60694,81
1779719460,1.60695,1.60697,1.60683,1.60684,89
1779719580,1.60681,1.60682,1.60676,1.60681,48
1779719640,1.6068,1.60694,1.60678,1.60693,49
1779719700,1.607,1.60704,1.60694,1.60696,63
1779719760,1.60696,1.60701,1.60695,1.60697,53
1779719820,1.60697,1.60701,1.60695,1.60697,44
1779719880,1.60697,1.60703,1.60695,1.60701,32
1779719940,1.60699,1.60711,1.60695,1.607,65
1779720060,1.60691,1.607,1.60689,1.607,81
1779720120,1.60698,1.60705,1.60697,1.607,55
1779720180,1.60688,1.6069,1.60677,1.60678,40
1779720240,1.60682,1.60684,1.60673,1.60674,64
1779720300,1.60674,1.60678,1.60672,1.60676,67
1779720480,1.60698,1.60706,1.60694,1.60703,59
1779720540,1.60709,1.60712,1.60706,1.60707,50
1779720660,1.60706,1.6071,1.607,1.60705,71
1779720780,1.60706,1.60707,1.60697,1.60697,30
1779720840,1.60697,1.60698,1.6069,1.6069,51
1779720960,1.60705,1.60706,1.60694,1.60701,78
1779721020,1.607,1.60709,1.60645,1.60645,131
1779721080,1.60642,1.60662,1.60642,1.60656,116
1779721140,1.60661,1.60665,1.60655,1.60663,134
1779721200,1.60664,1.60667,1.60656,1.60662,96
1779721320,1.60663,1.60664,1.60644,1.60652,102
1779721380,1.60655,1.60664,1.60654,1.60664,76
1779721440,1.6067,1.60671,1.60663,1.60665,49
1779721620,1.60668,1.60668,1.60666,1.60666,2
1779721680,1.60657,1.60662,1.60652,1.60659,72
1779721740,1.60655,1.60655,1.60633,1.60637,54
1779721800,1.60633,1.60678,1.60633,1.60673,142
1779721860,1.60675,1.60702,1.60673,1.60696,173
1779721920,1.60692,1.60699,1.60685,1.6069,158
1779721980,1.6069,1.60695,1.60687,1.60687,55
1779722040,1.60679,1.60683,1.60675,1.60677,113
1779722100,1.60677,1.60694,1.60677,1.60693,119
1779722160,1.60691,1.60696,1.60681,1.60684,120
1779722220,1.60683,1.60691,1.60683,1.60689,77
1779722280,1.60677,1.60679,1.60665,1.60673,82
1779722340,1.60672,1.60688,1.60672,1.60685,60
1779731520,1.60692,1.60692,1.60691,1.60691,4
1779731580,1.60698,1.60702,1.60698,1.60701,28
1779731640,1.60701,1.60704,1.60701,1.60704,5
1779731700,1.60706,1.60715,1.60706,1.60714,37
1779731760,1.60715,1.60718,1.60709,1.60716,49
1779731880,1.60714,1.60714,1.60714,1.60714,2
1779731940,1.607,1.60704,1.607,1.607,9
1779732000,1.60708,1.60709,1.60705,1.60706,38
1779732060,1.60709,1.60709,1.60698,1.60698,23
1779732120,1.60699,1.60699,1.60689,1.6069,31
1779732180,1.60688,1.60693,1.60687,1.60687,25
1779732240,1.60685,1.60687,1.6068,1.6068,45
1779732300,1.60678,1.60683,1.60678,1.60678,27
1779732360,1.60678,1.60684,1.60678,1.60679,23
1779732420,1.60681,1.60681,1.60681,1.60681,2
1779732480,1.60677,1.60681,1.60677,1.60679,15
1779733260,1.6071,1.6071,1.60708,1.60708,21
1779733320,1.60704,1.60705,1.60698,1.607,40
1779733380,1.607,1.60701,1.60698,1.60701,6
1779733440,1.607,1.607,1.607,1.607,1
1779733560,1.607,1.607,1.60699,1.60699,4
1779733620,1.60698,1.60702,1.60698,1.60699,38
1779733680,1.60697,1.60698,1.60695,1.60696,10
1779733740,1.60695,1.60697,1.60692,1.60697,15
1779733920,1.60694,1.60698,1.60694,1.60698,7
1779733980,1.60697,1.60698,1.60697,1.60698,10
1779734040,1.60697,1.60698,1.60696,1.60697,30
1779734160,1.607,1.60706,1.607,1.60706,11
1779734220,1.60706,1.60707,1.60706,1.60707,9
1779734280,1.60706,1.60708,1.60705,1.60706,10
1779734340,1.60705,1.60707,1.60705,1.60707,8
1779734400,1.607,1.60702,1.60694,1.60694,27
1779734460,1.60696,1.60703,1.60695,1.607,26
1779734520,1.607,1.60702,1.607,1.60701,4
1779734580,1.607,1.607,1.607,1.607,2
1779734640,1.60702,1.60714,1.60702,1.60713,25
1779734760,1.60706,1.60708,1.60704,1.60705,17
1779734820,1.60706,1.60708,1.60704,1.60705,21
1779734880,1.60708,1.60708,1.60707,1.60707,5
1779735000,1.60692,1.60692,1.60692,1.60692,2
1779735060,1.60701,1.60701,1.60696,1.60697,15
1779735120,1.60699,1.60705,1.60699,1.60705,9
1779735180,1.60711,1.60714,1.60711,1.60712,15
1779735240,1.60713,1.60714,1.60712,1.60714,15
1779735360,1.60712,1.60712,1.60712,1.60712,2
1779735420,1.60712,1.60712,1.60709,1.60711,17
1779735480,1.60712,1.60712,1.60712,1.60712,1
1779735540,1.60716,1.6073,1.60714,1.60721,35
1779735600,1.60721,1.60725,1.60719,1.60721,21
1779735780,1.60719,1.60719,1.60719,1.60719,2
1779735840,1.60717,1.60721,1.60717,1.6072,13
1779735960,1.60713,1.60713,1.60699,1.60701,20
1779736020,1.60699,1.607,1.60699,1.607,3
1779736080,1.60703,1.60704,1.60703,1.60703,11
1779736140,1.60711,1.60711,1.6071,1.6071,7
1779736260,1.60706,1.60709,1.60704,1.60704,25
1779736320,1.60708,1.6071,1.60705,1.60707,18
1779736380,1.60706,1.60706,1.60705,1.60705,4
1779736440,1.60708,1.60708,1.60703,1.60704,11
1779736620,1.60709,1.6071,1.60708,1.60709,20
1779736680,1.60709,1.60709,1.60709,1.60709,1
1779736740,1.60712,1.60713,1.60709,1.60709,16
1779736860,1.60703,1.60712,1.60703,1.60712,14
1779736920,1.60708,1.60711,1.60706,1.60709,15
1779736980,1.60712,1.60713,1.60712,1.60713,9
1779737100,1.60711,1.60713,1.60709,1.60709,10
1779737160,1.6071,1.6071,1.60708,1.60708,4
1779737220,1.60714,1.60714,1.60712,1.60712,12
1779737280,1.60713,1.60713,1.6071,1.60713,6
1779737340,1.6071,1.60714,1.60708,1.60711,40
1779737400,1.60713,1.60714,1.60703,1.60704,25
1779737460,1.60703,1.60707,1.60703,1.60706,23
1779737520,1.60706,1.60707,1.60702,1.60702,15
1779737580,1.60704,1.60705,1.60697,1.60697,14
1779737640,1.60706,1.60706,1.60706,1.60706,1
1779737700,1.607,1.60702,1.60686,1.60688,38
1779737760,1.60687,1.60691,1.60677,1.60678,64
1779737820,1.60683,1.60688,1.60679,1.60679,41
1779737880,1.60682,1.60687,1.60681,1.60685,16
1779737940,1.60676,1.60676,1.60676,1.60676,3
1779738060,1.60673,1.60681,1.60673,1.60681,18
1779738120,1.60675,1.60675,1.60675,1.60675,1
1779738180,1.60672,1.60682,1.60672,1.60676,29
1779738240,1.60674,1.60674,1.60674,1.60674,2
1779738420,1.60683,1.60685,1.60683,1.60683,4
1779738480,1.60684,1.60684,1.6068,1.6068,8
1779738540,1.60666,1.60669,1.60666,1.60669,6
1779738660,1.60661,1.60661,1.60657,1.60658,11
1779738720,1.60657,1.60662,1.60657,1.60661,9
1779738840,1.60656,1.60656,1.60656,1.60656,1
1779738960,1.60652,1.60654,1.6065,1.6065,14
1779739020,1.6065,1.60663,1.60647,1.60662,41
1779739080,1.60662,1.60662,1.60653,1.60656,37
1779739140,1.60655,1.60657,1.60654,1.60654,16
1779739200,1.60654,1.6066,1.60654,1.60656,42
1779739260,1.60658,1.60665,1.60655,1.60662,53
1779739320,1.6066,1.60664,1.6066,1.60664,14
1779739380,1.60659,1.60665,1.60659,1.60661,18
1779739440,1.60662,1.60662,1.60662,1.60662,1
1779739500,1.6066,1.60671,1.60655,1.60668,36
1779739560,1.6066,1.6066,1.60656,1.60657,6
1779739680,1.60655,1.60655,1.60655,1.60655,2
1779739740,1.60661,1.60661,1.6066,1.60661,6
1779739860,1.60664,1.60665,1.6066,1.60665,47
1779739920,1.60664,1.60664,1.60662,1.60664,9
1779739980,1.60664,1.60664,1.60662,1.60664,5
1779740040,1.60662,1.60665,1.60662,1.60665,6
1779740100,1.60663,1.60665,1.60661,1.60662,20
1779740160,1.60661,1.60666,1.60661,1.60665,24
1779740220,1.60664,1.60666,1.60662,1.60666,25
1779740280,1.60665,1.60671,1.60663,1.60668,36
1779740340,1.60668,1.60668,1.60664,1.60664,5
1779740460,1.60676,1.60676,1.60663,1.60664,28
1779740520,1.60665,1.60665,1.60663,1.60664,8
1779740580,1.60666,1.60667,1.60665,1.60665,12
1779740640,1.60666,1.60667,1.60665,1.60666,8
1779740700,1.60665,1.60666,1.60661,1.60665,43
1779740760,1.60665,1.60667,1.60663,1.60665,31
1779740880,1.60667,1.6067,1.60667,1.6067,4
1779740940,1.60683,1.60683,1.60682,1.60682,4
1779741060,1.60669,1.60671,1.60669,1.60669,13
1779741120,1.60669,1.6067,1.60667,1.60668,20
1779741180,1.60668,1.60671,1.60666,1.60668,15
1779741240,1.60669,1.60669,1.60669,1.60669,2
1779741360,1.60659,1.6066,1.60659,1.60659,17
1779741420,1.60668,1.60674,1.60668,1.60674,13
1779741480,1.60682,1.60683,1.60675,1.60677,13
1779741540,1.60676,1.60681,1.60675,1.60681,20
1779741660,1.60669,1.6067,1.60666,1.60668,13
1779741720,1.60665,1.60665,1.60664,1.60664,4
1779741780,1.60666,1.60666,1.60665,1.60666,11
1779741840,1.60672,1.60675,1.60672,1.60672,25
1779741900,1.60679,1.60679,1.6067,1.60671,39
1779742020,1.60676,1.60679,1.60675,1.60678,12
1779742080,1.6068,1.6068,1.60675,1.60679,11
1779742140,1.60681,1.60684,1.6068,1.60682,18
1779742260,1.60677,1.60679,1.60677,1.60678,7
1779742320,1.60683,1.60686,1.60683,1.60683,9
1779742380,1.60681,1.60688,1.60681,1.60683,23
1779742440,1.60682,1.60686,1.60681,1.60686,10
1779742560,1.60686,1.60686,1.60686,1.60686,2
1779742620,1.60685,1.6069,1.60685,1.60689,7
1779742680,1.6069,1.6069,1.60688,1.60689,10
1779742860,1.60628,1.6063,1.60628,1.6063,7
1779742920,1.60631,1.60631,1.60585,1.60585,3
1779743160,1.60615,1.60615,1.60614,1.60614,3
1779743220,1.60613,1.60613,1.60613,1.60613,2
1779743280,1.60611,1.60611,1.60582,1.60582,3
1779743400,1.60599,1.60599,1.60584,1.60584,4
1779743520,1.60596,1.60596,1.60596,1.60596,1
1779743580,1.60593,1.60606,1.60589,1.60589,3
1779743640,1.60592,1.60603,1.60592,1.60603,2
1779743760,1.60584,1.60584,1.60584,1.60584,1
1779743820,1.60584,1.60584,1.60584,1.60584,1
1779743880,1.60595,1.60604,1.60584,1.60604,5
1779743940,1.60617,1.60617,1.60617,1.60617,1
1779744000,1.60609,1.60609,1.60605,1.60605,8
1779744060,1.60601,1.60601,1.60597,1.60597,4
1779744180,1.60593,1.60596,1.60592,1.60596,10
1779744240,1.60587,1.60588,1.60581,1.60588,6
1779744300,1.60573,1.60576,1.60568,1.60568,14
1779744360,1.60569,1.60575,1.60566,1.60566,8
1779744420,1.60566,1.60569,1.60562,1.60562,6
1779744480,1.60556,1.60559,1.60556,1.60558,18
1779744540,1.60565,1.6058,1.60565,1.6058,7
1779744600,1.60587,1.60589,1.60577,1.60587,26
1779744720,1.6058,1.60581,1.6058,1.6058,11
1779744780,1.60581,1.60581,1.6058,1.60581,6
1779744840,1.60604,1.60615,1.606,1.60604,12
1779744960,1.60619,1.60626,1.60619,1.60624,16
1779745020,1.60625,1.60633,1.60625,1.60633,6
1779745080,1.60625,1.60625,1.60623,1.60623,4
1779745140,1.60622,1.60622,1.60616,1.60616,7
1779745200,1.60619,1.60649,1.60619,1.60636,25
1779745260,1.60635,1.60659,1.60625,1.60626,27
1779745320,1.6063,1.60644,1.6063,1.60639,17
1779745440,1.60623,1.60623,1.606,1.606,6
1779745560,1.60565,1.60583,1.60563,1.60583,51
1779745620,1.6058,1.6058,1.60579,1.60579,3
1779745680,1.60576,1.606,1.60532,1.60567,40
1779745740,1.60568,1.60576,1.60568,1.60571,16
1779745860,1.6058,1.60584,1.60578,1.60584,20
1779745920,1.60578,1.60586,1.60577,1.60584,6
1779745980,1.60581,1.60581,1.60578,1.60579,16
1779746040,1.60576,1.60637,1.60576,1.60637,16
1779746160,1.60634,1.60645,1.60633,1.60643,9
1779746220,1.60634,1.60634,1.60633,1.60633,2
1779746280,1.60623,1.60631,1.60622,1.60631,3
1779746340,1.60627,1.60627,1.60627,1.60627,1
1779746400,1.60689,1.60689,1.60651,1.60665,132
1779746460,1.60664,1.60667,1.60654,1.60663,82
1779746580,1.60666,1.60666,1.60659,1.60659,33
1779746640,1.60654,1.60661,1.6065,1.6065,56
1779746700,1.60658,1.60661,1.60651,1.60651,41
1779746760,1.60653,1.60662,1.60653,1.60659,41
1779746820,1.60656,1.60665,1.60653,1.60656,57
1779746940,1.60662,1.60663,1.60662,1.60663,4
1779747060,1.60664,1.60702,1.60663,1.60685,68
1779747120,1.60682,1.60682,1.60682,1.60682,4
1779747180,1.60678,1.60683,1.60677,1.60683,13
1779747240,1.60681,1.60681,1.6068,1.6068,12
1779747300,1.60681,1.60683,1.60677,1.60679,37
1779747420,1.60692,1.60701,1.6069,1.6069,47
1779747480,1.60687,1.60687,1.60687,1.60687,3
1779747540,1.60684,1.60684,1.60679,1.6068,12
1779747600,1.6068,1.60683,1.60679,1.60681,26
1779747660,1.6068,1.60692,1.60675,1.6069,24
1779747720,1.60689,1.60693,1.60689,1.60691,10
1779747780,1.60689,1.60689,1.60689,1.60689,3
1779747840,1.60682,1.60684,1.60679,1.60684,21
1779747900,1.60682,1.60689,1.60682,1.60689,15
1779747960,1.60689,1.60689,1.60685,1.60688,27
1779748080,1.60685,1.60685,1.60685,1.60685,1
1779748140,1.60685,1.60685,1.60672,1.60674,21
1779748200,1.60672,1.60675,1.60659,1.60661,49
1779748260,1.60662,1.6067,1.60657,1.60664,34
1779748320,1.60671,1.60674,1.6067,1.60673,34
1779748380,1.60673,1.60674,1.60667,1.6067,23
1779748440,1.60668,1.6067,1.60665,1.60667,36
1779748500,1.60668,1.60671,1.60666,1.6067,24
1779748560,1.60671,1.60674,1.6067,1.60674,21
1779748620,1.60672,1.60672,1.60672,1.60672,1
1779748680,1.60675,1.60681,1.60674,1.60679,15
1779748740,1.60679,1.60683,1.60679,1.60682,14
1779748920,1.60686,1.60687,1.60683,1.60683,26
1779748980,1.60685,1.60686,1.60685,1.60686,6
1779749040,1.60686,1.60688,1.60684,1.60686,22
1779749100,1.60687,1.60687,1.60687,1.60687,1
1779749220,1.60685,1.60688,1.60684,1.60688,13
1779749280,1.60691,1.60691,1.60687,1.60688,19
1779749340,1.60686,1.60686,1.60684,1.60684,14
1779749460,1.60677,1.60681,1.60675,1.60679,42
1779749520,1.60677,1.60681,1.60677,1.60681,9
1779749580,1.6068,1.60681,1.60678,1.60678,10
1779749640,1.6068,1.6068,1.6068,1.6068,1
1779749760,1.60679,1.60679,1.60675,1.60675,27
1779749820,1.60676,1.60683,1.60673,1.60681,32
1779749880,1.60679,1.60683,1.60677,1.60679,33
1779749940,1.60679,1.6068,1.60674,1.60675,12
1779750120,1.60686,1.60686,1.6068,1.60686,26
1779750180,1.60688,1.60689,1.60686,1.60689,12
1779750240,1.60688,1.60688,1.60685,1.60685,20
1779750300,1.60687,1.60689,1.60684,1.60689,18
1779750360,1.60686,1.60689,1.60684,1.60685,22
1779750420,1.60685,1.60687,1.60684,1.60686,9
1779750480,1.60686,1.60686,1.60679,1.6068,13
1779750540,1.60685,1.60689,1.60681,1.60682,26
1779750600,1.60689,1.60689,1.60685,1.60686,21
1779750720,1.60691,1.60692,1.60689,1.60691,9
1779750780,1.60692,1.60693,1.6069,1.6069,10
1779750840,1.60688,1.60692,1.60685,1.60689,35
1779750900,1.60688,1.6069,1.60686,1.60687,13
1779750960,1.60686,1.60688,1.60685,1.60686,12
1779751020,1.60688,1.60696,1.60688,1.60694,29
1779751080,1.60696,1.60697,1.60692,1.60696,27
1779751140,1.60696,1.60697,1.60693,1.60694,17
1779751200,1.60696,1.60696,1.60692,1.60693,17
1779751260,1.60693,1.60696,1.60691,1.60692,18
1779751320,1.60692,1.60694,1.60692,1.60693,16
1779751440,1.60693,1.60693,1.60675,1.6068,39
1779751560,1.60684,1.60686,1.60681,1.60684,29
1779751620,1.60682,1.60683,1.60679,1.60681,21
1779751680,1.6068,1.60682,1.60674,1.60675,44
1779751740,1.60676,1.60677,1.60675,1.60677,12
1779751800,1.60677,1.60679,1.60676,1.60677,32
1779751860,1.60677,1.60682,1.60676,1.60682,25
1779751920,1.60681,1.60683,1.60681,1.60682,12
1779751980,1.60679,1.60681,1.60675,1.60679,34
1779752040,1.60678,1.6068,1.60674,1.60676,31
1779752100,1.60674,1.60675,1.60672,1.60672,17
1779752160,1.60673,1.60674,1.60666,1.60668,31
1779752220,1.60667,1.6067,1.60662,1.60666,49
1779752280,1.60669,1.60669,1.60663,1.60667,26
1779752340,1.60666,1.60671,1.60666,1.60671,19
1779752400,1.60667,1.60667,1.6066,1.60664,36
1779752460,1.6067,1.60674,1.6067,1.60672,20
1779752520,1.60671,1.60672,1.60665,1.60672,41
1779752640,1.60668,1.60668,1.60668,1.60668,1
1779752760,1.60676,1.60677,1.60669,1.6067,46
1779752820,1.60665,1.60671,1.60665,1.6067,34
1779752880,1.60675,1.60675,1.60657,1.60663,64
1779753060,1.60646,1.60658,1.60644,1.60655,44
1779753120,1.60658,1.60661,1.60656,1.60658,21
1779753180,1.60656,1.60656,1.60646,1.6065,18
1779753240,1.60653,1.60656,1.60647,1.60652,61
1779753360,1.60646,1.60646,1.60638,1.60642,55
1779753420,1.60641,1.60649,1.60641,1.60643,40
1779753480,1.60645,1.60645,1.6064,1.60642,21
1779753540,1.60647,1.60647,1.60642,1.60645,33
1779753600,1.60641,1.60657,1.60633,1.60651,151
1779753660,1.60649,1.60654,1.60641,1.60648,145
1779753720,1.60646,1.60653,1.60642,1.60649,127
1779753780,1.60649,1.60671,1.60649,1.60668,102
1779753840,1.60669,1.6067,1.60661,1.60668,92
1779753900,1.60673,1.60681,1.6067,1.60672,129
1779753960,1.60673,1.6068,1.60667,1.60667,96
1779754020,1.60668,1.60669,1.60657,1.60667,83
1779754080,1.60665,1.60672,1.60664,1.60668,108
1779754140,1.60667,1.60671,1.60655,1.60658,69
1779754260,1.60661,1.60665,1.60658,1.60663,62
1779754320,1.60662,1.60669,1.60661,1.60667,73
1779754380,1.60667,1.60668,1.60659,1.6066,55
1779754440,1.60658,1.6067,1.60658,1.60662,75
1779754500,1.60661,1.60667,1.60661,1.60663,97
1779754560,1.60663,1.60668,1.60658,1.60662,106
1779754620,1.60663,1.60664,1.60654,1.60656,94
1779754680,1.60657,1.60658,1.60651,1.60651,64
1779754740,1.60647,1.60653,1.60641,1.6065,95
1779754860,1.60646,1.60651,1.60639,1.60649,117
1779754920,1.60649,1.6065,1.60641,1.60643,110
1779754980,1.60647,1.6065,1.60642,1.60648,96
1779755040,1.60649,1.60652,1.60646,1.60648,52
1779755100,1.60648,1.60649,1.60638,1.60646,86
1779755160,1.60645,1.60649,1.60637,1.60642,79
1779755220,1.60639,1.60654,1.60639,1.60653,93
1779755280,1.60653,1.60653,1.60647,1.60651,68
1779755340,1.60651,1.60654,1.60649,1.60651,66
1779755400,1.60651,1.60655,1.6064,1.6064,96
1779755460,1.60643,1.60647,1.60637,1.60642,100
1779755520,1.60641,1.60647,1.60637,1.60637,83
1779755580,1.60638,1.60646,1.60638,1.60642,77
1779755640,1.60642,1.60646,1.60639,1.60641,99
1779755700,1.6064,1.60644,1.60637,1.60639,88
1779755760,1.6064,1.60642,1.60637,1.60639,67
1779755820,1.60636,1.6064,1.60634,1.60635,71
1779755880,1.60641,1.60641,1.60636,1.60637,50
1779755940,1.60636,1.60642,1.60633,1.60641,63
1779756000,1.60638,1.60639,1.6063,1.60631,91
1779756060,1.60632,1.60639,1.60632,1.60635,93
1779756120,1.60636,1.60641,1.60635,1.6064,43
1779756180,1.60644,1.60648,1.60643,1.60645,40
1779756240,1.60645,1.60648,1.60642,1.60643,51
1779756300,1.60647,1.60647,1.6064,1.60643,76
1779756360,1.60641,1.60654,1.6064,1.60652,98
1779756420,1.60651,1.60659,1.60645,1.6065,109
1779756480,1.60651,1.60659,1.6065,1.60657,57
1779756540,1.60652,1.60654,1.60648,1.60649,65
1779756660,1.60649,1.60652,1.60643,1.6065,78
1779756720,1.60654,1.60655,1.60646,1.60649,72
1779756780,1.60652,1.60655,1.60648,1.60649,70
1779756840,1.60646,1.60657,1.60646,1.60648,108
1779756900,1.60645,1.60663,1.60644,1.6066,102
1779756960,1.60659,1.6066,1.60654,1.60658,55
1779757020,1.60658,1.60659,1.60648,1.6065,84
1779757080,1.60651,1.60659,1.60651,1.60657,80
1779757140,1.60661,1.60661,1.60647,1.6065,95
1779757200,1.60652,1.60657,1.60638,1.60641,132
1779757260,1.60644,1.60651,1.60638,1.60639,100
1779757320,1.6064,1.60645,1.60636,1.60643,103
1779757380,1.60643,1.60648,1.60639,1.60639,99
1779757440,1.60641,1.60641,1.60632,1.60635,115
1779757500,1.60633,1.60636,1.60626,1.60627,77
1779757620,1.60624,1.60633,1.60624,1.6063,64
1779757680,1.6062,1.60623,1.60617,1.6062,60
1779757740,1.60624,1.60629,1.60624,1.60628,78
1779757860,1.60622,1.60623,1.60615,1.6062,62
1779757980,1.60627,1.60627,1.60627,1.60627,2
1779758040,1.60632,1.60648,1.60632,1.60646,63
1779758100,1.60659,1.60664,1.6065,1.6065,93
1779758220,1.60644,1.60651,1.60642,1.60649,74
1779758280,1.60652,1.6066,1.6065,1.60656,97
1779758340,1.60653,1.60657,1.60647,1.60654,94
1779758460,1.60642,1.60643,1.60635,1.60635,79
1779758520,1.60639,1.60648,1.60638,1.60647,84
1779758580,1.60644,1.60645,1.60636,1.6064,112
1779758640,1.6064,1.60647,1.60638,1.60643,108
1779758760,1.60632,1.60638,1.60632,1.60636,55
1779758820,1.60639,1.6064,1.60635,1.60635,52
1779758880,1.60635,1.60641,1.60632,1.60632,46
1779758940,1.60635,1.60646,1.60635,1.60642,83
1779759000,1.60643,1.60644,1.60632,1.60635,161
1779759120,1.60648,1.60648,1.60635,1.6064,90
1779759180,1.60635,1.60639,1.60633,1.60637,71
1779759240,1.60635,1.60645,1.60633,1.60643,88
1779759300,1.6064,1.60642,1.60636,1.6064,63
1779759360,1.60644,1.60645,1.60629,1.60629,112
1779759420,1.60631,1.60631,1.60619,1.60619,59
1779759480,1.60619,1.60622,1.60612,1.60619,77
1779759540,1.60622,1.60625,1.60612,1.60614,103
1779759600,1.60619,1.6062,1.60605,1.6061,141
1779759720,1.60604,1.60604,1.60604,1.60604,2
1779759780,1.60613,1.60617,1.60609,1.60613,80
1779759840,1.60609,1.60609,1.60598,1.60601,61
1779759900,1.60605,1.6061,1.60597,1.60606,95
1779759960,1.60608,1.60609,1.60598,1.60604,80
1779760020,1.60606,1.6061,1.60604,1.60609,88
1779760080,1.60609,1.60609,1.60602,1.60605,69
1779760140,1.60605,1.60609,1.60603,1.60605,67
1779760200,1.60608,1.60617,1.60608,1.60613,75
1779760260,1.60614,1.60617,1.60611,1.60612,47
1779760320,1.6061,1.60613,1.60607,1.6061,77
1779760380,1.60613,1.60619,1.60611,1.60618,69
1779760440,1.60619,1.60622,1.60618,1.60621,74
1779760560,1.6062,1.60629,1.60616,1.60624,60
1779760620,1.60623,1.60631,1.60623,1.60631,43
1779760680,1.60625,1.60627,1.60621,1.60627,41
1779760740,1.60625,1.60633,1.60624,1.60633,60
1779760800,1.60634,1.60638,1.6063,1.60634,98
1779760860,1.60634,1.60638,1.60629,1.60636,79
1779760920,1.60635,1.60639,1.6063,1.60636,97
1779760980,1.60636,1.60639,1.60633,1.60637,53
1779761040,1.60639,1.60642,1.60638,1.6064,47
1779761160,1.60639,1.60639,1.60635,1.60637,65
1779761220,1.60638,1.6064,1.60635,1.60636,52
1779761280,1.60637,1.6064,1.60635,1.60638,49
1779761460,1.60635,1.6064,1.60635,1.60637,27
1779761520,1.60637,1.60638,1.60627,1.6063,54
1779761580,1.60627,1.6063,1.60623,1.60627,57
1779761640,1.60624,1.60625,1.60616,1.6062,79
1779761700,1.60619,1.60628,1.60618,1.60628,67
1779761760,1.60628,1.6063,1.60626,1.60628,60
1779761880,1.60633,1.60634,1.60625,1.60626,27
1779761940,1.60628,1.60629,1.60625,1.60628,43
1779762060,1.6062,1.60623,1.60616,1.60622,94
1779762120,1.60621,1.60625,1.60616,1.60622,57
1779762180,1.60623,1.60626,1.6062,1.60622,54
1779762240,1.60622,1.60626,1.60619,1.60623,69
1779762360,1.60623,1.60623,1.60615,1.60619,42
1779762420,1.60619,1.60627,1.60615,1.60627,53
1779762480,1.60626,1.60627,1.60622,1.60623,66
1779762540,1.60625,1.60626,1.60622,1.60625,66
1779762600,1.60626,1.60629,1.60624,1.60628,57
1779762660,1.60628,1.60636,1.60624,1.60634,102
1779762720,1.60632,1.60639,1.60631,1.60637,72
1779762780,1.60636,1.60637,1.60633,1.60635,48
1779762840,1.60635,1.60636,1.6063,1.60636,39
1779762900,1.60633,1.60637,1.6063,1.6063,77
1779762960,1.60632,1.60636,1.60631,1.60631,40
1779763020,1.60635,1.60642,1.60634,1.60636,92
1779763140,1.60641,1.60641,1.60641,1.60641,5
1779763260,1.60637,1.60639,1.60634,1.60639,67
1779763320,1.60639,1.60639,1.60635,1.60639,46
1779763380,1.60637,1.60639,1.60625,1.60629,75
1779763440,1.6063,1.6063,1.60622,1.60628,103
1779763500,1.60629,1.60629,1.60622,1.60622,45
1779763620,1.60641,1.60645,1.60637,1.60645,60
1779763680,1.60645,1.60645,1.60643,1.60644,31
1779763740,1.60645,1.60653,1.60644,1.60651,77
1779763860,1.60651,1.60652,1.60648,1.60651,48
1779763920,1.60653,1.60656,1.60652,1.60652,45
1779763980,1.60655,1.60658,1.60653,1.60656,48
1779764040,1.60653,1.60657,1.6065,1.6065,52
1779764100,1.60653,1.60656,1.6065,1.60652,69
1779764160,1.60652,1.60656,1.60652,1.60654,38
1779764220,1.60657,1.60657,1.60645,1.60647,42
1779764280,1.60649,1.60649,1.60643,1.60645,65
1779764340,1.60644,1.60655,1.60644,1.60649,77
1779764400,1.6065,1.60651,1.60642,1.60646,79
1779764460,1.60645,1.60652,1.60644,1.60647,63
1779764580,1.6064,1.60641,1.60637,1.60641,33
1779764640,1.60641,1.60642,1.60638,1.60639,43
1779764700,1.60643,1.60649,1.60639,1.60649,37
1779764760,1.6065,1.60653,1.60645,1.60645,85
1779764820,1.60646,1.60648,1.60642,1.60642,52
1779764880,1.60642,1.60649,1.60641,1.60648,49
1779764940,1.60647,1.60651,1.60646,1.60649,47
1779765060,1.60645,1.60649,1.60643,1.60648,64
1779765120,1.60648,1.60652,1.60645,1.6065,49
1779765180,1.60651,1.60656,1.6065,1.60653,70
1779765240,1.60653,1.60653,1.60648,1.60652,63
1779765300,1.60649,1.60653,1.60648,1.60652,92
1779765420,1.60652,1.60659,1.60652,1.60656,65
1779765480,1.60656,1.6066,1.60654,1.60658,76
1779765540,1.60657,1.60662,1.60655,1.60657,42
1779765720,1.60661,1.60661,1.60661,1.60661,4
1779765780,1.60664,1.60664,1.6066,1.60661,27
1779765840,1.60661,1.60663,1.6066,1.60661,26
1779765900,1.60661,1.60665,1.6066,1.60663,69
1779765960,1.60664,1.60667,1.60659,1.60659,58
1779766080,1.6065,1.60651,1.60647,1.60647,25
1779766140,1.60648,1.60655,1.60646,1.6065,61
1779766200,1.60647,1.60649,1.60642,1.60642,68
1779766260,1.60644,1.60646,1.60641,1.60644,45
1779766320,1.60642,1.60646,1.60642,1.60644,55
1779766440,1.60644,1.60645,1.60644,1.60644,5
1779766560,1.60646,1.6065,1.60645,1.60648,66
1779766620,1.60648,1.60649,1.60643,1.60645,63
1779766680,1.60649,1.60649,1.60644,1.60646,90
1779766740,1.60645,1.60648,1.60644,1.60645,87
1779766860,1.60648,1.60651,1.60645,1.60647,28
1779766920,1.60648,1.60649,1.60645,1.60645,34
1779766980,1.60644,1.6065,1.60644,1.60648,35
1779767040,1.60648,1.60654,1.60646,1.60649,82
1779767100,1.60648,1.60651,1.60647,1.60649,60
1779767160,1.60651,1.60655,1.60647,1.60654,60
1779767280,1.60653,1.60653,1.6065,1.60651,26
1779767340,1.60649,1.60649,1.60648,1.60648,3
1779767400,1.60652,1.60652,1.60649,1.60651,34
1779767460,1.60649,1.60652,1.60645,1.60647,39
1779767520,1.60646,1.60648,1.6064,1.6064,59
1779767580,1.6064,1.60642,1.6064,1.60641,18
1779767640,1.6064,1.60644,1.60639,1.60641,27
1779767760,1.60654,1.60659,1.60647,1.60647,19
1779767820,1.60648,1.6065,1.60642,1.60649,67
1779767880,1.60652,1.60653,1.60647,1.60651,41
1779767940,1.60653,1.60653,1.60643,1.60647,44
1779768000,1.60646,1.60649,1.60642,1.60648,58
1779768120,1.60645,1.60646,1.60642,1.60645,27
1779768180,1.60645,1.60645,1.6064,1.6064,32
1779768240,1.6064,1.60644,1.60639,1.60644,45
1779768420,1.6064,1.6064,1.6064,1.6064,2
1779768480,1.6064,1.60641,1.60639,1.60641,19
1779768540,1.60642,1.60642,1.60636,1.60639,36
1779768600,1.60635,1.60638,1.60633,1.60636,24
1779768660,1.60638,1.60639,1.60635,1.60637,25
1779768780,1.60639,1.60639,1.60639,1.60639,2
1779768840,1.60636,1.60636,1.60636,1.60636,1
1779768900,1.60637,1.6064,1.60634,1.60637,49
1779768960,1.60639,1.6064,1.60633,1.60638,46
1779769020,1.60636,1.60642,1.60636,1.60641,41
1779769140,1.60634,1.60634,1.60634,1.60634,1
1779769200,1.60636,1.60639,1.60633,1.60638,26
1779769260,1.60638,1.60639,1.60636,1.60638,20
1779769320,1.60639,1.6064,1.60634,1.60635,20
1779769380,1.60632,1.60633,1.60629,1.60631,32
1779769440,1.60629,1.60633,1.60628,1.60631,51
1779769620,1.60622,1.60626,1.60622,1.60626,7
1779769680,1.60625,1.60626,1.60624,1.60626,33
1779769740,1.60625,1.60628,1.6062,1.60626,37
1779769800,1.60628,1.6063,1.60624,1.60625,43
1779769920,1.60633,1.60636,1.60632,1.60633,47
1779769980,1.60638,1.60639,1.60631,1.60634,35
1779770040,1.60634,1.60636,1.60633,1.60633,44
1779770160,1.60633,1.60636,1.6063,1.6063,50
1779770280,1.60627,1.60627,1.60627,1.60627,2
1779770340,1.60637,1.60637,1.60635,1.60635,2
1779770460,1.60636,1.60637,1.60631,1.60637,37
1779770520,1.60637,1.6064,1.60634,1.60639,65
1779770640,1.60638,1.60639,1.60638,1.60639,3
1779770700,1.60637,1.60639,1.60633,1.60637,74
1779770820,1.60633,1.60633,1.60625,1.60628,53
1779770880,1.60627,1.6063,1.60625,1.60627,64
1779770940,1.60627,1.60633,1.60627,1.60632,58
1779771060,1.60632,1.60637,1.60631,1.60632,21
1779771120,1.60634,1.60634,1.60629,1.60629,40
1779771180,1.60627,1.60629,1.60627,1.60629,2
1779771240,1.6063,1.60631,1.60629,1.60629,14
1779771300,1.60632,1.60635,1.60622,1.60624,66
1779771360,1.60626,1.60627,1.60621,1.60622,73
1779771480,1.60623,1.60623,1.60623,1.60623,4
1779771540,1.60622,1.60625,1.60615,1.60616,51
1779771600,1.60612,1.60629,1.60609,1.60629,111
1779771660,1.60628,1.60628,1.60618,1.60621,54
1779771720,1.60622,1.60628,1.60621,1.60628,67
1779771780,1.60626,1.60627,1.60619,1.60625,74
1779771840,1.60623,1.60625,1.60616,1.60619,47
1779771900,1.60624,1.60625,1.60619,1.60625,69
1779771960,1.60623,1.60626,1.60618,1.60618,48
1779772020,1.60613,1.60616,1.60613,1.60614,22
1779772080,1.60618,1.60622,1.60615,1.60617,68
1779772140,1.60616,1.60627,1.60615,1.60625,77
1779772260,1.60625,1.60629,1.60624,1.60627,44
1779772320,1.60627,1.60628,1.60621,1.60624,43
1779772380,1.60624,1.60627,1.60622,1.60625,38
1779772440,1.60625,1.60627,1.60622,1.60624,52
1779772500,1.60624,1.60624,1.60618,1.60621,67
1779772620,1.60625,1.60628,1.60622,1.60624,53
1779772680,1.60626,1.60627,1.60623,1.60623,44
1779772740,1.60618,1.60624,1.60618,1.60619,40
1779772920,1.60627,1.60627,1.60627,1.60627,1
1779772980,1.60625,1.60628,1.60625,1.60628,3
1779773040,1.60635,1.60635,1.6063,1.60631,29
1779773100,1.60631,1.60634,1.6063,1.60633,67
1779773160,1.60632,1.60634,1.6063,1.60634,40
1779773220,1.6063,1.60639,1.60625,1.60628,54
1779773280,1.60629,1.6063,1.60626,1.60629,68
1779773340,1.60627,1.60631,1.60625,1.60625,64
1779773460,1.60622,1.60623,1.60616,1.60623,78
1779773520,1.60624,1.60627,1.6062,1.60625,96
1779773580,1.60625,1.60627,1.60622,1.60623,120
1779773640,1.60626,1.60626,1.60619,1.60625,88
1779773760,1.60628,1.60632,1.60628,1.6063,38
1779773820,1.60632,1.60635,1.60627,1.60634,38
1779773880,1.60634,1.60642,1.60628,1.60642,65
1779773940,1.60642,1.60646,1.60639,1.60643,56
1779774060,1.60636,1.60644,1.60636,1.60643,42
1779774120,1.60639,1.6064,1.60638,1.60639,8
1779774180,1.6064,1.6064,1.60634,1.60637,74
1779774240,1.60638,1.60638,1.60635,1.60636,47
1779774300,1.60637,1.60637,1.60635,1.60635,62
1779774480,1.60628,1.60633,1.60626,1.6063,54
1779774540,1.60628,1.60631,1.60623,1.60626,45
1779774600,1.60628,1.60631,1.60624,1.60631,69
1779774660,1.60628,1.60633,1.60628,1.60628,67
1779774720,1.60631,1.60634,1.60628,1.60631,62
1779774840,1.60629,1.60629,1.60629,1.60629,2
1779774960,1.60618,1.60621,1.60617,1.60617,49
1779775020,1.6062,1.6062,1.60617,1.6062,54
1779775080,1.60619,1.60626,1.60617,1.60623,68
1779775140,1.60624,1.60626,1.60621,1.60622,64
1779775200,1.60623,1.60629,1.60619,1.60623,132
1779775260,1.60622,1.6063,1.60622,1.60624,111
1779775320,1.60625,1.60632,1.60621,1.60631,110
1779775380,1.60634,1.60635,1.60618,1.60618,79
1779775440,1.60621,1.60625,1.60619,1.6062,65
1779775560,1.60621,1.60623,1.60617,1.60619,87
1779775680,1.60623,1.60623,1.60623,1.60623,2
1779775740,1.60623,1.60628,1.60623,1.60628,35
1779775800,1.60623,1.60625,1.60611,1.60617,73
1779775860,1.60615,1.60619,1.60615,1.60618,63
1779775920,1.60617,1.60621,1.60614,1.60615,69
1779775980,1.60616,1.60624,1.60616,1.60621,75
1779776040,1.60621,1.60636,1.60621,1.60632,78
1779776160,1.6062,1.60628,1.60618,1.60625,58
1779776220,1.60627,1.60629,1.60622,1.60627,45
1779776280,1.60633,1.6064,1.60632,1.60635,70
1779776340,1.6064,1.60642,1.60638,1.6064,65
1779776400,1.6064,1.60643,1.60637,1.60639,72
1779776520,1.6064,1.6064,1.60634,1.60636,28
1779776580,1.60641,1.60642,1.60638,1.60638,13
1779776640,1.60644,1.60648,1.60639,1.60646,65
1779776760,1.60661,1.60672,1.6066,1.6067,121
1779776880,1.60668,1.6067,1.60657,1.6066,48
1779776940,1.60644,1.60656,1.6064,1.60654,92
1779777000,1.60646,1.60677,1.60645,1.60673,104
1779777120,1.6066,1.60662,1.60649,1.60653,132
1779777180,1.60657,1.60659,1.60649,1.60652,122
1779777240,1.60655,1.6066,1.60651,1.60653,118
1779777360,1.60649,1.60653,1.60644,1.60651,68
1779777420,1.60649,1.60655,1.60642,1.60652,72
1779777480,1.60655,1.60658,1.60648,1.60656,74
1779777540,1.60658,1.6067,1.60658,1.60666,78
1779777600,1.60666,1.60668,1.60656,1.60657,93
1779777660,1.60658,1.60661,1.60655,1.60657,53
1779777720,1.60657,1.60661,1.60652,1.60652,69
1779777780,1.60656,1.60657,1.60646,1.60651,72
1779777840,1.60651,1.60672,1.6065,1.60671,57
1779777900,1.60671,1.60676,1.60653,1.60657,86
1779777960,1.60656,1.60661,1.60654,1.60655,101
1779778020,1.60656,1.60667,1.60652,1.60667,85
1779778080,1.60667,1.6067,1.60667,1.60668,28
1779778140,1.60674,1.60677,1.60669,1.60674,43
1779778200,1.60675,1.6068,1.60673,1.6068,100
1779778260,1.60679,1.60682,1.60673,1.60682,55
1779778320,1.60678,1.60682,1.60675,1.60682,76
1779778380,1.60677,1.60684,1.60677,1.60681,72
1779778440,1.60682,1.60696,1.60668,1.60694,118
1779778560,1.60704,1.60709,1.6069,1.60695,90
1779778620,1.6069,1.60695,1.60672,1.60688,89
1779778680,1.60674,1.60685,1.60673,1.60683,93
1779778740,1.60685,1.60689,1.60678,1.60682,119
1779778800,1.60688,1.60707,1.60682,1.60706,136
1779778980,1.60703,1.60706,1.60689,1.60692,126
1779779040,1.60687,1.60687,1.60641,1.60641,136
1779782100,1.6063,1.60644,1.60626,1.60635,121
1779783240,1.60637,1.6064,1.60631,1.60632,44
1779783300,1.60637,1.60643,1.60635,1.60637,108
1779783420,1.60626,1.60642,1.60622,1.60634,90
1779783480,1.60631,1.60644,1.60629,1.60639,70
1779783540,1.60646,1.60655,1.60634,1.60641,131
1779783660,1.60648,1.60654,1.60643,1.60643,70
1779783720,1.6064,1.60642,1.60632,1.60633,53
1779783780,1.60635,1.60639,1.60629,1.60629,62
1779783840,1.60631,1.60634,1.60625,1.60634,78
1779783900,1.60632,1.60635,1.60625,1.60632,77
1779784020,1.60631,1.60643,1.60629,1.60633,44
1779784080,1.60629,1.60632,1.6061,1.60621,64
1779784140,1.60628,1.60628,1.60614,1.60619,89
1779784200,1.60619,1.60627,1.60609,1.60627,118
1779784260,1.60627,1.60643,1.60627,1.60636,94
1779784320,1.60636,1.6064,1.60625,1.60625,71
1779784440,1.60625,1.60627,1.60608,1.6061,56
1779784560,1.60626,1.60639,1.60626,1.60631,94
1779784620,1.60632,1.60636,1.60624,1.60625,86
1779784680,1.60635,1.60639,1.60629,1.60629,85
1779784740,1.60631,1.60638,1.6062,1.6062,84
1779784800,1.6062,1.60629,1.6061,1.6061,88
1779784860,1.6061,1.60613,1.60603,1.60604,60
1779784920,1.60603,1.6061,1.60601,1.60607,81
1779784980,1.60605,1.60605,1.60598,1.60598,85
1779785040,1.60594,1.60598,1.6059,1.60591,87
1779785100,1.60592,1.60601,1.60589,1.60593,101
1779785160,1.60596,1.60608,1.60596,1.60602,91
1779785220,1.60602,1.60609,1.60601,1.60609,35
1779785280,1.60604,1.60605,1.60592,1.60599,68
1779785340,1.60604,1.60608,1.606,1.60603,60
1779785400,1.60603,1.60619,1.60597,1.60615,102
1779785460,1.60614,1.60634,1.60614,1.60628,86
1779785580,1.60635,1.60635,1.60635,1.60635,2
1779785640,1.60659,1.60664,1.60657,1.60661,46
1779785760,1.60639,1.60641,1.60636,1.60637,59
1779785820,1.60633,1.60634,1.60625,1.60625,70
1779785880,1.60631,1.60635,1.6062,1.6062,79
1779785940,1.60618,1.60619,1.60611,1.60612,110
1779786000,1.60615,1.60615,1.60592,1.606,128
1779786060,1.60598,1.60607,1.60597,1.60603,127
1779786120,1.60603,1.60604,1.60587,1.60591,106
1779786240,1.60597,1.60613,1.60597,1.60597,102
1779786300,1.60603,1.60614,1.60593,1.60606,99
1779786360,1.60608,1.6062,1.60599,1.6062,119
1779786420,1.60623,1.60625,1.60618,1.60621,67
1779786480,1.60614,1.60626,1.60611,1.60622,78
1779786540,1.60627,1.60632,1.60622,1.60632,69
1779786600,1.60626,1.60632,1.60625,1.60632,49
1779786660,1.60633,1.6064,1.6063,1.60639,42
1779786720,1.6064,1.60645,1.60637,1.60641,74
1779786840,1.60639,1.60639,1.60639,1.60639,1
1779787020,1.60645,1.60682,1.60645,1.60656,139
1779787080,1.60653,1.60654,1.6063,1.60636,104
1779787140,1.60636,1.60661,1.60629,1.60652,119
1779787200,1.60651,1.60667,1.60651,1.60656,114
1779787260,1.60655,1.60663,1.60652,1.60658,64
1779787320,1.60656,1.60659,1.60652,1.60656,64
1779787380,1.60657,1.60657,1.60633,1.60641,91
1779787440,1.60643,1.60653,1.6064,1.60653,53
1779787560,1.60653,1.60667,1.60653,1.60664,38
1779787620,1.60674,1.60677,1.60669,1.6067,56
1779787680,1.6067,1.60672,1.60664,1.60665,59
1779787740,1.60673,1.60683,1.60666,1.60678,94
1779787800,1.6068,1.6069,1.60666,1.60668,120
1779787980,1.60682,1.60709,1.60681,1.60709,48
1779788040,1.60708,1.60715,1.607,1.60701,80
1779788160,1.60683,1.60695,1.60683,1.60695,69
1779788220,1.60693,1.60695,1.60673,1.60673,70
1779788340,1.6066,1.60663,1.60658,1.60662,34
1779788460,1.60668,1.60669,1.60661,1.60663,69
1779788520,1.6067,1.60673,1.60664,1.60671,71
1779788580,1.60673,1.60679,1.60672,1.60678,51
1779788640,1.60674,1.60674,1.60663,1.60665,78
1779788700,1.60665,1.6067,1.60658,1.60659,71
1779788760,1.60658,1.60664,1.60657,1.6066,39
1779788820,1.60656,1.60656,1.60643,1.60643,53
1779788880,1.60646,1.6065,1.60645,1.60646,43
1779788940,1.60645,1.60652,1.60644,1.60652,59
1779789120,1.60647,1.60647,1.60645,1.60645,4
1779789180,1.60652,1.60653,1.60646,1.60647,46
1779789240,1.60645,1.60656,1.60642,1.60656,57
1779789300,1.60674,1.60682,1.6067,1.60673,94
1779789360,1.60673,1.60677,1.60672,1.60674,56
1779789420,1.60676,1.60676,1.60658,1.60662,80
1779789540,1.60654,1.60655,1.60651,1.60655,9
1779789600,1.60661,1.60689,1.60656,1.60685,130
1779789660,1.60686,1.60688,1.60671,1.60674,91
1779789720,1.60676,1.60678,1.60666,1.6067,91
1779789780,1.60667,1.60676,1.60665,1.60673,58
1779789840,1.60674,1.60677,1.60664,1.60666,82
1779789900,1.60669,1.60676,1.60662,1.60675,77
1779789960,1.60674,1.60676,1.60661,1.60661,38
1779790020,1.60664,1.60664,1.60659,1.60659,37
1779790080,1.60665,1.60669,1.60662,1.60668,79
1779790140,1.60668,1.6067,1.6066,1.60662,55
1779790260,1.60676,1.60681,1.6067,1.6067,83
1779790380,1.60681,1.60681,1.60674,1.60679,41
1779790440,1.60677,1.6068,1.60667,1.60677,52
1779790500,1.60678,1.60688,1.60676,1.60681,81
1779790620,1.60682,1.60683,1.60671,1.60674,92
1779790740,1.60687,1.6069,1.60683,1.60685,43
1779790860,1.60672,1.60672,1.60664,1.60665,51
1779790920,1.60666,1.60674,1.60662,1.60674,62
1779791040,1.60676,1.60676,1.60676,1.60676,1
1779791160,1.6067,1.60672,1.60668,1.6067,33
1779791220,1.60671,1.60679,1.60669,1.6067,54
1779791280,1.60674,1.60696,1.60673,1.60689,108
1779791340,1.60692,1.60701,1.60686,1.60698,132
1779791520,1.60692,1.60692,1.60684,1.60687,69
1779791580,1.60686,1.60701,1.6068,1.6068,103
1779791640,1.60684,1.60692,1.60676,1.60679,95
1779791700,1.60682,1.60693,1.60654,1.60656,130
1779791760,1.60654,1.60673,1.60654,1.60673,80
1779791880,1.60658,1.60658,1.60658,1.60658,1
1779791940,1.60655,1.60668,1.60653,1.60668,65
1779792060,1.60681,1.60681,1.60672,1.60678,77
1779792120,1.60674,1.60675,1.60667,1.6067,76
1779792180,1.6067,1.60677,1.60666,1.60666,80
1779792240,1.60666,1.60679,1.60666,1.60676,92
1779792300,1.60675,1.60682,1.60671,1.60679,80
1779792420,1.6068,1.6068,1.6067,1.60672,58
1779792480,1.6068,1.60682,1.60669,1.6067,66
1779792540,1.60669,1.60677,1.60662,1.60664,90
1779792600,1.60666,1.60669,1.60656,1.60656,93
1779792720,1.60655,1.60663,1.60653,1.6066,101
1779792780,1.60663,1.60667,1.60659,1.60666,62
1779792840,1.60662,1.60662,1.6065,1.60657,69
1779792960,1.60655,1.60661,1.60644,1.6066,93
1779793020,1.60663,1.60669,1.60647,1.6065,107
1779793080,1.60648,1.60665,1.60648,1.60665,118
1779793140,1.60666,1.60666,1.60656,1.60659,75
1779793200,1.60652,1.60656,1.60644,1.60645,129
1779793320,1.60644,1.60653,1.60641,1.60652,95
1779793380,1.60658,1.60672,1.60658,1.60672,103
1779793440,1.60673,1.60686,1.60669,1.60684,107
1779793560,1.60691,1.607,1.60688,1.60699,51
1779793620,1.60707,1.60707,1.60698,1.607,63
1779793680,1.60699,1.60704,1.60699,1.60703,60
1779793740,1.60699,1.60713,1.60699,1.60711,77
1779793800,1.60712,1.60712,1.60707,1.6071,52
1779793860,1.6071,1.60711,1.607,1.607,64
1779793920,1.607,1.60702,1.60695,1.60699,57
1779793980,1.60706,1.60707,1.60697,1.60698,54
1779794040,1.60698,1.60701,1.60695,1.607,41
1779794160,1.60691,1.60694,1.60685,1.60694,54
1779794220,1.60696,1.60719,1.60695,1.60719,85
1779794280,1.60711,1.60714,1.60699,1.60699,96
1779794340,1.60698,1.60699,1.60693,1.60693,57
1779794400,1.60694,1.60697,1.60686,1.60687,110
1779794460,1.60689,1.60692,1.60686,1.60689,63
1779794520,1.60689,1.60695,1.60686,1.60691,56
1779794580,1.6069,1.60692,1.60683,1.60685,66
1779794640,1.60685,1.60693,1.60684,1.60693,52
1779794760,1.607,1.60705,1.60698,1.60702,51
1779794820,1.60697,1.60699,1.6069,1.60696,42
1779794880,1.60691,1.60696,1.60687,1.60688,63
1779794940,1.60691,1.60691,1.6068,1.60684,65
1779795000,1.60687,1.60699,1.60682,1.60698,77
1779795060,1.60699,1.60702,1.60692,1.60694,61
1779795120,1.60694,1.60708,1.60694,1.60703,73
1779795180,1.60704,1.60705,1.607,1.60701,42
1779795240,1.60693,1.60693,1.60669,1.6067,130
1779795360,1.60645,1.60663,1.60644,1.60662,167
1779795420,1.6066,1.60685,1.60659,1.60684,136
1779795540,1.60687,1.60691,1.60677,1.60682,68
1779795600,1.60684,1.60693,1.60678,1.6068,103
1779795660,1.60678,1.60684,1.60674,1.60682,53
1779795720,1.60683,1.60684,1.60675,1.60676,68
1779795780,1.60678,1.60687,1.60673,1.60679,94
1779795840,1.60684,1.60688,1.60677,1.60687,85
1779796020,1.60689,1.60694,1.60688,1.60688,68
1779796080,1.60695,1.60695,1.60674,1.60675,81
1779796140,1.60677,1.60683,1.60674,1.60674,90
1779796200,1.60668,1.60682,1.60662,1.60676,89
1779796260,1.60676,1.60681,1.60674,1.60675,94
1779796380,1.60685,1.60687,1.60685,1.60686,15
1779796440,1.60676,1.60682,1.60671,1.60675,82
1779796560,1.60688,1.60697,1.6068,1.60686,93
1779796620,1.60688,1.60703,1.60688,1.60698,113
1779796740,1.60685,1.60691,1.60682,1.60689,69
1779796800,1.60687,1.60698,1.6068,1.60685,138
1779796860,1.60684,1.6071,1.60684,1.60708,101
1779796920,1.60708,1.60719,1.60707,1.60713,73
1779796980,1.60714,1.60717,1.60708,1.60714,67
1779797040,1.60714,1.60714,1.60701,1.60707,118
1779797100,1.60702,1.60717,1.60702,1.60709,113
1779797160,1.60713,1.60719,1.60709,1.60714,80
1779797220,1.60709,1.60709,1.6069,1.60696,66
1779797280,1.60689,1.60691,1.60662,1.60671,102
1779797340,1.60674,1.6069,1.60667,1.60683,134
1779797400,1.60689,1.60703,1.60674,1.60698,135
1779797460,1.60699,1.60702,1.60689,1.60696,78
1779797520,1.60697,1.60709,1.60695,1.60706,65
1779797580,1.60712,1.60721,1.6071,1.60718,46
1779797640,1.60707,1.60707,1.60692,1.60694,88
1779797700,1.60693,1.60697,1.60685,1.60696,96
1779797820,1.60698,1.60698,1.60685,1.60692,100
1779797880,1.60692,1.60692,1.60676,1.60681,96
1779797940,1.60682,1.60695,1.60682,1.6069,91
1779798060,1.60714,1.60717,1.60709,1.60715,53
1779798120,1.60711,1.6072,1.60706,1.60719,67
1779798180,1.6072,1.60732,1.60716,1.60722,81
1779798240,1.60722,1.60732,1.60722,1.60732,88
1779798300,1.60732,1.60739,1.60726,1.60735,78
1779798360,1.60735,1.6074,1.60724,1.60738,54
1779798420,1.6074,1.60752,1.6074,1.60748,43
1779798480,1.60751,1.60755,1.6075,1.60751,36
1779798540,1.60751,1.60759,1.60751,1.60755,42
1779798600,1.60756,1.60759,1.60745,1.60749,69
1779798660,1.60745,1.60747,1.60744,1.60745,59
1779798780,1.60749,1.60749,1.60742,1.60746,55
1779798840,1.6075,1.60761,1.60748,1.60759,49
1779798900,1.60758,1.60759,1.60742,1.60747,96
1779798960,1.60747,1.60753,1.60741,1.60745,81
1779799020,1.60748,1.60754,1.60737,1.60753,115
1779799140,1.60743,1.60755,1.60743,1.60754,54
1779799260,1.60779,1.60779,1.60766,1.60774,59
1779799320,1.60772,1.60786,1.60768,1.60786,90
1779799380,1.60787,1.60795,1.60787,1.60789,130
1779799440,1.60788,1.60793,1.60771,1.60775,132
1779799500,1.60774,1.60776,1.60762,1.60775,112
1779799620,1.60769,1.60773,1.60763,1.60765,68
1779799680,1.60761,1.60767,1.60761,1.60763,71
1779799740,1.60765,1.60778,1.60765,1.60773,88
1779799860,1.60784,1.60789,1.60779,1.60782,111
1779799980,1.60771,1.60777,1.60771,1.60777,6
1779800040,1.60764,1.60765,1.60755,1.60762,73
1779800160,1.60744,1.60746,1.60735,1.60736,91
1779800220,1.60738,1.60743,1.60733,1.60741,75
1779800280,1.60739,1.60742,1.60718,1.60735,102
1779800340,1.60735,1.60739,1.60723,1.60723,99
1779800400,1.60718,1.60728,1.60712,1.60726,104
1779800460,1.60724,1.60733,1.60711,1.60713,114
1779800520,1.60713,1.60726,1.60713,1.60716,124
1779800580,1.60717,1.60723,1.60707,1.60707,74
1779800640,1.60709,1.60711,1.60691,1.60693,112
1779800760,1.60675,1.6069,1.60672,1.60688,63
1779800820,1.60696,1.60703,1.60694,1.60696,78
1779800880,1.60701,1.60705,1.60698,1.607,62
1779800940,1.60701,1.60711,1.60697,1.60711,78
1779801000,1.60711,1.60725,1.60707,1.60723,85
1779801060,1.60723,1.60726,1.60697,1.6071,123
1779801120,1.60709,1.6071,1.60687,1.60691,121
1779801180,1.60691,1.60695,1.60686,1.60687,50
1779801240,1.60683,1.60699,1.60681,1.60698,84
1779801360,1.60694,1.60699,1.60689,1.60696,92
1779801420,1.60695,1.60702,1.60688,1.60688,114
1779801480,1.6069,1.60692,1.60677,1.60686,117
1779801540,1.60687,1.60687,1.60672,1.60678,88
1779801600,1.60682,1.60711,1.60682,1.60711,127
1779801660,1.60713,1.60722,1.60708,1.60718,100
1779801720,1.60714,1.60725,1.60714,1.60723,75
1779801780,1.60726,1.60734,1.60725,1.60726,85
1779801840,1.60728,1.60728,1.60717,1.60722,119
1779801960,1.60715,1.6072,1.6071,1.60712,92
1779802020,1.60713,1.60713,1.60681,1.60686,87
1779802080,1.60686,1.60686,1.60665,1.60665,100
1779802140,1.60654,1.60654,1.60635,1.60635,111
1779802200,1.60636,1.60669,1.60636,1.60666,158
1779802320,1.60638,1.60643,1.60632,1.60634,104
1779802380,1.60628,1.60642,1.60627,1.6063,96
1779802440,1.60625,1.60626,1.60591,1.60595,111
1779802560,1.60591,1.606,1.60588,1.60594,117
1779802680,1.60604,1.60604,1.60604,1.60604,2
1779802740,1.60578,1.60581,1.60569,1.60573,83
1779802800,1.60579,1.60594,1.60569,1.60588,154
1779802860,1.60587,1.60595,1.60574,1.60574,112
1779802980,1.6055,1.6055,1.6055,1.6055,2
1779803040,1.60559,1.60567,1.60541,1.60547,78
1779803100,1.60559,1.60569,1.60557,1.60562,123
1779803160,1.60562,1.60563,1.60546,1.60551,142
1779803220,1.60549,1.60557,1.60543,1.60543,113
1779803280,1.60563,1.60569,1.60558,1.60568,126
1779803460,1.60542,1.60548,1.60525,1.60539,91
1779803520,1.60527,1.60528,1.60517,1.60526,105
1779803580,1.60526,1.60526,1.60467,1.60467,158
1779803640,1.60449,1.60476,1.60447,1.6047,145
1779803760,1.60485,1.60509,1.60485,1.60506,168
1779803820,1.60508,1.60513,1.60501,1.60501,77
1779803880,1.60495,1.60507,1.60494,1.60499,82
1779803940,1.60505,1.60509,1.6049,1.60507,72
1779804000,1.6049,1.60504,1.60454,1.60454,119
1779804180,1.60469,1.60481,1.60456,1.60463,111
1779804240,1.60484,1.60484,1.60457,1.6046,100
1779804360,1.60456,1.60461,1.60445,1.60447,101
1779804420,1.60451,1.60473,1.60451,1.60452,120
1779804480,1.6045,1.60459,1.60444,1.60457,131
1779804660,1.60441,1.60444,1.60427,1.60434,81
1779804720,1.60421,1.60424,1.60411,1.60415,73
1779804780,1.60411,1.60424,1.6041,1.60423,106
1779804840,1.60417,1.60432,1.60417,1.60431,108
1779804900,1.60427,1.60433,1.60415,1.60417,137
1779805020,1.60407,1.60423,1.60405,1.60412,107
1779805080,1.60404,1.60412,1.60404,1.60408,85
1779805140,1.60409,1.60412,1.60398,1.60401,107
1779805260,1.60409,1.60432,1.60407,1.60425,124
1779805320,1.60436,1.60453,1.60433,1.60452,134
1779805380,1.60452,1.60456,1.60445,1.60454,52
1779805440,1.60443,1.6045,1.60437,1.60439,97
1779805500,1.60438,1.6045,1.60427,1.60448,137
1779805560,1.60451,1.60458,1.60434,1.60437,103
1779805620,1.60437,1.60441,1.60432,1.60432,97
1779805740,1.60446,1.60455,1.60445,1.6045,89
1779805800,1.60464,1.60465,1.60455,1.60455,143
1779805860,1.60458,1.6048,1.60457,1.60478,158
1779805920,1.60477,1.60479,1.60469,1.60475,121
1779805980,1.60487,1.60487,1.6045,1.60453,161
1779806040,1.60451,1.60471,1.60451,1.60465,163
1779806100,1.60466,1.6049,1.60466,1.60485,146
1779806160,1.60484,1.60499,1.60484,1.60495,85
1779806220,1.60487,1.60487,1.60469,1.60482,130
1779806280,1.60489,1.60496,1.60484,1.60488,101
1779806340,1.60486,1.60487,1.6047,1.60475,132
1779806400,1.60473,1.60499,1.60472,1.60497,140
1779806460,1.60498,1.60498,1.60483,1.6049,118
1779806520,1.60491,1.60509,1.60491,1.60507,83
1779806580,1.60504,1.60504,1.60473,1.60477,84
1779806640,1.60479,1.6048,1.60464,1.60471,97
1779806700,1.60462,1.60464,1.60443,1.60455,123
1779806820,1.60462,1.60475,1.60457,1.60468,125
1779806940,1.60467,1.60478,1.60465,1.60466,92
1779807060,1.60474,1.60479,1.60462,1.60465,132
1779807120,1.60462,1.60471,1.60459,1.60462,127
1779807180,1.60465,1.60475,1.60458,1.60458,135
1779807360,1.60526,1.6054,1.60502,1.60514,143
1779807420,1.60504,1.60516,1.60483,1.60496,146
1779807480,1.60489,1.60503,1.60487,1.60496,138
1779807540,1.60499,1.60506,1.60489,1.6049,153
1779807600,1.60492,1.60511,1.60485,1.60511,157
1779807660,1.60515,1.6052,1.60499,1.60499,185
1779807780,1.60516,1.60516,1.60484,1.60487,126
1779807840,1.60489,1.60489,1.60472,1.60479,92
1779807960,1.6049,1.60499,1.6048,1.60495,136
1779808020,1.60505,1.60506,1.60491,1.60493,117
1779808080,1.60493,1.60499,1.6048,1.60484,161
1779808140,1.60486,1.60508,1.60478,1.605,143
1779808260,1.60516,1.60521,1.60511,1.60516,97
1779808320,1.60521,1.60529,1.60521,1.60526,85
1779808380,1.60525,1.60532,1.60513,1.60529,98
1779808440,1.60527,1.60529,1.60505,1.60506,139
1779808500,1.60504,1.60512,1.60499,1.60512,118
1779808560,1.60512,1.60516,1.60498,1.60502,106
1779808620,1.60502,1.60506,1.60493,1.60495,100
1779808680,1.60483,1.60496,1.6048,1.60492,116
1779808740,1.60494,1.60511,1.60471,1.60471,134
1779808800,1.60479,1.60485,1.60469,1.60477,113
1779808860,1.60477,1.60492,1.60477,1.6049,77
1779808920,1.60497,1.60497,1.60486,1.60487,53
1779808980,1.60479,1.60487,1.60475,1.60481,92
1779809040,1.60485,1.60494,1.60481,1.60486,95
1779809160,1.60482,1.60499,1.60477,1.60495,122
1779809220,1.60486,1.6049,1.60473,1.60478,126
1779809280,1.60478,1.60491,1.60477,1.60485,130
1779809340,1.60488,1.6049,1.60478,1.60478,62
1779809400,1.60483,1.60489,1.60475,1.60485,151
1779809520,1.60481,1.60485,1.60473,1.60475,112
1779809580,1.60477,1.60488,1.60473,1.60479,72
1779809640,1.60473,1.60476,1.60459,1.60464,140
1779809760,1.60466,1.60472,1.60455,1.60456,78
1779809820,1.60443,1.60447,1.60429,1.60433,117
1779809880,1.60419,1.60421,1.60404,1.60404,100
1779809940,1.60415,1.60426,1.60412,1.60418,106
1779810000,1.60418,1.60425,1.60409,1.60414,112
1779810120,1.60425,1.60439,1.60425,1.60437,81
1779810180,1.60441,1.60442,1.60428,1.60435,78
1779810240,1.60429,1.60431,1.60416,1.6042,90
1779810300,1.60421,1.60434,1.60415,1.6043,152
1779810360,1.60428,1.60436,1.60427,1.60432,115
1779810420,1.60429,1.60434,1.60426,1.60431,120
1779810480,1.6043,1.6043,1.60417,1.60427,110
1779810540,1.60424,1.60431,1.60406,1.60406,101
1779810600,1.60407,1.60423,1.60404,1.60421,149
1779810660,1.6042,1.60421,1.60413,1.6042,73
1779810720,1.60421,1.60422,1.60406,1.6041,85
1779810780,1.60414,1.60425,1.60413,1.60422,97
1779810840,1.60423,1.60433,1.60416,1.6043,114
1779810960,1.60422,1.60425,1.60411,1.60414,69
1779811020,1.60419,1.60429,1.60397,1.60399,103
1779811080,1.60403,1.60406,1.60397,1.60405,104
1779811140,1.60405,1.60406,1.60393,1.60396,73
1779811200,1.60396,1.60416,1.60388,1.60414,145
1779811380,1.60418,1.60429,1.60415,1.60428,89
1779811440,1.60424,1.60434,1.60424,1.60431,75
1779811560,1.60435,1.60443,1.60435,1.60443,67
1779811680,1.60455,1.60455,1.60455,1.60455,2
1779811740,1.60455,1.60456,1.60447,1.60449,56
1779811860,1.6046,1.60465,1.60456,1.60458,88
1779811920,1.60466,1.60476,1.60458,1.6046,94
1779811980,1.60463,1.60465,1.60455,1.60456,78
1779812040,1.60458,1.60467,1.60455,1.60459,128
1779812220,1.60456,1.60459,1.60448,1.60451,51
1779812280,1.60451,1.60465,1.60451,1.60464,61
1779812340,1.60464,1.60484,1.60464,1.60477,112
1779812400,1.60481,1.60481,1.60469,1.60479,92
1779812520,1.60473,1.60486,1.60471,1.60485,38
1779812580,1.60486,1.60498,1.60485,1.60492,72
1779812640,1.60497,1.60503,1.60493,1.60495,70
1779812700,1.60489,1.60501,1.60489,1.60496,110
1779812820,1.60502,1.60502,1.60502,1.60502,2
1779812880,1.60504,1.6052,1.60503,1.60517,61
1779812940,1.60523,1.60531,1.60522,1.60531,84
1779813000,1.60527,1.60539,1.60525,1.60537,85
1779813060,1.60537,1.6054,1.60536,1.60538,82
1779813120,1.60538,1.6056,1.60535,1.60551,102
1779813240,1.60564,1.60564,1.60564,1.60564,1
1779813300,1.60562,1.60568,1.6056,1.60563,110
1779813360,1.60563,1.60578,1.60562,1.60571,75
1779813420,1.60567,1.60567,1.60542,1.60546,78
1779813480,1.6054,1.60552,1.6054,1.60552,76
1779813540,1.60556,1.60564,1.60556,1.6056,74
1779813660,1.6056,1.60563,1.60556,1.60562,63
1779813720,1.60559,1.6056,1.60545,1.60548,59
1779813780,1.60545,1.60546,1.6053,1.6053,78
1779813840,1.60518,1.60518,1.605,1.60502,86
1779813900,1.60494,1.60499,1.60471,1.60474,135
1779813960,1.60473,1.60478,1.60467,1.60474,107
1779814020,1.60477,1.60478,1.60468,1.60473,122
1779814080,1.60474,1.60484,1.60468,1.60469,75
1779814140,1.60457,1.60471,1.60455,1.60471,79
1779814260,1.60481,1.60507,1.60481,1.60505,108
1779814320,1.60503,1.60547,1.60503,1.60545,137
1779814380,1.60545,1.60552,1.60528,1.60533,123
1779814440,1.60534,1.60542,1.60534,1.60541,56
1779814500,1.60535,1.60544,1.60532,1.6054,119
1779814560,1.60541,1.60548,1.60533,1.60541,74
1779814620,1.60533,1.60547,1.60518,1.60521,122
1779814680,1.6052,1.60527,1.60516,1.60525,121
1779814740,1.60527,1.60548,1.60524,1.60546,129
1779814800,1.60546,1.60547,1.60535,1.60535,109
1779814860,1.60534,1.60543,1.60532,1.60538,123
1779814980,1.60545,1.60552,1.60544,1.6055,67
1779815040,1.60546,1.6055,1.60542,1.60545,77
1779815100,1.60544,1.60549,1.60532,1.60534,92
1779815220,1.60541,1.60546,1.6054,1.60541,49
1779815280,1.60539,1.6054,1.60532,1.60532,47
1779815340,1.60531,1.60541,1.60529,1.60534,75
1779815520,1.60555,1.60562,1.60547,1.60562,78
1779815580,1.60549,1.60551,1.60547,1.60548,42
1779815640,1.60549,1.60558,1.60549,1.60551,63
1779815700,1.60548,1.60557,1.60546,1.60553,101
1779815880,1.60549,1.60549,1.60549,1.60549,2
1779815940,1.6054,1.60544,1.60538,1.60544,38
1779816060,1.60544,1.60554,1.60544,1.60554,64
1779816120,1.6054,1.60544,1.60534,1.60541,100
1779816180,1.60544,1.60551,1.60541,1.60544,108
1779816360,1.60532,1.60538,1.6053,1.60537,58
1779816420,1.60532,1.60553,1.60531,1.60543,65
1779816480,1.60553,1.60556,1.60545,1.60553,77
1779816540,1.60551,1.60552,1.60542,1.60545,75
1779816600,1.60543,1.60557,1.60542,1.6055,105
1779816720,1.60587,1.60589,1.60575,1.60588,61
1779816780,1.60599,1.60599,1.60574,1.6058,70
1779816840,1.60577,1.60585,1.60575,1.60583,77
1779816900,1.60581,1.60587,1.60575,1.60582,97
1779816960,1.60584,1.60585,1.60574,1.60583,97
1779817020,1.60581,1.60585,1.6057,1.60576,58
1779817080,1.60573,1.60584,1.60573,1.60582,64
1779817140,1.60572,1.60578,1.60567,1.60568,71
1779817200,1.60567,1.60567,1.60551,1.60559,95
1779817260,1.60563,1.60585,1.60559,1.60583,101
1779817320,1.60586,1.60594,1.60581,1.60583,96
1779817440,1.60581,1.60581,1.60576,1.60577,55
1779817500,1.60576,1.60581,1.6057,1.6058,95
1779817560,1.60578,1.60583,1.60569,1.60571,63
1779817620,1.60571,1.60585,1.60571,1.60578,85
1779817680,1.6058,1.60592,1.60578,1.60588,51
1779817740,1.60588,1.60598,1.60587,1.60598,80
1779817800,1.60597,1.60597,1.60587,1.60593,81
1779817860,1.60594,1.60603,1.60593,1.60603,29
1779817920,1.60605,1.60605,1.60597,1.60603,53
1779817980,1.606,1.60607,1.60598,1.60606,55
1779818040,1.60607,1.60607,1.60599,1.60601,43
1779818160,1.60606,1.60617,1.60606,1.60616,55
1779818220,1.60617,1.6062,1.60609,1.60617,98
1779818280,1.60614,1.60619,1.60611,1.60617,75
1779818340,1.60617,1.60619,1.60614,1.60615,45
1779818400,1.60614,1.60622,1.60612,1.60617,102
1779818520,1.60611,1.60612,1.6059,1.60591,51
1779818580,1.60584,1.60586,1.60577,1.60583,96
1779818640,1.60585,1.60598,1.60584,1.60594,101
1779818760,1.6059,1.6059,1.60583,1.60588,52
1779818820,1.60583,1.60585,1.60581,1.60582,48
1779818880,1.60581,1.60588,1.60579,1.60588,72
1779818940,1.60593,1.606,1.60592,1.60597,84
1779819000,1.606,1.60604,1.60596,1.60602,79
1779819120,1.60611,1.60612,1.60611,1.60612,3
1779819180,1.60604,1.6061,1.60601,1.60608,56
1779819240,1.60606,1.60607,1.60597,1.60603,65
1779819300,1.60607,1.6061,1.60592,1.606,86
1779819360,1.60599,1.60603,1.60598,1.60599,75
1779819420,1.606,1.60623,1.60599,1.60622,80
1779819540,1.60631,1.60631,1.6063,1.6063,5
1779819600,1.60627,1.60632,1.60625,1.60627,96
1779819660,1.60628,1.60632,1.60624,1.60628,53
1779819720,1.60628,1.60637,1.60625,1.60626,76
1779819780,1.60626,1.60646,1.60626,1.60645,76
1779819840,1.60646,1.60647,1.6064,1.60644,66
1779819960,1.60646,1.60647,1.60641,1.60644,55
1779820020,1.60639,1.60646,1.60637,1.60642,75
1779820080,1.6063,1.60638,1.60619,1.60619,88
1779820140,1.60625,1.60626,1.60621,1.60621,77
1779820200,1.60621,1.60632,1.60618,1.60632,76
1779820320,1.60641,1.60643,1.60634,1.60642,83
1779820380,1.60641,1.60644,1.60637,1.60638,86
1779820440,1.60636,1.60653,1.60636,1.60649,67
1779820620,1.60637,1.60638,1.60637,1.60638,4
1779820680,1.60639,1.60642,1.60635,1.60637,53
1779820740,1.6063,1.60637,1.60629,1.60635,34
1779820860,1.6064,1.60643,1.60634,1.60639,75
1779820920,1.60642,1.60644,1.60637,1.60637,80
1779820980,1.60638,1.60642,1.60627,1.60629,39
1779821040,1.60633,1.60646,1.60633,1.60643,57
1779821100,1.60646,1.60651,1.60645,1.60648,67
1779821220,1.60642,1.60642,1.6063,1.6064,56
1779821280,1.6064,1.60642,1.60632,1.60632,38
1779821340,1.60632,1.60643,1.60632,1.60641,64
1779821460,1.60646,1.60651,1.60641,1.60648,62
1779821520,1.60647,1.6065,1.60643,1.6065,44
1779821580,1.60648,1.60655,1.60645,1.60649,69
1779821640,1.60652,1.60653,1.60632,1.60635,71
1779821700,1.60635,1.60636,1.60625,1.60626,60
1779821760,1.60624,1.6063,1.60624,1.60624,48
1779821820,1.60613,1.60616,1.60613,1.60616,7
1779821880,1.60635,1.6064,1.60632,1.60633,66
1779821940,1.60634,1.60635,1.60629,1.60633,88
1779822000,1.60628,1.6063,1.6062,1.60627,101
1779822060,1.60627,1.60641,1.60626,1.60641,73
1779822120,1.60641,1.60642,1.60637,1.60639,68
1779822240,1.60641,1.60641,1.60638,1.60638,4
1779822300,1.60643,1.60646,1.60635,1.60637,72
1779822360,1.60636,1.60638,1.60629,1.60632,37
1779822420,1.60629,1.60631,1.6062,1.60628,78
1779822480,1.6063,1.60637,1.60629,1.60637,34
1779822540,1.60638,1.60645,1.60638,1.60645,44
1779822660,1.60657,1.6066,1.60655,1.60656,58
1779822720,1.60656,1.60656,1.60643,1.60651,42
1779822780,1.60651,1.60656,1.60648,1.60653,50
1779822840,1.60659,1.60662,1.60653,1.60657,64
1779822900,1.60656,1.60658,1.60651,1.60652,66
1779823020,1.60658,1.60662,1.6065,1.60652,55
1779823080,1.60651,1.60653,1.60648,1.60651,27
1779823140,1.60645,1.6065,1.60645,1.60649,46
1779823260,1.60647,1.60649,1.60641,1.60647,69
1779823380,1.60656,1.60662,1.60656,1.60657,32
1779823440,1.60662,1.60662,1.60649,1.60655,44
1779823500,1.60655,1.60656,1.60651,1.60653,62
1779823560,1.60656,1.60658,1.60651,1.60658,60
1779823620,1.60653,1.6066,1.60653,1.6066,30
1779823680,1.60657,1.60658,1.60653,1.60655,76
1779823740,1.60656,1.60659,1.60649,1.60652,51
1779823800,1.60652,1.60661,1.60652,1.60661,63
1779823860,1.60662,1.60662,1.60653,1.60657,42
1779823920,1.60658,1.6066,1.60658,1.6066,25
1779823980,1.60658,1.60659,1.60657,1.60659,41
1779824040,1.60658,1.60672,1.60658,1.60672,47
1779824100,1.60671,1.60674,1.60669,1.6067,59
1779824220,1.60671,1.60675,1.6067,1.60675,39
1779824280,1.60673,1.60675,1.6067,1.60673,36
1779824340,1.60669,1.60674,1.60669,1.60672,42
1779824460,1.60674,1.60679,1.60671,1.60676,43
1779824520,1.60674,1.60677,1.60672,1.60677,63
1779824640,1.60675,1.60675,1.60675,1.60675,2
1779824700,1.60679,1.6068,1.60672,1.60676,53
1779824820,1.60669,1.60672,1.60667,1.60672,48
1779824880,1.60672,1.60675,1.60669,1.60672,42
1779824940,1.60672,1.60682,1.60672,1.60681,46
1779825120,1.60694,1.60703,1.60693,1.60694,69
1779825180,1.60694,1.60694,1.60687,1.60689,58
1779825240,1.6069,1.6069,1.60671,1.60671,68
1779825360,1.60661,1.60661,1.60651,1.60656,113
1779825420,1.60655,1.60659,1.60636,1.60637,128
1779825540,1.6063,1.60633,1.60624,1.60628,79
1779825600,1.6063,1.60632,1.60625,1.60627,112
1779825720,1.60632,1.6065,1.60632,1.6065,99
1779825780,1.6065,1.6065,1.60639,1.60643,88
1779825840,1.60643,1.60648,1.6064,1.60647,33
1779825960,1.60637,1.60641,1.60635,1.60638,96
1779826020,1.60635,1.60639,1.60635,1.60637,33
1779826080,1.60639,1.60641,1.60637,1.60639,25
1779826140,1.60639,1.6065,1.60639,1.60643,54
1779826200,1.60643,1.60647,1.6064,1.60642,39
1779826320,1.60647,1.60648,1.6064,1.6064,22
1779826380,1.60642,1.60647,1.60641,1.60646,27
1779826440,1.60646,1.60649,1.60646,1.60649,17
1779826500,1.60649,1.60653,1.60648,1.6065,30
1779826560,1.60652,1.60654,1.6065,1.60651,33
1779826680,1.60658,1.60658,1.60658,1.60658,2
1779826740,1.60655,1.60663,1.60652,1.60656,38
1779826800,1.60653,1.60654,1.60645,1.60645,38
1779826860,1.60646,1.60646,1.60639,1.60642,28
1779826920,1.60643,1.60654,1.60643,1.60652,43
1779826980,1.60652,1.60654,1.60651,1.60651,37
1779827040,1.60651,1.60659,1.60646,1.60659,43
1779827160,1.60657,1.60661,1.60657,1.60659,21
1779827220,1.60655,1.60659,1.60652,1.60654,24
1779827280,1.60663,1.60665,1.60662,1.60663,18
1779827520,1.60658,1.60658,1.60643,1.60645,52
1779827580,1.60646,1.60646,1.6064,1.6064,34
1779827640,1.60636,1.60641,1.60636,1.60638,51
1779827820,1.60631,1.60637,1.6063,1.60634,24
1779827880,1.60631,1.60631,1.60625,1.60629,32
1779827940,1.60628,1.60629,1.60626,1.60628,27
1779828000,1.60622,1.60625,1.60619,1.60623,21
1779828060,1.60623,1.60628,1.60623,1.60628,9
1779828120,1.60627,1.60632,1.60625,1.60627,25
1779828180,1.6062,1.6062,1.60618,1.60618,8
1779828240,1.60619,1.6062,1.60619,1.6062,19
1779828300,1.60625,1.60634,1.60624,1.60632,48
1779828360,1.60631,1.6064,1.6063,1.6064,24
1779828420,1.60638,1.60638,1.60631,1.60635,32
1779828480,1.60636,1.60639,1.60634,1.60638,39
1779828660,1.60643,1.60643,1.60642,1.60642,9
1779828720,1.60643,1.60648,1.60639,1.60648,28
1779828780,1.60657,1.60658,1.60653,1.60656,20
1779828840,1.60658,1.60661,1.60658,1.6066,11
1779829020,1.60632,1.60657,1.60632,1.60657,53
1779829080,1.60658,1.6066,1.60644,1.60645,61
1779829320,1.60439,1.60547,1.60439,1.60534,14
1779829440,1.60502,1.60532,1.60502,1.60532,4
1779829560,1.60552,1.60552,1.60552,1.60552,1
1779829620,1.60545,1.60545,1.60545,1.60545,1
1779829680,1.60543,1.60551,1.60543,1.60546,4
1779829740,1.60546,1.60546,1.60546,1.60546,2
1779829800,1.60543,1.60547,1.60541,1.60547,4
1779829860,1.60545,1.60545,1.60545,1.60545,1
1779829920,1.60542,1.60542,1.60542,1.60542,1
1779829980,1.60561,1.60574,1.60561,1.60574,2
1779830040,1.60561,1.60577,1.60561,1.60577,3
1779830160,1.60591,1.60592,1.60589,1.60589,6
1779830220,1.60591,1.60592,1.60591,1.60592,3
1779830280,1.60592,1.60592,1.60592,1.60592,2
1779830340,1.60604,1.60614,1.60604,1.60613,4
1779830460,1.60586,1.60586,1.60586,1.60586,9
1779830520,1.60593,1.60593,1.60593,1.60593,60
1779830580,1.60593,1.60595,1.60593,1.60593,15
1779830700,1.60587,1.60587,1.60587,1.60587,1
1779830760,1.60584,1.60584,1.60584,1.60584,3
1779830820,1.6059,1.6059,1.6059,1.6059,1
1779830880,1.6059,1.60594,1.6059,1.60594,5
1779830940,1.60593,1.60593,1.60593,1.60593,2
1779831060,1.60598,1.60614,1.6059,1.60603,21
1779831120,1.60601,1.60611,1.60601,1.60605,21
1779831180,1.60586,1.60586,1.60586,1.60586,1
1779831240,1.60594,1.60598,1.60594,1.60598,4
1779831300,1.60585,1.60595,1.60578,1.60595,20
1779831360,1.60595,1.60595,1.60592,1.60592,7
1779831420,1.60592,1.60592,1.60578,1.60588,10
1779831480,1.60574,1.60595,1.6057,1.60586,18
1779831540,1.60593,1.60593,1.60566,1.60566,13
1779831660,1.60575,1.60576,1.60567,1.6057,57
1779831720,1.60567,1.60569,1.60555,1.60566,25
1779831780,1.60562,1.6057,1.60562,1.60569,25
1779831840,1.60567,1.60574,1.60566,1.60574,21
1779831900,1.60566,1.60575,1.60555,1.60567,43
1779832020,1.60554,1.60561,1.60545,1.60552,17
1779832080,1.60555,1.60556,1.60552,1.60556,3
1779832140,1.60555,1.60558,1.60552,1.60558,4
1779832200,1.60551,1.60567,1.60543,1.60545,72
1779832260,1.60547,1.60549,1.60522,1.60535,31
1779832320,1.60539,1.60539,1.60537,1.60537,5
1779832380,1.60535,1.60535,1.60535,1.60535,1
1779832440,1.60535,1.60543,1.60535,1.60543,3
1779832560,1.60535,1.60535,1.60535,1.60535,5
1779832620,1.60535,1.60543,1.60535,1.60539,19
1779832680,1.60539,1.60542,1.60539,1.60542,8
1779832740,1.6054,1.60574,1.6054,1.60563,50
1779832800,1.60624,1.60636,1.6062,1.60628,85
1779832860,1.60629,1.60631,1.60612,1.60618,64
1779832980,1.60628,1.60637,1.60622,1.60635,56
1779833040,1.60637,1.60642,1.6063,1.60642,62
1779833160,1.60637,1.60639,1.60635,1.60635,29
1779833220,1.60636,1.60637,1.60633,1.60636,16
1779833280,1.60636,1.60636,1.60631,1.60635,21
1779833340,1.60638,1.60643,1.60637,1.60643,21
1779833460,1.60643,1.60645,1.60642,1.60642,25
1779833580,1.60637,1.60638,1.60635,1.60638,27
1779833640,1.60635,1.60638,1.60632,1.60632,28
1779833700,1.60632,1.60632,1.60627,1.60629,47
1779833820,1.60627,1.6063,1.60626,1.6063,31
1779833880,1.60632,1.60634,1.6063,1.60631,15
1779833940,1.6063,1.60645,1.6063,1.60641,25
1779834060,1.60641,1.60643,1.60634,1.60641,36
1779834120,1.6065,1.60652,1.60646,1.60649,29
1779834180,1.6065,1.60653,1.60649,1.6065,19
1779834240,1.6065,1.60651,1.60649,1.6065,6
1779834360,1.60653,1.60654,1.60651,1.60654,14
1779834420,1.60653,1.60655,1.60653,1.60653,16
1779834480,1.60654,1.60665,1.60653,1.60664,12
1779834540,1.60669,1.60674,1.60669,1.60669,14
1779834600,1.60667,1.6067,1.60666,1.60669,16
1779834720,1.60667,1.6067,1.60666,1.60667,22
1779834780,1.60665,1.60669,1.60665,1.60667,20
1779834840,1.60667,1.60673,1.60658,1.60658,28
1779835020,1.60667,1.6067,1.60667,1.6067,5
1779835080,1.60669,1.60669,1.60668,1.60668,4
1779835140,1.60664,1.60664,1.60664,1.60664,2
1779835200,1.60661,1.60664,1.60658,1.6066,36
1779835260,1.6066,1.60667,1.6066,1.60667,12
1779835320,1.60666,1.60666,1.60666,1.60666,2
1779835380,1.60665,1.60667,1.60664,1.60665,13
1779835440,1.60665,1.60666,1.60665,1.60666,6
1779835560,1.6067,1.60672,1.60668,1.6067,11
1779835620,1.60668,1.60668,1.60668,1.60668,1
1779835680,1.60669,1.60675,1.60669,1.60675,13
1779835740,1.60674,1.60674,1.60669,1.60672,14
1779835800,1.60672,1.60672,1.60661,1.60664,24
1779835860,1.60665,1.60665,1.60664,1.60664,5
1779835920,1.60664,1.60664,1.60659,1.6066,23
1779835980,1.60655,1.60658,1.60655,1.60658,15
1779836040,1.60658,1.60659,1.60656,1.60659,15
1779836100,1.60658,1.60658,1.60658,1.60658,4
1779836160,1.60658,1.60666,1.60651,1.60652,36
1779836220,1.60653,1.60657,1.6065,1.60656,30
1779836280,1.60652,1.60655,1.60646,1.60646,39
1779836340,1.60645,1.60648,1.60643,1.60646,41
1779836400,1.60642,1.60662,1.60642,1.60659,76
1779836460,1.60663,1.60671,1.60659,1.6066,60
1779836520,1.6066,1.60668,1.60657,1.60659,35
1779836580,1.60658,1.60665,1.60658,1.60665,16
1779836640,1.60668,1.60668,1.60661,1.60661,13
1779836760,1.60662,1.60662,1.60651,1.60651,8
1779836880,1.60652,1.60652,1.60652,1.60652,1
1779836940,1.6065,1.60652,1.6065,1.60652,5
1779837000,1.60649,1.60652,1.60649,1.60652,18
1779837060,1.6065,1.6065,1.60646,1.60648,16
1779837120,1.60648,1.60648,1.60641,1.60644,23
1779837180,1.60645,1.60645,1.60645,1.60645,1
1779837240,1.60647,1.60647,1.60646,1.60646,3
1779837300,1.60645,1.60647,1.60644,1.60645,12
1779837360,1.60648,1.60655,1.60648,1.60653,22
1779837420,1.60655,1.60655,1.60651,1.60652,20
1779837480,1.60655,1.60655,1.60653,1.60655,10
1779837540,1.60657,1.60657,1.60654,1.60654,4
1779837600,1.60651,1.60657,1.60651,1.60657,20
1779837720,1.60661,1.60661,1.6065,1.6065,19
1779837780,1.60651,1.60654,1.60651,1.60653,12
1779837840,1.60654,1.60668,1.60653,1.60668,21
1779837960,1.60673,1.60673,1.60666,1.60667,46
1779838020,1.60669,1.60669,1.60666,1.60668,15
1779838080,1.60668,1.6067,1.60668,1.60669,23
1779838140,1.60674,1.60674,1.60664,1.60671,26
1779838260,1.60671,1.60671,1.60671,1.60671,2
1779838320,1.60671,1.60671,1.60671,1.60671,2
1779838380,1.60666,1.60668,1.60666,1.60667,10
1779838440,1.6067,1.6067,1.60662,1.60668,25
1779838560,1.60669,1.60669,1.60667,1.60667,2
1779838620,1.60669,1.6067,1.60667,1.6067,7
1779838680,1.60668,1.60676,1.60668,1.60676,15
1779838740,1.60677,1.60677,1.60674,1.60674,16
1779838800,1.60676,1.60676,1.60676,1.60676,11
1779838920,1.60666,1.60666,1.60666,1.60666,1
1779838980,1.60669,1.60678,1.60666,1.60678,26
1779839040,1.60669,1.60677,1.60669,1.60677,45
1779839100,1.60668,1.60672,1.60667,1.60669,46
1779839160,1.60669,1.60677,1.60668,1.60672,48
1779839280,1.60686,1.60686,1.60686,1.60686,2
1779839340,1.60685,1.60692,1.60678,1.60683,48
1779839460,1.60685,1.60685,1.60679,1.60681,20
1779839520,1.60678,1.60682,1.60678,1.6068,36
1779839580,1.6068,1.60688,1.60679,1.60683,33
1779839640,1.60685,1.60685,1.60685,1.60685,2
1779839700,1.60683,1.60687,1.60679,1.60681,52
1779839760,1.6068,1.60683,1.60679,1.6068,37
1779839820,1.60676,1.60679,1.60673,1.60674,62
1779839880,1.60674,1.60677,1.60672,1.60672,54
1779839940,1.60675,1.60676,1.60671,1.60675,64
1779840000,1.60672,1.60683,1.60665,1.60681,122
1779840060,1.60682,1.60691,1.60674,1.60683,132
1779840180,1.60692,1.60698,1.60685,1.60685,77
1779840240,1.60685,1.6069,1.60685,1.60687,64
1779840300,1.6069,1.60698,1.60688,1.60697,98
1779840360,1.60698,1.60698,1.6069,1.60698,77
1779840420,1.60697,1.60699,1.60686,1.60691,110
1779840480,1.60689,1.60693,1.60688,1.60693,57
1779840540,1.60704,1.60706,1.607,1.60701,51
1779840660,1.60711,1.60717,1.6071,1.60714,59
1779840720,1.60712,1.60716,1.60711,1.60713,93
1779840780,1.60713,1.60715,1.60709,1.60714,84
1779840840,1.60714,1.60714,1.60704,1.60704,49
1779840900,1.60705,1.60707,1.60702,1.60702,71
1779841020,1.607,1.60707,1.607,1.60704,58
1779841080,1.607,1.60703,1.60696,1.60703,66
1779841140,1.607,1.60708,1.607,1.60707,84
1779841260,1.60705,1.60707,1.60702,1.60706,70
1779841320,1.60703,1.60704,1.60697,1.60703,60
1779841380,1.60699,1.60702,1.60689,1.60691,75
1779841440,1.60698,1.60701,1.60689,1.60689,92
1779841500,1.60689,1.60694,1.60687,1.60694,70
1779841620,1.60688,1.60688,1.60685,1.60687,65
1779841680,1.60686,1.60689,1.60686,1.60689,13
1779841740,1.60685,1.60687,1.60679,1.6068,58
1779841800,1.60684,1.60685,1.60674,1.60681,72
1779841860,1.6068,1.60681,1.60673,1.60674,103
1779841920,1.60674,1.60676,1.60669,1.60671,91
1779841980,1.60671,1.60673,1.6067,1.60671,27
1779842040,1.60668,1.6067,1.60661,1.60661,32
1779842100,1.60661,1.60662,1.60654,1.60658,68
1779842160,1.60659,1.60668,1.60657,1.60664,78
1779842220,1.60668,1.60675,1.60668,1.60671,80
1779842280,1.60671,1.60677,1.60668,1.6067,47
1779842340,1.60665,1.60672,1.60665,1.60667,59
1779842460,1.60664,1.60664,1.60652,1.60661,60
1779842520,1.60658,1.60662,1.60655,1.60662,47
1779842580,1.60658,1.60663,1.60656,1.60663,80
1779842640,1.60663,1.60667,1.60661,1.60665,74
1779842700,1.60664,1.60681,1.60663,1.6068,96
1779842760,1.6068,1.60681,1.60673,1.60679,53
1779842820,1.6068,1.60682,1.60676,1.60679,55
1779842880,1.60677,1.60684,1.60675,1.60684,60
1779842940,1.60685,1.60692,1.60685,1.60685,89
1779843060,1.60673,1.60682,1.60671,1.60682,58
1779843120,1.60679,1.60689,1.60678,1.60687,55
1779843180,1.60687,1.60687,1.60677,1.60679,78
1779843240,1.60683,1.60684,1.60669,1.6067,105
1779843300,1.60676,1.60679,1.60671,1.60678,117
1779843420,1.60671,1.60686,1.60671,1.60677,53
1779843480,1.60683,1.6069,1.60681,1.60688,64
1779843540,1.60692,1.60692,1.60682,1.60684,77
1779843600,1.60683,1.60683,1.60671,1.60675,123
1779843660,1.60674,1.60682,1.60672,1.60682,132
1779843840,1.607,1.60705,1.60699,1.60703,43
1779843960,1.60713,1.60718,1.6071,1.60716,77
1779844020,1.60716,1.60719,1.60711,1.60719,82
1779844140,1.6071,1.6071,1.6071,1.6071,1
1779844200,1.60708,1.60719,1.60703,1.60715,71
1779844260,1.60715,1.60717,1.60707,1.60707,57
1779844320,1.60709,1.60711,1.60705,1.60707,49
1779844380,1.60713,1.60714,1.60707,1.60708,78
1779844440,1.6071,1.60716,1.60709,1.60715,82
1779844500,1.60715,1.60717,1.60707,1.60714,91
1779844560,1.60714,1.60715,1.60708,1.60713,81
1779844620,1.60713,1.60716,1.60708,1.60712,66
1779844680,1.60717,1.60717,1.6071,1.60714,67
1779844740,1.60714,1.6072,1.60706,1.60709,72
1779844800,1.60706,1.60709,1.60704,1.60706,71
1779844860,1.60705,1.60707,1.60702,1.60705,56
1779844980,1.60711,1.60711,1.60711,1.60711,2
1779845040,1.60711,1.60711,1.60711,1.60711,2
1779845160,1.60708,1.60716,1.60708,1.60709,74
1779845220,1.60706,1.60707,1.60699,1.60701,68
1779845280,1.60702,1.60711,1.60701,1.60704,64
1779845340,1.60703,1.6071,1.60703,1.60708,73
1779845400,1.60708,1.60718,1.60701,1.60713,185
1779845520,1.60728,1.60729,1.60718,1.60721,100
1779845580,1.60719,1.60722,1.60714,1.60717,119
1779845640,1.60722,1.60725,1.60716,1.60717,100
1779845760,1.60724,1.60727,1.6072,1.60725,60
1779845820,1.60713,1.60716,1.60706,1.60708,69
1779845880,1.60708,1.60709,1.60703,1.60703,63
1779845940,1.60696,1.607,1.60694,1.60699,79
1779846000,1.60701,1.60708,1.60701,1.60702,72
1779846060,1.60702,1.60703,1.60694,1.607,80
1779846120,1.607,1.60703,1.60694,1.60694,65
1779846180,1.60695,1.60702,1.60695,1.60698,37
1779846240,1.60698,1.60702,1.60697,1.60699,62
1779846300,1.60701,1.60702,1.60696,1.60696,68
1779846360,1.60696,1.60704,1.60696,1.60701,77
1779846420,1.60702,1.60702,1.60693,1.60695,63
1779846480,1.60698,1.60702,1.60694,1.60699,53
1779846660,1.60698,1.607,1.60694,1.607,63
1779846720,1.60696,1.607,1.60693,1.60699,62
1779846780,1.60697,1.607,1.60691,1.60697,71
1779846840,1.60697,1.60698,1.60692,1.60696,78
1779846960,1.60698,1.60699,1.60695,1.60699,26
1779847020,1.60697,1.60704,1.60694,1.60704,49
1779847080,1.60701,1.60704,1.60697,1.60699,86
1779847140,1.60698,1.60701,1.60697,1.60699,60
1779847200,1.607,1.6072,1.60697,1.60706,173
1779847380,1.60703,1.60715,1.607,1.60708,82
1779847440,1.60709,1.60713,1.60703,1.60708,91
1779847500,1.60713,1.60713,1.60699,1.60701,109
1779847560,1.60702,1.60703,1.60697,1.60703,77
1779847680,1.60691,1.60691,1.60691,1.60691,1
1779847740,1.60695,1.60702,1.60692,1.60698,50
1779847860,1.60704,1.60704,1.60696,1.607,67
1779847920,1.60698,1.60705,1.60698,1.60704,52
1779848040,1.60689,1.60691,1.60689,1.60691,6
1779848100,1.60691,1.60702,1.60689,1.60701,81
1779848220,1.607,1.60701,1.60698,1.60699,46
1779848280,1.60705,1.60707,1.60698,1.60705,87
1779848340,1.60703,1.60704,1.6069,1.60692,76
1779848460,1.60697,1.60697,1.60691,1.60694,56
1779848520,1.60691,1.60693,1.60685,1.60686,59
1779848580,1.60683,1.6069,1.60683,1.60688,33
1779848640,1.60691,1.60696,1.60689,1.60693,48
1779848700,1.60695,1.60699,1.60694,1.60697,58
1779848760,1.60698,1.60702,1.60694,1.60696,54
1779848820,1.60697,1.60697,1.6069,1.60691,32
1779848880,1.60691,1.60693,1.60689,1.60689,27
1779848940,1.60688,1.60688,1.60681,1.60682,62
1779849000,1.60683,1.6069,1.60681,1.60689,91
1779849060,1.60689,1.60692,1.60687,1.6069,70
1779849180,1.60688,1.60691,1.60687,1.60687,40
1779849240,1.6069,1.60691,1.60686,1.6069,51
1779849300,1.60693,1.60699,1.6069,1.60698,80
1779849360,1.60698,1.60698,1.60683,1.60688,53
1779849420,1.60685,1.60686,1.60674,1.60676,73
1779849480,1.60679,1.6068,1.60672,1.60676,128
1779849540,1.60675,1.60677,1.60675,1.60676,39
1779849660,1.60675,1.60679,1.60668,1.60675,48
1779849720,1.60679,1.60679,1.60674,1.60678,45
1779849780,1.60676,1.6068,1.60674,1.6068,52
1779849840,1.60681,1.60682,1.60674,1.60675,50
1779849900,1.60675,1.60682,1.60675,1.60678,68
1779850020,1.60678,1.60678,1.60675,1.60678,34
1779850080,1.60677,1.60683,1.60677,1.60682,43
1779850140,1.60684,1.60685,1.60682,1.60685,37
1779850200,1.60687,1.60692,1.60684,1.6069,55
1779850260,1.60695,1.60697,1.6069,1.60697,69
1779850320,1.60697,1.60703,1.60694,1.60703,38
1779850380,1.60707,1.60709,1.60703,1.60706,42
1779850440,1.60703,1.60708,1.60702,1.60706,48
1779850500,1.60707,1.60715,1.60703,1.60713,68
1779850620,1.60719,1.6072,1.60716,1.6072,65
1779850680,1.60717,1.60722,1.60717,1.6072,36
1779850740,1.60729,1.60738,1.60728,1.60735,46
1779850800,1.60734,1.60735,1.60716,1.60718,73
1779850860,1.60716,1.60724,1.60716,1.60724,64
1779850980,1.60734,1.6076,1.60734,1.60759,73
1779851040,1.60753,1.60756,1.60747,1.60752,79
1779851100,1.60752,1.60752,1.60729,1.60742,94
1779851220,1.6074,1.6075,1.60739,1.60749,33
1779851280,1.6075,1.6075,1.60743,1.60745,55
1779851340,1.60743,1.6075,1.60742,1.60749,34
1779851460,1.60743,1.60743,1.60732,1.60737,45
1779851580,1.60729,1.60729,1.60729,1.60729,2
1779851640,1.60737,1.60741,1.60732,1.60732,55
1779851700,1.60737,1.60742,1.60736,1.60738,59
1779851820,1.60734,1.60739,1.60733,1.60739,37
1779851880,1.60738,1.6074,1.60735,1.60735,63
1779851940,1.60736,1.60739,1.60734,1.60736,45
1779852060,1.60736,1.60736,1.60727,1.60729,40
1779852120,1.60729,1.60734,1.60727,1.60733,42
1779852180,1.60734,1.60742,1.60734,1.60739,53
1779852240,1.6074,1.60742,1.60735,1.60735,70
1779852360,1.60741,1.60741,1.60737,1.60739,50
1779852420,1.60737,1.60744,1.60736,1.60744,50
1779852480,1.60741,1.60744,1.60737,1.60741,46
1779852540,1.60743,1.60746,1.60741,1.60741,70
1779852600,1.6074,1.60746,1.60739,1.60743,93
1779852720,1.60735,1.60736,1.60729,1.60732,88
1779852840,1.60732,1.60733,1.60728,1.60732,39
1779852960,1.60727,1.6073,1.60724,1.60729,42
1779853020,1.60728,1.60732,1.60727,1.6073,56
1779853080,1.60724,1.60728,1.60724,1.60726,74
1779853140,1.60727,1.60728,1.60724,1.60727,44
1779853200,1.60727,1.6073,1.60724,1.60727,36
1779853260,1.60726,1.60729,1.60726,1.60729,16
1779853320,1.60735,1.60737,1.60733,1.60737,34
1779853380,1.60737,1.60739,1.6073,1.60732,38
1779853440,1.60736,1.60744,1.60736,1.60744,45
1779853500,1.60742,1.60743,1.60732,1.60734,57
1779853560,1.60735,1.60737,1.60731,1.60737,48
1779853620,1.60736,1.60739,1.60736,1.60737,34
1779853680,1.6074,1.6074,1.60727,1.60728,50
1779853740,1.60727,1.60728,1.60724,1.60728,35
1779853800,1.60728,1.60731,1.60725,1.60725,64
1779853920,1.60735,1.60741,1.60734,1.60741,29
1779853980,1.60736,1.60741,1.60734,1.60738,52
1779854040,1.60741,1.60741,1.6074,1.6074,8
1779854160,1.60733,1.60737,1.60731,1.60735,57
1779854280,1.60738,1.60738,1.60738,1.60738,2
1779854340,1.6074,1.60745,1.6074,1.60743,49
1779854400,1.60745,1.60749,1.60742,1.60743,93
1779854580,1.6074,1.60744,1.60738,1.60742,47
1779854640,1.60742,1.60743,1.60737,1.6074,29
1779854760,1.60744,1.60747,1.60742,1.60746,44
1779854820,1.60746,1.60749,1.60744,1.60746,32
1779854880,1.60749,1.60751,1.60744,1.6075,50
1779854940,1.60749,1.60751,1.60748,1.6075,34
1779855060,1.60751,1.60753,1.6075,1.60751,28
1779855120,1.60753,1.60758,1.60753,1.60756,51
1779855180,1.60755,1.60755,1.60746,1.60749,63
1779855240,1.60749,1.60754,1.60746,1.60751,69
1779855420,1.60749,1.60752,1.60749,1.60751,14
1779855480,1.60752,1.60754,1.6075,1.60752,60
1779855540,1.60753,1.60753,1.60749,1.60752,46
1779855660,1.60755,1.60763,1.60751,1.60757,65
1779855720,1.60757,1.60759,1.6075,1.60752,36
1779855780,1.60752,1.60754,1.6075,1.60751,38
1779855840,1.60756,1.60756,1.60754,1.60756,7
1779855900,1.60751,1.60753,1.60746,1.60751,59
1779855960,1.6075,1.60753,1.60747,1.6075,58
1779856020,1.60747,1.60751,1.60747,1.60749,46
1779856140,1.60749,1.60755,1.60747,1.60754,45
1779856200,1.60749,1.60754,1.60747,1.60751,49
1779856260,1.6075,1.60759,1.6075,1.60756,72
1779856320,1.60757,1.60758,1.60753,1.60758,75
1779856380,1.60758,1.60764,1.60756,1.60762,67
1779856440,1.60761,1.60768,1.6076,1.60763,70
1779856500,1.60762,1.60766,1.60761,1.60766,63
1779856560,1.60766,1.60766,1.60759,1.60763,56
1779856620,1.60762,1.60767,1.60762,1.60764,41
1779856680,1.60763,1.60766,1.60761,1.60762,58
1779856740,1.60767,1.60769,1.60763,1.60767,53
1779856860,1.60763,1.60767,1.60762,1.60767,21
1779856920,1.60762,1.60765,1.60761,1.60762,38
1779856980,1.60764,1.60766,1.6076,1.60761,53
1779857040,1.6076,1.60765,1.60759,1.60764,31
1779857100,1.60769,1.60769,1.60761,1.60768,57
1779857160,1.60767,1.60768,1.6076,1.60761,54
1779857220,1.60759,1.60762,1.60758,1.6076,49
1779857280,1.6076,1.60764,1.6076,1.60764,35
1779857340,1.60762,1.60768,1.60758,1.60764,48
1779857460,1.60755,1.60757,1.60753,1.60756,55
1779857520,1.60756,1.60759,1.60755,1.60756,34
1779857580,1.60758,1.60758,1.6075,1.60754,82
1779857640,1.60756,1.60756,1.60749,1.60751,59
1779857700,1.60752,1.60758,1.60748,1.60748,67
1779857760,1.60749,1.60752,1.60743,1.60746,24
1779857820,1.60746,1.60751,1.60742,1.60751,52
1779857880,1.60748,1.6075,1.60741,1.60744,50
1779857940,1.60746,1.60752,1.60746,1.60749,58
1779858000,1.60748,1.60755,1.60746,1.6075,77
1779858060,1.60751,1.60755,1.6075,1.60754,61
1779858120,1.60754,1.6076,1.60754,1.60758,79
1779858180,1.60756,1.60759,1.60749,1.60751,81
1779858240,1.60751,1.60772,1.60749,1.6077,79
1779858360,1.60771,1.60775,1.6077,1.60775,37
1779858420,1.60771,1.60772,1.60765,1.60771,47
1779858480,1.60768,1.60769,1.60765,1.60768,42
1779858540,1.60768,1.60768,1.60763,1.60764,30
1779858720,1.60766,1.60766,1.60766,1.60766,1
1779858780,1.60759,1.60763,1.60757,1.60757,49
1779858840,1.60759,1.6077,1.60756,1.60769,61
1779858900,1.60768,1.60771,1.60765,1.6077,84
1779859020,1.60765,1.6077,1.60762,1.6077,35
1779859140,1.60766,1.60771,1.60766,1.60771,49
1779859260,1.60774,1.6078,1.60771,1.6078,52
1779859320,1.60778,1.6078,1.60775,1.60775,43
1779859440,1.60779,1.60779,1.60779,1.60779,1
1779859560,1.60786,1.6079,1.60784,1.60787,65
1779859620,1.60788,1.60789,1.60784,1.60786,59
1779859680,1.60788,1.60792,1.60788,1.60792,49
1779859740,1.60791,1.60798,1.60787,1.60787,94
1779859800,1.60786,1.60796,1.60786,1.60787,89
1779859920,1.60785,1.60788,1.60782,1.60785,62
1779859980,1.60782,1.60782,1.60766,1.6077,99
1779860040,1.60769,1.60771,1.60764,1.60767,67
1779860160,1.60765,1.60773,1.60762,1.60763,108
1779860220,1.60762,1.60764,1.60761,1.60762,51
1779860280,1.60762,1.60767,1.60762,1.60763,39
1779860340,1.60769,1.60775,1.60769,1.60775,52
1779860400,1.60774,1.60778,1.60774,1.60775,53
1779860460,1.60776,1.60783,1.60773,1.60782,61
1779860520,1.60781,1.60787,1.60778,1.60783,72
1779860580,1.6078,1.60789,1.6078,1.60787,57
1779860640,1.60786,1.60786,1.60781,1.60783,28
1779860700,1.60784,1.60786,1.60777,1.60777,74
1779860760,1.60779,1.60785,1.60777,1.6078,79
1779860820,1.60779,1.60784,1.60778,1.60783,43
1779860880,1.60782,1.60783,1.60776,1.60778,55
1779860940,1.60777,1.60777,1.60766,1.60771,92
1779861000,1.60772,1.60795,1.6077,1.60789,78
1779861060,1.60791,1.60799,1.60791,1.60794,49
1779861120,1.60802,1.60811,1.60801,1.6081,44
1779861180,1.60807,1.6081,1.60803,1.60803,52
1779861240,1.60807,1.6081,1.60807,1.60807,73
1779861420,1.60798,1.60799,1.60774,1.60774,53
1779861480,1.60777,1.60784,1.60772,1.60784,50
1779861540,1.60783,1.60783,1.60777,1.60777,42
1779861600,1.60787,1.60792,1.60763,1.60763,128
1779861780,1.6076,1.6077,1.6076,1.6077,60
1779861840,1.60771,1.60775,1.60764,1.6077,63
1779861960,1.6077,1.60784,1.60768,1.60783,67
1779862020,1.60784,1.60798,1.60782,1.60796,89
1779862140,1.60816,1.60824,1.60814,1.60816,60
1779862260,1.60838,1.60838,1.60821,1.60825,52
1779862320,1.60824,1.60828,1.60819,1.60819,55
1779862380,1.60821,1.60822,1.60812,1.60817,72
1779862440,1.60815,1.60819,1.60801,1.60801,87
1779862620,1.6081,1.60815,1.6081,1.60814,37
1779862680,1.60818,1.60821,1.6081,1.6081,55
1779862740,1.60814,1.60818,1.60811,1.60817,54
1779862860,1.6081,1.60813,1.60798,1.60808,113
1779862920,1.60803,1.60812,1.60799,1.60804,97
1779863040,1.60816,1.60816,1.60816,1.60816,1
1779863100,1.60803,1.60805,1.60782,1.60782,99
1779863160,1.60784,1.60784,1.6078,1.60782,52
1779863220,1.60784,1.60787,1.60783,1.60786,52
1779863280,1.60787,1.60796,1.60784,1.60795,61
1779863340,1.60797,1.60804,1.60793,1.60797,110
1779863400,1.60798,1.60808,1.60795,1.60798,117
1779863460,1.60798,1.60803,1.6079,1.60793,97
1779863520,1.60791,1.60794,1.60783,1.60785,72
1779863580,1.60786,1.60795,1.60786,1.60795,56
1779863640,1.60792,1.60798,1.6079,1.60793,75
1779863700,1.60802,1.60812,1.60802,1.60805,85
1779863760,1.60805,1.60818,1.608,1.60813,88
1779863820,1.60817,1.60833,1.60817,1.60833,86
1779863880,1.60834,1.60837,1.6083,1.60837,54
1779863940,1.60839,1.60854,1.60836,1.60854,69
1779864060,1.60866,1.60866,1.60855,1.60863,69
1779864120,1.60859,1.60859,1.60849,1.60852,76
1779864180,1.60852,1.60865,1.6085,1.60863,97
1779864240,1.60863,1.60891,1.60857,1.60886,100
1779864300,1.60885,1.60898,1.60884,1.60891,120
1779864420,1.60899,1.6092,1.60899,1.60917,63
1779864480,1.60916,1.6092,1.60913,1.60918,79
1779864540,1.60904,1.60907,1.60893,1.60906,87
1779864660,1.60907,1.60913,1.60903,1.60903,81
1779864720,1.60904,1.60906,1.60899,1.60899,40
1779864780,1.60894,1.60906,1.60892,1.60903,56
1779864840,1.60909,1.60913,1.60892,1.60894,85
1779864900,1.609,1.60915,1.60897,1.6091,104
1779864960,1.6091,1.60914,1.60904,1.60914,65
1779865020,1.60905,1.60914,1.60902,1.60905,113
1779865080,1.60907,1.60921,1.60907,1.60915,120
1779865140,1.60913,1.6093,1.60913,1.60924,138
1779865200,1.60925,1.60928,1.60903,1.60925,160
1779865260,1.60928,1.60942,1.60925,1.60936,135
1779865320,1.60935,1.60941,1.60928,1.60928,89
1779865380,1.60931,1.60932,1.60916,1.60919,97
1779865440,1.60916,1.60929,1.60909,1.60917,95
1779865500,1.60926,1.60933,1.60917,1.6093,110
1779865620,1.60932,1.60947,1.6093,1.6094,69
1779865680,1.60934,1.60946,1.60932,1.60946,65
1779865740,1.60937,1.60937,1.60923,1.60931,73
1779865860,1.60925,1.60938,1.60925,1.60934,82
1779865980,1.60915,1.60915,1.60915,1.60915,2
1779866040,1.60912,1.60915,1.60911,1.60914,35
1779866100,1.60912,1.60923,1.60911,1.60923,64
1779866220,1.60914,1.60921,1.60909,1.60921,104
1779866340,1.6094,1.6094,1.6094,1.6094,1
1779866460,1.60921,1.60928,1.60916,1.60919,95
1779866520,1.6092,1.60926,1.60916,1.60926,76
1779866580,1.6093,1.6093,1.60911,1.60914,69
1779866640,1.60915,1.60924,1.60915,1.60921,86
1779866760,1.60934,1.60944,1.60934,1.60938,57
1779866820,1.60947,1.60967,1.60946,1.60963,80
1779866880,1.60968,1.60968,1.60945,1.60956,87
1779866940,1.60961,1.60969,1.60961,1.60967,26
1779867000,1.60968,1.60971,1.60963,1.60966,98
1779867060,1.60966,1.60983,1.60962,1.60979,82
1779867180,1.60959,1.60976,1.60959,1.60976,57
1779867240,1.60985,1.60987,1.60972,1.60975,57
1779867360,1.6097,1.60983,1.6097,1.60982,43
1779867420,1.6098,1.60987,1.60978,1.60985,73
1779867480,1.60986,1.60996,1.60985,1.60985,82
1779867540,1.60984,1.60992,1.60981,1.60989,85
1779867600,1.6099,1.60992,1.60978,1.60986,86
1779867660,1.60988,1.60988,1.6098,1.60983,54
1779867720,1.60987,1.60993,1.60985,1.60991,62
1779867780,1.60991,1.61001,1.6099,1.60998,65
1779867840,1.60997,1.61001,1.60987,1.60987,94
1779867900,1.60991,1.60994,1.60985,1.60989,77
1779867960,1.60982,1.60994,1.60967,1.6097,101
1779868020,1.6097,1.60972,1.60953,1.60954,40
1779868080,1.60949,1.60953,1.60942,1.60945,54
1779868140,1.60937,1.60953,1.60935,1.60953,82
1779868200,1.60942,1.60956,1.60942,1.60956,113
1779868260,1.60954,1.60965,1.60953,1.60962,104
1779868320,1.60965,1.60968,1.60956,1.60962,66
1779868440,1.60954,1.60957,1.60948,1.6095,48
1779868560,1.60956,1.60956,1.60939,1.60948,84
1779868620,1.60953,1.60972,1.6095,1.60972,104
1779868680,1.60971,1.60977,1.60965,1.60968,73
1779868740,1.60967,1.60967,1.60953,1.60957,120
1779868800,1.60951,1.60962,1.6093,1.60962,155
1779868920,1.6097,1.60991,1.6097,1.60978,101
1779868980,1.60978,1.6098,1.60957,1.60963,102
1779869040,1.60967,1.60973,1.60961,1.60964,68
1779869160,1.60978,1.6098,1.60967,1.60969,58
1779869220,1.6096,1.60967,1.60958,1.60967,46
1779869280,1.60971,1.60982,1.60969,1.60979,59
1779869340,1.60979,1.60979,1.60956,1.60957,88
1779869400,1.60944,1.6096,1.60939,1.60957,106
1779869460,1.60958,1.60969,1.60947,1.60969,95
1779869520,1.60969,1.60983,1.60968,1.60982,109
1779869580,1.60982,1.60991,1.60982,1.6099,64
1779869640,1.60981,1.60981,1.60968,1.60974,46
1779869700,1.60967,1.60978,1.60964,1.60978,103
1779869760,1.6098,1.60983,1.60967,1.60968,76
1779869820,1.60961,1.60969,1.60961,1.60964,90
1779869880,1.60965,1.60977,1.6096,1.60969,117
1779869940,1.6097,1.60973,1.60956,1.60957,99
1779870000,1.60957,1.60975,1.60956,1.60968,116
1779870060,1.6097,1.60973,1.60961,1.60964,64
1779870120,1.60967,1.60974,1.60963,1.60973,48
1779870180,1.60982,1.60987,1.60965,1.60971,81
1779870240,1.60986,1.61003,1.60984,1.61002,107
1779870420,1.60998,1.60998,1.60984,1.60994,44
1779870480,1.60983,1.60991,1.60983,1.6099,64
1779870540,1.61,1.61017,1.61,1.61013,57
1779870600,1.61009,1.61012,1.6099,1.60991,119
1779870720,1.60978,1.6098,1.60972,1.60979,60
1779870840,1.60969,1.60969,1.60969,1.60969,2
1779870960,1.60971,1.60976,1.60969,1.60971,44
1779871020,1.60971,1.60982,1.60942,1.60949,100
1779871080,1.60942,1.60962,1.60941,1.60961,105
1779871140,1.60958,1.60969,1.60953,1.60967,94
1779871200,1.60976,1.60997,1.60974,1.60989,100
1779871320,1.61003,1.61011,1.60997,1.6101,68
1779871380,1.61009,1.61009,1.61002,1.61004,54
1779871440,1.61009,1.61021,1.61009,1.61018,51
1779871500,1.61021,1.61021,1.61016,1.61021,81
1779871560,1.61021,1.61021,1.61015,1.61018,83
1779871680,1.60999,1.6101,1.60999,1.61005,75
1779871740,1.61,1.61004,1.60997,1.61,41
1779871860,1.61006,1.61022,1.61005,1.61016,75
1779871920,1.6102,1.61035,1.61019,1.61029,90
1779871980,1.61021,1.61023,1.61013,1.61019,85
1779872040,1.61018,1.61018,1.61018,1.61018,1
1779872100,1.61004,1.61012,1.61,1.61008,71
1779872160,1.61008,1.6102,1.61007,1.61016,67
1779872220,1.61013,1.61014,1.61005,1.61008,57
1779872280,1.61017,1.61025,1.61009,1.61025,75
1779872340,1.61019,1.61027,1.61013,1.61022,86
1779872400,1.6102,1.61024,1.61012,1.61016,87
1779872460,1.61017,1.61019,1.61008,1.61015,92
1779872580,1.60998,1.61016,1.60995,1.61015,67
1779872640,1.61016,1.61016,1.6101,1.61012,92
1779872700,1.61013,1.61027,1.61005,1.6101,91
1779872760,1.61009,1.61015,1.61002,1.61002,55
1779872820,1.61,1.61,1.60994,1.60995,35
1779872880,1.60991,1.60996,1.60991,1.60994,50
1779872940,1.60999,1.61002,1.60995,1.60998,68
1779873060,1.60992,1.60998,1.6099,1.60991,71
1779873120,1.60995,1.60999,1.60988,1.60989,89
1779873180,1.60992,1.60993,1.60988,1.60989,59
1779873240,1.60988,1.60991,1.60976,1.6098,66
1779873300,1.60987,1.61,1.60985,1.61,66
1779873420,1.60978,1.60992,1.60976,1.60989,76
1779873480,1.60992,1.60998,1.60983,1.60995,110
1779873540,1.60999,1.60999,1.60988,1.6099,84
1779873660,1.60996,1.61009,1.60996,1.61,79
1779873720,1.61,1.61005,1.60993,1.60997,64
1779873780,1.61001,1.61001,1.60973,1.60973,82
1779873840,1.60972,1.60973,1.60966,1.60967,48
1779873900,1.60967,1.60969,1.60961,1.60961,62
1779873960,1.60962,1.60969,1.60962,1.60966,27
1779874020,1.60958,1.60959,1.60952,1.60952,38
1779874080,1.60959,1.60963,1.60954,1.60959,55
1779874140,1.6096,1.60975,1.6096,1.60972,63
1779874200,1.60973,1.60973,1.60959,1.6096,59
1779874260,1.60959,1.60968,1.60958,1.60965,69
1779874380,1.60958,1.6096,1.60952,1.60959,44
1779874440,1.60965,1.60971,1.60954,1.60957,63
1779874500,1.60958,1.60978,1.60956,1.60974,111
1779874560,1.60974,1.60978,1.6097,1.60971,63
1779874620,1.60971,1.60977,1.60969,1.60972,60
1779874680,1.60976,1.60979,1.60972,1.60978,42
1779874740,1.60976,1.60982,1.60972,1.60973,65
1779874860,1.60967,1.60969,1.60962,1.60966,32
1779874920,1.60966,1.60966,1.60946,1.60949,56
1779874980,1.60948,1.60957,1.60946,1.60953,55
1779875040,1.60954,1.60958,1.60952,1.60958,54
1779875100,1.60954,1.6096,1.60939,1.60946,97
1779875220,1.60947,1.60953,1.60943,1.60943,53
1779875280,1.60941,1.60944,1.60931,1.60934,62
1779875340,1.60938,1.60962,1.60937,1.60962,99
1779875460,1.60964,1.6097,1.60963,1.60968,46
1779875580,1.60973,1.60973,1.60973,1.60973,2
1779875640,1.6099,1.60998,1.60984,1.60998,71
1779875700,1.61002,1.61013,1.61001,1.61012,91
1779875760,1.61013,1.61014,1.60994,1.60994,105
1779875820,1.60993,1.61003,1.60987,1.60988,96
1779875940,1.60993,1.60993,1.60992,1.60992,4
1779876000,1.60969,1.6097,1.60964,1.6097,110
1779876060,1.60972,1.60973,1.60964,1.60971,96
1779876120,1.60971,1.60972,1.60964,1.60964,61
1779876180,1.60968,1.60972,1.60956,1.60958,89
1779876240,1.60956,1.60963,1.60955,1.60958,77
1779876360,1.60964,1.60966,1.60957,1.60964,31
1779876420,1.60964,1.60968,1.60958,1.60958,47
1779876480,1.60956,1.60961,1.60948,1.60961,85
1779876540,1.60966,1.6097,1.60961,1.60967,84
1779876660,1.60962,1.60984,1.60961,1.60977,105
1779876780,1.6099,1.6099,1.60989,1.60989,4
1779876840,1.6099,1.60993,1.60982,1.60982,51
1779876900,1.60982,1.60988,1.60973,1.60987,91
1779877020,1.60981,1.60983,1.6098,1.60981,51
1779877080,1.60976,1.60977,1.60966,1.60971,83
1779877140,1.60971,1.60981,1.60964,1.60964,81
1779877200,1.60967,1.60971,1.60958,1.60961,105
1779877260,1.6096,1.60965,1.60952,1.60952,46
1779877320,1.6095,1.60954,1.60948,1.6095,54
1779877380,1.60946,1.60947,1.6093,1.6093,55
1779877440,1.60932,1.60947,1.60931,1.60946,49
1779877620,1.60949,1.60949,1.60949,1.60949,1
1779877680,1.60947,1.6095,1.60938,1.6094,70
1779877740,1.60937,1.60937,1.60927,1.60931,72
1779877800,1.60926,1.60936,1.60923,1.60936,91
1779877920,1.60961,1.60977,1.60958,1.60966,100
1779877980,1.60973,1.60981,1.60971,1.60979,73
1779878040,1.60971,1.6099,1.60971,1.60986,100
1779878160,1.60992,1.60999,1.60991,1.60991,68
1779878220,1.60996,1.60999,1.6099,1.60991,56
1779878280,1.60993,1.61004,1.60993,1.61004,47
1779878340,1.61002,1.61002,1.60964,1.60966,104
1779878520,1.60979,1.60982,1.60973,1.6098,55
1779878580,1.60982,1.60989,1.60981,1.60988,44
1779878640,1.6099,1.60998,1.60989,1.60998,59
1779878700,1.61002,1.61016,1.61,1.61009,93
1779878760,1.61011,1.61011,1.60995,1.60996,132
1779878880,1.60995,1.61008,1.60993,1.61005,72
1779878940,1.61,1.61007,1.60993,1.60993,65
1779879000,1.60996,1.61004,1.60994,1.61001,107
1779879060,1.61,1.61001,1.60989,1.60994,64
1779879120,1.6099,1.61002,1.60988,1.61002,81
1779879240,1.60998,1.60998,1.60998,1.60998,1
1779879360,1.61012,1.61016,1.61006,1.61014,74
1779879420,1.61026,1.61035,1.61021,1.61029,55
1779879480,1.61027,1.61029,1.61019,1.61022,75
1779879540,1.61021,1.61033,1.61014,1.61021,109
1779879600,1.61026,1.61032,1.61009,1.61009,115
1779879780,1.61008,1.61015,1.61008,1.61011,75
1779879840,1.61015,1.6102,1.61011,1.61012,67
1779879960,1.61005,1.6102,1.61004,1.61019,96
1779880080,1.61021,1.61024,1.61016,1.61021,34
1779880140,1.61008,1.61008,1.61002,1.61005,32
1779880260,1.61008,1.61008,1.6099,1.60998,93
1779880320,1.61001,1.61013,1.60998,1.61011,103
1779880380,1.61017,1.61019,1.61012,1.61018,80
1779880440,1.61015,1.61029,1.61015,1.61026,75
1779880620,1.61017,1.61021,1.61015,1.61018,71
1779880680,1.61019,1.61019,1.61013,1.61014,71
1779880740,1.61017,1.6102,1.61005,1.61013,83
1779880860,1.61011,1.61022,1.6101,1.61013,62
1779880920,1.6101,1.61016,1.61005,1.61007,58
1779880980,1.6102,1.61034,1.6102,1.61033,107
1779881040,1.61032,1.61039,1.61029,1.61033,77
1779881100,1.61039,1.61051,1.61039,1.61049,107
1779881160,1.61051,1.61054,1.61036,1.61039,87
1779881220,1.61039,1.61039,1.6103,1.61038,88
1779881280,1.61036,1.61046,1.61035,1.6104,73
1779881340,1.61038,1.61041,1.61034,1.61038,77
1779881400,1.61039,1.61042,1.61019,1.61028,142
1779881460,1.61028,1.61039,1.61012,1.61016,117
1779881520,1.61017,1.61025,1.6101,1.61014,85
1779881580,1.61014,1.61016,1.61006,1.61016,80
1779881640,1.61015,1.61017,1.61004,1.61016,92
1779881700,1.61017,1.61033,1.61016,1.61026,85
1779881760,1.61026,1.61034,1.61025,1.61034,56
1779881820,1.61032,1.61042,1.61028,1.6104,83
1779881880,1.61036,1.61042,1.61035,1.61037,100
1779881940,1.61035,1.61047,1.61031,1.61046,77
1779882000,1.61044,1.61044,1.61033,1.61035,89
1779882060,1.61034,1.61043,1.61032,1.61043,91
1779882120,1.61042,1.61049,1.61038,1.61049,72
1779882180,1.61051,1.61053,1.61047,1.6105,62
1779882240,1.61049,1.6105,1.61017,1.61021,114
1779882300,1.6102,1.6102,1.60995,1.61003,86
1779882420,1.61013,1.61015,1.61006,1.61013,98
1779882480,1.61012,1.61015,1.60996,1.61002,127
1779882540,1.61002,1.61026,1.61002,1.61022,36
1779882660,1.61011,1.61013,1.60999,1.60999,61
1779882720,1.60999,1.61005,1.60992,1.60995,69
1779882780,1.60993,1.61001,1.60991,1.61001,98
1779882840,1.60996,1.61006,1.60988,1.60995,119
1779882900,1.60994,1.60994,1.60947,1.60947,152
1779882960,1.60951,1.60962,1.60944,1.60948,96
1779883020,1.60955,1.60967,1.60949,1.60954,86
1779883080,1.60975,1.60975,1.60968,1.60968,70
1779883140,1.60967,1.6097,1.60959,1.6097,92
1779883200,1.60975,1.60982,1.60961,1.60961,140
1779883260,1.60962,1.60981,1.60959,1.60981,154
1779883380,1.60986,1.60986,1.60978,1.60979,71
1779883440,1.60977,1.60999,1.60972,1.60996,54
1779883500,1.60999,1.61013,1.60996,1.61,132
1779883560,1.60999,1.61011,1.60987,1.60987,127
1779883620,1.6099,1.61002,1.6099,1.60996,75
1779883680,1.60997,1.61,1.60986,1.60996,98
1779883740,1.60997,1.61,1.60983,1.60983,77
1779883860,1.60982,1.60992,1.60982,1.60992,77
1779883920,1.60993,1.60995,1.60984,1.6099,82
1779883980,1.60985,1.61004,1.60984,1.60996,104
1779884040,1.6099,1.60996,1.60981,1.60989,128
1779884100,1.60992,1.60995,1.60966,1.60976,139
1779884220,1.60983,1.60996,1.60983,1.6099,91
1779884280,1.60991,1.61098,1.6098,1.61061,178
1779884340,1.61041,1.61076,1.6103,1.61034,194
1779884520,1.61161,1.61223,1.61161,1.61194,144
1779884580,1.6118,1.61218,1.61178,1.61187,154
1779884640,1.61129,1.61129,1.61083,1.61087,163
1779884700,1.61096,1.61152,1.61083,1.61152,195
1779884760,1.61147,1.61177,1.61136,1.61148,187
1779884820,1.61141,1.6116,1.61113,1.61133,207
1779884940,1.61162,1.61168,1.61144,1.61164,101
1779885120,1.61145,1.61146,1.61108,1.61108,144
1779885180,1.61112,1.61135,1.61112,1.61133,182
1779885240,1.61136,1.61137,1.61116,1.61129,206
1779885360,1.61121,1.61175,1.61121,1.6114,158
1779885420,1.61152,1.61152,1.61127,1.61132,153
1779885480,1.6113,1.61141,1.6112,1.61133,122
1779885540,1.61151,1.61155,1.6114,1.61151,122
1779885600,1.61148,1.61157,1.61139,1.61148,164
1779885720,1.61133,1.61133,1.61121,1.61131,102
1779885780,1.61109,1.61127,1.61109,1.61114,109
1779885840,1.61114,1.61124,1.61097,1.61104,121
1779885900,1.61099,1.61099,1.61082,1.61082,155
1779885960,1.61083,1.61088,1.61076,1.6108,165
1779886080,1.61072,1.61074,1.61054,1.61061,97
1779886140,1.61057,1.61071,1.61056,1.61063,101
1779886200,1.61077,1.61079,1.6106,1.61066,159
1779886260,1.61066,1.61086,1.61063,1.61086,117
1779886320,1.61089,1.61106,1.61083,1.61105,112
1779886380,1.61106,1.61108,1.61088,1.61093,143
1779886440,1.61092,1.61113,1.61078,1.61108,122
1779886560,1.611,1.61109,1.61098,1.61101,97
1779886620,1.61082,1.61083,1.61058,1.61069,103
1779886680,1.61067,1.61076,1.61065,1.61065,102
1779886740,1.61053,1.61065,1.60991,1.60997,159
1779886800,1.61005,1.61037,1.61,1.61031,198
1779886860,1.61029,1.61035,1.61015,1.61017,160
1779886920,1.61015,1.61036,1.61008,1.61035,180
1779886980,1.61034,1.61046,1.61026,1.61029,149
1779887040,1.61029,1.61029,1.61,1.61007,172
1779887160,1.6103,1.61038,1.61018,1.61034,122
1779887220,1.6102,1.6102,1.60998,1.61003,151
1779887280,1.61001,1.61003,1.60978,1.60981,115
1779887340,1.60993,1.61004,1.60988,1.61003,137
1779887400,1.61005,1.61025,1.61003,1.6102,145
1779887460,1.61019,1.61027,1.61005,1.61021,86
1779887520,1.61026,1.61029,1.6102,1.61029,74
1779887580,1.61025,1.61033,1.61014,1.61024,108
1779887640,1.61021,1.61044,1.6102,1.61042,133
1779887700,1.61046,1.61067,1.61044,1.61065,125
1779887760,1.61065,1.61089,1.61061,1.61086,157
1779887880,1.6107,1.61075,1.61065,1.61071,92
1779887940,1.61082,1.61084,1.61066,1.6107,110
1779888000,1.61058,1.61058,1.61004,1.61005,151
1779888060,1.61005,1.61016,1.61001,1.61006,150
1779888180,1.61015,1.61015,1.61015,1.61015,2
1779888240,1.61025,1.61046,1.61024,1.6104,81
1779888360,1.6106,1.6108,1.61048,1.61074,127
1779888420,1.6108,1.61097,1.61051,1.61061,155
1779888480,1.61059,1.61081,1.61057,1.61064,142
1779888540,1.61064,1.61071,1.61053,1.61056,81
1779888600,1.61045,1.61068,1.61017,1.61024,171
1779888720,1.61023,1.61047,1.61017,1.61046,121
1779888780,1.6104,1.61056,1.61036,1.6104,151
1779888840,1.6104,1.61045,1.61031,1.61043,146
1779889020,1.61027,1.61038,1.61024,1.6103,106
1779889080,1.61046,1.61046,1.61025,1.6103,132
1779889140,1.61034,1.61046,1.61034,1.61035,117
1779889200,1.61036,1.61067,1.61036,1.6106,180
1779889260,1.61061,1.61067,1.61051,1.61066,128
1779889320,1.61068,1.6107,1.61054,1.61064,176
1779889440,1.61049,1.61051,1.61033,1.61043,95
1779889620,1.61078,1.61082,1.61038,1.61038,129
1779889680,1.61034,1.61049,1.61027,1.6104,136
1779889740,1.61043,1.61057,1.61026,1.61053,147
1779889800,1.61059,1.61066,1.61025,1.61025,180
1779889860,1.6103,1.61039,1.61004,1.61008,167
1779889920,1.61009,1.61012,1.60983,1.60984,98
1779889980,1.60995,1.61001,1.60982,1.60988,114
1779890040,1.60979,1.6098,1.60956,1.6096,135
1779890100,1.60953,1.60953,1.60934,1.60943,153
1779890160,1.60943,1.60951,1.60937,1.60944,160
1779890220,1.60938,1.60956,1.60932,1.60951,172
1779890280,1.60951,1.60958,1.60947,1.6095,107
1779890340,1.6094,1.60953,1.6094,1.60947,99
1779890400,1.60955,1.60975,1.60943,1.60968,206
1779890460,1.60967,1.6097,1.60958,1.60968,160
1779890580,1.60958,1.60969,1.60952,1.60962,145
1779890640,1.60965,1.60986,1.60946,1.60983,171
1779890700,1.60984,1.60989,1.60978,1.60983,164
1779890760,1.60984,1.60984,1.60969,1.60974,119
1779890820,1.60974,1.61008,1.60974,1.60992,140
1779890880,1.60984,1.61,1.60984,1.60995,144
1779890940,1.61005,1.61028,1.61004,1.61018,170
1779891060,1.61037,1.61041,1.61031,1.61037,98
1779891120,1.61045,1.61054,1.61026,1.61026,110
1779891180,1.61048,1.61063,1.61039,1.61063,117
1779891240,1.61064,1.61076,1.61061,1.61066,120
1779891300,1.61069,1.61069,1.61056,1.61066,144
1779891480,1.61046,1.61068,1.6104,1.6106,91
1779891540,1.61064,1.61067,1.61051,1.6106,97
1779891660,1.61052,1.61062,1.61048,1.61055,129
1779891780,1.61044,1.61051,1.61035,1.61044,98
1779891840,1.61047,1.61047,1.61024,1.61036,110
1779891900,1.61015,1.61033,1.6101,1.61026,172
1779891960,1.61025,1.61034,1.61024,1.61032,124
1779892020,1.61037,1.61075,1.61034,1.61071,140
1779892080,1.61075,1.61079,1.61059,1.61069,144
1779892140,1.61069,1.61077,1.61057,1.61063,161
1779892200,1.61064,1.6107,1.61041,1.61043,156
1779892260,1.61047,1.61081,1.61047,1.61077,148
1779892320,1.61079,1.61082,1.61046,1.61046,142
1779892380,1.61043,1.6106,1.60992,1.61005,207
1779892440,1.61007,1.61049,1.61007,1.61042,201
1779892500,1.6105,1.61059,1.61047,1.61054,195
1779892620,1.61067,1.61068,1.61057,1.61061,94
1779892680,1.61075,1.61094,1.61075,1.61094,114
1779892740,1.61099,1.61102,1.61086,1.611,125
1779892860,1.61065,1.61065,1.61038,1.6105,144
1779892920,1.61048,1.61055,1.6102,1.61036,177
1779892980,1.61037,1.61042,1.61032,1.61033,160
1779893040,1.61035,1.61036,1.61014,1.61025,134
1779893100,1.61028,1.61045,1.61026,1.61037,139
1779893160,1.61038,1.61046,1.61027,1.61039,149
1779893220,1.61043,1.6105,1.61025,1.61025,165
1779893280,1.61026,1.61028,1.61001,1.61024,192
1779893340,1.61024,1.6104,1.61024,1.61025,178
1779893400,1.61021,1.61063,1.61017,1.61048,207
1779893460,1.61051,1.61058,1.61022,1.61031,199
1779893520,1.6103,1.61055,1.61022,1.61041,127
1779893580,1.61042,1.61046,1.61032,1.61032,164
1779893640,1.61027,1.6105,1.61015,1.6105,168
1779893700,1.6105,1.6105,1.61019,1.61037,197
1779893820,1.61062,1.6109,1.61003,1.61026,144
1779893880,1.61016,1.61036,1.61008,1.61022,143
1779893940,1.61017,1.61022,1.61003,1.61003,156
1779894000,1.60999,1.60999,1.60967,1.60974,212
1779894060,1.60972,1.61022,1.60967,1.61022,193
1779894240,1.61002,1.61011,1.60988,1.60996,125
1779894360,1.60962,1.60965,1.60938,1.60941,144
1779894420,1.60942,1.60969,1.60941,1.60947,134
1779894480,1.6094,1.60945,1.60922,1.6093,160
1779894540,1.60935,1.60941,1.6092,1.60922,166
1779894600,1.60924,1.60928,1.60911,1.60915,155
1779894660,1.60913,1.60927,1.60899,1.60927,108
1779894720,1.60918,1.60933,1.6091,1.60929,99
1779894780,1.60938,1.60952,1.60929,1.6095,114
1779894840,1.60936,1.60952,1.60936,1.6095,143
1779894900,1.60943,1.60952,1.60896,1.60908,157
1779894960,1.60907,1.60909,1.60878,1.60893,131
1779895080,1.60898,1.60914,1.60898,1.60914,78
1779895140,1.60918,1.60954,1.60917,1.60954,122
1779895200,1.60946,1.6096,1.60939,1.60939,176
1779895260,1.60939,1.60942,1.60918,1.6092,139
1779895320,1.60932,1.60937,1.60925,1.60932,142
1779895380,1.60933,1.60954,1.60927,1.60951,133
1779895440,1.60939,1.60941,1.60908,1.60927,181
1779895560,1.60928,1.60935,1.609,1.60902,105
1779895620,1.60906,1.60924,1.60903,1.60923,126
1779895680,1.60917,1.60928,1.6091,1.60927,95
1779895740,1.60926,1.60935,1.60923,1.60927,128
1779895800,1.60933,1.60948,1.60928,1.60933,139
1779895920,1.60934,1.60954,1.60932,1.60951,70
1779895980,1.60948,1.60966,1.60945,1.60963,93
1779896040,1.60961,1.60963,1.60938,1.60942,123
1779896160,1.60929,1.6094,1.60924,1.60932,139
1779896280,1.60929,1.60929,1.60913,1.60917,80
1779896340,1.60922,1.60922,1.60894,1.60895,92
1779896400,1.60894,1.609,1.60885,1.60895,151
1779896460,1.60895,1.60909,1.6089,1.60902,105
1779896520,1.60895,1.60896,1.60868,1.60868,134
1779896640,1.60862,1.60869,1.60857,1.6086,91
1779896700,1.6086,1.60895,1.60859,1.60876,174
1779896760,1.60879,1.60894,1.60878,1.60891,148
1779896820,1.60888,1.6089,1.60864,1.60868,105
1779896880,1.60869,1.60869,1.60847,1.60852,114
1779896940,1.60848,1.60866,1.60847,1.60866,121
1779897000,1.60866,1.60884,1.6086,1.6086,120
1779897120,1.60853,1.60862,1.6085,1.60858,73
1779897180,1.60858,1.60877,1.60858,1.60876,88
1779897240,1.60882,1.60882,1.60867,1.6087,84
1779897360,1.60865,1.60865,1.60839,1.6085,105
1779897420,1.60844,1.60851,1.60831,1.60839,143
1779897540,1.6084,1.6084,1.60831,1.60834,46
1779897600,1.60844,1.60844,1.60828,1.60842,149
1779897660,1.60841,1.60864,1.60839,1.6085,126
1779897720,1.60852,1.60854,1.60836,1.6084,137
1779897780,1.60844,1.60852,1.60818,1.60826,113
1779897840,1.60816,1.60845,1.60813,1.60844,171
1779898020,1.60813,1.60825,1.60813,1.60814,73
1779898080,1.60817,1.60817,1.60799,1.60815,90
1779898140,1.60817,1.60832,1.60817,1.60822,112
1779898200,1.60828,1.60832,1.60825,1.6083,110
1779898320,1.60847,1.6086,1.60845,1.60848,49
1779898380,1.60848,1.60851,1.60846,1.60848,58
1779898440,1.60837,1.60839,1.60831,1.60833,70
1779898500,1.60822,1.60827,1.60814,1.60815,88
1779898560,1.60815,1.60821,1.60812,1.60815,83
1779898620,1.60812,1.60823,1.60812,1.60816,95
1779898680,1.60814,1.60814,1.60795,1.60795,104
1779898860,1.60801,1.60801,1.60783,1.60783,72
1779898920,1.60784,1.60799,1.60783,1.60785,99
1779898980,1.60786,1.60807,1.60784,1.60804,74
1779899040,1.60811,1.60813,1.60798,1.60806,108
1779899220,1.60782,1.60784,1.60774,1.60784,62
1779899280,1.60788,1.60796,1.60781,1.60781,56
1779899340,1.60783,1.60792,1.60782,1.60783,92
1779899400,1.60788,1.60797,1.60786,1.6079,99
1779899460,1.60782,1.60804,1.60782,1.60803,115
1779899580,1.60803,1.60811,1.60802,1.6081,59
1779899640,1.60813,1.60828,1.60813,1.60824,66
1779899700,1.60826,1.60846,1.60826,1.6084,93
1779899760,1.60842,1.60849,1.60833,1.60837,92
1779899820,1.60833,1.60834,1.60825,1.60833,81
1779899880,1.60834,1.60846,1.60832,1.60841,82
1779899940,1.60842,1.60845,1.60836,1.60839,96
1779900060,1.60844,1.60851,1.60842,1.60847,82
1779900120,1.60842,1.60848,1.6084,1.60845,75
1779900180,1.60849,1.60856,1.60846,1.60851,59
1779900240,1.60852,1.60861,1.60843,1.60844,79
1779900300,1.60847,1.60853,1.60844,1.60849,81
1779900360,1.60852,1.60852,1.60841,1.60841,97
1779900420,1.60843,1.60849,1.60838,1.60849,68
1779900480,1.60848,1.60854,1.60846,1.60849,61
1779900540,1.60846,1.60848,1.60843,1.60845,48
1779900660,1.60847,1.60849,1.60833,1.60833,80
1779900720,1.60838,1.60838,1.60832,1.60834,79
1779900780,1.60835,1.60836,1.6083,1.60836,74
1779900840,1.60836,1.60842,1.60833,1.60837,100
1779900900,1.60832,1.60836,1.60823,1.60832,75
1779900960,1.60833,1.60833,1.60822,1.60822,74
1779901020,1.60819,1.60823,1.60813,1.60813,68
1779901080,1.60818,1.6082,1.60813,1.60816,102
1779901140,1.60814,1.60827,1.60814,1.60826,109
1779901200,1.60825,1.60837,1.60824,1.60835,83
1779901260,1.60837,1.60847,1.60835,1.60847,118
1779901320,1.60849,1.60861,1.60843,1.60852,141
1779901380,1.60851,1.60854,1.60831,1.60836,132
1779901440,1.60835,1.60843,1.60833,1.6084,94
1779901500,1.60843,1.60844,1.60826,1.60831,119
1779901620,1.60822,1.60827,1.60795,1.60798,91
1779901680,1.60789,1.60801,1.60785,1.60792,118
1779901740,1.60792,1.60802,1.60785,1.60791,142
1779901860,1.60786,1.60792,1.60782,1.60786,111
1779901920,1.60785,1.60786,1.60775,1.6078,107
1779902040,1.6078,1.60787,1.60777,1.60781,57
1779902100,1.60778,1.60791,1.60777,1.60786,97
1779902220,1.60779,1.60785,1.60778,1.60781,79
1779902280,1.60782,1.60785,1.60768,1.60769,84
1779902340,1.60768,1.60768,1.60751,1.60752,93
1779902460,1.60752,1.60754,1.60744,1.60749,64
1779902520,1.60741,1.60752,1.60738,1.60749,77
1779902580,1.60746,1.60753,1.60742,1.60749,92
1779902640,1.6075,1.6076,1.60748,1.60753,89
1779902700,1.60746,1.60761,1.60739,1.60756,119
1779902760,1.60756,1.60767,1.60756,1.60766,75
1779902820,1.60766,1.60772,1.60762,1.60772,72
1779902940,1.60772,1.60773,1.60764,1.60772,81
1779903120,1.60766,1.60767,1.60755,1.60755,68
1779903180,1.60752,1.60752,1.6074,1.60744,71
1779903240,1.60732,1.60736,1.60724,1.60724,70
1779903360,1.60739,1.60754,1.60739,1.60746,66
1779903420,1.60747,1.6075,1.60739,1.60741,57
1779903480,1.60734,1.60756,1.60734,1.60756,85
1779903540,1.60759,1.60761,1.60747,1.60752,79
1779903600,1.6075,1.60752,1.60746,1.60749,106
1779903660,1.60751,1.60768,1.60751,1.60765,91
1779903780,1.60764,1.60764,1.60759,1.60762,33
1779903840,1.60762,1.60765,1.6076,1.60764,55
1779903900,1.60767,1.60776,1.60766,1.60773,83
1779903960,1.60774,1.60787,1.6077,1.60785,113
1779904020,1.60787,1.60797,1.60783,1.60793,83
1779904080,1.60793,1.60798,1.60788,1.60798,83
1779904140,1.60799,1.60806,1.60798,1.60803,63
1779904200,1.60803,1.60809,1.60791,1.60794,106
1779904260,1.60797,1.60797,1.60774,1.60777,73
1779904320,1.60791,1.60801,1.60791,1.60801,43
1779904380,1.60801,1.60805,1.60786,1.60792,80
1779904440,1.60793,1.60803,1.60792,1.60802,62
1779904500,1.608,1.60813,1.60794,1.60813,83
1779904560,1.60813,1.60815,1.60799,1.60805,82
1779904620,1.60804,1.60812,1.60802,1.60812,43
1779904680,1.60801,1.60803,1.608,1.60801,37
1779904740,1.60796,1.608,1.60792,1.60795,51
1779904800,1.60805,1.60808,1.60798,1.60803,119
1779904860,1.60803,1.60803,1.60797,1.608,102
1779904920,1.60801,1.60805,1.60793,1.60793,118
1779905040,1.60793,1.60796,1.6079,1.60793,52
1779905160,1.608,1.608,1.6079,1.60799,64
1779905220,1.60802,1.60804,1.60799,1.60803,57
1779905280,1.60803,1.60817,1.60802,1.60817,103
1779905340,1.60817,1.60818,1.6081,1.6081,52
1779905400,1.60812,1.60813,1.60806,1.60809,70
1779905460,1.6081,1.60812,1.60808,1.60808,46
1779905520,1.60814,1.60823,1.60803,1.60805,88
1779905580,1.60807,1.60809,1.608,1.60804,74
1779905640,1.60804,1.60813,1.60803,1.6081,86
1779905700,1.60811,1.60827,1.60811,1.60815,117
1779905760,1.60816,1.60817,1.60803,1.60804,109
1779905880,1.60799,1.60801,1.60796,1.60797,54
1779905940,1.60807,1.60807,1.60801,1.60803,38
1779906000,1.60794,1.60799,1.60791,1.60793,107
1779906060,1.60793,1.60809,1.60793,1.60806,78
1779906120,1.60807,1.6081,1.60801,1.60806,84
1779906240,1.60827,1.60827,1.60827,1.60827,2
1779906360,1.60804,1.60809,1.60803,1.60807,60
1779906420,1.60802,1.60815,1.608,1.60815,90
1779906480,1.60811,1.60816,1.60808,1.60813,84
1779906540,1.60813,1.60819,1.60813,1.60819,80
1779906600,1.60822,1.60837,1.6082,1.60834,105
1779906720,1.6083,1.60837,1.60828,1.60834,77
1779906780,1.60835,1.60841,1.60827,1.60827,89
1779906840,1.60829,1.60829,1.60814,1.60814,67
1779906960,1.60807,1.60821,1.60807,1.60821,40
1779907020,1.60811,1.6082,1.60803,1.60819,47
1779907080,1.60817,1.60837,1.60815,1.60837,61
1779907140,1.60837,1.60842,1.60828,1.60834,86
1779907200,1.60837,1.60847,1.60833,1.60845,62
1779907320,1.60848,1.60852,1.60846,1.60849,45
1779907380,1.60855,1.60862,1.60851,1.60862,62
1779907440,1.6086,1.60874,1.60857,1.60869,63
1779907500,1.60863,1.60867,1.60854,1.60854,63
1779907560,1.60855,1.60863,1.60854,1.60859,78
1779907620,1.60858,1.60867,1.60857,1.60861,76
1779907680,1.60867,1.6087,1.6086,1.6087,57
1779907860,1.60875,1.60877,1.60865,1.60865,61
1779907920,1.60866,1.60875,1.60861,1.60875,64
1779907980,1.60874,1.60874,1.60862,1.60867,77
1779908040,1.60867,1.60873,1.60866,1.60868,73
1779908160,1.60878,1.60881,1.6087,1.6087,48
1779908220,1.60869,1.60882,1.60869,1.6088,77
1779908280,1.60875,1.60883,1.6087,1.60879,87
1779908340,1.60874,1.60885,1.60869,1.60883,99
1779908400,1.60883,1.60894,1.60877,1.60879,101
1779908460,1.60883,1.60889,1.60866,1.60867,102
1779908520,1.60868,1.60882,1.60866,1.60874,76
1779908640,1.60879,1.60882,1.60876,1.60879,50
1779908760,1.6087,1.60877,1.60862,1.6087,75
1779908820,1.60856,1.60857,1.60842,1.60844,93
1779908940,1.60837,1.60842,1.60834,1.60835,53
1779909060,1.60837,1.60839,1.6083,1.60832,40
1779909120,1.60834,1.60838,1.6083,1.60832,50
1779909180,1.60838,1.60839,1.60819,1.60819,62
1779909240,1.60826,1.60837,1.6082,1.60832,59
1779909300,1.60839,1.60848,1.60838,1.60848,69
1779909360,1.60849,1.60858,1.60846,1.60851,74
1779909420,1.60852,1.60852,1.60845,1.60846,60
1779909480,1.60843,1.60849,1.60843,1.60849,36
1779909540,1.60856,1.60863,1.60852,1.6086,45
1779909660,1.60867,1.60869,1.60858,1.60869,58
1779909720,1.60869,1.60869,1.60859,1.60859,44
1779909780,1.60862,1.60869,1.60858,1.60867,64
1779909840,1.60869,1.60872,1.60866,1.60869,48
1779909960,1.60859,1.60862,1.60852,1.60853,72
1779910020,1.60851,1.60854,1.60844,1.60847,65
1779910080,1.6085,1.60855,1.60848,1.60849,73
1779910140,1.60851,1.60861,1.60846,1.60857,63
1779910200,1.60858,1.60861,1.60853,1.60859,70
1779910260,1.60858,1.60862,1.60855,1.60859,60
1779910320,1.60855,1.60855,1.60848,1.60852,46
1779910380,1.60856,1.60865,1.60856,1.60864,81
1779910440,1.60868,1.60871,1.60865,1.60866,75
1779910500,1.60866,1.60876,1.60864,1.60876,69
1779910620,1.60872,1.60877,1.6087,1.60874,46
1779910680,1.60871,1.60871,1.60868,1.6087,39
1779910740,1.60869,1.60869,1.60863,1.60864,62
1779910860,1.60854,1.60856,1.60846,1.60853,81
1779910980,1.60852,1.60852,1.60851,1.60851,8
1779911040,1.60862,1.60866,1.6086,1.60861,33
1779911100,1.60857,1.60865,1.60854,1.60863,53
1779911220,1.60867,1.60872,1.60864,1.60872,40
1779911280,1.60878,1.60879,1.60861,1.60865,54
1779911340,1.60862,1.60871,1.60859,1.60864,73
1779911460,1.60861,1.60868,1.60859,1.60868,37
1779911520,1.60871,1.60871,1.60858,1.60859,55
1779911580,1.60857,1.60859,1.60851,1.60852,29
1779911640,1.60856,1.60856,1.60848,1.60851,51
1779911700,1.60849,1.60849,1.60836,1.60842,73
1779911820,1.60838,1.60844,1.60822,1.60835,78
1779911880,1.60844,1.60844,1.60832,1.60836,71
1779911940,1.60829,1.60836,1.60825,1.60835,98
1779912000,1.60838,1.60848,1.60838,1.60841,116
1779912060,1.60842,1.60847,1.60838,1.60843,105
1779912240,1.60836,1.60836,1.6083,1.60833,29
1779912360,1.6084,1.6084,1.60831,1.60837,54
1779912420,1.60838,1.60853,1.60834,1.60852,41
1779912480,1.60855,1.60861,1.60854,1.60861,37
1779912540,1.60862,1.60867,1.60862,1.60865,39
1779912600,1.60864,1.60867,1.60863,1.60865,26
1779912660,1.60864,1.60869,1.60856,1.60857,43
1779912720,1.6086,1.60862,1.60858,1.60858,18
1779912780,1.60859,1.60859,1.60852,1.60854,35
1779912840,1.60855,1.60855,1.60848,1.6085,41
1779912900,1.60851,1.60856,1.6085,1.60856,48
1779912960,1.60853,1.60858,1.60847,1.60847,39
1779913080,1.60847,1.60851,1.60842,1.60845,37
1779913140,1.60844,1.60846,1.60841,1.60846,24
1779913200,1.60844,1.6085,1.60841,1.60849,63
1779913260,1.60848,1.60858,1.60848,1.60858,26
1779913320,1.60856,1.60857,1.6085,1.60852,36
1779913380,1.60851,1.60851,1.60837,1.60839,42
1779913440,1.60839,1.60846,1.60839,1.60843,25
1779913560,1.60845,1.60845,1.6084,1.60842,34
1779913620,1.60843,1.60846,1.6084,1.60846,22
1779913680,1.60847,1.60868,1.60845,1.60868,45
1779913740,1.60868,1.60868,1.60861,1.60862,37
1779913800,1.60862,1.60862,1.60854,1.60859,53
1779913860,1.60859,1.60877,1.60859,1.60876,54
1779913920,1.60876,1.6088,1.60876,1.6088,16
1779913980,1.6088,1.60881,1.60879,1.60881,5
1779914040,1.60881,1.60889,1.60881,1.60889,15
1779914160,1.60895,1.60905,1.60893,1.60905,53
1779914280,1.60907,1.60907,1.60904,1.60904,5
1779914340,1.60903,1.60903,1.60894,1.60895,33
1779914400,1.60889,1.609,1.60885,1.60899,29
1779914460,1.60897,1.60897,1.60896,1.60897,8
1779914520,1.60899,1.60907,1.60899,1.609,18
1779914580,1.60901,1.60916,1.60899,1.60916,39
1779914640,1.60916,1.60916,1.60906,1.60915,44
1779914700,1.60914,1.6092,1.60906,1.60907,57
1779914760,1.60906,1.60908,1.60903,1.60907,33
1779914820,1.60908,1.60908,1.60892,1.60896,54
1779914880,1.60895,1.60897,1.60892,1.60895,42
1779914940,1.60892,1.60898,1.60885,1.60898,35
1779915000,1.60895,1.60897,1.60886,1.6089,36
1779915120,1.60885,1.60886,1.60881,1.60883,21
1779915180,1.60889,1.60891,1.60881,1.60884,53
1779915240,1.60889,1.60891,1.60889,1.60891,24
1779915360,1.60896,1.60896,1.60886,1.60888,23
1779915420,1.60885,1.6089,1.60879,1.60882,44
1779915480,1.60885,1.60895,1.6088,1.60894,76
1779915720,1.60819,1.60819,1.60819,1.60819,2
1779916020,1.60851,1.60851,1.60851,1.60851,1
1779916080,1.60858,1.60858,1.60858,1.60858,2
1779916260,1.60866,1.60866,1.60866,1.60866,1
1779916320,1.60895,1.60898,1.60895,1.60896,11
1779916380,1.60897,1.60897,1.60897,1.60897,1
1779916440,1.60894,1.60894,1.60894,1.60894,2
1779916560,1.60899,1.60899,1.60891,1.60891,2
1779916620,1.6089,1.6089,1.60887,1.60887,3
1779916680,1.60898,1.60898,1.60894,1.60894,2
1779916740,1.60894,1.60894,1.60887,1.60887,2
1779916860,1.60891,1.60902,1.60891,1.60901,5
1779916920,1.60898,1.609,1.60882,1.60897,12
1779916980,1.60896,1.60896,1.60896,1.60896,2
1779917100,1.60843,1.60843,1.60843,1.60843,1
1779917160,1.60819,1.6082,1.60819,1.6082,8
1779917220,1.60879,1.60879,1.60872,1.60872,5
1779917280,1.60872,1.60883,1.60872,1.60883,3
1779917340,1.60872,1.60872,1.60872,1.60872,1
1779917400,1.60872,1.60906,1.60866,1.60878,30
1779917460,1.60872,1.60895,1.60872,1.60894,8
1779917520,1.60888,1.60902,1.60888,1.609,22
1779917580,1.60901,1.60908,1.60888,1.60898,14
1779917640,1.60894,1.60907,1.60871,1.6088,44
1779917700,1.60889,1.60915,1.60881,1.60895,28
1779917820,1.6088,1.60916,1.6088,1.60882,26
1779917880,1.60881,1.60901,1.60879,1.609,24
1779917940,1.60891,1.60891,1.60874,1.60883,27
1779918060,1.60885,1.60891,1.6087,1.60888,23
1779918120,1.60888,1.60893,1.60888,1.6089,13
1779918240,1.60884,1.60886,1.60884,1.60886,3
1779918300,1.60871,1.60898,1.60871,1.60877,84
1779918420,1.60892,1.60896,1.60891,1.60891,19
1779918480,1.60899,1.60928,1.60887,1.60909,67
1779918540,1.60898,1.60903,1.60872,1.60889,45
1779918660,1.60876,1.60892,1.60875,1.60885,33
1779918720,1.60893,1.60893,1.60869,1.60875,31
1779918780,1.60894,1.60894,1.60883,1.60887,4
1779918840,1.60873,1.60878,1.60843,1.60854,66
1779918900,1.60864,1.60869,1.60846,1.60869,58
1779918960,1.60862,1.60864,1.6083,1.60853,41
1779919020,1.60855,1.60873,1.6084,1.60864,39
1779919080,1.6087,1.60885,1.6087,1.60873,23
1779919140,1.60879,1.60898,1.60854,1.6089,47
1779919200,1.60936,1.60951,1.60929,1.60934,165
1779919260,1.60933,1.60933,1.6092,1.60927,86
1779919440,1.60908,1.60908,1.60908,1.60908,20
1779919500,1.60896,1.60903,1.60889,1.60901,34
1779919560,1.60901,1.60908,1.60896,1.60908,31
1779919620,1.60908,1.60908,1.60895,1.60895,11
1779919680,1.60896,1.60897,1.60896,1.60896,9
1779919740,1.60896,1.60903,1.60896,1.60896,28
1779919860,1.60892,1.60894,1.6089,1.60893,14
1779919920,1.60893,1.60904,1.60891,1.60904,29
1779919980,1.60902,1.60905,1.609,1.609,22
1779920040,1.60901,1.60905,1.60901,1.60904,25
1779920100,1.60903,1.60908,1.60903,1.60905,15
1779920280,1.60892,1.60899,1.60891,1.60896,17
1779920340,1.60896,1.60896,1.60889,1.60891,18
1779920460,1.60894,1.60897,1.60893,1.60896,34
1779920580,1.60893,1.60893,1.60893,1.60893,1
1779920640,1.60902,1.60904,1.60902,1.60904,5
1779920760,1.60896,1.609,1.60892,1.60898,29
1779920820,1.60899,1.60902,1.60898,1.60898,16
1779920880,1.60901,1.60901,1.60892,1.60892,43
1779920940,1.60889,1.60892,1.60889,1.60891,21
1779921000,1.6089,1.60891,1.60886,1.6089,32
1779921120,1.60893,1.60897,1.60891,1.60893,23
1779921180,1.60893,1.60902,1.60892,1.60901,23
1779921240,1.60902,1.60902,1.60901,1.60902,7
1779921360,1.60899,1.60905,1.60899,1.60905,11
1779921420,1.60902,1.60906,1.609,1.60906,20
1779921480,1.60901,1.60906,1.60901,1.60904,25
1779921540,1.60904,1.60906,1.60901,1.60904,27
1779921600,1.60903,1.60906,1.60899,1.60902,42
1779921660,1.60903,1.60903,1.60896,1.60899,10
1779921720,1.60897,1.60898,1.6089,1.6089,22
1779921780,1.6089,1.6089,1.60887,1.60889,13
1779921840,1.60892,1.60892,1.60878,1.60878,36
1779921900,1.60879,1.60881,1.60869,1.6087,35
1779921960,1.60868,1.6088,1.60868,1.60879,34
1779922020,1.60879,1.60882,1.60874,1.60879,31
1779922080,1.60877,1.6088,1.60875,1.60876,20
1779922140,1.60874,1.60877,1.60874,1.60875,15
1779922200,1.60877,1.60878,1.6087,1.60873,29
1779922260,1.60873,1.60881,1.60863,1.6088,50
1779922320,1.60879,1.60879,1.60869,1.6087,36
1779922380,1.60872,1.60874,1.60869,1.60872,35
1779922440,1.60872,1.60873,1.60869,1.60871,16
1779922560,1.60869,1.60872,1.60869,1.6087,19
1779922620,1.60873,1.60873,1.60869,1.6087,17
1779922680,1.6087,1.60873,1.6087,1.6087,26
1779922740,1.6087,1.60872,1.60869,1.60869,18
1779922800,1.60869,1.60877,1.60869,1.60872,53
1779922860,1.60873,1.60874,1.60872,1.60873,8
1779922920,1.60873,1.60879,1.60872,1.60874,15
1779923040,1.60877,1.60885,1.60876,1.60885,17
1779923100,1.60886,1.60886,1.60883,1.60885,15
1779923160,1.60886,1.60886,1.60882,1.60884,24
1779923220,1.60884,1.60884,1.60881,1.60881,21
1779923280,1.60884,1.60886,1.60883,1.60886,7
1779923340,1.60886,1.60887,1.60885,1.60885,15
1779923400,1.60882,1.60886,1.60882,1.60883,29
1779923460,1.60885,1.60891,1.60883,1.60883,35
1779923520,1.60885,1.60886,1.60883,1.60885,15
1779923580,1.60886,1.60895,1.60885,1.60895,17
1779923640,1.6089,1.6089,1.60888,1.60889,13
1779923700,1.60893,1.60895,1.60888,1.60889,30
1779923760,1.60891,1.60896,1.60884,1.60894,60
1779923820,1.60895,1.60898,1.6089,1.60892,46
1779923880,1.6089,1.60894,1.6089,1.60892,24
1779923940,1.6089,1.60893,1.60885,1.60887,36
1779924000,1.60887,1.60887,1.60879,1.6088,60
1779924060,1.6088,1.6088,1.60849,1.60854,88
1779924120,1.60853,1.60858,1.60848,1.60857,56
1779924180,1.60854,1.60864,1.60852,1.60861,56
1779924240,1.60861,1.60864,1.60857,1.60859,65
1779924420,1.60857,1.60864,1.60857,1.60859,43
1779924480,1.60854,1.60859,1.6085,1.60857,40
1779924540,1.60857,1.60861,1.60848,1.60849,35
1779924600,1.60849,1.60853,1.60841,1.60842,75
1779924780,1.60855,1.60859,1.60849,1.60849,58
1779924840,1.60857,1.60863,1.60855,1.60863,40
1779924960,1.60855,1.60861,1.60852,1.60861,49
1779925020,1.60855,1.60858,1.60854,1.60855,18
1779925140,1.60856,1.6086,1.60854,1.60856,17
1779925260,1.60849,1.60853,1.60849,1.60851,32
1779925320,1.60851,1.60855,1.6085,1.6085,21
1779925380,1.60851,1.60856,1.6085,1.60856,31
1779925440,1.60855,1.60861,1.60855,1.60857,51
1779925500,1.60858,1.60861,1.6085,1.60854,70
1779925620,1.60852,1.60855,1.60849,1.60855,31
1779925680,1.60851,1.60854,1.60849,1.60849,38
1779925740,1.6085,1.6085,1.60846,1.60847,19
1779925860,1.60847,1.60849,1.60807,1.60808,63
1779925920,1.60802,1.60815,1.60799,1.60805,86
1779925980,1.60804,1.6081,1.60802,1.60809,62
1779926040,1.60811,1.60815,1.60809,1.60813,63
1779926100,1.60813,1.60819,1.60811,1.60815,74
1779926160,1.60816,1.60825,1.60815,1.60822,36
1779926220,1.6082,1.60826,1.60819,1.6082,46
1779926280,1.60819,1.60821,1.60816,1.60818,37
1779926340,1.60818,1.60823,1.60816,1.60819,53
1779926400,1.60817,1.60822,1.6081,1.60819,147
1779926460,1.60821,1.60835,1.60818,1.60834,128
1779926520,1.60836,1.60855,1.60834,1.60852,114
1779926580,1.60856,1.60869,1.60852,1.60869,139
1779926640,1.60866,1.60873,1.60864,1.60871,92
1779926700,1.60884,1.60894,1.60882,1.60888,93
1779926760,1.60889,1.60893,1.60877,1.60888,86
1779926820,1.60886,1.60896,1.60885,1.6089,105
1779926880,1.60889,1.60896,1.60888,1.60893,91
1779926940,1.60891,1.60898,1.60891,1.60897,88
1779927060,1.60897,1.60899,1.60893,1.60896,41
1779927120,1.60894,1.60899,1.60894,1.60897,38
1779927180,1.60897,1.60899,1.60892,1.60896,68
1779927240,1.60897,1.60902,1.60895,1.60902,79
1779927300,1.60903,1.60904,1.60893,1.609,92
1779927360,1.60899,1.60902,1.6089,1.60894,83
1779927420,1.60893,1.60894,1.60884,1.60886,95
1779927480,1.60887,1.60896,1.60885,1.60894,70
1779927540,1.60901,1.60902,1.6089,1.60891,64
1779927660,1.60904,1.60904,1.60898,1.60901,62
1779927720,1.60904,1.60904,1.60897,1.609,70
1779927780,1.60898,1.60903,1.60895,1.60896,78
1779927840,1.60897,1.60901,1.60889,1.60895,91
1779927900,1.60894,1.60896,1.60883,1.60894,173
1779927960,1.60898,1.609,1.60893,1.60897,81
1779928020,1.60902,1.60904,1.60898,1.60904,69
1779928080,1.60903,1.60909,1.60903,1.60908,62
1779928140,1.60912,1.60916,1.60908,1.60913,68
1779928200,1.60908,1.60914,1.60899,1.60899,134
1779928260,1.60903,1.60903,1.60887,1.60893,150
1779928380,1.60889,1.60893,1.60886,1.60888,89
1779928440,1.60888,1.60888,1.60879,1.6088,72
1779928500,1.60875,1.60885,1.60875,1.60876,85
1779928560,1.60877,1.60883,1.60875,1.60876,77
1779928620,1.60871,1.60879,1.60871,1.60875,48
1779928680,1.60876,1.60878,1.60872,1.60877,47
1779928740,1.60876,1.60879,1.60873,1.60875,45
1779928860,1.6087,1.60871,1.60868,1.6087,38
1779928920,1.60874,1.60879,1.60871,1.60877,61
1779928980,1.60876,1.60882,1.60873,1.6088,87
1779929040,1.6088,1.60888,1.60874,1.60881,60
1779929100,1.60885,1.60889,1.6088,1.60887,99
1779929220,1.60892,1.60894,1.6089,1.6089,50
1779929280,1.60894,1.60898,1.60889,1.60891,49
1779929340,1.6089,1.60893,1.60885,1.60885,56
1779929520,1.60878,1.60885,1.60878,1.6088,54
1779929580,1.60883,1.60884,1.60874,1.60876,61
1779929640,1.60875,1.60881,1.6087,1.6087,101
1779929700,1.60866,1.60874,1.60864,1.60873,107
1779929760,1.6087,1.60873,1.60866,1.60868,77
1779929880,1.60875,1.60883,1.60871,1.60882,83
1779929940,1.60903,1.60911,1.60902,1.60905,70
1779930000,1.60897,1.60903,1.60894,1.60896,104
1779930060,1.60891,1.60893,1.60882,1.60885,90
1779930120,1.60884,1.60886,1.60875,1.60883,116
1779930180,1.60882,1.60891,1.60879,1.60885,77
1779930360,1.60879,1.60888,1.60878,1.60886,97
1779930420,1.60889,1.60893,1.60885,1.60886,96
1779930480,1.60886,1.60893,1.60883,1.60887,75
1779930540,1.60886,1.60888,1.60884,1.60885,77
1779930600,1.60885,1.60898,1.60885,1.60894,104
1779930660,1.60894,1.609,1.60894,1.60899,51
1779930720,1.60896,1.609,1.60896,1.60896,63
1779930780,1.60895,1.60902,1.60894,1.60901,62
1779930840,1.60901,1.60904,1.60898,1.60899,76
1779930900,1.60897,1.60899,1.60883,1.60889,119
1779930960,1.60889,1.60893,1.60889,1.6089,85
1779931080,1.60893,1.60894,1.60887,1.60891,64
1779931140,1.60887,1.60892,1.60884,1.60887,69
1779931200,1.60889,1.6089,1.6088,1.60882,81
1779931260,1.60881,1.60892,1.60881,1.6089,97
1779931320,1.6089,1.60891,1.60884,1.60891,100
1779931380,1.6089,1.60895,1.6089,1.60893,54
1779931440,1.60895,1.60902,1.60893,1.60902,43
1779931560,1.609,1.60904,1.60895,1.60895,67
1779931620,1.60896,1.609,1.60893,1.60896,94
1779931680,1.60895,1.609,1.60894,1.60897,78
1779931740,1.609,1.60902,1.6089,1.60891,80
1779931800,1.60892,1.60897,1.60888,1.60894,69
1779931920,1.60899,1.60899,1.60878,1.60878,80
1779931980,1.60879,1.60892,1.60879,1.60891,105
1779932040,1.6088,1.60887,1.6088,1.6088,92
1779932160,1.60879,1.60882,1.60877,1.60878,70
1779932220,1.60881,1.60884,1.60878,1.60882,54
1779932280,1.60886,1.60888,1.6088,1.60882,65
1779932340,1.60887,1.60888,1.60881,1.60885,52
1779932400,1.60885,1.60885,1.60876,1.60879,93
1779932520,1.60871,1.60874,1.60868,1.60868,52
1779932580,1.60868,1.60873,1.60867,1.60871,58
1779932640,1.60868,1.6087,1.60866,1.60867,34
1779932700,1.60868,1.60873,1.60828,1.60836,80
1779932760,1.60836,1.60845,1.60834,1.60843,88
1779932820,1.60844,1.60848,1.60837,1.60843,64
1779932880,1.60843,1.60849,1.60836,1.60838,87
1779932940,1.60839,1.60841,1.60836,1.60838,36
1779933000,1.60836,1.60838,1.60825,1.60829,91
1779933060,1.60829,1.60829,1.60823,1.60824,51
1779933120,1.60823,1.60826,1.60821,1.60823,62
1779933180,1.60831,1.60835,1.6083,1.60832,73
1779933240,1.60831,1.60834,1.60816,1.6082,87
1779933360,1.60816,1.60818,1.60805,1.60807,66
1779933420,1.60801,1.60809,1.60799,1.60804,49
1779933480,1.608,1.60809,1.608,1.60807,49
1779933540,1.60819,1.60825,1.60815,1.60819,92
1779933600,1.60821,1.60833,1.6082,1.60829,122
1779933660,1.60827,1.60831,1.6082,1.60823,128
1779933720,1.6082,1.60824,1.60809,1.60815,113
1779933840,1.60816,1.60823,1.60814,1.60819,67
1779933960,1.60816,1.60825,1.60815,1.60822,88
1779934020,1.60825,1.60829,1.6082,1.60825,84
1779934140,1.60833,1.60841,1.60833,1.60837,36
1779934260,1.60833,1.60844,1.60832,1.60843,76
1779934320,1.60849,1.60855,1.60847,1.60848,55
1779934380,1.60846,1.6085,1.60845,1.60847,73
1779934440,1.60847,1.60851,1.60843,1.60851,56
1779934500,1.60852,1.60854,1.60847,1.60848,48
1779934620,1.60847,1.60848,1.60844,1.60846,61
1779934680,1.60846,1.60851,1.60844,1.6085,50
1779934740,1.60851,1.60854,1.60847,1.60852,59
1779934860,1.60856,1.60857,1.60851,1.60854,74
1779934980,1.60857,1.60857,1.60857,1.60857,1
1779935040,1.60859,1.60867,1.60859,1.60865,52
1779935100,1.60872,1.60872,1.60862,1.60865,70
1779935160,1.60864,1.60865,1.60859,1.60863,52
1779935220,1.60863,1.60865,1.6086,1.60864,59
1779935340,1.60861,1.60864,1.60861,1.60863,28
1779935400,1.60861,1.60873,1.6086,1.60866,72
1779935460,1.60868,1.60875,1.60865,1.60873,63
1779935520,1.60876,1.60877,1.60873,1.60876,45
1779935580,1.60874,1.60878,1.6087,1.60873,76
1779935640,1.60876,1.60876,1.6087,1.60873,72
1779935700,1.60874,1.60875,1.60869,1.60872,60
1779935820,1.60866,1.60866,1.60862,1.60864,27
1779935880,1.60862,1.60862,1.60854,1.60854,28
1779935940,1.60853,1.60861,1.60853,1.60858,50
1779936060,1.60863,1.60863,1.60853,1.60855,82
1779936180,1.60853,1.6086,1.60853,1.60857,51
1779936240,1.60852,1.60856,1.60851,1.60855,54
1779936300,1.60855,1.60857,1.6085,1.60852,117
1779936420,1.60845,1.60847,1.60833,1.60833,86
1779936480,1.60834,1.6084,1.60832,1.6084,61
1779936540,1.60839,1.60843,1.60837,1.60838,90
1779936660,1.60841,1.60841,1.60835,1.60839,40
1779936720,1.60836,1.60842,1.60833,1.60835,56
1779936780,1.60832,1.60833,1.60828,1.60832,59
1779936840,1.60834,1.60847,1.60834,1.60845,71
1779936900,1.60842,1.60847,1.60835,1.60837,90
1779937020,1.60826,1.60835,1.60824,1.60835,53
1779937080,1.6084,1.60847,1.60839,1.60846,52
1779937140,1.60847,1.60847,1.60839,1.60845,59
1779937200,1.60842,1.60843,1.60835,1.60837,117
1779937260,1.60838,1.6084,1.60828,1.60832,99
1779937440,1.60841,1.60841,1.60833,1.60834,42
1779937500,1.60835,1.60839,1.60827,1.60831,83
1779937560,1.60833,1.60833,1.60827,1.60831,50
1779937620,1.60832,1.60834,1.60829,1.60833,69
1779937740,1.60823,1.60824,1.60816,1.60816,37
1779937860,1.60791,1.60797,1.60785,1.60786,67
1779937920,1.60781,1.60786,1.60776,1.60785,75
1779937980,1.60773,1.60777,1.60771,1.60773,97
1779938040,1.60773,1.60773,1.60758,1.60759,99
1779938100,1.60758,1.60774,1.60755,1.60766,108
1779938160,1.60765,1.60772,1.60765,1.60771,104
1779938220,1.60769,1.60775,1.6076,1.60761,77
1779938280,1.60758,1.60763,1.60754,1.6076,98
1779938340,1.60756,1.60771,1.60756,1.60764,128
1779938400,1.60768,1.60777,1.60766,1.60768,120
1779938520,1.60773,1.60774,1.60761,1.60766,65
1779938580,1.60763,1.60767,1.60761,1.60761,76
1779938640,1.60759,1.60765,1.60758,1.60762,68
1779938760,1.60769,1.60772,1.60766,1.60766,78
1779938880,1.60759,1.60759,1.60759,1.60759,1
1779938940,1.60767,1.60767,1.60742,1.60744,53
1779939000,1.60735,1.60744,1.60729,1.60739,160
1779939120,1.60735,1.60735,1.60698,1.60709,127
1779939180,1.60708,1.60722,1.607,1.6072,126
1779939240,1.60721,1.60742,1.6072,1.60739,135
1779939360,1.6076,1.60768,1.60756,1.60768,107
1779939420,1.6078,1.60785,1.60767,1.60771,95
1779939480,1.60763,1.60777,1.60759,1.60775,91
1779939540,1.60774,1.6078,1.60766,1.60779,113
1779939600,1.60773,1.60797,1.60773,1.60787,142
1779939720,1.60771,1.60778,1.6077,1.60773,63
1779939780,1.60762,1.60767,1.60751,1.60755,80
1779939840,1.60758,1.60758,1.60745,1.60748,105
1779939900,1.60749,1.60752,1.60744,1.60749,104
1779939960,1.60746,1.60751,1.60739,1.60748,126
1779940080,1.60733,1.60734,1.60728,1.60731,54
1779940140,1.60723,1.60734,1.60722,1.60732,79
1779940200,1.60741,1.60741,1.60717,1.60727,117
1779940260,1.60727,1.60733,1.60724,1.60727,97
1779940320,1.60715,1.60719,1.60705,1.60705,81
1779940380,1.60706,1.60713,1.60701,1.60713,75
1779940440,1.60715,1.60715,1.60704,1.60706,89
1779940560,1.60692,1.60693,1.60682,1.60686,58
1779940620,1.60683,1.6069,1.60679,1.6069,72
1779940680,1.60687,1.607,1.60685,1.60691,81
1779940740,1.60688,1.6069,1.60677,1.60681,98
1779940800,1.60682,1.60694,1.60681,1.60694,103
1779940860,1.60691,1.60699,1.60677,1.60679,127
1779940920,1.6068,1.60686,1.60678,1.60686,107
1779940980,1.60683,1.60693,1.60682,1.60688,85
1779941040,1.60685,1.60692,1.60678,1.60691,70
1779941160,1.60674,1.60682,1.60672,1.60678,78
1779941280,1.60684,1.60692,1.60681,1.60687,52
1779941340,1.60688,1.60696,1.60685,1.60692,84
1779941460,1.60695,1.607,1.6068,1.60681,87
1779941520,1.6068,1.60687,1.60675,1.60682,80
1779941580,1.60681,1.60693,1.6068,1.60689,78
1779941640,1.60689,1.60704,1.60687,1.60703,84
1779941820,1.60689,1.60694,1.60687,1.60694,57
1779941880,1.60691,1.607,1.60679,1.60682,84
1779941940,1.60684,1.60684,1.60669,1.6067,96
1779942060,1.60667,1.60674,1.60664,1.60669,113
1779942180,1.60663,1.60667,1.60657,1.60659,51
1779942240,1.60662,1.60667,1.60661,1.60665,66
1779942300,1.60661,1.60668,1.60661,1.60662,65
1779942360,1.60664,1.60664,1.60658,1.60658,74
1779942420,1.60665,1.6067,1.60661,1.60662,83
1779942540,1.60666,1.60666,1.60658,1.60658,27
1779942600,1.60656,1.6066,1.60652,1.60653,63
1779942660,1.60651,1.60661,1.60651,1.6066,88
1779942720,1.60659,1.60663,1.60655,1.60662,68
1779942780,1.60656,1.60662,1.60654,1.60656,72
1779942840,1.60651,1.60653,1.60645,1.60648,92
1779942900,1.6065,1.60651,1.60631,1.60636,96
1779942960,1.60638,1.60657,1.60635,1.60657,57
1779943020,1.60655,1.60655,1.60639,1.60642,49
1779943080,1.60647,1.60648,1.60643,1.60648,38
1779943140,1.60647,1.60653,1.60647,1.60653,40
1779943260,1.60658,1.60659,1.60653,1.60653,52
1779943320,1.60653,1.6066,1.60653,1.60654,70
1779943380,1.60654,1.6066,1.6065,1.60657,79
1779943440,1.60657,1.60659,1.60655,1.60658,38
1779943500,1.60663,1.60668,1.6066,1.60662,59
1779943620,1.60651,1.60655,1.60651,1.60653,35
1779943680,1.60656,1.60656,1.6065,1.60652,38
1779943740,1.60651,1.60656,1.60647,1.60653,50
1779943860,1.60649,1.60657,1.60646,1.60653,38
1779943920,1.60653,1.60654,1.60649,1.6065,31
1779943980,1.60649,1.60651,1.60645,1.60646,66
1779944040,1.60648,1.60655,1.60648,1.60655,49
1779944100,1.60653,1.60661,1.60651,1.6066,63
1779944220,1.6066,1.60661,1.60657,1.60659,27
1779944280,1.60655,1.60665,1.60655,1.60661,74
1779944340,1.60658,1.60661,1.60657,1.60659,35
1779944400,1.60659,1.60674,1.60659,1.60664,111
1779944460,1.60665,1.60673,1.60663,1.60669,79
1779944520,1.60668,1.6067,1.60665,1.60666,68
1779944580,1.60667,1.60677,1.60663,1.60675,72
1779944640,1.60668,1.60676,1.60668,1.60669,69
1779944700,1.60671,1.6068,1.60667,1.6068,65
1779944760,1.60678,1.60685,1.60677,1.60684,48
1779944820,1.60685,1.60688,1.60681,1.60686,87
1779944880,1.60686,1.60693,1.60668,1.6067,76
1779944940,1.60672,1.60678,1.60666,1.60674,67
1779945060,1.60649,1.60651,1.60647,1.6065,43
1779945120,1.60649,1.60657,1.60646,1.6065,68
1779945180,1.60653,1.60657,1.60645,1.60648,78
1779945240,1.60655,1.60658,1.6065,1.60654,86
1779945300,1.60651,1.60655,1.60648,1.60651,61
1779945420,1.60651,1.60664,1.60651,1.60662,48
1779945480,1.60663,1.60663,1.60656,1.60658,35
1779945540,1.60658,1.60659,1.60646,1.60649,58
1779945660,1.60659,1.60667,1.60658,1.60666,41
1779945720,1.60667,1.60668,1.60659,1.60667,32
1779945780,1.60671,1.60684,1.60671,1.60682,44
1779945840,1.60681,1.60686,1.60678,1.60679,80
1779945900,1.60683,1.60687,1.60676,1.60679,77
1779945960,1.6068,1.60696,1.60676,1.60694,120
1779946020,1.60692,1.60699,1.60685,1.6069,95
1779946080,1.60691,1.60698,1.60688,1.60695,76
1779946140,1.60694,1.607,1.60689,1.60691,99
1779946200,1.6069,1.60709,1.60689,1.60704,138
1779946260,1.60703,1.60704,1.60693,1.60695,121
1779946320,1.60694,1.607,1.6069,1.60696,86
1779946380,1.60697,1.60698,1.60684,1.6069,110
1779946440,1.60687,1.607,1.60687,1.60693,96
1779946500,1.60693,1.60703,1.60691,1.60695,105
1779946560,1.60694,1.60704,1.60692,1.60697,97
1779946620,1.60699,1.60702,1.60688,1.60689,102
1779946680,1.6069,1.60695,1.60688,1.60693,81
1779946740,1.6069,1.60708,1.6069,1.60708,97
1779946800,1.60707,1.60714,1.607,1.6071,100
1779946860,1.6071,1.60722,1.60708,1.60721,90
1779946920,1.60721,1.60728,1.60717,1.60719,95
1779946980,1.6072,1.60723,1.60715,1.60721,100
1779947040,1.6072,1.6073,1.6072,1.60728,92
1779947100,1.60727,1.6074,1.60726,1.6074,67
1779947160,1.60737,1.60737,1.60729,1.6073,86
1779947220,1.60731,1.60737,1.6073,1.60736,61
1779947280,1.60732,1.60733,1.60728,1.60729,73
1779947340,1.60727,1.60727,1.60721,1.60723,75
1779947400,1.60725,1.60727,1.60717,1.60726,75
1779947460,1.60724,1.60733,1.60723,1.60728,87
1779947520,1.60732,1.60738,1.60728,1.60732,96
1779947580,1.60731,1.60736,1.60727,1.60732,74
1779947640,1.60733,1.60733,1.60724,1.60732,80
1779947700,1.6073,1.60735,1.60725,1.60725,83
1779947760,1.60726,1.60736,1.60723,1.60736,67
1779947820,1.60733,1.60738,1.60725,1.60727,77
1779947880,1.60728,1.60736,1.60727,1.60736,78
1779947940,1.60737,1.60737,1.6072,1.60723,66
1779948000,1.60721,1.60738,1.60715,1.60723,161
1779948060,1.60722,1.60728,1.60712,1.60719,118
1779948120,1.60718,1.60719,1.60702,1.60705,89
1779948180,1.60705,1.60718,1.60703,1.60714,119
1779948240,1.60717,1.60722,1.60706,1.60708,82
1779948300,1.60707,1.60713,1.60697,1.60709,121
1779948360,1.60716,1.60716,1.6071,1.60714,62
1779948420,1.60718,1.60734,1.60718,1.60731,81
1779948480,1.60728,1.6073,1.60723,1.60723,73
1779948540,1.60726,1.6073,1.60723,1.60728,66
1779948660,1.60729,1.60736,1.60727,1.60731,60
1779948720,1.60729,1.60735,1.60723,1.60723,71
1779948780,1.60728,1.60755,1.60728,1.60751,108
1779948840,1.60748,1.60756,1.6074,1.60754,84
1779948900,1.60754,1.60768,1.60753,1.60765,114
1779949080,1.60766,1.60766,1.60756,1.60758,54
1779949140,1.60755,1.60778,1.60754,1.60778,70
1779949260,1.60784,1.60784,1.6077,1.60776,58
1779949320,1.60774,1.60778,1.6077,1.60775,115
1779949380,1.60773,1.60781,1.60772,1.60779,93
1779949560,1.60791,1.60791,1.6078,1.60785,75
1779949620,1.60783,1.60796,1.60783,1.60788,80
1779949680,1.60791,1.60794,1.60783,1.60788,68
1779949740,1.6078,1.60781,1.60772,1.60774,97
1779949800,1.60775,1.60778,1.60764,1.60771,113
1779949860,1.60769,1.6077,1.60762,1.60764,108
1779949920,1.60765,1.6079,1.60761,1.60783,119
1779949980,1.60784,1.60789,1.60781,1.60789,79
1779950040,1.60785,1.60787,1.60777,1.60786,78
1779950160,1.60788,1.60806,1.60788,1.60805,71
1779950220,1.60796,1.60807,1.60794,1.608,98
1779950280,1.60801,1.60807,1.60798,1.60805,70
1779950340,1.60805,1.60813,1.60802,1.60803,73
1779950400,1.60801,1.60804,1.60789,1.60791,90
1779950460,1.60791,1.60794,1.60787,1.6079,52
1779950520,1.60784,1.60784,1.60759,1.60765,75
1779950580,1.60764,1.60775,1.60764,1.60774,70
1779950640,1.60775,1.60785,1.60766,1.60778,88
1779950700,1.60779,1.60779,1.60764,1.6077,84
1779950760,1.60769,1.60774,1.60767,1.60771,72
1779950820,1.60771,1.6078,1.60769,1.60777,49
1779950880,1.60768,1.60774,1.60764,1.60773,69
1779950940,1.60771,1.60778,1.6077,1.60776,47
1779951000,1.60782,1.60782,1.60769,1.60771,53
1779951120,1.60777,1.60795,1.60777,1.60793,89
1779951180,1.60793,1.60793,1.6078,1.60781,88
1779951240,1.60783,1.6079,1.60781,1.60789,105
1779951360,1.6079,1.60807,1.6079,1.60806,81
1779951420,1.60813,1.60813,1.60802,1.60808,71
1779951480,1.60815,1.60815,1.60802,1.60805,105
1779951540,1.60793,1.60805,1.60792,1.60799,87
1779951600,1.60803,1.60822,1.60803,1.60813,144
1779951780,1.60813,1.60821,1.60808,1.6081,92
1779951840,1.60815,1.60818,1.60807,1.60818,88
1779951960,1.60804,1.60818,1.608,1.60807,114
1779952080,1.60814,1.60825,1.60811,1.60823,71
1779952140,1.60824,1.60829,1.60819,1.60828,95
1779952260,1.60822,1.60839,1.6082,1.60836,120
1779952320,1.60831,1.6084,1.6083,1.60835,142
1779952440,1.60827,1.60837,1.60827,1.60836,54
1779952620,1.60798,1.60813,1.60798,1.60812,93
1779952680,1.60811,1.60819,1.6081,1.60811,103
1779952740,1.60811,1.60813,1.60801,1.60804,122
1779952800,1.60809,1.60812,1.60798,1.60801,133
1779952920,1.60795,1.60802,1.60793,1.60802,73
1779952980,1.6079,1.60805,1.6079,1.60802,109
1779953040,1.60814,1.60816,1.60804,1.60804,100
1779953100,1.60804,1.60814,1.60803,1.6081,113
1779953160,1.6081,1.60825,1.60807,1.60823,94
1779953220,1.60823,1.60836,1.6082,1.60831,106
1779953280,1.60832,1.60837,1.60829,1.60831,98
1779953340,1.60831,1.60848,1.60831,1.60848,114
1779953400,1.6085,1.6086,1.60848,1.60857,106
1779953460,1.60856,1.60862,1.60848,1.60853,100
1779953520,1.60853,1.60857,1.60845,1.60845,96
1779953580,1.60845,1.60858,1.60843,1.60849,99
1779953640,1.60849,1.60861,1.60844,1.60858,97
1779953700,1.60858,1.60868,1.60857,1.60865,97
1779953760,1.60864,1.60865,1.60849,1.60861,109
1779953820,1.60858,1.60875,1.60858,1.60867,95
1779953880,1.60867,1.60873,1.60862,1.60867,123
1779953940,1.60868,1.6087,1.60857,1.60866,115
1779954000,1.60867,1.60873,1.60863,1.60868,107
1779954060,1.60867,1.6087,1.60865,1.60867,63
1779954120,1.60867,1.60869,1.60858,1.60866,73
1779954180,1.60865,1.60866,1.60859,1.60866,80
1779954240,1.60867,1.60871,1.60859,1.60864,68
1779954300,1.60861,1.60862,1.60839,1.60842,124
1779954360,1.60843,1.60849,1.60834,1.60841,116
1779954480,1.60837,1.60854,1.60837,1.60854,78
1779954540,1.60853,1.60857,1.60847,1.60851,92
1779954600,1.60855,1.60859,1.60847,1.60847,99
1779954660,1.60848,1.60859,1.60846,1.60849,83
1779954720,1.60847,1.60857,1.60841,1.60857,88
1779954840,1.60858,1.60862,1.60855,1.6086,33
1779954960,1.60854,1.60856,1.60844,1.60851,67
1779955020,1.60853,1.60861,1.60853,1.60859,56
1779955080,1.60857,1.60858,1.60849,1.60851,52
1779955140,1.60851,1.6086,1.60848,1.6086,82
1779955200,1.60863,1.6088,1.60858,1.60871,167
1779955380,1.60873,1.60877,1.60871,1.60871,63
1779955440,1.60871,1.60879,1.60866,1.60875,96
1779955560,1.60887,1.60887,1.60872,1.60873,124
1779955680,1.60873,1.60877,1.60868,1.60874,76
1779955740,1.60866,1.60868,1.60861,1.60861,71
1779955860,1.60863,1.60865,1.60854,1.60862,88
1779955920,1.60862,1.60866,1.60849,1.60851,99
1779955980,1.60849,1.60856,1.60848,1.6085,96
1779956040,1.6085,1.60852,1.60834,1.60851,109
1779956100,1.60852,1.60852,1.60835,1.60838,119
1779956220,1.60837,1.60847,1.60837,1.60847,72
1779956280,1.60854,1.60857,1.60846,1.60856,105
1779956340,1.60852,1.6087,1.60852,1.60864,96
1779956400,1.60864,1.60882,1.60861,1.60877,109
1779956460,1.60876,1.60897,1.60876,1.60897,99
1779956520,1.60899,1.60906,1.60896,1.60901,131
1779956580,1.609,1.60909,1.60897,1.60906,138
1779956640,1.60905,1.60908,1.60901,1.60907,73
1779956700,1.60905,1.60911,1.60899,1.60904,90
1779956760,1.60902,1.60906,1.60897,1.60897,85
1779956820,1.60897,1.609,1.60893,1.60896,104
1779956880,1.6089,1.60896,1.60874,1.60879,112
1779956940,1.60879,1.60892,1.60878,1.60885,143
1779957000,1.6089,1.60897,1.60881,1.60897,124
1779957060,1.60896,1.60903,1.60896,1.60901,91
1779957120,1.609,1.60917,1.60898,1.60906,112
1779957180,1.60901,1.60907,1.60892,1.60907,72
1779957240,1.60906,1.60921,1.60906,1.6092,96
1779957300,1.60922,1.60936,1.60916,1.60916,98
1779957360,1.60918,1.60921,1.60912,1.60912,90
1779957420,1.60912,1.60921,1.60911,1.6092,72
1779957480,1.6092,1.60932,1.60917,1.60929,96
1779957540,1.60929,1.60934,1.60924,1.60931,83
1779957600,1.60932,1.60932,1.6092,1.60927,93
1779957660,1.60927,1.6093,1.60914,1.60919,103
1779957720,1.60921,1.60922,1.6091,1.60911,73
1779957840,1.60911,1.60929,1.60911,1.60929,58
1779957900,1.60925,1.60929,1.60911,1.60921,97
1779957960,1.60921,1.60924,1.60914,1.60914,66
1779958020,1.60915,1.60924,1.60915,1.60921,67
1779958080,1.60922,1.60923,1.60908,1.60913,80
1779958140,1.60911,1.60936,1.60911,1.60935,96
1779958200,1.60934,1.60938,1.60932,1.60938,63
1779958260,1.60939,1.60946,1.60935,1.60944,115
1779958320,1.60943,1.60961,1.60943,1.60957,98
1779958380,1.60957,1.60957,1.60934,1.60937,91
1779958440,1.60939,1.60952,1.6093,1.60931,112
1779958500,1.6093,1.60933,1.6092,1.60927,82
1779958560,1.60926,1.60956,1.60924,1.60955,100
1779958620,1.60957,1.60971,1.60954,1.60968,78
1779958680,1.60968,1.60973,1.60966,1.60972,75
1779958740,1.60973,1.60988,1.60971,1.60986,66
1779958800,1.60973,1.60979,1.60969,1.60975,98
1779958860,1.60976,1.60976,1.60958,1.60968,87
1779958920,1.60966,1.60976,1.60959,1.60971,138
1779958980,1.60973,1.60988,1.60973,1.60985,91
1779959040,1.60987,1.60988,1.60972,1.60976,100
1779959160,1.60988,1.60993,1.6098,1.60981,67
1779959220,1.60986,1.60988,1.60976,1.60979,105
1779959280,1.6098,1.60981,1.60956,1.60958,114
1779959340,1.60968,1.60979,1.60964,1.60978,89
1779959400,1.6098,1.60983,1.60964,1.60966,83
1779959520,1.6098,1.60983,1.60975,1.60975,52
1779959580,1.60975,1.60982,1.60968,1.60979,95
1779959640,1.60984,1.60993,1.60984,1.60989,78
1779959700,1.60995,1.60996,1.60986,1.60988,81
1779959760,1.60986,1.60995,1.60986,1.6099,101
1779959880,1.6099,1.60993,1.60986,1.60986,64
1779959940,1.60974,1.60976,1.60962,1.60962,61
1779960000,1.60954,1.60962,1.60952,1.60959,103
1779960060,1.60957,1.60964,1.60955,1.60957,70
1779960120,1.60954,1.60971,1.60952,1.6097,82
1779960180,1.60965,1.60966,1.60957,1.6096,80
1779960240,1.60963,1.60965,1.60959,1.6096,95
1779960360,1.60969,1.60976,1.60963,1.60973,83
1779960420,1.6098,1.60983,1.60971,1.60973,70
1779960480,1.60969,1.60973,1.60963,1.60966,90
1779960540,1.6097,1.60972,1.60963,1.60968,84
1779960840,1.60947,1.6095,1.60947,1.60947,12
1779960900,1.60961,1.60964,1.60953,1.6096,89
1779961020,1.60962,1.60975,1.6096,1.60973,74
1779961080,1.6097,1.60973,1.60966,1.60968,128
1779961140,1.6097,1.6098,1.60969,1.60976,106
1779961260,1.60988,1.61,1.60987,1.61,84
1779961320,1.60994,1.60996,1.6099,1.60993,84
1779961380,1.60995,1.60995,1.60985,1.60986,76
1779961440,1.60992,1.61005,1.60988,1.61005,134
1779961500,1.61004,1.61009,1.60999,1.61006,104
1779961560,1.61006,1.61015,1.61006,1.61006,65
1779961620,1.61008,1.61009,1.60999,1.61006,109
1779961680,1.61006,1.61016,1.61002,1.61012,66
1779961740,1.61007,1.61007,1.60998,1.61004,79
1779961800,1.61006,1.61026,1.61006,1.61011,117
1779961860,1.61014,1.61021,1.61014,1.61019,103
1779961920,1.61018,1.61026,1.61013,1.61025,71
1779961980,1.61046,1.61046,1.61032,1.61034,60
1779962040,1.6103,1.61035,1.61025,1.61035,78
1779962100,1.61027,1.61036,1.61022,1.61026,98
1779962160,1.61027,1.61031,1.61022,1.61022,63
1779962220,1.61023,1.61036,1.61021,1.6103,125
1779962340,1.61027,1.61032,1.61016,1.61017,72
1779962400,1.61003,1.61012,1.60997,1.61012,107
1779962460,1.61014,1.61021,1.61007,1.61015,107
1779962580,1.61026,1.6104,1.61023,1.6104,88
1779962640,1.61036,1.61039,1.61025,1.61029,147
1779962700,1.61025,1.61027,1.61011,1.61013,111
1779962760,1.61011,1.61014,1.60999,1.61008,75
1779962820,1.61005,1.61006,1.60995,1.60997,55
