time,open,high,low,close,volume
1779483360,1.16014,1.16019,1.16011,1.16016,68
1779656460,1.16372,1.16372,1.16294,1.16294,42
1779656520,1.16303,1.1637,1.16294,1.16295,44
1779656580,1.16296,1.16367,1.16294,1.16294,50
1779656640,1.16327,1.16366,1.16294,1.16294,56
1779656700,1.1629,1.16354,1.16282,1.16296,62
1779656760,1.1629,1.16377,1.1629,1.16301,68
1779656880,1.16377,1.16377,1.16297,1.16367,69
1779656940,1.16361,1.16371,1.1634,1.16363,18
1779657000,1.16364,1.16367,1.16342,1.16358,32
1779657060,1.1636,1.1638,1.16288,1.16367,26
1779657120,1.16367,1.16367,1.16352,1.1636,13
1779657180,1.1636,1.16365,1.16352,1.16365,5
1779657240,1.16345,1.16362,1.16334,1.16354,20
1779657300,1.16326,1.16338,1.16326,1.16336,11
1779657360,1.16336,1.16348,1.16334,1.1634,14
1779657480,1.16334,1.1634,1.16332,1.1634,8
1779657540,1.1633,1.16345,1.1633,1.16344,15
1779657600,1.1634,1.16352,1.16337,1.16339,17
1779657660,1.1634,1.1634,1.1634,1.1634,1
1779657720,1.16335,1.16341,1.16335,1.16339,21
1779657780,1.16342,1.16356,1.16342,1.16355,11
1779657840,1.16353,1.16353,1.1635,1.1635,6
1779657960,1.1634,1.16353,1.16324,1.16336,29
1779658020,1.16338,1.16338,1.16314,1.16336,15
1779658080,1.16333,1.16363,1.16333,1.16357,9
1779658200,1.16355,1.16355,1.16329,1.16329,10
1779658260,1.16329,1.16329,1.16319,1.16319,10
1779658320,1.1632,1.1632,1.16317,1.16318,11
1779658380,1.16318,1.16322,1.16318,1.16319,5
1779658440,1.16316,1.16322,1.16316,1.16322,15
1779658620,1.16312,1.16312,1.16312,1.16312,5
1779658680,1.16314,1.16316,1.16312,1.16313,6
1779658740,1.16313,1.16314,1.16313,1.16314,2
1779658800,1.16309,1.16316,1.16309,1.16313,10
1779658860,1.16314,1.16316,1.16314,1.16315,14
1779658980,1.16313,1.16313,1.16313,1.16313,1
1779659040,1.16314,1.16316,1.16314,1.16316,4
1779659100,1.16307,1.16309,1.163,1.163,15
1779659160,1.163,1.163,1.16298,1.16299,9
1779659280,1.16304,1.16305,1.16302,1.16304,20
1779659340,1.16304,1.16304,1.16302,1.16302,14
1779659400,1.16302,1.16303,1.16301,1.16303,10
1779659520,1.16303,1.16303,1.16302,1.16303,5
1779659580,1.16303,1.16304,1.16303,1.16304,4
1779659640,1.16303,1.16304,1.16293,1.16304,14
1779659760,1.16297,1.16305,1.16297,1.16304,19
1779659820,1.16304,1.16304,1.16302,1.16302,16
1779659880,1.16302,1.16302,1.16301,1.16301,6
1779659940,1.16301,1.16301,1.163,1.163,7
1779660000,1.1632,1.16337,1.16315,1.16337,97
1779660060,1.16337,1.16364,1.16328,1.1634,157
1779660120,1.1634,1.16368,1.16332,1.16368,137
1779660180,1.16372,1.16378,1.16332,1.16359,107
1779660240,1.16362,1.16362,1.16353,1.16358,69
1779660300,1.1636,1.16364,1.16348,1.1636,119
1779660420,1.1636,1.16365,1.16357,1.16361,43
1779660480,1.16358,1.16364,1.16352,1.16352,23
1779660540,1.16356,1.16358,1.16348,1.16358,56
1779660600,1.16358,1.16369,1.16358,1.16365,62
1779660660,1.16365,1.16368,1.16354,1.16359,44
1779660720,1.16358,1.16358,1.16347,1.16353,62
1779660780,1.16358,1.1637,1.16358,1.16369,40
1779660840,1.1637,1.1637,1.16364,1.16365,32
1779660900,1.16362,1.16376,1.1636,1.1636,70
1779660960,1.16354,1.16361,1.16354,1.16356,73
1779661020,1.16355,1.16356,1.16348,1.1635,62
1779661140,1.16349,1.16353,1.16348,1.1635,30
1779661200,1.16352,1.1636,1.16348,1.16358,55
1779661260,1.16355,1.16378,1.16353,1.16377,78
1779661380,1.16389,1.16394,1.16386,1.16392,34
1779661440,1.16389,1.16389,1.16383,1.16386,25
1779661500,1.16385,1.16392,1.16384,1.16392,40
1779661620,1.16386,1.16418,1.16384,1.16415,86
1779661740,1.16414,1.16415,1.16403,1.16408,37
1779661800,1.16409,1.1643,1.16408,1.16429,83
1779661860,1.16429,1.1644,1.16425,1.16434,72
1779661980,1.16435,1.16442,1.16424,1.16428,64
1779662040,1.16429,1.1643,1.16421,1.16424,53
1779662100,1.16423,1.16425,1.16413,1.16414,51
1779662220,1.16413,1.16414,1.16407,1.16414,29
1779662280,1.16415,1.16415,1.16408,1.16415,21
1779662340,1.16418,1.16421,1.16416,1.16421,25
1779662400,1.16422,1.16424,1.16416,1.16416,33
1779662460,1.16418,1.1643,1.16407,1.16428,59
1779662520,1.1643,1.16433,1.16427,1.16428,18
1779662580,1.1643,1.16435,1.16426,1.16433,57
1779662640,1.16432,1.16439,1.16431,1.16439,28
1779662700,1.1644,1.16441,1.16434,1.1644,35
1779662760,1.16437,1.1645,1.16437,1.16444,50
1779662820,1.16444,1.16446,1.1644,1.16446,32
1779662940,1.16443,1.16445,1.16437,1.16438,35
1779663000,1.16439,1.16439,1.16432,1.16433,22
1779663060,1.16433,1.16433,1.16428,1.16428,18
1779663120,1.16427,1.16429,1.16423,1.16424,30
1779663240,1.16422,1.16424,1.16422,1.16424,12
1779663300,1.16419,1.16426,1.16418,1.16425,33
1779663420,1.16419,1.16423,1.16419,1.16423,25
1779663480,1.16419,1.16429,1.16418,1.16429,39
1779663540,1.16429,1.16434,1.16428,1.16432,26
1779663600,1.16434,1.16449,1.1643,1.16448,61
1779663660,1.16448,1.16449,1.16441,1.16443,45
1779663720,1.16442,1.16448,1.16442,1.16448,35
1779663780,1.16449,1.16451,1.16448,1.16451,43
1779663840,1.16452,1.1646,1.16451,1.1646,29
1779663900,1.16459,1.1646,1.1645,1.16453,62
1779664020,1.16451,1.16461,1.1645,1.16457,43
1779664080,1.16459,1.16461,1.16458,1.16458,13
1779664140,1.16458,1.16461,1.16457,1.1646,26
1779664200,1.16458,1.1646,1.16456,1.16456,36
1779664260,1.16457,1.16457,1.16452,1.16455,36
1779664380,1.16452,1.16454,1.1645,1.16451,22
1779664440,1.1645,1.16453,1.1645,1.16453,29
1779664500,1.16448,1.1645,1.16447,1.16448,26
1779664560,1.16448,1.16448,1.16445,1.16446,19
1779664620,1.16447,1.16454,1.16446,1.16453,38
1779664680,1.16453,1.16453,1.16442,1.16443,18
1779664740,1.16441,1.16448,1.16441,1.16448,18
1779664800,1.16448,1.16449,1.16446,1.16449,25
1779664860,1.16448,1.16452,1.16447,1.16449,19
1779664920,1.16449,1.16449,1.16447,1.16448,8
1779664980,1.16452,1.16458,1.16452,1.16458,26
1779665040,1.16458,1.16458,1.16453,1.16454,16
1779665100,1.16453,1.16455,1.16447,1.16447,26
1779665160,1.16448,1.16454,1.16447,1.16453,21
1779665220,1.16453,1.16455,1.16452,1.16455,13
1779665280,1.16453,1.1646,1.16453,1.16459,28
1779665340,1.16458,1.16459,1.16452,1.16452,14
1779665400,1.16451,1.16451,1.16442,1.16448,38
1779665460,1.16449,1.16454,1.16448,1.16454,34
1779665520,1.16453,1.16455,1.16453,1.16454,27
1779665640,1.16449,1.1645,1.16444,1.16445,33
1779665700,1.16447,1.16449,1.16444,1.16445,40
1779665760,1.16446,1.16449,1.16445,1.16448,43
1779665820,1.16448,1.16449,1.16445,1.16445,33
1779665880,1.16446,1.16447,1.16444,1.16447,12
1779665940,1.16448,1.16449,1.16448,1.16448,12
1779666000,1.1645,1.16454,1.16449,1.1645,46
1779666120,1.16451,1.16454,1.16449,1.16454,26
1779666240,1.16454,1.16454,1.1645,1.1645,13
1779666300,1.16449,1.16452,1.16441,1.16451,75
1779666360,1.16454,1.16457,1.16445,1.16446,53
1779666480,1.16447,1.16449,1.16445,1.16448,58
1779666540,1.16448,1.16449,1.16445,1.16446,46
1779666600,1.16448,1.16448,1.16442,1.16444,44
1779666720,1.16436,1.16438,1.16431,1.16431,67
1779666780,1.16436,1.16439,1.16436,1.16436,33
1779666840,1.16437,1.16437,1.16434,1.16436,41
1779667020,1.16425,1.16425,1.1642,1.16424,45
1779667080,1.16422,1.16425,1.16414,1.16419,48
1779667140,1.16419,1.1642,1.16414,1.16417,35
1779667200,1.16419,1.16424,1.16403,1.16405,123
1779667260,1.16406,1.16408,1.16392,1.16392,88
1779667320,1.16391,1.16393,1.16384,1.16389,110
1779667380,1.16388,1.16392,1.16386,1.16388,59
1779667440,1.16388,1.16388,1.16381,1.16382,42
1779667500,1.1638,1.16392,1.16379,1.16389,46
1779667560,1.1639,1.16393,1.16381,1.16387,63
1779667680,1.16393,1.16401,1.16391,1.16393,36
1779667740,1.16387,1.16389,1.16383,1.16389,27
1779667800,1.16392,1.16403,1.16392,1.16399,55
1779667920,1.16401,1.16402,1.16392,1.16398,45
1779668040,1.16396,1.16399,1.16394,1.16394,30
1779668100,1.16391,1.16392,1.16384,1.16389,65
1779668160,1.16388,1.16401,1.16386,1.16399,80
1779668280,1.16398,1.16406,1.16397,1.16406,38
1779668340,1.16404,1.16415,1.16402,1.16412,62
1779668400,1.16412,1.16413,1.16407,1.16409,61
1779668520,1.16398,1.16413,1.16398,1.16413,59
1779668580,1.16409,1.16424,1.16408,1.16424,40
1779668640,1.1642,1.16424,1.16418,1.1642,44
1779668700,1.1642,1.1642,1.16408,1.16408,65
1779668760,1.16409,1.1641,1.16398,1.16404,53
1779668820,1.16404,1.16404,1.16401,1.16404,39
1779668880,1.16404,1.16409,1.16401,1.16404,27
1779668940,1.16402,1.16419,1.16402,1.16419,38
1779669000,1.16418,1.16432,1.16418,1.16429,77
1779669060,1.16428,1.16429,1.16425,1.16428,56
1779669120,1.16427,1.16428,1.16422,1.16423,31
1779669180,1.16423,1.16423,1.16409,1.16413,43
1779669240,1.16414,1.16415,1.16413,1.16414,28
1779669300,1.16414,1.16419,1.16413,1.16416,50
1779669360,1.16413,1.16416,1.16407,1.16407,33
1779669420,1.16405,1.16414,1.16403,1.16414,34
1779669480,1.16412,1.16412,1.16408,1.16411,39
1779669540,1.16414,1.16414,1.16408,1.16408,44
1779669600,1.16407,1.16408,1.164,1.164,24
1779669660,1.16399,1.16404,1.16399,1.16401,18
1779669720,1.164,1.164,1.16393,1.16394,22
1779669780,1.16389,1.1639,1.16388,1.16389,18
1779669840,1.16389,1.16394,1.16385,1.16393,34
1779669900,1.16394,1.16404,1.16394,1.16402,61
1779669960,1.16401,1.16413,1.16401,1.16413,41
1779670020,1.16413,1.16424,1.1641,1.16424,32
1779670140,1.16441,1.16486,1.1644,1.16483,95
1779670200,1.16467,1.16475,1.16463,1.16469,84
1779670260,1.16467,1.16474,1.16462,1.16473,66
1779670380,1.16465,1.16473,1.16465,1.16472,28
1779670440,1.16469,1.16484,1.16463,1.1648,52
1779670500,1.16477,1.16478,1.1643,1.16439,143
1779670620,1.16412,1.16417,1.16394,1.16394,101
1779670680,1.16379,1.16386,1.16365,1.16366,113
1779670740,1.16363,1.1637,1.16352,1.16367,153
1779670800,1.16367,1.16379,1.16356,1.16366,140
1779670860,1.16364,1.16373,1.16355,1.16372,114
1779670920,1.1637,1.16387,1.16365,1.16385,100
1779670980,1.16382,1.16396,1.16378,1.16383,94
1779671040,1.16381,1.16393,1.1638,1.16387,93
1779671100,1.16385,1.1639,1.16381,1.16389,61
1779671280,1.16396,1.16397,1.1637,1.16373,87
1779671340,1.16372,1.16374,1.16368,1.16373,51
1779671400,1.16373,1.16375,1.16361,1.16362,75
1779671460,1.16361,1.16375,1.16361,1.16373,62
1779671580,1.16378,1.1639,1.16376,1.16387,41
1779671640,1.16394,1.16435,1.16392,1.1643,87
1779671700,1.16434,1.16445,1.16432,1.16439,94
1779671760,1.16437,1.16439,1.16432,1.16434,73
1779671880,1.16438,1.16438,1.16432,1.16435,69
1779671940,1.16434,1.16445,1.1643,1.16444,100
1779672000,1.16443,1.16448,1.16442,1.16443,88
1779672120,1.16432,1.16439,1.1643,1.16433,54
1779672180,1.16435,1.16444,1.16434,1.16442,43
1779672240,1.16447,1.16449,1.1644,1.16443,38
1779672300,1.16437,1.16448,1.16437,1.16439,51
1779672360,1.16438,1.16444,1.16434,1.16438,68
1779672420,1.16436,1.16438,1.16433,1.16434,15
1779672480,1.16434,1.16438,1.16434,1.16437,36
1779672540,1.16441,1.1647,1.16441,1.16468,64
1779672600,1.16458,1.16459,1.16434,1.16437,103
1779672660,1.16437,1.16442,1.16417,1.16417,101
1779672720,1.16414,1.1642,1.16396,1.164,105
1779672840,1.16412,1.16414,1.16405,1.16411,36
1779672900,1.16406,1.1643,1.16406,1.16429,65
1779672960,1.16429,1.16432,1.16426,1.16429,76
1779673020,1.1643,1.16437,1.16429,1.16434,54
1779673080,1.16437,1.16437,1.16427,1.16428,56
1779673140,1.16429,1.16437,1.16429,1.16432,49
1779673200,1.16431,1.16433,1.16422,1.16422,64
1779673320,1.16418,1.16418,1.16408,1.16408,46
1779673380,1.16406,1.16408,1.164,1.16404,39
1779673440,1.16406,1.16407,1.16396,1.16402,35
1779673500,1.16401,1.16408,1.16401,1.16407,48
1779673560,1.16406,1.16417,1.16402,1.16409,83
1779673620,1.16409,1.16415,1.16409,1.16413,40
1779673680,1.16413,1.16414,1.16407,1.16409,57
1779673740,1.1641,1.1641,1.16407,1.16409,36
1779673800,1.16407,1.16408,1.16394,1.16397,46
1779673980,1.16403,1.16404,1.16398,1.16399,35
1779674040,1.16397,1.16398,1.16393,1.16397,31
1779674100,1.16396,1.16402,1.16393,1.16402,67
1779674160,1.16401,1.16401,1.16387,1.16388,62
1779674220,1.16387,1.16392,1.16386,1.16389,50
1779674340,1.16392,1.16392,1.16391,1.16391,12
1779674400,1.16391,1.16403,1.16391,1.16397,64
1779674460,1.16398,1.16399,1.16396,1.16397,37
1779674520,1.16397,1.16402,1.16397,1.16398,47
1779674580,1.16397,1.16404,1.16396,1.16403,26
1779674640,1.16402,1.16403,1.16399,1.16401,29
1779674820,1.16416,1.16425,1.16414,1.16423,37
1779674880,1.16423,1.16423,1.16417,1.1642,45
1779674940,1.16421,1.16426,1.16419,1.16421,50
1779675000,1.1642,1.16424,1.16418,1.16422,41
1779675180,1.16414,1.16414,1.16408,1.16408,21
1779675240,1.16401,1.16406,1.16401,1.16403,40
1779675300,1.16405,1.16408,1.16401,1.16406,54
1779675360,1.16403,1.16404,1.16396,1.16398,56
1779675480,1.16399,1.16408,1.16397,1.16407,29
1779675540,1.16408,1.16409,1.16404,1.16407,24
1779675600,1.16408,1.1641,1.16406,1.16409,39
1779675720,1.1641,1.16411,1.16408,1.16408,49
1779675780,1.16409,1.16421,1.16408,1.16421,37
1779675840,1.16419,1.16421,1.16418,1.1642,25
1779675900,1.16419,1.1642,1.16413,1.16415,44
1779676020,1.1641,1.16412,1.16408,1.16409,24
1779676080,1.16406,1.16415,1.16402,1.16413,32
1779676140,1.16416,1.16417,1.16413,1.16416,31
1779676200,1.16418,1.16418,1.16412,1.16414,55
1779676260,1.16413,1.16416,1.16409,1.1641,48
1779676320,1.1641,1.16416,1.16409,1.16416,55
1779676380,1.16417,1.16419,1.16414,1.16414,21
1779676440,1.16413,1.16416,1.16412,1.16416,24
1779676500,1.16416,1.16419,1.16412,1.16417,43
1779676620,1.16417,1.16419,1.16416,1.16417,34
1779676740,1.16414,1.16414,1.16413,1.16413,8
1779676800,1.16406,1.16406,1.16395,1.16403,65
1779676860,1.16402,1.16403,1.164,1.16403,23
1779676920,1.16401,1.16405,1.164,1.16403,39
1779676980,1.16404,1.16405,1.16402,1.16403,27
1779677040,1.16403,1.16404,1.16402,1.16404,15
1779677100,1.16406,1.16409,1.16404,1.16408,37
1779677160,1.16408,1.16408,1.16399,1.164,47
1779677220,1.164,1.16407,1.164,1.16406,37
1779677280,1.16405,1.16406,1.16401,1.16406,41
1779677340,1.16405,1.16408,1.16404,1.16408,28
1779677400,1.16407,1.16407,1.16403,1.16404,21
1779677460,1.16403,1.16405,1.16396,1.16396,44
1779677520,1.16396,1.16398,1.16396,1.16398,18
1779677580,1.16397,1.16398,1.16396,1.16396,15
1779677640,1.16397,1.16397,1.1639,1.16391,22
1779677700,1.16391,1.16391,1.16385,1.16386,32
1779677880,1.16377,1.16377,1.16373,1.16373,13
1779677940,1.16369,1.16377,1.16367,1.16377,44
1779678000,1.16377,1.16395,1.16376,1.16387,106
1779678060,1.16386,1.16389,1.16382,1.16387,58
1779678120,1.16388,1.16391,1.16376,1.16377,51
1779678180,1.16378,1.16378,1.16372,1.16373,22
1779678240,1.16372,1.16372,1.16363,1.16372,57
1779678300,1.16373,1.16374,1.1636,1.16367,48
1779678420,1.16371,1.16377,1.1637,1.16376,35
1779678480,1.16377,1.16378,1.16375,1.16375,16
1779678540,1.16376,1.16377,1.16374,1.16374,23
1779678600,1.16373,1.16374,1.16372,1.16373,38
1779678660,1.16373,1.16378,1.16373,1.16377,28
1779678780,1.16377,1.16382,1.16376,1.16376,21
1779678840,1.16372,1.16375,1.16372,1.16374,31
1779678900,1.16373,1.16373,1.16364,1.16367,44
1779678960,1.16367,1.16368,1.16365,1.16365,40
1779679020,1.16366,1.16368,1.16362,1.16367,64
1779679080,1.16365,1.16368,1.16364,1.16366,29
1779679140,1.16366,1.16367,1.16362,1.16364,49
1779679320,1.16388,1.16388,1.16373,1.16375,61
1779679380,1.1638,1.16382,1.16376,1.16377,34
1779679440,1.16376,1.16377,1.16371,1.16372,38
1779679500,1.16372,1.16377,1.16372,1.16377,56
1779679560,1.16377,1.16378,1.16372,1.16372,63
1779679620,1.16371,1.16373,1.16367,1.16372,48
1779679680,1.16375,1.16376,1.16371,1.16376,41
1779679740,1.1637,1.16373,1.16369,1.1637,47
1779679800,1.16372,1.16378,1.16372,1.16377,36
1779679860,1.16377,1.16388,1.16377,1.1638,102
1779679920,1.16381,1.16385,1.16381,1.16383,53
1779680040,1.16387,1.16387,1.16382,1.16382,26
1779680160,1.16389,1.16391,1.16385,1.16385,56
1779680220,1.16386,1.16388,1.16385,1.16387,34
1779680280,1.16386,1.16388,1.16386,1.16386,22
1779680340,1.16387,1.16388,1.16377,1.16381,36
1779680400,1.16381,1.16384,1.1638,1.16382,27
1779680520,1.16383,1.16384,1.1638,1.16382,36
1779680580,1.16382,1.16383,1.16381,1.16382,22
1779680640,1.16382,1.16382,1.16372,1.16374,32
1779680700,1.16375,1.16376,1.16366,1.16375,53
1779680760,1.16374,1.16376,1.16366,1.16367,57
1779680880,1.16376,1.16376,1.16372,1.16374,22
1779680940,1.16373,1.16374,1.16371,1.16373,30
1779681000,1.16372,1.16374,1.16368,1.16373,21
1779681120,1.16374,1.16374,1.16371,1.16372,26
1779681180,1.16372,1.16373,1.16372,1.16372,17
1779681240,1.16372,1.16373,1.1637,1.16373,29
1779681300,1.16366,1.16366,1.16362,1.16365,46
1779681360,1.16365,1.16365,1.1636,1.1636,46
1779681480,1.16363,1.16369,1.16363,1.16369,26
1779681540,1.16368,1.16374,1.16368,1.16374,22
1779681600,1.16373,1.16376,1.16361,1.16362,65
1779681660,1.16362,1.16363,1.1636,1.16362,39
1779681720,1.16362,1.16368,1.16362,1.16368,26
1779681780,1.16368,1.16372,1.16367,1.1637,37
1779681840,1.16371,1.16372,1.1637,1.16371,15
1779681900,1.16372,1.16372,1.16368,1.16371,21
1779681960,1.16371,1.16371,1.16365,1.16369,23
1779682020,1.16368,1.1637,1.16363,1.16365,41
1779682080,1.16368,1.16368,1.16362,1.16363,35
1779682140,1.1636,1.1636,1.16356,1.16359,29
1779682200,1.16359,1.16362,1.16359,1.16362,24
1779682320,1.16368,1.16368,1.16364,1.16367,31
1779682380,1.16367,1.16368,1.16363,1.16364,34
1779682440,1.16364,1.16366,1.16363,1.16364,32
1779682500,1.16363,1.16366,1.1636,1.16361,54
1779682560,1.16362,1.16365,1.16361,1.16363,42
1779682620,1.16364,1.16365,1.16362,1.16362,46
1779682680,1.16363,1.16367,1.16361,1.16364,36
1779682740,1.16364,1.16366,1.16363,1.16366,24
1779682800,1.16363,1.16368,1.16363,1.16368,29
1779682920,1.16371,1.16371,1.16367,1.16369,12
1779682980,1.16369,1.16369,1.16368,1.16368,17
1779683040,1.16368,1.1637,1.16367,1.16368,25
1779683100,1.16363,1.16373,1.16363,1.1637,40
1779683160,1.1637,1.16372,1.1637,1.16371,15
1779683220,1.16372,1.16372,1.1637,1.16371,11
1779683340,1.1637,1.1637,1.16367,1.1637,16
1779683400,1.16371,1.16371,1.1637,1.16371,19
1779683460,1.16372,1.16388,1.16372,1.16388,55
1779683520,1.16389,1.16389,1.16379,1.16382,36
1779683580,1.16382,1.16386,1.16382,1.16384,27
1779683640,1.16384,1.16389,1.16382,1.16388,32
1779683820,1.16388,1.16389,1.16387,1.16387,12
1779683880,1.16389,1.16393,1.16389,1.16392,19
1779683940,1.16392,1.16392,1.16383,1.16383,18
1779684060,1.16393,1.16394,1.16393,1.16393,14
1779684180,1.16399,1.16399,1.16398,1.16398,5
1779684240,1.16396,1.164,1.16396,1.164,19
1779684300,1.16401,1.16403,1.16401,1.16403,16
1779684360,1.16402,1.16404,1.16401,1.16404,16
1779684420,1.16403,1.16414,1.16403,1.16412,32
1779684540,1.16421,1.16421,1.16416,1.16417,14
1779684600,1.16417,1.16422,1.16417,1.16421,23
1779684660,1.16422,1.16436,1.16421,1.1643,47
1779684720,1.1643,1.16432,1.16426,1.16427,29
1779684780,1.16423,1.16429,1.16423,1.16428,23
1779684840,1.16428,1.16433,1.16427,1.1643,23
1779684900,1.16432,1.16436,1.16432,1.16435,40
1779685020,1.16436,1.16447,1.16409,1.16418,0
1779685080,1.16435,1.16435,1.16398,1.16404,0
1779685140,1.16414,1.16414,1.16401,1.16403,0
1779685200,1.16405,1.16417,1.16403,1.16413,0
1779685260,1.16408,1.16414,1.16408,1.16414,0
1779685320,1.16412,1.16417,1.1641,1.16412,0
1779685380,1.16412,1.16418,1.16412,1.16417,0
1779685440,1.16414,1.16419,1.16413,1.16419,0
1779685500,1.16417,1.16419,1.1641,1.16419,0
1779685560,1.16417,1.16417,1.16401,1.16405,0
1779685620,1.16412,1.16412,1.16375,1.16384,0
1779685680,1.16399,1.16399,1.16371,1.16377,0
1779685740,1.16386,1.16386,1.16362,1.16366,0
1779685800,1.16374,1.16377,1.16367,1.16369,0
1779685860,1.16369,1.1638,1.16369,1.16378,0
1779685920,1.16375,1.16381,1.16375,1.1638,0
1779685980,1.16376,1.16383,1.16376,1.16383,0
1779686040,1.16381,1.16381,1.16367,1.16381,0
1779686100,1.1638,1.1638,1.16367,1.1637,0
1779686160,1.16373,1.16375,1.16367,1.16368,0
1779686220,1.16371,1.16381,1.16358,1.16378,0
1779686280,1.16373,1.16373,1.16333,1.16342,0
1779686340,1.16355,1.16358,1.16306,1.16317,0
1779686400,1.1634,1.1634,1.16307,1.1631,0
1779686460,1.16315,1.16315,1.1631,1.16311,0
1779686520,1.16311,1.16325,1.16311,1.16322,0
1779686580,1.16316,1.16325,1.16316,1.16324,0
1779686640,1.16322,1.16327,1.16321,1.16322,0
1779686700,1.1632,1.16337,1.1632,1.16333,0
1779686760,1.16327,1.16339,1.16327,1.16338,0
1779686820,1.16333,1.16351,1.16333,1.16346,0
1779686880,1.16341,1.16349,1.16341,1.16349,0
1779686940,1.16347,1.16347,1.16336,1.16339,0
1779687000,1.16344,1.16344,1.16337,1.16339,0
1779687060,1.16341,1.16349,1.16338,1.16341,0
1779687120,1.16342,1.16355,1.16342,1.16352,0
1779687180,1.16344,1.16377,1.16344,1.1637,0
1779687240,1.16355,1.16379,1.16351,1.16377,0
1779687300,1.1637,1.1637,1.16339,1.16344,0
1779687360,1.16353,1.16363,1.16344,1.16346,0
1779687420,1.16352,1.16363,1.16352,1.16363,0
1779687480,1.1636,1.1636,1.16348,1.16351,0
1779687540,1.16357,1.16357,1.16348,1.16351,0
1779687600,1.16353,1.16356,1.16347,1.16349,0
1779687660,1.16352,1.16355,1.16349,1.16354,0
1779687720,1.16351,1.16366,1.16351,1.16362,0
1779687780,1.16356,1.16364,1.16356,1.16364,0
1779687840,1.16362,1.16363,1.16349,1.16363,0
1779687900,1.16362,1.16363,1.16353,1.16355,0
1779687960,1.16359,1.16362,1.16351,1.16362,0
1779688020,1.16361,1.16361,1.16344,1.16348,0
1779688080,1.16356,1.16356,1.16347,1.16349,0
1779688140,1.16351,1.16355,1.16341,1.16344,0
1779688200,1.16351,1.16352,1.16341,1.16352,0
1779688260,1.16349,1.16356,1.16348,1.16349,0
1779688320,1.1635,1.16353,1.16345,1.16353,0
1779688380,1.16351,1.1636,1.16351,1.16358,0
1779688440,1.16354,1.16359,1.16348,1.16359,0
1779688500,1.16357,1.16358,1.16345,1.16349,0
1779688560,1.16353,1.16359,1.16351,1.16358,0
1779688620,1.16357,1.16358,1.16347,1.16358,0
1779688680,1.16355,1.1637,1.16348,1.16365,0
1779688740,1.16358,1.16368,1.16358,1.16368,0
1779688800,1.16364,1.16378,1.16364,1.16375,0
1779688860,1.1637,1.16386,1.16344,1.16381,0
1779688920,1.16371,1.16371,1.1634,1.16343,0
1779688980,1.1635,1.1635,1.16332,1.16337,0
1779689040,1.16345,1.16354,1.16341,1.16342,0
1779689100,1.16342,1.16354,1.16342,1.16353,0
1779689160,1.16352,1.16359,1.16351,1.16357,0
1779689220,1.16351,1.16374,1.1635,1.16368,0
1779689280,1.16361,1.16386,1.16361,1.16381,0
1779689340,1.16367,1.16395,1.16367,1.16391,0
1779689400,1.16385,1.16398,1.16385,1.16396,0
1779689460,1.16388,1.16408,1.16388,1.16405,0
1779689520,1.164,1.16406,1.16394,1.16406,0
1779689580,1.16403,1.16403,1.16394,1.16396,0
1779689640,1.16399,1.16403,1.16395,1.16402,0
1779689700,1.16399,1.16404,1.16389,1.16404,0
1779689760,1.16403,1.16403,1.16383,1.16387,0
1779689820,1.16394,1.16394,1.16383,1.16394,0
1779689880,1.16391,1.16399,1.16387,1.16397,0
1779689940,1.16393,1.16397,1.16391,1.16397,0
1779690000,1.16394,1.16408,1.16389,1.16404,0
1779690060,1.16397,1.16407,1.16395,1.16406,0
1779690120,1.16403,1.16403,1.16391,1.16393,0
1779690180,1.16398,1.16402,1.16385,1.16401,0
1779690240,1.16399,1.16399,1.16386,1.16388,0
1779690300,1.16391,1.16397,1.16387,1.16396,0
1779690360,1.16393,1.16398,1.1639,1.16398,0
1779690420,1.16394,1.16406,1.16394,1.16403,0
1779690480,1.16399,1.16405,1.16399,1.16405,0
1779690540,1.16402,1.16413,1.164,1.1641,0
1779690600,1.16405,1.16411,1.16404,1.16411,0
1779690660,1.16408,1.1643,1.16396,1.16423,0
1779690720,1.16413,1.16434,1.16413,1.16432,0
1779690780,1.16425,1.16441,1.16425,1.16439,0
1779690840,1.16435,1.16439,1.16429,1.16439,0
1779690900,1.16438,1.1644,1.16428,1.16438,0
1779690960,1.16437,1.16439,1.16423,1.16439,0
1779691020,1.16437,1.16437,1.16416,1.16421,0
1779691080,1.16429,1.16438,1.16424,1.16425,0
1779691140,1.16429,1.16436,1.16428,1.16436,0
1779691200,1.16433,1.16444,1.16429,1.1644,0
1779691260,1.16435,1.16442,1.16433,1.16442,0
1779691320,1.16439,1.16446,1.16436,1.16444,0
1779691380,1.16441,1.16442,1.16433,1.16442,0
1779691440,1.16441,1.16441,1.16424,1.1643,0
1779691500,1.1644,1.1644,1.16423,1.16425,0
1779691560,1.16428,1.16429,1.16424,1.16429,0
1779691620,1.16427,1.16434,1.16427,1.16432,0
1779691680,1.16429,1.16433,1.16429,1.16433,0
1779691740,1.16429,1.16443,1.16427,1.16439,0
1779691800,1.16434,1.1644,1.16434,1.1644,0
1779691860,1.16438,1.16438,1.16425,1.16429,0
1779691920,1.16436,1.16436,1.16428,1.16429,0
1779691980,1.1643,1.16435,1.16429,1.1643,0
1779692040,1.1643,1.16437,1.1643,1.16435,0
1779692100,1.16431,1.16442,1.16431,1.16441,0
1779692160,1.16436,1.16437,1.16432,1.16437,0
1779692220,1.16436,1.16436,1.16427,1.16429,0
1779692280,1.1643,1.16445,1.16428,1.16441,0
1779692340,1.16435,1.16444,1.16435,1.16444,0
1779692400,1.16441,1.16444,1.1644,1.1644,0
1779692460,1.16441,1.16443,1.16439,1.16441,0
1779692520,1.16438,1.16454,1.16438,1.1645,0
1779692580,1.16445,1.16452,1.16444,1.16452,0
1779692640,1.1645,1.1645,1.16443,1.16445,0
1779692700,1.16447,1.16447,1.1644,1.16442,0
1779692760,1.16444,1.16451,1.16444,1.16449,0
1779692820,1.16444,1.1645,1.16429,1.16449,0
1779692880,1.16446,1.16446,1.16428,1.16432,0
1779692940,1.16439,1.16439,1.16424,1.16426,0
1779693000,1.16429,1.1643,1.16421,1.1643,0
1779693060,1.16427,1.1644,1.16423,1.16436,0
1779693120,1.1643,1.16439,1.1643,1.16438,0
1779693180,1.16435,1.16436,1.16432,1.16436,0
1779693240,1.16436,1.16436,1.16421,1.16425,0
1779693300,1.16432,1.16432,1.16412,1.16416,0
1779693360,1.16423,1.16423,1.16408,1.16411,0
1779693420,1.16417,1.16421,1.16413,1.16414,0
1779693480,1.16413,1.16427,1.16413,1.16425,0
1779693540,1.16421,1.16425,1.16421,1.16425,0
1779693600,1.16422,1.16434,1.16418,1.1643,0
1779693660,1.16424,1.16431,1.16424,1.16431,0
1779693720,1.16429,1.1643,1.16421,1.16423,0
1779693780,1.16426,1.16427,1.16425,1.16427,0
1779693840,1.16425,1.16432,1.16423,1.1643,0
1779693900,1.16426,1.16433,1.16426,1.16432,0
1779693960,1.16429,1.16433,1.16427,1.16433,0
1779694020,1.1643,1.1644,1.16429,1.16437,0
1779694080,1.16432,1.16442,1.16432,1.16441,0
1779694140,1.16436,1.16442,1.16431,1.16441,0
1779694200,1.16439,1.16441,1.16424,1.16429,0
1779694260,1.16435,1.16435,1.16423,1.16424,0
1779694320,1.16428,1.16433,1.16428,1.16432,0
1779694380,1.16429,1.16439,1.16429,1.16437,0
1779694440,1.16434,1.16436,1.16433,1.16436,0
1779694500,1.16435,1.16435,1.16427,1.16429,0
1779694560,1.16433,1.16433,1.16428,1.16429,0
1779694620,1.16429,1.16432,1.16427,1.16432,0
1779694680,1.1643,1.16434,1.16428,1.16428,0
1779694740,1.16429,1.16433,1.16427,1.16433,0
1779694800,1.1643,1.16439,1.16429,1.1643,0
1779694860,1.16432,1.1644,1.16432,1.16439,0
1779694920,1.16433,1.16443,1.16433,1.16441,0
1779694980,1.16439,1.16441,1.16437,1.16441,0
1779695040,1.16437,1.16451,1.16437,1.16448,0
1779695100,1.16443,1.1645,1.16443,1.1645,0
1779695160,1.16448,1.16448,1.16431,1.16448,0
1779695220,1.16447,1.16447,1.16439,1.1644,0
1779695280,1.16441,1.16446,1.16433,1.16445,0
1779695340,1.16443,1.16443,1.16425,1.16429,0
1779695400,1.16434,1.16434,1.16424,1.16426,0
1779695460,1.16429,1.16434,1.16424,1.16425,0
1779695520,1.16429,1.16436,1.1642,1.16434,0
1779695580,1.1643,1.1643,1.16417,1.16419,0
1779695640,1.16422,1.16428,1.16422,1.16427,0
1779695700,1.16424,1.16431,1.16424,1.1643,0
1779695760,1.16428,1.16428,1.16421,1.16428,0
1779695820,1.16428,1.16428,1.16425,1.16428,0
1779695880,1.16426,1.16426,1.1642,1.16422,0
1779695940,1.16424,1.16424,1.16408,1.16412,0
1779696000,1.16417,1.16425,1.1641,1.16411,0
1779696060,1.16416,1.16424,1.16416,1.16424,0
1779696120,1.16419,1.16433,1.16419,1.1643,0
1779696180,1.16426,1.1643,1.16426,1.1643,0
1779696240,1.16428,1.16432,1.16425,1.16431,0
1779696300,1.16429,1.1643,1.16428,1.16429,0
1779696360,1.16428,1.16432,1.16428,1.16432,0
1779696420,1.16429,1.16431,1.16425,1.16431,0
1779696480,1.1643,1.16432,1.16428,1.16432,0
1779696540,1.16428,1.16434,1.16427,1.16433,0
1779696600,1.1643,1.16432,1.16429,1.16432,0
1779696660,1.16429,1.16437,1.16427,1.16435,0
1779696720,1.16432,1.16434,1.16431,1.16434,0
1779696780,1.16432,1.16434,1.16427,1.16432,0
1779696840,1.16432,1.16432,1.16428,1.16429,0
1779696900,1.1643,1.16433,1.16425,1.1643,0
1779696960,1.16429,1.16435,1.16429,1.16434,0
1779697020,1.1643,1.1644,1.1643,1.16438,0
1779697080,1.16433,1.16445,1.16433,1.16443,0
1779697140,1.16439,1.16444,1.16439,1.16444,0
1779697200,1.16441,1.16444,1.16435,1.16444,0
1779697260,1.16443,1.16443,1.16429,1.16433,0
1779697320,1.1644,1.16442,1.16431,1.16432,0
1779697380,1.16435,1.16439,1.16432,1.16439,0
1779697440,1.16437,1.16437,1.16431,1.16432,0
1779697500,1.16435,1.16435,1.16427,1.16429,0
1779697560,1.16432,1.16432,1.16421,1.16424,0
1779697620,1.1643,1.16432,1.16423,1.16424,0
1779697680,1.16427,1.16432,1.16427,1.16432,0
1779697740,1.16429,1.16431,1.16421,1.16429,0
1779697800,1.16429,1.16429,1.16417,1.16421,0
1779697860,1.16425,1.16432,1.16418,1.16419,0
1779697920,1.16424,1.16432,1.16421,1.16431,0
1779697980,1.16428,1.16428,1.16417,1.16419,0
1779698040,1.16422,1.16423,1.1642,1.16423,0
1779698100,1.16421,1.16424,1.16421,1.16424,0
1779698160,1.16422,1.16422,1.1642,1.1642,0
1779698220,1.16421,1.16427,1.1642,1.16425,0
1779698280,1.1642,1.16429,1.1642,1.16428,0
1779698340,1.16426,1.16428,1.16425,1.16428,0
1779698400,1.16426,1.16434,1.16424,1.16426,0
1779698460,1.16427,1.16433,1.16427,1.16433,0
1779698520,1.16429,1.1644,1.16429,1.16437,0
1779698580,1.16433,1.16438,1.1643,1.16438,0
1779698640,1.16436,1.1644,1.16429,1.1643,0
1779698700,1.16432,1.1644,1.16432,1.16439,0
1779698760,1.16435,1.16442,1.16435,1.16442,0
1779698820,1.1644,1.1644,1.16433,1.16434,0
1779698880,1.16437,1.16437,1.16435,1.16437,0
1779698940,1.16435,1.1644,1.16433,1.16439,0
1779699000,1.16437,1.16439,1.16436,1.16439,0
1779699060,1.16436,1.16442,1.16436,1.1644,0
1779699120,1.16437,1.16439,1.16432,1.16439,0
1779699180,1.16436,1.16437,1.16431,1.16432,0
1779699240,1.16435,1.16435,1.1643,1.16431,0
1779699300,1.16432,1.16432,1.16424,1.16432,0
1779699360,1.16431,1.16431,1.16423,1.16425,0
1779699420,1.16428,1.16428,1.16421,1.16422,0
1779699480,1.16424,1.1643,1.1642,1.16421,0
1779699540,1.16424,1.16433,1.16424,1.16432,0
1779699600,1.16426,1.16434,1.16426,1.16432,0
1779699660,1.1643,1.16432,1.16425,1.16432,0
1779699720,1.16429,1.16433,1.16425,1.16426,0
1779699780,1.16428,1.16433,1.16421,1.16432,0
1779699840,1.16429,1.16429,1.16419,1.1642,0
1779699900,1.16423,1.16423,1.16418,1.16419,0
1779699960,1.16421,1.16421,1.16414,1.16416,0
1779700020,1.16418,1.16418,1.16408,1.1641,0
1779700080,1.16414,1.16414,1.1641,1.16414,0
1779700140,1.16412,1.16415,1.16406,1.16407,0
1779700200,1.16411,1.16417,1.16411,1.16416,0
1779700260,1.1641,1.16425,1.1641,1.16422,0
1779700320,1.16418,1.16423,1.16418,1.16423,0
1779700380,1.1642,1.16426,1.1642,1.1642,0
1779700440,1.16421,1.16423,1.16418,1.16423,0
1779700500,1.16422,1.16424,1.16419,1.16419,0
1779700560,1.1642,1.16424,1.16419,1.16423,0
1779700620,1.1642,1.1643,1.1642,1.16428,0
1779700680,1.16424,1.16437,1.16424,1.16434,0
1779700740,1.16429,1.16438,1.16429,1.16438,0
1779700800,1.16434,1.16445,1.16434,1.16442,0
1779700860,1.16439,1.16443,1.16437,1.16443,0
1779700920,1.1644,1.16449,1.16439,1.16446,0
1779700980,1.16442,1.16446,1.1644,1.16446,0
1779701040,1.16444,1.16446,1.1644,1.16441,0
1779701100,1.16442,1.16444,1.16442,1.16444,0
1779701160,1.16441,1.16448,1.16441,1.16447,0
1779701220,1.16445,1.16445,1.1644,1.16445,0
1779701280,1.16445,1.16445,1.16442,1.16445,0
1779701340,1.16443,1.16446,1.1644,1.1644,0
1779701400,1.16441,1.16448,1.16441,1.16447,0
1779701460,1.16441,1.1646,1.16441,1.16456,0
1779701520,1.1645,1.16458,1.1645,1.16458,0
1779701580,1.16455,1.16461,1.16454,1.16454,0
1779701640,1.16455,1.1646,1.16449,1.16459,0
1779701700,1.16456,1.16456,1.16446,1.16448,0
1779701760,1.16451,1.16454,1.16447,1.16451,0
1779701820,1.1645,1.16474,1.1645,1.16467,0
1779701880,1.16454,1.16474,1.16454,1.16472,0
1779701940,1.16468,1.16476,1.16468,1.16475,0
1779702000,1.16469,1.16496,1.16464,1.16489,0
1779702060,1.16479,1.16499,1.16479,1.16497,0
1779702120,1.1649,1.16498,1.16488,1.16497,0
1779702180,1.16495,1.16495,1.16492,1.16495,0
1779702240,1.16492,1.16502,1.16489,1.165,0
1779702300,1.16496,1.16499,1.16493,1.16499,0
1779702360,1.16497,1.165,1.16486,1.165,0
1779702420,1.16499,1.16499,1.16486,1.16488,0
1779702480,1.16491,1.16497,1.16482,1.16497,0
1779702540,1.16496,1.16496,1.16475,1.16478,0
1779702600,1.16484,1.16484,1.16471,1.16475,0
1779702660,1.16481,1.16482,1.16474,1.16475,0
1779702720,1.16478,1.1648,1.16474,1.1648,0
1779702780,1.16477,1.16489,1.16476,1.16485,0
1779702840,1.16481,1.16486,1.1648,1.16486,0
1779702900,1.16484,1.16484,1.16475,1.16478,0
1779702960,1.16482,1.16482,1.1647,1.16472,0
1779703020,1.16474,1.16477,1.16463,1.16477,0
1779703080,1.16477,1.16477,1.16446,1.16452,0
1779703140,1.16463,1.16463,1.16442,1.16446,0
1779703200,1.16452,1.16452,1.16433,1.16437,0
1779703260,1.16444,1.16444,1.16431,1.16434,0
1779703320,1.16438,1.16444,1.16437,1.16438,0
1779703380,1.16439,1.16442,1.16439,1.16442,0
1779703440,1.16438,1.16446,1.16438,1.16444,0
1779703500,1.16441,1.16448,1.16441,1.16446,0
1779703560,1.16441,1.16452,1.16441,1.16451,0
1779703620,1.16448,1.16448,1.16437,1.16439,0
1779703680,1.16443,1.16445,1.16439,1.1644,0
1779703740,1.1644,1.16448,1.1644,1.16446,0
1779703800,1.16444,1.16448,1.16439,1.16448,0
1779703860,1.16446,1.16446,1.16437,1.16438,0
1779703920,1.16441,1.16444,1.16441,1.16444,0
1779703980,1.16441,1.1646,1.1643,1.16454,0
1779704040,1.16445,1.16466,1.16445,1.16463,0
1779704100,1.16453,1.16467,1.16453,1.16466,0
1779704160,1.16463,1.16463,1.16456,1.16458,0
1779704220,1.1646,1.16465,1.1646,1.16464,0
1779704280,1.16461,1.16461,1.16455,1.16461,0
1779704340,1.1646,1.16461,1.16452,1.16454,0
1779704400,1.16454,1.16463,1.16454,1.16462,0
1779704460,1.1646,1.16466,1.16443,1.1646,0
1779704520,1.16459,1.16459,1.16443,1.16444,0
1779704580,1.16448,1.16455,1.16447,1.16454,0
1779704640,1.1645,1.16465,1.1645,1.16462,0
1779704700,1.16457,1.16463,1.16455,1.16462,0
1779704760,1.1646,1.1646,1.16451,1.16453,0
1779704820,1.16456,1.16456,1.1644,1.16443,0
1779704880,1.16448,1.16448,1.1644,1.16442,0
1779704940,1.16444,1.16446,1.16442,1.16444,0
1779705000,1.16444,1.16446,1.16443,1.16446,0
1779705060,1.16443,1.16458,1.16441,1.16454,0
1779705120,1.16448,1.16482,1.16448,1.16473,0
1779705180,1.16448,1.16497,1.16448,1.16492,0
1779705240,1.16484,1.1649,1.16481,1.1649,0
1779705300,1.16487,1.16496,1.16485,1.16494,0
1779705360,1.16489,1.16493,1.1648,1.16493,0
1779705420,1.16491,1.16493,1.16484,1.16486,0
1779705480,1.16489,1.1649,1.16488,1.1649,0
1779705540,1.1649,1.1649,1.16482,1.16484,0
1779705600,1.16487,1.16491,1.16481,1.16482,0
1779705660,1.16484,1.1649,1.16482,1.1649,0
1779705720,1.16487,1.16497,1.16485,1.16487,0
1779705780,1.16489,1.16494,1.16489,1.16494,0
1779705840,1.16491,1.16505,1.16486,1.165,0
1779705900,1.16494,1.16501,1.1649,1.16501,0
1779705960,1.16499,1.16526,1.16485,1.16517,0
1779706020,1.16502,1.16531,1.16502,1.16528,0
1779706080,1.16522,1.16524,1.16509,1.16524,0
1779706140,1.16523,1.16523,1.16499,1.16504,0
1779706200,1.16514,1.16514,1.165,1.16502,0
1779706260,1.16505,1.16505,1.16499,1.165,0
1779706320,1.16503,1.16505,1.16485,1.1649,0
1779706380,1.16498,1.16498,1.16482,1.16484,0
1779706440,1.16488,1.16488,1.16482,1.16484,0
1779706500,1.16485,1.16492,1.16481,1.16482,0
1779706560,1.16484,1.16488,1.16484,1.16488,0
1779706620,1.16487,1.16495,1.16487,1.16493,0
1779706680,1.16489,1.16494,1.16482,1.16494,0
1779706740,1.16492,1.16492,1.16478,1.1648,0
1779706800,1.16482,1.16491,1.16482,1.16488,0
1779706860,1.16484,1.16491,1.16484,1.16491,0
1779706920,1.16487,1.16497,1.16487,1.16495,0
1779706980,1.16492,1.16496,1.16492,1.16496,0
1779707040,1.16491,1.16499,1.16491,1.16498,0
1779707100,1.16496,1.16496,1.16489,1.16491,0
1779707160,1.16493,1.16497,1.16488,1.16489,0
1779707220,1.16492,1.16494,1.1649,1.16494,0
1779707280,1.16493,1.16501,1.1649,1.16491,0
1779707340,1.16491,1.16501,1.1649,1.165,0
1779707400,1.16498,1.16499,1.16494,1.16499,0
1779707460,1.16497,1.16497,1.16489,1.16491,0
1779707520,1.16494,1.16505,1.16473,1.1648,0
1779707580,1.16494,1.16494,1.16466,1.16469,0
1779707640,1.16474,1.16475,1.16469,1.16475,0
1779707700,1.16472,1.16478,1.16467,1.16477,0
1779707760,1.16476,1.16479,1.16465,1.16468,0
1779707820,1.16474,1.16474,1.16455,1.16459,0
1779707880,1.16467,1.16467,1.16452,1.16455,0
1779707940,1.1646,1.1646,1.1645,1.16452,0
1779708000,1.16455,1.16455,1.16452,1.16452,0
1779708060,1.16453,1.16453,1.1645,1.16453,0
1779708120,1.1645,1.16461,1.1645,1.16458,0
1779708180,1.16454,1.1646,1.16447,1.1646,0
1779708240,1.16457,1.16458,1.16448,1.16449,0
1779708300,1.16452,1.16455,1.16448,1.16455,0
1779708360,1.16453,1.16454,1.16442,1.16445,0
1779708420,1.16451,1.16458,1.1645,1.16451,0
1779708480,1.16449,1.16462,1.16449,1.16461,0
1779708540,1.16458,1.16458,1.1644,1.16444,0
1779708600,1.16451,1.16451,1.16437,1.16441,0
1779708660,1.16447,1.16447,1.16435,1.16437,0
1779708720,1.1644,1.1644,1.16435,1.16436,0
1779708780,1.16436,1.16447,1.16436,1.16444,0
1779708840,1.16441,1.16444,1.1644,1.16444,0
1779708900,1.16442,1.16445,1.16441,1.16441,0
1779708960,1.16442,1.16442,1.16438,1.16442,0
1779709020,1.1644,1.1644,1.16432,1.16434,0
1779709080,1.16439,1.16439,1.16432,1.16433,0
1779709140,1.16434,1.16435,1.16425,1.16434,0
1779709200,1.16433,1.16439,1.16432,1.16433,0
1779709260,1.16433,1.16437,1.16432,1.16437,0
1779709320,1.16435,1.16435,1.16427,1.16429,0
1779709380,1.16432,1.16432,1.16422,1.16425,0
1779709440,1.16428,1.16428,1.1642,1.16421,0
1779709500,1.16423,1.16426,1.16416,1.16425,0
1779709560,1.16422,1.16422,1.16409,1.16412,0
1779709620,1.16416,1.16416,1.16408,1.16409,0
1779709680,1.16411,1.16411,1.16398,1.16402,0
1779709740,1.16408,1.16413,1.164,1.16401,0
1779709800,1.16403,1.16414,1.16403,1.16414,0
1779709860,1.16411,1.16425,1.16409,1.16421,0
1779709920,1.16415,1.1643,1.16415,1.16428,0
1779709980,1.1642,1.16435,1.1642,1.16433,0
1779710040,1.16429,1.16429,1.16414,1.16418,0
1779710100,1.16424,1.16424,1.16409,1.16412,0
1779710160,1.16417,1.16417,1.16409,1.16411,0
1779710220,1.16412,1.16412,1.16402,1.16412,0
1779710280,1.16411,1.16411,1.16397,1.164,0
1779710340,1.16404,1.16404,1.16397,1.16398,0
1779710400,1.164,1.164,1.16391,1.16393,0
1779710460,1.16395,1.16395,1.16389,1.16391,0
1779710520,1.16393,1.164,1.16387,1.16388,0
1779710580,1.16392,1.16399,1.16392,1.16399,0
1779710640,1.16395,1.16415,1.16387,1.16409,0
1779710700,1.16401,1.16419,1.16401,1.16417,0
1779710760,1.16409,1.16421,1.16409,1.1642,0
1779710820,1.16417,1.16421,1.16402,1.16417,0
1779710880,1.16416,1.16416,1.16404,1.16406,0
1779710940,1.16409,1.1641,1.16404,1.16405,0
1779711000,1.16407,1.16416,1.16407,1.16414,0
1779711060,1.16408,1.16417,1.16408,1.16416,0
1779711120,1.16414,1.16414,1.16409,1.1641,0
1779711180,1.16411,1.16411,1.16402,1.16405,0
1779711240,1.16409,1.16409,1.16395,1.16398,0
1779711300,1.16402,1.16404,1.16395,1.16396,0
1779711360,1.16398,1.16405,1.16398,1.16404,0
1779711420,1.16398,1.1641,1.16398,1.16408,0
1779711480,1.16404,1.16406,1.16404,1.16406,0
1779711540,1.16405,1.16412,1.16405,1.1641,0
1779711600,1.16406,1.16419,1.16406,1.16416,0
1779711660,1.1641,1.16423,1.1641,1.16422,0
1779711720,1.16416,1.16426,1.16416,1.16425,0
1779711780,1.16422,1.16425,1.16422,1.16425,0
1779711840,1.16422,1.16432,1.16421,1.16429,0
1779711900,1.16425,1.1643,1.16423,1.1643,0
1779711960,1.16427,1.16427,1.16421,1.16422,0
1779712020,1.16424,1.16424,1.16419,1.1642,0
1779712080,1.16421,1.16425,1.1642,1.16421,0
1779712140,1.16421,1.16423,1.16419,1.16423,0
1779712200,1.16422,1.16422,1.16413,1.16422,0
1779712260,1.16421,1.16421,1.16414,1.16415,0
1779712320,1.16416,1.16418,1.16408,1.16418,0
1779712380,1.16416,1.16416,1.16406,1.16407,0
1779712440,1.1641,1.16412,1.16406,1.16412,0
1779712500,1.16409,1.16424,1.16407,1.1642,0
1779712560,1.16415,1.16421,1.16415,1.16421,0
1779712620,1.16419,1.16424,1.16417,1.16417,0
1779712680,1.16418,1.16421,1.16413,1.16421,0
1779712740,1.16419,1.16423,1.16417,1.16419,0
1779712800,1.16418,1.16424,1.16418,1.16423,0
1779712860,1.16421,1.16434,1.16421,1.1643,0
1779712920,1.1642,1.16448,1.1642,1.16443,0
1779712980,1.16436,1.1645,1.16436,1.16449,0
1779713040,1.16446,1.16452,1.16432,1.16434,0
1779713100,1.16441,1.1645,1.16441,1.1645,0
1779713160,1.16447,1.16455,1.16439,1.16441,0
1779713220,1.16447,1.16452,1.16447,1.16452,0
1779713280,1.1645,1.16457,1.16447,1.16455,0
1779713340,1.16452,1.16454,1.16452,1.16454,0
1779713400,1.16453,1.16453,1.16446,1.16453,0
1779713460,1.16451,1.16451,1.16448,1.16448,0
1779713520,1.16449,1.16451,1.16448,1.16451,0
1779713580,1.16448,1.16456,1.16448,1.16454,0
1779713640,1.1645,1.16456,1.16445,1.16455,0
1779713700,1.16452,1.16452,1.16439,1.16441,0
1779713760,1.16447,1.16459,1.16447,1.16456,0
1779713820,1.16445,1.16465,1.16445,1.16463,0
1779713880,1.16457,1.16461,1.16417,1.16427,0
1779713940,1.16447,1.16447,1.16414,1.16417,0
1779714000,1.16423,1.16427,1.16417,1.16427,0
1779714060,1.16425,1.16425,1.16412,1.16416,0
1779714120,1.16421,1.16421,1.1641,1.16413,0
1779714180,1.16419,1.16419,1.16404,1.16408,0
1779714240,1.16413,1.16421,1.16408,1.16409,0
1779714300,1.16412,1.16418,1.1641,1.16418,0
1779714360,1.16415,1.16428,1.16415,1.16424,0
1779714420,1.16419,1.16429,1.16419,1.16427,0
1779714480,1.16421,1.16434,1.16421,1.16433,0
1779714540,1.16431,1.16432,1.16423,1.16431,0
1779714600,1.1643,1.1643,1.16412,1.16417,0
1779714660,1.16425,1.16464,1.16416,1.16419,0
1779714720,1.16428,1.16478,1.16428,1.16473,0
1779714780,1.1646,1.16474,1.1646,1.16472,0
1779714840,1.1647,1.16484,1.16452,1.1648,0
1779714900,1.16472,1.16472,1.16443,1.16447,0
1779714960,1.16454,1.16454,1.16444,1.16446,0
1779715020,1.16458,1.16461,1.16447,1.16451,91
1779715080,1.1645,1.16454,1.16447,1.16452,54
1779715140,1.16453,1.16453,1.16447,1.16453,26
1779715200,1.16449,1.1645,1.16447,1.16449,39
1779715320,1.16454,1.16454,1.1645,1.16454,31
1779715380,1.1645,1.1645,1.16443,1.16448,35
1779715440,1.16448,1.1645,1.16444,1.16445,46
1779715500,1.16447,1.16448,1.16443,1.16444,23
1779715560,1.16443,1.16459,1.16443,1.16457,52
1779715680,1.16453,1.16453,1.16442,1.16443,46
1779715740,1.16442,1.16443,1.16441,1.16443,35
1779715800,1.16441,1.16442,1.16429,1.16431,102
1779715860,1.16432,1.16443,1.16426,1.16443,81
1779715920,1.16442,1.16443,1.16432,1.16432,37
1779716040,1.16437,1.16441,1.16437,1.1644,28
1779716100,1.16441,1.16441,1.16437,1.16437,50
1779716160,1.16435,1.16438,1.16424,1.16425,85
1779716220,1.16428,1.16437,1.16428,1.16435,49
1779716280,1.16432,1.16432,1.16422,1.16426,58
1779716340,1.16426,1.1644,1.16426,1.16435,38
1779716400,1.16437,1.16439,1.16428,1.16433,63
1779716520,1.16429,1.16429,1.16421,1.16421,43
1779716580,1.16421,1.16427,1.16418,1.16423,60
1779716640,1.16417,1.16422,1.16415,1.16418,41
1779716700,1.16417,1.16418,1.16409,1.16411,58
1779716760,1.16409,1.1641,1.16402,1.16409,53
1779716940,1.16408,1.1641,1.16408,1.16409,24
1779717000,1.16409,1.16414,1.16408,1.16408,34
1779717120,1.1643,1.1643,1.16423,1.16429,34
1779717240,1.16417,1.16417,1.16409,1.1641,28
1779717420,1.16401,1.16402,1.16396,1.16398,40
1779717540,1.16391,1.16399,1.16391,1.16393,45
1779717600,1.16388,1.16393,1.16384,1.16387,81
1779717660,1.16388,1.16394,1.16386,1.16393,80
1779717780,1.16393,1.16404,1.16392,1.16402,36
1779717840,1.16406,1.16419,1.16404,1.16419,59
1779717900,1.16417,1.16417,1.16412,1.16413,36
1779718020,1.16412,1.16412,1.16402,1.16403,40
1779718080,1.16403,1.16406,1.16402,1.16404,23
1779718140,1.16402,1.16412,1.16402,1.16411,43
1779718200,1.16413,1.16414,1.16408,1.16408,39
1779718260,1.16408,1.16409,1.16407,1.16408,22
1779718380,1.16398,1.16399,1.16393,1.16393,32
1779718440,1.16393,1.16398,1.16392,1.16394,22
1779718500,1.16394,1.16402,1.16393,1.16401,47
1779718620,1.16405,1.16405,1.16401,1.16403,36
1779718740,1.16407,1.16409,1.16405,1.16409,18
1779718800,1.16412,1.16418,1.16412,1.16414,52
1779718860,1.16415,1.16427,1.16415,1.16424,38
1779718920,1.16423,1.16424,1.16412,1.16423,32
1779718980,1.16423,1.16429,1.16418,1.16428,39
1779719040,1.16427,1.16428,1.16423,1.16424,25
1779719100,1.16423,1.16425,1.16419,1.16421,26
1779719220,1.16418,1.1642,1.16416,1.16419,30
1779719280,1.16418,1.1642,1.16416,1.16417,42
1779719340,1.16419,1.16419,1.16413,1.16419,42
1779719400,1.16414,1.16414,1.1641,1.16413,51
1779719460,1.16413,1.16415,1.16406,1.16407,49
1779719640,1.16404,1.16416,1.16403,1.16415,35
1779719700,1.16418,1.16419,1.16413,1.16414,44
1779719760,1.16413,1.1642,1.16413,1.16419,37
1779719820,1.16419,1.1642,1.16414,1.16414,30
1779719880,1.16412,1.1642,1.16412,1.16419,21
1779719940,1.16418,1.16424,1.16415,1.1642,41
1779720120,1.16444,1.16445,1.16442,1.16444,29
1779720180,1.16437,1.1644,1.16436,1.16439,35
1779720240,1.16439,1.16449,1.16438,1.16445,48
1779720300,1.16444,1.16445,1.16443,1.16444,33
1779720360,1.16444,1.16459,1.16438,1.16452,62
1779720420,1.16453,1.16453,1.16443,1.16448,31
1779720540,1.1645,1.16452,1.16443,1.16444,33
1779720600,1.16444,1.16449,1.16444,1.16447,47
1779720660,1.16445,1.16449,1.16443,1.16444,35
1779720780,1.16449,1.16452,1.16447,1.16451,25
1779720840,1.16449,1.16449,1.16444,1.16445,29
1779720900,1.16434,1.1646,1.16434,1.16459,77
1779721020,1.16459,1.16459,1.16415,1.16415,104
1779721080,1.16407,1.16427,1.16407,1.1642,103
1779721140,1.16417,1.16425,1.16417,1.1642,82
1779721200,1.16419,1.1642,1.1641,1.16415,99
1779721260,1.16414,1.16417,1.16414,1.16416,60
1779721320,1.16415,1.16416,1.16396,1.16408,101
1779721440,1.16412,1.16413,1.16407,1.16409,31
1779721500,1.16412,1.16423,1.16408,1.16422,94
1779721560,1.16418,1.16428,1.16418,1.16427,42
1779721680,1.16426,1.16428,1.16419,1.16424,44
1779721740,1.16424,1.16425,1.1642,1.16422,29
1779721800,1.16408,1.16457,1.16408,1.16457,125
1779721860,1.16456,1.16485,1.16442,1.1647,194
1779721920,1.16472,1.16473,1.16459,1.16468,149
1779721980,1.16468,1.16471,1.16465,1.16467,59
1779722040,1.16455,1.16456,1.16441,1.16442,97
1779722100,1.16443,1.16449,1.16438,1.16446,90
1779722160,1.16446,1.16449,1.16439,1.16443,70
1779722280,1.16447,1.16448,1.16441,1.16447,50
1779722340,1.16448,1.16453,1.16446,1.16453,36
1779731460,1.16425,1.16425,1.16423,1.16423,5
1779731520,1.16424,1.16424,1.16424,1.16424,3
1779731580,1.16427,1.16431,1.16427,1.1643,28
1779731640,1.1643,1.16432,1.16429,1.16432,7
1779731700,1.16435,1.16436,1.16435,1.16435,29
1779731760,1.16434,1.16434,1.1643,1.16432,27
1779731820,1.16431,1.16432,1.16429,1.1643,24
1779731880,1.16431,1.16431,1.16428,1.16428,5
1779731940,1.16428,1.16432,1.16428,1.16432,17
1779732000,1.16434,1.16437,1.16432,1.16432,32
1779732060,1.16434,1.16434,1.16426,1.16426,30
1779732120,1.16427,1.16427,1.16422,1.16423,17
1779732180,1.16422,1.16424,1.16422,1.16424,13
1779732240,1.16423,1.16425,1.16422,1.16422,40
1779732420,1.16423,1.16423,1.16422,1.16422,7
1779732480,1.16421,1.16423,1.16421,1.16422,13
1779733260,1.16434,1.16434,1.16432,1.16432,17
1779733320,1.16428,1.16433,1.16427,1.1643,28
1779733440,1.16428,1.16428,1.16428,1.16428,1
1779733500,1.16429,1.16429,1.16427,1.16429,24
1779733620,1.16428,1.16429,1.16427,1.16428,27
1779733680,1.16427,1.16428,1.16424,1.16428,13
1779733740,1.16425,1.16427,1.16423,1.16426,21
1779733800,1.16425,1.16427,1.16423,1.16426,23
1779733860,1.16425,1.16427,1.16424,1.16425,27
1779733980,1.16423,1.16424,1.16422,1.16422,11
1779734040,1.16423,1.16424,1.16422,1.16423,23
1779734100,1.16424,1.16429,1.16424,1.16427,18
1779734220,1.16432,1.16433,1.16432,1.16433,10
1779734280,1.16432,1.16432,1.16432,1.16432,2
1779734340,1.16433,1.16433,1.16433,1.16433,2
1779734400,1.16429,1.16429,1.16422,1.16422,11
1779734520,1.16422,1.16422,1.16416,1.16417,15
1779734580,1.16416,1.16417,1.16416,1.16416,6
1779734640,1.16421,1.16421,1.16417,1.1642,25
1779734700,1.16421,1.16422,1.16419,1.16421,16
1779734760,1.16422,1.16424,1.1642,1.16424,18
1779734820,1.16423,1.16425,1.16422,1.16425,12
1779734880,1.16424,1.16424,1.16424,1.16424,3
1779734940,1.16424,1.16424,1.16423,1.16423,6
1779735000,1.16424,1.16429,1.16423,1.16428,24
1779735120,1.16429,1.16429,1.16427,1.16429,11
1779735180,1.16428,1.16428,1.16426,1.16427,11
1779735240,1.16428,1.16429,1.16427,1.16429,11
1779735300,1.16428,1.16429,1.16428,1.16429,14
1779735360,1.16429,1.16429,1.16429,1.16429,3
1779735420,1.16428,1.16429,1.16428,1.16428,8
1779735480,1.16429,1.16429,1.16429,1.16429,1
1779735540,1.16428,1.16439,1.16428,1.16433,25
1779735600,1.16433,1.16436,1.16431,1.16433,23
1779735660,1.16432,1.16432,1.16431,1.16431,4
1779735720,1.16432,1.16432,1.16431,1.16432,8
1779735780,1.16431,1.16432,1.16431,1.16432,9
1779735840,1.16431,1.16433,1.16431,1.16432,12
1779735900,1.16433,1.16433,1.16427,1.16427,23
1779735960,1.16428,1.16429,1.16428,1.16429,5
1779736020,1.16428,1.16428,1.16427,1.16428,4
1779736080,1.16428,1.1643,1.16427,1.16428,26
1779736260,1.16425,1.16426,1.16424,1.16424,18
1779736320,1.16428,1.16428,1.16421,1.16423,13
1779736380,1.16424,1.16424,1.16424,1.16424,1
1779736440,1.16424,1.16425,1.16424,1.16424,6
1779736500,1.16425,1.16426,1.16424,1.16425,24
1779736560,1.16424,1.16424,1.16423,1.16423,8
1779736740,1.16429,1.16429,1.16428,1.16428,7
1779736860,1.16424,1.16427,1.16424,1.16427,14
1779736920,1.16427,1.16427,1.16426,1.16426,6
1779736980,1.16427,1.16429,1.16426,1.16428,13
1779737040,1.16429,1.1643,1.16428,1.16429,11
1779737100,1.16426,1.16428,1.16426,1.16427,17
1779737160,1.16428,1.16428,1.16427,1.16427,14
1779737220,1.1643,1.1643,1.16429,1.16429,10
1779737280,1.16429,1.1643,1.16427,1.16427,15
1779737340,1.16428,1.16433,1.16428,1.1643,21
1779737400,1.16431,1.16431,1.16429,1.1643,15
1779737460,1.16429,1.16429,1.16426,1.16426,5
1779737520,1.16427,1.16427,1.16424,1.16424,8
1779737580,1.16424,1.16427,1.16423,1.16426,8
1779737640,1.16427,1.16428,1.16426,1.16428,10
1779737700,1.16424,1.16426,1.16422,1.16426,19
1779737820,1.16428,1.16436,1.16428,1.16433,27
1779737940,1.16435,1.16435,1.16434,1.16434,6
1779738060,1.16436,1.16436,1.16434,1.16434,3
1779738120,1.16434,1.16435,1.16433,1.16434,15
1779738180,1.16434,1.16434,1.16428,1.1643,18
1779738240,1.16428,1.16429,1.16428,1.16428,6
1779738300,1.16429,1.16429,1.16429,1.16429,5
1779738360,1.16428,1.16429,1.16425,1.16426,11
1779738420,1.16425,1.16426,1.16424,1.16424,7
1779738480,1.16426,1.16426,1.16426,1.16426,2
1779738540,1.16425,1.16427,1.16425,1.16427,5
1779738600,1.16424,1.16424,1.16419,1.16422,41
1779738660,1.16422,1.16422,1.1642,1.16421,21
1779738720,1.1642,1.16424,1.1642,1.16423,9
1779738780,1.16424,1.16424,1.16419,1.1642,14
1779739020,1.1642,1.16427,1.16418,1.16427,39
1779739080,1.16423,1.16425,1.16421,1.16424,20
1779739140,1.16424,1.16425,1.1642,1.16421,24
1779739200,1.16422,1.16426,1.16422,1.16424,36
1779739260,1.16425,1.16429,1.16424,1.16427,24
1779739320,1.16426,1.16428,1.16426,1.16427,8
1779739380,1.16428,1.16429,1.16425,1.16426,13
1779739560,1.16422,1.16424,1.16422,1.16424,4
1779739620,1.16425,1.16428,1.16424,1.16428,23
1779739680,1.16427,1.16429,1.16427,1.16428,5
1779739740,1.16431,1.16431,1.16431,1.16431,3
1779739860,1.16429,1.16431,1.16428,1.16431,19
1779739920,1.1643,1.16432,1.1643,1.16431,17
1779739980,1.16431,1.16432,1.1643,1.16432,16
1779740040,1.16431,1.16432,1.1643,1.16432,5
1779740100,1.16431,1.16431,1.1643,1.1643,10
1779740220,1.16433,1.16435,1.16432,1.16435,10
1779740280,1.16434,1.16434,1.16432,1.16432,9
1779740340,1.16433,1.16433,1.1643,1.16432,8
1779740400,1.16432,1.16432,1.16431,1.16432,6
1779740460,1.16431,1.16432,1.16422,1.16422,16
1779740520,1.16421,1.16421,1.16421,1.16421,2
1779740580,1.1642,1.1642,1.1642,1.1642,2
1779740640,1.16421,1.16421,1.16419,1.16421,8
1779740700,1.16421,1.16421,1.16419,1.1642,14
1779740760,1.1642,1.1642,1.16419,1.1642,6
1779740820,1.1642,1.16422,1.16419,1.16422,13
1779740880,1.16422,1.16423,1.16422,1.16423,5
1779740940,1.16427,1.16428,1.16427,1.16428,10
1779741000,1.16432,1.16434,1.16432,1.16434,10
1779741060,1.16434,1.16434,1.16432,1.16432,11
1779741120,1.16433,1.16433,1.16433,1.16433,2
1779741180,1.16433,1.16433,1.16431,1.16432,11
1779741240,1.16433,1.16433,1.16432,1.16433,5
1779741300,1.16433,1.16433,1.16423,1.16424,18
1779741360,1.16423,1.16425,1.16423,1.16424,28
1779741420,1.16426,1.16426,1.16425,1.16426,8
1779741480,1.16425,1.16426,1.16422,1.16424,15
1779741540,1.16424,1.16425,1.16418,1.1642,29
1779741720,1.16415,1.16416,1.16413,1.16414,11
1779741780,1.16416,1.16417,1.16415,1.16416,23
1779741840,1.16417,1.16417,1.16415,1.16415,28
1779741900,1.16425,1.16425,1.16422,1.16422,25
1779742080,1.16428,1.16428,1.16424,1.16428,38
1779742140,1.16427,1.1643,1.16426,1.16428,35
1779742260,1.16425,1.1643,1.16424,1.1643,10
1779742320,1.16429,1.1643,1.16429,1.1643,11
1779742440,1.16429,1.1643,1.16427,1.1643,11
1779742560,1.1643,1.16431,1.1643,1.16431,10
1779742620,1.1643,1.16434,1.1643,1.16434,7
1779742680,1.16431,1.16431,1.16429,1.1643,22
1779742860,1.16396,1.16396,1.16396,1.16396,3
1779742920,1.16397,1.16397,1.16363,1.16363,3
1779743100,1.16385,1.16385,1.16385,1.16385,3
1779743160,1.16385,1.16385,1.16385,1.16385,3
1779743280,1.16383,1.16383,1.16362,1.16362,3
1779743400,1.16375,1.16375,1.16364,1.16364,4
1779743520,1.16373,1.16373,1.16373,1.16373,1
1779743580,1.16371,1.1638,1.16368,1.16368,3
1779743640,1.1637,1.16378,1.1637,1.16378,2
1779743700,1.16376,1.16385,1.16364,1.16385,5
1779743820,1.16364,1.16364,1.16364,1.16364,1
1779743880,1.16372,1.16379,1.16364,1.16379,5
1779743940,1.16388,1.16388,1.16388,1.16388,1
1779744000,1.16388,1.16388,1.16388,1.16388,5
1779744060,1.16388,1.16388,1.16388,1.16388,1
1779744120,1.16388,1.16388,1.16388,1.16388,1
1779744180,1.16388,1.16388,1.16388,1.16388,1
1779744240,1.16373,1.16383,1.16373,1.16383,3
1779744360,1.16369,1.16379,1.16368,1.16379,5
1779744420,1.16374,1.16374,1.16369,1.16369,5
1779744480,1.16369,1.1637,1.16369,1.1637,7
1779744540,1.16375,1.16386,1.16375,1.16386,9
1779744600,1.16393,1.16393,1.16384,1.16391,15
1779744660,1.16391,1.16391,1.16385,1.16386,6
1779744720,1.16386,1.16386,1.16386,1.16386,4
1779744780,1.16386,1.16386,1.16383,1.16383,3
1779744840,1.16399,1.1641,1.16398,1.1641,18
1779744900,1.16397,1.16402,1.16397,1.16402,18
1779744960,1.16402,1.16406,1.16402,1.16406,12
1779745080,1.16406,1.16407,1.16406,1.16407,4
1779745140,1.16405,1.16406,1.16403,1.16406,10
1779745260,1.16409,1.16409,1.16409,1.16409,1
1779745320,1.16412,1.16417,1.16408,1.16417,24
1779745440,1.16387,1.16389,1.16379,1.16389,16
1779745500,1.1637,1.1637,1.16343,1.16343,70
1779745560,1.16339,1.16352,1.16337,1.16351,59
1779745680,1.16352,1.16365,1.16331,1.16332,28
1779745740,1.16331,1.1634,1.1633,1.1634,39
1779745800,1.1634,1.1634,1.16334,1.16334,14
1779745920,1.16334,1.16334,1.16333,1.16334,7
1779745980,1.16334,1.16334,1.16333,1.16334,13
1779746040,1.16367,1.1637,1.16367,1.1637,10
1779746220,1.16383,1.16383,1.16383,1.16383,1
1779746280,1.16377,1.16377,1.16377,1.16377,2
1779746340,1.16377,1.16377,1.16377,1.16377,1
1779746400,1.16397,1.16402,1.16388,1.16401,122
1779746460,1.16402,1.16405,1.16397,1.16403,93
1779746520,1.16403,1.16408,1.16402,1.16404,67
1779746580,1.16403,1.16405,1.16396,1.16396,76
1779746640,1.16395,1.16398,1.16384,1.16391,97
1779746700,1.16391,1.16397,1.16391,1.16391,40
1779746820,1.16395,1.16399,1.16392,1.16399,54
1779746940,1.16401,1.16402,1.16398,1.16399,32
1779747060,1.16397,1.16429,1.16397,1.16414,74
1779747120,1.1641,1.16411,1.16406,1.16408,23
1779747180,1.16408,1.16412,1.16408,1.16412,23
1779747240,1.16411,1.16411,1.1641,1.16411,10
1779747300,1.16411,1.16412,1.16409,1.1641,38
1779747360,1.16411,1.16413,1.16411,1.16413,14
1779747420,1.16408,1.16409,1.16404,1.16404,42
1779747540,1.16401,1.16401,1.16398,1.164,10
1779747600,1.164,1.16401,1.16399,1.164,16
1779747660,1.164,1.16409,1.16396,1.16408,20
1779747780,1.16408,1.16409,1.16407,1.16407,13
1779747840,1.16407,1.16409,1.16405,1.16408,17
1779747900,1.16411,1.16413,1.16411,1.16413,12
1779747960,1.16413,1.16413,1.1641,1.16413,24
1779748020,1.16412,1.16412,1.16409,1.16411,20
1779748080,1.1641,1.16412,1.16409,1.16412,11
1779748140,1.16411,1.16411,1.16402,1.16402,19
1779748200,1.16401,1.16403,1.16392,1.16393,34
1779748260,1.16393,1.16402,1.16392,1.16397,23
1779748380,1.16403,1.16404,1.16398,1.164,21
1779748440,1.16398,1.16401,1.16398,1.164,30
1779748500,1.16399,1.16401,1.16399,1.16401,17
1779748620,1.16402,1.16402,1.16402,1.16402,3
1779748680,1.16402,1.16408,1.16402,1.16407,19
1779748740,1.16407,1.16408,1.16406,1.16407,7
1779748800,1.16408,1.16413,1.16407,1.16409,22
1779748860,1.16411,1.16413,1.1641,1.16413,8
1779748980,1.16412,1.16413,1.16412,1.16413,8
1779749040,1.16412,1.16413,1.16411,1.16412,11
1779749160,1.16412,1.16414,1.1641,1.16413,14
1779749220,1.16414,1.16417,1.16412,1.16417,21
1779749340,1.16412,1.16413,1.16412,1.16412,7
1779749400,1.16412,1.16414,1.16412,1.16412,20
1779749460,1.16412,1.16416,1.16412,1.16415,24
1779749520,1.16414,1.16417,1.16413,1.16413,15
1779749580,1.16414,1.16415,1.16413,1.16413,8
1779749640,1.16414,1.16415,1.16414,1.16415,5
1779749700,1.16416,1.16416,1.16408,1.1641,23
1779749820,1.16412,1.16413,1.16411,1.16413,13
1779749880,1.16412,1.16414,1.16411,1.16411,12
1779749940,1.16412,1.16412,1.16408,1.16408,9
1779750000,1.16409,1.16417,1.16409,1.16416,30
1779750060,1.16416,1.16418,1.16414,1.16417,19
1779750120,1.16416,1.16424,1.16416,1.16424,22
1779750180,1.16424,1.16425,1.16423,1.16423,4
1779750240,1.16422,1.16424,1.16422,1.16423,10
1779750300,1.16422,1.16424,1.16421,1.16423,20
1779750360,1.16422,1.16424,1.16422,1.16422,16
1779750480,1.16419,1.16419,1.16417,1.16418,10
1779750540,1.16421,1.16424,1.16418,1.16419,25
1779750600,1.16424,1.16424,1.16423,1.16423,7
1779750660,1.16423,1.16425,1.16423,1.16425,9
1779750720,1.16426,1.16426,1.16425,1.16425,11
1779750780,1.16426,1.16427,1.16425,1.16425,5
1779750840,1.16423,1.16426,1.16422,1.16424,24
1779750900,1.16424,1.16424,1.16422,1.16422,6
1779750960,1.16423,1.16423,1.16422,1.16423,8
1779751020,1.16426,1.16429,1.16426,1.16428,23
1779751080,1.16428,1.16429,1.16427,1.16429,10
1779751140,1.16428,1.16429,1.16428,1.16428,7
1779751200,1.16428,1.16428,1.16427,1.16427,5
1779751320,1.16427,1.16428,1.16427,1.16427,11
1779751440,1.16427,1.16427,1.16407,1.16411,38
1779751500,1.16414,1.16415,1.16413,1.16415,12
1779751560,1.16416,1.16417,1.16412,1.16413,32
1779751620,1.16413,1.16413,1.16411,1.16411,12
1779751680,1.1641,1.16412,1.16406,1.16406,28
1779751740,1.16407,1.1641,1.16407,1.1641,10
1779751800,1.16407,1.16409,1.16407,1.16407,15
1779751860,1.16406,1.16409,1.16406,1.16407,17
1779751920,1.16406,1.16408,1.16405,1.16405,14
1779751980,1.16405,1.16407,1.16403,1.16404,31
1779752040,1.16403,1.16404,1.16397,1.16398,23
1779752100,1.16397,1.16398,1.16396,1.16396,13
1779752160,1.16394,1.16397,1.16391,1.16392,29
1779752280,1.16392,1.16393,1.16388,1.16393,22
1779752340,1.16391,1.16396,1.16391,1.16393,13
1779752400,1.16391,1.16391,1.16385,1.16388,48
1779752520,1.16387,1.16389,1.16384,1.16389,32
1779752640,1.16384,1.16385,1.16373,1.16374,29
1779752700,1.16374,1.16398,1.16374,1.16396,66
1779752760,1.16394,1.16395,1.16385,1.16385,38
1779752880,1.16387,1.16387,1.16366,1.16369,49
1779752940,1.1637,1.16371,1.16368,1.16368,19
1779753000,1.16368,1.16368,1.16358,1.16363,33
1779753120,1.16371,1.16372,1.16369,1.16372,16
1779753180,1.16365,1.16366,1.16362,1.16363,22
1779753240,1.16367,1.16372,1.16366,1.16371,32
1779753300,1.16372,1.16373,1.16365,1.16367,30
1779753360,1.16366,1.16367,1.16362,1.16363,43
1779753420,1.16364,1.16369,1.16363,1.16366,26
1779753480,1.16368,1.16368,1.16363,1.16365,19
1779753540,1.16359,1.1636,1.16358,1.16359,24
1779753600,1.16359,1.16368,1.16348,1.16359,126
1779753660,1.16358,1.1637,1.16353,1.16356,111
1779753720,1.16357,1.1636,1.16352,1.16355,120
1779753780,1.16356,1.16379,1.16356,1.16379,92
1779753840,1.16376,1.16384,1.16371,1.16383,68
1779753900,1.16381,1.16389,1.16381,1.16382,86
1779754020,1.1638,1.16384,1.16375,1.1638,61
1779754080,1.16379,1.1639,1.16379,1.16388,74
1779754140,1.16388,1.16388,1.16375,1.16378,63
1779754200,1.16381,1.16385,1.16372,1.16381,74
1779754260,1.16381,1.1639,1.16379,1.16389,81
1779754320,1.16389,1.16395,1.16388,1.16394,34
1779754380,1.16398,1.16399,1.16387,1.16389,43
1779754440,1.16391,1.16396,1.1638,1.16381,64
1779754500,1.16388,1.16388,1.16381,1.16381,53
1779754560,1.16381,1.16385,1.16374,1.16378,73
1779754620,1.16378,1.16379,1.16366,1.16367,71
1779754740,1.16355,1.16355,1.16345,1.16353,77
1779754860,1.16348,1.16353,1.16346,1.16348,70
1779754920,1.16345,1.16348,1.16339,1.16348,81
1779754980,1.1635,1.16352,1.16345,1.16351,56
1779755040,1.1635,1.16357,1.1635,1.16355,41
1779755100,1.16346,1.16346,1.1634,1.16345,64
1779755220,1.16345,1.1636,1.16344,1.16359,57
1779755280,1.1636,1.1636,1.16356,1.16357,52
1779755340,1.16357,1.16359,1.16356,1.16357,49
1779755400,1.16357,1.16365,1.16356,1.16359,73
1779755460,1.16358,1.16366,1.16355,1.1636,76
1779755580,1.16356,1.16359,1.16355,1.16357,35
1779755640,1.16357,1.16361,1.16355,1.16358,55
1779755700,1.16358,1.16363,1.16354,1.16362,51
1779755820,1.16359,1.16361,1.16353,1.16353,38
1779755880,1.16357,1.16358,1.16355,1.16355,38
1779755940,1.16351,1.16358,1.1635,1.16358,42
1779756000,1.16354,1.16356,1.16349,1.1635,41
1779756060,1.16351,1.16362,1.16351,1.16356,60
1779756180,1.16362,1.16363,1.16361,1.16362,24
1779756240,1.16364,1.16364,1.16359,1.1636,27
1779756300,1.16358,1.16358,1.16353,1.16355,47
1779756360,1.16353,1.16373,1.16353,1.16372,74
1779756420,1.16371,1.16378,1.16365,1.16373,59
1779756540,1.16369,1.16372,1.16368,1.16369,43
1779756600,1.16367,1.16371,1.16367,1.16369,39
1779756660,1.16368,1.16373,1.16367,1.1637,32
1779756720,1.16369,1.16374,1.16367,1.1637,39
1779756780,1.16372,1.16374,1.16369,1.16369,37
1779756840,1.16368,1.16378,1.16367,1.16375,65
1779756900,1.16373,1.16393,1.16373,1.16392,74
1779757020,1.16392,1.16392,1.16385,1.16388,47
1779757080,1.1639,1.16396,1.1639,1.16393,61
1779757140,1.16395,1.16395,1.16385,1.16387,45
1779757200,1.16386,1.16393,1.16376,1.16381,104
1779757260,1.16382,1.16391,1.16382,1.16387,70
1779757320,1.16386,1.16388,1.16383,1.16384,64
1779757380,1.16383,1.16383,1.16372,1.16372,53
1779757440,1.16371,1.16374,1.16366,1.16367,61
1779757500,1.16366,1.16368,1.16362,1.16365,52
1779757560,1.16367,1.16367,1.16359,1.16359,61
1779757620,1.16359,1.16362,1.16352,1.16353,61
1779757740,1.16359,1.16359,1.16357,1.16358,47
1779757800,1.16359,1.16368,1.16359,1.16362,67
1779757860,1.16362,1.16368,1.1636,1.16363,42
1779757980,1.16373,1.16378,1.16372,1.16377,19
1779758040,1.16377,1.16383,1.16377,1.16379,37
1779758100,1.16393,1.16398,1.16387,1.1639,51
1779758160,1.16391,1.16393,1.16388,1.16389,40
1779758220,1.16388,1.16393,1.16388,1.16389,23
1779758280,1.16387,1.16389,1.16382,1.16382,49
1779758340,1.16381,1.16384,1.16378,1.16383,44
1779758520,1.16373,1.16383,1.16372,1.16383,53
1779758580,1.1638,1.16384,1.16376,1.16378,77
1779758640,1.16378,1.16382,1.16374,1.16378,52
1779758700,1.16377,1.16377,1.16362,1.16362,49
1779758760,1.16361,1.16367,1.16361,1.16366,39
1779758820,1.16363,1.16364,1.16362,1.16362,20
1779758880,1.16364,1.16368,1.16361,1.16361,28
1779758940,1.16362,1.16371,1.16361,1.16366,47
1779759000,1.16367,1.16368,1.16356,1.16362,83
1779759060,1.16363,1.16367,1.16359,1.16363,82
1779759120,1.16362,1.16363,1.16353,1.16353,63
1779759240,1.16351,1.16353,1.1635,1.16353,53
1779759300,1.16353,1.16354,1.1635,1.16352,29
1779759360,1.16353,1.16354,1.16342,1.16342,55
1779759480,1.16333,1.16336,1.16326,1.16333,58
1779759540,1.16336,1.16337,1.16319,1.1632,78
1779759600,1.16321,1.16321,1.16312,1.16317,95
1779759660,1.16316,1.16316,1.16304,1.16306,88
1779759720,1.16305,1.16313,1.16304,1.16313,82
1779759780,1.16313,1.16324,1.16312,1.16318,60
1779759840,1.16314,1.16315,1.16306,1.16309,30
1779759900,1.16311,1.16314,1.16307,1.16313,47
1779759960,1.16314,1.16318,1.16311,1.16318,42
1779760020,1.1632,1.16323,1.16319,1.16322,54
1779760080,1.1632,1.16321,1.16313,1.16316,39
1779760140,1.16315,1.16322,1.16315,1.1632,50
1779760200,1.16323,1.16326,1.16322,1.16325,52
1779760320,1.16324,1.16324,1.1632,1.16321,32
1779760380,1.16326,1.16332,1.16323,1.16332,35
1779760440,1.16332,1.16335,1.16331,1.16334,59
1779760500,1.16333,1.16339,1.16332,1.16334,66
1779760560,1.16335,1.16343,1.16333,1.16338,47
1779760620,1.1634,1.1634,1.16336,1.16337,20
1779760680,1.16333,1.16336,1.16331,1.16335,31
1779760740,1.16333,1.16336,1.16332,1.16335,42
1779760800,1.16337,1.1634,1.16333,1.16338,67
1779760860,1.16339,1.16344,1.16336,1.16341,46
1779760920,1.16341,1.16344,1.16336,1.16343,70
1779760980,1.16343,1.16347,1.16342,1.16345,50
1779761040,1.16344,1.16347,1.16339,1.16339,50
1779761100,1.1634,1.16346,1.16336,1.16343,66
1779761160,1.16344,1.16346,1.16342,1.16345,34
1779761220,1.16346,1.16349,1.16344,1.16344,26
1779761280,1.16344,1.16346,1.16342,1.16345,33
1779761340,1.16345,1.16352,1.16344,1.16349,42
1779761400,1.16347,1.16348,1.16343,1.16344,60
1779761520,1.16345,1.16345,1.16337,1.16339,35
1779761580,1.16334,1.16335,1.16333,1.16335,28
1779761640,1.16333,1.16333,1.16324,1.16327,52
1779761700,1.16326,1.16333,1.16324,1.16333,55
1779761760,1.16332,1.16335,1.16332,1.16335,33
1779761940,1.16332,1.16334,1.16331,1.16333,30
1779762000,1.16333,1.16333,1.16327,1.16327,42
1779762120,1.16328,1.16332,1.16325,1.16328,34
1779762180,1.16329,1.16332,1.16327,1.16328,30
1779762240,1.16327,1.16331,1.16327,1.16329,39
1779762420,1.16328,1.16337,1.16325,1.16335,25
1779762480,1.16335,1.16336,1.1633,1.1633,24
1779762540,1.1633,1.16332,1.16328,1.16331,53
1779762600,1.16331,1.16334,1.1633,1.16333,30
1779762660,1.16335,1.16338,1.16332,1.16338,61
1779762720,1.16338,1.16342,1.16335,1.16338,44
1779762780,1.16338,1.16338,1.16334,1.16335,30
1779762840,1.16336,1.16339,1.16335,1.16337,22
1779762900,1.16331,1.16333,1.16329,1.1633,58
1779763020,1.16337,1.16339,1.16331,1.16333,51
1779763140,1.16336,1.16337,1.16334,1.16334,19
1779763260,1.16333,1.16335,1.16332,1.16334,32
1779763320,1.1633,1.16331,1.16328,1.16331,11
1779763380,1.16331,1.16331,1.16316,1.16318,63
1779763440,1.16319,1.16319,1.16315,1.16317,48
1779763500,1.16318,1.16318,1.16312,1.16313,23
1779763560,1.16316,1.16324,1.16316,1.16324,54
1779763620,1.16323,1.16329,1.16323,1.16329,17
1779763680,1.16329,1.16329,1.16327,1.16328,16
1779763740,1.16328,1.1633,1.16326,1.16327,43
1779763800,1.16328,1.16332,1.16326,1.16331,38
1779763860,1.16332,1.16334,1.16329,1.16331,38
1779763920,1.16332,1.16334,1.16331,1.16331,30
1779763980,1.1633,1.16334,1.1633,1.16334,31
1779764040,1.16332,1.16333,1.16329,1.16329,29
1779764100,1.16333,1.16341,1.16331,1.1634,37
1779764220,1.16338,1.16339,1.16332,1.16333,21
1779764280,1.16334,1.16335,1.16333,1.16334,21
1779764340,1.16334,1.16345,1.16334,1.16341,40
1779764400,1.1634,1.16344,1.16338,1.16344,42
1779764460,1.16343,1.1635,1.16343,1.16348,25
1779764520,1.16347,1.16348,1.16341,1.16342,24
1779764580,1.16341,1.16341,1.16338,1.1634,31
1779764640,1.16339,1.16339,1.16337,1.16338,21
1779764700,1.16337,1.16346,1.16336,1.16345,23
1779764820,1.16348,1.16351,1.16347,1.16348,22
1779764940,1.16348,1.16351,1.16346,1.1635,32
1779765000,1.16344,1.16346,1.16342,1.16345,22
1779765060,1.16344,1.16349,1.16343,1.16348,32
1779765120,1.16349,1.16349,1.16344,1.16349,26
1779765180,1.16352,1.16354,1.16348,1.16349,26
1779765240,1.16349,1.16349,1.16346,1.16348,22
1779765300,1.16347,1.16351,1.16346,1.16351,37
1779765480,1.16353,1.16355,1.16352,1.16355,13
1779765540,1.16354,1.16358,1.16354,1.16355,22
1779765600,1.16358,1.16363,1.16357,1.16363,25
1779765660,1.16359,1.16365,1.16359,1.16365,26
1779765780,1.16364,1.16364,1.16363,1.16364,16
1779765840,1.16364,1.16364,1.16363,1.16364,21
1779765900,1.16364,1.16372,1.16364,1.16368,41
1779766080,1.16352,1.16354,1.16352,1.16352,9
1779766140,1.16352,1.16353,1.1635,1.1635,11
1779766200,1.16346,1.1635,1.16346,1.16348,38
1779766260,1.16349,1.16349,1.16347,1.16348,22
1779766440,1.16348,1.16348,1.16347,1.16348,4
1779766500,1.16348,1.1635,1.16348,1.16348,23
1779766560,1.16349,1.16352,1.16349,1.16351,30
1779766620,1.16351,1.16352,1.16346,1.16349,40
1779766680,1.1635,1.16352,1.16348,1.16349,24
1779766740,1.16348,1.16349,1.16346,1.16346,14
1779766920,1.16348,1.16348,1.16346,1.16346,16
1779766980,1.16346,1.1635,1.16345,1.16348,20
1779767040,1.16353,1.16354,1.16349,1.16351,19
1779767100,1.1635,1.1635,1.16347,1.16348,34
1779767160,1.16349,1.16352,1.16347,1.16351,38
1779767220,1.16352,1.16352,1.16348,1.1635,25
1779767340,1.16347,1.16349,1.16346,1.16348,13
1779767400,1.16348,1.1635,1.16347,1.16348,24
1779767460,1.16347,1.16349,1.16342,1.16343,27
1779767520,1.16343,1.16349,1.16342,1.16349,21
1779767580,1.16348,1.16349,1.16347,1.16348,8
1779767640,1.16348,1.16351,1.16347,1.16351,18
1779767700,1.1635,1.16352,1.16347,1.16349,25
1779767760,1.1635,1.16354,1.16348,1.16352,26
1779767820,1.16353,1.16357,1.16352,1.16356,37
1779767880,1.1636,1.16362,1.16357,1.16361,24
1779767940,1.16361,1.16361,1.16357,1.1636,24
1779768000,1.16359,1.16361,1.16356,1.16358,25
1779768060,1.16358,1.1636,1.16357,1.16359,18
1779768120,1.16359,1.16359,1.16357,1.16357,20
1779768180,1.16358,1.16358,1.16346,1.16346,33
1779768240,1.16347,1.16348,1.16341,1.16342,28
1779768300,1.16343,1.16344,1.16334,1.16338,36
1779768360,1.16339,1.16339,1.16336,1.16337,10
1779768480,1.16342,1.16342,1.16342,1.16342,6
1779768540,1.16341,1.16347,1.16341,1.16346,13
1779768600,1.16344,1.16348,1.16344,1.16347,13
1779768660,1.16346,1.16349,1.16346,1.16348,14
1779768780,1.16348,1.16348,1.16346,1.16347,9
1779768840,1.16348,1.16357,1.16348,1.16356,17
1779768900,1.16353,1.16353,1.16348,1.16352,29
1779768960,1.16353,1.16353,1.16345,1.16346,22
1779769140,1.16348,1.16349,1.16347,1.16349,6
1779769200,1.16349,1.16349,1.16347,1.16347,6
1779769320,1.16347,1.16348,1.16343,1.16344,8
1779769380,1.16343,1.16343,1.16341,1.16342,8
1779769440,1.16343,1.16344,1.16342,1.16343,15
1779769620,1.16337,1.16338,1.16337,1.16337,10
1779769680,1.16337,1.16338,1.16335,1.16337,18
1779769740,1.16334,1.16335,1.16332,1.16333,14
1779769800,1.16333,1.16333,1.16328,1.16329,17
1779769860,1.1633,1.16336,1.1633,1.16336,31
1779769920,1.16336,1.16342,1.16336,1.16342,36
1779770040,1.16341,1.16342,1.16339,1.16339,22
1779770100,1.16339,1.1634,1.16336,1.1634,23
1779770160,1.16339,1.1634,1.16333,1.16334,21
1779770280,1.16331,1.16331,1.16331,1.16331,2
1779770340,1.16333,1.16333,1.16332,1.16333,5
1779770460,1.1633,1.16331,1.16327,1.1633,14
1779770520,1.1633,1.1633,1.16323,1.16327,33
1779770640,1.1633,1.16331,1.16329,1.16329,7
1779770700,1.16328,1.16329,1.16325,1.16328,35
1779770760,1.16327,1.16327,1.16322,1.16326,33
1779770820,1.16325,1.16327,1.16321,1.16323,44
1779770880,1.16322,1.16323,1.1632,1.16321,44
1779770940,1.1632,1.16326,1.1632,1.16325,49
1779771000,1.16326,1.16332,1.16325,1.16328,31
1779771060,1.16329,1.1633,1.16324,1.16326,19
1779771120,1.16327,1.16327,1.16318,1.16318,23
1779771180,1.16316,1.1632,1.16316,1.1632,11
1779771240,1.1632,1.1632,1.16319,1.16319,8
1779771300,1.16321,1.16321,1.16311,1.16312,37
1779771360,1.16313,1.16315,1.16307,1.16307,40
1779771420,1.16307,1.16312,1.16307,1.16309,32
1779771480,1.16306,1.16311,1.16305,1.16309,40
1779771540,1.16309,1.16309,1.16299,1.16301,39
1779771600,1.16295,1.16303,1.16294,1.16303,72
1779771660,1.16302,1.16302,1.16293,1.16296,40
1779771720,1.16297,1.16299,1.16295,1.16298,32
1779771780,1.16297,1.16298,1.16292,1.16293,32
1779771840,1.16289,1.16294,1.16287,1.16294,51
1779771900,1.16295,1.16297,1.16292,1.16294,49
1779771960,1.16293,1.16294,1.16286,1.16286,38
1779772020,1.16286,1.16294,1.16286,1.16293,36
1779772080,1.16292,1.16295,1.16291,1.16292,47
1779772140,1.16291,1.16297,1.16291,1.16293,34
1779772200,1.16292,1.16293,1.16288,1.16291,32
1779772260,1.16291,1.16292,1.16289,1.1629,40
1779772320,1.16291,1.16291,1.16288,1.1629,27
1779772380,1.16291,1.16291,1.16288,1.1629,31
1779772440,1.16288,1.1629,1.16287,1.16289,36
1779772500,1.1629,1.1629,1.16286,1.1629,39
1779772560,1.16291,1.16294,1.1629,1.16294,33
1779772620,1.16296,1.16297,1.16291,1.16292,50
1779772740,1.16287,1.16289,1.16284,1.16284,39
1779772800,1.16281,1.16285,1.1628,1.16282,40
1779772860,1.16283,1.16287,1.16282,1.16286,48
1779772980,1.16285,1.16287,1.16285,1.16286,16
1779773040,1.16287,1.16288,1.16286,1.16286,20
1779773100,1.16287,1.16288,1.16286,1.16288,27
1779773220,1.16294,1.16298,1.16293,1.16296,35
1779773280,1.16295,1.16296,1.16293,1.16295,27
1779773340,1.16294,1.16298,1.16293,1.16295,43
1779773400,1.16294,1.16306,1.16292,1.16295,65
1779773460,1.16297,1.16297,1.16289,1.16291,56
1779773580,1.16294,1.16295,1.16292,1.16292,27
1779773640,1.16292,1.16293,1.16289,1.16293,21
1779773700,1.16293,1.16298,1.16292,1.16294,30
1779773820,1.16298,1.16303,1.16297,1.16302,28
1779773880,1.16302,1.16304,1.16296,1.16302,34
1779773940,1.16306,1.16306,1.16301,1.16303,23
1779774120,1.16296,1.16297,1.16293,1.16297,23
1779774180,1.16296,1.16299,1.16294,1.16298,33
1779774240,1.16298,1.16299,1.16298,1.16298,10
1779774300,1.16298,1.16298,1.16296,1.16296,16
1779774360,1.16298,1.16298,1.16291,1.16291,27
1779774420,1.16291,1.16292,1.16288,1.16289,21
1779774540,1.16297,1.16299,1.16293,1.16294,24
1779774600,1.16291,1.16294,1.16289,1.16292,39
1779774660,1.16291,1.16294,1.16288,1.16288,40
1779774720,1.1629,1.16294,1.16288,1.1629,19
1779774840,1.16289,1.16289,1.16286,1.16287,11
1779774900,1.16291,1.16291,1.16273,1.16276,55
1779774960,1.16275,1.16278,1.16274,1.16277,54
1779775020,1.16278,1.16279,1.16277,1.16278,30
1779775080,1.16277,1.16282,1.16276,1.1628,40
1779775140,1.16281,1.16282,1.16278,1.16279,42
1779775200,1.16279,1.16284,1.16271,1.1628,110
1779775260,1.16281,1.16286,1.16278,1.16285,73
1779775320,1.16283,1.16295,1.16281,1.16295,66
1779775380,1.16298,1.163,1.16292,1.16293,58
1779775440,1.16294,1.16294,1.16288,1.16288,49
1779775500,1.16289,1.16293,1.16288,1.1629,69
1779775560,1.16289,1.1629,1.16283,1.16284,52
1779775680,1.16295,1.16295,1.16292,1.16294,15
1779775740,1.16292,1.16294,1.16291,1.16293,18
1779775800,1.16295,1.16296,1.16288,1.16295,39
1779775920,1.16294,1.16294,1.16288,1.16288,39
1779775980,1.1629,1.16299,1.1629,1.16299,33
1779776040,1.16299,1.163,1.16297,1.16298,31
1779776100,1.16299,1.16299,1.16287,1.16287,59
1779776160,1.16288,1.16296,1.16288,1.16295,52
1779776280,1.163,1.16306,1.16298,1.16299,26
1779776340,1.16304,1.16306,1.16301,1.16305,35
1779776400,1.16305,1.16306,1.16303,1.16304,25
1779776460,1.16305,1.16309,1.16304,1.16309,24
1779776520,1.1631,1.16314,1.16308,1.1631,32
1779776580,1.16309,1.16311,1.16308,1.1631,35
1779776640,1.16314,1.16326,1.16313,1.16325,50
1779776700,1.16324,1.16346,1.16323,1.16344,78
1779776760,1.16345,1.16354,1.16344,1.16351,73
1779776880,1.16355,1.16356,1.16342,1.16347,37
1779776940,1.16325,1.16339,1.1632,1.16339,73
1779777000,1.16328,1.16359,1.16326,1.16359,81
1779777060,1.16358,1.16361,1.16342,1.16344,67
1779777120,1.16345,1.16345,1.16326,1.16334,94
1779777180,1.16335,1.16349,1.16335,1.16344,76
1779777240,1.16344,1.16345,1.16339,1.1634,62
1779777300,1.16341,1.16349,1.16339,1.16339,40
1779777360,1.16341,1.16348,1.16339,1.16344,47
1779777420,1.16345,1.16354,1.16341,1.16353,39
1779777480,1.16354,1.16356,1.16349,1.16355,56
1779777540,1.16353,1.16359,1.16353,1.16356,32
1779777600,1.16355,1.16358,1.1635,1.16351,55
1779777720,1.1635,1.16354,1.16344,1.16344,32
1779777780,1.16344,1.16346,1.16339,1.16346,43
1779777840,1.16346,1.16361,1.16345,1.16361,40
1779777900,1.16361,1.16364,1.16353,1.16356,45
1779777960,1.16355,1.16361,1.16355,1.16359,52
1779778140,1.16352,1.16352,1.16346,1.16349,19
1779778200,1.16355,1.16357,1.16351,1.16354,63
1779778320,1.16356,1.16362,1.16353,1.16362,31
1779778380,1.16359,1.16361,1.16358,1.16359,40
1779778440,1.16359,1.16369,1.16349,1.16369,101
1779778500,1.16368,1.16375,1.16365,1.1637,116
1779778560,1.16371,1.16376,1.16364,1.16364,93
1779778620,1.16364,1.16365,1.16349,1.1636,76
1779778680,1.16345,1.16351,1.16344,1.16349,78
1779778740,1.16349,1.1635,1.16339,1.16341,94
1779778800,1.16352,1.16357,1.1634,1.16355,77
1779778860,1.16355,1.16365,1.16345,1.16348,63
1779778920,1.16349,1.16354,1.16343,1.16344,81
1779783240,1.16383,1.16384,1.16376,1.16376,30
1779783300,1.16387,1.16394,1.16387,1.16389,75
1779783360,1.16388,1.16394,1.16388,1.16389,66
1779783420,1.16391,1.16404,1.16389,1.16399,58
1779783480,1.16398,1.16409,1.16398,1.16408,48
1779783540,1.16412,1.16421,1.16401,1.16406,109
1779783600,1.16406,1.16412,1.16403,1.16409,57
1779783660,1.16408,1.16418,1.16406,1.16408,81
1779783720,1.16408,1.16409,1.16402,1.16402,33
1779783780,1.16404,1.1641,1.16403,1.16405,50
1779783840,1.16409,1.1641,1.16406,1.16409,44
1779783900,1.16409,1.16409,1.16402,1.16406,50
1779784080,1.16389,1.16391,1.16375,1.16383,45
1779784140,1.16395,1.16396,1.16384,1.1639,69
1779784200,1.16391,1.16395,1.16382,1.16395,98
1779784260,1.16397,1.16409,1.16397,1.16409,65
1779784440,1.16403,1.16404,1.16383,1.16384,33
1779784500,1.16389,1.16397,1.16385,1.16394,68
1779784620,1.16391,1.16393,1.16384,1.16386,79
1779784680,1.16393,1.16395,1.16389,1.16389,69
1779784740,1.1639,1.16395,1.16378,1.16378,62
1779784800,1.16382,1.16384,1.16373,1.16375,68
1779784920,1.16368,1.16369,1.16367,1.16369,43
1779784980,1.16367,1.16369,1.16359,1.16359,56
1779785040,1.16353,1.16353,1.16348,1.16348,71
1779785100,1.16349,1.16353,1.16345,1.16345,77
1779785160,1.16346,1.16354,1.16345,1.16351,58
1779785220,1.16351,1.16354,1.1635,1.16352,49
1779785280,1.16351,1.16363,1.16346,1.16363,62
1779785340,1.16363,1.16365,1.16361,1.16365,26
1779785400,1.16364,1.16378,1.1636,1.16378,51
1779785460,1.16379,1.16385,1.16379,1.16382,51
1779785520,1.16386,1.16391,1.16386,1.16386,62
1779785580,1.16387,1.16405,1.16385,1.16404,45
1779785640,1.16405,1.16409,1.16404,1.16407,37
1779785700,1.16405,1.16405,1.16388,1.16388,43
1779785760,1.16387,1.1639,1.16383,1.16383,51
1779785820,1.16384,1.16384,1.16369,1.1637,62
1779785880,1.16376,1.1638,1.16368,1.16369,63
1779785940,1.16369,1.1637,1.16361,1.16365,88
1779786000,1.16366,1.16366,1.16353,1.16354,117
1779786060,1.16354,1.16357,1.16349,1.16353,111
1779786120,1.16354,1.16355,1.16341,1.16343,84
1779786180,1.16344,1.16344,1.16331,1.16334,79
1779786240,1.16333,1.16341,1.16333,1.16339,79
1779786300,1.16343,1.16346,1.16324,1.16343,71
1779786360,1.16342,1.16359,1.16339,1.16359,104
1779786420,1.16358,1.16368,1.1635,1.1635,95
1779786480,1.16352,1.1637,1.16352,1.1637,90
1779786540,1.16371,1.16377,1.16366,1.16377,48
1779786600,1.1637,1.16375,1.1637,1.16374,30
1779786720,1.16381,1.16391,1.1638,1.16386,51
1779786840,1.16382,1.16385,1.1638,1.16384,18
1779787080,1.16394,1.16394,1.16377,1.16381,77
1779787140,1.1638,1.16405,1.16375,1.16397,88
1779787200,1.16396,1.16409,1.16396,1.164,71
1779787320,1.164,1.164,1.16393,1.16393,45
1779787380,1.16393,1.16394,1.1637,1.1638,72
1779787440,1.16381,1.16389,1.16379,1.16389,45
1779787620,1.16403,1.16406,1.16403,1.16404,43
1779787680,1.16406,1.16406,1.16398,1.16399,39
1779787740,1.16405,1.16421,1.16403,1.16416,70
1779787800,1.16418,1.16421,1.16399,1.16403,91
1779787860,1.16404,1.16413,1.164,1.16413,62
1779787920,1.16414,1.16414,1.16403,1.16406,50
1779788040,1.16423,1.16434,1.16422,1.16423,78
1779788100,1.16423,1.16426,1.16417,1.16419,63
1779788160,1.16418,1.16428,1.16418,1.16428,49
1779788220,1.16427,1.16428,1.16419,1.16419,52
1779788340,1.16411,1.16413,1.16409,1.16413,25
1779788400,1.16415,1.16426,1.16415,1.16418,38
1779788520,1.16422,1.16422,1.16414,1.1642,43
1779788580,1.16424,1.16424,1.1642,1.16424,20
1779788640,1.16423,1.16423,1.16409,1.16411,57
1779788700,1.16409,1.16414,1.16408,1.1641,49
1779788760,1.16411,1.16421,1.16411,1.16416,50
1779788820,1.16415,1.16415,1.16414,1.16414,41
1779788880,1.16414,1.16415,1.16413,1.16415,25
1779788940,1.16413,1.16419,1.16413,1.16419,43
1779789000,1.16424,1.16426,1.16411,1.16411,78
1779789060,1.16411,1.16412,1.16403,1.16408,56
1779789120,1.16409,1.16416,1.16403,1.16414,54
1779789180,1.16413,1.16414,1.16406,1.16407,28
1779789240,1.16404,1.16409,1.16399,1.16409,47
1779789300,1.1643,1.1644,1.1643,1.16437,79
1779789360,1.16437,1.1644,1.16436,1.16439,47
1779789420,1.16439,1.16439,1.16424,1.16426,60
1779789540,1.1642,1.16428,1.16419,1.16427,44
1779789600,1.16428,1.16436,1.16421,1.16433,101
1779789660,1.16432,1.16432,1.16421,1.16423,64
1779789720,1.16424,1.16424,1.16414,1.16415,75
1779789780,1.16415,1.1642,1.16413,1.16413,49
1779789840,1.16414,1.16414,1.16401,1.16401,49
1779789900,1.16403,1.16406,1.16397,1.16406,37
1779790020,1.16408,1.1641,1.16408,1.1641,26
1779790080,1.16416,1.1642,1.16413,1.16417,46
1779790140,1.16417,1.16421,1.16416,1.16416,47
1779790260,1.16427,1.1643,1.16421,1.16425,56
1779790380,1.16434,1.16434,1.16429,1.16433,39
1779790440,1.16429,1.16429,1.16419,1.16428,40
1779790500,1.16428,1.16435,1.16427,1.1643,60
1779790560,1.16431,1.16433,1.16429,1.16433,57
1779790620,1.16431,1.16431,1.16423,1.16423,56
1779790740,1.16431,1.16433,1.16431,1.16431,20
1779790800,1.16429,1.16433,1.16417,1.16419,59
1779790860,1.16419,1.16421,1.16415,1.16416,47
1779790920,1.16416,1.16425,1.16413,1.16425,65
1779791040,1.16429,1.16434,1.16429,1.16433,18
1779791100,1.16414,1.16417,1.16409,1.16414,55
1779791220,1.16415,1.1642,1.16413,1.16413,34
1779791280,1.16409,1.16433,1.16408,1.16429,67
1779791340,1.16432,1.16433,1.16419,1.16429,63
1779791400,1.16431,1.16451,1.16429,1.16433,147
1779791460,1.16432,1.16433,1.16414,1.16416,86
1779791520,1.16417,1.16417,1.16406,1.16411,92
1779791580,1.1641,1.16425,1.16408,1.16409,61
1779791640,1.16409,1.16416,1.16404,1.16408,61
1779791700,1.16412,1.16418,1.16398,1.16398,79
1779791880,1.16378,1.16378,1.16378,1.16378,1
1779791940,1.16378,1.16385,1.16378,1.16384,53
1779792120,1.1639,1.16391,1.16383,1.16385,58
1779792180,1.16386,1.16401,1.16385,1.16391,53
1779792240,1.16392,1.16406,1.16392,1.16406,61
1779792300,1.16405,1.16413,1.16402,1.1641,57
1779792480,1.16407,1.16409,1.16399,1.16399,59
1779792540,1.16401,1.16409,1.164,1.16409,66
1779792600,1.16408,1.16414,1.16408,1.16413,58
1779792660,1.16409,1.16424,1.16409,1.16415,80
1779792720,1.16416,1.16428,1.16415,1.16427,103
1779792780,1.16428,1.16429,1.16426,1.16429,46
1779792840,1.16427,1.16428,1.16422,1.16426,48
1779792900,1.16425,1.16435,1.1642,1.1642,87
1779792960,1.16416,1.16426,1.16414,1.16426,75
1779793020,1.16424,1.16432,1.16419,1.16419,78
1779793080,1.16419,1.16432,1.16419,1.16431,68
1779793140,1.16432,1.16432,1.16423,1.16424,55
1779793200,1.16415,1.1642,1.16408,1.16408,93
1779793260,1.16405,1.16416,1.16405,1.16409,93
1779793320,1.16409,1.16418,1.16408,1.16414,80
1779793380,1.16419,1.16429,1.16418,1.16429,78
1779793440,1.16429,1.1643,1.16413,1.16421,57
1779793500,1.16422,1.1643,1.16419,1.16426,89
1779793560,1.16425,1.16432,1.16424,1.16429,57
1779793620,1.16428,1.16431,1.16427,1.16429,48
1779793680,1.1643,1.16434,1.1643,1.16434,30
1779793740,1.16432,1.16444,1.16432,1.16443,48
1779793800,1.16442,1.16446,1.16441,1.16446,41
1779793860,1.16446,1.16448,1.16438,1.16438,47
1779793920,1.16437,1.16448,1.16434,1.16447,70
1779793980,1.16446,1.16449,1.16438,1.1644,37
1779794040,1.16438,1.16439,1.16436,1.16437,20
1779794100,1.16433,1.16438,1.16423,1.16428,55
1779794160,1.16428,1.16432,1.16421,1.16432,53
1779794220,1.16431,1.16445,1.16428,1.16438,55
1779794280,1.16439,1.16439,1.16424,1.16426,75
1779794340,1.16426,1.16429,1.16425,1.16425,33
1779794400,1.16425,1.16426,1.16417,1.16418,64
1779794520,1.16417,1.16422,1.16415,1.16415,37
1779794580,1.16415,1.16417,1.16411,1.16412,43
1779794640,1.16411,1.16419,1.16411,1.16418,31
1779794700,1.16417,1.16421,1.16407,1.16413,50
1779794760,1.16414,1.1642,1.16411,1.16413,52
1779794820,1.16412,1.16413,1.16407,1.16409,23
1779794880,1.16406,1.16407,1.16402,1.16403,47
1779794940,1.16405,1.16405,1.16398,1.164,43
1779795000,1.16402,1.16411,1.16397,1.16411,57
1779795060,1.1641,1.16413,1.16408,1.16409,49
1779795120,1.16409,1.16421,1.16408,1.16418,47
1779795240,1.16411,1.16411,1.16382,1.16383,127
1779795300,1.16396,1.16404,1.16358,1.16361,119
1779795360,1.1636,1.16374,1.16354,1.16374,154
1779795420,1.16373,1.16393,1.1637,1.16389,96
1779795540,1.16384,1.16385,1.16376,1.16378,50
1779795600,1.16376,1.16378,1.16368,1.16368,86
1779795660,1.16368,1.16369,1.16363,1.16365,43
1779795720,1.16364,1.16364,1.16357,1.16358,70
1779795780,1.16357,1.16366,1.16355,1.1636,85
1779795840,1.16363,1.16363,1.1635,1.1635,60
1779795900,1.1635,1.16357,1.16342,1.16342,94
1779795960,1.16342,1.1635,1.16341,1.16348,83
1779796080,1.16347,1.16348,1.16337,1.16338,41
1779796140,1.16339,1.16346,1.16337,1.16343,58
1779796200,1.16343,1.16353,1.16342,1.16348,55
1779796380,1.16346,1.16349,1.16344,1.16344,43
1779796440,1.1635,1.16354,1.16345,1.16348,61
1779796620,1.16361,1.16364,1.16349,1.16351,94
1779796740,1.16343,1.16343,1.1634,1.16341,51
1779796800,1.16348,1.16348,1.16327,1.1633,104
1779796860,1.16329,1.16348,1.16329,1.16348,81
1779796920,1.16348,1.16356,1.16347,1.16352,79
1779796980,1.16351,1.16353,1.16348,1.16352,60
1779797040,1.16351,1.16352,1.16346,1.16349,71
1779797100,1.16349,1.1636,1.16347,1.16348,88
1779797220,1.16346,1.1635,1.16342,1.16347,52
1779797280,1.16341,1.16342,1.1631,1.16316,87
1779797340,1.16317,1.16345,1.16312,1.16342,123
1779797400,1.16339,1.16345,1.16318,1.1634,132
1779797460,1.16341,1.16343,1.16333,1.16338,67
1779797580,1.16341,1.16349,1.1634,1.16348,20
1779797640,1.16353,1.16353,1.16337,1.16338,49
1779797700,1.16338,1.16338,1.16328,1.16332,96
1779797760,1.16332,1.16339,1.16328,1.16332,77
1779797820,1.16332,1.16337,1.16328,1.16336,66
1779797880,1.16336,1.16336,1.16323,1.16328,68
1779797940,1.16329,1.16339,1.16329,1.16335,85
1779798000,1.16333,1.16342,1.16333,1.16339,69
1779798060,1.16338,1.16343,1.16337,1.16341,48
1779798120,1.16342,1.16343,1.16331,1.16332,45
1779798180,1.16331,1.16333,1.16327,1.16329,63
1779798240,1.16329,1.16332,1.16326,1.16329,65
1779798300,1.16326,1.16333,1.16322,1.16332,45
1779798420,1.16338,1.16345,1.16337,1.16342,31
1779798480,1.16344,1.16349,1.16344,1.16346,22
1779798540,1.16345,1.16353,1.16345,1.16352,35
1779798600,1.16353,1.16354,1.16344,1.16347,45
1779798660,1.16346,1.16346,1.16342,1.16344,21
1779798720,1.16343,1.16353,1.1634,1.16351,62
1779798780,1.16352,1.16354,1.16344,1.16354,74
1779798840,1.16355,1.16366,1.16352,1.16365,61
1779798900,1.16364,1.16364,1.16352,1.16358,60
1779799020,1.16352,1.16353,1.16341,1.16343,70
1779799140,1.16334,1.1634,1.16334,1.16338,41
1779799320,1.16343,1.16357,1.16337,1.16357,63
1779799380,1.16353,1.16359,1.16351,1.16352,71
1779799440,1.16349,1.16357,1.16335,1.16338,91
1779799500,1.16339,1.16342,1.16331,1.16342,88
1779799560,1.16344,1.16346,1.16333,1.16338,62
1779799620,1.16338,1.16339,1.16324,1.16325,65
1779799740,1.16327,1.1634,1.16327,1.16337,87
1779799800,1.16337,1.16347,1.16337,1.16342,82
1779799860,1.16341,1.16345,1.16336,1.16336,80
1779799980,1.16338,1.16338,1.16331,1.16333,31
1779800040,1.16335,1.16336,1.16327,1.1633,53
1779800100,1.16333,1.16339,1.16323,1.16323,88
1779800160,1.16322,1.16324,1.16317,1.16319,69
1779800220,1.1632,1.16322,1.16317,1.1632,57
1779800280,1.16318,1.1633,1.16317,1.16328,63
1779800340,1.16327,1.16328,1.16319,1.1632,69
1779800400,1.16319,1.16323,1.16312,1.16321,94
1779800460,1.16318,1.16321,1.16313,1.1632,81
1779800520,1.16321,1.1633,1.16319,1.16323,96
1779800580,1.16324,1.16328,1.16311,1.16314,65
1779800640,1.16314,1.16316,1.16304,1.16313,101
1779800700,1.16312,1.16315,1.16305,1.16307,76
1779800760,1.16304,1.16318,1.16303,1.16314,84
1779800880,1.16308,1.16308,1.16302,1.16302,42
1779800940,1.16303,1.1631,1.16298,1.1631,51
1779801000,1.1631,1.16328,1.1631,1.16325,74
1779801060,1.16324,1.16325,1.16299,1.16312,96
1779801120,1.16311,1.16312,1.16295,1.16298,87
1779801180,1.163,1.16301,1.16292,1.16293,42
1779801240,1.16291,1.16305,1.16289,1.16303,70
1779801300,1.16307,1.16316,1.16303,1.16313,76
1779801360,1.16313,1.16314,1.16308,1.16314,75
1779801420,1.16315,1.1632,1.16312,1.16319,95
1779801480,1.16323,1.16323,1.16311,1.16317,102
1779801540,1.16318,1.16318,1.16307,1.16308,51
1779801600,1.16306,1.16318,1.16305,1.16318,70
1779801720,1.16319,1.16323,1.16317,1.16317,48
1779801780,1.16321,1.16328,1.16321,1.16322,50
1779801840,1.16321,1.16323,1.16314,1.1632,76
1779801960,1.16316,1.16318,1.1631,1.16312,49
1779802020,1.16314,1.16314,1.163,1.16303,40
1779802080,1.16303,1.16303,1.16288,1.16288,54
1779802140,1.16278,1.16279,1.16266,1.16267,84
1779802200,1.16268,1.16286,1.16268,1.16286,109
1779802260,1.16284,1.16288,1.16277,1.1628,128
1779802320,1.16279,1.16279,1.16263,1.16266,120
1779802440,1.16274,1.16274,1.16258,1.16261,99
1779802500,1.16262,1.16267,1.16254,1.1626,136
1779802560,1.16261,1.16282,1.1626,1.16277,121
1779802680,1.16298,1.16303,1.16288,1.16291,81
1779802740,1.16289,1.16292,1.16283,1.16285,56
1779802800,1.16283,1.16284,1.16275,1.16276,113
1779802980,1.16271,1.16271,1.16271,1.16271,2
1779803040,1.16289,1.16294,1.16288,1.16289,51
1779803100,1.16281,1.16288,1.16281,1.16283,103
1779803160,1.16283,1.16291,1.16277,1.16291,123
1779803280,1.16303,1.16314,1.16293,1.16297,102
1779803340,1.16298,1.16307,1.16295,1.16303,102
1779803400,1.16303,1.16304,1.16267,1.16268,153
1779803520,1.1624,1.16241,1.16228,1.16237,93
1779803580,1.16245,1.16247,1.16193,1.16193,139
1779803640,1.16187,1.16204,1.16183,1.16196,131
1779803700,1.16208,1.16228,1.16205,1.16225,175
1779803760,1.16226,1.16235,1.16224,1.16235,166
1779803880,1.16234,1.1624,1.16233,1.16234,55
1779803940,1.16243,1.16255,1.16241,1.16254,53
1779804000,1.16255,1.16257,1.16222,1.16222,107
1779804060,1.16222,1.1627,1.16222,1.16269,133
1779804120,1.16267,1.16297,1.16267,1.16274,123
1779804180,1.16273,1.16288,1.16263,1.16283,154
1779804240,1.16284,1.16284,1.16267,1.16269,100
1779804420,1.1626,1.16277,1.1626,1.1626,73
1779804480,1.1626,1.16262,1.16243,1.16249,95
1779804540,1.16251,1.16255,1.16243,1.16255,132
1779804600,1.16254,1.16265,1.16242,1.16259,126
1779804720,1.16253,1.16255,1.16243,1.16244,56
1779804780,1.16237,1.16242,1.16233,1.16237,75
1779804840,1.16234,1.16244,1.16233,1.16243,70
1779804900,1.16248,1.16249,1.1623,1.16231,96
1779804960,1.16233,1.1624,1.16222,1.16222,102
1779805020,1.16222,1.16228,1.16218,1.16223,94
1779805140,1.16232,1.1624,1.16223,1.16224,81
1779805200,1.1623,1.16232,1.16218,1.16224,107
1779805260,1.16225,1.16239,1.16224,1.16239,83
1779805380,1.16259,1.1626,1.16252,1.16257,42
1779805440,1.16244,1.16256,1.16241,1.16249,65
1779805500,1.16246,1.16249,1.16237,1.16237,109
1779805620,1.16224,1.16224,1.16213,1.16213,68
1779805740,1.16228,1.16234,1.16228,1.1623,58
1779805800,1.16242,1.16246,1.16237,1.16237,110
1779805860,1.16238,1.1625,1.16236,1.1625,98
1779805980,1.16248,1.1625,1.16228,1.16242,124
1779806040,1.16243,1.1626,1.16239,1.1626,120
1779806100,1.16261,1.16289,1.1626,1.16285,116
1779806220,1.16264,1.16264,1.1625,1.16258,90
1779806280,1.16259,1.16259,1.16251,1.16254,77
1779806340,1.16254,1.16258,1.16248,1.1625,87
1779806400,1.16249,1.1628,1.16249,1.1628,118
1779806460,1.1628,1.16286,1.16274,1.16281,87
1779806580,1.16279,1.16279,1.16268,1.16269,66
1779806640,1.16263,1.16264,1.16253,1.16258,51
1779806700,1.16257,1.16265,1.16248,1.16263,97
1779806760,1.16264,1.16264,1.16248,1.16263,95
1779806820,1.16263,1.16275,1.16261,1.16268,81
1779806940,1.16279,1.16288,1.16278,1.16279,61
1779807000,1.16271,1.16281,1.16268,1.16271,98
1779807060,1.16272,1.16278,1.16267,1.16269,87
1779807120,1.16269,1.16279,1.16266,1.16267,100
1779807180,1.16268,1.16275,1.16262,1.16263,106
1779807240,1.1626,1.16265,1.16252,1.16259,137
1779807300,1.16258,1.16259,1.16245,1.16247,145
1779807420,1.16249,1.16249,1.16238,1.16249,77
1779807480,1.16243,1.16253,1.16243,1.16249,92
1779807540,1.16254,1.16257,1.16244,1.1625,99
1779807600,1.1625,1.1625,1.16235,1.16239,121
1779807660,1.1624,1.16242,1.16224,1.16226,124
1779807720,1.16226,1.16229,1.16205,1.16226,153
1779807780,1.16225,1.16235,1.16215,1.16229,97
1779807840,1.16228,1.16228,1.16217,1.16224,98
1779807900,1.16223,1.16239,1.16222,1.16229,120
1779808020,1.16233,1.16234,1.16223,1.16223,72
1779808080,1.16222,1.16223,1.16207,1.16209,102
1779808140,1.16211,1.16219,1.16198,1.16213,121
1779808320,1.16238,1.16247,1.16237,1.16243,75
1779808380,1.16253,1.16255,1.16238,1.16253,74
1779808440,1.16255,1.16258,1.16227,1.16227,88
1779808500,1.16227,1.16229,1.1622,1.16221,105
1779808560,1.16223,1.16224,1.16209,1.16215,77
1779808620,1.16212,1.16216,1.16186,1.16191,109
1779808680,1.16192,1.16212,1.16191,1.16208,101
1779808740,1.16209,1.16223,1.16194,1.16194,111
1779808800,1.162,1.16205,1.16188,1.16192,101
1779808920,1.16201,1.16202,1.16197,1.16199,36
1779808980,1.16192,1.16193,1.16182,1.16182,54
1779809040,1.16181,1.16184,1.16173,1.16177,84
1779809100,1.16183,1.16193,1.16178,1.16192,107
1779809160,1.16189,1.16208,1.16188,1.16203,96
1779809220,1.16203,1.16207,1.16192,1.16199,106
1779809280,1.16198,1.16219,1.16198,1.16212,97
1779809340,1.16212,1.16214,1.16208,1.16209,45
1779809400,1.16211,1.16224,1.16211,1.16223,109
1779809460,1.16222,1.16224,1.16205,1.16205,73
1779809520,1.16203,1.16209,1.16196,1.16203,102
1779809580,1.16203,1.16208,1.16199,1.16202,58
1779809640,1.16203,1.16203,1.16188,1.16193,101
1779809700,1.16188,1.16204,1.16188,1.162,99
1779809760,1.16201,1.16201,1.16167,1.16168,92
1779809820,1.16169,1.1618,1.16163,1.16178,100
1779809880,1.16175,1.16175,1.16165,1.16168,78
1779809940,1.16175,1.16185,1.16173,1.16182,63
1779810000,1.16185,1.1619,1.16171,1.16176,88
1779810060,1.16177,1.16194,1.16177,1.16193,96
1779810120,1.16193,1.16208,1.16192,1.16203,115
1779810180,1.162,1.16207,1.16199,1.16204,65
1779810240,1.16204,1.16205,1.16195,1.16204,61
1779810300,1.16197,1.16213,1.16191,1.16212,103
1779810360,1.16211,1.16213,1.16203,1.16207,75
1779810480,1.16209,1.16211,1.16201,1.16211,68
1779810540,1.16213,1.16221,1.16203,1.16203,89
1779810600,1.16204,1.16209,1.16201,1.16203,105
1779810720,1.16207,1.16209,1.16193,1.16197,77
1779810780,1.16197,1.16205,1.16195,1.16203,67
1779810840,1.16205,1.1621,1.16198,1.16209,75
1779810900,1.16211,1.16217,1.16208,1.16208,116
1779810960,1.1621,1.16211,1.16197,1.16201,108
1779811020,1.16204,1.1621,1.16194,1.16195,79
1779811080,1.16199,1.16202,1.16192,1.16193,68
1779811140,1.16197,1.16198,1.16193,1.16196,48
1779811200,1.16202,1.16208,1.16197,1.16204,107
1779811260,1.16207,1.16213,1.16198,1.16209,88
1779811320,1.16209,1.16213,1.16196,1.16198,65
1779811380,1.16199,1.16211,1.16198,1.16203,87
1779811440,1.16203,1.1621,1.16202,1.16209,64
1779811500,1.16209,1.1622,1.16209,1.16219,62
1779811560,1.16218,1.16219,1.1621,1.16214,34
1779811680,1.16221,1.16224,1.16221,1.16223,33
1779811740,1.1623,1.16231,1.16224,1.16226,43
1779811800,1.16231,1.1624,1.16226,1.16239,93
1779811920,1.16247,1.16258,1.1624,1.16243,73
1779811980,1.16242,1.1625,1.1624,1.1624,46
1779812040,1.16243,1.1625,1.16243,1.16249,69
1779812100,1.16249,1.1627,1.16248,1.16258,99
1779812160,1.16258,1.16261,1.16249,1.16253,52
1779812220,1.16254,1.16255,1.16245,1.16248,46
1779812280,1.16248,1.1626,1.16248,1.1626,34
1779812340,1.16264,1.16285,1.16264,1.16284,83
1779812400,1.16284,1.16288,1.16273,1.16288,68
1779812580,1.16277,1.16284,1.16275,1.16278,53
1779812640,1.16277,1.16279,1.16273,1.16275,45
1779812700,1.16276,1.16278,1.16264,1.16265,65
1779812760,1.16265,1.16265,1.1626,1.16264,47
1779812820,1.16263,1.16266,1.16262,1.16263,50
1779812880,1.16262,1.16273,1.16262,1.16268,42
1779812940,1.16271,1.16276,1.16271,1.16275,53
1779813000,1.16271,1.16279,1.16271,1.16278,58
1779813060,1.16279,1.16281,1.16278,1.16279,57
1779813120,1.16279,1.16287,1.16279,1.16281,63
1779813180,1.16281,1.16294,1.16277,1.16284,91
1779813240,1.16283,1.16293,1.16282,1.16288,64
1779813300,1.1629,1.1629,1.16283,1.16289,47
1779813420,1.16264,1.16266,1.16258,1.16259,56
1779813480,1.16263,1.16264,1.16258,1.16261,56
1779813540,1.16263,1.16265,1.16259,1.16259,52
1779813600,1.16259,1.16266,1.16253,1.16254,58
1779813660,1.16254,1.16259,1.16251,1.16253,75
1779813720,1.16254,1.16257,1.16253,1.16257,39
1779813780,1.16259,1.1626,1.16255,1.16259,56
1779813840,1.16259,1.1626,1.16252,1.16255,36
1779813900,1.16253,1.16261,1.16248,1.16259,90
1779813960,1.16258,1.16258,1.16239,1.16244,58
1779814020,1.16245,1.16248,1.16239,1.16242,85
1779814140,1.16232,1.16237,1.16228,1.1623,58
1779814200,1.1623,1.16235,1.16228,1.16228,85
1779814260,1.16227,1.16234,1.16225,1.16231,67
1779814320,1.1623,1.16234,1.16224,1.16233,84
1779814380,1.16233,1.16238,1.16228,1.16232,87
1779814440,1.16231,1.16236,1.16229,1.16236,32
1779814500,1.16229,1.1624,1.16229,1.1624,69
1779814620,1.16238,1.16239,1.16235,1.16237,67
1779814680,1.16239,1.1624,1.16236,1.16236,75
1779814740,1.16236,1.16243,1.16236,1.1624,70
1779814800,1.16239,1.16242,1.16236,1.1624,71
1779814860,1.16241,1.16248,1.16238,1.16243,82
1779814920,1.16243,1.16243,1.16238,1.16238,57
1779814980,1.16237,1.16245,1.16237,1.16239,56
1779815040,1.16238,1.16241,1.16235,1.16236,62
1779815100,1.16235,1.16236,1.16229,1.16229,81
1779815160,1.1623,1.16239,1.16229,1.16236,88
1779815220,1.16238,1.1624,1.16229,1.16232,62
1779815340,1.1623,1.16245,1.1623,1.16245,40
1779815520,1.16264,1.16275,1.16264,1.16275,47
1779815580,1.16263,1.16265,1.16263,1.16263,14
1779815640,1.16264,1.1627,1.16264,1.16266,36
1779815700,1.16265,1.16276,1.16265,1.16275,68
1779815760,1.16276,1.16277,1.1627,1.16271,32
1779815820,1.16271,1.16271,1.16264,1.16268,57
1779815940,1.16265,1.16268,1.16265,1.16265,15
1779816120,1.16264,1.16266,1.16259,1.16263,73
1779816180,1.16261,1.16266,1.16258,1.16261,99
1779816240,1.1626,1.16261,1.16249,1.16253,92
1779816300,1.16252,1.1626,1.16249,1.16253,73
1779816420,1.16254,1.16261,1.16253,1.16259,36
1779816480,1.1626,1.16261,1.16248,1.16249,50
1779816540,1.16248,1.1625,1.16241,1.16244,39
1779816600,1.16241,1.16246,1.16239,1.16239,58
1779816660,1.1624,1.1625,1.1624,1.1625,51
1779816720,1.1625,1.1626,1.1625,1.1626,42
1779816840,1.16251,1.16257,1.1625,1.16256,42
1779816900,1.16254,1.16254,1.16242,1.16245,77
1779816960,1.16244,1.16246,1.16235,1.16244,54
1779817080,1.16238,1.16243,1.16238,1.16241,34
1779817140,1.16241,1.16241,1.16234,1.16234,42
1779817200,1.16234,1.16235,1.16222,1.16227,79
1779817320,1.16235,1.16235,1.16232,1.16233,23
1779817440,1.16234,1.16235,1.1623,1.16231,36
1779817500,1.16228,1.16232,1.16224,1.16232,58
1779817560,1.16229,1.16233,1.16214,1.16215,41
1779817680,1.16229,1.16234,1.16229,1.1623,14
1779817740,1.16229,1.16233,1.16225,1.1623,48
1779817800,1.1623,1.1623,1.16223,1.16228,46
1779817920,1.16233,1.16235,1.1623,1.16231,28
1779817980,1.1623,1.16235,1.16229,1.16234,25
1779818040,1.16234,1.16234,1.1623,1.16231,15
1779818100,1.16229,1.16235,1.16228,1.16235,23
1779818160,1.16235,1.16235,1.16227,1.16232,38
1779818220,1.16233,1.16233,1.16224,1.16233,55
1779818280,1.16231,1.16235,1.16229,1.16235,46
1779818340,1.16234,1.16235,1.16232,1.16235,32
1779818400,1.1624,1.16241,1.16236,1.16237,73
1779818460,1.16237,1.16237,1.16235,1.16236,40
1779818520,1.16236,1.16238,1.16235,1.16236,30
1779818580,1.16236,1.16245,1.16236,1.16242,59
1779818640,1.1624,1.16244,1.1624,1.16241,23
1779818700,1.16242,1.16245,1.16235,1.16242,71
1779818760,1.16241,1.16244,1.16241,1.16243,46
1779818820,1.16243,1.16244,1.16241,1.16242,10
1779818880,1.1624,1.16246,1.16239,1.16245,39
1779818940,1.16243,1.1625,1.16242,1.16248,42
1779819000,1.16249,1.16264,1.16248,1.16264,59
1779819060,1.16264,1.16265,1.16258,1.16259,38
1779819120,1.1626,1.1626,1.16255,1.16256,46
1779819180,1.16257,1.16257,1.16253,1.16254,32
1779819240,1.16259,1.16259,1.16253,1.16256,34
1779819300,1.1626,1.16263,1.16257,1.16259,50
1779819360,1.16258,1.1626,1.16255,1.16256,41
1779819540,1.16259,1.16265,1.16258,1.16263,24
1779819600,1.16263,1.16265,1.16256,1.16257,56
1779819720,1.16259,1.16265,1.16259,1.16264,38
1779819780,1.16264,1.16271,1.16262,1.1627,43
1779819840,1.16271,1.16271,1.16265,1.16265,26
1779819900,1.16263,1.16266,1.16262,1.16265,33
1779819960,1.1627,1.1627,1.16265,1.16265,36
1779820020,1.16269,1.1627,1.16266,1.16268,41
1779820080,1.16267,1.16272,1.16267,1.1627,40
1779820140,1.16274,1.16274,1.16269,1.16271,40
1779820200,1.1627,1.16273,1.16269,1.1627,46
1779820260,1.16269,1.1628,1.16269,1.16275,52
1779820320,1.16275,1.1628,1.16274,1.1628,65
1779820440,1.16279,1.1628,1.16275,1.1628,37
1779820500,1.1628,1.16286,1.1628,1.16285,73
1779820560,1.16284,1.16285,1.16279,1.16281,56
1779820680,1.16282,1.16285,1.16281,1.16282,37
1779820740,1.16275,1.1628,1.16275,1.1628,16
1779820800,1.16278,1.16281,1.16268,1.16268,62
1779820920,1.16269,1.16269,1.16265,1.16266,52
1779821040,1.16271,1.16279,1.16271,1.16277,46
1779821100,1.16282,1.16284,1.1628,1.1628,46
1779821160,1.1628,1.16284,1.16279,1.16283,52
1779821220,1.16284,1.16286,1.1628,1.16285,39
1779821280,1.16286,1.16286,1.16284,1.16285,23
1779821340,1.16285,1.16287,1.16282,1.16283,36
1779821400,1.16281,1.16289,1.1628,1.16287,48
1779821520,1.16296,1.16299,1.16294,1.16299,24
1779821580,1.163,1.16305,1.16299,1.16305,46
1779821640,1.16308,1.16309,1.16295,1.16296,44
1779821700,1.16296,1.16297,1.16289,1.16289,43
1779821820,1.1629,1.16296,1.16283,1.16296,34
1779821880,1.16296,1.16299,1.16294,1.16295,41
1779821940,1.16295,1.16295,1.16293,1.16295,34
1779822000,1.1629,1.16291,1.16279,1.1628,50
1779822060,1.16282,1.1629,1.16282,1.16289,29
1779822120,1.16288,1.1629,1.16288,1.16289,41
1779822180,1.16289,1.163,1.16286,1.16299,46
1779822240,1.16299,1.16299,1.1629,1.16294,44
1779822300,1.16294,1.16296,1.16288,1.16289,36
1779822420,1.16284,1.16285,1.16274,1.16274,59
1779822480,1.16275,1.1628,1.16274,1.1628,27
1779822540,1.1628,1.16285,1.1628,1.16285,32
1779822600,1.16285,1.16296,1.16285,1.16296,41
1779822660,1.16298,1.163,1.16296,1.16299,48
1779822720,1.16299,1.16299,1.16289,1.16289,29
1779822780,1.16283,1.16289,1.16283,1.16286,37
1779822840,1.16289,1.16294,1.16284,1.16284,29
1779822900,1.16283,1.16285,1.16281,1.16281,32
1779822960,1.16282,1.16289,1.16281,1.16287,32
1779823020,1.16287,1.16295,1.16287,1.16292,44
1779823140,1.16287,1.16289,1.16285,1.16288,40
1779823200,1.16288,1.16295,1.16288,1.16295,17
1779823260,1.16294,1.16296,1.1629,1.16296,39
1779823380,1.163,1.16304,1.163,1.163,22
1779823440,1.16303,1.16304,1.16296,1.163,20
1779823500,1.163,1.16301,1.16296,1.163,37
1779823620,1.163,1.163,1.16298,1.16299,14
1779823680,1.163,1.163,1.16295,1.16295,32
1779823740,1.16294,1.16298,1.16294,1.16294,28
1779823800,1.16294,1.16299,1.16294,1.16299,42
1779823860,1.16298,1.16303,1.16297,1.16303,20
1779823980,1.16303,1.16305,1.16303,1.16305,19
1779824040,1.16304,1.16316,1.16304,1.16314,34
1779824100,1.16314,1.16314,1.16308,1.16309,29
1779824280,1.16312,1.16316,1.1631,1.16315,28
1779824340,1.16313,1.16314,1.16311,1.16313,22
1779824400,1.16305,1.16308,1.16304,1.16308,34
1779824460,1.16309,1.1631,1.16305,1.16308,30
1779824520,1.16309,1.16311,1.16308,1.16311,28
1779824640,1.16314,1.16316,1.16312,1.16313,22
1779824700,1.16313,1.16315,1.16312,1.16315,26
1779824880,1.16317,1.16317,1.16314,1.16314,24
1779824940,1.16316,1.16318,1.16316,1.16317,20
1779825000,1.16319,1.16319,1.16317,1.16318,37
1779825060,1.16317,1.16321,1.16314,1.16321,33
1779825180,1.1632,1.16321,1.16319,1.16319,29
1779825240,1.16319,1.1632,1.16313,1.16313,51
1779825300,1.16315,1.16323,1.16313,1.16323,65
1779825420,1.16322,1.16325,1.1632,1.16321,56
1779825540,1.16312,1.16315,1.1631,1.16315,44
1779825600,1.16319,1.16326,1.16316,1.16325,61
1779825660,1.16324,1.16329,1.16323,1.16328,41
1779825720,1.16327,1.16328,1.16323,1.16327,44
1779825780,1.16326,1.16326,1.16324,1.16325,30
1779825840,1.16325,1.16329,1.16322,1.16322,26
1779825900,1.16322,1.1633,1.16322,1.16324,27
1779825960,1.16323,1.16325,1.16321,1.16321,22
1779826020,1.16322,1.16322,1.1632,1.1632,10
1779826080,1.16321,1.16322,1.1632,1.16321,13
1779826140,1.16319,1.16319,1.16316,1.16316,21
1779826200,1.16315,1.16317,1.16315,1.16317,14
1779826320,1.16321,1.16322,1.16321,1.16321,13
1779826380,1.16322,1.16322,1.16321,1.16321,10
1779826440,1.16321,1.16322,1.1632,1.16321,18
1779826500,1.1632,1.16324,1.1632,1.16322,16
1779826560,1.16321,1.16321,1.16319,1.16319,19
1779826620,1.1632,1.16321,1.16319,1.16319,23
1779826680,1.1632,1.1632,1.16318,1.16318,20
1779826740,1.16319,1.1632,1.16318,1.1632,13
1779826800,1.16319,1.1632,1.16318,1.16318,18
1779826920,1.16314,1.16315,1.16314,1.16314,11
1779826980,1.16313,1.16314,1.16313,1.16314,11
1779827040,1.16314,1.16314,1.16311,1.16313,25
1779827100,1.16313,1.16315,1.16313,1.16313,29
1779827160,1.16313,1.16315,1.16313,1.16314,29
1779827220,1.16314,1.16318,1.16314,1.16315,14
1779827280,1.16323,1.16324,1.16322,1.16323,9
1779827340,1.1632,1.16325,1.16304,1.16304,45
1779827400,1.16307,1.16312,1.16307,1.16311,53
1779827460,1.16312,1.16319,1.16311,1.16319,24
1779827520,1.1632,1.1632,1.16317,1.16319,30
1779827580,1.16317,1.16318,1.16313,1.16313,26
1779827640,1.16308,1.16311,1.16308,1.16311,18
1779827700,1.16311,1.16312,1.16309,1.16309,22
1779827760,1.1631,1.16316,1.1631,1.16315,17
1779827880,1.16312,1.16312,1.16308,1.1631,22
1779827940,1.16309,1.1631,1.16308,1.16309,19
1779828000,1.16307,1.16308,1.16307,1.16307,11
1779828120,1.16306,1.16307,1.16306,1.16307,8
1779828180,1.16308,1.16308,1.16307,1.16307,4
1779828240,1.16307,1.16307,1.16306,1.16307,6
1779828300,1.16308,1.16309,1.16307,1.16309,18
1779828360,1.16308,1.1631,1.16308,1.16309,14
1779828480,1.16312,1.16314,1.16311,1.16314,18
1779828660,1.16311,1.16311,1.1631,1.1631,7
1779828720,1.16311,1.16311,1.16309,1.1631,10
1779828780,1.1631,1.16311,1.1631,1.1631,4
1779828840,1.16311,1.16312,1.16311,1.16311,10
1779828900,1.16311,1.16313,1.16311,1.16312,14
1779828960,1.16311,1.16312,1.16306,1.16307,22
1779829080,1.16311,1.16314,1.1631,1.16312,26
1779829260,1.16239,1.16239,1.16239,1.16239,2
1779829320,1.16178,1.16267,1.16178,1.16267,14
1779829440,1.16244,1.16266,1.16244,1.16266,4
1779829500,1.16281,1.16281,1.16267,1.16276,6
1779829560,1.16275,1.16275,1.16275,1.16275,1
1779829620,1.16268,1.16268,1.16268,1.16268,1
1779829740,1.1627,1.1627,1.1627,1.1627,1
1779829800,1.16268,1.16271,1.16267,1.16271,4
1779829920,1.16268,1.16268,1.16268,1.16268,1
1779829980,1.16267,1.16277,1.16267,1.16277,7
1779830040,1.16267,1.16284,1.16267,1.16284,4
1779830100,1.16284,1.1629,1.16276,1.16288,6
1779830160,1.16288,1.16288,1.16286,1.16286,4
1779830340,1.16296,1.16303,1.16296,1.16302,3
1779830460,1.16301,1.1631,1.163,1.16306,60
1779830520,1.16306,1.16306,1.16306,1.16306,57
1779830580,1.16306,1.16306,1.16306,1.16306,2
1779830640,1.16306,1.16306,1.16306,1.16306,2
1779830700,1.16306,1.16308,1.16301,1.16308,5
1779830760,1.16304,1.16304,1.16304,1.16304,3
1779830820,1.16308,1.16308,1.16308,1.16308,1
1779830880,1.16308,1.16308,1.16308,1.16308,1
1779830940,1.16307,1.16307,1.16307,1.16307,2
1779831000,1.16305,1.16308,1.16302,1.16305,10
1779831060,1.16304,1.16309,1.16298,1.16306,8
1779831180,1.16305,1.16305,1.16302,1.16302,6
1779831240,1.16302,1.16302,1.16302,1.16302,1
1779831300,1.16305,1.1631,1.163,1.16304,11
1779831360,1.16304,1.16309,1.163,1.16308,8
1779831420,1.16305,1.16305,1.16297,1.16305,8
1779831480,1.16297,1.16306,1.16295,1.16305,7
1779831540,1.1631,1.1631,1.16284,1.16298,61
1779831600,1.16302,1.16302,1.16287,1.16295,27
1779831660,1.16291,1.16296,1.16288,1.16292,84
1779831720,1.16294,1.16295,1.16285,1.16293,25
1779831780,1.16291,1.16297,1.16286,1.16293,52
1779831840,1.16294,1.16299,1.16293,1.16299,21
1779831900,1.16294,1.16298,1.16285,1.16294,41
1779831960,1.16289,1.16289,1.16281,1.16285,13
1779832020,1.16286,1.16291,1.1628,1.16287,23
1779832080,1.16285,1.16289,1.16284,1.16289,10
1779832140,1.16288,1.16289,1.16285,1.16289,5
1779832260,1.16289,1.16291,1.16284,1.16284,20
1779832320,1.16288,1.16288,1.16284,1.16284,5
1779832380,1.16284,1.16284,1.16284,1.16284,1
1779832440,1.16285,1.1629,1.16285,1.1629,3
1779832500,1.1629,1.16296,1.16284,1.16284,34
1779832560,1.16284,1.16284,1.16284,1.16284,1
1779832620,1.1629,1.16292,1.16284,1.16287,11
1779832740,1.16285,1.163,1.16285,1.16292,49
1779832800,1.16316,1.16327,1.16316,1.16325,72
1779832860,1.16327,1.16328,1.16321,1.16327,48
1779832920,1.16326,1.16328,1.16324,1.16325,31
1779832980,1.16326,1.16328,1.16324,1.16327,21
1779833040,1.16328,1.16332,1.16324,1.16326,35
1779833100,1.16325,1.16329,1.16324,1.16326,32
1779833160,1.16326,1.16327,1.16325,1.16326,24
1779833220,1.16326,1.16326,1.16324,1.16326,20
1779833280,1.16326,1.16326,1.16322,1.16325,15
1779833340,1.16318,1.16318,1.16316,1.16318,14
1779833400,1.16318,1.16322,1.16314,1.16322,36
1779833460,1.16321,1.16322,1.16321,1.16321,8
1779833580,1.16323,1.16323,1.16322,1.16323,15
1779833640,1.16322,1.16323,1.16319,1.16319,22
1779833700,1.16319,1.16319,1.16317,1.16317,22
1779833760,1.16317,1.16317,1.16316,1.16316,17
1779833820,1.16317,1.16318,1.16315,1.16318,24
1779833940,1.16324,1.16325,1.16322,1.16322,21
1779834120,1.16328,1.1633,1.16324,1.16325,9
1779834180,1.16326,1.16326,1.16325,1.16325,8
1779834240,1.16325,1.16325,1.16324,1.16325,3
1779834300,1.16325,1.16329,1.16325,1.16329,24
1779834360,1.16329,1.16329,1.16327,1.16328,11
1779834420,1.16328,1.16329,1.16327,1.16327,13
1779834480,1.16328,1.16328,1.16325,1.16325,8
1779834540,1.16321,1.16326,1.16321,1.16324,11
1779834600,1.16323,1.16326,1.16323,1.16326,15
1779834660,1.16326,1.16326,1.1632,1.16326,23
1779834720,1.16326,1.16326,1.16324,1.16326,28
1779834840,1.16324,1.16329,1.16323,1.16326,16
1779834900,1.16326,1.16326,1.16325,1.16325,4
1779834960,1.16324,1.16326,1.16324,1.16326,8
1779835020,1.16325,1.16327,1.16325,1.16326,8
1779835080,1.16325,1.16328,1.16325,1.16328,15
1779835140,1.16328,1.16328,1.16327,1.16328,5
1779835200,1.16329,1.16329,1.16326,1.16328,10
1779835260,1.1633,1.1633,1.16329,1.16329,4
1779835380,1.16328,1.1633,1.16328,1.1633,6
1779835440,1.16329,1.1633,1.16329,1.16329,3
1779835500,1.1633,1.1633,1.1633,1.1633,2
1779835680,1.16328,1.16328,1.16328,1.16328,2
1779835740,1.16329,1.16329,1.16329,1.16329,2
1779835920,1.1633,1.1633,1.16329,1.16329,13
1779835980,1.16328,1.16329,1.16328,1.16329,2
1779836040,1.16329,1.1633,1.16328,1.16329,9
1779836100,1.16329,1.16329,1.16329,1.16329,4
1779836160,1.16329,1.16335,1.16329,1.16334,15
1779836280,1.16335,1.16335,1.16334,1.16334,10
1779836340,1.16334,1.16335,1.16332,1.16334,19
1779836400,1.16333,1.1634,1.16331,1.1634,48
1779836460,1.1634,1.1634,1.16339,1.16339,11
1779836520,1.16339,1.16341,1.16338,1.16339,9
1779836580,1.1634,1.16341,1.16339,1.16341,14
1779836640,1.1634,1.1634,1.16339,1.1634,10
1779836700,1.16339,1.16339,1.16339,1.16339,2
1779836760,1.16339,1.16339,1.16338,1.16339,6
1779836820,1.1634,1.1634,1.16338,1.16339,15
1779836880,1.16339,1.16339,1.16339,1.16339,4
1779836940,1.16338,1.16338,1.16338,1.16338,3
1779837000,1.16337,1.16339,1.16336,1.16339,18
1779837120,1.16339,1.1634,1.16338,1.16339,16
1779837180,1.16339,1.1634,1.16338,1.1634,13
1779837240,1.1634,1.1634,1.16339,1.16339,5
1779837300,1.16339,1.16342,1.16339,1.16342,12
1779837360,1.16344,1.1635,1.16344,1.16348,36
1779837480,1.16348,1.16349,1.16348,1.16349,5
1779837540,1.1635,1.1635,1.16348,1.16348,6
1779837600,1.1635,1.1635,1.16348,1.1635,16
1779837660,1.1635,1.16355,1.16348,1.16354,21
1779837720,1.16354,1.16355,1.16353,1.16354,14
1779837780,1.16353,1.16355,1.16353,1.16354,10
1779837840,1.16355,1.16359,1.16354,1.16359,19
1779837900,1.16359,1.16365,1.16358,1.16365,22
1779837960,1.16365,1.16366,1.16361,1.16363,32
1779838080,1.16364,1.16364,1.1636,1.1636,7
1779838140,1.16363,1.1637,1.16362,1.1637,16
1779838200,1.16365,1.16369,1.16362,1.16369,32
1779838260,1.16369,1.1637,1.16368,1.1637,16
1779838320,1.16369,1.16374,1.16369,1.16372,22
1779838380,1.16372,1.16374,1.16371,1.16372,10
1779838440,1.16374,1.16374,1.16369,1.16374,17
1779838500,1.16373,1.16373,1.16373,1.16373,2
1779838560,1.16374,1.16374,1.16373,1.16373,6
1779838620,1.16374,1.16374,1.16373,1.16374,6
1779838680,1.16374,1.16379,1.16374,1.16379,15
1779838740,1.1638,1.1638,1.16379,1.16379,7
1779838800,1.16379,1.16379,1.16379,1.16379,7
1779838920,1.1638,1.1638,1.16379,1.16379,8
1779838980,1.16381,1.1639,1.1638,1.1639,30
1779839040,1.1639,1.16393,1.16388,1.16393,26
1779839100,1.16393,1.16399,1.16393,1.16398,34
1779839160,1.16398,1.16398,1.1639,1.16393,40
1779839340,1.16394,1.16394,1.16383,1.16383,14
1779839400,1.16381,1.16384,1.16381,1.16383,13
1779839520,1.1638,1.16386,1.16379,1.16384,19
1779839580,1.16385,1.16386,1.16383,1.16383,23
1779839640,1.16384,1.16386,1.16384,1.16385,30
1779839700,1.1638,1.1638,1.16373,1.16373,33
1779839820,1.16369,1.16371,1.16368,1.16368,32
1779839880,1.1637,1.16371,1.16364,1.16364,23
1779839940,1.16365,1.16366,1.16362,1.16365,38
1779840000,1.16363,1.16384,1.1636,1.16383,94
1779840060,1.16384,1.1639,1.16377,1.16385,104
1779840120,1.16386,1.16387,1.16382,1.16384,30
1779840180,1.16382,1.16384,1.16375,1.16376,50
1779840240,1.16379,1.16381,1.16376,1.16379,45
1779840300,1.1638,1.16387,1.16376,1.16385,61
1779840360,1.16385,1.16386,1.16378,1.16379,50
1779840420,1.16378,1.16384,1.16369,1.16373,59
1779840480,1.16376,1.16379,1.16375,1.16377,32
1779840540,1.16384,1.16384,1.16379,1.1638,26
1779840600,1.1638,1.16381,1.16379,1.16379,50
1779840660,1.1638,1.16382,1.16378,1.1638,53
1779840720,1.1638,1.16389,1.16379,1.16389,62
1779840780,1.16389,1.16391,1.16387,1.1639,44
1779840840,1.16389,1.16389,1.16385,1.16388,32
1779840900,1.16387,1.16389,1.1638,1.1638,20
1779840960,1.1638,1.16396,1.1638,1.16388,66
1779841020,1.1639,1.16393,1.16385,1.16385,59
1779841080,1.16386,1.16386,1.16383,1.16385,46
1779841140,1.16384,1.16389,1.16383,1.16389,42
1779841200,1.1639,1.1639,1.16384,1.16387,69
1779841260,1.16386,1.16395,1.16386,1.1639,38
1779841320,1.16389,1.16391,1.16385,1.16389,32
1779841380,1.16388,1.16394,1.16388,1.16392,56
1779841440,1.16397,1.16403,1.16394,1.16394,72
1779841500,1.16393,1.16399,1.16392,1.16399,29
1779841560,1.16395,1.16399,1.16393,1.16393,23
1779841620,1.16393,1.16398,1.16392,1.16393,69
1779841680,1.16394,1.16394,1.16389,1.1639,42
1779841740,1.16393,1.16393,1.16388,1.1639,16
1779841800,1.16393,1.16395,1.16384,1.16388,48
1779841860,1.16388,1.16389,1.16384,1.16388,58
1779841920,1.16388,1.1639,1.16383,1.16383,39
1779841980,1.16382,1.1639,1.16382,1.16389,45
1779842040,1.16388,1.16389,1.16382,1.16382,29
1779842100,1.1638,1.16381,1.16377,1.16378,26
1779842220,1.16395,1.16399,1.16393,1.16394,36
1779842340,1.16386,1.16389,1.16385,1.16387,30
1779842400,1.16386,1.16397,1.16386,1.16388,45
1779842460,1.16389,1.16389,1.16379,1.16379,51
1779842520,1.16381,1.16387,1.16377,1.16387,36
1779842580,1.16384,1.16389,1.16383,1.16388,40
1779842640,1.16389,1.16392,1.16388,1.1639,25
1779842700,1.16389,1.16406,1.16389,1.16405,62
1779842760,1.16404,1.16405,1.164,1.16403,49
1779842820,1.16404,1.16406,1.16401,1.16403,43
1779842880,1.16402,1.16403,1.16398,1.16399,40
1779842940,1.164,1.16404,1.164,1.164,59
1779843120,1.16395,1.16402,1.16391,1.16401,42
1779843180,1.16399,1.164,1.16389,1.16389,48
1779843240,1.16396,1.16396,1.16382,1.16383,79
1779843300,1.16385,1.16386,1.1638,1.16383,69
1779843420,1.16379,1.16389,1.16379,1.1638,35
1779843480,1.16381,1.16382,1.16376,1.16381,54
1779843540,1.16384,1.16384,1.16378,1.1638,45
1779843600,1.16379,1.16383,1.16374,1.16376,80
1779843660,1.16376,1.16379,1.16373,1.16378,75
1779843720,1.16379,1.16385,1.16377,1.16379,75
1779843780,1.16379,1.16383,1.16377,1.16379,73
1779843840,1.16379,1.16384,1.16378,1.16384,34
1779843900,1.16385,1.16385,1.16374,1.16377,49
1779843960,1.16377,1.16384,1.16375,1.16382,60
1779844020,1.16383,1.16385,1.16382,1.16384,60
1779844140,1.16381,1.16386,1.1638,1.16384,37
1779844200,1.16382,1.16393,1.16382,1.1639,58
1779844320,1.16383,1.16385,1.16382,1.16383,24
1779844380,1.16387,1.16389,1.16385,1.16385,36
1779844440,1.16389,1.1639,1.16387,1.16389,36
1779844500,1.16389,1.1639,1.16378,1.16389,54
1779844560,1.1639,1.1639,1.16383,1.16383,54
1779844620,1.16384,1.16389,1.16379,1.16389,48
1779844680,1.16389,1.16391,1.16388,1.16389,29
1779844740,1.16389,1.1639,1.16374,1.16376,37
1779844800,1.16375,1.1638,1.16374,1.16379,39
1779844860,1.16379,1.1638,1.16377,1.16378,34
1779844920,1.16377,1.16381,1.16377,1.16381,27
1779844980,1.16386,1.16388,1.16385,1.16386,33
1779845040,1.1639,1.16394,1.16389,1.16389,19
1779845160,1.16383,1.16384,1.16376,1.16379,55
1779845220,1.16376,1.16376,1.16367,1.16368,36
1779845280,1.1637,1.16374,1.16368,1.1637,39
1779845340,1.1637,1.16374,1.1637,1.16372,50
1779845400,1.16371,1.16371,1.16347,1.16359,162
1779845460,1.1636,1.16365,1.16356,1.16358,83
1779845520,1.16358,1.16371,1.16354,1.16362,87
1779845580,1.16363,1.16366,1.16361,1.16361,79
1779845640,1.16361,1.16365,1.16349,1.16351,95
1779845700,1.1635,1.16354,1.16348,1.16354,74
1779845760,1.16355,1.16358,1.16347,1.16349,58
1779845820,1.16347,1.16355,1.16345,1.16354,39
1779845880,1.16353,1.16355,1.16342,1.16342,44
1779845940,1.16339,1.16339,1.16328,1.16332,68
1779846000,1.16333,1.16342,1.16333,1.16338,41
1779846060,1.16338,1.16346,1.16335,1.16343,46
1779846120,1.16343,1.16348,1.16343,1.16343,44
1779846180,1.16343,1.16346,1.16343,1.16344,18
1779846240,1.16343,1.16346,1.16343,1.16345,29
1779846300,1.16346,1.16349,1.16343,1.16343,48
1779846360,1.16343,1.16344,1.16337,1.16338,34
1779846480,1.1633,1.16338,1.1633,1.16338,32
1779846660,1.1634,1.1634,1.16333,1.16339,30
1779846720,1.16339,1.1634,1.16333,1.16338,51
1779846780,1.16339,1.1634,1.16335,1.16339,40
1779846840,1.16337,1.16339,1.16335,1.16339,46
1779847020,1.16336,1.16341,1.16333,1.16341,40
1779847080,1.16338,1.16343,1.16338,1.16339,52
1779847140,1.16338,1.1634,1.16337,1.16338,49
1779847200,1.16339,1.16368,1.16338,1.16359,161
1779847260,1.16359,1.16366,1.16351,1.16359,113
1779847320,1.1636,1.16364,1.16357,1.16358,89
1779847380,1.16358,1.16374,1.16357,1.16372,91
1779847440,1.16371,1.16384,1.1637,1.16378,77
1779847500,1.16376,1.16378,1.16371,1.16372,57
1779847560,1.16371,1.16375,1.16369,1.16372,76
1779847620,1.16373,1.16376,1.16368,1.16376,59
1779847680,1.16375,1.16378,1.16371,1.16373,42
1779847740,1.16378,1.16379,1.16373,1.16374,24
1779847800,1.16372,1.16374,1.16368,1.16369,52
1779847860,1.16369,1.16369,1.16363,1.16369,33
1779847920,1.16369,1.16375,1.16367,1.16369,37
1779847980,1.16368,1.16369,1.16353,1.16353,44
1779848040,1.16354,1.16356,1.1635,1.16354,26
1779848100,1.16359,1.16368,1.16358,1.16367,72
1779848160,1.16367,1.1637,1.16367,1.16368,42
1779848220,1.16368,1.1637,1.16367,1.1637,35
1779848280,1.16369,1.16372,1.16364,1.16367,59
1779848340,1.16366,1.16366,1.16358,1.16358,59
1779848400,1.16359,1.16365,1.16356,1.16363,46
1779848460,1.16363,1.16363,1.16354,1.16354,53
1779848520,1.16355,1.16355,1.1635,1.16351,29
1779848580,1.16351,1.16355,1.16351,1.16354,34
1779848640,1.16352,1.16359,1.16352,1.16358,35
1779848700,1.16359,1.16366,1.16359,1.16364,48
1779848760,1.16365,1.16369,1.16357,1.16358,54
1779848820,1.16358,1.16359,1.16354,1.16355,19
1779848880,1.16354,1.16355,1.16353,1.16353,18
1779848940,1.16349,1.1635,1.16343,1.16344,32
1779849000,1.16349,1.16354,1.16347,1.16353,46
1779849060,1.16353,1.16355,1.16351,1.16353,34
1779849120,1.16352,1.16354,1.16348,1.16352,40
1779849180,1.16354,1.16354,1.16351,1.16353,38
1779849240,1.16352,1.16359,1.16351,1.16359,36
1779849300,1.16359,1.16362,1.16358,1.16358,32
1779849420,1.16351,1.16351,1.1634,1.16344,49
1779849480,1.16344,1.16345,1.16342,1.16344,33
1779849540,1.16343,1.16344,1.16341,1.16343,37
1779849600,1.16343,1.16347,1.16341,1.16345,65
1779849660,1.16345,1.16351,1.16343,1.16351,37
1779849720,1.16352,1.16352,1.16348,1.1635,36
1779849780,1.16349,1.1635,1.16344,1.16349,25
1779849840,1.1635,1.1635,1.16344,1.16344,37
1779849900,1.16344,1.16349,1.16343,1.16348,35
1779849960,1.16348,1.16349,1.16345,1.16348,37
1779850020,1.16349,1.1635,1.16347,1.16348,24
1779850080,1.16349,1.16354,1.16349,1.16354,36
1779850140,1.16354,1.16358,1.16353,1.16358,22
1779850200,1.16361,1.16364,1.1636,1.16364,17
1779850260,1.16363,1.16369,1.16363,1.16369,37
1779850380,1.16374,1.1638,1.16374,1.16378,25
1779850440,1.16383,1.16383,1.16378,1.16378,25
1779850500,1.16377,1.16383,1.16376,1.1638,55
1779850620,1.1638,1.1638,1.16378,1.16378,40
1779850680,1.16376,1.16379,1.16376,1.16378,30
1779850740,1.16379,1.16385,1.16379,1.16384,41
1779850800,1.16384,1.16385,1.16382,1.16384,45
1779850860,1.16383,1.16389,1.16383,1.16389,52
1779850920,1.16388,1.16397,1.16388,1.16395,52
1779850980,1.16395,1.16424,1.16395,1.16421,67
1779851040,1.1642,1.1642,1.16409,1.16414,66
1779851100,1.16415,1.16419,1.16407,1.16418,67
1779851280,1.16409,1.1641,1.16405,1.16405,36
1779851340,1.16403,1.16408,1.16402,1.16407,28
1779851460,1.16403,1.16403,1.16391,1.16392,30
1779851580,1.16388,1.1639,1.16388,1.1639,8
1779851640,1.16394,1.16397,1.16388,1.16388,38
1779851700,1.16392,1.16397,1.16392,1.16392,19
1779851760,1.16392,1.16394,1.16387,1.16387,21
1779851880,1.16392,1.16393,1.16388,1.16388,33
1779851940,1.16389,1.16393,1.16388,1.16389,27
1779852120,1.1638,1.16384,1.16379,1.16384,22
1779852180,1.16383,1.16389,1.16383,1.16388,28
1779852240,1.16386,1.16389,1.16385,1.16388,33
1779852300,1.1639,1.16391,1.16384,1.16384,41
1779852360,1.16388,1.1639,1.16387,1.1639,34
1779852420,1.16388,1.16393,1.16388,1.16393,15
1779852480,1.1639,1.16393,1.16389,1.16392,37
1779852540,1.16391,1.16393,1.1639,1.16391,40
1779852600,1.16392,1.16396,1.1639,1.16394,52
1779852660,1.16393,1.16395,1.16388,1.16389,41
1779852840,1.16384,1.16384,1.16382,1.16384,9
1779852900,1.16381,1.16382,1.16377,1.16379,37
1779852960,1.16378,1.1638,1.16377,1.16378,25
1779853020,1.16378,1.16379,1.16374,1.16376,23
1779853080,1.16368,1.16375,1.16368,1.16373,23
1779853140,1.16375,1.16375,1.16372,1.16373,20
1779853200,1.16372,1.16375,1.16372,1.16373,20
1779853320,1.16377,1.16383,1.16377,1.16383,20
1779853380,1.16382,1.16383,1.16377,1.16377,29
1779853440,1.1638,1.16381,1.16377,1.16381,27
1779853500,1.16382,1.16382,1.16378,1.1638,29
1779853560,1.16379,1.16383,1.16379,1.16382,29
1779853620,1.16382,1.16384,1.16382,1.16384,26
1779853680,1.16383,1.16384,1.16372,1.16372,37
1779853740,1.16373,1.16374,1.16373,1.16374,15
1779853800,1.16373,1.16373,1.16372,1.16372,15
1779853920,1.16383,1.16389,1.16383,1.16389,17
1779853980,1.16386,1.16389,1.16386,1.16389,11
1779854040,1.16391,1.16393,1.16388,1.16388,17
1779854100,1.16387,1.16388,1.16379,1.16384,52
1779854160,1.16383,1.16386,1.16383,1.16386,15
1779854280,1.16386,1.16389,1.16385,1.16388,16
1779854340,1.16386,1.1639,1.16386,1.16388,32
1779854400,1.16386,1.16394,1.16384,1.16389,67
1779854460,1.16388,1.16393,1.16388,1.16389,38
1779854520,1.1639,1.16391,1.16385,1.16385,35
1779854580,1.16386,1.16389,1.16383,1.16384,42
1779854640,1.16384,1.16389,1.16383,1.16384,29
1779854700,1.16385,1.16387,1.16383,1.16387,19
1779854760,1.16388,1.1639,1.16388,1.1639,10
1779854820,1.16391,1.16393,1.1639,1.16393,13
1779854880,1.16395,1.16395,1.16393,1.16394,20
1779854940,1.16394,1.16394,1.16391,1.16394,16
1779855000,1.16394,1.16395,1.16393,1.16393,29
1779855120,1.16397,1.16401,1.16395,1.16399,38
1779855180,1.164,1.16402,1.16399,1.16399,27
1779855240,1.16399,1.16402,1.16399,1.164,26
1779855300,1.164,1.164,1.16396,1.16396,18
1779855360,1.16397,1.164,1.16397,1.16399,19
1779855540,1.16396,1.16398,1.16396,1.16398,18
1779855600,1.16398,1.164,1.16396,1.16399,23
1779855720,1.16406,1.16407,1.16402,1.16403,25
1779855780,1.16403,1.16407,1.16401,1.16407,38
1779855840,1.16407,1.16408,1.16404,1.16405,13
1779855900,1.16401,1.16402,1.16397,1.16399,42
1779856020,1.16397,1.164,1.16397,1.16399,38
1779856140,1.16399,1.16403,1.16398,1.16402,25
1779856200,1.16395,1.164,1.16393,1.16398,33
1779856260,1.16399,1.16405,1.16398,1.16399,38
1779856380,1.16402,1.1641,1.164,1.16408,27
1779856440,1.1641,1.16414,1.16408,1.1641,32
1779856500,1.16409,1.16411,1.16407,1.16411,45
1779856620,1.16405,1.16409,1.16404,1.16405,18
1779856680,1.16405,1.16408,1.16404,1.16405,16
1779856740,1.16407,1.16414,1.16407,1.16414,32
1779856800,1.16412,1.16413,1.1641,1.1641,23
1779856860,1.16411,1.16412,1.16407,1.16407,17
1779856920,1.16407,1.16408,1.16407,1.16407,26
1779856980,1.16407,1.16408,1.16407,1.16408,7
1779857040,1.16409,1.16411,1.16408,1.16411,18
1779857100,1.16418,1.16419,1.16413,1.16419,24
1779857160,1.16418,1.16418,1.16417,1.16417,20
1779857220,1.16418,1.16419,1.16415,1.16418,32
1779857340,1.16417,1.16422,1.16415,1.16421,20
1779857400,1.16421,1.16422,1.16418,1.16418,25
1779857460,1.16419,1.1642,1.16416,1.16418,30
1779857520,1.16418,1.16419,1.16416,1.16418,34
1779857580,1.16418,1.16418,1.16411,1.16417,36
1779857640,1.16418,1.16418,1.16413,1.16414,18
1779857700,1.16415,1.16419,1.16411,1.16412,33
1779857760,1.16411,1.16413,1.16407,1.16407,18
1779857820,1.16406,1.16411,1.16405,1.16409,24
1779857880,1.16406,1.16407,1.16402,1.16403,32
1779857940,1.1641,1.16413,1.1641,1.16412,22
1779858000,1.16413,1.16414,1.16409,1.16411,61
1779858060,1.16412,1.16419,1.16412,1.16417,43
1779858120,1.16418,1.16419,1.16413,1.16418,45
1779858180,1.16417,1.16418,1.16413,1.16413,41
1779858240,1.16413,1.16435,1.16413,1.16434,48
1779858300,1.16433,1.16434,1.16431,1.16434,42
1779858360,1.16433,1.16434,1.16429,1.16432,34
1779858420,1.16431,1.16432,1.16428,1.1643,41
1779858480,1.16429,1.1643,1.16427,1.16429,24
1779858540,1.1643,1.1643,1.16428,1.16428,20
1779858600,1.16428,1.16429,1.16423,1.16429,34
1779858660,1.16428,1.16429,1.16427,1.16428,21
1779858780,1.16419,1.16421,1.16419,1.16419,30
1779858840,1.16418,1.1643,1.16418,1.16428,34
1779858900,1.16425,1.16428,1.16421,1.16423,43
1779858960,1.16422,1.16424,1.16416,1.16418,54
1779859020,1.16417,1.16421,1.16417,1.16418,23
1779859140,1.16419,1.16422,1.16418,1.16422,13
1779859260,1.16421,1.16429,1.16421,1.16429,21
1779859320,1.16431,1.16432,1.16427,1.16428,21
1779859380,1.16427,1.1643,1.16427,1.16429,17
1779859440,1.16431,1.16438,1.16431,1.16438,19
1779859500,1.16437,1.16438,1.16431,1.16433,29
1779859620,1.16435,1.16437,1.16434,1.16435,26
1779859680,1.16436,1.16438,1.16435,1.16436,19
1779859740,1.16437,1.16445,1.16435,1.16438,54
1779859800,1.1644,1.16443,1.16438,1.16438,59
1779859860,1.16439,1.16441,1.16435,1.16437,48
1779859920,1.16433,1.16434,1.16428,1.1643,57
1779859980,1.16429,1.16429,1.16418,1.16423,57
1779860040,1.16423,1.16423,1.16417,1.16418,55
1779860100,1.16418,1.1642,1.16411,1.16417,52
1779860160,1.16418,1.16424,1.16416,1.16424,86
1779860280,1.16418,1.16419,1.16417,1.16418,22
1779860340,1.1642,1.1642,1.16416,1.16418,22
1779860400,1.16418,1.1642,1.16418,1.16418,33
1779860520,1.16418,1.16419,1.1641,1.16413,48
1779860640,1.16411,1.16411,1.16408,1.16408,27
1779860700,1.16413,1.16413,1.16407,1.16407,77
1779860760,1.16408,1.16414,1.16408,1.16413,39
1779860880,1.16413,1.16413,1.16408,1.16409,39
1779860940,1.16408,1.16408,1.164,1.16404,54
1779861000,1.16403,1.16418,1.16403,1.16415,57
1779861120,1.16424,1.16429,1.16424,1.16429,13
1779861180,1.16429,1.16429,1.16423,1.16423,39
1779861240,1.16425,1.16427,1.16424,1.16424,36
1779861300,1.16423,1.16424,1.16413,1.16418,63
1779861360,1.16417,1.1642,1.16416,1.16416,48
1779861480,1.16395,1.16401,1.16393,1.16401,30
1779861540,1.16395,1.16395,1.16389,1.16391,28
1779861600,1.16396,1.16402,1.16384,1.16388,110
1779861660,1.16387,1.16399,1.16387,1.16387,75
1779861720,1.16387,1.16391,1.16379,1.16382,84
1779861780,1.16383,1.16388,1.16382,1.16385,47
1779861840,1.16383,1.16385,1.16373,1.16378,58
1779861900,1.16379,1.16384,1.16377,1.16382,59
1779861960,1.1638,1.1639,1.16379,1.1639,37
1779862020,1.1639,1.16398,1.16385,1.16396,58
1779862140,1.16405,1.16409,1.164,1.16404,43
1779862200,1.16407,1.16414,1.16407,1.16413,56
1779862320,1.16403,1.16403,1.16397,1.16397,33
1779862380,1.16398,1.16403,1.16397,1.16401,49
1779862440,1.16401,1.16401,1.16382,1.16384,65
1779862500,1.16384,1.16393,1.16384,1.16389,38
1779862560,1.16389,1.16393,1.16385,1.16387,66
1779862740,1.16387,1.16392,1.16387,1.16391,43
1779862800,1.16395,1.164,1.16395,1.16398,44
1779862860,1.16396,1.16396,1.16376,1.16383,103
1779862920,1.1638,1.16392,1.16379,1.16391,86
1779862980,1.16391,1.16408,1.16388,1.16408,54
1779863040,1.16408,1.16409,1.16402,1.16403,21
1779863100,1.16399,1.16399,1.16388,1.16392,69
1779863220,1.16391,1.16394,1.16389,1.16392,38
1779863280,1.16395,1.16404,1.16392,1.16404,49
1779863340,1.16405,1.16409,1.16398,1.16401,88
1779863400,1.164,1.16404,1.16398,1.16402,76
1779863460,1.16401,1.16402,1.16394,1.16397,72
1779863520,1.16396,1.16399,1.16387,1.16396,80
1779863580,1.16395,1.16406,1.16395,1.16402,42
1779863640,1.16401,1.16406,1.16399,1.16403,59
1779863700,1.16411,1.16414,1.16407,1.16408,36
1779863760,1.16408,1.16419,1.16403,1.16417,58
1779863820,1.16417,1.16428,1.16417,1.16422,73
1779863880,1.1642,1.16426,1.16419,1.16423,44
1779863940,1.16423,1.16434,1.16422,1.16433,58
1779864000,1.16433,1.16443,1.16433,1.16434,109
1779864060,1.16435,1.16435,1.16428,1.16429,70
1779864120,1.1643,1.1643,1.16425,1.16429,45
1779864180,1.16429,1.16437,1.16428,1.16436,57
1779864240,1.16434,1.16464,1.16433,1.16463,78
1779864300,1.16464,1.16481,1.16463,1.16473,58
1779864360,1.16473,1.16479,1.16469,1.16474,44
1779864420,1.16473,1.16493,1.16473,1.16489,81
1779864480,1.16489,1.16491,1.16488,1.16489,40
1779864540,1.16478,1.16479,1.16467,1.16479,54
1779864600,1.16477,1.16482,1.16475,1.16478,79
1779864660,1.16479,1.16485,1.16477,1.16477,39
1779864780,1.16469,1.1647,1.16465,1.16468,37
1779864840,1.16467,1.16467,1.16453,1.16453,77
1779864900,1.1645,1.16463,1.16448,1.16461,71
1779865020,1.16457,1.16457,1.16443,1.16446,89
1779865080,1.16448,1.16453,1.16445,1.16445,84
1779865140,1.16444,1.1646,1.16444,1.16455,98
1779865200,1.16458,1.16477,1.16444,1.16477,138
1779865260,1.16478,1.16483,1.16467,1.16479,91
1779865320,1.16478,1.16488,1.16475,1.16478,102
1779865380,1.1648,1.1648,1.1647,1.1647,61
1779865440,1.16469,1.16474,1.16459,1.16467,58
1779865500,1.16468,1.16471,1.16458,1.1647,74
1779865620,1.16468,1.16484,1.16468,1.16473,64
1779865680,1.16469,1.1647,1.16459,1.16469,36
1779865740,1.16454,1.16454,1.16443,1.16449,62
1779865800,1.1645,1.16454,1.16448,1.16451,79
1779865860,1.16452,1.16459,1.1645,1.16459,51
1779865980,1.16446,1.16449,1.16444,1.16448,42
1779866040,1.16444,1.16446,1.16443,1.16445,29
1779866100,1.16445,1.16446,1.1644,1.16444,49
1779866160,1.16443,1.16443,1.16428,1.16431,97
1779866220,1.16429,1.16433,1.16422,1.1643,92
1779866340,1.16433,1.16433,1.1643,1.1643,22
1779866400,1.16433,1.16439,1.16425,1.16426,67
1779866460,1.16426,1.1643,1.16423,1.16428,79
1779866520,1.16427,1.16432,1.16423,1.16432,54
1779866580,1.16434,1.16434,1.16432,1.16434,36
1779866640,1.16435,1.16446,1.16435,1.16443,74
1779866700,1.16439,1.16445,1.16439,1.16445,57
1779866820,1.16449,1.16461,1.16448,1.16459,58
1779866880,1.16463,1.16463,1.16444,1.16452,63
1779866940,1.16449,1.16455,1.16449,1.16449,49
1779867000,1.16452,1.16455,1.16447,1.16449,70
1779867060,1.16449,1.16463,1.16447,1.1646,73
1779867240,1.16459,1.16459,1.16452,1.16458,42
1779867300,1.16458,1.16458,1.16449,1.16455,79
1779867420,1.16462,1.16468,1.16456,1.16462,65
1779867480,1.16463,1.1647,1.16459,1.1646,70
1779867540,1.16452,1.16466,1.16451,1.16464,87
1779867600,1.16463,1.16464,1.16457,1.16463,81
1779867660,1.16464,1.16464,1.16457,1.16457,38
1779867720,1.16459,1.16463,1.16458,1.16462,55
1779867780,1.16463,1.16475,1.16462,1.16475,50
1779867840,1.16475,1.16479,1.16471,1.16475,69
1779867900,1.16475,1.16477,1.16465,1.16466,59
1779867960,1.16463,1.16471,1.16462,1.16463,81
1779868020,1.16463,1.16464,1.16445,1.16445,52
1779868080,1.16446,1.16449,1.16431,1.16433,88
1779868140,1.16431,1.16442,1.16428,1.16442,73
1779868200,1.1644,1.16445,1.16436,1.16444,90
1779868320,1.1645,1.16451,1.16436,1.16438,51
1779868440,1.16444,1.16444,1.16439,1.1644,25
1779868500,1.16444,1.16444,1.16431,1.16431,67
1779868560,1.1643,1.16431,1.16418,1.16426,101
1779868620,1.16425,1.16434,1.16424,1.16426,74
1779868680,1.16425,1.16428,1.16415,1.16417,58
1779868740,1.16416,1.16416,1.16402,1.16408,107
1779868800,1.16404,1.16408,1.16382,1.16401,131
1779868860,1.16399,1.16426,1.16397,1.16415,100
1779868920,1.16417,1.16431,1.16417,1.1642,84
1779868980,1.16419,1.16423,1.16404,1.16412,78
1779869040,1.16413,1.16419,1.1641,1.16419,45
1779869100,1.16419,1.16426,1.16418,1.16425,83
1779869160,1.16432,1.16433,1.16409,1.16414,83
1779869220,1.16413,1.1642,1.16412,1.16419,33
1779869280,1.16419,1.16428,1.16418,1.16425,50
1779869340,1.16428,1.1643,1.16419,1.16421,49
1779869400,1.16418,1.16425,1.16411,1.16422,78
1779869460,1.16423,1.16433,1.16421,1.16433,64
1779869520,1.16433,1.16443,1.16432,1.16442,92
1779869580,1.16442,1.16445,1.16441,1.16444,50
1779869640,1.16439,1.16444,1.16432,1.16444,37
1779869700,1.16437,1.16449,1.16437,1.16449,60
1779869760,1.1645,1.16451,1.16443,1.16447,34
1779869880,1.16444,1.16446,1.1643,1.16435,75
1779869940,1.16436,1.16439,1.16425,1.16426,71
1779870000,1.16427,1.16439,1.16426,1.16434,91
1779870120,1.16445,1.1645,1.16443,1.1645,36
1779870180,1.1645,1.16458,1.16436,1.1644,70
1779870240,1.16454,1.16455,1.16446,1.1645,48
1779870420,1.16451,1.16456,1.16449,1.16455,38
1779870480,1.16448,1.16453,1.16445,1.16448,55
1779870540,1.16455,1.1647,1.16455,1.16469,53
1779870600,1.16471,1.16472,1.16452,1.16456,95
1779870660,1.16456,1.16456,1.16448,1.16448,33
1779870720,1.16449,1.16452,1.16446,1.16449,45
1779870840,1.16441,1.16441,1.16437,1.16439,33
1779870960,1.16443,1.16446,1.16439,1.1644,20
1779871020,1.16439,1.16447,1.16438,1.16442,75
1779871080,1.16438,1.1645,1.16438,1.16449,64
1779871140,1.16446,1.16446,1.16435,1.16442,63
1779871200,1.16446,1.16458,1.16446,1.16451,58
1779871380,1.16452,1.16452,1.16444,1.16444,44
1779871440,1.16449,1.16458,1.16449,1.16457,43
1779871500,1.16457,1.16458,1.16453,1.16456,71
1779871560,1.16456,1.16456,1.16446,1.16449,55
1779871740,1.16436,1.16439,1.16433,1.16433,32
1779871800,1.16431,1.16439,1.1643,1.16438,69
1779871920,1.16441,1.1646,1.1644,1.16454,82
1779872040,1.16443,1.16444,1.16439,1.1644,32
1779872100,1.16432,1.16438,1.16431,1.16436,62
1779872220,1.16437,1.16437,1.16432,1.16435,47
1779872280,1.1644,1.16452,1.16438,1.16452,66
1779872340,1.16452,1.16453,1.16443,1.16448,64
1779872400,1.16447,1.16453,1.16438,1.1644,72
1779872460,1.16441,1.16449,1.16441,1.16444,76
1779872520,1.16444,1.16449,1.1643,1.16431,64
1779872580,1.1643,1.1645,1.16429,1.16449,69
1779872640,1.1645,1.1645,1.16441,1.16442,84
1779872700,1.16443,1.16453,1.16435,1.16435,83
1779872760,1.16438,1.16441,1.16433,1.16433,82
1779872820,1.16434,1.16436,1.16431,1.16435,44
1779872880,1.16435,1.16435,1.16431,1.16434,31
1779872940,1.16439,1.1644,1.16433,1.16437,55
1779873000,1.16434,1.16437,1.16425,1.16435,71
1779873060,1.16436,1.1644,1.16434,1.16435,58
1779873120,1.16435,1.16442,1.16433,1.16433,76
1779873180,1.16434,1.16437,1.16433,1.16434,57
1779873240,1.16435,1.16439,1.16429,1.16435,51
1779873300,1.16438,1.16457,1.16438,1.16457,66
1779873360,1.16457,1.16457,1.16443,1.16443,71
1779873420,1.16442,1.16455,1.16441,1.16454,36
1779873480,1.16453,1.16455,1.16444,1.16451,75
1779873540,1.16452,1.16459,1.1645,1.16457,64
1779873600,1.16455,1.16465,1.1645,1.16459,86
1779873660,1.16461,1.1647,1.16461,1.16464,57
1779873720,1.16463,1.16467,1.16462,1.16464,42
1779873780,1.16467,1.16467,1.16453,1.16454,60
1779873840,1.16455,1.16456,1.1645,1.16451,41
1779873900,1.16452,1.16454,1.16449,1.16449,48
1779874020,1.16444,1.16445,1.16441,1.16441,33
1779874080,1.16443,1.16446,1.1644,1.16443,40
1779874140,1.16444,1.16457,1.16442,1.16455,49
1779874200,1.16454,1.16454,1.16444,1.16445,47
1779874260,1.16446,1.16452,1.16444,1.16451,44
1779874320,1.16451,1.16457,1.16444,1.16445,45
1779874380,1.16445,1.1645,1.16439,1.1645,47
1779874440,1.16449,1.16454,1.1644,1.16442,53
1779874500,1.16443,1.16446,1.16434,1.16441,77
1779874620,1.1644,1.16444,1.16438,1.1644,34
1779874680,1.16443,1.16446,1.16441,1.16445,39
1779874740,1.16448,1.16449,1.1644,1.16442,48
1779874800,1.16443,1.16448,1.16443,1.16448,23
1779874860,1.16445,1.16446,1.16442,1.16444,46
1779874920,1.16445,1.16446,1.16439,1.1644,28
1779874980,1.1644,1.16445,1.16437,1.16443,44
1779875040,1.16443,1.16446,1.16443,1.16445,33
1779875100,1.16444,1.16448,1.1644,1.16442,55
1779875160,1.16445,1.16447,1.16442,1.16444,58
1779875220,1.16444,1.16445,1.16443,1.16445,49
1779875340,1.16449,1.16449,1.16446,1.16447,24
1779875400,1.16447,1.1645,1.16445,1.1645,68
1779875460,1.1645,1.16454,1.16449,1.16453,31
1779875580,1.1645,1.16451,1.16448,1.16449,23
1779875640,1.16461,1.16472,1.16458,1.16472,46
1779875700,1.16475,1.16485,1.16474,1.16484,66
1779875820,1.16482,1.16483,1.16467,1.16467,86
1779875940,1.16467,1.16467,1.1646,1.16461,57
1779876000,1.16445,1.16447,1.16438,1.16444,63
1779876060,1.16445,1.16445,1.16434,1.16435,62
1779876120,1.16436,1.16437,1.1643,1.16432,46
1779876180,1.16431,1.16439,1.16427,1.16429,87
1779876420,1.16441,1.16445,1.16439,1.16439,39
1779876480,1.16439,1.16442,1.16432,1.16441,84
1779876540,1.1644,1.16441,1.16435,1.16437,62
1779876660,1.16434,1.1644,1.16432,1.16432,74
1779876780,1.16444,1.16444,1.16438,1.1644,30
1779876840,1.16439,1.1644,1.16433,1.16434,28
1779876900,1.16435,1.1644,1.16434,1.16438,67
1779877080,1.16425,1.16425,1.16415,1.16416,65
1779877140,1.16418,1.16424,1.16411,1.16411,66
1779877200,1.1641,1.1641,1.16399,1.164,71
1779877320,1.16386,1.16391,1.16386,1.1639,44
1779877380,1.16386,1.16387,1.16375,1.16375,54
1779877440,1.16374,1.16385,1.16373,1.16384,53
1779877500,1.16388,1.1639,1.1638,1.1639,70
1779877560,1.1639,1.16391,1.16388,1.16388,35
1779877680,1.1639,1.16391,1.16375,1.16376,57
1779877740,1.16375,1.16375,1.16369,1.16371,62
1779877800,1.16375,1.16377,1.1637,1.1637,73
1779877860,1.16372,1.16383,1.16372,1.1638,76
1779877920,1.16381,1.16386,1.16378,1.16386,74
1779877980,1.16385,1.16391,1.16384,1.16387,52
1779878040,1.16384,1.16398,1.16383,1.16395,79
1779878100,1.16396,1.16396,1.1639,1.16391,44
1779878160,1.16392,1.164,1.16392,1.16395,85
1779878220,1.16396,1.164,1.16394,1.16394,46
1779878280,1.16396,1.16405,1.16396,1.16405,40
1779878340,1.16403,1.16403,1.16362,1.16364,82
1779878520,1.1637,1.1638,1.16368,1.16379,33
1779878580,1.16381,1.16385,1.16379,1.16383,31
1779878640,1.16381,1.16385,1.16379,1.16383,46
1779878700,1.16384,1.16395,1.16384,1.16393,59
1779878760,1.16394,1.16394,1.16376,1.16379,98
1779878820,1.16378,1.16379,1.16372,1.16373,79
1779878880,1.16374,1.16383,1.16369,1.16374,94
1779878940,1.16374,1.16383,1.16373,1.16373,62
1779879000,1.16377,1.16377,1.1637,1.16376,90
1779879120,1.16364,1.16365,1.16359,1.16364,68
1779879240,1.16362,1.16373,1.16362,1.1637,43
1779879360,1.16375,1.16377,1.16372,1.16375,59
1779879420,1.16383,1.16392,1.1638,1.16388,35
1779879480,1.16389,1.1639,1.16383,1.16386,44
1779879540,1.16386,1.16396,1.16384,1.16391,96
1779879600,1.16391,1.16403,1.16386,1.16386,84
1779879660,1.16387,1.16388,1.16384,1.16388,72
1779879720,1.16389,1.16392,1.16386,1.16387,86
1779879780,1.16388,1.16394,1.16388,1.16393,78
1779879840,1.16393,1.16397,1.16389,1.16391,86
1779879900,1.16392,1.16392,1.16379,1.16381,66
1779879960,1.16381,1.16385,1.16379,1.16379,79
1779880080,1.16378,1.1638,1.16374,1.16378,37
1779880140,1.16386,1.16386,1.16383,1.16384,24
1779880200,1.16385,1.16386,1.1637,1.16373,69
1779880320,1.1638,1.16396,1.1638,1.16396,81
1779880380,1.164,1.16403,1.16395,1.16401,61
1779880440,1.164,1.16407,1.16398,1.16407,62
1779880500,1.16406,1.16413,1.16406,1.16413,63
1779880560,1.16412,1.16418,1.164,1.16405,92
1779880680,1.16402,1.16402,1.16397,1.16397,62
1779880740,1.16397,1.16399,1.16383,1.16389,78
1779880800,1.16389,1.16389,1.16377,1.16379,61
1779880860,1.16379,1.16383,1.16368,1.16369,94
1779880920,1.16368,1.16374,1.16368,1.16371,35
1779880980,1.16383,1.16388,1.16372,1.16372,81
1779881040,1.16374,1.1639,1.16373,1.16389,65
1779881100,1.16392,1.16395,1.16384,1.16394,90
1779881160,1.16395,1.16398,1.16388,1.16391,60
1779881220,1.1639,1.1639,1.16384,1.1639,62
1779881340,1.16382,1.16385,1.16379,1.16379,62
1779881400,1.16378,1.16382,1.16368,1.16382,115
1779881460,1.1638,1.16388,1.16365,1.16374,94
1779881580,1.16374,1.16374,1.16363,1.16369,49
1779881640,1.16368,1.1637,1.16359,1.16369,73
1779881700,1.16369,1.16383,1.16369,1.16383,64
1779881820,1.16383,1.16385,1.16377,1.16385,60
1779881880,1.16383,1.16395,1.16383,1.16383,70
1779881940,1.16378,1.16383,1.16375,1.16383,51
1779882000,1.16383,1.16383,1.16372,1.16373,68
1779882060,1.16374,1.16382,1.16371,1.16382,75
1779882180,1.16373,1.16389,1.16373,1.16386,44
1779882240,1.16384,1.16394,1.16384,1.16389,69
1779882300,1.16388,1.16393,1.16386,1.16392,58
1779882360,1.16391,1.16394,1.16385,1.16388,104
1779882420,1.16387,1.16388,1.16378,1.16383,68
1779882480,1.16384,1.16387,1.16379,1.16386,88
1779882540,1.16385,1.16398,1.16385,1.16391,47
1779882600,1.16388,1.1639,1.16383,1.16384,85
1779882660,1.16383,1.16385,1.16373,1.16377,65
1779882720,1.16376,1.16383,1.16373,1.16377,61
1779882780,1.16376,1.16381,1.16373,1.16379,81
1779882840,1.16377,1.16382,1.16363,1.16363,100
1779882900,1.16362,1.16365,1.16331,1.16332,125
1779883020,1.1634,1.16351,1.1634,1.16346,86
1779883080,1.16358,1.1637,1.16357,1.16366,61
1779883140,1.16365,1.16368,1.16359,1.16368,85
1779883200,1.16378,1.1638,1.16362,1.16363,146
1779883260,1.16363,1.16377,1.16363,1.16376,120
1779883320,1.16375,1.16386,1.16374,1.16381,99
1779883380,1.1638,1.16381,1.16371,1.16379,96
1779883440,1.16378,1.16379,1.16376,1.16378,44
1779883500,1.16378,1.16383,1.16377,1.16381,57
1779883620,1.16388,1.16393,1.16388,1.16392,50
1779883740,1.16392,1.16392,1.16392,1.16392,2
1779883800,1.16372,1.16376,1.16366,1.16369,96
1779883860,1.16368,1.16383,1.16368,1.16382,72
1779883920,1.16383,1.16383,1.16368,1.16373,62
1779883980,1.16379,1.16387,1.16378,1.16385,64
1779884040,1.16376,1.16378,1.16362,1.16371,88
1779884100,1.16373,1.16375,1.16346,1.16347,123
1779884160,1.16347,1.16367,1.16346,1.16362,89
1779884220,1.16363,1.16372,1.16362,1.1637,79
1779884340,1.16434,1.16468,1.16407,1.16409,215
1779884400,1.16407,1.16469,1.16403,1.16467,197
1779884460,1.16467,1.1653,1.16453,1.1653,207
1779884580,1.16548,1.16589,1.16543,1.16563,150
1779884640,1.16506,1.16515,1.16476,1.16481,167
1779884700,1.16493,1.16561,1.16487,1.16561,200
1779884820,1.16548,1.16565,1.16522,1.16536,197
1779884940,1.16566,1.16574,1.16552,1.16568,104
1779885000,1.16566,1.16606,1.16566,1.16595,234
1779885060,1.16596,1.16605,1.16571,1.16572,182
1779885180,1.16563,1.1657,1.16554,1.16568,164
1779885240,1.16569,1.16573,1.16552,1.16567,176
1779885300,1.16567,1.16575,1.16553,1.16559,153
1779885360,1.1656,1.1661,1.1656,1.16608,225
1779885420,1.16607,1.16607,1.16573,1.1658,139
1779885480,1.16573,1.16581,1.16566,1.16568,107
1779885540,1.16587,1.16589,1.16576,1.16578,98
1779885600,1.16576,1.16581,1.16566,1.16568,133
1779885660,1.16568,1.16578,1.16562,1.16577,154
1779885720,1.16576,1.16577,1.16551,1.16551,134
1779885780,1.16555,1.16563,1.16555,1.16557,85
1779885840,1.16556,1.16567,1.16542,1.16543,108
1779885900,1.16537,1.16539,1.1652,1.16522,149
1779885960,1.16523,1.16523,1.16511,1.16514,135
1779886020,1.16517,1.16527,1.16513,1.16517,143
1779886080,1.16517,1.1652,1.16502,1.16508,108
1779886140,1.16507,1.16512,1.16501,1.16506,83
1779886200,1.16516,1.16517,1.16502,1.16507,122
1779886320,1.16528,1.16537,1.16523,1.16537,87
1779886380,1.16536,1.16538,1.16524,1.16528,123
1779886440,1.16527,1.16549,1.16523,1.16546,118
1779886500,1.16544,1.16553,1.16528,1.16528,142
1779886560,1.16526,1.16537,1.16517,1.16518,123
1779886620,1.16518,1.16518,1.16503,1.16509,84
1779886680,1.16507,1.1651,1.16497,1.16497,75
1779886740,1.16477,1.1648,1.16419,1.16427,161
1779886800,1.16436,1.16466,1.16436,1.16462,174
1779886860,1.1646,1.1646,1.16437,1.16438,146
1779886920,1.16437,1.16475,1.1643,1.1647,170
1779886980,1.16469,1.16477,1.16466,1.16476,170
1779887040,1.16475,1.16475,1.16453,1.16457,159
1779887100,1.16458,1.1648,1.16453,1.16468,127
1779887160,1.16467,1.16467,1.16447,1.16447,140
1779887220,1.16442,1.16447,1.16428,1.16443,161
1779887280,1.16445,1.16449,1.16426,1.16441,122
1779887340,1.1644,1.16448,1.16433,1.16439,125
1779887400,1.1644,1.16459,1.1644,1.16459,129
1779887460,1.16457,1.16463,1.16437,1.16447,110
1779887520,1.16448,1.16448,1.16438,1.16446,83
1779887580,1.16444,1.1645,1.16437,1.16446,75
1779887640,1.16444,1.16454,1.16444,1.16453,90
1779887700,1.16452,1.16465,1.16452,1.16464,79
1779887760,1.16461,1.16468,1.16444,1.16468,120
1779887820,1.16469,1.16469,1.16457,1.16464,93
1779887880,1.16463,1.16472,1.16462,1.16469,96
1779887940,1.16474,1.16476,1.16457,1.16457,108
1779888000,1.16456,1.16458,1.16423,1.16424,140
1779888180,1.16413,1.16424,1.16409,1.16423,50
1779888240,1.16424,1.16438,1.16424,1.16434,63
1779888420,1.16456,1.16459,1.1641,1.16413,138
1779888540,1.16403,1.16411,1.16397,1.16398,66
1779888600,1.16408,1.16422,1.16393,1.16399,174
1779888660,1.16399,1.16423,1.16399,1.16423,151
1779888720,1.16419,1.16435,1.16416,1.16428,122
1779888840,1.16439,1.16448,1.16433,1.16447,140
1779888900,1.16448,1.16459,1.16438,1.16455,169
1779888960,1.16455,1.16455,1.16418,1.16418,146
1779889080,1.1643,1.16431,1.1641,1.16415,125
1779889140,1.1642,1.16429,1.16419,1.16422,111
1779889200,1.16424,1.1644,1.16424,1.16438,136
1779889320,1.16447,1.1645,1.16432,1.16434,154
1779889440,1.16423,1.16429,1.16413,1.16414,70
1779889500,1.1642,1.16454,1.16418,1.16454,148
1779889560,1.16455,1.16462,1.16438,1.16449,139
1779889740,1.16436,1.16436,1.16421,1.16428,124
1779889800,1.16428,1.16438,1.16413,1.16431,147
1779889860,1.16433,1.16443,1.16415,1.16418,142
1779889980,1.16412,1.16414,1.16402,1.16413,88
1779890040,1.16403,1.16403,1.16384,1.16394,109
1779890100,1.16388,1.16395,1.16384,1.16385,123
1779890160,1.16386,1.16391,1.16377,1.16383,156
1779890220,1.16377,1.16392,1.16377,1.16392,155
1779890280,1.16391,1.164,1.16386,1.16395,100
1779890340,1.16395,1.16413,1.16395,1.16406,89
1779890400,1.16419,1.16427,1.16404,1.16413,173
1779890460,1.16412,1.16414,1.16403,1.1641,143
1779890520,1.16411,1.16411,1.16387,1.16388,144
1779890580,1.16387,1.16401,1.16375,1.1638,132
1779890640,1.16379,1.16389,1.16366,1.16389,141
1779890700,1.16387,1.16403,1.16386,1.16398,136
1779890760,1.16398,1.164,1.16386,1.16394,144
1779890820,1.16393,1.16413,1.16375,1.16378,151
1779890880,1.16379,1.16394,1.16378,1.16389,104
1779890940,1.16398,1.16418,1.16398,1.16414,130
1779891000,1.16423,1.16432,1.16415,1.16428,139
1779891060,1.16429,1.16438,1.16427,1.16435,119
1779891180,1.16464,1.16464,1.16457,1.16464,90
1779891240,1.16474,1.16489,1.1647,1.16483,105
1779891300,1.1648,1.16481,1.16468,1.16468,103
1779891360,1.16476,1.16478,1.16468,1.16478,125
1779891420,1.16477,1.16488,1.16477,1.16482,114
1779891480,1.16482,1.16502,1.16477,1.16502,99
1779891540,1.16503,1.16514,1.16495,1.16514,124
1779891600,1.16515,1.16521,1.16478,1.16499,206
1779891660,1.16497,1.1651,1.16497,1.16502,88
1779891780,1.16486,1.16489,1.16474,1.1648,90
1779891840,1.16474,1.16474,1.16447,1.16453,101
1779891900,1.16444,1.16476,1.16443,1.16463,146
1779892020,1.16477,1.16492,1.16474,1.16481,125
1779892080,1.16482,1.16486,1.16474,1.1648,125
1779892140,1.16478,1.16493,1.16477,1.16489,137
1779892200,1.16486,1.165,1.16479,1.16482,145
1779892260,1.16483,1.16512,1.16483,1.16508,115
1779892320,1.16512,1.16519,1.16477,1.16478,165
1779892380,1.16474,1.16504,1.16416,1.16432,246
1779892440,1.16431,1.16463,1.16427,1.16454,205
1779892500,1.16462,1.16475,1.16458,1.16473,146
1779892680,1.16482,1.16502,1.16481,1.16492,101
1779892740,1.16497,1.16498,1.16487,1.16497,101
1779892800,1.16498,1.16503,1.16478,1.16488,157
1779892860,1.16489,1.16489,1.16473,1.16478,129
1779892920,1.16477,1.16487,1.16454,1.16478,134
1779892980,1.16478,1.16494,1.16476,1.16487,143
1779893040,1.16487,1.16488,1.16476,1.16487,105
1779893100,1.16488,1.16497,1.16484,1.16493,119
1779893160,1.16493,1.16507,1.16489,1.16505,117
1779893220,1.16503,1.16507,1.16476,1.16477,138
1779893280,1.16474,1.16476,1.16441,1.1646,184
1779893340,1.1646,1.16465,1.16445,1.16445,151
1779893400,1.16441,1.16449,1.16394,1.16403,194
1779893460,1.16405,1.16414,1.16391,1.16402,160
1779893520,1.16401,1.16404,1.16378,1.16378,152
1779893580,1.16378,1.16384,1.16361,1.16367,185
1779893640,1.16369,1.16374,1.16353,1.16368,166
1779893700,1.16352,1.16352,1.16306,1.16307,204
1779893760,1.16305,1.16344,1.16302,1.1632,209
1779893820,1.16318,1.16327,1.16252,1.16262,194
1779893940,1.1627,1.16272,1.16253,1.16255,151
1779894000,1.16254,1.16254,1.16226,1.16231,198
1779894060,1.1623,1.16271,1.1623,1.16271,176
1779894120,1.16272,1.16292,1.16272,1.16292,174
1779894180,1.16291,1.16328,1.16289,1.16322,168
1779894240,1.16319,1.1633,1.163,1.16309,141
1779894300,1.1631,1.16329,1.1631,1.16313,127
1779894480,1.16319,1.16324,1.16304,1.16309,133
1779894540,1.16313,1.16319,1.16308,1.16314,132
1779894600,1.16313,1.16314,1.16305,1.1631,107
1779894660,1.16309,1.16324,1.16304,1.16317,114
1779894720,1.16314,1.16335,1.16314,1.16333,97
1779894780,1.16332,1.16339,1.16324,1.16324,86
1779894840,1.16326,1.16337,1.16324,1.16336,103
1779894900,1.16334,1.16334,1.16326,1.16329,130
1779894960,1.16329,1.16331,1.16314,1.16319,106
1779895020,1.16318,1.16325,1.16312,1.16313,87
1779895080,1.16315,1.16327,1.16313,1.16327,100
1779895140,1.16328,1.16331,1.16322,1.16324,81
1779895200,1.16327,1.16346,1.16326,1.16333,128
1779895320,1.1632,1.16324,1.16315,1.16322,114
1779895380,1.16317,1.1633,1.16316,1.16324,98
1779895440,1.16318,1.16325,1.16294,1.16321,159
1779895500,1.16319,1.16329,1.16316,1.16319,111
1779895560,1.16318,1.16326,1.16317,1.16323,84
1779895620,1.16324,1.16339,1.16323,1.16339,85
1779895680,1.16328,1.16338,1.16327,1.16335,74
1779895740,1.16338,1.16342,1.16337,1.16339,90
1779895800,1.16338,1.16342,1.16328,1.16338,115
1779895860,1.16338,1.16353,1.16334,1.16338,133
1779895920,1.16335,1.16353,1.16334,1.16348,85
1779896040,1.16359,1.16364,1.16348,1.16355,108
1779896100,1.16353,1.16357,1.16342,1.16343,87
1779896160,1.16342,1.16347,1.16336,1.16346,102
1779896280,1.16348,1.16349,1.16339,1.16344,46
1779896340,1.16338,1.16338,1.16325,1.16329,68
1779896400,1.16331,1.16339,1.16327,1.16332,110
1779896520,1.16332,1.16337,1.16317,1.16317,102
1779896640,1.16315,1.16322,1.16308,1.1631,81
1779896700,1.1631,1.16338,1.16305,1.16319,148
1779896760,1.16318,1.16325,1.16316,1.16317,112
1779896820,1.16316,1.16317,1.16282,1.16282,132
1779896880,1.16283,1.16286,1.16271,1.16278,90
1779896940,1.16276,1.16283,1.16272,1.1628,88
1779897000,1.16278,1.1629,1.16276,1.16287,94
1779897180,1.16275,1.16289,1.16274,1.16284,78
1779897240,1.16285,1.16285,1.16276,1.16279,72
1779897300,1.16283,1.16291,1.16273,1.16291,82
1779897360,1.16293,1.16301,1.16293,1.16299,80
1779897420,1.16298,1.16307,1.16291,1.163,86
1779897540,1.16297,1.16297,1.16291,1.16293,44
1779897600,1.16303,1.16303,1.16292,1.16293,122
1779897660,1.16295,1.16299,1.16287,1.16287,94
1779897720,1.16288,1.16295,1.16284,1.16288,98
1779897780,1.16291,1.16295,1.16246,1.16249,115
1779897840,1.16249,1.16273,1.16242,1.16269,148
1779897900,1.16272,1.1628,1.16268,1.1627,75
1779897960,1.16269,1.16272,1.16259,1.16268,123
1779898080,1.1626,1.16263,1.16248,1.16263,71
1779898140,1.16262,1.16272,1.16262,1.16264,101
1779898200,1.16271,1.16282,1.16271,1.16282,67
1779898380,1.16299,1.16299,1.16294,1.16295,36
1779898440,1.16293,1.16301,1.16293,1.16301,40
1779898500,1.16294,1.16305,1.16293,1.16303,49
1779898560,1.16304,1.16308,1.16301,1.16302,56
1779898620,1.16303,1.16308,1.16301,1.16302,64
1779898680,1.16301,1.16311,1.16301,1.16311,74
1779898740,1.16312,1.16314,1.16309,1.16312,64
1779898800,1.16311,1.16322,1.16308,1.16317,65
1779898860,1.16318,1.16318,1.16311,1.16313,75
1779898920,1.16313,1.16319,1.16312,1.16313,49
1779898980,1.16313,1.16313,1.16308,1.1631,48
1779899040,1.16319,1.16319,1.16297,1.163,73
1779899100,1.16292,1.16296,1.16291,1.16294,54
1779899160,1.16293,1.16298,1.16289,1.16297,60
1779899280,1.16298,1.16298,1.16292,1.16292,18
1779899340,1.16295,1.16295,1.16282,1.16283,63
1779899400,1.16286,1.16288,1.16277,1.16277,84
1779899460,1.16276,1.16285,1.16276,1.16285,64
1779899520,1.16285,1.16298,1.16282,1.16287,92
1779899580,1.16288,1.16291,1.16285,1.16286,60
1779899640,1.16286,1.16295,1.16285,1.16295,75
1779899700,1.16294,1.16299,1.16294,1.16297,59
1779899820,1.16297,1.16304,1.16295,1.16302,38
1779899880,1.16303,1.16308,1.16299,1.16306,40
1779899940,1.16309,1.16312,1.16306,1.16308,69
1779900000,1.16309,1.16319,1.16307,1.16318,70
1779900060,1.16319,1.16327,1.16313,1.16313,74
1779900120,1.16314,1.16315,1.1631,1.16313,54
1779900180,1.16313,1.16321,1.16313,1.16317,31
1779900240,1.16317,1.16317,1.16312,1.16313,36
1779900300,1.16314,1.16318,1.16312,1.16314,53
1779900360,1.16316,1.16319,1.16308,1.16317,61
1779900420,1.16317,1.16325,1.16317,1.16325,37
1779900540,1.16322,1.16324,1.16321,1.16322,29
1779900600,1.16322,1.16323,1.16312,1.16317,47
1779900660,1.16318,1.16324,1.16318,1.16324,51
1779900720,1.16325,1.16325,1.16321,1.16323,64
1779900780,1.16323,1.16324,1.16318,1.16324,51
1779900840,1.16324,1.16325,1.16316,1.16317,48
1779900900,1.16312,1.16312,1.16304,1.16311,46
1779901020,1.16315,1.16319,1.16314,1.16314,49
1779901080,1.16318,1.16325,1.16315,1.16319,71
1779901140,1.1632,1.16325,1.16319,1.16323,78
1779901200,1.16323,1.16329,1.16321,1.16326,67
1779901260,1.16327,1.1633,1.16315,1.16318,73
1779901320,1.16313,1.16323,1.16312,1.16322,109
1779901380,1.16323,1.16327,1.16299,1.16305,118
1779901440,1.16306,1.16308,1.16302,1.16307,77
1779901500,1.16306,1.16315,1.16306,1.16313,82
1779901560,1.16313,1.16313,1.16297,1.16298,94
1779901620,1.16297,1.16298,1.16258,1.16259,122
1779901680,1.16259,1.16259,1.16231,1.16231,139
1779901740,1.16231,1.16253,1.16229,1.16243,147
1779901800,1.16242,1.16252,1.1624,1.16248,107
1779901860,1.16248,1.16252,1.16241,1.16241,105
1779902040,1.16237,1.16244,1.16236,1.16236,50
1779902100,1.16232,1.16249,1.16228,1.16248,97
1779902160,1.16249,1.16256,1.16246,1.1625,56
1779902220,1.16249,1.16256,1.16249,1.16252,79
1779902340,1.16242,1.16243,1.16232,1.16234,58
1779902400,1.16234,1.16238,1.16232,1.16235,70
1779902460,1.16236,1.16236,1.16221,1.16223,72
1779902580,1.16228,1.16241,1.16226,1.16237,57
1779902640,1.16238,1.16239,1.16233,1.16239,50
1779902700,1.16237,1.16245,1.16231,1.16236,82
1779902820,1.16244,1.16246,1.16237,1.16238,49
1779902940,1.1624,1.16247,1.16238,1.16244,55
1779903000,1.16235,1.16235,1.16228,1.1623,41
1779903060,1.16231,1.1624,1.16231,1.16235,68
1779903120,1.16234,1.16235,1.16233,1.16233,35
1779903180,1.16234,1.1624,1.16224,1.16226,40
1779903240,1.16225,1.16229,1.16223,1.16228,47
1779903300,1.16227,1.16237,1.16225,1.16237,65
1779903420,1.16239,1.16241,1.16237,1.16239,44
1779903480,1.16233,1.16248,1.16233,1.16247,59
1779903540,1.16246,1.16248,1.16241,1.16243,56
1779903600,1.16241,1.16241,1.16233,1.16237,75
1779903660,1.16238,1.1626,1.16238,1.16259,52
1779903720,1.16259,1.16259,1.16254,1.16258,55
1779903780,1.16259,1.16259,1.16256,1.16258,14
1779903840,1.16257,1.16257,1.16252,1.16255,21
1779903900,1.16254,1.16265,1.16253,1.16259,47
1779903960,1.1626,1.16261,1.16256,1.16258,60
1779904020,1.16259,1.16259,1.16254,1.16254,40
1779904080,1.16255,1.16259,1.16253,1.16257,49
1779904140,1.16258,1.16264,1.16258,1.16262,35
1779904200,1.16263,1.16272,1.16261,1.16272,50
1779904260,1.16271,1.16278,1.16264,1.16278,64
1779904320,1.16277,1.16283,1.16274,1.16278,68
1779904380,1.16277,1.16278,1.16263,1.16271,56
1779904440,1.16271,1.16274,1.1627,1.16271,47
1779904500,1.1627,1.16278,1.16267,1.16278,53
1779904560,1.1628,1.16284,1.16276,1.16277,48
1779904680,1.16279,1.1628,1.16277,1.16278,28
1779904740,1.16277,1.16277,1.1627,1.16272,40
1779904800,1.16269,1.16274,1.16265,1.16268,75
1779904860,1.16268,1.16269,1.16265,1.16266,77
1779904920,1.16267,1.16267,1.16248,1.16248,77
1779904980,1.16247,1.16249,1.16241,1.16248,78
1779905040,1.16247,1.16248,1.16242,1.16246,65
1779905100,1.16247,1.16247,1.16243,1.16245,53
1779905160,1.16245,1.16248,1.16239,1.16247,52
1779905280,1.16246,1.16249,1.16242,1.16247,54
1779905340,1.16246,1.16248,1.16244,1.16244,24
1779905400,1.16244,1.16244,1.16241,1.16242,46
1779905460,1.16242,1.16245,1.16235,1.16237,43
1779905520,1.16236,1.16238,1.16229,1.16237,66
1779905580,1.16236,1.1624,1.16236,1.16237,32
1779905640,1.16238,1.16242,1.16237,1.1624,64
1779905700,1.16242,1.16246,1.1624,1.16245,78
1779905760,1.16244,1.16244,1.16232,1.16232,68
1779905820,1.16233,1.16238,1.1623,1.1623,73
1779905880,1.16231,1.16233,1.16226,1.16233,47
1779905940,1.16233,1.16234,1.16226,1.1623,62
1779906000,1.16229,1.16233,1.16227,1.16228,66
1779906120,1.1623,1.16234,1.16227,1.1623,48
1779906240,1.16243,1.16243,1.16237,1.16237,20
1779906300,1.1623,1.16241,1.16229,1.16239,75
1779906360,1.1624,1.16242,1.16237,1.16237,74
1779906420,1.16236,1.16246,1.16236,1.16246,50
1779906480,1.16244,1.16245,1.16238,1.16242,51
1779906540,1.1624,1.16248,1.1624,1.16247,45
1779906600,1.16246,1.16262,1.16245,1.16259,67
1779906660,1.16257,1.16257,1.16251,1.16253,56
1779906720,1.16252,1.16256,1.1625,1.16255,60
1779906840,1.16247,1.16247,1.16238,1.16241,38
1779906900,1.16242,1.16247,1.16241,1.16242,51
1779906960,1.16242,1.16257,1.16242,1.16251,60
1779907080,1.16246,1.16255,1.16246,1.16255,36
1779907140,1.16257,1.1626,1.16251,1.16256,41
1779907200,1.16262,1.16263,1.16256,1.16261,36
1779907380,1.16271,1.16277,1.16269,1.16277,29
1779907440,1.16278,1.16281,1.16277,1.16277,45
1779907500,1.16274,1.16277,1.16267,1.16267,36
1779907560,1.16268,1.16272,1.16268,1.1627,38
1779907680,1.16272,1.16278,1.16268,1.16277,38
1779907740,1.16276,1.16283,1.16275,1.16281,50
1779907800,1.1628,1.16291,1.1628,1.16281,56
1779907860,1.16281,1.16283,1.16277,1.16279,50
1779907920,1.16279,1.16281,1.16274,1.16281,34
1779907980,1.16281,1.16284,1.16279,1.16282,56
1779908040,1.16282,1.16289,1.16282,1.16288,42
1779908220,1.163,1.16303,1.16298,1.16302,45
1779908280,1.16297,1.163,1.16297,1.16299,35
1779908340,1.16295,1.163,1.16292,1.16294,59
1779908400,1.16295,1.16299,1.1629,1.16291,67
1779908460,1.1629,1.16295,1.16283,1.16284,67
1779908520,1.16283,1.16298,1.16283,1.16297,39
1779908580,1.16298,1.16299,1.16291,1.16299,37
1779908640,1.16298,1.16305,1.16298,1.16303,41
1779908700,1.16304,1.16307,1.16304,1.16304,25
1779908760,1.16305,1.16316,1.16305,1.16316,46
1779908820,1.16314,1.16314,1.16308,1.1631,36
1779908940,1.16305,1.16307,1.16305,1.16306,29
1779909000,1.16306,1.16308,1.16301,1.16302,21
1779909060,1.16302,1.16302,1.16298,1.16298,26
1779909120,1.16299,1.163,1.16292,1.16292,23
1779909180,1.16299,1.16299,1.16288,1.16289,32
1779909240,1.16292,1.16304,1.16292,1.16301,54
1779909300,1.16303,1.16307,1.16302,1.16303,36
1779909360,1.16304,1.16305,1.16298,1.16301,38
1779909420,1.16302,1.16304,1.16301,1.16303,28
1779909480,1.163,1.16303,1.16299,1.16302,43
1779909540,1.16302,1.16302,1.16296,1.16302,36
1779909600,1.16302,1.16305,1.16301,1.16304,41
1779909660,1.16305,1.16311,1.16303,1.16311,25
1779909720,1.16307,1.16307,1.16303,1.16304,37
1779909780,1.16306,1.1632,1.16304,1.16318,42
1779909840,1.16319,1.1632,1.16315,1.16317,36
1779910020,1.16315,1.16315,1.16306,1.16311,47
1779910080,1.16313,1.16314,1.16308,1.16309,39
1779910140,1.16309,1.16313,1.16304,1.1631,44
1779910200,1.1631,1.16313,1.16304,1.16304,36
1779910260,1.16303,1.16306,1.163,1.16304,41
1779910320,1.16299,1.16312,1.16292,1.163,49
1779910380,1.16302,1.1631,1.16302,1.16309,66
1779910440,1.1631,1.16312,1.16308,1.16309,41
1779910500,1.16308,1.16315,1.16308,1.16315,32
1779910560,1.16316,1.16317,1.16312,1.16313,52
1779910620,1.16314,1.16314,1.1631,1.16312,37
1779910680,1.16311,1.16311,1.16309,1.16309,16
1779910740,1.16309,1.16311,1.16308,1.16308,20
1779910800,1.16315,1.16315,1.16292,1.16293,58
1779910860,1.16294,1.16294,1.1629,1.16291,39
1779910980,1.16292,1.16297,1.16291,1.16297,21
1779911040,1.16294,1.16295,1.16291,1.16292,27
1779911100,1.16288,1.16289,1.16283,1.16287,47
1779911160,1.1629,1.1629,1.16287,1.16289,29
1779911220,1.16291,1.16298,1.16289,1.16298,29
1779911280,1.16296,1.16299,1.16289,1.1629,22
1779911340,1.16289,1.16293,1.16288,1.16288,40
1779911520,1.16283,1.16285,1.1628,1.16281,34
1779911580,1.16279,1.1628,1.16274,1.16274,17
1779911640,1.16274,1.16274,1.16271,1.16274,29
1779911700,1.16272,1.16276,1.16268,1.16274,59
1779911880,1.16278,1.1628,1.16278,1.16279,27
1779911940,1.16277,1.16284,1.16276,1.16284,53
1779912000,1.16288,1.16291,1.16282,1.16289,67
1779912060,1.1629,1.16293,1.16287,1.16289,61
1779912120,1.16288,1.16298,1.16288,1.16295,54
1779912180,1.16296,1.163,1.16296,1.16299,29
1779912240,1.16298,1.16307,1.16297,1.16304,40
1779912300,1.16301,1.16305,1.16296,1.16296,39
1779912360,1.16295,1.16296,1.16291,1.16296,43
1779912480,1.16293,1.16293,1.16292,1.16293,7
1779912540,1.16292,1.16295,1.16292,1.16293,13
1779912600,1.16292,1.16294,1.16292,1.16293,18
1779912720,1.16284,1.16285,1.16283,1.16283,14
1779912780,1.16283,1.16284,1.16282,1.16283,18
1779912840,1.16288,1.16289,1.16286,1.16286,26
1779912900,1.16287,1.16289,1.16286,1.16287,44
1779912960,1.16285,1.16289,1.16284,1.16288,39
1779913020,1.16286,1.16291,1.16283,1.1629,25
1779913080,1.16293,1.16294,1.16291,1.16293,18
1779913140,1.16292,1.16292,1.16288,1.16289,14
1779913200,1.16287,1.16289,1.16284,1.16285,30
1779913320,1.16284,1.16285,1.16282,1.16284,23
1779913380,1.16282,1.1629,1.16282,1.16289,23
1779913440,1.1629,1.1629,1.16287,1.16289,12
1779913500,1.16288,1.16289,1.16287,1.16289,19
1779913560,1.16289,1.1629,1.16288,1.16289,26
1779913620,1.16287,1.16289,1.16286,1.16289,12
1779913680,1.16289,1.16289,1.16282,1.16282,26
1779913740,1.16283,1.16283,1.16278,1.1628,26
1779913800,1.16282,1.16285,1.16281,1.16284,35
1779913860,1.16288,1.16289,1.16285,1.16288,38
1779914040,1.16289,1.1629,1.16288,1.1629,5
1779914100,1.16289,1.16289,1.16283,1.16284,11
1779914160,1.16284,1.16284,1.16283,1.16284,9
1779914280,1.16276,1.16276,1.16273,1.16275,14
1779914340,1.1627,1.1627,1.16269,1.16269,15
1779914400,1.16266,1.16267,1.16264,1.16266,11
1779914520,1.16265,1.16265,1.16261,1.16261,3
1779914580,1.16262,1.16271,1.16261,1.16271,22
1779914640,1.16271,1.16276,1.16271,1.16276,21
1779914700,1.16275,1.16276,1.16271,1.16273,28
1779914760,1.16272,1.16273,1.16271,1.16273,14
1779914880,1.16271,1.16271,1.16263,1.16264,19
1779914940,1.1626,1.16267,1.16258,1.16267,31
1779915000,1.16263,1.16266,1.16261,1.16265,20
1779915180,1.1626,1.16261,1.16256,1.16259,26
1779915240,1.16263,1.16263,1.16262,1.16263,7
1779915300,1.1626,1.16263,1.1626,1.16261,23
1779915360,1.16262,1.16263,1.16257,1.16258,25
1779915420,1.16257,1.1626,1.16254,1.16254,32
1779915480,1.16254,1.16258,1.16253,1.16256,67
1779915660,1.16247,1.16247,1.16247,1.16247,2
1779916020,1.16276,1.16276,1.16276,1.16276,1
1779916080,1.16273,1.16273,1.16273,1.16273,2
1779916260,1.16279,1.16279,1.16279,1.16279,1
1779916440,1.16277,1.16277,1.16277,1.16277,1
1779916500,1.16284,1.16284,1.16274,1.16274,3
1779916560,1.1628,1.1628,1.16274,1.16274,2
1779916620,1.16272,1.16272,1.16271,1.16271,2
1779916680,1.16279,1.16279,1.16276,1.16276,2
1779916740,1.16276,1.16276,1.16271,1.16271,2
1779916860,1.1628,1.16287,1.16276,1.16287,19
1779916920,1.16287,1.16287,1.16274,1.16285,10
1779916980,1.16284,1.16288,1.16283,1.16285,26
1779917040,1.16279,1.16279,1.16275,1.16275,10
1779917160,1.16275,1.16275,1.16275,1.16275,2
1779917280,1.16275,1.16283,1.16275,1.16275,5
1779917340,1.16275,1.16275,1.16275,1.16275,3
1779917400,1.16275,1.16286,1.16275,1.16278,10
1779917460,1.16278,1.16286,1.16278,1.16285,7
1779917520,1.16281,1.16289,1.16281,1.16288,16
1779917580,1.16284,1.16292,1.16271,1.16289,26
1779917640,1.16289,1.16291,1.16267,1.16278,24
1779917700,1.16285,1.16292,1.16279,1.16289,10
1779917760,1.16289,1.16293,1.16267,1.16269,15
1779917820,1.1627,1.16293,1.16266,1.16269,17
1779917880,1.16282,1.16283,1.16281,1.16283,6
1779917940,1.16283,1.16283,1.16275,1.1628,16
1779918000,1.16285,1.16285,1.16268,1.16272,24
1779918060,1.16277,1.16277,1.16272,1.16275,12
1779918120,1.16275,1.1628,1.16275,1.16278,13
1779918180,1.16284,1.16284,1.16271,1.16273,28
1779918240,1.16273,1.16281,1.16273,1.16277,17
1779918300,1.16269,1.16282,1.16268,1.16269,41
1779918360,1.16268,1.16277,1.16268,1.16274,29
1779918420,1.16274,1.16286,1.16274,1.16286,24
1779918480,1.16285,1.16297,1.16274,1.16286,48
1779918540,1.16277,1.16283,1.16261,1.16274,27
1779918600,1.16274,1.16275,1.16267,1.16267,15
1779918660,1.16266,1.16275,1.16264,1.16275,32
1779918720,1.16264,1.16272,1.16263,1.16267,18
1779918780,1.16267,1.1627,1.16265,1.16265,7
1779918840,1.16265,1.16265,1.16235,1.16244,30
1779918900,1.16251,1.16255,1.16244,1.16254,22
1779918960,1.16249,1.16249,1.16238,1.16242,10
1779919020,1.16242,1.16259,1.1624,1.16259,11
1779919080,1.16267,1.16269,1.16262,1.16262,7
1779919140,1.16267,1.16274,1.16266,1.16268,15
1779919200,1.16289,1.16298,1.1628,1.16293,81
1779919260,1.16292,1.16293,1.16284,1.16291,97
1779919320,1.1629,1.16291,1.16281,1.16282,71
1779919380,1.16282,1.16282,1.16276,1.16277,48
1779919440,1.16277,1.16277,1.16276,1.16276,51
1779919500,1.16277,1.16288,1.16277,1.16288,30
1779919560,1.16288,1.16289,1.16287,1.16289,19
1779919620,1.16289,1.16289,1.16286,1.16287,7
1779919680,1.16288,1.16288,1.16287,1.16287,11
1779919740,1.16287,1.16291,1.16287,1.16288,19
1779919800,1.16287,1.16292,1.16287,1.16292,11
1779919860,1.16293,1.16293,1.16293,1.16293,2
1779919980,1.163,1.16302,1.16298,1.16298,12
1779920040,1.16299,1.16302,1.16299,1.16302,16
1779920100,1.16301,1.16304,1.163,1.16302,14
1779920160,1.16303,1.16304,1.163,1.16304,20
1779920220,1.16304,1.16304,1.16292,1.16292,20
1779920280,1.16292,1.16297,1.16292,1.16296,16
1779920340,1.16292,1.16292,1.16291,1.16291,11
1779920400,1.16292,1.16302,1.1629,1.16297,27
1779920460,1.16295,1.16296,1.16294,1.16296,32
1779920580,1.16295,1.16297,1.16295,1.16296,9
1779920640,1.16298,1.16301,1.16297,1.16301,9
1779920700,1.16298,1.16298,1.16294,1.16297,25
1779920820,1.16296,1.16297,1.16294,1.16294,12
1779920880,1.16291,1.16292,1.16285,1.16285,33
1779920940,1.16283,1.16283,1.1628,1.16282,22
1779921000,1.16281,1.16282,1.16273,1.16275,50
1779921060,1.16275,1.16279,1.16274,1.16277,22
1779921120,1.16277,1.1628,1.16276,1.16277,24
1779921180,1.16277,1.16283,1.16276,1.16282,11
1779921240,1.16283,1.16283,1.16282,1.16283,7
1779921300,1.16285,1.16287,1.16285,1.16286,20
1779921360,1.16285,1.16287,1.16283,1.16287,14
1779921420,1.16285,1.16287,1.16282,1.16287,19
1779921480,1.16287,1.1629,1.16287,1.1629,8
1779921540,1.16289,1.16291,1.16287,1.16291,16
1779921600,1.1629,1.16295,1.16289,1.16291,35
1779921660,1.16292,1.16292,1.16286,1.16287,7
1779921720,1.16285,1.16286,1.1628,1.1628,14
1779921780,1.16279,1.16279,1.16277,1.16278,15
1779921840,1.1628,1.1628,1.16269,1.1627,29
1779921900,1.16271,1.16271,1.16264,1.16266,27
1779921960,1.16265,1.16268,1.16262,1.16264,31
1779922020,1.16263,1.16266,1.16262,1.16263,24
1779922080,1.16263,1.16263,1.16262,1.16262,12
1779922140,1.16263,1.16263,1.16262,1.16262,15
1779922200,1.16263,1.16264,1.16259,1.16261,21
1779922320,1.16261,1.16262,1.16261,1.16261,14
1779922380,1.16262,1.16265,1.16261,1.16263,25
1779922440,1.16263,1.16264,1.16261,1.16262,21
1779922500,1.16263,1.16266,1.1626,1.1626,13
1779922560,1.16261,1.16261,1.1626,1.16261,10
1779922620,1.16262,1.16262,1.16259,1.1626,20
1779922680,1.16261,1.16262,1.1626,1.16261,20
1779922740,1.16261,1.16262,1.1626,1.1626,14
1779922800,1.16258,1.16262,1.16257,1.1626,32
1779922860,1.16261,1.16262,1.1626,1.16262,4
1779922920,1.16261,1.16266,1.1626,1.16264,11
1779922980,1.16267,1.16267,1.16265,1.16265,8
1779923040,1.16265,1.16272,1.16265,1.1627,24
1779923100,1.16272,1.16272,1.16271,1.16272,9
1779923160,1.16272,1.16272,1.16269,1.16271,15
1779923220,1.1627,1.16271,1.16268,1.1627,27
1779923280,1.16271,1.16272,1.16269,1.16271,29
1779923340,1.16272,1.16273,1.16271,1.16271,12
1779923400,1.16269,1.16273,1.16269,1.16271,24
1779923460,1.16273,1.16277,1.16273,1.16277,9
1779923520,1.16278,1.16279,1.16278,1.16278,5
1779923640,1.16279,1.16279,1.16278,1.16278,2
1779923700,1.16278,1.16279,1.16277,1.16278,13
1779923760,1.16277,1.16283,1.16271,1.16282,25
1779923820,1.16283,1.16287,1.16281,1.16282,24
1779923880,1.16281,1.16283,1.16281,1.16282,17
1779923940,1.16281,1.16282,1.16277,1.16278,20
1779924000,1.16277,1.16279,1.1627,1.1627,37
1779924120,1.1623,1.16231,1.16223,1.16226,59
1779924180,1.16224,1.16231,1.16223,1.16228,45
1779924240,1.16224,1.16235,1.16223,1.16232,33
1779924300,1.1623,1.16232,1.16226,1.16232,39
1779924360,1.16232,1.16233,1.16224,1.16225,35
1779924480,1.16223,1.16227,1.16218,1.16225,24
1779924540,1.16225,1.16227,1.16216,1.16217,20
1779924600,1.16218,1.16219,1.16205,1.16206,77
1779924660,1.16207,1.16217,1.16206,1.16217,37
1779924720,1.16217,1.16218,1.16215,1.16215,30
1779924780,1.16215,1.16223,1.16214,1.16221,62
1779924840,1.16221,1.16227,1.16221,1.16223,39
1779924900,1.16222,1.16222,1.16206,1.16207,56
1779924960,1.16206,1.16212,1.16204,1.16212,48
1779925020,1.16211,1.16213,1.16211,1.16212,9
1779925140,1.16212,1.1622,1.16212,1.16215,15
1779925200,1.16216,1.16218,1.16211,1.16211,26
1779925320,1.16213,1.16218,1.16213,1.16216,16
1779925380,1.16217,1.16217,1.16214,1.16216,25
1779925440,1.16218,1.16224,1.16218,1.16221,25
1779925500,1.1622,1.16222,1.16216,1.16216,35
1779925560,1.16217,1.16218,1.16213,1.16214,38
1779925620,1.16214,1.16216,1.16213,1.16214,34
1779925680,1.16215,1.16218,1.16215,1.16216,15
1779925740,1.16215,1.16216,1.16213,1.16214,13
1779925800,1.16214,1.16214,1.16212,1.16213,19
1779925860,1.16213,1.16213,1.16166,1.16166,70
1779925920,1.1616,1.16172,1.1616,1.16165,60
1779925980,1.16165,1.16173,1.16165,1.16173,40
1779926040,1.16172,1.1618,1.16171,1.16179,31
1779926100,1.16176,1.16181,1.16174,1.16179,46
1779926160,1.16179,1.16186,1.16178,1.16186,35
1779926220,1.16181,1.16187,1.16176,1.16176,66
1779926280,1.16177,1.16178,1.16176,1.16176,14
1779926340,1.16173,1.16179,1.16173,1.16176,37
1779926400,1.16174,1.1618,1.16166,1.16171,131
1779926460,1.16173,1.16187,1.16169,1.16186,116
1779926520,1.16186,1.16191,1.16184,1.16189,88
1779926580,1.16189,1.16189,1.1618,1.16186,97
1779926640,1.16182,1.1619,1.16181,1.16189,47
1779926700,1.16191,1.16201,1.16187,1.1619,72
1779926760,1.16191,1.16195,1.16179,1.1619,90
1779926820,1.1619,1.16202,1.16189,1.16194,62
1779926880,1.16194,1.16203,1.16192,1.16201,63
1779926940,1.16202,1.16208,1.16201,1.16207,54
1779927000,1.16207,1.16208,1.16196,1.16197,46
1779927060,1.16198,1.16199,1.16193,1.16193,43
1779927120,1.16194,1.16201,1.16194,1.162,32
1779927180,1.16199,1.16201,1.16197,1.162,37
1779927240,1.16204,1.16208,1.16203,1.16204,52
1779927300,1.16202,1.16212,1.16198,1.16212,57
1779927360,1.16211,1.16212,1.16201,1.16203,56
1779927420,1.16203,1.1621,1.162,1.16209,48
1779927480,1.16208,1.16222,1.16208,1.16222,50
1779927540,1.16225,1.16226,1.16219,1.1622,51
1779927600,1.16219,1.16232,1.16218,1.1623,53
1779927660,1.16229,1.16234,1.16226,1.16234,46
1779927720,1.16232,1.16233,1.16229,1.1623,34
1779927780,1.1623,1.16232,1.16228,1.16229,43
1779927840,1.1623,1.1623,1.16213,1.16217,53
1779927900,1.16215,1.16218,1.16206,1.16215,94
1779928020,1.16221,1.16226,1.16218,1.16226,46
1779928080,1.16224,1.16231,1.16223,1.1623,28
1779928140,1.1623,1.16234,1.1623,1.16232,34
1779928200,1.1623,1.16233,1.16214,1.16214,89
1779928260,1.16215,1.16216,1.16201,1.16209,96
1779928320,1.1621,1.16217,1.16209,1.16215,83
1779928380,1.16216,1.16219,1.1621,1.1621,89
1779928440,1.16211,1.16211,1.16205,1.16206,61
1779928500,1.16205,1.16214,1.16205,1.16207,49
1779928620,1.16197,1.16202,1.16197,1.16202,41
1779928680,1.162,1.16201,1.16196,1.16201,34
1779928740,1.162,1.16203,1.16199,1.162,32
1779928800,1.162,1.16207,1.162,1.16204,44
1779928860,1.16205,1.16207,1.16204,1.16206,47
1779928920,1.16207,1.16213,1.16207,1.1621,31
1779928980,1.1621,1.16217,1.16209,1.1621,60
1779929040,1.1621,1.16211,1.16198,1.16199,41
1779929100,1.16198,1.16205,1.16194,1.16194,82
1779929160,1.16196,1.16202,1.16193,1.16202,57
1779929220,1.16203,1.16206,1.16201,1.16204,25
1779929340,1.16203,1.16203,1.16195,1.16195,30
1779929400,1.16195,1.16197,1.16185,1.16186,51
1779929460,1.16185,1.16193,1.16185,1.16192,46
1779929580,1.16196,1.16196,1.16193,1.16195,44
1779929640,1.16192,1.16193,1.16181,1.16181,73
1779929700,1.16176,1.16183,1.16169,1.16176,84
1779929880,1.16186,1.16196,1.16185,1.16196,44
1779929940,1.16208,1.16213,1.16206,1.16212,48
1779930000,1.16207,1.16212,1.16197,1.16197,60
1779930060,1.16198,1.162,1.16192,1.16196,56
1779930120,1.16194,1.16196,1.16185,1.16186,74
1779930180,1.16185,1.1619,1.16183,1.16186,61
1779930240,1.16185,1.16192,1.16183,1.16185,85
1779930300,1.16184,1.16185,1.16177,1.16179,61
1779930360,1.16178,1.16189,1.16178,1.16187,86
1779930420,1.16187,1.16194,1.16185,1.1619,67
1779930480,1.1619,1.16196,1.1619,1.16192,71
1779930540,1.16192,1.16194,1.16188,1.16191,61
1779930600,1.16191,1.16202,1.16189,1.162,41
1779930660,1.162,1.16207,1.16196,1.16204,53
1779930720,1.16203,1.16204,1.16197,1.16197,40
1779930780,1.16198,1.162,1.16191,1.16197,54
1779930840,1.162,1.16201,1.16196,1.16197,52
1779930900,1.16194,1.16204,1.16193,1.16202,98
1779930960,1.16202,1.16204,1.162,1.16202,61
1779931020,1.16203,1.16203,1.16198,1.16198,52
1779931080,1.16194,1.16202,1.16194,1.16197,58
1779931140,1.16196,1.16203,1.16196,1.16201,65
1779931200,1.16201,1.16202,1.1619,1.16191,55
1779931260,1.1619,1.16196,1.16188,1.16193,68
1779931320,1.16192,1.16193,1.16188,1.1619,64
1779931380,1.16189,1.16193,1.16189,1.16192,33
1779931440,1.16195,1.16202,1.16195,1.16201,36
1779931500,1.16198,1.16198,1.1619,1.16191,58
1779931560,1.1619,1.16195,1.16186,1.16187,56
1779931620,1.16185,1.16192,1.16183,1.16186,56
1779931680,1.16185,1.16191,1.16185,1.16188,40
1779931740,1.16187,1.16193,1.16185,1.16185,55
1779931800,1.16186,1.1619,1.16183,1.16188,68
1779931860,1.16187,1.16196,1.16185,1.16185,75
1779931920,1.16184,1.16185,1.16166,1.16168,87
1779932040,1.1617,1.16176,1.16169,1.16171,54
1779932100,1.16173,1.16174,1.16167,1.16169,51
1779932160,1.16168,1.16172,1.16167,1.16171,59
1779932280,1.16177,1.16177,1.16171,1.16171,48
1779932340,1.16176,1.16176,1.16172,1.16175,32
1779932400,1.16174,1.16174,1.16166,1.16166,39
1779932460,1.16165,1.1617,1.16163,1.16163,66
1779932520,1.16164,1.16165,1.1616,1.16163,57
1779932580,1.16162,1.16165,1.16161,1.16164,45
1779932640,1.16161,1.16162,1.1616,1.1616,22
1779932700,1.1616,1.16161,1.16124,1.16131,82
1779932760,1.16133,1.16142,1.16133,1.1614,63
1779932820,1.16139,1.16142,1.16135,1.16136,55
1779932880,1.16135,1.16142,1.16133,1.16139,61
1779932940,1.16138,1.16141,1.16138,1.16139,44
1779933000,1.16138,1.16139,1.1613,1.16133,92
1779933120,1.16125,1.16129,1.16124,1.16129,52
1779933180,1.16135,1.16138,1.16133,1.16135,60
1779933240,1.16134,1.16136,1.16123,1.16126,71
1779933300,1.16125,1.16126,1.1611,1.1611,95
1779933360,1.16114,1.16115,1.16103,1.16104,93
1779933480,1.16101,1.16102,1.16096,1.16097,52
1779933540,1.16097,1.16099,1.16092,1.16097,73
1779933600,1.16099,1.16111,1.16099,1.16109,111
1779933660,1.16108,1.16108,1.16096,1.16098,100
1779933720,1.16097,1.16108,1.16095,1.16108,115
1779933780,1.16107,1.16109,1.16096,1.16102,91
1779933840,1.16101,1.16106,1.161,1.161,56
1779933900,1.161,1.16106,1.16099,1.16102,42
1779933960,1.16102,1.16108,1.16101,1.16103,59
1779934140,1.16104,1.16112,1.16104,1.16111,29
1779934200,1.16112,1.16118,1.16111,1.16112,42
1779934260,1.16111,1.16123,1.1611,1.16122,71
1779934320,1.16121,1.16124,1.16119,1.16122,33
1779934380,1.1612,1.16124,1.1612,1.16121,42
1779934440,1.1612,1.16127,1.16118,1.16127,28
1779934500,1.16126,1.16131,1.16126,1.16131,19
1779934560,1.16131,1.16132,1.16121,1.16121,35
1779934620,1.1612,1.16123,1.1612,1.16121,34
1779934740,1.1613,1.16132,1.16128,1.16132,31
1779934800,1.16131,1.16137,1.16131,1.16137,55
1779934860,1.16136,1.16138,1.16134,1.16137,42
1779934980,1.16137,1.16142,1.16137,1.16141,21
1779935040,1.16138,1.16141,1.16137,1.16141,34
1779935100,1.16139,1.16142,1.16138,1.16142,41
1779935220,1.1614,1.16142,1.16136,1.16137,26
1779935340,1.16135,1.16137,1.16135,1.16137,16
1779935400,1.16136,1.16147,1.16136,1.16141,64
1779935460,1.16142,1.16149,1.16141,1.16147,41
1779935520,1.16146,1.1615,1.16146,1.1615,35
1779935580,1.16148,1.16152,1.16147,1.1615,63
1779935640,1.16149,1.16151,1.16146,1.16149,63
1779935700,1.16148,1.16153,1.16146,1.16148,35
1779935760,1.16147,1.16148,1.16136,1.1614,64
1779935820,1.16139,1.1614,1.16131,1.16132,34
1779935880,1.16131,1.16132,1.16123,1.16123,17
1779935940,1.16123,1.1613,1.16123,1.16129,35
1779936000,1.16132,1.16133,1.16128,1.16131,30
1779936060,1.1613,1.16132,1.16116,1.16117,69
1779936180,1.16112,1.16123,1.16111,1.16119,42
1779936240,1.16116,1.16118,1.16115,1.16118,25
1779936300,1.16118,1.16118,1.16108,1.16108,70
1779936360,1.16107,1.16114,1.16107,1.16111,59
1779936420,1.16112,1.16114,1.16105,1.16112,94
1779936540,1.16114,1.16117,1.16114,1.16115,68
1779936600,1.16116,1.16119,1.1611,1.16112,76
1779936660,1.16111,1.16118,1.1611,1.16116,42
1779936780,1.16117,1.1612,1.16116,1.1612,28
1779936840,1.16121,1.16122,1.16115,1.16115,42
1779936900,1.16112,1.16117,1.16112,1.16114,67
1779937080,1.16121,1.16128,1.16121,1.16126,23
1779937140,1.16124,1.16125,1.1612,1.16124,34
1779937200,1.16125,1.16132,1.16124,1.1613,72
1779937260,1.16129,1.16132,1.16123,1.16128,60
1779937320,1.16127,1.16133,1.16126,1.16132,51
1779937380,1.16132,1.16138,1.16131,1.16137,68
1779937440,1.16136,1.16137,1.1613,1.16131,45
1779937500,1.16131,1.16133,1.16121,1.16127,53
1779937560,1.16126,1.16128,1.16124,1.16126,40
1779937620,1.16127,1.16131,1.16125,1.1613,46
1779937740,1.16115,1.16115,1.16111,1.16111,18
1779937920,1.16085,1.16091,1.16083,1.16088,50
1779937980,1.1608,1.16081,1.16073,1.16076,84
1779938040,1.16074,1.16076,1.16056,1.16056,89
1779938100,1.16056,1.16056,1.16046,1.16047,96
1779938160,1.16046,1.16055,1.16046,1.16052,60
1779938220,1.1605,1.16054,1.16034,1.16034,71
1779938280,1.16036,1.1604,1.16024,1.16025,88
1779938340,1.16024,1.16027,1.16018,1.16021,109
1779938400,1.16025,1.1604,1.16025,1.16031,95
1779938460,1.16032,1.16038,1.16031,1.16032,63
1779938520,1.16031,1.16032,1.16023,1.16024,90
1779938580,1.16023,1.16024,1.16018,1.16019,57
1779938640,1.1602,1.16028,1.1602,1.16024,55
1779938700,1.16022,1.16026,1.16019,1.16025,68
1779938760,1.16024,1.16028,1.16023,1.16027,70
1779938880,1.16031,1.16039,1.1603,1.16035,39
1779938940,1.16039,1.16039,1.16019,1.16019,53
1779939000,1.16009,1.16011,1.1599,1.16001,151
1779939060,1.16001,1.16005,1.15996,1.16003,94
1779939120,1.16002,1.16003,1.15963,1.15972,108
1779939180,1.15972,1.15973,1.15957,1.15961,90
1779939240,1.15962,1.15969,1.15956,1.15965,106
1779939300,1.15964,1.15973,1.15963,1.15971,93
1779939360,1.15971,1.15978,1.15961,1.15962,99
1779939420,1.15963,1.15963,1.15956,1.15957,65
1779939480,1.15955,1.15959,1.15947,1.1595,80
1779939540,1.15951,1.15957,1.15949,1.15951,103
1779939600,1.15944,1.15962,1.15943,1.1595,110
1779939660,1.15948,1.15952,1.1594,1.1594,109
1779939720,1.1594,1.15945,1.15926,1.15929,136
1779939780,1.15927,1.15935,1.15927,1.15933,67
1779939840,1.15936,1.15937,1.15928,1.15931,96
1779939900,1.15931,1.15941,1.15928,1.1594,82
1779939960,1.15939,1.15942,1.15933,1.15938,111
1779940020,1.15938,1.15943,1.15922,1.15926,101
1779940080,1.15927,1.15927,1.15911,1.15911,50
1779940140,1.1591,1.1592,1.15908,1.1592,65
1779940200,1.15919,1.1592,1.15899,1.15901,89
1779940320,1.15908,1.15912,1.15902,1.15904,65
1779940380,1.15905,1.15908,1.15901,1.15905,57
1779940440,1.15911,1.15911,1.159,1.159,66
1779940500,1.15899,1.159,1.15887,1.15889,97
1779940560,1.15886,1.15888,1.15875,1.15875,87
1779940680,1.1588,1.15889,1.15878,1.1588,64
1779940740,1.15879,1.1588,1.15871,1.15871,75
1779940800,1.1587,1.15887,1.1587,1.15884,75
1779940860,1.15882,1.15889,1.15871,1.15871,89
1779940920,1.1587,1.15877,1.1587,1.15875,82
1779940980,1.15877,1.15881,1.15869,1.1587,81
1779941040,1.1587,1.1588,1.15865,1.15879,74
1779941100,1.1588,1.1588,1.15862,1.15867,107
1779941160,1.15866,1.15876,1.15865,1.15875,66
1779941340,1.15896,1.15902,1.15896,1.15898,66
1779941400,1.15907,1.15913,1.15905,1.15907,96
1779941520,1.15898,1.15903,1.15895,1.15897,47
1779941580,1.15896,1.15908,1.15896,1.15899,51
1779941640,1.15897,1.1591,1.15896,1.1591,42
1779941700,1.1591,1.15913,1.15904,1.15912,58
1779941760,1.15911,1.15918,1.1591,1.15915,77
1779941820,1.15914,1.15916,1.1591,1.15914,70
1779941940,1.15897,1.15897,1.15881,1.15882,79
1779942000,1.15879,1.15887,1.15879,1.15886,101
1779942060,1.15886,1.15891,1.15882,1.15888,94
1779942180,1.15892,1.15897,1.15887,1.15891,42
1779942240,1.15894,1.159,1.15894,1.15896,55
1779942300,1.15893,1.15895,1.1589,1.15891,47
1779942420,1.15891,1.15893,1.15883,1.15883,40
1779942540,1.15886,1.15889,1.15881,1.15882,28
1779942600,1.15881,1.15888,1.15879,1.15887,80
1779942660,1.15886,1.15897,1.15886,1.15896,73
1779942720,1.15895,1.15903,1.15895,1.15898,58
1779942780,1.15898,1.15902,1.15892,1.15892,50
1779942840,1.15891,1.15898,1.15891,1.15893,76
1779942900,1.15892,1.15896,1.1589,1.15894,68
1779942960,1.15893,1.15908,1.15893,1.15906,49
1779943020,1.15905,1.15908,1.15902,1.15908,33
1779943080,1.15907,1.15908,1.15906,1.15908,21
1779943140,1.15907,1.15913,1.15907,1.15913,25
1779943200,1.15918,1.15927,1.15918,1.15923,68
1779943260,1.15922,1.15925,1.15916,1.15917,56
1779943320,1.15916,1.15917,1.15909,1.15909,50
1779943380,1.15907,1.15914,1.15907,1.15912,31
1779943440,1.15911,1.15914,1.1591,1.15913,26
1779943500,1.15915,1.15921,1.15915,1.15918,30
1779943560,1.15917,1.15918,1.15903,1.15903,40
1779943620,1.15902,1.15906,1.15902,1.15906,35
1779943680,1.15906,1.15908,1.15905,1.15907,16
1779943740,1.15906,1.15914,1.15906,1.15911,31
1779943800,1.1591,1.15913,1.15906,1.15908,25
1779943860,1.15907,1.15917,1.15907,1.15917,31
1779943920,1.15916,1.15917,1.15911,1.15912,24
1779943980,1.15912,1.15913,1.15911,1.15912,23
1779944040,1.15912,1.15915,1.15912,1.15913,26
1779944100,1.15912,1.15922,1.15912,1.15918,46
1779944160,1.15917,1.15923,1.15917,1.15922,23
1779944220,1.1592,1.15921,1.15913,1.15913,44
1779944280,1.15913,1.15923,1.15912,1.15917,40
1779944340,1.15916,1.15918,1.15915,1.15916,23
1779944400,1.15919,1.15926,1.15916,1.15918,102
1779944460,1.15917,1.15923,1.15915,1.15915,43
1779944520,1.15913,1.15915,1.15911,1.15913,33
1779944580,1.15912,1.15921,1.15911,1.15919,41
1779944640,1.15921,1.15929,1.15921,1.15926,40
1779944700,1.15925,1.15928,1.15925,1.15926,47
1779944760,1.15925,1.15928,1.15924,1.15928,36
1779944820,1.15927,1.15931,1.15925,1.1593,56
1779944880,1.15931,1.15932,1.15909,1.15911,34
1779944940,1.15911,1.15912,1.15906,1.15908,28
1779945000,1.15907,1.15908,1.15891,1.15892,28
1779945060,1.15891,1.15893,1.1589,1.15892,27
1779945180,1.15896,1.15898,1.15894,1.15897,52
1779945240,1.15903,1.15912,1.15902,1.15909,50
1779945300,1.15907,1.15908,1.15903,1.15903,39
1779945360,1.15902,1.15913,1.15901,1.15911,68
1779945420,1.15911,1.15922,1.15911,1.1592,58
1779945540,1.15917,1.15917,1.15907,1.15909,59
1779945600,1.15912,1.1592,1.15911,1.15918,46
1779945660,1.15919,1.15922,1.15917,1.15921,32
1779945780,1.15926,1.15929,1.15925,1.15928,33
1779946920,1.15991,1.15995,1.15991,1.15994,19
1779946980,1.15996,1.15998,1.15995,1.15998,14
1779947040,1.15996,1.15998,1.15995,1.15998,36
1779947100,1.15998,1.1601,1.15997,1.16009,29
1779947160,1.16011,1.16012,1.16002,1.16006,70
1779947220,1.16006,1.16011,1.16003,1.1601,57
1779947580,1.16013,1.16014,1.16011,1.16013,18
1779947640,1.16011,1.16012,1.16001,1.16003,34
1779947700,1.16006,1.16007,1.16001,1.16003,36
1779947760,1.15998,1.15998,1.15995,1.15998,5
1779947820,1.16007,1.16007,1.16001,1.16005,11
1779947880,1.15996,1.16001,1.15995,1.16001,66
1779947940,1.16,1.16,1.1599,1.15991,52
1779948000,1.1599,1.16,1.15984,1.1599,126
1779948060,1.15991,1.16002,1.1599,1.15997,50
1779948120,1.15996,1.16011,1.15996,1.16009,55
1779948180,1.16008,1.16017,1.16005,1.16017,79
1779948240,1.16016,1.16021,1.16007,1.16008,47
1779948300,1.16007,1.16021,1.16004,1.16016,73
1779948360,1.16015,1.16017,1.16008,1.16009,73
1779948420,1.16008,1.16022,1.16007,1.16022,77
1779948480,1.1602,1.16021,1.16011,1.16012,68
1779948540,1.16011,1.16018,1.16011,1.16012,38
1779948600,1.16011,1.16025,1.16011,1.16022,89
1779948660,1.16021,1.16023,1.16009,1.16012,56
1779948780,1.16012,1.16033,1.16012,1.16027,61
1779948840,1.16026,1.16045,1.16025,1.16041,72
1779948900,1.1604,1.16047,1.16039,1.16044,88
1779948960,1.16045,1.16047,1.16042,1.16043,70
1779949020,1.16043,1.16044,1.16035,1.1604,70
1779949080,1.16041,1.16043,1.16037,1.1604,79
1779949140,1.1604,1.16053,1.16031,1.16053,97
1779949320,1.16061,1.16075,1.16061,1.16075,74
1779949380,1.16072,1.16078,1.16072,1.16072,57
1779949440,1.16071,1.16073,1.16057,1.16069,88
1779949500,1.16071,1.16089,1.16071,1.16087,95
1779949620,1.16084,1.16092,1.16081,1.16083,59
1779949680,1.16091,1.16092,1.16082,1.16082,44
1779949740,1.16074,1.16076,1.16069,1.16072,77
1779949800,1.16072,1.16073,1.1606,1.16065,82
1779949860,1.16064,1.16066,1.16062,1.16063,76
1779949920,1.16062,1.16068,1.16059,1.16061,77
1779949980,1.16063,1.16067,1.16062,1.16066,54
1779950040,1.16067,1.16067,1.16055,1.16066,74
1779950100,1.16066,1.16073,1.16065,1.16067,35
1779950160,1.16069,1.16093,1.16069,1.16081,83
1779950220,1.1608,1.16095,1.16079,1.16092,87
1779950280,1.1609,1.16095,1.16089,1.16093,33
1779950340,1.16093,1.16098,1.16091,1.16095,45
1779950400,1.16087,1.16091,1.16077,1.16081,82
1779950520,1.16077,1.16077,1.1606,1.16061,63
1779950580,1.16059,1.16071,1.16059,1.16071,57
1779950640,1.1607,1.16081,1.1606,1.16079,62
1779950700,1.1608,1.16081,1.16071,1.16076,64
1779950760,1.16075,1.16076,1.16066,1.16074,48
1779950820,1.16074,1.16083,1.16074,1.16083,45
1779950880,1.16082,1.16087,1.16075,1.16075,56
1779950940,1.16076,1.16081,1.16076,1.1608,15
1779951000,1.16085,1.16085,1.16074,1.16076,47
1779951060,1.16076,1.16076,1.16061,1.16065,67
1779951120,1.16064,1.16082,1.16064,1.1608,82
1779951180,1.1608,1.16088,1.16077,1.16084,66
1779951240,1.16084,1.1609,1.16082,1.1609,73
1779951300,1.16089,1.16103,1.16088,1.16103,71
1779951360,1.16102,1.16113,1.16101,1.16107,64
1779951420,1.16106,1.16109,1.16105,1.16108,37
1779951480,1.16117,1.16121,1.16112,1.16115,58
1779951540,1.16106,1.16109,1.16101,1.16102,54
1779951600,1.16104,1.16141,1.16102,1.16139,134
1779951660,1.16139,1.16143,1.16125,1.16138,121
1779951720,1.16138,1.1614,1.16123,1.16124,73
1779951780,1.16122,1.16137,1.16121,1.16132,89
1779951840,1.16131,1.16132,1.16121,1.1613,80
1779951900,1.16127,1.16134,1.16123,1.16123,56
1779951960,1.16122,1.16133,1.16121,1.16122,70
1779952140,1.16141,1.16144,1.16136,1.16142,46
1779952200,1.16141,1.16142,1.16135,1.16136,38
1779952320,1.16156,1.16166,1.16155,1.16157,85
1779952440,1.16165,1.16173,1.16164,1.16172,37
1779952500,1.16165,1.16165,1.16137,1.1614,108
1779952560,1.1614,1.16147,1.16135,1.16137,89
1779952620,1.16135,1.16148,1.16135,1.16146,98
1779952680,1.16146,1.16153,1.16144,1.16145,74
1779952740,1.16145,1.16156,1.16139,1.16153,88
1779952800,1.16155,1.16161,1.1615,1.16153,102
1779952920,1.16148,1.16154,1.16148,1.16154,52
1779952980,1.16145,1.16155,1.16144,1.16152,74
1779953040,1.16153,1.16153,1.16145,1.16146,72
1779953100,1.16146,1.16152,1.1614,1.16143,72
1779953220,1.16131,1.16141,1.16126,1.16135,83
1779953400,1.16125,1.16138,1.16124,1.16137,94
1779953460,1.16137,1.1614,1.16129,1.1613,79
1779953520,1.1613,1.16134,1.16129,1.16129,78
1779953580,1.1613,1.16132,1.16121,1.16123,70
1779953640,1.16123,1.16126,1.16119,1.16121,74
1779953700,1.16121,1.16124,1.16115,1.16122,76
1779953760,1.16122,1.16122,1.16105,1.16109,77
1779953820,1.16108,1.16118,1.16105,1.1611,81
1779953880,1.1611,1.16115,1.16101,1.1611,89
1779953940,1.16109,1.16112,1.16105,1.16105,80
1779954000,1.16104,1.16107,1.16101,1.16104,62
1779954120,1.1611,1.16116,1.16107,1.16116,49
1779954180,1.16115,1.16123,1.16111,1.16121,58
1779954240,1.16123,1.16124,1.16118,1.16118,58
1779954300,1.16125,1.16125,1.16117,1.16118,60
1779954360,1.16117,1.16125,1.16114,1.16122,83
1779954420,1.16121,1.1613,1.1612,1.16124,77
1779954480,1.16123,1.16139,1.16123,1.16134,74
1779954540,1.16134,1.16137,1.16129,1.16133,56
1779954600,1.16135,1.16135,1.1612,1.16125,57
1779954720,1.16129,1.16134,1.1612,1.16133,57
1779954840,1.1613,1.16132,1.16127,1.16129,28
1779954900,1.16131,1.16132,1.16127,1.16127,43
1779954960,1.16126,1.1613,1.16115,1.16125,84
1779955020,1.16125,1.16126,1.1612,1.16122,44
1779955080,1.16121,1.16121,1.16116,1.16117,28
1779955140,1.16114,1.16122,1.16112,1.16119,50
1779955200,1.1612,1.16131,1.16115,1.16124,135
1779955260,1.16124,1.16146,1.16123,1.16144,84
1779955320,1.16145,1.16147,1.16133,1.16141,105
1779955380,1.16142,1.16143,1.16136,1.16139,53
1779955440,1.16139,1.16142,1.16128,1.16142,88
1779955500,1.16142,1.16153,1.16137,1.16153,103
1779955560,1.16152,1.1616,1.16148,1.16153,95
1779955740,1.16151,1.16157,1.1615,1.16151,41
1779955800,1.16148,1.16152,1.16139,1.16141,84
1779955920,1.16132,1.16139,1.16131,1.16131,56
1779955980,1.16131,1.16132,1.1611,1.1611,80
1779956040,1.16111,1.16112,1.16093,1.16111,84
1779956100,1.1611,1.16111,1.16096,1.16096,66
1779956160,1.16096,1.16096,1.16087,1.16088,47
1779956220,1.16092,1.16097,1.16089,1.16096,85
1779956280,1.16095,1.16096,1.16079,1.16081,71
1779956340,1.1608,1.16092,1.1608,1.16092,59
1779956400,1.16092,1.16113,1.1609,1.16102,95
1779956460,1.16104,1.16106,1.16099,1.16104,65
1779956520,1.16104,1.16112,1.16103,1.16107,62
1779956580,1.16106,1.16121,1.16106,1.16119,83
1779956640,1.16119,1.16122,1.1611,1.16111,49
1779956700,1.16109,1.16115,1.16103,1.16106,64
1779956760,1.16107,1.16107,1.16087,1.1609,95
1779956820,1.16091,1.16091,1.16081,1.16082,71
1779956880,1.16081,1.16082,1.16067,1.16077,79
1779956940,1.16076,1.16102,1.16076,1.16096,106
1779957000,1.16096,1.16105,1.1609,1.16105,90
1779957060,1.16104,1.16106,1.16101,1.16104,67
1779957120,1.16102,1.16109,1.16099,1.16101,74
1779957180,1.16097,1.16102,1.1609,1.16102,52
1779957240,1.16101,1.16113,1.16101,1.16106,52
1779957300,1.16105,1.16119,1.161,1.16102,65
1779957360,1.16103,1.16112,1.16103,1.16107,51
1779957420,1.16106,1.16113,1.16106,1.16113,34
1779957480,1.16112,1.16113,1.16104,1.16113,51
1779957540,1.16112,1.16112,1.16105,1.1611,47
1779957600,1.16111,1.16111,1.161,1.16111,68
1779957660,1.16111,1.16122,1.1611,1.16117,76
1779957720,1.16116,1.16116,1.16108,1.16108,40
1779957780,1.1611,1.16112,1.16098,1.16102,68
1779957840,1.16102,1.16112,1.161,1.16107,52
1779957900,1.16106,1.16112,1.16102,1.16112,60
1779957960,1.16111,1.16115,1.16109,1.16115,44
1779958020,1.16117,1.16119,1.16114,1.16117,64
1779958080,1.16116,1.16119,1.16111,1.16116,50
1779958140,1.16119,1.16138,1.16119,1.16132,52
1779958200,1.16131,1.16135,1.16131,1.16135,53
1779958260,1.16133,1.16143,1.16132,1.16143,42
1779958320,1.16144,1.1616,1.16144,1.16159,64
1779958380,1.16159,1.1616,1.16139,1.1614,59
1779958440,1.16141,1.16151,1.16137,1.16137,56
1779958500,1.16136,1.16138,1.16132,1.16133,58
1779958560,1.16132,1.16141,1.16131,1.16141,64
1779958620,1.16141,1.16153,1.16141,1.16152,49
1779958680,1.16152,1.16153,1.16151,1.16152,31
1779958740,1.16153,1.16168,1.16152,1.16156,66
1779958800,1.16155,1.16163,1.16154,1.1616,65
1779958860,1.16161,1.16161,1.16145,1.16159,60
1779958920,1.16158,1.1616,1.1615,1.16157,82
1779958980,1.16156,1.16167,1.16155,1.16166,52
1779959040,1.16166,1.16167,1.16157,1.16162,61
1779959100,1.16163,1.16173,1.16163,1.16168,109
1779959160,1.1617,1.16172,1.16154,1.16158,61
1779959220,1.16157,1.16158,1.16151,1.16153,57
1779959280,1.16154,1.16157,1.16145,1.16156,75
1779959340,1.16157,1.16161,1.16153,1.16159,47
1779959400,1.16158,1.16161,1.16158,1.16161,46
1779959460,1.1616,1.16172,1.16157,1.16172,80
1779959520,1.16173,1.16179,1.16172,1.16178,56
1779959580,1.16178,1.1618,1.16171,1.16177,74
1779959640,1.16176,1.16182,1.16176,1.16179,75
1779959700,1.16182,1.16184,1.16174,1.16176,73
1779959760,1.16176,1.16187,1.16175,1.16182,64
1779959940,1.16175,1.16175,1.16165,1.16165,41
1779960000,1.16161,1.16172,1.16156,1.16172,78
1779960120,1.16185,1.16191,1.16184,1.16189,62
1779960180,1.16183,1.16183,1.16172,1.16173,45
1779960240,1.16175,1.16179,1.16174,1.16176,59
1779960420,1.16186,1.16187,1.16176,1.16177,49
1779960480,1.16177,1.16177,1.16171,1.16175,52
1779960540,1.16175,1.16178,1.16172,1.16177,67
1779960600,1.16178,1.16183,1.16175,1.16175,70
1779960660,1.16175,1.16177,1.16165,1.16166,59
1779960720,1.16166,1.16166,1.16144,1.16145,85
1779960780,1.16146,1.16153,1.16144,1.16145,62
1779960840,1.16147,1.16153,1.16145,1.16149,56
1779960900,1.16151,1.16153,1.16148,1.16152,59
1779960960,1.16151,1.16157,1.16151,1.16151,55
1779961020,1.16151,1.16159,1.16151,1.16156,46
1779961080,1.16157,1.16158,1.16147,1.1615,50
1779961140,1.16151,1.16154,1.16148,1.1615,80
1779961200,1.1615,1.16159,1.1615,1.16159,60
1779961260,1.1616,1.16173,1.1616,1.16172,80
1779961320,1.16172,1.16172,1.1616,1.16166,32
1779961380,1.16167,1.16167,1.16154,1.16155,63
1779961440,1.16156,1.16166,1.16156,1.16166,48
1779961500,1.16165,1.16166,1.16155,1.16155,63
1779961560,1.16156,1.16163,1.16156,1.16156,45
1779961620,1.16157,1.1616,1.16151,1.1616,64
1779961680,1.16158,1.16162,1.16157,1.1616,51
1779961740,1.16158,1.16159,1.16151,1.16155,78
1779961800,1.16156,1.16166,1.16155,1.16157,76
1779961860,1.16161,1.16162,1.16157,1.16161,60
1779961980,1.16172,1.16177,1.16172,1.16176,30
1779962040,1.16174,1.16176,1.16168,1.16168,44
1779962100,1.16161,1.16162,1.1614,1.1614,82
1779962220,1.16135,1.16136,1.16129,1.16134,85
1779962340,1.16133,1.16134,1.1613,1.16132,37
1779962400,1.1613,1.1613,1.16124,1.16129,60
1779962460,1.1613,1.16131,1.1612,1.16122,78
1779962520,1.16122,1.16124,1.16118,1.16123,76
1779962580,1.16123,1.1614,1.16123,1.16136,67
1779962640,1.16137,1.16137,1.16119,1.16119,84
1779962700,1.16116,1.16121,1.16111,1.16111,70
1779962880,1.1609,1.16098,1.1609,1.16097,69
1779962940,1.16098,1.16118,1.16098,1.16118,40
