time,open,high,low,close,volume
1779483360,1.27852,1.27882,1.27847,1.27847,10
1779656460,1.27765,1.27765,1.27765,1.27765,2
1779656700,1.27729,1.27745,1.27729,1.27745,12
1779656760,1.27744,1.27752,1.27721,1.27734,14
1779656820,1.27733,1.27751,1.27727,1.27732,14
1779656880,1.27733,1.27744,1.27726,1.27743,12
1779656940,1.27745,1.27754,1.27725,1.27737,20
1779657000,1.2773,1.2775,1.2773,1.27734,18
1779657060,1.27731,1.27745,1.27731,1.27745,6
1779657120,1.27729,1.27731,1.27729,1.27731,4
1779657180,1.27737,1.27737,1.27737,1.27737,2
1779657240,1.27733,1.27738,1.27733,1.27735,6
1779657300,1.27722,1.27735,1.27683,1.27693,36
1779657360,1.27695,1.27709,1.2767,1.27709,72
1779657420,1.27698,1.27706,1.27672,1.27695,60
1779657480,1.27692,1.27715,1.27692,1.27705,34
1779657540,1.2771,1.27715,1.27706,1.27706,16
1779657600,1.27708,1.27716,1.27706,1.27711,50
1779657660,1.27716,1.27727,1.2771,1.2772,54
1779657720,1.27723,1.27724,1.27716,1.27719,78
1779657780,1.27723,1.27766,1.27707,1.27763,52
1779657840,1.27758,1.27763,1.27757,1.2776,42
1779657900,1.27759,1.27763,1.27718,1.27753,20
1779657960,1.27757,1.27757,1.27748,1.27752,54
1779658020,1.27762,1.27762,1.27719,1.27753,64
1779658080,1.27756,1.27762,1.27747,1.27755,34
1779658140,1.27756,1.27761,1.2775,1.2775,18
1779658200,1.27748,1.27767,1.27745,1.27754,48
1779658260,1.27756,1.27761,1.27728,1.2774,88
1779658320,1.27767,1.2777,1.27719,1.27763,110
1779658380,1.2777,1.2777,1.27725,1.27732,20
1779658440,1.2773,1.27735,1.27729,1.27735,12
1779658500,1.27734,1.27743,1.27734,1.27741,10
1779658560,1.27744,1.27744,1.27741,1.27741,4
1779658620,1.27739,1.27744,1.27739,1.27742,6
1779658680,1.27741,1.27741,1.27741,1.27741,2
1779658740,1.27739,1.27739,1.27739,1.27739,2
1779658800,1.2774,1.27743,1.2774,1.2774,8
1779658860,1.27738,1.27741,1.27737,1.27741,34
1779658920,1.2774,1.27741,1.27736,1.27739,28
1779658980,1.27743,1.27743,1.27741,1.27741,16
1779659040,1.2774,1.27743,1.2774,1.2774,40
1779659100,1.27741,1.27743,1.2774,1.27742,28
1779659160,1.27741,1.27741,1.27741,1.27741,2
1779659220,1.27739,1.2774,1.27739,1.2774,4
1779659280,1.27741,1.27741,1.27741,1.27741,2
1779659340,1.27743,1.27743,1.27741,1.27741,4
1779659400,1.27742,1.2776,1.2774,1.27758,22
1779659460,1.27759,1.27766,1.27757,1.27766,28
1779659520,1.27765,1.27767,1.27763,1.27765,30
1779659580,1.27766,1.27766,1.27761,1.27762,22
1779659640,1.27764,1.27781,1.27763,1.27767,26
1779659700,1.27768,1.27768,1.27765,1.27765,8
1779659820,1.27769,1.27769,1.27769,1.27769,2
1779659880,1.27768,1.27773,1.27765,1.27765,10
1779659940,1.27826,1.27867,1.27826,1.27854,36
1779660000,1.27839,1.27857,1.27824,1.27824,60
1779660060,1.27821,1.27821,1.27768,1.27768,77
1779660120,1.27798,1.27799,1.27795,1.27798,45
1779660180,1.27799,1.27799,1.27797,1.27797,24
1779660240,1.27797,1.27798,1.27786,1.27788,25
1779660300,1.27787,1.27789,1.27787,1.27787,27
1779660360,1.27788,1.27789,1.27787,1.27788,14
1779660420,1.27788,1.27788,1.27755,1.27755,51
1779660480,1.27756,1.27779,1.27753,1.27775,63
1779660540,1.27769,1.2781,1.27769,1.27807,41
1779660600,1.27807,1.27809,1.27807,1.27809,6
1779660660,1.27807,1.27811,1.27806,1.2781,14
1779660720,1.27811,1.27815,1.2781,1.27815,9
1779660780,1.27816,1.27819,1.2781,1.27813,27
1779660840,1.27812,1.27819,1.27811,1.27818,15
1779660900,1.27816,1.27816,1.27804,1.27813,36
1779660960,1.27817,1.27817,1.27811,1.27812,22
1779661020,1.27813,1.27823,1.27813,1.2782,38
1779661080,1.27821,1.27823,1.2782,1.27822,12
1779661140,1.27823,1.27827,1.27802,1.27827,46
1779661200,1.27826,1.27835,1.27813,1.27835,43
1779661260,1.27836,1.27838,1.27773,1.2779,85
1779661320,1.27791,1.27799,1.27772,1.27789,49
1779661380,1.27788,1.2779,1.27779,1.2779,57
1779661440,1.27791,1.27801,1.27784,1.27795,54
1779661500,1.27794,1.27801,1.27775,1.27782,74
1779661560,1.27783,1.27792,1.27775,1.27785,89
1779661620,1.27786,1.27792,1.27756,1.27761,91
1779661680,1.27762,1.2777,1.27759,1.2777,51
1779661740,1.27768,1.27774,1.27767,1.27772,49
1779661800,1.2777,1.27776,1.27754,1.2776,70
1779661860,1.27761,1.27763,1.27747,1.27757,89
1779661920,1.27758,1.27759,1.27746,1.27751,60
1779661980,1.27752,1.27753,1.27746,1.27746,53
1779662040,1.27752,1.27759,1.27749,1.27756,71
1779662100,1.27756,1.2776,1.27751,1.27757,53
1779662160,1.27757,1.27759,1.27749,1.2775,76
1779662220,1.27752,1.27758,1.27751,1.27757,42
1779662280,1.27758,1.27758,1.27753,1.27756,38
1779662340,1.27757,1.27758,1.27742,1.27742,46
1779662400,1.27742,1.27749,1.27742,1.27749,27
1779662460,1.2775,1.27755,1.27743,1.27748,58
1779662520,1.27749,1.27749,1.27747,1.27747,10
1779662580,1.27744,1.27748,1.27743,1.27748,21
1779662640,1.27748,1.27749,1.27732,1.27733,73
1779662700,1.27733,1.27739,1.27733,1.27738,22
1779662760,1.27737,1.27738,1.27733,1.27736,39
1779662820,1.27736,1.27738,1.27732,1.27732,40
1779662880,1.27733,1.27739,1.27729,1.27737,53
1779662940,1.27739,1.2774,1.27732,1.27739,51
1779663000,1.27732,1.27739,1.27731,1.27732,21
1779663060,1.27733,1.2774,1.27731,1.27737,47
1779663120,1.27737,1.27748,1.27737,1.27747,28
1779663180,1.27748,1.27748,1.27733,1.27741,38
1779663240,1.27739,1.27739,1.27732,1.27735,27
1779663300,1.27736,1.27741,1.27733,1.27734,29
1779663360,1.27735,1.27742,1.27732,1.27732,62
1779663420,1.27733,1.27742,1.27733,1.27742,29
1779663480,1.27743,1.27743,1.27731,1.27734,38
1779663540,1.27735,1.27741,1.27735,1.27739,50
1779663600,1.27738,1.27739,1.2772,1.27729,36
1779663660,1.27726,1.27729,1.27719,1.27728,65
1779663780,1.27729,1.27729,1.27722,1.27725,45
1779663840,1.27725,1.27729,1.27717,1.27722,70
1779663900,1.27723,1.27727,1.27718,1.27719,68
1779663960,1.27719,1.27728,1.27718,1.27725,69
1779664020,1.27723,1.27723,1.27713,1.27723,51
1779664080,1.27721,1.27721,1.27713,1.2772,76
1779664140,1.27718,1.27719,1.277,1.27704,54
1779664200,1.27712,1.27721,1.27708,1.27716,58
1779664260,1.27717,1.27722,1.27713,1.27719,71
1779664320,1.2772,1.27723,1.27716,1.27722,37
1779664380,1.27721,1.27724,1.27716,1.27723,37
1779664440,1.27722,1.27722,1.27714,1.27721,28
1779664500,1.27719,1.27721,1.27717,1.27721,17
1779664560,1.27722,1.27722,1.27713,1.27722,52
1779664620,1.27721,1.27721,1.27712,1.27714,60
1779664680,1.27715,1.27722,1.27715,1.2772,32
1779664740,1.27721,1.27725,1.27715,1.27719,62
1779664800,1.2772,1.27722,1.27718,1.27721,19
1779664860,1.27719,1.27722,1.27714,1.27719,76
1779664920,1.27719,1.27722,1.27713,1.27713,37
1779664980,1.27714,1.27722,1.27713,1.2772,64
1779665040,1.27721,1.27721,1.27713,1.27721,62
1779665100,1.27726,1.27732,1.27719,1.27731,26
1779665160,1.27732,1.27732,1.27717,1.27718,29
1779665220,1.27719,1.27726,1.27715,1.27719,61
1779665280,1.2772,1.2772,1.27719,1.2772,10
1779665340,1.27717,1.27721,1.27717,1.27717,12
1779665400,1.27723,1.27742,1.27721,1.27728,69
1779665460,1.27726,1.27726,1.27715,1.27719,49
1779665520,1.2772,1.2772,1.27716,1.27719,21
1779665580,1.27724,1.27724,1.27717,1.27724,18
1779665640,1.27723,1.27724,1.27712,1.27724,41
1779665700,1.27725,1.27725,1.2772,1.27723,20
1779665760,1.27724,1.27725,1.27717,1.27724,57
1779665820,1.27724,1.27724,1.27716,1.27723,27
1779665880,1.27718,1.27721,1.27712,1.27718,22
1779665940,1.27718,1.2772,1.27707,1.27707,37
1779666000,1.27709,1.27716,1.27709,1.27713,46
1779666060,1.27714,1.27719,1.27701,1.27701,41
1779666120,1.277,1.27708,1.277,1.27706,28
1779666180,1.27706,1.27708,1.27705,1.27707,51
1779666240,1.27708,1.27708,1.27695,1.277,58
1779666300,1.27701,1.27713,1.27699,1.27702,63
1779666360,1.27703,1.27708,1.27693,1.27704,61
1779666420,1.27706,1.27708,1.27695,1.27695,44
1779666480,1.27696,1.27707,1.27696,1.27701,82
1779666540,1.27701,1.27706,1.27696,1.27706,35
1779666600,1.27702,1.27713,1.27697,1.27713,51
1779666660,1.27714,1.27719,1.27707,1.27718,64
1779666720,1.27719,1.27723,1.27708,1.27719,55
1779666780,1.27716,1.27716,1.27701,1.2771,62
1779666840,1.27713,1.27713,1.27702,1.27706,70
1779666900,1.27706,1.27709,1.27706,1.27709,20
1779666960,1.27718,1.27721,1.27711,1.27721,24
1779667020,1.2772,1.27725,1.27713,1.27718,37
1779667080,1.27714,1.27725,1.27714,1.27722,78
1779667140,1.27723,1.27729,1.27722,1.27728,67
1779667200,1.2771,1.27733,1.27702,1.27729,52
1779667260,1.27727,1.27732,1.27721,1.27732,39
1779667320,1.27731,1.27739,1.27724,1.27729,75
1779667380,1.2773,1.27734,1.27717,1.27728,48
1779667440,1.27729,1.27739,1.27729,1.27739,58
1779667500,1.27741,1.27743,1.27727,1.27738,106
1779667560,1.27736,1.27737,1.27717,1.2772,82
1779667620,1.27721,1.27729,1.27715,1.27723,53
1779667680,1.2772,1.2772,1.27704,1.27715,99
1779667740,1.27716,1.27724,1.27712,1.27719,49
1779667800,1.27716,1.27716,1.277,1.27705,60
1779667860,1.27702,1.27709,1.27696,1.27699,83
1779667920,1.27701,1.27715,1.277,1.27714,64
1779667980,1.27715,1.27715,1.27704,1.27711,69
1779668040,1.2771,1.27716,1.27698,1.27698,44
1779668100,1.27702,1.2771,1.277,1.2771,79
1779668160,1.27711,1.27713,1.27698,1.27698,120
1779668220,1.27698,1.27711,1.27698,1.27699,49
1779668280,1.27701,1.27709,1.27697,1.27705,98
1779668340,1.27704,1.27706,1.27695,1.27704,76
1779668400,1.27703,1.27706,1.27696,1.27697,46
1779668460,1.27698,1.27707,1.2769,1.27706,67
1779668520,1.27707,1.27707,1.27693,1.27704,68
1779668580,1.27702,1.27702,1.27686,1.27697,84
1779668640,1.27696,1.277,1.27693,1.27696,71
1779668700,1.27695,1.27707,1.27691,1.27706,106
1779668760,1.27708,1.27715,1.27699,1.27702,69
1779668820,1.27703,1.27707,1.27703,1.27707,16
1779668880,1.27706,1.27706,1.27696,1.277,58
1779668940,1.27698,1.27706,1.27681,1.27685,69
1779669000,1.27684,1.27684,1.27662,1.27673,87
1779669060,1.27675,1.27679,1.27673,1.27679,30
1779669120,1.27674,1.27689,1.27674,1.27689,70
1779669180,1.27691,1.27698,1.2769,1.27696,37
1779669240,1.27697,1.27697,1.2769,1.27691,42
1779669300,1.27691,1.27695,1.2769,1.2769,43
1779669360,1.27691,1.27698,1.27687,1.27694,75
1779669420,1.27696,1.27698,1.27686,1.27694,86
1779669480,1.27695,1.27697,1.27683,1.27686,61
1779669540,1.27687,1.27695,1.27687,1.27695,20
1779669600,1.27696,1.27699,1.27689,1.27693,55
1779669660,1.27694,1.27705,1.27694,1.277,33
1779669720,1.27701,1.27717,1.27701,1.27716,51
1779669780,1.27716,1.27717,1.27709,1.27713,54
1779669840,1.27713,1.27717,1.27705,1.27711,56
1779669900,1.27712,1.27712,1.27699,1.27707,56
1779669960,1.27708,1.27708,1.27691,1.27693,41
1779670020,1.27694,1.27698,1.27684,1.27684,38
1779670080,1.27678,1.27687,1.27669,1.27671,69
1779670140,1.27672,1.27677,1.27649,1.27661,93
1779670200,1.27662,1.27668,1.27654,1.2766,93
1779670260,1.27661,1.27661,1.27636,1.27636,54
1779670320,1.27636,1.27649,1.27636,1.27648,61
1779670380,1.27647,1.27648,1.27632,1.27639,82
1779670440,1.2764,1.27646,1.27628,1.27646,103
1779670500,1.27645,1.2766,1.27645,1.27655,82
1779670560,1.2766,1.27669,1.27658,1.27661,61
1779670620,1.27661,1.27684,1.27659,1.27684,92
1779670680,1.27684,1.27694,1.27679,1.27687,126
1779670740,1.27689,1.27692,1.2768,1.27686,154
1779670800,1.27687,1.2769,1.27667,1.27685,122
1779670860,1.27686,1.27686,1.27682,1.27683,61
1779670920,1.27682,1.2769,1.27678,1.27678,78
1779670980,1.2768,1.27683,1.2767,1.27679,75
1779671040,1.27679,1.27684,1.27663,1.2768,100
1779671100,1.27679,1.27685,1.27672,1.27683,85
1779671160,1.27681,1.27686,1.27677,1.27683,54
1779671220,1.27674,1.27686,1.27667,1.2768,107
1779671280,1.27681,1.27719,1.27681,1.27717,105
1779671340,1.27717,1.27722,1.27702,1.2771,73
1779671400,1.27709,1.27715,1.27699,1.27702,85
1779671460,1.27703,1.27706,1.27698,1.27698,57
1779671520,1.27697,1.277,1.27695,1.277,56
1779671580,1.27703,1.27703,1.27686,1.27686,89
1779671640,1.27679,1.27682,1.27655,1.27656,108
1779671700,1.27657,1.27657,1.27627,1.27631,128
1779671760,1.27632,1.27639,1.27623,1.27633,67
1779671820,1.27644,1.27648,1.27631,1.27639,72
1779671880,1.2764,1.27648,1.27635,1.27644,70
1779671940,1.27643,1.27645,1.27628,1.27628,47
1779672000,1.27628,1.27633,1.27619,1.27622,119
1779672060,1.27623,1.27637,1.27623,1.27636,85
1779672120,1.27628,1.27636,1.27616,1.27618,91
1779672180,1.27619,1.27631,1.27619,1.2762,57
1779672240,1.2762,1.2762,1.27608,1.27617,95
1779672300,1.27621,1.27622,1.27605,1.27621,72
1779672360,1.27619,1.27624,1.27605,1.27621,71
1779672420,1.2762,1.27632,1.27618,1.27618,64
1779672480,1.27618,1.27623,1.27609,1.27609,55
1779672540,1.27606,1.27607,1.27596,1.27602,93
1779672600,1.27604,1.27624,1.27595,1.27619,130
1779672660,1.27625,1.27642,1.27621,1.27638,80
1779672720,1.27636,1.27659,1.2763,1.27659,103
1779672780,1.27657,1.27659,1.27636,1.27639,81
1779672840,1.27637,1.27649,1.27634,1.27649,71
1779672900,1.27648,1.27651,1.2763,1.27631,67
1779672960,1.27629,1.27634,1.27623,1.27632,109
1779673020,1.27633,1.27637,1.27625,1.27634,84
1779673080,1.27636,1.27648,1.27628,1.27645,88
1779673140,1.27644,1.2766,1.27636,1.2766,63
1779673200,1.27659,1.2766,1.27635,1.27644,67
1779673260,1.27642,1.27646,1.27638,1.27644,41
1779673320,1.27645,1.27656,1.27642,1.2765,65
1779673380,1.27651,1.27663,1.27651,1.27659,53
1779673440,1.27656,1.27663,1.27654,1.27661,119
1779673500,1.27663,1.27666,1.27656,1.27663,64
1779673560,1.27664,1.27672,1.27651,1.27661,120
1779673620,1.27662,1.27668,1.27653,1.27653,82
1779673680,1.27654,1.27668,1.27654,1.2766,40
1779673740,1.27661,1.27667,1.27661,1.27666,20
1779673800,1.27667,1.27676,1.27663,1.27676,62
1779673860,1.27675,1.27677,1.27662,1.27669,75
1779673920,1.2767,1.27678,1.27664,1.27678,51
1779673980,1.27677,1.27681,1.27669,1.27677,70
1779674040,1.27678,1.2768,1.27675,1.27676,63
1779674100,1.27676,1.27676,1.2766,1.27661,98
1779674160,1.27662,1.27686,1.27662,1.27684,103
1779674220,1.27683,1.27683,1.2768,1.27681,14
1779674280,1.27682,1.27682,1.2767,1.27675,78
1779674340,1.27676,1.27676,1.27672,1.27672,19
1779674400,1.27671,1.27683,1.27668,1.27679,104
1779674460,1.27677,1.27687,1.27673,1.27681,98
1779674520,1.27682,1.27684,1.27676,1.27679,72
1779674580,1.27679,1.27684,1.27673,1.27683,97
1779674640,1.27684,1.27688,1.27678,1.27686,99
1779674700,1.27682,1.27687,1.27671,1.27672,92
1779674760,1.27673,1.27678,1.27664,1.2767,121
1779674820,1.27669,1.2767,1.27646,1.27649,75
1779674880,1.2765,1.27661,1.27649,1.27656,91
1779674940,1.27657,1.27663,1.27648,1.27663,93
1779675000,1.27662,1.27662,1.2765,1.27662,77
1779675060,1.27663,1.27674,1.27657,1.27663,79
1779675120,1.27664,1.2767,1.27656,1.27656,72
1779675180,1.27655,1.27673,1.27655,1.27667,68
1779675240,1.27666,1.27667,1.27659,1.27664,64
1779675300,1.27663,1.27667,1.27654,1.27661,70
1779675360,1.27662,1.27672,1.27659,1.27665,62
1779675420,1.27666,1.27673,1.27665,1.27673,41
1779675480,1.27672,1.27673,1.27659,1.27663,66
1779675540,1.27666,1.27671,1.27659,1.27666,84
1779675600,1.27667,1.27667,1.27655,1.27662,58
1779675660,1.27664,1.27667,1.27657,1.27663,84
1779675720,1.27664,1.27667,1.27662,1.27667,28
1779675780,1.27663,1.27664,1.27642,1.27644,82
1779675840,1.27645,1.27654,1.27645,1.27652,53
1779675900,1.27653,1.27658,1.27646,1.27655,82
1779675960,1.27656,1.27661,1.27651,1.27654,77
1779676020,1.27656,1.27665,1.27654,1.27662,89
1779676080,1.27661,1.27663,1.2764,1.27641,57
1779676140,1.27642,1.27653,1.27642,1.27642,79
1779676200,1.27641,1.27651,1.27639,1.27646,60
1779676260,1.27645,1.2766,1.27645,1.27659,49
1779676320,1.27657,1.27657,1.27651,1.27654,32
1779676380,1.27653,1.27657,1.27646,1.27656,52
1779676440,1.27657,1.27657,1.27654,1.27656,27
1779676500,1.27655,1.27656,1.27646,1.27656,75
1779676560,1.27655,1.27656,1.27646,1.27656,36
1779676620,1.27652,1.27654,1.27644,1.27649,57
1779676680,1.2765,1.27657,1.2765,1.27655,42
1779676740,1.27656,1.27657,1.27648,1.27655,61
1779676800,1.27652,1.27663,1.27652,1.27663,60
1779676860,1.27662,1.27664,1.27659,1.27661,34
1779676920,1.27662,1.27663,1.27649,1.27659,78
1779676980,1.2766,1.2766,1.2765,1.27651,71
1779677040,1.27651,1.27656,1.27651,1.27654,37
1779677100,1.27653,1.27653,1.2764,1.27648,58
1779677160,1.27651,1.27661,1.27644,1.27659,71
1779677220,1.27656,1.27657,1.27649,1.27653,63
1779677280,1.27654,1.27657,1.27644,1.27647,63
1779677340,1.27648,1.27657,1.27647,1.27653,46
1779677400,1.27654,1.27662,1.27654,1.27662,50
1779677460,1.27661,1.27667,1.27658,1.27667,49
1779677520,1.27664,1.27667,1.27659,1.27659,92
1779677580,1.27658,1.27668,1.27657,1.2766,70
1779677640,1.2766,1.27676,1.2766,1.27676,60
1779677700,1.27677,1.27693,1.27676,1.27692,92
1779677760,1.27691,1.27696,1.2769,1.27694,42
1779677820,1.27696,1.27698,1.27688,1.27692,118
1779677880,1.27692,1.27703,1.27689,1.27701,89
1779677940,1.27702,1.27704,1.27694,1.27701,110
1779678000,1.277,1.277,1.27675,1.27686,86
1779678060,1.27687,1.27689,1.27679,1.2768,65
1779678120,1.2768,1.27694,1.27679,1.27694,80
1779678180,1.27693,1.27698,1.27693,1.27697,41
1779678240,1.27699,1.27702,1.27696,1.27698,67
1779678300,1.27696,1.27702,1.27693,1.27701,44
1779678360,1.27696,1.277,1.27689,1.27696,74
1779678420,1.27692,1.27692,1.2768,1.27684,46
1779678480,1.27683,1.27684,1.27683,1.27684,11
1779678540,1.27684,1.27686,1.2768,1.27682,17
1779678600,1.27682,1.27689,1.27682,1.27688,62
1779678660,1.27687,1.27688,1.27679,1.2768,60
1779678720,1.27681,1.27689,1.27679,1.27685,52
1779678780,1.27686,1.27689,1.27676,1.27687,94
1779678840,1.27689,1.27692,1.27683,1.27688,90
1779678900,1.27692,1.27694,1.27684,1.27694,65
1779678960,1.27692,1.27696,1.27688,1.27695,32
1779679020,1.27698,1.27698,1.27685,1.2769,95
1779679080,1.2769,1.27695,1.27685,1.27692,62
1779679140,1.27691,1.27693,1.27686,1.27693,59
1779679200,1.2769,1.27691,1.27678,1.2768,84
1779679260,1.2768,1.27682,1.2767,1.27678,90
1779679320,1.27679,1.27693,1.27675,1.27685,79
1779679380,1.27687,1.27692,1.27686,1.27692,59
1779679440,1.27692,1.27694,1.27684,1.27693,61
1779679500,1.27692,1.27698,1.27688,1.27692,51
1779679560,1.27693,1.27695,1.27685,1.27691,74
1779679620,1.2769,1.27702,1.27688,1.27696,74
1779679680,1.27695,1.27701,1.27689,1.27701,92
1779679740,1.27704,1.27707,1.27697,1.27701,83
1779679800,1.27699,1.27707,1.27696,1.27699,53
1779679860,1.27699,1.27706,1.27689,1.27706,80
1779679920,1.27704,1.27708,1.27696,1.277,34
1779679980,1.27701,1.27709,1.27696,1.27702,70
1779680040,1.27703,1.2771,1.27699,1.27701,84
1779680100,1.27702,1.27703,1.27685,1.27691,114
1779680160,1.27693,1.27703,1.27689,1.27702,63
1779680220,1.27701,1.27701,1.27694,1.27697,64
1779680280,1.27697,1.27703,1.27691,1.27703,34
1779680340,1.27702,1.2771,1.277,1.27701,83
1779680400,1.27702,1.27713,1.27702,1.27711,68
1779680460,1.27712,1.27713,1.27705,1.27713,43
1779680520,1.27712,1.27713,1.27696,1.27702,74
1779680580,1.27703,1.27711,1.27699,1.27709,85
1779680640,1.2771,1.27717,1.27706,1.27716,54
1779680700,1.27718,1.27724,1.27712,1.27722,63
1779680760,1.27723,1.27731,1.27721,1.27723,62
1779680820,1.27724,1.2773,1.27718,1.27725,78
1779680880,1.27726,1.2773,1.27722,1.2773,57
1779680940,1.27727,1.27732,1.27719,1.27731,56
1779681000,1.2773,1.27734,1.2772,1.27729,65
1779681060,1.2773,1.27733,1.27718,1.2773,79
1779681120,1.27729,1.2773,1.27724,1.27724,40
1779681180,1.27725,1.27727,1.27719,1.27723,44
1779681240,1.27724,1.27728,1.27717,1.27724,82
1779681300,1.27725,1.27732,1.27724,1.27729,37
1779681360,1.27727,1.27733,1.27724,1.27731,54
1779681420,1.27729,1.2773,1.27719,1.2773,75
1779681480,1.27728,1.27728,1.27716,1.27723,61
1779681540,1.27723,1.27727,1.27719,1.27726,73
1779681600,1.27726,1.2773,1.27715,1.27727,73
1779681660,1.27728,1.2773,1.27718,1.27721,77
1779681720,1.27722,1.27726,1.27717,1.27718,58
1779681780,1.27719,1.27723,1.27711,1.27714,89
1779681840,1.27716,1.27723,1.27715,1.27722,78
1779681900,1.27721,1.27722,1.2771,1.2772,52
1779681960,1.27719,1.27724,1.27716,1.27723,42
1779682020,1.27722,1.27725,1.27719,1.27723,75
1779682080,1.27722,1.27727,1.27719,1.27722,78
1779682140,1.27723,1.27729,1.27721,1.27727,47
1779682200,1.27728,1.27728,1.27727,1.27727,4
1779682260,1.27725,1.27726,1.27717,1.27718,51
1779682320,1.27719,1.27723,1.27709,1.27718,75
1779682380,1.27719,1.27729,1.27717,1.27729,38
1779682440,1.27728,1.27729,1.27728,1.27728,10
1779682500,1.27729,1.27729,1.27722,1.27725,62
1779682560,1.27726,1.27729,1.27711,1.2772,58
1779682620,1.27719,1.2772,1.27714,1.27717,42
1779682680,1.27717,1.2772,1.27708,1.27719,48
1779682740,1.27718,1.2772,1.27712,1.2772,50
1779682800,1.27716,1.27722,1.27711,1.27711,58
1779682860,1.2771,1.27716,1.27706,1.27716,46
1779682920,1.27715,1.27719,1.2771,1.27719,48
1779682980,1.27718,1.2772,1.27713,1.27719,21
1779683040,1.2772,1.2772,1.27713,1.27717,73
1779683100,1.27717,1.27722,1.27709,1.27718,49
1779683160,1.27717,1.27718,1.27712,1.27717,25
1779683220,1.27717,1.27718,1.27707,1.27713,53
1779683280,1.27713,1.27713,1.27708,1.27708,11
1779683340,1.27709,1.27713,1.27706,1.27712,44
1779683400,1.27711,1.27712,1.27701,1.27708,73
1779683460,1.27708,1.27709,1.27695,1.27705,100
1779683520,1.27706,1.27709,1.277,1.27708,65
1779683580,1.27707,1.27708,1.277,1.27706,70
1779683640,1.27708,1.27709,1.27698,1.27698,34
1779683700,1.27698,1.27703,1.27698,1.27702,20
1779683760,1.27703,1.27708,1.27698,1.27701,68
1779683820,1.27702,1.27704,1.27699,1.27703,33
1779683880,1.27696,1.277,1.27692,1.27699,36
1779683940,1.277,1.27702,1.27698,1.277,29
1779684000,1.27701,1.27702,1.27686,1.27698,60
1779684060,1.27699,1.277,1.27696,1.27698,22
1779684120,1.27699,1.277,1.27693,1.27698,46
1779684180,1.27697,1.27699,1.27693,1.27694,26
1779684240,1.27695,1.27698,1.27691,1.27697,66
1779684300,1.27696,1.27696,1.27687,1.27688,52
1779684360,1.27689,1.27697,1.27689,1.27694,32
1779684420,1.27694,1.27694,1.27681,1.27688,75
1779684480,1.27689,1.2769,1.27678,1.27682,28
1779684540,1.27683,1.27688,1.27675,1.27682,78
1779684600,1.27687,1.27687,1.27677,1.27686,81
1779684660,1.27685,1.27685,1.27665,1.27678,68
1779684720,1.27679,1.27684,1.27678,1.27684,28
1779684780,1.27678,1.27686,1.27675,1.27684,71
1779684840,1.27682,1.27682,1.27672,1.27676,48
1779684900,1.27677,1.27678,1.2767,1.27675,45
1779684960,1.27675,1.27678,1.27673,1.27676,36
1779685020,1.27677,1.27678,1.27663,1.2767,59
1779685080,1.27671,1.27674,1.2767,1.27674,32
1779685140,1.27673,1.27681,1.27658,1.27658,75
1779685200,1.27672,1.27685,1.27672,1.27682,53
1779685260,1.27683,1.27683,1.27664,1.27672,32
1779685320,1.27674,1.27677,1.27669,1.27671,17
1779685380,1.27672,1.27677,1.27669,1.27671,73
1779685440,1.27673,1.27682,1.27673,1.2768,33
1779685500,1.27681,1.27683,1.27675,1.27675,40
1779685560,1.27676,1.2768,1.27667,1.2767,85
1779685620,1.2767,1.27674,1.27663,1.2767,59
1779685680,1.27671,1.27675,1.27664,1.27666,60
1779685740,1.27667,1.27676,1.27666,1.27669,79
1779685800,1.27669,1.27674,1.27665,1.27671,55
1779685860,1.27672,1.27672,1.2766,1.27667,58
1779685920,1.27668,1.27684,1.27659,1.27683,98
1779685980,1.27682,1.27686,1.2768,1.27684,61
1779686040,1.27683,1.27683,1.27671,1.27672,25
1779686100,1.27672,1.27681,1.27672,1.27681,42
1779686160,1.2768,1.27681,1.27669,1.27669,24
1779686220,1.2767,1.27677,1.27664,1.27666,61
1779686280,1.27667,1.27675,1.27665,1.27672,60
1779686340,1.27674,1.27678,1.2767,1.27678,47
1779686400,1.27676,1.27682,1.27671,1.27682,71
1779686460,1.27683,1.27687,1.27677,1.27684,70
1779686520,1.2768,1.27688,1.27677,1.27684,70
1779686580,1.27681,1.27691,1.27679,1.27684,91
1779686640,1.27685,1.27693,1.27685,1.27693,29
1779686700,1.27694,1.27694,1.27686,1.2769,76
1779686760,1.27691,1.27696,1.27685,1.27695,90
1779686820,1.27696,1.27697,1.27689,1.27691,42
1779686880,1.27691,1.27697,1.2768,1.2768,88
1779686940,1.27681,1.27687,1.27676,1.27676,26
1779687000,1.27677,1.27687,1.27676,1.27686,35
1779687060,1.27687,1.27687,1.27676,1.27686,83
1779687120,1.27686,1.27687,1.27677,1.27682,51
1779687180,1.27683,1.27685,1.27676,1.27681,69
1779687240,1.27682,1.27683,1.27668,1.27682,71
1779687300,1.27683,1.27684,1.27678,1.27683,56
1779687360,1.27684,1.27685,1.27675,1.27683,67
1779687420,1.27684,1.27685,1.27673,1.27674,67
1779687480,1.27675,1.27682,1.27674,1.2768,69
1779687540,1.27679,1.27682,1.27673,1.27681,39
1779687600,1.27682,1.27688,1.27681,1.27687,29
1779687660,1.27688,1.2769,1.2768,1.2769,52
1779687720,1.2769,1.27697,1.2769,1.27696,57
1779687780,1.27693,1.27698,1.27686,1.27698,54
1779687840,1.27697,1.27697,1.27693,1.27697,30
1779687900,1.27696,1.27696,1.27687,1.27688,69
1779687960,1.27689,1.27698,1.27685,1.27698,71
1779688020,1.27693,1.27698,1.27687,1.27691,32
1779688080,1.27692,1.27709,1.27692,1.27702,61
1779688140,1.27702,1.27711,1.27699,1.2771,73
1779688200,1.27711,1.27713,1.277,1.27713,54
1779688260,1.27708,1.27715,1.27708,1.27714,40
1779688320,1.27713,1.27717,1.27709,1.27717,56
1779688380,1.27716,1.27717,1.2771,1.27717,42
1779688440,1.27716,1.27716,1.27712,1.27716,38
1779688500,1.27718,1.27726,1.2771,1.27724,73
1779688560,1.27723,1.27728,1.27719,1.27728,45
1779688620,1.27728,1.27735,1.27725,1.27728,46
1779688680,1.27728,1.27735,1.27728,1.27733,42
1779688740,1.27734,1.27734,1.27718,1.27728,48
1779688800,1.27731,1.2774,1.2773,1.27732,99
1779688860,1.27728,1.27731,1.27722,1.2773,70
1779688920,1.27729,1.27737,1.27728,1.27732,82
1779688980,1.27733,1.27738,1.27731,1.27732,64
1779689040,1.27735,1.2774,1.27731,1.27734,48
1779689100,1.27733,1.27739,1.27731,1.27732,62
1779689160,1.27731,1.27731,1.27724,1.2773,38
1779689220,1.27729,1.2773,1.27725,1.27727,36
1779689280,1.27726,1.27729,1.27722,1.27726,58
1779689340,1.27727,1.27732,1.27726,1.2773,38
1779689400,1.27729,1.27729,1.27718,1.27719,32
1779689460,1.2772,1.2772,1.27714,1.27716,42
1779689520,1.27717,1.27719,1.27715,1.27716,32
1779689580,1.27717,1.2772,1.27716,1.27718,44
1779689640,1.27717,1.27719,1.27714,1.27718,37
1779689700,1.27717,1.27727,1.27717,1.27722,57
1779689760,1.27723,1.27729,1.27719,1.27728,30
1779689820,1.27729,1.27731,1.27726,1.27726,22
1779689880,1.27725,1.27727,1.27725,1.27726,9
1779689940,1.27727,1.27732,1.27727,1.27732,27
1779690000,1.27735,1.27743,1.27732,1.2774,51
1779690060,1.27738,1.27741,1.27736,1.2774,42
1779690120,1.27739,1.2774,1.27733,1.27733,36
1779690180,1.27734,1.27736,1.27727,1.27727,40
1779690240,1.27726,1.27727,1.27721,1.27722,40
1779690300,1.27721,1.27726,1.27719,1.27725,66
1779690360,1.27723,1.27723,1.27716,1.27716,34
1779690420,1.27717,1.27724,1.27715,1.27723,42
1779690480,1.27725,1.27727,1.27722,1.27726,32
1779690540,1.27727,1.27736,1.27726,1.27735,48
1779690600,1.27737,1.27743,1.27737,1.27737,38
1779690660,1.27738,1.2774,1.27729,1.27732,50
1779690720,1.27734,1.27742,1.27729,1.27741,48
1779690780,1.2774,1.2774,1.27731,1.27736,50
1779690840,1.27735,1.27737,1.27723,1.27725,58
1779690900,1.27724,1.2773,1.27722,1.27722,38
1779690960,1.2772,1.27723,1.27718,1.27719,42
1779691020,1.27718,1.27728,1.27717,1.27726,39
1779691080,1.27726,1.27728,1.27725,1.27726,14
1779691140,1.27724,1.27725,1.27719,1.27724,42
1779691200,1.27725,1.27729,1.27722,1.27722,36
1779691260,1.27725,1.27725,1.27722,1.27725,28
1779691320,1.27726,1.27728,1.27723,1.27725,26
1779691380,1.27728,1.2773,1.27728,1.27729,36
1779691440,1.2773,1.27731,1.27726,1.27726,33
1779691500,1.27727,1.27729,1.27724,1.27727,34
1779691560,1.27728,1.27733,1.27723,1.27725,37
1779691620,1.27724,1.2773,1.27721,1.2773,34
1779691680,1.27731,1.27734,1.2773,1.27731,34
1779691740,1.27729,1.2773,1.27725,1.27726,29
1779691800,1.27727,1.27731,1.27726,1.27728,42
1779691860,1.27729,1.27732,1.27724,1.27725,40
1779691920,1.27726,1.27735,1.27726,1.27731,47
1779691980,1.2773,1.27731,1.27721,1.27723,38
1779692040,1.27722,1.27725,1.2772,1.27722,50
1779692100,1.27721,1.27723,1.2772,1.27721,40
1779692160,1.27722,1.27722,1.27717,1.27719,32
1779692220,1.27719,1.27727,1.27717,1.2772,93
1779692280,1.27718,1.2772,1.27712,1.27713,56
1779692340,1.27715,1.27716,1.2771,1.27711,62
1779692400,1.2771,1.2772,1.27708,1.27719,74
1779692460,1.27718,1.2772,1.27712,1.27712,38
1779692520,1.27713,1.2772,1.27709,1.2771,58
1779692580,1.27711,1.27717,1.27708,1.27713,56
1779692640,1.27712,1.27719,1.2771,1.27716,42
1779692700,1.27717,1.27722,1.27717,1.27721,28
1779692760,1.27724,1.27734,1.27724,1.27731,84
1779692820,1.27732,1.27741,1.2773,1.27741,32
1779692880,1.27742,1.27745,1.27738,1.27745,40
1779692940,1.27744,1.27746,1.27738,1.27738,34
1779693000,1.27739,1.27744,1.27738,1.27742,50
1779693060,1.27741,1.27742,1.27734,1.27734,37
1779693120,1.27733,1.27734,1.2773,1.27732,22
1779693180,1.27733,1.27739,1.27732,1.27738,55
1779693240,1.27741,1.27744,1.27738,1.27743,50
1779693300,1.27744,1.27744,1.27738,1.2774,48
1779693360,1.2774,1.27744,1.2774,1.27744,29
1779693420,1.27745,1.2776,1.27744,1.27759,72
1779693480,1.2776,1.27807,1.27758,1.27807,130
1779693540,1.2781,1.2781,1.27786,1.27797,90
1779693600,1.27796,1.27815,1.27796,1.27814,116
1779693660,1.27815,1.27815,1.27802,1.27805,102
1779693720,1.27808,1.2781,1.27793,1.27802,96
1779693780,1.27803,1.2781,1.27797,1.27808,66
1779693840,1.27806,1.2781,1.27799,1.27802,64
1779693900,1.27801,1.27809,1.27799,1.27801,52
1779693960,1.27802,1.27804,1.27796,1.27796,68
1779694020,1.27797,1.278,1.27792,1.27794,71
1779694080,1.27795,1.27796,1.27793,1.27795,29
1779694140,1.27796,1.278,1.27794,1.27799,22
1779694200,1.27794,1.27802,1.27794,1.27801,51
1779694260,1.27802,1.27802,1.27788,1.27788,63
1779694320,1.27789,1.27789,1.27759,1.27759,64
1779694380,1.27761,1.27774,1.2775,1.27772,160
1779694440,1.2777,1.2779,1.2777,1.27784,102
1779694500,1.27781,1.27784,1.27775,1.27779,62
1779694560,1.27775,1.27779,1.27772,1.27777,64
1779694620,1.27778,1.27785,1.27776,1.27783,49
1779694680,1.27784,1.27791,1.2778,1.2779,62
1779694740,1.27789,1.2779,1.27785,1.27787,36
1779694800,1.27786,1.27789,1.27785,1.27787,54
1779694860,1.27786,1.27786,1.27777,1.27777,60
1779694920,1.27778,1.2778,1.2777,1.27773,56
1779694980,1.27772,1.2778,1.27771,1.27774,42
1779695040,1.27776,1.27779,1.27772,1.27779,54
1779695100,1.2778,1.27781,1.27777,1.27779,30
1779695160,1.2778,1.27785,1.27772,1.27775,71
1779695220,1.27777,1.2778,1.27775,1.2778,50
1779695280,1.27778,1.2778,1.27773,1.2778,36
1779695340,1.27779,1.27779,1.27775,1.27776,39
1779695400,1.27777,1.2778,1.27772,1.27774,56
1779695460,1.27773,1.27775,1.27771,1.27775,36
1779695520,1.27777,1.27777,1.27765,1.27765,32
1779695580,1.27766,1.27774,1.27765,1.2777,39
1779695640,1.27768,1.27773,1.27761,1.27762,50
1779695700,1.27761,1.27761,1.27753,1.27758,56
1779695760,1.27757,1.27762,1.27753,1.27753,48
1779695820,1.27754,1.27756,1.27753,1.27754,42
1779695880,1.27755,1.27757,1.27751,1.27756,69
1779695940,1.27755,1.27756,1.2775,1.27751,30
1779696000,1.27745,1.27764,1.27745,1.27762,99
1779696060,1.27763,1.27766,1.27759,1.27763,44
1779696120,1.27764,1.27776,1.27762,1.27774,76
1779696180,1.27775,1.27778,1.27765,1.27767,52
1779696240,1.27763,1.27771,1.27761,1.27771,43
1779696300,1.2777,1.27771,1.27767,1.27771,34
1779696360,1.27775,1.27775,1.2776,1.27761,65
1779696420,1.27762,1.27762,1.27752,1.27752,30
1779696480,1.2775,1.27751,1.27744,1.27747,36
1779696540,1.27748,1.27749,1.27732,1.27734,56
1779696600,1.27733,1.27734,1.27726,1.27728,47
1779696660,1.27727,1.27733,1.27725,1.2773,44
1779696720,1.27731,1.27736,1.27731,1.27735,36
1779696780,1.27736,1.27739,1.27732,1.27732,50
1779696840,1.27731,1.27737,1.27727,1.27734,48
1779696900,1.27736,1.27744,1.27733,1.27743,72
1779696960,1.27741,1.27744,1.2774,1.27743,24
1779697020,1.27741,1.27741,1.2774,1.27741,7
1779697080,1.27742,1.27751,1.27741,1.2775,33
1779697140,1.27745,1.27749,1.27744,1.27744,25
1779697200,1.27743,1.27748,1.27739,1.27748,22
1779697260,1.27747,1.2775,1.27743,1.27744,37
1779697320,1.27743,1.27751,1.27742,1.2775,53
1779697380,1.27751,1.27753,1.2775,1.27751,36
1779697440,1.2775,1.27753,1.2775,1.27752,19
1779697500,1.27751,1.27759,1.2775,1.27751,35
1779697560,1.2775,1.27754,1.2775,1.2775,58
1779697620,1.27751,1.27753,1.27746,1.27749,48
1779697680,1.2775,1.27751,1.27747,1.27749,23
1779697740,1.27748,1.27752,1.27746,1.2775,40
1779697800,1.27749,1.27754,1.27733,1.27733,70
1779697860,1.27734,1.27734,1.2773,1.27731,25
1779697920,1.2773,1.27732,1.27729,1.27732,24
1779697980,1.27731,1.27732,1.27728,1.27729,38
1779698040,1.2773,1.27733,1.2773,1.27731,19
1779698100,1.27726,1.27726,1.2772,1.27725,51
1779698160,1.27726,1.2774,1.27726,1.27734,73
1779698220,1.27735,1.27736,1.27731,1.27732,48
1779698280,1.27731,1.27738,1.2773,1.27737,33
1779698340,1.27738,1.27738,1.27724,1.27725,38
1779698400,1.27724,1.27725,1.2772,1.27723,37
1779698460,1.27722,1.27726,1.27722,1.27725,48
1779698520,1.27726,1.27726,1.27725,1.27725,8
1779698580,1.27729,1.27737,1.27727,1.27737,64
1779698640,1.27738,1.27739,1.27733,1.27734,56
1779698700,1.27733,1.27734,1.27728,1.27729,24
1779698760,1.2773,1.27731,1.2773,1.2773,18
1779698820,1.27731,1.27732,1.2773,1.27731,9
1779698880,1.2773,1.27731,1.27729,1.2773,10
1779698940,1.27731,1.27731,1.27723,1.27724,20
1779699000,1.27725,1.27725,1.27723,1.27725,25
1779699060,1.27724,1.27725,1.27722,1.27724,22
1779699120,1.27725,1.27732,1.27725,1.2773,25
1779699180,1.27728,1.27731,1.27726,1.2773,46
1779699240,1.27729,1.27729,1.27723,1.27724,35
1779699300,1.27725,1.27731,1.27722,1.27731,49
1779699360,1.2773,1.27732,1.27724,1.27729,51
1779699420,1.27729,1.27729,1.27711,1.27713,55
1779699480,1.27712,1.27712,1.277,1.277,58
1779699540,1.27701,1.27701,1.27698,1.27699,26
1779699600,1.27698,1.27701,1.27696,1.27699,52
1779699660,1.27697,1.277,1.27688,1.27688,64
1779699720,1.2769,1.2769,1.27684,1.27686,38
1779699780,1.27683,1.27687,1.27683,1.27687,28
1779699840,1.27686,1.27689,1.27684,1.27688,29
1779699900,1.27689,1.2769,1.27679,1.27679,35
1779699960,1.27682,1.27689,1.27677,1.27689,62
1779700020,1.27688,1.27689,1.27687,1.27689,11
1779700080,1.27693,1.277,1.27692,1.277,32
1779700140,1.27699,1.27701,1.27697,1.27701,21
1779700200,1.277,1.27701,1.27692,1.27692,29
1779700260,1.27691,1.27696,1.2769,1.27692,26
1779700320,1.27691,1.277,1.27691,1.27693,32
1779700380,1.27694,1.27706,1.27694,1.27701,36
1779700440,1.27702,1.27708,1.27702,1.27707,28
1779700500,1.27708,1.2771,1.27707,1.2771,19
1779700560,1.27707,1.27711,1.27707,1.27707,23
1779700620,1.27706,1.27708,1.27701,1.27706,38
1779700680,1.27707,1.27707,1.277,1.277,36
1779700740,1.27702,1.2771,1.27702,1.27706,30
1779700800,1.27704,1.27713,1.27703,1.27709,35
1779700860,1.2771,1.27716,1.27709,1.27715,39
1779700920,1.27714,1.27716,1.27713,1.27716,15
1779700980,1.27715,1.27719,1.27715,1.27718,20
1779701040,1.27717,1.27718,1.27714,1.27718,36
1779701100,1.27717,1.2772,1.27717,1.27719,22
1779701160,1.27718,1.27719,1.27712,1.27715,24
1779701220,1.27714,1.27714,1.27706,1.2771,21
1779701280,1.27709,1.27713,1.27707,1.2771,19
1779701340,1.27709,1.27715,1.27709,1.27714,30
1779701400,1.27715,1.27718,1.27713,1.27715,35
1779701460,1.27711,1.27711,1.27709,1.27709,28
1779701520,1.27708,1.27708,1.27703,1.27704,26
1779701580,1.27703,1.2771,1.27701,1.2771,29
1779701640,1.27709,1.2771,1.27705,1.27708,22
1779701700,1.27709,1.2771,1.27703,1.27703,16
1779701760,1.27702,1.27711,1.27702,1.27711,30
1779701820,1.2771,1.2771,1.27707,1.27708,31
1779701880,1.27709,1.27709,1.27707,1.27707,25
1779701940,1.27708,1.27712,1.27701,1.27703,37
1779702000,1.27704,1.27704,1.277,1.27701,18
1779702060,1.277,1.27703,1.277,1.27703,7
1779702120,1.27702,1.27703,1.277,1.27701,24
1779702240,1.277,1.27702,1.277,1.27701,26
1779702300,1.27702,1.27708,1.27702,1.27708,28
1779702360,1.27707,1.27709,1.27704,1.27709,28
1779702420,1.27707,1.27709,1.27707,1.27709,18
1779702480,1.27712,1.2772,1.27712,1.2772,35
1779702540,1.27718,1.27719,1.27717,1.27718,10
1779702600,1.27719,1.2772,1.27714,1.27718,27
1779702660,1.27717,1.27722,1.27717,1.27721,30
1779702720,1.27722,1.27725,1.27721,1.27723,28
1779702780,1.27722,1.27722,1.2772,1.27721,16
1779702840,1.27722,1.27722,1.2772,1.27722,9
1779702900,1.27721,1.27722,1.27721,1.27722,8
1779702960,1.27721,1.27722,1.27721,1.27721,18
1779703020,1.27722,1.27722,1.2772,1.27722,18
1779703080,1.27723,1.27727,1.27722,1.27726,20
1779703140,1.27725,1.27726,1.27721,1.27723,43
1779703200,1.27722,1.27724,1.27721,1.27721,22
1779703260,1.27722,1.27722,1.27721,1.27721,3
1779703380,1.27722,1.27723,1.27722,1.27722,10
1779703440,1.27723,1.27727,1.27721,1.27723,31
1779703500,1.27724,1.27726,1.27722,1.27722,16
1779703560,1.27723,1.27727,1.27723,1.27726,29
1779703620,1.27724,1.27726,1.27722,1.27723,64
1779703680,1.27725,1.27726,1.27723,1.27723,32
1779703740,1.27724,1.27725,1.27722,1.27723,29
1779703800,1.27724,1.27727,1.27721,1.27725,25
1779703860,1.27724,1.27726,1.27721,1.27726,22
1779703920,1.27725,1.27726,1.27722,1.27726,14
1779703980,1.27727,1.27729,1.27724,1.27728,36
1779704040,1.27727,1.27729,1.27726,1.27727,18
1779704100,1.27726,1.27727,1.27723,1.27723,23
1779704160,1.27721,1.27724,1.27721,1.27722,30
1779704220,1.27721,1.27721,1.27718,1.27719,18
1779704280,1.2772,1.27722,1.27719,1.27719,35
1779704340,1.2772,1.27723,1.2772,1.27721,26
1779704400,1.27725,1.27735,1.27722,1.27735,55
1779704460,1.27736,1.27736,1.2773,1.2773,40
1779704520,1.27731,1.27732,1.2773,1.27732,16
1779704580,1.27731,1.27733,1.2773,1.27731,22
1779704640,1.27733,1.27734,1.27732,1.27733,10
1779704700,1.27736,1.27741,1.27735,1.27739,38
1779704760,1.2774,1.27741,1.27735,1.27735,36
1779704820,1.27736,1.27736,1.27734,1.27736,17
1779704880,1.27737,1.27738,1.27737,1.27737,22
1779704940,1.27736,1.27741,1.27736,1.27741,26
1779705000,1.2774,1.27744,1.27735,1.27735,44
1779705060,1.27735,1.27738,1.27735,1.27738,14
1779705120,1.27737,1.27743,1.27737,1.27742,13
1779705180,1.27741,1.27743,1.27739,1.27741,24
1779705240,1.27742,1.27744,1.27742,1.27742,12
1779705300,1.27743,1.27746,1.27742,1.27744,48
1779705360,1.27743,1.27745,1.27739,1.27739,25
1779705420,1.27738,1.27743,1.27738,1.27741,15
1779705480,1.27741,1.27742,1.27741,1.27742,6
1779705540,1.27741,1.27742,1.27737,1.2774,12
1779705600,1.27739,1.27739,1.27735,1.27738,36
1779705660,1.27737,1.27738,1.27732,1.27734,30
1779705720,1.27733,1.27737,1.27733,1.27737,20
1779705780,1.27736,1.27736,1.27732,1.27733,20
1779705840,1.27734,1.27734,1.27723,1.27723,31
1779705900,1.27722,1.27726,1.2772,1.27724,30
1779705960,1.27725,1.2773,1.27725,1.27727,30
1779706020,1.27728,1.27728,1.27724,1.27726,26
1779706080,1.27727,1.27727,1.27726,1.27726,4
1779706140,1.27727,1.27729,1.27726,1.27726,13
1779706200,1.27727,1.27729,1.27727,1.27729,8
1779706260,1.27731,1.27736,1.2773,1.27735,41
1779706320,1.27734,1.27736,1.27731,1.27736,27
1779706380,1.27736,1.27737,1.27734,1.27736,25
1779706440,1.27735,1.27742,1.27735,1.27741,16
1779706500,1.27742,1.27742,1.27739,1.27742,21
1779706560,1.27741,1.27742,1.27741,1.27742,8
1779706620,1.27743,1.27746,1.2774,1.27745,28
1779706680,1.27744,1.27745,1.2774,1.27742,22
1779706740,1.27741,1.27743,1.2774,1.27741,22
1779706800,1.27742,1.27746,1.27742,1.27744,25
1779706860,1.27745,1.27747,1.27743,1.27746,22
1779706920,1.27747,1.27751,1.27743,1.27751,45
1779706980,1.2775,1.27752,1.2775,1.27752,18
1779707040,1.27752,1.27753,1.27752,1.27752,17
1779707100,1.27753,1.27756,1.2775,1.27753,44
1779707160,1.27752,1.27761,1.27752,1.2776,22
1779707220,1.27759,1.2776,1.27753,1.27753,30
1779707280,1.27754,1.27755,1.27752,1.27755,23
1779707340,1.27756,1.27756,1.27745,1.27745,44
1779707400,1.27744,1.27744,1.27739,1.27741,25
1779707460,1.27742,1.27743,1.2774,1.27741,31
1779707520,1.27742,1.27744,1.27741,1.27741,24
1779707580,1.2774,1.27742,1.27739,1.27741,16
1779707640,1.2774,1.27743,1.27739,1.27743,28
1779707700,1.27742,1.27744,1.27741,1.27744,13
1779707760,1.27743,1.27744,1.27741,1.27742,22
1779707820,1.27741,1.27742,1.2773,1.2773,13
1779707880,1.27731,1.27733,1.2773,1.2773,20
1779707940,1.27729,1.2773,1.27728,1.2773,11
1779708000,1.27729,1.2773,1.27726,1.2773,26
1779708060,1.27731,1.27734,1.27728,1.27731,30
1779708120,1.2773,1.27732,1.27729,1.27732,15
1779708180,1.27733,1.27736,1.27733,1.27734,12
1779708240,1.27735,1.27735,1.27733,1.27733,14
1779708300,1.27732,1.27735,1.27732,1.27734,14
1779708360,1.27733,1.27738,1.27732,1.27736,36
1779708420,1.27735,1.27735,1.27729,1.27734,32
1779708480,1.27735,1.27735,1.27732,1.27734,10
1779708540,1.27733,1.27734,1.27728,1.27729,18
1779708600,1.27728,1.2773,1.27717,1.27722,37
1779708660,1.27723,1.27726,1.27723,1.27726,20
1779708720,1.27723,1.27727,1.27719,1.27724,56
1779708780,1.27723,1.27724,1.27707,1.27718,90
1779708840,1.27717,1.27717,1.27714,1.27717,32
1779708900,1.27716,1.27718,1.27713,1.27714,20
1779708960,1.27713,1.27714,1.27702,1.27702,26
1779709020,1.277,1.27705,1.27699,1.277,34
1779709080,1.27698,1.27701,1.27693,1.277,36
1779709140,1.27702,1.27703,1.27693,1.27693,38
1779709200,1.27692,1.27692,1.27685,1.2769,36
1779709260,1.27687,1.27693,1.27687,1.27689,62
1779709320,1.27691,1.27696,1.27689,1.27695,48
1779709380,1.27693,1.27694,1.27691,1.27692,38
1779709440,1.27693,1.27695,1.27691,1.27693,26
1779709500,1.27691,1.27695,1.27682,1.27694,52
1779709560,1.27695,1.277,1.27691,1.27694,40
1779709620,1.27692,1.27701,1.2769,1.277,36
1779709680,1.27701,1.27705,1.277,1.27704,42
1779709740,1.27705,1.2771,1.27705,1.27709,32
1779709800,1.27708,1.2771,1.27706,1.27707,46
1779709860,1.27708,1.2771,1.27704,1.27704,29
1779709920,1.27703,1.27705,1.27702,1.27702,10
1779709980,1.27701,1.27706,1.27701,1.27706,12
1779710040,1.27707,1.27711,1.27702,1.27706,46
1779710100,1.27705,1.27716,1.27705,1.27712,47
1779710160,1.27711,1.27711,1.27703,1.27711,49
1779710220,1.27712,1.27718,1.27709,1.27714,58
1779710280,1.27715,1.27721,1.27714,1.27721,48
1779710340,1.27722,1.27724,1.2772,1.27723,21
1779710400,1.27724,1.27735,1.27724,1.27725,77
1779710460,1.27726,1.27727,1.27724,1.27725,27
1779710520,1.27728,1.27728,1.27721,1.27722,47
1779710580,1.27721,1.27727,1.2772,1.27727,56
1779710640,1.27726,1.27727,1.27714,1.27718,57
1779710700,1.27719,1.27723,1.27717,1.27722,34
1779710760,1.27721,1.27724,1.2772,1.27724,52
1779710820,1.27725,1.27726,1.2772,1.27726,52
1779710880,1.27724,1.2773,1.27722,1.27724,50
1779710940,1.27723,1.27731,1.27723,1.2773,61
1779711000,1.27729,1.27731,1.27725,1.2773,55
1779711060,1.27731,1.27732,1.27728,1.27728,39
1779711120,1.27727,1.27731,1.27723,1.27723,33
1779711180,1.27724,1.27724,1.27715,1.27715,35
1779711240,1.27716,1.27722,1.27715,1.27721,47
1779711300,1.2772,1.27724,1.2772,1.27724,50
1779711360,1.27723,1.27723,1.27715,1.2772,53
1779711420,1.2772,1.27727,1.27716,1.27727,47
1779711480,1.27728,1.27729,1.27725,1.27725,24
1779711540,1.27726,1.27731,1.27724,1.27729,36
1779711600,1.2773,1.27738,1.27729,1.27738,56
1779711660,1.27739,1.27739,1.27734,1.27737,38
1779711720,1.27736,1.27736,1.27731,1.27732,40
1779711780,1.27733,1.27737,1.27709,1.27718,86
1779711840,1.27719,1.27722,1.27715,1.27718,70
1779711900,1.27717,1.27721,1.27713,1.27719,64
1779711960,1.2772,1.27724,1.27719,1.27724,40
1779712020,1.27723,1.27723,1.27714,1.27718,52
1779712080,1.27719,1.27721,1.27715,1.27717,50
1779712140,1.27718,1.27718,1.27715,1.27717,36
1779712200,1.27715,1.27718,1.27713,1.27716,45
1779712260,1.27715,1.27715,1.27696,1.27698,52
1779712320,1.27697,1.27697,1.2769,1.2769,39
1779712380,1.27692,1.27696,1.27689,1.27694,46
1779712440,1.27695,1.27695,1.27685,1.27686,36
1779712500,1.27687,1.27693,1.27686,1.27687,54
1779712560,1.27688,1.27691,1.27684,1.27688,42
1779712620,1.27689,1.2769,1.27687,1.2769,36
1779712680,1.27689,1.27696,1.27688,1.27696,56
1779712740,1.27696,1.27698,1.27695,1.27696,24
1779712800,1.27695,1.27696,1.27689,1.27695,50
1779712860,1.27696,1.27697,1.27688,1.27689,53
1779712920,1.2769,1.2769,1.27683,1.27684,38
1779712980,1.27682,1.27687,1.27681,1.27682,38
1779713040,1.27683,1.27685,1.27679,1.2768,68
1779713100,1.27679,1.27696,1.27677,1.27678,84
1779713160,1.27679,1.2768,1.27672,1.27674,72
1779713220,1.27675,1.27685,1.27675,1.27684,44
1779713280,1.27685,1.27688,1.27683,1.27687,30
1779713340,1.27688,1.27691,1.27687,1.27691,22
1779713400,1.27692,1.27699,1.2769,1.27699,44
1779713460,1.27698,1.27706,1.27695,1.27702,58
1779713520,1.27701,1.27708,1.27701,1.27708,50
1779713580,1.27709,1.2771,1.27707,1.27708,22
1779713640,1.27707,1.27709,1.27704,1.27708,31
1779713700,1.27707,1.27708,1.27706,1.27707,38
1779713760,1.27706,1.27709,1.27703,1.27704,26
1779713820,1.27705,1.27712,1.27702,1.27712,44
1779713880,1.27715,1.27716,1.27712,1.27713,70
1779713940,1.27712,1.27712,1.27708,1.2771,32
1779714000,1.27712,1.27715,1.27709,1.27711,40
1779714060,1.27709,1.27711,1.27705,1.27707,44
1779714120,1.27706,1.27711,1.27705,1.27705,50
1779714180,1.27703,1.27704,1.27698,1.27698,44
1779714240,1.27699,1.27705,1.27695,1.27702,48
1779714300,1.27701,1.27701,1.27696,1.27697,38
1779714360,1.27696,1.27699,1.27693,1.27696,28
1779714420,1.27699,1.27699,1.27689,1.2769,41
1779714480,1.27689,1.27692,1.27688,1.27691,39
1779714540,1.27693,1.27697,1.27692,1.27693,39
1779714600,1.27694,1.27698,1.27694,1.27694,60
1779714660,1.27696,1.27702,1.27688,1.27701,63
1779714720,1.27702,1.27709,1.27701,1.27707,53
1779714780,1.27708,1.27709,1.27704,1.27705,41
1779714840,1.27706,1.27707,1.27699,1.277,25
1779714900,1.27699,1.27708,1.27699,1.27706,52
1779714960,1.27705,1.27711,1.27704,1.2771,52
1779715020,1.27709,1.27712,1.27708,1.2771,39
1779715080,1.27711,1.27715,1.27708,1.2771,26
1779715140,1.27709,1.27712,1.27708,1.2771,43
1779715200,1.27709,1.27712,1.27709,1.27711,33
1779715260,1.27712,1.27715,1.27702,1.27707,56
1779715320,1.27708,1.27711,1.27708,1.2771,20
1779715380,1.27711,1.27713,1.27708,1.2771,19
1779715440,1.27711,1.27712,1.27709,1.27711,37
1779715500,1.27712,1.27712,1.27712,1.27712,2
1779715560,1.27711,1.27711,1.27706,1.27706,26
1779715620,1.27704,1.27706,1.27703,1.27705,34
1779715680,1.27706,1.27708,1.27705,1.27706,26
1779715740,1.27707,1.27707,1.27705,1.27707,14
1779715800,1.27705,1.2771,1.27704,1.27707,44
1779715860,1.27705,1.27707,1.27695,1.27696,53
1779715920,1.27695,1.27703,1.27695,1.27702,40
1779715980,1.27703,1.27703,1.27696,1.27699,75
1779716040,1.277,1.27701,1.27698,1.27698,44
1779716100,1.27698,1.27704,1.27697,1.27704,64
1779716160,1.27705,1.27712,1.27705,1.27711,42
1779716220,1.27709,1.27709,1.27705,1.27706,48
1779716280,1.27708,1.27714,1.27708,1.27714,30
1779716340,1.27713,1.27714,1.27704,1.27708,36
1779716400,1.27707,1.27711,1.27704,1.27708,42
1779716460,1.27707,1.27717,1.27707,1.27712,34
1779716520,1.27711,1.27717,1.2771,1.27716,46
1779716580,1.27715,1.27718,1.27714,1.27718,35
1779716640,1.27719,1.2772,1.27715,1.27717,28
1779716700,1.27718,1.27724,1.27718,1.27723,26
1779716760,1.27724,1.27729,1.27723,1.27726,24
1779716820,1.27725,1.2774,1.27725,1.27739,49
1779716880,1.27738,1.27739,1.27728,1.27728,44
1779716940,1.27729,1.2773,1.27728,1.27729,25
1779717000,1.2773,1.27731,1.27726,1.27731,22
1779717060,1.27728,1.2773,1.27723,1.27723,50
1779717120,1.27723,1.27728,1.2772,1.2772,54
1779717180,1.27721,1.27728,1.2772,1.27727,37
1779717240,1.27726,1.27731,1.27726,1.2773,30
1779717300,1.27729,1.2773,1.27727,1.27727,35
1779717360,1.27728,1.27734,1.27727,1.27733,35
1779717420,1.27734,1.2774,1.27734,1.27737,45
1779717480,1.27734,1.27738,1.27732,1.27736,42
1779717540,1.27736,1.27738,1.27729,1.27737,65
1779717600,1.2774,1.2774,1.27733,1.27736,51
1779717660,1.27737,1.27737,1.27727,1.27727,40
1779717720,1.2773,1.27731,1.27724,1.27729,56
1779717780,1.27728,1.27729,1.27721,1.27721,40
1779717840,1.27722,1.27722,1.27713,1.27717,30
1779717900,1.27716,1.27718,1.27716,1.27716,22
1779717960,1.27717,1.27719,1.27716,1.27719,18
1779718020,1.2772,1.27725,1.2772,1.27723,61
1779718080,1.27724,1.27726,1.27722,1.27724,44
1779718140,1.27725,1.27725,1.27718,1.2772,43
1779718200,1.2772,1.27723,1.2772,1.27722,20
1779718260,1.27723,1.27725,1.27723,1.27725,10
1779718320,1.27726,1.27729,1.27716,1.27729,51
1779718380,1.27728,1.27733,1.27725,1.27731,32
1779718440,1.2773,1.27731,1.27728,1.27731,15
1779718500,1.27732,1.27732,1.27727,1.27729,34
1779718560,1.27727,1.27728,1.27725,1.27726,29
1779718620,1.27727,1.27729,1.27726,1.27727,38
1779718680,1.27728,1.27729,1.27724,1.27726,31
1779718740,1.27727,1.27727,1.27721,1.27721,26
1779718800,1.27722,1.27722,1.27717,1.2772,28
1779718860,1.27719,1.2772,1.27713,1.27713,10
1779718920,1.27714,1.27719,1.27709,1.27709,45
1779718980,1.2771,1.27713,1.277,1.27704,22
1779719040,1.27701,1.27708,1.27701,1.27708,31
1779719100,1.27708,1.2771,1.27704,1.27707,28
1779719160,1.27707,1.2771,1.27707,1.27708,31
1779719220,1.27709,1.27709,1.27707,1.27708,20
1779719280,1.27707,1.27709,1.27706,1.27708,28
1779719340,1.27707,1.2771,1.27706,1.27709,46
1779719400,1.27708,1.27716,1.27708,1.27713,52
1779719460,1.27714,1.27716,1.27712,1.27714,45
1779719520,1.27713,1.27717,1.27712,1.27715,51
1779719580,1.27716,1.27717,1.27714,1.27717,34
1779719640,1.27716,1.27719,1.2771,1.27711,52
1779719700,1.27712,1.27717,1.27712,1.27714,32
1779719760,1.27715,1.27715,1.27705,1.27707,36
1779719820,1.27707,1.2771,1.27706,1.2771,34
1779719880,1.2771,1.2771,1.27705,1.27707,17
1779719940,1.27711,1.27711,1.27704,1.27707,36
1779720000,1.27705,1.27711,1.27705,1.27708,26
1779720060,1.27706,1.27707,1.27691,1.27691,32
1779720120,1.27693,1.27699,1.27693,1.27698,34
1779720180,1.27697,1.27698,1.27696,1.27697,14
1779720240,1.27696,1.27696,1.2769,1.2769,28
1779720300,1.27692,1.27695,1.27689,1.27691,40
1779720360,1.27694,1.27697,1.27685,1.2769,56
1779720420,1.27694,1.27696,1.27694,1.27695,18
1779720480,1.27696,1.27696,1.27694,1.27694,20
1779720540,1.27695,1.27698,1.27694,1.27698,20
1779720600,1.27699,1.277,1.27697,1.27699,27
1779720660,1.277,1.27703,1.27696,1.27697,28
1779720720,1.27696,1.277,1.27696,1.27699,14
1779720780,1.277,1.27701,1.27699,1.277,10
1779720840,1.27701,1.27711,1.277,1.27707,33
1779720900,1.27708,1.27708,1.2769,1.27692,32
1779720960,1.27691,1.27697,1.2769,1.27691,32
1779721020,1.27692,1.27702,1.2769,1.27697,60
1779721080,1.27696,1.27699,1.2769,1.2769,54
1779721140,1.27691,1.27691,1.27686,1.27688,66
1779721200,1.2769,1.27699,1.2769,1.27698,34
1779721260,1.27697,1.27702,1.27696,1.27702,64
1779721320,1.27701,1.27711,1.27698,1.277,64
1779721380,1.27699,1.27705,1.27699,1.27704,54
1779721440,1.277,1.27706,1.277,1.277,38
1779721500,1.27703,1.27705,1.27699,1.277,42
1779721560,1.27697,1.27704,1.27696,1.27697,62
1779721620,1.27698,1.27705,1.27696,1.27699,68
1779721680,1.277,1.27705,1.277,1.27702,36
1779721740,1.27703,1.2771,1.27703,1.27709,16
1779721800,1.27712,1.27712,1.27677,1.27677,78
1779721860,1.27678,1.27685,1.27654,1.27664,134
1779721920,1.27662,1.27681,1.27662,1.27671,106
1779721980,1.2767,1.27678,1.27666,1.27678,76
1779722040,1.27677,1.27688,1.27677,1.27686,66
1779722100,1.27685,1.2769,1.27679,1.27685,50
1779722160,1.27686,1.27693,1.27685,1.27688,72
1779722220,1.27689,1.27693,1.27686,1.2769,80
1779722280,1.27688,1.27688,1.27684,1.27686,31
1779733260,1.27681,1.27681,1.2768,1.2768,8
1779733320,1.27682,1.27682,1.27682,1.27682,2
1779733380,1.27682,1.27683,1.27682,1.27682,6
1779733440,1.27683,1.27683,1.27683,1.27683,1
1779733500,1.27684,1.27684,1.27684,1.27684,2
1779733620,1.27684,1.27684,1.27684,1.27684,1
1779733680,1.27685,1.27685,1.27685,1.27685,2
1779733740,1.27686,1.27686,1.27684,1.27685,6
1779733800,1.27684,1.27684,1.27683,1.27684,7
1779733920,1.27685,1.27685,1.27683,1.27683,15
1779733980,1.27684,1.27684,1.27684,1.27684,1
1779734100,1.27683,1.27683,1.27681,1.27681,6
1779734220,1.27682,1.27682,1.2768,1.2768,5
1779734280,1.27681,1.27681,1.2768,1.27681,21
1779734340,1.27681,1.27682,1.27681,1.27682,3
1779734400,1.27683,1.27684,1.27683,1.27684,4
1779734460,1.27685,1.27685,1.27685,1.27685,2
1779734520,1.27689,1.27691,1.27689,1.27691,10
1779734580,1.2769,1.2769,1.2769,1.2769,2
1779734640,1.27689,1.27689,1.27689,1.27689,2
1779734700,1.27688,1.27688,1.27688,1.27688,2
1779734760,1.27687,1.27687,1.27686,1.27686,4
1779734820,1.27686,1.27686,1.27685,1.27685,5
1779734880,1.27686,1.27686,1.27686,1.27686,2
1779734940,1.27685,1.27686,1.27685,1.27686,3
1779735000,1.27685,1.27685,1.27683,1.27683,6
1779735060,1.2768,1.27683,1.27679,1.2768,30
1779735120,1.27681,1.27682,1.2768,1.27681,10
1779735180,1.27683,1.27683,1.2768,1.27681,14
1779735240,1.27682,1.27682,1.27681,1.27681,8
1779735300,1.2768,1.27681,1.2768,1.27681,4
1779735360,1.27682,1.27683,1.27682,1.27682,7
1779735480,1.27682,1.27683,1.27682,1.27683,3
1779735540,1.27682,1.27682,1.27681,1.27682,5
1779735600,1.27683,1.27683,1.27682,1.27683,4
1779735660,1.27684,1.27684,1.27684,1.27684,1
1779735840,1.27683,1.27683,1.27682,1.27683,11
1779735900,1.27683,1.27684,1.27683,1.27684,7
1779735960,1.27683,1.27683,1.27683,1.27683,2
1779736020,1.27684,1.27684,1.27684,1.27684,2
1779736080,1.27685,1.27685,1.27682,1.27683,15
1779736140,1.27684,1.27684,1.27683,1.27684,6
1779736200,1.27685,1.27686,1.27685,1.27686,6
1779736260,1.27685,1.27686,1.27683,1.27683,9
1779736320,1.27684,1.27684,1.27683,1.27683,6
1779736380,1.27682,1.27683,1.27682,1.27683,4
1779736440,1.27684,1.27684,1.27683,1.27683,3
1779736500,1.27683,1.27683,1.27683,1.27683,1
1779736560,1.27684,1.27684,1.27684,1.27684,2
1779736680,1.27682,1.27682,1.27682,1.27682,2
1779736800,1.27683,1.27685,1.27683,1.27684,6
1779736920,1.27685,1.27686,1.27685,1.27685,6
1779736980,1.27684,1.27684,1.27681,1.27682,8
1779737040,1.27681,1.27681,1.2768,1.27681,6
1779737100,1.27682,1.27683,1.27682,1.27683,6
1779737160,1.27684,1.27684,1.27684,1.27684,1
1779737220,1.27684,1.27684,1.27684,1.27684,1
1779737340,1.27683,1.27684,1.27682,1.27683,10
1779737400,1.27683,1.27684,1.27683,1.27683,5
1779737460,1.27684,1.27684,1.27684,1.27684,3
1779737520,1.27685,1.27685,1.27684,1.27684,4
1779737580,1.27685,1.27685,1.27685,1.27685,2
1779737640,1.27684,1.27684,1.27684,1.27684,2
1779737700,1.27685,1.27685,1.27683,1.27683,6
1779737760,1.27684,1.27684,1.27683,1.27683,8
1779737820,1.27682,1.27682,1.27666,1.27667,15
1779737880,1.27663,1.27671,1.27662,1.27671,20
1779737940,1.27673,1.27674,1.27673,1.27673,6
1779738000,1.27672,1.27673,1.27672,1.27673,4
1779738060,1.27674,1.27674,1.27674,1.27674,2
1779738120,1.27675,1.27675,1.27672,1.27674,16
1779738180,1.27674,1.27678,1.27674,1.27678,11
1779738240,1.27677,1.27677,1.27677,1.27677,2
1779738300,1.27678,1.27678,1.27677,1.27677,3
1779738360,1.27675,1.27675,1.27673,1.27674,12
1779738420,1.27673,1.27674,1.27672,1.27672,16
1779738480,1.27674,1.27674,1.27672,1.27672,4
1779738540,1.27673,1.27673,1.27673,1.27673,2
1779738600,1.27674,1.27674,1.27673,1.27674,5
1779738720,1.27674,1.27674,1.27674,1.27674,1
1779738840,1.27675,1.27678,1.27674,1.27676,17
1779738900,1.27675,1.27675,1.27671,1.27672,23
1779739020,1.27673,1.27673,1.27672,1.27673,9
1779739080,1.27672,1.27673,1.27671,1.27672,19
1779739140,1.27672,1.27674,1.27672,1.27674,19
1779739200,1.27673,1.27673,1.27662,1.27662,17
1779739260,1.27663,1.27666,1.27657,1.27666,22
1779739320,1.27667,1.27668,1.27666,1.27667,14
1779739380,1.27668,1.27668,1.27667,1.27667,4
1779739440,1.27666,1.27668,1.27666,1.27668,6
1779739500,1.27668,1.27668,1.27667,1.27668,5
1779739560,1.27668,1.27668,1.27668,1.27668,1
1779739680,1.27669,1.27669,1.27668,1.27668,3
1779739740,1.27669,1.27669,1.27669,1.27669,1
1779739800,1.27667,1.27667,1.27665,1.27667,7
1779739860,1.27668,1.27668,1.27668,1.27668,3
1779739980,1.27667,1.27667,1.27667,1.27667,2
1779740160,1.27666,1.27666,1.27665,1.27666,6
1779740280,1.27667,1.27667,1.27666,1.27667,6
1779740460,1.27674,1.2768,1.27674,1.2768,16
1779740520,1.27681,1.27681,1.2768,1.27681,6
1779740580,1.27684,1.27686,1.27684,1.27685,8
1779740640,1.27684,1.27684,1.27684,1.27684,2
1779740700,1.27685,1.27685,1.27675,1.27676,14
1779740760,1.27675,1.27676,1.27675,1.27676,4
1779740820,1.27675,1.27677,1.27675,1.27677,9
1779740880,1.27676,1.27676,1.27674,1.27674,6
1779740940,1.27675,1.27678,1.27672,1.27676,15
1779741000,1.27675,1.27675,1.27674,1.27674,5
1779741060,1.27673,1.27673,1.27673,1.27673,3
1779741180,1.27674,1.27675,1.27674,1.27675,7
1779741240,1.27674,1.27675,1.27674,1.27675,5
1779741300,1.27674,1.27679,1.27674,1.27679,11
1779741360,1.27678,1.2768,1.27678,1.2768,5
1779741420,1.27679,1.27679,1.27679,1.27679,2
1779741480,1.2768,1.2768,1.2768,1.2768,2
1779741540,1.27681,1.27681,1.27681,1.27681,2
1779741600,1.27675,1.27678,1.27674,1.27678,17
1779741660,1.27677,1.27677,1.27676,1.27676,7
1779741720,1.27677,1.27679,1.27676,1.27678,7
1779741780,1.27674,1.27674,1.27672,1.27672,5
1779741840,1.27671,1.27671,1.27671,1.27671,3
1779741900,1.27671,1.27673,1.27667,1.27673,19
1779741960,1.2767,1.27678,1.2767,1.27676,15
1779742020,1.27675,1.27679,1.27673,1.27676,10
1779742080,1.27678,1.27678,1.27675,1.27678,9
1779742140,1.27675,1.27679,1.27674,1.27676,8
1779742200,1.27679,1.27679,1.27676,1.27676,4
1779742260,1.27677,1.27677,1.27677,1.27677,1
1779742320,1.27676,1.27677,1.27675,1.27675,5
1779742380,1.27675,1.27675,1.27674,1.27674,2
1779742440,1.27676,1.27676,1.27676,1.27676,1
1779742500,1.27663,1.27663,1.27631,1.27649,11
1779742560,1.2765,1.2765,1.27643,1.27643,5
1779742620,1.27642,1.27642,1.27642,1.27642,2
1779742680,1.27641,1.27641,1.27641,1.27641,1
1779742860,1.27615,1.27643,1.27615,1.27615,18
1779742920,1.27643,1.27643,1.27615,1.27615,8
1779742980,1.27643,1.27643,1.27615,1.27615,16
1779743100,1.27643,1.27643,1.27615,1.27615,10
1779743160,1.27643,1.27643,1.27615,1.27615,12
1779743220,1.27643,1.27643,1.27615,1.27643,6
1779743280,1.27615,1.27643,1.27615,1.27643,8
1779743340,1.27615,1.27643,1.27615,1.27615,26
1779743400,1.27643,1.27643,1.27615,1.27615,30
1779743460,1.27643,1.27643,1.27615,1.27643,20
1779743520,1.27616,1.27616,1.27615,1.27615,4
1779743580,1.27643,1.27643,1.27643,1.27643,2
1779743640,1.27615,1.27615,1.27615,1.27615,2
1779743700,1.2763,1.2763,1.27615,1.27615,4
1779744120,1.27624,1.27624,1.27615,1.27615,4
1779744180,1.27616,1.27616,1.27616,1.27616,2
1779744660,1.27621,1.2764,1.27621,1.2763,40
1779744720,1.27631,1.27636,1.27616,1.27626,48
1779744780,1.27631,1.27637,1.27624,1.27631,48
1779744840,1.2763,1.27631,1.27621,1.27631,18
1779744900,1.27637,1.27637,1.27622,1.27634,30
1779745200,1.27633,1.2769,1.27615,1.2763,61
1779745260,1.27617,1.27637,1.27615,1.27631,26
1779745320,1.27615,1.27644,1.27615,1.27644,21
1779745380,1.27646,1.27648,1.27615,1.27615,14
1779745440,1.27594,1.27621,1.27594,1.27621,12
1779745500,1.27622,1.27624,1.27615,1.27615,22
1779745560,1.27616,1.27627,1.27616,1.27627,40
1779745620,1.27628,1.27629,1.27619,1.27627,30
1779745680,1.27629,1.2763,1.27621,1.27626,26
1779745740,1.27625,1.27625,1.27617,1.27624,14
1779745800,1.27623,1.27625,1.27616,1.27623,20
1779745860,1.27624,1.27625,1.27615,1.27615,20
1779745920,1.27621,1.27625,1.27617,1.27624,32
1779745980,1.27617,1.27624,1.27616,1.27623,18
1779746040,1.27616,1.27623,1.27615,1.27623,14
1779746100,1.27611,1.27635,1.27606,1.27618,62
1779746160,1.27619,1.27628,1.27615,1.27617,46
1779746220,1.27621,1.27622,1.27613,1.27618,26
1779746280,1.27617,1.2762,1.27606,1.27615,22
1779746340,1.27626,1.27626,1.27611,1.27617,34
1779746400,1.2761,1.27676,1.27575,1.27658,83
1779746460,1.27659,1.27659,1.27631,1.27638,56
1779746520,1.27638,1.27667,1.27637,1.27639,36
1779746580,1.27641,1.27641,1.27634,1.27639,22
1779746640,1.27641,1.27645,1.27641,1.27643,13
1779746700,1.27641,1.27644,1.27638,1.27638,37
1779746760,1.27659,1.27661,1.27657,1.27658,17
1779746820,1.27665,1.27665,1.27658,1.27661,38
1779746880,1.27661,1.27664,1.27656,1.2766,34
1779746940,1.27659,1.27663,1.27659,1.27663,27
1779747000,1.27661,1.27669,1.27661,1.27669,19
1779747060,1.27669,1.27669,1.2766,1.2766,20
1779747120,1.27658,1.27663,1.27658,1.2766,27
1779747180,1.27661,1.27678,1.27661,1.27677,18
1779747240,1.27677,1.27695,1.27677,1.27689,16
1779747300,1.2769,1.27695,1.27685,1.27685,44
1779747360,1.27686,1.27692,1.27681,1.27692,73
1779747420,1.27701,1.2773,1.27696,1.27728,64
1779747480,1.27728,1.27728,1.27725,1.27726,10
1779747540,1.27725,1.27726,1.27697,1.27701,28
1779747600,1.27702,1.27704,1.27702,1.27702,10
1779747660,1.27701,1.27701,1.27691,1.27694,43
1779747720,1.27695,1.27695,1.27692,1.27694,11
1779747780,1.27688,1.27699,1.27688,1.27698,24
1779747840,1.27697,1.27697,1.27691,1.27697,30
1779747900,1.27694,1.27699,1.27689,1.27698,48
1779747960,1.27695,1.27698,1.2769,1.27692,48
1779748020,1.27693,1.27697,1.27691,1.27697,41
1779748080,1.27696,1.27698,1.27689,1.27698,40
1779748140,1.27699,1.27706,1.27692,1.27706,31
1779748200,1.27707,1.2771,1.27706,1.27708,30
1779748260,1.27708,1.27712,1.27707,1.2771,39
1779748320,1.2771,1.2771,1.27701,1.27705,46
1779748380,1.27706,1.2771,1.27703,1.2771,33
1779748440,1.27709,1.27709,1.27701,1.27708,36
1779748500,1.27707,1.27709,1.277,1.27701,39
1779748560,1.27701,1.27707,1.277,1.27706,44
1779748620,1.27707,1.27709,1.27703,1.27709,49
1779748680,1.27708,1.27708,1.277,1.27707,40
1779748740,1.277,1.27707,1.27698,1.27707,45
1779748800,1.27706,1.27707,1.277,1.27703,49
1779748860,1.27704,1.27708,1.277,1.27707,73
1779748920,1.27706,1.27707,1.27699,1.27699,37
1779748980,1.27698,1.27705,1.27693,1.27701,42
1779749040,1.27702,1.27706,1.27698,1.27705,26
1779749100,1.27706,1.27706,1.27701,1.27706,17
1779749160,1.27705,1.27706,1.27694,1.27701,55
1779749220,1.277,1.27701,1.2769,1.2769,37
1779749280,1.27691,1.27699,1.27691,1.27693,31
1779749340,1.27693,1.27697,1.27689,1.27695,69
1779749400,1.27697,1.27698,1.27689,1.27696,67
1779749460,1.27695,1.27695,1.27688,1.27695,73
1779749520,1.27694,1.27695,1.27688,1.27691,30
1779749580,1.27692,1.27697,1.2769,1.27694,40
1779749640,1.27695,1.27696,1.27687,1.27691,38
1779749700,1.27692,1.27698,1.27687,1.27697,56
1779749760,1.27698,1.27704,1.27696,1.27702,39
1779749820,1.27701,1.27702,1.27701,1.27702,6
1779749880,1.27703,1.27703,1.27695,1.27703,44
1779749940,1.27704,1.27705,1.27698,1.27704,34
1779750000,1.27705,1.27705,1.27682,1.27692,80
1779750060,1.27694,1.27697,1.27692,1.27693,39
1779750120,1.27693,1.27693,1.2768,1.27682,69
1779750180,1.27682,1.27687,1.27681,1.27687,52
1779750240,1.27686,1.27692,1.27679,1.2769,51
1779750300,1.2769,1.27693,1.27679,1.27684,63
1779750360,1.27685,1.27688,1.27683,1.27688,42
1779750420,1.27693,1.27693,1.27685,1.27688,51
1779750480,1.27687,1.27699,1.27687,1.27694,38
1779750540,1.27693,1.27693,1.27688,1.27693,51
1779750600,1.27692,1.27693,1.27684,1.27688,36
1779750660,1.27689,1.27693,1.27682,1.27682,76
1779750720,1.2768,1.27691,1.2768,1.27683,67
1779750780,1.27684,1.27688,1.27682,1.27683,17
1779750840,1.27683,1.27688,1.27683,1.27688,30
1779750900,1.27687,1.27688,1.2768,1.27684,59
1779750960,1.27684,1.2769,1.27682,1.27686,38
1779751020,1.27687,1.27688,1.27677,1.27687,41
1779751080,1.27686,1.27687,1.27679,1.27679,27
1779751140,1.27678,1.27686,1.27676,1.27678,45
1779751200,1.27679,1.2769,1.27679,1.27683,52
1779751260,1.27683,1.27691,1.27683,1.2769,62
1779751320,1.2769,1.27691,1.27682,1.27689,47
1779751380,1.2769,1.27692,1.27682,1.27688,69
1779751440,1.27689,1.27697,1.27682,1.27696,71
1779751500,1.27695,1.27695,1.27688,1.2769,10
1779751560,1.27691,1.27696,1.2769,1.2769,46
1779751620,1.27688,1.27702,1.27688,1.27701,67
1779751680,1.27702,1.27705,1.27694,1.27697,34
1779751740,1.27698,1.27704,1.27698,1.277,23
1779751800,1.27698,1.27706,1.27698,1.27705,37
1779751860,1.27706,1.27708,1.27699,1.27708,45
1779751920,1.27709,1.27709,1.277,1.27709,38
1779751980,1.27708,1.27716,1.27703,1.27716,51
1779752040,1.27714,1.27719,1.27714,1.27719,28
1779752100,1.2772,1.27721,1.27716,1.27721,37
1779752160,1.27722,1.27727,1.27716,1.27727,68
1779752220,1.27719,1.27729,1.27717,1.27718,82
1779752280,1.27719,1.27726,1.27718,1.27722,59
1779752340,1.27722,1.27726,1.27716,1.2772,58
1779752400,1.2772,1.27727,1.27719,1.27726,64
1779752460,1.27725,1.27725,1.27723,1.27724,6
1779752520,1.27723,1.27728,1.2772,1.2772,61
1779752580,1.2772,1.27731,1.2772,1.27721,58
1779752640,1.27721,1.2774,1.27721,1.27732,72
1779752700,1.27734,1.27734,1.2771,1.27721,78
1779752760,1.27722,1.27737,1.27715,1.27735,103
1779752820,1.27736,1.27736,1.27722,1.27723,57
1779752880,1.27725,1.27745,1.27725,1.27742,84
1779752940,1.27741,1.27742,1.2774,1.27742,14
1779753000,1.27741,1.27745,1.27735,1.27739,77
1779753060,1.2774,1.27744,1.27736,1.27741,71
1779753120,1.27742,1.27744,1.27742,1.27743,24
1779753180,1.27741,1.27745,1.27734,1.27736,63
1779753240,1.27737,1.27738,1.27735,1.27737,31
1779753300,1.27736,1.27742,1.2773,1.27742,44
1779753360,1.27743,1.27744,1.27736,1.27743,45
1779753420,1.27744,1.27748,1.27736,1.27741,55
1779753480,1.27742,1.27747,1.27735,1.27747,57
1779753540,1.27748,1.27753,1.27743,1.27752,44
1779753600,1.27749,1.2776,1.27746,1.2776,112
1779753660,1.27759,1.27769,1.27748,1.27761,98
1779753720,1.27762,1.2777,1.27756,1.27765,131
1779753780,1.27758,1.27761,1.27748,1.27749,91
1779753840,1.27751,1.27757,1.27747,1.27752,71
1779753900,1.27753,1.27753,1.2774,1.27748,79
1779753960,1.27747,1.27757,1.2774,1.27757,86
1779754020,1.27758,1.27762,1.27749,1.27756,82
1779754080,1.27757,1.27757,1.27747,1.2775,66
1779754140,1.27749,1.2776,1.27749,1.27758,91
1779754200,1.27757,1.27764,1.2775,1.27758,88
1779754260,1.27759,1.2776,1.27749,1.27751,63
1779754320,1.27753,1.27756,1.27735,1.27736,87
1779754380,1.27737,1.27746,1.27737,1.2774,68
1779754440,1.27739,1.27747,1.27732,1.27747,91
1779754500,1.27742,1.27747,1.2773,1.27747,92
1779754560,1.27748,1.27756,1.27742,1.27743,68
1779754620,1.27744,1.27762,1.27743,1.2776,77
1779754680,1.27757,1.27766,1.27756,1.27764,89
1779754740,1.27765,1.27779,1.27765,1.27779,109
1779754800,1.2778,1.2778,1.27767,1.27777,134
1779754860,1.27776,1.27779,1.27768,1.27775,104
1779754920,1.27778,1.27783,1.27773,1.27774,86
1779754980,1.27775,1.2778,1.27764,1.27767,81
1779755040,1.27766,1.27773,1.27763,1.27773,78
1779755100,1.27774,1.27779,1.27766,1.27772,92
1779755160,1.27771,1.27774,1.27761,1.27767,89
1779755220,1.27766,1.27766,1.27749,1.27754,95
1779755280,1.27755,1.27758,1.27746,1.27754,47
1779755340,1.27755,1.27757,1.27747,1.27752,69
1779755400,1.27751,1.27751,1.27735,1.27741,87
1779755460,1.27742,1.27744,1.2773,1.27739,108
1779755520,1.2774,1.27748,1.27736,1.27748,52
1779755580,1.27744,1.27744,1.27735,1.27741,53
1779755640,1.27742,1.27743,1.27729,1.27738,97
1779755700,1.27737,1.27742,1.27722,1.27723,53
1779755760,1.27724,1.27734,1.27723,1.2773,97
1779755820,1.27733,1.27737,1.27726,1.27737,67
1779755880,1.27738,1.2774,1.27733,1.27737,22
1779755940,1.27738,1.27742,1.2773,1.27737,50
1779756000,1.27736,1.27745,1.27736,1.27744,64
1779756060,1.2774,1.2774,1.27719,1.27727,97
1779756120,1.27728,1.27732,1.27721,1.27726,76
1779756180,1.27727,1.27728,1.2772,1.27727,60
1779756240,1.27726,1.27732,1.27722,1.27731,85
1779756300,1.27732,1.27739,1.27731,1.27736,57
1779756360,1.27732,1.27733,1.27711,1.27719,89
1779756420,1.27719,1.27725,1.2771,1.27717,78
1779756480,1.27717,1.27724,1.27712,1.27723,62
1779756540,1.27723,1.27727,1.2772,1.27724,90
1779756600,1.27725,1.27726,1.27712,1.27713,71
1779756660,1.27714,1.27724,1.27714,1.27724,56
1779756720,1.27724,1.27729,1.27713,1.27727,85
1779756780,1.27728,1.27728,1.27713,1.27723,76
1779756840,1.27724,1.27727,1.27707,1.27709,94
1779756900,1.27714,1.27714,1.27703,1.27705,76
1779756960,1.27706,1.27707,1.27693,1.27698,87
1779757020,1.27699,1.27704,1.27694,1.27695,73
1779757080,1.27696,1.27696,1.2769,1.27692,30
1779757140,1.27691,1.27695,1.27683,1.27692,82
1779757200,1.27693,1.27706,1.27684,1.27698,100
1779757260,1.27696,1.27705,1.27691,1.27699,73
1779757320,1.277,1.27707,1.27691,1.27698,98
1779757380,1.27702,1.27706,1.27693,1.27706,77
1779757440,1.27707,1.27711,1.27696,1.27711,104
1779757500,1.27712,1.27712,1.27695,1.27704,92
1779757560,1.27702,1.27708,1.27694,1.277,112
1779757620,1.27703,1.27713,1.27698,1.27704,95
1779757680,1.27702,1.27714,1.277,1.27708,98
1779757740,1.27707,1.27711,1.27705,1.27709,88
1779757800,1.27708,1.27708,1.27691,1.27705,77
1779757860,1.27702,1.27703,1.27695,1.27701,68
1779757920,1.27702,1.27702,1.27687,1.27687,74
1779757980,1.27687,1.27693,1.27677,1.27678,57
1779758040,1.27679,1.27683,1.27672,1.27676,100
1779758100,1.27675,1.27683,1.27669,1.27681,74
1779758160,1.2768,1.27681,1.27676,1.27676,45
1779758220,1.27677,1.2768,1.2767,1.2768,50
1779758280,1.2768,1.27697,1.27678,1.27697,91
1779758340,1.27697,1.27702,1.2768,1.27689,87
1779758400,1.2769,1.27698,1.2768,1.27698,106
1779758460,1.27699,1.27705,1.27694,1.27694,70
1779758520,1.27695,1.277,1.27686,1.27692,67
1779758580,1.27693,1.27694,1.27679,1.27691,77
1779758640,1.2769,1.27693,1.27676,1.2768,60
1779758700,1.2768,1.27692,1.2768,1.27692,83
1779758760,1.27695,1.27699,1.27685,1.27688,75
1779758820,1.27686,1.27696,1.27685,1.27692,81
1779758880,1.27691,1.277,1.27689,1.27689,47
1779758940,1.27689,1.27699,1.27686,1.27692,64
1779759000,1.27691,1.27701,1.27684,1.2769,103
1779759060,1.2769,1.27696,1.27683,1.27692,97
1779759120,1.27693,1.27696,1.27684,1.27696,95
1779759180,1.27697,1.27699,1.27691,1.27698,72
1779759240,1.27696,1.27704,1.27689,1.27701,96
1779759300,1.27704,1.27704,1.27689,1.27695,64
1779759360,1.27696,1.27711,1.27695,1.27711,87
1779759420,1.2771,1.27716,1.27704,1.27714,96
1779759480,1.27715,1.27719,1.27706,1.27715,55
1779759540,1.27712,1.27736,1.27708,1.27728,107
1779759600,1.2773,1.27748,1.2773,1.27746,95
1779759660,1.27747,1.27762,1.27744,1.27761,95
1779759720,1.2776,1.27764,1.2774,1.27748,92
1779759780,1.27747,1.27749,1.27731,1.27747,109
1779759840,1.27747,1.2775,1.2774,1.27744,54
1779759900,1.27747,1.27749,1.27737,1.27744,104
1779759960,1.27745,1.27745,1.27737,1.27737,47
1779760020,1.27733,1.27741,1.27728,1.27739,79
1779760080,1.2774,1.27745,1.27729,1.27733,82
1779760140,1.27734,1.27734,1.27718,1.27724,62
1779760200,1.27723,1.27725,1.27718,1.27722,55
1779760260,1.27719,1.27723,1.27714,1.27717,82
1779760320,1.27717,1.27727,1.27716,1.27727,77
1779760380,1.27724,1.27729,1.27717,1.27729,74
1779760440,1.27728,1.27729,1.27717,1.27726,49
1779760500,1.27725,1.27727,1.27717,1.27724,75
1779760560,1.27727,1.27727,1.27709,1.2772,94
1779760620,1.27723,1.27734,1.2772,1.27723,99
1779760680,1.27724,1.27728,1.27717,1.27718,67
1779760740,1.27718,1.27722,1.27712,1.27716,64
1779760800,1.27717,1.27717,1.27702,1.27707,101
1779760860,1.27708,1.27713,1.27698,1.27706,76
1779760920,1.27709,1.27709,1.27701,1.27701,63
1779760980,1.27702,1.27709,1.27698,1.27706,115
1779761040,1.27707,1.27707,1.27705,1.27705,16
1779761100,1.27709,1.27711,1.27698,1.27709,95
1779761160,1.27706,1.27707,1.27696,1.27702,49
1779761220,1.27703,1.27706,1.27695,1.27702,76
1779761280,1.27704,1.27708,1.27703,1.27706,37
1779761340,1.27705,1.27705,1.27689,1.27697,55
1779761400,1.27701,1.27702,1.27689,1.2769,109
1779761460,1.27691,1.27702,1.27691,1.27698,57
1779761520,1.277,1.2771,1.27699,1.27706,70
1779761580,1.27707,1.27723,1.27705,1.27717,78
1779761640,1.27717,1.27722,1.27717,1.2772,31
1779761700,1.27709,1.27712,1.27703,1.27708,54
1779761760,1.27709,1.27712,1.27708,1.2771,27
1779761820,1.27709,1.27711,1.27706,1.27707,55
1779761880,1.27708,1.27715,1.27699,1.27708,93
1779761940,1.27709,1.27713,1.27704,1.2771,55
1779762000,1.27711,1.27712,1.27704,1.27712,42
1779762060,1.27711,1.27718,1.27704,1.2771,62
1779762120,1.27711,1.27712,1.27701,1.27711,46
1779762180,1.27715,1.27716,1.27703,1.2771,57
1779762240,1.27711,1.27711,1.27707,1.27708,26
1779762300,1.27708,1.27719,1.27708,1.27716,62
1779762360,1.27717,1.27717,1.27689,1.27696,72
1779762420,1.27697,1.27703,1.27687,1.27703,82
1779762480,1.27702,1.27712,1.27702,1.2771,50
1779762540,1.27711,1.27715,1.27705,1.27713,63
1779762600,1.27712,1.27714,1.27706,1.27714,83
1779762660,1.27712,1.27713,1.27705,1.27711,83
1779762720,1.27709,1.27711,1.27698,1.27709,73
1779762780,1.2771,1.27714,1.27705,1.27713,69
1779762840,1.2771,1.27713,1.2771,1.27713,26
1779762900,1.27711,1.27717,1.27706,1.27712,66
1779762960,1.27713,1.2772,1.27709,1.27713,66
1779763020,1.27714,1.27715,1.277,1.27715,61
1779763080,1.27716,1.27717,1.27704,1.27707,49
1779763140,1.27708,1.27715,1.27708,1.27714,37
1779763200,1.27711,1.27715,1.27699,1.27708,76
1779763260,1.27711,1.27718,1.27706,1.27714,51
1779763320,1.27715,1.27723,1.27715,1.27723,51
1779763380,1.27729,1.27738,1.27722,1.27738,90
1779763440,1.27741,1.27743,1.27738,1.27742,33
1779763500,1.2774,1.27754,1.27737,1.27746,91
1779763560,1.27747,1.27749,1.27737,1.27739,44
1779763620,1.27739,1.27748,1.27737,1.27741,123
1779763680,1.27742,1.27748,1.27737,1.27745,55
1779763740,1.27744,1.27754,1.27742,1.27749,77
1779763800,1.2775,1.2775,1.2774,1.27745,59
1779763860,1.27746,1.27749,1.27732,1.27738,70
1779763920,1.27738,1.27744,1.27733,1.27743,46
1779763980,1.27744,1.27744,1.27732,1.27734,30
1779764040,1.27734,1.27745,1.27734,1.2774,31
1779764100,1.27731,1.2774,1.27728,1.27728,69
1779764160,1.27729,1.27737,1.27729,1.27737,43
1779764220,1.2774,1.27743,1.27732,1.27736,69
1779764280,1.27737,1.27742,1.27727,1.27734,95
1779764340,1.27734,1.27734,1.27722,1.27726,65
1779764400,1.27727,1.27734,1.27722,1.27727,59
1779764460,1.27727,1.27733,1.27722,1.27733,90
1779764520,1.27732,1.27743,1.27726,1.27742,82
1779764580,1.27741,1.27743,1.27732,1.27739,39
1779764640,1.27738,1.27743,1.27733,1.27739,71
1779764700,1.27742,1.27742,1.27727,1.27729,46
1779764760,1.27729,1.27734,1.27729,1.27734,55
1779764820,1.27733,1.27733,1.27724,1.27732,49
1779764880,1.27733,1.27734,1.27726,1.27726,55
1779764940,1.27726,1.27731,1.27718,1.27729,68
1779765000,1.27728,1.27728,1.27715,1.27723,45
1779765060,1.27724,1.27724,1.27715,1.27721,37
1779765120,1.27722,1.27725,1.27714,1.27719,67
1779765180,1.2772,1.27733,1.27717,1.27733,81
1779765240,1.27731,1.27735,1.27728,1.27734,67
1779765300,1.27735,1.27738,1.2773,1.2773,67
1779765360,1.27727,1.27728,1.27718,1.27724,59
1779765420,1.27723,1.27724,1.27719,1.27721,30
1779765480,1.27721,1.27723,1.27715,1.27718,82
1779765540,1.27719,1.27722,1.27718,1.27722,36
1779765600,1.27721,1.27722,1.27692,1.27699,80
1779765660,1.27696,1.27701,1.2769,1.27692,46
1779765720,1.27687,1.27701,1.2768,1.277,38
1779765780,1.27701,1.27704,1.27701,1.27702,20
1779765840,1.27704,1.27704,1.27696,1.27703,49
1779765900,1.27702,1.27703,1.2769,1.27702,77
1779765960,1.27703,1.27708,1.277,1.27705,48
1779766020,1.27705,1.27717,1.27704,1.27716,67
1779766080,1.27717,1.27717,1.2771,1.27714,43
1779766140,1.27715,1.27718,1.27711,1.27715,46
1779766200,1.27716,1.27721,1.27707,1.27721,62
1779766260,1.2772,1.2772,1.27709,1.27713,49
1779766320,1.27712,1.27713,1.27709,1.2771,47
1779766380,1.27711,1.27719,1.27711,1.27712,34
1779766440,1.27713,1.27718,1.27713,1.27716,48
1779766500,1.27716,1.27717,1.27708,1.27715,44
1779766560,1.27711,1.27716,1.27706,1.27711,48
1779766620,1.27712,1.27716,1.27708,1.27716,56
1779766680,1.27715,1.27716,1.27709,1.27715,55
1779766740,1.27716,1.27716,1.27711,1.27711,51
1779766800,1.27711,1.27717,1.2771,1.27717,41
1779766860,1.27716,1.27719,1.2771,1.27716,47
1779766920,1.27718,1.27721,1.27709,1.27721,50
1779766980,1.27721,1.27723,1.2771,1.27717,43
1779767040,1.27715,1.27715,1.27701,1.2771,72
1779767100,1.27703,1.27714,1.27703,1.27707,56
1779767160,1.27706,1.2771,1.27705,1.27708,33
1779767220,1.27709,1.27709,1.27703,1.27709,60
1779767280,1.2771,1.27712,1.2771,1.27711,11
1779767340,1.27712,1.27712,1.27708,1.27708,27
1779767400,1.27709,1.27711,1.27703,1.27703,65
1779767460,1.27703,1.27711,1.27703,1.2771,70
1779767520,1.27714,1.27714,1.27698,1.27704,60
1779767580,1.27705,1.27708,1.27701,1.27704,52
1779767640,1.27706,1.27714,1.277,1.27701,84
1779767700,1.27704,1.27715,1.27702,1.27709,46
1779767760,1.2771,1.27712,1.27701,1.27709,65
1779767820,1.27708,1.27709,1.27699,1.27705,71
1779767880,1.27704,1.27707,1.27699,1.27705,52
1779767940,1.27706,1.27707,1.27699,1.27701,53
1779768000,1.27701,1.27707,1.27701,1.27706,27
1779768060,1.27705,1.27709,1.27701,1.27702,31
1779768120,1.27702,1.27711,1.27702,1.2771,29
1779768180,1.27711,1.27716,1.27708,1.27712,51
1779768240,1.27705,1.27718,1.27704,1.27715,59
1779768300,1.27716,1.27723,1.27716,1.27719,57
1779768360,1.2772,1.27725,1.27715,1.27721,50
1779768420,1.27719,1.27719,1.27709,1.27717,26
1779768480,1.27716,1.27718,1.27715,1.27716,26
1779768540,1.27714,1.27715,1.27704,1.27713,31
1779768600,1.27713,1.27715,1.27707,1.27715,71
1779768660,1.27714,1.27714,1.27703,1.2771,46
1779768720,1.27709,1.2771,1.27706,1.2771,22
1779768780,1.27711,1.27711,1.27703,1.2771,47
1779768840,1.27709,1.27709,1.27698,1.27704,56
1779768900,1.27704,1.2771,1.27699,1.27703,55
1779768960,1.27703,1.27714,1.27699,1.27714,56
1779769020,1.27713,1.27714,1.27699,1.27699,38
1779769080,1.277,1.27707,1.277,1.27706,30
1779769140,1.27708,1.27708,1.27702,1.27708,25
1779769200,1.27707,1.27709,1.27699,1.27702,65
1779769260,1.27703,1.2771,1.27703,1.27704,69
1779769320,1.27705,1.27714,1.27703,1.27714,78
1779769380,1.27713,1.27713,1.27701,1.27707,44
1779769440,1.27706,1.27707,1.27705,1.27705,18
1779769500,1.27705,1.27718,1.27705,1.27718,53
1779769560,1.27716,1.27716,1.27709,1.27714,37
1779769620,1.27712,1.27714,1.27708,1.27708,27
1779769680,1.27708,1.27713,1.27708,1.27713,40
1779769740,1.27714,1.27718,1.27706,1.27718,42
1779769800,1.27719,1.27719,1.27711,1.27716,44
1779769860,1.27716,1.27724,1.27711,1.27713,62
1779769920,1.27714,1.27717,1.27708,1.27708,18
1779769980,1.27709,1.27714,1.27706,1.27707,33
1779770040,1.27708,1.27714,1.27708,1.27712,63
1779770100,1.27712,1.27716,1.27706,1.2771,55
1779770160,1.2771,1.27717,1.27703,1.27714,83
1779770220,1.27714,1.27719,1.27714,1.27718,23
1779770280,1.27717,1.27719,1.27712,1.27718,42
1779770340,1.27717,1.27718,1.27711,1.27713,55
1779770400,1.27715,1.2772,1.2771,1.27714,71
1779770460,1.27715,1.27723,1.27713,1.27717,52
1779770520,1.27717,1.27729,1.27717,1.27728,47
1779770580,1.27727,1.27731,1.27718,1.27724,54
1779770640,1.27725,1.27725,1.27712,1.27719,45
1779770700,1.2772,1.27727,1.27716,1.27724,54
1779770760,1.27726,1.2773,1.27721,1.27723,38
1779770820,1.27724,1.2773,1.27723,1.2773,63
1779770880,1.27731,1.27734,1.27723,1.27726,60
1779770940,1.27727,1.27733,1.27722,1.27728,67
1779771000,1.27727,1.27728,1.27716,1.27725,30
1779771060,1.27724,1.27728,1.2772,1.27728,49
1779771120,1.27727,1.27737,1.27726,1.27734,46
1779771180,1.27728,1.27735,1.27721,1.27727,62
1779771240,1.27726,1.27728,1.2772,1.27727,42
1779771300,1.27728,1.27735,1.27723,1.27725,73
1779771360,1.27725,1.27743,1.27725,1.27741,54
1779771420,1.27739,1.27742,1.27739,1.27741,25
1779771480,1.27742,1.27742,1.27728,1.27738,56
1779771540,1.27739,1.27754,1.27737,1.2775,91
1779771600,1.27748,1.27758,1.27746,1.2775,94
1779771660,1.2775,1.2776,1.27749,1.27757,55
1779771720,1.27757,1.27758,1.27747,1.27756,49
1779771780,1.27757,1.27759,1.27756,1.27758,29
1779771840,1.27757,1.27767,1.27757,1.27763,91
1779771900,1.2776,1.27763,1.27754,1.27759,61
1779771960,1.2776,1.27763,1.27757,1.27757,72
1779772020,1.27757,1.27768,1.27752,1.27759,86
1779772080,1.27758,1.27759,1.27754,1.27755,45
1779772140,1.27756,1.27759,1.27745,1.27754,38
1779772200,1.27755,1.27764,1.27748,1.27761,79
1779772260,1.27759,1.27762,1.27755,1.2776,47
1779772320,1.27759,1.27764,1.27757,1.27764,26
1779772380,1.27763,1.27768,1.27757,1.27761,37
1779772440,1.27762,1.27774,1.27757,1.27774,81
1779772500,1.27773,1.27775,1.27758,1.27764,41
1779772560,1.27763,1.27769,1.27761,1.27769,30
1779772620,1.27768,1.27769,1.27757,1.27769,52
1779772680,1.27768,1.27772,1.27764,1.27767,30
1779772740,1.2777,1.27777,1.27767,1.27773,38
1779772800,1.27774,1.27783,1.27774,1.27783,66
1779772860,1.2778,1.2778,1.27769,1.27775,52
1779772920,1.27777,1.27779,1.2777,1.27777,97
1779772980,1.27778,1.27779,1.27769,1.27774,39
1779773040,1.27778,1.27779,1.27767,1.27778,66
1779773100,1.27776,1.27776,1.27768,1.27773,49
1779773160,1.27773,1.27774,1.27765,1.27766,36
1779773220,1.27763,1.27771,1.27758,1.27769,72
1779773280,1.2777,1.27773,1.2776,1.27764,52
1779773340,1.27765,1.27767,1.27758,1.2776,45
1779773400,1.27761,1.27763,1.27751,1.27756,97
1779773460,1.27757,1.27762,1.27753,1.27759,85
1779773520,1.27758,1.27759,1.27754,1.27758,44
1779773580,1.27759,1.27763,1.27751,1.27763,64
1779773640,1.27766,1.27771,1.2776,1.27768,54
1779773700,1.27768,1.27771,1.27759,1.2777,37
1779773760,1.27766,1.27768,1.27759,1.27766,54
1779773820,1.27768,1.27769,1.27759,1.27768,81
1779773880,1.27769,1.27771,1.27758,1.27769,47
1779773940,1.27765,1.27771,1.27758,1.27771,41
1779774000,1.2777,1.27774,1.27763,1.27769,62
1779774060,1.27769,1.27777,1.27768,1.27774,83
1779774120,1.27775,1.27775,1.27774,1.27774,15
1779774180,1.27775,1.27775,1.27762,1.27769,40
1779774240,1.2777,1.27771,1.27765,1.27771,45
1779774300,1.2777,1.27772,1.27762,1.27762,78
1779774360,1.27761,1.27773,1.27759,1.27773,71
1779774420,1.27772,1.27775,1.27764,1.27772,76
1779774480,1.27771,1.27771,1.27759,1.27764,53
1779774540,1.27763,1.27767,1.27759,1.27759,59
1779774600,1.2776,1.27768,1.27759,1.27764,82
1779774660,1.27765,1.27769,1.27759,1.27762,97
1779774720,1.2776,1.27769,1.2776,1.27769,44
1779774780,1.27768,1.27773,1.27763,1.27771,74
1779774840,1.27768,1.27773,1.27764,1.27764,69
1779774900,1.2776,1.27776,1.27759,1.27776,84
1779774960,1.27777,1.27778,1.2777,1.27773,36
1779775020,1.27772,1.27773,1.27766,1.27773,55
1779775080,1.27774,1.27774,1.27759,1.27759,57
1779775140,1.2776,1.27768,1.2776,1.27768,38
1779775200,1.27763,1.27774,1.27763,1.27771,93
1779775260,1.27772,1.27772,1.2777,1.27771,23
1779775320,1.27772,1.27774,1.27764,1.27767,47
1779775380,1.27766,1.27774,1.27763,1.27774,53
1779775440,1.27775,1.27781,1.27775,1.2778,33
1779775500,1.27773,1.27779,1.27773,1.27776,58
1779775560,1.27775,1.27781,1.27775,1.2778,58
1779775620,1.27781,1.27781,1.27762,1.27762,57
1779775680,1.27763,1.27772,1.27763,1.27768,41
1779775740,1.27766,1.27771,1.27764,1.27764,46
1779775800,1.27766,1.27768,1.27761,1.27761,58
1779775860,1.2776,1.27761,1.27754,1.27754,48
1779775920,1.27756,1.27765,1.27756,1.27759,42
1779775980,1.27758,1.27758,1.27751,1.27751,38
1779776040,1.27748,1.27749,1.27748,1.27749,9
1779776100,1.27752,1.27756,1.2775,1.27754,44
1779776160,1.27755,1.27755,1.2775,1.27752,42
1779776220,1.27751,1.27755,1.27751,1.27754,12
1779776280,1.27753,1.27757,1.27751,1.27755,40
1779776340,1.27754,1.27756,1.27751,1.27753,30
1779776400,1.27754,1.27755,1.27752,1.27754,32
1779776460,1.27752,1.27754,1.27751,1.27752,28
1779776520,1.27751,1.27751,1.27746,1.27748,26
1779776580,1.27751,1.27751,1.2774,1.27742,42
1779776640,1.27743,1.27743,1.2773,1.27732,49
1779776700,1.27731,1.27731,1.27712,1.27713,70
1779776760,1.27714,1.27716,1.27711,1.27711,54
1779776820,1.27712,1.27719,1.27711,1.27713,52
1779776880,1.27714,1.27747,1.27712,1.27739,82
1779776940,1.27743,1.27745,1.27727,1.27736,88
1779777000,1.27737,1.27738,1.27723,1.27724,82
1779777060,1.27726,1.27736,1.27725,1.27733,64
1779777120,1.27734,1.27744,1.27733,1.27739,48
1779777180,1.27737,1.27737,1.27727,1.27731,56
1779777240,1.27732,1.27734,1.27729,1.27733,46
1779777300,1.27731,1.27731,1.27726,1.2773,46
1779777360,1.27728,1.27729,1.2772,1.2772,26
1779777420,1.2772,1.27722,1.2771,1.27715,37
1779777480,1.27713,1.27719,1.27712,1.27718,69
1779777540,1.27717,1.27717,1.27711,1.27713,18
1779777600,1.27714,1.27722,1.27714,1.27716,44
1779777660,1.27715,1.2772,1.27713,1.27719,31
1779777720,1.2772,1.27726,1.27717,1.27723,56
1779777780,1.27722,1.27728,1.2772,1.2772,42
1779777840,1.27721,1.27721,1.27711,1.27711,32
1779777900,1.2771,1.2772,1.2771,1.27717,31
1779777960,1.27718,1.2772,1.27715,1.27716,35
1779778020,1.27715,1.27721,1.27715,1.27719,30
1779778080,1.2772,1.2772,1.27711,1.27711,30
1779778140,1.27713,1.27721,1.27712,1.27712,33
1779778200,1.27713,1.27713,1.27703,1.27706,30
1779778260,1.27707,1.27708,1.27693,1.27699,45
1779778320,1.27698,1.27712,1.27697,1.2771,67
1779778380,1.27709,1.2771,1.27707,1.27709,27
1779778440,1.2771,1.27712,1.27704,1.27708,38
1779778500,1.27706,1.27712,1.27704,1.2771,47
1779778560,1.27708,1.27712,1.27707,1.2771,42
1779778620,1.27709,1.27731,1.27709,1.27731,62
1779778680,1.27732,1.27734,1.2773,1.27734,30
1779778740,1.27735,1.2774,1.27732,1.27732,49
1779778800,1.27728,1.27736,1.27728,1.27733,70
1779778860,1.2773,1.27732,1.27725,1.2773,56
1779778920,1.27726,1.27731,1.2772,1.2773,66
1779783240,1.27765,1.2777,1.27765,1.2777,20
1779783300,1.27765,1.27766,1.2776,1.27765,58
1779783360,1.27764,1.27765,1.27762,1.27765,36
1779783420,1.27767,1.27768,1.27756,1.27757,38
1779783480,1.27756,1.27757,1.2775,1.27751,92
1779783540,1.2775,1.27757,1.27748,1.27752,75
1779783600,1.2775,1.27755,1.2775,1.27754,31
1779783660,1.27753,1.27753,1.27748,1.27749,50
1779783720,1.27748,1.27754,1.27748,1.2775,30
1779783780,1.27747,1.27747,1.27743,1.27746,32
1779783840,1.27744,1.27746,1.27742,1.27745,20
1779783900,1.27746,1.27749,1.27744,1.27745,28
1779783960,1.27746,1.27756,1.27745,1.27755,44
1779784020,1.27756,1.27763,1.27756,1.27762,42
1779784080,1.27761,1.27765,1.27759,1.27759,66
1779784140,1.27757,1.2776,1.2775,1.27751,91
1779784200,1.27752,1.27763,1.27752,1.2776,68
1779784260,1.27758,1.27759,1.27751,1.27754,41
1779784320,1.27753,1.27758,1.27752,1.27756,60
1779784380,1.27757,1.27761,1.27753,1.2776,56
1779784440,1.27759,1.2777,1.27759,1.27762,69
1779784500,1.27763,1.27774,1.27761,1.27774,64
1779784560,1.27773,1.2778,1.27769,1.27775,66
1779784620,1.27776,1.2778,1.2777,1.27771,52
1779784680,1.2777,1.27774,1.2777,1.27773,36
1779784740,1.27774,1.27784,1.27773,1.27784,44
1779784800,1.27782,1.27788,1.27782,1.27787,55
1779784860,1.27786,1.27788,1.27782,1.27787,42
1779784920,1.27784,1.27787,1.27781,1.27784,36
1779784980,1.27782,1.27792,1.27782,1.27791,54
1779785040,1.27792,1.27793,1.2779,1.27792,27
1779785100,1.27793,1.27801,1.27792,1.27798,47
1779785160,1.27799,1.27801,1.27795,1.27799,62
1779785220,1.27798,1.278,1.27798,1.27799,31
1779785280,1.278,1.27802,1.27795,1.27796,40
1779785340,1.27795,1.27795,1.27793,1.27795,33
1779785400,1.27796,1.27797,1.2779,1.2779,26
1779785460,1.27788,1.27789,1.27783,1.27787,51
1779785520,1.27786,1.27791,1.27781,1.2779,52
1779785580,1.27789,1.27791,1.27781,1.27789,65
1779785640,1.27788,1.27789,1.27786,1.27787,65
1779785700,1.27785,1.27789,1.27782,1.27789,32
1779785760,1.27788,1.27793,1.27788,1.27792,29
1779785820,1.27793,1.27802,1.27793,1.27799,42
1779785880,1.27797,1.27806,1.27797,1.27805,60
1779785940,1.27806,1.27806,1.27796,1.278,50
1779786000,1.27798,1.27811,1.27798,1.27809,95
1779786060,1.2781,1.27811,1.27801,1.27802,81
1779786120,1.27801,1.27811,1.27801,1.27811,78
1779786180,1.27812,1.2782,1.27811,1.2782,40
1779786240,1.27817,1.27821,1.27815,1.27815,50
1779786300,1.27814,1.27823,1.27811,1.27812,64
1779786360,1.27813,1.27818,1.27809,1.2781,54
1779786420,1.27809,1.27822,1.27808,1.27822,60
1779786480,1.27821,1.27821,1.27814,1.27814,66
1779786540,1.27813,1.27815,1.2781,1.27811,58
1779786600,1.27813,1.27814,1.27805,1.27805,33
1779786660,1.27805,1.27808,1.27802,1.27802,30
1779786720,1.27802,1.27804,1.27799,1.278,62
1779786780,1.27802,1.27804,1.27796,1.27804,57
1779786840,1.27805,1.27807,1.27803,1.27807,35
1779786900,1.27809,1.27812,1.27809,1.2781,18
1779786960,1.27808,1.27813,1.27803,1.27803,62
1779787020,1.278,1.27803,1.27786,1.278,93
1779787080,1.27801,1.27802,1.27793,1.27797,72
1779787140,1.278,1.27801,1.2779,1.27796,58
1779787200,1.27795,1.27796,1.27789,1.27795,66
1779787260,1.27796,1.27796,1.2779,1.27792,46
1779787320,1.27793,1.27802,1.27793,1.278,56
1779787380,1.27802,1.27812,1.27802,1.27804,57
1779787440,1.27803,1.27804,1.27795,1.278,47
1779787500,1.27803,1.27805,1.27798,1.278,45
1779787560,1.27801,1.27802,1.27794,1.27795,40
1779787620,1.27794,1.27795,1.27791,1.27791,39
1779787680,1.27793,1.27797,1.27791,1.27791,46
1779787740,1.27792,1.27793,1.2778,1.27782,44
1779787800,1.27781,1.27793,1.2778,1.2779,54
1779787860,1.27791,1.27791,1.2778,1.2778,53
1779787920,1.27781,1.27789,1.27781,1.27785,54
1779787980,1.27784,1.27784,1.27779,1.2778,18
1779788040,1.27774,1.27778,1.27772,1.27773,58
1779788100,1.27774,1.27784,1.27772,1.27784,49
1779788160,1.27785,1.27785,1.2778,1.27782,63
1779788220,1.27781,1.27791,1.27781,1.2779,32
1779788280,1.27788,1.27793,1.27787,1.27792,31
1779788340,1.27791,1.27793,1.27788,1.27788,35
1779788400,1.27786,1.2779,1.27781,1.2779,38
1779788460,1.27791,1.27794,1.27788,1.2779,50
1779788520,1.27791,1.27795,1.2779,1.27791,42
1779788580,1.27792,1.27793,1.27791,1.27791,22
1779788640,1.27792,1.27802,1.27792,1.27801,48
1779788700,1.27802,1.27802,1.27799,1.278,42
1779788760,1.27801,1.27801,1.27792,1.27794,28
1779788820,1.27795,1.27796,1.27793,1.27794,40
1779788880,1.27793,1.27794,1.27791,1.27791,18
1779788940,1.27792,1.27792,1.27782,1.27782,48
1779789000,1.2778,1.27791,1.2778,1.2779,70
1779789060,1.27791,1.27795,1.2779,1.2779,48
1779789120,1.27791,1.27794,1.2779,1.27793,38
1779789180,1.27792,1.27795,1.27791,1.27795,33
1779789240,1.27794,1.27799,1.27787,1.27787,48
1779789300,1.27783,1.27783,1.27775,1.27775,60
1779789360,1.27776,1.27777,1.27772,1.27772,53
1779789420,1.27773,1.27775,1.27767,1.27772,44
1779789480,1.27771,1.27774,1.27771,1.27773,26
1779789540,1.27771,1.27772,1.27768,1.27772,51
1779789600,1.27771,1.27775,1.27768,1.27772,63
1779789660,1.27773,1.27781,1.27773,1.27775,50
1779789720,1.27774,1.2778,1.27774,1.2778,37
1779789780,1.27781,1.27784,1.27776,1.27783,25
1779789840,1.27784,1.27791,1.27783,1.27791,85
1779789900,1.27788,1.27795,1.27788,1.2779,46
1779789960,1.27789,1.27791,1.27785,1.27786,36
1779790020,1.27785,1.27787,1.27779,1.27779,50
1779790080,1.27778,1.27779,1.27774,1.27777,70
1779790140,1.27776,1.27778,1.27774,1.27776,49
1779790200,1.27777,1.2778,1.2777,1.27771,50
1779790260,1.27774,1.27776,1.27766,1.27768,40
1779790320,1.2777,1.27771,1.27763,1.27764,48
1779790380,1.27763,1.2777,1.27763,1.27769,29
1779790440,1.27768,1.27773,1.27766,1.27767,54
1779790500,1.2777,1.2777,1.27764,1.27767,28
1779790560,1.27768,1.27769,1.27767,1.27768,32
1779790620,1.27769,1.27774,1.27767,1.27773,54
1779790680,1.27774,1.27777,1.27766,1.27767,40
1779790740,1.27768,1.27772,1.27766,1.27769,36
1779790800,1.27768,1.27777,1.27767,1.27776,52
1779790860,1.27777,1.27779,1.27773,1.27778,31
1779790920,1.2778,1.27781,1.27771,1.27771,47
1779790980,1.27772,1.27773,1.27771,1.27772,9
1779791040,1.2777,1.2778,1.27769,1.27779,64
1779791100,1.2778,1.27781,1.27776,1.27781,25
1779791160,1.2778,1.27781,1.2778,1.27781,19
1779791220,1.27778,1.27778,1.27773,1.27773,28
1779791280,1.27777,1.27777,1.27762,1.27762,112
1779791340,1.27763,1.2777,1.27761,1.27763,78
1779791400,1.27762,1.27763,1.27741,1.27744,132
1779791460,1.27743,1.27753,1.27742,1.2775,74
1779791520,1.27751,1.27752,1.27746,1.2775,70
1779791580,1.27748,1.27752,1.2774,1.27744,52
1779791640,1.27743,1.27743,1.27732,1.27734,64
1779791700,1.27735,1.27742,1.27729,1.2774,68
1779791760,1.27739,1.27743,1.27735,1.27741,70
1779791820,1.27742,1.27753,1.27742,1.2775,54
1779791880,1.27749,1.27753,1.27746,1.27752,56
1779791940,1.27753,1.27755,1.27752,1.27752,52
1779792000,1.27751,1.27755,1.27745,1.27749,40
1779792060,1.27751,1.27752,1.27748,1.27752,64
1779792120,1.27751,1.27761,1.27749,1.27758,61
1779792180,1.27757,1.27757,1.27749,1.27754,38
1779792240,1.27753,1.27753,1.27741,1.27741,50
1779792300,1.27743,1.27746,1.27741,1.27744,35
1779792360,1.27745,1.2775,1.27745,1.2775,17
1779792420,1.27748,1.27756,1.27745,1.27746,60
1779792480,1.27745,1.27747,1.2774,1.27742,57
1779792540,1.27743,1.27745,1.27733,1.27733,33
1779792600,1.27732,1.27734,1.2773,1.27731,37
1779792660,1.2773,1.27732,1.27729,1.27731,66
1779792720,1.27732,1.27733,1.27722,1.27722,52
1779792780,1.27721,1.27724,1.27718,1.27719,38
1779792840,1.27721,1.27725,1.27721,1.27725,42
1779792900,1.27724,1.27733,1.27719,1.27732,63
1779792960,1.27729,1.27736,1.27729,1.27735,59
1779793020,1.27732,1.27736,1.27728,1.27735,58
1779793080,1.27734,1.27734,1.27727,1.27727,42
1779793140,1.27728,1.27734,1.27727,1.27734,40
1779793200,1.27733,1.27734,1.27727,1.27733,76
1779793260,1.27736,1.27737,1.27729,1.27736,67
1779793320,1.27735,1.27736,1.27732,1.27735,43
1779793380,1.27734,1.27738,1.27727,1.27727,46
1779793440,1.27728,1.27739,1.27728,1.27732,22
1779793500,1.27731,1.27734,1.27727,1.27731,56
1779793560,1.27729,1.2773,1.27723,1.27725,25
1779793620,1.27726,1.27726,1.27724,1.27724,36
1779793680,1.27725,1.27725,1.27721,1.27722,41
1779793740,1.27723,1.27723,1.27715,1.2772,35
1779793800,1.27721,1.27721,1.27712,1.27712,44
1779793860,1.27711,1.27718,1.27711,1.27717,44
1779793920,1.27718,1.27719,1.27715,1.27716,46
1779793980,1.27717,1.27721,1.27716,1.27718,22
1779794040,1.27722,1.27725,1.27721,1.27725,30
1779794100,1.27726,1.2773,1.27723,1.27726,56
1779794160,1.27727,1.27733,1.27719,1.27719,41
1779794220,1.2772,1.27723,1.27713,1.27715,51
1779794280,1.27716,1.27723,1.27715,1.27719,42
1779794340,1.2772,1.27723,1.27715,1.27718,61
1779794400,1.27718,1.27724,1.27716,1.27723,51
1779794460,1.27723,1.27727,1.27723,1.27725,46
1779794520,1.27726,1.27727,1.27724,1.27725,37
1779794580,1.27724,1.27726,1.27724,1.27725,28
1779794640,1.27726,1.27726,1.27721,1.27724,52
1779794700,1.27723,1.27733,1.27721,1.27726,67
1779794760,1.27725,1.27733,1.27725,1.27732,34
1779794820,1.27733,1.27736,1.27731,1.27734,63
1779794880,1.27735,1.27736,1.27732,1.27735,39
1779794940,1.27732,1.27735,1.27732,1.27734,38
1779795000,1.27733,1.27739,1.27733,1.27735,26
1779795060,1.27732,1.27735,1.2773,1.27733,29
1779795120,1.27734,1.27734,1.27721,1.27722,55
1779795180,1.27723,1.27724,1.27719,1.27724,30
1779795240,1.27725,1.27754,1.27725,1.27747,126
1779795300,1.27746,1.27772,1.27739,1.27772,130
1779795360,1.27774,1.27778,1.27759,1.27761,130
1779795420,1.27763,1.2777,1.27752,1.27753,62
1779795480,1.27752,1.27759,1.27748,1.27759,70
1779795540,1.27758,1.27759,1.27756,1.27759,38
1779795600,1.2776,1.2777,1.27758,1.2777,40
1779795660,1.27769,1.2777,1.27766,1.2777,28
1779795720,1.27771,1.27776,1.2777,1.27773,68
1779795780,1.27775,1.27778,1.27768,1.2777,52
1779795840,1.27768,1.27774,1.27766,1.27774,41
1779795900,1.27775,1.2778,1.27771,1.2778,76
1779795960,1.27781,1.27781,1.27771,1.27773,60
1779796020,1.27772,1.27775,1.27771,1.27773,38
1779796080,1.27772,1.27777,1.27769,1.27775,64
1779796140,1.27776,1.27778,1.27772,1.27778,61
1779796200,1.27778,1.27781,1.27769,1.27775,58
1779796260,1.27773,1.27773,1.27768,1.27773,37
1779796320,1.27775,1.27782,1.27773,1.27775,64
1779796380,1.27774,1.27779,1.27772,1.27774,39
1779796440,1.27778,1.27782,1.27774,1.27775,68
1779796500,1.27776,1.27782,1.27775,1.27775,60
1779796560,1.27774,1.27782,1.27771,1.27771,65
1779796620,1.27772,1.27782,1.27772,1.2778,52
1779796680,1.27781,1.27782,1.27777,1.27782,74
1779796740,1.27783,1.27783,1.27781,1.27782,32
1779796800,1.27783,1.2779,1.27778,1.27785,81
1779796860,1.27786,1.27787,1.27775,1.27777,63
1779796920,1.27776,1.2778,1.27773,1.27776,60
1779796980,1.27777,1.27778,1.27775,1.27776,33
1779797040,1.27777,1.2778,1.27777,1.27778,50
1779797100,1.27777,1.27779,1.27771,1.27779,68
1779797160,1.27778,1.2778,1.27769,1.27777,64
1779797220,1.27778,1.27781,1.27774,1.27777,40
1779797280,1.27777,1.27798,1.27777,1.27794,88
1779797340,1.27795,1.27796,1.2777,1.27778,132
1779797400,1.27779,1.2779,1.27778,1.27778,54
1779797460,1.27777,1.2778,1.27772,1.27774,50
1779797520,1.27772,1.27773,1.27768,1.2777,50
1779797580,1.27771,1.27771,1.27764,1.27768,42
1779797640,1.27766,1.27778,1.27764,1.27775,59
1779797700,1.27778,1.27781,1.27773,1.27775,62
1779797760,1.27774,1.2778,1.27768,1.2778,59
1779797820,1.27779,1.27782,1.27776,1.2778,47
1779797880,1.27781,1.27788,1.2778,1.27783,60
1779797940,1.27782,1.27782,1.27777,1.27781,50
1779798000,1.2778,1.27783,1.27776,1.27782,63
1779798060,1.2778,1.27782,1.27774,1.27774,43
1779798120,1.27773,1.27787,1.27772,1.27782,63
1779798180,1.2778,1.27791,1.2778,1.27787,57
1779798240,1.27786,1.27787,1.27782,1.27784,56
1779798300,1.27785,1.27792,1.27781,1.27782,58
1779798360,1.27783,1.27786,1.27782,1.27783,44
1779798420,1.27784,1.27784,1.27778,1.27778,24
1779798480,1.27779,1.27782,1.27775,1.27777,36
1779798540,1.27776,1.27776,1.27773,1.27773,28
1779798600,1.27774,1.27779,1.27773,1.27778,34
1779798660,1.27779,1.2778,1.27777,1.27777,22
1779798720,1.27778,1.27783,1.27773,1.27775,52
1779798780,1.27776,1.27781,1.27773,1.27774,42
1779798840,1.27772,1.27774,1.27763,1.27763,56
1779798900,1.27764,1.27774,1.27764,1.27768,72
1779798960,1.27769,1.27773,1.27768,1.27771,53
1779799020,1.27772,1.27781,1.27772,1.27779,62
1779799080,1.27778,1.27783,1.27774,1.27781,43
1779799140,1.27782,1.27782,1.27778,1.27781,43
1779799200,1.27782,1.27782,1.27766,1.2777,53
1779799260,1.27771,1.27772,1.27766,1.27767,45
1779799320,1.27768,1.27771,1.27759,1.27764,85
1779799380,1.27761,1.27765,1.27758,1.27763,87
1779799440,1.27764,1.27778,1.27762,1.27774,86
1779799500,1.27775,1.27778,1.27768,1.27769,82
1779799560,1.27768,1.27775,1.27768,1.2777,45
1779799620,1.27771,1.2778,1.27769,1.27778,82
1779799680,1.27779,1.27779,1.27775,1.27775,51
1779799740,1.27776,1.27776,1.27762,1.27764,86
1779799800,1.27763,1.27766,1.27759,1.27766,88
1779799860,1.27765,1.27767,1.27761,1.27764,62
1779799920,1.27765,1.2777,1.27762,1.27766,71
1779799980,1.27765,1.27767,1.27761,1.27763,72
1779800040,1.27762,1.2777,1.27762,1.27768,88
1779800100,1.27767,1.27771,1.27761,1.2777,70
1779800160,1.27769,1.27769,1.27763,1.27766,54
1779800220,1.27767,1.27769,1.27763,1.27769,50
1779800280,1.27768,1.27772,1.27762,1.27764,46
1779800340,1.27765,1.27772,1.27765,1.27772,41
1779800400,1.27773,1.27774,1.27771,1.27773,41
1779800460,1.27774,1.27777,1.27771,1.27774,40
1779800520,1.27775,1.27775,1.2776,1.27766,79
1779800580,1.27767,1.27775,1.27762,1.27775,54
1779800640,1.27773,1.27778,1.27769,1.27772,56
1779800700,1.27771,1.27781,1.27771,1.27781,74
1779800760,1.27778,1.27782,1.27772,1.27774,52
1779800820,1.27776,1.27782,1.27773,1.27778,55
1779800880,1.27779,1.27785,1.27779,1.27783,51
1779800940,1.27784,1.27787,1.27779,1.2778,63
1779801000,1.27781,1.27784,1.27774,1.27778,70
1779801060,1.2778,1.27789,1.2778,1.2778,68
1779801120,1.27781,1.27789,1.27781,1.27788,84
1779801180,1.27787,1.27791,1.27785,1.27788,48
1779801240,1.27789,1.27789,1.27781,1.27783,76
1779801300,1.27782,1.27784,1.27774,1.27776,80
1779801360,1.27777,1.27781,1.27776,1.27777,58
1779801420,1.27776,1.2778,1.27775,1.27777,50
1779801480,1.27774,1.27782,1.27773,1.27781,76
1779801540,1.2778,1.27787,1.2778,1.27785,61
1779801600,1.27786,1.27787,1.27781,1.27781,98
1779801660,1.27782,1.27782,1.27764,1.27769,98
1779801720,1.2777,1.27773,1.27767,1.2777,64
1779801780,1.27768,1.27769,1.27762,1.27764,50
1779801840,1.27766,1.27768,1.27764,1.27767,39
1779801900,1.27766,1.27768,1.27764,1.27768,56
1779801960,1.27769,1.27776,1.27768,1.27774,38
1779802020,1.27771,1.27776,1.27769,1.27769,38
1779802080,1.27771,1.27786,1.2777,1.27786,55
1779802140,1.27787,1.27792,1.27785,1.27791,50
1779802200,1.27789,1.27789,1.27768,1.27773,119
1779802260,1.27775,1.27781,1.27772,1.2778,120
1779802320,1.27778,1.27785,1.27778,1.27784,98
1779802380,1.27782,1.27785,1.27779,1.27784,88
1779802440,1.27783,1.27788,1.27778,1.27786,94
1779802500,1.27787,1.2779,1.27784,1.27786,76
1779802560,1.27787,1.27788,1.27771,1.27775,96
1779802620,1.27774,1.27775,1.27759,1.27763,102
1779802680,1.2776,1.27768,1.27756,1.27765,94
1779802740,1.27766,1.27769,1.27766,1.27768,46
1779802800,1.27768,1.27772,1.27764,1.27766,80
1779802860,1.27765,1.27765,1.27758,1.2776,72
1779802920,1.27759,1.27768,1.27759,1.2776,82
1779802980,1.27761,1.27762,1.27747,1.2775,72
1779803040,1.27749,1.27758,1.27745,1.27757,102
1779803100,1.27755,1.27755,1.27748,1.2775,72
1779803160,1.27751,1.27752,1.27738,1.27739,90
1779803220,1.27738,1.27738,1.27734,1.27737,72
1779803280,1.27736,1.27744,1.27732,1.27743,76
1779803340,1.27744,1.27744,1.27736,1.27741,76
1779803400,1.2774,1.27767,1.2774,1.27765,102
1779803460,1.27764,1.27779,1.27764,1.27772,154
1779803520,1.27773,1.27778,1.27757,1.2776,106
1779803580,1.27763,1.27807,1.27763,1.27798,174
1779803640,1.27797,1.278,1.2778,1.2778,136
1779803700,1.27779,1.27782,1.27768,1.27769,122
1779803760,1.2777,1.27771,1.27762,1.27762,60
1779803820,1.27764,1.2777,1.27758,1.27763,64
1779803880,1.27762,1.27768,1.2776,1.2776,44
1779803940,1.27762,1.27763,1.27703,1.27703,36
1779804000,1.27648,1.27786,1.27641,1.27776,62
1779804060,1.27767,1.27767,1.27744,1.27745,64
1779804120,1.27744,1.27745,1.27735,1.27745,46
1779804180,1.27741,1.27742,1.2773,1.27734,86
1779804240,1.27731,1.27741,1.27731,1.27735,38
1779804300,1.27741,1.2775,1.27741,1.27745,74
1779804360,1.27744,1.27747,1.27741,1.27742,77
1779804420,1.27741,1.27742,1.27731,1.27738,82
1779804480,1.27739,1.27749,1.27737,1.27745,103
1779804540,1.27746,1.27749,1.27743,1.27743,79
1779804600,1.27744,1.27749,1.27736,1.2774,102
1779804660,1.27739,1.27749,1.27739,1.27745,86
1779804720,1.27747,1.27754,1.27743,1.27754,67
1779804780,1.27753,1.27756,1.27748,1.27755,92
1779804840,1.27754,1.27756,1.27744,1.27744,76
1779804900,1.27743,1.27751,1.27742,1.27751,81
1779804960,1.2775,1.27754,1.27745,1.27753,76
1779805020,1.27755,1.27756,1.27748,1.27752,80
1779805080,1.27753,1.27753,1.27744,1.27746,77
1779805140,1.27747,1.27754,1.27744,1.27747,80
1779805200,1.27748,1.27752,1.27746,1.27751,96
1779805260,1.2775,1.27752,1.27744,1.27745,74
1779805320,1.27744,1.27744,1.2773,1.27735,52
1779805380,1.27736,1.27745,1.27733,1.27743,65
1779805440,1.27741,1.27743,1.27733,1.27741,62
1779805500,1.2774,1.2774,1.27733,1.27738,86
1779805560,1.27741,1.27749,1.27738,1.27747,78
1779805620,1.27748,1.27755,1.27743,1.27751,73
1779805680,1.2775,1.27756,1.27746,1.2775,79
1779805740,1.27749,1.27753,1.27744,1.27744,86
1779805800,1.27746,1.27747,1.27742,1.27746,72
1779805860,1.27748,1.2775,1.27744,1.27745,58
1779805920,1.27744,1.27751,1.2774,1.27745,61
1779805980,1.27746,1.27754,1.27742,1.27747,99
1779806040,1.27748,1.27748,1.27736,1.27737,84
1779806100,1.27735,1.27735,1.27713,1.27714,86
1779806160,1.27716,1.27729,1.27713,1.27728,100
1779806220,1.27727,1.27733,1.27721,1.27725,68
1779806280,1.27726,1.27732,1.27726,1.27728,83
1779806340,1.27727,1.27734,1.27724,1.27734,110
1779806400,1.27733,1.27733,1.27718,1.2772,55
1779806460,1.27719,1.27726,1.27716,1.27722,77
1779806520,1.27723,1.27725,1.27716,1.27721,87
1779806580,1.27722,1.27734,1.27722,1.2773,91
1779806640,1.27731,1.27741,1.27729,1.27729,80
1779806700,1.27731,1.27735,1.27723,1.27723,53
1779806760,1.27725,1.27734,1.27725,1.27726,73
1779806820,1.27727,1.27727,1.27718,1.27725,74
1779806880,1.27727,1.27734,1.27721,1.27723,83
1779806940,1.27722,1.27726,1.2772,1.27726,49
1779807000,1.27726,1.27734,1.27724,1.27733,52
1779807060,1.27732,1.27733,1.27728,1.27731,73
1779807120,1.2773,1.27736,1.27727,1.27734,62
1779807180,1.27735,1.2774,1.27733,1.2774,61
1779807240,1.27739,1.27746,1.27738,1.27745,56
1779807300,1.27746,1.27754,1.27744,1.27753,70
1779807360,1.27754,1.27759,1.2775,1.27758,77
1779807420,1.27755,1.27766,1.27755,1.27763,71
1779807480,1.27762,1.27766,1.2776,1.27761,65
1779807540,1.2776,1.27766,1.2776,1.27764,48
1779807600,1.27765,1.2778,1.27765,1.27778,74
1779807660,1.27776,1.27782,1.27774,1.2778,76
1779807720,1.27779,1.27791,1.27777,1.27784,90
1779807780,1.27785,1.2779,1.27779,1.2778,127
1779807840,1.27781,1.27784,1.27779,1.2778,58
1779807900,1.2778,1.27784,1.27769,1.27774,70
1779807960,1.27775,1.27782,1.27775,1.2778,94
1779808020,1.27778,1.27785,1.27777,1.27784,105
1779808080,1.27783,1.2779,1.27782,1.27788,63
1779808140,1.27787,1.27795,1.27787,1.27791,80
1779808200,1.2779,1.27792,1.27782,1.27791,83
1779808260,1.2779,1.2779,1.27781,1.27781,81
1779808320,1.2778,1.27781,1.2777,1.2777,66
1779808380,1.27769,1.2778,1.27766,1.27767,80
1779808440,1.27768,1.27777,1.27764,1.27776,83
1779808500,1.27777,1.27782,1.27775,1.27782,79
1779808560,1.27783,1.27792,1.27782,1.2779,43
1779808620,1.27791,1.27806,1.2779,1.27804,91
1779808680,1.27803,1.27805,1.27794,1.27797,93
1779808740,1.27797,1.27806,1.27792,1.27802,98
1779808800,1.27801,1.27812,1.27799,1.2781,68
1779808860,1.27808,1.27811,1.27805,1.27806,63
1779808920,1.27807,1.27811,1.27807,1.27811,44
1779808980,1.2781,1.27817,1.2781,1.27815,52
1779809040,1.27816,1.2782,1.27813,1.27816,77
1779809100,1.27817,1.27821,1.27814,1.27815,96
1779809160,1.27816,1.27816,1.27802,1.27807,84
1779809220,1.27808,1.2782,1.27806,1.27815,60
1779809280,1.27816,1.27816,1.27793,1.27802,98
1779809340,1.27801,1.27811,1.278,1.2781,49
1779809400,1.27808,1.27808,1.2779,1.27793,132
1779809460,1.27794,1.27807,1.27792,1.27807,86
1779809520,1.27809,1.27811,1.27799,1.27803,90
1779809580,1.27802,1.27805,1.278,1.27802,72
1779809640,1.27801,1.27808,1.27801,1.27803,80
1779809700,1.27805,1.27811,1.278,1.27804,86
1779809760,1.27803,1.27823,1.27802,1.27823,67
1779809820,1.27824,1.2783,1.27818,1.27821,116
1779809880,1.2782,1.27823,1.27817,1.27817,64
1779809940,1.27816,1.27821,1.27809,1.27809,63
1779810000,1.27808,1.27821,1.27807,1.27816,78
1779810060,1.27815,1.27816,1.27808,1.2781,58
1779810120,1.27809,1.27809,1.27798,1.27801,78
1779810180,1.27802,1.27807,1.27802,1.27803,94
1779810240,1.27804,1.2781,1.27802,1.27808,83
1779810300,1.27807,1.27815,1.27799,1.27801,89
1779810360,1.27802,1.27808,1.27801,1.27805,70
1779810420,1.27806,1.2781,1.27803,1.27809,68
1779810480,1.27807,1.27812,1.27803,1.27804,95
1779810540,1.27803,1.2781,1.27801,1.27804,79
1779810600,1.27803,1.27807,1.27799,1.27801,86
1779810660,1.27802,1.27804,1.278,1.27802,61
1779810720,1.27801,1.27806,1.27798,1.27804,79
1779810780,1.27806,1.27807,1.27802,1.27805,46
1779810840,1.27804,1.27811,1.27802,1.27803,82
1779810900,1.27805,1.27806,1.27799,1.27806,80
1779810960,1.27805,1.27813,1.27804,1.27812,100
1779811020,1.27811,1.27813,1.27805,1.27805,102
1779811080,1.27807,1.27813,1.27805,1.2781,67
1779811140,1.27811,1.27813,1.27807,1.27809,66
1779811200,1.27804,1.27804,1.27797,1.27802,74
1779811260,1.278,1.27803,1.27791,1.27792,50
1779811320,1.27791,1.27799,1.27787,1.27796,68
1779811380,1.27795,1.27797,1.27789,1.27793,70
1779811440,1.27792,1.27793,1.27787,1.27788,36
1779811500,1.27787,1.27787,1.27782,1.27783,26
1779811560,1.27781,1.2779,1.2778,1.27789,32
1779811620,1.27784,1.27789,1.27784,1.27789,26
1779811680,1.27785,1.27789,1.27784,1.27785,48
1779811740,1.27784,1.27788,1.27784,1.27786,50
1779811800,1.27785,1.2779,1.2778,1.27784,68
1779811860,1.27783,1.27783,1.27774,1.27775,38
1779811920,1.27777,1.27781,1.27777,1.27778,22
1779811980,1.27777,1.27779,1.27774,1.27779,48
1779812040,1.27778,1.27779,1.27776,1.27778,28
1779812100,1.27775,1.27778,1.27763,1.2777,49
1779812160,1.27769,1.2777,1.27767,1.27768,41
1779812220,1.27767,1.27774,1.27767,1.27769,45
1779812280,1.2777,1.27773,1.27758,1.27759,40
1779812340,1.27762,1.27762,1.27745,1.27747,70
1779812400,1.27746,1.27749,1.27743,1.27743,59
1779812460,1.27744,1.27755,1.27744,1.27755,57
1779812520,1.27754,1.27754,1.27746,1.2775,46
1779812580,1.27749,1.27751,1.27745,1.27751,41
1779812640,1.2775,1.27754,1.2775,1.27754,35
1779812700,1.27756,1.27771,1.27753,1.2777,70
1779812760,1.27771,1.27771,1.27762,1.27764,18
1779812820,1.27764,1.2777,1.27764,1.2777,18
1779812880,1.27771,1.27771,1.27763,1.27765,29
1779812940,1.27766,1.27766,1.27762,1.27766,26
1779813000,1.27765,1.27765,1.27753,1.27755,36
1779813060,1.27756,1.27757,1.27754,1.27757,48
1779813120,1.27753,1.27754,1.2775,1.27753,29
1779813180,1.27752,1.27757,1.27741,1.27751,80
1779813240,1.27749,1.27751,1.27742,1.27748,82
1779813300,1.27747,1.27751,1.27743,1.27747,50
1779813360,1.27748,1.27762,1.27748,1.27762,38
1779813420,1.27763,1.27764,1.2776,1.27761,28
1779813480,1.27762,1.27763,1.27759,1.2776,27
1779813540,1.27761,1.27769,1.27761,1.27769,27
1779813600,1.27769,1.27771,1.27762,1.27771,85
1779813660,1.27772,1.27774,1.27769,1.27773,47
1779813720,1.27772,1.27774,1.27768,1.2777,43
1779813780,1.27771,1.27773,1.27766,1.27766,55
1779813840,1.27764,1.2777,1.27764,1.27765,42
1779813900,1.27764,1.27772,1.27761,1.27761,41
1779813960,1.27762,1.27773,1.27762,1.27768,30
1779814020,1.27767,1.27772,1.27765,1.27771,50
1779814080,1.27772,1.27782,1.27772,1.27778,34
1779814140,1.27779,1.2778,1.27773,1.27779,67
1779814200,1.2778,1.2778,1.27762,1.2777,48
1779814260,1.27771,1.27772,1.2777,1.27771,25
1779814320,1.27768,1.27776,1.27768,1.27772,58
1779814380,1.27772,1.27776,1.27768,1.27775,39
1779814440,1.27774,1.27774,1.27767,1.27772,58
1779814500,1.27772,1.27772,1.27763,1.27766,60
1779814560,1.27765,1.27769,1.27761,1.27769,75
1779814620,1.27768,1.2777,1.27763,1.27768,48
1779814680,1.27769,1.27772,1.27768,1.2777,56
1779814740,1.27771,1.27774,1.2777,1.2777,47
1779814800,1.27771,1.27774,1.27769,1.27771,66
1779814860,1.2777,1.27772,1.27761,1.27763,36
1779814920,1.27764,1.27766,1.27763,1.27764,27
1779814980,1.27766,1.27766,1.27761,1.27764,30
1779815040,1.27767,1.27767,1.27759,1.27764,56
1779815100,1.27766,1.27773,1.27763,1.27772,52
1779815160,1.2777,1.2777,1.27759,1.27761,41
1779815220,1.27761,1.27762,1.27756,1.27761,48
1779815280,1.2776,1.27766,1.27759,1.27766,24
1779815340,1.27763,1.27764,1.27752,1.27753,45
1779815400,1.27752,1.27757,1.27749,1.27749,79
1779815460,1.27748,1.27751,1.27748,1.27751,18
1779815520,1.27752,1.27753,1.27749,1.27753,27
1779815580,1.27751,1.27752,1.27751,1.27751,10
1779815640,1.2775,1.27753,1.2775,1.27753,32
1779815700,1.27751,1.27753,1.2775,1.27751,28
1779815760,1.27752,1.27753,1.27752,1.27753,4
1779815820,1.27754,1.27755,1.27752,1.27755,18
1779815880,1.27754,1.27756,1.27753,1.27754,18
1779815940,1.27753,1.27756,1.27753,1.27753,34
1779816000,1.27754,1.27757,1.27753,1.27755,42
1779816060,1.27756,1.27756,1.27753,1.27753,18
1779816120,1.27757,1.27757,1.27753,1.27756,48
1779816180,1.27757,1.27763,1.27753,1.27758,66
1779816240,1.27759,1.27762,1.27756,1.27759,60
1779816300,1.27761,1.27762,1.27756,1.27761,42
1779816360,1.27758,1.27762,1.27752,1.27761,54
1779816420,1.2776,1.27761,1.27755,1.27756,24
1779816480,1.27757,1.27763,1.27756,1.27763,31
1779816540,1.27762,1.27772,1.27762,1.2777,30
1779816600,1.27768,1.27772,1.27765,1.27768,49
1779816660,1.27767,1.27772,1.27765,1.27766,51
1779816720,1.27763,1.27764,1.2776,1.27762,44
1779816780,1.27758,1.27762,1.27752,1.27761,58
1779816840,1.27762,1.27762,1.27756,1.27758,32
1779816900,1.27757,1.27763,1.27756,1.27761,54
1779816960,1.27762,1.27768,1.27762,1.27762,45
1779817020,1.27764,1.27765,1.27761,1.27762,84
1779817080,1.27763,1.27763,1.27761,1.27763,17
1779817140,1.27762,1.27765,1.27762,1.27763,24
1779817200,1.27766,1.27772,1.27765,1.27771,61
1779817260,1.2777,1.27772,1.27767,1.27771,69
1779817320,1.2777,1.27772,1.2777,1.27772,16
1779817380,1.2777,1.27772,1.27767,1.27768,54
1779817440,1.2777,1.27771,1.27767,1.27771,51
1779817500,1.2777,1.27772,1.27766,1.27767,31
1779817560,1.27766,1.27775,1.27766,1.27773,52
1779817620,1.27774,1.27777,1.27769,1.27771,52
1779817680,1.27769,1.27774,1.27769,1.27774,39
1779817740,1.27773,1.27774,1.2777,1.27772,27
1779817800,1.27773,1.27777,1.27772,1.27772,42
1779817860,1.27771,1.27772,1.27771,1.27772,8
1779817920,1.27772,1.27775,1.27772,1.27773,8
1779817980,1.27774,1.27774,1.2777,1.27773,20
1779818040,1.27774,1.27777,1.27772,1.27774,26
1779818100,1.27776,1.27779,1.27775,1.27778,39
1779818160,1.27775,1.27782,1.27775,1.27781,36
1779818220,1.27782,1.27785,1.27782,1.27783,23
1779818280,1.27784,1.27784,1.27782,1.27782,10
1779818340,1.27783,1.27783,1.27773,1.27776,30
1779818400,1.27774,1.27779,1.27773,1.27778,53
1779818460,1.27781,1.27782,1.27778,1.27778,28
1779818520,1.27779,1.27781,1.27772,1.27776,42
1779818580,1.27777,1.27777,1.2777,1.27771,33
1779818640,1.27775,1.27775,1.27771,1.27771,28
1779818700,1.27774,1.2778,1.27771,1.27774,52
1779818760,1.27772,1.27772,1.27771,1.27771,20
1779818820,1.2777,1.27774,1.2777,1.27772,28
1779818880,1.27771,1.27773,1.2777,1.27771,25
1779818940,1.27768,1.27771,1.27765,1.27766,41
1779819000,1.27765,1.27766,1.27753,1.27755,41
1779819060,1.27754,1.2776,1.27753,1.27759,40
1779819120,1.27759,1.27761,1.27757,1.27759,39
1779819180,1.2776,1.27761,1.27756,1.27756,44
1779819240,1.27757,1.27761,1.27756,1.27758,25
1779819300,1.27757,1.27758,1.27755,1.27758,27
1779819360,1.27757,1.27762,1.27757,1.27761,30
1779819420,1.27762,1.27762,1.27751,1.27752,51
1779819480,1.27754,1.27757,1.27754,1.27757,20
1779819540,1.27755,1.27756,1.27752,1.27754,32
1779819600,1.27752,1.27762,1.27752,1.27761,40
1779819660,1.27762,1.27762,1.27756,1.27756,50
1779819720,1.27757,1.27757,1.2775,1.27751,33
1779819780,1.27748,1.27753,1.27748,1.27752,28
1779819840,1.27756,1.27758,1.27753,1.27758,18
1779819900,1.27759,1.2776,1.27756,1.27759,20
1779819960,1.27754,1.2776,1.27753,1.27759,24
1779820020,1.27754,1.27758,1.27752,1.27757,84
1779820080,1.27751,1.27758,1.27751,1.27756,34
1779820140,1.27757,1.27757,1.27753,1.27755,30
1779820200,1.27754,1.27758,1.27754,1.27757,33
1779820260,1.27758,1.27758,1.27749,1.27753,51
1779820320,1.27754,1.27755,1.27746,1.27747,76
1779820380,1.27749,1.2775,1.27744,1.27748,50
1779820440,1.27747,1.2775,1.27746,1.27746,32
1779820500,1.27749,1.2775,1.27746,1.27747,47
1779820560,1.2775,1.27751,1.27747,1.27751,48
1779820620,1.2775,1.27757,1.2775,1.27753,36
1779820680,1.27752,1.27753,1.27748,1.27753,40
1779820740,1.27754,1.27754,1.27749,1.27749,20
1779820800,1.2775,1.27758,1.2775,1.27758,48
1779820860,1.27757,1.27759,1.27757,1.27757,34
1779820920,1.27758,1.27762,1.27758,1.2776,42
1779820980,1.27761,1.27762,1.27759,1.27759,40
1779821040,1.27757,1.27759,1.27756,1.27757,30
1779821100,1.27758,1.27758,1.27751,1.27753,20
1779821160,1.27754,1.27754,1.27753,1.27753,12
1779821220,1.27754,1.27754,1.2775,1.27752,18
1779821280,1.2775,1.27753,1.27748,1.27749,40
1779821340,1.27748,1.27753,1.27748,1.27753,30
1779821400,1.27752,1.27753,1.27747,1.27747,23
1779821460,1.27746,1.27747,1.27742,1.27742,31
1779821520,1.27743,1.27743,1.27738,1.27738,34
1779821580,1.27739,1.27742,1.27738,1.27739,36
1779821640,1.27738,1.27744,1.27738,1.27742,28
1779821700,1.2774,1.27746,1.2774,1.27745,34
1779821760,1.27746,1.27746,1.27742,1.27746,46
1779821820,1.27747,1.2775,1.27737,1.27737,55
1779821880,1.27736,1.2774,1.27733,1.27738,60
1779821940,1.27739,1.27743,1.27738,1.27741,43
1779822000,1.2774,1.27748,1.27733,1.27742,60
1779822060,1.27745,1.27746,1.27741,1.27743,44
1779822120,1.27742,1.27745,1.27742,1.27742,26
1779822180,1.27745,1.27745,1.27731,1.27735,42
1779822240,1.27736,1.27737,1.27732,1.27736,28
1779822300,1.27735,1.27741,1.27733,1.27741,64
1779822360,1.2774,1.2774,1.27737,1.2774,31
1779822420,1.27741,1.27747,1.27741,1.27747,28
1779822480,1.27748,1.2775,1.27746,1.27747,24
1779822540,1.27746,1.27746,1.27742,1.27743,26
1779822600,1.27744,1.27744,1.2774,1.2774,28
1779822660,1.27739,1.27742,1.27739,1.2774,28
1779822720,1.27741,1.27749,1.27741,1.27749,34
1779822780,1.27748,1.27748,1.27743,1.27744,44
1779822840,1.27743,1.27749,1.27743,1.27749,18
1779822900,1.27747,1.2775,1.27745,1.27749,56
1779822960,1.2775,1.2775,1.27743,1.27746,52
1779823020,1.27744,1.27745,1.27742,1.27744,32
1779823080,1.27745,1.27745,1.27744,1.27744,8
1779823140,1.27746,1.27746,1.27744,1.27745,36
1779823200,1.27744,1.27745,1.27742,1.27742,34
1779823260,1.27743,1.27746,1.27742,1.27744,36
1779823320,1.27743,1.27744,1.27742,1.27742,12
1779823380,1.27741,1.27743,1.27739,1.27741,30
1779823440,1.27742,1.27742,1.27738,1.2774,36
1779823500,1.27739,1.27743,1.27733,1.27733,32
1779823560,1.27732,1.27735,1.27732,1.27734,30
1779823620,1.27735,1.27738,1.27735,1.27737,28
1779823680,1.27736,1.27742,1.27735,1.27742,40
1779823740,1.27741,1.27743,1.27739,1.27742,38
1779823800,1.27741,1.27742,1.27733,1.27733,41
1779823860,1.27735,1.27737,1.27733,1.27733,26
1779823920,1.27732,1.27735,1.27732,1.27734,26
1779823980,1.27734,1.27736,1.27734,1.27734,17
1779824040,1.27733,1.27734,1.27728,1.27729,20
1779824100,1.2773,1.27733,1.27729,1.27732,18
1779824160,1.2773,1.27732,1.27726,1.27728,42
1779824220,1.27729,1.27729,1.27726,1.27728,32
1779824280,1.27729,1.2773,1.27724,1.27726,50
1779824340,1.27725,1.27732,1.27724,1.27729,67
1779824400,1.27731,1.27732,1.27729,1.27731,38
1779824460,1.2773,1.2773,1.27728,1.27728,34
1779824520,1.27727,1.27728,1.27726,1.27727,30
1779824580,1.27728,1.27731,1.27724,1.27725,45
1779824640,1.27726,1.27729,1.27724,1.27729,44
1779824700,1.27728,1.2773,1.27723,1.27724,37
1779824760,1.27725,1.27729,1.27725,1.27725,18
1779824820,1.27724,1.27726,1.27723,1.27724,39
1779824880,1.27725,1.27725,1.27723,1.27724,23
1779824940,1.27723,1.27724,1.27723,1.27724,7
1779825000,1.27723,1.27724,1.27723,1.27723,34
1779825060,1.27724,1.27725,1.27723,1.27723,14
1779825120,1.27722,1.27724,1.27721,1.27723,16
1779825180,1.27722,1.27723,1.27722,1.27723,12
1779825240,1.27722,1.27725,1.27722,1.27725,28
1779825300,1.27723,1.27725,1.27716,1.27716,42
1779825360,1.27715,1.2772,1.27714,1.27715,39
1779825420,1.27716,1.27721,1.27714,1.27719,40
1779825480,1.27718,1.27728,1.27718,1.27728,43
1779825540,1.27729,1.27729,1.27719,1.27719,68
1779825600,1.2772,1.27724,1.27715,1.27715,32
1779825660,1.27714,1.27715,1.27711,1.27715,44
1779825720,1.27713,1.27715,1.27711,1.27711,22
1779825780,1.27712,1.27714,1.27712,1.27714,17
1779825840,1.27713,1.27719,1.27712,1.27719,18
1779825900,1.27718,1.27719,1.27715,1.27718,29
1779825960,1.27719,1.2772,1.27719,1.2772,9
1779826020,1.27721,1.27721,1.27721,1.27721,1
1779826080,1.2772,1.2772,1.27719,1.27719,8
1779826140,1.2772,1.27722,1.2772,1.27721,8
1779826200,1.27722,1.27722,1.27722,1.27722,2
1779826260,1.27721,1.27721,1.27719,1.27719,6
1779826320,1.2772,1.2772,1.27719,1.2772,6
1779826380,1.27723,1.27723,1.27723,1.27723,2
1779826500,1.27724,1.27724,1.27723,1.27723,12
1779826680,1.27724,1.27724,1.27724,1.27724,2
1779826740,1.27725,1.27726,1.27724,1.27726,8
1779826800,1.27725,1.27725,1.27723,1.27723,6
1779826860,1.27727,1.27732,1.27727,1.27732,12
1779826920,1.27733,1.27733,1.27732,1.27732,4
1779827040,1.27733,1.27734,1.27733,1.27734,4
1779827100,1.27733,1.27733,1.27733,1.27733,2
1779827160,1.27734,1.27734,1.27734,1.27734,2
1779827220,1.27733,1.27733,1.27727,1.27727,12
1779827280,1.27726,1.27727,1.27726,1.27727,4
1779827340,1.27726,1.27731,1.27726,1.27731,11
1779827400,1.2773,1.27732,1.27729,1.27732,14
1779827460,1.27731,1.27731,1.27729,1.27729,10
1779827520,1.27728,1.27729,1.27728,1.27729,8
1779827580,1.2773,1.27733,1.2773,1.27733,10
1779827640,1.27732,1.27732,1.27732,1.27732,2
1779827700,1.27733,1.27733,1.27733,1.27733,2
1779827760,1.27734,1.27734,1.27731,1.27731,11
1779827820,1.27731,1.27732,1.27731,1.27732,5
1779827880,1.27733,1.27736,1.27733,1.27735,7
1779827940,1.27734,1.27736,1.27734,1.27736,4
1779828000,1.27734,1.27734,1.27729,1.27732,10
1779828060,1.27732,1.27735,1.2773,1.27731,11
1779828180,1.27731,1.27733,1.27731,1.27733,3
1779828240,1.27735,1.27735,1.27735,1.27735,1
1779828300,1.27734,1.27734,1.27716,1.27718,29
1779828360,1.27721,1.27727,1.27721,1.27727,25
1779828420,1.27726,1.27727,1.27722,1.27724,18
1779828480,1.27724,1.27726,1.27722,1.27722,17
1779828540,1.27724,1.27726,1.27722,1.27722,9
1779828600,1.27721,1.27724,1.27721,1.27724,31
1779828660,1.27725,1.27725,1.27722,1.27722,9
1779828720,1.27724,1.27727,1.27722,1.27727,8
1779828780,1.27726,1.27727,1.27724,1.27726,10
1779828840,1.27724,1.27727,1.27724,1.27726,26
1779828900,1.27723,1.27749,1.27713,1.27723,53
1779828960,1.27725,1.27727,1.27721,1.27726,12
1779829020,1.2772,1.27722,1.27718,1.27719,11
1779829080,1.2772,1.2772,1.2772,1.2772,1
1779829260,1.27719,1.27719,1.27719,1.27719,2
1779829440,1.27716,1.27716,1.27716,1.27716,2
1779830160,1.27718,1.27718,1.27718,1.27718,2
1779830400,1.27719,1.27719,1.27719,1.27719,2
1779830460,1.27727,1.27727,1.27727,1.27727,2
1779830520,1.27719,1.27719,1.27719,1.27719,2
1779830580,1.27722,1.27722,1.27722,1.27722,2
1779830640,1.2772,1.27727,1.2772,1.27727,4
1779830700,1.27721,1.27721,1.27719,1.27719,4
1779830820,1.27724,1.27724,1.27724,1.27724,2
1779830880,1.2772,1.2772,1.27719,1.27719,4
1779831000,1.27721,1.27721,1.27719,1.27719,6
1779831060,1.27721,1.27727,1.27719,1.27719,36
1779831120,1.27722,1.27724,1.27719,1.27722,16
1779831180,1.2772,1.27729,1.27719,1.27726,36
1779831240,1.27722,1.27728,1.27721,1.27727,28
1779831300,1.27726,1.27728,1.27719,1.27727,26
1779831360,1.27726,1.27726,1.27723,1.27724,16
1779831420,1.27723,1.27723,1.27708,1.27719,12
1779831540,1.27715,1.27715,1.27703,1.27706,6
1779831600,1.27718,1.27718,1.27718,1.27718,2
1779831660,1.2772,1.27728,1.27702,1.27705,16
1779831720,1.27711,1.2772,1.27701,1.27719,16
1779832380,1.27733,1.27733,1.27733,1.27733,2
1779832440,1.27719,1.27719,1.27715,1.27715,4
1779832500,1.27719,1.27719,1.27719,1.27719,2
1779832560,1.27717,1.27717,1.27717,1.27717,2
1779832620,1.27714,1.27714,1.27714,1.27714,2
1779832680,1.27718,1.27719,1.27714,1.27714,20
1779832740,1.27716,1.27719,1.27713,1.27715,12
1779832800,1.27751,1.27759,1.27751,1.27751,8
1779832860,1.2775,1.27751,1.27743,1.27746,18
1779832920,1.27746,1.27746,1.27738,1.27739,20
1779832980,1.27731,1.27732,1.2773,1.2773,18
1779833040,1.2773,1.27731,1.27728,1.27728,10
1779833100,1.27728,1.27729,1.27728,1.27729,13
1779833160,1.27728,1.27729,1.27728,1.27728,15
1779833220,1.27731,1.27731,1.27728,1.27728,4
1779833280,1.27728,1.27745,1.27726,1.27726,17
1779833340,1.2775,1.2775,1.27726,1.27744,20
1779833400,1.27745,1.2775,1.27726,1.27726,24
1779833460,1.27727,1.27727,1.27726,1.27726,8
1779833520,1.27727,1.27732,1.27726,1.27729,16
1779833580,1.27745,1.27746,1.27726,1.27726,13
1779833640,1.27726,1.27746,1.27725,1.27727,20
1779833700,1.27727,1.27727,1.27727,1.27727,1
1779833760,1.27727,1.27727,1.27725,1.27726,10
1779833820,1.27743,1.27746,1.27725,1.27739,17
1779833880,1.2774,1.27741,1.27726,1.27726,10
1779833940,1.27727,1.27749,1.27725,1.27728,16
1779834000,1.27728,1.27754,1.27727,1.27734,20
1779834060,1.27733,1.27766,1.27724,1.27765,54
1779834120,1.27766,1.27767,1.27764,1.27765,37
1779834180,1.27766,1.27766,1.27757,1.27759,74
1779834240,1.2776,1.27776,1.2776,1.27771,42
1779834300,1.27771,1.27779,1.27754,1.27764,53
1779834360,1.27763,1.27765,1.27763,1.27765,12
1779834420,1.27764,1.27765,1.27764,1.27765,2
1779834480,1.27764,1.27764,1.27756,1.27756,14
1779834540,1.27756,1.2776,1.27753,1.27759,33
1779834600,1.2776,1.27764,1.27745,1.27756,54
1779834660,1.27756,1.2776,1.27753,1.27754,47
1779834720,1.27755,1.27758,1.27755,1.27757,13
1779834780,1.27755,1.27756,1.27752,1.27756,19
1779834840,1.27758,1.27758,1.2775,1.27758,69
1779834900,1.27759,1.27759,1.2775,1.27752,56
1779834960,1.27753,1.27759,1.2775,1.27758,57
1779835020,1.2775,1.2775,1.27741,1.27748,42
1779835080,1.27749,1.27749,1.27746,1.27749,17
1779835140,1.27748,1.27748,1.2774,1.2774,18
1779835200,1.27741,1.27748,1.2774,1.27741,58
1779835260,1.27742,1.27747,1.2774,1.27747,86
1779835320,1.27744,1.27748,1.2774,1.27745,63
1779835380,1.27746,1.27748,1.2774,1.27747,46
1779835440,1.27743,1.27745,1.27736,1.27745,33
1779835560,1.27744,1.27745,1.27738,1.27745,29
1779835620,1.27746,1.27746,1.27738,1.27744,18
1779835680,1.27744,1.27746,1.27738,1.27741,40
1779835740,1.27741,1.27748,1.27739,1.27745,52
1779835800,1.27746,1.27747,1.2774,1.27742,60
1779835860,1.27744,1.27747,1.27744,1.27747,10
1779835920,1.27746,1.27746,1.2774,1.2774,52
1779835980,1.27739,1.27747,1.27739,1.27747,50
1779836040,1.27746,1.27746,1.27741,1.27746,29
1779836100,1.27741,1.27746,1.27739,1.27746,27
1779836160,1.27739,1.2774,1.27729,1.27737,30
1779836220,1.27736,1.27736,1.27734,1.27734,21
1779836280,1.27735,1.27736,1.27732,1.27736,17
1779836340,1.27735,1.27736,1.27729,1.27735,40
1779836400,1.27736,1.27736,1.27719,1.27724,52
1779836460,1.27724,1.27727,1.27723,1.27726,60
1779836520,1.27725,1.27726,1.27722,1.27725,46
1779836580,1.27724,1.27726,1.27719,1.27722,85
1779836640,1.27722,1.27726,1.27717,1.27725,94
1779836700,1.27726,1.27726,1.2772,1.27724,65
1779836760,1.27725,1.27726,1.27716,1.27723,71
1779836820,1.27724,1.27725,1.27714,1.27722,37
1779836880,1.27721,1.27723,1.27714,1.27722,67
1779836940,1.27721,1.27723,1.27715,1.27721,60
1779837000,1.27717,1.27723,1.27713,1.27721,50
1779837060,1.2772,1.27721,1.27715,1.2772,46
1779837120,1.27721,1.27721,1.27717,1.27721,21
1779837180,1.2772,1.27721,1.27713,1.27717,45
1779837240,1.27718,1.27719,1.27691,1.27702,47
1779837300,1.27701,1.27703,1.27701,1.27703,10
1779837360,1.27702,1.27702,1.27695,1.277,44
1779837420,1.277,1.27702,1.27697,1.27698,40
1779837480,1.27699,1.27703,1.27696,1.27703,56
1779837540,1.27701,1.27702,1.27693,1.277,38
1779837600,1.27699,1.277,1.27691,1.27699,26
1779837660,1.27699,1.27699,1.27686,1.27697,64
1779837720,1.27697,1.27703,1.27697,1.27699,47
1779837780,1.277,1.27703,1.27698,1.27699,30
1779837840,1.27698,1.27702,1.27687,1.27688,55
1779837900,1.27689,1.27693,1.27685,1.27689,51
1779837960,1.27691,1.27695,1.27687,1.27694,42
1779838020,1.27695,1.27696,1.27688,1.27696,34
1779838080,1.27696,1.27703,1.27696,1.27701,30
1779838140,1.27702,1.27702,1.27671,1.2768,75
1779838200,1.27681,1.27686,1.27679,1.27683,38
1779838260,1.27682,1.27684,1.27678,1.27682,28
1779838320,1.27681,1.27682,1.27671,1.2768,58
1779838380,1.27679,1.2768,1.27673,1.27678,49
1779838440,1.27673,1.27675,1.27667,1.27674,58
1779838500,1.27675,1.27676,1.27666,1.27667,43
1779838560,1.27668,1.27676,1.27667,1.27676,73
1779838620,1.27674,1.27676,1.27672,1.27675,14
1779838680,1.27673,1.27674,1.27665,1.27674,48
1779838740,1.27672,1.27672,1.27667,1.27669,18
1779838800,1.27671,1.27671,1.27664,1.2767,20
1779838860,1.27666,1.27668,1.27663,1.27668,28
1779838920,1.27669,1.27669,1.27657,1.2766,44
1779838980,1.27661,1.27665,1.27652,1.27655,73
1779839040,1.27655,1.27658,1.27645,1.27645,56
1779839100,1.27645,1.27654,1.27643,1.27653,71
1779839160,1.27654,1.27658,1.27645,1.27647,50
1779839220,1.27648,1.27656,1.27648,1.27655,60
1779839280,1.27654,1.27657,1.27648,1.27648,21
1779839340,1.27647,1.2766,1.27646,1.2766,68
1779839400,1.27659,1.27671,1.27659,1.27664,35
1779839460,1.27665,1.2767,1.27663,1.27665,36
1779839520,1.27666,1.27666,1.27655,1.27665,57
1779839580,1.27664,1.27675,1.27662,1.27673,45
1779839640,1.27674,1.27674,1.27669,1.2767,31
1779839700,1.27671,1.27678,1.2767,1.27678,56
1779839760,1.27679,1.27679,1.27673,1.27675,52
1779839820,1.27677,1.27682,1.27675,1.27682,52
1779839880,1.27681,1.27682,1.27675,1.27681,53
1779839940,1.27682,1.27687,1.27678,1.27686,46
1779840000,1.27687,1.27687,1.2766,1.27665,109
1779840060,1.27666,1.27673,1.2766,1.27668,112
1779840120,1.27669,1.27679,1.27666,1.27678,73
1779840180,1.27676,1.27686,1.27667,1.27686,84
1779840240,1.27683,1.27685,1.27674,1.27684,104
1779840300,1.27685,1.27685,1.2767,1.27676,123
1779840360,1.27678,1.27683,1.27669,1.27679,71
1779840420,1.2768,1.27703,1.27672,1.27702,105
1779840480,1.27701,1.27703,1.27688,1.27692,70
1779840540,1.27691,1.27705,1.27691,1.27704,52
1779840600,1.27705,1.27705,1.27694,1.27696,67
1779840660,1.27695,1.27712,1.27694,1.27706,53
1779840720,1.27707,1.27714,1.27692,1.27693,91
1779840780,1.27694,1.277,1.27689,1.27691,68
1779840840,1.27692,1.27692,1.27685,1.27686,52
1779840900,1.27687,1.27696,1.27684,1.27692,68
1779840960,1.27693,1.27698,1.2768,1.2769,83
1779841020,1.27685,1.27693,1.27684,1.27691,63
1779841080,1.27692,1.27699,1.27689,1.27699,57
1779841140,1.27698,1.277,1.27684,1.27684,85
1779841200,1.27683,1.27693,1.27682,1.27692,42
1779841260,1.27693,1.27694,1.27681,1.27691,77
1779841320,1.27691,1.27698,1.27686,1.27696,82
1779841380,1.27695,1.27695,1.27664,1.27667,106
1779841440,1.27668,1.27676,1.27655,1.27676,117
1779841500,1.27677,1.27684,1.27669,1.2768,77
1779841560,1.27681,1.2769,1.27675,1.27678,67
1779841620,1.27681,1.27681,1.27666,1.27675,89
1779841680,1.27676,1.27687,1.27672,1.27675,85
1779841740,1.27676,1.2768,1.27665,1.27665,63
1779841800,1.27666,1.27679,1.27662,1.27675,89
1779841860,1.27674,1.27677,1.27666,1.27674,91
1779841920,1.27677,1.2768,1.27672,1.27679,44
1779841980,1.27678,1.27681,1.27669,1.27678,85
1779842040,1.27677,1.27681,1.27671,1.2768,76
1779842100,1.27679,1.27685,1.27673,1.2768,68
1779842160,1.27679,1.27685,1.27668,1.27671,81
1779842220,1.27671,1.27681,1.27671,1.2768,88
1779842280,1.27681,1.27685,1.27672,1.27675,87
1779842340,1.27677,1.2769,1.27675,1.27687,62
1779842400,1.27687,1.27687,1.27672,1.27682,90
1779842460,1.27684,1.27692,1.27677,1.27686,93
1779842520,1.27685,1.27686,1.27668,1.27676,56
1779842580,1.27677,1.27679,1.27669,1.27674,70
1779842640,1.27675,1.27677,1.27666,1.27676,61
1779842700,1.27673,1.27674,1.27652,1.27657,101
1779842760,1.27657,1.27669,1.27657,1.27667,65
1779842820,1.27662,1.27664,1.27651,1.27664,62
1779842880,1.27663,1.27667,1.27657,1.27666,66
1779842940,1.27667,1.27671,1.27661,1.27662,57
1779843000,1.27663,1.27684,1.27663,1.27678,113
1779843060,1.27677,1.27685,1.2767,1.27684,89
1779843120,1.27683,1.27683,1.27668,1.27677,103
1779843180,1.27676,1.27684,1.27668,1.27669,52
1779843240,1.27671,1.27684,1.27668,1.27673,136
1779843300,1.27673,1.27683,1.27673,1.27682,58
1779843360,1.2768,1.27686,1.2767,1.27685,70
1779843420,1.27676,1.27687,1.27668,1.27684,74
1779843480,1.27683,1.27691,1.27682,1.27689,86
1779843540,1.27688,1.27696,1.27685,1.27693,81
1779843600,1.27692,1.27695,1.27662,1.27677,118
1779843660,1.27678,1.27688,1.27676,1.27683,104
1779843720,1.2768,1.27688,1.27674,1.27684,127
1779843780,1.27685,1.27691,1.27672,1.27686,111
1779843840,1.27688,1.27691,1.27676,1.27676,58
1779843900,1.27675,1.27692,1.27674,1.27682,84
1779843960,1.27682,1.27684,1.2767,1.27681,79
1779844020,1.27682,1.27682,1.27663,1.27665,75
1779844080,1.27666,1.27675,1.27664,1.27666,63
1779844140,1.27667,1.2767,1.27658,1.27668,75
1779844200,1.27666,1.27666,1.27652,1.27662,94
1779844260,1.27656,1.27665,1.27654,1.2766,100
1779844320,1.27661,1.27664,1.27654,1.27657,108
1779844380,1.27648,1.27653,1.2764,1.27646,76
1779844440,1.27647,1.27659,1.27646,1.27659,67
1779844500,1.27662,1.27669,1.27653,1.27657,84
1779844560,1.27659,1.27673,1.27654,1.27671,82
1779844620,1.27672,1.27674,1.27663,1.27663,67
1779844680,1.27662,1.2767,1.27658,1.27658,76
1779844740,1.27659,1.27679,1.27658,1.27676,100
1779844800,1.27677,1.2768,1.27672,1.27674,60
1779844860,1.27673,1.27676,1.27666,1.27667,91
1779844920,1.27666,1.27674,1.2766,1.27666,87
1779844980,1.27664,1.27667,1.27656,1.27663,64
1779845040,1.27662,1.27668,1.27657,1.27662,44
1779845100,1.27662,1.2767,1.27662,1.27668,79
1779845160,1.27667,1.27677,1.27665,1.27676,71
1779845220,1.27678,1.27684,1.27675,1.27683,47
1779845280,1.27683,1.27687,1.27675,1.27682,53
1779845340,1.27678,1.27682,1.2767,1.2768,108
1779845400,1.27694,1.27716,1.27687,1.27713,156
1779845460,1.2771,1.27716,1.27697,1.2771,111
1779845520,1.27713,1.27717,1.277,1.27708,129
1779845580,1.27706,1.27708,1.27698,1.27708,124
1779845640,1.27707,1.27724,1.27704,1.27723,118
1779845700,1.27722,1.27722,1.2771,1.27711,105
1779845760,1.2771,1.27717,1.27698,1.27714,99
1779845820,1.27715,1.2772,1.27707,1.27709,92
1779845880,1.27705,1.27724,1.27705,1.27724,114
1779845940,1.27723,1.27733,1.27718,1.27727,101
1779846000,1.27726,1.27726,1.27712,1.27715,92
1779846060,1.27716,1.27718,1.27703,1.2771,59
1779846120,1.27711,1.27711,1.27705,1.27708,44
1779846180,1.2771,1.27713,1.27701,1.27706,66
1779846240,1.27705,1.27715,1.27702,1.27708,91
1779846300,1.27709,1.27715,1.27706,1.27709,26
1779846360,1.27703,1.2772,1.27703,1.27719,43
1779846420,1.2772,1.27729,1.27717,1.27722,70
1779846480,1.27723,1.27727,1.27715,1.27718,84
1779846540,1.27713,1.27722,1.27713,1.27715,86
1779846600,1.27715,1.27722,1.27713,1.27719,55
1779846660,1.27719,1.27729,1.27715,1.27725,80
1779846720,1.27726,1.2773,1.27723,1.27727,35
1779846780,1.27726,1.27731,1.27722,1.2773,71
1779846840,1.2773,1.27735,1.27723,1.27727,68
1779846900,1.2773,1.27732,1.27725,1.27732,74
1779846960,1.27733,1.27734,1.27732,1.27733,18
1779847020,1.27732,1.27733,1.2773,1.27731,24
1779847080,1.27731,1.27733,1.27722,1.27733,51
1779847140,1.27732,1.2774,1.2773,1.2774,43
1779847200,1.2774,1.2774,1.27719,1.27731,106
1779847260,1.27732,1.27732,1.2772,1.27728,94
1779847320,1.27729,1.27729,1.27721,1.27727,42
1779847380,1.27727,1.27729,1.27697,1.27702,81
1779847440,1.27707,1.27714,1.277,1.2771,119
1779847500,1.27711,1.27717,1.27705,1.27717,116
1779847560,1.27718,1.27725,1.27717,1.27724,75
1779847620,1.27723,1.27729,1.27719,1.2772,88
1779847680,1.27718,1.2772,1.27708,1.27715,92
1779847740,1.27716,1.2772,1.27708,1.27719,68
1779847800,1.27716,1.27724,1.27708,1.27724,53
1779847860,1.27726,1.27736,1.27722,1.27734,87
1779847920,1.27731,1.27734,1.27719,1.27729,108
1779847980,1.27728,1.27735,1.27725,1.27732,88
1779848040,1.27731,1.27737,1.27727,1.27731,76
1779848100,1.27729,1.27731,1.27719,1.27725,125
1779848160,1.27724,1.27727,1.27721,1.27721,31
1779848220,1.2772,1.2773,1.27718,1.27726,79
1779848280,1.27727,1.27734,1.27721,1.27733,76
1779848340,1.27734,1.27745,1.27732,1.27742,76
1779848400,1.27743,1.27745,1.27732,1.27733,33
1779848460,1.27734,1.27744,1.27734,1.27736,80
1779848520,1.27737,1.27745,1.27737,1.27743,50
1779848580,1.27743,1.27743,1.27726,1.27737,74
1779848640,1.27736,1.27738,1.27726,1.27726,75
1779848700,1.27726,1.27726,1.27712,1.27721,106
1779848760,1.27722,1.27731,1.27722,1.27727,22
1779848820,1.27728,1.27737,1.27725,1.27732,81
1779848880,1.27731,1.27739,1.27727,1.27733,39
1779848940,1.27733,1.27744,1.27733,1.27743,55
1779849000,1.27741,1.27744,1.27726,1.27732,97
1779849060,1.27734,1.27734,1.27726,1.27733,66
1779849120,1.27734,1.27734,1.27731,1.27733,30
1779849180,1.27732,1.27734,1.27724,1.27728,67
1779849240,1.27728,1.27729,1.27722,1.27726,68
1779849300,1.27725,1.27728,1.27718,1.27723,74
1779849360,1.27724,1.27732,1.27718,1.27725,100
1779849420,1.27726,1.27734,1.27719,1.27731,56
1779849480,1.27733,1.27733,1.27724,1.27728,78
1779849540,1.27727,1.27733,1.27726,1.27731,46
1779849600,1.2773,1.27731,1.27717,1.2772,112
1779849660,1.2772,1.27725,1.27714,1.27715,63
1779849720,1.27716,1.27723,1.27715,1.27718,53
1779849780,1.27718,1.27729,1.27716,1.27725,80
1779849840,1.27722,1.27731,1.27719,1.27731,62
1779849900,1.27732,1.27732,1.27718,1.2773,93
1779849960,1.27727,1.27733,1.27724,1.27729,84
1779850020,1.27728,1.2773,1.27718,1.27729,66
1779850080,1.27728,1.2773,1.27728,1.27728,26
1779850140,1.27729,1.27729,1.27716,1.27716,63
1779850200,1.27714,1.27725,1.27714,1.27724,72
1779850260,1.27725,1.27725,1.27707,1.27708,56
1779850320,1.27709,1.27716,1.27704,1.27708,45
1779850380,1.27709,1.27714,1.27697,1.27699,80
1779850440,1.27699,1.27714,1.27699,1.27714,94
1779850500,1.27717,1.27717,1.27714,1.27714,11
1779850560,1.27717,1.27718,1.27707,1.27714,65
1779850620,1.27716,1.27722,1.27711,1.27722,86
1779850680,1.27721,1.27726,1.27721,1.27725,58
1779850740,1.27724,1.27725,1.27707,1.27716,48
1779850800,1.27717,1.27718,1.27702,1.27705,73
1779850860,1.27705,1.27711,1.27696,1.27704,79
1779850920,1.27703,1.27704,1.27698,1.27699,35
1779850980,1.277,1.277,1.27669,1.27681,115
1779851040,1.27681,1.27688,1.27679,1.27679,112
1779851100,1.2768,1.27687,1.27674,1.27679,68
1779851160,1.27679,1.27685,1.27679,1.27685,48
1779851220,1.27684,1.27694,1.27682,1.27684,38
1779851280,1.27685,1.27693,1.27684,1.27686,61
1779851340,1.27686,1.27692,1.2768,1.27687,71
1779851400,1.27685,1.27691,1.27678,1.2769,85
1779851460,1.27699,1.27712,1.27696,1.27712,56
1779851520,1.27704,1.27707,1.27698,1.27705,50
1779851580,1.27706,1.27707,1.27701,1.27705,40
1779851640,1.27704,1.27708,1.2769,1.27705,69
1779851700,1.27706,1.27708,1.27697,1.27702,65
1779851760,1.27703,1.27704,1.27696,1.27698,48
1779851820,1.27698,1.27701,1.27693,1.27699,60
1779851880,1.277,1.27701,1.27694,1.27694,40
1779851940,1.27694,1.27701,1.27694,1.27701,45
1779852000,1.27697,1.27702,1.27694,1.27701,48
1779852060,1.27706,1.27707,1.27697,1.27706,54
1779852120,1.27706,1.27708,1.27697,1.27697,54
1779852180,1.27698,1.277,1.2769,1.27692,66
1779852240,1.27693,1.277,1.27689,1.27691,58
1779852300,1.27692,1.27699,1.27689,1.27697,72
1779852360,1.27698,1.27699,1.27688,1.27688,39
1779852420,1.27689,1.27695,1.27688,1.2769,45
1779852480,1.27689,1.27698,1.27687,1.27697,61
1779852540,1.27698,1.27698,1.27691,1.27696,71
1779852600,1.27697,1.27697,1.27686,1.27691,76
1779852660,1.27688,1.27699,1.27686,1.2769,84
1779852720,1.27691,1.27701,1.2769,1.27699,71
1779852780,1.27697,1.27704,1.27692,1.277,42
1779852840,1.27703,1.27707,1.27696,1.27706,97
1779852900,1.27707,1.27708,1.27703,1.27704,51
1779852960,1.27705,1.27708,1.27692,1.27703,85
1779853020,1.27702,1.2772,1.27697,1.2772,64
1779853080,1.27719,1.2772,1.27708,1.27708,43
1779853140,1.27709,1.27715,1.27708,1.27715,40
1779853200,1.27716,1.27716,1.27704,1.27705,39
1779853260,1.27702,1.27709,1.277,1.27705,81
1779853320,1.27705,1.27709,1.27702,1.27707,57
1779853380,1.27709,1.27711,1.27703,1.27709,52
1779853440,1.27705,1.2771,1.27702,1.27705,76
1779853500,1.27706,1.2771,1.27704,1.27709,46
1779853560,1.27708,1.2771,1.27698,1.27704,62
1779853620,1.27705,1.2771,1.27704,1.27709,45
1779853680,1.2771,1.27718,1.27708,1.27716,59
1779853740,1.27717,1.27718,1.27709,1.27716,63
1779853800,1.27717,1.27718,1.2771,1.27717,44
1779853860,1.27718,1.27718,1.27703,1.27708,53
1779853920,1.27707,1.27707,1.27698,1.27702,45
1779853980,1.27702,1.27709,1.27702,1.27703,60
1779854040,1.27698,1.27712,1.27695,1.27708,67
1779854100,1.2771,1.27724,1.27705,1.27722,101
1779854160,1.27719,1.27719,1.27708,1.27712,55
1779854220,1.27714,1.27719,1.27709,1.27716,50
1779854280,1.27715,1.27715,1.27703,1.27713,44
1779854340,1.27712,1.27713,1.27707,1.27712,43
1779854400,1.27713,1.27716,1.27698,1.27705,59
1779854460,1.27704,1.27705,1.27698,1.27701,72
1779854520,1.277,1.27706,1.27694,1.27706,105
1779854580,1.27705,1.27707,1.27696,1.27705,57
1779854640,1.27706,1.27708,1.27701,1.27703,49
1779854700,1.27703,1.27706,1.27695,1.27697,38
1779854760,1.27698,1.27703,1.27696,1.277,45
1779854820,1.27693,1.27697,1.27687,1.27695,37
1779854880,1.27696,1.27696,1.27691,1.27696,38
1779854940,1.27696,1.27699,1.27688,1.2769,69
1779855000,1.27692,1.27696,1.27682,1.2769,86
1779855060,1.27691,1.27695,1.27686,1.27695,61
1779855120,1.27693,1.27693,1.27677,1.27684,34
1779855180,1.27682,1.27683,1.27675,1.27683,46
1779855240,1.27681,1.27684,1.27674,1.27679,56
1779855300,1.2768,1.27685,1.27674,1.27684,72
1779855360,1.27685,1.27685,1.27676,1.27684,53
1779855420,1.27685,1.27686,1.27682,1.27684,17
1779855480,1.27685,1.27686,1.27678,1.27685,56
1779855540,1.27686,1.27687,1.27679,1.27679,65
1779855600,1.27681,1.27685,1.27678,1.27683,72
1779855660,1.27683,1.27685,1.27659,1.2767,81
1779855720,1.2767,1.27675,1.2767,1.27675,19
1779855780,1.27674,1.27678,1.27671,1.27672,26
1779855840,1.27668,1.27677,1.27667,1.2767,72
1779855900,1.27671,1.27676,1.27668,1.27672,49
1779855960,1.27671,1.27682,1.27669,1.27679,68
1779856020,1.27679,1.27684,1.27669,1.27678,75
1779856080,1.27684,1.27685,1.27677,1.27679,13
1779856140,1.2768,1.27685,1.27674,1.27682,89
1779856200,1.27685,1.27686,1.27677,1.27685,83
1779856260,1.27686,1.27686,1.27673,1.27682,75
1779856320,1.27683,1.27686,1.27681,1.27681,22
1779856380,1.2768,1.27684,1.27668,1.27675,96
1779856440,1.27674,1.27675,1.2767,1.27671,28
1779856500,1.27672,1.27675,1.27672,1.27673,21
1779856560,1.27674,1.27675,1.27669,1.27674,58
1779856620,1.27681,1.27685,1.27673,1.2768,79
1779856680,1.27679,1.27679,1.27668,1.27672,79
1779856740,1.27673,1.27679,1.27671,1.27675,38
1779856800,1.27674,1.27675,1.27674,1.27675,8
1779856860,1.27672,1.27678,1.2767,1.27678,42
1779856920,1.27678,1.27679,1.27668,1.27679,33
1779856980,1.27681,1.27681,1.27668,1.27671,64
1779857040,1.2767,1.27675,1.27653,1.27654,74
1779857100,1.27653,1.27664,1.2765,1.27661,89
1779857160,1.2766,1.27663,1.27655,1.27663,61
1779857220,1.27662,1.27665,1.27659,1.27665,38
1779857280,1.27661,1.27665,1.27654,1.27665,53
1779857340,1.27667,1.27667,1.27655,1.27655,58
1779857400,1.27654,1.27666,1.27654,1.27663,33
1779857460,1.27663,1.27664,1.27654,1.27663,88
1779857520,1.27664,1.27664,1.27654,1.27657,22
1779857580,1.27657,1.27665,1.27647,1.27651,72
1779857640,1.27652,1.27664,1.27652,1.27656,48
1779857700,1.27657,1.27666,1.27652,1.27666,72
1779857760,1.27665,1.27668,1.27662,1.27668,31
1779857820,1.27666,1.27667,1.27657,1.27657,45
1779857880,1.2766,1.27667,1.27657,1.27665,70
1779857940,1.27667,1.27667,1.27661,1.27667,46
1779858000,1.27668,1.27668,1.27659,1.27659,34
1779858060,1.27662,1.27666,1.27657,1.27659,101
1779858120,1.27659,1.27669,1.27659,1.27668,58
1779858180,1.27669,1.27669,1.27662,1.27664,32
1779858240,1.27665,1.27668,1.27648,1.27655,79
1779858300,1.27654,1.27655,1.27646,1.27649,24
1779858360,1.2765,1.27654,1.27648,1.27653,68
1779858420,1.27652,1.27657,1.27648,1.27656,91
1779858480,1.27657,1.27659,1.27649,1.27656,43
1779858540,1.27655,1.27663,1.27647,1.2765,49
1779858600,1.27651,1.27655,1.27646,1.27652,54
1779858660,1.27654,1.27655,1.27645,1.27655,70
1779858720,1.27652,1.27664,1.27645,1.27663,58
1779858780,1.27663,1.2767,1.27663,1.2767,35
1779858840,1.27667,1.27667,1.2765,1.27658,57
1779858900,1.27659,1.27669,1.27659,1.27669,53
1779858960,1.27668,1.27669,1.2766,1.27665,38
1779859020,1.27666,1.27668,1.27662,1.27663,34
1779859080,1.27663,1.27669,1.27661,1.27667,60
1779859140,1.27668,1.2767,1.27662,1.27669,54
1779859200,1.27669,1.27676,1.27664,1.27673,50
1779859260,1.27673,1.27676,1.27666,1.27672,51
1779859320,1.27664,1.27671,1.27658,1.27671,47
1779859380,1.2767,1.27672,1.27669,1.27669,22
1779859440,1.27668,1.27668,1.27656,1.27663,79
1779859500,1.27663,1.27669,1.27661,1.27669,49
1779859560,1.27668,1.27669,1.27662,1.27667,41
1779859620,1.27666,1.27666,1.27655,1.27663,56
1779859680,1.27662,1.27663,1.27656,1.27659,32
1779859740,1.27659,1.2766,1.27647,1.27653,34
1779859800,1.27654,1.27655,1.27646,1.27653,77
1779859860,1.27653,1.27655,1.27647,1.2765,37
1779859920,1.27652,1.27669,1.27651,1.27669,68
1779859980,1.2767,1.2768,1.27668,1.27669,78
1779860040,1.2767,1.27677,1.2767,1.27676,50
1779860100,1.27677,1.2768,1.27668,1.27668,92
1779860160,1.27669,1.27672,1.27658,1.27664,113
1779860220,1.27663,1.27668,1.27654,1.2766,99
1779860280,1.27663,1.2767,1.27663,1.27667,25
1779860340,1.27665,1.27669,1.27662,1.27667,62
1779860400,1.27667,1.2767,1.27659,1.2767,57
1779860460,1.27669,1.27672,1.27663,1.27665,75
1779860520,1.27666,1.2768,1.27664,1.27679,58
1779860580,1.27678,1.27679,1.27674,1.27677,33
1779860640,1.27676,1.27683,1.2767,1.27676,78
1779860700,1.27678,1.27684,1.27673,1.2768,69
1779860760,1.27679,1.27679,1.27668,1.27674,83
1779860820,1.27672,1.2768,1.27668,1.2768,89
1779860880,1.27679,1.27684,1.27673,1.27678,84
1779860940,1.27678,1.27684,1.27672,1.27678,81
1779861000,1.27679,1.2768,1.27671,1.27677,61
1779861060,1.27674,1.27683,1.2767,1.27671,68
1779861120,1.27672,1.27678,1.27672,1.27676,33
1779861180,1.27675,1.27683,1.27671,1.27679,83
1779861240,1.2768,1.27685,1.27675,1.27684,106
1779861300,1.27685,1.27689,1.27681,1.27681,58
1779861360,1.27681,1.27687,1.2768,1.27685,61
1779861420,1.27686,1.277,1.27685,1.27699,87
1779861480,1.27697,1.27698,1.27691,1.27697,87
1779861540,1.27696,1.27705,1.27696,1.27702,39
1779861600,1.27699,1.27709,1.27697,1.27707,76
1779861660,1.27706,1.27708,1.27696,1.27708,96
1779861720,1.2771,1.27718,1.27706,1.27718,62
1779861780,1.27717,1.27717,1.27707,1.27712,60
1779861840,1.27716,1.27719,1.2771,1.27718,52
1779861900,1.27717,1.27725,1.27716,1.27722,43
1779861960,1.27723,1.27723,1.27712,1.27715,42
1779862020,1.27716,1.27719,1.27709,1.27712,69
1779862080,1.2771,1.27713,1.27702,1.27704,44
1779862140,1.27706,1.27709,1.27703,1.27707,56
1779862200,1.27703,1.27708,1.277,1.27705,48
1779862260,1.27706,1.27713,1.27706,1.27707,46
1779862320,1.27706,1.27716,1.27706,1.27715,58
1779862380,1.27713,1.27713,1.27706,1.2771,44
1779862440,1.27713,1.27727,1.27709,1.27722,84
1779862500,1.27723,1.27723,1.27716,1.27719,70
1779862560,1.2772,1.27725,1.27717,1.27725,84
1779862620,1.27723,1.27725,1.27718,1.2772,59
1779862680,1.27719,1.27726,1.27718,1.27725,38
1779862740,1.27724,1.27728,1.27724,1.27725,27
1779862800,1.27725,1.27727,1.2772,1.27723,38
1779862860,1.27727,1.27733,1.27723,1.27729,52
1779862920,1.27731,1.27733,1.27728,1.27728,63
1779862980,1.27729,1.2773,1.27713,1.27713,89
1779863040,1.27712,1.27718,1.27712,1.27718,47
1779863100,1.27719,1.27729,1.27719,1.27727,61
1779863160,1.27728,1.2773,1.27726,1.27728,39
1779863220,1.27727,1.27729,1.27724,1.27728,43
1779863280,1.27729,1.27729,1.27718,1.27718,40
1779863340,1.27719,1.27721,1.27714,1.27718,46
1779863400,1.27717,1.27718,1.27717,1.27717,10
1779863460,1.27718,1.27728,1.27717,1.27725,67
1779863520,1.27723,1.27727,1.27719,1.27722,83
1779863580,1.27721,1.27721,1.27713,1.27717,50
1779863640,1.27718,1.2772,1.27711,1.27711,73
1779863700,1.2771,1.2771,1.27703,1.27704,52
1779863760,1.27706,1.27713,1.27702,1.27704,47
1779863820,1.27702,1.27703,1.27698,1.27703,31
1779863880,1.27706,1.27706,1.27697,1.27703,56
1779863940,1.27705,1.27708,1.27696,1.27697,53
1779864000,1.27702,1.27702,1.27696,1.27701,56
1779864060,1.277,1.27701,1.27697,1.27698,31
1779864120,1.27697,1.27701,1.27697,1.27699,42
1779864180,1.27701,1.27701,1.27693,1.27695,44
1779864240,1.27696,1.27696,1.27676,1.27676,62
1779864300,1.27675,1.27677,1.27669,1.27672,38
1779864360,1.27672,1.27676,1.2767,1.27672,42
1779864420,1.27673,1.27675,1.27663,1.27666,39
1779864480,1.27664,1.27669,1.27663,1.27668,62
1779864540,1.27669,1.27672,1.2766,1.27662,53
1779864600,1.27661,1.27666,1.27661,1.27666,42
1779864660,1.27665,1.27669,1.27663,1.27669,17
1779864720,1.27672,1.27678,1.27671,1.27677,50
1779864780,1.27674,1.27684,1.27674,1.27684,37
1779864840,1.27683,1.27697,1.27683,1.27697,73
1779864900,1.27698,1.277,1.27696,1.27698,39
1779864960,1.27698,1.27703,1.27697,1.27702,50
1779865020,1.27703,1.27714,1.27703,1.27714,30
1779865080,1.27711,1.27711,1.27703,1.27711,61
1779865140,1.27713,1.27714,1.27706,1.27709,67
1779865200,1.27704,1.27713,1.27691,1.27693,117
1779865260,1.27692,1.27692,1.27683,1.27683,84
1779865320,1.27685,1.27687,1.27675,1.27679,90
1779865380,1.2768,1.27686,1.27679,1.27685,64
1779865440,1.27684,1.27689,1.27679,1.27685,44
1779865500,1.27684,1.27689,1.27683,1.27686,80
1779865560,1.27687,1.27692,1.27686,1.27689,48
1779865620,1.27687,1.27698,1.27684,1.27694,70
1779865680,1.27697,1.27707,1.27694,1.27705,102
1779865740,1.27706,1.27713,1.27706,1.27711,52
1779865800,1.27709,1.27714,1.27707,1.27712,94
1779865860,1.27709,1.27712,1.27705,1.27705,40
1779865920,1.27707,1.27712,1.27706,1.27712,44
1779865980,1.27709,1.27712,1.27707,1.27712,32
1779866040,1.27708,1.27712,1.27708,1.27712,48
1779866100,1.27708,1.27712,1.27707,1.27712,24
1779866160,1.27714,1.27718,1.27713,1.27718,57
1779866220,1.27719,1.27722,1.27713,1.27714,39
1779866280,1.27713,1.27717,1.27709,1.27717,67
1779866340,1.27718,1.27723,1.27718,1.27718,29
1779866400,1.27719,1.27728,1.27718,1.27728,50
1779866460,1.27727,1.27732,1.27725,1.27729,49
1779866520,1.2773,1.27731,1.27725,1.27728,38
1779866580,1.27726,1.2773,1.27723,1.27725,36
1779866640,1.27724,1.27724,1.27715,1.27722,52
1779866700,1.27723,1.27723,1.2772,1.2772,36
1779866760,1.27721,1.27723,1.27719,1.27721,56
1779866820,1.2772,1.27722,1.27716,1.27718,44
1779866880,1.27722,1.27727,1.27711,1.27716,68
1779866940,1.27717,1.27729,1.27715,1.27722,49
1779867000,1.27721,1.27731,1.27718,1.27729,40
1779867060,1.27728,1.27729,1.27714,1.27717,25
1779867120,1.27715,1.27731,1.27713,1.27729,52
1779867180,1.27727,1.2773,1.27726,1.27728,24
1779867240,1.27729,1.27729,1.27721,1.27723,37
1779867300,1.27724,1.27731,1.27722,1.27728,57
1779867360,1.27727,1.2773,1.27726,1.2773,30
1779867420,1.27729,1.27738,1.27726,1.27735,50
1779867480,1.27737,1.27745,1.27736,1.27745,28
1779867540,1.27746,1.27746,1.27735,1.27737,44
1779867600,1.27736,1.27739,1.27735,1.27737,42
1779867660,1.27738,1.27745,1.27737,1.27743,50
1779867720,1.27742,1.27743,1.27734,1.2774,20
1779867780,1.27738,1.27739,1.27732,1.27732,58
1779867840,1.27731,1.27733,1.27728,1.2773,52
1779867900,1.27729,1.27736,1.27728,1.27733,44
1779867960,1.27735,1.27735,1.2773,1.27732,62
1779868020,1.27733,1.27744,1.27732,1.27744,60
1779868080,1.27743,1.27756,1.27743,1.27755,64
1779868140,1.27756,1.27762,1.27755,1.27755,60
1779868200,1.27754,1.2776,1.27753,1.27757,84
1779868260,1.27756,1.27759,1.27749,1.27753,90
1779868320,1.27754,1.2776,1.27751,1.27757,78
1779868380,1.27756,1.27761,1.2775,1.27751,45
1779868440,1.2775,1.27752,1.27749,1.27751,54
1779868500,1.27753,1.27759,1.2775,1.27757,56
1779868560,1.27758,1.27763,1.27757,1.27761,28
1779868620,1.27762,1.27762,1.27755,1.27756,68
1779868680,1.27755,1.27762,1.27755,1.27757,50
1779868740,1.27758,1.27761,1.27752,1.27755,125
1779868800,1.27757,1.2777,1.27754,1.27759,100
1779868860,1.2776,1.27763,1.27737,1.27745,94
1779868920,1.27744,1.27744,1.27734,1.27742,72
1779868980,1.27741,1.27751,1.2774,1.27741,80
1779869040,1.2774,1.27745,1.27739,1.2774,66
1779869100,1.27739,1.27739,1.27731,1.27735,58
1779869160,1.27733,1.27748,1.2773,1.2774,94
1779869220,1.27741,1.27743,1.27738,1.27742,30
1779869280,1.27741,1.27742,1.27731,1.27731,72
1779869340,1.2773,1.27733,1.27724,1.27724,58
1779869400,1.2773,1.2773,1.27714,1.27721,86
1779869460,1.2772,1.27723,1.27719,1.2772,52
1779869520,1.27719,1.27726,1.27717,1.27724,70
1779869580,1.27725,1.27731,1.27723,1.27728,90
1779869640,1.2773,1.27733,1.27724,1.2773,48
1779869700,1.27729,1.27729,1.2772,1.27726,52
1779869760,1.27724,1.27729,1.27722,1.27724,68
1779869820,1.27723,1.27723,1.27716,1.27719,62
1779869880,1.27718,1.27731,1.27718,1.27731,78
1779869940,1.27735,1.27739,1.27731,1.27739,57
1779870000,1.27738,1.27743,1.27735,1.27739,29
1779870060,1.27738,1.27739,1.27731,1.27732,52
1779870120,1.27731,1.27735,1.27726,1.2773,49
1779870180,1.27729,1.27739,1.27725,1.27735,79
1779870240,1.27734,1.2774,1.27731,1.27739,52
1779870300,1.27741,1.27747,1.27738,1.27743,63
1779870360,1.27742,1.27743,1.27739,1.27739,48
1779870420,1.27738,1.27738,1.27735,1.27738,44
1779870480,1.27737,1.27738,1.27732,1.27732,44
1779870540,1.27729,1.27732,1.27726,1.27727,56
1779870600,1.27729,1.2774,1.27726,1.27735,85
1779870660,1.27736,1.2774,1.27735,1.27739,47
1779870720,1.2774,1.27741,1.27735,1.27736,46
1779870780,1.27734,1.27737,1.27734,1.27737,42
1779870840,1.27738,1.27742,1.27729,1.27729,56
1779870900,1.27728,1.27733,1.27726,1.27728,81
1779870960,1.2773,1.2773,1.27725,1.27728,55
1779871020,1.27727,1.27727,1.27721,1.27726,34
1779871080,1.27727,1.27727,1.27722,1.27726,48
1779871140,1.27727,1.27733,1.27725,1.27726,60
1779871200,1.27725,1.27726,1.27721,1.27722,36
1779871260,1.27721,1.27723,1.27719,1.27723,54
1779871320,1.27724,1.27724,1.27712,1.27715,40
1779871380,1.27716,1.27724,1.27716,1.27718,50
1779871440,1.27717,1.27718,1.27714,1.27714,45
1779871500,1.27715,1.27719,1.27715,1.27717,50
1779871560,1.27716,1.27721,1.27716,1.27718,48
1779871620,1.27716,1.2772,1.27714,1.2772,42
1779871680,1.27722,1.27722,1.27713,1.27715,51
1779871740,1.27714,1.27721,1.27714,1.27721,40
1779871800,1.27722,1.27722,1.27711,1.27712,33
1779871860,1.27713,1.27716,1.27711,1.27711,49
1779871920,1.27712,1.27713,1.27702,1.27712,69
1779871980,1.27713,1.27719,1.27713,1.27716,59
1779872040,1.27715,1.2772,1.27715,1.2772,41
1779872100,1.27718,1.27719,1.27714,1.27715,31
1779872160,1.27716,1.27718,1.27712,1.27718,56
1779872220,1.27719,1.27719,1.27712,1.27712,43
1779872280,1.27711,1.27716,1.27705,1.27705,48
1779872340,1.27706,1.2771,1.27705,1.27708,53
1779872400,1.27709,1.2772,1.27704,1.27718,63
1779872460,1.27717,1.27718,1.27709,1.27711,50
1779872520,1.2771,1.27721,1.27707,1.27721,74
1779872580,1.2772,1.27721,1.27706,1.27706,51
1779872640,1.27707,1.2771,1.27706,1.2771,29
1779872700,1.27712,1.27713,1.27704,1.27712,68
1779872760,1.27711,1.27713,1.27707,1.27711,74
1779872820,1.2771,1.27711,1.27703,1.27703,26
1779872880,1.27704,1.27706,1.27703,1.27705,56
1779872940,1.27704,1.27711,1.27704,1.27706,36
1779873000,1.27705,1.27709,1.27701,1.27701,38
1779873060,1.27702,1.27703,1.277,1.27702,31
1779873120,1.27701,1.27707,1.277,1.27707,33
1779873180,1.27706,1.27707,1.27703,1.27703,18
1779873240,1.27702,1.27704,1.27687,1.27689,50
1779873300,1.27688,1.2769,1.27674,1.27674,58
1779873360,1.27675,1.27679,1.27675,1.27676,32
1779873420,1.27677,1.27682,1.2767,1.27672,40
1779873480,1.27669,1.27676,1.27667,1.27667,46
1779873540,1.27668,1.27671,1.27667,1.27671,38
1779873600,1.2767,1.27673,1.27665,1.27668,55
1779873660,1.27667,1.27671,1.27665,1.2767,65
1779873720,1.27669,1.2767,1.27664,1.27667,58
1779873780,1.27666,1.27673,1.27666,1.27672,52
1779873840,1.27671,1.27677,1.27669,1.27675,38
1779873900,1.27674,1.27678,1.27674,1.27676,29
1779873960,1.27675,1.27682,1.27674,1.27676,40
1779874020,1.27677,1.27677,1.27672,1.27673,31
1779874080,1.27675,1.27677,1.27674,1.27677,38
1779874140,1.27676,1.27681,1.27674,1.27678,50
1779874200,1.27679,1.27684,1.27679,1.27684,32
1779874260,1.27683,1.27684,1.2768,1.27682,34
1779874320,1.27681,1.27684,1.27676,1.27683,31
1779874380,1.27684,1.27686,1.27679,1.27679,50
1779874440,1.27678,1.27684,1.27675,1.27682,37
1779874500,1.27682,1.27689,1.27682,1.27684,51
1779874560,1.27686,1.27688,1.27685,1.27686,29
1779874620,1.27687,1.27691,1.27686,1.2769,28
1779874680,1.27691,1.27692,1.27685,1.27688,32
1779874740,1.27687,1.27689,1.27686,1.27687,22
1779874800,1.27686,1.27687,1.27681,1.27682,24
1779874860,1.27683,1.2769,1.27683,1.27688,36
1779874920,1.27687,1.27692,1.27686,1.27692,22
1779874980,1.27691,1.27694,1.27691,1.27691,28
1779875040,1.27692,1.27694,1.2769,1.2769,30
1779875100,1.27691,1.27692,1.27688,1.27691,26
1779875160,1.2769,1.27693,1.27688,1.27693,46
1779875220,1.27692,1.27697,1.27692,1.27696,34
1779875280,1.27695,1.27698,1.27694,1.27696,52
1779875340,1.27695,1.27695,1.27691,1.27694,38
1779875400,1.27693,1.27693,1.27687,1.27688,34
1779875460,1.27687,1.27687,1.27682,1.27682,38
1779875520,1.27683,1.27684,1.2768,1.27684,24
1779875580,1.27685,1.27685,1.27674,1.27674,32
1779875640,1.27673,1.27674,1.27664,1.27664,46
1779875700,1.27663,1.27665,1.27656,1.27656,51
1779875760,1.27654,1.27658,1.27652,1.27654,40
1779875820,1.27657,1.27666,1.27657,1.27663,28
1779875880,1.27664,1.2767,1.27664,1.2767,36
1779875940,1.27669,1.27681,1.27669,1.2768,48
1779876000,1.27681,1.27686,1.2768,1.27681,66
1779876060,1.2768,1.27687,1.27679,1.27687,50
1779876120,1.27686,1.27689,1.27686,1.27688,22
1779876180,1.27687,1.27694,1.27686,1.27692,52
1779876240,1.27691,1.27692,1.27685,1.27687,52
1779876300,1.27688,1.27689,1.27682,1.27684,30
1779876360,1.27683,1.27684,1.27682,1.27684,13
1779876420,1.27683,1.27684,1.27676,1.27677,42
1779876480,1.27676,1.27687,1.27676,1.27686,55
1779876540,1.27687,1.2769,1.27686,1.27688,22
1779876600,1.27689,1.27694,1.27686,1.27694,58
1779876660,1.27693,1.27694,1.27689,1.27694,50
1779876720,1.27693,1.27693,1.2769,1.2769,18
1779876780,1.27689,1.27694,1.27689,1.27692,37
1779876840,1.27693,1.27697,1.27692,1.27695,20
1779876900,1.27696,1.27698,1.27693,1.27697,43
1779876960,1.27696,1.27705,1.27696,1.27704,36
1779877020,1.27703,1.27706,1.27702,1.27705,29
1779877080,1.27704,1.2771,1.27703,1.27709,48
1779877140,1.27708,1.27713,1.27707,1.27713,28
1779877200,1.27714,1.27717,1.27712,1.27717,20
1779877260,1.27713,1.27719,1.27713,1.27718,38
1779877320,1.27719,1.2772,1.27717,1.2772,36
1779877380,1.27721,1.27725,1.2772,1.27725,26
1779877440,1.27726,1.27726,1.27719,1.27719,27
1779877500,1.27721,1.27723,1.27718,1.27719,26
1779877560,1.27718,1.27719,1.27717,1.27719,20
1779877620,1.2772,1.27722,1.27719,1.2772,18
1779877680,1.27721,1.2773,1.2772,1.2773,44
1779877740,1.27729,1.2773,1.27722,1.27724,33
1779877800,1.27725,1.27727,1.27723,1.27727,61
1779877860,1.27726,1.27727,1.27722,1.27723,66
1779877920,1.27725,1.27726,1.27722,1.27724,44
1779877980,1.27725,1.27727,1.27722,1.27726,32
1779878040,1.27724,1.27724,1.27718,1.2772,42
1779878100,1.27721,1.27727,1.27721,1.27723,34
1779878160,1.2772,1.2772,1.27717,1.27718,28
1779878220,1.27719,1.27719,1.27717,1.27718,20
1779878280,1.27716,1.27719,1.27716,1.27719,10
1779878340,1.27721,1.27737,1.27721,1.27733,56
1779878400,1.27732,1.27733,1.27726,1.27728,52
1779878460,1.27727,1.27728,1.27726,1.27728,22
1779878520,1.27729,1.27729,1.27724,1.27724,40
1779878580,1.27726,1.27726,1.2772,1.27721,34
1779878640,1.27723,1.27727,1.27721,1.27724,38
1779878700,1.27723,1.27725,1.27717,1.2772,78
1779878760,1.27721,1.27739,1.27721,1.27737,32
1779878820,1.27732,1.27755,1.27732,1.27755,54
1779878880,1.27754,1.27755,1.27747,1.27748,48
1779878940,1.27744,1.27744,1.27729,1.27731,42
1779879000,1.27735,1.27744,1.27735,1.27738,30
1779879060,1.27737,1.27748,1.27737,1.27748,38
1779879120,1.2775,1.27753,1.27746,1.27746,36
1779879180,1.27747,1.27752,1.27747,1.27752,38
1779879240,1.27751,1.27751,1.27745,1.27747,44
1779879300,1.27748,1.27758,1.27743,1.27753,50
1779879360,1.27755,1.27757,1.27752,1.27753,49
1779879420,1.27754,1.27757,1.27745,1.27745,39
1779879480,1.27746,1.27752,1.27746,1.27747,39
1779879540,1.27748,1.27749,1.27743,1.27747,25
1779879600,1.2774,1.27743,1.27738,1.2774,20
1779879660,1.27745,1.27746,1.27743,1.27744,19
1779879720,1.27741,1.27741,1.27736,1.27737,33
1779879780,1.27738,1.27738,1.27735,1.27738,25
1779879840,1.27739,1.2774,1.27739,1.2774,24
1779879900,1.27739,1.27747,1.27739,1.27745,74
1779879960,1.27744,1.27753,1.27744,1.27752,34
1779880020,1.27757,1.27758,1.2775,1.27754,58
1779880080,1.27751,1.27755,1.27746,1.27747,54
1779880140,1.27746,1.27749,1.27746,1.27746,20
1779880200,1.27751,1.27756,1.27748,1.27756,52
1779880260,1.27759,1.27765,1.27755,1.27756,44
1779880320,1.27753,1.27756,1.27742,1.27742,38
1779880380,1.27743,1.27743,1.27735,1.27735,26
1779880440,1.2774,1.27743,1.27737,1.2774,38
1779880500,1.27736,1.27737,1.2773,1.27731,40
1779880560,1.27735,1.27748,1.2773,1.27741,86
1779880620,1.27737,1.2774,1.27736,1.27737,40
1779880680,1.27736,1.27743,1.27736,1.27742,18
1779880740,1.27743,1.27749,1.2774,1.27746,44
1779880800,1.27747,1.27755,1.27746,1.27751,62
1779880860,1.27752,1.27761,1.2775,1.2776,65
1779880920,1.27761,1.27762,1.27747,1.27747,59
1779880980,1.27747,1.2776,1.27745,1.27756,75
1779881040,1.27755,1.27758,1.2775,1.27751,68
1779881100,1.2775,1.2776,1.2775,1.27756,68
1779881160,1.27753,1.27761,1.27753,1.27759,38
1779881220,1.27761,1.27766,1.27757,1.2776,41
1779881280,1.27759,1.27767,1.27759,1.27766,39
1779881340,1.27767,1.27769,1.27765,1.27768,38
1779881400,1.27769,1.27777,1.27768,1.27773,60
1779881460,1.2777,1.27781,1.2777,1.27774,45
1779881520,1.27772,1.27776,1.27769,1.27772,42
1779881580,1.27773,1.27778,1.2777,1.27775,49
1779881640,1.27777,1.2778,1.27775,1.27777,61
1779881700,1.27778,1.27778,1.27773,1.27773,50
1779881760,1.27772,1.27774,1.2777,1.2777,40
1779881820,1.2777,1.27773,1.27762,1.27763,48
1779881880,1.27763,1.2777,1.27757,1.2777,45
1779881940,1.27773,1.27777,1.27772,1.27775,36
1779882000,1.27777,1.27783,1.27775,1.27783,43
1779882060,1.27781,1.27784,1.27776,1.27778,51
1779882120,1.27776,1.2778,1.27773,1.27775,48
1779882180,1.27774,1.27776,1.27764,1.2777,50
1779882240,1.27769,1.2777,1.27764,1.27769,56
1779882300,1.27765,1.27768,1.27763,1.27764,44
1779882360,1.27763,1.2777,1.27763,1.27765,58
1779882420,1.27766,1.27771,1.27764,1.27765,44
1779882480,1.27764,1.27771,1.27764,1.27766,44
1779882540,1.27765,1.27769,1.27761,1.27767,42
1779882600,1.27768,1.27774,1.27766,1.27767,70
1779882660,1.27769,1.27774,1.27767,1.27771,60
1779882720,1.27768,1.27771,1.27766,1.27767,68
1779882780,1.27768,1.27771,1.27766,1.27768,64
1779882840,1.27767,1.2778,1.27766,1.2778,56
1779882900,1.27779,1.27791,1.27777,1.27789,104
1779882960,1.2779,1.2779,1.27783,1.27785,60
1779883020,1.27783,1.27786,1.2778,1.27782,58
1779883080,1.27783,1.27783,1.27777,1.2778,43
1779883140,1.27779,1.27782,1.27773,1.27773,33
1779883200,1.27772,1.27783,1.2777,1.27779,74
1779883260,1.2778,1.2778,1.27775,1.27776,65
1779883320,1.27775,1.27776,1.2776,1.27764,79
1779883380,1.27766,1.27772,1.27764,1.27765,61
1779883440,1.27766,1.2777,1.27764,1.2777,44
1779883500,1.27767,1.27769,1.27761,1.27762,55
1779883560,1.27762,1.27763,1.27755,1.27755,59
1779883620,1.27754,1.27761,1.27754,1.27761,69
1779883680,1.27762,1.27769,1.27762,1.27768,45
1779883740,1.27767,1.27777,1.27766,1.27769,62
1779883800,1.2777,1.27773,1.27763,1.27769,75
1779883860,1.27771,1.27773,1.27768,1.27772,46
1779883920,1.2777,1.27782,1.2777,1.27774,81
1779883980,1.27776,1.27782,1.27773,1.27781,88
1779884040,1.2778,1.27791,1.2778,1.27787,67
1779884100,1.27787,1.27796,1.27785,1.27792,93
1779884160,1.27793,1.27794,1.27786,1.27789,71
1779884220,1.27789,1.2779,1.27782,1.27783,80
1779884280,1.27783,1.27788,1.27698,1.27731,203
1779884340,1.27732,1.27745,1.27703,1.27745,208
1779884400,1.27744,1.27747,1.27708,1.2771,166
1779884460,1.27712,1.27718,1.27634,1.27634,188
1779884520,1.27628,1.27639,1.27602,1.27639,212
1779884580,1.27635,1.27672,1.27609,1.27661,204
1779884640,1.27654,1.27683,1.27652,1.27666,154
1779884700,1.27662,1.27669,1.27625,1.27625,198
1779884760,1.27623,1.27636,1.27609,1.27636,196
1779884820,1.27635,1.27662,1.27628,1.27655,178
1779884880,1.27654,1.2766,1.27632,1.27633,146
1779884940,1.27635,1.27642,1.27628,1.27632,140
1779885000,1.27629,1.27629,1.27602,1.27607,170
1779885060,1.27606,1.27628,1.27602,1.27628,133
1779885120,1.27631,1.27642,1.27626,1.27636,130
1779885180,1.27638,1.27646,1.27631,1.27637,114
1779885240,1.27635,1.27649,1.27632,1.27635,154
1779885300,1.27634,1.27654,1.27631,1.27651,121
1779885360,1.27652,1.27652,1.27613,1.27615,187
1779885420,1.27616,1.27644,1.27616,1.27641,168
1779885480,1.27642,1.27651,1.27635,1.27638,127
1779885540,1.27637,1.27644,1.27633,1.27639,123
1779885600,1.27637,1.27646,1.27637,1.27643,113
1779885660,1.27645,1.27652,1.27641,1.27642,142
1779885720,1.27641,1.27657,1.27641,1.27657,111
1779885780,1.27654,1.27655,1.27641,1.27646,102
1779885840,1.27645,1.27661,1.27636,1.27661,100
1779885900,1.27661,1.27666,1.27657,1.27662,97
1779885960,1.27663,1.27674,1.27663,1.27672,78
1779886020,1.27673,1.27673,1.27663,1.27672,114
1779886080,1.27671,1.27683,1.27669,1.27677,81
1779886140,1.27676,1.27688,1.27673,1.27677,102
1779886200,1.27676,1.27686,1.27676,1.27682,75
1779886260,1.27683,1.27683,1.27664,1.27674,92
1779886320,1.27673,1.27682,1.27667,1.27671,80
1779886380,1.2767,1.27678,1.27669,1.27672,101
1779886440,1.27673,1.27682,1.27667,1.27671,85
1779886500,1.27673,1.27675,1.27666,1.27674,89
1779886560,1.27678,1.27686,1.27671,1.27684,86
1779886620,1.27685,1.27692,1.27685,1.27687,92
1779886680,1.27688,1.277,1.27687,1.27698,83
1779886740,1.277,1.27724,1.277,1.27715,125
1779886800,1.27714,1.27714,1.27695,1.27705,122
1779886860,1.27711,1.27718,1.27705,1.27717,92
1779886920,1.2772,1.2772,1.27686,1.27687,131
1779886980,1.27688,1.27688,1.27681,1.27683,80
1779887040,1.27682,1.27694,1.27682,1.27693,100
1779887100,1.27692,1.27694,1.27684,1.27688,106
1779887160,1.27691,1.27697,1.27688,1.27697,119
1779887220,1.27701,1.27714,1.27701,1.27707,106
1779887280,1.27706,1.27713,1.277,1.27704,113
1779887340,1.27705,1.27716,1.27701,1.27709,110
1779887400,1.27711,1.27711,1.27691,1.27691,140
1779887460,1.27692,1.27702,1.27687,1.27693,121
1779887520,1.27694,1.27706,1.27693,1.27701,94
1779887580,1.277,1.2771,1.277,1.27701,71
1779887640,1.27702,1.27705,1.27694,1.27696,77
1779887700,1.27695,1.27702,1.27691,1.27693,61
1779887760,1.27694,1.27701,1.27684,1.27684,104
1779887820,1.27685,1.27689,1.27682,1.27684,51
1779887880,1.27683,1.27691,1.27679,1.27685,62
1779887940,1.27684,1.27688,1.27681,1.27686,84
1779888000,1.27687,1.27706,1.27686,1.27706,130
1779888060,1.27707,1.27709,1.2769,1.27696,117
1779888120,1.27695,1.27707,1.27695,1.27697,95
1779888180,1.27698,1.277,1.27688,1.27698,76
1779888240,1.27697,1.27698,1.27686,1.27686,73
1779888300,1.27685,1.27686,1.27679,1.27685,63
1779888360,1.27688,1.27692,1.27678,1.27682,86
1779888420,1.27681,1.27705,1.27679,1.27699,118
1779888480,1.27703,1.27714,1.27697,1.27713,106
1779888540,1.27714,1.27715,1.27704,1.27706,115
1779888600,1.27711,1.27714,1.277,1.27703,120
1779888660,1.27702,1.27703,1.27683,1.27685,139
1779888720,1.27686,1.27691,1.27677,1.27679,129
1779888780,1.2768,1.2768,1.27656,1.27667,106
1779888840,1.27668,1.27672,1.2766,1.2766,111
1779888900,1.27661,1.27671,1.27659,1.27664,154
1779888960,1.27665,1.27694,1.27665,1.27694,132
1779889020,1.27693,1.27709,1.27689,1.27699,127
1779889080,1.27698,1.27709,1.27694,1.27696,134
1779889140,1.27697,1.27698,1.27684,1.27685,139
1779889200,1.27687,1.27689,1.2768,1.27684,125
1779889260,1.27685,1.27688,1.27673,1.27674,117
1779889320,1.27676,1.27682,1.27672,1.27678,137
1779889380,1.27678,1.27687,1.27676,1.27686,90
1779889440,1.27687,1.27694,1.27682,1.27684,134
1779889500,1.27686,1.27686,1.27664,1.27665,125
1779889560,1.27659,1.27668,1.27653,1.27666,126
1779889620,1.27665,1.27675,1.27663,1.27671,103
1779889680,1.2767,1.2767,1.27662,1.27667,124
1779889740,1.27669,1.27681,1.27669,1.2768,132
1779889800,1.27678,1.27689,1.27667,1.27669,113
1779889860,1.27666,1.27669,1.27658,1.27663,121
1779889920,1.27664,1.27672,1.27663,1.27664,120
1779889980,1.27665,1.27679,1.27664,1.27679,92
1779890040,1.27682,1.27691,1.27675,1.27679,145
1779890100,1.27678,1.27679,1.27669,1.27679,65
1779890160,1.27678,1.27683,1.27672,1.27677,114
1779890220,1.27674,1.27678,1.27671,1.27671,105
1779890280,1.27672,1.27676,1.27668,1.27671,92
1779890340,1.27672,1.27672,1.2765,1.2765,103
1779890400,1.27643,1.27654,1.27637,1.27652,98
1779890460,1.27653,1.27663,1.27652,1.27654,102
1779890520,1.27653,1.27666,1.27652,1.27663,102
1779890580,1.27664,1.27675,1.27659,1.27674,111
1779890640,1.27675,1.27683,1.27665,1.27667,126
1779890700,1.27665,1.27668,1.27663,1.27667,67
1779890760,1.27668,1.27674,1.27662,1.27666,96
1779890820,1.27665,1.27683,1.27656,1.27676,116
1779890880,1.2768,1.2768,1.27668,1.2767,130
1779890940,1.27669,1.27669,1.27646,1.27646,100
1779891000,1.27641,1.27656,1.27641,1.27652,116
1779891060,1.27651,1.27655,1.27649,1.27653,90
1779891120,1.27652,1.27652,1.27631,1.27632,78
1779891180,1.27633,1.27639,1.2763,1.27632,86
1779891240,1.27633,1.2764,1.27622,1.27627,109
1779891300,1.27628,1.2763,1.27623,1.2763,102
1779891360,1.27627,1.27629,1.27614,1.27614,84
1779891420,1.27615,1.27616,1.27605,1.27611,81
1779891480,1.2761,1.27618,1.27605,1.27609,97
1779891540,1.27608,1.27612,1.27603,1.27603,86
1779891600,1.27601,1.27628,1.27593,1.27621,190
1779891660,1.27623,1.27624,1.27611,1.27617,88
1779891720,1.27618,1.27633,1.27614,1.27633,86
1779891780,1.27632,1.27639,1.27628,1.27637,110
1779891840,1.27638,1.27667,1.27638,1.27664,122
1779891900,1.27663,1.27664,1.27648,1.27658,110
1779891960,1.27659,1.27662,1.27649,1.27653,82
1779892020,1.2765,1.27656,1.27644,1.27656,93
1779892080,1.27657,1.2766,1.27648,1.27652,125
1779892140,1.27653,1.27654,1.2764,1.27643,87
1779892200,1.27646,1.27648,1.27634,1.27646,97
1779892260,1.27645,1.27646,1.27633,1.27634,95
1779892320,1.27635,1.27661,1.2762,1.27661,142
1779892380,1.27662,1.27696,1.27635,1.27685,222
1779892440,1.27683,1.27686,1.27659,1.2766,158
1779892500,1.27658,1.2767,1.27658,1.27661,128
1779892560,1.2766,1.27663,1.27649,1.27651,102
1779892620,1.2765,1.2766,1.2765,1.27659,108
1779892680,1.27657,1.27657,1.27641,1.27644,104
1779892740,1.27645,1.27651,1.2764,1.2764,86
1779892800,1.27641,1.27652,1.27635,1.27643,129
1779892860,1.27644,1.27652,1.27643,1.27648,89
1779892920,1.27647,1.27666,1.27647,1.2766,113
1779892980,1.27659,1.27659,1.2764,1.27643,119
1779893040,1.27644,1.27654,1.27642,1.27642,103
1779893100,1.27641,1.27646,1.27632,1.27632,103
1779893160,1.2763,1.27634,1.27626,1.27628,63
1779893220,1.27627,1.27637,1.27625,1.27637,141
1779893280,1.27636,1.27655,1.27636,1.27641,124
1779893340,1.2764,1.27665,1.27639,1.27665,110
1779893400,1.27666,1.27685,1.27664,1.27683,130
1779893460,1.27681,1.27687,1.27675,1.27683,142
1779893520,1.27682,1.27695,1.27679,1.27695,127
1779893580,1.27696,1.27707,1.27694,1.27704,134
1779893640,1.27703,1.2771,1.27699,1.27706,92
1779893700,1.27711,1.27732,1.27711,1.27732,128
1779893760,1.27731,1.27733,1.27715,1.2773,130
1779893820,1.27729,1.27749,1.27723,1.27736,137
1779893880,1.27736,1.2774,1.27728,1.27732,108
1779893940,1.27731,1.27747,1.27731,1.27746,102
1779894000,1.27747,1.27759,1.27746,1.27754,80
1779894060,1.27753,1.27753,1.27734,1.27734,98
1779894120,1.27732,1.27738,1.27727,1.27728,97
1779894180,1.27726,1.27727,1.27708,1.27713,134
1779894240,1.27712,1.27729,1.2771,1.27727,133
1779894300,1.27726,1.27728,1.27712,1.27728,115
1779894360,1.27726,1.27727,1.2771,1.27717,93
1779894420,1.27718,1.27719,1.27705,1.27707,111
1779894480,1.27706,1.27717,1.27703,1.2771,101
1779894540,1.27711,1.27715,1.27708,1.2771,96
1779894600,1.27711,1.27717,1.27709,1.27711,92
1779894660,1.27712,1.27717,1.27704,1.2771,99
1779894720,1.27707,1.27709,1.27696,1.27698,76
1779894780,1.27699,1.27701,1.27694,1.27697,102
1779894840,1.27694,1.27698,1.27692,1.27696,62
1779894900,1.27694,1.27702,1.27694,1.27701,86
1779894960,1.27702,1.27707,1.27698,1.27705,100
1779895020,1.27707,1.27714,1.27704,1.27714,100
1779895080,1.27713,1.27718,1.2771,1.27711,60
1779895140,1.2771,1.27721,1.2771,1.2772,60
1779895200,1.27719,1.2772,1.27705,1.27715,110
1779895260,1.27716,1.27726,1.27716,1.27725,96
1779895320,1.27724,1.27726,1.27719,1.27724,80
1779895380,1.27721,1.27723,1.27708,1.27714,59
1779895440,1.27713,1.27721,1.27705,1.27707,85
1779895500,1.27708,1.27713,1.27704,1.27713,72
1779895560,1.27714,1.27715,1.27706,1.2771,73
1779895620,1.27713,1.27714,1.27698,1.27704,84
1779895680,1.27702,1.27703,1.27689,1.27692,86
1779895740,1.27691,1.27691,1.27686,1.27689,57
1779895800,1.27688,1.27704,1.27688,1.27693,100
1779895860,1.27694,1.27694,1.27674,1.27691,117
1779895920,1.2769,1.27692,1.27683,1.27689,96
1779895980,1.2769,1.27692,1.27671,1.27675,87
1779896040,1.27674,1.27686,1.27672,1.27674,116
1779896100,1.27675,1.27684,1.2767,1.27684,98
1779896160,1.27685,1.2769,1.27679,1.27682,105
1779896220,1.2768,1.27689,1.2768,1.27687,60
1779896280,1.27683,1.27691,1.27682,1.27691,57
1779896340,1.27697,1.27698,1.27691,1.27696,70
1779896400,1.27694,1.27695,1.27686,1.27691,102
1779896460,1.27692,1.27696,1.27689,1.27693,71
1779896520,1.27694,1.27704,1.27687,1.27698,79
1779896580,1.27695,1.27709,1.27693,1.27709,68
1779896640,1.27706,1.27723,1.27704,1.27716,113
1779896700,1.27716,1.27724,1.27692,1.27712,112
1779896760,1.27713,1.27721,1.27712,1.27718,74
1779896820,1.27719,1.27736,1.27718,1.27735,82
1779896880,1.27736,1.27743,1.27732,1.27735,82
1779896940,1.27738,1.27742,1.27733,1.27735,88
1779897000,1.27734,1.27737,1.27726,1.27726,74
1779897060,1.27727,1.2774,1.27727,1.2774,84
1779897120,1.27739,1.27743,1.27738,1.27742,44
1779897180,1.27741,1.27742,1.27726,1.27728,89
1779897240,1.27729,1.27746,1.27728,1.2773,93
1779897300,1.27729,1.27735,1.27724,1.27724,72
1779897360,1.27722,1.27723,1.27713,1.27713,77
1779897420,1.27714,1.27717,1.27707,1.27712,86
1779897480,1.27713,1.27716,1.27712,1.27715,78
1779897540,1.27716,1.27717,1.2771,1.2771,71
1779897600,1.27707,1.27715,1.27707,1.2771,112
1779897660,1.27707,1.27714,1.27704,1.27713,50
1779897720,1.27715,1.27715,1.27707,1.27707,94
1779897780,1.27706,1.27736,1.27704,1.27734,82
1779897840,1.27733,1.2774,1.27718,1.27722,124
1779897900,1.27723,1.27723,1.27712,1.27718,90
1779897960,1.2772,1.27721,1.27712,1.27713,112
1779898020,1.27714,1.27722,1.2771,1.27721,80
1779898080,1.2772,1.27733,1.2772,1.27724,63
1779898140,1.27723,1.27724,1.27719,1.2772,62
1779898200,1.27721,1.27723,1.27713,1.27713,57
1779898260,1.27713,1.27715,1.27702,1.27705,67
1779898320,1.27706,1.2771,1.27703,1.27705,78
1779898380,1.27704,1.27713,1.27704,1.27713,52
1779898440,1.27715,1.27715,1.2771,1.27715,50
1779898500,1.27714,1.27714,1.27704,1.27704,38
1779898560,1.27705,1.2771,1.27703,1.27704,56
1779898620,1.27705,1.27707,1.27703,1.27704,32
1779898680,1.27705,1.27705,1.27696,1.27696,54
1779898740,1.27697,1.27699,1.27695,1.27698,42
1779898800,1.27697,1.27697,1.2769,1.2769,38
1779898860,1.27692,1.27692,1.27688,1.27689,32
1779898920,1.2769,1.2769,1.27683,1.27689,38
1779898980,1.27691,1.27691,1.27682,1.27683,48
1779899040,1.27684,1.27696,1.27684,1.27694,56
1779899100,1.27695,1.27698,1.27693,1.27696,74
1779899160,1.27695,1.27699,1.2769,1.27692,68
1779899220,1.27694,1.27697,1.27691,1.27693,52
1779899280,1.27695,1.27705,1.27695,1.27704,38
1779899340,1.27703,1.27711,1.27702,1.27706,68
1779899400,1.27707,1.27712,1.27702,1.27712,60
1779899460,1.27714,1.27715,1.27707,1.27707,64
1779899520,1.27708,1.27709,1.277,1.27706,62
1779899580,1.27707,1.27711,1.27703,1.27711,42
1779899640,1.2771,1.2771,1.27706,1.27708,44
1779899700,1.27706,1.27707,1.27705,1.27706,20
1779899760,1.27707,1.27709,1.27701,1.27708,66
1779899820,1.27707,1.2771,1.277,1.277,44
1779899880,1.27701,1.27705,1.277,1.277,42
1779899940,1.27698,1.277,1.27697,1.27699,36
1779900000,1.27698,1.27698,1.27688,1.27688,40
1779900060,1.27687,1.27691,1.27682,1.27691,57
1779900120,1.2769,1.27695,1.2769,1.27692,32
1779900180,1.27692,1.27692,1.27686,1.27689,36
1779900240,1.2769,1.27692,1.2769,1.27691,23
1779900300,1.2769,1.27691,1.27687,1.27689,50
1779900360,1.2769,1.27698,1.27687,1.27688,35
1779900420,1.27687,1.27689,1.27683,1.27685,19
1779900480,1.27683,1.27689,1.27681,1.27686,67
1779900540,1.27685,1.27687,1.27683,1.27687,35
1779900600,1.27686,1.27692,1.27684,1.2769,50
1779900660,1.27689,1.27689,1.27685,1.27685,22
1779900720,1.27683,1.27689,1.27682,1.27689,28
1779900780,1.2769,1.27701,1.27689,1.27697,42
1779900840,1.27696,1.27703,1.27696,1.27702,54
1779900900,1.27704,1.27711,1.27704,1.27706,51
1779900960,1.27707,1.27708,1.27698,1.27703,55
1779901020,1.27702,1.27707,1.27699,1.27705,62
1779901080,1.27703,1.27705,1.27699,1.277,65
1779901140,1.27699,1.27702,1.27699,1.277,21
1779901200,1.27699,1.27702,1.27697,1.27698,42
1779901260,1.27699,1.2771,1.27694,1.27709,67
1779901320,1.2771,1.27715,1.27706,1.27709,68
1779901380,1.27708,1.27718,1.27704,1.27712,78
1779901440,1.27711,1.27716,1.2771,1.27714,42
1779901500,1.27712,1.27712,1.27707,1.27708,52
1779901560,1.27711,1.27723,1.27711,1.27722,55
1779901620,1.27725,1.27741,1.27725,1.27741,61
1779901680,1.27742,1.2776,1.27742,1.27758,74
1779901740,1.27761,1.27761,1.27747,1.27758,88
1779901800,1.27757,1.27757,1.27747,1.2775,62
1779901860,1.27752,1.27756,1.27747,1.27756,74
1779901920,1.27755,1.27758,1.27752,1.27756,45
1779901980,1.27757,1.2776,1.27755,1.27755,44
1779902040,1.27756,1.27757,1.27745,1.27748,50
1779902100,1.27747,1.27755,1.27742,1.27745,84
1779902160,1.27746,1.27748,1.27741,1.27745,56
1779902220,1.27741,1.27745,1.27737,1.27738,62
1779902280,1.27739,1.27749,1.27737,1.27744,56
1779902340,1.27745,1.27752,1.27743,1.27747,60
1779902400,1.27748,1.27756,1.27745,1.27753,64
1779902460,1.27754,1.27762,1.27753,1.27762,69
1779902520,1.27761,1.27762,1.27757,1.2776,58
1779902580,1.27762,1.27762,1.27752,1.27757,43
1779902640,1.27755,1.27758,1.27754,1.27756,46
1779902700,1.27757,1.27761,1.27753,1.27759,60
1779902760,1.27758,1.2776,1.27754,1.27757,37
1779902820,1.27753,1.27759,1.27753,1.27759,74
1779902880,1.2776,1.27761,1.27758,1.27758,19
1779902940,1.27757,1.27762,1.27755,1.27762,44
1779903000,1.27763,1.27764,1.27762,1.27764,27
1779903060,1.27763,1.27763,1.27755,1.27761,46
1779903120,1.2776,1.2776,1.27758,1.27759,20
1779903180,1.27758,1.27766,1.27756,1.27763,26
1779903240,1.27762,1.27764,1.27761,1.27762,22
1779903300,1.27761,1.27763,1.27757,1.27758,62
1779903360,1.27759,1.27766,1.27758,1.27761,50
1779903420,1.27762,1.27762,1.27755,1.27761,58
1779903480,1.2776,1.27761,1.27753,1.27753,48
1779903540,1.27754,1.27763,1.27752,1.27763,52
1779903600,1.27764,1.27767,1.27762,1.27766,42
1779903660,1.27767,1.27767,1.27754,1.27755,50
1779903720,1.27753,1.27756,1.27752,1.27754,52
1779903780,1.27755,1.27755,1.27752,1.27752,23
1779903840,1.27753,1.27757,1.27753,1.27755,13
1779903900,1.27756,1.27756,1.27752,1.27756,30
1779903960,1.27754,1.27756,1.27753,1.27754,20
1779904020,1.27753,1.27758,1.27753,1.27758,28
1779904080,1.27757,1.27757,1.27756,1.27757,18
1779904140,1.27756,1.27756,1.27751,1.27753,22
1779904200,1.27754,1.27754,1.27741,1.27741,52
1779904260,1.27742,1.27747,1.27732,1.27732,50
1779904320,1.27731,1.27737,1.27729,1.27733,37
1779904380,1.27734,1.27743,1.27734,1.27741,41
1779904440,1.2774,1.27743,1.27737,1.27743,52
1779904500,1.27742,1.27742,1.27735,1.27736,63
1779904560,1.27732,1.27735,1.27731,1.27734,42
1779904620,1.27738,1.27738,1.27736,1.27736,17
1779904680,1.27733,1.27734,1.27731,1.27732,32
1779904740,1.27733,1.27745,1.27732,1.27742,48
1779904800,1.27746,1.27748,1.27742,1.27748,56
1779904860,1.27747,1.2775,1.27743,1.2775,29
1779904920,1.27752,1.2776,1.2775,1.27759,55
1779904980,1.2776,1.27762,1.27758,1.27758,37
1779905040,1.27757,1.27762,1.27757,1.2776,38
1779905100,1.27759,1.27761,1.27756,1.27756,49
1779905160,1.27757,1.27761,1.27753,1.27754,42
1779905220,1.27753,1.27757,1.27753,1.27756,44
1779905280,1.27753,1.27757,1.27753,1.27754,54
1779905340,1.27755,1.27758,1.27755,1.27757,23
1779905400,1.27758,1.27759,1.27757,1.27759,22
1779905460,1.2776,1.27768,1.27755,1.27768,24
1779905520,1.27764,1.2777,1.27761,1.27762,56
1779905580,1.27764,1.27767,1.27763,1.27767,28
1779905640,1.27765,1.27768,1.27765,1.27765,29
1779905700,1.27766,1.27769,1.27763,1.27763,41
1779905760,1.27765,1.2777,1.27762,1.27769,41
1779905820,1.2777,1.27771,1.27762,1.27768,57
1779905880,1.27767,1.27769,1.27762,1.27766,18
1779905940,1.27767,1.27767,1.27766,1.27767,10
1779906000,1.27768,1.27768,1.27765,1.27768,24
1779906060,1.27767,1.27769,1.27767,1.27768,25
1779906120,1.27769,1.27769,1.27764,1.27768,33
1779906180,1.27763,1.27767,1.27758,1.27758,48
1779906240,1.27759,1.27766,1.27757,1.27766,37
1779906300,1.27767,1.27767,1.27757,1.27757,30
1779906360,1.27756,1.27758,1.27756,1.27758,15
1779906420,1.27757,1.27757,1.27749,1.27751,47
1779906480,1.27752,1.27757,1.27751,1.27754,47
1779906540,1.27755,1.27755,1.27751,1.27752,14
1779906600,1.2775,1.2775,1.27736,1.27739,64
1779906660,1.27738,1.2775,1.27738,1.27748,60
1779906720,1.27747,1.27751,1.27747,1.2775,37
1779906780,1.27751,1.27754,1.27749,1.27754,31
1779906840,1.27757,1.27759,1.27754,1.27758,40
1779906900,1.27755,1.27759,1.27754,1.27758,36
1779906960,1.27759,1.27759,1.27752,1.27755,32
1779907020,1.27756,1.27758,1.27754,1.27758,58
1779907080,1.27758,1.27758,1.2775,1.27752,65
1779907140,1.27751,1.27753,1.27748,1.27749,41
1779907200,1.2775,1.27752,1.27748,1.27749,20
1779907260,1.27748,1.27749,1.27747,1.27747,16
1779907320,1.27748,1.2775,1.27744,1.27747,42
1779907380,1.27746,1.27747,1.27742,1.27742,56
1779907440,1.27741,1.27744,1.27741,1.27743,25
1779907500,1.27748,1.27749,1.27742,1.27747,46
1779907560,1.27746,1.27747,1.27742,1.27745,59
1779907620,1.27746,1.27751,1.27745,1.2775,47
1779907680,1.27749,1.27751,1.27748,1.27748,30
1779907740,1.27749,1.27751,1.27742,1.27743,38
1779907800,1.27744,1.27744,1.27738,1.27741,28
1779907860,1.27741,1.27746,1.27741,1.27745,32
1779907920,1.27744,1.27747,1.2774,1.27743,25
1779907980,1.2774,1.27746,1.27739,1.27743,30
1779908040,1.27742,1.27744,1.2774,1.27741,16
1779908100,1.2774,1.27741,1.27732,1.27732,18
1779908160,1.27733,1.27734,1.27731,1.27732,40
1779908220,1.27733,1.27734,1.27731,1.27732,36
1779908280,1.27731,1.27733,1.27726,1.27731,30
1779908340,1.27733,1.27733,1.27726,1.27731,29
1779908400,1.27727,1.27734,1.27726,1.27733,26
1779908460,1.27734,1.27738,1.27731,1.27737,46
1779908520,1.27738,1.27738,1.27732,1.27736,14
1779908580,1.27737,1.2774,1.27735,1.27735,22
1779908640,1.27736,1.27736,1.2773,1.2773,26
1779908700,1.27734,1.27736,1.2773,1.27735,32
1779908760,1.27731,1.27735,1.27729,1.2773,18
1779908820,1.27736,1.27737,1.27725,1.27725,30
1779908880,1.27724,1.2773,1.27723,1.27728,20
1779908940,1.27729,1.2773,1.27728,1.2773,10
1779909000,1.2773,1.27734,1.27729,1.27733,23
1779909060,1.27736,1.27736,1.27735,1.27736,9
1779909120,1.27737,1.27741,1.27735,1.27737,20
1779909180,1.27738,1.27746,1.27738,1.2774,24
1779909240,1.27741,1.27741,1.27736,1.2774,62
1779909300,1.27738,1.27738,1.27734,1.27736,33
1779909360,1.27736,1.27741,1.27736,1.2774,27
1779909420,1.27737,1.2774,1.27734,1.27736,49
1779909480,1.27738,1.27741,1.27736,1.2774,36
1779909540,1.27741,1.27742,1.27741,1.27742,16
1779909600,1.2774,1.2774,1.27732,1.27737,30
1779909660,1.27742,1.27742,1.27732,1.27734,38
1779909720,1.27736,1.27738,1.27736,1.27738,10
1779909780,1.27737,1.27737,1.27725,1.27727,41
1779909840,1.27726,1.27731,1.27725,1.27731,54
1779909900,1.2773,1.27735,1.2773,1.27733,25
1779909960,1.27734,1.27736,1.27731,1.27735,30
1779910020,1.27734,1.2774,1.27731,1.27735,62
1779910080,1.2774,1.2774,1.27735,1.27739,40
1779910140,1.2774,1.2774,1.27734,1.27737,64
1779910200,1.27739,1.2774,1.27734,1.2774,21
1779910260,1.27741,1.27741,1.27735,1.27738,42
1779910320,1.2774,1.27746,1.27733,1.2774,31
1779910380,1.27739,1.2774,1.2773,1.27733,64
1779910440,1.27734,1.27736,1.27734,1.27736,22
1779910500,1.27735,1.27735,1.2773,1.2773,40
1779910560,1.27729,1.27732,1.27729,1.27731,16
1779910620,1.27732,1.27735,1.2773,1.27734,34
1779910680,1.27735,1.27741,1.27735,1.2774,48
1779910740,1.27738,1.27738,1.27731,1.27733,35
1779910800,1.27734,1.27741,1.27731,1.27741,57
1779910860,1.2774,1.27744,1.2774,1.27744,19
1779910920,1.27745,1.27746,1.27742,1.27742,10
1779910980,1.27739,1.27741,1.27737,1.2774,45
1779911040,1.27741,1.27742,1.2774,1.27741,13
1779911100,1.27739,1.27745,1.27739,1.27742,16
1779911160,1.27741,1.27743,1.27741,1.27743,22
1779911220,1.27742,1.27742,1.27735,1.27735,30
1779911280,1.27734,1.27742,1.27734,1.27742,38
1779911340,1.2774,1.27743,1.27739,1.27742,36
1779911400,1.27741,1.27745,1.2774,1.27743,56
1779911460,1.27742,1.27743,1.27742,1.27742,6
1779911520,1.27741,1.27746,1.27741,1.27745,14
1779911580,1.27746,1.27747,1.27744,1.27747,24
1779911640,1.27746,1.27747,1.27734,1.27734,47
1779911700,1.27734,1.27735,1.27734,1.27735,19
1779911760,1.27733,1.27734,1.27732,1.27732,12
1779911820,1.27731,1.27734,1.27729,1.27732,30
1779911880,1.27733,1.27735,1.2773,1.27733,42
1779911940,1.27734,1.27734,1.27726,1.27726,86
1779912000,1.27727,1.27728,1.27725,1.27726,38
1779912060,1.27727,1.27727,1.27724,1.27725,30
1779912120,1.27723,1.27723,1.27715,1.27716,24
1779912180,1.27717,1.27717,1.27716,1.27716,4
1779912240,1.27715,1.27716,1.27707,1.27708,19
1779912300,1.2771,1.27713,1.27708,1.27712,44
1779912360,1.27713,1.27714,1.27711,1.27711,28
1779912420,1.27712,1.27713,1.27711,1.27713,11
1779912540,1.27712,1.27718,1.27712,1.27718,16
1779912600,1.27716,1.27716,1.27714,1.27714,10
1779912660,1.27715,1.27729,1.27715,1.27728,30
1779912720,1.27727,1.27727,1.27727,1.27727,2
1779912780,1.27725,1.27725,1.27723,1.27723,6
1779912840,1.27724,1.27725,1.27721,1.27722,18
1779912900,1.27721,1.27722,1.27719,1.27722,16
1779912960,1.27723,1.27724,1.27722,1.27722,12
1779913020,1.27723,1.27725,1.27721,1.27721,12
1779913080,1.2772,1.27721,1.2772,1.27721,4
1779913140,1.27722,1.27723,1.27722,1.27723,4
1779913200,1.27722,1.27729,1.27722,1.27729,14
1779913260,1.2773,1.2773,1.27724,1.27727,26
1779913320,1.27728,1.27731,1.27727,1.27731,16
1779913380,1.27732,1.27732,1.27724,1.27724,24
1779913440,1.27727,1.27728,1.27726,1.27726,8
1779913500,1.27725,1.27725,1.27723,1.27724,18
1779913560,1.27723,1.27724,1.27723,1.27724,3
1779913620,1.27723,1.27723,1.27722,1.27723,6
1779913680,1.27724,1.27728,1.27724,1.27728,14
1779913740,1.27729,1.27729,1.27726,1.27727,11
1779913800,1.27726,1.27726,1.27723,1.27723,8
1779913860,1.27722,1.27723,1.27722,1.27723,3
1779913920,1.27724,1.27724,1.27724,1.27724,2
1779913980,1.27723,1.27724,1.27723,1.27723,14
1779914040,1.27724,1.27724,1.27724,1.27724,2
1779914100,1.27725,1.27727,1.27724,1.27725,16
1779914160,1.27726,1.27726,1.27725,1.27726,6
1779914220,1.27725,1.27728,1.27725,1.27726,24
1779914280,1.27727,1.2773,1.27727,1.2773,12
1779914340,1.27729,1.2773,1.27729,1.2773,4
1779914400,1.27727,1.27728,1.27726,1.27726,28
1779914460,1.27727,1.27727,1.27726,1.27726,8
1779914520,1.27727,1.27728,1.27727,1.27727,10
1779914580,1.27726,1.27726,1.27714,1.27714,21
1779914640,1.27715,1.27716,1.27715,1.27715,10
1779914700,1.27714,1.27729,1.27712,1.27729,45
1779914760,1.27727,1.27729,1.27726,1.27728,18
1779914820,1.27728,1.27728,1.27726,1.27728,7
1779914880,1.2773,1.27744,1.2773,1.27741,22
1779914940,1.27744,1.27745,1.27742,1.27744,18
1779915000,1.27745,1.27747,1.27745,1.27745,20
1779915060,1.27746,1.27746,1.27745,1.27746,12
1779915120,1.27745,1.27748,1.27745,1.27747,17
1779915180,1.27748,1.27748,1.27657,1.27679,69
1779915240,1.27679,1.27686,1.27678,1.27682,58
1779915300,1.27677,1.27684,1.27663,1.27667,24
1779915360,1.27667,1.27668,1.27667,1.27668,10
1779915420,1.27667,1.27668,1.27667,1.27668,6
1779915480,1.27667,1.27667,1.27667,1.27667,2
1779915660,1.27641,1.27641,1.27641,1.27641,2
1779916680,1.27642,1.27642,1.27641,1.27641,4
1779916800,1.2766,1.2766,1.2766,1.2766,2
1779916860,1.27659,1.27659,1.27659,1.27659,2
1779916980,1.2766,1.2766,1.2766,1.2766,2
1779917220,1.27649,1.27649,1.27649,1.27649,2
1779917280,1.27647,1.27647,1.27614,1.27634,14
1779917340,1.27622,1.27622,1.27622,1.27622,2
1779917400,1.27621,1.27623,1.27616,1.27623,8
1779917460,1.27614,1.2765,1.27614,1.27645,48
1779917520,1.27627,1.27651,1.27616,1.27646,28
1779917580,1.27645,1.27645,1.27624,1.27635,30
1779917640,1.27639,1.27661,1.27636,1.27642,38
1779917700,1.27646,1.27653,1.27617,1.27621,68
1779917760,1.27612,1.27625,1.27604,1.27618,76
1779917820,1.27615,1.2763,1.27604,1.27604,50
1779917940,1.27605,1.27605,1.27604,1.27604,4
1779918000,1.27606,1.27649,1.27605,1.27648,52
1779918060,1.27647,1.27652,1.27647,1.2765,14
1779918120,1.27653,1.27654,1.27651,1.27653,10
1779918180,1.27651,1.27652,1.2765,1.2765,8
1779918240,1.27654,1.27656,1.27653,1.27656,6
1779918300,1.27655,1.27657,1.27645,1.27654,24
1779918360,1.27644,1.27665,1.27617,1.27648,143
1779918420,1.27656,1.27659,1.27641,1.27655,30
1779918480,1.2766,1.2766,1.27655,1.27658,10
1779918540,1.27659,1.27659,1.27659,1.27659,2
1779918600,1.2766,1.2766,1.2766,1.2766,2
1779918660,1.27664,1.27666,1.2766,1.2766,10
1779918720,1.27654,1.27662,1.27653,1.27655,40
1779918780,1.27663,1.27663,1.27654,1.27661,10
1779918840,1.27662,1.27662,1.27662,1.27662,2
1779918900,1.27661,1.27661,1.27625,1.27625,28
1779918960,1.27624,1.27624,1.27609,1.27614,42
1779919020,1.27613,1.27622,1.27609,1.27611,40
1779919080,1.2761,1.27616,1.27609,1.2761,16
1779919140,1.27609,1.27609,1.27609,1.27609,2
1779919200,1.27658,1.27662,1.27649,1.27659,19
1779919260,1.2766,1.27662,1.2766,1.27662,6
1779919320,1.27667,1.27681,1.27667,1.27681,7
1779919380,1.27681,1.27684,1.2768,1.27683,14
1779919440,1.27684,1.27713,1.27683,1.27713,29
1779919500,1.27708,1.27714,1.27708,1.27714,18
1779919560,1.27713,1.27714,1.27707,1.27713,26
1779919620,1.27712,1.27714,1.27697,1.27708,15
1779919680,1.27709,1.27714,1.27707,1.27712,28
1779919740,1.27713,1.27719,1.27698,1.27719,41
1779919800,1.2772,1.2772,1.27717,1.27719,9
1779919860,1.27719,1.27719,1.27696,1.27714,43
1779919920,1.27715,1.27718,1.27712,1.27717,29
1779919980,1.27714,1.27717,1.27707,1.27717,54
1779920040,1.27714,1.27716,1.27705,1.27711,60
1779920100,1.27707,1.27709,1.27682,1.27695,59
1779920160,1.27695,1.27697,1.27691,1.27695,31
1779920220,1.27696,1.27697,1.27689,1.27689,33
1779920280,1.27692,1.27703,1.27691,1.27703,29
1779920340,1.27706,1.2771,1.27703,1.2771,20
1779920400,1.27709,1.27709,1.2769,1.27691,31
1779920460,1.27692,1.27703,1.27692,1.27702,31
1779920520,1.27701,1.27702,1.27698,1.27702,24
1779920580,1.27703,1.27703,1.27697,1.27702,22
1779920640,1.27697,1.27702,1.27697,1.27702,12
1779920700,1.27695,1.27718,1.27695,1.27718,46
1779920760,1.27719,1.27722,1.27711,1.27714,53
1779920820,1.27715,1.27718,1.27713,1.27715,36
1779920880,1.27716,1.27723,1.27716,1.27723,20
1779920940,1.27728,1.2773,1.27722,1.27728,30
1779921000,1.27732,1.27736,1.27728,1.27736,35
1779921060,1.27735,1.27735,1.27732,1.27733,32
1779921120,1.27733,1.27736,1.27728,1.27735,53
1779921180,1.27736,1.2774,1.27728,1.27735,57
1779921240,1.27734,1.27736,1.27729,1.27731,42
1779921300,1.27731,1.27735,1.2773,1.27734,43
1779921360,1.27737,1.27738,1.27729,1.27735,30
1779921420,1.27736,1.27736,1.27715,1.27723,62
1779921480,1.27728,1.2773,1.27722,1.27728,36
1779921540,1.27727,1.27729,1.27724,1.27726,38
1779921600,1.27726,1.27726,1.27717,1.27723,51
1779921660,1.27724,1.27728,1.27718,1.27725,37
1779921720,1.27725,1.27736,1.27724,1.27736,75
1779921780,1.27735,1.27736,1.27729,1.27729,39
1779921840,1.27729,1.27736,1.27729,1.27736,52
1779921900,1.27737,1.27737,1.27731,1.27735,48
1779921960,1.27735,1.2774,1.27728,1.27738,60
1779922020,1.27739,1.2774,1.27731,1.27739,35
1779922080,1.2774,1.2774,1.27728,1.27734,38
1779922140,1.27735,1.27739,1.27733,1.27738,38
1779922200,1.27735,1.27736,1.27733,1.27736,11
1779922260,1.27737,1.27738,1.27728,1.27734,42
1779922320,1.27735,1.27738,1.27733,1.27737,34
1779922380,1.27734,1.27737,1.27723,1.2773,31
1779922440,1.2773,1.27732,1.27728,1.27732,23
1779922500,1.27731,1.27732,1.27725,1.27732,31
1779922560,1.27733,1.27733,1.27724,1.2773,61
1779922620,1.27731,1.27732,1.27721,1.27722,60
1779922680,1.27722,1.27731,1.27722,1.2773,54
1779922740,1.27731,1.27731,1.27723,1.27725,44
1779922800,1.27726,1.27736,1.27726,1.27735,33
1779922860,1.27734,1.27734,1.27715,1.27724,45
1779922920,1.27725,1.27725,1.27716,1.27721,47
1779922980,1.2772,1.2772,1.27713,1.27719,41
1779923040,1.27717,1.27719,1.27711,1.27716,30
1779923100,1.27717,1.27719,1.27711,1.27716,39
1779923160,1.27717,1.2772,1.27711,1.27717,72
1779923220,1.27718,1.27719,1.27712,1.27719,49
1779923280,1.27717,1.27719,1.27712,1.27713,37
1779923340,1.27713,1.27719,1.2771,1.27712,39
1779923400,1.27712,1.27717,1.27709,1.27716,56
1779923460,1.27717,1.27717,1.27711,1.27713,49
1779923520,1.27713,1.27717,1.27711,1.27716,31
1779923580,1.27709,1.27715,1.27709,1.27711,44
1779923640,1.27711,1.27717,1.27711,1.27713,28
1779923700,1.27713,1.27717,1.27709,1.27717,20
1779923760,1.27718,1.2772,1.27709,1.27718,39
1779923820,1.27719,1.27719,1.27716,1.27718,17
1779923880,1.27714,1.2772,1.27713,1.27714,43
1779923940,1.27714,1.27721,1.27713,1.27714,86
1779924000,1.27714,1.27723,1.27714,1.27717,22
1779924060,1.27718,1.2775,1.27718,1.27746,107
1779924120,1.27745,1.27773,1.27744,1.27771,86
1779924180,1.2777,1.2777,1.27764,1.27767,58
1779924240,1.27769,1.27769,1.27754,1.2776,69
1779924300,1.2776,1.27769,1.27757,1.27761,83
1779924360,1.2776,1.27766,1.2776,1.27763,34
1779924420,1.27764,1.27765,1.27752,1.27759,92
1779924480,1.2776,1.27766,1.27755,1.27762,78
1779924540,1.27763,1.27765,1.27753,1.27765,57
1779924600,1.27766,1.2777,1.27758,1.27763,79
1779924660,1.2776,1.27766,1.27757,1.27762,45
1779924720,1.27757,1.27764,1.27754,1.27755,75
1779924780,1.27755,1.2776,1.27736,1.27738,83
1779924840,1.27739,1.27749,1.27738,1.2774,97
1779924900,1.27739,1.27766,1.27739,1.27766,82
1779924960,1.27764,1.27765,1.27757,1.27758,22
1779925020,1.27758,1.2776,1.27755,1.2776,35
1779925080,1.27759,1.27765,1.27756,1.27764,50
1779925140,1.27764,1.27764,1.27748,1.27759,56
1779925200,1.2776,1.27765,1.27753,1.27758,52
1779925260,1.27758,1.27764,1.27756,1.27762,45
1779925320,1.27763,1.27764,1.27754,1.2776,42
1779925380,1.27759,1.27765,1.27752,1.27764,54
1779925440,1.27763,1.27763,1.27748,1.27755,49
1779925500,1.27756,1.27762,1.27754,1.27762,54
1779925560,1.27763,1.27782,1.27755,1.27773,77
1779925620,1.27774,1.27781,1.27772,1.27778,69
1779925680,1.27776,1.27779,1.27767,1.27775,49
1779925740,1.27776,1.27777,1.27772,1.27774,18
1779925800,1.27774,1.27777,1.27772,1.27776,39
1779925860,1.27777,1.27801,1.27775,1.27801,61
1779925920,1.27803,1.27803,1.27793,1.27798,82
1779925980,1.27796,1.27797,1.27789,1.27795,72
1779926040,1.27794,1.27794,1.27783,1.27786,26
1779926100,1.27791,1.27799,1.27785,1.27793,89
1779926160,1.27793,1.27795,1.27779,1.27784,53
1779926220,1.27787,1.27792,1.27775,1.27791,89
1779926280,1.2779,1.27794,1.27784,1.27788,43
1779926340,1.27787,1.27797,1.27786,1.27791,92
1779926400,1.27793,1.27804,1.27785,1.27801,143
1779926460,1.27801,1.27804,1.27792,1.27797,122
1779926520,1.27796,1.27806,1.27795,1.27798,71
1779926580,1.27799,1.27806,1.27798,1.27799,131
1779926640,1.278,1.27808,1.27797,1.27807,110
1779926700,1.27806,1.27808,1.27795,1.27797,113
1779926760,1.27798,1.27811,1.27798,1.27804,85
1779926820,1.27805,1.27811,1.27796,1.27805,114
1779926880,1.27806,1.27807,1.27794,1.27803,95
1779926940,1.27802,1.27803,1.27784,1.27789,61
1779927000,1.27792,1.27799,1.27785,1.27798,78
1779927060,1.27799,1.27803,1.27794,1.27801,106
1779927120,1.27797,1.278,1.27787,1.27794,99
1779927180,1.27795,1.27808,1.27791,1.27803,91
1779927240,1.27802,1.27808,1.27787,1.27801,83
1779927300,1.278,1.27808,1.27799,1.27802,76
1779927360,1.27803,1.27806,1.27798,1.27804,55
1779927420,1.27803,1.27805,1.2779,1.27795,57
1779927480,1.27793,1.27794,1.27775,1.27778,103
1779927540,1.27776,1.2779,1.27775,1.2779,59
1779927600,1.27787,1.2779,1.27767,1.27769,107
1779927660,1.27774,1.2778,1.27771,1.27772,65
1779927720,1.27772,1.27777,1.2777,1.27777,56
1779927780,1.27771,1.27783,1.2777,1.2778,75
1779927840,1.27779,1.2779,1.27779,1.27783,38
1779927900,1.27783,1.27794,1.27783,1.27794,109
1779927960,1.27795,1.27795,1.27781,1.27787,66
1779928020,1.27792,1.27793,1.2778,1.27791,87
1779928080,1.27791,1.27793,1.27778,1.27783,71
1779928140,1.27784,1.27784,1.27776,1.27782,54
1779928200,1.27783,1.27802,1.27775,1.27799,97
1779928260,1.278,1.27809,1.27798,1.27809,99
1779928320,1.27808,1.27808,1.27795,1.27797,101
1779928380,1.27798,1.27805,1.27791,1.27802,98
1779928440,1.27803,1.27808,1.27798,1.27808,75
1779928500,1.27809,1.2781,1.27795,1.27808,67
1779928560,1.27801,1.27814,1.27797,1.27808,81
1779928620,1.27809,1.27818,1.27805,1.27818,105
1779928680,1.2782,1.27827,1.27819,1.27823,34
1779928740,1.27824,1.27824,1.27821,1.27824,38
1779928800,1.27822,1.27822,1.27813,1.27821,76
1779928860,1.27822,1.27822,1.27815,1.27821,53
1779928920,1.27822,1.27822,1.27813,1.27816,70
1779928980,1.27817,1.27821,1.27805,1.2782,79
1779929040,1.27819,1.27828,1.27815,1.27828,46
1779929100,1.27826,1.27832,1.27818,1.2783,82
1779929160,1.27829,1.27833,1.27822,1.27827,42
1779929220,1.27826,1.27829,1.27817,1.27824,59
1779929280,1.27824,1.27826,1.27818,1.27822,47
1779929340,1.27822,1.27831,1.27821,1.2783,53
1779929400,1.27831,1.27841,1.27821,1.27841,71
1779929460,1.2784,1.27841,1.27832,1.27837,51
1779929520,1.27837,1.27838,1.2783,1.27836,69
1779929580,1.27835,1.27837,1.27824,1.27832,97
1779929640,1.27833,1.27844,1.27832,1.27843,96
1779929700,1.27843,1.27847,1.27834,1.27842,112
1779929760,1.27843,1.2785,1.2784,1.27845,87
1779929820,1.27846,1.27846,1.27831,1.27835,71
1779929880,1.27836,1.27838,1.27819,1.27821,93
1779929940,1.27821,1.27824,1.27816,1.2782,89
1779930000,1.2782,1.27835,1.27814,1.27835,107
1779930060,1.27836,1.27844,1.27832,1.27839,106
1779930120,1.27837,1.27841,1.27829,1.2784,106
1779930180,1.27841,1.27843,1.27829,1.2783,107
1779930240,1.27831,1.27837,1.27827,1.27834,104
1779930300,1.27835,1.27847,1.27827,1.27847,61
1779930360,1.27846,1.27847,1.27838,1.27839,87
1779930420,1.2784,1.27841,1.27827,1.27835,82
1779930480,1.27836,1.27837,1.27825,1.27834,93
1779930540,1.27833,1.27836,1.27827,1.2783,81
1779930600,1.27831,1.27833,1.27827,1.27828,60
1779930660,1.27828,1.27837,1.2782,1.27824,93
1779930720,1.27824,1.27833,1.27822,1.2783,70
1779930780,1.27829,1.27838,1.27829,1.27831,57
1779930840,1.27831,1.27838,1.27825,1.27836,76
1779930900,1.27837,1.27837,1.27821,1.27826,96
1779930960,1.27826,1.27831,1.27821,1.27821,75
1779931020,1.27821,1.27852,1.27821,1.27846,81
1779931080,1.27847,1.27859,1.27845,1.27859,88
1779931140,1.27858,1.27859,1.2785,1.27853,60
1779931200,1.27852,1.27862,1.2785,1.27859,59
1779931260,1.2786,1.2786,1.27847,1.27848,74
1779931320,1.27848,1.27854,1.27845,1.27854,74
1779931380,1.27853,1.27854,1.27838,1.27841,77
1779931440,1.27842,1.27845,1.27834,1.27837,101
1779931500,1.27836,1.27854,1.27836,1.27854,96
1779931560,1.27853,1.27862,1.2785,1.2786,63
1779931620,1.27862,1.27866,1.27853,1.27858,65
1779931680,1.27858,1.2786,1.27846,1.27855,94
1779931740,1.27854,1.27856,1.27847,1.27855,49
1779931800,1.27852,1.27858,1.27846,1.27855,39
1779931860,1.27854,1.27854,1.27835,1.27853,71
1779931920,1.27854,1.2787,1.27854,1.2787,117
1779931980,1.27871,1.27875,1.27856,1.27873,122
1779932040,1.27872,1.27877,1.27862,1.27869,99
1779932100,1.2787,1.27871,1.27869,1.27871,16
1779932160,1.27872,1.27875,1.27864,1.27873,90
1779932220,1.27867,1.27873,1.27855,1.27855,63
1779932280,1.27855,1.27871,1.27855,1.27869,48
1779932340,1.2787,1.27871,1.27864,1.27871,52
1779932400,1.27864,1.27883,1.27863,1.27882,60
1779932460,1.27881,1.27885,1.27875,1.27875,59
1779932520,1.27875,1.27891,1.27875,1.27889,68
1779932580,1.2789,1.2789,1.27883,1.27887,67
1779932640,1.27884,1.27888,1.27877,1.2788,71
1779932700,1.27881,1.279,1.27881,1.27899,81
1779932760,1.27897,1.27897,1.27887,1.27895,55
1779932820,1.27895,1.27897,1.27886,1.27888,89
1779932880,1.27885,1.2789,1.27879,1.27886,104
1779932940,1.27885,1.27887,1.27883,1.27885,21
1779933000,1.27886,1.27887,1.27879,1.27886,92
1779933060,1.27887,1.2789,1.27878,1.2789,82
1779933120,1.27892,1.27892,1.27877,1.27879,69
1779933180,1.27876,1.27891,1.27875,1.27891,99
1779933240,1.27892,1.27898,1.27887,1.27897,66
1779933300,1.27898,1.27917,1.27894,1.27916,87
1779933360,1.27917,1.27925,1.27911,1.2792,72
1779933420,1.27921,1.27924,1.27912,1.27921,87
1779933480,1.27922,1.27926,1.27918,1.27924,79
1779933540,1.27923,1.27928,1.27916,1.27917,71
1779933600,1.27915,1.27917,1.27903,1.27906,121
1779933660,1.27906,1.27931,1.27906,1.27922,114
1779933720,1.27921,1.27937,1.27921,1.27924,112
1779933780,1.27925,1.27931,1.27914,1.27919,102
1779933840,1.27918,1.27925,1.27915,1.27923,57
1779933900,1.27922,1.27923,1.27908,1.27913,71
1779933960,1.27912,1.27921,1.27911,1.27918,69
1779934020,1.27918,1.27937,1.27915,1.27935,81
1779934080,1.27933,1.27933,1.27918,1.27926,79
1779934140,1.27925,1.27926,1.27908,1.27911,84
1779934200,1.27913,1.27917,1.27902,1.2791,89
1779934260,1.2791,1.27914,1.27907,1.27908,48
1779934320,1.27909,1.27911,1.27901,1.27903,42
1779934380,1.27903,1.2791,1.27902,1.27909,66
1779934440,1.27913,1.27917,1.279,1.27915,97
1779934500,1.27914,1.27917,1.27909,1.27909,25
1779934560,1.27908,1.27918,1.27908,1.27917,72
1779934620,1.27912,1.27923,1.27912,1.27917,78
1779934680,1.27917,1.27922,1.27912,1.27913,81
1779934740,1.27914,1.27923,1.27912,1.27918,106
1779934800,1.27915,1.27918,1.27907,1.27916,93
1779934860,1.27917,1.27921,1.27907,1.2791,75
1779934920,1.27911,1.27915,1.27907,1.27914,43
1779934980,1.27913,1.27914,1.27902,1.27911,96
1779935040,1.27912,1.27912,1.27903,1.27906,83
1779935100,1.27906,1.27912,1.27902,1.27907,89
1779935160,1.27909,1.2791,1.27901,1.27906,69
1779935220,1.27907,1.27907,1.27891,1.27893,100
1779935280,1.27894,1.27902,1.27891,1.27902,91
1779935340,1.27903,1.27904,1.27896,1.27898,57
1779935400,1.27899,1.27899,1.27885,1.27898,69
1779935460,1.27895,1.27895,1.2788,1.27893,77
1779935520,1.27892,1.27893,1.27886,1.27889,52
1779935580,1.27888,1.27888,1.27874,1.27875,91
1779935640,1.27875,1.27884,1.27872,1.27878,81
1779935700,1.27879,1.27885,1.27871,1.27885,82
1779935760,1.27886,1.27891,1.2788,1.27881,43
1779935820,1.27881,1.27888,1.2788,1.27888,22
1779935880,1.27892,1.27902,1.27885,1.27899,66
1779935940,1.279,1.279,1.27888,1.27889,78
1779936000,1.2789,1.27897,1.27882,1.27895,81
1779936060,1.27896,1.27916,1.27892,1.27914,78
1779936120,1.27914,1.2792,1.27913,1.27915,46
1779936180,1.27915,1.2792,1.27906,1.27911,66
1779936240,1.2791,1.2792,1.2791,1.27916,73
1779936300,1.27917,1.27927,1.27915,1.27926,49
1779936360,1.27924,1.27925,1.2791,1.27916,95
1779936420,1.27917,1.27918,1.27908,1.27911,102
1779936480,1.27911,1.27919,1.27907,1.2791,84
1779936540,1.27911,1.27913,1.27904,1.27912,60
1779936600,1.27913,1.27915,1.27904,1.27914,95
1779936660,1.27915,1.27915,1.27895,1.279,102
1779936720,1.27901,1.27906,1.27895,1.27904,92
1779936780,1.27899,1.27905,1.27893,1.27898,59
1779936840,1.27899,1.27906,1.27898,1.27906,40
1779936900,1.27907,1.27917,1.27899,1.27917,94
1779936960,1.27914,1.27923,1.27908,1.27916,95
1779937020,1.27917,1.27922,1.27909,1.27913,80
1779937080,1.27914,1.27919,1.27908,1.27916,57
1779937140,1.27917,1.27922,1.27915,1.27918,59
1779937200,1.27919,1.2792,1.27905,1.27905,85
1779937260,1.27905,1.27917,1.27905,1.27916,46
1779937320,1.27917,1.27917,1.27903,1.27911,93
1779937380,1.2791,1.27911,1.27898,1.27907,81
1779937440,1.27903,1.27908,1.27899,1.279,73
1779937500,1.27899,1.27911,1.27899,1.27909,80
1779937560,1.27908,1.27911,1.27899,1.27909,52
1779937620,1.27908,1.2791,1.27895,1.27895,96
1779937680,1.27895,1.27914,1.27895,1.27914,95
1779937740,1.27913,1.27918,1.27906,1.27912,112
1779937800,1.27911,1.27918,1.27906,1.27918,67
1779937860,1.27918,1.27934,1.27918,1.27928,93
1779937920,1.27928,1.27944,1.27928,1.27944,77
1779937980,1.27945,1.27951,1.27941,1.2795,70
1779938040,1.27951,1.27963,1.27949,1.27963,58
1779938100,1.27964,1.27973,1.27955,1.27973,65
1779938160,1.27972,1.27972,1.27965,1.27968,79
1779938220,1.27967,1.27973,1.27956,1.27973,92
1779938280,1.27974,1.2798,1.27964,1.27975,118
1779938340,1.27977,1.27991,1.27976,1.27978,128
1779938400,1.27979,1.27983,1.27965,1.27979,102
1779938460,1.27978,1.27979,1.27972,1.27979,58
1779938520,1.2798,1.27987,1.27977,1.2798,80
1779938580,1.27981,1.27987,1.27976,1.27986,76
1779938640,1.27983,1.27983,1.27965,1.27974,75
1779938700,1.27975,1.27978,1.27962,1.27967,82
1779938760,1.27968,1.27971,1.27959,1.27962,96
1779938820,1.27963,1.27965,1.2795,1.27955,92
1779938880,1.27957,1.27957,1.27946,1.27953,88
1779938940,1.27954,1.27971,1.27949,1.2797,109
1779939000,1.27971,1.27983,1.27968,1.27981,122
1779939060,1.27982,1.27987,1.27977,1.27987,109
1779939120,1.27986,1.27998,1.27985,1.27998,88
1779939180,1.27996,1.28014,1.27995,1.28014,115
1779939240,1.28013,1.28017,1.27991,1.28,99
1779939300,1.28002,1.28014,1.28002,1.28006,100
1779939360,1.28007,1.28019,1.28002,1.28019,111
1779939420,1.2802,1.28025,1.28015,1.28025,86
1779939480,1.28024,1.28038,1.2802,1.28028,102
1779939540,1.28028,1.28036,1.28023,1.2803,97
1779939600,1.28029,1.2804,1.2802,1.2804,133
1779939660,1.28034,1.28057,1.28033,1.28051,121
1779939720,1.28051,1.28061,1.2804,1.28061,133
1779939780,1.28055,1.28063,1.28051,1.28051,102
1779939840,1.2805,1.2806,1.28042,1.28055,118
1779939900,1.28059,1.28067,1.28047,1.28047,91
1779939960,1.28051,1.28061,1.28048,1.28057,122
1779940020,1.28052,1.28071,1.2805,1.28062,130
1779940080,1.2806,1.28066,1.28059,1.28063,87
1779940140,1.28063,1.28075,1.28063,1.28069,109
1779940200,1.28062,1.28085,1.28058,1.28084,142
1779940260,1.28083,1.28085,1.28059,1.28071,92
1779940320,1.28072,1.2808,1.28072,1.28076,88
1779940380,1.28071,1.28082,1.28069,1.28069,68
1779940440,1.28068,1.28079,1.28068,1.28079,82
1779940500,1.28081,1.28093,1.28079,1.28092,92
1779940560,1.28093,1.28099,1.28089,1.28099,75
1779940620,1.281,1.28102,1.28083,1.28084,82
1779940680,1.28086,1.28086,1.28068,1.28073,98
1779940740,1.28075,1.2808,1.28068,1.2808,84
1779940800,1.28081,1.28083,1.2806,1.28072,131
1779940860,1.28073,1.28081,1.28058,1.28081,101
1779940920,1.2808,1.2808,1.28064,1.28068,75
1779940980,1.28067,1.28074,1.28059,1.28072,68
1779941040,1.28072,1.28078,1.28062,1.28063,61
1779941100,1.28064,1.28085,1.28064,1.28076,108
1779941160,1.28077,1.28078,1.28066,1.28067,63
1779941220,1.28068,1.28068,1.28052,1.28056,86
1779941280,1.28057,1.28058,1.28041,1.2805,109
1779941340,1.28051,1.28052,1.28039,1.28039,73
1779941400,1.2804,1.28048,1.28035,1.28048,83
1779941460,1.28047,1.2806,1.28045,1.28054,106
1779941520,1.28052,1.28053,1.28037,1.28045,87
1779941580,1.28046,1.28047,1.2804,1.28047,60
1779941640,1.28046,1.28055,1.28035,1.28043,94
1779941700,1.28042,1.28047,1.28031,1.2804,105
1779941760,1.28038,1.28045,1.28029,1.28033,84
1779941820,1.28035,1.28042,1.28035,1.28042,74
1779941880,1.28043,1.28054,1.28037,1.28043,91
1779941940,1.28043,1.28057,1.2804,1.28057,94
1779942000,1.28058,1.28059,1.2805,1.28053,78
1779942060,1.28052,1.28058,1.28049,1.28056,97
1779942120,1.28055,1.28056,1.28039,1.28047,67
1779942180,1.28046,1.28051,1.28039,1.28046,78
1779942240,1.28047,1.28049,1.28039,1.28039,108
1779942300,1.28041,1.28049,1.28039,1.28045,100
1779942360,1.28046,1.28051,1.28038,1.28039,75
1779942420,1.28038,1.28054,1.28038,1.28054,96
1779942480,1.28052,1.28052,1.28038,1.28044,109
1779942540,1.28044,1.28047,1.28035,1.28045,87
1779942600,1.28046,1.28046,1.28034,1.28043,70
1779942660,1.28042,1.28043,1.28024,1.28025,70
1779942720,1.28025,1.28033,1.28024,1.28027,70
1779942780,1.28027,1.28037,1.28026,1.28036,40
1779942840,1.28035,1.28035,1.28024,1.28029,98
1779942900,1.2803,1.28036,1.28024,1.28031,94
1779942960,1.28029,1.28029,1.28019,1.28026,52
1779943020,1.28027,1.28032,1.28021,1.28023,63
1779943080,1.28023,1.28029,1.28019,1.28028,56
1779943140,1.28029,1.28032,1.28018,1.28018,110
1779943200,1.28017,1.28023,1.28016,1.28023,44
1779943260,1.28022,1.28023,1.28018,1.28019,56
1779943320,1.2802,1.28032,1.28019,1.28032,78
1779943380,1.28031,1.28032,1.28023,1.28025,35
1779943440,1.28026,1.28028,1.2801,1.28017,67
1779943500,1.28018,1.2802,1.28015,1.2802,72
1779943560,1.28019,1.28029,1.28019,1.28028,56
1779943620,1.28027,1.28027,1.28018,1.28019,60
1779943680,1.28019,1.28027,1.28009,1.28009,53
1779943740,1.28008,1.28012,1.28001,1.2801,70
1779943800,1.28012,1.28025,1.28009,1.28023,76
1779943860,1.28022,1.28023,1.27999,1.28001,45
1779943920,1.28002,1.28015,1.28002,1.28013,90
1779943980,1.28014,1.28016,1.27998,1.27998,67
1779944040,1.27996,1.27999,1.2799,1.27997,70
1779944100,1.28003,1.28005,1.27991,1.28004,100
1779944160,1.28002,1.28002,1.27994,1.27998,70
1779944220,1.27997,1.28003,1.27995,1.27998,61
1779944280,1.27998,1.28,1.2799,1.27999,49
1779944340,1.27997,1.28,1.2799,1.27995,43
1779944400,1.27994,1.28007,1.27988,1.28005,112
1779944460,1.28004,1.28006,1.27987,1.27997,62
1779944520,1.28003,1.28005,1.27994,1.28005,63
1779944580,1.28004,1.28006,1.27988,1.27997,76
1779944640,1.27996,1.27996,1.27979,1.27988,74
1779944700,1.27989,1.27991,1.27984,1.27986,53
1779944760,1.27985,1.27993,1.27981,1.27987,63
1779944820,1.27985,1.27991,1.2798,1.27986,97
1779944880,1.27985,1.27993,1.2798,1.27983,73
1779944940,1.27984,1.27996,1.27981,1.27994,62
1779945000,1.27991,1.28001,1.27983,1.27994,91
1779945060,1.27995,1.27997,1.27992,1.27992,63
1779945120,1.27991,1.27991,1.27981,1.27989,62
1779945180,1.27987,1.27988,1.27979,1.27986,118
1779945240,1.27984,1.27984,1.27973,1.27979,69
1779945300,1.2798,1.27985,1.27973,1.27975,63
1779945360,1.27974,1.27985,1.27972,1.2798,88
1779945420,1.2798,1.27981,1.2797,1.27979,73
1779945480,1.27978,1.27982,1.27972,1.27973,84
1779945540,1.27974,1.27983,1.27973,1.27981,85
1779945600,1.2798,1.27984,1.27976,1.27979,82
1779945660,1.27978,1.2798,1.27973,1.27978,78
1779945720,1.27979,1.27985,1.27974,1.27977,98
1779945780,1.27978,1.27985,1.27977,1.27979,90
1779945840,1.27979,1.27979,1.27964,1.27976,71
1779945900,1.27977,1.27977,1.27964,1.27974,95
1779945960,1.27972,1.27975,1.27963,1.27964,61
1779946020,1.27962,1.27975,1.27961,1.27965,86
1779946080,1.27965,1.27972,1.27958,1.2796,51
1779946140,1.27961,1.27969,1.27958,1.27968,93
1779946200,1.27966,1.27967,1.27939,1.2794,125
1779946260,1.27942,1.27961,1.27942,1.27955,134
1779946320,1.27956,1.27957,1.27944,1.27948,105
1779946380,1.27947,1.27947,1.2793,1.27931,112
1779946440,1.27933,1.27941,1.27927,1.27929,121
1779946500,1.27931,1.27942,1.27928,1.27929,110
1779946560,1.2793,1.27941,1.27929,1.27938,98
1779946620,1.27937,1.27945,1.27929,1.27945,89
1779946680,1.27945,1.27945,1.27933,1.27939,99
1779946740,1.27938,1.27938,1.27916,1.27918,123
1779946800,1.2792,1.27931,1.27918,1.27925,99
1779946860,1.27924,1.2793,1.27919,1.27921,91
1779946920,1.27922,1.2793,1.27917,1.27929,98
1779946980,1.2793,1.2793,1.2792,1.27926,43
1779947040,1.27926,1.2793,1.27919,1.27921,105
1779947100,1.2792,1.27922,1.27914,1.27918,69
1779947160,1.27916,1.27925,1.27911,1.27918,69
1779947220,1.27919,1.27919,1.27909,1.27916,107
1779947280,1.27917,1.27917,1.27904,1.27914,62
1779947340,1.2791,1.27915,1.27902,1.27908,50
1779947400,1.27909,1.27917,1.27903,1.27907,83
1779947460,1.27906,1.27909,1.27898,1.27905,103
1779947520,1.27908,1.2791,1.27898,1.27909,83
1779947580,1.27911,1.27916,1.27908,1.27915,54
1779947640,1.27914,1.27926,1.27913,1.27924,74
1779947700,1.27922,1.27927,1.27922,1.27925,35
1779947760,1.27926,1.27928,1.27919,1.27923,81
1779947820,1.27917,1.27935,1.27917,1.27934,86
1779947880,1.27933,1.27933,1.27928,1.27931,35
1779947940,1.27932,1.27935,1.27925,1.27926,52
1779948000,1.27927,1.2794,1.27925,1.27939,64
1779948060,1.27938,1.27938,1.27927,1.27931,57
1779948120,1.27932,1.27932,1.27924,1.27926,49
1779948180,1.27927,1.2793,1.27919,1.2792,84
1779948240,1.27918,1.27925,1.27916,1.27921,42
1779948300,1.27923,1.27927,1.27914,1.27917,76
1779948360,1.27918,1.27926,1.27917,1.27925,48
1779948420,1.27924,1.27926,1.27915,1.27916,70
1779948480,1.27917,1.27925,1.27916,1.27919,60
1779948540,1.27921,1.27925,1.27909,1.27909,55
1779948600,1.27908,1.27908,1.27894,1.27907,70
1779948660,1.27906,1.27915,1.27904,1.27915,74
1779948720,1.27916,1.27919,1.27911,1.27912,46
1779948780,1.27911,1.27911,1.27899,1.27905,84
1779948840,1.27904,1.27907,1.27892,1.27898,85
1779948900,1.27899,1.27904,1.27895,1.27902,71
1779948960,1.279,1.27901,1.27897,1.27901,51
1779949020,1.279,1.27905,1.27898,1.27903,50
1779949080,1.27902,1.27905,1.27893,1.27895,42
1779949140,1.27893,1.27898,1.27889,1.27889,40
1779949200,1.2789,1.2789,1.27876,1.27879,56
1779949260,1.27878,1.27886,1.27876,1.27881,45
1779949320,1.27879,1.27879,1.27874,1.27879,57
1779949380,1.2788,1.27884,1.27878,1.27882,52
1779949440,1.27881,1.27887,1.27877,1.27884,72
1779949500,1.27882,1.27882,1.27865,1.27867,55
1779949560,1.27866,1.27868,1.2786,1.27868,77
1779949620,1.27869,1.27875,1.27866,1.27867,70
1779949680,1.27866,1.27878,1.27866,1.27877,52
1779949740,1.27878,1.27883,1.27876,1.27883,35
1779949800,1.2788,1.27884,1.27876,1.27876,46
1779949860,1.27877,1.2788,1.27872,1.27873,55
1779949920,1.27872,1.27872,1.27866,1.27871,53
1779949980,1.2787,1.27874,1.27866,1.27873,36
1779950040,1.27874,1.27883,1.27873,1.27875,60
1779950100,1.27874,1.27874,1.27866,1.27868,41
1779950160,1.27866,1.27866,1.27858,1.27864,60
1779950220,1.27865,1.27867,1.27851,1.27852,64
1779950280,1.27853,1.27856,1.27852,1.27855,51
1779950340,1.27854,1.27862,1.27854,1.27862,22
1779950400,1.27864,1.27868,1.27858,1.27862,62
1779950460,1.27863,1.27867,1.27859,1.27866,48
1779950520,1.27865,1.27874,1.27864,1.27874,65
1779950580,1.27878,1.2788,1.27871,1.27875,65
1779950640,1.27875,1.2788,1.27865,1.27869,63
1779950700,1.27868,1.27881,1.27867,1.27881,48
1779950760,1.27882,1.27888,1.27882,1.27885,42
1779950820,1.27884,1.27884,1.27871,1.27873,46
1779950880,1.27874,1.27877,1.2787,1.27877,32
1779950940,1.27878,1.27878,1.2787,1.2787,35
1779951000,1.27871,1.27883,1.27871,1.27883,45
1779951060,1.27884,1.27895,1.27883,1.27894,59
1779951120,1.27895,1.27895,1.27882,1.27885,51
1779951180,1.27884,1.27887,1.2788,1.27882,70
1779951240,1.27883,1.27883,1.27881,1.27882,27
1779951300,1.27883,1.27883,1.27876,1.27877,22
1779951360,1.27878,1.27879,1.27873,1.27879,48
1779951420,1.27878,1.27883,1.27877,1.27877,42
1779951480,1.27876,1.27884,1.27876,1.27884,46
1779951540,1.27882,1.2789,1.2788,1.27888,36
1779951600,1.27882,1.27882,1.27856,1.2786,141
1779951660,1.27858,1.27866,1.27855,1.27859,88
1779951720,1.27858,1.27873,1.27858,1.27873,70
1779951780,1.27874,1.27875,1.27867,1.27871,68
1779951840,1.27872,1.2788,1.27869,1.27871,66
1779951900,1.27872,1.27886,1.27872,1.27886,42
1779951960,1.27887,1.27888,1.27871,1.27883,68
1779952020,1.27884,1.27892,1.2788,1.2789,54
1779952080,1.27889,1.27889,1.27875,1.27877,80
1779952140,1.27878,1.27883,1.27871,1.27873,72
1779952200,1.27875,1.27887,1.27875,1.27886,56
1779952260,1.27885,1.27885,1.27862,1.27866,78
1779952320,1.27865,1.27876,1.27865,1.27875,68
1779952380,1.27876,1.27876,1.27866,1.2787,74
1779952440,1.27871,1.27871,1.27859,1.27864,74
1779952500,1.27865,1.27889,1.27865,1.27885,96
1779952560,1.27888,1.27891,1.27882,1.27891,50
1779952620,1.27892,1.27892,1.2788,1.2788,50
1779952680,1.27881,1.27887,1.27876,1.27887,42
1779952740,1.27888,1.27889,1.27884,1.27886,38
1779952800,1.27881,1.27885,1.27877,1.27881,67
1779952860,1.27882,1.27883,1.27877,1.2788,50
1779952920,1.27881,1.27883,1.27878,1.27883,47
1779952980,1.27882,1.27885,1.27874,1.27874,58
1779953040,1.27875,1.27882,1.27874,1.27881,44
1779953100,1.27883,1.27886,1.27876,1.27882,42
1779953160,1.27883,1.27901,1.27882,1.27897,74
1779953220,1.27898,1.27901,1.27889,1.27892,58
1779953280,1.27893,1.27898,1.27892,1.27898,28
1779953340,1.27899,1.27901,1.27898,1.27901,34
1779953400,1.279,1.279,1.2789,1.27892,26
1779953460,1.27891,1.27895,1.27889,1.27893,50
1779953520,1.27892,1.27903,1.27892,1.27903,36
1779953580,1.27902,1.27913,1.27902,1.27909,48
1779953640,1.27905,1.27911,1.27902,1.27911,48
1779953700,1.2791,1.27914,1.27904,1.27904,62
1779953760,1.27905,1.27916,1.27905,1.27915,76
1779953820,1.27914,1.27919,1.27913,1.27916,58
1779953880,1.27915,1.27918,1.27911,1.27914,78
1779953940,1.27913,1.2792,1.27913,1.27919,53
1779954000,1.2792,1.27922,1.27919,1.27921,32
1779954060,1.2792,1.27921,1.27915,1.27917,48
1779954120,1.27919,1.27921,1.27914,1.27919,48
1779954180,1.27918,1.27919,1.27904,1.27904,51
1779954240,1.27903,1.27915,1.27903,1.2791,65
1779954300,1.27913,1.27916,1.27907,1.27914,72
1779954360,1.2791,1.27915,1.27906,1.2791,62
1779954420,1.27912,1.27914,1.279,1.27903,72
1779954480,1.27903,1.27903,1.27895,1.27898,63
1779954540,1.279,1.27904,1.27894,1.27901,87
1779954600,1.279,1.27907,1.279,1.27903,50
1779954660,1.27902,1.27906,1.279,1.27903,62
1779954720,1.27901,1.27909,1.27897,1.27898,71
1779954780,1.27898,1.279,1.27894,1.27898,66
1779954840,1.27896,1.27896,1.2789,1.27891,56
1779954900,1.27892,1.27894,1.27887,1.27891,54
1779954960,1.27892,1.27902,1.27892,1.27899,61
1779955020,1.27901,1.27907,1.279,1.27905,61
1779955080,1.27907,1.27911,1.27905,1.27909,58
1779955140,1.27908,1.27911,1.27899,1.27903,72
1779955200,1.27899,1.27902,1.2789,1.27892,110
1779955260,1.27893,1.27893,1.2788,1.27885,80
1779955320,1.27886,1.27891,1.27885,1.27887,70
1779955380,1.27886,1.27892,1.27884,1.27892,65
1779955440,1.27891,1.27902,1.2789,1.27892,84
1779955500,1.27893,1.279,1.27887,1.27888,66
1779955560,1.27887,1.27889,1.27879,1.27882,66
1779955620,1.27885,1.27885,1.27877,1.27879,58
1779955680,1.27878,1.27891,1.27878,1.27888,70
1779955740,1.27887,1.2789,1.27882,1.27887,46
1779955800,1.27886,1.2789,1.27882,1.27889,44
1779955860,1.2789,1.27897,1.27889,1.27896,71
1779955920,1.27896,1.27896,1.27892,1.27893,22
1779955980,1.27897,1.27909,1.27893,1.27907,59
1779956040,1.27908,1.27921,1.27908,1.2791,80
1779956100,1.27911,1.2792,1.27911,1.2792,58
1779956160,1.27921,1.27933,1.27921,1.27933,36
1779956220,1.2793,1.2794,1.27929,1.27935,56
1779956280,1.27933,1.27945,1.27932,1.27945,44
1779956340,1.27944,1.27946,1.27928,1.27929,47
1779956400,1.2793,1.27931,1.27916,1.27923,70
1779956460,1.27924,1.27939,1.27923,1.27934,78
1779956520,1.27935,1.27936,1.27923,1.27927,58
1779956580,1.27926,1.27926,1.27914,1.27914,64
1779956640,1.27915,1.27921,1.27915,1.27921,48
1779956700,1.2792,1.27931,1.27919,1.27929,84
1779956760,1.27928,1.27947,1.27928,1.27945,60
1779956820,1.27944,1.27955,1.27944,1.27953,32
1779956880,1.27955,1.27961,1.27943,1.27943,68
1779956940,1.27941,1.27941,1.27925,1.27934,102
1779957000,1.27935,1.27936,1.2793,1.2793,78
1779957060,1.27931,1.27934,1.27927,1.27929,50
1779957120,1.2793,1.27936,1.27927,1.27934,64
1779957180,1.27935,1.27942,1.27933,1.27934,52
1779957240,1.27933,1.27934,1.27924,1.27928,54
1779957300,1.27924,1.27936,1.27923,1.27936,58
1779957360,1.27935,1.27935,1.27927,1.27931,52
1779957420,1.27929,1.27932,1.27927,1.27927,43
1779957480,1.27928,1.27934,1.27927,1.27928,44
1779957540,1.27929,1.27941,1.27929,1.2794,60
1779957600,1.27939,1.27944,1.27937,1.27937,68
1779957660,1.27936,1.2794,1.27935,1.2794,58
1779957720,1.27939,1.27947,1.27939,1.27947,42
1779957780,1.27946,1.27953,1.27945,1.27946,62
1779957840,1.27945,1.27948,1.27942,1.27948,46
1779957900,1.27947,1.2795,1.27944,1.27945,22
1779957960,1.27946,1.27957,1.27946,1.27949,28
1779958020,1.2795,1.27956,1.27949,1.27956,34
1779958080,1.27955,1.27962,1.27952,1.27955,52
1779958140,1.27951,1.27951,1.27932,1.27935,63
1779958200,1.27934,1.27942,1.27934,1.27939,43
1779958260,1.27934,1.27937,1.27932,1.27933,21
1779958320,1.27928,1.27928,1.27925,1.27925,34
1779958380,1.27923,1.2793,1.27923,1.2793,31
1779958440,1.27933,1.27937,1.27926,1.27937,44
1779958500,1.27938,1.27945,1.27938,1.27944,66
1779958560,1.27943,1.27944,1.27939,1.27942,52
1779958620,1.2794,1.27941,1.27938,1.27939,24
1779958680,1.27938,1.2794,1.27926,1.2793,44
1779958740,1.27931,1.27931,1.2792,1.27924,56
1779958800,1.27925,1.27928,1.27924,1.27924,46
1779958860,1.27925,1.27928,1.27923,1.27923,28
1779958920,1.27921,1.27927,1.27919,1.27924,52
1779958980,1.27925,1.27926,1.2792,1.2792,46
1779959040,1.27921,1.27924,1.2792,1.27921,42
1779959100,1.2792,1.2792,1.27906,1.27907,63
1779959160,1.27905,1.27917,1.27905,1.27915,47
1779959220,1.27916,1.27918,1.27913,1.27915,33
1779959280,1.27914,1.27922,1.2791,1.27912,72
1779959340,1.27913,1.27914,1.27911,1.27914,27
1779959400,1.27915,1.27917,1.27913,1.27916,34
1779959460,1.27915,1.27917,1.27902,1.27902,46
1779959520,1.27901,1.27905,1.27887,1.27889,68
1779959580,1.27891,1.27898,1.27888,1.27894,54
1779959640,1.27893,1.27894,1.27891,1.27891,32
1779959700,1.2789,1.27896,1.27888,1.27895,30
1779959760,1.27896,1.27896,1.27884,1.27889,64
1779959820,1.27887,1.27895,1.27887,1.27888,52
1779959880,1.27886,1.27888,1.27884,1.27885,48
1779959940,1.27884,1.27892,1.27884,1.27891,36
1779960000,1.2789,1.27897,1.27886,1.27888,44
1779960060,1.27887,1.27888,1.27872,1.27872,45
1779960120,1.27873,1.27876,1.27869,1.27876,31
1779960180,1.27877,1.27883,1.27876,1.27883,40
1779960240,1.27882,1.27883,1.27877,1.2788,56
1779960300,1.27881,1.27881,1.27875,1.27876,33
1779960360,1.27881,1.27882,1.27871,1.27871,57
1779960420,1.27872,1.27881,1.27871,1.27875,62
1779960480,1.27876,1.27881,1.27874,1.27876,36
1779960540,1.2788,1.27882,1.27875,1.27876,61
1779960600,1.27875,1.27884,1.27874,1.27883,22
1779960660,1.27883,1.2789,1.27882,1.27886,46
1779960720,1.27887,1.2789,1.27884,1.2789,67
1779960780,1.27893,1.27896,1.27888,1.27895,32
1779960840,1.27896,1.27903,1.27895,1.27901,40
1779960900,1.27902,1.27903,1.279,1.27902,43
1779960960,1.27901,1.27903,1.27898,1.27902,52
1779961020,1.27903,1.27903,1.27898,1.27901,42
1779961080,1.27899,1.27912,1.27899,1.27912,22
1779961140,1.27911,1.27915,1.27911,1.27914,34
1779961200,1.27915,1.27915,1.27905,1.27905,46
1779961260,1.27903,1.27903,1.27896,1.27899,60
1779961320,1.279,1.27908,1.279,1.27906,40
1779961380,1.27908,1.27919,1.27908,1.27916,36
1779961440,1.27917,1.27919,1.2791,1.27918,55
1779961500,1.27919,1.27926,1.27918,1.27926,37
1779961560,1.27926,1.27927,1.2792,1.27927,22
1779961620,1.27926,1.27927,1.27922,1.27923,30
1779961680,1.27922,1.27923,1.2792,1.27922,52
1779961740,1.27923,1.27925,1.2792,1.27921,22
1779961800,1.27922,1.27923,1.27909,1.2791,65
1779961860,1.27912,1.27915,1.27908,1.27913,34
1779961920,1.27914,1.27922,1.27911,1.27911,41
1779961980,1.27912,1.27912,1.27902,1.27902,58
1779962040,1.27903,1.27908,1.279,1.27908,50
1779962100,1.27911,1.27927,1.27911,1.27926,24
1779962160,1.27927,1.27927,1.27925,1.27927,22
1779962220,1.2793,1.27931,1.2792,1.27924,64
1779962280,1.27925,1.27931,1.27924,1.27929,60
1779962340,1.27928,1.27931,1.27925,1.27926,50
1779962400,1.27927,1.27932,1.27927,1.27932,30
1779962460,1.27929,1.27935,1.27927,1.27935,47
1779962520,1.27936,1.27942,1.27934,1.27935,64
1779962580,1.27932,1.27932,1.27922,1.27927,42
1779962640,1.27926,1.27938,1.27925,1.27938,58
1779962700,1.27942,1.27946,1.27936,1.27946,46
