time,open,high,low,close,volume
1779483360,1.34324,1.34324,1.34291,1.34311,144
1779656460,1.3452,1.3452,1.3452,1.3452,2
1779656700,1.34513,1.34514,1.34513,1.34514,4
1779656760,1.34507,1.34507,1.3449,1.34492,26
1779656820,1.34494,1.34514,1.3449,1.34514,8
1779656940,1.34499,1.34499,1.3448,1.3448,4
1779657000,1.34479,1.3448,1.34478,1.3448,6
1779657060,1.34476,1.34483,1.34476,1.34478,10
1779657120,1.34478,1.34504,1.34478,1.34503,7
1779657180,1.34507,1.34507,1.34507,1.34507,1
1779657240,1.34504,1.34504,1.34502,1.34502,5
1779657300,1.34504,1.34504,1.34504,1.34504,5
1779657360,1.345,1.345,1.34481,1.34481,3
1779657420,1.34483,1.34495,1.34483,1.34489,6
1779657480,1.34489,1.34493,1.34489,1.34493,4
1779657540,1.34489,1.34503,1.34489,1.34493,10
1779657600,1.34496,1.34499,1.34489,1.3449,22
1779657660,1.3449,1.3449,1.34488,1.34488,4
1779657720,1.34486,1.34533,1.34486,1.34533,26
1779657780,1.34533,1.34542,1.34532,1.34537,31
1779657840,1.34538,1.34545,1.34525,1.34528,31
1779657900,1.34529,1.34533,1.34529,1.34533,14
1779657960,1.34533,1.34533,1.34527,1.3453,28
1779658020,1.3453,1.34533,1.3453,1.34533,14
1779658080,1.34531,1.34533,1.34531,1.34533,9
1779658140,1.34535,1.34537,1.34535,1.34537,5
1779658200,1.34535,1.34555,1.34504,1.34506,33
1779658260,1.34492,1.34492,1.34492,1.34492,2
1779658320,1.34487,1.34487,1.34485,1.34487,4
1779658440,1.34488,1.34488,1.34488,1.34488,2
1779658500,1.34488,1.34488,1.34485,1.34487,7
1779658560,1.34489,1.34489,1.34488,1.34488,4
1779658620,1.34488,1.34488,1.34486,1.34488,4
1779658680,1.34487,1.34487,1.34487,1.34487,3
1779658800,1.34497,1.34504,1.34492,1.34497,13
1779658860,1.34495,1.34498,1.34483,1.34496,29
1779658920,1.34496,1.34498,1.34485,1.34498,15
1779659040,1.34498,1.345,1.34498,1.34498,8
1779659100,1.34501,1.34503,1.34483,1.34483,18
1779659160,1.34485,1.34488,1.34484,1.34484,6
1779659220,1.34484,1.34486,1.34484,1.34486,7
1779659280,1.34485,1.34487,1.34481,1.34487,8
1779659340,1.34486,1.34487,1.3448,1.3448,10
1779659400,1.34484,1.34488,1.34484,1.34485,9
1779659460,1.34481,1.34487,1.34481,1.34487,4
1779659520,1.34486,1.34494,1.34486,1.34493,7
1779659640,1.34493,1.34495,1.34486,1.34487,17
1779659700,1.34486,1.34488,1.34483,1.34485,11
1779659760,1.34484,1.34488,1.34482,1.34484,23
1779659820,1.34485,1.34527,1.34485,1.34489,17
1779659940,1.34487,1.34487,1.34487,1.34487,2
1779660000,1.34567,1.34678,1.34564,1.34669,116
1779660060,1.34676,1.34732,1.34676,1.34728,98
1779660120,1.34722,1.34745,1.34722,1.34743,62
1779660180,1.34744,1.3475,1.34729,1.34747,66
1779660240,1.34757,1.34758,1.3475,1.34756,60
1779660300,1.34755,1.34771,1.34745,1.34771,93
1779660360,1.34772,1.34774,1.34765,1.34774,57
1779660420,1.34776,1.34777,1.34769,1.34771,62
1779660480,1.34774,1.3478,1.34762,1.34773,71
1779660540,1.34774,1.3478,1.34763,1.3478,49
1779660600,1.3478,1.34781,1.34775,1.34779,42
1779660660,1.3478,1.3478,1.34767,1.34777,26
1779660720,1.34769,1.3477,1.34759,1.3477,42
1779660780,1.34769,1.34783,1.34769,1.3478,55
1779660840,1.34781,1.34781,1.34768,1.34769,36
1779660900,1.3477,1.34783,1.3476,1.3476,63
1779660960,1.34752,1.34765,1.34752,1.3476,48
1779661020,1.3476,1.3477,1.34759,1.34763,31
1779661080,1.34763,1.34768,1.34761,1.34764,44
1779661140,1.34763,1.3477,1.34761,1.34765,48
1779661200,1.34768,1.34771,1.34759,1.34769,43
1779661260,1.34768,1.34785,1.34762,1.34779,53
1779661320,1.3478,1.34788,1.34772,1.34787,41
1779661380,1.34786,1.3479,1.34781,1.34783,36
1779661440,1.34782,1.3479,1.34779,1.3478,50
1779661500,1.34779,1.348,1.34779,1.34793,62
1779661560,1.34793,1.348,1.34787,1.34797,30
1779661620,1.34799,1.34843,1.34795,1.34838,100
1779661680,1.34837,1.34838,1.34831,1.34833,64
1779661740,1.34832,1.34843,1.3483,1.34832,43
1779661800,1.34832,1.34851,1.34829,1.34851,61
1779661860,1.3485,1.34861,1.3484,1.34847,95
1779661920,1.34846,1.34851,1.3484,1.34849,96
1779661980,1.3485,1.34855,1.34828,1.34831,85
1779662040,1.34831,1.34831,1.34827,1.34829,49
1779662100,1.34829,1.3484,1.34828,1.34829,57
1779662160,1.3483,1.34838,1.34808,1.3482,94
1779662220,1.3482,1.3483,1.34819,1.34825,68
1779662280,1.34825,1.3483,1.34817,1.3483,64
1779662340,1.3483,1.3483,1.34827,1.34829,39
1779662400,1.34829,1.3483,1.3482,1.3482,39
1779662460,1.34821,1.34823,1.34809,1.3482,78
1779662520,1.34819,1.34828,1.34819,1.3482,24
1779662580,1.3482,1.34823,1.34809,1.34818,57
1779662640,1.34819,1.34828,1.34818,1.34822,41
1779662700,1.34821,1.3483,1.34821,1.3483,40
1779662760,1.34834,1.34841,1.3483,1.34831,40
1779662820,1.3483,1.34832,1.34826,1.34832,55
1779662880,1.34831,1.3484,1.34831,1.34838,30
1779662940,1.34839,1.34839,1.34827,1.34831,39
1779663000,1.34832,1.34833,1.34828,1.3483,39
1779663060,1.34829,1.34829,1.34818,1.34824,34
1779663120,1.34825,1.34827,1.34818,1.34823,52
1779663180,1.34823,1.34826,1.34809,1.34809,49
1779663240,1.3481,1.34811,1.34802,1.34809,42
1779663300,1.34809,1.34819,1.34809,1.34812,45
1779663360,1.34811,1.34818,1.34811,1.34814,53
1779663420,1.34814,1.34815,1.34806,1.34808,37
1779663480,1.34808,1.34836,1.34807,1.34836,51
1779663540,1.34836,1.34841,1.34835,1.34841,31
1779663600,1.3484,1.34862,1.34839,1.3486,68
1779663660,1.34861,1.34865,1.34846,1.34852,72
1779663720,1.34851,1.34855,1.34851,1.34855,55
1779663780,1.34856,1.34867,1.34856,1.34866,50
1779663840,1.34866,1.3488,1.34865,1.3488,52
1779663900,1.34878,1.34879,1.34871,1.34871,80
1779663960,1.3487,1.34871,1.34869,1.34871,24
1779664020,1.3487,1.34882,1.3487,1.3488,50
1779664080,1.34879,1.3488,1.34879,1.34879,18
1779664140,1.34879,1.3488,1.34879,1.34879,13
1779664200,1.34878,1.34882,1.34878,1.34878,25
1779664260,1.34879,1.34879,1.34873,1.34877,33
1779664320,1.34878,1.34878,1.34868,1.34868,25
1779664380,1.34869,1.3487,1.34868,1.34868,14
1779664440,1.34869,1.34869,1.34867,1.34868,20
1779664500,1.34868,1.34868,1.34867,1.34868,10
1779664560,1.34867,1.34867,1.34858,1.34859,42
1779664620,1.34864,1.34871,1.34857,1.34871,32
1779664680,1.3487,1.3487,1.34858,1.34859,44
1779664740,1.34859,1.34861,1.34859,1.34859,8
1779664800,1.3486,1.34861,1.34858,1.3486,13
1779664860,1.34859,1.34869,1.34859,1.34863,25
1779664920,1.34863,1.34869,1.34863,1.34869,45
1779664980,1.34868,1.34871,1.34868,1.3487,19
1779665040,1.34871,1.34871,1.34863,1.34865,32
1779665100,1.34865,1.34865,1.34848,1.34849,34
1779665160,1.34848,1.34851,1.34848,1.3485,20
1779665220,1.34851,1.34852,1.3485,1.34851,17
1779665280,1.3485,1.3486,1.3485,1.3486,29
1779665340,1.3486,1.3486,1.34842,1.34843,25
1779665400,1.34841,1.34846,1.34832,1.34845,50
1779665460,1.34846,1.34852,1.34846,1.34849,35
1779665520,1.34854,1.34855,1.34851,1.34854,41
1779665580,1.34856,1.34856,1.34846,1.34849,29
1779665640,1.3485,1.34851,1.34841,1.34845,48
1779665700,1.34845,1.34846,1.34837,1.34844,71
1779665760,1.34845,1.34846,1.34843,1.34845,33
1779665820,1.34845,1.34849,1.34843,1.34845,47
1779665880,1.34845,1.34849,1.34844,1.34849,20
1779665940,1.34849,1.34858,1.34847,1.34858,22
1779666000,1.34857,1.34859,1.34854,1.34855,45
1779666060,1.34854,1.34855,1.34847,1.34849,39
1779666120,1.34852,1.34854,1.34848,1.34854,53
1779666180,1.34854,1.34855,1.34853,1.34854,53
1779666240,1.34855,1.34855,1.34846,1.34848,29
1779666300,1.34848,1.34849,1.34837,1.34849,76
1779666360,1.34849,1.34855,1.34844,1.34844,66
1779666420,1.34841,1.34842,1.3484,1.34841,36
1779666480,1.34842,1.34842,1.34839,1.34841,57
1779666540,1.34841,1.34845,1.34839,1.34841,34
1779666600,1.34842,1.34842,1.34837,1.34839,40
1779666660,1.34838,1.34839,1.34818,1.34826,71
1779666720,1.34825,1.34831,1.34821,1.34824,76
1779666780,1.34823,1.34837,1.34823,1.34834,53
1779666840,1.34834,1.34834,1.34827,1.3483,44
1779666900,1.3483,1.34831,1.34824,1.34825,37
1779666960,1.34825,1.34825,1.34816,1.34818,59
1779667020,1.34819,1.34819,1.34811,1.34818,67
1779667080,1.34818,1.3482,1.34813,1.34815,88
1779667140,1.34815,1.34815,1.34805,1.34811,70
1779667200,1.34806,1.34817,1.34804,1.34811,139
1779667260,1.34813,1.34819,1.34797,1.34799,107
1779667320,1.34799,1.34807,1.34795,1.34801,86
1779667380,1.34801,1.34805,1.34798,1.34798,63
1779667440,1.34799,1.34799,1.34789,1.34789,54
1779667500,1.34789,1.34805,1.34789,1.34803,45
1779667560,1.34805,1.34808,1.34787,1.34793,75
1779667620,1.34792,1.34798,1.34792,1.34797,62
1779667680,1.348,1.34813,1.348,1.34806,75
1779667740,1.34807,1.34807,1.34797,1.34804,69
1779667800,1.34809,1.34819,1.34808,1.34814,63
1779667860,1.34814,1.34818,1.348,1.34807,102
1779667920,1.34807,1.34808,1.34799,1.34803,64
1779667980,1.34803,1.34804,1.34801,1.34802,63
1779668040,1.34801,1.34803,1.34797,1.34803,66
1779668100,1.34802,1.34808,1.34796,1.34801,84
1779668160,1.34802,1.34814,1.34797,1.34802,112
1779668220,1.34801,1.34801,1.34787,1.34795,69
1779668280,1.34794,1.34808,1.34792,1.34807,74
1779668340,1.34808,1.3482,1.34805,1.3482,52
1779668400,1.3482,1.34826,1.34811,1.34817,80
1779668460,1.34817,1.34823,1.34803,1.34808,68
1779668520,1.34808,1.3482,1.34808,1.3481,60
1779668580,1.34808,1.34828,1.34808,1.3482,55
1779668640,1.34821,1.34827,1.34816,1.34824,39
1779668700,1.34824,1.34824,1.34798,1.34798,81
1779668760,1.34799,1.34801,1.34788,1.34798,72
1779668820,1.34796,1.34797,1.34788,1.3479,57
1779668880,1.34789,1.348,1.34787,1.3479,67
1779668940,1.34792,1.34817,1.34792,1.34816,75
1779669000,1.34817,1.34828,1.34817,1.34828,71
1779669060,1.34828,1.3483,1.34823,1.34823,48
1779669120,1.34824,1.34828,1.3482,1.3482,61
1779669180,1.34821,1.34821,1.34799,1.34804,52
1779669240,1.34805,1.34807,1.34799,1.34801,41
1779669300,1.34801,1.34808,1.34799,1.34799,50
1779669360,1.34798,1.34798,1.34787,1.3479,52
1779669420,1.34787,1.34797,1.34783,1.34797,54
1779669480,1.34796,1.34796,1.34787,1.34796,47
1779669540,1.34795,1.34798,1.34788,1.34788,52
1779669600,1.34787,1.34787,1.3478,1.34782,70
1779669660,1.34781,1.34786,1.3478,1.34783,49
1779669720,1.34782,1.34782,1.34768,1.34769,57
1779669780,1.3477,1.34773,1.34769,1.3477,66
1779669840,1.3477,1.34778,1.34769,1.34778,42
1779669900,1.34781,1.34791,1.34778,1.34788,64
1779669960,1.34787,1.34798,1.34787,1.34798,53
1779670020,1.34798,1.34811,1.34797,1.34811,40
1779670080,1.3481,1.34835,1.34809,1.34835,75
1779670140,1.34837,1.34879,1.34836,1.34859,123
1779670200,1.3486,1.34869,1.34858,1.34864,109
1779670260,1.34861,1.34869,1.34857,1.34865,88
1779670320,1.34864,1.34868,1.3485,1.34858,70
1779670380,1.34859,1.3487,1.34859,1.34865,81
1779670440,1.34866,1.3488,1.34858,1.34869,116
1779670500,1.34869,1.34877,1.34846,1.34855,184
1779670560,1.34851,1.34851,1.3483,1.34836,135
1779670620,1.34835,1.34838,1.34792,1.34792,128
1779670680,1.34791,1.348,1.34779,1.3478,142
1779670740,1.34777,1.34791,1.34773,1.3479,130
1779670800,1.3479,1.34809,1.34783,1.34797,193
1779670860,1.34796,1.34805,1.34782,1.34804,160
1779670920,1.34803,1.34822,1.34797,1.34819,119
1779670980,1.34819,1.3483,1.34809,1.34812,127
1779671040,1.34811,1.34823,1.34808,1.34813,73
1779671100,1.34813,1.34818,1.34808,1.34816,74
1779671160,1.34817,1.34829,1.34815,1.34829,85
1779671220,1.34831,1.34832,1.34819,1.34821,59
1779671280,1.34821,1.34823,1.34791,1.34793,93
1779671340,1.34792,1.34798,1.3478,1.34797,71
1779671400,1.34798,1.348,1.34773,1.34775,81
1779671460,1.34777,1.3481,1.34777,1.34808,90
1779671520,1.34808,1.3481,1.348,1.34809,78
1779671580,1.34808,1.34828,1.34808,1.34828,82
1779671640,1.34828,1.34869,1.3482,1.34868,110
1779671700,1.34868,1.34878,1.34868,1.34874,70
1779671760,1.34873,1.34878,1.34868,1.34871,75
1779671820,1.3487,1.34879,1.34868,1.34874,63
1779671880,1.34872,1.34876,1.34868,1.34868,78
1779671940,1.34869,1.3488,1.34862,1.3488,85
1779672000,1.3488,1.34885,1.34877,1.34878,67
1779672060,1.34877,1.3488,1.3487,1.3487,45
1779672120,1.3487,1.34878,1.34868,1.34873,60
1779672180,1.34873,1.3488,1.34873,1.3488,58
1779672240,1.3488,1.34881,1.34873,1.34874,45
1779672300,1.34873,1.34888,1.34871,1.34872,62
1779672360,1.34871,1.3488,1.34866,1.3487,75
1779672420,1.34869,1.34871,1.34867,1.34868,52
1779672480,1.34868,1.34873,1.34867,1.34871,41
1779672540,1.34874,1.34901,1.34874,1.34898,86
1779672600,1.34899,1.34902,1.34867,1.3487,116
1779672660,1.34868,1.34874,1.34843,1.34843,108
1779672720,1.34844,1.34851,1.34819,1.34825,123
1779672780,1.34824,1.34843,1.34824,1.34842,92
1779672840,1.34842,1.34844,1.34832,1.34833,72
1779672900,1.34833,1.34863,1.34833,1.34862,69
1779672960,1.34862,1.34863,1.34858,1.34859,45
1779673020,1.34859,1.34872,1.34859,1.34871,56
1779673080,1.34869,1.3487,1.34863,1.34864,53
1779673140,1.34865,1.34874,1.34865,1.34868,44
1779673200,1.34869,1.3487,1.34857,1.34859,43
1779673260,1.34863,1.34868,1.34857,1.34859,91
1779673320,1.34858,1.34858,1.34841,1.34841,77
1779673380,1.3484,1.34842,1.34837,1.3484,48
1779673440,1.34841,1.34841,1.34829,1.34834,60
1779673500,1.34835,1.3484,1.34833,1.3484,73
1779673560,1.34839,1.34851,1.34828,1.34835,100
1779673620,1.34835,1.3484,1.34833,1.34835,73
1779673680,1.34836,1.34836,1.34828,1.3483,69
1779673740,1.3483,1.3483,1.34826,1.3483,38
1779673800,1.34828,1.34828,1.34813,1.34814,72
1779673860,1.34814,1.34821,1.34814,1.3482,41
1779673920,1.34821,1.34822,1.34818,1.34819,34
1779673980,1.34819,1.3482,1.3481,1.34813,64
1779674040,1.34813,1.34815,1.34808,1.34814,58
1779674100,1.34811,1.34819,1.3481,1.34819,78
1779674160,1.34819,1.34819,1.34799,1.34804,67
1779674220,1.34805,1.34806,1.34795,1.34796,77
1779674280,1.34798,1.348,1.34791,1.348,74
1779674340,1.34801,1.34805,1.34798,1.34801,64
1779674400,1.348,1.34815,1.34799,1.34807,68
1779674460,1.34808,1.34809,1.34806,1.34809,50
1779674520,1.3481,1.34815,1.34807,1.34808,43
1779674580,1.34808,1.34815,1.34807,1.34812,20
1779674640,1.34811,1.34814,1.34807,1.34808,34
1779674700,1.34808,1.34818,1.34807,1.34818,52
1779674760,1.34818,1.34829,1.34811,1.34819,62
1779674820,1.34821,1.34837,1.34819,1.3483,74
1779674880,1.34829,1.34829,1.34821,1.34823,76
1779674940,1.34824,1.3483,1.34823,1.34828,51
1779675000,1.34829,1.3483,1.34826,1.34827,45
1779675060,1.34822,1.34822,1.34809,1.34814,55
1779675120,1.34816,1.34818,1.3481,1.34815,56
1779675180,1.34815,1.34816,1.34799,1.34799,50
1779675240,1.34798,1.34801,1.34797,1.34797,51
1779675300,1.34798,1.34801,1.34796,1.34799,72
1779675360,1.34798,1.34798,1.34789,1.34791,75
1779675420,1.34792,1.34792,1.3479,1.34791,24
1779675480,1.3479,1.34804,1.3479,1.34802,58
1779675540,1.34801,1.34802,1.34798,1.34799,37
1779675600,1.34801,1.34803,1.34797,1.34801,55
1779675660,1.348,1.34805,1.34798,1.34802,34
1779675720,1.34801,1.34801,1.34797,1.34798,44
1779675780,1.34799,1.34813,1.34798,1.34811,67
1779675840,1.34811,1.34812,1.34808,1.34811,42
1779675900,1.34812,1.34816,1.34807,1.34809,59
1779675960,1.3481,1.3481,1.348,1.34804,58
1779676020,1.34803,1.34805,1.34799,1.34802,50
1779676080,1.34801,1.34811,1.34796,1.34811,59
1779676140,1.3481,1.34818,1.34809,1.34811,47
1779676200,1.34812,1.34812,1.34807,1.34808,54
1779676260,1.34809,1.34811,1.34798,1.34799,55
1779676320,1.348,1.34812,1.348,1.34809,30
1779676380,1.34808,1.3481,1.34807,1.34808,43
1779676440,1.34809,1.34809,1.34807,1.34808,30
1779676500,1.34809,1.34811,1.34807,1.3481,60
1779676560,1.3481,1.34818,1.3481,1.34817,31
1779676620,1.34818,1.34819,1.34816,1.34816,26
1779676680,1.34813,1.34814,1.34809,1.34813,58
1779676740,1.34813,1.34817,1.34806,1.34807,52
1779676800,1.34806,1.34808,1.34787,1.34798,75
1779676860,1.34797,1.34798,1.34796,1.34797,23
1779676920,1.34797,1.34801,1.34795,1.34798,37
1779676980,1.348,1.34803,1.34799,1.348,43
1779677040,1.34799,1.34804,1.34798,1.34804,34
1779677100,1.34805,1.34808,1.34805,1.34807,22
1779677160,1.34804,1.34805,1.34789,1.3479,42
1779677220,1.3479,1.348,1.3479,1.348,67
1779677280,1.348,1.348,1.34792,1.34797,54
1779677340,1.34798,1.34799,1.34796,1.34796,35
1779677400,1.34797,1.34798,1.34795,1.34796,21
1779677460,1.34796,1.34797,1.34786,1.34787,45
1779677520,1.34788,1.34789,1.34781,1.34786,36
1779677580,1.34785,1.34788,1.34784,1.34787,45
1779677640,1.34788,1.34788,1.34777,1.34778,32
1779677700,1.34777,1.34778,1.34773,1.34776,40
1779677760,1.34771,1.34771,1.34761,1.34763,40
1779677820,1.34759,1.34769,1.34757,1.34769,58
1779677880,1.34771,1.34771,1.34758,1.3476,81
1779677940,1.3476,1.34769,1.34754,1.34768,84
1779678000,1.34769,1.3479,1.34769,1.34779,96
1779678060,1.34779,1.34779,1.34773,1.34775,53
1779678120,1.34775,1.34779,1.34755,1.34755,58
1779678180,1.34756,1.34758,1.34745,1.3475,46
1779678240,1.34751,1.34757,1.34746,1.34755,56
1779678300,1.34756,1.34758,1.34745,1.3475,76
1779678360,1.34751,1.34752,1.34749,1.3475,43
1779678420,1.34751,1.34758,1.34748,1.34756,51
1779678480,1.34757,1.3476,1.34754,1.34756,44
1779678540,1.34756,1.34761,1.34756,1.34757,40
1779678600,1.34756,1.34758,1.34755,1.34758,44
1779678660,1.34758,1.3476,1.34757,1.3476,46
1779678720,1.34759,1.3476,1.34757,1.34757,27
1779678780,1.34756,1.34766,1.34756,1.34758,38
1779678840,1.34757,1.34765,1.34756,1.34759,48
1779678900,1.3476,1.34762,1.34755,1.34757,65
1779678960,1.34756,1.34758,1.34756,1.34756,63
1779679020,1.34755,1.3476,1.34748,1.34758,68
1779679080,1.34759,1.34761,1.34756,1.34759,33
1779679140,1.3476,1.3476,1.34756,1.34758,42
1779679200,1.3476,1.34771,1.3476,1.34771,54
1779679260,1.34772,1.34786,1.34772,1.34782,100
1779679320,1.34781,1.34784,1.34766,1.34776,78
1779679380,1.34777,1.34778,1.34768,1.3477,61
1779679440,1.34771,1.34776,1.34766,1.34768,47
1779679500,1.34767,1.34772,1.34767,1.34771,49
1779679560,1.34771,1.34773,1.34765,1.34767,60
1779679620,1.34766,1.3477,1.34758,1.3477,60
1779679680,1.34771,1.34771,1.34762,1.34764,40
1779679740,1.34766,1.34767,1.3476,1.34765,67
1779679800,1.34765,1.34768,1.34763,1.34763,46
1779679860,1.34763,1.34777,1.34762,1.34768,77
1779679920,1.34771,1.34774,1.34771,1.34773,34
1779679980,1.34773,1.34779,1.34772,1.34778,38
1779680040,1.34778,1.34778,1.34773,1.34773,47
1779680100,1.34774,1.34794,1.34774,1.34784,106
1779680160,1.34784,1.34786,1.34778,1.34778,72
1779680220,1.34777,1.3478,1.34777,1.34779,46
1779680280,1.3478,1.3478,1.34777,1.34778,38
1779680340,1.34778,1.3478,1.34766,1.3477,69
1779680400,1.3477,1.3477,1.34766,1.34769,48
1779680460,1.34769,1.34776,1.34768,1.34775,45
1779680520,1.34774,1.34777,1.34769,1.34777,57
1779680580,1.34776,1.34778,1.34774,1.34776,45
1779680640,1.34776,1.34776,1.34761,1.34765,46
1779680700,1.34764,1.34764,1.34754,1.34759,42
1779680760,1.34758,1.34758,1.34751,1.34751,60
1779680820,1.34751,1.3476,1.3475,1.34759,41
1779680880,1.34758,1.34758,1.34757,1.34757,21
1779680940,1.34758,1.34758,1.3475,1.34755,19
1779681000,1.34755,1.34759,1.34751,1.34759,35
1779681060,1.34758,1.34759,1.34755,1.34757,43
1779681120,1.34758,1.34758,1.34753,1.34756,56
1779681180,1.34755,1.34756,1.34754,1.34755,65
1779681240,1.34755,1.34756,1.34744,1.34748,67
1779681300,1.34749,1.34751,1.34745,1.3475,57
1779681360,1.34749,1.3475,1.34745,1.34746,69
1779681420,1.34746,1.34758,1.34745,1.3475,93
1779681480,1.34751,1.34757,1.3475,1.34751,35
1779681540,1.34751,1.34755,1.3475,1.34751,58
1779681600,1.3475,1.34759,1.34746,1.34747,91
1779681660,1.34748,1.34749,1.34746,1.34746,40
1779681720,1.34747,1.34758,1.34746,1.34757,52
1779681780,1.34757,1.34762,1.34756,1.3476,43
1779681840,1.34761,1.34764,1.34759,1.34764,41
1779681900,1.34763,1.34765,1.34763,1.34764,23
1779681960,1.34764,1.34764,1.34757,1.34758,31
1779682020,1.34759,1.34759,1.34756,1.34757,37
1779682080,1.34757,1.34758,1.34749,1.34751,54
1779682140,1.34749,1.34751,1.34748,1.3475,34
1779682200,1.34749,1.34751,1.34749,1.3475,26
1779682260,1.3475,1.34759,1.3475,1.34758,41
1779682320,1.34757,1.34759,1.34754,1.34757,53
1779682380,1.34757,1.34758,1.34749,1.3475,61
1779682440,1.3475,1.34752,1.34749,1.3475,51
1779682500,1.3475,1.34752,1.34746,1.34749,49
1779682560,1.34748,1.3475,1.34748,1.34748,30
1779682620,1.34748,1.34749,1.34747,1.34747,33
1779682680,1.3475,1.34753,1.34747,1.34749,38
1779682740,1.3475,1.34751,1.34748,1.34748,24
1779682800,1.34747,1.34756,1.34747,1.34756,37
1779682860,1.34757,1.3476,1.34757,1.34759,34
1779682920,1.3476,1.3476,1.34752,1.34757,51
1779682980,1.34757,1.34758,1.34755,1.34757,38
1779683040,1.34758,1.34759,1.34749,1.3475,39
1779683100,1.3475,1.34765,1.3475,1.3476,36
1779683160,1.34761,1.34764,1.34761,1.34764,21
1779683220,1.34764,1.34765,1.34763,1.34765,27
1779683280,1.34764,1.34767,1.34763,1.34767,32
1779683340,1.34766,1.34768,1.34763,1.34767,50
1779683400,1.34768,1.34769,1.34767,1.34767,24
1779683460,1.34768,1.34782,1.34768,1.34781,86
1779683520,1.34782,1.34782,1.34774,1.3478,56
1779683580,1.34779,1.34782,1.34779,1.34781,35
1779683640,1.34781,1.3479,1.3478,1.34789,28
1779683700,1.3479,1.34792,1.34789,1.34792,39
1779683760,1.34791,1.34791,1.34778,1.34783,44
1779683820,1.34787,1.348,1.34787,1.348,64
1779683880,1.34802,1.34802,1.348,1.348,21
1779683940,1.348,1.348,1.3479,1.34791,26
1779684000,1.34791,1.34804,1.3479,1.34801,40
1779684060,1.34801,1.34802,1.348,1.34801,18
1779684120,1.34802,1.34811,1.34801,1.34807,29
1779684180,1.34808,1.34808,1.34805,1.34806,26
1779684240,1.34805,1.3481,1.34805,1.3481,35
1779684300,1.3481,1.34812,1.3481,1.3481,16
1779684360,1.34809,1.3481,1.34809,1.34809,28
1779684420,1.3481,1.34821,1.3481,1.34818,32
1779684480,1.34818,1.34829,1.34818,1.34828,58
1779684540,1.34828,1.34829,1.3482,1.34821,33
1779684600,1.34821,1.34824,1.34819,1.34822,29
1779684660,1.34822,1.34839,1.34822,1.34837,59
1779684720,1.34837,1.3484,1.34831,1.34831,56
1779684780,1.34829,1.34839,1.34829,1.34839,44
1779684840,1.34839,1.34843,1.34838,1.34842,40
1779684900,1.34845,1.34848,1.34844,1.34847,76
1779684960,1.34848,1.3485,1.34846,1.34848,48
1779685020,1.3487,1.34884,1.34858,1.34881,0
1779685080,1.34874,1.34874,1.34854,1.34856,0
1779685140,1.34858,1.34858,1.34847,1.34849,0
1779685200,1.34851,1.34864,1.34851,1.34861,0
1779685260,1.34856,1.34863,1.34853,1.34862,0
1779685320,1.34859,1.34859,1.34851,1.34852,0
1779685380,1.34854,1.34855,1.34853,1.34853,0
1779685440,1.34853,1.34855,1.34853,1.34855,0
1779685500,1.34853,1.34854,1.3485,1.34853,0
1779685560,1.34852,1.34854,1.34835,1.3484,0
1779685620,1.34847,1.34847,1.34822,1.34827,0
1779685680,1.34832,1.34832,1.34805,1.3481,0
1779685740,1.34818,1.34818,1.34802,1.34803,0
1779685800,1.34805,1.34805,1.34795,1.34797,0
1779685860,1.34797,1.3481,1.34797,1.34808,0
1779685920,1.34804,1.34823,1.34804,1.34817,0
1779685980,1.34806,1.34831,1.34806,1.34828,0
1779686040,1.34821,1.34833,1.34821,1.34832,0
1779686100,1.34828,1.34828,1.34816,1.34819,0
1779686160,1.34821,1.34824,1.34819,1.34819,0
1779686220,1.3482,1.34831,1.34805,1.34827,0
1779686280,1.34821,1.34821,1.34774,1.34785,0
1779686340,1.34799,1.34805,1.3473,1.34744,0
1779686400,1.34773,1.34773,1.34716,1.34722,0
1779686460,1.34732,1.34732,1.34724,1.34725,0
1779686520,1.34726,1.34738,1.34726,1.34736,0
1779686580,1.34732,1.34736,1.34728,1.34736,0
1779686640,1.34734,1.34735,1.34722,1.34724,0
1779686700,1.34726,1.34753,1.34725,1.34746,0
1779686760,1.34736,1.34756,1.34736,1.34755,0
1779686820,1.34749,1.34754,1.34742,1.34743,0
1779686880,1.34746,1.34751,1.34745,1.34751,0
1779686940,1.34749,1.34751,1.34745,1.34745,0
1779687000,1.34746,1.34747,1.34742,1.34747,0
1779687060,1.34745,1.34755,1.34738,1.3474,0
1779687120,1.34744,1.34761,1.34744,1.34758,0
1779687180,1.3475,1.3479,1.3475,1.3478,0
1779687240,1.3476,1.34802,1.3476,1.34797,0
1779687300,1.34786,1.34786,1.34764,1.34767,0
1779687360,1.34771,1.34785,1.34761,1.34763,0
1779687420,1.34771,1.34785,1.34771,1.34784,0
1779687480,1.3478,1.34781,1.34777,1.34777,0
1779687540,1.34778,1.34778,1.34771,1.34778,0
1779687600,1.34776,1.34776,1.34771,1.34771,0
1779687660,1.34772,1.34773,1.34769,1.34772,0
1779687720,1.34769,1.34784,1.34769,1.34781,0
1779687780,1.34774,1.34784,1.34774,1.34783,0
1779687840,1.3478,1.34783,1.34779,1.34783,0
1779687900,1.34781,1.34781,1.34775,1.34776,0
1779687960,1.34776,1.34776,1.34769,1.34771,0
1779688020,1.34771,1.34786,1.34766,1.34781,0
1779688080,1.34775,1.34784,1.34775,1.34784,0
1779688140,1.3478,1.34791,1.3478,1.34789,0
1779688200,1.34786,1.34788,1.34785,1.34788,0
1779688260,1.34784,1.34796,1.34784,1.34794,0
1779688320,1.3479,1.34792,1.34789,1.34792,0
1779688380,1.34791,1.34798,1.34787,1.34788,0
1779688440,1.34789,1.34798,1.34789,1.34797,0
1779688500,1.34795,1.34797,1.34795,1.34797,0
1779688560,1.34794,1.34796,1.34794,1.34796,0
1779688620,1.34795,1.348,1.34789,1.34791,0
1779688680,1.3479,1.34836,1.34771,1.34823,0
1779688740,1.34807,1.34844,1.34807,1.3484,0
1779688800,1.34829,1.34839,1.34829,1.34837,0
1779688860,1.34834,1.34849,1.34815,1.34844,0
1779688920,1.34836,1.34836,1.34807,1.3481,0
1779688980,1.34815,1.34815,1.34803,1.34804,0
1779689040,1.34806,1.34817,1.348,1.34801,0
1779689100,1.34801,1.34822,1.34801,1.3482,0
1779689160,1.34816,1.34826,1.34816,1.34824,0
1779689220,1.34816,1.34846,1.34813,1.34839,0
1779689280,1.34829,1.34859,1.34829,1.34854,0
1779689340,1.34837,1.34876,1.34837,1.3487,0
1779689400,1.34863,1.34884,1.34863,1.3488,0
1779689460,1.34867,1.34896,1.34867,1.34892,0
1779689520,1.34886,1.34895,1.34883,1.34894,0
1779689580,1.34891,1.34891,1.34877,1.3488,0
1779689640,1.34884,1.34884,1.34869,1.34871,0
1779689700,1.34874,1.34876,1.34872,1.34876,0
1779689760,1.34875,1.34875,1.34869,1.34869,0
1779689820,1.34871,1.34872,1.34868,1.34872,0
1779689880,1.34869,1.34874,1.34868,1.34868,0
1779689940,1.34869,1.34871,1.34867,1.34871,0
1779690000,1.34867,1.34887,1.34863,1.34881,0
1779690060,1.34874,1.34885,1.34874,1.34884,0
1779690120,1.34882,1.34882,1.34874,1.34875,0
1779690180,1.34876,1.34876,1.34873,1.34876,0
1779690240,1.34875,1.34878,1.34871,1.34872,0
1779690300,1.34872,1.3488,1.34872,1.34879,0
1779690360,1.34876,1.34879,1.34876,1.34879,0
1779690420,1.34877,1.34885,1.34874,1.34875,0
1779690480,1.34877,1.34882,1.34877,1.34882,0
1779690540,1.3488,1.34887,1.34877,1.34877,0
1779690600,1.34879,1.34884,1.34879,1.34884,0
1779690660,1.34881,1.34902,1.34871,1.34895,0
1779690720,1.34885,1.34904,1.34885,1.34902,0
1779690780,1.34896,1.3491,1.34896,1.34908,0
1779690840,1.34903,1.34909,1.34903,1.34908,0
1779690900,1.34907,1.34908,1.34904,1.34907,0
1779690960,1.34905,1.34907,1.34899,1.34907,0
1779691020,1.34905,1.34905,1.34889,1.34892,0
1779691080,1.34895,1.34895,1.34894,1.34894,0
1779691140,1.34894,1.34894,1.34885,1.34887,0
1779691200,1.34889,1.34902,1.34881,1.34883,0
1779691260,1.3489,1.349,1.3489,1.34899,0
1779691320,1.34896,1.34897,1.34892,1.34897,0
1779691380,1.34896,1.34896,1.34881,1.34883,0
1779691440,1.34887,1.34887,1.34873,1.34876,0
1779691500,1.34881,1.34881,1.34865,1.34867,0
1779691560,1.34871,1.34879,1.34871,1.34878,0
1779691620,1.34872,1.34888,1.34872,1.34885,0
1779691680,1.3488,1.34888,1.3488,1.34887,0
1779691740,1.34881,1.34905,1.34881,1.34899,0
1779691800,1.34892,1.34904,1.34892,1.34903,0
1779691860,1.34899,1.34903,1.34899,1.34902,0
1779691920,1.349,1.349,1.34892,1.34894,0
1779691980,1.34898,1.34898,1.34891,1.34892,0
1779692040,1.34893,1.34894,1.34887,1.34888,0
1779692100,1.34889,1.34903,1.34889,1.349,0
1779692160,1.34892,1.34905,1.34892,1.34904,0
1779692220,1.349,1.34901,1.34885,1.34888,0
1779692280,1.34888,1.34932,1.34878,1.34921,0
1779692340,1.34907,1.34938,1.34907,1.34935,0
1779692400,1.34925,1.34942,1.34925,1.34939,0
1779692460,1.34935,1.34938,1.34935,1.34938,0
1779692520,1.34936,1.34945,1.34936,1.34943,0
1779692580,1.34939,1.34942,1.34939,1.34942,0
1779692640,1.3494,1.34941,1.34938,1.3494,0
1779692700,1.34939,1.34947,1.34937,1.34937,0
1779692760,1.34939,1.34952,1.34939,1.3495,0
1779692820,1.34944,1.34955,1.34944,1.34954,0
1779692880,1.3495,1.3495,1.34939,1.34942,0
1779692940,1.34945,1.34945,1.34938,1.34938,0
1779693000,1.34939,1.34942,1.34935,1.34941,0
1779693060,1.34936,1.34955,1.34936,1.34951,0
1779693120,1.34945,1.34951,1.34945,1.34951,0
1779693180,1.34949,1.34953,1.34949,1.34953,0
1779693240,1.34951,1.34951,1.34937,1.3494,0
1779693300,1.34946,1.34946,1.34931,1.34933,0
1779693360,1.34936,1.34936,1.34927,1.34928,0
1779693420,1.34929,1.34931,1.34922,1.34924,0
1779693480,1.34923,1.3494,1.34923,1.34936,0
1779693540,1.34932,1.34938,1.34932,1.34938,0
1779693600,1.34934,1.34941,1.34934,1.3494,0
1779693660,1.34937,1.34941,1.34928,1.3494,0
1779693720,1.34936,1.34936,1.34927,1.34928,0
1779693780,1.3493,1.34931,1.34929,1.34931,0
1779693840,1.3493,1.34937,1.3493,1.34935,0
1779693900,1.34931,1.34938,1.34931,1.34937,0
1779693960,1.34934,1.34938,1.34934,1.34938,0
1779694020,1.34936,1.34948,1.34933,1.34944,0
1779694080,1.34939,1.34947,1.34939,1.34947,0
1779694140,1.34943,1.34951,1.34943,1.3495,0
1779694200,1.34947,1.34947,1.34938,1.3494,0
1779694260,1.34943,1.34946,1.34938,1.34938,0
1779694320,1.3494,1.34943,1.3494,1.34943,0
1779694380,1.3494,1.34951,1.3494,1.34949,0
1779694440,1.34945,1.34949,1.34945,1.34949,0
1779694500,1.34947,1.3495,1.34947,1.3495,0
1779694560,1.34948,1.3495,1.34944,1.34944,0
1779694620,1.34945,1.3495,1.34945,1.3495,0
1779694680,1.34947,1.34954,1.34946,1.34946,0
1779694740,1.34948,1.34952,1.34945,1.34952,0
1779694800,1.3495,1.34954,1.34945,1.34945,0
1779694860,1.34947,1.34951,1.34947,1.34951,0
1779694920,1.34947,1.34955,1.34947,1.34954,0
1779694980,1.34952,1.34955,1.34947,1.34948,0
1779695040,1.34948,1.34959,1.34948,1.34958,0
1779695100,1.34956,1.34956,1.34955,1.34956,0
1779695160,1.34955,1.34957,1.34953,1.34957,0
1779695220,1.34953,1.34961,1.34953,1.34959,0
1779695280,1.34956,1.34961,1.3495,1.34961,0
1779695340,1.34958,1.34958,1.34949,1.3495,0
1779695400,1.3495,1.3495,1.34944,1.34946,0
1779695460,1.34945,1.34953,1.34945,1.34952,0
1779695520,1.34949,1.34953,1.3494,1.34949,0
1779695580,1.34948,1.34951,1.34937,1.34938,0
1779695640,1.34941,1.34947,1.34941,1.34947,0
1779695700,1.34946,1.34948,1.34942,1.34943,0
1779695760,1.34943,1.34951,1.34943,1.34949,0
1779695820,1.34946,1.3495,1.34946,1.3495,0
1779695880,1.34948,1.34948,1.34945,1.34945,0
1779695940,1.34946,1.34953,1.34931,1.34946,0
1779696000,1.34945,1.34945,1.34929,1.3493,0
1779696060,1.34934,1.34939,1.34934,1.34939,0
1779696120,1.34935,1.34951,1.34935,1.34947,0
1779696180,1.34941,1.34948,1.34941,1.34948,0
1779696240,1.34946,1.34946,1.34942,1.34942,0
1779696300,1.34942,1.34942,1.34938,1.34939,0
1779696360,1.34939,1.3494,1.34938,1.3494,0
1779696420,1.34938,1.34939,1.34938,1.34938,0
1779696480,1.34938,1.34938,1.34935,1.34938,0
1779696540,1.34935,1.34941,1.34935,1.3494,0
1779696600,1.34938,1.34941,1.34928,1.3494,0
1779696660,1.34937,1.34937,1.34927,1.34928,0
1779696720,1.3493,1.3493,1.34923,1.3493,0
1779696780,1.34928,1.34928,1.34924,1.34924,0
1779696840,1.34924,1.34924,1.3492,1.34921,0
1779696900,1.34922,1.34922,1.34918,1.34919,0
1779696960,1.3492,1.3492,1.34918,1.34918,0
1779697020,1.34918,1.34929,1.34918,1.34926,0
1779697080,1.34916,1.34937,1.34916,1.34934,0
1779697140,1.3493,1.34936,1.34926,1.34936,0
1779697200,1.34933,1.34933,1.34923,1.34924,0
1779697260,1.34926,1.34927,1.34905,1.3491,0
1779697320,1.34919,1.34919,1.34902,1.34904,0
1779697380,1.34908,1.34913,1.34908,1.34913,0
1779697440,1.34911,1.34914,1.34911,1.34911,0
1779697500,1.3491,1.34911,1.34907,1.34911,0
1779697560,1.3491,1.3491,1.34903,1.34904,0
1779697620,1.34906,1.3491,1.34898,1.34899,0
1779697680,1.34902,1.3491,1.34902,1.3491,0
1779697740,1.34907,1.34917,1.34906,1.34914,0
1779697800,1.34909,1.34919,1.34903,1.34917,0
1779697860,1.34913,1.34915,1.34899,1.34901,0
1779697920,1.34905,1.34915,1.34901,1.34914,0
1779697980,1.3491,1.3491,1.349,1.34901,0
1779698040,1.34903,1.34904,1.349,1.34903,0
1779698100,1.34901,1.34907,1.34901,1.34906,0
1779698160,1.34904,1.34907,1.34904,1.34904,0
1779698220,1.34904,1.34908,1.34904,1.34908,0
1779698280,1.34905,1.3491,1.34905,1.34909,0
1779698340,1.34906,1.34909,1.34905,1.34909,0
1779698400,1.34905,1.34913,1.34905,1.34911,0
1779698460,1.34908,1.3491,1.34905,1.3491,0
1779698520,1.34906,1.34916,1.34906,1.34913,0
1779698580,1.34909,1.34913,1.34908,1.34913,0
1779698640,1.34911,1.34917,1.34907,1.34908,0
1779698700,1.3491,1.34922,1.3491,1.34919,0
1779698760,1.34913,1.34925,1.34913,1.34924,0
1779698820,1.34921,1.34921,1.34918,1.34918,0
1779698880,1.34919,1.3492,1.34916,1.3492,0
1779698940,1.34917,1.34925,1.34917,1.34917,0
1779699000,1.34918,1.34923,1.34916,1.34923,0
1779699060,1.3492,1.34922,1.34916,1.34916,0
1779699120,1.34918,1.34921,1.34909,1.3492,0
1779699180,1.34917,1.34917,1.34909,1.3491,0
1779699240,1.34911,1.34911,1.34907,1.34911,0
1779699300,1.34909,1.34913,1.34907,1.34909,0
1779699360,1.34908,1.34911,1.34908,1.34911,0
1779699420,1.34909,1.34911,1.34905,1.34909,0
1779699480,1.34907,1.34914,1.34907,1.34912,0
1779699540,1.3491,1.34913,1.34909,1.34913,0
1779699600,1.34908,1.34916,1.34908,1.34915,0
1779699660,1.34913,1.34913,1.34902,1.34905,0
1779699720,1.34909,1.3491,1.34902,1.34902,0
1779699780,1.34904,1.34909,1.34898,1.34908,0
1779699840,1.34905,1.34905,1.34898,1.34899,0
1779699900,1.349,1.34901,1.34899,1.34901,0
1779699960,1.349,1.349,1.34895,1.349,0
1779700020,1.34898,1.34898,1.34885,1.34887,0
1779700080,1.34891,1.34891,1.34878,1.3488,0
1779700140,1.34883,1.34891,1.34878,1.34879,0
1779700200,1.34882,1.34892,1.34882,1.34891,0
1779700260,1.34884,1.349,1.34884,1.34898,0
1779700320,1.34894,1.34897,1.34894,1.34897,0
1779700380,1.34894,1.34909,1.34889,1.34904,0
1779700440,1.34897,1.34907,1.34897,1.34906,0
1779700500,1.34903,1.34915,1.34903,1.34912,0
1779700560,1.34906,1.34915,1.34906,1.34914,0
1779700620,1.34911,1.3492,1.34911,1.34918,0
1779700680,1.34912,1.34929,1.34912,1.34925,0
1779700740,1.34919,1.34932,1.34919,1.34931,0
1779700800,1.34924,1.34939,1.34924,1.34937,0
1779700860,1.34933,1.34937,1.34931,1.34937,0
1779700920,1.34934,1.34946,1.34926,1.34928,0
1779700980,1.34935,1.34944,1.34935,1.34944,0
1779701040,1.3494,1.34947,1.34938,1.3494,0
1779701100,1.3494,1.34948,1.3494,1.34947,0
1779701160,1.34942,1.34951,1.34942,1.3495,0
1779701220,1.34948,1.34949,1.34948,1.34949,0
1779701280,1.34948,1.34949,1.34945,1.34949,0
1779701340,1.34946,1.34954,1.34943,1.34944,0
1779701400,1.34946,1.34956,1.34946,1.34955,0
1779701460,1.34948,1.34967,1.34948,1.34963,0
1779701520,1.34958,1.34964,1.34958,1.34964,0
1779701580,1.34961,1.34982,1.34944,1.3495,0
1779701640,1.34963,1.34984,1.34963,1.34982,0
1779701700,1.34977,1.34979,1.34975,1.34975,0
1779701760,1.34976,1.34981,1.34975,1.34976,0
1779701820,1.34975,1.34999,1.34975,1.34993,0
1779701880,1.34979,1.35006,1.34979,1.35003,0
1779701940,1.34997,1.35005,1.34997,1.35004,0
1779702000,1.34999,1.35031,1.34988,1.35022,0
1779702060,1.3501,1.35033,1.3501,1.35031,0
1779702120,1.35023,1.3504,1.35023,1.35038,0
1779702180,1.35034,1.35036,1.35031,1.35036,0
1779702240,1.35034,1.35041,1.35031,1.35032,0
1779702300,1.35033,1.35044,1.35033,1.35042,0
1779702360,1.35035,1.35048,1.35035,1.35047,0
1779702420,1.35044,1.35051,1.35042,1.35042,0
1779702480,1.35043,1.35055,1.35032,1.35054,0
1779702540,1.35051,1.35051,1.35022,1.35025,0
1779702600,1.3503,1.3503,1.3502,1.35022,0
1779702660,1.35023,1.35029,1.35021,1.35021,0
1779702720,1.35022,1.35026,1.35022,1.35026,0
1779702780,1.35022,1.35035,1.35022,1.35032,0
1779702840,1.35028,1.35031,1.35027,1.35031,0
1779702900,1.35029,1.35031,1.35029,1.35031,0
1779702960,1.3503,1.3503,1.35024,1.35025,0
1779703020,1.35026,1.35029,1.35018,1.35029,0
1779703080,1.35028,1.35028,1.35008,1.3501,0
1779703140,1.35014,1.35014,1.34995,1.35,0
1779703200,1.35006,1.35006,1.3499,1.34992,0
1779703260,1.34994,1.34994,1.3498,1.34983,0
1779703320,1.34985,1.34997,1.34979,1.34981,0
1779703380,1.34986,1.34994,1.34986,1.34994,0
1779703440,1.3499,1.35007,1.3499,1.35003,0
1779703500,1.34996,1.35004,1.34996,1.35004,0
1779703560,1.35002,1.35002,1.34995,1.34997,0
1779703620,1.35,1.35,1.34987,1.34989,0
1779703680,1.34992,1.35003,1.34992,1.35002,0
1779703740,1.34997,1.35012,1.34997,1.35008,0
1779703800,1.35003,1.35014,1.34999,1.35013,0
1779703860,1.35009,1.35009,1.34996,1.34997,0
1779703920,1.35001,1.35004,1.35,1.35004,0
1779703980,1.35001,1.35021,1.34996,1.35015,0
1779704040,1.35007,1.35018,1.35007,1.35018,0
1779704100,1.35015,1.35018,1.35015,1.35018,0
1779704160,1.35016,1.35016,1.35007,1.35009,0
1779704220,1.3501,1.35017,1.3501,1.35016,0
1779704280,1.35013,1.35015,1.35012,1.35015,0
1779704340,1.35014,1.35016,1.35006,1.35008,0
1779704400,1.35008,1.3502,1.35008,1.35018,0
1779704460,1.35015,1.35015,1.34999,1.35003,0
1779704520,1.35009,1.35011,1.34997,1.34998,0
1779704580,1.35002,1.35008,1.35002,1.35008,0
1779704640,1.35005,1.35022,1.34995,1.35005,0
1779704700,1.35007,1.35022,1.35007,1.35021,0
1779704760,1.35016,1.35016,1.35009,1.3501,0
1779704820,1.35012,1.35012,1.35004,1.35005,0
1779704880,1.35007,1.35007,1.35,1.35002,0
1779704940,1.35003,1.35006,1.35001,1.35001,0
1779705000,1.35002,1.35005,1.35001,1.35005,0
1779705060,1.35002,1.35018,1.34991,1.34994,0
1779705120,1.35004,1.35039,1.35004,1.35031,0
1779705180,1.35007,1.35053,1.35007,1.35048,0
1779705240,1.35041,1.35049,1.35041,1.35048,0
1779705300,1.35042,1.35059,1.35042,1.35056,0
1779705360,1.35051,1.35057,1.35049,1.35056,0
1779705420,1.35054,1.35054,1.35046,1.35047,0
1779705480,1.35048,1.35048,1.35044,1.35048,0
1779705540,1.35048,1.35048,1.35035,1.35038,0
1779705600,1.35043,1.35043,1.35031,1.35032,0
1779705660,1.35035,1.35037,1.35035,1.35037,0
1779705720,1.35034,1.35046,1.35031,1.35042,0
1779705780,1.35037,1.35043,1.35037,1.35043,0
1779705840,1.3504,1.3505,1.35038,1.3504,0
1779705900,1.35041,1.35047,1.35041,1.35047,0
1779705960,1.35044,1.35063,1.35042,1.35058,0
1779706020,1.35048,1.35064,1.35048,1.35063,0
1779706080,1.35059,1.3506,1.35051,1.3506,0
1779706140,1.35059,1.35059,1.35042,1.35044,0
1779706200,1.35048,1.35048,1.35032,1.35035,0
1779706260,1.35039,1.35039,1.35029,1.3503,0
1779706320,1.35031,1.35031,1.35017,1.35021,0
1779706380,1.35026,1.35026,1.35017,1.35017,0
1779706440,1.35018,1.35018,1.35012,1.35018,0
1779706500,1.35016,1.3502,1.35013,1.35013,0
1779706560,1.35014,1.35017,1.35014,1.35017,0
1779706620,1.35015,1.35021,1.35013,1.35015,0
1779706680,1.35014,1.3502,1.35013,1.35019,0
1779706740,1.35017,1.35017,1.35007,1.35009,0
1779706800,1.35011,1.35011,1.35009,1.35009,0
1779706860,1.35009,1.3501,1.35004,1.35009,0
1779706920,1.35005,1.35021,1.35005,1.35017,0
1779706980,1.35012,1.35018,1.35012,1.35018,0
1779707040,1.35014,1.35026,1.35014,1.35023,0
1779707100,1.35018,1.35023,1.35018,1.35023,0
1779707160,1.3502,1.35023,1.35018,1.35018,0
1779707220,1.35019,1.35025,1.35018,1.35023,0
1779707280,1.35019,1.3503,1.35019,1.35029,0
1779707340,1.35024,1.3503,1.35024,1.35029,0
1779707400,1.35028,1.3503,1.35026,1.3503,0
1779707460,1.35027,1.35027,1.35025,1.35025,0
1779707520,1.35025,1.35038,1.34999,1.35007,0
1779707580,1.35023,1.35023,1.34993,1.34995,0
1779707640,1.35,1.35,1.34993,1.34995,0
1779707700,1.34995,1.35002,1.34995,1.35,0
1779707760,1.34997,1.35,1.3499,1.34999,0
1779707820,1.34997,1.34997,1.34989,1.3499,0
1779707880,1.34991,1.34993,1.34991,1.34993,0
1779707940,1.34992,1.35001,1.34991,1.34998,0
1779708000,1.3499,1.35005,1.3499,1.35003,0
1779708060,1.35,1.35006,1.35,1.35005,0
1779708120,1.35,1.35019,1.35,1.35014,0
1779708180,1.35009,1.35017,1.35009,1.35017,0
1779708240,1.35014,1.35017,1.35011,1.35011,0
1779708300,1.35011,1.35014,1.35008,1.35014,0
1779708360,1.35012,1.35016,1.35009,1.35009,0
1779708420,1.3501,1.35019,1.3501,1.35017,0
1779708480,1.35011,1.35022,1.35011,1.35021,0
1779708540,1.35019,1.35019,1.35017,1.35017,0
1779708600,1.35017,1.3502,1.35017,1.3502,0
1779708660,1.35016,1.35027,1.35016,1.35024,0
1779708720,1.3502,1.35032,1.3502,1.3503,0
1779708780,1.3502,1.35042,1.3502,1.35038,0
1779708840,1.35034,1.35039,1.35033,1.35039,0
1779708900,1.35036,1.35038,1.35035,1.35035,0
1779708960,1.35035,1.35036,1.35027,1.35035,0
1779709020,1.35033,1.35033,1.35026,1.35027,0
1779709080,1.35028,1.35028,1.35024,1.35024,0
1779709140,1.35024,1.35025,1.35022,1.35025,0
1779709200,1.35023,1.35028,1.3502,1.3502,0
1779709260,1.35022,1.35029,1.35016,1.35028,0
1779709320,1.35025,1.35025,1.35011,1.35013,0
1779709380,1.35015,1.35015,1.34998,1.35001,0
1779709440,1.35006,1.35006,1.34998,1.34998,0
1779709500,1.35,1.35005,1.34992,1.35004,0
1779709560,1.35,1.35,1.34993,1.34993,0
1779709620,1.34994,1.34994,1.34986,1.34987,0
1779709680,1.34988,1.34989,1.34981,1.34989,0
1779709740,1.34988,1.34991,1.34975,1.34976,0
1779709800,1.3498,1.34993,1.3498,1.34992,0
1779709860,1.34988,1.34997,1.34988,1.34995,0
1779709920,1.34991,1.34998,1.34991,1.34997,0
1779709980,1.3499,1.35002,1.3499,1.35001,0
1779710040,1.34998,1.34998,1.34987,1.3499,0
1779710100,1.34993,1.34993,1.34987,1.34987,0
1779710160,1.34988,1.34988,1.34979,1.34981,0
1779710220,1.34983,1.34983,1.34971,1.34974,0
1779710280,1.3498,1.3498,1.3496,1.34963,0
1779710340,1.34967,1.34967,1.34955,1.34957,0
1779710400,1.34961,1.34961,1.34948,1.3495,0
1779710460,1.34952,1.34952,1.3494,1.34942,0
1779710520,1.34944,1.34955,1.34934,1.34936,0
1779710580,1.34943,1.34954,1.34943,1.34954,0
1779710640,1.34949,1.34974,1.34942,1.34967,0
1779710700,1.34958,1.34973,1.34958,1.34972,0
1779710760,1.34968,1.3497,1.34967,1.34968,0
1779710820,1.34968,1.34969,1.34957,1.3496,0
1779710880,1.34965,1.34965,1.34953,1.34955,0
1779710940,1.34957,1.3496,1.34953,1.34954,0
1779711000,1.34955,1.34961,1.34955,1.34961,0
1779711060,1.34957,1.34962,1.34956,1.34961,0
1779711120,1.34959,1.34959,1.34947,1.3495,0
1779711180,1.34952,1.34952,1.34945,1.34946,0
1779711240,1.34948,1.34948,1.34933,1.34936,0
1779711300,1.3494,1.34952,1.34923,1.34927,0
1779711360,1.34936,1.34951,1.34936,1.3495,0
1779711420,1.34945,1.34957,1.34945,1.34956,0
1779711480,1.34952,1.34954,1.34952,1.34954,0
1779711540,1.34953,1.34954,1.34951,1.34953,0
1779711600,1.34952,1.34968,1.34948,1.34952,0
1779711660,1.34954,1.34971,1.34954,1.3497,0
1779711720,1.34963,1.34977,1.34963,1.34975,0
1779711780,1.34971,1.34975,1.3497,1.34975,0
1779711840,1.34971,1.34983,1.34967,1.34971,0
1779711900,1.34973,1.34979,1.34973,1.34979,0
1779711960,1.34976,1.34983,1.34976,1.34982,0
1779712020,1.3498,1.3498,1.34976,1.3498,0
1779712080,1.34978,1.34982,1.34978,1.34981,0
1779712140,1.34979,1.34979,1.34974,1.34979,0
1779712200,1.34979,1.34979,1.34969,1.34971,0
1779712260,1.34973,1.34973,1.34965,1.34966,0
1779712320,1.34968,1.34968,1.34956,1.34958,0
1779712380,1.34961,1.34961,1.34957,1.34957,0
1779712440,1.34958,1.34959,1.34955,1.34959,0
1779712500,1.34955,1.34972,1.34954,1.34967,0
1779712560,1.34961,1.34969,1.34961,1.34969,0
1779712620,1.34966,1.34974,1.34965,1.34972,0
1779712680,1.34967,1.3497,1.34967,1.3497,0
1779712740,1.34969,1.34973,1.34969,1.34972,0
1779712800,1.34969,1.34976,1.34969,1.34974,0
1779712860,1.34971,1.34985,1.34971,1.34981,0
1779712920,1.34971,1.3501,1.34969,1.35001,0
1779712980,1.34989,1.35013,1.34989,1.35011,0
1779713040,1.35006,1.35011,1.3499,1.34992,0
1779713100,1.34999,1.35009,1.34999,1.35009,0
1779713160,1.35004,1.35014,1.35004,1.35012,0
1779713220,1.35008,1.35011,1.35005,1.35011,0
1779713280,1.35009,1.35016,1.35002,1.35003,0
1779713340,1.35005,1.35017,1.35005,1.35016,0
1779713400,1.35012,1.35013,1.35006,1.35013,0
1779713460,1.35011,1.35011,1.35002,1.35003,0
1779713520,1.35004,1.35004,1.34996,1.34998,0
1779713580,1.35,1.35007,1.34995,1.34996,0
1779713640,1.34999,1.35007,1.34995,1.35006,0
1779713700,1.35002,1.35007,1.34993,1.34994,0
1779713760,1.34998,1.3501,1.34998,1.35008,0
1779713820,1.34999,1.35017,1.34999,1.35015,0
1779713880,1.35012,1.35012,1.35009,1.35012,0
1779713940,1.35011,1.3502,1.3501,1.35018,0
1779714000,1.35011,1.3502,1.35011,1.35019,0
1779714060,1.35016,1.35016,1.35004,1.35006,0
1779714120,1.35009,1.35009,1.35001,1.35002,0
1779714180,1.35003,1.35005,1.34985,1.3499,0
1779714240,1.34998,1.34998,1.34982,1.34983,0
1779714300,1.34986,1.34987,1.34983,1.34987,0
1779714360,1.34984,1.3499,1.34984,1.34988,0
1779714420,1.34985,1.34986,1.34982,1.34986,0
1779714480,1.34984,1.34987,1.34984,1.34984,0
1779714540,1.34983,1.34984,1.34981,1.34984,0
1779714600,1.34983,1.34983,1.34975,1.34977,0
1779714660,1.3498,1.35027,1.34952,1.34959,0
1779714720,1.3498,1.35048,1.3498,1.3504,0
1779714780,1.35022,1.35033,1.35022,1.35032,0
1779714840,1.35029,1.35042,1.35011,1.35038,0
1779714900,1.3503,1.3503,1.35006,1.35008,0
1779714960,1.35011,1.35011,1.35,1.35002,0
1779715020,1.34996,1.34996,1.34985,1.34991,104
1779715080,1.3499,1.34999,1.34987,1.34999,85
1779715140,1.34999,1.35001,1.34992,1.34997,69
1779715200,1.34999,1.35006,1.34997,1.35006,76
1779715260,1.35006,1.35009,1.34998,1.35009,82
1779715320,1.35008,1.35018,1.35006,1.35013,79
1779715380,1.35012,1.35012,1.35,1.3501,54
1779715440,1.35008,1.35012,1.35006,1.3501,79
1779715500,1.3501,1.35011,1.35004,1.35005,28
1779715560,1.35006,1.35022,1.35005,1.3502,78
1779715620,1.35021,1.35022,1.35018,1.35018,68
1779715680,1.35017,1.35018,1.35006,1.35009,81
1779715740,1.3501,1.3502,1.3501,1.35018,63
1779715800,1.35019,1.35022,1.35015,1.35016,94
1779715860,1.35017,1.35036,1.35015,1.35036,83
1779715920,1.35035,1.35039,1.35027,1.35029,56
1779715980,1.35029,1.3504,1.35027,1.35037,86
1779716040,1.35036,1.35036,1.3503,1.35032,78
1779716100,1.35031,1.35033,1.35028,1.35028,64
1779716160,1.35024,1.35029,1.35015,1.35015,104
1779716220,1.35017,1.35027,1.35017,1.35026,82
1779716280,1.35026,1.35026,1.35014,1.35015,74
1779716340,1.35014,1.35026,1.35014,1.35021,67
1779716400,1.35021,1.35027,1.35017,1.35019,62
1779716460,1.35019,1.35022,1.35004,1.35008,80
1779716520,1.35009,1.35009,1.34989,1.34994,89
1779716580,1.34995,1.35,1.34989,1.34991,98
1779716640,1.3499,1.34998,1.34988,1.34989,93
1779716700,1.3499,1.34991,1.34986,1.34987,58
1779716760,1.34988,1.34992,1.34986,1.3499,70
1779716820,1.34991,1.34991,1.34965,1.3497,86
1779716880,1.34969,1.34988,1.34969,1.34987,68
1779716940,1.34986,1.34991,1.34986,1.34988,45
1779717000,1.34988,1.34992,1.34981,1.34981,63
1779717060,1.34981,1.34996,1.3498,1.34996,72
1779717120,1.34997,1.35,1.34991,1.34999,62
1779717180,1.35004,1.35004,1.34983,1.34989,75
1779717240,1.34988,1.34989,1.34979,1.34981,48
1779717300,1.34982,1.34982,1.34976,1.34981,76
1779717360,1.3498,1.34981,1.34971,1.34971,44
1779717420,1.34969,1.34969,1.34951,1.34958,70
1779717480,1.34959,1.34961,1.34948,1.3495,96
1779717540,1.34951,1.34958,1.3494,1.3494,105
1779717600,1.34939,1.34945,1.34937,1.34939,104
1779717660,1.34939,1.34948,1.34929,1.34947,99
1779717720,1.34946,1.34962,1.34941,1.34952,109
1779717780,1.34951,1.34963,1.34949,1.34963,79
1779717840,1.34964,1.34978,1.34962,1.34973,74
1779717900,1.34972,1.34973,1.34962,1.34963,69
1779717960,1.34962,1.34967,1.34962,1.34962,61
1779718020,1.34961,1.34961,1.34948,1.3495,56
1779718080,1.3495,1.34953,1.34949,1.34951,57
1779718140,1.3495,1.34962,1.3495,1.34961,64
1779718200,1.34959,1.34959,1.34949,1.34949,78
1779718260,1.34948,1.34952,1.34947,1.34947,54
1779718320,1.34948,1.34952,1.34931,1.34932,64
1779718380,1.34931,1.34937,1.34927,1.34927,59
1779718440,1.34928,1.34941,1.34928,1.3494,53
1779718500,1.34941,1.34949,1.3494,1.34948,58
1779718560,1.34952,1.34957,1.34949,1.34953,75
1779718620,1.34953,1.34953,1.34947,1.34948,52
1779718680,1.34949,1.34952,1.34945,1.34951,57
1779718740,1.3495,1.34959,1.34948,1.34959,54
1779718800,1.34961,1.3497,1.34959,1.34963,92
1779718860,1.34966,1.34978,1.34966,1.34972,74
1779718920,1.34973,1.34975,1.34959,1.34972,61
1779718980,1.34973,1.3498,1.34967,1.34979,47
1779719040,1.34978,1.34982,1.34976,1.34981,39
1779719100,1.34981,1.34982,1.34978,1.34978,47
1779719160,1.34978,1.34979,1.34972,1.34979,77
1779719220,1.34978,1.34979,1.34976,1.34979,46
1779719280,1.34978,1.34981,1.34971,1.34973,70
1779719340,1.34974,1.34976,1.34968,1.34968,59
1779719400,1.34969,1.34969,1.3496,1.34962,75
1779719460,1.34961,1.34962,1.34949,1.34951,46
1779719520,1.34953,1.34958,1.3495,1.34951,56
1779719580,1.34952,1.34957,1.34948,1.34952,58
1779719640,1.34954,1.34969,1.34952,1.34964,68
1779719700,1.34965,1.34966,1.34961,1.34962,40
1779719760,1.34963,1.3497,1.34963,1.34967,48
1779719820,1.34968,1.34971,1.34965,1.34965,53
1779719880,1.34964,1.34971,1.34964,1.34967,47
1779719940,1.34968,1.34975,1.34965,1.34971,70
1779720000,1.34972,1.34975,1.34967,1.3497,57
1779720060,1.34967,1.35008,1.34967,1.35007,79
1779720120,1.35006,1.35012,1.34993,1.34993,89
1779720180,1.34994,1.35002,1.34993,1.34997,64
1779720240,1.34998,1.35009,1.34998,1.35007,91
1779720300,1.35007,1.35007,1.35,1.35003,57
1779720360,1.35003,1.35014,1.34993,1.35006,88
1779720420,1.35004,1.35004,1.34992,1.35001,90
1779720480,1.35002,1.35018,1.35002,1.35008,91
1779720540,1.35008,1.35011,1.35002,1.35003,85
1779720600,1.35004,1.35005,1.34996,1.34998,69
1779720660,1.34999,1.35002,1.34991,1.34998,78
1779720720,1.34999,1.35002,1.34996,1.34998,43
1779720780,1.34997,1.35003,1.34996,1.34998,53
1779720840,1.34999,1.35,1.34977,1.34985,82
1779720900,1.34984,1.35011,1.34983,1.35007,96
1779720960,1.35008,1.35019,1.35006,1.35011,67
1779721020,1.3501,1.35014,1.34993,1.34999,150
1779721080,1.35001,1.3502,1.35001,1.35018,120
1779721140,1.35015,1.35019,1.35007,1.35008,127
1779721200,1.35006,1.35008,1.34999,1.35002,116
1779721260,1.35001,1.35005,1.34994,1.34999,117
1779721320,1.34998,1.35,1.3497,1.34982,150
1779721380,1.34981,1.34986,1.34978,1.34982,119
1779721440,1.34981,1.34983,1.34972,1.34983,63
1779721500,1.34982,1.34988,1.34975,1.34982,110
1779721560,1.34982,1.34987,1.34973,1.34983,80
1779721620,1.34983,1.34993,1.34976,1.34983,71
1779721680,1.34982,1.34983,1.34978,1.34981,71
1779721740,1.34982,1.34982,1.34959,1.3496,65
1779721800,1.3496,1.35019,1.34959,1.35018,155
1779721860,1.35016,1.35053,1.35,1.35028,197
1779721920,1.35027,1.35037,1.35018,1.35029,155
1779721980,1.35028,1.35032,1.35016,1.35017,142
1779722040,1.35017,1.35018,1.34998,1.35,134
1779722100,1.35001,1.35008,1.34995,1.35002,112
1779722160,1.35,1.35002,1.34988,1.34997,124
1779722220,1.34997,1.35003,1.34996,1.35001,91
1779722280,1.35002,1.3501,1.35001,1.35007,68
1779731460,1.3505,1.3505,1.35047,1.35047,23
1779731520,1.35048,1.35049,1.35048,1.35049,4
1779731640,1.35057,1.35059,1.35053,1.35058,30
1779731820,1.35052,1.35053,1.35051,1.35052,26
1779731880,1.35053,1.35053,1.35051,1.35052,12
1779731940,1.35053,1.35057,1.35052,1.35056,28
1779732000,1.35057,1.3506,1.35057,1.3506,41
1779732060,1.35059,1.35059,1.35051,1.35051,37
1779732120,1.35049,1.3505,1.35049,1.3505,23
1779732180,1.35051,1.35051,1.3505,1.3505,8
1779732240,1.35051,1.35052,1.35049,1.3505,32
1779732300,1.3505,1.35051,1.35047,1.35051,37
1779732360,1.35051,1.35053,1.35049,1.35051,45
1779732420,1.35052,1.35053,1.35051,1.35053,23
1779733260,1.35061,1.35061,1.35057,1.35058,12
1779733320,1.35053,1.35061,1.35053,1.35058,33
1779733380,1.35058,1.3506,1.35056,1.35056,20
1779733440,1.35057,1.35057,1.35056,1.35056,10
1779733500,1.35057,1.35059,1.35056,1.35057,43
1779733560,1.35059,1.35059,1.35057,1.35058,28
1779733620,1.35059,1.35061,1.35057,1.35057,44
1779733680,1.35058,1.35059,1.35055,1.35057,17
1779733740,1.35055,1.35056,1.35053,1.35055,22
1779733800,1.35058,1.35058,1.35054,1.35057,61
1779733860,1.35058,1.3506,1.35055,1.35056,38
1779733920,1.35054,1.35057,1.35053,1.35056,51
1779733980,1.35055,1.35058,1.35054,1.35057,18
1779734040,1.35057,1.35058,1.35056,1.35057,21
1779734100,1.35058,1.35062,1.35056,1.35061,23
1779734160,1.3506,1.35065,1.3506,1.35065,17
1779734220,1.35066,1.35066,1.35065,1.35065,3
1779734280,1.35064,1.35069,1.35064,1.35068,24
1779734340,1.35067,1.35072,1.35067,1.35071,20
1779734400,1.3507,1.3507,1.35059,1.3506,26
1779734460,1.3506,1.3506,1.35058,1.35058,17
1779734520,1.35059,1.35059,1.35051,1.35052,29
1779734580,1.35052,1.35055,1.35051,1.35055,24
1779734640,1.35057,1.35057,1.35055,1.35055,22
1779734700,1.35055,1.35057,1.35055,1.35056,26
1779734760,1.35056,1.35061,1.35055,1.35059,24
1779734820,1.3506,1.35061,1.35059,1.35061,8
1779734940,1.35063,1.35063,1.35059,1.35062,34
1779735000,1.35062,1.35067,1.35062,1.35064,31
1779735060,1.35063,1.35066,1.35063,1.35065,18
1779735120,1.35065,1.35066,1.35064,1.35064,13
1779735180,1.35063,1.35064,1.35062,1.35064,20
1779735240,1.35065,1.35065,1.35062,1.35063,26
1779735300,1.35064,1.3507,1.35064,1.3507,41
1779735360,1.35071,1.35071,1.35069,1.3507,7
1779735420,1.3507,1.3507,1.35067,1.35068,24
1779735480,1.35069,1.3507,1.35067,1.35067,16
1779735540,1.35066,1.35072,1.35066,1.35069,44
1779735600,1.3507,1.3507,1.35066,1.35067,22
1779735660,1.35066,1.35068,1.35066,1.35067,16
1779735720,1.35067,1.35067,1.35066,1.35067,11
1779735780,1.35066,1.35068,1.35066,1.35067,24
1779735840,1.35068,1.35069,1.35066,1.35068,19
1779735900,1.35068,1.35068,1.35066,1.35067,21
1779735960,1.35066,1.35068,1.35064,1.35068,32
1779736020,1.35068,1.35068,1.35062,1.35063,12
1779736080,1.35064,1.35068,1.35063,1.35067,20
1779736140,1.35066,1.35067,1.35062,1.35062,15
1779736200,1.35062,1.35064,1.35061,1.35063,25
1779736260,1.35063,1.35065,1.35063,1.35065,27
1779736320,1.35064,1.35064,1.35057,1.35058,26
1779736380,1.35059,1.35059,1.35058,1.35059,7
1779736440,1.35058,1.35061,1.35058,1.3506,6
1779736500,1.35061,1.35061,1.3506,1.3506,6
1779736560,1.3506,1.3506,1.35056,1.35058,26
1779736620,1.35058,1.35062,1.35058,1.3506,16
1779736680,1.35057,1.35064,1.35057,1.35064,34
1779736740,1.35064,1.35064,1.35062,1.35063,12
1779736800,1.35063,1.35063,1.35059,1.35061,15
1779736860,1.35061,1.35063,1.35061,1.35063,32
1779736920,1.35062,1.35064,1.35062,1.35064,16
1779736980,1.35063,1.35069,1.35062,1.35069,27
1779737040,1.35068,1.35069,1.35067,1.35068,16
1779737100,1.35067,1.35068,1.35064,1.35067,24
1779737160,1.35068,1.35069,1.35066,1.35068,16
1779737220,1.35069,1.35072,1.35069,1.3507,14
1779737280,1.35069,1.3507,1.35066,1.35068,28
1779737340,1.35069,1.35072,1.35066,1.35066,30
1779737400,1.35067,1.35069,1.35064,1.35067,24
1779737460,1.35068,1.35068,1.35061,1.35064,23
1779737520,1.35063,1.35063,1.35061,1.35062,11
1779737580,1.35063,1.35063,1.35059,1.35062,39
1779737640,1.35063,1.35064,1.3506,1.35062,28
1779737700,1.35059,1.35064,1.35056,1.35063,48
1779737760,1.35064,1.35072,1.35062,1.35071,36
1779737820,1.35071,1.3509,1.35071,1.35088,20
1779737880,1.35089,1.3509,1.35088,1.35089,22
1779737940,1.35088,1.3509,1.3508,1.35081,21
1779738000,1.3508,1.35091,1.3508,1.35088,25
1779738060,1.35089,1.35089,1.35083,1.35084,24
1779738120,1.35085,1.35086,1.35083,1.35083,30
1779738180,1.35084,1.35085,1.35082,1.35084,30
1779738240,1.35085,1.35085,1.35084,1.35085,11
1779738300,1.35085,1.35086,1.35084,1.35085,23
1779738360,1.35084,1.35085,1.35079,1.3508,47
1779738420,1.35081,1.35081,1.35077,1.35079,21
1779738480,1.35078,1.35081,1.35078,1.3508,16
1779738540,1.3508,1.35081,1.3508,1.35081,4
1779738600,1.3508,1.35081,1.3507,1.35077,30
1779738660,1.35078,1.35078,1.35075,1.35076,16
1779738720,1.35076,1.35078,1.35076,1.35076,19
1779738780,1.35078,1.35078,1.35072,1.35075,23
1779738840,1.35074,1.35076,1.35073,1.35074,49
1779738900,1.35073,1.35088,1.35073,1.35081,47
1779738960,1.35082,1.35088,1.35082,1.35082,36
1779739020,1.35082,1.35085,1.35081,1.35084,24
1779739080,1.35083,1.35087,1.3508,1.35082,31
1779739140,1.35081,1.35082,1.35079,1.35081,22
1779739200,1.35081,1.35083,1.35079,1.35079,40
1779739260,1.35081,1.35084,1.35079,1.35083,41
1779739320,1.35082,1.35083,1.3508,1.35082,22
1779739380,1.35082,1.35082,1.35081,1.35082,7
1779739440,1.35082,1.35085,1.35079,1.3508,39
1779739500,1.35079,1.3508,1.35076,1.35078,33
1779739560,1.35079,1.35079,1.35079,1.35079,4
1779739620,1.3508,1.3508,1.35079,1.3508,11
1779739680,1.35081,1.35081,1.3508,1.3508,8
1779739740,1.3508,1.3508,1.3508,1.3508,5
1779739800,1.35081,1.35081,1.35078,1.35079,10
1779739860,1.3508,1.35081,1.35077,1.3508,28
1779739920,1.35081,1.35082,1.35081,1.35082,4
1779739980,1.35081,1.35081,1.35081,1.35081,4
1779740040,1.35081,1.35082,1.3508,1.35081,11
1779740100,1.35082,1.35082,1.3508,1.3508,29
1779740160,1.35078,1.35085,1.35078,1.35083,35
1779740220,1.35083,1.35083,1.3508,1.35081,18
1779740280,1.35081,1.35081,1.35078,1.35078,14
1779740340,1.35077,1.3508,1.35076,1.3508,25
1779740400,1.35079,1.35079,1.35076,1.35077,37
1779740460,1.35077,1.35078,1.35075,1.35076,30
1779740520,1.35076,1.35076,1.3507,1.3507,16
1779740580,1.3507,1.3507,1.35068,1.35069,9
1779740640,1.35068,1.35071,1.35067,1.3507,35
1779740700,1.35071,1.35072,1.35068,1.35071,31
1779740760,1.3507,1.35072,1.35069,1.3507,20
1779740820,1.3507,1.35072,1.35068,1.35071,30
1779740880,1.35072,1.35073,1.3507,1.35072,15
1779740940,1.35073,1.35081,1.35071,1.3508,26
1779741000,1.35079,1.35084,1.35079,1.35083,19
1779741060,1.35082,1.35082,1.35081,1.35081,12
1779741120,1.35083,1.35083,1.35081,1.35081,11
1779741180,1.3508,1.35081,1.35077,1.35079,19
1779741240,1.35081,1.35082,1.35079,1.3508,19
1779741300,1.3508,1.3508,1.35072,1.35075,28
1779741360,1.35075,1.35076,1.35074,1.35075,14
1779741420,1.35077,1.35077,1.35073,1.35075,22
1779741480,1.35075,1.35076,1.35073,1.35074,31
1779741540,1.35075,1.35076,1.35068,1.3507,23
1779741600,1.35065,1.35066,1.35054,1.35056,39
1779741660,1.35057,1.35063,1.35056,1.35062,22
1779741720,1.3506,1.35061,1.35059,1.35059,19
1779741780,1.35063,1.35064,1.35062,1.35062,27
1779741840,1.3506,1.35065,1.35059,1.35065,64
1779741900,1.35064,1.35065,1.35062,1.35064,24
1779741960,1.35066,1.35071,1.35066,1.35069,39
1779742020,1.35069,1.35073,1.35067,1.35071,50
1779742080,1.35072,1.35072,1.35067,1.35071,48
1779742140,1.35072,1.35073,1.3507,1.35072,31
1779742200,1.35073,1.35073,1.35066,1.35073,31
1779742260,1.35073,1.35076,1.35072,1.35073,8
1779742320,1.35071,1.35073,1.35071,1.35072,15
1779742380,1.35072,1.35073,1.35063,1.35063,5
1779742440,1.35064,1.35073,1.35063,1.35067,15
1779742500,1.35066,1.35072,1.35064,1.35064,16
1779742560,1.35065,1.35067,1.35061,1.35063,17
1779742620,1.35064,1.35064,1.35062,1.35063,14
1779742680,1.35061,1.35063,1.35061,1.35061,15
1779742860,1.34996,1.35019,1.34996,1.35019,4
1779742920,1.35015,1.35015,1.35015,1.35015,2
1779742980,1.35015,1.3502,1.34928,1.34928,7
1779743040,1.34945,1.35011,1.34942,1.35011,26
1779743100,1.35011,1.35033,1.35011,1.35033,7
1779743160,1.35033,1.35033,1.35033,1.35033,1
1779743220,1.35051,1.35051,1.35035,1.35035,3
1779743280,1.35037,1.35039,1.35037,1.35039,2
1779743340,1.35039,1.35039,1.35039,1.35039,1
1779743400,1.35037,1.35039,1.35037,1.35039,2
1779743460,1.35039,1.3504,1.35039,1.3504,7
1779743580,1.35046,1.35049,1.35045,1.35049,15
1779743640,1.34985,1.35037,1.34985,1.35011,13
1779743700,1.35012,1.35012,1.35011,1.35011,10
1779743760,1.35012,1.35012,1.35011,1.35011,4
1779743880,1.34999,1.34999,1.34974,1.34975,21
1779743940,1.34989,1.34989,1.3498,1.34989,8
1779744000,1.34985,1.34985,1.34983,1.34983,9
1779744060,1.34967,1.34967,1.34963,1.34963,9
1779744120,1.34982,1.34982,1.34965,1.34976,9
1779744180,1.34974,1.34974,1.3496,1.34965,12
1779744240,1.34962,1.34967,1.34962,1.34965,10
1779744300,1.34959,1.34969,1.34959,1.34968,8
1779744360,1.34969,1.34969,1.34959,1.34968,6
1779744420,1.34969,1.34981,1.34967,1.34981,12
1779744480,1.3498,1.34981,1.34959,1.34959,5
1779744540,1.3496,1.34976,1.34959,1.34976,10
1779744600,1.34976,1.34977,1.34962,1.34974,13
1779744660,1.34973,1.34974,1.34957,1.34969,8
1779744720,1.34981,1.34985,1.34955,1.34974,38
1779744780,1.34974,1.34986,1.34939,1.34942,39
1779744840,1.34938,1.34942,1.34938,1.34938,38
1779744900,1.34942,1.35013,1.34937,1.35012,43
1779744960,1.35019,1.35021,1.35014,1.35014,8
1779745020,1.35014,1.35037,1.34986,1.34987,41
1779745080,1.34986,1.35024,1.34985,1.35006,33
1779745140,1.35001,1.35001,1.34996,1.34997,12
1779745200,1.34996,1.34997,1.34992,1.34992,17
1779745260,1.34991,1.35006,1.34991,1.34998,8
1779745320,1.34997,1.3501,1.3499,1.3501,14
1779745380,1.35006,1.35006,1.34978,1.34999,21
1779745440,1.35,1.35,1.34957,1.3496,30
1779745500,1.34957,1.34961,1.34957,1.34961,32
1779745560,1.34967,1.34967,1.34957,1.34957,19
1779745620,1.3497,1.3497,1.34957,1.34958,10
1779745680,1.34958,1.3496,1.34938,1.34941,26
1779745740,1.3494,1.34962,1.3494,1.34941,37
1779745800,1.34941,1.34957,1.34939,1.34956,43
1779745860,1.34946,1.34957,1.34941,1.34941,34
1779745920,1.34945,1.34953,1.3494,1.34941,11
1779745980,1.3494,1.34956,1.3494,1.34955,32
1779746040,1.34976,1.34976,1.3495,1.34951,28
1779746100,1.3495,1.34991,1.3495,1.3499,20
1779746160,1.3499,1.35001,1.3499,1.35,13
1779746220,1.35,1.35002,1.34998,1.35,16
1779746280,1.34999,1.35001,1.34999,1.35001,4
1779746340,1.35002,1.35002,1.34998,1.34999,34
1779746400,1.35027,1.35029,1.35002,1.35029,63
1779746460,1.35024,1.35037,1.35018,1.35029,51
1779746520,1.35027,1.35027,1.35022,1.35024,21
1779746580,1.35025,1.35026,1.35014,1.35014,36
1779746640,1.35013,1.35013,1.35004,1.35005,13
1779746700,1.35004,1.3502,1.35004,1.35015,43
1779746760,1.35014,1.35019,1.35013,1.35017,26
1779746820,1.35019,1.35032,1.35014,1.3503,45
1779746880,1.35029,1.3503,1.35024,1.3503,34
1779746940,1.35028,1.35029,1.35027,1.35029,15
1779747000,1.35028,1.35031,1.35024,1.35031,29
1779747060,1.3503,1.35054,1.3503,1.35047,65
1779747120,1.3505,1.3505,1.35048,1.35048,8
1779747180,1.35049,1.35051,1.35045,1.35045,46
1779747240,1.35044,1.35045,1.35039,1.35042,27
1779747300,1.35043,1.35043,1.35039,1.35039,12
1779747360,1.35041,1.35041,1.35036,1.3504,34
1779747420,1.35041,1.35041,1.35029,1.3503,12
1779747480,1.35029,1.3503,1.35028,1.35028,11
1779747540,1.35027,1.35029,1.35027,1.35029,19
1779747600,1.3503,1.35031,1.35029,1.3503,17
1779747660,1.3503,1.35037,1.3503,1.35032,28
1779747720,1.35031,1.3504,1.35031,1.35037,23
1779747780,1.35038,1.35039,1.35036,1.35036,29
1779747840,1.35036,1.3504,1.35036,1.35038,13
1779747900,1.35039,1.35042,1.35039,1.3504,9
1779747960,1.35041,1.35041,1.35039,1.35041,16
1779748020,1.3504,1.35041,1.35037,1.35037,24
1779748080,1.35038,1.35041,1.35037,1.35039,34
1779748140,1.3504,1.3504,1.35031,1.35034,22
1779748200,1.35033,1.35036,1.35027,1.35029,55
1779748260,1.35029,1.3503,1.35024,1.35028,45
1779748320,1.35029,1.35031,1.35028,1.35031,16
1779748380,1.35029,1.35032,1.35028,1.3503,28
1779748440,1.35029,1.3503,1.35029,1.3503,11
1779748500,1.35029,1.3503,1.35027,1.35029,13
1779748560,1.35029,1.35031,1.35027,1.3503,35
1779748620,1.3503,1.35031,1.35029,1.35031,15
1779748680,1.35032,1.35039,1.35032,1.35038,19
1779748740,1.35039,1.35041,1.35038,1.3504,8
1779748800,1.35038,1.35049,1.35038,1.35049,14
1779748860,1.3505,1.35051,1.3505,1.35051,4
1779748920,1.3505,1.3505,1.35049,1.3505,10
1779748980,1.35051,1.35051,1.35049,1.35051,5
1779749040,1.35049,1.3505,1.35049,1.3505,6
1779749100,1.3505,1.3505,1.35049,1.3505,3
1779749160,1.35049,1.35051,1.35048,1.35049,22
1779749220,1.3505,1.35051,1.35049,1.35051,10
1779749280,1.35051,1.35051,1.35048,1.35049,10
1779749340,1.3505,1.3505,1.35048,1.35049,8
1779749400,1.3505,1.3505,1.3505,1.3505,2
1779749460,1.35049,1.3505,1.35048,1.35049,18
1779749520,1.35049,1.35049,1.35049,1.35049,1
1779749580,1.35048,1.35048,1.35047,1.35047,7
1779749640,1.35048,1.35049,1.35048,1.35049,10
1779749700,1.35048,1.3505,1.35038,1.35039,30
1779749760,1.3504,1.35042,1.35038,1.3504,31
1779749820,1.3504,1.35043,1.35035,1.35038,22
1779749880,1.35036,1.35037,1.35036,1.35037,3
1779749940,1.35036,1.35036,1.35032,1.35032,14
1779750000,1.35034,1.35043,1.35032,1.35037,40
1779750060,1.35038,1.35045,1.35035,1.35043,38
1779750120,1.35042,1.35051,1.35036,1.35051,41
1779750180,1.3505,1.35051,1.35049,1.3505,15
1779750240,1.35051,1.35051,1.35048,1.35048,21
1779750300,1.35049,1.35051,1.35049,1.3505,13
1779750360,1.35049,1.35051,1.35048,1.35048,22
1779750420,1.35049,1.35049,1.35046,1.35048,14
1779750480,1.35046,1.35046,1.35042,1.35045,34
1779750540,1.35044,1.3505,1.35029,1.35031,38
1779750600,1.35032,1.35039,1.35029,1.35038,28
1779750660,1.35039,1.3504,1.35039,1.3504,8
1779750720,1.35039,1.3504,1.35037,1.35037,9
1779750780,1.35038,1.35038,1.35037,1.35038,9
1779750840,1.35037,1.35039,1.35036,1.35036,19
1779750900,1.35037,1.35038,1.35037,1.35037,12
1779751020,1.35039,1.3504,1.35038,1.35038,13
1779751080,1.35039,1.3504,1.35038,1.3504,17
1779751140,1.3504,1.35042,1.35033,1.35034,29
1779751200,1.35036,1.35038,1.35036,1.35038,11
1779751260,1.35039,1.35039,1.35037,1.35039,10
1779751320,1.35038,1.35039,1.35036,1.35038,20
1779751380,1.35038,1.35039,1.35038,1.35038,22
1779751440,1.35039,1.35039,1.35011,1.35019,48
1779751500,1.35019,1.35024,1.35019,1.35023,29
1779751560,1.35024,1.35024,1.35017,1.35018,21
1779751620,1.35019,1.35019,1.35013,1.35014,18
1779751680,1.35013,1.35015,1.35003,1.35006,40
1779751740,1.35007,1.35009,1.35005,1.35009,16
1779751800,1.35006,1.35009,1.35005,1.35007,22
1779751860,1.35008,1.35008,1.35005,1.35007,25
1779751920,1.35008,1.35009,1.35002,1.35002,23
1779751980,1.34999,1.35,1.34993,1.34999,29
1779752040,1.34998,1.35,1.34993,1.34998,33
1779752100,1.34997,1.34999,1.34997,1.34998,18
1779752160,1.34997,1.34999,1.34996,1.34997,26
1779752220,1.34996,1.35002,1.34993,1.35001,57
1779752280,1.35002,1.35002,1.34998,1.34998,30
1779752340,1.34999,1.35001,1.34998,1.34998,16
1779752400,1.34999,1.34999,1.34995,1.34997,42
1779752460,1.34999,1.35,1.34998,1.34998,32
1779752520,1.34997,1.35002,1.34996,1.35002,25
1779752580,1.35001,1.35002,1.34997,1.34999,18
1779752640,1.34999,1.34999,1.34977,1.34984,48
1779752700,1.34983,1.35022,1.34983,1.35021,79
1779752760,1.35018,1.35022,1.35009,1.35009,68
1779752820,1.35012,1.35012,1.35004,1.3501,54
1779752880,1.35007,1.35007,1.34985,1.34989,68
1779752940,1.3499,1.34991,1.34989,1.3499,25
1779753000,1.34985,1.34985,1.34969,1.34971,62
1779753060,1.34972,1.34972,1.34959,1.34971,76
1779753120,1.34972,1.34972,1.34968,1.3497,46
1779753180,1.34968,1.3497,1.34962,1.34969,62
1779753240,1.34968,1.34972,1.34968,1.34971,36
1779753300,1.3497,1.34981,1.3497,1.3497,50
1779753360,1.34971,1.34977,1.34968,1.34971,58
1779753420,1.34971,1.34973,1.34966,1.34967,56
1779753480,1.34967,1.34968,1.34958,1.34958,68
1779753540,1.34958,1.34959,1.34955,1.34958,49
1779753600,1.34958,1.34961,1.34937,1.34955,148
1779753660,1.34953,1.34961,1.34929,1.34933,146
1779753720,1.34932,1.34941,1.34928,1.34932,147
1779753780,1.34933,1.34962,1.34931,1.34961,113
1779753840,1.3496,1.34968,1.34951,1.34961,116
1779753900,1.34959,1.34969,1.34952,1.34952,113
1779753960,1.34953,1.34962,1.34948,1.34948,112
1779754020,1.34947,1.34951,1.34946,1.34949,83
1779754080,1.3495,1.34961,1.34948,1.34955,100
1779754140,1.34954,1.34954,1.34937,1.3494,91
1779754200,1.34941,1.34943,1.3493,1.3494,77
1779754260,1.34939,1.34949,1.34939,1.34949,73
1779754320,1.3495,1.34958,1.34946,1.34948,76
1779754380,1.34947,1.34947,1.34937,1.34938,70
1779754440,1.34939,1.34948,1.34927,1.3493,72
1779754500,1.34931,1.34943,1.34931,1.34938,75
1779754560,1.34937,1.34943,1.34932,1.34937,68
1779754620,1.34938,1.34938,1.34918,1.3492,91
1779754680,1.3492,1.3492,1.34897,1.349,95
1779754740,1.34898,1.34901,1.34886,1.34892,87
1779754800,1.34891,1.34899,1.34888,1.34891,106
1779754860,1.34891,1.34901,1.3489,1.34898,83
1779754920,1.34898,1.34898,1.34881,1.34891,115
1779754980,1.34892,1.34901,1.34891,1.349,89
1779755040,1.34899,1.34912,1.34899,1.34901,80
1779755100,1.34903,1.34907,1.34898,1.34903,92
1779755160,1.34904,1.34909,1.349,1.34907,94
1779755220,1.34908,1.34928,1.34908,1.34927,100
1779755280,1.34929,1.34929,1.34923,1.34926,73
1779755340,1.34925,1.34929,1.34925,1.34927,67
1779755400,1.34928,1.34941,1.34927,1.34933,94
1779755460,1.34935,1.34941,1.34923,1.34929,98
1779755520,1.3493,1.34932,1.3492,1.34922,63
1779755580,1.34921,1.34925,1.34913,1.34918,63
1779755640,1.34919,1.34926,1.34912,1.34922,92
1779755700,1.34923,1.3493,1.34919,1.34929,60
1779755760,1.3493,1.34933,1.3493,1.34931,66
1779755820,1.34929,1.3493,1.34918,1.3492,66
1779755880,1.3492,1.34922,1.3491,1.34911,65
1779755940,1.34912,1.34922,1.34911,1.34913,65
1779756000,1.34912,1.34916,1.34908,1.34909,61
1779756060,1.3491,1.34924,1.3491,1.34911,69
1779756120,1.34912,1.34923,1.34911,1.34922,75
1779756180,1.34921,1.34926,1.34919,1.34924,62
1779756240,1.34926,1.34929,1.34917,1.34917,55
1779756300,1.34918,1.34918,1.34907,1.3491,57
1779756360,1.34909,1.34935,1.34908,1.34931,98
1779756420,1.34933,1.34933,1.34925,1.34928,81
1779756480,1.34928,1.3493,1.34926,1.34928,100
1779756540,1.34929,1.3493,1.34925,1.34928,59
1779756600,1.34927,1.34931,1.34926,1.34929,56
1779756660,1.34928,1.34931,1.34926,1.34926,56
1779756720,1.34927,1.34937,1.34927,1.34931,54
1779756780,1.3493,1.34932,1.34928,1.34931,62
1779756840,1.34932,1.34938,1.34924,1.34926,87
1779756900,1.34927,1.3495,1.34927,1.3495,106
1779756960,1.34951,1.34952,1.34947,1.34951,61
1779757020,1.34949,1.34951,1.34941,1.34949,84
1779757080,1.34948,1.34956,1.34948,1.34951,60
1779757140,1.34953,1.34954,1.3494,1.34944,100
1779757200,1.34944,1.3495,1.34931,1.34938,132
1779757260,1.3494,1.3495,1.34938,1.34949,116
1779757320,1.34948,1.3495,1.34943,1.34948,97
1779757380,1.34945,1.34945,1.34929,1.34929,95
1779757440,1.34929,1.34932,1.34917,1.34921,109
1779757500,1.3492,1.34922,1.34916,1.3492,102
1779757560,1.34921,1.34922,1.34903,1.34903,121
1779757620,1.34904,1.34908,1.34894,1.34894,112
1779757680,1.34893,1.34908,1.3489,1.34905,122
1779757740,1.34907,1.34915,1.34903,1.34915,94
1779757800,1.34914,1.34919,1.34909,1.34909,83
1779757860,1.34911,1.34916,1.34908,1.34909,60
1779757920,1.3491,1.34918,1.34909,1.34918,81
1779757980,1.34919,1.34926,1.34917,1.3492,65
1779758040,1.34921,1.34943,1.34919,1.34937,107
1779758100,1.34938,1.34941,1.34928,1.34933,93
1779758160,1.34934,1.3494,1.3493,1.34932,95
1779758220,1.34931,1.34939,1.3493,1.34936,80
1779758280,1.34936,1.34937,1.34926,1.34928,67
1779758340,1.34929,1.34934,1.34922,1.34931,72
1779758400,1.34932,1.3494,1.34917,1.34919,99
1779758460,1.34918,1.3492,1.34903,1.34917,97
1779758520,1.34915,1.34931,1.34915,1.3493,90
1779758580,1.3493,1.3493,1.34917,1.34922,101
1779758640,1.3492,1.3493,1.34918,1.34922,77
1779758700,1.3492,1.3492,1.34903,1.34903,59
1779758760,1.34902,1.34907,1.34898,1.34899,62
1779758820,1.34898,1.34901,1.34897,1.349,52
1779758880,1.349,1.34908,1.34899,1.34899,80
1779758940,1.349,1.34911,1.34898,1.34908,78
1779759000,1.3491,1.34911,1.34897,1.34907,115
1779759060,1.34908,1.3491,1.34898,1.34906,118
1779759120,1.34904,1.34905,1.34893,1.34894,110
1779759180,1.34893,1.34897,1.3489,1.34891,82
1779759240,1.3489,1.34894,1.34885,1.34888,71
1779759300,1.34887,1.34891,1.34887,1.3489,57
1779759360,1.34889,1.34892,1.34868,1.34869,63
1779759420,1.34869,1.3487,1.34858,1.34862,90
1779759480,1.34863,1.34868,1.34854,1.34864,109
1779759540,1.34863,1.34866,1.34836,1.34839,102
1779759600,1.34838,1.3484,1.34832,1.34838,112
1779759660,1.34837,1.34837,1.34826,1.34828,117
1779759720,1.34829,1.34839,1.34826,1.34838,80
1779759780,1.34838,1.34849,1.34837,1.34841,93
1779759840,1.3484,1.34844,1.34834,1.34841,63
1779759900,1.34842,1.34847,1.34837,1.34844,89
1779759960,1.34845,1.34849,1.34839,1.34849,77
1779760020,1.34847,1.34852,1.34847,1.34851,47
1779760080,1.34851,1.34851,1.34838,1.34841,81
1779760140,1.3484,1.3486,1.3484,1.34856,89
1779760200,1.34859,1.3486,1.34855,1.34858,77
1779760260,1.34859,1.3486,1.34856,1.34858,64
1779760320,1.34857,1.34859,1.34851,1.34854,88
1779760380,1.34855,1.34866,1.34853,1.34864,69
1779760440,1.34863,1.34868,1.34862,1.34868,52
1779760500,1.34866,1.34874,1.34866,1.34868,74
1779760560,1.34867,1.34878,1.34866,1.3487,84
1779760620,1.34871,1.34873,1.34864,1.34869,82
1779760680,1.34868,1.3487,1.34864,1.34866,78
1779760740,1.34867,1.34871,1.34866,1.34871,73
1779760800,1.34869,1.34872,1.34865,1.3487,66
1779760860,1.34871,1.34879,1.3487,1.34874,63
1779760920,1.34875,1.34879,1.3487,1.34878,80
1779760980,1.34878,1.34886,1.34877,1.3488,58
1779761040,1.34881,1.34882,1.34872,1.34872,49
1779761100,1.3487,1.34888,1.34869,1.34885,89
1779761160,1.34888,1.34892,1.34884,1.34892,87
1779761220,1.34891,1.34895,1.34888,1.3489,53
1779761280,1.34891,1.34891,1.34888,1.3489,50
1779761340,1.34891,1.34903,1.34891,1.34899,40
1779761400,1.34899,1.34899,1.3489,1.34891,79
1779761460,1.34891,1.34892,1.34889,1.34891,37
1779761520,1.34889,1.34891,1.3488,1.34881,57
1779761580,1.34881,1.34881,1.34871,1.34871,63
1779761640,1.3487,1.34875,1.34865,1.34867,66
1779761700,1.3487,1.34878,1.34865,1.34878,60
1779761760,1.34876,1.34879,1.34873,1.34876,48
1779761820,1.34878,1.34881,1.34876,1.34881,46
1779761880,1.3488,1.3488,1.34867,1.3487,48
1779761940,1.34871,1.34876,1.3487,1.34875,47
1779762000,1.34873,1.34873,1.34867,1.34868,63
1779762060,1.34869,1.34878,1.3486,1.34876,77
1779762120,1.34874,1.3488,1.34871,1.34877,47
1779762180,1.34878,1.34879,1.3487,1.34874,57
1779762240,1.34874,1.34878,1.34872,1.34875,57
1779762300,1.34876,1.34879,1.34868,1.34874,55
1779762360,1.34872,1.34878,1.34869,1.34878,58
1779762420,1.34878,1.34885,1.34874,1.3488,56
1779762480,1.34881,1.34882,1.34877,1.34877,40
1779762540,1.34876,1.34881,1.34868,1.34871,84
1779762600,1.34869,1.34872,1.34867,1.34871,64
1779762660,1.34873,1.34875,1.34869,1.34874,70
1779762720,1.34875,1.34881,1.34873,1.34878,45
1779762780,1.34877,1.34877,1.34869,1.3487,55
1779762840,1.34871,1.34878,1.34871,1.34878,51
1779762900,1.34877,1.34878,1.34868,1.3487,59
1779762960,1.3487,1.34871,1.34864,1.34869,34
1779763020,1.3487,1.34881,1.34869,1.34871,63
1779763080,1.34873,1.34881,1.3487,1.3488,57
1779763140,1.34879,1.3488,1.34872,1.34875,60
1779763200,1.34875,1.34878,1.34874,1.34874,56
1779763260,1.34873,1.34875,1.34859,1.34863,85
1779763320,1.34863,1.34865,1.3486,1.34865,37
1779763380,1.34864,1.34865,1.34846,1.34848,64
1779763440,1.34846,1.34847,1.34843,1.34845,54
1779763500,1.34846,1.34846,1.34831,1.34835,66
1779763560,1.3484,1.34851,1.3484,1.34851,76
1779763620,1.34852,1.34859,1.34851,1.34858,39
1779763680,1.34859,1.3486,1.34858,1.34859,25
1779763740,1.34858,1.3486,1.34849,1.34853,52
1779763800,1.34853,1.34859,1.34849,1.34859,56
1779763860,1.34859,1.34866,1.34859,1.3486,47
1779763920,1.3486,1.34864,1.3485,1.34851,47
1779763980,1.34851,1.34856,1.34849,1.34856,45
1779764040,1.34855,1.34856,1.3485,1.34853,69
1779764100,1.34856,1.34862,1.34851,1.34862,63
1779764160,1.34861,1.34862,1.34858,1.34859,36
1779764220,1.3486,1.34861,1.34857,1.34858,49
1779764280,1.34859,1.34867,1.34859,1.34866,64
1779764340,1.34867,1.34879,1.34866,1.34871,87
1779764400,1.34872,1.34876,1.34869,1.34875,68
1779764460,1.34875,1.34885,1.34875,1.34881,50
1779764520,1.34882,1.34882,1.34871,1.34872,50
1779764580,1.34872,1.34872,1.3487,1.34871,39
1779764640,1.34871,1.34871,1.34868,1.34868,43
1779764700,1.34868,1.3488,1.34867,1.34878,64
1779764760,1.34878,1.34882,1.34878,1.3488,52
1779764820,1.3488,1.34885,1.3488,1.3488,47
1779764880,1.34881,1.34882,1.34877,1.3488,49
1779764940,1.34881,1.3489,1.34877,1.34878,54
1779765000,1.34877,1.3488,1.34873,1.34879,43
1779765060,1.34879,1.3489,1.34877,1.34889,57
1779765120,1.34891,1.34891,1.34888,1.34891,55
1779765180,1.34892,1.34897,1.34887,1.34888,51
1779765240,1.34888,1.34891,1.34882,1.34882,39
1779765300,1.34882,1.34888,1.34881,1.34888,54
1779765360,1.34889,1.3489,1.34886,1.34889,28
1779765420,1.34889,1.3489,1.34888,1.3489,28
1779765480,1.34891,1.34897,1.34888,1.34897,43
1779765540,1.34898,1.349,1.34897,1.34898,30
1779765600,1.34898,1.34907,1.34898,1.34907,48
1779765660,1.34902,1.34911,1.34902,1.34911,37
1779765720,1.34911,1.34911,1.34908,1.34908,18
1779765780,1.34909,1.34911,1.34905,1.34905,37
1779765840,1.34904,1.3491,1.34904,1.3491,22
1779765900,1.34908,1.34922,1.34908,1.34917,84
1779765960,1.34918,1.34918,1.3491,1.3491,37
1779766020,1.34909,1.3491,1.34899,1.349,79
1779766080,1.349,1.34902,1.34898,1.34898,41
1779766140,1.349,1.349,1.34888,1.3489,37
1779766200,1.3489,1.34891,1.34883,1.34889,62
1779766260,1.34888,1.3489,1.34886,1.34887,45
1779766320,1.34888,1.3489,1.34886,1.34887,33
1779766380,1.34888,1.34889,1.34887,1.34887,23
1779766440,1.34888,1.34889,1.34887,1.34887,28
1779766500,1.34888,1.34889,1.34886,1.34888,52
1779766560,1.34887,1.34889,1.34886,1.34889,41
1779766620,1.34889,1.34889,1.34885,1.34887,51
1779766680,1.34888,1.34897,1.34888,1.34889,56
1779766740,1.3489,1.3489,1.34881,1.34882,36
1779766800,1.3488,1.3488,1.34878,1.34879,31
1779766860,1.34878,1.3488,1.34878,1.34879,40
1779766920,1.34879,1.3488,1.34877,1.34878,33
1779766980,1.34878,1.34883,1.34878,1.34881,47
1779767040,1.34882,1.34889,1.34881,1.34881,51
1779767100,1.34882,1.34882,1.3488,1.34881,29
1779767160,1.34883,1.34887,1.3488,1.34884,82
1779767220,1.34884,1.34885,1.34879,1.34879,34
1779767280,1.34879,1.3488,1.34876,1.34878,17
1779767340,1.34879,1.34882,1.34878,1.3488,25
1779767400,1.34881,1.34882,1.34877,1.34879,33
1779767460,1.34879,1.3488,1.34869,1.34871,48
1779767520,1.34869,1.34881,1.34869,1.34881,69
1779767580,1.34881,1.34881,1.34878,1.34879,14
1779767640,1.34878,1.3488,1.34878,1.34878,21
1779767700,1.34877,1.34878,1.34872,1.34874,38
1779767760,1.34873,1.3488,1.34873,1.34879,52
1779767820,1.34879,1.34886,1.34877,1.34886,61
1779767880,1.34886,1.34888,1.34885,1.34887,39
1779767940,1.34886,1.34888,1.34881,1.34885,41
1779768000,1.34887,1.34889,1.34883,1.34886,53
1779768060,1.34887,1.34888,1.34886,1.34888,27
1779768120,1.34887,1.34888,1.34886,1.34886,13
1779768180,1.34887,1.34887,1.34869,1.34869,55
1779768240,1.34871,1.34871,1.3486,1.34863,47
1779768300,1.34862,1.34864,1.34852,1.34857,49
1779768360,1.34856,1.34859,1.34856,1.34858,34
1779768420,1.34858,1.34866,1.34858,1.34864,38
1779768480,1.34867,1.34868,1.34865,1.34868,34
1779768540,1.34869,1.34871,1.34868,1.34868,33
1779768600,1.34869,1.34878,1.34868,1.34874,44
1779768660,1.34874,1.3488,1.34874,1.34878,51
1779768720,1.34878,1.34878,1.34869,1.3487,47
1779768780,1.3487,1.34874,1.34869,1.34873,46
1779768840,1.34873,1.34889,1.34872,1.34889,49
1779768900,1.34884,1.34884,1.34871,1.34877,40
1779768960,1.34878,1.34879,1.34869,1.3487,45
1779769020,1.3487,1.34878,1.3487,1.34878,45
1779769080,1.34877,1.34878,1.3487,1.34871,46
1779769140,1.34872,1.34872,1.3487,1.3487,42
1779769200,1.3487,1.34872,1.34869,1.34869,27
1779769260,1.3487,1.34872,1.34869,1.34872,41
1779769320,1.34874,1.34874,1.34866,1.34867,49
1779769380,1.34867,1.34868,1.34863,1.34867,33
1779769440,1.34868,1.34868,1.34867,1.34868,12
1779769500,1.34867,1.34867,1.34856,1.34857,37
1779769560,1.34857,1.34861,1.34857,1.34859,34
1779769620,1.3486,1.34861,1.34858,1.34859,36
1779769680,1.34859,1.34859,1.34857,1.34858,34
1779769740,1.34857,1.34857,1.34854,1.34854,33
1779769800,1.34857,1.34857,1.34847,1.34848,40
1779769860,1.34848,1.34858,1.34847,1.34858,34
1779769920,1.34859,1.34869,1.34858,1.34868,41
1779769980,1.34869,1.34869,1.34866,1.34867,29
1779770040,1.34867,1.34868,1.34864,1.34865,30
1779770100,1.34866,1.34867,1.34858,1.34861,49
1779770160,1.34859,1.34861,1.34851,1.34852,62
1779770220,1.34851,1.34851,1.34847,1.34848,41
1779770280,1.34847,1.34849,1.34846,1.34848,35
1779770340,1.34848,1.3485,1.34847,1.34848,28
1779770400,1.34848,1.34849,1.34846,1.34848,36
1779770460,1.3485,1.3485,1.34849,1.3485,29
1779770520,1.34848,1.34849,1.3484,1.34844,72
1779770580,1.34843,1.3485,1.34843,1.34849,25
1779770640,1.3485,1.34851,1.34847,1.34847,34
1779770700,1.34847,1.34847,1.34841,1.34844,62
1779770760,1.34841,1.34841,1.34836,1.3484,50
1779770820,1.3484,1.3484,1.34833,1.34837,40
1779770880,1.34838,1.34838,1.34834,1.34836,34
1779770940,1.34836,1.34839,1.34835,1.34839,33
1779771000,1.34838,1.34845,1.34837,1.34839,54
1779771060,1.34839,1.3484,1.34837,1.34838,22
1779771120,1.34838,1.34838,1.34822,1.34823,40
1779771180,1.34823,1.34831,1.34823,1.3483,45
1779771240,1.3483,1.34838,1.34829,1.34838,29
1779771300,1.34837,1.34837,1.34823,1.34824,67
1779771360,1.34824,1.34828,1.34818,1.3482,49
1779771420,1.34821,1.34822,1.34819,1.34822,42
1779771480,1.34821,1.34826,1.34817,1.34824,73
1779771540,1.34823,1.34824,1.34806,1.34809,93
1779771600,1.34808,1.34816,1.34801,1.34815,94
1779771660,1.34811,1.34812,1.34799,1.34807,76
1779771720,1.34808,1.34811,1.34807,1.34809,66
1779771780,1.34809,1.34809,1.34797,1.34797,32
1779771840,1.34792,1.34795,1.34787,1.34793,78
1779771900,1.34798,1.34798,1.34791,1.34791,39
1779771960,1.3479,1.34792,1.34784,1.34788,78
1779772020,1.34789,1.34801,1.34788,1.348,58
1779772080,1.34801,1.34805,1.348,1.34803,80
1779772140,1.34802,1.34809,1.34796,1.34796,69
1779772200,1.34797,1.34798,1.34788,1.34793,50
1779772260,1.34792,1.34793,1.34788,1.34789,50
1779772320,1.34791,1.34791,1.34786,1.3479,56
1779772380,1.34789,1.3479,1.34787,1.34788,49
1779772440,1.34787,1.34789,1.3478,1.34788,42
1779772500,1.34787,1.34791,1.34781,1.34791,65
1779772560,1.34791,1.34792,1.34789,1.34792,54
1779772620,1.34792,1.34796,1.34788,1.34788,43
1779772680,1.34789,1.34792,1.34787,1.34787,60
1779772740,1.34788,1.34789,1.34776,1.34776,68
1779772800,1.34777,1.34782,1.34776,1.34779,64
1779772860,1.3478,1.34782,1.34779,1.34781,58
1779772920,1.3478,1.3478,1.34774,1.34776,36
1779772980,1.34777,1.3478,1.34777,1.34778,46
1779773040,1.34779,1.34779,1.34774,1.34777,42
1779773100,1.34777,1.34779,1.34775,1.34778,60
1779773160,1.34776,1.3478,1.34776,1.34779,33
1779773220,1.34778,1.34786,1.34778,1.34783,36
1779773280,1.34782,1.34783,1.34777,1.34779,55
1779773340,1.3478,1.34786,1.3478,1.34784,61
1779773400,1.34783,1.34797,1.34781,1.34787,88
1779773460,1.34786,1.34792,1.34781,1.34785,66
1779773520,1.34786,1.34788,1.34782,1.34786,77
1779773580,1.34787,1.34789,1.34781,1.34781,88
1779773640,1.3478,1.34784,1.34779,1.34781,58
1779773700,1.34783,1.34785,1.34779,1.34782,71
1779773760,1.34786,1.34787,1.34784,1.34787,25
1779773820,1.34786,1.34792,1.34785,1.34785,53
1779773880,1.34787,1.3479,1.34778,1.34788,46
1779773940,1.34786,1.3479,1.34781,1.34782,55
1779774000,1.34784,1.34784,1.34778,1.34779,55
1779774060,1.34778,1.34782,1.34766,1.34771,52
1779774120,1.34772,1.34775,1.34771,1.34772,58
1779774180,1.34772,1.34779,1.34771,1.34777,22
1779774240,1.34778,1.34779,1.34777,1.34777,19
1779774300,1.34778,1.34778,1.3477,1.34778,68
1779774360,1.34777,1.34779,1.34767,1.34768,43
1779774420,1.34769,1.34769,1.34759,1.3476,45
1779774480,1.34761,1.34771,1.3476,1.34771,45
1779774540,1.34772,1.34774,1.3476,1.34765,59
1779774600,1.34764,1.34765,1.34759,1.34764,41
1779774660,1.34762,1.34763,1.34758,1.34759,32
1779774720,1.34759,1.34763,1.34758,1.3476,48
1779774780,1.34759,1.34761,1.34758,1.34759,37
1779774840,1.34758,1.3476,1.34754,1.3476,43
1779774900,1.34761,1.34761,1.34746,1.34747,54
1779774960,1.34745,1.3475,1.34742,1.34749,62
1779775020,1.34748,1.34752,1.34748,1.3475,54
1779775080,1.34749,1.34758,1.34748,1.34758,55
1779775140,1.34756,1.34759,1.34749,1.34751,57
1779775200,1.34752,1.34752,1.34737,1.34746,125
1779775260,1.34747,1.34752,1.34741,1.34748,117
1779775320,1.34748,1.34751,1.34743,1.34747,89
1779775380,1.34752,1.34757,1.34748,1.34751,98
1779775440,1.3475,1.34751,1.34742,1.34743,75
1779775500,1.34742,1.34751,1.34742,1.34748,101
1779775560,1.34748,1.34751,1.3474,1.3474,73
1779775620,1.34741,1.34758,1.3474,1.34758,53
1779775680,1.34757,1.34759,1.34752,1.34757,57
1779775740,1.34756,1.34758,1.34752,1.34753,52
1779775800,1.34754,1.34764,1.34752,1.3476,54
1779775860,1.3476,1.34768,1.34759,1.34766,100
1779775920,1.34763,1.34764,1.34757,1.34758,81
1779775980,1.34757,1.34768,1.34757,1.34767,53
1779776040,1.34768,1.34768,1.34765,1.34766,38
1779776100,1.34767,1.34767,1.34759,1.34764,89
1779776160,1.34763,1.3477,1.3476,1.34767,84
1779776220,1.34768,1.3477,1.34758,1.34769,64
1779776280,1.3477,1.3478,1.34769,1.34777,71
1779776340,1.34776,1.34782,1.34769,1.34778,90
1779776400,1.34779,1.34786,1.34776,1.34781,79
1779776460,1.34781,1.34786,1.34779,1.34785,71
1779776520,1.34787,1.3479,1.34783,1.34787,61
1779776580,1.34788,1.34791,1.34782,1.3479,77
1779776640,1.34791,1.34809,1.34791,1.34809,79
1779776700,1.34809,1.34842,1.34809,1.34839,109
1779776760,1.34838,1.3485,1.34837,1.34848,121
1779776820,1.34847,1.34851,1.34833,1.3485,106
1779776880,1.34849,1.3485,1.34802,1.34808,111
1779776940,1.34809,1.34827,1.348,1.34801,178
1779777000,1.34797,1.3481,1.34791,1.3481,105
1779777060,1.34808,1.34809,1.3478,1.34783,100
1779777120,1.34782,1.34787,1.34752,1.3476,157
1779777180,1.34759,1.34781,1.34759,1.34778,117
1779777240,1.34777,1.3478,1.34769,1.3478,110
1779777300,1.34781,1.34783,1.34776,1.34778,98
1779777360,1.34787,1.34799,1.34781,1.34796,64
1779777420,1.34797,1.34805,1.34788,1.34798,70
1779777480,1.34799,1.34801,1.34786,1.34788,91
1779777540,1.34789,1.34799,1.34789,1.34791,63
1779777600,1.34792,1.34797,1.34779,1.34789,73
1779777660,1.3479,1.34793,1.34777,1.34778,70
1779777720,1.34778,1.34781,1.34767,1.34768,79
1779777780,1.34769,1.34769,1.34759,1.34767,93
1779777840,1.34767,1.34793,1.34767,1.34791,89
1779777900,1.34791,1.34797,1.34777,1.3478,112
1779777960,1.34779,1.34787,1.34779,1.34782,99
1779778020,1.34781,1.34782,1.34769,1.34772,76
1779778080,1.34771,1.34789,1.3477,1.34789,88
1779778140,1.34788,1.34794,1.34778,1.34792,67
1779778200,1.34791,1.34802,1.34791,1.34796,94
1779778260,1.34797,1.34802,1.34791,1.34791,64
1779778320,1.34792,1.34802,1.3479,1.34796,80
1779778380,1.34797,1.34799,1.3479,1.34791,55
1779778440,1.3479,1.34791,1.34781,1.34788,105
1779778500,1.34787,1.34791,1.34779,1.34783,102
1779778560,1.34784,1.3479,1.34778,1.34783,92
1779778620,1.34782,1.34787,1.34775,1.34775,105
1779778680,1.34776,1.34778,1.34771,1.34775,89
1779778740,1.34774,1.34779,1.34765,1.34777,128
1779778800,1.34774,1.34779,1.34768,1.34774,107
1779778860,1.34773,1.34783,1.34764,1.34769,136
1779778920,1.3477,1.34779,1.34769,1.34776,115
1779783240,1.34773,1.34774,1.34758,1.34758,48
1779783300,1.34763,1.3477,1.34761,1.34761,96
1779783360,1.34761,1.34771,1.3476,1.3476,81
1779783420,1.34759,1.34764,1.34759,1.34761,64
1779783480,1.34762,1.3477,1.34762,1.34769,83
1779783540,1.34769,1.3478,1.34768,1.34771,110
1779783600,1.34771,1.34773,1.34769,1.3477,80
1779783660,1.34767,1.34793,1.34767,1.34789,102
1779783720,1.34788,1.34789,1.3478,1.34784,78
1779783780,1.34783,1.3479,1.34782,1.34787,80
1779783840,1.34787,1.34791,1.34787,1.34789,73
1779783900,1.3479,1.34791,1.34775,1.34776,63
1779783960,1.34776,1.34776,1.34751,1.34759,78
1779784020,1.34761,1.34761,1.34745,1.34746,92
1779784080,1.34747,1.34756,1.34737,1.34756,112
1779784140,1.34758,1.34761,1.34747,1.34758,117
1779784200,1.34757,1.34767,1.3475,1.34756,123
1779784260,1.34755,1.34781,1.34754,1.34779,135
1779784320,1.3478,1.34782,1.3477,1.34776,89
1779784380,1.34776,1.34782,1.34769,1.34769,95
1779784440,1.3477,1.34772,1.34741,1.34758,120
1779784500,1.34753,1.34763,1.34748,1.34761,103
1779784560,1.34763,1.34771,1.34755,1.34757,136
1779784620,1.34758,1.34763,1.34752,1.34762,79
1779784680,1.34762,1.34762,1.34755,1.34757,60
1779784740,1.34756,1.34763,1.34743,1.34747,81
1779784800,1.34749,1.34752,1.34742,1.34749,74
1779784860,1.3475,1.34751,1.34742,1.34748,90
1779784920,1.34747,1.34754,1.34742,1.34743,75
1779784980,1.34748,1.34749,1.34736,1.34736,78
1779785040,1.34737,1.34737,1.34722,1.34728,105
1779785100,1.34728,1.34731,1.34723,1.34727,62
1779785160,1.34728,1.34739,1.34719,1.34737,67
1779785220,1.34738,1.34738,1.3473,1.34732,58
1779785280,1.34731,1.34744,1.34728,1.34744,91
1779785340,1.34744,1.34745,1.34739,1.34741,79
1779785400,1.34741,1.3476,1.34737,1.3476,91
1779785460,1.34762,1.34772,1.3476,1.34769,97
1779785520,1.34767,1.3478,1.34767,1.34776,91
1779785580,1.34778,1.34792,1.34771,1.34788,102
1779785640,1.34789,1.34791,1.3478,1.3478,88
1779785700,1.34781,1.34782,1.34757,1.3476,90
1779785760,1.34761,1.34762,1.34757,1.3476,82
1779785820,1.34758,1.34769,1.34753,1.34765,118
1779785880,1.34764,1.34769,1.3475,1.3475,96
1779785940,1.34747,1.34753,1.34741,1.3475,125
1779786000,1.34753,1.34753,1.34728,1.3473,140
1779786060,1.3473,1.34745,1.34724,1.34742,120
1779786120,1.34743,1.34749,1.34739,1.3474,106
1779786180,1.34741,1.34741,1.34725,1.34731,111
1779786240,1.3473,1.34741,1.3473,1.3474,80
1779786300,1.34741,1.34752,1.3473,1.34751,103
1779786360,1.34752,1.34762,1.34751,1.34762,93
1779786420,1.34761,1.34778,1.34755,1.34756,95
1779786480,1.34757,1.3478,1.34752,1.34775,108
1779786540,1.34774,1.34781,1.34771,1.34781,59
1779786600,1.34778,1.34778,1.34771,1.34776,55
1779786660,1.34776,1.34778,1.34769,1.34772,50
1779786720,1.34772,1.34787,1.3477,1.34784,76
1779786780,1.34783,1.34787,1.34769,1.34781,87
1779786840,1.34781,1.34781,1.34772,1.34778,62
1779786900,1.34779,1.34779,1.34769,1.3477,41
1779786960,1.34771,1.34771,1.34751,1.34769,85
1779787020,1.3477,1.34811,1.3477,1.3479,141
1779787080,1.34786,1.34791,1.34779,1.34787,96
1779787140,1.34786,1.34808,1.34779,1.34797,100
1779787200,1.34796,1.34811,1.34796,1.34802,83
1779787260,1.34802,1.34808,1.34801,1.34802,70
1779787320,1.34801,1.34801,1.34787,1.34789,62
1779787380,1.34788,1.34788,1.34766,1.34783,102
1779787440,1.34781,1.34791,1.34781,1.34788,67
1779787500,1.34789,1.34789,1.34769,1.3478,87
1779787560,1.3478,1.34792,1.34778,1.34783,88
1779787620,1.34787,1.34796,1.34783,1.34792,92
1779787680,1.34793,1.34799,1.34787,1.34797,67
1779787740,1.34797,1.34819,1.34797,1.34818,106
1779787800,1.34818,1.34823,1.34807,1.34815,129
1779787860,1.34816,1.34833,1.34813,1.34832,93
1779787920,1.34831,1.34832,1.34817,1.34819,109
1779787980,1.3482,1.34832,1.34817,1.34821,93
1779788040,1.34824,1.34832,1.34821,1.34827,103
1779788100,1.34825,1.34829,1.34817,1.34818,84
1779788160,1.34817,1.34825,1.34811,1.34818,71
1779788220,1.34812,1.34818,1.34811,1.34812,52
1779788280,1.34813,1.34813,1.34799,1.34802,72
1779788340,1.34801,1.34812,1.34801,1.34809,73
1779788400,1.34808,1.3482,1.34796,1.34796,62
1779788460,1.34795,1.34802,1.34788,1.34799,97
1779788520,1.34798,1.34802,1.34789,1.34801,75
1779788580,1.34801,1.34802,1.34799,1.348,44
1779788640,1.34801,1.34801,1.34785,1.34789,79
1779788700,1.34788,1.34794,1.34786,1.3479,64
1779788760,1.34792,1.34812,1.34791,1.34808,69
1779788820,1.34807,1.34812,1.34807,1.3481,54
1779788880,1.34809,1.34816,1.34808,1.34815,84
1779788940,1.34813,1.34819,1.3481,1.34818,88
1779789000,1.34813,1.34819,1.348,1.34801,84
1779789060,1.34802,1.34802,1.34793,1.348,73
1779789120,1.34802,1.34803,1.34795,1.34799,71
1779789180,1.34798,1.348,1.34793,1.34794,78
1779789240,1.34796,1.34812,1.34791,1.3481,87
1779789300,1.34811,1.34841,1.34811,1.34841,102
1779789360,1.34841,1.34849,1.34836,1.34847,88
1779789420,1.34848,1.34849,1.34831,1.34839,115
1779789480,1.34837,1.34837,1.34828,1.34832,92
1779789540,1.34831,1.34841,1.3483,1.34839,103
1779789600,1.34838,1.34838,1.34815,1.34817,136
1779789660,1.34816,1.34818,1.34799,1.34811,115
1779789720,1.3481,1.3481,1.34805,1.34808,85
1779789780,1.34806,1.34817,1.34804,1.34807,82
1779789840,1.34807,1.34807,1.34787,1.34788,85
1779789900,1.34788,1.34791,1.34778,1.34789,89
1779789960,1.34789,1.34792,1.34784,1.3479,53
1779790020,1.34791,1.34813,1.3479,1.3481,96
1779790080,1.3481,1.34818,1.34802,1.34802,107
1779790140,1.34803,1.34819,1.34803,1.34817,93
1779790200,1.34817,1.34818,1.34813,1.34816,101
1779790260,1.34816,1.34816,1.34809,1.34812,88
1779790320,1.34813,1.34822,1.34809,1.3482,81
1779790380,1.34819,1.34822,1.34812,1.34813,70
1779790440,1.34814,1.34818,1.3481,1.34813,119
1779790500,1.34812,1.34823,1.34811,1.34812,89
1779790560,1.34811,1.34813,1.3481,1.34811,74
1779790620,1.34809,1.34812,1.34804,1.3481,89
1779790680,1.34806,1.34822,1.34806,1.34822,64
1779790740,1.34821,1.34823,1.34817,1.3482,79
1779790800,1.3482,1.34824,1.34801,1.34803,74
1779790860,1.34802,1.3481,1.34802,1.34802,55
1779790920,1.34803,1.34812,1.34792,1.34811,91
1779790980,1.34812,1.34813,1.34809,1.34811,69
1779791040,1.3481,1.34818,1.34801,1.34802,66
1779791100,1.34801,1.34808,1.34799,1.34802,73
1779791160,1.34803,1.34808,1.34802,1.34808,51
1779791220,1.34811,1.34819,1.34808,1.3481,79
1779791280,1.34811,1.34838,1.34802,1.34838,123
1779791340,1.34837,1.34838,1.34819,1.34831,96
1779791400,1.34832,1.34861,1.34831,1.34847,155
1779791460,1.34848,1.34848,1.34821,1.34831,122
1779791520,1.3483,1.34839,1.34828,1.34834,104
1779791580,1.34832,1.34851,1.34832,1.34841,106
1779791640,1.34841,1.34849,1.34837,1.34848,99
1779791700,1.34847,1.34863,1.3484,1.34841,128
1779791760,1.34842,1.34842,1.34828,1.34829,123
1779791820,1.34828,1.34831,1.34824,1.34827,92
1779791880,1.34826,1.34831,1.34817,1.34817,78
1779791940,1.34818,1.34821,1.3481,1.34816,86
1779792000,1.34815,1.34833,1.3481,1.34821,102
1779792060,1.34826,1.34826,1.34814,1.34814,88
1779792120,1.34816,1.34817,1.34804,1.34809,100
1779792180,1.34808,1.34824,1.34808,1.34816,96
1779792240,1.34818,1.34828,1.34813,1.34826,88
1779792300,1.34828,1.34838,1.34823,1.34833,91
1779792360,1.34834,1.34834,1.34822,1.34822,52
1779792420,1.34823,1.34827,1.34813,1.34826,86
1779792480,1.34825,1.34827,1.34819,1.34821,62
1779792540,1.34821,1.34832,1.3482,1.34831,69
1779792600,1.34832,1.34837,1.34831,1.34836,73
1779792660,1.34837,1.34859,1.34837,1.34851,126
1779792720,1.34851,1.34865,1.34849,1.34864,130
1779792780,1.34864,1.34873,1.34861,1.34871,122
1779792840,1.34872,1.34874,1.34863,1.34871,97
1779792900,1.34872,1.34893,1.34872,1.34877,109
1779792960,1.34876,1.34876,1.34864,1.34869,93
1779793020,1.34867,1.34873,1.34864,1.34867,106
1779793080,1.34871,1.34877,1.34865,1.34868,93
1779793140,1.34868,1.34871,1.34847,1.34849,115
1779793200,1.34849,1.34857,1.34843,1.34843,93
1779793260,1.34842,1.34854,1.3484,1.34849,134
1779793320,1.34849,1.34859,1.34847,1.34859,96
1779793380,1.3486,1.34881,1.3486,1.34881,111
1779793440,1.3488,1.34882,1.34862,1.34872,79
1779793500,1.34875,1.34882,1.34869,1.34877,107
1779793560,1.34877,1.34884,1.34872,1.34877,77
1779793620,1.34878,1.34881,1.34875,1.34881,77
1779793680,1.3488,1.34882,1.34876,1.34879,66
1779793740,1.34878,1.34888,1.34876,1.34882,69
1779793800,1.34884,1.34894,1.34883,1.34893,61
1779793860,1.34893,1.34894,1.3488,1.3488,65
1779793920,1.34881,1.34892,1.34879,1.34889,78
1779793980,1.34888,1.3489,1.34862,1.34862,94
1779794040,1.34863,1.34863,1.3485,1.34852,77
1779794100,1.34851,1.3486,1.34842,1.34852,113
1779794160,1.34853,1.34858,1.34844,1.34858,103
1779794220,1.34858,1.34886,1.34856,1.3488,125
1779794280,1.3488,1.34881,1.34859,1.3486,80
1779794340,1.3486,1.34865,1.34854,1.34859,87
1779794400,1.34858,1.34858,1.34844,1.34847,129
1779794460,1.34849,1.34852,1.34845,1.3485,83
1779794520,1.34849,1.34854,1.34846,1.34849,65
1779794580,1.34848,1.3485,1.3484,1.3484,85
1779794640,1.34841,1.34844,1.34839,1.34843,64
1779794700,1.3484,1.34843,1.34822,1.34829,73
1779794760,1.3483,1.34833,1.34819,1.34821,95
1779794820,1.34821,1.34821,1.34811,1.34814,73
1779794880,1.34815,1.34821,1.3481,1.3482,90
1779794940,1.3482,1.3482,1.34806,1.34809,98
1779795000,1.3481,1.34812,1.34799,1.34811,88
1779795060,1.34813,1.34813,1.34809,1.34811,109
1779795120,1.34809,1.3482,1.34809,1.34818,87
1779795180,1.34819,1.34822,1.34812,1.34813,65
1779795240,1.34812,1.34813,1.34779,1.34793,186
1779795300,1.34792,1.34806,1.34756,1.34759,183
1779795360,1.34759,1.34772,1.34749,1.34772,153
1779795420,1.34771,1.34787,1.34763,1.34785,114
1779795480,1.34786,1.34788,1.34779,1.3478,103
1779795540,1.34781,1.34785,1.34768,1.34768,114
1779795600,1.34767,1.34768,1.34749,1.34753,128
1779795660,1.34753,1.34753,1.3474,1.34742,98
1779795720,1.3474,1.34744,1.34721,1.34727,154
1779795780,1.34726,1.34733,1.34717,1.34723,148
1779795840,1.34722,1.34723,1.34694,1.34695,83
1779795900,1.34699,1.34705,1.34686,1.34686,137
1779795960,1.34687,1.34704,1.34685,1.34701,125
1779796020,1.347,1.34711,1.34698,1.34701,96
1779796080,1.34701,1.34705,1.34689,1.34698,122
1779796140,1.34693,1.34701,1.3469,1.34698,89
1779796200,1.34698,1.3471,1.34694,1.34701,107
1779796260,1.347,1.34704,1.347,1.347,60
1779796320,1.34694,1.34701,1.34687,1.34694,86
1779796380,1.34694,1.34705,1.34692,1.347,73
1779796440,1.34702,1.34705,1.34694,1.34695,108
1779796500,1.34695,1.34702,1.34691,1.34701,122
1779796560,1.34702,1.34702,1.3469,1.347,110
1779796620,1.34698,1.34702,1.34689,1.34691,105
1779796680,1.34692,1.34699,1.34686,1.34693,131
1779796740,1.34693,1.34693,1.34684,1.34693,94
1779796800,1.34686,1.34695,1.34672,1.34676,129
1779796860,1.34677,1.34689,1.34671,1.34687,133
1779796920,1.34688,1.34694,1.34687,1.34689,117
1779796980,1.3469,1.34692,1.34688,1.34691,58
1779797040,1.34691,1.34691,1.34685,1.34691,89
1779797100,1.3469,1.34698,1.34676,1.34678,112
1779797160,1.34679,1.34699,1.34679,1.34688,135
1779797220,1.34688,1.347,1.34687,1.34693,102
1779797280,1.34692,1.34693,1.3466,1.34662,137
1779797340,1.34661,1.347,1.34659,1.34693,145
1779797400,1.34691,1.34699,1.34675,1.34698,110
1779797460,1.34698,1.34701,1.3469,1.34696,93
1779797520,1.34697,1.34709,1.34697,1.34702,110
1779797580,1.34701,1.34715,1.34701,1.34713,76
1779797640,1.34712,1.34713,1.34689,1.34691,91
1779797700,1.3469,1.34696,1.34685,1.3469,87
1779797760,1.3469,1.347,1.3469,1.34698,87
1779797820,1.34698,1.3471,1.34693,1.34699,113
1779797880,1.34699,1.34702,1.34688,1.34699,97
1779797940,1.34699,1.34728,1.34698,1.34719,131
1779798000,1.34718,1.34729,1.34717,1.34721,91
1779798060,1.34729,1.34732,1.34721,1.34732,76
1779798120,1.34733,1.3475,1.34729,1.34732,93
1779798180,1.34738,1.34741,1.34727,1.34732,92
1779798240,1.34732,1.34734,1.34727,1.34729,62
1779798300,1.3473,1.34738,1.34725,1.34737,98
1779798360,1.3474,1.3474,1.34725,1.34738,86
1779798420,1.34741,1.34743,1.34739,1.34743,81
1779798480,1.34744,1.34744,1.34733,1.34738,88
1779798540,1.3474,1.34749,1.3474,1.34742,57
1779798600,1.34742,1.34742,1.34726,1.34729,89
1779798660,1.34728,1.34732,1.34728,1.34729,58
1779798720,1.34731,1.3474,1.34721,1.34731,91
1779798780,1.3473,1.34731,1.34722,1.34728,93
1779798840,1.34727,1.34742,1.34726,1.3474,109
1779798900,1.3474,1.3474,1.34717,1.34724,108
1779798960,1.34724,1.34727,1.34715,1.3472,87
1779799020,1.34721,1.34721,1.34702,1.34706,114
1779799080,1.34706,1.34712,1.34691,1.34693,107
1779799140,1.34692,1.34695,1.34681,1.34683,101
1779799200,1.34683,1.34704,1.34683,1.34699,135
1779799260,1.34698,1.34703,1.34689,1.3469,87
1779799320,1.34691,1.34712,1.34684,1.3471,111
1779799380,1.34709,1.34722,1.34709,1.34712,122
1779799440,1.34713,1.34718,1.34694,1.34699,120
1779799500,1.34699,1.34711,1.34693,1.34711,84
1779799560,1.34711,1.34717,1.34696,1.34703,138
1779799620,1.34702,1.34704,1.34682,1.34682,84
1779799680,1.34682,1.34683,1.34679,1.34683,62
1779799740,1.34686,1.34701,1.34685,1.34692,112
1779799800,1.34693,1.34703,1.34693,1.34697,118
1779799860,1.34699,1.34702,1.34694,1.34699,115
1779799920,1.347,1.347,1.34689,1.34692,87
1779799980,1.34693,1.34699,1.34687,1.34691,86
1779800040,1.34692,1.34692,1.3468,1.34683,99
1779800100,1.34683,1.34688,1.34672,1.34672,112
1779800160,1.34672,1.34679,1.34668,1.34671,122
1779800220,1.34671,1.34672,1.34665,1.34667,106
1779800280,1.34668,1.34682,1.34667,1.3468,106
1779800340,1.3468,1.34689,1.3467,1.3467,93
1779800400,1.34668,1.3467,1.34661,1.34666,128
1779800460,1.34665,1.34672,1.34662,1.34672,118
1779800520,1.3467,1.3469,1.34667,1.34682,117
1779800580,1.34682,1.3469,1.34666,1.34671,91
1779800640,1.3467,1.34672,1.34644,1.34656,119
1779800700,1.34658,1.34667,1.34651,1.34657,125
1779800760,1.34656,1.3467,1.34654,1.34667,111
1779800820,1.34668,1.34674,1.34662,1.34671,127
1779800880,1.34672,1.34673,1.3465,1.34655,132
1779800940,1.34654,1.34666,1.34651,1.34661,103
1779801000,1.34662,1.3468,1.34658,1.34675,138
1779801060,1.34674,1.34681,1.3466,1.34681,133
1779801120,1.3468,1.34681,1.34659,1.34661,104
1779801180,1.34662,1.34663,1.34653,1.3466,94
1779801240,1.34659,1.3467,1.34659,1.34667,123
1779801300,1.34668,1.34678,1.34662,1.34673,106
1779801360,1.34671,1.34672,1.34665,1.34672,79
1779801420,1.34673,1.3468,1.34669,1.34671,104
1779801480,1.34678,1.34678,1.34661,1.34669,111
1779801540,1.3467,1.34671,1.34657,1.34659,100
1779801600,1.34659,1.34682,1.34658,1.34682,103
1779801660,1.34681,1.34702,1.34681,1.34698,117
1779801720,1.34698,1.34698,1.34685,1.34691,106
1779801780,1.34691,1.34698,1.3469,1.34694,95
1779801840,1.34693,1.34693,1.34681,1.3469,114
1779801900,1.34692,1.34699,1.34682,1.34684,131
1779801960,1.34684,1.34688,1.3468,1.34686,115
1779802020,1.34685,1.34685,1.34664,1.34671,107
1779802080,1.34669,1.34673,1.34652,1.34652,118
1779802140,1.34649,1.34654,1.34636,1.34638,126
1779802200,1.34644,1.3466,1.34643,1.34659,181
1779802260,1.34656,1.34661,1.34648,1.34648,159
1779802320,1.34644,1.34644,1.34627,1.3463,155
1779802380,1.34635,1.3465,1.34635,1.3464,169
1779802440,1.34642,1.34649,1.34639,1.34642,148
1779802500,1.34638,1.3465,1.34628,1.34638,155
1779802560,1.34639,1.34664,1.34639,1.34654,132
1779802620,1.34656,1.34674,1.34653,1.34671,146
1779802680,1.34672,1.34682,1.34662,1.34662,147
1779802740,1.34663,1.3467,1.34654,1.34664,164
1779802800,1.34664,1.34664,1.34647,1.34648,154
1779802860,1.34649,1.34656,1.34636,1.34641,139
1779802920,1.34641,1.34641,1.34623,1.34637,136
1779802980,1.34638,1.34652,1.3463,1.34649,158
1779803040,1.34648,1.34653,1.34629,1.3463,144
1779803100,1.3463,1.34643,1.34622,1.34638,134
1779803160,1.34638,1.3466,1.34636,1.3466,152
1779803220,1.34659,1.3467,1.34658,1.34659,135
1779803280,1.34658,1.34679,1.34657,1.34657,138
1779803340,1.34658,1.34674,1.34658,1.34668,129
1779803400,1.34668,1.34674,1.34631,1.34631,176
1779803460,1.34632,1.34632,1.34609,1.34615,173
1779803520,1.34614,1.34637,1.34603,1.34631,146
1779803580,1.34627,1.34627,1.34567,1.34581,203
1779803640,1.34579,1.34602,1.34578,1.34602,176
1779803700,1.34608,1.34622,1.34604,1.34611,189
1779803760,1.34611,1.34613,1.34603,1.34611,131
1779803820,1.3461,1.34627,1.3461,1.34623,148
1779803880,1.34624,1.34631,1.34622,1.3463,114
1779803940,1.3463,1.34637,1.34627,1.34635,99
1779804000,1.34637,1.34638,1.34604,1.34608,157
1779804060,1.3461,1.34668,1.34609,1.34663,153
1779804120,1.34665,1.34689,1.34662,1.34662,154
1779804180,1.34663,1.34682,1.34663,1.34682,176
1779804240,1.34682,1.34682,1.3466,1.34662,144
1779804300,1.34663,1.34663,1.34637,1.34641,169
1779804360,1.3464,1.34651,1.3464,1.34649,152
1779804420,1.34648,1.3466,1.34635,1.3464,157
1779804480,1.34639,1.34642,1.34624,1.34629,148
1779804540,1.3463,1.34632,1.3462,1.34632,151
1779804600,1.34632,1.34651,1.34629,1.34644,169
1779804660,1.34646,1.34648,1.34628,1.34629,139
1779804720,1.3463,1.34632,1.34617,1.34619,112
1779804780,1.34621,1.34624,1.34606,1.34609,131
1779804840,1.34611,1.34622,1.34606,1.3462,142
1779804900,1.34622,1.34622,1.34606,1.34608,140
1779804960,1.34608,1.34623,1.34601,1.34601,117
1779805020,1.34603,1.3462,1.34599,1.34612,126
1779805080,1.34613,1.34624,1.34612,1.3462,112
1779805140,1.3462,1.34622,1.34607,1.34609,137
1779805200,1.34609,1.3461,1.34599,1.34602,133
1779805260,1.34603,1.34618,1.34601,1.34618,118
1779805320,1.34617,1.3464,1.34616,1.34621,124
1779805380,1.3462,1.34627,1.34608,1.3461,127
1779805440,1.3461,1.3462,1.34608,1.3461,114
1779805500,1.34611,1.34621,1.34606,1.34606,143
1779805560,1.34606,1.34613,1.3459,1.34598,124
1779805620,1.34597,1.34598,1.34582,1.3459,108
1779805680,1.3459,1.34596,1.3458,1.34591,139
1779805740,1.34592,1.34609,1.34586,1.34604,173
1779805800,1.34601,1.34605,1.34596,1.34596,134
1779805860,1.34592,1.3462,1.34591,1.34618,128
1779805920,1.34618,1.34641,1.34618,1.34633,112
1779805980,1.34634,1.34634,1.34595,1.34612,199
1779806040,1.34611,1.34639,1.34608,1.34638,154
1779806100,1.34639,1.34688,1.34639,1.34679,168
1779806160,1.34678,1.3468,1.3465,1.34651,169
1779806220,1.34654,1.34654,1.34637,1.34648,139
1779806280,1.34649,1.3465,1.34635,1.34642,120
1779806340,1.34642,1.34649,1.34637,1.3464,142
1779806400,1.34641,1.34662,1.34638,1.34661,111
1779806460,1.3466,1.34662,1.34641,1.34649,120
1779806520,1.34648,1.34661,1.34639,1.3464,96
1779806580,1.34638,1.34639,1.34619,1.34621,148
1779806640,1.34622,1.34623,1.34609,1.34613,119
1779806700,1.34612,1.34616,1.34602,1.34612,135
1779806760,1.34614,1.34625,1.34601,1.3462,143
1779806820,1.34619,1.34627,1.34609,1.34609,132
1779806880,1.3461,1.34629,1.34597,1.34622,147
1779806940,1.34621,1.34634,1.34611,1.34612,144
1779807000,1.34614,1.34621,1.34602,1.34606,128
1779807060,1.34606,1.34606,1.34589,1.34591,130
1779807120,1.34592,1.34597,1.34588,1.34589,128
1779807180,1.34588,1.34593,1.34548,1.34554,201
1779807240,1.34553,1.34556,1.34539,1.34547,143
1779807300,1.34545,1.34556,1.34539,1.34545,177
1779807360,1.34546,1.34555,1.34537,1.34539,156
1779807420,1.34534,1.34534,1.34503,1.34505,196
1779807480,1.34507,1.34528,1.34507,1.34527,149
1779807540,1.34527,1.34529,1.34496,1.34496,159
1779807600,1.34494,1.34503,1.34489,1.34497,168
1779807660,1.34499,1.34502,1.3449,1.34497,172
1779807720,1.34498,1.34499,1.34444,1.34458,207
1779807780,1.34458,1.34473,1.34447,1.34461,178
1779807840,1.34462,1.34463,1.34451,1.34458,140
1779807900,1.34455,1.34483,1.3445,1.34474,143
1779807960,1.34473,1.34477,1.34463,1.34477,126
1779808020,1.34478,1.3448,1.34439,1.34443,140
1779808080,1.34449,1.34458,1.34438,1.34442,162
1779808140,1.34433,1.34438,1.34419,1.34425,166
1779808200,1.34424,1.34443,1.34419,1.34424,146
1779808260,1.34423,1.3445,1.34422,1.34448,136
1779808320,1.34448,1.34467,1.34445,1.34466,114
1779808380,1.34466,1.34472,1.34446,1.34469,131
1779808440,1.34471,1.34475,1.3444,1.34443,117
1779808500,1.34442,1.34447,1.3442,1.34421,129
1779808560,1.34422,1.34431,1.34411,1.34413,98
1779808620,1.34415,1.3442,1.34381,1.34382,161
1779808680,1.34383,1.34411,1.34382,1.34408,123
1779808740,1.34406,1.3442,1.34385,1.34391,147
1779808800,1.3439,1.344,1.34381,1.34387,127
1779808860,1.34391,1.344,1.3438,1.34398,120
1779808920,1.34398,1.34398,1.34389,1.34389,72
1779808980,1.34388,1.34389,1.34364,1.34365,111
1779809040,1.34366,1.3437,1.34346,1.3435,129
1779809100,1.34351,1.34378,1.34348,1.34373,142
1779809160,1.3437,1.34404,1.34369,1.344,160
1779809220,1.34401,1.34403,1.34389,1.34401,115
1779809280,1.34401,1.34434,1.34401,1.34423,134
1779809340,1.34426,1.34431,1.3442,1.34423,126
1779809400,1.34424,1.34449,1.34424,1.34443,156
1779809460,1.3444,1.34442,1.34417,1.34418,138
1779809520,1.34417,1.34428,1.34406,1.34422,151
1779809580,1.34422,1.34429,1.34408,1.34412,119
1779809640,1.34416,1.3442,1.34408,1.34411,129
1779809700,1.34409,1.34419,1.34405,1.34412,128
1779809760,1.3441,1.34412,1.34377,1.34377,130
1779809820,1.34373,1.34393,1.34369,1.34385,159
1779809880,1.34386,1.34386,1.34371,1.34385,128
1779809940,1.34383,1.34388,1.34378,1.34388,106
1779810000,1.34387,1.34392,1.34361,1.34368,116
1779810060,1.34369,1.34389,1.34368,1.3438,129
1779810120,1.34382,1.34392,1.34379,1.3439,126
1779810180,1.34389,1.34391,1.34386,1.34388,98
1779810240,1.34387,1.34396,1.34383,1.34387,117
1779810300,1.34388,1.34395,1.34371,1.34391,127
1779810360,1.3439,1.34399,1.34377,1.34391,110
1779810420,1.3439,1.344,1.34388,1.34399,122
1779810480,1.344,1.34402,1.34389,1.34401,81
1779810540,1.34404,1.3441,1.34397,1.34399,104
1779810600,1.34398,1.34401,1.34384,1.34389,136
1779810660,1.34388,1.34401,1.34384,1.34401,113
1779810720,1.34399,1.34401,1.34375,1.34379,133
1779810780,1.34378,1.34384,1.34378,1.34382,115
1779810840,1.34381,1.3439,1.34375,1.3439,126
1779810900,1.34389,1.344,1.34384,1.34388,130
1779810960,1.34388,1.3439,1.3437,1.34373,138
1779811020,1.3438,1.34381,1.34351,1.34361,135
1779811080,1.3436,1.34365,1.34346,1.34356,118
1779811140,1.34355,1.34358,1.3435,1.34357,106
1779811200,1.34359,1.34368,1.34358,1.34358,147
1779811260,1.3436,1.34363,1.34348,1.34359,137
1779811320,1.34359,1.34368,1.34354,1.3436,99
1779811380,1.34369,1.34383,1.34364,1.34369,107
1779811440,1.34368,1.34384,1.34366,1.34381,101
1779811500,1.34381,1.34397,1.34381,1.34392,113
1779811560,1.34392,1.34394,1.34377,1.3438,87
1779811620,1.34379,1.34396,1.34379,1.34396,79
1779811680,1.34395,1.34403,1.34392,1.34401,85
1779811740,1.34402,1.3441,1.34398,1.34407,102
1779811800,1.34408,1.34413,1.34395,1.34412,132
1779811860,1.34412,1.34426,1.3441,1.34426,92
1779811920,1.34428,1.34436,1.3441,1.34417,128
1779811980,1.34417,1.34423,1.3441,1.34416,100
1779812040,1.34415,1.34423,1.34415,1.34422,88
1779812100,1.34421,1.34452,1.34421,1.34438,110
1779812160,1.34438,1.34443,1.34433,1.34441,70
1779812220,1.3444,1.34441,1.34429,1.34431,79
1779812280,1.3443,1.3445,1.3443,1.34449,63
1779812340,1.34457,1.34481,1.34456,1.34479,117
1779812400,1.34479,1.34488,1.34473,1.34488,91
1779812460,1.34487,1.34487,1.34457,1.34461,101
1779812520,1.3446,1.34467,1.34459,1.3446,86
1779812580,1.34461,1.34464,1.34458,1.34462,66
1779812640,1.34462,1.34463,1.34457,1.3446,78
1779812700,1.34461,1.34463,1.34442,1.34446,82
1779812760,1.34447,1.3445,1.34441,1.34449,100
1779812820,1.3445,1.34452,1.34447,1.34449,48
1779812880,1.3445,1.34461,1.3445,1.34456,93
1779812940,1.34452,1.3446,1.34451,1.34457,83
1779813000,1.34456,1.3447,1.34453,1.34466,98
1779813060,1.34467,1.34469,1.34461,1.34461,86
1779813120,1.34462,1.34466,1.3446,1.34463,69
1779813180,1.34464,1.34479,1.34459,1.34469,115
1779813240,1.34469,1.3448,1.34468,1.34472,86
1779813300,1.34471,1.34473,1.3446,1.34469,55
1779813360,1.34468,1.34469,1.34438,1.34439,95
1779813420,1.34438,1.34444,1.34432,1.34441,112
1779813480,1.3444,1.34441,1.34429,1.34441,72
1779813540,1.34441,1.34442,1.34432,1.34437,75
1779813600,1.34438,1.34447,1.34431,1.34431,90
1779813660,1.34433,1.34433,1.34415,1.34419,109
1779813720,1.34418,1.34429,1.34418,1.34428,102
1779813780,1.34428,1.34428,1.34418,1.34421,100
1779813840,1.34422,1.34423,1.3441,1.34413,68
1779813900,1.34412,1.3443,1.34409,1.34429,114
1779813960,1.34429,1.34429,1.34401,1.34408,116
1779814020,1.34409,1.3442,1.34408,1.34411,98
1779814080,1.34407,1.34412,1.34398,1.34402,95
1779814140,1.34403,1.3442,1.34403,1.34415,105
1779814200,1.34412,1.3442,1.34404,1.34407,82
1779814260,1.34406,1.34412,1.34404,1.3441,107
1779814320,1.34413,1.34413,1.344,1.34411,99
1779814380,1.34411,1.34419,1.34401,1.34402,111
1779814440,1.344,1.34409,1.34395,1.344,107
1779814500,1.344,1.34413,1.344,1.34412,80
1779814560,1.34413,1.34418,1.34409,1.34409,98
1779814620,1.3441,1.34416,1.3441,1.34413,77
1779814680,1.34414,1.34416,1.34408,1.3441,69
1779814740,1.34409,1.34413,1.34402,1.34412,76
1779814800,1.34412,1.34421,1.34412,1.34417,114
1779814860,1.34418,1.34428,1.34416,1.34424,112
1779814920,1.34423,1.34427,1.34417,1.34421,110
1779814980,1.34422,1.3443,1.3442,1.34422,85
1779815040,1.34421,1.34427,1.3441,1.34411,81
1779815100,1.34411,1.34422,1.34408,1.34419,113
1779815160,1.3442,1.34433,1.3442,1.34433,88
1779815220,1.34436,1.34444,1.34429,1.34434,100
1779815280,1.34433,1.34445,1.34432,1.34441,87
1779815340,1.34442,1.34456,1.34441,1.34452,52
1779815400,1.34453,1.34468,1.34441,1.34468,94
1779815460,1.3447,1.34483,1.34467,1.3447,66
1779815520,1.34471,1.3448,1.34465,1.34468,73
1779815580,1.34467,1.34469,1.34461,1.34462,29
1779815640,1.34462,1.34467,1.34459,1.34462,57
1779815700,1.34458,1.34472,1.34457,1.34471,74
1779815760,1.3447,1.3447,1.34461,1.34463,57
1779815820,1.34463,1.34464,1.34461,1.34464,33
1779815880,1.34464,1.34465,1.34462,1.34462,39
1779815940,1.34464,1.34465,1.34462,1.34465,37
1779816000,1.34464,1.34464,1.34453,1.34458,86
1779816060,1.34458,1.34466,1.34458,1.34463,56
1779816120,1.34462,1.34462,1.34452,1.34452,69
1779816180,1.34452,1.34457,1.34449,1.34451,84
1779816240,1.34451,1.34452,1.34441,1.34447,104
1779816300,1.34447,1.34452,1.34441,1.34444,85
1779816360,1.34443,1.34454,1.34443,1.34447,79
1779816420,1.34447,1.34454,1.34447,1.34452,50
1779816480,1.34452,1.34455,1.34432,1.34432,90
1779816540,1.34432,1.34434,1.34426,1.3443,60
1779816600,1.34429,1.34433,1.34427,1.34432,90
1779816660,1.34431,1.34444,1.34431,1.34444,76
1779816720,1.3445,1.34464,1.34449,1.34462,85
1779816780,1.34463,1.34464,1.34452,1.34452,66
1779816840,1.34452,1.34462,1.34451,1.3446,59
1779816900,1.34459,1.34459,1.34447,1.34447,72
1779816960,1.34447,1.34447,1.34429,1.34437,80
1779817020,1.34438,1.34442,1.34432,1.34437,87
1779817080,1.34437,1.34443,1.34436,1.34441,68
1779817140,1.34441,1.34441,1.34429,1.34429,61
1779817200,1.34428,1.3443,1.3439,1.34394,102
1779817260,1.34393,1.34401,1.3439,1.34399,88
1779817320,1.34399,1.344,1.34397,1.34399,58
1779817380,1.344,1.34402,1.34398,1.344,57
1779817440,1.34399,1.344,1.34393,1.34397,74
1779817500,1.34398,1.34401,1.34388,1.34401,85
1779817560,1.34399,1.34403,1.34385,1.34386,74
1779817620,1.34387,1.34411,1.34386,1.3441,91
1779817680,1.34411,1.34417,1.34408,1.34414,85
1779817740,1.34415,1.34418,1.34406,1.34417,84
1779817800,1.34418,1.34418,1.34399,1.34408,83
1779817860,1.34408,1.34415,1.34408,1.3441,70
1779817920,1.3441,1.34412,1.34402,1.34407,77
1779817980,1.34408,1.34425,1.34407,1.34419,80
1779818040,1.3442,1.34421,1.3441,1.34411,45
1779818100,1.3441,1.3442,1.3441,1.34419,57
1779818160,1.3442,1.3442,1.34399,1.34401,61
1779818220,1.34401,1.34402,1.34388,1.34394,96
1779818280,1.34393,1.34408,1.3439,1.34408,71
1779818340,1.34409,1.34414,1.34402,1.34411,90
1779818400,1.34412,1.34413,1.34403,1.34408,91
1779818460,1.34405,1.34405,1.34398,1.34401,83
1779818520,1.34401,1.34405,1.34393,1.34402,71
1779818580,1.34402,1.34416,1.34401,1.34409,110
1779818640,1.3441,1.34411,1.34407,1.34408,61
1779818700,1.3441,1.34413,1.34397,1.34407,75
1779818760,1.34408,1.34411,1.34408,1.3441,62
1779818820,1.3441,1.34411,1.344,1.34401,62
1779818880,1.34401,1.34414,1.34401,1.34408,84
1779818940,1.3441,1.34412,1.34408,1.34411,75
1779819000,1.34411,1.34432,1.34411,1.3443,76
1779819060,1.34431,1.34433,1.3442,1.34422,59
1779819120,1.34421,1.34422,1.34419,1.34422,51
1779819180,1.34422,1.34428,1.3442,1.34428,72
1779819240,1.34427,1.34429,1.34421,1.34428,68
1779819300,1.34429,1.34432,1.34421,1.34425,81
1779819360,1.34424,1.34427,1.3441,1.3441,73
1779819420,1.34411,1.3443,1.34411,1.34429,99
1779819480,1.34428,1.34429,1.34427,1.34428,62
1779819540,1.34426,1.34431,1.34423,1.3443,57
1779819600,1.34431,1.34431,1.34417,1.3442,57
1779819660,1.34419,1.34423,1.34418,1.34421,72
1779819720,1.34422,1.34433,1.34422,1.34431,62
1779819780,1.34432,1.34434,1.34426,1.34432,59
1779819840,1.34432,1.34432,1.3442,1.34421,76
1779819900,1.3442,1.34422,1.3442,1.34421,59
1779819960,1.34421,1.34423,1.34417,1.3442,68
1779820020,1.34418,1.34423,1.34417,1.3442,76
1779820080,1.34421,1.34428,1.34419,1.34424,80
1779820140,1.34423,1.34425,1.3442,1.3442,73
1779820200,1.34421,1.34428,1.34419,1.34423,96
1779820260,1.34422,1.34438,1.34422,1.3443,77
1779820320,1.3443,1.34438,1.34427,1.34437,81
1779820380,1.34438,1.34442,1.34432,1.34434,81
1779820440,1.34434,1.34438,1.34428,1.34434,66
1779820500,1.34435,1.34439,1.34431,1.34437,105
1779820560,1.34436,1.34438,1.34429,1.34431,90
1779820620,1.34432,1.34436,1.34429,1.34434,66
1779820680,1.34434,1.3444,1.34426,1.34427,79
1779820740,1.34429,1.34433,1.34428,1.34432,52
1779820800,1.34429,1.34431,1.34417,1.34417,93
1779820860,1.34419,1.34422,1.34418,1.3442,66
1779820920,1.3442,1.3442,1.34412,1.34413,102
1779820980,1.34414,1.34422,1.34411,1.34422,62
1779821040,1.34423,1.34432,1.34421,1.34431,66
1779821100,1.3443,1.34441,1.34429,1.34438,68
1779821160,1.34437,1.34439,1.3443,1.34438,63
1779821220,1.34438,1.34442,1.34436,1.34442,68
1779821280,1.34441,1.34442,1.34438,1.3444,40
1779821340,1.3444,1.34441,1.34436,1.34436,58
1779821400,1.34437,1.3444,1.34431,1.3444,65
1779821460,1.34439,1.34451,1.34438,1.34449,80
1779821520,1.3445,1.34454,1.34448,1.34451,48
1779821580,1.3445,1.3446,1.34449,1.34456,109
1779821640,1.34457,1.3446,1.34447,1.34448,64
1779821700,1.34448,1.3445,1.34439,1.3444,67
1779821760,1.3444,1.34443,1.34439,1.3444,84
1779821820,1.34441,1.34449,1.34437,1.34448,87
1779821880,1.34448,1.34451,1.34448,1.3445,55
1779821940,1.34449,1.3445,1.34447,1.34449,59
1779822000,1.34447,1.34449,1.34426,1.3443,109
1779822060,1.34429,1.34443,1.34429,1.34439,87
1779822120,1.34439,1.34441,1.34436,1.34436,63
1779822180,1.34437,1.34458,1.34436,1.34457,67
1779822240,1.34455,1.34458,1.34447,1.34449,64
1779822300,1.34449,1.34454,1.34447,1.34448,67
1779822360,1.34449,1.3445,1.34439,1.34439,63
1779822420,1.3444,1.3444,1.34427,1.34429,77
1779822480,1.34429,1.34432,1.34428,1.34431,48
1779822540,1.34431,1.34439,1.34431,1.34438,46
1779822600,1.34437,1.34449,1.34437,1.34445,95
1779822660,1.34447,1.34448,1.34442,1.34446,70
1779822720,1.34445,1.34447,1.34427,1.34428,81
1779822780,1.34428,1.34432,1.34428,1.34432,83
1779822840,1.34431,1.34439,1.34427,1.34429,61
1779822900,1.34428,1.34431,1.34426,1.34428,49
1779822960,1.34427,1.34438,1.34427,1.34435,62
1779823020,1.34436,1.34443,1.34436,1.34441,65
1779823080,1.3444,1.34441,1.34436,1.34439,44
1779823140,1.34439,1.34439,1.34435,1.34439,40
1779823200,1.34438,1.34449,1.34438,1.34448,46
1779823260,1.34447,1.34448,1.34439,1.34447,47
1779823320,1.34448,1.34456,1.34447,1.34456,41
1779823380,1.34455,1.34459,1.34449,1.34458,59
1779823440,1.34458,1.3446,1.34454,1.3446,40
1779823500,1.34459,1.34461,1.34449,1.34457,68
1779823560,1.34459,1.3446,1.34457,1.34457,46
1779823620,1.34458,1.34458,1.34449,1.34454,72
1779823680,1.34456,1.34456,1.34448,1.3445,62
1779823740,1.3445,1.34453,1.34448,1.34448,52
1779823800,1.3445,1.3446,1.34449,1.3446,73
1779823860,1.34461,1.34462,1.34456,1.34462,36
1779823920,1.34463,1.34468,1.3446,1.34468,78
1779823980,1.34467,1.34469,1.34466,1.34468,25
1779824040,1.34468,1.34479,1.34468,1.34478,63
1779824100,1.34477,1.34479,1.34469,1.3447,77
1779824160,1.34469,1.34482,1.34469,1.34479,74
1779824220,1.34478,1.34481,1.34477,1.34478,50
1779824280,1.34478,1.34491,1.34477,1.34487,53
1779824340,1.34488,1.34489,1.34475,1.34477,65
1779824400,1.34477,1.34478,1.34475,1.34477,45
1779824460,1.34476,1.34479,1.34475,1.34478,77
1779824520,1.34477,1.34483,1.34477,1.34479,86
1779824580,1.34478,1.34487,1.34474,1.34485,56
1779824640,1.34486,1.34488,1.34485,1.34486,46
1779824700,1.34486,1.34489,1.34486,1.34487,40
1779824760,1.34488,1.34488,1.34476,1.34479,55
1779824820,1.3448,1.34485,1.3448,1.34481,56
1779824880,1.34481,1.34487,1.3448,1.34483,56
1779824940,1.34484,1.34491,1.34484,1.34491,44
1779825000,1.34492,1.34493,1.3449,1.34492,72
1779825060,1.34492,1.34499,1.34488,1.34499,73
1779825120,1.34498,1.345,1.34487,1.34489,79
1779825180,1.3449,1.34497,1.34488,1.3449,80
1779825240,1.34489,1.34498,1.34487,1.34488,73
1779825300,1.34484,1.34489,1.34481,1.34487,101
1779825360,1.34488,1.3449,1.34478,1.34487,69
1779825420,1.34486,1.34488,1.34476,1.34484,79
1779825480,1.34484,1.34487,1.34478,1.34479,63
1779825540,1.34478,1.34487,1.34476,1.34487,91
1779825600,1.34487,1.34501,1.34482,1.34501,106
1779825660,1.34501,1.34506,1.34501,1.34502,69
1779825720,1.34503,1.34511,1.34499,1.34508,79
1779825780,1.34509,1.3451,1.34507,1.34508,59
1779825840,1.34509,1.34512,1.34507,1.3451,76
1779825900,1.34509,1.34522,1.34509,1.34518,60
1779825960,1.34519,1.34528,1.34519,1.34526,48
1779826020,1.34526,1.3453,1.34526,1.3453,37
1779826080,1.3453,1.34538,1.34527,1.34528,28
1779826140,1.34528,1.34529,1.34517,1.34517,49
1779826200,1.34518,1.34521,1.34517,1.34521,38
1779826260,1.3452,1.34529,1.3452,1.34529,35
1779826320,1.34529,1.3453,1.34527,1.34527,29
1779826380,1.34528,1.34528,1.34519,1.3452,24
1779826440,1.34519,1.3452,1.34518,1.34518,14
1779826500,1.34519,1.3452,1.34519,1.34519,23
1779826560,1.34519,1.34519,1.34516,1.34518,23
1779826620,1.34518,1.34519,1.34518,1.34518,32
1779826680,1.34517,1.34518,1.34511,1.34511,53
1779826740,1.34511,1.34515,1.34511,1.34512,36
1779826800,1.34512,1.34518,1.34512,1.34516,23
1779826860,1.34517,1.34517,1.34507,1.34508,25
1779826920,1.34508,1.34508,1.34501,1.34502,22
1779826980,1.34502,1.34504,1.34501,1.34504,33
1779827040,1.34502,1.34502,1.34499,1.34501,34
1779827100,1.34501,1.34504,1.34501,1.34502,48
1779827160,1.34502,1.34502,1.34492,1.34492,52
1779827220,1.34493,1.345,1.3449,1.345,97
1779827280,1.345,1.34501,1.34488,1.34488,38
1779827340,1.34489,1.34494,1.3448,1.3448,51
1779827400,1.34485,1.34489,1.34485,1.34489,26
1779827460,1.34489,1.345,1.34489,1.345,46
1779827520,1.34501,1.34502,1.34498,1.34499,35
1779827580,1.34498,1.34499,1.34489,1.3449,34
1779827640,1.3449,1.34492,1.34488,1.34489,19
1779827700,1.34489,1.34491,1.34486,1.34487,22
1779827760,1.34488,1.34494,1.34487,1.34493,41
1779827820,1.34494,1.34498,1.34487,1.34489,37
1779827880,1.34487,1.34487,1.34485,1.34486,26
1779827940,1.34482,1.34482,1.34478,1.34479,22
1779828000,1.34475,1.34481,1.34473,1.34477,22
1779828060,1.34476,1.34476,1.34474,1.34474,17
1779828120,1.34473,1.34474,1.34473,1.34474,21
1779828180,1.34475,1.34477,1.34474,1.34475,22
1779828240,1.34475,1.34476,1.34474,1.34474,10
1779828300,1.34475,1.3448,1.34474,1.3448,21
1779828360,1.34481,1.34481,1.34481,1.34481,4
1779828420,1.34482,1.34484,1.34481,1.34483,20
1779828480,1.34484,1.34484,1.34483,1.34483,12
1779828540,1.34484,1.34484,1.34482,1.34483,34
1779828600,1.34476,1.34476,1.34472,1.34473,42
1779828660,1.34474,1.34475,1.34472,1.34475,34
1779828720,1.34474,1.34477,1.34473,1.34474,38
1779828780,1.34473,1.34476,1.34473,1.34475,22
1779828840,1.34474,1.34477,1.34474,1.34477,22
1779828900,1.34477,1.34482,1.34461,1.34463,48
1779828960,1.34463,1.34463,1.3445,1.34452,62
1779829080,1.34463,1.34466,1.34455,1.34463,97
1779829260,1.34413,1.34413,1.34413,1.34413,2
1779829380,1.34415,1.34446,1.34415,1.34446,7
1779829440,1.34449,1.34449,1.34447,1.34447,6
1779829500,1.34448,1.34448,1.34447,1.34447,4
1779829560,1.34448,1.34448,1.34448,1.34448,2
1779829620,1.34447,1.34447,1.34447,1.34447,2
1779829800,1.34454,1.34454,1.34447,1.34447,6
1779829920,1.34448,1.34448,1.34448,1.34448,2
1779830040,1.34447,1.34449,1.34447,1.34449,4
1779830100,1.3445,1.3445,1.3445,1.3445,2
1779830400,1.34445,1.34445,1.34445,1.34445,2
1779830520,1.34446,1.34452,1.34446,1.34451,9
1779830580,1.34445,1.34445,1.34443,1.34443,2
1779830640,1.34449,1.34449,1.34449,1.34449,2
1779830700,1.34447,1.34447,1.34447,1.34447,2
1779831000,1.34447,1.34451,1.34447,1.34449,5
1779831060,1.34447,1.34447,1.34445,1.34447,15
1779831120,1.34447,1.34447,1.34445,1.34445,8
1779831180,1.34443,1.34447,1.34443,1.34445,26
1779831240,1.34447,1.34447,1.34445,1.34445,16
1779831300,1.34447,1.34455,1.34445,1.34447,14
1779831360,1.34445,1.34471,1.34443,1.3447,22
1779831420,1.34471,1.34473,1.34468,1.34471,41
1779831480,1.34472,1.34474,1.3447,1.34472,17
1779831540,1.34472,1.34473,1.3446,1.34464,36
1779831600,1.34465,1.34469,1.3446,1.34462,54
1779831660,1.34464,1.34466,1.34459,1.34464,52
1779831720,1.34465,1.34465,1.34458,1.34458,42
1779831780,1.34461,1.34461,1.34457,1.34457,10
1779831840,1.34461,1.34461,1.34455,1.34455,20
1779831900,1.34455,1.3446,1.34453,1.34456,24
1779831960,1.34461,1.34464,1.34453,1.34454,44
1779832020,1.34456,1.34462,1.34456,1.34462,16
1779832080,1.34466,1.34468,1.34462,1.34468,9
1779832140,1.34471,1.34471,1.3447,1.3447,3
1779832260,1.34471,1.34471,1.34471,1.34471,1
1779832320,1.34468,1.34468,1.34467,1.34467,4
1779832380,1.34473,1.34475,1.34472,1.34473,13
1779832440,1.34472,1.34477,1.34463,1.34467,31
1779832500,1.34466,1.34471,1.34465,1.34469,22
1779832560,1.3447,1.3447,1.34466,1.34469,21
1779832620,1.34469,1.34473,1.34465,1.34468,30
1779832680,1.34469,1.34478,1.34468,1.34473,42
1779832740,1.34475,1.34477,1.34469,1.34474,32
1779832800,1.34486,1.34515,1.34486,1.34508,65
1779832860,1.34507,1.34512,1.34505,1.34507,70
1779832920,1.34509,1.3451,1.34501,1.34501,51
1779832980,1.34503,1.34512,1.34502,1.34503,76
1779833040,1.34501,1.3451,1.34501,1.34505,52
1779833100,1.34506,1.34508,1.34494,1.34498,60
1779833160,1.34495,1.34508,1.34494,1.34501,72
1779833220,1.34501,1.34506,1.34498,1.34504,49
1779833280,1.34506,1.34506,1.34492,1.34492,50
1779833340,1.34492,1.34492,1.34486,1.34486,43
1779833400,1.34487,1.34497,1.34479,1.3448,83
1779833460,1.34483,1.34485,1.34482,1.34482,28
1779833520,1.34483,1.34487,1.34481,1.34487,35
1779833580,1.34487,1.34488,1.34484,1.34487,42
1779833640,1.34488,1.34489,1.34486,1.34488,33
1779833700,1.34486,1.34488,1.34483,1.34485,30
1779833760,1.34485,1.34487,1.34483,1.34485,30
1779833820,1.34487,1.34487,1.34483,1.34486,31
1779833880,1.34486,1.34489,1.34483,1.34488,39
1779833940,1.34488,1.34489,1.34485,1.34486,40
1779834000,1.34485,1.34491,1.34485,1.34491,15
1779834060,1.3449,1.3449,1.34482,1.3449,29
1779834120,1.34491,1.34492,1.34487,1.34487,19
1779834180,1.34487,1.3449,1.34487,1.3449,27
1779834240,1.34488,1.34489,1.34483,1.34488,31
1779834300,1.34489,1.3449,1.34487,1.34489,24
1779834360,1.3449,1.3449,1.34489,1.34489,5
1779834420,1.34491,1.34491,1.34491,1.34491,2
1779834480,1.3449,1.34491,1.34489,1.34489,12
1779834540,1.34489,1.3449,1.34483,1.34489,25
1779834600,1.3449,1.34491,1.34489,1.34489,8
1779834660,1.34488,1.3449,1.34484,1.34489,26
1779834720,1.34489,1.3449,1.34488,1.34489,20
1779834780,1.34488,1.3449,1.34488,1.34489,10
1779834840,1.34489,1.34489,1.34486,1.34488,12
1779834900,1.34487,1.34488,1.34486,1.34486,13
1779834960,1.34487,1.34487,1.34484,1.34486,13
1779835020,1.34485,1.34488,1.34485,1.34487,17
1779835080,1.34488,1.34488,1.34488,1.34488,3
1779835140,1.34489,1.3449,1.34488,1.34489,12
1779835200,1.34491,1.34491,1.34489,1.34491,15
1779835260,1.34491,1.34491,1.3449,1.3449,4
1779835380,1.34492,1.34495,1.34491,1.34495,17
1779835440,1.34495,1.34495,1.34489,1.34494,37
1779835500,1.34494,1.34494,1.34489,1.34493,39
1779835560,1.34492,1.34495,1.34489,1.34494,31
1779835620,1.34494,1.34494,1.34493,1.34493,20
1779835680,1.34493,1.34493,1.34488,1.34489,19
1779835740,1.34489,1.3449,1.34489,1.3449,4
1779835800,1.34491,1.34493,1.34491,1.34493,13
1779835860,1.34494,1.34494,1.34494,1.34494,3
1779835920,1.34494,1.34496,1.34492,1.34496,24
1779835980,1.34496,1.34496,1.34496,1.34496,4
1779836040,1.34494,1.34497,1.34494,1.34497,25
1779836100,1.34496,1.34497,1.34494,1.34495,9
1779836160,1.34496,1.34509,1.34495,1.34509,35
1779836220,1.34509,1.34509,1.345,1.34505,28
1779836280,1.34504,1.34505,1.34504,1.34504,11
1779836340,1.34503,1.34506,1.34503,1.34505,27
1779836400,1.34505,1.3451,1.34499,1.3451,46
1779836460,1.34509,1.3451,1.34509,1.34509,14
1779836520,1.34511,1.34513,1.34509,1.34509,25
1779836580,1.34509,1.34509,1.34509,1.34509,8
1779836640,1.34508,1.34509,1.34507,1.34509,12
1779836700,1.34508,1.34509,1.34508,1.34509,16
1779836760,1.34509,1.3451,1.34509,1.34509,10
1779836820,1.3451,1.3451,1.34507,1.34508,11
1779836880,1.34507,1.34509,1.34506,1.34507,35
1779836940,1.34508,1.34508,1.34505,1.34506,24
1779837000,1.34507,1.34509,1.34506,1.34508,22
1779837060,1.34508,1.34508,1.34506,1.34508,18
1779837120,1.34508,1.34508,1.34507,1.34508,8
1779837180,1.34509,1.3451,1.34509,1.3451,3
1779837240,1.34509,1.3451,1.34509,1.34509,5
1779837300,1.3451,1.3452,1.3451,1.3452,7
1779837360,1.34521,1.34529,1.34521,1.34528,13
1779837420,1.34527,1.34527,1.3452,1.3452,11
1779837480,1.34521,1.34522,1.3452,1.34522,19
1779837540,1.34522,1.34522,1.34521,1.34522,10
1779837600,1.34522,1.34526,1.34522,1.34526,7
1779837660,1.34525,1.3453,1.34525,1.34529,14
1779837720,1.3453,1.3453,1.3453,1.3453,2
1779837780,1.3453,1.3453,1.34528,1.3453,13
1779837840,1.3453,1.34538,1.34528,1.34537,30
1779837900,1.34537,1.3454,1.34537,1.34539,21
1779837960,1.34539,1.34539,1.34537,1.34538,11
1779838020,1.34538,1.34541,1.34538,1.34539,12
1779838080,1.3454,1.3454,1.34537,1.34538,24
1779838140,1.34539,1.34545,1.34538,1.34545,29
1779838200,1.34545,1.34548,1.34539,1.34547,23
1779838260,1.34548,1.3455,1.34548,1.34549,7
1779838320,1.34549,1.34559,1.34549,1.34558,21
1779838380,1.34558,1.3456,1.34558,1.3456,14
1779838440,1.34564,1.34565,1.34558,1.3456,26
1779838500,1.3456,1.3456,1.34558,1.34559,18
1779838560,1.34559,1.34559,1.34558,1.34559,10
1779838620,1.34559,1.3456,1.34558,1.34559,25
1779838680,1.34559,1.34567,1.34559,1.34565,12
1779838740,1.34566,1.34567,1.34566,1.34566,12
1779838800,1.34567,1.34567,1.34566,1.34566,18
1779838860,1.34566,1.34568,1.34566,1.34567,16
1779838920,1.34568,1.34572,1.34567,1.34571,19
1779838980,1.34571,1.34587,1.34569,1.34581,28
1779839040,1.3458,1.34588,1.3458,1.34581,33
1779839100,1.34584,1.3459,1.34584,1.3459,33
1779839160,1.34589,1.3459,1.34577,1.3458,31
1779839220,1.34579,1.34588,1.34578,1.34579,42
1779839280,1.34579,1.34582,1.34578,1.34581,28
1779839340,1.34581,1.34581,1.34568,1.3457,34
1779839400,1.34569,1.34569,1.34564,1.34567,19
1779839460,1.34567,1.34567,1.34559,1.34564,51
1779839520,1.34564,1.3457,1.34563,1.34569,36
1779839580,1.34569,1.34572,1.34568,1.34568,37
1779839640,1.34569,1.34572,1.34569,1.34569,28
1779839700,1.34569,1.34569,1.34556,1.34558,53
1779839760,1.34558,1.3456,1.34556,1.34557,50
1779839820,1.34556,1.34556,1.34549,1.34551,73
1779839880,1.34551,1.34552,1.34546,1.34547,40
1779839940,1.34547,1.34548,1.34543,1.34548,50
1779840000,1.34547,1.3457,1.34542,1.34567,127
1779840060,1.34567,1.34577,1.34561,1.34569,86
1779840120,1.3457,1.34571,1.34567,1.34567,52
1779840180,1.34568,1.34568,1.34557,1.34557,89
1779840240,1.34557,1.34564,1.34557,1.34561,69
1779840300,1.3456,1.34568,1.34557,1.34567,60
1779840360,1.34568,1.34568,1.34557,1.34558,50
1779840420,1.34557,1.34566,1.34549,1.34552,74
1779840480,1.34553,1.34569,1.34553,1.34562,64
1779840540,1.34562,1.34564,1.3455,1.34552,77
1779840600,1.34552,1.34556,1.3455,1.34552,63
1779840660,1.34553,1.34557,1.3455,1.34553,57
1779840720,1.34553,1.34568,1.34552,1.34567,51
1779840780,1.34567,1.34568,1.34563,1.34567,60
1779840840,1.34567,1.34568,1.34562,1.34567,49
1779840900,1.34567,1.34568,1.34556,1.34556,26
1779840960,1.34554,1.34577,1.34554,1.34567,75
1779841020,1.34568,1.3457,1.3456,1.3456,44
1779841080,1.34561,1.34565,1.34558,1.3456,79
1779841140,1.3456,1.34566,1.34559,1.34566,63
1779841200,1.34566,1.34566,1.34558,1.3456,61
1779841260,1.3456,1.34568,1.34556,1.34558,73
1779841320,1.34558,1.34559,1.34555,1.34557,40
1779841380,1.34558,1.34566,1.34556,1.3456,72
1779841440,1.34561,1.34575,1.34561,1.34565,79
1779841500,1.34565,1.34568,1.3456,1.34567,46
1779841560,1.34566,1.34569,1.34562,1.34562,29
1779841620,1.34561,1.34574,1.34557,1.34566,92
1779841680,1.34567,1.34568,1.34559,1.34565,88
1779841740,1.34567,1.34567,1.34557,1.34567,57
1779841800,1.34567,1.34568,1.34557,1.34562,59
1779841860,1.34559,1.34567,1.34557,1.34565,65
1779841920,1.34566,1.34566,1.34557,1.34557,83
1779841980,1.34557,1.34567,1.34557,1.34566,48
1779842040,1.34562,1.34562,1.34555,1.34555,38
1779842100,1.34555,1.34555,1.34547,1.34547,70
1779842160,1.34548,1.34562,1.34545,1.34562,71
1779842220,1.34561,1.34566,1.34558,1.34563,76
1779842280,1.34563,1.34563,1.3455,1.34551,105
1779842340,1.34551,1.34552,1.34546,1.34548,67
1779842400,1.34549,1.34561,1.34549,1.34556,71
1779842460,1.34557,1.34558,1.34546,1.34547,49
1779842520,1.34547,1.34557,1.34547,1.34556,41
1779842580,1.34553,1.3456,1.34553,1.34558,45
1779842640,1.34558,1.34566,1.34558,1.34564,52
1779842700,1.34565,1.34581,1.34564,1.34577,69
1779842760,1.34577,1.3458,1.3457,1.34572,64
1779842820,1.34572,1.34578,1.34571,1.34571,78
1779842880,1.3457,1.34574,1.34565,1.34566,65
1779842940,1.34568,1.3457,1.3456,1.34562,66
1779843000,1.34563,1.34566,1.34546,1.34547,86
1779843060,1.34548,1.34559,1.34548,1.34557,94
1779843120,1.34557,1.34568,1.34556,1.34563,81
1779843180,1.34563,1.34565,1.34555,1.34564,81
1779843240,1.3456,1.34561,1.34547,1.3455,104
1779843300,1.34552,1.34556,1.34546,1.34552,132
1779843360,1.34551,1.34551,1.34541,1.34543,62
1779843420,1.34542,1.34556,1.34542,1.34548,70
1779843480,1.34546,1.34554,1.34544,1.34553,95
1779843540,1.34555,1.34556,1.34547,1.34554,81
1779843600,1.34555,1.34556,1.3454,1.34548,126
1779843660,1.34548,1.34551,1.34538,1.34548,94
1779843720,1.34549,1.34555,1.34546,1.34547,70
1779843780,1.34547,1.34551,1.34543,1.34544,42
1779843840,1.34545,1.34548,1.34544,1.34548,26
1779843900,1.34549,1.34549,1.34536,1.34537,83
1779843960,1.3454,1.34548,1.34536,1.34546,60
1779844020,1.34546,1.34554,1.34545,1.34547,69
1779844080,1.34548,1.34551,1.34537,1.34542,60
1779844140,1.34543,1.34549,1.34537,1.34537,59
1779844200,1.34545,1.34554,1.34544,1.34548,76
1779844260,1.34549,1.34549,1.34538,1.34539,54
1779844320,1.34539,1.34551,1.34539,1.3455,78
1779844380,1.34549,1.34553,1.34547,1.34551,75
1779844440,1.34551,1.34555,1.34546,1.34548,75
1779844500,1.34547,1.34549,1.34534,1.34547,76
1779844560,1.34548,1.34549,1.34544,1.34547,64
1779844620,1.34546,1.34552,1.34538,1.34552,66
1779844680,1.34551,1.34556,1.34548,1.34551,73
1779844740,1.34552,1.34553,1.34537,1.34537,90
1779844800,1.34538,1.34541,1.34532,1.34539,58
1779844860,1.34539,1.34542,1.34537,1.34538,82
1779844920,1.34539,1.34542,1.34537,1.34542,53
1779844980,1.34545,1.34554,1.34545,1.34552,81
1779845040,1.34553,1.34557,1.34547,1.34547,58
1779845100,1.34546,1.34548,1.34544,1.34547,46
1779845160,1.34546,1.34547,1.34536,1.3454,67
1779845220,1.34538,1.34539,1.34522,1.34523,74
1779845280,1.34524,1.34529,1.3452,1.34529,62
1779845340,1.3453,1.34534,1.34528,1.34531,67
1779845400,1.34531,1.34531,1.345,1.34512,179
1779845460,1.3451,1.34519,1.34504,1.34507,135
1779845520,1.345,1.34524,1.345,1.34516,125
1779845580,1.34517,1.34523,1.34511,1.34511,134
1779845640,1.34513,1.34519,1.34495,1.34495,119
1779845700,1.34496,1.34502,1.34488,1.34498,93
1779845760,1.34499,1.34504,1.34487,1.34494,96
1779845820,1.34491,1.34508,1.34487,1.34507,85
1779845880,1.34506,1.34508,1.34486,1.34486,92
1779845940,1.34487,1.34487,1.34472,1.34479,57
1779846000,1.34479,1.34491,1.34479,1.34487,57
1779846060,1.34488,1.34497,1.34478,1.34492,89
1779846120,1.34497,1.34499,1.34493,1.34495,69
1779846180,1.34493,1.34497,1.34488,1.34494,83
1779846240,1.34495,1.34498,1.34491,1.34496,101
1779846300,1.34497,1.34498,1.34488,1.34489,72
1779846360,1.3449,1.3449,1.34476,1.34477,53
1779846420,1.34477,1.34478,1.34461,1.34461,60
1779846480,1.34462,1.34473,1.34462,1.34473,79
1779846540,1.34474,1.34479,1.3447,1.34478,83
1779846600,1.34478,1.34483,1.34475,1.34477,53
1779846660,1.34476,1.34478,1.34468,1.34477,67
1779846720,1.34478,1.34478,1.34468,1.3447,92
1779846780,1.34472,1.34477,1.34469,1.34472,84
1779846840,1.34471,1.34477,1.34468,1.34472,88
1779846900,1.34471,1.34471,1.34464,1.34468,65
1779846960,1.34469,1.34471,1.34467,1.34468,38
1779847020,1.34467,1.34471,1.34465,1.34468,65
1779847080,1.34467,1.34477,1.34467,1.34471,62
1779847140,1.34474,1.34476,1.34469,1.34472,68
1779847200,1.34472,1.34513,1.34471,1.34497,139
1779847260,1.34498,1.34507,1.34481,1.34495,120
1779847320,1.34496,1.34498,1.34487,1.34487,121
1779847380,1.34488,1.34515,1.34487,1.34507,116
1779847440,1.34506,1.34528,1.34506,1.34517,88
1779847500,1.34518,1.34518,1.34507,1.34507,106
1779847560,1.34508,1.34511,1.345,1.34505,88
1779847620,1.34506,1.34515,1.34497,1.34515,67
1779847680,1.34516,1.34518,1.34507,1.34514,75
1779847740,1.34517,1.34518,1.34509,1.3451,67
1779847800,1.3451,1.34513,1.34504,1.34506,69
1779847860,1.34505,1.34513,1.34501,1.34511,66
1779847920,1.34512,1.34519,1.34509,1.34512,61
1779847980,1.3451,1.34512,1.34491,1.34492,70
1779848040,1.34491,1.34499,1.34489,1.34499,63
1779848100,1.34498,1.34505,1.34497,1.34504,56
1779848160,1.34506,1.34515,1.34506,1.34508,92
1779848220,1.34509,1.34512,1.34506,1.34509,54
1779848280,1.3451,1.3451,1.34498,1.34503,69
1779848340,1.34503,1.34503,1.34491,1.34496,80
1779848400,1.34497,1.34502,1.34491,1.34502,56
1779848460,1.345,1.345,1.34486,1.34487,56
1779848520,1.34486,1.34488,1.34479,1.34482,62
1779848580,1.34482,1.34492,1.34482,1.34482,66
1779848640,1.34485,1.34497,1.34485,1.34496,71
1779848700,1.34498,1.34511,1.34498,1.34509,59
1779848760,1.34508,1.3451,1.34498,1.34499,50
1779848820,1.345,1.345,1.34496,1.34498,36
1779848880,1.34497,1.34499,1.34487,1.3449,61
1779848940,1.34489,1.34495,1.34488,1.34491,54
1779849000,1.34492,1.34498,1.34491,1.34497,69
1779849060,1.34496,1.34499,1.34495,1.34498,45
1779849120,1.34498,1.34498,1.34494,1.34497,45
1779849180,1.34498,1.345,1.34495,1.34499,64
1779849240,1.34498,1.34509,1.34497,1.34509,67
1779849300,1.3451,1.34511,1.34504,1.34505,65
1779849360,1.34505,1.34505,1.34491,1.34499,56
1779849420,1.34498,1.34499,1.34489,1.34491,67
1779849480,1.34492,1.34495,1.34491,1.34492,57
1779849540,1.34493,1.34495,1.34488,1.34488,42
1779849600,1.34495,1.34497,1.34491,1.34496,86
1779849660,1.34495,1.34502,1.34495,1.34501,38
1779849720,1.34501,1.34504,1.34498,1.34503,42
1779849780,1.34504,1.34504,1.34492,1.34499,55
1779849840,1.34498,1.345,1.34491,1.34497,47
1779849900,1.34496,1.34505,1.34495,1.34501,54
1779849960,1.34502,1.34503,1.34498,1.345,33
1779850020,1.34501,1.34507,1.34499,1.34503,67
1779850080,1.34506,1.3451,1.34503,1.34509,52
1779850140,1.3451,1.34518,1.34508,1.34518,54
1779850200,1.34517,1.34521,1.34517,1.34518,49
1779850260,1.3452,1.34523,1.34518,1.34522,55
1779850320,1.34523,1.34532,1.34521,1.34531,76
1779850380,1.34533,1.34543,1.34533,1.3454,56
1779850440,1.3454,1.34541,1.34527,1.34531,65
1779850500,1.34531,1.34537,1.34527,1.34534,81
1779850560,1.34535,1.34535,1.34517,1.34525,47
1779850620,1.34525,1.34529,1.34518,1.34521,91
1779850680,1.34526,1.34527,1.34517,1.3452,70
1779850740,1.34521,1.34527,1.34519,1.34526,58
1779850800,1.34526,1.34536,1.34525,1.34531,30
1779850860,1.3453,1.34537,1.34528,1.3453,64
1779850920,1.34528,1.3454,1.34528,1.34537,63
1779850980,1.34538,1.34575,1.34538,1.34568,76
1779851040,1.34567,1.34567,1.34555,1.34562,78
1779851100,1.34562,1.34586,1.34559,1.34578,102
1779851160,1.34577,1.34587,1.34566,1.34569,63
1779851220,1.34569,1.34571,1.34558,1.34565,69
1779851280,1.34566,1.34573,1.34565,1.34565,45
1779851340,1.34565,1.34571,1.34565,1.34571,45
1779851400,1.34571,1.34572,1.34565,1.34566,53
1779851460,1.34562,1.34562,1.34548,1.34549,43
1779851520,1.3455,1.34557,1.34547,1.3455,44
1779851580,1.34549,1.34556,1.34548,1.34556,47
1779851640,1.34555,1.34557,1.34546,1.34553,56
1779851700,1.34553,1.34559,1.34553,1.34556,32
1779851760,1.34556,1.34556,1.34548,1.34549,47
1779851820,1.34549,1.34555,1.34547,1.34555,58
1779851880,1.34556,1.34556,1.34549,1.34549,41
1779851940,1.3455,1.34554,1.34546,1.34551,38
1779852000,1.34549,1.3455,1.34546,1.34546,25
1779852060,1.34546,1.34547,1.34536,1.34537,43
1779852120,1.34537,1.34544,1.34537,1.34542,40
1779852180,1.34544,1.34548,1.34544,1.34546,33
1779852240,1.34546,1.3455,1.34544,1.3455,43
1779852300,1.34552,1.34552,1.34543,1.34544,43
1779852360,1.34546,1.34555,1.34544,1.34555,32
1779852420,1.3455,1.34551,1.34549,1.3455,24
1779852480,1.34549,1.34556,1.34549,1.34551,66
1779852540,1.34549,1.34551,1.34548,1.3455,62
1779852600,1.34551,1.34556,1.3455,1.34555,62
1779852660,1.34554,1.34557,1.34546,1.34548,70
1779852720,1.34549,1.34549,1.34543,1.34547,54
1779852780,1.34546,1.34548,1.3454,1.34546,52
1779852840,1.34547,1.34548,1.34543,1.34544,56
1779852900,1.34541,1.34545,1.34539,1.34541,60
1779852960,1.3454,1.34545,1.3454,1.34543,50
1779853020,1.34542,1.34542,1.34528,1.34528,66
1779853080,1.34529,1.34539,1.34529,1.34538,46
1779853140,1.34537,1.34537,1.34535,1.34537,45
1779853200,1.34537,1.3454,1.34537,1.3454,26
1779853260,1.34538,1.34539,1.34535,1.34538,22
1779853320,1.34538,1.34544,1.34538,1.34543,29
1779853380,1.34543,1.34543,1.34535,1.34539,39
1779853440,1.34539,1.34544,1.34536,1.34544,51
1779853500,1.34545,1.34545,1.34539,1.34543,29
1779853560,1.34544,1.34547,1.34542,1.34544,40
1779853620,1.34544,1.34548,1.34543,1.34546,47
1779853680,1.34546,1.34546,1.34534,1.34537,45
1779853740,1.34538,1.34539,1.34537,1.34538,23
1779853800,1.34537,1.34538,1.34533,1.34535,31
1779853860,1.34534,1.34545,1.34534,1.34544,42
1779853920,1.34544,1.34546,1.34541,1.34542,58
1779853980,1.34543,1.3455,1.34543,1.3455,36
1779854040,1.3455,1.34551,1.34547,1.34548,24
1779854100,1.34549,1.34549,1.34538,1.34545,78
1779854160,1.34544,1.3455,1.34544,1.34547,38
1779854220,1.34548,1.34548,1.34536,1.34547,69
1779854280,1.34547,1.34551,1.34547,1.34547,58
1779854340,1.34548,1.34551,1.34546,1.34548,64
1779854400,1.34547,1.3455,1.34542,1.34547,82
1779854460,1.34546,1.34551,1.34545,1.3455,47
1779854520,1.34549,1.3455,1.34545,1.34545,58
1779854580,1.34546,1.34549,1.34542,1.34544,62
1779854640,1.34542,1.34549,1.34542,1.34547,41
1779854700,1.34545,1.34548,1.34543,1.34548,38
1779854760,1.34548,1.3455,1.34547,1.34549,29
1779854820,1.3455,1.34557,1.34549,1.34553,27
1779854880,1.34554,1.34555,1.34549,1.34549,35
1779854940,1.3455,1.34551,1.34548,1.34551,31
1779855000,1.34551,1.34555,1.34549,1.3455,52
1779855060,1.34549,1.34553,1.34549,1.34552,26
1779855120,1.34552,1.34557,1.34552,1.34556,21
1779855180,1.34556,1.34562,1.34556,1.34557,53
1779855240,1.34557,1.34557,1.34549,1.3455,48
1779855300,1.3455,1.34551,1.34546,1.34548,47
1779855360,1.34549,1.34551,1.34548,1.3455,42
1779855420,1.34549,1.3455,1.34547,1.34548,29
1779855480,1.34547,1.34551,1.34547,1.3455,49
1779855540,1.34548,1.3455,1.34547,1.34547,42
1779855600,1.34546,1.3455,1.34546,1.34548,29
1779855660,1.34549,1.34566,1.34548,1.34561,49
1779855720,1.34562,1.34562,1.34552,1.34552,48
1779855780,1.34552,1.34556,1.34549,1.34554,58
1779855840,1.34555,1.34556,1.34547,1.34548,55
1779855900,1.34548,1.34548,1.34541,1.34546,33
1779855960,1.34544,1.34549,1.3454,1.3454,52
1779856020,1.3454,1.34544,1.34539,1.3454,78
1779856080,1.34541,1.34542,1.34536,1.34536,64
1779856140,1.34535,1.34543,1.34529,1.34529,60
1779856200,1.3453,1.3454,1.34528,1.34535,56
1779856260,1.34534,1.34543,1.34533,1.34533,57
1779856320,1.34534,1.34539,1.34532,1.34538,61
1779856380,1.34537,1.34547,1.34536,1.34547,31
1779856440,1.34546,1.34553,1.34545,1.34549,44
1779856500,1.34547,1.34549,1.34544,1.34548,36
1779856560,1.34549,1.3455,1.34542,1.34545,67
1779856620,1.34544,1.34549,1.34543,1.34546,47
1779856680,1.34546,1.34548,1.34542,1.34544,72
1779856740,1.34545,1.34547,1.34538,1.34547,60
1779856800,1.34545,1.34545,1.34538,1.34539,42
1779856860,1.3454,1.34541,1.34536,1.34538,51
1779856920,1.34537,1.34538,1.34536,1.34537,12
1779856980,1.34537,1.34542,1.34537,1.34542,53
1779857040,1.34542,1.34557,1.3454,1.34557,40
1779857100,1.34558,1.34558,1.34548,1.34551,59
1779857160,1.34553,1.34553,1.34549,1.3455,47
1779857220,1.34551,1.34553,1.34549,1.34553,53
1779857280,1.34552,1.34553,1.34548,1.34549,25
1779857340,1.34548,1.34556,1.34545,1.34552,67
1779857400,1.34551,1.34551,1.34548,1.34548,26
1779857460,1.34549,1.34549,1.34541,1.34545,24
1779857520,1.34544,1.34548,1.34542,1.34547,33
1779857580,1.34546,1.34548,1.34539,1.34548,55
1779857640,1.34549,1.34549,1.34544,1.34546,21
1779857700,1.34548,1.3455,1.34541,1.34542,36
1779857760,1.34542,1.34542,1.34535,1.34539,31
1779857820,1.34538,1.34542,1.34535,1.34538,43
1779857880,1.34537,1.34538,1.34531,1.34537,49
1779857940,1.34536,1.34541,1.34536,1.34541,36
1779858000,1.34539,1.3454,1.34534,1.34539,65
1779858060,1.34538,1.34549,1.34538,1.34546,62
1779858120,1.34547,1.34547,1.3454,1.34541,78
1779858180,1.34542,1.34545,1.34539,1.34542,79
1779858240,1.34543,1.34569,1.34542,1.34568,71
1779858300,1.34567,1.34568,1.34558,1.34561,40
1779858360,1.34562,1.34563,1.34557,1.34558,62
1779858420,1.34557,1.34561,1.34557,1.34559,36
1779858480,1.34557,1.34558,1.34551,1.34558,32
1779858540,1.34557,1.3456,1.34557,1.34559,33
1779858600,1.34558,1.34559,1.34551,1.34559,35
1779858660,1.3456,1.3456,1.34557,1.34558,22
1779858720,1.34557,1.34562,1.34544,1.34546,52
1779858780,1.34547,1.3455,1.34547,1.34547,27
1779858840,1.34547,1.34558,1.34546,1.34557,40
1779858900,1.34557,1.34557,1.34547,1.34548,54
1779858960,1.34548,1.3455,1.34542,1.34547,45
1779859020,1.34548,1.34549,1.34546,1.34548,27
1779859080,1.34548,1.34549,1.34542,1.34543,54
1779859140,1.34542,1.34544,1.3454,1.34541,48
1779859200,1.34543,1.34544,1.34538,1.34543,45
1779859260,1.34542,1.34553,1.3454,1.34552,60
1779859320,1.34552,1.34553,1.34547,1.34549,28
1779859380,1.34548,1.34549,1.34546,1.34549,36
1779859440,1.3455,1.34564,1.3455,1.34563,62
1779859500,1.34562,1.34562,1.34551,1.34552,43
1779859560,1.34553,1.3456,1.34553,1.34558,53
1779859620,1.34558,1.3456,1.34557,1.34559,33
1779859680,1.34558,1.3456,1.34553,1.34556,41
1779859740,1.34557,1.34567,1.34555,1.34561,59
1779859800,1.34561,1.34565,1.34559,1.34559,72
1779859860,1.3456,1.34561,1.34556,1.34556,65
1779859920,1.34556,1.34556,1.34545,1.34548,75
1779859980,1.34549,1.34549,1.3453,1.34539,67
1779860040,1.34538,1.34539,1.3453,1.34532,94
1779860100,1.34532,1.34538,1.34525,1.34536,83
1779860160,1.34537,1.34548,1.34535,1.34547,104
1779860220,1.34548,1.3455,1.3454,1.3454,72
1779860280,1.3454,1.3454,1.34534,1.3454,60
1779860340,1.34539,1.34539,1.34535,1.34535,55
1779860400,1.34535,1.3454,1.34535,1.34538,47
1779860460,1.34537,1.34538,1.34529,1.34536,51
1779860520,1.34537,1.34537,1.34524,1.34527,98
1779860580,1.34528,1.34529,1.34522,1.34527,65
1779860640,1.34527,1.34538,1.34519,1.34537,73
1779860700,1.34536,1.34537,1.34528,1.3453,52
1779860760,1.3453,1.34538,1.34529,1.3453,36
1779860820,1.34531,1.34531,1.34528,1.34528,30
1779860880,1.34529,1.34529,1.34519,1.3452,68
1779860940,1.34521,1.34521,1.3451,1.34517,94
1779861000,1.34517,1.34531,1.34516,1.34528,72
1779861060,1.34528,1.34538,1.34525,1.34538,86
1779861120,1.34538,1.34544,1.34538,1.34542,34
1779861180,1.34542,1.34542,1.34531,1.34531,81
1779861240,1.34532,1.34538,1.3453,1.34531,66
1779861300,1.34532,1.34532,1.3452,1.34529,62
1779861360,1.34529,1.3453,1.34526,1.34527,75
1779861420,1.34527,1.34527,1.34504,1.34509,87
1779861480,1.34509,1.34519,1.34508,1.34509,114
1779861540,1.34509,1.34509,1.34489,1.34496,88
1779861600,1.34493,1.34496,1.34466,1.34478,140
1779861660,1.34477,1.34488,1.34472,1.34475,133
1779861720,1.34475,1.34477,1.34462,1.34466,118
1779861780,1.34465,1.34475,1.34465,1.34471,72
1779861840,1.34468,1.3447,1.34464,1.34468,79
1779861900,1.34468,1.34473,1.34467,1.34471,74
1779861960,1.34472,1.34488,1.3447,1.34487,69
1779862020,1.34486,1.34492,1.34474,1.34487,98
1779862080,1.3449,1.34499,1.34487,1.34492,96
1779862140,1.34491,1.34497,1.34489,1.34493,64
1779862200,1.34495,1.34502,1.34493,1.34499,72
1779862260,1.345,1.345,1.34492,1.34494,56
1779862320,1.34494,1.34495,1.34482,1.34487,70
1779862380,1.34486,1.34491,1.34485,1.34487,59
1779862440,1.34486,1.34487,1.34461,1.34468,76
1779862500,1.34467,1.3448,1.34467,1.34473,66
1779862560,1.34474,1.34479,1.34465,1.34465,108
1779862620,1.34466,1.34476,1.34466,1.34473,93
1779862680,1.34472,1.34477,1.3446,1.34463,95
1779862740,1.34462,1.3447,1.34461,1.34469,75
1779862800,1.3447,1.34479,1.3447,1.3447,88
1779862860,1.34469,1.34469,1.34448,1.34457,107
1779862920,1.34457,1.34462,1.3445,1.34458,115
1779862980,1.34459,1.34477,1.34451,1.34477,96
1779863040,1.34478,1.3448,1.34467,1.34471,77
1779863100,1.34471,1.34471,1.34461,1.34465,106
1779863160,1.34464,1.34466,1.34451,1.34454,67
1779863220,1.34453,1.34459,1.34448,1.34455,85
1779863280,1.34454,1.34472,1.34452,1.34472,84
1779863340,1.34471,1.34475,1.34466,1.34468,99
1779863400,1.34469,1.34471,1.3446,1.34466,109
1779863460,1.34465,1.34465,1.34449,1.34456,103
1779863520,1.34458,1.34459,1.34444,1.34458,118
1779863580,1.34457,1.34468,1.34457,1.34461,76
1779863640,1.34461,1.34467,1.34457,1.34467,100
1779863700,1.34466,1.34472,1.34461,1.34469,104
1779863760,1.34467,1.34477,1.34462,1.34474,73
1779863820,1.34475,1.34488,1.34474,1.34487,60
1779863880,1.34486,1.34492,1.34483,1.34487,90
1779863940,1.34486,1.34497,1.34483,1.34493,106
1779864000,1.34491,1.34502,1.34491,1.34493,108
1779864060,1.34492,1.34499,1.34487,1.34497,93
1779864120,1.34496,1.345,1.34491,1.34497,64
1779864180,1.34498,1.34507,1.34498,1.34506,48
1779864240,1.34502,1.34544,1.34501,1.34542,86
1779864300,1.34543,1.34553,1.34541,1.34542,97
1779864360,1.34541,1.34549,1.34535,1.34539,70
1779864420,1.3454,1.34561,1.34537,1.34558,91
1779864480,1.34558,1.34561,1.34552,1.34552,57
1779864540,1.34551,1.34552,1.34541,1.34549,80
1779864600,1.34548,1.34549,1.34538,1.3454,119
1779864660,1.34539,1.34556,1.34539,1.34549,79
1779864720,1.34548,1.34552,1.34544,1.34544,73
1779864780,1.34546,1.34548,1.34536,1.34536,110
1779864840,1.34537,1.34538,1.34513,1.34518,132
1779864900,1.34518,1.34539,1.34517,1.34535,112
1779864960,1.34533,1.34533,1.34518,1.34521,80
1779865020,1.34522,1.34522,1.34504,1.34511,96
1779865080,1.34513,1.34521,1.34512,1.34512,104
1779865140,1.34511,1.34525,1.3451,1.34523,96
1779865200,1.34528,1.34542,1.34519,1.3454,162
1779865260,1.34539,1.34546,1.34528,1.34543,116
1779865320,1.34542,1.34564,1.34539,1.34557,138
1779865380,1.34556,1.34557,1.34536,1.34537,114
1779865440,1.34536,1.3454,1.34515,1.34524,103
1779865500,1.34526,1.34532,1.34516,1.34531,98
1779865560,1.34531,1.34532,1.34515,1.34522,80
1779865620,1.34521,1.34528,1.34519,1.34527,88
1779865680,1.34526,1.34541,1.34519,1.34519,115
1779865740,1.34518,1.34518,1.34505,1.34511,92
1779865800,1.3451,1.34517,1.34507,1.34509,106
1779865860,1.34509,1.3452,1.34506,1.34519,61
1779865920,1.3452,1.3452,1.34508,1.34508,83
1779865980,1.34507,1.34515,1.34498,1.34498,61
1779866040,1.34498,1.34503,1.34497,1.34501,53
1779866100,1.345,1.345,1.3449,1.34492,66
1779866160,1.34493,1.34502,1.34488,1.34498,94
1779866220,1.34497,1.34498,1.34487,1.34492,77
1779866280,1.34493,1.34507,1.34489,1.34499,82
1779866340,1.34497,1.34498,1.3449,1.34497,74
1779866400,1.34498,1.34499,1.34486,1.34486,81
1779866460,1.34486,1.34489,1.34477,1.34479,103
1779866520,1.34477,1.34478,1.34467,1.34478,75
1779866580,1.34477,1.34478,1.3447,1.34472,77
1779866640,1.34475,1.3449,1.34475,1.34479,85
1779866700,1.34477,1.34478,1.34471,1.34476,72
1779866760,1.34476,1.34479,1.34468,1.3447,97
1779866820,1.3447,1.34482,1.34469,1.34481,81
1779866880,1.34481,1.34491,1.34469,1.34481,117
1779866940,1.34481,1.34486,1.34476,1.34478,84
1779867000,1.34478,1.34479,1.34466,1.34467,79
1779867060,1.34467,1.34487,1.34462,1.34485,76
1779867120,1.34486,1.34486,1.34472,1.34473,86
1779867180,1.34476,1.34487,1.34471,1.34487,86
1779867240,1.34487,1.34487,1.34478,1.3448,92
1779867300,1.3448,1.34481,1.34469,1.34475,94
1779867360,1.34474,1.34487,1.34474,1.34479,70
1779867420,1.3448,1.34487,1.34469,1.34471,80
1779867480,1.34472,1.34478,1.34466,1.34466,94
1779867540,1.34467,1.3449,1.34466,1.34488,67
1779867600,1.34487,1.34488,1.34477,1.34483,76
1779867660,1.34483,1.34487,1.34463,1.3447,89
1779867720,1.34473,1.34475,1.3447,1.34474,76
1779867780,1.34473,1.34485,1.34471,1.34484,69
1779867840,1.34485,1.3449,1.3448,1.34488,84
1779867900,1.34488,1.34488,1.34478,1.34478,71
1779867960,1.34478,1.34483,1.34474,1.34477,75
1779868020,1.34478,1.34479,1.34459,1.34461,79
1779868080,1.3446,1.3446,1.34438,1.3444,87
1779868140,1.34441,1.34441,1.34428,1.3443,122
1779868200,1.34429,1.3443,1.3442,1.34428,99
1779868260,1.34428,1.3444,1.34425,1.3444,104
1779868320,1.34439,1.3444,1.34428,1.34429,99
1779868380,1.3443,1.34447,1.34426,1.34442,115
1779868440,1.34441,1.34449,1.34441,1.34449,75
1779868500,1.34448,1.34449,1.34435,1.34441,100
1779868560,1.34441,1.34441,1.3443,1.34433,97
1779868620,1.34432,1.3444,1.34431,1.34437,118
1779868680,1.34438,1.34443,1.34431,1.34434,72
1779868740,1.34435,1.34435,1.34427,1.3443,85
1779868800,1.34428,1.34431,1.34412,1.34428,157
1779868860,1.34429,1.34456,1.34423,1.3445,137
1779868920,1.34449,1.34475,1.34449,1.34454,117
1779868980,1.34456,1.34458,1.34438,1.3445,68
1779869040,1.34451,1.34459,1.34447,1.34456,77
1779869100,1.34457,1.34463,1.34455,1.34457,110
1779869160,1.34462,1.34465,1.34439,1.34445,107
1779869220,1.34446,1.34448,1.34436,1.3444,78
1779869280,1.34439,1.34457,1.34437,1.34456,101
1779869340,1.34456,1.3446,1.3445,1.34452,84
1779869400,1.34451,1.34465,1.34443,1.34462,116
1779869460,1.34463,1.34472,1.34461,1.34471,87
1779869520,1.34472,1.34483,1.34465,1.34482,107
1779869580,1.34482,1.34509,1.34482,1.34501,103
1779869640,1.345,1.34504,1.34481,1.34482,89
1779869700,1.34481,1.3451,1.34481,1.34507,107
1779869760,1.34508,1.34512,1.34499,1.34507,98
1779869820,1.34509,1.34519,1.34502,1.34502,100
1779869880,1.34502,1.34504,1.34467,1.34469,131
1779869940,1.34468,1.34469,1.34448,1.34448,85
1779870000,1.34449,1.34461,1.34438,1.34441,104
1779870060,1.34441,1.34451,1.3444,1.34448,100
1779870120,1.34449,1.3445,1.34439,1.34447,45
1779870180,1.34449,1.3446,1.34436,1.34447,98
1779870240,1.34448,1.34449,1.3443,1.34436,98
1779870300,1.34436,1.34439,1.34432,1.34437,50
1779870360,1.34438,1.34439,1.34431,1.34435,77
1779870420,1.34434,1.34443,1.34432,1.34442,81
1779870480,1.34447,1.34459,1.34444,1.34458,76
1779870540,1.34459,1.34472,1.34459,1.34471,101
1779870600,1.34471,1.34472,1.34452,1.34454,104
1779870660,1.34454,1.34455,1.34449,1.34449,52
1779870720,1.34449,1.34453,1.34447,1.34452,54
1779870780,1.34453,1.34453,1.34446,1.34446,70
1779870840,1.34441,1.34459,1.34441,1.34459,59
1779870900,1.3446,1.3446,1.3444,1.34443,72
1779870960,1.34441,1.34445,1.34439,1.34441,58
1779871020,1.34448,1.34453,1.3444,1.34441,85
1779871080,1.3444,1.34451,1.3444,1.34445,71
1779871140,1.34446,1.34447,1.34426,1.34436,69
1779871200,1.34437,1.34448,1.34437,1.34447,69
1779871260,1.34448,1.34451,1.34446,1.34449,81
1779871320,1.34448,1.34461,1.34445,1.34458,80
1779871380,1.34459,1.3446,1.34447,1.34451,58
1779871440,1.3445,1.34459,1.34448,1.34457,73
1779871500,1.34458,1.34458,1.3445,1.34457,63
1779871560,1.34458,1.34461,1.34452,1.3446,79
1779871620,1.34467,1.34475,1.34454,1.34455,75
1779871680,1.34454,1.34459,1.3445,1.34451,64
1779871740,1.34452,1.34455,1.3444,1.34442,45
1779871800,1.34442,1.34455,1.34442,1.3445,71
1779871860,1.34449,1.3445,1.34437,1.34441,86
1779871920,1.34441,1.34454,1.3444,1.34442,89
1779871980,1.34443,1.34443,1.34429,1.34437,78
1779872040,1.34438,1.34438,1.34426,1.34426,62
1779872100,1.34427,1.34432,1.34419,1.34431,74
1779872160,1.3443,1.34438,1.34427,1.34431,63
1779872220,1.3443,1.34462,1.34422,1.3446,86
1779872280,1.34461,1.34474,1.34461,1.34471,103
1779872340,1.34471,1.34472,1.34459,1.34465,94
1779872400,1.34463,1.34473,1.34457,1.34459,90
1779872460,1.3446,1.34466,1.34457,1.3446,97
1779872520,1.34461,1.34469,1.3445,1.3445,99
1779872580,1.3445,1.34481,1.3445,1.34481,69
1779872640,1.3448,1.34482,1.34479,1.34481,41
1779872700,1.3448,1.34482,1.34459,1.3446,94
1779872760,1.34461,1.34471,1.34461,1.34469,90
1779872820,1.34472,1.34482,1.34471,1.34482,70
1779872880,1.34481,1.34482,1.34472,1.34482,85
1779872940,1.34483,1.34491,1.3448,1.34491,90
1779873000,1.34492,1.34507,1.34479,1.34506,89
1779873060,1.34507,1.34508,1.345,1.34501,80
1779873120,1.34503,1.34503,1.34482,1.34483,75
1779873180,1.34484,1.34495,1.34481,1.34495,53
1779873240,1.34495,1.34497,1.34482,1.3449,79
1779873300,1.3449,1.34506,1.34489,1.34506,102
1779873360,1.34505,1.34507,1.34496,1.34501,66
1779873420,1.34501,1.34512,1.34498,1.34512,65
1779873480,1.34511,1.34511,1.34495,1.34508,84
1779873540,1.34509,1.34509,1.34497,1.34508,82
1779873600,1.34507,1.34517,1.34498,1.34512,70
1779873660,1.34516,1.3452,1.34508,1.34517,96
1779873720,1.34515,1.34518,1.34506,1.34506,81
1779873780,1.34506,1.34507,1.34487,1.34488,105
1779873840,1.34488,1.34496,1.34488,1.34489,70
1779873900,1.34489,1.3449,1.34477,1.34485,71
1779873960,1.34486,1.34488,1.34478,1.34482,55
1779874020,1.34482,1.34484,1.34476,1.34478,53
1779874080,1.34477,1.34488,1.34474,1.34487,47
1779874140,1.34488,1.34502,1.34486,1.345,70
1779874200,1.34498,1.34498,1.34488,1.34489,63
1779874260,1.3449,1.34498,1.34489,1.34491,80
1779874320,1.34491,1.345,1.34487,1.34487,78
1779874380,1.34488,1.34499,1.34485,1.34499,60
1779874440,1.34498,1.345,1.34489,1.34491,62
1779874500,1.34492,1.34494,1.3448,1.3449,64
1779874560,1.3449,1.34491,1.34486,1.3449,59
1779874620,1.3449,1.34492,1.34477,1.34478,43
1779874680,1.34477,1.34478,1.34472,1.34477,56
1779874740,1.34477,1.34482,1.34475,1.34476,50
1779874800,1.34477,1.34478,1.34476,1.34477,61
1779874860,1.34477,1.34477,1.34466,1.34476,64
1779874920,1.34475,1.34477,1.34468,1.34468,43
1779874980,1.34468,1.34472,1.34467,1.3447,55
1779875040,1.3447,1.34472,1.34461,1.34461,39
1779875100,1.34461,1.34468,1.34451,1.34452,61
1779875160,1.34452,1.34466,1.34452,1.34461,60
1779875220,1.34459,1.34459,1.34452,1.34452,65
1779875280,1.34451,1.3446,1.34451,1.34458,37
1779875340,1.34458,1.34469,1.34458,1.34463,61
1779875400,1.34464,1.3448,1.34464,1.3448,86
1779875460,1.34481,1.34484,1.34479,1.34483,38
1779875520,1.34482,1.34489,1.34478,1.34478,58
1779875580,1.34477,1.3449,1.34475,1.34488,60
1779875640,1.34487,1.34497,1.34487,1.34497,97
1779875700,1.34498,1.34519,1.34498,1.34518,82
1779875760,1.34518,1.34522,1.34509,1.3451,105
1779875820,1.34509,1.3451,1.34489,1.34489,97
1779875880,1.34487,1.34488,1.3448,1.34484,75
1779875940,1.34485,1.34485,1.34451,1.34454,123
1779876000,1.34452,1.34455,1.34446,1.34452,93
1779876060,1.34451,1.34452,1.34439,1.34443,113
1779876120,1.34442,1.34444,1.34434,1.34434,77
1779876180,1.34433,1.34443,1.34428,1.34434,82
1779876240,1.34436,1.34449,1.34435,1.34446,106
1779876300,1.34445,1.34451,1.34441,1.34449,83
1779876360,1.3445,1.34453,1.34447,1.3445,51
1779876420,1.34451,1.34456,1.34449,1.34453,83
1779876480,1.34457,1.34462,1.34456,1.34457,74
1779876540,1.34457,1.34459,1.34449,1.34453,83
1779876600,1.34452,1.34453,1.34428,1.3443,55
1779876660,1.34431,1.34444,1.34431,1.3444,83
1779876720,1.34441,1.34451,1.3444,1.34449,62
1779876780,1.34448,1.34448,1.3444,1.34442,86
1779876840,1.34443,1.34443,1.34429,1.34432,61
1779876900,1.3443,1.34432,1.34421,1.34426,83
1779876960,1.34427,1.34428,1.34409,1.34412,77
1779877020,1.34413,1.34418,1.34408,1.34414,78
1779877080,1.34415,1.34415,1.34396,1.34397,92
1779877140,1.34399,1.34406,1.34392,1.34393,77
1779877200,1.34391,1.34402,1.34388,1.34398,79
1779877260,1.34399,1.344,1.3438,1.3438,90
1779877320,1.3438,1.34389,1.34379,1.34379,88
1779877380,1.34381,1.34383,1.34373,1.34373,72
1779877440,1.34372,1.34387,1.34372,1.34387,84
1779877500,1.34386,1.34391,1.34378,1.34391,55
1779877560,1.3439,1.34393,1.34385,1.3439,69
1779877620,1.34388,1.34397,1.3438,1.34392,73
1779877680,1.34393,1.34396,1.34371,1.34372,85
1779877740,1.34367,1.34373,1.3436,1.34373,94
1779877800,1.34371,1.34373,1.34362,1.34369,123
1779877860,1.3437,1.34388,1.34369,1.34383,112
1779877920,1.34385,1.34393,1.34382,1.34393,76
1779877980,1.34392,1.344,1.34387,1.34389,69
1779878040,1.3439,1.34403,1.3439,1.34398,112
1779878100,1.34399,1.34402,1.34391,1.34394,85
1779878160,1.34395,1.34401,1.34395,1.34399,71
1779878220,1.34399,1.34402,1.34397,1.34402,63
1779878280,1.34403,1.3441,1.34401,1.34409,59
1779878340,1.34409,1.34409,1.34375,1.34382,118
1779878400,1.3438,1.34391,1.34376,1.34386,94
1779878460,1.34388,1.344,1.34387,1.34389,74
1779878520,1.34388,1.34407,1.34387,1.34407,61
1779878580,1.34407,1.34411,1.34406,1.34411,64
1779878640,1.3441,1.34411,1.34393,1.34411,108
1779878700,1.34413,1.34421,1.3441,1.34418,73
1779878760,1.34417,1.34417,1.34387,1.34396,136
1779878820,1.34395,1.34398,1.34389,1.3439,65
1779878880,1.34391,1.34405,1.3439,1.34399,91
1779878940,1.344,1.34413,1.34399,1.34411,69
1779879000,1.34413,1.34413,1.34406,1.34411,68
1779879060,1.3441,1.34414,1.34399,1.34399,65
1779879120,1.344,1.34401,1.34391,1.344,60
1779879180,1.344,1.344,1.34393,1.344,63
1779879240,1.344,1.34409,1.344,1.34409,98
1779879300,1.3441,1.34413,1.34396,1.34399,88
1779879360,1.34397,1.34401,1.34389,1.34399,105
1779879420,1.344,1.34412,1.34399,1.34409,83
1779879480,1.34408,1.34413,1.34407,1.34411,62
1779879540,1.34409,1.34419,1.34406,1.34409,88
1779879600,1.3441,1.34427,1.34406,1.34406,81
1779879660,1.34407,1.3441,1.34406,1.3441,64
1779879720,1.34411,1.3442,1.34401,1.34401,109
1779879780,1.34403,1.34405,1.34396,1.34397,96
1779879840,1.34398,1.34402,1.34389,1.34397,87
1779879900,1.34398,1.34398,1.34385,1.34387,92
1779879960,1.34389,1.34389,1.34361,1.34361,94
1779880020,1.3436,1.34364,1.34357,1.34361,108
1779880080,1.34363,1.34369,1.34351,1.34369,95
1779880140,1.34368,1.3437,1.34365,1.34368,70
1779880200,1.34368,1.34368,1.34354,1.34357,88
1779880260,1.34355,1.34358,1.34342,1.34358,79
1779880320,1.34359,1.34388,1.34358,1.34388,96
1779880380,1.34387,1.34392,1.34387,1.3439,76
1779880440,1.34389,1.344,1.34385,1.344,85
1779880500,1.34399,1.34414,1.34399,1.3441,80
1779880560,1.3441,1.34417,1.34392,1.34408,74
1779880620,1.34406,1.34411,1.34405,1.34411,56
1779880680,1.34408,1.3441,1.34398,1.34398,70
1779880740,1.34397,1.34399,1.34379,1.34381,76
1779880800,1.34381,1.34382,1.3437,1.34376,91
1779880860,1.34376,1.34382,1.3436,1.3436,81
1779880920,1.3436,1.34375,1.34359,1.34374,84
1779880980,1.34371,1.34379,1.34355,1.34369,109
1779881040,1.3437,1.34383,1.34367,1.34381,84
1779881100,1.3438,1.34381,1.34371,1.34378,89
1779881160,1.34379,1.34379,1.34359,1.34365,114
1779881220,1.34364,1.34366,1.34358,1.34365,80
1779881280,1.34364,1.34364,1.34356,1.34359,64
1779881340,1.34359,1.34362,1.34358,1.34359,75
1779881400,1.34358,1.34359,1.34347,1.34358,113
1779881460,1.34357,1.34371,1.34356,1.34362,125
1779881520,1.34365,1.34372,1.34361,1.34363,84
1779881580,1.34363,1.34363,1.34347,1.34358,73
1779881640,1.34358,1.34359,1.34348,1.34355,70
1779881700,1.34356,1.34379,1.34353,1.34379,104
1779881760,1.34379,1.34379,1.34368,1.34371,84
1779881820,1.34371,1.34382,1.34368,1.34375,115
1779881880,1.34376,1.34386,1.34366,1.34366,110
1779881940,1.34365,1.34366,1.34358,1.34364,82
1779882000,1.34365,1.34366,1.34355,1.34358,92
1779882060,1.34358,1.34365,1.34357,1.34365,80
1779882120,1.34364,1.34365,1.34355,1.34361,72
1779882180,1.34361,1.34378,1.3436,1.34376,75
1779882240,1.34377,1.34387,1.34377,1.34381,83
1779882300,1.34385,1.34386,1.34381,1.34386,96
1779882360,1.34385,1.34386,1.34378,1.34382,122
1779882420,1.34382,1.34384,1.34368,1.34369,77
1779882480,1.34369,1.3437,1.34356,1.34361,105
1779882540,1.34361,1.34371,1.34361,1.34368,74
1779882600,1.34365,1.34371,1.34359,1.34363,102
1779882660,1.34364,1.34364,1.34351,1.34356,81
1779882720,1.34357,1.3436,1.34345,1.34346,76
1779882780,1.34347,1.34348,1.34338,1.34346,83
1779882840,1.34346,1.34349,1.34326,1.34326,93
1779882900,1.34327,1.34327,1.34303,1.34305,127
1779882960,1.34304,1.34319,1.34304,1.34316,101
1779883020,1.34316,1.34329,1.34316,1.34326,99
1779883080,1.34327,1.3434,1.34325,1.34334,98
1779883140,1.34335,1.34346,1.34329,1.34346,107
1779883200,1.34347,1.34354,1.34332,1.34336,150
1779883260,1.34336,1.34347,1.34334,1.34347,141
1779883320,1.34347,1.34358,1.34345,1.34348,134
1779883380,1.3434,1.34341,1.34328,1.3434,110
1779883440,1.34341,1.34343,1.34336,1.34338,84
1779883500,1.34339,1.34348,1.34337,1.34344,131
1779883560,1.34343,1.34358,1.34339,1.34357,94
1779883620,1.34356,1.34359,1.34348,1.34348,75
1779883680,1.34348,1.34357,1.34346,1.34352,87
1779883740,1.34355,1.34358,1.34345,1.34355,113
1779883800,1.34353,1.34358,1.34345,1.34348,96
1779883860,1.34347,1.34353,1.34342,1.34343,107
1779883920,1.34342,1.34343,1.34315,1.34325,116
1779883980,1.34326,1.34334,1.34322,1.34326,100
1779884040,1.34327,1.3434,1.34317,1.34338,125
1779884100,1.34339,1.3434,1.34318,1.3432,137
1779884160,1.34321,1.34333,1.3432,1.34326,110
1779884220,1.34327,1.34331,1.34321,1.34329,91
1779884280,1.3433,1.34445,1.34325,1.34392,242
1779884340,1.34398,1.34443,1.34377,1.3438,247
1779884400,1.34378,1.3443,1.34373,1.3443,196
1779884460,1.3443,1.34497,1.3442,1.34497,237
1779884520,1.34502,1.34559,1.34502,1.34532,274
1779884580,1.34533,1.34566,1.3447,1.34483,243
1779884640,1.34487,1.34491,1.34448,1.3445,221
1779884700,1.34458,1.34529,1.34454,1.34529,217
1779884760,1.34529,1.34551,1.34519,1.3452,205
1779884820,1.34519,1.34531,1.34488,1.34506,204
1779884880,1.34507,1.34521,1.34488,1.34521,190
1779884940,1.34518,1.34537,1.3451,1.34531,183
1779885000,1.34537,1.3456,1.34534,1.34542,217
1779885060,1.34541,1.34556,1.3452,1.34521,191
1779885120,1.3452,1.3453,1.34509,1.34518,180
1779885180,1.34516,1.34525,1.34509,1.34525,179
1779885240,1.34526,1.34526,1.34498,1.3451,174
1779885300,1.34511,1.34516,1.34493,1.34496,153
1779885360,1.34495,1.34551,1.34495,1.34548,222
1779885420,1.34549,1.34549,1.34508,1.3451,216
1779885480,1.3451,1.3453,1.34506,1.3453,158
1779885540,1.34531,1.34536,1.34517,1.34532,159
1779885600,1.34531,1.34539,1.34515,1.34517,150
1779885660,1.34515,1.34523,1.34508,1.34521,161
1779885720,1.34521,1.34521,1.34485,1.34485,153
1779885780,1.34486,1.34522,1.34486,1.34519,146
1779885840,1.34518,1.34528,1.34488,1.34489,160
1779885900,1.34489,1.34492,1.34474,1.34478,163
1779885960,1.3448,1.3448,1.34455,1.34458,145
1779886020,1.34459,1.34467,1.34455,1.3446,128
1779886080,1.34459,1.3446,1.34438,1.34454,159
1779886140,1.34453,1.34471,1.34448,1.34467,165
1779886200,1.34468,1.34468,1.34451,1.34461,151
1779886260,1.3446,1.34476,1.34458,1.34472,137
1779886320,1.34473,1.34481,1.34463,1.34479,128
1779886380,1.34471,1.34473,1.34461,1.34469,140
1779886440,1.34469,1.34481,1.34463,1.34478,138
1779886500,1.34476,1.34483,1.34466,1.34471,128
1779886560,1.3447,1.34476,1.34452,1.34455,135
1779886620,1.34454,1.34457,1.34438,1.34443,153
1779886680,1.34447,1.34447,1.34424,1.34425,123
1779886740,1.34424,1.34425,1.34388,1.34401,182
1779886800,1.34395,1.34431,1.34395,1.34428,174
1779886860,1.34426,1.34434,1.34412,1.34412,154
1779886920,1.34413,1.34481,1.34413,1.34477,175
1779886980,1.34477,1.34482,1.34461,1.34469,143
1779887040,1.34471,1.34473,1.34456,1.34461,150
1779887100,1.34462,1.34479,1.3446,1.34463,142
1779887160,1.34462,1.34462,1.34437,1.34437,133
1779887220,1.34434,1.34446,1.3442,1.34443,159
1779887280,1.34442,1.34452,1.34432,1.34447,132
1779887340,1.34448,1.34453,1.34431,1.34437,151
1779887400,1.34439,1.34462,1.34438,1.34461,146
1779887460,1.3446,1.34464,1.34442,1.34461,147
1779887520,1.3446,1.34461,1.3445,1.34458,109
1779887580,1.34457,1.34464,1.34448,1.34464,91
1779887640,1.34465,1.34467,1.34453,1.34455,112
1779887700,1.34454,1.34461,1.3445,1.34459,111
1779887760,1.34457,1.34471,1.34439,1.34471,152
1779887820,1.34471,1.34471,1.34462,1.34471,129
1779887880,1.34472,1.34479,1.34462,1.34473,138
1779887940,1.34478,1.34478,1.34451,1.34453,120
1779888000,1.34452,1.34452,1.34427,1.34429,122
1779888060,1.34428,1.34442,1.34425,1.34428,145
1779888120,1.34429,1.34432,1.34412,1.34422,137
1779888180,1.34424,1.34439,1.34421,1.34431,112
1779888240,1.34431,1.34447,1.3443,1.34442,100
1779888300,1.34443,1.34462,1.34442,1.3445,119
1779888360,1.34443,1.34472,1.34442,1.34472,150
1779888420,1.3447,1.34471,1.34437,1.34442,151
1779888480,1.34437,1.34449,1.34421,1.34421,148
1779888540,1.34426,1.34442,1.34419,1.34441,125
1779888600,1.34433,1.34449,1.34427,1.34433,191
1779888660,1.34432,1.34457,1.34432,1.34456,185
1779888720,1.34452,1.34471,1.34448,1.34464,160
1779888780,1.34462,1.34487,1.34462,1.34476,159
1779888840,1.34476,1.34481,1.34472,1.3448,139
1779888900,1.3448,1.34489,1.34471,1.34479,192
1779888960,1.34481,1.34481,1.3444,1.3444,143
1779889020,1.34439,1.34454,1.34436,1.34447,196
1779889080,1.34448,1.34449,1.34416,1.34428,169
1779889140,1.34426,1.34433,1.3442,1.34428,153
1779889200,1.34427,1.34458,1.34426,1.3445,151
1779889260,1.3445,1.34461,1.34445,1.34461,156
1779889320,1.34458,1.3446,1.34434,1.34437,167
1779889380,1.34436,1.34447,1.34434,1.34436,147
1779889440,1.34437,1.34442,1.34424,1.34436,137
1779889500,1.34435,1.3447,1.34427,1.3447,166
1779889560,1.34474,1.34474,1.34445,1.34456,169
1779889620,1.34455,1.34466,1.34431,1.34436,146
1779889680,1.34436,1.34453,1.34436,1.34453,144
1779889740,1.34448,1.34448,1.34435,1.34447,143
1779889800,1.34448,1.34461,1.34437,1.34458,146
1779889860,1.34459,1.34478,1.34449,1.34454,150
1779889920,1.34454,1.34454,1.34427,1.34446,152
1779889980,1.34447,1.34447,1.34433,1.34436,167
1779890040,1.34432,1.34438,1.34413,1.34427,198
1779890100,1.34427,1.34439,1.34416,1.34417,152
1779890160,1.34418,1.34424,1.34411,1.3442,164
1779890220,1.34416,1.34428,1.34411,1.34428,121
1779890280,1.34427,1.3444,1.34421,1.34436,125
1779890340,1.34435,1.34471,1.34435,1.34468,174
1779890400,1.34477,1.34491,1.34462,1.3447,179
1779890460,1.3447,1.34475,1.34466,1.34472,128
1779890520,1.34471,1.34484,1.34453,1.34456,158
1779890580,1.34459,1.34462,1.34428,1.34437,151
1779890640,1.34437,1.34458,1.34427,1.34458,144
1779890700,1.34458,1.34476,1.34453,1.34468,142
1779890760,1.34467,1.34471,1.34457,1.34467,152
1779890820,1.34468,1.34482,1.34432,1.34438,166
1779890880,1.34437,1.34451,1.34436,1.34447,134
1779890940,1.34448,1.3446,1.34446,1.34458,126
1779891000,1.34461,1.34467,1.34449,1.34465,152
1779891060,1.34467,1.34477,1.34459,1.34469,126
1779891120,1.3447,1.34501,1.3447,1.345,145
1779891180,1.345,1.34513,1.3449,1.34504,157
1779891240,1.34504,1.34522,1.34498,1.3452,161
1779891300,1.34521,1.34523,1.34497,1.34498,164
1779891360,1.34503,1.3452,1.34497,1.3452,166
1779891420,1.34519,1.34532,1.34517,1.34527,167
1779891480,1.34528,1.34552,1.34524,1.34549,158
1779891540,1.34548,1.34568,1.34537,1.34567,170
1779891600,1.34566,1.3458,1.34527,1.34546,222
1779891660,1.34547,1.34565,1.34546,1.34552,121
1779891720,1.34552,1.34558,1.34515,1.34529,161
1779891780,1.3453,1.34532,1.34511,1.34511,183
1779891840,1.3451,1.34512,1.34453,1.34459,186
1779891900,1.34462,1.34491,1.34459,1.34478,177
1779891960,1.34477,1.34501,1.34476,1.34498,175
1779892020,1.34498,1.34507,1.34479,1.3448,167
1779892080,1.34479,1.34488,1.34477,1.34483,154
1779892140,1.34482,1.34493,1.34479,1.34488,162
1779892200,1.34485,1.34501,1.34481,1.34486,150
1779892260,1.34489,1.34509,1.34488,1.34499,123
1779892320,1.345,1.34539,1.34481,1.34484,191
1779892380,1.34481,1.3451,1.34398,1.34432,256
1779892440,1.3443,1.34466,1.34421,1.34459,214
1779892500,1.3446,1.34468,1.34447,1.34464,177
1779892560,1.3446,1.34489,1.3446,1.34488,143
1779892620,1.34488,1.34499,1.34479,1.34488,160
1779892680,1.34488,1.34515,1.34488,1.345,157
1779892740,1.345,1.34512,1.34491,1.34512,126
1779892800,1.34511,1.34532,1.34499,1.34517,159
1779892860,1.34513,1.34516,1.34498,1.3451,148
1779892920,1.3451,1.34511,1.34482,1.34498,163
1779892980,1.34499,1.34514,1.34498,1.34509,132
1779893040,1.3451,1.34512,1.34497,1.3451,150
1779893100,1.34511,1.3452,1.34498,1.34519,151
1779893160,1.3452,1.34533,1.34511,1.34522,174
1779893220,1.34521,1.34521,1.34488,1.34489,193
1779893280,1.34488,1.34489,1.34448,1.34469,183
1779893340,1.34469,1.34475,1.3444,1.3444,161
1779893400,1.34437,1.34447,1.34397,1.34401,194
1779893460,1.34403,1.34418,1.34398,1.34404,189
1779893520,1.34404,1.34408,1.3436,1.3436,161
1779893580,1.34359,1.34377,1.34319,1.34325,190
1779893640,1.34334,1.34337,1.34268,1.34293,221
1779893700,1.34289,1.34289,1.34233,1.34244,227
1779893760,1.34243,1.34291,1.34226,1.34257,235
1779893820,1.34256,1.34257,1.34175,1.34198,239
1779893880,1.342,1.34228,1.3419,1.34207,233
1779893940,1.34203,1.34204,1.34174,1.34189,193
1779894000,1.34189,1.34189,1.34163,1.34166,204
1779894060,1.34167,1.34201,1.34164,1.34201,228
1779894120,1.342,1.34228,1.342,1.34228,210
1779894180,1.34228,1.34268,1.34223,1.34261,163
1779894240,1.34259,1.3427,1.34231,1.34241,203
1779894300,1.34241,1.34272,1.34241,1.34251,164
1779894360,1.34251,1.34281,1.34251,1.34267,152
1779894420,1.34268,1.34294,1.34266,1.34286,161
1779894480,1.34286,1.34291,1.34269,1.34281,156
1779894540,1.3428,1.34291,1.34276,1.34281,142
1779894600,1.34277,1.34277,1.34257,1.34262,156
1779894660,1.34262,1.3428,1.34252,1.34271,137
1779894720,1.34274,1.34292,1.34274,1.34288,125
1779894780,1.34289,1.34296,1.34282,1.34287,122
1779894840,1.3429,1.34301,1.34288,1.34299,113
1779894900,1.34299,1.34299,1.34285,1.34286,111
1779894960,1.34287,1.34291,1.34278,1.3428,93
1779895020,1.34281,1.34282,1.34268,1.34268,110
1779895080,1.34269,1.34279,1.34263,1.3427,119
1779895140,1.3427,1.3427,1.34257,1.34262,119
1779895200,1.34261,1.34284,1.3426,1.34268,121
1779895260,1.34269,1.34271,1.34247,1.34254,140
1779895320,1.34254,1.34261,1.3425,1.34251,146
1779895380,1.34252,1.34259,1.34248,1.3425,125
1779895440,1.34249,1.3426,1.34232,1.34256,154
1779895500,1.34253,1.34264,1.34251,1.34252,105
1779895560,1.34253,1.34267,1.34252,1.34265,92
1779895620,1.34265,1.34289,1.34265,1.34271,122
1779895680,1.34271,1.34279,1.34269,1.34275,125
1779895740,1.34277,1.34282,1.34277,1.3428,96
1779895800,1.34279,1.34285,1.34259,1.34281,150
1779895860,1.34281,1.34306,1.34277,1.34287,173
1779895920,1.34286,1.343,1.3428,1.34297,137
1779895980,1.34297,1.34317,1.34292,1.34314,142
1779896040,1.34314,1.34316,1.34299,1.3431,167
1779896100,1.34305,1.3431,1.3429,1.34291,115
1779896160,1.34291,1.34311,1.34279,1.34309,147
1779896220,1.3431,1.34311,1.34291,1.34311,104
1779896280,1.3431,1.34312,1.3429,1.34292,123
1779896340,1.34291,1.34294,1.34286,1.34289,96
1779896400,1.34291,1.34303,1.34287,1.343,134
1779896460,1.34301,1.34306,1.3429,1.34291,119
1779896520,1.34292,1.343,1.34268,1.34277,121
1779896580,1.3428,1.34291,1.34263,1.34264,153
1779896640,1.34261,1.34273,1.34243,1.34251,164
1779896700,1.34252,1.34288,1.3425,1.34268,204
1779896760,1.34268,1.34273,1.3426,1.34262,135
1779896820,1.34259,1.34261,1.34229,1.34229,140
1779896880,1.34228,1.34239,1.34222,1.34229,123
1779896940,1.34227,1.34233,1.34224,1.34227,122
1779897000,1.34228,1.3425,1.34226,1.3425,141
1779897060,1.34249,1.34249,1.34238,1.34239,118
1779897120,1.34239,1.34243,1.34235,1.3424,99
1779897180,1.3424,1.34253,1.34239,1.34241,115
1779897240,1.3424,1.34241,1.34221,1.34241,135
1779897300,1.3424,1.34252,1.34237,1.34251,118
1779897360,1.34251,1.34271,1.34251,1.3427,111
1779897420,1.34269,1.34281,1.34267,1.34279,122
1779897480,1.34278,1.34279,1.34271,1.34277,118
1779897540,1.34277,1.34292,1.34271,1.34292,83
1779897600,1.34291,1.34292,1.3426,1.34262,115
1779897660,1.34268,1.34272,1.34249,1.34249,148
1779897720,1.34249,1.3426,1.34247,1.34259,139
1779897780,1.3426,1.34269,1.34213,1.34219,143
1779897840,1.34218,1.34235,1.34205,1.34229,185
1779897900,1.34229,1.34248,1.34228,1.34234,145
1779897960,1.34235,1.34245,1.34231,1.34243,130
1779898020,1.34242,1.3425,1.34233,1.34236,120
1779898080,1.34234,1.3424,1.34219,1.34239,134
1779898140,1.34241,1.34247,1.34236,1.34244,109
1779898200,1.34243,1.34253,1.3424,1.34251,115
1779898260,1.34252,1.3427,1.3425,1.34263,100
1779898320,1.34263,1.3427,1.34253,1.34266,129
1779898380,1.34264,1.34265,1.34254,1.34258,104
1779898440,1.34255,1.34263,1.34255,1.34257,108
1779898500,1.34259,1.34279,1.34259,1.34278,90
1779898560,1.34278,1.3428,1.3427,1.34276,102
1779898620,1.34276,1.34282,1.34275,1.34278,72
1779898680,1.34277,1.34292,1.34277,1.34292,100
1779898740,1.34296,1.34296,1.34289,1.34294,103
1779898800,1.34295,1.34312,1.34294,1.34309,95
1779898860,1.34307,1.34312,1.34303,1.34309,78
1779898920,1.3431,1.34319,1.34307,1.34307,122
1779898980,1.34307,1.34309,1.34298,1.34308,81
1779899040,1.34309,1.34309,1.3427,1.34272,76
1779899100,1.34273,1.3428,1.34272,1.34278,73
1779899160,1.3428,1.34289,1.34277,1.34288,67
1779899220,1.34289,1.34303,1.34283,1.34301,89
1779899280,1.34301,1.34301,1.34289,1.34291,56
1779899340,1.34292,1.34298,1.34285,1.3429,118
1779899400,1.34289,1.34295,1.34277,1.34277,97
1779899460,1.34273,1.34281,1.34272,1.3428,88
1779899520,1.3428,1.34292,1.34279,1.34281,96
1779899580,1.34281,1.34284,1.34275,1.34275,80
1779899640,1.34273,1.34281,1.34273,1.3428,96
1779899700,1.3428,1.34282,1.3428,1.3428,64
1779899760,1.34281,1.34292,1.34272,1.34278,95
1779899820,1.34277,1.34282,1.34275,1.34281,76
1779899880,1.34282,1.34286,1.34276,1.34278,95
1779899940,1.34278,1.34288,1.34278,1.34285,86
1779900000,1.34285,1.34291,1.34285,1.34291,66
1779900060,1.34292,1.34298,1.34284,1.34286,87
1779900120,1.34286,1.34287,1.34275,1.34278,82
1779900180,1.34279,1.34286,1.34278,1.34283,83
1779900240,1.34283,1.34283,1.34275,1.34276,56
1779900300,1.34276,1.34288,1.34276,1.34286,80
1779900360,1.34287,1.34293,1.34277,1.34291,72
1779900420,1.34291,1.34296,1.3429,1.34296,55
1779900480,1.34297,1.34298,1.34286,1.34292,109
1779900540,1.34292,1.34295,1.3429,1.34293,60
1779900600,1.34294,1.34296,1.34289,1.3429,72
1779900660,1.34291,1.34301,1.3429,1.343,45
1779900720,1.34301,1.34302,1.34299,1.343,57
1779900780,1.34301,1.34311,1.34297,1.34311,96
1779900840,1.34312,1.34317,1.34305,1.34306,83
1779900900,1.34298,1.34298,1.3429,1.34296,89
1779900960,1.34297,1.34307,1.34295,1.34302,108
1779901020,1.34304,1.34309,1.343,1.34305,91
1779901080,1.34306,1.34313,1.34303,1.34311,87
1779901140,1.34312,1.34316,1.34307,1.34308,75
1779901200,1.34311,1.34318,1.34306,1.34311,101
1779901260,1.34312,1.34319,1.34286,1.34289,108
1779901320,1.34288,1.34293,1.34282,1.34287,119
1779901380,1.34288,1.34297,1.34274,1.34286,124
1779901440,1.34287,1.34288,1.3428,1.34285,110
1779901500,1.34286,1.34299,1.34285,1.34299,97
1779901560,1.34298,1.34298,1.34277,1.3428,111
1779901620,1.34279,1.34281,1.34248,1.34248,123
1779901680,1.34248,1.34248,1.34208,1.34208,186
1779901740,1.34209,1.34229,1.34207,1.3421,158
1779901800,1.34212,1.34229,1.34211,1.3422,141
1779901860,1.34221,1.34222,1.34202,1.34203,120
1779901920,1.34204,1.34208,1.34198,1.34199,127
1779901980,1.342,1.34201,1.34188,1.34199,125
1779902040,1.342,1.34206,1.34197,1.342,130
1779902100,1.342,1.34209,1.34194,1.34205,120
1779902160,1.34203,1.34217,1.34201,1.3421,107
1779902220,1.34212,1.34226,1.3421,1.34221,102
1779902280,1.3422,1.34225,1.34205,1.34212,129
1779902340,1.34212,1.34217,1.34206,1.34208,76
1779902400,1.34207,1.34216,1.34202,1.34213,88
1779902460,1.34214,1.34216,1.34197,1.34197,90
1779902520,1.34198,1.34207,1.34191,1.34194,123
1779902580,1.34194,1.34204,1.34191,1.34195,83
1779902640,1.34197,1.34197,1.34189,1.34193,63
1779902700,1.34192,1.34198,1.34175,1.34183,86
1779902760,1.34184,1.34189,1.34182,1.34188,51
1779902820,1.34193,1.34198,1.34186,1.34186,70
1779902880,1.34187,1.3419,1.34186,1.34189,49
1779902940,1.3419,1.34208,1.34187,1.34187,96
1779903000,1.34188,1.34189,1.34183,1.34185,63
1779903060,1.34186,1.34198,1.34186,1.34197,79
1779903120,1.34196,1.34199,1.34192,1.34197,62
1779903180,1.342,1.34202,1.34176,1.34176,65
1779903240,1.34175,1.34185,1.34175,1.34183,63
1779903300,1.34183,1.3419,1.34173,1.3419,80
1779903360,1.34191,1.34207,1.3419,1.34207,120
1779903420,1.34207,1.34213,1.34201,1.34201,82
1779903480,1.34202,1.3421,1.34199,1.34209,89
1779903540,1.34208,1.34208,1.34196,1.34196,72
1779903600,1.34197,1.34197,1.34184,1.34188,72
1779903660,1.34189,1.34209,1.34187,1.34208,85
1779903720,1.34209,1.34209,1.342,1.34207,46
1779903780,1.34208,1.3421,1.34205,1.34208,39
1779903840,1.34209,1.34209,1.34202,1.34206,46
1779903900,1.34206,1.34221,1.34205,1.34219,58
1779903960,1.3422,1.3423,1.34219,1.34229,71
1779904020,1.3423,1.3423,1.34213,1.34213,82
1779904080,1.34215,1.34229,1.34215,1.3422,59
1779904140,1.34222,1.3424,1.34221,1.3424,57
1779904200,1.34239,1.34256,1.34238,1.34256,78
1779904260,1.34252,1.34263,1.34248,1.34262,63
1779904320,1.34263,1.34269,1.34257,1.34262,80
1779904380,1.34261,1.34263,1.34249,1.34258,76
1779904440,1.34259,1.34262,1.34251,1.34252,46
1779904500,1.34253,1.34274,1.34252,1.34273,107
1779904560,1.34272,1.3428,1.3427,1.34273,109
1779904620,1.34273,1.34281,1.34272,1.34281,97
1779904680,1.3428,1.34285,1.3428,1.34283,95
1779904740,1.34285,1.34285,1.34262,1.34267,105
1779904800,1.34264,1.34273,1.34256,1.3426,128
1779904860,1.34259,1.34264,1.34256,1.34257,112
1779904920,1.34252,1.34258,1.34236,1.34237,89
1779904980,1.34238,1.34245,1.34235,1.34244,108
1779905040,1.34245,1.34246,1.34239,1.34242,75
1779905100,1.34243,1.34247,1.34241,1.34245,73
1779905160,1.34244,1.34249,1.34238,1.34245,79
1779905220,1.34246,1.34248,1.34238,1.34239,72
1779905280,1.3424,1.34242,1.3423,1.34238,85
1779905340,1.34237,1.34238,1.34234,1.34235,70
1779905400,1.34234,1.34241,1.34232,1.34241,56
1779905460,1.3424,1.34243,1.3423,1.34232,71
1779905520,1.34231,1.34232,1.34221,1.34231,56
1779905580,1.34231,1.34231,1.34222,1.34224,84
1779905640,1.34228,1.34232,1.34227,1.34232,77
1779905700,1.34232,1.34237,1.34225,1.34234,101
1779905760,1.34235,1.34242,1.34235,1.34238,76
1779905820,1.34238,1.34248,1.34235,1.34236,83
1779905880,1.34237,1.34255,1.34234,1.34247,67
1779905940,1.34248,1.34261,1.34247,1.34251,73
1779906000,1.3425,1.34258,1.34249,1.3425,96
1779906060,1.34253,1.34254,1.34249,1.3425,52
1779906120,1.3425,1.3426,1.3425,1.34258,80
1779906180,1.34259,1.34272,1.34257,1.3427,76
1779906240,1.34271,1.34272,1.34249,1.34249,97
1779906300,1.3425,1.34261,1.34247,1.34259,114
1779906360,1.3426,1.34261,1.34259,1.3426,65
1779906420,1.3426,1.34269,1.34259,1.34265,117
1779906480,1.34262,1.34267,1.34259,1.34265,86
1779906540,1.34265,1.34275,1.34263,1.3427,60
1779906600,1.3427,1.34287,1.3427,1.3428,103
1779906660,1.34279,1.3428,1.34272,1.34279,102
1779906720,1.34278,1.34281,1.34271,1.34274,92
1779906780,1.34273,1.34277,1.34266,1.34266,111
1779906840,1.34265,1.34268,1.34258,1.34263,94
1779906900,1.34261,1.34267,1.34258,1.34262,73
1779906960,1.34262,1.34276,1.3426,1.34262,109
1779907020,1.34263,1.34263,1.34257,1.34257,62
1779907080,1.34258,1.34261,1.34257,1.3426,42
1779907140,1.3426,1.34267,1.34259,1.34267,59
1779907200,1.34267,1.34268,1.3426,1.34262,45
1779907260,1.34262,1.34269,1.3426,1.34268,64
1779907320,1.34267,1.34269,1.34258,1.34268,48
1779907380,1.34267,1.34278,1.34267,1.34277,66
1779907440,1.34278,1.34281,1.34276,1.34277,81
1779907500,1.34274,1.34277,1.34267,1.34274,103
1779907560,1.34275,1.34279,1.34271,1.34271,56
1779907620,1.34271,1.34278,1.34266,1.34268,71
1779907680,1.3427,1.34271,1.34267,1.3427,63
1779907740,1.3427,1.34279,1.34268,1.34278,63
1779907800,1.34278,1.34289,1.34277,1.3428,77
1779907860,1.34281,1.34282,1.34277,1.3428,33
1779907920,1.3428,1.34281,1.34278,1.34281,41
1779907980,1.34281,1.34282,1.34278,1.34281,54
1779908040,1.3428,1.34292,1.3428,1.34291,54
1779908100,1.34292,1.34311,1.34291,1.34311,64
1779908160,1.3431,1.34311,1.34306,1.3431,66
1779908220,1.3431,1.34311,1.34303,1.34303,63
1779908280,1.34301,1.34309,1.34298,1.34301,68
1779908340,1.343,1.34307,1.34296,1.34298,103
1779908400,1.34298,1.34301,1.34292,1.34296,109
1779908460,1.34295,1.34297,1.34285,1.34286,94
1779908520,1.34285,1.34299,1.34285,1.34296,63
1779908580,1.34296,1.34296,1.34287,1.34293,52
1779908640,1.34293,1.34305,1.34292,1.343,64
1779908700,1.34301,1.3431,1.343,1.34308,62
1779908760,1.34307,1.34316,1.34307,1.34314,80
1779908820,1.34313,1.34313,1.34307,1.34313,50
1779908880,1.34313,1.34317,1.3431,1.34312,58
1779908940,1.34313,1.34313,1.34311,1.34312,45
1779909000,1.34311,1.34312,1.34298,1.343,53
1779909060,1.34302,1.34302,1.34298,1.343,64
1779909120,1.34301,1.34302,1.3429,1.34294,70
1779909180,1.34293,1.34296,1.34289,1.34293,68
1779909240,1.34293,1.34302,1.34292,1.343,77
1779909300,1.34301,1.34303,1.343,1.343,52
1779909360,1.343,1.343,1.34293,1.34298,62
1779909420,1.34298,1.34303,1.34297,1.343,39
1779909480,1.34301,1.34302,1.34298,1.34301,48
1779909540,1.343,1.343,1.34293,1.34299,67
1779909600,1.343,1.34302,1.34298,1.34301,51
1779909660,1.343,1.34309,1.34298,1.34309,50
1779909720,1.34308,1.34309,1.34306,1.34307,35
1779909780,1.34308,1.34328,1.34308,1.34325,73
1779909840,1.34324,1.34326,1.34311,1.34315,92
1779909900,1.34315,1.34315,1.34309,1.34312,74
1779909960,1.34311,1.34319,1.34309,1.34317,62
1779910020,1.34318,1.34319,1.3431,1.34315,97
1779910080,1.34315,1.34318,1.34311,1.34313,69
1779910140,1.34312,1.34317,1.34308,1.34312,60
1779910200,1.34313,1.34316,1.34307,1.34308,74
1779910260,1.34307,1.34308,1.34302,1.34306,71
1779910320,1.34303,1.34316,1.34297,1.34307,66
1779910380,1.34307,1.34322,1.34307,1.34317,91
1779910440,1.34316,1.34321,1.34312,1.34315,58
1779910500,1.34316,1.34328,1.34316,1.34327,66
1779910560,1.34328,1.3433,1.34326,1.34329,73
1779910620,1.34328,1.34329,1.34324,1.34326,45
1779910680,1.34325,1.34325,1.34315,1.34318,56
1779910740,1.34319,1.34326,1.34319,1.34326,75
1779910800,1.34327,1.34328,1.3431,1.34311,90
1779910860,1.34312,1.34314,1.34309,1.3431,53
1779910920,1.34309,1.34311,1.34308,1.34309,53
1779910980,1.34309,1.34313,1.34305,1.3431,69
1779911040,1.34311,1.34313,1.34307,1.34309,56
1779911100,1.34308,1.34308,1.34299,1.34302,64
1779911160,1.34301,1.34306,1.343,1.34304,85
1779911220,1.34303,1.34307,1.34302,1.34304,79
1779911280,1.34304,1.34305,1.34298,1.34298,70
1779911340,1.343,1.34304,1.34299,1.34301,80
1779911400,1.34297,1.34301,1.34292,1.34299,92
1779911460,1.34298,1.34301,1.34298,1.343,74
1779911520,1.34299,1.34302,1.34296,1.34296,46
1779911580,1.34297,1.34298,1.34295,1.34296,32
1779911640,1.34296,1.34298,1.34295,1.34296,44
1779911700,1.34295,1.34302,1.34294,1.34302,67
1779911760,1.34302,1.34312,1.34301,1.34311,78
1779911820,1.34309,1.34309,1.34297,1.34298,79
1779911880,1.34298,1.34301,1.34296,1.343,43
1779911940,1.343,1.34306,1.34299,1.34305,94
1779912000,1.34299,1.34306,1.34298,1.343,68
1779912060,1.343,1.34302,1.34297,1.343,62
1779912120,1.34298,1.34313,1.34297,1.34312,62
1779912180,1.34311,1.34321,1.34311,1.34317,61
1779912240,1.34318,1.34322,1.34317,1.3432,59
1779912300,1.34319,1.34321,1.34317,1.34318,43
1779912360,1.34317,1.34321,1.34316,1.3432,35
1779912420,1.3432,1.34321,1.34319,1.3432,28
1779912480,1.3432,1.34321,1.3432,1.3432,11
1779912540,1.3432,1.34328,1.34319,1.34319,36
1779912600,1.3432,1.34325,1.34319,1.34324,56
1779912660,1.34325,1.34325,1.34308,1.34312,44
1779912720,1.34313,1.34314,1.34312,1.34313,38
1779912780,1.34314,1.34317,1.34311,1.34317,36
1779912840,1.34318,1.34319,1.34317,1.34317,18
1779912900,1.34317,1.34319,1.34316,1.34318,24
1779912960,1.34317,1.34319,1.34308,1.34312,47
1779913020,1.34311,1.34316,1.34309,1.34316,32
1779913080,1.34315,1.34318,1.34315,1.34317,16
1779913140,1.34317,1.34317,1.34309,1.3431,12
1779913200,1.34311,1.34311,1.34308,1.34309,16
1779913260,1.34307,1.34309,1.34306,1.34306,19
1779913320,1.34307,1.34307,1.34298,1.343,26
1779913380,1.34298,1.3431,1.34298,1.3431,26
1779913440,1.34309,1.3431,1.34308,1.34309,17
1779913500,1.34309,1.3431,1.34308,1.34309,17
1779913560,1.3431,1.3431,1.34309,1.3431,15
1779913620,1.34309,1.34311,1.34308,1.34309,20
1779913680,1.34308,1.34309,1.34298,1.343,28
1779913740,1.34299,1.343,1.34297,1.343,35
1779913800,1.34302,1.34311,1.34302,1.3431,29
1779913860,1.34312,1.34312,1.3431,1.34312,40
1779913920,1.34312,1.34313,1.34311,1.34313,28
1779913980,1.34312,1.34314,1.34312,1.34313,27
1779914040,1.34313,1.34317,1.34312,1.34315,32
1779914100,1.34314,1.34315,1.34309,1.3431,18
1779914160,1.3431,1.34312,1.34309,1.34311,21
1779914220,1.3431,1.3431,1.34303,1.34306,37
1779914280,1.34305,1.34307,1.34304,1.34307,24
1779914340,1.34308,1.34309,1.34307,1.34308,18
1779914400,1.34303,1.34304,1.34295,1.34295,28
1779914460,1.34294,1.34296,1.34294,1.34295,14
1779914520,1.34293,1.34295,1.34293,1.34294,29
1779914580,1.34295,1.34298,1.34294,1.34295,45
1779914640,1.34294,1.34301,1.34294,1.34299,41
1779914700,1.34298,1.34301,1.34294,1.34296,67
1779914760,1.34297,1.343,1.34297,1.34298,29
1779914820,1.34299,1.343,1.34297,1.34298,41
1779914880,1.34298,1.34298,1.34291,1.34294,31
1779914940,1.34294,1.34296,1.34292,1.34295,25
1779915000,1.34294,1.34294,1.34284,1.34292,48
1779915060,1.34294,1.34294,1.34285,1.34287,17
1779915120,1.34287,1.34288,1.34284,1.34288,33
1779915180,1.34286,1.34293,1.34283,1.34292,25
1779915240,1.34291,1.34293,1.34284,1.34284,20
1779915300,1.34282,1.34286,1.34282,1.34286,39
1779915360,1.34285,1.34287,1.3428,1.34281,39
1779915420,1.3428,1.34281,1.34273,1.34274,26
1779915480,1.34272,1.34272,1.34258,1.34268,118
1779915660,1.34207,1.34215,1.34207,1.34215,4
1779915780,1.34219,1.34229,1.34219,1.34229,6
1779915900,1.34233,1.34233,1.34233,1.34233,3
1779915960,1.3425,1.3425,1.3425,1.3425,2
1779916200,1.34249,1.34249,1.34249,1.34249,3
1779916740,1.34254,1.34254,1.34254,1.34254,2
1779916800,1.34207,1.34207,1.34207,1.34207,2
1779916920,1.34207,1.34223,1.34207,1.34216,7
1779916980,1.34215,1.34216,1.34215,1.34215,6
1779917040,1.34216,1.34216,1.34212,1.34212,11
1779917100,1.34211,1.34211,1.34211,1.34211,2
1779917160,1.34212,1.34212,1.3421,1.3421,4
1779917340,1.3421,1.3421,1.3421,1.3421,3
1779917400,1.3421,1.34211,1.3421,1.3421,12
1779917460,1.34211,1.34211,1.3421,1.3421,8
1779917520,1.34216,1.34224,1.34215,1.34215,10
1779917580,1.34215,1.34215,1.34213,1.34214,13
1779917700,1.34214,1.34231,1.34212,1.34231,8
1779917760,1.34239,1.34239,1.34236,1.34237,4
1779917820,1.34236,1.34251,1.34236,1.34249,12
1779917880,1.34244,1.34248,1.34241,1.34243,16
1779917940,1.34242,1.34249,1.34232,1.34246,18
1779918000,1.34246,1.34254,1.34244,1.34254,7
1779918060,1.34253,1.34253,1.34249,1.34249,6
1779918180,1.34247,1.34252,1.34246,1.34252,4
1779918240,1.34251,1.34251,1.34251,1.34251,6
1779918300,1.34255,1.34255,1.34245,1.34255,17
1779918360,1.34251,1.34278,1.34251,1.34278,35
1779918420,1.34281,1.34285,1.34267,1.34268,48
1779918480,1.34269,1.34272,1.34257,1.34261,55
1779918540,1.34262,1.34269,1.34259,1.34262,29
1779918600,1.34261,1.34265,1.3426,1.34261,27
1779918660,1.3426,1.34265,1.34259,1.34262,28
1779918720,1.34262,1.34268,1.34256,1.34256,50
1779918780,1.34255,1.34261,1.34253,1.34257,22
1779918840,1.34257,1.34261,1.34255,1.34257,21
1779918900,1.34254,1.34258,1.34251,1.34253,23
1779918960,1.3425,1.3425,1.34247,1.34248,20
1779919020,1.34248,1.34251,1.34245,1.3425,24
1779919080,1.34249,1.34249,1.34242,1.34242,10
1779919140,1.34245,1.34246,1.34234,1.3424,51
1779919200,1.34268,1.34286,1.34262,1.34282,70
1779919260,1.34277,1.34277,1.34263,1.34271,59
1779919320,1.34277,1.34283,1.34268,1.3427,31
1779919380,1.34268,1.34269,1.34266,1.34267,20
1779919440,1.34269,1.34269,1.34265,1.34265,6
1779919500,1.34268,1.34282,1.34263,1.34282,53
1779919560,1.34283,1.34284,1.34271,1.34273,32
1779919620,1.34274,1.34276,1.34272,1.34275,17
1779919680,1.34284,1.34284,1.34277,1.34279,18
1779919740,1.34279,1.34291,1.34279,1.34289,29
1779919800,1.3429,1.34292,1.34288,1.34292,11
1779919860,1.34291,1.34291,1.34287,1.3429,28
1779919920,1.34291,1.34309,1.3429,1.34309,33
1779919980,1.34301,1.34306,1.34299,1.343,31
1779920040,1.343,1.34301,1.34299,1.343,12
1779920100,1.34301,1.34308,1.343,1.34308,18
1779920160,1.34308,1.34308,1.34299,1.34304,27
1779920220,1.34302,1.34303,1.3429,1.3429,20
1779920280,1.3429,1.343,1.3429,1.34299,13
1779920340,1.3429,1.3429,1.34288,1.3429,11
1779920400,1.34289,1.34301,1.34289,1.34301,28
1779920460,1.34299,1.34299,1.34293,1.34293,13
1779920520,1.34299,1.34301,1.34298,1.34298,22
1779920580,1.34299,1.343,1.34298,1.34298,11
1779920640,1.34299,1.34301,1.34298,1.34301,7
1779920700,1.343,1.34301,1.34295,1.34298,35
1779920760,1.34299,1.343,1.34292,1.34294,34
1779920820,1.34295,1.343,1.34293,1.34294,27
1779920880,1.34294,1.34294,1.34288,1.34289,19
1779920940,1.34281,1.34281,1.34278,1.34279,33
1779921000,1.34279,1.3428,1.34272,1.34274,59
1779921060,1.34273,1.34279,1.34273,1.34279,42
1779921120,1.34279,1.34279,1.34273,1.34279,29
1779921180,1.34278,1.3428,1.34277,1.34278,18
1779921240,1.34279,1.3428,1.34279,1.3428,9
1779921300,1.34284,1.34286,1.34282,1.34282,32
1779921360,1.34281,1.34282,1.34278,1.34279,14
1779921420,1.3428,1.34281,1.34279,1.3428,15
1779921480,1.3428,1.34281,1.34279,1.34281,11
1779921540,1.34282,1.34288,1.34279,1.34288,19
1779921600,1.3429,1.3429,1.34288,1.3429,20
1779921660,1.3429,1.3429,1.34287,1.34287,25
1779921720,1.34288,1.34289,1.34283,1.34283,18
1779921780,1.34281,1.34284,1.34278,1.34284,16
1779921840,1.34284,1.34284,1.34276,1.34278,50
1779921900,1.34279,1.34279,1.34272,1.34275,34
1779921960,1.34275,1.34275,1.34257,1.34264,34
1779922020,1.34268,1.3427,1.34268,1.3427,17
1779922080,1.34269,1.3427,1.3426,1.3426,19
1779922140,1.34261,1.34263,1.34257,1.3426,21
1779922200,1.34262,1.34264,1.3426,1.34261,31
1779922260,1.34264,1.34276,1.34264,1.34269,47
1779922320,1.34269,1.3427,1.34269,1.3427,11
1779922380,1.34271,1.3428,1.34269,1.34279,16
1779922440,1.3428,1.3428,1.34279,1.34279,4
1779922500,1.3428,1.3428,1.34279,1.34279,7
1779922560,1.34278,1.34279,1.34278,1.34279,17
1779922620,1.34279,1.34279,1.34278,1.34279,24
1779922680,1.34279,1.3428,1.34278,1.34279,26
1779922740,1.34279,1.3428,1.34279,1.34279,18
1779922800,1.34279,1.34279,1.34267,1.3427,24
1779922860,1.3427,1.34271,1.3427,1.3427,10
1779922920,1.34271,1.34278,1.3427,1.34278,21
1779922980,1.34279,1.34279,1.34278,1.34278,12
1779923040,1.34277,1.34278,1.34277,1.34277,18
1779923100,1.34277,1.34278,1.34277,1.34278,9
1779923160,1.34277,1.34279,1.34276,1.34279,15
1779923220,1.34278,1.34278,1.34277,1.34278,16
1779923280,1.34277,1.34279,1.34276,1.34279,21
1779923340,1.34279,1.34279,1.34278,1.34279,16
1779923400,1.34279,1.34279,1.34278,1.34279,10
1779923460,1.34279,1.34285,1.34279,1.34285,27
1779923520,1.34285,1.34285,1.34284,1.34285,5
1779923580,1.34285,1.34287,1.34282,1.34282,18
1779923640,1.34282,1.34282,1.34281,1.34282,6
1779923700,1.34281,1.34282,1.34281,1.34282,5
1779923760,1.34282,1.3429,1.34279,1.34289,26
1779923820,1.34289,1.34291,1.34289,1.3429,14
1779923880,1.34289,1.34289,1.34289,1.34289,2
1779923940,1.34288,1.34289,1.34287,1.34288,20
1779924000,1.34287,1.34288,1.34277,1.34277,44
1779924060,1.34275,1.34275,1.34228,1.34234,111
1779924120,1.34234,1.34234,1.34219,1.3422,75
1779924180,1.34219,1.34228,1.34218,1.34219,68
1779924240,1.34219,1.34233,1.34219,1.34227,45
1779924300,1.34227,1.34233,1.34226,1.34233,30
1779924360,1.3423,1.34232,1.34222,1.34223,38
1779924420,1.34222,1.34225,1.34218,1.34219,38
1779924480,1.34218,1.34228,1.34217,1.34224,49
1779924540,1.34223,1.34229,1.34219,1.34225,54
1779924600,1.34226,1.34226,1.34198,1.34199,72
1779924660,1.34204,1.34218,1.34204,1.34217,62
1779924720,1.34216,1.34219,1.34216,1.34218,34
1779924780,1.34218,1.34219,1.34208,1.34214,46
1779924840,1.34215,1.3422,1.34213,1.34219,64
1779924900,1.34218,1.34218,1.34188,1.3419,77
1779924960,1.34191,1.34198,1.34188,1.34198,43
1779925020,1.34199,1.34205,1.34198,1.34201,44
1779925080,1.342,1.34201,1.34198,1.342,17
1779925140,1.34205,1.34208,1.34201,1.34202,27
1779925200,1.34203,1.34208,1.34201,1.34202,40
1779925260,1.34203,1.34203,1.34198,1.34199,54
1779925320,1.34199,1.34204,1.34199,1.34203,49
1779925380,1.34204,1.34205,1.34198,1.34199,33
1779925440,1.34203,1.34209,1.34201,1.34208,58
1779925500,1.34208,1.34208,1.34199,1.342,68
1779925560,1.34199,1.34207,1.34197,1.34198,49
1779925620,1.34198,1.342,1.34196,1.34199,54
1779925680,1.34198,1.34204,1.34198,1.342,38
1779925740,1.34199,1.342,1.34195,1.34199,34
1779925800,1.342,1.34202,1.34199,1.342,30
1779925860,1.34199,1.34199,1.34158,1.34158,70
1779925920,1.34157,1.34159,1.34144,1.3415,81
1779925980,1.3415,1.3416,1.3415,1.34158,79
1779926040,1.34159,1.34168,1.34158,1.34165,66
1779926100,1.34164,1.34169,1.3416,1.34167,58
1779926160,1.34167,1.34177,1.34167,1.34176,48
1779926220,1.34171,1.34177,1.34165,1.34165,66
1779926280,1.34165,1.34169,1.34161,1.34162,69
1779926340,1.34161,1.34163,1.34158,1.34161,75
1779926400,1.34159,1.34162,1.34147,1.34151,161
1779926460,1.34152,1.34163,1.34148,1.34158,151
1779926520,1.34159,1.34168,1.34156,1.34164,131
1779926580,1.34165,1.34165,1.34154,1.34159,96
1779926640,1.34156,1.3416,1.34155,1.3416,83
1779926700,1.34159,1.3417,1.34159,1.34161,102
1779926760,1.34162,1.34168,1.34148,1.3416,88
1779926820,1.3416,1.34171,1.34157,1.34164,71
1779926880,1.34164,1.34175,1.34163,1.34173,104
1779926940,1.34173,1.34179,1.3417,1.34178,109
1779927000,1.34179,1.34179,1.34165,1.34166,95
1779927060,1.34167,1.34168,1.3416,1.3416,76
1779927120,1.34161,1.34169,1.34159,1.34164,81
1779927180,1.34165,1.34169,1.34164,1.34169,82
1779927240,1.34169,1.34178,1.34161,1.34165,100
1779927300,1.34166,1.34173,1.34159,1.34172,94
1779927360,1.34172,1.34172,1.34161,1.34169,96
1779927420,1.34168,1.34176,1.34164,1.34175,77
1779927480,1.34176,1.3419,1.34176,1.34188,69
1779927540,1.34189,1.34193,1.3418,1.3418,68
1779927600,1.34186,1.342,1.34179,1.34198,78
1779927660,1.34194,1.34201,1.3419,1.34201,72
1779927720,1.342,1.342,1.34195,1.34195,61
1779927780,1.34193,1.34198,1.34187,1.34195,87
1779927840,1.34195,1.34195,1.34175,1.34179,85
1779927900,1.34178,1.34182,1.34167,1.34174,108
1779927960,1.34173,1.34181,1.34172,1.34179,87
1779928020,1.34177,1.34182,1.34177,1.34181,53
1779928080,1.3418,1.34192,1.34179,1.34192,61
1779928140,1.34191,1.34192,1.34188,1.3419,69
1779928200,1.34191,1.34192,1.34169,1.3417,103
1779928260,1.34171,1.34171,1.34151,1.34163,101
1779928320,1.34163,1.34173,1.34163,1.3417,132
1779928380,1.3417,1.34173,1.34165,1.34165,87
1779928440,1.34165,1.34166,1.34159,1.34159,99
1779928500,1.3416,1.34169,1.34158,1.34163,81
1779928560,1.34165,1.34165,1.34149,1.34151,75
1779928620,1.34152,1.3416,1.34152,1.34157,50
1779928680,1.34156,1.34158,1.34151,1.34158,42
1779928740,1.34157,1.34159,1.34155,1.34158,59
1779928800,1.34157,1.34164,1.34156,1.3416,60
1779928860,1.3416,1.34163,1.34158,1.3416,36
1779928920,1.34161,1.34166,1.34159,1.34164,60
1779928980,1.34165,1.34165,1.34158,1.34159,55
1779929040,1.34158,1.34161,1.34148,1.34149,71
1779929100,1.3415,1.34159,1.34138,1.34138,76
1779929160,1.34137,1.34141,1.34132,1.3414,57
1779929220,1.3414,1.34147,1.34138,1.34143,52
1779929280,1.34142,1.34148,1.34136,1.34138,61
1779929340,1.34138,1.3414,1.34129,1.34131,56
1779929400,1.34131,1.34137,1.3412,1.34123,109
1779929460,1.34122,1.34127,1.34117,1.34126,61
1779929520,1.34127,1.34128,1.34126,1.34128,42
1779929580,1.34128,1.34131,1.34126,1.34126,81
1779929640,1.34126,1.34126,1.34108,1.34108,83
1779929700,1.34106,1.34112,1.34096,1.34106,99
1779929760,1.34103,1.34107,1.34096,1.34098,83
1779929820,1.34099,1.34116,1.34097,1.34115,90
1779929880,1.34116,1.34141,1.34115,1.3414,91
1779929940,1.34141,1.34143,1.34132,1.34135,94
1779930000,1.34138,1.34141,1.34118,1.34118,139
1779930060,1.34119,1.34122,1.34108,1.34116,101
1779930120,1.34115,1.34116,1.34105,1.34107,121
1779930180,1.34106,1.34107,1.34097,1.34105,102
1779930240,1.34106,1.34118,1.34106,1.34109,116
1779930300,1.34109,1.34109,1.34105,1.34105,60
1779930360,1.34102,1.34113,1.34101,1.3411,101
1779930420,1.34111,1.34113,1.34106,1.34109,74
1779930480,1.34109,1.34123,1.34109,1.34119,53
1779930540,1.3412,1.34121,1.34112,1.34117,67
1779930600,1.34118,1.34125,1.34118,1.34123,85
1779930660,1.34122,1.34129,1.34116,1.34129,39
1779930720,1.34129,1.34129,1.34118,1.3412,84
1779930780,1.3412,1.34123,1.34109,1.34121,91
1779930840,1.3412,1.34126,1.34118,1.34118,76
1779930900,1.34119,1.34129,1.34117,1.34128,109
1779930960,1.34127,1.3413,1.34126,1.34128,58
1779931020,1.3413,1.3413,1.34119,1.34119,96
1779931080,1.34117,1.34124,1.34116,1.34119,81
1779931140,1.34118,1.34122,1.34116,1.34119,72
1779931200,1.34119,1.3412,1.34109,1.34109,66
1779931260,1.3411,1.34113,1.341,1.34106,64
1779931320,1.34107,1.3411,1.34102,1.34108,73
1779931380,1.34109,1.34119,1.34106,1.34119,60
1779931440,1.34118,1.34129,1.34118,1.3412,76
1779931500,1.34119,1.34119,1.34108,1.34109,73
1779931560,1.34108,1.34112,1.34102,1.34104,87
1779931620,1.34102,1.34105,1.34098,1.34098,82
1779931680,1.34097,1.34104,1.34097,1.34101,54
1779931740,1.34099,1.3411,1.34099,1.34103,71
1779931800,1.34104,1.34109,1.34097,1.34104,90
1779931860,1.34106,1.34117,1.34099,1.34101,78
1779931920,1.341,1.34102,1.34073,1.34075,114
1779931980,1.34076,1.34088,1.34076,1.34079,116
1779932040,1.34079,1.3409,1.34078,1.34085,93
1779932100,1.34089,1.34089,1.34077,1.34078,69
1779932160,1.34077,1.3408,1.34073,1.34078,66
1779932220,1.34079,1.34087,1.34076,1.34087,59
1779932280,1.34086,1.34088,1.34081,1.34087,66
1779932340,1.34088,1.3409,1.34084,1.34087,50
1779932400,1.34086,1.34088,1.34071,1.34074,76
1779932460,1.34075,1.34079,1.34067,1.34067,85
1779932520,1.34067,1.34067,1.34058,1.34063,97
1779932580,1.34063,1.34068,1.34057,1.34059,67
1779932640,1.3406,1.3406,1.34052,1.34052,54
1779932700,1.34053,1.34053,1.34011,1.3402,95
1779932760,1.34022,1.34036,1.34022,1.3403,92
1779932820,1.34031,1.34032,1.34026,1.34028,67
1779932880,1.34033,1.34035,1.34026,1.34032,80
1779932940,1.34033,1.34035,1.3403,1.34031,45
1779933000,1.34028,1.34029,1.34026,1.34027,55
1779933060,1.34027,1.34027,1.34019,1.34019,48
1779933120,1.34018,1.34031,1.34016,1.34029,71
1779933180,1.3403,1.34037,1.34027,1.34029,80
1779933240,1.34028,1.34034,1.34017,1.3402,64
1779933300,1.34021,1.34022,1.34001,1.34003,84
1779933360,1.34003,1.34007,1.33991,1.33997,90
1779933420,1.33995,1.33998,1.33988,1.3399,84
1779933480,1.33991,1.33993,1.33986,1.33987,70
1779933540,1.33986,1.33988,1.33976,1.33986,105
1779933600,1.33986,1.34006,1.33986,1.34,123
1779933660,1.34002,1.34003,1.33995,1.33998,103
1779933720,1.33997,1.34009,1.33987,1.34009,115
1779933780,1.34007,1.34008,1.33994,1.33999,90
1779933840,1.34,1.34007,1.33998,1.34,102
1779933900,1.34,1.34007,1.33999,1.34004,50
1779933960,1.34005,1.34012,1.34003,1.34007,103
1779934020,1.34009,1.34011,1.33991,1.33993,67
1779934080,1.33994,1.34009,1.33994,1.34005,85
1779934140,1.34005,1.34016,1.34004,1.34015,92
1779934200,1.34015,1.3402,1.34013,1.34017,87
1779934260,1.34016,1.34021,1.34014,1.34021,63
1779934320,1.3402,1.34028,1.3402,1.34024,60
1779934380,1.34025,1.34029,1.34021,1.34024,82
1779934440,1.3402,1.34029,1.34019,1.34028,50
1779934500,1.34028,1.34033,1.34027,1.34032,56
1779934560,1.34031,1.34033,1.3402,1.34021,72
1779934620,1.34021,1.34026,1.34019,1.34025,66
1779934680,1.34025,1.34035,1.34025,1.34035,47
1779934740,1.34034,1.34034,1.3403,1.34034,53
1779934800,1.34033,1.34048,1.34033,1.34041,75
1779934860,1.34041,1.34045,1.34039,1.34043,62
1779934920,1.34042,1.34051,1.34041,1.34047,68
1779934980,1.34048,1.34051,1.34047,1.34047,36
1779935040,1.34048,1.34053,1.34043,1.34049,50
1779935100,1.3405,1.34051,1.34047,1.3405,56
1779935160,1.34049,1.34053,1.34048,1.3405,45
1779935220,1.34051,1.34051,1.3404,1.34044,36
1779935280,1.34045,1.3405,1.34044,1.34049,38
1779935340,1.34048,1.34052,1.34047,1.34048,68
1779935400,1.34049,1.34063,1.34048,1.34057,82
1779935460,1.34058,1.34062,1.34057,1.34059,37
1779935520,1.34059,1.34062,1.34059,1.34062,39
1779935580,1.34061,1.34066,1.3406,1.34064,73
1779935640,1.34064,1.34064,1.3406,1.34062,69
1779935700,1.34062,1.34067,1.34059,1.3406,51
1779935760,1.3406,1.3406,1.34044,1.34049,66
1779935820,1.3405,1.34051,1.3404,1.3404,44
1779935880,1.34041,1.34041,1.34032,1.34032,50
1779935940,1.34032,1.34041,1.3403,1.3404,43
1779936000,1.34041,1.34041,1.34036,1.34038,42
1779936060,1.34039,1.34039,1.34012,1.34013,84
1779936120,1.34012,1.34015,1.34008,1.34009,116
1779936180,1.3401,1.3402,1.3401,1.34013,66
1779936240,1.34011,1.34014,1.34009,1.34014,67
1779936300,1.34011,1.34011,1.34007,1.34007,81
1779936360,1.34006,1.34011,1.34003,1.34008,72
1779936420,1.34008,1.3401,1.34,1.34008,80
1779936480,1.34008,1.34015,1.34003,1.34013,66
1779936540,1.34011,1.34018,1.3401,1.34013,72
1779936600,1.34014,1.34017,1.34007,1.34008,59
1779936660,1.3401,1.34017,1.34004,1.34015,65
1779936720,1.34018,1.34018,1.34009,1.34015,66
1779936780,1.34016,1.3402,1.34013,1.34019,46
1779936840,1.3402,1.34021,1.34008,1.34008,70
1779936900,1.34011,1.34015,1.34009,1.3401,60
1779936960,1.34009,1.34011,1.34007,1.3401,52
1779937020,1.3401,1.34018,1.34008,1.34017,38
1779937080,1.34016,1.3402,1.34015,1.34017,51
1779937140,1.34017,1.34019,1.3401,1.34018,66
1779937200,1.34019,1.34025,1.34017,1.34023,96
1779937260,1.34024,1.34026,1.34013,1.34017,93
1779937320,1.34019,1.34022,1.34012,1.34019,89
1779937380,1.34019,1.34027,1.34019,1.34021,78
1779937440,1.34019,1.34021,1.3401,1.34011,50
1779937500,1.34012,1.34018,1.34006,1.34013,78
1779937560,1.34014,1.34017,1.34011,1.34016,52
1779937620,1.34017,1.34029,1.34016,1.34028,49
1779937680,1.34029,1.34037,1.34002,1.34005,76
1779937740,1.34008,1.34008,1.33987,1.33993,72
1779937800,1.33994,1.33994,1.33973,1.33977,74
1779937860,1.33976,1.33981,1.33956,1.3396,86
1779937920,1.33959,1.33971,1.33959,1.3396,78
1779937980,1.33961,1.33962,1.33945,1.33948,91
1779938040,1.33948,1.3395,1.33936,1.3394,87
1779938100,1.33939,1.33941,1.33928,1.33929,113
1779938160,1.33928,1.33941,1.33928,1.3394,78
1779938220,1.33941,1.33947,1.33926,1.33926,99
1779938280,1.33926,1.33931,1.33908,1.33909,115
1779938340,1.3391,1.33911,1.33887,1.33894,136
1779938400,1.33895,1.33917,1.33894,1.33902,130
1779938460,1.33903,1.33908,1.33898,1.339,79
1779938520,1.33901,1.33902,1.33886,1.33888,111
1779938580,1.33888,1.3389,1.33884,1.3389,86
1779938640,1.33893,1.339,1.33889,1.3389,97
1779938700,1.33891,1.33898,1.33888,1.33891,70
1779938760,1.33892,1.33898,1.3389,1.33898,109
1779938820,1.33896,1.33908,1.33894,1.33906,97
1779938880,1.33907,1.33916,1.33907,1.33916,65
1779938940,1.33915,1.33915,1.33889,1.3389,104
1779939000,1.33891,1.33891,1.33867,1.33868,140
1779939060,1.33869,1.33878,1.33865,1.33867,119
1779939120,1.33869,1.33873,1.3383,1.33838,147
1779939180,1.33838,1.33838,1.33817,1.3382,83
1779939240,1.33821,1.33826,1.33806,1.33817,169
1779939300,1.33816,1.33837,1.33816,1.33833,134
1779939360,1.33834,1.33838,1.33811,1.33815,144
1779939420,1.33814,1.3382,1.33812,1.33815,95
1779939480,1.33817,1.33819,1.33786,1.33796,113
1779939540,1.33797,1.33808,1.3379,1.3379,138
1779939600,1.33789,1.33811,1.33789,1.33797,129
1779939660,1.33797,1.33801,1.33787,1.33787,137
1779939720,1.33788,1.33788,1.33766,1.33767,178
1779939780,1.33769,1.33772,1.33758,1.33767,140
1779939840,1.33764,1.33772,1.33757,1.3376,134
1779939900,1.33761,1.33778,1.33757,1.33773,122
1779939960,1.33769,1.3377,1.33755,1.33761,125
1779940020,1.3376,1.33768,1.33727,1.33734,146
1779940080,1.33736,1.33738,1.33715,1.33717,114
1779940140,1.33718,1.33727,1.33716,1.33726,123
1779940200,1.33727,1.33727,1.33691,1.33703,97
1779940260,1.337,1.33728,1.33699,1.3372,107
1779940320,1.33719,1.33723,1.33708,1.33715,99
1779940380,1.33715,1.33718,1.33704,1.33707,101
1779940440,1.33714,1.33716,1.33704,1.33706,97
1779940500,1.33706,1.33707,1.33691,1.33699,113
1779940560,1.33698,1.33698,1.33687,1.33688,86
1779940620,1.33689,1.33698,1.33688,1.33695,103
1779940680,1.33696,1.33701,1.33689,1.33691,96
1779940740,1.33691,1.33696,1.33685,1.33686,96
1779940800,1.33687,1.337,1.33685,1.33692,129
1779940860,1.33693,1.33697,1.33675,1.3368,131
1779940920,1.33679,1.33701,1.33678,1.33698,118
1779940980,1.337,1.33702,1.33689,1.3369,105
1779941040,1.33689,1.3371,1.33688,1.3371,78
1779941100,1.33709,1.33709,1.33678,1.33687,93
1779941160,1.33686,1.33702,1.33686,1.33698,87
1779941220,1.33699,1.33716,1.33698,1.33716,94
1779941280,1.33714,1.3373,1.33714,1.33728,105
1779941340,1.33729,1.33746,1.33728,1.33746,121
1779941400,1.33748,1.3375,1.3374,1.33746,101
1779941460,1.33745,1.33746,1.33728,1.33733,92
1779941520,1.33733,1.33733,1.33718,1.33724,103
1779941580,1.33725,1.33732,1.33717,1.33717,59
1779941640,1.33717,1.33735,1.33716,1.33734,87
1779941700,1.33733,1.3374,1.33727,1.33738,89
1779941760,1.33738,1.33753,1.33738,1.33753,90
1779941820,1.33752,1.33752,1.33737,1.33737,109
1779941880,1.33738,1.33747,1.33725,1.3373,104
1779941940,1.33729,1.3373,1.33708,1.33708,111
1779942000,1.33707,1.33718,1.33707,1.33709,133
1779942060,1.3371,1.33721,1.33708,1.33718,120
1779942120,1.33718,1.33732,1.33717,1.33725,101
1779942180,1.33723,1.33733,1.3372,1.3373,107
1779942240,1.33731,1.33744,1.3373,1.33735,87
1779942300,1.33736,1.33738,1.3373,1.33731,103
1779942360,1.33731,1.33731,1.33721,1.33729,47
1779942420,1.3373,1.33732,1.33719,1.33719,75
1779942480,1.33721,1.33728,1.3372,1.33724,80
1779942540,1.33725,1.33728,1.33713,1.33717,78
1779942600,1.33717,1.33727,1.33713,1.33726,102
1779942660,1.33726,1.33744,1.33726,1.33739,104
1779942720,1.3374,1.33747,1.33739,1.33742,84
1779942780,1.33743,1.33748,1.33737,1.33737,94
1779942840,1.33738,1.3375,1.33738,1.33741,77
1779942900,1.33741,1.33743,1.33736,1.33742,83
1779942960,1.33743,1.3376,1.33742,1.33759,82
1779943020,1.33755,1.33755,1.33748,1.33754,71
1779943080,1.33757,1.33758,1.33753,1.33757,68
1779943140,1.33756,1.33767,1.33755,1.33767,80
1779943200,1.33769,1.3378,1.33768,1.33778,84
1779943260,1.33778,1.33782,1.3377,1.33772,58
1779943320,1.33773,1.33773,1.33754,1.33756,68
1779943380,1.33756,1.33767,1.33756,1.33762,59
1779943440,1.33767,1.33768,1.33761,1.33764,61
1779943500,1.33765,1.33773,1.33763,1.33769,82
1779943560,1.33769,1.33769,1.3375,1.33752,58
1779943620,1.33752,1.33754,1.33751,1.33753,58
1779943680,1.33757,1.33762,1.33757,1.33758,55
1779943740,1.33759,1.33768,1.33759,1.33767,57
1779943800,1.33766,1.33771,1.3376,1.33763,62
1779943860,1.33762,1.33781,1.33761,1.33779,92
1779943920,1.33779,1.3378,1.33762,1.33763,76
1779943980,1.33762,1.33769,1.33759,1.33764,100
1779944040,1.33765,1.3377,1.33764,1.3377,69
1779944100,1.33769,1.33778,1.33767,1.33777,91
1779944160,1.33775,1.33782,1.33771,1.33779,53
1779944220,1.3378,1.3378,1.33769,1.3377,44
1779944280,1.33769,1.33779,1.33769,1.33772,88
1779944340,1.33773,1.33778,1.33769,1.33778,67
1779944400,1.33777,1.33787,1.33771,1.33772,92
1779944460,1.33773,1.33775,1.33766,1.33771,71
1779944520,1.33769,1.33771,1.33768,1.33769,64
1779944580,1.3377,1.33778,1.33767,1.33777,76
1779944640,1.3378,1.33788,1.33779,1.3378,63
1779944700,1.3378,1.33783,1.33779,1.3378,45
1779944760,1.33782,1.33783,1.33779,1.33783,33
1779944820,1.33784,1.33792,1.33783,1.33792,76
1779944880,1.33793,1.33794,1.33771,1.33772,37
1779944940,1.33772,1.33775,1.33768,1.3377,65
1779945000,1.33771,1.33772,1.33754,1.3376,72
1779945060,1.3376,1.33761,1.33757,1.33761,43
1779945120,1.33761,1.33771,1.33761,1.33769,47
1779945180,1.33771,1.33777,1.33769,1.33777,56
1779945240,1.33782,1.33793,1.33779,1.3379,65
1779945300,1.33789,1.33789,1.33783,1.33786,65
1779945360,1.33785,1.33792,1.33782,1.3379,57
1779945420,1.33791,1.338,1.33791,1.33798,58
1779945480,1.33799,1.33801,1.33789,1.338,81
1779945540,1.338,1.338,1.33789,1.33792,44
1779945600,1.33792,1.33796,1.33792,1.33794,50
1779945660,1.33795,1.33799,1.33791,1.33793,55
1779945720,1.33793,1.33798,1.33788,1.33793,66
1779945780,1.33792,1.338,1.33789,1.338,86
1779945840,1.33799,1.3382,1.33799,1.33813,53
1779945900,1.3382,1.33822,1.33815,1.33818,70
1779945960,1.33819,1.3383,1.33816,1.3383,69
1779946020,1.33829,1.33833,1.33821,1.3383,94
1779946080,1.33831,1.33842,1.33829,1.33842,44
1779946140,1.33843,1.33843,1.33837,1.33838,43
1779946200,1.33839,1.33878,1.33837,1.33878,141
1779946260,1.33877,1.33877,1.3386,1.33872,136
1779946320,1.33871,1.3388,1.33869,1.33878,73
1779946380,1.33881,1.33894,1.33881,1.33893,92
1779946440,1.33892,1.33912,1.33892,1.33909,96
1779946500,1.33908,1.33915,1.339,1.33911,102
1779946560,1.3391,1.33911,1.339,1.33906,79
1779946620,1.33908,1.33908,1.33889,1.33891,109
1779946680,1.33891,1.33901,1.33891,1.33901,66
1779946740,1.33902,1.33921,1.33901,1.33921,85
1779946800,1.33922,1.33931,1.33917,1.33924,96
1779946860,1.33923,1.33937,1.33923,1.33932,88
1779946920,1.33933,1.33943,1.33933,1.33935,108
1779946980,1.33936,1.33941,1.33931,1.33932,82
1779947040,1.33932,1.33933,1.33927,1.3393,83
1779947100,1.3393,1.33945,1.33929,1.33942,82
1779947160,1.33941,1.33943,1.3393,1.33938,72
1779947220,1.33939,1.33947,1.33938,1.33942,78
1779947280,1.33943,1.33951,1.33943,1.33948,79
1779947340,1.33949,1.33951,1.33946,1.33949,93
1779947400,1.33947,1.33959,1.33946,1.33957,68
1779947460,1.33956,1.3396,1.33952,1.33958,85
1779947520,1.33958,1.33958,1.33946,1.3395,57
1779947580,1.33949,1.3395,1.33939,1.33947,95
1779947640,1.33948,1.33949,1.33937,1.33942,89
1779947700,1.33941,1.33941,1.33934,1.33938,81
1779947760,1.33933,1.33941,1.33931,1.33941,82
1779947820,1.3394,1.3394,1.33932,1.33937,91
1779947880,1.33936,1.33938,1.33932,1.33933,108
1779947940,1.33932,1.33933,1.3392,1.33921,75
1779948000,1.33918,1.33923,1.33906,1.33918,156
1779948060,1.33918,1.33931,1.33917,1.33926,106
1779948120,1.33926,1.33941,1.33925,1.3394,72
1779948180,1.33941,1.33947,1.33933,1.33947,81
1779948240,1.33948,1.3395,1.33937,1.33938,92
1779948300,1.33937,1.33961,1.33937,1.33952,115
1779948360,1.33951,1.33952,1.33937,1.33942,78
1779948420,1.33942,1.33951,1.33941,1.33946,101
1779948480,1.33947,1.3395,1.33937,1.33941,89
1779948540,1.33942,1.33948,1.33937,1.3394,90
1779948600,1.33941,1.33958,1.33938,1.3395,91
1779948660,1.33951,1.33958,1.33933,1.33937,94
1779948720,1.33938,1.33941,1.33927,1.33939,107
1779948780,1.3394,1.33962,1.3394,1.33961,125
1779948840,1.33962,1.33992,1.3396,1.33982,114
1779948900,1.33983,1.33985,1.33971,1.33978,100
1779948960,1.33979,1.33982,1.33968,1.33973,85
1779949020,1.33972,1.33979,1.33967,1.33977,85
1779949080,1.33977,1.33977,1.33967,1.33969,89
1779949140,1.3397,1.33984,1.33957,1.3398,92
1779949200,1.33981,1.33999,1.3398,1.33996,103
1779949260,1.33999,1.34,1.33981,1.33987,63
1779949320,1.33988,1.3401,1.33988,1.34008,97
1779949380,1.34007,1.34019,1.34007,1.34011,61
1779949440,1.3401,1.34016,1.33997,1.34003,103
1779949500,1.34004,1.34019,1.34003,1.3401,110
1779949560,1.3401,1.34018,1.34008,1.3401,72
1779949620,1.34009,1.34024,1.34007,1.34024,117
1779949680,1.34022,1.34022,1.34,1.34002,81
1779949740,1.34003,1.34003,1.33992,1.33993,107
1779949800,1.33997,1.34006,1.3399,1.34006,101
1779949860,1.34008,1.34039,1.34008,1.34037,106
1779949920,1.34038,1.34046,1.34034,1.34037,127
1779949980,1.34036,1.34052,1.34031,1.34034,124
1779950040,1.34034,1.34034,1.34013,1.3403,119
1779950100,1.34031,1.34044,1.34026,1.34038,107
1779950160,1.34037,1.34059,1.34037,1.34048,121
1779950220,1.34048,1.34068,1.34047,1.34061,96
1779950280,1.34062,1.34062,1.34056,1.34061,82
1779950340,1.34066,1.3408,1.34065,1.34069,135
1779950400,1.34065,1.34068,1.34049,1.34051,112
1779950460,1.34052,1.34058,1.3405,1.34053,78
1779950520,1.34053,1.34053,1.34037,1.34046,99
1779950580,1.34047,1.34052,1.34046,1.3405,95
1779950640,1.34051,1.34067,1.34035,1.34065,130
1779950700,1.34062,1.34069,1.34056,1.34063,102
1779950760,1.34062,1.34073,1.34059,1.34073,85
1779950820,1.3407,1.34078,1.34069,1.34071,67
1779950880,1.34072,1.34077,1.34056,1.34058,97
1779950940,1.34058,1.34063,1.34057,1.34063,91
1779951000,1.34064,1.34064,1.34052,1.34057,76
1779951060,1.34056,1.34058,1.34027,1.3403,101
1779951120,1.34028,1.34038,1.34025,1.34034,108
1779951180,1.34035,1.34047,1.34034,1.34036,82
1779951240,1.34036,1.34043,1.34026,1.34028,116
1779951300,1.3403,1.3405,1.34028,1.34048,100
1779951360,1.34047,1.34052,1.34037,1.34038,105
1779951420,1.34039,1.34048,1.34036,1.34048,93
1779951480,1.34048,1.34061,1.34048,1.34048,113
1779951540,1.34048,1.34051,1.34037,1.34039,89
1779951600,1.34046,1.34088,1.34046,1.34087,147
1779951660,1.34087,1.34096,1.34075,1.34096,127
1779951720,1.34097,1.34098,1.34078,1.34078,117
1779951780,1.34076,1.34094,1.3407,1.34085,124
1779951840,1.34086,1.34086,1.34071,1.34086,111
1779951900,1.34083,1.34086,1.34065,1.34066,120
1779951960,1.34061,1.34077,1.34057,1.34058,100
1779952020,1.34058,1.34064,1.34052,1.34063,122
1779952080,1.34062,1.34096,1.3406,1.34096,137
1779952140,1.34091,1.34097,1.34084,1.34097,133
1779952200,1.34096,1.34097,1.34086,1.34088,77
1779952260,1.3409,1.34116,1.34088,1.34107,148
1779952320,1.34108,1.3411,1.34094,1.34096,126
1779952380,1.34095,1.34107,1.34095,1.34101,91
1779952440,1.34102,1.34113,1.34101,1.34107,109
1779952500,1.34108,1.34108,1.34068,1.34068,154
1779952560,1.34069,1.3408,1.34066,1.34066,100
1779952620,1.34067,1.34076,1.3406,1.34073,100
1779952680,1.34073,1.34078,1.34066,1.34071,98
1779952740,1.3407,1.3408,1.34068,1.34076,101
1779952800,1.34076,1.34077,1.34058,1.34059,136
1779952860,1.34061,1.34066,1.34047,1.34049,118
1779952920,1.34049,1.34055,1.34039,1.3404,101
1779952980,1.34041,1.34066,1.34041,1.34058,113
1779953040,1.34057,1.34066,1.34056,1.34062,123
1779953100,1.34063,1.34064,1.34046,1.34047,138
1779953160,1.34047,1.34047,1.34005,1.34013,133
1779953220,1.34014,1.34034,1.34012,1.34029,78
1779953280,1.34026,1.34034,1.34022,1.34033,105
1779953340,1.34031,1.34035,1.34022,1.3403,140
1779953400,1.3403,1.34048,1.3403,1.34048,108
1779953460,1.34047,1.34066,1.34043,1.34043,129
1779953520,1.34044,1.34048,1.34041,1.34043,132
1779953580,1.34042,1.34045,1.34036,1.34039,106
1779953640,1.3404,1.34046,1.34026,1.34026,111
1779953700,1.34027,1.34027,1.34007,1.34024,101
1779953760,1.34024,1.34025,1.34004,1.34012,109
1779953820,1.34013,1.34019,1.34008,1.3401,90
1779953880,1.34006,1.34014,1.33995,1.34006,103
1779953940,1.34007,1.34012,1.34,1.34002,92
1779954000,1.34002,1.34017,1.33998,1.34015,89
1779954060,1.34015,1.34018,1.34009,1.34017,97
1779954120,1.34018,1.34022,1.34013,1.34019,82
1779954180,1.34019,1.3403,1.34017,1.34029,76
1779954240,1.34028,1.34029,1.34017,1.34026,76
1779954300,1.34027,1.34027,1.34014,1.34018,86
1779954360,1.34017,1.34048,1.34017,1.34038,88
1779954420,1.34037,1.34052,1.3403,1.34034,88
1779954480,1.34033,1.34047,1.34031,1.34041,110
1779954540,1.34047,1.34047,1.34037,1.34042,106
1779954600,1.34043,1.34044,1.34027,1.34039,102
1779954660,1.34042,1.34043,1.34034,1.34036,82
1779954720,1.34036,1.34036,1.34026,1.3403,80
1779954780,1.34031,1.34033,1.34018,1.34022,68
1779954840,1.34025,1.34029,1.34019,1.34026,108
1779954900,1.34023,1.34033,1.3402,1.34021,89
1779954960,1.34022,1.34031,1.34015,1.34021,91
1779955020,1.34021,1.34025,1.34017,1.34022,77
1779955080,1.34022,1.34031,1.34021,1.34027,66
1779955140,1.34028,1.34031,1.34019,1.34026,107
1779955200,1.34033,1.34039,1.34019,1.34037,152
1779955260,1.34036,1.3406,1.34035,1.34049,103
1779955320,1.34048,1.34048,1.34035,1.34044,143
1779955380,1.34046,1.3405,1.34039,1.34049,77
1779955440,1.34048,1.34055,1.34038,1.34055,94
1779955500,1.34056,1.34059,1.34045,1.34057,128
1779955560,1.34058,1.34061,1.34049,1.34056,106
1779955620,1.34051,1.34069,1.34049,1.34067,89
1779955680,1.34068,1.34069,1.3405,1.34057,67
1779955740,1.34058,1.34061,1.34051,1.34052,62
1779955800,1.34051,1.34053,1.34037,1.34038,56
1779955860,1.3404,1.34041,1.34026,1.34027,94
1779955920,1.34028,1.3404,1.34028,1.34039,69
1779955980,1.3404,1.3404,1.33996,1.33997,117
1779956040,1.33996,1.33999,1.33979,1.33996,110
1779956100,1.33994,1.33997,1.33985,1.3399,67
1779956160,1.33989,1.3399,1.3398,1.33983,95
1779956220,1.33988,1.33996,1.33986,1.33993,100
1779956280,1.33994,1.33996,1.33977,1.33978,107
1779956340,1.33977,1.33995,1.33976,1.3399,69
1779956400,1.3399,1.3401,1.33989,1.34003,88
1779956460,1.34004,1.34005,1.33992,1.33997,97
1779956520,1.33996,1.34017,1.33996,1.3401,78
1779956580,1.3401,1.34022,1.3401,1.34022,81
1779956640,1.34021,1.34028,1.34017,1.34017,81
1779956700,1.34018,1.34022,1.34,1.34004,90
1779956760,1.34005,1.34005,1.33974,1.33979,106
1779956820,1.33979,1.3398,1.33968,1.3397,77
1779956880,1.3397,1.33974,1.33956,1.33972,128
1779956940,1.33973,1.33998,1.33972,1.33995,109
1779957000,1.33994,1.34001,1.33981,1.34001,110
1779957060,1.34,1.34,1.3399,1.33991,77
1779957120,1.3399,1.3399,1.33982,1.33984,84
1779957180,1.33981,1.33983,1.33971,1.33981,52
1779957240,1.33981,1.33996,1.33977,1.33979,90
1779957300,1.33987,1.33995,1.33974,1.33977,109
1779957360,1.33977,1.33991,1.33977,1.3398,54
1779957420,1.33981,1.33989,1.33976,1.33989,94
1779957480,1.33987,1.33992,1.3398,1.3399,69
1779957540,1.33991,1.33991,1.33978,1.33987,63
1779957600,1.33988,1.33989,1.33977,1.33989,62
1779957660,1.33991,1.34005,1.33987,1.33995,89
1779957720,1.33996,1.33996,1.33982,1.33983,97
1779957780,1.33984,1.33987,1.33959,1.33962,99
1779957840,1.33963,1.33967,1.3395,1.33961,106
1779957900,1.33961,1.33969,1.33956,1.33969,81
1779957960,1.3397,1.33982,1.33965,1.33981,80
1779958020,1.33983,1.33987,1.33978,1.33981,71
1779958080,1.3398,1.33983,1.33969,1.33981,69
1779958140,1.33987,1.34008,1.33987,1.34008,116
1779958200,1.34007,1.34007,1.34,1.34006,76
1779958260,1.34005,1.34019,1.34005,1.34017,82
1779958320,1.34018,1.34036,1.34018,1.34035,91
1779958380,1.34036,1.34039,1.34027,1.34031,86
1779958440,1.3403,1.34037,1.34014,1.34017,94
1779958500,1.34016,1.34019,1.34008,1.34008,79
1779958560,1.34009,1.34009,1.33998,1.34002,88
1779958620,1.34004,1.34021,1.34003,1.34018,55
1779958680,1.34017,1.34019,1.34009,1.34017,50
1779958740,1.34018,1.34028,1.34017,1.34019,58
1779958800,1.34018,1.34028,1.34013,1.34026,97
1779958860,1.34026,1.34029,1.34018,1.34028,42
1779958920,1.34029,1.34035,1.34023,1.34035,94
1779958980,1.34036,1.34042,1.3403,1.3404,92
1779959040,1.34039,1.3404,1.3403,1.34036,91
1779959100,1.34035,1.34048,1.34033,1.34048,138
1779959160,1.34049,1.34052,1.34027,1.34034,95
1779959220,1.34034,1.34036,1.3403,1.34034,102
1779959280,1.34035,1.34049,1.34029,1.34049,104
1779959340,1.34047,1.34051,1.34028,1.34028,68
1779959400,1.34028,1.34032,1.34022,1.34025,99
1779959460,1.34026,1.34049,1.34025,1.34049,89
1779959520,1.34049,1.3407,1.34048,1.3407,67
1779959580,1.34071,1.34078,1.34064,1.3407,84
1779959640,1.34071,1.34073,1.3406,1.34068,81
1779959700,1.34067,1.34071,1.34061,1.34061,72
1779959760,1.3406,1.3407,1.34058,1.34062,94
1779959820,1.34063,1.34063,1.34051,1.34057,96
1779959880,1.3406,1.34068,1.3406,1.34066,85
1779959940,1.34067,1.34071,1.34056,1.34058,73
1779960000,1.34059,1.34069,1.3405,1.34067,97
1779960060,1.34068,1.34088,1.34067,1.34087,81
1779960120,1.34086,1.34098,1.34086,1.34089,71
1779960180,1.34089,1.34089,1.34071,1.34071,78
1779960240,1.34072,1.34073,1.34065,1.34071,77
1779960300,1.34072,1.34083,1.34071,1.34077,74
1779960360,1.34076,1.34076,1.34063,1.34075,93
1779960420,1.34075,1.34076,1.3406,1.3406,105
1779960480,1.34061,1.34061,1.34047,1.34048,73
1779960540,1.34048,1.34049,1.3404,1.34043,94
1779960600,1.34042,1.34049,1.34041,1.34041,90
1779960660,1.34042,1.34045,1.34031,1.34032,86
1779960720,1.34033,1.34033,1.34011,1.34015,101
1779960780,1.34014,1.34018,1.34001,1.34006,107
1779960840,1.34007,1.34018,1.34004,1.34015,76
1779960900,1.34015,1.34019,1.34009,1.34018,111
1779960960,1.34019,1.34023,1.34016,1.34018,61
1779961020,1.34017,1.34029,1.34017,1.34017,68
1779961080,1.34018,1.34019,1.33998,1.33998,71
1779961140,1.33999,1.34009,1.33999,1.34001,92
1779961200,1.34001,1.34013,1.34001,1.34013,80
1779961260,1.34012,1.34029,1.34012,1.34022,90
1779961320,1.34021,1.34021,1.34006,1.34012,70
1779961380,1.34011,1.34012,1.33985,1.33985,114
1779961440,1.33987,1.33992,1.33986,1.33988,82
1779961500,1.33987,1.33987,1.33964,1.33969,91
1779961560,1.3397,1.33981,1.33969,1.33979,93
1779961620,1.3398,1.3398,1.33959,1.33974,93
1779961680,1.33972,1.33981,1.33971,1.33981,81
1779961740,1.3398,1.33982,1.33971,1.3398,89
1779961800,1.33978,1.34,1.33978,1.33995,97
1779961860,1.33993,1.33997,1.33987,1.33991,76
1779961920,1.33992,1.33992,1.33971,1.33989,105
1779961980,1.3399,1.34007,1.3399,1.34003,78
1779962040,1.34002,1.34004,1.33979,1.3398,94
1779962100,1.3398,1.33981,1.33956,1.33957,92
1779962160,1.33956,1.33961,1.33954,1.33958,84
1779962220,1.33957,1.33963,1.33951,1.33961,108
1779962280,1.33961,1.33961,1.33948,1.33951,123
1779962340,1.33951,1.33963,1.33949,1.33956,102
1779962400,1.33958,1.33958,1.33947,1.33957,104
1779962460,1.33958,1.33958,1.33936,1.33936,102
1779962520,1.33934,1.33956,1.33934,1.33956,127
1779962580,1.33955,1.33971,1.33955,1.33965,109
1779962640,1.33964,1.33968,1.33948,1.33948,115
1779962700,1.33945,1.33956,1.3393,1.3393,103
