time,open,high,low,close,volume
1779618540,77092.34,77129.01,77088.94,77118.46,82
1779618600,77124.61,77126.44,77048.38,77073.75,66
1779618660,77020.12,77051.51,77013.57,77021.76,66
1779618720,76986,77013.28,76972.25,76993.27,100
1779618780,77020.06,77132.76,77019.99,77105.89,124
1779618840,77077.27,77077.27,77077.27,77077.27,2
1779618900,77119.88,77119.88,77114.21,77114.21,12
1779618960,77033.92,77049.42,77032.85,77047.1,32
1779619020,77065.52,77089.52,77053.5,77055.91,50
1779619080,77042.98,77111.91,77040.49,77097.61,78
1779619140,77081.58,77087.36,77079.99,77083.95,44
1779619200,77104.84,77112.34,77083.08,77103.56,84
1779619260,77096.36,77097.57,77077.13,77090.95,84
1779619320,77080.61,77084.8,77080.61,77084.8,8
1779619380,77080.44,77093.21,77050.18,77078.05,36
1779619440,77097.99,77102.16,77081.11,77083.22,34
1779619500,77087.72,77090.64,77080.16,77081.04,30
1779619560,77044.79,77044.95,77031.35,77035.32,62
1779619620,77054.57,77063.53,77050.29,77063.53,32
1779619680,77050.29,77050.29,77012.97,77017.42,82
1779619740,77037.47,77037.47,77037.47,77037.47,2
1779619800,77061.96,77068.02,77061.96,77068.02,14
1779619860,77042.65,77042.78,77038.68,77040.07,26
1779619920,77068.28,77088.19,77064.32,77075.9,40
1779619980,77092.71,77100.69,77083.39,77083.53,62
1779620040,77093.45,77093.45,77085.08,77089.05,34
1779620100,77050.68,77067.23,77044.88,77048.9,96
1779620160,77090.17,77090.17,77084.24,77084.24,4
1779620220,77083.95,77088.09,77083.95,77088.08,10
1779620280,77077.5,77079.1,77074.45,77074.48,22
1779620340,77082.21,77086.68,77082.21,77082.65,34
1779620400,77081.2,77110.86,77072.4,77109.44,72
1779620460,77129.83,77138.87,77126.89,77130.85,86
1779620520,77134.5,77180.32,77134.5,77180.32,108
1779620580,77162.07,77162.07,77162.07,77162.07,2
1779620640,77173.15,77173.15,77165.75,77170.17,12
1779620700,77183.89,77207.72,77183.89,77194.35,42
1779620760,77197.86,77216.16,77195.56,77207.95,38
1779620820,77197.53,77201.31,77193.54,77199.48,44
1779620880,77182.03,77215.67,77169.97,77186.25,64
1779620940,77158.03,77161.65,77147.48,77158.55,80
1779621000,77197.47,77197.47,77175.55,77176.34,12
1779621060,77183.5,77183.5,77176.68,77176.68,20
1779621120,77195.06,77216.73,77189.7,77216.73,36
1779621180,77225.94,77254.03,77225.94,77229.19,78
1779621240,77191.3,77194.85,77170.75,77187.55,74
1779621300,77188.34,77189.99,77181.12,77185.11,54
1779622320,77203.38,77205.06,77203.2,77203.2,10
1779622380,77204.84,77207.07,77191.76,77194.89,30
1779622500,77202.34,77206.13,77202.34,77206.13,10
1779622560,77185.98,77188.09,77179.71,77183.32,28
1779622620,77177.19,77181.71,77177.19,77181.07,26
1779622680,77143.88,77147.44,77135.59,77138.64,66
1779622740,77137.18,77150.82,77128.97,77137.71,46
1779622800,77140.9,77160.55,77135.57,77158.56,62
1779622860,77153.46,77160.84,77153.14,77157.17,48
1779622980,77115.05,77120.82,77104.5,77115.1,64
1779623040,77135.73,77142.21,77135.73,77142.21,52
1779623100,77152.22,77152.22,77152.22,77152.22,2
1779623160,77185.85,77185.85,77175.26,77179.22,16
1779623220,77185.08,77191.37,77181.01,77181.04,28
1779623280,77173.6,77178.17,77173.15,77178.15,46
1779623340,77177.05,77201.63,77161.63,77166.84,92
1779623400,77129.08,77153.5,77119.9,77149.28,118
1779623460,77152.87,77156.84,77152.87,77156.84,4
1779623520,77155.49,77160.74,77151.71,77154.95,16
1779623580,77154.86,77156.28,77150.4,77150.77,22
1779623640,77164.29,77187.34,77161.13,77184.64,60
1779623700,77167.95,77177.99,77167.86,77177.72,40
1779623760,77183.47,77215.31,77183.46,77214.81,64
1779623820,77193.95,77200.09,77169.42,77172.15,80
1779623880,77180.88,77180.92,77170.34,77175.31,54
1779623940,77180.18,77180.23,77180.17,77180.19,12
1779624000,77209.3,77221.02,77209.3,77214.88,42
1779624060,77191.75,77191.75,77182.2,77182.2,46
1779624120,77176.35,77176.36,77171.14,77171.14,28
1779624180,77153.62,77154.55,77148.11,77148.64,60
1779624240,77149.57,77157.35,77135.5,77145.47,98
1779624300,77153.3,77154.33,77153.3,77154.33,4
1779624360,77137.34,77143.64,77137.34,77143.64,14
1779624420,77136.42,77139.31,77129.02,77133,24
1779624480,77133.78,77133.79,77129.6,77129.6,46
1779624540,77128.58,77132.54,77102.51,77106.51,62
1779624600,77114.8,77125.18,77114.73,77122.48,52
1779624660,77106.03,77106.21,77092,77092.05,82
1779624720,77079.2,77079.8,77058.65,77065.14,98
1779624780,77082.38,77082.38,77082.15,77082.15,6
1779624840,77060.73,77064.8,77056.9,77057.17,14
1779624900,77099.53,77103.55,77099.53,77099.56,14
1779624960,77084.53,77087.35,77063.21,77063.21,66
1779625020,77020.01,77021.13,77005.93,77011.76,66
1779625080,77014.14,77019.24,76980.61,77008.73,82
1779625140,77013.58,77013.58,77007.04,77007.04,8
1779625200,76992.09,76992.09,76984.16,76990.98,26
1779625260,76971.26,77000.27,76971.26,76990.43,26
1779625320,76958.41,76967.73,76957.11,76967.58,42
1779625440,76963.04,76968.43,76962.52,76968.43,8
1779625500,76978.32,76982.09,76974.36,76981.39,22
1779625560,76993.16,76993.17,76984.15,76984.15,18
1779625620,76982.91,76987.73,76978.97,76987.73,30
1779625680,76988.39,76988.4,76977.74,76977.83,42
1779625740,76982.21,76986.49,76976.98,76985.56,64
1779625800,76975.82,76987.71,76967.94,76980.37,20
1779625860,77014.5,77022.65,76962.21,76975.5,40
1779625920,76987.33,76994.98,76981.06,76994.81,40
1779625980,76993.25,76997.23,76992.59,76996.59,28
1779626040,76962.27,76993.36,76932.49,76932.49,100
1779626100,76957.32,76957.32,76957.32,76957.32,2
1779626160,76971.01,76971.03,76971.01,76971.03,4
1779626220,76968.48,76971.6,76962.54,76971.6,26
1779626280,76969.48,76969.94,76940.73,76958.01,44
1779626340,76952.46,76967.23,76952.45,76966.99,38
1779626400,76976.04,76984.5,76962.17,76972.23,58
1779626520,76988.7,76991.38,76984.73,76991.18,48
1779626580,77005.1,77005.18,76997.47,77002.37,66
1779626640,77022.63,77022.65,77018.69,77022.65,6
1779626940,77001.14,77005.1,76987.59,76997.72,70
1779627000,76994.26,76998.03,76990.92,76993.84,44
1779627060,76985.5,76989.49,76985.4,76985.47,44
1779627120,76980.89,76980.9,76980.89,76980.9,4
1779627180,76993.06,76993.06,76989.09,76989.09,6
1779627240,76998.67,76999.17,76998.67,76999.1,16
1779627300,76984.99,76984.99,76978.16,76978.57,18
1779627360,76989.14,76989.26,76985.17,76985.17,24
1779627420,76983.8,76990.18,76983.8,76990.11,40
1779627480,76988.87,76997.74,76988.75,76996.42,32
1779627540,77017.9,77017.9,76999.23,77007.51,58
1779627600,77012.04,77023.87,77012.03,77021.93,14
1779627660,77007.18,77010.46,77006.5,77006.51,18
1779627720,76997.84,77001.89,76994.02,76994.02,28
1779627780,76993.86,76997.52,76993.33,76993.33,22
1779627840,76974.36,76990.93,76974.36,76990.48,46
1779627900,76996.05,76996.05,76977.65,76977.67,54
1779627960,76979.21,76985.44,76979.21,76981.34,62
1779628020,76981.94,76994.36,76981.94,76988.09,14
1779628080,76989.8,76993.78,76985.53,76985.53,106
1779628260,76949.61,76949.79,76945.53,76945.82,56
1779628320,76953.51,76953.72,76941.82,76953.72,10
1779628380,76939.17,76943.21,76939.17,76939.22,18
1779628440,76945.48,76949.35,76927.43,76934.92,48
1779628500,76946.59,76962.64,76942.63,76959.91,46
1779628560,76968.26,76972.98,76967.83,76972.91,38
1779628620,76977.59,76981.23,76975.74,76981.19,36
1779628680,76977,76985.5,76977,76984.94,68
1779628800,76994.71,77010.31,76994.71,77006.35,58
1779628860,77012.49,77013.45,76997.17,77013.11,72
1779628920,77009.41,77013.37,77009.41,77013.37,4
1779628980,76992.35,76992.98,76991.66,76992.98,16
1779629040,76986.74,76990.7,76985.08,76985.08,24
1779629100,76957.06,76974.35,76953.28,76955.26,50
1779629160,76962.7,76962.7,76954,76959.81,46
1779629220,76957.4,76972.79,76957.4,76971.9,44
1779629280,76940.03,76940.03,76910.51,76918.54,84
1779629340,76875.19,76882.86,76874.19,76882.86,16
1779629400,76860.86,76871.67,76860.86,76866.16,34
1779629460,76882.47,76915.68,76881.91,76914.79,44
1779629520,76911.68,76915.91,76902.46,76906.42,50
1779629580,76883.09,76883.09,76858.23,76862.87,86
1779629640,76864.06,76864.06,76864.06,76864.06,2
1779629700,76839.48,76843.44,76839.48,76843.4,6
1779629760,76849.5,76849.5,76817.3,76817.3,44
1779629820,76803.66,76810.34,76793.57,76804.25,52
1779629880,76798.26,76798.27,76770.18,76774.23,68
1779629940,76787.78,76796.9,76787.78,76796.9,52
1779630000,76796.06,76825.64,76796.06,76825.64,82
1779630060,76849.91,76869.14,76842.61,76848.86,104
1779630120,76854.63,76854.63,76832.14,76837.81,20
1779630360,76869.63,76882.1,76864.87,76878.48,58
1779630420,76888.56,76892.52,76864.33,76881.65,60
1779630540,76823.01,76829.01,76821.67,76827.05,16
1779630600,76811.16,76814.3,76805.44,76813.8,40
1779630660,76798.25,76806.97,76795.89,76799.87,34
1779630720,76806.98,76808.31,76802.98,76808.31,38
1779630780,76805.21,76805.24,76750.1,76779.12,106
1779630840,76750.87,76760.45,76741.37,76741.37,18
1779630900,76688.19,76718.31,76684.09,76713.29,38
1779630960,76672.72,76689.33,76599.61,76647.84,58
1779631020,76596.57,76611.89,76579.68,76610.57,82
1779631080,76617.63,76621.62,76598.83,76603.31,88
1779631140,76630.96,76661.02,76630.96,76661.02,82
1779631200,76704.77,76704.77,76639.24,76673.57,116
1779631260,76711.89,76711.89,76703.73,76707.73,14
1779631320,76734.75,76740.59,76734.75,76740.56,26
1779631380,76646.36,76664.43,76644.06,76644.06,48
1779631440,76648.66,76648.66,76606.76,76630.47,82
1779631500,76637.99,76679.82,76637.94,76669.29,136
1779631560,76666.55,76680.18,76659.41,76675.04,36
1779631620,76681.49,76681.49,76664.44,76667.14,32
1779631680,76675.59,76686.08,76653.53,76654.57,90
1779631740,76641.39,76655.16,76641.36,76653.36,24
1779631800,76647.85,76661.7,76643.89,76661.48,34
1779631860,76662.69,76662.69,76641.99,76642.23,58
1779631920,76553.58,76558.12,76451.88,76456.69,144
1779631980,76414.74,76489.91,76352.07,76407.2,180
1779632040,76398.08,76398.18,76322.06,76347.21,30
1779632100,76416.17,76432.78,76369.34,76375.07,48
1779632160,76410.87,76416.64,76367.67,76414.39,62
1779632220,76146.29,76199.43,76120.35,76136.92,94
1779632280,76245.49,76300.55,76233.36,76299.93,114
1779632340,76257.95,76290.05,76247.43,76260.36,110
1779632400,76157.49,76171.27,76157.49,76171.27,4
1779632460,76261.08,76274.67,76249.14,76274.67,38
1779632520,76331.13,76399.41,76312.59,76383.53,60
1779632580,76419.76,76435.6,76418.47,76433.5,52
1779632640,76449.29,76455.49,76425.25,76455.01,86
1779632700,76395.16,76397.16,76350.45,76353.61,110
1779632760,76362.06,76362.06,76291.08,76295.94,124
1779632820,76286.34,76296.3,76284.09,76295.99,18
1779632880,76330.62,76350.51,76324.65,76350.51,24
1779632940,76395.69,76395.83,76342.41,76348.34,58
1779633000,76317.07,76353.41,76299.56,76347.59,64
1779633060,76351.13,76394.32,76341.01,76391.96,80
1779633120,76422.38,76443.2,76376.61,76380.9,126
1779633180,76390.7,76390.79,76390.7,76390.79,4
1779633240,76428.24,76428.24,76424.28,76424.3,8
1779633300,76412.75,76412.75,76379.53,76391.35,40
1779633360,76328.61,76364.28,76328.61,76363.7,66
1779633420,76332.32,76378.76,76331.09,76353.74,60
1779633480,76401.77,76407.24,76385.54,76403.41,78
1779633540,76412.03,76437.95,76400.13,76437.95,84
1779633600,76429.49,76435.43,76429.48,76431.05,14
1779633720,76354.52,76367.04,76353.07,76367.04,38
1779633780,76366.59,76401.65,76366.59,76383.79,58
1779633840,76389.89,76396.63,76389.24,76389.7,58
1779633900,76360.88,76387.06,76358.28,76372.05,72
1779633960,76362.3,76372.49,76325.52,76365.83,110
1779634020,76368.2,76368.2,76367.89,76367.89,4
1779634080,76350.27,76354.27,76343.62,76344.33,30
1779634140,76354.25,76354.51,76316.08,76333.86,24
1779634200,76325.39,76325.39,76270.57,76296.09,66
1779634260,76380.47,76399.07,76380.47,76389.3,64
1779634320,76381.29,76383.09,76377.21,76377.32,42
1779634380,76384.05,76407.05,76380.82,76401.29,80
1779634440,76410.61,76423.89,76394.8,76406.43,98
1779634500,76389.28,76389.28,76382.93,76382.93,12
1779634560,76389.97,76393.93,76378.57,76386.67,28
1779634620,76379.78,76385.18,76375.82,76381.2,28
1779634680,76360.31,76366.9,76359.53,76359.53,38
1779634740,76337.18,76383.83,76337.18,76360.25,62
1779634800,76365.41,76366.39,76339.91,76364.05,104
1779634860,76335.29,76341.9,76335.29,76341.9,6
1779634920,76357.98,76383.52,76357.41,76381.63,20
1779634980,76421.29,76421.31,76415.33,76419.34,26
1779635040,76386.23,76406.17,76381.45,76406.17,52
1779635100,76443.29,76446.22,76415.96,76418.72,52
1779635160,76397.58,76412.53,76378.53,76387.82,52
1779635220,76345.78,76349.74,76345.64,76349.64,48
1779635280,76332.81,76352.19,76332.81,76344.89,46
1779635340,76388.25,76388.25,76388.25,76388.25,2
1779635400,76397.64,76398.33,76397.48,76398.33,14
1779635460,76402.58,76402.6,76396.15,76401.95,36
1779635520,76405.13,76407.71,76402.49,76407.71,40
1779635580,76390.89,76399.71,76384.36,76399.69,54
1779635640,76395.27,76410.13,76393.3,76410.13,80
1779635700,76412.54,76412.54,76412.54,76412.54,2
1779635760,76409.39,76409.4,76409.39,76409.4,4
1779635820,76325.62,76344.04,76325.62,76342.74,34
1779635880,76366.09,76376.59,76359.23,76369.89,46
1779635940,76388.27,76395.47,76388.27,76395.47,52
1779636000,76395.64,76395.64,76367.83,76375.08,64
1779636060,76364.93,76364.94,76294.53,76338.05,88
1779636120,76352.8,76352.8,76342.1,76342.1,4
1779636180,76362.12,76362.65,76362.12,76362.65,6
1779636240,76371,76391.8,76371,76391.57,46
1779636300,76386.03,76386.12,76368.73,76368.73,62
1779636360,76369.68,76380.19,76363.13,76375.87,72
1779636420,76376.15,76390.43,76367.85,76373.74,72
1779636480,76371.33,76371.33,76371.32,76371.32,4
1779636540,76353.89,76353.91,76347.32,76347.32,18
1779636600,76350.35,76376.02,76346.38,76368.34,34
1779636660,76392.08,76392.08,76375.34,76375.34,46
1779636720,76376.7,76376.76,76372.32,76372.32,26
1779636780,76393.13,76393.2,76370.61,76377.83,74
1779636840,76363.33,76363.36,76357.33,76358.18,14
1779636900,76344.91,76344.91,76337.14,76341.1,20
1779636960,76358.91,76369.22,76336.73,76357.85,40
1779637020,76344.1,76352.61,76339.54,76347.18,50
1779637080,76368.6,76368.6,76354.45,76355.41,56
1779637140,76362.51,76369.03,76355.58,76355.58,50
1779637200,76359.28,76359.28,76355.22,76359.03,6
1779637260,76350.79,76364.08,76350.67,76360.83,16
1779637320,76340.01,76346.44,76336.02,76338.11,27
1779637380,76337.62,76339.01,76334.57,76334.57,22
1779637440,76335.74,76361.33,76335.74,76357.39,60
1779637500,76356.15,76360.55,76355.37,76360.55,56
1779637560,76342.98,76342.98,76314.78,76324.43,76
1779637620,76326.76,76338.11,76326.59,76338.11,8
1779637680,76358.63,76363.22,76358.63,76363.22,16
1779637740,76351.56,76351.68,76347.59,76351.68,18
1779637800,76374.45,76392.16,76374.45,76388.09,36
1779637860,76335.53,76335.88,76317.88,76319.13,32
1779637920,76316.03,76317.12,76275.86,76284.76,86
1779637980,76289.52,76307.24,76289.52,76300.87,74
1779638040,76315.13,76315.13,76311.44,76311.44,4
1779638100,76307.54,76313.9,76307.47,76313.9,20
1779638160,76289.45,76289.68,76277.2,76277.2,26
1779638220,76298.8,76298.8,76290.69,76290.69,28
1779638280,76289.6,76289.6,76265.79,76268.07,48
1779638340,76276.59,76282.87,76272.6,76281.23,38
1779638400,76288.67,76296.2,76276.07,76296.1,84
1779638460,76293.38,76293.38,76287.2,76287.2,8
1779638520,76300.14,76301.09,76295.73,76297.12,16
1779638580,76306.96,76309.36,76305.38,76309.36,16
1779638640,76372.8,76404.54,76372.8,76403.27,72
1779638700,76460.76,76505.71,76460.76,76505.71,106
1779638760,76604.21,76604.21,76523.43,76525.45,144
1779638820,76476.11,76476.11,76459.77,76471.75,16
1779638880,76480.23,76480.23,76460.69,76460.69,28
1779638940,76460.07,76460.07,76453.79,76458,34
1779639000,76497.31,76533,76494.36,76524.73,78
1779639060,76527.63,76531.2,76499.89,76499.96,80
1779639120,76496.4,76500.36,76476.63,76481.1,70
1779639180,76498,76498,76476.02,76477.71,70
1779639240,76486.31,76486.31,76482.35,76482.36,6
1779639300,76515.99,76515.99,76496.27,76505.7,24
1779639360,76550.4,76647.34,76550.4,76586.23,54
1779639420,76585.48,76608.08,76577.99,76595.68,70
1779639480,76617.53,76629.59,76560.03,76563.2,92
1779639540,76548.62,76578.79,76544.39,76569.28,84
1779639600,76556.09,76561.56,76538.2,76547.01,76
1779639660,76510.4,76510.4,76510.4,76510.4,2
1779639720,76513.62,76541.08,76513.62,76539.78,36
1779639780,76548.84,76549.35,76548.36,76548.36,18
1779639840,76544.14,76544.14,76518.6,76522.34,60
1779639900,76512.14,76512.14,76489.46,76508.46,68
1779639960,76493.8,76497.75,76476.95,76478.09,90
1779640020,76454.34,76454.34,76454.34,76454.34,2
1779640080,76475.9,76476.87,76472.88,76472.88,12
1779640140,76495.52,76499.68,76495.52,76499.62,14
1779640200,76490.79,76508.39,76490.79,76503.3,30
1779640260,76485.79,76485.79,76472.8,76476.81,36
1779640320,76491.25,76495.24,76467.24,76467.32,56
1779640380,76468.33,76489.9,76451.66,76484.88,62
1779640440,76464.04,76464.61,76451.53,76452.98,87
1779640500,76459.2,76459.2,76444.16,76444.53,18
1779640560,76383.14,76394.01,76353.58,76356.99,60
1779640620,76374.15,76401.57,76374.15,76387.06,64
1779640680,76384.43,76390.98,76380.49,76390.23,44
1779640740,76387.27,76389.9,76380.22,76384.29,50
1779640800,76414.84,76429.51,76409.66,76427.97,80
1779640860,76436.81,76436.81,76431.74,76431.74,18
1779640920,76415.69,76416.46,76412.02,76416.05,28
1779640980,76418.58,76418.58,76411.22,76411.22,40
1779641040,76397.13,76401.31,76397.1,76397.75,30
1779641100,76415.12,76423.27,76414.76,76422.14,56
1779641160,76431.24,76440.4,76428.46,76437.63,62
1779641220,76463.4,76463.49,76458.9,76463.49,14
1779641280,76481.04,76482.5,76477.08,76482.5,14
1779641340,76499.35,76499.84,76494.31,76495.72,28
1779641400,76494.66,76500.71,76479.95,76479.95,38
1779641460,76475.17,76507.87,76475.13,76505.43,36
1779641520,76501.63,76529.66,76501.63,76524.24,66
1779641580,76511.16,76511.16,76511.16,76511.16,2
1779641640,76512.8,76549.56,76512.8,76549.56,16
1779641700,76533.28,76537.3,76533.27,76536.04,22
1779641760,76514.44,76530.42,76514.44,76527.12,30
1779641820,76536.32,76559.67,76532.36,76553.21,36
1779641880,76576.4,76580.88,76571.36,76576.89,78
1779641940,76605.6,76606.53,76571.35,76573.65,84
1779642000,76574.04,76574.04,76562.25,76569.74,12
1779642060,76616.91,76623.47,76612.34,76617.48,34
1779642120,76619.67,76630.79,76616.96,76616.96,48
1779642180,76576.79,76582.76,76565.44,76571.97,42
1779642240,76567.51,76582.51,76560.18,76581.81,60
1779642300,76601.78,76616.46,76601.78,76616.08,70
1779642360,76630.3,76634.32,76615.1,76632.67,76
1779642420,76622.11,76624.56,76622.09,76624.56,8
1779642480,76594.67,76614.91,76584.72,76610.81,40
1779642540,76595.57,76607.17,76595.51,76606.8,24
1779642600,76615.42,76615.57,76583.99,76589.19,58
1779642660,76606.28,76606.28,76585.65,76590.21,46
1779642720,76582.72,76590.29,76571.42,76586.06,66
1779642780,76590.22,76590.23,76590.22,76590.23,4
1779642840,76565.39,76569.41,76497.42,76519.59,26
1779642900,76538.25,76570.84,76538.02,76556.28,34
1779642960,76548.75,76552.69,76539.99,76544.03,40
1779643020,76541.81,76557.05,76540.98,76555.63,46
1779643080,76539.43,76547.78,76529.22,76533.94,56
1779643140,76513.43,76514.78,76513.43,76514.77,8
1779643200,76474.4,76489.51,76462.91,76462.91,32
1779643260,76488.8,76516.19,76488.8,76505.44,38
1779643320,76482.8,76503.87,76482.75,76496.62,30
1779643380,76504.24,76519.77,76503.84,76510.8,54
1779643440,76533.42,76538,76490.32,76538,64
1779643500,76546.54,76552.5,76546.54,76552.5,4
1779643560,76547.62,76547.62,76545.24,76545.33,18
1779643620,76530.58,76535.04,76530.09,76530.47,20
1779643680,76538.18,76541.97,76514.11,76517.45,46
1779643740,76520.89,76527.92,76516.06,76525.76,36
1779643800,76516.98,76526.4,76500.52,76508.2,66
1779643860,76504.63,76519.8,76504.63,76519.79,62
1779643920,76547.83,76562.25,76543.65,76552.46,14
1779643980,76547.93,76552.21,76547.93,76552.21,10
1779644040,76527.27,76527.27,76520.68,76521.37,26
1779644100,76534.48,76534.89,76527.96,76531.81,36
1779644160,76527.65,76535.41,76524.93,76534.21,52
1779644220,76546.71,76556.19,76540.43,76556.17,52
1779644280,76561.96,76569.45,76557.96,76569.12,66
1779644340,76568.4,76593.56,76568.4,76590.25,22
1779644400,76616.78,76616.78,76607.3,76608.94,38
1779644460,76590.8,76596.71,76590.74,76596.71,32
1779644520,76609.59,76622.65,76609.59,76620.16,38
1779644580,76594.17,76595.8,76590.93,76591.19,46
1779644640,76601.53,76603.39,76596.95,76603.39,50
1779644700,76605.81,76606.1,76605.81,76606.09,12
1779644760,76605.34,76605.79,76601.47,76605.32,16
1779644820,76616.17,76616.17,76590.58,76590.58,56
1779644880,76588.05,76592.06,76583.6,76587.96,46
1779644940,76600.98,76605.62,76596.99,76604.07,44
1779645000,76630.32,76717.61,76624.53,76674.86,112
1779645060,76639.24,76639.24,76633.04,76633.24,6
1779645120,76605.13,76611.42,76605.13,76607.12,26
1779645180,76622.69,76622.69,76594.98,76598.01,34
1779645240,76615.65,76618.31,76611.68,76618.25,42
1779645300,76613.99,76618.33,76600.35,76603.35,44
1779645360,76600.65,76601.74,76596.79,76597.21,48
1779645420,76596.8,76597.09,76592.25,76592.96,42
1779645480,76609.62,76627.02,76605.28,76616.17,72
1779645540,76599.17,76600,76594.41,76597.7,26
1779645600,76595.18,76607.96,76591.11,76607.96,43
1779645660,76597.59,76603.15,76597.56,76599.21,46
1779645720,76604.5,76608.95,76593.07,76596.32,50
1779645780,76600.32,76604.32,76584.47,76585.57,60
1779645840,76590.78,76594.74,76590.78,76590.78,6
1779645900,76575.67,76587.7,76571.74,76587.7,21
1779645960,76568.6,76570.84,76526.82,76541.53,36
1779646020,76567.49,76572.53,76563.5,76572.53,34
1779646080,76575.93,76590.77,76575.93,76586.8,40
1779646140,76597.75,76599.03,76593.5,76593.94,68
1779646200,76589.59,76601.43,76584.28,76596.98,46
1779646260,76604.34,76604.5,76604.12,76604.5,6
1779646320,76583.67,76615.9,76583.67,76606.38,18
1779646380,76624.31,76626.38,76624.31,76626.38,14
1779646440,76664.09,76666.23,76633.3,76633.3,50
1779646500,76641.8,76641.8,76630.21,76631.08,36
1779646560,76649.13,76649.13,76620.3,76624.16,54
1779646620,76670.89,76680.75,76652.18,76675.67,58
1779646680,76661.96,76690.2,76661.85,76683.82,68
1779646740,76678.36,76678.36,76665.31,76666.01,8
1779646800,76645.66,76649.43,76643.49,76645.65,16
1779646860,76643.51,76650.37,76643.08,76650.37,20
1779646920,76649.87,76660.74,76649.87,76656.83,38
1779646980,76649.33,76653.45,76649.33,76653.45,32
1779647040,76647.41,76651.2,76643.52,76651.2,32
1779647100,76616.19,76619.9,76594.18,76598.14,78
1779647160,76597.36,76601.97,76597.04,76601.97,6
1779647220,76578.99,76587.78,76578.99,76583.81,20
1779647280,76594.15,76609,76593.44,76606.24,28
1779647340,76593.65,76593.65,76585.79,76588.7,44
1779647400,76584.62,76584.83,76572.73,76578.34,60
1779647460,76516.87,76547.98,76514.75,76522.21,82
1779647520,76502.91,76517.14,76502.67,76515.65,18
1779647580,76528.32,76551.75,76528.32,76544.68,30
1779647640,76548.53,76552.08,76547.01,76552.08,22
1779647700,76536.51,76552.92,76531.98,76544.78,30
1779647760,76554,76557.44,76544.12,76552.24,50
1779647820,76567.57,76585.24,76567.57,76579.3,64
1779647880,76581.63,76590,76581.28,76590,58
1779647940,76591.65,76596.23,76591.65,76596.23,10
1779648000,76611.14,76615.28,76604.4,76605.12,28
1779648060,76590.68,76597.48,76590.68,76593.09,32
1779648120,76596.41,76596.41,76561.27,76561.27,56
1779648180,76536.55,76541.83,76531.99,76537.87,64
1779648240,76533.17,76541.95,76529.2,76540.58,62
1779648300,76537.62,76540.34,76537.62,76540.34,4
1779648360,76560.95,76560.95,76560.06,76560.06,10
1779648420,76553.95,76554.57,76550.12,76554.38,24
1779648480,76572.19,76576.25,76561.77,76561.77,18
1779648540,76518.3,76521.16,76495.93,76498.24,58
1779648600,76513.93,76514.18,76494.16,76507.68,60
1779648660,76503.76,76505.12,76503.76,76505.12,4
1779648720,76508.39,76508.39,76508.32,76508.39,6
1779648780,76501.56,76525.59,76501.56,76525.59,20
1779648840,76528.12,76540.97,76524.16,76540.97,36
1779648900,76553.29,76572.21,76553.29,76572.21,40
1779648960,76573.25,76573.25,76551.46,76555.42,40
1779649020,76558.7,76570.08,76554.29,76569.85,70
1779649080,76570.86,76570.86,76566.33,76566.33,12
1779649140,76574.07,76577.52,76570.22,76577.52,26
1779649200,76563.3,76581.48,76555.33,76557.88,54
1779649260,76588.18,76625.2,76588.18,76619.55,56
1779649320,76600.16,76618.14,76581.7,76614.41,66
1779649380,76630.99,76648.49,76604.42,76604.72,92
1779649440,76605.36,76605.36,76605.36,76605.36,2
1779649500,76572.05,76579.76,76570.61,76570.61,26
1779649560,76581.75,76587.38,76581.75,76587.38,26
1779649620,76586.06,76599.01,76586.06,76593.29,40
1779649680,76597.61,76605.39,76590.25,76590.97,62
1779649740,76579.7,76594.15,76579.7,76590.46,46
1779649800,76587.2,76587.2,76587,76587.05,6
1779649860,76598.56,76602.55,76566.91,76577.65,20
1779649920,76573.88,76575.17,76571.17,76575.17,16
1779649980,76578.08,76582.06,76577.65,76577.68,18
1779650040,76557.33,76561.33,76543.79,76547.97,58
1779650100,76533.28,76533.28,76513.68,76515.17,62
1779650160,76526.74,76526.96,76505.06,76505.51,66
1779650220,76559.83,76566.54,76559.83,76560.6,16
1779650280,76634.53,76650.98,76610.67,76642.29,42
1779650340,76623.55,76642.05,76622.53,76623.17,36
1779650400,76599.48,76611.61,76599.48,76608.94,32
1779650460,76596.79,76600.84,76584.83,76593.67,56
1779650520,76605.99,76606.16,76601.53,76606.13,58
1779650580,76607.1,76607.1,76586.6,76586.6,20
1779650640,76596.47,76598.05,76596.47,76598.05,10
1779650700,76595.18,76600.28,76595.18,76595.25,26
1779650760,76583.69,76585,76580.01,76581.14,24
1779650820,76565.91,76573.22,76553.48,76562.74,60
1779650880,76562.35,76568.39,76561.48,76565.32,56
1779650940,76559.78,76560.06,76559.78,76560.06,4
1779651000,76559.72,76570.96,76555.94,76569.82,28
1779651060,76565.1,76569.62,76563.84,76563.89,22
1779651120,76568.45,76569.82,76550.39,76554.23,50
1779651180,76539.54,76548.62,76535.39,76548.62,60
1779651240,76543.55,76543.55,76539.58,76541.11,6
1779651300,76558.52,76562.74,76558.52,76561.52,14
1779651360,76576.17,76578.45,76576.17,76578.44,8
1779651420,76572.83,76573.51,76572.66,76573.13,18
1779651480,76576.74,76577.69,76572.84,76577.69,16
1779651540,76573.29,76573.32,76569.03,76573.26,32
1779651600,76573.86,76595.89,76573.86,76593.48,42
1779651660,76629.2,76629.38,76604.66,76604.67,72
1779651720,76614.1,76624.02,76614.1,76619.87,38
1779651780,76614.6,76614.71,76614.6,76614.62,12
1779651840,76602.56,76607.06,76602.56,76603.13,24
1779651900,76609.79,76609.79,76605.83,76606.19,18
1779651960,76610.87,76619.54,76610.79,76619.15,32
1779652020,76614.46,76620.45,76614.46,76614.79,48
1779652080,76614.77,76633.38,76614.77,76627.87,81
1779652140,76631.66,76634.09,76631.66,76634.09,4
1779652200,76647.46,76647.46,76645.73,76645.73,4
1779652260,76646.66,76650.9,76645.11,76645.14,26
1779652320,76650.04,76654.05,76643.9,76644.13,46
1779652380,76640.59,76645.29,76640.59,76640.9,32
1779652440,76652.51,76653.51,76647.81,76653.51,44
1779652500,76665.43,76679.04,76659.77,76679.04,108
1779652560,76680.57,76680.57,76675.22,76679.19,10
1779652620,76672.3,76672.3,76658.36,76658.36,24
1779652680,76656.6,76660.81,76656.53,76660.49,24
1779652740,76647.17,76651.1,76644.66,76645.04,34
1779652800,76668.22,76693.33,76668.22,76671.14,74
1779652860,76558.18,76630.85,76558.18,76627.27,70
1779652920,76643.68,76643.68,76627.38,76635.46,82
1779652980,76627.63,76632.17,76627.63,76632.17,8
1779653040,76594.06,76602.66,76594.06,76601.16,20
1779653100,76602.27,76602.44,76580.23,76580.23,40
1779653160,76552.89,76573.26,76552.89,76566.78,36
1779653220,76581.81,76585.38,76564.48,76570.25,52
1779653280,76638.65,76639.85,76622.03,76639.8,64
1779653340,76641.32,76641.39,76593.38,76594.53,88
1779653400,76590.76,76603.44,76590.72,76596.85,14
1779653460,76592.54,76596.68,76592.28,76592.53,20
1779653520,76609.18,76609.76,76605.62,76609.76,30
1779653580,76610.76,76611.89,76607.7,76611.89,28
1779653640,76608.73,76608.73,76589.88,76596.12,52
1779653700,76580.29,76580.29,76574.93,76574.93,8
1779653760,76588.59,76588.61,76584.48,76588.57,22
1779653820,76590.22,76590.23,76580.99,76580.99,20
1779653880,76566.35,76567.82,76550.8,76550.8,60
1779653940,76545.02,76563.85,76545.02,76560.45,36
1779654000,76568.67,76569.06,76537.21,76537.21,66
1779654060,76538.59,76557.65,76538.59,76553.94,86
1779654120,76562.03,76562.03,76561.95,76561.95,8
1779654180,76590.2,76594.25,76590.2,76594.25,8
1779654240,76596.89,76596.98,76573.19,76577.93,22
1779654300,76562.07,76566.65,76558.62,76564.54,32
1779654360,76534.15,76547.31,76530.13,76543.53,40
1779654420,76525.23,76538.31,76525.23,76538.31,54
1779654480,76536.03,76561.85,76536.03,76561.84,74
1779654540,76568.85,76568.88,76568.85,76568.88,4
1779654600,76581.6,76591.79,76579.23,76587.4,22
1779654660,76587.45,76587.49,76575.76,76575.76,24
1779654720,76603.22,76614.84,76589.68,76593.74,62
1779654780,76562.21,76581.64,76525.12,76535.14,58
1779654840,76562.84,76572.79,76562.84,76571.48,52
1779654900,76553.75,76569.92,76541.11,76569.92,98
1779654960,76560.1,76564.5,76560.1,76564.5,8
1779655020,76582.75,76584.41,76579.92,76584.41,14
1779655080,76589.64,76590.58,76550.03,76580.05,40
1779655140,76582.23,76588.45,76569.31,76570.37,42
1779655200,76566.17,76580.51,76566.17,76576.55,54
1779655260,76561.79,76583.7,76560.48,76581.81,72
1779655320,76581.91,76590.46,76577.5,76582.36,126
1779655380,76589.04,76593.31,76589.04,76593.31,14
1779655440,76600.84,76607.17,76597.23,76603.43,40
1779655500,76585.48,76585.51,76578.25,76579.57,24
1779655560,76611.4,76620.66,76611.37,76616.3,32
1779655620,76608.29,76608.29,76583.96,76595.62,74
1779655680,76585.41,76585.41,76585.41,76585.41,2
1779655740,76558.92,76559.6,76552.82,76552.82,16
1779655800,76592.67,76596.63,76581.15,76583.25,36
1779655860,76576.35,76577.12,76572.38,76576.45,32
1779655920,76566.99,76567,76551.04,76555.48,60
1779656040,76544.34,76552.77,76539.31,76548.34,48
1779656100,76548.93,76561.59,76527.02,76534.88,82
1779656160,76541.09,76541.09,76525.29,76531.88,46
1779656220,76533.49,76533.71,76533.48,76533.71,8
1779656280,76522.14,76527.78,76522.14,76527.78,12
1779656700,76605.47,76611.66,76581.32,76581.32,110
1779656760,76587.6,76587.6,76574.35,76575.78,36
1779656820,76600.78,76600.8,76596.43,76596.43,28
1779656880,76599.54,76612.97,76595.48,76612.48,76
1779656940,76617.96,76617.96,76617.96,76617.96,2
1779657000,76592.75,76599.85,76584.79,76586.53,82
1779657060,76591.03,76591.11,76586.89,76591.11,16
1779657120,76592.99,76592.99,76586.76,76591.58,34
1779657180,76594.55,76594.55,76566.83,76586.23,62
1779657240,76570.03,76576.13,76569.36,76575.22,54
1779657360,76595.54,76603.16,76595.54,76603.16,10
1779657420,76603.85,76607.84,76599.72,76607.84,16
1779657480,76588.69,76594.94,76588.69,76594.93,36
1779657540,76587.55,76593.79,76587.18,76593.19,32
1779657600,76619.44,76620.34,76597.88,76597.88,98
1779657660,76594.9,76599.15,76594.86,76594.86,42
1779657720,76598.54,76598.54,76594.04,76594.2,40
1779657780,76593.39,76593.39,76593.39,76593.39,2
1779657840,76598.3,76598.39,76597.88,76597.88,7
1779657900,76590.36,76590.36,76556.71,76556.71,36
1779657960,76560.47,76560.47,76554.21,76554.22,24
1779658020,76557.31,76557.32,76541.67,76545.11,26
1779658080,76551.84,76552.29,76534.13,76540.16,54
1779658140,76480.46,76486.32,76469.29,76473.46,72
1779658200,76423.63,76429.66,76417.5,76428.84,14
1779658260,76417.2,76417.2,76405.33,76407.5,20
1779658320,76449.21,76457.03,76448.75,76457.03,30
1779658380,76428.18,76428.25,76410.32,76415.92,46
1779658440,76372.32,76380.03,76353.05,76359.01,62
1779658500,76308.66,76309.27,76112.6,76136.5,276
1779658560,76136.72,76186.76,75999.4,76062.3,130
1779658620,76141.17,76141.17,76140.1,76140.1,8
1779658680,76091.19,76155.42,76091.19,76136.64,42
1779658740,76176.85,76180.67,76162.41,76164.32,52
1779658800,76121.5,76173.29,76112.85,76173.29,180
1779658860,76186.78,76197.24,76184.22,76193.08,74
1779658920,76236.72,76243.24,76167.63,76167.63,114
1779658980,76119.89,76119.98,76119.89,76119.98,4
1779659040,76072.82,76074.03,76068.1,76068.7,22
1779659100,76042.25,76076.68,76010.43,76040.97,174
1779659160,76048.35,76071.33,76040.06,76050.16,40
1779659220,76042.1,76079.07,76035.52,76078.8,72
1779659280,76035.73,76049.65,76032.78,76048.46,72
1779659340,76100.71,76134.06,76098.77,76125.12,100
1779659460,76081.93,76082.15,76077.87,76082.15,12
1779659520,76082.18,76083.39,76078.06,76083.39,32
1779659580,76145.08,76149.38,76134.62,76141.29,30
1779659640,76125.1,76128.75,76112.89,76118.78,46
1779659700,76118.4,76175.07,76118.4,76155.31,154
1779659760,76149.23,76149.23,76119.26,76142.14,76
1779659820,76148.08,76148.18,76080,76080,106
1779659880,76086.44,76112.86,76086.44,76109.19,20
1779659940,76002.42,76016.84,76002.42,76016.81,26
1779660060,76194.86,76314.12,76193.82,76312.87,102
1779660120,76390.18,76459,76365.5,76390.41,136
1779660180,76406.47,76465.88,76392.1,76401.3,138
1779660240,76467.61,76483.5,76459.94,76474.99,16
1779660300,76490.58,76627.91,76460.42,76611.34,196
1779660360,76578.2,76653.92,76578.2,76625.29,56
1779660420,76555.55,76581.41,76555.55,76559.94,72
1779660480,76576.02,76608.88,76576.02,76604.4,82
1779660540,76640.36,76640.36,76606.97,76609.04,112
1779660660,76724.81,76764.22,76724.81,76763.06,16
1779660720,76865.53,76865.53,76839.73,76861.02,46
1779660780,76746.6,76848.71,76746.6,76830.34,70
1779660840,76903.66,76918.87,76860.95,76860.95,98
1779660900,76875.33,76878.74,76779.56,76779.56,250
1779660960,76772.29,76784.8,76741,76741,136
1779661020,76752.23,76772.32,76748.72,76772.32,12
1779661080,76822.87,76822.87,76809.59,76809.59,44
1779661140,76762.13,76777.3,76758.15,76771.72,54
1779661200,76748.42,76799.34,76748.42,76787.76,182
1779661260,76782.75,76782.75,76714.28,76746.8,108
1779661320,76772.71,76798.01,76762.51,76792.4,106
1779661380,76801.28,76802.47,76801.28,76801.88,16
1779661440,76855.48,76860.13,76828.08,76832.84,48
1779661500,76821.89,76824.45,76787.67,76792.82,180
1779661560,76810.85,76827.03,76804.86,76827.03,58
1779661620,76803.82,76807.95,76791.24,76795.91,74
1779661680,76809.1,76825.6,76797.01,76800.15,98
1779661740,76788.39,76792.98,76788.39,76792.98,14
1779661800,76743.23,76844.13,76743.01,76811.57,172
1779661860,76821.04,76863.22,76817.64,76860.63,50
1779661920,76811.51,76817.66,76787.23,76788.96,74
1779661980,76773.5,76803.92,76760.49,76803.41,98
1779662040,76790.29,76806.25,76766.55,76769.83,118
1779662100,76757.32,76757.32,76731.58,76734.85,128
1779662160,76721.04,76722.45,76692.05,76700.64,42
1779662220,76721.44,76723.56,76703.16,76705.85,42
1779662280,76708.39,76708.39,76660.07,76667.49,72
1779662340,76634.94,76658.8,76627.02,76647.83,94
1779662460,76571.93,76594.85,76571.93,76590.71,14
1779662520,76607.42,76607.82,76605.37,76607.2,28
1779662580,76619.12,76620.73,76619.12,76620.7,24
1779662640,76658.95,76665.1,76657.83,76663.66,52
1779662700,76688.41,76730.14,76688.41,76725.85,198
1779662760,76729.6,76871.57,76726.21,76830.85,126
1779662820,76895.26,76896.48,76895.26,76896.48,4
1779662880,76794.24,76826.75,76794.24,76826.75,22
1779662940,76801.5,76801.5,76777.58,76798.05,40
1779663000,76769.8,76804.38,76766.4,76780.26,152
1779663060,76789,76832.32,76789,76832.32,64
1779663120,76801.61,76804.82,76739.33,76751.02,66
1779663180,76758.01,76761.63,76718.33,76733.64,98
1779663240,76753.76,76758.85,76753.61,76758.68,16
1779663300,76706.68,76772.34,76695.14,76751.9,136
1779663360,76748.66,76752.33,76746.89,76746.89,26
1779663420,76713.04,76717.49,76705.85,76705.85,50
1779663480,76704.52,76715.09,76698.64,76706.99,60
1779663540,76682.73,76700.62,76682.73,76693.11,60
1779663660,76851.32,76854.35,76833.08,76843.29,30
1779663720,76787.59,76820.5,76783.22,76820.5,62
1779663780,76785.25,76820.04,76785.25,76816.98,58
1779663840,76797.05,76809.87,76791.5,76792.63,78
1779663960,76770.36,76777.26,76770.36,76775.71,6
1779664020,76821.23,76821.23,76806.3,76807.17,20
1779664080,76793.26,76793.26,76767.43,76779.66,44
1779664140,76806.73,76806.73,76792.22,76797.79,36
1779664200,76830.32,76861.17,76826.31,76850.49,156
1779664260,76860.87,76872.57,76852.01,76857.47,72
1779664320,76820.25,76842.21,76801.06,76828.37,82
1779664380,76821.2,76825.41,76821.2,76825.41,6
1779664440,76847.79,76851.26,76847.41,76850.74,16
1779664500,76862.03,76933.18,76862.03,76908.78,166
1779664560,76879.82,76879.82,76849.75,76862.86,54
1779664620,76830.9,76856.18,76825.75,76850.25,54
1779664680,76791.74,76795.53,76791.74,76795.15,6
1779664740,76844.65,76844.74,76839.45,76844.71,14
1779664800,76822.26,76859.26,76822.26,76826.19,116
1779664860,76801.25,76806.47,76789.28,76805.44,50
1779664920,76803.02,76803.56,76799.15,76800.14,34
1779664980,76820.29,76820.49,76790.65,76802.09,36
1779665040,76775.09,76793.24,76775.08,76789.14,74
1779665100,76786.51,76790.1,76786.43,76790.08,18
1779665160,76734.48,76748.41,76731.69,76747.55,42
1779665220,76721.88,76738.47,76694.24,76734.26,46
1779665280,76733.34,76757.5,76733.34,76752.37,38
1779665340,76777.61,76790.57,76763.92,76763.92,64
1779665400,76761.28,76810.04,76747.74,76805.4,140
1779665460,76787.2,76887.75,76787.2,76887.75,142
1779665520,76861.61,76864.96,76853.38,76857.64,34
1779665580,76855.7,76876.23,76854.3,76864.57,40
1779665640,76808.57,76818.83,76787.64,76808.97,74
1779665700,76860.6,76927.2,76845.31,76914.07,198
1779665760,76906.16,76914.3,76873.64,76895.11,94
1779665820,76868.78,76870.32,76863.79,76863.79,10
1779665880,76891.29,76892.37,76877.36,76884.3,28
1779665940,76893.75,76932.15,76888.36,76931.76,40
1779666000,76990.45,76990.45,76900.07,76907.06,192
1779666060,76934.31,76964.35,76929.78,76953.45,82
1779666120,77017.16,77079.24,77015.72,77020.33,110
1779666180,77074.39,77074.4,77074.39,77074.4,4
1779666240,77112.27,77112.27,77098.24,77109.13,32
1779666300,77098.93,77098.93,77008.89,77054.86,194
1779666360,77061.54,77062.63,77042.46,77043.21,68
1779666420,77038.36,77045.35,77013.97,77040.82,72
1779666480,77037.78,77065.64,77023.85,77054.55,80
1779666540,77034.74,77088.45,77030.94,77075.93,122
1779666600,77060.06,77060.07,77006.55,77028.09,108
1779666660,77000.69,77024.72,76999.89,77023.03,28
1779666720,77030.79,77048.17,77014.18,77044.86,50
1779666780,77037.6,77046.03,77029.2,77032.07,56
1779666840,77027.81,77027.96,77023.76,77027.96,42
1779666960,76985.45,76985.45,76985.45,76985.45,2
1779667020,76963.45,76968.67,76963.12,76963.12,12
1779667080,77011.39,77011.39,77002.9,77003.32,28
1779667140,76977.72,76982.98,76976.72,76981.24,42
1779667260,77002.65,77061.95,76983.5,77046.45,78
1779667320,76998.6,77016.55,76991.11,77002.95,94
1779667380,77030.56,77032.39,77021.95,77026.4,10
1779667440,77049.64,77108.32,77049.64,77102.96,30
1779667500,77029.45,77067.8,77029.45,77051.85,174
1779667560,77056.05,77056.05,77027.32,77036.9,54
1779667620,77056.24,77058.86,77018.55,77056.34,92
1779667680,77100.82,77102.48,77097.03,77102.25,10
1779667740,77068.36,77068.36,77063.4,77064.14,18
1779667800,77077.58,77109.67,77072.69,77085.06,158
1779667860,77094.47,77094.47,77050.18,77061.54,70
1779667920,77051.56,77061.33,77041.68,77044.33,54
1779667980,77063.59,77105.64,77053.65,77080.13,78
1779668040,77098.01,77098.96,77077.21,77090.97,86
1779668100,77095.09,77118.45,77070.25,77076.48,140
1779668160,77090.7,77112.51,77090.7,77111.45,46
1779668220,77090.04,77090.81,77067.4,77074.24,66
1779668280,77057.43,77098.24,77057.43,77068.09,78
1779668340,77075.8,77075.8,77052.77,77073.79,70
1779668460,77035.97,77035.97,77035.82,77035.82,4
1779668520,77023.03,77030.35,77023.03,77030.35,16
1779668580,77054.85,77068.93,77049.65,77068.54,40
1779668640,77119.66,77164.6,77104.79,77115.9,64
1779668700,77132.86,77170.15,77092.09,77097.04,180
1779668760,77096.88,77110.36,77067.9,77094.11,98
1779668820,77106.31,77106.31,77074.26,77085.77,78
1779668880,77061.39,77071.53,77061.39,77071.53,16
1779668940,77097.39,77121.24,77097.39,77115.56,28
1779669000,77114.53,77182.27,77114.53,77139.76,192
1779669060,77159.31,77159.31,77105.81,77108.18,83
1779669120,77125.34,77125.38,77095.01,77096.93,66
1779669180,77079.6,77100.92,77055.55,77064.35,120
1779669240,77054.67,77057.2,77052.01,77057.2,12
1779669300,77070.94,77095.35,77058.73,77062.55,126
1779669360,77067.29,77077.1,77067.29,77076.84,32
1779669420,77070.58,77106.17,77069.05,77069.22,42
1779669480,77076.28,77078.77,77053.57,77057.54,60
1779669540,77110.26,77129.2,77110.26,77119.65,88
1779669660,77086.81,77090.02,77085.8,77085.8,14
1779669720,77064.48,77064.48,77012.19,77026.22,32
1779669780,77045.77,77062.79,77045.77,77051.16,38
1779669840,77052.57,77052.57,77020.56,77022.43,56
1779669900,77020.26,77021.96,76983.47,76986.82,180
1779669960,76998.47,77022.07,76984.81,77019.07,78
1779670020,77017.72,77023.77,77017.72,77020.18,12
1779670080,77022.35,77023.89,77018.04,77018.98,26
1779670140,77051.76,77069.43,77051.76,77069.43,44
1779670200,77127.7,77136.26,77076.99,77084.01,174
1779670260,77095.19,77104.89,77064.95,77088.4,104
1779670320,77061,77109.49,77053.65,77055.6,104
1779670380,77071.38,77072.14,77069.03,77069.03,6
1779670440,77068.7,77074.45,77068.1,77074.45,24
1779670500,77086.84,77086.94,77034.16,77041.09,124
1779670560,77056.09,77061.94,77054.79,77058.46,36
1779670620,77072.29,77075.78,77070.62,77071.34,34
1779670680,77043.67,77049.8,77040.17,77048.18,60
1779670740,77040.55,77040.55,77006.91,77039.66,84
1779670860,77043.63,77043.63,76973.34,76999.09,140
1779670920,76921.74,76949.96,76919,76949.91,66
1779670980,76998.62,77033.39,76983.52,77028.46,80
1779671040,77022.62,77044.97,77011.72,77025.44,90
1779671160,76997.86,77003.93,76997.86,77003.93,12
1779671220,76988.48,76998.86,76988.43,76996.2,28
1779671280,77024.06,77033.39,77023.94,77029.1,30
1779671340,76998.89,77033.93,76998.89,77025.8,60
1779671400,76972.96,77008.78,76970.37,76974.09,164
1779671460,76974.08,76977.65,76957.04,76973.11,92
1779671520,76973.9,76973.9,76973.9,76973.9,2
1779671580,77000.26,77003.64,77000.01,77003.64,8
1779671640,77026.07,77026.07,77007.35,77008.78,26
1779671700,77080.07,77126.09,77080.07,77114.99,118
1779671760,77113.66,77117.03,77070.9,77077.54,52
1779671820,77107.04,77119.85,77093.51,77095.17,48
1779671880,77128.16,77128.17,77083.89,77097.59,76
1779671940,77079.39,77084.42,77058.44,77072.05,74
1779672000,77102.16,77138.8,77102.16,77117.58,114
1779672060,77115.65,77117.05,77107.19,77114.14,18
1779672120,77101.93,77116.3,77101.93,77111.01,22
1779672180,77128.62,77132.64,77128.62,77129.7,40
1779672240,77124.44,77155.68,77124.44,77147.21,56
1779672300,77140.01,77150.4,77086.93,77096.02,172
1779672360,77087.72,77112.15,77087.72,77109.83,72
1779672420,77090.76,77095.19,77090.76,77095.19,4
1779672480,77053.84,77059.06,77053.84,77058.13,8
1779672540,77046.16,77046.16,77035,77041.99,16
1779672600,77080.08,77095.65,77011.34,77026.33,126
1779672660,77013.37,77027.14,77012.76,77027.05,74
1779672720,77039.51,77042.41,77026.96,77037.66,58
1779672780,77013.98,77052.1,77013.97,77045.58,80
1779672840,77059.27,77063.13,77059.27,77063.13,20
1779672900,77087.77,77106.29,77085.26,77101.4,116
1779672960,77107.39,77120.93,77099.58,77104.04,44
1779673020,77058.14,77058.15,77035.99,77035.99,40
1779673080,77038.41,77042.31,77022.63,77032.39,70
1779673140,77022.43,77032.68,77001.78,77027.53,92
1779673200,77038.08,77044.96,77034.58,77035.93,60
1779673260,77015.93,77017.78,77014.22,77014.22,14
1779673320,77007.08,77018.43,77007.08,77009.88,28
1779673380,77034.03,77034.91,77027.25,77034.91,22
1779673440,77059.3,77079.93,77047.48,77056.63,78
1779673560,77073.36,77073.36,77073.36,77073.36,2
1779673620,77067.62,77067.62,77062.99,77063.32,10
1779673680,77062.95,77063.14,77018.37,77027.94,42
1779673740,77030.96,77039.69,77026.59,77037.41,36
1779673800,77032.88,77050.77,77030.41,77041.14,84
1779673860,77035.16,77035.18,77026.51,77030.8,52
1779673920,77019.7,77023.37,77018.53,77018.53,38
1779673980,77009.06,77009.06,77003,77005.39,14
1779674040,76977.68,76981.43,76977.38,76977.38,12
1779674100,76955.88,76992.25,76950.43,76979.55,110
1779674160,76987.9,76988.84,76966.61,76966.63,34
1779674220,76956.5,76956.5,76945.59,76951.18,48
1779674280,76926.29,76941.66,76901.41,76901.41,98
1779674340,76877.62,76877.62,76874.24,76874.24,4
1779674460,76886.51,76914.91,76886.51,76912.79,46
1779674520,76911.45,76930.07,76911.45,76925.93,30
1779674580,76948.77,76963.26,76943.71,76947.22,56
1779674640,76969.29,76985.96,76951.6,76981.82,70
1779674760,77064.71,77064.82,77061.55,77061.94,14
1779674820,77232.4,77360.27,77231.99,77360.07,58
1779674880,77360.16,77360.16,77293.2,77295.31,82
1779674940,77266.62,77290.68,77266.62,77271.98,94
1779675000,77297.66,77352.89,77281.12,77287.48,194
1779675060,77281.29,77281.4,77256.84,77276.79,104
1779675120,77273.51,77277.6,77273.51,77277.6,8
1779675180,77340.97,77355.13,77336.68,77354.84,26
1779675240,77285.98,77288.08,77280.41,77280.77,28
1779675300,77297.98,77297.98,77243.54,77243.54,166
1779675360,77227.71,77249.24,77216.25,77217.05,74
1779675420,77171.13,77197.57,77161.53,77176.88,92
1779675480,77203.2,77208.52,77187.62,77199.86,94
1779675540,77197.38,77200.86,77168.58,77174.86,92
1779675600,77172.85,77176.74,77160.64,77167.5,80
1779675660,77164.6,77165.1,77156.9,77156.9,24
1779675720,77158.36,77165.61,77158.32,77159.78,30
1779675780,77132.65,77157.13,77129.08,77153.68,48
1779675840,77133.05,77134.75,77109.38,77109.38,50
1779675900,77116.87,77123.5,76909.32,76959.07,228
1779675960,76984.45,76984.45,76952.4,76963.43,26
1779676020,76958.56,76985.72,76958.56,76985.72,26
1779676080,76984.29,76997.22,76984.29,76997.22,36
1779676140,76986.15,77007.65,76986.13,77003.67,60
1779676200,77050.81,77050.81,77001.06,77021.41,142
1779676260,77019.76,77067.72,77019.76,77064.38,66
1779676320,77050.59,77050.59,77033.36,77044.28,72
1779676380,77063.05,77081.18,77063.05,77077.26,14
1779676440,77052.84,77055.41,77034.78,77034.8,48
1779676500,76978.73,76998.75,76960.08,76960.28,154
1779676560,76975.65,77010.43,76975.65,77008.56,56
1779676620,77049.37,77049.82,77032.25,77032.25,52
1779676680,77047.87,77047.87,77020.17,77027.2,76
1779676740,77052.77,77052.77,77052.72,77052.72,4
1779676800,77050.78,77058.24,77016.65,77024.51,120
1779676860,77017.94,77022.75,77015.71,77021.43,39
1779676920,76983.55,77008.21,76983.55,77002.05,50
1779676980,77035.26,77052.44,77021.64,77045.23,52
1779677040,77043.28,77049.96,77039.45,77039.45,32
1779677100,77066.63,77080.07,77042.75,77069.2,110
1779677160,77042.38,77042.59,77014.22,77022.8,36
1779677220,77018.48,77025.62,76999.51,77021.52,60
1779677280,77060.04,77075.31,77048.13,77075.31,62
1779677340,77045.39,77051.02,77044.25,77044.25,44
1779677460,77061.55,77072.76,77061.55,77072.76,10
1779677520,77047.73,77047.73,77045.59,77045.64,14
1779677580,77043,77048.32,77043,77048.32,14
1779677640,77051.69,77054.8,77050.84,77051.43,24
1779677700,77029.76,77055.27,77028.41,77049.88,136
1779677760,77041.46,77046.46,77018.08,77023.18,56
1779677820,76996.09,77016.71,76990.87,77011.84,54
1779677880,77006.79,77006.79,76996.04,77001.69,6
1779677940,76992.59,77004.38,76992.58,77001.29,16
1779678060,77052.59,77052.59,77013.43,77013.44,50
1779678120,77034.26,77045.98,77034.26,77044.52,34
1779678180,76973.52,77014.95,76973.52,77011.1,82
1779678240,77000.85,77015.46,76965.99,76997.2,102
1779678300,76972.33,76972.33,76972.33,76972.33,2
1779678360,76985.89,76985.89,76972.61,76972.61,16
1779678420,76990.01,77003.31,76983.25,76995.78,24
1779678480,77024.96,77027.2,77009.34,77017.85,38
1779678540,76996.47,77014.78,76996.47,77012.93,42
1779678600,76983.04,77015.27,76983.04,77014.11,118
1779678660,77021.06,77021.99,76993.3,77005.31,62
1779678720,77021,77026.3,76979.25,76998.66,72
1779678780,76973.41,76973.41,76971.31,76971.31,8
1779678840,76963.64,76990.56,76963.63,76987.13,32
1779678900,76995.51,76995.51,76971.54,76985.82,110
1779678960,76992.1,77000.46,76991.27,76999.96,30
1779679020,77001.34,77002.24,76982.66,77002.24,52
1779679080,77028.12,77034.41,77024.84,77031.61,38
1779679140,77000.06,77016.07,77000.06,77016.07,58
1779679200,76995.58,77034.71,76995.25,77018.34,108
1779679260,77033,77036.9,77029.55,77036.9,16
1779679320,77046.78,77046.78,77036.3,77038.27,22
1779679380,77003.9,77019.97,77002.07,77019.97,36
1779679440,77006.52,77009.41,77003.09,77008.62,34
1779679500,76988.34,77019.5,76988.34,77019.38,110
1779679560,77022.5,77023.02,76985.44,76987.77,76
1779679620,76982.39,76982.41,76982.39,76982.41,4
1779679680,76991.87,77007.38,76991.87,77001.6,32
1779679740,76989.36,76996.93,76949.49,76982.34,48
1779679800,76986.66,77016.67,76982.44,76987.35,132
1779679860,76985.64,77002.99,76984.51,76991.05,78
1779679920,76986.76,76990.52,76986.76,76988.87,12
1779679980,76933.37,76947.71,76925.83,76947.29,38
1779680040,76989.53,76989.53,76971.47,76974.85,40
1779680100,76988.88,77027.09,76977.43,76978.29,142
1779680160,76984.68,76991.18,76976.83,76976.83,38
1779680220,76996.34,77006.38,76992.73,77005.6,54
1779680280,77013.55,77014.15,76987.22,76994.07,54
1779680340,76999.2,77007.83,76999.2,77002.02,24
1779680400,77002.41,77002.59,76978.25,76989.3,80
1779680460,76991.29,76991.29,76966.81,76969.78,28
1779680520,76980.42,76990.73,76976.94,76989.83,48
1779680580,76985.3,76985.3,76977.39,76979.11,46
1779680640,76978.9,76982.72,76978.24,76978.83,46
1779680700,76975.07,76975.07,76975.07,76975.07,2
1779680760,76919.37,76926.87,76915.23,76917.04,14
1779680820,76909.83,76927.51,76899.57,76924.72,30
1779680880,76927.67,76927.67,76923.26,76924.17,22
1779680940,76942.39,76957.27,76938.73,76957.27,56
1779681060,76922.06,76927.06,76921.84,76927.06,6
1779681120,76947.46,76965.39,76947.46,76964.32,24
1779681180,76967.52,76971.08,76967.07,76967.07,18
1779681240,76958.38,76958.38,76941.77,76949.36,38
1779681300,76943.62,76958.71,76937.48,76945.9,128
1779681360,76950.75,76956.52,76946.75,76953.04,64
1779681420,76950.54,76950.56,76950.54,76950.56,4
1779681480,76937.78,76938.21,76934.03,76934.03,12
1779681540,76942.37,76945.96,76933.83,76936.63,20
1779681660,76939.67,76955.91,76939.67,76955.91,50
1779681720,76963.62,76963.62,76948.83,76951.52,44
1779681780,76957.34,76957.34,76957.34,76957.34,2
1779681840,76940.01,76940.01,76935.63,76937.05,14
1779681900,76926.18,76945.67,76915.15,76942.73,96
1779681960,76922.86,76923.89,76913.25,76922.28,32
1779682020,76909.71,76926.77,76906.37,76926.53,30
1779682080,76927.18,76930.62,76921.77,76929.35,44
1779682140,76937.26,76938.68,76933.85,76935.14,40
1779682200,76952.18,76959.8,76952.01,76958.83,59
1779682260,76950.63,76950.64,76950.63,76950.64,4
1779682320,76953.5,76953.52,76949.89,76949.89,26
1779682380,76961,76980.97,76960.97,76974.19,26
1779682440,76924.87,76944.38,76924.87,76943.86,46
1779682560,76905.47,76939.91,76905.47,76938.87,108
1779682620,76943.8,76943.87,76929.58,76929.58,24
1779682680,76942.02,76948.42,76942.02,76946.83,24
1779682740,76944.02,76955.2,76940.59,76953.85,46
1779682800,76965.56,76986.56,76962.08,76978.71,110
1779682860,76985.02,77024.74,76985.02,77024.66,82
1779682920,77011.92,77011.93,76995.74,76997.73,56
1779682980,77017.52,77017.56,77016.79,77016.79,8
1779683040,77014.09,77015.88,77012.01,77015.71,22
1779683100,77013.81,77042.76,77009.4,77038.67,124
1779683160,77039.02,77061.75,77036.31,77052.38,42
1779683220,77057.3,77062.82,77053.79,77056.4,32
1779683280,77041.62,77054.07,77041.62,77047.91,50
1779683340,77075.32,77075.32,77071.76,77072.37,10
1779683400,77079.59,77098.8,77079.59,77098.75,106
1779683460,77097.75,77108.91,77097.75,77108.91,30
1779683520,77083.21,77088.99,77063.73,77070.03,44
1779683580,77050.55,77067.87,77048.53,77063.42,48
1779683640,77059.06,77059.06,77029.95,77034,68
1779683760,77065.8,77065.8,77062.3,77065.78,8
1779683820,77053.24,77053.4,77053.24,77053.4,10
1779683880,77066.83,77066.85,77053.59,77065.46,24
1779683940,77065.1,77068.21,77058.26,77058.33,26
1779684000,77058.97,77084.13,77048.53,77084.13,96
1779684060,77077.86,77088.1,77077.86,77088.1,20
1779684120,77095.47,77102,77093.01,77098.52,58
1779684180,77105.91,77119.26,77101.94,77119.26,12
1779684240,77128.51,77146.5,77127.11,77136.07,22
1779684300,77151.09,77180.61,77136.27,77165.18,140
1779684360,77152.26,77161.2,77151.58,77161.2,54
1779684420,77165.83,77179.84,77160.88,77179,68
1779684480,77184.37,77184.37,77184.37,77184.37,2
1779684540,77173.45,77180.81,77173.45,77175.68,16
1779684600,77165.09,77184.04,77164.7,77182.02,80
1779684660,77181.43,77232.97,77177.94,77231.94,58
1779684720,77264.36,77311.24,77264.36,77298.07,86
1779684780,77356.43,77356.43,77292.83,77310.59,84
1779684840,77285.84,77295.67,77261.04,77277.56,68
1779684900,77273.52,77278.94,77265.2,77265.2,100
1779684960,77281.45,77293,77281.37,77284.83,38
1779685020,77270.73,77286.48,77269.08,77286.2,44
1779685080,77311.94,77311.94,77276.67,77279.54,48
1779685140,77279.62,77305.42,77277.68,77305.42,74
1779685320,77257.39,77260.87,77250.54,77251.58,18
1779685380,77247.67,77251.01,77235.8,77236.19,28
1779685440,77222.63,77231.73,77222.63,77226.96,34
1779685500,77239.35,77243.37,77236.18,77236.18,84
1779685560,77234.7,77241.3,77220.96,77238.48,64
1779685620,77217.88,77225.46,77217.88,77219.07,44
1779685680,77292.59,77302.17,77282.94,77299.19,24
1779685740,77329.21,77329.21,77309.3,77310.19,34
1779685800,77294.97,77295,77285.15,77291.14,69
1779685860,77297.31,77301.4,77286,77296.97,50
1779685920,77291.02,77294.5,77291.01,77291.01,8
1779685980,77290.39,77290.41,77286.9,77286.9,12
1779686040,77279.32,77284.56,77279.3,77281.69,20
1779686100,77317.94,77337.93,77301.64,77302.33,128
1779686160,77297.87,77311.74,77297.69,77309.69,58
1779686220,77338.57,77348.08,77308.77,77311.21,84
1779686280,77333.69,77365.89,77331.93,77356.07,76
1779686340,77366.92,77386.17,77366.92,77379.22,10
1779686400,77308.9,77312.42,77290.09,77292.11,94
1779686460,77286.51,77293.75,77269.69,77282.74,40
1779686520,77285.19,77289.14,77267.61,77269.75,40
1779686580,77270.96,77274.92,77248.49,77262.47,44
1779686640,77286.29,77325.95,77284.25,77318.29,68
1779686760,77303.28,77303.64,77303.28,77303.64,6
1779686820,77317.96,77318.54,77317.96,77318.53,6
1779686880,77314.78,77314.78,77296.35,77298.34,32
1779686940,77301.77,77305.52,77301.77,77302.03,22
1779687000,77298.13,77347.16,77286.49,77334.32,188
1779687060,77334.16,77350.59,77334.16,77347.11,84
1779687120,77334.07,77337.32,77318.94,77320.11,16
1779687180,77302.07,77304.27,77302.07,77303.82,20
1779687240,77317.65,77331.15,77317.65,77325.11,32
1779687300,77333.92,77363.34,77333.92,77363.34,136
1779687360,77362.62,77382.7,77359.12,77382.7,80
1779687420,77363.55,77411.37,77360.15,77383.78,108
1779687480,77383.04,77386.84,77381.25,77381.25,12
1779687540,77380.06,77397.27,77380.06,77394.27,26
1779687600,77351.43,77399.06,77351.43,77389.23,122
1779687660,77388.22,77391.96,77367.48,77371.29,52
1779687720,77356.34,77356.34,77346.33,77346.43,42
1779687780,77349.39,77372.74,77345.32,77367.48,72
1779687840,77364.15,77380.35,77364.15,77380.35,4
1779687900,77359.59,77361.63,77350.72,77351.29,72
1779687960,77331.28,77338.99,77327.36,77327.36,28
1779688020,77311.88,77315.79,77308.25,77312.3,30
1779688080,77346.93,77346.95,77337.55,77345.71,36
1779688140,77333.37,77350.3,77320.78,77335.46,58
1779688200,77335.19,77335.57,77308.76,77308.87,134
1779688260,77308.87,77312.85,77305.91,77305.92,56
1779688320,77316.62,77317.12,77316.15,77316.35,10
1779688380,77309.76,77312.13,77308.42,77308.49,20
1779688440,77304.87,77308.35,77304.87,77308.35,12
1779688500,77326.17,77326.17,77309.53,77311.82,74
1779688560,77312.98,77313.79,77304.16,77304.72,36
1779688620,77296.63,77296.63,77289.46,77291.61,6
1779688680,77309.31,77312.84,77309.31,77312.84,10
1779688740,77298.65,77303.23,77297.97,77300.53,12
1779688800,77309.41,77322.09,77306.87,77316.06,116
1779688860,77316.04,77321.12,77316.01,77316.78,38
1779688920,77309.05,77309.05,77279.61,77284.62,68
1779688980,77277.39,77292.39,77277.37,77288.93,64
1779689040,77268.04,77268.04,77250.65,77250.65,4
1779689100,77277.25,77277.31,77272.69,77277.18,32
1779689160,77276.92,77301.65,77273.43,77297.46,34
1779689220,77295.51,77295.86,77286.54,77287.02,32
1779689280,77338.39,77374.54,77304.33,77360.88,54
1779689340,77410.81,77499.67,77400.54,77400.54,92
1779689460,77324.35,77324.35,77324.35,77324.35,2
1779689520,77304.04,77304.3,77300.76,77304.3,12
1779689580,77272.93,77276.02,77270.92,77271.51,22
1779689640,77279.94,77298.84,77279.92,77284.4,48
1779689700,77231.26,77263.3,77177.17,77178.09,220
1779689760,77196.32,77204.37,77191.89,77204.37,76
1779689820,77176.48,77205.31,77176.48,77205.31,74
1779689880,77218.22,77218.88,77214.75,77218.88,8
1779689940,77218.6,77218.6,77218.58,77218.58,4
1779690000,77199.72,77199.73,77173.28,77173.28,122
1779690060,77164.52,77164.52,77149.15,77163.21,60
1779690120,77154.93,77183.62,77154.93,77169.56,80
1779690180,77178.5,77178.58,77126.5,77126.5,80
1779690240,77135.46,77135.49,77135.46,77135.49,4
1779690300,77129.58,77140.58,77113.54,77140.58,106
1779690360,77121.2,77137.22,77119.06,77137.22,32
1779690420,77148.76,77153.26,77148.76,77149.64,26
1779690480,77152.86,77157.86,77152.86,77157.03,40
1779690540,77171.77,77175.73,77158.55,77173.97,48
1779690600,77179.01,77210.38,77175.74,77209.67,142
1779690660,77210.71,77232.36,77205.03,77205.03,68
1779690720,77248.18,77248.18,77220.91,77228.96,6
1779690780,77246.4,77262.99,77232.92,77259.54,28
1779690840,77248.36,77248.36,77238.9,77238.9,30
1779690900,77256.56,77272.54,77256.56,77272.54,100
1779690960,77273.48,77278.61,77268.73,77277.83,48
1779691020,77335.72,77335.72,77298.93,77309.46,56
1779691080,77326.35,77326.35,77314.81,77315.73,40
1779691140,77315.55,77315.55,77315.55,77315.55,2
1779691200,77298.2,77321,77293.43,77321,90
1779691260,77333.05,77337.69,77333.05,77337.03,26
1779691320,77323.88,77327.84,77315.88,77319.76,56
1779691380,77323.93,77323.95,77314.25,77314.25,42
1779691440,77308.65,77320.64,77304.58,77314.49,72
1779691500,77313.53,77316.73,77313.53,77316.73,4
1779691560,77314.3,77357.61,77313.76,77357.36,98
1779691620,77388.86,77410.24,77387.38,77403.6,40
1779691680,77384.51,77401.57,77383.86,77394.46,34
1779691740,77369.82,77369.82,77360.37,77363.66,42
1779691800,77354.13,77365.78,77340.38,77356.82,172
1779691860,77348.82,77348.82,77335.09,77337.14,58
1779691920,77335.7,77338.91,77335.7,77336.57,12
1779691980,77343.41,77343.52,77342.15,77342.39,16
1779692040,77361.29,77362.77,77357.82,77361.03,28
1779692100,77355.16,77356.11,77339.78,77341.04,122
1779692160,77341.2,77357.1,77341.19,77354.56,66
1779692220,77340.04,77340.04,77310.89,77317.34,98
1779692280,77410.02,77410.02,77400.34,77400.34,0.79442
1779692340,77400.35,77419.87,77400.35,77419.87,2.27267
1779692400,77419.87,77421.64,77419.85,77419.86,8.58834
1779692460,77419.86,77449.29,77419.85,77449.28,25.97903
1779692520,77449.29,77453.99,77449.28,77453.98,2.37616
1779692580,77453.99,77520,77453.98,77513.9,23.75255
1779692640,77513.89,77520,77486.87,77486.89,4.02726
1779692700,77486.89,77490.01,77461.56,77461.56,5.22953
1779692760,77461.56,77461.56,77444.44,77444.45,3.57309
1779692820,77444.45,77444.45,77425,77425.01,2.39949
1779692880,77425.01,77425.01,77418.19,77422.22,3.04078
1779692940,77422.22,77422.22,77410.76,77410.76,1.95797
1779693000,77410.76,77410.77,77410.17,77410.17,1.89123
1779693060,77410.18,77410.18,77394.71,77394.71,1.38749
1779693120,77394.71,77394.72,77350,77356.01,4.11236
1779693180,77356.01,77356.01,77306.69,77306.69,6.425
1779693240,77306.68,77327.07,77306.08,77327.07,5.64175
1779693300,77327.07,77353.56,77327.07,77353.56,2.62391
1779693360,77353.56,77354.97,77328,77328.01,4.67612
1779693420,77328.01,77328.01,77284.07,77288.75,4.31936
1779693480,77288.75,77288.75,77184.62,77210.25,22.57128
1779693540,77210.25,77260.63,77206.12,77250.01,6.37377
1779693600,77250.02,77250.02,77208.38,77231.56,3.49752
1779693660,77231.56,77246.8,77225.08,77245.66,2.87389
1779693720,77245.67,77251.68,77245.66,77249.46,1.61013
1779693780,77249.46,77255.66,77248.22,77255.65,1.10518
1779693840,77255.66,77256.08,77255.65,77256.08,1.72982
1779693900,77256.08,77257.63,77256.07,77256.55,2.15171
1779693960,77256.55,77256.56,77220.78,77237.54,2.65648
1779694020,77237.54,77241.72,77230,77230,6.67022
1779694080,77230.01,77230.01,77214.92,77214.93,1.32239
1779694140,77214.92,77217.08,77212.83,77212.84,3.59864
1779694200,77212.84,77220,77198.29,77220,5.84239
1779694260,77220,77244.23,77219.99,77243.99,5.23555
1779694320,77243.98,77290.33,77243.98,77290.33,9.82717
1779694380,77290.32,77335.97,77290.32,77298.04,17.22352
1779694440,77298.04,77298.05,77294.74,77294.74,2.45454
1779694500,77294.74,77294.75,77262.56,77276.6,4.47029
1779694560,77276.6,77276.61,77257.74,77268.38,4.55597
1779694620,77268.39,77268.39,77266,77266,3.8853
1779694680,77266,77275.79,77266,77275.79,4.51918
1779694740,77275.79,77300.84,77266.1,77300.84,12.27489
1779694800,77300.84,77300.84,77286.11,77286.12,3.22054
1779694860,77286.11,77286.12,77286.11,77286.12,1.97631
1779694920,77286.11,77286.12,77280.32,77280.33,1.99188
1779694980,77280.32,77317.72,77280.32,77317.71,8.64983
1779695040,77317.72,77328.01,77317.71,77317.71,22.89414
1779695100,77317.71,77325.57,77311.58,77325.57,4.3816
1779695160,77325.56,77348.02,77311.6,77348.01,15.29841
1779695220,77348.01,77348.02,77335.12,77335.13,4.40024
1779695280,77335.12,77335.13,77323.49,77326.99,11.93062
1779695340,77326.98,77326.99,77326.97,77326.97,7.93452
1779695400,77326.97,77326.98,77320.18,77320.18,6.76157
1779695460,77320.18,77320.19,77300,77300,5.33957
1779695520,77300.01,77324,77300,77323.99,5.82918
1779695580,77323.99,77326.15,77320.26,77326.14,3.89794
1779695640,77326.14,77361.81,77326.14,77361.8,5.09238
1779695700,77361.81,77362.01,77356,77356.01,8.9489
1779695760,77356.01,77360.47,77346.88,77360.46,3.16524
1779695820,77360.46,77381.7,77360.46,77381.7,5.1199
1779695880,77381.69,77396.6,77381.69,77386.82,5.75
1779695940,77386.81,77401.12,77383.34,77401.12,5.08412
1779696000,77401.11,77405.41,77364.62,77365.86,6.56657
1779696060,77365.87,77365.88,77352.34,77352.35,7.31166
1779696120,77352.35,77356,77343.83,77343.83,2.29111
1779696180,77343.83,77376.01,77343.83,77366.01,11.16638
1779696240,77366,77416.45,77365.78,77410.62,12.78009
1779696300,77410.61,77410.62,77390.6,77390.6,1.94581
1779696360,77390.42,77390.43,77376.9,77376.91,2.81926
1779696420,77376.91,77376.91,77360.99,77360.99,1.18705
1779696480,77360.99,77361,77357.5,77357.51,21.45345
1779696540,77357.5,77377.74,77357.5,77377.73,4.72715
1779696600,77377.73,77377.74,77359.11,77359.11,2.75762
1779696660,77359.12,77359.12,77280.32,77283.82,9.18566
1779696720,77283.83,77297.7,77283.82,77295.58,7.29348
1779696780,77295.58,77317.13,77291.64,77317.12,3.65679
1779696840,77317.13,77317.13,77293.44,77293.45,3.51046
1779696900,77293.44,77300.93,77293.44,77295.44,4.04666
1779696960,77295.44,77312.47,77295.43,77312.47,4.8464
1779697020,77312.46,77317.11,77308.06,77308.06,3.48061
1779697080,77308.07,77308.07,77302.04,77304.5,1.41058
1779697140,77304.51,77326.01,77304.5,77326.01,1.31822
1779697200,77326.01,77348,77326.01,77347.93,3.00226
1779697260,77347.93,77366.31,77347.92,77366.31,3.54245
1779697320,77366.31,77366.31,77336.01,77336.01,3.78646
1779697380,77336.01,77336.02,77324.83,77324.83,0.89816
1779697440,77324.84,77324.84,77316.85,77316.86,0.69595
1779697500,77316.86,77324,77316.54,77316.54,2.31079
1779697560,77316.54,77316.55,77303.35,77303.35,8.36994
1779697620,77303.35,77306.83,77303.35,77306.83,1.12958
1779697680,77306.83,77314.01,77306.82,77314,0.65132
1779697740,77314.01,77314.01,77314,77314.01,1.25086
1779697800,77314,77320,77314,77319.99,1.9208
1779697860,77320,77330,77319.99,77320,38.23597
1779697920,77320,77320,77319.99,77320,1.70028
1779697980,77320,77320,77314,77319.99,3.22683
1779698040,77319.99,77320,77319.99,77320,1.57003
1779698100,77320,77390,77319.99,77384.01,65.78576
1779698160,77384,77384.01,77350.81,77350.82,2.89729
1779698220,77350.82,77350.82,77336.01,77338.7,2.3867
1779698280,77338.7,77338.7,77338.69,77338.69,1.49956
1779698340,77338.69,77341.04,77338.69,77341.04,0.64388
1779698400,77341.05,77350.82,77341.05,77350.82,1.04884
1779698460,77350.82,77350.82,77335.52,77335.52,2.73183
1779698520,77335.53,77346.01,77335.52,77345.99,1.65141
1779698580,77345.99,77352.29,77345.99,77352.28,3.85092
1779698640,77352.28,77352.29,77347.4,77347.4,0.93491
1779698700,77347.41,77347.41,77347.4,77347.41,0.5603
1779698760,77347.41,77347.41,77347.4,77347.4,1.82633
1779698820,77347.4,77347.4,77326.07,77326.07,2.22845
1779698880,77326.08,77347.35,77326.07,77347.34,5.23326
1779698940,77347.34,77361.82,77347.34,77361.82,4.78913
1779699000,77361.82,77378.52,77361.81,77378.52,3.61998
1779699060,77378.52,77409.51,77378.51,77396.55,10.21408
1779699120,77396.55,77396.55,77381.02,77394.53,7.05175
1779699180,77394.53,77426,77394.52,77425.99,15.44807
1779699240,77426,77430,77416.62,77430,6.60367
1779699300,77430,77446.44,77429.99,77446.43,8.60166
1779699360,77446.43,77469.64,77446.43,77454.17,5.43212
1779699420,77454.18,77454.18,77441.88,77441.88,4.6514
1779699480,77441.89,77441.89,77441.88,77441.89,0.47902
1779699540,77441.88,77456.95,77441.88,77456.94,6.41279
1779699600,77456.94,77479.02,77456.94,77479.02,5.67776
1779699660,77479.02,77481.12,77433.35,77433.36,7.59813
1779699720,77433.36,77469.13,77433.35,77469.13,1.63544
1779699780,77469.12,77469.13,77440.15,77440.15,7.61467
1779699840,77440.15,77440.15,77431.64,77431.65,1.58464
1779699900,77431.64,77446.35,77431.64,77440.82,2.19363
1779699960,77440.82,77441.87,77440.81,77441.86,1.10091
1779700020,77441.86,77451.5,77441.86,77451.5,2.70176
1779700080,77451.5,77461.37,77451.49,77461.37,3.35384
1779700140,77461.37,77482.01,77461.37,77480.01,4.41428
1779700200,77480,77498.77,77480,77493.98,9.15233
1779700260,77493.98,77498.77,77478,77479.09,4.00081
1779700320,77479.09,77479.09,77479.07,77479.08,3.62581
1779700380,77479.07,77479.08,77456.09,77463.37,3.1715
1779700440,77463.37,77467.07,77460,77460,10.45391
1779700500,77459.94,77460.86,77459.94,77460.85,8.80234
1779700560,77460.86,77460.86,77456.99,77456.99,1.71792
1779700620,77456.99,77457,77456.99,77456.99,1.05432
1779700680,77457,77457,77435.4,77435.41,1.84053
1779700740,77435.41,77460.86,77435.38,77454,19.07685
1779700800,77454,77454.01,77444.45,77444.45,1.96505
1779700860,77444.46,77444.46,77425.17,77425.17,0.91657
1779700920,77425.17,77428,77425.17,77427.99,1.51016
1779700980,77428,77449.23,77427.99,77448.29,1.63957
1779701040,77448.29,77500,77448.28,77499.99,6.05066
1779701100,77500,77507.19,77499.99,77507.19,2.72055
1779701160,77507.18,77516.61,77507.18,77513.67,8.74089
1779701220,77513.68,77539.6,77500,77539.59,11.33282
1779701280,77539.59,77539.6,77539.59,77539.6,2.51066
1779701340,77539.59,77539.6,77520,77520,3.99321
1779701400,77520.01,77520.01,77516,77516,5.47053
1779701460,77516.01,77550.61,77516,77550.6,4.81051
1779701520,77550.61,77600,77550.6,77586.23,13.91219
1779701580,77586.23,77622,77586.22,77618.35,8.87992
1779701640,77618.35,77699.97,77601.33,77627.18,52.77496
1779701700,77627.18,77639.34,77596.04,77596.05,10.32056
1779701760,77596.04,77596.05,77570.84,77586.54,5.33949
1779701820,77586.54,77601.34,77586.53,77601.33,3.90662
1779701880,77601.34,77648.79,77601.33,77628,10.54446
1779701940,77628.01,77628.01,77587.9,77593.75,7.52509
1779702000,77593.75,77612.47,77593.75,77608.59,14.26713
1779702060,77608.59,77608.6,77573.74,77573.74,11.60399
1779702120,77573.74,77580.01,77573.74,77580.01,1.29411
1779702180,77580.01,77580.01,77580,77580.01,0.3465
1779702240,77580.01,77584.79,77580,77584.78,1.19473
1779702300,77584.79,77594.08,77570.5,77576.47,6.01032
1779702360,77576.47,77584.44,77576.46,77584.44,3.41107
1779702420,77584.44,77584.44,77579.96,77584,1.99928
1779702480,77584,77594.08,77563.15,77594.07,6.37408
1779702540,77594.07,77607.58,77594.07,77607.58,2.36014
1779702600,77607.58,77671.2,77607.57,77671.2,7.89339
1779702660,77671.19,77671.19,77647.99,77648,8.9364
1779702720,77648,77653.47,77639.94,77653.45,12.53592
1779702780,77653.46,77653.46,77628,77628,2.81168
1779702840,77628,77647.13,77628,77643.04,4.97595
1779702900,77643.04,77643.04,77612.92,77612.92,4.11776
1779702960,77612.92,77620.01,77611.97,77620.01,5.02806
1779703020,77620.01,77620.01,77620,77620.01,1.77507
1779703080,77620,77631.58,77620,77631.58,1.41944
1779703140,77631.57,77631.58,77604.56,77604.56,5.11309
1779703200,77604.56,77612.66,77603.38,77612.32,4.28668
1779703260,77612.32,77615.26,77607.63,77607.64,4.30233
1779703320,77607.64,77607.64,77563.15,77570.01,18.73369
1779703380,77570.01,77588.01,77567.62,77567.62,4.41359
1779703440,77567.62,77567.63,77563.15,77563.16,2.40405
1779703500,77563.16,77573.9,77563.15,77573.9,5.40708
1779703560,77573.9,77596.86,77573.89,77592.36,2.39091
1779703620,77592.36,77607.63,77592.36,77607.62,2.13634
1779703680,77607.63,77607.63,77607.62,77607.63,2.69113
1779703740,77607.63,77624.84,77607.62,77622,6.38826
1779703800,77622,77631.57,77615.97,77627.98,15.55053
1779703860,77627.99,77631.58,77627.95,77631.58,6.76899
1779703920,77631.58,77631.58,77626.35,77626.36,7.61339
1779703980,77626.35,77631.58,77626.35,77631.58,2.69694
1779704040,77631.57,77631.58,77631.57,77631.58,0.67125
1779704100,77631.58,77657.57,77631.57,77652.58,8.16225
1779704160,77652.58,77666.01,77652.57,77666,10.17568
1779704220,77665.99,77681.37,77665.99,77681.37,4.68146
1779704280,77681.36,77681.37,77675.77,77675.78,3.25324
1779704340,77675.77,77675.78,77632.1,77632.11,10.82837
1779704400,77632.11,77632.11,77578.01,77578.01,7.30929
1779704460,77578.01,77578.01,77533.26,77540.01,7.09946
1779704520,77540.01,77564.74,77540,77556.66,10.87994
1779704580,77556.67,77564.41,77547.31,77564.4,2.85129
1779704640,77564.4,77564.41,77564.4,77564.41,3.09419
1779704700,77564.41,77564.41,77534.61,77536.01,1.5848
1779704760,77536.01,77536.01,77527.22,77527.23,3.73662
1779704820,77527.23,77528,77520.67,77528,6.80602
1779704880,77528,77528,77520.67,77520.68,1.23745
1779704940,77520.67,77535.42,77520.67,77535.42,3.87296
1779705000,77535.41,77535.42,77528.8,77528.81,3.04159
1779705060,77528.81,77528.81,77528.8,77528.8,4.27751
1779705120,77528.8,77528.81,77528.8,77528.81,1.24706
1779705180,77528.81,77534.02,77528.81,77530.75,3.31564
1779705240,77530.75,77556.12,77524.86,77556.11,7.8384
1779705300,77556.11,77585.37,77556.11,77570.62,3.6813
1779705360,77570.62,77570.62,77562,77562.01,2.85011
1779705420,77562.01,77562.01,77562,77562,1.62763
1779705480,77562.01,77562.01,77552.46,77552.47,1.65068
1779705540,77552.46,77552.46,77526.1,77526.1,1.76039
1779705600,77526.11,77526.11,77522.31,77522.31,1.78942
1779705660,77522.32,77522.32,77516.76,77516.76,0.69296
1779705720,77516.77,77529.79,77516.76,77521.79,28.77656
1779705780,77521.79,77521.79,77516.76,77516.76,4.65023
1779705840,77516.76,77516.77,77516.76,77516.76,0.63636
1779705900,77516.76,77554,77516.76,77553.99,6.56595
1779705960,77554,77561.72,77546.22,77546.23,4.44964
1779706020,77546.23,77546.23,77533.77,77533.77,3.97513
1779706080,77533.78,77533.78,77533.77,77533.78,0.58758
1779706140,77533.78,77533.78,77531.92,77531.93,0.55307
1779706200,77531.93,77537.12,77531.92,77537.12,2.38565
1779706260,77537.12,77537.12,77515.39,77515.39,1.72384
1779706320,77515.39,77515.39,77490.37,77509.74,7.56238
1779706380,77509.75,77525.77,77509.74,77523.15,2.1756
1779706440,77523.14,77531.75,77523.14,77531.75,3.90627
1779706500,77531.75,77537.02,77531.74,77537.02,1.76652
1779706560,77537.02,77550,77537.02,77549.99,2.74067
1779706620,77550,77550,77545.58,77545.58,2.50476
1779706680,77545.59,77550,77545.58,77550,0.98786
1779706740,77550,77550,77545.64,77545.65,1.78628
1779706800,77545.65,77545.65,77444.18,77447.2,26.94706
1779706860,77447.19,77450.01,77441.82,77447.64,9.45701
1779706920,77447.64,77456.68,77416.44,77416.44,11.37857
1779706980,77416.44,77446.5,77416.44,77446.5,2.08948
1779707040,77446.5,77446.5,77446.49,77446.5,0.4162
1779707100,77446.5,77451.8,77446.49,77448.28,4.76247
1779707160,77448.29,77448.29,77423.58,77423.59,3.06976
1779707220,77423.59,77444.77,77416.44,77444.76,3.3953
1779707280,77444.77,77444.77,77444.76,77444.77,0.40752
1779707340,77444.77,77451.82,77444.76,77451.82,2.05455
1779707400,77451.82,77462.77,77451.81,77462.77,2.04369
1779707460,77462.77,77462.77,77448.55,77448.55,7.10871
1779707520,77448.55,77448.56,77448.54,77448.54,6.89516
1779707580,77448.55,77448.55,77440.79,77440.8,3.03481
1779707640,77440.8,77444.01,77440.79,77444,4.46233
1779707700,77444.01,77444.01,77444,77444.01,0.79294
1779707760,77444.01,77444.01,77421.52,77432.14,6.83697
1779707820,77432.14,77432.14,77429.32,77429.33,1.47424
1779707880,77429.33,77429.33,77416.44,77416.44,3.93308
1779707940,77416.44,77437.48,77416.44,77437.48,2.25455
1779708000,77437.48,77440.68,77437.47,77440.68,3.1322
1779708060,77440.67,77440.68,77440.67,77440.68,0.72285
1779708120,77440.67,77440.68,77428.39,77428.4,5.00325
1779708180,77428.4,77429.87,77427.09,77429.87,0.94036
1779708240,77429.86,77429.87,77429.86,77429.86,0.34543
1779708300,77429.87,77429.87,77412.86,77412.87,3.6369
1779708360,77412.87,77414.99,77412.86,77414.99,0.56344
1779708420,77414.99,77414.99,77414.98,77414.99,0.45152
1779708480,77414.99,77414.99,77414.98,77414.99,2.98339
1779708540,77414.99,77416.45,77414.98,77416.44,0.58451
1779708600,77416.45,77429.87,77416.44,77429.87,2.53873
1779708660,77429.86,77429.87,77429.86,77429.87,0.9364
1779708720,77429.87,77445.82,77429.86,77445.82,2.92334
1779708780,77445.81,77479.83,77445.81,77477.91,7.11102
1779708840,77477.91,77481.06,77477.9,77481.06,1.40222
1779708900,77481.06,77489,77462,77464,3.5518
1779708960,77463.99,77502.01,77463.99,77502,3.45773
1779709020,77502.01,77516.16,77502,77503.33,2.43841
1779709080,77503.33,77503.33,77503.32,77503.33,1.14978
1779709140,77503.32,77503.33,77503.32,77503.33,1.08531
1779709200,77503.33,77503.33,77464,77464,6.08493
1779709260,77464.01,77483.4,77464,77483.4,1.44223
1779709320,77483.41,77483.41,77483.4,77483.4,0.41117
1779709380,77483.41,77483.41,77464,77464.01,2.4463
1779709440,77464,77467.49,77464,77467.49,0.46816
1779709500,77467.49,77497.74,77467.49,77472.49,11.41333
1779709560,77472.48,77472.49,77472.48,77472.49,0.9705
1779709620,77472.49,77472.49,77450,77450.01,4.39289
1779709680,77450,77450.01,77436.18,77436.18,2.13952
1779709740,77436.18,77436.19,77428.53,77428.66,1.81547
1779709800,77428.67,77428.67,77428.61,77428.61,0.69651
1779709860,77428.62,77428.62,77419.92,77419.93,1.89081
1779709920,77419.92,77419.93,77363.6,77386.65,9.47135
1779709980,77386.66,77386.66,77386.65,77386.66,0.4782
1779710040,77386.66,77391.67,77386.65,77391.67,1.22105
1779710100,77391.67,77391.67,77391.66,77391.66,0.31209
1779710160,77391.67,77391.67,77391.66,77391.67,0.42427
1779710220,77391.66,77391.67,77378,77378,6.55609
1779710280,77378,77378,77338.44,77338.45,5.41822
1779710340,77338.45,77357.5,77333.33,77357.5,3.35197
1779710400,77357.5,77364.27,77357.49,77360.01,2.96513
1779710460,77360.01,77360.01,77308.62,77318.89,5.82896
1779710520,77318.89,77329.02,77300.01,77314.8,4.88134
1779710580,77314.8,77314.8,77286.5,77289.69,10.85808
1779710640,77289.69,77341.39,77289.69,77323.99,5.45636
1779710700,77323.99,77357.08,77320.01,77357.05,2.99824
1779710760,77357.06,77357.06,77354.15,77354.15,4.82669
1779710820,77354.16,77354.16,77342.57,77342.58,2.82602
1779710880,77342.58,77342.58,77330.67,77330.68,3.92604
1779710940,77330.67,77338.01,77322.93,77327.81,2.66557
1779711000,77327.8,77327.81,77327.8,77327.81,3.54692
1779711060,77327.81,77354.04,77327.8,77354.03,2.55647
1779711120,77354.03,77371.91,77354.03,77371.9,5.8439
1779711180,77371.9,77371.9,77357.75,77365.33,7.87446
1779711240,77365.34,77365.34,77365.33,77365.33,2.38698
1779711300,77365.33,77369.05,77359.11,77359.11,4.76182
1779711360,77359.11,77374.86,77359.11,77371.42,3.16633
1779711420,77371.42,77371.42,77334.29,77334.29,4.03339
1779711480,77334.3,77334.3,77326.41,77326.42,1.77522
1779711540,77326.42,77361.3,77326.42,77361.3,4.49519
1779711600,77361.29,77361.3,77361.29,77361.29,0.70495
1779711660,77361.3,77361.3,77340,77340,2.70127
1779711720,77340,77340.01,77324.21,77324.22,2.90386
1779711780,77324.22,77399.8,77324.21,77371.44,25.41734
1779711840,77371.45,77387.56,77363.99,77387.56,6.31959
1779711900,77387.56,77407.41,77387.54,77396.46,4.19632
1779711960,77396.46,77396.46,77382,77382.01,3.29833
1779712020,77382.01,77407.41,77382,77395.55,6.91587
1779712080,77395.56,77420.86,77395.55,77420.86,3.67747
1779712140,77420.86,77420.86,77388.53,77394.75,5.23518
1779712200,77394.75,77415.37,77394.75,77415.37,3.91562
1779712260,77415.36,77420.86,77401.48,77401.48,4.11701
1779712320,77401.48,77401.49,77401.48,77401.48,0.95164
1779712380,77401.49,77401.49,77370.19,77377.92,5.48563
1779712440,77377.92,77387.63,77377.92,77379.14,1.64209
1779712500,77379.14,77391.25,77379.13,77391.25,2.43716
1779712560,77391.24,77399.4,77391.24,77399.11,1.77546
1779712620,77399.1,77401.5,77399.1,77400.85,3.63002
1779712680,77400.84,77400.85,77356.7,77356.7,5.1294
1779712740,77356.7,77367.43,77356.7,77358.72,4.61892
1779712800,77358.71,77358.72,77358.67,77358.67,1.50884
1779712860,77358.67,77358.68,77354.32,77354.33,1.83812
1779712920,77354.32,77354.33,77354.32,77354.33,3.09702
1779712980,77354.33,77358.47,77354.32,77358.46,6.51061
1779713040,77358.47,77358.47,77358.46,77358.46,0.74406
1779713100,77358.46,77358.47,77305.41,77322.43,16.04621
1779713160,77322.43,77331.2,77320.27,77320.28,3.00613
1779713220,77320.27,77320.28,77309.16,77309.6,2.43787
1779713280,77309.59,77311.79,77299.53,77311.79,2.58923
1779713340,77311.79,77337.47,77311.79,77337.47,3.28006
1779713400,77337.47,77337.47,77330.89,77330.9,6.38857
1779713460,77330.89,77337.47,77330.89,77337.47,1.39338
1779713520,77337.47,77359.71,77337.46,77359.7,2.60607
1779713580,77359.7,77372.91,77359.7,77372.02,1.11842
1779713640,77372.03,77401.5,77372.02,77398.85,1.7156
1779713700,77398.86,77419.85,77398.85,77419.85,8.05981
1779713760,77419.84,77440.46,77414,77440.45,6.44841
1779713820,77440.46,77440.46,77409.03,77409.03,4.0866
1779713880,77409.04,77409.04,77388.16,77388.16,2.95543
1779713940,77388.17,77388.17,77367.98,77367.98,2.70915
1779714000,77367.98,77367.99,77345.84,77345.86,3.52734
1779714060,77345.86,77376.64,77345.85,77376.64,2.80629
1779714120,77376.64,77398.22,77376.64,77389.46,3.52314
1779714180,77389.47,77394.16,77384.22,77394.16,2.83026
1779714240,77394.16,77418.01,77394.15,77418.01,3.77301
1779714300,77418.01,77418.01,77406.41,77417.99,4.19965
1779714360,77417.98,77450,77417.98,77438.64,4.30228
1779714420,77438.65,77438.65,77436.18,77436.18,2.45863
1779714480,77436.19,77439.83,77436.18,77439.82,0.70555
1779714540,77439.82,77439.83,77415.03,77415.04,2.15758
1779714600,77415.04,77415.04,77410.53,77410.53,0.78582
1779714660,77410.54,77410.54,77371.65,77371.66,5.33279
1779714720,77371.66,77371.66,77324,77324.01,2.60839
1779714780,77324,77327.2,77324,77327.19,2.44745
1779714840,77327.2,77327.2,77318.73,77323.81,3.76459
1779714900,77323.81,77323.81,77318.73,77318.74,0.97509
1779714960,77318.73,77355.74,77318.73,77354.39,7.51277
1779715020,77354.38,77354.39,77354.38,77354.39,0.79263
1779715080,77354.39,77354.39,77314,77314,4.08947
1779715140,77314.01,77314.01,77302.06,77302.06,1.52951
1779715200,77302.06,77316.76,77286.5,77316.76,4.97261
1779715260,77316.76,77347.74,77316.75,77347.73,1.84796
1779715320,77347.74,77347.74,77344,77344,2.53716
1779715380,77344.01,77344.01,77334.64,77334.64,1.50067
1779715440,77334.64,77343.91,77334.64,77343.9,1.6302
1779715500,77343.91,77343.91,77329.9,77329.9,2.67182
1779715560,77329.91,77369.15,77329.91,77338.92,6.58977
1779715620,77338.92,77338.93,77334,77334,1.18379
1779715680,77334,77337.59,77332.17,77337.58,2.31854
1779715740,77337.59,77337.59,77325,77334.01,6.75932
1779715800,77334.01,77343.3,77334.01,77341.96,1.8025
1779715860,77341.97,77354.77,77341.96,77354.76,4.81302
1779715920,77354.76,77354.77,77354.76,77354.76,0.75069
1779715980,77354.77,77364.2,77341.96,77341.97,3.28459
1779716040,77341.97,77341.97,77323.67,77323.67,12.90935
1779716100,77323.59,77333.34,77313.37,77333.33,2.94223
1779716160,77333.34,77346.01,77314.69,77314.7,3.70893
1779716220,77314.7,77335.42,77314.7,77335.41,2.36644
1779716280,77335.41,77335.42,77298,77315.42,4.40728
1779716340,77315.42,77339.81,77315.41,77339.8,3.16909
1779716400,77339.8,77339.81,77320.35,77322.67,5.42529
1779716460,77322.67,77322.67,77312.48,77315.99,2.02399
1779716520,77315.99,77323.99,77315.99,77323.99,1.19866
1779716580,77323.99,77323.99,77322,77322.01,3.31245
1779716640,77322,77356.31,77311.87,77356.31,19.29899
1779716700,77356.32,77359.99,77324.01,77324.01,4.94033
1779716760,77324.02,77328,77324.01,77327.99,0.65913
1779716820,77328,77331.61,77327.99,77328.4,0.9719
1779716880,77328.4,77328.4,77328.39,77328.4,1.88644
1779716940,77328.4,77343.98,77328.39,77343.98,1.34432
1779717000,77343.98,77349.08,77343.97,77346.7,2.88963
1779717060,77346.7,77346.7,77310.07,77314,3.07325
1779717120,77314,77316.01,77314,77316.01,1.07543
1779717180,77316.01,77346.99,77316,77338.01,4.25478
1779717240,77338.01,77350,77333.44,77346.71,4.12319
1779717300,77346.71,77350,77345.27,77345.28,2.3489
1779717360,77345.27,77350,77343.99,77344,5.09693
1779717420,77344,77344,77334,77334.01,0.81216
1779717480,77334.01,77334.01,77334,77334,1.25769
1779717540,77334.01,77342.14,77334,77341.05,1.24819
1779717600,77341.05,77341.05,77329.05,77329.36,1.59374
1779717660,77329.36,77329.37,77328.99,77328.99,2.09288
1779717720,77328.99,77329,77304.84,77316.15,10.90388
1779717780,77316.15,77350,77316.15,77339.69,3.37489
1779717840,77339.69,77443.01,77339.69,77442.96,21.10597
1779717900,77442.96,77500,77432.11,77492,9.70392
1779717960,77492.01,77524.01,77442.04,77442.05,18.1741
1779718020,77442.05,77473.53,77442.04,77473.53,13.58351
1779718080,77473.53,77495.03,77464.57,77495.03,4.31823
1779718140,77495.03,77495.03,77461.18,77472.8,5.47789
1779718200,77472.8,77509.18,77466.01,77509.17,8.98797
1779718260,77509.18,77509.18,77480.02,77480.02,2.03424
1779718320,77480.03,77489.38,77480.02,77489.37,2.84974
1779718380,77489.37,77489.38,77471.17,77478.86,8.61059
1779718440,77478.86,77488.71,77478.86,77478.86,1.87185
1779718500,77478.87,77496.75,77478.86,77483.39,4.53932
1779718560,77483.4,77496.75,77475.22,77496.75,12.88529
1779718620,77496.75,77524.01,77496.74,77523.5,3.78715
1779718680,77523.51,77588.01,77523.5,77534.33,15.80719
1779718740,77534.33,77558.02,77534.33,77558.01,6.313
1779718800,77558,77558.01,77524.57,77524.57,11.83316
1779718860,77524.57,77534,77504.37,77534,10.14307
1779718920,77533.99,77536.96,77527.89,77536.95,7.53082
1779718980,77536.95,77536.96,77509.57,77516.65,9.10574
1779719040,77516.65,77562.23,77516.65,77562.22,12.34895
1779719100,77562.23,77620,77562.23,77596.11,17.81368
1779719160,77596.11,77596.11,77557.42,77588.77,16.29634
1779719220,77588.76,77600.01,77583.76,77600.01,5.35741
1779719280,77600.01,77620,77600,77612.27,10.78179
1779719340,77612.27,77619.98,77606.42,77619.97,6.9244
1779719400,77619.97,77619.97,77583.62,77586.69,9.8401
1779719460,77586.69,77586.69,77578.17,77578.17,6.75338
1779719520,77578.18,77578.18,77552.36,77553.59,9.53189
1779719580,77553.58,77575.29,77553.58,77572,6.11485
1779719640,77572.01,77581.32,77572,77581.31,2.80618
1779719700,77581.32,77591.64,77565.65,77591.64,13.96152
1779719760,77591.64,77593.23,77588.89,77588.89,9.15489
1779719820,77588.9,77588.9,77571.64,77582.69,4.33375
1779719880,77582.69,77582.69,77580,77580.01,3.69056
1779719940,77580.01,77580.01,77580,77580,1.26696
1779720000,77580,77580.01,77545.1,77545.1,35.35672
1779720060,77545.11,77557.3,77545.1,77557.29,2.47743
1779720120,77557.29,77565.99,77557.29,77565.98,2.67741
1779720180,77565.98,77570.04,77549.03,77549.04,12.74027
1779720240,77549.04,77577.32,77545.86,77577.32,21.03534
1779720300,77577.31,77577.33,77577.31,77577.33,0.80257
1779720360,77577.32,77756.15,77577.32,77748.37,54.57294
1779720420,77748.37,77773.69,77712,77734.79,30.54616
1779720480,77734.79,77749.74,77722.49,77722.49,24.80012
1779720540,77722.49,77734.34,77702.72,77706.04,11.02803
1779720600,77706.05,77726.98,77692.53,77692.53,9.93964
1779720660,77692.54,77692.54,77659.8,77674.82,15.83992
1779720720,77674.82,77676.38,77674.81,77676.38,1.29333
1779720780,77676.38,77696,77676.37,77695.99,5.88646
1779720840,77695.99,77725.26,77693.49,77693.85,13.9902
1779720900,77693.86,77726.39,77693.85,77720.15,6.31264
1779720960,77720.15,77720.15,77700,77700,10.92381
1779721020,77700.01,77700.01,77700,77700,4.2894
1779721080,77700.01,77714,77700,77714,3.19431
1779721140,77713.99,77714,77713.99,77714,1.76666
1779721200,77713.99,77754.01,77713.99,77728.8,8.50595
1779721260,77728.8,77739.47,77728.79,77728.8,7.51537
1779721320,77728.79,77728.8,77703.7,77726.71,16.91819
1779721380,77726.71,77747.02,77706.28,77706.28,11.92796
1779721440,77706.29,77706.29,77687.3,77699.95,7.97397
1779721500,77699.95,77750,77699.95,77719.32,14.78071
1779721560,77719.32,77747.02,77711.89,77747.02,7.48973
1779721620,77747.01,77779.97,77735.96,77744,27.11173
1779721680,77744,77744,77728.02,77741.1,5.21303
1779721740,77741.1,77766.53,77741.09,77757.54,3.18669
1779721800,77757.55,77850,77716.57,77806.91,55.80595
1779721860,77806.92,77905.52,77776.61,77854.3,44.69503
1779721920,77854.29,77885.42,77840.33,77866.49,6.51663
1779721980,77866.5,77866.5,77776.03,77776.03,11.84129
1779722040,77776.04,77782.01,77709.24,77711.99,9.97437
1779722100,77712,77712,77625.47,77674,20.50041
1779722160,77674.01,77674.01,77651.69,77663.2,14.27237
1779722220,77663.2,77694.47,77663.2,77688.07,4.78012
1779722280,77688.07,77691.37,77688.07,77691.37,0.96964
1779722340,77691.36,77750.35,77691.36,77694.5,11.26421
1779722400,77694.49,77694.5,77636.35,77636.35,3.49795
1779722460,77636.35,77648.01,77628.75,77640.71,4.62387
1779722520,77640.71,77640.71,77628.65,77628.66,6.0964
1779722580,77628.65,77628.66,77598.26,77619.77,21.18968
1779722640,77619.77,77619.78,77619.76,77619.77,2.70609
1779722700,77619.76,77666.63,77619.76,77659.34,10.95555
1779722760,77659.33,77674,77659.33,77673.99,4.96951
1779722820,77674,77674,77664,77668.04,1.94284
1779722880,77668.04,77668.05,77623.58,77623.58,8.65013
1779722940,77623.59,77629.29,77603,77603,11.29998
1779723000,77603,77604.55,77591.97,77591.97,14.90639
1779723060,77591.98,77604.08,77577.32,77602.71,7.2006
1779723120,77602.7,77602.71,77585.17,77595.97,3.43627
1779723180,77595.96,77634.75,77595.96,77634.74,4.57494
1779723240,77634.75,77683.11,77634.74,77662.17,8.64246
1779723300,77662.18,77666.18,77651.43,77655.71,16.66108
1779723360,77655.71,77655.71,77640.7,77640.7,3.94875
1779723420,77640.71,77640.71,77630,77630.01,2.31251
1779723480,77630.01,77654.43,77630,77654.43,5.07909
1779723540,77654.43,77654.43,77654.42,77654.43,0.01057
1779731520,77487.06,77492.57,77487.06,77492.57,6
1779731580,77492.6,77495.74,77492.33,77495.73,14
1779731640,77490.15,77493.55,77490.11,77490.16,16
1779731700,77498.02,77512.57,77492.41,77511.14,90
1779731760,77510.74,77510.74,77485.09,77485.1,46
1779731820,77469.02,77482.6,77469.02,77482.54,36
1779731880,77480.13,77480.13,77480.11,77480.11,4
1779731940,77496.89,77500.25,77494.6,77494.67,16
1779732060,77493.95,77493.95,77482.35,77486.07,34
1779732120,77515.79,77518.72,77499.68,77502.99,30
1779732180,77504.45,77515.6,77504.45,77511.55,56
1779732240,77518.04,77524.67,77518.04,77524.62,66
1779732300,77519.23,77522.6,77519.23,77522.6,4
1779732360,77536.09,77536.13,77522.29,77526.24,20
1779732420,77554.91,77555.91,77551.6,77551.61,22
1779732480,77557.59,77569.13,77554.2,77567.57,36
1779732540,77563.85,77564.5,77560.91,77560.91,22
1779733260,77556.23,77557.54,77552.15,77552.3,52
1779733320,77555.71,77556.84,77552.3,77556.6,38
1779733380,77535.66,77535.68,77530.41,77530.42,18
1779733440,77525.2,77525.2,77521.81,77521.81,4
1779733500,77530.07,77533.88,77529.98,77533.86,36
1779733560,77531.47,77534.84,77531.44,77534.8,22
1779733620,77534.8,77543.89,77534.8,77542.3,42
1779733680,77557.47,77557.76,77553.66,77554.26,30
1779733740,77559.56,77559.71,77554.28,77554.28,20
1779733800,77568.14,77568.14,77557,77561.21,62
1779733860,77545.95,77545.95,77545.53,77545.53,8
1779733920,77531.63,77532.89,77529.5,77529.5,8
1779733980,77520.21,77532.96,77516.82,77524.66,28
1779734040,77540.92,77548.35,77539.64,77548.31,44
1779734160,77550,77553.39,77550,77553.39,4
1779734220,77531.6,77535.01,77531.53,77531.53,10
1779734280,77532.68,77536.23,77532.41,77532.42,16
1779734340,77530.42,77530.45,77524.26,77528.06,36
1779734400,77552.56,77553.5,77499.35,77507.07,130
1779734460,77522.63,77522.63,77515.95,77522.26,36
1779734520,77519.32,77524.91,77519.27,77524.91,36
1779734580,77522,77522,77522,77522,2
1779734640,77533.53,77533.53,77517.75,77518.12,14
1779734700,77539.02,77540.54,77529.37,77533.07,86
1779734760,77529.63,77541.41,77529.63,77539.67,42
1779734820,77534.02,77546.83,77534.02,77546.18,44
1779734880,77539.54,77540.03,77536.12,77539.79,26
1779735000,77528.19,77528.2,77527.41,77527.99,8
1779735060,77529.14,77540.71,77529.14,77538.96,16
1779735120,77542.16,77542.16,77499.39,77502.53,52
1779735180,77502.64,77502.64,77496.59,77497.43,36
1779735240,77500.8,77500.81,77480.89,77486.01,64
1779735360,77494.78,77494.78,77494.78,77494.78,2
1779735420,77479.94,77483.52,77479.94,77480.19,10
1779735480,77479.52,77479.64,77479.23,77479.64,10
1779735540,77471.77,77471.77,77466.32,77467.6,32
1779735660,77444.35,77449.98,77441.9,77448.75,58
1779735720,77431.35,77431.35,77344.26,77401.37,128
1779735780,77373.91,77373.91,77368.82,77368.82,6
1779735840,77366.58,77373.93,77361.52,77373.93,24
1779735900,77367.79,77406.73,77364.34,77398.79,120
1779735960,77403.33,77407.19,77403.19,77406.61,36
1779736020,77407.08,77407.15,77403.7,77403.77,40
1779736080,77419.46,77422.42,77410.16,77410.61,56
1779736140,77411.28,77411.32,77385.8,77385.8,64
1779736200,77349.12,77381.33,77344.3,77381.33,106
1779736260,77383.61,77383.61,77380.19,77380.19,10
1779736320,77394.31,77408.78,77394.26,77407.65,30
1779736380,77408,77408.97,77404.72,77408.97,38
1779736440,77424.05,77424.07,77419.42,77422.82,34
1779736500,77419.85,77423.82,77393.51,77409.73,110
1779736560,77409.93,77415.05,77406.39,77413.86,44
1779736620,77392.49,77392.49,77392.49,77392.49,2
1779736680,77390.88,77390.88,77389.1,77389.1,12
1779736740,77369.69,77387.12,77366.38,77382.31,26
1779736800,77412.19,77415.85,77399.86,77403.51,34
1779736860,77394.59,77395.42,77390.22,77391.07,18
1779736920,77394.99,77401.32,77394.99,77397.89,38
1779736980,77403.66,77411.1,77403.48,77411.1,40
1779737040,77411.92,77427.79,77411.92,77427.69,72
1779737100,77424.28,77427.69,77417.95,77418.96,70
1779737160,77417.74,77417.74,77412.56,77413.97,40
1779737220,77406.13,77406.23,77402.74,77406.23,30
1779737280,77423.04,77423.2,77419.65,77423.2,34
1779737340,77411.52,77424.78,77411.51,77424.78,30
1779737400,77442.01,77453.61,77406.33,77415.28,150
1779737460,77418.92,77418.92,77398.12,77407,58
1779737520,77403.41,77403.47,77403.41,77403.46,6
1779737580,77395.27,77401.02,77391.97,77400.08,12
1779737640,77361.3,77371.98,77361.3,77371.98,32
1779737700,77353.23,77353.23,77307.04,77312.31,58
1779737760,77338.5,77344.66,77335.79,77344.66,38
1779737820,77314.95,77332.48,77314.95,77331.9,56
1779737880,77334.65,77338.06,77313.48,77315.81,80
1779737940,77315.36,77315.36,77315.36,77315.36,2
1779738000,77274.36,77287.41,77263.57,77272.31,76
1779738060,77280.85,77285.03,77280.85,77285.03,20
1779738120,77288.29,77299.98,77288.23,77296.44,40
1779738180,77325.46,77326.61,77317.27,77326.5,46
1779738240,77331.62,77334.86,77331.16,77334.85,30
1779738300,77336.49,77365.34,77335.27,77362.6,152
1779738360,77358.9,77362.46,77331.04,77342.42,68
1779738420,77334.39,77339.47,77334.38,77334.38,8
1779738480,77336.3,77336.3,77335.5,77335.5,4
1779738540,77337.82,77341.21,77320.52,77323.16,32
1779738600,77351.3,77392.43,77351.3,77389.23,126
1779738660,77390.32,77390.36,77371.88,77378.58,54
1779738720,77388.81,77389.2,77384.52,77389.2,56
1779738780,77378.07,77389.01,77378.07,77385.2,56
1779738840,77367.18,77367.48,77367.18,77367.48,6
1779738900,77334.68,77346.1,77314.48,77346.1,112
1779738960,77358.39,77363.71,77356.94,77361.49,29
1779739020,77361.38,77361.69,77356.58,77356.58,16
1779739080,77362.8,77362.82,77349.65,77356.69,30
1779739140,77356.53,77369.79,77353.06,77367.7,46
1779739260,77363.28,77363.83,77360.04,77363.83,10
1779739320,77373.29,77376.64,77373.23,77373.23,10
1779739380,77381.37,77400.49,77381.37,77400.49,54
1779739440,77378.97,77378.97,77370.32,77370.32,46
1779739500,77359.03,77376.55,77359.03,77374.31,98
1779739560,77370.9,77370.91,77353.76,77356.91,40
1779739620,77364.25,77385.37,77359.84,77383.44,56
1779739680,77378,77378,77377.74,77377.74,6
1779739740,77370.18,77370.19,77367.16,77368.96,12
1779739800,77377.85,77378.79,77377.85,77378.76,20
1779739860,77367.95,77371.17,77367.77,77371.17,26
1779739920,77376.91,77377.2,77376.84,77377.19,24
1779739980,77374.67,77380,77374.5,77379.43,66
1779740040,77377.38,77377.39,77371.08,77375.15,42
1779740100,77357.83,77399.38,77355.8,77396.09,120
1779740160,77396.61,77400,77386.53,77388.3,26
1779740220,77376.93,77383.74,77376.78,77376.78,34
1779740280,77377.84,77377.84,77376.77,77377.64,14
1779740340,77391.92,77408.23,77391.83,77408.23,76
1779740460,77412.48,77412.48,77412.48,77412.48,2
1779740520,77401.94,77405.35,77401.94,77405.31,18
1779740580,77402.17,77405.45,77402.06,77402.06,14
1779740640,77382.61,77393.81,77382.61,77392.71,32
1779740700,77389.53,77409.2,77389.44,77400.42,102
1779740760,77408.54,77408.55,77368.15,77369.6,70
1779740820,77359.71,77385.46,77359.65,77367.1,90
1779740880,77366.83,77366.84,77366.83,77366.84,4
1779740940,77359.51,77363.21,77359.51,77363.21,10
1779741000,77353.21,77391.15,77347.82,77352.51,135
1779741060,77366.56,77367.12,77355.46,77364.72,48
1779741120,77358.38,77383.43,77358.38,77380.71,56
1779741180,77389.88,77389.92,77377.51,77379.19,42
1779741240,77394.49,77394.49,77391.25,77391.25,6
1779741300,77302.57,77302.57,77211.53,77224.67,152
1779741360,77216.69,77231.83,77209.34,77230.85,54
1779741420,77257.5,77260.96,77256.7,77260.96,42
1779741480,77230.95,77251.07,77230.95,77242.15,42
1779741540,77255.83,77255.83,77244.87,77246.98,56
1779741660,77219.45,77219.45,77219.36,77219.36,4
1779741720,77214.87,77220.46,77214.87,77218.95,18
1779741780,77164.49,77174.96,77153.64,77165.29,54
1779741840,77196,77208.63,77192.33,77205.07,48
1779741900,77195.81,77215.33,77182.03,77215.33,148
1779741960,77221.18,77236.41,77216.64,77236.41,78
1779742020,77215.57,77215.57,77215.57,77215.57,2
1779742080,77218.99,77219.95,77216.52,77216.52,16
1779742140,77235.15,77239.31,77233.65,77235.91,28
1779742200,77189.89,77217.59,77183.65,77213.37,126
1779742260,77210.87,77210.87,77199.58,77201.44,34
1779742320,77217.98,77233.55,77217.98,77232.27,68
1779742380,77232.69,77236.11,77231.32,77232.63,48
1779742440,77244.54,77244.54,77220.83,77220.83,82
1779742500,77223.19,77261.29,77223.05,77255.73,110
1779742560,77267.08,77268.63,77267.08,77268.62,14
1779742620,77226.92,77235.71,77220.42,77222.34,52
1779742680,77179.34,77185.9,77164.86,77180.67,78
1779743100,77266.74,77268.52,77253.09,77258.31,106
1779743160,77258.27,77280.37,77254.86,77279.73,68
1779743220,77292.66,77292.8,77277.74,77283.64,66
1779743280,77280.37,77283.48,77262.51,77270.39,24
1779743340,77269.68,77269.71,77269.66,77269.7,12
1779743400,77257.55,77263.22,77257.54,77258.95,28
1779743460,77259.64,77264.28,77259.64,77264.28,30
1779743520,77260.95,77266.06,77260.95,77266.06,24
1779743580,77270.31,77291.79,77264,77290.7,86
1779743640,77287.83,77288.97,77284.47,77288.97,10
1779743700,77286.58,77287.64,77265.19,77269.56,28
1779743760,77257.93,77262.74,77257.93,77262.74,32
1779743820,77261.57,77261.58,77227.42,77245.8,62
1779743880,77243.95,77247.31,77225.5,77226.15,62
1779743940,77229.24,77229.78,77229.24,77229.78,4
1779744000,77253.12,77261.77,77253.1,77257.57,66
1779744060,77250.02,77253.64,77250.02,77253.64,14
1779744120,77253.25,77253.25,77208.26,77212.38,46
1779744180,77216.49,77216.61,77206.19,77208.16,40
1779744240,77206.85,77211.64,77190.7,77211.64,78
1779744300,77213.13,77213.13,77196.3,77196.3,4
1779744360,77238.54,77238.54,77235.18,77238.54,6
1779744420,77246.75,77256.61,77246.75,77256.61,22
1779744480,77267.08,77280.12,77263.78,77279.32,46
1779744540,77273.16,77276.59,77273.03,77273.16,40
1779744600,77278.99,77284.8,77266.72,77271.13,114
1779744660,77274.49,77274.77,77270.9,77270.9,54
1779744720,77274.04,77275.59,77274.04,77275.54,14
1779744780,77282.36,77282.36,77276.94,77276.94,18
1779744840,77266.2,77269.73,77266.02,77269.73,38
1779744900,77265.17,77294.43,77265.17,77291.06,136
1779744960,77294.64,77294.64,77204.07,77215.32,92
1779745020,77235.18,77254.07,77216.99,77216.99,88
1779745080,77198.87,77242.5,77198.85,77213.17,32
1779745140,77209.98,77212.86,77207.95,77212.85,30
1779745200,77246.17,77267.08,77245.83,77264.99,120
1779745260,77258.37,77260.09,77243.07,77243.07,62
1779745320,77261.82,77261.82,77260.23,77261.06,38
1779745380,77283.62,77283.67,77250.79,77251.3,64
1779745440,77247.66,77258.6,77242.79,77258.6,14
1779745500,77222.92,77231.49,77212.85,77214.14,64
1779745560,77221.9,77222.27,77218.69,77222.27,14
1779745620,77244.63,77244.63,77233.54,77234.97,40
1779745680,77239.17,77251.79,77239.17,77251.6,50
1779745740,77256,77256,77252.57,77252.58,26
1779745860,77235.28,77235.28,77230.64,77230.81,16
1779745920,77229.73,77252.76,77229.72,77251.58,24
1779745980,77252.21,77256.33,77252.21,77252.5,52
1779746040,77277.82,77281.05,77229.59,77264.08,54
1779746160,77260.61,77260.61,77260.61,77260.61,2
1779746220,77277.64,77281.15,77277.64,77277.79,8
1779746280,77296.01,77299.36,77293.9,77299.23,20
1779746340,77297.27,77300.73,77297.27,77300.73,14
1779746460,77238.75,77238.79,77226.51,77230.72,56
1779746520,77256.61,77288.15,77235.9,77240.51,100
1779746580,77211.84,77216.29,77211.84,77216.29,4
1779746640,77221.75,77224.46,77199.95,77205.49,28
1779746700,77232.57,77322.14,77232.57,77292.29,168
1779746760,77310.47,77310.47,77283.04,77293.28,68
1779746820,77318.95,77318.95,77271.41,77279.49,82
1779746880,77298.6,77298.74,77276.3,77286.84,90
1779746940,77267.53,77270.27,77267.53,77270.01,10
1779747000,77258.2,77331.09,77241.3,77315.69,112
1779747060,77310.39,77325.19,77309.84,77313.39,44
1779747120,77324.03,77344.82,77321.01,77339.35,56
1779747180,77353.76,77353.76,77333.22,77348.11,80
1779747240,77343.59,77347.25,77313.26,77321.16,56
1779747360,77333.58,77333.58,77328.93,77332.95,14
1779747420,77349.13,77349.13,77298.78,77312.43,34
1779747480,77305.03,77308.45,77268.65,77269.11,50
1779747540,77287.29,77293.6,77233.13,77247.91,56
1779747600,77272.34,77289.26,77241.36,77262.88,134
1779747660,77262.22,77272.47,77258.79,77268.81,50
1779747720,77282.37,77282.37,77279,77279.27,6
1779747780,77306.01,77309.42,77305.65,77305.65,12
1779747840,77297.91,77297.91,77283.58,77289.57,34
1779747900,77283.44,77283.44,77257.54,77273.22,124
1779747960,77288.03,77289.11,77281.34,77287.11,46
1779748020,77233.27,77233.79,77216.99,77231.77,68
1779748080,77220.14,77220.14,77219.96,77219.96,4
1779748140,77190.54,77190.54,77186.72,77190.09,14
1779748200,77214.28,77214.28,77052.48,77055.35,152
1779748260,77107,77118.41,77071.5,77080.68,66
1779748320,77063.89,77088.97,77048.09,77084.61,68
1779748380,77052.95,77069.89,76996.7,77033.06,114
1779748440,77015.44,77050.25,77009.44,77033.43,104
1779748500,77059.26,77059.26,76990.79,77024.31,132
1779748560,77025.94,77029.23,77025.94,77029.08,12
1779748620,77017.89,77038.88,77017.89,77032.98,40
1779748680,77032.97,77043.49,77032.97,77042.02,36
1779748740,77071.46,77102.29,77071.46,77095.12,72
1779748800,77097.48,77097.48,77067.06,77079.77,146
1779748860,77083.17,77125.6,77080.41,77125.6,106
1779748920,77083.86,77089.7,77083.59,77089.7,20
1779748980,77077.88,77077.89,77061.29,77063.5,28
1779749040,77083.27,77092.32,77083.27,77088.93,46
1779749100,77104.99,77124.25,77091.84,77124.25,148
1779749160,77126.82,77126.82,77101.92,77108.04,74
1779749220,77107.14,77107.23,77107.14,77107.23,4
1779749280,77138.08,77138.08,77123.72,77126.71,18
1779749340,77116.97,77134.76,77106.09,77124.18,34
1779749400,77144.94,77169.68,77131.58,77159,118
1779749460,77163.09,77168.34,77151.63,77155.02,40
1779749520,77162.79,77164.77,77153.42,77156.09,60
1779749580,77127.41,77127.41,77125.5,77125.5,4
1779749640,77137.96,77137.96,77137.96,77137.96,2
1779749700,77141.91,77141.91,77110.56,77128.47,118
1779749760,77102.74,77117.2,77102.74,77109.28,34
1779749820,77131.02,77132.88,77128.26,77131.74,32
1779749880,77101.82,77116.1,77088.46,77092.96,58
1779749940,77059.19,77071.03,77052.69,77057.56,104
1779750000,77032.98,77079.74,76986.3,77076.76,242
1779750060,77073.28,77088.1,77073.28,77075.41,26
1779750120,77064.75,77064.75,77026.3,77045.54,52
1779750180,77096.62,77115.01,77096.3,77105.67,40
1779750240,77113.09,77122.87,77089.58,77108.03,76
1779750300,77103.38,77138.23,77093.42,77138.23,168
1779750360,77138.21,77154.39,77134.46,77154.08,74
1779750420,77173.49,77173.49,77161.19,77164.25,16
1779750480,77202.53,77204.65,77184.72,77189.95,50
1779750540,77169.3,77190.84,77162.12,77184.76,52
1779750600,77177,77183.13,77139.5,77176.3,134
1779750660,77180.41,77180.41,77174.64,77174.64,36
1779750720,77176.59,77176.59,77176.59,77176.59,2
1779750780,77172.74,77172.74,77172.68,77172.68,8
1779750840,77163.92,77186.63,77163.92,77186.63,46
1779750900,77206.69,77250.64,77203.21,77217.64,106
1779750960,77211.25,77227.95,77211.25,77216.47,56
1779751020,77205.93,77214.28,77194.56,77207.37,62
1779751080,77201.22,77206.42,77200.28,77206.41,56
1779751140,77210.36,77210.36,77200.51,77201.59,10
1779751200,77178.24,77209.31,77178.24,77209.31,90
1779751260,77170.72,77193.13,77170.72,77176.41,70
1779751320,77180.61,77198.99,77180.61,77187.64,46
1779751380,77183.99,77195.5,77178.35,77194.4,62
1779751440,77201.13,77201.13,77197.65,77200.92,8
1779751500,77200.38,77217.98,77200.07,77213.73,76
1779751560,77211.36,77223.45,77211.35,77222.01,20
1779751620,77195.26,77198.74,77191.91,77192.36,30
1779751680,77209.85,77217.67,77202.14,77207.05,40
1779751740,77198.13,77198.14,77181.93,77183.11,42
1779751800,77202.2,77202.2,77168.83,77198.26,92
1779751860,77210.95,77210.96,77207.48,77210.96,8
1779751920,77234.91,77237.89,77231.43,77237.89,20
1779751980,77241.75,77245.23,77239.92,77243.4,28
1779752040,77239.32,77239.32,77228.54,77228.54,34
1779752100,77239.87,77245.94,77226.36,77226.36,122
1779752160,77229.84,77246.82,77226.34,77242.38,88
1779752220,77245.93,77245.93,77240.24,77240.24,6
1779752280,77230.35,77233.99,77228.83,77228.83,18
1779752340,77241.93,77245.41,77237.52,77242.29,26
1779752400,77264,77271.54,77261.67,77262.14,95
1779752460,77246.16,77249.27,77245.75,77249.27,27
1779752520,77266.93,77272.05,77266.45,77272.05,62
1779752580,77281.75,77281.75,77258.3,77262.59,72
1779752640,77258.13,77258.13,77258,77258,4
1779752700,77250.35,77254.53,77229.91,77248.26,114
1779752760,77253.1,77253.23,77244.29,77245.95,40
1779752820,77251.83,77255.32,77243.89,77245.69,20
1779752880,77244.84,77245.03,77225.7,77231.68,66
1779752940,77224.06,77229.98,77220.31,77224.26,56
1779753000,77238.54,77238.54,77238.54,77238.54,2
1779753060,77214.41,77225.31,77210.83,77220.1,22
1779753120,77248.99,77249.11,77245.05,77245.05,14
1779753180,77249.41,77249.41,77245.93,77245.93,8
1779753240,77244.27,77254.16,77244.09,77251.66,30
1779753300,77261.68,77261.68,77255.34,77255.34,100
1779753360,77255.47,77269.8,77252.76,77253.43,34
1779753420,77263.43,77263.43,77255.63,77255.63,54
1779753480,77266.62,77266.71,77266.62,77266.71,10
1779753540,77263.07,77263.09,77259.6,77259.72,16
1779753660,77250.8,77273.15,77234.15,77269.73,68
1779753720,77195.88,77209.86,77165.84,77180.55,108
1779753780,77199.56,77216.67,77188.67,77202.12,106
1779753840,77191.87,77191.87,77191.8,77191.8,4
1779753900,77175.34,77229.26,77175.34,77207.32,122
1779753960,77194.08,77204.6,77180.67,77204.6,44
1779754020,77179.52,77192.25,77159.05,77192.25,54
1779754080,77183.13,77190.41,77173.09,77173.09,40
1779754140,77165.81,77165.81,77138.06,77140.71,60
1779754200,77156.07,77157.92,77127.59,77139.03,154
1779754260,77135.54,77146.5,77131.84,77137.85,102
1779754320,77133.88,77138.18,77133.88,77134.12,16
1779754380,77150.37,77150.37,77144.95,77144.96,20
1779754440,77141.67,77154.53,77141.27,77149.55,30
1779754500,77147.18,77169.75,77121.77,77169.71,138
1779754560,77148.87,77148.87,77116.07,77133.39,66
1779754620,77113.22,77125.03,77106.91,77115.85,60
1779754680,77087.22,77108.2,77084.14,77103.33,28
1779754740,77063.75,77063.85,77054.93,77054.93,36
1779754800,77073.97,77078.93,77037.24,77060.07,160
1779754860,77053.39,77057.82,77047.25,77048.19,50
1779754920,77032.17,77045.7,77020.22,77021.58,78
1779754980,77019.69,77019.69,77007.26,77007.29,78
1779755040,77010.15,77024.78,77010.15,77021.99,26
1779755100,77054.82,77059.93,77018.81,77018.81,106
1779755160,77018.13,77043.36,77018.13,77042.5,46
1779755220,77054.22,77085.15,77054.22,77083.07,76
1779755280,77074.97,77088.82,77072.58,77085.29,50
1779755340,77074.04,77082.85,77071.5,77071.5,56
1779755400,77042.92,77064.98,77038.95,77060.82,73
1779755460,77098.1,77100.84,77094.08,77100.84,24
1779755520,77101.04,77101.04,77064.07,77064.07,32
1779755580,77054.89,77065.49,77051.27,77057.28,48
1779755640,77056.96,77066.14,77042.51,77049.89,70
1779755760,77007.07,77010.45,77006.84,77006.84,14
1779755820,77020.06,77020.06,76970.91,76970.91,30
1779755880,76965.58,76967.69,76885.68,76904.5,80
1779755940,76862.72,76920.47,76862.72,76913.85,86
1779756000,76886.36,76896.72,76836.1,76852.63,230
1779756060,76843.22,76856,76801.45,76852.19,134
1779756120,76819.65,76819.65,76803.14,76803.14,16
1779756180,76802.6,76802.6,76783.3,76787.53,32
1779756240,76783.86,76783.86,76749.77,76759.81,56
1779756300,76797.22,76842.18,76772.31,76841.04,216
1779756360,76833.75,76855.46,76819.05,76845.62,84
1779756420,76849.11,76852.59,76804.7,76808.21,94
1779756480,76783.9,76783.9,76750.48,76750.48,14
1779756540,76778.99,76797.76,76778.99,76792.5,30
1779756600,76806.03,76806.03,76733.23,76734.55,130
1779756660,76718.58,76722.95,76677.09,76714.05,74
1779756720,76616.29,76637.29,76596.28,76603.12,106
1779756780,76520.72,76536.84,76479.78,76503.66,122
1779756840,76508.62,76651.57,76503.21,76634.42,156
1779756900,76634.35,76743.66,76634.35,76738.88,178
1779756960,76745.24,76745.24,76701.76,76710.62,40
1779757020,76736.04,76736.04,76720.64,76723.44,34
1779757080,76703.38,76724.62,76702.74,76722.27,54
1779757140,76751.68,76764.34,76721.07,76722.89,100
1779757320,76659.51,76659.51,76639,76641.16,38
1779757380,76602.14,76602.14,76548.03,76549.96,76
1779757440,76584.41,76608.79,76583.43,76608.25,72
1779757500,76557.23,76633.27,76554.56,76622.56,188
1779757560,76618.3,76638.02,76603.55,76613.42,104
1779757620,76668.07,76668.07,76667.68,76667.68,4
1779757680,76626.22,76626.22,76604.81,76605.41,20
1779757740,76657.1,76657.31,76637.73,76637.73,28
1779757800,76592.66,76625.89,76578.24,76609.3,162
1779757860,76631.71,76655.63,76616.65,76640.98,86
1779757920,76676.92,76699.85,76676.92,76696.63,86
1779757980,76732.37,76732.37,76732.37,76732.37,2
1779758040,76754.57,76754.57,76738.2,76743.72,20
1779758100,76756.4,76756.4,76714.89,76732.2,130
1779758160,76750.97,76764.1,76742.73,76762.27,52
1779758220,76731.42,76734.31,76719.29,76734.31,60
1779758280,76753.41,76797.77,76753.27,76765.87,82
1779758340,76775.68,76777.86,76752.76,76777.32,84
1779758400,76755.13,76789.23,76752.48,76767.72,126
1779758460,76754.15,76754.15,76748.17,76753.54,22
1779758520,76725.28,76734.78,76717.3,76731.25,56
1779758580,76748.16,76748.16,76710.07,76718.05,72
1779758640,76745.48,76757.79,76736.36,76749.21,56
1779758700,76743.37,76743.37,76713.92,76725.96,114
1779758760,76700.63,76704.13,76697.54,76700.44,18
1779758820,76649.05,76649.62,76642.14,76645.64,34
1779758880,76682.66,76718.55,76682.66,76713.33,46
1779758940,76716.4,76722.95,76716.37,76719.1,48
1779759000,76708.09,76708.09,76641.17,76689.81,204
1779759060,76689.83,76689.9,76670.59,76680.32,112
1779759120,76683.85,76683.85,76644.69,76649.71,32
1779759180,76636.07,76636.07,76618.74,76622.87,58
1779759240,76581.34,76581.34,76535.97,76539.32,62
1779759300,76579.92,76633.84,76552.95,76620.05,158
1779759360,76618.47,76655.8,76611.95,76638.49,118
1779759420,76598.04,76603.13,76560.65,76580.17,26
1779759480,76591.4,76627.67,76585.67,76617.99,34
1779759540,76589.29,76621.35,76583.32,76617.52,52
1779759600,76577.86,76577.86,76541.44,76553.78,171
1779759660,76551.63,76554.74,76530.62,76537.2,96
1779759720,76544.2,76544.2,76544.2,76544.2,2
1779759780,76572.6,76576.35,76559.06,76559.06,12
1779759840,76560.43,76563.73,76559.54,76563.36,18
1779759900,76589.76,76647.99,76565.29,76634.83,188
1779759960,76636.53,76652.39,76636.53,76651.73,72
1779760020,76625.7,76626.09,76617.89,76626.09,48
1779760080,76686.35,76700.42,76653.01,76659.85,110
1779760140,76678.13,76678.15,76674.63,76674.63,10
1779760200,76677.23,76705.1,76677.23,76705.1,112
1779760260,76693.02,76707.39,76692.97,76704.79,30
1779760320,76677.85,76696.38,76673.55,76696.38,52
1779760380,76688.71,76703.44,76688.71,76702.07,66
1779760440,76712.29,76716.82,76681.19,76687.07,74
1779760560,76694.81,76694.81,76677.49,76677.49,8
1779760620,76697.15,76700.63,76696.77,76700.25,14
1779760680,76666.8,76688.25,76666.8,76685.39,34
1779760740,76672.32,76678.2,76672.32,76678.2,42
1779760860,76584.28,76584.28,76557.57,76561.07,84
1779760920,76574.83,76574.83,76550.33,76560.81,90
1779760980,76598.7,76618.34,76598.7,76615.35,12
1779761040,76635.19,76657.13,76635.19,76652.2,28
1779761100,76622.66,76673.62,76616.74,76673.62,120
1779761160,76683.9,76724.02,76683.9,76711.86,54
1779761220,76676.65,76677.71,76659.85,76675.32,56
1779761280,76649.63,76718.3,76649.63,76686.17,84
1779761340,76695.21,76710.03,76692.13,76701.43,68
1779761400,76719.97,76721.58,76708.5,76709.83,70
1779761460,76707.15,76714.76,76707.15,76711.7,16
1779761520,76689.14,76693.6,76687.98,76693.3,28
1779761580,76718.45,76721.9,76700.41,76716.83,54
1779761640,76729.96,76731.54,76726.46,76731.07,30
1779761700,76684.73,76685.22,76661.57,76679.15,110
1779761760,76679.89,76679.89,76631.95,76640.04,60
1779761820,76631.98,76631.98,76631.98,76631.98,2
1779761880,76639.01,76649.34,76635.53,76649.34,14
1779761940,76658.04,76666.32,76658.04,76660.99,14
1779762000,76690.45,76697.82,76639.16,76639.16,106
1779762060,76648.56,76682.74,76648.56,76665.56,48
1779762120,76654.79,76668.89,76647.21,76667.21,44
1779762180,76633.7,76635.61,76613.42,76618.84,58
1779762240,76615.91,76653.63,76610.38,76649.6,76
1779762300,76651.04,76657.02,76628.18,76638.43,92
1779762360,76654.98,76657.01,76653.65,76656.58,12
1779762420,76632.51,76632.58,76624.02,76624.02,16
1779762480,76643.82,76643.83,76616.75,76617.15,50
1779762540,76614.29,76614.29,76590.45,76590.96,52
1779762600,76590.74,76612.93,76562.26,76566.77,182
1779762660,76572.32,76585.88,76564.86,76571.53,58
1779762720,76585.98,76585.98,76581.68,76581.68,4
1779762780,76589.83,76591.66,76584.71,76584.86,12
1779762840,76603.31,76603.8,76601.91,76601.91,16
1779762900,76583.19,76622.6,76579.14,76607.67,124
1779762960,76608.33,76608.33,76592.57,76600.66,46
1779763020,76612.98,76654.51,76612.98,76650.43,90
1779763080,76616.38,76616.38,76588.54,76590.2,68
1779763140,76593.43,76596.9,76588.89,76588.89,8
1779763200,76572.82,76595.54,76572.65,76580.22,136
1779763260,76569.77,76570.65,76568.3,76568.3,14
1779763320,76548.9,76548.9,76497.06,76511.35,74
1779763380,76547.99,76553.05,76516.33,76521.74,82
1779763440,76522.77,76522.77,76513.54,76513.54,48
1779763500,76514.89,76516,76500.51,76513.21,64
1779763560,76490.94,76494.42,76477.27,76485.99,46
1779763620,76419.29,76509.23,76419.13,76494.36,70
1779763680,76547.99,76549.46,76529.1,76529.1,60
1779763740,76529.57,76545.65,76526.64,76543.96,34
1779763860,76601.24,76602.1,76582.2,76602.1,24
1779763920,76584.78,76589.4,76584.76,76585.92,10
1779763980,76603.91,76603.91,76590,76597.11,34
1779764040,76593.02,76593.02,76550.9,76566.35,52
1779764160,76583.56,76587.37,76583.56,76587.37,10
1779764220,76583.21,76583.21,76561.8,76565.41,24
1779764280,76539.45,76545.43,76536.09,76536.09,34
1779764340,76543.51,76543.69,76540.02,76543.69,18
1779764460,76558.12,76558.12,76525.75,76531.32,58
1779764520,76570.08,76582.15,76557.15,76557.15,62
1779764580,76560.14,76560.14,76553.65,76555.25,10
1779764640,76523.19,76524.07,76520.38,76524.07,20
1779764700,76522.68,76563.71,76522.68,76542.46,126
1779764760,76537.8,76537.8,76520.61,76520.61,34
1779764820,76506.94,76507.17,76498.15,76499.71,54
1779764880,76544.69,76544.69,76535.2,76543.33,54
1779764940,76538.52,76538.75,76537.37,76537.37,8
1779765000,76516.3,76539.31,76511.11,76537.79,90
1779765060,76547.62,76572.89,76546.85,76556.34,46
1779765120,76558.07,76569.72,76547.07,76554.44,46
1779765180,76533.83,76543.66,76533.83,76540.58,40
1779765240,76495.15,76495.66,76478.96,76489.97,84
1779765300,76484.43,76504.02,76462.82,76501.16,96
1779765360,76494.21,76496,76494.21,76495.96,18
1779765420,76499.62,76503.69,76499.62,76502.25,24
1779765480,76505.64,76506.5,76500.3,76503.2,26
1779765540,76490.22,76493.91,76484.75,76490.99,50
1779765600,76461.22,76530.35,76461.15,76522.8,148
1779765660,76520.19,76528.17,76502.45,76505.82,82
1779765720,76501.25,76503.99,76500.51,76503.95,8
1779765780,76497.29,76497.52,76494.14,76494.14,26
1779765840,76500.43,76500.43,76475.77,76485.99,32
1779765900,76484.25,76484.25,76452.29,76475.55,152
1779765960,76477.62,76477.62,76465.12,76472.33,72
1779766020,76467.91,76468.9,76435.24,76440.89,88
1779766080,76380.41,76401.34,76380.25,76398.46,20
1779766140,76451.31,76451.31,76431.4,76433.85,24
1779766200,76506.49,76527.85,76491.49,76496.87,144
1779766260,76481.74,76505.09,76476.52,76491.3,52
1779766320,76535.12,76554.98,76531.51,76536.13,82
1779766380,76536.52,76552.31,76536.52,76547.62,74
1779766440,76572.96,76572.96,76569.63,76569.63,6
1779766500,76575.41,76580.79,76566.76,76566.76,92
1779766560,76570.11,76592.04,76570.11,76589.5,26
1779766620,76590.27,76598.41,76590.27,76597.37,30
1779766680,76603.64,76603.97,76597.86,76597.86,38
1779766740,76619.5,76629.23,76595.59,76596.88,78
1779766800,76594.88,76594.88,76581.02,76582,98
1779766860,76581.96,76581.96,76571.32,76573.44,10
1779766920,76560.4,76564.26,76560.4,76560.64,10
1779766980,76565.82,76566.45,76562.36,76562.92,18
1779767040,76567.82,76567.82,76562.12,76565.67,22
1779767100,76563.54,76575.12,76562.67,76568.94,70
1779767160,76568.88,76579.16,76564.26,76567.49,60
1779767220,76576.22,76576.22,76552.92,76552.92,4
1779767280,76545.23,76545.23,76545.06,76545.06,6
1779767340,76571.37,76571.37,76571.37,76571.37,2
1779767400,76563.51,76569.86,76563.51,76569.85,54
1779767460,76569.78,76569.79,76558.87,76564.25,33
1779767520,76570.06,76572.57,76559.17,76564.46,36
1779767580,76595.55,76595.55,76565.66,76570.11,50
1779767640,76576.27,76590.83,76576.27,76581.25,56
1779767700,76578,76583.74,76571.52,76576.27,62
1779767760,76577.11,76577.12,76572.74,76572.74,18
1779767820,76587.03,76587.21,76585.27,76586.87,18
1779767880,76585.93,76585.97,76574.88,76585.46,38
1779767940,76581.9,76581.9,76570.09,76573.58,48
1779768060,76602.43,76622.55,76602.43,76614.19,16
1779768120,76570.72,76570.72,76570.72,76570.72,2
1779768180,76548.27,76548.32,76541.84,76541.84,34
1779768240,76538.76,76540.26,76535.15,76540.26,38
1779768300,76568.1,76582.53,76542.39,76556.46,128
1779768360,76552.53,76552.53,76545.61,76546.39,32
1779768420,76546.43,76577.99,76546.38,76577.89,66
1779768480,76569.33,76572.82,76565.27,76565.27,20
1779768540,76545.7,76545.7,76534.62,76534.62,32
1779768600,76536.53,76541.53,76533.64,76539.54,76
1779768660,76536.04,76552.17,76534.66,76547.37,54
1779768720,76562.11,76562.11,76547.14,76547.14,54
1779768780,76549.41,76549.42,76545.93,76545.94,8
1779768840,76583.8,76583.8,76577.01,76577.01,16
1779768900,76583.66,76593.44,76569.72,76574.34,107
1779768960,76573.13,76573.62,76567.96,76569.78,40
1779769020,76544.52,76552.91,76542.87,76551.84,48
1779769080,76544.92,76548.4,76541.18,76543.44,42
1779769140,76545.61,76558.03,76545.6,76555.51,12
1779769200,76559.51,76559.51,76548.26,76554.05,62
1779769260,76545.53,76549.03,76545.07,76548.5,24
1779769320,76547.06,76555.63,76539.12,76541.79,42
1779769380,76546.64,76546.75,76543.21,76546.75,26
1779769440,76531.39,76605.27,76531.13,76602.61,64
1779769560,76604.57,76608.05,76604.57,76608.05,4
1779769620,76606.39,76606.41,76594.72,76595.39,24
1779769680,76599.46,76599.46,76597.9,76599.31,12
1779769740,76620.83,76637.79,76620.83,76637.79,58
1779769800,76644.32,76689.73,76643.83,76675.71,152
1779769860,76678.68,76678.87,76657.44,76659.48,66
1779769920,76681.99,76686.88,76681.99,76686.88,10
1779769980,76679.99,76679.99,76679.99,76679.99,2
1779770040,76675.36,76687.78,76675.25,76680.44,34
1779770100,76671.16,76685.87,76671.16,76679.32,114
1779770160,76676.54,76684.34,76674.85,76684.34,54
1779770220,76696.93,76700.69,76688.82,76689.13,60
1779770280,76689.96,76689.96,76689.96,76689.96,2
1779770340,76687.7,76687.7,76687.7,76687.7,2
1779770400,76669.05,76676.94,76665.49,76676.81,84
1779770460,76676.59,76680.07,76673.58,76679.73,28
1779770520,76669.04,76672.54,76667.66,76667.66,28
1779770580,76671.81,76671.81,76654.2,76656.92,34
1779770640,76677.15,76677.31,76677.15,76677.31,4
1779770700,76685.07,76695.49,76681.54,76693.3,88
1779770760,76692.03,76695.59,76679.57,76686.07,28
1779770820,76698.89,76698.91,76688.91,76691.29,30
1779770880,76686.69,76686.95,76680.07,76680.07,46
1779770940,76672.32,76676.78,76672.32,76676.74,34
1779771000,76681.01,76688.63,76678.06,76683.48,94
1779771060,76683.79,76691.39,76683.79,76689.68,54
1779771120,76686.7,76687.73,76684.32,76687.63,12
1779771180,76674.77,76678.29,76674.77,76674.81,14
1779771240,76684.78,76688.04,76682.84,76688.04,10
1779771300,76672.79,76683.56,76671.1,76683.56,78
1779771360,76698.68,76722.95,76697.95,76717.69,50
1779771420,76713.66,76713.66,76695.56,76697.81,42
1779771480,76695.62,76695.72,76695.62,76695.71,6
1779771540,76670.69,76670.69,76670.68,76670.68,4
1779771660,76640.47,76643.96,76610.92,76633.23,136
1779771720,76631,76634.01,76628.47,76630.48,38
1779771780,76631.98,76637.12,76630.85,76636.48,50
1779771840,76633.31,76633.31,76633.31,76633.31,2
1779771900,76668.41,76668.41,76642.83,76643.27,74
1779771960,76637.01,76644.91,76636.62,76644.91,18
1779772020,76653.53,76653.53,76638.33,76640.68,26
1779772080,76665.58,76706.11,76665.17,76706.11,74
1779772140,76700.19,76704.45,76679.9,76702.1,56
1779772200,76670.55,76670.55,76670.28,76670.28,4
1779772260,76688.73,76688.73,76680.55,76681.58,16
1779772320,76683.88,76688.56,76683.88,76685.69,24
1779772380,76707.27,76728.06,76703.59,76724.4,60
1779772440,76740.61,76742.28,76728.46,76729.57,42
1779772560,76734.69,76734.69,76734.17,76734.17,4
1779772620,76758.21,76762.39,76758.21,76760.62,8
1779772680,76757.21,76760.95,76755.59,76755.89,30
1779772740,76759.95,76761.03,76756.59,76757.42,40
1779772800,76763.87,76792.54,76759.63,76785.3,158
1779772860,76799.48,76805.52,76791.45,76799.09,52
1779772920,76785.31,76787.9,76758.71,76759.25,72
1779772980,76760.39,76763.87,76760.39,76763.87,8
1779773040,76763.54,76773.55,76763.54,76773.55,22
1779773100,76773.23,76777,76772.89,76772.89,62
1779773160,76772.03,76779.07,76768.54,76777.8,32
1779773220,76780.17,76781.77,76777.11,76781.75,32
1779773280,76779.25,76780.58,76774.79,76774.79,40
1779773340,76776.47,76790.5,76776.47,76783.69,42
1779773400,76769.16,76802.06,76753.73,76795.59,112
1779773460,76789.91,76790.36,76786.86,76786.86,22
1779773520,76785.99,76785.99,76779.14,76783.49,36
1779773580,76799.04,76799.04,76792.49,76798.34,46
1779773640,76800.95,76801.2,76794.23,76798.54,44
1779773760,76870.72,76870.72,76862.35,76862.81,16
1779773820,76881.38,76881.38,76856.82,76857.96,38
1779773880,76859.81,76862.97,76852.94,76854.9,36
1779773940,76855.19,76855.56,76847.46,76851.69,48
1779774000,76835.34,76842.21,76792.51,76796.43,188
1779774060,76792.95,76796.43,76790.88,76790.89,52
1779774120,76796.28,76797.87,76794.34,76794.36,14
1779774180,76800.18,76800.48,76800.18,76800.47,12
1779774240,76823.71,76828.33,76820.35,76820.39,32
1779774300,76825.73,76825.73,76790.32,76795.79,136
1779774360,76789.56,76804.04,76788.66,76799.84,48
1779774420,76801.65,76801.71,76792.93,76792.93,58
1779774480,76791.87,76792.68,76787.9,76787.9,12
1779774540,76806.57,76806.58,76803.09,76806.29,14
1779774600,76800.78,76800.79,76794.23,76794.64,46
1779774660,76795.16,76795.16,76783.52,76785.24,36
1779774720,76788.13,76788.13,76771.82,76772.08,52
1779774780,76757.94,76762.03,76755.19,76758.96,42
1779774840,76761.72,76761.72,76761.72,76761.72,2
1779774900,76759.87,76791,76759.87,76787.55,86
1779774960,76784.86,76793.21,76784.86,76789.75,26
1779775020,76799.54,76799.54,76796.05,76796.1,16
1779775080,76796.84,76798.43,76792.45,76798.43,32
1779775140,76806.31,76809.84,76797.05,76803.02,46
1779775200,76829.09,76829.09,76778,76783.35,176
1779775260,76783.37,76796.82,76772.83,76775.75,78
1779775320,76755.05,76755.05,76739.75,76743.27,16
1779775380,76748.46,76748.47,76743.38,76747.41,12
1779775440,76783.13,76786.66,76764.88,76764.88,34
1779775500,76782.54,76791.45,76763.1,76787.77,118
1779775560,76793.51,76806.1,76793.51,76799.02,60
1779775620,76809.27,76825.71,76805.8,76825.61,68
1779775680,76818.08,76818.14,76810.51,76812.29,66
1779775740,76812.72,76813.57,76812.72,76813.56,6
1779775800,76810.34,76810.34,76761.37,76765.47,114
1779775860,76757.92,76771.54,76751.53,76769.41,38
1779775920,76774.96,76784.62,76769.59,76770.61,36
1779775980,76764.8,76797.11,76761.13,76790.97,62
1779776040,76783.07,76786.21,76773.52,76785.77,70
1779776100,76787.18,76792.52,76775.15,76791.91,70
1779776160,76789.77,76790.7,76789.44,76789.44,14
1779776220,76775.44,76784.21,76775.09,76783.47,26
1779776280,76779.8,76780.07,76757.67,76764.3,44
1779776340,76766.9,76766.91,76761.26,76763.73,22
1779776400,76764.42,76771.71,76755.39,76766.29,116
1779776460,76767.02,76789.02,76761.38,76779.57,88
1779776520,76770.99,76770.99,76754.34,76754.34,8
1779776580,76764.05,76764.05,76761.18,76761.18,8
1779776640,76766.47,76766.75,76763.1,76766.75,28
1779776700,76795.81,76821.78,76795.81,76812.79,108
1779776760,76806.47,76810.65,76786.73,76787.31,66
1779776820,76790.25,76793.63,76777.24,76781.82,64
1779776880,76766.99,76766.99,76766.99,76766.99,2
1779776940,76715.06,76715.06,76698.04,76706.29,28
1779777000,76795.71,76795.71,76754.5,76773.58,142
1779777060,76769.9,76774.64,76766.03,76770.52,38
1779777120,76760.14,76762.23,76735.86,76759.95,56
1779777180,76747.33,76774.5,76744.12,76772.72,70
1779777240,76766.75,76780.32,76762.72,76778.66,62
1779777300,76773.29,76789.47,76772.94,76788.85,60
1779777360,76794.6,76802.57,76794.6,76801.88,28
1779777420,76836.28,76837.68,76834.44,76837.66,26
1779777480,76866.24,76869.16,76852.79,76859.64,42
1779777540,76863.81,76875.76,76863.81,76875.76,60
1779777660,76918.69,76937.65,76918.69,76933.91,14
1779777720,76875.68,76883.54,76872,76872,24
1779777780,76869.48,76870.67,76854.06,76854.06,40
1779777840,76871.22,76899.67,76871.22,76898.98,50
1779777900,76882.57,76890.36,76846.72,76859.26,136
1779777960,76856.98,76881.89,76856.98,76876.92,84
1779778020,76863.16,76871.17,76855.76,76870.09,72
1779778080,76875.07,76875.07,76875.07,76875.07,2
1779778140,76856.26,76856.26,76840.55,76845.38,20
1779778200,76852.46,76856.26,76841.33,76841.86,70
1779778260,76844.94,76855.75,76841.43,76855.75,44
1779778320,76858.71,76865.09,76841.9,76845.88,72
1779778380,76836.7,76842.16,76836.02,76837.23,50
1779778440,76830.52,76841.69,76825.51,76835.5,64
1779778500,76826.27,76829.5,76812.29,76813.33,88
1779778560,76817.95,76829.83,76817.95,76829.46,26
1779778620,76844.67,76844.67,76830.81,76830.81,14
1779778680,76826.04,76829.24,76821.49,76827.46,46
1779778740,76809.51,76812.39,76807.1,76807.45,34
1779778860,76812.83,76827.76,76812.8,76823.48,76
1779778920,76817.62,76820.81,76817.62,76820.67,12
1779778980,76804.76,76804.76,76786.67,76795.5,50
1779779040,76772.4,76776.04,76770.59,76770.68,36
1779782100,76662.03,76662.03,76632.41,76633.11,150
1779783300,76685.55,76689.65,76679.03,76686.21,72
1779783360,76644.32,76644.32,76630.81,76631.06,32
1779783420,76621.92,76643.91,76621.92,76638.92,32
1779783480,76647.7,76675.24,76647.7,76675.12,54
1779783540,76680.25,76692.2,76677.31,76690.32,62
1779783660,76687.65,76687.65,76681.17,76681.33,12
1779783720,76682.25,76683.01,76679.6,76679.79,14
1779783780,76680.53,76684.65,76679.79,76684.65,32
1779783840,76697.36,76701.54,76691.7,76699.78,40
1779783900,76689.65,76711.56,76688.71,76708.98,116
1779783960,76716.41,76721.01,76706.99,76710.2,78
1779784020,76698.55,76698.55,76679.91,76679.91,8
1779784080,76696.2,76696.21,76696.13,76696.21,6
1779784140,76703.6,76709.37,76703.6,76709.37,18
1779784200,76705.57,76705.57,76689.3,76689.63,72
1779784260,76693.68,76693.93,76682.97,76690.45,42
1779784320,76700.75,76724.82,76700.75,76707.18,68
1779784380,76698.04,76700.46,76696.44,76696.44,44
1779784440,76690.35,76693.42,76690.2,76693.42,6
1779784500,76672.99,76673.18,76648.86,76655.71,112
1779784560,76662.31,76664.74,76658.45,76663.79,26
1779784620,76677.58,76682.03,76677.5,76680.71,24
1779784680,76715.59,76727.47,76705.8,76725.37,62
1779784740,76726.21,76758.25,76715.97,76751.79,86
1779784800,76755.75,76755.75,76723.44,76725.74,94
1779784860,76728.19,76730.91,76727.66,76727.66,16
1779784920,76731.32,76732.29,76728.11,76732.29,16
1779784980,76733.19,76734.24,76727.24,76728.85,44
1779785040,76732.72,76733.97,76730.21,76730.25,34
1779785160,76734.48,76734.48,76734.48,76734.48,2
1779785220,76724.71,76724.71,76721.33,76724.51,10
1779785280,76714.91,76714.91,76709.47,76709.47,18
1779785340,76702.14,76707.45,76702.14,76707.45,30
1779785400,76662.2,76664.32,76617.39,76619.96,132
1779785460,76635.02,76657.77,76627.86,76654.83,74
1779785520,76662.2,76681.15,76662.2,76672.59,60
1779785580,76677.79,76677.79,76677.78,76677.78,4
1779785640,76673.34,76679.49,76673.34,76679.49,14
1779785700,76682.85,76687.05,76673.42,76677.5,74
1779785760,76676.36,76690.17,76675.99,76688.86,22
1779785820,76687.34,76687.44,76682.01,76682.01,30
1779785880,76656.58,76658.13,76654.72,76658.13,40
1779785940,76655.02,76655.04,76634,76640.19,46
1779786000,76630.47,76652.46,76627.31,76645.11,141
1779786120,76588.19,76588.19,76582.03,76587.45,18
1779786180,76613.57,76613.57,76608.09,76608.09,34
1779786240,76603.17,76617.52,76603.17,76613.22,46
1779786300,76623.61,76623.61,76598.8,76601.21,110
1779786360,76600.95,76604.16,76585.47,76587.78,82
1779786420,76586.77,76598.65,76586.77,76597.57,20
1779786480,76581.85,76581.85,76565.49,76566.98,24
1779786540,76562.93,76575.04,76562.93,76571.96,36
1779786600,76571.42,76602.74,76561.32,76567.68,136
1779786660,76577.69,76601.95,76577.69,76593.34,48
1779786720,76604.36,76611.39,76598.5,76606.87,54
1779786780,76619.5,76644.23,76611.31,76626.99,100
1779786840,76596.73,76596.73,76590.48,76590.48,8
1779786900,76587.15,76590.34,76570.9,76572.43,86
1779786960,76570.67,76575.78,76570.67,76570.73,30
1779787020,76590.45,76658.76,76589.28,76650.96,50
1779787080,76697.04,76717.42,76697.04,76710.58,72
1779787140,76692.65,76701.5,76684.11,76700.2,86
1779787200,76687.33,76690.8,76685.39,76689.19,70
1779787260,76681.04,76684.26,76678.65,76678.66,24
1779787320,76649.94,76668.93,76649.94,76662.59,44
1779787380,76648.89,76648.89,76624.35,76625.62,58
1779787440,76569.71,76569.72,76547.33,76548.8,52
1779787560,76592.3,76592.3,76592.3,76592.3,2
1779787620,76614.59,76618.17,76614.59,76615.42,16
1779787680,76636.37,76642.07,76630.99,76636.69,38
1779787740,76630.31,76643.74,76630.21,76643.42,52
1779787800,76636.79,76667.55,76636.79,76642.64,138
1779787860,76663.72,76692.2,76663.72,76665.87,84
1779787920,76659.92,76659.92,76659.92,76659.92,2
1779787980,76642.89,76642.89,76632.79,76634.74,16
1779788040,76642.47,76643.05,76634.67,76635.1,30
1779788100,76624.99,76624.99,76605.8,76608.99,94
1779788160,76609.72,76624.89,76608.69,76622.6,46
1779788220,76628.3,76639.24,76619.15,76629.82,76
1779788280,76609.4,76609.4,76600.37,76600.72,74
1779788340,76605.39,76605.45,76605.39,76605.45,4
1779788400,76615.98,76615.98,76585.69,76585.69,92
1779788460,76579.74,76584.55,76576.08,76580.38,28
1779788520,76596.64,76599.84,76581.82,76592.41,48
1779788580,76627.01,76627.01,76598.64,76600.45,44
1779788640,76596.28,76601.53,76596.28,76600.77,40
1779788700,76595.22,76608.85,76590.37,76602.31,64
1779788760,76607.6,76610.81,76604.93,76604.93,12
1779788820,76598.54,76601.34,76598.06,76601.27,22
1779788880,76572.3,76575.08,76562.48,76562.5,30
1779788940,76551.83,76556.21,76548.59,76555.87,38
1779789000,76556.89,76569.69,76552.69,76560.72,104
1779789060,76561.04,76584.84,76561.03,76583.9,72
1779789120,76585.5,76585.51,76585.5,76585.51,4
1779789180,76572.21,76575.43,76572.21,76575.37,10
1779789240,76565.24,76568.69,76564.9,76568.69,14
1779789300,76583,76594.84,76576.24,76576.24,84
1779789360,76581.6,76583.77,76578,76581.18,30
1779789420,76587.66,76587.66,76581.78,76585.66,18
1779789480,76573.89,76580.1,76573.89,76579.68,38
1779789540,76576.93,76576.93,76576.93,76576.93,2
1779789660,76565.71,76565.71,76545.43,76551.62,28
1779789720,76554.28,76558.12,76554.27,76554.85,24
1779789780,76538.31,76547.91,76533.08,76543.85,60
1779789840,76536.9,76537.98,76525.35,76528.55,58
1779789960,76515.51,76520.54,76515.51,76515.73,8
1779790020,76534.79,76537.59,76516.2,76519.33,26
1779790080,76533.16,76536.64,76532.47,76536.64,18
1779790140,76533.99,76537.21,76533.95,76534.88,28
1779790200,76560.74,76573.89,76559.32,76569.51,172
1779790260,76558.65,76564.01,76550.82,76551.68,70
1779790320,76566.85,76576.25,76566.85,76576.22,50
1779790380,76584.99,76592.41,76584.99,76591.41,10
1779790440,76617.11,76617.5,76613.9,76617.5,24
1779790500,76631.26,76689.94,76629.55,76685.47,126
1779790560,76697.77,76700.94,76673.62,76694.1,80
1779790620,76641.42,76663.87,76641.42,76658.83,50
1779790680,76657.39,76661.15,76646.06,76657.25,64
1779790740,76680.17,76681.26,76680.15,76681.26,8
1779790800,76788.86,76842.71,76780.36,76782.69,172
1779790860,76783.97,76812.99,76781.64,76812.99,66
1779790920,76851.73,76861.05,76826.98,76843.55,80
1779790980,76825.29,76840.73,76822.09,76826.93,110
1779791040,76821.92,76874.18,76821.69,76866.84,88
1779791100,76855.78,76878.83,76831.03,76878.3,132
1779791160,76877.46,76890.91,76873.32,76890.1,40
1779791220,76915.56,77085,76912.63,77084.94,74
1779791280,77063.94,77107.42,77037.44,77065.63,94
1779791340,77144.7,77176.03,77075.1,77082.69,114
1779791460,77119.91,77126.27,77119.91,77126.27,4
1779791520,77156.16,77161.5,77121.65,77124.41,24
1779791580,77084.61,77101.21,77083.96,77094.73,42
1779791640,77087.42,77122.17,77086.66,77117.79,62
1779791700,77184.47,77213.95,77127.27,77156.52,228
1779791760,77177.44,77245.9,77170.56,77206.64,108
1779791820,77295.69,77391.37,77258.81,77265.03,150
1779791880,77252.89,77252.89,77252.89,77252.89,2
1779791940,77306.18,77306.18,77276.03,77299.31,42
1779792000,77328.37,77425.98,77328.37,77414.87,212
1779792060,77407.11,77412.96,77371.53,77390.18,82
1779792120,77422.71,77460.05,77401.43,77403.48,108
1779792180,77422.77,77445.65,77406.47,77425.97,112
1779792240,77411.19,77445.51,77375.31,77380.84,116
1779792300,77406.39,77431.71,77369.56,77405.51,144
1779792360,77372.48,77372.48,77358.82,77361.38,22
1779792420,77322.99,77330.97,77309.5,77327.7,50
1779792480,77420.11,77443.29,77414.43,77428.85,50
1779792540,77465.86,77485.73,77440.39,77443.5,96
1779792600,77447.65,77535.54,77447.65,77481.95,274
1779792660,77475.23,77475.23,77411.2,77411.2,124
1779792720,77379.46,77379.89,77379.46,77379.89,4
1779792780,77380.66,77436.72,77380.66,77405.17,22
1779792840,77392.5,77406.08,77386.27,77387.73,38
1779792900,77374.34,77438.48,77374.33,77422.85,170
1779792960,77420.26,77422.84,77411.13,77416.28,54
1779793020,77396.21,77419.73,77377.15,77393.67,74
1779793080,77401.45,77437.34,77401.45,77423.99,114
1779793140,77397.11,77397.11,77380.04,77380.04,16
1779793200,77339.03,77368.04,77325.47,77330.72,246
1779793260,77330.74,77330.74,77319.94,77319.94,38
1779793320,77356.9,77387.27,77341.43,77341.64,66
1779793380,77374,77391.02,77347.7,77371.1,96
1779793440,77358.48,77396.29,77357.75,77396.29,112
1779793500,77395.79,77420.16,77382.18,77396.36,114
1779793560,77363.94,77375.37,77361.49,77361.49,20
1779793620,77332.99,77333.58,77322.73,77324.74,44
1779793680,77343.86,77350.65,77319.76,77327.99,52
1779793740,77291.31,77301.35,77286.32,77286.32,56
1779793800,77272.48,77289.58,77271.01,77278.93,122
1779793860,77287.75,77289.04,77280.13,77284.2,50
1779793920,77240.85,77240.85,77240.53,77240.53,4
1779793980,77234.37,77237.82,77234.37,77235.62,18
1779794040,77195.47,77195.47,77170.05,77170.61,50
1779794100,77174.27,77210.68,77168.97,77210.68,114
1779794160,77210.29,77214.19,77199.9,77210.95,50
1779794220,77197.77,77235.3,77192.16,77230.47,80
1779794280,77210.26,77217.03,77168.45,77217.03,134
1779794340,77226.45,77243.99,77226.45,77243.99,20
1779794400,77210.69,77211.75,77119.11,77137.43,158
1779794460,77131.75,77152.08,77129.78,77147.74,44
1779794520,77152.7,77161.84,77143.65,77143.65,54
1779794580,77156.9,77169.32,77141.6,77159.2,74
1779794640,77124.5,77150.03,77124.5,77149.74,79
1779794700,77163.79,77163.79,77163.79,77163.79,2
1779794760,77148.75,77159.59,77148.75,77159.59,30
1779794820,77180.08,77180.08,77154.78,77159.64,34
1779794880,77145.87,77146.2,77141.13,77142.78,24
1779794940,77161.89,77173.91,77161.89,77162.46,56
1779795000,77136.64,77149.21,77126.24,77147.38,132
1779795060,77148.8,77175.39,77148.8,77163.36,96
1779795120,77167.67,77167.67,77167.67,77167.67,2
1779795180,77209.73,77215.85,77186.52,77187.88,26
1779795240,77215.57,77215.58,77107.84,77145.34,46
1779795300,77158.94,77180.32,77086.86,77100.13,166
1779795360,77095.08,77110.91,77078.15,77101.32,110
1779795420,77127.28,77130.57,77116.22,77120.19,88
1779795480,77109.2,77112.77,77095.77,77096.36,72
1779795540,77080.34,77091.59,77080.29,77090.93,12
1779795600,77134.15,77166.25,77132.76,77158.7,92
1779795660,77157.18,77178.69,77156.5,77172.94,34
1779795720,77169.92,77169.93,77157.05,77160.92,36
1779795780,77133.26,77136.04,77121.18,77135.15,48
1779795840,77136.02,77142.14,77135.43,77139.11,42
1779795960,77130.67,77134.05,77120.43,77125.12,66
1779796020,77162.24,77162.24,77134.71,77134.71,30
1779796080,77167.31,77168.03,77164.29,77166.73,26
1779796140,77163.67,77163.67,77160.43,77160.51,20
1779796200,77162.51,77172.13,77146.64,77171.1,126
1779796260,77164.54,77180.57,77164.51,77176.81,72
1779796320,77167.83,77168.11,77150.87,77150.87,68
1779796380,77159.31,77159.35,77155.82,77155.82,20
1779796440,77156.82,77156.82,77153.39,77153.42,24
1779796500,77143.51,77175.75,77132.18,77154,136
1779796560,77140.24,77144.3,77103.36,77116.36,66
1779796620,77108.32,77118.52,77107.45,77116.38,26
1779796680,77110.17,77133.91,77110.14,77126.98,60
1779796740,77111.33,77111.33,77107.92,77107.94,6
1779796860,77098.63,77109.67,77092.83,77105.88,36
1779796920,77118.49,77120.77,77109.48,77118.6,56
1779796980,77141.34,77141.36,77133.47,77137.4,62
1779797040,77119.81,77122.42,77104.41,77109.33,84
1779797100,77130.46,77146.58,77130.44,77142.29,64
1779797160,77057.92,77071.25,77057.72,77071.25,32
1779797220,77001.71,77018.36,76966.17,76987.35,56
1779797280,76850.88,76876.65,76807.24,76858.98,96
1779797340,76857.37,76881.35,76807.67,76853.92,110
1779797400,76869.88,76898.5,76842.69,76897.15,242
1779797460,76898.45,76906.8,76890.9,76895.83,90
1779797520,76882.65,76885.52,76881.82,76885.52,10
1779797580,76925.89,76937.29,76925.89,76935.46,18
1779797640,76986.41,76991.65,76966.91,76970.26,32
1779797700,76969.83,77018.51,76965.4,76996.26,116
1779797760,76992.92,77008.32,76992.92,77008.32,56
1779797820,76994.6,76999.34,76990.57,76994.26,58
1779797880,76974.49,76983.91,76954.85,76955.34,76
1779797940,76937.39,76961.44,76932.56,76958.52,90
1779798000,76977.06,76982.08,76972.2,76977.66,80
1779798060,76957.65,76958.08,76951.73,76954.68,26
1779798120,76974.99,76975.29,76952.45,76955.76,26
1779798180,76947.16,76947.2,76943.07,76943.07,30
1779798240,76925.4,76925.48,76894.81,76894.81,68
1779798360,76883.45,76883.45,76883.45,76883.45,2
1779798420,76874.11,76874.71,76870.71,76870.82,20
1779798480,76874.76,76875.7,76868.37,76875.7,22
1779798540,76882.51,76904.81,76879.19,76893.96,54
1779798600,76941.41,76947.49,76863.28,76892.33,164
1779798660,76909.13,76930.21,76901.79,76930.2,70
1779798720,76936.4,76969.18,76936.11,76969.18,90
1779798780,76984.92,76984.92,76956.85,76957.14,10
1779798840,76980.37,76980.37,76958.19,76962.29,30
1779798900,76964.25,76965.62,76940.9,76963.03,108
1779798960,76965.93,76965.93,76933.04,76947.03,44
1779799020,76945.46,76966.14,76945.46,76966.14,62
1779799080,76950.87,76951.13,76945.64,76950.82,44
1779799140,76952.44,76952.44,76935.86,76936.26,12
1779799200,76955.79,76993.04,76955.74,76976.33,128
1779799260,76985.89,76986.56,76981.27,76986.56,24
1779799320,76983.26,76984.36,76978,76981.7,44
1779799380,77008.04,77008.04,76981.5,76989.07,56
1779799440,76980.05,77001.44,76980.05,76996.73,48
1779799560,76993.98,77006.14,76993.98,76995.66,92
1779799620,76994.94,76999.84,76994.94,76998.71,20
1779799680,76982.2,76982.27,76969.93,76980.75,34
1779799740,77021.16,77025.24,76996.16,77009.16,46
1779799800,77006.69,77037.3,76999.43,77004.56,174
1779799860,77008.36,77030.14,77006.28,77014.17,88
1779799920,77012.73,77013.34,77006.02,77010.59,58
1779799980,77003.29,77003.29,76999.77,77000.13,8
1779800040,76985.87,77011.15,76985.87,77009.45,32
1779800100,77022.94,77066.69,77021.81,77041.11,132
1779800160,77034.56,77040.41,77032.23,77037.18,42
1779800220,77043.95,77045,77030.05,77032.7,56
1779800280,77051.48,77052.27,77031.47,77042.04,52
1779800340,77039.85,77055.56,77028.92,77034.07,66
1779800400,77048.62,77073.31,77041.66,77059.54,164
1779800460,77059.35,77063.21,77035.34,77035.34,112
1779800520,77036.18,77039.62,77033.69,77038.02,38
1779800580,77015.65,77015.65,77004.89,77005.32,52
1779800640,77003.32,77005.89,76991.03,77004.63,62
1779800760,76968.29,76968.29,76968.29,76968.29,2
1779800820,76975.16,76975.16,76975.12,76975.15,6
1779800880,77003.89,77022.53,76995.49,76999.38,38
1779800940,76988.93,76992.18,76988.67,76992.12,24
1779801000,76973.76,77002.69,76964.64,76988.91,154
1779801060,76983.23,76983.23,76965.18,76968.58,84
1779801120,76969.74,76969.74,76954.73,76963.81,62
1779801180,76967.4,76972,76967.4,76972,8
1779801240,76986.88,76988,76984.43,76984.47,18
1779801300,76998.86,77005.39,76978.2,76982.37,116
1779801360,76982.42,76982.46,76964.71,76967.37,54
1779801420,76960.28,76964.5,76960.28,76963.8,32
1779801480,76929.32,76944.86,76928.26,76942.58,84
1779801540,76914.64,76921.21,76914.53,76920.66,18
1779801600,76860.7,76900.85,76860.7,76896.31,134
1779801660,76903.92,76905.15,76882.17,76883.15,48
1779801720,76716.17,76787.59,76716.17,76742.42,82
1779801780,76779.85,76782.82,76758.87,76768.89,68
1779801840,76761.03,76788.58,76726.87,76782.97,98
1779801900,76784.56,76784.56,76709.48,76727.3,148
1779801960,76749.93,76750.51,76737.47,76745.92,18
1779802020,76733.07,76738.27,76718.45,76731.39,38
1779802080,76726.59,76726.59,76717.98,76719.23,60
1779802140,76727.11,76730.26,76715.46,76729.38,68
1779802200,76710.5,76765.63,76629.61,76678.14,280
1779802260,76683.71,76707.81,76583.73,76670.68,172
1779802320,76654.98,76711.19,76654.98,76703.73,26
1779802380,76683.47,76709.47,76682.14,76682.29,46
1779802440,76700.45,76714.47,76674.95,76690.02,64
1779802500,76703.09,76727.15,76639.42,76717.29,254
1779802560,76733.86,76745.14,76719.77,76729.46,110
1779802620,76717.89,76771.4,76713.5,76767.77,118
1779802680,76751.65,76753.18,76751.65,76753.18,4
1779802740,76804.69,76816.68,76791.6,76796.7,34
1779802800,76763.73,76775.08,76741.47,76759.21,166
1779802860,76717.53,76761.79,76717.53,76758.79,92
1779802920,76751.58,76829.54,76746.13,76818.96,128
1779802980,76893.81,76897.65,76893.81,76897.65,4
1779803040,76794.21,76796.67,76768.57,76768.57,20
1779803100,76806.99,76900.96,76806.99,76874.54,184
1779803160,76917.49,76935.51,76905.92,76927.93,62
1779803220,76973.88,76982.13,76949.85,76956.28,84
1779803280,76958.46,77065.19,76958.46,77052.21,110
1779803340,77182.41,77192.08,77110.12,77182.57,150
1779803400,77265.88,77379.4,77265.88,77295.96,174
1779803460,77179.04,77179.04,77122.9,77122.9,26
1779803520,77142.9,77142.9,77115.4,77133.67,40
1779803580,77175.74,77175.74,77122.83,77142.56,60
1779803640,77120.96,77128.56,77098.08,77099.42,67
1779803700,77089.49,77191.23,77088.87,77176.35,252
1779803760,77187.53,77245.8,77176.34,77191.75,140
1779803820,77211.24,77211.24,77211.23,77211.23,4
1779803880,77190.14,77190.14,77170.36,77179.89,34
1779803940,77132.97,77133.8,77111.39,77117.39,46
1779804060,77094.67,77148.76,77087.73,77135.87,118
1779804120,77174.68,77187.62,77111.53,77123.21,126
1779804180,77104.06,77112.17,77104.06,77112.17,4
1779804240,77146.73,77146.73,77117.07,77119.95,26
1779804300,77092.26,77121.14,77069.47,77083.42,148
1779804360,77052.72,77099.36,77052.72,77084.05,52
1779804420,77128.94,77163.31,77128.94,77146.22,72
1779804480,77162.8,77191.83,77118.94,77129.81,100
1779804540,77127.84,77131.64,77103.53,77122.52,120
1779804600,77159.92,77230.01,77159.12,77222.41,134
1779804660,77192.9,77192.9,77171.22,77181.73,36
1779804720,77187.4,77234.37,77187.4,77234.37,56
1779804780,77230.46,77239.21,77218.42,77218.42,66
1779804840,77271.35,77295.42,77250.28,77256.15,88
1779804900,77324.03,77328.91,77265.57,77277.33,248
1779804960,77279.4,77379.2,77277.04,77379.2,132
1779805020,77352.54,77353.34,77311.72,77315.83,24
1779805080,77426.97,77444.05,77417.97,77441.84,40
1779805140,77490.17,77499.86,77428.71,77428.89,66
1779805200,77436.45,77529.46,77431.64,77491.2,244
1779805260,77479.28,77570.28,77473.25,77558.44,114
1779805320,77557.97,77612.1,77531.6,77595.2,142
1779805380,77645.29,77652.08,77645.29,77652.08,4
1779805440,77694.3,77749.45,77685.84,77717.47,36
1779805500,77701.28,77900.58,77701.01,77868.09,250
1779805560,77863.02,78018.3,77861.34,77914.79,102
1779805620,77931.89,77997.81,77931.89,77965.56,122
1779805680,77951.33,77985.13,77935.65,77957.35,142
1779805740,77848.65,77858.76,77848.65,77858.76,4
1779805800,77862.4,77923.43,77777.31,77816.93,204
1779805860,77744.29,77747.84,77693.8,77693.8,68
1779805920,77640.02,77659.86,77550.21,77550.21,86
1779805980,77533.29,77539.16,77472.19,77509.79,114
1779806040,77515.81,77528.29,77485.19,77489.32,140
1779806100,77487.53,77497.39,77427.77,77429.71,168
1779806160,77376.52,77423.5,77376.52,77410.58,32
1779806220,77295.22,77329.51,77270.34,77301.35,56
1779806280,77200.89,77223.74,77146.22,77149.68,76
1779806340,77106.46,77122.7,76977.06,77009.42,100
1779806400,76833.86,76932.09,76788.98,76897.56,294
1779806460,76866.61,76893.14,76774.13,76831.08,154
1779806520,76790.72,76790.72,76790.72,76790.72,2
1779806580,76714.84,76752.2,76690.69,76706.02,32
1779806640,76753,76817.81,76737.17,76812.59,56
1779806700,76735.51,76786.85,76653.7,76743.2,252
1779806760,76780.45,76794.39,76736.37,76749.98,94
1779806820,76696.74,76846.83,76696.74,76825.4,128
1779806880,76841.27,76906.24,76808.97,76889.71,158
1779806940,76844.25,76896.16,76844.04,76893.94,16
1779807000,76884.52,76891.93,76833.1,76851.68,184
1779807060,76901.43,76986,76901.43,76986,76
1779807120,77026.56,77095.31,77026.56,77093.98,108
1779807180,77010.76,77038.12,76985.06,77004.92,114
1779807240,77047.49,77047.49,76964.66,76987.6,130
1779807300,76995.32,76995.32,76905.42,76946.77,152
1779807360,76927.61,76944.9,76927.61,76931.41,30
1779807420,76908.42,76923.28,76908.35,76910.49,42
1779807480,76876.63,76898.72,76873.51,76879.66,62
1779807540,76868.5,76868.5,76812.17,76812.17,78
1779807660,76905.1,76914.44,76867.28,76872.7,126
1779807720,76842.8,76842.8,76838.65,76838.65,4
1779807780,76773.82,76773.82,76706.52,76753.71,26
1779807840,76700.24,76734.23,76675.88,76681.61,46
1779807900,76757.74,76846.45,76733.95,76794.52,228
1779807960,76799.08,76809.51,76749.28,76787.64,98
1779808020,76760.44,76764.99,76689.26,76701.95,112
1779808080,76718.37,76772.97,76718.3,76722.8,116
1779808140,76796.24,76813.96,76788.15,76796.82,112
1779808200,76783.39,76838.21,76762.54,76835.96,146
1779808260,76766.11,76801.18,76761.14,76801.18,42
1779808320,76850.82,76862.45,76835.91,76836.52,72
1779808380,76871.55,76889.16,76841.36,76851.61,88
1779808440,76846.34,76851.62,76823.8,76831.49,104
1779808560,76807.11,76833.51,76807.11,76830.75,110
1779808620,76778.8,76821.28,76777.27,76811.54,50
1779808680,76777.49,76829.22,76777.49,76818.49,72
1779808740,76814.24,76816.75,76787.66,76814.68,76
1779808860,76727.57,76727.57,76727.57,76727.57,2
1779808920,76645.34,76645.34,76615.19,76615.75,24
1779808980,76535.32,76548.18,76443.35,76504.97,46
1779809040,76611.75,76611.75,76551.76,76571.9,64
1779809100,76606.24,76671.63,76594.7,76662.05,204
1779809160,76648.87,76657.14,76634.49,76649.32,98
1779809220,76649.69,76668.43,76636.33,76650.4,110
1779809280,76600.85,76682.74,76596.89,76665.72,136
1779809340,76606.75,76618.58,76606.75,76613.28,14
1779809400,76553.48,76615.72,76497.33,76497.33,200
1779809460,76530.67,76570.57,76461.17,76484.22,66
1779809520,76324.1,76370.99,76283.06,76370.99,90
1779809580,76291.15,76376.42,76291.15,76342.06,110
1779809640,76363.2,76401.81,76328.18,76332.04,130
1779809760,76332.4,76337.82,76325.58,76337.54,10
1779809820,76322.79,76352.1,76317.71,76346.46,44
1779809880,76327,76367.61,76295.25,76326.49,74
1779809940,76346.13,76352.88,76272.76,76286.51,94
1779810000,76351.91,76407.19,76251.63,76265.22,266
1779810060,76294.96,76410.43,76294.96,76405.42,138
1779810120,76413.13,76413.13,76412.78,76412.78,4
1779810180,76433.11,76464.49,76433.11,76458.22,24
1779810240,76487.9,76490.32,76470.52,76479.96,40
1779810300,76430.31,76430.31,76375.34,76389.46,194
1779810360,76354.15,76354.15,76294.2,76306.21,80
1779810420,76361.55,76386.5,76350.02,76370.88,92
1779810480,76355.68,76361.65,76305.4,76338.69,110
1779810540,76331.41,76396.48,76317.22,76357.2,136
1779810600,76343.83,76379.77,76333.02,76356.12,142
1779810660,76354.8,76354.88,76300.73,76300.73,28
1779810720,76322.3,76322.3,76281.2,76290.31,52
1779810780,76250.7,76250.7,76186.16,76215.57,86
1779810840,76193.68,76204.11,76157.44,76175.47,120
1779810960,76216.55,76217.27,76216.55,76217.27,4
1779811020,76291.94,76314.42,76280.7,76299.76,32
1779811080,76351.17,76364.86,76345.06,76361.78,60
1779811140,76404.64,76425.23,76391.73,76421.36,94
1779811260,76362.51,76364.13,76331.31,76360.7,118
1779811320,76337.06,76337.09,76326.96,76328.9,18
1779811380,76411.85,76412.16,76377.68,76377.68,42
1779811440,76328.08,76333.38,76293.42,76313.32,58
1779811500,76363.24,76382.95,76277.72,76288.75,236
1779811560,76287.56,76316.93,76272.32,76316.93,96
1779811620,76308.8,76347.79,76306.44,76331.08,102
1779811680,76303.34,76303.38,76273.93,76290.02,116
1779811740,76293.63,76297.09,76291.45,76291.73,20
1779811800,76346.8,76347.06,76273.19,76279.55,186
1779811860,76270.21,76285.68,76263,76276.7,60
1779811920,76267.94,76276.82,76266.85,76274.38,70
1779811980,76137.66,76232.76,76121.28,76188.2,132
1779812040,76302.06,76302.06,76225.59,76226.96,156
1779812100,76222.61,76305.73,76196.06,76282.24,152
1779812160,76270.23,76298.84,76270.23,76278.55,42
1779812220,76375.68,76380.15,76336.28,76346.14,58
1779812280,76367.66,76367.66,76316.94,76319.67,82
1779812340,76328.62,76360.95,76325.17,76357.23,90
1779812400,76352.79,76376.26,76328.15,76350.35,230
1779812460,76338.56,76347.11,76297.31,76309.2,132
1779812520,76311.41,76330,76311.41,76330,30
1779812580,76396.35,76412.74,76396.35,76403.73,56
1779812640,76399.27,76411.84,76380.49,76400.87,72
1779812700,76419.39,76437.46,76390.79,76402.71,184
1779812760,76418.62,76464.11,76402.24,76431.72,130
1779812820,76436.23,76436.23,76436.23,76436.23,2
1779812880,76391.48,76415.07,76389.95,76410.68,18
1779812940,76418.69,76420.76,76414.9,76416.21,26
1779813000,76436.41,76481.84,76410.75,76473.84,168
1779813060,76439.36,76440.77,76381.82,76412.81,78
1779813120,76414.88,76444.23,76405.24,76414.55,100
1779813180,76421.65,76476.09,76409.11,76455.61,126
1779813240,76468.47,76468.47,76468.47,76468.47,2
1779813300,76504.42,76540.44,76487.63,76540.44,142
1779813360,76527.32,76566.3,76527.32,76564.61,46
1779813420,76591.34,76604.08,76584.46,76585.54,66
1779813480,76565.64,76590.91,76560.93,76577.98,72
1779813540,76602.09,76602.76,76558.14,76560.69,90
1779813660,76470.19,76470.19,76467.27,76468.16,14
1779813720,76487.41,76487.41,76478.99,76484.55,24
1779813780,76513.85,76513.99,76488.8,76488.8,52
1779813840,76451.38,76453.11,76432.46,76437.79,70
1779813900,76435.87,76477.56,76432.64,76473.43,182
1779813960,76457.78,76475.41,76457.78,76470.68,82
1779814020,76486.83,76494.39,76470.9,76473.83,108
1779814080,76437.01,76441.15,76436.08,76441.13,10
1779814140,76425.64,76427.61,76418.62,76424.05,34
1779814200,76353.94,76372.22,76320.83,76329.94,182
1779814260,76372.62,76393.52,76358.07,76392.5,66
1779814320,76378.36,76381.75,76354.64,76362.48,90
1779814380,76356.56,76359.96,76295.46,76338.95,108
1779814440,76331.64,76351.22,76331.46,76331.46,20
1779814500,76412.94,76432.38,76401.91,76423.18,128
1779814560,76423.33,76423.58,76391.22,76406.26,50
1779814620,76390.58,76407.42,76373.8,76385.72,78
1779814680,76391.58,76464.21,76391.58,76429.57,96
1779814740,76427.56,76445.9,76420.63,76445.06,86
1779814860,76449.73,76460.99,76426.69,76460.37,122
1779814920,76465.41,76482.32,76462.1,76476.73,38
1779814980,76474.21,76492.11,76474.21,76490.65,50
1779815040,76527.02,76547.77,76524.23,76547.77,86
1779815100,76486.02,76489.87,76411.64,76423.01,210
1779815160,76417.15,76417.15,76364.64,76364.64,104
1779815220,76402.76,76418.94,76402.76,76415.24,20
1779815280,76399.78,76401.27,76388.45,76389.98,44
1779815340,76424.48,76429.12,76419.36,76429.12,62
1779815400,76458.17,76458.17,76423.24,76445.58,188
1779815460,76449.34,76465.48,76442.8,76444.41,112
1779815520,76427.93,76429.81,76415.59,76421.54,24
1779815580,76400.98,76401.92,76395.9,76396.01,36
1779815640,76416.99,76424.98,76413.47,76424.84,42
1779815700,76385.23,76396.45,76342.64,76342.85,178
1779815760,76343.54,76353.11,76336.78,76337.83,74
1779815820,76350.11,76373.08,76341.56,76341.56,90
1779815880,76301.78,76301.78,76301.78,76301.78,2
1779815940,76280.42,76280.42,76258.93,76267.15,32
1779816000,76229.07,76229.07,76107.16,76126.43,206
1779816060,76133.81,76166.44,76102.72,76161.05,78
1779816120,76166.17,76188.07,76166.17,76180.08,80
1779816180,76184.47,76198.31,76168.35,76175.29,110
1779816240,76111.23,76133.51,76077.33,76077.33,138
1779816300,76083.83,76095.23,76066.62,76075.34,158
1779816360,76058.56,76073.24,76058.56,76062.95,46
1779816420,76020.16,76064.96,76020.16,76058.21,72
1779816480,76020.9,76038.6,75985.1,76008.48,114
1779816540,75995.44,75995.44,75967.02,75975.25,126
1779816600,75959.32,75962.08,75769.65,75879.94,318
1779816660,75879.85,75935.84,75738.49,75740.7,180
1779816720,75794.16,75869.01,75794.16,75820.28,48
1779816780,75862.46,75863.22,75787.62,75805.94,64
1779816840,75783.75,75824.08,75783.23,75817.85,94
1779816900,75793.3,75886.37,75781.27,75862.36,268
1779816960,75862.02,75918.33,75858.43,75895.39,142
1779817020,75913.55,75913.99,75913.55,75913.99,4
1779817080,75907.21,75910.67,75889.26,75900.96,30
1779817140,75904.82,75906.23,75868.13,75874.65,60
1779817200,75864.97,75877.42,75802.95,75808.62,194
1779817260,75778.55,75782.72,75752.61,75776.55,106
1779817320,75817.18,75899.6,75809.68,75844.97,106
1779817380,75862.76,75931.6,75829.77,75920.46,138
1779817440,75883.11,75887.93,75883.11,75887.93,12
1779817500,75928.59,75944.9,75883.49,75908.93,168
1779817560,75907.34,75952.28,75893.57,75934.48,42
1779817620,75926.85,75930.63,75887.43,75887.43,62
1779817680,75904.15,75923.15,75889.58,75918.87,66
1779817740,75950.42,76010.77,75950.42,75997.89,112
1779817860,75940.53,75940.53,75935.1,75935.97,14
1779817920,75962.22,75967.03,75954.29,75956.57,28
1779817980,75922.89,75958.07,75922.89,75952.05,50
1779818040,75980.89,75980.89,75968.09,75968.35,38
1779818100,75921.83,75960.39,75885.93,75926.47,166
1779818160,75926.79,75939.88,75923.22,75939.86,68
1779818220,75963.88,75963.88,75914.95,75917.24,80
1779818280,75945.48,75945.48,75926.25,75926.25,98
1779818340,75892.86,75895.28,75875.53,75875.53,12
1779818460,75857.7,75881.17,75832.73,75881.17,62
1779818520,75888.26,75888.26,75818.91,75818.91,82
1779818580,75828.4,75828.4,75785.52,75823.15,102
1779818640,75831.62,75895.2,75831.62,75887.69,116
1779818700,75881.35,75893.53,75838.83,75849.61,134
1779818760,75837.45,75841.23,75825.76,75832.23,26
1779818820,75858.3,75878.92,75852.49,75872.21,48
1779818880,75861.29,75892.19,75857.86,75881.82,54
1779818940,75873.46,75924.4,75873.46,75909,80
1779819000,75879.06,75902.17,75814.27,75838.33,194
1779819060,75843.77,75846.12,75833.17,75833.17,90
1779819120,75856.25,75879.7,75839.81,75871.18,102
1779819180,75880.09,75880.09,75858.47,75860.48,26
1779819240,75885.4,75886.42,75872.1,75883.68,50
1779819300,75896.28,75916.15,75882.14,75886.79,198
1779819360,75896.72,75905.94,75888.54,75904.32,72
1779819420,75932.34,75961.27,75912.6,75957.35,120
1779819480,75972,76013.78,75968.71,75991.96,144
1779819540,75981.13,75997.48,75981.13,75986.23,14
1779819600,75986.76,76006.73,75980.85,76005.87,138
1779819660,76003.74,76007.8,75969.26,75973.02,58
1779819720,76083.17,76160.43,76059.32,76108.34,90
1779819780,76087.81,76136.17,76073.64,76115.28,102
1779819840,76125.76,76138.89,76103.11,76130.03,124
1779819900,76113.19,76134.55,76112.74,76132.97,124
1779819960,76131.61,76136.23,76131.61,76132.24,28
1779820020,76075.5,76079.91,76068.53,76069.86,48
1779820080,76009.93,76017.61,75986.4,75986.58,88
1779820140,75954.69,75962.22,75942.65,75955.86,102
1779820260,75945.29,76006.12,75944.57,75988.55,148
1779820320,75998.82,76005.39,75985.69,76005.39,30
1779820380,75965.42,75980.71,75964.58,75979.55,62
1779820440,76015.64,76016.18,75998.57,76004.86,72
1779820500,76013.09,76013.09,75986.02,75989.47,188
1779820560,75994.11,76030.82,75986.58,75991,104
1779820620,75952.28,75957.41,75952.28,75957.41,4
1779820680,75956.11,75956.36,75952.69,75953.25,30
1779820740,75953.11,75964.76,75953.11,75964.04,36
1779820800,75969.02,75969.02,75871.19,75899.88,214
1779820860,75887.63,75901.46,75869.46,75875.88,82
1779820920,75888.98,75889.06,75849.91,75856.03,100
1779820980,75862.33,75862.33,75862.33,75862.33,2
1779821040,75798.64,75802.05,75795.46,75801.39,30
1779821100,75789.85,75823.05,75785.19,75820.66,174
1779821160,75806.75,75811.46,75782.95,75805.11,68
1779821220,75815.45,75854.39,75811.99,75854.39,86
1779821280,75876.98,75886.15,75867.05,75872.26,82
1779821340,75848.21,75848.21,75805.62,75836.98,132
1779821400,75833.33,75833.7,75814.39,75833.68,118
1779821460,75828.89,75829.01,75828.65,75828.68,22
1779821520,75828.26,75835.19,75824.84,75835.19,36
1779821580,75852.71,75859.12,75852.52,75857.3,50
1779821640,75835.34,75839.04,75818.64,75831.3,82
1779821760,75815.87,75815.87,75815.85,75815.85,4
1779821820,75793.73,75804.84,75793.73,75804.83,24
1779821880,75761.18,75761.95,75748.82,75750.49,48
1779821940,75660.42,75711.2,75660.42,75711.2,74
1779822060,75731.29,75752.55,75725.56,75740.7,78
1779822120,75738.02,75738.02,75703.62,75705.15,82
1779822180,75728.23,75756.19,75728.23,75755.22,90
1779822240,75766.14,75766.14,75751.75,75754.64,14
1779822300,75737.99,75765.92,75726.52,75733.12,162
1779822360,75727.22,75730.61,75719.78,75723.32,42
1779822420,75744.87,75744.87,75713.7,75721.86,60
1779822480,75718.77,75739.96,75718.77,75736.89,72
1779822540,75756.47,75758.03,75752.49,75757.81,104
1779822600,75771.04,75812.41,75771.04,75799.65,100
1779822660,75760,75760,75756.35,75756.35,12
1779822720,75734.32,75739.09,75734.32,75738.7,36
1779822780,75743.79,75748.04,75734.87,75748.04,50
1779822840,75753.34,75753.34,75688.64,75710.59,102
1779822900,75726.88,75726.94,75667.22,75710.65,204
1779822960,75714.14,75743.51,75700.62,75742.17,134
1779823020,75743.82,75743.82,75722.36,75730.58,20
1779823080,75719.83,75719.83,75703.02,75709.75,38
1779823140,75751.36,75751.36,75736.21,75739.64,52
1779823200,75747.25,75783.34,75747.25,75780.62,186
1779823260,75781.57,75781.57,75724.17,75727.43,104
1779823320,75764.18,75765.91,75742.67,75747.52,114
1779823380,75742.27,75742.6,75738.85,75740.56,22
1779823440,75740.9,75745.13,75737.6,75741.15,36
1779823500,75740.65,75802.09,75740.65,75798.8,160
1779823560,75778.79,75778.79,75748.03,75748.7,62
1779823620,75803.75,75803.8,75792.97,75796.76,74
1779823680,75795.39,75795.39,75789.45,75794.02,60
1779823740,75785.81,75799.32,75785.81,75793.54,92
1779823800,75786.88,75826,75783.48,75825.12,124
1779823860,75813.08,75816.26,75812.38,75816.26,32
1779823920,75852.76,75863.67,75846.21,75862.05,46
1779823980,75867.67,75867.67,75821.32,75826.26,70
1779824040,75805.61,75818.4,75791.49,75813.24,72
1779824100,75801.1,75801.1,75743.29,75753.94,188
1779824160,75750,75803.11,75750,75799.39,102
1779824220,75786.8,75787.29,75786.8,75787.29,4
1779824280,75812.37,75812.37,75801.75,75806.25,20
1779824340,75831.81,75831.81,75811.75,75816.85,30
1779824400,75824.05,75847.18,75812.8,75845.02,112
1779824460,75844.79,75862.75,75840.71,75860.51,54
1779824520,75871.56,75881.39,75867.29,75874.87,66
1779824580,75919.75,75925.15,75911.1,75925.15,78
1779824640,75925.83,75925.99,75900.36,75900.36,112
1779824700,75893.68,75902.43,75875.01,75902.43,134
1779824760,75923.3,75923.3,75877.78,75892.27,32
1779824820,75882.55,75887.36,75881.14,75885.56,32
1779824880,75882.41,75890.93,75856.78,75857.74,62
1779824940,75898.74,75908.64,75894.93,75907.38,72
1779825000,75884.36,75934.33,75884.36,75927.65,210
1779825060,75930.03,75930.33,75905.93,75925.85,96
1779825120,75909.83,75911.45,75909.83,75911.45,8
1779825180,75949.18,75955.75,75945.79,75952.04,30
1779825240,75956.39,75970.77,75956.39,75970.77,50
1779825300,75948.17,75964.76,75935.95,75945.06,148
1779825360,75934.32,75958.56,75934.31,75955.02,64
1779825420,75958.46,75962.32,75956.73,75958.53,74
1779825480,75953.89,75953.89,75915.71,75921.73,122
1779825540,75915.59,75915.59,75905.85,75913.05,10
1779825600,75936.5,75982.32,75908.53,75928.24,220
1779825660,75928.14,75966.94,75928.14,75953.79,42
1779825720,75939.62,75943.81,75916.46,75917.18,66
1779825780,75934.82,75934.82,75910.26,75912.28,90
1779825840,75938.36,75958.73,75931.09,75958.64,98
1779825900,75976.69,75997.06,75960.83,75992.45,140
1779825960,75969.36,75969.36,75952.19,75952.19,44
1779826020,75950.36,75965.58,75950.36,75958.17,34
1779826080,75945.25,75949.02,75944.97,75945.29,56
1779826140,75977.93,75981.33,75968.35,75972.19,62
1779826200,75959.56,75986.1,75951.31,75979.16,180
1779826260,75980.86,76005.8,75980.86,75989.15,108
1779826320,75984.15,75984.15,75980.76,75984.13,8
1779826380,75971.27,75975.95,75971.12,75975.95,12
1779826440,75996.69,75996.72,75971.57,75978.78,56
1779826500,75992.81,76014.18,75981.11,75981.13,152
1779826560,75981.63,76001.99,75980.87,76000.99,74
1779826620,76005.15,76031.85,76001.76,76026.05,102
1779826680,75985.38,75990.6,75985.38,75985.52,10
1779826740,75965.43,75968.08,75961.16,75961.36,22
1779826800,75921.74,75940.95,75911.15,75911.15,144
1779826860,75908.39,75915.83,75908.38,75914.04,46
1779826920,75903.67,75907.87,75897.89,75898.42,50
1779826980,75892.77,75921.59,75889.34,75916.22,78
1779827040,75921.08,75926.17,75909.01,75918.33,70
1779827100,75928.79,75928.82,75928.74,75928.82,8
1779827160,75931.98,75947.59,75928.58,75944,22
1779827220,75977.93,76012.49,75977.93,76012.29,52
1779827280,76017.18,76029.09,76013.76,76029.09,36
1779827340,76027.48,76042.77,76027.48,76041.06,78
1779827400,76041.24,76062.31,76016.09,76046.09,112
1779827460,76031.39,76034.38,76031.22,76034.38,6
1779827520,76021.93,76026.88,76021.79,76022.14,26
1779827580,76010.35,76014.28,75996.67,76000.85,48
1779827640,75958.5,75965.42,75948.89,75954.51,56
1779827700,75908.77,75931.35,75887.03,75889.38,168
1779827760,75893.53,75902.2,75883.78,75884.52,100
1779827820,75884.77,75895.08,75884.77,75889.48,16
1779827880,75872.2,75894.11,75872.18,75893.24,20
1779827940,75928.92,75938.89,75928.92,75938.89,28
1779828000,75931.84,75934.78,75924.56,75930.02,108
1779828060,75921.97,75934.53,75921.4,75934.53,56
1779828120,75960.97,75965.62,75957.74,75965.62,58
1779828180,75973.31,75977.79,75959.73,75962.75,62
1779828240,75951.31,75956.38,75947.88,75956.38,64
1779828300,75952.83,75977.85,75952.65,75959.09,80
1779828360,75953.54,75956.97,75953.54,75956.97,12
1779828420,75979.56,75991.1,75979.56,75990.09,60
1779828480,75975.02,75981.93,75968.27,75980.73,54
1779828540,75989.31,76004.26,75985.98,76000.88,92
1779828600,75971.22,75991.72,75970.86,75983.81,92
1779828660,75956.66,75957.78,75955.2,75957.78,14
1779828720,75980.91,75980.91,75962.39,75967.04,34
1779828780,75961.91,75962.48,75958.82,75958.85,32
1779828840,75972.09,75972.84,75972.07,75972.63,50
1779828900,75963.23,75973.82,75949.86,75954.72,166
1779828960,75954.91,75995.49,75953.83,75995.12,106
1779829020,75998.4,75999.8,75995,75999.8,16
1779829080,76002.25,76002.25,75987.15,75987.15,24
1779829500,75898.07,75907.16,75879.4,75883.98,136
1779829560,75900.55,75923.97,75894.22,75923.21,68
1779829620,75890.21,75895.25,75881.2,75881.2,56
1779829680,75882.43,75903.9,75881.31,75903.9,78
1779829740,75911.18,75911.18,75907.8,75907.8,6
1779829800,75892.14,75892.14,75879.5,75880.58,30
1779829860,75845.28,75856.39,75845.28,75852.88,30
1779829920,75851.97,75855.65,75836.38,75838.4,50
1779829980,75818.95,75818.95,75730.14,75730.14,122
1779830040,75756.8,75764.02,75756.8,75762.62,10
1779830100,75778.39,75778.39,75765.39,75767.04,32
1779830160,75822.04,75825.43,75805.8,75823.07,52
1779830220,75838.24,75845.71,75824.38,75829.12,62
1779830280,75849.18,75860.83,75846.56,75860.83,60
1779830340,75854.72,75858.11,75854.72,75854.74,8
1779830400,75854.7,75873.1,75850.51,75870.89,92
1779830460,75880.04,75880.62,75876.59,75880.62,16
1779830520,75891.81,75895.33,75891.81,75895.33,14
1779830580,75895.26,75909.01,75895.26,75906.37,42
1779830640,75906.67,75919.81,75906.52,75909.27,70
1779830700,75901.35,75901.35,75901.35,75901.35,2
1779830760,75925.8,75930.33,75925.8,75930.09,14
1779830820,75943.82,75945.05,75939.48,75945.05,26
1779830880,75938.59,75938.84,75934.8,75938.84,34
1779830940,75922.74,75934.76,75922.74,75934.76,42
1779831000,75931.58,75941.01,75931.58,75940.14,90
1779831060,75940.21,75957.31,75937.28,75956.75,68
1779831120,75943.21,75944.34,75939.49,75944.34,64
1779831180,75931,75931,75926.68,75926.68,10
1779831240,75924.58,75927.96,75924.58,75927.95,8
1779831300,75883.85,75897.01,75883.85,75896.27,36
1779831360,75906.32,75906.32,75877.75,75877.75,48
1779831420,75887.25,75888.38,75883.95,75888.37,26
1779831480,75925.25,75935.51,75924.92,75925.45,63
1779831540,75913.84,75914.3,75909.68,75913.23,54
1779831600,75903.51,75903.51,75903.51,75903.51,2
1779831660,75880.66,75880.66,75877.28,75877.3,8
1779831720,75886.06,75893.97,75885.8,75893.96,30
1779831780,75942.11,75942.11,75917.6,75922.43,62
1779831840,75894.2,75896.3,75880.04,75882.9,58
1779831900,75884.89,75888.83,75884.89,75887.83,56
1779831960,75898.64,75930.28,75895.22,75928.47,96
1779832020,75910.65,75910.65,75903.78,75906.49,24
1779832080,75906.26,75906.26,75891.83,75891.86,28
1779832140,75904.55,75907.6,75904.55,75905.13,32
1779832200,75882.86,75882.9,75869.84,75870.03,112
1779832260,75873.37,75873.37,75839.16,75839.16,82
1779832320,75843.89,75862.16,75840.62,75859.29,86
1779832380,75846.3,75847.56,75843.69,75844.2,8
1779832440,75851.51,75852.37,75848.15,75852.36,14
1779832500,75814.58,75835.24,75814.58,75834.66,86
1779832560,75811.84,75814.67,75805.6,75806.77,30
1779832620,75779.13,75779.13,75771.11,75771.11,38
1779832680,75782.07,75782.08,75751.68,75759.21,68
1779832740,75754.19,75777.56,75739.46,75776.5,108
1779832860,75814.51,75814.7,75807.09,75810.89,18
1779832920,75832.68,75841.79,75832.12,75841.39,28
1779832980,75820.63,75829.52,75820.6,75829.52,38
1779833040,75885.22,75885.22,75851.22,75855.73,72
1779833160,75713.8,75713.8,75713.43,75713.43,4
1779833220,75741.52,75741.52,75723.14,75727.23,32
1779833280,75686.68,75731.68,75686.68,75728.94,44
1779833340,75724.64,75753.97,75723.33,75751.51,64
1779833400,75730.11,75738.07,75703.77,75719.82,154
1779833460,75719.74,75719.74,75688.36,75688.36,76
1779833520,75713.15,75713.15,75713.15,75713.15,2
1779833580,75675,75675.02,75608.86,75657.65,28
1779833640,75726.05,75726.05,75710.34,75714.23,38
1779833700,75674.66,75705.81,75610.3,75643.52,162
1779833760,75633.61,75657.07,75629.64,75656.63,76
1779833820,75660.54,75675.15,75645.28,75668.44,90
1779833880,75703.32,75718.04,75694.4,75718.04,92
1779833940,75708.13,75708.13,75683.63,75683.68,28
1779834000,75666.43,75696.03,75650.37,75674.09,120
1779834060,75679.5,75689.13,75678.82,75686.4,50
1779834120,75699.95,75699.95,75656.94,75671.2,66
1779834180,75686.89,75696.92,75685.46,75696.32,50
1779834240,75660.6,75673.5,75645.52,75673.15,88
1779834300,75678.4,75678.45,75678.4,75678.45,4
1779834360,75688.23,75691.61,75681.88,75681.88,22
1779834420,75673.73,75673.75,75673.62,75673.71,22
1779834480,75677.85,75677.85,75658.45,75671.26,52
1779834540,75669.71,75669.71,75659.85,75665.33,60
1779834600,75675.19,75706.25,75636.48,75658.23,224
1779834660,75661.68,75684.07,75661.68,75684.07,72
1779834720,75675.01,75683.22,75675.01,75676.93,24
1779834780,75726.86,75732.46,75717.39,75727.25,36
1779834840,75713.64,75722.64,75709.54,75720.93,42
1779834900,75733.19,75750.54,75718.46,75729.13,170
1779834960,75734.83,75738.42,75711.97,75729.34,108
1779835020,75700.02,75706.45,75686.62,75686.62,12
1779835080,75708.32,75708.33,75703.83,75703.86,22
1779835140,75710.29,75710.63,75704.27,75704.27,24
1779835200,75679.16,75693.18,75670.22,75687.66,84
1779835260,75701.15,75709.87,75686.35,75686.35,60
1779835320,75676.6,75696.77,75664.09,75693.73,80
1779835380,75699.93,75731.74,75699.8,75708.64,84
1779835440,75702.45,75704.1,75671.71,75673.16,62
1779835500,75681.9,75685.3,75662.38,75662.38,32
1779835560,75621.64,75621.64,75589.81,75599.05,54
1779835620,75599.54,75602.85,75593.46,75593.46,46
1779835680,75609.42,75612.11,75555.63,75555.63,88
1779835740,75587.58,75592.68,75578.82,75580.07,102
1779835800,75583.81,75587.57,75560.36,75584.56,104
1779835860,75585.6,75585.6,75572.82,75575.09,24
1779835920,75594.93,75595.1,75584.13,75585.05,38
1779835980,75596.98,75596.98,75577.77,75583.71,60
1779836040,75631.9,75634.62,75626.83,75634.61,52
1779836100,75628.31,75631.97,75619.7,75626.01,80
1779836160,75616.63,75616.63,75601.09,75611.51,106
1779836220,75600.16,75608.85,75600.16,75608.08,22
1779836280,75616.32,75617.09,75612.89,75616.41,38
1779836340,75620,75635.39,75620,75635.1,64
1779836400,75637.06,75784.95,75637.06,75772.6,230
1779836460,75773.21,75794.53,75732.82,75732.82,100
1779836520,75776.52,75776.52,75773.05,75776.52,8
1779836580,75748.2,75755.9,75748.2,75755.21,22
1779836640,75761.59,75764.42,75757.99,75764.31,30
1779836700,75762.8,75793.64,75751.39,75757.82,148
1779836760,75737.22,75771.87,75737.22,75752.44,42
1779836820,75754.72,75754.84,75746.74,75748.09,50
1779836880,75726.53,75726.53,75726.53,75726.53,2
1779836940,75712.87,75718.22,75712.87,75717.36,14
1779837000,75763.51,75789.59,75763.35,75789.59,108
1779837060,75802.41,75808.08,75788.49,75804.74,60
1779837120,75796.79,75821.49,75796.77,75816.96,56
1779837180,75817.42,75822.24,75807.85,75822.24,58
1779837240,75800.47,75809.33,75791.43,75798.61,62
1779837300,75774.11,75774.11,75774.11,75774.11,2
1779837360,75805.9,75806.37,75800.24,75801.13,14
1779837420,75788.57,75791.54,75785.36,75791.54,14
1779837480,75811.39,75811.39,75797.7,75804.96,36
1779837540,75818.13,75835.22,75817.13,75833.58,42
1779837600,75811.48,75815.88,75794.14,75799.37,126
1779837660,75799.45,75825.31,75799.45,75810.78,78
1779837720,75800.15,75805.13,75800.15,75805.13,12
1779837780,75804.62,75804.62,75798.1,75802.02,14
1779837840,75783.5,75784.04,75780.18,75780.18,24
1779837900,75775.42,75787.08,75775.42,75785.94,76
1779837960,75772.05,75772.05,75765.16,75766.33,42
1779838020,75793.8,75793.8,75758.55,75758.79,110
1779838080,75773.39,75773.39,75773.39,75773.39,2
1779838140,75784.23,75785.07,75784.23,75784.58,12
1779838200,75796.16,75810.64,75785.62,75810.64,86
1779838260,75789.59,75815.58,75789.59,75796.31,32
1779838320,75791.73,75794.65,75791.07,75794.53,34
1779838380,75802.16,75802.16,75793.08,75795.13,40
1779838440,75779.44,75796.32,75779.29,75796.31,76
1779838500,75794.05,75797.33,75775.78,75779.29,78
1779838560,75773.45,75777.16,75772.5,75777.16,24
1779838620,75793.58,75797.95,75788.33,75797.3,34
1779838680,75795.42,75822.06,75786.85,75821.96,52
1779838740,75864.28,75864.28,75830.96,75841.94,78
1779838860,75846.55,75846.55,75846.55,75846.55,2
1779838920,75837.74,75841.28,75837.74,75841.28,6
1779838980,75836.65,75836.67,75835.64,75835.66,22
1779839040,75839.91,75845.11,75839.91,75845.11,36
1779839100,75837.3,75855.39,75836.8,75839.88,190
1779839160,75831.76,75834.21,75827.47,75827.69,92
1779839220,75831.52,75849.82,75830.07,75847.54,84
1779839280,75839.27,75840.16,75839.27,75840.15,6
1779839340,75821.75,75821.75,75814.79,75814.81,24
1779839400,75822.75,75822.75,75792.58,75799.25,134
1779839460,75794.11,75799.66,75789.03,75795.98,62
1779839520,75792.49,75801.52,75791.94,75800.36,50
1779839580,75816.19,75816.96,75812.03,75816.96,58
1779839640,75818.87,75818.87,75809.19,75809.79,12
1779839700,75818.25,75818.57,75800.88,75800.92,80
1779839760,75800.87,75804.35,75800.83,75800.89,12
1779839820,75798.69,75805.84,75796.45,75805.84,36
1779839880,75802.8,75809.02,75802.8,75809.02,38
1779839940,75811.44,75812.33,75811.44,75812.18,30
1779840060,75821.26,75844.93,75817.53,75828.61,118
1779840120,75844.17,75847.1,75825.75,75842.78,32
1779840180,75854.17,75857.42,75825.16,75829.77,42
1779840240,75849.4,75856.2,75845.89,75855.54,38
1779840300,75809.23,75869.67,75809.23,75829.12,148
1779840360,75834.39,75861.39,75827.54,75861.39,66
1779840420,75849.35,75849.35,75833.75,75837.31,80
1779840480,75837.61,75848.89,75834.22,75846.58,18
1779840540,75864.68,75871.84,75859.33,75868.4,26
1779840600,75876.15,75910.38,75871.57,75901.58,126
1779840660,75874.68,75883.55,75869.45,75873.97,52
1779840720,75855.79,75867.11,75852.2,75862.09,56
1779840780,75858.31,75868.38,75858.31,75860.83,56
1779840840,75866.82,75870.11,75864.64,75864.64,10
1779840900,75868.88,75868.88,75818.05,75818.24,122
1779840960,75783.31,75788.26,75779.09,75779.82,40
1779841020,75818.64,75819.75,75815.21,75815.66,44
1779841080,75789.62,75795.22,75789.04,75789.04,56
1779841140,75769.6,75791.8,75766.57,75789.46,68
1779841200,75788.17,75789.83,75776.04,75785.14,80
1779841260,75788.93,75788.93,75785.44,75785.44,6
1779841320,75780.81,75780.85,75767.48,75767.93,40
1779841380,75770.36,75787.01,75770.36,75783.05,32
1779841440,75783.38,75802.97,75783.38,75799.43,50
1779841500,75771.9,75785.76,75771.83,75777.91,124
1779841560,75777.91,75799.13,75777.86,75795.67,56
1779841620,75779.32,75779.32,75775.96,75776.12,10
1779841680,75807.17,75807.23,75803.69,75807.23,12
1779841740,75824.55,75824.55,75813.99,75815.51,26
1779841800,75819.45,75909.91,75815.99,75865.88,150
1779841860,75863.2,75868.14,75849.67,75849.67,42
1779841920,75857.06,75884.84,75857.05,75883.21,78
1779841980,75895.26,75895.26,75890.99,75894.2,8
1779842040,75899.53,75899.55,75886.19,75886.19,30
1779842100,75893.05,75896.58,75876.34,75883.3,112
1779842160,75878.87,75882.44,75873.46,75877.17,48
1779842220,75871.23,75871.24,75846.06,75859.9,66
1779842280,75844.24,75851.97,75836.19,75839.66,70
1779842340,75803.51,75803.6,75797.45,75802.97,16
1779842400,75788.42,75812.2,75788.42,75811.28,80
1779842460,75796.95,75830.01,75795.09,75829.35,52
1779842520,75855.03,75856.14,75844.61,75850.91,44
1779842580,75866.33,75870.72,75862.29,75865.34,56
1779842640,75867.02,75869.81,75863.82,75865.77,62
1779842700,75849.07,75874.66,75849.03,75867.13,72
1779842760,75869.32,75887.52,75869.32,75887.52,36
1779842820,75882.59,75888.28,75881.75,75882.68,32
1779842880,75879.9,75887.15,75879.9,75886.35,54
1779842940,75900.86,75900.86,75894.71,75894.8,54
1779843060,75880.12,75890.95,75880.12,75890.95,16
1779843120,75917.58,75919.09,75914.14,75919.09,28
1779843180,75902.08,75914.33,75902.08,75914.33,48
1779843240,75901.43,75942.84,75901.43,75928.52,60
1779843300,75921.4,75966.44,75914.32,75957.53,176
1779843360,75957.68,75980.3,75951.17,75953.72,76
1779843420,75949.92,75950.1,75949.69,75950.1,6
1779843480,75965.3,75973.49,75961.53,75961.53,24
1779843540,75972.85,75974.47,75969.7,75974.26,36
1779843660,75948.08,75954.3,75918.7,75924.81,184
1779843720,75928.97,75942.42,75909.98,75920.2,94
1779843780,75915.27,75915.34,75915.27,75915.34,4
1779843840,75956.07,75959.24,75927.28,75927.28,14
1779843900,75941.25,75941.26,75875.35,75904.68,130
1779843960,75896.4,75909.22,75896.4,75906.97,40
1779844020,75900.99,75914.38,75900.99,75908.54,46
1779844080,75905.18,75913.41,75905.18,75912.98,56
1779844140,75911.92,75946.63,75908.44,75946.63,92
1779844200,75945.69,75955.4,75941.37,75944.83,86
1779844260,75945.3,75945.3,75933.8,75933.97,24
1779844320,75923.02,75923.02,75918.88,75918.88,22
1779844380,75965.35,75965.35,75948.21,75948.21,44
1779844440,75951.2,75956.85,75947.77,75956.81,36
1779844560,75916.78,75921.82,75916.45,75917.23,42
1779844620,75908.09,75911.61,75907.4,75911.56,20
1779844680,75892.23,75892.23,75857.89,75866.03,44
1779844740,75822.12,75841.1,75821.83,75836.85,48
1779844800,75771.78,75781.09,75737.2,75761.12,140
1779844860,75743.26,75747.18,75721.98,75742.43,86
1779844920,75707.33,75748.3,75706.18,75731.91,80
1779844980,75747.33,75747.33,75747.33,75747.33,2
1779845040,75741.41,75747.84,75740.72,75746.35,18
1779845100,75754.31,75754.31,75714.41,75737.33,134
1779845160,75754.41,75755.52,75751.07,75752.04,24
1779845220,75752.13,75755.61,75732.96,75743.47,52
1779845280,75749.84,75757.55,75749.74,75757.55,44
1779845340,75766.13,75775.07,75761.39,75764.51,54
1779845400,75756.85,75776.67,75706.63,75776.28,140
1779845460,75770.72,75774.21,75736.71,75736.71,26
1779845520,75748.14,75765.41,75748.14,75761.93,34
1779845580,75767.62,75771.77,75761.64,75762.8,30
1779845640,75752.74,75754.36,75749.08,75753.49,46
1779845760,75736.2,75736.21,75735.35,75736.21,8
1779845820,75708.23,75715.28,75708.08,75715.12,20
1779845880,75746.61,75754,75746.61,75754,24
1779845940,75753.62,75753.9,75748.16,75748.2,42
1779846000,75759.61,75764.03,75725.6,75757.96,130
1779846060,75758.48,75777.43,75755,75777.43,66
1779846120,75789.37,75789.37,75782.49,75786.1,48
1779846180,75786.31,75786.31,75785.57,75785.61,8
1779846240,75789.8,75797,75789.8,75797,22
1779846300,75749.74,75772.11,75737.83,75739.48,106
1779846360,75754.24,75754.24,75745.94,75751.16,36
1779846420,75776.92,75815.15,75772.15,75814,86
1779846480,75854.62,75877.5,75849.11,75860.06,74
1779846540,75849.94,75872.08,75841.61,75862.54,78
1779846600,75856.66,75863.19,75830.22,75836.22,110
1779846660,75826.57,75837.78,75826.57,75837.78,26
1779846720,75846.67,75846.83,75831.71,75834.25,40
1779846780,75857.14,75858.25,75842.96,75842.96,48
1779846840,75834.49,75856.37,75834.44,75848.03,66
1779846960,75832.18,75832.18,75832.18,75832.18,2
1779847020,75828.18,75828.18,75793.67,75800.19,26
1779847080,75794.06,75797.07,75792.91,75792.91,26
1779847140,75761.73,75763.97,75733.36,75737.88,54
1779847260,75778.09,75782.95,75762.65,75764.1,60
1779847320,75756.77,75756.77,75756.02,75756.02,6
1779847380,75718.87,75718.87,75671.84,75684.91,38
1779847440,75722.36,75728.45,75714.1,75728.45,34
1779847500,75746.45,75752.8,75706.13,75707.71,104
1779847560,75706.07,75720.75,75705.56,75716.81,66
1779847620,75712.94,75713.27,75676.97,75678.33,82
1779847680,75670.07,75670.07,75670.07,75670.07,2
1779847740,75682.49,75682.51,75679.02,75682.51,8
1779847800,75667.66,75674.96,75666.11,75672.38,82
1779847860,75662.66,75668.4,75662.66,75668.4,36
1779847920,75671.04,75703.36,75671.04,75697.98,64
1779847980,75700.38,75703.87,75677.04,75679.05,54
1779848040,75681.73,75681.73,75677.66,75677.66,6
1779848100,75704.22,75731.54,75700.27,75725.34,92
1779848160,75711.25,75714.73,75709.25,75709.28,22
1779848220,75701.82,75706.54,75699.01,75699.17,32
1779848280,75681.42,75681.42,75624.64,75626.06,54
1779848340,75600.79,75605.28,75556.18,75568.42,98
1779848460,75636.91,75636.91,75633.3,75633.3,4
1779848520,75627.12,75639.25,75620.98,75622.26,22
1779848580,75616.45,75634.76,75616.45,75634.38,40
1779848640,75635.24,75640.82,75632.78,75640.28,38
1779848700,75646.63,75668.49,75638.83,75647.02,140
1779848760,75643.52,75643.52,75633.41,75634.35,60
1779848820,75657.44,75657.44,75657.44,75657.44,2
1779848880,75696.82,75696.82,75676.66,75683.74,20
1779848940,75663.03,75663.09,75659.51,75659.51,20
1779849000,75643.65,75646.76,75623.31,75640.88,112
1779849060,75653.8,75653.8,75639.6,75649.7,52
1779849120,75612.68,75636.51,75612.68,75629.16,78
1779849180,75629.85,75633.44,75629.85,75633.44,6
1779849240,75666.55,75667.08,75662.38,75667.08,24
1779849300,75690.78,75722.98,75670.68,75674.23,160
1779849360,75679.44,75679.44,75668.66,75668.66,24
1779849420,75657.79,75664.68,75656.36,75660.67,34
1779849480,75644.26,75644.26,75637.66,75637.72,86
1779849540,75637.23,75637.23,75637.23,75637.23,2
1779849600,75585.95,75622.25,75585.95,75605.19,114
1779849660,75615.47,75625.45,75615.31,75624.81,26
1779849720,75604.47,75604.47,75581.98,75595.66,48
1779849780,75622.94,75628.21,75609.94,75610.23,80
1779849840,75617.56,75621.03,75598.28,75599.79,68
1779849900,75621,75633.15,75621,75631.91,72
1779849960,75634.51,75634.51,75634.51,75634.51,2
1779850020,75655.37,75680.16,75651.89,75651.89,48
1779850080,75613.07,75630.54,75613.07,75622.7,26
1779850140,75634.36,75634.36,75620.37,75625.65,56
1779850200,75628.62,75642.63,75621.39,75631.97,136
1779850260,75632.52,75659.19,75623.38,75659.19,70
1779850320,75654.13,75655.38,75654.13,75655.38,12
1779850380,75665.51,75684.32,75665.51,75681.16,42
1779850440,75687.6,75687.6,75677.62,75681.46,28
1779850500,75683.5,75698.47,75679.65,75692.1,100
1779850560,75691.87,75696.18,75690.76,75692.39,40
1779850620,75703.78,75707.53,75703.78,75707.53,10
1779850680,75710.96,75711.28,75710.96,75711.28,8
1779850740,75686.98,75696.02,75686.39,75695.91,36
1779850860,75726.31,75740.1,75724.97,75734.88,74
1779850920,75726.98,75730.44,75725.95,75729.42,12
1779850980,75761.37,75775.97,75760.68,75770.77,28
1779851040,75812.56,75824.68,75809.01,75817.19,50
1779851100,75810.38,75841.35,75799.55,75839.5,180
1779851160,75838.77,75838.77,75814.53,75829.11,78
1779851220,75835.29,75835.29,75835.29,75835.29,2
1779851280,75847.63,75851.22,75843.64,75843.64,28
1779851340,75843.36,75847.35,75831.4,75846.86,40
1779851400,75808.77,75808.77,75768.14,75801.65,140
1779851460,75805.8,75806.66,75801.41,75802.74,30
1779851520,75783.41,75783.72,75774.59,75774.79,44
1779851580,75771.42,75771.42,75771.42,75771.42,2
1779851640,75764.49,75764.94,75761.45,75764.94,16
1779851700,75767.27,75779,75694.6,75745.58,138
1779851760,75754.92,75769.13,75754.92,75766.39,26
1779851820,75745.8,75745.8,75730.77,75734.67,58
1779851880,75729.59,75744.93,75729.54,75744.74,58
1779851940,75739.24,75753.74,75735.76,75742.96,64
1779852000,75744.82,75744.82,75708.87,75714.25,110
1779852060,75722.1,75722.1,75716.28,75716.39,28
1779852120,75723.23,75723.55,75713.36,75713.52,26
1779852180,75697.12,75702.1,75697.02,75698.6,34
1779852240,75711.12,75711.12,75695.36,75703.22,48
1779852360,75730.95,75730.95,75730.95,75730.95,2
1779852420,75738.25,75746.95,75738.25,75746.95,16
1779852480,75733.99,75733.99,75718.32,75718.32,24
1779852540,75710.27,75714.22,75710.27,75714.18,22
1779852600,75729.02,75748.05,75725.08,75736.04,128
1779852660,75734.57,75739.42,75722.23,75723.5,46
1779852720,75725.94,75735.72,75718.51,75724.37,52
1779852780,75715.74,75717.27,75694.89,75699.7,76
1779852840,75692.86,75692.86,75689.44,75689.44,4
1779852900,75695.69,75699.34,75621.79,75627.64,122
1779852960,75624.87,75630.43,75623.51,75624.62,36
1779853020,75632.32,75634.45,75625.99,75634.45,38
1779853080,75627.14,75636.5,75623.86,75635.07,42
1779853140,75651.46,75651.51,75632.13,75632.13,58
1779853260,75657.52,75657.53,75649.13,75649.13,20
1779853320,75656.92,75660.44,75656.92,75660.44,12
1779853380,75647.98,75652.1,75640.34,75641.29,30
1779853440,75648.35,75648.35,75632.38,75637.71,42
1779853560,75646.15,75646.15,75641.69,75641.69,6
1779853620,75625.06,75630.72,75625.06,75630.72,8
1779853680,75638.95,75638.95,75622.46,75624.1,28
1779853740,75524.68,75554.86,75499.63,75545.07,72
1779853800,75540.34,75563.63,75498.29,75552.27,204
1779853860,75543.98,75564.9,75523.84,75556.94,106
1779853920,75558.56,75558.56,75553.76,75554.03,8
1779853980,75541.24,75563.08,75541.24,75560.1,26
1779854040,75562.29,75562.29,75539.89,75554.98,34
1779854100,75552.36,75559.88,75540.24,75559.88,126
1779854160,75563.79,75570.67,75559.76,75563.15,68
1779854220,75583.28,75598.11,75573.56,75574.54,90
1779854280,75567.56,75567.56,75564.06,75567.51,10
1779854340,75529.71,75544.01,75527.25,75544,36
1779854460,75573.11,75576.47,75564.27,75568.28,34
1779854520,75547.42,75547.54,75515.27,75524.99,88
1779854580,75523.52,75523.52,75523.52,75523.52,2
1779854640,75538.61,75538.61,75528.63,75533.1,20
1779854700,75528.95,75533.37,75515.56,75526.81,120
1779854760,75535.61,75545.92,75535.61,75545.92,30
1779854820,75551.24,75602.46,75551.24,75581.66,66
1779854880,75566.13,75579.51,75566.13,75570.09,34
1779854940,75574.7,75574.9,75571.13,75574.9,30
1779855000,75571.32,75580.61,75557.7,75578.43,100
1779855060,75581.89,75581.95,75568.62,75575.28,26
1779855120,75574.92,75583.99,75574.92,75583.99,26
1779855180,75575.29,75578.83,75540.75,75547.94,44
1779855240,75541.63,75542.16,75524.4,75524.41,54
1779855360,75466.25,75500.32,75466.1,75483.83,112
1779855420,75469.88,75470.16,75459.57,75461.02,30
1779855480,75447.26,75451.03,75439.42,75439.42,26
1779855540,75382.56,75402.46,75373.54,75397.64,74
1779855600,75418.07,75430.4,75382.56,75409.09,142
1779855660,75412.98,75418.99,75392.68,75412.52,80
1779855720,75415.54,75420.98,75387.82,75394.73,88
1779855780,75391.79,75396.39,75372.97,75386.3,80
1779855840,75376.03,75383.87,75376.03,75383.86,14
1779855900,75406.79,75411.79,75406.78,75407.57,66
1779855960,75406.83,75406.83,75401.22,75401.22,30
1779856020,75406.35,75407.73,75384.3,75407.73,56
1779856080,75398.93,75402.41,75392.68,75400.53,60
1779856140,75393.55,75393.55,75385.12,75388.02,12
1779856200,75382.67,75402.28,75236.08,75307.25,194
1779856260,75262.91,75270.82,75240.94,75252.22,64
1779856320,75231.84,75260.45,75198.91,75204.88,74
1779856380,75218.43,75226.61,75187.7,75214.04,84
1779856440,75233.89,75257.85,75229.87,75238.14,108
1779856500,75222.12,75222.12,75222.1,75222.1,4
1779856560,75232.15,75236.37,75228.68,75236.37,30
1779856620,75211.33,75218.59,75210.81,75218.59,26
1779856680,75238.21,75238.21,75225.09,75232.38,42
1779856740,75240.03,75271.99,75236.71,75267.56,76
1779856860,75248.38,75248.38,75248.38,75248.38,2
1779856920,75200.09,75200.09,75196.43,75199.91,12
1779856980,75202.27,75205.81,75200.54,75200.54,16
1779857040,75202.96,75209.15,75202.96,75209.15,18
1779857100,75229.36,75323.53,75229.36,75321.98,194
1779857160,75329.99,75344.75,75319.44,75344.75,86
1779857220,75334.91,75338.84,75334.5,75338.84,52
1779857280,75351.21,75351.21,75350.83,75350.83,4
1779857340,75341.39,75341.39,75337.5,75337.5,14
1779857400,75383.75,75388.53,75369.04,75386.7,94
1779857460,75406.55,75433.13,75406.55,75429.23,64
1779857520,75454.5,75462.83,75451.73,75461.94,50
1779857580,75431.9,75444.63,75431.9,75440.75,58
1779857640,75442.89,75484.01,75442.89,75480.96,90
1779857700,75472.44,75472.44,75470.44,75470.7,10
1779857760,75463.99,75475.73,75463.99,75474.64,24
1779857820,75466.1,75466.37,75458.49,75458.64,36
1779857880,75457.75,75458.37,75456.13,75458.37,28
1779857940,75470.51,75483.31,75470.51,75481.73,56
1779858120,75474.97,75490.53,75474.97,75490.53,28
1779858180,75512.1,75515.59,75477.19,75482.08,64
1779858240,75498.44,75516.22,75495.28,75511.35,66
1779858360,75513.6,75513.69,75495.07,75499.77,18
1779858420,75487.87,75487.87,75481.41,75483.28,26
1779858480,75490.35,75493.68,75485.55,75485.55,30
1779858540,75507.75,75507.75,75496.46,75499.17,36
1779858600,75515.89,75515.89,75486.21,75512.15,146
1779858660,75516.67,75516.67,75500.29,75508.45,72
1779858720,75494.9,75497.92,75467.81,75478.74,92
1779858780,75495.66,75496.52,75495.66,75496.09,10
1779858840,75477.2,75481.13,75477.18,75477.89,24
1779858900,75504.3,75504.32,75477.24,75487.22,110
1779858960,75486.89,75490.73,75486.52,75487.26,30
1779859020,75502.33,75505.31,75489.51,75489.51,50
1779859080,75488.81,75516.86,75484.35,75507.89,86
1779859140,75501.83,75505.18,75496.87,75499.03,10
1779859200,75499.34,75499.34,75471.67,75488.12,136
1779859260,75498.67,75508.61,75498.67,75503.55,30
1779859320,75506.96,75541.06,75506.96,75525.27,40
1779859380,75535.96,75535.97,75517.91,75524.58,56
1779859440,75522.52,75552.74,75522.52,75540.72,88
1779859500,75543.92,75543.92,75530.87,75537.33,84
1779859560,75542.89,75549.55,75542.6,75549.55,30
1779859620,75562.07,75584.18,75561.92,75581.85,54
1779859680,75558.36,75567.24,75554.88,75566.59,52
1779859740,75561.52,75565.05,75560.07,75565.05,60
1779859800,75541.04,75575.49,75538.82,75566.41,104
1779859860,75560.69,75564.07,75560.69,75564.07,16
1779859920,75553.56,75557.25,75549.08,75549.08,22
1779859980,75528.05,75531.49,75506.05,75506.05,56
1779860040,75517.97,75523.5,75512.11,75518.24,50
1779860100,75511.87,75547.95,75507.09,75526.35,170
1779860160,75525.48,75550.18,75525.14,75538.58,90
1779860220,75565.6,75565.6,75565.6,75565.6,2
1779860280,75586.55,75586.55,75565.75,75569.39,18
1779860340,75557.03,75561.14,75557.03,75557.66,12
1779860400,75553.91,75558.03,75547.07,75552.39,84
1779860460,75550.19,75550.19,75503.86,75503.86,66
1779860520,75495.24,75509.34,75491.84,75500.74,60
1779860580,75487.98,75518.09,75487.98,75501.28,70
1779860640,75493.46,75493.46,75492.34,75492.34,4
1779860700,75512.58,75536.47,75494.76,75531.6,112
1779860760,75517.47,75533.36,75517.47,75529.88,30
1779860820,75557.33,75565.65,75556.44,75563.43,44
1779860880,75536.78,75538.69,75532.41,75533.81,46
1779860940,75533.23,75535.5,75505.51,75516.87,70
1779861000,75518.1,75553.28,75514.09,75544.3,88
1779861060,75543.29,75565.68,75543.27,75562.27,22
1779861120,75551.77,75554.83,75551.28,75554.78,20
1779861180,75540.48,75544.96,75530.21,75532.23,44
1779861240,75567.84,75569.68,75548.98,75566.61,54
1779861300,75580.96,75593.68,75577.7,75585.61,140
1779861360,75588.88,75611.11,75588.88,75598.53,78
1779861420,75580.1,75588.1,75580.1,75588.1,10
1779861480,75592.39,75595.71,75590.19,75592.23,20
1779861540,75606.86,75610.2,75600.94,75601.2,34
1779861660,75584.88,75590.1,75578.94,75579.94,44
1779861720,75566.78,75583.99,75563.32,75570.92,76
1779861780,75586.41,75599.91,75586.41,75599.73,16
1779861840,75613.2,75619.23,75609.48,75614.64,26
1779861900,75603.69,75638.19,75599.93,75637.97,136
1779861960,75640.8,75644.77,75623.91,75636.43,58
1779862020,75668.18,75669.55,75643.06,75655.86,76
1779862080,75631.8,75678.72,75631.8,75677.09,90
1779862140,75673.46,75673.46,75669.11,75670,10
1779862200,75676.35,75676.35,75643.32,75645.08,102
1779862260,75632.59,75636.17,75632.59,75636.17,10
1779862320,75598.04,75600.87,75594.24,75600.2,24
1779862380,75585.64,75604.33,75585.64,75604.33,64
1779862440,75619.24,75625.14,75618.27,75618.7,48
1779862500,75601.35,75602.72,75547.92,75582.04,190
1779862560,75578.57,75582.05,75565.72,75575.46,62
1779862620,75571.34,75571.36,75571.34,75571.36,4
1779862680,75623.63,75624.27,75620,75623.73,20
1779862740,75581.12,75589.14,75580.42,75588.74,24
1779862800,75606.25,75608.03,75595.7,75604.72,96
1779862860,75599.05,75618.68,75599.04,75607.99,54
1779862920,75574.75,75574.91,75551.36,75560.32,70
1779862980,75563.88,75599.05,75554.12,75593.82,76
1779863040,75593.07,75599.09,75588.56,75599.09,68
1779863100,75590.9,75591.05,75565.44,75570.83,72
1779863160,75595.34,75595.39,75591.86,75595.37,10
1779863220,75587.85,75596.94,75587.85,75596.94,28
1779863280,75604.12,75604.12,75597.54,75601.98,20
1779863340,75619.24,75623.54,75617.91,75617.91,24
1779863460,75676.75,75690.19,75646.39,75653.28,112
1779863520,75645.21,75645.43,75637.11,75638.97,18
1779863580,75620.63,75620.96,75615.66,75615.82,22
1779863640,75634.58,75634.58,75622.36,75624.72,38
1779863700,75604.26,75632.52,75604.15,75604.18,148
1779863760,75604.91,75624.6,75581.6,75618.79,82
1779863820,75653.97,75670.83,75653.5,75670.83,76
1779863880,75677.56,75677.56,75677.56,75677.56,2
1779863940,75639.55,75643.74,75639.55,75640.59,18
1779864000,75643.75,75655.26,75640.01,75654.16,78
1779864060,75660.11,75664.34,75660.11,75664.33,18
1779864120,75677.08,75677.08,75667.21,75670.8,56
1779864180,75684.79,75685.29,75680.49,75683.69,38
1779864240,75678.5,75687.12,75675.02,75685.3,78
1779864300,75695.04,75696.91,75676.55,75690.42,100
1779864360,75702.03,75719.85,75699.3,75716.31,30
1779864420,75739.69,75740.8,75739.43,75739.51,38
1779864480,75742.69,75742.69,75719.27,75719.27,44
1779864540,75709.23,75721.83,75707.36,75721.38,48
1779864600,75725.02,75729.59,75722.12,75726.28,88
1779864660,75731.84,75735.77,75728.48,75734.83,62
1779864720,75768.53,75768.55,75745.3,75760.08,86
1779864780,75755.59,75764.82,75755.59,75764.82,8
1779864840,75719.63,75724.6,75719.03,75719.96,16
1779864900,75721.96,75745.45,75720.81,75724.46,116
1779864960,75711.37,75711.37,75692.37,75699.36,44
1779865020,75696.69,75700.52,75693.45,75693.45,32
1779865080,75685.86,75697.86,75685.81,75694.56,72
1779865140,75704.63,75709.54,75704.43,75709.21,64
1779865260,75717.3,75728.9,75717.3,75728.2,22
1779865320,75722.25,75724.93,75722.25,75724.93,26
1779865380,75746.61,75750.35,75732.69,75738.8,60
1779865440,75738.79,75739.5,75734.85,75739.5,50
1779865500,75721.14,75755.81,75692.29,75719.55,190
1779865560,75716.35,75720.04,75708.01,75711.66,70
1779865620,75684.35,75690.82,75684.35,75690.82,10
1779865680,75709.9,75709.9,75704.17,75704.28,22
1779865740,75706.51,75709.31,75701.09,75701.43,24
1779865800,75688.07,75688.07,75638.87,75640.91,174
1779865860,75633.11,75643.13,75631.69,75640.78,52
1779865920,75660.29,75664.02,75643.21,75650.45,78
1779865980,75660.81,75660.81,75660.81,75660.81,2
1779866040,75647.45,75670.52,75647.45,75665.15,20
1779866100,75664.26,75664.26,75642.66,75646.87,104
1779866160,75627.22,75650.93,75627.22,75644.75,42
1779866220,75655.69,75658.8,75651.82,75654.9,36
1779866280,75677.08,75685.66,75672.59,75685.66,52
1779866340,75678.87,75694.98,75678.87,75685.49,62
1779866400,75698.8,75704.76,75682.47,75699.51,82
1779866460,75689.06,75692.27,75688.29,75688.61,20
1779866520,75680.7,75681.02,75665.87,75668.41,32
1779866580,75722.82,75736.45,75713.74,75729.11,62
1779866640,75732.61,75746.07,75732.61,75738.31,64
1779866760,75716.21,75718.08,75716.21,75718.08,8
1779866820,75733.77,75733.82,75730.6,75730.81,16
1779866880,75731.32,75737.53,75728.72,75736.41,36
1779866940,75735.54,75739.16,75735.5,75739.15,22
1779867000,75745.1,75767.54,75739.04,75743.56,134
1779867060,75743.56,75743.56,75730.66,75735.44,62
1779867120,75753.13,75757.73,75737.95,75751.24,80
1779867180,75732.21,75734.93,75729.96,75729.96,6
1779867240,75724.53,75729.75,75721.24,75724.9,20
1779867300,75808.43,75832.86,75808.43,75826.48,108
1779867360,75823.12,75827.89,75818.27,75823.28,48
1779867420,75825.49,75833.81,75822.26,75832.97,58
1779867480,75826.12,75829.37,75804.63,75806.01,70
1779867540,75798.78,75798.78,75756.13,75760.99,90
1779867600,75772.49,75772.49,75755.34,75762.38,82
1779867660,75772.03,75777.52,75768.31,75777.52,14
1779867720,75741.14,75754.01,75741.14,75752.03,20
1779867780,75766.89,75771.24,75763.49,75770.72,34
1779867840,75767.1,75767.1,75737.51,75751.75,50
1779867900,75756.62,75786.1,75756.35,75785.19,88
1779867960,75785.21,75791.23,75778.04,75779.02,62
1779868020,75788.65,75790.3,75788.65,75790.3,8
1779868080,75788.53,75803.28,75788.53,75803.04,30
1779868140,75762.74,75766.16,75761.9,75766.15,28
1779868200,75776.54,75776.68,75752.25,75769.44,94
1779868260,75775.67,75785.98,75775.67,75785.98,56
1779868320,75793.28,75803.43,75793.18,75797.53,76
1779868380,75805.74,75809.63,75777.65,75806.06,82
1779868440,75838.67,75838.67,75833.04,75833.04,10
1779868500,75820.03,75840.88,75820.03,75827.04,100
1779868560,75831.58,75839.56,75827.76,75834.5,32
1779868620,75820.8,75841.08,75820.66,75833.98,48
1779868680,75838.86,75838.86,75834.99,75838.65,42
1779868740,75847.29,75853.61,75839.04,75848.17,68
1779868860,75834.31,75859.8,75830.56,75850.56,38
1779868920,75865.91,75885.22,75864.68,75872.38,46
1779868980,75856.55,75865.49,75856.39,75865.49,36
1779869040,75860.34,75869.27,75855.57,75867.41,52
1779869100,75865.33,75891.75,75851.53,75851.83,170
1779869160,75851.77,75854.98,75833.08,75833.08,50
1779869220,75831.34,75832.41,75827.32,75827.32,8
1779869280,75804.07,75809.32,75803.54,75805.48,24
1779869340,75807.01,75807.11,75803.68,75805.55,30
1779869400,75801.78,75830.66,75796.68,75819.34,124
1779869460,75817.61,75817.61,75805.27,75805.65,32
1779869520,75805.51,75814.16,75804.29,75804.62,60
1779869580,75779.19,75779.2,75779.19,75779.2,4
1779869640,75784.59,75785.46,75784.15,75785.02,18
1779869700,75798.21,75804.63,75798.19,75804.48,68
1779869760,75804.85,75805.32,75801.4,75805.32,36
1779869820,75769.79,75783.54,75765.96,75780.98,54
1779869880,75776.76,75785.98,75771.97,75781.37,74
1779869940,75781.32,75797.13,75778.35,75794.38,46
1779870000,75797.01,75800.82,75786.6,75797.56,66
1779870060,75800.69,75800.69,75797.44,75797.5,8
1779870120,75786.48,75798.78,75781.64,75798.78,18
1779870180,75854.52,75870.07,75852.71,75868.03,62
1779870240,75841.95,75846.03,75831.72,75834.62,44
1779870300,75839.72,75860.45,75839.72,75851.2,130
1779870360,75855.86,75924.82,75854.31,75893.04,120
1779870420,75928.9,75929.05,75919.34,75929.05,12
1779870480,75932.08,75936.56,75932.08,75932.72,16
1779870540,75936.45,75947.6,75936.45,75944.38,34
1779870600,75922.19,75924.53,75915.09,75919.86,78
1779870660,75918.72,75921.92,75901.69,75901.69,54
1779870720,75888.33,75919.17,75885.12,75911.62,66
1779870780,75893.89,75893.89,75856.58,75865.02,84
1779870840,75865.95,75870.46,75865.95,75870.46,4
1779870900,75877.1,75880.31,75861.2,75872.37,94
1779870960,75862.92,75867.72,75862.92,75863.89,30
1779871020,75869.86,75884.24,75869.85,75884.22,26
1779871080,75865.89,75878.37,75865.89,75872.7,44
1779871140,75857.32,75875.33,75857.32,75869.37,50
1779871200,75878.06,75878.06,75847.4,75847.4,150
1779871260,75851.11,75854.06,75846.58,75849.41,60
1779871320,75860.05,75860.05,75853.97,75853.97,8
1779871380,75862.15,75862.15,75851.58,75854.63,18
1779871440,75830.75,75836.21,75827.27,75836.14,36
1779871500,75844.42,75859.79,75836.59,75840.94,90
1779871560,75848.79,75870.23,75845.56,75859.88,66
1779871620,75832.61,75842.7,75832.07,75841.9,66
1779871680,75833.41,75836.49,75833.33,75836.49,10
1779871740,75850.35,75850.35,75846.52,75846.52,10
1779871800,75855.81,75867,75842.12,75842.12,118
1779871860,75837.99,75844.64,75826.06,75826.06,46
1779871920,75797.13,75802.25,75789.32,75797.61,54
1779871980,75783.35,75783.37,75737.66,75737.73,96
1779872040,75746.4,75746.4,75736.62,75736.62,4
1779872100,75756.23,75760.1,75752.8,75757.81,70
1779872160,75740.08,75746.95,75704.49,75704.49,40
1779872220,75728.88,75728.94,75727.55,75728.94,30
1779872280,75718.81,75730.93,75718.79,75726.73,52
1779872340,75741.02,75754.85,75735.65,75754.85,74
1779872460,75739.17,75739.18,75707.53,75714.48,74
1779872520,75677.9,75695.02,75675.55,75681.18,42
1779872580,75624.12,75643.48,75624.12,75631.84,58
1779872640,75644.58,75652.34,75644.19,75652.19,46
1779872700,75641.23,75680.21,75640.48,75673.35,168
1779872760,75673.26,75673.26,75622.8,75630.86,100
1779872820,75633.62,75643.39,75633.62,75642.46,18
1779872880,75650.46,75650.57,75647.29,75650.57,16
1779872940,75673.04,75676.22,75672.86,75672.86,10
1779873000,75673.79,75683.19,75669.12,75682.83,126
1779873060,75669.68,75678.86,75639.92,75640.28,84
1779873120,75641.72,75658.98,75636.89,75650.23,76
1779873180,75642.86,75642.86,75619.1,75632.29,78
1779873240,75634.94,75634.94,75631.72,75631.72,8
1779873300,75633.21,75638.9,75630.1,75631.97,84
1779873360,75634.21,75634.21,75582.53,75590.03,48
1779873420,75613.42,75617.49,75610.21,75614.96,26
1779873480,75603.41,75603.41,75584.09,75597.4,64
1779873540,75609,75612.15,75608.41,75611.78,44
1779873600,75610.81,75643.27,75607.6,75642.91,110
1779873660,75660.69,75660.69,75646.73,75649.69,34
1779873720,75652.84,75676.42,75652.82,75675.4,48
1779873780,75675.24,75676.01,75671.91,75672.31,28
1779873840,75710.42,75720.14,75708.84,75711.89,64
1779873960,75731.15,75733.99,75730.75,75730.75,6
1779874020,75720.52,75730.53,75717.67,75730.53,16
1779874080,75716.58,75716.58,75712.81,75713.27,26
1779874140,75689.79,75691.82,75677.26,75681.5,30
1779874200,75697.67,75710.3,75694.83,75694.83,118
1779874260,75689.81,75696.97,75683.16,75690.54,58
1779874320,75698.64,75724.5,75695.95,75723.35,90
1779874380,75731.8,75732.07,75731.8,75732.07,6
1779874440,75756.16,75756.16,75747.43,75747.52,24
1779874500,75729.87,75752.9,75728.95,75749.55,106
1779874560,75783.8,75796.51,75783.8,75793.24,58
1779874620,75795.87,75811.32,75795.87,75798.4,62
1779874680,75781.19,75815.46,75781.19,75811.84,72
1779874740,75851.72,75862.75,75842.71,75857.31,90
1779874800,75842.59,75845.61,75834.22,75838.79,96
1779874860,75831.42,75834.6,75807.27,75807.27,14
1779874920,75813.32,75816.53,75812.9,75813.19,26
1779874980,75807.75,75812.26,75807.75,75812.25,36
1779875040,75805.88,75816.64,75804.73,75805.09,52
1779875100,75808.1,75814.12,75800.36,75802.9,107
1779875160,75802.91,75812.84,75773.56,75780.73,88
1779875220,75773.41,75778.24,75773.4,75773.41,18
1779875280,75800.01,75802.43,75796.81,75800.1,22
1779875340,75778.79,75788.64,75778.79,75783.27,42
1779875400,75797.89,75823.11,75796.2,75799.83,148
1779875460,75802.48,75802.64,75771.85,75780.02,60
1779875520,75747.77,75759.87,75736.11,75756.18,84
1779875580,75765.32,75765.33,75762.11,75765.33,8
1779875640,75789.13,75789.13,75786.59,75786.96,20
1779875700,75782.5,75793.31,75779.35,75789.02,102
1779875760,75780.34,75780.34,75763.39,75770.87,45
1779875820,75773.56,75785.57,75773.56,75776.97,38
1779875880,75787.64,75787.7,75769.2,75782.71,56
1779875940,75783.28,75783.3,75783.28,75783.3,4
1779876060,75770.75,75772.78,75768.94,75768.95,22
1779876120,75767.86,75774.05,75766.55,75769.93,34
1779876180,75760.11,75761.72,75756.47,75761.58,35
1779876240,75763.92,75771.98,75750.61,75761.06,60
1779876360,75777.85,75788.2,75777.85,75787.04,12
1779876420,75784.28,75786.17,75782.94,75782.94,18
1779876480,75784.98,75797.17,75781.66,75797.17,32
1779876540,75793.14,75793.14,75777.27,75780.62,52
1779876600,75761.43,75774.17,75757.35,75757.89,120
1779876660,75756.38,75762.5,75756.31,75762.5,68
1779876720,75759.29,75767.41,75759.14,75761.48,70
1779876780,75765.01,75765.01,75764.92,75764.92,4
1779876840,75780.49,75789,75780.49,75784.67,12
1779876900,75835.18,75835.18,75814.21,75816.7,92
1779876960,75824.84,75831.39,75824.84,75831.39,26
1779877020,75859.8,75872.39,75859.8,75868.81,60
1779877080,75862.6,75866.6,75862.52,75863.39,42
1779877140,75839.06,75872.09,75839.06,75846.75,68
1779877200,75861.58,75864.06,75823.68,75862,86
1779877260,75852.85,75853.5,75852.8,75853.5,10
1779877320,75833.86,75833.86,75833.75,75833.75,4
1779877380,75852.37,75853.53,75848.88,75853.53,16
1779877440,75880.17,75883.54,75862.46,75865.59,54
1779877500,75887.53,75901.01,75874.01,75900.47,142
1779877560,75900.59,75907.98,75898.03,75907.77,70
1779877620,75911.47,75915.3,75906.9,75912.27,78
1779877680,75905.33,75905.33,75877.22,75886.24,14
1779877740,75873.69,75876.74,75870.48,75874.16,20
1779877800,75865.07,75889.34,75863.81,75888.14,102
1779877860,75871.27,75880.78,75861.9,75880.78,52
1779877920,75890.39,75890.39,75873.85,75876,40
1779877980,75864.92,75864.94,75832.93,75840.1,66
1779878040,75822.66,75825.91,75770.77,75797.58,82
1779878100,75784.69,75784.69,75784.69,75784.69,2
1779878160,75803.55,75806.79,75803.05,75806.79,8
1779878220,75807.22,75816.48,75807.22,75815.84,24
1779878280,75811.88,75811.88,75811.52,75811.62,18
1779878340,75783.96,75789.05,75761.25,75764.6,52
1779878400,75769.94,75769.94,75746.41,75751.14,164
1779878460,75754.18,75758.19,75751.15,75757.69,66
1779878520,75753.46,75754.07,75750.24,75754.07,12
1779878580,75764.14,75764.14,75760.72,75764.06,24
1779878640,75781.43,75791.25,75764.83,75782.06,58
1779878700,75784.34,75807.75,75784.34,75800.11,144
1779878760,75809.26,75809.27,75765.3,75766.19,70
1779878820,75781.48,75783.38,75761.84,75768.87,64
1779878880,75770.39,75780.61,75770.39,75780.61,14
1779878940,75785.43,75793.13,75785.43,75793.13,22
1779879000,75787.46,75790.51,75771.48,75788.33,118
1779879060,75808.45,75809.15,75803.34,75806.55,40
1779879120,75797.14,75813.56,75797.14,75810.21,36
1779879180,75794.63,75805.2,75794.63,75800.68,40
1779879240,75806.96,75811.54,75803.04,75810.44,92
1779879300,75805.83,75806.06,75789.61,75796.4,102
1779879360,75804.14,75804.14,75799.84,75799.84,30
1779879420,75788.61,75791.93,75788.6,75791.93,38
1779879480,75786.07,75789,75785.59,75786.12,28
1779879540,75801.36,75804.42,75796.65,75800.7,38
1779879660,75781.99,75836.99,75781.99,75836.99,90
1779879720,75837.15,75843.79,75837.13,75840.38,22
1779879780,75862.86,75866.42,75862.04,75862.04,24
1779879840,75839.97,75852.6,75839.97,75851.28,36
1779879900,75842.28,75842.28,75822.26,75840.39,134
1779879960,75843.02,75851.49,75835.78,75835.78,64
1779880020,75847.64,75866.53,75846.08,75866.53,76
1779880080,75855.89,75855.89,75855.89,75855.89,2
1779880140,75856.14,75856.14,75840.78,75845.21,24
1779880200,75817.92,75823.35,75804.51,75809.22,98
1779880260,75816.69,75816.88,75800.52,75808.67,34
1779880320,75810.53,75825.19,75810.53,75823.75,74
1779880380,75833.95,75844.32,75833.95,75844.23,60
1779880440,75850.67,75850.67,75844.76,75848.3,62
1779880500,75827.8,75889.15,75827.8,75888.29,118
1779880560,75889.57,75894.95,75875.1,75877.39,46
1779880620,75855.88,75855.94,75833.32,75833.32,34
1779880680,75861.25,75861.25,75853.44,75856.61,46
1779880740,75859.99,75860,75855.98,75855.98,32
1779880860,75880.64,75880.64,75880.64,75880.64,2
1779880920,75893.19,75904.76,75884.39,75892.68,18
1779880980,75901.46,75912.33,75891.51,75901.48,38
1779881040,75898.83,75902.24,75891.09,75895.54,42
1779881100,75887.99,75889.45,75878.49,75882.33,128
1779881160,75883.63,75888.78,75882.23,75884.55,52
1779881220,75886.13,75896.83,75884.34,75886.17,70
1779881280,75858.4,75863.49,75842.52,75842.52,92
1779881340,75826.55,75833.66,75826.42,75833.66,12
1779881400,75793.04,75793.04,75720.33,75720.33,172
1779881460,75716.07,75743.98,75710.89,75713.54,62
1779881520,75716.05,75719.47,75696.83,75698.61,68
1779881580,75684.76,75699.68,75671.81,75685.45,80
1779881640,75719.87,75720.18,75706.18,75713.39,88
1779881700,75714.18,75714.18,75714.18,75714.18,2
1779881760,75732.2,75733.13,75728.57,75732.12,12
1779881820,75740.9,75762.71,75740.9,75762.71,42
1779881880,75784.77,75784.77,75754.37,75756.47,60
1779881940,75736.3,75750.33,75735.05,75746.91,58
1779882000,75753.09,75753.35,75699.2,75699.2,176
1779882060,75699.15,75716.47,75694.76,75705.31,100
1779882120,75714.07,75717.49,75714.07,75717.49,10
1779882180,75689.06,75696.7,75688.97,75696.69,36
1779882240,75700.02,75704.71,75700.02,75704.71,18
1779882300,75706.92,75710.49,75693.19,75694.08,94
1779882360,75693.11,75698.58,75668.73,75692.45,68
1779882420,75693.04,75700.56,75685.19,75687.47,66
1779882480,75679.01,75684.67,75673.75,75674.15,68
1779882540,75675.21,75675.72,75671.57,75674.11,12
1779882600,75674.3,75674.3,75662.25,75662.56,84
1779882660,75675.95,75679.28,75661.24,75666.91,30
1779882720,75684.8,75684.8,75680.59,75680.59,42
1779882780,75679.05,75683.73,75657.85,75658.12,76
1779882840,75657.25,75660.81,75646.71,75650.79,64
1779882900,75637.88,75637.88,75630.63,75632.83,64
1779882960,75648.65,75651.83,75648.4,75648.4,12
1779883020,75664.42,75664.57,75655.06,75655.33,20
1779883080,75645,75648.4,75640.27,75645.08,28
1779883140,75633.88,75634.07,75630.05,75630.51,44
1779883260,75643.23,75644.73,75641,75644.41,40
1779883320,75643.05,75643.14,75620,75621.42,88
1779883380,75636.3,75646.52,75636.3,75645.06,14
1779883440,75611.87,75626.65,75611.48,75626.65,22
1779883500,75631.11,75643.57,75627.79,75638.63,112
1779883560,75637.93,75638.16,75628.41,75633.03,52
1779883620,75606.65,75606.65,75519.85,75559.42,104
1779883680,75556.33,75567.04,75544.07,75556.52,96
1779883740,75558.62,75558.62,75558.62,75558.62,2
1779883800,75560.67,75560.67,75480.57,75510.75,122
1779883860,75514.3,75524.66,75500.24,75513.65,34
1779883920,75521.37,75528.72,75515.27,75516.37,44
1779883980,75522.23,75522.83,75503.74,75510.12,34
1779884040,75509.72,75509.72,75493.45,75508.92,60
1779884160,75500.56,75503.95,75473.32,75482.74,124
1779884220,75505.99,75530.96,75505.99,75526.8,34
1779884280,75479.45,75536.01,75441.83,75507.07,72
1779884340,75634.09,75740.22,75626.76,75713.39,108
1779884400,75713.38,75759.6,75669.76,75758.52,268
1779884460,75753.31,75853.43,75753.31,75832.3,158
1779884520,75855.75,75859.27,75853.39,75859.27,14
1779884580,75986.82,75991.04,75912.15,75912.15,36
1779884640,75749.74,75761.17,75706.65,75729.47,66
1779884700,75737.98,75813.6,75732.28,75786.17,204
1779884760,75809.87,75828.51,75768.79,75792.89,92
1779884820,75758.36,75774.64,75688.08,75711.26,122
1779884880,75754.17,75803.67,75754.17,75788.9,132
1779884940,75832.63,75832.63,75832.63,75832.63,2
1779885000,75821.92,75876.21,75805.92,75869.13,168
1779885060,75806.81,75829.08,75806.55,75826.99,52
1779885120,75823.42,75838.03,75817.41,75820.54,68
1779885180,75786.08,75788.81,75765.23,75765.25,84
1779885240,75794.57,75803.88,75757.44,75757.71,104
1779885300,75695.38,75721.39,75695.36,75718.18,106
1779885360,75751.49,75866.54,75751.49,75806.68,44
1779885420,75791.42,75796.26,75774.33,75775.95,50
1779885480,75780.13,75788.51,75775.42,75781.94,68
1779885540,75811.14,75845.89,75806.19,75828.24,94
1779885600,75819.3,75830.24,75796.06,75797.44,176
1779885660,75803.02,75829.08,75803.02,75806.35,84
1779885720,75796.6,75796.61,75796.57,75796.6,8
1779885780,75791.98,75791.98,75788.32,75789.42,22
1779885840,75778.69,75800.04,75778.69,75799.52,44
1779885900,75801,75801,75756.04,75759.45,158
1779885960,75759.12,75759.96,75720.48,75722.48,88
1779886020,75705,75714.1,75659.26,75659.95,124
1779886080,75658.58,75661.96,75655.32,75659.48,10
1779886140,75668.16,75701.33,75668.15,75694.27,32
1779886200,75683.59,75707.16,75666.9,75688.6,140
1779886260,75684.47,75711.75,75684.47,75708.66,48
1779886320,75655.57,75659.24,75632.5,75632.5,66
1779886380,75649.01,75661.54,75643.78,75657.95,66
1779886440,75666.28,75682.2,75664.99,75669.83,70
1779886500,75671.74,75671.74,75636.26,75638,108
1779886560,75609.38,75624.81,75606.92,75619.1,16
1779886620,75593.44,75594.87,75573.19,75573.19,24
1779886680,75588.42,75591.28,75588.42,75591.28,24
1779886740,75588.41,75593.59,75571.05,75578.28,56
1779886800,75563.46,75646.26,75561.55,75597.45,270
1779886860,75601.43,75620.2,75540.32,75540.32,218
1779886980,75603.58,75603.58,75603.58,75603.58,2
1779887040,75571.81,75571.84,75564.69,75564.69,16
1779887100,75506.38,75511.26,75413.74,75499.69,192
1779887160,75532.26,75537.22,75497.67,75497.67,60
1779887220,75485.09,75488.98,75468.88,75468.88,76
1779887280,75476.23,75482.76,75427.72,75427.72,84
1779887340,75412.94,75423.77,75383,75387.57,122
1779887400,75380.47,75413.95,75355.54,75373.09,144
1779887460,75403.13,75418.14,75402.29,75407.27,34
1779887520,75391.32,75395.03,75387.24,75394.15,36
1779887580,75381.92,75385.31,75329.31,75332.9,66
1779887640,75299.34,75299.82,75250.53,75268.3,96
1779887760,75259.04,75271.78,75253.22,75268.41,116
1779887820,75256.09,75260.77,75256.09,75260.77,12
1779887880,75291.48,75296.63,75288.03,75291.2,26
1779887940,75328.41,75334.39,75316.44,75316.44,68
1779888000,75329.6,75344.53,75281.51,75285.09,202
1779888060,75280.32,75280.32,75191.12,75202.54,98
1779888120,75224.53,75258.35,75221.05,75254.68,108
1779888180,75228.82,75228.82,75228.82,75228.82,2
1779888240,75241.73,75242.18,75234.61,75235.09,18
1779888300,75243.92,75252.66,75111.24,75111.24,210
1779888360,75146,75166.38,75085.99,75157.08,80
1779888420,75135.47,75147.55,75104.43,75114.38,104
1779888480,75065.79,75115.04,75046.71,75086.45,130
1779888540,75068.65,75068.65,75068.65,75068.65,2
1779888660,75133.11,75207.1,75123.35,75157.45,56
1779888720,75023.01,75053.73,74986.07,75036.54,76
1779888780,75060.9,75095.21,75010.72,75072.6,94
1779888840,75091.62,75138.23,75086.5,75100.74,120
1779888960,75089.1,75089.1,75089.1,75089.1,2
1779889020,75041.07,75068.24,75037.83,75048.73,24
1779889080,74995.42,74996.93,74912.19,74925.38,44
1779889140,74866.49,74866.49,74755.64,74814.51,66
1779889200,74825.99,74858.17,74742.84,74758.54,250
1779889260,74799.45,74833.82,74774.72,74777.49,106
1779889320,74780.42,74825.23,74766.61,74801.13,124
1779889380,74809.14,74832.16,74789.39,74792.42,140
1779889440,74753.32,74764.49,74751.83,74763.8,12
1779889560,74850.94,74855.04,74785.44,74812.66,54
1779889620,74752.01,74803.39,74750.82,74750.96,86
1779889680,74787.12,74859.17,74787.12,74843.8,106
1779889740,74847.54,74858.89,74805.74,74818.6,118
1779889860,74846.01,74846.01,74846.01,74846.01,2
1779889920,74877.4,74879.32,74870.98,74870.98,20
1779889980,74944.45,74951.52,74882.93,74882.93,34
1779890040,74883.55,74890.1,74849.93,74855.17,66
1779890100,74861.12,74863.85,74831.32,74833.52,236
1779890160,74828.11,74837.78,74820.95,74820.96,112
1779890220,74852.04,74943.47,74847.62,74927.08,130
1779890280,74942.92,74942.94,74923.71,74923.71,10
1779890340,74888.59,74899.24,74871.2,74871.79,24
1779890460,75009.47,75074.99,74990.33,75037.6,222
1779890520,75076.55,75082.26,75032.71,75056.46,98
1779890580,75093.38,75142.88,75068.56,75108.53,114
1779890640,75072.21,75092.64,75031.47,75077.41,132
1779890700,75078.82,75086.6,75030.97,75051.05,174
1779890760,74989.02,75003.21,74986.17,74995.85,42
1779890820,74971.75,74974.72,74948.34,74973.32,74
1779890880,74910.06,74926.47,74878.94,74896.07,106
1779890940,74881.03,74885.59,74840.37,74853.63,106
1779891060,74828.19,74828.19,74822.46,74822.46,12
1779891120,74847.01,74850.73,74841.87,74850.73,24
1779891180,74875.87,74884.54,74871.35,74884.54,56
1779891240,74886.14,74895.62,74835.06,74867.83,88
1779891300,74869.91,74920.41,74869.91,74904.46,246
1779891360,74899.6,74900.63,74834.84,74834.84,138
1779891420,74936.62,74945.78,74936.62,74945.42,18
1779891480,74913.31,74914.56,74892.35,74906.42,34
1779891540,74964.43,74986.57,74956.63,74969.28,70
1779891600,75024.35,75037.93,74848.41,74859.58,254
1779891660,74847.17,74886.8,74813.01,74843.65,110
1779891720,74830.89,74839.91,74820.39,74822.12,118
1779891780,74790.09,74790.09,74790.09,74790.09,2
1779891840,74792.77,74792.77,74763.25,74763.25,20
1779891900,74749.25,74813.7,74749.21,74789.77,182
1779891960,74767.68,74809.17,74760.38,74764.59,58
1779892020,74756.43,74769.03,74744.32,74750.17,78
1779892080,74660.47,74698.37,74657.57,74695.76,116
1779892140,74668.52,74721.35,74644.36,74712.17,140
1779892260,74824.25,74849.69,74814.15,74834.59,46
1779892320,74920.17,74920.17,74863.17,74863.17,70
1779892380,74763.43,74833.72,74734.67,74734.67,94
1779892440,74711.87,74846.06,74703.43,74835.7,110
1779892560,74843.81,74843.81,74843.81,74843.81,2
1779892620,74852.58,74852.65,74817.93,74817.93,20
1779892680,74920.74,74934.22,74920.74,74926.62,36
1779892740,74997.61,74997.61,74942.86,74948.87,64
1779892800,74957.36,75003.98,74938.49,74966.99,206
1779892860,74969.52,74970.18,74927.57,74934.08,96
1779892920,74929.35,74932.75,74868.69,74878.45,94
1779892980,74858.75,74908.29,74833.99,74908.29,136
1779893040,74929.06,74929.06,74925.22,74925.28,14
1779893100,74939.6,74976.94,74918.44,74971.94,230
1779893220,75007.57,75007.57,74972.43,74991.9,82
1779893280,75010.86,75010.86,74943.4,74943.43,90
1779893340,74907.93,74918,74891.14,74897.94,110
1779893400,74868.11,74943.22,74857.92,74931.33,134
1779893460,74930.48,74938.48,74906.51,74912.89,30
1779893520,74897.25,74939.6,74894.63,74938.72,52
1779893580,74956.83,74966.14,74941.93,74964.28,64
1779893640,74965.31,74977.11,74949.11,74977.08,86
1779893700,74975.9,74975.9,74914.4,74917.5,220
1779893760,74917.48,74939.97,74887.82,74907.7,132
1779893820,74892.69,74909.42,74886.33,74903.02,30
1779893880,74908.17,74909.93,74892.94,74895.4,50
1779893940,74903.98,74921.29,74903.95,74921.28,52
1779894060,74888.54,74947.85,74877.69,74909.5,254
1779894120,74905.88,74931.67,74898.35,74909.96,122
1779894180,74884.68,74900.11,74884.68,74894.8,8
1779894240,74969.52,74984.61,74969.52,74981.99,24
1779894300,74915.97,74922.02,74858.26,74869.53,160
1779894360,74870.17,74926.86,74870.17,74921.71,68
1779894420,74917.11,74917.23,74906.48,74917.23,72
1779894480,74941.47,74941.47,74898.98,74907.57,80
1779894540,74922.57,74948.05,74918.83,74947.56,88
1779894600,74965.82,75013.88,74930.7,74999.25,238
1779894660,75001.12,75011.18,75001.12,75006.57,18
1779894720,74951.48,74960.38,74950.27,74960.38,36
1779894780,74963.33,74966.97,74955.11,74955.11,38
1779894840,74975.9,74994.53,74975.9,74993.33,58
1779894960,74968.87,74998.44,74968.67,74998.44,76
1779895020,75047.9,75074.82,75039.09,75048.51,124
1779895080,75043.57,75057.87,75040.17,75056.25,26
1779895140,75099.14,75106.03,75083.2,75084.26,44
1779895200,75075.45,75158.39,75074.57,75125.39,204
1779895260,75158.21,75236.09,75158.21,75219.31,100
1779895320,75120.74,75183.47,75106.04,75180.42,110
1779895380,75119.85,75130.13,75095.14,75130.13,116
1779895440,75119.36,75157.31,75119.36,75152.23,116
1779895500,75240.01,75251.95,75206.46,75223.38,180
1779895560,75222.29,75222.29,75194.51,75194.74,44
1779895620,75228.77,75229.68,75192.88,75195.82,56
1779895680,75150.81,75213.13,75146.93,75207.69,100
1779895740,75178.53,75220.24,75178.44,75206.27,104
1779895800,75221.84,75336.64,75207.08,75312.67,268
1779895860,75312.69,75389.33,75302.23,75342.5,168
1779895920,75313.03,75325.44,75312.31,75312.31,24
1779895980,75279.11,75281.91,75272.64,75281.91,40
1779896040,75283.45,75283.45,75237.14,75239.81,60
1779896100,75293.1,75313.95,75264.49,75267.52,228
1779896160,75281.27,75299.87,75271.31,75293.44,104
1779896220,75324.75,75324.75,75263.59,75291.52,124
1779896280,75328.94,75330.76,75324,75330.76,18
1779896340,75275.84,75280.73,75273.15,75274.14,36
1779896400,75255.63,75310.89,75255.63,75297.48,192
1779896460,75290.03,75292.49,75286.04,75289.49,36
1779896520,75262.15,75274.91,75254.72,75274.34,82
1779896580,75158.1,75175.29,75136.11,75171.53,136
1779896640,75118.84,75121.08,75118.84,75121.08,8
1779896760,75130.27,75132.28,75119.4,75121.1,38
1779896820,75157.83,75161.89,75117.56,75125.97,60
1779896880,75166.39,75166.39,75124.85,75130.47,78
1779896940,75174.41,75174.41,75126.72,75149.48,90
1779897000,75184.92,75290.86,75184.92,75275.86,264
1779897060,75263.74,75263.74,75178.44,75193.42,130
1779897120,75175.04,75175.04,75159.6,75159.6,10
1779897180,75191.79,75204.29,75191.79,75203.8,24
1779897240,75191.07,75194.01,75174.23,75177.32,36
1779897300,75133.35,75140.76,75088.69,75105.82,188
1779897360,75120.26,75134.56,75112.65,75133.17,50
1779897420,75157.57,75169.22,75151.23,75162.71,90
1779897480,75157.05,75167.89,75156.63,75166.98,74
1779897540,75183.95,75196.7,75183.95,75196.68,72
1779897660,75223.6,75270.75,75223.6,75233.23,174
1779897720,75227.43,75227.44,75217.88,75222,38
1779897780,75224.82,75248.84,75222.6,75247.1,66
1779897840,75106.54,75140.57,75080.78,75113.7,118
1779897900,75105.68,75131.35,75077.24,75083.57,218
1779897960,75080.18,75129.34,75076.69,75129.34,120
1779898020,75110.63,75110.63,75097.51,75106.01,12
1779898080,75103.69,75108.45,75060.75,75074.67,34
1779898140,75144.87,75151.42,75139.83,75142.6,50
1779898200,75135.23,75173.22,75135.23,75167.95,162
1779898260,75172.41,75208.38,75154.73,75208.13,90
1779898320,75171.52,75172.21,75171.52,75172.21,4
1779898380,75166.56,75166.95,75160.53,75160.55,20
1779898440,75145.13,75145.43,75140.65,75140.65,30
1779898560,75161.42,75161.44,75135.6,75146.23,68
1779898620,75036.73,75054.24,75019.19,75042.71,88
1779898680,75021.66,75030.39,74989.71,75011.94,112
1779898740,74976.17,74996.59,74935.93,74964.49,148
1779898800,74969.06,75005.95,74916.67,74925.62,156
1779898860,74905.84,74961.26,74905.84,74957.65,48
1779898920,74954.12,74971.12,74941.84,74946.68,54
1779898980,74931.32,74952.01,74931.32,74946.64,70
1779899040,74943.12,74961.42,74937.28,74959.83,88
1779899100,74937.03,74977.02,74928.77,74957.59,254
1779899160,74957.55,74989.83,74953.53,74982.69,122
1779899220,75006.51,75016.2,75006.51,75016.2,28
1779899280,74955.49,74975.71,74952.11,74974.66,34
1779899340,74965.31,74977.28,74952.22,74962.12,60
1779899460,74959.19,74962.75,74911,74943.57,104
1779899520,74974.9,74998.23,74962.86,74995.5,106
1779899580,75019.66,75024.15,75019.6,75024.15,8
1779899640,74989.56,74993.37,74977.69,74978.94,28
1779899700,74925.35,74944.32,74881.67,74883.48,154
1779899760,74870.59,74905.25,74861.76,74898.36,68
1779899820,74898.96,74918.11,74898.96,74915.72,74
1779899880,74921.19,74949.93,74911.16,74947.72,86
1779899940,74918.93,74949.02,74918.93,74931.32,102
1779900000,74931.92,74931.92,74898.23,74925.47,90
1779900060,74941.76,74950.63,74937.12,74949.95,28
1779900120,74986.85,74993.18,74980.6,74993.18,50
1779900180,75007.9,75012.41,75003.43,75012.4,58
1779900240,75015.72,75018.87,75004.9,75010.52,66
1779900300,75009.53,75024.32,74985.18,75013.86,188
1779900360,75013.81,75020.51,74982.21,75019.93,104
1779900420,75023.3,75023.71,75023.18,75023.71,8
1779900480,75009.41,75009.41,74997.77,75000.46,26
1779900540,75006.36,75043.37,75006.36,75038.58,38
1779900600,75061.26,75097.12,75061.26,75087.52,162
1779900660,75104.68,75130.55,75100.95,75119.07,66
1779900720,75147.56,75149.91,75139.18,75142.75,84
1779900780,75120.06,75120.06,75090.79,75099.44,80
1779900840,75128.13,75166.78,75122.06,75136.61,106
1779900900,75142.89,75149.14,75130.83,75148.08,84
1779900960,75164.65,75165.21,75161.22,75161.68,30
1779901020,75126.45,75154.08,75126.45,75153.49,52
1779901080,75174.61,75174.61,75168.17,75169.94,48
1779901140,75149.49,75171.94,75149.49,75165.64,70
1779901200,75167.4,75183.54,75159,75176.15,172
1779901260,75176.19,75177.27,75058.74,75060.18,176
1779901320,75057.77,75119.41,75032.34,75119.11,176
1779901380,75127.83,75139.53,75113.45,75116.96,62
1779901440,75184.25,75215.1,75153.27,75193.08,86
1779901500,75193.91,75209.19,75174.9,75187.06,206
1779901560,75187.69,75196.91,75163.26,75164.11,106
1779901620,75117.29,75117.29,75096.47,75096.47,20
1779901680,75042.46,75055.43,75042.39,75048.5,32
1779901740,75027.82,75031.84,75000.9,75004.5,54
1779901800,74982.46,75030.44,74977.41,75002.62,190
1779901860,75007.01,75019.49,74998.89,75013.45,84
1779901920,74917.89,74918.76,74883.9,74906.92,134
1779901980,74854.84,74902.8,74854.3,74867.01,132
1779902040,74847.66,74854.63,74847.25,74854.63,12
1779902160,74783.67,74830.21,74778.22,74822.61,58
1779902220,74822.4,74836.39,74806.06,74810.27,66
1779902280,74839.73,74852.39,74836.06,74837.02,64
1779902340,74842.28,74851.48,74822.74,74837.4,94
1779902460,74845.77,74853.37,74845.77,74853.37,8
1779902520,74924.9,74930.58,74921.74,74930.58,24
1779902580,74926.35,74929.28,74922.24,74925.6,36
1779902640,74875.7,74902.97,74875.7,74902.65,42
1779902700,74907.65,74910.13,74873.8,74894.99,170
1779902760,74909.45,74909.45,74882.13,74882.13,66
1779902820,74831.07,74831.07,74766.56,74803.79,124
1779902880,74759.27,74827.84,74759.27,74826.02,92
1779902940,74864.67,74873.97,74855.26,74873.97,16
1779903060,74839.78,74884.65,74839.78,74867.41,48
1779903120,74845.01,74846.71,74826.26,74838.77,56
1779903180,74803.12,74868.06,74796.64,74853.34,98
1779903240,74866.78,74868.67,74833.36,74856.47,90
1779903360,74808.17,74820.15,74808.17,74820.15,10
1779903420,74841.26,74842.86,74838.21,74842.63,28
1779903480,74869.13,74871.53,74855.46,74866.34,54
1779903540,74906.12,74908,74867.93,74885.06,72
1779903600,74855.67,74874.96,74808.8,74819.69,202
1779903660,74822.4,74824.04,74770.36,74804.93,112
1779903720,74802.96,74817.86,74778.56,74783.35,126
1779903780,74738.88,74743.67,74738.75,74743.67,8
1779903840,74788.5,74788.5,74784.46,74787.85,6
1779903960,74786.77,74804.03,74750.37,74754.55,58
1779904020,74815.33,74832.57,74810.76,74820.98,66
1779904080,74778.97,74790.87,74777,74782.5,72
1779904140,74796.76,74819.88,74784.62,74809.3,120
1779904200,74796.05,74813.01,74776.62,74807.23,182
1779904260,74807.27,74807.27,74806.41,74807.26,12
1779904320,74822.11,74823.45,74818.11,74821.48,26
1779904380,74817.22,74818.09,74798.42,74817.06,46
1779904440,74783.44,74785.49,74773.36,74773.36,60
1779904500,74752.89,74778.6,74750.5,74756.72,170
1779904560,74753.38,74774.66,74527.98,74586.92,138
1779904620,74681.73,74687.58,74677.58,74680.41,10
1779904680,74661.48,74680.25,74661.48,74680.25,24
1779904740,74759.98,74762.23,74725.73,74735.56,52
1779904800,74724.97,74750.36,74655.7,74706.25,282
1779904860,74712.53,74760.24,74687.44,74734.99,242
1779904920,74747.47,74788.98,74747.47,74758.9,126
1779904980,74743.89,74769.98,74742.38,74767.41,100
1779905040,74787.55,74787.55,74759.68,74764.97,18
1779905100,74731.71,74749.6,74684.09,74724.17,172
1779905160,74728.42,74746.63,74725.03,74737.92,46
1779905220,74732.7,74741.25,74703.73,74730.4,72
1779905280,74716.35,74741.39,74712.95,74741.39,82
1779905340,74759.95,74765.03,74700.96,74720.23,98
1779905460,74692.81,74692.81,74682.05,74686.32,14
1779905520,74665.83,74673.86,74637.84,74647.98,52
1779905580,74652.78,74652.78,74577.29,74584.38,76
1779905640,74558.74,74598.78,74525.87,74580.08,100
1779905760,74599.73,74659.09,74557.16,74659.09,124
1779905820,74598.07,74609.07,74590.67,74608.31,128
1779905880,74668.87,74668.87,74656.47,74656.47,20
1779905940,74674.95,74676.68,74655.37,74655.37,32
1779906000,74704.38,74708.2,74660.51,74660.51,148
1779906060,74647.56,74672.4,74615.43,74624.79,84
1779906120,74675.69,74732.73,74656.16,74719.79,94
1779906180,74724.08,74739.07,74707.02,74709.41,118
1779906240,74714.59,74714.59,74714.37,74714.37,8
1779906300,74729.38,74737.4,74704.17,74736.42,130
1779906360,74741.55,74757.36,74741.55,74749.45,38
1779906420,74760.56,74781.08,74760.56,74766.42,66
1779906480,74756.3,74756.3,74704.14,74711.03,76
1779906540,74739.53,74767.31,74731.93,74767.31,98
1779906660,74760.18,74780.89,74752.84,74764.57,48
1779906720,74764.21,74780.96,74750.41,74756.99,66
1779906780,74763.76,74770.56,74760.87,74768.04,54
1779906840,74748.27,74769.33,74746.54,74746.54,92
1779906960,74784.55,74784.55,74781.17,74781.17,4
1779907020,74770.61,74773.53,74753.4,74763.48,36
1779907080,74743.01,74757.66,74742.97,74756.83,38
1779907140,74787.14,74811.85,74787.14,74811.23,56
1779907200,74792.8,74803.21,74782.11,74791.99,152
1779907260,74792.02,74835.94,74792.01,74800.76,116
1779907320,74817.41,74830.86,74817.41,74830.86,10
1779907380,74858.32,74861.16,74839.65,74839.79,26
1779907440,74834.4,74839.11,74834.4,74839.1,48
1779907560,74829.01,74838.53,74825.79,74828.42,64
1779907620,74810.04,74813.04,74805.82,74808.29,44
1779907680,74823.39,74828.12,74823.39,74827.6,52
1779907740,74832.3,74848.75,74815.47,74825.14,82
1779907800,74838.35,74863.69,74838.35,74844.47,98
1779907860,74836.39,74845.44,74828.12,74836.6,26
1779907920,74879.21,74883.76,74871.57,74871.66,36
1779907980,74880.2,74899.62,74861.5,74869.06,78
1779908040,74832.62,74836.15,74825.1,74826.47,74
1779908160,74868.05,74880.1,74868.05,74879.32,18
1779908220,74861.54,74866.88,74861.38,74866.88,22
1779908280,74839.02,74860.17,74837.76,74860.17,50
1779908340,74864.81,74865.58,74860.8,74862.19,54
1779908400,74883.99,74891.99,74853.05,74864.26,210
1779908520,74883.75,74883.75,74880.36,74880.8,6
1779908580,74884.38,74903.14,74884.38,74903.14,18
1779908640,74873.45,74893.45,74873.45,74878.19,36
1779908700,74904.13,74912.3,74873,74910.16,154
1779908760,74907.52,74907.52,74888.74,74894.11,50
1779908820,74874.27,74874.27,74842.28,74842.49,78
1779908880,74842.77,74865.39,74818.63,74838.78,120
1779908940,74828,74830.96,74827.48,74830.96,8
1779909000,74871.49,74871.54,74859.34,74860.32,12
1779909060,74818.89,74832.08,74818.37,74823.5,38
1779909120,74825.44,74830,74821.92,74830,24
1779909180,74868.04,74904.29,74862.58,74902.3,68
1779909240,74887.98,74892.56,74868.29,74886.75,84
1779909300,74892.21,74923.41,74868.44,74904.44,204
1779909360,74906.83,74909.02,74888.35,74888.44,88
1779909420,74895.65,74896.22,74892.82,74896.21,8
1779909480,74890.55,74890.55,74886.13,74889.69,18
1779909540,74878.46,74881.68,74864.18,74869.75,50
1779909600,74845.73,74865.03,74845.73,74853.98,132
1779909660,74862.79,74862.89,74843.61,74849.16,58
1779909720,74842.93,74849.7,74839.69,74849.64,78
1779909780,74879.17,74914.6,74877.91,74910.94,84
1779909840,74891.69,74893.83,74891.69,74893.78,8
1779909900,74930.49,74930.49,74884.5,74889.17,148
1779909960,74900.34,74900.34,74894.25,74899.74,34
1779910020,74908.3,74912.32,74885.09,74897.18,44
1779910080,74894.18,74911.92,74894.18,74903.49,56
1779910140,74902.58,74902.58,74875.05,74880.28,76
1779910260,74899.21,74908.41,74899.21,74903.63,26
1779910320,74919.87,74931.67,74904.89,74909.05,44
1779910380,74933.77,74955.64,74923.75,74935.6,76
1779910440,74913.44,74913.44,74886.69,74888.29,72
1779910500,74892.43,74900.01,74846.87,74884.23,182
1779910560,74884.24,74903.14,74865.3,74881.93,84
1779910620,74880.47,74883.2,74880.47,74883.2,8
1779910680,74921.28,74921.28,74887.39,74893.93,38
1779910740,74900.31,74905.13,74900.29,74903.97,44
1779910800,74901.92,74901.92,74875.79,74893.75,110
1779910860,74901.03,74901.03,74878.65,74879.92,68
1779910920,74890.34,74891.36,74840.99,74840.99,122
1779910980,74835.66,74854.33,74835.66,74854.33,10
1779911040,74850.19,74850.23,74826.51,74826.51,14
1779911160,74845.68,74852.94,74845.68,74851.65,50
1779911220,74850.4,74872.44,74850.4,74872.4,58
1779911280,74878.58,74896.9,74869.2,74896.9,82
1779911340,74872.42,74872.42,74836.01,74836.87,120
1779911400,74812.9,74845.18,74791.06,74844.58,128
1779911460,74858.21,74872.07,74858.21,74868.25,22
1779911520,74870.31,74870.31,74866.16,74870.18,24
1779911580,74899.6,74909.22,74894.37,74907.33,46
1779911640,74894.4,74913.06,74884.72,74907.52,52
1779911700,74916.8,74923.49,74905.06,74913.33,158
1779911760,74916.73,74923.36,74895.49,74899.36,88
1779911820,74916.92,74916.92,74916.92,74916.92,2
1779911880,74918.47,74919.04,74910.38,74919.04,22
1779911940,74912.09,74919.08,74908.04,74909.48,42
1779912060,74939.94,74947.79,74904.85,74945.25,166
1779912120,74982.75,75012.3,74979.8,75000.84,88
1779912180,75022.57,75026.35,75008.13,75013.25,104
1779912240,75031.06,75041.77,75008.79,75008.79,20
1779912300,75018.25,75057.5,74980.7,75047.97,172
1779912360,75040.41,75088.48,75040.41,75072.27,48
1779912420,75096.96,75096.96,75066.67,75089.49,88
1779912480,75084.05,75110.94,75077.54,75107.78,104
1779912540,75107.92,75111.28,75105.45,75111.25,56
1779912600,75128.81,75140.32,75098.39,75119.05,144
1779912660,75122.3,75126.17,75118.42,75126.17,24
1779912720,75120.85,75124.79,75105.56,75105.56,52
1779912780,75132.7,75132.78,75121.08,75127.2,46
1779912840,75144.45,75144.45,75139.39,75139.95,32
1779912960,75185.96,75185.96,75144.72,75170.92,112
1779913020,75187.81,75193.14,75187.06,75187.06,12
1779913080,75193.38,75197.25,75192.96,75193.88,24
1779913140,75232.78,75236.37,75231.16,75235.31,28
1779913260,75244.13,75244.13,75189.27,75194.92,66
1779913320,75173.14,75187.71,75173.14,75186.01,66
1779913380,75175.99,75179.31,75158.45,75167.23,84
1779913440,75155.54,75174.1,75152.14,75169.21,104
1779913500,75146.97,75157.54,75146.97,75153.88,84
1779913560,75166.03,75169.78,75166.03,75169.77,22
1779913620,75174.27,75188.35,75170.15,75185.15,46
1779913680,75181.4,75181.65,75166.74,75168.93,50
1779913740,75126.71,75147.78,75126.71,75143.05,92
1779913800,75130.03,75147.01,75116.54,75146.38,152
1779913860,75146.39,75148.75,75143.3,75143.58,78
1779913920,75148.69,75149.04,75148.69,75149.04,16
1779913980,75094.54,75094.57,75087.3,75087.3,34
1779914040,75089.32,75090.81,75086.18,75086.22,34
1779914100,75086.96,75093.07,75086.62,75093.07,74
1779914160,75089,75105.63,75089,75105.59,68
1779914220,75103.16,75133.41,75103.16,75114.41,76
1779914280,75120.8,75120.93,75115.31,75119.24,8
1779914340,75124.57,75124.95,75120.67,75124.95,22
1779914400,75086.41,75108.59,75080.64,75103.54,106
1779914460,75107.47,75107.57,75073.42,75080.53,40
1779914520,75091.79,75106.62,75088.69,75092.48,58
1779914580,75104.31,75107.97,75104.19,75104.54,50
1779914640,75108.07,75108.07,75102.49,75106.06,54
1779914760,75118.16,75119.32,75114.4,75119.32,20
1779914820,75114.14,75125.64,75112.29,75125.64,36
1779914880,75117.32,75139.32,75116.86,75134.94,56
1779914940,75139.48,75146.9,75139.03,75142.43,38
1779915000,75148.57,75149.35,75129.91,75133.36,105
1779915060,75132.67,75136.5,75130.78,75133.36,66
1779915120,75130.98,75135.73,75130.98,75135.73,14
1779915180,75127.96,75131.51,75127.79,75130.68,22
1779915240,75094.71,75103.85,75094.44,75103.85,24
1779915300,75113.08,75134.74,75113.08,75126.3,80
1779915360,75129.69,75141.11,75129.69,75141.11,50
1779915420,75148.02,75148.34,75133.43,75136.69,54
1779915480,75143.36,75147.1,75143.36,75144.53,60
1779915540,75136.91,75136.91,75136.91,75136.91,2
1779915900,75056.32,75056.86,75052.07,75053.5,56
1779915960,75055.51,75080.87,75052.12,75074.13,32
1779916020,75093.49,75093.49,75087.91,75087.91,22
1779916080,75056.66,75081.01,75056.66,75072.55,62
1779916140,75031.65,75032.23,75026.17,75031.46,72
1779916200,75018.43,75021.79,75018.23,75021.65,48
1779916260,75020.99,75024.58,75020.99,75021.38,54
1779916320,75033.75,75033.75,75033.75,75033.75,2
1779916380,75033.08,75047.2,75033.06,75046.7,20
1779916440,75092.88,75092.88,75069.59,75073.38,36
1779916500,75028.84,75060.26,75028.82,75041.51,138
1779916560,75058.33,75071.74,75044.85,75069.28,87
1779916620,75069.48,75072.48,75044.82,75044.82,74
1779916680,75049.29,75049.32,75049.29,75049.31,6
1779916740,75021.27,75021.37,75014.8,75014.83,24
1779916800,75025.63,75029.47,75022.53,75029.38,70
1779916860,75029.43,75029.95,75026.07,75029.67,24
1779916920,75032.99,75042.42,75029.58,75036.85,56
1779916980,75037.78,75041.22,75036.12,75039.73,46
1779917040,75041.85,75041.85,75037.79,75041.51,52
1779917100,75042.15,75051.71,75042.15,75046.19,10
1779917160,75044.89,75045.57,75044.89,75045.55,14
1779917220,75044.92,75044.92,75041.41,75044.81,14
1779917280,75010.63,75015.84,74997.34,75001.09,66
1779917340,74982.94,74986.95,74966.42,74976.9,56
1779917460,74958.98,74964.58,74951.39,74964.55,78
1779917520,74971.17,74971.17,74966.88,74966.88,22
1779917580,74944.64,74944.75,74897.89,74901.07,60
1779917640,74904.78,74906.01,74901.73,74906.01,48
1779917700,74819.25,74855.08,74776.71,74786.53,228
1779917760,74776.77,74795.45,74776.77,74795.42,80
1779917820,74795.33,74814.87,74791.96,74814.87,10
1779917880,74810.23,74834.06,74810.22,74829.65,38
1779917940,74824.1,74826,74821.26,74824.7,32
1779918000,74748.64,74748.64,74413.18,74497.76,222
1779918060,74615.94,74622.05,74542.08,74586.54,110
1779918120,74628.99,74663.21,74598.83,74653.39,114
1779918180,74638.34,74641.89,74588.23,74588.23,144
1779918240,74575.34,74575.34,74562.43,74567.21,28
1779918360,74456.89,74458.03,74364.23,74380.13,76
1779918420,74367.38,74367.38,74228.47,74276.2,96
1779918480,74370.29,74377.57,74322.9,74336.06,116
1779918540,74338.34,74378.79,74318.01,74348.64,140
1779918660,74305.59,74328.98,74280.58,74328.98,32
1779918720,74321.73,74321.98,74283.23,74285.69,50
1779918780,74279.74,74285.71,74221.27,74221.48,70
1779918840,74274.33,74278.45,74215.18,74215.54,94
1779918900,74241.38,74273.27,74214.55,74246.03,240
1779918960,74244.31,74262.17,74208.34,74249.29,124
1779919020,74220.47,74240.87,74209.51,74235.88,156
1779919080,74252.5,74253.15,74249.45,74253.15,14
1779919140,74291.35,74307.65,74291.19,74307.65,44
1779919260,74257.97,74465.47,74254.15,74463.15,272
1779919320,74496.42,74547,74472.96,74529.69,132
1779919380,74457.93,74588.22,74457.93,74542.95,162
1779919440,74548.21,74575.26,74548.21,74563.23,14
1779919500,74533.7,74590.24,74530.26,74583.02,198
1779919560,74595.53,74649.78,74565.56,74649.78,66
1779919620,74597.27,74606.49,74571.35,74592.02,74
1779919680,74541.8,74553.98,74474.53,74487.44,96
1779919740,74478.49,74488.81,74435.87,74452.91,104
1779919860,74303.79,74317.58,74302.86,74312.07,18
1779919920,74266.17,74304.14,74259.68,74282.47,56
1779919980,74251.27,74279.54,74220.16,74235.59,86
1779920040,74194.41,74272.94,74191.74,74264.92,116
1779920160,74170.19,74217.49,74164.48,74212,156
1779920220,74357.39,74371.25,74327.49,74342.79,30
1779920280,74363.61,74370.62,74314.97,74370.62,56
1779920340,74437.5,74443.02,74399.64,74402.42,82
1779920400,74375.63,74414.55,74346.56,74379.22,210
1779920460,74387.58,74441.87,74387.58,74438.8,116
1779920520,74433.27,74459.6,74426.2,74451.28,118
1779920580,74428.05,74448.07,74428.05,74438.13,26
1779920640,74418.9,74420.81,74385.27,74409.84,38
1779920700,74420.89,74435.59,74389.86,74423.3,158
1779920760,74429.27,74441.81,74425.01,74441.81,72
1779920820,74441.64,74480.84,74440.55,74478.17,78
1779920880,74476.46,74514.72,74476.46,74509.87,132
1779920940,74514.55,74514.55,74504.9,74505.49,14
1779921000,74476.41,74477.13,74349.1,74391.28,270
1779921060,74395.77,74408.82,74390.25,74400.62,58
1779921120,74427.46,74434.43,74419.51,74422.95,72
1779921180,74493.32,74512.28,74474.47,74477.02,110
1779921240,74456.7,74490.01,74456.7,74490.01,112
1779921300,74487.94,74519.65,74477.19,74515.35,130
1779921360,74513.71,74513.71,74483.06,74483.59,36
1779921420,74479.13,74481.2,74468.93,74468.93,50
1779921480,74502.58,74502.58,74492.92,74498.27,58
1779921540,74489.51,74509.75,74489.42,74506.14,84
1779921600,74505.69,74547.64,74505.69,74527.04,210
1779921660,74542.96,74545.13,74511.75,74513.93,118
1779921720,74507.23,74508.48,74505.07,74508.48,14
1779921780,74543.79,74551.89,74540.28,74540.28,30
1779921840,74541.09,74541.09,74491.65,74506.36,68
1779921960,74532.64,74541.15,74521.44,74525.93,74
1779922020,74500.53,74500.93,74463.73,74486.21,90
1779922080,74434.34,74464.03,74434.33,74463.36,18
1779922140,74450.64,74450.64,74407.61,74407.61,32
1779922200,74417.09,74417.09,74390.28,74390.28,152
1779922260,74412.39,74436.96,74407.94,74432.45,56
1779922320,74378.36,74422.02,74378.33,74415.12,92
1779922380,74421.18,74421.18,74397.44,74408.53,80
1779922440,74430.87,74430.88,74430.87,74430.87,6
1779922500,74401.43,74411.16,74400.58,74411.16,16
1779922560,74324.28,74342.19,74315.24,74342.19,34
1779922620,74372.19,74373.84,74341.41,74367.36,52
1779922680,74369.05,74374.37,74365.52,74369.82,48
1779922740,74312.76,74317.53,74312.23,74313.2,76
1779922800,74308.09,74314.3,74238.42,74308.29,264
1779922920,74293.81,74308.93,74293.81,74299.55,22
1779922980,74354.51,74356.12,74343.98,74344.5,46
1779923040,74359.38,74359.86,74323.88,74358.24,44
1779923100,74346.66,74346.98,74273.52,74277.89,178
1779923160,74276.15,74297.46,74269.48,74288.22,88
1779923220,74286.25,74290,74286.25,74290,8
1779923280,74320.13,74320.13,74311.06,74312.33,28
1779923340,74318.86,74325.39,74311.31,74322.69,40
1779923400,74318.25,74366.21,74289.44,74361.58,164
1779923460,74358.43,74358.63,74333.86,74337.38,76
1779923520,74333.84,74336.77,74325.21,74333,100
1779923580,74339.35,74339.35,74339.31,74339.31,4
1779923640,74321.3,74324.44,74321.3,74323.92,20
1779923760,74384.97,74402.56,74384.97,74401.25,46
1779923820,74394.3,74458.4,74388.34,74425.48,88
1779923880,74449.69,74452.96,74414.93,74429.83,82
1779923940,74412.57,74412.57,74376.33,74383.03,98
1779924000,74401.75,74408.43,74401.7,74408.36,18
1779924060,74369.37,74369.37,74321.43,74327.38,36
1779924120,74308.08,74316.28,74302.36,74302.36,60
1779924180,74213.73,74237.85,74196.02,74215.45,80
1779924240,74205.22,74225.32,74191.13,74202.6,98
1779924360,74167.17,74167.2,74161.96,74167.2,8
1779924420,74154.22,74170.29,74154.08,74166.43,28
1779924480,74164.28,74164.73,74121.71,74144.07,34
1779924540,74174.76,74176.69,74147.11,74157.63,52
1779924660,74192.86,74207.18,74192.41,74206.13,66
1779924720,74252.45,74273.17,74233.19,74269.83,124
1779924780,74238.94,74238.94,74219.06,74221.18,8
1779924840,74210.14,74210.14,74200.55,74209.77,30
1779924900,74195.47,74195.64,74135.31,74183.7,194
1779924960,74158.1,74176.86,74145.04,74174.54,80
1779925020,74168.79,74170.43,74154.16,74169.35,80
1779925080,74164.38,74172.24,74159.33,74159.33,82
1779925140,74171.92,74198.29,74171.92,74198.29,10
1779925200,74209.25,74226.8,74205.09,74213.14,114
1779925260,74203.41,74211.42,74188.91,74210.58,42
1779925320,74212.86,74234.81,74209.41,74209.41,56
1779925380,74194.91,74216.61,74190.48,74211.44,72
1779925440,74219.06,74240.76,74215.54,74220.33,116
1779925500,74260.99,74311.01,74243.92,74305.64,208
1779925560,74305.62,74310.43,74301.06,74310.43,42
1779925620,74331.7,74341.86,74331.04,74338.33,54
1779925680,74341.92,74363.12,74339.52,74360.37,84
1779925740,74362.29,74374.14,74361.62,74370.68,84
1779925800,74366.59,74369.87,74346.29,74347.81,110
1779925860,74354.14,74354.14,74345.91,74346.65,34
1779925920,74269.88,74269.88,74199.28,74236.72,58
1779925980,74216.97,74233.94,74212,74232.66,54
1779926040,74265.84,74268.33,74259.52,74266.44,68
1779926160,74307.94,74307.94,74307.85,74307.85,4
1779926220,74319.55,74326.98,74319.55,74326.36,14
1779926280,74355.96,74362.59,74341.06,74345.99,36
1779926340,74326.44,74340.6,74326.39,74331.48,46
1779926460,74398.65,74434.89,74356.79,74382.95,214
1779926520,74391.51,74399.78,74378.23,74393.59,98
1779926580,74422.69,74424.36,74416.73,74416.73,10
1779926640,74434.97,74435.71,74426.48,74430.3,32
1779926700,74429.95,74466.42,74420,74463.38,144
1779926760,74447.17,74448.68,74407.27,74412.88,54
1779926820,74412.35,74412.35,74358.68,74378.23,72
1779926880,74377.68,74395.61,74377.26,74393.68,70
1779926940,74406.22,74435.47,74404.91,74435.47,62
1779927060,74349.07,74350.85,74345.2,74345.2,20
1779927120,74333.94,74336.59,74318.95,74327.65,36
1779927180,74318.57,74330.4,74305.83,74327.75,58
1779927240,74331.29,74366.89,74331.29,74360.07,76
1779927300,74313.95,74350.95,74287.44,74350.95,206
1779927360,74352.39,74376.66,74352.39,74373.92,110
1779927420,74371.11,74375.61,74371.05,74375.61,8
1779927480,74417.6,74420.84,74410.26,74416.66,20
1779927540,74436.23,74439.67,74430.88,74431.41,26
1779927600,74396.41,74399.77,74358.52,74399.77,166
1779927660,74417.32,74424.07,74417.24,74423.48,50
1779927720,74437.74,74443.47,74427.96,74431.38,64
1779927780,74435.29,74438.52,74407.33,74408.16,72
1779927840,74405.34,74408.68,74379.81,74403.09,82
1779927900,74362.19,74371.67,74236.21,74240.86,126
1779927960,74247.38,74269.41,74241.05,74269.41,26
1779928020,74308.31,74313.04,74301.09,74312.75,40
1779928080,74299.34,74299.34,74256.95,74275.17,60
1779928140,74304.56,74355.35,74304.51,74346.07,82
1779928260,74371.78,74372.86,74344.23,74347.7,94
1779928320,74371.01,74371.01,74366.86,74366.86,4
1779928380,74408.04,74408.04,74387.12,74395.71,18
1779928440,74383.33,74400.19,74379.81,74391.21,34
1779928500,74418.35,74438.28,74412.68,74432.46,140
1779928560,74435.73,74435.73,74411.15,74419.88,54
1779928620,74400.76,74430.51,74397.65,74420.26,80
1779928680,74413.45,74414.19,74396.48,74408.65,70
1779928740,74419.08,74434.88,74408.17,74411.96,76
1779928800,74407.83,74426.54,74387.28,74416.01,100
1779928860,74406.09,74426.06,74406.09,74406.82,26
1779928920,74408.43,74421.76,74397.24,74421.35,52
1779928980,74432.57,74436.05,74419.89,74427.86,62
1779929040,74422.05,74445.57,74422.05,74440.09,86
1779929160,74429.88,74435.82,74428.17,74434.47,68
1779929220,74429.81,74438.26,74424.57,74433.06,32
1779929280,74394.68,74424.27,74394.63,74422.74,48
1779929340,74400.84,74402.04,74395.16,74395.47,42
1779929400,74391.52,74402.15,74382.47,74393.17,136
1779929460,74381.08,74382.31,74343.72,74344.72,98
1779929520,74319.74,74352.95,74319.74,74344.38,14
1779929580,74355.29,74357.88,74355.29,74357.88,18
1779929640,74383.06,74398.6,74380.51,74392.13,42
1779929700,74408.21,74414.57,74346.38,74385.25,158
1779929760,74373.21,74382.76,74337.67,74340.06,74
1779929820,74364.79,74371.49,74359.61,74364.04,70
1779929880,74386.56,74386.56,74383.11,74383.11,6
1779929940,74453.05,74453.05,74429.58,74437.47,36
1779930060,74441.92,74447.06,74423.64,74439.12,166
1779930120,74424.72,74443.45,74417.84,74422.22,80
1779930180,74448.41,74448.41,74415.11,74438.4,80
1779930240,74458.56,74461.01,74438.86,74446.23,84
1779930300,74419.63,74425.96,74378.23,74382.17,142
1779930360,74379.8,74391.62,74379.8,74391.09,42
1779930420,74416.6,74425.14,74388.72,74394.89,52
1779930480,74410.53,74414.81,74395.26,74397.19,70
1779930540,74397.83,74401.61,74350.07,74357.85,86
1779930600,74377.88,74406.12,74372.1,74392.99,196
1779930660,74402.06,74402.06,74399.02,74399.06,14
1779930720,74392.07,74392.07,74387.98,74390.62,22
1779930780,74365.56,74369.43,74336.09,74336.09,50
1779930840,74332.25,74345.68,74332.25,74342.29,58
1779930960,74303.81,74318.3,74291.16,74296.28,74
1779931020,74245.31,74245.31,74245.31,74245.31,2
1779931080,74045.78,74114.28,74025.49,74088.13,32
1779931140,74233.99,74241.59,74214.08,74231.59,40
1779931200,74228.35,74233.55,74180.2,74192.06,204
1779931260,74202.01,74202.01,74182.31,74187.05,78
1779931320,74150.38,74194.08,74146.15,74193.07,122
1779931380,74255.78,74262.06,74251.77,74253.3,10
1779931440,74374.26,74411.99,74374.26,74404.77,26
1779931500,74334.05,74349.96,74304.45,74318.98,150
1779931560,74301.61,74308.23,74281.89,74285.61,58
1779931620,74244.42,74244.42,74198.83,74214,92
1779931680,74200.15,74200.15,74052.37,74109.19,118
1779931740,74151.77,74204.05,74149.64,74191.97,140
1779931860,74199.78,74266.26,74199.78,74263.29,50
1779931920,74242.99,74242.99,74212.4,74216.09,58
1779931980,74260.26,74285.06,74223.4,74236.53,76
1779932040,74231.74,74258.63,74226.21,74241.46,92
1779932160,74186.23,74186.69,74186.18,74186.69,8
1779932220,74230.17,74230.17,74188.38,74204.01,42
1779932280,74234.06,74270.28,74231.09,74233.47,70
1779932340,74229.1,74230.12,74185.51,74187.38,84
1779932400,74168.97,74168.97,74090.31,74122.88,218
1779932460,74122.73,74134.92,74062.58,74063.12,132
1779932520,74056.77,74066.43,74029.95,74066.43,18
1779932580,74131.88,74131.9,74124.16,74126.12,32
1779932640,74162.55,74168.11,74119.48,74136,50
1779932760,74247.55,74262.9,74198.97,74210.39,96
1779932820,74207.76,74218.48,74201.17,74204.14,88
1779932880,74205.56,74226.64,74193.9,74219.33,122
1779932940,74205.07,74205.08,74205,74205,8
1779933000,74239.05,74242.53,74214.83,74222.3,124
1779933060,74230.3,74230.3,74219.68,74224.72,34
1779933120,74211.92,74215.91,74190.96,74197.75,74
1779933180,74203.67,74237.37,74190.96,74200.36,92
1779933240,74205.71,74205.71,74198.66,74202.16,58
1779933360,74169.73,74203.22,74168.54,74199.34,18
1779933420,74208.3,74223.85,74208.25,74223.21,30
1779933480,74216.24,74218.07,74197.48,74198.77,42
1779933540,74213.05,74225.71,74209.55,74210.88,56
1779933600,74216.29,74289.69,74214.42,74240.05,178
1779933720,74176.65,74206.61,74158.69,74158.69,102
1779933780,74190.48,74195.78,74188.94,74195.78,20
1779933840,74131.02,74181.53,74131.02,74171.8,42
1779933900,74129.61,74158.8,74126.72,74133.22,180
1779933960,74134.32,74134.34,74105.47,74131.61,84
1779934020,74179.1,74213.49,74166.15,74167.81,104
1779934080,74159.7,74221.99,74159.7,74176.54,122
1779934140,74194.67,74196.45,74194.67,74195.64,12
1779934200,74198.96,74221.35,74183.67,74189.36,136
1779934260,74196.29,74208.26,74196.02,74201.9,38
1779934320,74203.81,74222.27,74196.23,74215.57,62
1779934380,74217.09,74223.14,74201.87,74222.31,60
1779934440,74232.89,74233.03,74217.18,74220.82,80
1779934500,74230.55,74260.54,74215.09,74222.12,174
1779934560,74222.16,74227.8,74219.34,74224.08,16
1779934620,74236.95,74252.09,74212.2,74224.76,38
1779934680,74199.33,74199.33,74183.97,74189.67,32
1779934740,74193.27,74193.27,74160.18,74171.65,70
1779934800,74147.67,74171.57,74079.63,74086.25,186
1779934860,74070.25,74116.65,74070.25,74098.96,102
1779934920,74057.08,74092.24,74048.33,74067.24,108
1779934980,74061.09,74061.11,74056.98,74056.98,8
1779935040,74114.88,74120.1,74099.87,74104.78,22
1779935100,74091.9,74145.03,74091.9,74123.16,174
1779935160,74127.16,74127.16,74091.04,74099.49,68
1779935220,74083.37,74111.88,74078.67,74078.67,72
1779935280,74058.08,74081.87,74053.62,74070.67,110
1779935340,74068.16,74068.16,74068.16,74068.16,2
1779935460,74080.32,74085.24,74061.52,74061.52,38
1779935520,74082.72,74082.72,74057.14,74060.89,46
1779935580,74054.7,74085.48,74042.95,74085.48,80
1779935640,74095.98,74130.21,74094.18,74128.96,94
1779935760,74022.66,74023.17,74010.44,74014.52,20
1779935820,74080.96,74080.96,74072.74,74080.4,22
1779935880,74073.85,74073.85,74066.08,74066.39,30
1779935940,74057.91,74086.04,74057.91,74086.04,66
1779936000,74138.32,74170.41,74109.91,74135.68,214
1779936060,74162.28,74169.76,74123.07,74123.07,98
1779936120,74119.67,74129.92,74106.49,74129.48,90
1779936180,74102.79,74117.03,74102.79,74107.31,8
1779936240,74113.29,74140.87,74112.86,74136.07,16
1779936360,74110.06,74156.62,74110.06,74145.95,50
1779936420,74166.88,74166.88,74129.88,74155.01,52
1779936480,74171.85,74184.27,74153.48,74184.27,76
1779936540,74198.7,74201.03,74168,74201.03,84
1779936660,74209.81,74209.81,74203.57,74203.57,10
1779936720,74214.52,74214.52,74187.73,74189.08,38
1779936780,74173.7,74198.34,74171.89,74194.24,32
1779936840,74224.89,74234.17,74209.18,74223.54,76
1779936900,74213.4,74231.13,74209.91,74231.13,142
1779936960,74214.58,74227.07,74195.26,74211.32,78
1779937020,74207.49,74207.49,74207.38,74207.38,4
1779937080,74182.97,74184.23,74182.94,74184.23,12
1779937140,74149.88,74156.17,74123.43,74130.63,40
1779937260,74140.94,74141.2,74069.75,74078.75,222
1779937320,74074.69,74102.93,74074.68,74101.53,90
1779937380,74122.99,74142.27,74122.99,74140.92,18
1779937440,74172.29,74172.29,74150.49,74155,32
1779937500,74183.17,74212.14,74163.51,74212.14,164
1779937560,74219.74,74221.31,74204.2,74204.2,62
1779937620,74219.01,74227.24,74219.01,74222.56,54
1779937680,74236.14,74259.04,74172.05,74172.05,106
1779937740,74161.73,74193.49,74161.73,74191.21,10
1779937800,74132.29,74145.57,74109.47,74117.7,152
1779937860,74086.08,74124.48,74083.57,74083.57,60
1779937920,74060.31,74076.05,74002.33,74073.13,100
1779937980,74061.88,74091.87,74050.05,74073.95,94
1779938040,74072.35,74090.21,74068.44,74071.08,112
1779938160,74055.56,74055.56,74053.18,74053.18,18
1779938220,73960.69,73986.82,73949.97,73980.21,52
1779938280,73857.02,73876.93,73470.28,73470.28,78
1779938340,73642,73691.79,73552.46,73598.58,96
1779938400,73609.04,73671.83,73576.2,73604.9,300
1779938460,73626.91,73689.92,73612.02,73682.66,164
1779938520,73675.19,73691.77,73675.19,73686.86,16
1779938580,73728.49,73744.3,73685.75,73717.84,52
1779938640,73752.75,73802.07,73752.75,73794.17,76
1779938700,73821.52,73821.52,73746.14,73761.23,228
1779938760,73763.32,73763.32,73736.96,73741.42,120
1779938820,73742.71,73760.82,73733.5,73754.68,104
1779938880,73724.59,73724.62,73723.17,73723.17,10
1779938940,73663.86,73663.86,73614.49,73651.85,30
1779939000,73618.17,73618.17,73474.18,73572.9,302
1779939060,73576.3,73609.85,73546.73,73602.09,68
1779939120,73612.47,73669.09,73583.46,73633.09,104
1779939180,73648.94,73659.79,73623.24,73646.71,102
1779939240,73601.63,73604.7,73565.93,73585.02,128
1779939300,73542.64,73548.92,73361.49,73463.76,182
1779939360,73404.91,73446.13,73403.93,73412.18,42
1779939420,73372.38,73372.38,73313.62,73340.76,62
1779939480,73337.7,73383.98,73329.85,73337.37,78
1779939540,73320.68,73353.87,73320.68,73346.86,90
1779939600,73363.43,73451.67,73363.43,73398.78,262
1779939660,73405.26,73434.56,73400.17,73419,116
1779939720,73441.85,73441.85,73422.42,73422.42,10
1779939780,73393.8,73393.8,73369.97,73393.33,28
1779939840,73264.22,73356.16,73264.22,73335.24,58
1779939960,73441.63,73448.82,73390.29,73408.05,104
1779940020,73410.5,73415.13,73345.79,73379.13,136
1779940080,73336.18,73342.4,73331.07,73342.4,10
1779940140,73343.62,73364.09,73340.92,73361.99,26
1779940200,73292.99,73311.34,73268.47,73288.07,150
1779940260,73303.14,73307,73302.43,73306.82,32
1779940320,73278.17,73278.17,73194.65,73249.56,92
1779940380,73221.75,73274.67,73104.88,73166.46,104
1779940440,73160.11,73169.78,73113.61,73137.35,110
1779940560,73098.56,73098.56,73060.38,73076.36,18
1779940620,72960.64,73033.46,72944.13,73033.46,50
1779940680,73058.85,73106.14,73003.6,73099.59,92
1779940740,73144.26,73184.67,73138.24,73160.78,108
1779940800,73134.57,73137.2,72987.79,73110.22,316
1779940920,73080.76,73087.86,73055.06,73087.86,32
1779940980,72722.85,72905.48,72722.85,72885.78,54
1779941040,72840.18,72911.06,72812.04,72884.32,84
1779941100,72992.45,72992.45,72859.34,72914,266
1779941160,72911.42,73019.69,72910.83,73005.98,118
1779941220,73014.33,73036.89,72994.47,73029.47,140
1779941280,73028.17,73032.64,73024.41,73024.41,10
1779941340,73063.35,73074.21,73063.35,73068.42,18
1779941400,73081.26,73128,73081.26,73096.07,178
1779941460,73094.35,73101.36,73069.34,73080.16,66
1779941520,73097.03,73097.03,73057.44,73058.14,76
1779941580,72988.76,73003.47,72981.99,72983.1,88
1779941640,72949.47,72966.38,72940.15,72943.77,102
1779941760,72969.34,72971.53,72911.23,72936.19,126
1779941820,72947.59,72947.59,72935.31,72935.31,26
1779941880,72967.93,72972.54,72956.28,72961.57,46
1779941940,72861.41,72904.72,72831.15,72887.42,86
1779942000,72866.18,72880.84,72818.75,72834.86,236
1779942060,72841.02,72899.63,72793.05,72861.86,138
1779942120,72804.24,72838.24,72798.02,72809.85,144
1779942180,72793.12,72804.05,72784.43,72804.05,28
1779942240,72786.21,72806.47,72786.21,72803.42,38
1779942300,72777.74,72778.77,72726.81,72745.16,196
1779942360,72745.71,72753.63,72718.24,72739.01,90
1779942420,72724.25,72839.45,72724.1,72827.99,106
1779942480,72816.17,72844.6,72801.74,72829.6,96
1779942540,72846.32,72866.19,72846.32,72866.19,10
1779942660,72863.96,72898.74,72860.34,72898.74,44
1779942720,72910.33,72943.35,72910.33,72940.96,56
1779942780,72947,72952.03,72943.39,72945.58,60
1779942840,72966.15,72976.94,72959.46,72973.48,68
1779942960,73022.53,73023.76,73022.52,73023.31,8
1779943020,73011.17,73018.62,73011.17,73013.82,22
1779943080,72888.56,72918.14,72888.56,72913.1,44
1779943140,72966.25,72972.91,72965.1,72972.91,26
1779943200,72966.1,73032.83,72966.1,73025.79,188
1779943260,73025.93,73041.07,73013.52,73035.88,82
1779943320,73053.48,73081.94,73053.48,73068.01,110
1779943380,73049.57,73056.36,73042.18,73054.37,84
1779943440,73063.38,73067.22,73057.7,73059.94,18
1779943560,73029.5,73038.71,73015.34,73028.43,62
1779943620,73039.56,73061.58,73039.56,73059.01,62
1779943680,73041.24,73050.52,73024.39,73039.17,82
1779943740,73035.85,73061.18,73032.2,73052.8,66
1779943800,73053.07,73053.07,73017.93,73017.93,90
1779943860,72989.34,72989.34,72951.59,72972.1,26
1779943920,73015.52,73023.38,73012.22,73022.59,20
1779943980,73000,73019.26,73000,73016.3,44
1779944040,73009.84,73041.7,73009.55,73041.7,64
1779944100,73009.54,73047.08,73008.1,73047.08,156
1779944160,73069.05,73077.36,73048.35,73053.59,84
1779944220,73050.99,73053.17,73047.33,73052.38,18
1779944280,73026.49,73053.28,72922.81,73045.57,32
1779944340,73031.72,73038.02,73028.79,73037.95,48
1779944460,72991.84,73013.01,72970.07,72993.46,206
1779944520,72990.06,73010.92,72984.13,73005.28,112
1779944580,72997.36,73006.46,72997.36,73006.46,20
1779944640,73031.91,73034.5,72998.38,72998.42,52
1779944700,72991.82,72991.82,72960.17,72963.03,168
1779944760,72961.33,72961.33,72876.81,72906.65,82
1779944820,72913.89,72952.7,72913.88,72939.52,50
1779944880,72932.18,72932.18,72887.9,72909.69,92
1779944940,72926.69,72930.59,72920.66,72925.42,86
1779945000,72907.29,72919.86,72890.23,72890.23,102
1779945060,72892.58,72893.77,72888.75,72888.75,36
1779945120,72862.16,72907.96,72862.16,72895.02,56
1779945180,72911.96,72935.48,72907.58,72915.5,62
1779945240,72879.61,72902.56,72879.61,72902.03,74
1779945360,72901.3,72917.57,72879.52,72893.1,110
1779945420,72894.6,72894.63,72890.32,72890.32,20
1779945480,72866.1,72868.85,72832.09,72840.99,44
1779945540,72808.49,72837.32,72799.88,72832.13,70
1779945600,72855.72,72885.29,72812.97,72847.1,148
1779945660,72846.46,72846.46,72819.22,72828.87,74
1779945720,72801.17,72808.37,72793.42,72808.37,8
1779945780,72865.08,72865.08,72839.63,72850.57,18
1779945840,72863.76,72900.88,72863.6,72893.35,176
1779945900,72893.27,72900.64,72864.52,72897.32,185
1779945960,72897.33,72913.96,72879.96,72885.62,186
1779946020,72885.63,72890.66,72850.19,72857.35,158
1779946080,72857.39,72876.33,72841.77,72845.05,188
1779946140,72841.18,72844.56,72816.8,72825.32,182
1779946200,72825.31,72903.6,72818.73,72898.29,212
1779946260,72919.8,72955.33,72902.66,72916.08,202
1779946320,72915.67,72918.18,72816.88,72882.14,244
1779946380,72881.12,72898.08,72780.06,72832.03,250
1779946440,72831.68,72908.91,72826.11,72897.17,188
1779946500,72877.01,72885.63,72804.78,72828.83,250
1779946560,72828.63,72849.5,72794.73,72845.48,226
1779946620,72844.63,72887.44,72834.86,72863.24,174
1779946680,72863.55,72900.32,72858.69,72862.88,162
1779946740,72859.08,72900.42,72859.08,72899.89,156
1779946800,72894.67,72919.44,72887.89,72900.5,188
1779946860,72900.49,72909.03,72875.98,72882.32,156
1779946920,72878.84,72902.53,72878.84,72889,160
1779946980,72889.01,72892.41,72866.7,72871.81,156
1779947040,72871.8,72906.79,72871.74,72906.79,162
1779947100,72906.08,72944.29,72900.5,72906.38,172
1779947160,72906.37,72906.52,72862.02,72872.62,144
1779947220,72872.61,72904.54,72838.4,72859.4,172
1779947340,72809.43,72810.77,72809.37,72810.77,8
1779947400,72860.74,72883.99,72858.7,72880.64,138
1779947460,72880.65,72897.62,72878.28,72888.4,132
1779947520,72891.88,72902.52,72883.86,72888.91,132
1779947580,72888.33,72917.68,72867.04,72915.76,164
1779947640,72915.29,72919.9,72899.9,72905.36,132
1779947700,72905.72,72913.4,72876.15,72882.65,148
1779947760,72884.73,72926.75,72884.73,72904,150
1779947820,72894.56,72901.24,72882.94,72885.83,164
1779947940,72849.67,72855.74,72845.67,72855.15,116
1779948060,72836.13,72889,72833.17,72881.53,178
1779948120,72872.15,72889.97,72863.68,72863.68,106
1779948180,72878.55,72888.59,72861.39,72888.21,88
1779948240,72896.88,72896.96,72892.7,72892.7,10
1779948300,72899.65,72901.33,72893.12,72901.31,64
1779948360,72904.56,72904.57,72903.96,72904.15,26
1779948420,72841.85,72864.41,72840.73,72863.13,58
1779948480,72897.06,72904.9,72879.4,72879.4,82
1779948540,72849.46,72875.94,72844.45,72872.12,72
1779948660,72858.98,72872.74,72858.98,72869.47,20
1779948720,72864.99,72878.6,72858,72874.2,32
1779948780,72858.57,72864.4,72857.46,72857.46,22
1779948840,72837.18,72840.92,72833.49,72836.2,28
1779948960,72868.79,72869.48,72856.39,72864.08,50
1779949020,72881.3,72885.88,72837.76,72849.2,70
1779949080,72874.43,72874.43,72874.03,72874.03,6
1779949140,72894.89,72898.4,72894.89,72898.22,24
1779949200,72872.16,72905,72872.16,72898.63,98
1779949260,72887.65,72890.7,72886.57,72890.7,26
1779949320,72881.14,72894.96,72876.17,72883.16,50
1779949380,72866.6,72871.16,72819.66,72823.81,82
1779949440,72781.92,72811.86,72779.5,72802.47,92
1779949500,72811.66,72811.66,72788.37,72795.88,90
1779949560,72782.86,72788.7,72782.73,72788.69,14
1779949620,72776.79,72792.33,72751.91,72782.07,44
1779949680,72789.2,72789.2,72767.19,72781.47,46
1779949740,72804.83,72814.32,72804.18,72804.62,43
1779949800,72811.21,72833.01,72793.65,72819.19,190
1779949860,72819.21,72819.21,72802.76,72809.34,78
1779949920,72771.56,72787.94,72771.56,72787.1,114
1779949980,72780.69,72782.07,72780.69,72782.07,10
1779950040,72718.53,72721.71,72701.2,72705.69,46
1779950100,72727.73,72727.73,72684.37,72698.09,158
1779950160,72684.01,72693.35,72661.99,72676.43,70
1779950220,72648.14,72690.98,72648.14,72680.65,94
1779950280,72696.48,72718.11,72692.48,72715.76,98
1779950340,72716.28,72716.28,72712.29,72712.29,6
1779950400,72713.74,72717.07,72694.46,72698.85,86
1779950460,72703.64,72703.64,72691.91,72691.91,38
1779950520,72702.36,72729.94,72699.96,72726.65,54
1779950580,72703.19,72721.73,72691.78,72715.2,80
1779950640,72750.7,72751.06,72734.65,72738.92,62
1779950760,72996.53,73007.95,72965.69,72974.74,130
1779950820,72991.74,72991.74,72950.96,72989.23,32
1779950880,73038.35,73052.95,73009.18,73052.38,60
1779950940,73045.42,73058.87,73043.02,73058.87,44
1779951000,73011.5,73016.1,72944.84,72945.48,170
1779951060,72956.69,72973.51,72955.36,72956.17,74
1779951120,72965.82,72972.27,72962.9,72971.2,52
1779951180,73000.37,73021.59,72997.79,73014.93,96
1779951240,73015.85,73015.85,72973.94,72973.94,112
1779951300,72980.4,73005.97,72970.32,72994.26,98
1779951360,73001.01,73008.7,73000.14,73008.7,16
1779951420,72996.31,72999.42,72994.45,72999.42,30
1779951480,73015.03,73016.4,73013.12,73014.5,38
1779951540,73040.08,73084.86,73040.08,73083.04,78
1779951600,73073.38,73110.05,73073.38,73107.72,212
1779951720,73072.3,73078.2,73066.07,73068.86,84
1779951780,73061.55,73061.57,73057.58,73057.94,30
1779951840,73054.94,73054.94,73048.75,73050.93,44
1779951900,73057.37,73057.37,73023.44,73027.18,134
1779951960,73022.12,73053.46,73022.12,73037.99,80
1779952020,73059.35,73080.52,73051.77,73080.52,92
1779952080,73053.68,73053.68,73053.42,73053.42,4
1779952140,73077.01,73082.05,73075.77,73082.05,18
1779952200,73102.03,73102.54,73058.91,73059.55,158
1779952260,73045.7,73070.75,73045.58,73065.76,54
1779952320,73077.26,73077.26,73044.03,73051.13,68
1779952380,73054.68,73072.78,73054.45,73063.8,88
1779952440,73068.77,73069.35,73068.48,73069.35,6
1779952560,73103.52,73103.68,73097.36,73097.41,32
1779952620,73152.7,73152.71,73129.99,73132.06,54
1779952680,73152.14,73155.21,73147.94,73155.21,44
1779952740,73153.84,73158.84,73149.7,73150.17,70
1779952860,73201.8,73201.8,73197.25,73197.25,8
1779952920,73174,73174,73161.62,73162.43,22
1779952980,73177.52,73184.66,73170.71,73174.43,36
1779953040,73188.34,73188.34,73172.32,73176.2,32
1779953100,73175.38,73195.54,73153.3,73171.27,150
1779953160,73170.35,73171.39,73142.14,73148.49,80
1779953220,73125.44,73125.61,73107.19,73118.56,74
1779953280,73137.25,73142.96,73113.35,73115.3,140
1779953340,73115.38,73121.4,73112,73118.28,136
1779953400,73121.79,73152.4,73121.79,73146.16,180
1779953460,73146.15,73194.81,73135.07,73161.76,176
1779953520,73161.78,73200.69,73155.25,73190.39,168
1779953580,73199.98,73202.65,73181.66,73188.32,170
1779953640,73188.28,73249.2,73188.28,73235.61,180
1779953700,73237.5,73283.32,73237.5,73274.12,232
1779953760,73279.36,73299.92,73268.48,73297.52,170
1779953820,73297.56,73333.39,73285.79,73289.49,238
1779953880,73289.14,73303.07,73272.89,73296.43,168
1779953940,73296.55,73308.59,73290.59,73290.59,94
1779954060,73275.27,73275.32,73271.94,73271.98,8
1779954120,73278.3,73289.28,73275.89,73289.28,30
1779954180,73302.65,73309.41,73301.8,73309.41,42
1779954240,73327.42,73368.15,73327.4,73365.46,76
1779954360,73297.24,73304.39,73290.5,73303.09,92
1779954420,73307.1,73308.29,73307.1,73308.1,12
1779954480,73303.23,73303.23,73280.63,73280.84,34
1779954540,73284.02,73286.44,73277.21,73285.86,48
1779954600,73285.65,73288.91,73257.41,73257.59,150
1779954660,73255.83,73263.3,73247.34,73248.77,56
1779954720,73260.2,73264.7,73248.43,73248.45,74
1779954780,73276.49,73276.98,73262.36,73275.69,92
1779954840,73270.69,73270.85,73267.47,73270.85,8
1779954900,73286,73323.97,73282.79,73296.69,112
1779954960,73293.43,73293.44,73276.81,73280.58,32
1779955020,73281.1,73303.78,73281.1,73299.93,52
1779955080,73311.24,73313.16,73283.65,73300,50
1779955140,73332.21,73340.71,73332.21,73338.28,86
1779955200,73350.66,73365.08,73289.81,73298.75,216
1779955320,73221.31,73232.31,73221.31,73224.89,32
1779955380,73220.74,73223.85,73197.14,73199.54,40
1779955440,73217.02,73226.01,73217,73222.41,52
1779955500,73238.41,73248.32,73225.83,73235.79,166
1779955560,73241.97,73257.52,73241.94,73254.21,60
1779955620,73280.66,73305.26,73280.66,73302.44,70
1779955680,73314,73317.19,73297.15,73297.15,12
1779955740,73269.12,73294.76,73269.12,73292.29,28
1779955800,73284.75,73284.75,73265.63,73273.62,128
1779955860,73261.59,73270.31,73261.59,73262.17,46
1779955920,73269.48,73283.61,73257.9,73276.1,72
1779955980,73305.37,73308.64,73289.79,73304.69,86
1779956040,73303.31,73307.57,73301.93,73307.15,86
1779956100,73308.46,73308.89,73284.86,73302.46,208
1779956160,73302.34,73302.34,73289.58,73289.9,26
1779956220,73278.59,73292.39,73278.47,73288.89,34
1779956280,73287.05,73298.33,73277.48,73278.3,148
1779956340,73278.39,73302.58,73278.39,73298.38,138
1779956400,73298.39,73298.39,73247.67,73248.67,134
1779956460,73222.69,73226.44,73175.54,73180.76,70
1779956520,73165.32,73174.29,73139.96,73173.05,84
1779956580,73173.46,73215.63,73170.09,73211.58,88
1779956640,73193.86,73194.05,73193.86,73194.05,6
1779956700,73165.34,73176.7,73155.3,73158.64,108
1779956760,73119.76,73141.07,73119.76,73139.2,34
1779956820,73150.88,73155.85,73150.88,73155.84,24
1779956880,73146.97,73146.97,73102.52,73108.4,72
1779956940,73109.04,73129.86,73107.11,73125.98,74
1779957000,73134.93,73157.43,73085.32,73086.25,226
1779957060,73089.62,73090.44,73065.09,73081.53,166
1779957120,73081.54,73133.87,73081.54,73122.43,198
1779957240,73126.49,73133.1,73125.34,73131.26,26
1779957300,73140.16,73145.59,73129.69,73132.97,160
1779957360,73133.06,73160.67,73133.06,73150.47,196
1779957480,73139.17,73159.72,73130.92,73142.65,28
1779957540,73149.14,73153.05,73148.35,73152.41,44
1779957600,73157.93,73157.93,73131.55,73149.52,184
1779957660,73138.74,73138.99,73129.01,73129.25,56
1779957720,73133.05,73143.81,73128.67,73130.13,76
1779957780,73133.61,73137.74,73109.08,73111.13,98
1779957840,73135.51,73135.51,73132.3,73132.3,4
1779957960,73159.76,73161.35,73158.07,73161.35,16
1779958020,73176.53,73184.84,73176.05,73178.94,44
1779958080,73197.47,73217.74,73194.57,73198.1,96
1779958140,73230.03,73244.7,73180.47,73195.98,178
1779958260,73216.39,73218.97,73212.69,73215.76,34
1779958320,73191.24,73216,73185.61,73208.99,186
1779958380,73205.61,73205.61,73200.07,73203.9,108
1779958440,73203.72,73208.18,73196.43,73204.99,128
1779958500,73204.98,73211.03,73198.83,73198.83,106
1779958560,73202.53,73208.82,73189.74,73191.4,62
1779958620,73175.67,73193.07,73166.37,73186.25,92
1779958680,73177.23,73177.23,73172.41,73172.41,6
1779958740,73185.03,73189.57,73180.82,73189.57,26
1779958800,73190.62,73212.85,73167.02,73193.33,182
1779958860,73194.12,73199.51,73165.77,73196.32,154
1779958920,73201.95,73207.58,73193.5,73199.36,74
1779958980,73211.99,73246.77,73211.99,73245.38,114
1779959040,73240.68,73240.69,73237.97,73237.97,6
1779959100,73226.97,73261.49,73226.97,73258.18,126
1779959160,73249.86,73249.86,73224.86,73227.5,38
1779959220,73254.89,73264.78,73254.89,73264.78,32
1779959280,73226.19,73226.19,73209.62,73209.62,66
1779959340,73198.51,73227.87,73198.45,73207.94,100
1779959460,73134.38,73137.59,73134.38,73136.9,8
1779959520,73151.04,73151.39,73146.46,73148.17,20
1779959580,73168.43,73169.1,73164.89,73169.1,20
1779959640,73161.76,73172.77,73160.86,73167.29,44
1779959760,73166.15,73172.32,73165.84,73172.32,60
1779959820,73170.01,73170.01,73166.86,73166.86,6
1779959880,73191.11,73196.37,73191.11,73196.37,18
1779959940,73221.4,73228.19,73217.88,73223.72,30
1779960000,73245.54,73245.55,73224.72,73235.88,106
1779960060,73245.04,73274.79,73244.17,73244.17,74
1779960120,73252.97,73252.97,73240.5,73240.58,42
1779960180,73251.78,73257.77,73246.93,73257.77,48
1779960240,73255.77,73268.25,73255.77,73267.11,90
1779960300,73259.77,73274.01,73256.74,73274.01,76
1779960360,73269.25,73269.25,73257.48,73260.5,26
1779960420,73275.88,73276.71,73258.65,73259.52,38
1779960480,73264.65,73273.49,73261.12,73265.22,52
1779960540,73267.02,73268.93,73258.43,73258.7,62
1779960840,73265.31,73265.31,73261.99,73261.99,8
1779960900,73282.56,73301.14,73282.56,73297.9,104
1779960960,73308.67,73332.24,73308.67,73330.23,58
1779961020,73323.27,73323.27,73286.9,73298.54,54
1779961080,73332.65,73342.84,73325.97,73342.03,82
1779961140,73323.22,73323.22,73307.85,73312.59,76
1779961200,73301,73312.25,73301,73305.56,102
1779961260,73325.01,73331.35,73310.26,73326.84,36
1779961320,73342.38,73350.21,73328.8,73341.35,48
1779961380,73342.9,73342.9,73297.78,73305.55,64
1779961440,73332,73353.26,73332,73352.94,58
1779961500,73355.47,73379.93,73349.62,73368.92,146
1779961560,73368.91,73403.38,73368.88,73379.28,114
1779961620,73384.29,73388.56,73384.29,73388.56,20
1779961680,73394.11,73414.95,73389.7,73413.01,40
1779961740,73416.29,73419.78,73413.29,73413.29,32
1779961800,73417.12,73421.63,73403.06,73417.57,114
1779961860,73402.39,73413.13,73384.48,73412.97,72
1779961920,73402.37,73402.37,73399.16,73399.48,6
1779961980,73392.41,73396.45,73392.41,73396.45,14
1779962040,73421.31,73422.64,73418.08,73418.98,26
1779962100,73405.28,73427.98,73405.28,73419.96,108
1779962160,73430.88,73432.75,73417.92,73417.92,48
1779962220,73411.72,73415.84,73409.96,73412.62,46
1779962280,73412.71,73426.55,73406.77,73410.57,80
1779962340,73405.79,73408.34,73405.09,73408.3,12
1779962460,73406.16,73418.88,73392.74,73393.24,118
1779962520,73396.15,73396.15,73385.27,73386.26,32
1779962580,73377.66,73382.99,73377.18,73378.63,46
1779962640,73382.95,73387.63,73379.4,73381.41,66
1779962760,73376.44,73377.45,73374.27,73374.27,8
1779962820,73412.85,73415.24,73400.47,73403.64,30
1779962880,73391.79,73407.93,73388.68,73401.25,54
