time,open,high,low,close,volume
1779483360,0.80819,0.80822,0.80794,0.8081,94
1779656460,0.80998,0.81,0.80967,0.81,26
1779656520,0.8099,0.81,0.80967,0.81,22
1779656580,0.80967,0.81001,0.80967,0.81001,12
1779656700,0.81001,0.81025,0.80902,0.81024,18
1779656760,0.81024,0.81024,0.81024,0.81024,3
1779656880,0.81018,0.81024,0.81018,0.81024,2
1779657000,0.80979,0.81008,0.80979,0.80984,7
1779657060,0.80991,0.80991,0.80948,0.80948,8
1779657120,0.80948,0.80948,0.80948,0.80948,3
1779657180,0.80948,0.80948,0.80948,0.80948,1
1779657240,0.80948,0.80995,0.80948,0.80995,15
1779657300,0.80986,0.80997,0.80986,0.8099,10
1779657360,0.80991,0.80991,0.80989,0.8099,5
1779657420,0.80991,0.80994,0.80991,0.80992,3
1779657480,0.8099,0.80992,0.80986,0.80992,4
1779657540,0.80992,0.80992,0.80991,0.80992,7
1779657600,0.80991,0.81039,0.80983,0.81039,10
1779657660,0.81039,0.81048,0.81039,0.81046,11
1779657720,0.81051,0.81059,0.81049,0.81058,25
1779657780,0.81054,0.81058,0.81041,0.81041,12
1779657840,0.81041,0.81051,0.81041,0.81049,8
1779657900,0.81049,0.81053,0.81046,0.81053,15
1779657960,0.81052,0.81054,0.81044,0.81054,13
1779658020,0.81052,0.81056,0.81044,0.81044,11
1779658080,0.81044,0.8105,0.81042,0.81042,10
1779658140,0.81046,0.81046,0.81039,0.81044,8
1779658200,0.81042,0.81046,0.81042,0.81044,11
1779658260,0.81021,0.81021,0.81014,0.81015,14
1779658320,0.81016,0.81019,0.81016,0.81019,3
1779658380,0.81019,0.81027,0.81019,0.81022,8
1779658440,0.81022,0.81027,0.8102,0.81027,7
1779658500,0.81027,0.81035,0.81024,0.81035,5
1779658560,0.81034,0.81036,0.81033,0.81036,9
1779658620,0.81035,0.81042,0.81035,0.81042,6
1779658680,0.81041,0.81042,0.81039,0.81042,6
1779658740,0.81041,0.81041,0.81032,0.81032,4
1779658800,0.81031,0.81031,0.81017,0.81025,14
1779658860,0.81023,0.81041,0.81023,0.81028,32
1779658920,0.81027,0.8103,0.81026,0.81026,15
1779658980,0.81026,0.81028,0.81021,0.81024,24
1779659040,0.81024,0.81026,0.81019,0.8102,34
1779659100,0.81024,0.81045,0.81015,0.81021,52
1779659160,0.81018,0.81031,0.80996,0.8103,50
1779659220,0.81036,0.81036,0.81006,0.81009,28
1779659280,0.8101,0.81014,0.81007,0.8101,19
1779659340,0.81016,0.81016,0.81014,0.81014,7
1779659400,0.81013,0.81013,0.81007,0.81011,8
1779659460,0.8101,0.81016,0.8101,0.81012,16
1779659520,0.81013,0.8102,0.80991,0.8101,47
1779659580,0.8101,0.81012,0.80987,0.80987,37
1779659640,0.80987,0.80991,0.80984,0.80986,20
1779659700,0.80987,0.80987,0.80979,0.80981,16
1779659760,0.80981,0.80982,0.80976,0.80979,16
1779659820,0.80979,0.80984,0.80979,0.80982,13
1779659880,0.80982,0.80982,0.80982,0.80982,1
1779659940,0.80982,0.80985,0.80977,0.8098,13
1779660000,0.81076,0.81102,0.81049,0.81091,108
1779660060,0.81101,0.81114,0.81095,0.81114,118
1779660120,0.81114,0.81116,0.81083,0.81097,87
1779660180,0.81094,0.81109,0.8108,0.81097,82
1779660240,0.81099,0.81102,0.81091,0.81091,41
1779660300,0.81094,0.8112,0.81086,0.81116,81
1779660360,0.81117,0.81119,0.81107,0.81108,45
1779660420,0.81112,0.81115,0.81104,0.81112,39
1779660480,0.81111,0.81113,0.811,0.81104,32
1779660540,0.81102,0.81114,0.81092,0.81112,75
1779660600,0.81111,0.81112,0.81099,0.811,84
1779660660,0.81099,0.81105,0.81085,0.81085,43
1779660720,0.81081,0.81091,0.81081,0.81085,69
1779660780,0.81086,0.81093,0.81081,0.81091,83
1779660840,0.81091,0.81091,0.81084,0.81086,50
1779660900,0.81084,0.81095,0.81082,0.81088,79
1779660960,0.81085,0.81091,0.81074,0.81088,92
1779661020,0.8109,0.81094,0.81084,0.81087,74
1779661080,0.81086,0.8109,0.81078,0.81078,52
1779661140,0.81079,0.81084,0.81076,0.81083,43
1779661200,0.81085,0.81086,0.81071,0.81076,69
1779661260,0.81075,0.81075,0.81063,0.81064,73
1779661320,0.81066,0.81072,0.81061,0.81068,63
1779661380,0.81067,0.81079,0.81067,0.8107,61
1779661440,0.8107,0.81075,0.81054,0.81057,48
1779661500,0.81057,0.81073,0.81055,0.8107,44
1779661560,0.81071,0.81075,0.81056,0.81057,38
1779661620,0.81058,0.8108,0.81058,0.8108,61
1779661680,0.81077,0.81079,0.8107,0.8107,71
1779661740,0.81069,0.81072,0.81048,0.81057,68
1779661800,0.81059,0.81075,0.81059,0.81068,90
1779661860,0.81067,0.81078,0.81061,0.81071,115
1779661920,0.81072,0.81078,0.81062,0.81076,62
1779661980,0.81076,0.81082,0.8107,0.81071,56
1779662040,0.81073,0.81073,0.8106,0.81066,31
1779662100,0.81069,0.81069,0.81058,0.8106,83
1779662160,0.81058,0.81062,0.81052,0.8106,99
1779662220,0.8106,0.81062,0.81052,0.81054,52
1779662280,0.81054,0.81056,0.81049,0.81052,63
1779662340,0.81052,0.81058,0.81052,0.81057,22
1779662400,0.81058,0.81062,0.81052,0.81058,54
1779662460,0.81057,0.81063,0.81037,0.81061,76
1779662520,0.81061,0.81076,0.81061,0.81073,50
1779662580,0.81071,0.81075,0.81061,0.81073,63
1779662640,0.81073,0.81089,0.81072,0.81089,58
1779662700,0.81089,0.81095,0.81087,0.81094,52
1779662760,0.81095,0.81118,0.81093,0.81114,69
1779662820,0.81113,0.81116,0.81108,0.81112,59
1779662880,0.81111,0.81125,0.81111,0.81124,48
1779662940,0.81123,0.81126,0.81108,0.81126,56
1779663000,0.81126,0.81127,0.81123,0.81125,50
1779663060,0.81122,0.81126,0.81115,0.81121,54
1779663120,0.81123,0.81123,0.81114,0.81116,57
1779663180,0.81114,0.81123,0.81112,0.81116,54
1779663240,0.81116,0.81122,0.81107,0.81122,46
1779663300,0.81123,0.81123,0.81116,0.81119,39
1779663360,0.81116,0.81118,0.81096,0.81103,66
1779663420,0.81104,0.81108,0.81104,0.81108,26
1779663480,0.81107,0.81108,0.81102,0.81106,40
1779663540,0.81108,0.81119,0.81108,0.81117,33
1779663600,0.81119,0.81142,0.81118,0.81138,108
1779663660,0.81139,0.81145,0.8113,0.81132,81
1779663720,0.81132,0.81132,0.81128,0.81129,48
1779663780,0.81131,0.81133,0.81126,0.81128,59
1779663840,0.81128,0.81131,0.81125,0.81131,68
1779663900,0.81131,0.81131,0.81121,0.81123,47
1779663960,0.81123,0.81124,0.81119,0.81121,35
1779664020,0.81122,0.81126,0.81119,0.81121,78
1779664080,0.81122,0.81131,0.8112,0.81128,60
1779664140,0.81129,0.81129,0.81125,0.81128,67
1779664200,0.81128,0.81129,0.81121,0.81122,66
1779664260,0.81123,0.81126,0.81118,0.81124,65
1779664320,0.81124,0.81125,0.81119,0.8112,55
1779664380,0.8112,0.81121,0.81117,0.81118,42
1779664440,0.8112,0.81123,0.81116,0.81117,38
1779664500,0.81117,0.81119,0.81113,0.81118,41
1779664560,0.81119,0.81119,0.81106,0.81111,47
1779664620,0.81111,0.81115,0.81107,0.81112,47
1779664680,0.81113,0.81113,0.81102,0.81107,44
1779664740,0.81106,0.81115,0.81105,0.8111,22
1779664800,0.8111,0.81111,0.81101,0.81106,33
1779664860,0.81105,0.81113,0.81104,0.8111,56
1779664920,0.8111,0.81111,0.81107,0.8111,33
1779664980,0.81112,0.81115,0.81109,0.8111,36
1779665040,0.8111,0.81115,0.81109,0.81109,38
1779665100,0.81109,0.81111,0.81094,0.81098,58
1779665160,0.81099,0.81103,0.81096,0.81101,19
1779665220,0.811,0.81105,0.81099,0.81101,35
1779665280,0.81102,0.81107,0.81098,0.81106,75
1779665340,0.81104,0.81107,0.81096,0.81099,41
1779665400,0.81101,0.81102,0.81086,0.8109,60
1779665460,0.8109,0.81102,0.8109,0.81102,68
1779665520,0.81101,0.81106,0.81097,0.81103,52
1779665580,0.811,0.81102,0.811,0.81102,17
1779665640,0.81102,0.81104,0.8109,0.81093,49
1779665700,0.81094,0.81105,0.81093,0.81102,86
1779665760,0.81101,0.81107,0.81101,0.81104,46
1779665820,0.81103,0.81108,0.81099,0.81101,42
1779665880,0.81102,0.81108,0.81102,0.81108,29
1779665940,0.81108,0.81109,0.81105,0.81109,16
1779666000,0.8111,0.81114,0.81108,0.81112,61
1779666060,0.81112,0.81113,0.81105,0.8111,48
1779666120,0.81108,0.81108,0.81099,0.81104,49
1779666180,0.81102,0.81109,0.81102,0.81109,84
1779666240,0.81109,0.81109,0.81096,0.81102,39
1779666300,0.81101,0.81101,0.81091,0.811,85
1779666360,0.811,0.81103,0.81087,0.81087,86
1779666420,0.81088,0.81098,0.81088,0.81092,60
1779666480,0.81092,0.81095,0.81086,0.8109,72
1779666540,0.8109,0.81093,0.8108,0.81087,67
1779666600,0.81083,0.81083,0.81073,0.81079,67
1779666660,0.81078,0.8108,0.8107,0.81072,86
1779666720,0.81071,0.8108,0.8107,0.81076,71
1779666780,0.81079,0.81083,0.81075,0.81078,54
1779666840,0.81078,0.8108,0.81077,0.81079,53
1779666900,0.81081,0.81081,0.81068,0.81074,60
1779666960,0.81073,0.81073,0.81061,0.81066,64
1779667020,0.81066,0.81066,0.81057,0.81062,88
1779667080,0.81063,0.81069,0.81054,0.81054,86
1779667140,0.81054,0.81057,0.81045,0.81047,104
1779667200,0.81046,0.81057,0.81045,0.81057,127
1779667260,0.81056,0.81057,0.81032,0.81035,108
1779667320,0.81035,0.8104,0.81023,0.81039,101
1779667380,0.8104,0.81046,0.81034,0.81043,120
1779667440,0.81042,0.81043,0.81025,0.81033,66
1779667500,0.81033,0.81045,0.81031,0.81043,81
1779667560,0.81045,0.81058,0.81037,0.81057,94
1779667620,0.81058,0.81063,0.81056,0.81059,66
1779667680,0.81062,0.81062,0.81051,0.81053,68
1779667740,0.81055,0.81061,0.81052,0.81061,87
1779667800,0.81062,0.81074,0.81061,0.81072,81
1779667860,0.81072,0.81074,0.8106,0.81062,108
1779667920,0.81063,0.8107,0.8106,0.81069,105
1779667980,0.81067,0.81069,0.8106,0.81064,49
1779668040,0.81062,0.81067,0.81053,0.81067,62
1779668100,0.81067,0.8107,0.81059,0.81068,97
1779668160,0.81068,0.81078,0.81065,0.81071,106
1779668220,0.8107,0.81075,0.81059,0.81065,93
1779668280,0.81066,0.81081,0.81066,0.81079,73
1779668340,0.81081,0.81089,0.8108,0.81087,79
1779668400,0.81085,0.81087,0.81079,0.81079,77
1779668460,0.81078,0.81087,0.81073,0.81081,80
1779668520,0.81081,0.81093,0.81081,0.8109,92
1779668580,0.81089,0.81104,0.81087,0.81101,85
1779668640,0.81101,0.81108,0.81101,0.81102,94
1779668700,0.81102,0.81106,0.81085,0.81085,95
1779668760,0.81085,0.81092,0.8108,0.81092,92
1779668820,0.81092,0.81096,0.81089,0.8109,67
1779668880,0.81091,0.81094,0.81082,0.81087,62
1779668940,0.81088,0.81114,0.81087,0.81113,89
1779669000,0.81114,0.81129,0.81114,0.81128,82
1779669060,0.81127,0.81129,0.81124,0.81124,73
1779669120,0.81126,0.81131,0.81121,0.81124,79
1779669180,0.81124,0.81126,0.81112,0.81119,83
1779669240,0.8112,0.81122,0.81118,0.8112,59
1779669300,0.8112,0.81123,0.81113,0.81115,86
1779669360,0.81114,0.81116,0.81103,0.81105,47
1779669420,0.81106,0.81123,0.81104,0.81123,78
1779669480,0.81122,0.81124,0.81109,0.81124,75
1779669540,0.81123,0.81127,0.81115,0.81118,67
1779669600,0.81118,0.81118,0.81103,0.81103,84
1779669660,0.81104,0.81107,0.81099,0.81102,74
1779669720,0.81102,0.81102,0.81087,0.81089,80
1779669780,0.8109,0.81094,0.81083,0.81086,76
1779669840,0.81085,0.8109,0.81085,0.81087,50
1779669900,0.81091,0.81103,0.81087,0.81103,98
1779669960,0.81102,0.81111,0.81097,0.81107,80
1779670020,0.81109,0.81118,0.81107,0.81118,74
1779670080,0.81117,0.81133,0.81114,0.81133,83
1779670140,0.81132,0.81152,0.81131,0.81142,149
1779670200,0.81142,0.81147,0.81138,0.8114,131
1779670260,0.8114,0.8114,0.81121,0.81133,112
1779670320,0.81133,0.81137,0.81119,0.81129,101
1779670380,0.81132,0.81139,0.81128,0.81132,60
1779670440,0.81132,0.81134,0.81121,0.81124,124
1779670500,0.81126,0.8113,0.81106,0.81112,140
1779670560,0.81109,0.8111,0.81095,0.81096,124
1779670620,0.81097,0.811,0.81069,0.81069,119
1779670680,0.8107,0.81075,0.81052,0.81056,139
1779670740,0.81053,0.81061,0.81046,0.81058,90
1779670800,0.81059,0.81083,0.81059,0.81081,152
1779670860,0.81083,0.81084,0.8107,0.81079,150
1779670920,0.8108,0.81091,0.81074,0.8109,136
1779670980,0.81087,0.81096,0.81085,0.81088,116
1779671040,0.81087,0.81096,0.81084,0.81088,99
1779671100,0.81089,0.81094,0.81087,0.81087,101
1779671160,0.81088,0.81096,0.81079,0.81096,68
1779671220,0.81098,0.81105,0.81096,0.81098,100
1779671280,0.81099,0.811,0.81082,0.81087,113
1779671340,0.81087,0.81089,0.81075,0.81083,105
1779671400,0.81084,0.81087,0.81067,0.8107,101
1779671460,0.81069,0.81085,0.81068,0.81083,99
1779671520,0.81084,0.81088,0.81079,0.81081,79
1779671580,0.81081,0.81087,0.81074,0.81085,96
1779671640,0.81087,0.8112,0.81081,0.81116,135
1779671700,0.81118,0.81124,0.8111,0.81112,84
1779671760,0.81111,0.81114,0.811,0.81105,92
1779671820,0.81105,0.81127,0.81105,0.81125,67
1779671880,0.81126,0.81129,0.8111,0.8111,100
1779671940,0.81109,0.81111,0.81101,0.81105,103
1779672000,0.81106,0.81111,0.81103,0.81105,101
1779672060,0.81102,0.81107,0.81096,0.81098,69
1779672120,0.811,0.81108,0.81098,0.81106,59
1779672180,0.81105,0.81109,0.81101,0.81105,87
1779672240,0.81104,0.81107,0.81097,0.81102,68
1779672300,0.81103,0.81109,0.81103,0.81104,71
1779672360,0.81103,0.81113,0.81101,0.81109,107
1779672420,0.81109,0.81114,0.81105,0.81111,65
1779672480,0.81112,0.81122,0.81111,0.8112,68
1779672540,0.81121,0.81139,0.8112,0.81139,103
1779672600,0.81139,0.81139,0.81101,0.81105,118
1779672660,0.81105,0.81119,0.81103,0.81107,112
1779672720,0.81107,0.81112,0.81093,0.81099,110
1779672780,0.81103,0.81116,0.811,0.81112,89
1779672840,0.81111,0.81117,0.81106,0.81111,73
1779672900,0.8111,0.81132,0.8111,0.81129,85
1779672960,0.81131,0.81133,0.81118,0.81123,76
1779673020,0.81124,0.81128,0.81119,0.81126,66
1779673080,0.81125,0.81125,0.81117,0.8112,46
1779673140,0.81121,0.81124,0.81113,0.81118,83
1779673200,0.81117,0.81121,0.81109,0.81113,75
1779673260,0.81117,0.81121,0.81112,0.81116,98
1779673320,0.81115,0.81116,0.81102,0.81103,99
1779673380,0.81103,0.81106,0.81096,0.81103,68
1779673440,0.81106,0.81106,0.81083,0.81083,66
1779673500,0.81086,0.81089,0.8108,0.81084,64
1779673560,0.81085,0.81099,0.81083,0.81092,96
1779673620,0.81094,0.81098,0.81089,0.81091,82
1779673680,0.81092,0.81092,0.81075,0.81083,68
1779673740,0.81084,0.81094,0.8108,0.81093,85
1779673800,0.81093,0.81093,0.81066,0.81067,67
1779673860,0.81068,0.81078,0.81067,0.81076,56
1779673920,0.81076,0.81078,0.81067,0.81071,52
1779673980,0.8107,0.81075,0.81066,0.81073,65
1779674040,0.81073,0.81077,0.81068,0.81076,80
1779674100,0.81076,0.81084,0.8107,0.81084,94
1779674160,0.81081,0.81082,0.81064,0.81068,51
1779674220,0.81069,0.81072,0.81059,0.81059,83
1779674280,0.81061,0.81069,0.81059,0.81069,80
1779674340,0.8107,0.81072,0.81061,0.81063,86
1779674400,0.81064,0.8107,0.81059,0.81067,105
1779674460,0.81069,0.8107,0.81063,0.81067,58
1779674520,0.81069,0.8107,0.81064,0.8107,79
1779674580,0.81066,0.8107,0.81062,0.81069,65
1779674640,0.81068,0.81071,0.81057,0.81062,59
1779674700,0.81062,0.8107,0.81061,0.81066,84
1779674760,0.81068,0.81083,0.81062,0.81076,109
1779674820,0.81076,0.8109,0.81075,0.81089,79
1779674880,0.81088,0.81089,0.81079,0.81084,84
1779674940,0.81085,0.81091,0.81085,0.81088,52
1779675000,0.8109,0.8109,0.8108,0.81087,74
1779675060,0.81086,0.81086,0.81066,0.81067,93
1779675120,0.81069,0.81075,0.81069,0.81075,66
1779675180,0.81075,0.81076,0.81063,0.81064,73
1779675240,0.81065,0.81069,0.81062,0.81067,78
1779675300,0.81071,0.81071,0.81061,0.81069,68
1779675360,0.81068,0.81069,0.81056,0.81059,114
1779675420,0.81059,0.81062,0.81058,0.8106,43
1779675480,0.81058,0.8107,0.81056,0.8107,63
1779675540,0.81071,0.81074,0.81067,0.81072,61
1779675600,0.81071,0.81081,0.81068,0.81078,63
1779675660,0.81078,0.81083,0.81075,0.81082,67
1779675720,0.81082,0.81086,0.81081,0.81084,54
1779675780,0.81085,0.81099,0.81083,0.81099,79
1779675840,0.81097,0.81106,0.81095,0.81103,67
1779675900,0.81102,0.81105,0.81095,0.811,74
1779675960,0.81098,0.81098,0.81081,0.8109,68
1779676020,0.81089,0.81093,0.81086,0.81089,63
1779676080,0.8109,0.81093,0.81082,0.81093,66
1779676140,0.81092,0.81093,0.81088,0.81088,34
1779676200,0.81088,0.81092,0.81085,0.81089,63
1779676260,0.81091,0.81091,0.81082,0.81086,74
1779676320,0.81087,0.81092,0.81086,0.81087,51
1779676380,0.81087,0.81095,0.81086,0.81088,69
1779676440,0.81088,0.81089,0.8108,0.81084,65
1779676500,0.81084,0.81089,0.81079,0.81086,72
1779676560,0.81086,0.81089,0.81085,0.81087,39
1779676620,0.81087,0.81091,0.81087,0.81089,37
1779676680,0.81086,0.81087,0.81082,0.81087,61
1779676740,0.81087,0.81091,0.81074,0.81077,56
1779676800,0.81076,0.81076,0.81062,0.8107,74
1779676860,0.8107,0.81071,0.81067,0.8107,35
1779676920,0.81071,0.81075,0.81067,0.81074,65
1779676980,0.81075,0.81078,0.81073,0.81075,53
1779677040,0.81073,0.81077,0.8107,0.81075,39
1779677100,0.81076,0.81078,0.81069,0.81073,58
1779677160,0.8107,0.81072,0.8106,0.81064,74
1779677220,0.81065,0.81071,0.81063,0.81068,97
1779677280,0.81069,0.8107,0.81063,0.81063,88
1779677340,0.81063,0.8107,0.81059,0.81061,58
1779677400,0.81063,0.81067,0.81062,0.81067,43
1779677460,0.81066,0.81067,0.81054,0.81058,76
1779677520,0.81059,0.81063,0.81055,0.81058,37
1779677580,0.81059,0.81062,0.81054,0.81056,56
1779677640,0.81057,0.81061,0.81043,0.81048,85
1779677700,0.81047,0.81047,0.81039,0.81042,56
1779677760,0.8104,0.81043,0.81034,0.81038,59
1779677820,0.8104,0.81041,0.81038,0.81041,51
1779677880,0.81042,0.81043,0.81029,0.81031,91
1779677940,0.8103,0.81041,0.81026,0.8104,95
1779678000,0.8104,0.81052,0.81039,0.81047,113
1779678060,0.81046,0.81047,0.8104,0.81044,53
1779678120,0.81045,0.81049,0.8103,0.81032,60
1779678180,0.81032,0.81037,0.81031,0.81034,71
1779678240,0.81034,0.81041,0.81025,0.81036,88
1779678300,0.81039,0.81042,0.81035,0.81039,96
1779678360,0.81038,0.81043,0.81038,0.81042,60
1779678420,0.81041,0.8105,0.81041,0.81048,62
1779678480,0.81047,0.81055,0.81046,0.81048,75
1779678540,0.81049,0.81054,0.81046,0.81052,37
1779678600,0.8105,0.81051,0.81045,0.81049,48
1779678660,0.81047,0.81053,0.81044,0.81051,66
1779678720,0.81048,0.81052,0.81046,0.81052,70
1779678780,0.81049,0.81052,0.81042,0.81046,74
1779678840,0.81045,0.81048,0.81041,0.81047,73
1779678900,0.81047,0.81048,0.81034,0.81039,49
1779678960,0.81039,0.81041,0.81035,0.8104,57
1779679020,0.81041,0.81051,0.81031,0.81047,88
1779679080,0.81045,0.81048,0.8104,0.81045,65
1779679140,0.81044,0.81053,0.81042,0.81048,77
1779679200,0.81051,0.81055,0.81049,0.81054,85
1779679260,0.81055,0.81064,0.81052,0.81057,94
1779679320,0.81056,0.81056,0.81044,0.81051,102
1779679380,0.8105,0.81051,0.81044,0.81047,46
1779679440,0.81047,0.8105,0.81041,0.81045,63
1779679500,0.81046,0.8105,0.81043,0.81048,57
1779679560,0.81049,0.81054,0.81046,0.8105,70
1779679620,0.8105,0.81064,0.81049,0.81062,88
1779679680,0.81061,0.81066,0.81056,0.81057,76
1779679740,0.81057,0.81063,0.81057,0.81062,82
1779679800,0.8106,0.81066,0.81058,0.81061,68
1779679860,0.81062,0.81067,0.81056,0.81058,87
1779679920,0.81059,0.81063,0.81056,0.8106,62
1779679980,0.81062,0.81065,0.8106,0.81062,63
1779680040,0.81062,0.81063,0.81054,0.81061,79
1779680100,0.81064,0.81071,0.8106,0.81066,96
1779680160,0.81066,0.81068,0.81061,0.81063,84
1779680220,0.81065,0.81072,0.81063,0.81068,54
1779680280,0.81069,0.81074,0.81064,0.81064,54
1779680340,0.81065,0.81067,0.8106,0.81066,84
1779680400,0.81066,0.81068,0.81064,0.81066,53
1779680460,0.81064,0.81067,0.81061,0.81067,65
1779680520,0.81066,0.8107,0.81063,0.81066,58
1779680580,0.81066,0.81071,0.81065,0.81071,56
1779680640,0.81071,0.81071,0.81059,0.81062,43
1779680700,0.81063,0.81064,0.81051,0.81061,81
1779680760,0.81058,0.8106,0.81046,0.8105,84
1779680820,0.81049,0.81059,0.81048,0.81058,59
1779680880,0.81059,0.8106,0.81052,0.81056,66
1779680940,0.81058,0.81058,0.81051,0.81052,48
1779681000,0.81053,0.81061,0.81053,0.81061,59
1779681060,0.81059,0.8106,0.81051,0.81057,69
1779681120,0.81059,0.8106,0.81051,0.81058,74
1779681180,0.81061,0.81064,0.81057,0.81058,47
1779681240,0.81058,0.81065,0.81056,0.81059,64
1779681300,0.81061,0.81063,0.81054,0.81058,81
1779681360,0.81059,0.81059,0.81043,0.81047,78
1779681420,0.81045,0.81062,0.81045,0.81053,55
1779681480,0.81052,0.81055,0.81046,0.81053,83
1779681540,0.81054,0.81057,0.81049,0.81055,57
1779681600,0.81055,0.81059,0.81051,0.81054,72
1779681660,0.81052,0.81055,0.8105,0.8105,73
1779681720,0.81051,0.81061,0.81051,0.81056,54
1779681780,0.81056,0.81066,0.81055,0.81066,52
1779681840,0.81067,0.81069,0.81061,0.81064,42
1779681900,0.81065,0.8107,0.81062,0.81067,53
1779681960,0.81067,0.81067,0.81059,0.81065,42
1779682020,0.81066,0.81068,0.81059,0.81068,67
1779682080,0.81065,0.81067,0.81058,0.81063,62
1779682140,0.81063,0.81063,0.81054,0.8106,63
1779682200,0.81061,0.81064,0.81055,0.81061,43
1779682260,0.81062,0.81062,0.81052,0.81058,70
1779682320,0.81055,0.81064,0.81053,0.81053,63
1779682380,0.81054,0.81061,0.81054,0.81059,51
1779682440,0.81059,0.8106,0.81055,0.81057,36
1779682500,0.81058,0.81064,0.81056,0.81058,80
1779682560,0.81059,0.81062,0.81053,0.81061,58
1779682620,0.81061,0.81061,0.81053,0.81055,49
1779682680,0.81064,0.81069,0.81061,0.81064,54
1779682740,0.81062,0.81064,0.81056,0.81061,40
1779682800,0.8106,0.81068,0.81056,0.81067,51
1779682860,0.81066,0.81074,0.81066,0.81066,66
1779682920,0.81066,0.81068,0.81064,0.81065,43
1779682980,0.81064,0.81066,0.8106,0.81065,45
1779683040,0.81066,0.81072,0.81062,0.81068,81
1779683100,0.81068,0.8108,0.81068,0.8108,77
1779683160,0.81079,0.81088,0.81079,0.81087,54
1779683220,0.81088,0.8109,0.81084,0.81085,49
1779683280,0.81088,0.81093,0.81082,0.81088,60
1779683340,0.81086,0.81097,0.81084,0.81096,46
1779683400,0.81099,0.81103,0.81093,0.81093,78
1779683460,0.81094,0.81102,0.81089,0.81101,101
1779683520,0.811,0.81101,0.81093,0.81099,62
1779683580,0.81097,0.81104,0.81094,0.81104,76
1779683640,0.81105,0.81105,0.81099,0.81099,59
1779683700,0.811,0.81111,0.811,0.81111,42
1779683760,0.8111,0.81114,0.81105,0.81114,54
1779683820,0.81112,0.81119,0.8111,0.81117,69
1779683880,0.81119,0.81123,0.81115,0.81118,49
1779683940,0.8112,0.81124,0.81116,0.81121,44
1779684000,0.81122,0.81129,0.8112,0.81125,49
1779684060,0.81125,0.81126,0.81123,0.81124,34
1779684120,0.81123,0.81128,0.81123,0.81125,51
1779684180,0.81125,0.81129,0.81122,0.81123,45
1779684240,0.81123,0.81129,0.8112,0.81124,46
1779684300,0.81125,0.81129,0.81123,0.81123,60
1779684360,0.81123,0.81128,0.81123,0.81127,48
1779684420,0.81125,0.81139,0.81125,0.81135,73
1779684480,0.81135,0.81138,0.81131,0.81134,30
1779684540,0.81133,0.81137,0.81131,0.81132,33
1779684600,0.81134,0.81136,0.81132,0.81136,52
1779684660,0.81137,0.81144,0.81132,0.81137,78
1779684720,0.81137,0.81139,0.8113,0.8113,53
1779684780,0.81126,0.81132,0.81122,0.81132,66
1779684840,0.81131,0.81136,0.81128,0.81134,54
1779684900,0.81134,0.81143,0.81134,0.8114,48
1779684960,0.8114,0.8114,0.8112,0.81123,59
1779685020,0.81123,0.81134,0.81122,0.81132,69
1779685080,0.81133,0.81133,0.81125,0.81126,56
1779685140,0.81127,0.81131,0.81123,0.81125,57
1779685200,0.81123,0.81129,0.81117,0.81121,85
1779685260,0.81121,0.81137,0.81121,0.81136,86
1779685320,0.81134,0.81138,0.81133,0.81138,85
1779685380,0.81136,0.81139,0.8113,0.81131,78
1779685440,0.81133,0.81133,0.81128,0.8113,40
1779685500,0.8113,0.81133,0.81125,0.81131,79
1779685560,0.81132,0.81139,0.81129,0.81138,78
1779685620,0.81141,0.81141,0.8113,0.81135,76
1779685680,0.81134,0.81138,0.81125,0.81129,47
1779685740,0.81128,0.81129,0.81121,0.81126,72
1779685800,0.81128,0.81133,0.81124,0.81131,68
1779685860,0.81128,0.81143,0.81124,0.8114,72
1779685920,0.81141,0.81145,0.81128,0.81128,95
1779685980,0.81128,0.81134,0.81127,0.81133,59
1779686040,0.81133,0.81139,0.81132,0.81136,36
1779686100,0.81138,0.81139,0.81135,0.81137,30
1779686160,0.81137,0.81142,0.81134,0.81139,84
1779686220,0.81136,0.81143,0.81135,0.81141,85
1779686280,0.81142,0.81143,0.81137,0.8114,59
1779686340,0.8114,0.81141,0.81129,0.8114,40
1779686400,0.8114,0.81142,0.8114,0.81142,14
1779686460,0.81142,0.81142,0.81134,0.81137,52
1779686520,0.81136,0.81142,0.81133,0.81133,49
1779686580,0.81134,0.81138,0.81128,0.8113,49
1779686640,0.81131,0.81134,0.81128,0.81132,33
1779686700,0.8113,0.81134,0.81127,0.81131,41
1779686760,0.81132,0.81132,0.81124,0.81128,40
1779686820,0.81127,0.81127,0.81117,0.81119,48
1779686880,0.81118,0.81126,0.81118,0.81124,54
1779686940,0.81123,0.81123,0.81113,0.81114,66
1779687000,0.81117,0.81117,0.81109,0.81112,59
1779687060,0.81111,0.81119,0.81107,0.81111,80
1779687120,0.81111,0.81123,0.81111,0.8112,67
1779687180,0.81121,0.81131,0.8112,0.81125,60
1779687240,0.81126,0.81133,0.81125,0.81132,68
1779687300,0.81132,0.81138,0.81132,0.81138,58
1779687360,0.81138,0.81141,0.81132,0.81138,56
1779687420,0.81138,0.81146,0.81134,0.81144,59
1779687480,0.81145,0.81149,0.81144,0.81146,50
1779687540,0.81146,0.81147,0.8114,0.81142,46
1779687600,0.81142,0.81144,0.81132,0.8114,57
1779687660,0.81141,0.81147,0.81136,0.81143,79
1779687720,0.8114,0.8114,0.81132,0.81137,53
1779687780,0.81137,0.81144,0.81134,0.81142,63
1779687840,0.81141,0.81143,0.81139,0.81142,35
1779687900,0.81141,0.81148,0.81139,0.81145,74
1779687960,0.81146,0.81147,0.81138,0.81139,75
1779688020,0.81136,0.81144,0.81135,0.81139,27
1779688080,0.8114,0.81142,0.81128,0.81131,48
1779688140,0.81131,0.81131,0.81121,0.81127,70
1779688200,0.81128,0.81128,0.81118,0.81119,57
1779688260,0.81116,0.8113,0.81116,0.81128,75
1779688320,0.81129,0.81129,0.8112,0.81125,67
1779688380,0.81125,0.81127,0.81119,0.81127,67
1779688440,0.81125,0.81136,0.81125,0.81135,43
1779688500,0.81136,0.81136,0.81121,0.81127,72
1779688560,0.8113,0.81132,0.81116,0.81117,68
1779688620,0.81116,0.81122,0.8111,0.81118,62
1779688680,0.81119,0.81119,0.81106,0.81106,64
1779688740,0.81106,0.81117,0.81106,0.81116,58
1779688800,0.81108,0.81123,0.81101,0.81122,126
1779688860,0.81121,0.81135,0.81121,0.81133,93
1779688920,0.81131,0.81136,0.81127,0.81131,91
1779688980,0.81127,0.81139,0.81124,0.81137,79
1779689040,0.81136,0.8114,0.81128,0.81132,39
1779689100,0.81131,0.81134,0.81126,0.8113,55
1779689160,0.8113,0.81139,0.8113,0.81135,64
1779689220,0.81137,0.81146,0.81136,0.81143,40
1779689280,0.81144,0.81153,0.81143,0.81151,55
1779689340,0.81152,0.81154,0.81145,0.81149,49
1779689400,0.81149,0.81159,0.81148,0.81156,70
1779689460,0.81155,0.81159,0.81147,0.81152,68
1779689520,0.81153,0.81155,0.81146,0.81148,41
1779689580,0.81148,0.81148,0.81138,0.81143,71
1779689640,0.81143,0.8115,0.81143,0.81148,63
1779689700,0.81148,0.8115,0.81138,0.81144,80
1779689760,0.81143,0.81143,0.81136,0.81139,58
1779689820,0.81138,0.81141,0.8113,0.81136,62
1779689880,0.81137,0.81139,0.81136,0.81138,47
1779689940,0.81138,0.81138,0.81127,0.81127,26
1779690000,0.81128,0.8113,0.81119,0.8112,49
1779690060,0.8112,0.81122,0.81112,0.81114,61
1779690120,0.81115,0.81116,0.81107,0.8111,69
1779690180,0.8111,0.8112,0.81109,0.81118,66
1779690240,0.81117,0.81121,0.81116,0.81118,64
1779690300,0.81119,0.8112,0.81109,0.81113,94
1779690360,0.81112,0.81115,0.81109,0.81114,81
1779690420,0.81114,0.81118,0.8111,0.81114,98
1779690480,0.81113,0.81117,0.81113,0.81115,68
1779690540,0.81115,0.81115,0.81107,0.81112,64
1779690600,0.81113,0.81115,0.81106,0.81115,88
1779690660,0.81113,0.81118,0.81112,0.81115,66
1779690720,0.81117,0.81122,0.81114,0.81117,81
1779690780,0.81117,0.81127,0.81117,0.81119,70
1779690840,0.81118,0.81128,0.81115,0.81125,86
1779690900,0.81125,0.81128,0.81118,0.81126,65
1779690960,0.81127,0.81129,0.8112,0.81123,67
1779691020,0.81124,0.81125,0.81114,0.81118,61
1779691080,0.81116,0.81123,0.81114,0.81123,44
1779691140,0.81121,0.81128,0.81119,0.81124,67
1779691200,0.81124,0.81126,0.81118,0.81124,68
1779691260,0.81124,0.81124,0.81118,0.81119,38
1779691320,0.81121,0.81123,0.8111,0.81116,80
1779691380,0.81116,0.81116,0.81105,0.81106,54
1779691440,0.81105,0.81106,0.81103,0.81105,41
1779691500,0.81105,0.81108,0.81101,0.81104,63
1779691560,0.81104,0.81125,0.81104,0.81125,78
1779691620,0.81129,0.8113,0.81121,0.81125,77
1779691680,0.81125,0.81125,0.81111,0.81113,67
1779691740,0.81113,0.81115,0.81111,0.81113,38
1779691800,0.81113,0.81114,0.81109,0.8111,55
1779691860,0.81109,0.81115,0.81103,0.81115,73
1779691920,0.81114,0.81115,0.81103,0.81107,63
1779691980,0.81108,0.81109,0.81099,0.81107,67
1779692040,0.81109,0.8111,0.81099,0.81106,115
1779692100,0.81108,0.8111,0.81104,0.81109,90
1779692160,0.8111,0.81112,0.81103,0.81104,52
1779692220,0.81102,0.81114,0.811,0.81112,95
1779692280,0.81111,0.81117,0.81111,0.81114,84
1779692340,0.81114,0.81117,0.8111,0.81113,92
1779692400,0.81114,0.81116,0.81104,0.81109,93
1779692460,0.81109,0.81116,0.81109,0.81116,68
1779692520,0.81115,0.81121,0.8111,0.81119,116
1779692580,0.81118,0.81121,0.81115,0.81119,78
1779692640,0.81119,0.81123,0.81114,0.81116,74
1779692700,0.81117,0.81117,0.81104,0.81104,69
1779692760,0.81105,0.81105,0.81089,0.81094,118
1779692820,0.81095,0.811,0.81092,0.81092,71
1779692880,0.81092,0.81093,0.81079,0.81085,102
1779692940,0.81086,0.81088,0.81075,0.81086,92
1779693000,0.81085,0.81085,0.81076,0.8108,112
1779693060,0.81083,0.81089,0.8108,0.81089,91
1779693120,0.8109,0.81092,0.81085,0.81086,68
1779693180,0.81085,0.81087,0.81077,0.81082,71
1779693240,0.8108,0.81083,0.81074,0.81082,74
1779693300,0.8108,0.81083,0.81068,0.81071,75
1779693360,0.8107,0.81074,0.81065,0.81065,71
1779693420,0.81064,0.81066,0.81046,0.8105,82
1779693480,0.81047,0.81054,0.81006,0.81013,167
1779693540,0.81009,0.8103,0.81007,0.81023,128
1779693600,0.81024,0.81034,0.81017,0.81027,137
1779693660,0.81027,0.81037,0.81027,0.81036,100
1779693720,0.81035,0.81042,0.81026,0.81033,119
1779693780,0.81034,0.81038,0.81024,0.81034,97
1779693840,0.81033,0.81052,0.8103,0.81045,109
1779693900,0.81044,0.81051,0.8104,0.81043,88
1779693960,0.81045,0.81052,0.81034,0.81051,120
1779694020,0.8105,0.8106,0.81049,0.81057,100
1779694080,0.81056,0.81058,0.81052,0.81054,66
1779694140,0.81053,0.81056,0.81047,0.81051,58
1779694200,0.81054,0.81063,0.81048,0.81062,72
1779694260,0.81059,0.81078,0.81059,0.81075,107
1779694320,0.81076,0.81091,0.81072,0.81087,118
1779694380,0.81088,0.81103,0.81083,0.81084,162
1779694440,0.81085,0.81085,0.81065,0.81074,128
1779694500,0.81074,0.8108,0.81072,0.81076,83
1779694560,0.8108,0.81084,0.81072,0.8108,79
1779694620,0.8108,0.81081,0.81067,0.81071,55
1779694680,0.81072,0.81076,0.81067,0.81073,78
1779694740,0.81075,0.81079,0.81072,0.81075,49
1779694800,0.81077,0.81077,0.8107,0.81075,63
1779694860,0.81073,0.8108,0.81071,0.81079,71
1779694920,0.8108,0.81082,0.81076,0.8108,59
1779694980,0.81082,0.81083,0.81077,0.81083,78
1779695040,0.81085,0.81091,0.81081,0.81081,109
1779695100,0.81083,0.81088,0.8108,0.81084,79
1779695160,0.81083,0.81088,0.81071,0.81081,82
1779695220,0.8108,0.81086,0.8108,0.81083,48
1779695280,0.81084,0.81085,0.81076,0.81076,44
1779695340,0.81074,0.81083,0.81074,0.81079,63
1779695400,0.81077,0.81081,0.81072,0.81079,79
1779695460,0.8108,0.81083,0.81071,0.81072,37
1779695520,0.81072,0.81081,0.8107,0.81077,71
1779695580,0.81077,0.8108,0.81068,0.81075,58
1779695640,0.81077,0.81077,0.81067,0.81071,46
1779695700,0.81069,0.81081,0.81069,0.81075,51
1779695760,0.81076,0.81079,0.81073,0.81075,65
1779695820,0.81076,0.81084,0.81073,0.8108,74
1779695880,0.81081,0.81088,0.81079,0.81083,74
1779695940,0.81082,0.81088,0.8108,0.81085,70
1779696000,0.8109,0.8109,0.81074,0.81076,94
1779696060,0.81076,0.81083,0.81074,0.8108,67
1779696120,0.81076,0.81085,0.81076,0.81083,87
1779696180,0.81082,0.81088,0.8108,0.8108,93
1779696240,0.81081,0.81088,0.81075,0.81078,98
1779696300,0.81078,0.81083,0.81074,0.81081,67
1779696360,0.81076,0.81083,0.81074,0.81079,91
1779696420,0.81078,0.81085,0.81077,0.8108,87
1779696480,0.81079,0.81096,0.81076,0.81095,84
1779696540,0.8109,0.81102,0.81088,0.81099,69
1779696600,0.81101,0.8111,0.81101,0.81108,64
1779696660,0.81107,0.8112,0.81106,0.81109,88
1779696720,0.81109,0.81111,0.81102,0.81102,60
1779696780,0.81102,0.81103,0.81092,0.81099,61
1779696840,0.81098,0.81103,0.81096,0.81098,68
1779696900,0.81097,0.811,0.81089,0.81098,89
1779696960,0.81096,0.81101,0.81094,0.81095,73
1779697020,0.81096,0.81099,0.81092,0.81098,68
1779697080,0.81097,0.81097,0.8109,0.81096,55
1779697140,0.81093,0.811,0.81092,0.81099,62
1779697200,0.81101,0.81107,0.811,0.81101,80
1779697260,0.81102,0.81103,0.81092,0.81098,60
1779697320,0.811,0.81102,0.81089,0.81091,69
1779697380,0.81091,0.81092,0.81087,0.81092,52
1779697440,0.81092,0.81097,0.8109,0.81096,44
1779697500,0.81096,0.81098,0.81083,0.81089,90
1779697560,0.8109,0.81092,0.81085,0.81088,80
1779697620,0.81089,0.81095,0.81083,0.81088,84
1779697680,0.81089,0.8109,0.81078,0.81082,58
1779697740,0.81082,0.81087,0.81076,0.8108,74
1779697800,0.81079,0.81092,0.81076,0.81092,104
1779697860,0.81092,0.81101,0.81088,0.81097,93
1779697920,0.81096,0.81103,0.81096,0.81101,66
1779697980,0.81101,0.81109,0.81098,0.81107,75
1779698040,0.81108,0.81109,0.81101,0.81104,43
1779698100,0.81104,0.81113,0.81101,0.81104,95
1779698160,0.81105,0.81105,0.81088,0.81098,73
1779698220,0.81096,0.81105,0.81096,0.81104,54
1779698280,0.81105,0.81107,0.811,0.81104,61
1779698340,0.81104,0.81109,0.81103,0.81108,51
1779698400,0.81109,0.81112,0.81103,0.81108,54
1779698460,0.81109,0.81109,0.81099,0.81099,88
1779698520,0.81098,0.81103,0.81094,0.81097,58
1779698580,0.81098,0.811,0.81095,0.81096,51
1779698640,0.81096,0.81103,0.81096,0.81102,45
1779698700,0.811,0.81106,0.81096,0.81106,77
1779698760,0.81107,0.8111,0.81102,0.81105,72
1779698820,0.81106,0.81109,0.81102,0.81109,45
1779698880,0.81109,0.81112,0.81106,0.81106,50
1779698940,0.81105,0.8111,0.81101,0.81106,78
1779699000,0.81105,0.81109,0.81095,0.81095,77
1779699060,0.81093,0.81096,0.81085,0.8109,96
1779699120,0.81091,0.81093,0.81084,0.81085,61
1779699180,0.81087,0.81091,0.81087,0.81087,67
1779699240,0.81087,0.81091,0.81084,0.81089,65
1779699300,0.81088,0.81091,0.81084,0.8109,102
1779699360,0.8109,0.81093,0.81085,0.81091,77
1779699420,0.81091,0.811,0.81091,0.811,68
1779699480,0.811,0.81109,0.81099,0.81106,96
1779699540,0.81105,0.81109,0.81102,0.81104,53
1779699600,0.81105,0.81107,0.81101,0.81106,52
1779699660,0.81107,0.81113,0.81103,0.81107,72
1779699720,0.81107,0.81117,0.81107,0.81115,63
1779699780,0.81116,0.81117,0.81113,0.81115,39
1779699840,0.81116,0.81117,0.81114,0.81117,25
1779699900,0.81114,0.81121,0.81106,0.8112,66
1779699960,0.81122,0.81125,0.81112,0.81114,55
1779700020,0.81115,0.81118,0.81111,0.81112,36
1779700080,0.81112,0.81113,0.81103,0.81108,60
1779700140,0.81109,0.81115,0.81108,0.81111,30
1779700200,0.81111,0.8112,0.81109,0.81119,58
1779700260,0.8112,0.81123,0.81118,0.81123,57
1779700320,0.81123,0.81125,0.81109,0.81117,80
1779700380,0.81117,0.8112,0.81112,0.81114,68
1779700440,0.81115,0.8112,0.81113,0.81116,55
1779700500,0.81116,0.81117,0.81109,0.81112,47
1779700560,0.81111,0.81115,0.81106,0.81114,68
1779700620,0.81111,0.81116,0.8111,0.81116,55
1779700680,0.81114,0.81121,0.81114,0.81121,40
1779700740,0.81117,0.81119,0.81112,0.81114,66
1779700800,0.81115,0.81118,0.81113,0.81117,51
1779700860,0.81116,0.8112,0.81113,0.81114,37
1779700920,0.81115,0.8112,0.81115,0.81118,44
1779700980,0.81118,0.81118,0.8111,0.81113,60
1779701040,0.81113,0.81119,0.81111,0.81111,40
1779701100,0.81111,0.81115,0.8111,0.81113,48
1779701160,0.81113,0.81113,0.81109,0.8111,37
1779701220,0.81109,0.81116,0.81108,0.81112,38
1779701280,0.8111,0.81111,0.81104,0.81106,54
1779701340,0.81106,0.81108,0.81099,0.81102,68
1779701400,0.81103,0.81103,0.81098,0.81101,66
1779701460,0.81102,0.81108,0.81099,0.81106,69
1779701520,0.81108,0.81113,0.81107,0.81113,46
1779701580,0.81113,0.81115,0.81106,0.81106,38
1779701640,0.81105,0.81113,0.81101,0.81103,74
1779701700,0.81102,0.81104,0.81097,0.811,60
1779701760,0.81099,0.81102,0.81092,0.81094,57
1779701820,0.81094,0.81104,0.81094,0.811,61
1779701880,0.811,0.81108,0.811,0.81105,46
1779701940,0.81106,0.81107,0.81099,0.81105,73
1779702000,0.81106,0.81108,0.81104,0.81106,50
1779702060,0.81106,0.81111,0.81103,0.81105,68
1779702120,0.81106,0.81106,0.81102,0.81105,45
1779702180,0.81105,0.81108,0.81103,0.81107,36
1779702240,0.81106,0.81108,0.81103,0.81103,51
1779702300,0.81105,0.81108,0.81099,0.81099,49
1779702360,0.81101,0.8111,0.81099,0.8111,40
1779702420,0.81107,0.81109,0.81105,0.81107,32
1779702480,0.81109,0.81109,0.81096,0.81102,67
1779702540,0.81102,0.81104,0.811,0.81102,41
1779702600,0.811,0.81102,0.81097,0.81098,57
1779702660,0.81099,0.81102,0.81091,0.81094,52
1779702720,0.81095,0.81097,0.81089,0.81091,47
1779702780,0.81092,0.81096,0.8109,0.81095,23
1779702840,0.81095,0.81095,0.81092,0.81094,44
1779702900,0.81093,0.81099,0.81091,0.81097,64
1779702960,0.81099,0.81099,0.8109,0.81094,30
1779703020,0.81093,0.81096,0.81092,0.81094,34
1779703080,0.81095,0.81095,0.81086,0.81092,49
1779703140,0.81092,0.81094,0.81089,0.81091,44
1779703200,0.81092,0.81097,0.81088,0.81097,70
1779703260,0.81095,0.81101,0.81091,0.81094,73
1779703320,0.81094,0.81097,0.81093,0.81095,50
1779703380,0.81097,0.81099,0.81087,0.81089,69
1779703440,0.81089,0.81092,0.81086,0.81091,64
1779703500,0.81091,0.81096,0.81087,0.81096,56
1779703560,0.81095,0.81102,0.81094,0.81102,47
1779703620,0.81102,0.81104,0.81098,0.81101,45
1779703680,0.81102,0.81102,0.81095,0.811,60
1779703740,0.81101,0.81103,0.81097,0.81101,49
1779703800,0.811,0.81104,0.81097,0.81103,60
1779703860,0.81104,0.81105,0.81095,0.81099,75
1779703920,0.81099,0.81104,0.81096,0.81104,62
1779703980,0.81103,0.81104,0.81098,0.811,26
1779704040,0.811,0.811,0.81093,0.81093,46
1779704100,0.81094,0.81098,0.81092,0.81097,48
1779704160,0.81097,0.81099,0.81096,0.81098,26
1779704220,0.81101,0.81105,0.81099,0.81105,42
1779704280,0.81103,0.81103,0.81095,0.81098,40
1779704340,0.81098,0.81098,0.81093,0.81095,33
1779704400,0.81096,0.81096,0.81085,0.81088,75
1779704460,0.81084,0.81093,0.81081,0.81089,50
1779704520,0.81091,0.81095,0.8109,0.81093,42
1779704580,0.81094,0.81094,0.81087,0.81091,46
1779704640,0.8109,0.81094,0.8109,0.81093,15
1779704700,0.81094,0.81094,0.81083,0.81086,44
1779704760,0.81086,0.81093,0.81086,0.8109,38
1779704820,0.81087,0.8109,0.8108,0.81082,34
1779704880,0.81082,0.81086,0.81081,0.81083,43
1779704940,0.81084,0.81086,0.81076,0.81077,66
1779705000,0.81079,0.81082,0.81071,0.81079,68
1779705060,0.81078,0.81081,0.81077,0.8108,37
1779705120,0.81079,0.8108,0.81071,0.81074,51
1779705180,0.81075,0.81077,0.81072,0.81075,28
1779705240,0.81074,0.81078,0.81071,0.81077,55
1779705300,0.81077,0.81077,0.81071,0.81076,44
1779705360,0.81077,0.81079,0.81071,0.81075,39
1779705420,0.81077,0.81078,0.81069,0.81073,54
1779705480,0.81074,0.81079,0.81069,0.81079,36
1779705540,0.81078,0.81079,0.81074,0.81074,20
1779705600,0.81075,0.81078,0.81074,0.81075,50
1779705660,0.81075,0.81084,0.81075,0.81084,46
1779705720,0.81083,0.81087,0.81082,0.81086,32
1779705780,0.81085,0.81088,0.81082,0.81086,40
1779705840,0.81085,0.81093,0.81084,0.8109,57
1779705900,0.81091,0.81096,0.81083,0.81087,74
1779705960,0.81087,0.81087,0.81079,0.81081,47
1779706020,0.81083,0.81088,0.81081,0.81087,46
1779706080,0.81087,0.81088,0.81079,0.81084,39
1779706140,0.81084,0.81085,0.81079,0.81079,39
1779706200,0.8108,0.81085,0.81079,0.81085,20
1779706260,0.81084,0.81084,0.81076,0.81083,54
1779706320,0.81083,0.81088,0.8108,0.81084,66
1779706380,0.81085,0.8109,0.81084,0.81085,48
1779706440,0.81086,0.81087,0.81079,0.81083,41
1779706500,0.81085,0.81086,0.81082,0.81083,23
1779706560,0.81083,0.81085,0.81079,0.81081,33
1779706620,0.81083,0.81083,0.81076,0.81078,68
1779706680,0.81079,0.81084,0.81076,0.81079,58
1779706740,0.81079,0.81086,0.81076,0.81084,45
1779706800,0.81082,0.81086,0.81075,0.81081,70
1779706860,0.81081,0.81083,0.8108,0.81082,23
1779706920,0.81084,0.81084,0.81071,0.81072,36
1779706980,0.81073,0.81075,0.81069,0.81075,36
1779707040,0.81077,0.81084,0.81076,0.81078,52
1779707100,0.81079,0.81081,0.81077,0.81079,35
1779707160,0.81079,0.81082,0.81069,0.81072,54
1779707220,0.81071,0.81075,0.81071,0.81074,32
1779707280,0.81073,0.81083,0.81073,0.81083,36
1779707340,0.81082,0.81092,0.81081,0.81092,30
1779707400,0.81093,0.81105,0.81093,0.81103,42
1779707460,0.81104,0.81107,0.81102,0.81107,44
1779707520,0.81106,0.81107,0.811,0.81104,31
1779707580,0.81107,0.81115,0.81106,0.81114,20
1779707640,0.81111,0.81115,0.81106,0.81108,18
1779707700,0.81108,0.81113,0.81104,0.81108,42
1779707760,0.81106,0.81107,0.81104,0.81107,47
1779707820,0.81106,0.81111,0.81105,0.8111,30
1779707880,0.81111,0.81113,0.8111,0.81112,24
1779707940,0.81111,0.8112,0.81111,0.81117,31
1779708000,0.81117,0.81117,0.81114,0.81115,19
1779708060,0.81115,0.81118,0.8111,0.81113,39
1779708120,0.81113,0.81117,0.81111,0.81111,37
1779708180,0.81111,0.81111,0.81106,0.81107,29
1779708240,0.81107,0.81109,0.81107,0.81109,27
1779708300,0.81109,0.81109,0.81106,0.81106,29
1779708360,0.81107,0.81108,0.81098,0.81098,46
1779708420,0.81099,0.811,0.81095,0.81097,49
1779708480,0.81095,0.81099,0.81094,0.81098,26
1779708540,0.81098,0.81103,0.81098,0.81103,25
1779708600,0.81104,0.81117,0.81104,0.81117,48
1779708660,0.81117,0.81124,0.81106,0.81106,42
1779708720,0.81108,0.81116,0.81104,0.81116,67
1779708780,0.81114,0.81127,0.81104,0.81107,88
1779708840,0.81103,0.81111,0.81103,0.81103,38
1779708900,0.81104,0.8111,0.81102,0.81108,44
1779708960,0.81109,0.8112,0.81108,0.81118,56
1779709020,0.81118,0.81123,0.81118,0.81123,50
1779709080,0.81123,0.81124,0.81118,0.81118,32
1779709140,0.8112,0.81123,0.81119,0.81122,40
1779709200,0.81124,0.81139,0.81123,0.81138,90
1779709260,0.81138,0.8114,0.81133,0.8114,76
1779709320,0.8114,0.81144,0.81135,0.81136,51
1779709380,0.81136,0.81139,0.81134,0.81139,63
1779709440,0.81139,0.81147,0.81139,0.81145,33
1779709500,0.81144,0.81159,0.81142,0.81143,74
1779709560,0.81142,0.81151,0.81139,0.81149,64
1779709620,0.8115,0.81155,0.81144,0.81145,55
1779709680,0.81144,0.81148,0.81141,0.81146,63
1779709740,0.81146,0.81146,0.81138,0.8114,52
1779709800,0.81138,0.81146,0.81138,0.81141,50
1779709860,0.81142,0.81142,0.81135,0.81138,44
1779709920,0.8114,0.81145,0.8114,0.81145,73
1779709980,0.81145,0.81146,0.8114,0.8114,66
1779710040,0.8114,0.81142,0.81136,0.81138,75
1779710100,0.81139,0.81139,0.81127,0.81132,61
1779710160,0.81133,0.81138,0.81132,0.81134,76
1779710220,0.81134,0.81135,0.81124,0.81127,78
1779710280,0.81129,0.81131,0.81126,0.81127,42
1779710340,0.81125,0.81127,0.81122,0.81126,61
1779710400,0.81124,0.81125,0.81112,0.81119,99
1779710460,0.81118,0.81124,0.81118,0.81124,68
1779710520,0.81124,0.81132,0.81121,0.81128,66
1779710580,0.81128,0.81135,0.81128,0.81129,58
1779710640,0.81131,0.81139,0.8113,0.81133,71
1779710700,0.81134,0.81134,0.81131,0.81131,53
1779710760,0.81131,0.81136,0.8113,0.81135,62
1779710820,0.81136,0.81137,0.81133,0.81135,34
1779710880,0.81134,0.81137,0.81131,0.81136,53
1779710940,0.81139,0.81139,0.81132,0.81135,55
1779711000,0.81135,0.81141,0.81133,0.81139,61
1779711060,0.81137,0.81145,0.81137,0.81145,62
1779711120,0.81145,0.81149,0.81142,0.81148,50
1779711180,0.81148,0.81148,0.81145,0.81147,52
1779711240,0.81148,0.81148,0.8114,0.81143,49
1779711300,0.81144,0.81148,0.81144,0.81147,55
1779711360,0.81146,0.81153,0.81146,0.81151,53
1779711420,0.81152,0.81153,0.81147,0.81147,37
1779711480,0.81145,0.81149,0.81144,0.81147,67
1779711540,0.81149,0.8115,0.81144,0.81144,61
1779711600,0.81141,0.81145,0.81135,0.81135,65
1779711660,0.81135,0.8114,0.81135,0.81139,40
1779711720,0.8114,0.81144,0.81137,0.8114,53
1779711780,0.8114,0.81155,0.81132,0.8114,101
1779711840,0.81142,0.81144,0.81138,0.81143,80
1779711900,0.81143,0.81145,0.81136,0.81138,61
1779711960,0.81136,0.81138,0.81132,0.81133,51
1779712020,0.81134,0.81139,0.81134,0.81134,46
1779712080,0.81134,0.81138,0.81132,0.81136,40
1779712140,0.81136,0.81141,0.81136,0.81139,42
1779712200,0.81139,0.81143,0.81139,0.81139,47
1779712260,0.81139,0.81151,0.81139,0.81148,75
1779712320,0.8115,0.81152,0.81145,0.81149,58
1779712380,0.81149,0.8115,0.81139,0.8114,54
1779712440,0.8114,0.81144,0.8114,0.81142,37
1779712500,0.81142,0.81143,0.81136,0.81143,59
1779712560,0.81143,0.81146,0.81138,0.81141,75
1779712620,0.81141,0.81148,0.8114,0.81144,46
1779712680,0.81144,0.81146,0.81137,0.81142,59
1779712740,0.81141,0.81144,0.8114,0.81142,43
1779712800,0.81143,0.81147,0.81139,0.81141,66
1779712860,0.81141,0.81147,0.8114,0.81144,50
1779712920,0.81144,0.81153,0.81143,0.81153,56
1779712980,0.81152,0.81158,0.81151,0.81157,55
1779713040,0.81157,0.81165,0.81157,0.81163,65
1779713100,0.81164,0.81167,0.81137,0.81147,145
1779713160,0.81146,0.81149,0.8114,0.81147,81
1779713220,0.81146,0.81149,0.81139,0.8114,58
1779713280,0.81137,0.81139,0.81131,0.81132,46
1779713340,0.81132,0.81134,0.8113,0.8113,61
1779713400,0.8113,0.81135,0.81124,0.81125,76
1779713460,0.81126,0.81128,0.81121,0.81124,66
1779713520,0.81124,0.81124,0.81118,0.81119,30
1779713580,0.81118,0.81123,0.81118,0.81122,46
1779713640,0.81123,0.8113,0.81123,0.81127,46
1779713700,0.81128,0.81128,0.81122,0.81124,46
1779713760,0.81124,0.81127,0.81121,0.81127,44
1779713820,0.81128,0.81128,0.8111,0.8111,67
1779713880,0.81111,0.81112,0.81108,0.81109,61
1779713940,0.8111,0.81117,0.8111,0.81116,46
1779714000,0.81114,0.81118,0.81105,0.81109,74
1779714060,0.81111,0.81116,0.81109,0.81115,62
1779714120,0.81116,0.81117,0.81107,0.81107,55
1779714180,0.8111,0.81122,0.81109,0.81121,66
1779714240,0.8112,0.81126,0.81114,0.81118,67
1779714300,0.81119,0.81128,0.81119,0.81127,46
1779714360,0.81126,0.81127,0.81121,0.81123,56
1779714420,0.81123,0.81132,0.81122,0.81128,71
1779714480,0.81127,0.81131,0.81126,0.8113,52
1779714540,0.81128,0.8113,0.81114,0.81114,71
1779714600,0.81114,0.81114,0.81107,0.8111,63
1779714660,0.8111,0.81117,0.81103,0.81106,78
1779714720,0.81107,0.81108,0.81098,0.811,73
1779714780,0.81101,0.81102,0.81098,0.81098,62
1779714840,0.81098,0.81108,0.81098,0.81108,36
1779714900,0.81106,0.81107,0.811,0.81105,63
1779714960,0.81106,0.81111,0.81101,0.81106,89
1779715020,0.81107,0.81108,0.81093,0.81093,101
1779715080,0.81093,0.81096,0.8109,0.81091,51
1779715140,0.81092,0.81092,0.81081,0.81085,94
1779715200,0.81085,0.81089,0.81081,0.81088,48
1779715260,0.8109,0.8109,0.8108,0.81089,60
1779715320,0.81088,0.81089,0.81075,0.81076,63
1779715380,0.81075,0.81078,0.8107,0.81078,49
1779715440,0.81077,0.81081,0.81077,0.81081,57
1779715500,0.81081,0.81087,0.81079,0.81087,39
1779715560,0.81086,0.81091,0.81085,0.81087,76
1779715620,0.81087,0.81091,0.81086,0.81089,59
1779715680,0.8109,0.8109,0.81082,0.81084,79
1779715740,0.81084,0.81089,0.81084,0.81084,44
1779715800,0.81084,0.81098,0.81084,0.81093,100
1779715860,0.81092,0.81095,0.81087,0.81095,81
1779715920,0.81096,0.81096,0.81091,0.81091,33
1779715980,0.81093,0.81102,0.81091,0.81096,78
1779716040,0.81096,0.81099,0.81092,0.81097,69
1779716100,0.81096,0.81102,0.81092,0.81098,78
1779716160,0.81096,0.81099,0.81088,0.8109,68
1779716220,0.81091,0.81097,0.8109,0.81094,77
1779716280,0.81096,0.81097,0.81078,0.81078,66
1779716340,0.81078,0.8109,0.81075,0.81084,62
1779716400,0.81082,0.81088,0.8108,0.81084,51
1779716460,0.81085,0.81087,0.81074,0.81077,52
1779716520,0.81078,0.81079,0.81068,0.81071,73
1779716580,0.81072,0.81075,0.81066,0.81066,57
1779716640,0.81066,0.81072,0.81065,0.81072,55
1779716700,0.8107,0.81074,0.81067,0.81074,68
1779716760,0.81072,0.81076,0.8107,0.81076,76
1779716820,0.81075,0.81076,0.81059,0.81064,86
1779716880,0.81065,0.81071,0.81061,0.81069,68
1779716940,0.8107,0.81075,0.81068,0.81074,45
1779717000,0.81073,0.81077,0.81073,0.81076,49
1779717060,0.81077,0.81083,0.81076,0.81081,83
1779717120,0.8108,0.81094,0.81075,0.81094,83
1779717180,0.81093,0.81093,0.81081,0.81087,52
1779717240,0.81086,0.81089,0.81079,0.8108,50
1779717300,0.81082,0.81084,0.81078,0.8108,58
1779717360,0.81079,0.8108,0.81073,0.81076,41
1779717420,0.81077,0.81077,0.81069,0.81076,70
1779717480,0.81077,0.81077,0.81063,0.81064,66
1779717540,0.81063,0.81068,0.81059,0.81062,77
1779717600,0.81064,0.81069,0.81064,0.81069,72
1779717660,0.8107,0.81078,0.81069,0.81076,76
1779717720,0.81074,0.81075,0.81066,0.81068,75
1779717780,0.81066,0.81075,0.81065,0.81072,60
1779717840,0.81072,0.81077,0.81069,0.81073,61
1779717900,0.81074,0.81078,0.81072,0.81075,54
1779717960,0.81074,0.81075,0.81069,0.8107,51
1779718020,0.81071,0.81071,0.81061,0.81061,63
1779718080,0.81063,0.81066,0.81059,0.81064,59
1779718140,0.81066,0.81069,0.81062,0.81068,43
1779718200,0.81067,0.81069,0.81064,0.81065,53
1779718260,0.81065,0.81066,0.81061,0.81064,47
1779718320,0.81062,0.81064,0.81049,0.81051,48
1779718380,0.81049,0.8105,0.81043,0.81044,45
1779718440,0.81044,0.81048,0.81041,0.81045,63
1779718500,0.81046,0.81051,0.81046,0.8105,44
1779718560,0.81052,0.81052,0.81048,0.81051,40
1779718620,0.81051,0.81053,0.81047,0.81053,46
1779718680,0.81052,0.81059,0.81051,0.81058,39
1779718740,0.81059,0.81061,0.81055,0.81059,51
1779718800,0.8106,0.81065,0.81058,0.81061,72
1779718860,0.81062,0.81063,0.81056,0.81061,70
1779718920,0.8106,0.8106,0.8105,0.81052,62
1779718980,0.81055,0.81055,0.81049,0.81054,71
1779719040,0.81057,0.81059,0.81051,0.81055,58
1779719100,0.81056,0.8106,0.81054,0.8106,50
1779719160,0.81059,0.81063,0.81056,0.81061,49
1779719220,0.81063,0.81066,0.81061,0.81063,43
1779719280,0.81064,0.81064,0.8106,0.81061,46
1779719340,0.81062,0.81063,0.81057,0.81057,59
1779719400,0.81061,0.81061,0.81053,0.81055,69
1779719460,0.81056,0.81057,0.81047,0.81049,67
1779719520,0.81051,0.81052,0.81044,0.81049,62
1779719580,0.81048,0.8105,0.81043,0.81044,60
1779719640,0.81045,0.81056,0.81042,0.81055,58
1779719700,0.81056,0.81056,0.81051,0.81055,45
1779719760,0.81055,0.81061,0.81054,0.81058,48
1779719820,0.81059,0.81062,0.81053,0.81054,47
1779719880,0.81051,0.81054,0.81051,0.81053,26
1779719940,0.81052,0.81062,0.81052,0.81059,67
1779720000,0.81059,0.8106,0.81055,0.81057,56
1779720060,0.81056,0.81066,0.81053,0.81065,91
1779720120,0.81064,0.81069,0.81062,0.81062,86
1779720180,0.81064,0.81065,0.8106,0.81061,36
1779720240,0.81062,0.81067,0.81062,0.81065,49
1779720300,0.81064,0.81064,0.81059,0.81059,60
1779720360,0.81058,0.81072,0.81057,0.81067,85
1779720420,0.81067,0.81071,0.81065,0.81069,55
1779720480,0.81071,0.81075,0.81067,0.81074,63
1779720540,0.81075,0.81076,0.81068,0.81069,66
1779720600,0.81071,0.81072,0.81065,0.81066,62
1779720660,0.81067,0.81073,0.81065,0.81072,55
1779720720,0.81071,0.81074,0.81069,0.81072,45
1779720780,0.81072,0.81072,0.81067,0.81068,32
1779720840,0.81068,0.81068,0.81052,0.81056,73
1779720900,0.81055,0.81067,0.81055,0.81064,85
1779720960,0.81065,0.8107,0.81062,0.81069,73
1779721020,0.8107,0.81073,0.81064,0.81069,96
1779721080,0.81067,0.81082,0.81067,0.81081,96
1779721140,0.8108,0.81083,0.81077,0.8108,86
1779721200,0.81078,0.81079,0.81067,0.81071,71
1779721260,0.81072,0.81075,0.81065,0.81066,74
1779721320,0.81067,0.81068,0.81049,0.81067,85
1779721380,0.81066,0.81068,0.81063,0.81063,61
1779721440,0.81064,0.81071,0.8106,0.81069,48
1779721500,0.81067,0.81069,0.81041,0.81044,92
1779721560,0.81042,0.81051,0.81042,0.8105,77
1779721620,0.81052,0.81052,0.81041,0.81044,64
1779721680,0.81042,0.81044,0.81039,0.81041,85
1779721740,0.8104,0.81041,0.81025,0.81027,53
1779721800,0.81025,0.81061,0.81023,0.8106,120
1779721860,0.81059,0.81085,0.81058,0.81079,187
1779721920,0.81084,0.81084,0.81066,0.81069,140
1779721980,0.81071,0.81076,0.81066,0.81066,86
1779722040,0.81067,0.8107,0.81061,0.81064,87
1779722100,0.81063,0.81071,0.81062,0.81071,109
1779722160,0.81069,0.81071,0.81057,0.8106,99
1779722220,0.81061,0.81063,0.81051,0.81052,86
1779722280,0.81055,0.81058,0.81053,0.81056,66
1779731520,0.81064,0.81064,0.81062,0.81064,6
1779731580,0.81067,0.81068,0.81062,0.81067,38
1779731640,0.81068,0.81068,0.81063,0.81067,29
1779731700,0.81067,0.8107,0.81064,0.81069,25
1779731760,0.8107,0.81071,0.81064,0.81069,29
1779731820,0.8107,0.8107,0.81068,0.81068,18
1779731880,0.81068,0.8107,0.81062,0.81062,41
1779731940,0.81064,0.81068,0.81063,0.81068,47
1779732000,0.81069,0.81069,0.81063,0.81068,40
1779732060,0.81068,0.81068,0.81062,0.81062,33
1779732120,0.81062,0.81065,0.8106,0.81063,34
1779732180,0.8106,0.81066,0.8106,0.81064,39
1779732240,0.81064,0.81064,0.81058,0.81058,56
1779732300,0.81057,0.81062,0.81055,0.81061,40
1779732360,0.81061,0.81064,0.81057,0.81061,44
1779732420,0.81062,0.81065,0.81061,0.81062,22
1779733260,0.81075,0.81075,0.8107,0.8107,7
1779733320,0.81068,0.8107,0.81065,0.81066,31
1779733380,0.81066,0.81066,0.81058,0.81058,15
1779733440,0.81058,0.81062,0.81058,0.81061,13
1779733500,0.8106,0.8106,0.81056,0.81059,24
1779733560,0.81059,0.81059,0.81055,0.81058,19
1779733620,0.81059,0.81059,0.81056,0.81057,33
1779733680,0.81057,0.81058,0.81053,0.81055,31
1779733740,0.81055,0.81057,0.81053,0.81057,11
1779733800,0.81057,0.81059,0.81051,0.81051,20
1779733860,0.81052,0.81056,0.81052,0.81054,19
1779733920,0.81052,0.81053,0.81051,0.81053,13
1779733980,0.81053,0.81054,0.81052,0.81054,15
1779734040,0.81055,0.81056,0.81052,0.81052,18
1779734100,0.81052,0.81057,0.81049,0.81057,19
1779734160,0.81057,0.81057,0.81057,0.81057,4
1779734220,0.81058,0.81058,0.81055,0.81057,6
1779734280,0.81056,0.81058,0.81052,0.81053,22
1779734340,0.81054,0.81057,0.81053,0.81055,23
1779734400,0.81053,0.81054,0.81048,0.81052,25
1779734460,0.81052,0.81054,0.81045,0.81051,23
1779734520,0.81052,0.81052,0.81045,0.81052,21
1779734580,0.81049,0.81051,0.81046,0.81051,21
1779734640,0.81052,0.81059,0.81052,0.81058,44
1779734700,0.81058,0.81058,0.81052,0.81056,29
1779734760,0.81054,0.81056,0.81052,0.81053,21
1779734820,0.81054,0.81055,0.81049,0.81055,37
1779734880,0.81056,0.81056,0.81051,0.81051,22
1779734940,0.81052,0.81053,0.81046,0.81053,32
1779735000,0.81053,0.81059,0.81051,0.81059,24
1779735060,0.81059,0.81059,0.81049,0.81052,19
1779735120,0.81053,0.81059,0.81053,0.81059,22
1779735180,0.81059,0.81062,0.81058,0.81059,14
1779735240,0.8106,0.81061,0.81055,0.81059,35
1779735300,0.81059,0.81062,0.81058,0.81061,25
1779735360,0.81063,0.81066,0.81063,0.81065,7
1779735420,0.81065,0.81067,0.81062,0.81066,34
1779735480,0.81066,0.81068,0.81065,0.81068,23
1779735540,0.81066,0.81067,0.81057,0.8106,37
1779735600,0.81058,0.81058,0.81052,0.81056,36
1779735660,0.81055,0.81055,0.81054,0.81054,6
1779735720,0.81055,0.81059,0.81053,0.81056,9
1779735780,0.81056,0.81058,0.81056,0.81058,6
1779735840,0.81057,0.81059,0.81055,0.81058,15
1779735900,0.81058,0.81059,0.81054,0.81057,28
1779735960,0.81053,0.81055,0.8105,0.81054,19
1779736020,0.81055,0.81055,0.81043,0.81049,18
1779736080,0.81046,0.81057,0.81046,0.81055,25
1779736140,0.81055,0.81057,0.81051,0.81052,19
1779736200,0.81052,0.81056,0.8105,0.81052,22
1779736260,0.81054,0.81054,0.8105,0.81052,16
1779736320,0.81051,0.81053,0.81048,0.81052,26
1779736380,0.81051,0.81053,0.81047,0.81053,16
1779736440,0.81051,0.81051,0.81048,0.81051,13
1779736500,0.8105,0.81051,0.81047,0.8105,11
1779736560,0.8105,0.81052,0.81049,0.81052,20
1779736620,0.81052,0.81053,0.81047,0.81051,11
1779736680,0.81052,0.81053,0.81046,0.81051,30
1779736740,0.81051,0.81051,0.81049,0.81049,8
1779736800,0.8105,0.81051,0.81044,0.81049,28
1779736860,0.81049,0.81051,0.81048,0.8105,26
1779736920,0.81049,0.81052,0.81048,0.81052,52
1779736980,0.81053,0.81054,0.8105,0.81052,26
1779737040,0.81054,0.81055,0.81051,0.81054,28
1779737100,0.81056,0.81056,0.81052,0.81054,21
1779737160,0.81052,0.81055,0.8105,0.81052,37
1779737220,0.81053,0.81058,0.8105,0.81054,32
1779737280,0.81054,0.81057,0.81051,0.81055,14
1779737340,0.81057,0.81057,0.81053,0.81055,36
1779737400,0.81055,0.81055,0.8105,0.81052,20
1779737460,0.8105,0.81055,0.81049,0.81055,33
1779737520,0.81055,0.81056,0.81053,0.81056,10
1779737580,0.81055,0.81056,0.81049,0.8105,36
1779737640,0.81051,0.81055,0.81049,0.81051,34
1779737700,0.81053,0.81053,0.81039,0.81039,41
1779737760,0.8104,0.81046,0.8104,0.81043,60
1779737820,0.81038,0.81045,0.81038,0.81042,36
1779737880,0.81043,0.81045,0.81041,0.81041,21
1779737940,0.8104,0.81041,0.81034,0.8104,46
1779738000,0.81038,0.81042,0.81036,0.8104,16
1779738060,0.81037,0.81043,0.81034,0.81035,35
1779738120,0.81036,0.8104,0.81032,0.81032,20
1779738180,0.81033,0.81044,0.81033,0.81041,47
1779738240,0.81044,0.81046,0.81042,0.81046,18
1779738300,0.81046,0.8105,0.81045,0.8105,19
1779738360,0.81049,0.8105,0.81043,0.81045,27
1779738420,0.81045,0.8105,0.81044,0.81048,22
1779738480,0.81048,0.81048,0.81038,0.81041,29
1779738540,0.8104,0.81041,0.81036,0.81041,15
1779738600,0.81039,0.81042,0.81034,0.81041,39
1779738660,0.8104,0.8104,0.8104,0.8104,2
1779738720,0.81038,0.8104,0.81035,0.81038,10
1779738780,0.8104,0.8104,0.81035,0.81035,21
1779738840,0.81034,0.81038,0.81033,0.81038,16
1779738900,0.81039,0.81043,0.81035,0.81035,49
1779738960,0.81037,0.81041,0.81037,0.81039,11
1779739020,0.81041,0.81048,0.81037,0.81045,55
1779739080,0.81043,0.81045,0.81039,0.81042,29
1779739140,0.81041,0.81043,0.81039,0.81039,16
1779739200,0.81042,0.81046,0.81039,0.81044,40
1779739260,0.81045,0.8105,0.81042,0.8105,44
1779739320,0.81048,0.81049,0.81047,0.81047,19
1779739380,0.81046,0.81048,0.81046,0.81047,9
1779739440,0.81049,0.81049,0.81045,0.81046,18
1779739500,0.81043,0.81046,0.81036,0.81043,45
1779739560,0.81041,0.81041,0.8104,0.81041,11
1779739620,0.8104,0.8104,0.81034,0.81036,31
1779739680,0.81036,0.81039,0.81034,0.81039,25
1779739740,0.81043,0.81044,0.81042,0.81043,18
1779739800,0.81044,0.81045,0.81039,0.8104,27
1779739860,0.81042,0.81044,0.81039,0.81044,35
1779739920,0.81043,0.81044,0.81042,0.81042,4
1779739980,0.81044,0.81044,0.81039,0.81042,37
1779740040,0.81044,0.81045,0.81039,0.81043,17
1779740100,0.81044,0.81044,0.8104,0.81042,15
1779740160,0.81042,0.81045,0.81039,0.81043,27
1779740220,0.81041,0.81041,0.81035,0.81038,32
1779740280,0.81037,0.81039,0.81029,0.81036,40
1779740340,0.81035,0.81038,0.81033,0.81038,35
1779740400,0.81038,0.81043,0.81038,0.81042,29
1779740460,0.81043,0.81043,0.81034,0.81034,35
1779740520,0.81035,0.81042,0.81035,0.8104,23
1779740580,0.8104,0.81042,0.81034,0.81036,25
1779740640,0.81037,0.8104,0.81037,0.81039,16
1779740700,0.8104,0.81042,0.81035,0.81041,35
1779740760,0.81042,0.81049,0.81042,0.81045,32
1779740820,0.81044,0.81049,0.81044,0.81049,33
1779740880,0.81049,0.81057,0.81048,0.81056,41
1779740940,0.81056,0.8106,0.81054,0.81059,57
1779741000,0.81061,0.81067,0.81055,0.81055,59
1779741060,0.81056,0.81056,0.81045,0.81048,23
1779741120,0.81048,0.8105,0.81045,0.81045,16
1779741180,0.81046,0.81048,0.81038,0.81042,39
1779741240,0.81041,0.81043,0.81041,0.81042,18
1779741300,0.81041,0.81043,0.81033,0.81037,43
1779741360,0.81038,0.81046,0.81038,0.81043,22
1779741420,0.81044,0.81051,0.8104,0.81044,49
1779741480,0.81043,0.81044,0.81041,0.81042,30
1779741540,0.81042,0.81046,0.81037,0.81041,43
1779741600,0.81033,0.81038,0.81032,0.81037,42
1779741660,0.81035,0.81038,0.81035,0.81038,9
1779741720,0.81033,0.81035,0.81033,0.81033,9
1779741780,0.81033,0.81038,0.81033,0.81037,19
1779741840,0.81037,0.81041,0.81036,0.81039,26
1779741900,0.8104,0.81041,0.81037,0.81038,9
1779741960,0.81037,0.81041,0.81034,0.81034,20
1779742020,0.81035,0.81041,0.81035,0.81039,16
1779742080,0.81036,0.81042,0.81036,0.8104,17
1779742140,0.8104,0.8104,0.81036,0.81036,7
1779742200,0.81037,0.81044,0.81035,0.81042,30
1779742260,0.8104,0.81044,0.8104,0.81042,21
1779742320,0.81042,0.81047,0.81042,0.81047,22
1779742380,0.81046,0.81048,0.81043,0.81043,7
1779742440,0.81044,0.81046,0.81044,0.81045,5
1779742500,0.81047,0.81048,0.81042,0.81046,27
1779742560,0.81044,0.81046,0.81044,0.81044,9
1779742620,0.81042,0.81049,0.81042,0.81049,18
1779742680,0.81048,0.81048,0.81042,0.81048,19
1779742860,0.81024,0.81025,0.81024,0.81025,6
1779743040,0.81025,0.81025,0.81025,0.81025,3
1779743100,0.81025,0.81025,0.81024,0.81024,3
1779743340,0.80992,0.81017,0.80992,0.81017,7
1779743400,0.8099,0.80992,0.80973,0.80973,5
1779743460,0.80984,0.80984,0.80966,0.80966,3
1779743520,0.80966,0.80966,0.80966,0.80966,1
1779743580,0.80965,0.80965,0.80965,0.80965,1
1779743700,0.80959,0.80982,0.80932,0.80982,16
1779743760,0.80979,0.80979,0.80977,0.80977,2
1779743940,0.80978,0.80978,0.80978,0.80978,1
1779744000,0.80918,0.80939,0.80897,0.80923,7
1779744060,0.80919,0.80919,0.80919,0.80919,3
1779744180,0.80916,0.8092,0.80916,0.8092,4
1779744240,0.80932,0.80932,0.80911,0.80927,11
1779744300,0.80927,0.80927,0.80927,0.80927,7
1779744360,0.80927,0.80927,0.80927,0.80927,4
1779744420,0.80927,0.80927,0.80927,0.80927,5
1779744480,0.80927,0.8093,0.80927,0.8093,8
1779744540,0.8093,0.8093,0.80927,0.80927,8
1779744600,0.80905,0.8092,0.80905,0.80919,23
1779744660,0.8092,0.8092,0.80919,0.80919,18
1779744720,0.80919,0.80919,0.8091,0.8091,14
1779744780,0.80923,0.80932,0.80911,0.80916,40
1779744840,0.80916,0.80935,0.80906,0.80935,22
1779744900,0.80925,0.80938,0.80913,0.80933,30
1779744960,0.80913,0.80919,0.8089,0.80919,18
1779745020,0.80919,0.80929,0.80911,0.80928,34
1779745080,0.80928,0.80936,0.8091,0.80925,75
1779745140,0.8092,0.80938,0.80891,0.80924,51
1779745200,0.80922,0.80928,0.80914,0.80927,34
1779745260,0.80926,0.80948,0.80897,0.80926,106
1779745320,0.80911,0.80955,0.80911,0.80945,58
1779745380,0.80936,0.80976,0.80936,0.80971,104
1779745440,0.80971,0.80971,0.80919,0.8096,144
1779745500,0.8096,0.80962,0.80941,0.80944,91
1779745560,0.80944,0.80959,0.80944,0.80944,101
1779745620,0.80944,0.80959,0.80944,0.80945,81
1779745680,0.80955,0.80959,0.80939,0.80958,64
1779745740,0.80957,0.80968,0.80951,0.80953,71
1779745800,0.80951,0.80979,0.80951,0.80978,21
1779745860,0.80978,0.80982,0.80975,0.80981,25
1779745920,0.80982,0.80985,0.80979,0.80982,19
1779745980,0.80981,0.80983,0.8098,0.80981,9
1779746040,0.80981,0.80987,0.80979,0.80987,21
1779746100,0.80974,0.8101,0.80974,0.80986,33
1779746160,0.80988,0.81034,0.80988,0.81024,26
1779746220,0.81024,0.81027,0.81022,0.81025,18
1779746280,0.81024,0.81029,0.81014,0.81027,17
1779746340,0.81029,0.81029,0.80909,0.80973,30
1779746400,0.81034,0.8104,0.81019,0.81035,95
1779746460,0.81036,0.81036,0.81024,0.81028,42
1779746520,0.81028,0.81034,0.81026,0.81028,25
1779746580,0.81028,0.8103,0.81024,0.81026,27
1779746640,0.81026,0.81029,0.8101,0.81016,40
1779746700,0.81017,0.81027,0.81017,0.81024,47
1779746760,0.81025,0.81027,0.8101,0.81011,38
1779746820,0.81012,0.81024,0.81009,0.81023,59
1779746880,0.81024,0.81028,0.8102,0.81026,46
1779746940,0.81026,0.81028,0.81023,0.81023,25
1779747000,0.81018,0.81026,0.81014,0.8102,36
1779747060,0.81021,0.81042,0.8102,0.81036,82
1779747120,0.81036,0.81037,0.81033,0.81035,30
1779747180,0.81033,0.81037,0.81024,0.81026,36
1779747240,0.81024,0.81024,0.8102,0.81021,21
1779747300,0.81022,0.81026,0.81021,0.81024,14
1779747360,0.81024,0.81028,0.81022,0.81027,30
1779747420,0.8102,0.81024,0.81015,0.81021,41
1779747480,0.81022,0.81022,0.81018,0.8102,15
1779747540,0.8102,0.8102,0.81018,0.81019,4
1779747600,0.81018,0.8102,0.81017,0.81017,22
1779747660,0.81018,0.81027,0.81018,0.81027,22
1779747720,0.81029,0.81031,0.81025,0.81029,33
1779747780,0.8103,0.81033,0.81024,0.81027,53
1779747840,0.81027,0.81031,0.81025,0.81029,53
1779747900,0.81028,0.81031,0.81028,0.81029,13
1779747960,0.81031,0.81031,0.81025,0.81029,29
1779748020,0.81029,0.8103,0.81025,0.81028,22
1779748080,0.81031,0.81031,0.81026,0.81029,35
1779748140,0.81029,0.81032,0.8102,0.81029,24
1779748200,0.81032,0.81033,0.81023,0.81027,50
1779748260,0.81028,0.81029,0.81018,0.81027,58
1779748320,0.81028,0.81034,0.81027,0.81031,30
1779748380,0.81031,0.81038,0.81028,0.81033,31
1779748440,0.81032,0.81032,0.8103,0.81032,13
1779748500,0.81032,0.81032,0.81027,0.8103,22
1779748560,0.81031,0.81033,0.81025,0.81029,51
1779748620,0.81028,0.81032,0.81026,0.81032,18
1779748680,0.81032,0.81034,0.81028,0.81033,19
1779748740,0.8103,0.81033,0.81028,0.81033,24
1779748800,0.81033,0.81033,0.81027,0.81033,30
1779748860,0.81033,0.81039,0.81029,0.81037,41
1779748920,0.81036,0.81039,0.81032,0.81039,49
1779748980,0.81038,0.8104,0.81036,0.81039,16
1779749040,0.81039,0.81039,0.81032,0.81039,39
1779749100,0.81039,0.81039,0.81029,0.81032,20
1779749160,0.81036,0.81042,0.81034,0.81041,25
1779749220,0.81042,0.81046,0.81034,0.81045,71
1779749280,0.81046,0.81046,0.81042,0.81043,19
1779749340,0.81045,0.81046,0.81042,0.81046,36
1779749400,0.81044,0.81046,0.81036,0.81036,36
1779749460,0.81036,0.81043,0.81036,0.81041,36
1779749520,0.81041,0.81041,0.81039,0.81039,6
1779749580,0.81039,0.81041,0.81037,0.81041,26
1779749640,0.81038,0.81047,0.81036,0.81047,54
1779749700,0.81047,0.81047,0.81032,0.81034,43
1779749760,0.81034,0.8104,0.81033,0.8104,55
1779749820,0.81039,0.81045,0.81038,0.8104,46
1779749880,0.81039,0.81044,0.81036,0.81037,37
1779749940,0.81037,0.81038,0.81032,0.81034,42
1779750000,0.81036,0.81039,0.8103,0.81035,52
1779750060,0.81037,0.81038,0.81032,0.81037,50
1779750120,0.81035,0.81037,0.81031,0.81036,42
1779750180,0.81035,0.81038,0.81035,0.81038,13
1779750240,0.81039,0.81039,0.81032,0.81034,43
1779750300,0.81035,0.8104,0.81035,0.81036,23
1779750360,0.81035,0.8104,0.81034,0.81036,38
1779750420,0.81034,0.81034,0.81028,0.81032,21
1779750480,0.81028,0.81032,0.8102,0.81032,45
1779750540,0.81033,0.81035,0.81021,0.81023,39
1779750600,0.81023,0.81029,0.81021,0.81027,64
1779750660,0.81025,0.81029,0.81025,0.81029,35
1779750720,0.81027,0.81029,0.81022,0.81023,30
1779750780,0.81025,0.81026,0.81022,0.81022,57
1779750840,0.81025,0.81026,0.81021,0.81025,38
1779750900,0.81026,0.81027,0.81023,0.81024,40
1779750960,0.81025,0.81026,0.81019,0.81024,58
1779751020,0.81025,0.81031,0.81025,0.81029,24
1779751080,0.81029,0.81032,0.81028,0.81029,36
1779751140,0.8103,0.81032,0.81019,0.81023,41
1779751200,0.81023,0.81028,0.81017,0.81019,34
1779751260,0.81019,0.81023,0.81017,0.8102,48
1779751320,0.81019,0.81023,0.81016,0.81019,41
1779751380,0.81021,0.81023,0.81015,0.81022,51
1779751440,0.81021,0.81022,0.81003,0.81012,58
1779751500,0.81012,0.81014,0.81011,0.81014,22
1779751560,0.81013,0.81014,0.81008,0.81014,37
1779751620,0.81009,0.81015,0.81003,0.8101,40
1779751680,0.81011,0.81011,0.80997,0.81002,67
1779751740,0.81002,0.81004,0.81,0.81001,18
1779751800,0.81002,0.81006,0.81,0.81006,36
1779751860,0.81006,0.81008,0.80996,0.80999,40
1779751920,0.80997,0.81,0.80989,0.80989,25
1779751980,0.80987,0.80991,0.80977,0.80991,59
1779752040,0.8099,0.80992,0.80979,0.80979,48
1779752100,0.80979,0.80983,0.80979,0.80979,21
1779752160,0.80979,0.80985,0.80967,0.80972,37
1779752220,0.80971,0.80973,0.80967,0.80971,44
1779752280,0.80972,0.80974,0.80968,0.80968,49
1779752340,0.80969,0.80972,0.80963,0.80966,53
1779752400,0.80967,0.80967,0.80949,0.80956,26
1779752460,0.80957,0.80958,0.8095,0.80957,30
1779752520,0.80953,0.80958,0.80947,0.80956,51
1779752580,0.80956,0.80957,0.80948,0.80948,24
1779752640,0.80948,0.80953,0.80935,0.80946,97
1779752700,0.80947,0.80963,0.80943,0.80957,91
1779752760,0.80958,0.80965,0.80956,0.80956,63
1779752820,0.80958,0.80959,0.80943,0.80944,82
1779752880,0.80945,0.80952,0.80928,0.80952,91
1779752940,0.80951,0.80953,0.80946,0.80951,32
1779753000,0.80945,0.80945,0.80935,0.80942,80
1779753060,0.80941,0.80945,0.80937,0.8094,84
1779753120,0.80941,0.80942,0.80932,0.80942,52
1779753180,0.80939,0.8094,0.80932,0.80935,58
1779753240,0.80935,0.8094,0.8093,0.80934,85
1779753300,0.80933,0.80934,0.80915,0.80921,65
1779753360,0.80923,0.80926,0.80921,0.80923,46
1779753420,0.80923,0.80931,0.80917,0.80917,55
1779753480,0.80919,0.80925,0.80917,0.80919,52
1779753540,0.8092,0.80921,0.80911,0.80915,58
1779753600,0.80917,0.80925,0.80907,0.80912,175
1779753660,0.80911,0.80917,0.8089,0.80895,157
1779753720,0.80897,0.80904,0.8089,0.809,129
1779753780,0.809,0.8091,0.809,0.80906,103
1779753840,0.80904,0.80911,0.80897,0.80908,131
1779753900,0.80909,0.80911,0.80898,0.80899,118
1779753960,0.80898,0.80899,0.8088,0.80882,121
1779754020,0.80883,0.80887,0.80879,0.80884,136
1779754080,0.80885,0.8089,0.8088,0.80886,111
1779754140,0.80888,0.80891,0.80877,0.80881,83
1779754200,0.80882,0.80887,0.80873,0.80887,95
1779754260,0.80886,0.8089,0.80881,0.80886,102
1779754320,0.80886,0.80905,0.80886,0.80896,91
1779754380,0.80894,0.80894,0.80886,0.80888,72
1779754440,0.8089,0.80893,0.80878,0.80881,91
1779754500,0.8088,0.80892,0.80878,0.80889,105
1779754560,0.8089,0.80895,0.8088,0.80886,97
1779754620,0.80886,0.80888,0.80876,0.8088,102
1779754680,0.80881,0.80881,0.80861,0.80861,97
1779754740,0.80863,0.80865,0.80851,0.8086,111
1779754800,0.8086,0.80868,0.80856,0.80863,106
1779754860,0.80861,0.80867,0.80857,0.80864,114
1779754920,0.80862,0.80862,0.80853,0.80854,110
1779754980,0.80855,0.80861,0.80852,0.80854,100
1779755040,0.80855,0.8086,0.80849,0.80852,83
1779755100,0.80851,0.80858,0.80846,0.80852,100
1779755160,0.80851,0.80861,0.80851,0.8086,90
1779755220,0.80861,0.8087,0.80854,0.80868,94
1779755280,0.80868,0.80875,0.80866,0.8087,61
1779755340,0.80868,0.80875,0.80867,0.80871,83
1779755400,0.80872,0.80878,0.80865,0.80866,93
1779755460,0.80866,0.80882,0.80866,0.80882,93
1779755520,0.8088,0.80882,0.80875,0.80875,89
1779755580,0.80876,0.80879,0.80867,0.80873,83
1779755640,0.80874,0.80875,0.80863,0.80874,98
1779755700,0.80874,0.80884,0.80872,0.8088,70
1779755760,0.80879,0.80886,0.80879,0.80879,86
1779755820,0.80878,0.80878,0.80863,0.80866,87
1779755880,0.80867,0.80868,0.80858,0.80858,51
1779755940,0.80859,0.80865,0.80855,0.80855,73
1779756000,0.80858,0.80859,0.8085,0.80851,73
1779756060,0.80852,0.80861,0.80849,0.80849,88
1779756120,0.80848,0.80867,0.80848,0.80866,66
1779756180,0.80867,0.80875,0.80866,0.80873,50
1779756240,0.80875,0.80881,0.80864,0.80879,90
1779756300,0.80878,0.80886,0.80875,0.80884,91
1779756360,0.80884,0.80898,0.80884,0.8089,110
1779756420,0.8089,0.80891,0.8088,0.80881,109
1779756480,0.80881,0.80882,0.80871,0.80877,114
1779756540,0.80875,0.80877,0.80865,0.80869,101
1779756600,0.80869,0.80875,0.80865,0.80875,84
1779756660,0.80876,0.80878,0.80871,0.80878,91
1779756720,0.80876,0.80878,0.80866,0.80868,123
1779756780,0.80869,0.8087,0.80864,0.80866,88
1779756840,0.80865,0.80868,0.80857,0.80857,116
1779756900,0.80857,0.80877,0.80856,0.80874,109
1779756960,0.80876,0.8088,0.8087,0.80879,81
1779757020,0.80881,0.80887,0.80879,0.80882,91
1779757080,0.80882,0.8089,0.8088,0.80888,102
1779757140,0.8089,0.8089,0.80875,0.80879,101
1779757200,0.80878,0.80879,0.80858,0.80864,137
1779757260,0.80864,0.80883,0.80864,0.8088,114
1779757320,0.8088,0.8089,0.80875,0.80887,105
1779757380,0.80885,0.80888,0.80877,0.80883,116
1779757440,0.80883,0.80889,0.80874,0.80878,121
1779757500,0.80876,0.80878,0.80865,0.80875,78
1779757560,0.80877,0.8088,0.8087,0.80873,101
1779757620,0.80873,0.80874,0.80854,0.80854,136
1779757680,0.80855,0.8087,0.80855,0.8087,88
1779757740,0.8087,0.80876,0.80863,0.80874,99
1779757800,0.80874,0.80882,0.80873,0.80875,96
1779757860,0.80875,0.80875,0.80852,0.80858,96
1779757920,0.80858,0.80867,0.80853,0.80865,118
1779757980,0.80864,0.80871,0.80859,0.80861,98
1779758040,0.80861,0.80875,0.80859,0.80871,114
1779758100,0.80869,0.80883,0.80869,0.80876,112
1779758160,0.80878,0.80883,0.80867,0.80869,90
1779758220,0.80869,0.8088,0.80869,0.80878,93
1779758280,0.80878,0.8088,0.8087,0.80874,95
1779758340,0.80875,0.80876,0.80863,0.8087,100
1779758400,0.80869,0.80873,0.80852,0.80853,133
1779758460,0.80853,0.80854,0.80838,0.80848,134
1779758520,0.80848,0.80864,0.80846,0.80861,105
1779758580,0.80858,0.80877,0.80857,0.80876,125
1779758640,0.80874,0.80878,0.80872,0.80873,105
1779758700,0.80864,0.80866,0.80853,0.8086,104
1779758760,0.80859,0.80861,0.80854,0.80859,102
1779758820,0.8086,0.80866,0.80856,0.80866,82
1779758880,0.8086,0.80864,0.80856,0.80856,82
1779758940,0.80857,0.80857,0.80843,0.80851,93
1779759000,0.80852,0.80856,0.80842,0.80853,141
1779759060,0.80853,0.80863,0.8085,0.80856,125
1779759120,0.80857,0.80857,0.80844,0.80849,103
1779759180,0.8085,0.80853,0.80847,0.80849,93
1779759240,0.80849,0.80859,0.80849,0.80853,83
1779759300,0.80853,0.80857,0.80851,0.80855,56
1779759360,0.80854,0.80858,0.80819,0.80821,123
1779759420,0.80822,0.80822,0.80802,0.80812,119
1779759480,0.80809,0.80815,0.80801,0.80815,103
1779759540,0.80815,0.80818,0.80797,0.80801,118
1779759600,0.808,0.80807,0.80798,0.80803,143
1779759660,0.80802,0.80803,0.80786,0.80793,115
1779759720,0.80791,0.80797,0.80787,0.80795,125
1779759780,0.80796,0.80808,0.80792,0.80802,143
1779759840,0.80803,0.80804,0.80787,0.80796,90
1779759900,0.80794,0.80805,0.80793,0.808,115
1779759960,0.80801,0.80811,0.808,0.8081,81
1779760020,0.80807,0.80815,0.80807,0.80813,85
1779760080,0.80812,0.80814,0.80801,0.8081,92
1779760140,0.80811,0.80821,0.80808,0.80814,108
1779760200,0.80813,0.80816,0.80802,0.80804,108
1779760260,0.80805,0.80808,0.80801,0.80805,92
1779760320,0.80805,0.80807,0.80799,0.80802,64
1779760380,0.80801,0.80812,0.80799,0.80808,103
1779760440,0.80806,0.80811,0.80802,0.80811,69
1779760500,0.8081,0.80813,0.808,0.80805,96
1779760560,0.80803,0.80819,0.80803,0.80815,110
1779760620,0.80818,0.80818,0.80803,0.80808,95
1779760680,0.80807,0.8081,0.808,0.80803,69
1779760740,0.80804,0.80809,0.80799,0.808,101
1779760800,0.80799,0.80802,0.80789,0.80799,101
1779760860,0.808,0.80809,0.80799,0.80807,93
1779760920,0.80806,0.8081,0.80799,0.80806,95
1779760980,0.80807,0.80813,0.80804,0.80812,88
1779761040,0.80812,0.80813,0.80796,0.80797,65
1779761100,0.80797,0.80816,0.80797,0.80816,91
1779761160,0.80816,0.80825,0.80816,0.80824,86
1779761220,0.80824,0.80827,0.8082,0.80824,47
1779761280,0.80825,0.80828,0.8082,0.80828,66
1779761340,0.80826,0.80836,0.80826,0.80827,74
1779761400,0.80826,0.80826,0.80815,0.8082,70
1779761460,0.80818,0.80824,0.80818,0.80823,51
1779761520,0.80823,0.80826,0.80815,0.80821,79
1779761580,0.8082,0.8082,0.80807,0.80808,82
1779761640,0.80808,0.80811,0.80801,0.80809,83
1779761700,0.80809,0.8082,0.80809,0.8082,91
1779761760,0.8082,0.80824,0.80819,0.80821,58
1779761820,0.8082,0.80822,0.80815,0.8082,69
1779761880,0.80822,0.80822,0.80806,0.80813,54
1779761940,0.80812,0.80817,0.8081,0.80814,65
1779762000,0.80812,0.80816,0.80806,0.80812,88
1779762060,0.80812,0.8082,0.80809,0.80816,79
1779762120,0.80815,0.80818,0.80807,0.80812,103
1779762180,0.80811,0.80813,0.80804,0.80809,68
1779762240,0.80808,0.80811,0.80806,0.80808,78
1779762300,0.80808,0.80813,0.80801,0.80808,83
1779762360,0.80807,0.80818,0.80806,0.80818,76
1779762420,0.80816,0.80823,0.80815,0.8082,63
1779762480,0.80819,0.80822,0.80812,0.80815,70
1779762540,0.80813,0.80815,0.80799,0.80808,79
1779762600,0.80806,0.80812,0.80804,0.80808,90
1779762660,0.80807,0.80807,0.80795,0.80806,90
1779762720,0.80807,0.80809,0.80797,0.80799,107
1779762780,0.80801,0.80801,0.80792,0.80796,86
1779762840,0.80794,0.80798,0.80794,0.80795,56
1779762900,0.80796,0.80796,0.8079,0.80791,73
1779762960,0.8079,0.80792,0.80785,0.80788,61
1779763020,0.80786,0.80795,0.8078,0.8078,117
1779763080,0.80781,0.8079,0.8078,0.80788,71
1779763140,0.80788,0.8079,0.80783,0.80786,101
1779763200,0.80785,0.80789,0.80783,0.80786,68
1779763260,0.80786,0.80786,0.80774,0.80779,85
1779763320,0.80778,0.80788,0.80778,0.80788,57
1779763380,0.80788,0.80789,0.80767,0.80773,77
1779763440,0.80772,0.80773,0.80765,0.80772,70
1779763500,0.80771,0.80773,0.80756,0.80758,59
1779763560,0.8076,0.80775,0.80759,0.80772,115
1779763620,0.80774,0.80786,0.8077,0.80786,72
1779763680,0.80784,0.80785,0.80778,0.8078,45
1779763740,0.80781,0.80793,0.80781,0.80793,63
1779763800,0.80793,0.80794,0.80789,0.8079,76
1779763860,0.80792,0.80797,0.80792,0.80794,67
1779763920,0.80794,0.80796,0.80782,0.80786,63
1779763980,0.80786,0.80794,0.80786,0.80794,53
1779764040,0.80794,0.80796,0.80789,0.80794,68
1779764100,0.80797,0.80805,0.80794,0.80801,64
1779764160,0.80802,0.80808,0.808,0.80807,59
1779764220,0.80806,0.80807,0.80797,0.80802,52
1779764280,0.80801,0.80806,0.80799,0.80805,74
1779764340,0.80805,0.80812,0.80801,0.80801,78
1779764400,0.808,0.80806,0.80799,0.80803,78
1779764460,0.80802,0.80814,0.80801,0.80812,83
1779764520,0.80812,0.80816,0.80806,0.80816,56
1779764580,0.80817,0.80825,0.80816,0.80823,54
1779764640,0.80824,0.80825,0.80808,0.80811,63
1779764700,0.80813,0.80825,0.80813,0.80825,71
1779764760,0.80824,0.80827,0.80819,0.80821,98
1779764820,0.80822,0.80829,0.8082,0.80828,40
1779764880,0.80829,0.80837,0.80827,0.80833,62
1779764940,0.80833,0.80842,0.80826,0.8083,89
1779765000,0.8083,0.80834,0.8083,0.80831,45
1779765060,0.80831,0.80834,0.80827,0.80831,110
1779765120,0.80831,0.80833,0.80825,0.80832,78
1779765180,0.80831,0.80835,0.80828,0.80832,87
1779765240,0.80834,0.80837,0.8083,0.80835,57
1779765300,0.80832,0.80837,0.80828,0.80835,103
1779765360,0.80835,0.80839,0.80831,0.80837,99
1779765420,0.80838,0.80842,0.80835,0.80841,81
1779765480,0.80841,0.8085,0.8084,0.80849,84
1779765540,0.80851,0.80857,0.80847,0.8085,54
1779765600,0.80849,0.80859,0.80846,0.80856,76
1779765660,0.80857,0.80873,0.80851,0.80869,78
1779765720,0.8087,0.80874,0.80868,0.80873,41
1779765780,0.80872,0.80873,0.80867,0.80872,53
1779765840,0.80872,0.80876,0.80871,0.80876,38
1779765900,0.80874,0.80884,0.80872,0.80874,70
1779765960,0.80873,0.80877,0.80871,0.80871,54
1779766020,0.80869,0.80873,0.80859,0.80862,94
1779766080,0.80861,0.80866,0.80857,0.80863,66
1779766140,0.80863,0.80865,0.80852,0.80856,77
1779766200,0.80857,0.80863,0.80855,0.8086,64
1779766260,0.80861,0.80863,0.80857,0.80861,52
1779766320,0.80863,0.80866,0.80857,0.80859,46
1779766380,0.8086,0.80865,0.80857,0.8086,49
1779766440,0.80861,0.80864,0.80855,0.80856,69
1779766500,0.80857,0.80863,0.80857,0.80863,53
1779766560,0.80857,0.80868,0.80857,0.80866,68
1779766620,0.80866,0.80866,0.80857,0.80862,61
1779766680,0.80863,0.80866,0.80859,0.80863,95
1779766740,0.80863,0.80866,0.80853,0.80853,84
1779766800,0.80853,0.80866,0.80853,0.80865,47
1779766860,0.80866,0.80866,0.80857,0.80863,53
1779766920,0.80863,0.80864,0.80853,0.80857,72
1779766980,0.80857,0.80864,0.80856,0.80863,57
1779767040,0.80863,0.8087,0.80863,0.80869,72
1779767100,0.8087,0.8087,0.80855,0.80857,60
1779767160,0.80861,0.80866,0.80858,0.80864,37
1779767220,0.80863,0.80864,0.80857,0.80862,49
1779767280,0.80862,0.80865,0.80858,0.80862,47
1779767340,0.80861,0.80864,0.80858,0.80864,26
1779767400,0.80865,0.80867,0.80859,0.80861,66
1779767460,0.80862,0.80864,0.80848,0.80852,76
1779767520,0.80851,0.80856,0.80849,0.80854,70
1779767580,0.80854,0.80854,0.8084,0.80848,40
1779767640,0.80846,0.80848,0.80842,0.80846,68
1779767700,0.80846,0.80847,0.8083,0.80838,52
1779767760,0.80837,0.80849,0.80837,0.80846,44
1779767820,0.80849,0.8085,0.80842,0.80849,74
1779767880,0.8085,0.80851,0.80845,0.8085,40
1779767940,0.80851,0.80852,0.80843,0.80844,57
1779768000,0.80845,0.80849,0.80839,0.80842,71
1779768060,0.80843,0.80849,0.80841,0.80847,46
1779768120,0.80849,0.80849,0.80843,0.80847,40
1779768180,0.80847,0.80847,0.80829,0.80831,80
1779768240,0.8083,0.80831,0.80822,0.8083,46
1779768300,0.8083,0.80839,0.80829,0.80836,84
1779768360,0.80838,0.80842,0.80837,0.8084,24
1779768420,0.80841,0.80845,0.80838,0.80843,38
1779768480,0.80846,0.80846,0.80842,0.80844,29
1779768540,0.80845,0.80845,0.80829,0.80829,49
1779768600,0.80832,0.80839,0.80827,0.8083,42
1779768660,0.8083,0.80838,0.8083,0.80838,53
1779768720,0.80839,0.80839,0.8082,0.80823,64
1779768780,0.80823,0.8083,0.80821,0.8083,43
1779768840,0.80828,0.80837,0.80827,0.80835,70
1779768900,0.80835,0.80835,0.80826,0.80829,43
1779768960,0.8083,0.80834,0.80827,0.80831,44
1779769020,0.80832,0.80836,0.8083,0.80836,33
1779769080,0.80835,0.80835,0.80832,0.80835,45
1779769140,0.80835,0.80837,0.80831,0.80835,45
1779769200,0.80833,0.80838,0.80831,0.80833,42
1779769260,0.80834,0.8084,0.80832,0.80834,63
1779769320,0.80834,0.80838,0.80833,0.80838,46
1779769380,0.80836,0.80838,0.80826,0.8083,41
1779769440,0.80831,0.80836,0.80827,0.80832,61
1779769500,0.80831,0.80833,0.80821,0.80827,36
1779769560,0.80827,0.80833,0.80825,0.80831,34
1779769620,0.8083,0.80833,0.80829,0.80829,17
1779769680,0.80831,0.80833,0.80821,0.80831,47
1779769740,0.80827,0.80827,0.80815,0.80818,73
1779769800,0.80818,0.80823,0.80813,0.80813,60
1779769860,0.80813,0.80825,0.80813,0.80823,53
1779769920,0.80824,0.80828,0.8082,0.80826,77
1779769980,0.80825,0.80832,0.80823,0.80826,55
1779770040,0.80825,0.80826,0.8082,0.80825,73
1779770100,0.80826,0.80826,0.80816,0.8082,46
1779770160,0.80818,0.80821,0.80809,0.80812,79
1779770220,0.80811,0.80811,0.80806,0.80808,45
1779770280,0.80807,0.80809,0.808,0.80804,92
1779770340,0.80805,0.80808,0.80803,0.80807,71
1779770400,0.80804,0.80812,0.80801,0.80809,81
1779770460,0.8081,0.80814,0.80808,0.80811,40
1779770520,0.80809,0.80809,0.80792,0.80794,91
1779770580,0.80792,0.80799,0.80791,0.80795,67
1779770640,0.80792,0.80798,0.80792,0.80792,64
1779770700,0.80791,0.80801,0.8079,0.80797,84
1779770760,0.80798,0.808,0.8079,0.808,72
1779770820,0.80802,0.80805,0.80799,0.808,63
1779770880,0.80801,0.80802,0.80797,0.80798,54
1779770940,0.80797,0.80799,0.80793,0.80795,56
1779771000,0.80795,0.80799,0.80793,0.80799,61
1779771060,0.80799,0.808,0.80791,0.80795,30
1779771120,0.80794,0.80796,0.80787,0.80788,67
1779771180,0.80788,0.80797,0.80788,0.80793,49
1779771240,0.80794,0.80798,0.80793,0.80797,38
1779771300,0.80802,0.80802,0.80787,0.80791,60
1779771360,0.80791,0.80794,0.80785,0.80786,67
1779771420,0.80786,0.80794,0.80785,0.80792,75
1779771480,0.80793,0.80796,0.80785,0.80793,75
1779771540,0.80793,0.80794,0.80785,0.8079,91
1779771600,0.80789,0.8079,0.80776,0.80785,99
1779771660,0.80786,0.80786,0.80773,0.80774,100
1779771720,0.80776,0.80783,0.80774,0.80782,67
1779771780,0.80782,0.80782,0.80773,0.80776,86
1779771840,0.80777,0.80777,0.80761,0.80763,97
1779771900,0.80769,0.80771,0.80761,0.80769,80
1779771960,0.80768,0.8077,0.80758,0.80761,103
1779772020,0.80761,0.80775,0.80761,0.80775,79
1779772080,0.80775,0.80781,0.80773,0.80776,68
1779772140,0.80777,0.80782,0.80771,0.80778,100
1779772200,0.80777,0.80779,0.80766,0.8077,85
1779772260,0.80772,0.80781,0.8077,0.80777,72
1779772320,0.80776,0.80781,0.80771,0.80779,70
1779772380,0.80778,0.80783,0.80776,0.80777,62
1779772440,0.80778,0.80783,0.80774,0.80782,77
1779772500,0.8078,0.80786,0.80777,0.80785,88
1779772560,0.80785,0.80788,0.80783,0.80787,52
1779772620,0.80788,0.80791,0.80783,0.80786,70
1779772680,0.80786,0.80791,0.80779,0.80779,101
1779772740,0.80779,0.80788,0.80773,0.80773,50
1779772800,0.80775,0.80782,0.80769,0.80771,93
1779772860,0.80772,0.80773,0.80765,0.80765,51
1779772920,0.80766,0.80769,0.80761,0.80769,51
1779772980,0.80768,0.80772,0.80764,0.80768,69
1779773040,0.80769,0.80771,0.80762,0.80765,66
1779773100,0.80766,0.80771,0.80764,0.8077,86
1779773160,0.80769,0.8078,0.80769,0.80778,65
1779773220,0.80777,0.80778,0.80767,0.8077,54
1779773280,0.8077,0.80774,0.80766,0.80773,92
1779773340,0.80772,0.80776,0.80769,0.80772,80
1779773400,0.80767,0.80786,0.80767,0.80782,105
1779773460,0.80784,0.80784,0.80769,0.80775,103
1779773520,0.80775,0.80776,0.80769,0.80772,96
1779773580,0.80771,0.80776,0.80766,0.80766,110
1779773640,0.80764,0.80769,0.80762,0.80767,90
1779773700,0.80766,0.80773,0.80761,0.80771,42
1779773760,0.80779,0.80779,0.80768,0.80777,53
1779773820,0.80777,0.8078,0.80775,0.80779,41
1779773880,0.80779,0.80786,0.80773,0.80785,79
1779773940,0.80784,0.8079,0.80779,0.80782,57
1779774000,0.80781,0.80783,0.80775,0.80777,64
1779774060,0.80776,0.8078,0.80772,0.80779,88
1779774120,0.80778,0.80779,0.80773,0.80777,72
1779774180,0.80776,0.80783,0.80775,0.80782,72
1779774240,0.80782,0.80783,0.80778,0.80779,51
1779774300,0.80779,0.80781,0.80773,0.80774,90
1779774360,0.80774,0.80782,0.80771,0.80775,64
1779774420,0.80777,0.80777,0.80766,0.80769,60
1779774480,0.8077,0.80778,0.80767,0.80774,73
1779774540,0.80775,0.80776,0.80764,0.80766,81
1779774600,0.80765,0.80771,0.80762,0.8077,73
1779774660,0.80767,0.80769,0.80762,0.80767,87
1779774720,0.80766,0.80766,0.8075,0.80758,82
1779774780,0.80758,0.80762,0.80755,0.80758,74
1779774840,0.80758,0.8076,0.80754,0.80754,50
1779774900,0.80754,0.80756,0.80744,0.80746,76
1779774960,0.80752,0.80759,0.80749,0.80757,60
1779775020,0.80759,0.8076,0.80749,0.80753,72
1779775080,0.80752,0.80757,0.80749,0.80753,74
1779775140,0.80756,0.80757,0.80751,0.80753,70
1779775200,0.80752,0.80759,0.80746,0.80748,128
1779775260,0.80747,0.80751,0.80744,0.80744,102
1779775320,0.80744,0.80749,0.80739,0.80748,99
1779775380,0.8075,0.80757,0.80746,0.80748,99
1779775440,0.8075,0.80752,0.80742,0.80749,80
1779775500,0.80749,0.80754,0.80749,0.80752,104
1779775560,0.80752,0.80759,0.80748,0.80758,82
1779775620,0.80759,0.80768,0.80753,0.80766,73
1779775680,0.80765,0.80768,0.80762,0.80765,92
1779775740,0.80766,0.80771,0.80764,0.80769,57
1779775800,0.80768,0.80778,0.80765,0.80776,81
1779775860,0.80774,0.80786,0.80774,0.80786,94
1779775920,0.80783,0.80787,0.8078,0.80784,51
1779775980,0.80783,0.80792,0.80783,0.8079,54
1779776040,0.80792,0.80803,0.8079,0.80802,61
1779776100,0.80801,0.80801,0.80783,0.80785,90
1779776160,0.80786,0.80793,0.80784,0.80791,63
1779776220,0.80789,0.80789,0.80782,0.80786,58
1779776280,0.80787,0.80788,0.80778,0.80779,71
1779776340,0.8078,0.80789,0.8078,0.80787,84
1779776400,0.80789,0.80794,0.80788,0.8079,65
1779776460,0.80791,0.80794,0.80789,0.8079,56
1779776520,0.80789,0.80791,0.80786,0.80789,61
1779776580,0.80791,0.80791,0.80781,0.8079,61
1779776640,0.80789,0.80804,0.80786,0.80802,80
1779776700,0.808,0.80822,0.808,0.80822,103
1779776760,0.80821,0.80834,0.80821,0.80834,108
1779776820,0.80833,0.80836,0.80821,0.80835,88
1779776880,0.80836,0.80839,0.80801,0.80806,110
1779776940,0.80806,0.80817,0.80796,0.80803,141
1779777000,0.80802,0.80817,0.80801,0.80815,102
1779777060,0.80813,0.80816,0.80801,0.80805,105
1779777120,0.80804,0.80805,0.80788,0.80796,115
1779777180,0.80799,0.80808,0.80795,0.80808,103
1779777240,0.80808,0.80811,0.80799,0.8081,107
1779777300,0.8081,0.8082,0.8081,0.80814,116
1779777360,0.80816,0.80828,0.80814,0.80826,86
1779777420,0.80825,0.80828,0.80818,0.80828,74
1779777480,0.80827,0.80829,0.80813,0.80821,88
1779777540,0.80822,0.80828,0.80815,0.80816,77
1779777600,0.80818,0.80829,0.80816,0.80829,84
1779777660,0.8083,0.80832,0.80822,0.80825,70
1779777720,0.80824,0.80829,0.80818,0.80821,71
1779777780,0.80821,0.80821,0.80815,0.80818,78
1779777840,0.80822,0.8083,0.80818,0.80827,57
1779777900,0.8083,0.80831,0.80813,0.80817,108
1779777960,0.80817,0.80817,0.80808,0.80813,98
1779778020,0.80811,0.80816,0.8081,0.80814,68
1779778080,0.80814,0.80817,0.80812,0.80814,79
1779778140,0.80814,0.80816,0.80802,0.80805,91
1779778200,0.80805,0.80814,0.80803,0.80804,97
1779778260,0.80803,0.80813,0.80803,0.80812,80
1779778320,0.80812,0.80817,0.8081,0.80813,96
1779778380,0.80813,0.80818,0.80811,0.80815,68
1779778440,0.80816,0.80818,0.80804,0.80808,105
1779778500,0.80811,0.80814,0.80806,0.80807,75
1779778560,0.80806,0.80814,0.80805,0.80814,97
1779778620,0.80816,0.8082,0.80808,0.80812,91
1779778680,0.80811,0.80817,0.80809,0.80812,74
1779778740,0.8081,0.80811,0.80804,0.80807,118
1779778800,0.8081,0.80822,0.80809,0.80817,94
1779778860,0.80817,0.80818,0.80801,0.80808,96
1779778920,0.8081,0.80821,0.80807,0.80811,108
1779783240,0.80697,0.80702,0.80696,0.80701,33
1779783300,0.80702,0.80706,0.807,0.80704,78
1779783360,0.80704,0.80705,0.80692,0.80693,85
1779783420,0.80693,0.80707,0.80693,0.80702,87
1779783480,0.80701,0.80708,0.807,0.80708,69
1779783540,0.80708,0.80714,0.80694,0.80701,111
1779783600,0.80702,0.80704,0.807,0.80701,70
1779783660,0.807,0.80706,0.80698,0.80704,111
1779783720,0.80702,0.80706,0.80699,0.80704,78
1779783780,0.80702,0.8071,0.80699,0.80702,79
1779783840,0.80703,0.8071,0.80701,0.8071,71
1779783900,0.80707,0.80708,0.80698,0.80699,87
1779783960,0.80701,0.80709,0.807,0.80702,110
1779784020,0.80705,0.80706,0.80694,0.80699,84
1779784080,0.807,0.80701,0.8069,0.80701,100
1779784140,0.80698,0.80705,0.80693,0.80702,106
1779784200,0.807,0.80704,0.80695,0.80702,93
1779784260,0.80702,0.80713,0.80701,0.80703,92
1779784320,0.80704,0.80707,0.807,0.80701,80
1779784380,0.80706,0.80709,0.80697,0.807,81
1779784440,0.80701,0.80702,0.80687,0.80697,98
1779784500,0.80694,0.80703,0.80692,0.80695,71
1779784560,0.80696,0.80702,0.80692,0.80696,105
1779784620,0.80695,0.80704,0.80695,0.80704,68
1779784680,0.80705,0.80708,0.80695,0.80696,80
1779784740,0.80696,0.807,0.80688,0.80688,75
1779784800,0.80689,0.8069,0.80679,0.80685,75
1779784860,0.80686,0.8069,0.80682,0.80688,85
1779784920,0.80688,0.80691,0.80683,0.80683,88
1779784980,0.80688,0.80688,0.80675,0.80678,114
1779785040,0.80677,0.80683,0.80676,0.80679,83
1779785100,0.80678,0.80681,0.80672,0.80674,89
1779785160,0.80674,0.80683,0.80674,0.80678,87
1779785220,0.8068,0.80682,0.80673,0.80677,73
1779785280,0.80673,0.80673,0.80661,0.80668,84
1779785340,0.80667,0.80669,0.80661,0.80664,85
1779785400,0.80664,0.80667,0.80657,0.80664,101
1779785460,0.80668,0.80675,0.80666,0.80672,79
1779785520,0.80677,0.80679,0.80672,0.80674,77
1779785580,0.80675,0.80684,0.80673,0.80682,78
1779785640,0.80683,0.80688,0.80679,0.80687,74
1779785700,0.80688,0.8069,0.80683,0.80684,63
1779785760,0.80685,0.80685,0.80679,0.80681,64
1779785820,0.80681,0.80681,0.80673,0.80681,84
1779785880,0.8068,0.8068,0.80673,0.80676,73
1779785940,0.80675,0.80675,0.80666,0.80673,74
1779786000,0.80671,0.80671,0.8066,0.80661,107
1779786060,0.8066,0.80668,0.80652,0.80667,95
1779786120,0.80668,0.80668,0.80654,0.80658,79
1779786180,0.80658,0.80668,0.80656,0.80667,72
1779786240,0.80665,0.80675,0.80664,0.80673,100
1779786300,0.80677,0.8068,0.80667,0.80679,103
1779786360,0.80678,0.8068,0.80672,0.80674,82
1779786420,0.80675,0.80677,0.80654,0.80657,109
1779786480,0.80656,0.80663,0.80654,0.80658,83
1779786540,0.80657,0.80659,0.8065,0.80655,66
1779786600,0.80655,0.80658,0.80652,0.80658,50
1779786660,0.80654,0.80657,0.80651,0.80657,51
1779786720,0.80657,0.80665,0.80655,0.80659,75
1779786780,0.80658,0.80662,0.80651,0.80653,51
1779786840,0.80655,0.80656,0.80647,0.80647,55
1779786900,0.80649,0.8065,0.80645,0.80647,55
1779786960,0.80648,0.80657,0.80647,0.80657,65
1779787020,0.80653,0.80675,0.80653,0.80661,149
1779787080,0.80662,0.80668,0.80659,0.80663,104
1779787140,0.80663,0.80672,0.80654,0.80662,99
1779787200,0.80664,0.80674,0.80663,0.80671,99
1779787260,0.80671,0.80676,0.80668,0.80674,73
1779787320,0.80676,0.80676,0.80658,0.80661,89
1779787380,0.8066,0.80662,0.80652,0.80654,99
1779787440,0.80656,0.80661,0.80654,0.80657,41
1779787500,0.80657,0.80662,0.80652,0.80661,85
1779787560,0.80662,0.80668,0.80657,0.80666,89
1779787620,0.80667,0.80671,0.80663,0.80667,82
1779787680,0.80668,0.80668,0.80656,0.80663,67
1779787740,0.80665,0.80684,0.80664,0.80683,102
1779787800,0.80683,0.8069,0.80669,0.80674,129
1779787860,0.80673,0.80684,0.80673,0.80681,79
1779787920,0.80683,0.80684,0.80671,0.80677,105
1779787980,0.80679,0.8069,0.80678,0.80686,90
1779788040,0.80686,0.80691,0.80684,0.80685,64
1779788100,0.80685,0.80688,0.80677,0.8068,76
1779788160,0.80681,0.80681,0.80672,0.80678,68
1779788220,0.80678,0.8068,0.8067,0.80671,55
1779788280,0.80672,0.80674,0.80667,0.80673,71
1779788340,0.80672,0.80675,0.80669,0.8067,62
1779788400,0.80671,0.80674,0.80666,0.80666,83
1779788460,0.80663,0.80669,0.8066,0.80667,83
1779788520,0.80667,0.80669,0.80657,0.80663,68
1779788580,0.80661,0.80665,0.80654,0.80661,48
1779788640,0.80662,0.80662,0.80651,0.80653,56
1779788700,0.80653,0.80655,0.80648,0.8065,44
1779788760,0.80649,0.80654,0.80646,0.80652,73
1779788820,0.80653,0.80654,0.80647,0.8065,50
1779788880,0.80651,0.80658,0.80649,0.80655,41
1779788940,0.80656,0.80665,0.80653,0.80664,59
1779789000,0.80663,0.80668,0.80657,0.80663,87
1779789060,0.80665,0.80665,0.80656,0.8066,53
1779789120,0.80661,0.80662,0.80657,0.80661,60
1779789180,0.80662,0.80662,0.80653,0.80654,81
1779789240,0.80655,0.80662,0.80648,0.80662,91
1779789300,0.80664,0.80673,0.80659,0.80666,81
1779789360,0.80667,0.80673,0.80666,0.80668,59
1779789420,0.8067,0.8067,0.80664,0.80668,71
1779789480,0.80667,0.80669,0.8066,0.80661,68
1779789540,0.80662,0.80665,0.80659,0.80663,76
1779789600,0.80664,0.8067,0.80653,0.80669,101
1779789660,0.80669,0.80671,0.80659,0.80666,62
1779789720,0.80665,0.80666,0.80659,0.80663,92
1779789780,0.80663,0.80663,0.80653,0.80656,67
1779789840,0.80658,0.8066,0.80645,0.80647,55
1779789900,0.80647,0.80652,0.80647,0.8065,60
1779789960,0.80651,0.80654,0.80648,0.80652,55
1779790020,0.80651,0.80657,0.80649,0.80657,56
1779790080,0.80657,0.80663,0.80656,0.80661,83
1779790140,0.80659,0.80661,0.80652,0.80659,81
1779790200,0.80657,0.80666,0.80657,0.80665,73
1779790260,0.80662,0.80664,0.8066,0.8066,81
1779790320,0.80661,0.80667,0.8066,0.80667,71
1779790380,0.80667,0.80671,0.80662,0.80666,67
1779790440,0.80669,0.80671,0.80662,0.80666,73
1779790500,0.80665,0.80672,0.80661,0.80666,62
1779790560,0.80665,0.80666,0.8066,0.80662,59
1779790620,0.80662,0.80664,0.80657,0.8066,70
1779790680,0.80658,0.80664,0.80656,0.80664,48
1779790740,0.80665,0.80669,0.80661,0.80668,82
1779790800,0.80671,0.80672,0.80661,0.80667,95
1779790860,0.80668,0.80671,0.80663,0.80664,71
1779790920,0.80665,0.80665,0.80654,0.80663,79
1779790980,0.80664,0.80664,0.80653,0.80653,38
1779791040,0.80655,0.8066,0.80645,0.80647,78
1779791100,0.80647,0.80654,0.80645,0.80654,56
1779791160,0.80652,0.80662,0.80652,0.80661,50
1779791220,0.8066,0.80663,0.80652,0.80658,70
1779791280,0.80658,0.80682,0.80658,0.80676,109
1779791340,0.80676,0.80676,0.80666,0.80671,132
1779791400,0.80672,0.80692,0.80672,0.80688,159
1779791460,0.80688,0.8069,0.80677,0.80679,83
1779791520,0.80681,0.8069,0.80678,0.80679,118
1779791580,0.80678,0.8069,0.80678,0.80687,135
1779791640,0.80691,0.80695,0.80687,0.80695,115
1779791700,0.80693,0.80717,0.8069,0.80692,122
1779791760,0.80691,0.80698,0.80687,0.80687,88
1779791820,0.80688,0.80694,0.80684,0.80686,89
1779791880,0.80686,0.80686,0.80679,0.80681,87
1779791940,0.80677,0.80687,0.80673,0.80684,74
1779792000,0.80685,0.80688,0.80677,0.80684,125
1779792060,0.80681,0.80685,0.80673,0.80675,89
1779792120,0.80676,0.80682,0.8067,0.80679,79
1779792180,0.80677,0.80683,0.80676,0.80678,76
1779792240,0.80682,0.80695,0.80679,0.80691,86
1779792300,0.80692,0.80693,0.8068,0.8068,70
1779792360,0.80681,0.80686,0.80676,0.80679,60
1779792420,0.80679,0.8068,0.80669,0.80672,68
1779792480,0.80673,0.80677,0.8067,0.80675,74
1779792540,0.80677,0.80684,0.80675,0.80684,67
1779792600,0.80685,0.80688,0.80679,0.80679,72
1779792660,0.8068,0.80685,0.80676,0.80685,94
1779792720,0.80684,0.80694,0.8068,0.80691,112
1779792780,0.8069,0.80695,0.80687,0.80693,85
1779792840,0.80692,0.80692,0.80684,0.80689,74
1779792900,0.80689,0.80701,0.80689,0.80692,86
1779792960,0.80691,0.80691,0.80686,0.8069,62
1779793020,0.8069,0.80696,0.80688,0.8069,75
1779793080,0.80689,0.80697,0.80688,0.80697,49
1779793140,0.80696,0.80699,0.80681,0.80681,103
1779793200,0.80681,0.80691,0.80681,0.80684,78
1779793260,0.80683,0.80688,0.80678,0.80679,97
1779793320,0.8068,0.80682,0.80672,0.80676,69
1779793380,0.80681,0.80694,0.80679,0.80692,87
1779793440,0.80693,0.80702,0.8069,0.807,86
1779793500,0.80701,0.80705,0.80693,0.80698,76
1779793560,0.80699,0.80707,0.80698,0.80705,65
1779793620,0.80706,0.80709,0.80702,0.80708,43
1779793680,0.80709,0.80709,0.80702,0.80703,54
1779793740,0.80704,0.8071,0.80703,0.80706,56
1779793800,0.80704,0.80708,0.80701,0.80708,37
1779793860,0.80709,0.80714,0.80706,0.8071,48
1779793920,0.80711,0.80715,0.80707,0.80714,55
1779793980,0.80712,0.80715,0.80705,0.80705,58
1779794040,0.80706,0.80711,0.80704,0.80704,38
1779794100,0.80706,0.80709,0.80695,0.80699,61
1779794160,0.80699,0.80704,0.80698,0.80704,37
1779794220,0.80706,0.80717,0.80702,0.80713,91
1779794280,0.80709,0.80711,0.807,0.807,61
1779794340,0.80699,0.80705,0.80698,0.80702,68
1779794400,0.80703,0.80704,0.80697,0.80703,79
1779794460,0.80701,0.80702,0.80697,0.807,69
1779794520,0.80699,0.80705,0.80699,0.80705,42
1779794580,0.80706,0.8071,0.80704,0.80706,61
1779794640,0.80708,0.80715,0.80707,0.80712,46
1779794700,0.80712,0.80717,0.8071,0.80711,51
1779794760,0.80712,0.80716,0.807,0.80703,88
1779794820,0.80704,0.80709,0.807,0.80706,61
1779794880,0.80704,0.80709,0.80704,0.80707,35
1779794940,0.80708,0.8071,0.80704,0.80708,42
1779795000,0.80706,0.80711,0.80702,0.8071,59
1779795060,0.8071,0.80715,0.8071,0.80712,36
1779795120,0.80712,0.80722,0.80712,0.8072,58
1779795180,0.8072,0.80722,0.80713,0.80715,65
1779795240,0.80715,0.80715,0.8068,0.80688,156
1779795300,0.80686,0.80695,0.80662,0.80664,144
1779795360,0.80662,0.80675,0.80658,0.80674,171
1779795420,0.80671,0.80685,0.80667,0.80685,129
1779795480,0.80684,0.80691,0.80682,0.80687,82
1779795540,0.80691,0.80694,0.80685,0.80689,92
1779795600,0.80689,0.80693,0.80678,0.80684,102
1779795660,0.80684,0.80691,0.80684,0.80691,69
1779795720,0.80689,0.80691,0.80678,0.80684,85
1779795780,0.80684,0.80695,0.80682,0.80692,94
1779795840,0.80693,0.80693,0.80689,0.80693,54
1779795900,0.80691,0.80693,0.80676,0.80681,98
1779795960,0.80681,0.80697,0.80679,0.80696,86
1779796020,0.80696,0.80703,0.80692,0.80701,88
1779796080,0.80703,0.80703,0.80691,0.80694,90
1779796140,0.80694,0.80695,0.80684,0.80684,81
1779796200,0.80683,0.80695,0.8068,0.80689,89
1779796260,0.8069,0.80694,0.80685,0.80685,76
1779796320,0.80687,0.80691,0.80685,0.8069,83
1779796380,0.80689,0.80692,0.80686,0.80686,67
1779796440,0.80689,0.80689,0.80671,0.80674,96
1779796500,0.80674,0.80683,0.80673,0.80681,92
1779796560,0.80682,0.80698,0.80679,0.80698,77
1779796620,0.80697,0.80698,0.80688,0.80689,72
1779796680,0.80688,0.80693,0.80676,0.80677,80
1779796740,0.80676,0.80681,0.80674,0.80679,78
1779796800,0.80674,0.80679,0.80671,0.80677,100
1779796860,0.80678,0.80695,0.80677,0.80691,74
1779796920,0.80691,0.80699,0.80691,0.80699,70
1779796980,0.80699,0.80704,0.80697,0.80698,51
1779797040,0.80699,0.80699,0.80688,0.80691,92
1779797100,0.80688,0.80696,0.80686,0.80686,77
1779797160,0.80687,0.80687,0.80675,0.80675,79
1779797220,0.80676,0.80678,0.80669,0.80676,54
1779797280,0.80675,0.80678,0.80657,0.80671,119
1779797340,0.8067,0.80692,0.80664,0.8069,126
1779797400,0.80689,0.80697,0.80681,0.80697,72
1779797460,0.80694,0.80699,0.80692,0.80697,59
1779797520,0.80698,0.80712,0.80698,0.80709,65
1779797580,0.80708,0.80713,0.80702,0.80702,66
1779797640,0.80695,0.80698,0.80687,0.80689,73
1779797700,0.80687,0.80689,0.8068,0.80686,69
1779797760,0.8069,0.8069,0.80683,0.80687,72
1779797820,0.80686,0.80689,0.80677,0.80683,78
1779797880,0.80681,0.80684,0.80676,0.80682,65
1779797940,0.8068,0.80693,0.80679,0.80686,77
1779798000,0.80688,0.807,0.80688,0.80697,93
1779798060,0.80697,0.807,0.80695,0.80698,72
1779798120,0.807,0.80709,0.80697,0.80709,62
1779798180,0.80708,0.80714,0.80704,0.80708,75
1779798240,0.80708,0.80712,0.80707,0.80711,59
1779798300,0.80711,0.80716,0.80708,0.80713,72
1779798360,0.80712,0.80714,0.80704,0.80708,87
1779798420,0.80709,0.80717,0.80709,0.80716,50
1779798480,0.80714,0.80722,0.80714,0.80719,42
1779798540,0.80721,0.80725,0.80721,0.80723,29
1779798600,0.80724,0.80725,0.80708,0.80711,56
1779798660,0.80712,0.80716,0.80711,0.80715,40
1779798720,0.80715,0.80718,0.8071,0.80717,66
1779798780,0.80717,0.80717,0.80712,0.80714,55
1779798840,0.80714,0.8072,0.80714,0.80715,56
1779798900,0.80716,0.80716,0.80698,0.80701,63
1779798960,0.80701,0.80706,0.80698,0.80705,73
1779799020,0.80705,0.80708,0.80701,0.80706,89
1779799080,0.80706,0.80713,0.80701,0.80702,71
1779799140,0.80702,0.8071,0.807,0.80703,86
1779799200,0.80703,0.80714,0.80701,0.80711,99
1779799260,0.80712,0.80715,0.8071,0.80714,72
1779799320,0.80715,0.80727,0.80715,0.80725,91
1779799380,0.80727,0.80731,0.80721,0.80728,115
1779799440,0.80723,0.80725,0.8071,0.80712,100
1779799500,0.80713,0.80716,0.80707,0.80715,105
1779799560,0.80717,0.8072,0.80708,0.80717,77
1779799620,0.80716,0.80719,0.8071,0.80712,76
1779799680,0.80712,0.80717,0.80712,0.80716,53
1779799740,0.80716,0.80724,0.80715,0.80721,89
1779799800,0.80722,0.80729,0.8072,0.80727,100
1779799860,0.80728,0.80731,0.80723,0.80729,83
1779799920,0.8073,0.80731,0.80713,0.80718,71
1779799980,0.80716,0.80719,0.80711,0.80711,59
1779800040,0.80713,0.80713,0.80709,0.80713,67
1779800100,0.80714,0.80714,0.80703,0.80706,85
1779800160,0.80705,0.8071,0.80703,0.80707,90
1779800220,0.80709,0.80716,0.80706,0.80712,70
1779800280,0.80713,0.80713,0.80701,0.80706,75
1779800340,0.80707,0.80707,0.80692,0.80695,77
1779800400,0.80692,0.807,0.80692,0.80699,68
1779800460,0.807,0.80705,0.80695,0.80696,82
1779800520,0.80695,0.80701,0.80687,0.80687,114
1779800580,0.8069,0.80695,0.80687,0.80687,84
1779800640,0.80689,0.80691,0.80685,0.80685,88
1779800700,0.80686,0.80691,0.80682,0.80684,82
1779800760,0.80683,0.80693,0.80682,0.80691,103
1779800820,0.80693,0.80696,0.80689,0.80696,77
1779800880,0.80697,0.80697,0.80688,0.80693,69
1779800940,0.80694,0.80701,0.80693,0.80698,70
1779801000,0.80697,0.80699,0.80692,0.80694,68
1779801060,0.80693,0.80694,0.80676,0.80682,99
1779801120,0.80681,0.80681,0.80667,0.80674,77
1779801180,0.80674,0.80677,0.80666,0.8067,87
1779801240,0.80671,0.80678,0.8067,0.80676,91
1779801300,0.80675,0.80689,0.8067,0.80685,95
1779801360,0.80684,0.80686,0.80679,0.80682,74
1779801420,0.80682,0.80688,0.80677,0.80679,99
1779801480,0.8068,0.80682,0.80677,0.8068,81
1779801540,0.80682,0.80682,0.80675,0.80676,104
1779801600,0.80678,0.80697,0.80677,0.80697,94
1779801660,0.80695,0.80708,0.80695,0.80706,93
1779801720,0.80703,0.80708,0.80699,0.80704,80
1779801780,0.80705,0.80715,0.80704,0.80711,78
1779801840,0.80711,0.80712,0.80706,0.8071,96
1779801900,0.8071,0.80712,0.80699,0.80699,85
1779801960,0.807,0.80704,0.80695,0.807,83
1779802020,0.80703,0.80704,0.80694,0.807,83
1779802080,0.80697,0.80699,0.80684,0.80687,89
1779802140,0.80687,0.80692,0.80678,0.80679,101
1779802200,0.80682,0.80695,0.80681,0.80691,148
1779802260,0.80689,0.8069,0.80671,0.80674,127
1779802320,0.80673,0.80681,0.8067,0.80671,105
1779802380,0.80672,0.80675,0.80662,0.80662,118
1779802440,0.80663,0.80666,0.80652,0.80654,101
1779802500,0.80653,0.80655,0.80641,0.80644,110
1779802560,0.80642,0.80649,0.80641,0.80645,108
1779802620,0.80648,0.80663,0.80644,0.80659,124
1779802680,0.8066,0.80661,0.80646,0.80646,116
1779802740,0.80648,0.8066,0.80644,0.80657,113
1779802800,0.80658,0.8068,0.80655,0.80677,126
1779802860,0.80678,0.80688,0.80669,0.80669,103
1779802920,0.80665,0.80678,0.80664,0.80677,103
1779802980,0.80677,0.80695,0.80676,0.80688,106
1779803040,0.80686,0.80691,0.80665,0.80669,120
1779803100,0.80672,0.80682,0.80671,0.80682,95
1779803160,0.8068,0.80696,0.80679,0.80696,127
1779803220,0.80694,0.80697,0.80674,0.80681,130
1779803280,0.80681,0.80685,0.80676,0.80678,116
1779803340,0.80679,0.80687,0.80676,0.8068,85
1779803400,0.80679,0.80685,0.80653,0.80653,132
1779803460,0.80656,0.80656,0.80633,0.80638,144
1779803520,0.8064,0.80649,0.8063,0.80636,131
1779803580,0.80633,0.80633,0.80583,0.80589,185
1779803640,0.80586,0.80602,0.80586,0.80602,141
1779803700,0.80601,0.8062,0.80597,0.80616,182
1779803760,0.80614,0.80627,0.80614,0.80625,123
1779803820,0.80625,0.80632,0.80619,0.80619,101
1779803880,0.80619,0.80623,0.80617,0.80618,78
1779803940,0.80615,0.8062,0.80613,0.80617,95
1779804000,0.80616,0.80622,0.80593,0.80601,138
1779804060,0.806,0.80626,0.806,0.80623,153
1779804120,0.80624,0.80635,0.80622,0.80628,147
1779804180,0.80629,0.80645,0.80619,0.80643,152
1779804240,0.80643,0.80643,0.80634,0.80639,94
1779804300,0.8064,0.8064,0.80621,0.80627,116
1779804360,0.80628,0.80635,0.80625,0.8063,124
1779804420,0.80633,0.80654,0.80632,0.8064,134
1779804480,0.80639,0.80646,0.80633,0.80642,126
1779804540,0.80641,0.80648,0.80636,0.80643,128
1779804600,0.80642,0.80652,0.80634,0.80645,131
1779804660,0.80646,0.80648,0.80631,0.80631,136
1779804720,0.80632,0.80632,0.80623,0.80627,99
1779804780,0.80628,0.80635,0.80624,0.80627,136
1779804840,0.80626,0.80635,0.80624,0.80632,128
1779804900,0.80632,0.80636,0.80628,0.8063,120
1779804960,0.80631,0.80644,0.8063,0.80634,101
1779805020,0.80632,0.80643,0.80631,0.80635,118
1779805080,0.80633,0.80644,0.80633,0.80643,101
1779805140,0.80641,0.80644,0.80632,0.8064,99
1779805200,0.8064,0.80648,0.80634,0.80645,73
1779805260,0.80646,0.80653,0.80645,0.80651,107
1779805320,0.80652,0.80669,0.80651,0.8066,106
1779805380,0.80661,0.80665,0.80654,0.80664,101
1779805440,0.80665,0.80674,0.8066,0.8067,99
1779805500,0.8067,0.80675,0.80667,0.80673,113
1779805560,0.80674,0.80674,0.80658,0.80662,107
1779805620,0.80662,0.80668,0.80655,0.80665,112
1779805680,0.80665,0.80665,0.80643,0.80645,114
1779805740,0.80647,0.80659,0.80643,0.80658,132
1779805800,0.80655,0.80661,0.80653,0.80655,126
1779805860,0.80656,0.80663,0.80652,0.80656,140
1779805920,0.80654,0.80663,0.80646,0.80655,156
1779805980,0.80653,0.80653,0.8063,0.80635,150
1779806040,0.80636,0.80642,0.80633,0.80638,92
1779806100,0.80639,0.80657,0.80637,0.80654,136
1779806160,0.80654,0.80666,0.80646,0.80648,144
1779806220,0.8065,0.8065,0.80634,0.80643,125
1779806280,0.80641,0.80644,0.80636,0.80637,102
1779806340,0.80637,0.80638,0.80613,0.80613,139
1779806400,0.80615,0.80639,0.80615,0.80638,94
1779806460,0.80639,0.8064,0.80631,0.80635,99
1779806520,0.80636,0.80652,0.80635,0.80644,111
1779806580,0.8064,0.80642,0.80624,0.80627,123
1779806640,0.80628,0.80638,0.80622,0.80638,108
1779806700,0.80639,0.8064,0.80629,0.80637,103
1779806760,0.80637,0.80642,0.8063,0.80641,105
1779806820,0.8064,0.8065,0.80634,0.80635,111
1779806880,0.80635,0.80639,0.80623,0.80635,143
1779806940,0.80634,0.80645,0.80633,0.80635,111
1779807000,0.80635,0.80646,0.80635,0.80644,98
1779807060,0.80644,0.80644,0.80636,0.80637,130
1779807120,0.80636,0.80639,0.80633,0.80636,112
1779807180,0.80635,0.80639,0.8063,0.80632,112
1779807240,0.80632,0.80637,0.8063,0.80635,118
1779807300,0.80634,0.80665,0.80632,0.80658,169
1779807360,0.80652,0.80661,0.80638,0.80643,175
1779807420,0.80645,0.80653,0.80639,0.80648,163
1779807480,0.80648,0.80654,0.80645,0.80653,130
1779807540,0.80654,0.80656,0.80643,0.80646,137
1779807600,0.80643,0.80649,0.8063,0.80648,147
1779807660,0.80649,0.80651,0.80635,0.80637,147
1779807720,0.80637,0.8064,0.80622,0.80627,157
1779807780,0.80625,0.80634,0.80618,0.80624,166
1779807840,0.80621,0.80624,0.80614,0.8062,96
1779807900,0.80621,0.80637,0.80618,0.80635,125
1779807960,0.80636,0.80644,0.80627,0.80642,134
1779808020,0.80644,0.80645,0.80635,0.80639,112
1779808080,0.80637,0.80643,0.80635,0.80639,135
1779808140,0.80637,0.80645,0.80633,0.8064,120
1779808200,0.80638,0.80653,0.80638,0.80646,112
1779808260,0.80645,0.80647,0.80642,0.80646,112
1779808320,0.80644,0.80661,0.80644,0.80661,85
1779808380,0.80659,0.80663,0.80649,0.80656,89
1779808440,0.80657,0.80663,0.80651,0.80653,121
1779808500,0.80652,0.80655,0.80646,0.80653,109
1779808560,0.80652,0.80657,0.8064,0.80642,86
1779808620,0.8064,0.80642,0.80627,0.80627,124
1779808680,0.80628,0.80636,0.80626,0.80636,118
1779808740,0.80634,0.80641,0.80615,0.80617,126
1779808800,0.80618,0.80619,0.8061,0.80612,116
1779808860,0.80612,0.8062,0.80612,0.80618,100
1779808920,0.80619,0.8062,0.80614,0.80615,92
1779808980,0.80617,0.80618,0.8061,0.80615,115
1779809040,0.80615,0.80621,0.80613,0.80614,107
1779809100,0.80614,0.80618,0.80609,0.80611,119
1779809160,0.80613,0.80625,0.8061,0.80614,105
1779809220,0.80613,0.80616,0.80605,0.80607,93
1779809280,0.80604,0.8062,0.80604,0.80606,102
1779809340,0.80609,0.8061,0.80597,0.80598,96
1779809400,0.806,0.80606,0.80595,0.80598,121
1779809460,0.80599,0.80607,0.80597,0.80599,100
1779809520,0.80598,0.8061,0.80598,0.80604,105
1779809580,0.80606,0.80616,0.80606,0.80611,94
1779809640,0.80612,0.80614,0.80604,0.80604,123
1779809700,0.806,0.80604,0.80595,0.80598,126
1779809760,0.80599,0.80601,0.80586,0.80586,114
1779809820,0.80588,0.8059,0.80568,0.80575,130
1779809880,0.80576,0.80579,0.80572,0.80575,114
1779809940,0.80575,0.80589,0.80573,0.80585,93
1779810000,0.80586,0.80587,0.8057,0.80573,89
1779810060,0.80574,0.8058,0.80574,0.80579,99
1779810120,0.8058,0.80586,0.80577,0.80584,108
1779810180,0.80584,0.80584,0.80577,0.80579,112
1779810240,0.80578,0.8058,0.80567,0.80571,113
1779810300,0.80573,0.80579,0.80566,0.8057,125
1779810360,0.80569,0.80572,0.80563,0.80569,106
1779810420,0.80567,0.8057,0.80562,0.80567,123
1779810480,0.80568,0.80568,0.80558,0.80563,101
1779810540,0.8056,0.8056,0.80548,0.80553,107
1779810600,0.80552,0.80558,0.80551,0.80558,116
1779810660,0.80559,0.80559,0.80552,0.80553,89
1779810720,0.80555,0.80557,0.80552,0.80555,68
1779810780,0.80554,0.80557,0.80551,0.80553,76
1779810840,0.80554,0.80556,0.80547,0.80552,102
1779810900,0.80551,0.80554,0.80548,0.8055,96
1779810960,0.80549,0.8055,0.80542,0.80544,101
1779811020,0.80545,0.80547,0.80526,0.80532,114
1779811080,0.80534,0.80537,0.80523,0.8053,107
1779811140,0.80528,0.80533,0.80527,0.80531,82
1779811200,0.80531,0.80546,0.80525,0.80541,117
1779811260,0.80541,0.80561,0.80541,0.80561,134
1779811320,0.80565,0.80566,0.80551,0.80558,95
1779811380,0.80559,0.80562,0.80548,0.80552,109
1779811440,0.80554,0.80558,0.80552,0.80556,88
1779811500,0.80556,0.80562,0.80551,0.80561,87
1779811560,0.80558,0.80559,0.80544,0.8055,87
1779811620,0.80549,0.80558,0.80549,0.80558,57
1779811680,0.80557,0.80558,0.80545,0.80549,71
1779811740,0.80545,0.80556,0.80545,0.80556,92
1779811800,0.80555,0.80555,0.80544,0.80547,80
1779811860,0.80547,0.80553,0.80545,0.80552,74
1779811920,0.80554,0.80559,0.80542,0.80544,92
1779811980,0.80543,0.8055,0.80542,0.80545,79
1779812040,0.80543,0.80547,0.80539,0.80539,100
1779812100,0.8054,0.80547,0.80537,0.80539,99
1779812160,0.80537,0.80543,0.80536,0.80543,55
1779812220,0.80543,0.80544,0.80534,0.80536,57
1779812280,0.80538,0.80548,0.80537,0.80548,88
1779812340,0.80548,0.80558,0.80543,0.80554,98
1779812400,0.80554,0.80559,0.8055,0.80555,75
1779812460,0.8055,0.80555,0.80543,0.80545,97
1779812520,0.80547,0.80553,0.80546,0.8055,74
1779812580,0.80552,0.80562,0.80551,0.80561,78
1779812640,0.80559,0.80569,0.80559,0.80566,79
1779812700,0.80567,0.80571,0.80558,0.80562,115
1779812760,0.80563,0.80568,0.80561,0.80565,80
1779812820,0.80566,0.80567,0.80558,0.80564,51
1779812880,0.80566,0.80576,0.80561,0.80575,75
1779812940,0.80573,0.80581,0.80572,0.80578,104
1779813000,0.80578,0.80586,0.8057,0.80583,83
1779813060,0.80583,0.80585,0.8058,0.80583,54
1779813120,0.80581,0.80588,0.80577,0.80587,103
1779813180,0.80587,0.80602,0.80586,0.80597,117
1779813240,0.80599,0.80601,0.80591,0.80595,107
1779813300,0.80595,0.80598,0.80589,0.80591,88
1779813360,0.80593,0.80596,0.80583,0.80584,100
1779813420,0.80586,0.80588,0.80569,0.80569,94
1779813480,0.80569,0.80582,0.80569,0.80582,78
1779813540,0.80584,0.80584,0.80576,0.80581,80
1779813600,0.80581,0.80589,0.8058,0.80582,98
1779813660,0.80583,0.80584,0.80574,0.80579,92
1779813720,0.80577,0.8058,0.80564,0.80568,89
1779813780,0.80568,0.80575,0.80559,0.80563,104
1779813840,0.80565,0.80567,0.80551,0.80554,104
1779813900,0.80553,0.80558,0.80542,0.80545,111
1779813960,0.80545,0.80547,0.80535,0.80541,96
1779814020,0.80543,0.80547,0.80541,0.80541,83
1779814080,0.80542,0.80543,0.80529,0.8053,125
1779814140,0.80529,0.80544,0.80528,0.80538,96
1779814200,0.8054,0.80552,0.80539,0.80549,74
1779814260,0.8055,0.80561,0.80549,0.8056,82
1779814320,0.80563,0.80575,0.80556,0.80575,121
1779814380,0.80574,0.80577,0.80568,0.8057,89
1779814440,0.80571,0.8058,0.80569,0.80571,85
1779814500,0.8057,0.8058,0.80568,0.80579,107
1779814560,0.80578,0.80584,0.80576,0.80579,112
1779814620,0.8058,0.80585,0.8057,0.80573,96
1779814680,0.80574,0.80575,0.80567,0.80573,95
1779814740,0.80574,0.80582,0.80568,0.80581,93
1779814800,0.80582,0.80586,0.8058,0.80582,76
1779814860,0.80581,0.80591,0.80581,0.80589,109
1779814920,0.80588,0.80593,0.80581,0.80591,113
1779814980,0.80592,0.80599,0.80591,0.80596,78
1779815040,0.80597,0.80599,0.80589,0.80589,63
1779815100,0.8059,0.80597,0.80585,0.80594,94
1779815160,0.80593,0.80595,0.80587,0.80591,85
1779815220,0.80592,0.80593,0.80583,0.80585,78
1779815280,0.80586,0.80589,0.80579,0.80581,85
1779815340,0.8058,0.80591,0.80579,0.80587,83
1779815400,0.80588,0.80591,0.80577,0.80591,88
1779815460,0.8059,0.80594,0.80584,0.80587,73
1779815520,0.80587,0.80594,0.80583,0.80589,90
1779815580,0.80589,0.80593,0.80587,0.80591,45
1779815640,0.80591,0.80592,0.80585,0.80589,61
1779815700,0.8059,0.8059,0.80579,0.80585,86
1779815760,0.80587,0.80591,0.80583,0.8059,84
1779815820,0.80588,0.80591,0.80579,0.80581,74
1779815880,0.8058,0.80586,0.80579,0.8058,87
1779815940,0.80579,0.80585,0.80579,0.8058,82
1779816000,0.80581,0.80586,0.80576,0.80585,99
1779816060,0.80587,0.8059,0.80582,0.80584,86
1779816120,0.80585,0.80586,0.80575,0.8058,113
1779816180,0.80581,0.80587,0.8058,0.80583,84
1779816240,0.80585,0.80585,0.80574,0.8058,90
1779816300,0.8058,0.8058,0.80573,0.8058,75
1779816360,0.8058,0.80581,0.80573,0.80579,64
1779816420,0.8058,0.80592,0.8058,0.80587,67
1779816480,0.80586,0.80587,0.80578,0.80583,85
1779816540,0.80582,0.80588,0.80581,0.80582,91
1779816600,0.80582,0.80588,0.80579,0.80586,93
1779816660,0.80587,0.80599,0.80583,0.80599,95
1779816720,0.806,0.80613,0.80596,0.80608,95
1779816780,0.80608,0.80608,0.80595,0.80604,109
1779816840,0.806,0.80606,0.80598,0.80602,65
1779816900,0.80601,0.80604,0.80594,0.80604,72
1779816960,0.80604,0.80604,0.80593,0.80598,89
1779817020,0.80597,0.80603,0.80593,0.806,83
1779817080,0.806,0.80603,0.80597,0.80599,73
1779817140,0.80597,0.80604,0.80596,0.80599,74
1779817200,0.80597,0.80598,0.80583,0.80586,93
1779817260,0.80587,0.80595,0.80582,0.80593,92
1779817320,0.80595,0.80598,0.80586,0.80586,76
1779817380,0.80589,0.80594,0.80588,0.80588,54
1779817440,0.80588,0.80591,0.80585,0.8059,76
1779817500,0.80589,0.8059,0.80579,0.80587,82
1779817560,0.80586,0.80586,0.80576,0.80579,77
1779817620,0.80579,0.80586,0.80577,0.80585,87
1779817680,0.80586,0.80591,0.80582,0.80586,78
1779817740,0.80585,0.80597,0.80585,0.80594,76
1779817800,0.80594,0.80595,0.80585,0.80593,76
1779817860,0.80593,0.80602,0.80593,0.80597,61
1779817920,0.80595,0.806,0.80591,0.80597,73
1779817980,0.80598,0.80604,0.80594,0.80595,75
1779818040,0.80594,0.80599,0.8059,0.80598,63
1779818100,0.80597,0.80598,0.80593,0.80595,49
1779818160,0.80595,0.80599,0.80592,0.80596,66
1779818220,0.80596,0.80597,0.80586,0.80594,84
1779818280,0.80593,0.80597,0.80587,0.80595,59
1779818340,0.80593,0.80597,0.80587,0.80587,59
1779818400,0.80587,0.80596,0.80587,0.80593,94
1779818460,0.80591,0.80593,0.80584,0.80588,85
1779818520,0.80587,0.8059,0.80575,0.80575,63
1779818580,0.80577,0.80584,0.80573,0.8058,90
1779818640,0.80581,0.80589,0.80577,0.80586,100
1779818700,0.80586,0.80589,0.80576,0.8058,86
1779818760,0.80581,0.80584,0.80578,0.80583,71
1779818820,0.80582,0.80584,0.80577,0.80581,76
1779818880,0.80579,0.80587,0.80577,0.80582,92
1779818940,0.80583,0.8059,0.80583,0.80588,80
1779819000,0.8059,0.80597,0.80584,0.80592,75
1779819060,0.80593,0.80603,0.80593,0.80601,82
1779819120,0.80603,0.80604,0.80596,0.80598,75
1779819180,0.80597,0.80604,0.80593,0.80597,79
1779819240,0.80595,0.806,0.80589,0.80596,59
1779819300,0.80597,0.806,0.80589,0.80596,66
1779819360,0.80596,0.80598,0.80584,0.80591,72
1779819420,0.8059,0.80606,0.80589,0.80604,73
1779819480,0.80605,0.80613,0.80597,0.80611,69
1779819540,0.80612,0.80618,0.80608,0.80616,62
1779819600,0.80615,0.80616,0.80606,0.80607,76
1779819660,0.80607,0.80614,0.80606,0.80613,56
1779819720,0.80612,0.80614,0.80606,0.80609,76
1779819780,0.8061,0.80618,0.80607,0.80618,64
1779819840,0.80618,0.8062,0.80608,0.80615,56
1779819900,0.80614,0.80616,0.80609,0.80612,70
1779819960,0.80614,0.80617,0.8061,0.80614,58
1779820020,0.80615,0.8062,0.80612,0.80612,79
1779820080,0.80613,0.80613,0.80605,0.80611,83
1779820140,0.80609,0.80615,0.80609,0.80613,67
1779820200,0.80615,0.80621,0.80609,0.8062,79
1779820260,0.8062,0.80633,0.80618,0.80629,81
1779820320,0.80628,0.80628,0.80621,0.80626,83
1779820380,0.80624,0.80626,0.8062,0.80623,82
1779820440,0.80623,0.80628,0.80621,0.80626,64
1779820500,0.80626,0.80629,0.80618,0.80624,64
1779820560,0.80623,0.80625,0.80612,0.80616,84
1779820620,0.80617,0.8062,0.80613,0.80616,50
1779820680,0.80618,0.80625,0.80616,0.80619,78
1779820740,0.80619,0.80625,0.80618,0.80622,59
1779820800,0.80621,0.80623,0.80612,0.80618,114
1779820860,0.80619,0.80622,0.8061,0.80616,88
1779820920,0.80616,0.80616,0.80606,0.80613,74
1779820980,0.80611,0.80616,0.80607,0.8061,54
1779821040,0.8061,0.80616,0.80609,0.80614,67
1779821100,0.80613,0.8062,0.80612,0.80617,44
1779821160,0.80618,0.80619,0.8061,0.8061,62
1779821220,0.80612,0.80616,0.8061,0.80613,80
1779821280,0.80614,0.80616,0.80609,0.80611,50
1779821340,0.80612,0.80613,0.80604,0.80607,56
1779821400,0.80607,0.80617,0.80607,0.80616,53
1779821460,0.80614,0.80626,0.80614,0.80626,71
1779821520,0.80626,0.80626,0.80621,0.80623,44
1779821580,0.80622,0.80624,0.80614,0.80616,77
1779821640,0.80616,0.80622,0.80613,0.80618,64
1779821700,0.80617,0.80618,0.80608,0.8061,69
1779821760,0.80612,0.80612,0.80601,0.80602,71
1779821820,0.80601,0.80615,0.80601,0.80612,114
1779821880,0.80612,0.80619,0.8061,0.80613,82
1779821940,0.80612,0.80616,0.80602,0.80604,106
1779822000,0.80602,0.80603,0.80594,0.80596,91
1779822060,0.80597,0.80602,0.80594,0.80601,89
1779822120,0.806,0.80603,0.80594,0.80595,34
1779822180,0.80594,0.80609,0.80594,0.80609,64
1779822240,0.80607,0.80609,0.80597,0.80603,65
1779822300,0.80604,0.80606,0.80596,0.80596,61
1779822360,0.80597,0.80601,0.80595,0.806,49
1779822420,0.80601,0.80601,0.80589,0.80595,61
1779822480,0.80594,0.80597,0.80592,0.80594,33
1779822540,0.80595,0.80603,0.80595,0.80603,35
1779822600,0.80603,0.80604,0.80596,0.806,59
1779822660,0.80601,0.80604,0.80596,0.80604,72
1779822720,0.80604,0.80604,0.80596,0.806,53
1779822780,0.806,0.80604,0.80597,0.80604,67
1779822840,0.80603,0.80603,0.80591,0.80594,73
1779822900,0.80592,0.80598,0.80592,0.80595,46
1779822960,0.80595,0.80597,0.80592,0.80594,63
1779823020,0.80596,0.806,0.8059,0.80597,70
1779823080,0.80597,0.80599,0.80591,0.80591,45
1779823140,0.80592,0.80597,0.80589,0.80594,44
1779823200,0.80596,0.80598,0.80591,0.80596,66
1779823260,0.80597,0.80597,0.8059,0.80595,73
1779823320,0.80596,0.80603,0.80595,0.80601,53
1779823380,0.80601,0.80609,0.806,0.80602,77
1779823440,0.80602,0.8061,0.80602,0.8061,65
1779823500,0.80607,0.80611,0.80603,0.80609,67
1779823560,0.80609,0.80611,0.80606,0.80609,36
1779823620,0.80609,0.80611,0.80601,0.80605,51
1779823680,0.80605,0.80606,0.80598,0.80602,73
1779823740,0.80602,0.80609,0.80602,0.80606,46
1779823800,0.80604,0.80611,0.80603,0.80608,75
1779823860,0.80609,0.80612,0.80608,0.80609,52
1779823920,0.80609,0.80612,0.80608,0.80608,36
1779823980,0.80609,0.80612,0.80609,0.80611,32
1779824040,0.80611,0.80619,0.80609,0.80619,73
1779824100,0.8062,0.80621,0.80614,0.80618,37
1779824160,0.80618,0.80624,0.80614,0.80622,54
1779824220,0.80621,0.80625,0.80619,0.80624,35
1779824280,0.80624,0.80625,0.80617,0.8062,65
1779824340,0.80621,0.80624,0.80614,0.80621,65
1779824400,0.80618,0.80621,0.80615,0.80619,50
1779824460,0.80621,0.80624,0.80616,0.80623,76
1779824520,0.80623,0.80628,0.8062,0.80626,61
1779824580,0.80625,0.80626,0.8062,0.8062,48
1779824640,0.80621,0.80626,0.80619,0.80624,43
1779824700,0.80624,0.80625,0.80616,0.80624,63
1779824760,0.80623,0.80625,0.80619,0.80623,34
1779824820,0.80623,0.80626,0.80622,0.80625,44
1779824880,0.80625,0.80629,0.80625,0.80625,39
1779824940,0.80625,0.8063,0.80623,0.80627,75
1779825000,0.80628,0.80636,0.80626,0.80636,66
1779825060,0.80634,0.80638,0.80631,0.80638,48
1779825120,0.80638,0.80639,0.80629,0.80632,56
1779825180,0.80632,0.80636,0.80632,0.80635,58
1779825240,0.80635,0.80637,0.80626,0.80635,79
1779825300,0.80636,0.80646,0.80633,0.80639,58
1779825360,0.80639,0.80639,0.80626,0.80628,101
1779825420,0.80629,0.80631,0.80619,0.8062,87
1779825480,0.80621,0.80625,0.80619,0.80619,117
1779825540,0.80618,0.80624,0.80617,0.8062,114
1779825600,0.80622,0.80622,0.80615,0.80618,103
1779825660,0.8062,0.80623,0.80617,0.80622,90
1779825720,0.80623,0.80632,0.80623,0.80632,90
1779825780,0.80632,0.80632,0.80622,0.80626,51
1779825840,0.80627,0.80627,0.80622,0.80624,40
1779825900,0.80623,0.80628,0.80623,0.80624,36
1779825960,0.80615,0.80622,0.80611,0.80612,70
1779826020,0.80611,0.80617,0.80611,0.80616,30
1779826080,0.8062,0.8062,0.80612,0.80616,46
1779826140,0.80616,0.80621,0.80615,0.80616,54
1779826200,0.80618,0.8062,0.80613,0.80618,28
1779826260,0.80617,0.80624,0.80614,0.80622,50
1779826320,0.80624,0.80626,0.80621,0.80621,20
1779826380,0.80621,0.80625,0.80619,0.80624,30
1779826440,0.80625,0.80626,0.80622,0.80626,37
1779826500,0.80625,0.80627,0.80622,0.80624,29
1779826560,0.80626,0.80629,0.80625,0.80629,25
1779826620,0.8063,0.80633,0.80628,0.80628,22
1779826680,0.80628,0.80633,0.80626,0.80628,34
1779826740,0.80628,0.80634,0.80627,0.80629,32
1779826800,0.80628,0.80629,0.80621,0.80623,24
1779826860,0.80622,0.80625,0.80613,0.80618,46
1779826920,0.80617,0.80624,0.80616,0.80616,47
1779826980,0.80616,0.80621,0.80616,0.80619,35
1779827040,0.80619,0.80623,0.80616,0.80623,42
1779827100,0.80623,0.80626,0.80617,0.8062,28
1779827160,0.80619,0.80621,0.8061,0.8061,50
1779827220,0.80612,0.80615,0.80609,0.80612,38
1779827280,0.80613,0.80616,0.80612,0.80612,22
1779827340,0.80612,0.80615,0.80604,0.80604,43
1779827400,0.80606,0.80613,0.80605,0.8061,25
1779827460,0.80609,0.80611,0.80604,0.80609,37
1779827520,0.80609,0.80611,0.80604,0.80604,48
1779827580,0.80605,0.80607,0.80598,0.80599,40
1779827640,0.80599,0.806,0.80592,0.80593,32
1779827700,0.80595,0.806,0.80592,0.80596,52
1779827760,0.80598,0.80599,0.80593,0.80598,37
1779827820,0.80594,0.806,0.80594,0.80599,39
1779827880,0.80596,0.80599,0.80593,0.80593,27
1779827940,0.80595,0.806,0.80594,0.80598,36
1779828000,0.80592,0.80596,0.80591,0.80594,19
1779828060,0.80594,0.80596,0.80594,0.80596,13
1779828120,0.80591,0.80596,0.80591,0.80595,17
1779828180,0.80592,0.80592,0.80589,0.80591,20
1779828240,0.80588,0.80589,0.80587,0.80588,19
1779828300,0.80591,0.80602,0.80591,0.80602,36
1779828360,0.80599,0.80602,0.80596,0.80602,33
1779828420,0.80601,0.80601,0.80598,0.806,20
1779828480,0.80602,0.80602,0.80601,0.80601,15
1779828540,0.806,0.80603,0.806,0.80602,16
1779828600,0.80602,0.80603,0.80598,0.806,15
1779828660,0.80602,0.80602,0.80598,0.806,14
1779828720,0.80599,0.80607,0.80598,0.80607,28
1779828780,0.80606,0.8061,0.80605,0.80609,21
1779828840,0.80609,0.80611,0.80608,0.8061,10
1779828900,0.80606,0.8061,0.80605,0.80605,21
1779828960,0.80604,0.80605,0.80598,0.80598,18
1779829020,0.80598,0.80614,0.80598,0.80614,50
1779829080,0.80613,0.80613,0.80594,0.80601,63
1779829260,0.80575,0.80575,0.80575,0.80575,2
1779829500,0.80576,0.80577,0.80576,0.80577,5
1779829680,0.80578,0.80578,0.80578,0.80578,2
1779829740,0.80578,0.80578,0.80578,0.80578,1
1779829920,0.80589,0.80589,0.80589,0.80589,3
1779830160,0.80583,0.80589,0.80583,0.80589,4
1779830220,0.80589,0.80592,0.80589,0.80589,5
1779830400,0.8058,0.8058,0.8058,0.8058,3
1779830460,0.8058,0.80583,0.8058,0.8058,10
1779830520,0.8058,0.8058,0.8058,0.8058,8
1779830580,0.8058,0.80581,0.8058,0.8058,12
1779830640,0.80577,0.80577,0.80577,0.80577,4
1779830700,0.80577,0.80577,0.80577,0.80577,1
1779830820,0.80575,0.80575,0.80575,0.80575,1
1779830880,0.80578,0.8058,0.80575,0.8058,14
1779830940,0.8058,0.8058,0.8058,0.8058,1
1779831000,0.80581,0.80582,0.80567,0.80577,29
1779831060,0.80584,0.8059,0.80576,0.80577,19
1779831120,0.80576,0.80587,0.80573,0.80573,32
1779831180,0.80577,0.80586,0.80569,0.80586,33
1779831240,0.80583,0.80585,0.80576,0.80576,20
1779831300,0.80569,0.80582,0.80569,0.80581,33
1779831360,0.80578,0.80581,0.80573,0.80578,23
1779831420,0.80575,0.80581,0.80569,0.80574,32
1779831480,0.80571,0.80581,0.80569,0.80578,43
1779831540,0.80577,0.80577,0.80572,0.80574,16
1779831600,0.80574,0.80579,0.80574,0.80579,6
1779831660,0.80579,0.80579,0.80572,0.80572,16
1779831720,0.80571,0.80572,0.80568,0.80572,9
1779831780,0.80572,0.80585,0.80572,0.80575,27
1779831840,0.80575,0.80575,0.80575,0.80575,1
1779831900,0.80575,0.80575,0.80572,0.80572,7
1779831960,0.80573,0.80576,0.80568,0.80572,36
1779832020,0.80574,0.80579,0.80572,0.80575,20
1779832080,0.80575,0.80579,0.80575,0.80576,7
1779832140,0.80579,0.80579,0.80575,0.80575,6
1779832200,0.80579,0.80581,0.80573,0.80573,17
1779832260,0.80573,0.80573,0.80563,0.8057,11
1779832320,0.8057,0.80572,0.8057,0.80571,10
1779832380,0.80571,0.80571,0.80571,0.80571,4
1779832440,0.80571,0.80606,0.8057,0.80584,18
1779832500,0.80584,0.8059,0.8056,0.8056,36
1779832560,0.8056,0.80577,0.8055,0.80556,23
1779832620,0.80556,0.80574,0.80553,0.80574,24
1779832680,0.80571,0.80571,0.8055,0.8057,19
1779832740,0.80578,0.80583,0.80573,0.80581,20
1779832800,0.80663,0.80672,0.80606,0.80607,112
1779832860,0.80607,0.80617,0.80594,0.80609,60
1779832920,0.8061,0.80614,0.80597,0.806,77
1779832980,0.806,0.80607,0.80595,0.80607,51
1779833040,0.80605,0.80618,0.80605,0.80614,60
1779833100,0.80615,0.80618,0.80602,0.80607,62
1779833160,0.80608,0.80611,0.80602,0.80611,57
1779833220,0.8061,0.80613,0.8061,0.80611,18
1779833280,0.80609,0.80611,0.80596,0.806,72
1779833340,0.80601,0.80609,0.806,0.80607,40
1779833400,0.80604,0.80613,0.80604,0.80608,52
1779833460,0.80611,0.80611,0.80605,0.80606,31
1779833520,0.80607,0.80609,0.80601,0.80605,45
1779833580,0.80606,0.80614,0.80605,0.80612,57
1779833640,0.80612,0.80618,0.80609,0.80609,22
1779833700,0.80611,0.80616,0.80611,0.80616,31
1779833760,0.80617,0.80617,0.80611,0.80612,22
1779833820,0.80613,0.80613,0.80609,0.80612,25
1779833880,0.80612,0.80612,0.80604,0.80607,33
1779833940,0.80608,0.80612,0.80604,0.80612,46
1779834000,0.80611,0.80612,0.80604,0.80605,18
1779834060,0.80605,0.80607,0.806,0.80605,46
1779834120,0.80604,0.80611,0.80601,0.80605,37
1779834180,0.80607,0.80609,0.80602,0.80603,42
1779834240,0.80597,0.80602,0.80596,0.806,25
1779834300,0.806,0.80602,0.80598,0.80602,25
1779834360,0.80602,0.80604,0.80599,0.80602,14
1779834420,0.80602,0.80604,0.806,0.80603,13
1779834480,0.80604,0.8061,0.80599,0.80609,29
1779834540,0.80607,0.80613,0.80603,0.80605,41
1779834600,0.80607,0.80612,0.80604,0.80612,24
1779834660,0.80612,0.80613,0.80606,0.8061,50
1779834720,0.80612,0.80616,0.80608,0.80615,63
1779834780,0.80616,0.80618,0.8061,0.80615,33
1779834840,0.80612,0.80615,0.80607,0.80609,43
1779834900,0.80609,0.80611,0.80607,0.80611,42
1779834960,0.80612,0.80614,0.80608,0.80611,26
1779835020,0.8061,0.80613,0.80608,0.80613,30
1779835080,0.80613,0.80615,0.80608,0.80612,21
1779835140,0.80615,0.80615,0.80611,0.80615,34
1779835200,0.80615,0.80622,0.80614,0.80618,37
1779835260,0.80618,0.80621,0.80618,0.8062,12
1779835320,0.8062,0.8062,0.80615,0.80619,25
1779835380,0.80619,0.80621,0.80616,0.80621,23
1779835440,0.80621,0.80622,0.80618,0.80621,30
1779835500,0.80622,0.80624,0.80615,0.80615,48
1779835560,0.80615,0.80616,0.80609,0.80614,28
1779835620,0.80614,0.80614,0.80614,0.80614,2
1779835680,0.80614,0.80618,0.80609,0.80612,45
1779835740,0.80614,0.80616,0.80612,0.80614,22
1779835800,0.80617,0.80617,0.80606,0.80615,36
1779835860,0.80615,0.80618,0.80615,0.80615,24
1779835920,0.80616,0.80616,0.80608,0.80612,41
1779835980,0.80612,0.80617,0.80611,0.80617,25
1779836040,0.80617,0.80617,0.8061,0.8061,23
1779836100,0.80611,0.80615,0.8061,0.80612,33
1779836160,0.80615,0.80618,0.80608,0.8061,55
1779836220,0.80612,0.80615,0.80607,0.80614,57
1779836280,0.80613,0.80613,0.80607,0.80608,59
1779836340,0.8061,0.8061,0.80607,0.80608,32
1779836400,0.80608,0.80618,0.80605,0.80616,77
1779836460,0.80616,0.80622,0.80616,0.80618,48
1779836520,0.80617,0.80621,0.80614,0.80614,33
1779836580,0.80615,0.80621,0.80615,0.8062,29
1779836640,0.8062,0.8062,0.80616,0.80616,23
1779836700,0.80617,0.80617,0.80613,0.80617,41
1779836760,0.80617,0.80619,0.8061,0.80614,42
1779836820,0.80614,0.80616,0.80612,0.80615,29
1779836880,0.80614,0.80616,0.80611,0.80612,31
1779836940,0.80611,0.80616,0.80609,0.80611,35
1779837000,0.80612,0.80616,0.8061,0.80616,45
1779837060,0.80616,0.80616,0.80611,0.80614,42
1779837120,0.80613,0.80613,0.80605,0.80611,38
1779837180,0.80613,0.80613,0.80609,0.80612,24
1779837240,0.80612,0.80613,0.80608,0.80613,25
1779837300,0.80611,0.80613,0.80607,0.80612,39
1779837360,0.80612,0.80617,0.80611,0.80616,43
1779837420,0.80616,0.80617,0.80616,0.80617,8
1779837480,0.80615,0.80617,0.80611,0.80615,35
1779837540,0.80617,0.80617,0.80612,0.80617,35
1779837600,0.80619,0.80621,0.80617,0.80621,22
1779837660,0.80623,0.80625,0.8062,0.80624,25
1779837720,0.8062,0.80621,0.80615,0.80619,64
1779837780,0.8062,0.8062,0.80615,0.80615,37
1779837840,0.80615,0.8064,0.80615,0.8063,52
1779837900,0.80631,0.80636,0.80631,0.80634,33
1779837960,0.80632,0.80636,0.8063,0.80634,30
1779838020,0.80634,0.80639,0.80632,0.80639,28
1779838080,0.80637,0.8065,0.80636,0.8065,58
1779838140,0.80648,0.8065,0.80645,0.80646,24
1779838200,0.80647,0.80653,0.80643,0.80653,55
1779838260,0.80653,0.80654,0.80652,0.80654,11
1779838320,0.80652,0.80652,0.80648,0.80651,26
1779838380,0.8065,0.80659,0.8065,0.80658,48
1779838440,0.80659,0.80664,0.80654,0.80655,48
1779838500,0.80656,0.80659,0.80656,0.80657,13
1779838560,0.80659,0.80659,0.80657,0.80659,11
1779838620,0.80656,0.80659,0.80652,0.80657,30
1779838680,0.80664,0.80665,0.80659,0.80663,34
1779838740,0.80664,0.80665,0.80664,0.80665,15
1779838800,0.80665,0.80668,0.80665,0.80668,31
1779838860,0.80668,0.80671,0.80662,0.80664,35
1779838920,0.80666,0.80666,0.80661,0.80664,35
1779838980,0.80663,0.80671,0.80662,0.80669,44
1779839040,0.8067,0.80676,0.80666,0.80669,64
1779839100,0.80667,0.80675,0.80666,0.80671,77
1779839160,0.80671,0.80673,0.80661,0.80672,55
1779839220,0.80672,0.80679,0.80668,0.80677,49
1779839280,0.80677,0.8068,0.80673,0.80678,37
1779839340,0.80679,0.80681,0.80672,0.80673,48
1779839400,0.80675,0.80675,0.8066,0.80672,61
1779839460,0.80669,0.8067,0.80662,0.80662,38
1779839520,0.80662,0.80672,0.80662,0.80662,42
1779839580,0.80664,0.80667,0.80657,0.80657,17
1779839640,0.80657,0.80666,0.80657,0.80662,51
1779839700,0.80662,0.80664,0.80655,0.80655,58
1779839760,0.80653,0.80657,0.80649,0.80652,89
1779839820,0.8065,0.80659,0.8065,0.80659,68
1779839880,0.80659,0.80659,0.80642,0.80646,67
1779839940,0.80646,0.80656,0.80644,0.80655,74
1779840000,0.80653,0.8067,0.80644,0.80668,139
1779840060,0.80669,0.8068,0.80669,0.80673,133
1779840120,0.80674,0.80681,0.80672,0.80678,97
1779840180,0.8068,0.80681,0.80666,0.8067,107
1779840240,0.80671,0.80674,0.8067,0.80671,85
1779840300,0.80671,0.80681,0.80667,0.80679,93
1779840360,0.80679,0.80681,0.8067,0.80677,78
1779840420,0.80676,0.80683,0.80666,0.80672,97
1779840480,0.80671,0.8069,0.80671,0.80682,102
1779840540,0.80684,0.8069,0.80681,0.80687,94
1779840600,0.80687,0.80691,0.8068,0.80691,100
1779840660,0.80691,0.80694,0.80679,0.80682,87
1779840720,0.8068,0.80694,0.8068,0.80694,77
1779840780,0.80696,0.80698,0.8069,0.80692,93
1779840840,0.80692,0.80699,0.8069,0.80699,67
1779840900,0.80698,0.80698,0.80685,0.80685,62
1779840960,0.80684,0.80703,0.80682,0.80699,82
1779841020,0.80698,0.807,0.80691,0.80691,77
1779841080,0.80692,0.80696,0.8069,0.80691,79
1779841140,0.80689,0.80696,0.80689,0.80696,87
1779841200,0.80694,0.80694,0.80683,0.80688,73
1779841260,0.80688,0.80694,0.80684,0.80687,93
1779841320,0.80688,0.80691,0.80687,0.80689,74
1779841380,0.80689,0.80691,0.80681,0.80689,96
1779841440,0.8069,0.80696,0.80687,0.80692,95
1779841500,0.80692,0.80695,0.8069,0.80693,81
1779841560,0.80694,0.80695,0.80687,0.80691,90
1779841620,0.8069,0.80695,0.80686,0.80691,126
1779841680,0.80691,0.80695,0.80687,0.80694,94
1779841740,0.80692,0.80694,0.80688,0.80694,82
1779841800,0.80694,0.80699,0.80689,0.80698,87
1779841860,0.80697,0.80699,0.8069,0.80694,93
1779841920,0.80696,0.80698,0.8069,0.80696,114
1779841980,0.80696,0.80707,0.80695,0.80706,75
1779842040,0.80707,0.80711,0.807,0.8071,74
1779842100,0.8071,0.80711,0.80702,0.80711,65
1779842160,0.80711,0.8072,0.80708,0.8072,87
1779842220,0.80721,0.80724,0.80711,0.80716,84
1779842280,0.80716,0.80717,0.80701,0.80701,94
1779842340,0.80703,0.80708,0.80699,0.80706,86
1779842400,0.80707,0.80708,0.80698,0.80698,78
1779842460,0.80702,0.80702,0.80685,0.8069,98
1779842520,0.80689,0.80694,0.80688,0.80689,56
1779842580,0.80689,0.80694,0.80684,0.80694,66
1779842640,0.80695,0.80696,0.80685,0.80687,71
1779842700,0.80689,0.80702,0.80688,0.80701,98
1779842760,0.80701,0.80704,0.80695,0.80701,99
1779842820,0.80703,0.80705,0.80701,0.80704,53
1779842880,0.80704,0.80705,0.80694,0.80698,73
1779842940,0.80699,0.80699,0.80693,0.80696,70
1779843000,0.80695,0.80699,0.80687,0.80691,89
1779843060,0.8069,0.80693,0.80683,0.80688,100
1779843120,0.8069,0.80704,0.8069,0.80702,99
1779843180,0.80704,0.80704,0.8069,0.80696,95
1779843240,0.8069,0.80698,0.80682,0.80682,109
1779843300,0.80684,0.80704,0.80679,0.80702,104
1779843360,0.80701,0.80702,0.80678,0.8068,87
1779843420,0.80682,0.80696,0.8068,0.80694,85
1779843480,0.80693,0.80703,0.80692,0.80698,116
1779843540,0.80699,0.80711,0.80699,0.80707,98
1779843600,0.80702,0.80742,0.80701,0.8073,141
1779843660,0.8073,0.80733,0.8072,0.80726,147
1779843720,0.80725,0.80742,0.80724,0.8074,119
1779843780,0.8074,0.8075,0.80739,0.80748,105
1779843840,0.80748,0.80749,0.80743,0.80746,73
1779843900,0.80747,0.80748,0.80741,0.80741,92
1779843960,0.80743,0.80751,0.80736,0.80744,114
1779844020,0.80747,0.80747,0.80726,0.80733,98
1779844080,0.80734,0.80741,0.80731,0.80739,101
1779844140,0.80738,0.80746,0.80735,0.80742,82
1779844200,0.80746,0.80756,0.80742,0.80754,103
1779844260,0.80753,0.80756,0.8073,0.80731,90
1779844320,0.8073,0.80739,0.8073,0.80738,56
1779844380,0.80738,0.80745,0.80732,0.80743,107
1779844440,0.80744,0.80746,0.80739,0.80744,82
1779844500,0.80745,0.80758,0.80739,0.80755,95
1779844560,0.80754,0.80755,0.80744,0.80748,55
1779844620,0.80747,0.8075,0.8074,0.8075,79
1779844680,0.80749,0.80753,0.80745,0.80745,83
1779844740,0.80745,0.80745,0.80734,0.80739,95
1779844800,0.8074,0.80745,0.80731,0.80737,88
1779844860,0.80739,0.80744,0.80733,0.80733,74
1779844920,0.80734,0.80746,0.80734,0.80746,96
1779844980,0.80747,0.80753,0.80747,0.80751,79
1779845040,0.80751,0.80753,0.80743,0.80745,71
1779845100,0.80742,0.80742,0.80732,0.80733,64
1779845160,0.80734,0.80738,0.8073,0.80732,83
1779845220,0.80734,0.80735,0.80722,0.80729,69
1779845280,0.80729,0.80734,0.80725,0.80734,89
1779845340,0.80736,0.80747,0.80729,0.80745,82
1779845400,0.8078,0.8078,0.80728,0.80748,195
1779845460,0.8075,0.80752,0.80725,0.80727,129
1779845520,0.80725,0.80742,0.8072,0.80729,118
1779845580,0.80729,0.80751,0.80727,0.8074,151
1779845640,0.8074,0.80751,0.80711,0.80711,114
1779845700,0.80705,0.80707,0.8069,0.80707,98
1779845760,0.80708,0.80709,0.80678,0.80679,111
1779845820,0.8068,0.80689,0.80664,0.80672,133
1779845880,0.80671,0.80677,0.80648,0.8065,102
1779845940,0.80662,0.80665,0.80638,0.80644,110
1779846000,0.80646,0.80666,0.80646,0.80657,101
1779846060,0.80647,0.80658,0.8064,0.80652,92
1779846120,0.80653,0.80665,0.8065,0.80658,92
1779846180,0.80659,0.80678,0.80651,0.80678,101
1779846240,0.80676,0.80694,0.80676,0.80688,107
1779846300,0.80688,0.8069,0.80684,0.80684,71
1779846360,0.80684,0.80685,0.80663,0.80665,93
1779846420,0.80664,0.80664,0.80651,0.80651,79
1779846480,0.8065,0.80673,0.8065,0.80671,72
1779846540,0.80671,0.80678,0.80667,0.80678,68
1779846600,0.80676,0.80677,0.80668,0.80669,74
1779846660,0.80668,0.80671,0.80659,0.80666,98
1779846720,0.80668,0.80672,0.8065,0.80672,111
1779846780,0.80671,0.80683,0.80669,0.80683,112
1779846840,0.80681,0.80683,0.80666,0.80673,108
1779846900,0.80668,0.80691,0.80667,0.80688,92
1779846960,0.80689,0.807,0.80688,0.80695,67
1779847020,0.80696,0.80708,0.80696,0.80708,93
1779847080,0.80708,0.80733,0.80706,0.80729,98
1779847140,0.8073,0.80745,0.80715,0.80745,118
1779847200,0.80722,0.81049,0.80718,0.80979,228
1779847260,0.80966,0.81012,0.80928,0.80973,198
1779847320,0.80969,0.81089,0.80956,0.8108,160
1779847380,0.8108,0.81147,0.81032,0.81134,202
1779847440,0.81137,0.81148,0.81078,0.81112,192
1779847500,0.81112,0.81121,0.81041,0.81046,171
1779847560,0.81045,0.81046,0.81008,0.81023,161
1779847620,0.81023,0.8109,0.81023,0.8109,134
1779847680,0.8109,0.81111,0.81081,0.81085,124
1779847740,0.81086,0.81124,0.81086,0.81111,130
1779847800,0.8111,0.8112,0.81093,0.81095,116
1779847860,0.81097,0.81099,0.81064,0.81071,127
1779847920,0.81072,0.81107,0.81072,0.81086,117
1779847980,0.81085,0.81086,0.81019,0.81025,128
1779848040,0.81026,0.81054,0.81023,0.81053,121
1779848100,0.81052,0.81072,0.81051,0.81061,101
1779848160,0.81059,0.81082,0.81059,0.81079,90
1779848220,0.81082,0.8109,0.81078,0.81085,71
1779848280,0.81086,0.81089,0.81048,0.81067,100
1779848340,0.81067,0.81078,0.8106,0.81067,120
1779848400,0.81067,0.81092,0.81063,0.81092,91
1779848460,0.81089,0.81124,0.81083,0.8112,114
1779848520,0.8112,0.8114,0.81118,0.81134,123
1779848580,0.81134,0.81148,0.81109,0.81113,91
1779848640,0.81115,0.81161,0.81115,0.81161,114
1779848700,0.81165,0.81168,0.81152,0.8116,113
1779848760,0.81159,0.81175,0.81141,0.81153,103
1779848820,0.81154,0.81171,0.81151,0.81171,88
1779848880,0.81167,0.81168,0.81135,0.8114,82
1779848940,0.81144,0.81157,0.81132,0.81142,118
1779849000,0.81142,0.81158,0.81134,0.81143,111
1779849060,0.81144,0.8115,0.81129,0.81145,98
1779849120,0.81146,0.81152,0.81141,0.8115,62
1779849180,0.81151,0.8116,0.81133,0.81139,102
1779849240,0.81132,0.81142,0.81113,0.81133,90
1779849300,0.81133,0.81141,0.81125,0.81137,90
1779849360,0.81136,0.8114,0.81119,0.81122,79
1779849420,0.81124,0.81131,0.81115,0.8113,80
1779849480,0.8113,0.81135,0.81126,0.81135,100
1779849540,0.81135,0.81138,0.81114,0.8112,66
1779849600,0.81116,0.81123,0.81108,0.81111,95
1779849660,0.81112,0.81114,0.81099,0.811,85
1779849720,0.811,0.81122,0.81091,0.8112,55
1779849780,0.8112,0.81122,0.81092,0.81103,83
1779849840,0.81102,0.81102,0.8107,0.81076,71
1779849900,0.81075,0.81102,0.81075,0.8109,88
1779849960,0.8109,0.81094,0.81077,0.81079,92
1779850020,0.8108,0.81085,0.81078,0.8108,68
1779850080,0.8108,0.81099,0.81078,0.81099,78
1779850140,0.81101,0.81109,0.81087,0.81104,67
1779850200,0.81105,0.81112,0.81097,0.81099,58
1779850260,0.811,0.81113,0.811,0.81113,60
1779850320,0.81114,0.81116,0.81112,0.81114,59
1779850380,0.81114,0.81125,0.81113,0.81125,66
1779850440,0.81125,0.81134,0.81114,0.81115,69
1779850500,0.81115,0.81119,0.81106,0.81108,78
1779850560,0.81109,0.81111,0.811,0.81105,80
1779850620,0.81106,0.81122,0.81097,0.81103,120
1779850680,0.81104,0.81119,0.81104,0.81119,82
1779850740,0.81119,0.8112,0.81107,0.81108,74
1779850800,0.81109,0.81112,0.81093,0.81108,82
1779850860,0.81111,0.81122,0.81111,0.81119,79
1779850920,0.81121,0.81123,0.81104,0.81114,62
1779850980,0.81114,0.81156,0.81112,0.81154,130
1779851040,0.8115,0.81153,0.81139,0.81153,104
1779851100,0.81155,0.81169,0.81154,0.81154,100
1779851160,0.81152,0.81155,0.81141,0.81143,89
1779851220,0.81144,0.81145,0.81118,0.81127,89
1779851280,0.81126,0.81135,0.81113,0.81115,68
1779851340,0.81116,0.81117,0.81103,0.8111,75
1779851400,0.8111,0.81122,0.8111,0.81113,59
1779851460,0.81112,0.81113,0.81088,0.81095,50
1779851520,0.81093,0.81104,0.81093,0.81101,58
1779851580,0.81102,0.81107,0.811,0.811,52
1779851640,0.811,0.81106,0.81095,0.81099,78
1779851700,0.81098,0.81121,0.81098,0.8112,77
1779851760,0.81119,0.81121,0.81111,0.81116,51
1779851820,0.81114,0.81118,0.81109,0.81116,57
1779851880,0.81114,0.8112,0.81096,0.81096,89
1779851940,0.81097,0.81105,0.81092,0.81105,67
1779852000,0.81103,0.81105,0.81088,0.81093,54
1779852060,0.81095,0.81097,0.81086,0.8109,77
1779852120,0.81089,0.81092,0.81076,0.8108,75
1779852180,0.81079,0.8109,0.81079,0.81085,67
1779852240,0.81085,0.81091,0.81078,0.81091,94
1779852300,0.8109,0.81092,0.81075,0.8108,58
1779852360,0.81081,0.81106,0.81079,0.81104,96
1779852420,0.81103,0.81104,0.81091,0.81094,81
1779852480,0.81095,0.81102,0.81084,0.81087,85
1779852540,0.81088,0.81088,0.81069,0.81078,71
1779852600,0.8108,0.81086,0.81069,0.81083,84
1779852660,0.81084,0.81088,0.81081,0.81083,64
1779852720,0.81084,0.81088,0.8106,0.81064,95
1779852780,0.81063,0.81066,0.81046,0.81047,91
1779852840,0.81046,0.81051,0.81025,0.81025,90
1779852900,0.81027,0.81033,0.81023,0.81033,81
1779852960,0.81033,0.81035,0.81007,0.8102,84
1779853020,0.81018,0.81028,0.81,0.81002,119
1779853080,0.81005,0.81025,0.81005,0.81023,70
1779853140,0.81024,0.81025,0.81014,0.81021,56
1779853200,0.81023,0.81044,0.81021,0.81039,43
1779853260,0.81041,0.81051,0.81039,0.8105,43
1779853320,0.81052,0.81052,0.81042,0.81047,55
1779853380,0.81046,0.81046,0.81026,0.81035,58
1779853440,0.81034,0.81035,0.81026,0.81032,73
1779853500,0.81032,0.81038,0.8103,0.81037,48
1779853560,0.81037,0.8104,0.81021,0.81023,52
1779853620,0.81024,0.81037,0.81022,0.81036,63
1779853680,0.81037,0.81037,0.81014,0.81021,75
1779853740,0.81021,0.81025,0.81017,0.81022,60
1779853800,0.81021,0.81028,0.81011,0.81028,78
1779853860,0.81027,0.81036,0.81025,0.81034,62
1779853920,0.81031,0.81041,0.81031,0.81033,69
1779853980,0.81033,0.81041,0.81028,0.81039,91
1779854040,0.81041,0.81042,0.81021,0.81027,34
1779854100,0.81026,0.81026,0.81011,0.81014,87
1779854160,0.81011,0.81019,0.81009,0.81013,63
1779854220,0.81015,0.81016,0.81003,0.81009,81
1779854280,0.81009,0.81026,0.81009,0.8102,69
1779854340,0.81022,0.81024,0.81011,0.81014,76
1779854400,0.81013,0.81046,0.81009,0.81034,124
1779854460,0.81035,0.81039,0.81025,0.81039,85
1779854520,0.81039,0.81041,0.81022,0.81023,99
1779854580,0.81022,0.81027,0.81012,0.81015,70
1779854640,0.81007,0.81036,0.81004,0.81032,68
1779854700,0.81033,0.81037,0.81029,0.81036,46
1779854760,0.81036,0.81042,0.81034,0.81042,44
1779854820,0.81042,0.81052,0.81042,0.81046,38
1779854880,0.81047,0.81047,0.81032,0.81034,68
1779854940,0.81034,0.81042,0.81034,0.81041,70
1779855000,0.8104,0.81042,0.81033,0.81033,47
1779855060,0.81033,0.81037,0.81033,0.81036,36
1779855120,0.81034,0.81038,0.81032,0.81038,51
1779855180,0.81037,0.81068,0.81037,0.81067,95
1779855240,0.81065,0.81082,0.81062,0.81079,79
1779855300,0.8108,0.81081,0.81074,0.81075,59
1779855360,0.81074,0.81089,0.81074,0.81087,61
1779855420,0.81086,0.8109,0.81078,0.8109,68
1779855480,0.81091,0.81097,0.81077,0.81079,66
1779855540,0.81082,0.81085,0.81075,0.81075,65
1779855600,0.81072,0.81075,0.81068,0.81074,60
1779855660,0.81075,0.8109,0.81072,0.81087,85
1779855720,0.81089,0.81091,0.81077,0.81079,44
1779855780,0.81087,0.81093,0.81077,0.81093,79
1779855840,0.81087,0.81093,0.81081,0.81085,58
1779855900,0.81085,0.81089,0.81075,0.81089,66
1779855960,0.81086,0.81093,0.81058,0.81059,92
1779856020,0.8106,0.81076,0.8106,0.81076,78
1779856080,0.81075,0.81086,0.81074,0.81078,67
1779856140,0.81077,0.81087,0.81075,0.81077,90
1779856200,0.81077,0.81078,0.8107,0.81075,89
1779856260,0.81075,0.81082,0.81068,0.81073,77
1779856320,0.81074,0.81082,0.81072,0.8108,82
1779856380,0.81081,0.81096,0.81071,0.81093,88
1779856440,0.81094,0.81114,0.81094,0.8111,71
1779856500,0.81112,0.81118,0.81105,0.81117,58
1779856560,0.81118,0.81131,0.81113,0.81116,126
1779856620,0.81117,0.81125,0.81115,0.81118,56
1779856680,0.81117,0.81119,0.81115,0.81119,54
1779856740,0.81117,0.8114,0.81114,0.81125,74
1779856800,0.81125,0.81129,0.81116,0.81117,78
1779856860,0.81114,0.81118,0.81113,0.81115,39
1779856920,0.81115,0.81118,0.81113,0.81115,50
1779856980,0.81116,0.81127,0.81115,0.81127,79
1779857040,0.81124,0.81138,0.8111,0.81136,84
1779857100,0.81137,0.81141,0.81132,0.81137,70
1779857160,0.81137,0.81139,0.81123,0.81132,71
1779857220,0.81131,0.81138,0.81128,0.81132,59
1779857280,0.81134,0.81137,0.81128,0.81131,57
1779857340,0.8113,0.81151,0.81125,0.81151,85
1779857400,0.81153,0.81153,0.8114,0.81145,70
1779857460,0.81146,0.81153,0.81139,0.81144,64
1779857520,0.81144,0.81148,0.81143,0.81144,35
1779857580,0.81141,0.81144,0.81129,0.81143,90
1779857640,0.81142,0.81143,0.81136,0.81137,53
1779857700,0.81139,0.81153,0.81139,0.8115,68
1779857760,0.8115,0.81152,0.81142,0.81145,49
1779857820,0.81146,0.81155,0.81145,0.81154,54
1779857880,0.81153,0.81155,0.81146,0.81151,65
1779857940,0.81151,0.81158,0.8115,0.81158,53
1779858000,0.81155,0.81155,0.81131,0.8114,77
1779858060,0.81136,0.81145,0.81133,0.81137,67
1779858120,0.81136,0.81147,0.81136,0.81137,100
1779858180,0.81137,0.81153,0.81136,0.81153,70
1779858240,0.81153,0.81177,0.81153,0.81176,73
1779858300,0.81177,0.81177,0.8116,0.81165,54
1779858360,0.81163,0.81167,0.81156,0.8116,73
1779858420,0.8116,0.81178,0.81155,0.81178,90
1779858480,0.81177,0.81177,0.81169,0.81174,44
1779858540,0.81172,0.81175,0.8117,0.81172,39
1779858600,0.81169,0.81173,0.81162,0.8117,79
1779858660,0.81171,0.81173,0.81169,0.81172,43
1779858720,0.81169,0.81171,0.81157,0.81157,60
1779858780,0.81158,0.81174,0.81156,0.81173,74
1779858840,0.81172,0.81187,0.81172,0.81185,55
1779858900,0.81187,0.8119,0.81171,0.81178,74
1779858960,0.81177,0.81178,0.81168,0.81171,82
1779859020,0.81171,0.81172,0.81167,0.8117,49
1779859080,0.81171,0.81179,0.81168,0.81172,56
1779859140,0.81171,0.81173,0.81171,0.81172,39
1779859200,0.81173,0.81173,0.81166,0.81168,74
1779859260,0.81167,0.81178,0.81167,0.81174,78
1779859320,0.81175,0.81178,0.81165,0.8117,66
1779859380,0.8117,0.8117,0.81165,0.81169,54
1779859440,0.81169,0.81181,0.81165,0.81176,74
1779859500,0.81172,0.81172,0.8116,0.81165,73
1779859560,0.81165,0.81174,0.81164,0.81173,70
1779859620,0.81174,0.8118,0.81167,0.81176,75
1779859680,0.81178,0.81182,0.81171,0.81172,63
1779859740,0.81171,0.8119,0.81171,0.81189,87
1779859800,0.81188,0.81199,0.81174,0.81179,120
1779859860,0.8118,0.81181,0.81167,0.81172,102
1779859920,0.81172,0.81172,0.81154,0.81159,103
1779859980,0.8116,0.81161,0.81138,0.81146,97
1779860040,0.81147,0.81154,0.81135,0.81146,89
1779860100,0.81146,0.8115,0.81132,0.81148,87
1779860160,0.81148,0.81164,0.81145,0.81162,132
1779860220,0.81159,0.81162,0.81151,0.81154,77
1779860280,0.81156,0.81162,0.81143,0.81162,96
1779860340,0.81162,0.81165,0.81148,0.81149,78
1779860400,0.81148,0.81157,0.81148,0.81154,88
1779860460,0.81152,0.81152,0.81142,0.81151,93
1779860520,0.81151,0.81151,0.81126,0.81136,126
1779860580,0.81134,0.81141,0.81132,0.81136,74
1779860640,0.81136,0.81155,0.81135,0.81151,100
1779860700,0.8115,0.81164,0.81144,0.81163,106
1779860760,0.81164,0.81176,0.81157,0.81168,100
1779860820,0.81167,0.81173,0.81165,0.81167,61
1779860880,0.81168,0.8117,0.81154,0.81159,88
1779860940,0.8116,0.81161,0.81141,0.8115,105
1779861000,0.8115,0.81157,0.81136,0.81152,88
1779861060,0.81153,0.81155,0.81137,0.81152,97
1779861120,0.81151,0.81163,0.81151,0.81159,67
1779861180,0.81158,0.81164,0.81149,0.81151,82
1779861240,0.81151,0.81165,0.81151,0.81156,102
1779861300,0.81157,0.81159,0.8113,0.81142,99
1779861360,0.8114,0.81142,0.81131,0.81138,63
1779861420,0.8114,0.81142,0.81117,0.81129,77
1779861480,0.81127,0.81141,0.81127,0.81141,87
1779861540,0.81139,0.81139,0.8112,0.81121,61
1779861600,0.81118,0.81118,0.81096,0.81097,135
1779861660,0.81098,0.81113,0.81095,0.81112,112
1779861720,0.81111,0.81122,0.81108,0.81112,105
1779861780,0.81113,0.81123,0.81111,0.81121,76
1779861840,0.81121,0.81121,0.81104,0.81106,93
1779861900,0.81108,0.81116,0.81106,0.81111,89
1779861960,0.81111,0.81119,0.81111,0.81118,51
1779862020,0.81117,0.81127,0.81112,0.81126,86
1779862080,0.81127,0.81154,0.81127,0.81152,105
1779862140,0.81151,0.81159,0.81147,0.81159,86
1779862200,0.81157,0.81169,0.81157,0.81169,69
1779862260,0.81171,0.81172,0.81159,0.81164,60
1779862320,0.81165,0.81165,0.81137,0.81141,84
1779862380,0.81141,0.81145,0.81132,0.81134,94
1779862440,0.81136,0.81136,0.81107,0.81116,81
1779862500,0.81117,0.81126,0.81114,0.81114,83
1779862560,0.81115,0.81115,0.81095,0.81098,93
1779862620,0.811,0.81122,0.81098,0.81121,97
1779862680,0.81122,0.81125,0.81098,0.81102,100
1779862740,0.81104,0.81109,0.81099,0.81106,88
1779862800,0.81105,0.81115,0.81105,0.81112,87
1779862860,0.81107,0.81107,0.81082,0.81084,139
1779862920,0.81086,0.81094,0.8108,0.81094,105
1779862980,0.81095,0.8112,0.81091,0.8112,93
1779863040,0.81121,0.81123,0.81113,0.81117,89
1779863100,0.81115,0.81118,0.811,0.81106,116
1779863160,0.81108,0.81118,0.81098,0.81117,97
1779863220,0.81114,0.8112,0.811,0.81112,86
1779863280,0.8111,0.81129,0.81107,0.81129,81
1779863340,0.81128,0.81129,0.81108,0.81109,101
1779863400,0.81108,0.81118,0.81108,0.81109,117
1779863460,0.8111,0.81111,0.81096,0.81097,81
1779863520,0.81097,0.81097,0.81068,0.81093,90
1779863580,0.81095,0.81101,0.81088,0.811,90
1779863640,0.81101,0.81114,0.81094,0.81114,90
1779863700,0.81113,0.81119,0.81112,0.81117,71
1779863760,0.81117,0.81117,0.81108,0.81112,83
1779863820,0.81113,0.81121,0.81113,0.81119,59
1779863880,0.81119,0.81123,0.81114,0.81119,78
1779863940,0.81118,0.81132,0.81114,0.8113,85
1779864000,0.81129,0.81142,0.81124,0.81126,82
1779864060,0.81126,0.81139,0.81125,0.81133,85
1779864120,0.81133,0.81144,0.81133,0.81138,77
1779864180,0.81138,0.81151,0.81138,0.8115,74
1779864240,0.8115,0.81168,0.81143,0.81167,87
1779864300,0.81168,0.81173,0.81165,0.81168,98
1779864360,0.81169,0.81179,0.81166,0.81174,87
1779864420,0.81172,0.81187,0.81172,0.81182,107
1779864480,0.81183,0.81194,0.81181,0.81188,96
1779864540,0.81188,0.81218,0.81185,0.81217,85
1779864600,0.81214,0.81224,0.81207,0.81222,96
1779864660,0.81222,0.81234,0.81217,0.81227,126
1779864720,0.8122,0.81232,0.81218,0.81224,104
1779864780,0.81222,0.81233,0.81217,0.8123,119
1779864840,0.81229,0.81234,0.81217,0.81224,137
1779864900,0.81225,0.81225,0.81196,0.81202,149
1779864960,0.812,0.812,0.81189,0.81195,67
1779865020,0.81195,0.81197,0.8118,0.81182,94
1779865080,0.81182,0.81188,0.81176,0.81178,109
1779865140,0.81178,0.81189,0.81178,0.81184,125
1779865200,0.81183,0.81183,0.81171,0.81182,159
1779865260,0.81183,0.81201,0.81182,0.81195,132
1779865320,0.81195,0.81223,0.81191,0.81218,119
1779865380,0.81218,0.81219,0.81201,0.81205,105
1779865440,0.81204,0.81212,0.81195,0.81209,102
1779865500,0.81209,0.81214,0.81201,0.81205,98
1779865560,0.81207,0.81207,0.81194,0.81203,66
1779865620,0.81201,0.81201,0.81183,0.81188,96
1779865680,0.8119,0.8119,0.81155,0.81156,104
1779865740,0.81157,0.81158,0.81142,0.81145,89
1779865800,0.81145,0.81159,0.81139,0.81154,109
1779865860,0.81154,0.81165,0.8115,0.81163,72
1779865920,0.81161,0.81163,0.81148,0.81148,82
1779865980,0.81147,0.81152,0.81143,0.8115,72
1779866040,0.81151,0.81156,0.8115,0.81156,69
1779866100,0.81157,0.81163,0.81154,0.81154,61
1779866160,0.81153,0.81156,0.81137,0.8115,75
1779866220,0.81148,0.81158,0.81145,0.81156,81
1779866280,0.81156,0.81174,0.81152,0.81172,83
1779866340,0.81172,0.81174,0.81166,0.81173,80
1779866400,0.81173,0.81185,0.8116,0.8116,96
1779866460,0.8116,0.81164,0.81147,0.81152,96
1779866520,0.81151,0.81161,0.81151,0.81161,88
1779866580,0.81161,0.81161,0.81142,0.81143,81
1779866640,0.81147,0.81164,0.81139,0.8114,105
1779866700,0.81139,0.81143,0.81137,0.81139,74
1779866760,0.81137,0.81148,0.81137,0.81146,93
1779866820,0.81146,0.81173,0.81144,0.81173,110
1779866880,0.81173,0.8119,0.81166,0.81185,111
1779866940,0.81185,0.8119,0.81171,0.81179,91
1779867000,0.81178,0.8118,0.81172,0.8118,98
1779867060,0.81179,0.812,0.81179,0.81198,57
1779867120,0.81197,0.81202,0.81185,0.81185,69
1779867180,0.8119,0.81194,0.81178,0.81191,74
1779867240,0.81191,0.81201,0.81183,0.8119,91
1779867300,0.81189,0.81189,0.81164,0.81166,100
1779867360,0.81166,0.81173,0.81166,0.81167,56
1779867420,0.81166,0.81169,0.81158,0.81163,41
1779867480,0.81163,0.81167,0.81145,0.81145,81
1779867540,0.81146,0.81189,0.81146,0.81187,87
1779867600,0.81188,0.81188,0.81181,0.81183,72
1779867660,0.81183,0.81189,0.81165,0.81168,82
1779867720,0.81171,0.81181,0.81171,0.81173,65
1779867780,0.81174,0.81189,0.81173,0.81187,80
1779867840,0.81188,0.81188,0.81177,0.8118,72
1779867900,0.81182,0.81183,0.81175,0.81182,60
1779867960,0.8118,0.81185,0.81173,0.81175,93
1779868020,0.81176,0.8118,0.81156,0.81156,76
1779868080,0.81156,0.81158,0.81139,0.81139,85
1779868140,0.81138,0.81147,0.81137,0.81142,76
1779868200,0.81143,0.81152,0.81138,0.81146,88
1779868260,0.81147,0.81164,0.81144,0.81162,100
1779868320,0.81164,0.81173,0.81159,0.81162,71
1779868380,0.8116,0.81168,0.81149,0.81167,96
1779868440,0.81167,0.81181,0.81167,0.81179,78
1779868500,0.81181,0.81181,0.81171,0.81177,114
1779868560,0.81178,0.81178,0.81161,0.81165,94
1779868620,0.81164,0.81183,0.81155,0.81183,105
1779868680,0.81181,0.81185,0.81173,0.81179,68
1779868740,0.81177,0.8119,0.81177,0.81186,69
1779868800,0.81181,0.81195,0.81177,0.81194,131
1779868860,0.81191,0.81219,0.81186,0.81207,128
1779868920,0.81204,0.81222,0.81204,0.81217,109
1779868980,0.81215,0.81219,0.81197,0.81214,130
1779869040,0.81215,0.81228,0.81211,0.81228,90
1779869100,0.81228,0.8125,0.81228,0.81246,94
1779869160,0.81245,0.81245,0.81213,0.81219,108
1779869220,0.81217,0.81221,0.8121,0.81213,70
1779869280,0.81213,0.81221,0.81212,0.81218,80
1779869340,0.81219,0.81219,0.81201,0.81202,90
1779869400,0.81202,0.81211,0.81198,0.81211,88
1779869460,0.81211,0.81219,0.81202,0.81219,80
1779869520,0.81221,0.81224,0.81216,0.81219,91
1779869580,0.81218,0.81222,0.81213,0.8122,120
1779869640,0.8122,0.81227,0.81211,0.81223,103
1779869700,0.81222,0.81238,0.81222,0.81224,117
1779869760,0.81227,0.81232,0.8122,0.81224,93
1779869820,0.81226,0.81242,0.81224,0.81234,100
1779869880,0.81237,0.81241,0.8123,0.81232,97
1779869940,0.81232,0.81234,0.81219,0.81224,91
1779870000,0.81226,0.81232,0.81219,0.81224,104
1779870060,0.81224,0.8123,0.81221,0.81229,90
1779870120,0.81228,0.8123,0.81224,0.81228,56
1779870180,0.81231,0.81242,0.81231,0.81238,98
1779870240,0.81239,0.81244,0.81232,0.81234,89
1779870300,0.81236,0.8124,0.81218,0.8122,86
1779870360,0.81223,0.81225,0.81204,0.81215,97
1779870420,0.81215,0.81225,0.81211,0.81223,91
1779870480,0.81223,0.81223,0.81215,0.81218,74
1779870540,0.81218,0.81227,0.81218,0.81223,84
1779870600,0.8122,0.81229,0.81206,0.81208,128
1779870660,0.81208,0.81212,0.81204,0.81208,81
1779870720,0.81209,0.81213,0.81203,0.81213,69
1779870780,0.81212,0.81217,0.81207,0.8121,86
1779870840,0.81211,0.81221,0.81201,0.81221,79
1779870900,0.81219,0.81223,0.81213,0.81221,52
1779870960,0.81222,0.81229,0.81217,0.81229,60
1779871020,0.81229,0.81236,0.81204,0.81206,119
1779871080,0.81206,0.81213,0.81199,0.812,87
1779871140,0.81203,0.81216,0.81196,0.81214,88
1779871200,0.81215,0.81224,0.81213,0.81222,96
1779871260,0.81221,0.81234,0.81221,0.81234,83
1779871320,0.81236,0.81249,0.81231,0.81244,103
1779871380,0.81244,0.81246,0.81236,0.81239,61
1779871440,0.81239,0.81244,0.81236,0.81243,65
1779871500,0.81245,0.81245,0.8123,0.81233,59
1779871560,0.81233,0.81247,0.81229,0.81245,76
1779871620,0.81248,0.81252,0.81235,0.8124,101
1779871680,0.81241,0.81245,0.81239,0.81244,71
1779871740,0.81245,0.81245,0.81237,0.81239,51
1779871800,0.81242,0.81257,0.8124,0.81252,79
1779871860,0.8125,0.8127,0.81249,0.81269,80
1779871920,0.8127,0.81282,0.81267,0.81275,90
1779871980,0.81277,0.81278,0.81255,0.81266,88
1779872040,0.81265,0.81268,0.8126,0.81264,75
1779872100,0.81262,0.81264,0.81261,0.81262,42
1779872160,0.81262,0.81267,0.81254,0.81254,50
1779872220,0.81252,0.81272,0.81252,0.8127,70
1779872280,0.81272,0.81281,0.81272,0.81279,62
1779872340,0.81278,0.81282,0.8127,0.81275,73
1779872400,0.81274,0.81282,0.81268,0.81268,84
1779872460,0.8127,0.81279,0.81268,0.81279,91
1779872520,0.81279,0.81286,0.81264,0.81265,91
1779872580,0.81267,0.81278,0.81265,0.81278,58
1779872640,0.81277,0.81278,0.81271,0.81273,45
1779872700,0.81272,0.81273,0.81265,0.81269,68
1779872760,0.81268,0.81271,0.81256,0.8126,75
1779872820,0.81263,0.81274,0.81259,0.81274,79
1779872880,0.81268,0.81272,0.81261,0.81267,76
1779872940,0.81267,0.8127,0.81261,0.81269,85
1779873000,0.8127,0.81271,0.8126,0.8127,89
1779873060,0.81271,0.81277,0.81267,0.81271,101
1779873120,0.81272,0.81274,0.81262,0.81265,77
1779873180,0.81267,0.81282,0.81264,0.81276,71
1779873240,0.81275,0.81287,0.81269,0.81283,103
1779873300,0.81285,0.813,0.81283,0.81299,72
1779873360,0.81298,0.81307,0.81296,0.81305,69
1779873420,0.81307,0.81326,0.81303,0.81326,81
1779873480,0.81327,0.81332,0.81321,0.8133,85
1779873540,0.81329,0.81332,0.81327,0.81329,63
1779873600,0.8133,0.81331,0.81312,0.81312,64
1779873660,0.81313,0.81316,0.81306,0.81313,59
1779873720,0.81313,0.81335,0.81306,0.81335,84
1779873780,0.81335,0.81347,0.81321,0.81321,94
1779873840,0.81323,0.81327,0.81313,0.81315,62
1779873900,0.81315,0.81315,0.81303,0.81305,53
1779873960,0.81305,0.81315,0.81303,0.81309,55
1779874020,0.81308,0.81312,0.81305,0.81308,58
1779874080,0.81308,0.81309,0.813,0.81301,58
1779874140,0.81302,0.81312,0.81298,0.8131,71
1779874200,0.81309,0.81312,0.81302,0.81312,59
1779874260,0.81311,0.81316,0.81306,0.81316,74
1779874320,0.81315,0.81321,0.81307,0.81309,40
1779874380,0.81311,0.81317,0.81304,0.81313,83
1779874440,0.81313,0.81321,0.81304,0.81307,69
1779874500,0.81308,0.81315,0.81303,0.81312,85
1779874560,0.81312,0.81315,0.81308,0.8131,58
1779874620,0.81312,0.81313,0.81308,0.8131,52
1779874680,0.8131,0.81317,0.81308,0.81315,45
1779874740,0.81317,0.81318,0.8131,0.81313,57
1779874800,0.81315,0.81317,0.81309,0.8131,63
1779874860,0.81311,0.81313,0.81304,0.81311,57
1779874920,0.81311,0.81314,0.81303,0.81305,60
1779874980,0.81307,0.81309,0.81294,0.81298,60
1779875040,0.81299,0.81301,0.81296,0.81299,65
1779875100,0.813,0.81303,0.81296,0.813,91
1779875160,0.81306,0.81313,0.81303,0.81303,48
1779875220,0.81304,0.81306,0.81296,0.81298,83
1779875280,0.81298,0.81298,0.81287,0.81292,72
1779875340,0.81292,0.81311,0.81292,0.81308,93
1779875400,0.8131,0.8133,0.8131,0.81322,98
1779875460,0.81321,0.81328,0.8132,0.81326,47
1779875520,0.81328,0.81332,0.81309,0.8131,84
1779875580,0.8131,0.81319,0.8131,0.81318,67
1779875640,0.81314,0.81329,0.8131,0.81327,78
1779875700,0.81327,0.81346,0.81327,0.81345,80
1779875760,0.81344,0.81354,0.81344,0.81346,83
1779875820,0.81345,0.81355,0.81338,0.81346,78
1779875880,0.81347,0.81351,0.81332,0.81345,93
1779875940,0.81345,0.8135,0.81339,0.81339,90
1779876000,0.81341,0.81352,0.81339,0.81352,87
1779876060,0.8135,0.81351,0.8133,0.8134,84
1779876120,0.8134,0.81341,0.81331,0.81331,47
1779876180,0.81329,0.81333,0.81314,0.81323,82
1779876240,0.81324,0.81336,0.81324,0.81333,73
1779876300,0.81332,0.81333,0.81321,0.81329,78
1779876360,0.81328,0.81333,0.81327,0.81328,50
1779876420,0.81333,0.81334,0.81321,0.81324,60
1779876480,0.81323,0.81331,0.81311,0.81311,78
1779876540,0.81312,0.81317,0.81308,0.81312,84
1779876600,0.8131,0.8131,0.81298,0.81302,100
1779876660,0.81303,0.8132,0.81303,0.81315,94
1779876720,0.81316,0.81329,0.81314,0.81324,79
1779876780,0.81326,0.81339,0.81322,0.81339,67
1779876840,0.81338,0.81341,0.81331,0.81331,54
1779876900,0.81331,0.81332,0.8132,0.81327,64
1779876960,0.81326,0.81327,0.8132,0.81324,64
1779877020,0.81325,0.81342,0.81325,0.81335,54
1779877080,0.81334,0.81334,0.81319,0.81322,81
1779877140,0.81324,0.81326,0.81316,0.81319,69
1779877200,0.81319,0.81319,0.81309,0.81312,103
1779877260,0.81313,0.81318,0.81297,0.81299,72
1779877320,0.813,0.81308,0.813,0.81304,56
1779877380,0.81305,0.81307,0.81292,0.81292,63
1779877440,0.81293,0.8131,0.81292,0.8131,70
1779877500,0.8131,0.81313,0.81301,0.81313,60
1779877560,0.81313,0.81314,0.81301,0.81305,64
1779877620,0.81304,0.81306,0.81296,0.81297,66
1779877680,0.81296,0.81298,0.81289,0.8129,97
1779877740,0.81292,0.81303,0.81286,0.813,94
1779877800,0.813,0.81306,0.81298,0.81303,73
1779877860,0.81303,0.81322,0.81303,0.81322,76
1779877920,0.81322,0.81327,0.81318,0.81321,91
1779877980,0.81322,0.81326,0.81316,0.81317,93
1779878040,0.81319,0.81335,0.81317,0.81326,91
1779878100,0.81327,0.81329,0.81322,0.81325,80
1779878160,0.81326,0.81329,0.81322,0.81325,67
1779878220,0.81324,0.81328,0.81322,0.81326,64
1779878280,0.81325,0.81332,0.81324,0.81331,60
1779878340,0.81334,0.81334,0.81317,0.81324,96
1779878400,0.81321,0.81329,0.81319,0.81322,105
1779878460,0.81324,0.81329,0.81322,0.81323,98
1779878520,0.81324,0.81324,0.81316,0.81322,71
1779878580,0.81323,0.81335,0.81323,0.81335,61
1779878640,0.81333,0.8134,0.81325,0.81336,71
1779878700,0.81336,0.81343,0.81333,0.81338,97
1779878760,0.81338,0.81338,0.8132,0.81324,97
1779878820,0.81323,0.81326,0.81313,0.81314,116
1779878880,0.81312,0.81336,0.81312,0.81333,72
1779878940,0.81334,0.81342,0.81334,0.81341,73
1779879000,0.81341,0.81346,0.81331,0.81343,93
1779879060,0.81342,0.81344,0.81332,0.81336,85
1779879120,0.81335,0.81338,0.81327,0.81336,82
1779879180,0.81334,0.81337,0.81329,0.81334,64
1779879240,0.81335,0.81342,0.81335,0.8134,69
1779879300,0.81341,0.81341,0.81327,0.81328,75
1779879360,0.81326,0.8133,0.81321,0.81328,75
1779879420,0.81328,0.81339,0.81321,0.81332,74
1779879480,0.81334,0.81342,0.81327,0.81339,93
1779879540,0.81339,0.81349,0.81335,0.81341,97
1779879600,0.81347,0.81364,0.81346,0.81347,109
1779879660,0.81347,0.81359,0.81343,0.81359,49
1779879720,0.81359,0.81373,0.81359,0.81366,76
1779879780,0.81366,0.81371,0.81359,0.8137,98
1779879840,0.8137,0.81374,0.81363,0.81366,94
1779879900,0.81367,0.81367,0.81355,0.81359,94
1779879960,0.81358,0.81364,0.81357,0.81359,100
1779880020,0.81358,0.81358,0.8135,0.81352,50
1779880080,0.81351,0.81365,0.81351,0.81364,54
1779880140,0.81365,0.81365,0.81358,0.81365,48
1779880200,0.81365,0.81366,0.81344,0.81351,91
1779880260,0.81353,0.81353,0.81327,0.81343,95
1779880320,0.81344,0.81357,0.81343,0.81356,76
1779880380,0.81357,0.81357,0.81351,0.81357,79
1779880440,0.81353,0.81354,0.81348,0.81353,57
1779880500,0.81353,0.81357,0.81345,0.81353,65
1779880560,0.81353,0.81357,0.8134,0.81348,87
1779880620,0.81347,0.81352,0.81347,0.81351,49
1779880680,0.81351,0.81352,0.8134,0.81346,56
1779880740,0.81347,0.8135,0.81342,0.81343,65
1779880800,0.81342,0.81344,0.81338,0.81342,69
1779880860,0.81343,0.81351,0.81336,0.81336,95
1779880920,0.81338,0.81358,0.81337,0.81358,77
1779880980,0.8135,0.81359,0.8135,0.81358,105
1779881040,0.81359,0.81367,0.81357,0.81365,82
1779881100,0.81365,0.81371,0.81363,0.81368,96
1779881160,0.81366,0.81366,0.81348,0.8136,62
1779881220,0.81356,0.81369,0.81353,0.81364,70
1779881280,0.81362,0.81368,0.81359,0.8136,58
1779881340,0.8136,0.81363,0.8136,0.81362,39
1779881400,0.81362,0.81367,0.81354,0.8136,103
1779881460,0.8136,0.81362,0.81336,0.81341,112
1779881520,0.81343,0.81351,0.81342,0.8135,82
1779881580,0.81352,0.81363,0.8135,0.81361,86
1779881640,0.81361,0.81362,0.81356,0.81359,56
1779881700,0.81359,0.81365,0.81356,0.81363,75
1779881760,0.81364,0.81377,0.81363,0.8137,72
1779881820,0.81369,0.81394,0.81365,0.8139,99
1779881880,0.81389,0.81413,0.81389,0.81405,95
1779881940,0.81404,0.81424,0.81402,0.81423,57
1779882000,0.81431,0.81434,0.8142,0.81426,84
1779882060,0.81426,0.81435,0.81414,0.81435,74
1779882120,0.81433,0.81437,0.81416,0.81437,69
1779882180,0.81437,0.81452,0.81434,0.81448,75
1779882240,0.81449,0.81455,0.81439,0.81441,112
1779882300,0.8144,0.81446,0.81434,0.81435,94
1779882360,0.81432,0.81432,0.81404,0.81405,108
1779882420,0.81404,0.81406,0.81393,0.81402,73
1779882480,0.81404,0.81404,0.81389,0.81389,89
1779882540,0.8139,0.81392,0.81388,0.81389,50
1779882600,0.81387,0.81392,0.81379,0.81391,71
1779882660,0.81389,0.81393,0.81387,0.81389,67
1779882720,0.81389,0.8139,0.81381,0.81384,55
1779882780,0.81384,0.814,0.81384,0.81398,64
1779882840,0.81399,0.81413,0.8139,0.8141,88
1779882900,0.81408,0.81412,0.81398,0.81398,108
1779882960,0.814,0.81404,0.81394,0.81404,90
1779883020,0.81403,0.81407,0.81399,0.81404,69
1779883080,0.81403,0.81407,0.81396,0.81398,69
1779883140,0.81398,0.814,0.81391,0.81397,81
1779883200,0.81396,0.81401,0.81384,0.81386,103
1779883260,0.81385,0.81392,0.81384,0.81392,107
1779883320,0.81392,0.81401,0.81382,0.81382,111
1779883380,0.81382,0.81382,0.8136,0.8136,90
1779883440,0.8136,0.81371,0.81356,0.8137,70
1779883500,0.81372,0.81403,0.8137,0.814,117
1779883560,0.81401,0.81403,0.8139,0.814,109
1779883620,0.81402,0.8141,0.81402,0.81407,51
1779883680,0.81408,0.81408,0.81393,0.81396,65
1779883740,0.81395,0.81409,0.81387,0.81406,86
1779883800,0.81405,0.81413,0.81401,0.81406,75
1779883860,0.81408,0.81418,0.81406,0.81415,80
1779883920,0.81414,0.81422,0.81407,0.81419,110
1779883980,0.81419,0.8145,0.81419,0.81447,113
1779884040,0.81451,0.81458,0.81432,0.81444,113
1779884100,0.81442,0.81446,0.81424,0.81429,94
1779884160,0.8143,0.81447,0.81429,0.81436,109
1779884220,0.81435,0.81453,0.81435,0.81452,105
1779884280,0.81451,0.8154,0.81446,0.815,216
1779884340,0.815,0.81561,0.81499,0.81512,266
1779884400,0.81511,0.81552,0.81502,0.81551,187
1779884460,0.81549,0.81587,0.81538,0.81585,205
1779884520,0.81587,0.81635,0.81587,0.81621,236
1779884580,0.81621,0.81632,0.81572,0.81585,220
1779884640,0.81586,0.81588,0.81524,0.81526,191
1779884700,0.81529,0.81595,0.81528,0.81595,184
1779884760,0.81591,0.8161,0.81582,0.81582,202
1779884820,0.81583,0.81591,0.81552,0.81569,186
1779884880,0.81568,0.81592,0.81568,0.81588,177
1779884940,0.81587,0.81595,0.81578,0.8159,158
1779885000,0.81592,0.81609,0.81591,0.81597,195
1779885060,0.81596,0.81603,0.81583,0.81583,160
1779885120,0.81584,0.81584,0.81558,0.81558,162
1779885180,0.81557,0.8157,0.81554,0.8157,156
1779885240,0.81568,0.81568,0.81547,0.81561,165
1779885300,0.81562,0.81569,0.8155,0.81555,154
1779885360,0.81555,0.81596,0.81552,0.81594,202
1779885420,0.81594,0.81597,0.81571,0.81589,164
1779885480,0.8159,0.81594,0.81568,0.81594,134
1779885540,0.81593,0.81595,0.8158,0.81594,138
1779885600,0.81597,0.81599,0.81575,0.81576,140
1779885660,0.81574,0.81576,0.81558,0.81574,167
1779885720,0.81573,0.81576,0.81558,0.81561,127
1779885780,0.81561,0.81571,0.81557,0.81561,143
1779885840,0.81563,0.81569,0.81547,0.81551,129
1779885900,0.81549,0.81551,0.81527,0.8153,132
1779885960,0.81529,0.81529,0.81508,0.81511,113
1779886020,0.81512,0.81513,0.81486,0.81486,129
1779886080,0.81487,0.81487,0.81469,0.81476,111
1779886140,0.81477,0.81511,0.81477,0.81507,142
1779886200,0.81509,0.81511,0.81502,0.81506,123
1779886260,0.81502,0.81522,0.81501,0.8152,130
1779886320,0.8152,0.81524,0.81504,0.81523,111
1779886380,0.81522,0.81524,0.81513,0.81517,132
1779886440,0.81517,0.81524,0.8151,0.8152,107
1779886500,0.81519,0.81537,0.81519,0.8153,115
1779886560,0.81529,0.81545,0.81527,0.81527,125
1779886620,0.81528,0.81543,0.81522,0.81542,102
1779886680,0.8154,0.81553,0.81512,0.81516,106
1779886740,0.81516,0.81523,0.81506,0.81522,159
1779886800,0.81516,0.81546,0.81515,0.81544,167
1779886860,0.81542,0.81558,0.8154,0.81545,115
1779886920,0.81544,0.81588,0.81544,0.81588,157
1779886980,0.81586,0.81588,0.81572,0.81577,126
1779887040,0.81578,0.81579,0.81564,0.81576,127
1779887100,0.81578,0.81622,0.81572,0.81615,144
1779887160,0.8161,0.81625,0.81599,0.81619,135
1779887220,0.81618,0.81618,0.8159,0.81598,129
1779887280,0.81597,0.81608,0.81591,0.81594,125
1779887340,0.81596,0.81606,0.81586,0.81593,120
1779887400,0.81595,0.81623,0.81594,0.81621,131
1779887460,0.81622,0.81634,0.81614,0.81631,129
1779887520,0.81631,0.81634,0.81617,0.81626,103
1779887580,0.81627,0.81629,0.81611,0.81614,127
1779887640,0.81614,0.81615,0.81603,0.81614,128
1779887700,0.81616,0.81618,0.81607,0.81617,123
1779887760,0.81615,0.81637,0.8161,0.81637,141
1779887820,0.81638,0.81644,0.81634,0.81634,108
1779887880,0.81635,0.81638,0.81626,0.81629,102
1779887940,0.81628,0.81637,0.81622,0.81623,104
1779888000,0.81619,0.81619,0.81592,0.81592,96
1779888060,0.81591,0.81593,0.81583,0.81589,143
1779888120,0.81588,0.81596,0.81585,0.81595,121
1779888180,0.81596,0.81607,0.81595,0.81602,96
1779888240,0.81601,0.81614,0.81601,0.81613,114
1779888300,0.81614,0.81622,0.81612,0.81612,84
1779888360,0.81609,0.8163,0.81605,0.81628,127
1779888420,0.81628,0.81634,0.81605,0.81612,137
1779888480,0.81609,0.81613,0.81589,0.81589,125
1779888540,0.81591,0.81596,0.8158,0.8158,127
1779888600,0.81576,0.81588,0.81561,0.81564,163
1779888660,0.81565,0.8158,0.81563,0.8157,144
1779888720,0.81571,0.81586,0.81567,0.81586,125
1779888780,0.81584,0.81604,0.81584,0.81596,133
1779888840,0.81597,0.81608,0.81594,0.81608,124
1779888900,0.81606,0.81606,0.8159,0.81596,176
1779888960,0.81592,0.81593,0.81567,0.81567,152
1779889020,0.81567,0.81574,0.8156,0.81566,153
1779889080,0.81566,0.81569,0.81547,0.81558,155
1779889140,0.81558,0.81574,0.81558,0.81573,134
1779889200,0.81572,0.81591,0.81572,0.81586,169
1779889260,0.81586,0.81588,0.81574,0.81582,130
1779889320,0.81581,0.81592,0.81578,0.81582,167
1779889380,0.81584,0.81588,0.8157,0.81572,143
1779889440,0.81573,0.81585,0.81563,0.81582,142
1779889500,0.8158,0.81616,0.8158,0.81616,155
1779889560,0.81616,0.81616,0.81586,0.81588,150
1779889620,0.81591,0.81594,0.81561,0.81568,115
1779889680,0.81569,0.81583,0.81568,0.81582,128
1779889740,0.81581,0.81593,0.81572,0.81593,139
1779889800,0.81593,0.81599,0.81582,0.81583,154
1779889860,0.81583,0.81597,0.81579,0.81592,144
1779889920,0.8159,0.81591,0.8158,0.81591,142
1779889980,0.81591,0.81592,0.81572,0.81572,156
1779890040,0.81571,0.81573,0.81551,0.81555,139
1779890100,0.81555,0.81574,0.81553,0.81561,149
1779890160,0.81561,0.81563,0.81552,0.81557,130
1779890220,0.81556,0.81566,0.81555,0.81566,116
1779890280,0.81566,0.81568,0.81556,0.8156,114
1779890340,0.81561,0.81597,0.81559,0.81596,145
1779890400,0.816,0.81607,0.81594,0.81594,186
1779890460,0.81594,0.81611,0.81588,0.81611,149
1779890520,0.81612,0.81629,0.81603,0.81619,138
1779890580,0.8162,0.8163,0.81602,0.81602,134
1779890640,0.81602,0.81623,0.81596,0.81619,123
1779890700,0.81621,0.81625,0.81607,0.81611,126
1779890760,0.8161,0.81615,0.81604,0.81612,128
1779890820,0.81611,0.81628,0.81598,0.81601,154
1779890880,0.81601,0.81608,0.81588,0.81592,141
1779890940,0.81591,0.81606,0.81591,0.81603,136
1779891000,0.81602,0.81602,0.81592,0.81599,137
1779891060,0.81599,0.81616,0.81596,0.81598,145
1779891120,0.81598,0.81621,0.81598,0.81619,141
1779891180,0.81622,0.81644,0.81617,0.81644,132
1779891240,0.81644,0.81663,0.81643,0.81663,127
1779891300,0.81661,0.81664,0.81647,0.81657,127
1779891360,0.81659,0.8168,0.81659,0.81662,144
1779891420,0.81661,0.81691,0.81661,0.81682,114
1779891480,0.81683,0.81702,0.81682,0.81692,131
1779891540,0.81694,0.81713,0.81693,0.81711,143
1779891600,0.8171,0.8172,0.81675,0.81685,203
1779891660,0.81684,0.81708,0.81682,0.81695,155
1779891720,0.81694,0.81694,0.81665,0.81671,131
1779891780,0.8167,0.81676,0.81656,0.81659,148
1779891840,0.8166,0.8166,0.81615,0.81619,154
1779891900,0.81617,0.81637,0.81611,0.81611,169
1779891960,0.81612,0.81615,0.81602,0.81606,135
1779892020,0.81606,0.8162,0.81601,0.81609,151
1779892080,0.81609,0.8161,0.81594,0.81601,152
1779892140,0.81602,0.81607,0.81593,0.81594,148
1779892200,0.81593,0.81604,0.81587,0.81587,135
1779892260,0.8159,0.81614,0.8159,0.81608,132
1779892320,0.81609,0.81622,0.81572,0.81572,183
1779892380,0.81574,0.81596,0.81532,0.8154,236
1779892440,0.81537,0.81577,0.81536,0.81577,210
1779892500,0.81576,0.81595,0.81576,0.81589,171
1779892560,0.81591,0.81611,0.8159,0.81611,146
1779892620,0.81609,0.81615,0.81598,0.81604,153
1779892680,0.81607,0.81624,0.81607,0.81616,140
1779892740,0.81618,0.81639,0.81615,0.81636,119
1779892800,0.81637,0.81638,0.81615,0.81622,134
1779892860,0.81623,0.81623,0.81608,0.8161,129
1779892920,0.81613,0.81615,0.81577,0.81578,146
1779892980,0.81577,0.81588,0.81577,0.81583,122
1779893040,0.81584,0.81585,0.81561,0.81565,144
1779893100,0.81566,0.816,0.81561,0.816,125
1779893160,0.81599,0.81614,0.81594,0.81602,119
1779893220,0.81605,0.81617,0.816,0.81607,137
1779893280,0.81607,0.81609,0.81589,0.81604,142
1779893340,0.81604,0.81609,0.81579,0.81579,150
1779893400,0.81578,0.81617,0.81576,0.81615,175
1779893460,0.81616,0.81626,0.81606,0.81608,173
1779893520,0.81606,0.81622,0.81602,0.81612,139
1779893580,0.81611,0.81611,0.81594,0.81597,159
1779893640,0.81597,0.81617,0.81593,0.81617,156
1779893700,0.81612,0.81612,0.8159,0.81606,150
1779893760,0.81604,0.81612,0.81594,0.81597,182
1779893820,0.81596,0.81609,0.81591,0.81599,171
1779893880,0.81599,0.81617,0.81599,0.81611,153
1779893940,0.8161,0.81612,0.81602,0.81611,137
1779894000,0.8161,0.8161,0.81586,0.81602,148
1779894060,0.81603,0.81626,0.81603,0.81626,175
1779894120,0.81626,0.81629,0.81604,0.81605,192
1779894180,0.81608,0.81629,0.81602,0.81623,157
1779894240,0.81622,0.81629,0.816,0.81601,161
1779894300,0.81602,0.81623,0.81593,0.81593,165
1779894360,0.81593,0.81607,0.81583,0.81583,170
1779894420,0.81583,0.81598,0.81579,0.8158,152
1779894480,0.81578,0.81591,0.81571,0.81584,154
1779894540,0.81584,0.81587,0.81577,0.8158,130
1779894600,0.81581,0.81581,0.81568,0.81573,156
1779894660,0.81572,0.81573,0.81542,0.81546,147
1779894720,0.81546,0.81552,0.81543,0.8155,104
1779894780,0.81551,0.81556,0.81544,0.81547,108
1779894840,0.81551,0.81553,0.81545,0.81545,124
1779894900,0.81548,0.81548,0.81508,0.81514,155
1779894960,0.81512,0.81515,0.81506,0.81512,105
1779895020,0.81512,0.81523,0.81509,0.81517,129
1779895080,0.81518,0.81524,0.81512,0.81522,133
1779895140,0.8152,0.81542,0.81519,0.81537,120
1779895200,0.81536,0.8155,0.81531,0.81531,144
1779895260,0.8153,0.81534,0.81519,0.81523,124
1779895320,0.81524,0.81527,0.8152,0.81523,122
1779895380,0.81524,0.81528,0.8152,0.81527,125
1779895440,0.81528,0.81542,0.81523,0.81542,138
1779895500,0.81538,0.81548,0.81538,0.81543,126
1779895560,0.81543,0.81548,0.81539,0.81545,114
1779895620,0.81545,0.81559,0.81545,0.81549,133
1779895680,0.81551,0.81557,0.81546,0.81555,111
1779895740,0.81558,0.81569,0.81556,0.81569,148
1779895800,0.81576,0.81583,0.81556,0.81574,135
1779895860,0.81572,0.81588,0.81571,0.81583,152
1779895920,0.81583,0.81595,0.81582,0.81588,94
1779895980,0.81588,0.81605,0.81585,0.81602,126
1779896040,0.81603,0.81603,0.81576,0.81576,138
1779896100,0.81575,0.81581,0.81553,0.81553,96
1779896160,0.81553,0.8156,0.81548,0.81554,130
1779896220,0.81553,0.81553,0.81536,0.81539,88
1779896280,0.81541,0.81542,0.81528,0.81536,104
1779896340,0.81535,0.81543,0.81527,0.81543,111
1779896400,0.81545,0.81555,0.81543,0.81552,119
1779896460,0.81553,0.81564,0.81549,0.81549,99
1779896520,0.81551,0.81553,0.81534,0.81537,123
1779896580,0.81537,0.81543,0.81523,0.81523,110
1779896640,0.81521,0.81526,0.81504,0.81507,156
1779896700,0.81506,0.81538,0.81505,0.81512,165
1779896760,0.81513,0.81523,0.81513,0.81517,132
1779896820,0.81518,0.81518,0.81497,0.81498,102
1779896880,0.81499,0.815,0.81486,0.81486,112
1779896940,0.81484,0.81499,0.81482,0.81489,110
1779897000,0.81489,0.81503,0.81489,0.81492,116
1779897060,0.81492,0.81492,0.8148,0.8148,117
1779897120,0.81481,0.81491,0.81474,0.8149,100
1779897180,0.81488,0.81511,0.81488,0.8151,120
1779897240,0.81509,0.8151,0.81491,0.81503,110
1779897300,0.81502,0.81504,0.81481,0.8149,107
1779897360,0.81492,0.81493,0.8148,0.81487,128
1779897420,0.81484,0.81494,0.81483,0.81487,123
1779897480,0.81488,0.81489,0.81477,0.81488,115
1779897540,0.81487,0.81497,0.81483,0.81494,107
1779897600,0.81497,0.81503,0.81488,0.81502,134
1779897660,0.81501,0.81519,0.815,0.81508,133
1779897720,0.81506,0.81512,0.81501,0.8151,144
1779897780,0.81509,0.81514,0.81476,0.81477,141
1779897840,0.81479,0.81499,0.81478,0.81493,159
1779897900,0.81495,0.81501,0.81488,0.81489,101
1779897960,0.81488,0.81493,0.81483,0.81492,133
1779898020,0.81493,0.81496,0.81479,0.81486,113
1779898080,0.81484,0.81486,0.81471,0.81485,135
1779898140,0.81486,0.81493,0.81484,0.81493,107
1779898200,0.8149,0.81493,0.81485,0.8149,95
1779898260,0.81491,0.81498,0.81486,0.81497,119
1779898320,0.81498,0.81503,0.81495,0.81503,95
1779898380,0.81503,0.81506,0.81492,0.81494,75
1779898440,0.81491,0.81494,0.81482,0.81482,72
1779898500,0.81483,0.81491,0.81483,0.81487,87
1779898560,0.81487,0.81487,0.81473,0.81476,97
1779898620,0.81475,0.81485,0.81475,0.81478,83
1779898680,0.81479,0.81482,0.81473,0.81476,112
1779898740,0.81476,0.81482,0.81471,0.81474,98
1779898800,0.81474,0.81487,0.81474,0.81483,95
1779898860,0.81484,0.81484,0.81472,0.81475,117
1779898920,0.81475,0.81486,0.81475,0.81477,101
1779898980,0.81477,0.81491,0.81476,0.81482,90
1779899040,0.81483,0.81487,0.81476,0.81477,122
1779899100,0.81476,0.81478,0.81471,0.81477,98
1779899160,0.81479,0.81484,0.81471,0.81482,86
1779899220,0.8148,0.81482,0.81474,0.81482,110
1779899280,0.81482,0.81485,0.81473,0.81475,73
1779899340,0.81475,0.81481,0.8147,0.81479,121
1779899400,0.81479,0.81483,0.81467,0.81467,100
1779899460,0.81465,0.81483,0.81465,0.81483,81
1779899520,0.81483,0.81493,0.81483,0.81488,113
1779899580,0.81489,0.81491,0.81484,0.81485,98
1779899640,0.81482,0.81492,0.81481,0.81491,80
1779899700,0.8149,0.81497,0.81489,0.81493,72
1779899760,0.81494,0.81499,0.81488,0.81491,115
1779899820,0.81491,0.81496,0.81487,0.81496,89
1779899880,0.81495,0.815,0.81493,0.81497,94
1779899940,0.81497,0.81501,0.81492,0.81494,73
1779900000,0.81494,0.81509,0.81493,0.81507,121
1779900060,0.81506,0.8151,0.815,0.81502,100
1779900120,0.81499,0.81507,0.81497,0.81499,73
1779900180,0.81499,0.81506,0.81498,0.815,73
1779900240,0.81503,0.81506,0.81499,0.81501,83
1779900300,0.815,0.81509,0.815,0.81506,79
1779900360,0.81504,0.81507,0.81497,0.81502,84
1779900420,0.81501,0.81503,0.81498,0.81501,61
1779900480,0.81501,0.81508,0.81499,0.81507,83
1779900540,0.81507,0.81509,0.81503,0.81506,56
1779900600,0.81507,0.81508,0.81496,0.81505,93
1779900660,0.81506,0.81506,0.815,0.81502,63
1779900720,0.81502,0.81502,0.81496,0.815,56
1779900780,0.815,0.815,0.81489,0.81495,71
1779900840,0.81495,0.81498,0.81488,0.81492,84
1779900900,0.81491,0.81492,0.81483,0.81485,74
1779900960,0.81486,0.81487,0.81476,0.81476,81
1779901020,0.81478,0.81481,0.81471,0.81476,83
1779901080,0.81477,0.81481,0.81473,0.81481,87
1779901140,0.81482,0.81486,0.81478,0.81485,100
1779901200,0.81483,0.81487,0.81479,0.81483,89
1779901260,0.81483,0.81493,0.8148,0.81485,107
1779901320,0.81486,0.81491,0.81481,0.81488,110
1779901380,0.81489,0.81492,0.81479,0.81489,99
1779901440,0.8149,0.81492,0.81481,0.81484,83
1779901500,0.81482,0.81489,0.81478,0.81482,99
1779901560,0.81484,0.81484,0.81465,0.81465,121
1779901620,0.81467,0.81471,0.8145,0.81451,121
1779901680,0.81451,0.81455,0.81435,0.81442,166
1779901740,0.8144,0.81452,0.81435,0.81438,164
1779901800,0.81437,0.81446,0.81437,0.81439,129
1779901860,0.8144,0.81442,0.81424,0.81426,147
1779901920,0.81428,0.81433,0.81425,0.81431,106
1779901980,0.81432,0.81432,0.8142,0.8143,133
1779902040,0.81429,0.81432,0.81425,0.8143,107
1779902100,0.81431,0.81444,0.81428,0.81441,123
1779902160,0.8144,0.81445,0.81433,0.81434,87
1779902220,0.81435,0.81443,0.81433,0.81439,107
1779902280,0.81439,0.81442,0.8143,0.81435,97
1779902340,0.81434,0.81436,0.81423,0.81426,82
1779902400,0.81425,0.8143,0.81422,0.81429,100
1779902460,0.8143,0.81431,0.81415,0.81415,100
1779902520,0.81415,0.81424,0.81415,0.81421,115
1779902580,0.81422,0.81425,0.81416,0.81422,103
1779902640,0.81423,0.81426,0.81416,0.81419,80
1779902700,0.81419,0.81424,0.81412,0.81421,93
1779902760,0.81421,0.81429,0.81421,0.81426,77
1779902820,0.81429,0.81433,0.81423,0.8143,85
1779902880,0.81427,0.81438,0.81427,0.81436,59
1779902940,0.81437,0.81445,0.81434,0.8144,117
1779903000,0.81438,0.81441,0.81432,0.81436,62
1779903060,0.81434,0.81447,0.81434,0.81445,83
1779903120,0.81445,0.81449,0.81439,0.81443,70
1779903180,0.8144,0.81444,0.81433,0.81438,92
1779903240,0.81437,0.81449,0.81436,0.81445,110
1779903300,0.81449,0.81453,0.81445,0.81453,115
1779903360,0.81454,0.81454,0.81444,0.81454,84
1779903420,0.81454,0.81455,0.81441,0.81441,85
1779903480,0.81443,0.81456,0.8144,0.81456,92
1779903540,0.81458,0.81458,0.81445,0.81445,98
1779903600,0.81444,0.81451,0.81443,0.8145,95
1779903660,0.8145,0.81462,0.81449,0.81459,68
1779903720,0.81458,0.81459,0.81453,0.81457,64
1779903780,0.81458,0.81459,0.81451,0.81457,72
1779903840,0.81457,0.81457,0.81449,0.81455,69
1779903900,0.81455,0.81464,0.81454,0.81461,78
1779903960,0.81459,0.8147,0.81457,0.81466,101
1779904020,0.81466,0.81472,0.81461,0.81464,97
1779904080,0.81466,0.81469,0.81464,0.81469,55
1779904140,0.8147,0.81477,0.81469,0.81474,65
1779904200,0.81477,0.81484,0.81476,0.81479,91
1779904260,0.81479,0.81481,0.81467,0.81479,89
1779904320,0.81481,0.81481,0.81471,0.81478,77
1779904380,0.81478,0.81481,0.81472,0.81479,89
1779904440,0.8148,0.81485,0.81478,0.8148,70
1779904500,0.81479,0.81492,0.81477,0.81491,89
1779904560,0.81492,0.81493,0.81481,0.81484,77
1779904620,0.81486,0.81489,0.81481,0.81483,59
1779904680,0.81483,0.81489,0.81483,0.81486,62
1779904740,0.81485,0.81488,0.81469,0.81475,93
1779904800,0.81474,0.81479,0.81472,0.81473,103
1779904860,0.81474,0.81477,0.8147,0.81472,94
1779904920,0.81473,0.81482,0.81473,0.81475,81
1779904980,0.81476,0.81479,0.81472,0.81479,115
1779905040,0.81477,0.8148,0.81474,0.81479,84
1779905100,0.81478,0.81482,0.81473,0.81482,98
1779905160,0.81483,0.81484,0.81472,0.81482,95
1779905220,0.81479,0.81486,0.81479,0.81486,62
1779905280,0.81484,0.81496,0.81483,0.81496,76
1779905340,0.81498,0.81498,0.81494,0.81495,43
1779905400,0.81496,0.81497,0.81491,0.81497,56
1779905460,0.81498,0.81499,0.81488,0.81494,70
1779905520,0.81495,0.815,0.81489,0.81499,81
1779905580,0.81499,0.81499,0.81495,0.81497,55
1779905640,0.81497,0.81498,0.81488,0.81495,92
1779905700,0.81495,0.81501,0.81493,0.81498,81
1779905760,0.81497,0.81503,0.81494,0.815,98
1779905820,0.81498,0.81504,0.81494,0.81503,82
1779905880,0.81502,0.81512,0.81497,0.81511,82
1779905940,0.81511,0.81511,0.81504,0.81504,45
1779906000,0.81504,0.81515,0.81504,0.81508,93
1779906060,0.8151,0.81516,0.81509,0.81514,89
1779906120,0.81516,0.81525,0.81516,0.81525,78
1779906180,0.81525,0.81532,0.81519,0.81532,83
1779906240,0.81532,0.81535,0.81527,0.8153,86
1779906300,0.8153,0.81534,0.81524,0.81527,67
1779906360,0.81526,0.81534,0.81526,0.81532,79
1779906420,0.8153,0.81539,0.81529,0.81538,95
1779906480,0.81534,0.81541,0.81531,0.81541,104
1779906540,0.8154,0.81542,0.81535,0.81542,69
1779906600,0.81543,0.8155,0.81536,0.81536,105
1779906660,0.81537,0.81541,0.81532,0.81541,99
1779906720,0.8154,0.81542,0.81535,0.81542,74
1779906780,0.81542,0.81544,0.81535,0.81535,99
1779906840,0.81535,0.81537,0.81527,0.81529,72
1779906900,0.81527,0.81532,0.81523,0.81528,51
1779906960,0.81528,0.81537,0.81523,0.81527,77
1779907020,0.81529,0.81537,0.81527,0.81532,80
1779907080,0.81528,0.81543,0.81528,0.81543,68
1779907140,0.81544,0.81544,0.81538,0.81539,88
1779907200,0.8154,0.81551,0.81537,0.81549,62
1779907260,0.81551,0.81551,0.81546,0.81546,58
1779907320,0.81546,0.81552,0.81545,0.81547,76
1779907380,0.81548,0.81555,0.81548,0.81551,76
1779907440,0.81551,0.81564,0.81551,0.81561,70
1779907500,0.81562,0.81565,0.8156,0.81563,49
1779907560,0.81563,0.81566,0.8156,0.8156,60
1779907620,0.81561,0.81565,0.81557,0.81559,51
1779907680,0.81562,0.81565,0.81561,0.81563,41
1779907740,0.81563,0.81573,0.81562,0.81571,73
1779907800,0.8157,0.81582,0.8157,0.81577,72
1779907860,0.81577,0.81577,0.81567,0.81568,50
1779907920,0.81567,0.81571,0.81562,0.81567,41
1779907980,0.81566,0.81569,0.81556,0.81562,50
1779908040,0.81562,0.81567,0.81562,0.81562,61
1779908100,0.81564,0.81579,0.81563,0.81575,71
1779908160,0.81576,0.81577,0.8157,0.81574,69
1779908220,0.81575,0.81582,0.81571,0.81571,86
1779908280,0.81572,0.81581,0.81572,0.81576,87
1779908340,0.81576,0.81578,0.81567,0.81573,106
1779908400,0.81571,0.81571,0.81552,0.81554,96
1779908460,0.81555,0.81572,0.81554,0.81569,86
1779908520,0.8157,0.81579,0.81568,0.81573,56
1779908580,0.81574,0.81587,0.81572,0.81584,79
1779908640,0.81584,0.81595,0.81581,0.81594,78
1779908700,0.81594,0.81599,0.81585,0.81589,60
1779908760,0.81589,0.81591,0.81577,0.81578,90
1779908820,0.81576,0.81579,0.81574,0.81578,64
1779908880,0.81578,0.8158,0.81568,0.81574,89
1779908940,0.81571,0.81577,0.81569,0.81577,58
1779909000,0.81578,0.81582,0.81572,0.81575,62
1779909060,0.81573,0.81573,0.81568,0.81572,55
1779909120,0.8157,0.81574,0.81563,0.81573,64
1779909180,0.8157,0.81574,0.81563,0.81566,71
1779909240,0.81565,0.81575,0.81563,0.81572,76
1779909300,0.81569,0.81576,0.81569,0.81575,73
1779909360,0.81577,0.8158,0.8157,0.81579,79
1779909420,0.81577,0.81585,0.81576,0.81582,51
1779909480,0.81579,0.81581,0.81572,0.81575,54
1779909540,0.81574,0.81574,0.81567,0.8157,49
1779909600,0.8157,0.81576,0.81569,0.81572,76
1779909660,0.8157,0.81574,0.81565,0.81574,52
1779909720,0.81572,0.81574,0.81566,0.81566,45
1779909780,0.81567,0.81582,0.81566,0.81577,56
1779909840,0.81577,0.81581,0.81574,0.81576,62
1779909900,0.81575,0.81576,0.8157,0.81571,36
1779909960,0.81571,0.81571,0.81555,0.81558,76
1779910020,0.81559,0.81584,0.81554,0.81581,86
1779910080,0.8158,0.81584,0.81569,0.81578,79
1779910140,0.81579,0.81597,0.81573,0.81597,58
1779910200,0.81597,0.81599,0.81588,0.81595,74
1779910260,0.81594,0.81601,0.81593,0.81599,51
1779910320,0.81599,0.81605,0.81591,0.816,73
1779910380,0.81598,0.81609,0.81598,0.81606,76
1779910440,0.81606,0.81606,0.816,0.81602,63
1779910500,0.81603,0.81611,0.81598,0.81609,85
1779910560,0.81608,0.81612,0.81608,0.81611,63
1779910620,0.81612,0.81615,0.81606,0.81612,61
1779910680,0.81613,0.81613,0.81597,0.81602,68
1779910740,0.81603,0.81608,0.816,0.81607,76
1779910800,0.81606,0.81607,0.81592,0.81599,79
1779910860,0.816,0.816,0.81586,0.8159,57
1779910920,0.81589,0.81597,0.81586,0.81591,57
1779910980,0.81593,0.81601,0.81591,0.81601,46
1779911040,0.81598,0.81602,0.81595,0.81598,53
1779911100,0.81596,0.81602,0.81595,0.81599,49
1779911160,0.816,0.81604,0.81597,0.81599,60
1779911220,0.816,0.81602,0.81596,0.81602,60
1779911280,0.81601,0.81602,0.8159,0.81594,65
1779911340,0.81592,0.816,0.81592,0.81599,60
1779911400,0.81594,0.81599,0.81588,0.81597,86
1779911460,0.81597,0.81606,0.81591,0.81605,64
1779911520,0.81601,0.81603,0.81597,0.81601,61
1779911580,0.81598,0.81601,0.81593,0.81597,39
1779911640,0.81591,0.81592,0.81585,0.8159,70
1779911700,0.81589,0.81591,0.81574,0.8158,90
1779911760,0.81579,0.81593,0.81579,0.81589,89
1779911820,0.81588,0.81588,0.81577,0.8158,82
1779911880,0.8158,0.81589,0.81579,0.81583,99
1779911940,0.81584,0.81596,0.81584,0.81595,108
1779912000,0.81591,0.81598,0.81587,0.81591,87
1779912060,0.81593,0.81602,0.8159,0.816,111
1779912120,0.81599,0.816,0.81593,0.81594,81
1779912180,0.81596,0.81601,0.81593,0.81597,52
1779912240,0.81596,0.81603,0.81595,0.81597,77
1779912300,0.81595,0.81605,0.81593,0.81604,52
1779912360,0.81604,0.81607,0.81601,0.81605,49
1779912420,0.81602,0.81613,0.81602,0.81612,37
1779912480,0.81611,0.81614,0.81611,0.81614,33
1779912540,0.81614,0.81619,0.81613,0.81617,48
1779912600,0.81616,0.81618,0.81614,0.81617,28
1779912660,0.81617,0.81617,0.81603,0.81611,61
1779912720,0.81611,0.81611,0.81609,0.8161,18
1779912780,0.81609,0.81609,0.81603,0.81607,47
1779912840,0.81608,0.8161,0.81604,0.8161,38
1779912900,0.8161,0.81612,0.81605,0.81609,41
1779912960,0.81609,0.81615,0.81608,0.81609,33
1779913020,0.81609,0.81611,0.81604,0.81607,35
1779913080,0.81606,0.8161,0.81604,0.81607,45
1779913140,0.81606,0.81606,0.81598,0.81603,37
1779913200,0.81602,0.81603,0.81595,0.81601,39
1779913260,0.81601,0.81608,0.81601,0.81606,35
1779913320,0.81607,0.8161,0.81601,0.81606,44
1779913380,0.81605,0.81607,0.81601,0.81602,52
1779913440,0.81603,0.81604,0.81598,0.81602,51
1779913500,0.81602,0.81609,0.81602,0.81608,39
1779913560,0.8161,0.81622,0.81609,0.8162,39
1779913620,0.81621,0.81628,0.8162,0.81625,32
1779913680,0.81625,0.81636,0.81625,0.81636,33
1779913740,0.81636,0.81637,0.8163,0.81634,41
1779913800,0.81632,0.81636,0.8163,0.81636,41
1779913860,0.81636,0.81642,0.81635,0.81641,34
1779913920,0.81641,0.81643,0.8164,0.81643,22
1779913980,0.81645,0.81645,0.81638,0.81643,32
1779914040,0.81643,0.81648,0.81641,0.81646,44
1779914100,0.81646,0.81652,0.81641,0.8165,46
1779914160,0.81651,0.81659,0.81648,0.81659,42
1779914220,0.81658,0.81668,0.81652,0.81664,70
1779914280,0.81663,0.81664,0.81654,0.81655,52
1779914340,0.81655,0.81658,0.81649,0.81651,34
1779914400,0.81649,0.81655,0.81649,0.81654,33
1779914460,0.81655,0.81655,0.81654,0.81655,12
1779914520,0.81658,0.81661,0.81654,0.81661,24
1779914580,0.8166,0.81669,0.8166,0.81664,41
1779914640,0.81663,0.81666,0.81661,0.81665,18
1779914700,0.81667,0.81668,0.81663,0.81663,40
1779914760,0.81664,0.81665,0.81663,0.81663,14
1779914820,0.81665,0.81665,0.81657,0.8166,42
1779914880,0.81659,0.81661,0.81649,0.81652,51
1779914940,0.81654,0.81654,0.81649,0.81652,30
1779915000,0.81655,0.81666,0.81648,0.81664,24
1779915060,0.81666,0.81666,0.81657,0.81657,14
1779915120,0.81653,0.81663,0.81653,0.81663,24
1779915180,0.81665,0.8167,0.81656,0.81667,64
1779915240,0.81667,0.81672,0.81667,0.81669,45
1779915300,0.81666,0.81668,0.81663,0.81666,28
1779915360,0.81667,0.81667,0.81663,0.81663,15
1779915420,0.81663,0.81667,0.8166,0.81664,30
1779915480,0.81668,0.81674,0.81665,0.81673,51
1779915660,0.81556,0.81556,0.81542,0.81554,7
1779915720,0.81545,0.81557,0.81545,0.81557,2
1779915780,0.81543,0.81543,0.81543,0.81543,2
1779915840,0.81541,0.8155,0.81541,0.8155,3
1779915900,0.81541,0.81567,0.81541,0.81564,7
1779915960,0.81562,0.81568,0.81545,0.81545,4
1779916020,0.8155,0.81553,0.8155,0.81553,2
1779916080,0.81541,0.81564,0.81541,0.81564,10
1779916200,0.81563,0.81568,0.81563,0.81568,2
1779916260,0.81557,0.8158,0.81557,0.8158,11
1779916320,0.81579,0.81584,0.81576,0.81584,12
1779916500,0.8158,0.81618,0.8158,0.81617,5
1779916740,0.81613,0.81617,0.81613,0.81617,4
1779916800,0.8159,0.8159,0.81583,0.81588,10
1779916860,0.81595,0.81597,0.8159,0.81594,15
1779916920,0.81593,0.81593,0.8159,0.8159,6
1779916980,0.81593,0.81597,0.81575,0.81586,22
1779917040,0.8159,0.8159,0.8157,0.81575,19
1779917100,0.81574,0.81585,0.81556,0.81556,8
1779917160,0.81565,0.81583,0.81561,0.81578,9
1779917220,0.81588,0.81588,0.81584,0.81588,7
1779917280,0.81586,0.81593,0.81586,0.81586,6
1779917340,0.8158,0.81587,0.8158,0.81586,6
1779917400,0.81586,0.81595,0.81583,0.81584,28
1779917460,0.81587,0.81597,0.81581,0.81595,22
1779917520,0.81595,0.81608,0.81583,0.81606,27
1779917580,0.81606,0.8161,0.81602,0.81602,33
1779917640,0.81601,0.81607,0.81601,0.81603,19
1779917700,0.81603,0.81611,0.81602,0.8161,21
1779917760,0.81613,0.81618,0.8161,0.81618,22
1779917820,0.81617,0.81623,0.81617,0.8162,32
1779917880,0.81619,0.81621,0.81608,0.81615,49
1779917940,0.81615,0.81616,0.81609,0.81616,31
1779918000,0.81615,0.81619,0.81604,0.81611,50
1779918060,0.81603,0.81615,0.81603,0.81606,28
1779918120,0.81609,0.8161,0.81607,0.8161,25
1779918180,0.81614,0.81614,0.81605,0.81611,34
1779918240,0.81611,0.81616,0.81598,0.81599,35
1779918300,0.816,0.81605,0.81554,0.81555,119
1779918360,0.81555,0.81595,0.81551,0.81559,114
1779918420,0.81559,0.81593,0.81547,0.8155,118
1779918480,0.81551,0.81585,0.81541,0.81583,110
1779918540,0.81557,0.81584,0.81543,0.81548,45
1779918600,0.81546,0.81575,0.81546,0.81547,53
1779918660,0.8157,0.81575,0.81557,0.81575,43
1779918720,0.81574,0.81575,0.81555,0.81575,49
1779918780,0.81574,0.8158,0.81558,0.81574,51
1779918840,0.81573,0.81581,0.81559,0.81564,55
1779918900,0.81564,0.81578,0.81558,0.81564,61
1779918960,0.81565,0.81603,0.81553,0.8158,73
1779919020,0.8158,0.81639,0.81572,0.81638,111
1779919080,0.81633,0.81633,0.81519,0.81536,103
1779919140,0.81539,0.81548,0.81503,0.81523,74
1779919200,0.81597,0.81664,0.81597,0.81632,106
1779919260,0.81645,0.81661,0.81642,0.81659,35
1779919320,0.81658,0.81677,0.81658,0.81677,49
1779919380,0.81676,0.81676,0.81659,0.81671,48
1779919440,0.81667,0.81671,0.81663,0.81665,30
1779919500,0.81661,0.81667,0.81656,0.81666,48
1779919560,0.81666,0.81669,0.81663,0.81666,28
1779919620,0.81667,0.81669,0.81661,0.81663,30
1779919680,0.81663,0.81667,0.81662,0.81667,21
1779919740,0.81667,0.81669,0.81658,0.81662,32
1779919800,0.81662,0.81662,0.8165,0.8165,28
1779919860,0.8165,0.8165,0.8163,0.81634,40
1779919920,0.81637,0.81642,0.81632,0.81638,50
1779919980,0.81639,0.81641,0.81638,0.81641,16
1779920040,0.81641,0.81642,0.81639,0.81639,13
1779920100,0.81641,0.81648,0.81638,0.81648,37
1779920160,0.81648,0.81648,0.81642,0.81642,46
1779920220,0.81642,0.81648,0.81636,0.81636,41
1779920280,0.81636,0.81642,0.81636,0.8164,21
1779920340,0.81641,0.81641,0.8163,0.81635,22
1779920400,0.81634,0.81636,0.81628,0.8163,31
1779920460,0.8163,0.81632,0.81622,0.81626,25
1779920520,0.81626,0.81627,0.81621,0.81626,25
1779920580,0.81626,0.81626,0.81621,0.81625,18
1779920640,0.81626,0.81628,0.81626,0.81626,8
1779920700,0.81625,0.8163,0.81622,0.81629,39
1779920760,0.81628,0.81634,0.81627,0.81634,41
1779920820,0.81634,0.81638,0.81628,0.81631,32
1779920880,0.81629,0.81633,0.81624,0.81627,34
1779920940,0.81628,0.8163,0.81624,0.81625,37
1779921000,0.81624,0.81628,0.81613,0.81618,53
1779921060,0.81619,0.81624,0.81617,0.81624,19
1779921120,0.81624,0.81624,0.8162,0.81624,25
1779921180,0.81622,0.81624,0.81621,0.81624,35
1779921240,0.81624,0.8163,0.81621,0.8163,44
1779921300,0.81628,0.8163,0.81627,0.81629,26
1779921360,0.8163,0.8163,0.81625,0.81629,22
1779921420,0.81628,0.81632,0.81623,0.81623,47
1779921480,0.81625,0.81627,0.81621,0.81627,37
1779921540,0.81628,0.81631,0.81626,0.81629,36
1779921600,0.8163,0.81636,0.81629,0.81635,36
1779921660,0.81635,0.81636,0.81629,0.81632,35
1779921720,0.81632,0.81634,0.8163,0.81632,35
1779921780,0.8163,0.81633,0.81629,0.81632,19
1779921840,0.81634,0.81634,0.81625,0.8163,43
1779921900,0.8163,0.81633,0.81626,0.81628,50
1779921960,0.81628,0.81634,0.81623,0.81633,39
1779922020,0.81634,0.81634,0.81628,0.81631,70
1779922080,0.81631,0.81634,0.81628,0.81629,24
1779922140,0.81629,0.81631,0.81624,0.81631,38
1779922200,0.81629,0.8163,0.81628,0.8163,14
1779922260,0.81629,0.81633,0.81622,0.81633,49
1779922320,0.81633,0.81633,0.81624,0.81626,37
1779922380,0.81626,0.81635,0.81626,0.81635,34
1779922440,0.81635,0.81636,0.81633,0.81633,8
1779922500,0.81633,0.81635,0.81633,0.81635,16
1779922560,0.81633,0.81633,0.81628,0.81632,19
1779922620,0.81631,0.81632,0.81626,0.81631,35
1779922680,0.81631,0.81632,0.81626,0.8163,30
1779922740,0.81629,0.8163,0.81626,0.8163,19
1779922800,0.8163,0.81632,0.8162,0.81629,70
1779922860,0.81627,0.81627,0.81627,0.81627,2
1779922920,0.81628,0.81632,0.81626,0.81626,33
1779922980,0.81627,0.81631,0.81625,0.8163,48
1779923040,0.81631,0.81632,0.81625,0.8163,55
1779923100,0.8163,0.81637,0.8163,0.81637,43
1779923160,0.81637,0.81637,0.8163,0.81634,36
1779923220,0.81635,0.81635,0.81627,0.8163,35
1779923280,0.8163,0.81632,0.81629,0.81632,38
1779923340,0.81631,0.81633,0.81628,0.81633,52
1779923400,0.81633,0.81633,0.81626,0.81631,33
1779923460,0.81632,0.81633,0.81623,0.81624,55
1779923520,0.81624,0.81629,0.81624,0.81628,20
1779923580,0.81626,0.8163,0.81623,0.81629,26
1779923640,0.81629,0.81633,0.81625,0.81633,30
1779923700,0.81633,0.81633,0.81629,0.81632,19
1779923760,0.81633,0.81634,0.81623,0.81633,56
1779923820,0.81634,0.8164,0.81633,0.81639,45
1779923880,0.81639,0.81652,0.81637,0.81652,50
1779923940,0.81652,0.81653,0.81642,0.81646,55
1779924000,0.81648,0.81653,0.81637,0.81637,71
1779924060,0.81639,0.81639,0.81619,0.81624,120
1779924120,0.81626,0.81626,0.81589,0.81593,81
1779924180,0.81591,0.816,0.81577,0.8158,104
1779924240,0.81581,0.81601,0.81581,0.81595,69
1779924300,0.81594,0.81599,0.81593,0.81598,64
1779924360,0.81596,0.81598,0.81585,0.81587,69
1779924420,0.81588,0.8159,0.81583,0.81586,55
1779924480,0.81587,0.81587,0.81578,0.81585,64
1779924540,0.81586,0.81589,0.81584,0.81589,32
1779924600,0.81589,0.8159,0.81576,0.81577,83
1779924660,0.81577,0.81588,0.81577,0.81585,49
1779924720,0.81582,0.81589,0.81582,0.81586,52
1779924780,0.81589,0.81595,0.8158,0.81589,83
1779924840,0.81589,0.81589,0.81562,0.81565,78
1779924900,0.81566,0.81568,0.81546,0.81559,78
1779924960,0.81559,0.81563,0.81558,0.81559,45
1779925020,0.81559,0.81563,0.81554,0.81555,44
1779925080,0.81555,0.81556,0.81551,0.81552,42
1779925140,0.81553,0.81565,0.81553,0.81565,36
1779925200,0.81565,0.81567,0.81557,0.81557,20
1779925260,0.81557,0.81563,0.81555,0.81561,41
1779925320,0.8156,0.81566,0.8156,0.81564,31
1779925380,0.81564,0.81564,0.81551,0.81555,64
1779925440,0.81555,0.81564,0.81555,0.8156,59
1779925500,0.8156,0.81563,0.8155,0.81552,69
1779925560,0.81553,0.81555,0.81544,0.81552,71
1779925620,0.81553,0.81559,0.81553,0.81557,36
1779925680,0.81557,0.81566,0.81552,0.81565,49
1779925740,0.81566,0.81566,0.81563,0.81566,38
1779925800,0.81565,0.81566,0.81556,0.81559,44
1779925860,0.81557,0.81558,0.81535,0.81537,73
1779925920,0.81535,0.81543,0.8153,0.81534,86
1779925980,0.81537,0.81545,0.81535,0.81543,97
1779926040,0.81543,0.81553,0.81541,0.81552,77
1779926100,0.81548,0.81557,0.81544,0.81551,63
1779926160,0.81551,0.81566,0.8155,0.81556,83
1779926220,0.81556,0.81564,0.81556,0.8156,80
1779926280,0.8156,0.81565,0.81555,0.81559,99
1779926340,0.81555,0.81561,0.8155,0.81552,87
1779926400,0.81552,0.81561,0.8154,0.81561,150
1779926460,0.81557,0.8158,0.81557,0.81569,153
1779926520,0.81571,0.81577,0.81555,0.81572,119
1779926580,0.81574,0.81593,0.81567,0.8159,121
1779926640,0.81591,0.81597,0.81583,0.81597,124
1779926700,0.81599,0.816,0.81588,0.81591,113
1779926760,0.81593,0.816,0.81586,0.81592,97
1779926820,0.81592,0.81596,0.81586,0.81591,123
1779926880,0.8159,0.81604,0.81589,0.81601,111
1779926940,0.81601,0.8161,0.81601,0.8161,96
1779927000,0.81609,0.81612,0.816,0.81608,105
1779927060,0.81609,0.8161,0.81602,0.81604,84
1779927120,0.81603,0.81619,0.81603,0.81613,77
1779927180,0.81613,0.81617,0.81608,0.81616,93
1779927240,0.81616,0.8162,0.81611,0.81612,105
1779927300,0.8161,0.81623,0.81606,0.81619,99
1779927360,0.81619,0.8162,0.81608,0.81615,79
1779927420,0.81615,0.81618,0.81607,0.81617,115
1779927480,0.81618,0.81626,0.81614,0.81625,108
1779927540,0.81624,0.81626,0.81615,0.81615,89
1779927600,0.81614,0.81632,0.8161,0.81632,99
1779927660,0.81631,0.81635,0.81623,0.81633,115
1779927720,0.81633,0.81633,0.81624,0.81626,78
1779927780,0.81627,0.81627,0.81615,0.81622,89
1779927840,0.81624,0.81624,0.81609,0.81615,84
1779927900,0.81617,0.8162,0.81608,0.81611,135
1779927960,0.8161,0.81614,0.81605,0.81614,97
1779928020,0.81614,0.81615,0.81607,0.81613,119
1779928080,0.81613,0.81627,0.81613,0.81624,80
1779928140,0.81625,0.8163,0.8162,0.81628,110
1779928200,0.81626,0.81639,0.81622,0.81622,144
1779928260,0.81622,0.81627,0.81608,0.81622,144
1779928320,0.81622,0.81627,0.81611,0.81617,128
1779928380,0.81619,0.81627,0.81618,0.8162,130
1779928440,0.81622,0.81622,0.81612,0.81614,102
1779928500,0.81613,0.81624,0.81612,0.8162,81
1779928560,0.81621,0.81621,0.81609,0.81611,104
1779928620,0.81613,0.81623,0.81612,0.81621,74
1779928680,0.8162,0.81628,0.81617,0.81619,81
1779928740,0.81623,0.81623,0.81615,0.81619,69
1779928800,0.81619,0.81626,0.81613,0.81624,81
1779928860,0.81624,0.81631,0.81621,0.81622,48
1779928920,0.81623,0.81638,0.81623,0.81638,73
1779928980,0.81638,0.81646,0.81636,0.81642,85
1779929040,0.81642,0.8165,0.8164,0.81647,70
1779929100,0.8165,0.81656,0.81649,0.81655,110
1779929160,0.81653,0.81657,0.8165,0.81655,93
1779929220,0.81655,0.81665,0.81654,0.81665,86
1779929280,0.81664,0.81682,0.81664,0.81682,78
1779929340,0.81682,0.81687,0.81676,0.81682,81
1779929400,0.81681,0.81687,0.81675,0.81676,91
1779929460,0.81678,0.81693,0.81678,0.81686,74
1779929520,0.81686,0.81688,0.81682,0.81682,71
1779929580,0.81684,0.81692,0.81682,0.81682,64
1779929640,0.81682,0.81685,0.81669,0.81676,120
1779929700,0.81676,0.8168,0.81669,0.81679,117
1779929760,0.8168,0.81681,0.81671,0.81679,84
1779929820,0.81676,0.81682,0.81673,0.81678,90
1779929880,0.81679,0.81711,0.81678,0.8171,121
1779929940,0.81712,0.81716,0.81702,0.81702,112
1779930000,0.81704,0.81709,0.81693,0.81704,146
1779930060,0.81701,0.81714,0.81699,0.81707,86
1779930120,0.81707,0.81718,0.81705,0.8171,132
1779930180,0.8171,0.81724,0.81709,0.81724,119
1779930240,0.81725,0.81737,0.81725,0.81731,120
1779930300,0.81732,0.81739,0.81729,0.81732,98
1779930360,0.81733,0.81782,0.81733,0.81782,148
1779930420,0.81782,0.81816,0.81781,0.81805,123
1779930480,0.81805,0.81837,0.81803,0.81829,104
1779930540,0.81831,0.81831,0.81803,0.81811,60
1779930600,0.81812,0.81825,0.81811,0.81811,115
1779930660,0.81811,0.81835,0.818,0.81834,87
1779930720,0.81835,0.81835,0.81805,0.81807,86
1779930780,0.81807,0.81809,0.81791,0.81803,107
1779930840,0.81805,0.8181,0.81795,0.81796,102
1779930900,0.81795,0.81795,0.81751,0.81762,150
1779930960,0.81764,0.81774,0.81756,0.81773,109
1779931020,0.81773,0.81775,0.81755,0.81755,117
1779931080,0.81757,0.81766,0.81746,0.8175,110
1779931140,0.8175,0.81754,0.81736,0.81744,97
1779931200,0.81744,0.81745,0.81729,0.81739,79
1779931260,0.81737,0.81751,0.81736,0.81742,105
1779931320,0.81742,0.81748,0.81739,0.81745,94
1779931380,0.81745,0.81766,0.81743,0.81761,91
1779931440,0.81762,0.81792,0.81761,0.81789,99
1779931500,0.81787,0.8179,0.81768,0.81768,100
1779931560,0.8177,0.8177,0.81747,0.81752,111
1779931620,0.81748,0.8175,0.81737,0.81739,112
1779931680,0.81738,0.81741,0.81732,0.81736,96
1779931740,0.81733,0.81736,0.81723,0.8173,89
1779931800,0.81733,0.81741,0.81726,0.81737,88
1779931860,0.81739,0.81752,0.81737,0.81746,97
1779931920,0.81745,0.81745,0.81719,0.8172,121
1779931980,0.81722,0.81731,0.8171,0.81711,135
1779932040,0.81711,0.81716,0.817,0.81705,105
1779932100,0.81705,0.81709,0.81689,0.81696,96
1779932160,0.81697,0.817,0.81689,0.81693,106
1779932220,0.81699,0.81707,0.81691,0.81699,111
1779932280,0.81701,0.81711,0.817,0.81709,72
1779932340,0.81711,0.8172,0.81702,0.81716,107
1779932400,0.81717,0.81718,0.81706,0.81711,105
1779932460,0.81712,0.81715,0.81698,0.81704,121
1779932520,0.81703,0.81711,0.81689,0.81691,82
1779932580,0.81687,0.81696,0.81673,0.81696,120
1779932640,0.81693,0.81699,0.8169,0.81695,67
1779932700,0.81696,0.81696,0.81672,0.81679,121
1779932760,0.8168,0.81686,0.81676,0.81682,115
1779932820,0.81682,0.81688,0.81678,0.81688,64
1779932880,0.81688,0.81694,0.81685,0.81691,85
1779932940,0.81693,0.81697,0.81691,0.81694,83
1779933000,0.81698,0.81703,0.81693,0.81697,98
1779933060,0.81696,0.8172,0.81696,0.81712,80
1779933120,0.81714,0.81735,0.81712,0.81731,118
1779933180,0.81731,0.81734,0.81716,0.81721,86
1779933240,0.81721,0.81726,0.81716,0.81719,64
1779933300,0.8172,0.8172,0.81692,0.81696,94
1779933360,0.81703,0.81703,0.8168,0.81689,112
1779933420,0.8169,0.81707,0.81688,0.81704,71
1779933480,0.81704,0.81714,0.81701,0.81708,74
1779933540,0.81707,0.81713,0.81691,0.817,130
1779933600,0.81701,0.81714,0.81701,0.81711,134
1779933660,0.81711,0.81731,0.8171,0.81726,119
1779933720,0.81727,0.81728,0.81716,0.81719,89
1779933780,0.81718,0.81719,0.81695,0.81702,111
1779933840,0.81704,0.81714,0.81703,0.81708,77
1779933900,0.81708,0.81717,0.81707,0.81714,76
1779933960,0.81713,0.81723,0.81712,0.8172,106
1779934020,0.81722,0.81728,0.8172,0.81721,89
1779934080,0.81723,0.81733,0.81721,0.81731,84
1779934140,0.81731,0.81734,0.81727,0.81729,64
1779934200,0.81732,0.81735,0.81724,0.81724,88
1779934260,0.81726,0.81734,0.8172,0.81734,113
1779934320,0.81734,0.81738,0.81727,0.81733,77
1779934380,0.81734,0.8175,0.81734,0.81747,92
1779934440,0.81746,0.81754,0.81739,0.81751,90
1779934500,0.81752,0.81756,0.81748,0.81748,64
1779934560,0.8175,0.81754,0.8174,0.81743,110
1779934620,0.81743,0.81744,0.81731,0.81734,95
1779934680,0.81734,0.81738,0.81721,0.81729,78
1779934740,0.81727,0.81738,0.81727,0.81736,58
1779934800,0.81736,0.8174,0.81726,0.8173,91
1779934860,0.81729,0.81738,0.81726,0.81728,89
1779934920,0.81728,0.81761,0.81725,0.81757,91
1779934980,0.81756,0.81757,0.81751,0.81753,65
1779935040,0.81755,0.8176,0.81745,0.81749,85
1779935100,0.81749,0.81753,0.81736,0.81737,84
1779935160,0.81738,0.81739,0.81725,0.81729,52
1779935220,0.81729,0.81729,0.81722,0.81724,58
1779935280,0.81724,0.81727,0.81723,0.81724,39
1779935340,0.81725,0.8173,0.8172,0.81724,74
1779935400,0.81722,0.81739,0.81722,0.81733,71
1779935460,0.81738,0.81739,0.81729,0.81729,84
1779935520,0.81727,0.81731,0.81716,0.81719,53
1779935580,0.8172,0.81726,0.81711,0.81714,73
1779935640,0.81715,0.81718,0.81712,0.81716,63
1779935700,0.81716,0.81718,0.81698,0.81698,70
1779935760,0.81698,0.81703,0.81687,0.81695,73
1779935820,0.81696,0.81699,0.81693,0.81695,68
1779935880,0.81695,0.81697,0.81689,0.81692,58
1779935940,0.81692,0.81699,0.81692,0.81697,59
1779936000,0.81698,0.81701,0.8169,0.81692,84
1779936060,0.81691,0.81694,0.81664,0.81664,109
1779936120,0.81663,0.81682,0.81661,0.81674,116
1779936180,0.81674,0.81681,0.81672,0.81674,81
1779936240,0.81674,0.81677,0.81671,0.81675,90
1779936300,0.81676,0.81676,0.81642,0.81643,114
1779936360,0.81641,0.81641,0.81613,0.81615,120
1779936420,0.81611,0.81622,0.81605,0.81611,132
1779936480,0.81612,0.81622,0.81605,0.8161,106
1779936540,0.81607,0.81616,0.81594,0.81616,108
1779936600,0.81617,0.81634,0.8161,0.81617,84
1779936660,0.81618,0.81632,0.81618,0.8163,67
1779936720,0.8163,0.8163,0.81613,0.81626,78
1779936780,0.81626,0.81628,0.81623,0.81628,56
1779936840,0.81628,0.81628,0.81603,0.81606,96
1779936900,0.81605,0.81617,0.81596,0.81596,77
1779936960,0.81593,0.816,0.81586,0.81591,90
1779937020,0.81592,0.81599,0.81589,0.81597,86
1779937080,0.81598,0.81606,0.81587,0.81592,75
1779937140,0.81593,0.81596,0.81588,0.81594,97
1779937200,0.81594,0.81608,0.81583,0.81604,120
1779937260,0.81602,0.81611,0.81599,0.8161,121
1779937320,0.81611,0.8162,0.81605,0.8162,108
1779937380,0.81618,0.81634,0.81617,0.81627,103
1779937440,0.81626,0.81631,0.81607,0.81607,97
1779937500,0.81606,0.81626,0.81606,0.81621,95
1779937560,0.81622,0.81627,0.81614,0.81622,70
1779937620,0.81619,0.81635,0.8161,0.81632,101
1779937680,0.81632,0.81639,0.81613,0.81618,111
1779937740,0.81619,0.81624,0.81616,0.81621,109
1779937800,0.81624,0.81625,0.81598,0.81604,101
1779937860,0.81604,0.8161,0.81585,0.81587,125
1779937920,0.81585,0.8159,0.81577,0.81578,113
1779937980,0.81574,0.81577,0.8155,0.81569,117
1779938040,0.81571,0.81571,0.81552,0.81566,121
1779938100,0.81566,0.81568,0.81553,0.81559,138
1779938160,0.81557,0.81562,0.81546,0.81552,91
1779938220,0.81554,0.8156,0.81541,0.81541,99
1779938280,0.81536,0.81544,0.81501,0.81505,147
1779938340,0.81501,0.8152,0.81501,0.81513,164
1779938400,0.81515,0.81529,0.81514,0.81514,116
1779938460,0.81514,0.8153,0.81514,0.81525,88
1779938520,0.8152,0.8152,0.815,0.81504,113
1779938580,0.81505,0.81516,0.81501,0.81514,115
1779938640,0.81513,0.81521,0.81511,0.81517,86
1779938700,0.81519,0.81524,0.81509,0.81517,106
1779938760,0.81518,0.81533,0.81517,0.81528,118
1779938820,0.81528,0.81532,0.81521,0.81528,107
1779938880,0.81528,0.8154,0.81528,0.81538,77
1779938940,0.81537,0.8154,0.81518,0.81518,113
1779939000,0.81515,0.81519,0.81497,0.815,133
1779939060,0.81499,0.81507,0.81475,0.81481,110
1779939120,0.81482,0.81488,0.81461,0.81468,126
1779939180,0.8147,0.81474,0.81465,0.8147,127
1779939240,0.8147,0.81499,0.81458,0.81495,140
1779939300,0.81496,0.81509,0.81493,0.81501,137
1779939360,0.81506,0.81511,0.81492,0.81507,161
1779939420,0.81508,0.81518,0.81505,0.81512,148
1779939480,0.81511,0.81511,0.81489,0.81494,111
1779939540,0.81494,0.81499,0.81487,0.81491,135
1779939600,0.815,0.81511,0.81488,0.81499,151
1779939660,0.81495,0.81505,0.81485,0.81493,149
1779939720,0.81495,0.81498,0.81488,0.8149,129
1779939780,0.81492,0.81504,0.81479,0.81489,142
1779939840,0.81488,0.815,0.81483,0.81492,133
1779939900,0.81492,0.81499,0.81482,0.81499,112
1779939960,0.81496,0.81503,0.8149,0.81495,108
1779940020,0.81491,0.81496,0.81478,0.81494,120
1779940080,0.81495,0.81497,0.81447,0.8145,144
1779940140,0.8145,0.81465,0.81449,0.81463,139
1779940200,0.81464,0.81465,0.8142,0.8143,155
1779940260,0.81432,0.81459,0.81429,0.81452,137
1779940320,0.81454,0.81459,0.81449,0.81452,98
1779940380,0.81454,0.81454,0.81438,0.81444,94
1779940440,0.81448,0.8145,0.81441,0.81448,94
1779940500,0.81448,0.81448,0.81434,0.81438,104
1779940560,0.81438,0.81441,0.8143,0.8143,97
1779940620,0.8143,0.81442,0.81423,0.8144,119
1779940680,0.81441,0.81453,0.81437,0.81451,116
1779940740,0.81451,0.81456,0.8144,0.8144,129
1779940800,0.8144,0.8146,0.8144,0.81451,124
1779940860,0.81449,0.81452,0.81414,0.81417,135
1779940920,0.81417,0.81425,0.81412,0.81415,141
1779940980,0.81417,0.81423,0.81394,0.81394,144
1779941040,0.81393,0.81409,0.81384,0.81403,117
1779941100,0.81401,0.81403,0.81373,0.81389,143
1779941160,0.81387,0.81397,0.81379,0.81389,128
1779941220,0.8139,0.81394,0.81379,0.81389,115
1779941280,0.81391,0.81399,0.81389,0.81391,116
1779941340,0.8139,0.81406,0.8139,0.81406,128
1779941400,0.81404,0.81411,0.81396,0.814,116
1779941460,0.81402,0.81402,0.81382,0.81392,104
1779941520,0.81391,0.81392,0.81372,0.81384,136
1779941580,0.81384,0.81395,0.81384,0.81388,84
1779941640,0.8139,0.81398,0.81384,0.81394,107
1779941700,0.81395,0.81407,0.81389,0.81404,119
1779941760,0.81404,0.81406,0.81386,0.81397,79
1779941820,0.81398,0.81403,0.81395,0.81396,82
1779941880,0.81396,0.81402,0.81391,0.81397,99
1779941940,0.81395,0.81397,0.81366,0.81369,101
1779942000,0.81369,0.81378,0.81361,0.81367,127
1779942060,0.81367,0.81372,0.81363,0.81365,105
1779942120,0.81367,0.81376,0.8136,0.81371,123
1779942180,0.81372,0.81375,0.81368,0.81375,78
1779942240,0.81373,0.8138,0.81369,0.81374,101
1779942300,0.81373,0.81375,0.81366,0.81372,96
1779942360,0.81371,0.81371,0.81363,0.81365,99
1779942420,0.81366,0.8137,0.81354,0.81354,89
1779942480,0.81352,0.81358,0.81343,0.81347,118
1779942540,0.81348,0.81368,0.81348,0.81355,96
1779942600,0.8135,0.81365,0.81346,0.81358,90
1779942660,0.81359,0.81368,0.81357,0.81365,98
1779942720,0.81364,0.81366,0.81347,0.81347,106
1779942780,0.81346,0.81355,0.81346,0.81349,104
1779942840,0.8135,0.8135,0.81336,0.81342,118
1779942900,0.81341,0.81352,0.8132,0.81351,121
1779942960,0.8135,0.8137,0.81348,0.81368,63
1779943020,0.81365,0.81368,0.81354,0.81368,98
1779943080,0.81365,0.81371,0.81355,0.81356,57
1779943140,0.81355,0.81371,0.81353,0.81371,77
1779943200,0.8137,0.8137,0.81362,0.81363,52
1779943260,0.81363,0.81368,0.81358,0.81366,71
1779943320,0.81364,0.81367,0.81348,0.81349,81
1779943380,0.81351,0.81358,0.81344,0.81349,110
1779943440,0.81348,0.81348,0.81322,0.81336,62
1779943500,0.81337,0.8134,0.81325,0.81339,85
1779943560,0.81339,0.81339,0.81319,0.81321,71
1779943620,0.81321,0.81326,0.81318,0.81322,67
1779943680,0.81323,0.81326,0.81317,0.8132,60
1779943740,0.81319,0.81341,0.81319,0.81339,88
1779943800,0.81341,0.81341,0.81327,0.81328,80
1779943860,0.81328,0.81339,0.81328,0.81337,80
1779943920,0.81335,0.81337,0.81323,0.81326,86
1779943980,0.81327,0.81327,0.81312,0.81314,70
1779944040,0.8131,0.81319,0.81308,0.81317,60
1779944100,0.81316,0.81322,0.8131,0.81322,93
1779944160,0.81322,0.81328,0.81318,0.81324,80
1779944220,0.81328,0.81331,0.81274,0.81275,64
1779944280,0.81274,0.81302,0.81272,0.81294,115
1779944340,0.81295,0.81299,0.81287,0.81299,69
1779944400,0.81301,0.81321,0.81301,0.81318,139
1779944460,0.81316,0.81329,0.81313,0.81316,111
1779944520,0.81314,0.81322,0.81311,0.8132,116
1779944580,0.81321,0.81327,0.81313,0.81327,102
1779944640,0.81325,0.81342,0.81322,0.81332,96
1779944700,0.81332,0.81344,0.81332,0.81335,71
1779944760,0.8134,0.81355,0.81338,0.81353,65
1779944820,0.81352,0.81355,0.81344,0.81352,86
1779944880,0.81353,0.81355,0.81344,0.81348,84
1779944940,0.8135,0.81361,0.81348,0.81361,100
1779945000,0.8136,0.81363,0.81346,0.81348,84
1779945060,0.81349,0.81353,0.81345,0.8135,96
1779945120,0.81351,0.81369,0.81351,0.81361,81
1779945180,0.81364,0.81369,0.8136,0.81363,95
1779945240,0.81369,0.81376,0.81363,0.81366,101
1779945300,0.81367,0.81372,0.81363,0.81368,80
1779945360,0.81369,0.8137,0.81361,0.81365,99
1779945420,0.81366,0.81378,0.81366,0.81378,80
1779945480,0.81376,0.81381,0.81368,0.81377,80
1779945540,0.81377,0.81383,0.81373,0.81375,60
1779945600,0.81378,0.81391,0.81375,0.81389,65
1779945660,0.81388,0.81392,0.81386,0.81391,56
1779945720,0.81391,0.81399,0.8138,0.81396,77
1779945780,0.81396,0.81401,0.81373,0.81384,89
1779945840,0.81388,0.81394,0.81383,0.8139,64
1779945900,0.81391,0.814,0.81386,0.81392,87
1779945960,0.81392,0.81401,0.81388,0.81396,90
1779946020,0.81395,0.81407,0.81392,0.81398,106
1779946080,0.81393,0.81399,0.81382,0.81398,108
1779946140,0.81398,0.81399,0.81371,0.81375,112
1779946200,0.81374,0.8139,0.81369,0.81387,134
1779946260,0.81388,0.81405,0.81385,0.81398,116
1779946320,0.81398,0.81408,0.81396,0.81404,100
1779946380,0.81406,0.81419,0.81404,0.81416,122
1779946440,0.81413,0.81424,0.81405,0.81409,109
1779946500,0.8141,0.8141,0.81389,0.81394,112
1779946560,0.81393,0.81405,0.81393,0.81402,95
1779946620,0.81403,0.81405,0.81393,0.81396,127
1779946680,0.81397,0.81409,0.81395,0.81408,85
1779946740,0.81408,0.81417,0.81408,0.81415,108
1779946800,0.81418,0.81425,0.81412,0.81423,88
1779946860,0.81422,0.8143,0.81422,0.81427,73
1779946920,0.81427,0.81431,0.8142,0.81422,100
1779946980,0.81422,0.81432,0.8142,0.81427,88
1779947040,0.81428,0.81431,0.81417,0.81425,98
1779947100,0.81424,0.81427,0.81413,0.81424,92
1779947160,0.81423,0.81424,0.81406,0.81422,104
1779947220,0.81422,0.8143,0.8142,0.8143,100
1779947280,0.81429,0.81444,0.81429,0.8144,66
1779947340,0.8144,0.81448,0.81435,0.81437,69
1779947400,0.81437,0.81451,0.81437,0.81451,81
1779947460,0.81449,0.81452,0.81441,0.81441,99
1779947520,0.81441,0.81451,0.81441,0.81449,85
1779947580,0.81448,0.81448,0.81431,0.81434,90
1779947640,0.81436,0.81445,0.81436,0.81443,54
1779947700,0.81444,0.81445,0.81434,0.81434,67
1779947760,0.81435,0.81448,0.81434,0.81448,82
1779947820,0.81444,0.81448,0.81441,0.81443,73
1779947880,0.81441,0.81454,0.81441,0.81451,78
1779947940,0.81452,0.81452,0.81439,0.81441,65
1779948000,0.81439,0.81446,0.8143,0.81432,141
1779948060,0.81433,0.81442,0.8143,0.8144,100
1779948120,0.81439,0.81445,0.81435,0.81438,87
1779948180,0.81439,0.81448,0.81434,0.81447,108
1779948240,0.81448,0.8145,0.81443,0.81448,85
1779948300,0.81448,0.81449,0.81442,0.81447,82
1779948360,0.81449,0.81452,0.81442,0.81452,70
1779948420,0.81452,0.81462,0.81452,0.81455,89
1779948480,0.81457,0.81471,0.81454,0.81457,89
1779948540,0.8146,0.81469,0.81459,0.81467,62
1779948600,0.81468,0.81475,0.81462,0.81473,86
1779948660,0.81473,0.81492,0.81472,0.81476,91
1779948720,0.81478,0.8148,0.81461,0.81472,98
1779948780,0.81473,0.81493,0.81472,0.8149,124
1779948840,0.81489,0.81492,0.81475,0.81475,83
1779948900,0.81475,0.81478,0.81469,0.81473,122
1779948960,0.81476,0.81483,0.81475,0.8148,71
1779949020,0.8148,0.81496,0.81479,0.81495,80
1779949080,0.81495,0.81498,0.8149,0.81492,61
1779949140,0.81492,0.81499,0.8149,0.81496,69
1779949200,0.81498,0.81503,0.81493,0.81503,75
1779949260,0.81506,0.81508,0.81497,0.81502,76
1779949320,0.81502,0.81521,0.81502,0.81513,116
1779949380,0.81514,0.81516,0.81504,0.81509,82
1779949440,0.81508,0.81523,0.81505,0.81521,122
1779949500,0.81519,0.8153,0.81517,0.81528,116
1779949560,0.81527,0.8153,0.81522,0.81523,86
1779949620,0.81525,0.81533,0.81515,0.8153,118
1779949680,0.81529,0.8153,0.8151,0.81514,90
1779949740,0.81511,0.81515,0.81508,0.81508,107
1779949800,0.8151,0.81513,0.815,0.81504,107
1779949860,0.81506,0.81508,0.815,0.81505,102
1779949920,0.81505,0.81523,0.81505,0.81522,98
1779949980,0.81522,0.8153,0.81518,0.8153,113
1779950040,0.81531,0.81537,0.81528,0.81536,90
1779950100,0.81537,0.81539,0.8153,0.81537,77
1779950160,0.81537,0.81543,0.81536,0.81539,86
1779950220,0.81538,0.81547,0.81529,0.81547,99
1779950280,0.81548,0.81552,0.81541,0.81542,64
1779950340,0.81544,0.81546,0.8154,0.81542,91
1779950400,0.81538,0.81542,0.81535,0.81541,73
1779950460,0.81539,0.81541,0.81531,0.81533,67
1779950520,0.81532,0.81532,0.81519,0.81525,75
1779950580,0.81524,0.81529,0.81519,0.81529,68
1779950640,0.81527,0.81535,0.81518,0.81534,96
1779950700,0.81534,0.81534,0.81525,0.81531,65
1779950760,0.8153,0.8153,0.81523,0.81529,74
1779950820,0.81529,0.81535,0.81526,0.81526,77
1779950880,0.81526,0.81534,0.81524,0.81529,77
1779950940,0.81529,0.81534,0.81527,0.81532,59
1779951000,0.81531,0.81532,0.81518,0.81521,76
1779951060,0.81522,0.81527,0.81518,0.81525,72
1779951120,0.81525,0.81536,0.81525,0.81536,53
1779951180,0.81537,0.81537,0.81527,0.8153,89
1779951240,0.8153,0.81533,0.81529,0.81531,69
1779951300,0.8153,0.81531,0.81525,0.81526,75
1779951360,0.81524,0.81537,0.81524,0.81535,98
1779951420,0.81537,0.81538,0.81528,0.8153,89
1779951480,0.81531,0.81536,0.81523,0.81526,118
1779951540,0.81524,0.81532,0.81522,0.81525,102
1779951600,0.8153,0.81564,0.81529,0.81558,155
1779951660,0.81559,0.81565,0.81549,0.81556,122
1779951720,0.81556,0.81557,0.81537,0.81538,105
1779951780,0.81538,0.81551,0.81537,0.81546,141
1779951840,0.81547,0.81553,0.81539,0.81552,117
1779951900,0.81551,0.81552,0.81541,0.81542,117
1779951960,0.81536,0.81551,0.81536,0.81542,117
1779952020,0.81541,0.81545,0.81536,0.81545,97
1779952080,0.81546,0.81555,0.81546,0.81553,118
1779952140,0.81551,0.81559,0.81549,0.81557,127
1779952200,0.81557,0.81557,0.81544,0.81547,99
1779952260,0.81546,0.81566,0.81546,0.81564,112
1779952320,0.81563,0.81571,0.81562,0.81565,122
1779952380,0.81565,0.81569,0.81559,0.81566,138
1779952440,0.81565,0.81571,0.81563,0.81565,89
1779952500,0.81567,0.81567,0.81547,0.81553,129
1779952560,0.81553,0.81556,0.8155,0.8155,98
1779952620,0.8155,0.81572,0.8155,0.81568,108
1779952680,0.81568,0.81574,0.81566,0.81572,93
1779952740,0.81572,0.81573,0.81558,0.81566,108
1779952800,0.8157,0.81574,0.81564,0.81567,126
1779952860,0.81569,0.81572,0.8156,0.8156,73
1779952920,0.8156,0.81563,0.81549,0.81551,65
1779952980,0.81552,0.81569,0.81551,0.81569,88
1779953040,0.8157,0.81573,0.81563,0.81566,101
1779953100,0.81564,0.81571,0.81561,0.81569,92
1779953160,0.81569,0.81569,0.81552,0.81552,111
1779953220,0.81553,0.81567,0.81549,0.8156,110
1779953280,0.81561,0.81571,0.81561,0.81571,103
1779953340,0.8157,0.81573,0.81561,0.81564,108
1779953400,0.81561,0.81576,0.81561,0.81575,99
1779953460,0.81576,0.81578,0.8156,0.8156,90
1779953520,0.8156,0.81564,0.81548,0.81554,106
1779953580,0.81554,0.81559,0.81545,0.81559,85
1779953640,0.8156,0.8156,0.81544,0.81544,106
1779953700,0.81545,0.81561,0.81545,0.81561,91
1779953760,0.8156,0.81561,0.8154,0.81547,101
1779953820,0.81548,0.81555,0.81547,0.81551,80
1779953880,0.81552,0.8156,0.8155,0.81551,102
1779953940,0.81551,0.81558,0.81548,0.81549,95
1779954000,0.81551,0.81555,0.81547,0.81551,93
1779954060,0.81551,0.81557,0.81546,0.81554,79
1779954120,0.81556,0.81563,0.81548,0.81552,113
1779954180,0.81553,0.81563,0.81553,0.81561,83
1779954240,0.8156,0.81563,0.81553,0.81553,60
1779954300,0.81552,0.81556,0.81544,0.81545,115
1779954360,0.81547,0.81551,0.81539,0.81545,83
1779954420,0.81543,0.81553,0.81542,0.81546,94
1779954480,0.81545,0.81556,0.81545,0.81548,96
1779954540,0.81549,0.81553,0.8154,0.81545,77
1779954600,0.81544,0.81549,0.81539,0.81547,103
1779954660,0.81546,0.8155,0.81544,0.81544,68
1779954720,0.81543,0.8155,0.81536,0.81549,66
1779954780,0.81549,0.81553,0.81541,0.81543,83
1779954840,0.81546,0.81554,0.81544,0.81554,77
1779954900,0.81554,0.81556,0.81547,0.81547,97
1779954960,0.81548,0.8155,0.81538,0.81544,111
1779955020,0.81545,0.81554,0.81542,0.81552,80
1779955080,0.81554,0.81554,0.81547,0.8155,67
1779955140,0.8155,0.81565,0.81549,0.81563,91
1779955200,0.81564,0.81576,0.81561,0.81572,127
1779955260,0.81569,0.8158,0.81569,0.81571,116
1779955320,0.81571,0.81571,0.81561,0.81568,122
1779955380,0.81566,0.81569,0.8156,0.81563,98
1779955440,0.81564,0.81564,0.81545,0.81557,125
1779955500,0.81559,0.81567,0.81551,0.81567,125
1779955560,0.81567,0.81568,0.81554,0.81554,118
1779955620,0.81553,0.8156,0.8155,0.81558,123
1779955680,0.81559,0.81559,0.81545,0.81551,99
1779955740,0.81552,0.81558,0.81548,0.81556,80
1779955800,0.81557,0.8156,0.81554,0.81558,78
1779955860,0.81559,0.81565,0.81553,0.81553,94
1779955920,0.81554,0.81566,0.81553,0.81564,92
1779955980,0.81563,0.81567,0.81552,0.81557,116
1779956040,0.81558,0.81558,0.81546,0.81553,102
1779956100,0.81553,0.81553,0.81538,0.81538,104
1779956160,0.81536,0.81538,0.81529,0.8153,71
1779956220,0.81532,0.8154,0.8153,0.81535,97
1779956280,0.81536,0.8154,0.81532,0.81539,117
1779956340,0.81536,0.81545,0.81535,0.81544,77
1779956400,0.81544,0.81554,0.81542,0.81545,99
1779956460,0.81544,0.81554,0.81544,0.81552,81
1779956520,0.81551,0.81564,0.81546,0.81559,131
1779956580,0.8156,0.81574,0.81557,0.8157,116
1779956640,0.81569,0.8157,0.8156,0.8156,103
1779956700,0.81559,0.81565,0.81559,0.8156,95
1779956760,0.8156,0.81561,0.81538,0.8154,87
1779956820,0.8154,0.81546,0.81538,0.81542,102
1779956880,0.81537,0.8154,0.81524,0.81528,117
1779956940,0.81533,0.81555,0.81532,0.81554,146
1779957000,0.81558,0.81564,0.81555,0.81563,106
1779957060,0.81562,0.81563,0.81553,0.81554,71
1779957120,0.81553,0.81562,0.8155,0.81559,75
1779957180,0.81556,0.81559,0.81548,0.81557,64
1779957240,0.81559,0.81569,0.81557,0.81568,95
1779957300,0.81567,0.81577,0.81567,0.81569,95
1779957360,0.8157,0.81577,0.81569,0.81573,83
1779957420,0.81573,0.81574,0.81564,0.8157,68
1779957480,0.8157,0.81574,0.81562,0.81572,89
1779957540,0.81572,0.81573,0.81561,0.81565,84
1779957600,0.81564,0.81565,0.81556,0.81558,69
1779957660,0.81558,0.81568,0.81556,0.81568,111
1779957720,0.81567,0.81571,0.8156,0.8156,77
1779957780,0.81563,0.81564,0.81552,0.8156,97
1779957840,0.81562,0.81576,0.81562,0.81567,75
1779957900,0.81568,0.81575,0.81566,0.81575,95
1779957960,0.81577,0.81577,0.81564,0.81564,66
1779958020,0.81564,0.81568,0.81555,0.81564,67
1779958080,0.81563,0.81567,0.81557,0.81558,92
1779958140,0.81558,0.81571,0.81558,0.8157,98
1779958200,0.81572,0.81574,0.81568,0.81572,63
1779958260,0.81571,0.81577,0.81568,0.8157,94
1779958320,0.81572,0.81578,0.81569,0.81573,76
1779958380,0.81574,0.81578,0.81572,0.81573,74
1779958440,0.81576,0.81583,0.81565,0.81566,92
1779958500,0.81564,0.81566,0.81559,0.81562,65
1779958560,0.81562,0.81568,0.81557,0.81567,87
1779958620,0.81566,0.81573,0.81566,0.81572,70
1779958680,0.81574,0.81579,0.81571,0.81576,70
1779958740,0.81577,0.81586,0.81575,0.81585,75
1779958800,0.81586,0.81586,0.81566,0.81576,99
1779958860,0.81576,0.81581,0.81571,0.81575,69
1779958920,0.81574,0.8158,0.81568,0.81576,102
1779958980,0.81577,0.81585,0.81571,0.81581,86
1779959040,0.81583,0.81586,0.81571,0.81574,102
1779959100,0.81575,0.81583,0.81575,0.81582,95
1779959160,0.81582,0.81586,0.81575,0.81581,91
1779959220,0.81583,0.81586,0.81577,0.81585,114
1779959280,0.81584,0.81586,0.81567,0.81572,101
1779959340,0.81573,0.81578,0.81572,0.81575,74
1779959400,0.81575,0.81579,0.81565,0.81568,84
1779959460,0.81567,0.81579,0.81564,0.81579,85
1779959520,0.81581,0.81589,0.81575,0.81586,87
1779959580,0.81586,0.81592,0.81582,0.81591,95
1779959640,0.81589,0.81597,0.81588,0.81595,77
1779959700,0.81595,0.81597,0.81589,0.81592,81
1779959760,0.81591,0.81601,0.81591,0.81601,81
1779959820,0.81603,0.81606,0.81592,0.81605,82
1779959880,0.81608,0.81618,0.81606,0.8161,79
1779959940,0.81611,0.81613,0.81595,0.81596,81
1779960000,0.81598,0.81599,0.81585,0.81592,106
1779960060,0.81591,0.81603,0.8159,0.81597,112
1779960120,0.81597,0.81611,0.81597,0.8161,96
1779960180,0.81608,0.81611,0.81598,0.81599,72
1779960240,0.81599,0.81606,0.81596,0.81598,84
1779960300,0.81598,0.81607,0.81598,0.81607,53
1779960360,0.81605,0.81613,0.81599,0.81609,84
1779960420,0.81609,0.8161,0.81598,0.81606,95
1779960480,0.81605,0.81616,0.81605,0.81613,81
1779960540,0.81611,0.81628,0.81609,0.81622,88
1779960600,0.81622,0.81626,0.81617,0.81618,100
1779960660,0.81618,0.8162,0.81604,0.81612,88
1779960720,0.81613,0.81617,0.81603,0.81611,108
1779960780,0.81609,0.8162,0.81609,0.81618,83
1779960840,0.81618,0.81629,0.81617,0.81629,60
1779960900,0.81628,0.81635,0.8162,0.81629,106
1779960960,0.8163,0.81633,0.81623,0.81626,84
1779961020,0.81626,0.81639,0.81624,0.81634,80
1779961080,0.81633,0.81637,0.81621,0.81623,106
1779961140,0.81621,0.81636,0.81621,0.81633,94
1779961200,0.81635,0.81644,0.81631,0.81643,93
1779961260,0.81645,0.81666,0.81645,0.81653,91
1779961320,0.81652,0.81653,0.81641,0.81645,71
1779961380,0.81647,0.81647,0.81625,0.8163,91
1779961440,0.8163,0.81648,0.81628,0.81646,120
1779961500,0.81646,0.81649,0.81636,0.81649,86
1779961560,0.81649,0.81655,0.81647,0.81651,71
1779961620,0.81653,0.81653,0.81643,0.8165,80
1779961680,0.8165,0.81656,0.81646,0.81654,67
1779961740,0.81654,0.81655,0.81645,0.81652,107
1779961800,0.81653,0.81666,0.81652,0.81657,88
1779961860,0.81659,0.81668,0.81656,0.81664,71
1779961920,0.81665,0.8167,0.81653,0.8167,102
1779961980,0.81669,0.81678,0.81664,0.81676,92
1779962040,0.81677,0.8168,0.81672,0.81675,102
1779962100,0.81673,0.81679,0.81666,0.81675,101
1779962160,0.81675,0.81681,0.81666,0.81668,92
1779962220,0.81669,0.81688,0.81669,0.81686,121
1779962280,0.81685,0.81686,0.81675,0.81676,122
1779962340,0.81677,0.81683,0.81672,0.81672,119
1779962400,0.81672,0.81672,0.81661,0.8167,107
1779962460,0.81671,0.81685,0.81665,0.81673,117
1779962520,0.81673,0.8169,0.81671,0.8169,125
1779962580,0.8169,0.81694,0.81686,0.81688,89
1779962640,0.81689,0.81696,0.81686,0.81686,112
1779962700,0.81688,0.81691,0.81679,0.81682,75
