time,open,high,low,close,volume
1779483360,184.698,184.707,184.692,184.698,101
1779656460,184.772,184.773,184.77,184.77,8
1779656520,184.771,184.771,184.771,184.771,2
1779656640,184.774,184.774,184.773,184.773,4
1779656700,184.774,184.815,184.773,184.773,18
1779656760,184.774,184.782,184.765,184.782,8
1779656820,184.764,184.784,184.744,184.784,14
1779656880,184.776,184.779,184.759,184.762,21
1779656940,184.754,184.766,184.754,184.755,14
1779657000,184.754,184.754,184.728,184.733,15
1779657060,184.749,184.79,184.749,184.781,18
1779657120,184.774,184.776,184.774,184.774,6
1779657180,184.777,184.817,184.777,184.78,22
1779657240,184.748,184.779,184.748,184.771,26
1779657300,184.77,184.78,184.755,184.777,40
1779657360,184.765,184.77,184.757,184.768,20
1779657420,184.769,184.769,184.763,184.766,20
1779657480,184.766,184.766,184.763,184.763,4
1779657540,184.748,184.788,184.74,184.788,28
1779657600,184.788,184.795,184.779,184.788,32
1779657660,184.79,184.79,184.788,184.789,8
1779657720,184.792,184.792,184.788,184.791,17
1779657840,184.796,184.796,184.796,184.796,1
1779657960,184.805,184.805,184.743,184.76,67
1779658020,184.755,184.771,184.747,184.768,30
1779658080,184.771,184.784,184.76,184.76,30
1779658140,184.767,184.77,184.767,184.768,8
1779658320,184.742,184.81,184.738,184.808,27
1779658380,184.767,184.767,184.75,184.75,9
1779658440,184.809,184.825,184.752,184.752,18
1779658620,184.706,184.77,184.706,184.766,20
1779658680,184.761,184.764,184.739,184.739,9
1779658740,184.735,184.736,184.735,184.736,2
1779658800,184.829,184.829,184.771,184.773,15
1779658860,184.773,184.774,184.766,184.773,30
1779658980,184.769,184.769,184.769,184.769,1
1779659040,184.766,184.766,184.761,184.761,4
1779659220,184.727,184.736,184.714,184.735,47
1779659280,184.735,184.735,184.729,184.734,35
1779659340,184.733,184.754,184.732,184.741,17
1779659400,184.741,184.742,184.736,184.736,12
1779659520,184.734,184.742,184.714,184.714,22
1779659580,184.741,184.743,184.723,184.743,8
1779659640,184.738,184.738,184.728,184.728,20
1779659700,184.729,184.729,184.716,184.721,20
1779659760,184.719,184.76,184.703,184.745,38
1779659820,184.745,184.775,184.745,184.755,44
1779659880,184.756,184.76,184.752,184.753,20
1779659940,184.749,184.763,184.743,184.756,29
1779660000,184.939,184.939,184.846,184.906,230
1779660060,184.91,184.953,184.869,184.893,180
1779660120,184.891,184.927,184.872,184.891,140
1779660180,184.885,184.898,184.855,184.877,176
1779660240,184.869,184.87,184.85,184.85,92
1779660300,184.851,184.851,184.813,184.833,147
1779660360,184.835,184.857,184.831,184.833,80
1779660420,184.845,184.845,184.833,184.837,56
1779660480,184.822,184.832,184.813,184.813,42
1779660540,184.815,184.819,184.797,184.804,105
1779660600,184.82,184.873,184.82,184.872,107
1779660660,184.871,184.874,184.857,184.864,76
1779660720,184.862,184.867,184.843,184.854,82
1779660780,184.851,184.867,184.851,184.863,72
1779660840,184.865,184.87,184.862,184.869,56
1779660900,184.877,184.889,184.863,184.869,85
1779660960,184.86,184.874,184.86,184.868,102
1779661020,184.867,184.896,184.854,184.88,104
1779661080,184.871,184.888,184.866,184.887,60
1779661140,184.882,184.896,184.882,184.893,48
1779661260,184.901,184.921,184.895,184.921,128
1779661380,184.91,184.926,184.909,184.926,38
1779661440,184.925,184.926,184.919,184.922,30
1779661500,184.922,184.923,184.911,184.918,82
1779661560,184.917,184.921,184.908,184.914,58
1779661620,184.911,184.927,184.908,184.925,84
1779661740,184.92,184.921,184.92,184.921,4
1779661800,184.928,184.933,184.911,184.933,114
1779661860,184.934,184.949,184.932,184.946,152
1779661920,184.947,184.953,184.937,184.943,91
1779661980,184.941,184.946,184.932,184.937,116
1779662040,184.936,184.941,184.928,184.934,78
1779662100,184.933,184.933,184.911,184.922,81
1779662160,184.921,184.923,184.909,184.919,87
1779662220,184.922,184.924,184.914,184.924,51
1779662280,184.924,184.925,184.909,184.923,78
1779662340,184.922,184.928,184.919,184.925,74
1779662400,184.928,184.931,184.923,184.928,114
1779662460,184.927,184.96,184.922,184.96,122
1779662520,184.961,184.961,184.956,184.959,60
1779662580,184.955,184.966,184.946,184.965,93
1779662640,184.963,184.968,184.956,184.962,54
1779662700,184.963,184.973,184.958,184.969,68
1779662760,184.966,184.979,184.96,184.972,119
1779662820,184.971,184.981,184.967,184.981,66
1779662880,184.98,184.986,184.978,184.978,56
1779662940,184.975,184.978,184.973,184.978,45
1779663060,184.959,184.963,184.949,184.958,66
1779663120,184.957,184.971,184.956,184.966,46
1779663240,184.957,184.966,184.954,184.959,38
1779663300,184.95,184.968,184.949,184.966,68
1779663360,184.964,184.971,184.964,184.968,41
1779663420,184.968,184.968,184.965,184.968,34
1779663480,184.963,184.973,184.962,184.973,36
1779663540,184.975,184.988,184.974,184.985,52
1779663600,184.986,184.997,184.973,184.994,141
1779663660,184.995,184.999,184.989,184.991,74
1779663780,184.997,185,184.995,184.998,61
1779663840,184.998,185.001,184.991,185,68
1779663900,184.998,185.007,184.985,185.003,102
1779664020,184.994,185.005,184.993,185.003,72
1779664080,185.006,185.006,184.994,184.994,24
1779664140,184.996,184.997,184.98,184.995,57
1779664260,184.986,185.004,184.984,185,103
1779664380,184.999,185.001,184.998,184.999,30
1779664440,185,185.002,184.999,185.002,37
1779664500,184.998,184.998,184.994,184.996,57
1779664680,185.005,185.006,185.003,185.003,25
1779664740,184.998,185.005,184.997,185.004,25
1779664800,185.005,185.005,184.991,184.995,56
1779664860,184.996,185.006,184.996,185.001,58
1779664920,185,185.005,184.996,184.998,40
1779664980,185.005,185.007,184.999,185.007,41
1779665040,185.006,185.01,185.004,185.005,24
1779665160,185.007,185.011,185.006,185.011,29
1779665220,185.002,185.007,185.002,185.007,31
1779665280,185.006,185.012,185.006,185.012,28
1779665340,185.011,185.018,185.01,185.015,43
1779665400,185.016,185.016,185.001,185.008,48
1779665460,185.009,185.016,185.009,185.016,43
1779665520,185.017,185.021,185.015,185.02,44
1779665580,185.018,185.019,185.011,185.011,36
1779665640,185.014,185.021,185.007,185.009,45
1779665700,185.013,185.025,185.009,185.017,95
1779665760,185.019,185.023,185.016,185.021,62
1779665820,185.02,185.021,185.016,185.02,49
1779665880,185.018,185.021,185.017,185.02,21
1779665940,185.02,185.023,185.02,185.022,32
1779666000,185.014,185.028,185.011,185.026,75
1779666060,185.027,185.044,185.026,185.044,54
1779666120,185.041,185.048,185.038,185.048,54
1779666180,185.047,185.049,185.046,185.049,35
1779666240,185.046,185.053,185.045,185.052,34
1779666300,185.042,185.058,185.042,185.056,75
1779666360,185.055,185.061,185.049,185.049,44
1779666420,185.048,185.053,185.048,185.053,27
1779666480,185.055,185.055,185.05,185.053,66
1779666540,185.054,185.058,185.048,185.049,51
1779666600,185.05,185.05,185.043,185.05,68
1779666660,185.049,185.055,185.04,185.04,46
1779666720,185.048,185.049,185.044,185.047,63
1779666780,185.049,185.053,185.047,185.048,58
1779666840,185.049,185.06,185.046,185.06,62
1779667020,185.053,185.055,185.049,185.054,45
1779667080,185.059,185.059,185.046,185.049,63
1779667140,185.05,185.05,185.044,185.048,44
1779667200,185.047,185.058,185.01,185.012,120
1779667260,185.014,185.016,184.971,184.972,102
1779667320,184.971,184.973,184.962,184.969,104
1779667440,184.965,184.99,184.961,184.988,56
1779667560,184.999,185.002,184.981,184.981,91
1779667680,184.976,184.979,184.958,184.96,61
1779667740,184.958,184.969,184.955,184.958,54
1779667860,184.967,184.974,184.964,184.965,73
1779667920,184.962,184.974,184.961,184.968,87
1779667980,184.967,184.971,184.965,184.97,73
1779668040,184.971,184.974,184.969,184.97,42
1779668220,184.945,184.955,184.94,184.942,81
1779668280,184.941,184.954,184.939,184.954,60
1779668340,184.953,184.976,184.951,184.967,102
1779668400,184.965,184.975,184.959,184.97,119
1779668520,184.952,184.975,184.952,184.973,82
1779668580,184.971,184.984,184.965,184.984,73
1779668640,184.981,184.983,184.974,184.98,78
1779668700,184.982,184.982,184.96,184.971,101
1779668760,184.969,184.973,184.964,184.967,76
1779668820,184.967,184.977,184.967,184.977,56
1779668880,184.978,184.98,184.973,184.974,42
1779668940,184.979,184.991,184.976,184.989,60
1779669000,184.983,185,184.983,184.996,90
1779669060,184.997,185.019,184.996,185.019,76
1779669120,185.02,185.021,184.996,184.998,81
1779669180,184.996,184.996,184.985,184.988,30
1779669240,184.985,184.987,184.984,184.986,48
1779669300,184.988,185,184.987,185,56
1779669360,185.001,185.001,184.979,184.985,60
1779669420,184.989,185.005,184.989,184.996,76
1779669480,184.996,184.996,184.991,184.995,42
1779669540,184.994,185.001,184.993,184.993,40
1779669600,184.992,184.992,184.977,184.977,48
1779669660,184.978,184.982,184.975,184.98,28
1779669720,184.977,184.977,184.969,184.971,36
1779669780,184.968,184.97,184.961,184.961,56
1779669840,184.957,184.959,184.947,184.955,62
1779669900,184.955,184.969,184.955,184.965,84
1779669960,184.963,184.966,184.954,184.963,64
1779670020,184.964,184.974,184.96,184.971,63
1779670080,184.97,184.989,184.97,184.988,72
1779670140,184.996,185.035,184.995,185.025,122
1779670260,185.022,185.025,185.003,185.009,110
1779670380,185.011,185.027,185.009,185.014,64
1779670440,185,185.02,184.986,185.014,110
1779670500,185.042,185.042,184.945,184.961,220
1779670560,184.964,184.964,184.941,184.949,126
1779670620,184.946,184.952,184.932,184.932,112
1779670680,184.914,184.93,184.902,184.913,150
1779670740,184.916,184.918,184.896,184.901,188
1779670800,184.899,184.916,184.877,184.89,196
1779670860,184.888,184.897,184.868,184.894,154
1779670920,184.895,184.911,184.888,184.905,148
1779670980,184.906,184.916,184.893,184.897,126
1779671040,184.898,184.913,184.898,184.906,88
1779671100,184.908,184.913,184.9,184.911,90
1779671220,184.917,184.92,184.912,184.912,67
1779671280,184.915,184.915,184.892,184.893,93
1779671340,184.894,184.899,184.886,184.887,84
1779671520,184.889,184.892,184.882,184.892,60
1779671580,184.9,184.91,184.895,184.909,56
1779671640,184.91,184.929,184.907,184.915,105
1779671700,184.916,184.931,184.911,184.931,112
1779671760,184.93,184.931,184.923,184.923,80
1779671820,184.924,184.939,184.924,184.929,80
1779671880,184.927,184.933,184.923,184.933,101
1779671940,184.929,184.929,184.903,184.909,140
1779672000,184.908,184.922,184.901,184.919,113
1779672060,184.918,184.92,184.909,184.91,67
1779672120,184.91,184.917,184.906,184.912,66
1779672180,184.913,184.925,184.91,184.912,56
1779672240,184.919,184.92,184.901,184.911,88
1779672300,184.902,184.911,184.902,184.904,81
1779672360,184.905,184.906,184.879,184.884,106
1779672420,184.879,184.889,184.878,184.885,52
1779672480,184.89,184.897,184.89,184.897,56
1779672540,184.89,184.909,184.89,184.907,80
1779672600,184.902,184.902,184.86,184.863,122
1779672660,184.862,184.872,184.856,184.856,136
1779672720,184.854,184.863,184.847,184.849,131
1779672780,184.851,184.851,184.838,184.85,75
1779672840,184.861,184.866,184.856,184.865,53
1779672960,184.898,184.903,184.881,184.888,93
1779673020,184.889,184.898,184.887,184.892,77
1779673080,184.898,184.899,184.889,184.89,72
1779673140,184.891,184.896,184.884,184.891,68
1779673200,184.893,184.894,184.878,184.878,56
1779673260,184.882,184.884,184.875,184.882,52
1779673320,184.873,184.876,184.858,184.862,74
1779673380,184.856,184.867,184.854,184.864,62
1779673440,184.866,184.884,184.863,184.882,64
1779673500,184.883,184.895,184.879,184.895,68
1779673560,184.894,184.92,184.894,184.899,105
1779673680,184.902,184.904,184.897,184.904,54
1779673740,184.902,184.913,184.902,184.913,52
1779673800,184.911,184.911,184.891,184.895,62
1779673860,184.896,184.906,184.896,184.905,74
1779673980,184.907,184.911,184.901,184.902,54
1779674040,184.902,184.912,184.9,184.911,44
1779674160,184.905,184.911,184.903,184.908,62
1779674220,184.91,184.919,184.909,184.916,59
1779674340,184.918,184.918,184.917,184.917,16
1779674400,184.919,184.927,184.914,184.914,100
1779674460,184.913,184.928,184.913,184.925,70
1779674520,184.926,184.933,184.923,184.925,66
1779674580,184.924,184.933,184.923,184.933,44
1779674640,184.931,184.933,184.931,184.932,20
1779674820,184.921,184.93,184.921,184.921,63
1779674880,184.92,184.922,184.914,184.92,85
1779674940,184.92,184.926,184.918,184.919,71
1779675000,184.921,184.924,184.916,184.924,52
1779675120,184.921,184.922,184.919,184.92,40
1779675180,184.924,184.924,184.916,184.916,26
1779675240,184.907,184.917,184.907,184.913,48
1779675300,184.916,184.922,184.912,184.92,82
1779675360,184.916,184.924,184.913,184.923,79
1779675420,184.922,184.923,184.92,184.921,47
1779675540,184.912,184.912,184.912,184.912,2
1779675660,184.926,184.933,184.919,184.932,47
1779675720,184.929,184.938,184.927,184.935,43
1779675780,184.928,184.945,184.927,184.944,56
1779675840,184.929,184.931,184.927,184.93,54
1779675900,184.93,184.933,184.926,184.93,65
1779676020,184.935,184.935,184.929,184.931,44
1779676080,184.922,184.937,184.922,184.931,42
1779676140,184.938,184.94,184.934,184.939,56
1779676200,184.923,184.923,184.915,184.918,56
1779676260,184.917,184.93,184.916,184.927,75
1779676380,184.928,184.93,184.926,184.926,26
1779676440,184.923,184.932,184.923,184.932,44
1779676500,184.933,184.934,184.923,184.93,62
1779676560,184.929,184.93,184.913,184.918,44
1779676620,184.919,184.921,184.913,184.92,49
1779676740,184.915,184.916,184.913,184.913,16
1779676860,184.898,184.9,184.896,184.9,25
1779676920,184.9,184.904,184.898,184.902,62
1779676980,184.903,184.903,184.899,184.9,31
1779677040,184.901,184.903,184.901,184.903,22
1779677100,184.904,184.908,184.892,184.897,48
1779677220,184.896,184.903,184.896,184.903,59
1779677280,184.904,184.905,184.897,184.904,55
1779677340,184.903,184.904,184.902,184.904,29
1779677400,184.905,184.905,184.899,184.9,33
1779677460,184.899,184.901,184.889,184.889,48
1779677520,184.888,184.893,184.888,184.892,31
1779677580,184.892,184.892,184.89,184.891,19
1779677640,184.891,184.893,184.884,184.884,22
1779677700,184.887,184.887,184.878,184.878,46
1779677760,184.879,184.882,184.868,184.868,52
1779677880,184.865,184.865,184.862,184.862,26
1779677940,184.86,184.868,184.853,184.861,74
1779678000,184.86,184.873,184.854,184.866,111
1779678060,184.867,184.875,184.862,184.874,70
1779678180,184.871,184.871,184.855,184.856,46
1779678360,184.853,184.855,184.852,184.853,38
1779678420,184.858,184.87,184.854,184.868,60
1779678480,184.87,184.882,184.869,184.882,68
1779678540,184.878,184.879,184.872,184.872,48
1779678660,184.878,184.884,184.877,184.884,54
1779678780,184.887,184.887,184.887,184.887,2
1779678840,184.872,184.878,184.871,184.876,67
1779678900,184.874,184.876,184.863,184.868,61
1779679020,184.867,184.871,184.861,184.863,74
1779679080,184.865,184.867,184.857,184.859,56
1779679140,184.86,184.872,184.86,184.868,69
1779679260,184.88,184.894,184.877,184.893,74
1779679320,184.893,184.898,184.888,184.893,88
1779679380,184.894,184.895,184.887,184.89,62
1779679440,184.891,184.891,184.878,184.881,56
1779679500,184.88,184.884,184.877,184.884,81
1779679560,184.882,184.886,184.878,184.878,59
1779679620,184.878,184.878,184.871,184.878,54
1779679680,184.869,184.883,184.868,184.882,54
1779679740,184.874,184.878,184.872,184.874,82
1779679800,184.876,184.884,184.876,184.883,66
1779679860,184.889,184.899,184.884,184.888,94
1779679920,184.889,184.895,184.889,184.894,65
1779679980,184.893,184.9,184.892,184.899,32
1779680040,184.902,184.902,184.894,184.897,28
1779680160,184.894,184.897,184.887,184.887,67
1779680220,184.888,184.895,184.888,184.893,52
1779680280,184.895,184.896,184.894,184.896,30
1779680340,184.897,184.899,184.885,184.888,52
1779680400,184.891,184.895,184.888,184.891,70
1779680460,184.89,184.894,184.887,184.894,33
1779680520,184.894,184.896,184.889,184.895,34
1779680580,184.893,184.899,184.893,184.898,60
1779680640,184.898,184.898,184.883,184.884,59
1779680700,184.882,184.891,184.882,184.889,87
1779680760,184.888,184.897,184.888,184.89,73
1779680820,184.889,184.902,184.889,184.902,58
1779680880,184.9,184.904,184.9,184.902,40
1779680940,184.903,184.904,184.9,184.9,56
1779681000,184.901,184.902,184.895,184.896,48
1779681120,184.901,184.902,184.882,184.883,53
1779681180,184.886,184.891,184.885,184.89,41
1779681240,184.888,184.899,184.888,184.899,36
1779681420,184.882,184.882,184.882,184.882,2
1779681480,184.885,184.895,184.885,184.894,35
1779681540,184.887,184.897,184.887,184.896,44
1779681600,184.899,184.899,184.876,184.876,67
1779681660,184.877,184.878,184.874,184.876,59
1779681720,184.877,184.892,184.875,184.892,71
1779681840,184.877,184.883,184.877,184.883,28
1779681960,184.887,184.902,184.886,184.902,22
1779682020,184.898,184.899,184.892,184.895,62
1779682080,184.898,184.898,184.892,184.892,48
1779682140,184.893,184.893,184.885,184.891,50
1779682200,184.892,184.897,184.892,184.897,32
1779682260,184.903,184.903,184.893,184.893,48
1779682320,184.889,184.899,184.889,184.899,72
1779682380,184.899,184.9,184.894,184.897,50
1779682440,184.895,184.903,184.895,184.901,60
1779682500,184.9,184.907,184.895,184.906,57
1779682560,184.905,184.906,184.895,184.905,71
1779682680,184.912,184.914,184.909,184.914,40
1779682740,184.915,184.917,184.913,184.917,38
1779682800,184.914,184.923,184.913,184.923,46
1779682860,184.922,184.926,184.919,184.926,30
1779682980,184.924,184.924,184.924,184.924,2
1779683040,184.924,184.925,184.921,184.922,34
1779683160,184.927,184.928,184.926,184.928,24
1779683220,184.926,184.928,184.926,184.927,24
1779683340,184.927,184.928,184.923,184.928,20
1779683400,184.928,184.928,184.912,184.914,36
1779683520,184.926,184.927,184.917,184.921,60
1779683580,184.923,184.929,184.921,184.929,40
1779683640,184.929,184.938,184.926,184.937,66
1779683820,184.919,184.922,184.917,184.917,40
1779683880,184.915,184.918,184.912,184.918,28
1779683940,184.918,184.92,184.912,184.913,14
1779684060,184.931,184.932,184.928,184.929,40
1779684180,184.937,184.937,184.937,184.937,2
1779684240,184.937,184.942,184.935,184.941,25
1779684300,184.941,184.942,184.932,184.936,46
1779684360,184.935,184.936,184.933,184.936,30
1779684420,184.941,184.942,184.935,184.937,44
1779684480,184.938,184.94,184.938,184.94,10
1779684540,184.947,184.956,184.947,184.955,20
1779684660,184.948,184.95,184.942,184.946,58
1779684720,184.948,184.956,184.948,184.953,60
1779684780,184.953,184.962,184.952,184.962,44
1779684840,184.966,184.967,184.962,184.962,22
1779684900,184.964,184.971,184.964,184.971,60
1779684960,184.962,184.962,184.955,184.962,49
1779685020,184.958,184.968,184.955,184.963,72
1779685080,184.962,184.964,184.956,184.959,55
1779685140,184.954,184.957,184.944,184.944,72
1779685200,184.943,184.955,184.942,184.95,73
1779685260,184.951,184.961,184.949,184.959,65
1779685320,184.957,184.969,184.957,184.968,61
1779685380,184.968,184.968,184.952,184.953,75
1779685440,184.951,184.955,184.951,184.952,38
1779685500,184.951,184.958,184.95,184.958,48
1779685560,184.959,184.966,184.94,184.947,62
1779685620,184.958,184.96,184.955,184.956,22
1779685680,184.959,184.963,184.956,184.961,28
1779685740,184.953,184.955,184.943,184.945,48
1779685800,184.948,184.953,184.947,184.949,46
1779685860,184.948,184.961,184.948,184.96,60
1779685920,184.961,184.977,184.961,184.961,41
1779685980,184.919,184.933,184.919,184.932,54
1779686040,184.93,184.943,184.93,184.941,38
1779686100,184.948,184.963,184.948,184.962,52
1779686220,184.966,184.966,184.946,184.953,56
1779686340,184.959,184.967,184.959,184.963,26
1779686460,184.971,184.972,184.965,184.971,57
1779686520,184.974,184.977,184.962,184.963,42
1779686580,184.961,184.967,184.96,184.965,31
1779686640,184.967,184.968,184.963,184.965,38
1779686700,184.966,184.97,184.958,184.961,83
1779686820,184.964,184.965,184.964,184.965,4
1779686880,184.957,184.97,184.956,184.97,34
1779686940,184.967,184.972,184.967,184.97,36
1779687000,184.971,184.975,184.957,184.959,88
1779687060,184.958,184.967,184.957,184.965,68
1779687180,184.974,184.984,184.974,184.979,52
1779687240,184.979,184.987,184.972,184.977,39
1779687360,184.97,184.977,184.967,184.977,50
1779687480,184.984,184.985,184.981,184.985,32
1779687540,184.99,184.99,184.986,184.987,32
1779687600,184.982,184.982,184.973,184.981,42
1779687660,184.98,184.986,184.978,184.978,68
1779687720,184.979,184.986,184.977,184.982,50
1779687780,184.983,184.983,184.975,184.977,57
1779687840,184.978,184.982,184.971,184.972,36
1779687900,184.974,184.985,184.973,184.984,58
1779687960,184.985,184.987,184.98,184.98,46
1779688020,184.979,184.99,184.979,184.988,33
1779688080,184.978,184.983,184.977,184.982,56
1779688140,184.977,184.977,184.966,184.969,52
1779688200,184.971,184.973,184.967,184.967,60
1779688320,184.969,184.97,184.955,184.958,63
1779688380,184.965,184.966,184.957,184.96,39
1779688440,184.964,184.966,184.963,184.965,30
1779688500,184.967,184.976,184.965,184.968,70
1779688560,184.97,184.976,184.955,184.955,85
1779688620,184.954,184.96,184.953,184.953,57
1779688680,184.962,184.967,184.956,184.966,60
1779688740,184.963,184.976,184.962,184.969,62
1779688800,184.966,184.983,184.962,184.973,132
1779688860,184.974,184.979,184.963,184.966,136
1779688920,184.967,184.969,184.948,184.948,112
1779689040,184.958,184.963,184.956,184.963,46
1779689160,184.95,184.953,184.939,184.941,70
1779689220,184.942,184.956,184.942,184.955,62
1779689280,184.968,184.968,184.957,184.958,86
1779689340,184.955,184.963,184.95,184.952,67
1779689400,184.952,184.959,184.95,184.956,74
1779689520,184.974,184.978,184.973,184.976,49
1779689580,184.977,184.986,184.975,184.975,47
1779689640,184.975,184.982,184.974,184.982,61
1779689700,184.982,184.982,184.973,184.974,63
1779689760,184.976,184.978,184.958,184.961,87
1779689880,184.956,184.958,184.944,184.944,48
1779689940,184.945,184.945,184.939,184.941,34
1779690000,184.942,184.951,184.941,184.941,82
1779690060,184.942,184.947,184.942,184.947,55
1779690120,184.941,184.945,184.936,184.943,66
1779690240,184.968,184.968,184.968,184.968,1
1779690360,184.974,184.985,184.974,184.979,61
1779690420,184.974,184.976,184.969,184.975,89
1779690480,184.975,184.979,184.967,184.968,64
1779690540,184.969,184.973,184.954,184.962,107
1779690600,184.961,184.962,184.932,184.937,101
1779690780,184.958,184.959,184.953,184.956,44
1779690840,184.962,184.979,184.959,184.968,88
1779690960,184.988,185.001,184.981,184.981,60
1779691020,184.981,184.983,184.978,184.978,60
1779691140,184.988,185.004,184.988,185,45
1779691200,184.998,184.998,184.986,184.994,82
1779691260,184.993,185.002,184.993,185.002,49
1779691320,185.001,185.007,184.996,185.007,59
1779691380,185.002,185.005,184.999,185.001,60
1779691440,185.002,185.003,185,185.001,44
1779691620,185.02,185.02,185.009,185.01,46
1779691680,185.015,185.017,185.009,185.016,50
1779691740,185.016,185.024,185.014,185.021,42
1779691800,185.024,185.034,185.023,185.034,64
1779691920,185.03,185.031,185.021,185.029,62
1779691980,185.03,185.045,185.03,185.045,44
1779692040,185.045,185.049,185.03,185.033,74
1779692160,185.018,185.023,185.017,185.017,56
1779692280,184.977,184.984,184.974,184.974,80
1779692340,184.971,184.983,184.967,184.974,108
1779692400,184.977,184.994,184.973,184.987,140
1779692460,184.989,184.991,184.984,184.985,114
1779692520,184.984,184.999,184.978,184.996,120
1779692580,184.997,185.001,184.985,184.996,92
1779692640,184.997,185.015,184.997,185.012,36
1779692700,185.015,185.022,185.013,185.016,62
1779692760,185.017,185.017,184.991,184.991,82
1779692820,184.985,184.988,184.972,184.974,86
1779692880,184.971,184.973,184.962,184.972,72
1779692940,184.965,184.991,184.958,184.99,100
1779693060,184.987,185,184.985,184.999,82
1779693180,185.001,185.01,184.999,185.008,55
1779693240,185.009,185.011,185.004,185.01,57
1779693300,185.01,185.013,184.996,184.996,104
1779693420,184.998,185,184.981,184.984,92
1779693480,184.979,184.983,184.949,184.953,185
1779693540,184.948,184.969,184.948,184.951,140
1779693660,184.961,184.973,184.961,184.969,66
1779693720,184.968,184.986,184.968,184.983,95
1779693780,184.978,184.986,184.978,184.978,88
1779693840,184.984,184.996,184.981,184.991,76
1779693900,184.995,185.002,184.989,184.998,92
1779694020,185.013,185.014,185.004,185.011,51
1779694080,185.009,185.011,185.008,185.01,40
1779694140,185.012,185.021,185.005,185.007,78
1779694200,185.008,185.015,185.005,185.005,90
1779694260,185.006,185.007,184.996,185.004,134
1779694320,185.003,185.004,184.989,185.002,108
1779694440,184.999,184.999,184.986,184.992,70
1779694500,184.991,185.008,184.991,185,114
1779694560,185.002,185.012,185.001,185.001,78
1779694620,185.009,185.011,184.999,184.999,80
1779694680,185.004,185.005,184.992,184.996,93
1779694740,184.993,185.002,184.989,184.991,70
1779694860,184.99,184.993,184.987,184.991,40
1779694920,184.989,184.997,184.987,184.988,60
1779694980,184.986,184.987,184.975,184.98,48
1779695040,184.978,184.979,184.969,184.979,82
1779695100,184.974,184.985,184.974,184.984,72
1779695280,184.976,184.979,184.974,184.975,52
1779695340,184.968,184.972,184.968,184.971,66
1779695400,184.97,184.971,184.961,184.965,68
1779695460,184.966,184.968,184.96,184.961,32
1779695520,184.96,184.965,184.955,184.965,42
1779695580,184.978,184.978,184.972,184.975,56
1779695640,184.974,184.974,184.96,184.965,62
1779695760,184.976,184.984,184.973,184.977,84
1779695880,185.001,185.007,184.987,184.988,62
1779695940,184.99,185.004,184.989,185.003,49
1779696000,185.003,185.004,184.965,184.967,127
1779696060,184.97,184.978,184.964,184.967,75
1779696120,184.966,184.968,184.95,184.95,81
1779696180,184.949,184.966,184.949,184.954,103
1779696240,184.962,184.973,184.961,184.971,73
1779696360,184.975,184.991,184.975,184.98,89
1779696420,184.987,184.992,184.97,184.974,74
1779696480,184.993,185.003,184.992,185.003,50
1779696540,184.999,185.002,184.992,185,85
1779696600,185,185.008,184.996,185.002,99
1779696720,184.988,184.995,184.988,184.994,54
1779696780,184.993,184.993,184.984,184.988,47
1779696840,184.994,185,184.991,184.994,57
1779696900,184.994,184.999,184.985,184.987,78
1779696960,184.988,185.002,184.987,185,44
1779697020,184.999,185.008,184.999,185.008,68
1779697080,185.003,185.012,185.003,185.012,66
1779697140,185.011,185.015,185.007,185.011,42
1779697200,185.013,185.022,185.009,185.012,82
1779697260,185.009,185.011,185.005,185.005,56
1779697380,184.996,184.997,184.987,184.994,42
1779697440,184.991,184.996,184.991,184.993,44
1779697500,184.994,184.998,184.986,184.992,84
1779697620,185.001,185.008,185,185.008,36
1779697680,185.006,185.008,185.001,185.008,38
1779697740,185.007,185.016,185.007,185.016,64
1779697800,185.009,185.03,185.008,185.026,96
1779697860,185.027,185.036,185.024,185.036,62
1779697920,185.037,185.048,185.037,185.046,45
1779697980,185.05,185.052,185.044,185.047,64
1779698040,185.047,185.048,185.032,185.04,93
1779698100,185.039,185.041,185.032,185.039,95
1779698160,185.038,185.038,185.016,185.016,104
1779698220,185.017,185.032,185.017,185.03,78
1779698280,185.029,185.042,185.028,185.04,82
1779698340,185.038,185.061,185.038,185.055,94
1779698400,185.056,185.064,185.053,185.06,100
1779698460,185.061,185.079,185.057,185.074,116
1779698520,185.076,185.078,185.068,185.068,70
1779698580,185.067,185.069,185.041,185.041,89
1779698640,185.04,185.042,185.032,185.038,75
1779698700,185.037,185.04,185.03,185.04,87
1779698760,185.04,185.045,185.039,185.045,83
1779698820,185.046,185.047,185.026,185.03,109
1779698880,185.031,185.036,185.027,185.035,96
1779698940,185.033,185.044,185.029,185.032,106
1779699000,185.031,185.033,185.015,185.015,107
1779699060,185.017,185.043,185.013,185.037,85
1779699120,185.036,185.054,185.036,185.049,76
1779699180,185.05,185.05,185.041,185.045,73
1779699240,185.046,185.06,185.044,185.06,46
1779699300,185.059,185.06,185.012,185.022,100
1779699360,185.023,185.03,185.019,185.025,88
1779699420,185.024,185.04,185.024,185.038,88
1779699480,185.039,185.05,185.032,185.033,114
1779699540,185.03,185.039,185.03,185.031,106
1779699600,185.029,185.033,185.028,185.033,80
1779699660,185.032,185.045,185.024,185.035,76
1779699720,185.036,185.038,185.03,185.033,72
1779699780,185.034,185.042,185.034,185.038,39
1779699840,185.037,185.039,185.032,185.036,61
1779699900,185.037,185.037,185.028,185.036,86
1779699960,185.038,185.04,185.026,185.027,62
1779700020,185.026,185.026,185.02,185.02,38
1779700080,185.021,185.021,185.012,185.013,36
1779700140,185.014,185.017,185.009,185.009,58
1779700200,185.01,185.025,185.007,185.024,42
1779700260,185.025,185.032,185.024,185.032,54
1779700320,185.033,185.039,185.03,185.031,60
1779700380,185.03,185.03,185.009,185.011,92
1779700440,185.009,185.027,185.004,185.025,76
1779700500,185.026,185.026,185.011,185.011,65
1779700560,185.012,185.031,185.008,185.031,84
1779700620,185.03,185.03,185.015,185.022,58
1779700680,185.021,185.027,185.017,185.027,49
1779700740,185.026,185.035,185.02,185.031,58
1779700800,185.032,185.047,185.031,185.032,65
1779700860,185.031,185.035,185.023,185.034,71
1779700920,185.033,185.041,185.029,185.035,68
1779700980,185.036,185.042,185.035,185.042,70
1779701040,185.041,185.056,185.041,185.053,67
1779701100,185.052,185.053,185.05,185.053,34
1779701160,185.054,185.054,185.043,185.044,64
1779701220,185.046,185.052,185.045,185.052,38
1779701280,185.051,185.055,185.049,185.05,54
1779701340,185.051,185.051,185.035,185.035,64
1779701400,185.036,185.038,185.031,185.034,78
1779701460,185.033,185.039,185.033,185.039,62
1779701520,185.038,185.042,185.034,185.035,52
1779701580,185.034,185.037,185.029,185.032,44
1779701640,185.03,185.036,185.023,185.026,72
1779701700,185.028,185.034,185.025,185.033,55
1779701760,185.034,185.037,185.029,185.029,44
1779701820,185.028,185.037,185.028,185.037,44
1779701880,185.036,185.037,185.033,185.035,28
1779701940,185.034,185.04,185.031,185.039,48
1779702000,185.037,185.039,185.031,185.033,46
1779702060,185.034,185.046,185.034,185.044,50
1779702120,185.045,185.049,185.044,185.048,32
1779702180,185.051,185.053,185.049,185.053,42
1779702240,185.052,185.062,185.052,185.059,30
1779702300,185.06,185.06,185.045,185.046,50
1779702360,185.047,185.054,185.043,185.054,52
1779702420,185.055,185.055,185.046,185.046,53
1779702480,185.045,185.046,185.028,185.028,73
1779702540,185.03,185.03,185.029,185.029,25
1779702600,185.028,185.036,185.025,185.029,63
1779702660,185.028,185.031,185.024,185.024,39
1779702720,185.025,185.025,185.021,185.021,22
1779702780,185.015,185.027,185.015,185.027,46
1779702840,185.027,185.028,185.027,185.028,12
1779702900,185.026,185.029,185.021,185.025,46
1779702960,185.027,185.028,185.024,185.028,50
1779703020,185.027,185.03,185.02,185.02,48
1779703080,185.021,185.023,185.014,185.014,37
1779703140,185.014,185.016,185.007,185.01,55
1779703200,185.01,185.021,185.009,185.019,95
1779703260,185.019,185.03,185.019,185.029,52
1779703440,185.026,185.032,185.025,185.032,40
1779703500,185.03,185.038,185.029,185.038,47
1779703560,185.037,185.038,185.029,185.029,28
1779703620,185.035,185.036,185.032,185.034,44
1779703680,185.038,185.038,185.024,185.028,80
1779703740,185.029,185.037,185.025,185.035,52
1779703800,185.032,185.036,185.03,185.035,64
1779703860,185.034,185.05,185.033,185.045,73
1779703920,185.045,185.049,185.04,185.042,65
1779703980,185.041,185.041,185.032,185.034,59
1779704040,185.035,185.039,185.031,185.039,37
1779704100,185.04,185.045,185.035,185.042,92
1779704160,185.043,185.046,185.039,185.041,70
1779704220,185.046,185.057,185.045,185.056,62
1779704280,185.051,185.054,185.047,185.054,54
1779704340,185.067,185.067,185.048,185.049,65
1779704400,185.047,185.05,185.042,185.044,92
1779704460,185.045,185.046,185.036,185.044,56
1779704520,185.045,185.045,185.041,185.042,30
1779704580,185.041,185.042,185.032,185.038,70
1779704640,185.036,185.037,185.035,185.036,37
1779704700,185.035,185.042,185.032,185.035,46
1779704760,185.033,185.036,185.029,185.035,54
1779704820,185.034,185.039,185.031,185.039,61
1779704880,185.041,185.041,185.034,185.035,68
1779704940,185.034,185.038,185.031,185.033,66
1779705000,185.033,185.034,185.029,185.034,51
1779705060,185.035,185.036,185.033,185.036,32
1779705120,185.035,185.037,185.026,185.029,78
1779705180,185.028,185.035,185.027,185.034,70
1779705240,185.033,185.045,185.033,185.043,50
1779705300,185.042,185.045,185.041,185.044,44
1779705360,185.041,185.049,185.041,185.046,48
1779705420,185.047,185.048,185.043,185.046,50
1779705480,185.048,185.049,185.044,185.046,48
1779705540,185.045,185.052,185.045,185.05,42
1779705600,185.051,185.055,185.049,185.05,30
1779705660,185.049,185.057,185.049,185.052,44
1779705720,185.053,185.059,185.052,185.053,44
1779705780,185.054,185.058,185.05,185.058,46
1779705840,185.057,185.061,185.055,185.057,42
1779705900,185.058,185.059,185.052,185.059,66
1779705960,185.058,185.058,185.054,185.055,38
1779706080,185.057,185.059,185.056,185.057,24
1779706140,185.058,185.059,185.055,185.057,44
1779706320,185.056,185.058,185.054,185.057,48
1779706380,185.051,185.055,185.051,185.055,34
1779706440,185.06,185.06,185.038,185.038,47
1779706560,185.039,185.04,185.034,185.039,37
1779706680,185.04,185.048,185.037,185.046,50
1779706740,185.055,185.06,185.052,185.052,52
1779706800,185.057,185.061,185.047,185.047,112
1779706860,185.048,185.059,185.046,185.059,76
1779706920,185.057,185.062,185.044,185.047,62
1779706980,185.048,185.05,185.044,185.048,54
1779707040,185.049,185.05,185.045,185.047,54
1779707100,185.047,185.05,185.038,185.041,91
1779707160,185.041,185.046,185.026,185.034,99
1779707220,185.035,185.035,185.029,185.033,58
1779707280,185.034,185.035,185.026,185.027,59
1779707340,185.03,185.036,185.027,185.032,75
1779707400,185.03,185.044,185.026,185.044,73
1779707520,185.03,185.04,185.027,185.034,57
1779707580,185.038,185.038,185.028,185.032,66
1779707640,185.032,185.035,185.028,185.035,73
1779707700,185.036,185.039,185.032,185.038,80
1779707760,185.038,185.049,185.033,185.042,77
1779707880,185.052,185.057,185.052,185.055,52
1779707940,185.055,185.061,185.054,185.059,43
1779708000,185.059,185.062,185.054,185.056,84
1779708060,185.057,185.07,185.056,185.07,70
1779708180,185.062,185.062,185.062,185.062,1
1779708240,185.06,185.068,185.06,185.067,54
1779708360,185.073,185.075,185.069,185.07,70
1779708420,185.06,185.076,185.06,185.068,92
1779708540,185.065,185.065,185.065,185.065,1
1779708600,185.07,185.079,185.058,185.061,81
1779708720,185.081,185.083,185.063,185.067,97
1779708780,185.068,185.08,185.064,185.067,147
1779708840,185.066,185.069,185.064,185.066,53
1779708960,185.065,185.072,185.065,185.07,53
1779709020,185.08,185.09,185.08,185.087,91
1779709080,185.089,185.091,185.068,185.085,74
1779709140,185.085,185.103,185.084,185.103,118
1779709200,185.097,185.116,185.096,185.116,105
1779709320,185.101,185.111,185.1,185.107,59
1779709380,185.11,185.113,185.105,185.107,62
1779709440,185.11,185.112,185.107,185.111,75
1779709620,185.103,185.117,185.099,185.101,100
1779709740,185.091,185.091,185.077,185.085,57
1779709860,185.09,185.091,185.082,185.085,68
1779709920,185.083,185.09,185.082,185.089,98
1779709980,185.094,185.102,185.092,185.102,76
1779710040,185.101,185.102,185.086,185.094,130
1779710100,185.091,185.094,185.071,185.084,134
1779710220,185.094,185.099,185.059,185.061,86
1779710280,185.077,185.077,185.066,185.072,86
1779710340,185.069,185.069,185.06,185.06,76
1779710400,185.062,185.062,185.041,185.045,142
1779710460,185.046,185.058,185.046,185.05,103
1779710520,185.051,185.051,185.037,185.049,96
1779710580,185.048,185.052,185.043,185.047,71
1779710640,185.048,185.05,185.038,185.038,47
1779710700,185.052,185.059,185.046,185.058,96
1779710760,185.055,185.057,185.045,185.045,75
1779710820,185.049,185.053,185.03,185.051,99
1779710940,185.049,185.058,185.045,185.048,87
1779711060,185.044,185.046,185.033,185.039,79
1779711120,185.044,185.048,185.04,185.046,56
1779711180,185.049,185.072,185.048,185.07,97
1779711240,185.072,185.074,185.049,185.054,111
1779711300,185.055,185.055,185.041,185.049,119
1779711420,185.053,185.059,185.045,185.058,61
1779711480,185.047,185.056,185.044,185.053,67
1779711540,185.057,185.067,185.054,185.066,70
1779711660,185.05,185.062,185.05,185.056,68
1779711780,185.049,185.049,185.048,185.048,4
1779711840,185.05,185.059,185.048,185.05,103
1779711900,185.044,185.057,185.042,185.052,103
1779711960,185.051,185.051,185.029,185.035,68
1779712020,185.034,185.044,185.027,185.037,96
1779712080,185.035,185.042,185.034,185.036,94
1779712140,185.037,185.042,185.031,185.042,67
1779712200,185.043,185.057,185.038,185.05,112
1779712260,185.051,185.086,185.046,185.086,141
1779712320,185.089,185.104,185.088,185.1,118
1779712380,185.102,185.102,185.091,185.097,65
1779712440,185.095,185.106,185.095,185.104,59
1779712500,185.105,185.105,185.086,185.094,105
1779712560,185.094,185.101,185.085,185.101,78
1779712620,185.098,185.104,185.095,185.098,69
1779712680,185.099,185.1,185.083,185.09,112
1779712740,185.088,185.094,185.08,185.094,92
1779712800,185.093,185.095,185.087,185.091,88
1779712860,185.092,185.093,185.084,185.086,92
1779712920,185.087,185.103,185.087,185.101,122
1779712980,185.1,185.106,185.093,185.102,119
1779713040,185.101,185.12,185.097,185.112,114
1779713100,185.113,185.123,185.087,185.122,151
1779713160,185.121,185.14,185.117,185.138,169
1779713220,185.136,185.137,185.116,185.117,96
1779713280,185.116,185.118,185.107,185.113,92
1779713340,185.113,185.115,185.097,185.099,95
1779713400,185.1,185.111,185.089,185.089,87
1779713460,185.092,185.105,185.087,185.088,111
1779713640,185.082,185.087,185.079,185.085,91
1779713760,185.093,185.103,185.088,185.098,100
1779713880,185.092,185.094,185.08,185.09,75
1779713940,185.09,185.093,185.086,185.093,59
1779714000,185.091,185.101,185.088,185.1,114
1779714060,185.101,185.11,185.096,185.11,104
1779714120,185.109,185.11,185.096,185.108,110
1779714240,185.106,185.11,185.092,185.098,94
1779714300,185.102,185.108,185.095,185.104,77
1779714360,185.106,185.113,185.098,185.103,102
1779714420,185.104,185.105,185.096,185.096,56
1779714480,185.106,185.108,185.102,185.107,75
1779714540,185.095,185.105,185.094,185.101,99
1779714600,185.1,185.104,185.09,185.094,120
1779714660,185.083,185.092,185.067,185.067,129
1779714720,185.066,185.069,185.061,185.066,83
1779714780,185.065,185.066,185.054,185.06,61
1779714840,185.064,185.068,185.056,185.067,63
1779714900,185.06,185.068,185.053,185.068,111
1779714960,185.065,185.065,185.037,185.045,120
1779715020,185.045,185.05,185.03,185.031,127
1779715080,185.035,185.044,185.03,185.043,73
1779715140,185.044,185.051,185.038,185.039,65
1779715200,185.045,185.053,185.034,185.047,89
1779715260,185.048,185.056,185.036,185.054,80
1779715320,185.054,185.056,185.048,185.052,62
1779715380,185.044,185.046,185.033,185.042,91
1779715440,185.049,185.05,185.039,185.047,90
1779715500,185.046,185.046,185.033,185.043,71
1779715560,185.042,185.061,185.037,185.056,121
1779715620,185.057,185.064,185.056,185.062,57
1779715680,185.05,185.053,185.038,185.044,66
1779715740,185.037,185.042,185.037,185.039,51
1779715800,185.035,185.037,185.013,185.017,110
1779715980,185.023,185.034,185.011,185.032,77
1779716040,185.034,185.034,185.022,185.027,92
1779716160,185.032,185.032,185.014,185.014,119
1779716220,185.014,185.02,185.001,185.02,94
1779716280,185.016,185.016,185.003,185.01,86
1779716460,185.017,185.023,185.003,185.003,65
1779716520,185.01,185.013,185,185,72
1779716580,185.005,185.013,185.002,185.004,45
1779716640,185,185.003,184.991,185.002,81
1779716700,184.999,185,184.98,184.983,66
1779716760,184.983,184.986,184.973,184.982,94
1779716880,184.971,184.978,184.968,184.973,64
1779716940,184.988,184.995,184.988,184.993,47
1779717000,184.995,185,184.987,184.988,54
1779717060,184.989,185.016,184.986,185.016,100
1779717120,185.019,185.029,185.017,185.022,77
1779717240,184.993,185.002,184.993,184.995,53
1779717360,184.994,184.994,184.98,184.985,53
1779717420,184.988,184.99,184.97,184.975,99
1779717540,184.957,184.972,184.957,184.961,56
1779717600,184.966,184.968,184.954,184.959,123
1779717660,184.958,184.964,184.952,184.961,116
1779717720,184.958,184.979,184.951,184.974,116
1779717780,184.964,184.982,184.964,184.981,73
1779717840,184.984,184.998,184.979,184.993,119
1779717900,184.995,185.001,184.994,184.996,69
1779718020,184.994,184.994,184.98,184.986,70
1779718080,184.984,184.986,184.98,184.985,76
1779718140,184.985,184.99,184.982,184.989,54
1779718260,184.988,184.988,184.982,184.986,57
1779718380,184.971,184.977,184.962,184.963,58
1779718440,184.969,184.972,184.966,184.967,60
1779718500,184.968,184.977,184.967,184.976,95
1779718620,184.978,184.981,184.971,184.974,40
1779718740,184.987,184.989,184.985,184.989,29
1779718860,184.994,185.005,184.994,185,86
1779718920,184.999,184.999,184.989,184.998,68
1779718980,184.996,185.008,184.992,185.002,85
1779719040,185.007,185.007,184.996,185.003,43
1779719100,185.003,185.005,184.993,185.002,104
1779719220,184.998,184.999,184.992,184.998,51
1779719280,184.998,184.998,184.992,184.998,67
1779719340,184.998,184.998,184.987,184.989,108
1779719400,184.984,184.994,184.983,184.993,131
1779719460,184.992,184.995,184.98,184.987,74
1779719580,184.984,184.984,184.975,184.98,81
1779719640,184.979,184.995,184.979,184.992,58
1779719700,185.002,185.006,184.994,185,61
1779719760,184.999,185.007,184.999,185.005,39
1779719820,185.004,185.006,184.996,185,62
1779719880,184.991,185.007,184.991,185.006,62
1779719940,185.005,185.013,184.996,185.006,73
1779720060,185.004,185.021,185.003,185.012,82
1779720120,185.025,185.028,185.024,185.024,53
1779720180,185.016,185.027,185.015,185.027,57
1779720240,185.036,185.038,185.027,185.028,109
1779720300,185.028,185.031,185.023,185.031,70
1779720480,185.034,185.052,185.031,185.04,64
1779720540,185.041,185.042,185.031,185.034,50
1779720660,185.037,185.038,185.031,185.033,87
1779720780,185.036,185.046,185.036,185.045,56
1779720840,185.042,185.044,185.035,185.039,76
1779720960,185.059,185.068,185.055,185.063,108
1779721020,185.063,185.065,185.009,185.009,137
1779721080,185.002,185.018,184.999,185.011,170
1779721140,185.009,185.02,185.002,185.015,167
1779721200,185.018,185.019,185.004,185.014,113
1779721260,185.015,185.016,185.011,185.012,96
1779721320,185.013,185.013,184.994,184.999,152
1779721380,185.005,185.007,184.996,185.006,107
1779721440,185.008,185.011,185.006,185.006,55
1779721500,185.008,185.033,185.007,185.031,136
1779721560,185.029,185.04,185.024,185.039,90
1779721620,185.04,185.05,185.034,185.045,51
1779721680,185.042,185.045,185.029,185.039,64
1779721740,185.04,185.048,185.038,185.046,76
1779721800,185.031,185.061,185.026,185.058,133
1779721860,185.06,185.09,185.045,185.09,182
1779721920,185.086,185.091,185.077,185.086,143
1779721980,185.085,185.087,185.076,185.082,50
1779722040,185.076,185.076,185.055,185.056,133
1779722100,185.057,185.058,185.047,185.056,135
1779722160,185.055,185.062,185.047,185.053,128
1779722220,185.055,185.059,185.047,185.05,90
1779722280,185.047,185.052,185.042,185.05,86
1779722340,185.051,185.055,185.038,185.051,65
1779731460,185.003,185.003,184.999,185.001,16
1779731520,185,185.001,184.999,185,14
1779731580,185.003,185.004,184.996,184.999,25
1779731640,184.999,185.002,184.999,185.002,8
1779731700,185.005,185.008,185.004,185.007,44
1779731760,185.006,185.007,185.003,185.005,62
1779731820,185.005,185.007,185.004,185.005,30
1779731880,185.004,185.004,185.002,185.003,6
1779731940,185.005,185.006,185.003,185.006,20
1779732000,185.01,185.013,185.009,185.01,16
1779732060,185.009,185.009,184.998,184.999,34
1779732180,184.987,184.99,184.986,184.989,64
1779732240,184.99,184.991,184.989,184.991,37
1779732300,184.992,184.992,184.987,184.989,36
1779732360,184.991,184.991,184.988,184.989,29
1779732420,184.988,184.992,184.988,184.992,14
1779732480,184.993,184.993,184.992,184.992,8
1779733260,185.004,185.005,185.002,185.003,23
1779733320,185.003,185.005,185.001,185.003,32
1779733380,185.003,185.003,184.999,185,35
1779733440,184.999,185.002,184.999,185.001,11
1779733560,185,185.001,184.999,185,7
1779733620,185,185.002,184.999,185,49
1779733680,184.999,185.001,184.994,184.997,39
1779733740,184.998,185.002,184.997,185.002,41
1779733920,184.998,184.998,184.994,184.995,20
1779733980,184.994,184.997,184.994,184.997,14
1779734040,184.998,184.999,184.995,184.998,39
1779734100,184.998,185.005,184.998,185.004,46
1779734160,185.005,185.01,185.004,185.007,28
1779734220,185.008,185.011,185.008,185.011,11
1779734280,185.011,185.012,185.011,185.011,6
1779734340,185.013,185.014,185.012,185.013,12
1779734400,185.008,185.008,184.994,184.994,22
1779734460,184.995,184.996,184.994,184.995,19
1779734520,184.996,184.998,184.996,184.998,5
1779734580,184.99,184.992,184.989,184.989,18
1779734640,184.994,184.994,184.994,184.994,2
1779734700,184.996,184.996,184.992,184.996,30
1779734760,184.998,184.999,184.994,184.998,43
1779734820,184.998,184.999,184.997,184.999,20
1779734880,184.999,185.002,184.999,185.001,20
1779734940,185.002,185.004,185,185.003,16
1779735000,185.004,185.01,185.002,185.01,37
1779735060,185.006,185.01,185.003,185.005,28
1779735120,185.005,185.006,185.003,185.005,19
1779735180,185.004,185.008,185.003,185.007,22
1779735240,185.008,185.009,185.006,185.009,8
1779735300,185.011,185.012,185.008,185.01,24
1779735360,185.011,185.011,185.011,185.011,2
1779735420,185.01,185.011,185.01,185.01,10
1779735480,185.011,185.011,185.01,185.01,4
1779735540,185.01,185.024,185.009,185.013,45
1779735600,185.015,185.015,185.01,185.01,20
1779735660,185.009,185.01,185.007,185.008,8
1779735720,185.007,185.008,185.007,185.008,7
1779735780,185.009,185.012,185.009,185.012,15
1779735840,185.013,185.015,185.012,185.014,12
1779735960,185.007,185.009,185.006,185.009,18
1779736020,185.008,185.009,185.008,185.009,4
1779736080,185.007,185.007,185.006,185.006,4
1779736140,185.007,185.007,185.005,185.005,18
1779736260,185.005,185.006,185.004,185.004,8
1779736320,185.005,185.005,184.996,184.999,18
1779736380,185.001,185.002,185.001,185.001,7
1779736440,185.002,185.003,185.001,185.002,10
1779736500,185.003,185.004,185.002,185.003,22
1779736560,185.001,185.003,185.001,185.001,8
1779736680,185.002,185.008,185.002,185.006,11
1779736740,185.009,185.009,185.008,185.009,15
1779736860,185.005,185.006,185.003,185.006,12
1779736920,185.007,185.007,185.006,185.006,3
1779736980,185.003,185.004,184.99,184.991,12
1779737040,184.992,184.995,184.992,184.993,11
1779737100,184.994,185,184.994,184.998,21
1779737160,184.999,185.001,184.998,185.001,30
1779737220,185.005,185.007,185.003,185.006,20
1779737280,185.007,185.007,185,185.001,42
1779737340,185,185.003,184.992,185.003,43
1779737400,185.003,185.01,185.003,185.008,18
1779737580,184.998,185.001,184.998,185.001,16
1779737640,185.003,185.005,185.003,185.005,9
1779737700,184.997,185.003,184.997,185.003,15
1779737760,185.004,185.004,185,185,11
1779737820,185.003,185.014,185.003,185.013,38
1779737940,185.011,185.012,185.011,185.012,4
1779738060,185.014,185.015,185.014,185.014,7
1779738120,185.015,185.017,185.015,185.017,6
1779738180,185.015,185.018,185.011,185.012,20
1779738240,185.011,185.012,185.011,185.012,4
1779738420,185.007,185.008,185.007,185.007,6
1779738540,185.005,185.006,185.005,185.006,4
1779738660,185.007,185.008,185.006,185.006,11
1779738720,185.01,185.013,185.008,185.009,36
1779738780,185.01,185.011,185.005,185.007,32
1779738840,185.007,185.009,185.007,185.008,8
1779738960,185.007,185.008,185.005,185.006,14
1779739020,185.008,185.016,185.005,185.015,41
1779739080,185.011,185.011,185.005,185.007,28
1779739140,185.006,185.007,185.005,185.007,12
1779739200,185.003,185.009,185.003,185.005,38
1779739260,185.006,185.01,185.005,185.008,34
1779739380,185.011,185.011,185.007,185.009,21
1779739440,185.01,185.016,185.01,185.015,26
1779739500,185.014,185.014,185.01,185.013,29
1779739560,185.012,185.013,185.012,185.013,4
1779739620,185.015,185.022,185.015,185.022,34
1779739680,185.027,185.029,185.024,185.029,36
1779739740,185.029,185.034,185.029,185.033,25
1779739860,185.016,185.019,185.015,185.019,50
1779739920,185.02,185.02,185.017,185.017,18
1779740040,185.015,185.015,185.015,185.015,2
1779740100,185.016,185.016,185.013,185.016,41
1779740220,185.026,185.027,185.023,185.025,28
1779740280,185.025,185.029,185.025,185.027,16
1779740340,185.026,185.029,185.024,185.029,24
1779740400,185.028,185.03,185.027,185.028,22
1779740460,185.027,185.029,185.01,185.01,46
1779740520,185.009,185.012,185.009,185.011,18
1779740580,185.01,185.011,185.005,185.008,32
1779740640,185.007,185.01,185.007,185.009,14
1779740700,185.011,185.013,185.008,185.013,55
1779740760,185.014,185.019,185.013,185.017,37
1779740880,185.015,185.015,185.014,185.014,4
1779740940,185.022,185.025,185.02,185.024,36
1779741000,185.032,185.034,185.03,185.032,34
1779741060,185.031,185.034,185.031,185.031,31
1779741120,185.031,185.038,185.031,185.037,64
1779741240,185.035,185.035,185.035,185.035,2
1779741300,185.038,185.038,185.017,185.019,63
1779741360,185.018,185.02,185.017,185.018,28
1779741420,185.016,185.02,185.016,185.019,26
1779741480,185.019,185.021,185.018,185.02,34
1779741540,185.019,185.02,185.01,185.011,52
1779741720,185.016,185.018,185.014,185.017,30
1779741780,185.01,185.015,185.008,185.013,60
1779741840,185.013,185.015,185.011,185.012,46
1779741900,185.023,185.023,185.014,185.018,72
1779742080,185.023,185.023,185.018,185.022,68
1779742140,185.022,185.025,185.02,185.024,86
1779742260,185.014,185.02,185.013,185.019,33
1779742320,185.02,185.025,185.019,185.021,46
1779742380,185.021,185.025,185.018,185.022,48
1779742440,185.021,185.025,185.02,185.025,26
1779742560,185.023,185.027,185.023,185.026,18
1779742620,185.026,185.029,185.025,185.029,12
1779742680,185.028,185.028,185.026,185.028,7
1779742860,184.881,184.881,184.881,184.881,2
1779742920,184.857,184.857,184.849,184.849,4
1779743100,184.89,184.89,184.89,184.89,2
1779743160,184.891,184.893,184.891,184.893,4
1779743280,184.89,184.89,184.876,184.876,4
1779743340,184.879,184.883,184.879,184.88,8
1779743400,184.882,184.903,184.881,184.881,8
1779743460,184.878,184.878,184.877,184.877,4
1779743520,184.881,184.906,184.881,184.906,12
1779743580,184.901,184.901,184.899,184.899,4
1779743640,184.904,184.907,184.904,184.907,4
1779743700,184.911,184.914,184.902,184.913,24
1779743760,184.912,184.912,184.898,184.908,8
1779743820,184.899,184.899,184.899,184.899,2
1779743880,184.901,184.911,184.901,184.911,14
1779743940,184.916,184.918,184.916,184.918,4
1779744000,184.916,184.916,184.904,184.909,20
1779744060,184.908,184.908,184.9,184.906,26
1779744180,184.904,184.904,184.904,184.904,2
1779744240,184.892,184.896,184.892,184.896,4
1779744300,184.889,184.889,184.866,184.876,16
1779744360,184.878,184.878,184.873,184.873,8
1779744420,184.871,184.871,184.87,184.87,4
1779744480,184.867,184.869,184.851,184.856,12
1779744540,184.867,184.888,184.867,184.888,8
1779744600,184.885,184.896,184.875,184.89,54
1779744720,184.879,184.879,184.878,184.878,4
1779744780,184.874,184.874,184.872,184.872,4
1779744840,184.917,184.917,184.907,184.908,40
1779745020,184.922,184.922,184.922,184.922,2
1779745080,184.926,184.926,184.923,184.923,6
1779745140,184.93,184.93,184.892,184.893,14
1779745200,184.893,184.898,184.881,184.887,62
1779745260,184.884,184.893,184.881,184.882,24
1779745320,184.887,184.898,184.877,184.896,119
1779745440,184.889,184.889,184.846,184.873,80
1779745500,184.836,184.841,184.818,184.823,81
1779745560,184.813,184.841,184.813,184.841,42
1779745620,184.839,184.841,184.829,184.841,14
1779745680,184.833,184.849,184.807,184.821,43
1779745740,184.809,184.832,184.798,184.822,114
1779745860,184.822,184.822,184.82,184.82,13
1779745920,184.829,184.829,184.816,184.816,9
1779745980,184.818,184.818,184.818,184.818,3
1779746040,184.822,184.861,184.821,184.861,31
1779746160,184.895,184.901,184.895,184.899,12
1779746220,184.897,184.903,184.896,184.903,5
1779746280,184.891,184.897,184.891,184.894,11
1779746340,184.884,184.884,184.88,184.883,15
1779746400,184.978,185.021,184.978,184.998,122
1779746460,185.001,185.019,185.001,185.012,76
1779746520,185.011,185.026,185.009,185.019,70
1779746580,185.018,185.026,185.014,185.015,70
1779746640,185.019,185.024,185.014,185.014,61
1779746700,185.019,185.022,185.007,185.009,66
1779746760,185.011,185.013,185.005,185.008,55
1779746820,185.006,185.012,184.985,184.985,73
1779746940,184.989,184.991,184.988,184.988,39
1779747060,184.973,185.005,184.97,184.992,78
1779747120,184.99,184.99,184.982,184.986,37
1779747180,184.987,184.993,184.987,184.991,24
1779747240,184.992,185,184.991,185,38
1779747300,184.999,185.001,184.998,184.998,28
1779747360,184.999,185,184.978,184.98,40
1779747420,184.979,184.982,184.978,184.981,42
1779747480,184.982,184.982,184.972,184.972,34
1779747540,184.974,184.974,184.97,184.971,18
1779747600,184.971,184.973,184.97,184.972,20
1779747660,184.969,184.984,184.965,184.983,52
1779747720,184.984,184.984,184.982,184.983,14
1779747780,184.985,184.987,184.985,184.986,14
1779747840,184.983,184.985,184.983,184.983,18
1779747900,184.989,184.992,184.989,184.991,10
1779747960,184.992,184.993,184.991,184.992,26
1779748020,184.991,184.992,184.989,184.991,38
1779748080,184.99,184.993,184.99,184.992,10
1779748140,184.993,184.994,184.993,184.993,6
1779748200,184.991,184.993,184.979,184.991,68
1779748260,184.992,185.004,184.991,184.999,52
1779748320,184.996,185.008,184.994,185.007,42
1779748380,185.007,185.011,185.002,185.006,34
1779748440,185.007,185.007,185.004,185.005,34
1779748500,185.004,185.004,185.002,185.002,30
1779748560,185.005,185.006,185.003,185.005,24
1779748620,185.004,185.005,185.004,185.005,12
1779748680,185.002,185.004,185,185,22
1779748740,185.003,185.003,185.001,185.002,16
1779748920,185.014,185.014,185.009,185.01,8
1779748980,185.014,185.015,185.005,185.009,26
1779749040,185.009,185.01,185.008,185.009,14
1779749100,185.008,185.009,185.006,185.008,30
1779749280,185.013,185.013,185.011,185.011,12
1779749340,185.01,185.01,185.008,185.008,14
1779749460,185.01,185.014,185.009,185.012,30
1779749520,185.013,185.013,185.011,185.011,18
1779749580,185.012,185.012,185.009,185.009,10
1779749640,185.011,185.012,185.011,185.012,8
1779749760,185.004,185.009,185.002,185.005,27
1779749820,185.005,185.006,185.005,185.006,20
1779749880,185.007,185.009,185.007,185.008,26
1779749940,185.007,185.008,185.002,185.003,24
1779750000,185.002,185.014,185.002,185.012,76
1779750060,185.011,185.015,185.01,185.013,42
1779750120,185.014,185.021,185.008,185.008,43
1779750180,185.007,185.009,185.007,185.009,28
1779750240,185.006,185.021,185.006,185.018,29
1779750300,185.019,185.02,185.018,185.02,28
1779750360,185.021,185.021,185.019,185.019,17
1779750420,185.018,185.021,185.018,185.021,20
1779750480,185.017,185.017,185.015,185.016,36
1779750540,185.015,185.022,185.015,185.019,31
1779750600,185.02,185.022,185.019,185.022,29
1779750720,185.027,185.028,185.026,185.027,16
1779750780,185.026,185.029,185.026,185.029,14
1779750840,185.023,185.026,185.022,185.023,33
1779750900,185.023,185.025,185.022,185.024,16
1779750960,185.025,185.025,185.024,185.024,4
1779751020,185.027,185.028,185.015,185.016,47
1779751080,185.017,185.019,185.016,185.018,29
1779751140,185.019,185.019,185.018,185.018,12
1779751200,185.02,185.02,185.017,185.017,21
1779751260,185.018,185.019,185.016,185.019,20
1779751320,185.018,185.02,185.018,185.019,16
1779751440,185.019,185.048,185.017,185.019,66
1779751560,185.009,185.01,185.009,185.009,22
1779751620,185.014,185.018,185.014,185.015,30
1779751680,185.016,185.025,185.012,185.012,40
1779751740,185.012,185.017,185.011,185.016,30
1779751800,185.017,185.025,185.017,185.023,25
1779751920,185.024,185.026,185.019,185.026,14
1779751980,185.025,185.028,185.022,185.022,52
1779752040,185.022,185.023,185.015,185.016,54
1779752100,185.015,185.016,185.013,185.016,35
1779752160,185.011,185.021,185.007,185.013,71
1779752220,185.012,185.014,185.007,185.012,65
1779752280,185.014,185.017,185.009,185.01,53
1779752340,185.014,185.016,185.012,185.016,39
1779752400,185.011,185.011,184.999,185.004,52
1779752460,185.005,185.006,185.002,185.003,36
1779752520,185.003,185.003,184.992,184.998,47
1779752640,184.993,184.998,184.981,184.981,41
1779752820,184.985,184.988,184.973,184.973,40
1779752880,184.974,184.975,184.952,184.952,66
1779753060,184.941,184.952,184.94,184.949,52
1779753120,184.951,184.953,184.948,184.951,18
1779753180,184.946,184.948,184.943,184.945,33
1779753240,184.947,184.953,184.945,184.952,51
1779753360,184.949,184.957,184.948,184.957,56
1779753420,184.958,184.968,184.957,184.968,46
1779753480,184.967,184.969,184.965,184.966,38
1779753540,184.957,184.957,184.954,184.957,25
1779753600,184.96,184.962,184.947,184.95,165
1779753660,184.949,184.967,184.949,184.954,157
1779753720,184.953,184.955,184.942,184.944,114
1779753780,184.945,184.962,184.945,184.962,92
1779753840,184.963,184.964,184.954,184.964,68
1779753900,184.972,184.985,184.969,184.984,104
1779753960,184.985,184.995,184.982,184.986,98
1779754020,184.982,184.986,184.978,184.981,82
1779754080,184.983,184.996,184.982,184.993,86
1779754140,184.993,184.997,184.983,184.985,84
1779754200,184.982,184.998,184.982,184.996,116
1779754260,184.995,185.016,184.995,185.015,97
1779754320,185.014,185.019,185.001,185.018,51
1779754380,185.018,185.019,185.008,185.011,61
1779754440,185.01,185.011,184.996,185,80
1779754500,185.003,185.003,184.988,184.991,103
1779754560,184.992,184.998,184.983,184.986,90
1779754620,184.987,184.993,184.977,184.977,109
1779754680,184.976,184.981,184.973,184.975,55
1779754740,184.968,184.972,184.962,184.969,86
1779754860,184.98,184.983,184.974,184.975,107
1779754920,184.97,184.974,184.963,184.974,88
1779754980,184.978,184.978,184.956,184.964,91
1779755040,184.965,184.974,184.964,184.974,60
1779755100,184.963,184.968,184.957,184.958,79
1779755160,184.957,184.96,184.951,184.96,73
1779755220,184.957,184.98,184.957,184.979,78
1779755280,184.983,184.987,184.978,184.983,78
1779755340,184.982,184.986,184.979,184.982,86
1779755400,184.979,184.988,184.952,184.961,136
1779755460,184.964,184.967,184.946,184.95,98
1779755520,184.949,184.957,184.948,184.957,78
1779755580,184.957,184.959,184.942,184.943,76
1779755640,184.945,184.958,184.942,184.955,75
1779755700,184.953,184.956,184.947,184.952,86
1779755820,184.964,184.965,184.953,184.954,52
1779755880,184.954,184.958,184.953,184.956,52
1779755940,184.95,184.956,184.949,184.955,58
1779756000,184.949,184.952,184.945,184.946,48
1779756060,184.95,184.958,184.947,184.958,44
1779756120,184.959,184.966,184.958,184.961,34
1779756180,184.965,184.967,184.958,184.958,26
1779756240,184.958,184.961,184.955,184.956,46
1779756300,184.955,184.955,184.94,184.947,72
1779756360,184.946,184.974,184.945,184.972,117
1779756420,184.974,184.978,184.963,184.974,123
1779756480,184.975,184.98,184.973,184.978,61
1779756540,184.971,184.977,184.97,184.973,61
1779756660,184.975,184.99,184.971,184.987,55
1779756720,184.986,184.995,184.986,184.992,83
1779756780,184.993,184.994,184.98,184.986,114
1779756840,184.989,185.021,184.986,185.012,122
1779756900,185.009,185.036,185.009,185.027,146
1779756960,185.028,185.028,185.021,185.025,48
1779757020,185.028,185.029,185.007,185.017,86
1779757080,185.021,185.025,185.015,185.019,90
1779757140,185.021,185.023,185.014,185.017,73
1779757200,185.016,185.028,185.011,185.019,111
1779757260,185.02,185.034,185.019,185.032,106
1779757320,185.033,185.034,185.026,185.027,97
1779757380,185.025,185.028,185.02,185.021,97
1779757440,185.022,185.03,185.018,185.021,120
1779757500,185.02,185.022,185.013,185.013,86
1779757620,185.008,185.008,184.987,184.99,66
1779757680,184.98,184.995,184.979,184.994,96
1779757740,184.999,185.001,184.987,184.989,70
1779757860,185.002,185.005,184.995,184.999,76
1779757980,185.001,185.008,185,185.007,45
1779758040,185.002,185.009,184.992,185.005,87
1779758100,185.017,185.021,185.013,185.015,104
1779758220,185.016,185.021,185.016,185.017,42
1779758280,185.014,185.023,185.011,185.016,86
1779758340,185.016,185.017,184.981,184.996,84
1779758460,184.984,184.986,184.978,184.979,64
1779758520,184.981,185,184.98,185,92
1779758580,185.002,185.003,184.983,184.995,100
1779758640,184.987,184.993,184.984,184.988,85
1779758760,184.975,184.976,184.964,184.967,42
1779758820,184.972,184.973,184.968,184.972,40
1779758880,184.974,184.979,184.972,184.973,42
1779758940,184.972,184.981,184.964,184.964,94
1779759000,184.965,184.972,184.953,184.954,123
1779759060,184.955,184.963,184.954,184.963,109
1779759120,184.963,184.963,184.945,184.945,92
1779759180,184.946,184.955,184.94,184.943,53
1779759240,184.944,184.951,184.943,184.949,59
1779759300,184.95,184.95,184.943,184.945,66
1779759360,184.946,184.947,184.932,184.937,90
1779759420,184.938,184.938,184.924,184.926,54
1779759480,184.926,184.928,184.917,184.926,56
1779759540,184.928,184.931,184.908,184.908,82
1779759600,184.91,184.913,184.901,184.907,111
1779759720,184.898,184.904,184.897,184.904,85
1779759780,184.904,184.913,184.903,184.905,86
1779759840,184.906,184.907,184.897,184.9,60
1779759900,184.896,184.899,184.894,184.896,66
1779759960,184.895,184.904,184.895,184.904,80
1779760020,184.903,184.909,184.903,184.908,84
1779760080,184.909,184.909,184.898,184.899,92
1779760140,184.9,184.904,184.897,184.902,58
1779760200,184.908,184.912,184.908,184.911,48
1779760260,184.912,184.916,184.912,184.914,52
1779760320,184.913,184.915,184.909,184.91,56
1779760380,184.914,184.928,184.913,184.928,78
1779760440,184.928,184.929,184.922,184.924,70
1779760500,184.922,184.93,184.918,184.928,98
1779760560,184.927,184.934,184.925,184.929,56
1779760620,184.931,184.932,184.928,184.931,42
1779760680,184.927,184.931,184.924,184.931,66
1779760740,184.932,184.938,184.931,184.938,60
1779760800,184.944,184.944,184.922,184.932,106
1779760860,184.933,184.937,184.926,184.929,66
1779760920,184.928,184.936,184.925,184.936,101
1779761040,184.942,184.942,184.937,184.938,25
1779761160,184.943,184.944,184.939,184.944,40
1779761220,184.943,184.947,184.936,184.936,52
1779761280,184.935,184.938,184.934,184.937,36
1779761460,184.936,184.936,184.933,184.934,24
1779761520,184.934,184.936,184.931,184.934,48
1779761580,184.93,184.932,184.913,184.913,44
1779761640,184.913,184.914,184.901,184.905,73
1779761700,184.905,184.914,184.904,184.914,56
1779761760,184.913,184.92,184.912,184.919,59
1779761880,184.925,184.925,184.919,184.923,22
1779761940,184.922,184.922,184.913,184.914,59
1779762060,184.902,184.905,184.895,184.898,80
1779762120,184.896,184.904,184.893,184.897,68
1779762180,184.897,184.905,184.895,184.897,49
1779762240,184.895,184.899,184.892,184.893,60
1779762360,184.897,184.9,184.895,184.896,35
1779762420,184.897,184.907,184.895,184.898,52
1779762480,184.902,184.904,184.9,184.902,41
1779762540,184.904,184.907,184.903,184.907,62
1779762600,184.907,184.91,184.906,184.908,42
1779762660,184.91,184.912,184.903,184.909,58
1779762780,184.908,184.908,184.904,184.905,44
1779762840,184.905,184.907,184.903,184.905,22
1779762900,184.903,184.911,184.901,184.904,88
1779762960,184.903,184.907,184.902,184.906,44
1779763020,184.91,184.917,184.909,184.91,90
1779763140,184.913,184.913,184.912,184.912,4
1779763260,184.908,184.91,184.907,184.908,91
1779763320,184.909,184.918,184.909,184.917,86
1779763380,184.917,184.918,184.9,184.903,96
1779763440,184.905,184.911,184.905,184.91,80
1779763500,184.911,184.914,184.902,184.909,88
1779763620,184.917,184.925,184.916,184.924,50
1779763680,184.917,184.918,184.911,184.911,48
1779763740,184.911,184.914,184.908,184.91,84
1779763800,184.909,184.916,184.908,184.916,50
1779763860,184.915,184.92,184.915,184.917,58
1779763920,184.918,184.923,184.917,184.922,40
1779763980,184.918,184.922,184.91,184.91,44
1779764040,184.91,184.915,184.907,184.915,51
1779764100,184.913,184.923,184.912,184.923,54
1779764220,184.92,184.921,184.912,184.916,28
1779764280,184.914,184.916,184.913,184.915,34
1779764340,184.922,184.922,184.913,184.92,72
1779764400,184.916,184.917,184.906,184.916,45
1779764460,184.917,184.924,184.917,184.923,34
1779764520,184.922,184.924,184.913,184.914,40
1779764580,184.913,184.913,184.908,184.909,34
1779764640,184.907,184.908,184.906,184.906,16
1779764700,184.905,184.907,184.895,184.903,36
1779764760,184.905,184.91,184.905,184.905,44
1779764820,184.908,184.913,184.905,184.908,34
1779764940,184.91,184.916,184.91,184.913,44
1779765060,184.905,184.907,184.902,184.906,32
1779765120,184.909,184.911,184.905,184.911,30
1779765180,184.91,184.917,184.908,184.911,39
1779765240,184.911,184.912,184.907,184.908,36
1779765300,184.907,184.914,184.907,184.914,42
1779765420,184.912,184.914,184.911,184.911,28
1779765480,184.908,184.91,184.897,184.908,62
1779765540,184.907,184.911,184.907,184.911,41
1779765720,184.915,184.917,184.914,184.917,12
1779765780,184.919,184.92,184.918,184.92,32
1779765840,184.919,184.919,184.917,184.918,40
1779765900,184.923,184.932,184.92,184.926,50
1779765960,184.925,184.926,184.914,184.914,28
1779766080,184.911,184.914,184.911,184.914,19
1779766140,184.914,184.917,184.912,184.914,31
1779766200,184.907,184.909,184.906,184.909,50
1779766260,184.908,184.91,184.907,184.908,31
1779766320,184.909,184.91,184.904,184.908,60
1779766440,184.905,184.907,184.905,184.905,8
1779766560,184.905,184.907,184.9,184.904,55
1779766620,184.907,184.921,184.905,184.916,50
1779766680,184.917,184.917,184.908,184.911,86
1779766740,184.91,184.911,184.902,184.902,38
1779766800,184.901,184.902,184.898,184.902,32
1779766920,184.905,184.914,184.904,184.908,36
1779766980,184.91,184.911,184.904,184.906,86
1779767040,184.911,184.918,184.908,184.917,34
1779767100,184.912,184.913,184.905,184.906,46
1779767160,184.905,184.907,184.894,184.905,80
1779767280,184.903,184.905,184.901,184.901,24
1779767340,184.9,184.901,184.9,184.901,4
1779767400,184.905,184.909,184.905,184.909,40
1779767460,184.91,184.915,184.905,184.91,36
1779767520,184.912,184.918,184.905,184.912,57
1779767640,184.92,184.92,184.919,184.919,4
1779767760,184.92,184.927,184.919,184.927,26
1779767820,184.927,184.931,184.924,184.924,42
1779767880,184.929,184.94,184.923,184.94,42
1779767940,184.937,184.94,184.933,184.936,40
1779768000,184.935,184.936,184.927,184.933,46
1779768060,184.932,184.934,184.928,184.933,35
1779768120,184.934,184.938,184.934,184.938,24
1779768180,184.937,184.937,184.918,184.92,36
1779768240,184.922,184.923,184.914,184.916,40
1779768360,184.905,184.909,184.905,184.908,26
1779768420,184.907,184.91,184.907,184.91,10
1779768480,184.913,184.914,184.913,184.914,12
1779768540,184.918,184.921,184.918,184.92,14
1779768600,184.919,184.922,184.918,184.921,18
1779768660,184.922,184.923,184.92,184.923,20
1779768780,184.922,184.923,184.921,184.922,10
1779768840,184.923,184.94,184.923,184.938,32
1779768900,184.939,184.939,184.929,184.933,55
1779768960,184.931,184.933,184.924,184.93,55
1779769020,184.932,184.933,184.926,184.929,41
1779769140,184.923,184.924,184.923,184.924,4
1779769200,184.926,184.928,184.926,184.927,15
1779769260,184.928,184.936,184.927,184.935,24
1779769320,184.933,184.933,184.917,184.919,38
1779769380,184.92,184.928,184.92,184.922,26
1779769440,184.921,184.922,184.914,184.916,47
1779769620,184.914,184.914,184.912,184.914,19
1779769680,184.909,184.911,184.906,184.91,38
1779769740,184.903,184.903,184.887,184.89,32
1779769800,184.89,184.893,184.89,184.89,42
1779769980,184.906,184.906,184.902,184.904,48
1779770040,184.907,184.911,184.906,184.907,45
1779770160,184.904,184.906,184.895,184.895,62
1779770220,184.895,184.897,184.89,184.897,48
1779770280,184.896,184.897,184.896,184.897,20
1779770340,184.895,184.895,184.895,184.895,2
1779770460,184.891,184.893,184.889,184.889,30
1779770520,184.888,184.898,184.886,184.891,81
1779770580,184.892,184.902,184.892,184.902,36
1779770640,184.901,184.906,184.901,184.904,28
1779770700,184.899,184.902,184.897,184.897,61
1779770820,184.899,184.9,184.891,184.894,62
1779770880,184.892,184.906,184.892,184.901,73
1779770940,184.901,184.908,184.901,184.908,32
1779771000,184.907,184.914,184.906,184.911,48
1779771060,184.91,184.913,184.907,184.909,64
1779771120,184.91,184.91,184.9,184.9,36
1779771180,184.895,184.896,184.895,184.895,6
1779771240,184.895,184.898,184.894,184.898,38
1779771300,184.894,184.902,184.889,184.9,69
1779771360,184.901,184.907,184.896,184.896,78
1779771420,184.897,184.923,184.897,184.916,72
1779771480,184.917,184.92,184.911,184.918,50
1779771540,184.927,184.932,184.91,184.91,84
1779771600,184.909,184.919,184.905,184.913,134
1779771660,184.912,184.916,184.881,184.886,102
1779771720,184.887,184.893,184.877,184.891,84
1779771780,184.89,184.899,184.885,184.899,52
1779771840,184.898,184.898,184.884,184.886,64
1779771900,184.887,184.89,184.883,184.884,56
1779772020,184.886,184.902,184.886,184.902,42
1779772080,184.905,184.906,184.896,184.896,75
1779772140,184.895,184.902,184.895,184.899,87
1779772260,184.901,184.902,184.897,184.898,42
1779772320,184.899,184.9,184.896,184.898,41
1779772380,184.9,184.906,184.899,184.906,50
1779772440,184.91,184.913,184.908,184.911,58
1779772500,184.908,184.911,184.9,184.901,75
1779772560,184.905,184.91,184.905,184.908,40
1779772620,184.908,184.911,184.903,184.911,84
1779772680,184.912,184.916,184.902,184.903,39
1779772740,184.898,184.905,184.893,184.893,91
1779772800,184.894,184.896,184.888,184.89,67
1779772860,184.893,184.904,184.892,184.899,76
1779772920,184.899,184.902,184.897,184.899,31
1779772980,184.905,184.906,184.901,184.902,11
1779773040,184.906,184.909,184.906,184.907,31
1779773100,184.907,184.911,184.906,184.91,40
1779773160,184.911,184.916,184.91,184.916,34
1779773220,184.917,184.919,184.91,184.912,74
1779773280,184.911,184.913,184.907,184.908,85
1779773340,184.909,184.919,184.909,184.916,92
1779773400,184.914,184.926,184.91,184.913,106
1779773460,184.914,184.917,184.9,184.902,115
1779773520,184.904,184.905,184.901,184.903,87
1779773580,184.896,184.905,184.895,184.903,81
1779773640,184.904,184.908,184.901,184.908,79
1779773700,184.905,184.912,184.904,184.905,78
1779773820,184.913,184.921,184.911,184.921,60
1779773880,184.918,184.919,184.908,184.912,40
1779773940,184.914,184.922,184.914,184.92,36
1779774120,184.912,184.913,184.908,184.911,26
1779774180,184.912,184.916,184.912,184.916,36
1779774240,184.915,184.916,184.915,184.915,18
1779774300,184.914,184.916,184.912,184.914,34
1779774480,184.902,184.91,184.902,184.908,20
1779774540,184.914,184.915,184.908,184.91,28
1779774600,184.911,184.915,184.907,184.91,64
1779774660,184.911,184.913,184.907,184.912,63
1779774720,184.913,184.918,184.912,184.913,40
1779774840,184.911,184.922,184.911,184.922,32
1779774960,184.903,184.907,184.902,184.907,35
1779775020,184.908,184.91,184.906,184.908,37
1779775080,184.907,184.913,184.907,184.913,63
1779775140,184.913,184.92,184.909,184.915,92
1779775200,184.913,184.927,184.901,184.923,132
1779775260,184.922,184.931,184.921,184.93,88
1779775320,184.937,184.946,184.93,184.946,84
1779775440,184.947,184.949,184.94,184.941,80
1779775560,184.941,184.943,184.934,184.934,82
1779775680,184.944,184.945,184.942,184.944,33
1779775740,184.945,184.949,184.945,184.948,42
1779775800,184.949,184.954,184.943,184.949,77
1779775860,184.948,184.952,184.948,184.95,39
1779775920,184.949,184.95,184.942,184.944,65
1779775980,184.946,184.953,184.936,184.946,66
1779776040,184.936,184.944,184.934,184.944,41
1779776100,184.954,184.97,184.948,184.954,100
1779776160,184.955,184.965,184.955,184.964,62
1779776220,184.965,184.967,184.959,184.963,42
1779776280,184.971,184.983,184.971,184.976,54
1779776340,184.98,184.984,184.979,184.982,52
1779776400,184.992,184.992,184.983,184.99,80
1779776520,184.988,184.997,184.987,184.997,27
1779776580,184.998,185.001,184.997,184.999,30
1779776640,184.983,184.997,184.982,184.997,64
1779776760,185.026,185.04,185.025,185.027,93
1779776880,185.039,185.041,185.022,185.028,49
1779776940,185.018,185.036,185.01,185.032,118
1779777000,185.037,185.07,185.036,185.068,130
1779777120,185.057,185.059,185.046,185.055,106
1779777180,185.058,185.071,185.055,185.066,97
1779777240,185.065,185.066,185.053,185.055,110
1779777360,185.049,185.061,185.049,185.056,59
1779777420,185.057,185.07,185.05,185.07,44
1779777480,185.071,185.087,185.067,185.087,78
1779777540,185.086,185.096,185.086,185.094,43
1779777600,185.1,185.109,185.094,185.102,79
1779777720,185.109,185.117,185.104,185.104,56
1779777780,185.103,185.108,185.095,185.105,57
1779777840,185.103,185.134,185.102,185.127,75
1779777900,185.131,185.15,185.131,185.14,107
1779777960,185.139,185.142,185.119,185.12,118
1779778140,185.099,185.109,185.089,185.109,60
1779778200,185.095,185.097,185.087,185.088,94
1779778260,185.091,185.1,185.09,185.1,69
1779778320,185.097,185.108,185.094,185.108,34
1779778380,185.104,185.106,185.103,185.104,57
1779778440,185.103,185.119,185.092,185.118,113
1779778560,185.12,185.127,185.113,185.118,73
1779778620,185.123,185.134,185.113,185.126,101
1779778680,185.099,185.11,185.098,185.108,106
1779778740,185.11,185.12,185.098,185.099,100
1779778800,185.111,185.139,185.101,185.139,123
1779778860,185.138,185.142,185.129,185.135,88
1779778920,185.14,185.14,185.13,185.132,118
1779779040,185.111,185.112,185.081,185.09,119
1779782100,185.251,185.272,185.244,185.26,98
1779783240,185.308,185.309,185.302,185.302,52
1779783300,185.307,185.316,185.297,185.309,106
1779783420,185.308,185.327,185.306,185.32,60
1779783480,185.321,185.335,185.32,185.334,70
1779783540,185.341,185.352,185.332,185.338,104
1779783600,185.337,185.352,185.334,185.349,100
1779783660,185.346,185.358,185.344,185.35,104
1779783720,185.349,185.351,185.338,185.339,54
1779783780,185.341,185.351,185.341,185.346,48
1779783840,185.352,185.352,185.345,185.349,68
1779783900,185.35,185.35,185.343,185.348,78
1779784020,185.344,185.348,185.339,185.341,60
1779784080,185.333,185.333,185.308,185.317,78
1779784140,185.328,185.329,185.319,185.326,80
1779784200,185.327,185.334,185.32,185.334,92
1779784260,185.34,185.36,185.34,185.355,109
1779784320,185.354,185.357,185.342,185.346,69
1779784440,185.343,185.343,185.319,185.321,41
1779784560,185.342,185.347,185.327,185.327,88
1779784620,185.329,185.334,185.316,185.321,86
1779784680,185.323,185.328,185.318,185.319,95
1779784740,185.319,185.331,185.306,185.307,99
1779784800,185.313,185.313,185.299,185.3,79
1779784860,185.304,185.305,185.291,185.294,57
1779784920,185.288,185.291,185.288,185.291,45
1779784980,185.283,185.29,185.277,185.277,53
1779785040,185.271,185.272,185.261,185.261,74
1779785100,185.26,185.264,185.252,185.254,76
1779785160,185.255,185.265,185.252,185.26,80
1779785280,185.258,185.258,185.239,185.248,69
1779785340,185.258,185.261,185.25,185.252,50
1779785400,185.258,185.271,185.255,185.271,73
1779785460,185.271,185.283,185.27,185.277,55
1779785520,185.279,185.292,185.279,185.287,79
1779785580,185.287,185.315,185.287,185.311,51
1779785640,185.317,185.319,185.315,185.318,56
1779785760,185.3,185.302,185.295,185.302,53
1779785820,185.294,185.294,185.272,185.273,89
1779785880,185.28,185.288,185.268,185.27,87
1779785940,185.269,185.27,185.259,185.265,127
1779786000,185.268,185.269,185.253,185.261,146
1779786060,185.259,185.259,185.235,185.237,111
1779786120,185.236,185.237,185.211,185.214,106
1779786180,185.213,185.213,185.197,185.203,92
1779786240,185.204,185.214,185.203,185.209,96
1779786300,185.212,185.214,185.191,185.213,75
1779786360,185.212,185.236,185.206,185.236,102
1779786420,185.237,185.247,185.23,185.247,82
1779786480,185.232,185.257,185.232,185.255,88
1779786540,185.258,185.265,185.253,185.265,47
1779786600,185.258,185.268,185.257,185.267,65
1779786660,185.267,185.278,185.266,185.277,30
1779786720,185.278,185.293,185.277,185.279,68
1779786840,185.272,185.276,185.268,185.274,36
1779787020,185.277,185.302,185.265,185.267,146
1779787080,185.268,185.268,185.24,185.243,116
1779787140,185.242,185.275,185.235,185.269,108
1779787200,185.27,185.284,185.27,185.27,92
1779787260,185.271,185.279,185.268,185.276,88
1779787320,185.272,185.274,185.267,185.27,62
1779787380,185.271,185.272,185.246,185.262,93
1779787440,185.26,185.275,185.26,185.275,68
1779787620,185.303,185.307,185.301,185.304,50
1779787680,185.308,185.309,185.3,185.3,76
1779787740,185.308,185.323,185.303,185.319,68
1779787800,185.32,185.325,185.294,185.299,123
1779787980,185.308,185.333,185.308,185.333,65
1779788040,185.331,185.345,185.32,185.322,71
1779788160,185.312,185.328,185.31,185.328,81
1779788220,185.329,185.329,185.314,185.32,49
1779788340,185.313,185.316,185.312,185.315,38
1779788460,185.322,185.323,185.316,185.321,62
1779788520,185.328,185.33,185.318,185.33,50
1779788580,185.334,185.337,185.331,185.336,22
1779788640,185.334,185.334,185.321,185.322,74
1779788820,185.321,185.323,185.318,185.322,48
1779788880,185.321,185.322,185.321,185.322,28
1779788940,185.321,185.325,185.318,185.323,38
1779789000,185.331,185.333,185.313,185.313,96
1779789060,185.31,185.312,185.295,185.297,90
1779789120,185.293,185.309,185.288,185.306,62
1779789180,185.308,185.308,185.299,185.306,46
1779789240,185.299,185.307,185.291,185.307,61
1779789300,185.331,185.331,185.32,185.324,115
1779789360,185.322,185.329,185.322,185.328,60
1779789420,185.328,185.328,185.302,185.305,93
1779789540,185.299,185.307,185.299,185.305,78
1779789600,185.306,185.317,185.3,185.313,132
1779789660,185.313,185.314,185.297,185.3,99
1779789780,185.293,185.302,185.291,185.302,70
1779789840,185.302,185.305,185.283,185.283,63
1779789900,185.285,185.291,185.28,185.291,49
1779790020,185.289,185.291,185.287,185.29,50
1779790080,185.289,185.295,185.285,185.288,66
1779790140,185.29,185.298,185.29,185.292,49
1779790260,185.306,185.314,185.3,185.308,88
1779790380,185.307,185.307,185.298,185.298,42
1779790440,185.292,185.298,185.286,185.293,74
1779790500,185.292,185.296,185.289,185.291,84
1779790620,185.299,185.299,185.289,185.291,66
1779790740,185.291,185.296,185.289,185.295,56
1779790860,185.276,185.283,185.276,185.278,48
1779790920,185.273,185.291,185.273,185.289,78
1779791040,185.298,185.307,185.298,185.305,32
1779791160,185.277,185.277,185.274,185.277,41
1779791220,185.279,185.284,185.275,185.275,32
1779791280,185.275,185.291,185.267,185.279,112
1779791340,185.282,185.284,185.264,185.277,100
1779791400,185.277,185.29,185.263,185.266,160
1779791460,185.267,185.269,185.247,185.249,144
1779791580,185.228,185.249,185.225,185.226,94
1779791640,185.224,185.228,185.214,185.22,72
1779791700,185.221,185.236,185.203,185.203,104
1779791760,185.206,185.213,185.198,185.211,106
1779791820,185.212,185.213,185.186,185.186,80
1779791880,185.185,185.197,185.185,185.192,46
1779791940,185.191,185.208,185.191,185.207,71
1779792060,185.229,185.229,185.216,185.225,63
1779792120,185.22,185.226,185.218,185.224,84
1779792180,185.227,185.247,185.226,185.232,94
1779792240,185.231,185.249,185.231,185.244,83
1779792300,185.243,185.256,185.243,185.253,80
1779792420,185.249,185.257,185.241,185.256,60
1779792480,185.26,185.263,185.246,185.246,88
1779792540,185.251,185.267,185.25,185.266,70
1779792600,185.258,185.265,185.254,185.259,92
1779792720,185.272,185.288,185.271,185.286,62
1779792780,185.289,185.293,185.287,185.292,51
1779792840,185.282,185.282,185.271,185.277,51
1779792960,185.269,185.277,185.259,185.276,60
1779793020,185.278,185.285,185.268,185.268,109
1779793080,185.27,185.289,185.27,185.289,99
1779793140,185.288,185.289,185.277,185.278,50
1779793200,185.268,185.268,185.25,185.255,112
1779793260,185.254,185.27,185.252,185.26,136
1779793320,185.261,185.273,185.26,185.27,100
1779793380,185.274,185.281,185.268,185.281,108
1779793440,185.286,185.286,185.267,185.27,119
1779793560,185.28,185.294,185.28,185.294,68
1779793620,185.288,185.295,185.287,185.292,70
1779793680,185.291,185.301,185.286,185.301,69
1779793740,185.299,185.315,185.298,185.313,69
1779793800,185.313,185.32,185.313,185.32,53
1779793920,185.309,185.31,185.3,185.308,72
1779793980,185.315,185.32,185.305,185.309,77
1779794040,185.311,185.312,185.306,185.307,43
1779794100,185.3,185.308,185.288,185.3,93
1779794160,185.3,185.305,185.293,185.304,64
1779794220,185.302,185.309,185.298,185.307,73
1779794280,185.3,185.303,185.286,185.288,100
1779794340,185.288,185.292,185.277,185.277,71
1779794400,185.282,185.286,185.27,185.272,127
1779794460,185.274,185.277,185.271,185.277,52
1779794520,185.276,185.283,185.265,185.268,75
1779794580,185.264,185.268,185.259,185.265,76
1779794640,185.264,185.27,185.261,185.264,80
1779794760,185.265,185.271,185.265,185.268,49
1779794820,185.267,185.267,185.256,185.261,52
1779794880,185.256,185.258,185.252,185.255,88
1779794940,185.251,185.254,185.246,185.248,80
1779795000,185.252,185.267,185.246,185.267,81
1779795060,185.268,185.276,185.267,185.27,82
1779795120,185.269,185.286,185.268,185.284,88
1779795180,185.283,185.284,185.279,185.281,41
1779795240,185.271,185.272,185.241,185.243,164
1779795360,185.224,185.243,185.219,185.243,186
1779795420,185.243,185.264,185.24,185.262,144
1779795540,185.261,185.263,185.249,185.257,72
1779795600,185.26,185.265,185.249,185.252,153
1779795660,185.251,185.253,185.248,185.249,83
1779795720,185.241,185.244,185.231,185.235,132
1779795780,185.233,185.241,185.225,185.234,113
1779795840,185.236,185.236,185.216,185.22,97
1779795900,185.221,185.242,185.221,185.231,137
1779795960,185.232,185.238,185.222,185.232,100
1779796080,185.231,185.231,185.211,185.211,86
1779796140,185.213,185.226,185.212,185.221,86
1779796200,185.222,185.23,185.219,185.22,86
1779796260,185.222,185.23,185.219,185.227,138
1779796380,185.225,185.226,185.218,185.219,51
1779796440,185.228,185.232,185.215,185.222,75
1779796500,185.231,185.237,185.218,185.235,133
1779796560,185.236,185.239,185.228,185.234,125
1779796620,185.232,185.237,185.216,185.22,120
1779796740,185.216,185.216,185.204,185.207,71
1779796800,185.208,185.212,185.191,185.194,160
1779796860,185.194,185.225,185.194,185.224,151
1779796980,185.224,185.226,185.214,185.223,102
1779797040,185.224,185.228,185.218,185.225,108
1779797100,185.227,185.239,185.223,185.226,97
1779797160,185.227,185.242,185.224,185.237,75
1779797220,185.226,185.233,185.22,185.226,85
1779797280,185.217,185.222,185.189,185.189,98
1779797340,185.195,185.225,185.19,185.22,156
1779797400,185.217,185.232,185.203,185.22,159
1779797460,185.22,185.226,185.208,185.219,84
1779797520,185.225,185.225,185.214,185.217,53
1779797580,185.22,185.228,185.218,185.226,40
1779797640,185.234,185.235,185.213,185.213,74
1779797700,185.22,185.224,185.21,185.213,104
1779797820,185.215,185.221,185.21,185.22,81
1779797880,185.221,185.223,185.205,185.208,100
1779797940,185.21,185.227,185.209,185.223,109
1779798060,185.229,185.233,185.223,185.229,71
1779798120,185.233,185.236,185.219,185.222,45
1779798180,185.221,185.221,185.209,185.217,106
1779798240,185.218,185.223,185.212,185.212,101
1779798300,185.214,185.217,185.204,185.215,107
1779798420,185.229,185.237,185.229,185.235,44
1779798480,185.238,185.241,185.236,185.237,39
1779798540,185.238,185.25,185.236,185.25,47
1779798600,185.252,185.252,185.233,185.238,81
1779798660,185.233,185.234,185.229,185.232,31
1779798780,185.231,185.233,185.225,185.233,51
1779798840,185.236,185.245,185.234,185.244,76
1779798900,185.248,185.249,185.23,185.24,85
1779798960,185.236,185.243,185.236,185.239,64
1779799020,185.234,185.235,185.222,185.23,105
1779799140,185.217,185.226,185.216,185.224,57
1779799260,185.238,185.242,185.237,185.242,46
1779799320,185.229,185.242,185.222,185.24,122
1779799380,185.231,185.242,185.23,185.23,113
1779799440,185.226,185.239,185.213,185.217,141
1779799500,185.22,185.22,185.206,185.216,121
1779799680,185.202,185.205,185.193,185.203,95
1779799740,185.203,185.215,185.2,185.212,124
1779799860,185.218,185.219,185.21,185.21,135
1779799980,185.211,185.218,185.204,185.208,102
1779800040,185.214,185.216,185.202,185.209,75
1779800160,185.194,185.197,185.19,185.192,93
1779800220,185.194,185.199,185.191,185.196,54
1779800280,185.194,185.217,185.194,185.217,109
1779800340,185.219,185.221,185.207,185.21,70
1779800400,185.212,185.225,185.204,185.224,100
1779800460,185.221,185.235,185.218,185.235,123
1779800520,185.236,185.252,185.236,185.243,140
1779800640,185.243,185.243,185.219,185.229,114
1779800700,185.226,185.235,185.221,185.223,128
1779800760,185.224,185.227,185.216,185.227,139
1779800820,185.227,185.227,185.217,185.219,77
1779800880,185.217,185.219,185.196,185.201,81
1779800940,185.199,185.215,185.194,185.211,84
1779801000,185.211,185.241,185.211,185.24,122
1779801060,185.239,185.241,185.201,185.224,128
1779801120,185.22,185.221,185.2,185.209,131
1779801180,185.21,185.213,185.2,185.203,63
1779801240,185.196,185.216,185.193,185.213,109
1779801300,185.22,185.224,185.212,185.223,117
1779801360,185.224,185.226,185.217,185.225,90
1779801420,185.226,185.228,185.216,185.227,104
1779801480,185.233,185.234,185.214,185.221,143
1779801540,185.222,185.225,185.214,185.217,81
1779801600,185.217,185.23,185.215,185.23,96
1779801660,185.229,185.238,185.228,185.232,105
1779801720,185.224,185.23,185.221,185.222,69
1779801780,185.225,185.238,185.217,185.224,81
1779801840,185.226,185.227,185.215,185.22,111
1779801960,185.216,185.219,185.208,185.211,47
1779802020,185.215,185.216,185.188,185.191,73
1779802080,185.195,185.207,185.191,185.193,75
1779802140,185.171,185.178,185.165,185.169,105
1779802200,185.175,185.198,185.172,185.197,154
1779802260,185.193,185.209,185.186,185.199,166
1779802320,185.199,185.201,185.183,185.187,173
1779802380,185.188,185.2,185.188,185.194,96
1779802440,185.189,185.194,185.172,185.174,110
1779802560,185.168,185.195,185.168,185.191,154
1779802680,185.22,185.226,185.203,185.208,87
1779802740,185.205,185.213,185.197,185.2,72
1779802800,185.199,185.205,185.189,185.19,165
1779802860,185.191,185.197,185.182,185.186,132
1779802980,185.187,185.188,185.187,185.188,4
1779803040,185.21,185.211,185.201,185.201,72
1779803100,185.192,185.202,185.19,185.195,157
1779803160,185.191,185.194,185.179,185.191,154
1779803220,185.192,185.215,185.185,185.211,143
1779803280,185.212,185.227,185.207,185.214,125
1779803460,185.195,185.195,185.173,185.183,113
1779803520,185.154,185.158,185.146,185.156,119
1779803580,185.167,185.175,185.091,185.097,172
1779803640,185.081,185.101,185.074,185.092,174
1779803820,185.134,185.139,185.118,185.119,97
1779803880,185.13,185.135,185.128,185.132,68
1779803940,185.142,185.162,185.142,185.161,47
1779804000,185.168,185.169,185.125,185.126,173
1779804060,185.127,185.18,185.127,185.179,154
1779804120,185.182,185.219,185.18,185.196,159
1779804240,185.199,185.201,185.18,185.193,83
1779804360,185.157,185.161,185.143,185.155,134
1779804420,185.162,185.179,185.148,185.148,110
1779804480,185.159,185.161,185.138,185.147,120
1779804660,185.157,185.162,185.152,185.152,84
1779804720,185.151,185.152,185.133,185.136,104
1779804780,185.125,185.133,185.118,185.129,113
1779804840,185.135,185.149,185.133,185.149,104
1779804900,185.146,185.146,185.116,185.118,127
1779804960,185.121,185.126,185.111,185.118,163
1779805020,185.116,185.125,185.109,185.115,106
1779805080,185.114,185.132,185.114,185.13,77
1779805140,185.135,185.137,185.116,185.119,116
1779805260,185.118,185.125,185.114,185.124,85
1779805380,185.157,185.161,185.147,185.157,59
1779805440,185.138,185.151,185.133,185.146,78
1779805500,185.141,185.144,185.116,185.125,167
1779805560,185.122,185.127,185.107,185.108,98
1779805620,185.1,185.104,185.088,185.099,117
1779805740,185.113,185.121,185.11,185.115,83
1779805800,185.134,185.134,185.109,185.111,166
1779805860,185.111,185.132,185.111,185.132,132
1779805920,185.131,185.135,185.118,185.119,122
1779805980,185.123,185.127,185.1,185.119,151
1779806040,185.121,185.143,185.116,185.142,140
1779806100,185.143,185.169,185.142,185.165,158
1779806160,185.163,185.165,185.149,185.157,116
1779806220,185.141,185.142,185.13,185.142,94
1779806280,185.142,185.147,185.133,185.14,98
1779806340,185.136,185.141,185.128,185.137,118
1779806400,185.143,185.162,185.132,185.158,162
1779806460,185.159,185.183,185.159,185.17,130
1779806520,185.17,185.177,185.167,185.176,66
1779806580,185.175,185.175,185.158,185.161,80
1779806640,185.152,185.155,185.139,185.143,79
1779806700,185.144,185.15,185.131,185.147,105
1779806820,185.152,185.161,185.148,185.156,120
1779806940,185.175,185.186,185.174,185.174,73
1779807060,185.18,185.197,185.177,185.183,124
1779807120,185.181,185.189,185.174,185.177,129
1779807180,185.176,185.193,185.175,185.177,147
1779807360,185.154,185.179,185.153,185.174,117
1779807420,185.171,185.184,185.16,185.183,134
1779807480,185.183,185.208,185.182,185.206,132
1779807540,185.207,185.215,185.201,185.21,143
1779807600,185.216,185.216,185.197,185.209,151
1779807660,185.21,185.223,185.183,185.189,185
1779807840,185.185,185.186,185.172,185.18,114
1779807960,185.166,185.177,185.162,185.163,131
1779808020,185.173,185.177,185.164,185.164,132
1779808080,185.167,185.168,185.149,185.153,147
1779808140,185.148,185.17,185.138,185.162,168
1779808260,185.178,185.187,185.171,185.177,90
1779808320,185.19,185.201,185.186,185.197,82
1779808380,185.195,185.203,185.188,185.195,100
1779808440,185.199,185.203,185.159,185.164,133
1779808500,185.161,185.17,185.157,185.164,156
1779808560,185.161,185.169,185.152,185.165,129
1779808680,185.139,185.168,185.138,185.166,124
1779808740,185.159,185.179,185.148,185.148,139
1779808800,185.155,185.166,185.137,185.144,148
1779808920,185.163,185.163,185.151,185.154,38
1779808980,185.145,185.146,185.128,185.13,72
1779809040,185.13,185.134,185.122,185.124,117
1779809160,185.145,185.162,185.143,185.158,160
1779809220,185.159,185.165,185.149,185.158,142
1779809280,185.159,185.179,185.155,185.178,172
1779809340,185.18,185.18,185.166,185.175,102
1779809400,185.171,185.192,185.167,185.182,183
1779809520,185.158,185.163,185.147,185.153,124
1779809580,185.158,185.161,185.149,185.153,120
1779809640,185.151,185.152,185.129,185.13,167
1779809700,185.129,185.152,185.126,185.14,175
1779809760,185.141,185.142,185.109,185.113,165
1779809820,185.112,185.13,185.102,185.126,112
1779809880,185.141,185.142,185.129,185.134,90
1779809940,185.144,185.157,185.14,185.153,108
1779810000,185.154,185.164,185.14,185.157,131
1779810120,185.176,185.19,185.171,185.184,87
1779810180,185.174,185.189,185.172,185.186,99
1779810240,185.187,185.187,185.173,185.185,83
1779810300,185.179,185.195,185.17,185.195,149
1779810360,185.194,185.2,185.184,185.191,109
1779810420,185.191,185.2,185.189,185.198,91
1779810480,185.198,185.198,185.187,185.19,110
1779810540,185.19,185.202,185.178,185.18,114
1779810600,185.179,185.187,185.176,185.183,126
1779810660,185.182,185.19,185.181,185.188,81
1779810720,185.194,185.194,185.173,185.183,105
1779810780,185.183,185.19,185.179,185.188,100
1779810840,185.191,185.192,185.174,185.188,119
1779810900,185.182,185.195,185.18,185.187,161
1779810960,185.186,185.191,185.175,185.186,176
1779811020,185.188,185.198,185.169,185.171,106
1779811080,185.18,185.185,185.168,185.173,81
1779811140,185.175,185.179,185.169,185.173,90
1779811200,185.182,185.182,185.168,185.173,130
1779811260,185.176,185.178,185.161,185.166,97
1779811320,185.171,185.171,185.157,185.157,108
1779811440,185.162,185.167,185.157,185.166,54
1779811560,185.166,185.17,185.159,185.162,68
1779811680,185.171,185.179,185.171,185.176,49
1779811740,185.182,185.184,185.163,185.167,56
1779811860,185.179,185.187,185.179,185.187,64
1779811920,185.194,185.198,185.181,185.186,126
1779811980,185.187,185.197,185.185,185.185,65
1779812040,185.185,185.198,185.185,185.198,82
1779812220,185.201,185.202,185.191,185.197,63
1779812280,185.195,185.199,185.193,185.198,71
1779812340,185.201,185.232,185.201,185.225,82
1779812400,185.225,185.229,185.208,185.229,87
1779812520,185.214,185.221,185.211,185.217,46
1779812580,185.224,185.234,185.217,185.223,67
1779812640,185.225,185.226,185.208,185.209,48
1779812700,185.213,185.214,185.197,185.206,82
1779812760,185.207,185.209,185.201,185.208,66
1779812820,185.209,185.211,185.208,185.211,26
1779812880,185.223,185.23,185.222,185.224,46
1779812940,185.233,185.235,185.225,185.233,72
1779813000,185.238,185.247,185.236,185.246,75
1779813060,185.247,185.249,185.246,185.248,46
1779813120,185.249,185.254,185.238,185.249,92
1779813180,185.249,185.25,185.236,185.24,111
1779813240,185.241,185.243,185.239,185.243,51
1779813300,185.238,185.24,185.232,185.236,73
1779813360,185.237,185.248,185.232,185.232,46
1779813420,185.225,185.226,185.214,185.216,67
1779813480,185.222,185.222,185.211,185.219,74
1779813540,185.215,185.222,185.215,185.215,78
1779813600,185.216,185.221,185.208,185.208,88
1779813660,185.204,185.214,185.203,185.208,72
1779813720,185.209,185.214,185.207,185.214,50
1779813780,185.219,185.231,185.216,185.229,83
1779813840,185.214,185.216,185.205,185.209,44
1779813900,185.207,185.207,185.198,185.2,98
1779813960,185.199,185.199,185.181,185.188,94
1779814020,185.19,185.197,185.185,185.192,122
1779814080,185.194,185.201,185.193,185.194,61
1779814140,185.191,185.203,185.189,185.194,48
1779814260,185.193,185.203,185.191,185.202,62
1779814320,185.194,185.196,185.186,185.196,90
1779814380,185.193,185.195,185.185,185.189,60
1779814440,185.188,185.192,185.181,185.183,38
1779814500,185.176,185.19,185.172,185.188,83
1779814560,185.189,185.192,185.182,185.184,58
1779814620,185.184,185.184,185.176,185.178,72
1779814680,185.18,185.183,185.171,185.173,84
1779814740,185.172,185.185,185.171,185.179,92
1779814800,185.181,185.184,185.174,185.184,78
1779814860,185.185,185.186,185.17,185.176,76
1779814920,185.175,185.176,185.166,185.167,94
1779814980,185.166,185.176,185.16,185.165,62
1779815040,185.164,185.165,185.158,185.164,62
1779815100,185.16,185.162,185.153,185.156,68
1779815220,185.165,185.167,185.157,185.158,62
1779815280,185.155,185.162,185.155,185.161,50
1779815340,185.16,185.168,185.158,185.168,70
1779815520,185.192,185.209,185.192,185.209,32
1779815580,185.2,185.2,185.192,185.194,43
1779815640,185.195,185.204,185.195,185.2,51
1779815700,185.204,185.217,185.204,185.215,78
1779815880,185.219,185.225,185.219,185.225,27
1779815940,185.217,185.217,185.215,185.217,39
1779816060,185.21,185.219,185.21,185.218,40
1779816120,185.215,185.217,185.209,185.214,94
1779816180,185.209,185.215,185.202,185.205,119
1779816360,185.195,185.204,185.195,185.202,21
1779816420,185.204,185.214,185.199,185.214,83
1779816480,185.211,185.211,185.198,185.199,62
1779816540,185.201,185.202,185.19,185.194,64
1779816600,185.19,185.196,185.186,185.189,99
1779816660,185.19,185.204,185.189,185.203,85
1779816720,185.204,185.219,185.203,185.218,77
1779816780,185.219,185.22,185.214,185.214,45
1779816840,185.205,185.217,185.205,185.216,60
1779816900,185.214,185.215,185.201,185.212,93
1779816960,185.212,185.214,185.204,185.211,82
1779817020,185.21,185.215,185.208,185.215,66
1779817080,185.217,185.218,185.208,185.209,54
1779817140,185.206,185.209,185.198,185.199,52
1779817200,185.191,185.201,185.184,185.197,84
1779817260,185.198,185.21,185.193,185.209,70
1779817320,185.209,185.211,185.207,185.207,24
1779817440,185.21,185.211,185.204,185.206,22
1779817500,185.202,185.206,185.195,185.205,56
1779817560,185.204,185.208,185.194,185.194,40
1779817620,185.195,185.21,185.194,185.21,53
1779817680,185.201,185.212,185.201,185.207,46
1779817740,185.207,185.218,185.206,185.216,64
1779817800,185.216,185.225,185.214,185.225,70
1779817920,185.234,185.237,185.23,185.232,44
1779817980,185.232,185.24,185.227,185.238,46
1779818040,185.239,185.242,185.232,185.232,60
1779818160,185.241,185.242,185.228,185.241,74
1779818220,185.24,185.246,185.23,185.246,77
1779818280,185.242,185.245,185.238,185.243,70
1779818340,185.243,185.245,185.239,185.239,47
1779818400,185.243,185.249,185.232,185.244,108
1779818460,185.245,185.246,185.241,185.242,65
1779818520,185.245,185.249,185.243,185.243,46
1779818580,185.242,185.252,185.241,185.247,90
1779818640,185.247,185.251,185.246,185.248,38
1779818760,185.251,185.252,185.25,185.251,38
1779818820,185.251,185.251,185.249,185.249,18
1779818880,185.248,185.253,185.246,185.251,54
1779818940,185.248,185.25,185.238,185.242,70
1779819000,185.244,185.257,185.243,185.255,64
1779819060,185.256,185.264,185.252,185.261,54
1779819120,185.26,185.261,185.257,185.258,18
1779819180,185.256,185.256,185.25,185.253,36
1779819240,185.259,185.259,185.251,185.254,42
1779819300,185.259,185.26,185.251,185.256,79
1779819360,185.255,185.259,185.254,185.255,67
1779819420,185.254,185.257,185.251,185.257,84
1779819540,185.252,185.261,185.251,185.258,33
1779819600,185.26,185.26,185.245,185.255,79
1779819660,185.256,185.256,185.243,185.249,61
1779819720,185.246,185.25,185.239,185.24,44
1779819780,185.24,185.251,185.228,185.248,67
1779819840,185.255,185.255,185.244,185.249,52
1779819960,185.252,185.252,185.243,185.245,60
1779820020,185.249,185.251,185.244,185.248,48
1779820080,185.245,185.25,185.245,185.248,78
1779820140,185.251,185.257,185.251,185.255,62
1779820200,185.256,185.264,185.254,185.258,68
1779820380,185.267,185.274,185.266,185.269,57
1779820440,185.267,185.275,185.264,185.274,52
1779820620,185.273,185.274,185.271,185.273,21
1779820680,185.274,185.281,185.272,185.276,56
1779820740,185.261,185.268,185.261,185.268,29
1779820860,185.243,185.245,185.236,185.236,68
1779820920,185.244,185.253,185.24,185.251,90
1779820980,185.254,185.258,185.254,185.256,34
1779821040,185.266,185.275,185.262,185.272,56
1779821100,185.269,185.271,185.265,185.265,41
1779821220,185.268,185.276,185.266,185.276,58
1779821280,185.277,185.278,185.257,185.259,52
1779821340,185.26,185.272,185.259,185.269,68
1779821460,185.276,185.276,185.265,185.266,38
1779821520,185.269,185.269,185.258,185.266,68
1779821580,185.265,185.276,185.265,185.276,72
1779821640,185.28,185.28,185.272,185.274,81
1779821700,185.274,185.276,185.267,185.268,74
1779821820,185.27,185.291,185.263,185.291,65
1779821880,185.279,185.283,185.274,185.28,76
1779821940,185.278,185.291,185.278,185.291,58
1779822000,185.286,185.288,185.27,185.281,96
1779822060,185.282,185.288,185.279,185.281,76
1779822120,185.282,185.284,185.28,185.282,43
1779822180,185.283,185.284,185.276,185.283,60
1779822240,185.279,185.284,185.271,185.275,50
1779822300,185.279,185.284,185.276,185.283,62
1779822360,185.282,185.287,185.282,185.287,35
1779822420,185.28,185.282,185.274,185.275,58
1779822480,185.276,185.279,185.272,185.279,36
1779822540,185.28,185.28,185.275,185.278,52
1779822660,185.293,185.3,185.293,185.3,56
1779822720,185.291,185.292,185.285,185.285,42
1779822780,185.281,185.288,185.281,185.283,64
1779822840,185.287,185.292,185.278,185.278,71
1779822900,185.279,185.28,185.273,185.274,81
1779822960,185.273,185.284,185.273,185.28,66
1779823020,185.283,185.289,185.276,185.277,66
1779823080,185.276,185.277,185.273,185.274,22
1779823140,185.278,185.279,185.266,185.277,60
1779823260,185.289,185.29,185.276,185.279,59
1779823380,185.289,185.294,185.286,185.289,26
1779823440,185.303,185.304,185.293,185.298,31
1779823500,185.297,185.298,185.29,185.297,62
1779823560,185.302,185.304,185.297,185.302,65
1779823620,185.297,185.298,185.296,185.297,14
1779823680,185.299,185.299,185.29,185.291,46
1779823740,185.293,185.297,185.293,185.293,44
1779823800,185.294,185.299,185.278,185.284,69
1779823860,185.285,185.292,185.284,185.292,58
1779823920,185.293,185.294,185.292,185.293,14
1779823980,185.294,185.295,185.293,185.295,24
1779824040,185.296,185.311,185.296,185.309,42
1779824100,185.308,185.309,185.302,185.303,40
1779824220,185.305,185.308,185.304,185.308,30
1779824280,185.3,185.3,185.29,185.293,65
1779824340,185.291,185.292,185.288,185.291,39
1779824460,185.296,185.299,185.292,185.296,53
1779824520,185.299,185.303,185.298,185.302,33
1779824640,185.305,185.305,185.305,185.305,2
1779824700,185.307,185.31,185.306,185.308,53
1779824820,185.306,185.31,185.305,185.31,26
1779824880,185.31,185.314,185.309,185.309,56
1779824940,185.311,185.315,185.311,185.315,50
1779825120,185.308,185.311,185.305,185.306,42
1779825180,185.306,185.307,185.303,185.303,40
1779825240,185.304,185.305,185.297,185.297,42
1779825360,185.308,185.309,185.299,185.308,73
1779825420,185.303,185.308,185.297,185.301,86
1779825540,185.297,185.299,185.29,185.295,78
1779825600,185.313,185.316,185.307,185.309,124
1779825660,185.31,185.316,185.309,185.314,76
1779825720,185.311,185.312,185.306,185.312,61
1779825780,185.31,185.312,185.307,185.312,53
1779825840,185.311,185.318,185.305,185.305,70
1779825960,185.307,185.307,185.303,185.303,29
1779826020,185.303,185.306,185.303,185.303,29
1779826080,185.305,185.307,185.304,185.306,40
1779826140,185.305,185.306,185.3,185.301,48
1779826200,185.299,185.307,185.297,185.306,30
1779826320,185.308,185.308,185.306,185.307,20
1779826380,185.307,185.308,185.306,185.307,24
1779826440,185.309,185.309,185.307,185.307,12
1779826500,185.309,185.314,185.308,185.312,34
1779826560,185.311,185.311,185.306,185.309,38
1779826680,185.307,185.308,185.306,185.307,22
1779826740,185.306,185.307,185.306,185.307,12
1779826800,185.305,185.307,185.305,185.305,22
1779826860,185.306,185.306,185.297,185.3,26
1779826920,185.298,185.3,185.298,185.299,8
1779826980,185.297,185.298,185.297,185.298,16
1779827040,185.31,185.31,185.305,185.307,39
1779827160,185.309,185.311,185.309,185.311,9
1779827220,185.31,185.315,185.31,185.312,16
1779827280,185.308,185.31,185.306,185.308,49
1779827520,185.305,185.314,185.304,185.313,42
1779827580,185.312,185.314,185.306,185.306,39
1779827640,185.301,185.303,185.3,185.303,10
1779827820,185.312,185.317,185.311,185.314,26
1779827880,185.315,185.318,185.314,185.315,32
1779827940,185.319,185.319,185.316,185.317,16
1779828000,185.304,185.308,185.303,185.307,58
1779828060,185.305,185.308,185.305,185.307,6
1779828120,185.306,185.306,185.296,185.3,70
1779828180,185.301,185.302,185.299,185.299,64
1779828240,185.295,185.295,185.29,185.293,38
1779828300,185.295,185.295,185.291,185.293,52
1779828360,185.295,185.297,185.294,185.295,22
1779828420,185.294,185.298,185.294,185.296,24
1779828480,185.297,185.301,185.291,185.299,46
1779828660,185.294,185.295,185.292,185.292,46
1779828720,185.293,185.297,185.29,185.293,58
1779828780,185.291,185.295,185.284,185.292,64
1779828840,185.292,185.298,185.285,185.297,108
1779829020,185.277,185.282,185.275,185.282,30
1779829080,185.286,185.296,185.285,185.287,58
1779829260,185.096,185.121,185.096,185.099,12
1779829320,185.136,185.136,185.136,185.136,2
1779829440,185.166,185.166,185.166,185.166,2
1779829560,185.224,185.224,185.223,185.223,2
1779829620,185.214,185.214,185.214,185.214,3
1779829740,185.216,185.216,185.216,185.216,2
1779829800,185.215,185.215,185.189,185.21,15
1779829860,185.187,185.21,185.187,185.21,5
1779829920,185.207,185.208,185.207,185.208,3
1779829980,185.201,185.216,185.201,185.216,8
1779830040,185.204,185.219,185.204,185.219,6
1779830100,185.225,185.231,185.217,185.228,70
1779830220,185.223,185.223,185.223,185.223,1
1779830340,185.239,185.245,185.239,185.244,7
1779830460,185.244,185.256,185.244,185.252,29
1779830520,185.252,185.252,185.252,185.252,2
1779830580,185.252,185.252,185.252,185.252,2
1779830700,185.251,185.254,185.247,185.254,7
1779830760,185.25,185.25,185.25,185.25,2
1779830820,185.254,185.254,185.254,185.254,2
1779830880,185.254,185.254,185.254,185.254,1
1779830940,185.254,185.254,185.254,185.254,4
1779831000,185.251,185.271,185.248,185.265,13
1779831180,185.266,185.266,185.266,185.266,4
1779831240,185.263,185.263,185.263,185.263,2
1779831300,185.266,185.271,185.259,185.269,19
1779831360,185.269,185.269,185.269,185.269,1
1779831420,185.251,185.27,185.251,185.27,9
1779831480,185.263,185.271,185.254,185.265,9
1779831540,185.27,185.27,185.234,185.257,47
1779831660,185.243,185.249,185.24,185.245,43
1779831720,185.244,185.244,185.244,185.244,1
1779831780,185.241,185.251,185.237,185.245,58
1779831840,185.247,185.253,185.247,185.251,13
1779831900,185.249,185.253,185.237,185.244,53
1779832020,185.233,185.242,185.229,185.234,32
1779832080,185.238,185.239,185.234,185.239,13
1779832140,185.239,185.241,185.235,185.241,14
1779832260,185.24,185.242,185.233,185.233,33
1779832320,185.234,185.238,185.233,185.236,14
1779832440,185.235,185.241,185.235,185.241,4
1779832500,185.242,185.249,185.233,185.233,48
1779832620,185.238,185.239,185.234,185.236,15
1779832740,185.235,185.25,185.193,185.204,73
1779832800,185.25,185.279,185.25,185.276,104
1779832860,185.278,185.289,185.263,185.289,113
1779832980,185.282,185.29,185.282,185.29,31
1779833040,185.292,185.299,185.283,185.289,56
1779833100,185.291,185.297,185.281,185.291,75
1779833220,185.29,185.293,185.284,185.291,40
1779833280,185.292,185.296,185.288,185.294,33
1779833340,185.291,185.293,185.29,185.293,29
1779833460,185.291,185.291,185.277,185.277,43
1779833580,185.293,185.294,185.291,185.291,37
1779833640,185.291,185.294,185.288,185.288,42
1779833700,185.294,185.295,185.287,185.288,44
1779833820,185.285,185.287,185.284,185.287,42
1779833940,185.298,185.3,185.295,185.297,38
1779834060,185.297,185.3,185.294,185.299,38
1779834120,185.3,185.303,185.294,185.294,22
1779834180,185.302,185.304,185.298,185.298,36
1779834240,185.297,185.302,185.297,185.302,28
1779834360,185.295,185.297,185.294,185.297,26
1779834420,185.298,185.299,185.296,185.298,20
1779834480,185.298,185.301,185.294,185.299,44
1779834540,185.298,185.299,185.292,185.296,20
1779834600,185.294,185.297,185.294,185.296,36
1779834660,185.295,185.296,185.29,185.293,18
1779834720,185.294,185.294,185.293,185.294,14
1779834780,185.293,185.293,185.292,185.292,4
1779834840,185.304,185.304,185.297,185.297,26
1779834900,185.296,185.306,185.296,185.305,18
1779834960,185.304,185.306,185.304,185.305,10
1779835020,185.296,185.305,185.296,185.304,13
1779835080,185.304,185.304,185.295,185.298,38
1779835140,185.297,185.297,185.296,185.296,16
1779835200,185.297,185.3,185.295,185.299,40
1779835320,185.299,185.299,185.296,185.298,24
1779835440,185.298,185.298,185.298,185.298,2
1779835500,185.3,185.301,185.299,185.3,18
1779835560,185.299,185.301,185.299,185.3,8
1779835620,185.299,185.3,185.299,185.3,12
1779835680,185.3,185.3,185.297,185.298,24
1779835740,185.298,185.299,185.296,185.296,22
1779835800,185.297,185.299,185.296,185.299,18
1779835860,185.298,185.299,185.297,185.298,38
1779835920,185.296,185.298,185.294,185.294,34
1779835980,185.294,185.295,185.279,185.279,26
1779836040,185.28,185.28,185.279,185.28,11
1779836100,185.281,185.282,185.279,185.281,39
1779836160,185.282,185.29,185.281,185.289,34
1779836220,185.287,185.288,185.284,185.288,12
1779836280,185.289,185.289,185.288,185.289,18
1779836340,185.289,185.289,185.271,185.271,55
1779836400,185.272,185.283,185.269,185.282,56
1779836460,185.281,185.281,185.267,185.267,31
1779836520,185.268,185.274,185.267,185.272,39
1779836640,185.272,185.272,185.271,185.272,7
1779836760,185.272,185.274,185.271,185.272,36
1779836880,185.287,185.287,185.287,185.287,2
1779836940,185.286,185.286,185.282,185.282,20
1779837000,185.29,185.294,185.289,185.293,27
1779837060,185.292,185.293,185.288,185.29,27
1779837120,185.293,185.295,185.292,185.295,19
1779837180,185.293,185.295,185.285,185.287,29
1779837240,185.287,185.287,185.28,185.281,19
1779837300,185.282,185.286,185.282,185.285,16
1779837360,185.286,185.298,185.286,185.296,20
1779837480,185.295,185.298,185.295,185.297,15
1779837540,185.299,185.299,185.297,185.298,13
1779837600,185.298,185.3,185.298,185.299,22
1779837720,185.295,185.295,185.293,185.294,22
1779837780,185.293,185.295,185.293,185.293,18
1779837840,185.293,185.3,185.292,185.3,26
1779837960,185.293,185.294,185.289,185.294,31
1779838080,185.305,185.306,185.305,185.306,3
1779838140,185.308,185.312,185.304,185.312,31
1779838200,185.305,185.312,185.303,185.312,28
1779838320,185.301,185.308,185.3,185.307,28
1779838380,185.308,185.313,185.307,185.309,31
1779838440,185.31,185.311,185.303,185.307,54
1779838560,185.309,185.31,185.308,185.31,16
1779838620,185.31,185.311,185.309,185.311,18
1779838680,185.312,185.319,185.311,185.318,34
1779838740,185.319,185.32,185.318,185.318,13
1779838800,185.317,185.319,185.317,185.318,22
1779838920,185.31,185.311,185.307,185.311,17
1779838980,185.311,185.319,185.307,185.316,46
1779839040,185.317,185.323,185.316,185.323,37
1779839100,185.316,185.32,185.316,185.319,34
1779839160,185.319,185.32,185.307,185.31,57
1779839280,185.308,185.31,185.308,185.309,22
1779839340,185.309,185.309,185.296,185.297,40
1779839460,185.308,185.312,185.305,185.308,26
1779839520,185.309,185.312,185.306,185.31,35
1779839580,185.311,185.312,185.309,185.31,29
1779839640,185.311,185.312,185.31,185.312,6
1779839700,185.316,185.322,185.309,185.31,60
1779839760,185.311,185.314,185.31,185.312,41
1779839820,185.316,185.318,185.306,185.306,57
1779839880,185.306,185.311,185.305,185.31,51
1779839940,185.311,185.312,185.307,185.311,67
1779840000,185.311,185.318,185.303,185.316,156
1779840060,185.313,185.319,185.304,185.308,118
1779840120,185.307,185.312,185.297,185.308,114
1779840180,185.309,185.309,185.297,185.3,106
1779840240,185.299,185.303,185.298,185.299,70
1779840300,185.301,185.306,185.297,185.298,56
1779840360,185.299,185.316,185.299,185.314,98
1779840420,185.313,185.319,185.305,185.31,89
1779840480,185.309,185.314,185.309,185.312,35
1779840540,185.312,185.312,185.302,185.303,49
1779840660,185.291,185.296,185.291,185.294,61
1779840720,185.296,185.305,185.289,185.294,76
1779840840,185.309,185.309,185.309,185.309,2
1779840900,185.312,185.32,185.312,185.313,53
1779841020,185.306,185.307,185.293,185.3,100
1779841080,185.305,185.306,185.299,185.303,76
1779841140,185.304,185.305,185.298,185.3,78
1779841260,185.29,185.301,185.288,185.3,65
1779841320,185.294,185.294,185.284,185.289,52
1779841380,185.29,185.292,185.28,185.283,58
1779841440,185.286,185.293,185.273,185.273,55
1779841500,185.273,185.279,185.272,185.278,62
1779841620,185.279,185.285,185.279,185.28,60
1779841680,185.287,185.295,185.286,185.294,85
1779841740,185.293,185.295,185.29,185.292,46
1779841800,185.296,185.299,185.289,185.297,84
1779841860,185.295,185.312,185.291,185.293,93
1779841980,185.301,185.303,185.298,185.302,40
1779842040,185.309,185.315,185.298,185.306,46
1779842100,185.304,185.307,185.301,185.304,62
1779842160,185.303,185.306,185.299,185.304,68
1779842220,185.314,185.332,185.314,185.322,68
1779842340,185.314,185.324,185.314,185.32,50
1779842460,185.308,185.312,185.308,185.309,58
1779842520,185.31,185.311,185.302,185.304,54
1779842580,185.303,185.309,185.299,185.308,61
1779842640,185.307,185.321,185.307,185.321,50
1779842700,185.322,185.329,185.315,185.327,78
1779842820,185.331,185.335,185.33,185.331,64
1779842880,185.332,185.337,185.33,185.332,64
1779842940,185.339,185.352,185.339,185.341,94
1779843120,185.361,185.378,185.354,185.377,80
1779843180,185.375,185.395,185.374,185.383,126
1779843240,185.381,185.417,185.381,185.402,216
1779843300,185.378,185.379,185.358,185.376,152
1779843420,185.368,185.37,185.35,185.35,60
1779843480,185.358,185.364,185.347,185.347,88
1779843540,185.358,185.369,185.352,185.366,78
1779843600,185.369,185.379,185.361,185.374,123
1779843660,185.373,185.373,185.347,185.347,118
1779843720,185.348,185.352,185.343,185.35,110
1779843780,185.351,185.351,185.332,185.335,104
1779843960,185.33,185.334,185.326,185.334,67
1779844020,185.33,185.334,185.329,185.333,86
1779844080,185.328,185.332,185.322,185.325,97
1779844140,185.324,185.327,185.314,185.315,71
1779844200,185.322,185.329,185.322,185.324,75
1779844260,185.325,185.329,185.322,185.326,46
1779844320,185.327,185.328,185.326,185.327,50
1779844380,185.331,185.336,185.326,185.333,54
1779844440,185.337,185.341,185.335,185.336,56
1779844500,185.335,185.336,185.323,185.324,90
1779844560,185.325,185.327,185.314,185.314,82
1779844680,185.324,185.327,185.323,185.323,48
1779844740,185.324,185.325,185.315,185.316,58
1779844800,185.315,185.319,185.309,185.311,62
1779844860,185.31,185.318,185.309,185.309,78
1779844920,185.308,185.31,185.304,185.31,70
1779844980,185.314,185.319,185.314,185.318,42
1779845040,185.324,185.325,185.324,185.324,6
1779845160,185.313,185.313,185.302,185.304,58
1779845220,185.301,185.316,185.299,185.312,50
1779845280,185.318,185.325,185.303,185.308,96
1779845340,185.31,185.315,185.309,185.313,56
1779845400,185.315,185.327,185.3,185.309,178
1779845520,185.301,185.323,185.299,185.322,89
1779845580,185.32,185.321,185.298,185.313,120
1779845640,185.314,185.316,185.304,185.304,134
1779845700,185.302,185.309,185.292,185.303,97
1779845760,185.309,185.314,185.303,185.303,82
1779845820,185.302,185.31,185.297,185.309,45
1779845880,185.31,185.312,185.294,185.295,61
1779845940,185.289,185.296,185.287,185.296,82
1779846000,185.288,185.3,185.287,185.299,113
1779846060,185.3,185.304,185.297,185.304,102
1779846120,185.302,185.307,185.3,185.3,76
1779846180,185.304,185.306,185.303,185.303,50
1779846240,185.304,185.304,185.301,185.301,48
1779846300,185.306,185.31,185.301,185.302,62
1779846360,185.303,185.305,185.286,185.287,52
1779846420,185.288,185.298,185.288,185.291,52
1779846480,185.29,185.305,185.288,185.304,94
1779846660,185.307,185.307,185.298,185.305,73
1779846720,185.307,185.316,185.305,185.316,79
1779846780,185.32,185.321,185.314,185.316,100
1779846840,185.317,185.319,185.311,185.316,71
1779847020,185.312,185.324,185.31,185.324,43
1779847080,185.318,185.333,185.318,185.331,73
1779847140,185.32,185.327,185.32,185.325,79
1779847200,185.326,185.348,185.323,185.34,197
1779847260,185.342,185.355,185.336,185.346,129
1779847320,185.347,185.355,185.343,185.346,139
1779847440,185.356,185.365,185.352,185.358,99
1779847500,185.355,185.355,185.346,185.348,114
1779847560,185.349,185.359,185.348,185.359,82
1779847620,185.36,185.368,185.355,185.368,103
1779847680,185.369,185.372,185.362,185.369,50
1779847740,185.367,185.368,185.357,185.359,49
1779847860,185.357,185.36,185.342,185.343,58
1779847920,185.34,185.345,185.333,185.335,92
1779847980,185.335,185.335,185.312,185.313,109
1779848040,185.312,185.315,185.307,185.308,52
1779848100,185.314,185.325,185.313,185.317,90
1779848220,185.316,185.323,185.315,185.32,38
1779848280,185.322,185.331,185.317,185.329,62
1779848340,185.329,185.333,185.316,185.316,94
1779848400,185.315,185.327,185.315,185.327,91
1779848460,185.326,185.334,185.325,185.328,94
1779848520,185.327,185.328,185.321,185.325,58
1779848580,185.333,185.339,185.331,185.338,54
1779848640,185.336,185.339,185.326,185.331,76
1779848700,185.333,185.341,185.333,185.339,70
1779848820,185.342,185.344,185.337,185.338,30
1779848880,185.337,185.337,185.335,185.336,20
1779848940,185.332,185.333,185.327,185.327,52
1779849000,185.334,185.338,185.328,185.336,126
1779849060,185.337,185.339,185.322,185.324,92
1779849180,185.327,185.336,185.321,185.322,65
1779849240,185.319,185.324,185.317,185.323,47
1779849300,185.323,185.328,185.306,185.307,88
1779849360,185.308,185.312,185.3,185.302,92
1779849420,185.3,185.302,185.285,185.288,78
1779849480,185.288,185.292,185.288,185.292,30
1779849540,185.294,185.303,185.293,185.302,57
1779849660,185.298,185.3,185.29,185.299,41
1779849720,185.3,185.302,185.298,185.301,68
1779849780,185.302,185.302,185.296,185.299,60
1779849840,185.3,185.302,185.297,185.297,36
1779849900,185.296,185.304,185.296,185.299,42
1779850020,185.301,185.301,185.284,185.284,54
1779850080,185.286,185.299,185.286,185.295,49
1779850140,185.293,185.298,185.293,185.298,28
1779850200,185.303,185.309,185.302,185.308,26
1779850260,185.307,185.308,185.293,185.299,26
1779850320,185.3,185.308,185.3,185.301,60
1779850380,185.306,185.317,185.306,185.317,41
1779850440,185.316,185.321,185.314,185.32,38
1779850500,185.319,185.326,185.307,185.31,86
1779850620,185.306,185.309,185.302,185.302,46
1779850680,185.307,185.311,185.296,185.3,57
1779850740,185.303,185.312,185.303,185.311,56
1779850800,185.31,185.313,185.308,185.311,80
1779850860,185.312,185.312,185.286,185.294,95
1779850920,185.295,185.304,185.294,185.302,88
1779850980,185.301,185.339,185.301,185.328,89
1779851040,185.326,185.334,185.322,185.326,94
1779851100,185.329,185.331,185.313,185.331,130
1779851220,185.319,185.326,185.317,185.318,46
1779851280,185.321,185.321,185.315,185.315,48
1779851340,185.321,185.323,185.313,185.319,75
1779851460,185.315,185.316,185.3,185.307,61
1779851580,185.301,185.306,185.301,185.306,22
1779851640,185.299,185.304,185.292,185.292,42
1779851700,185.297,185.305,185.297,185.303,53
1779851820,185.3,185.301,185.289,185.298,85
1779851880,185.301,185.303,185.297,185.297,38
1779851940,185.296,185.301,185.295,185.298,46
1779852000,185.297,185.302,185.294,185.294,38
1779852060,185.295,185.296,185.283,185.284,32
1779852120,185.285,185.29,185.284,185.289,34
1779852180,185.279,185.281,185.275,185.281,51
1779852240,185.279,185.283,185.278,185.282,41
1779852300,185.286,185.287,185.278,185.281,74
1779852360,185.286,185.292,185.279,185.284,60
1779852420,185.282,185.286,185.282,185.286,28
1779852480,185.279,185.287,185.279,185.284,54
1779852540,185.282,185.295,185.281,185.292,54
1779852600,185.293,185.303,185.289,185.289,102
1779852720,185.284,185.284,185.276,185.281,62
1779852840,185.282,185.29,185.28,185.289,43
1779852960,185.284,185.285,185.282,185.285,20
1779853020,185.283,185.293,185.281,185.289,48
1779853080,185.293,185.293,185.279,185.285,53
1779853140,185.288,185.29,185.286,185.29,27
1779853200,185.292,185.293,185.286,185.288,32
1779853320,185.292,185.3,185.291,185.3,40
1779853380,185.297,185.306,185.274,185.276,72
1779853440,185.283,185.29,185.281,185.29,54
1779853500,185.292,185.295,185.289,185.293,44
1779853560,185.294,185.301,185.293,185.3,57
1779853680,185.303,185.303,185.29,185.291,48
1779853740,185.298,185.3,185.297,185.298,40
1779853800,185.293,185.295,185.289,185.294,46
1779853920,185.3,185.306,185.299,185.306,24
1779853980,185.303,185.308,185.303,185.307,24
1779854040,185.303,185.305,185.299,185.304,29
1779854160,185.291,185.295,185.29,185.295,39
1779854280,185.29,185.295,185.29,185.294,25
1779854340,185.293,185.297,185.293,185.295,33
1779854400,185.293,185.302,185.289,185.297,63
1779854460,185.296,185.301,185.295,185.297,46
1779854520,185.298,185.299,185.292,185.292,68
1779854640,185.298,185.3,185.295,185.299,32
1779854760,185.308,185.313,185.308,185.312,29
1779854820,185.314,185.316,185.313,185.316,14
1779854880,185.321,185.321,185.317,185.318,34
1779855060,185.316,185.316,185.314,185.315,38
1779855120,185.317,185.325,185.317,185.324,44
1779855180,185.325,185.328,185.323,185.325,32
1779855240,185.324,185.328,185.324,185.326,34
1779855300,185.326,185.326,185.322,185.322,34
1779855360,185.321,185.326,185.321,185.325,36
1779855480,185.322,185.322,185.305,185.306,47
1779855540,185.306,185.321,185.306,185.319,50
1779855660,185.309,185.32,185.309,185.319,51
1779855780,185.317,185.317,185.317,185.317,2
1779855840,185.325,185.325,185.323,185.323,5
1779855900,185.318,185.318,185.309,185.314,59
1779855960,185.313,185.318,185.312,185.314,37
1779856020,185.32,185.323,185.317,185.322,73
1779856140,185.323,185.331,185.323,185.327,45
1779856200,185.322,185.329,185.32,185.328,35
1779856260,185.329,185.337,185.325,185.327,90
1779856320,185.328,185.334,185.327,185.333,44
1779856380,185.331,185.344,185.33,185.344,36
1779856440,185.344,185.35,185.343,185.345,56
1779856500,185.344,185.355,185.341,185.355,45
1779856560,185.353,185.357,185.351,185.355,47
1779856620,185.353,185.36,185.345,185.345,32
1779856680,185.346,185.364,185.344,185.363,42
1779856740,185.367,185.374,185.365,185.372,54
1779856800,185.372,185.373,185.368,185.368,42
1779856860,185.37,185.374,185.367,185.368,49
1779856920,185.369,185.37,185.368,185.368,28
1779856980,185.37,185.374,185.369,185.374,20
1779857040,185.369,185.376,185.369,185.374,32
1779857100,185.37,185.378,185.369,185.376,44
1779857160,185.377,185.383,185.376,185.383,48
1779857220,185.385,185.388,185.369,185.372,71
1779857280,185.371,185.374,185.371,185.373,23
1779857340,185.376,185.382,185.373,185.377,33
1779857460,185.376,185.377,185.373,185.373,16
1779857520,185.375,185.376,185.374,185.376,44
1779857580,185.374,185.379,185.363,185.368,110
1779857640,185.367,185.369,185.363,185.365,49
1779857700,185.366,185.371,185.363,185.368,70
1779857760,185.367,185.368,185.354,185.356,27
1779857820,185.355,185.36,185.352,185.357,58
1779857880,185.36,185.369,185.36,185.361,74
1779857940,185.368,185.376,185.368,185.375,47
1779858000,185.375,185.378,185.37,185.373,70
1779858060,185.372,185.389,185.372,185.386,81
1779858120,185.387,185.389,185.378,185.385,69
1779858180,185.385,185.386,185.376,185.377,48
1779858240,185.378,185.407,185.378,185.407,87
1779858300,185.406,185.407,185.401,185.406,76
1779858420,185.405,185.416,185.403,185.41,58
1779858480,185.412,185.413,185.409,185.412,48
1779858540,185.412,185.415,185.412,185.413,30
1779858660,185.415,185.417,185.414,185.415,40
1779858780,185.413,185.417,185.413,185.414,42
1779858840,185.414,185.416,185.413,185.415,52
1779858900,185.417,185.418,185.411,185.418,88
1779859020,185.397,185.406,185.396,185.405,52
1779859140,185.406,185.41,185.405,185.41,19
1779859260,185.422,185.43,185.42,185.429,34
1779859320,185.433,185.442,185.431,185.442,34
1779859380,185.442,185.442,185.437,185.439,20
1779859440,185.442,185.453,185.442,185.448,30
1779859560,185.442,185.448,185.442,185.448,58
1779859620,185.447,185.452,185.446,185.45,42
1779859680,185.451,185.451,185.443,185.445,28
1779859740,185.445,185.455,185.442,185.444,115
1779859800,185.45,185.451,185.443,185.444,66
1779859920,185.451,185.454,185.445,185.446,48
1779859980,185.443,185.444,185.428,185.433,82
1779860040,185.431,185.435,185.428,185.432,88
1779860160,185.429,185.454,185.428,185.447,114
1779860280,185.44,185.442,185.44,185.441,32
1779860340,185.444,185.444,185.44,185.443,46
1779860400,185.444,185.445,185.441,185.444,56
1779860460,185.443,185.444,185.436,185.441,41
1779860520,185.446,185.451,185.437,185.447,81
1779860580,185.445,185.449,185.445,185.447,35
1779860640,185.445,185.447,185.441,185.443,46
1779860700,185.451,185.454,185.44,185.452,110
1779860760,185.453,185.461,185.453,185.46,72
1779860820,185.461,185.465,185.46,185.464,45
1779860880,185.466,185.47,185.459,185.468,63
1779860940,185.468,185.468,185.443,185.448,91
1779861000,185.448,185.477,185.448,185.472,67
1779861060,185.473,185.479,185.464,185.472,48
1779861120,185.487,185.492,185.485,185.491,48
1779861180,185.492,185.495,185.488,185.488,46
1779861240,185.49,185.494,185.489,185.491,39
1779861420,185.491,185.491,185.465,185.465,53
1779861480,185.456,185.469,185.454,185.469,42
1779861540,185.461,185.465,185.458,185.465,69
1779861600,185.479,185.487,185.456,185.462,129
1779861660,185.461,185.467,185.459,185.459,79
1779861720,185.46,185.466,185.451,185.462,108
1779861840,185.47,185.473,185.453,185.458,73
1779861960,185.475,185.485,185.473,185.482,54
1779862020,185.483,185.494,185.477,185.491,79
1779862140,185.485,185.494,185.484,185.488,53
1779862260,185.501,185.502,185.49,185.49,48
1779862320,185.489,185.5,185.488,185.497,67
1779862380,185.497,185.497,185.486,185.488,56
1779862440,185.486,185.488,185.473,185.475,62
1779862500,185.477,185.489,185.477,185.485,84
1779862560,185.486,185.491,185.481,185.482,86
1779862680,185.49,185.49,185.478,185.479,44
1779862740,185.481,185.487,185.48,185.486,52
1779862860,185.486,185.489,185.472,185.475,94
1779862920,185.47,185.482,185.465,185.482,98
1779862980,185.483,185.491,185.47,185.491,98
1779863040,185.492,185.493,185.485,185.485,34
1779863100,185.48,185.487,185.475,185.484,87
1779863160,185.482,185.488,185.48,185.487,44
1779863220,185.485,185.488,185.483,185.487,49
1779863280,185.488,185.491,185.483,185.488,75
1779863340,185.477,185.485,185.474,185.482,92
1779863400,185.479,185.488,185.479,185.483,105
1779863460,185.485,185.493,185.484,185.485,92
1779863580,185.482,185.488,185.48,185.488,61
1779863640,185.494,185.496,185.489,185.489,79
1779863700,185.497,185.5,185.495,185.496,61
1779863760,185.497,185.503,185.49,185.503,85
1779863880,185.504,185.504,185.504,185.504,2
1779863940,185.504,185.519,185.504,185.517,74
1779864060,185.52,185.522,185.513,185.52,68
1779864120,185.514,185.523,185.507,185.522,49
1779864180,185.523,185.534,185.521,185.525,71
1779864240,185.523,185.549,185.519,185.548,91
1779864300,185.54,185.56,185.54,185.555,112
1779864420,185.559,185.582,185.559,185.577,58
1779864480,185.58,185.581,185.574,185.575,62
1779864540,185.562,185.562,185.538,185.544,80
1779864660,185.547,185.558,185.546,185.557,82
1779864780,185.547,185.557,185.546,185.557,45
1779864840,185.561,185.561,185.54,185.541,85
1779864900,185.547,185.568,185.544,185.567,87
1779864960,185.568,185.576,185.564,185.574,71
1779865020,185.568,185.57,185.548,185.552,110
1779865080,185.555,185.562,185.554,185.555,93
1779865140,185.557,185.579,185.557,185.574,101
1779865200,185.578,185.607,185.569,185.607,167
1779865260,185.608,185.613,185.592,185.608,116
1779865380,185.596,185.598,185.59,185.59,81
1779865440,185.585,185.59,185.572,185.575,71
1779865500,185.58,185.589,185.57,185.583,97
1779865620,185.583,185.606,185.582,185.589,68
1779865680,185.584,185.584,185.575,185.583,64
1779865740,185.57,185.57,185.552,185.555,96
1779865860,185.565,185.575,185.558,185.56,81
1779865980,185.555,185.555,185.555,185.555,2
1779866040,185.537,185.551,185.537,185.548,48
1779866100,185.55,185.55,185.539,185.545,61
1779866220,185.518,185.522,185.507,185.517,108
1779866340,185.523,185.523,185.523,185.523,1
1779866460,185.52,185.527,185.52,185.527,78
1779866520,185.527,185.536,185.522,185.535,62
1779866580,185.537,185.539,185.535,185.538,48
1779866640,185.543,185.548,185.542,185.544,90
1779866700,185.545,185.56,185.543,185.56,102
1779866820,185.567,185.59,185.566,185.59,74
1779866880,185.567,185.568,185.552,185.553,70
1779866940,185.551,185.563,185.551,185.562,61
1779867000,185.563,185.568,185.549,185.55,106
1779867060,185.551,185.557,185.544,185.55,100
1779867180,185.515,185.528,185.514,185.527,74
1779867240,185.533,185.533,185.518,185.528,76
1779867360,185.535,185.545,185.535,185.545,53
1779867420,185.546,185.557,185.538,185.546,77
1779867480,185.546,185.565,185.546,185.554,88
1779867540,185.542,185.558,185.542,185.557,105
1779867660,185.561,185.565,185.548,185.55,36
1779867720,185.551,185.557,185.551,185.557,56
1779867780,185.561,185.578,185.558,185.577,84
1779867840,185.581,185.586,185.577,185.581,76
1779867900,185.583,185.584,185.575,185.582,62
1779867960,185.575,185.587,185.569,185.571,108
1779868080,185.556,185.561,185.55,185.552,53
1779868140,185.546,185.558,185.541,185.558,85
1779868200,185.557,185.565,185.55,185.561,87
1779868260,185.561,185.566,185.55,185.55,115
1779868320,185.553,185.556,185.539,185.54,88
1779868440,185.547,185.548,185.544,185.544,37
1779868560,185.525,185.525,185.507,185.514,90
1779868620,185.516,185.521,185.501,185.502,101
1779868680,185.501,185.509,185.499,185.505,95
1779868740,185.505,185.509,185.496,185.501,142
1779868800,185.502,185.506,185.461,185.484,165
1779868860,185.479,185.496,185.475,185.488,142
1779868920,185.486,185.502,185.486,185.491,108
1779868980,185.489,185.494,185.468,185.477,94
1779869040,185.48,185.487,185.474,185.487,70
1779869100,185.488,185.496,185.486,185.496,86
1779869160,185.499,185.507,185.486,185.493,90
1779869220,185.492,185.505,185.492,185.504,43
1779869280,185.505,185.514,185.496,185.496,59
1779869340,185.502,185.504,185.491,185.493,51
1779869400,185.491,185.499,185.483,185.497,98
1779869460,185.498,185.522,185.494,185.522,82
1779869520,185.521,185.551,185.521,185.551,122
1779869580,185.55,185.557,185.55,185.557,72
1779869640,185.55,185.568,185.548,185.568,62
1779869700,185.566,185.583,185.566,185.582,107
1779869760,185.583,185.591,185.577,185.58,86
1779869820,185.583,185.6,185.583,185.592,86
1779869880,185.588,185.599,185.575,185.585,109
1779869940,185.587,185.599,185.578,185.58,102
1779870000,185.58,185.616,185.58,185.613,141
1779870060,185.615,185.624,185.615,185.621,64
1779870120,185.633,185.654,185.631,185.654,74
1779870180,185.654,185.668,185.641,185.646,127
1779870240,185.671,185.674,185.657,185.658,110
1779870420,185.64,185.656,185.64,185.656,32
1779870480,185.645,185.656,185.64,185.643,68
1779870540,185.648,185.7,185.648,185.697,95
1779870600,185.693,185.693,185.655,185.664,116
1779870720,185.645,185.652,185.643,185.651,58
1779870840,185.643,185.643,185.643,185.643,2
1779870960,185.625,185.625,185.608,185.611,58
1779871020,185.609,185.624,185.609,185.618,76
1779871080,185.619,185.626,185.614,185.616,74
1779871140,185.616,185.616,185.591,185.597,100
1779871200,185.601,185.605,185.594,185.596,96
1779871320,185.597,185.6,185.592,185.594,42
1779871380,185.595,185.599,185.59,185.592,60
1779871440,185.595,185.61,185.595,185.61,54
1779871500,185.62,185.633,185.617,185.626,80
1779871560,185.627,185.628,185.609,185.61,82
1779871680,185.585,185.595,185.585,185.589,60
1779871740,185.588,185.592,185.586,185.59,38
1779871860,185.591,185.596,185.588,185.594,74
1779871920,185.6,185.624,185.6,185.62,118
1779871980,185.612,185.612,185.596,185.602,92
1779872040,185.603,185.605,185.597,185.602,48
1779872100,185.595,185.601,185.59,185.599,82
1779872160,185.598,185.607,185.597,185.603,58
1779872220,185.59,185.591,185.582,185.588,80
1779872280,185.594,185.611,185.592,185.611,89
1779872340,185.607,185.613,185.601,185.613,115
1779872400,185.61,185.616,185.593,185.601,102
1779872460,185.602,185.613,185.602,185.606,94
1779872520,185.607,185.612,185.584,185.584,106
1779872580,185.585,185.602,185.584,185.601,87
1779872640,185.602,185.604,185.595,185.597,71
1779872700,185.595,185.604,185.581,185.586,85
1779872820,185.581,185.581,185.575,185.576,52
1779872880,185.576,185.578,185.572,185.576,42
1779872940,185.581,185.587,185.58,185.58,86
1779873060,185.566,185.567,185.558,185.563,73
1779873120,185.565,185.565,185.549,185.554,86
1779873180,185.553,185.556,185.544,185.546,89
1779873240,185.547,185.548,185.529,185.53,84
1779873300,185.535,185.54,185.522,185.535,83
1779873420,185.538,185.56,185.538,185.555,80
1779873480,185.555,185.559,185.533,185.535,106
1779873540,185.537,185.548,185.535,185.544,80
1779873660,185.55,185.564,185.549,185.557,74
1779873720,185.557,185.557,185.544,185.547,78
1779873780,185.553,185.556,185.543,185.549,76
1779873840,185.552,185.554,185.541,185.541,71
1779873900,185.54,185.547,185.537,185.545,81
1779874020,185.535,185.536,185.53,185.53,40
1779874080,185.534,185.546,185.532,185.542,64
1779874140,185.543,185.559,185.543,185.557,83
1779874200,185.551,185.551,185.541,185.544,103
1779874260,185.545,185.556,185.544,185.555,70
1779874380,185.558,185.559,185.545,185.546,54
1779874440,185.543,185.551,185.538,185.539,80
1779874500,185.544,185.551,185.534,185.547,79
1779874560,185.548,185.548,185.538,185.539,47
1779874620,185.54,185.544,185.538,185.539,92
1779874680,185.544,185.557,185.544,185.555,54
1779874740,185.557,185.563,185.55,185.553,66
1779874860,185.551,185.553,185.545,185.549,44
1779874920,185.552,185.553,185.549,185.551,44
1779874980,185.552,185.552,185.542,185.55,54
1779875040,185.549,185.554,185.549,185.553,30
1779875100,185.552,185.553,185.54,185.541,72
1779875160,185.543,185.55,185.543,185.548,54
1779875220,185.549,185.552,185.546,185.546,62
1779875280,185.548,185.553,185.547,185.549,34
1779875340,185.55,185.556,185.549,185.553,48
1779875460,185.56,185.564,185.556,185.562,62
1779875580,185.557,185.56,185.557,185.557,20
1779875640,185.575,185.583,185.573,185.58,68
1779875700,185.585,185.599,185.585,185.595,70
1779875760,185.591,185.592,185.574,185.589,78
1779875820,185.59,185.59,185.571,185.571,78
1779875940,185.585,185.587,185.578,185.582,67
1779876000,185.564,185.564,185.554,185.557,108
1779876060,185.558,185.56,185.547,185.549,102
1779876180,185.544,185.558,185.544,185.547,87
1779876240,185.545,185.553,185.545,185.549,100
1779876420,185.556,185.558,185.551,185.556,63
1779876480,185.549,185.553,185.541,185.553,88
1779876540,185.557,185.557,185.549,185.55,86
1779876660,185.541,185.551,185.539,185.545,59
1779876780,185.555,185.556,185.551,185.551,52
1779876840,185.548,185.55,185.54,185.542,42
1779876900,185.544,185.549,185.539,185.544,95
1779877020,185.528,185.534,185.527,185.532,73
1779877080,185.529,185.532,185.521,185.522,75
1779877140,185.526,185.534,185.513,185.514,66
1779877200,185.513,185.513,185.492,185.493,79
1779877260,185.494,185.495,185.478,185.478,68
1779877320,185.476,185.483,185.476,185.482,69
1779877380,185.479,185.481,185.461,185.462,60
1779877440,185.466,185.488,185.463,185.487,86
1779877500,185.494,185.497,185.483,185.497,68
1779877560,185.498,185.5,185.496,185.497,60
1779877620,185.496,185.497,185.489,185.489,35
1779877680,185.5,185.503,185.478,185.483,63
1779877740,185.487,185.487,185.479,185.481,56
1779877800,185.475,185.479,185.469,185.472,87
1779877920,185.489,185.49,185.482,185.489,69
1779877980,185.493,185.505,185.493,185.5,75
1779878040,185.499,185.517,185.498,185.507,80
1779878160,185.488,185.495,185.485,185.49,52
1779878220,185.493,185.501,185.492,185.493,48
1779878280,185.493,185.511,185.493,185.51,52
1779878340,185.505,185.506,185.466,185.47,118
1779878520,185.47,185.485,185.468,185.485,48
1779878580,185.486,185.494,185.485,185.494,30
1779878640,185.489,185.493,185.487,185.492,47
1779878700,185.497,185.51,185.495,185.509,94
1779878760,185.508,185.508,185.479,185.483,101
1779878880,185.478,185.491,185.476,185.487,53
1779878940,185.477,185.49,185.477,185.477,82
1779879000,185.479,185.483,185.473,185.475,80
1779879060,185.474,185.478,185.464,185.467,77
1779879120,185.459,185.461,185.454,185.461,75
1779879240,185.471,185.483,185.471,185.479,44
1779879360,185.487,185.493,185.48,185.486,66
1779879420,185.497,185.51,185.494,185.508,33
1779879480,185.51,185.51,185.502,185.503,69
1779879540,185.501,185.517,185.501,185.506,89
1779879600,185.512,185.524,185.501,185.508,86
1779879660,185.501,185.502,185.495,185.498,90
1779879720,185.499,185.503,185.494,185.496,130
1779879840,185.506,185.515,185.502,185.512,88
1779879960,185.497,185.504,185.496,185.5,99
1779880080,185.503,185.509,185.499,185.509,38
1779880140,185.518,185.52,185.514,185.518,71
1779880260,185.501,185.51,185.485,185.508,97
1779880320,185.513,185.525,185.507,185.525,118
1779880380,185.531,185.537,185.525,185.537,89
1779880440,185.534,185.543,185.53,185.54,83
1779880620,185.542,185.543,185.529,185.534,93
1779880680,185.539,185.543,185.535,185.538,65
1779880740,185.538,185.542,185.516,185.524,115
1779880800,185.524,185.526,185.507,185.513,93
1779880860,185.512,185.519,185.5,185.5,125
1779880920,185.499,185.508,185.498,185.504,86
1779880980,185.511,185.518,185.503,185.503,99
1779881040,185.511,185.533,185.51,185.533,78
1779881100,185.533,185.543,185.526,185.539,122
1779881160,185.54,185.55,185.533,185.541,104
1779881280,185.536,185.536,185.536,185.536,1
1779881340,185.536,185.538,185.529,185.529,53
1779881400,185.533,185.546,185.52,185.546,106
1779881460,185.547,185.558,185.535,185.535,146
1779881520,185.536,185.55,185.532,185.535,94
1779881580,185.536,185.536,185.522,185.523,76
1779881700,185.524,185.524,185.524,185.524,1
1779881760,185.55,185.552,185.544,185.55,57
1779881820,185.545,185.547,185.533,185.541,84
1779881880,185.534,185.545,185.534,185.535,64
1779881940,185.525,185.539,185.525,185.539,78
1779882000,185.536,185.536,185.519,185.53,121
1779882060,185.531,185.541,185.523,185.539,107
1779882120,185.54,185.54,185.531,185.534,68
1779882180,185.536,185.547,185.529,185.546,71
1779882240,185.544,185.556,185.544,185.549,88
1779882300,185.549,185.556,185.544,185.556,97
1779882420,185.561,185.563,185.548,185.555,107
1779882540,185.556,185.558,185.556,185.558,5
1779882660,185.552,185.554,185.541,185.541,52
1779882720,185.546,185.555,185.543,185.546,92
1779882780,185.543,185.551,185.54,185.55,145
1779882840,185.544,185.556,185.534,185.534,129
1779882900,185.534,185.535,185.48,185.483,147
1779882960,185.482,185.506,185.482,185.49,99
1779883020,185.495,185.514,185.492,185.5,109
1779883080,185.525,185.545,185.524,185.543,125
1779883140,185.539,185.543,185.528,185.542,110
1779883200,185.54,185.552,185.53,185.534,196
1779883260,185.536,185.541,185.524,185.54,184
1779883320,185.539,185.543,185.531,185.538,133
1779883380,185.537,185.542,185.53,185.531,120
1779883440,185.531,185.538,185.531,185.536,39
1779883500,185.534,185.539,185.531,185.536,82
1779883560,185.537,185.555,185.535,185.554,99
1779883620,185.545,185.553,185.542,185.549,113
1779883740,185.547,185.547,185.547,185.547,1
1779883860,185.515,185.532,185.515,185.524,84
1779883920,185.539,185.54,185.52,185.53,79
1779883980,185.532,185.557,185.532,185.548,121
1779884040,185.537,185.553,185.53,185.546,123
1779884100,185.55,185.553,185.509,185.51,138
1779884160,185.512,185.54,185.51,185.532,128
1779884220,185.534,185.545,185.534,185.54,93
1779884280,185.54,185.597,185.531,185.587,193
1779884340,185.586,185.601,185.558,185.562,222
1779884520,185.658,185.704,185.658,185.701,169
1779884580,185.669,185.694,185.658,185.674,181
1779884640,185.626,185.626,185.59,185.594,170
1779884700,185.617,185.681,185.613,185.681,241
1779884760,185.68,185.693,185.664,185.672,208
1779884820,185.661,185.678,185.644,185.648,217
1779884940,185.703,185.718,185.696,185.71,123
1779885120,185.727,185.733,185.694,185.702,172
1779885180,185.707,185.729,185.705,185.726,187
1779885240,185.733,185.741,185.719,185.74,168
1779885360,185.745,185.775,185.743,185.76,171
1779885420,185.773,185.784,185.755,185.763,165
1779885480,185.751,185.758,185.746,185.746,124
1779885540,185.767,185.769,185.744,185.755,128
1779885600,185.751,185.758,185.739,185.739,179
1779885720,185.754,185.767,185.746,185.76,125
1779885780,185.729,185.744,185.729,185.739,98
1779885840,185.733,185.746,185.73,185.732,152
1779885900,185.728,185.74,185.715,185.718,182
1779885960,185.716,185.722,185.703,185.715,134
1779886080,185.717,185.717,185.685,185.688,94
1779886140,185.697,185.705,185.681,185.689,113
1779886200,185.699,185.7,185.68,185.688,147
1779886260,185.688,185.714,185.684,185.71,132
1779886320,185.713,185.742,185.711,185.741,140
1779886380,185.739,185.744,185.719,185.726,149
1779886440,185.725,185.753,185.722,185.75,181
1779886560,185.724,185.742,185.721,185.742,93
1779886620,185.718,185.72,185.699,185.703,91
1779886680,185.708,185.711,185.693,185.694,90
1779886740,185.66,185.67,185.595,185.603,172
1779886800,185.619,185.662,185.619,185.655,194
1779886860,185.655,185.655,185.627,185.628,183
1779886920,185.627,185.664,185.623,185.659,195
1779886980,185.659,185.67,185.652,185.667,172
1779887040,185.664,185.664,185.625,185.631,185
1779887220,185.614,185.635,185.605,185.633,152
1779887280,185.63,185.635,185.602,185.617,111
1779887340,185.623,185.642,185.62,185.627,151
1779887400,185.628,185.651,185.628,185.644,164
1779887460,185.645,185.647,185.616,185.631,110
1779887520,185.631,185.636,185.629,185.629,80
1779887580,185.625,185.633,185.613,185.63,91
1779887640,185.628,185.637,185.619,185.635,136
1779887700,185.638,185.65,185.638,185.65,118
1779887760,185.649,185.654,185.628,185.653,166
1779887880,185.646,185.666,185.646,185.649,90
1779887940,185.663,185.671,185.655,185.66,121
1779888000,185.642,185.645,185.599,185.599,173
1779888060,185.594,185.625,185.594,185.601,153
1779888180,185.586,185.6,185.581,185.599,78
1779888240,185.601,185.62,185.6,185.616,101
1779888360,185.614,185.633,185.604,185.63,127
1779888420,185.642,185.643,185.571,185.576,182
1779888480,185.58,185.597,185.578,185.579,132
1779888540,185.58,185.581,185.562,185.564,104
1779888600,185.577,185.595,185.557,185.565,209
1779888660,185.566,185.6,185.565,185.6,191
1779888720,185.601,185.621,185.591,185.611,169
1779888780,185.611,185.644,185.611,185.626,165
1779888840,185.62,185.632,185.612,185.63,147
1779889020,185.603,185.611,185.6,185.608,117
1779889080,185.617,185.619,185.598,185.601,119
1779889140,185.602,185.614,185.6,185.603,137
1779889200,185.605,185.631,185.605,185.627,164
1779889260,185.628,185.634,185.617,185.63,131
1779889320,185.63,185.637,185.614,185.621,164
1779889440,185.591,185.597,185.58,185.582,95
1779889500,185.586,185.612,185.582,185.611,177
1779889560,185.612,185.621,185.599,185.613,207
1779889680,185.617,185.619,185.594,185.599,151
1779889740,185.589,185.597,185.572,185.593,169
1779889800,185.593,185.609,185.579,185.581,152
1779889860,185.582,185.601,185.563,185.565,151
1779889920,185.566,185.567,185.534,185.534,95
1779889980,185.554,185.557,185.538,185.557,115
1779890040,185.537,185.54,185.518,185.522,171
1779890100,185.523,185.527,185.511,185.513,145
1779890160,185.515,185.521,185.496,185.51,169
1779890220,185.511,185.521,185.495,185.521,168
1779890280,185.52,185.535,185.513,185.531,104
1779890340,185.529,185.553,185.527,185.541,112
1779890400,185.543,185.558,185.531,185.551,211
1779890460,185.552,185.558,185.542,185.548,180
1779890520,185.549,185.551,185.52,185.524,169
1779890580,185.525,185.536,185.509,185.515,168
1779890640,185.514,185.517,185.496,185.517,163
1779890700,185.52,185.542,185.515,185.533,180
1779890820,185.537,185.554,185.522,185.533,134
1779890880,185.516,185.543,185.516,185.54,155
1779890940,185.548,185.575,185.548,185.567,162
1779891000,185.581,185.597,185.569,185.591,147
1779891060,185.591,185.603,185.591,185.601,147
1779891120,185.6,185.614,185.6,185.609,114
1779891180,185.616,185.628,185.611,185.627,94
1779891240,185.643,185.661,185.642,185.656,135
1779891300,185.651,185.656,185.638,185.64,133
1779891480,185.651,185.668,185.644,185.664,90
1779891540,185.686,185.691,185.673,185.687,104
1779891660,185.684,185.695,185.684,185.687,122
1779891780,185.674,185.677,185.661,185.665,101
1779891840,185.663,185.663,185.619,185.631,122
1779891900,185.612,185.664,185.611,185.647,199
1779891960,185.655,185.667,185.644,185.664,130
1779892020,185.667,185.687,185.66,185.677,126
1779892080,185.679,185.682,185.664,185.675,163
1779892140,185.673,185.687,185.665,185.678,158
1779892200,185.676,185.688,185.667,185.67,170
1779892260,185.67,185.712,185.67,185.708,166
1779892380,185.677,185.707,185.619,185.635,225
1779892440,185.642,185.682,185.638,185.676,215
1779892500,185.677,185.69,185.675,185.677,193
1779892620,185.695,185.701,185.69,185.698,101
1779892680,185.707,185.733,185.707,185.715,111
1779892740,185.723,185.729,185.715,185.728,113
1779892860,185.718,185.718,185.694,185.699,144
1779892920,185.699,185.714,185.686,185.704,169
1779892980,185.705,185.721,185.704,185.704,173
1779893040,185.705,185.706,185.696,185.7,137
1779893100,185.7,185.714,185.692,185.692,140
1779893160,185.693,185.731,185.686,185.728,163
1779893220,185.731,185.748,185.708,185.708,206
1779893280,185.712,185.712,185.659,185.683,213
1779893340,185.682,185.697,185.674,185.682,196
1779893400,185.681,185.689,185.603,185.619,218
1779893460,185.621,185.641,185.611,185.636,215
1779893580,185.614,185.626,185.604,185.604,172
1779893640,185.603,185.613,185.574,185.588,195
1779893700,185.579,185.579,185.507,185.512,239
1779893820,185.524,185.539,185.435,185.436,156
1779893880,185.437,185.473,185.419,185.453,167
1779893940,185.451,185.454,185.428,185.435,184
1779894000,185.436,185.438,185.405,185.414,214
1779894060,185.414,185.48,185.412,185.452,240
1779894120,185.458,185.485,185.454,185.477,199
1779894180,185.476,185.512,185.471,185.509,180
1779894360,185.509,185.512,185.488,185.49,113
1779894420,185.496,185.501,185.483,185.487,150
1779894480,185.487,185.507,185.48,185.488,159
1779894540,185.495,185.498,185.482,185.484,159
1779894600,185.482,185.492,185.468,185.476,148
1779894720,185.493,185.51,185.492,185.509,86
1779894780,185.516,185.517,185.489,185.489,118
1779894840,185.49,185.503,185.485,185.502,128
1779894900,185.505,185.517,185.502,185.511,176
1779894960,185.509,185.515,185.49,185.496,150
1779895020,185.495,185.503,185.488,185.49,108
1779895080,185.49,185.525,185.49,185.521,135
1779895140,185.523,185.529,185.515,185.526,87
1779895200,185.517,185.537,185.513,185.531,161
1779895260,185.532,185.532,185.507,185.51,136
1779895320,185.509,185.516,185.503,185.509,94
1779895380,185.505,185.522,185.504,185.508,95
1779895440,185.509,185.513,185.473,185.511,164
1779895560,185.508,185.514,185.507,185.514,72
1779895620,185.512,185.523,185.507,185.523,105
1779895680,185.507,185.522,185.507,185.52,105
1779895740,185.521,185.528,185.51,185.526,119
1779895800,185.518,185.523,185.508,185.51,168
1779895860,185.51,185.524,185.504,185.507,174
1779895920,185.502,185.519,185.502,185.514,117
1779895980,185.513,185.525,185.505,185.523,104
1779896040,185.529,185.532,185.513,185.517,141
1779896160,185.508,185.509,185.491,185.508,141
1779896280,185.511,185.52,185.504,185.519,80
1779896340,185.507,185.508,185.487,185.497,82
1779896400,185.496,185.507,185.491,185.5,155
1779896460,185.501,185.512,185.5,185.501,80
1779896520,185.501,185.509,185.488,185.49,149
1779896640,185.49,185.5,185.488,185.494,106
1779896700,185.495,185.517,185.493,185.507,178
1779896760,185.506,185.516,185.506,185.507,138
1779896880,185.465,185.471,185.448,185.453,114
1779896940,185.457,185.468,185.455,185.463,110
1779897000,185.464,185.477,185.461,185.475,131
1779897120,185.462,185.468,185.449,185.454,64
1779897180,185.454,185.463,185.452,185.456,101
1779897240,185.459,185.46,185.451,185.454,92
1779897360,185.473,185.477,185.469,185.471,96
1779897420,185.477,185.484,185.461,185.476,94
1779897540,185.472,185.472,185.463,185.467,66
1779897600,185.464,185.472,185.463,185.464,132
1779897660,185.462,185.465,185.453,185.456,124
1779897720,185.457,185.463,185.451,185.457,110
1779897840,185.437,185.467,185.429,185.465,182
1779898020,185.453,185.458,185.45,185.451,56
1779898080,185.443,185.459,185.436,185.459,70
1779898140,185.461,185.474,185.46,185.461,101
1779898200,185.471,185.489,185.471,185.489,89
1779898320,185.508,185.513,185.502,185.512,64
1779898380,185.506,185.506,185.499,185.499,57
1779898440,185.501,185.508,185.498,185.508,69
1779898500,185.501,185.515,185.5,185.514,46
1779898560,185.512,185.521,185.512,185.513,48
1779898680,185.512,185.523,185.506,185.522,95
1779898860,185.522,185.522,185.513,185.513,53
1779898920,185.514,185.52,185.511,185.512,65
1779898980,185.512,185.513,185.507,185.509,49
1779899040,185.519,185.519,185.488,185.495,74
1779899100,185.48,185.484,185.478,185.481,95
1779899220,185.479,185.493,185.474,185.493,51
1779899280,185.492,185.492,185.479,185.479,52
1779899340,185.479,185.483,185.475,185.478,84
1779899400,185.481,185.484,185.476,185.477,97
1779899460,185.476,185.494,185.47,185.494,104
1779899520,185.49,185.499,185.484,185.484,100
1779899580,185.485,185.496,185.485,185.496,102
1779899640,185.495,185.507,185.495,185.505,65
1779899700,185.512,185.516,185.511,185.514,60
1779899760,185.516,185.518,185.507,185.513,77
1779899820,185.514,185.515,185.507,185.513,96
1779899880,185.515,185.519,185.507,185.515,108
1779899940,185.513,185.518,185.511,185.513,96
1779900060,185.518,185.53,185.518,185.524,70
1779900120,185.512,185.516,185.509,185.514,84
1779900180,185.513,185.524,185.513,185.518,38
1779900240,185.519,185.519,185.513,185.514,52
1779900300,185.514,185.52,185.514,185.518,87
1779900360,185.519,185.521,185.51,185.52,62
1779900420,185.521,185.532,185.52,185.532,40
1779900480,185.533,185.537,185.528,185.528,56
1779900540,185.525,185.529,185.525,185.527,53
1779900660,185.518,185.526,185.518,185.524,90
1779900720,185.527,185.527,185.523,185.527,54
1779900780,185.526,185.53,185.522,185.529,100
1779900840,185.53,185.53,185.521,185.522,59
1779900900,185.521,185.522,185.512,185.522,73
1779900960,185.519,185.523,185.511,185.523,65
1779901020,185.524,185.527,185.52,185.524,79
1779901080,185.528,185.536,185.524,185.524,89
1779901140,185.526,185.532,185.524,185.53,103
1779901200,185.53,185.548,185.529,185.544,115
1779901260,185.543,185.545,185.522,185.529,80
1779901320,185.521,185.535,185.519,185.532,132
1779901380,185.533,185.539,185.505,185.508,90
1779901440,185.509,185.514,185.507,185.513,82
1779901500,185.514,185.525,185.513,185.523,93
1779901560,185.516,185.522,185.509,185.51,83
1779901620,185.512,185.512,185.459,185.46,122
1779901680,185.461,185.461,185.43,185.435,116
1779901740,185.431,185.459,185.431,185.445,122
1779901860,185.459,185.464,185.452,185.452,100
1779901920,185.453,185.456,185.446,185.452,117
1779902040,185.446,185.453,185.444,185.447,60
1779902100,185.442,185.465,185.435,185.464,84
1779902160,185.473,185.478,185.462,185.466,87
1779902220,185.467,185.474,185.465,185.471,103
1779902280,185.471,185.477,185.447,185.453,93
1779902340,185.456,185.457,185.444,185.455,99
1779902520,185.462,185.475,185.46,185.468,62
1779902580,185.47,185.487,185.466,185.483,66
1779902640,185.484,185.485,185.476,185.483,63
1779902700,185.484,185.492,185.479,185.484,97
1779902760,185.485,185.491,185.482,185.49,47
1779902820,185.492,185.497,185.485,185.486,49
1779902940,185.483,185.493,185.482,185.484,64
1779903000,185.478,185.478,185.469,185.472,86
1779903060,185.473,185.473,185.462,185.463,78
1779903180,185.463,185.47,185.46,185.464,58
1779903240,185.459,185.462,185.45,185.452,68
1779903300,185.45,185.452,185.44,185.452,88
1779903420,185.457,185.459,185.451,185.451,52
1779903480,185.445,185.464,185.444,185.463,84
1779903540,185.462,185.466,185.457,185.46,46
1779903660,185.466,185.48,185.466,185.48,62
1779903720,185.478,185.48,185.474,185.474,68
1779903780,185.473,185.474,185.467,185.47,26
1779903840,185.467,185.469,185.464,185.464,42
1779903900,185.459,185.475,185.457,185.469,88
1779904080,185.461,185.467,185.461,185.464,56
1779904140,185.465,185.472,185.457,185.472,62
1779904200,185.471,185.478,185.465,185.472,55
1779904320,185.482,185.489,185.48,185.48,23
1779904380,185.482,185.482,185.465,185.474,62
1779904440,185.475,185.479,185.471,185.475,77
1779904500,185.471,185.484,185.471,185.484,78
1779904620,185.484,185.486,185.483,185.484,35
1779904680,185.484,185.487,185.484,185.486,43
1779904740,185.485,185.486,185.479,185.481,60
1779904800,185.484,185.485,185.468,185.471,107
1779904860,185.47,185.48,185.47,185.478,105
1779904920,185.479,185.479,185.454,185.454,94
1779904980,185.455,185.463,185.452,185.463,93
1779905040,185.462,185.464,185.457,185.462,64
1779905100,185.463,185.463,185.456,185.46,81
1779905160,185.458,185.461,185.452,185.461,58
1779905220,185.462,185.463,185.459,185.463,33
1779905280,185.462,185.463,185.456,185.461,62
1779905340,185.462,185.465,185.459,185.461,42
1779905400,185.46,185.46,185.454,185.455,44
1779905520,185.443,185.447,185.437,185.446,60
1779905580,185.445,185.448,185.445,185.448,48
1779905640,185.446,185.459,185.446,185.458,86
1779905700,185.46,185.466,185.459,185.464,68
1779905760,185.462,185.464,185.448,185.45,100
1779905820,185.448,185.457,185.445,185.445,110
1779905880,185.446,185.446,185.437,185.444,68
1779905940,185.443,185.445,185.44,185.443,64
1779906000,185.437,185.442,185.436,185.438,87
1779906060,185.437,185.443,185.436,185.439,64
1779906120,185.441,185.445,185.433,185.438,67
1779906240,185.442,185.448,185.436,185.436,32
1779906360,185.441,185.443,185.439,185.442,68
1779906420,185.437,185.444,185.436,185.437,79
1779906480,185.434,185.444,185.431,185.444,75
1779906540,185.444,185.451,185.444,185.45,50
1779906600,185.451,185.464,185.45,185.463,102
1779906660,185.462,185.466,185.458,185.46,75
1779906720,185.461,185.464,185.458,185.461,66
1779906780,185.46,185.464,185.456,185.457,86
1779906840,185.454,185.456,185.44,185.453,85
1779906900,185.454,185.462,185.453,185.456,98
1779906960,185.455,185.476,185.455,185.468,98
1779907020,185.469,185.47,185.461,185.47,53
1779907080,185.464,185.47,185.461,185.461,63
1779907140,185.465,185.477,185.458,185.472,88
1779907200,185.475,185.476,185.467,185.475,52
1779907320,185.485,185.487,185.478,185.479,40
1779907380,185.487,185.499,185.487,185.499,49
1779907440,185.493,185.494,185.485,185.485,52
1779907500,185.487,185.488,185.469,185.471,88
1779907560,185.473,185.477,185.471,185.475,51
1779907680,185.479,185.483,185.47,185.483,49
1779907860,185.482,185.491,185.48,185.491,52
1779907920,185.485,185.49,185.479,185.488,50
1779907980,185.49,185.497,185.489,185.495,65
1779908040,185.494,185.504,185.494,185.501,64
1779908220,185.509,185.514,185.509,185.51,50
1779908280,185.499,185.5,185.486,185.499,56
1779908340,185.492,185.5,185.491,185.494,86
1779908400,185.492,185.497,185.49,185.491,94
1779908460,185.492,185.497,185.488,185.492,94
1779908520,185.493,185.511,185.491,185.51,95
1779908580,185.51,185.511,185.5,185.505,55
1779908640,185.505,185.514,185.504,185.511,54
1779908700,185.514,185.516,185.512,185.512,56
1779908760,185.511,185.528,185.511,185.527,68
1779908820,185.523,185.524,185.519,185.52,50
1779908940,185.517,185.52,185.512,185.515,34
1779909060,185.525,185.525,185.522,185.522,38
1779909120,185.524,185.526,185.523,185.524,46
1779909180,185.53,185.53,185.516,185.518,62
1779909240,185.522,185.532,185.521,185.528,70
1779909300,185.531,185.533,185.527,185.528,60
1779909360,185.527,185.527,185.521,185.525,56
1779909420,185.524,185.53,185.524,185.528,70
1779909480,185.523,185.527,185.523,185.526,38
1779909540,185.526,185.534,185.526,185.53,40
1779909660,185.54,185.54,185.535,185.537,34
1779909720,185.541,185.542,185.539,185.54,54
1779909780,185.539,185.551,185.539,185.55,61
1779909840,185.551,185.553,185.548,185.55,33
1779909960,185.538,185.549,185.538,185.548,70
1779910020,185.547,185.547,185.536,185.538,99
1779910080,185.54,185.54,185.535,185.536,58
1779910140,185.537,185.541,185.532,185.537,50
1779910200,185.538,185.541,185.53,185.53,70
1779910260,185.529,185.53,185.526,185.53,33
1779910380,185.523,185.531,185.523,185.524,88
1779910440,185.53,185.536,185.528,185.528,80
1779910500,185.529,185.539,185.529,185.539,42
1779910620,185.527,185.53,185.52,185.527,46
1779910680,185.529,185.534,185.529,185.534,29
1779910740,185.533,185.533,185.53,185.533,40
1779910860,185.515,185.52,185.515,185.518,36
1779910980,185.521,185.528,185.518,185.528,46
1779911040,185.525,185.526,185.522,185.522,39
1779911100,185.513,185.518,185.51,185.517,53
1779911160,185.515,185.517,185.511,185.515,74
1779911220,185.516,185.529,185.515,185.528,61
1779911280,185.528,185.532,185.518,185.519,43
1779911340,185.518,185.523,185.517,185.519,49
1779911460,185.521,185.523,185.509,185.51,26
1779911520,185.511,185.517,185.506,185.517,34
1779911580,185.515,185.515,185.507,185.508,20
1779911640,185.511,185.511,185.505,185.509,39
1779911700,185.51,185.511,185.499,185.504,94
1779911820,185.513,185.514,185.508,185.508,28
1779911880,185.508,185.514,185.508,185.512,59
1779911940,185.508,185.518,185.506,185.518,86
1779912000,185.521,185.524,185.516,185.519,104
1779912060,185.517,185.518,185.511,185.512,96
1779912120,185.511,185.521,185.511,185.512,79
1779912180,185.513,185.521,185.512,185.521,54
1779912240,185.522,185.534,185.521,185.532,54
1779912300,185.533,185.535,185.522,185.522,53
1779912360,185.523,185.525,185.515,185.525,67
1779912420,185.522,185.525,185.521,185.523,29
1779912480,185.52,185.522,185.52,185.522,42
1779912540,185.523,185.523,185.505,185.508,78
1779912600,185.504,185.51,185.491,185.493,103
1779912660,185.495,185.504,185.492,185.492,31
1779912720,185.497,185.497,185.495,185.496,12
1779912780,185.497,185.501,185.496,185.501,23
1779912840,185.502,185.506,185.495,185.495,49
1779912900,185.497,185.506,185.495,185.503,76
1779912960,185.502,185.508,185.5,185.507,76
1779913080,185.513,185.515,185.513,185.515,18
1779913140,185.513,185.524,185.513,185.521,32
1779913200,185.52,185.521,185.514,185.515,32
1779913320,185.516,185.517,185.513,185.513,22
1779913380,185.512,185.521,185.51,185.521,28
1779913440,185.52,185.522,185.52,185.52,24
1779913560,185.518,185.521,185.506,185.506,54
1779913620,185.507,185.507,185.504,185.507,18
1779913680,185.517,185.519,185.508,185.511,44
1779913740,185.511,185.512,185.488,185.492,39
1779913800,185.497,185.509,185.496,185.508,52
1779913860,185.507,185.514,185.502,185.502,44
1779913920,185.503,185.513,185.503,185.513,14
1779913980,185.512,185.512,185.511,185.511,8
1779914040,185.512,185.516,185.511,185.515,21
1779914160,185.51,185.511,185.507,185.507,31
1779914280,185.485,185.487,185.484,185.485,36
1779914340,185.475,185.477,185.475,185.477,8
1779914400,185.469,185.471,185.459,185.461,66
1779914460,185.462,185.463,185.462,185.462,10
1779914520,185.466,185.478,185.466,185.472,32
1779914580,185.472,185.481,185.469,185.474,44
1779914640,185.473,185.482,185.473,185.482,48
1779914700,185.48,185.49,185.478,185.484,68
1779914760,185.483,185.485,185.483,185.484,22
1779914880,185.484,185.485,185.474,185.474,50
1779914940,185.471,185.48,185.469,185.48,50
1779915000,185.476,185.481,185.472,185.48,54
1779915120,185.472,185.473,185.461,185.463,66
1779915180,185.465,185.468,185.459,185.463,58
1779915240,185.467,185.47,185.466,185.467,82
1779915360,185.458,185.458,185.449,185.449,42
1779915420,185.45,185.452,185.445,185.445,50
1779915480,185.457,185.457,185.44,185.443,104
1779915660,185.369,185.371,185.316,185.316,6
1779915720,185.34,185.342,185.34,185.342,4
1779915840,185.333,185.333,185.333,185.333,2
1779916020,185.374,185.385,185.374,185.385,9
1779916080,185.383,185.383,185.383,185.383,2
1779916200,185.397,185.397,185.397,185.397,3
1779916260,185.395,185.395,185.395,185.395,2
1779916320,185.394,185.394,185.394,185.394,2
1779916440,185.393,185.393,185.393,185.393,2
1779916500,185.394,185.407,185.394,185.394,16
1779916560,185.393,185.4,185.39,185.39,11
1779916620,185.39,185.39,185.387,185.387,6
1779916680,185.395,185.395,185.392,185.392,4
1779916740,185.384,185.387,185.384,185.387,2
1779916860,185.401,185.41,185.401,185.406,12
1779916920,185.405,185.405,185.392,185.402,12
1779916980,185.412,185.412,185.411,185.411,5
1779917040,185.399,185.399,185.389,185.389,14
1779917160,185.38,185.383,185.38,185.383,10
1779917220,185.379,185.38,185.379,185.38,3
1779917280,185.39,185.409,185.39,185.391,10
1779917340,185.387,185.394,185.386,185.394,5
1779917400,185.379,185.406,185.379,185.393,38
1779917460,185.393,185.406,185.383,185.405,47
1779917580,185.412,185.417,185.399,185.408,35
1779917640,185.419,185.427,185.392,185.399,66
1779917700,185.404,185.414,185.398,185.411,30
1779917820,185.39,185.414,185.39,185.39,12
1779917880,185.404,185.415,185.4,185.414,21
1779917940,185.412,185.412,185.4,185.405,37
1779918060,185.399,185.402,185.398,185.399,26
1779918120,185.4,185.407,185.4,185.402,17
1779918180,185.41,185.41,185.398,185.4,33
1779918240,185.399,185.406,185.398,185.403,36
1779918300,185.394,185.412,185.393,185.4,71
1779918420,185.401,185.412,185.401,185.412,47
1779918480,185.415,185.432,185.407,185.427,64
1779918540,185.412,185.415,185.396,185.4,47
1779918600,185.401,185.402,185.393,185.393,45
1779918660,185.394,185.402,185.39,185.4,55
1779918720,185.39,185.399,185.39,185.394,23
1779918780,185.381,185.383,185.378,185.379,22
1779918840,185.381,185.388,185.359,185.363,46
1779918900,185.369,185.371,185.365,185.37,38
1779918960,185.369,185.369,185.354,185.354,25
1779919020,185.351,185.384,185.35,185.384,16
1779919080,185.383,185.4,185.383,185.388,10
1779919140,185.393,185.428,185.393,185.423,42
1779919200,185.459,185.488,185.452,185.485,88
1779919260,185.482,185.495,185.463,185.479,100
1779919320,185.46,185.46,185.455,185.457,36
1779919380,185.458,185.459,185.45,185.45,16
1779919440,185.449,185.452,185.448,185.448,20
1779919500,185.451,185.466,185.451,185.462,29
1779919620,185.47,185.47,185.467,185.467,20
1779919680,185.464,185.467,185.464,185.467,22
1779919740,185.468,185.473,185.468,185.47,32
1779919920,185.492,185.499,185.492,185.492,26
1779919980,185.49,185.492,185.485,185.485,36
1779920040,185.489,185.49,185.486,185.49,12
1779920100,185.489,185.491,185.478,185.478,18
1779920160,185.477,185.494,185.477,185.494,50
1779920220,185.493,185.494,185.478,185.478,28
1779920340,185.48,185.48,185.478,185.478,14
1779920460,185.469,185.471,185.467,185.47,42
1779920580,185.461,185.471,185.459,185.47,24
1779920640,185.471,185.475,185.47,185.475,22
1779920760,185.47,185.472,185.467,185.468,26
1779920820,185.469,185.472,185.468,185.469,14
1779920880,185.468,185.468,185.462,185.464,50
1779920940,185.463,185.463,185.46,185.462,24
1779921000,185.461,185.462,185.45,185.453,72
1779921060,185.452,185.454,185.45,185.453,44
1779921120,185.452,185.457,185.452,185.453,50
1779921180,185.463,185.478,185.462,185.476,38
1779921240,185.475,185.478,185.475,185.477,38
1779921360,185.472,185.483,185.472,185.48,22
1779921420,185.481,185.483,185.478,185.48,41
1779921480,185.479,185.489,185.479,185.489,33
1779921540,185.488,185.488,185.469,185.474,29
1779921600,185.475,185.476,185.471,185.476,22
1779921720,185.47,185.471,185.464,185.464,30
1779921780,185.469,185.47,185.468,185.469,18
1779921840,185.462,185.462,185.452,185.457,48
1779921900,185.458,185.458,185.449,185.452,41
1779921960,185.452,185.454,185.449,185.45,33
1779922020,185.451,185.452,185.448,185.449,34
1779922080,185.448,185.448,185.443,185.444,28
1779922140,185.443,185.448,185.443,185.448,12
1779922200,185.448,185.45,185.443,185.444,24
1779922260,185.447,185.455,185.445,185.446,39
1779922320,185.444,185.447,185.444,185.445,35
1779922380,185.447,185.453,185.445,185.453,50
1779922440,185.452,185.453,185.452,185.453,13
1779922560,185.45,185.45,185.449,185.45,7
1779922620,185.45,185.451,185.449,185.45,18
1779922680,185.451,185.451,185.443,185.445,30
1779922740,185.443,185.443,185.436,185.438,41
1779922800,185.439,185.443,185.437,185.442,57
1779922860,185.441,185.444,185.44,185.444,35
1779922920,185.443,185.45,185.443,185.447,40
1779922980,185.448,185.452,185.447,185.451,29
1779923040,185.45,185.458,185.45,185.458,32
1779923100,185.459,185.459,185.457,185.459,20
1779923160,185.462,185.466,185.462,185.465,28
1779923220,185.464,185.465,185.461,185.462,18
1779923280,185.458,185.46,185.458,185.46,6
1779923340,185.459,185.462,185.458,185.458,20
1779923400,185.459,185.461,185.458,185.461,38
1779923460,185.463,185.467,185.463,185.465,36
1779923520,185.466,185.468,185.465,185.468,16
1779923580,185.467,185.471,185.455,185.469,33
1779923640,185.467,185.468,185.466,185.467,11
1779923700,185.468,185.47,185.467,185.47,25
1779923760,185.469,185.474,185.462,185.472,45
1779923880,185.462,185.47,185.462,185.47,56
1779923940,185.472,185.472,185.466,185.466,24
1779924000,185.467,185.471,185.462,185.463,47
1779924060,185.46,185.46,185.423,185.426,107
1779924120,185.419,185.425,185.412,185.423,74
1779924180,185.421,185.425,185.413,185.425,62
1779924240,185.42,185.429,185.42,185.429,62
1779924420,185.426,185.428,185.426,185.428,25
1779924480,185.426,185.427,185.419,185.423,43
1779924540,185.424,185.427,185.414,185.414,33
1779924600,185.415,185.421,185.402,185.404,96
1779924660,185.403,185.416,185.403,185.411,73
1779924720,185.41,185.412,185.408,185.408,59
1779924840,185.41,185.413,185.405,185.409,56
1779924960,185.4,185.409,185.397,185.407,39
1779925020,185.408,185.412,185.407,185.408,32
1779925140,185.408,185.417,185.408,185.413,18
1779925260,185.414,185.414,185.409,185.412,38
1779925320,185.415,185.421,185.415,185.42,28
1779925380,185.421,185.431,185.42,185.431,48
1779925440,185.427,185.429,185.424,185.427,46
1779925500,185.425,185.426,185.417,185.417,48
1779925560,185.418,185.422,185.416,185.421,60
1779925680,185.423,185.429,185.422,185.427,14
1779925740,185.428,185.428,185.425,185.425,34
1779925860,185.43,185.43,185.366,185.366,68
1779925920,185.356,185.374,185.353,185.366,90
1779925980,185.365,185.376,185.365,185.376,54
1779926040,185.374,185.377,185.371,185.377,58
1779926100,185.374,185.382,185.373,185.377,68
1779926220,185.382,185.387,185.381,185.382,37
1779926280,185.377,185.382,185.377,185.382,30
1779926340,185.377,185.383,185.377,185.381,42
1779926400,185.377,185.386,185.371,185.381,148
1779926460,185.383,185.403,185.376,185.402,145
1779926520,185.404,185.406,185.393,185.402,118
1779926580,185.401,185.401,185.387,185.391,94
1779926640,185.39,185.403,185.39,185.403,100
1779926700,185.404,185.413,185.392,185.398,90
1779926760,185.396,185.403,185.386,185.399,79
1779926820,185.399,185.411,185.397,185.404,70
1779926880,185.404,185.413,185.403,185.404,90
1779926940,185.405,185.412,185.404,185.41,58
1779927000,185.408,185.411,185.397,185.398,72
1779927060,185.397,185.411,185.397,185.405,65
1779927120,185.406,185.415,185.406,185.414,33
1779927180,185.416,185.421,185.415,185.416,57
1779927240,185.42,185.421,185.411,185.416,90
1779927300,185.419,185.435,185.419,185.435,85
1779927360,185.434,185.436,185.421,185.424,89
1779927420,185.425,185.431,185.42,185.43,82
1779927480,185.431,185.438,185.431,185.435,62
1779927540,185.446,185.45,185.444,185.446,56
1779927660,185.449,185.45,185.444,185.45,54
1779927720,185.443,185.449,185.442,185.446,66
1779927780,185.445,185.446,185.441,185.442,50
1779927840,185.443,185.444,185.432,185.432,82
1779927900,185.433,185.437,185.427,185.431,122
1779927960,185.433,185.444,185.433,185.443,72
1779928020,185.436,185.439,185.433,185.439,57
1779928080,185.437,185.446,185.437,185.445,45
1779928140,185.446,185.452,185.446,185.448,46
1779928200,185.447,185.45,185.432,185.433,83
1779928260,185.434,185.434,185.421,185.427,91
1779928380,185.434,185.443,185.427,185.43,81
1779928440,185.425,185.426,185.417,185.42,78
1779928500,185.424,185.431,185.421,185.425,49
1779928560,185.426,185.428,185.413,185.416,53
1779928620,185.419,185.429,185.419,185.422,62
1779928680,185.425,185.433,185.422,185.433,44
1779928740,185.433,185.445,185.433,185.445,80
1779928860,185.45,185.453,185.448,185.451,36
1779928920,185.445,185.449,185.443,185.444,58
1779928980,185.445,185.447,185.436,185.438,86
1779929040,185.437,185.438,185.419,185.422,70
1779929100,185.427,185.438,185.421,185.433,104
1779929280,185.438,185.448,185.438,185.448,62
1779929340,185.449,185.452,185.439,185.44,50
1779929520,185.44,185.446,185.43,185.43,66
1779929580,185.429,185.43,185.416,185.42,87
1779929640,185.415,185.428,185.402,185.412,109
1779929700,185.401,185.407,185.37,185.378,156
1779929760,185.377,185.388,185.376,185.385,104
1779929880,185.39,185.41,185.389,185.41,62
1779929940,185.422,185.428,185.419,185.423,50
1779930000,185.415,185.42,185.405,185.408,86
1779930060,185.407,185.413,185.401,185.404,100
1779930120,185.402,185.406,185.379,185.388,102
1779930180,185.389,185.392,185.384,185.388,87
1779930240,185.386,185.402,185.386,185.4,103
1779930300,185.399,185.399,185.385,185.389,88
1779930420,185.39,185.402,185.39,185.4,96
1779930480,185.399,185.4,185.392,185.398,70
1779930540,185.396,185.401,185.394,185.398,100
1779930600,185.397,185.407,185.397,185.401,92
1779930720,185.404,185.405,185.387,185.387,56
1779930780,185.386,185.39,185.378,185.389,73
1779930840,185.381,185.396,185.38,185.391,69
1779930900,185.388,185.402,185.386,185.402,105
1779930960,185.401,185.402,185.383,185.386,96
1779931080,185.39,185.395,185.388,185.389,48
1779931140,185.385,185.392,185.381,185.387,75
1779931200,185.389,185.389,185.382,185.384,77
1779931260,185.383,185.389,185.378,185.384,70
1779931380,185.384,185.384,185.376,185.376,14
1779931440,185.387,185.393,185.383,185.389,50
1779931560,185.384,185.391,185.377,185.378,88
1779931620,185.375,185.387,185.375,185.38,62
1779931680,185.382,185.385,185.378,185.383,54
1779931740,185.382,185.389,185.378,185.378,74
1779931800,185.379,185.385,185.376,185.382,64
1779931860,185.38,185.39,185.368,185.368,90
1779931920,185.369,185.374,185.35,185.354,90
1779931980,185.354,185.365,185.353,185.361,86
1779932040,185.358,185.369,185.358,185.366,105
1779932100,185.367,185.369,185.362,185.366,81
1779932160,185.364,185.372,185.363,185.371,78
1779932220,185.372,185.373,185.367,185.372,60
1779932280,185.376,185.377,185.369,185.369,62
1779932340,185.37,185.372,185.367,185.372,40
1779932400,185.368,185.368,185.362,185.365,56
1779932520,185.364,185.369,185.364,185.366,40
1779932580,185.366,185.371,185.366,185.369,46
1779932640,185.368,185.369,185.365,185.365,32
1779932700,185.367,185.367,185.304,185.327,106
1779932760,185.329,185.339,185.329,185.335,102
1779932820,185.334,185.34,185.33,185.33,80
1779932880,185.329,185.337,185.327,185.333,114
1779932940,185.332,185.334,185.33,185.33,32
1779933000,185.325,185.328,185.316,185.318,89
1779933060,185.316,185.316,185.307,185.309,59
1779933120,185.307,185.309,185.305,185.309,57
1779933180,185.318,185.328,185.318,185.325,104
1779933240,185.324,185.325,185.311,185.313,87
1779933420,185.288,185.292,185.285,185.29,64
1779933480,185.283,185.283,185.276,185.279,35
1779933540,185.28,185.281,185.272,185.279,83
1779933600,185.286,185.295,185.28,185.28,124
1779933660,185.281,185.288,185.276,185.278,132
1779933720,185.279,185.296,185.277,185.296,127
1779933780,185.297,185.297,185.287,185.296,135
1779933840,185.295,185.297,185.29,185.297,90
1779933960,185.295,185.299,185.292,185.295,66
1779934020,185.303,185.304,185.291,185.292,105
1779934140,185.296,185.304,185.296,185.304,32
1779934260,185.289,185.305,185.289,185.305,100
1779934320,185.308,185.309,185.302,185.305,47
1779934380,185.305,185.309,185.304,185.305,60
1779934440,185.304,185.31,185.299,185.31,56
1779934500,185.307,185.307,185.303,185.306,42
1779934560,185.305,185.306,185.292,185.292,64
1779934680,185.293,185.298,185.291,185.297,32
1779934740,185.291,185.294,185.288,185.293,38
1779934860,185.286,185.296,185.284,185.295,76
1779934920,185.293,185.293,185.281,185.281,80
1779934980,185.28,185.287,185.28,185.287,26
1779935040,185.282,185.286,185.28,185.285,50
1779935100,185.284,185.288,185.282,185.288,69
1779935160,185.287,185.291,185.286,185.289,38
1779935220,185.288,185.291,185.28,185.281,46
1779935340,185.282,185.283,185.281,185.282,14
1779935400,185.283,185.291,185.282,185.284,78
1779935460,185.283,185.294,185.282,185.289,50
1779935580,185.292,185.298,185.291,185.291,60
1779935640,185.294,185.294,185.287,185.291,84
1779935700,185.29,185.293,185.286,185.289,42
1779935820,185.288,185.291,185.287,185.29,39
1779935880,185.283,185.285,185.277,185.278,34
1779935940,185.278,185.283,185.272,185.274,38
1779936060,185.28,185.283,185.272,185.272,56
1779936180,185.272,185.275,185.266,185.272,46
1779936240,185.269,185.272,185.268,185.271,41
1779936300,185.271,185.274,185.263,185.266,77
1779936360,185.267,185.272,185.264,185.271,72
1779936420,185.273,185.274,185.262,185.271,120
1779936480,185.272,185.277,185.267,185.277,75
1779936540,185.277,185.28,185.276,185.279,75
1779936600,185.278,185.282,185.272,185.277,91
1779936660,185.278,185.286,185.277,185.285,77
1779936720,185.287,185.297,185.285,185.297,60
1779936780,185.293,185.297,185.291,185.294,40
1779936840,185.297,185.298,185.289,185.289,75
1779936900,185.287,185.289,185.278,185.279,84
1779937020,185.282,185.286,185.278,185.286,25
1779937080,185.288,185.293,185.287,185.289,57
1779937140,185.291,185.291,185.283,185.285,63
1779937200,185.289,185.292,185.281,185.29,100
1779937260,185.291,185.292,185.281,185.287,85
1779937320,185.286,185.292,185.285,185.289,83
1779937380,185.288,185.298,185.288,185.29,71
1779937440,185.289,185.289,185.275,185.278,59
1779937500,185.277,185.279,185.268,185.27,83
1779937560,185.27,185.272,185.269,185.27,57
1779937620,185.271,185.274,185.267,185.274,54
1779937740,185.258,185.259,185.253,185.253,37
1779937860,185.236,185.239,185.235,185.238,62
1779937920,185.229,185.236,185.227,185.232,74
1779937980,185.221,185.223,185.212,185.214,92
1779938040,185.212,185.212,185.184,185.184,84
1779938100,185.18,185.186,185.175,185.181,100
1779938160,185.186,185.189,185.182,185.183,82
1779938280,185.168,185.169,185.157,185.159,62
1779938340,185.147,185.151,185.14,185.142,110
1779938400,185.147,185.168,185.147,185.162,126
1779938520,185.159,185.163,185.158,185.16,58
1779938580,185.157,185.157,185.14,185.148,77
1779938640,185.142,185.153,185.141,185.148,67
1779938760,185.151,185.155,185.149,185.152,85
1779938880,185.158,185.159,185.158,185.158,6
1779938940,185.173,185.176,185.143,185.144,78
1779939000,185.131,185.135,185.11,185.122,158
1779939060,185.123,185.128,185.115,185.123,138
1779939120,185.124,185.125,185.07,185.076,174
1779939180,185.075,185.076,185.054,185.062,136
1779939240,185.063,185.077,185.058,185.075,148
1779939360,185.098,185.111,185.091,185.096,72
1779939420,185.093,185.098,185.088,185.091,98
1779939480,185.083,185.087,185.073,185.077,109
1779939540,185.077,185.082,185.074,185.074,110
1779939600,185.064,185.083,185.064,185.067,155
1779939720,185.059,185.065,185.051,185.056,72
1779939780,185.043,185.052,185.043,185.051,105
1779939840,185.049,185.059,185.045,185.049,123
1779939900,185.055,185.07,185.051,185.07,95
1779939960,185.071,185.077,185.066,185.073,93
1779940020,185.074,185.077,185.063,185.066,119
1779940080,185.07,185.07,185.045,185.045,99
1779940140,185.046,185.054,185.045,185.05,46
1779940200,185.055,185.056,185.031,185.032,112
1779940260,185.033,185.057,185.032,185.057,97
1779940320,185.041,185.045,185.034,185.037,110
1779940380,185.038,185.041,185.031,185.033,79
1779940440,185.04,185.04,185.024,185.026,99
1779940500,185.024,185.025,185.005,185.005,110
1779940560,185.004,185.004,184.98,184.98,80
1779940620,184.985,184.99,184.977,184.987,88
1779940680,184.983,184.983,184.972,184.974,94
1779940740,184.97,184.976,184.949,184.949,96
1779940800,184.952,184.961,184.949,184.959,90
1779940860,184.958,184.967,184.936,184.937,134
1779940920,184.937,184.941,184.934,184.939,89
1779941040,184.93,184.933,184.916,184.932,91
1779941160,184.924,184.928,184.915,184.925,111
1779941280,184.923,184.941,184.922,184.924,47
1779941340,184.926,184.946,184.926,184.927,75
1779941460,184.935,184.941,184.921,184.921,99
1779941520,184.906,184.919,184.906,184.908,110
1779941580,184.905,184.921,184.9,184.9,81
1779941640,184.898,184.916,184.898,184.914,115
1779941700,184.906,184.912,184.898,184.911,127
1779941760,184.912,184.933,184.911,184.931,104
1779941820,184.933,184.941,184.927,184.94,106
1779941880,184.941,184.948,184.932,184.933,78
1779941940,184.93,184.93,184.906,184.907,112
1779942060,184.914,184.916,184.907,184.915,132
1779942180,184.917,184.925,184.916,184.921,66
1779942240,184.929,184.935,184.927,184.928,90
1779942300,184.923,184.929,184.922,184.923,100
1779942360,184.921,184.921,184.913,184.914,74
1779942420,184.915,184.915,184.898,184.898,82
1779942540,184.916,184.917,184.907,184.908,34
1779942600,184.906,184.907,184.897,184.903,64
1779942660,184.902,184.91,184.895,184.902,98
1779942780,184.911,184.924,184.907,184.917,68
1779942840,184.912,184.924,184.912,184.917,84
1779942900,184.914,184.921,184.912,184.918,110
1779943020,184.937,184.958,184.933,184.957,50
1779943080,184.964,184.965,184.962,184.965,36
1779943140,184.963,184.971,184.963,184.971,34
1779943260,184.988,184.988,184.98,184.983,62
1779943320,184.983,184.984,184.968,184.968,96
1779943380,184.969,184.971,184.965,184.97,26
1779943440,184.971,184.977,184.971,184.976,48
1779943500,184.978,184.984,184.977,184.984,42
1779943560,184.983,184.985,184.973,184.974,44
1779943620,184.973,184.979,184.973,184.979,48
1779943680,184.978,184.98,184.976,184.976,18
1779943740,184.975,184.984,184.975,184.982,30
1779943860,184.98,184.991,184.979,184.991,28
1779943920,184.99,184.993,184.984,184.985,38
1779943980,184.987,184.987,184.982,184.986,40
1779944040,184.985,184.988,184.984,184.986,42
1779944100,184.988,185.001,184.985,184.994,70
1779944220,184.996,184.997,184.986,184.99,48
1779944280,184.975,184.986,184.975,184.978,48
1779944340,184.979,184.98,184.969,184.973,55
1779944400,184.978,184.986,184.971,184.979,129
1779944460,184.978,184.98,184.97,184.971,66
1779944520,184.972,184.972,184.968,184.969,57
1779944580,184.97,184.977,184.966,184.968,51
1779944640,184.97,184.98,184.97,184.976,81
1779944700,184.977,184.981,184.976,184.98,82
1779944820,184.978,184.984,184.976,184.984,98
1779944880,184.986,184.988,184.948,184.95,70
1779944940,184.951,184.951,184.938,184.942,53
1779945060,184.917,184.919,184.916,184.918,37
1779945120,184.92,184.923,184.916,184.919,46
1779945180,184.914,184.919,184.91,184.918,49
1779945240,184.926,184.941,184.922,184.936,85
1779945300,184.935,184.935,184.926,184.926,80
1779945480,184.949,184.95,184.941,184.945,51
1779945540,184.944,184.944,184.933,184.934,80
1779945600,184.939,184.952,184.939,184.951,73
1779945660,184.951,184.969,184.951,184.969,72
1779945780,184.978,184.99,184.978,184.984,54
1779945840,184.993,185.002,184.99,184.998,75
1779945900,185,185.006,184.991,184.991,106
1779945960,184.992,185.008,184.99,185.002,94
1779946020,185.008,185.009,184.995,184.997,111
1779946080,185,185.011,185,185.011,77
1779946140,185.01,185.016,185.004,185.005,95
1779946200,185.006,185.028,185.004,185.014,154
1779946260,185.013,185.024,185.009,185.022,124
1779946320,185.021,185.026,185.017,185.024,88
1779946380,185.023,185.039,185.02,185.038,134
1779946440,185.038,185.048,185.036,185.044,127
1779946500,185.046,185.055,185.04,185.043,113
1779946560,185.044,185.05,185.041,185.046,96
1779946620,185.049,185.052,185.035,185.042,124
1779946680,185.043,185.045,185.038,185.042,80
1779946740,185.041,185.049,185.036,185.045,124
1779946800,185.046,185.056,185.043,185.055,110
1779946860,185.056,185.061,185.049,185.054,86
1779946920,185.056,185.065,185.054,185.061,125
1779946980,185.06,185.067,185.06,185.063,101
1779947040,185.062,185.067,185.061,185.062,118
1779947100,185.064,185.077,185.064,185.074,66
1779947160,185.073,185.074,185.064,185.067,110
1779947220,185.068,185.075,185.066,185.071,84
1779947280,185.07,185.073,185.067,185.072,76
1779947340,185.071,185.084,185.07,185.082,58
1779947400,185.083,185.093,185.081,185.091,58
1779947460,185.09,185.105,185.09,185.101,74
1779947520,185.1,185.101,185.092,185.095,54
1779947580,185.094,185.096,185.085,185.092,56
1779947640,185.093,185.097,185.089,185.095,78
1779947700,185.093,185.094,185.088,185.089,78
1779947760,185.09,185.094,185.079,185.094,94
1779947820,185.095,185.095,185.077,185.084,101
1779947880,185.083,185.089,185.082,185.086,88
1779947940,185.087,185.092,185.072,185.073,116
1779948000,185.071,185.094,185.069,185.087,130
1779948060,185.086,185.1,185.086,185.093,92
1779948120,185.081,185.099,185.081,185.097,102
1779948180,185.096,185.097,185.081,185.092,102
1779948240,185.093,185.101,185.081,185.082,88
1779948300,185.081,185.096,185.076,185.093,106
1779948360,185.092,185.093,185.07,185.078,92
1779948420,185.077,185.091,185.076,185.09,102
1779948480,185.091,185.091,185.077,185.084,84
1779948540,185.085,185.091,185.082,185.087,97
1779948720,185.08,185.087,185.077,185.077,64
1779948780,185.084,185.106,185.083,185.097,85
1779948840,185.1,185.117,185.096,185.113,96
1779948900,185.107,185.113,185.102,185.111,95
1779948960,185.111,185.117,185.11,185.114,95
1779949020,185.118,185.123,185.11,185.112,103
1779949140,185.115,185.126,185.108,185.124,76
1779949260,185.148,185.149,185.134,185.14,56
1779949320,185.143,185.156,185.138,185.154,82
1779949380,185.157,185.161,185.155,185.157,67
1779949560,185.171,185.177,185.167,185.175,51
1779949620,185.169,185.175,185.164,185.166,75
1779949680,185.173,185.174,185.163,185.167,68
1779949740,185.16,185.161,185.154,185.159,83
1779949800,185.159,185.161,185.143,185.148,101
1779949860,185.149,185.152,185.142,185.143,88
1779949920,185.145,185.145,185.132,185.132,89
1779950040,185.134,185.147,185.128,185.141,72
1779950160,185.134,185.163,185.134,185.162,69
1779950220,185.15,185.155,185.145,185.151,88
1779950280,185.149,185.15,185.138,185.142,85
1779950340,185.143,185.145,185.137,185.141,45
1779950400,185.137,185.139,185.123,185.137,104
1779950460,185.136,185.142,185.134,185.136,56
1779950520,185.13,185.13,185.104,185.111,95
1779950580,185.112,185.126,185.112,185.125,78
1779950640,185.121,185.132,185.114,185.115,84
1779950700,185.116,185.119,185.111,185.116,91
1779950760,185.117,185.119,185.107,185.118,61
1779950880,185.12,185.126,185.116,185.119,46
1779950940,185.113,185.131,185.113,185.13,50
1779951000,185.127,185.128,185.119,185.119,74
1779951120,185.114,185.127,185.112,185.124,114
1779951180,185.122,185.135,185.121,185.126,96
1779951240,185.127,185.147,185.126,185.147,99
1779951360,185.156,185.171,185.155,185.17,53
1779951420,185.165,185.171,185.164,185.17,68
1779951480,185.188,185.192,185.179,185.18,95
1779951540,185.169,185.178,185.168,185.172,104
1779951600,185.174,185.194,185.163,185.184,156
1779951660,185.186,185.187,185.161,185.185,136
1779951720,185.187,185.187,185.175,185.175,124
1779951840,185.205,185.207,185.191,185.197,92
1779951960,185.198,185.206,185.191,185.2,103
1779952080,185.203,185.228,185.203,185.227,51
1779952140,185.225,185.227,185.215,185.222,73
1779952260,185.23,185.255,185.228,185.252,100
1779952320,185.244,185.252,185.241,185.242,93
1779952440,185.257,185.259,185.253,185.254,36
1779952500,185.25,185.251,185.222,185.223,152
1779952560,185.222,185.229,185.217,185.219,78
1779952680,185.229,185.239,185.223,185.224,68
1779952740,185.224,185.24,185.218,185.236,86
1779952800,185.239,185.248,185.232,185.238,123
1779952920,185.232,185.24,185.231,185.24,53
1779952980,185.226,185.24,185.226,185.234,75
1779953040,185.233,185.235,185.217,185.221,77
1779953100,185.223,185.228,185.214,185.218,82
1779953160,185.217,185.229,185.216,185.222,92
1779953220,185.217,185.234,185.212,185.227,84
1779953280,185.226,185.227,185.216,185.222,112
1779953340,185.226,185.231,185.226,185.227,92
1779953400,185.228,185.234,185.214,185.23,117
1779953460,185.229,185.235,185.22,185.227,145
1779953520,185.228,185.242,185.227,185.241,114
1779953580,185.242,185.248,185.232,185.233,109
1779953640,185.234,185.241,185.228,185.236,93
1779953700,185.235,185.24,185.225,185.227,87
1779953760,185.227,185.231,185.207,185.209,133
1779953820,185.21,185.218,185.203,185.209,110
1779953880,185.21,185.214,185.191,185.204,138
1779953940,185.205,185.22,185.205,185.209,118
1779954000,185.201,185.21,185.197,185.209,89
1779954120,185.21,185.21,185.203,185.207,80
1779954180,185.213,185.216,185.208,185.209,66
1779954240,185.215,185.215,185.205,185.205,48
1779954300,185.212,185.214,185.198,185.203,92
1779954360,185.201,185.208,185.196,185.207,96
1779954480,185.208,185.23,185.207,185.229,50
1779954540,185.232,185.236,185.225,185.232,96
1779954600,185.235,185.241,185.224,185.232,92
1779954660,185.232,185.236,185.213,185.22,85
1779954720,185.215,185.216,185.203,185.207,84
1779954840,185.206,185.207,185.198,185.203,47
1779954960,185.206,185.209,185.19,185.195,94
1779955020,185.202,185.202,185.188,185.192,57
1779955080,185.194,185.198,185.187,185.187,68
1779955140,185.184,185.186,185.178,185.184,82
1779955200,185.181,185.187,185.172,185.179,147
1779955260,185.177,185.2,185.172,185.198,133
1779955320,185.199,185.202,185.181,185.187,140
1779955440,185.185,185.199,185.175,185.197,100
1779955560,185.206,185.219,185.205,185.21,125
1779955680,185.21,185.213,185.205,185.206,44
1779955740,185.21,185.22,185.21,185.216,56
1779955860,185.198,185.21,185.189,185.202,90
1779955920,185.194,185.196,185.184,185.185,83
1779955980,185.181,185.184,185.167,185.174,108
1779956040,185.173,185.191,185.163,185.188,129
1779956100,185.187,185.198,185.173,185.178,132
1779956160,185.175,185.176,185.16,185.167,76
1779956220,185.168,185.182,185.168,185.181,104
1779956280,185.182,185.182,185.16,185.165,130
1779956340,185.164,185.172,185.16,185.172,94
1779956400,185.171,185.201,185.171,185.189,102
1779956460,185.188,185.197,185.185,185.196,47
1779956520,185.195,185.2,185.184,185.189,104
1779956580,185.186,185.201,185.185,185.199,80
1779956640,185.198,185.203,185.188,185.188,60
1779956700,185.187,185.192,185.177,185.188,98
1779956820,185.181,185.185,185.172,185.173,102
1779956880,185.175,185.176,185.152,185.157,102
1779956940,185.156,185.171,185.155,185.17,120
1779957000,185.174,185.174,185.156,185.174,102
1779957060,185.173,185.196,185.173,185.196,86
1779957120,185.194,185.196,185.188,185.188,107
1779957180,185.185,185.194,185.18,185.189,68
1779957240,185.188,185.2,185.188,185.194,99
1779957300,185.196,185.203,185.181,185.182,107
1779957360,185.183,185.191,185.181,185.183,94
1779957420,185.183,185.192,185.183,185.185,60
1779957480,185.184,185.185,185.174,185.182,80
1779957540,185.181,185.182,185.171,185.176,78
1779957600,185.177,185.178,185.166,185.176,78
1779957660,185.175,185.191,185.173,185.182,128
1779957720,185.183,185.183,185.172,185.173,52
1779957840,185.157,185.17,185.156,185.17,52
1779957900,185.168,185.175,185.165,185.174,66
1779957960,185.173,185.18,185.173,185.179,44
1779958020,185.178,185.188,185.178,185.188,74
1779958080,185.187,185.19,185.18,185.182,80
1779958140,185.181,185.195,185.175,185.188,118
1779958200,185.189,185.197,185.189,185.197,70
1779958260,185.198,185.21,185.194,185.206,100
1779958320,185.212,185.232,185.212,185.229,94
1779958380,185.228,185.229,185.197,185.197,91
1779958440,185.2,185.212,185.198,185.199,101
1779958500,185.198,185.199,185.191,185.191,74
1779958560,185.191,185.206,185.19,185.206,94
1779958620,185.206,185.225,185.205,185.222,80
1779958680,185.223,185.227,185.222,185.227,63
1779958740,185.226,185.237,185.218,185.218,115
1779958800,185.216,185.229,185.216,185.225,94
1779958860,185.224,185.224,185.204,185.218,81
1779958920,185.217,185.22,185.207,185.218,116
1779958980,185.219,185.231,185.216,185.23,67
1779959040,185.231,185.232,185.218,185.226,87
1779959100,185.23,185.239,185.217,185.223,140
1779959160,185.224,185.226,185.205,185.213,80
1779959280,185.2,185.202,185.197,185.199,90
1779959340,185.208,185.222,185.207,185.219,106
1779959400,185.219,185.229,185.216,185.228,93
1779959520,185.225,185.231,185.217,185.217,52
1779959580,185.208,185.214,185.198,185.206,90
1779959640,185.207,185.218,185.207,185.212,88
1779959700,185.215,185.224,185.208,185.211,112
1779959760,185.212,185.212,185.185,185.185,109
1779959880,185.178,185.19,185.178,185.19,65
1779959940,185.19,185.19,185.173,185.173,77
1779960000,185.161,185.169,185.156,185.167,108
1779960060,185.167,185.183,185.167,185.182,93
1779960120,185.189,185.198,185.187,185.198,104
1779960180,185.188,185.19,185.169,185.171,111
1779960240,185.172,185.18,185.172,185.174,99
1779960360,185.175,185.179,185.17,185.176,72
1779960420,185.18,185.186,185.175,185.177,80
1779960480,185.179,185.18,185.171,185.176,78
1779960540,185.178,185.182,185.173,185.181,80
1779960600,185.182,185.201,185.182,185.192,76
1779960660,185.19,185.197,185.189,185.193,72
1779960720,185.19,185.19,185.159,185.16,73
1779960780,185.161,185.17,185.157,185.161,89
1779960840,185.16,185.171,185.16,185.171,56
1779960900,185.169,185.171,185.165,185.167,66
1779961020,185.165,185.173,185.16,185.163,94
1779961080,185.168,185.169,185.159,185.166,84
1779961140,185.167,185.171,185.158,185.16,98
1779961260,185.163,185.171,185.162,185.168,60
1779961320,185.17,185.17,185.153,185.161,54
1779961380,185.164,185.164,185.155,185.155,95
1779961440,185.155,185.162,185.154,185.158,88
1779961500,185.155,185.162,185.151,185.161,68
1779961560,185.162,185.176,185.161,185.166,79
1779961620,185.167,185.171,185.156,185.171,104
1779961680,185.17,185.173,185.168,185.173,38
1779961740,185.167,185.167,185.153,185.156,90
1779961800,185.157,185.168,185.148,185.148,120
1779961860,185.152,185.158,185.148,185.158,91
1779961920,185.157,185.158,185.145,185.152,53
1779961980,185.176,185.178,185.174,185.174,34
1779962040,185.17,185.178,185.165,185.168,76
1779962100,185.165,185.168,185.141,185.141,104
1779962160,185.14,185.146,185.137,185.137,67
1779962220,185.137,185.139,185.129,185.134,104
1779962340,185.133,185.135,185.131,185.132,50
1779962400,185.131,185.131,185.124,185.128,56
1779962460,185.131,185.133,185.117,185.117,82
1779962520,185.118,185.126,185.112,185.124,94
1779962580,185.123,185.135,185.122,185.129,108
1779962640,185.128,185.129,185.108,185.112,84
1779962700,185.11,185.11,185.091,185.091,88
1779962820,185.079,185.08,185.071,185.075,44
