time,open,high,low,close,volume
1779483360,159.199,159.205,159.196,159.198,68
1779656460,158.738,158.738,158.738,158.738,8
1779656580,158.702,158.738,158.702,158.738,2
1779656640,158.747,158.747,158.747,158.747,2
1779656700,158.741,158.745,158.738,158.741,13
1779656760,158.739,158.743,158.739,158.739,11
1779656820,158.742,158.742,158.741,158.741,4
1779656940,158.741,158.741,158.741,158.741,1
1779657000,158.742,158.743,158.742,158.743,6
1779657060,158.736,158.758,158.736,158.758,16
1779657120,158.745,158.748,158.743,158.743,6
1779657180,158.744,158.817,158.744,158.754,19
1779657240,158.742,158.75,158.738,158.745,14
1779657300,158.755,158.81,158.755,158.763,28
1779657360,158.762,158.762,158.757,158.758,12
1779657420,158.759,158.759,158.757,158.757,6
1779657480,158.755,158.797,158.752,158.757,15
1779657540,158.758,158.772,158.755,158.77,11
1779657600,158.769,158.775,158.769,158.773,15
1779657660,158.775,158.775,158.773,158.773,4
1779657780,158.766,158.767,158.766,158.767,3
1779657840,158.766,158.766,158.766,158.766,1
1779657900,158.764,158.769,158.764,158.767,18
1779657960,158.768,158.771,158.753,158.753,27
1779658020,158.752,158.753,158.751,158.753,7
1779658080,158.754,158.766,158.754,158.756,14
1779658140,158.757,158.757,158.757,158.757,3
1779658200,158.758,158.772,158.758,158.772,4
1779658260,158.822,158.833,158.796,158.796,12
1779658320,158.796,158.859,158.79,158.81,18
1779658380,158.81,158.857,158.81,158.857,4
1779658440,158.858,158.866,158.811,158.811,16
1779658500,158.812,158.812,158.803,158.803,4
1779658560,158.773,158.775,158.771,158.774,14
1779658620,158.772,158.83,158.771,158.83,20
1779658680,158.824,158.83,158.802,158.802,11
1779658740,158.802,158.886,158.802,158.886,19
1779658800,158.862,158.862,158.819,158.819,8
1779658860,158.816,158.821,158.812,158.82,22
1779658920,158.821,158.824,158.813,158.821,10
1779658980,158.828,158.828,158.81,158.817,22
1779659040,158.818,158.818,158.815,158.815,8
1779659100,158.815,158.815,158.815,158.815,5
1779659160,158.806,158.814,158.805,158.814,5
1779659280,158.81,158.824,158.81,158.814,8
1779659400,158.814,158.814,158.814,158.814,2
1779659460,158.814,158.814,158.814,158.814,2
1779659520,158.812,158.822,158.792,158.82,27
1779659580,158.82,158.82,158.794,158.816,14
1779659640,158.812,158.812,158.812,158.812,2
1779659700,158.816,158.816,158.816,158.816,1
1779659760,158.816,158.844,158.816,158.834,11
1779659820,158.833,158.839,158.829,158.833,26
1779659880,158.831,158.835,158.831,158.834,12
1779659940,158.835,158.837,158.831,158.834,21
1779660000,158.94,158.968,158.927,158.949,180
1779660060,158.948,158.956,158.912,158.924,136
1779660120,158.925,158.939,158.886,158.89,92
1779660180,158.88,158.913,158.855,158.886,122
1779660240,158.885,158.885,158.865,158.877,98
1779660300,158.878,158.878,158.837,158.846,115
1779660360,158.847,158.87,158.846,158.856,76
1779660420,158.854,158.854,158.838,158.838,26
1779660480,158.839,158.849,158.827,158.838,58
1779660540,158.838,158.84,158.825,158.839,72
1779660600,158.84,158.879,158.84,158.876,82
1779660660,158.866,158.884,158.865,158.878,44
1779660720,158.879,158.886,158.871,158.872,67
1779660780,158.871,158.878,158.86,158.862,36
1779660840,158.863,158.888,158.862,158.88,42
1779660900,158.881,158.883,158.863,158.88,76
1779660960,158.88,158.888,158.877,158.886,74
1779661020,158.887,158.919,158.88,158.904,85
1779661080,158.905,158.91,158.891,158.904,59
1779661140,158.904,158.918,158.902,158.914,46
1779661200,158.915,158.92,158.904,158.913,62
1779661260,158.913,158.917,158.889,158.901,78
1779661320,158.901,158.901,158.877,158.877,58
1779661380,158.877,158.89,158.876,158.889,47
1779661440,158.889,158.902,158.888,158.902,30
1779661500,158.892,158.892,158.877,158.879,44
1779661560,158.877,158.886,158.877,158.881,67
1779661620,158.879,158.88,158.84,158.854,69
1779661680,158.852,158.858,158.849,158.852,45
1779661740,158.85,158.864,158.849,158.864,62
1779661800,158.863,158.865,158.835,158.842,75
1779661860,158.841,158.853,158.826,158.846,99
1779661920,158.844,158.853,158.838,158.84,64
1779661980,158.84,158.847,158.827,158.845,48
1779662040,158.847,158.854,158.842,158.848,37
1779662100,158.848,158.854,158.828,158.853,61
1779662160,158.851,158.855,158.842,158.853,95
1779662220,158.853,158.856,158.851,158.854,30
1779662280,158.855,158.857,158.841,158.845,53
1779662340,158.846,158.852,158.843,158.843,52
1779662400,158.844,158.855,158.843,158.854,91
1779662460,158.854,158.868,158.852,158.865,84
1779662520,158.866,158.866,158.857,158.861,62
1779662580,158.861,158.865,158.853,158.865,69
1779662640,158.864,158.865,158.853,158.855,45
1779662700,158.854,158.868,158.853,158.857,58
1779662760,158.855,158.863,158.842,158.853,89
1779662820,158.853,158.859,158.852,158.858,23
1779662880,158.857,158.863,158.856,158.857,43
1779662940,158.857,158.866,158.856,158.856,64
1779663000,158.856,158.857,158.856,158.857,14
1779663060,158.856,158.863,158.85,158.863,51
1779663120,158.861,158.876,158.861,158.875,49
1779663180,158.877,158.877,158.856,158.867,66
1779663240,158.869,158.876,158.865,158.868,37
1779663300,158.868,158.878,158.866,158.878,54
1779663360,158.875,158.881,158.875,158.878,37
1779663420,158.878,158.882,158.876,158.88,31
1779663480,158.88,158.88,158.875,158.879,29
1779663540,158.879,158.882,158.868,158.882,29
1779663600,158.881,158.882,158.864,158.867,113
1779663660,158.867,158.874,158.866,158.871,50
1779663720,158.87,158.873,158.869,158.87,68
1779663780,158.868,158.869,158.862,158.862,56
1779663840,158.863,158.864,158.855,158.857,70
1779663900,158.857,158.868,158.851,158.867,83
1779663960,158.866,158.869,158.856,158.862,52
1779664020,158.862,158.867,158.853,158.863,57
1779664080,158.863,158.864,158.853,158.853,38
1779664140,158.855,158.855,158.843,158.854,45
1779664200,158.852,158.857,158.843,158.849,38
1779664260,158.85,158.868,158.848,158.864,57
1779664320,158.865,158.876,158.864,158.867,45
1779664380,158.866,158.871,158.865,158.868,36
1779664440,158.868,158.874,158.867,158.871,40
1779664500,158.87,158.871,158.867,158.868,22
1779664560,158.869,158.873,158.865,158.867,45
1779664620,158.867,158.888,158.864,158.874,61
1779664680,158.88,158.881,158.876,158.879,42
1779664740,158.878,158.878,158.876,158.876,10
1779664800,158.877,158.878,158.865,158.867,40
1779664860,158.868,158.878,158.867,158.871,36
1779664920,158.872,158.878,158.869,158.872,34
1779664980,158.871,158.872,158.866,158.866,24
1779665040,158.866,158.874,158.866,158.867,21
1779665100,158.867,158.879,158.866,158.878,24
1779665160,158.878,158.879,158.868,158.868,22
1779665220,158.867,158.868,158.866,158.867,33
1779665280,158.867,158.868,158.867,158.867,8
1779665340,158.868,158.879,158.867,158.879,42
1779665400,158.879,158.881,158.878,158.879,34
1779665460,158.878,158.879,158.878,158.879,13
1779665520,158.878,158.88,158.876,158.88,14
1779665580,158.88,158.88,158.878,158.88,29
1779665640,158.88,158.888,158.88,158.885,30
1779665700,158.885,158.896,158.881,158.892,54
1779665760,158.893,158.895,158.892,158.892,32
1779665820,158.891,158.894,158.89,158.893,36
1779665880,158.893,158.894,158.889,158.891,24
1779665940,158.891,158.891,158.882,158.882,17
1779666000,158.882,158.896,158.879,158.892,24
1779666060,158.892,158.907,158.892,158.906,40
1779666120,158.905,158.906,158.903,158.906,25
1779666180,158.906,158.907,158.903,158.904,18
1779666240,158.905,158.915,158.904,158.907,43
1779666300,158.907,158.921,158.907,158.918,39
1779666360,158.911,158.918,158.911,158.917,29
1779666420,158.918,158.918,158.917,158.917,21
1779666480,158.918,158.92,158.917,158.918,38
1779666540,158.917,158.925,158.917,158.917,34
1779666600,158.916,158.92,158.916,158.919,35
1779666660,158.92,158.93,158.92,158.929,25
1779666720,158.929,158.933,158.928,158.932,31
1779666780,158.93,158.933,158.93,158.93,28
1779666840,158.928,158.942,158.928,158.94,46
1779666900,158.938,158.946,158.937,158.946,37
1779666960,158.944,158.956,158.944,158.954,42
1779667020,158.953,158.962,158.953,158.958,39
1779667080,158.957,158.962,158.953,158.955,48
1779667140,158.955,158.958,158.955,158.958,22
1779667200,158.957,158.962,158.941,158.941,72
1779667260,158.942,158.942,158.925,158.927,66
1779667320,158.926,158.929,158.926,158.927,36
1779667380,158.928,158.928,158.926,158.927,28
1779667440,158.927,158.956,158.927,158.953,46
1779667500,158.954,158.955,158.951,158.952,26
1779667560,158.951,158.954,158.939,158.939,52
1779667620,158.94,158.94,158.938,158.938,38
1779667680,158.927,158.927,158.914,158.918,67
1779667740,158.917,158.936,158.914,158.921,70
1779667800,158.92,158.92,158.906,158.913,44
1779667860,158.912,158.915,158.902,158.902,36
1779667920,158.901,158.915,158.901,158.913,56
1779667980,158.914,158.915,158.912,158.914,42
1779668040,158.913,158.92,158.913,158.914,41
1779668100,158.916,158.916,158.901,158.904,82
1779668160,158.903,158.904,158.889,158.892,71
1779668220,158.893,158.903,158.889,158.889,42
1779668280,158.891,158.893,158.889,158.891,44
1779668340,158.892,158.9,158.891,158.893,77
1779668400,158.891,158.904,158.89,158.902,54
1779668460,158.901,158.904,158.899,158.902,44
1779668520,158.901,158.905,158.899,158.904,56
1779668580,158.903,158.904,158.89,158.895,64
1779668640,158.896,158.897,158.89,158.896,63
1779668700,158.897,158.906,158.893,158.903,67
1779668760,158.904,158.913,158.904,158.905,36
1779668820,158.908,158.912,158.905,158.911,32
1779668880,158.912,158.914,158.904,158.914,49
1779668940,158.913,158.913,158.897,158.897,32
1779669000,158.897,158.901,158.89,158.891,82
1779669060,158.893,158.914,158.893,158.914,30
1779669120,158.913,158.913,158.901,158.902,18
1779669180,158.902,158.907,158.902,158.902,19
1779669240,158.903,158.907,158.903,158.905,32
1779669300,158.904,158.914,158.903,158.914,34
1779669360,158.916,158.922,158.908,158.922,30
1779669420,158.923,158.937,158.914,158.916,47
1779669480,158.917,158.917,158.916,158.916,19
1779669540,158.914,158.918,158.914,158.918,18
1779669600,158.917,158.918,158.915,158.916,39
1779669660,158.917,158.917,158.915,158.916,22
1779669720,158.917,158.925,158.917,158.924,31
1779669780,158.922,158.926,158.916,158.917,43
1779669840,158.918,158.918,158.903,158.905,46
1779669900,158.905,158.906,158.902,158.902,34
1779669960,158.902,158.902,158.887,158.888,38
1779670020,158.888,158.89,158.877,158.877,32
1779670080,158.878,158.894,158.877,158.88,59
1779670140,158.881,158.886,158.843,158.861,98
1779670200,158.859,158.876,158.856,158.863,106
1779670260,158.865,158.865,158.847,158.847,54
1779670320,158.848,158.868,158.848,158.862,92
1779670380,158.859,158.863,158.841,158.843,86
1779670440,158.844,158.868,158.832,158.868,140
1779670500,158.869,158.869,158.845,158.855,158
1779670560,158.858,158.875,158.856,158.875,94
1779670620,158.874,158.892,158.874,158.892,48
1779670680,158.893,158.914,158.891,158.914,74
1779670740,158.915,158.926,158.895,158.897,148
1779670800,158.896,158.9,158.887,158.891,84
1779670860,158.892,158.892,158.884,158.888,95
1779670920,158.89,158.894,158.88,158.884,72
1779670980,158.883,158.884,158.87,158.875,76
1779671040,158.876,158.881,158.874,158.878,44
1779671100,158.878,158.88,158.875,158.876,44
1779671160,158.877,158.877,158.861,158.863,57
1779671220,158.862,158.866,158.859,158.864,46
1779671280,158.865,158.886,158.863,158.882,86
1779671340,158.881,158.887,158.873,158.877,72
1779671400,158.876,158.892,158.875,158.889,84
1779671460,158.888,158.889,158.875,158.877,69
1779671520,158.877,158.881,158.872,158.88,72
1779671580,158.879,158.88,158.862,158.864,61
1779671640,158.862,158.864,158.811,158.813,120
1779671700,158.82,158.826,158.813,158.826,76
1779671760,158.827,158.829,158.819,158.824,64
1779671820,158.825,158.838,158.822,158.824,70
1779671880,158.825,158.832,158.823,158.829,60
1779671940,158.828,158.832,158.796,158.797,80
1779672000,158.798,158.812,158.79,158.807,76
1779672060,158.81,158.813,158.808,158.813,41
1779672120,158.812,158.819,158.811,158.814,57
1779672180,158.815,158.815,158.801,158.802,46
1779672240,158.79,158.802,158.787,158.802,66
1779672300,158.801,158.801,158.791,158.8,46
1779672360,158.8,158.801,158.785,158.785,62
1779672420,158.78,158.799,158.78,158.795,71
1779672480,158.794,158.798,158.786,158.786,93
1779672540,158.785,158.785,158.758,158.766,84
1779672600,158.767,158.772,158.761,158.772,118
1779672660,158.771,158.797,158.766,158.796,69
1779672720,158.798,158.814,158.79,158.812,105
1779672780,158.811,158.812,158.798,158.802,64
1779672840,158.802,158.813,158.802,158.809,70
1779672900,158.81,158.816,158.807,158.812,111
1779672960,158.812,158.816,158.8,158.8,60
1779673020,158.801,158.802,158.796,158.798,58
1779673080,158.797,158.804,158.797,158.803,46
1779673140,158.801,158.802,158.79,158.799,53
1779673200,158.8,158.802,158.798,158.801,48
1779673260,158.8,158.801,158.789,158.801,63
1779673320,158.8,158.808,158.8,158.802,56
1779673380,158.802,158.814,158.801,158.813,44
1779673440,158.814,158.832,158.812,158.832,45
1779673500,158.828,158.837,158.828,158.837,47
1779673560,158.837,158.852,158.833,158.84,87
1779673620,158.837,158.838,158.825,158.836,29
1779673680,158.837,158.841,158.837,158.839,21
1779673740,158.838,158.849,158.838,158.849,50
1779673800,158.85,158.853,158.848,158.851,51
1779673860,158.853,158.854,158.849,158.854,51
1779673920,158.853,158.855,158.851,158.853,54
1779673980,158.854,158.858,158.851,158.853,41
1779674040,158.853,158.864,158.852,158.861,36
1779674100,158.861,158.863,158.852,158.853,50
1779674160,158.853,158.876,158.852,158.875,60
1779674220,158.876,158.879,158.875,158.879,49
1779674280,158.878,158.88,158.874,158.875,49
1779674340,158.875,158.878,158.874,158.877,63
1779674400,158.878,158.878,158.863,158.865,45
1779674460,158.864,158.879,158.864,158.873,38
1779674520,158.873,158.876,158.873,158.873,41
1779674580,158.873,158.875,158.873,158.873,23
1779674640,158.874,158.877,158.873,158.877,13
1779674700,158.876,158.877,158.861,158.861,57
1779674760,158.859,158.863,158.848,158.85,46
1779674820,158.85,158.85,158.835,158.837,43
1779674880,158.837,158.84,158.837,158.837,56
1779674940,158.837,158.84,158.836,158.836,40
1779675000,158.836,158.839,158.835,158.839,45
1779675060,158.84,158.851,158.84,158.85,49
1779675120,158.849,158.851,158.848,158.85,37
1779675180,158.85,158.862,158.849,158.857,39
1779675240,158.858,158.86,158.854,158.857,34
1779675300,158.859,158.862,158.855,158.859,52
1779675360,158.86,158.876,158.86,158.872,35
1779675420,158.873,158.874,158.87,158.873,24
1779675480,158.872,158.873,158.847,158.855,46
1779675540,158.857,158.861,158.855,158.859,40
1779675600,158.858,158.861,158.858,158.861,19
1779675660,158.86,158.864,158.854,158.862,36
1779675720,158.863,158.871,158.861,158.862,44
1779675780,158.863,158.864,158.851,158.851,43
1779675840,158.85,158.852,158.849,158.851,37
1779675900,158.852,158.855,158.85,158.854,68
1779675960,158.855,158.864,158.855,158.864,49
1779676020,158.864,158.865,158.862,158.864,41
1779676080,158.863,158.865,158.86,158.862,40
1779676140,158.863,158.863,158.848,158.849,32
1779676200,158.85,158.85,158.847,158.849,34
1779676260,158.849,158.862,158.848,158.861,39
1779676320,158.862,158.862,158.849,158.849,18
1779676380,158.848,158.852,158.847,158.85,39
1779676440,158.852,158.857,158.85,158.856,48
1779676500,158.856,158.857,158.85,158.851,52
1779676560,158.85,158.85,158.837,158.842,37
1779676620,158.842,158.847,158.841,158.846,24
1779676680,158.844,158.847,158.843,158.847,14
1779676740,158.846,158.855,158.845,158.854,16
1779676800,158.853,158.859,158.848,158.848,50
1779676860,158.849,158.85,158.848,158.848,22
1779676920,158.849,158.849,158.847,158.848,25
1779676980,158.848,158.849,158.847,158.848,14
1779677040,158.848,158.849,158.848,158.848,14
1779677100,158.848,158.848,158.835,158.839,31
1779677160,158.845,158.848,158.836,158.847,59
1779677220,158.849,158.852,158.846,158.849,44
1779677280,158.85,158.852,158.847,158.849,38
1779677340,158.85,158.85,158.845,158.845,22
1779677400,158.846,158.846,158.846,158.846,2
1779677460,158.846,158.846,158.846,158.846,4
1779677520,158.846,158.846,158.845,158.846,11
1779677580,158.846,158.846,158.846,158.846,5
1779677640,158.846,158.847,158.846,158.847,7
1779677700,158.849,158.852,158.849,158.849,42
1779677760,158.85,158.857,158.85,158.853,38
1779677820,158.853,158.858,158.851,158.851,42
1779677880,158.85,158.855,158.848,158.854,54
1779677940,158.854,158.864,158.849,158.849,65
1779678000,158.848,158.851,158.833,158.842,69
1779678060,158.841,158.85,158.841,158.848,40
1779678120,158.847,158.859,158.847,158.858,29
1779678180,158.859,158.859,158.851,158.851,36
1779678240,158.856,158.86,158.853,158.859,44
1779678300,158.86,158.86,158.857,158.857,27
1779678360,158.858,158.86,158.855,158.855,42
1779678420,158.853,158.862,158.853,158.86,46
1779678480,158.858,158.874,158.858,158.867,62
1779678540,158.868,158.868,158.863,158.865,34
1779678600,158.866,158.87,158.865,158.869,38
1779678660,158.87,158.87,158.863,158.869,38
1779678720,158.869,158.87,158.868,158.869,17
1779678780,158.869,158.874,158.867,158.867,51
1779678840,158.868,158.87,158.867,158.868,40
1779678900,158.867,158.873,158.867,158.871,38
1779678960,158.873,158.873,158.871,158.871,28
1779679020,158.872,158.874,158.867,158.868,38
1779679080,158.872,158.873,158.863,158.864,36
1779679140,158.863,158.875,158.863,158.874,27
1779679200,158.873,158.875,158.871,158.873,48
1779679260,158.873,158.873,158.864,158.868,65
1779679320,158.87,158.884,158.869,158.875,43
1779679380,158.874,158.876,158.874,158.876,31
1779679440,158.877,158.877,158.873,158.873,28
1779679500,158.873,158.874,158.871,158.873,16
1779679560,158.873,158.874,158.872,158.872,24
1779679620,158.872,158.873,158.853,158.859,36
1779679680,158.866,158.872,158.866,158.872,28
1779679740,158.873,158.873,158.871,158.871,21
1779679800,158.869,158.871,158.869,158.87,8
1779679860,158.863,158.871,158.861,158.871,44
1779679920,158.87,158.871,158.87,158.87,11
1779679980,158.87,158.871,158.87,158.87,10
1779680040,158.87,158.872,158.87,158.871,8
1779680100,158.864,158.864,158.848,158.862,69
1779680160,158.861,158.862,158.86,158.86,34
1779680220,158.861,158.864,158.86,158.863,33
1779680280,158.862,158.865,158.862,158.864,20
1779680340,158.863,158.873,158.863,158.867,37
1779680400,158.871,158.871,158.866,158.867,45
1779680460,158.866,158.867,158.866,158.867,22
1779680520,158.866,158.869,158.865,158.869,32
1779680580,158.868,158.874,158.868,158.873,56
1779680640,158.873,158.876,158.869,158.873,30
1779680700,158.873,158.886,158.873,158.874,50
1779680760,158.875,158.889,158.875,158.887,45
1779680820,158.888,158.89,158.883,158.883,60
1779680880,158.884,158.888,158.883,158.886,35
1779680940,158.887,158.889,158.886,158.886,38
1779681000,158.886,158.888,158.88,158.88,41
1779681060,158.88,158.888,158.88,158.887,55
1779681120,158.887,158.887,158.873,158.876,49
1779681180,158.875,158.878,158.875,158.877,22
1779681240,158.881,158.89,158.88,158.887,34
1779681300,158.888,158.888,158.879,158.879,50
1779681360,158.878,158.889,158.878,158.888,38
1779681420,158.889,158.892,158.883,158.89,34
1779681480,158.891,158.891,158.882,158.886,36
1779681540,158.885,158.886,158.883,158.886,36
1779681600,158.886,158.887,158.875,158.883,50
1779681660,158.885,158.885,158.883,158.883,30
1779681720,158.884,158.886,158.881,158.885,24
1779681780,158.884,158.886,158.871,158.872,31
1779681840,158.873,158.873,158.871,158.872,12
1779681900,158.873,158.877,158.872,158.876,32
1779681960,158.876,158.898,158.876,158.897,24
1779682020,158.895,158.898,158.893,158.896,30
1779682080,158.898,158.899,158.897,158.897,22
1779682140,158.898,158.9,158.898,158.898,27
1779682200,158.899,158.899,158.898,158.899,14
1779682260,158.896,158.898,158.887,158.888,42
1779682320,158.889,158.896,158.887,158.896,46
1779682380,158.896,158.899,158.895,158.899,39
1779682440,158.897,158.9,158.897,158.899,14
1779682500,158.9,158.911,158.895,158.911,49
1779682560,158.91,158.91,158.898,158.906,54
1779682620,158.906,158.908,158.905,158.907,33
1779682680,158.907,158.911,158.905,158.91,18
1779682740,158.911,158.912,158.91,158.912,24
1779682800,158.912,158.913,158.911,158.913,27
1779682860,158.911,158.913,158.909,158.913,24
1779682920,158.912,158.913,158.911,158.911,15
1779682980,158.912,158.913,158.911,158.912,25
1779683040,158.913,158.913,158.911,158.912,25
1779683100,158.913,158.913,158.911,158.912,30
1779683160,158.913,158.914,158.911,158.913,23
1779683220,158.913,158.913,158.911,158.912,22
1779683280,158.913,158.915,158.912,158.914,25
1779683340,158.913,158.915,158.912,158.912,35
1779683400,158.913,158.913,158.898,158.899,35
1779683460,158.9,158.9,158.888,158.892,54
1779683520,158.891,158.898,158.886,158.895,39
1779683580,158.896,158.899,158.895,158.899,7
1779683640,158.9,158.902,158.898,158.901,36
1779683700,158.9,158.901,158.898,158.9,26
1779683760,158.9,158.901,158.886,158.887,49
1779683820,158.886,158.887,158.881,158.881,25
1779683880,158.876,158.881,158.873,158.88,35
1779683940,158.879,158.887,158.879,158.886,23
1779684000,158.887,158.89,158.881,158.887,59
1779684060,158.888,158.89,158.885,158.885,19
1779684120,158.887,158.888,158.885,158.887,19
1779684180,158.887,158.888,158.886,158.888,13
1779684240,158.887,158.888,158.885,158.886,26
1779684300,158.883,158.883,158.875,158.877,47
1779684360,158.877,158.877,158.874,158.874,19
1779684420,158.875,158.876,158.861,158.863,37
1779684480,158.864,158.864,158.862,158.863,18
1779684540,158.863,158.873,158.863,158.864,25
1779684600,158.864,158.864,158.861,158.862,27
1779684660,158.861,158.861,158.846,158.853,60
1779684720,158.854,158.864,158.853,158.864,52
1779684780,158.865,158.865,158.862,158.864,29
1779684840,158.862,158.863,158.86,158.862,17
1779684900,158.862,158.864,158.86,158.863,51
1779684960,158.854,158.86,158.851,158.856,50
1779685020,158.857,158.862,158.851,158.86,52
1779685080,158.861,158.863,158.854,158.862,66
1779685140,158.861,158.862,158.858,158.862,52
1779685200,158.864,158.865,158.861,158.865,60
1779685260,158.864,158.866,158.86,158.862,57
1779685320,158.861,158.863,158.861,158.862,49
1779685380,158.863,158.864,158.86,158.862,60
1779685440,158.863,158.866,158.862,158.862,51
1779685500,158.862,158.867,158.862,158.862,49
1779685560,158.863,158.864,158.847,158.848,43
1779685620,158.847,158.851,158.847,158.85,22
1779685680,158.851,158.853,158.85,158.851,47
1779685740,158.852,158.856,158.847,158.849,54
1779685800,158.85,158.852,158.846,158.847,40
1779685860,158.848,158.849,158.847,158.848,23
1779685920,158.849,158.854,158.848,158.854,63
1779685980,158.854,158.856,158.851,158.853,40
1779686040,158.853,158.855,158.852,158.855,31
1779686100,158.856,158.868,158.856,158.866,44
1779686160,158.865,158.869,158.865,158.866,36
1779686220,158.866,158.866,158.855,158.856,28
1779686280,158.857,158.865,158.854,158.856,33
1779686340,158.855,158.862,158.855,158.862,16
1779686400,158.861,158.865,158.861,158.865,25
1779686460,158.864,158.874,158.864,158.873,38
1779686520,158.874,158.874,158.86,158.861,36
1779686580,158.862,158.867,158.862,158.867,9
1779686640,158.865,158.869,158.864,158.868,28
1779686700,158.868,158.874,158.863,158.864,68
1779686760,158.865,158.873,158.863,158.873,47
1779686820,158.872,158.873,158.867,158.867,18
1779686880,158.868,158.875,158.867,158.871,40
1779686940,158.871,158.874,158.867,158.869,37
1779687000,158.869,158.874,158.86,158.862,58
1779687060,158.861,158.869,158.861,158.869,39
1779687120,158.87,158.872,158.864,158.869,56
1779687180,158.868,158.868,158.863,158.865,60
1779687240,158.866,158.869,158.863,158.866,41
1779687300,158.865,158.866,158.862,158.864,37
1779687360,158.864,158.865,158.863,158.863,29
1779687420,158.864,158.867,158.859,158.86,50
1779687480,158.861,158.861,158.859,158.86,24
1779687540,158.861,158.861,158.859,158.86,15
1779687600,158.862,158.874,158.862,158.874,44
1779687660,158.875,158.879,158.874,158.878,35
1779687720,158.879,158.889,158.878,158.887,49
1779687780,158.888,158.888,158.877,158.88,54
1779687840,158.881,158.884,158.874,158.875,46
1779687900,158.874,158.875,158.871,158.872,40
1779687960,158.871,158.873,158.871,158.872,28
1779688020,158.873,158.879,158.872,158.878,43
1779688080,158.877,158.889,158.876,158.887,42
1779688140,158.888,158.889,158.886,158.888,27
1779688200,158.889,158.89,158.887,158.889,49
1779688260,158.888,158.89,158.886,158.886,36
1779688320,158.888,158.891,158.887,158.89,42
1779688380,158.89,158.89,158.887,158.887,32
1779688440,158.888,158.889,158.887,158.889,27
1779688500,158.89,158.904,158.89,158.903,40
1779688560,158.902,158.917,158.901,158.917,58
1779688620,158.918,158.926,158.915,158.924,57
1779688680,158.925,158.937,158.923,158.924,72
1779688740,158.923,158.932,158.922,158.924,92
1779688800,158.925,158.936,158.925,158.932,110
1779688860,158.933,158.933,158.921,158.923,118
1779688920,158.924,158.928,158.912,158.912,94
1779688980,158.913,158.921,158.912,158.921,80
1779689040,158.921,158.927,158.916,158.917,66
1779689100,158.916,158.922,158.913,158.913,79
1779689160,158.912,158.912,158.9,158.907,60
1779689220,158.907,158.924,158.901,158.922,45
1779689280,158.922,158.922,158.909,158.911,53
1779689340,158.912,158.923,158.912,158.915,41
1779689400,158.913,158.913,158.903,158.906,54
1779689460,158.906,158.913,158.901,158.913,62
1779689520,158.913,158.916,158.911,158.912,43
1779689580,158.913,158.923,158.911,158.911,55
1779689640,158.912,158.916,158.912,158.914,58
1779689700,158.914,158.914,158.911,158.913,54
1779689760,158.912,158.913,158.897,158.911,67
1779689820,158.912,158.915,158.91,158.91,44
1779689880,158.908,158.908,158.899,158.901,69
1779689940,158.903,158.907,158.903,158.907,37
1779690000,158.909,158.916,158.908,158.912,74
1779690060,158.912,158.916,158.911,158.915,52
1779690120,158.915,158.917,158.91,158.91,54
1779690180,158.911,158.919,158.91,158.916,51
1779690240,158.917,158.917,158.91,158.914,44
1779690300,158.913,158.913,158.902,158.908,73
1779690360,158.907,158.908,158.902,158.903,69
1779690420,158.904,158.915,158.903,158.91,42
1779690480,158.911,158.913,158.91,158.913,23
1779690540,158.914,158.924,158.913,158.916,57
1779690600,158.918,158.924,158.91,158.91,62
1779690660,158.911,158.914,158.901,158.905,45
1779690720,158.904,158.917,158.903,158.916,57
1779690780,158.917,158.918,158.9,158.906,76
1779690840,158.907,158.911,158.898,158.898,78
1779690900,158.899,158.902,158.896,158.898,46
1779690960,158.899,158.911,158.891,158.898,58
1779691020,158.899,158.915,158.898,158.914,67
1779691080,158.915,158.92,158.914,158.916,46
1779691140,158.919,158.921,158.912,158.917,87
1779691200,158.916,158.922,158.914,158.916,68
1779691260,158.915,158.923,158.915,158.923,53
1779691320,158.922,158.925,158.922,158.923,32
1779691380,158.924,158.928,158.924,158.926,35
1779691440,158.925,158.928,158.925,158.926,43
1779691500,158.926,158.927,158.924,158.925,38
1779691560,158.925,158.926,158.912,158.913,54
1779691620,158.913,158.913,158.9,158.91,65
1779691680,158.909,158.913,158.909,158.913,28
1779691740,158.912,158.914,158.909,158.914,42
1779691800,158.913,158.922,158.913,158.922,53
1779691860,158.92,158.923,158.913,158.913,41
1779691920,158.915,158.924,158.915,158.921,53
1779691980,158.922,158.926,158.914,158.914,46
1779692040,158.913,158.916,158.909,158.914,46
1779692100,158.913,158.915,158.911,158.914,41
1779692160,158.913,158.917,158.913,158.917,23
1779692220,158.917,158.924,158.915,158.918,79
1779692280,158.919,158.921,158.911,158.912,65
1779692340,158.913,158.914,158.901,158.905,67
1779692400,158.904,158.923,158.901,158.92,100
1779692460,158.921,158.921,158.911,158.913,84
1779692520,158.912,158.92,158.906,158.907,72
1779692580,158.912,158.92,158.911,158.92,53
1779692640,158.919,158.932,158.917,158.932,48
1779692700,158.938,158.945,158.938,158.943,41
1779692760,158.945,158.955,158.944,158.948,68
1779692820,158.95,158.951,158.948,158.949,47
1779692880,158.95,158.962,158.949,158.962,67
1779692940,158.961,158.963,158.956,158.963,66
1779693000,158.964,158.968,158.963,158.967,65
1779693060,158.966,158.97,158.965,158.965,51
1779693120,158.966,158.97,158.964,158.966,49
1779693180,158.965,158.988,158.965,158.983,63
1779693240,158.986,158.989,158.986,158.988,43
1779693300,158.989,158.995,158.979,158.979,45
1779693360,158.982,158.989,158.971,158.989,59
1779693420,158.99,158.998,158.987,158.993,60
1779693480,158.993,159.037,158.992,159.035,126
1779693540,159.034,159.037,159.002,159.02,98
1779693600,159.022,159.035,159.022,159.035,89
1779693660,159.027,159.034,159.025,159.026,64
1779693720,159.027,159.04,159.021,159.037,82
1779693780,159.038,159.038,159.031,159.036,62
1779693840,159.035,159.037,159.023,159.026,82
1779693900,159.026,159.034,159.024,159.027,66
1779693960,159.027,159.033,159.022,159.023,76
1779694020,159.024,159.025,159.015,159.022,50
1779694080,159.023,159.028,159.023,159.027,31
1779694140,159.028,159.036,159.021,159.024,68
1779694200,159.023,159.026,159.022,159.025,41
1779694260,159.026,159.026,159.002,159.005,67
1779694320,159.003,159.003,158.976,158.979,66
1779694380,158.982,158.993,158.967,158.993,120
1779694440,158.998,159.013,158.998,159.004,94
1779694500,159.004,159.006,158.999,159.002,96
1779694560,159.001,159.008,158.996,159.008,93
1779694620,159.006,159.011,159.001,159.004,75
1779694680,159.005,159.007,158.999,159.001,47
1779694740,159.001,159.004,158.998,158.998,54
1779694800,158.999,158.999,158.99,158.992,34
1779694860,158.993,158.993,158.977,158.977,47
1779694920,158.974,158.984,158.974,158.976,56
1779694980,158.974,158.983,158.973,158.976,59
1779695040,158.975,158.976,158.969,158.974,69
1779695100,158.975,158.978,158.973,158.978,49
1779695160,158.979,158.99,158.978,158.981,76
1779695220,158.982,158.989,158.978,158.986,46
1779695280,158.987,158.987,158.981,158.987,41
1779695340,158.987,158.987,158.981,158.981,55
1779695400,158.982,158.982,158.972,158.974,56
1779695460,158.973,158.974,158.97,158.974,31
1779695520,158.973,158.973,158.963,158.972,49
1779695580,158.971,158.982,158.971,158.979,49
1779695640,158.979,158.983,158.972,158.977,55
1779695700,158.978,158.978,158.974,158.976,50
1779695760,158.98,158.988,158.976,158.981,85
1779695820,158.981,158.992,158.98,158.986,58
1779695880,158.988,158.988,158.974,158.977,94
1779695940,158.976,158.976,158.972,158.974,60
1779696000,158.968,158.99,158.967,158.99,84
1779696060,158.991,158.991,158.983,158.989,66
1779696120,158.988,158.99,158.978,158.988,63
1779696180,158.988,158.989,158.972,158.975,76
1779696240,158.974,158.986,158.973,158.983,56
1779696300,158.984,158.987,158.978,158.985,43
1779696360,158.987,158.987,158.971,158.971,58
1779696420,158.972,158.974,158.955,158.956,56
1779696480,158.955,158.958,158.951,158.958,29
1779696540,158.959,158.96,158.951,158.952,60
1779696600,158.952,158.952,158.933,158.935,51
1779696660,158.934,158.939,158.923,158.935,70
1779696720,158.936,158.937,158.934,158.936,53
1779696780,158.937,158.937,158.93,158.933,55
1779696840,158.927,158.941,158.926,158.938,50
1779696900,158.938,158.944,158.937,158.941,80
1779696960,158.94,158.953,158.938,158.952,45
1779697020,158.952,158.953,158.95,158.951,46
1779697080,158.952,158.956,158.952,158.954,36
1779697140,158.954,158.955,158.953,158.955,14
1779697200,158.952,158.952,158.945,158.95,56
1779697260,158.951,158.951,158.941,158.944,36
1779697320,158.945,158.949,158.938,158.948,46
1779697380,158.949,158.95,158.94,158.941,41
1779697440,158.942,158.945,158.941,158.943,38
1779697500,158.943,158.944,158.934,158.936,56
1779697560,158.935,158.942,158.935,158.94,59
1779697620,158.941,158.942,158.936,158.938,73
1779697680,158.938,158.94,158.936,158.937,52
1779697740,158.938,158.939,158.935,158.938,59
1779697800,158.937,158.941,158.926,158.926,77
1779697860,158.927,158.929,158.927,158.929,30
1779697920,158.93,158.93,158.928,158.929,19
1779697980,158.929,158.929,158.924,158.924,33
1779698040,158.924,158.927,158.924,158.925,41
1779698100,158.924,158.926,158.911,158.926,76
1779698160,158.925,158.938,158.921,158.922,60
1779698220,158.921,158.925,158.92,158.924,31
1779698280,158.925,158.937,158.923,158.936,62
1779698340,158.937,158.947,158.936,158.942,90
1779698400,158.941,158.943,158.938,158.939,53
1779698460,158.94,158.952,158.938,158.952,69
1779698520,158.953,158.953,158.952,158.953,27
1779698580,158.952,158.953,158.936,158.942,50
1779698640,158.943,158.943,158.938,158.94,66
1779698700,158.939,158.94,158.931,158.933,40
1779698760,158.932,158.938,158.931,158.938,48
1779698820,158.937,158.937,158.917,158.923,97
1779698880,158.924,158.925,158.917,158.921,58
1779698940,158.92,158.927,158.917,158.917,52
1779699000,158.917,158.927,158.915,158.917,62
1779699060,158.918,158.935,158.917,158.935,53
1779699120,158.934,158.95,158.933,158.942,54
1779699180,158.94,158.94,158.936,158.938,48
1779699240,158.937,158.939,158.935,158.937,55
1779699300,158.938,158.941,158.901,158.913,88
1779699360,158.914,158.927,158.913,158.927,70
1779699420,158.926,158.927,158.911,158.919,64
1779699480,158.922,158.929,158.914,158.914,59
1779699540,158.915,158.917,158.912,158.917,68
1779699600,158.915,158.918,158.914,158.917,70
1779699660,158.916,158.916,158.902,158.903,82
1779699720,158.902,158.908,158.894,158.905,63
1779699780,158.905,158.917,158.905,158.914,43
1779699840,158.915,158.915,158.908,158.909,62
1779699900,158.909,158.912,158.9,158.902,74
1779699960,158.904,158.914,158.901,158.912,61
1779700020,158.913,158.913,158.907,158.908,32
1779700080,158.91,158.917,158.909,158.915,54
1779700140,158.916,158.916,158.911,158.912,33
1779700200,158.913,158.913,158.905,158.911,46
1779700260,158.912,158.917,158.909,158.915,32
1779700320,158.914,158.927,158.914,158.916,49
1779700380,158.917,158.921,158.913,158.914,76
1779700440,158.915,158.939,158.914,158.939,50
1779700500,158.94,158.94,158.936,158.938,57
1779700560,158.939,158.941,158.937,158.937,54
1779700620,158.934,158.938,158.926,158.93,67
1779700680,158.929,158.931,158.928,158.931,33
1779700740,158.93,158.933,158.929,158.93,30
1779700800,158.93,158.941,158.929,158.929,40
1779700860,158.93,158.938,158.929,158.937,42
1779700920,158.934,158.941,158.932,158.939,50
1779700980,158.94,158.943,158.94,158.941,28
1779701040,158.942,158.943,158.94,158.942,35
1779701100,158.941,158.943,158.941,158.942,19
1779701160,158.942,158.942,158.926,158.928,45
1779701220,158.927,158.929,158.922,158.929,32
1779701280,158.928,158.938,158.928,158.933,52
1779701340,158.932,158.939,158.932,158.932,56
1779701400,158.933,158.934,158.929,158.929,41
1779701460,158.929,158.93,158.926,158.926,49
1779701520,158.926,158.927,158.92,158.921,41
1779701580,158.921,158.924,158.916,158.921,50
1779701640,158.92,158.925,158.917,158.922,52
1779701700,158.923,158.928,158.923,158.927,38
1779701760,158.928,158.934,158.928,158.932,44
1779701820,158.932,158.932,158.928,158.931,40
1779701880,158.931,158.931,158.927,158.928,35
1779701940,158.929,158.936,158.922,158.926,62
1779702000,158.922,158.924,158.915,158.915,31
1779702060,158.916,158.928,158.915,158.925,38
1779702120,158.926,158.926,158.922,158.923,25
1779702180,158.92,158.924,158.918,158.923,24
1779702240,158.923,158.923,158.922,158.922,22
1779702300,158.922,158.929,158.921,158.927,29
1779702360,158.926,158.927,158.915,158.925,54
1779702420,158.923,158.924,158.921,158.922,20
1779702480,158.921,158.929,158.921,158.928,52
1779702540,158.928,158.928,158.926,158.928,23
1779702600,158.927,158.929,158.926,158.928,46
1779702660,158.928,158.93,158.926,158.93,35
1779702720,158.93,158.931,158.928,158.929,25
1779702780,158.929,158.929,158.926,158.928,29
1779702840,158.929,158.93,158.928,158.93,31
1779702900,158.929,158.929,158.925,158.928,31
1779702960,158.927,158.929,158.926,158.928,38
1779703020,158.929,158.93,158.927,158.93,37
1779703080,158.929,158.939,158.928,158.938,44
1779703140,158.937,158.937,158.926,158.927,46
1779703200,158.926,158.926,158.922,158.924,38
1779703260,158.923,158.928,158.923,158.927,35
1779703320,158.926,158.927,158.924,158.925,18
1779703380,158.925,158.927,158.925,158.926,22
1779703440,158.927,158.927,158.922,158.924,39
1779703500,158.925,158.927,158.923,158.926,44
1779703560,158.927,158.929,158.927,158.928,22
1779703620,158.929,158.929,158.925,158.928,28
1779703680,158.927,158.936,158.924,158.924,36
1779703740,158.923,158.925,158.921,158.924,19
1779703800,158.925,158.93,158.919,158.928,45
1779703860,158.929,158.94,158.928,158.936,30
1779703920,158.937,158.937,158.932,158.934,47
1779703980,158.935,158.936,158.93,158.933,26
1779704040,158.933,158.935,158.933,158.934,15
1779704100,158.934,158.936,158.93,158.932,34
1779704160,158.932,158.932,158.927,158.927,5
1779704220,158.926,158.929,158.926,158.928,11
1779704280,158.927,158.93,158.927,158.928,31
1779704340,158.94,158.941,158.929,158.929,27
1779704400,158.93,158.939,158.929,158.938,57
1779704460,158.936,158.937,158.929,158.93,42
1779704520,158.931,158.934,158.929,158.932,28
1779704580,158.933,158.935,158.927,158.93,62
1779704640,158.931,158.933,158.931,158.932,29
1779704700,158.933,158.938,158.929,158.937,45
1779704760,158.936,158.937,158.93,158.931,27
1779704820,158.932,158.935,158.931,158.935,27
1779704880,158.936,158.936,158.932,158.935,47
1779704940,158.934,158.937,158.934,158.935,48
1779705000,158.936,158.938,158.931,158.932,42
1779705060,158.931,158.933,158.93,158.933,33
1779705120,158.934,158.939,158.934,158.936,42
1779705180,158.937,158.938,158.932,158.938,39
1779705240,158.937,158.948,158.937,158.947,49
1779705300,158.947,158.949,158.945,158.949,33
1779705360,158.949,158.952,158.941,158.941,39
1779705420,158.942,158.943,158.941,158.943,18
1779705480,158.945,158.946,158.94,158.942,47
1779705540,158.943,158.943,158.941,158.941,37
1779705600,158.942,158.942,158.938,158.939,34
1779705660,158.938,158.941,158.935,158.936,50
1779705720,158.937,158.941,158.936,158.941,31
1779705780,158.942,158.943,158.939,158.94,42
1779705840,158.941,158.941,158.93,158.931,45
1779705900,158.932,158.938,158.927,158.936,51
1779705960,158.935,158.941,158.935,158.94,44
1779706020,158.939,158.942,158.939,158.94,24
1779706080,158.94,158.941,158.939,158.939,15
1779706140,158.94,158.942,158.936,158.938,38
1779706200,158.938,158.941,158.937,158.939,45
1779706260,158.939,158.941,158.938,158.94,28
1779706320,158.94,158.941,158.935,158.938,45
1779706380,158.939,158.949,158.937,158.948,24
1779706440,158.947,158.947,158.939,158.939,38
1779706500,158.94,158.942,158.939,158.941,24
1779706560,158.942,158.944,158.941,158.942,22
1779706620,158.942,158.95,158.94,158.946,43
1779706680,158.947,158.947,158.942,158.943,51
1779706740,158.945,158.948,158.943,158.946,47
1779706800,158.947,158.951,158.942,158.944,76
1779706860,158.942,158.953,158.941,158.953,44
1779706920,158.951,158.954,158.946,158.954,34
1779706980,158.953,158.954,158.95,158.952,42
1779707040,158.951,158.954,158.951,158.952,41
1779707100,158.953,158.957,158.951,158.957,55
1779707160,158.958,158.959,158.954,158.955,57
1779707220,158.956,158.956,158.951,158.953,47
1779707280,158.955,158.955,158.95,158.951,29
1779707340,158.95,158.952,158.944,158.949,69
1779707400,158.946,158.947,158.94,158.946,46
1779707460,158.945,158.949,158.94,158.94,40
1779707520,158.939,158.942,158.938,158.938,54
1779707580,158.939,158.94,158.936,158.937,41
1779707640,158.938,158.942,158.937,158.942,24
1779707700,158.942,158.944,158.94,158.942,46
1779707760,158.942,158.943,158.939,158.94,52
1779707820,158.939,158.939,158.936,158.938,15
1779707880,158.937,158.939,158.937,158.938,12
1779707940,158.937,158.938,158.933,158.933,29
1779708000,158.935,158.938,158.933,158.938,47
1779708060,158.939,158.941,158.936,158.936,52
1779708120,158.935,158.938,158.935,158.936,44
1779708180,158.938,158.939,158.937,158.939,12
1779708240,158.938,158.942,158.937,158.938,44
1779708300,158.937,158.941,158.937,158.941,22
1779708360,158.94,158.942,158.938,158.941,37
1779708420,158.942,158.942,158.937,158.939,63
1779708480,158.94,158.941,158.938,158.939,29
1779708540,158.938,158.939,158.936,158.937,28
1779708600,158.938,158.939,158.919,158.921,51
1779708660,158.922,158.93,158.922,158.929,38
1779708720,158.927,158.93,158.926,158.927,53
1779708780,158.926,158.929,158.914,158.929,60
1779708840,158.928,158.93,158.928,158.928,13
1779708900,158.929,158.93,158.927,158.928,27
1779708960,158.928,158.928,158.914,158.914,37
1779709020,158.913,158.921,158.913,158.914,68
1779709080,158.908,158.916,158.903,158.914,41
1779709140,158.915,158.915,158.902,158.902,55
1779709200,158.901,158.909,158.901,158.904,47
1779709260,158.905,158.906,158.902,158.906,62
1779709320,158.905,158.91,158.903,158.903,53
1779709380,158.903,158.904,158.9,158.902,51
1779709440,158.902,158.904,158.9,158.901,55
1779709500,158.902,158.903,158.891,158.902,46
1779709560,158.903,158.904,158.9,158.902,55
1779709620,158.903,158.913,158.899,158.913,52
1779709680,158.914,158.915,158.901,158.907,50
1779709740,158.908,158.91,158.904,158.909,48
1779709800,158.908,158.912,158.907,158.911,38
1779709860,158.911,158.915,158.91,158.912,35
1779709920,158.909,158.909,158.905,158.908,54
1779709980,158.908,158.912,158.908,158.911,34
1779710040,158.911,158.912,158.902,158.906,46
1779710100,158.907,158.919,158.907,158.916,57
1779710160,158.918,158.926,158.915,158.925,80
1779710220,158.924,158.927,158.92,158.926,41
1779710280,158.932,158.94,158.926,158.936,52
1779710340,158.937,158.939,158.932,158.935,48
1779710400,158.936,158.942,158.927,158.927,98
1779710460,158.928,158.934,158.927,158.927,62
1779710520,158.93,158.93,158.924,158.927,42
1779710580,158.926,158.927,158.922,158.925,47
1779710640,158.925,158.926,158.911,158.915,42
1779710700,158.917,158.926,158.914,158.926,57
1779710760,158.925,158.93,158.923,158.929,65
1779710820,158.93,158.93,158.915,158.923,69
1779710880,158.92,158.925,158.914,158.915,47
1779710940,158.917,158.922,158.917,158.919,74
1779711000,158.918,158.921,158.915,158.917,72
1779711060,158.92,158.926,158.915,158.916,56
1779711120,158.917,158.923,158.915,158.915,40
1779711180,158.914,158.915,158.91,158.913,61
1779711240,158.914,158.914,158.899,158.901,54
1779711300,158.9,158.908,158.9,158.905,56
1779711360,158.905,158.905,158.901,158.902,40
1779711420,158.901,158.912,158.898,158.912,52
1779711480,158.912,158.913,158.903,158.905,57
1779711540,158.906,158.912,158.905,158.911,50
1779711600,158.911,158.923,158.911,158.923,72
1779711660,158.924,158.924,158.92,158.923,30
1779711720,158.924,158.924,158.911,158.913,34
1779711780,158.912,158.922,158.891,158.901,62
1779711840,158.9,158.907,158.9,158.9,60
1779711900,158.901,158.912,158.899,158.912,51
1779711960,158.911,158.914,158.911,158.913,50
1779712020,158.912,158.913,158.91,158.913,57
1779712080,158.912,158.913,158.909,158.912,40
1779712140,158.912,158.915,158.911,158.915,58
1779712200,158.914,158.923,158.912,158.919,57
1779712260,158.919,158.919,158.899,158.904,80
1779712320,158.903,158.906,158.9,158.901,82
1779712380,158.9,158.911,158.9,158.908,40
1779712440,158.901,158.902,158.899,158.901,33
1779712500,158.902,158.904,158.9,158.9,60
1779712560,158.901,158.903,158.899,158.901,47
1779712620,158.902,158.905,158.9,158.901,47
1779712680,158.901,158.904,158.897,158.901,56
1779712740,158.901,158.903,158.901,158.901,31
1779712800,158.901,158.902,158.891,158.901,36
1779712860,158.9,158.901,158.89,158.894,58
1779712920,158.895,158.896,158.89,158.894,63
1779712980,158.894,158.9,158.893,158.893,57
1779713040,158.894,158.895,158.89,158.894,70
1779713100,158.891,158.903,158.885,158.887,87
1779713160,158.888,158.888,158.881,158.882,75
1779713220,158.887,158.888,158.881,158.881,30
1779713280,158.882,158.889,158.881,158.885,45
1779713340,158.887,158.89,158.886,158.889,44
1779713400,158.888,158.892,158.885,158.891,46
1779713460,158.892,158.901,158.89,158.894,75
1779713520,158.893,158.899,158.893,158.895,85
1779713580,158.897,158.9,158.895,158.895,63
1779713640,158.896,158.899,158.893,158.897,70
1779713700,158.898,158.899,158.895,158.898,27
1779713760,158.897,158.899,158.895,158.896,59
1779713820,158.897,158.902,158.896,158.901,65
1779713880,158.9,158.907,158.899,158.901,69
1779713940,158.902,158.903,158.9,158.902,46
1779714000,158.906,158.906,158.9,158.901,77
1779714060,158.9,158.905,158.899,158.904,58
1779714120,158.903,158.908,158.9,158.901,45
1779714180,158.9,158.902,158.899,158.901,39
1779714240,158.904,158.906,158.896,158.901,55
1779714300,158.9,158.901,158.898,158.898,23
1779714360,158.899,158.901,158.898,158.901,45
1779714420,158.902,158.903,158.897,158.898,54
1779714480,158.898,158.901,158.894,158.894,56
1779714540,158.893,158.899,158.891,158.894,64
1779714600,158.895,158.899,158.89,158.891,53
1779714660,158.892,158.9,158.886,158.9,62
1779714720,158.899,158.901,158.896,158.897,52
1779714780,158.898,158.898,158.89,158.891,28
1779714840,158.896,158.896,158.888,158.892,49
1779714900,158.893,158.903,158.893,158.901,48
1779714960,158.901,158.901,158.891,158.896,49
1779715020,158.897,158.901,158.896,158.9,71
1779715080,158.901,158.902,158.899,158.901,32
1779715140,158.9,158.911,158.898,158.906,73
1779715200,158.905,158.912,158.9,158.912,42
1779715260,158.911,158.912,158.901,158.903,50
1779715320,158.907,158.912,158.902,158.906,42
1779715380,158.905,158.911,158.902,158.911,46
1779715440,158.912,158.913,158.908,158.91,47
1779715500,158.91,158.913,158.906,158.913,53
1779715560,158.912,158.913,158.903,158.909,70
1779715620,158.908,158.912,158.903,158.908,58
1779715680,158.907,158.918,158.907,158.912,54
1779715740,158.911,158.915,158.911,158.912,45
1779715800,158.913,158.913,158.899,158.91,74
1779715860,158.909,158.913,158.898,158.901,54
1779715920,158.902,158.91,158.901,158.91,48
1779715980,158.911,158.912,158.901,158.908,72
1779716040,158.911,158.912,158.903,158.905,58
1779716100,158.904,158.911,158.904,158.91,51
1779716160,158.913,158.914,158.907,158.911,50
1779716220,158.912,158.912,158.9,158.905,86
1779716280,158.906,158.912,158.903,158.912,44
1779716340,158.911,158.913,158.901,158.91,61
1779716400,158.91,158.91,158.903,158.904,52
1779716460,158.903,158.913,158.903,158.906,59
1779716520,158.906,158.911,158.901,158.909,65
1779716580,158.91,158.911,158.909,158.91,28
1779716640,158.911,158.912,158.905,158.91,40
1779716700,158.912,158.912,158.906,158.907,31
1779716760,158.909,158.914,158.908,158.911,48
1779716820,158.91,158.923,158.91,158.916,57
1779716880,158.915,158.922,158.911,158.912,65
1779716940,158.911,158.919,158.911,158.918,35
1779717000,158.919,158.919,158.913,158.916,38
1779717060,158.915,158.918,158.912,158.915,51
1779717120,158.916,158.922,158.914,158.916,60
1779717180,158.915,158.923,158.911,158.913,51
1779717240,158.914,158.921,158.914,158.916,56
1779717300,158.915,158.916,158.913,158.914,40
1779717360,158.915,158.92,158.914,158.917,30
1779717420,158.918,158.926,158.915,158.915,67
1779717480,158.916,158.918,158.914,158.916,64
1779717540,158.916,158.921,158.91,158.918,84
1779717600,158.922,158.922,158.914,158.919,79
1779717660,158.918,158.918,158.912,158.912,47
1779717720,158.911,158.922,158.911,158.916,73
1779717780,158.915,158.917,158.913,158.913,47
1779717840,158.914,158.915,158.904,158.912,68
1779717900,158.913,158.915,158.913,158.913,24
1779717960,158.914,158.915,158.912,158.914,41
1779718020,158.913,158.921,158.913,158.916,54
1779718080,158.917,158.918,158.915,158.917,51
1779718140,158.918,158.919,158.911,158.911,44
1779718200,158.913,158.915,158.912,158.913,47
1779718260,158.914,158.914,158.912,158.912,31
1779718320,158.913,158.918,158.911,158.918,50
1779718380,158.914,158.916,158.913,158.915,43
1779718440,158.916,158.917,158.913,158.914,44
1779718500,158.915,158.915,158.91,158.913,41
1779718560,158.912,158.914,158.91,158.913,34
1779718620,158.913,158.915,158.913,158.915,21
1779718680,158.916,158.916,158.912,158.913,28
1779718740,158.914,158.914,158.911,158.914,26
1779718800,158.912,158.912,158.905,158.91,55
1779718860,158.911,158.911,158.901,158.903,44
1779718920,158.91,158.912,158.901,158.905,52
1779718980,158.904,158.91,158.9,158.901,36
1779719040,158.902,158.905,158.901,158.904,29
1779719100,158.905,158.909,158.904,158.906,46
1779719160,158.907,158.911,158.904,158.907,70
1779719220,158.908,158.909,158.906,158.908,39
1779719280,158.909,158.91,158.906,158.909,59
1779719340,158.908,158.911,158.904,158.91,65
1779719400,158.906,158.911,158.905,158.909,51
1779719460,158.91,158.912,158.908,158.912,39
1779719520,158.911,158.915,158.911,158.913,50
1779719580,158.912,158.914,158.912,158.913,41
1779719640,158.914,158.914,158.91,158.912,40
1779719700,158.913,158.917,158.913,158.915,42
1779719760,158.916,158.916,158.913,158.913,14
1779719820,158.914,158.917,158.913,158.916,25
1779719880,158.916,158.916,158.913,158.915,20
1779719940,158.916,158.916,158.912,158.912,19
1779720000,158.911,158.914,158.91,158.912,35
1779720060,158.911,158.912,158.888,158.896,80
1779720120,158.897,158.902,158.895,158.901,44
1779720180,158.902,158.904,158.901,158.903,19
1779720240,158.904,158.904,158.898,158.898,40
1779720300,158.899,158.901,158.897,158.9,43
1779720360,158.901,158.904,158.894,158.9,81
1779720420,158.901,158.91,158.901,158.902,58
1779720480,158.903,158.911,158.898,158.9,48
1779720540,158.901,158.907,158.9,158.907,33
1779720600,158.903,158.904,158.9,158.904,28
1779720660,158.906,158.908,158.901,158.904,36
1779720720,158.903,158.905,158.902,158.903,26
1779720780,158.904,158.908,158.903,158.907,21
1779720840,158.905,158.918,158.904,158.916,62
1779720900,158.914,158.915,158.903,158.906,82
1779720960,158.905,158.911,158.905,158.91,70
1779721020,158.909,158.923,158.909,158.923,76
1779721080,158.921,158.923,158.911,158.915,102
1779721140,158.916,158.924,158.911,158.918,70
1779721200,158.919,158.927,158.919,158.925,39
1779721260,158.924,158.926,158.923,158.925,62
1779721320,158.926,158.937,158.924,158.925,79
1779721380,158.93,158.932,158.926,158.927,79
1779721440,158.926,158.932,158.924,158.926,56
1779721500,158.925,158.936,158.925,158.931,80
1779721560,158.933,158.935,158.931,158.934,40
1779721620,158.935,158.949,158.929,158.934,52
1779721680,158.935,158.938,158.934,158.936,45
1779721740,158.936,158.95,158.936,158.948,63
1779721800,158.949,158.949,158.911,158.911,97
1779721860,158.912,158.92,158.887,158.912,160
1779721920,158.905,158.922,158.905,158.914,74
1779721980,158.913,158.924,158.912,158.923,95
1779722040,158.922,158.93,158.922,158.926,65
1779722100,158.926,158.927,158.917,158.922,79
1779722160,158.923,158.927,158.92,158.921,82
1779722220,158.921,158.925,158.916,158.922,98
1779722280,158.923,158.923,158.912,158.914,64
1779724500,158.891,158.891,158.89,158.89,21
1779724560,158.89,158.891,158.887,158.888,31
1779724620,158.888,158.896,158.888,158.895,35
1779724680,158.896,158.9,158.894,158.896,40
1779724740,158.897,158.899,158.896,158.898,24
1779724800,158.897,158.904,158.897,158.904,48
1779724860,158.903,158.912,158.901,158.903,36
1779724920,158.902,158.904,158.896,158.897,37
1779724980,158.896,158.901,158.893,158.901,38
1779725040,158.902,158.911,158.902,158.907,45
1779725100,158.908,158.915,158.908,158.915,25
1779725160,158.916,158.916,158.915,158.915,19
1779725220,158.915,158.915,158.906,158.906,30
1779725280,158.907,158.908,158.901,158.903,40
1779725340,158.903,158.907,158.902,158.906,31
1779725400,158.907,158.912,158.906,158.908,38
1779725460,158.907,158.909,158.902,158.902,29
1779725520,158.906,158.913,158.904,158.912,42
1779725580,158.911,158.912,158.906,158.907,29
1779725640,158.906,158.909,158.901,158.903,38
1779725700,158.902,158.904,158.901,158.904,20
1779725760,158.904,158.91,158.904,158.908,54
1779725820,158.909,158.91,158.903,158.905,18
1779725880,158.905,158.913,158.904,158.912,33
1779725940,158.913,158.915,158.911,158.914,35
1779726000,158.913,158.915,158.913,158.914,29
1779726060,158.914,158.916,158.91,158.91,29
1779726120,158.91,158.913,158.909,158.91,63
1779726180,158.911,158.916,158.908,158.915,73
1779726240,158.914,158.914,158.91,158.912,34
1779726300,158.912,158.913,158.907,158.911,36
1779726360,158.911,158.915,158.911,158.915,32
1779726420,158.915,158.915,158.913,158.914,25
1779726480,158.913,158.915,158.913,158.915,16
1779726540,158.914,158.921,158.914,158.916,34
1779726600,158.915,158.917,158.915,158.917,19
1779726660,158.916,158.919,158.915,158.917,24
1779726720,158.915,158.915,158.912,158.913,37
1779726780,158.913,158.916,158.912,158.916,42
1779726840,158.915,158.916,158.913,158.914,48
1779726900,158.915,158.916,158.908,158.909,74
1779726960,158.91,158.912,158.907,158.908,41
1779727020,158.907,158.909,158.907,158.908,28
1779727080,158.909,158.909,158.903,158.908,22
1779727140,158.909,158.917,158.908,158.917,22
1779727200,158.917,158.923,158.916,158.916,40
1779727260,158.915,158.915,158.911,158.911,33
1779727320,158.912,158.917,158.911,158.917,18
1779727380,158.917,158.917,158.909,158.913,22
1779727440,158.914,158.917,158.913,158.917,16
1779727500,158.916,158.917,158.912,158.913,16
1779727560,158.913,158.913,158.912,158.912,13
1779727620,158.912,158.913,158.902,158.902,34
1779727680,158.903,158.912,158.902,158.907,20
1779727740,158.903,158.908,158.903,158.906,37
1779727800,158.907,158.907,158.898,158.903,36
1779727860,158.903,158.903,158.896,158.9,25
1779727920,158.899,158.906,158.898,158.905,42
1779727980,158.906,158.916,158.902,158.908,44
1779728040,158.909,158.91,158.907,158.91,42
1779728100,158.907,158.91,158.902,158.908,26
1779728160,158.909,158.909,158.898,158.901,34
1779728220,158.899,158.904,158.897,158.899,42
1779728280,158.897,158.903,158.896,158.903,53
1779728340,158.9,158.901,158.89,158.897,52
1779728400,158.898,158.898,158.895,158.896,28
1779728460,158.897,158.9,158.897,158.898,28
1779728520,158.899,158.899,158.893,158.894,18
1779728580,158.893,158.897,158.893,158.897,17
1779728640,158.894,158.896,158.893,158.896,19
1779728700,158.897,158.899,158.896,158.897,22
1779728760,158.898,158.902,158.897,158.902,40
1779728820,158.901,158.901,158.895,158.897,24
1779728880,158.896,158.899,158.895,158.899,20
1779728940,158.898,158.899,158.894,158.895,37
1779729000,158.896,158.896,158.894,158.894,13
1779729060,158.894,158.895,158.89,158.891,22
1779729120,158.891,158.895,158.889,158.891,52
1779729180,158.892,158.898,158.892,158.898,86
1779729240,158.899,158.907,158.898,158.901,38
1779729300,158.902,158.902,158.894,158.895,24
1779729360,158.891,158.892,158.889,158.89,17
1779729420,158.89,158.893,158.889,158.889,26
1779729480,158.889,158.891,158.889,158.891,14
1779729540,158.891,158.894,158.891,158.891,29
1779729600,158.891,158.894,158.891,158.892,24
1779729660,158.897,158.899,158.895,158.896,51
1779729720,158.897,158.902,158.897,158.901,23
1779729780,158.9,158.903,158.9,158.903,35
1779729840,158.904,158.906,158.903,158.903,31
1779729900,158.903,158.903,158.902,158.903,23
1779729960,158.902,158.903,158.902,158.903,21
1779730020,158.904,158.905,158.904,158.904,10
1779730080,158.899,158.899,158.895,158.897,24
1779730140,158.896,158.899,158.896,158.898,17
1779730200,158.897,158.898,158.895,158.895,51
1779730260,158.895,158.896,158.889,158.889,31
1779730320,158.889,158.892,158.888,158.891,23
1779730380,158.892,158.895,158.892,158.894,20
1779730440,158.893,158.893,158.893,158.893,2
1779730500,158.894,158.894,158.892,158.892,12
1779730560,158.894,158.894,158.894,158.894,4
1779730620,158.903,158.903,158.901,158.902,24
1779730680,158.901,158.901,158.887,158.888,14
1779730740,158.889,158.89,158.888,158.89,11
1779730800,158.889,158.89,158.889,158.89,16
1779730860,158.89,158.892,158.89,158.891,19
1779730920,158.89,158.891,158.89,158.89,14
1779730980,158.891,158.892,158.89,158.892,12
1779731040,158.892,158.893,158.892,158.893,3
1779731100,158.892,158.902,158.892,158.902,20
1779731160,158.902,158.903,158.901,158.902,11
1779731220,158.903,158.904,158.902,158.903,18
1779731280,158.904,158.904,158.901,158.902,20
1779731340,158.902,158.904,158.902,158.903,16
1779731400,158.902,158.903,158.902,158.902,13
1779731460,158.902,158.904,158.902,158.904,11
1779731520,158.903,158.904,158.902,158.903,19
1779731580,158.902,158.902,158.891,158.892,17
1779731640,158.893,158.893,158.891,158.892,7
1779731700,158.891,158.893,158.891,158.893,7
1779731760,158.894,158.898,158.894,158.896,24
1779731820,158.897,158.898,158.896,158.896,21
1779731880,158.896,158.898,158.896,158.898,14
1779731940,158.898,158.898,158.897,158.897,12
1779732000,158.896,158.898,158.895,158.897,17
1779732060,158.898,158.898,158.896,158.898,21
1779732120,158.899,158.9,158.894,158.895,47
1779732180,158.896,158.896,158.894,158.896,63
1779732240,158.895,158.897,158.895,158.897,9
1779732300,158.896,158.898,158.896,158.897,25
1779732420,158.898,158.898,158.897,158.897,10
1779733260,158.893,158.893,158.893,158.893,3
1779733320,158.898,158.899,158.897,158.897,28
1779733380,158.897,158.9,158.897,158.9,17
1779733440,158.901,158.902,158.9,158.9,11
1779733500,158.899,158.9,158.899,158.899,15
1779733560,158.898,158.9,158.898,158.899,10
1779733620,158.9,158.9,158.899,158.899,16
1779733680,158.898,158.899,158.898,158.898,10
1779733740,158.9,158.902,158.9,158.902,15
1779733800,158.903,158.904,158.901,158.902,21
1779733860,158.901,158.904,158.901,158.904,9
1779733920,158.905,158.905,158.902,158.904,27
1779733980,158.905,158.905,158.903,158.904,8
1779734040,158.903,158.905,158.903,158.904,7
1779734100,158.904,158.904,158.902,158.902,10
1779734160,158.903,158.904,158.903,158.904,5
1779734220,158.904,158.904,158.903,158.903,9
1779734280,158.904,158.904,158.9,158.901,9
1779734340,158.902,158.903,158.901,158.903,14
1779734400,158.904,158.905,158.904,158.905,7
1779734460,158.905,158.905,158.905,158.905,4
1779734520,158.905,158.905,158.905,158.905,2
1779734640,158.904,158.905,158.904,158.905,4
1779734700,158.905,158.905,158.903,158.903,5
1779734760,158.903,158.905,158.903,158.904,13
1779734820,158.904,158.904,158.903,158.904,9
1779734880,158.903,158.904,158.903,158.904,8
1779734940,158.905,158.906,158.902,158.904,14
1779735000,158.903,158.904,158.903,158.904,16
1779735060,158.903,158.903,158.898,158.902,18
1779735120,158.903,158.904,158.902,158.903,19
1779735180,158.904,158.904,158.904,158.904,2
1779735240,158.904,158.905,158.904,158.905,5
1779735300,158.905,158.905,158.904,158.904,6
1779735360,158.905,158.905,158.904,158.905,6
1779735420,158.904,158.905,158.904,158.905,8
1779735480,158.905,158.906,158.904,158.906,6
1779735540,158.905,158.905,158.905,158.905,4
1779735600,158.905,158.905,158.904,158.904,6
1779735660,158.905,158.905,158.902,158.902,8
1779735720,158.902,158.903,158.902,158.903,3
1779735780,158.902,158.904,158.902,158.903,7
1779735840,158.903,158.903,158.903,158.903,3
1779735900,158.902,158.903,158.902,158.903,4
1779735960,158.902,158.905,158.901,158.901,11
1779736020,158.903,158.903,158.902,158.902,4
1779736080,158.903,158.903,158.893,158.9,16
1779736140,158.899,158.903,158.899,158.902,16
1779736200,158.903,158.905,158.903,158.905,14
1779736260,158.904,158.904,158.903,158.904,5
1779736320,158.905,158.905,158.904,158.904,5
1779736380,158.905,158.905,158.905,158.905,5
1779736440,158.905,158.905,158.903,158.904,8
1779736500,158.903,158.904,158.903,158.904,9
1779736560,158.905,158.905,158.903,158.905,15
1779736620,158.904,158.905,158.903,158.904,8
1779736680,158.903,158.903,158.902,158.903,11
1779736740,158.902,158.903,158.902,158.903,14
1779736800,158.904,158.905,158.903,158.905,13
1779736860,158.904,158.905,158.904,158.905,2
1779736920,158.904,158.905,158.904,158.904,9
1779736980,158.903,158.903,158.893,158.893,22
1779737040,158.894,158.895,158.894,158.894,6
1779737100,158.902,158.903,158.902,158.903,28
1779737160,158.902,158.904,158.902,158.903,21
1779737220,158.902,158.903,158.9,158.901,14
1779737280,158.9,158.902,158.9,158.902,6
1779737340,158.901,158.902,158.892,158.9,22
1779737400,158.903,158.906,158.903,158.905,16
1779737460,158.906,158.906,158.906,158.906,3
1779737520,158.907,158.907,158.907,158.907,2
1779737580,158.906,158.906,158.905,158.905,3
1779737640,158.906,158.908,158.906,158.907,18
1779737700,158.906,158.908,158.905,158.905,14
1779737760,158.907,158.907,158.906,158.906,4
1779737820,158.905,158.905,158.903,158.905,19
1779737880,158.904,158.905,158.903,158.903,21
1779737940,158.902,158.902,158.899,158.901,20
1779738000,158.899,158.901,158.899,158.901,10
1779738060,158.9,158.901,158.9,158.9,6
1779738120,158.902,158.903,158.901,158.902,15
1779738180,158.901,158.906,158.901,158.905,25
1779738240,158.905,158.905,158.905,158.905,1
1779738300,158.905,158.905,158.905,158.905,4
1779738360,158.905,158.906,158.905,158.905,7
1779738420,158.906,158.907,158.906,158.906,6
1779738480,158.907,158.908,158.906,158.906,5
1779738540,158.907,158.907,158.906,158.906,4
1779738600,158.911,158.918,158.911,158.916,16
1779738660,158.917,158.92,158.916,158.92,21
1779738720,158.921,158.921,158.917,158.917,24
1779738780,158.918,158.92,158.918,158.92,7
1779738840,158.919,158.919,158.919,158.919,8
1779738900,158.921,158.921,158.917,158.917,24
1779738960,158.917,158.917,158.917,158.917,1
1779739020,158.918,158.919,158.916,158.918,15
1779739080,158.917,158.917,158.913,158.914,24
1779739140,158.912,158.914,158.912,158.913,28
1779739200,158.912,158.914,158.912,158.914,19
1779739260,158.914,158.916,158.909,158.909,12
1779739320,158.91,158.911,158.91,158.911,3
1779739380,158.91,158.913,158.909,158.913,13
1779739440,158.912,158.915,158.912,158.914,13
1779739500,158.915,158.916,158.914,158.916,9
1779739560,158.915,158.915,158.915,158.915,2
1779739620,158.916,158.918,158.916,158.918,8
1779739680,158.921,158.922,158.92,158.922,18
1779739740,158.921,158.924,158.921,158.924,17
1779739800,158.923,158.924,158.913,158.914,14
1779739860,158.915,158.916,158.914,158.915,18
1779739920,158.914,158.914,158.913,158.914,15
1779739980,158.914,158.915,158.909,158.909,15
1779740040,158.91,158.912,158.909,158.912,11
1779740100,158.913,158.913,158.911,158.913,21
1779740160,158.914,158.914,158.912,158.912,13
1779740220,158.912,158.913,158.911,158.912,15
1779740280,158.912,158.912,158.911,158.912,6
1779740340,158.913,158.915,158.912,158.915,14
1779740400,158.915,158.918,158.914,158.915,28
1779740460,158.916,158.921,158.916,158.917,19
1779740520,158.919,158.92,158.918,158.919,13
1779740580,158.92,158.92,158.917,158.917,16
1779740640,158.916,158.919,158.915,158.918,12
1779740700,158.917,158.918,158.916,158.918,11
1779740760,158.918,158.923,158.918,158.923,20
1779740820,158.922,158.923,158.917,158.919,42
1779740880,158.92,158.924,158.918,158.92,24
1779740940,158.919,158.922,158.919,158.921,35
1779741000,158.922,158.923,158.919,158.921,36
1779741060,158.922,158.924,158.92,158.921,23
1779741120,158.922,158.923,158.92,158.923,37
1779741180,158.922,158.923,158.921,158.922,20
1779741240,158.923,158.924,158.922,158.923,21
1779741300,158.925,158.925,158.918,158.922,66
1779741360,158.923,158.924,158.921,158.921,8
1779741420,158.92,158.923,158.92,158.923,32
1779741480,158.923,158.926,158.922,158.922,37
1779741540,158.921,158.924,158.921,158.922,30
1779741600,158.913,158.931,158.907,158.93,36
1779741660,158.93,158.931,158.93,158.931,8
1779741720,158.93,158.933,158.927,158.929,38
1779741780,158.929,158.929,158.922,158.926,36
1779741840,158.927,158.929,158.923,158.925,29
1779741900,158.923,158.925,158.918,158.922,56
1779741960,158.92,158.921,158.918,158.921,27
1779742020,158.918,158.922,158.917,158.92,23
1779742080,158.919,158.919,158.917,158.917,25
1779742140,158.918,158.92,158.916,158.918,33
1779742200,158.918,158.92,158.914,158.915,60
1779742260,158.914,158.917,158.909,158.91,20
1779742320,158.912,158.916,158.911,158.913,32
1779742380,158.914,158.919,158.914,158.916,28
1779742440,158.915,158.916,158.914,158.914,7
1779742500,158.913,158.917,158.912,158.912,19
1779742560,158.913,158.913,158.913,158.913,1
1779742620,158.913,158.913,158.909,158.911,5
1779742680,158.913,158.918,158.913,158.918,16
1779742860,158.856,158.856,158.854,158.854,4
1779742920,158.851,158.851,158.851,158.851,2
1779743040,158.85,158.85,158.85,158.85,2
1779743160,158.851,158.851,158.851,158.851,2
1779743220,158.85,158.85,158.85,158.85,2
1779743340,158.851,158.851,158.851,158.851,2
1779743400,158.85,158.85,158.85,158.85,2
1779744000,158.838,158.838,158.827,158.832,6
1779744060,158.83,158.835,158.83,158.835,8
1779744180,158.836,158.836,158.836,158.836,2
1779744240,158.833,158.834,158.833,158.834,4
1779744300,158.833,158.833,158.833,158.833,2
1779744360,158.834,158.834,158.834,158.834,2
1779744420,158.833,158.835,158.833,158.835,4
1779744480,158.833,158.833,158.829,158.833,8
1779744540,158.836,158.836,158.836,158.836,2
1779744600,158.83,158.841,158.828,158.834,24
1779744720,158.83,158.833,158.827,158.827,8
1779744780,158.83,158.839,158.827,158.839,10
1779744840,158.833,158.85,158.833,158.85,24
1779744900,158.84,158.85,158.84,158.844,12
1779744960,158.846,158.846,158.834,158.835,24
1779745020,158.84,158.85,158.836,158.85,18
1779745080,158.849,158.849,158.849,158.849,2
1779745200,158.85,158.85,158.835,158.838,20
1779745260,158.832,158.838,158.831,158.834,16
1779745320,158.836,158.839,158.799,158.799,43
1779745380,158.798,158.825,158.797,158.825,66
1779745440,158.824,158.831,158.802,158.828,158
1779745500,158.829,158.836,158.829,158.836,14
1779745560,158.835,158.837,158.835,158.836,8
1779745680,158.837,158.845,158.837,158.837,24
1779745740,158.834,158.847,158.834,158.838,49
1779745800,158.837,158.848,158.837,158.842,19
1779745860,158.842,158.843,158.834,158.839,17
1779745920,158.835,158.835,158.833,158.833,4
1779745980,158.834,158.842,158.834,158.841,8
1779746040,158.844,158.844,158.843,158.843,4
1779746100,158.844,158.85,158.844,158.85,27
1779746160,158.848,158.853,158.848,158.85,18
1779746220,158.849,158.853,158.849,158.85,8
1779746280,158.852,158.856,158.851,158.855,28
1779746340,158.849,158.849,158.844,158.844,26
1779746400,158.89,158.957,158.853,158.94,63
1779746460,158.939,158.953,158.939,158.948,42
1779746520,158.949,158.955,158.948,158.953,43
1779746580,158.954,158.962,158.953,158.962,40
1779746640,158.963,158.969,158.963,158.967,31
1779746700,158.966,158.966,158.952,158.954,38
1779746760,158.955,158.955,158.947,158.948,34
1779746820,158.951,158.952,158.925,158.925,35
1779746880,158.926,158.927,158.924,158.924,40
1779746940,158.925,158.925,158.922,158.924,16
1779747000,158.925,158.926,158.911,158.911,32
1779747060,158.91,158.911,158.897,158.91,40
1779747120,158.911,158.913,158.909,158.913,28
1779747180,158.914,158.915,158.912,158.914,18
1779747240,158.915,158.922,158.915,158.921,23
1779747300,158.92,158.921,158.919,158.919,18
1779747360,158.919,158.919,158.898,158.901,24
1779747420,158.91,158.913,158.909,158.913,20
1779747480,158.912,158.913,158.911,158.913,27
1779747540,158.913,158.913,158.911,158.912,19
1779747600,158.911,158.913,158.911,158.913,16
1779747660,158.912,158.913,158.908,158.91,26
1779747720,158.91,158.911,158.909,158.911,15
1779747780,158.911,158.913,158.911,158.912,25
1779747840,158.912,158.912,158.911,158.912,11
1779747900,158.911,158.912,158.911,158.912,21
1779747960,158.912,158.913,158.912,158.912,11
1779748020,158.913,158.914,158.912,158.913,25
1779748080,158.912,158.913,158.912,158.913,30
1779748140,158.913,158.925,158.912,158.924,32
1779748200,158.924,158.937,158.924,158.936,24
1779748260,158.937,158.944,158.935,158.936,25
1779748320,158.928,158.938,158.926,158.938,20
1779748380,158.937,158.945,158.936,158.94,32
1779748440,158.939,158.94,158.938,158.939,19
1779748500,158.939,158.939,158.936,158.937,27
1779748560,158.936,158.937,158.935,158.936,30
1779748620,158.935,158.936,158.932,158.932,14
1779748680,158.931,158.932,158.925,158.927,36
1779748740,158.927,158.927,158.925,158.926,28
1779748800,158.926,158.927,158.924,158.925,17
1779748860,158.93,158.933,158.93,158.932,6
1779748980,158.932,158.932,158.921,158.926,17
1779749040,158.925,158.927,158.925,158.926,11
1779749100,158.927,158.927,158.924,158.926,23
1779749160,158.926,158.926,158.921,158.922,18
1779749220,158.922,158.926,158.922,158.924,27
1779749280,158.925,158.927,158.924,158.927,23
1779749340,158.925,158.927,158.924,158.927,12
1779749400,158.927,158.927,158.926,158.926,14
1779749460,158.926,158.926,158.925,158.926,17
1779749520,158.926,158.926,158.924,158.925,11
1779749580,158.926,158.926,158.925,158.926,8
1779749640,158.926,158.926,158.925,158.926,6
1779749700,158.926,158.928,158.924,158.927,19
1779749760,158.928,158.929,158.925,158.925,20
1779749820,158.926,158.926,158.925,158.926,14
1779749880,158.925,158.928,158.925,158.928,14
1779749940,158.927,158.927,158.926,158.927,12
1779750000,158.927,158.929,158.925,158.927,50
1779750060,158.928,158.928,158.926,158.927,22
1779750120,158.926,158.927,158.913,158.913,22
1779750180,158.914,158.914,158.912,158.914,26
1779750240,158.913,158.926,158.911,158.925,23
1779750300,158.924,158.925,158.923,158.925,20
1779750360,158.924,158.926,158.924,158.925,13
1779750420,158.926,158.928,158.924,158.924,18
1779750480,158.926,158.927,158.924,158.927,24
1779750540,158.926,158.928,158.924,158.926,30
1779750600,158.925,158.926,158.924,158.926,45
1779750660,158.926,158.927,158.925,158.926,23
1779750720,158.925,158.927,158.925,158.927,19
1779750780,158.927,158.928,158.925,158.926,21
1779750840,158.927,158.927,158.925,158.925,21
1779750900,158.925,158.926,158.925,158.926,3
1779750960,158.925,158.926,158.925,158.926,4
1779751020,158.925,158.925,158.912,158.914,42
1779751080,158.913,158.915,158.912,158.914,24
1779751140,158.915,158.916,158.914,158.916,21
1779751200,158.917,158.917,158.915,158.915,13
1779751260,158.915,158.917,158.914,158.915,26
1779751320,158.915,158.916,158.915,158.915,9
1779751380,158.916,158.917,158.915,158.915,9
1779751440,158.917,158.952,158.914,158.938,70
1779751500,158.939,158.94,158.925,158.926,40
1779751560,158.927,158.937,158.926,158.933,32
1779751620,158.934,158.939,158.934,158.938,18
1779751680,158.937,158.951,158.937,158.939,36
1779751740,158.937,158.944,158.937,158.94,32
1779751800,158.943,158.95,158.943,158.95,46
1779751860,158.949,158.951,158.949,158.95,17
1779751920,158.951,158.952,158.944,158.951,36
1779751980,158.952,158.959,158.95,158.952,68
1779752040,158.951,158.954,158.951,158.952,48
1779752100,158.953,158.955,158.951,158.953,46
1779752160,158.954,158.966,158.952,158.96,71
1779752220,158.961,158.965,158.957,158.959,69
1779752280,158.961,158.964,158.955,158.96,56
1779752340,158.958,158.964,158.956,158.963,40
1779752400,158.962,158.963,158.954,158.959,50
1779752460,158.96,158.96,158.956,158.96,26
1779752520,158.961,158.961,158.952,158.954,32
1779752580,158.954,158.955,158.954,158.955,10
1779752640,158.954,158.961,158.953,158.953,40
1779752700,158.952,158.953,158.934,158.936,58
1779752760,158.937,158.946,158.936,158.946,36
1779752820,158.945,158.947,158.935,158.937,38
1779752880,158.938,158.952,158.937,158.937,45
1779752940,158.936,158.938,158.935,158.937,25
1779753000,158.938,158.951,158.937,158.939,41
1779753060,158.94,158.944,158.935,158.937,60
1779753120,158.938,158.939,158.936,158.938,29
1779753180,158.939,158.943,158.936,158.936,38
1779753240,158.937,158.938,158.936,158.937,21
1779753300,158.937,158.94,158.936,158.937,22
1779753360,158.938,158.95,158.937,158.949,27
1779753420,158.948,158.952,158.948,158.952,24
1779753480,158.951,158.956,158.951,158.954,29
1779753540,158.955,158.958,158.953,158.958,31
1779753600,158.954,158.967,158.947,158.951,128
1779753660,158.96,158.961,158.949,158.96,103
1779753720,158.955,158.962,158.95,158.951,80
1779753780,158.952,158.952,158.935,158.936,86
1779753840,158.938,158.94,158.936,158.939,49
1779753900,158.94,158.951,158.936,158.951,52
1779753960,158.944,158.957,158.94,158.953,98
1779754020,158.954,158.957,158.95,158.954,58
1779754080,158.953,158.954,158.949,158.95,43
1779754140,158.951,158.964,158.951,158.951,83
1779754200,158.953,158.965,158.953,158.962,40
1779754260,158.964,158.967,158.963,158.967,23
1779754320,158.966,158.967,158.957,158.959,61
1779754380,158.961,158.965,158.961,158.964,47
1779754440,158.963,158.966,158.948,158.966,53
1779754500,158.958,158.958,158.95,158.955,42
1779754560,158.96,158.964,158.952,158.956,66
1779754620,158.957,158.967,158.956,158.962,79
1779754680,158.963,158.976,158.962,158.97,118
1779754740,158.971,158.98,158.966,158.977,110
1779754800,158.978,158.992,158.975,158.989,115
1779754860,158.991,158.992,158.977,158.98,107
1779754920,158.985,158.987,158.978,158.987,36
1779754980,158.988,158.988,158.971,158.973,60
1779755040,158.974,158.982,158.973,158.982,28
1779755100,158.981,158.988,158.977,158.977,52
1779755160,158.978,158.981,158.973,158.981,58
1779755220,158.978,158.978,158.966,158.976,51
1779755280,158.977,158.988,158.976,158.982,76
1779755340,158.984,158.984,158.978,158.979,46
1779755400,158.979,158.979,158.948,158.961,86
1779755460,158.964,158.964,158.947,158.949,57
1779755520,158.95,158.962,158.95,158.961,35
1779755580,158.962,158.963,158.948,158.95,40
1779755640,158.951,158.96,158.949,158.956,39
1779755700,158.957,158.961,158.949,158.95,56
1779755760,158.95,158.956,158.949,158.953,45
1779755820,158.96,158.962,158.956,158.956,52
1779755880,158.957,158.961,158.954,158.96,50
1779755940,158.961,158.961,158.952,158.952,52
1779756000,158.953,158.959,158.952,158.957,33
1779756060,158.956,158.961,158.949,158.961,45
1779756120,158.961,158.966,158.952,158.953,45
1779756180,158.956,158.959,158.952,158.953,44
1779756240,158.952,158.954,158.951,158.953,16
1779756300,158.953,158.955,158.947,158.952,58
1779756360,158.953,158.955,158.948,158.954,49
1779756420,158.953,158.957,158.951,158.956,68
1779756480,158.955,158.958,158.954,158.954,98
1779756540,158.955,158.968,158.954,158.954,90
1779756600,158.955,158.969,158.955,158.962,80
1779756660,158.963,158.972,158.959,158.968,68
1779756720,158.973,158.979,158.965,158.974,74
1779756780,158.975,158.976,158.962,158.97,72
1779756840,158.971,158.99,158.963,158.985,102
1779756900,158.986,158.991,158.968,158.972,116
1779756960,158.971,158.974,158.966,158.973,40
1779757020,158.974,158.976,158.961,158.968,66
1779757080,158.969,158.971,158.959,158.967,48
1779757140,158.963,158.977,158.963,158.969,67
1779757200,158.971,158.986,158.971,158.982,79
1779757260,158.979,158.99,158.976,158.984,68
1779757320,158.985,158.987,158.981,158.982,67
1779757380,158.985,158.995,158.981,158.993,98
1779757440,158.994,159.003,158.989,158.999,104
1779757500,159.001,159.001,158.992,158.992,102
1779757560,158.986,158.998,158.983,158.998,94
1779757620,158.997,158.999,158.983,158.984,92
1779757680,158.989,158.996,158.985,158.991,57
1779757740,158.99,158.993,158.982,158.992,54
1779757800,158.991,158.993,158.984,158.99,68
1779757860,158.99,158.993,158.984,158.986,56
1779757920,158.986,158.986,158.973,158.973,69
1779757980,158.974,158.975,158.971,158.971,31
1779758040,158.971,158.974,158.957,158.964,101
1779758100,158.964,158.971,158.96,158.965,74
1779758160,158.964,158.966,158.96,158.965,66
1779758220,158.965,158.967,158.963,158.966,49
1779758280,158.966,158.974,158.963,158.973,85
1779758340,158.972,158.974,158.945,158.958,72
1779758400,158.96,158.965,158.951,158.964,70
1779758460,158.962,158.974,158.962,158.964,88
1779758520,158.963,158.966,158.96,158.962,52
1779758580,158.965,158.965,158.95,158.962,62
1779758640,158.964,158.964,158.95,158.96,61
1779758700,158.961,158.974,158.96,158.974,42
1779758760,158.97,158.97,158.959,158.962,61
1779758820,158.962,158.963,158.961,158.962,42
1779758880,158.962,158.964,158.961,158.962,38
1779758940,158.962,158.964,158.951,158.952,84
1779759000,158.952,158.96,158.951,158.951,63
1779759060,158.951,158.96,158.95,158.957,70
1779759120,158.955,158.96,158.95,158.953,78
1779759180,158.953,158.961,158.951,158.952,40
1779759240,158.953,158.961,158.952,158.956,65
1779759300,158.956,158.957,158.951,158.953,46
1779759360,158.954,158.96,158.952,158.96,60
1779759420,158.96,158.964,158.959,158.964,59
1779759480,158.963,158.965,158.962,158.963,49
1779759540,158.963,158.974,158.962,158.967,68
1779759600,158.966,158.976,158.965,158.975,77
1779759660,158.974,158.98,158.973,158.977,71
1779759720,158.98,158.981,158.972,158.973,78
1779759780,158.973,158.974,158.963,158.972,91
1779759840,158.967,158.974,158.964,158.964,41
1779759900,158.965,158.973,158.962,158.963,95
1779759960,158.963,158.97,158.962,158.962,87
1779760020,158.962,158.964,158.961,158.963,94
1779760080,158.963,158.965,158.962,158.962,72
1779760140,158.963,158.964,158.957,158.962,81
1779760200,158.962,158.962,158.96,158.961,36
1779760260,158.962,158.967,158.962,158.967,50
1779760320,158.965,158.967,158.962,158.966,49
1779760380,158.965,158.968,158.962,158.967,42
1779760440,158.968,158.968,158.96,158.961,58
1779760500,158.961,158.965,158.956,158.963,59
1779760560,158.964,158.966,158.953,158.959,77
1779760620,158.96,158.965,158.959,158.962,68
1779760680,158.963,158.968,158.959,158.968,59
1779760740,158.968,158.971,158.966,158.969,35
1779760800,158.97,158.971,158.959,158.964,53
1779760860,158.965,158.965,158.958,158.96,61
1779760920,158.961,158.964,158.961,158.962,55
1779760980,158.962,158.963,158.958,158.962,33
1779761040,158.962,158.963,158.96,158.961,21
1779761100,158.962,158.965,158.96,158.963,66
1779761160,158.964,158.965,158.962,158.963,32
1779761220,158.963,158.963,158.956,158.958,47
1779761280,158.958,158.958,158.956,158.957,15
1779761340,158.955,158.956,158.951,158.955,30
1779761400,158.954,158.959,158.954,158.956,69
1779761460,158.955,158.956,158.954,158.954,19
1779761520,158.955,158.964,158.955,158.963,48
1779761580,158.962,158.966,158.952,158.954,30
1779761640,158.954,158.963,158.952,158.954,42
1779761700,158.956,158.96,158.953,158.955,50
1779761760,158.953,158.956,158.952,158.954,50
1779761820,158.955,158.963,158.955,158.957,52
1779761880,158.956,158.962,158.956,158.961,42
1779761940,158.96,158.961,158.953,158.954,56
1779762000,158.955,158.955,158.947,158.948,29
1779762060,158.951,158.957,158.946,158.947,50
1779762120,158.952,158.954,158.946,158.947,18
1779762180,158.951,158.955,158.947,158.948,35
1779762240,158.947,158.947,158.941,158.942,16
1779762300,158.943,158.952,158.943,158.95,26
1779762360,158.951,158.951,158.942,158.943,35
1779762420,158.944,158.946,158.937,158.94,58
1779762480,158.941,158.949,158.939,158.949,44
1779762540,158.948,158.951,158.947,158.949,42
1779762600,158.949,158.949,158.947,158.947,27
1779762660,158.947,158.948,158.94,158.942,44
1779762720,158.943,158.944,158.935,158.94,37
1779762780,158.94,158.942,158.94,158.942,20
1779762840,158.941,158.941,158.939,158.941,14
1779762900,158.945,158.952,158.943,158.946,44
1779762960,158.947,158.951,158.946,158.95,50
1779763020,158.947,158.95,158.945,158.95,67
1779763080,158.953,158.957,158.949,158.95,58
1779763140,158.954,158.96,158.952,158.954,24
1779763200,158.953,158.958,158.95,158.951,102
1779763260,158.952,158.959,158.949,158.956,49
1779763320,158.955,158.962,158.955,158.961,53
1779763380,158.962,158.967,158.96,158.966,70
1779763440,158.972,158.974,158.971,158.973,37
1779763500,158.975,158.984,158.973,158.98,68
1779763560,158.979,158.982,158.972,158.973,78
1779763620,158.972,158.975,158.965,158.965,64
1779763680,158.966,158.968,158.96,158.96,58
1779763740,158.961,158.964,158.959,158.961,62
1779763800,158.962,158.963,158.961,158.961,33
1779763860,158.962,158.963,158.96,158.962,31
1779763920,158.961,158.963,158.961,158.961,21
1779763980,158.959,158.961,158.951,158.951,25
1779764040,158.952,158.96,158.949,158.955,51
1779764100,158.95,158.956,158.949,158.95,54
1779764160,158.949,158.951,158.948,158.95,20
1779764220,158.949,158.958,158.949,158.952,51
1779764280,158.951,158.954,158.951,158.953,23
1779764340,158.952,158.953,158.938,158.943,72
1779764400,158.944,158.944,158.939,158.94,47
1779764460,158.939,158.94,158.939,158.94,8
1779764520,158.939,158.941,158.938,158.941,21
1779764580,158.941,158.941,158.937,158.937,20
1779764640,158.938,158.939,158.937,158.937,12
1779764700,158.938,158.94,158.923,158.924,49
1779764760,158.925,158.928,158.924,158.926,22
1779764820,158.926,158.928,158.924,158.925,35
1779764880,158.926,158.937,158.926,158.929,37
1779764940,158.93,158.932,158.927,158.931,36
1779765000,158.93,158.932,158.929,158.929,13
1779765060,158.93,158.93,158.928,158.929,33
1779765120,158.93,158.93,158.928,158.928,14
1779765180,158.929,158.93,158.928,158.93,19
1779765240,158.929,158.929,158.927,158.929,17
1779765300,158.931,158.931,158.928,158.928,15
1779765360,158.929,158.929,158.925,158.925,11
1779765420,158.926,158.926,158.917,158.922,21
1779765480,158.921,158.924,158.912,158.922,56
1779765540,158.922,158.926,158.921,158.923,48
1779765600,158.922,158.923,158.914,158.915,46
1779765660,158.915,158.917,158.913,158.915,48
1779765720,158.915,158.916,158.914,158.915,20
1779765780,158.916,158.917,158.915,158.916,8
1779765840,158.916,158.916,158.914,158.915,20
1779765900,158.916,158.916,158.913,158.915,22
1779765960,158.914,158.915,158.914,158.914,12
1779766020,158.915,158.929,158.915,158.927,36
1779766080,158.928,158.929,158.927,158.927,32
1779766140,158.928,158.93,158.927,158.93,21
1779766200,158.93,158.93,158.928,158.928,21
1779766260,158.928,158.929,158.926,158.926,23
1779766320,158.926,158.928,158.923,158.926,42
1779766380,158.927,158.929,158.925,158.925,33
1779766440,158.924,158.925,158.918,158.918,40
1779766500,158.919,158.922,158.919,158.922,36
1779766560,158.922,158.927,158.918,158.924,78
1779766620,158.925,158.94,158.924,158.938,47
1779766680,158.936,158.939,158.929,158.93,86
1779766740,158.932,158.932,158.927,158.928,32
1779766800,158.929,158.929,158.927,158.927,22
1779766860,158.928,158.929,158.927,158.928,18
1779766920,158.929,158.938,158.927,158.936,55
1779766980,158.937,158.937,158.928,158.931,66
1779767040,158.932,158.939,158.927,158.934,42
1779767100,158.935,158.935,158.929,158.929,20
1779767160,158.928,158.928,158.916,158.924,56
1779767220,158.925,158.925,158.923,158.925,34
1779767280,158.923,158.928,158.923,158.927,27
1779767340,158.926,158.927,158.926,158.926,22
1779767400,158.927,158.928,158.926,158.926,17
1779767460,158.927,158.94,158.925,158.94,32
1779767520,158.941,158.941,158.928,158.932,40
1779767580,158.933,158.939,158.932,158.937,39
1779767640,158.938,158.939,158.937,158.937,19
1779767700,158.936,158.938,158.936,158.938,7
1779767760,158.937,158.941,158.936,158.94,20
1779767820,158.936,158.938,158.931,158.932,23
1779767880,158.932,158.942,158.932,158.94,20
1779767940,158.941,158.942,158.938,158.94,25
1779768000,158.94,158.941,158.936,158.94,27
1779768060,158.94,158.94,158.936,158.937,23
1779768120,158.937,158.94,158.937,158.939,22
1779768180,158.94,158.941,158.939,158.941,18
1779768240,158.941,158.942,158.94,158.941,7
1779768300,158.942,158.943,158.941,158.941,23
1779768360,158.94,158.941,158.94,158.941,4
1779768420,158.941,158.941,158.939,158.94,16
1779768480,158.94,158.941,158.939,158.94,11
1779768540,158.939,158.941,158.938,158.941,22
1779768600,158.942,158.942,158.939,158.94,15
1779768660,158.939,158.94,158.938,158.939,37
1779768720,158.94,158.942,158.94,158.942,14
1779768780,158.941,158.942,158.941,158.941,6
1779768840,158.938,158.943,158.938,158.941,26
1779768900,158.942,158.951,158.941,158.945,31
1779768960,158.945,158.953,158.942,158.952,34
1779769020,158.953,158.953,158.943,158.943,14
1779769080,158.945,158.945,158.941,158.943,10
1779769140,158.944,158.944,158.942,158.943,10
1779769200,158.943,158.945,158.943,158.944,10
1779769260,158.943,158.953,158.943,158.949,32
1779769320,158.949,158.95,158.942,158.945,34
1779769380,158.948,158.952,158.948,158.949,19
1779769440,158.948,158.949,158.941,158.942,30
1779769500,158.943,158.951,158.942,158.949,24
1779769560,158.948,158.95,158.948,158.948,10
1779769620,158.949,158.95,158.944,158.944,16
1779769680,158.944,158.945,158.943,158.943,21
1779769740,158.937,158.938,158.935,158.937,39
1779769800,158.938,158.941,158.938,158.94,31
1779769860,158.94,158.942,158.938,158.94,32
1779769920,158.941,158.946,158.937,158.938,28
1779769980,158.937,158.939,158.937,158.938,13
1779770040,158.939,158.939,158.937,158.938,26
1779770100,158.938,158.939,158.937,158.938,22
1779770160,158.937,158.941,158.937,158.939,43
1779770220,158.94,158.942,158.938,158.939,38
1779770280,158.939,158.941,158.938,158.94,25
1779770340,158.939,158.941,158.938,158.939,36
1779770400,158.94,158.941,158.938,158.938,59
1779770460,158.938,158.94,158.937,158.937,31
1779770520,158.944,158.949,158.938,158.949,79
1779770580,158.95,158.95,158.948,158.95,22
1779770640,158.951,158.951,158.949,158.95,21
1779770700,158.951,158.952,158.948,158.948,28
1779770760,158.947,158.953,158.947,158.951,36
1779770820,158.952,158.956,158.949,158.952,54
1779770880,158.951,158.963,158.951,158.963,64
1779770940,158.962,158.963,158.961,158.962,22
1779771000,158.961,158.962,158.951,158.96,50
1779771060,158.961,158.962,158.959,158.961,36
1779771120,158.962,158.965,158.961,158.962,36
1779771180,158.963,158.963,158.955,158.958,48
1779771240,158.959,158.96,158.957,158.957,33
1779771300,158.955,158.973,158.954,158.972,50
1779771360,158.971,158.976,158.971,158.975,46
1779771420,158.974,158.997,158.973,158.99,54
1779771480,158.991,159.002,158.989,158.999,81
1779771540,159,159.02,158.993,159.002,104
1779771600,159.009,159.011,158.998,158.998,64
1779771660,158.997,159.003,158.977,158.982,74
1779771720,158.983,158.985,158.972,158.983,60
1779771780,158.982,158.996,158.982,158.996,26
1779771840,158.997,158.997,158.985,158.985,12
1779771900,158.986,158.989,158.983,158.984,28
1779771960,158.983,158.996,158.982,158.994,49
1779772020,158.995,159.007,158.995,159,48
1779772080,159.001,159.002,158.993,158.993,38
1779772140,158.994,158.998,158.991,158.997,50
1779772200,158.998,159.003,158.997,159.001,12
1779772260,159.002,159.002,158.998,158.999,16
1779772320,159,159.003,158.997,159.002,44
1779772380,159.003,159.012,159.002,159.012,35
1779772440,159.013,159.013,159.01,159.01,33
1779772500,159.011,159.014,159.001,159.001,55
1779772560,159.004,159.006,159.001,159.001,41
1779772620,158.996,159.006,158.996,159.006,62
1779772680,159.01,159.012,158.999,159.003,39
1779772740,159.002,159.009,158.999,159.007,80
1779772800,159.008,159.008,158.998,159.003,44
1779772860,159.001,159.01,159.001,159.006,54
1779772920,159.007,159.01,159.005,159.01,32
1779772980,159.011,159.011,159.007,159.01,18
1779773040,159.011,159.012,159.01,159.01,22
1779773100,159.009,159.011,159.009,159.01,22
1779773160,159.011,159.011,159.008,159.009,12
1779773220,159.005,159.009,159,159.002,72
1779773280,159.001,159.005,158.998,159.003,86
1779773340,159.004,159.006,159,159.005,87
1779773400,159.004,159.01,158.999,159.004,139
1779773460,159.004,159.012,158.997,159.003,63
1779773520,159.002,159.004,158.993,158.993,64
1779773580,158.994,159.001,158.993,159,54
1779773640,159.001,159.004,159.001,159.002,65
1779773700,159.003,159.003,158.999,158.999,66
1779773760,158.998,159.001,158.998,159,60
1779773820,158.999,159.002,158.998,158.998,119
1779773880,158.998,158.999,158.993,158.993,26
1779773940,158.994,159,158.992,158.999,32
1779774000,158.999,159.003,158.999,159.003,17
1779774060,159.004,159.004,158.999,159,42
1779774120,159.001,159.003,159,159.003,28
1779774180,159,159.003,159,159,22
1779774240,159,159.002,159,159.002,16
1779774300,159.001,159.004,159.001,159.003,29
1779774360,159.002,159.004,159.001,159.002,21
1779774420,159.002,159.012,159.001,159.001,39
1779774480,159,159.003,158.999,159,31
1779774540,158.999,159.009,158.998,159.004,33
1779774600,159.005,159.011,159.003,159.004,34
1779774660,159.007,159.011,159.005,159.011,34
1779774720,159.01,159.013,159.01,159.012,19
1779774780,159.011,159.012,159.009,159.011,38
1779774840,159.012,159.024,159.012,159.023,50
1779774900,159.022,159.033,159.022,159.026,46
1779774960,159.024,159.027,159.023,159.025,27
1779775020,159.026,159.028,159.024,159.024,40
1779775080,159.026,159.026,159.022,159.022,32
1779775140,159.024,159.034,159.021,159.028,56
1779775200,159.027,159.047,159.024,159.037,88
1779775260,159.036,159.038,159.034,159.037,80
1779775320,159.045,159.047,159.036,159.037,80
1779775380,159.036,159.041,159.035,159.039,98
1779775440,159.038,159.043,159.037,159.038,85
1779775500,159.037,159.04,159.036,159.038,76
1779775560,159.039,159.048,159.037,159.04,110
1779775620,159.039,159.04,159.029,159.034,78
1779775680,159.033,159.04,159.033,159.037,64
1779775740,159.036,159.039,159.034,159.037,40
1779775800,159.038,159.042,159.037,159.038,80
1779775860,159.035,159.036,159.033,159.034,46
1779775920,159.036,159.039,159.035,159.038,30
1779775980,159.037,159.039,159.027,159.029,46
1779776040,159.022,159.03,159.017,159.029,51
1779776100,159.037,159.064,159.037,159.051,61
1779776160,159.05,159.054,159.049,159.052,47
1779776220,159.051,159.053,159.05,159.051,35
1779776280,159.051,159.062,159.05,159.052,52
1779776340,159.053,159.058,159.051,159.058,54
1779776400,159.057,159.063,159.054,159.059,68
1779776460,159.058,159.059,159.058,159.058,28
1779776520,159.051,159.061,159.051,159.059,36
1779776580,159.06,159.062,159.04,159.043,51
1779776640,159.042,159.043,159.036,159.039,63
1779776700,159.04,159.042,159.03,159.035,66
1779776760,159.034,159.041,159.028,159.029,96
1779776820,159.028,159.035,159.027,159.028,56
1779776880,159.032,159.061,159.032,159.059,89
1779776940,159.057,159.067,159.041,159.066,108
1779777000,159.069,159.072,159.052,159.053,88
1779777060,159.055,159.066,159.051,159.063,76
1779777120,159.064,159.082,159.063,159.079,84
1779777180,159.076,159.076,159.062,159.071,70
1779777240,159.066,159.072,159.065,159.067,63
1779777300,159.066,159.066,159.063,159.063,65
1779777360,159.063,159.067,159.06,159.061,46
1779777420,159.06,159.065,159.06,159.061,60
1779777480,159.062,159.077,159.062,159.076,65
1779777540,159.075,159.084,159.074,159.081,25
1779777600,159.081,159.096,159.08,159.09,58
1779777660,159.089,159.099,159.088,159.098,59
1779777720,159.097,159.105,159.097,159.1,55
1779777780,159.101,159.111,159.097,159.098,63
1779777840,159.099,159.111,159.098,159.1,65
1779777900,159.104,159.119,159.103,159.114,84
1779777960,159.113,159.115,159.094,159.095,87
1779778020,159.096,159.099,159.091,159.096,46
1779778080,159.097,159.098,159.076,159.078,76
1779778140,159.079,159.101,159.078,159.078,88
1779778200,159.079,159.083,159.074,159.074,69
1779778260,159.075,159.08,159.075,159.08,52
1779778320,159.08,159.083,159.076,159.08,70
1779778380,159.081,159.081,159.079,159.08,26
1779778440,159.079,159.083,159.078,159.079,68
1779778500,159.08,159.083,159.077,159.079,77
1779778560,159.078,159.088,159.076,159.088,80
1779778620,159.089,159.105,159.087,159.097,70
1779778680,159.098,159.1,159.097,159.1,61
1779778740,159.1,159.114,159.096,159.096,58
1779778800,159.097,159.119,159.097,159.119,60
1779778860,159.121,159.125,159.108,159.123,70
1779778920,159.122,159.127,159.122,159.127,55
1779783240,159.225,159.227,159.224,159.227,33
1779783300,159.218,159.219,159.204,159.215,89
1779783360,159.214,159.214,159.211,159.214,50
1779783420,159.214,159.214,159.208,159.211,62
1779783480,159.212,159.212,159.209,159.209,57
1779783540,159.211,159.221,159.208,159.217,83
1779783600,159.215,159.222,159.215,159.221,61
1779783660,159.218,159.224,159.215,159.223,57
1779783720,159.224,159.225,159.22,159.222,38
1779783780,159.222,159.226,159.222,159.225,46
1779783840,159.225,159.225,159.221,159.222,43
1779783900,159.223,159.227,159.223,159.226,67
1779783960,159.225,159.235,159.225,159.228,60
1779784020,159.229,159.236,159.229,159.234,69
1779784080,159.235,159.238,159.224,159.224,56
1779784140,159.223,159.231,159.222,159.225,54
1779784200,159.226,159.235,159.224,159.23,52
1779784260,159.229,159.235,159.226,159.228,52
1779784320,159.226,159.228,159.225,159.226,58
1779784380,159.227,159.228,159.224,159.226,56
1779784440,159.224,159.236,159.224,159.229,59
1779784500,159.23,159.235,159.227,159.231,67
1779784560,159.232,159.235,159.227,159.231,65
1779784620,159.232,159.235,159.222,159.224,58
1779784680,159.223,159.225,159.222,159.224,29
1779784740,159.225,159.233,159.223,159.228,47
1779784800,159.226,159.234,159.225,159.227,75
1779784860,159.226,159.229,159.225,159.226,67
1779784920,159.225,159.228,159.224,159.227,83
1779784980,159.226,159.232,159.226,159.229,57
1779785040,159.23,159.235,159.228,159.228,87
1779785100,159.229,159.23,159.225,159.226,55
1779785160,159.225,159.228,159.223,159.223,58
1779785220,159.223,159.226,159.223,159.224,35
1779785280,159.223,159.225,159.205,159.207,53
1779785340,159.208,159.208,159.199,159.208,58
1779785400,159.209,159.211,159.197,159.197,70
1779785460,159.196,159.201,159.194,159.2,37
1779785520,159.199,159.201,159.198,159.2,45
1779785580,159.2,159.204,159.198,159.202,70
1779785640,159.201,159.211,159.197,159.205,61
1779785700,159.203,159.21,159.202,159.209,46
1779785760,159.21,159.212,159.209,159.212,20
1779785820,159.211,159.215,159.209,159.21,51
1779785880,159.212,159.214,159.209,159.21,54
1779785940,159.211,159.214,159.209,159.212,89
1779786000,159.211,159.223,159.211,159.222,72
1779786060,159.223,159.223,159.204,159.205,60
1779786120,159.204,159.205,159.197,159.199,50
1779786180,159.199,159.205,159.199,159.204,58
1779786240,159.203,159.209,159.199,159.2,60
1779786300,159.199,159.201,159.192,159.198,59
1779786360,159.197,159.199,159.196,159.197,67
1779786420,159.196,159.204,159.191,159.203,77
1779786480,159.201,159.208,159.198,159.202,77
1779786540,159.201,159.201,159.197,159.198,44
1779786600,159.2,159.201,159.198,159.199,37
1779786660,159.199,159.2,159.198,159.199,28
1779786720,159.2,159.2,159.193,159.195,49
1779786780,159.194,159.195,159.186,159.192,72
1779786840,159.191,159.194,159.19,159.193,56
1779786900,159.196,159.196,159.192,159.193,39
1779786960,159.194,159.196,159.192,159.192,53
1779787020,159.193,159.193,159.165,159.177,80
1779787080,159.176,159.178,159.167,159.173,64
1779787140,159.174,159.175,159.166,159.174,67
1779787200,159.175,159.175,159.169,159.171,87
1779787260,159.172,159.174,159.169,159.174,70
1779787320,159.174,159.179,159.174,159.179,54
1779787380,159.18,159.19,159.18,159.186,79
1779787440,159.187,159.189,159.185,159.188,55
1779787500,159.189,159.195,159.189,159.19,60
1779787560,159.191,159.191,159.187,159.189,67
1779787620,159.188,159.193,159.187,159.19,79
1779787680,159.189,159.198,159.189,159.19,88
1779787740,159.19,159.19,159.181,159.182,62
1779787800,159.181,159.192,159.179,159.188,90
1779787860,159.189,159.191,159.185,159.189,59
1779787920,159.189,159.191,159.188,159.19,52
1779787980,159.19,159.19,159.183,159.187,77
1779788040,159.188,159.188,159.179,159.182,73
1779788100,159.184,159.188,159.176,159.177,57
1779788160,159.176,159.178,159.176,159.178,35
1779788220,159.179,159.183,159.177,159.182,25
1779788280,159.183,159.191,159.182,159.187,47
1779788340,159.188,159.189,159.186,159.187,55
1779788400,159.186,159.188,159.177,159.188,71
1779788460,159.189,159.191,159.187,159.187,60
1779788520,159.188,159.192,159.187,159.188,53
1779788580,159.188,159.192,159.187,159.191,42
1779788640,159.192,159.198,159.191,159.197,35
1779788700,159.198,159.198,159.195,159.198,20
1779788760,159.196,159.197,159.186,159.188,55
1779788820,159.189,159.192,159.187,159.192,44
1779788880,159.191,159.193,159.189,159.191,46
1779788940,159.192,159.192,159.181,159.183,59
1779789000,159.184,159.188,159.182,159.188,61
1779789060,159.187,159.188,159.175,159.177,44
1779789120,159.178,159.18,159.176,159.179,21
1779789180,159.18,159.189,159.178,159.189,33
1779789240,159.188,159.189,159.177,159.177,62
1779789300,159.176,159.177,159.162,159.164,76
1779789360,159.165,159.166,159.162,159.165,39
1779789420,159.166,159.167,159.162,159.163,72
1779789480,159.162,159.166,159.162,159.165,54
1779789540,159.165,159.165,159.157,159.159,62
1779789600,159.16,159.166,159.158,159.158,92
1779789660,159.159,159.166,159.159,159.161,61
1779789720,159.162,159.165,159.16,159.165,50
1779789780,159.164,159.176,159.164,159.175,52
1779789840,159.174,159.179,159.174,159.178,39
1779789900,159.179,159.18,159.176,159.177,41
1779789960,159.178,159.178,159.17,159.174,36
1779790020,159.173,159.173,159.16,159.16,50
1779790080,159.161,159.164,159.158,159.164,55
1779790140,159.164,159.166,159.163,159.164,48
1779790200,159.163,159.165,159.162,159.164,37
1779790260,159.165,159.166,159.163,159.165,46
1779790320,159.164,159.166,159.15,159.15,39
1779790380,159.151,159.152,159.144,159.148,58
1779790440,159.146,159.151,159.146,159.15,53
1779790500,159.149,159.149,159.14,159.143,66
1779790560,159.144,159.15,159.141,159.149,42
1779790620,159.148,159.151,159.148,159.15,51
1779790680,159.153,159.154,159.137,159.139,48
1779790740,159.14,159.145,159.139,159.143,56
1779790800,159.144,159.149,159.138,159.147,92
1779790860,159.148,159.153,159.145,159.153,39
1779790920,159.153,159.155,159.15,159.152,30
1779790980,159.151,159.154,159.151,159.153,36
1779791040,159.152,159.157,159.15,159.153,55
1779791100,159.154,159.155,159.151,159.153,35
1779791160,159.152,159.153,159.15,159.152,33
1779791220,159.152,159.154,159.15,159.151,41
1779791280,159.153,159.153,159.135,159.135,70
1779791340,159.134,159.14,159.134,159.135,52
1779791400,159.134,159.134,159.11,159.122,110
1779791460,159.123,159.137,159.122,159.129,86
1779791520,159.13,159.13,159.12,159.121,61
1779791580,159.122,159.124,159.116,159.12,90
1779791640,159.119,159.119,159.112,159.115,39
1779791700,159.116,159.118,159.108,159.116,66
1779791760,159.117,159.126,159.116,159.126,107
1779791820,159.125,159.129,159.125,159.127,70
1779791880,159.128,159.13,159.127,159.128,56
1779791940,159.131,159.138,159.131,159.137,91
1779792000,159.136,159.14,159.131,159.138,76
1779792060,159.137,159.14,159.136,159.139,67
1779792120,159.14,159.15,159.137,159.149,98
1779792180,159.15,159.15,159.141,159.146,75
1779792240,159.143,159.146,159.137,159.137,31
1779792300,159.138,159.141,159.136,159.138,70
1779792360,159.137,159.146,159.137,159.145,64
1779792420,159.146,159.152,159.144,159.15,78
1779792480,159.149,159.151,159.147,159.148,45
1779792540,159.148,159.153,159.146,159.147,56
1779792600,159.144,159.148,159.139,159.144,46
1779792660,159.142,159.143,159.137,159.142,71
1779792720,159.142,159.151,159.142,159.143,74
1779792780,159.142,159.148,159.141,159.142,48
1779792840,159.146,159.146,159.135,159.14,68
1779792900,159.141,159.141,159.133,159.141,75
1779792960,159.142,159.144,159.141,159.142,49
1779793020,159.141,159.143,159.137,159.14,75
1779793080,159.14,159.142,159.138,159.142,59
1779793140,159.141,159.147,159.137,159.147,59
1779793200,159.145,159.146,159.138,159.146,86
1779793260,159.145,159.15,159.139,159.147,111
1779793320,159.148,159.149,159.145,159.147,58
1779793380,159.144,159.147,159.137,159.142,64
1779793440,159.141,159.148,159.137,159.139,92
1779793500,159.14,159.148,159.138,159.142,86
1779793560,159.144,159.148,159.141,159.148,54
1779793620,159.147,159.148,159.145,159.145,36
1779793680,159.146,159.148,159.142,159.147,44
1779793740,159.148,159.149,159.142,159.149,31
1779793800,159.147,159.149,159.146,159.147,30
1779793860,159.146,159.149,159.143,159.149,38
1779793920,159.148,159.149,159.138,159.142,40
1779793980,159.143,159.15,159.143,159.149,34
1779794040,159.149,159.151,159.147,159.149,35
1779794100,159.148,159.16,159.147,159.153,46
1779794160,159.154,159.159,159.154,159.155,44
1779794220,159.154,159.157,159.139,159.141,65
1779794280,159.142,159.148,159.139,159.147,63
1779794340,159.146,159.147,159.138,159.143,73
1779794400,159.142,159.149,159.139,159.141,63
1779794460,159.142,159.149,159.142,159.148,45
1779794520,159.147,159.149,159.142,159.144,59
1779794580,159.142,159.146,159.14,159.144,52
1779794640,159.143,159.146,159.136,159.138,31
1779794700,159.139,159.147,159.138,159.142,46
1779794760,159.141,159.147,159.141,159.147,42
1779794820,159.149,159.15,159.147,159.149,47
1779794880,159.15,159.15,159.147,159.148,51
1779794940,159.149,159.151,159.147,159.149,51
1779795000,159.15,159.155,159.15,159.152,43
1779795060,159.153,159.154,159.151,159.154,39
1779795120,159.152,159.155,159.15,159.154,60
1779795180,159.154,159.155,159.152,159.154,50
1779795240,159.153,159.171,159.151,159.161,151
1779795300,159.159,159.185,159.159,159.184,130
1779795360,159.183,159.186,159.175,159.178,104
1779795420,159.181,159.181,159.172,159.174,82
1779795480,159.175,159.184,159.174,159.183,53
1779795540,159.181,159.192,159.181,159.192,64
1779795600,159.191,159.2,159.19,159.197,93
1779795660,159.196,159.2,159.192,159.193,92
1779795720,159.194,159.198,159.191,159.191,95
1779795780,159.192,159.193,159.189,159.191,65
1779795840,159.19,159.194,159.189,159.194,42
1779795900,159.193,159.214,159.191,159.211,119
1779795960,159.212,159.215,159.201,159.204,68
1779796020,159.205,159.205,159.197,159.205,40
1779796080,159.204,159.205,159.201,159.202,65
1779796140,159.201,159.204,159.2,159.201,56
1779796200,159.202,159.202,159.195,159.197,55
1779796260,159.198,159.2,159.192,159.199,97
1779796320,159.2,159.204,159.197,159.198,62
1779796380,159.197,159.198,159.192,159.198,25
1779796440,159.197,159.198,159.195,159.197,44
1779796500,159.196,159.197,159.188,159.191,86
1779796560,159.19,159.197,159.187,159.188,87
1779796620,159.189,159.195,159.186,159.19,61
1779796680,159.191,159.198,159.187,159.195,78
1779796740,159.196,159.196,159.191,159.192,65
1779796800,159.193,159.198,159.188,159.197,105
1779796860,159.198,159.199,159.19,159.196,78
1779796920,159.191,159.198,159.187,159.197,90
1779796980,159.195,159.196,159.187,159.19,60
1779797040,159.191,159.201,159.19,159.199,64
1779797100,159.199,159.203,159.193,159.202,63
1779797160,159.201,159.206,159.196,159.204,66
1779797220,159.203,159.208,159.2,159.202,82
1779797280,159.204,159.221,159.203,159.216,105
1779797340,159.217,159.227,159.201,159.203,120
1779797400,159.204,159.219,159.204,159.208,86
1779797460,159.206,159.214,159.205,159.207,51
1779797520,159.206,159.206,159.202,159.205,55
1779797580,159.204,159.204,159.201,159.202,34
1779797640,159.202,159.215,159.202,159.212,59
1779797700,159.216,159.217,159.21,159.211,65
1779797760,159.211,159.217,159.206,159.211,68
1779797820,159.212,159.215,159.211,159.213,51
1779797880,159.214,159.222,159.213,159.215,73
1779797940,159.215,159.219,159.213,159.216,61
1779798000,159.217,159.217,159.212,159.214,79
1779798060,159.214,159.214,159.212,159.213,32
1779798120,159.215,159.219,159.214,159.216,33
1779798180,159.216,159.22,159.214,159.219,50
1779798240,159.219,159.221,159.217,159.221,36
1779798300,159.219,159.22,159.213,159.214,44
1779798360,159.215,159.217,159.214,159.216,60
1779798420,159.215,159.217,159.214,159.214,28
1779798480,159.215,159.216,159.213,159.214,41
1779798540,159.215,159.216,159.212,159.215,36
1779798600,159.214,159.218,159.21,159.21,46
1779798660,159.211,159.212,159.21,159.21,14
1779798720,159.209,159.21,159.199,159.2,43
1779798780,159.201,159.205,159.2,159.2,38
1779798840,159.201,159.201,159.19,159.196,48
1779798900,159.197,159.2,159.197,159.197,44
1779798960,159.198,159.21,159.197,159.202,62
1779799020,159.204,159.211,159.204,159.21,58
1779799080,159.209,159.216,159.209,159.212,49
1779799140,159.213,159.214,159.21,159.213,65
1779799200,159.213,159.213,159.205,159.211,45
1779799260,159.21,159.213,159.209,159.211,43
1779799320,159.21,159.212,159.197,159.198,52
1779799380,159.197,159.204,159.197,159.199,71
1779799440,159.2,159.211,159.198,159.206,94
1779799500,159.207,159.209,159.198,159.198,72
1779799560,159.199,159.201,159.197,159.199,61
1779799620,159.198,159.211,159.198,159.209,81
1779799680,159.21,159.211,159.205,159.209,61
1779799740,159.207,159.209,159.199,159.208,91
1779799800,159.206,159.208,159.199,159.201,79
1779799860,159.199,159.203,159.199,159.202,52
1779799920,159.201,159.21,159.2,159.205,78
1779799980,159.203,159.21,159.203,159.208,82
1779800040,159.207,159.212,159.206,159.21,63
1779800100,159.211,159.212,159.206,159.211,93
1779800160,159.21,159.213,159.21,159.212,48
1779800220,159.211,159.219,159.211,159.215,62
1779800280,159.214,159.224,159.213,159.219,72
1779800340,159.22,159.228,159.22,159.227,54
1779800400,159.232,159.236,159.231,159.236,72
1779800460,159.237,159.249,159.236,159.247,88
1779800520,159.246,159.253,159.24,159.248,88
1779800580,159.249,159.259,159.247,159.259,67
1779800640,159.257,159.257,159.249,159.25,62
1779800700,159.251,159.26,159.25,159.254,90
1779800760,159.255,159.256,159.24,159.248,90
1779800820,159.247,159.25,159.244,159.249,51
1779800880,159.248,159.248,159.238,159.239,76
1779800940,159.24,159.243,159.236,159.238,66
1779801000,159.237,159.245,159.237,159.244,79
1779801060,159.245,159.249,159.244,159.245,45
1779801120,159.245,159.259,159.244,159.255,75
1779801180,159.256,159.262,159.254,159.254,69
1779801240,159.253,159.255,159.249,159.25,70
1779801300,159.249,159.251,159.242,159.245,90
1779801360,159.246,159.25,159.242,159.246,63
1779801420,159.247,159.247,159.24,159.241,54
1779801480,159.241,159.244,159.24,159.241,61
1779801540,159.24,159.25,159.24,159.25,93
1779801600,159.251,159.251,159.243,159.245,82
1779801660,159.246,159.247,159.232,159.236,66
1779801720,159.238,159.239,159.236,159.238,47
1779801780,159.237,159.239,159.228,159.236,53
1779801840,159.238,159.238,159.232,159.237,68
1779801900,159.236,159.236,159.232,159.236,41
1779801960,159.236,159.237,159.235,159.237,25
1779802020,159.237,159.237,159.235,159.235,17
1779802080,159.234,159.251,159.234,159.25,44
1779802140,159.252,159.261,159.249,159.261,71
1779802200,159.26,159.261,159.255,159.26,87
1779802260,159.261,159.273,159.259,159.273,81
1779802320,159.276,159.283,159.274,159.278,74
1779802380,159.277,159.278,159.273,159.278,49
1779802440,159.276,159.28,159.274,159.275,71
1779802500,159.277,159.28,159.271,159.271,54
1779802560,159.274,159.274,159.261,159.265,67
1779802620,159.264,159.271,159.261,159.263,70
1779802680,159.262,159.266,159.262,159.265,35
1779802740,159.266,159.267,159.262,159.262,51
1779802800,159.263,159.272,159.263,159.272,74
1779802860,159.271,159.271,159.263,159.265,65
1779802920,159.266,159.281,159.265,159.274,71
1779802980,159.275,159.275,159.265,159.266,68
1779803040,159.267,159.267,159.259,159.263,58
1779803100,159.262,159.263,159.26,159.263,99
1779803160,159.26,159.264,159.248,159.249,67
1779803220,159.246,159.25,159.246,159.249,85
1779803280,159.25,159.261,159.248,159.26,83
1779803340,159.261,159.271,159.259,159.265,58
1779803400,159.269,159.286,159.265,159.282,118
1779803460,159.285,159.296,159.283,159.285,126
1779803520,159.284,159.296,159.284,159.288,132
1779803580,159.289,159.301,159.289,159.297,132
1779803640,159.296,159.297,159.285,159.285,124
1779803700,159.287,159.287,159.264,159.275,100
1779803760,159.274,159.278,159.273,159.275,69
1779803820,159.274,159.275,159.271,159.274,110
1779803880,159.272,159.276,159.271,159.275,45
1779803940,159.276,159.278,159.274,159.278,48
1779804000,159.277,159.293,159.276,159.289,78
1779804060,159.283,159.283,159.265,159.272,72
1779804120,159.273,159.275,159.263,159.275,76
1779804180,159.276,159.276,159.263,159.265,101
1779804240,159.267,159.275,159.266,159.273,67
1779804300,159.274,159.282,159.274,159.276,148
1779804360,159.276,159.276,159.263,159.263,96
1779804420,159.265,159.265,159.251,159.261,82
1779804480,159.26,159.271,159.26,159.269,72
1779804540,159.27,159.276,159.267,159.267,113
1779804600,159.264,159.274,159.257,159.264,100
1779804660,159.263,159.268,159.261,159.267,97
1779804720,159.267,159.268,159.263,159.265,105
1779804780,159.266,159.278,159.263,159.278,97
1779804840,159.277,159.278,159.27,159.272,65
1779804900,159.273,159.273,159.266,159.267,91
1779804960,159.266,159.278,159.264,159.278,92
1779805020,159.279,159.279,159.275,159.277,49
1779805080,159.277,159.278,159.274,159.276,57
1779805140,159.277,159.279,159.274,159.277,61
1779805200,159.277,159.28,159.267,159.276,73
1779805260,159.275,159.276,159.264,159.265,75
1779805320,159.267,159.267,159.26,159.263,70
1779805380,159.264,159.273,159.263,159.265,88
1779805440,159.266,159.268,159.261,159.265,61
1779805500,159.264,159.265,159.258,159.263,90
1779805560,159.265,159.267,159.263,159.265,44
1779805620,159.266,159.278,159.265,159.267,96
1779805680,159.266,159.274,159.265,159.269,98
1779805740,159.268,159.27,159.261,159.263,84
1779805800,159.264,159.264,159.251,159.254,98
1779805860,159.252,159.262,159.251,159.255,98
1779805920,159.253,159.264,159.241,159.25,85
1779805980,159.251,159.262,159.25,159.253,72
1779806040,159.252,159.264,159.25,159.251,87
1779806100,159.25,159.252,159.228,159.232,109
1779806160,159.233,159.247,159.227,159.247,95
1779806220,159.244,159.253,159.243,159.25,93
1779806280,159.251,159.258,159.251,159.253,73
1779806340,159.254,159.265,159.252,159.265,90
1779806400,159.264,159.265,159.237,159.238,123
1779806460,159.237,159.252,159.237,159.246,60
1779806520,159.246,159.249,159.239,159.247,99
1779806580,159.248,159.257,159.248,159.254,93
1779806640,159.254,159.257,159.251,159.253,77
1779806700,159.254,159.257,159.25,159.25,76
1779806760,159.251,159.261,159.25,159.253,80
1779806820,159.254,159.255,159.243,159.25,79
1779806880,159.25,159.262,159.25,159.253,89
1779806940,159.253,159.266,159.251,159.266,70
1779807000,159.265,159.273,159.264,159.268,78
1779807060,159.267,159.275,159.266,159.269,82
1779807120,159.266,159.269,159.262,159.265,112
1779807180,159.264,159.281,159.263,159.279,114
1779807240,159.28,159.286,159.279,159.285,78
1779807300,159.286,159.286,159.273,159.277,88
1779807360,159.276,159.291,159.276,159.29,87
1779807420,159.291,159.31,159.291,159.304,130
1779807480,159.309,159.321,159.309,159.313,72
1779807540,159.312,159.325,159.308,159.321,112
1779807600,159.321,159.335,159.319,159.335,66
1779807660,159.336,159.346,159.326,159.334,126
1779807720,159.335,159.341,159.324,159.333,94
1779807780,159.334,159.337,159.321,159.326,122
1779807840,159.327,159.337,159.326,159.33,87
1779807900,159.329,159.329,159.31,159.314,75
1779807960,159.315,159.325,159.314,159.315,100
1779808020,159.314,159.325,159.313,159.323,101
1779808080,159.323,159.33,159.32,159.327,65
1779808140,159.328,159.333,159.327,159.333,71
1779808200,159.332,159.332,159.319,159.331,79
1779808260,159.33,159.33,159.317,159.32,73
1779808320,159.318,159.326,159.304,159.305,47
1779808380,159.303,159.322,159.303,159.304,86
1779808440,159.303,159.314,159.301,159.311,76
1779808500,159.312,159.32,159.311,159.32,45
1779808560,159.319,159.333,159.317,159.331,78
1779808620,159.332,159.348,159.331,159.347,69
1779808680,159.341,159.343,159.331,159.331,81
1779808740,159.332,159.346,159.33,159.345,65
1779808800,159.344,159.347,159.343,159.345,43
1779808860,159.344,159.351,159.342,159.345,70
1779808920,159.346,159.346,159.341,159.343,28
1779808980,159.344,159.35,159.343,159.349,59
1779809040,159.35,159.353,159.343,159.345,91
1779809100,159.346,159.349,159.343,159.347,82
1779809160,159.348,159.349,159.334,159.34,113
1779809220,159.341,159.35,159.339,159.348,54
1779809280,159.349,159.349,159.331,159.344,94
1779809340,159.343,159.347,159.341,159.345,80
1779809400,159.344,159.344,159.327,159.332,120
1779809460,159.333,159.344,159.329,159.342,84
1779809520,159.344,159.344,159.333,159.339,101
1779809580,159.337,159.34,159.331,159.335,76
1779809640,159.333,159.342,159.331,159.331,100
1779809700,159.335,159.343,159.328,159.33,109
1779809760,159.329,159.346,159.329,159.346,109
1779809820,159.347,159.379,159.347,159.368,123
1779809880,159.366,159.369,159.363,159.366,118
1779809940,159.365,159.366,159.361,159.363,63
1779810000,159.362,159.378,159.361,159.377,87
1779810060,159.374,159.377,159.365,159.366,73
1779810120,159.365,159.366,159.355,159.357,64
1779810180,159.358,159.365,159.358,159.364,91
1779810240,159.364,159.367,159.363,159.366,65
1779810300,159.365,159.372,159.36,159.363,90
1779810360,159.363,159.367,159.361,159.365,95
1779810420,159.367,159.37,159.366,159.368,55
1779810480,159.368,159.372,159.357,159.357,66
1779810540,159.356,159.359,159.354,159.358,47
1779810600,159.357,159.365,159.356,159.36,78
1779810660,159.361,159.368,159.36,159.365,62
1779810720,159.364,159.37,159.364,159.37,70
1779810780,159.369,159.371,159.364,159.367,61
1779810840,159.368,159.368,159.354,159.355,37
1779810900,159.354,159.361,159.353,159.361,81
1779810960,159.359,159.367,159.357,159.364,67
1779811020,159.365,159.367,159.363,159.365,65
1779811080,159.364,159.367,159.363,159.363,59
1779811140,159.364,159.367,159.363,159.364,67
1779811200,159.363,159.363,159.349,159.352,71
1779811260,159.351,159.354,159.338,159.34,52
1779811320,159.339,159.353,159.338,159.347,70
1779811380,159.344,159.348,159.339,159.344,48
1779811440,159.341,159.343,159.339,159.34,35
1779811500,159.34,159.34,159.327,159.328,52
1779811560,159.327,159.337,159.327,159.33,62
1779811620,159.329,159.329,159.326,159.327,26
1779811680,159.328,159.331,159.325,159.325,61
1779811740,159.326,159.327,159.315,159.317,35
1779811800,159.318,159.326,159.306,159.311,72
1779811860,159.31,159.313,159.309,159.309,37
1779811920,159.307,159.314,159.299,159.312,102
1779811980,159.313,159.314,159.311,159.314,47
1779812040,159.313,159.315,159.312,159.314,50
1779812100,159.313,159.314,159.3,159.311,80
1779812160,159.312,159.313,159.299,159.31,58
1779812220,159.305,159.314,159.3,159.312,47
1779812280,159.313,159.314,159.298,159.303,47
1779812340,159.302,159.302,159.287,159.289,76
1779812400,159.288,159.29,159.285,159.285,79
1779812460,159.285,159.299,159.285,159.299,54
1779812520,159.299,159.3,159.29,159.298,53
1779812580,159.297,159.298,159.288,159.297,67
1779812640,159.298,159.298,159.286,159.286,35
1779812700,159.286,159.299,159.286,159.297,88
1779812760,159.299,159.301,159.299,159.3,38
1779812820,159.301,159.312,159.299,159.312,47
1779812880,159.312,159.312,159.301,159.304,54
1779812940,159.305,159.314,159.301,159.314,102
1779813000,159.315,159.315,159.311,159.313,51
1779813060,159.314,159.315,159.311,159.314,47
1779813120,159.313,159.314,159.302,159.312,50
1779813180,159.308,159.313,159.287,159.3,110
1779813240,159.301,159.301,159.288,159.294,81
1779813300,159.289,159.3,159.288,159.288,74
1779813360,159.289,159.313,159.289,159.313,71
1779813420,159.313,159.315,159.305,159.312,67
1779813480,159.313,159.314,159.306,159.309,49
1779813540,159.305,159.312,159.305,159.312,58
1779813600,159.312,159.313,159.303,159.313,46
1779813660,159.312,159.314,159.31,159.313,48
1779813720,159.312,159.314,159.311,159.313,42
1779813780,159.313,159.327,159.313,159.314,71
1779813840,159.313,159.316,159.313,159.315,45
1779813900,159.316,159.316,159.301,159.302,73
1779813960,159.301,159.315,159.301,159.312,63
1779814020,159.311,159.32,159.311,159.319,71
1779814080,159.326,159.34,159.326,159.334,75
1779814140,159.333,159.338,159.329,159.338,45
1779814200,159.337,159.338,159.33,159.338,48
1779814260,159.339,159.339,159.331,159.333,53
1779814320,159.331,159.337,159.329,159.331,99
1779814380,159.33,159.33,159.324,159.324,72
1779814440,159.325,159.326,159.315,159.324,56
1779814500,159.323,159.324,159.31,159.315,57
1779814560,159.316,159.317,159.312,159.314,49
1779814620,159.313,159.314,159.309,159.311,39
1779814680,159.31,159.311,159.302,159.305,55
1779814740,159.306,159.311,159.305,159.309,51
1779814800,159.308,159.312,159.306,159.312,81
1779814860,159.31,159.312,159.298,159.301,54
1779814920,159.3,159.301,159.294,159.299,66
1779814980,159.298,159.299,159.286,159.297,60
1779815040,159.296,159.297,159.288,159.296,49
1779815100,159.298,159.302,159.296,159.301,46
1779815160,159.3,159.302,159.298,159.299,35
1779815220,159.3,159.3,159.291,159.296,73
1779815280,159.297,159.302,159.296,159.301,53
1779815340,159.302,159.302,159.289,159.291,39
1779815400,159.29,159.303,159.288,159.288,56
1779815460,159.287,159.291,159.286,159.29,29
1779815520,159.289,159.298,159.286,159.297,44
1779815580,159.298,159.298,159.29,159.29,43
1779815640,159.291,159.3,159.291,159.298,48
1779815700,159.3,159.301,159.293,159.293,53
1779815760,159.294,159.304,159.294,159.302,37
1779815820,159.304,159.306,159.302,159.303,46
1779815880,159.304,159.304,159.301,159.303,54
1779815940,159.302,159.305,159.302,159.302,31
1779816000,159.303,159.305,159.302,159.304,30
1779816060,159.305,159.305,159.302,159.302,16
1779816120,159.301,159.308,159.301,159.306,66
1779816180,159.306,159.306,159.302,159.305,58
1779816240,159.304,159.306,159.303,159.304,54
1779816300,159.307,159.313,159.302,159.305,47
1779816360,159.304,159.316,159.303,159.312,52
1779816420,159.313,159.316,159.303,159.312,72
1779816480,159.311,159.318,159.306,159.317,45
1779816540,159.316,159.32,159.315,159.317,37
1779816600,159.318,159.32,159.317,159.32,53
1779816660,159.319,159.32,159.317,159.317,37
1779816720,159.317,159.318,159.315,159.316,67
1779816780,159.317,159.318,159.312,159.318,34
1779816840,159.319,159.323,159.318,159.319,31
1779816900,159.319,159.33,159.319,159.328,42
1779816960,159.329,159.336,159.327,159.33,52
1779817020,159.331,159.342,159.33,159.342,48
1779817080,159.341,159.341,159.33,159.331,23
1779817140,159.33,159.335,159.33,159.332,22
1779817200,159.331,159.344,159.331,159.343,39
1779817260,159.342,159.344,159.341,159.341,34
1779817320,159.342,159.342,159.341,159.341,19
1779817380,159.341,159.344,159.34,159.342,38
1779817440,159.343,159.344,159.341,159.342,26
1779817500,159.343,159.345,159.342,159.342,38
1779817560,159.343,159.356,159.342,159.355,37
1779817620,159.354,159.357,159.343,159.343,36
1779817680,159.342,159.345,159.342,159.344,21
1779817740,159.347,159.353,159.345,159.353,19
1779817800,159.352,159.366,159.351,159.365,46
1779817860,159.365,159.366,159.361,159.366,29
1779817920,159.364,159.369,159.364,159.368,24
1779817980,159.367,159.37,159.363,159.368,46
1779818040,159.368,159.375,159.366,159.367,40
1779818100,159.368,159.37,159.366,159.37,23
1779818160,159.369,159.376,159.367,159.371,44
1779818220,159.373,159.379,159.368,159.378,44
1779818280,159.377,159.379,159.37,159.37,51
1779818340,159.371,159.374,159.363,159.364,40
1779818400,159.363,159.373,159.355,159.368,69
1779818460,159.369,159.372,159.366,159.366,47
1779818520,159.367,159.373,159.366,159.367,42
1779818580,159.366,159.369,159.359,159.363,41
1779818640,159.364,159.365,159.363,159.364,30
1779818700,159.364,159.37,159.363,159.366,66
1779818760,159.365,159.366,159.364,159.365,44
1779818820,159.365,159.366,159.364,159.365,34
1779818880,159.365,159.365,159.362,159.362,32
1779818940,159.363,159.363,159.347,159.351,41
1779819000,159.35,159.351,159.339,159.339,29
1779819060,159.338,159.35,159.338,159.35,24
1779819120,159.351,159.351,159.35,159.35,16
1779819180,159.35,159.351,159.349,159.349,22
1779819240,159.349,159.352,159.349,159.349,26
1779819300,159.349,159.349,159.342,159.346,56
1779819360,159.343,159.351,159.343,159.35,31
1779819420,159.349,159.35,159.34,159.341,57
1779819480,159.342,159.344,159.342,159.343,17
1779819540,159.343,159.344,159.342,159.343,19
1779819600,159.343,159.351,159.34,159.35,49
1779819660,159.348,159.348,159.339,159.341,56
1779819720,159.34,159.34,159.327,159.328,62
1779819780,159.329,159.336,159.316,159.334,68
1779819840,159.333,159.339,159.332,159.336,47
1779819900,159.337,159.34,159.336,159.339,41
1779819960,159.332,159.335,159.331,159.332,34
1779820020,159.33,159.332,159.328,159.331,52
1779820080,159.33,159.33,159.324,159.326,50
1779820140,159.325,159.332,159.325,159.331,32
1779820200,159.331,159.338,159.331,159.336,30
1779820260,159.333,159.333,159.318,159.325,75
1779820320,159.329,159.329,159.324,159.328,46
1779820380,159.328,159.33,159.328,159.33,25
1779820440,159.33,159.341,159.33,159.338,47
1779820500,159.339,159.342,159.332,159.333,33
1779820560,159.332,159.338,159.332,159.335,29
1779820620,159.334,159.334,159.332,159.333,19
1779820680,159.332,159.333,159.33,159.331,49
1779820740,159.332,159.332,159.321,159.321,37
1779820800,159.323,159.33,159.318,159.327,68
1779820860,159.326,159.327,159.317,159.326,80
1779820920,159.327,159.338,159.327,159.336,66
1779820980,159.339,159.343,159.336,159.341,47
1779821040,159.34,159.341,159.339,159.34,35
1779821100,159.34,159.34,159.329,159.329,31
1779821160,159.33,159.33,159.328,159.328,28
1779821220,159.329,159.33,159.328,159.329,30
1779821280,159.329,159.329,159.316,159.317,25
1779821340,159.318,159.33,159.317,159.33,56
1779821400,159.329,159.33,159.327,159.327,31
1779821460,159.328,159.328,159.311,159.312,76
1779821520,159.311,159.313,159.302,159.302,42
1779821580,159.303,159.305,159.301,159.303,49
1779821640,159.304,159.316,159.303,159.316,52
1779821700,159.317,159.319,159.315,159.317,64
1779821760,159.318,159.318,159.314,159.318,64
1779821820,159.318,159.33,159.316,159.33,72
1779821880,159.32,159.322,159.316,159.319,64
1779821940,159.319,159.334,159.319,159.333,37
1779822000,159.334,159.347,159.333,159.345,52
1779822060,159.344,159.345,159.33,159.332,51
1779822120,159.331,159.333,159.33,159.333,25
1779822180,159.333,159.333,159.315,159.318,42
1779822240,159.319,159.319,159.317,159.319,23
1779822300,159.319,159.331,159.319,159.33,29
1779822360,159.331,159.331,159.329,159.33,43
1779822420,159.331,159.343,159.331,159.342,52
1779822480,159.341,159.342,159.338,159.339,30
1779822540,159.339,159.339,159.33,159.331,26
1779822600,159.331,159.331,159.328,159.329,34
1779822660,159.33,159.331,159.328,159.33,46
1779822720,159.329,159.333,159.329,159.333,26
1779822780,159.332,159.338,159.33,159.331,26
1779822840,159.33,159.334,159.33,159.332,58
1779822900,159.333,159.334,159.33,159.331,42
1779822960,159.331,159.332,159.329,159.329,32
1779823020,159.331,159.331,159.318,159.319,51
1779823080,159.318,159.321,159.318,159.32,21
1779823140,159.328,159.329,159.318,159.329,37
1779823200,159.328,159.329,159.327,159.329,37
1779823260,159.328,159.329,159.319,159.319,30
1779823320,159.318,159.321,159.318,159.318,20
1779823380,159.318,159.326,159.317,159.326,51
1779823440,159.325,159.331,159.325,159.328,33
1779823500,159.329,159.329,159.324,159.327,35
1779823560,159.327,159.328,159.325,159.326,39
1779823620,159.327,159.329,159.327,159.327,18
1779823680,159.328,159.328,159.327,159.328,21
1779823740,159.328,159.333,159.328,159.332,36
1779823800,159.331,159.332,159.315,159.318,35
1779823860,159.319,159.321,159.318,159.318,35
1779823920,159.319,159.32,159.318,159.318,26
1779823980,159.32,159.32,159.318,159.319,25
1779824040,159.318,159.32,159.318,159.319,25
1779824100,159.318,159.319,159.317,159.318,39
1779824160,159.319,159.319,159.316,159.317,37
1779824220,159.316,159.318,159.305,159.315,38
1779824280,159.316,159.316,159.304,159.306,54
1779824340,159.305,159.318,159.305,159.318,43
1779824400,159.316,159.318,159.316,159.317,30
1779824460,159.317,159.318,159.316,159.318,31
1779824520,159.317,159.318,159.316,159.317,27
1779824580,159.318,159.321,159.317,159.318,44
1779824640,159.317,159.319,159.317,159.318,26
1779824700,159.318,159.321,159.317,159.317,43
1779824760,159.318,159.319,159.315,159.317,40
1779824820,159.318,159.319,159.317,159.317,34
1779824880,159.318,159.319,159.316,159.317,49
1779824940,159.318,159.319,159.316,159.318,25
1779825000,159.317,159.318,159.316,159.316,44
1779825060,159.317,159.317,159.305,159.306,47
1779825120,159.305,159.307,159.304,159.305,25
1779825180,159.306,159.307,159.304,159.306,34
1779825240,159.307,159.307,159.306,159.307,38
1779825300,159.31,159.319,159.307,159.307,66
1779825360,159.305,159.307,159.303,159.305,39
1779825420,159.306,159.306,159.301,159.305,48
1779825480,159.306,159.308,159.304,159.308,47
1779825540,159.309,159.319,159.306,159.316,95
1779825600,159.317,159.319,159.305,159.306,77
1779825660,159.307,159.308,159.306,159.307,24
1779825720,159.306,159.308,159.305,159.306,40
1779825780,159.306,159.308,159.306,159.307,22
1779825840,159.308,159.308,159.304,159.307,42
1779825900,159.306,159.313,159.305,159.307,36
1779825960,159.307,159.307,159.305,159.306,35
1779826020,159.306,159.306,159.306,159.306,7
1779826080,159.306,159.306,159.304,159.306,25
1779826140,159.305,159.308,159.305,159.306,22
1779826200,159.308,159.312,159.306,159.311,26
1779826260,159.306,159.307,159.305,159.307,31
1779826320,159.306,159.306,159.304,159.306,17
1779826380,159.306,159.306,159.306,159.306,4
1779826440,159.306,159.306,159.305,159.306,15
1779826500,159.306,159.311,159.306,159.31,21
1779826560,159.308,159.31,159.307,159.309,12
1779826620,159.306,159.309,159.306,159.307,11
1779826680,159.307,159.31,159.306,159.307,23
1779826740,159.308,159.309,159.308,159.309,5
1779826800,159.309,159.309,159.307,159.307,5
1779826860,159.309,159.309,159.308,159.308,8
1779826920,159.308,159.308,159.308,159.308,1
1779826980,159.309,159.309,159.308,159.308,3
1779827040,159.318,159.319,159.317,159.319,13
1779827100,159.318,159.318,159.316,159.318,11
1779827160,159.317,159.319,159.317,159.319,24
1779827220,159.318,159.319,159.305,159.305,36
1779827280,159.304,159.307,159.304,159.307,41
1779827340,159.308,159.309,159.3,159.307,47
1779827400,159.308,159.318,159.307,159.317,26
1779827460,159.318,159.318,159.311,159.311,33
1779827520,159.312,159.319,159.311,159.319,24
1779827580,159.318,159.322,159.318,159.321,30
1779827640,159.321,159.321,159.32,159.32,13
1779827700,159.32,159.321,159.319,159.321,19
1779827760,159.32,159.322,159.319,159.32,25
1779827820,159.319,159.323,159.318,159.323,26
1779827880,159.327,159.332,159.327,159.332,26
1779827940,159.331,159.332,159.33,159.331,24
1779828000,159.327,159.328,159.324,159.328,38
1779828060,159.329,159.329,159.326,159.328,12
1779828120,159.324,159.324,159.319,159.32,67
1779828180,159.321,159.322,159.315,159.315,93
1779828240,159.316,159.317,159.313,159.315,29
1779828300,159.314,159.316,159.312,159.313,30
1779828360,159.314,159.314,159.313,159.313,5
1779828420,159.312,159.313,159.312,159.313,8
1779828480,159.312,159.314,159.304,159.311,13
1779828540,159.313,159.313,159.308,159.309,27
1779828600,159.306,159.31,159.301,159.308,73
1779828660,159.309,159.309,159.304,159.308,32
1779828720,159.309,159.312,159.306,159.309,49
1779828780,159.311,159.312,159.302,159.308,49
1779828840,159.308,159.311,159.303,159.31,61
1779828900,159.307,159.309,159.303,159.308,40
1779828960,159.307,159.311,159.296,159.299,69
1779829020,159.299,159.302,159.297,159.301,33
1779829080,159.303,159.306,159.297,159.297,70
1779829260,159.267,159.27,159.267,159.27,4
1779829320,159.27,159.27,159.27,159.27,2
1779829440,159.27,159.27,159.27,159.27,3
1779829500,159.27,159.27,159.27,159.27,1
1779829560,159.27,159.27,159.27,159.27,1
1779829980,159.27,159.27,159.27,159.27,1
1779830400,159.266,159.266,159.264,159.264,3
1779830460,159.267,159.267,159.267,159.267,1
1779830520,159.258,159.258,159.258,159.258,2
1779830580,159.258,159.265,159.258,159.264,4
1779830640,159.263,159.263,159.263,159.263,1
1779830700,159.263,159.263,159.263,159.263,2
1779830760,159.263,159.263,159.263,159.263,1
1779830880,159.267,159.267,159.267,159.267,2
1779830940,159.267,159.267,159.265,159.267,6
1779831000,159.267,159.275,159.267,159.267,4
1779831060,159.267,159.277,159.267,159.271,5
1779831300,159.267,159.276,159.267,159.276,5
1779831360,159.276,159.276,159.262,159.262,3
1779831420,159.259,159.277,159.259,159.276,4
1779831480,159.259,159.278,159.259,159.269,6
1779831540,159.269,159.269,159.269,159.269,1
1779831600,159.269,159.269,159.269,159.269,2
1779831660,159.269,159.269,159.269,159.269,3
1779831720,159.269,159.269,159.269,159.269,1
1779831900,159.269,159.274,159.269,159.271,9
1779831960,159.272,159.272,159.27,159.27,4
1779832260,159.27,159.27,159.27,159.27,1
1779832680,159.27,159.27,159.27,159.27,1
1779832740,159.236,159.238,159.234,159.234,16
1779832800,159.28,159.288,159.269,159.285,63
1779832860,159.278,159.287,159.273,159.282,62
1779832920,159.283,159.287,159.281,159.287,18
1779832980,159.287,159.289,159.286,159.289,7
1779833040,159.288,159.291,159.279,159.29,30
1779833100,159.289,159.291,159.282,159.288,41
1779833160,159.289,159.289,159.286,159.288,22
1779833220,159.287,159.29,159.279,159.289,38
1779833280,159.291,159.292,159.288,159.292,32
1779833340,159.297,159.299,159.297,159.298,8
1779833400,159.296,159.301,159.287,159.287,57
1779833460,159.289,159.289,159.277,159.277,27
1779833520,159.285,159.29,159.285,159.289,24
1779833580,159.288,159.29,159.287,159.288,31
1779833640,159.289,159.291,159.287,159.289,23
1779833700,159.29,159.292,159.29,159.292,21
1779833760,159.293,159.293,159.29,159.291,11
1779833820,159.291,159.293,159.29,159.291,15
1779833880,159.29,159.297,159.29,159.293,22
1779833940,159.295,159.297,159.29,159.296,34
1779834000,159.295,159.298,159.292,159.297,33
1779834060,159.296,159.298,159.292,159.292,23
1779834120,159.291,159.292,159.291,159.292,8
1779834180,159.3,159.3,159.295,159.295,20
1779834240,159.294,159.299,159.294,159.299,24
1779834300,159.3,159.301,159.287,159.287,10
1779834360,159.288,159.288,159.287,159.288,7
1779834420,159.289,159.289,159.286,159.289,26
1779834480,159.29,159.295,159.287,159.292,23
1779834540,159.295,159.295,159.29,159.29,19
1779834600,159.29,159.291,159.289,159.291,21
1779834660,159.291,159.292,159.289,159.29,17
1779834720,159.29,159.291,159.289,159.29,25
1779834780,159.289,159.29,159.289,159.29,11
1779834840,159.301,159.302,159.29,159.292,25
1779834900,159.292,159.303,159.291,159.302,14
1779834960,159.301,159.302,159.301,159.302,4
1779835020,159.3,159.301,159.291,159.299,17
1779835080,159.298,159.298,159.289,159.289,26
1779835140,159.29,159.29,159.288,159.288,22
1779835200,159.289,159.291,159.287,159.289,48
1779835260,159.288,159.289,159.287,159.288,24
1779835320,159.289,159.289,159.287,159.287,16
1779835380,159.288,159.289,159.287,159.288,19
1779835440,159.287,159.289,159.286,159.289,21
1779835500,159.29,159.29,159.288,159.289,29
1779835560,159.289,159.29,159.288,159.289,20
1779835620,159.291,159.291,159.288,159.29,19
1779835680,159.29,159.292,159.288,159.291,28
1779835740,159.291,159.291,159.288,159.288,12
1779835800,159.288,159.288,159.286,159.287,27
1779835860,159.287,159.288,159.286,159.286,24
1779835920,159.287,159.287,159.283,159.285,33
1779835980,159.286,159.286,159.273,159.273,33
1779836040,159.274,159.276,159.273,159.275,15
1779836100,159.275,159.276,159.274,159.275,17
1779836160,159.275,159.275,159.273,159.275,14
1779836220,159.275,159.276,159.274,159.274,14
1779836280,159.275,159.275,159.274,159.275,10
1779836340,159.273,159.273,159.26,159.262,45
1779836400,159.261,159.263,159.261,159.262,20
1779836460,159.263,159.263,159.249,159.249,30
1779836520,159.25,159.256,159.25,159.253,12
1779836580,159.252,159.253,159.251,159.252,30
1779836640,159.253,159.254,159.251,159.252,32
1779836700,159.252,159.258,159.251,159.253,20
1779836760,159.257,159.257,159.252,159.253,30
1779836820,159.254,159.267,159.252,159.267,18
1779836880,159.268,159.268,159.263,159.266,23
1779836940,159.268,159.275,159.263,159.274,45
1779837000,159.275,159.276,159.272,159.273,18
1779837060,159.275,159.275,159.273,159.274,13
1779837120,159.273,159.275,159.272,159.273,18
1779837180,159.274,159.275,159.267,159.267,26
1779837240,159.268,159.268,159.261,159.261,18
1779837300,159.262,159.262,159.261,159.262,9
1779837360,159.261,159.266,159.261,159.263,25
1779837420,159.264,159.264,159.263,159.264,12
1779837480,159.263,159.264,159.262,159.263,11
1779837540,159.264,159.264,159.262,159.262,12
1779837600,159.263,159.263,159.261,159.262,12
1779837660,159.261,159.261,159.25,159.252,32
1779837720,159.251,159.252,159.251,159.252,11
1779837780,159.251,159.252,159.25,159.25,18
1779837840,159.251,159.251,159.249,159.25,15
1779837900,159.25,159.25,159.236,159.237,28
1779837960,159.239,159.241,159.237,159.241,17
1779838020,159.24,159.252,159.239,159.251,31
1779838080,159.252,159.255,159.25,159.253,36
1779838140,159.252,159.254,159.247,159.248,20
1779838200,159.249,159.251,159.249,159.25,11
1779838260,159.251,159.251,159.237,159.239,22
1779838320,159.24,159.243,159.238,159.239,22
1779838380,159.24,159.244,159.24,159.24,16
1779838440,159.242,159.243,159.239,159.239,37
1779838500,159.24,159.24,159.239,159.24,14
1779838560,159.239,159.241,159.238,159.24,27
1779838620,159.24,159.241,159.239,159.24,13
1779838680,159.24,159.241,159.238,159.239,13
1779838740,159.24,159.24,159.238,159.238,12
1779838800,159.238,159.239,159.237,159.239,9
1779838860,159.238,159.239,159.229,159.23,16
1779838920,159.229,159.23,159.226,159.227,13
1779838980,159.227,159.227,159.223,159.225,25
1779839040,159.224,159.225,159.221,159.222,24
1779839100,159.212,159.214,159.212,159.214,33
1779839160,159.215,159.215,159.212,159.214,38
1779839220,159.214,159.216,159.204,159.212,46
1779839280,159.213,159.216,159.211,159.214,24
1779839340,159.213,159.217,159.212,159.215,38
1779839400,159.216,159.226,159.215,159.226,38
1779839460,159.23,159.231,159.229,159.231,23
1779839520,159.23,159.23,159.225,159.226,18
1779839580,159.227,159.228,159.226,159.227,20
1779839640,159.226,159.233,159.226,159.231,26
1779839700,159.242,159.242,159.24,159.241,30
1779839760,159.24,159.253,159.24,159.251,36
1779839820,159.252,159.254,159.243,159.244,41
1779839880,159.243,159.252,159.242,159.252,35
1779839940,159.251,159.254,159.249,159.253,19
1779840000,159.252,159.252,159.233,159.233,95
1779840060,159.234,159.234,159.215,159.222,92
1779840120,159.221,159.23,159.214,159.225,88
1779840180,159.224,159.23,159.224,159.23,60
1779840240,159.228,159.229,159.225,159.226,54
1779840300,159.227,159.231,159.215,159.215,48
1779840360,159.216,159.239,159.215,159.239,76
1779840420,159.24,159.245,159.233,159.241,60
1779840480,159.24,159.241,159.224,159.228,62
1779840540,159.227,159.231,159.224,159.225,79
1779840600,159.224,159.224,159.214,159.216,52
1779840660,159.217,159.221,159.215,159.22,46
1779840720,159.218,159.221,159.206,159.206,56
1779840780,159.209,159.222,159.209,159.219,58
1779840840,159.22,159.224,159.219,159.223,24
1779840900,159.222,159.23,159.222,159.23,38
1779840960,159.229,159.23,159.2,159.215,79
1779841020,159.216,159.22,159.202,159.219,90
1779841080,159.221,159.223,159.218,159.22,46
1779841140,159.221,159.221,159.209,159.209,67
1779841200,159.21,159.21,159.203,159.206,84
1779841260,159.205,159.206,159.196,159.205,52
1779841320,159.206,159.206,159.202,159.202,28
1779841380,159.203,159.203,159.189,159.192,53
1779841440,159.191,159.192,159.18,159.182,32
1779841500,159.181,159.181,159.177,159.178,26
1779841560,159.181,159.182,159.178,159.182,18
1779841620,159.187,159.19,159.183,159.19,71
1779841680,159.189,159.205,159.189,159.193,62
1779841740,159.195,159.204,159.195,159.202,33
1779841800,159.198,159.207,159.197,159.207,59
1779841860,159.206,159.225,159.202,159.205,76
1779841920,159.204,159.222,159.204,159.222,40
1779841980,159.219,159.221,159.217,159.219,29
1779842040,159.22,159.23,159.219,159.227,56
1779842100,159.227,159.232,159.227,159.228,47
1779842160,159.229,159.23,159.215,159.216,54
1779842220,159.217,159.227,159.216,159.223,59
1779842280,159.224,159.227,159.218,159.227,26
1779842340,159.227,159.24,159.227,159.232,51
1779842400,159.231,159.231,159.216,159.219,46
1779842460,159.218,159.232,159.218,159.232,46
1779842520,159.231,159.231,159.217,159.218,41
1779842580,159.217,159.218,159.216,159.217,20
1779842640,159.218,159.226,159.215,159.226,19
1779842700,159.227,159.227,159.206,159.212,78
1779842760,159.207,159.218,159.207,159.217,42
1779842820,159.218,159.218,159.213,159.216,38
1779842880,159.215,159.227,159.215,159.227,58
1779842940,159.228,159.234,159.224,159.232,58
1779843000,159.233,159.251,159.231,159.251,83
1779843060,159.25,159.263,159.238,159.257,115
1779843120,159.258,159.266,159.254,159.261,126
1779843180,159.262,159.289,159.26,159.269,150
1779843240,159.267,159.309,159.267,159.294,230
1779843300,159.28,159.288,159.269,159.284,112
1779843360,159.285,159.289,159.277,159.283,66
1779843420,159.282,159.283,159.265,159.272,88
1779843480,159.275,159.277,159.255,159.269,82
1779843540,159.267,159.283,159.264,159.281,64
1779843600,159.279,159.296,159.276,159.29,116
1779843660,159.291,159.291,159.267,159.267,77
1779843720,159.263,159.27,159.261,159.267,92
1779843780,159.268,159.268,159.248,159.255,62
1779843840,159.254,159.256,159.24,159.241,54
1779843900,159.24,159.25,159.238,159.249,48
1779843960,159.254,159.254,159.239,159.243,68
1779844020,159.244,159.244,159.237,159.237,28
1779844080,159.238,159.243,159.236,159.239,45
1779844140,159.232,159.238,159.228,159.237,65
1779844200,159.237,159.237,159.226,159.227,40
1779844260,159.227,159.239,159.227,159.239,48
1779844320,159.238,159.24,159.237,159.237,38
1779844380,159.235,159.24,159.234,159.24,50
1779844440,159.24,159.244,159.237,159.239,41
1779844500,159.239,159.25,159.228,159.23,71
1779844560,159.23,159.231,159.227,159.228,55
1779844620,159.229,159.231,159.226,159.23,47
1779844680,159.229,159.23,159.226,159.228,63
1779844740,159.228,159.241,159.227,159.239,60
1779844800,159.24,159.24,159.229,159.231,58
1779844860,159.23,159.237,159.229,159.23,71
1779844920,159.23,159.231,159.225,159.226,54
1779844980,159.227,159.228,159.225,159.227,83
1779845040,159.227,159.227,159.221,159.224,52
1779845100,159.225,159.226,159.215,159.225,53
1779845160,159.225,159.227,159.224,159.226,30
1779845220,159.227,159.252,159.226,159.252,60
1779845280,159.25,159.258,159.239,159.243,71
1779845340,159.242,159.245,159.241,159.244,35
1779845400,159.251,159.272,159.249,159.257,122
1779845460,159.258,159.258,159.252,159.255,68
1779845520,159.254,159.264,159.254,159.262,76
1779845580,159.263,159.264,159.241,159.262,102
1779845640,159.256,159.267,159.253,159.264,52
1779845700,159.263,159.266,159.257,159.258,42
1779845760,159.263,159.269,159.262,159.267,24
1779845820,159.267,159.267,159.265,159.265,32
1779845880,159.266,159.268,159.266,159.268,29
1779845940,159.268,159.283,159.267,159.273,102
1779846000,159.272,159.276,159.267,159.276,84
1779846060,159.278,159.28,159.267,159.275,58
1779846120,159.27,159.274,159.269,159.269,74
1779846180,159.274,159.275,159.269,159.272,60
1779846240,159.271,159.273,159.268,159.27,66
1779846300,159.271,159.273,159.264,159.271,46
1779846360,159.271,159.275,159.265,159.267,43
1779846420,159.267,159.28,159.267,159.279,37
1779846480,159.279,159.283,159.277,159.279,113
1779846540,159.278,159.283,159.276,159.278,95
1779846600,159.279,159.283,159.277,159.281,59
1779846660,159.281,159.283,159.277,159.282,84
1779846720,159.281,159.296,159.281,159.293,91
1779846780,159.294,159.294,159.291,159.293,105
1779846840,159.292,159.295,159.291,159.292,64
1779846900,159.29,159.293,159.289,159.291,63
1779846960,159.29,159.293,159.29,159.292,41
1779847020,159.293,159.296,159.292,159.294,44
1779847080,159.295,159.305,159.293,159.297,58
1779847140,159.297,159.301,159.296,159.3,63
1779847200,159.299,159.302,159.279,159.286,153
1779847260,159.287,159.294,159.285,159.292,108
1779847320,159.293,159.295,159.291,159.293,78
1779847380,159.289,159.292,159.277,159.281,101
1779847440,159.282,159.282,159.27,159.276,92
1779847500,159.277,159.277,159.266,159.272,64
1779847560,159.273,159.285,159.273,159.284,66
1779847620,159.285,159.289,159.28,159.285,88
1779847680,159.284,159.291,159.278,159.28,58
1779847740,159.279,159.283,159.278,159.281,42
1779847800,159.282,159.285,159.277,159.284,96
1779847860,159.284,159.288,159.271,159.274,66
1779847920,159.268,159.27,159.265,159.267,84
1779847980,159.266,159.271,159.265,159.267,78
1779848040,159.267,159.273,159.261,159.262,59
1779848100,159.262,159.262,159.255,159.255,42
1779848160,159.252,159.253,159.247,159.25,27
1779848220,159.251,159.258,159.25,159.252,49
1779848280,159.252,159.264,159.251,159.264,39
1779848340,159.265,159.278,159.263,159.264,74
1779848400,159.265,159.274,159.262,159.265,75
1779848460,159.265,159.279,159.264,159.278,70
1779848520,159.277,159.291,159.276,159.289,102
1779848580,159.29,159.29,159.287,159.289,60
1779848640,159.289,159.289,159.274,159.276,113
1779848700,159.274,159.277,159.274,159.276,58
1779848760,159.276,159.288,159.275,159.287,66
1779848820,159.287,159.288,159.285,159.287,31
1779848880,159.285,159.29,159.285,159.289,56
1779848940,159.289,159.293,159.287,159.291,58
1779849000,159.292,159.292,159.287,159.287,133
1779849060,159.288,159.289,159.277,159.279,71
1779849120,159.278,159.282,159.277,159.282,62
1779849180,159.281,159.289,159.274,159.274,49
1779849240,159.274,159.276,159.265,159.265,46
1779849300,159.267,159.272,159.253,159.257,70
1779849360,159.255,159.273,159.255,159.264,97
1779849420,159.265,159.265,159.259,159.262,33
1779849480,159.263,159.264,159.262,159.263,20
1779849540,159.263,159.275,159.263,159.272,44
1779849600,159.273,159.275,159.266,159.266,63
1779849660,159.267,159.268,159.26,159.261,23
1779849720,159.263,159.264,159.262,159.263,30
1779849780,159.264,159.265,159.261,159.261,38
1779849840,159.262,159.269,159.262,159.266,33
1779849900,159.266,159.266,159.261,159.262,35
1779849960,159.263,159.265,159.261,159.261,25
1779850020,159.258,159.258,159.249,159.25,28
1779850080,159.251,159.258,159.25,159.25,16
1779850140,159.249,159.25,159.248,159.249,24
1779850200,159.248,159.25,159.248,159.249,27
1779850260,159.25,159.25,159.237,159.237,37
1779850320,159.237,159.239,159.231,159.236,36
1779850380,159.236,159.239,159.227,159.232,37
1779850440,159.234,159.24,159.234,159.239,46
1779850500,159.24,159.242,159.227,159.23,54
1779850560,159.232,159.233,159.227,159.228,46
1779850620,159.229,159.235,159.225,159.232,61
1779850680,159.233,159.234,159.223,159.226,56
1779850740,159.227,159.231,159.225,159.225,46
1779850800,159.226,159.228,159.224,159.226,69
1779850860,159.226,159.226,159.202,159.206,83
1779850920,159.207,159.208,159.202,159.205,55
1779850980,159.204,159.204,159.191,159.192,72
1779851040,159.194,159.203,159.194,159.201,60
1779851100,159.2,159.201,159.189,159.199,111
1779851160,159.198,159.201,159.195,159.201,69
1779851220,159.2,159.207,159.199,159.203,90
1779851280,159.204,159.212,159.203,159.212,49
1779851340,159.211,159.212,159.201,159.202,60
1779851400,159.201,159.204,159.201,159.202,40
1779851460,159.204,159.215,159.204,159.215,49
1779851520,159.214,159.215,159.21,159.212,64
1779851580,159.215,159.215,159.204,159.205,34
1779851640,159.203,159.206,159.2,159.205,43
1779851700,159.204,159.208,159.203,159.208,25
1779851760,159.208,159.215,159.207,159.21,15
1779851820,159.21,159.212,159.2,159.203,83
1779851880,159.203,159.206,159.203,159.205,42
1779851940,159.205,159.206,159.202,159.206,36
1779852000,159.206,159.212,159.204,159.207,32
1779852060,159.208,159.209,159.207,159.207,14
1779852120,159.207,159.208,159.206,159.206,19
1779852180,159.206,159.207,159.19,159.193,50
1779852240,159.194,159.195,159.192,159.192,23
1779852300,159.194,159.198,159.193,159.198,28
1779852360,159.203,159.205,159.191,159.192,35
1779852420,159.192,159.194,159.188,159.188,35
1779852480,159.189,159.193,159.189,159.189,54
1779852540,159.191,159.201,159.19,159.199,57
1779852600,159.2,159.202,159.191,159.191,55
1779852660,159.192,159.197,159.19,159.194,53
1779852720,159.195,159.199,159.193,159.195,39
1779852780,159.196,159.202,159.196,159.201,42
1779852840,159.2,159.208,159.198,159.207,22
1779852900,159.208,159.209,159.207,159.208,12
1779852960,159.207,159.209,159.207,159.208,7
1779853020,159.207,159.231,159.207,159.23,49
1779853080,159.227,159.227,159.216,159.22,46
1779853140,159.22,159.22,159.22,159.22,3
1779853200,159.221,159.222,159.218,159.218,15
1779853260,159.217,159.217,159.214,159.215,24
1779853320,159.214,159.218,159.214,159.215,21
1779853380,159.216,159.229,159.204,159.209,51
1779853440,159.211,159.215,159.209,159.213,28
1779853500,159.214,159.217,159.214,159.216,29
1779853560,159.217,159.218,159.215,159.218,22
1779853620,159.218,159.223,159.216,159.22,39
1779853680,159.219,159.229,159.218,159.226,31
1779853740,159.227,159.229,159.221,159.221,48
1779853800,159.222,159.227,159.222,159.225,25
1779853860,159.224,159.224,159.214,159.214,32
1779853920,159.215,159.216,159.212,159.214,39
1779853980,159.214,159.216,159.211,159.211,26
1779854040,159.206,159.214,159.204,159.211,36
1779854100,159.212,159.216,159.207,159.211,45
1779854160,159.21,159.211,159.207,159.209,23
1779854220,159.21,159.217,159.205,159.206,27
1779854280,159.205,159.206,159.204,159.205,18
1779854340,159.204,159.207,159.204,159.205,28
1779854400,159.206,159.206,159.203,159.206,25
1779854460,159.205,159.206,159.204,159.205,22
1779854520,159.205,159.208,159.204,159.204,59
1779854580,159.205,159.213,159.205,159.213,35
1779854640,159.213,159.214,159.213,159.213,6
1779854700,159.212,159.217,159.21,159.216,41
1779854760,159.216,159.218,159.215,159.217,16
1779854820,159.217,159.217,159.215,159.216,15
1779854880,159.217,159.218,159.215,159.217,37
1779854940,159.216,159.218,159.214,159.214,16
1779855000,159.215,159.215,159.214,159.215,18
1779855060,159.215,159.216,159.214,159.215,27
1779855120,159.214,159.215,159.211,159.214,27
1779855180,159.215,159.215,159.214,159.215,40
1779855240,159.216,159.217,159.214,159.215,49
1779855300,159.215,159.217,159.214,159.216,39
1779855360,159.217,159.218,159.215,159.215,36
1779855420,159.216,159.217,159.214,159.215,47
1779855480,159.215,159.215,159.201,159.202,28
1779855540,159.205,159.215,159.203,159.214,37
1779855600,159.215,159.215,159.203,159.206,34
1779855660,159.204,159.205,159.199,159.205,22
1779855720,159.203,159.207,159.203,159.205,47
1779855780,159.204,159.207,159.204,159.206,10
1779855840,159.207,159.208,159.206,159.208,20
1779855900,159.209,159.209,159.207,159.207,24
1779855960,159.209,159.217,159.206,159.217,35
1779856020,159.216,159.217,159.21,159.215,44
1779856080,159.215,159.218,159.215,159.217,44
1779856140,159.218,159.223,159.215,159.222,33
1779856200,159.223,159.223,159.221,159.222,11
1779856260,159.217,159.222,159.217,159.222,29
1779856320,159.221,159.223,159.22,159.222,10
1779856380,159.223,159.223,159.221,159.222,10
1779856440,159.221,159.222,159.215,159.222,32
1779856500,159.223,159.229,159.22,159.229,23
1779856560,159.228,159.236,159.227,159.235,32
1779856620,159.227,159.232,159.226,159.227,23
1779856680,159.233,159.246,159.232,159.244,32
1779856740,159.243,159.244,159.241,159.241,26
1779856800,159.24,159.241,159.24,159.241,12
1779856860,159.243,159.244,159.242,159.244,11
1779856920,159.243,159.243,159.242,159.243,10
1779856980,159.242,159.244,159.239,159.239,16
1779857040,159.24,159.245,159.227,159.227,57
1779857100,159.228,159.235,159.226,159.235,40
1779857160,159.236,159.24,159.236,159.24,19
1779857220,159.242,159.244,159.23,159.231,47
1779857280,159.23,159.232,159.23,159.232,8
1779857340,159.232,159.241,159.23,159.231,44
1779857400,159.232,159.232,159.23,159.231,24
1779857460,159.232,159.233,159.231,159.232,9
1779857520,159.231,159.233,159.231,159.233,9
1779857580,159.231,159.242,159.228,159.229,74
1779857640,159.228,159.231,159.228,159.23,18
1779857700,159.23,159.235,159.228,159.235,42
1779857760,159.235,159.236,159.229,159.231,47
1779857820,159.231,159.237,159.23,159.237,67
1779857880,159.238,159.247,159.238,159.245,49
1779857940,159.246,159.246,159.243,159.243,40
1779858000,159.244,159.246,159.239,159.244,43
1779858060,159.242,159.248,159.242,159.246,32
1779858120,159.241,159.246,159.241,159.245,45
1779858180,159.245,159.246,159.244,159.245,22
1779858240,159.244,159.247,159.23,159.241,69
1779858300,159.242,159.243,159.24,159.243,24
1779858360,159.242,159.245,159.241,159.245,27
1779858420,159.246,159.256,159.243,159.252,66
1779858480,159.253,159.254,159.251,159.253,36
1779858540,159.255,159.257,159.254,159.256,23
1779858600,159.257,159.257,159.255,159.256,16
1779858660,159.256,159.257,159.254,159.254,10
1779858720,159.256,159.268,159.254,159.267,24
1779858780,159.266,159.268,159.266,159.267,25
1779858840,159.266,159.269,159.254,159.255,32
1779858900,159.256,159.264,159.256,159.264,42
1779858960,159.265,159.266,159.253,159.253,52
1779859020,159.254,159.256,159.253,159.256,30
1779859080,159.257,159.259,159.256,159.258,25
1779859140,159.258,159.258,159.255,159.256,14
1779859200,159.256,159.267,159.256,159.267,45
1779859260,159.265,159.267,159.264,159.267,33
1779859320,159.266,159.277,159.265,159.277,28
1779859380,159.276,159.277,159.271,159.271,18
1779859440,159.272,159.272,159.266,159.269,39
1779859500,159.27,159.271,159.269,159.27,29
1779859560,159.27,159.271,159.267,159.269,37
1779859620,159.269,159.272,159.269,159.272,12
1779859680,159.27,159.27,159.267,159.267,9
1779859740,159.266,159.268,159.258,159.267,54
1779859800,159.266,159.267,159.266,159.267,16
1779859860,159.267,159.277,159.266,159.277,41
1779859920,159.283,159.283,159.275,159.28,35
1779859980,159.279,159.283,159.279,159.279,53
1779860040,159.279,159.285,159.279,159.285,55
1779860100,159.285,159.286,159.282,159.284,72
1779860160,159.283,159.305,159.282,159.286,58
1779860220,159.287,159.291,159.286,159.291,30
1779860280,159.292,159.295,159.29,159.295,24
1779860340,159.293,159.294,159.292,159.293,22
1779860400,159.292,159.294,159.289,159.292,28
1779860460,159.293,159.294,159.291,159.294,13
1779860520,159.295,159.306,159.289,159.305,47
1779860580,159.304,159.306,159.303,159.304,28
1779860640,159.304,159.305,159.304,159.304,13
1779860700,159.303,159.316,159.301,159.315,64
1779860760,159.314,159.316,159.31,159.314,41
1779860820,159.315,159.318,159.313,159.318,20
1779860880,159.317,159.327,159.316,159.325,34
1779860940,159.326,159.326,159.315,159.317,66
1779861000,159.318,159.326,159.318,159.324,24
1779861060,159.325,159.326,159.314,159.324,38
1779861120,159.323,159.323,159.321,159.323,19
1779861180,159.322,159.325,159.322,159.324,18
1779861240,159.325,159.327,159.324,159.326,28
1779861300,159.326,159.332,159.325,159.327,33
1779861360,159.328,159.336,159.326,159.332,45
1779861420,159.333,159.348,159.333,159.339,74
1779861480,159.338,159.342,159.337,159.34,41
1779861540,159.341,159.351,159.34,159.349,52
1779861600,159.354,159.364,159.349,159.349,84
1779861660,159.35,159.353,159.339,159.35,46
1779861720,159.353,159.363,159.349,159.36,52
1779861780,159.364,159.366,159.362,159.365,43
1779861840,159.365,159.377,159.362,159.365,57
1779861900,159.366,159.375,159.365,159.371,53
1779861960,159.373,159.375,159.363,159.365,43
1779862020,159.366,159.366,159.363,159.363,60
1779862080,159.363,159.364,159.337,159.344,82
1779862140,159.345,159.354,159.343,159.35,76
1779862200,159.349,159.352,159.339,159.347,54
1779862260,159.349,159.354,159.349,159.351,46
1779862320,159.352,159.365,159.349,159.363,70
1779862380,159.364,159.364,159.349,159.353,57
1779862440,159.354,159.364,159.353,159.363,42
1779862500,159.364,159.366,159.361,159.365,40
1779862560,159.366,159.369,159.365,159.368,37
1779862620,159.367,159.372,159.361,159.363,61
1779862680,159.362,159.366,159.361,159.365,55
1779862740,159.366,159.366,159.363,159.364,30
1779862800,159.363,159.365,159.362,159.363,40
1779862860,159.365,159.374,159.361,159.361,67
1779862920,159.362,159.364,159.358,159.362,55
1779862980,159.361,159.362,159.347,159.348,45
1779863040,159.349,159.351,159.349,159.35,11
1779863100,159.35,159.363,159.35,159.361,46
1779863160,159.362,159.365,159.361,159.364,34
1779863220,159.365,159.365,159.36,159.361,45
1779863280,159.361,159.362,159.336,159.336,57
1779863340,159.337,159.35,159.336,159.349,68
1779863400,159.35,159.351,159.347,159.351,46
1779863460,159.351,159.365,159.351,159.357,74
1779863520,159.356,159.362,159.354,159.357,53
1779863580,159.356,159.359,159.346,159.357,55
1779863640,159.358,159.36,159.349,159.35,69
1779863700,159.349,159.352,159.346,159.35,40
1779863760,159.349,159.351,159.338,159.342,69
1779863820,159.341,159.342,159.336,159.338,52
1779863880,159.336,159.338,159.336,159.337,18
1779863940,159.337,159.347,159.327,159.337,71
1779864000,159.338,159.339,159.335,159.339,31
1779864060,159.339,159.345,159.338,159.34,53
1779864120,159.339,159.35,159.337,159.348,51
1779864180,159.349,159.351,159.338,159.339,34
1779864240,159.338,159.34,159.317,159.323,65
1779864300,159.317,159.319,159.298,159.313,72
1779864360,159.314,159.319,159.31,159.319,77
1779864420,159.319,159.32,159.31,159.316,61
1779864480,159.317,159.317,159.31,159.314,45
1779864540,159.315,159.315,159.298,159.301,78
1779864600,159.3,159.308,159.299,159.299,35
1779864660,159.298,159.312,159.298,159.312,58
1779864720,159.313,159.314,159.309,159.314,55
1779864780,159.314,159.329,159.313,159.329,63
1779864840,159.328,159.34,159.328,159.34,74
1779864900,159.339,159.343,159.333,159.341,67
1779864960,159.342,159.351,159.342,159.351,51
1779865020,159.35,159.352,159.35,159.35,55
1779865080,159.351,159.356,159.347,159.356,52
1779865140,159.362,159.362,159.351,159.354,61
1779865200,159.355,159.365,159.35,159.352,93
1779865260,159.351,159.356,159.348,159.352,87
1779865320,159.353,159.355,159.341,159.344,91
1779865380,159.343,159.351,159.341,159.346,50
1779865440,159.345,159.351,159.342,159.343,56
1779865500,159.344,159.353,159.341,159.343,68
1779865560,159.344,159.351,159.341,159.343,79
1779865620,159.344,159.351,159.343,159.345,75
1779865680,159.346,159.354,159.343,159.351,110
1779865740,159.352,159.357,159.347,159.351,79
1779865800,159.351,159.355,159.349,159.355,67
1779865860,159.354,159.354,159.338,159.34,59
1779865920,159.351,159.352,159.347,159.352,50
1779865980,159.351,159.354,159.337,159.339,71
1779866040,159.338,159.347,159.337,159.345,92
1779866100,159.346,159.346,159.341,159.342,53
1779866160,159.342,159.343,159.338,159.339,58
1779866220,159.338,159.341,159.337,159.338,44
1779866280,159.337,159.339,159.328,159.339,60
1779866340,159.34,159.34,159.336,159.338,39
1779866400,159.338,159.348,159.338,159.346,68
1779866460,159.344,159.351,159.344,159.35,66
1779866520,159.352,159.355,159.345,159.348,58
1779866580,159.348,159.351,159.348,159.351,32
1779866640,159.351,159.351,159.34,159.344,54
1779866700,159.344,159.356,159.344,159.354,41
1779866760,159.355,159.358,159.352,159.354,41
1779866820,159.352,159.356,159.352,159.352,52
1779866880,159.354,159.354,159.34,159.341,64
1779866940,159.34,159.354,159.34,159.348,81
1779867000,159.349,159.352,159.342,159.342,71
1779867060,159.343,159.344,159.325,159.327,69
1779867120,159.326,159.327,159.316,159.326,74
1779867180,159.327,159.331,159.313,159.314,62
1779867240,159.313,159.313,159.305,159.312,57
1779867300,159.312,159.318,159.311,159.316,69
1779867360,159.317,159.319,159.316,159.319,42
1779867420,159.319,159.327,159.317,159.319,58
1779867480,159.319,159.331,159.317,159.331,73
1779867540,159.333,159.34,159.324,159.327,66
1779867600,159.328,159.33,159.327,159.328,50
1779867660,159.328,159.332,159.325,159.328,55
1779867720,159.329,159.331,159.326,159.331,52
1779867780,159.332,159.333,159.327,159.329,50
1779867840,159.329,159.333,159.328,159.332,39
1779867900,159.332,159.343,159.331,159.342,50
1779867960,159.342,159.343,159.337,159.339,41
1779868020,159.34,159.35,159.34,159.35,53
1779868080,159.351,159.36,159.346,159.36,58
1779868140,159.359,159.361,159.356,159.357,33
1779868200,159.357,159.358,159.356,159.357,49
1779868260,159.358,159.358,159.343,159.345,81
1779868320,159.344,159.351,159.342,159.346,72
1779868380,159.345,159.346,159.343,159.344,59
1779868440,159.346,159.349,159.338,159.34,64
1779868500,159.339,159.344,159.339,159.342,48
1779868560,159.341,159.345,159.34,159.343,55
1779868620,159.344,159.344,159.33,159.33,56
1779868680,159.331,159.345,159.329,159.344,67
1779868740,159.343,159.365,159.343,159.357,102
1779868800,159.356,159.361,159.344,159.35,98
1779868860,159.349,159.353,159.327,159.337,96
1779868920,159.333,159.333,159.317,159.332,88
1779868980,159.331,159.338,159.33,159.333,71
1779869040,159.331,159.333,159.33,159.332,41
1779869100,159.331,159.332,159.323,159.329,78
1779869160,159.328,159.345,159.328,159.344,62
1779869220,159.344,159.346,159.343,159.346,44
1779869280,159.345,159.345,159.327,159.327,64
1779869340,159.328,159.334,159.328,159.33,64
1779869400,159.339,159.339,159.33,159.331,98
1779869460,159.332,159.343,159.331,159.34,78
1779869520,159.341,159.356,159.341,159.352,54
1779869580,159.353,159.358,159.352,159.355,47
1779869640,159.355,159.376,159.355,159.371,83
1779869700,159.37,159.377,159.364,159.371,53
1779869760,159.37,159.376,159.37,159.371,44
1779869820,159.37,159.387,159.37,159.38,69
1779869880,159.378,159.396,159.378,159.393,79
1779869940,159.393,159.401,159.392,159.401,61
1779870000,159.399,159.424,159.399,159.415,94
1779870060,159.419,159.422,159.413,159.42,74
1779870120,159.419,159.433,159.419,159.432,86
1779870180,159.431,159.442,159.43,159.442,88
1779870240,159.44,159.442,159.428,159.435,124
1779870300,159.434,159.439,159.429,159.431,80
1779870360,159.431,159.431,159.417,159.418,75
1779870420,159.419,159.426,159.418,159.424,68
1779870480,159.421,159.427,159.414,159.415,77
1779870540,159.414,159.443,159.414,159.434,89
1779870600,159.433,159.436,159.426,159.431,62
1779870660,159.432,159.432,159.423,159.427,43
1779870720,159.426,159.429,159.425,159.426,23
1779870780,159.427,159.431,159.426,159.43,57
1779870840,159.432,159.441,159.421,159.424,63
1779870900,159.42,159.423,159.41,159.411,52
1779870960,159.412,159.412,159.402,159.405,45
1779871020,159.405,159.413,159.403,159.413,65
1779871080,159.414,159.414,159.392,159.398,77
1779871140,159.396,159.397,159.388,159.389,63
1779871200,159.388,159.388,159.371,159.376,87
1779871260,159.377,159.383,159.374,159.382,59
1779871320,159.381,159.381,159.375,159.377,52
1779871380,159.376,159.387,159.375,159.378,51
1779871440,159.379,159.39,159.376,159.39,79
1779871500,159.389,159.4,159.389,159.395,51
1779871560,159.396,159.4,159.392,159.392,75
1779871620,159.392,159.398,159.389,159.39,82
1779871680,159.392,159.393,159.388,159.39,65
1779871740,159.39,159.397,159.388,159.392,71
1779871800,159.392,159.394,159.391,159.393,44
1779871860,159.394,159.395,159.388,159.394,38
1779871920,159.395,159.395,159.384,159.392,63
1779871980,159.392,159.398,159.389,159.393,56
1779872040,159.392,159.402,159.392,159.402,38
1779872100,159.402,159.403,159.397,159.398,64
1779872160,159.4,159.4,159.388,159.392,45
1779872220,159.391,159.393,159.389,159.391,75
1779872280,159.391,159.394,159.388,159.388,64
1779872340,159.386,159.395,159.384,159.394,78
1779872400,159.394,159.398,159.389,159.396,61
1779872460,159.398,159.4,159.392,159.396,44
1779872520,159.395,159.398,159.392,159.396,40
1779872580,159.395,159.396,159.385,159.385,37
1779872640,159.386,159.391,159.385,159.39,63
1779872700,159.39,159.394,159.382,159.393,43
1779872760,159.392,159.394,159.386,159.389,45
1779872820,159.386,159.388,159.381,159.381,67
1779872880,159.382,159.384,159.382,159.384,36
1779872940,159.384,159.39,159.382,159.382,45
1779873000,159.378,159.381,159.371,159.375,70
1779873060,159.373,159.373,159.364,159.368,74
1779873120,159.369,159.369,159.355,159.366,61
1779873180,159.365,159.366,159.356,159.356,65
1779873240,159.357,159.359,159.339,159.343,61
1779873300,159.342,159.342,159.316,159.318,44
1779873360,159.319,159.343,159.319,159.339,77
1779873420,159.341,159.344,159.339,159.341,67
1779873480,159.342,159.352,159.326,159.327,76
1779873540,159.328,159.33,159.325,159.326,44
1779873600,159.328,159.33,159.324,159.328,63
1779873660,159.329,159.335,159.327,159.33,69
1779873720,159.33,159.331,159.317,159.325,67
1779873780,159.323,159.336,159.323,159.336,36
1779873840,159.337,159.338,159.33,159.331,55
1779873900,159.329,159.337,159.328,159.336,60
1779873960,159.335,159.337,159.33,159.334,59
1779874020,159.335,159.338,159.334,159.336,33
1779874080,159.337,159.347,159.336,159.341,62
1779874140,159.342,159.344,159.336,159.337,63
1779874200,159.335,159.341,159.335,159.34,75
1779874260,159.341,159.343,159.339,159.341,45
1779874320,159.342,159.353,159.338,159.352,53
1779874380,159.351,159.354,159.332,159.334,46
1779874440,159.333,159.343,159.333,159.342,63
1779874500,159.341,159.35,159.34,159.35,52
1779874560,159.349,159.35,159.345,159.345,28
1779874620,159.346,159.346,159.342,159.343,57
1779874680,159.344,159.353,159.344,159.352,47
1779874740,159.352,159.353,159.351,159.352,31
1779874800,159.351,159.357,159.337,159.337,30
1779874860,159.342,159.35,159.342,159.347,34
1779874920,159.348,159.354,159.346,159.354,36
1779874980,159.354,159.354,159.346,159.347,39
1779875040,159.348,159.35,159.347,159.348,29
1779875100,159.349,159.349,159.341,159.342,40
1779875160,159.341,159.345,159.341,159.345,32
1779875220,159.345,159.349,159.343,159.344,34
1779875280,159.343,159.345,159.343,159.345,25
1779875340,159.345,159.346,159.344,159.345,37
1779875400,159.345,159.346,159.343,159.344,23
1779875460,159.344,159.345,159.343,159.344,32
1779875520,159.344,159.346,159.342,159.345,44
1779875580,159.345,159.354,159.345,159.345,31
1779875640,159.345,159.346,159.331,159.333,39
1779875700,159.335,159.335,159.327,159.328,37
1779875760,159.324,159.33,159.32,159.33,65
1779875820,159.332,159.336,159.331,159.336,50
1779875880,159.338,159.347,159.338,159.347,40
1779875940,159.348,159.36,159.348,159.359,66
1779876000,159.357,159.366,159.355,159.355,85
1779876060,159.356,159.361,159.355,159.359,59
1779876120,159.36,159.363,159.359,159.361,52
1779876180,159.36,159.37,159.359,159.367,52
1779876240,159.366,159.367,159.361,159.365,65
1779876300,159.366,159.367,159.356,159.357,44
1779876360,159.358,159.359,159.355,159.356,39
1779876420,159.355,159.359,159.353,159.357,62
1779876480,159.355,159.359,159.352,159.358,53
1779876540,159.358,159.359,159.356,159.356,32
1779876600,159.355,159.359,159.353,159.356,31
1779876660,159.354,159.357,159.353,159.357,38
1779876720,159.357,159.358,159.352,159.352,45
1779876780,159.353,159.357,159.345,159.351,44
1779876840,159.35,159.355,159.35,159.353,44
1779876900,159.352,159.356,159.349,159.352,52
1779876960,159.351,159.355,159.35,159.355,44
1779877020,159.354,159.359,159.354,159.358,48
1779877080,159.357,159.368,159.357,159.364,64
1779877140,159.363,159.364,159.361,159.364,43
1779877200,159.363,159.365,159.356,159.361,50
1779877260,159.362,159.367,159.36,159.366,78
1779877320,159.367,159.369,159.363,159.369,56
1779877380,159.369,159.374,159.367,159.373,48
1779877440,159.372,159.379,159.37,159.379,80
1779877500,159.378,159.381,159.378,159.379,42
1779877560,159.38,159.381,159.378,159.378,34
1779877620,159.379,159.381,159.378,159.38,48
1779877680,159.38,159.39,159.379,159.389,57
1779877740,159.393,159.393,159.377,159.378,56
1779877800,159.377,159.382,159.377,159.381,43
1779877860,159.38,159.382,159.379,159.382,35
1779877920,159.381,159.382,159.38,159.381,40
1779877980,159.381,159.387,159.381,159.386,27
1779878040,159.386,159.386,159.377,159.38,38
1779878100,159.38,159.381,159.368,159.369,35
1779878160,159.368,159.368,159.364,159.367,46
1779878220,159.368,159.371,159.368,159.369,28
1779878280,159.37,159.372,159.367,159.372,36
1779878340,159.371,159.392,159.37,159.387,66
1779878400,159.386,159.389,159.383,159.385,63
1779878460,159.384,159.385,159.381,159.384,48
1779878520,159.385,159.385,159.381,159.381,37
1779878580,159.382,159.384,159.381,159.383,32
1779878640,159.384,159.384,159.382,159.383,19
1779878700,159.384,159.384,159.381,159.381,36
1779878760,159.382,159.387,159.378,159.378,61
1779878820,159.379,159.384,159.379,159.383,56
1779878880,159.384,159.39,159.379,159.381,64
1779878940,159.38,159.382,159.378,159.38,49
1779879000,159.381,159.387,159.375,159.376,37
1779879060,159.375,159.381,159.374,159.38,78
1779879120,159.381,159.381,159.379,159.379,18
1779879180,159.38,159.39,159.379,159.388,55
1779879240,159.389,159.389,159.383,159.384,35
1779879300,159.383,159.391,159.382,159.386,45
1779879360,159.387,159.391,159.384,159.385,46
1779879420,159.386,159.39,159.385,159.388,51
1779879480,159.39,159.39,159.384,159.384,62
1779879540,159.385,159.388,159.383,159.383,48
1779879600,159.384,159.394,159.383,159.394,24
1779879660,159.386,159.386,159.38,159.381,28
1779879720,159.382,159.382,159.377,159.379,76
1779879780,159.378,159.383,159.374,159.383,60
1779879840,159.381,159.383,159.378,159.38,38
1779879900,159.381,159.39,159.381,159.388,74
1779879960,159.386,159.396,159.386,159.396,46
1779880020,159.395,159.397,159.394,159.397,28
1779880080,159.396,159.406,159.396,159.4,66
1779880140,159.4,159.401,159.396,159.397,51
1779880200,159.398,159.404,159.398,159.404,31
1779880260,159.403,159.412,159.399,159.401,66
1779880320,159.398,159.401,159.392,159.393,49
1779880380,159.392,159.395,159.392,159.394,39
1779880440,159.394,159.395,159.389,159.39,44
1779880500,159.387,159.388,159.381,159.388,75
1779880560,159.389,159.397,159.384,159.392,59
1779880620,159.393,159.395,159.391,159.395,19
1779880680,159.394,159.402,159.394,159.402,32
1779880740,159.403,159.404,159.398,159.403,68
1779880800,159.402,159.404,159.402,159.403,34
1779880860,159.403,159.413,159.402,159.41,56
1779880920,159.409,159.411,159.399,159.399,44
1779880980,159.4,159.408,159.395,159.407,72
1779881040,159.408,159.408,159.405,159.407,35
1779881100,159.406,159.411,159.406,159.408,34
1779881160,159.408,159.411,159.408,159.41,40
1779881220,159.413,159.414,159.409,159.41,51
1779881280,159.409,159.42,159.409,159.418,58
1779881340,159.419,159.42,159.417,159.42,31
1779881400,159.42,159.431,159.42,159.429,41
1779881460,159.428,159.447,159.427,159.431,84
1779881520,159.432,159.433,159.427,159.43,48
1779881580,159.432,159.441,159.426,159.427,64
1779881640,159.428,159.432,159.426,159.427,47
1779881700,159.429,159.431,159.428,159.43,27
1779881760,159.429,159.43,159.428,159.43,35
1779881820,159.429,159.431,159.418,159.419,54
1779881880,159.419,159.42,159.409,159.418,55
1779881940,159.419,159.422,159.419,159.421,28
1779882000,159.419,159.43,159.419,159.428,63
1779882060,159.421,159.428,159.421,159.425,34
1779882120,159.426,159.432,159.426,159.43,55
1779882180,159.424,159.424,159.417,159.424,38
1779882240,159.422,159.424,159.42,159.423,31
1779882300,159.422,159.423,159.421,159.422,36
1779882360,159.423,159.433,159.423,159.432,34
1779882420,159.433,159.435,159.431,159.432,46
1779882480,159.433,159.435,159.431,159.431,50
1779882540,159.431,159.435,159.431,159.433,31
1779882600,159.434,159.435,159.431,159.433,35
1779882660,159.434,159.444,159.433,159.438,40
1779882720,159.439,159.439,159.432,159.432,44
1779882780,159.433,159.435,159.43,159.434,71
1779882840,159.439,159.448,159.434,159.446,63
1779882900,159.445,159.446,159.441,159.442,80
1779882960,159.443,159.448,159.441,159.447,91
1779883020,159.445,159.449,159.434,159.442,83
1779883080,159.441,159.447,159.44,159.444,88
1779883140,159.445,159.448,159.434,159.434,52
1779883200,159.432,159.446,159.43,159.442,102
1779883260,159.444,159.444,159.43,159.43,138
1779883320,159.432,159.433,159.421,159.423,67
1779883380,159.424,159.431,159.423,159.423,57
1779883440,159.424,159.428,159.424,159.425,38
1779883500,159.425,159.425,159.421,159.422,33
1779883560,159.421,159.429,159.416,159.419,62
1779883620,159.418,159.421,159.416,159.418,42
1779883680,159.417,159.418,159.415,159.417,43
1779883740,159.417,159.421,159.415,159.42,59
1779883800,159.421,159.421,159.416,159.42,51
1779883860,159.419,159.424,159.417,159.423,68
1779883920,159.424,159.432,159.421,159.425,54
1779883980,159.424,159.439,159.422,159.429,64
1779884040,159.428,159.444,159.428,159.442,80
1779884100,159.441,159.449,159.441,159.445,65
1779884160,159.447,159.448,159.443,159.443,48
1779884220,159.444,159.448,159.44,159.441,68
1779884280,159.44,159.444,159.331,159.395,223
1779884340,159.394,159.414,159.349,159.408,244
1779884400,159.412,159.417,159.376,159.382,192
1779884460,159.383,159.383,159.311,159.311,220
1779884520,159.312,159.312,159.25,159.306,227
1779884580,159.302,159.335,159.265,159.319,228
1779884640,159.318,159.348,159.314,159.343,223
1779884700,159.342,159.344,159.298,159.299,198
1779884760,159.303,159.309,159.274,159.304,204
1779884820,159.303,159.329,159.294,159.312,186
1779884880,159.311,159.329,159.308,159.315,167
1779884940,159.313,159.331,159.309,159.329,156
1779885000,159.322,159.327,159.294,159.316,189
1779885060,159.315,159.33,159.303,159.328,132
1779885120,159.327,159.328,159.299,159.317,143
1779885180,159.322,159.343,159.321,159.331,135
1779885240,159.33,159.354,159.33,159.343,155
1779885300,159.342,159.357,159.34,159.357,158
1779885360,159.356,159.356,159.284,159.315,216
1779885420,159.319,159.348,159.319,159.344,153
1779885480,159.345,159.352,159.339,159.341,112
1779885540,159.339,159.347,159.334,159.344,99
1779885600,159.343,159.345,159.338,159.343,97
1779885660,159.346,159.354,159.338,159.343,166
1779885720,159.342,159.359,159.342,159.357,179
1779885780,159.356,159.356,159.343,159.349,126
1779885840,159.348,159.372,159.343,159.371,139
1779885900,159.373,159.393,159.371,159.382,129
1779885960,159.383,159.394,159.381,159.391,115
1779886020,159.392,159.394,159.382,159.392,117
1779886080,159.391,159.393,159.379,159.382,115
1779886140,159.381,159.393,159.371,159.376,143
1779886200,159.375,159.381,159.374,159.378,91
1779886260,159.379,159.381,159.368,159.372,112
1779886320,159.372,159.391,159.371,159.383,105
1779886380,159.383,159.392,159.381,159.381,128
1779886440,159.382,159.392,159.381,159.381,76
1779886500,159.382,159.39,159.38,159.384,78
1779886560,159.386,159.394,159.378,159.393,82
1779886620,159.394,159.399,159.391,159.394,82
1779886680,159.394,159.407,159.393,159.399,87
1779886740,159.398,159.423,159.397,159.417,163
1779886800,159.419,159.419,159.405,159.415,140
1779886860,159.416,159.423,159.414,159.423,108
1779886920,159.422,159.427,159.401,159.405,130
1779886980,159.406,159.407,159.403,159.405,60
1779887040,159.406,159.414,159.391,159.402,126
1779887100,159.401,159.402,159.389,159.394,94
1779887160,159.396,159.405,159.395,159.405,106
1779887220,159.408,159.42,159.407,159.416,120
1779887280,159.416,159.42,159.404,159.418,91
1779887340,159.419,159.428,159.417,159.42,113
1779887400,159.419,159.422,159.406,159.409,113
1779887460,159.409,159.417,159.405,159.412,82
1779887520,159.411,159.416,159.409,159.412,79
1779887580,159.411,159.416,159.406,159.407,83
1779887640,159.407,159.414,159.405,159.409,93
1779887700,159.41,159.413,159.407,159.409,86
1779887760,159.41,159.418,159.404,159.404,54
1779887820,159.405,159.409,159.404,159.406,86
1779887880,159.405,159.412,159.403,159.407,94
1779887940,159.405,159.411,159.404,159.411,83
1779888000,159.411,159.421,159.408,159.419,98
1779888060,159.42,159.425,159.415,159.417,100
1779888120,159.418,159.43,159.416,159.42,84
1779888180,159.419,159.42,159.414,159.417,60
1779888240,159.416,159.417,159.414,159.415,48
1779888300,159.414,159.417,159.409,159.417,65
1779888360,159.418,159.42,159.405,159.408,98
1779888420,159.409,159.419,159.403,159.413,126
1779888480,159.414,159.429,159.413,159.429,54
1779888540,159.43,159.43,159.414,159.416,98
1779888600,159.418,159.424,159.413,159.42,97
1779888660,159.421,159.421,159.412,159.418,92
1779888720,159.42,159.424,159.418,159.421,93
1779888780,159.422,159.422,159.41,159.412,71
1779888840,159.414,159.416,159.412,159.412,60
1779888900,159.413,159.419,159.409,159.41,87
1779888960,159.412,159.432,159.411,159.427,84
1779889020,159.425,159.436,159.422,159.426,104
1779889080,159.425,159.436,159.423,159.425,90
1779889140,159.424,159.425,159.42,159.423,78
1779889200,159.422,159.423,159.421,159.423,60
1779889260,159.422,159.424,159.409,159.41,83
1779889320,159.411,159.424,159.407,159.424,92
1779889380,159.422,159.423,159.408,159.411,103
1779889440,159.41,159.415,159.406,159.41,112
1779889500,159.411,159.412,159.392,159.392,127
1779889560,159.387,159.399,159.382,159.395,140
1779889620,159.397,159.398,159.393,159.397,107
1779889680,159.396,159.398,159.391,159.397,132
1779889740,159.397,159.408,159.397,159.406,113
1779889800,159.406,159.417,159.393,159.393,121
1779889860,159.394,159.403,159.391,159.395,140
1779889920,159.396,159.402,159.393,159.396,155
1779889980,159.394,159.397,159.393,159.396,156
1779890040,159.395,159.412,159.393,159.4,150
1779890100,159.399,159.4,159.393,159.397,112
1779890160,159.395,159.402,159.394,159.395,82
1779890220,159.397,159.399,159.394,159.396,61
1779890280,159.395,159.399,159.392,159.394,79
1779890340,159.394,159.395,159.383,159.384,133
1779890400,159.381,159.396,159.377,159.394,119
1779890460,159.393,159.4,159.391,159.393,80
1779890520,159.392,159.405,159.385,159.403,115
1779890580,159.402,159.406,159.394,159.405,47
1779890640,159.406,159.409,159.395,159.397,78
1779890700,159.396,159.398,159.395,159.397,66
1779890760,159.399,159.406,159.397,159.403,106
1779890820,159.404,159.413,159.395,159.412,118
1779890880,159.411,159.415,159.403,159.407,104
1779890940,159.409,159.409,159.402,159.405,109
1779891000,159.404,159.407,159.404,159.405,59
1779891060,159.405,159.407,159.403,159.405,87
1779891120,159.406,159.407,159.381,159.381,102
1779891180,159.382,159.392,159.381,159.39,108
1779891240,159.391,159.394,159.381,159.384,113
1779891300,159.383,159.393,159.383,159.393,138
1779891360,159.391,159.393,159.385,159.388,97
1779891420,159.387,159.39,159.382,159.383,133
1779891480,159.384,159.384,159.37,159.384,102
1779891540,159.383,159.385,159.382,159.384,66
1779891600,159.382,159.401,159.371,159.39,180
1779891660,159.389,159.39,159.377,159.385,110
1779891720,159.385,159.397,159.383,159.396,81
1779891780,159.397,159.406,159.395,159.406,89
1779891840,159.405,159.407,159.403,159.405,77
1779891900,159.405,159.406,159.4,159.405,76
1779891960,159.404,159.409,159.402,159.403,86
1779892020,159.404,159.407,159.402,159.407,44
1779892080,159.406,159.406,159.404,159.404,53
1779892140,159.405,159.405,159.394,159.397,54
1779892200,159.397,159.404,159.392,159.402,107
1779892260,159.4,159.4,159.392,159.395,82
1779892320,159.394,159.415,159.382,159.415,150
1779892380,159.417,159.448,159.4,159.442,200
1779892440,159.44,159.447,159.427,159.43,156
1779892500,159.429,159.441,159.418,159.419,149
1779892560,159.421,159.427,159.417,159.418,126
1779892620,159.42,159.435,159.419,159.434,69
1779892680,159.431,159.432,159.419,159.422,102
1779892740,159.422,159.434,159.42,159.428,97
1779892800,159.427,159.437,159.422,159.431,108
1779892860,159.428,159.431,159.425,159.428,66
1779892920,159.429,159.443,159.428,159.432,93
1779892980,159.433,159.437,159.419,159.42,112
1779893040,159.419,159.433,159.417,159.417,112
1779893100,159.418,159.42,159.405,159.405,98
1779893160,159.404,159.422,159.403,159.421,88
1779893220,159.422,159.441,159.422,159.44,127
1779893280,159.442,159.452,159.436,159.439,116
1779893340,159.438,159.466,159.438,159.464,96
1779893400,159.465,159.47,159.453,159.464,142
1779893460,159.458,159.476,159.456,159.476,122
1779893520,159.478,159.495,159.478,159.494,132
1779893580,159.495,159.499,159.489,159.498,85
1779893640,159.498,159.501,159.484,159.488,129
1779893700,159.489,159.505,159.489,159.503,145
1779893760,159.503,159.505,159.475,159.493,162
1779893820,159.494,159.505,159.494,159.498,155
1779893880,159.5,159.508,159.492,159.497,160
1779893940,159.496,159.51,159.494,159.507,165
1779894000,159.509,159.537,159.509,159.524,160
1779894060,159.522,159.534,159.502,159.502,178
1779894120,159.504,159.506,159.49,159.493,149
1779894180,159.494,159.494,159.469,159.478,81
1779894240,159.477,159.498,159.475,159.489,114
1779894300,159.485,159.49,159.475,159.489,62
1779894360,159.49,159.491,159.469,159.471,65
1779894420,159.471,159.471,159.459,159.467,93
1779894480,159.466,159.482,159.465,159.48,114
1779894540,159.479,159.48,159.467,159.467,106
1779894600,159.468,159.479,159.466,159.467,109
1779894660,159.466,159.481,159.466,159.47,109
1779894720,159.469,159.471,159.465,159.467,93
1779894780,159.467,159.468,159.454,159.456,95
1779894840,159.455,159.459,159.453,159.459,88
1779894900,159.457,159.476,159.457,159.472,91
1779894960,159.471,159.48,159.471,159.472,89
1779895020,159.471,159.477,159.468,159.477,72
1779895080,159.478,159.493,159.476,159.483,90
1779895140,159.484,159.486,159.482,159.483,73
1779895200,159.484,159.484,159.471,159.481,100
1779895260,159.482,159.486,159.481,159.486,81
1779895320,159.485,159.486,159.482,159.484,55
1779895380,159.484,159.484,159.48,159.482,69
1779895440,159.484,159.491,159.482,159.483,80
1779895500,159.485,159.485,159.482,159.484,49
1779895560,159.482,159.485,159.476,159.48,40
1779895620,159.48,159.481,159.467,159.47,86
1779895680,159.469,159.471,159.468,159.468,69
1779895740,159.469,159.471,159.459,159.469,82
1779895800,159.47,159.474,159.456,159.457,118
1779895860,159.458,159.46,159.444,159.457,110
1779895920,159.458,159.458,159.444,159.446,86
1779895980,159.447,159.447,159.436,159.445,108
1779896040,159.445,159.458,159.44,159.441,103
1779896100,159.442,159.447,159.44,159.447,73
1779896160,159.448,159.452,159.442,159.444,93
1779896220,159.445,159.451,159.444,159.446,79
1779896280,159.445,159.461,159.445,159.461,93
1779896340,159.46,159.461,159.456,159.459,87
1779896400,159.458,159.461,159.454,159.458,84
1779896460,159.457,159.468,159.456,159.462,59
1779896520,159.461,159.472,159.458,159.468,64
1779896580,159.465,159.474,159.459,159.473,114
1779896640,159.474,159.494,159.47,159.485,118
1779896700,159.486,159.488,159.457,159.48,128
1779896760,159.481,159.484,159.477,159.484,89
1779896820,159.483,159.498,159.482,159.495,80
1779896880,159.496,159.498,159.493,159.498,64
1779896940,159.499,159.505,159.496,159.498,81
1779897000,159.497,159.504,159.497,159.498,79
1779897060,159.499,159.502,159.492,159.496,78
1779897120,159.497,159.498,159.492,159.496,82
1779897180,159.496,159.496,159.484,159.485,86
1779897240,159.491,159.499,159.485,159.49,101
1779897300,159.488,159.493,159.485,159.49,93
1779897360,159.486,159.486,159.481,159.482,51
1779897420,159.483,159.483,159.478,159.481,66
1779897480,159.482,159.492,159.48,159.483,79
1779897540,159.486,159.486,159.472,159.472,71
1779897600,159.47,159.483,159.469,159.482,85
1779897660,159.479,159.483,159.47,159.483,82
1779897720,159.481,159.483,159.477,159.482,66
1779897780,159.48,159.522,159.48,159.521,88
1779897840,159.52,159.524,159.51,159.518,142
1779897900,159.517,159.52,159.51,159.519,82
1779897960,159.52,159.52,159.503,159.506,70
1779898020,159.507,159.509,159.503,159.508,50
1779898080,159.509,159.522,159.508,159.52,46
1779898140,159.519,159.522,159.516,159.519,44
1779898200,159.518,159.52,159.516,159.517,32
1779898260,159.517,159.518,159.509,159.516,86
1779898320,159.516,159.517,159.509,159.509,63
1779898380,159.51,159.511,159.51,159.511,19
1779898440,159.512,159.512,159.509,159.51,32
1779898500,159.509,159.51,159.507,159.509,39
1779898560,159.508,159.512,159.508,159.509,49
1779898620,159.509,159.51,159.507,159.508,46
1779898680,159.509,159.509,159.497,159.504,39
1779898740,159.503,159.505,159.496,159.496,56
1779898800,159.497,159.497,159.493,159.495,50
1779898860,159.496,159.497,159.494,159.496,31
1779898920,159.495,159.496,159.491,159.496,57
1779898980,159.495,159.497,159.491,159.493,43
1779899040,159.493,159.498,159.492,159.497,69
1779899100,159.496,159.497,159.495,159.496,49
1779899160,159.497,159.504,159.488,159.489,58
1779899220,159.495,159.495,159.489,159.494,52
1779899280,159.495,159.497,159.494,159.496,46
1779899340,159.497,159.507,159.494,159.505,59
1779899400,159.504,159.512,159.503,159.512,50
1779899460,159.51,159.519,159.507,159.518,72
1779899520,159.517,159.518,159.505,159.508,66
1779899580,159.509,159.518,159.506,159.518,88
1779899640,159.519,159.52,159.515,159.52,54
1779899700,159.519,159.519,159.515,159.518,54
1779899760,159.517,159.518,159.508,159.517,66
1779899820,159.518,159.52,159.508,159.509,80
1779899880,159.511,159.511,159.504,159.505,70
1779899940,159.501,159.505,159.499,159.502,62
1779900000,159.503,159.503,159.491,159.492,68
1779900060,159.493,159.496,159.485,159.494,72
1779900120,159.495,159.498,159.493,159.496,76
1779900180,159.495,159.497,159.493,159.495,42
1779900240,159.494,159.496,159.494,159.495,21
1779900300,159.494,159.498,159.494,159.498,60
1779900360,159.496,159.5,159.494,159.495,49
1779900420,159.495,159.497,159.494,159.497,64
1779900480,159.495,159.498,159.494,159.496,75
1779900540,159.497,159.497,159.493,159.495,47
1779900600,159.494,159.496,159.492,159.493,48
1779900660,159.494,159.494,159.491,159.492,46
1779900720,159.493,159.494,159.491,159.493,43
1779900780,159.492,159.498,159.492,159.496,34
1779900840,159.495,159.497,159.494,159.496,41
1779900900,159.498,159.507,159.498,159.506,63
1779900960,159.506,159.506,159.495,159.504,54
1779901020,159.505,159.505,159.496,159.504,74
1779901080,159.503,159.504,159.497,159.497,90
1779901140,159.499,159.499,159.495,159.498,33
1779901200,159.497,159.505,159.497,159.505,86
1779901260,159.504,159.506,159.497,159.504,45
1779901320,159.505,159.509,159.502,159.503,74
1779901380,159.502,159.516,159.502,159.505,85
1779901440,159.506,159.511,159.505,159.507,48
1779901500,159.505,159.508,159.505,159.507,51
1779901560,159.506,159.518,159.506,159.518,66
1779901620,159.519,159.528,159.519,159.527,67
1779901680,159.528,159.545,159.527,159.543,95
1779901740,159.542,159.544,159.533,159.542,74
1779901800,159.541,159.541,159.535,159.54,46
1779901860,159.541,159.544,159.54,159.542,24
1779901920,159.546,159.548,159.542,159.546,108
1779901980,159.545,159.549,159.541,159.542,61
1779902040,159.54,159.548,159.54,159.547,89
1779902100,159.546,159.548,159.542,159.544,48
1779902160,159.554,159.558,159.54,159.544,50
1779902220,159.543,159.545,159.539,159.541,38
1779902280,159.544,159.547,159.542,159.545,68
1779902340,159.544,159.557,159.544,159.556,58
1779902400,159.557,159.562,159.549,159.557,66
1779902460,159.558,159.576,159.558,159.576,40
1779902520,159.575,159.575,159.572,159.574,24
1779902580,159.574,159.576,159.571,159.575,33
1779902640,159.573,159.575,159.573,159.575,29
1779902700,159.574,159.579,159.573,159.577,62
1779902760,159.576,159.578,159.573,159.574,32
1779902820,159.572,159.575,159.571,159.575,46
1779902880,159.575,159.575,159.571,159.571,35
1779902940,159.57,159.571,159.563,159.569,43
1779903000,159.57,159.574,159.57,159.573,57
1779903060,159.571,159.571,159.557,159.561,77
1779903120,159.56,159.561,159.558,159.56,48
1779903180,159.56,159.569,159.556,159.568,55
1779903240,159.569,159.569,159.558,159.558,50
1779903300,159.559,159.559,159.544,159.546,60
1779903360,159.545,159.55,159.544,159.547,68
1779903420,159.549,159.549,159.541,159.545,56
1779903480,159.544,159.546,159.541,159.543,54
1779903540,159.544,159.55,159.542,159.549,52
1779903600,159.549,159.556,159.548,159.554,47
1779903660,159.555,159.555,159.536,159.54,49
1779903720,159.539,159.541,159.536,159.536,56
1779903780,159.534,159.535,159.53,159.532,40
1779903840,159.531,159.539,159.526,159.526,40
1779903900,159.528,159.532,159.527,159.531,36
1779903960,159.532,159.532,159.529,159.531,26
1779904020,159.53,159.532,159.529,159.532,36
1779904080,159.532,159.532,159.528,159.528,34
1779904140,159.528,159.53,159.519,159.529,37
1779904200,159.53,159.53,159.517,159.517,37
1779904260,159.518,159.52,159.517,159.517,23
1779904320,159.519,159.521,159.517,159.518,52
1779904380,159.519,159.523,159.518,159.521,61
1779904440,159.521,159.523,159.515,159.521,55
1779904500,159.521,159.527,159.518,159.521,69
1779904560,159.52,159.522,159.518,159.521,51
1779904620,159.522,159.522,159.518,159.519,40
1779904680,159.52,159.521,159.518,159.52,40
1779904740,159.519,159.529,159.519,159.525,49
1779904800,159.529,159.531,159.518,159.521,62
1779904860,159.522,159.53,159.52,159.529,54
1779904920,159.53,159.536,159.53,159.534,50
1779904980,159.535,159.544,159.534,159.543,41
1779905040,159.544,159.547,159.543,159.546,44
1779905100,159.545,159.545,159.542,159.543,55
1779905160,159.543,159.545,159.538,159.541,63
1779905220,159.542,159.544,159.538,159.544,50
1779905280,159.543,159.544,159.538,159.541,59
1779905340,159.543,159.545,159.542,159.544,30
1779905400,159.543,159.545,159.542,159.542,26
1779905460,159.542,159.542,159.534,159.539,45
1779905520,159.54,159.544,159.539,159.54,43
1779905580,159.541,159.544,159.54,159.541,50
1779905640,159.542,159.55,159.54,159.548,60
1779905700,159.547,159.55,159.545,159.548,70
1779905760,159.548,159.551,159.547,159.551,59
1779905820,159.55,159.558,159.549,159.55,50
1779905880,159.549,159.551,159.546,159.548,41
1779905940,159.547,159.549,159.546,159.546,52
1779906000,159.546,159.547,159.545,159.546,50
1779906060,159.547,159.548,159.545,159.548,31
1779906120,159.547,159.548,159.544,159.545,33
1779906180,159.544,159.545,159.534,159.534,47
1779906240,159.537,159.545,159.534,159.545,39
1779906300,159.544,159.545,159.533,159.534,32
1779906360,159.535,159.535,159.534,159.535,22
1779906420,159.536,159.536,159.522,159.523,56
1779906480,159.526,159.536,159.523,159.536,42
1779906540,159.535,159.536,159.532,159.533,26
1779906600,159.532,159.534,159.522,159.529,68
1779906660,159.531,159.534,159.53,159.532,38
1779906720,159.531,159.534,159.528,159.53,36
1779906780,159.531,159.535,159.53,159.535,58
1779906840,159.534,159.544,159.533,159.543,48
1779906900,159.544,159.545,159.535,159.544,36
1779906960,159.543,159.544,159.541,159.543,46
1779907020,159.544,159.546,159.542,159.545,49
1779907080,159.544,159.545,159.534,159.534,37
1779907140,159.535,159.542,159.533,159.535,38
1779907200,159.536,159.536,159.533,159.535,24
1779907260,159.536,159.536,159.534,159.536,15
1779907320,159.535,159.537,159.533,159.534,26
1779907380,159.533,159.535,159.525,159.525,52
1779907440,159.522,159.524,159.522,159.522,18
1779907500,159.532,159.532,159.523,159.523,46
1779907560,159.522,159.523,159.519,159.521,58
1779907620,159.52,159.533,159.518,159.532,42
1779907680,159.521,159.522,159.52,159.521,30
1779907740,159.52,159.521,159.517,159.518,38
1779907800,159.52,159.52,159.509,159.51,48
1779907860,159.511,159.523,159.511,159.523,46
1779907920,159.524,159.524,159.522,159.522,14
1779907980,159.523,159.527,159.522,159.525,29
1779908040,159.524,159.525,159.517,159.521,44
1779908100,159.522,159.523,159.508,159.509,51
1779908160,159.508,159.51,159.505,159.508,65
1779908220,159.509,159.512,159.503,159.506,43
1779908280,159.505,159.508,159.493,159.504,65
1779908340,159.505,159.509,159.502,159.505,113
1779908400,159.505,159.511,159.504,159.51,60
1779908460,159.511,159.52,159.509,159.52,76
1779908520,159.519,159.52,159.516,159.517,48
1779908580,159.518,159.519,159.508,159.508,22
1779908640,159.509,159.509,159.502,159.506,33
1779908700,159.508,159.508,159.504,159.505,41
1779908760,159.506,159.506,159.503,159.506,37
1779908820,159.506,159.509,159.505,159.506,29
1779908880,159.506,159.507,159.502,159.503,42
1779908940,159.502,159.509,159.502,159.508,40
1779909000,159.509,159.523,159.508,159.521,43
1779909060,159.522,159.523,159.521,159.521,28
1779909120,159.523,159.534,159.522,159.528,57
1779909180,159.53,159.532,159.529,159.53,64
1779909240,159.53,159.531,159.521,159.524,61
1779909300,159.522,159.524,159.517,159.52,55
1779909360,159.519,159.521,159.519,159.52,35
1779909420,159.519,159.522,159.519,159.522,69
1779909480,159.521,159.522,159.519,159.521,36
1779909540,159.522,159.531,159.521,159.529,42
1779909600,159.53,159.53,159.524,159.53,49
1779909660,159.529,159.53,159.519,159.519,33
1779909720,159.528,159.529,159.527,159.528,25
1779909780,159.527,159.529,159.518,159.519,43
1779909840,159.518,159.522,159.518,159.521,39
1779909900,159.52,159.523,159.52,159.522,31
1779909960,159.523,159.531,159.52,159.526,60
1779910020,159.524,159.529,159.521,159.521,86
1779910080,159.522,159.523,159.521,159.522,36
1779910140,159.524,159.524,159.521,159.522,32
1779910200,159.523,159.524,159.519,159.523,51
1779910260,159.524,159.524,159.52,159.521,36
1779910320,159.522,159.534,159.517,159.522,43
1779910380,159.521,159.521,159.512,159.516,70
1779910440,159.517,159.518,159.514,159.517,48
1779910500,159.516,159.516,159.514,159.515,36
1779910560,159.514,159.516,159.506,159.508,42
1779910620,159.507,159.514,159.506,159.513,35
1779910680,159.514,159.522,159.513,159.52,41
1779910740,159.519,159.52,159.517,159.519,40
1779910800,159.517,159.527,159.517,159.527,49
1779910860,159.526,159.533,159.526,159.533,33
1779910920,159.532,159.535,159.531,159.534,34
1779910980,159.534,159.534,159.531,159.533,45
1779911040,159.534,159.535,159.53,159.53,53
1779911100,159.532,159.535,159.532,159.534,40
1779911160,159.533,159.534,159.529,159.534,69
1779911220,159.532,159.534,159.531,159.533,60
1779911280,159.532,159.535,159.532,159.534,40
1779911340,159.534,159.534,159.532,159.534,29
1779911400,159.535,159.546,159.535,159.545,81
1779911460,159.544,159.544,159.533,159.533,27
1779911520,159.534,159.547,159.532,159.547,28
1779911580,159.546,159.547,159.546,159.547,4
1779911640,159.549,159.549,159.546,159.547,39
1779911700,159.546,159.546,159.542,159.543,40
1779911760,159.543,159.543,159.534,159.541,68
1779911820,159.542,159.543,159.54,159.542,53
1779911880,159.542,159.545,159.54,159.545,46
1779911940,159.544,159.545,159.54,159.541,79
1779912000,159.541,159.542,159.534,159.535,90
1779912060,159.534,159.535,159.53,159.53,66
1779912120,159.531,159.531,159.521,159.522,46
1779912180,159.523,159.526,159.521,159.524,34
1779912240,159.525,159.526,159.522,159.523,33
1779912300,159.526,159.528,159.523,159.528,28
1779912360,159.527,159.531,159.525,159.53,42
1779912420,159.531,159.533,159.53,159.531,49
1779912480,159.53,159.532,159.53,159.531,37
1779912540,159.532,159.532,159.515,159.519,69
1779912600,159.518,159.521,159.503,159.506,63
1779912660,159.507,159.524,159.507,159.524,32
1779912720,159.525,159.525,159.524,159.524,4
1779912780,159.525,159.526,159.524,159.525,11
1779912840,159.523,159.523,159.515,159.516,39
1779912900,159.515,159.525,159.515,159.524,33
1779912960,159.525,159.526,159.524,159.525,45
1779913020,159.526,159.528,159.524,159.525,39
1779913080,159.523,159.526,159.523,159.525,20
1779913140,159.526,159.536,159.525,159.535,28
1779913200,159.536,159.537,159.535,159.536,12
1779913260,159.537,159.537,159.535,159.536,20
1779913320,159.537,159.538,159.536,159.537,18
1779913380,159.538,159.538,159.535,159.535,19
1779913440,159.536,159.538,159.534,159.537,30
1779913500,159.535,159.536,159.532,159.532,31
1779913560,159.533,159.534,159.522,159.523,32
1779913620,159.523,159.528,159.522,159.528,27
1779913680,159.532,159.537,159.532,159.536,40
1779913740,159.53,159.53,159.523,159.526,17
1779913800,159.525,159.534,159.525,159.533,26
1779913860,159.532,159.534,159.524,159.524,10
1779913920,159.525,159.531,159.523,159.531,22
1779913980,159.53,159.531,159.527,159.53,32
1779914040,159.531,159.531,159.529,159.53,36
1779914100,159.531,159.534,159.531,159.532,19
1779914160,159.533,159.534,159.53,159.53,38
1779914220,159.529,159.531,159.522,159.522,55
1779914280,159.523,159.526,159.522,159.524,38
1779914340,159.523,159.529,159.523,159.527,34
1779914400,159.523,159.523,159.514,159.515,51
1779914460,159.516,159.519,159.516,159.516,10
1779914520,159.517,159.53,159.517,159.53,7
1779914580,159.531,159.531,159.519,159.519,17
1779914640,159.52,159.52,159.518,159.52,21
1779914700,159.519,159.529,159.518,159.527,69
1779914760,159.527,159.528,159.525,159.527,13
1779914820,159.527,159.528,159.524,159.526,26
1779914880,159.526,159.532,159.526,159.529,31
1779914940,159.53,159.532,159.528,159.532,24
1779915000,159.531,159.534,159.53,159.534,29
1779915060,159.533,159.533,159.519,159.529,66
1779915120,159.528,159.53,159.525,159.526,40
1779915180,159.527,159.53,159.523,159.524,37
1779915240,159.525,159.526,159.524,159.525,33
1779915300,159.523,159.526,159.521,159.524,59
1779915360,159.517,159.519,159.517,159.518,21
1779915420,159.519,159.519,159.517,159.519,38
1779915480,159.524,159.524,159.508,159.514,45
1779915660,159.462,159.462,159.462,159.462,3
1779915840,159.452,159.452,159.452,159.452,2
1779915900,159.454,159.454,159.447,159.451,6
1779916200,159.459,159.46,159.459,159.46,4
1779916260,159.458,159.458,159.458,159.458,2
1779916500,159.402,159.456,159.402,159.452,7
1779916560,159.453,159.456,159.453,159.455,6
1779916620,159.449,159.449,159.449,159.449,2
1779916680,159.452,159.456,159.452,159.456,4
1779916740,159.457,159.457,159.457,159.457,2
1779916800,159.449,159.449,159.449,159.449,3
1779916860,159.45,159.45,159.446,159.447,5
1779916920,159.45,159.45,159.45,159.45,2
1779916980,159.45,159.45,159.445,159.449,5
1779917040,159.45,159.45,159.45,159.45,2
1779917100,159.449,159.451,159.449,159.451,5
1779917160,159.451,159.451,159.446,159.447,10
1779917220,159.446,159.449,159.445,159.446,8
1779917280,159.449,159.449,159.444,159.446,8
1779917340,159.449,159.449,159.449,159.449,2
1779917400,159.445,159.449,159.445,159.449,8
1779917460,159.447,159.447,159.447,159.447,4
1779917520,159.448,159.448,159.448,159.448,8
1779917580,159.448,159.448,159.448,159.448,1
1779917640,159.448,159.448,159.417,159.417,16
1779917700,159.417,159.417,159.416,159.416,4
1779917760,159.418,159.418,159.418,159.418,2
1779917820,159.419,159.42,159.419,159.42,3
1779917880,159.431,159.434,159.425,159.429,12
1779917940,159.427,159.427,159.425,159.425,3
1779918000,159.425,159.425,159.425,159.425,1
1779918060,159.425,159.425,159.425,159.425,2
1779918300,159.425,159.432,159.425,159.431,4
1779918360,159.431,159.431,159.431,159.431,3
1779918420,159.431,159.431,159.431,159.431,1
1779918480,159.431,159.432,159.431,159.432,5
1779918540,159.432,159.432,159.428,159.43,15
1779918660,159.432,159.432,159.43,159.43,6
1779918720,159.432,159.435,159.417,159.419,20
1779918780,159.423,159.423,159.422,159.423,6
1779918840,159.425,159.439,159.425,159.439,28
1779918900,159.435,159.438,159.434,159.435,22
1779918960,159.434,159.436,159.427,159.428,18
1779919020,159.429,159.43,159.427,159.429,8
1779919080,159.432,159.433,159.431,159.431,8
1779919140,159.434,159.451,159.434,159.451,8
1779919200,159.485,159.508,159.48,159.503,64
1779919260,159.501,159.514,159.493,159.5,62
1779919320,159.496,159.5,159.494,159.494,22
1779919380,159.495,159.5,159.495,159.496,20
1779919440,159.495,159.496,159.492,159.492,14
1779919500,159.493,159.496,159.489,159.491,25
1779919560,159.485,159.506,159.477,159.497,32
1779919620,159.496,159.496,159.492,159.493,10
1779919680,159.492,159.494,159.492,159.493,12
1779919740,159.494,159.495,159.492,159.494,31
1779919800,159.493,159.511,159.493,159.511,38
1779919860,159.51,159.51,159.507,159.508,8
1779919920,159.509,159.509,159.493,159.494,20
1779919980,159.493,159.494,159.493,159.493,14
1779920040,159.494,159.494,159.493,159.493,14
1779920100,159.493,159.493,159.48,159.48,17
1779920160,159.481,159.493,159.48,159.492,22
1779920220,159.493,159.494,159.493,159.494,4
1779920280,159.495,159.495,159.492,159.494,12
1779920340,159.495,159.495,159.494,159.495,13
1779920400,159.495,159.495,159.48,159.48,40
1779920460,159.48,159.483,159.479,159.482,46
1779920520,159.482,159.482,159.473,159.473,18
1779920580,159.476,159.482,159.474,159.481,22
1779920640,159.483,159.483,159.48,159.48,17
1779920700,159.481,159.483,159.481,159.482,18
1779920760,159.482,159.482,159.481,159.481,13
1779920820,159.481,159.481,159.481,159.481,7
1779920880,159.481,159.492,159.481,159.492,20
1779920940,159.492,159.495,159.492,159.494,17
1779921000,159.494,159.497,159.493,159.496,47
1779921060,159.496,159.497,159.492,159.492,42
1779921120,159.492,159.496,159.492,159.494,19
1779921180,159.505,159.508,159.503,159.507,19
1779921240,159.507,159.507,159.506,159.506,6
1779921300,159.494,159.497,159.49,159.496,25
1779921360,159.506,159.508,159.506,159.507,22
1779921420,159.506,159.507,159.502,159.502,16
1779921480,159.505,159.507,159.504,159.507,25
1779921540,159.506,159.507,159.493,159.493,25
1779921600,159.494,159.494,159.483,159.492,10
1779921660,159.493,159.494,159.493,159.494,8
1779921720,159.494,159.498,159.494,159.496,23
1779921780,159.503,159.506,159.496,159.496,17
1779921840,159.496,159.504,159.495,159.504,15
1779921900,159.505,159.507,159.504,159.506,21
1779921960,159.507,159.507,159.507,159.507,4
1779922020,159.508,159.508,159.506,159.506,13
1779922080,159.506,159.507,159.503,159.503,21
1779922140,159.505,159.507,159.505,159.507,10
1779922200,159.506,159.507,159.505,159.507,14
1779922260,159.511,159.515,159.506,159.507,27
1779922320,159.508,159.509,159.508,159.508,8
1779922380,159.512,159.513,159.506,159.511,33
1779922440,159.512,159.512,159.51,159.512,12
1779922500,159.512,159.513,159.511,159.513,15
1779922560,159.513,159.514,159.512,159.512,9
1779922620,159.513,159.514,159.511,159.512,20
1779922680,159.511,159.515,159.505,159.506,37
1779922740,159.503,159.507,159.502,159.503,31
1779922800,159.505,159.507,159.504,159.506,19
1779922860,159.505,159.507,159.505,159.506,19
1779922920,159.507,159.507,159.504,159.505,22
1779922980,159.505,159.507,159.505,159.506,13
1779923040,159.507,159.507,159.505,159.507,20
1779923100,159.507,159.507,159.507,159.507,5
1779923160,159.506,159.513,159.506,159.512,20
1779923220,159.513,159.513,159.507,159.507,9
1779923280,159.506,159.507,159.506,159.507,5
1779923400,159.506,159.507,159.505,159.505,13
1779923460,159.506,159.507,159.503,159.504,13
1779923520,159.504,159.505,159.503,159.504,10
1779923580,159.503,159.507,159.495,159.507,23
1779923640,159.506,159.507,159.506,159.507,12
1779923700,159.508,159.509,159.507,159.509,16
1779923760,159.508,159.512,159.502,159.505,19
1779923820,159.504,159.504,159.495,159.495,7
1779923880,159.496,159.504,159.495,159.504,20
1779923940,159.505,159.507,159.505,159.505,11
1779924000,159.506,159.513,159.506,159.513,23
1779924060,159.515,159.541,159.515,159.53,84
1779924120,159.529,159.547,159.529,159.544,46
1779924180,159.542,159.542,159.534,159.541,24
1779924240,159.542,159.543,159.529,159.54,66
1779924300,159.542,159.542,159.535,159.535,30
1779924360,159.536,159.545,159.535,159.544,40
1779924420,159.542,159.546,159.541,159.544,25
1779924480,159.545,159.547,159.541,159.542,26
1779924540,159.541,159.548,159.54,159.542,34
1779924600,159.543,159.556,159.541,159.548,64
1779924660,159.545,159.549,159.542,159.543,69
1779924720,159.542,159.545,159.538,159.54,32
1779924780,159.539,159.541,159.531,159.535,84
1779924840,159.534,159.535,159.527,159.528,44
1779924900,159.532,159.543,159.531,159.543,30
1779924960,159.542,159.548,159.542,159.546,28
1779925020,159.545,159.547,159.543,159.543,22
1779925080,159.543,159.543,159.543,159.543,4
1779925140,159.543,159.543,159.539,159.542,33
1779925200,159.543,159.549,159.542,159.549,19
1779925260,159.548,159.55,159.544,159.547,39
1779925320,159.548,159.548,159.546,159.546,21
1779925380,159.547,159.559,159.547,159.557,32
1779925440,159.557,159.557,159.545,159.546,36
1779925500,159.547,159.547,159.544,159.544,29
1779925560,159.543,159.553,159.543,159.552,50
1779925620,159.553,159.553,159.547,159.552,50
1779925680,159.552,159.556,159.552,159.555,16
1779925740,159.555,159.556,159.554,159.555,17
1779925800,159.555,159.566,159.554,159.561,34
1779925860,159.561,159.572,159.56,159.567,62
1779925920,159.569,159.577,159.568,159.574,50
1779925980,159.573,159.575,159.572,159.574,37
1779926040,159.573,159.574,159.562,159.565,32
1779926100,159.567,159.57,159.566,159.568,28
1779926160,159.567,159.567,159.558,159.558,46
1779926220,159.559,159.57,159.559,159.57,34
1779926280,159.57,159.573,159.569,159.572,28
1779926340,159.573,159.573,159.57,159.571,31
1779926400,159.574,159.583,159.568,159.578,96
1779926460,159.577,159.582,159.574,159.577,68
1779926520,159.576,159.58,159.568,159.573,58
1779926580,159.572,159.579,159.566,159.567,50
1779926640,159.57,159.578,159.57,159.574,46
1779926700,159.572,159.572,159.564,159.566,31
1779926760,159.568,159.573,159.567,159.567,32
1779926820,159.566,159.572,159.563,159.567,50
1779926880,159.568,159.568,159.554,159.558,51
1779926940,159.557,159.558,159.552,159.554,45
1779927000,159.553,159.559,159.551,159.556,48
1779927060,159.559,159.567,159.559,159.567,21
1779927120,159.564,159.567,159.561,159.566,14
1779927180,159.567,159.571,159.566,159.566,38
1779927240,159.559,159.567,159.555,159.565,71
1779927300,159.566,159.574,159.564,159.567,72
1779927360,159.568,159.57,159.568,159.569,37
1779927420,159.568,159.57,159.564,159.565,32
1779927480,159.567,159.568,159.558,159.56,56
1779927540,159.56,159.57,159.557,159.569,70
1779927600,159.567,159.57,159.552,159.553,49
1779927660,159.555,159.556,159.544,159.545,54
1779927720,159.546,159.553,159.544,159.552,55
1779927780,159.551,159.552,159.544,159.548,55
1779927840,159.549,159.565,159.545,159.555,57
1779927900,159.554,159.564,159.554,159.557,62
1779927960,159.561,159.564,159.554,159.554,86
1779928020,159.553,159.558,159.55,159.551,52
1779928080,159.552,159.554,159.549,159.55,27
1779928140,159.551,159.551,159.549,159.549,21
1779928200,159.55,159.561,159.549,159.561,53
1779928260,159.56,159.569,159.56,159.564,43
1779928320,159.563,159.572,159.561,159.563,56
1779928380,159.564,159.566,159.559,159.563,55
1779928440,159.564,159.568,159.556,159.568,60
1779928500,159.569,159.569,159.561,159.566,40
1779928560,159.567,159.576,159.566,159.576,28
1779928620,159.577,159.58,159.57,159.577,51
1779928680,159.578,159.582,159.575,159.581,35
1779928740,159.584,159.592,159.584,159.592,42
1779928800,159.593,159.593,159.583,159.588,48
1779928860,159.589,159.593,159.582,159.582,51
1779928920,159.581,159.581,159.574,159.574,39
1779928980,159.573,159.576,159.568,159.57,26
1779929040,159.57,159.578,159.563,159.577,46
1779929100,159.576,159.589,159.572,159.588,44
1779929160,159.587,159.588,159.58,159.58,58
1779929220,159.579,159.582,159.579,159.58,33
1779929280,159.582,159.591,159.579,159.591,40
1779929340,159.59,159.594,159.59,159.592,34
1779929400,159.593,159.599,159.591,159.596,76
1779929460,159.596,159.597,159.593,159.597,37
1779929520,159.596,159.601,159.585,159.585,62
1779929580,159.584,159.588,159.568,159.578,83
1779929640,159.583,159.593,159.578,159.59,122
1779929700,159.588,159.589,159.567,159.568,94
1779929760,159.569,159.584,159.568,159.579,88
1779929820,159.578,159.579,159.563,159.565,54
1779929880,159.564,159.572,159.562,159.565,60
1779929940,159.566,159.567,159.553,159.557,86
1779930000,159.559,159.567,159.553,159.567,66
1779930060,159.568,159.569,159.564,159.565,23
1779930120,159.566,159.567,159.554,159.565,73
1779930180,159.566,159.568,159.562,159.565,59
1779930240,159.564,159.578,159.562,159.577,82
1779930300,159.576,159.577,159.568,159.576,107
1779930360,159.577,159.577,159.563,159.564,84
1779930420,159.563,159.569,159.563,159.567,55
1779930480,159.566,159.567,159.554,159.562,84
1779930540,159.561,159.567,159.561,159.564,54
1779930600,159.563,159.565,159.552,159.553,53
1779930660,159.554,159.565,159.547,159.55,77
1779930720,159.551,159.552,159.543,159.543,50
1779930780,159.542,159.551,159.54,159.54,94
1779930840,159.542,159.551,159.54,159.551,64
1779930900,159.55,159.556,159.548,159.553,55
1779930960,159.552,159.553,159.537,159.542,69
1779931020,159.541,159.548,159.541,159.548,65
1779931080,159.55,159.555,159.542,159.545,81
1779931140,159.544,159.548,159.541,159.543,60
1779931200,159.541,159.552,159.541,159.552,48
1779931260,159.55,159.551,159.544,159.546,24
1779931320,159.545,159.553,159.543,159.551,36
1779931380,159.551,159.552,159.541,159.544,38
1779931440,159.548,159.548,159.541,159.542,44
1779931500,159.544,159.553,159.543,159.552,35
1779931560,159.552,159.553,159.547,159.551,48
1779931620,159.552,159.555,159.551,159.555,27
1779931680,159.555,159.555,159.551,159.554,35
1779931740,159.553,159.556,159.552,159.555,59
1779931800,159.554,159.555,159.552,159.553,46
1779931860,159.553,159.554,159.539,159.544,51
1779931920,159.546,159.561,159.546,159.561,68
1779931980,159.563,159.563,159.554,159.559,63
1779932040,159.56,159.565,159.558,159.562,50
1779932100,159.563,159.567,159.563,159.565,20
1779932160,159.567,159.569,159.566,159.569,52
1779932220,159.568,159.569,159.565,159.565,44
1779932280,159.567,159.568,159.563,159.563,44
1779932340,159.565,159.566,159.563,159.563,24
1779932400,159.565,159.57,159.562,159.569,35
1779932460,159.568,159.574,159.567,159.573,71
1779932520,159.575,159.577,159.569,159.576,21
1779932580,159.575,159.581,159.575,159.58,56
1779932640,159.579,159.579,159.576,159.577,20
1779932700,159.578,159.592,159.575,159.59,52
1779932760,159.589,159.589,159.578,159.584,62
1779932820,159.583,159.59,159.581,159.584,43
1779932880,159.583,159.588,159.578,159.582,50
1779932940,159.581,159.582,159.578,159.578,34
1779933000,159.579,159.582,159.577,159.58,50
1779933060,159.577,159.579,159.577,159.578,22
1779933120,159.579,159.58,159.575,159.576,36
1779933180,159.575,159.585,159.575,159.58,37
1779933240,159.579,159.585,159.576,159.581,50
1779933300,159.58,159.589,159.578,159.589,52
1779933360,159.588,159.593,159.588,159.589,36
1779933420,159.59,159.592,159.587,159.588,35
1779933480,159.588,159.589,159.587,159.588,14
1779933540,159.589,159.594,159.588,159.59,40
1779933600,159.591,159.591,159.578,159.578,44
1779933660,159.579,159.593,159.578,159.591,58
1779933720,159.592,159.601,159.591,159.592,64
1779933780,159.589,159.603,159.589,159.601,62
1779933840,159.599,159.602,159.593,159.602,54
1779933900,159.603,159.603,159.593,159.594,44
1779933960,159.596,159.599,159.592,159.599,33
1779934020,159.598,159.602,159.595,159.601,34
1779934080,159.597,159.597,159.592,159.594,38
1779934140,159.593,159.593,159.59,159.591,28
1779934200,159.59,159.593,159.577,159.577,57
1779934260,159.581,159.59,159.579,159.58,68
1779934320,159.581,159.582,159.578,159.58,48
1779934380,159.578,159.58,159.577,159.579,42
1779934440,159.578,159.581,159.569,159.576,74
1779934500,159.572,159.572,159.565,159.565,40
1779934560,159.566,159.571,159.565,159.569,70
1779934620,159.568,159.568,159.565,159.566,49
1779934680,159.567,159.567,159.553,159.553,33
1779934740,159.552,159.556,159.552,159.554,35
1779934800,159.554,159.555,159.541,159.543,51
1779934860,159.55,159.551,159.539,159.549,43
1779934920,159.546,159.546,159.535,159.536,32
1779934980,159.53,159.537,159.528,159.535,20
1779935040,159.536,159.537,159.534,159.535,18
1779935100,159.534,159.537,159.534,159.537,47
1779935160,159.535,159.538,159.535,159.538,14
1779935220,159.537,159.539,159.537,159.537,12
1779935280,159.538,159.538,159.537,159.537,15
1779935340,159.538,159.539,159.538,159.538,10
1779935400,159.538,159.538,159.528,159.533,47
1779935460,159.532,159.533,159.529,159.53,43
1779935520,159.531,159.531,159.529,159.53,37
1779935580,159.53,159.533,159.529,159.53,29
1779935640,159.529,159.531,159.523,159.528,45
1779935700,159.529,159.53,159.524,159.53,40
1779935760,159.529,159.542,159.529,159.542,43
1779935820,159.54,159.548,159.54,159.547,39
1779935880,159.549,159.555,159.547,159.555,25
1779935940,159.554,159.555,159.536,159.538,39
1779936000,159.539,159.544,159.538,159.544,27
1779936060,159.544,159.559,159.544,159.558,52
1779936120,159.559,159.562,159.557,159.562,46
1779936180,159.561,159.562,159.548,159.557,52
1779936240,159.556,159.557,159.554,159.555,35
1779936300,159.556,159.565,159.555,159.563,54
1779936360,159.562,159.564,159.559,159.564,45
1779936420,159.564,159.568,159.557,159.566,88
1779936480,159.564,159.568,159.563,159.565,67
1779936540,159.565,159.567,159.564,159.567,53
1779936600,159.567,159.573,159.562,159.57,59
1779936660,159.571,159.573,159.57,159.571,32
1779936720,159.57,159.583,159.568,159.578,62
1779936780,159.577,159.581,159.575,159.576,41
1779936840,159.575,159.579,159.575,159.578,51
1779936900,159.578,159.578,159.569,159.57,40
1779936960,159.571,159.572,159.568,159.569,42
1779937020,159.57,159.571,159.567,159.568,45
1779937080,159.566,159.567,159.558,159.561,65
1779937140,159.56,159.569,159.557,159.558,69
1779937200,159.558,159.558,159.552,159.555,69
1779937260,159.556,159.559,159.554,159.554,69
1779937320,159.555,159.556,159.55,159.552,39
1779937380,159.551,159.553,159.545,159.545,24
1779937440,159.546,159.547,159.539,159.543,50
1779937500,159.544,159.553,159.541,159.546,58
1779937560,159.545,159.548,159.544,159.545,41
1779937620,159.546,159.546,159.54,159.541,36
1779937680,159.542,159.553,159.54,159.552,41
1779937740,159.552,159.553,159.549,159.549,41
1779937800,159.545,159.561,159.545,159.559,45
1779937860,159.558,159.57,159.555,159.567,63
1779937920,159.565,159.569,159.557,159.568,66
1779937980,159.569,159.572,159.565,159.566,40
1779938040,159.565,159.569,159.564,159.565,56
1779938100,159.566,159.578,159.565,159.577,62
1779938160,159.576,159.579,159.571,159.571,64
1779938220,159.572,159.583,159.572,159.583,70
1779938280,159.582,159.582,159.573,159.579,32
1779938340,159.577,159.587,159.576,159.577,70
1779938400,159.576,159.586,159.576,159.582,60
1779938460,159.581,159.582,159.578,159.581,64
1779938520,159.582,159.588,159.58,159.588,37
1779938580,159.583,159.587,159.578,159.583,41
1779938640,159.579,159.583,159.578,159.581,63
1779938700,159.58,159.586,159.58,159.581,64
1779938760,159.582,159.582,159.578,159.579,69
1779938820,159.58,159.581,159.573,159.578,85
1779938880,159.578,159.581,159.575,159.58,71
1779938940,159.579,159.586,159.579,159.585,109
1779939000,159.585,159.593,159.584,159.591,103
1779939060,159.591,159.592,159.588,159.59,51
1779939120,159.588,159.596,159.587,159.591,88
1779939180,159.59,159.595,159.589,159.594,72
1779939240,159.594,159.605,159.592,159.602,64
1779939300,159.603,159.62,159.596,159.611,78
1779939360,159.612,159.632,159.611,159.62,106
1779939420,159.619,159.629,159.618,159.624,86
1779939480,159.619,159.627,159.617,159.618,102
1779939540,159.617,159.619,159.615,159.617,76
1779939600,159.616,159.619,159.607,159.613,116
1779939660,159.612,159.618,159.608,159.617,86
1779939720,159.618,159.622,159.614,159.621,83
1779939780,159.622,159.622,159.616,159.618,96
1779939840,159.617,159.626,159.617,159.625,70
1779939900,159.626,159.63,159.624,159.626,57
1779939960,159.628,159.634,159.628,159.632,76
1779940020,159.631,159.646,159.627,159.644,105
1779940080,159.643,159.646,159.64,159.645,66
1779940140,159.646,159.65,159.641,159.641,80
1779940200,159.642,159.653,159.64,159.646,100
1779940260,159.646,159.649,159.641,159.644,76
1779940320,159.645,159.646,159.642,159.645,56
1779940380,159.644,159.646,159.639,159.639,45
1779940440,159.642,159.642,159.638,159.64,35
1779940500,159.639,159.642,159.638,159.64,56
1779940560,159.64,159.641,159.631,159.638,35
1779940620,159.639,159.641,159.629,159.629,45
1779940680,159.634,159.634,159.619,159.627,77
1779940740,159.628,159.629,159.617,159.618,59
1779940800,159.618,159.618,159.603,159.609,70
1779940860,159.608,159.615,159.603,159.607,87
1779940920,159.606,159.608,159.603,159.604,40
1779940980,159.603,159.606,159.601,159.603,47
1779941040,159.604,159.604,159.595,159.596,55
1779941100,159.597,159.611,159.596,159.601,69
1779941160,159.596,159.596,159.589,159.591,59
1779941220,159.589,159.589,159.576,159.577,46
1779941280,159.578,159.578,159.562,159.563,57
1779941340,159.561,159.575,159.561,159.563,70
1779941400,159.558,159.561,159.551,159.558,76
1779941460,159.557,159.564,159.544,159.544,98
1779941520,159.548,159.558,159.545,159.547,120
1779941580,159.546,159.547,159.538,159.541,61
1779941640,159.54,159.543,159.533,159.536,69
1779941700,159.527,159.538,159.525,159.53,69
1779941760,159.531,159.544,159.527,159.544,62
1779941820,159.545,159.557,159.543,159.554,56
1779941880,159.555,159.575,159.553,159.569,84
1779941940,159.57,159.575,159.565,159.568,61
1779942000,159.567,159.569,159.565,159.567,34
1779942060,159.568,159.569,159.559,159.565,50
1779942120,159.566,159.566,159.557,159.559,55
1779942180,159.561,159.567,159.559,159.566,66
1779942240,159.567,159.568,159.564,159.566,65
1779942300,159.567,159.568,159.564,159.566,73
1779942360,159.565,159.568,159.559,159.561,74
1779942420,159.559,159.559,159.554,159.556,63
1779942480,159.555,159.567,159.552,159.567,56
1779942540,159.565,159.567,159.565,159.567,33
1779942600,159.565,159.566,159.553,159.553,48
1779942660,159.554,159.554,159.541,159.542,49
1779942720,159.539,159.546,159.539,159.546,70
1779942780,159.545,159.558,159.545,159.556,57
1779942840,159.556,159.56,159.554,159.558,33
1779942900,159.559,159.56,159.557,159.559,24
1779942960,159.558,159.559,159.555,159.558,50
1779943020,159.557,159.582,159.557,159.578,111
1779943080,159.579,159.582,159.579,159.58,42
1779943140,159.58,159.582,159.578,159.58,42
1779943200,159.578,159.58,159.577,159.578,75
1779943260,159.579,159.584,159.578,159.583,73
1779943320,159.584,159.59,159.58,159.582,71
1779943380,159.583,159.584,159.577,159.578,62
1779943440,159.58,159.584,159.578,159.581,65
1779943500,159.582,159.583,159.577,159.583,70
1779943560,159.584,159.596,159.582,159.594,64
1779943620,159.593,159.595,159.592,159.593,50
1779943680,159.592,159.593,159.589,159.589,30
1779943740,159.59,159.591,159.589,159.591,24
1779943800,159.59,159.595,159.589,159.593,32
1779943860,159.594,159.594,159.588,159.589,27
1779943920,159.588,159.594,159.588,159.592,51
1779943980,159.591,159.594,159.59,159.591,58
1779944040,159.591,159.593,159.588,159.592,40
1779944100,159.591,159.596,159.589,159.591,72
1779944160,159.592,159.593,159.588,159.59,39
1779944220,159.589,159.59,159.579,159.582,49
1779944280,159.583,159.583,159.578,159.579,44
1779944340,159.58,159.581,159.57,159.576,46
1779944400,159.577,159.581,159.569,159.579,84
1779944460,159.58,159.58,159.568,159.575,56
1779944520,159.576,159.579,159.576,159.576,62
1779944580,159.577,159.578,159.569,159.569,40
1779944640,159.568,159.568,159.564,159.566,48
1779944700,159.567,159.569,159.565,159.568,34
1779944760,159.567,159.574,159.566,159.566,37
1779944820,159.565,159.57,159.565,159.567,64
1779944880,159.566,159.577,159.565,159.567,55
1779944940,159.566,159.568,159.559,159.564,62
1779945000,159.566,159.567,159.564,159.565,28
1779945060,159.566,159.566,159.564,159.565,21
1779945120,159.564,159.565,159.555,159.559,51
1779945180,159.554,159.557,159.55,159.556,52
1779945240,159.554,159.559,159.551,159.556,49
1779945300,159.557,159.558,159.553,159.556,35
1779945360,159.556,159.558,159.548,159.556,60
1779945420,159.555,159.555,159.551,159.552,38
1779945480,159.551,159.554,159.549,159.551,52
1779945540,159.551,159.556,159.551,159.553,50
1779945600,159.553,159.558,159.553,159.555,58
1779945660,159.554,159.568,159.554,159.565,55
1779945720,159.564,159.578,159.564,159.567,74
1779945780,159.568,159.579,159.568,159.571,46
1779945840,159.57,159.57,159.566,159.568,58
1779945900,159.567,159.568,159.56,159.563,77
1779945960,159.565,159.565,159.561,159.564,47
1779946020,159.565,159.568,159.564,159.565,63
1779946080,159.565,159.567,159.563,159.565,42
1779946140,159.565,159.571,159.564,159.567,58
1779946200,159.566,159.568,159.551,159.551,75
1779946260,159.552,159.568,159.552,159.568,62
1779946320,159.567,159.568,159.557,159.56,44
1779946380,159.561,159.561,159.553,159.556,70
1779946440,159.555,159.557,159.553,159.555,47
1779946500,159.556,159.559,159.554,159.555,58
1779946560,159.554,159.557,159.554,159.555,56
1779946620,159.554,159.562,159.552,159.561,68
1779946680,159.559,159.56,159.553,159.553,50
1779946740,159.554,159.554,159.54,159.541,53
1779946800,159.539,159.549,159.538,159.546,60
1779946860,159.547,159.548,159.543,159.544,34
1779946920,159.545,159.547,159.541,159.545,33
1779946980,159.545,159.547,159.543,159.545,35
1779947040,159.546,159.547,159.542,159.544,38
1779947100,159.543,159.543,159.532,159.535,46
1779947160,159.533,159.539,159.533,159.535,64
1779947220,159.536,159.538,159.532,159.533,33
1779947280,159.534,159.535,159.531,159.535,36
1779947340,159.534,159.547,159.534,159.545,20
1779947400,159.546,159.547,159.544,159.544,21
1779947460,159.544,159.547,159.543,159.546,33
1779947520,159.545,159.547,159.543,159.544,38
1779947580,159.547,159.551,159.544,159.547,55
1779947640,159.548,159.559,159.546,159.554,64
1779947700,159.554,159.563,159.554,159.563,66
1779947760,159.562,159.567,159.556,159.556,60
1779947820,159.557,159.56,159.556,159.559,68
1779947880,159.56,159.563,159.556,159.558,39
1779947940,159.558,159.568,159.556,159.558,88
1779948000,159.557,159.573,159.556,159.571,113
1779948060,159.572,159.572,159.566,159.569,56
1779948120,159.559,159.559,159.554,159.558,98
1779948180,159.557,159.557,159.542,159.542,62
1779948240,159.544,159.552,159.543,159.546,72
1779948300,159.545,159.547,159.533,159.543,84
1779948360,159.544,159.545,159.532,159.542,76
1779948420,159.541,159.542,159.532,159.535,90
1779948480,159.534,159.542,159.532,159.54,78
1779948540,159.541,159.545,159.534,159.544,80
1779948600,159.543,159.546,159.532,159.538,83
1779948660,159.539,159.543,159.531,159.538,88
1779948720,159.54,159.543,159.537,159.541,64
1779948780,159.541,159.541,159.532,159.533,65
1779948840,159.534,159.534,159.52,159.52,90
1779948900,159.525,159.527,159.515,159.521,74
1779948960,159.52,159.526,159.519,159.523,52
1779949020,159.529,159.534,159.525,159.527,70
1779949080,159.528,159.533,159.526,159.527,72
1779949140,159.528,159.533,159.521,159.522,69
1779949200,159.52,159.522,159.509,159.512,56
1779949260,159.513,159.523,159.513,159.52,59
1779949320,159.521,159.521,159.514,159.52,62
1779949380,159.521,159.521,159.516,159.519,52
1779949440,159.518,159.521,159.515,159.517,79
1779949500,159.517,159.518,159.508,159.508,79
1779949560,159.507,159.514,159.506,159.513,64
1779949620,159.512,159.516,159.507,159.51,63
1779949680,159.509,159.52,159.508,159.52,59
1779949740,159.52,159.523,159.519,159.522,39
1779949800,159.524,159.524,159.521,159.522,26
1779949860,159.523,159.523,159.517,159.518,28
1779949920,159.516,159.517,159.507,159.511,45
1779949980,159.51,159.51,159.503,159.508,61
1779950040,159.509,159.533,159.508,159.52,72
1779950100,159.521,159.521,159.503,159.506,60
1779950160,159.505,159.506,159.498,159.505,87
1779950220,159.506,159.508,159.484,159.489,102
1779950280,159.49,159.492,159.477,159.481,61
1779950340,159.48,159.48,159.475,159.479,52
1779950400,159.481,159.492,159.481,159.492,67
1779950460,159.493,159.493,159.488,159.488,45
1779950520,159.487,159.497,159.487,159.495,72
1779950580,159.497,159.497,159.492,159.496,63
1779950640,159.496,159.499,159.473,159.476,60
1779950700,159.477,159.483,159.475,159.48,74
1779950760,159.481,159.485,159.476,159.481,63
1779950820,159.482,159.482,159.472,159.473,44
1779950880,159.473,159.478,159.472,159.478,14
1779950940,159.476,159.484,159.473,159.48,50
1779951000,159.481,159.484,159.48,159.483,54
1779951060,159.483,159.494,159.482,159.491,62
1779951120,159.49,159.49,159.479,159.48,55
1779951180,159.48,159.481,159.476,159.479,75
1779951240,159.48,159.489,159.478,159.488,77
1779951300,159.487,159.489,159.478,159.478,86
1779951360,159.479,159.483,159.477,159.482,48
1779951420,159.482,159.484,159.481,159.483,26
1779951480,159.482,159.485,159.477,159.484,63
1779951540,159.483,159.493,159.483,159.491,56
1779951600,159.483,159.484,159.453,159.454,127
1779951660,159.452,159.459,159.441,159.456,100
1779951720,159.457,159.469,159.451,159.468,73
1779951780,159.469,159.484,159.469,159.484,82
1779951840,159.483,159.486,159.481,159.481,53
1779951900,159.481,159.493,159.481,159.489,58
1779951960,159.491,159.493,159.48,159.493,58
1779952020,159.494,159.496,159.488,159.493,70
1779952080,159.493,159.495,159.479,159.48,59
1779952140,159.481,159.485,159.48,159.481,41
1779952200,159.482,159.497,159.482,159.497,31
1779952260,159.497,159.497,159.478,159.479,66
1779952320,159.48,159.481,159.471,159.479,55
1779952380,159.478,159.481,159.476,159.478,55
1779952440,159.479,159.479,159.463,159.467,61
1779952500,159.466,159.491,159.466,159.484,69
1779952560,159.483,159.487,159.477,159.484,103
1779952620,159.488,159.488,159.478,159.478,53
1779952680,159.48,159.48,159.47,159.48,33
1779952740,159.481,159.482,159.476,159.478,45
1779952800,159.477,159.483,159.476,159.48,55
1779952860,159.48,159.482,159.479,159.479,49
1779952920,159.48,159.482,159.477,159.481,40
1779952980,159.481,159.482,159.471,159.476,73
1779953040,159.478,159.479,159.471,159.475,75
1779953100,159.476,159.479,159.466,159.478,56
1779953160,159.477,159.495,159.477,159.495,69
1779953220,159.494,159.498,159.491,159.496,67
1779953280,159.496,159.505,159.496,159.504,83
1779953340,159.503,159.51,159.503,159.507,73
1779953400,159.507,159.507,159.493,159.493,82
1779953460,159.494,159.504,159.489,159.503,53
1779953520,159.504,159.515,159.502,159.515,61
1779953580,159.515,159.52,159.512,159.519,82
1779953640,159.518,159.522,159.515,159.521,77
1779953700,159.521,159.523,159.508,159.509,54
1779953760,159.509,159.519,159.509,159.511,89
1779953820,159.512,159.515,159.51,159.512,73
1779953880,159.51,159.512,159.506,159.508,52
1779953940,159.509,159.52,159.509,159.515,72
1779954000,159.513,159.519,159.513,159.519,71
1779954060,159.518,159.518,159.505,159.508,85
1779954120,159.507,159.508,159.499,159.506,64
1779954180,159.505,159.507,159.494,159.499,57
1779954240,159.497,159.497,159.493,159.494,54
1779954300,159.494,159.495,159.487,159.494,66
1779954360,159.495,159.495,159.487,159.494,52
1779954420,159.494,159.494,159.482,159.489,59
1779954480,159.49,159.497,159.488,159.497,46
1779954540,159.498,159.502,159.496,159.501,51
1779954600,159.5,159.511,159.5,159.51,70
1779954660,159.51,159.51,159.493,159.493,64
1779954720,159.494,159.499,159.48,159.481,47
1779954780,159.482,159.489,159.478,159.482,57
1779954840,159.481,159.483,159.479,159.48,60
1779954900,159.479,159.486,159.477,159.484,58
1779954960,159.486,159.488,159.478,159.484,118
1779955020,159.483,159.484,159.479,159.482,62
1779955080,159.483,159.487,159.48,159.483,73
1779955140,159.482,159.484,159.47,159.479,75
1779955200,159.471,159.474,159.46,159.47,118
1779955260,159.468,159.468,159.455,159.46,105
1779955320,159.458,159.46,159.452,159.453,77
1779955380,159.454,159.463,159.452,159.455,65
1779955440,159.456,159.471,159.455,159.466,79
1779955500,159.464,159.469,159.453,159.454,98
1779955560,159.455,159.469,159.453,159.456,72
1779955620,159.46,159.46,159.454,159.454,69
1779955680,159.455,159.457,159.454,159.455,52
1779955740,159.455,159.462,159.452,159.457,68
1779955800,159.457,159.461,159.455,159.46,33
1779955860,159.46,159.471,159.459,159.47,68
1779955920,159.469,159.469,159.458,159.459,64
1779955980,159.46,159.482,159.46,159.481,59
1779956040,159.48,159.498,159.479,159.494,110
1779956100,159.495,159.508,159.493,159.505,114
1779956160,159.506,159.51,159.496,159.51,85
1779956220,159.509,159.511,159.507,159.51,40
1779956280,159.51,159.517,159.507,159.515,86
1779956340,159.515,159.515,159.502,159.505,80
1779956400,159.506,159.507,159.501,159.507,58
1779956460,159.506,159.507,159.505,159.507,27
1779956520,159.508,159.51,159.49,159.498,65
1779956580,159.498,159.498,159.487,159.488,63
1779956640,159.49,159.492,159.483,159.491,93
1779956700,159.49,159.495,159.488,159.495,76
1779956760,159.494,159.515,159.493,159.512,87
1779956820,159.511,159.521,159.51,159.521,63
1779956880,159.522,159.526,159.51,159.51,90
1779956940,159.509,159.509,159.491,159.503,104
1779957000,159.504,159.506,159.49,159.49,78
1779957060,159.489,159.511,159.489,159.511,86
1779957120,159.511,159.514,159.504,159.508,60
1779957180,159.509,159.514,159.508,159.511,81
1779957240,159.51,159.511,159.501,159.508,48
1779957300,159.505,159.505,159.491,159.504,83
1779957360,159.503,159.504,159.492,159.494,66
1779957420,159.493,159.494,159.486,159.488,64
1779957480,159.487,159.489,159.482,159.484,46
1779957540,159.483,159.487,159.481,159.481,39
1779957600,159.482,159.488,159.479,159.479,69
1779957660,159.479,159.481,159.477,159.48,68
1779957720,159.481,159.482,159.48,159.482,36
1779957780,159.482,159.482,159.479,159.479,59
1779957840,159.479,159.481,159.471,159.478,32
1779957900,159.479,159.484,159.477,159.477,47
1779957960,159.478,159.482,159.478,159.479,33
1779958020,159.48,159.485,159.477,159.483,63
1779958080,159.482,159.491,159.478,159.479,66
1779958140,159.478,159.478,159.457,159.461,96
1779958200,159.462,159.468,159.462,159.466,49
1779958260,159.467,159.471,159.464,159.464,55
1779958320,159.456,159.462,159.453,159.461,59
1779958380,159.46,159.464,159.457,159.462,46
1779958440,159.461,159.467,159.458,159.466,63
1779958500,159.467,159.468,159.464,159.466,51
1779958560,159.466,159.469,159.465,159.467,71
1779958620,159.466,159.469,159.463,159.466,59
1779958680,159.468,159.47,159.466,159.468,36
1779958740,159.469,159.47,159.452,159.456,58
1779958800,159.455,159.46,159.455,159.459,39
1779958860,159.458,159.459,159.455,159.457,51
1779958920,159.456,159.461,159.453,159.46,68
1779958980,159.459,159.46,159.455,159.456,75
1779959040,159.456,159.46,159.456,159.458,48
1779959100,159.458,159.458,159.444,159.445,74
1779959160,159.444,159.456,159.444,159.452,50
1779959220,159.453,159.456,159.445,159.447,72
1779959280,159.446,159.459,159.444,159.451,74
1779959340,159.45,159.458,159.449,159.455,75
1779959400,159.454,159.461,159.453,159.459,72
1779959460,159.458,159.471,159.443,159.443,105
1779959520,159.441,159.444,159.42,159.42,60
1779959580,159.421,159.426,159.419,159.421,47
1779959640,159.422,159.429,159.421,159.423,58
1779959700,159.426,159.431,159.423,159.426,99
1779959760,159.427,159.427,159.395,159.395,77
1779959820,159.396,159.406,159.396,159.4,96
1779959880,159.397,159.411,159.395,159.409,85
1779959940,159.406,159.408,159.404,159.404,86
1779960000,159.402,159.405,159.39,159.391,84
1779960060,159.392,159.394,159.388,159.39,78
1779960120,159.39,159.396,159.389,159.395,64
1779960180,159.395,159.403,159.393,159.396,69
1779960240,159.395,159.396,159.391,159.392,38
1779960300,159.392,159.393,159.387,159.392,90
1779960360,159.393,159.393,159.38,159.381,60
1779960420,159.381,159.393,159.381,159.393,76
1779960480,159.393,159.394,159.39,159.394,67
1779960540,159.395,159.396,159.392,159.394,51
1779960600,159.394,159.408,159.394,159.408,48
1779960660,159.407,159.422,159.407,159.421,53
1779960720,159.421,159.423,159.419,159.422,58
1779960780,159.423,159.425,159.418,159.423,58
1779960840,159.422,159.428,159.421,159.423,42
1779960900,159.423,159.423,159.417,159.418,49
1779960960,159.417,159.419,159.413,159.418,77
1779961020,159.417,159.418,159.406,159.411,65
1779961080,159.41,159.419,159.402,159.418,72
1779961140,159.417,159.421,159.411,159.413,64
1779961200,159.413,159.414,159.401,159.402,49
1779961260,159.4,159.401,159.39,159.392,81
1779961320,159.393,159.398,159.393,159.395,86
1779961380,159.394,159.407,159.394,159.401,94
1779961440,159.4,159.403,159.391,159.391,76
1779961500,159.393,159.407,159.393,159.407,59
1779961560,159.406,159.414,159.405,159.411,51
1779961620,159.412,159.414,159.407,159.41,69
1779961680,159.411,159.413,159.407,159.408,30
1779961740,159.409,159.409,159.405,159.405,56
1779961800,159.406,159.406,159.394,159.396,85
1779961860,159.395,159.401,159.395,159.4,67
1779961920,159.4,159.407,159.398,159.402,94
1779961980,159.403,159.403,159.391,159.392,60
1779962040,159.393,159.403,159.39,159.403,64
1779962100,159.402,159.416,159.402,159.413,83
1779962160,159.414,159.416,159.412,159.416,62
1779962220,159.416,159.42,159.414,159.415,74
1779962280,159.416,159.417,159.414,159.414,58
1779962340,159.415,159.417,159.413,159.417,47
1779962400,159.418,159.419,159.416,159.418,40
1779962460,159.416,159.418,159.413,159.416,56
1779962520,159.416,159.422,159.413,159.421,59
1779962580,159.417,159.418,159.403,159.404,62
1779962640,159.405,159.414,159.404,159.414,58
1779962700,159.413,159.413,159.402,159.407,78
