time,open,high,low,close,volume
1779483360,213.822,213.83,213.772,213.801,180
1779656460,213.643,213.643,213.643,213.643,2
1779656640,213.647,213.647,213.647,213.647,2
1779656700,213.662,213.662,213.642,213.644,18
1779656760,213.633,213.635,213.605,213.611,36
1779656820,213.608,213.643,213.605,213.643,10
1779656940,213.619,213.619,213.587,213.588,6
1779657000,213.457,213.585,213.457,213.585,12
1779657060,213.579,213.624,213.579,213.619,30
1779657120,213.62,213.639,213.61,213.61,18
1779657180,213.612,213.669,213.612,213.628,18
1779657240,213.624,213.624,213.603,213.612,22
1779657300,213.624,213.66,213.624,213.637,42
1779657360,213.636,213.636,213.611,213.613,16
1779657420,213.615,213.624,213.614,213.618,18
1779657480,213.617,213.633,213.598,213.618,24
1779657540,213.619,213.675,213.615,213.66,28
1779657600,213.615,213.677,213.614,213.661,38
1779657660,213.66,213.66,213.66,213.66,2
1779657720,213.659,213.733,213.657,213.733,28
1779657840,213.693,213.721,213.693,213.721,8
1779657900,213.692,213.708,213.692,213.702,40
1779657960,213.703,213.704,213.659,213.669,62
1779658020,213.682,213.685,213.652,213.685,22
1779658080,213.67,213.683,213.654,213.654,28
1779658140,213.655,213.676,213.655,213.676,8
1779658200,213.675,213.708,213.653,213.655,50
1779658260,213.645,213.686,213.645,213.649,16
1779658320,213.651,213.707,213.638,213.662,28
1779658440,213.703,213.712,213.655,213.655,18
1779658500,213.66,213.663,213.648,213.649,18
1779658560,213.614,213.616,213.607,213.607,20
1779658680,213.637,213.645,213.619,213.619,12
1779658740,213.618,213.692,213.618,213.69,12
1779658800,213.694,213.704,213.624,213.624,20
1779658980,213.646,213.65,213.63,213.64,12
1779659040,213.614,213.647,213.614,213.616,8
1779659100,213.618,213.636,213.609,213.609,34
1779659160,213.613,213.614,213.604,213.604,12
1779659220,213.616,213.629,213.6,213.605,10
1779659280,213.604,213.627,213.604,213.616,20
1779659340,213.624,213.624,213.609,213.609,12
1779659400,213.612,213.621,213.609,213.621,14
1779659580,213.667,213.67,213.616,213.623,18
1779659640,213.624,213.636,213.62,213.631,20
1779659700,213.618,213.636,213.618,213.631,14
1779659760,213.619,213.674,213.616,213.655,36
1779659820,213.654,213.692,213.654,213.672,50
1779659880,213.67,213.675,213.67,213.674,14
1779659940,213.674,213.678,213.67,213.676,16
1779660000,213.877,214.06,213.861,214.05,231
1779660060,214.07,214.135,214.062,214.111,192
1779660120,214.11,214.15,214.068,214.089,132
1779660180,214.091,214.105,214.049,214.091,152
1779660240,214.094,214.103,214.073,214.093,130
1779660300,214.094,214.094,214.032,214.075,165
1779660360,214.078,214.109,214.071,214.094,109
1779660420,214.091,214.091,214.065,214.065,84
1779660480,214.071,214.088,214.05,214.068,109
1779660540,214.07,214.08,214.046,214.08,104
1779660600,214.082,214.133,214.082,214.128,99
1779660660,214.129,214.132,214.114,214.13,74
1779660720,214.117,214.131,214.103,214.108,95
1779660780,214.109,214.123,214.097,214.111,76
1779660840,214.113,214.129,214.103,214.119,70
1779660900,214.121,214.135,214.099,214.104,116
1779660960,214.091,214.118,214.091,214.112,92
1779661020,214.111,214.157,214.104,214.142,101
1779661080,214.142,214.151,214.125,214.143,90
1779661140,214.143,214.171,214.137,214.158,83
1779661200,214.165,214.165,214.152,214.163,83
1779661260,214.163,214.167,214.147,214.163,104
1779661320,214.165,214.165,214.142,214.143,84
1779661380,214.142,214.161,214.142,214.153,67
1779661440,214.151,214.174,214.151,214.166,65
1779661500,214.164,214.171,214.148,214.155,84
1779661740,214.181,214.197,214.179,214.183,50
1779661800,214.197,214.2,214.179,214.198,116
1779661860,214.196,214.21,214.177,214.197,133
1779661920,214.203,214.208,214.182,214.192,122
1779661980,214.193,214.195,214.164,214.17,101
1779662040,214.173,214.178,214.163,214.171,76
1779662100,214.171,214.178,214.147,214.178,97
1779662160,214.175,214.179,214.14,214.163,139
1779662220,214.163,214.177,214.16,214.173,97
1779662340,214.17,214.177,214.166,214.168,72
1779662400,214.164,214.174,214.162,214.165,119
1779662460,214.166,214.179,214.159,214.179,120
1779662520,214.181,214.185,214.169,214.173,68
1779662580,214.174,214.176,214.149,214.176,104
1779662640,214.176,214.178,214.163,214.176,60
1779662700,214.168,214.192,214.166,214.184,82
1779662760,214.182,214.195,214.178,214.18,111
1779662820,214.179,214.19,214.175,214.189,70
1779662880,214.187,214.207,214.185,214.197,63
1779662940,214.197,214.21,214.184,214.185,97
1779663000,214.187,214.188,214.18,214.185,52
1779663060,214.183,214.188,214.167,214.183,82
1779663120,214.185,214.203,214.18,214.198,86
1779663180,214.198,214.201,214.162,214.165,86
1779663240,214.167,214.176,214.155,214.166,61
1779663300,214.166,214.194,214.165,214.184,77
1779663360,214.18,214.194,214.18,214.188,76
1779663420,214.188,214.189,214.179,214.181,53
1779663480,214.181,214.22,214.178,214.22,67
1779663540,214.224,214.236,214.216,214.234,58
1779663600,214.235,214.25,214.217,214.246,128
1779663660,214.246,214.258,214.228,214.237,102
1779663720,214.238,214.246,214.234,214.242,96
1779663780,214.244,214.256,214.24,214.249,87
1779663840,214.25,214.264,214.238,214.264,94
1779663900,214.266,214.27,214.247,214.263,132
1779663960,214.262,214.263,214.249,214.257,68
1779664020,214.257,214.274,214.257,214.272,92
1779664080,214.272,214.272,214.257,214.257,47
1779664140,214.257,214.26,214.245,214.259,47
1779664200,214.256,214.263,214.244,214.25,54
1779664260,214.252,214.274,214.249,214.269,71
1779664320,214.27,214.272,214.257,214.259,65
1779664380,214.257,214.264,214.257,214.26,48
1779664440,214.262,214.268,214.26,214.264,51
1779664500,214.263,214.264,214.257,214.26,33
1779664560,214.261,214.261,214.24,214.244,70
1779664620,214.244,214.29,214.238,214.272,78
1779664680,214.271,214.273,214.257,214.261,72
1779664740,214.259,214.261,214.257,214.257,21
1779664800,214.258,214.261,214.242,214.246,54
1779664860,214.246,214.266,214.246,214.256,61
1779664920,214.256,214.269,214.256,214.267,64
1779664980,214.266,214.267,214.257,214.261,46
1779665040,214.262,214.262,214.251,214.254,43
1779665100,214.254,214.254,214.238,214.244,46
1779665160,214.244,214.247,214.232,214.232,44
1779665220,214.23,214.235,214.229,214.232,48
1779665280,214.232,214.246,214.23,214.246,33
1779665340,214.248,214.25,214.23,214.235,52
1779665400,214.234,214.24,214.219,214.238,70
1779665460,214.24,214.248,214.238,214.245,44
1779665520,214.243,214.256,214.243,214.254,52
1779665580,214.257,214.257,214.24,214.246,53
1779665640,214.246,214.258,214.239,214.246,57
1779665700,214.246,214.261,214.24,214.256,91
1779665760,214.254,214.26,214.253,214.256,56
1779665820,214.256,214.261,214.254,214.257,60
1779665880,214.257,214.262,214.255,214.261,50
1779665940,214.261,214.268,214.258,214.263,31
1779666000,214.258,214.279,214.255,214.272,58
1779666060,214.27,214.284,214.27,214.281,64
1779666120,214.286,214.289,214.277,214.289,64
1779666180,214.289,214.29,214.286,214.286,58
1779666240,214.288,214.291,214.279,214.281,58
1779666300,214.281,214.297,214.281,214.297,98
1779666360,214.297,214.3,214.287,214.288,70
1779666420,214.287,214.287,214.282,214.283,55
1779666480,214.285,214.286,214.28,214.285,69
1779666540,214.285,214.297,214.283,214.283,55
1779666600,214.285,214.285,214.277,214.283,63
1779666660,214.281,214.292,214.263,214.276,66
1779666720,214.276,214.285,214.271,214.277,92
1779666780,214.275,214.297,214.275,214.288,63
1779666840,214.29,214.295,214.285,214.294,71
1779666900,214.297,214.301,214.291,214.297,68
1779666960,214.294,214.303,214.285,214.297,77
1779667020,214.298,214.302,214.287,214.301,93
1779667080,214.301,214.301,214.29,214.293,94
1779667140,214.293,214.293,214.279,214.285,58
1779667200,214.29,214.294,214.265,214.268,147
1779667260,214.269,214.279,214.228,214.23,138
1779667320,214.23,214.244,214.227,214.233,109
1779667380,214.233,214.24,214.228,214.229,85
1779667440,214.23,214.254,214.22,214.249,85
1779667500,214.251,214.273,214.251,214.27,60
1779667560,214.272,214.278,214.234,214.235,94
1779667620,214.236,214.246,214.235,214.242,91
1779667680,214.24,214.243,214.227,214.229,98
1779667740,214.231,214.24,214.216,214.23,117
1779667800,214.235,214.243,214.231,214.235,89
1779667860,214.235,214.24,214.208,214.208,116
1779667920,214.209,214.229,214.209,214.219,91
1779667980,214.217,214.219,214.214,214.217,98
1779668040,214.216,214.22,214.211,214.219,88
1779668100,214.217,214.219,214.2,214.204,123
1779668160,214.202,214.211,214.181,214.186,127
1779668220,214.184,214.195,214.169,214.173,94
1779668280,214.174,214.197,214.17,214.194,98
1779668340,214.198,214.225,214.198,214.218,97
1779668400,214.216,214.229,214.208,214.225,114
1779668460,214.225,214.23,214.203,214.211,92
1779668520,214.209,214.231,214.209,214.216,87
1779668580,214.212,214.234,214.21,214.22,83
1779668640,214.222,214.228,214.209,214.228,101
1779668700,214.228,214.228,214.184,214.196,111
1779668760,214.198,214.201,214.192,214.199,75
1779668820,214.197,214.204,214.184,214.194,60
1779668940,214.201,214.219,214.196,214.219,69
1779669000,214.217,214.233,214.213,214.227,124
1779669060,214.23,214.257,214.229,214.25,74
1779669120,214.252,214.258,214.228,214.23,76
1779669180,214.231,214.231,214.201,214.204,62
1779669240,214.206,214.211,214.199,214.203,61
1779669300,214.203,214.215,214.2,214.212,78
1779669360,214.211,214.214,214.187,214.209,66
1779669420,214.206,214.225,214.203,214.212,81
1779669540,214.209,214.216,214.2,214.202,56
1779669600,214.2,214.2,214.185,214.185,96
1779669660,214.187,214.195,214.185,214.19,52
1779669780,214.177,214.186,214.171,214.174,73
1779669840,214.17,214.172,214.158,214.167,60
1779669900,214.169,214.185,214.167,214.179,86
1779669960,214.179,214.181,214.165,214.176,77
1779670020,214.176,214.182,214.174,214.181,57
1779670080,214.18,214.226,214.18,214.224,109
1779670140,214.225,214.257,214.225,214.236,153
1779670200,214.238,214.26,214.231,214.247,160
1779670260,214.246,214.251,214.225,214.227,112
1779670320,214.225,214.237,214.219,214.236,135
1779670380,214.233,214.248,214.22,214.221,131
1779670440,214.223,214.263,214.204,214.256,183
1779670500,214.266,214.271,214.2,214.217,225
1779670560,214.218,214.223,214.207,214.219,163
1779670620,214.217,214.222,214.172,214.172,143
1779670680,214.171,214.193,214.163,214.181,141
1779670740,214.185,214.195,214.168,214.177,186
1779670800,214.174,214.201,214.16,214.178,202
1779670860,214.177,214.187,214.151,214.184,182
1779670920,214.185,214.205,214.176,214.202,153
1779670980,214.205,214.206,214.177,214.181,144
1779671040,214.182,214.199,214.178,214.186,101
1779671100,214.186,214.193,214.178,214.188,94
1779671160,214.19,214.197,214.176,214.191,107
1779671220,214.19,214.193,214.178,214.18,88
1779671280,214.181,214.185,214.157,214.16,140
1779671340,214.157,214.16,214.138,214.159,108
1779671400,214.16,214.161,214.138,214.141,125
1779671460,214.141,214.179,214.141,214.176,110
1779671520,214.177,214.184,214.159,214.183,127
1779671580,214.181,214.193,214.177,214.191,115
1779671640,214.19,214.211,214.177,214.186,176
1779671700,214.186,214.213,214.186,214.213,118
1779671760,214.211,214.216,214.204,214.206,111
1779671820,214.204,214.221,214.204,214.21,100
1779671880,214.212,214.214,214.205,214.208,93
1779671940,214.205,214.209,214.181,214.186,131
1779672000,214.185,214.199,214.177,214.194,100
1779672060,214.195,214.202,214.189,214.189,69
1779672120,214.189,214.201,214.189,214.195,97
1779672240,214.19,214.19,214.17,214.189,64
1779672300,214.179,214.196,214.173,214.175,88
1779672360,214.173,214.178,214.146,214.146,115
1779672420,214.145,214.166,214.143,214.162,97
1779672480,214.16,214.168,214.154,214.154,108
1779672540,214.161,214.173,214.157,214.165,94
1779672600,214.17,214.176,214.129,214.134,163
1779672660,214.131,214.144,214.122,214.123,131
1779672720,214.122,214.136,214.105,214.116,170
1779672780,214.115,214.131,214.106,214.13,134
1779672840,214.13,214.14,214.117,214.123,98
1779672900,214.125,214.177,214.125,214.175,127
1779672960,214.175,214.179,214.154,214.154,92
1779673020,214.155,214.175,214.154,214.169,92
1779673080,214.172,214.174,214.163,214.166,83
1779673140,214.162,214.173,214.156,214.167,83
1779673200,214.168,214.171,214.154,214.154,74
1779673260,214.158,214.166,214.151,214.156,109
1779673320,214.151,214.152,214.127,214.128,91
1779673440,214.143,214.161,214.14,214.158,85
1779673500,214.159,214.174,214.154,214.174,93
1779673560,214.172,214.203,214.17,214.17,124
1779673620,214.166,214.175,214.156,214.165,87
1779673680,214.168,214.169,214.159,214.161,98
1779673740,214.159,214.174,214.159,214.174,70
1779673800,214.171,214.171,214.149,214.152,100
1779673860,214.153,214.165,214.153,214.165,80
1779673920,214.165,214.165,214.16,214.162,71
1779673980,214.163,214.165,214.151,214.152,83
1779674040,214.152,214.167,214.151,214.165,86
1779674100,214.165,214.173,214.157,214.162,102
1779674160,214.161,214.176,214.157,214.168,98
1779674220,214.17,214.171,214.158,214.161,115
1779674280,214.159,214.165,214.15,214.162,106
1779674340,214.164,214.17,214.159,214.166,95
1779674400,214.166,214.175,214.158,214.159,95
1779674460,214.161,214.179,214.159,214.173,75
1779674520,214.176,214.185,214.172,214.172,63
1779674580,214.172,214.183,214.171,214.178,41
1779674640,214.179,214.181,214.175,214.177,45
1779674700,214.177,214.177,214.165,214.173,90
1779674760,214.171,214.183,214.158,214.158,80
1779674820,214.158,214.167,214.154,214.157,88
1779674880,214.158,214.158,214.145,214.147,101
1779674940,214.149,214.158,214.147,214.154,72
1779675000,214.155,214.159,214.152,214.156,72
1779675060,214.157,214.157,214.142,214.15,80
1779675120,214.153,214.157,214.144,214.152,87
1779675180,214.152,214.157,214.136,214.136,77
1779675240,214.133,214.139,214.132,214.133,61
1779675300,214.136,214.141,214.133,214.139,101
1779675360,214.137,214.148,214.135,214.143,98
1779675420,214.145,214.146,214.141,214.145,42
1779675480,214.143,214.146,214.118,214.136,83
1779675540,214.138,214.143,214.135,214.138,58
1779675600,214.14,214.146,214.137,214.144,55
1779675660,214.143,214.151,214.136,214.147,55
1779675720,214.147,214.153,214.138,214.142,77
1779675780,214.142,214.159,214.142,214.147,84
1779675840,214.147,214.148,214.141,214.147,63
1779675900,214.148,214.156,214.143,214.148,106
1779675960,214.149,214.157,214.145,214.153,85
1779676020,214.151,214.155,214.144,214.15,76
1779676140,214.163,214.163,214.156,214.159,39
1779676200,214.146,214.146,214.136,214.139,72
1779676260,214.141,214.149,214.136,214.141,80
1779676320,214.143,214.159,214.141,214.141,42
1779676380,214.139,214.145,214.138,214.141,71
1779676440,214.142,214.149,214.14,214.149,62
1779676500,214.15,214.152,214.142,214.145,91
1779676560,214.144,214.147,214.129,214.144,59
1779676620,214.146,214.152,214.143,214.148,46
1779676740,214.144,214.149,214.143,214.148,25
1779676800,214.143,214.144,214.118,214.122,88
1779676860,214.121,214.122,214.12,214.12,39
1779676980,214.125,214.131,214.122,214.125,55
1779677040,214.125,214.132,214.122,214.132,50
1779677100,214.133,214.138,214.119,214.124,46
1779677160,214.126,214.126,214.106,214.108,79
1779677220,214.109,214.127,214.108,214.127,90
1779677280,214.128,214.128,214.114,214.122,81
1779677340,214.123,214.123,214.115,214.115,48
1779677400,214.116,214.119,214.115,214.116,23
1779677460,214.116,214.118,214.1,214.102,44
1779677520,214.102,214.105,214.091,214.099,40
1779677580,214.1,214.104,214.097,214.102,43
1779677640,214.1,214.104,214.086,214.088,41
1779677700,214.09,214.096,214.084,214.088,71
1779677760,214.09,214.09,214.071,214.073,66
1779677820,214.073,214.081,214.065,214.08,81
1779677940,214.07,214.081,214.066,214.077,89
1779678000,214.074,214.092,214.071,214.084,132
1779678060,214.082,214.087,214.076,214.086,83
1779678120,214.086,214.092,214.067,214.067,77
1779678180,214.069,214.072,214.05,214.05,75
1779678240,214.051,214.072,214.05,214.068,75
1779678300,214.069,214.073,214.053,214.058,74
1779678360,214.058,214.062,214.054,214.055,68
1779678420,214.054,214.075,214.052,214.071,86
1779678480,214.073,214.089,214.072,214.081,87
1779678540,214.082,214.085,214.08,214.08,56
1779678600,214.081,214.087,214.078,214.087,70
1779678660,214.088,214.09,214.079,214.09,72
1779678720,214.09,214.09,214.085,214.085,37
1779678780,214.084,214.1,214.083,214.084,83
1779678840,214.084,214.095,214.082,214.087,87
1779678900,214.086,214.094,214.086,214.088,85
1779678960,214.088,214.092,214.086,214.088,80
1779679020,214.086,214.093,214.075,214.087,96
1779679080,214.089,214.091,214.08,214.082,61
1779679140,214.08,214.095,214.08,214.093,61
1779679200,214.095,214.113,214.095,214.113,78
1779679260,214.113,214.126,214.108,214.122,127
1779679440,214.117,214.122,214.108,214.109,50
1779679500,214.106,214.114,214.104,214.113,45
1779679560,214.113,214.116,214.105,214.105,57
1779679620,214.103,214.105,214.084,214.092,85
1779679680,214.095,214.11,214.094,214.1,66
1779679740,214.102,214.105,214.097,214.097,57
1779679800,214.1,214.105,214.096,214.096,56
1779679860,214.094,214.117,214.094,214.105,94
1779679920,214.108,214.115,214.108,214.114,35
1779679980,214.112,214.123,214.11,214.12,43
1779680040,214.12,214.12,214.112,214.113,50
1779680100,214.115,214.12,214.108,214.119,135
1779680160,214.119,214.12,214.106,214.106,89
1779680220,214.105,214.115,214.105,214.112,66
1779680280,214.111,214.115,214.111,214.112,45
1779680340,214.111,214.115,214.098,214.103,88
1779680400,214.105,214.107,214.097,214.102,74
1779680460,214.1,214.111,214.099,214.111,56
1779680520,214.111,214.117,214.1,214.117,83
1779680580,214.114,214.122,214.114,214.121,74
1779680640,214.121,214.121,214.101,214.103,68
1779680700,214.102,214.106,214.092,214.095,76
1779680760,214.097,214.108,214.097,214.1,81
1779680820,214.1,214.111,214.099,214.107,88
1779680880,214.106,214.111,214.106,214.108,48
1779680940,214.109,214.111,214.101,214.105,63
1779681000,214.105,214.109,214.099,214.103,58
1779681060,214.102,214.113,214.101,214.109,82
1779681120,214.11,214.111,214.088,214.092,91
1779681240,214.093,214.108,214.093,214.108,66
1779681300,214.097,214.098,214.087,214.088,86
1779681360,214.086,214.097,214.085,214.093,94
1779681420,214.093,214.112,214.092,214.102,108
1779681480,214.104,214.112,214.096,214.099,68
1779681540,214.097,214.101,214.094,214.099,48
1779681600,214.097,214.103,214.087,214.088,108
1779681660,214.092,214.092,214.085,214.087,54
1779681720,214.088,214.107,214.085,214.107,65
1779681780,214.107,214.11,214.093,214.094,55
1779681840,214.096,214.1,214.094,214.1,60
1779681900,214.1,214.107,214.1,214.106,42
1779681960,214.106,214.127,214.106,214.125,52
1779682020,214.122,214.125,214.119,214.121,53
1779682080,214.122,214.126,214.111,214.113,68
1779682140,214.113,214.116,214.11,214.113,50
1779682200,214.113,214.115,214.112,214.115,45
1779682260,214.115,214.123,214.111,214.112,70
1779682320,214.112,214.123,214.111,214.122,88
1779682440,214.114,214.118,214.111,214.116,49
1779682500,214.116,214.129,214.108,214.129,91
1779682560,214.126,214.128,214.113,214.121,67
1779682620,214.121,214.125,214.118,214.121,57
1779682680,214.121,214.129,214.121,214.128,59
1779682740,214.129,214.134,214.126,214.129,43
1779682800,214.127,214.143,214.127,214.143,60
1779682860,214.14,214.149,214.14,214.149,50
1779682920,214.148,214.149,214.134,214.143,74
1779682980,214.143,214.146,214.14,214.143,56
1779683040,214.144,214.146,214.131,214.132,55
1779683100,214.132,214.156,214.132,214.148,59
1779683160,214.149,214.157,214.149,214.156,36
1779683340,214.16,214.161,214.154,214.161,43
1779683400,214.16,214.162,214.14,214.141,46
1779683460,214.143,214.156,214.143,214.154,108
1779683520,214.153,214.158,214.143,214.157,88
1779683580,214.155,214.165,214.155,214.164,43
1779683640,214.165,214.179,214.162,214.179,66
1779683700,214.181,214.183,214.177,214.183,61
1779683760,214.181,214.182,214.146,214.151,74
1779683880,214.166,214.17,214.161,214.169,36
1779683940,214.168,214.173,214.159,214.162,44
1779684000,214.163,214.181,214.161,214.179,77
1779684060,214.181,214.184,214.176,214.177,42
1779684120,214.179,214.195,214.178,214.189,46
1779684180,214.191,214.191,214.186,214.187,31
1779684240,214.187,214.193,214.186,214.192,46
1779684300,214.19,214.19,214.177,214.182,51
1779684360,214.18,214.18,214.175,214.175,44
1779684420,214.176,214.179,214.171,214.174,52
1779684480,214.174,214.192,214.174,214.19,74
1779684540,214.19,214.192,214.18,214.18,51
1779684600,214.18,214.182,214.173,214.178,40
1779684660,214.179,214.191,214.172,214.191,87
1779684720,214.19,214.201,214.19,214.196,85
1779684780,214.194,214.209,214.193,214.209,58
1779684840,214.209,214.211,214.206,214.211,56
1779684900,214.217,214.222,214.213,214.22,105
1779684960,214.211,214.218,214.206,214.212,69
1779685020,214.211,214.225,214.202,214.221,79
1779685080,214.222,214.224,214.211,214.213,73
1779685140,214.205,214.209,214.199,214.203,74
1779685200,214.192,214.213,214.19,214.197,115
1779685260,214.199,214.222,214.195,214.22,92
1779685320,214.219,214.224,214.217,214.223,95
1779685380,214.225,214.225,214.206,214.209,106
1779685440,214.211,214.215,214.207,214.211,72
1779685500,214.209,214.224,214.209,214.224,89
1779685560,214.224,214.227,214.201,214.222,94
1779685620,214.233,214.241,214.23,214.234,70
1779685680,214.237,214.238,214.221,214.226,73
1779685740,214.228,214.232,214.214,214.22,86
1779685800,214.222,214.239,214.22,214.238,78
1779685860,214.236,214.251,214.236,214.249,100
1779685920,214.251,214.271,214.221,214.225,138
1779685980,214.225,214.23,214.223,214.227,83
1779686040,214.227,214.233,214.223,214.233,61
1779686100,214.231,214.254,214.231,214.248,85
1779686160,214.246,214.256,214.245,214.256,66
1779686220,214.256,214.256,214.231,214.235,96
1779686280,214.238,214.246,214.23,214.235,61
1779686340,214.233,214.239,214.23,214.238,31
1779686400,214.238,214.247,214.236,214.245,40
1779686460,214.244,214.256,214.244,214.249,77
1779686520,214.251,214.254,214.236,214.236,60
1779686580,214.236,214.243,214.235,214.243,39
1779686640,214.243,214.244,214.239,214.243,54
1779686700,214.243,214.256,214.241,214.242,105
1779686880,214.244,214.256,214.243,214.252,54
1779686940,214.253,214.257,214.251,214.255,36
1779687000,214.26,214.26,214.236,214.238,82
1779687060,214.236,214.244,214.236,214.242,81
1779687120,214.248,214.251,214.243,214.249,89
1779687180,214.247,214.259,214.246,214.258,89
1779687240,214.258,214.274,214.258,214.259,84
1779687300,214.261,214.262,214.254,214.258,71
1779687360,214.259,214.263,214.245,214.257,62
1779687420,214.258,214.268,214.257,214.265,81
1779687480,214.267,214.27,214.259,214.268,50
1779687540,214.268,214.27,214.256,214.264,43
1779687600,214.267,214.267,214.253,214.265,95
1779687660,214.262,214.275,214.26,214.272,69
1779687720,214.273,214.276,214.27,214.272,73
1779687780,214.271,214.276,214.267,214.268,70
1779687840,214.27,214.282,214.26,214.274,83
1779687900,214.274,214.287,214.271,214.285,70
1779687960,214.285,214.286,214.275,214.277,61
1779688020,214.277,214.29,214.276,214.278,60
1779688080,214.277,214.287,214.273,214.273,79
1779688140,214.272,214.273,214.267,214.268,78
1779688200,214.27,214.274,214.269,214.271,75
1779688260,214.269,214.274,214.268,214.272,87
1779688320,214.274,214.277,214.264,214.274,85
1779688440,214.274,214.279,214.273,214.278,48
1779688500,214.28,214.284,214.259,214.261,98
1779688560,214.262,214.275,214.248,214.252,93
1779688620,214.252,214.268,214.248,214.263,104
1779688680,214.262,214.275,214.252,214.263,103
1779688740,214.261,214.274,214.259,214.266,91
1779688800,214.259,214.274,214.251,214.267,171
1779688860,214.269,214.278,214.25,214.252,149
1779688920,214.255,214.259,214.227,214.229,146
1779688980,214.23,214.241,214.223,214.24,100
1779689040,214.24,214.248,214.234,214.235,95
1779689100,214.231,214.241,214.225,214.234,109
1779689160,214.234,214.241,214.205,214.213,104
1779689220,214.213,214.233,214.213,214.233,99
1779689280,214.232,214.243,214.226,214.24,116
1779689340,214.239,214.253,214.233,214.233,93
1779689400,214.233,214.262,214.231,214.259,107
1779689460,214.259,214.268,214.256,214.267,108
1779689520,214.267,214.273,214.267,214.269,76
1779689580,214.264,214.275,214.259,214.266,102
1779689640,214.264,214.271,214.261,214.27,110
1779689700,214.268,214.27,214.25,214.253,83
1779689760,214.254,214.254,214.227,214.227,105
1779689820,214.226,214.232,214.219,214.228,87
1779689880,214.226,214.237,214.224,214.227,115
1779689940,214.226,214.226,214.213,214.214,71
1779690000,214.213,214.226,214.2,214.2,120
1779690060,214.199,214.202,214.193,214.195,108
1779690120,214.195,214.205,214.19,214.202,92
1779690180,214.204,214.233,214.201,214.233,90
1779690240,214.231,214.249,214.226,214.249,110
1779690300,214.253,214.258,214.233,214.238,133
1779690360,214.237,214.247,214.236,214.238,127
1779690480,214.241,214.251,214.234,214.234,62
1779690540,214.23,214.242,214.218,214.225,119
1779690600,214.225,214.225,214.197,214.199,123
1779690660,214.198,214.223,214.198,214.22,104
1779690720,214.218,214.238,214.218,214.234,108
1779690780,214.231,214.239,214.217,214.225,112
1779690840,214.228,214.245,214.223,214.242,119
1779690900,214.245,214.261,214.241,214.259,89
1779690960,214.259,214.275,214.259,214.265,83
1779691020,214.264,214.276,214.261,214.27,99
1779691080,214.27,214.274,214.265,214.266,73
1779691140,214.27,214.292,214.27,214.285,100
1779691200,214.284,214.284,214.268,214.276,96
1779691260,214.274,214.278,214.269,214.277,81
1779691320,214.276,214.291,214.275,214.29,76
1779691380,214.288,214.288,214.259,214.262,102
1779691440,214.262,214.265,214.252,214.256,95
1779691500,214.257,214.284,214.256,214.278,76
1779691560,214.277,214.288,214.277,214.281,88
1779691620,214.281,214.281,214.263,214.271,93
1779691680,214.269,214.278,214.266,214.276,95
1779691740,214.273,214.288,214.272,214.284,75
1779691800,214.283,214.293,214.279,214.292,84
1779691860,214.289,214.308,214.286,214.303,74
1779691920,214.308,214.309,214.297,214.308,96
1779692040,214.313,214.327,214.309,214.309,88
1779692100,214.314,214.329,214.314,214.327,100
1779692160,214.325,214.327,214.319,214.32,63
1779692340,214.285,214.301,214.285,214.291,115
1779692400,214.299,214.31,214.289,214.293,147
1779692460,214.292,214.3,214.29,214.291,145
1779692520,214.291,214.303,214.286,214.289,148
1779692580,214.294,214.3,214.284,214.289,130
1779692640,214.288,214.327,214.288,214.313,119
1779692700,214.313,214.322,214.313,214.315,80
1779692760,214.314,214.322,214.279,214.284,138
1779692820,214.283,214.288,214.271,214.274,91
1779692880,214.276,214.282,214.261,214.266,128
1779692940,214.268,214.296,214.256,214.296,126
1779693000,214.294,214.296,214.265,214.289,113
1779693060,214.29,214.312,214.285,214.312,112
1779693120,214.31,214.337,214.31,214.332,91
1779693180,214.332,214.344,214.331,214.337,102
1779693240,214.34,214.352,214.339,214.35,105
1779693300,214.35,214.352,214.332,214.332,88
1779693360,214.331,214.34,214.32,214.334,101
1779693420,214.33,214.331,214.303,214.303,120
1779693480,214.303,214.306,214.237,214.241,215
1779693540,214.236,214.256,214.229,214.23,189
1779693600,214.232,214.261,214.224,214.248,160
1779693660,214.25,214.274,214.248,214.257,127
1779693720,214.258,214.278,214.235,214.24,142
1779693780,214.238,214.263,214.238,214.255,116
1779693840,214.255,214.281,214.255,214.279,122
1779693900,214.287,214.287,214.272,214.273,131
1779693960,214.273,214.283,214.263,214.272,152
1779694020,214.266,214.281,214.264,214.274,105
1779694140,214.272,214.28,214.258,214.266,97
1779694200,214.265,214.281,214.261,214.268,91
1779694260,214.267,214.273,214.256,214.26,135
1779694320,214.258,214.27,214.244,214.27,123
1779694380,214.271,214.304,214.266,214.281,209
1779694440,214.282,214.288,214.268,214.273,178
1779694500,214.278,214.295,214.271,214.293,140
1779694560,214.292,214.304,214.292,214.304,150
1779694620,214.301,214.304,214.285,214.289,123
1779694680,214.291,214.294,214.282,214.287,93
1779694740,214.285,214.291,214.276,214.276,86
1779694800,214.276,214.279,214.267,214.27,81
1779694860,214.268,214.279,214.257,214.258,86
1779694980,214.264,214.266,214.255,214.26,88
1779695040,214.261,214.262,214.24,214.249,120
1779695100,214.243,214.253,214.243,214.253,82
1779695160,214.25,214.268,214.245,214.257,144
1779695220,214.255,214.286,214.255,214.284,86
1779695280,214.283,214.288,214.276,214.276,75
1779695340,214.276,214.287,214.275,214.285,108
1779695400,214.288,214.29,214.273,214.279,98
1779695460,214.278,214.283,214.266,214.266,76
1779695520,214.268,214.288,214.259,214.288,89
1779695580,214.288,214.295,214.282,214.286,107
1779695640,214.286,214.293,214.276,214.28,85
1779695700,214.283,214.298,214.277,214.282,96
1779695760,214.286,214.298,214.278,214.287,134
1779695820,214.287,214.363,214.287,214.363,129
1779695880,214.362,214.375,214.335,214.342,156
1779695940,214.344,214.371,214.339,214.371,144
1779696000,214.37,214.37,214.328,214.331,159
1779696060,214.333,214.34,214.326,214.334,121
1779696120,214.333,214.336,214.295,214.295,158
1779696180,214.293,214.322,214.29,214.308,137
1779696240,214.312,214.329,214.312,214.326,109
1779696300,214.326,214.344,214.326,214.332,103
1779696360,214.333,214.358,214.332,214.356,105
1779696420,214.356,214.366,214.334,214.365,127
1779696480,214.363,214.385,214.363,214.383,51
1779696540,214.383,214.397,214.378,214.393,105
1779696600,214.393,214.4,214.384,214.396,101
1779696660,214.397,214.399,214.369,214.376,114
1779696720,214.376,214.381,214.363,214.366,107
1779696780,214.36,214.36,214.347,214.349,82
1779696840,214.349,214.364,214.348,214.359,87
1779696900,214.361,214.364,214.351,214.355,107
1779696960,214.354,214.375,214.352,214.37,69
1779697020,214.37,214.375,214.369,214.371,71
1779697080,214.375,214.376,214.37,214.373,51
1779697140,214.375,214.395,214.375,214.39,42
1779697200,214.397,214.4,214.382,214.385,97
1779697260,214.386,214.386,214.367,214.369,65
1779697320,214.37,214.375,214.363,214.368,90
1779697380,214.369,214.37,214.357,214.36,71
1779697440,214.362,214.371,214.36,214.366,76
1779697500,214.368,214.374,214.355,214.358,105
1779697560,214.357,214.37,214.357,214.367,109
1779697620,214.365,214.375,214.361,214.369,101
1779697680,214.369,214.372,214.359,214.363,92
1779697740,214.363,214.371,214.363,214.367,90
1779697800,214.366,214.386,214.365,214.381,128
1779697860,214.381,214.393,214.378,214.392,62
1779697920,214.393,214.396,214.39,214.395,57
1779697980,214.395,214.401,214.391,214.394,77
1779698040,214.394,214.394,214.382,214.391,80
1779698100,214.397,214.397,214.378,214.386,93
1779698160,214.386,214.387,214.366,214.368,119
1779698220,214.368,214.378,214.364,214.366,92
1779698280,214.366,214.374,214.359,214.373,103
1779698340,214.369,214.398,214.369,214.393,97
1779698400,214.395,214.402,214.391,214.399,115
1779698460,214.4,214.414,214.393,214.405,125
1779698520,214.406,214.408,214.391,214.394,89
1779698580,214.392,214.394,214.358,214.358,88
1779698640,214.358,214.363,214.356,214.362,101
1779698700,214.361,214.369,214.35,214.365,91
1779698760,214.364,214.372,214.362,214.372,80
1779698820,214.372,214.374,214.347,214.368,144
1779698880,214.369,214.38,214.361,214.379,98
1779698940,214.378,214.397,214.377,214.377,93
1779699000,214.379,214.388,214.372,214.376,107
1779699060,214.375,214.396,214.374,214.385,99
1779699120,214.384,214.394,214.382,214.387,97
1779699180,214.387,214.389,214.375,214.375,82
1779699240,214.376,214.406,214.374,214.405,107
1779699300,214.406,214.408,214.349,214.359,124
1779699360,214.362,214.368,214.358,214.367,96
1779699420,214.368,214.413,214.365,214.413,100
1779699480,214.413,214.44,214.413,214.422,122
1779699540,214.424,214.435,214.418,214.434,97
1779699600,214.433,214.433,214.418,214.428,98
1779699660,214.427,214.437,214.411,214.422,134
1779699720,214.423,214.43,214.417,214.426,84
1779699780,214.426,214.439,214.426,214.435,70
1779699840,214.435,214.437,214.427,214.428,78
1779699900,214.427,214.444,214.427,214.441,97
1779699960,214.442,214.447,214.429,214.434,90
1779700020,214.432,214.432,214.43,214.43,44
1779700080,214.43,214.43,214.422,214.427,72
1779700140,214.427,214.443,214.427,214.432,68
1779700200,214.432,214.45,214.431,214.45,61
1779700260,214.452,214.459,214.45,214.457,64
1779700320,214.457,214.463,214.454,214.455,69
1779700380,214.454,214.454,214.429,214.43,95
1779700440,214.432,214.456,214.419,214.451,88
1779700500,214.451,214.455,214.436,214.437,83
1779700560,214.439,214.451,214.432,214.449,90
1779700620,214.449,214.453,214.437,214.444,81
1779700680,214.442,214.46,214.442,214.46,56
1779700740,214.458,214.458,214.442,214.452,87
1779700800,214.45,214.47,214.438,214.438,98
1779700860,214.439,214.448,214.436,214.447,84
1779700920,214.445,214.457,214.445,214.455,84
1779700980,214.456,214.459,214.454,214.456,55
1779701040,214.456,214.468,214.456,214.463,79
1779701100,214.462,214.47,214.462,214.465,70
1779701160,214.466,214.466,214.445,214.448,74
1779701220,214.451,214.47,214.45,214.468,59
1779701280,214.468,214.478,214.464,214.467,76
1779701340,214.466,214.467,214.455,214.456,85
1779701400,214.458,214.465,214.451,214.455,85
1779701460,214.455,214.46,214.454,214.456,77
1779701520,214.455,214.461,214.453,214.457,83
1779701580,214.457,214.463,214.448,214.451,76
1779701640,214.451,214.462,214.446,214.451,77
1779701700,214.452,214.462,214.451,214.462,73
1779701760,214.46,214.469,214.46,214.461,75
1779701820,214.461,214.471,214.458,214.471,83
1779701880,214.471,214.471,214.459,214.465,69
1779701940,214.464,214.465,214.455,214.462,83
1779702000,214.464,214.464,214.452,214.454,57
1779702060,214.456,214.468,214.456,214.464,74
1779702120,214.463,214.468,214.463,214.468,47
1779702180,214.468,214.471,214.463,214.47,52
1779702240,214.47,214.477,214.468,214.474,36
1779702300,214.474,214.477,214.464,214.467,59
1779702360,214.467,214.48,214.467,214.479,63
1779702420,214.476,214.476,214.462,214.467,55
1779702480,214.465,214.468,214.456,214.456,101
1779702540,214.456,214.468,214.456,214.465,48
1779702600,214.463,214.468,214.457,214.467,71
1779702660,214.467,214.468,214.458,214.46,54
1779702720,214.461,214.461,214.452,214.459,74
1779702780,214.457,214.462,214.457,214.46,51
1779702840,214.462,214.462,214.456,214.46,51
1779702900,214.459,214.462,214.457,214.462,82
1779702960,214.464,214.467,214.459,214.467,61
1779703020,214.465,214.47,214.464,214.468,80
1779703080,214.466,214.466,214.452,214.455,71
1779703140,214.453,214.453,214.432,214.435,90
1779703200,214.435,214.452,214.432,214.449,86
1779703260,214.45,214.457,214.449,214.457,76
1779703320,214.457,214.461,214.453,214.461,50
1779703380,214.464,214.466,214.448,214.45,71
1779703440,214.447,214.451,214.441,214.445,74
1779703500,214.444,214.453,214.442,214.451,76
1779703560,214.451,214.451,214.441,214.443,44
1779703620,214.444,214.456,214.443,214.452,54
1779703680,214.451,214.455,214.438,214.438,62
1779703740,214.438,214.445,214.434,214.436,71
1779703800,214.438,214.438,214.419,214.432,106
1779703860,214.425,214.439,214.425,214.433,92
1779703920,214.434,214.437,214.427,214.429,82
1779703980,214.429,214.433,214.422,214.427,70
1779704040,214.427,214.432,214.421,214.421,37
1779704100,214.422,214.426,214.415,214.421,71
1779704160,214.421,214.428,214.421,214.421,31
1779704220,214.424,214.451,214.424,214.443,67
1779704280,214.442,214.442,214.435,214.435,71
1779704340,214.452,214.452,214.425,214.425,64
1779704400,214.427,214.427,214.404,214.404,96
1779704460,214.405,214.412,214.394,214.409,74
1779704520,214.41,214.415,214.409,214.412,47
1779704580,214.413,214.414,214.401,214.411,105
1779704640,214.409,214.412,214.401,214.401,60
1779704700,214.399,214.409,214.39,214.401,88
1779704760,214.401,214.404,214.396,214.404,51
1779704820,214.401,214.409,214.399,214.407,67
1779704880,214.415,214.415,214.406,214.414,72
1779704940,214.418,214.428,214.403,214.409,92
1779705000,214.411,214.412,214.4,214.41,69
1779705060,214.409,214.41,214.401,214.405,52
1779705120,214.406,214.411,214.398,214.404,82
1779705180,214.406,214.407,214.397,214.405,78
1779705240,214.407,214.425,214.406,214.418,71
1779705300,214.418,214.425,214.416,214.423,65
1779705360,214.423,214.426,214.419,214.422,72
1779705420,214.421,214.424,214.413,214.415,50
1779705480,214.415,214.422,214.413,214.416,110
1779705540,214.417,214.424,214.417,214.419,63
1779705600,214.42,214.42,214.408,214.412,70
1779705660,214.41,214.42,214.41,214.416,101
1779705720,214.416,214.427,214.416,214.422,66
1779705780,214.424,214.425,214.419,214.423,68
1779705840,214.424,214.435,214.421,214.429,68
1779705900,214.431,214.438,214.431,214.438,81
1779705960,214.438,214.439,214.431,214.437,57
1779706020,214.435,214.443,214.435,214.438,50
1779706080,214.437,214.443,214.435,214.436,42
1779706140,214.438,214.44,214.431,214.434,48
1779706200,214.434,214.438,214.431,214.433,52
1779706260,214.432,214.433,214.418,214.419,54
1779706320,214.418,214.422,214.413,214.413,77
1779706380,214.415,214.431,214.415,214.43,47
1779706440,214.429,214.429,214.411,214.415,67
1779706500,214.416,214.421,214.415,214.419,42
1779706560,214.419,214.425,214.411,214.42,39
1779706620,214.422,214.431,214.42,214.421,82
1779706680,214.421,214.434,214.417,214.431,72
1779706740,214.436,214.437,214.43,214.435,73
1779706800,214.434,214.435,214.413,214.415,98
1779706860,214.413,214.428,214.408,214.426,73
1779706920,214.427,214.428,214.417,214.425,61
1779706980,214.426,214.427,214.417,214.421,57
1779707040,214.421,214.424,214.417,214.424,54
1779707100,214.423,214.43,214.421,214.426,87
1779707160,214.428,214.428,214.39,214.39,122
1779707220,214.392,214.395,214.385,214.389,66
1779707280,214.388,214.391,214.385,214.388,63
1779707340,214.387,214.401,214.386,214.4,85
1779707400,214.399,214.415,214.395,214.412,93
1779707460,214.41,214.412,214.399,214.403,72
1779707520,214.401,214.407,214.397,214.402,80
1779707580,214.404,214.415,214.402,214.414,84
1779707640,214.41,214.425,214.409,214.424,62
1779707700,214.422,214.428,214.422,214.425,86
1779707760,214.427,214.442,214.424,214.435,84
1779707820,214.438,214.444,214.436,214.444,56
1779707880,214.444,214.452,214.441,214.45,58
1779707940,214.448,214.454,214.446,214.446,73
1779708000,214.449,214.452,214.446,214.452,65
1779708060,214.453,214.466,214.45,214.462,87
1779708120,214.463,214.471,214.46,214.469,91
1779708180,214.468,214.472,214.464,214.467,50
1779708240,214.469,214.484,214.466,214.482,73
1779708300,214.48,214.485,214.48,214.484,37
1779708360,214.483,214.491,214.468,214.468,73
1779708420,214.469,214.485,214.468,214.477,74
1779708480,214.478,214.482,214.469,214.48,50
1779708540,214.479,214.491,214.479,214.49,71
1779708600,214.49,214.499,214.47,214.478,92
1779708660,214.479,214.488,214.474,214.477,93
1779708720,214.482,214.5,214.478,214.5,111
1779708780,214.499,214.524,214.497,214.505,113
1779708840,214.503,214.517,214.498,214.505,67
1779708900,214.506,214.516,214.5,214.514,85
1779708960,214.514,214.535,214.51,214.529,76
1779709020,214.529,214.543,214.526,214.54,105
1779709080,214.538,214.542,214.516,214.529,101
1779709140,214.53,214.557,214.526,214.557,96
1779709200,214.552,214.572,214.552,214.568,126
1779709260,214.568,214.572,214.56,214.566,120
1779709320,214.569,214.576,214.56,214.561,76
1779709440,214.564,214.573,214.562,214.563,63
1779709500,214.581,214.596,214.564,214.567,114
1779709560,214.57,214.595,214.567,214.595,121
1779709620,214.597,214.6,214.575,214.575,80
1779709680,214.574,214.578,214.545,214.553,123
1779709740,214.554,214.554,214.545,214.551,97
1779709800,214.548,214.557,214.546,214.555,77
1779709860,214.555,214.572,214.552,214.566,78
1779709920,214.567,214.57,214.556,214.57,112
1779709980,214.572,214.574,214.568,214.571,92
1779710040,214.568,214.573,214.558,214.572,105
1779710100,214.569,214.573,214.554,214.562,91
1779710160,214.56,214.594,214.56,214.579,146
1779710220,214.575,214.577,214.542,214.551,105
1779710340,214.546,214.551,214.533,214.536,101
1779710400,214.538,214.541,214.517,214.524,169
1779710460,214.526,214.535,214.522,214.526,118
1779710520,214.53,214.544,214.52,214.537,105
1779710580,214.537,214.546,214.533,214.537,92
1779710640,214.542,214.549,214.538,214.545,88
1779710700,214.546,214.551,214.528,214.532,127
1779710760,214.531,214.543,214.518,214.539,103
1779710820,214.538,214.539,214.519,214.53,111
1779710880,214.532,214.551,214.529,214.545,104
1779710940,214.545,214.559,214.53,214.531,118
1779711000,214.532,214.546,214.531,214.533,111
1779711060,214.535,214.544,214.529,214.54,92
1779711120,214.539,214.555,214.535,214.552,98
1779711180,214.551,214.564,214.546,214.561,102
1779711240,214.561,214.561,214.524,214.529,98
1779711300,214.53,214.535,214.524,214.533,100
1779711360,214.533,214.546,214.532,214.541,98
1779711420,214.543,214.548,214.525,214.536,99
1779711480,214.533,214.547,214.529,214.547,86
1779711540,214.547,214.551,214.541,214.541,86
1779711600,214.539,214.549,214.533,214.536,105
1779711660,214.538,214.546,214.535,214.546,69
1779711720,214.544,214.549,214.529,214.531,81
1779711780,214.529,214.539,214.523,214.533,110
1779711840,214.535,214.545,214.526,214.526,95
1779711900,214.527,214.544,214.524,214.542,122
1779711960,214.541,214.543,214.524,214.524,96
1779712020,214.526,214.541,214.525,214.526,91
1779712080,214.526,214.532,214.523,214.526,68
1779712140,214.526,214.529,214.526,214.527,89
1779712200,214.526,214.544,214.525,214.54,102
1779712260,214.54,214.574,214.54,214.574,126
1779712320,214.576,214.588,214.575,214.583,121
1779712380,214.584,214.588,214.578,214.583,83
1779712440,214.583,214.608,214.583,214.607,82
1779712500,214.607,214.608,214.582,214.593,113
1779712560,214.591,214.592,214.578,214.586,102
1779712620,214.586,214.591,214.58,214.58,90
1779712680,214.583,214.586,214.56,214.562,104
1779712740,214.562,214.569,214.561,214.564,70
1779712800,214.564,214.566,214.558,214.565,74
1779712860,214.564,214.567,214.56,214.561,72
1779712920,214.562,214.576,214.561,214.572,88
1779712980,214.572,214.581,214.566,214.566,96
1779713040,214.567,214.588,214.566,214.586,96
1779713100,214.586,214.588,214.558,214.578,168
1779713160,214.577,214.594,214.57,214.589,148
1779713220,214.589,214.589,214.564,214.565,107
1779713280,214.567,214.574,214.553,214.555,101
1779713340,214.556,214.558,214.538,214.54,105
1779713400,214.54,214.551,214.534,214.536,114
1779713460,214.534,214.548,214.528,214.534,101
1779713520,214.532,214.536,214.525,214.527,111
1779713580,214.53,214.53,214.522,214.522,101
1779713640,214.525,214.537,214.522,214.534,113
1779713700,214.536,214.537,214.527,214.53,53
1779713760,214.531,214.538,214.522,214.538,103
1779713820,214.536,214.542,214.524,214.525,93
1779713880,214.526,214.537,214.516,214.526,117
1779713940,214.527,214.532,214.526,214.527,90
1779714000,214.527,214.531,214.513,214.527,139
1779714060,214.529,214.544,214.526,214.542,109
1779714120,214.541,214.547,214.53,214.535,89
1779714180,214.537,214.548,214.534,214.543,89
1779714240,214.545,214.558,214.534,214.537,84
1779714300,214.541,214.546,214.535,214.544,79
1779714360,214.542,214.558,214.539,214.543,86
1779714420,214.543,214.56,214.541,214.558,103
1779714480,214.558,214.56,214.547,214.547,96
1779714540,214.55,214.55,214.539,214.549,105
1779714600,214.549,214.554,214.531,214.534,101
1779714660,214.533,214.533,214.501,214.505,117
1779714720,214.504,214.508,214.488,214.49,122
1779714780,214.489,214.495,214.484,214.484,77
1779714840,214.489,214.5,214.484,214.498,71
1779714900,214.496,214.503,214.488,214.503,94
1779714960,214.503,214.503,214.48,214.495,96
1779715020,214.5,214.503,214.489,214.499,126
1779715080,214.499,214.513,214.494,214.513,90
1779715140,214.512,214.521,214.504,214.517,105
1779715200,214.518,214.539,214.51,214.539,89
1779715260,214.539,214.542,214.525,214.532,94
1779715320,214.53,214.55,214.53,214.542,91
1779715380,214.541,214.544,214.53,214.544,87
1779715440,214.541,214.547,214.541,214.543,95
1779715500,214.543,214.544,214.534,214.539,78
1779715560,214.539,214.558,214.537,214.557,111
1779715620,214.556,214.563,214.547,214.553,93
1779715680,214.553,214.56,214.542,214.545,115
1779715740,214.544,214.56,214.544,214.559,61
1779715800,214.558,214.562,214.545,214.552,141
1779715860,214.551,214.573,214.541,214.572,93
1779715920,214.573,214.578,214.567,214.574,90
1779715980,214.573,214.584,214.564,214.583,111
1779716040,214.58,214.58,214.568,214.571,99
1779716100,214.569,214.576,214.566,214.573,83
1779716160,214.569,214.572,214.552,214.552,112
1779716220,214.556,214.562,214.544,214.561,120
1779716280,214.561,214.561,214.547,214.552,86
1779716340,214.55,214.568,214.55,214.56,83
1779716400,214.56,214.564,214.547,214.547,93
1779716460,214.547,214.56,214.531,214.534,101
1779716520,214.534,214.536,214.512,214.516,118
1779716580,214.517,214.527,214.517,214.525,86
1779716640,214.514,214.526,214.512,214.522,74
1779716700,214.512,214.515,214.502,214.502,77
1779716760,214.503,214.515,214.503,214.512,103
1779716820,214.514,214.514,214.487,214.487,109
1779716880,214.486,214.51,214.485,214.509,107
1779716940,214.507,214.52,214.506,214.518,67
1779717000,214.52,214.521,214.503,214.505,91
1779717060,214.503,214.528,214.502,214.527,98
1779717120,214.531,214.543,214.523,214.533,90
1779717240,214.513,214.516,214.503,214.506,65
1779717300,214.503,214.505,214.494,214.502,107
1779717360,214.5,214.502,214.489,214.49,66
1779717420,214.491,214.491,214.462,214.467,98
1779717480,214.468,214.473,214.452,214.455,131
1779717540,214.454,214.463,214.441,214.442,151
1779717600,214.443,214.448,214.433,214.443,137
1779717660,214.441,214.448,214.419,214.445,119
1779717720,214.443,214.473,214.435,214.458,142
1779717780,214.457,214.474,214.452,214.472,81
1779717840,214.475,214.493,214.472,214.485,112
1779717900,214.483,214.486,214.47,214.472,77
1779717960,214.47,214.478,214.47,214.47,78
1779718020,214.467,214.469,214.455,214.455,96
1779718080,214.457,214.461,214.454,214.458,91
1779718140,214.458,214.47,214.457,214.466,92
1779718200,214.467,214.467,214.45,214.45,92
1779718260,214.449,214.454,214.445,214.445,72
1779718320,214.447,214.454,214.428,214.429,85
1779718380,214.425,214.433,214.417,214.417,77
1779718440,214.419,214.439,214.418,214.436,62
1779718500,214.438,214.45,214.437,214.448,93
1779718560,214.45,214.462,214.448,214.456,84
1779718620,214.458,214.458,214.447,214.451,69
1779718680,214.452,214.456,214.446,214.453,72
1779718740,214.451,214.467,214.449,214.467,69
1779718800,214.468,214.48,214.459,214.468,124
1779718860,214.473,214.483,214.47,214.476,87
1779718980,214.477,214.48,214.47,214.48,58
1779719040,214.481,214.49,214.478,214.488,55
1779719100,214.488,214.493,214.484,214.486,75
1779719160,214.486,214.489,214.477,214.489,110
1779719220,214.488,214.492,214.486,214.489,61
1779719340,214.484,214.484,214.473,214.473,79
1779719400,214.473,214.474,214.459,214.465,103
1779719460,214.463,214.468,214.447,214.452,87
1779719520,214.452,214.463,214.45,214.453,75
1779719580,214.454,214.461,214.449,214.456,72
1779719640,214.458,214.479,214.454,214.472,81
1779719700,214.474,214.478,214.47,214.473,68
1779719760,214.479,214.483,214.475,214.478,56
1779719820,214.481,214.486,214.478,214.478,70
1779719880,214.479,214.486,214.475,214.484,63
1779719940,214.483,214.491,214.479,214.483,89
1779720000,214.484,214.488,214.477,214.482,76
1779720060,214.478,214.52,214.477,214.52,137
1779720180,214.506,214.52,214.506,214.52,46
1779720240,214.519,214.529,214.519,214.525,81
1779720300,214.523,214.523,214.513,214.518,77
1779720360,214.516,214.529,214.505,214.523,142
1779720420,214.519,214.53,214.506,214.518,99
1779720480,214.519,214.551,214.519,214.526,102
1779720540,214.526,214.532,214.524,214.526,92
1779720600,214.524,214.525,214.51,214.515,77
1779720660,214.517,214.519,214.508,214.515,90
1779720720,214.516,214.523,214.511,214.514,57
1779720780,214.515,214.524,214.512,214.519,71
1779720840,214.517,214.523,214.505,214.511,105
1779720900,214.508,214.539,214.504,214.532,120
1779720960,214.531,214.554,214.531,214.544,111
1779721080,214.547,214.571,214.545,214.562,134
1779721140,214.562,214.565,214.549,214.55,161
1779721200,214.549,214.56,214.545,214.55,124
1779721260,214.55,214.556,214.538,214.544,135
1779721320,214.547,214.548,214.514,214.517,184
1779721380,214.523,214.531,214.515,214.521,145
1779721440,214.518,214.521,214.509,214.521,89
1779721500,214.52,214.538,214.515,214.526,140
1779721560,214.526,214.534,214.516,214.532,90
1779721620,214.532,214.544,214.528,214.532,88
1779721680,214.53,214.534,214.527,214.532,91
1779721740,214.532,214.546,214.511,214.514,106
1779721800,214.514,214.559,214.507,214.556,150
1779721860,214.558,214.593,214.536,214.574,222
1779721920,214.58,214.589,214.566,214.578,161
1779721980,214.576,214.583,214.568,214.571,164
1779722040,214.569,214.573,214.546,214.548,155
1779722100,214.55,214.554,214.542,214.546,146
1779722160,214.546,214.547,214.534,214.537,149
1779722220,214.537,214.547,214.535,214.544,144
1779722280,214.547,214.551,214.538,214.543,102
1779731520,214.592,214.592,214.592,214.592,2
1779731640,214.593,214.595,214.587,214.593,30
1779731700,214.596,214.597,214.595,214.596,19
1779731760,214.594,214.598,214.587,214.59,48
1779731820,214.592,214.595,214.59,214.59,45
1779731940,214.595,214.595,214.592,214.595,19
1779732000,214.597,214.606,214.597,214.604,49
1779732060,214.603,214.604,214.592,214.592,44
1779732120,214.593,214.593,214.583,214.586,68
1779732180,214.585,214.589,214.585,214.587,69
1779732240,214.586,214.589,214.586,214.589,33
1779732300,214.587,214.592,214.582,214.59,58
1779732360,214.59,214.593,214.587,214.59,42
1779732420,214.592,214.595,214.59,214.593,24
1779733260,214.601,214.601,214.594,214.596,14
1779733320,214.596,214.607,214.596,214.601,63
1779733380,214.601,214.604,214.6,214.602,36
1779733440,214.603,214.606,214.602,214.602,22
1779733500,214.601,214.607,214.6,214.602,58
1779733560,214.605,214.607,214.602,214.604,41
1779733620,214.605,214.61,214.602,214.602,54
1779733680,214.601,214.605,214.598,214.599,19
1779733740,214.601,214.605,214.599,214.603,31
1779733800,214.608,214.609,214.601,214.608,67
1779733860,214.608,214.611,214.605,214.607,45
1779733920,214.609,214.609,214.603,214.607,75
1779733980,214.604,214.611,214.604,214.609,27
1779734040,214.608,214.612,214.607,214.609,30
1779734100,214.607,214.617,214.607,214.613,35
1779734160,214.611,214.622,214.611,214.622,22
1779734220,214.623,214.623,214.62,214.62,14
1779734280,214.622,214.625,214.619,214.622,28
1779734340,214.621,214.631,214.621,214.63,22
1779734400,214.628,214.628,214.612,214.615,26
1779734460,214.615,214.615,214.612,214.612,19
1779734520,214.614,214.614,214.601,214.602,29
1779734640,214.609,214.609,214.606,214.609,16
1779734700,214.607,214.608,214.604,214.606,25
1779734760,214.606,214.615,214.606,214.612,28
1779734820,214.614,214.615,214.612,214.615,19
1779734880,214.614,214.615,214.614,214.615,9
1779734940,214.617,214.618,214.613,214.617,44
1779735000,214.616,214.627,214.616,214.62,38
1779735060,214.617,214.621,214.612,214.619,32
1779735120,214.62,214.621,214.618,214.619,32
1779735240,214.622,214.622,214.617,214.62,28
1779735300,214.622,214.63,214.622,214.63,45
1779735360,214.631,214.631,214.628,214.631,9
1779735480,214.63,214.631,214.628,214.63,11
1779735540,214.626,214.634,214.626,214.631,45
1779735600,214.629,214.631,214.623,214.625,30
1779735660,214.623,214.628,214.622,214.622,21
1779735720,214.622,214.624,214.621,214.624,11
1779735780,214.622,214.627,214.621,214.624,28
1779735840,214.625,214.627,214.622,214.625,22
1779735900,214.625,214.625,214.622,214.624,23
1779735960,214.622,214.628,214.619,214.622,40
1779736020,214.625,214.625,214.616,214.616,14
1779736080,214.617,214.62,214.613,214.618,29
1779736140,214.62,214.621,214.614,214.614,28
1779736200,214.614,214.622,214.614,214.62,33
1779736260,214.62,214.622,214.617,214.622,29
1779736320,214.623,214.623,214.61,214.611,31
1779736440,214.614,214.615,214.612,214.613,13
1779736500,214.613,214.615,214.612,214.614,16
1779736560,214.612,214.612,214.608,214.612,34
1779736620,214.614,214.616,214.611,214.614,25
1779736680,214.612,214.619,214.609,214.619,42
1779736740,214.619,214.619,214.616,214.617,24
1779736800,214.619,214.619,214.612,214.617,25
1779736860,214.618,214.62,214.617,214.62,37
1779736980,214.619,214.62,214.604,214.609,35
1779737040,214.61,214.616,214.61,214.613,19
1779737100,214.622,214.625,214.619,214.624,48
1779737160,214.622,214.627,214.621,214.625,37
1779737220,214.627,214.628,214.624,214.626,18
1779737280,214.624,214.626,214.619,214.623,27
1779737340,214.623,214.624,214.612,214.623,43
1779737400,214.62,214.63,214.616,214.626,44
1779737460,214.628,214.629,214.618,214.623,32
1779737520,214.62,214.623,214.619,214.621,14
1779737580,214.623,214.623,214.616,214.618,42
1779737640,214.62,214.624,214.618,214.621,53
1779737700,214.62,214.622,214.61,214.62,55
1779737760,214.62,214.634,214.618,214.634,41
1779737820,214.634,214.661,214.634,214.66,36
1779737880,214.658,214.663,214.657,214.659,35
1779737940,214.657,214.66,214.64,214.643,42
1779738000,214.655,214.658,214.653,214.654,26
1779738060,214.656,214.656,214.645,214.647,29
1779738180,214.649,214.655,214.648,214.653,49
1779738240,214.655,214.655,214.653,214.653,12
1779738300,214.653,214.656,214.653,214.655,22
1779738360,214.653,214.656,214.645,214.648,51
1779738420,214.65,214.651,214.644,214.647,31
1779738480,214.647,214.651,214.645,214.648,22
1779738540,214.65,214.65,214.648,214.65,7
1779738600,214.652,214.66,214.646,214.657,37
1779738660,214.659,214.662,214.657,214.662,30
1779738720,214.661,214.663,214.657,214.657,43
1779738780,214.66,214.66,214.65,214.659,29
1779738840,214.658,214.659,214.655,214.656,58
1779738900,214.657,214.681,214.655,214.665,68
1779738960,214.666,214.676,214.666,214.666,38
1779739020,214.666,214.673,214.666,214.671,39
1779739080,214.668,214.671,214.659,214.662,44
1779739140,214.661,214.662,214.655,214.659,44
1779739200,214.66,214.663,214.655,214.658,50
1779739260,214.661,214.662,214.654,214.657,55
1779739320,214.659,214.659,214.654,214.658,27
1779739380,214.657,214.661,214.656,214.659,17
1779739440,214.661,214.667,214.659,214.661,51
1779739500,214.66,214.66,214.654,214.659,37
1779739560,214.657,214.659,214.657,214.659,6
1779739620,214.657,214.664,214.657,214.664,21
1779739680,214.675,214.675,214.667,214.67,32
1779739740,214.668,214.673,214.668,214.673,22
1779739800,214.671,214.674,214.656,214.658,20
1779739860,214.659,214.662,214.654,214.661,46
1779739920,214.662,214.662,214.661,214.662,7
1779740040,214.655,214.655,214.655,214.655,2
1779740100,214.66,214.661,214.655,214.658,42
1779740160,214.656,214.666,214.656,214.661,40
1779740220,214.661,214.663,214.655,214.658,29
1779740340,214.655,214.661,214.652,214.661,37
1779740400,214.657,214.663,214.654,214.656,57
1779740460,214.656,214.661,214.654,214.657,47
1779740580,214.651,214.651,214.644,214.644,18
1779740640,214.644,214.649,214.641,214.646,41
1779740700,214.65,214.652,214.645,214.65,38
1779740760,214.65,214.658,214.649,214.655,35
1779740820,214.655,214.659,214.647,214.652,69
1779740880,214.655,214.66,214.653,214.655,29
1779740940,214.656,214.658,214.652,214.656,48
1779741000,214.668,214.676,214.668,214.673,46
1779741060,214.673,214.674,214.669,214.67,40
1779741120,214.672,214.675,214.669,214.673,53
1779741180,214.672,214.673,214.665,214.668,37
1779741240,214.67,214.674,214.67,214.671,39
1779741300,214.67,214.67,214.657,214.662,87
1779741360,214.662,214.665,214.66,214.661,22
1779741420,214.659,214.666,214.659,214.663,48
1779741480,214.663,214.666,214.662,214.662,51
1779741540,214.662,214.664,214.651,214.651,51
1779741600,214.635,214.653,214.619,214.644,67
1779741660,214.644,214.656,214.644,214.655,25
1779741780,214.645,214.651,214.642,214.648,55
1779741840,214.645,214.65,214.64,214.65,68
1779741900,214.645,214.651,214.64,214.646,69
1779741960,214.645,214.655,214.643,214.652,65
1779742020,214.648,214.656,214.645,214.654,62
1779742080,214.654,214.654,214.645,214.65,63
1779742140,214.651,214.656,214.65,214.653,59
1779742200,214.651,214.658,214.644,214.65,86
1779742260,214.649,214.653,214.642,214.644,26
1779742320,214.641,214.65,214.641,214.648,47
1779742380,214.648,214.653,214.635,214.636,30
1779742440,214.637,214.653,214.635,214.64,22
1779742500,214.637,214.651,214.632,214.632,31
1779742620,214.633,214.633,214.625,214.625,13
1779742680,214.628,214.634,214.628,214.634,25
1779742860,214.517,214.518,214.516,214.516,6
1779742920,214.514,214.514,214.514,214.514,2
1779742980,214.512,214.512,214.411,214.411,8
1779743040,214.41,214.51,214.407,214.51,26
1779743100,214.503,214.527,214.503,214.527,12
1779743160,214.528,214.529,214.528,214.529,4
1779743220,214.542,214.543,214.529,214.529,8
1779743280,214.53,214.532,214.53,214.532,4
1779743340,214.533,214.534,214.533,214.534,4
1779743460,214.528,214.532,214.527,214.53,10
1779743520,214.531,214.538,214.531,214.538,10
1779743580,214.527,214.527,214.526,214.526,4
1779743640,214.489,214.531,214.489,214.511,20
1779743700,214.503,214.511,214.503,214.511,14
1779743760,214.51,214.511,214.51,214.511,8
1779743880,214.501,214.501,214.453,214.453,24
1779743940,214.471,214.487,214.465,214.487,8
1779744000,214.471,214.474,214.457,214.46,18
1779744120,214.464,214.464,214.448,214.448,6
1779744180,214.459,214.459,214.44,214.448,12
1779744240,214.44,214.449,214.44,214.447,12
1779744420,214.453,214.453,214.453,214.453,2
1779744480,214.46,214.461,214.431,214.437,14
1779744540,214.436,214.464,214.436,214.464,16
1779744600,214.465,214.465,214.433,214.452,44
1779744660,214.434,214.449,214.434,214.448,6
1779744720,214.457,214.459,214.432,214.441,48
1779744780,214.445,214.451,214.403,214.417,54
1779744840,214.409,214.429,214.407,214.426,62
1779744900,214.433,214.495,214.419,214.495,42
1779744960,214.498,214.503,214.479,214.48,32
1779745020,214.491,214.52,214.476,214.476,60
1779745080,214.477,214.508,214.477,214.491,44
1779745140,214.487,214.487,214.481,214.481,16
1779745200,214.48,214.483,214.459,214.463,38
1779745320,214.469,214.473,214.418,214.432,60
1779745440,214.437,214.441,214.398,214.405,76
1779745500,214.424,214.431,214.419,214.431,44
1779745560,214.43,214.434,214.422,214.422,24
1779745620,214.432,214.432,214.42,214.42,10
1779745680,214.417,214.42,214.38,214.386,60
1779745740,214.379,214.422,214.379,214.401,82
1779745800,214.402,214.416,214.393,214.402,66
1779745980,214.378,214.407,214.378,214.4,28
1779746040,214.431,214.431,214.402,214.402,32
1779746100,214.4,214.461,214.4,214.461,44
1779746160,214.458,214.477,214.449,214.464,36
1779746280,214.467,214.478,214.467,214.474,16
1779746340,214.469,214.469,214.449,214.454,56
1779746400,214.455,214.623,214.455,214.61,112
1779746460,214.605,214.639,214.602,214.622,83
1779746520,214.623,214.627,214.616,214.621,67
1779746580,214.623,214.628,214.615,214.618,76
1779746640,214.624,214.625,214.608,214.611,48
1779746700,214.608,214.617,214.604,214.609,72
1779746760,214.607,214.61,214.603,214.604,56
1779746820,214.607,214.619,214.592,214.594,78
1779746880,214.596,214.597,214.585,214.593,64
1779746940,214.59,214.593,214.585,214.591,31
1779747000,214.593,214.594,214.574,214.577,59
1779747060,214.575,214.605,214.574,214.601,80
1779747120,214.605,214.607,214.601,214.606,36
1779747180,214.608,214.614,214.603,214.603,62
1779747240,214.604,214.609,214.595,214.608,47
1779747300,214.606,214.608,214.6,214.6,31
1779747360,214.6,214.6,214.57,214.578,63
1779747420,214.579,214.579,214.571,214.576,27
1779747480,214.578,214.578,214.574,214.575,36
1779747540,214.575,214.575,214.571,214.575,38
1779747600,214.574,214.578,214.574,214.578,29
1779747660,214.577,214.585,214.571,214.577,55
1779747720,214.577,214.588,214.575,214.585,38
1779747780,214.586,214.592,214.586,214.586,48
1779747840,214.586,214.593,214.586,214.589,21
1779747900,214.588,214.596,214.588,214.593,28
1779747960,214.593,214.594,214.591,214.594,22
1779748020,214.593,214.594,214.589,214.589,37
1779748140,214.593,214.6,214.591,214.598,32
1779748200,214.6,214.611,214.591,214.608,75
1779748260,214.608,214.617,214.604,214.608,58
1779748320,214.598,214.614,214.593,214.614,30
1779748380,214.612,214.62,214.609,214.615,57
1779748440,214.613,214.615,214.61,214.613,37
1779748500,214.613,214.613,214.606,214.609,39
1779748560,214.608,214.611,214.606,214.609,58
1779748620,214.609,214.611,214.607,214.611,25
1779748740,214.61,214.615,214.607,214.612,34
1779748800,214.608,214.628,214.608,214.625,28
1779748860,214.635,214.637,214.634,214.637,8
1779748920,214.636,214.636,214.634,214.636,12
1779748980,214.637,214.637,214.619,214.629,21
1779749040,214.626,214.629,214.625,214.628,14
1779749100,214.629,214.629,214.623,214.628,28
1779749160,214.626,214.626,214.621,214.621,35
1779749220,214.622,214.628,214.622,214.627,31
1779749280,214.627,214.628,214.622,214.627,33
1779749340,214.626,214.628,214.625,214.627,17
1779749400,214.627,214.629,214.627,214.628,14
1779749460,214.628,214.628,214.623,214.626,35
1779749520,214.626,214.626,214.623,214.625,13
1779749580,214.626,214.626,214.622,214.623,15
1779749640,214.625,214.628,214.623,214.626,16
1779749700,214.625,214.628,214.611,214.611,36
1779749760,214.613,214.616,214.609,214.61,52
1779749820,214.612,214.615,214.604,214.608,39
1779749880,214.607,214.61,214.605,214.61,19
1779749940,214.608,214.608,214.6,214.6,25
1779750000,214.604,214.617,214.6,214.608,89
1779750060,214.608,214.62,214.605,214.618,51
1779750120,214.616,214.628,214.605,214.612,56
1779750180,214.61,214.613,214.609,214.611,38
1779750240,214.61,214.627,214.609,214.623,35
1779750300,214.622,214.627,214.622,214.626,28
1779750360,214.625,214.629,214.623,214.625,35
1779750420,214.624,214.627,214.62,214.622,27
1779750480,214.623,214.623,214.613,214.621,57
1779750540,214.619,214.627,214.594,214.597,54
1779750600,214.595,214.61,214.593,214.609,62
1779750660,214.61,214.612,214.609,214.612,34
1779750720,214.61,214.613,214.607,214.608,30
1779750780,214.61,214.611,214.607,214.609,26
1779750840,214.608,214.61,214.604,214.604,32
1779750900,214.604,214.608,214.604,214.607,15
1779750960,214.606,214.607,214.606,214.607,5
1779751020,214.606,214.609,214.59,214.592,51
1779751080,214.594,214.597,214.59,214.596,37
1779751140,214.596,214.6,214.587,214.589,43
1779751200,214.592,214.596,214.592,214.594,26
1779751260,214.595,214.598,214.592,214.595,36
1779751320,214.594,214.595,214.59,214.594,29
1779751380,214.594,214.598,214.594,214.594,33
1779751440,214.594,214.631,214.592,214.594,96
1779751500,214.596,214.599,214.583,214.585,58
1779751560,214.586,214.593,214.583,214.586,47
1779751680,214.585,214.595,214.575,214.575,60
1779751740,214.574,214.582,214.574,214.581,35
1779751800,214.58,214.595,214.58,214.592,50
1779751860,214.593,214.595,214.588,214.592,35
1779751920,214.593,214.596,214.582,214.582,54
1779751980,214.582,214.587,214.577,214.582,89
1779752040,214.579,214.585,214.569,214.58,70
1779752100,214.581,214.583,214.577,214.581,62
1779752160,214.583,214.597,214.581,214.589,82
1779752220,214.591,214.597,214.579,214.594,96
1779752280,214.596,214.601,214.585,214.591,69
1779752340,214.588,214.596,214.588,214.595,52
1779752400,214.593,214.596,214.582,214.588,76
1779752460,214.591,214.592,214.587,214.591,49
1779752520,214.589,214.592,214.58,214.589,50
1779752640,214.584,214.588,214.556,214.561,54
1779752700,214.558,214.597,214.556,214.595,115
1779752760,214.592,214.6,214.59,214.59,84
1779752820,214.589,214.596,214.573,214.577,75
1779752880,214.579,214.579,214.546,214.546,97
1779752940,214.544,214.55,214.544,214.547,46
1779753000,214.549,214.549,214.52,214.52,77
1779753060,214.521,214.523,214.502,214.517,111
1779753120,214.519,214.52,214.512,214.517,61
1779753240,214.511,214.52,214.511,214.518,47
1779753300,214.515,214.533,214.515,214.515,62
1779753360,214.518,214.534,214.517,214.533,74
1779753420,214.533,214.535,214.526,214.531,69
1779753540,214.517,214.521,214.513,214.516,47
1779753600,214.519,214.524,214.498,214.51,181
1779753660,214.507,214.53,214.481,214.489,168
1779753720,214.486,214.497,214.473,214.474,183
1779753780,214.475,214.501,214.472,214.5,154
1779753840,214.498,214.513,214.486,214.504,137
1779753900,214.505,214.515,214.5,214.506,111
1779753960,214.507,214.515,214.498,214.502,163
1779754020,214.502,214.509,214.499,214.505,107
1779754080,214.506,214.52,214.502,214.509,118
1779754140,214.509,214.51,214.485,214.487,124
1779754200,214.488,214.503,214.487,214.501,96
1779754260,214.5,214.522,214.5,214.522,81
1779754320,214.524,214.537,214.507,214.51,116
1779754380,214.508,214.515,214.5,214.506,91
1779754440,214.501,214.502,214.484,214.491,123
1779754500,214.491,214.494,214.479,214.489,102
1779754560,214.487,214.503,214.486,214.489,95
1779754620,214.491,214.497,214.469,214.47,137
1779754680,214.47,214.474,214.445,214.449,154
1779754740,214.445,214.456,214.44,214.445,145
1779754800,214.442,214.462,214.442,214.46,149
1779754860,214.462,214.474,214.456,214.459,141
1779754920,214.459,214.459,214.44,214.457,131
1779754980,214.459,214.465,214.44,214.452,128
1779755040,214.454,214.473,214.452,214.466,101
1779755100,214.469,214.476,214.463,214.463,104
1779755160,214.464,214.474,214.457,214.474,121
1779755220,214.472,214.501,214.469,214.499,114
1779755280,214.503,214.513,214.499,214.506,113
1779755340,214.506,214.512,214.501,214.503,100
1779755400,214.503,214.516,214.482,214.489,136
1779755460,214.492,214.501,214.463,214.466,131
1779755520,214.468,214.476,214.468,214.471,84
1779755580,214.47,214.471,214.446,214.45,84
1779755640,214.453,214.472,214.44,214.466,113
1779755700,214.466,214.471,214.458,214.468,99
1779755760,214.468,214.481,214.468,214.475,89
1779755820,214.479,214.482,214.46,214.462,99
1779755880,214.462,214.468,214.451,214.453,88
1779755940,214.454,214.465,214.443,214.445,99
1779756000,214.443,214.451,214.443,214.445,70
1779756060,214.444,214.463,214.444,214.454,90
1779756120,214.454,214.468,214.454,214.462,101
1779756180,214.466,214.474,214.461,214.464,90
1779756240,214.465,214.469,214.453,214.459,51
1779756300,214.454,214.454,214.428,214.44,106
1779756360,214.437,214.481,214.437,214.476,112
1779756420,214.475,214.478,214.467,214.474,122
1779756480,214.474,214.478,214.47,214.471,148
1779756540,214.473,214.487,214.468,214.472,131
1779756600,214.47,214.493,214.47,214.484,125
1779756660,214.482,214.496,214.478,214.487,105
1779756720,214.489,214.509,214.489,214.503,114
1779756780,214.502,214.505,214.484,214.498,120
1779756840,214.499,214.526,214.493,214.515,151
1779756900,214.512,214.544,214.512,214.531,162
1779756960,214.532,214.537,214.522,214.534,82
1779757020,214.531,214.532,214.506,214.524,108
1779757080,214.522,214.528,214.514,214.527,78
1779757140,214.53,214.53,214.516,214.52,114
1779757200,214.517,214.531,214.513,214.526,155
1779757260,214.524,214.545,214.522,214.545,139
1779757320,214.544,214.548,214.537,214.54,137
1779757380,214.535,214.538,214.525,214.526,151
1779757440,214.526,214.538,214.513,214.521,178
1779757500,214.52,214.523,214.511,214.512,145
1779757560,214.51,214.51,214.491,214.491,149
1779757620,214.493,214.493,214.458,214.458,178
1779757680,214.456,214.487,214.455,214.485,142
1779757740,214.487,214.501,214.477,214.5,117
1779757800,214.497,214.502,214.486,214.49,129
1779757860,214.49,214.495,214.484,214.485,98
1779757920,214.486,214.49,214.474,214.481,124
1779757980,214.481,214.494,214.48,214.482,77
1779758040,214.485,214.504,214.465,214.501,145
1779758100,214.501,214.503,214.491,214.494,133
1779758160,214.496,214.504,214.489,214.494,135
1779758220,214.493,214.503,214.49,214.5,99
1779758280,214.5,214.504,214.49,214.497,129
1779758340,214.496,214.502,214.467,214.482,120
1779758400,214.483,214.494,214.465,214.471,139
1779758460,214.469,214.473,214.458,214.467,135
1779758520,214.464,214.487,214.464,214.486,121
1779758580,214.483,214.484,214.465,214.473,128
1779758640,214.471,214.474,214.464,214.47,98
1779758700,214.467,214.469,214.456,214.459,79
1779758760,214.457,214.459,214.433,214.438,96
1779758820,214.436,214.441,214.433,214.438,93
1779758880,214.438,214.451,214.435,214.435,92
1779758940,214.436,214.451,214.436,214.44,111
1779759000,214.44,214.448,214.429,214.434,150
1779759060,214.436,214.441,214.428,214.441,146
1779759120,214.435,214.435,214.415,214.416,148
1779759180,214.415,214.424,214.408,214.41,111
1779759240,214.411,214.419,214.407,214.411,108
1779759300,214.411,214.412,214.405,214.408,85
1779759360,214.41,214.413,214.382,214.386,93
1779759420,214.388,214.388,214.371,214.38,115
1779759480,214.382,214.387,214.366,214.38,134
1779759540,214.382,214.384,214.346,214.348,136
1779759600,214.345,214.357,214.345,214.357,141
1779759660,214.355,214.355,214.34,214.344,146
1779759720,214.349,214.356,214.341,214.354,114
1779759840,214.357,214.359,214.348,214.354,61
1779759900,214.349,214.359,214.346,214.35,157
1779759960,214.35,214.358,214.345,214.358,124
1779760020,214.354,214.363,214.354,214.361,130
1779760080,214.361,214.362,214.343,214.344,122
1779760140,214.343,214.373,214.343,214.369,124
1779760200,214.367,214.373,214.365,214.37,87
1779760260,214.371,214.378,214.371,214.378,94
1779760320,214.376,214.378,214.364,214.37,121
1779760440,214.387,214.389,214.379,214.386,94
1779760500,214.386,214.391,214.379,214.388,108
1779760560,214.39,214.396,214.384,214.386,117
1779760620,214.388,214.392,214.382,214.389,125
1779760680,214.39,214.397,214.383,214.392,118
1779760740,214.393,214.401,214.392,214.401,71
1779760800,214.398,214.401,214.378,214.393,87
1779760860,214.396,214.402,214.389,214.394,96
1779760920,214.395,214.403,214.39,214.403,118
1779760980,214.403,214.414,214.401,214.406,82
1779761040,214.408,214.409,214.392,214.392,63
1779761100,214.393,214.419,214.39,214.415,122
1779761160,214.42,214.428,214.412,214.426,102
1779761220,214.426,214.426,214.413,214.417,79
1779761280,214.417,214.418,214.414,214.415,60
1779761340,214.417,214.432,214.415,214.427,63
1779761400,214.427,214.427,214.414,214.416,111
1779761460,214.414,214.416,214.41,214.413,50
1779761520,214.413,214.415,214.406,214.408,83
1779761580,214.409,214.41,214.38,214.381,81
1779761640,214.379,214.387,214.373,214.375,99
1779761700,214.379,214.393,214.373,214.393,98
1779761760,214.391,214.395,214.384,214.389,85
1779761820,214.392,214.404,214.39,214.401,69
1779761880,214.4,214.4,214.384,214.389,76
1779761940,214.39,214.39,214.379,214.387,81
1779762000,214.386,214.386,214.367,214.368,82
1779762060,214.372,214.389,214.363,214.38,108
1779762120,214.378,214.389,214.372,214.381,66
1779762180,214.383,214.393,214.37,214.379,88
1779762240,214.376,214.381,214.37,214.371,75
1779762300,214.374,214.386,214.367,214.38,62
1779762360,214.377,214.384,214.372,214.377,72
1779762420,214.379,214.386,214.372,214.376,103
1779762540,214.382,214.389,214.371,214.374,85
1779762600,214.374,214.374,214.367,214.372,71
1779762660,214.375,214.376,214.362,214.369,88
1779762720,214.371,214.376,214.368,214.373,69
1779762780,214.372,214.372,214.36,214.363,63
1779762840,214.362,214.375,214.36,214.374,69
1779762900,214.373,214.38,214.36,214.369,72
1779762960,214.37,214.377,214.364,214.372,77
1779763020,214.374,214.388,214.372,214.376,105
1779763080,214.379,214.393,214.379,214.39,97
1779763140,214.388,214.395,214.383,214.387,78
1779763200,214.386,214.393,214.379,214.382,147
1779763260,214.38,214.383,214.369,214.371,106
1779763320,214.369,214.381,214.366,214.381,83
1779763380,214.382,214.382,214.357,214.361,106
1779763440,214.359,214.37,214.359,214.365,72
1779763500,214.364,214.368,214.346,214.358,110
1779763560,214.365,214.378,214.364,214.375,130
1779763620,214.376,214.386,214.372,214.375,90
1779763680,214.376,214.379,214.37,214.37,77
1779763740,214.373,214.377,214.357,214.362,94
1779763800,214.362,214.371,214.355,214.371,68
1779763860,214.371,214.382,214.371,214.374,70
1779763920,214.373,214.381,214.357,214.359,62
1779763980,214.359,214.36,214.348,214.353,57
1779764040,214.354,214.357,214.346,214.353,81
1779764100,214.352,214.36,214.348,214.36,98
1779764160,214.36,214.361,214.355,214.358,41
1779764220,214.357,214.366,214.354,214.358,80
1779764340,214.373,214.376,214.365,214.372,101
1779764400,214.369,214.372,214.359,214.368,94
1779764460,214.368,214.384,214.368,214.378,52
1779764520,214.377,214.379,214.363,214.365,64
1779764580,214.362,214.367,214.358,214.358,53
1779764640,214.358,214.359,214.353,214.353,49
1779764700,214.355,214.361,214.338,214.352,96
1779764760,214.352,214.362,214.352,214.357,69
1779764820,214.359,214.367,214.356,214.357,63
1779764880,214.359,214.371,214.357,214.362,72
1779764940,214.363,214.381,214.357,214.361,70
1779765000,214.361,214.363,214.35,214.36,58
1779765060,214.36,214.378,214.357,214.376,79
1779765120,214.379,214.38,214.374,214.378,69
1779765180,214.379,214.389,214.372,214.376,73
1779765240,214.376,214.378,214.363,214.365,51
1779765300,214.365,214.374,214.363,214.373,59
1779765360,214.375,214.377,214.367,214.369,48
1779765420,214.37,214.373,214.361,214.368,43
1779765480,214.366,214.379,214.357,214.379,78
1779765540,214.381,214.386,214.379,214.382,66
1779765600,214.381,214.386,214.372,214.386,70
1779765660,214.386,214.392,214.376,214.392,69
1779765720,214.392,214.392,214.386,214.387,37
1779765780,214.387,214.395,214.384,214.384,48
1779765840,214.382,214.39,214.382,214.39,38
1779765900,214.388,214.409,214.388,214.401,104
1779765960,214.403,214.403,214.389,214.389,42
1779766020,214.387,214.399,214.386,214.391,93
1779766080,214.391,214.396,214.387,214.387,76
1779766140,214.389,214.392,214.375,214.379,59
1779766200,214.379,214.379,214.367,214.373,70
1779766260,214.375,214.376,214.368,214.369,71
1779766320,214.369,214.375,214.367,214.369,67
1779766380,214.37,214.373,214.367,214.367,54
1779766440,214.367,214.371,214.358,214.358,66
1779766500,214.361,214.366,214.359,214.365,75
1779766560,214.366,214.371,214.358,214.369,105
1779766620,214.371,214.389,214.364,214.385,81
1779766680,214.386,214.396,214.377,214.377,123
1779766740,214.379,214.379,214.362,214.365,61
1779766800,214.365,214.365,214.356,214.357,50
1779766860,214.356,214.362,214.356,214.359,55
1779766920,214.359,214.371,214.357,214.368,74
1779766980,214.366,214.371,214.357,214.366,59
1779767040,214.367,214.383,214.367,214.377,67
1779767100,214.37,214.371,214.363,214.363,37
1779767160,214.364,214.364,214.345,214.361,113
1779767220,214.361,214.363,214.353,214.355,62
1779767280,214.355,214.358,214.351,214.356,37
1779767340,214.357,214.361,214.354,214.358,36
1779767400,214.359,214.363,214.356,214.357,49
1779767460,214.357,214.367,214.352,214.362,60
1779767520,214.363,214.37,214.357,214.367,77
1779767580,214.367,214.372,214.366,214.371,44
1779767640,214.372,214.374,214.369,214.369,41
1779767700,214.369,214.369,214.36,214.364,40
1779767760,214.363,214.378,214.363,214.375,61
1779767820,214.375,214.375,214.359,214.375,70
1779767880,214.373,214.392,214.373,214.389,59
1779767940,214.388,214.39,214.379,214.384,61
1779768000,214.386,214.389,214.379,214.386,58
1779768060,214.386,214.386,214.38,214.385,50
1779768120,214.385,214.388,214.383,214.385,33
1779768180,214.386,214.386,214.36,214.36,73
1779768240,214.363,214.363,214.346,214.351,49
1779768300,214.349,214.352,214.333,214.341,69
1779768360,214.341,214.344,214.34,214.343,28
1779768420,214.343,214.354,214.341,214.351,47
1779768480,214.356,214.359,214.352,214.357,44
1779768540,214.359,214.364,214.356,214.359,44
1779768600,214.36,214.373,214.359,214.367,58
1779768660,214.366,214.375,214.366,214.372,65
1779768720,214.372,214.373,214.363,214.363,54
1779768780,214.362,214.368,214.36,214.367,51
1779768840,214.367,214.395,214.365,214.392,70
1779768900,214.385,214.385,214.376,214.378,66
1779768960,214.38,214.38,214.37,214.377,61
1779769020,214.378,214.381,214.374,214.377,51
1779769080,214.376,214.38,214.364,214.366,54
1779769140,214.368,214.369,214.363,214.365,48
1779769200,214.365,214.368,214.364,214.364,31
1779769260,214.366,214.38,214.366,214.374,64
1779769320,214.376,214.377,214.361,214.362,68
1779769380,214.362,214.37,214.361,214.368,47
1779769440,214.369,214.369,214.357,214.361,39
1779769500,214.358,214.363,214.35,214.352,46
1779769560,214.352,214.358,214.352,214.354,40
1779769620,214.355,214.358,214.348,214.348,51
1779769680,214.348,214.35,214.344,214.345,53
1779769740,214.344,214.344,214.33,214.334,49
1779769800,214.334,214.341,214.324,214.325,70
1779769860,214.325,214.343,214.324,214.341,60
1779769920,214.344,214.356,214.341,214.355,61
1779769980,214.356,214.356,214.351,214.353,45
1779770040,214.353,214.356,214.348,214.35,48
1779770100,214.351,214.354,214.339,214.343,67
1779770160,214.342,214.344,214.33,214.33,81
1779770220,214.33,214.33,214.323,214.324,63
1779770280,214.324,214.326,214.321,214.325,62
1779770340,214.326,214.329,214.322,214.324,59
1779770400,214.326,214.327,214.32,214.323,78
1779770460,214.324,214.329,214.323,214.325,46
1779770520,214.323,214.333,214.319,214.333,124
1779770580,214.333,214.342,214.333,214.341,42
1779770640,214.342,214.345,214.339,214.341,29
1779770700,214.339,214.339,214.328,214.33,83
1779770760,214.328,214.328,214.32,214.328,80
1779770820,214.328,214.329,214.318,214.324,79
1779770880,214.326,214.342,214.324,214.337,80
1779770940,214.336,214.341,214.335,214.341,55
1779771000,214.341,214.345,214.332,214.338,82
1779771060,214.338,214.342,214.335,214.338,49
1779771120,214.338,214.341,214.315,214.315,80
1779771180,214.315,214.326,214.315,214.323,78
1779771240,214.321,214.335,214.321,214.333,59
1779771300,214.33,214.335,214.321,214.331,102
1779771360,214.331,214.341,214.325,214.328,86
1779771420,214.326,214.358,214.326,214.352,76
1779771540,214.367,214.377,214.339,214.339,93
1779771600,214.346,214.358,214.337,214.35,132
1779771660,214.345,214.348,214.307,214.317,117
1779771720,214.318,214.325,214.305,214.321,112
1779771780,214.321,214.323,214.312,214.32,54
1779771840,214.313,214.317,214.298,214.299,85
1779771900,214.308,214.312,214.293,214.294,48
1779771960,214.293,214.306,214.287,214.305,110
1779772020,214.305,214.332,214.304,214.33,88
1779772080,214.332,214.338,214.322,214.326,94
1779772140,214.325,214.337,214.32,214.32,106
1779772200,214.321,214.323,214.31,214.32,62
1779772260,214.322,214.322,214.31,214.311,68
1779772320,214.315,214.317,214.305,214.317,91
1779772380,214.315,214.327,214.314,214.327,87
1779772440,214.329,214.329,214.313,214.325,69
1779772500,214.323,214.324,214.313,214.317,103
1779772560,214.321,214.324,214.316,214.319,81
1779772620,214.319,214.323,214.312,214.323,84
1779772680,214.325,214.332,214.312,214.314,91
1779772740,214.315,214.323,214.3,214.301,121
1779772800,214.304,214.308,214.295,214.299,80
1779772860,214.302,214.315,214.299,214.308,95
1779772920,214.306,214.311,214.297,214.306,69
1779772980,214.308,214.313,214.303,214.309,68
1779773040,214.31,214.312,214.302,214.307,67
1779773100,214.307,214.31,214.303,214.309,78
1779773160,214.31,214.312,214.306,214.309,38
1779773220,214.307,214.312,214.302,214.306,86
1779773280,214.304,214.308,214.296,214.301,126
1779773340,214.302,214.315,214.298,214.311,119
1779773400,214.309,214.327,214.308,214.315,172
1779773460,214.315,214.324,214.304,214.31,114
1779773520,214.312,214.312,214.298,214.299,121
1779773580,214.3,214.31,214.3,214.301,131
1779773640,214.3,214.307,214.298,214.303,101
1779773700,214.304,214.309,214.298,214.3,126
1779773760,214.306,214.311,214.303,214.309,71
1779773820,214.309,214.317,214.304,214.307,132
1779773940,214.298,214.306,214.297,214.302,61
1779774000,214.303,214.305,214.297,214.301,58
1779774060,214.302,214.302,214.277,214.284,84
1779774240,214.294,214.298,214.294,214.295,24
1779774300,214.298,214.299,214.284,214.299,79
1779774360,214.298,214.301,214.281,214.282,59
1779774420,214.282,214.285,214.268,214.268,59
1779774480,214.268,214.285,214.267,214.284,61
1779774540,214.286,214.289,214.278,214.281,75
1779774600,214.28,214.283,214.274,214.276,63
1779774660,214.279,214.28,214.273,214.28,54
1779774720,214.28,214.286,214.278,214.283,59
1779774780,214.281,214.283,214.278,214.28,58
1779774840,214.278,214.298,214.278,214.298,82
1779774900,214.296,214.298,214.278,214.281,83
1779774960,214.278,214.286,214.273,214.281,71
1779775020,214.283,214.288,214.281,214.283,84
1779775080,214.282,214.294,214.282,214.293,70
1779775140,214.294,214.3,214.286,214.29,99
1779775200,214.292,214.303,214.265,214.294,163
1779775260,214.291,214.304,214.283,214.297,145
1779775320,214.297,214.308,214.29,214.296,137
1779775380,214.31,214.31,214.296,214.305,138
1779775440,214.304,214.305,214.289,214.289,135
1779775500,214.291,214.304,214.288,214.299,129
1779775560,214.299,214.305,214.287,214.289,127
1779775620,214.29,214.309,214.286,214.309,109
1779775680,214.308,214.313,214.304,214.312,93
1779775740,214.31,214.315,214.303,214.305,74
1779775800,214.307,214.324,214.305,214.318,108
1779775860,214.325,214.325,214.314,214.322,113
1779775920,214.316,214.32,214.312,214.315,75
1779775980,214.313,214.321,214.304,214.317,100
1779776040,214.318,214.318,214.301,214.315,77
1779776100,214.318,214.36,214.318,214.342,118
1779776160,214.34,214.351,214.337,214.348,104
1779776220,214.349,214.351,214.333,214.35,81
1779776280,214.35,214.372,214.35,214.364,89
1779776340,214.362,214.373,214.355,214.373,103
1779776400,214.372,214.382,214.372,214.38,121
1779776460,214.38,214.386,214.376,214.385,85
1779776520,214.378,214.395,214.378,214.389,82
1779776580,214.392,214.394,214.368,214.374,102
1779776640,214.374,214.397,214.371,214.397,104
1779776700,214.396,214.444,214.396,214.439,146
1779776760,214.438,214.456,214.436,214.446,151
1779776820,214.444,214.449,214.43,214.447,128
1779776880,214.451,214.454,214.411,214.423,138
1779776940,214.421,214.442,214.408,214.416,177
1779777000,214.417,214.431,214.406,214.418,125
1779777060,214.419,214.42,214.384,214.388,140
1779777120,214.388,214.397,214.359,214.373,165
1779777180,214.371,214.393,214.368,214.391,142
1779777240,214.389,214.391,214.375,214.389,135
1779777300,214.39,214.39,214.379,214.38,113
1779777360,214.39,214.411,214.385,214.406,101
1779777420,214.408,214.419,214.392,214.412,114
1779777480,214.411,214.432,214.398,214.413,120
1779777540,214.417,214.43,214.415,214.421,66
1779777600,214.427,214.439,214.419,214.433,103
1779777660,214.434,214.439,214.424,214.427,116
1779777720,214.426,214.435,214.408,214.414,120
1779777840,214.41,214.455,214.41,214.448,98
1779777900,214.451,214.473,214.45,214.453,130
1779777960,214.452,214.459,214.429,214.431,132
1779778020,214.43,214.431,214.414,214.415,103
1779778080,214.413,214.419,214.399,214.419,107
1779778140,214.418,214.438,214.41,214.423,138
1779778200,214.424,214.441,214.424,214.424,127
1779778260,214.425,214.436,214.424,214.425,98
1779778320,214.424,214.44,214.422,214.432,105
1779778380,214.433,214.435,214.422,214.424,60
1779778440,214.425,214.425,214.406,214.418,133
1779778500,214.416,214.424,214.403,214.411,138
1779778560,214.41,214.427,214.41,214.42,136
1779778680,214.423,214.43,214.419,214.424,100
1779778740,214.424,214.438,214.412,214.412,122
1779778800,214.432,214.449,214.426,214.449,135
1779778860,214.451,214.453,214.441,214.447,168
1779778920,214.448,214.465,214.446,214.463,142
1779783240,214.591,214.592,214.563,214.569,61
1779783300,214.565,214.57,214.553,214.558,144
1779783360,214.557,214.57,214.552,214.555,103
1779783420,214.553,214.556,214.55,214.554,110
1779783480,214.553,214.567,214.553,214.563,119
1779783540,214.565,214.58,214.564,214.576,141
1779783600,214.575,214.585,214.572,214.58,111
1779783660,214.578,214.615,214.573,214.613,124
1779783720,214.615,214.615,214.596,214.604,90
1779783780,214.604,214.616,214.601,214.613,115
1779783840,214.611,214.616,214.61,214.615,86
1779783900,214.613,214.615,214.594,214.597,127
1779783960,214.595,214.598,214.566,214.572,122
1779784020,214.577,214.577,214.556,214.56,125
1779784140,214.564,214.568,214.557,214.566,100
1779784200,214.566,214.586,214.558,214.57,157
1779784260,214.569,214.607,214.567,214.604,151
1779784320,214.603,214.604,214.588,214.597,113
1779784380,214.598,214.606,214.585,214.589,125
1779784440,214.585,214.588,214.551,214.572,139
1779784500,214.564,214.582,214.561,214.579,132
1779784560,214.579,214.595,214.57,214.573,161
1779784620,214.575,214.582,214.558,214.572,93
1779784680,214.57,214.573,214.559,214.564,79
1779784740,214.565,214.577,214.55,214.553,107
1779784800,214.556,214.56,214.545,214.555,101
1779784860,214.557,214.56,214.547,214.552,120
1779784920,214.549,214.563,214.544,214.545,132
1779784980,214.553,214.555,214.539,214.54,81
1779785040,214.539,214.539,214.516,214.52,126
1779785100,214.523,214.525,214.517,214.519,91
1779785160,214.52,214.535,214.51,214.531,118
1779785220,214.531,214.535,214.521,214.524,76
1779785280,214.523,214.523,214.504,214.52,117
1779785340,214.52,214.521,214.505,214.517,96
1779785400,214.517,214.532,214.51,214.532,117
1779785460,214.534,214.557,214.53,214.551,113
1779785520,214.547,214.567,214.546,214.562,108
1779785580,214.562,214.587,214.558,214.583,138
1779785640,214.582,214.587,214.575,214.575,109
1779785700,214.574,214.574,214.539,214.548,109
1779785760,214.55,214.554,214.543,214.551,99
1779785880,214.559,214.565,214.537,214.54,106
1779785940,214.529,214.544,214.524,214.538,147
1779786000,214.54,214.54,214.516,214.518,165
1779786060,214.516,214.518,214.495,214.514,149
1779786120,214.516,214.522,214.5,214.503,129
1779786180,214.505,214.505,214.482,214.495,124
1779786240,214.494,214.509,214.494,214.504,108
1779786300,214.508,214.521,214.49,214.519,127
1779786360,214.518,214.535,214.518,214.534,122
1779786420,214.534,214.558,214.528,214.534,136
1779786480,214.535,214.568,214.522,214.563,141
1779786540,214.561,214.567,214.554,214.567,87
1779786600,214.562,214.565,214.552,214.56,79
1779786660,214.56,214.562,214.549,214.554,74
1779786720,214.555,214.578,214.549,214.568,86
1779786780,214.568,214.57,214.541,214.559,114
1779786840,214.557,214.559,214.546,214.555,89
1779786900,214.557,214.557,214.541,214.543,69
1779786960,214.544,214.546,214.511,214.541,106
1779787020,214.552,214.578,214.547,214.553,158
1779787080,214.548,214.548,214.533,214.543,91
1779787140,214.543,214.571,214.533,214.562,113
1779787200,214.56,214.578,214.56,214.564,136
1779787260,214.565,214.575,214.56,214.566,112
1779787320,214.565,214.567,214.55,214.554,105
1779787380,214.552,214.556,214.531,214.554,129
1779787440,214.552,214.569,214.552,214.565,94
1779787500,214.565,214.566,214.541,214.554,102
1779787560,214.554,214.571,214.551,214.558,112
1779787620,214.563,214.578,214.561,214.574,123
1779787680,214.575,214.586,214.569,214.582,127
1779787740,214.582,214.606,214.58,214.605,123
1779787800,214.604,214.618,214.599,214.608,157
1779787860,214.609,214.638,214.604,214.636,130
1779787920,214.634,214.637,214.612,214.617,129
1779787980,214.618,214.632,214.611,214.617,129
1779788040,214.619,214.627,214.609,214.619,109
1779788100,214.621,214.623,214.595,214.598,127
1779788160,214.596,214.609,214.588,214.599,90
1779788220,214.6,214.6,214.586,214.595,63
1779788280,214.596,214.599,214.585,214.585,97
1779788340,214.585,214.601,214.584,214.597,102
1779788400,214.594,214.611,214.577,214.577,106
1779788580,214.587,214.591,214.583,214.588,72
1779788640,214.586,214.586,214.572,214.578,100
1779788700,214.577,214.585,214.572,214.581,77
1779788760,214.583,214.603,214.579,214.596,105
1779788820,214.598,214.605,214.593,214.605,78
1779788880,214.601,214.612,214.6,214.611,109
1779788940,214.61,214.612,214.601,214.606,110
1779789000,214.598,214.608,214.584,214.585,103
1779789060,214.587,214.587,214.565,214.57,87
1779789120,214.569,214.574,214.562,214.57,92
1779789180,214.57,214.584,214.568,214.575,87
1779789240,214.579,214.583,214.569,214.583,66
1779789300,214.585,214.619,214.584,214.617,133
1779789360,214.617,214.631,214.612,214.628,111
1779789420,214.629,214.631,214.601,214.61,135
1779789540,214.604,214.612,214.6,214.607,80
1779789600,214.6,214.602,214.567,214.57,171
1779789660,214.57,214.575,214.55,214.563,137
1779789720,214.562,214.567,214.558,214.565,116
1779789780,214.562,214.58,214.562,214.576,108
1779789840,214.577,214.577,214.551,214.551,90
1779789900,214.552,214.555,214.537,214.551,102
1779789960,214.551,214.555,214.543,214.549,67
1779790020,214.55,214.567,214.546,214.562,114
1779790080,214.563,214.575,214.553,214.555,141
1779790140,214.556,214.583,214.556,214.578,109
1779790200,214.577,214.58,214.569,214.577,124
1779790260,214.577,214.577,214.567,214.572,112
1779790320,214.573,214.573,214.562,214.564,95
1779790380,214.566,214.567,214.549,214.55,112
1779790440,214.549,214.561,214.547,214.553,127
1779790500,214.55,214.556,214.539,214.542,103
1779790560,214.543,214.552,214.538,214.549,90
1779790620,214.547,214.552,214.539,214.548,115
1779790680,214.552,214.561,214.546,214.553,95
1779790740,214.553,214.561,214.549,214.555,114
1779790800,214.556,214.56,214.526,214.533,118
1779790860,214.532,214.551,214.532,214.54,80
1779790920,214.541,214.554,214.524,214.554,94
1779790980,214.555,214.558,214.549,214.556,93
1779791040,214.552,214.564,214.539,214.54,95
1779791100,214.541,214.548,214.535,214.54,74
1779791160,214.541,214.548,214.538,214.548,81
1779791220,214.548,214.565,214.545,214.55,97
1779791280,214.551,214.569,214.538,214.564,124
1779791340,214.571,214.574,214.548,214.563,123
1779791400,214.562,214.586,214.553,214.57,179
1779791460,214.571,214.571,214.548,214.553,175
1779791520,214.552,214.563,214.544,214.547,119
1779791580,214.549,214.57,214.547,214.557,130
1779791640,214.556,214.562,214.543,214.562,117
1779791700,214.56,214.584,214.552,214.552,151
1779791760,214.555,214.556,214.536,214.546,170
1779791820,214.546,214.551,214.538,214.544,128
1779791880,214.543,214.551,214.531,214.531,128
1779791940,214.542,214.548,214.529,214.54,149
1779792000,214.539,214.561,214.533,214.55,141
1779792060,214.551,214.556,214.541,214.541,113
1779792120,214.543,214.547,214.535,214.545,145
1779792180,214.547,214.563,214.544,214.552,127
1779792240,214.557,214.563,214.546,214.556,111
1779792300,214.559,214.575,214.555,214.567,108
1779792360,214.569,214.574,214.559,214.561,103
1779792420,214.561,214.574,214.557,214.574,110
1779792480,214.572,214.574,214.559,214.563,80
1779792540,214.563,214.584,214.563,214.578,104
1779792600,214.575,214.587,214.57,214.582,114
1779792660,214.582,214.613,214.579,214.603,147
1779792720,214.603,214.63,214.6,214.625,139
1779792780,214.624,214.638,214.623,214.635,123
1779792840,214.636,214.636,214.614,214.633,116
1779792900,214.636,214.661,214.63,214.643,116
1779792960,214.641,214.641,214.625,214.631,125
1779793020,214.628,214.634,214.623,214.626,132
1779793080,214.63,214.64,214.622,214.631,120
1779793140,214.63,214.63,214.613,214.613,70
1779793200,214.602,214.608,214.587,214.595,130
1779793260,214.594,214.608,214.593,214.606,173
1779793320,214.608,214.622,214.603,214.622,127
1779793380,214.623,214.651,214.619,214.651,131
1779793440,214.649,214.651,214.626,214.632,119
1779793500,214.637,214.653,214.636,214.644,149
1779793560,214.646,214.661,214.641,214.652,104
1779793620,214.653,214.657,214.648,214.655,91
1779793680,214.654,214.657,214.649,214.654,94
1779793740,214.655,214.667,214.65,214.662,82
1779793800,214.665,214.678,214.661,214.678,67
1779793860,214.675,214.679,214.658,214.658,95
1779793920,214.66,214.664,214.654,214.663,93
1779793980,214.662,214.668,214.63,214.63,110
1779794040,214.631,214.633,214.612,214.614,106
1779794100,214.613,214.627,214.605,214.619,125
1779794160,214.621,214.634,214.612,214.632,119
1779794220,214.63,214.658,214.627,214.648,134
1779794280,214.649,214.652,214.624,214.624,106
1779794340,214.624,214.627,214.608,214.614,111
1779794400,214.614,214.614,214.595,214.597,136
1779794460,214.601,214.611,214.599,214.609,99
1779794520,214.608,214.614,214.6,214.602,88
1779794580,214.599,214.602,214.588,214.59,103
1779794640,214.588,214.591,214.579,214.585,81
1779794700,214.584,214.588,214.561,214.568,86
1779794760,214.569,214.573,214.559,214.562,110
1779794820,214.562,214.562,214.549,214.553,110
1779794880,214.555,214.563,214.547,214.562,114
1779794940,214.563,214.563,214.542,214.545,104
1779795000,214.547,214.556,214.538,214.553,112
1779795060,214.552,214.557,214.55,214.554,127
1779795120,214.549,214.568,214.549,214.566,119
1779795180,214.566,214.571,214.556,214.559,96
1779795240,214.556,214.556,214.519,214.536,215
1779795300,214.535,214.561,214.508,214.512,200
1779795360,214.513,214.526,214.5,214.526,175
1779795420,214.528,214.544,214.514,214.539,137
1779795480,214.542,214.548,214.536,214.545,137
1779795540,214.545,214.552,214.537,214.538,140
1779795600,214.537,214.537,214.513,214.521,156
1779795660,214.521,214.521,214.496,214.498,140
1779795720,214.496,214.5,214.469,214.472,189
1779795780,214.473,214.478,214.456,214.459,134
1779795840,214.464,214.464,214.422,214.425,101
1779795900,214.431,214.451,214.427,214.434,172
1779795960,214.433,214.451,214.427,214.448,156
1779796020,214.446,214.462,214.438,214.449,113
1779796080,214.449,214.452,214.426,214.44,143
1779796140,214.44,214.445,214.43,214.439,109
1779796200,214.44,214.453,214.431,214.44,129
1779796260,214.438,214.445,214.433,214.439,129
1779796320,214.431,214.445,214.42,214.428,123
1779796440,214.437,214.443,214.428,214.436,98
1779796500,214.427,214.432,214.417,214.432,152
1779796560,214.43,214.432,214.417,214.424,167
1779796620,214.423,214.433,214.411,214.413,138
1779796740,214.421,214.421,214.406,214.411,92
1779796800,214.409,214.423,214.395,214.398,172
1779796860,214.4,214.419,214.391,214.416,147
1779796920,214.414,214.421,214.409,214.418,156
1779796980,214.42,214.42,214.407,214.413,105
1779797040,214.411,214.426,214.411,214.425,112
1779797100,214.423,214.433,214.405,214.41,126
1779797160,214.409,214.435,214.409,214.427,153
1779797220,214.427,214.442,214.426,214.431,135
1779797280,214.43,214.444,214.401,214.402,173
1779797340,214.4,214.455,214.398,214.433,182
1779797400,214.43,214.452,214.425,214.448,147
1779797460,214.448,214.451,214.432,214.444,132
1779797520,214.444,214.457,214.441,214.449,148
1779797580,214.45,214.467,214.446,214.464,95
1779797640,214.462,214.464,214.432,214.442,108
1779797700,214.441,214.45,214.438,214.44,115
1779797760,214.441,214.456,214.44,214.452,124
1779797820,214.452,214.473,214.448,214.458,123
1779797880,214.457,214.465,214.448,214.458,133
1779797940,214.458,214.504,214.456,214.492,153
1779798000,214.494,214.505,214.487,214.493,136
1779798060,214.504,214.509,214.491,214.509,95
1779798120,214.509,214.54,214.509,214.513,93
1779798180,214.513,214.526,214.507,214.517,122
1779798240,214.517,214.519,214.509,214.517,78
1779798300,214.517,214.521,214.506,214.518,122
1779798360,214.522,214.524,214.505,214.523,121
1779798420,214.526,214.529,214.523,214.528,88
1779798540,214.521,214.536,214.52,214.528,67
1779798600,214.526,214.528,214.5,214.5,104
1779798660,214.499,214.506,214.499,214.5,65
1779798720,214.503,214.506,214.488,214.495,118
1779798780,214.49,214.491,214.481,214.485,112
1779798840,214.484,214.502,214.482,214.499,110
1779798900,214.496,214.497,214.467,214.475,122
1779798960,214.475,214.484,214.472,214.475,116
1779799020,214.477,214.477,214.457,214.464,147
1779799080,214.464,214.472,214.445,214.446,130
1779799140,214.446,214.449,214.428,214.431,144
1779799200,214.431,214.46,214.43,214.454,151
1779799260,214.452,214.46,214.435,214.44,107
1779799380,214.456,214.476,214.452,214.46,130
1779799440,214.46,214.469,214.44,214.444,123
1779799500,214.448,214.455,214.439,214.455,97
1779799560,214.455,214.465,214.434,214.444,153
1779799620,214.442,214.446,214.424,214.424,129
1779799680,214.425,214.428,214.417,214.426,89
1779799740,214.429,214.445,214.425,214.439,159
1779799800,214.44,214.448,214.431,214.437,158
1779799860,214.442,214.447,214.433,214.442,132
1779799920,214.442,214.445,214.431,214.435,117
1779799980,214.435,214.446,214.431,214.439,127
1779800040,214.436,214.439,214.424,214.427,118
1779800100,214.427,214.435,214.411,214.411,143
1779800160,214.41,214.422,214.406,214.411,142
1779800280,214.408,214.438,214.408,214.436,125
1779800340,214.436,214.455,214.429,214.429,106
1779800400,214.433,214.439,214.423,214.435,145
1779800460,214.433,214.459,214.432,214.459,162
1779800520,214.458,214.489,214.45,214.477,158
1779800580,214.475,214.489,214.464,214.474,108
1779800640,214.472,214.476,214.427,214.439,137
1779800700,214.44,214.459,214.433,214.445,139
1779800760,214.446,214.456,214.436,214.453,143
1779800820,214.454,214.462,214.446,214.46,145
1779800880,214.462,214.462,214.418,214.423,155
1779800940,214.421,214.435,214.415,214.43,130
1779801000,214.43,214.464,214.426,214.461,161
1779801060,214.46,214.475,214.442,214.471,149
1779801120,214.469,214.471,214.441,214.453,145
1779801180,214.456,214.456,214.444,214.45,128
1779801240,214.448,214.464,214.441,214.455,130
1779801300,214.457,214.465,214.447,214.458,134
1779801360,214.455,214.459,214.447,214.458,117
1779801420,214.459,214.465,214.448,214.451,118
1779801480,214.459,214.461,214.434,214.447,140
1779801540,214.445,214.458,214.44,214.443,146
1779801600,214.443,214.473,214.44,214.473,163
1779801660,214.471,214.491,214.466,214.486,137
1779801720,214.484,214.489,214.469,214.478,127
1779801780,214.476,214.489,214.474,214.48,114
1779801840,214.478,214.479,214.462,214.474,148
1779801900,214.478,214.484,214.46,214.462,129
1779801960,214.464,214.47,214.459,214.468,109
1779802020,214.468,214.468,214.43,214.442,126
1779802080,214.442,214.459,214.43,214.43,131
1779802140,214.428,214.442,214.419,214.429,137
1779802200,214.432,214.458,214.43,214.456,212
1779802260,214.453,214.469,214.442,214.456,189
1779802320,214.451,214.454,214.43,214.434,160
1779802380,214.433,214.462,214.433,214.449,187
1779802440,214.456,214.461,214.445,214.449,159
1779802500,214.443,214.458,214.426,214.441,164
1779802560,214.438,214.469,214.436,214.455,155
1779802620,214.457,214.484,214.452,214.481,162
1779802680,214.48,214.497,214.468,214.472,156
1779802740,214.468,214.48,214.456,214.467,170
1779802800,214.465,214.471,214.452,214.455,168
1779802860,214.454,214.457,214.429,214.434,162
1779802920,214.434,214.443,214.423,214.44,154
1779803040,214.448,214.45,214.429,214.43,102
1779803100,214.414,214.435,214.401,214.427,173
1779803160,214.427,214.443,214.417,214.443,157
1779803220,214.442,214.459,214.44,214.443,168
1779803280,214.441,214.473,214.44,214.453,161
1779803340,214.455,214.482,214.453,214.477,153
1779803400,214.479,214.487,214.441,214.441,199
1779803460,214.443,214.444,214.416,214.418,203
1779803520,214.416,214.456,214.412,214.449,198
1779803640,214.382,214.399,214.378,214.388,182
1779803700,214.41,214.42,214.387,214.401,207
1779803760,214.4,214.404,214.388,214.4,159
1779803820,214.4,214.421,214.394,214.418,170
1779803880,214.415,214.431,214.413,214.43,141
1779803940,214.431,214.441,214.426,214.441,89
1779804000,214.441,214.441,214.407,214.414,178
1779804060,214.415,214.479,214.415,214.477,161
1779804120,214.482,214.509,214.48,214.481,150
1779804180,214.482,214.504,214.482,214.499,191
1779804240,214.499,214.501,214.475,214.478,164
1779804300,214.48,214.481,214.446,214.447,213
1779804360,214.447,214.454,214.437,214.444,178
1779804420,214.445,214.456,214.419,214.427,202
1779804480,214.427,214.432,214.411,214.42,164
1779804540,214.421,214.432,214.413,214.423,183
1779804600,214.421,214.443,214.42,214.436,185
1779804660,214.439,214.44,214.415,214.418,165
1779804720,214.419,214.419,214.397,214.401,160
1779804780,214.399,214.41,214.385,214.399,177
1779804840,214.401,214.416,214.396,214.412,140
1779804900,214.41,214.41,214.381,214.384,156
1779804960,214.384,214.406,214.383,214.39,142
1779805020,214.388,214.416,214.385,214.404,129
1779805080,214.406,214.42,214.404,214.416,125
1779805140,214.417,214.417,214.396,214.396,157
1779805200,214.399,214.402,214.375,214.387,142
1779805260,214.386,214.399,214.382,214.398,137
1779805320,214.397,214.426,214.397,214.4,140
1779805380,214.399,214.409,214.384,214.385,171
1779805440,214.385,214.397,214.383,214.385,126
1779805500,214.386,214.395,214.379,214.379,179
1779805560,214.38,214.388,214.356,214.363,135
1779805620,214.364,214.371,214.344,214.354,151
1779805680,214.356,214.367,214.345,214.362,172
1779805740,214.36,214.379,214.348,214.373,174
1779805800,214.373,214.376,214.345,214.35,173
1779805860,214.342,214.384,214.339,214.384,178
1779805920,214.381,214.417,214.38,214.401,154
1779805980,214.403,214.403,214.352,214.372,204
1779806040,214.37,214.415,214.367,214.409,161
1779806100,214.412,214.464,214.412,214.45,176
1779806160,214.448,214.448,214.421,214.426,167
1779806220,214.427,214.429,214.409,214.427,165
1779806340,214.421,214.434,214.413,214.422,145
1779806400,214.433,214.438,214.411,214.43,165
1779806460,214.428,214.445,214.415,214.421,144
1779806640,214.388,214.392,214.37,214.375,97
1779806700,214.372,214.376,214.357,214.368,140
1779806760,214.374,214.394,214.357,214.385,160
1779806820,214.385,214.388,214.362,214.363,158
1779806880,214.363,214.398,214.359,214.388,170
1779806940,214.386,214.405,214.383,214.389,156
1779807000,214.393,214.402,214.375,214.382,142
1779807060,214.382,214.384,214.357,214.36,161
1779807120,214.359,214.364,214.35,214.353,179
1779807180,214.347,214.357,214.302,214.316,212
1779807240,214.321,214.321,214.292,214.311,175
1779807300,214.308,214.321,214.296,214.299,212
1779807360,214.302,214.322,214.295,214.305,177
1779807420,214.297,214.304,214.267,214.27,226
1779807480,214.277,214.304,214.277,214.304,129
1779807540,214.317,214.322,214.294,214.298,158
1779807600,214.28,214.304,214.274,214.301,196
1779807660,214.304,214.314,214.277,214.298,207
1779807720,214.299,214.299,214.222,214.234,217
1779807780,214.236,214.256,214.222,214.229,191
1779807840,214.23,214.241,214.218,214.23,166
1779807900,214.229,214.247,214.213,214.234,154
1779807960,214.234,214.24,214.224,214.24,155
1779808020,214.239,214.245,214.193,214.197,157
1779808080,214.197,214.225,214.197,214.202,189
1779808140,214.201,214.201,214.172,214.182,162
1779808200,214.18,214.197,214.17,214.177,147
1779808260,214.174,214.203,214.172,214.201,152
1779808320,214.198,214.214,214.195,214.209,130
1779808380,214.207,214.218,214.198,214.213,143
1779808440,214.216,214.221,214.172,214.18,124
1779808500,214.179,214.191,214.149,214.158,130
1779808560,214.156,214.184,214.156,214.164,144
1779808620,214.166,214.171,214.129,214.13,157
1779808680,214.125,214.168,214.123,214.152,159
1779808740,214.15,214.168,214.134,214.14,162
1779808800,214.144,214.157,214.129,214.137,141
1779808860,214.139,214.157,214.126,214.155,139
1779808920,214.156,214.156,214.136,214.138,97
1779808980,214.138,214.139,214.106,214.107,144
1779809040,214.109,214.116,214.078,214.078,167
1779809100,214.08,214.124,214.077,214.117,172
1779809160,214.114,214.157,214.114,214.151,184
1779809220,214.153,214.167,214.144,214.163,134
1779809280,214.165,214.198,214.162,214.193,164
1779809340,214.195,214.203,214.186,214.191,79
1779809400,214.199,214.232,214.199,214.209,190
1779809460,214.206,214.207,214.174,214.181,158
1779809520,214.183,214.186,214.161,214.186,175
1779809580,214.185,214.185,214.158,214.164,141
1779809640,214.17,214.181,214.155,214.157,169
1779809700,214.159,214.181,214.153,214.157,181
1779809760,214.155,214.158,214.119,214.119,186
1779809820,214.121,214.18,214.111,214.165,195
1779809880,214.161,214.161,214.139,214.161,154
1779809940,214.158,214.166,214.15,214.164,118
1779810000,214.161,214.171,214.135,214.15,154
1779810060,214.149,214.167,214.146,214.154,148
1779810120,214.156,214.169,214.151,214.158,153
1779810240,214.164,214.177,214.159,214.168,108
1779810300,214.167,214.172,214.143,214.168,144
1779810360,214.165,214.179,214.151,214.17,157
1779810420,214.169,214.19,214.167,214.187,134
1779810480,214.189,214.192,214.173,214.176,110
1779810540,214.179,214.187,214.171,214.174,123
1779810600,214.171,214.177,214.154,214.161,153
1779810660,214.159,214.187,214.157,214.186,135
1779810720,214.185,214.185,214.153,214.158,150
1779810840,214.157,214.16,214.144,214.16,132
1779810900,214.154,214.17,214.146,214.162,165
1779810960,214.159,214.162,214.136,214.147,166
1779811020,214.15,214.156,214.108,214.123,165
1779811080,214.121,214.128,214.1,214.112,139
1779811140,214.11,214.119,214.102,214.117,131
1779811200,214.117,214.123,214.1,214.1,156
1779811260,214.104,214.107,214.084,214.086,163
1779811320,214.086,214.103,214.086,214.097,128
1779811380,214.111,214.125,214.099,214.107,124
1779811440,214.106,214.124,214.1,214.121,100
1779811500,214.121,214.133,214.116,214.122,119
1779811560,214.122,214.126,214.1,214.106,127
1779811620,214.104,214.125,214.104,214.123,99
1779811680,214.127,214.138,214.123,214.136,119
1779811740,214.134,214.146,214.116,214.135,118
1779811800,214.136,214.136,214.117,214.131,138
1779811860,214.131,214.151,214.128,214.151,108
1779811920,214.156,214.157,214.131,214.141,168
1779811980,214.141,214.152,214.13,214.142,127
1779812040,214.14,214.152,214.139,214.151,113
1779812100,214.15,214.182,214.15,214.173,144
1779812160,214.174,214.183,214.161,214.176,122
1779812220,214.175,214.177,214.161,214.163,96
1779812280,214.164,214.181,214.163,214.179,98
1779812340,214.178,214.221,214.178,214.209,152
1779812400,214.207,214.219,214.197,214.219,124
1779812460,214.216,214.216,214.186,214.193,122
1779812520,214.192,214.196,214.182,214.19,107
1779812580,214.189,214.195,214.178,214.192,110
1779812640,214.194,214.194,214.172,214.174,103
1779812700,214.176,214.18,214.156,214.167,125
1779812760,214.168,214.177,214.164,214.176,113
1779812820,214.178,214.193,214.172,214.192,80
1779812940,214.193,214.204,214.187,214.196,102
1779813000,214.205,214.226,214.202,214.22,119
1779813060,214.222,214.226,214.213,214.213,105
1779813120,214.215,214.22,214.199,214.214,103
1779813180,214.206,214.214,214.196,214.207,152
1779813240,214.207,214.212,214.196,214.204,128
1779813300,214.202,214.202,214.185,214.191,100
1779813360,214.19,214.196,214.169,214.177,130
1779813420,214.175,214.182,214.166,214.179,136
1779813540,214.175,214.176,214.163,214.173,110
1779813600,214.173,214.18,214.163,214.164,108
1779813660,214.168,214.168,214.139,214.145,117
1779813720,214.144,214.161,214.144,214.16,110
1779813780,214.16,214.167,214.147,214.15,162
1779813840,214.148,214.152,214.134,214.138,77
1779813900,214.137,214.148,214.131,214.146,148
1779813960,214.145,214.145,214.119,214.126,145
1779814020,214.13,214.148,214.13,214.141,140
1779814080,214.143,214.152,214.142,214.146,126
1779814140,214.148,214.178,214.148,214.172,123
1779814200,214.168,214.176,214.157,214.16,103
1779814260,214.16,214.166,214.153,214.158,123
1779814320,214.16,214.163,214.14,214.157,150
1779814380,214.157,214.16,214.133,214.133,141
1779814440,214.133,214.137,214.121,214.13,139
1779814500,214.128,214.141,214.116,214.137,110
1779814560,214.14,214.143,214.131,214.131,123
1779814620,214.132,214.136,214.13,214.132,94
1779814680,214.135,214.136,214.119,214.12,93
1779814740,214.121,214.129,214.114,214.129,105
1779814800,214.13,214.142,214.128,214.141,149
1779814860,214.138,214.143,214.127,214.137,138
1779814920,214.134,214.136,214.122,214.13,145
1779814980,214.13,214.144,214.12,214.128,118
1779815040,214.126,214.128,214.108,214.11,107
1779815100,214.11,214.131,214.105,214.131,137
1779815160,214.128,214.15,214.128,214.149,112
1779815220,214.15,214.162,214.138,214.149,128
1779815280,214.145,214.168,214.143,214.164,130
1779815340,214.166,214.172,214.163,214.168,81
1779815400,214.167,214.191,214.154,214.19,121
1779815460,214.191,214.212,214.191,214.197,83
1779815520,214.199,214.207,214.196,214.202,98
1779815580,214.202,214.203,214.182,214.183,60
1779815640,214.184,214.195,214.181,214.193,89
1779815700,214.195,214.204,214.187,214.201,93
1779815760,214.199,214.204,214.197,214.2,78
1779815820,214.203,214.206,214.2,214.203,70
1779815880,214.203,214.206,214.199,214.2,82
1779815940,214.203,214.205,214.2,214.204,61
1779816000,214.202,214.202,214.188,214.195,96
1779816060,214.195,214.207,214.195,214.198,62
1779816120,214.199,214.203,214.187,214.188,118
1779816180,214.188,214.194,214.181,214.185,106
1779816240,214.184,214.187,214.169,214.178,132
1779816300,214.178,214.186,214.169,214.174,111
1779816360,214.173,214.191,214.173,214.188,106
1779816420,214.19,214.202,214.182,214.196,106
1779816480,214.196,214.198,214.17,214.171,120
1779816540,214.171,214.174,214.164,214.168,82
1779816600,214.167,214.176,214.163,214.175,116
1779816660,214.174,214.192,214.172,214.19,94
1779816720,214.201,214.222,214.198,214.218,113
1779816780,214.221,214.222,214.204,214.204,90
1779816840,214.204,214.223,214.203,214.219,90
1779816900,214.219,214.219,214.202,214.211,94
1779816960,214.21,214.211,214.188,214.197,112
1779817020,214.198,214.214,214.197,214.213,100
1779817080,214.211,214.213,214.196,214.204,78
1779817140,214.204,214.205,214.185,214.187,72
1779817200,214.185,214.188,214.139,214.146,122
1779817260,214.144,214.157,214.139,214.151,113
1779817320,214.151,214.154,214.151,214.151,78
1779817440,214.152,214.155,214.144,214.151,55
1779817500,214.151,214.155,214.137,214.155,96
1779817560,214.155,214.16,214.149,214.149,80
1779817620,214.151,214.18,214.149,214.171,101
1779817680,214.17,214.182,214.168,214.179,100
1779817740,214.18,214.197,214.177,214.196,84
1779817800,214.196,214.199,214.181,214.197,91
1779817860,214.198,214.207,214.197,214.202,100
1779817920,214.202,214.204,214.191,214.2,91
1779818040,214.219,214.222,214.205,214.205,66
1779818100,214.203,214.223,214.203,214.222,67
1779818160,214.223,214.223,214.189,214.194,80
1779818220,214.196,214.2,214.18,214.193,121
1779818280,214.19,214.206,214.185,214.204,96
1779818340,214.207,214.207,214.197,214.199,66
1779818400,214.201,214.205,214.19,214.202,125
1779818460,214.203,214.203,214.186,214.188,101
1779818520,214.188,214.195,214.183,214.191,90
1779818580,214.191,214.206,214.189,214.198,133
1779818640,214.198,214.2,214.195,214.196,72
1779818700,214.198,214.206,214.185,214.197,106
1779818760,214.197,214.202,214.196,214.201,85
1779818820,214.201,214.202,214.185,214.186,95
1779818880,214.186,214.203,214.186,214.194,88
1779818940,214.195,214.197,214.177,214.184,106
1779819000,214.184,214.203,214.182,214.198,89
1779819060,214.199,214.21,214.195,214.2,76
1779819120,214.198,214.203,214.195,214.2,67
1779819180,214.2,214.208,214.196,214.206,79
1779819240,214.206,214.211,214.198,214.208,79
1779819300,214.208,214.209,214.197,214.199,111
1779819360,214.197,214.201,214.179,214.182,96
1779819420,214.182,214.2,214.18,214.199,118
1779819480,214.199,214.203,214.197,214.2,61
1779819540,214.201,214.204,214.192,214.203,67
1779819600,214.205,214.205,214.184,214.196,80
1779819660,214.195,214.195,214.183,214.186,98
1779819720,214.185,214.198,214.183,214.184,83
1779819780,214.186,214.195,214.172,214.194,117
1779819840,214.193,214.194,214.177,214.179,99
1779819900,214.181,214.185,214.179,214.183,75
1779819960,214.177,214.177,214.166,214.172,84
1779820020,214.169,214.174,214.165,214.169,98
1779820080,214.173,214.179,214.166,214.171,115
1779820140,214.169,214.174,214.167,214.173,79
1779820200,214.173,214.192,214.171,214.183,107
1779820260,214.181,214.188,214.174,214.179,122
1779820320,214.179,214.196,214.178,214.192,107
1779820380,214.194,214.203,214.189,214.192,90
1779820440,214.192,214.205,214.185,214.203,85
1779820500,214.206,214.208,214.196,214.199,102
1779820560,214.198,214.201,214.188,214.194,99
1779820620,214.195,214.199,214.189,214.196,82
1779820680,214.199,214.206,214.18,214.182,99
1779820740,214.183,214.19,214.177,214.177,75
1779820800,214.173,214.184,214.153,214.161,129
1779820860,214.163,214.167,214.151,214.163,133
1779820920,214.164,214.171,214.156,214.167,110
1779820980,214.172,214.187,214.17,214.186,83
1779821040,214.189,214.202,214.186,214.201,89
1779821100,214.199,214.203,214.187,214.197,91
1779821160,214.195,214.199,214.186,214.196,85
1779821220,214.196,214.205,214.194,214.203,77
1779821280,214.202,214.203,214.182,214.184,57
1779821340,214.184,214.199,214.183,214.195,88
1779821400,214.197,214.199,214.186,214.199,95
1779821460,214.196,214.198,214.184,214.192,112
1779821520,214.193,214.195,214.179,214.184,85
1779821580,214.184,214.198,214.181,214.191,128
1779821640,214.191,214.199,214.19,214.197,96
1779821700,214.195,214.199,214.182,214.184,116
1779821760,214.184,214.187,214.18,214.185,115
1779821820,214.186,214.214,214.179,214.214,112
1779821940,214.203,214.221,214.202,214.217,66
1779822000,214.22,214.22,214.191,214.206,133
1779822060,214.204,214.214,214.202,214.203,102
1779822120,214.203,214.204,214.196,214.199,81
1779822180,214.201,214.212,214.199,214.212,88
1779822240,214.212,214.213,214.198,214.201,71
1779822300,214.201,214.216,214.201,214.214,94
1779822360,214.216,214.217,214.201,214.201,83
1779822420,214.203,214.21,214.198,214.2,104
1779822480,214.2,214.201,214.196,214.199,73
1779822540,214.199,214.201,214.192,214.2,57
1779822600,214.198,214.213,214.198,214.206,107
1779822660,214.208,214.214,214.205,214.211,104
1779822720,214.211,214.211,214.185,214.186,94
1779822780,214.186,214.198,214.185,214.19,97
1779822840,214.188,214.201,214.182,214.187,88
1779822900,214.185,214.188,214.181,214.184,77
1779822960,214.184,214.198,214.182,214.192,74
1779823020,214.195,214.201,214.182,214.188,99
1779823080,214.185,214.188,214.182,214.186,65
1779823140,214.188,214.199,214.179,214.199,62
1779823200,214.197,214.213,214.197,214.213,69
1779823260,214.211,214.213,214.196,214.198,64
1779823320,214.199,214.214,214.199,214.211,51
1779823380,214.209,214.225,214.202,214.225,91
1779823440,214.225,214.232,214.22,214.231,61
1779823500,214.232,214.234,214.212,214.224,88
1779823560,214.226,214.229,214.223,214.223,79
1779823620,214.225,214.226,214.213,214.22,70
1779823680,214.224,214.224,214.212,214.215,80
1779823740,214.213,214.222,214.213,214.217,79
1779823800,214.217,214.225,214.201,214.217,90
1779823860,214.219,214.222,214.212,214.222,61
1779823920,214.223,214.23,214.219,214.23,107
1779823980,214.231,214.233,214.227,214.231,37
1779824040,214.233,214.249,214.232,214.247,83
1779824100,214.246,214.249,214.232,214.233,107
1779824160,214.232,214.251,214.232,214.245,96
1779824220,214.246,214.248,214.23,214.242,75
1779824280,214.24,214.248,214.23,214.244,88
1779824340,214.243,214.248,214.241,214.243,93
1779824400,214.244,214.246,214.241,214.243,67
1779824460,214.243,214.248,214.24,214.246,90
1779824520,214.244,214.251,214.244,214.248,102
1779824580,214.246,214.26,214.241,214.257,82
1779824640,214.259,214.263,214.257,214.259,65
1779824700,214.259,214.263,214.259,214.259,67
1779824760,214.261,214.262,214.243,214.248,75
1779824820,214.246,214.258,214.246,214.249,73
1779824880,214.249,214.259,214.248,214.253,82
1779824940,214.254,214.267,214.254,214.267,67
1779825000,214.267,214.27,214.264,214.266,96
1779825060,214.267,214.27,214.26,214.262,105
1779825120,214.262,214.265,214.244,214.246,86
1779825180,214.248,214.258,214.244,214.249,101
1779825240,214.247,214.262,214.245,214.247,103
1779825300,214.249,214.262,214.241,214.245,124
1779825360,214.244,214.249,214.23,214.243,92
1779825420,214.241,214.244,214.223,214.238,104
1779825540,214.237,214.246,214.231,214.233,86
1779825600,214.26,214.268,214.25,214.266,146
1779825660,214.268,214.277,214.268,214.269,87
1779825720,214.271,214.282,214.265,214.278,98
1779825780,214.276,214.282,214.276,214.279,77
1779825840,214.28,214.284,214.277,214.282,78
1779825900,214.28,214.302,214.28,214.298,72
1779825960,214.299,214.311,214.299,214.306,74
1779826020,214.306,214.313,214.306,214.313,41
1779826080,214.311,214.325,214.307,214.31,54
1779826140,214.31,214.311,214.292,214.292,71
1779826200,214.295,214.306,214.292,214.305,61
1779826260,214.305,214.312,214.295,214.312,53
1779826320,214.312,214.312,214.308,214.308,37
1779826380,214.309,214.309,214.295,214.297,36
1779826440,214.297,214.297,214.292,214.294,30
1779826500,214.295,214.303,214.295,214.3,42
1779826560,214.3,214.3,214.293,214.298,37
1779826620,214.298,214.298,214.294,214.295,40
1779826680,214.295,214.298,214.284,214.284,61
1779826740,214.284,214.291,214.284,214.288,42
1779826800,214.288,214.295,214.288,214.292,26
1779826860,214.293,214.293,214.279,214.28,36
1779826920,214.28,214.28,214.269,214.271,23
1779826980,214.272,214.275,214.27,214.274,37
1779827040,214.285,214.285,214.279,214.284,43
1779827100,214.284,214.288,214.281,214.284,54
1779827160,214.283,214.283,214.27,214.27,68
1779827220,214.271,214.272,214.262,214.263,108
1779827280,214.264,214.266,214.247,214.247,73
1779827340,214.25,214.253,214.236,214.236,85
1779827400,214.236,214.262,214.236,214.262,46
1779827460,214.262,214.273,214.259,214.272,65
1779827520,214.273,214.282,214.272,214.279,48
1779827580,214.279,214.285,214.267,214.269,51
1779827640,214.269,214.271,214.265,214.266,31
1779827700,214.266,214.269,214.263,214.264,31
1779827760,214.265,214.273,214.263,214.272,63
1779827820,214.274,214.282,214.263,214.27,64
1779827880,214.27,214.279,214.269,214.279,42
1779827940,214.277,214.277,214.262,214.265,48
1779828000,214.254,214.265,214.252,214.259,57
1779828060,214.257,214.259,214.251,214.251,28
1779828120,214.253,214.253,214.24,214.243,84
1779828180,214.245,214.249,214.238,214.238,111
1779828240,214.238,214.241,214.234,214.237,33
1779828300,214.236,214.243,214.234,214.243,42
1779828360,214.246,214.246,214.245,214.245,10
1779828420,214.244,214.25,214.244,214.248,23
1779828480,214.247,214.251,214.243,214.246,20
1779828540,214.248,214.248,214.241,214.243,61
1779828600,214.232,214.232,214.218,214.226,94
1779828660,214.224,214.23,214.219,214.229,55
1779828720,214.23,214.236,214.224,214.229,81
1779828840,214.227,214.235,214.22,214.231,77
1779828900,214.231,214.234,214.205,214.21,80
1779828960,214.21,214.211,214.176,214.182,114
1779829080,214.204,214.206,214.185,214.195,124
1779829260,214.063,214.065,214.063,214.065,3
1779829320,214.072,214.072,214.065,214.065,4
1779829380,214.068,214.117,214.068,214.117,7
1779829440,214.122,214.122,214.119,214.119,9
1779829500,214.121,214.133,214.119,214.132,10
1779829560,214.132,214.134,214.132,214.134,4
1779829620,214.132,214.132,214.132,214.132,2
1779829680,214.132,214.132,214.132,214.132,1
1779829800,214.143,214.143,214.132,214.132,6
1779829860,214.131,214.131,214.131,214.131,1
1779829920,214.133,214.133,214.133,214.133,2
1779829980,214.133,214.133,214.133,214.133,1
1779830040,214.131,214.134,214.131,214.134,4
1779830100,214.136,214.136,214.136,214.136,4
1779830400,214.122,214.123,214.12,214.12,5
1779830460,214.124,214.124,214.124,214.124,1
1779830580,214.122,214.122,214.109,214.117,6
1779830640,214.116,214.125,214.116,214.125,3
1779830760,214.122,214.122,214.122,214.122,1
1779830880,214.128,214.128,214.127,214.127,2
1779830940,214.127,214.127,214.125,214.127,5
1779831000,214.127,214.141,214.127,214.131,10
1779831060,214.131,214.144,214.129,214.133,20
1779831120,214.133,214.133,214.129,214.129,8
1779831180,214.126,214.133,214.126,214.129,28
1779831240,214.133,214.133,214.129,214.129,20
1779831300,214.124,214.152,214.124,214.139,22
1779831420,214.194,214.214,214.177,214.214,62
1779831480,214.214,214.216,214.201,214.21,20
1779831540,214.209,214.211,214.2,214.209,56
1779831600,214.208,214.212,214.199,214.205,66
1779831660,214.209,214.211,214.2,214.209,66
1779831720,214.208,214.209,214.201,214.201,48
1779831780,214.204,214.204,214.199,214.199,10
1779831840,214.205,214.205,214.195,214.195,22
1779831900,214.19,214.204,214.19,214.199,40
1779831960,214.208,214.208,214.189,214.189,50
1779832140,214.17,214.171,214.17,214.171,3
1779832260,214.169,214.17,214.169,214.17,2
1779832320,214.166,214.166,214.164,214.164,4
1779832380,214.174,214.177,214.172,214.174,13
1779832440,214.172,214.18,214.158,214.162,32
1779832500,214.162,214.17,214.161,214.167,24
1779832620,214.167,214.174,214.161,214.17,30
1779832680,214.167,214.182,214.166,214.175,41
1779832740,214.177,214.18,214.118,214.126,44
1779832800,214.219,214.255,214.219,214.247,112
1779832860,214.246,214.248,214.227,214.242,124
1779832920,214.242,214.251,214.237,214.24,64
1779832980,214.246,214.257,214.244,214.246,80
1779833040,214.243,214.256,214.236,214.25,73
1779833100,214.252,214.255,214.227,214.236,92
1779833160,214.238,214.248,214.227,214.242,79
1779833220,214.242,214.251,214.228,214.249,79
1779833280,214.248,214.255,214.232,214.232,78
1779833340,214.236,214.242,214.229,214.229,52
1779833400,214.23,214.245,214.205,214.213,117
1779833460,214.212,214.218,214.197,214.197,64
1779833520,214.198,214.221,214.198,214.221,57
1779833580,214.219,214.222,214.217,214.22,74
1779833640,214.218,214.225,214.217,214.222,63
1779833700,214.224,214.226,214.218,214.222,50
1779833760,214.222,214.225,214.217,214.22,45
1779833820,214.22,214.225,214.216,214.222,48
1779833880,214.22,214.231,214.22,214.228,57
1779833940,214.23,214.232,214.219,214.229,65
1779834000,214.226,214.238,214.223,214.238,44
1779834060,214.236,214.238,214.223,214.23,43
1779834120,214.228,214.233,214.225,214.225,28
1779834180,214.225,214.237,214.225,214.234,42
1779834240,214.229,214.237,214.224,214.236,48
1779834300,214.237,214.24,214.221,214.221,37
1779834360,214.224,214.224,214.221,214.223,15
1779834420,214.224,214.227,214.223,214.227,32
1779834480,214.232,214.234,214.221,214.228,32
1779834540,214.228,214.23,214.22,214.227,35
1779834600,214.227,214.23,214.224,214.227,32
1779834660,214.227,214.228,214.218,214.225,38
1779834720,214.225,214.227,214.224,214.225,40
1779834780,214.225,214.227,214.223,214.225,20
1779834840,214.225,214.238,214.224,214.227,35
1779834900,214.227,214.239,214.225,214.237,25
1779834960,214.238,214.238,214.233,214.237,15
1779835020,214.234,214.236,214.222,214.234,33
1779835080,214.23,214.23,214.223,214.223,25
1779835140,214.224,214.227,214.223,214.223,30
1779835200,214.224,214.229,214.221,214.227,62
1779835260,214.226,214.226,214.223,214.224,28
1779835320,214.226,214.226,214.223,214.223,16
1779835380,214.229,214.232,214.225,214.232,35
1779835440,214.232,214.232,214.222,214.232,53
1779835500,214.232,214.234,214.223,214.231,61
1779835560,214.229,214.234,214.224,214.232,50
1779835620,214.232,214.235,214.231,214.232,40
1779835680,214.232,214.233,214.224,214.227,39
1779835740,214.227,214.227,214.223,214.223,18
1779835800,214.225,214.229,214.225,214.228,40
1779835860,214.228,214.231,214.227,214.23,25
1779835920,214.228,214.231,214.224,214.23,49
1779836040,214.211,214.217,214.211,214.214,33
1779836100,214.218,214.22,214.213,214.215,23
1779836160,214.215,214.237,214.214,214.237,40
1779836220,214.237,214.237,214.222,214.23,38
1779836280,214.231,214.231,214.228,214.229,21
1779836340,214.225,214.227,214.212,214.215,53
1779836400,214.213,214.222,214.204,214.222,55
1779836460,214.222,214.223,214.202,214.202,40
1779836520,214.206,214.212,214.202,214.208,32
1779836580,214.208,214.208,214.205,214.206,34
1779836640,214.208,214.208,214.205,214.206,41
1779836700,214.205,214.208,214.204,214.208,32
1779836760,214.209,214.212,214.206,214.208,38
1779836820,214.209,214.225,214.206,214.225,24
1779836880,214.226,214.228,214.219,214.222,51
1779836940,214.225,214.232,214.216,214.231,66
1779837000,214.233,214.236,214.231,214.233,35
1779837060,214.233,214.234,214.231,214.234,29
1779837120,214.234,214.236,214.232,214.233,24
1779837180,214.234,214.236,214.228,214.228,30
1779837240,214.23,214.23,214.219,214.219,29
1779837300,214.22,214.237,214.22,214.237,17
1779837360,214.236,214.256,214.236,214.252,30
1779837420,214.251,214.252,214.237,214.24,29
1779837480,214.24,214.243,214.237,214.242,22
1779837540,214.243,214.243,214.239,214.241,24
1779837600,214.241,214.247,214.239,214.247,18
1779837660,214.245,214.25,214.236,214.238,41
1779837720,214.237,214.24,214.237,214.24,12
1779837780,214.239,214.239,214.234,214.237,30
1779837840,214.239,214.251,214.234,214.248,44
1779837900,214.248,214.25,214.233,214.234,47
1779837960,214.234,214.238,214.232,214.238,28
1779838140,214.253,214.258,214.25,214.257,28
1779838200,214.258,214.266,214.25,214.264,23
1779838260,214.266,214.269,214.25,214.253,26
1779838320,214.253,214.272,214.253,214.267,47
1779838380,214.267,214.275,214.267,214.271,29
1779838440,214.276,214.282,214.268,214.27,61
1779838500,214.27,214.272,214.268,214.27,32
1779838560,214.269,214.271,214.267,214.27,37
1779838620,214.271,214.271,214.267,214.27,35
1779838680,214.27,214.281,214.27,214.278,25
1779838740,214.279,214.281,214.278,214.278,26
1779838800,214.278,214.281,214.277,214.28,26
1779838860,214.278,214.281,214.268,214.269,30
1779838920,214.268,214.273,214.264,214.272,33
1779839040,214.283,214.286,214.282,214.286,20
1779839100,214.278,214.286,214.278,214.286,61
1779839160,214.284,214.284,214.264,214.268,69
1779839220,214.267,214.269,214.253,214.264,81
1779839280,214.264,214.271,214.264,214.27,45
1779839340,214.272,214.272,214.252,214.254,66
1779839400,214.254,214.266,214.252,214.264,49
1779839460,214.266,214.269,214.256,214.266,58
1779839520,214.264,214.269,214.263,214.267,48
1779839580,214.268,214.273,214.267,214.267,52
1779839640,214.265,214.275,214.265,214.274,46
1779839700,214.274,214.284,214.269,214.27,63
1779839760,214.27,214.284,214.27,214.283,84
1779839820,214.278,214.278,214.26,214.263,87
1779839880,214.263,214.266,214.255,214.266,56
1779839940,214.267,214.27,214.263,214.27,52
1779840000,214.268,214.281,214.259,214.273,164
1779840060,214.273,214.273,214.257,214.263,127
1779840120,214.262,214.271,214.251,214.262,126
1779840180,214.264,214.265,214.249,214.253,110
1779840240,214.251,214.258,214.248,214.254,99
1779840300,214.254,214.261,214.249,214.249,81
1779840360,214.252,214.269,214.251,214.267,104
1779840420,214.265,214.273,214.257,214.26,97
1779840480,214.259,214.268,214.254,214.257,100
1779840540,214.258,214.261,214.237,214.239,121
1779840600,214.239,214.239,214.222,214.227,101
1779840660,214.228,214.238,214.225,214.233,93
1779840720,214.231,214.241,214.226,214.237,77
1779840780,214.241,214.257,214.237,214.254,80
1779840840,214.256,214.26,214.25,214.26,70
1779840900,214.258,214.268,214.252,214.252,59
1779840960,214.248,214.256,214.241,214.249,98
1779841020,214.252,214.252,214.235,214.245,122
1779841080,214.247,214.251,214.24,214.245,101
1779841140,214.245,214.248,214.236,214.239,87
1779841200,214.239,214.239,214.22,214.226,100
1779841260,214.224,214.238,214.218,214.221,106
1779841320,214.223,214.223,214.212,214.216,50
1779841380,214.217,214.22,214.203,214.208,96
1779841440,214.217,214.218,214.2,214.2,91
1779841500,214.201,214.204,214.192,214.199,63
1779841560,214.202,214.204,214.197,214.197,42
1779841620,214.195,214.217,214.195,214.214,120
1779841740,214.222,214.226,214.214,214.221,52
1779841800,214.226,214.235,214.219,214.23,108
1779841860,214.229,214.252,214.223,214.232,111
1779841920,214.234,214.245,214.224,214.243,102
1779841980,214.243,214.254,214.237,214.253,77
1779842040,214.254,214.256,214.243,214.246,80
1779842100,214.246,214.248,214.235,214.236,109
1779842160,214.238,214.243,214.228,214.242,79
1779842220,214.244,214.261,214.238,214.253,109
1779842280,214.253,214.259,214.237,214.24,114
1779842340,214.24,214.252,214.237,214.242,107
1779842400,214.24,214.249,214.234,214.237,95
1779842460,214.237,214.242,214.232,214.24,94
1779842520,214.239,214.242,214.232,214.235,76
1779842580,214.235,214.241,214.231,214.237,63
1779842640,214.237,214.261,214.237,214.259,60
1779842700,214.261,214.265,214.25,214.261,109
1779842760,214.261,214.269,214.256,214.26,90
1779842820,214.261,214.269,214.257,214.257,91
1779842880,214.255,214.269,214.253,214.264,104
1779842940,214.266,214.276,214.258,214.264,105
1779843000,214.265,214.271,214.25,214.266,134
1779843060,214.264,214.297,214.26,214.29,159
1779843120,214.292,214.312,214.284,214.306,164
1779843180,214.305,214.335,214.302,214.314,188
1779843240,214.313,214.354,214.313,214.344,222
1779843300,214.324,214.324,214.297,214.318,174
1779843360,214.316,214.316,214.296,214.302,108
1779843420,214.301,214.305,214.284,214.295,127
1779843540,214.303,214.318,214.292,214.315,88
1779843600,214.316,214.324,214.301,214.321,162
1779843660,214.321,214.321,214.285,214.289,131
1779843720,214.293,214.296,214.279,214.287,126
1779843780,214.289,214.289,214.263,214.266,96
1779843840,214.265,214.268,214.252,214.254,67
1779843900,214.252,214.254,214.239,214.247,116
1779843960,214.252,214.262,214.247,214.255,88
1779844020,214.255,214.266,214.247,214.247,75
1779844080,214.248,214.256,214.234,214.242,98
1779844140,214.243,214.243,214.223,214.231,110
1779844200,214.241,214.247,214.235,214.235,88
1779844260,214.235,214.245,214.232,214.235,83
1779844320,214.237,214.252,214.235,214.252,105
1779844380,214.25,214.259,214.242,214.257,107
1779844440,214.257,214.262,214.248,214.251,96
1779844500,214.252,214.253,214.235,214.237,106
1779844560,214.239,214.241,214.23,214.235,97
1779844620,214.233,214.245,214.222,214.245,101
1779844680,214.244,214.25,214.235,214.241,103
1779844740,214.241,214.246,214.234,214.234,119
1779844800,214.237,214.237,214.222,214.226,91
1779844860,214.226,214.235,214.223,214.223,130
1779844920,214.223,214.225,214.216,214.224,92
1779844980,214.222,214.245,214.222,214.241,120
1779845040,214.241,214.249,214.229,214.229,101
1779845100,214.228,214.232,214.217,214.231,75
1779845160,214.231,214.232,214.215,214.219,82
1779845220,214.221,214.231,214.208,214.229,102
1779845280,214.23,214.242,214.218,214.226,110
1779845340,214.225,214.234,214.225,214.231,86
1779845400,214.234,214.247,214.211,214.22,214
1779845460,214.221,214.226,214.205,214.207,157
1779845520,214.206,214.234,214.197,214.231,133
1779845580,214.234,214.234,214.209,214.223,156
1779845640,214.225,214.226,214.2,214.2,151
1779845700,214.202,214.211,214.181,214.197,120
1779845760,214.199,214.214,214.193,214.203,113
1779845820,214.198,214.224,214.192,214.221,109
1779845880,214.222,214.224,214.191,214.191,103
1779845940,214.193,214.198,214.187,214.194,99
1779846000,214.186,214.204,214.186,214.204,112
1779846060,214.205,214.21,214.193,214.21,115
1779846120,214.209,214.216,214.205,214.207,91
1779846240,214.21,214.214,214.202,214.205,112
1779846300,214.212,214.216,214.199,214.2,101
1779846360,214.2,214.201,214.171,214.176,83
1779846420,214.176,214.183,214.166,214.166,93
1779846480,214.166,214.187,214.166,214.185,158
1779846540,214.186,214.194,214.181,214.192,145
1779846600,214.192,214.201,214.19,214.194,99
1779846660,214.193,214.198,214.183,214.196,115
1779846720,214.195,214.208,214.194,214.2,122
1779846840,214.201,214.208,214.195,214.198,117
1779846900,214.2,214.2,214.187,214.194,104
1779846960,214.192,214.198,214.192,214.195,68
1779847140,214.208,214.218,214.203,214.209,80
1779847200,214.212,214.243,214.206,214.231,209
1779847260,214.233,214.254,214.216,214.239,176
1779847320,214.24,214.243,214.227,214.227,153
1779847380,214.228,214.255,214.222,214.242,162
1779847440,214.242,214.263,214.242,214.251,148
1779847500,214.253,214.253,214.23,214.23,140
1779847560,214.231,214.245,214.231,214.243,117
1779847620,214.245,214.262,214.234,214.262,119
1779847680,214.26,214.264,214.251,214.252,99
1779847740,214.255,214.26,214.245,214.247,99
1779847800,214.248,214.253,214.242,214.245,120
1779847860,214.245,214.25,214.23,214.239,108
1779847920,214.234,214.243,214.227,214.231,112
1779847980,214.231,214.233,214.199,214.199,123
1779848040,214.199,214.205,214.195,214.204,90
1779848100,214.202,214.208,214.198,214.202,77
1779848160,214.206,214.22,214.202,214.202,109
1779848220,214.203,214.211,214.203,214.206,65
1779848280,214.208,214.216,214.198,214.213,95
1779848340,214.213,214.217,214.197,214.202,130
1779848400,214.204,214.213,214.198,214.213,107
1779848460,214.211,214.221,214.202,214.206,107
1779848520,214.205,214.216,214.194,214.213,132
1779848580,214.215,214.229,214.212,214.213,101
1779848640,214.218,214.223,214.204,214.218,147
1779848700,214.218,214.242,214.218,214.239,90
1779848760,214.237,214.242,214.232,214.238,104
1779848820,214.239,214.239,214.233,214.236,68
1779848940,214.226,214.233,214.221,214.23,88
1779849000,214.232,214.239,214.225,214.234,139
1779849060,214.233,214.239,214.22,214.225,118
1779849120,214.224,214.229,214.218,214.229,92
1779849180,214.228,214.238,214.219,214.22,89
1779849240,214.22,214.231,214.218,214.224,89
1779849300,214.225,214.233,214.204,214.207,128
1779849360,214.204,214.215,214.199,214.207,115
1779849420,214.208,214.208,214.189,214.191,99
1779849480,214.193,214.199,214.191,214.196,70
1779849540,214.199,214.204,214.195,214.2,67
1779849600,214.201,214.218,214.201,214.205,116
1779849660,214.203,214.212,214.2,214.206,57
1779849780,214.215,214.215,214.196,214.203,78
1779849840,214.203,214.211,214.196,214.206,78
1779849900,214.205,214.215,214.203,214.207,69
1779849960,214.209,214.21,214.204,214.204,51
1779850020,214.206,214.206,214.191,214.194,90
1779850080,214.199,214.212,214.194,214.204,58
1779850140,214.205,214.217,214.201,214.217,67
1779850200,214.215,214.222,214.215,214.217,72
1779850260,214.22,214.22,214.204,214.207,84
1779850320,214.209,214.222,214.205,214.22,90
1779850380,214.22,214.233,214.22,214.229,63
1779850440,214.229,214.234,214.216,214.227,71
1779850500,214.226,214.226,214.204,214.217,108
1779850560,214.218,214.218,214.191,214.2,87
1779850620,214.201,214.204,214.187,214.199,120
1779850740,214.192,214.2,214.19,214.2,77
1779850800,214.199,214.213,214.196,214.207,87
1779850860,214.207,214.207,214.175,214.178,115
1779850920,214.175,214.191,214.175,214.188,105
1779850980,214.189,214.237,214.187,214.22,123
1779851040,214.217,214.226,214.214,214.222,122
1779851100,214.223,214.251,214.215,214.245,161
1779851160,214.242,214.247,214.229,214.232,97
1779851220,214.232,214.237,214.221,214.23,115
1779851280,214.231,214.248,214.231,214.242,84
1779851340,214.242,214.245,214.233,214.238,102
1779851400,214.237,214.241,214.23,214.23,75
1779851460,214.233,214.234,214.216,214.219,76
1779851520,214.22,214.23,214.213,214.218,103
1779851580,214.215,214.229,214.215,214.218,69
1779851640,214.214,214.218,214.202,214.213,80
1779851700,214.213,214.223,214.212,214.222,54
1779851760,214.222,214.222,214.213,214.214,65
1779851820,214.214,214.218,214.202,214.214,107
1779851880,214.215,214.218,214.207,214.207,62
1779851940,214.208,214.214,214.204,214.211,66
1779852000,214.208,214.215,214.204,214.205,60
1779852060,214.205,214.206,214.189,214.191,58
1779852120,214.191,214.202,214.191,214.197,53
1779852240,214.187,214.191,214.184,214.191,58
1779852300,214.194,214.197,214.184,214.195,55
1779852360,214.198,214.204,214.186,214.199,58
1779852420,214.199,214.2,214.186,214.186,59
1779852480,214.187,214.199,214.187,214.189,95
1779852540,214.187,214.203,214.185,214.199,82
1779852600,214.203,214.211,214.198,214.198,99
1779852660,214.196,214.201,214.186,214.19,88
1779852720,214.192,214.193,214.183,214.19,79
1779852780,214.192,214.198,214.18,214.197,87
1779852840,214.198,214.208,214.194,214.202,64
1779852900,214.197,214.205,214.194,214.198,65
1779852960,214.197,214.205,214.195,214.201,52
1779853020,214.199,214.224,214.194,214.207,98
1779853080,214.209,214.21,214.194,214.21,74
1779853140,214.208,214.208,214.205,214.208,45
1779853200,214.209,214.212,214.205,214.21,36
1779853260,214.207,214.207,214.198,214.203,46
1779853320,214.203,214.215,214.203,214.211,52
1779853440,214.196,214.204,214.192,214.204,63
1779853500,214.212,214.214,214.204,214.212,47
1779853560,214.214,214.219,214.209,214.216,64
1779853620,214.216,214.225,214.215,214.222,62
1779853680,214.221,214.221,214.205,214.217,69
1779853740,214.219,214.222,214.211,214.211,59
1779853800,214.209,214.216,214.205,214.212,51
1779853860,214.21,214.215,214.204,214.211,62
1779853920,214.212,214.217,214.206,214.208,82
1779854040,214.21,214.217,214.207,214.217,38
1779854100,214.215,214.22,214.201,214.209,104
1779854160,214.209,214.217,214.206,214.209,55
1779854220,214.21,214.213,214.197,214.205,79
1779854280,214.204,214.21,214.204,214.204,67
1779854340,214.205,214.211,214.204,214.208,67
1779854400,214.202,214.21,214.199,214.205,114
1779854460,214.204,214.21,214.199,214.209,64
1779854520,214.207,214.21,214.199,214.199,98
1779854580,214.202,214.211,214.199,214.21,88
1779854640,214.207,214.218,214.207,214.215,54
1779854700,214.21,214.221,214.203,214.22,54
1779854760,214.219,214.225,214.219,214.223,39
1779854820,214.223,214.232,214.223,214.228,34
1779854880,214.229,214.232,214.222,214.223,69
1779854940,214.223,214.226,214.22,214.222,40
1779855000,214.222,214.23,214.22,214.222,67
1779855060,214.22,214.227,214.22,214.225,52
1779855120,214.224,214.233,214.224,214.23,45
1779855180,214.232,214.241,214.23,214.233,73
1779855240,214.233,214.234,214.22,214.222,87
1779855300,214.222,214.224,214.217,214.22,83
1779855360,214.221,214.225,214.22,214.222,68
1779855420,214.22,214.222,214.216,214.219,60
1779855480,214.22,214.221,214.201,214.204,76
1779855540,214.201,214.222,214.201,214.216,67
1779855600,214.214,214.219,214.204,214.205,54
1779855660,214.204,214.229,214.204,214.226,55
1779855720,214.228,214.228,214.212,214.212,74
1779855780,214.213,214.219,214.207,214.216,69
1779855840,214.221,214.221,214.207,214.209,68
1779855900,214.209,214.211,214.198,214.205,49
1779855960,214.202,214.212,214.199,214.209,78
1779856020,214.209,214.212,214.204,214.206,98
1779856080,214.206,214.212,214.202,214.202,98
1779856140,214.202,214.215,214.196,214.198,84
1779856200,214.196,214.215,214.196,214.208,68
1779856260,214.206,214.22,214.203,214.204,68
1779856320,214.206,214.215,214.203,214.212,58
1779856380,214.211,214.227,214.211,214.227,47
1779856440,214.225,214.233,214.222,214.23,72
1779856500,214.231,214.239,214.219,214.238,53
1779856560,214.236,214.244,214.235,214.241,79
1779856620,214.239,214.246,214.232,214.232,69
1779856740,214.253,214.255,214.239,214.251,81
1779856800,214.249,214.249,214.237,214.239,53
1779856860,214.241,214.244,214.238,214.242,56
1779856980,214.239,214.248,214.239,214.248,35
1779857040,214.241,214.256,214.241,214.252,55
1779857100,214.251,214.251,214.236,214.251,80
1779857160,214.254,214.259,214.251,214.256,60
1779857220,214.257,214.264,214.244,214.248,83
1779857280,214.247,214.248,214.239,214.243,33
1779857340,214.243,214.253,214.237,214.247,89
1779857400,214.245,214.246,214.239,214.24,51
1779857460,214.242,214.244,214.232,214.237,32
1779857520,214.235,214.243,214.232,214.241,42
1779857580,214.24,214.245,214.233,214.238,114
1779857640,214.238,214.241,214.233,214.236,33
1779857700,214.239,214.242,214.229,214.236,63
1779857760,214.236,214.238,214.22,214.224,63
1779857820,214.224,214.233,214.218,214.232,96
1779857880,214.234,214.245,214.232,214.235,83
1779857940,214.243,214.248,214.242,214.245,55
1779858000,214.247,214.247,214.237,214.242,93
1779858060,214.239,214.264,214.239,214.257,83
1779858120,214.259,214.259,214.248,214.248,122
1779858180,214.25,214.254,214.243,214.25,92
1779858240,214.251,214.286,214.25,214.286,112
1779858300,214.284,214.287,214.27,214.277,63
1779858360,214.277,214.282,214.271,214.277,76
1779858420,214.275,214.29,214.274,214.286,79
1779858480,214.283,214.287,214.275,214.284,68
1779858540,214.288,214.293,214.286,214.292,49
1779858600,214.288,214.293,214.279,214.292,51
1779858660,214.293,214.293,214.287,214.287,34
1779858720,214.286,214.296,214.279,214.286,79
1779858780,214.284,214.294,214.284,214.289,44
1779858840,214.287,214.292,214.283,214.287,66
1779858900,214.288,214.288,214.278,214.285,83
1779858960,214.286,214.289,214.268,214.268,77
1779859020,214.27,214.276,214.268,214.274,46
1779859080,214.274,214.277,214.268,214.269,61
1779859140,214.267,214.27,214.26,214.263,60
1779859200,214.266,214.281,214.261,214.281,77
1779859260,214.279,214.295,214.272,214.295,75
1779859320,214.295,214.304,214.289,214.302,61
1779859380,214.301,214.302,214.291,214.296,47
1779859440,214.299,214.318,214.299,214.314,101
1779859500,214.311,214.311,214.298,214.299,70
1779859560,214.301,214.311,214.301,214.307,82
1779859620,214.307,214.314,214.307,214.313,49
1779859680,214.311,214.311,214.298,214.301,41
1779859740,214.303,214.312,214.3,214.309,88
1779859800,214.309,214.316,214.306,214.306,78
1779859860,214.306,214.322,214.3,214.315,92
1779859920,214.313,214.317,214.301,214.306,105
1779859980,214.308,214.308,214.28,214.291,103
1779860040,214.29,214.293,214.282,214.288,112
1779860100,214.288,214.294,214.275,214.293,127
1779860160,214.291,214.319,214.291,214.314,135
1779860220,214.313,214.323,214.308,214.308,77
1779860280,214.305,214.314,214.298,214.314,72
1779860340,214.31,214.311,214.303,214.303,71
1779860400,214.302,214.312,214.302,214.306,65
1779860460,214.308,214.308,214.295,214.306,58
1779860520,214.308,214.311,214.294,214.306,115
1779860580,214.305,214.307,214.296,214.305,92
1779860640,214.305,214.323,214.292,214.321,76
1779860700,214.319,214.325,214.307,214.325,103
1779860760,214.323,214.333,214.322,214.323,66
1779860820,214.325,214.328,214.322,214.325,54
1779860880,214.327,214.327,214.308,214.322,77
1779860940,214.322,214.324,214.301,214.307,115
1779861000,214.308,214.34,214.308,214.334,90
1779861060,214.334,214.351,214.323,214.349,101
1779861120,214.349,214.356,214.349,214.355,48
1779861240,214.343,214.352,214.34,214.342,78
1779861300,214.341,214.344,214.324,214.341,80
1779861360,214.339,214.348,214.334,214.343,98
1779861540,214.326,214.329,214.306,214.308,102
1779861600,214.316,214.324,214.271,214.288,163
1779861660,214.287,214.296,214.281,214.284,147
1779861720,214.284,214.287,214.273,214.283,143
1779861780,214.283,214.304,214.283,214.298,100
1779861840,214.296,214.306,214.286,214.293,106
1779861900,214.296,214.313,214.293,214.306,107
1779861960,214.309,214.325,214.306,214.323,109
1779862020,214.325,214.33,214.304,214.321,116
1779862080,214.322,214.327,214.295,214.303,141
1779862140,214.303,214.319,214.303,214.313,117
1779862200,214.316,214.324,214.309,214.318,110
1779862260,214.321,214.325,214.316,214.316,84
1779862320,214.314,214.327,214.307,214.319,104
1779862440,214.306,214.307,214.281,214.29,84
1779862500,214.292,214.311,214.292,214.302,96
1779862560,214.301,214.313,214.294,214.294,116
1779862620,214.293,214.304,214.293,214.298,119
1779862680,214.297,214.303,214.282,214.285,118
1779862740,214.285,214.295,214.282,214.295,100
1779862800,214.293,214.307,214.293,214.294,112
1779862860,214.294,214.294,214.269,214.27,115
1779862920,214.269,214.28,214.26,214.273,133
1779862980,214.272,214.285,214.262,214.285,114
1779863040,214.286,214.291,214.271,214.278,87
1779863100,214.276,214.29,214.273,214.284,107
1779863160,214.283,214.286,214.263,214.27,93
1779863220,214.268,214.274,214.258,214.269,109
1779863340,214.263,214.279,214.258,214.276,124
1779863400,214.275,214.279,214.259,214.271,127
1779863460,214.27,214.279,214.26,214.263,143
1779863520,214.265,214.268,214.25,214.268,131
1779863580,214.266,214.273,214.262,214.271,104
1779863640,214.273,214.281,214.264,214.27,135
1779863700,214.268,214.275,214.263,214.275,126
1779863760,214.271,214.278,214.262,214.272,118
1779863820,214.27,214.293,214.269,214.287,103
1779863880,214.286,214.291,214.281,214.284,90
1779863940,214.284,214.3,214.282,214.295,133
1779864000,214.292,214.31,214.292,214.296,121
1779864060,214.295,214.307,214.29,214.306,122
1779864180,214.318,214.327,214.312,214.317,65
1779864240,214.317,214.355,214.311,214.355,110
1779864300,214.352,214.359,214.337,214.341,129
1779864360,214.342,214.349,214.331,214.344,118
1779864420,214.346,214.372,214.343,214.371,112
1779864480,214.371,214.372,214.358,214.358,73
1779864540,214.36,214.36,214.332,214.333,113
1779864600,214.337,214.339,214.319,214.319,122
1779864660,214.318,214.351,214.318,214.351,115
1779864720,214.349,214.354,214.344,214.347,100
1779864780,214.349,214.363,214.341,214.355,140
1779864840,214.352,214.356,214.327,214.339,157
1779864900,214.339,214.373,214.338,214.366,128
1779864960,214.367,214.373,214.351,214.359,101
1779865020,214.36,214.36,214.333,214.341,137
1779865080,214.343,214.359,214.343,214.351,122
1779865140,214.35,214.368,214.35,214.366,126
1779865200,214.374,214.397,214.373,214.39,182
1779865260,214.387,214.399,214.375,214.395,163
1779865320,214.394,214.417,214.39,214.407,172
1779865380,214.405,214.405,214.376,214.378,117
1779865440,214.378,214.378,214.341,214.353,116
1779865500,214.356,214.371,214.348,214.364,123
1779865560,214.366,214.366,214.344,214.35,130
1779865620,214.348,214.363,214.346,214.36,122
1779865680,214.359,214.384,214.352,214.356,144
1779865740,214.355,214.357,214.333,214.343,127
1779865800,214.341,214.352,214.34,214.345,119
1779865860,214.344,214.355,214.335,214.341,96
1779865920,214.342,214.353,214.338,214.339,114
1779865980,214.338,214.343,214.306,214.306,101
1779866040,214.304,214.322,214.304,214.319,122
1779866100,214.319,214.319,214.299,214.301,98
1779866160,214.302,214.312,214.292,214.306,127
1779866220,214.305,214.309,214.289,214.295,96
1779866280,214.297,214.319,214.289,214.308,106
1779866340,214.306,214.307,214.292,214.302,88
1779866400,214.303,214.313,214.292,214.296,107
1779866460,214.295,214.3,214.287,214.291,115
1779866520,214.292,214.292,214.275,214.286,122
1779866580,214.286,214.288,214.275,214.281,102
1779866640,214.281,214.296,214.281,214.282,117
1779866700,214.282,214.296,214.274,214.291,91
1779866760,214.291,214.297,214.279,214.281,126
1779866820,214.281,214.301,214.28,214.295,110
1779866940,214.283,214.293,214.282,214.291,100
1779867000,214.286,214.292,214.261,214.261,111
1779867060,214.261,214.271,214.251,214.269,125
1779867120,214.269,214.271,214.244,214.249,117
1779867180,214.249,214.262,214.241,214.255,113
1779867240,214.253,214.253,214.235,214.241,125
1779867300,214.241,214.243,214.227,214.238,115
1779867360,214.237,214.257,214.237,214.249,92
1779867420,214.25,214.266,214.234,214.236,105
1779867480,214.236,214.254,214.235,214.244,111
1779867540,214.247,214.274,214.246,214.274,108
1779867600,214.275,214.275,214.261,214.267,114
1779867660,214.266,214.279,214.243,214.248,105
1779867720,214.253,214.257,214.245,214.257,116
1779867840,214.272,214.284,214.265,214.279,91
1779867900,214.281,214.291,214.276,214.278,98
1779867960,214.278,214.284,214.271,214.273,99
1779868020,214.277,214.28,214.255,214.262,87
1779868080,214.26,214.262,214.238,214.242,112
1779868140,214.243,214.243,214.219,214.222,112
1779868200,214.22,214.222,214.207,214.219,103
1779868260,214.219,214.223,214.206,214.22,145
1779868320,214.219,214.22,214.207,214.21,130
1779868380,214.206,214.231,214.198,214.225,125
1779868440,214.226,214.24,214.221,214.229,101
1779868500,214.228,214.231,214.21,214.219,123
1779868560,214.219,214.219,214.203,214.208,114
1779868680,214.198,214.214,214.198,214.214,110
1779868740,214.209,214.234,214.206,214.223,139
1779868800,214.225,214.225,214.195,214.209,179
1779868860,214.211,214.234,214.202,214.227,161
1779868920,214.225,214.246,214.221,214.226,138
1779868980,214.23,214.233,214.203,214.221,113
1779869040,214.223,214.233,214.215,214.231,106
1779869100,214.231,214.234,214.223,214.227,121
1779869160,214.237,214.242,214.22,214.228,108
1779869220,214.228,214.234,214.217,214.221,100
1779869280,214.223,214.236,214.215,214.223,138
1779869340,214.223,214.23,214.219,214.219,105
1779869400,214.219,214.245,214.212,214.239,151
1779869460,214.238,214.267,214.238,214.266,150
1779869520,214.266,214.302,214.266,214.298,122
1779869580,214.298,214.348,214.298,214.332,123
1779869640,214.331,214.348,214.321,214.324,129
1779869700,214.328,214.365,214.325,214.365,115
1779869760,214.367,214.377,214.355,214.363,138
1779869820,214.365,214.393,214.365,214.367,126
1779869880,214.367,214.38,214.325,214.332,143
1779869940,214.331,214.332,214.307,214.308,116
1779870000,214.307,214.329,214.307,214.323,153
1779870060,214.323,214.336,214.32,214.334,133
1779870120,214.335,214.352,214.334,214.35,125
1779870240,214.361,214.365,214.327,214.341,139
1779870300,214.334,214.343,214.331,214.332,119
1779870360,214.332,214.334,214.304,214.312,116
1779870420,214.316,214.335,214.313,214.331,109
1779870480,214.339,214.349,214.333,214.344,123
1779870540,214.346,214.403,214.346,214.399,116
1779870600,214.389,214.389,214.356,214.36,115
1779870660,214.361,214.361,214.344,214.347,80
1779870720,214.346,214.352,214.343,214.35,73
1779870780,214.351,214.356,214.34,214.347,95
1779870840,214.348,214.37,214.341,214.357,100
1779870900,214.358,214.358,214.315,214.315,112
1779870960,214.315,214.315,214.297,214.304,89
1779871020,214.304,214.326,214.301,214.315,117
1779871080,214.313,214.32,214.295,214.3,113
1779871140,214.301,214.303,214.263,214.272,99
1779871200,214.276,214.276,214.258,214.275,143
1779871260,214.278,214.29,214.274,214.286,109
1779871320,214.284,214.295,214.275,214.293,108
1779871440,214.282,214.296,214.282,214.291,85
1779871500,214.31,214.323,214.299,214.316,84
1779871560,214.317,214.322,214.311,214.317,114
1779871620,214.317,214.341,214.307,214.308,130
1779871680,214.309,214.312,214.298,214.3,106
1779871740,214.301,214.306,214.285,214.288,97
1779871800,214.288,214.31,214.288,214.302,91
1779871860,214.299,214.3,214.277,214.289,103
1779871920,214.289,214.301,214.285,214.288,110
1779871980,214.29,214.29,214.268,214.281,130
1779872040,214.283,214.287,214.271,214.276,99
1779872100,214.276,214.282,214.259,214.279,111
1779872160,214.277,214.29,214.263,214.27,106
1779872220,214.269,214.317,214.253,214.317,136
1779872280,214.317,214.338,214.316,214.332,120
1779872340,214.326,214.331,214.315,214.327,146
1779872400,214.323,214.339,214.312,214.321,114
1779872460,214.323,214.33,214.316,214.322,115
1779872520,214.324,214.334,214.306,214.306,123
1779872580,214.308,214.344,214.305,214.341,95
1779872640,214.342,214.349,214.338,214.347,83
1779872700,214.346,214.346,214.31,214.318,110
1779872760,214.328,214.335,214.318,214.327,119
1779872820,214.326,214.342,214.325,214.337,99
1779872880,214.333,214.341,214.324,214.341,103
1779872940,214.343,214.354,214.338,214.353,126
1779873000,214.354,214.369,214.331,214.367,122
1779873060,214.365,214.365,214.348,214.35,107
1779873120,214.353,214.353,214.317,214.318,103
1779873180,214.317,214.328,214.314,214.324,97
1779873240,214.326,214.329,214.283,214.299,110
1779873300,214.299,214.301,214.284,214.29,103
1779873360,214.292,214.312,214.288,214.311,121
1779873420,214.313,214.332,214.31,214.331,108
1779873480,214.329,214.331,214.295,214.306,124
1779873540,214.309,214.31,214.29,214.304,66
1779873600,214.306,214.318,214.289,214.314,101
1779873660,214.315,214.327,214.311,214.324,124
1779873720,214.321,214.322,214.293,214.3,123
1779873780,214.297,214.303,214.282,214.286,117
1779873840,214.287,214.302,214.281,214.281,105
1779873900,214.281,214.283,214.266,214.281,102
1779873960,214.281,214.286,214.266,214.274,92
1779874020,214.275,214.28,214.264,214.27,82
1779874140,214.294,214.312,214.292,214.311,74
1779874200,214.306,214.306,214.292,214.293,103
1779874260,214.295,214.309,214.293,214.298,114
1779874320,214.299,214.317,214.298,214.306,117
1779874380,214.311,214.315,214.294,214.301,83
1779874440,214.3,214.302,214.293,214.299,102
1779874500,214.298,214.31,214.287,214.308,96
1779874560,214.308,214.308,214.3,214.301,68
1779874620,214.303,214.303,214.279,214.28,82
1779874680,214.278,214.29,214.278,214.29,80
1779874740,214.289,214.298,214.288,214.288,70
1779874800,214.287,214.295,214.268,214.27,70
1779874860,214.276,214.282,214.263,214.28,83
1779874980,214.278,214.28,214.271,214.272,71
1779875040,214.272,214.277,214.256,214.258,68
1779875100,214.26,214.262,214.236,214.237,85
1779875160,214.239,214.259,214.239,214.255,73
1779875220,214.255,214.255,214.24,214.24,97
1779875280,214.24,214.252,214.237,214.25,57
1779875340,214.25,214.269,214.25,214.258,87
1779875400,214.262,214.286,214.259,214.284,98
1779875460,214.286,214.29,214.281,214.289,56
1779875520,214.287,214.3,214.282,214.282,85
1779875580,214.282,214.305,214.278,214.298,83
1779875640,214.298,214.302,214.289,214.296,116
1779875700,214.298,214.328,214.298,214.323,104
1779875760,214.325,214.326,214.307,214.313,129
1779875820,214.311,214.313,214.281,214.288,118
1779875940,214.294,214.296,214.28,214.285,89
1779876000,214.257,214.264,214.248,214.251,143
1779876060,214.254,214.254,214.242,214.245,128
1779876120,214.245,214.251,214.234,214.234,102
1779876180,214.231,214.255,214.229,214.242,109
1779876240,214.243,214.26,214.243,214.258,113
1779876300,214.257,214.261,214.249,214.254,107
1779876360,214.255,214.26,214.25,214.252,72
1779876420,214.255,214.265,214.249,214.258,109
1779876480,214.26,214.27,214.26,214.266,108
1779876540,214.266,214.268,214.252,214.257,87
1779876600,214.256,214.256,214.219,214.221,71
1779876660,214.218,214.244,214.218,214.238,100
1779876720,214.238,214.251,214.237,214.245,93
1779876780,214.244,214.248,214.223,214.231,97
1779876840,214.233,214.236,214.215,214.22,92
1779876900,214.217,214.224,214.202,214.209,102
1779876960,214.209,214.212,214.186,214.191,83
1779877020,214.188,214.2,214.187,214.198,104
1779877080,214.198,214.198,214.177,214.179,127
1779877140,214.181,214.191,214.171,214.172,109
1779877200,214.171,214.182,214.16,214.176,109
1779877260,214.179,214.181,214.154,214.154,118
1779877320,214.156,214.169,214.154,214.157,125
1779877380,214.158,214.164,214.151,214.152,108
1779877440,214.152,214.183,214.15,214.183,121
1779877500,214.181,214.188,214.17,214.188,72
1779877560,214.189,214.194,214.181,214.188,89
1779877620,214.189,214.197,214.172,214.192,95
1779877680,214.194,214.197,214.165,214.172,122
1779877740,214.171,214.171,214.156,214.159,120
1779877800,214.158,214.16,214.145,214.157,126
1779877860,214.156,214.186,214.156,214.182,112
1779877920,214.185,214.195,214.178,214.195,97
1779877980,214.194,214.206,214.192,214.195,88
1779878040,214.197,214.218,214.194,214.202,117
1779878100,214.202,214.208,214.179,214.181,111
1779878160,214.181,214.191,214.18,214.186,99
1779878280,214.195,214.206,214.193,214.204,59
1779878340,214.207,214.216,214.176,214.189,124
1779878400,214.18,214.198,214.176,214.189,120
1779878460,214.194,214.21,214.191,214.193,99
1779878520,214.191,214.218,214.19,214.216,85
1779878640,214.225,214.225,214.199,214.219,117
1779878700,214.236,214.241,214.225,214.235,102
1779878760,214.233,214.233,214.186,214.196,147
1779878820,214.197,214.203,214.189,214.193,109
1779878880,214.194,214.214,214.192,214.205,106
1779878940,214.203,214.224,214.202,214.222,90
1779879000,214.225,214.231,214.216,214.216,74
1779879060,214.214,214.226,214.202,214.203,105
1779879120,214.205,214.207,214.192,214.204,75
1779879180,214.204,214.217,214.2,214.216,106
1779879240,214.217,214.227,214.215,214.223,113
1779879300,214.225,214.228,214.209,214.211,108
1779879360,214.208,214.214,214.195,214.212,114
1779879480,214.231,214.234,214.226,214.23,85
1779879540,214.229,214.242,214.226,214.228,99
1779879600,214.233,214.252,214.224,214.233,92
1779879660,214.224,214.225,214.215,214.222,88
1779879720,214.224,214.236,214.205,214.205,137
1779879780,214.208,214.209,214.196,214.204,138
1779879840,214.201,214.211,214.192,214.2,106
1779879900,214.202,214.202,214.187,214.195,124
1779879960,214.197,214.197,214.164,214.164,107
1779880020,214.163,214.17,214.159,214.166,114
1779880080,214.169,214.182,214.153,214.182,122
1779880140,214.179,214.182,214.174,214.177,107
1779880200,214.175,214.179,214.163,214.169,95
1779880260,214.166,214.175,214.152,214.166,121
1779880320,214.168,214.203,214.166,214.203,113
1779880380,214.202,214.21,214.202,214.208,96
1779880440,214.208,214.218,214.2,214.218,95
1779880500,214.217,214.236,214.209,214.232,116
1779880560,214.23,214.24,214.214,214.234,105
1779880620,214.235,214.241,214.23,214.241,74
1779880680,214.241,214.248,214.23,214.231,96
1779880740,214.23,214.233,214.2,214.206,110
1779880800,214.206,214.207,214.189,214.198,100
1779880860,214.196,214.207,214.181,214.181,98
1779880920,214.18,214.192,214.177,214.192,114
1779880980,214.186,214.198,214.171,214.192,150
1779881040,214.193,214.211,214.19,214.211,84
1779881100,214.21,214.212,214.198,214.208,109
1779881160,214.209,214.212,214.18,214.19,134
1779881220,214.188,214.191,214.178,214.19,101
1779881280,214.188,214.193,214.178,214.191,95
1779881340,214.192,214.195,214.189,214.193,86
1779881400,214.192,214.205,214.188,214.204,114
1779881460,214.203,214.241,214.201,214.216,154
1779881520,214.219,214.229,214.206,214.213,93
1779881580,214.213,214.216,214.192,214.201,102
1779881640,214.201,214.204,214.19,214.198,92
1779881700,214.198,214.237,214.196,214.237,110
1779881760,214.237,214.239,214.221,214.226,102
1779881820,214.225,214.23,214.214,214.218,130
1779881880,214.219,214.224,214.201,214.201,120
1779881940,214.2,214.206,214.194,214.203,91
1779882000,214.204,214.204,214.189,214.203,107
1779882060,214.203,214.212,214.195,214.21,101
1779882120,214.208,214.211,214.198,214.21,106
1779882180,214.21,214.229,214.2,214.226,85
1779882240,214.227,214.241,214.222,214.233,88
1779882300,214.231,214.24,214.231,214.239,109
1779882360,214.237,214.254,214.237,214.246,132
1779882420,214.248,214.252,214.225,214.225,101
1779882480,214.228,214.228,214.207,214.211,126
1779882540,214.211,214.229,214.211,214.225,88
1779882600,214.224,214.229,214.215,214.219,97
1779882660,214.219,214.219,214.201,214.213,91
1779882780,214.189,214.193,214.181,214.193,108
1779882840,214.191,214.2,214.174,214.176,118
1779882900,214.174,214.176,214.135,214.137,161
1779882960,214.135,214.163,214.132,214.161,143
1779883020,214.161,214.177,214.157,214.17,146
1779883080,214.173,214.196,214.167,214.193,124
1779883140,214.186,214.2,214.179,214.195,100
1779883200,214.192,214.211,214.18,214.186,184
1779883260,214.189,214.198,214.172,214.188,209
1779883320,214.188,214.195,214.18,214.18,157
1779883380,214.181,214.181,214.157,214.167,119
1779883440,214.168,214.175,214.165,214.167,117
1779883500,214.168,214.179,214.161,214.172,126
1779883560,214.171,214.19,214.166,214.189,126
1779883620,214.187,214.192,214.173,214.173,104
1779883680,214.173,214.188,214.169,214.178,104
1779883740,214.178,214.193,214.17,214.187,127
1779883800,214.184,214.19,214.171,214.177,128
1779883860,214.176,214.186,214.168,214.175,136
1779883920,214.17,214.172,214.129,214.146,133
1779883980,214.147,214.171,214.145,214.153,131
1779884040,214.155,214.19,214.146,214.188,130
1779884100,214.191,214.193,214.165,214.165,132
1779884160,214.168,214.186,214.166,214.172,131
1779884220,214.175,214.182,214.168,214.174,116
1779884280,214.175,214.219,214.17,214.217,271
1779884340,214.224,214.244,214.198,214.211,265
1779884400,214.214,214.256,214.203,214.255,222
1779884460,214.254,214.273,214.23,214.263,268
1779884520,214.27,214.329,214.267,214.309,283
1779884580,214.317,214.334,214.255,214.257,271
1779884640,214.255,214.268,214.214,214.24,259
1779884700,214.246,214.302,214.243,214.3,224
1779884760,214.305,214.321,214.288,214.291,241
1779884820,214.292,214.299,214.263,214.282,213
1779884940,214.306,214.327,214.301,214.327,114
1779885000,214.346,214.366,214.334,214.343,239
1779885060,214.35,214.357,214.326,214.328,206
1779885120,214.327,214.329,214.289,214.308,207
1779885180,214.312,214.34,214.312,214.34,209
1779885240,214.337,214.342,214.317,214.329,186
1779885300,214.331,214.337,214.317,214.326,206
1779885360,214.324,214.357,214.321,214.353,256
1779885420,214.355,214.362,214.327,214.332,223
1779885480,214.333,214.364,214.326,214.364,189
1779885540,214.359,214.37,214.34,214.367,147
1779885600,214.36,214.373,214.339,214.341,172
1779885660,214.345,214.354,214.33,214.348,203
1779885720,214.349,214.355,214.302,214.31,224
1779885840,214.353,214.367,214.344,214.349,171
1779885900,214.334,214.352,214.329,214.334,189
1779885960,214.334,214.337,214.302,214.312,178
1779886020,214.315,214.321,214.306,214.317,163
1779886080,214.315,214.315,214.274,214.294,199
1779886140,214.292,214.311,214.288,214.306,194
1779886200,214.305,214.308,214.286,214.301,175
1779886260,214.299,214.32,214.291,214.309,157
1779886320,214.307,214.342,214.307,214.335,151
1779886380,214.335,214.335,214.311,214.316,174
1779886440,214.318,214.335,214.315,214.331,150
1779886500,214.329,214.336,214.316,214.323,169
1779886560,214.325,214.332,214.308,214.31,148
1779886680,214.292,214.301,214.29,214.295,96
1779886740,214.269,214.277,214.24,214.251,193
1779886800,214.25,214.3,214.248,214.296,210
1779886860,214.293,214.307,214.279,214.283,174
1779886920,214.282,214.365,214.282,214.361,196
1779886980,214.361,214.367,214.336,214.349,157
1779887040,214.35,214.355,214.326,214.332,197
1779887100,214.333,214.349,214.32,214.326,181
1779887160,214.327,214.329,214.295,214.298,156
1779887220,214.299,214.328,214.287,214.322,195
1779887280,214.32,214.332,214.303,214.332,162
1779887340,214.329,214.342,214.315,214.318,184
1779887400,214.321,214.341,214.319,214.341,198
1779887460,214.339,214.345,214.319,214.345,169
1779887520,214.344,214.351,214.332,214.34,138
1779887580,214.339,214.344,214.322,214.343,125
1779887640,214.343,214.348,214.33,214.332,149
1779887700,214.333,214.341,214.324,214.338,154
1779887760,214.338,214.35,214.317,214.35,149
1779887820,214.35,214.354,214.34,214.353,164
1779887880,214.353,214.366,214.344,214.358,165
1779887940,214.36,214.363,214.327,214.331,139
1779888000,214.33,214.33,214.302,214.304,169
1779888060,214.302,214.324,214.299,214.299,176
1779888120,214.301,214.308,214.278,214.294,163
1779888180,214.295,214.316,214.291,214.304,133
1779888240,214.304,214.327,214.303,214.319,127
1779888300,214.321,214.346,214.318,214.333,129
1779888360,214.325,214.357,214.323,214.357,177
1779888420,214.354,214.36,214.311,214.316,177
1779888480,214.314,214.329,214.304,214.304,151
1779888540,214.307,214.32,214.286,214.319,176
1779888600,214.308,214.33,214.304,214.311,191
1779888660,214.311,214.345,214.311,214.345,209
1779888720,214.34,214.373,214.334,214.362,201
1779888780,214.363,214.387,214.356,214.369,169
1779888840,214.37,214.378,214.364,214.376,159
1779888900,214.376,214.386,214.364,214.371,200
1779888960,214.375,214.384,214.332,214.332,169
1779889020,214.333,214.353,214.328,214.342,220
1779889080,214.343,214.343,214.303,214.31,183
1779889140,214.307,214.314,214.295,214.306,183
1779889200,214.306,214.354,214.304,214.342,163
1779889260,214.342,214.354,214.332,214.343,179
1779889320,214.339,214.347,214.314,214.323,192
1779889380,214.321,214.325,214.298,214.304,176
1779889440,214.306,214.31,214.286,214.303,187
1779889500,214.301,214.334,214.29,214.33,182
1779889560,214.329,214.331,214.3,214.313,187
1779889620,214.314,214.33,214.277,214.284,187
1779889680,214.284,214.311,214.282,214.311,194
1779889740,214.304,214.318,214.287,214.318,192
1779889800,214.315,214.333,214.309,214.315,209
1779889860,214.318,214.347,214.305,214.313,177
1779889920,214.311,214.312,214.278,214.298,200
1779889980,214.296,214.298,214.279,214.284,232
1779890040,214.276,214.283,214.265,214.275,227
1779890100,214.274,214.288,214.255,214.255,178
1779890160,214.254,214.263,214.243,214.255,165
1779890220,214.255,214.271,214.244,214.27,135
1779890280,214.271,214.286,214.259,214.281,152
1779890340,214.28,214.339,214.28,214.319,208
1779890400,214.321,214.353,214.321,214.335,200
1779890460,214.337,214.346,214.331,214.339,161
1779890520,214.337,214.354,214.322,214.325,184
1779890580,214.329,214.33,214.285,214.298,165
1779890640,214.298,214.322,214.282,214.322,172
1779890700,214.32,214.349,214.312,214.336,171
1779890760,214.336,214.345,214.322,214.343,169
1779890820,214.344,214.357,214.291,214.307,197
1779890880,214.306,214.323,214.305,214.316,159
1779890940,214.318,214.334,214.315,214.331,157
1779891000,214.334,214.342,214.318,214.342,179
1779891060,214.342,214.357,214.333,214.352,161
1779891120,214.353,214.372,214.35,214.366,170
1779891180,214.366,214.388,214.355,214.384,189
1779891240,214.384,214.404,214.382,214.402,192
1779891300,214.405,214.407,214.376,214.376,177
1779891360,214.389,214.405,214.379,214.405,184
1779891420,214.406,214.42,214.398,214.411,212
1779891480,214.413,214.446,214.406,214.446,166
1779891540,214.447,214.478,214.43,214.478,185
1779891600,214.472,214.481,214.433,214.453,234
1779891660,214.451,214.468,214.448,214.454,166
1779891720,214.454,214.462,214.406,214.432,184
1779891780,214.432,214.437,214.415,214.417,198
1779891840,214.414,214.417,214.321,214.336,188
1779891900,214.334,214.381,214.334,214.363,178
1779891960,214.36,214.395,214.36,214.392,178
1779892020,214.393,214.406,214.367,214.369,177
1779892080,214.367,214.38,214.361,214.37,181
1779892140,214.368,214.381,214.364,214.368,185
1779892200,214.368,214.389,214.363,214.372,191
1779892260,214.369,214.396,214.364,214.383,170
1779892320,214.383,214.44,214.377,214.385,221
1779892380,214.384,214.41,214.288,214.338,272
1779892440,214.335,214.375,214.33,214.366,233
1779892500,214.365,214.375,214.351,214.359,201
1779892560,214.359,214.399,214.356,214.396,190
1779892620,214.396,214.433,214.39,214.418,179
1779892680,214.418,214.446,214.418,214.421,187
1779892740,214.421,214.447,214.421,214.447,144
1779892800,214.446,214.479,214.44,214.46,173
1779892860,214.458,214.458,214.428,214.448,162
1779892920,214.445,214.447,214.421,214.433,185
1779892980,214.434,214.452,214.432,214.433,171
1779893040,214.434,214.443,214.428,214.432,186
1779893100,214.43,214.444,214.414,214.428,167
1779893160,214.43,214.463,214.417,214.455,188
1779893220,214.453,214.455,214.426,214.428,200
1779893280,214.429,214.429,214.369,214.392,200
1779893340,214.394,214.404,214.377,214.388,194
1779893400,214.383,214.386,214.309,214.319,220
1779893460,214.323,214.355,214.311,214.34,213
1779893520,214.344,214.353,214.294,214.294,217
1779893580,214.296,214.319,214.236,214.247,217
1779893640,214.26,214.264,214.146,214.178,226
1779893700,214.152,214.152,214.099,214.121,247
1779893760,214.119,214.162,214.086,214.127,263
1779893820,214.13,214.131,214.003,214.047,267
1779893880,214.048,214.089,214.033,214.054,250
1779893940,214.05,214.059,214.005,214.042,247
1779894000,214.032,214.046,214.021,214.025,249
1779894060,214.024,214.089,214.021,214.05,263
1779894120,214.053,214.087,214.051,214.083,221
1779894180,214.084,214.122,214.076,214.115,190
1779894240,214.112,214.129,214.073,214.098,221
1779894300,214.098,214.134,214.097,214.115,178
1779894360,214.115,214.138,214.107,214.115,162
1779894420,214.117,214.145,214.114,214.142,166
1779894480,214.14,214.16,214.124,214.15,174
1779894540,214.148,214.16,214.132,214.132,187
1779894600,214.133,214.138,214.098,214.1,190
1779894660,214.102,214.131,214.097,214.12,168
1779894720,214.124,214.151,214.124,214.143,146
1779894780,214.145,214.148,214.12,214.127,174
1779894840,214.131,214.149,214.128,214.148,149
1779894900,214.149,214.155,214.146,214.15,164
1779894960,214.149,214.159,214.137,214.137,134
1779895020,214.138,214.139,214.121,214.125,118
1779895080,214.126,214.16,214.125,214.136,168
1779895140,214.137,214.137,214.119,214.123,145
1779895200,214.122,214.145,214.121,214.13,151
1779895260,214.132,214.136,214.102,214.115,155
1779895320,214.115,214.123,214.106,214.109,156
1779895380,214.109,214.117,214.1,214.103,158
1779895440,214.102,214.119,214.08,214.114,162
1779895500,214.112,214.126,214.107,214.107,116
1779895560,214.109,214.126,214.106,214.124,115
1779895620,214.124,214.149,214.117,214.12,163
1779895680,214.12,214.132,214.118,214.126,146
1779895740,214.128,214.135,214.118,214.135,140
1779895800,214.121,214.127,214.102,214.119,170
1779895860,214.12,214.146,214.114,214.128,189
1779895920,214.13,214.134,214.117,214.13,179
1779895980,214.13,214.157,214.12,214.155,180
1779896040,214.155,214.16,214.133,214.143,176
1779896100,214.137,214.145,214.121,214.121,157
1779896160,214.12,214.148,214.103,214.146,178
1779896220,214.146,214.151,214.124,214.15,113
1779896280,214.152,214.156,214.132,214.14,146
1779896340,214.139,214.143,214.13,214.134,133
1779896400,214.133,214.155,214.13,214.15,154
1779896460,214.152,214.16,214.141,214.141,153
1779896520,214.143,214.152,214.118,214.127,140
1779896580,214.133,214.141,214.107,214.113,184
1779896640,214.111,214.128,214.106,214.108,178
1779896700,214.11,214.143,214.108,214.129,207
1779896760,214.13,214.134,214.122,214.125,169
1779896820,214.123,214.123,214.087,214.087,161
1779896880,214.085,214.101,214.077,214.091,127
1779896940,214.089,214.1,214.086,214.089,148
1779897000,214.088,214.124,214.086,214.124,168
1779897060,214.123,214.123,214.101,214.104,152
1779897120,214.105,214.112,214.101,214.106,136
1779897180,214.107,214.119,214.09,214.091,144
1779897240,214.092,214.102,214.076,214.099,165
1779897300,214.098,214.118,214.095,214.115,137
1779897360,214.115,214.135,214.114,214.135,110
1779897420,214.133,214.149,214.127,214.148,154
1779897480,214.146,214.155,214.138,214.147,151
1779897540,214.147,214.158,214.142,214.158,125
1779897600,214.152,214.158,214.117,214.124,170
1779897660,214.121,214.128,214.103,214.103,160
1779897720,214.103,214.117,214.099,214.117,157
1779897780,214.119,214.142,214.096,214.106,162
1779897840,214.101,214.124,214.085,214.118,199
1779897900,214.118,214.139,214.115,214.127,163
1779897960,214.129,214.133,214.114,214.124,151
1779898020,214.124,214.132,214.112,214.115,140
1779898080,214.114,214.138,214.103,214.136,154
1779898140,214.138,214.146,214.13,214.14,125
1779898200,214.142,214.155,214.137,214.151,137
1779898260,214.153,214.18,214.148,214.169,152
1779898320,214.166,214.176,214.155,214.165,152
1779898380,214.166,214.166,214.15,214.154,114
1779898440,214.151,214.16,214.147,214.152,115
1779898500,214.153,214.185,214.153,214.185,85
1779898560,214.184,214.187,214.171,214.181,127
1779898620,214.181,214.189,214.179,214.182,86
1779898680,214.181,214.199,214.179,214.198,100
1779898740,214.198,214.206,214.185,214.192,133
1779898800,214.193,214.216,214.19,214.213,101
1779898860,214.211,214.221,214.206,214.214,96
1779898920,214.216,214.226,214.21,214.213,154
1779898980,214.211,214.214,214.2,214.21,109
1779899040,214.212,214.212,214.156,214.158,121
1779899100,214.157,214.169,214.157,214.166,97
1779899160,214.169,214.179,214.166,214.173,108
1779899220,214.18,214.203,214.167,214.2,108
1779899280,214.2,214.2,214.184,214.187,77
1779899340,214.189,214.199,214.184,214.198,139
1779899400,214.196,214.204,214.182,214.182,116
1779899460,214.177,214.202,214.174,214.199,121
1779899520,214.199,214.202,214.186,214.187,117
1779899580,214.19,214.197,214.183,214.193,140
1779899640,214.189,214.203,214.189,214.202,124
1779899700,214.2,214.202,214.196,214.199,97
1779899760,214.201,214.21,214.186,214.194,133
1779899820,214.193,214.197,214.186,214.189,123
1779899880,214.191,214.194,214.178,214.178,126
1779899940,214.177,214.19,214.177,214.185,112
1779900000,214.186,214.188,214.177,214.182,111
1779900060,214.183,214.193,214.175,214.176,116
1779900120,214.178,214.182,214.162,214.165,126
1779900180,214.167,214.179,214.167,214.173,99
1779900240,214.173,214.173,214.16,214.162,59
1779900300,214.162,214.182,214.162,214.182,114
1779900360,214.179,214.186,214.166,214.186,99
1779900420,214.186,214.198,214.184,214.196,99
1779900480,214.198,214.198,214.182,214.189,135
1779900540,214.19,214.192,214.181,214.189,86
1779900600,214.188,214.192,214.181,214.181,100
1779900660,214.183,214.199,214.181,214.196,82
1779900720,214.199,214.199,214.195,214.197,70
1779900780,214.196,214.219,214.195,214.219,118
1779900840,214.225,214.229,214.211,214.211,102
1779900900,214.201,214.211,214.199,214.208,111
1779900960,214.21,214.222,214.196,214.215,114
1779901020,214.217,214.223,214.211,214.22,133
1779901080,214.222,214.225,214.216,214.22,134
1779901140,214.223,214.225,214.214,214.217,92
1779901200,214.22,214.241,214.215,214.231,124
1779901260,214.233,214.239,214.19,214.195,116
1779901320,214.193,214.198,214.185,214.192,128
1779901380,214.193,214.204,214.183,214.191,149
1779901440,214.192,214.197,214.186,214.192,129
1779901500,214.192,214.215,214.192,214.215,116
1779901560,214.213,214.214,214.194,214.199,141
1779901620,214.199,214.202,214.156,214.16,141
1779901680,214.16,214.16,214.113,214.116,211
1779901740,214.119,214.141,214.114,214.119,176
1779901800,214.121,214.147,214.12,214.133,150
1779901860,214.134,214.137,214.107,214.108,129
1779901920,214.111,214.122,214.106,214.107,154
1779901980,214.106,214.109,214.092,214.104,140
1779902040,214.102,214.113,214.101,214.111,173
1779902100,214.11,214.121,214.099,214.121,133
1779902160,214.128,214.133,214.111,214.122,135
1779902220,214.125,214.144,214.122,214.14,124
1779902280,214.138,214.145,214.117,214.127,135
1779902340,214.128,214.138,214.123,214.135,107
1779902400,214.136,214.151,214.123,214.144,124
1779902460,214.146,214.159,214.139,214.144,96
1779902520,214.145,214.158,214.132,214.137,117
1779902580,214.137,214.154,214.135,214.14,92
1779902640,214.143,214.143,214.129,214.137,86
1779902700,214.137,214.143,214.111,214.122,128
1779902760,214.123,214.129,214.118,214.129,78
1779902820,214.137,214.142,214.126,214.126,94
1779902880,214.127,214.129,214.123,214.125,74
1779902940,214.127,214.147,214.119,214.119,105
1779903000,214.121,214.123,214.118,214.12,97
1779903060,214.122,214.125,214.11,214.124,116
1779903120,214.121,214.126,214.112,214.123,89
1779903180,214.123,214.127,214.1,214.1,96
1779903240,214.101,214.113,214.096,214.098,89
1779903300,214.099,214.099,214.074,214.093,105
1779903360,214.093,214.122,214.092,214.122,145
1779903420,214.123,214.128,214.109,214.109,103
1779903480,214.111,214.122,214.107,214.119,110
1779903540,214.119,214.119,214.103,214.107,101
1779903600,214.108,214.109,214.096,214.101,94
1779903660,214.102,214.115,214.099,214.114,94
1779903720,214.115,214.115,214.101,214.107,76
1779903780,214.104,214.106,214.094,214.103,79
1779903840,214.105,214.105,214.092,214.092,68
1779903900,214.092,214.119,214.092,214.119,79
1779903960,214.121,214.137,214.119,214.135,78
1779904020,214.137,214.137,214.111,214.111,92
1779904080,214.113,214.132,214.113,214.117,75
1779904140,214.12,214.151,214.118,214.151,80
1779904200,214.15,214.162,214.141,214.153,96
1779904260,214.154,214.172,214.152,214.169,75
1779904320,214.169,214.181,214.163,214.17,98
1779904380,214.169,214.176,214.153,214.168,111
1779904440,214.17,214.174,214.157,214.158,80
1779904500,214.16,214.192,214.16,214.192,133
1779904560,214.19,214.203,214.186,214.192,130
1779904620,214.193,214.202,214.19,214.2,110
1779904680,214.203,214.21,214.2,214.206,121
1779904740,214.21,214.21,214.184,214.189,119
1779904800,214.187,214.198,214.163,214.171,147
1779904860,214.169,214.183,214.169,214.177,149
1779904920,214.178,214.184,214.151,214.152,128
1779904980,214.154,214.175,214.15,214.175,119
1779905040,214.176,214.18,214.17,214.176,87
1779905100,214.176,214.18,214.172,214.177,105
1779905160,214.175,214.182,214.166,214.174,121
1779905220,214.177,214.18,214.166,214.17,107
1779905280,214.17,214.172,214.153,214.165,113
1779905340,214.164,214.167,214.16,214.162,90
1779905400,214.161,214.169,214.156,214.169,71
1779905460,214.169,214.171,214.148,214.152,99
1779905520,214.151,214.155,214.137,214.152,89
1779905580,214.15,214.15,214.137,214.141,117
1779905640,214.142,214.163,214.142,214.163,110
1779905700,214.161,214.169,214.153,214.166,132
1779905760,214.167,214.181,214.164,214.176,126
1779905820,214.176,214.191,214.172,214.172,114
1779905880,214.172,214.199,214.169,214.187,91
1779905940,214.188,214.208,214.184,214.189,112
1779906000,214.187,214.203,214.187,214.189,117
1779906060,214.19,214.197,214.188,214.191,73
1779906120,214.191,214.205,214.19,214.199,97
1779906180,214.2,214.208,214.197,214.204,101
1779906240,214.204,214.21,214.186,214.186,124
1779906300,214.186,214.192,214.177,214.187,128
1779906360,214.189,214.192,214.187,214.19,80
1779906420,214.188,214.2,214.183,214.183,138
1779906480,214.183,214.199,214.177,214.199,109
1779906540,214.198,214.211,214.195,214.203,70
1779906600,214.203,214.218,214.197,214.214,138
1779906660,214.215,214.218,214.205,214.215,106
1779906720,214.216,214.219,214.201,214.206,117
1779906780,214.204,214.212,214.197,214.198,130
1779906840,214.199,214.205,214.187,214.205,129
1779906900,214.204,214.212,214.199,214.204,88
1779906960,214.205,214.225,214.199,214.205,130
1779907020,214.202,214.205,214.196,214.199,104
1779907080,214.2,214.203,214.189,214.189,59
1779907140,214.189,214.202,214.187,214.201,73
1779907200,214.201,214.203,214.19,214.193,64
1779907260,214.193,214.206,214.19,214.204,72
1779907320,214.203,214.204,214.188,214.201,60
1779907380,214.201,214.216,214.198,214.204,103
1779907440,214.205,214.207,214.198,214.2,86
1779907500,214.195,214.201,214.187,214.196,100
1779907560,214.198,214.203,214.186,214.189,87
1779907620,214.189,214.202,214.185,214.199,108
1779907680,214.187,214.189,214.182,214.187,84
1779907740,214.187,214.199,214.184,214.196,94
1779907800,214.199,214.211,214.188,214.188,96
1779907920,214.206,214.207,214.202,214.206,38
1779907980,214.207,214.213,214.206,214.213,68
1779908040,214.208,214.226,214.207,214.222,79
1779908100,214.222,214.235,214.221,214.235,89
1779908160,214.236,214.236,214.226,214.235,112
1779908220,214.233,214.24,214.22,214.22,80
1779908280,214.216,214.228,214.202,214.215,111
1779908340,214.213,214.226,214.208,214.213,109
1779908400,214.21,214.219,214.207,214.214,135
1779908460,214.214,214.217,214.201,214.211,127
1779908520,214.21,214.229,214.21,214.223,87
1779908580,214.225,214.225,214.201,214.206,65
1779908640,214.206,214.223,214.205,214.215,91
1779908700,214.218,214.231,214.216,214.226,84
1779908760,214.225,214.238,214.223,214.235,85
1779908820,214.232,214.236,214.229,214.235,60
1779908880,214.235,214.242,214.229,214.23,89
1779908940,214.229,214.238,214.229,214.237,71
1779909000,214.237,214.243,214.231,214.235,88
1779909060,214.237,214.238,214.232,214.235,77
1779909120,214.237,214.241,214.233,214.235,98
1779909180,214.233,214.242,214.229,214.236,103
1779909240,214.234,214.245,214.233,214.239,111
1779909300,214.236,214.241,214.231,214.234,91
1779909360,214.232,214.234,214.223,214.229,82
1779909420,214.23,214.24,214.23,214.238,87
1779909480,214.235,214.238,214.232,214.237,69
1779909540,214.238,214.246,214.232,214.246,86
1779909600,214.243,214.249,214.242,214.249,90
1779909660,214.247,214.257,214.243,214.247,59
1779909720,214.257,214.258,214.254,214.255,59
1779909780,214.254,214.277,214.254,214.272,100
1779909840,214.271,214.274,214.253,214.259,97
1779909900,214.258,214.259,214.251,214.256,93
1779909960,214.254,214.272,214.254,214.269,102
1779910020,214.27,214.27,214.254,214.26,138
1779910080,214.26,214.265,214.254,214.257,90
1779910140,214.257,214.26,214.252,214.255,93
1779910200,214.258,214.258,214.248,214.25,90
1779910260,214.249,214.249,214.24,214.245,101
1779910320,214.246,214.259,214.238,214.247,74
1779910380,214.246,214.263,214.246,214.255,125
1779910440,214.257,214.262,214.249,214.252,101
1779910500,214.254,214.272,214.254,214.27,79
1779910560,214.272,214.273,214.259,214.264,102
1779910620,214.262,214.271,214.256,214.266,64
1779910680,214.265,214.266,214.259,214.262,88
1779910740,214.264,214.274,214.264,214.274,91
1779910800,214.275,214.277,214.259,214.261,111
1779910860,214.262,214.267,214.262,214.267,79
1779910920,214.265,214.269,214.263,214.267,67
1779910980,214.267,214.27,214.259,214.267,93
1779911040,214.268,214.271,214.26,214.261,100
1779911100,214.263,214.264,214.251,214.256,86
1779911160,214.254,214.261,214.249,214.259,123
1779911220,214.257,214.264,214.252,214.257,115
1779911280,214.257,214.259,214.248,214.249,93
1779911340,214.25,214.256,214.249,214.254,92
1779911400,214.249,214.267,214.247,214.264,122
1779911460,214.264,214.266,214.249,214.251,97
1779911520,214.251,214.265,214.249,214.263,63
1779911580,214.263,214.267,214.262,214.263,26
1779911640,214.266,214.267,214.261,214.263,73
1779911700,214.262,214.268,214.256,214.268,90
1779911760,214.265,214.279,214.265,214.279,124
1779911820,214.276,214.278,214.257,214.26,111
1779911880,214.26,214.267,214.257,214.267,84
1779911940,214.266,214.271,214.26,214.27,133
1779912000,214.27,214.27,214.251,214.254,125
1779912060,214.252,214.254,214.244,214.247,95
1779912120,214.244,214.258,214.242,214.255,93
1779912180,214.254,214.27,214.254,214.266,86
1779912240,214.267,214.274,214.265,214.27,80
1779912300,214.27,214.274,214.266,214.269,62
1779912360,214.271,214.282,214.269,214.28,64
1779912420,214.279,214.282,214.277,214.28,80
1779912480,214.282,214.283,214.279,214.28,54
1779912540,214.282,214.282,214.26,214.263,93
1779912600,214.26,214.267,214.25,214.253,103
1779912660,214.259,214.265,214.25,214.258,73
1779912720,214.26,214.263,214.258,214.26,49
1779912780,214.258,214.268,214.257,214.267,48
1779912840,214.269,214.269,214.255,214.255,57
1779912900,214.255,214.269,214.252,214.268,57
1779912960,214.266,214.269,214.252,214.261,78
1779913020,214.259,214.266,214.254,214.266,63
1779913080,214.264,214.269,214.263,214.267,41
1779913140,214.269,214.279,214.267,214.27,35
1779913200,214.271,214.273,214.266,214.269,31
1779913260,214.271,214.271,214.265,214.265,27
1779913320,214.266,214.267,214.254,214.256,43
1779913380,214.254,214.27,214.252,214.27,41
1779913440,214.271,214.272,214.265,214.271,38
1779913500,214.268,214.269,214.264,214.264,45
1779913560,214.265,214.269,214.251,214.252,41
1779913620,214.254,214.259,214.25,214.259,45
1779913680,214.262,214.267,214.25,214.255,56
1779913740,214.253,214.253,214.234,214.242,49
1779913800,214.25,214.27,214.25,214.267,48
1779913860,214.265,214.271,214.257,214.258,44
1779913920,214.26,214.269,214.257,214.269,39
1779913980,214.268,214.271,214.263,214.268,52
1779914040,214.269,214.276,214.265,214.271,59
1779914100,214.272,214.274,214.264,214.266,29
1779914160,214.268,214.269,214.261,214.265,55
1779914220,214.263,214.264,214.243,214.246,78
1779914280,214.244,214.251,214.241,214.25,62
1779914340,214.249,214.26,214.249,214.258,52
1779914400,214.256,214.256,214.219,214.22,65
1779914460,214.221,214.225,214.22,214.221,25
1779914520,214.223,214.24,214.223,214.239,32
1779914580,214.24,214.242,214.225,214.225,59
1779914640,214.224,214.235,214.224,214.231,55
1779914700,214.233,214.238,214.224,214.238,108
1779914760,214.238,214.244,214.237,214.241,44
1779914820,214.242,214.244,214.237,214.239,67
1779914880,214.24,214.243,214.235,214.237,56
1779914940,214.239,214.243,214.237,214.243,46
1779915000,214.238,214.242,214.227,214.241,65
1779915060,214.239,214.239,214.22,214.226,74
1779915120,214.225,214.226,214.219,214.224,79
1779915180,214.225,214.229,214.217,214.229,65
1779915240,214.227,214.231,214.215,214.216,55
1779915300,214.219,214.22,214.21,214.217,81
1779915360,214.208,214.21,214.2,214.201,61
1779915480,214.19,214.195,214.161,214.176,131
1779915660,214.017,214.018,214.014,214.014,6
1779915780,214.017,214.03,214.017,214.03,6
1779915840,214.016,214.016,214.016,214.016,2
1779915900,214.02,214.03,214.02,214.03,10
1779915960,214.029,214.055,214.028,214.055,4
1779916020,214.054,214.054,214.054,214.054,1
1779916080,214.053,214.053,214.053,214.053,1
1779916140,214.052,214.052,214.052,214.052,2
1779916200,214.05,214.061,214.05,214.061,7
1779916260,214.058,214.058,214.058,214.058,2
1779916500,213.997,214.063,213.997,214.058,14
1779916560,214.059,214.063,214.059,214.062,7
1779916740,214.063,214.063,214.062,214.062,2
1779916800,214.008,214.009,214.008,214.009,4
1779916860,214.01,214.01,214.001,214.003,8
1779916920,214.009,214.02,214.008,214.018,10
1779916980,214.017,214.017,214.007,214.015,10
1779917040,214.013,214.016,214.009,214.01,16
1779917220,214.001,214.01,214.001,214.009,8
1779917280,214.011,214.015,214.004,214.005,8
1779917340,214.001,214.01,214.001,214.01,6
1779917400,214.002,214.011,214.001,214.01,22
1779917460,214.009,214.01,214.005,214.007,20
1779917520,214.008,214.027,214.008,214.019,22
1779917580,214.018,214.021,214.015,214.017,14
1779917640,214.016,214.019,213.997,213.997,24
1779917700,213.999,213.999,213.981,213.997,14
1779917760,214.004,214.004,213.998,213.998,6
1779917820,213.996,214.021,213.996,214.018,16
1779917880,214.01,214.031,214.005,214.021,27
1779917940,214.019,214.025,213.998,214.02,25
1779918000,214.02,214.033,214.017,214.033,9
1779918060,214.031,214.031,214.025,214.025,9
1779918180,214.022,214.03,214.02,214.03,4
1779918240,214.028,214.028,214.028,214.028,5
1779918300,214.035,214.042,214.025,214.042,17
1779918360,214.036,214.079,214.036,214.079,37
1779918420,214.084,214.09,214.063,214.063,44
1779918480,214.065,214.069,214.045,214.053,63
1779918540,214.055,214.066,214.046,214.052,43
1779918600,214.051,214.057,214.049,214.051,25
1779918660,214.049,214.059,214.048,214.052,34
1779918720,214.057,214.062,214.025,214.028,61
1779918780,214.026,214.035,214.023,214.035,28
1779918840,214.037,214.059,214.037,214.057,47
1779918900,214.051,214.052,214.04,214.044,40
1779918960,214.043,214.043,214.026,214.027,38
1779919020,214.028,214.033,214.022,214.032,32
1779919140,214.031,214.055,214.023,214.054,40
1779919200,214.123,214.186,214.123,214.18,109
1779919260,214.177,214.18,214.145,214.16,101
1779919320,214.169,214.179,214.147,214.151,51
1779919380,214.149,214.153,214.147,214.148,32
1779919440,214.152,214.152,214.14,214.14,22
1779919500,214.143,214.168,214.141,214.165,60
1779919560,214.167,214.173,214.148,214.159,52
1779919620,214.159,214.164,214.154,214.157,23
1779919680,214.156,214.173,214.156,214.164,27
1779919740,214.164,214.186,214.164,214.181,58
1779919800,214.18,214.208,214.18,214.208,45
1779919860,214.207,214.207,214.198,214.201,36
1779919920,214.203,214.217,214.202,214.213,47
1779919980,214.2,214.207,214.196,214.197,34
1779920040,214.197,214.199,214.196,214.197,26
1779920100,214.199,214.199,214.183,214.192,34
1779920160,214.192,214.203,214.178,214.202,46
1779920220,214.202,214.203,214.183,214.183,25
1779920280,214.183,214.198,214.183,214.197,24
1779920340,214.183,214.184,214.179,214.184,20
1779920400,214.182,214.19,214.178,214.181,66
1779920460,214.178,214.181,214.169,214.171,56
1779920520,214.181,214.184,214.167,214.167,35
1779920580,214.169,214.182,214.169,214.178,33
1779920640,214.18,214.182,214.178,214.181,22
1779920700,214.18,214.182,214.174,214.179,46
1779920760,214.181,214.181,214.169,214.171,36
1779920820,214.17,214.181,214.17,214.171,36
1779920880,214.171,214.178,214.166,214.178,32
1779920940,214.178,214.178,214.163,214.165,43
1779921000,214.165,214.167,214.154,214.16,84
1779921060,214.16,214.164,214.157,214.162,71
1779921120,214.162,214.166,214.157,214.165,44
1779921180,214.177,214.184,214.175,214.181,42
1779921240,214.181,214.184,214.18,214.183,15
1779921300,214.166,214.179,214.166,214.173,55
1779921360,214.171,214.187,214.171,214.183,31
1779921420,214.184,214.186,214.177,214.177,29
1779921480,214.181,214.186,214.18,214.184,32
1779921540,214.186,214.187,214.164,214.178,44
1779921600,214.181,214.182,214.169,214.18,30
1779921660,214.18,214.18,214.178,214.178,28
1779921720,214.179,214.182,214.174,214.174,35
1779921780,214.178,214.183,214.174,214.176,30
1779921840,214.174,214.178,214.168,214.177,55
1779921900,214.178,214.18,214.171,214.175,42
1779921960,214.175,214.175,214.147,214.159,35
1779922020,214.165,214.168,214.165,214.167,25
1779922080,214.167,214.168,214.147,214.147,38
1779922140,214.148,214.156,214.146,214.152,33
1779922200,214.151,214.159,214.151,214.154,47
1779922260,214.159,214.189,214.159,214.167,56
1779922320,214.167,214.171,214.167,214.17,18
1779922380,214.168,214.189,214.168,214.188,42
1779922440,214.189,214.191,214.187,214.189,13
1779922500,214.189,214.191,214.188,214.191,24
1779922560,214.189,214.192,214.189,214.189,25
1779922620,214.191,214.192,214.188,214.189,38
1779922680,214.188,214.193,214.18,214.181,55
1779922740,214.179,214.184,214.176,214.177,45
1779922800,214.18,214.18,214.162,214.167,43
1779922860,214.167,214.168,214.166,214.167,28
1779922920,214.168,214.181,214.168,214.178,38
1779922980,214.18,214.181,214.178,214.18,21
1779923040,214.181,214.181,214.176,214.179,37
1779923100,214.179,214.181,214.179,214.181,12
1779923160,214.18,214.191,214.18,214.189,30
1779923220,214.187,214.188,214.179,214.181,24
1779923280,214.179,214.183,214.178,214.183,26
1779923340,214.183,214.183,214.181,214.183,16
1779923400,214.183,214.183,214.178,214.18,23
1779923460,214.18,214.188,214.18,214.188,35
1779923520,214.188,214.188,214.186,214.188,14
1779923580,214.187,214.189,214.171,214.187,38
1779923640,214.186,214.189,214.184,214.187,20
1779923700,214.186,214.19,214.186,214.19,21
1779923760,214.19,214.199,214.18,214.196,40
1779923820,214.196,214.196,214.182,214.184,18
1779923880,214.185,214.194,214.182,214.194,18
1779923940,214.193,214.197,214.193,214.194,32
1779924000,214.196,214.197,214.187,214.187,50
1779924060,214.179,214.184,214.136,214.142,143
1779924120,214.142,214.147,214.131,214.138,92
1779924180,214.137,214.14,214.125,214.132,75
1779924240,214.132,214.147,214.132,214.144,94
1779924300,214.144,214.147,214.139,214.147,48
1779924360,214.144,214.149,214.141,214.143,72
1779924420,214.141,214.144,214.134,214.137,58
1779924480,214.135,214.147,214.134,214.142,61
1779924540,214.14,214.148,214.135,214.143,78
1779924600,214.146,214.15,214.107,214.11,97
1779924660,214.116,214.136,214.114,214.132,94
1779924720,214.129,214.134,214.127,214.13,47
1779924780,214.131,214.131,214.112,214.116,117
1779924840,214.115,214.118,214.109,214.115,79
1779924900,214.113,214.117,214.086,214.089,95
1779924960,214.09,214.108,214.086,214.106,60
1779925020,214.104,214.118,214.104,214.107,60
1779925080,214.107,214.108,214.102,214.105,18
1779925140,214.105,214.115,214.103,214.107,52
1779925200,214.108,214.124,214.107,214.116,49
1779925260,214.115,214.116,214.107,214.109,80
1779925320,214.11,214.117,214.107,214.114,61
1779925380,214.118,214.125,214.112,214.122,55
1779925440,214.122,214.123,214.113,214.122,78
1779925500,214.118,214.122,214.105,214.106,76
1779925560,214.105,214.119,214.103,214.114,88
1779925620,214.115,214.117,214.111,214.115,92
1779925680,214.115,214.125,214.114,214.121,46
1779925740,214.121,214.121,214.114,214.119,42
1779925800,214.119,214.136,214.118,214.129,50
1779925860,214.127,214.127,214.07,214.07,101
1779925920,214.07,214.08,214.058,214.067,106
1779925980,214.068,214.082,214.067,214.08,89
1779926040,214.078,214.084,214.071,214.079,85
1779926100,214.075,214.088,214.075,214.086,77
1779926160,214.086,214.091,214.082,214.087,83
1779926220,214.088,214.096,214.084,214.085,80
1779926280,214.085,214.092,214.08,214.083,90
1779926340,214.082,214.085,214.075,214.08,93
1779926400,214.075,214.08,214.064,214.072,173
1779926460,214.074,214.09,214.066,214.084,155
1779926520,214.085,214.091,214.077,214.086,145
1779926580,214.088,214.088,214.072,214.074,136
1779926640,214.076,214.087,214.071,214.078,122
1779926700,214.08,214.088,214.07,214.074,120
1779926760,214.075,214.085,214.062,214.073,103
1779926820,214.073,214.086,214.069,214.08,99
1779926880,214.081,214.092,214.076,214.08,130
1779926940,214.082,214.087,214.073,214.083,129
1779927000,214.085,214.085,214.065,214.068,115
1779927060,214.07,214.083,214.063,214.073,80
1779927120,214.075,214.086,214.072,214.078,91
1779927180,214.08,214.092,214.078,214.086,89
1779927240,214.086,214.089,214.073,214.078,136
1779927300,214.08,214.092,214.077,214.092,122
1779927360,214.091,214.094,214.079,214.09,118
1779927420,214.086,214.098,214.084,214.094,91
1779927480,214.097,214.114,214.097,214.109,105
1779927540,214.112,214.12,214.106,214.108,107
1779927600,214.115,214.12,214.107,214.115,93
1779927660,214.115,214.12,214.104,214.11,94
1779927720,214.109,214.116,214.105,214.109,95
1779927780,214.106,214.111,214.095,214.105,109
1779927840,214.106,214.106,214.084,214.087,102
1779927900,214.086,214.096,214.079,214.082,130
1779927960,214.081,214.1,214.081,214.086,126
1779928020,214.085,214.09,214.082,214.085,71
1779928080,214.084,214.103,214.084,214.101,78
1779928140,214.1,214.103,214.094,214.097,78
1779928200,214.098,214.101,214.078,214.081,134
1779928260,214.081,214.083,214.061,214.074,127
1779928320,214.077,214.091,214.074,214.084,142
1779928380,214.084,214.089,214.074,214.076,117
1779928440,214.076,214.076,214.063,214.075,125
1779928500,214.073,214.088,214.069,214.077,92
1779928560,214.077,214.078,214.062,214.071,86
1779928620,214.072,214.087,214.072,214.082,86
1779928680,214.083,214.09,214.074,214.089,76
1779928740,214.087,214.104,214.087,214.104,87
1779928800,214.105,214.105,214.093,214.101,96
1779928860,214.103,214.107,214.093,214.093,72
1779928920,214.092,214.096,214.085,214.089,84
1779928980,214.089,214.089,214.073,214.074,85
1779929040,214.076,214.076,214.059,214.069,95
1779929100,214.071,214.09,214.061,214.066,109
1779929160,214.065,214.068,214.054,214.059,95
1779929220,214.057,214.069,214.056,214.064,74
1779929280,214.062,214.08,214.062,214.07,86
1779929340,214.07,214.075,214.057,214.059,93
1779929400,214.062,214.07,214.048,214.051,132
1779929460,214.053,214.061,214.042,214.059,92
1779929520,214.058,214.066,214.045,214.046,101
1779929580,214.046,214.053,214.028,214.034,124
1779929640,214.035,214.052,214.016,214.027,172
1779929700,214.018,214.018,213.977,213.988,143
1779929760,213.99,214.002,213.975,213.99,146
1779929820,213.992,214.003,213.985,213.997,118
1779929880,214,214.04,214,214.039,120
1779929940,214.04,214.043,214.018,214.02,149
1779930000,214.027,214.027,214,214.009,156
1779930060,214.006,214.014,213.99,214,125
1779930120,214,214,213.972,213.986,137
1779930180,213.984,213.987,213.971,213.984,136
1779930240,213.983,214.009,213.981,214.005,143
1779930300,214.004,214.005,213.991,213.997,121
1779930360,213.993,214.002,213.986,213.991,135
1779930420,213.989,213.996,213.984,213.992,116
1779930480,213.993,214.004,213.989,214.001,110
1779930540,214,214.006,213.992,214.001,89
1779930600,214.002,214.008,213.993,213.995,101
1779930660,213.997,214.004,213.99,214.003,88
1779930720,214.001,214.004,213.977,213.977,118
1779930780,213.977,213.985,213.964,213.975,127
1779930840,213.973,213.993,213.973,213.985,117
1779930900,213.986,214.003,213.982,214.003,132
1779930960,214.002,214.005,213.985,213.989,108
1779931020,213.987,213.992,213.977,213.982,119
1779931080,213.981,213.998,213.973,213.978,118
1779931140,213.977,213.984,213.972,213.976,105
1779931200,213.976,213.982,213.967,213.969,95
1779931260,213.972,213.975,213.956,213.959,77
1779931320,213.958,213.972,213.957,213.97,93
1779931380,213.969,213.978,213.96,213.977,81
1779931440,213.975,213.989,213.974,213.976,113
1779931500,213.974,213.987,213.969,213.972,92
1779931560,213.97,213.974,213.961,213.962,119
1779931620,213.959,213.97,213.953,213.958,86
1779931680,213.957,213.964,213.954,213.962,85
1779931740,213.96,213.975,213.957,213.966,103
1779931800,213.966,213.974,213.955,213.965,121
1779931860,213.968,213.976,213.947,213.948,103
1779931920,213.949,213.956,213.923,213.93,131
1779931980,213.934,213.945,213.93,213.932,130
1779932040,213.933,213.956,213.933,213.947,115
1779932100,213.953,213.953,213.938,213.94,77
1779932160,213.941,213.947,213.933,213.945,89
1779932220,213.945,213.955,213.939,213.954,89
1779932280,213.957,213.957,213.945,213.951,94
1779932340,213.953,213.957,213.948,213.951,65
1779932400,213.95,213.953,213.934,213.939,99
1779932460,213.94,213.949,213.925,213.933,125
1779932520,213.933,213.936,213.922,213.93,103
1779932580,213.929,213.938,213.924,213.928,95
1779932640,213.93,213.93,213.921,213.924,63
1779932700,213.917,213.917,213.854,213.881,120
1779932760,213.883,213.897,213.882,213.887,132
1779932820,213.884,213.894,213.882,213.885,95
1779932880,213.887,213.895,213.88,213.889,111
1779932940,213.891,213.893,213.881,213.882,67
1779933000,213.88,213.883,213.874,213.878,95
1779933060,213.874,213.879,213.863,213.863,62
1779933120,213.861,213.881,213.858,213.876,81
1779933180,213.878,213.889,213.874,213.882,116
1779933240,213.88,213.884,213.867,213.867,82
1779933300,213.869,213.869,213.849,213.852,109
1779933360,213.852,213.858,213.832,213.843,107
1779933420,213.844,213.845,213.827,213.83,105
1779933480,213.832,213.835,213.824,213.825,76
1779933540,213.824,213.827,213.807,213.824,120
1779933600,213.826,213.854,213.824,213.833,132
1779933660,213.836,213.853,213.832,213.847,119
1779933720,213.845,213.866,213.84,213.866,138
1779933780,213.863,213.865,213.852,213.862,126
1779933840,213.864,213.871,213.856,213.865,125
1779933900,213.866,213.868,213.854,213.861,82
1779933960,213.862,213.873,213.862,213.872,122
1779934020,213.875,213.877,213.851,213.852,98
1779934080,213.854,213.869,213.846,213.862,106
1779934140,213.861,213.878,213.858,213.874,104
1779934200,213.874,213.882,213.858,213.858,116
1779934260,213.858,213.877,213.857,213.869,106
1779934320,213.87,213.877,213.866,213.874,90
1779934380,213.875,213.878,213.871,213.872,115
1779934440,213.871,213.876,213.863,213.875,100
1779934500,213.875,213.875,213.866,213.866,80
1779934560,213.866,213.869,213.85,213.854,115
1779934620,213.853,213.859,213.848,213.856,109
1779934680,213.858,213.866,213.85,213.855,71
1779934740,213.853,213.858,213.847,213.855,86
1779934800,213.853,213.873,213.847,213.851,97
1779934860,213.851,213.867,213.847,213.862,84
1779934920,213.857,213.865,213.846,213.851,88
1779934980,213.853,213.858,213.845,213.85,61
1779935040,213.851,213.863,213.845,213.852,68
1779935100,213.853,213.859,213.85,213.857,100
1779935160,213.856,213.862,213.853,213.859,56
1779935220,213.86,213.86,213.842,213.848,45
1779935280,213.849,213.859,213.849,213.856,46
1779935340,213.856,213.863,213.854,213.861,67
1779935400,213.856,213.872,213.856,213.862,124
1779935460,213.862,213.868,213.859,213.863,66
1779935520,213.866,213.867,213.863,213.864,67
1779935580,213.866,213.874,213.864,213.87,87
1779935640,213.869,213.872,213.861,213.865,102
1779935700,213.866,213.871,213.86,213.864,72
1779935760,213.863,213.863,213.847,213.863,88
1779935820,213.86,213.869,213.853,213.853,78
1779935880,213.856,213.86,213.851,213.853,73
1779935940,213.853,213.855,213.836,213.843,64
1779936000,213.845,213.851,213.841,213.848,59
1779936060,213.848,213.851,213.825,213.825,116
1779936120,213.827,213.831,213.82,213.826,110
1779936180,213.824,213.834,213.82,213.825,95
1779936240,213.824,213.825,213.816,213.824,77
1779936300,213.826,213.832,213.814,213.824,111
1779936360,213.822,213.83,213.816,213.827,95
1779936420,213.827,213.831,213.818,213.829,130
1779936480,213.828,213.838,213.823,213.836,113
1779936540,213.834,213.845,213.831,213.839,107
1779936600,213.839,213.842,213.829,213.835,110
1779936660,213.838,213.85,213.829,213.849,84
1779936720,213.847,213.861,213.845,213.857,106
1779936780,213.858,213.862,213.851,213.86,74
1779936840,213.864,213.864,213.845,213.845,86
1779936900,213.845,213.851,213.837,213.838,76
1779936960,213.838,213.841,213.832,213.837,74
1779937020,213.838,213.848,213.835,213.846,78
1779937080,213.842,213.847,213.834,213.834,95
1779937140,213.837,213.841,213.828,213.835,121
1779937200,213.836,213.845,213.83,213.839,119
1779937260,213.842,213.845,213.824,213.828,118
1779937320,213.831,213.834,213.821,213.828,112
1779937380,213.827,213.839,213.82,213.82,99
1779937440,213.822,213.822,213.803,213.803,81
1779937500,213.808,213.82,213.807,213.811,106
1779937560,213.809,213.817,213.809,213.814,71
1779937620,213.817,213.831,213.811,213.828,71
1779937680,213.829,213.842,213.801,213.806,96
1779937740,213.806,213.808,213.777,213.783,84
1779937800,213.784,213.784,213.763,213.771,95
1779937860,213.769,213.774,213.75,213.751,116
1779937920,213.753,213.766,213.75,213.755,116
1779937980,213.757,213.76,213.73,213.734,95
1779938040,213.734,213.738,213.717,213.719,113
1779938100,213.721,213.725,213.71,213.718,134
1779938160,213.716,213.73,213.716,213.728,109
1779938220,213.726,213.741,213.721,213.721,132
1779938280,213.72,213.723,213.687,213.689,120
1779938340,213.686,213.691,213.657,213.662,178
1779938400,213.664,213.7,213.662,213.682,158
1779938460,213.683,213.688,213.674,213.677,124
1779938520,213.679,213.68,213.666,213.667,133
1779938580,213.667,213.669,213.654,213.664,116
1779938640,213.661,213.676,213.659,213.661,131
1779938700,213.66,213.674,213.659,213.663,113
1779938760,213.664,213.674,213.66,213.671,125
1779938820,213.67,213.686,213.666,213.683,143
1779938880,213.684,213.701,213.684,213.701,114
1779938940,213.7,213.701,213.662,213.667,153
1779939000,213.665,213.668,213.638,213.641,185
1779939060,213.639,213.651,213.632,213.636,134
1779939120,213.638,213.643,213.584,213.592,169
1779939180,213.593,213.593,213.561,213.567,122
1779939240,213.568,213.575,213.549,213.573,191
1779939300,213.574,213.614,213.571,213.61,153
1779939360,213.612,213.618,213.592,213.594,200
1779939420,213.591,213.606,213.59,213.599,143
1779939480,213.591,213.597,213.547,213.562,170
1779939540,213.561,213.58,213.551,213.551,179
1779939600,213.55,213.577,213.549,213.557,181
1779939660,213.554,213.561,213.545,213.545,190
1779939720,213.547,213.547,213.517,213.52,183
1779939780,213.518,213.525,213.5,213.514,182
1779939840,213.508,213.526,213.502,213.513,174
1779939900,213.514,213.538,213.509,213.536,137
1779939960,213.531,213.535,213.513,213.523,151
1779940020,213.522,213.531,213.485,213.497,183
1779940080,213.498,213.503,213.467,213.471,157
1779940140,213.474,213.486,213.469,213.48,158
1779940200,213.478,213.482,213.44,213.451,141
1779940260,213.45,213.484,213.445,213.474,137
1779940320,213.475,213.478,213.456,213.468,124
1779940380,213.468,213.471,213.446,213.446,113
1779940440,213.458,213.462,213.443,213.446,113
1779940500,213.445,213.447,213.422,213.435,134
1779940560,213.434,213.437,213.415,213.415,109
1779940620,213.417,213.431,213.414,213.414,122
1779940680,213.416,213.422,213.4,213.405,153
1779940740,213.405,213.413,213.385,213.385,109
1779940800,213.384,213.397,213.377,213.384,131
1779940860,213.383,213.389,213.359,213.359,148
1779940920,213.358,213.39,213.354,213.387,109
1779940980,213.387,213.392,213.37,213.37,125
1779941040,213.371,213.394,213.359,213.394,117
1779941100,213.395,213.397,213.351,213.364,128
1779941160,213.362,213.374,213.355,213.368,119
1779941220,213.37,213.38,213.363,213.378,116
1779941280,213.376,213.399,213.375,213.38,123
1779941340,213.378,213.409,213.378,213.406,153
1779941400,213.407,213.408,213.392,213.401,133
1779941460,213.4,213.4,213.361,213.361,126
1779941520,213.365,213.375,213.344,213.351,164
1779941580,213.349,213.362,213.33,213.331,106
1779941640,213.331,213.355,213.329,213.352,110
1779941700,213.35,213.353,213.33,213.35,126
1779941760,213.351,213.393,213.349,213.393,127
1779941820,213.391,213.399,213.379,213.381,121
1779941880,213.382,213.404,213.381,213.39,127
1779941940,213.39,213.391,213.352,213.353,139
1779942000,213.352,213.368,213.352,213.354,154
1779942060,213.355,213.365,213.352,213.365,130
1779942120,213.365,213.378,213.362,213.368,111
1779942180,213.368,213.389,213.368,213.386,130
1779942240,213.387,213.407,213.386,213.394,106
1779942300,213.395,213.398,213.387,213.387,123
1779942360,213.387,213.387,213.37,213.38,100
1779942420,213.375,213.376,213.354,213.355,110
1779942480,213.358,213.379,213.357,213.378,119
1779942540,213.377,213.384,213.357,213.366,88
1779942600,213.366,213.367,213.351,213.362,120
1779942660,213.363,213.377,213.355,213.368,121
1779942720,213.37,213.383,213.366,213.378,116
1779942780,213.38,213.398,213.375,213.385,123
1779942840,213.383,213.408,213.383,213.393,99
1779942900,213.394,213.397,213.386,213.395,95
1779942960,213.397,213.423,213.395,213.421,102
1779943020,213.416,213.443,213.408,213.44,122
1779943080,213.445,213.449,213.44,213.448,104
1779943140,213.446,213.464,213.443,213.464,96
1779943200,213.459,213.482,213.459,213.478,109
1779943260,213.48,213.485,213.468,213.475,102
1779943320,213.478,213.478,213.447,213.449,113
1779943380,213.449,213.46,213.449,213.453,101
1779943440,213.459,213.466,213.458,213.46,107
1779943500,213.463,213.472,213.458,213.471,118
1779943560,213.471,213.472,213.457,213.458,101
1779943620,213.457,213.463,213.457,213.459,87
1779943680,213.457,213.469,213.457,213.461,68
1779943740,213.463,213.478,213.463,213.478,68
1779943800,213.477,213.482,213.471,213.473,94
1779943860,213.471,213.497,213.471,213.495,109
1779943920,213.495,213.496,213.469,213.473,102
1779943980,213.472,213.483,213.469,213.475,124
1779944040,213.474,213.483,213.474,213.483,88
1779944100,213.483,213.499,213.48,213.493,130
1779944160,213.494,213.501,213.484,213.496,83
1779944220,213.496,213.498,213.469,213.471,82
1779944280,213.471,213.484,213.469,213.47,112
1779944340,213.472,213.477,213.46,213.476,89
1779944400,213.474,213.483,213.465,213.47,136
1779944460,213.473,213.473,213.454,213.463,111
1779944520,213.464,213.467,213.461,213.461,121
1779944580,213.463,213.469,213.458,213.465,95
1779944640,213.466,213.477,213.464,213.465,92
1779944700,213.464,213.471,213.464,213.468,65
1779944760,213.473,213.478,213.467,213.47,63
1779944820,213.469,213.487,213.469,213.486,125
1779944880,213.488,213.488,213.451,213.454,92
1779944940,213.459,213.459,213.438,213.447,97
1779945000,213.448,213.45,213.424,213.432,86
1779945060,213.432,213.435,213.427,213.434,64
1779945120,213.434,213.447,213.434,213.439,75
1779945180,213.435,213.446,213.429,213.446,95
1779945240,213.453,213.475,213.448,213.468,97
1779945300,213.469,213.469,213.457,213.462,76
1779945360,213.46,213.471,213.45,213.468,91
1779945420,213.47,213.481,213.47,213.476,88
1779945480,213.477,213.48,213.464,213.477,99
1779945540,213.476,213.476,213.464,213.467,78
1779945600,213.467,213.476,213.467,213.473,83
1779945660,213.475,213.487,213.473,213.485,89
1779945720,213.482,213.497,213.482,213.488,119
1779945780,213.487,213.504,213.487,213.504,104
1779945840,213.503,213.531,213.5,213.521,92
1779945900,213.527,213.534,213.521,213.522,111
1779945960,213.524,213.544,213.519,213.543,96
1779946020,213.541,213.549,213.531,213.544,137
1779946080,213.546,213.563,213.544,213.563,78
1779946140,213.563,213.573,213.558,213.559,83
1779946200,213.561,213.618,213.558,213.602,164
1779946260,213.6,213.615,213.59,213.615,154
1779946320,213.614,213.617,213.603,213.614,94
1779946380,213.615,213.633,213.613,213.632,124
1779946440,213.631,213.66,213.629,213.657,108
1779946500,213.658,213.669,213.644,213.658,128
1779946560,213.66,213.661,213.642,213.654,109
1779946620,213.652,213.654,213.623,213.636,133
1779946680,213.636,213.644,213.631,213.641,88
1779946740,213.642,213.658,213.642,213.657,114
1779946800,213.656,213.678,213.653,213.668,133
1779946860,213.667,213.684,213.667,213.679,109
1779946920,213.683,213.699,213.683,213.685,112
1779946980,213.686,213.696,213.679,213.68,101
1779947040,213.681,213.683,213.67,213.675,97
1779947100,213.674,213.687,213.672,213.683,100
1779947160,213.68,213.684,213.671,213.676,113
1779947220,213.678,213.688,213.678,213.681,93
1779947280,213.683,213.694,213.681,213.692,87
1779947340,213.699,213.711,213.689,213.707,102
1779947400,213.704,213.724,213.704,213.72,80
1779947460,213.717,213.726,213.712,213.723,114
1779947520,213.72,213.721,213.705,213.707,79
1779947580,213.71,213.714,213.693,213.707,122
1779947640,213.708,213.716,213.7,213.708,109
1779947700,213.706,213.713,213.701,213.712,125
1779947760,213.712,213.712,213.698,213.709,115
1779947820,213.71,213.71,213.696,213.707,129
1779947880,213.707,213.708,213.696,213.699,124
1779947940,213.697,213.704,213.679,213.68,128
1779948000,213.678,213.697,213.661,213.692,175
1779948060,213.691,213.709,213.688,213.703,124
1779948120,213.703,213.711,213.689,213.709,117
1779948180,213.709,213.71,213.689,213.7,121
1779948240,213.702,213.71,213.689,213.691,129
1779948300,213.689,213.713,213.689,213.708,143
1779948360,213.709,213.711,213.675,213.692,121
1779948420,213.691,213.694,213.685,213.689,131
1779948480,213.691,213.692,213.675,213.688,117
1779948540,213.689,213.7,213.682,213.691,129
1779948600,213.689,213.704,213.687,213.704,124
1779948660,213.699,213.705,213.676,213.679,151
1779948720,213.68,213.686,213.669,213.686,133
1779948780,213.687,213.713,213.687,213.71,144
1779948840,213.712,213.746,213.709,213.726,155
1779948900,213.728,213.734,213.71,213.721,132
1779948960,213.724,213.726,213.706,213.716,101
1779949020,213.722,213.735,213.72,213.728,121
1779949080,213.73,213.73,213.713,213.715,101
1779949140,213.716,213.735,213.702,213.726,130
1779949200,213.727,213.747,213.723,213.736,120
1779949260,213.747,213.748,213.726,213.734,84
1779949320,213.737,213.768,213.732,213.768,126
1779949380,213.769,213.781,213.766,213.771,112
1779949440,213.771,213.775,213.75,213.757,134
1779949500,213.756,213.777,213.755,213.756,140
1779949560,213.755,213.771,213.753,213.762,115
1779949620,213.76,213.78,213.758,213.78,136
1779949680,213.778,213.778,213.751,213.76,111
1779949740,213.755,213.758,213.745,213.747,118
1779949800,213.756,213.766,213.742,213.766,102
1779949860,213.767,213.813,213.767,213.811,121
1779949920,213.808,213.817,213.796,213.802,137
1779949980,213.804,213.821,213.79,213.792,133
1779950040,213.793,213.804,213.775,213.804,161
1779950100,213.803,213.806,213.787,213.797,137
1779950160,213.795,213.824,213.794,213.811,157
1779950220,213.813,213.826,213.807,213.811,142
1779950280,213.811,213.812,213.791,213.8,114
1779950340,213.802,213.825,213.802,213.812,146
1779950400,213.81,213.811,213.784,213.799,138
1779950460,213.8,213.809,213.795,213.797,100
1779950520,213.797,213.803,213.782,213.795,122
1779950580,213.796,213.803,213.795,213.803,116
1779950640,213.803,213.815,213.78,213.798,132
1779950700,213.798,213.808,213.791,213.803,129
1779950760,213.802,213.819,213.798,213.819,111
1779950820,213.82,213.82,213.801,213.805,94
1779950880,213.807,213.815,213.788,213.791,96
1779950940,213.788,213.806,213.783,213.802,115
1779951000,213.8,213.803,213.788,213.796,92
1779951060,213.798,213.798,213.761,213.764,128
1779951120,213.763,213.766,213.743,213.756,128
1779951180,213.757,213.774,213.755,213.757,118
1779951240,213.759,213.769,213.748,213.757,132
1779951300,213.757,213.78,213.755,213.775,143
1779951360,213.774,213.783,213.762,213.765,116
1779951420,213.766,213.782,213.762,213.782,115
1779951480,213.781,213.797,213.775,213.783,138
1779951540,213.783,213.79,213.775,213.777,109
1779951600,213.782,213.814,213.773,213.803,196
1779951660,213.803,213.822,213.784,213.821,179
1779951720,213.825,213.828,213.809,213.81,151
1779951780,213.811,213.848,213.802,213.842,139
1779951840,213.844,213.844,213.817,213.84,148
1779951900,213.836,213.841,213.818,213.819,135
1779951960,213.817,213.827,213.798,213.811,134
1779952020,213.81,213.821,213.802,213.818,151
1779952080,213.819,213.859,213.817,213.855,156
1779952140,213.849,213.859,213.841,213.857,145
1779952200,213.856,213.865,213.854,213.865,89
1779952260,213.866,213.886,213.862,213.871,177
1779952320,213.872,213.876,213.85,213.853,133
1779952380,213.852,213.871,213.852,213.86,131
1779952440,213.861,213.871,213.85,213.855,146
1779952500,213.853,213.853,213.815,213.817,166
1779952560,213.815,213.829,213.812,213.815,138
1779952620,213.816,213.824,213.803,213.815,140
1779952680,213.818,213.824,213.804,213.815,114
1779952740,213.814,213.827,213.81,213.82,120
1779952800,213.819,213.823,213.795,213.796,163
1779952860,213.799,213.807,213.776,213.778,130
1779952920,213.78,213.784,213.769,213.769,100
1779952980,213.774,213.808,213.773,213.789,160
1779953040,213.787,213.797,213.782,213.794,164
1779953100,213.795,213.797,213.774,213.774,161
1779953160,213.772,213.773,213.729,213.742,151
1779953220,213.744,213.774,213.737,213.769,112
1779953280,213.767,213.787,213.764,213.785,138
1779953340,213.786,213.793,213.776,213.785,158
1779953400,213.783,213.8,213.769,213.795,153
1779953460,213.797,213.821,213.795,213.802,164
1779953520,213.801,213.817,213.799,213.815,144
1779953580,213.815,213.822,213.808,213.816,149
1779953640,213.817,213.823,213.798,213.798,134
1779953700,213.799,213.799,213.768,213.779,123
1779953760,213.779,213.78,213.759,213.764,148
1779953820,213.765,213.773,213.759,213.76,119
1779953880,213.757,213.765,213.731,213.748,150
1779953940,213.75,213.771,213.747,213.753,130
1779954000,213.749,213.778,213.745,213.778,124
1779954060,213.776,213.778,213.754,213.766,117
1779954120,213.768,213.77,213.757,213.765,117
1779954180,213.767,213.781,213.763,213.773,106
1779954240,213.769,213.769,213.749,213.762,93
1779954300,213.763,213.763,213.743,213.749,113
1779954360,213.75,213.786,213.749,213.779,107
1779954420,213.779,213.79,213.763,213.766,118
1779954480,213.768,213.796,213.763,213.79,124
1779954540,213.799,213.799,213.786,213.797,122
1779954600,213.794,213.81,213.786,213.805,121
1779954660,213.808,213.808,213.774,213.776,107
1779954720,213.776,213.776,213.747,213.751,98
1779954780,213.752,213.76,213.73,213.736,92
1779954840,213.739,213.747,213.734,213.743,151
1779954900,213.74,213.757,213.734,213.74,124
1779954960,213.74,213.747,213.732,213.74,160
1779955020,213.739,213.741,213.729,213.739,114
1779955080,213.741,213.756,213.738,213.747,137
1779955140,213.75,213.754,213.731,213.743,143
1779955200,213.744,213.752,213.721,213.747,196
1779955260,213.745,213.765,213.732,213.753,154
1779955320,213.751,213.751,213.728,213.735,160
1779955380,213.738,213.753,213.73,213.746,121
1779955440,213.744,213.77,213.735,213.77,149
1779955500,213.769,213.77,213.751,213.757,162
1779955560,213.759,213.766,213.748,213.759,132
1779955620,213.759,213.778,213.752,213.775,118
1779955680,213.776,213.777,213.748,213.759,106
1779955740,213.76,213.772,213.751,213.754,99
1779955800,213.752,213.754,213.732,213.735,74
1779955860,213.737,213.751,213.731,213.731,134
1779955920,213.73,213.742,213.721,213.735,116
1779955980,213.735,213.737,213.691,213.698,127
1779956040,213.696,213.718,213.683,213.714,156
1779956100,213.711,213.727,213.701,213.719,142
1779956160,213.72,213.72,213.704,213.715,138
1779956220,213.718,213.732,213.718,213.73,123
1779956280,213.73,213.734,213.71,213.713,144
1779956340,213.712,213.727,213.705,213.719,115
1779956400,213.719,213.75,213.719,213.742,116
1779956460,213.744,213.744,213.723,213.733,119
1779956520,213.735,213.749,213.733,213.742,118
1779956580,213.742,213.753,213.736,213.749,113
1779956640,213.747,213.758,213.743,213.743,143
1779956700,213.745,213.749,213.722,213.726,131
1779956760,213.729,213.729,213.701,213.711,133
1779956820,213.711,213.716,213.704,213.708,122
1779956880,213.71,213.713,213.689,213.7,149
1779956940,213.696,213.724,213.691,213.724,159
1779957000,213.724,213.726,213.691,213.716,148
1779957060,213.715,213.729,213.712,213.728,113
1779957120,213.728,213.728,213.71,213.713,127
1779957180,213.712,213.717,213.7,213.713,108
1779957240,213.711,213.727,213.7,213.705,114
1779957300,213.712,213.716,213.693,213.697,136
1779957360,213.697,213.709,213.688,213.688,93
1779957420,213.687,213.701,213.681,213.695,134
1779957480,213.691,213.694,213.68,213.691,110
1779957540,213.692,213.692,213.671,213.682,94
1779957600,213.683,213.688,213.671,213.684,96
1779957660,213.683,213.708,213.681,213.693,138
1779957720,213.695,213.695,213.672,213.677,112
1779957780,213.679,213.681,213.637,213.639,105
1779957840,213.641,213.642,213.62,213.637,131
1779957900,213.637,213.651,213.633,213.651,95
1779957960,213.648,213.673,213.644,213.67,116
1779958020,213.671,213.679,213.667,213.675,106
1779958080,213.673,213.678,213.655,213.67,108
1779958140,213.668,213.69,213.666,213.689,149
1779958200,213.689,213.695,213.68,213.692,121
1779958260,213.694,213.714,213.692,213.707,101
1779958320,213.709,213.735,213.708,213.733,120
1779958380,213.732,213.734,213.719,213.727,104
1779958440,213.726,213.732,213.705,213.71,120
1779958500,213.708,213.713,213.695,213.695,102
1779958560,213.697,213.697,213.68,213.687,117
1779958620,213.686,213.719,213.686,213.711,101
1779958680,213.712,213.716,213.7,213.712,83
1779958740,213.714,213.715,213.698,213.7,88
1779958800,213.698,213.718,213.69,213.715,117
1779958860,213.713,213.717,213.701,213.715,68
1779958920,213.714,213.73,213.705,213.73,126
1779958980,213.731,213.738,213.721,213.733,120
1779959040,213.731,213.733,213.72,213.728,110
1779959100,213.728,213.734,213.718,213.729,150
1779959160,213.733,213.736,213.704,213.718,115
1779959220,213.718,213.725,213.704,213.711,144
1779959280,213.709,213.741,213.707,213.741,145
1779959340,213.739,213.748,213.713,213.713,124
1779959400,213.713,213.723,213.71,213.712,132
1779959460,213.715,213.731,213.709,213.73,134
1779959520,213.728,213.743,213.726,213.733,99
1779959580,213.736,213.747,213.723,213.734,93
1779959640,213.735,213.74,213.721,213.733,111
1779959700,213.732,213.746,213.723,213.726,130
1779959760,213.728,213.728,213.686,213.686,144
1779959820,213.688,213.691,213.679,213.685,131
1779959880,213.684,213.714,213.683,213.711,126
1779959940,213.709,213.714,213.689,213.692,127
1779960000,213.691,213.697,213.678,213.689,157
1779960060,213.69,213.722,213.69,213.719,128
1779960120,213.719,213.738,213.719,213.729,102
1779960180,213.729,213.729,213.702,213.702,127
1779960240,213.701,213.702,213.688,213.697,101
1779960300,213.698,213.714,213.697,213.706,112
1779960360,213.706,213.706,213.68,213.688,129
1779960420,213.687,213.694,213.679,213.68,146
1779960480,213.682,213.682,213.66,213.663,119
1779960540,213.663,213.664,213.651,213.655,115
1779960600,213.653,213.68,213.653,213.672,119
1779960660,213.67,213.68,213.669,213.675,106
1779960720,213.672,213.672,213.643,213.648,115
1779960780,213.644,213.652,213.626,213.635,133
1779960840,213.638,213.654,213.631,213.649,103
1779960900,213.648,213.652,213.637,213.647,120
1779960960,213.647,213.652,213.641,213.647,109
1779961020,213.647,213.657,213.632,213.635,106
1779961080,213.638,213.638,213.614,213.615,122
1779961140,213.617,213.629,213.61,213.615,118
1779961200,213.615,213.628,213.611,213.618,122
1779961260,213.618,213.633,213.617,213.619,112
1779961320,213.62,213.62,213.598,213.607,123
1779961380,213.605,213.607,213.572,213.573,140
1779961440,213.575,213.579,213.561,213.563,131
1779961500,213.563,213.563,213.535,213.554,118
1779961560,213.553,213.577,213.553,213.577,127
1779961620,213.575,213.578,213.54,213.566,126
1779961680,213.567,213.575,213.565,213.575,95
1779961740,213.573,213.575,213.557,213.569,110
1779961800,213.567,213.59,213.567,213.581,122
1779961860,213.575,213.588,213.567,213.58,121
1779961920,213.58,213.581,213.558,213.579,144
1779961980,213.581,213.596,213.576,213.588,111
1779962040,213.585,213.59,213.563,213.566,121
1779962100,213.565,213.572,213.541,213.543,126
1779962160,213.544,213.552,213.54,213.549,99
1779962220,213.549,213.557,213.54,213.552,138
1779962280,213.552,213.552,213.531,213.535,141
1779962340,213.536,213.554,213.533,213.55,126
1779962400,213.55,213.55,213.534,213.545,119
1779962460,213.547,213.549,213.512,213.512,140
1779962520,213.514,213.554,213.514,213.552,148
1779962580,213.548,213.555,213.537,213.544,138
1779962640,213.545,213.549,213.527,213.53,136
1779962700,213.524,213.535,213.494,213.494,124
