time,open,high,low,close,volume
1779618660,2117.65,2118.31,2117.65,2117.91,36
1779618720,2116.81,2116.81,2116.18,2116.62,58
1779618780,2117.92,2120.17,2117.9,2119.79,74
1779618840,2118.75,2118.75,2118.75,2118.75,2
1779618900,2119.43,2119.43,2119.43,2119.43,2
1779618960,2117.53,2117.73,2117.53,2117.73,4
1779619020,2117.98,2118.26,2117.73,2117.73,30
1779619080,2116.82,2118.27,2116.75,2118.27,34
1779619140,2117.34,2117.34,2117.2,2117.2,14
1779619200,2117.38,2117.38,2116.86,2117.1,34
1779619260,2116.72,2116.72,2116.68,2116.68,4
1779619320,2116.26,2116.26,2116.22,2116.23,6
1779619380,2116.23,2116.23,2115.96,2116.2,22
1779619440,2116.88,2116.88,2116.36,2116.36,18
1779619500,2116.7,2116.7,2116.49,2116.49,12
1779619560,2115.69,2115.69,2115.44,2115.44,18
1779619620,2116.27,2116.58,2116.13,2116.58,22
1779619680,2116.29,2116.29,2115.52,2115.53,44
1779619740,2116.13,2116.4,2116.08,2116.35,28
1779619800,2116.65,2116.74,2116.65,2116.74,6
1779619860,2116.25,2116.29,2116.25,2116.29,8
1779619920,2117.28,2117.47,2117.28,2117.47,10
1779619980,2118.24,2118.6,2117.98,2117.98,30
1779620040,2118.2,2118.26,2118.11,2118.26,18
1779620100,2117.68,2117.92,2117.47,2117.47,34
1779620160,2118.35,2118.35,2118.35,2118.35,2
1779620220,2118.25,2118.25,2118.25,2118.25,2
1779620280,2117.8,2117.8,2117.63,2117.63,8
1779620340,2117.88,2117.92,2117.88,2117.92,8
1779620400,2118.05,2118.66,2117.92,2118.58,34
1779620460,2119.2,2119.36,2119.07,2119.27,36
1779620520,2119.26,2120.12,2119.26,2120.12,48
1779620580,2119.86,2119.86,2119.86,2119.86,2
1779620640,2119.76,2119.76,2119.6,2119.6,6
1779620700,2120.1,2120.23,2120.1,2120.23,8
1779620760,2120.28,2120.51,2120.22,2120.51,28
1779620820,2120.21,2120.32,2120.21,2120.25,10
1779620880,2120.03,2120.61,2120.03,2120.61,16
1779620940,2119.56,2119.62,2119.46,2119.53,26
1779621000,2120.52,2120.52,2120.37,2120.37,6
1779621060,2120.27,2120.27,2120.09,2120.09,6
1779621120,2121.05,2121.52,2120.8,2121.52,32
1779621180,2121.86,2122.68,2121.86,2122.21,40
1779621240,2121.2,2121.27,2120.69,2121,44
1779621300,2121.39,2121.39,2121.01,2121.11,40
1779622320,2121.61,2121.61,2121.57,2121.57,4
1779622380,2121.97,2121.97,2121.77,2121.82,8
1779622500,2122.71,2122.83,2122.71,2122.83,4
1779622560,2122.35,2122.41,2122.29,2122.35,14
1779622620,2122.94,2122.94,2122.91,2122.91,6
1779622680,2121.6,2121.65,2121.28,2121.28,34
1779622740,2120.96,2121.15,2120.71,2120.83,24
1779622800,2121.22,2121.75,2121.22,2121.69,20
1779622860,2122,2122.2,2122,2122.13,18
1779623040,2121.25,2121.25,2121.2,2121.2,8
1779623100,2121.26,2121.35,2121.18,2121.3,8
1779623160,2122.1,2122.14,2122.1,2122.14,6
1779623220,2122.2,2122.2,2122.04,2122.04,4
1779623280,2121.73,2121.73,2121.47,2121.68,20
1779623340,2121.77,2122.25,2121.37,2121.37,48
1779623400,2120.38,2120.54,2120,2120.49,68
1779623460,2120.65,2120.98,2120.5,2120.58,42
1779623520,2120.57,2120.86,2120.57,2120.81,10
1779623580,2121.32,2121.35,2121.31,2121.31,8
1779623640,2121.77,2122.26,2121.77,2122.26,24
1779623700,2121.8,2122.02,2121.66,2122,22
1779623760,2122.36,2122.66,2122.12,2122.59,36
1779623820,2121.72,2121.9,2120.8,2120.84,36
1779623880,2120.83,2120.83,2120.83,2120.83,2
1779623940,2120.95,2121.14,2120.95,2121.06,20
1779624000,2121.75,2122.23,2121.75,2122.17,20
1779624060,2121.5,2121.5,2120.98,2120.98,24
1779624120,2120.79,2120.79,2120.71,2120.71,6
1779624180,2120.18,2120.49,2120.12,2120.16,42
1779624240,2119.66,2119.92,2119.15,2119.71,56
1779624300,2119.58,2119.85,2119.58,2119.85,4
1779624360,2119.49,2119.73,2119.49,2119.66,12
1779624420,2119.57,2119.57,2119.4,2119.4,4
1779624480,2119.53,2119.53,2119.52,2119.52,4
1779624540,2119.67,2119.67,2119.08,2119.11,24
1779624600,2119.19,2119.33,2119,2119,20
1779624660,2118.7,2118.88,2118.49,2118.52,30
1779624720,2118.59,2118.78,2118.5,2118.78,12
1779624780,2119,2119.03,2119,2119.03,6
1779624840,2118.62,2118.83,2118.62,2118.64,8
1779624900,2119.8,2119.8,2119.8,2119.8,2
1779624960,2119.4,2119.4,2118.48,2118.5,36
1779625020,2116.3,2116.74,2116.22,2116.22,34
1779625080,2116.75,2117,2116.37,2116.94,52
1779625140,2116.64,2116.82,2116.64,2116.82,8
1779625200,2116.19,2116.19,2116.09,2116.1,12
1779625260,2115.08,2115.56,2115.08,2115.56,16
1779625320,2114.95,2115.24,2114.95,2115.22,24
1779625500,2115.72,2116.21,2115.72,2116.21,22
1779625560,2115.76,2115.76,2115.42,2115.42,10
1779625620,2115.4,2115.43,2115.4,2115.42,14
1779625680,2115.14,2115.14,2115.1,2115.1,8
1779625740,2115.04,2115.14,2114.97,2115.05,28
1779625800,2114.21,2114.66,2114.2,2114.66,10
1779625860,2115.79,2116.19,2114.96,2114.96,28
1779625920,2114.94,2115.53,2114.91,2115.46,32
1779625980,2115.87,2115.9,2115.57,2115.9,26
1779626040,2114.94,2115.49,2113.04,2113.21,56
1779626100,2114.16,2115.2,2114.16,2114.58,68
1779626160,2114.81,2114.94,2114.81,2114.94,6
1779626220,2114.67,2114.9,2114.67,2114.9,14
1779626280,2115.23,2115.23,2114.74,2115.05,24
1779626340,2114.86,2115.15,2114.86,2115.15,10
1779626400,2115.74,2115.83,2115.72,2115.72,20
1779626580,2116.92,2116.98,2116.55,2116.95,42
1779626640,2117.43,2117.44,2117.43,2117.44,4
1779627060,2116.09,2116.09,2116.06,2116.06,4
1779627120,2116.05,2116.27,2115.92,2115.92,24
1779627180,2115.9,2115.93,2115.9,2115.9,12
1779627240,2115.7,2115.92,2115.7,2115.92,4
1779627300,2115.53,2115.54,2115.42,2115.42,18
1779627360,2115.51,2115.51,2115.51,2115.51,2
1779627420,2115.45,2115.6,2115.45,2115.59,12
1779627480,2115.74,2115.76,2115.74,2115.74,6
1779627540,2115.9,2115.9,2115.71,2115.78,22
1779627600,2115.89,2116.1,2115.89,2115.96,30
1779627660,2116.04,2116.6,2116.04,2116.6,12
1779627720,2115.89,2115.89,2115.72,2115.72,14
1779627780,2115.41,2115.43,2115.41,2115.43,4
1779627840,2114.35,2114.87,2114.35,2114.87,20
1779627900,2115.2,2115.35,2114.58,2114.63,30
1779627960,2114.81,2114.92,2114.73,2114.92,46
1779628020,2114.95,2115.19,2114.95,2115.19,4
1779628080,2115.28,2115.28,2115,2115,22
1779628200,2115.09,2115.52,2114.01,2114.64,96
1779628320,2114.97,2115.24,2114.97,2115.13,26
1779628380,2114.92,2114.92,2114.92,2114.92,2
1779628440,2114.71,2114.87,2114.58,2114.63,24
1779628500,2114.74,2115.11,2114.74,2115.11,16
1779628560,2115.51,2115.51,2115.23,2115.37,32
1779628620,2115.59,2115.76,2115.59,2115.76,8
1779628680,2115.74,2116.05,2115.74,2116.05,24
1779628800,2116.15,2116.4,2116.15,2116.4,22
1779628860,2116.73,2116.73,2116.73,2116.73,2
1779628920,2116.42,2116.43,2116.39,2116.43,8
1779628980,2116.12,2116.26,2116.12,2116.26,12
1779629040,2116.18,2116.18,2115.98,2116.04,12
1779629100,2115.43,2116.04,2115.43,2115.76,30
1779629160,2115.82,2115.88,2115.78,2115.84,20
1779629220,2115.69,2115.97,2115.69,2115.97,18
1779629280,2115.02,2115.02,2114.19,2114.41,44
1779629340,2112.41,2112.76,2112.41,2112.76,12
1779629400,2113.89,2114.44,2113.89,2114.44,22
1779629460,2115.2,2116.3,2115.2,2116.22,36
1779629520,2116.49,2116.5,2116.37,2116.37,14
1779629580,2116.1,2116.1,2115.45,2115.45,52
1779629640,2115.4,2115.4,2114.76,2114.76,44
1779629700,2114.79,2114.86,2114.79,2114.86,4
1779629760,2115.33,2115.33,2114.59,2114.59,22
1779629820,2112.72,2112.72,2112.08,2112.35,36
1779629880,2112.41,2112.41,2111.42,2111.42,44
1779629940,2112.43,2112.76,2112.43,2112.7,38
1779630000,2112.65,2113.39,2112.64,2113.39,42
1779630060,2114.17,2114.88,2114.12,2114.44,64
1779630120,2114.56,2114.56,2114.07,2114.12,10
1779630360,2114.72,2115.16,2114.68,2115.06,32
1779630420,2114.86,2114.86,2114.55,2114.56,24
1779630600,2113.17,2113.39,2112.28,2112.6,64
1779630660,2112.72,2112.82,2112.67,2112.72,20
1779630720,2112.08,2112.36,2112.07,2112.31,18
1779630780,2111.59,2111.59,2110.17,2110.95,62
1779630840,2109.66,2109.74,2109.63,2109.63,8
1779630900,2104.51,2106.2,2104.51,2105.94,32
1779630960,2105.02,2105.12,2103.18,2104.14,58
1779631020,2102.57,2104.07,2102.36,2103.41,62
1779631080,2103.35,2104.28,2103.08,2104.14,58
1779631140,2104.8,2105.6,2104.8,2105.6,58
1779631200,2106.24,2106.28,2104.84,2105.56,88
1779631260,2107.48,2107.48,2107.02,2107.18,16
1779631320,2107.97,2108.02,2107.85,2107.9,20
1779631380,2104.59,2104.93,2104.35,2104.35,40
1779631440,2105.11,2105.36,2104.03,2104.99,64
1779631500,2105.55,2106.75,2105.55,2106.52,90
1779631560,2106.84,2106.98,2106.59,2106.98,22
1779631620,2106.98,2107.02,2106.84,2106.84,14
1779631680,2107.15,2107.76,2106.56,2106.56,70
1779631740,2106.32,2106.36,2106.2,2106.34,18
1779631800,2106.33,2106.72,2106.33,2106.72,20
1779631860,2107.42,2107.44,2106.59,2106.67,38
1779631920,2104.13,2104.13,2099.84,2100.62,120
1779631980,2092.18,2094.41,2088.48,2090.86,170
1779632040,2092.23,2092.23,2087.66,2088.31,30
1779632100,2091.39,2091.65,2088.18,2088.51,46
1779632160,2089.69,2089.79,2088.22,2089.7,50
1779632220,2079.4,2081.58,2078.73,2078.94,92
1779632280,2082.08,2085.34,2082.08,2084.61,102
1779632340,2084.48,2085.64,2083.3,2083.5,96
1779632400,2082.09,2082.09,2082.09,2082.09,2
1779632460,2086.44,2087.07,2086.35,2086.79,34
1779632520,2089.52,2091.79,2089.12,2091.18,56
1779632580,2093.64,2094.3,2093.55,2094.27,46
1779632640,2096.11,2096.11,2094.68,2095.31,62
1779632700,2092.65,2092.65,2091.11,2091.11,98
1779632760,2091.2,2091.2,2089.52,2089.52,98
1779632820,2089.82,2090.01,2089.82,2090.01,8
1779632880,2092.37,2092.49,2092.03,2092.49,22
1779632940,2093.54,2093.71,2090.76,2090.88,42
1779633000,2090.43,2090.62,2089.49,2090.62,54
1779633060,2091.02,2092.78,2090.7,2092.59,66
1779633120,2092.71,2093.84,2091.7,2091.76,96
1779633180,2091.34,2091.34,2091.34,2091.34,2
1779633240,2092.19,2092.26,2092.19,2092.26,8
1779633300,2092.17,2092.17,2091.16,2091.66,28
1779633360,2090.14,2091.06,2090.14,2091.06,40
1779633420,2090.6,2092.27,2090.6,2092.16,44
1779633480,2092.88,2093.09,2092.29,2092.75,52
1779633540,2092.43,2093.23,2091.84,2093.23,60
1779633600,2093.19,2093.24,2093.19,2093.23,6
1779633720,2090.79,2091.17,2090.73,2091.17,26
1779633780,2091.29,2092.13,2091.29,2091.69,34
1779633840,2091.99,2092.4,2091.99,2092.29,38
1779633900,2091.28,2091.91,2091.28,2091.77,40
1779633960,2092.01,2092.69,2090.91,2092.69,74
1779634020,2092.86,2092.86,2092.8,2092.8,6
1779634080,2092.63,2092.7,2092.63,2092.63,12
1779634140,2092.77,2092.8,2092.05,2092.05,18
1779634200,2091.24,2091.24,2090.17,2090.35,42
1779634260,2093.39,2094.37,2093.21,2093.21,50
1779634320,2092.76,2093.07,2092.76,2092.77,28
1779634380,2093.02,2094.19,2093.02,2094.12,54
1779634440,2094.81,2094.84,2094.31,2094.33,60
1779634500,2093.78,2093.78,2093.49,2093.49,12
1779634560,2094.66,2094.66,2094.34,2094.38,20
1779634620,2093.87,2094.21,2093.87,2094.21,6
1779634680,2093.49,2093.9,2093.47,2093.9,40
1779634740,2092.68,2094.01,2092.66,2093.63,52
1779634800,2094.07,2094.07,2093.31,2093.92,62
1779634860,2093.47,2093.5,2093.47,2093.5,4
1779634920,2093.43,2093.87,2093.39,2093.87,16
1779634980,2094.97,2094.97,2094.79,2094.79,4
1779635040,2093.62,2094.73,2093.62,2094.73,34
1779635100,2096.04,2096.04,2094.99,2094.99,34
1779635160,2094.26,2094.61,2094,2094.37,24
1779635220,2092.96,2093.01,2092.9,2092.9,26
1779635280,2092.21,2092.92,2092.21,2092.85,28
1779635340,2093.82,2093.82,2093.82,2093.82,2
1779635400,2094.53,2094.64,2094.53,2094.64,8
1779635460,2094.42,2094.42,2094.25,2094.34,16
1779635520,2094.55,2094.8,2094.55,2094.79,14
1779635580,2094.46,2095.45,2094.46,2095.45,46
1779635640,2095.04,2095.31,2094.97,2095.08,40
1779635700,2094.93,2096,2094.44,2095.38,48
1779635760,2094.12,2094.12,2091.78,2092.2,82
1779635820,2091.18,2091.76,2091.18,2091.54,24
1779635880,2091.76,2092.29,2091.63,2092.29,26
1779635940,2092.58,2092.73,2092.58,2092.73,4
1779636000,2092.78,2092.78,2091.9,2092.12,40
1779636060,2091.88,2091.88,2090.66,2091.25,62
1779636120,2091.72,2091.72,2091.72,2091.72,2
1779636180,2092.07,2092.07,2092.01,2092.01,6
1779636240,2092.96,2093.78,2092.96,2093.78,32
1779636300,2093.8,2093.8,2093.23,2093.23,28
1779636360,2093.31,2093.98,2093.08,2093.72,42
1779636420,2093.86,2094.2,2093.75,2093.75,22
1779636480,2093.82,2093.82,2093.75,2093.75,4
1779636540,2093.03,2093.05,2093.03,2093.04,6
1779636600,2093.2,2093.59,2093.04,2093.55,18
1779636660,2094.24,2094.24,2093.89,2093.89,24
1779636720,2093.63,2093.65,2093.59,2093.59,18
1779636780,2094.1,2094.1,2093.33,2093.52,28
1779636840,2093.18,2093.18,2092.95,2092.95,6
1779636900,2092.03,2092.03,2091.91,2091.91,6
1779636960,2092.46,2092.64,2092,2092.62,32
1779637020,2091.88,2092.29,2091.84,2092.29,30
1779637080,2093.02,2093.02,2092.28,2092.28,30
1779637140,2092.21,2092.39,2091.91,2091.91,32
1779637200,2091.91,2091.91,2091.79,2091.79,6
1779637260,2091.74,2091.95,2091.74,2091.93,8
1779637320,2091.31,2091.49,2090.84,2090.86,18
1779637380,2090.31,2090.64,2090.31,2090.55,12
1779637440,2090.9,2092.02,2090.9,2092.02,46
1779637500,2091.74,2091.78,2091.71,2091.78,12
1779637560,2090.72,2090.75,2090.05,2090.51,52
1779637620,2090.68,2090.68,2090.68,2090.68,2
1779637680,2091.92,2091.94,2091.92,2091.94,4
1779637740,2091.3,2091.3,2091.3,2091.3,2
1779637800,2093.53,2093.65,2093.4,2093.65,20
1779637860,2092.09,2092.09,2091.6,2091.69,16
1779637920,2092.01,2092.07,2091.1,2091.1,36
1779637980,2090.95,2091.63,2090.95,2091.55,38
1779638040,2092.45,2092.55,2092.45,2092.55,4
1779638100,2092.63,2092.91,2092.63,2092.87,12
1779638160,2091.78,2091.78,2091.43,2091.43,16
1779638220,2092.32,2092.32,2092.09,2092.09,8
1779638280,2091.52,2091.52,2091,2091.29,28
1779638340,2091.57,2091.76,2091.57,2091.76,22
1779638400,2091.92,2092,2091.07,2091.97,64
1779638460,2092.21,2092.21,2092,2092.05,8
1779638520,2091.93,2091.98,2091.92,2091.98,10
1779638580,2092.05,2092.59,2092.05,2092.59,12
1779638640,2093.05,2093.94,2093.05,2093.94,30
1779638700,2094.95,2095.59,2094.81,2095.19,70
1779638760,2099.22,2099.28,2096.72,2096.72,112
1779638820,2095.32,2095.71,2095.31,2095.41,12
1779638880,2096.03,2096.03,2095.43,2095.43,24
1779638940,2095.39,2095.39,2095.12,2095.15,22
1779639000,2097.48,2098.43,2097.48,2098.18,50
1779639060,2098.82,2098.87,2098.38,2098.38,46
1779639120,2098.51,2098.66,2097.79,2097.8,60
1779639180,2098.49,2098.49,2097.86,2098.07,38
1779639240,2097.83,2097.83,2097.83,2097.83,2
1779639300,2099.16,2099.16,2098.76,2098.76,4
1779639360,2100.75,2102.58,2100.51,2100.95,46
1779639420,2101.7,2102.87,2101.29,2102.83,54
1779639480,2103.57,2103.57,2101.36,2101.36,62
1779639540,2101.15,2101.77,2101.15,2101.63,38
1779639600,2101.45,2101.66,2100.93,2101.19,54
1779639660,2100.04,2100.09,2099.61,2099.63,44
1779639720,2099.99,2100.71,2099.99,2100.71,16
1779639780,2100.99,2100.99,2100.83,2100.83,10
1779639840,2100.51,2100.51,2099.25,2099.51,50
1779639900,2098.61,2098.61,2098.14,2098.45,36
1779639960,2097.8,2097.8,2096.71,2096.86,72
1779640020,2096.12,2096.85,2096.12,2096.85,24
1779640080,2097.6,2097.6,2097.6,2097.6,2
1779640140,2098.14,2098.14,2098.09,2098.09,6
1779640200,2097.84,2098.17,2097.84,2098.06,20
1779640260,2097.22,2097.22,2096.97,2097.01,18
1779640320,2097.78,2097.78,2096.84,2096.84,32
1779640380,2096.89,2097.45,2096.88,2097.44,36
1779640440,2096.58,2096.82,2096.54,2096.62,36
1779640500,2096.55,2096.55,2096.18,2096.18,12
1779640560,2093.69,2093.76,2091.82,2091.82,48
1779640620,2092.65,2093.48,2092.65,2093.33,44
1779640680,2092.67,2093.1,2092.67,2093.03,30
1779640740,2093.05,2093.24,2092.99,2092.99,24
1779640800,2093.86,2094.83,2093.77,2094.82,64
1779640860,2095.11,2095.16,2095.08,2095.09,10
1779640920,2094.23,2094.24,2094.22,2094.22,6
1779640980,2094.44,2094.44,2094.14,2094.14,16
1779641040,2093.84,2093.84,2093.73,2093.73,8
1779641100,2093.92,2093.99,2093.42,2093.71,30
1779641160,2094.98,2095.24,2094.74,2094.87,32
1779641220,2095.73,2095.73,2095.71,2095.71,4
1779641280,2096.77,2097.49,2096.76,2097.28,46
1779641340,2097.31,2097.4,2097.28,2097.28,16
1779641400,2097.23,2097.4,2096.5,2096.5,22
1779641460,2096.11,2096.76,2096.11,2096.76,24
1779641520,2096.83,2097.42,2096.76,2097.42,38
1779641580,2097.1,2097.1,2097.1,2097.1,2
1779641640,2097.42,2098.09,2097.42,2098.09,14
1779641700,2097.95,2097.95,2097.62,2097.62,4
1779641760,2097.16,2097.8,2097.16,2097.8,10
1779641820,2097.93,2098.27,2097.83,2098.27,28
1779641880,2099.3,2099.64,2099.3,2099.6,42
1779641940,2100.8,2101.12,2100.43,2100.43,40
1779642000,2099.56,2099.56,2099.38,2099.41,8
1779642060,2101.19,2102.14,2101.19,2101.5,30
1779642120,2100.73,2100.96,2100.51,2100.51,28
1779642180,2099.38,2099.38,2099.06,2099.06,16
1779642240,2099.14,2099.48,2098.61,2099.46,40
1779642300,2100.05,2100.63,2100.05,2100.63,26
1779642360,2101.05,2101.28,2100.81,2101.24,36
1779642420,2101.01,2101.07,2101.01,2101.07,6
1779642480,2100.37,2100.97,2100.03,2100.97,22
1779642540,2100.33,2100.74,2100.33,2100.74,14
1779642600,2101.02,2101.02,2100.36,2100.38,24
1779642660,2100.51,2101.08,2100.51,2100.78,30
1779642720,2100.7,2101.15,2100.48,2101.13,44
1779642780,2100.79,2100.8,2100.53,2100.67,34
1779642840,2099.76,2099.82,2098.84,2098.9,18
1779642900,2099.3,2100.27,2099.3,2100.27,18
1779642960,2099.97,2099.97,2099.8,2099.8,18
1779643020,2099.79,2100.36,2099.79,2100.36,20
1779643080,2099.66,2099.8,2099.4,2099.4,30
1779643140,2098.61,2098.84,2098.61,2098.84,8
1779643200,2097.53,2097.64,2097.41,2097.41,22
1779643260,2098.08,2098.78,2098.08,2098.47,18
1779643320,2097.82,2097.89,2097.62,2097.89,18
1779643380,2098.11,2098.37,2098.11,2098.37,18
1779643440,2098.86,2099.03,2098.25,2099.03,26
1779643500,2099.58,2099.76,2098.86,2098.86,38
1779643560,2099.59,2099.59,2099.59,2099.59,2
1779643620,2099.18,2099.2,2099.18,2099.2,4
1779643680,2098.87,2098.87,2097.71,2097.72,32
1779643740,2097.8,2098.17,2097.8,2098.17,12
1779643800,2098.07,2098.26,2097.41,2097.61,40
1779643860,2097.94,2099.08,2097.94,2098.93,40
1779643920,2099.98,2100.29,2099.94,2100.29,12
1779643980,2099.82,2099.82,2099.82,2099.82,2
1779644040,2098.98,2099.04,2098.98,2099,8
1779644100,2098.99,2098.99,2098.99,2098.99,2
1779644160,2099.33,2099.48,2099.16,2099.34,24
1779644220,2099.47,2099.76,2099.32,2099.76,24
1779644280,2099.97,2100.15,2099.92,2100.11,28
1779644340,2100.17,2100.64,2100.17,2100.64,12
1779644400,2101.62,2101.62,2101.25,2101.44,20
1779644460,2100.94,2100.94,2100.85,2100.88,10
1779644520,2101.4,2101.69,2101.4,2101.67,14
1779644580,2101.06,2101.06,2100.84,2101.03,22
1779644640,2101.11,2101.34,2101.08,2101.34,12
1779644700,2101.49,2101.51,2101.49,2101.49,8
1779644760,2101.56,2101.57,2101.54,2101.54,10
1779644820,2101.76,2101.76,2100.52,2100.52,34
1779644880,2100.27,2100.27,2100.01,2100.16,18
1779644940,2100.82,2101.08,2100.82,2100.9,18
1779645000,2101.46,2102.49,2101.18,2101.43,72
1779645060,2100.58,2100.58,2100.5,2100.5,4
1779645120,2099.91,2100.13,2099.91,2100.09,6
1779645180,2100.06,2100.06,2099.6,2099.6,20
1779645240,2099.71,2099.75,2099.71,2099.75,4
1779645300,2099.76,2099.81,2099.3,2099.45,32
1779645360,2099.25,2099.39,2099.23,2099.25,30
1779645420,2099.01,2099.04,2098.94,2099.02,12
1779645480,2099.21,2099.21,2099.21,2099.21,2
1779645540,2098.98,2098.98,2098.84,2098.84,14
1779645600,2098.77,2099.12,2098.77,2099.12,20
1779645660,2099.17,2099.17,2099.14,2099.17,10
1779645720,2099.32,2099.33,2098.65,2098.71,28
1779645780,2098.86,2098.86,2098.39,2098.4,30
1779645840,2098.79,2098.79,2098.79,2098.79,2
1779645900,2098.16,2098.62,2098.16,2098.62,12
1779645960,2098.96,2098.96,2098.26,2098.29,16
1779646020,2098.93,2099.14,2098.85,2099.14,16
1779646080,2099.49,2099.76,2099.41,2099.76,30
1779646140,2099.77,2099.79,2099.57,2099.57,14
1779646200,2099.85,2099.98,2099.32,2099.6,40
1779646260,2099.61,2099.61,2099.6,2099.6,4
1779646320,2098.63,2099.01,2098.63,2099.01,8
1779646380,2099.11,2099.13,2099.11,2099.13,6
1779646440,2099.99,2100.01,2098.74,2098.86,28
1779646500,2099.33,2099.33,2099.3,2099.3,6
1779646560,2099.87,2099.87,2098.64,2098.74,36
1779646620,2099.56,2100.22,2099.48,2100.22,24
1779646680,2100.19,2100.82,2100.19,2100.82,46
1779646740,2100.45,2100.45,2100.25,2100.25,6
1779646800,2099.34,2099.34,2099.19,2099.19,8
1779646860,2099.33,2099.42,2099.33,2099.42,12
1779646920,2099.5,2099.64,2099.5,2099.64,6
1779646980,2099.56,2099.56,2099.56,2099.56,2
1779647040,2099.49,2099.6,2099.49,2099.6,8
1779647100,2098.37,2098.37,2097.65,2097.65,38
1779647160,2097.72,2097.72,2097.72,2097.72,2
1779647220,2096.71,2097.07,2096.71,2097.07,16
1779647280,2097.33,2098.01,2097.33,2098.01,22
1779647340,2097.18,2097.18,2097.07,2097.07,10
1779647400,2096.53,2096.56,2096.4,2096.46,22
1779647460,2094.52,2095.56,2094.52,2094.77,48
1779647520,2093.71,2094.36,2093.71,2094.36,14
1779647580,2094.93,2095.14,2094.93,2095.14,16
1779647640,2094.9,2095.35,2094.9,2095.35,18
1779647700,2094.72,2095,2094.72,2095,10
1779647760,2095.46,2095.72,2095.46,2095.49,22
1779647820,2096.06,2096.92,2096.06,2096.92,28
1779647880,2096.94,2097.32,2096.92,2097.32,34
1779647940,2097.47,2097.47,2097.47,2097.47,2
1779648000,2097.78,2097.83,2097.59,2097.59,10
1779648060,2097.1,2097.1,2097.07,2097.07,4
1779648120,2097.03,2097.03,2096.1,2096.1,22
1779648180,2094.89,2095.45,2094.89,2095.45,22
1779648240,2094.9,2095.33,2094.9,2095.27,30
1779648300,2095.29,2095.75,2095.24,2095.75,18
1779648360,2095.86,2095.86,2095.85,2095.85,8
1779648420,2095.72,2095.84,2095.72,2095.84,12
1779648480,2096.49,2096.5,2096.3,2096.3,10
1779648540,2094.39,2094.6,2093.74,2093.94,30
1779648600,2094.37,2094.37,2093.82,2093.88,22
1779648660,2094.02,2094.02,2094.02,2094.02,2
1779648720,2094.33,2094.37,2094.11,2094.33,22
1779648780,2093.67,2094.21,2093.67,2094.21,14
1779648840,2094.33,2095.01,2094.33,2095.01,32
1779648900,2095.64,2095.83,2095.31,2095.83,34
1779648960,2095.95,2095.95,2095.32,2095.39,18
1779649020,2095.32,2095.74,2095.31,2095.73,30
1779649080,2095.92,2095.96,2095.92,2095.94,8
1779649140,2095.9,2096.02,2095.9,2096.02,10
1779649200,2095.67,2095.81,2095.45,2095.46,18
1779649260,2096.81,2098.02,2096.81,2097.66,44
1779649320,2097.05,2097.28,2096.23,2097.28,44
1779649380,2098,2098.46,2097.18,2097.18,44
1779649440,2097.26,2097.26,2096.38,2096.38,42
1779649500,2095.93,2096.01,2095.82,2095.82,12
1779649560,2095.64,2095.85,2095.64,2095.85,14
1779649620,2096.02,2096.56,2096.02,2096.35,24
1779649680,2096.64,2096.76,2096.33,2096.33,22
1779649740,2096.2,2096.73,2096.2,2096.73,26
1779649800,2096.31,2096.33,2096.31,2096.33,4
1779649860,2096.81,2096.81,2096.23,2096.23,6
1779649920,2096.03,2096.03,2095.83,2095.83,6
1779649980,2096.66,2096.67,2096.66,2096.66,6
1779650040,2095.59,2095.59,2094.75,2094.79,36
1779650100,2094.34,2094.48,2093.81,2093.81,30
1779650160,2094.05,2094.05,2092.94,2093.04,36
1779650220,2093.91,2093.91,2093.9,2093.9,4
1779650280,2095.42,2095.98,2095.4,2095.68,32
1779650340,2095.79,2096.02,2095.79,2095.8,18
1779650400,2094.89,2095.08,2094.89,2095.08,12
1779650460,2094.51,2094.6,2094.26,2094.26,22
1779650520,2094.65,2094.65,2094.65,2094.65,2
1779650580,2094.74,2094.74,2094.2,2094.2,14
1779650640,2094.53,2094.54,2094.5,2094.54,8
1779650700,2094.51,2094.66,2094.51,2094.64,8
1779650760,2094.02,2094.04,2094.02,2094.03,6
1779650820,2093.54,2093.84,2093.43,2093.77,36
1779650880,2093.45,2093.73,2093.45,2093.48,14
1779650940,2093.41,2093.41,2093.41,2093.41,2
1779651000,2093.03,2093.54,2093.03,2093.54,22
1779651060,2093.58,2093.63,2093.16,2093.16,20
1779651120,2093.1,2093.27,2092.93,2093.01,16
1779651180,2092.24,2092.42,2091.95,2092.29,44
1779651240,2092.1,2092.1,2091.93,2091.93,4
1779651300,2092.66,2092.7,2092.66,2092.7,6
1779651360,2093.31,2093.31,2093.29,2093.29,4
1779651420,2093.05,2093.05,2093.03,2093.03,4
1779651480,2092.82,2092.85,2092.76,2092.76,10
1779651540,2092.29,2092.29,2092.29,2092.29,2
1779651600,2092.7,2093.12,2092.7,2093.12,24
1779651660,2094.3,2094.73,2093.97,2093.98,30
1779651720,2094.39,2094.39,2094.39,2094.39,2
1779651780,2094.22,2094.22,2094.22,2094.22,2
1779651840,2093.72,2093.74,2093.64,2093.74,12
1779651900,2093.78,2093.78,2093.78,2093.78,2
1779651960,2093.95,2094.72,2093.95,2094.72,22
1779652020,2095.04,2095.04,2094.83,2094.89,18
1779652080,2094.81,2096.19,2094.81,2096.19,46
1779652140,2096.12,2096.22,2096.12,2096.22,4
1779652200,2096.76,2096.77,2096.76,2096.76,6
1779652260,2096.97,2097.1,2096.97,2096.99,10
1779652320,2097.16,2097.16,2096.99,2096.99,14
1779652380,2096.49,2096.53,2096.44,2096.44,12
1779652440,2096.5,2096.54,2096.49,2096.54,12
1779652500,2097.09,2097.28,2096.77,2097.28,28
1779652560,2097.5,2097.5,2097.37,2097.37,4
1779652620,2097.35,2097.35,2096.86,2096.86,10
1779652680,2096.87,2096.87,2096.64,2096.64,10
1779652740,2096.34,2096.34,2096.21,2096.21,16
1779652800,2096.75,2097.79,2096.75,2096.9,38
1779652860,2090.83,2093.14,2090.83,2093.14,42
1779652920,2094.17,2094.17,2093.36,2093.51,52
1779652980,2093.3,2093.3,2093.11,2093.11,6
1779653040,2091.97,2092.31,2091.97,2092.23,18
1779653100,2092.08,2092.08,2091.16,2091.18,22
1779653160,2089.81,2090.54,2089.81,2090.54,18
1779653220,2091.61,2091.61,2091.03,2091.16,38
1779653280,2092.6,2093.17,2092.6,2093.17,24
1779653340,2092.9,2092.9,2091.83,2091.83,50
1779653400,2091.81,2091.94,2091.79,2091.79,6
1779653460,2091,2091,2090.89,2090.89,8
1779653520,2091.09,2091.37,2091.09,2091.37,24
1779653580,2091.54,2091.74,2091.54,2091.74,14
1779653640,2091.97,2091.97,2091.21,2091.21,14
1779653700,2091.01,2091.01,2090.75,2090.75,6
1779653760,2091.53,2091.53,2091.47,2091.5,10
1779653820,2091.71,2091.71,2091.58,2091.58,10
1779653880,2090.49,2090.78,2090.47,2090.53,26
1779653940,2090.22,2090.88,2090.22,2090.82,26
1779654000,2091.4,2091.4,2090.18,2090.18,44
1779654060,2089.88,2090.82,2089.88,2090.82,36
1779654120,2090.9,2091.9,2090.9,2091.68,40
1779654180,2092.15,2092.15,2092.13,2092.13,4
1779654240,2092.16,2092.16,2091.65,2091.67,10
1779654300,2091.33,2091.44,2091.12,2091.44,26
1779654360,2090.52,2090.86,2090.52,2090.85,18
1779654420,2088.75,2088.88,2088.75,2088.88,10
1779654480,2089.22,2089.86,2089.22,2089.86,38
1779654540,2090.36,2090.69,2090.32,2090.61,32
1779654600,2090.69,2091.14,2090.69,2091.07,16
1779654660,2090.95,2090.95,2090.68,2090.72,16
1779654720,2091.95,2092.36,2091.81,2091.81,36
1779654780,2090.76,2091.63,2089.86,2089.86,44
1779654840,2090.47,2090.81,2090.47,2090.81,24
1779654900,2090.33,2090.69,2090.1,2090.69,42
1779654960,2090.16,2090.41,2090.16,2090.41,8
1779655020,2090.83,2090.84,2090.83,2090.84,4
1779655080,2090.89,2090.89,2089.71,2090.2,26
1779655140,2090.11,2090.37,2089.94,2089.98,26
1779655200,2089.53,2090.01,2089.53,2090.01,26
1779655260,2089.89,2090.24,2089.51,2090.24,36
1779655320,2090.29,2090.55,2090.25,2090.27,38
1779655440,2090.9,2090.95,2090.88,2090.95,14
1779655500,2090.97,2091,2090.95,2091,8
1779655560,2092.24,2092.54,2092.23,2092.5,28
1779655620,2091.88,2091.88,2090.56,2090.88,40
1779655680,2090.47,2090.47,2089.2,2089.42,60
1779655740,2089.13,2089.13,2089.1,2089.11,6
1779655800,2089.58,2089.58,2089.19,2089.19,10
1779655860,2088.86,2088.86,2088.84,2088.86,6
1779655920,2088.28,2088.32,2087.9,2087.9,26
1779655980,2088.2,2088.34,2087.81,2087.81,50
1779656100,2087.97,2088.48,2087.97,2087.97,40
1779656160,2087.88,2087.9,2087.73,2087.73,20
1779656220,2087.85,2088.08,2087.85,2088.04,8
1779656280,2087.89,2088.08,2087.89,2088.08,6
1779656760,2091.02,2091.12,2090.5,2091.08,60
1779656820,2091.03,2091.05,2091.03,2091.05,6
1779656880,2090.77,2091.39,2090.77,2091.39,28
1779656940,2091.97,2091.97,2091.95,2091.95,4
1779657000,2091.42,2091.48,2091.42,2091.44,16
1779657060,2091.55,2091.55,2091.5,2091.5,4
1779657120,2091.74,2091.78,2091.72,2091.76,16
1779657180,2091.89,2093.03,2091.89,2093.03,58
1779657240,2093.4,2094,2093.4,2093.82,38
1779657420,2092.91,2092.96,2092.91,2092.96,6
1779657480,2092.31,2092.67,2092.31,2092.67,16
1779657540,2092.34,2092.73,2092.34,2092.72,14
1779657600,2093.2,2093.38,2093.02,2093.02,50
1779657660,2092.91,2092.92,2092.87,2092.89,14
1779657720,2092.87,2092.87,2092.72,2092.74,10
1779657780,2092.89,2093.07,2092.89,2093.07,12
1779657840,2093.06,2093.06,2093.06,2093.06,2
1779657900,2093.22,2093.22,2091.2,2091.69,62
1779657960,2091.71,2091.71,2091.71,2091.71,2
1779658020,2091.7,2091.7,2091.22,2091.22,14
1779658080,2091.34,2091.4,2090.84,2090.84,34
1779658140,2088.1,2088.45,2087.62,2088.23,48
1779658200,2084.66,2085.32,2084.66,2085.32,10
1779658260,2084.3,2085.14,2083.86,2085.14,74
1779658320,2085.45,2085.75,2085.45,2085.75,12
1779658380,2085.31,2085.31,2084.72,2084.86,28
1779658440,2082.65,2082.77,2080.73,2080.73,22
1779658500,2079.21,2079.28,2069.75,2074.31,232
1779658560,2074.47,2076.06,2071.27,2072.61,102
1779658620,2075.17,2075.21,2075.12,2075.13,14
1779658680,2071.33,2072.46,2069.88,2070.8,34
1779658740,2069.46,2069.52,2068.86,2069.1,40
1779658800,2066.62,2067.1,2066.17,2067.03,128
1779658860,2068.23,2068.48,2067.99,2068.07,42
1779658920,2072.47,2073.3,2070.69,2070.69,86
1779658980,2068.64,2068.66,2068.64,2068.66,4
1779659040,2067.09,2067.81,2066.84,2067.11,20
1779659160,2064.93,2066.08,2058.24,2061.99,174
1779659220,2063.71,2065.23,2063.2,2064.89,68
1779659280,2065.92,2066.91,2065.81,2066.86,52
1779659340,2066.67,2067.01,2066.67,2066.94,52
1779659460,2066.79,2066.92,2065.94,2066.92,78
1779659520,2067.81,2068.86,2067.81,2068.62,22
1779659580,2070.69,2070.84,2070.51,2070.53,26
1779659640,2068.05,2068.05,2067.97,2067.98,6
1779659700,2068.18,2070.49,2068.18,2069.97,100
1779659760,2068.86,2068.86,2067.16,2067.97,42
1779659820,2067.99,2067.99,2065.97,2065.97,46
1779659880,2066.79,2067.62,2066.79,2067.62,14
1779659940,2064.23,2064.28,2064.22,2064.28,10
1779660060,2072.64,2081.82,2072.55,2079.05,232
1779660120,2079.9,2080.86,2078.54,2079.5,128
1779660180,2080.41,2082.55,2079.64,2079.77,96
1779660240,2081.6,2081.93,2081.6,2081.93,14
1779660300,2083,2087.31,2081.93,2085.71,234
1779660360,2085.98,2088.38,2085.98,2087.05,158
1779660420,2085.54,2086.09,2085.46,2085.46,44
1779660480,2085.17,2085.97,2084.94,2085.97,52
1779660540,2087.09,2087.32,2086.41,2086.91,70
1779660660,2090.45,2094.79,2090.45,2094.79,148
1779660720,2093.66,2093.66,2092.69,2093.15,36
1779660780,2089.65,2091.32,2089.64,2091.25,52
1779660840,2094.89,2095.14,2093.48,2093.49,80
1779660900,2093.92,2094.01,2090.7,2090.72,200
1779661020,2090.3,2091.82,2090.3,2091.61,88
1779661080,2093.08,2093.19,2092.72,2092.72,24
1779661140,2090.85,2091.51,2090.85,2091.18,38
1779661200,2090.62,2092.19,2090.62,2091.83,102
1779661260,2091.54,2091.54,2090.17,2090.63,64
1779661320,2092.03,2093.24,2091.78,2093.17,76
1779661380,2093.21,2093.5,2093.21,2093.5,10
1779661440,2095.05,2095.08,2093.77,2093.77,34
1779661500,2092.85,2093.14,2092,2092.54,90
1779661560,2093.31,2094.31,2093.08,2094.31,40
1779661620,2093.16,2093.19,2092.71,2093.07,34
1779661680,2093.58,2094.05,2093.33,2093.36,52
1779661740,2092.94,2093.05,2092.94,2093.02,6
1779661860,2093.71,2095.49,2092.92,2093.38,112
1779661920,2092.93,2093.27,2092.45,2092.45,46
1779661980,2091.3,2092.6,2091.11,2092.6,58
1779662040,2092.21,2092.87,2091.43,2091.43,50
1779662100,2090.25,2090.48,2089.43,2089.69,82
1779662160,2089.2,2089.2,2088.5,2088.53,30
1779662220,2088.97,2089,2088.81,2088.81,14
1779662280,2088.11,2088.11,2086.07,2086.38,58
1779662340,2084.32,2085.6,2084.31,2085.31,58
1779662460,2083.48,2084.34,2083.48,2084.01,96
1779662520,2084.72,2085.05,2084.72,2085.01,18
1779662580,2085.03,2086.14,2084.46,2086.14,42
1779662640,2086.36,2086.86,2086.26,2086.69,26
1779662700,2087.42,2089.21,2087.42,2089.11,122
1779662820,2094.18,2094.18,2091.9,2092.04,70
1779662880,2091.24,2091.75,2091.06,2091.75,20
1779662940,2090.71,2090.71,2090.5,2090.54,20
1779663000,2089.69,2090.79,2089.69,2090.05,62
1779663060,2090.06,2091.77,2090.06,2091.75,38
1779663120,2090.78,2090.78,2089.19,2089.19,36
1779663180,2089.14,2089.23,2087.96,2088.26,64
1779663240,2088.82,2088.82,2088.81,2088.81,4
1779663300,2087.43,2089.19,2087.18,2089.06,74
1779663360,2088.74,2089.04,2088.74,2088.8,12
1779663420,2087.72,2087.72,2087.4,2087.4,20
1779663480,2087.46,2088.07,2087.46,2087.84,34
1779663540,2087.57,2087.94,2087.51,2087.75,26
1779663600,2088.34,2093.26,2088.18,2093.26,176
1779663660,2093.3,2093.3,2089.39,2089.86,138
1779663720,2089.89,2090.88,2089.89,2090.62,86
1779663780,2089.92,2090.76,2089.92,2090.61,44
1779663840,2089.52,2090.05,2089.35,2089.72,38
1779663960,2089.04,2089.27,2089.04,2089.27,4
1779664020,2090.85,2090.85,2090.26,2090.27,14
1779664080,2089.61,2089.61,2088.86,2089.19,26
1779664140,2089.83,2089.83,2089.65,2089.77,14
1779664200,2090.58,2091.11,2090.14,2090.73,80
1779664260,2090.89,2091.33,2090.81,2090.99,44
1779664320,2089.84,2089.97,2089.29,2089.84,48
1779664380,2089.44,2089.71,2089.44,2089.71,8
1779664440,2090.78,2090.78,2090.76,2090.76,4
1779664560,2091.65,2091.66,2089.87,2090.7,92
1779664620,2090.82,2091.39,2090.71,2091.29,26
1779664680,2089.33,2089.33,2089.32,2089.32,4
1779664740,2091.19,2091.19,2091.12,2091.12,6
1779664800,2090.59,2091.74,2090.59,2090.9,68
1779664860,2090.17,2090.17,2089.81,2090.02,24
1779664920,2090.1,2090.1,2090.07,2090.08,12
1779664980,2090.94,2091.02,2090.45,2090.45,24
1779665040,2089.59,2090.15,2089.59,2090.15,36
1779665100,2089.93,2090.13,2088.99,2088.99,34
1779665160,2087.72,2088.27,2087.72,2088.18,54
1779665220,2087.47,2087.91,2087.41,2087.82,20
1779665280,2087.82,2088.23,2087.82,2088.23,10
1779665340,2089.23,2089.51,2089.04,2089.04,22
1779665400,2088.91,2091.04,2088.91,2090.87,92
1779665520,2092.46,2093.59,2092.05,2093.19,100
1779665580,2092.72,2093.2,2092.72,2092.88,30
1779665640,2091.4,2092.08,2091.17,2091.82,46
1779665700,2093.48,2094.96,2092.57,2094.71,144
1779665760,2094.44,2094.73,2093.74,2094.44,70
1779665820,2093.79,2093.79,2093.6,2093.6,8
1779665880,2094.15,2094.15,2093.95,2094.07,12
1779665940,2094.34,2095.25,2094.2,2095.2,26
1779666000,2097.7,2097.7,2094.65,2094.76,134
1779666060,2095.48,2096.99,2095.48,2096.67,62
1779666120,2098.14,2098.93,2097.76,2097.86,70
1779666180,2099.3,2099.3,2099.3,2099.3,2
1779666240,2100.24,2100.24,2100.1,2100.18,12
1779666360,2100.84,2101.61,2099.88,2100.93,96
1779666420,2100,2100,2098.93,2099.16,48
1779666480,2099.03,2099.78,2098.7,2099.63,58
1779666540,2099.24,2100.91,2099.19,2100.85,64
1779666600,2100.08,2100.08,2098.67,2099.29,56
1779666660,2098.61,2099.18,2098.61,2099.18,8
1779666720,2099.1,2099.87,2098.97,2099.87,24
1779666780,2099.5,2099.96,2099.5,2099.66,34
1779666840,2099.38,2099.38,2098.94,2098.94,36
1779666900,2099.08,2099.09,2097.44,2097.78,82
1779666960,2097.79,2098.32,2097.79,2097.81,36
1779667020,2096.32,2097.07,2096.3,2096.97,44
1779667080,2097.53,2097.64,2097.53,2097.63,10
1779667140,2096.41,2096.44,2096,2096,26
1779667200,2095.82,2097.16,2095.72,2096.8,176
1779667320,2096.46,2096.94,2096.43,2096.43,62
1779667380,2097.76,2097.76,2097.39,2097.39,6
1779667440,2098.48,2099.81,2098.48,2099.81,16
1779667500,2097.72,2098.73,2097.72,2098.35,102
1779667560,2098.58,2098.63,2097.58,2097.97,48
1779667620,2098.1,2098.21,2096.9,2098.21,52
1779667680,2099.67,2099.68,2099.66,2099.67,10
1779667740,2099.21,2099.3,2099.21,2099.3,8
1779667800,2101.6,2103.51,2101.17,2102.71,108
1779667860,2103.49,2103.49,2101.21,2101.67,44
1779667920,2100.48,2100.86,2100.23,2100.3,28
1779667980,2100.81,2100.81,2100.15,2100.65,46
1779668040,2101.47,2101.47,2101.47,2101.47,2
1779668160,2100.78,2102.38,2100.78,2101.25,84
1779668220,2101.11,2101.11,2100.35,2100.59,50
1779668280,2100.38,2101.7,2100.37,2101.03,46
1779668340,2101.21,2101.44,2100.83,2101.44,42
1779668460,2099.73,2100.52,2099.57,2100.34,62
1779668520,2099.31,2099.46,2099.31,2099.46,8
1779668580,2100.42,2100.7,2100.21,2100.7,22
1779668640,2102.29,2103.21,2102.1,2102.19,46
1779668700,2102.61,2103.15,2101.36,2101.51,114
1779668760,2101.26,2101.57,2100.66,2101.33,64
1779668820,2101.53,2101.53,2100.83,2100.83,38
1779668880,2100.08,2100.28,2100.08,2100.28,6
1779668940,2101.43,2102.15,2101.43,2101.96,14
1779669060,2104.14,2104.14,2101.79,2101.83,134
1779669120,2101.79,2101.8,2101.07,2101.07,38
1779669180,2100.54,2101.27,2100.43,2100.72,78
1779669240,2100.48,2100.64,2100.38,2100.38,12
1779669300,2100.86,2101.77,2100.86,2101.2,62
1779669360,2101.98,2102.01,2101.98,2102,8
1779669420,2101.96,2102.82,2101.96,2102.01,36
1779669480,2102.47,2102.47,2101.96,2101.99,38
1779669540,2103.99,2105.02,2103.99,2104.84,58
1779669660,2103,2104.12,2103,2103.98,68
1779669720,2102.88,2102.88,2100.55,2100.57,22
1779669780,2101.58,2101.87,2101.58,2101.72,26
1779669840,2101.22,2101.22,2100.79,2100.79,24
1779669900,2100.88,2100.9,2099.29,2099.56,118
1779670020,2100.13,2100.14,2099.02,2099.02,64
1779670080,2099.83,2099.86,2099.81,2099.81,6
1779670140,2100.64,2101.04,2100.64,2101.04,22
1779670200,2103.29,2103.54,2101.63,2102.01,116
1779670260,2102.15,2102.33,2101.76,2101.77,64
1779670320,2100.82,2101.53,2099.89,2100.09,78
1779670380,2100.3,2100.31,2100.3,2100.31,4
1779670440,2100.32,2100.54,2100.32,2100.54,12
1779670500,2100.91,2100.91,2099.44,2099.47,78
1779670560,2100.29,2100.42,2100.22,2100.42,22
1779670620,2100.82,2100.92,2100.82,2100.88,22
1779670680,2100.47,2100.77,2100.47,2100.74,28
1779670740,2100.49,2100.49,2099.4,2100.38,50
1779670800,2101.15,2102.55,2100.14,2101.28,142
1779670860,2101.25,2101.25,2098.07,2098.73,116
1779670920,2098.71,2099.64,2098.7,2099.19,98
1779670980,2100.18,2101.08,2099.86,2101.02,38
1779671040,2101.05,2101.55,2100.99,2101.28,56
1779671160,2100.85,2101.43,2100.85,2101.43,68
1779671220,2100.51,2100.75,2100.51,2100.75,8
1779671280,2101.25,2101.57,2101.19,2101.49,24
1779671340,2100.49,2101.39,2100.49,2101.27,34
1779671400,2100.58,2101.26,2099.97,2099.97,86
1779671460,2099.83,2100.06,2099.49,2099.95,58
1779671520,2100.03,2100.97,2100.03,2100.95,66
1779671580,2100.79,2100.79,2100.74,2100.74,4
1779671640,2100.84,2100.84,2100.42,2100.42,18
1779671760,2103.29,2103.33,2101.4,2102.89,106
1779671820,2103.01,2103.01,2102.18,2102.18,24
1779671880,2102.78,2102.78,2101.76,2101.99,42
1779671940,2101.55,2101.56,2101.2,2101.29,48
1779672000,2101.77,2102.96,2101.77,2102.62,64
1779672060,2102.34,2102.58,2102.34,2102.58,10
1779672120,2102.47,2102.81,2102.47,2102.78,14
1779672180,2102.93,2103.3,2102.93,2103.26,20
1779672240,2102.98,2103.41,2102.98,2103.41,20
1779672300,2103.05,2103.63,2101.81,2101.83,86
1779672360,2101.69,2102.53,2101.69,2102.53,46
1779672420,2101.89,2102.12,2101.89,2102.12,6
1779672480,2101.17,2101.17,2101.04,2101.04,4
1779672540,2100.7,2100.7,2100.63,2100.64,8
1779672600,2101.89,2102.56,2100.06,2100.06,80
1779672660,2100.07,2101.15,2100.05,2101.01,108
1779672720,2100.9,2101.1,2100.61,2101.06,38
1779672780,2100.08,2100.85,2100.08,2100.85,16
1779672840,2101.78,2101.78,2101.54,2101.54,10
1779672900,2102.07,2102.65,2102.07,2102.37,72
1779672960,2102.55,2102.7,2102.01,2102.04,32
1779673020,2100.92,2100.92,2100.1,2100.1,36
1779673080,2099.95,2099.95,2099.59,2099.66,46
1779673140,2099.17,2099.52,2099.01,2099.33,58
1779673200,2099.74,2099.74,2099.51,2099.51,26
1779673260,2098.5,2098.71,2098.5,2098.65,14
1779673320,2098.78,2098.78,2098.65,2098.66,14
1779673380,2098.72,2098.87,2098.7,2098.85,26
1779673440,2099.6,2099.81,2099.09,2099.09,52
1779673620,2098.9,2099.33,2098.9,2099.33,14
1779673680,2099.68,2099.68,2098.4,2098.4,24
1779673740,2098.41,2099.17,2098.41,2098.9,34
1779673800,2098.49,2098.81,2098.4,2098.71,50
1779673860,2098.49,2098.49,2098.16,2098.36,30
1779673920,2098.15,2098.3,2097.92,2097.92,24
1779673980,2097.62,2097.66,2097.35,2097.65,12
1779674040,2096.47,2096.73,2096.08,2096.09,44
1779674100,2095.67,2096.58,2095.6,2096.41,66
1779674160,2096.68,2096.75,2096.06,2096.06,24
1779674220,2095.55,2095.58,2095.36,2095.48,20
1779674280,2094.23,2094.62,2092.88,2092.88,74
1779674340,2092.53,2092.53,2092.53,2092.53,2
1779674400,2090.21,2092.1,2090.21,2091.7,128
1779674520,2092.96,2094,2092.74,2093.98,108
1779674580,2094,2094.25,2093.69,2093.72,34
1779674640,2094.39,2094.79,2094.19,2094.79,36
1779674760,2097.33,2102.66,2097.2,2101.52,134
1779674820,2102.75,2109.09,2102.75,2109.09,50
1779674880,2107.38,2107.38,2104.97,2105.03,58
1779674940,2103.72,2104.88,2103.72,2104.54,56
1779675000,2105.38,2106.06,2104.55,2104.55,126
1779675060,2104.51,2104.64,2103.92,2104.57,64
1779675120,2104.12,2104.26,2104.1,2104.26,6
1779675180,2105.54,2106.76,2105.54,2106.76,22
1779675240,2104.6,2104.6,2103.83,2103.85,14
1779675360,2101.34,2101.86,2100.18,2100.64,158
1779675420,2100.04,2100.91,2099.84,2100.65,48
1779675480,2101.4,2101.88,2101.35,2101.58,50
1779675540,2101.76,2101.76,2101.07,2101.07,34
1779675600,2101.1,2101.12,2100.54,2100.8,64
1779675660,2100.66,2100.71,2100.6,2100.6,10
1779675720,2100.47,2100.8,2100.47,2100.63,24
1779675780,2099.8,2100.48,2099.8,2100.48,24
1779675840,2099.96,2099.96,2099.32,2099.32,34
1779675900,2099.41,2099.61,2092.56,2093.15,176
1779675960,2093.62,2094.19,2093.06,2093.92,82
1779676020,2093.16,2094.36,2093.16,2094.36,22
1779676080,2094.85,2094.97,2094.83,2094.97,14
1779676140,2094.82,2095.56,2094.82,2095.56,30
1779676260,2095.27,2097.01,2095.27,2096.23,102
1779676320,2096.47,2096.47,2096.08,2096.46,36
1779676380,2097.16,2097.69,2097.16,2097.69,14
1779676440,2097.05,2097.05,2096.29,2096.29,28
1779676500,2093.65,2094.2,2092.29,2092.34,102
1779676560,2092.98,2094.06,2092.98,2094.06,38
1779676620,2095.26,2095.28,2094.88,2094.88,32
1779676680,2095.01,2095.01,2094.33,2094.33,48
1779676740,2095.06,2095.06,2095.06,2095.06,2
1779676800,2094.97,2095.01,2093.9,2094.24,58
1779676860,2094.13,2094.13,2093.93,2093.93,34
1779676920,2092.89,2093.29,2092.87,2093.29,28
1779676980,2094.71,2094.79,2094.46,2094.65,34
1779677040,2094.66,2094.66,2094.41,2094.41,26
1779677100,2095.16,2095.69,2094.29,2094.29,110
1779677160,2094.25,2094.25,2093.33,2093.56,76
1779677220,2093.06,2093.43,2092.78,2093.43,38
1779677280,2094.61,2094.8,2094.36,2094.74,38
1779677340,2094.63,2094.63,2094.25,2094.37,20
1779677460,2095.17,2095.91,2094.86,2094.96,62
1779677520,2094.88,2094.88,2094.88,2094.88,2
1779677580,2094.94,2095.1,2094.94,2095.1,8
1779677640,2095.29,2095.29,2095.17,2095.23,12
1779677700,2095,2095.72,2095,2095.68,66
1779677760,2095.48,2095.48,2093.57,2094.06,72
1779677820,2094.08,2094.69,2094.08,2094.67,20
1779677880,2094.02,2094.02,2094.02,2094.02,2
1779677940,2093.52,2093.7,2093.52,2093.7,8
1779678000,2094.15,2095.96,2093.86,2095.44,156
1779678060,2095.43,2095.43,2093.99,2094.68,102
1779678120,2094.66,2094.98,2093.14,2093.14,62
1779678180,2092.79,2093.98,2092.77,2093.98,50
1779678240,2093.24,2093.45,2092.23,2093.37,68
1779678300,2092.89,2093.11,2092.14,2092.15,68
1779678360,2093.12,2093.12,2092.86,2092.86,10
1779678420,2093.1,2093.6,2093.1,2093.6,14
1779678480,2094.61,2094.65,2094.33,2094.36,28
1779678540,2093.23,2093.77,2093.23,2093.77,24
1779678600,2092.99,2093.85,2092.99,2093.85,72
1779678660,2094.1,2094.14,2093.25,2093.26,22
1779678720,2093.62,2093.66,2092.63,2092.85,54
1779678780,2092.14,2092.16,2092.14,2092.16,4
1779678840,2090.81,2091.41,2090.64,2091.41,26
1779678960,2091.6,2091.85,2091.43,2091.64,70
1779679020,2092.2,2092.2,2091.28,2092.02,38
1779679080,2093.08,2093.12,2092.8,2093,26
1779679140,2092.06,2092.38,2092.06,2092.33,38
1779679200,2091.57,2092.81,2091.57,2092.33,62
1779679260,2093.02,2093.17,2093.02,2093.17,10
1779679320,2093.44,2093.51,2092.97,2092.97,20
1779679380,2092.03,2092.73,2092.03,2092.73,30
1779679440,2092.46,2092.57,2092.28,2092.56,22
1779679500,2091.78,2092.84,2091.78,2092.82,58
1779679560,2092.93,2092.94,2090.9,2091.46,80
1779679620,2091.49,2091.57,2091.49,2091.57,4
1779679680,2091.74,2092.05,2091.74,2091.76,20
1779679740,2091.59,2091.73,2091.04,2091.4,22
1779679800,2091.59,2092.55,2091.2,2091.2,96
1779679920,2091.04,2091.2,2089.95,2089.98,68
1779679980,2088.85,2090.02,2088.85,2090.02,28
1779680040,2091.78,2091.89,2091.26,2091.26,32
1779680100,2091.82,2093.28,2091.43,2091.43,98
1779680160,2091.46,2091.72,2091.24,2091.24,28
1779680220,2091.86,2092.57,2091.86,2092.57,46
1779680280,2092.59,2092.68,2092.34,2092.39,24
1779680340,2092.8,2092.96,2092.8,2092.88,12
1779680400,2092.84,2092.9,2092.39,2092.83,58
1779680460,2092.8,2092.8,2092.47,2092.47,14
1779680520,2092.53,2092.99,2092.53,2092.99,22
1779680580,2093,2093.04,2092.99,2093.01,22
1779680640,2092.84,2092.88,2092.71,2092.79,18
1779680760,2090.73,2091.33,2090.73,2090.74,48
1779680820,2089.8,2090.52,2089.8,2090.52,16
1779680880,2091.17,2091.17,2091.09,2091.1,8
1779680940,2091.57,2092.52,2091.57,2092.52,48
1779681000,2091.95,2091.95,2091.12,2091.19,38
1779681060,2091.21,2092.08,2091.21,2092.06,54
1779681120,2092.2,2092.83,2092.2,2092.83,20
1779681180,2093.07,2093.16,2093.02,2093.02,16
1779681240,2092.69,2092.69,2092.4,2092.45,26
1779681300,2092.24,2092.71,2092.24,2092.42,50
1779681360,2092.61,2092.99,2092.46,2092.88,38
1779681420,2092.59,2092.59,2091.84,2091.99,32
1779681480,2091.92,2091.92,2091.79,2091.79,8
1779681540,2092.32,2092.32,2091.9,2091.9,16
1779681600,2091.39,2091.94,2091.39,2091.84,68
1779681720,2092.81,2092.81,2092.41,2092.53,32
1779681780,2092.41,2092.41,2092.41,2092.41,2
1779681840,2091.67,2091.71,2091.63,2091.65,12
1779681900,2090.98,2091.68,2090.76,2091.62,40
1779681960,2090.3,2090.36,2090.26,2090.36,16
1779682020,2090.19,2090.7,2090.19,2090.7,14
1779682080,2090.51,2090.65,2090.43,2090.65,18
1779682140,2090.65,2090.7,2090.65,2090.7,6
1779682200,2090.96,2090.98,2090.91,2090.97,18
1779682260,2090.66,2090.66,2090.01,2090.17,48
1779682320,2090.84,2090.85,2090.84,2090.85,4
1779682380,2090.95,2091.93,2090.95,2091.92,10
1779682440,2089.74,2090.46,2089.74,2090.45,20
1779682500,2089.99,2090.29,2088.12,2088.97,114
1779682560,2088.99,2090.31,2088.99,2090.3,76
1779682620,2090.25,2090.25,2089.22,2089.58,48
1779682680,2089.62,2089.87,2089.62,2089.87,18
1779682740,2089.58,2090.32,2089.58,2090.32,22
1779682800,2090.49,2091.11,2090.49,2090.99,46
1779682860,2091.35,2092.36,2091.35,2092.36,36
1779682920,2092.04,2092.06,2091.46,2091.67,36
1779682980,2092.45,2092.45,2092.09,2092.4,18
1779683040,2092.53,2092.71,2092.53,2092.71,20
1779683100,2092.6,2093.5,2092.48,2093.16,54
1779683160,2093.18,2093.86,2093.18,2093.24,22
1779683220,2093.57,2093.71,2093.37,2093.37,32
1779683280,2092.9,2093.21,2092.9,2093.21,22
1779683340,2093.72,2094.12,2093.52,2094.12,10
1779683460,2095.66,2097.18,2095.66,2096.16,86
1779683520,2095.45,2095.57,2095.22,2095.36,34
1779683580,2094.51,2094.9,2094.51,2094.9,32
1779683640,2094.57,2094.57,2093.73,2093.73,36
1779683760,2094.87,2094.92,2094.32,2094.38,42
1779683820,2094.47,2094.54,2094.47,2094.54,10
1779683880,2094.74,2094.74,2094.48,2094.55,8
1779683940,2094.3,2094.3,2094.07,2094.07,14
1779684000,2094.63,2095.42,2094.57,2095.42,62
1779684060,2095.35,2095.36,2095.35,2095.36,4
1779684120,2095.6,2096.69,2095.6,2096.65,38
1779684180,2097.58,2097.64,2097.55,2097.64,12
1779684240,2097.81,2098.1,2097.81,2098.1,14
1779684300,2098.87,2098.87,2098.11,2098.11,84
1779684360,2098.1,2099.25,2097.97,2098.46,104
1779684420,2098.68,2099.32,2098.59,2099.32,44
1779684480,2100.01,2100.01,2100.01,2100.01,2
1779684540,2099.57,2099.89,2099.57,2099.87,8
1779684600,2099.71,2100.58,2099.71,2100.4,48
1779684660,2100.29,2102.1,2100.29,2102.1,44
1779684720,2103.08,2103.88,2102.88,2103.34,56
1779684780,2103.59,2103.63,2101.55,2101.58,42
1779684840,2100.93,2101.01,2100.53,2100.83,36
1779684900,2101.14,2101.14,2100.75,2100.76,40
1779684960,2101.06,2101.1,2100.68,2100.68,38
1779685020,2101.02,2101.32,2101.02,2101.32,16
1779685080,2102.35,2102.35,2101.56,2101.72,28
1779685140,2101.94,2102.24,2101.78,2102,30
1779685200,2101.74,2101.92,2100.07,2100.54,94
1779685260,2100.51,2101.51,2100.14,2100.58,88
1779685380,2101.46,2101.46,2100.57,2100.6,36
1779685440,2100.36,2100.67,2100.36,2100.66,10
1779685500,2102.61,2103.01,2102.19,2102.83,54
1779685560,2102.76,2102.76,2102.07,2102.58,36
1779685620,2102.27,2102.67,2102.27,2102.53,18
1779685680,2104.5,2104.5,2104,2104.45,16
1779685740,2105.77,2105.77,2104.99,2104.99,24
1779685800,2104.96,2105.03,2104.34,2105.03,40
1779685920,2104.97,2104.97,2104.94,2104.94,4
1779685980,2105.88,2105.88,2105.88,2105.88,2
1779686040,2104.73,2104.73,2104.65,2104.69,10
1779686100,2105.7,2106.02,2104.74,2104.74,98
1779686160,2104.71,2105.09,2104.71,2104.87,42
1779686220,2105.68,2105.8,2105.04,2105.25,52
1779686280,2106.76,2107.53,2106.68,2107.52,58
1779686340,2107.36,2107.59,2107.36,2107.59,4
1779686400,2105.83,2105.89,2105.11,2105.21,60
1779686460,2104.8,2104.88,2104.65,2104.69,18
1779686520,2105.32,2105.51,2104.93,2104.96,26
1779686580,2104.73,2104.73,2104.16,2104.16,24
1779686640,2105.02,2106.44,2105.02,2105.94,48
1779686760,2104.82,2104.92,2104.59,2104.92,28
1779686820,2104.78,2104.8,2104.71,2104.71,10
1779686880,2104.8,2104.8,2104.39,2104.39,26
1779686940,2104.52,2104.71,2104.52,2104.69,18
1779687120,2105.41,2105.41,2104.45,2104.51,62
1779687180,2103.84,2104.1,2103.84,2104.1,16
1779687240,2104.64,2104.87,2104.64,2104.87,8
1779687300,2104.58,2105.65,2104.58,2105.65,50
1779687360,2105.51,2106.37,2105.48,2106.37,40
1779687420,2105.35,2106.77,2105.35,2105.99,74
1779687480,2105.58,2105.64,2105.58,2105.6,8
1779687540,2105.76,2106.45,2105.76,2106.43,28
1779687600,2105.41,2106.25,2105.41,2106.22,54
1779687660,2106.25,2106.25,2105.99,2105.99,16
1779687720,2105.92,2105.92,2105.62,2105.68,24
1779687780,2106.23,2106.69,2106.19,2106.57,28
1779687840,2106.65,2106.78,2106.65,2106.78,4
1779687960,2105.78,2105.98,2105.28,2105.28,72
1779688020,2105.14,2105.18,2104.82,2104.83,22
1779688080,2106.02,2106.02,2105.64,2105.77,22
1779688140,2105.55,2105.55,2105.01,2105.48,34
1779688200,2105.51,2105.51,2104.33,2104.39,74
1779688260,2104.4,2104.41,2104.38,2104.41,10
1779688320,2104.82,2104.82,2104.72,2104.72,4
1779688380,2104.52,2104.57,2104.45,2104.57,12
1779688440,2104.37,2104.46,2104.37,2104.46,8
1779688500,2105.04,2105.18,2104.31,2104.37,44
1779688560,2104.39,2104.4,2104.04,2104.04,22
1779688620,2103.82,2103.82,2103.79,2103.79,4
1779688680,2104.35,2104.35,2104.27,2104.35,6
1779688740,2103.93,2104.02,2103.93,2104.01,14
1779688800,2104.13,2104.87,2103.86,2104.51,64
1779688920,2104.45,2104.45,2103.63,2103.63,42
1779688980,2103.31,2103.57,2103.22,2103.53,26
1779689040,2102.5,2102.5,2101.81,2101.81,4
1779689100,2102.18,2102.22,2102.12,2102.12,20
1779689160,2102.21,2103.3,2102.21,2102.55,56
1779689220,2102.38,2102.38,2101.63,2101.63,32
1779689280,2102.48,2103,2102.04,2103,28
1779689340,2103.6,2105.27,2103.23,2103.29,58
1779689460,2102.11,2102.11,2102.11,2102.11,2
1779689520,2101.99,2102.03,2101.99,2102.02,10
1779689580,2100.83,2100.83,2100.42,2100.42,20
1779689640,2100.57,2100.91,2100.51,2100.51,24
1779689760,2097.94,2098.48,2097.34,2097.57,120
1779689820,2097.54,2097.84,2097.52,2097.84,36
1779689880,2098.12,2098.27,2098.12,2098.27,8
1779689940,2098.78,2098.78,2098.78,2098.78,2
1779690000,2098.46,2098.63,2097.67,2097.7,66
1779690060,2097.41,2097.43,2097.2,2097.24,18
1779690120,2097.51,2098.38,2097.51,2097.96,42
1779690180,2098.03,2098.03,2096.1,2096.1,44
1779690240,2096.16,2096.16,2096.16,2096.16,2
1779690300,2095.64,2095.76,2095.16,2095.76,64
1779690360,2095.55,2096.22,2095.55,2096.22,22
1779690420,2096.93,2096.97,2096.93,2096.96,10
1779690480,2097.1,2097.15,2096.97,2096.97,18
1779690540,2097.24,2097.39,2096.96,2097.39,32
1779690600,2097.45,2098.75,2097.25,2098.75,106
1779690720,2100.1,2101.52,2099.65,2100.42,86
1779690780,2100.52,2101.09,2100.22,2101.09,16
1779690840,2100.66,2100.69,2100.39,2100.39,26
1779690900,2101.8,2102.54,2101.8,2102.54,64
1779690960,2101.9,2102.35,2101.9,2102.21,20
1779691020,2103.98,2103.98,2102.69,2102.96,46
1779691080,2103.5,2103.5,2103.13,2103.18,16
1779691140,2103.04,2103.34,2102.83,2103.34,30
1779691200,2102.93,2102.98,2102.73,2102.9,34
1779691260,2103.67,2104.14,2103.36,2103.46,82
1779691320,2103.49,2103.59,2102.99,2103.31,30
1779691380,2103.56,2103.56,2103.2,2103.2,26
1779691440,2103,2103,2102.55,2102.99,48
1779691560,2102.58,2103.77,2102.58,2103.77,66
1779691620,2104.71,2105.48,2104.71,2105.48,34
1779691680,2104.77,2105.04,2104.77,2105.02,20
1779691740,2104.9,2105.05,2104.73,2104.87,24
1779691800,2104.65,2105.53,2104.49,2105.53,78
1779691860,2105.27,2105.27,2104.62,2104.86,50
1779691920,2104.91,2104.92,2104.91,2104.92,4
1779691980,2105.01,2105.02,2105.01,2105.01,6
1779692040,2105.66,2105.66,2105.54,2105.6,22
1779692100,2105.1,2105.26,2104.95,2105.05,72
1779692160,2105.07,2105.41,2105.03,2105.41,34
1779692220,2105.31,2105.44,2104.68,2104.91,50
1779692280,2108.37,2108.38,2107.71,2108.23,229.5062
1779692340,2108.24,2109,2108.24,2108.99,11.2949
1779692400,2109,2109.41,2109,2109.4,55.9954
1779692460,2109.4,2110,2109.39,2109.85,75.7101
1779692520,2109.85,2109.97,2109.4,2109.97,68.8482
1779692580,2109.96,2117.55,2109.96,2116.64,3077.2576
1779692640,2116.63,2116.9,2114.99,2116.16,626.4654
1779692700,2116.16,2116.29,2114.77,2115.3,176.9663
1779692760,2115.29,2115.29,2113.8,2114.14,246.159
1779692820,2114.14,2114.77,2113.64,2113.81,469.4948
1779692880,2113.81,2114.37,2113.81,2114.22,41.2268
1779692940,2114.22,2114.46,2113.67,2113.67,125.7866
1779693000,2113.66,2113.67,2113.2,2113.67,258.2603
1779693060,2113.67,2113.67,2113.09,2113.22,157.9485
1779693120,2113.22,2113.48,2112.34,2112.83,173.5483
1779693180,2112.83,2112.83,2111.24,2111.24,169.849
1779693240,2111.25,2111.89,2110.92,2111.89,86.8747
1779693300,2111.9,2114.27,2111.89,2114.27,107.1129
1779693360,2114.27,2114.27,2112.79,2112.8,223.5319
1779693420,2112.79,2112.8,2111.92,2112.12,50.7573
1779693480,2112.12,2112.12,2107.39,2107.93,556.9967
1779693540,2107.92,2109.35,2107.41,2108.41,126.135
1779693600,2108.4,2108.4,2106.5,2107.94,330.9705
1779693660,2107.94,2108.43,2107.13,2108.34,334.4986
1779693720,2108.35,2108.77,2108.21,2108.56,90.4665
1779693780,2108.56,2109.18,2108.56,2109.17,144.753
1779693840,2109.18,2109.57,2109.17,2109.57,41.6222
1779693900,2109.57,2109.57,2108.7,2108.74,69.3072
1779693960,2108.75,2108.75,2107.03,2108.58,87.5195
1779694020,2108.59,2108.59,2108.17,2108.38,21.826
1779694080,2108.37,2108.38,2107.77,2107.78,86.3743
1779694140,2107.78,2107.91,2107.66,2107.67,30.4028
1779694200,2107.66,2107.67,2106.61,2107.47,458.4595
1779694260,2107.46,2107.91,2107.46,2107.9,73.6941
1779694320,2107.9,2109.76,2107.52,2109.54,288.9465
1779694380,2109.53,2111.45,2109.32,2110.6,567.5637
1779694440,2110.6,2111.01,2110.16,2110.31,1032.2626
1779694500,2110.3,2110.49,2109.61,2110.14,75.5639
1779694560,2110.14,2110.14,2109.71,2109.88,41.3736
1779694620,2109.87,2109.88,2109.67,2109.67,29.912
1779694680,2109.67,2109.68,2109.65,2109.68,92.6093
1779694740,2109.67,2109.68,2108.99,2109.67,1006.36
1779694800,2109.67,2109.68,2109.1,2109.1,133.4725
1779694860,2109.1,2109.1,2108.97,2108.98,40.6728
1779694920,2108.97,2108.98,2108.73,2108.75,50.8308
1779694980,2108.74,2110.14,2108.74,2109.86,78.2555
1779695040,2109.85,2110.51,2109.52,2110.05,228.5329
1779695100,2110.04,2110.85,2109.75,2110.85,63.8335
1779695160,2110.84,2112.25,2109.89,2111.76,473.1134
1779695220,2111.75,2112.89,2111.75,2112.89,136.9597
1779695280,2112.89,2112.9,2111.72,2112.03,111.3674
1779695340,2112.03,2112.41,2112.02,2112.41,55.512
1779695400,2112.4,2112.41,2111.09,2111.34,220.9355
1779695460,2111.33,2111.68,2110.68,2110.69,155.0438
1779695520,2110.68,2111.83,2110.68,2111.73,279.3298
1779695580,2111.73,2112.26,2111.73,2112.26,99.8282
1779695640,2112.25,2113.51,2112.25,2113.51,106.3753
1779695700,2113.51,2113.77,2113.1,2113.11,88.5948
1779695760,2113.1,2113.53,2112.91,2113.45,54.2267
1779695820,2113.44,2114.63,2113.44,2114.63,77.9402
1779695880,2114.62,2116.5,2114.62,2115.03,727.7045
1779695940,2115.02,2116.29,2115.02,2116.28,189.6765
1779696000,2116.29,2116.29,2114.27,2114.39,436.6636
1779696060,2114.4,2114.88,2114,2114.01,121.8581
1779696120,2114.01,2114.02,2113.72,2113.72,74.0859
1779696180,2113.72,2115.2,2113.72,2114.73,132.3284
1779696240,2114.73,2115.04,2114.15,2114.81,149.4748
1779696300,2114.81,2114.82,2114.6,2114.61,40.5654
1779696360,2114.6,2114.6,2113.83,2113.84,50.5978
1779696420,2113.83,2113.83,2113.21,2113.21,23.612
1779696480,2113.22,2113.65,2113.21,2113.53,29.1562
1779696540,2113.53,2114.82,2113.52,2114.82,43.4056
1779696600,2114.81,2114.82,2113.93,2113.93,22.5749
1779696660,2113.92,2113.92,2111.86,2112.01,116.2953
1779696720,2112.01,2112.57,2112.01,2112.13,27.2809
1779696780,2112.12,2113,2112,2112.99,47.1748
1779696840,2113,2113.27,2112.24,2112.24,80.9333
1779696900,2112.24,2112.56,2112.13,2112.25,82.3669
1779696960,2112.26,2112.83,2112.26,2112.82,38.4755
1779697020,2112.83,2112.91,2112.61,2112.61,12.6912
1779697080,2112.61,2112.63,2112,2112.14,180.2861
1779697140,2112.14,2112.62,2112.14,2112.62,27.1351
1779697200,2112.63,2113.3,2112.63,2113.18,168.72
1779697260,2113.18,2113.43,2112.98,2112.99,57.24
1779697320,2112.98,2112.99,2112.17,2112.17,34.5075
1779697380,2112.18,2112.53,2111.7,2112.06,72.0458
1779697440,2112.05,2112.06,2112.05,2112.06,63.8074
1779697500,2112.05,2112.44,2112.03,2112.05,70.1748
1779697560,2112.04,2112.05,2111.75,2111.75,22.8507
1779697620,2111.75,2112.39,2111.75,2112.39,49.8597
1779697680,2112.39,2112.68,2112.04,2112.52,42.9745
1779697740,2112.53,2112.53,2112.52,2112.52,4.7532
1779697800,2112.53,2112.82,2112.53,2112.81,23.8291
1779697860,2112.81,2113.51,2112.81,2113.27,58.7739
1779697920,2113.27,2113.54,2113.27,2113.44,29.7396
1779697980,2113.44,2113.96,2113.44,2113.95,57.4722
1779698040,2113.96,2113.97,2113.55,2113.97,54.3995
1779698100,2113.96,2115.69,2113.96,2115.49,184.6734
1779698160,2115.48,2115.48,2114.49,2114.49,82.5696
1779698220,2114.5,2114.5,2114.12,2114.38,53.0905
1779698280,2114.38,2114.43,2114.36,2114.36,43.4976
1779698340,2114.36,2114.37,2114.01,2114.26,56.2865
1779698400,2114.27,2114.93,2114.27,2114.64,90.4489
1779698460,2114.64,2114.64,2113.58,2113.58,84.9755
1779698520,2113.59,2115.03,2113.58,2115.02,149.1837
1779698580,2115.02,2115.47,2115.02,2115.29,69.521
1779698640,2115.29,2115.29,2115.08,2115.14,55.8481
1779698700,2115.13,2115.52,2115.13,2115.52,34.0014
1779698760,2115.52,2115.52,2114.95,2114.96,26.6394
1779698820,2114.95,2114.95,2114.06,2114.06,103.5616
1779698880,2114.07,2114.73,2114.07,2114.73,59.8885
1779698940,2114.72,2115.38,2114.67,2115.38,32.1387
1779699000,2115.37,2116.29,2115.19,2116.28,97.7794
1779699060,2116.28,2117.47,2116.28,2117.09,105.4674
1779699120,2117.09,2117.09,2115.96,2115.96,63.7459
1779699180,2115.96,2116.94,2115.9,2116.91,47.1573
1779699240,2116.9,2116.9,2116.29,2116.76,88.3838
1779699300,2116.75,2117.3,2116.61,2117.29,90.1654
1779699360,2117.29,2117.79,2116.63,2116.64,127.0253
1779699420,2116.64,2116.69,2116.53,2116.54,20.7833
1779699480,2116.53,2117.17,2116.53,2117,110.9139
1779699540,2117,2117.02,2116.69,2116.82,79.9778
1779699600,2116.83,2117.99,2116.82,2117.9,158.4989
1779699660,2117.91,2118,2116.18,2116.4,86.5546
1779699720,2116.41,2117.82,2116.17,2117.81,81.8137
1779699780,2117.82,2118.45,2117.44,2117.45,143.7372
1779699840,2117.44,2117.45,2117.14,2117.15,5.8449
1779699900,2117.15,2117.15,2117.06,2117.06,27.1562
1779699960,2117.05,2117.06,2116.48,2116.7,30.5928
1779700020,2116.69,2117.64,2116.69,2117.38,124.876
1779700080,2117.39,2117.77,2117.14,2117.77,167.3438
1779700140,2117.78,2119.69,2117.77,2118.82,190.1574
1779700200,2118.82,2121.88,2118.82,2120.78,811.1949
1779700260,2120.78,2121.61,2119.16,2119.16,156.4615
1779700320,2119.17,2119.17,2118.63,2118.7,102.6786
1779700380,2118.7,2118.71,2117.74,2118.41,107.5598
1779700440,2118.41,2118.79,2118.41,2118.66,30.7804
1779700500,2118.66,2118.94,2118.63,2118.75,36.6326
1779700560,2118.76,2118.76,2118.49,2118.49,27.0785
1779700620,2118.49,2118.72,2118.49,2118.5,95.1423
1779700680,2118.49,2118.5,2117.9,2118.04,52.4382
1779700740,2118.03,2118.54,2117.61,2118.44,193.6079
1779700800,2118.44,2118.45,2118.44,2118.45,8.1952
1779700860,2118.45,2118.45,2117.61,2117.61,81.0886
1779700920,2117.62,2117.92,2117.5,2117.92,87.2652
1779700980,2117.91,2117.92,2117.5,2117.5,47.9681
1779701040,2117.5,2119.14,2117.5,2119.14,208.9122
1779701100,2119.13,2119.2,2118.94,2119.19,47.2781
1779701160,2119.19,2119.23,2118.8,2118.8,51.874
1779701220,2118.81,2119.63,2118.48,2119.63,80.3591
1779701280,2119.63,2119.81,2119.57,2119.62,27.7528
1779701340,2119.61,2119.68,2119.43,2119.53,61.7377
1779701400,2119.54,2119.66,2118.57,2118.65,85.414
1779701460,2118.65,2120.56,2118.64,2120.56,166.7301
1779701520,2120.55,2122.91,2120.55,2120.87,500.6765
1779701580,2120.88,2123.63,2120.88,2122.59,283.6702
1779701640,2122.59,2124.1,2120.92,2121.42,492.3797
1779701700,2121.42,2121.42,2119.44,2119.44,99.6249
1779701760,2119.44,2119.44,2118.5,2118.61,101.1836
1779701820,2118.61,2118.8,2118.41,2118.79,87.7808
1779701880,2118.8,2119.55,2118.79,2119.28,102.4256
1779701940,2119.28,2119.28,2118.08,2118.94,127.7925
1779702000,2118.93,2118.95,2118.73,2118.88,39.568
1779702060,2118.87,2118.87,2118.13,2118.13,55.1493
1779702120,2118.14,2118.51,2118.14,2118.43,33.8342
1779702180,2118.42,2118.43,2118.42,2118.42,42.4052
1779702240,2118.43,2118.54,2118.43,2118.54,123.7809
1779702300,2118.53,2118.7,2118.15,2118.16,60.6774
1779702360,2118.15,2118.16,2117.95,2117.95,77.878
1779702420,2117.94,2117.95,2117.71,2117.88,229.7362
1779702480,2117.88,2118.46,2117.5,2118.46,88.6176
1779702540,2118.46,2118.72,2118.46,2118.72,28.0906
1779702600,2118.72,2120.82,2118.71,2120.82,92.2964
1779702660,2120.81,2120.81,2119.09,2119.09,126.1621
1779702720,2119.08,2119.17,2118.81,2119.16,39.5335
1779702780,2119.17,2119.17,2118.31,2118.32,32.9734
1779702840,2118.32,2118.59,2118.31,2118.46,44.6206
1779702900,2118.47,2118.47,2117.63,2117.63,125.586
1779702960,2117.64,2117.81,2117.63,2117.81,57.7778
1779703020,2117.81,2117.81,2117.22,2117.22,68.6862
1779703080,2117.22,2117.73,2117.21,2117.72,106.5797
1779703140,2117.73,2117.73,2117.02,2117.02,32.6319
1779703200,2117.03,2117.27,2117.02,2117.26,61.8454
1779703260,2117.26,2117.56,2117.23,2117.24,45.2172
1779703320,2117.23,2117.23,2115.74,2116.04,185.1826
1779703380,2116.04,2116.6,2115.85,2115.86,55.3675
1779703440,2115.85,2116.16,2115.74,2115.89,84.8517
1779703500,2115.88,2116.29,2115.88,2116.29,35.7479
1779703560,2116.28,2117.38,2116.28,2117.38,87.8456
1779703620,2117.38,2118.16,2117.37,2118.16,64.0746
1779703680,2118.15,2118.16,2118.15,2118.16,12.2418
1779703740,2118.15,2118.7,2118.15,2118.43,85.1587
1779703800,2118.43,2119.01,2118.37,2118.96,133.7302
1779703860,2118.95,2119.08,2118.54,2118.82,64.5137
1779703920,2118.82,2119.15,2118.62,2118.81,73.8583
1779703980,2118.81,2118.85,2118.8,2118.85,27.828
1779704040,2118.84,2118.86,2118.84,2118.86,12.8902
1779704100,2118.86,2119.58,2118.86,2119.5,83.6986
1779704160,2119.5,2120.33,2119.5,2120.33,78.7381
1779704220,2120.32,2120.94,2120.32,2120.94,50.7882
1779704280,2120.93,2121.04,2120.93,2121.04,15.475
1779704340,2121.03,2121.23,2119.68,2119.68,66.1212
1779704400,2119.69,2119.69,2117.94,2117.94,57.9011
1779704460,2117.93,2117.93,2116.15,2116.56,201.5101
1779704520,2116.55,2117.61,2116.55,2117.48,150.7579
1779704580,2117.47,2117.59,2117.08,2117.48,33.3637
1779704640,2117.48,2117.83,2117.48,2117.82,68.8899
1779704700,2117.82,2117.83,2116.4,2116.41,183.3398
1779704760,2116.41,2116.41,2115.95,2115.95,29.0037
1779704820,2115.95,2116.14,2115.48,2116.14,108.359
1779704880,2116.14,2116.25,2115.92,2116.24,37.2061
1779704940,2116.24,2117.18,2116.24,2117.18,126.7655
1779705000,2117.18,2117.18,2116.78,2116.78,45.0937
1779705060,2116.79,2117.01,2116.78,2116.84,36.6902
1779705120,2116.84,2117.2,2116.84,2117.2,19.5479
1779705180,2117.2,2117.34,2116.64,2116.64,42.9893
1779705240,2116.63,2116.64,2115.96,2116.64,47.5543
1779705300,2116.63,2117.62,2116.63,2117.12,80.3429
1779705360,2117.11,2117.18,2117.11,2117.18,11.1865
1779705420,2117.18,2117.58,2117.17,2117.58,22.5771
1779705480,2117.58,2118.05,2117.57,2117.58,37.0946
1779705540,2117.57,2117.57,2116.56,2116.56,26.7216
1779705600,2116.56,2116.57,2116.13,2116.14,65.1623
1779705660,2116.13,2116.22,2115.99,2115.99,18.5341
1779705720,2116,2116,2115.99,2115.99,18.0269
1779705780,2115.99,2115.99,2115.62,2115.63,21.0077
1779705840,2115.62,2116.2,2115.62,2116.2,95.7102
1779705900,2116.21,2116.99,2116.1,2116.99,46.3756
1779705960,2117,2117.15,2116.46,2116.46,33.7493
1779706020,2116.47,2116.48,2116.46,2116.47,9.7247
1779706080,2116.47,2116.48,2116.24,2116.29,42.0092
1779706140,2116.28,2116.5,2116.28,2116.5,13.8708
1779706200,2116.49,2116.7,2116.49,2116.69,74.688
1779706260,2116.69,2116.69,2115.97,2115.97,28.1075
1779706320,2115.97,2115.97,2114.86,2115.71,165.619
1779706380,2115.7,2116.35,2115.7,2116.2,37.5754
1779706440,2116.2,2117.06,2116.2,2117.05,142.652
1779706500,2117.06,2117.24,2117.05,2117.24,35.2855
1779706560,2117.23,2117.64,2117.02,2117.02,54.0363
1779706620,2117.02,2117.02,2116.52,2116.68,35.2882
1779706680,2116.69,2117.19,2116.69,2117.18,63.7156
1779706740,2117.19,2117.19,2117.02,2117.03,24.8442
1779706800,2117.02,2117.03,2115.11,2115.5,157.6189
1779706860,2115.5,2116.01,2115.15,2115.73,134.3766
1779706920,2115.74,2115.97,2115.01,2115.01,78.383
1779706980,2115.01,2115.85,2115,2115.85,59.9755
1779707040,2115.85,2116.12,2115.84,2116.12,37.4513
1779707100,2116.11,2116.12,2115.85,2115.85,43.3048
1779707160,2115.85,2116.04,2115.25,2115.25,51.4841
1779707220,2115.25,2116.08,2115.25,2116.08,64.8434
1779707280,2116.08,2116.3,2116.07,2116.3,25.0228
1779707340,2116.29,2116.67,2116.29,2116.66,39.2647
1779707400,2116.66,2117.13,2116.66,2117.09,27.5498
1779707460,2117.1,2117.1,2116.82,2116.82,27.348
1779707520,2116.82,2116.83,2116.14,2116.15,74.9295
1779707580,2116.14,2116.14,2115.9,2115.91,34.3279
1779707640,2115.91,2115.91,2115.9,2115.9,19.5143
1779707700,2115.91,2115.91,2115.9,2115.9,13.2041
1779707760,2115.9,2116.15,2115.9,2116.15,93.6257
1779707820,2116.14,2116.15,2115.91,2115.92,43.7499
1779707880,2115.92,2115.92,2115.2,2115.2,73.1298
1779707940,2115.2,2115.5,2115.08,2115.49,68.6905
1779708000,2115.5,2115.93,2115.5,2115.93,20.6351
1779708060,2115.93,2116.18,2115.92,2116,34.4424
1779708120,2116.01,2116.45,2115.63,2115.64,30.96
1779708180,2115.64,2115.64,2115.21,2115.49,35.1839
1779708240,2115.49,2115.98,2115.49,2115.98,37.8652
1779708300,2115.98,2115.98,2115.18,2115.21,65.7321
1779708360,2115.21,2115.49,2115.2,2115.49,73.7814
1779708420,2115.48,2115.49,2115.48,2115.49,9.6312
1779708480,2115.48,2115.61,2115.48,2115.49,49.1002
1779708540,2115.49,2115.92,2115.49,2115.92,41.6659
1779708600,2115.92,2116.4,2115.65,2116.14,120.0486
1779708660,2116.13,2116.8,2116.13,2116.79,57.5965
1779708720,2116.8,2118.17,2116.79,2118.17,69.384
1779708780,2118.16,2119.07,2117.79,2118.59,277.5973
1779708840,2118.59,2119.38,2118.47,2119.38,71.9473
1779708900,2119.38,2119.58,2118.04,2118.05,71.6706
1779708960,2118.05,2120.22,2118.04,2119.9,148.803
1779709020,2119.89,2120.3,2119.68,2119.68,72.5953
1779709080,2119.69,2119.79,2119.68,2119.78,34.697
1779709140,2119.79,2119.89,2119.78,2119.89,33.9347
1779709200,2119.89,2119.89,2118,2118.47,415.0498
1779709260,2118.47,2119.54,2118.47,2119.23,284.0392
1779709320,2119.23,2119.29,2119.12,2119.28,275.3303
1779709380,2119.28,2119.31,2118.53,2118.6,310.3427
1779709440,2118.6,2118.95,2118.6,2118.94,348.5044
1779709500,2118.94,2120.29,2118.94,2119.27,540.6526
1779709560,2119.27,2120.03,2119.27,2120.03,325.1009
1779709620,2120.02,2120.05,2118.47,2118.48,309.2573
1779709680,2118.48,2118.48,2118.11,2118.33,304.4169
1779709740,2118.34,2118.43,2117.44,2118.07,106.5074
1779709800,2118.07,2118.23,2117.91,2117.91,14.5377
1779709860,2117.92,2117.92,2117.54,2117.54,47.0331
1779709920,2117.55,2117.55,2116.4,2116.69,150.3682
1779709980,2116.69,2116.76,2116.38,2116.39,26.4568
1779710040,2116.39,2116.68,2116.38,2116.67,16.029
1779710100,2116.68,2116.68,2116.48,2116.68,31.1581
1779710160,2116.68,2117.24,2116.46,2116.46,45.046
1779710220,2116.47,2116.47,2115.22,2115.23,47.0428
1779710280,2115.22,2115.23,2114.26,2114.26,109.5655
1779710340,2114.26,2115.05,2114.26,2114.95,324.797
1779710400,2114.95,2115.16,2114.26,2114.27,58.5481
1779710460,2114.27,2114.58,2112.72,2112.91,280.9831
1779710520,2112.91,2113.3,2112.25,2112.86,89.0904
1779710580,2112.85,2113.07,2112.42,2112.43,144.3373
1779710640,2112.43,2114,2112.42,2113.57,87.3318
1779710700,2113.56,2114.34,2112.91,2114.27,133.2055
1779710760,2114.27,2114.44,2114.06,2114.44,61.3012
1779710820,2114.44,2114.44,2114,2114,31.2458
1779710880,2114,2114.01,2113.75,2113.75,46.0085
1779710940,2113.76,2114.44,2113.75,2114.09,139.4311
1779711000,2114.09,2114.1,2113.68,2113.69,42.6156
1779711060,2113.69,2114.33,2113.69,2114.32,152.107
1779711120,2114.33,2115.1,2114.31,2115.1,144.7313
1779711180,2115.09,2115.16,2114.78,2114.91,77.9341
1779711240,2114.91,2115.12,2114.9,2115.12,144.1847
1779711300,2115.12,2115.72,2114.69,2114.7,99.7091
1779711360,2114.71,2116.29,2114.71,2116.04,139.5775
1779711420,2116.04,2116.22,2113.84,2113.85,63.5002
1779711480,2113.84,2113.98,2113.84,2113.98,35.3408
1779711540,2113.98,2115.54,2113.98,2115.54,76.3846
1779711600,2115.54,2115.61,2115.3,2115.54,31.0627
1779711660,2115.54,2115.55,2114.79,2114.8,40.1527
1779711720,2114.79,2114.81,2114.15,2114.33,112.9222
1779711780,2114.32,2117.33,2114.32,2116.14,380.7853
1779711840,2116.14,2116.77,2115.91,2116.66,83.2953
1779711900,2116.66,2118.02,2116.63,2117.27,134.6672
1779711960,2117.28,2117.44,2116.84,2117.19,66.0809
1779712020,2117.19,2117.93,2117.08,2117.25,62.6963
1779712080,2117.24,2118.37,2117.24,2118.37,141.2739
1779712140,2118.37,2118.37,2117.54,2117.9,72.4339
1779712200,2117.9,2118.31,2117.89,2118.25,46.1768
1779712260,2118.26,2118.82,2117.84,2118.2,67.9496
1779712320,2118.21,2118.31,2118.02,2118.02,43.338
1779712380,2118.02,2118.02,2116.86,2117.54,98.7859
1779712440,2117.54,2118.15,2117.07,2117.31,130.9952
1779712500,2117.31,2117.9,2117.3,2117.9,33.3865
1779712560,2117.89,2118.67,2117.89,2118.14,149.8491
1779712620,2118.13,2118.4,2118.13,2118.17,35.9565
1779712680,2118.18,2118.18,2116.28,2116.4,58.9162
1779712740,2116.4,2117.11,2116.4,2116.82,45.3201
1779712800,2116.82,2116.83,2116.51,2116.52,31.4717
1779712860,2116.51,2116.52,2116.36,2116.36,22.5507
1779712920,2116.36,2117.2,2116.36,2117.19,52.0514
1779712980,2117.2,2117.39,2117.19,2117.28,15.2926
1779713040,2117.27,2117.53,2117.27,2117.52,16.1881
1779713100,2117.53,2117.53,2115.54,2116.08,310.9481
1779713160,2116.08,2116.25,2115.5,2115.51,70.0249
1779713220,2115.51,2115.51,2114.52,2115.5,387.3773
1779713280,2115.49,2115.5,2114.78,2115.03,43.4341
1779713340,2115.04,2116.56,2115.04,2116.55,57.2313
1779713400,2116.56,2116.77,2116.39,2116.4,34.9501
1779713460,2116.41,2116.76,2116.4,2116.76,47.8513
1779713520,2116.76,2117,2116.76,2116.8,55.8884
1779713580,2116.81,2118,2116.81,2117.8,62.2706
1779713640,2117.8,2119.38,2117.8,2119.03,134.6309
1779713700,2119.04,2119.38,2118.93,2119.37,42.7346
1779713760,2119.38,2119.61,2119.15,2119.61,55.7582
1779713820,2119.6,2119.61,2118.12,2118.13,50.1335
1779713880,2118.12,2118.12,2117.7,2117.71,36.8115
1779713940,2117.7,2117.71,2117.34,2117.34,41.6474
1779714000,2117.35,2117.35,2116.27,2116.5,358.0855
1779714060,2116.5,2117.71,2116.5,2117.7,107.6761
1779714120,2117.7,2118.13,2117.7,2117.92,53.9059
1779714180,2117.92,2118.81,2117.91,2118.8,48.4529
1779714240,2118.81,2119.61,2118.77,2119.6,73.7455
1779714300,2119.61,2119.61,2118.8,2119.19,40.5854
1779714360,2119.19,2120,2119.19,2119.39,48.8948
1779714420,2119.39,2119.45,2119.08,2119.08,72.6909
1779714480,2119.09,2119.14,2118.81,2118.82,25.4288
1779714540,2118.81,2118.82,2117.78,2117.78,52.7451
1779714600,2117.79,2117.79,2117.42,2117.43,25.6622
1779714660,2117.42,2117.43,2116.26,2116.27,31.9874
1779714720,2116.26,2116.27,2114.75,2114.75,33.1352
1779714780,2114.75,2115.42,2114.75,2115.33,259.8921
1779714840,2115.33,2115.97,2115.33,2115.97,75.7675
1779714900,2115.97,2116.13,2115.61,2115.75,50.619
1779714960,2115.76,2117.06,2115.76,2116.98,78.4323
1779715020,2116.97,2116.98,2116.43,2116.63,146.3516
1779715080,2116.62,2116.63,2115.27,2115.28,36.3585
1779715140,2115.28,2115.46,2114.85,2114.85,64.3719
1779715200,2114.86,2115.59,2114.27,2115.58,116.1229
1779715260,2115.58,2116.3,2115.58,2116.3,24.3169
1779715320,2116.3,2116.3,2115.8,2115.81,44.0794
1779715380,2115.8,2115.81,2115.68,2115.69,86.099
1779715440,2115.69,2115.78,2115.6,2115.66,32.7795
1779715500,2115.65,2115.65,2115.17,2115.18,43.7051
1779715560,2115.18,2116.19,2115.18,2115.35,48.6672
1779715620,2115.36,2115.36,2115.21,2115.21,23.2175
1779715680,2115.21,2115.22,2115.2,2115.21,29.0534
1779715740,2115.21,2115.22,2115.1,2115.11,97.2133
1779715800,2115.12,2115.55,2115.12,2115.18,45.7661
1779715860,2115.17,2116.03,2115.17,2116.03,51.4311
1779715920,2116.03,2116.09,2115.77,2116.09,61.4068
1779715980,2116.08,2116.5,2115.72,2115.73,68.7236
1779716040,2115.73,2115.9,2115.35,2115.9,56.5652
1779716100,2115.89,2116.26,2115.42,2116.25,79.5625
1779716160,2116.25,2116.43,2115.7,2116.02,84.9644
1779716220,2116.03,2116.6,2116.03,2116.6,40.2745
1779716280,2116.6,2116.6,2115.16,2116.24,82.2749
1779716340,2116.24,2116.68,2116.23,2116.67,29.4777
1779716400,2116.67,2116.68,2116.26,2116.68,89.2087
1779716460,2116.68,2116.68,2116.26,2116.26,26.9299
1779716520,2116.26,2116.76,2116.26,2116.61,41.8409
1779716580,2116.61,2116.62,2116.3,2116.3,32.5632
1779716640,2116.3,2116.82,2115.87,2116.8,61.0682
1779716700,2116.81,2117.07,2115.8,2115.81,138.9675
1779716760,2115.8,2116.04,2115.8,2115.92,33.6584
1779716820,2115.92,2116.07,2115.63,2115.64,64.9668
1779716880,2115.64,2115.64,2115.63,2115.63,15.1699
1779716940,2115.64,2116.46,2115.64,2116.46,70.6358
1779717000,2116.46,2117,2116.38,2116.39,28.3743
1779717060,2116.39,2116.39,2115.27,2115.35,189.3905
1779717120,2115.35,2115.46,2115.35,2115.42,37.7038
1779717180,2115.43,2116.22,2115.42,2116.01,52.3241
1779717240,2116.02,2116.59,2115.95,2116.58,48.4168
1779717300,2116.58,2116.72,2116.58,2116.58,28.9718
1779717360,2116.58,2116.58,2116.38,2116.39,28.8095
1779717420,2116.38,2116.46,2116.25,2116.42,91.5887
1779717480,2116.43,2116.58,2116.18,2116.18,31.6176
1779717540,2116.19,2116.56,2116.18,2116.28,76.4298
1779717600,2116.28,2116.59,2116.1,2116.1,86.7409
1779717660,2116.11,2116.48,2115.9,2116.48,44.294
1779717720,2116.48,2116.48,2115.77,2115.95,76.2465
1779717780,2115.94,2117.26,2115.94,2116.99,72.6637
1779717840,2117,2119.87,2116.99,2119.76,223.7833
1779717900,2119.75,2122.49,2119.14,2121.78,364.2964
1779717960,2121.78,2122.67,2119.13,2119.34,253.7668
1779718020,2119.34,2120.04,2119.34,2120.04,88.0579
1779718080,2120.04,2121.43,2119.67,2121.02,297.6702
1779718140,2121.02,2121.02,2120,2120.08,172.6223
1779718200,2120.07,2120.98,2120.07,2120.78,82.2958
1779718260,2120.78,2120.78,2119.61,2119.61,173.4187
1779718320,2119.61,2120.17,2119.6,2119.77,56.8431
1779718380,2119.77,2119.77,2119.14,2119.38,143.1292
1779718440,2119.38,2119.96,2119.37,2119.83,105.0883
1779718500,2119.84,2120.46,2119.84,2119.89,131.186
1779718560,2119.89,2120.84,2118.87,2120.83,421.8532
1779718620,2120.84,2122.76,2120.83,2122.26,264.22
1779718680,2122.27,2124,2121.67,2122.31,413.7829
1779718740,2122.32,2123.44,2122.32,2123.42,108.9474
1779718800,2123.43,2123.43,2121.73,2121.74,194.6293
1779718860,2121.73,2122.25,2121.52,2122.25,113.9023
1779718920,2122.24,2122.86,2121.83,2122.66,129.0594
1779718980,2122.66,2122.67,2121.43,2121.66,172.1824
1779719040,2121.65,2123.04,2121.65,2123.03,92.967
1779719100,2123.04,2127.44,2123.04,2125.33,753.9026
1779719160,2125.33,2125.34,2124.14,2125.32,153.2451
1779719220,2125.32,2127.37,2124.96,2127.36,375.6994
1779719280,2127.36,2127.68,2126.86,2126.86,147.6293
1779719340,2126.86,2127.77,2126.26,2127.77,233.8474
1779719400,2127.76,2127.77,2125.7,2126.16,193.4683
1779719460,2126.17,2126.25,2125.68,2125.68,92.9554
1779719520,2125.69,2125.69,2124.69,2125.14,103.8599
1779719580,2125.15,2126.1,2125.14,2125.92,72.5881
1779719640,2125.91,2125.97,2125.35,2125.65,84.1312
1779719700,2125.66,2125.66,2125.11,2125.51,153.0062
1779719760,2125.52,2125.52,2125.09,2125.1,42.508
1779719820,2125.09,2125.3,2124.63,2125.22,147.845
1779719880,2125.22,2125.22,2124.42,2124.59,88.5016
1779719940,2124.59,2124.77,2124.54,2124.55,68.6075
1779720000,2124.54,2124.55,2122.65,2123.02,173.2822
1779720060,2123.01,2123.25,2123.01,2123.25,19.5663
1779720120,2123.24,2124.56,2123.24,2124.56,118.8397
1779720180,2124.56,2124.67,2124.1,2124.1,95.1431
1779720240,2124.1,2124.55,2123.73,2124.55,87.5536
1779720300,2124.55,2124.68,2124.54,2124.66,47.0324
1779720360,2124.66,2130.23,2124.58,2129.53,770.4461
1779720420,2129.53,2130.24,2127.82,2128.51,230.9823
1779720480,2128.51,2129.17,2128.17,2128.55,151.8962
1779720540,2128.54,2129.16,2128.03,2128.22,66.4501
1779720600,2128.22,2129.13,2128.06,2128.06,122.559
1779720660,2128.05,2128.05,2126.78,2126.82,65.7382
1779720720,2126.81,2126.82,2126.53,2126.72,51.0463
1779720780,2126.72,2127.51,2126.72,2127.51,187.1253
1779720840,2127.51,2128.17,2127.32,2127.33,152.282
1779720900,2127.33,2128.51,2127.23,2127.23,66.9351
1779720960,2127.23,2127.36,2126.98,2127.36,64.3515
1779721020,2127.36,2128.54,2127.36,2128.43,58.3836
1779721080,2128.43,2129.69,2128.42,2129.1,131.3491
1779721140,2129.1,2129.1,2128.12,2128.34,85.1955
1779721200,2128.35,2129.57,2128.2,2128.94,152.97
1779721260,2128.93,2129.25,2128.47,2128.48,49.7442
1779721320,2128.47,2128.48,2127.77,2128.33,87.0738
1779721380,2128.34,2129.27,2128.33,2128.51,138.1639
1779721440,2128.52,2128.59,2128.06,2128.59,59.6955
1779721500,2128.59,2130.52,2128.59,2129.19,364.9322
1779721560,2129.19,2130.43,2128.93,2130.42,150.8796
1779721620,2130.43,2131.8,2129.52,2129.52,148.9633
1779721680,2129.51,2130.29,2129.09,2130.04,57.9034
1779721740,2130.05,2130.33,2129.43,2129.43,109.1133
1779721800,2129.42,2135.52,2128,2133.71,1190.512
1779721860,2133.72,2138.28,2132.41,2135.62,1562.2034
1779721920,2135.62,2137.43,2134.8,2136.63,364.5351
1779721980,2136.63,2136.64,2132.92,2132.93,136.0416
1779722040,2132.92,2132.93,2130.27,2130.27,161.8031
1779722100,2130.28,2130.4,2127.25,2129.08,259.0792
1779722160,2129.07,2129.32,2128.19,2128.73,213.6042
1779722220,2128.73,2130.15,2128.73,2129.66,146.118
1779722280,2129.66,2130.35,2129.66,2130.34,55.66
1779722340,2130.34,2131.71,2130.34,2130.34,80.6893
1779722400,2130.34,2130.35,2128.16,2128.16,60.513
1779722460,2128.15,2128.15,2126.53,2126.69,262.7402
1779722520,2126.69,2127.15,2126.4,2126.41,112.3379
1779722580,2126.41,2126.58,2124.45,2125.68,337.9021
1779722640,2125.68,2125.99,2125.58,2125.67,70.1749
1779722700,2125.67,2127.04,2125.66,2126.8,99.0466
1779722760,2126.81,2127.52,2126.41,2127.06,152.5152
1779722820,2127.05,2127.06,2126.21,2126.76,53.8625
1779722880,2126.77,2126.77,2125.32,2125.32,93.9881
1779722940,2125.31,2125.84,2125.04,2125.04,48.499
1779723000,2125.04,2125.04,2123.7,2123.7,80.1587
1779723060,2123.71,2123.71,2122.9,2123.51,115.1121
1779723120,2123.51,2123.53,2123.05,2123.53,93.2352
1779723180,2123.53,2125.54,2123.53,2125.54,172.7835
1779723240,2125.53,2127.59,2125.53,2126.66,230.7369
1779723300,2126.67,2126.67,2125.92,2126.18,45.5276
1779723360,2126.17,2126.17,2125.54,2125.65,26.2023
1779723420,2125.64,2125.65,2125.64,2125.64,28.1201
1779723480,2125.64,2126.61,2125.64,2126.6,28.9002
1779723540,2126.61,2126.61,2126.6,2126.61,2.3645
1779731520,2127.04,2127.31,2127.04,2127.31,6
1779731580,2126.79,2126.9,2126.74,2126.83,14
1779731640,2126.5,2126.58,2126.47,2126.58,12
1779731700,2126.5,2126.58,2126.21,2126.35,48
1779731760,2126.3,2126.3,2124.77,2124.95,92
1779731820,2125.01,2125.52,2125.01,2125.44,44
1779731880,2125.39,2125.62,2124.83,2125.48,56
1779731940,2126.05,2126.05,2125.86,2125.86,6
1779732000,2125.31,2126.43,2124.82,2126.43,78
1779732060,2126.38,2127.18,2125.97,2126.76,74
1779732120,2126.7,2127.31,2126.43,2127.19,60
1779732180,2127.22,2127.22,2127.11,2127.15,12
1779732240,2127.41,2128.13,2127.41,2128,26
1779732300,2128.07,2128.07,2128.07,2128.07,2
1779732360,2128.11,2128.11,2127.6,2127.9,8
1779732420,2128.77,2128.8,2128.72,2128.72,10
1779732480,2128.97,2129.41,2128.97,2129.41,12
1779732540,2129.13,2129.15,2129.13,2129.14,10
1779733260,2127.49,2127.85,2127.49,2127.78,34
1779733320,2127.79,2127.92,2126.37,2126.72,50
1779733380,2126.82,2126.91,2126.82,2126.91,12
1779733440,2126.65,2126.73,2126.65,2126.73,10
1779733500,2126.78,2126.79,2126.78,2126.79,4
1779733560,2126.96,2127.54,2126.96,2127.54,32
1779733620,2127.29,2127.6,2127.29,2127.41,16
1779733680,2127.89,2128.03,2127.85,2128.03,18
1779733740,2128.24,2128.24,2128.13,2128.13,10
1779733860,2127.21,2127.29,2126.81,2127.29,40
1779733920,2127.37,2127.37,2127.16,2127.19,8
1779733980,2126.21,2126.6,2126.21,2126.23,24
1779734040,2126.67,2127.04,2126.67,2127.03,20
1779734160,2127.19,2127.19,2127.19,2127.19,2
1779734220,2126.67,2126.67,2126.65,2126.65,6
1779734280,2126.76,2126.76,2126.27,2126.37,18
1779734340,2126.09,2126.09,2125.7,2125.83,24
1779734400,2126.69,2126.69,2124,2124.39,84
1779734460,2124.74,2125.21,2124.74,2125.21,12
1779734520,2124.98,2125.52,2124.98,2125.52,16
1779734580,2125.33,2125.33,2125.33,2125.33,2
1779734640,2125.12,2125.12,2124.73,2124.73,8
1779734760,2124.73,2124.94,2124.73,2124.94,8
1779734820,2124.93,2125.59,2124.87,2125.42,48
1779734880,2125.38,2125.43,2125.38,2125.38,8
1779735000,2124.73,2124.73,2124.52,2124.52,6
1779735060,2124.68,2124.94,2124.63,2124.94,16
1779735120,2125.42,2125.42,2123.97,2124.04,26
1779735180,2124,2124,2123.62,2123.66,20
1779735240,2123.74,2123.74,2123.53,2123.56,26
1779735360,2124.14,2124.14,2124.14,2124.14,2
1779735420,2123.56,2123.64,2123.56,2123.64,6
1779735480,2123.76,2123.81,2123.76,2123.81,6
1779735540,2123.4,2123.64,2123.4,2123.64,12
1779735600,2123.39,2123.63,2122.52,2122.62,54
1779735780,2119.74,2119.74,2119.74,2119.74,2
1779735840,2118.95,2119.76,2118.95,2119.76,18
1779735900,2119.92,2121.32,2119.92,2121.29,74
1779735960,2121.29,2121.29,2121.29,2121.29,2
1779736020,2121.54,2121.54,2121.49,2121.5,8
1779736080,2122.44,2122.44,2121.85,2121.85,22
1779736140,2121,2121.11,2120.98,2121.07,14
1779736200,2120.05,2120.49,2119.49,2120.49,52
1779736260,2120.84,2120.89,2120.84,2120.89,8
1779736320,2121.38,2121.68,2121.38,2121.67,16
1779736380,2121.62,2121.62,2121.62,2121.62,2
1779736440,2122.38,2122.38,2122.19,2122.19,16
1779736620,2120.96,2121.35,2120.96,2121.25,30
1779736680,2120.9,2120.9,2120.79,2120.79,4
1779736740,2120.1,2120.46,2120.1,2120.43,12
1779736800,2121.12,2121.12,2121.03,2121.03,6
1779736860,2120.71,2120.71,2120.71,2120.71,2
1779736920,2120.7,2121.08,2120.7,2121.08,16
1779736980,2121.13,2121.65,2121.13,2121.65,16
1779737040,2121.63,2122.23,2121.63,2122.22,26
1779737100,2122.14,2122.14,2121.95,2122.11,30
1779737160,2121.8,2122.06,2121.74,2122.06,12
1779737220,2121.58,2121.58,2121.58,2121.58,2
1779737280,2122.21,2122.21,2122.17,2122.17,4
1779737340,2121.69,2121.76,2121.69,2121.73,10
1779737400,2122.13,2122.46,2120.82,2120.82,82
1779737460,2120.8,2120.85,2120,2120.1,56
1779737520,2120.31,2120.31,2119.99,2120.11,22
1779737580,2120.06,2120.35,2120.05,2120.35,16
1779737640,2117.91,2118.29,2117.91,2118.27,16
1779737700,2117.23,2117.23,2115.59,2115.6,124
1779737760,2115.84,2116.62,2115.84,2116.6,36
1779737820,2115.69,2116.62,2115.69,2116.62,38
1779737880,2116.89,2116.89,2116.33,2116.33,34
1779737940,2115.83,2115.83,2115.81,2115.81,6
1779738000,2113.53,2114.05,2113.25,2113.32,88
1779738060,2113.82,2114.01,2113.82,2114.01,10
1779738120,2114.79,2115.04,2114.79,2115.04,20
1779738180,2115.8,2115.87,2115.57,2115.81,26
1779738240,2116.02,2116.23,2116.02,2116.23,12
1779738420,2116.91,2117.05,2116.9,2117.05,24
1779738480,2117.07,2117.07,2116.83,2116.83,4
1779738540,2116.71,2116.71,2116.44,2116.44,16
1779738600,2117.08,2117.93,2117.08,2117.93,72
1779738660,2117.93,2117.93,2117.63,2117.68,18
1779738720,2117.89,2117.89,2117.65,2117.68,16
1779738780,2117.56,2117.91,2117.53,2117.79,34
1779738840,2117.09,2117.09,2117.07,2117.07,4
1779738900,2116.64,2117.18,2116.25,2117.16,50
1779738960,2117.38,2117.41,2117.38,2117.41,6
1779739020,2117.51,2117.51,2117.51,2117.51,2
1779739080,2117.58,2117.58,2117.33,2117.52,22
1779739140,2117.11,2117.65,2117.11,2117.65,26
1779739260,2117.71,2118.59,2117.71,2118.59,54
1779739320,2118.54,2118.58,2118.54,2118.58,6
1779739380,2119.31,2119.68,2119.31,2119.43,28
1779739440,2118.83,2118.83,2118.79,2118.79,4
1779739500,2118.52,2118.94,2118.4,2118.59,42
1779739560,2118.58,2118.58,2118.38,2118.38,8
1779739620,2118.38,2118.88,2118.16,2118.88,34
1779739680,2118.65,2118.65,2118.64,2118.64,4
1779739740,2118.12,2118.18,2118.12,2118.18,8
1779739800,2118.44,2118.49,2118.44,2118.49,8
1779739860,2118.11,2118.11,2118.05,2118.09,10
1779739920,2118.4,2118.44,2118.4,2118.44,4
1779739980,2118.47,2118.49,2118.47,2118.49,4
1779740040,2118.52,2118.52,2118.06,2118.1,24
1779740160,2118.92,2118.92,2118.39,2118.39,16
1779740220,2117.7,2117.83,2117.65,2117.65,18
1779740280,2117.68,2117.68,2117.6,2117.62,12
1779740340,2118.02,2118.34,2118.02,2118.34,28
1779740460,2118,2118,2118,2118,2
1779740520,2117.79,2117.79,2117.75,2117.76,8
1779740580,2117.64,2117.64,2117.64,2117.64,2
1779740640,2116.86,2117.03,2116.86,2117.03,14
1779740700,2117,2117.67,2116.95,2117.04,46
1779740760,2117.21,2117.21,2115.95,2115.96,48
1779740820,2115.64,2116.24,2115.64,2116,46
1779740880,2116.04,2116.04,2116.04,2116.04,2
1779740940,2115.92,2115.92,2115.9,2115.9,6
1779741060,2114.43,2114.81,2114.4,2114.42,44
1779741120,2114.33,2115.66,2114.2,2115.66,30
1779741180,2116.05,2116.05,2115.56,2115.6,18
1779741240,2115.93,2116.25,2115.93,2116.25,6
1779741300,2113.6,2113.78,2111.51,2111.74,86
1779741360,2111.61,2112.48,2111.46,2112.48,36
1779741420,2113.47,2113.47,2113.07,2113.33,34
1779741480,2112.61,2113.11,2112.61,2112.72,24
1779741540,2112.9,2112.9,2112.37,2112.4,20
1779741660,2111.1,2111.1,2111.08,2111.08,4
1779741720,2110.88,2110.88,2110.65,2110.65,16
1779741780,2108.12,2108.37,2107.81,2107.97,34
1779741840,2108.83,2109.08,2108.7,2108.98,30
1779741900,2109.17,2110.62,2108.72,2110.62,106
1779742020,2110.82,2110.82,2110.82,2110.82,2
1779742080,2109.76,2109.78,2109.76,2109.78,8
1779742140,2110.41,2110.47,2110.41,2110.47,8
1779742200,2109.01,2110.01,2109.01,2109.77,68
1779742260,2109.42,2109.46,2109.36,2109.42,30
1779742320,2109.97,2110.49,2109.97,2110.17,42
1779742380,2110.54,2110.57,2110.47,2110.57,24
1779742440,2110.82,2110.82,2110.82,2110.82,2
1779742500,2110.65,2111.79,2110.64,2111.79,62
1779742560,2112.42,2112.54,2112.38,2112.54,20
1779742620,2108.6,2108.9,2108.21,2108.24,28
1779742680,2105.1,2105.27,2103.77,2104.17,50
1779743160,2108.23,2109.27,2108.23,2109.27,38
1779743220,2109.38,2109.38,2108.8,2108.82,20
1779743280,2108.56,2108.56,2108.28,2108.44,10
1779743340,2108.29,2108.31,2108.27,2108.27,10
1779743400,2107.87,2107.89,2107.56,2107.56,28
1779743460,2107.31,2107.36,2107.31,2107.36,4
1779743520,2107.32,2107.32,2107.13,2107.32,14
1779743580,2107.62,2108.09,2106.58,2108.04,56
1779743640,2108.39,2108.45,2107.78,2107.78,28
1779743700,2107.68,2107.68,2106.82,2106.92,26
1779743760,2107.08,2107.39,2107.08,2107.38,14
1779743820,2106.46,2106.46,2105.32,2105.91,50
1779743880,2106.12,2106.12,2105.34,2105.34,32
1779743940,2105.69,2105.7,2105.69,2105.7,4
1779744000,2106.72,2107.5,2106.72,2107.1,58
1779744060,2106.84,2106.84,2106.79,2106.79,10
1779744120,2106.83,2106.83,2105.46,2105.5,36
1779744180,2105.36,2105.43,2105.36,2105.37,16
1779744240,2105.32,2105.4,2104.98,2105.39,28
1779744300,2105.35,2105.35,2105.13,2105.13,4
1779744360,2106.1,2106.27,2106.1,2106.27,8
1779744420,2107.01,2107.2,2107.01,2107.2,14
1779744480,2107.49,2108.05,2107.49,2108.05,26
1779744540,2108.15,2108.2,2108.15,2108.2,8
1779744600,2108.6,2108.6,2108.22,2108.22,28
1779744720,2108.2,2108.24,2108.2,2108.23,6
1779744780,2108.53,2108.53,2108.43,2108.43,6
1779744840,2108.24,2108.24,2108.24,2108.24,2
1779744900,2108.25,2109.07,2108.25,2109.05,56
1779744960,2109.04,2109.04,2107.21,2107.21,38
1779745020,2107.71,2107.71,2107.71,2107.71,2
1779745080,2106.39,2106.98,2106.39,2106.78,10
1779745140,2105.31,2105.36,2105.15,2105.36,24
1779745200,2106.53,2107.32,2106.53,2107.32,78
1779745260,2107.26,2107.28,2106.75,2106.75,30
1779745320,2107.84,2107.84,2107.29,2107.29,28
1779745380,2107.75,2107.76,2106.84,2106.84,22
1779745440,2106.32,2106.32,2105.93,2106.24,10
1779745560,2105.02,2105.34,2105.02,2105.34,32
1779745620,2105.77,2105.97,2105.77,2105.97,18
1779745680,2107.06,2107.42,2107.06,2107.42,30
1779745740,2108.04,2108.05,2108.04,2108.05,4
1779745860,2106.5,2106.86,2106.49,2106.86,8
1779745920,2106.76,2107.35,2106.75,2107.35,26
1779745980,2107.67,2107.99,2107.67,2107.99,20
1779746040,2107.78,2107.78,2106.89,2106.89,14
1779746160,2106.75,2107.31,2106.75,2107.27,40
1779746220,2107.07,2107.07,2107.07,2107.07,2
1779746280,2107.4,2107.46,2107.4,2107.46,4
1779746340,2107.6,2107.67,2107.6,2107.67,8
1779746460,2106.06,2107.34,2105.84,2107.32,70
1779746580,2105.55,2106.3,2104.89,2106.3,80
1779746640,2105.39,2105.39,2104.19,2104.19,20
1779746700,2105.72,2108.92,2105.71,2108.68,144
1779746760,2109.03,2109.03,2108.38,2108.74,42
1779746820,2109.63,2109.63,2107.93,2108.17,66
1779746880,2109.52,2109.54,2108.58,2109.23,72
1779746940,2108.29,2108.34,2108.29,2108.34,6
1779747000,2108.37,2110.11,2107.94,2110.11,86
1779747060,2109.96,2110.5,2109.96,2110.04,24
1779747120,2110.45,2111.49,2110.43,2111.43,44
1779747180,2111.57,2111.57,2110.67,2110.97,44
1779747240,2110.82,2110.83,2110.18,2110.18,20
1779747300,2110.28,2110.85,2109.6,2110.85,82
1779747420,2111.46,2111.46,2109.46,2109.49,56
1779747480,2110.05,2110.05,2108.71,2108.71,38
1779747540,2109.49,2109.69,2107.97,2108.03,38
1779747600,2109.26,2109.81,2108.81,2109.06,76
1779747660,2109.04,2109.28,2109.03,2109.28,28
1779747720,2109.81,2109.82,2109.81,2109.82,4
1779747780,2111.08,2111.13,2111.08,2111.08,10
1779747840,2111.01,2111.01,2110.63,2110.71,20
1779747900,2110.55,2110.55,2109.74,2110.16,56
1779747960,2110.55,2110.56,2110.32,2110.32,20
1779748020,2108.22,2108.22,2107.21,2108.02,56
1779748080,2107.58,2107.58,2107.36,2107.36,4
1779748140,2106.19,2106.19,2106.02,2106.04,8
1779748260,2103.09,2104.69,2102.59,2104.3,132
1779748320,2102.29,2102.7,2101.73,2102.7,48
1779748380,2102.47,2102.9,2100.94,2100.94,82
1779748440,2100.78,2101.87,2100.78,2101.76,54
1779748500,2102.27,2102.27,2099.4,2101.11,100
1779748560,2101.36,2101.38,2101.36,2101.38,10
1779748620,2101.31,2101.86,2101.31,2101.86,34
1779748680,2102,2102.16,2102,2102.11,12
1779748740,2102.56,2103.47,2102.56,2103.47,44
1779748800,2103.4,2103.41,2102.65,2103,52
1779748860,2102.99,2104.76,2102.99,2104.76,70
1779748920,2103.63,2103.63,2103.48,2103.49,10
1779748980,2102.92,2102.92,2102.42,2102.46,12
1779749040,2103.21,2103.33,2103.21,2103.31,22
1779749100,2103.46,2104.13,2103.06,2104.07,98
1779749220,2103.57,2103.57,2103.57,2103.57,2
1779749280,2104.45,2104.45,2104.08,2104.08,10
1779749340,2103.34,2103.61,2103.3,2103.61,18
1779749400,2104.42,2105.42,2104.17,2105.33,88
1779749460,2105.38,2105.4,2105.07,2105.11,20
1779749520,2105.38,2105.69,2105.09,2105.49,30
1779749580,2104.63,2104.82,2104.52,2104.52,42
1779749640,2105.14,2105.29,2105.14,2105.29,4
1779749700,2105.26,2105.28,2104.8,2105.23,66
1779749760,2104.2,2105.17,2104.2,2105.17,66
1779749820,2105.09,2105.18,2105.08,2105.18,16
1779749880,2103.97,2104.37,2103.31,2103.31,38
1779749940,2101.85,2101.85,2100.98,2100.98,54
1779750000,2100.1,2102.22,2098.85,2102.21,158
1779750120,2101.15,2101.84,2099.89,2101.84,114
1779750180,2102.1,2102.71,2102.1,2102.7,24
1779750240,2102.8,2103.04,2102.04,2102.49,56
1779750300,2102.38,2103.53,2102.07,2103.53,102
1779750360,2103.51,2104.05,2103.51,2104.05,42
1779750420,2104.83,2104.83,2104.66,2104.66,6
1779750480,2105.75,2105.76,2105,2105.05,32
1779750540,2104.34,2104.86,2104.34,2104.86,24
1779750600,2104.83,2104.87,2103.85,2104.87,74
1779750660,2104.58,2104.58,2104.4,2104.46,14
1779750720,2104.35,2104.35,2104.35,2104.35,2
1779750780,2104.27,2104.27,2104.11,2104.13,16
1779750840,2103.92,2104.5,2103.92,2104.5,22
1779750960,2105.78,2106.35,2105.69,2106.02,64
1779751020,2105.67,2105.95,2105.41,2105.6,34
1779751080,2105.33,2105.48,2105.32,2105.48,28
1779751140,2105.61,2105.61,2105.37,2105.37,10
1779751200,2105.07,2106.2,2105.07,2106.2,52
1779751260,2104.8,2105.38,2104.8,2105.02,48
1779751320,2104.62,2105.1,2104.62,2104.77,18
1779751380,2104.65,2105.04,2104.52,2105.01,28
1779751440,2104.88,2104.88,2104.88,2104.88,2
1779751500,2104.6,2105.48,2104.57,2105.47,46
1779751560,2105.69,2105.97,2105.68,2105.94,16
1779751620,2104.79,2104.82,2104.55,2104.61,26
1779751680,2105.24,2105.42,2104.99,2105.04,22
1779751740,2104.83,2104.83,2104.52,2104.53,20
1779751800,2105.19,2105.77,2104.5,2105.6,72
1779751860,2105.59,2105.59,2105.31,2105.32,40
1779751920,2106.02,2106.17,2106.02,2106.17,14
1779751980,2107.25,2107.26,2106.96,2107.23,20
1779752040,2107.25,2107.25,2106.96,2106.96,14
1779752100,2107.61,2107.61,2106.78,2106.79,48
1779752160,2106.78,2107.44,2106.76,2107.3,32
1779752220,2107.36,2107.36,2107.31,2107.31,6
1779752280,2106.99,2106.99,2106.83,2106.83,18
1779752340,2107.39,2107.39,2107.25,2107.29,12
1779752400,2108.22,2108.47,2108.1,2108.1,38
1779752460,2107.73,2107.73,2107.68,2107.69,10
1779752520,2108.57,2109.16,2108.57,2109.16,36
1779752580,2109.21,2109.21,2108.34,2108.35,42
1779752640,2108.3,2108.3,2108.05,2108.05,10
1779752760,2108.43,2108.81,2108.29,2108.81,42
1779752820,2108.77,2108.77,2108.58,2108.6,12
1779752880,2108.31,2108.31,2107.81,2107.84,30
1779752940,2107.44,2107.73,2107.44,2107.58,20
1779753000,2108.29,2108.29,2107.42,2107.44,44
1779753060,2107.74,2107.88,2107.67,2107.7,12
1779753120,2108.65,2108.67,2108.65,2108.67,4
1779753180,2108.45,2108.71,2108.02,2108.71,44
1779753240,2108.67,2108.67,2108.34,2108.61,28
1779753300,2108.96,2109.07,2108.68,2108.81,50
1779753360,2108.81,2109.52,2108.81,2108.87,28
1779753420,2109.15,2109.18,2109.07,2109.13,26
1779753480,2109.78,2109.78,2109.78,2109.78,2
1779753540,2109.64,2109.66,2109.62,2109.66,8
1779753600,2110.23,2110.23,2108.84,2109.75,178
1779753660,2109.8,2110.46,2107.75,2108.16,160
1779753720,2108.17,2109.08,2107.84,2108.53,134
1779753780,2108.5,2109.21,2108.32,2108.79,76
1779753840,2108.56,2108.56,2108.56,2108.56,2
1779753900,2108.3,2109.36,2108.3,2109.18,70
1779753960,2108.83,2109.14,2108.52,2109.14,28
1779754020,2108.46,2108.56,2108.19,2108.41,18
1779754080,2108.31,2108.41,2107.79,2107.79,24
1779754140,2107.74,2107.74,2107.01,2107.01,28
1779754260,2106.89,2107.08,2106.79,2106.83,52
1779754320,2106.79,2106.79,2106.75,2106.75,8
1779754380,2107.12,2107.12,2107.04,2107.05,14
1779754440,2107.17,2107.4,2107.17,2107.4,16
1779754500,2107.44,2108.5,2106.58,2107.69,118
1779754560,2107.55,2107.55,2106.68,2106.7,82
1779754620,2106.69,2107.01,2106.69,2106.71,40
1779754680,2105.55,2106.16,2105.54,2106.14,16
1779754740,2104.8,2104.93,2104.77,2104.93,22
1779754800,2105.92,2106.14,2105.02,2105.92,116
1779754860,2105.88,2105.88,2105.43,2105.45,28
1779754920,2105.47,2105.47,2104.25,2104.25,54
1779754980,2104.15,2104.46,2104.01,2104.01,56
1779755040,2103.96,2104.25,2103.96,2104.25,8
1779755100,2104.92,2105.08,2103.2,2103.2,56
1779755160,2103.59,2103.84,2103.53,2103.84,22
1779755220,2103.7,2104.41,2103.7,2104.35,36
1779755280,2104.03,2104.24,2104.03,2104.2,26
1779755340,2103.77,2103.79,2103.49,2103.49,36
1779755460,2104.59,2105.33,2104.56,2104.77,76
1779755520,2104.84,2104.84,2104.05,2104.05,30
1779755580,2102.54,2102.8,2102.5,2102.65,32
1779755640,2102.45,2102.65,2102.24,2102.42,30
1779755700,2102.13,2102.14,2101.37,2101.74,118
1779755760,2101.71,2101.72,2101.38,2101.53,64
1779755820,2101.69,2101.81,2100.96,2100.96,28
1779755880,2100.82,2100.82,2098.26,2098.42,62
1779755940,2095.34,2097.67,2095.34,2097.53,54
1779756000,2097.06,2097.09,2095.09,2095.76,152
1779756060,2095.77,2095.93,2094.67,2095.92,86
1779756120,2095.27,2095.27,2094.79,2094.79,6
1779756180,2094.69,2094.69,2093.9,2094.15,20
1779756240,2092.9,2092.9,2091.26,2091.48,46
1779756300,2092.89,2096.21,2092.89,2095.79,168
1779756360,2095.77,2096.33,2095.11,2096.11,130
1779756420,2096.25,2096.25,2094.67,2094.67,48
1779756480,2093.95,2093.98,2093.67,2093.67,8
1779756540,2094.37,2094.54,2094.34,2094.53,20
1779756600,2095.12,2095.2,2093.27,2093.27,74
1779756660,2092.71,2092.71,2091.53,2092.22,52
1779756720,2089.87,2089.89,2088.13,2088.36,94
1779756780,2084.27,2084.55,2081.27,2082.51,114
1779756840,2084.14,2090.14,2084.08,2089.8,140
1779756900,2090.74,2094.32,2090.68,2094.32,138
1779756960,2094.81,2094.81,2093.02,2093.48,36
1779757020,2094.39,2094.39,2093.84,2093.92,30
1779757080,2093.27,2093.79,2093.07,2093.79,40
1779757140,2095.19,2095.24,2094.28,2094.44,54
1779757200,2094.09,2094.09,2092.03,2092.23,188
1779757260,2092.22,2093.22,2090.99,2091.72,154
1779757380,2089.67,2089.67,2086.99,2087.91,142
1779757440,2089.08,2089.93,2089.08,2089.77,48
1779757500,2087.93,2090.17,2087.69,2089.99,138
1779757560,2090.02,2091.17,2089.86,2091.1,78
1779757620,2092.2,2092.2,2092.2,2092.2,2
1779757680,2090.81,2090.81,2089.98,2089.98,16
1779757740,2092,2092.13,2091.56,2091.57,20
1779757800,2089.55,2090.29,2089.01,2089.86,94
1779757860,2090.69,2092.01,2090.68,2091.3,56
1779757920,2092.24,2093.5,2092.22,2093.47,56
1779757980,2095.2,2095.2,2095.2,2095.2,2
1779758040,2095.82,2095.82,2095.47,2095.48,12
1779758160,2095.35,2096.7,2094.1,2094.52,112
1779758220,2094.7,2094.7,2094.35,2094.6,44
1779758280,2095.71,2096.75,2095.7,2096.7,60
1779758340,2096.54,2096.73,2095.8,2096.73,38
1779758400,2096.08,2096.76,2095.98,2096.45,58
1779758460,2095.75,2095.77,2095.67,2095.77,12
1779758520,2094.66,2094.66,2094.26,2094.62,30
1779758580,2095.04,2095.04,2093.85,2093.85,40
1779758640,2094.62,2094.82,2094.58,2094.76,28
1779758700,2094.52,2094.52,2093.43,2093.8,62
1779758760,2092.94,2092.98,2092.81,2092.98,12
1779758820,2091.39,2091.55,2091.35,2091.55,10
1779758880,2092.85,2093.76,2092.85,2093.76,30
1779758940,2093.85,2094.1,2093.85,2094.09,24
1779759000,2093.6,2093.61,2091.27,2092.47,118
1779759120,2092.51,2092.51,2090.98,2091.47,76
1779759180,2090.64,2090.64,2090.02,2090.02,34
1779759240,2087.26,2087.31,2085.17,2085.45,62
1779759300,2086.93,2089.36,2086.29,2088.94,120
1779759360,2088.83,2090.22,2088.72,2089.54,82
1779759420,2088.96,2088.96,2087.37,2088.08,20
1779759480,2088.56,2089.26,2088.56,2089.26,16
1779759540,2088.66,2089.71,2088.43,2089.65,44
1779759600,2088.08,2088.08,2086.33,2086.56,108
1779759660,2086.34,2086.34,2085.06,2085.16,82
1779759720,2085.53,2087.09,2085.4,2087.09,82
1779759780,2086.92,2086.92,2086.83,2086.83,8
1779759840,2086.64,2086.69,2086.32,2086.61,22
1779759960,2089.46,2090.06,2088.17,2089.69,120
1779760020,2089.52,2089.52,2089.17,2089.49,48
1779760080,2090.82,2091.42,2090.38,2090.6,76
1779760140,2090.35,2090.35,2090.29,2090.32,8
1779760200,2090.83,2091.31,2090.79,2090.83,70
1779760260,2090.84,2091.29,2090.61,2091.29,28
1779760320,2090.95,2091.5,2090.72,2091.5,22
1779760380,2091.49,2091.87,2091.47,2091.66,38
1779760440,2092.5,2092.98,2091.83,2091.83,50
1779760560,2091.9,2092.57,2091.3,2092.2,74
1779760620,2092.27,2092.27,2092.21,2092.21,6
1779760680,2091.25,2092.53,2091.25,2092.42,20
1779760740,2091.76,2091.76,2091.69,2091.7,10
1779760800,2090.87,2092.39,2089.45,2089.55,144
1779760920,2088.32,2088.6,2088.2,2088.37,58
1779760980,2089.26,2089.8,2089.26,2089.8,12
1779761040,2089.82,2090.51,2089.82,2090.51,22
1779761100,2088.54,2090.55,2088.39,2090.51,90
1779761160,2091.17,2092.07,2091.17,2091.91,38
1779761220,2089.62,2089.62,2089.14,2089.55,38
1779761280,2088.98,2089.89,2088.98,2089.54,36
1779761340,2090.06,2090.21,2090.06,2090.21,32
1779761400,2090.78,2090.78,2090.38,2090.52,50
1779761460,2090.24,2090.27,2090.24,2090.27,4
1779761520,2089.82,2089.91,2089.82,2089.89,18
1779761580,2090.93,2090.93,2090.54,2090.58,22
1779761640,2091.58,2091.6,2091.58,2091.6,4
1779761760,2089.78,2089.78,2088.1,2088.13,78
1779761820,2088.12,2088.51,2087.16,2088.03,88
1779761880,2087.82,2088.36,2087.82,2088.36,6
1779761940,2089.33,2089.52,2089.33,2089.42,12
1779762000,2090.43,2090.53,2089.09,2089.09,58
1779762060,2089.06,2090.08,2089.06,2089.85,30
1779762120,2088.71,2088.89,2088.05,2088.86,48
1779762180,2087.51,2087.51,2087.05,2087.11,30
1779762240,2086.94,2087.69,2086.36,2087.69,46
1779762300,2087.99,2087.99,2086.72,2086.72,72
1779762360,2087.17,2087.17,2086.99,2086.99,16
1779762420,2086.49,2086.54,2086.28,2086.29,16
1779762480,2086.8,2086.8,2085.65,2085.67,38
1779762540,2085.78,2085.78,2085.52,2085.59,26
1779762600,2085.89,2086.75,2084.86,2084.95,104
1779762660,2084.87,2085.79,2084.76,2085.73,92
1779762720,2085.72,2086.52,2085.68,2086.34,44
1779762780,2086.23,2086.23,2085.97,2086.04,16
1779762840,2086.58,2086.73,2086.57,2086.66,20
1779762900,2086.45,2087.81,2086.21,2087.44,72
1779762960,2087.26,2087.26,2086.58,2086.69,30
1779763020,2087.27,2088.75,2087.24,2088.51,54
1779763080,2087.29,2087.29,2085.85,2085.91,42
1779763140,2086.13,2086.13,2085.98,2085.98,4
1779763200,2085.79,2086.86,2085.71,2086.65,84
1779763260,2086.35,2086.37,2086.35,2086.35,6
1779763320,2085.44,2085.44,2083.95,2084.22,50
1779763380,2085.65,2085.65,2084.48,2084.54,42
1779763440,2084.78,2084.78,2084.28,2084.33,34
1779763500,2084.46,2084.49,2083.18,2083.59,78
1779763560,2083.58,2083.63,2082.05,2082.44,120
1779763620,2081.63,2083.97,2081.26,2083.97,54
1779763680,2085.52,2085.86,2085.36,2085.45,48
1779763740,2085.22,2085.37,2085.09,2085.37,26
1779763860,2087.38,2087.47,2086.58,2086.75,52
1779763920,2087.16,2087.3,2087.05,2087.3,20
1779763980,2088.05,2088.05,2087.2,2087.21,20
1779764040,2087.25,2087.25,2085.82,2086.21,40
1779764100,2085.93,2086.56,2085.04,2086.4,78
1779764160,2086.41,2086.68,2086.24,2086.24,36
1779764220,2086,2086,2085.75,2085.75,6
1779764280,2084.37,2084.47,2084.18,2084.31,24
1779764340,2084.71,2084.71,2084.66,2084.67,16
1779764400,2085.12,2085.38,2084.76,2084.85,76
1779764460,2084.87,2085.95,2083.89,2085.95,78
1779764580,2086.17,2086.17,2085.94,2085.94,6
1779764640,2084.58,2084.85,2084.58,2084.6,18
1779764700,2084.42,2085.81,2084.41,2085.56,84
1779764760,2084.99,2084.99,2084.75,2084.75,10
1779764820,2084.04,2084.04,2083.49,2083.64,34
1779764880,2085.66,2085.66,2085.14,2085.25,38
1779764940,2084.66,2084.66,2082.68,2083.4,52
1779765000,2083.38,2084.31,2083.22,2084.31,56
1779765060,2084.6,2085.5,2084.6,2085.22,24
1779765120,2085.27,2085.46,2084.98,2085.26,26
1779765180,2084.89,2084.92,2084.57,2084.57,30
1779765240,2082.53,2082.65,2081.94,2082.48,54
1779765360,2083.1,2084.17,2083.1,2084.15,54
1779765420,2083.35,2083.38,2083.25,2083.33,18
1779765480,2083.51,2083.53,2083.45,2083.48,16
1779765540,2082.85,2082.91,2082.76,2082.91,32
1779765660,2084.27,2084.27,2083.56,2083.62,56
1779765720,2083.44,2083.44,2083.32,2083.32,4
1779765780,2083.42,2083.49,2083.34,2083.34,16
1779765840,2083.96,2083.96,2083.48,2083.51,26
1779765900,2084.11,2084.44,2083.7,2084.44,70
1779765960,2084.45,2084.45,2083.92,2084.19,40
1779766020,2083.79,2083.92,2082.93,2083.11,60
1779766080,2080.96,2081.37,2080.94,2081.29,18
1779766140,2083.39,2083.41,2083.03,2083.03,16
1779766260,2084.64,2086.25,2084.64,2086.15,104
1779766320,2086.44,2087.66,2086.44,2087.02,58
1779766380,2087.12,2087.4,2087.09,2087.4,52
1779766440,2088.55,2088.55,2088.2,2088.2,6
1779766500,2088.39,2089.16,2088.39,2088.81,66
1779766560,2088.6,2089.48,2088.6,2089.48,18
1779766620,2089.4,2089.62,2089.4,2089.59,24
1779766680,2089.75,2089.75,2089.19,2089.19,30
1779766740,2090.17,2090.17,2089.25,2089.25,42
1779766800,2088.88,2089.27,2088.55,2088.92,68
1779766860,2088.91,2089.52,2088.77,2089.02,32
1779766920,2088.55,2088.57,2088.53,2088.53,8
1779766980,2088.39,2088.41,2088.37,2088.39,14
1779767040,2088.46,2088.48,2088.41,2088.42,18
1779767220,2088.61,2088.61,2088.37,2088.37,4
1779767280,2087.5,2087.5,2087.5,2087.5,2
1779767340,2088.14,2088.2,2088.14,2088.2,4
1779767400,2088.37,2088.65,2088.28,2088.58,30
1779767460,2088.41,2088.46,2088.18,2088.46,22
1779767520,2088.64,2089.28,2088.61,2089.28,54
1779767580,2089.71,2089.95,2089.23,2089.23,36
1779767640,2089.45,2089.45,2089.45,2089.45,2
1779767700,2089.45,2089.68,2089.24,2089.25,28
1779767760,2089.23,2089.23,2088.92,2088.92,16
1779767820,2089.55,2089.56,2089.48,2089.56,6
1779767880,2089.57,2089.57,2089.35,2089.51,22
1779767940,2089.58,2089.58,2089.36,2089.38,10
1779768000,2089.77,2090.56,2089.77,2090.51,76
1779768120,2089.42,2089.42,2089.4,2089.4,6
1779768180,2088.68,2088.68,2087.92,2087.92,20
1779768240,2088,2088.07,2088,2088.07,22
1779768300,2088.72,2088.81,2087.55,2087.79,62
1779768360,2087.64,2087.64,2087.34,2087.36,12
1779768420,2087.43,2087.43,2087.4,2087.4,4
1779768480,2088.26,2088.26,2087.96,2087.96,10
1779768540,2087.45,2087.45,2086.84,2086.84,26
1779768600,2087.13,2087.18,2086.94,2086.98,60
1779768660,2086.98,2087.19,2086.97,2087.15,26
1779768720,2087.22,2087.22,2086.86,2086.86,26
1779768780,2086.8,2086.8,2086.77,2086.77,4
1779768840,2087.72,2087.72,2087.63,2087.63,4
1779768960,2086.48,2086.52,2085.5,2085.5,70
1779769020,2085.24,2085.63,2085.18,2085.39,30
1779769080,2085.6,2085.6,2085.23,2085.23,36
1779769140,2085.6,2085.87,2085.6,2085.87,4
1779769200,2085.53,2085.71,2085.47,2085.71,22
1779769260,2085.61,2086.02,2085.49,2086.02,28
1779769320,2086.04,2086.36,2085.92,2085.98,16
1779769380,2086.28,2086.32,2086.28,2086.32,6
1779769440,2085.81,2088.18,2085.81,2088.18,46
1779769500,2087.91,2088.94,2087.76,2088.56,82
1779769560,2088.57,2089.04,2088.57,2088.58,40
1779769620,2088.43,2088.43,2088.06,2088.07,12
1779769680,2088.28,2088.28,2087.88,2088.2,18
1779769740,2089,2089.8,2089,2089.8,30
1779769800,2090.3,2091.31,2090.3,2090.65,102
1779769920,2090.55,2090.73,2090.48,2090.57,50
1779769980,2090.88,2090.89,2090.88,2090.89,4
1779770040,2090.65,2090.87,2090.65,2090.85,10
1779770100,2090.65,2091.38,2090.65,2091.29,52
1779770160,2091.1,2091.4,2091.1,2091.4,22
1779770220,2092.18,2092.18,2091.4,2091.4,32
1779770280,2091.08,2091.08,2091.08,2091.08,2
1779770340,2090.67,2090.7,2090.67,2090.68,12
1779770400,2090.65,2091.14,2090.61,2091.14,40
1779770460,2091.15,2091.21,2091.15,2091.21,4
1779770520,2090.94,2090.97,2090.9,2090.9,10
1779770580,2090.94,2090.94,2090.68,2090.68,6
1779770640,2091.59,2091.59,2091.28,2091.35,22
1779770700,2091.48,2092.3,2091.48,2092,108
1779770760,2091.93,2092,2091.18,2091.69,52
1779770820,2091.8,2091.83,2091.54,2091.54,14
1779770880,2091.25,2091.25,2091.01,2091.02,18
1779770940,2090.83,2090.84,2090.81,2090.81,20
1779771060,2091.08,2091.56,2091.08,2091.33,24
1779771120,2091,2091,2090.93,2090.97,8
1779771180,2090.96,2090.98,2090.93,2090.98,10
1779771240,2091.25,2091.39,2091.2,2091.39,18
1779771300,2091.19,2091.38,2091,2091.38,30
1779771360,2091.86,2092.45,2091.76,2092.45,22
1779771420,2092.45,2092.45,2091.95,2091.96,22
1779771480,2091.86,2091.86,2091.33,2091.33,12
1779771540,2090.79,2090.79,2090.77,2090.77,4
1779771600,2090.13,2090.29,2089.55,2089.55,56
1779771660,2089.54,2089.54,2088.28,2088.9,82
1779771720,2088.91,2089.16,2088.75,2089.16,60
1779771780,2089.17,2089.42,2089.14,2089.41,40
1779771840,2089.05,2089.05,2089.04,2089.04,4
1779771900,2089.59,2089.59,2088.92,2088.95,48
1779771960,2088.81,2088.86,2088.8,2088.86,12
1779772020,2089,2089,2088.77,2088.8,20
1779772080,2089.55,2091.1,2089.55,2091.1,34
1779772140,2091.23,2091.23,2090.71,2091.08,32
1779772260,2090.72,2090.79,2090.69,2090.72,24
1779772320,2090.79,2090.96,2090.37,2090.37,26
1779772380,2091.2,2091.72,2091.04,2091.72,36
1779772440,2092.07,2092.07,2091.72,2091.72,16
1779772500,2091.63,2092.05,2091.6,2091.73,52
1779772620,2092.49,2092.65,2092.49,2092.65,6
1779772680,2092.2,2092.63,2092.2,2092.44,26
1779772740,2092.73,2093.42,2092.73,2093.08,28
1779772800,2093.45,2095.08,2093.1,2094.89,130
1779772860,2094.89,2095.42,2094.89,2095.36,46
1779772920,2094.94,2094.94,2094.07,2094.1,44
1779772980,2094.68,2094.68,2094.45,2094.45,10
1779773040,2095.31,2095.67,2095.31,2095.67,14
1779773100,2095.54,2095.54,2095.25,2095.25,34
1779773160,2095.04,2095.3,2095.04,2095.28,14
1779773220,2095.29,2095.37,2095.29,2095.37,8
1779773280,2095.5,2095.54,2095.45,2095.47,28
1779773340,2095.14,2095.2,2095.14,2095.18,16
1779773460,2095.38,2095.51,2095.29,2095.37,34
1779773520,2094.95,2095.06,2094.61,2095.06,22
1779773580,2095.33,2095.49,2095.25,2095.49,22
1779773640,2095.27,2095.27,2094.81,2095.19,28
1779773760,2099.44,2099.71,2097.56,2099.71,110
1779773820,2099.64,2099.64,2098.68,2098.7,28
1779773880,2099.11,2099.29,2098.91,2098.92,16
1779773940,2098.97,2099.37,2098.87,2099.36,34
1779774060,2097.54,2097.54,2097.54,2097.54,2
1779774120,2097.75,2097.75,2097.74,2097.75,6
1779774180,2098,2098.07,2098,2098.07,8
1779774240,2099.31,2099.44,2098.92,2098.92,32
1779774300,2098.98,2098.98,2097.64,2097.64,74
1779774360,2097.6,2097.74,2097.35,2097.35,60
1779774420,2097.33,2097.33,2096.92,2096.92,32
1779774480,2096.31,2096.52,2096.21,2096.21,10
1779774540,2096.81,2096.81,2096.79,2096.79,6
1779774600,2096.32,2096.43,2096.12,2096.2,42
1779774660,2096.48,2096.48,2096.14,2096.32,24
1779774720,2096.19,2096.19,2095.89,2095.89,14
1779774780,2095.44,2095.44,2095.14,2095.14,28
1779774840,2095.38,2095.45,2095.38,2095.45,4
1779774900,2095.02,2096.17,2095.02,2096.01,36
1779774960,2095.98,2096.45,2095.98,2096.45,8
1779775020,2096.37,2096.37,2096.35,2096.35,4
1779775080,2096.39,2096.39,2096.23,2096.29,14
1779775140,2096.72,2096.72,2096.49,2096.65,18
1779775200,2097.08,2097.08,2095.27,2095.33,114
1779775320,2094.74,2095.14,2094.37,2095.14,50
1779775380,2095.03,2095.03,2094.94,2094.94,14
1779775440,2096.27,2096.35,2095.74,2095.74,22
1779775500,2096.33,2096.57,2095.79,2096.51,56
1779775560,2096.9,2097.26,2096.9,2097.04,32
1779775620,2097.03,2097.37,2097.03,2097.34,28
1779775680,2096.93,2096.93,2096.93,2096.93,2
1779775740,2097.34,2097.37,2097.34,2097.37,6
1779775800,2097.31,2097.31,2095.53,2095.53,46
1779775860,2095.38,2095.85,2095.38,2095.83,28
1779775920,2095.88,2095.92,2095.68,2095.7,22
1779775980,2095.41,2096.59,2095.41,2096.59,34
1779776040,2096.35,2096.51,2096.06,2096.45,38
1779776160,2096.6,2096.6,2096.38,2096.46,54
1779776220,2096.35,2096.35,2096.18,2096.33,20
1779776280,2096.63,2096.63,2095.95,2095.95,22
1779776340,2095.94,2096.01,2095.94,2096.01,4
1779776400,2095.96,2096.14,2095.73,2096.11,52
1779776460,2096.14,2096.87,2096.13,2096.47,42
1779776520,2096.16,2096.16,2095.72,2095.72,8
1779776580,2095.26,2095.26,2095.13,2095.13,12
1779776640,2094.73,2094.73,2094.72,2094.72,4
1779776700,2096,2096.92,2095.83,2096.62,66
1779776760,2096.44,2096.44,2095.65,2095.66,34
1779776820,2096.05,2096.05,2095.54,2095.55,34
1779776880,2094.86,2094.86,2094.82,2094.83,6
1779776940,2092.28,2092.28,2091.78,2091.86,20
1779777000,2093.86,2094.45,2093.73,2094.04,128
1779777060,2094.12,2094.22,2093.63,2093.78,74
1779777120,2093.75,2094.06,2093.43,2094.06,34
1779777180,2093.2,2094.22,2093.2,2094.21,46
1779777240,2094.01,2094.45,2094.01,2094.45,22
1779777300,2094.05,2094.69,2094.05,2094.68,28
1779777360,2094.89,2095.18,2094.89,2095.18,14
1779777420,2096.42,2096.45,2096.42,2096.45,4
1779777480,2097.17,2097.22,2096.99,2097.21,18
1779777540,2097.09,2097.33,2097.07,2097.33,22
1779777600,2098.49,2101,2098.49,2099.33,152
1779777660,2099.5,2099.83,2098.48,2098.48,84
1779777720,2098.24,2098.47,2098.18,2098.18,18
1779777780,2098.26,2098.26,2097.84,2097.84,14
1779777840,2098.49,2099.42,2098.49,2099.42,28
1779777960,2098,2098.99,2098,2098.74,92
1779778020,2098.53,2098.53,2098.19,2098.48,26
1779778080,2098.53,2098.56,2098.32,2098.55,24
1779778140,2098.33,2098.33,2097.78,2097.8,14
1779778200,2097.78,2098.12,2097.5,2097.5,60
1779778260,2097.95,2098.5,2097.95,2098.5,20
1779778320,2098.77,2099.16,2098.51,2098.51,34
1779778380,2098.57,2098.59,2098.54,2098.57,28
1779778440,2098.57,2098.82,2098.49,2098.65,36
1779778500,2098.61,2098.61,2098.08,2098.25,44
1779778560,2098.51,2098.71,2098.47,2098.7,14
1779778620,2099.07,2099.07,2098.91,2098.91,10
1779778680,2098.44,2098.44,2098.22,2098.3,22
1779778740,2097.88,2097.91,2097.88,2097.9,8
1779778800,2098.09,2098.8,2098.01,2098.13,104
1779778920,2098.24,2098.85,2098.24,2098.46,66
1779778980,2098.31,2098.31,2097.66,2097.9,32
1779779040,2097.21,2097.21,2096.83,2096.86,30
1779782100,2097.04,2097.04,2093.7,2093.7,88
1779783240,2094.54,2094.54,2094.54,2094.54,2
1779783300,2094.4,2094.55,2093.48,2093.48,68
1779783360,2093.49,2093.62,2093.02,2093.34,70
1779783420,2093.39,2093.86,2093.39,2093.86,18
1779783480,2094.19,2094.65,2094.19,2094.65,40
1779783540,2095.48,2095.93,2095.48,2095.93,42
1779783660,2095.52,2095.52,2095.26,2095.26,18
1779783720,2095.74,2095.74,2095.45,2095.57,8
1779783780,2095.16,2095.2,2095.16,2095.2,6
1779783840,2095.19,2095.53,2095.19,2095.52,28
1779783900,2095.21,2095.82,2095.21,2095.82,46
1779783960,2096.12,2096.19,2095.81,2095.81,30
1779784020,2095.42,2095.42,2095.04,2095.04,4
1779784080,2094.83,2094.83,2094.81,2094.81,4
1779784140,2094.57,2094.76,2094.57,2094.76,6
1779784260,2093.91,2093.91,2093.58,2093.77,42
1779784320,2093.87,2094.48,2093.87,2094.16,28
1779784380,2094.23,2094.23,2094.14,2094.15,16
1779784440,2093.86,2093.86,2093.68,2093.68,6
1779784500,2093.03,2093.04,2092.37,2092.42,80
1779784560,2092.49,2093.28,2092.44,2093.28,80
1779784620,2093.24,2093.24,2093.2,2093.21,16
1779784680,2094.56,2095.1,2094.34,2094.84,44
1779784740,2094.9,2095.78,2094.82,2095.78,58
1779784800,2096.06,2096.06,2094.95,2094.97,42
1779784860,2094.65,2094.91,2094.65,2094.91,10
1779784920,2094.91,2095.03,2094.91,2095.03,6
1779784980,2094.95,2095.08,2094.83,2094.87,22
1779785040,2095.29,2095.47,2095.29,2095.44,14
1779785220,2095.09,2095.09,2095.09,2095.09,2
1779785280,2094.99,2094.99,2094.75,2094.75,8
1779785340,2094.66,2094.81,2094.66,2094.78,24
1779785400,2093.31,2093.33,2091.55,2091.74,120
1779785460,2092.32,2093.46,2092.32,2093.46,46
1779785520,2093.68,2094.22,2093.68,2094.13,40
1779785580,2094.21,2094.37,2094.13,2094.18,32
1779785640,2094.32,2094.38,2094.32,2094.38,6
1779785700,2094.93,2094.94,2094.46,2094.46,30
1779785760,2094.37,2095.07,2094.37,2095.07,20
1779785820,2094.98,2094.98,2094.69,2094.69,12
1779785880,2094.03,2094.03,2093.82,2093.82,18
1779785940,2093.76,2093.76,2093.34,2093.41,16
1779786000,2093.41,2094.06,2093.41,2093.98,98
1779786060,2093.97,2094.02,2092.14,2092.41,108
1779786120,2092.39,2092.98,2091.99,2092.94,84
1779786180,2092.97,2093.04,2092.71,2092.91,40
1779786240,2092.57,2092.89,2092.57,2092.71,26
1779786300,2092.97,2092.97,2091.66,2091.96,82
1779786360,2091.92,2091.92,2091.34,2091.34,40
1779786420,2091.72,2091.98,2091.72,2091.98,8
1779786480,2091.52,2091.52,2091.31,2091.34,8
1779786540,2091.37,2091.63,2091.37,2091.47,16
1779786600,2091.5,2092.58,2091.21,2091.45,76
1779786660,2092,2092.58,2092,2092.55,28
1779786720,2092.61,2092.85,2092.58,2092.73,30
1779786780,2093.02,2093.43,2092.85,2093.11,38
1779786840,2092.11,2092.11,2091.99,2091.99,8
1779786960,2091.19,2091.3,2090.99,2091.3,48
1779787020,2091.55,2093.81,2091.5,2093.8,26
1779787080,2095.03,2095.35,2095.03,2095.11,42
1779787140,2094.73,2094.73,2094.29,2094.57,46
1779787200,2094.17,2094.4,2094.17,2094.4,58
1779787260,2094.34,2094.34,2094.19,2094.19,10
1779787320,2093.32,2093.67,2093.32,2093.65,22
1779787380,2092.88,2092.88,2092.21,2092.21,24
1779787440,2090.83,2090.83,2090.15,2090.19,38
1779787560,2092.16,2093.05,2092.16,2092.8,48
1779787620,2092.83,2092.84,2092.83,2092.84,4
1779787680,2093.5,2093.59,2093.43,2093.43,12
1779787740,2093.68,2094.06,2093.68,2094.05,16
1779787800,2093.91,2094.61,2093.72,2094.5,88
1779787860,2094.51,2095.48,2094.06,2094.06,96
1779787920,2094.05,2094.05,2093.43,2093.51,40
1779787980,2093.62,2093.62,2093.38,2093.43,10
1779788040,2093.55,2093.61,2093.36,2093.36,16
1779788100,2093.1,2093.1,2092.59,2092.59,30
1779788160,2092.78,2093.23,2092.72,2093.23,26
1779788220,2093.5,2093.92,2093.5,2093.63,30
1779788280,2092.86,2092.86,2092.45,2092.45,24
1779788340,2092.76,2092.76,2092.73,2092.73,6
1779788400,2092.82,2092.82,2092.2,2092.2,40
1779788460,2091.87,2091.87,2091.85,2091.87,6
1779788520,2092.74,2092.74,2092.35,2092.64,24
1779788580,2093.3,2093.3,2092.7,2092.92,36
1779788640,2093.03,2093.13,2092.95,2092.96,26
1779788700,2092.84,2093.62,2092.47,2093.62,52
1779788760,2093.69,2093.96,2093.25,2093.95,30
1779788820,2093.54,2093.54,2093.42,2093.42,12
1779788880,2092.21,2092.21,2091.8,2091.83,32
1779788940,2091.56,2091.73,2091.56,2091.65,28
1779789000,2091.76,2092.12,2091.73,2091.93,54
1779789060,2091.95,2092.96,2091.95,2092.95,78
1779789120,2092.93,2092.93,2092.39,2092.39,30
1779789180,2092.44,2092.45,2092.44,2092.45,4
1779789240,2092.54,2092.58,2092.53,2092.58,8
1779789300,2093.05,2093.88,2093.05,2093.5,56
1779789360,2093.3,2093.57,2093.3,2093.31,22
1779789420,2093.37,2093.37,2093.18,2093.18,10
1779789480,2092.93,2093.06,2092.93,2093.05,10
1779789540,2093.02,2093.07,2092.81,2092.81,20
1779789720,2092.46,2092.64,2092.46,2092.64,10
1779789780,2091.74,2092.29,2091.74,2092.26,22
1779789840,2092.08,2092.11,2091.72,2091.72,20
1779789900,2091.42,2091.56,2090.23,2091.44,118
1779789960,2091.41,2091.43,2091.06,2091.41,32
1779790020,2092.11,2092.11,2091.45,2091.45,14
1779790080,2092.03,2092.06,2092,2092.06,14
1779790140,2092.46,2092.46,2092.41,2092.41,12
1779790200,2093.53,2094.91,2093.53,2094.82,96
1779790260,2094.54,2094.55,2094.14,2094.23,42
1779790320,2094.83,2095.09,2094.83,2095.02,28
1779790380,2095.63,2095.84,2095.63,2095.84,6
1779790440,2096.02,2096.05,2095.94,2096.01,10
1779790500,2096.1,2099,2096.1,2098.98,102
1779790560,2098.99,2099.01,2097.31,2097.35,92
1779790620,2097.14,2097.83,2097.14,2097.83,28
1779790680,2097.69,2097.9,2097.39,2097.9,34
1779790740,2098.91,2098.95,2098.91,2098.95,8
1779790800,2104.67,2106.69,2104.28,2104.28,158
1779790860,2104.5,2105.96,2104.5,2105.96,46
1779790920,2108.56,2109.18,2107.62,2108.03,80
1779790980,2107.07,2107.91,2107.01,2107.6,86
1779791040,2107.46,2107.46,2107.46,2107.46,2
1779791100,2109.24,2110.03,2108.07,2110.03,96
1779791160,2110.25,2110.98,2110.05,2110.86,30
1779791220,2112.37,2117.39,2112.37,2117.12,74
1779791280,2115.95,2116.63,2114.16,2115.65,84
1779791340,2117.79,2118.95,2116.12,2116.12,100
1779791520,2121.91,2122.08,2118.44,2118.45,126
1779791580,2118.25,2119.15,2118.2,2119.15,30
1779791640,2119,2119.77,2118.88,2119.03,56
1779791700,2120.04,2121.35,2118.64,2118.82,156
1779791760,2119.26,2120.57,2119.04,2119.92,66
1779791820,2125.35,2126.44,2123.57,2123.95,120
1779791880,2123.25,2125.88,2123.17,2125.88,104
1779791940,2125.45,2125.61,2125.28,2125.6,26
1779792000,2126.94,2131.38,2126.94,2131.36,176
1779792060,2130.99,2131.55,2129.84,2130.04,68
1779792120,2130.04,2130.99,2128.99,2129,80
1779792180,2132.73,2133.56,2131.57,2133.11,94
1779792240,2131.09,2133.03,2129.48,2129.76,106
1779792360,2127.59,2127.59,2123.83,2124.59,146
1779792420,2124.47,2124.85,2124.33,2124.85,36
1779792480,2127.05,2127.33,2126.34,2127.12,42
1779792540,2128.6,2128.85,2127.55,2127.7,70
1779792600,2127.7,2130.1,2127.61,2127.61,168
1779792660,2127.24,2127.24,2124.91,2124.95,86
1779792720,2124.49,2124.5,2124.49,2124.5,4
1779792780,2124.88,2125.27,2124.35,2124.77,16
1779792840,2124.69,2125.07,2124.69,2124.89,16
1779792900,2124.63,2125.88,2124.63,2125.63,114
1779792960,2125.58,2125.59,2124.96,2124.96,44
1779793020,2123.9,2124.15,2122.94,2122.99,60
1779793080,2124.64,2126.04,2124.64,2125.6,88
1779793140,2124.65,2124.65,2124.31,2124.31,14
1779793200,2123.75,2125.78,2123.08,2125.13,156
1779793320,2124.92,2126.11,2124.79,2124.96,120
1779793380,2125.25,2125.25,2124.47,2124.82,56
1779793440,2124.03,2125.71,2123.94,2125.61,74
1779793500,2125.43,2126.78,2125.3,2126.45,102
1779793560,2125.58,2125.58,2125.42,2125.42,10
1779793620,2124.83,2125.05,2124.74,2124.74,18
1779793680,2126.07,2126.37,2125.59,2125.84,44
1779793740,2124.07,2124.6,2124.07,2124.5,38
1779793800,2124.15,2125.4,2124.05,2124.6,88
1779793860,2124.77,2125.01,2124.76,2124.94,26
1779793920,2123.17,2123.17,2123.15,2123.15,4
1779793980,2123.62,2123.78,2123.62,2123.78,8
1779794040,2122.83,2122.83,2122.38,2122.64,38
1779794160,2121.27,2121.4,2120.24,2121.01,122
1779794220,2120.52,2121.4,2120.52,2121.4,42
1779794280,2119.99,2119.99,2117.82,2119.04,116
1779794340,2119.24,2119.96,2119.24,2119.96,16
1779794400,2119.35,2119.49,2115.57,2115.57,118
1779794460,2115.68,2117.05,2115.57,2116.57,46
1779794520,2115.65,2116.06,2115.24,2115.39,50
1779794580,2115.26,2115.7,2115.26,2115.7,48
1779794640,2114.84,2115.79,2114.84,2115.53,54
1779794700,2115.95,2116.13,2115.51,2115.51,22
1779794760,2115.91,2116.06,2115.91,2116.06,14
1779794820,2117.18,2117.18,2116.68,2116.81,14
1779794880,2117.24,2117.24,2117.02,2117.04,12
1779794940,2117.87,2118.06,2117.12,2117.12,30
1779795000,2116.47,2116.71,2116.17,2116.6,80
1779795060,2116.64,2117.56,2116.64,2117.19,90
1779795120,2117.18,2118.28,2116.93,2118.28,58
1779795180,2119.37,2119.82,2118.97,2118.97,26
1779795240,2119.61,2119.61,2116.12,2117.32,36
1779795300,2117.72,2118.52,2115.66,2115.66,134
1779795360,2115.82,2116.02,2115.09,2115.74,62
1779795420,2116.69,2116.86,2116.25,2116.25,52
1779795480,2115.8,2116.02,2115.25,2115.25,46
1779795540,2114.98,2114.98,2114.97,2114.97,4
1779795600,2117.5,2118.45,2117.5,2118.44,60
1779795660,2118.4,2118.8,2118.4,2118.71,26
1779795720,2119.19,2119.2,2119.02,2119.02,22
1779795780,2118.11,2118.19,2117.91,2118.19,22
1779795840,2117.95,2117.95,2117.77,2117.78,24
1779796020,2117.92,2117.92,2117.9,2117.9,6
1779796080,2118.99,2119.01,2118.51,2118.51,20
1779796140,2118.55,2118.98,2118.55,2118.95,24
1779796200,2118.78,2118.79,2118.14,2118.78,74
1779796260,2118.75,2119.3,2118.74,2118.77,64
1779796320,2118.75,2118.75,2118.38,2118.38,42
1779796380,2118.42,2118.79,2118.41,2118.62,48
1779796440,2118.72,2118.75,2118.72,2118.75,6
1779796500,2118.46,2119.37,2118.3,2118.98,40
1779796560,2118.43,2118.43,2117.4,2117.4,28
1779796620,2116.93,2117.33,2116.93,2117.28,24
1779796680,2117.38,2118.26,2117.38,2117.95,38
1779796740,2117.75,2117.81,2117.54,2117.54,46
1779796800,2116.94,2117.58,2116.77,2117.43,94
1779796860,2117.44,2118.45,2117.43,2117.93,76
1779796920,2117.92,2118.98,2117.72,2118.98,68
1779796980,2118.78,2119.24,2118.72,2119.06,44
1779797040,2118.64,2118.69,2117.65,2117.77,60
1779797100,2118.86,2119.08,2118.61,2119.08,42
1779797160,2116.59,2116.95,2115,2115.21,96
1779797220,2113.62,2114.16,2113.24,2113.49,34
1779797280,2110.21,2111.13,2109.67,2110.75,66
1779797340,2109.51,2110.12,2107.73,2109.28,88
1779797400,2108.41,2109.81,2107.3,2109.8,168
1779797460,2109.8,2110.29,2109.55,2109.6,76
1779797520,2109.01,2109.12,2109.01,2109.12,6
1779797580,2111.16,2111.56,2111.06,2111.47,16
1779797640,2114.32,2114.32,2114,2114,22
1779797700,2114.02,2115.45,2113.87,2114.99,92
1779797760,2114.77,2115.49,2113.98,2114.25,102
1779797820,2114.21,2114.33,2113.91,2113.93,38
1779797880,2113.63,2113.76,2112.37,2112.56,42
1779797940,2110.92,2112.47,2110.92,2112.46,70
1779798000,2112.58,2112.78,2112.31,2112.69,54
1779798060,2111.95,2112.71,2111.68,2112.48,52
1779798120,2112.79,2112.87,2112.45,2112.45,18
1779798180,2112.33,2112.38,2112.33,2112.38,6
1779798240,2111.52,2111.52,2110.83,2110.83,32
1779798300,2111.25,2111.42,2109.35,2110.06,98
1779798360,2110.05,2110.34,2109.53,2110.34,52
1779798420,2110.29,2110.63,2110.29,2110.61,18
1779798480,2110.86,2110.87,2110.83,2110.83,12
1779798540,2111.02,2111.71,2111.02,2111.52,36
1779798660,2112.4,2113.59,2112.4,2113.59,64
1779798720,2113.58,2114.44,2113.58,2114.44,46
1779798780,2114.7,2114.7,2113.97,2113.97,8
1779798840,2114.9,2114.9,2114.68,2114.68,10
1779798900,2114.35,2114.58,2113.76,2114.21,70
1779798960,2114.2,2114.2,2113.54,2113.9,22
1779799020,2113.93,2114.59,2113.93,2114.57,32
1779799080,2113.95,2114.42,2113.95,2114.34,44
1779799140,2113.87,2113.87,2113.49,2113.49,6
1779799200,2114.08,2115.19,2113.95,2114.26,92
1779799260,2114.59,2114.87,2114.53,2114.87,18
1779799320,2115.16,2115.22,2115.13,2115.22,18
1779799380,2116.23,2116.23,2115.39,2115.42,36
1779799440,2115.6,2115.85,2115.6,2115.82,16
1779799500,2115.79,2116.14,2115.34,2115.93,84
1779799620,2116.51,2116.73,2116.51,2116.7,16
1779799680,2116.18,2116.64,2116.09,2116.64,22
1779799740,2117.53,2117.53,2116.81,2116.81,22
1779799800,2116.99,2118.51,2116.89,2117.71,110
1779799860,2118.01,2118.97,2118.01,2118.97,68
1779799920,2118.61,2118.66,2118.46,2118.46,34
1779799980,2118.36,2118.36,2118.36,2118.36,2
1779800040,2118.1,2120.79,2118.1,2120.45,28
1779800100,2121.7,2123.29,2121.07,2122.95,100
1779800160,2122.34,2122.35,2121.64,2121.64,32
1779800220,2122.11,2122.12,2121.87,2121.87,20
1779800280,2122.82,2122.82,2122.31,2122.51,20
1779800340,2122.24,2122.49,2121.67,2122.14,52
1779800400,2122.67,2122.85,2122.23,2122.36,92
1779800520,2121.69,2122.13,2121.29,2121.53,76
1779800580,2120.6,2120.6,2120.08,2120.08,18
1779800640,2119.99,2120.14,2119.62,2120.14,30
1779800760,2118.82,2118.82,2118.82,2118.82,2
1779800820,2119.47,2119.52,2119.47,2119.52,8
1779800880,2120.7,2121.05,2120.7,2120.77,18
1779800940,2120.25,2120.37,2120.13,2120.13,20
1779801000,2119.35,2120.12,2118.85,2119.36,94
1779801060,2118.95,2118.95,2118.33,2118.33,30
1779801120,2118.62,2118.75,2118.35,2118.74,42
1779801180,2118.87,2118.88,2118.87,2118.88,4
1779801240,2118.86,2119.27,2118.86,2119.27,12
1779801360,2119.11,2119.17,2117.84,2117.84,66
1779801420,2117.9,2118.22,2117.9,2118.2,32
1779801540,2117.43,2117.61,2117.43,2117.46,12
1779801600,2115.17,2116.58,2115.13,2116.4,94
1779801660,2116.54,2116.54,2114.99,2115.38,88
1779801720,2112.53,2113.57,2112.53,2112.81,50
1779801780,2113.12,2113.44,2112.7,2112.8,46
1779801840,2112.68,2114.32,2112.63,2114.3,60
1779801900,2114.23,2114.23,2112.26,2112.47,82
1779801960,2113.21,2113.21,2113.19,2113.19,4
1779802020,2113.06,2113.07,2112.76,2113,16
1779802080,2112.63,2112.63,2112.28,2112.31,24
1779802140,2112.78,2112.84,2112.33,2112.84,44
1779802200,2112.04,2112.85,2108.51,2109.59,220
1779802320,2109.34,2112.24,2109.34,2112.21,152
1779802380,2109.97,2110.42,2109.59,2110,40
1779802440,2109.19,2109.25,2108.3,2108.55,42
1779802500,2108.34,2109.29,2106.73,2109.29,188
1779802560,2109.98,2110.27,2109.24,2110.26,82
1779802620,2109.75,2110.81,2109.59,2110.81,70
1779802680,2110.42,2110.42,2110.42,2110.42,2
1779802740,2112.14,2112.58,2112.08,2112.26,18
1779802800,2111.21,2111.72,2110.8,2111.62,116
1779802860,2110.56,2111.92,2110.56,2111.92,64
1779802920,2111.95,2114.01,2111.95,2113.67,84
1779802980,2116.55,2116.77,2116.55,2116.77,4
1779803040,2113.33,2113.33,2112.93,2112.93,8
1779803160,2116.12,2116.9,2115.28,2116.75,146
1779803220,2116.6,2116.94,2115.98,2115.98,54
1779803280,2115.79,2119.13,2115.79,2118.94,86
1779803340,2121.19,2121.74,2119.18,2120.82,120
1779803400,2124.13,2127.75,2124.13,2126.08,160
1779803460,2121.82,2121.82,2119.83,2120.59,24
1779803520,2120.55,2120.55,2119.77,2120.11,32
1779803580,2121.96,2121.96,2120.32,2120.56,50
1779803640,2120.82,2121.09,2120.52,2120.52,52
1779803700,2120.46,2122.59,2120.39,2122.59,204
1779803760,2122.96,2124.52,2122.96,2123.48,108
1779803820,2123.3,2123.3,2123.2,2123.2,4
1779803880,2123.62,2123.62,2123.4,2123.4,20
1779803940,2121.73,2121.73,2121.26,2121.3,26
1779804000,2121.43,2122.89,2120.5,2120.53,170
1779804180,2120.27,2120.27,2120.26,2120.26,4
1779804240,2124.02,2124.7,2123.85,2123.87,18
1779804300,2123.05,2123.57,2122.19,2122.5,100
1779804360,2122.03,2123.33,2122.03,2122.93,36
1779804420,2123.45,2124.34,2123.45,2124.13,46
1779804480,2124.26,2125.69,2124.06,2124.26,72
1779804540,2123.02,2123.35,2122.54,2123.18,76
1779804600,2124.33,2126.91,2124.33,2126.56,102
1779804660,2125.14,2125.14,2124.49,2124.78,32
1779804720,2124.89,2126.19,2124.89,2126.08,36
1779804780,2125.84,2126.3,2125.84,2126.24,32
1779804840,2127.35,2127.35,2125.96,2125.96,66
1779804900,2127.88,2128.56,2125.45,2125.5,186
1779805020,2127.92,2128.49,2126.23,2128.49,98
1779805080,2130.02,2131,2129.7,2131,34
1779805140,2130.73,2130.73,2128.39,2128.4,56
1779805200,2128.31,2130.37,2128.31,2129.03,166
1779805260,2128.86,2131.31,2128.83,2130.8,80
1779805320,2130.52,2131.08,2129.37,2131.08,78
1779805380,2132.36,2132.36,2132.36,2132.36,2
1779805440,2132.81,2133.39,2132.53,2133.05,28
1779805500,2131.06,2135.46,2131.03,2135.21,196
1779805560,2133.61,2136.69,2133.55,2134.94,88
1779805620,2135.06,2136.02,2134.81,2135.08,98
1779805680,2136.29,2136.52,2135.87,2136.14,84
1779805740,2132.79,2132.79,2132.79,2132.79,2
1779805860,2131.67,2131.75,2129.62,2130.28,180
1779805920,2130.39,2130.75,2128,2128,74
1779805980,2128.24,2128.34,2126.35,2126.79,98
1779806040,2127.21,2127.3,2126.66,2126.85,86
1779806100,2127.05,2127.18,2126.34,2126.76,110
1779806160,2125.26,2125.95,2125.26,2125.91,26
1779806220,2122.78,2123.26,2121.72,2121.72,52
1779806280,2119.84,2120.39,2118.3,2118.3,62
1779806340,2117.53,2118.06,2114.9,2115.71,78
1779806400,2109.41,2113.28,2109.41,2112.82,254
1779806460,2112.38,2112.38,2107.88,2107.96,134
1779806520,2107.28,2107.28,2107.21,2107.21,4
1779806580,2104.78,2105.98,2104.72,2105.8,34
1779806640,2108.65,2110.13,2108.29,2110.07,48
1779806700,2107.9,2109.18,2104.14,2107.49,254
1779806760,2107.51,2108.37,2102.99,2104.27,204
1779806820,2105.33,2107.87,2105.33,2107.23,110
1779806880,2107.83,2109.19,2106.47,2107.04,108
1779806940,2106.35,2107.07,2106.35,2107.07,12
1779807000,2107.87,2108.25,2106.79,2107.31,108
1779807060,2109.04,2111.13,2109.04,2111.13,62
1779807120,2112.72,2114.58,2112.72,2114.51,74
1779807180,2112.54,2113.18,2112.38,2112.52,72
1779807240,2112.27,2112.27,2110.27,2110.75,74
1779807300,2110.9,2110.97,2108.31,2108.87,106
1779807360,2108.33,2108.75,2108.09,2108.09,18
1779807420,2108.71,2108.93,2108.7,2108.7,30
1779807480,2107.89,2108.64,2107.87,2108.41,44
1779807540,2107.17,2107.17,2106.44,2106.44,44
1779807720,2105.08,2105.26,2099.86,2102.65,140
1779807780,2100.82,2100.82,2098.96,2099.65,24
1779807840,2099.38,2099.97,2099.05,2099.05,38
1779807900,2100.14,2102.56,2100.11,2101.13,160
1779807960,2101.02,2101.82,2100.2,2101.53,76
1779808020,2100.9,2100.9,2098.56,2098.98,80
1779808080,2099.83,2101.6,2099.83,2100.39,86
1779808140,2102.15,2102.55,2102.06,2102.07,60
1779808200,2102.05,2103.98,2101.44,2103.97,122
1779808260,2102.19,2103.13,2102.03,2103.08,26
1779808320,2104.44,2105.07,2104.01,2104.44,46
1779808380,2106.08,2106.72,2105.38,2105.8,64
1779808440,2105.89,2106.09,2105.56,2105.6,64
1779808500,2107.17,2107.86,2105.79,2105.79,188
1779808560,2105.73,2106.08,2104.39,2104.63,130
1779808620,2104.64,2105.64,2104.64,2105.64,32
1779808680,2104.52,2106.05,2104.52,2106.04,44
1779808740,2105.31,2105.31,2104.68,2105.11,52
1779808800,2104.38,2104.92,2101.85,2102.65,148
1779808860,2102.75,2102.96,2098.89,2098.89,104
1779808920,2098.95,2098.95,2098.15,2098.18,16
1779808980,2094.5,2094.59,2092.3,2093.44,44
1779809040,2096.92,2096.92,2095.02,2095.43,50
1779809100,2096.52,2097.58,2096.14,2097.51,136
1779809160,2097.35,2098.88,2096.94,2098.51,166
1779809220,2098.62,2099.22,2098.58,2099.13,68
1779809280,2097.15,2098.79,2097.11,2098.74,68
1779809340,2097.1,2097.17,2097.1,2097.13,8
1779809400,2094.92,2096.07,2088.67,2092.24,268
1779809460,2092.36,2094.36,2085.12,2088.56,210
1779809520,2087.62,2089,2086.33,2089,86
1779809580,2087.48,2089.6,2087.48,2089.31,80
1779809640,2088.76,2089.81,2088.39,2088.95,88
1779809760,2087.7,2088.65,2085.55,2085.76,148
1779809820,2085.51,2085.94,2084.75,2085.94,38
1779809880,2084.53,2084.93,2083.47,2084.42,56
1779809940,2085.12,2085.13,2082.77,2083.16,70
1779810000,2084.87,2086.79,2082.43,2082.43,180
1779810060,2083.38,2087.83,2083.38,2087.83,114
1779810120,2088.19,2088.19,2088.19,2088.19,2
1779810180,2087.83,2088.62,2087.83,2088.62,14
1779810240,2089.6,2089.6,2089.16,2089.59,22
1779810360,2085.77,2087.05,2083.44,2086.77,170
1779810420,2085.87,2086.32,2085.7,2086.32,60
1779810480,2085.66,2085.85,2084.49,2084.74,80
1779810540,2084.19,2085.51,2083.39,2085.16,94
1779810600,2084.27,2085.27,2083.04,2083.69,102
1779810660,2084.19,2084.2,2083.05,2083.05,22
1779810720,2082.94,2082.94,2081.33,2081.36,40
1779810780,2079.95,2079.95,2075.48,2077.24,70
1779810840,2076.1,2076.44,2074.49,2075.96,100
1779810960,2076.78,2077.81,2075.95,2077.81,116
1779811020,2079.88,2080.19,2079.52,2079.77,26
1779811080,2081.7,2082.54,2081.49,2082.54,54
1779811140,2083.49,2083.93,2083.31,2083.78,68
1779811200,2083.15,2084.12,2082.85,2083.06,162
1779811320,2083.03,2085.13,2082.56,2084.5,98
1779811380,2085.61,2085.61,2084.83,2084.83,22
1779811440,2082.03,2082.21,2081.15,2081.21,36
1779811500,2081.79,2081.79,2078.26,2078.51,140
1779811560,2078.02,2078.38,2076.98,2077.83,60
1779811620,2078.73,2078.81,2078.2,2078.61,68
1779811680,2078.51,2078.51,2077.43,2077.86,64
1779811740,2078.11,2078.13,2077.71,2077.71,12
1779811800,2080.32,2080.59,2077.24,2077.48,120
1779811860,2076.76,2077.22,2076.6,2077.21,32
1779811920,2074.98,2075.12,2074.78,2074.93,56
1779811980,2070.38,2074.48,2070.38,2073.37,110
1779812040,2076.98,2076.98,2073.57,2073.87,114
1779812160,2076.56,2078.21,2076.52,2078.14,112
1779812220,2080.07,2080.11,2079.13,2079.4,32
1779812280,2079.42,2079.42,2077.62,2077.64,56
1779812340,2077.82,2079.01,2077.62,2079.01,56
1779812400,2078.91,2078.91,2078.01,2078.79,132
1779812460,2078.88,2078.88,2078.28,2078.31,56
1779812520,2078.13,2078.9,2078.13,2078.9,20
1779812580,2079.73,2079.86,2079.52,2079.86,26
1779812640,2078.24,2078.78,2078.24,2078.78,44
1779812700,2078.79,2079.51,2078.61,2078.62,108
1779812760,2078.61,2081.08,2078.47,2078.48,88
1779812820,2077.03,2077.36,2077.03,2077.36,4
1779812880,2077.06,2077.4,2077.06,2077.39,16
1779812940,2077.71,2078,2077.71,2078,10
1779813060,2077.01,2077.01,2071.79,2071.99,156
1779813120,2072.03,2072.99,2071.69,2072.21,46
1779813180,2074.28,2075.32,2073.37,2075.16,82
1779813240,2076.44,2076.44,2076.44,2076.44,2
1779813300,2077.71,2079.44,2077.21,2079.44,96
1779813360,2079,2080.16,2079,2080.16,32
1779813420,2080.18,2080.4,2079.85,2079.86,38
1779813480,2078.4,2079.4,2078.38,2078.47,50
1779813540,2079.08,2079.18,2078.1,2078.28,36
1779813660,2075.38,2076.42,2073.82,2076.25,82
1779813720,2077.53,2077.9,2077.31,2077.81,16
1779813780,2078.29,2078.29,2077.65,2077.67,26
1779813840,2075.83,2075.9,2075.46,2075.81,42
1779813900,2075.87,2077.24,2075.87,2076.69,112
1779813960,2076.67,2077.99,2076.57,2077.77,104
1779814020,2077.9,2077.95,2076.88,2076.98,86
1779814080,2075.97,2075.97,2075.88,2075.88,8
1779814140,2074.98,2074.98,2074.74,2074.87,16
1779814200,2074.04,2074.85,2073.9,2074.11,108
1779814260,2074.12,2075.02,2073.98,2075.02,52
1779814320,2074.62,2074.83,2072.86,2073.41,56
1779814380,2072.28,2072.28,2070.23,2071.85,104
1779814440,2071.65,2072.37,2071.65,2072.18,16
1779814500,2075.18,2076.41,2075.18,2075.88,86
1779814560,2075.66,2075.86,2075.47,2075.62,24
1779814620,2075.12,2075.45,2075.04,2075.05,36
1779814680,2075.06,2076.13,2075.06,2075.68,46
1779814740,2075.24,2075.64,2075.1,2075.63,48
1779814920,2075.87,2077.24,2075.87,2076.69,108
1779814980,2077.16,2077.9,2077.16,2077.88,40
1779815040,2079.56,2079.66,2079.12,2079.66,46
1779815100,2077.79,2077.79,2076.17,2076.17,86
1779815160,2075.96,2075.96,2073.83,2073.83,42
1779815220,2075.42,2075.86,2075.42,2075.64,20
1779815280,2074.34,2074.7,2074.14,2074.31,36
1779815340,2075.84,2076.05,2075.45,2076.05,38
1779815400,2077.56,2077.56,2076.48,2077.43,100
1779815460,2077.46,2078.09,2077.34,2077.34,70
1779815520,2077.02,2077.02,2076.76,2076.77,12
1779815580,2076.44,2076.51,2076.24,2076.24,14
1779815640,2076.85,2077.08,2076.85,2077.08,8
1779815700,2076.08,2076.2,2074.7,2074.7,64
1779815760,2074.69,2075.7,2074.34,2074.74,86
1779815820,2075.07,2075.91,2074.82,2074.82,60
1779815880,2073.52,2073.52,2073.52,2073.52,2
1779815940,2072.84,2072.84,2072.45,2072.7,22
1779816000,2071.45,2071.45,2066.2,2066.48,166
1779816060,2067.34,2068.67,2066.68,2068.67,64
1779816120,2068.26,2068.55,2067.72,2068.55,58
1779816180,2069.12,2069.14,2068.29,2068.29,78
1779816240,2066.45,2067.23,2065.24,2065.24,108
1779816300,2066.12,2066.27,2064.66,2064.77,124
1779816360,2064.51,2065.09,2064.33,2064.89,34
1779816420,2064.05,2065.38,2064.05,2064.99,54
1779816480,2063.41,2063.66,2061.78,2063.05,84
1779816540,2061.64,2061.64,2060.12,2061.27,92
1779816600,2060.49,2060.57,2054.31,2057.17,278
1779816720,2055.17,2056.99,2055.16,2056.94,178
1779816780,2056.05,2056.05,2054.23,2054.86,42
1779816840,2055.55,2057.36,2055.24,2057.36,78
1779816900,2057.46,2060.66,2056.96,2060.12,184
1779816960,2059.94,2061.88,2059.87,2061.28,108
1779817020,2061.48,2061.48,2061.48,2061.48,2
1779817080,2061.87,2061.96,2061.38,2061.96,22
1779817140,2062.06,2062.06,2061,2061.01,38
1779817200,2062.19,2062.99,2061.17,2061.79,128
1779817260,2060.9,2060.98,2060.2,2060.96,76
1779817320,2060,2061.43,2060,2060.61,76
1779817380,2061.19,2062.03,2060.4,2062.03,86
1779817440,2061.13,2061.18,2061.13,2061.15,6
1779817560,2062.15,2063.69,2061.85,2062.83,106
1779817620,2062.39,2062.39,2061.83,2061.96,32
1779817680,2061.88,2061.88,2061.57,2061.85,28
1779817740,2062.85,2068.13,2062.79,2067.85,80
1779817800,2068.19,2069.06,2066.37,2066.58,144
1779817860,2066.55,2069.14,2066.53,2067.24,102
1779817920,2069.28,2069.61,2068.9,2068.91,20
1779817980,2067.55,2068.76,2067.55,2068.65,26
1779818040,2068.99,2068.99,2068.48,2068.48,22
1779818100,2066.4,2066.44,2065.04,2066.18,94
1779818160,2065.63,2066.6,2065.63,2066.59,42
1779818220,2066.47,2066.47,2065.15,2065.15,36
1779818280,2066.46,2066.46,2065.59,2065.84,36
1779818340,2065.2,2065.2,2064.78,2064.8,10
1779818400,2066.61,2066.67,2064.34,2066.67,208
1779818520,2066.61,2066.61,2064.5,2065.6,148
1779818580,2064.97,2065.17,2064.6,2065.17,62
1779818640,2067.25,2069.65,2067.25,2069.62,74
1779818700,2069.77,2070.3,2069.16,2069.35,82
1779818760,2069.81,2069.98,2069.27,2069.73,16
1779818820,2070.28,2070.75,2070.27,2070.75,30
1779818880,2070.15,2070.94,2070.15,2070.38,28
1779818940,2070.57,2073.26,2070.4,2072.59,58
1779819000,2069.85,2070.19,2068.88,2069.42,82
1779819060,2069.5,2069.68,2069.04,2069.06,42
1779819120,2070.23,2070.91,2070.08,2070.84,58
1779819180,2071.17,2071.17,2070.51,2070.52,20
1779819240,2070.97,2070.97,2070.33,2070.6,20
1779819360,2070.97,2071.58,2070.51,2071.58,118
1779819420,2071.68,2072.82,2071.31,2072.23,80
1779819480,2072.71,2074.12,2072.71,2073.82,102
1779819540,2073.08,2073.34,2073.08,2073.33,8
1779819600,2074.22,2074.63,2073.96,2074.54,62
1779819660,2074.04,2074.21,2073.45,2073.77,34
1779819720,2075.21,2076.19,2074.43,2074.89,62
1779819780,2074.58,2075.97,2074.37,2075.65,68
1779819840,2075.4,2075.4,2074.75,2075,52
1779819900,2074.47,2074.83,2074.28,2074.61,58
1779819960,2075.37,2075.37,2075.24,2075.29,12
1779820020,2074.15,2074.21,2074,2074,22
1779820080,2072.16,2072.29,2071.94,2071.94,50
1779820140,2071.11,2071.11,2070.7,2071.05,54
1779820200,2071.31,2071.31,2069.54,2070.23,156
1779820320,2071.62,2072.03,2070.97,2071.04,72
1779820380,2070.61,2070.96,2070.5,2070.92,28
1779820440,2071.05,2071.05,2070.41,2070.67,34
1779820500,2070.98,2070.98,2069.26,2069.3,136
1779820560,2069.3,2070.06,2069.07,2069.2,66
1779820620,2067.98,2067.98,2067.97,2067.97,4
1779820680,2068.58,2068.87,2068.58,2068.87,10
1779820740,2069.74,2070.4,2069.64,2070.4,26
1779820800,2070.47,2070.49,2067.12,2067.8,114
1779820860,2067.42,2067.83,2066.92,2067.37,40
1779820920,2067.71,2067.71,2066.21,2066.24,50
1779820980,2066.32,2066.36,2066.32,2066.36,4
1779821040,2063.65,2063.94,2063.65,2063.9,24
1779821100,2063.09,2063.94,2062.83,2063.45,134
1779821160,2063.47,2064.22,2062.94,2064.22,82
1779821220,2064.33,2065.58,2064.33,2065.58,52
1779821280,2066.74,2067.26,2066.74,2067.03,34
1779821340,2065.99,2065.99,2064.93,2065.72,66
1779821400,2065.63,2065.63,2064.81,2065.44,50
1779821460,2065.4,2065.84,2065.4,2065.84,18
1779821520,2065.85,2065.86,2065.85,2065.86,4
1779821580,2067.06,2067.06,2066.79,2066.79,28
1779821640,2066.33,2066.89,2066.32,2066.79,52
1779821700,2066.15,2067.02,2065.55,2066.11,118
1779821760,2066.1,2066.4,2065.86,2066.03,66
1779821820,2065.81,2066.03,2065.54,2066.03,18
1779821880,2064.72,2064.96,2064.31,2064.49,36
1779821940,2062.34,2063.69,2062.34,2063.69,44
1779822000,2064.17,2065.37,2063.33,2063.51,142
1779822060,2063.5,2063.73,2062.66,2063.72,130
1779822120,2063.71,2063.71,2062.74,2063.39,118
1779822180,2063.43,2064.49,2063.4,2064.49,58
1779822240,2064.8,2064.8,2064.62,2064.62,6
1779822300,2063.87,2064.71,2063.62,2063.75,76
1779822360,2063.2,2063.29,2063.09,2063.29,20
1779822420,2064.07,2064.07,2063.33,2063.52,46
1779822480,2063.42,2064.14,2063.38,2064.03,48
1779822540,2064.3,2064.44,2064.12,2064.3,52
1779822600,2064.65,2065.97,2064.59,2065.41,54
1779822660,2064.41,2064.41,2064.36,2064.38,12
1779822720,2063.97,2064,2063.97,2063.97,12
1779822780,2063.84,2063.86,2063.76,2063.86,28
1779822840,2063.93,2063.93,2062.21,2062.67,50
1779822900,2062.62,2062.62,2060.82,2062.45,136
1779823020,2063.23,2063.3,2062.66,2062.69,54
1779823080,2063.32,2063.32,2063.03,2063.12,18
1779823140,2063.94,2063.94,2063.62,2063.62,14
1779823200,2063.29,2064.38,2063.29,2064.31,104
1779823260,2064.29,2064.29,2063.08,2063.83,96
1779823320,2064.07,2064.17,2063.5,2063.58,40
1779823380,2063.45,2063.45,2063.39,2063.41,10
1779823440,2063.63,2063.69,2063.63,2063.66,14
1779823500,2063.63,2065.86,2063.63,2065.86,80
1779823560,2065.45,2065.45,2064.32,2064.35,32
1779823620,2066.57,2066.57,2066.34,2066.49,38
1779823680,2066.68,2066.69,2066.22,2066.24,32
1779823740,2066.84,2066.84,2066.38,2066.39,24
1779823860,2067.32,2068.51,2067.3,2068.14,80
1779823920,2068.78,2069.79,2068.78,2069.62,32
1779823980,2069.55,2069.55,2068.06,2068.09,22
1779824040,2067.47,2068.32,2067.38,2068.28,38
1779824100,2067.61,2067.69,2066.39,2066.4,86
1779824160,2066.37,2067.69,2066.3,2067.69,36
1779824220,2067.32,2067.45,2067.1,2067.42,32
1779824280,2068.25,2068.25,2068.06,2068.08,8
1779824340,2068.91,2068.91,2068.38,2068.42,16
1779824400,2068.86,2069.43,2068.36,2069.27,38
1779824460,2069.42,2069.86,2069.42,2069.86,26
1779824520,2069.76,2069.79,2069.6,2069.77,18
1779824580,2071.36,2071.56,2071.08,2071.56,32
1779824640,2071.17,2071.17,2070.77,2070.77,22
1779824760,2071.65,2071.65,2070.61,2071.11,78
1779824820,2070.59,2070.88,2070.55,2070.8,26
1779824880,2070.4,2070.52,2068.93,2068.93,42
1779824940,2070.07,2070.58,2070.01,2070.58,38
1779825000,2069.59,2071.41,2069.59,2071.17,124
1779825060,2071.12,2071.13,2070.6,2070.88,42
1779825120,2070.38,2070.38,2070.38,2070.38,2
1779825180,2071.96,2071.96,2071.96,2071.96,2
1779825240,2072.21,2072.37,2072.21,2072.32,24
1779825300,2071.14,2071.45,2070.76,2070.95,80
1779825360,2070.93,2071.58,2070.93,2071.58,30
1779825420,2071.58,2071.66,2071.58,2071.65,26
1779825480,2071.4,2071.4,2070.28,2070.32,62
1779825540,2070.5,2070.5,2070.24,2070.24,4
1779825600,2069.87,2071.24,2069.53,2070.2,116
1779825720,2070.75,2071.41,2070.05,2071.18,92
1779825780,2070.91,2070.91,2070.09,2070.09,28
1779825840,2070.77,2071.65,2070.61,2071.65,40
1779825900,2071.85,2072.53,2071.49,2072.51,62
1779825960,2071.94,2071.94,2071.72,2071.72,22
1779826020,2071.1,2071.3,2071.1,2071.25,12
1779826080,2070.67,2070.7,2070.62,2070.63,28
1779826140,2071.3,2071.3,2070.76,2070.77,34
1779826200,2070.69,2071.16,2070.04,2071.16,90
1779826260,2071.2,2072.3,2071.2,2071.79,56
1779826320,2071.67,2071.67,2071.67,2071.67,2
1779826380,2071.28,2071.31,2071.28,2071.3,10
1779826440,2071.69,2071.69,2071.46,2071.46,12
1779826560,2071.22,2072.12,2071.04,2072.12,62
1779826620,2072.13,2072.6,2072.13,2072.51,34
1779826680,2071.51,2071.51,2071.48,2071.48,6
1779826740,2071.68,2071.68,2071.47,2071.47,6
1779826800,2070.1,2070.62,2069.96,2069.96,60
1779826860,2069.51,2069.73,2069.51,2069.71,24
1779826920,2069.99,2069.99,2069.88,2069.91,12
1779826980,2069.74,2070.5,2069.73,2070.49,36
1779827040,2071.02,2071.03,2070.62,2070.74,26
1779827100,2071,2071.13,2071,2071.13,6
1779827160,2070.33,2070.51,2070.33,2070.51,4
1779827220,2071.15,2071.86,2071.14,2071.86,28
1779827280,2072.36,2072.79,2072.36,2072.79,12
1779827340,2073.02,2073.18,2073.02,2073.18,26
1779827460,2072.37,2072.86,2072.37,2072.78,50
1779827520,2072.43,2072.63,2072.43,2072.62,14
1779827580,2072.29,2072.29,2071.97,2071.97,14
1779827640,2071.25,2071.41,2071.15,2071.16,28
1779827700,2070.43,2071.06,2070.04,2070.16,100
1779827760,2070.45,2070.63,2069.98,2070.61,48
1779827820,2070.62,2070.63,2070.62,2070.63,4
1779827880,2069.56,2069.97,2069.54,2069.97,18
1779827940,2071.2,2071.28,2071.2,2071.28,8
1779828000,2071.07,2071.21,2070.93,2071.12,34
1779828060,2070.52,2071.22,2070.47,2071.22,28
1779828120,2072.05,2072.15,2071.79,2072.15,26
1779828180,2072.32,2072.56,2071.94,2071.94,32
1779828240,2071.99,2071.99,2071.99,2071.99,2
1779828360,2072,2072.7,2071.84,2072.69,32
1779828420,2072.96,2073.4,2072.96,2073.38,30
1779828480,2072.58,2072.96,2072.5,2072.96,22
1779828540,2073.3,2073.65,2073.3,2073.5,38
1779828600,2072.7,2073.13,2072.69,2073.13,38
1779828660,2072.71,2073.03,2072.71,2072.98,32
1779828720,2073.22,2073.22,2072.91,2072.92,16
1779828780,2072.78,2072.84,2072.78,2072.83,8
1779828840,2072.9,2072.95,2072.9,2072.95,6
1779828900,2073.01,2073.33,2072.6,2072.8,72
1779828960,2072.78,2073.76,2072.66,2073.76,36
1779829020,2073.8,2073.97,2073.8,2073.97,10
1779829080,2074.07,2074.07,2073.8,2073.8,10
1779829560,2071.22,2071.22,2070.76,2071.18,20
1779829620,2070.09,2070.09,2069.61,2069.61,24
1779829680,2069.99,2070.55,2069.99,2070.54,26
1779829740,2070.97,2070.97,2070.95,2070.95,4
1779829800,2070.21,2070.21,2069.29,2069.29,18
1779829860,2067.93,2068.49,2067.93,2068.49,10
1779829920,2068.52,2068.53,2067.97,2067.97,36
1779829980,2067.7,2067.7,2064.86,2065.18,82
1779830040,2066.23,2066.34,2066.23,2066.34,8
1779830100,2066.97,2066.97,2066.49,2066.49,10
1779830160,2067.91,2067.95,2067.5,2067.95,18
1779830220,2068.81,2068.83,2068.34,2068.34,20
1779830280,2068.87,2069.19,2068.87,2069.19,28
1779830340,2068.68,2068.68,2068.68,2068.68,2
1779830400,2068.93,2069.49,2068.68,2069.43,32
1779830460,2069.37,2069.37,2069.32,2069.36,18
1779830520,2069.83,2070.08,2069.83,2070.08,16
1779830580,2070.27,2070.78,2070.27,2070.75,32
1779830640,2070.41,2070.8,2070.41,2070.7,16
1779830700,2070.41,2070.41,2070.41,2070.41,2
1779830760,2070.95,2070.95,2070.95,2070.95,2
1779830820,2071.36,2071.36,2071.03,2071.03,14
1779830880,2071.17,2071.17,2071.16,2071.16,4
1779830940,2070.83,2071.19,2070.83,2071.13,14
1779831060,2071.22,2071.94,2071.22,2071.47,34
1779831120,2071.48,2071.52,2071.45,2071.52,14
1779831180,2071.14,2071.14,2071.01,2071.01,4
1779831240,2071.42,2071.42,2071.23,2071.23,4
1779831300,2070.26,2071.36,2070.26,2071.36,30
1779831360,2071.34,2071.34,2070.59,2070.87,24
1779831420,2071.39,2071.62,2071.39,2071.62,18
1779831480,2072.64,2073.63,2072.64,2073.34,48
1779831540,2073.43,2073.43,2073.08,2073.15,24
1779831660,2072.47,2072.47,2072.47,2072.47,2
1779831720,2073.03,2073.04,2073.03,2073.04,4
1779831780,2073.44,2073.61,2073.44,2073.61,18
1779831840,2073.03,2073.03,2072.49,2072.58,40
1779831900,2072.88,2073.05,2072.88,2073.05,30
1779832020,2073.22,2073.22,2073.22,2073.22,2
1779832080,2072.63,2072.63,2072.51,2072.51,12
1779832140,2073.61,2073.61,2073.25,2073.28,12
1779832200,2072.83,2072.84,2072.12,2072.62,44
1779832260,2072.57,2072.57,2071.7,2071.77,34
1779832320,2071.46,2072.1,2071.45,2072.1,20
1779832380,2071.25,2071.41,2071.23,2071.41,20
1779832440,2071.47,2071.47,2071.47,2071.47,2
1779832500,2069.23,2069.67,2069.23,2069.45,36
1779832560,2068.44,2068.44,2068.26,2068.36,12
1779832620,2067.9,2067.9,2067.57,2067.57,18
1779832680,2067.85,2067.85,2066.94,2067.5,40
1779832740,2067.42,2068.37,2066.88,2068.37,64
1779832860,2068.99,2069.15,2068.95,2069.11,32
1779832920,2069.71,2069.82,2069.61,2069.63,14
1779832980,2069.17,2069.64,2069.16,2069.64,24
1779833040,2072.07,2072.07,2070.65,2070.87,42
1779833100,2069.34,2069.58,2066.73,2067.31,148
1779833160,2067.28,2067.43,2066.48,2067.42,96
1779833220,2068.22,2068.26,2067.98,2067.98,12
1779833280,2066.58,2067.38,2066.58,2067.37,26
1779833340,2067.57,2068.31,2067.54,2068.3,26
1779833400,2067.85,2068.16,2067.35,2067.51,88
1779833460,2067.61,2067.61,2066.15,2067.09,78
1779833520,2067.07,2067.36,2066.83,2066.83,50
1779833580,2066.41,2066.41,2064.73,2065.72,22
1779833640,2068.23,2068.23,2067.97,2067.97,22
1779833700,2067.34,2067.54,2065.72,2065.9,96
1779833760,2065.89,2066.72,2065.8,2066.4,106
1779833820,2066.28,2066.72,2066.01,2066.72,44
1779833880,2067.48,2067.48,2067.48,2067.48,2
1779833940,2067.39,2067.39,2066.86,2066.86,18
1779834000,2066.31,2066.75,2065.78,2066.27,64
1779834060,2066.5,2066.64,2066.5,2066.59,16
1779834120,2067.15,2067.15,2066.14,2066.19,38
1779834180,2067.08,2067.41,2067.08,2067.41,36
1779834240,2065.91,2066.36,2065.76,2066.35,40
1779834300,2066.64,2066.64,2066.64,2066.64,2
1779834360,2066.72,2066.77,2065.69,2065.93,52
1779834420,2066.02,2066.16,2066.02,2066.16,12
1779834480,2066.14,2066.14,2065.59,2065.82,30
1779834540,2065.77,2065.77,2065.14,2065.29,26
1779834600,2065.7,2066.28,2064.6,2064.7,150
1779834720,2064.99,2066.08,2064.73,2066.07,88
1779834780,2066.14,2066.35,2066.14,2066.35,16
1779834840,2066.41,2066.44,2066.31,2066.44,24
1779834900,2066.99,2067.25,2066.68,2066.72,90
1779835020,2066,2066,2065.59,2065.59,10
1779835080,2065.62,2065.62,2065.57,2065.57,8
1779835140,2065.08,2065.08,2064.81,2064.81,14
1779835200,2064.09,2064.25,2063.52,2064.17,82
1779835260,2064.75,2064.87,2064.37,2064.37,34
1779835320,2063.85,2064.09,2063.31,2064.07,50
1779835380,2064.5,2065.04,2064.48,2064.62,52
1779835440,2064.68,2064.73,2063.65,2063.65,42
1779835560,2062.65,2062.73,2062.11,2062.48,92
1779835620,2062.41,2062.41,2062.22,2062.23,22
1779835680,2062.92,2062.92,2062.07,2062.07,30
1779835740,2062.45,2062.45,2062.05,2062.12,26
1779835800,2062.35,2062.87,2062.09,2062.87,42
1779835860,2063.16,2063.16,2062.69,2062.75,22
1779835920,2062.82,2062.82,2062.66,2062.67,12
1779835980,2063.25,2063.25,2062.95,2063.08,28
1779836040,2064.71,2064.71,2064.59,2064.71,14
1779836100,2064.6,2064.85,2064.4,2064.44,64
1779836160,2064.3,2064.3,2063.67,2063.87,52
1779836220,2063.7,2063.78,2063.7,2063.71,14
1779836280,2063.98,2064,2063.98,2063.99,8
1779836340,2064.25,2064.41,2064.24,2064.4,14
1779836400,2064.45,2067.88,2064.45,2067.88,138
1779836520,2068.72,2068.9,2068.04,2068.05,62
1779836580,2068.17,2068.44,2068.17,2068.44,8
1779836640,2068.89,2069.03,2068.88,2069.02,16
1779836700,2068.99,2069.44,2068.08,2068.3,96
1779836760,2067.69,2068.24,2067.69,2068.18,26
1779836820,2068.39,2068.43,2068.2,2068.24,24
1779836880,2067.8,2067.8,2067.23,2067.25,40
1779836940,2067.27,2067.28,2067.26,2067.28,6
1779837000,2069.13,2069.84,2069.13,2069.48,62
1779837060,2069.75,2069.75,2069.26,2069.63,30
1779837120,2069.45,2069.76,2069.44,2069.76,36
1779837180,2069.48,2069.83,2069.1,2069.83,44
1779837240,2068.75,2069.58,2068.75,2069.48,38
1779837300,2068.97,2068.97,2068.97,2068.97,2
1779837360,2069.43,2069.43,2068.8,2069.25,58
1779837420,2068.53,2068.73,2068.49,2068.71,16
1779837480,2068.9,2068.9,2068.22,2068.5,26
1779837540,2069.09,2069.54,2069.09,2069.54,34
1779837600,2069.1,2069.22,2068.83,2069.22,60
1779837660,2069.24,2069.84,2069.24,2069.46,38
1779837720,2069.36,2069.47,2069.36,2069.47,8
1779837780,2069.38,2069.38,2069.15,2069.16,8
1779837840,2068.91,2068.91,2068.82,2068.82,8
1779837900,2068.71,2069.16,2068.71,2068.89,42
1779837960,2068.68,2068.68,2068.34,2068.36,30
1779838020,2068.99,2068.99,2068.02,2068.02,60
1779838080,2068.26,2068.82,2068.26,2068.82,22
1779838140,2068.84,2068.84,2068.84,2068.84,2
1779838200,2069.34,2070.28,2069.1,2069.77,72
1779838260,2069.8,2070.3,2069.62,2069.64,80
1779838320,2069.82,2069.82,2069.72,2069.72,12
1779838380,2070.32,2070.32,2070.14,2070.16,38
1779838440,2069.46,2070.19,2069.46,2070.19,48
1779838500,2070.21,2070.21,2069.8,2069.9,32
1779838560,2069.87,2070.12,2069.87,2070.12,16
1779838620,2070.47,2070.62,2070.25,2070.6,16
1779838680,2070.4,2071.03,2070.14,2071.03,26
1779838740,2071.9,2072.25,2071.5,2071.76,58
1779838860,2071.68,2071.68,2071.68,2071.68,2
1779838920,2071.47,2071.47,2071.45,2071.45,4
1779838980,2071.66,2071.66,2071.66,2071.66,2
1779839040,2071.67,2071.77,2071.67,2071.75,14
1779839160,2071.89,2071.89,2071.53,2071.7,62
1779839220,2071.69,2071.86,2071.53,2071.86,22
1779839280,2071.52,2071.6,2071.52,2071.6,8
1779839340,2071.34,2071.34,2071.1,2071.1,6
1779839400,2071,2071,2070.09,2070.09,58
1779839460,2069.88,2069.91,2069.57,2069.9,22
1779839520,2069.76,2070.04,2069.76,2070.04,8
1779839580,2070.1,2070.14,2069.95,2069.98,24
1779839640,2069.71,2069.71,2069.47,2069.47,8
1779839700,2069.1,2069.1,2068.68,2068.7,42
1779839760,2068.52,2068.52,2068.52,2068.52,2
1779839820,2068.39,2069,2068.39,2069,26
1779839880,2069.12,2069.3,2069.12,2069.23,24
1779839940,2069.23,2069.25,2069.23,2069.25,4
1779840000,2069.5,2070.98,2069.21,2070.65,140
1779840060,2070.64,2072.58,2070.62,2072.58,124
1779840120,2072.57,2073.25,2072.36,2073.16,64
1779840180,2073.51,2073.51,2072.25,2072.26,24
1779840240,2073.55,2073.8,2073.55,2073.8,34
1779840300,2072.41,2074.04,2072.41,2073.12,110
1779840360,2073.07,2073.77,2072.96,2073.77,54
1779840420,2073.29,2073.29,2073.01,2073.01,62
1779840480,2073.04,2073.51,2073.04,2073.51,6
1779840540,2074.41,2074.42,2074.07,2074.42,16
1779840600,2074.95,2076.15,2074.62,2075.64,86
1779840660,2073.87,2074.39,2073.87,2073.9,32
1779840720,2072.95,2073.3,2072.94,2073.29,36
1779840780,2073.21,2073.36,2072.93,2072.97,40
1779840840,2073.7,2074.03,2073.7,2074.03,6
1779840900,2074.33,2074.33,2070.96,2070.96,116
1779840960,2070.87,2071.44,2070.62,2071.32,74
1779841020,2071.59,2071.59,2071.29,2071.37,28
1779841080,2070.82,2070.82,2070.58,2070.58,24
1779841140,2070.04,2070.67,2069.96,2070.66,44
1779841200,2070.7,2070.73,2070.4,2070.73,50
1779841260,2070.77,2070.77,2070.71,2070.71,8
1779841320,2071.05,2071.21,2070.77,2071.21,26
1779841380,2071.13,2071.43,2071.13,2071.43,10
1779841440,2071.43,2072.07,2071.43,2072,32
1779841500,2070.9,2071.32,2070.81,2071.22,90
1779841560,2071.22,2071.95,2071.16,2071.92,44
1779841620,2071.29,2071.29,2071.23,2071.24,8
1779841680,2072.66,2072.69,2072.66,2072.68,8
1779841740,2073.71,2073.71,2073.39,2073.5,24
1779841860,2075.22,2075.22,2074.5,2074.68,82
1779841920,2074.63,2075.91,2074.63,2075.91,54
1779841980,2076.65,2076.65,2076.48,2076.48,6
1779842040,2076.41,2076.41,2075.51,2075.51,16
1779842100,2076.34,2076.34,2075.62,2075.88,84
1779842160,2075.42,2075.43,2075.38,2075.41,26
1779842220,2075.13,2075.13,2074.17,2074.82,44
1779842280,2074.48,2074.86,2074.47,2074.56,38
1779842340,2072.83,2072.99,2072.83,2072.97,10
1779842400,2072.54,2073.28,2072.54,2073.25,46
1779842460,2072.5,2074.3,2072.5,2074.3,80
1779842520,2074.44,2074.47,2074.21,2074.45,32
1779842580,2075.48,2075.84,2075.44,2075.44,26
1779842640,2075.7,2076,2075.7,2075.74,24
1779842700,2074.95,2076.95,2074.95,2075.89,122
1779842760,2075.99,2076.62,2075.95,2076.58,68
1779842820,2076.05,2076.12,2075.89,2076.04,28
1779842880,2076.03,2076.46,2076.03,2076.46,30
1779842940,2077.12,2077.12,2076.77,2076.86,46
1779843060,2076.6,2077.2,2076.6,2077.08,44
1779843120,2077.83,2077.88,2077.83,2077.85,12
1779843180,2077.61,2078.26,2077.61,2078.21,38
1779843240,2077.68,2078.42,2077.68,2078.42,22
1779843300,2078.46,2079.96,2078.29,2079.22,106
1779843360,2079.2,2079.37,2078.75,2078.75,48
1779843420,2078.46,2078.48,2078.46,2078.48,4
1779843480,2079.04,2079.21,2079.04,2079.18,12
1779843540,2079.12,2079.34,2079.12,2079.33,12
1779843600,2078.85,2079.48,2077.65,2077.65,150
1779843660,2077.66,2077.97,2076.81,2077.09,106
1779843780,2076.88,2078.31,2076.88,2077.81,78
1779843840,2077.93,2077.94,2077.89,2077.89,6
1779843900,2077.48,2077.48,2076.27,2076.4,56
1779843960,2076.34,2076.7,2076.26,2076.62,32
1779844020,2075.75,2075.92,2075.73,2075.86,36
1779844080,2075.46,2075.66,2075.42,2075.64,36
1779844140,2075.59,2076.56,2075.59,2076.56,44
1779844200,2076.82,2077.02,2076.54,2076.8,62
1779844260,2076.75,2076.75,2076.23,2076.36,42
1779844320,2075.48,2075.48,2075.45,2075.45,4
1779844380,2076.62,2076.62,2076.12,2076.12,32
1779844440,2076.44,2076.5,2076.36,2076.5,16
1779844500,2076.96,2076.96,2075.02,2075.02,76
1779844560,2074.96,2074.98,2074.65,2074.81,44
1779844620,2074.8,2074.8,2074.78,2074.8,6
1779844680,2074.79,2074.79,2074.09,2074.33,22
1779844740,2073.62,2073.93,2073.62,2073.93,18
1779844800,2072.47,2072.69,2071.75,2072.55,90
1779844860,2072.32,2072.32,2071.85,2072.08,50
1779844920,2069.8,2071.34,2069.38,2071.12,74
1779844980,2071.47,2071.8,2069.38,2069.98,64
1779845040,2070.19,2070.4,2070.19,2070.34,10
1779845100,2069.54,2069.64,2068.06,2068.93,88
1779845160,2069.67,2069.67,2069.52,2069.55,10
1779845220,2069.89,2069.89,2069.41,2069.53,16
1779845280,2069.72,2069.91,2069.72,2069.91,20
1779845340,2070.16,2070.5,2070.13,2070.38,36
1779845400,2070.44,2071.82,2069.13,2070.81,124
1779845460,2070.82,2070.82,2069.27,2069.44,42
1779845520,2069.29,2070.03,2069.29,2069.99,18
1779845580,2069.72,2069.75,2069.58,2069.72,12
1779845640,2069.27,2069.5,2069.27,2069.42,38
1779845760,2068.33,2068.62,2068.14,2068.62,48
1779845820,2067.15,2067.42,2067.13,2067.42,12
1779845880,2069.22,2069.42,2069.22,2069.42,14
1779845940,2069.73,2069.73,2069.36,2069.36,18
1779846000,2069.79,2070.13,2069.46,2070.02,52
1779846060,2070.08,2070.63,2070.08,2070.63,34
1779846120,2070.61,2070.61,2070.47,2070.53,32
1779846180,2070.22,2070.22,2070.2,2070.2,4
1779846240,2070.51,2070.67,2070.5,2070.67,14
1779846360,2069.23,2070.6,2069.23,2070.58,66
1779846420,2070.11,2070.9,2069.83,2070.9,52
1779846480,2072.01,2072.4,2071.84,2072.4,52
1779846540,2072.43,2072.74,2071.87,2072.48,58
1779846600,2072.28,2072.28,2071.49,2071.49,58
1779846660,2071.3,2071.48,2071.26,2071.48,12
1779846720,2072.15,2072.15,2071.62,2071.73,20
1779846780,2072.18,2072.35,2072.07,2072.07,20
1779846840,2071.78,2072.14,2071.78,2072.14,32
1779846960,2071.68,2072.44,2071.34,2072.44,56
1779847020,2071.75,2071.75,2070.88,2070.88,16
1779847080,2070.72,2070.74,2070.7,2070.71,16
1779847140,2070.21,2070.21,2069.14,2069.27,30
1779847200,2070.06,2070.79,2069.82,2070.79,84
1779847320,2070.23,2070.23,2069.19,2069.19,42
1779847380,2068.49,2068.49,2067.15,2067.15,26
1779847440,2068.76,2069.08,2068.73,2069.05,26
1779847500,2070.24,2070.49,2068.82,2068.84,74
1779847560,2068.66,2069.69,2068.65,2069.6,44
1779847620,2070.42,2070.42,2068.84,2068.84,50
1779847680,2068.07,2068.34,2068.07,2068.34,48
1779847740,2068.48,2068.5,2068.48,2068.49,6
1779847800,2067.65,2067.77,2067.47,2067.48,52
1779847860,2067.34,2067.51,2067.34,2067.51,12
1779847920,2068.09,2069.02,2068.09,2068.89,36
1779847980,2069.17,2069.19,2068.56,2068.7,26
1779848040,2068.72,2068.72,2068.69,2068.69,6
1779848100,2069.76,2070.65,2069.66,2069.84,80
1779848160,2069.86,2069.86,2069.06,2069.22,44
1779848220,2069.47,2069.47,2069.12,2069.17,26
1779848280,2068.2,2068.2,2066.99,2066.99,24
1779848340,2065.91,2065.91,2064.32,2065.13,70
1779848460,2067.47,2067.47,2066.65,2067.21,44
1779848520,2066.24,2066.83,2066.24,2066.26,12
1779848580,2066.06,2066.8,2066.06,2066.8,16
1779848640,2066.62,2066.84,2066.62,2066.84,12
1779848700,2066.89,2067.53,2066.56,2066.6,80
1779848760,2066.58,2066.78,2066.39,2066.78,40
1779848820,2067.79,2068.83,2067.79,2068.4,46
1779848880,2068.39,2068.62,2068.39,2068.56,6
1779848940,2067.73,2067.73,2067.73,2067.73,2
1779849060,2067.42,2067.42,2066.15,2066.15,82
1779849120,2066.11,2066.86,2066.11,2066.69,38
1779849180,2066.55,2066.66,2066.55,2066.66,4
1779849240,2068.21,2068.22,2067.94,2067.97,14
1779849300,2068.57,2069.72,2068.39,2068.39,90
1779849360,2068.41,2068.41,2068.36,2068.38,16
1779849420,2067.61,2067.82,2067.61,2067.8,10
1779849480,2067.12,2067.12,2066.91,2066.97,34
1779849540,2066.39,2066.39,2066.39,2066.39,2
1779849600,2064.72,2065.73,2064.72,2065.21,58
1779849660,2065.75,2065.99,2065.75,2065.97,6
1779849720,2065.88,2065.89,2064.94,2065.07,30
1779849780,2066,2066.07,2065.73,2065.73,38
1779849840,2066.16,2066.16,2065.11,2065.14,42
1779849900,2065.77,2066.63,2065.77,2066.63,50
1779849960,2066.65,2067.22,2066.43,2067.2,38
1779850020,2067.57,2068.35,2067.57,2067.58,36
1779850080,2066.29,2066.63,2066.29,2066.29,22
1779850140,2066.29,2066.29,2065.72,2065.84,42
1779850200,2066.08,2066.62,2066.05,2066.26,76
1779850260,2066.25,2067.34,2065.96,2067.34,38
1779850320,2067.3,2067.46,2067.3,2067.46,4
1779850380,2068.18,2068.45,2068.18,2068.45,18
1779850440,2068.6,2068.6,2068.24,2068.55,20
1779850500,2068.43,2069.2,2068.42,2068.92,76
1779850560,2068.89,2068.98,2068.78,2068.98,24
1779850620,2069.4,2069.4,2069.4,2069.4,2
1779850680,2069.78,2069.96,2069.78,2069.96,14
1779850740,2069.71,2070.28,2069.71,2070.28,28
1779850920,2071.6,2072.16,2071.22,2072.15,44
1779850980,2072.94,2073.81,2072.94,2073.74,26
1779851040,2074.41,2074.54,2074.25,2074.36,30
1779851100,2073.89,2075.54,2073.77,2075.38,126
1779851160,2075.06,2075.06,2074.32,2074.72,36
1779851220,2075.37,2075.37,2075.37,2075.37,2
1779851280,2075.61,2075.61,2075.27,2075.27,18
1779851340,2075.18,2075.18,2074.93,2075.13,26
1779851400,2074.13,2074.13,2072.96,2073.52,80
1779851460,2073.49,2073.79,2073.49,2073.63,16
1779851520,2073.08,2073.08,2072.85,2072.85,16
1779851580,2072.64,2073.25,2072.61,2073.25,38
1779851640,2072.36,2072.36,2072.28,2072.29,8
1779851760,2072.26,2072.51,2071.47,2071.47,56
1779851820,2071.96,2071.96,2071.41,2071.48,30
1779851880,2071.66,2072.25,2071.66,2072.25,36
1779851940,2072.11,2072.19,2072.01,2072.06,22
1779852000,2071.89,2071.89,2070.43,2070.72,48
1779852060,2071.2,2071.2,2071.02,2071.06,14
1779852120,2072.06,2072.09,2072.04,2072.04,8
1779852180,2071.48,2071.5,2071.47,2071.47,8
1779852240,2072.29,2072.29,2071.94,2071.94,18
1779852360,2072.82,2073.21,2072.81,2073.21,24
1779852420,2073.35,2073.51,2073.35,2073.51,6
1779852480,2072.83,2072.83,2072.42,2072.43,12
1779852540,2071.89,2071.89,2071.85,2071.88,10
1779852600,2072.56,2073.61,2072.35,2073.23,88
1779852660,2073.24,2073.24,2072.55,2072.56,62
1779852720,2072.59,2072.87,2072.5,2072.5,26
1779852780,2072.2,2072.24,2071.32,2071.32,48
1779852840,2070.72,2070.74,2070.72,2070.74,4
1779852900,2071.18,2071.18,2068.86,2068.86,72
1779852960,2069.09,2069.33,2069.09,2069.33,18
1779853020,2068.79,2068.9,2068.59,2068.89,20
1779853080,2068.69,2069.21,2068.69,2069.2,20
1779853140,2069.73,2069.73,2068.89,2068.89,20
1779853200,2069.18,2070.49,2069.18,2070.25,98
1779853260,2070.24,2070.24,2069.92,2070.01,42
1779853320,2069.96,2069.98,2069.96,2069.98,4
1779853380,2069.45,2069.5,2069.21,2069.21,16
1779853440,2069.01,2069.01,2068.74,2068.86,20
1779853500,2069.01,2069.13,2068.52,2068.77,82
1779853560,2068.76,2068.76,2068.1,2068.32,72
1779853620,2068.33,2069.2,2068.33,2069.2,52
1779853680,2069.03,2069.03,2068.46,2068.46,14
1779853740,2065.37,2066.38,2064.57,2066.38,48
1779853800,2065.81,2066.29,2064.5,2066.03,148
1779853860,2066.04,2066.94,2065.99,2066.93,66
1779853920,2066.97,2067.06,2066.97,2067.06,6
1779853980,2066.53,2066.85,2066.52,2066.85,10
1779854040,2066.83,2066.83,2066.34,2066.51,18
1779854100,2066.41,2066.41,2065.57,2066.11,66
1779854160,2066.24,2066.4,2066.1,2066.23,40
1779854220,2066.71,2067.13,2066.55,2066.57,36
1779854280,2066.5,2066.5,2065.37,2065.43,62
1779854340,2065.51,2066.15,2065.51,2066.15,18
1779854400,2065.3,2066.58,2064.09,2066.56,146
1779854520,2065.42,2065.42,2064.51,2065.06,52
1779854580,2064.96,2064.96,2064.96,2064.96,2
1779854640,2065.23,2065.23,2064.9,2065.13,12
1779854700,2064.93,2064.93,2064.22,2064.22,72
1779854760,2064.62,2064.86,2064.62,2064.86,18
1779854820,2064.97,2065.69,2064.97,2065.69,44
1779854880,2065.41,2065.76,2065.41,2065.64,34
1779854940,2065.92,2065.92,2065.78,2065.79,20
1779855000,2065.84,2065.84,2065.14,2065.54,74
1779855060,2065.74,2065.78,2065.56,2065.78,32
1779855120,2065.66,2065.97,2065.66,2065.97,20
1779855180,2066.05,2066.09,2064.99,2064.99,40
1779855240,2064.77,2064.89,2064.62,2064.62,28
1779855420,2063.47,2063.47,2062.74,2062.74,20
1779855480,2061.76,2061.8,2061.31,2061.32,26
1779855540,2059.32,2059.69,2058.36,2059.69,66
1779855600,2060.18,2060.74,2058.62,2060,120
1779855660,2060.11,2060.34,2059.93,2060.09,50
1779855720,2061.39,2061.39,2060.14,2060.66,66
1779855780,2060.29,2060.45,2059.89,2060.36,50
1779855840,2060.08,2060.2,2060.08,2060.2,8
1779855900,2061.13,2061.39,2061.13,2061.33,48
1779855960,2061.18,2061.18,2060.98,2061,14
1779856020,2061.97,2061.99,2061.02,2061.99,34
1779856080,2061.89,2061.91,2061.77,2061.82,32
1779856140,2061.28,2061.28,2061.02,2061.02,10
1779856260,2053.31,2055.14,2052.54,2054.1,204
1779856320,2054.98,2055.88,2054.47,2054.87,60
1779856380,2055.12,2055.55,2054.52,2055.23,68
1779856440,2056.51,2057.5,2056.48,2056.72,78
1779856500,2056.74,2057.31,2056.24,2057.25,108
1779856560,2057.26,2057.79,2057.07,2057.42,78
1779856620,2057.6,2057.62,2057.59,2057.61,18
1779856680,2058.32,2058.37,2058.04,2058.37,22
1779856740,2059.36,2060.25,2059.36,2060.24,56
1779856860,2059.97,2060.27,2058.73,2058.95,64
1779856920,2058.71,2058.71,2058.71,2058.71,2
1779856980,2058.92,2058.92,2058.88,2058.88,12
1779857040,2058.27,2058.47,2058.27,2058.47,10
1779857100,2058.97,2062.87,2058.97,2062.79,176
1779857160,2062.77,2063.26,2062.26,2062.64,112
1779857220,2062.63,2063.16,2062.49,2063.03,40
1779857280,2063.32,2063.34,2063.32,2063.34,4
1779857340,2063.74,2064.02,2063.74,2063.94,14
1779857400,2065.23,2065.23,2064.71,2065.08,54
1779857460,2065.85,2067.21,2065.85,2067.21,48
1779857520,2068.11,2068.11,2067.64,2067.71,32
1779857580,2067.26,2067.53,2067.25,2067.39,32
1779857640,2067.54,2068.66,2067.54,2068.65,60
1779857700,2068.1,2068.1,2068,2068,6
1779857760,2068.36,2068.56,2068.36,2068.4,22
1779857820,2067.86,2067.86,2067.7,2067.86,22
1779857880,2067.6,2068.01,2067.6,2068.01,18
1779857940,2068.14,2068.66,2068.14,2068.48,24
1779858000,2067.6,2069.26,2067.6,2068.69,126
1779858060,2068.68,2068.68,2067.96,2068.16,94
1779858180,2069.16,2069.16,2067.97,2067.97,84
1779858240,2068.31,2068.87,2068.31,2068.84,36
1779858360,2069.02,2069.02,2068.58,2068.6,50
1779858420,2068.27,2068.27,2068.02,2068.24,22
1779858480,2068.18,2068.18,2067.83,2067.83,30
1779858540,2068.49,2068.5,2068.14,2068.42,24
1779858600,2068.71,2068.71,2067.8,2068.48,74
1779858660,2068.57,2068.62,2068.13,2068.62,34
1779858720,2067.96,2068.07,2067.25,2067.73,60
1779858780,2068.03,2068.18,2068.03,2068.12,10
1779858840,2067.72,2067.72,2067.51,2067.51,18
1779858960,2067.69,2068.31,2067.69,2068.31,52
1779859020,2068.49,2068.49,2068.05,2068.05,36
1779859080,2067.95,2068.68,2067.95,2068.49,54
1779859140,2068.2,2068.2,2068.09,2068.15,6
1779859200,2068.22,2068.24,2066.99,2067.7,74
1779859260,2068.05,2068.71,2068.05,2068.71,22
1779859320,2069.08,2070,2069.08,2069.64,40
1779859380,2070.73,2070.93,2070.53,2070.55,42
1779859440,2070.54,2071.71,2070.54,2071.32,58
1779859500,2071.11,2071.11,2070.4,2070.92,66
1779859560,2071.58,2072.02,2071.58,2071.66,26
1779859620,2072.3,2073.04,2072.2,2073.04,26
1779859680,2071.54,2071.87,2071.54,2071.82,30
1779859740,2071.72,2071.76,2071.72,2071.75,12
1779859800,2071.42,2072.17,2071.4,2071.42,86
1779859860,2071.46,2071.88,2071.46,2071.88,36
1779859920,2071.59,2071.59,2071.4,2071.4,8
1779859980,2070.55,2070.56,2069.85,2069.85,30
1779860040,2069.61,2069.73,2069.51,2069.73,26
1779860100,2069.31,2070.51,2069.31,2070.2,78
1779860160,2070.31,2071.11,2070.14,2070.61,52
1779860220,2071.32,2071.32,2071.32,2071.32,2
1779860280,2072.27,2072.27,2071.37,2071.42,16
1779860340,2070.99,2071.02,2070.96,2070.96,8
1779860400,2070.36,2070.55,2070.11,2070.44,54
1779860460,2070.43,2070.43,2068.79,2069.39,96
1779860520,2069.23,2069.48,2069.17,2069.32,38
1779860580,2069.3,2069.98,2069.3,2069.39,52
1779860640,2069.33,2069.33,2069.33,2069.33,2
1779860760,2070.11,2071,2070.11,2071,54
1779860820,2071.21,2071.47,2071.18,2071.46,26
1779860880,2070.48,2070.69,2070.42,2070.69,34
1779860940,2070.45,2070.45,2069.64,2070.19,48
1779861000,2070.4,2071.65,2070.4,2071.26,42
1779861060,2072.01,2072.64,2072.01,2072.64,12
1779861120,2072.61,2072.61,2072.33,2072.42,16
1779861180,2071.96,2072.2,2071.62,2071.71,40
1779861240,2072.5,2072.59,2071.93,2072.08,34
1779861300,2072.68,2073.09,2072.68,2072.83,92
1779861360,2072.93,2074.67,2072.93,2073.37,64
1779861420,2072.62,2072.63,2072.62,2072.63,4
1779861480,2072.49,2072.64,2072.47,2072.64,8
1779861540,2073.4,2073.55,2073.18,2073.18,18
1779861600,2072.7,2073.96,2072.7,2073.04,90
1779861780,2072.6,2073.01,2072.6,2073.01,10
1779861840,2073.53,2073.54,2073.45,2073.48,20
1779861900,2073.3,2074.62,2072.93,2074.58,82
1779861960,2074.59,2074.59,2073.73,2073.73,44
1779862020,2074.34,2074.68,2073.96,2074.02,44
1779862080,2073.05,2074.81,2073.05,2074.81,62
1779862140,2074.26,2074.27,2074.26,2074.27,4
1779862200,2074.07,2074.15,2073.3,2073.45,64
1779862260,2072.96,2072.97,2072.96,2072.97,4
1779862320,2071.69,2071.92,2071.65,2071.9,22
1779862380,2070.98,2071.46,2070.98,2071.46,26
1779862440,2071.44,2071.44,2071.27,2071.27,8
1779862620,2070.57,2071.58,2070.57,2071.58,46
1779862680,2071.88,2072.09,2071.88,2072.03,8
1779862740,2071.01,2071.3,2071,2071.3,18
1779862800,2071.74,2071.81,2071.42,2071.78,48
1779862860,2071.53,2071.87,2071.51,2071.78,20
1779862920,2070.6,2071.1,2070.14,2070.55,52
1779862980,2070.86,2071.77,2070.58,2071.77,30
1779863040,2071.95,2072.19,2071.95,2072.19,16
1779863100,2072.19,2072.19,2071.76,2071.76,42
1779863160,2072.5,2072.5,2072.5,2072.5,2
1779863220,2072.01,2072.03,2071.94,2072.03,14
1779863280,2072.86,2072.91,2072.83,2072.91,12
1779863340,2073.27,2073.62,2073.27,2073.35,18
1779863400,2073.37,2075.96,2073.33,2075.96,92
1779863460,2075.98,2076.45,2074.75,2074.81,102
1779863520,2074.8,2074.8,2073.16,2073.18,62
1779863580,2073.17,2073.18,2073.09,2073.11,16
1779863640,2074.08,2074.08,2073.86,2073.89,20
1779863700,2073.61,2074.4,2073.49,2073.5,78
1779863760,2073.61,2073.96,2073.15,2073.96,34
1779863820,2074.99,2075.51,2074.81,2075.5,52
1779863880,2075.36,2075.36,2075.36,2075.36,2
1779863940,2074.22,2074.29,2074.22,2074.29,6
1779864000,2074.52,2075.04,2074.4,2075.04,46
1779864060,2075.15,2075.33,2075.15,2075.33,6
1779864120,2075.44,2075.44,2075.04,2075.09,28
1779864180,2075.83,2076.06,2075.7,2075.73,32
1779864240,2075.57,2075.57,2075.2,2075.41,52
1779864300,2075.86,2075.86,2074.98,2075.58,102
1779864360,2075.59,2076.33,2075.58,2076.33,50
1779864420,2076.8,2076.84,2076.48,2076.49,20
1779864480,2076.48,2076.48,2075.7,2075.77,24
1779864540,2075.03,2075.4,2074.94,2075.4,30
1779864600,2075.31,2075.65,2074.98,2074.99,58
1779864660,2075.37,2075.43,2075.18,2075.25,50
1779864720,2075.53,2075.53,2075.53,2075.53,2
1779864780,2075.45,2075.45,2075.45,2075.45,2
1779864840,2074.1,2074.14,2074,2074.01,16
1779864900,2074.3,2074.56,2074.08,2074.08,52
1779864960,2073.84,2073.88,2073.21,2073.51,48
1779865020,2073.49,2073.5,2073.36,2073.38,22
1779865080,2073.41,2074.34,2073.41,2074.34,24
1779865140,2074.65,2074.7,2074.65,2074.69,12
1779865320,2075,2075.28,2075,2075.23,18
1779865380,2075.45,2075.53,2075,2075.03,38
1779865440,2075.1,2075.13,2074.95,2074.95,18
1779865500,2074.45,2075.91,2074.25,2074.87,96
1779865560,2074.86,2074.87,2074.32,2074.33,26
1779865620,2073.95,2074.15,2073.95,2074.15,8
1779865680,2074.31,2074.39,2074.31,2074.31,12
1779865740,2074.02,2074.02,2073.85,2073.85,16
1779865800,2073.36,2073.36,2071.22,2071.38,108
1779865860,2071.43,2071.56,2071.43,2071.44,34
1779865920,2072.47,2072.48,2071.7,2071.92,56
1779865980,2072.18,2072.18,2072.18,2072.18,2
1779866040,2072.08,2072.34,2072.08,2072.34,10
1779866100,2072.53,2072.54,2071.64,2071.89,84
1779866160,2071.9,2072.96,2071.9,2072.17,68
1779866220,2072.19,2072.38,2072.15,2072.37,20
1779866280,2073.07,2073.11,2072.74,2073.09,36
1779866340,2072.84,2073.48,2072.84,2073.1,30
1779866400,2073.56,2073.61,2073.25,2073.25,36
1779866460,2073.34,2073.38,2073.33,2073.36,10
1779866520,2072.81,2072.82,2072.33,2072.33,24
1779866580,2074.01,2074.34,2073.83,2074.15,36
1779866640,2074.18,2075.34,2074.17,2075.13,40
1779866760,2073.92,2074.19,2073.89,2074.17,26
1779866820,2074.35,2074.51,2074.35,2074.51,12
1779866880,2074.35,2074.38,2074.16,2074.38,16
1779866940,2074.73,2075,2074.71,2075,16
1779867060,2075.08,2076.14,2074.48,2075.65,58
1779867120,2075.67,2075.67,2075.08,2075.45,38
1779867180,2074.27,2074.27,2074.23,2074.23,6
1779867240,2074.01,2074.06,2074.01,2074.05,8
1779867300,2076.18,2077.07,2076.18,2076.91,78
1779867360,2076.87,2077,2076.78,2076.91,24
1779867420,2077.16,2077.58,2077.15,2077.57,26
1779867480,2076.65,2076.65,2075.96,2076,36
1779867540,2075.63,2075.63,2075.01,2075.01,22
1779867600,2075.19,2075.19,2074.56,2074.8,36
1779867660,2075.16,2075.25,2075.15,2075.25,12
1779867720,2074.51,2074.61,2074.51,2074.61,14
1779867780,2075.3,2075.39,2075.3,2075.38,12
1779867840,2075.25,2075.25,2074.86,2074.89,18
1779867900,2075.21,2076.18,2075.21,2076.18,40
1779867960,2076.19,2076.6,2075.84,2076.29,54
1779868020,2076.3,2076.79,2076.3,2076.78,46
1779868080,2076.66,2077.43,2076.64,2077.43,24
1779868140,2076.19,2076.19,2076.12,2076.14,12
1779868200,2076.7,2076.7,2075.83,2076.04,46
1779868260,2076.26,2076.53,2076.26,2076.52,16
1779868320,2077.16,2077.39,2077.11,2077.2,26
1779868380,2076.95,2077.28,2076.95,2077.28,28
1779868440,2078.7,2078.7,2078.34,2078.34,6
1779868500,2078.32,2079.1,2078.32,2078.38,56
1779868560,2078.83,2079.07,2078.83,2079.07,14
1779868620,2078.55,2079.1,2078.55,2079.1,20
1779868680,2079.12,2079.18,2079.1,2079.16,16
1779868740,2079.64,2079.82,2079.32,2079.4,40
1779868800,2079.13,2079.65,2078.99,2079.65,82
1779868920,2080.4,2082.05,2080.4,2080.92,116
1779868980,2081.22,2081.24,2080.93,2080.93,20
1779869040,2080.88,2081.43,2080.78,2081.43,24
1779869160,2082.22,2082.29,2081.91,2081.91,44
1779869220,2082.39,2082.55,2082.39,2082.51,10
1779869280,2081.68,2081.92,2081.68,2081.87,18
1779869340,2080.91,2080.94,2080.66,2080.66,24
1779869400,2081.14,2081.94,2080.8,2081.76,84
1779869460,2081.68,2081.68,2081.39,2081.42,20
1779869520,2080.91,2081.28,2080.91,2081.04,44
1779869580,2080.02,2080.02,2080.01,2080.01,4
1779869640,2080.24,2080.38,2080.24,2080.38,4
1779869760,2081.46,2081.53,2080.48,2080.48,62
1779869820,2079.89,2080.51,2079.27,2080.29,44
1779869880,2080.36,2080.91,2080.02,2080.65,52
1779869940,2080.31,2080.97,2080.23,2080.97,30
1779870000,2081.55,2081.59,2080.9,2081.59,50
1779870060,2081.21,2081.23,2081.21,2081.23,4
1779870120,2081.97,2082.25,2081.92,2082.1,26
1779870180,2085.02,2086.1,2084.91,2085,56
1779870240,2083.73,2083.84,2083.15,2083.15,52
1779870300,2083.97,2084.7,2083.79,2084.7,86
1779870420,2089.48,2089.48,2089,2089.33,12
1779870480,2090.46,2090.51,2090.34,2090.43,18
1779870540,2089.94,2090.54,2089.94,2090.32,16
1779870600,2089.2,2090.1,2089.2,2089.33,114
1779870660,2089.32,2089.62,2087.69,2088.52,122
1779870720,2088.19,2089.85,2088.19,2089.84,52
1779870780,2088.92,2089.21,2087.52,2088.02,72
1779870840,2088.28,2088.33,2087.29,2087.6,72
1779870900,2087.64,2087.82,2087.16,2087.48,82
1779870960,2087.42,2087.55,2087.38,2087.46,26
1779871020,2087.94,2088.54,2087.94,2088.43,24
1779871080,2087.99,2089.29,2087.99,2089.1,34
1779871140,2088.82,2089.4,2088.82,2089.33,36
1779871200,2089.71,2089.71,2087.73,2087.75,108
1779871260,2087.79,2088.26,2087.66,2088.26,40
1779871320,2088.93,2088.93,2088.72,2088.72,6
1779871380,2088.82,2088.82,2088.41,2088.46,16
1779871440,2087.64,2087.98,2087.64,2087.98,24
1779871560,2087.48,2087.88,2086.1,2086.48,92
1779871620,2086.5,2086.95,2086.5,2086.95,30
1779871680,2086.54,2086.54,2086.42,2086.42,4
1779871740,2085.75,2085.83,2085.75,2085.82,10
1779871800,2085.9,2086.11,2085.15,2085.31,98
1779871860,2085.21,2085.3,2084.93,2084.93,26
1779871920,2083.7,2083.7,2083,2083,48
1779871980,2081.76,2081.76,2080.07,2080.07,76
1779872040,2080.14,2080.14,2080.14,2080.14,2
1779872100,2080.35,2081.22,2080.35,2081.22,54
1779872160,2080.7,2080.7,2079.42,2079.42,32
1779872220,2079.58,2080.03,2079.58,2080.03,12
1779872280,2079.8,2080.19,2079.8,2079.96,36
1779872340,2080.44,2080.49,2080.19,2080.28,38
1779872400,2080.51,2081.05,2080.18,2080.27,90
1779872460,2080.25,2080.27,2077.24,2077.45,114
1779872520,2077.53,2078.17,2075.5,2075.95,128
1779872580,2075.14,2075.88,2074.7,2074.79,50
1779872640,2075.43,2076,2075.43,2076,28
1779872700,2075.75,2076.95,2075.55,2076.9,114
1779872760,2076.92,2077.03,2075.05,2075.27,66
1779872820,2075.44,2075.45,2075.44,2075.45,4
1779872880,2076.25,2076.49,2076.25,2076.49,16
1779872940,2076.9,2076.94,2076.87,2076.88,16
1779873000,2076.94,2077.68,2076.94,2077.52,60
1779873060,2077.48,2077.72,2076.34,2076.34,50
1779873120,2076.07,2076.27,2075.96,2076.22,42
1779873180,2075.84,2075.84,2075.16,2075.53,50
1779873240,2076.1,2076.1,2076.1,2076.1,2
1779873300,2076.27,2076.39,2075.53,2075.93,66
1779873360,2075.92,2075.92,2073.72,2075.09,94
1779873420,2075.15,2075.15,2074.86,2074.86,16
1779873480,2075.71,2075.72,2074.61,2075.14,28
1779873540,2076.24,2076.25,2076.22,2076.25,12
1779873600,2076.24,2078.38,2076.24,2078.38,82
1779873660,2078.86,2078.86,2078.27,2078.27,22
1779873720,2078.33,2079.15,2078.33,2079.15,22
1779873780,2079.14,2079.31,2079.14,2079.31,16
1779873840,2079.57,2079.61,2078.66,2078.77,48
1779873900,2078.56,2078.86,2078.07,2078.37,86
1779873960,2078.39,2078.39,2077.69,2077.7,38
1779874020,2077.73,2078.04,2077.73,2078.04,6
1779874080,2077.27,2077.41,2077.17,2077.17,18
1779874140,2076.34,2076.34,2076.13,2076.14,22
1779874260,2076.66,2077.1,2076.27,2076.81,68
1779874320,2076.96,2077.96,2076.92,2077.92,64
1779874380,2078.44,2078.44,2078.39,2078.39,4
1779874440,2078.69,2078.8,2078.67,2078.8,14
1779874500,2078.56,2079.25,2078.55,2079.25,68
1779874560,2080.59,2081.34,2080.59,2081.32,38
1779874620,2081.19,2081.41,2080.84,2080.84,52
1779874680,2080.23,2081.73,2080.23,2081.73,42
1779874740,2082.55,2083.07,2082.55,2083.07,68
1779874800,2082.59,2082.59,2081.91,2081.93,42
1779874860,2082.16,2082.16,2081.56,2081.56,16
1779874920,2081.51,2081.55,2081.3,2081.32,24
1779874980,2081.36,2081.63,2081.36,2081.62,22
1779875040,2081.69,2081.92,2081.69,2081.69,16
1779875100,2081.63,2082.15,2081.63,2081.77,42
1779875220,2080.42,2080.42,2080.2,2080.2,10
1779875280,2081.2,2081.21,2081.08,2081.21,8
1779875340,2080.24,2080.4,2080.24,2080.24,20
1779875400,2080.79,2082.27,2080.79,2081.38,86
1779875460,2081.31,2081.31,2079.32,2079.46,16
1779875520,2077.86,2078.11,2077.41,2078.11,44
1779875580,2078.23,2078.5,2078.23,2078.5,28
1779875640,2079.19,2079.19,2078.99,2079,8
1779875700,2079.25,2079.47,2079.06,2079.47,32
1779875760,2079.33,2079.33,2079.06,2079.18,24
1779875820,2079.24,2079.3,2079.21,2079.27,16
1779875880,2079.29,2079.29,2078.54,2078.65,56
1779875940,2078.85,2078.91,2078.85,2078.9,8
1779876000,2078.87,2079.44,2077.2,2077.48,68
1779876060,2077.42,2077.42,2076.5,2076.9,56
1779876120,2076.91,2077.19,2076.79,2076.84,58
1779876180,2077.16,2077.49,2077.16,2077.48,32
1779876240,2077.98,2078.21,2077.55,2078.09,34
1779876360,2078.81,2079.3,2078.8,2078.84,56
1779876420,2078.91,2078.91,2078.75,2078.75,8
1779876480,2078.87,2078.97,2078.76,2078.97,18
1779876540,2079.4,2079.4,2078.87,2078.87,20
1779876600,2079.01,2079.18,2078.88,2078.95,48
1779876660,2078.96,2079.16,2078.96,2079.16,12
1779876720,2079.22,2079.61,2079.22,2079.59,30
1779876780,2079.6,2079.79,2079.6,2079.79,14
1779876840,2080.06,2080.09,2080.06,2080.09,6
1779876960,2081.3,2082.32,2081.3,2082.31,76
1779877020,2082.72,2083.13,2082.72,2083.13,36
1779877080,2082.47,2082.6,2082.42,2082.48,30
1779877140,2081.07,2081.69,2080.64,2080.64,58
1779877200,2081.11,2081.3,2080.29,2080.95,62
1779877260,2080.94,2080.94,2080.71,2080.74,6
1779877320,2080.33,2080.33,2080.29,2080.32,8
1779877380,2080.84,2080.89,2080.84,2080.89,12
1779877440,2081.14,2081.18,2080.92,2080.93,22
1779877500,2081.93,2082.42,2081.33,2082.33,66
1779877560,2082.31,2082.36,2082.18,2082.36,22
1779877620,2082.52,2082.52,2082.49,2082.49,4
1779877680,2081.82,2081.82,2081.65,2081.65,8
1779877740,2081.07,2081.07,2081.01,2081.02,6
1779877800,2080.76,2081.85,2080.74,2080.83,50
1779877860,2080.78,2081.29,2080.74,2081.29,58
1779877920,2081.5,2081.5,2080.65,2080.65,22
1779877980,2080.22,2080.22,2079.54,2079.54,24
1779878040,2079.44,2079.44,2077.94,2078.38,40
1779878100,2077.76,2078.26,2077.53,2078.25,54
1779878160,2078.49,2078.49,2078.49,2078.49,2
1779878220,2079.33,2079.47,2079.33,2079.47,14
1779878280,2079.94,2079.94,2079.86,2079.86,4
1779878340,2078.75,2078.75,2077.86,2077.86,22
1779878400,2077.36,2077.56,2076.81,2077.21,94
1779878520,2076.52,2076.59,2076.52,2076.58,6
1779878580,2076.63,2076.81,2076.63,2076.77,10
1779878640,2077.05,2077.26,2076.75,2076.85,24
1779878760,2077.21,2077.31,2075.44,2075.93,112
1779878820,2075.91,2075.91,2075.05,2075.28,34
1779878880,2074.9,2075.2,2074.9,2075.2,10
1779878940,2075.29,2075.61,2075.29,2075.61,16
1779879000,2075.31,2075.33,2074.85,2075.01,50
1779879060,2075.69,2075.74,2075.58,2075.58,16
1779879120,2075.06,2075.38,2075.02,2075.37,18
1779879180,2075.18,2075.5,2075.18,2075.5,16
1779879240,2075.75,2075.76,2075.58,2075.71,40
1779879300,2075.63,2075.82,2075.46,2075.82,36
1779879360,2075.99,2075.99,2075.9,2075.9,14
1779879420,2075.66,2075.76,2075.66,2075.75,10
1779879480,2075.65,2075.65,2075.5,2075.5,8
1779879540,2075.65,2075.76,2075.5,2075.76,16
1779879600,2075.08,2075.72,2074.06,2075.72,118
1779879720,2078.2,2078.66,2078.15,2078.66,70
1779879780,2079.57,2079.57,2079.35,2079.35,12
1779879840,2078.16,2078.5,2078.16,2078.5,18
1779879900,2078.22,2078.22,2077.27,2077.45,94
1779879960,2077.6,2077.68,2077.14,2077.14,24
1779880020,2077.72,2077.97,2077.71,2077.97,22
1779880080,2077.88,2077.88,2077.7,2077.7,4
1779880140,2077.81,2077.81,2077.74,2077.76,10
1779880200,2076.34,2076.71,2076.05,2076.52,58
1779880260,2076.57,2076.57,2076.41,2076.45,12
1779880320,2076.95,2077.14,2076.8,2077.12,30
1779880380,2077.34,2077.65,2077.34,2077.65,14
1779880440,2077.89,2077.93,2077.75,2077.75,20
1779880560,2079.3,2079.5,2077.11,2077.27,72
1779880620,2077.96,2077.96,2077.53,2077.55,22
1779880680,2078.27,2078.34,2078.12,2078.32,20
1779880740,2078.3,2078.58,2078.3,2078.48,16
1779880860,2079.48,2080.39,2079.48,2080.05,62
1779880920,2080.2,2080.2,2080,2080,8
1779880980,2080.37,2080.37,2080.1,2080.36,32
1779881040,2080.64,2080.7,2080.46,2080.63,26
1779881100,2080.15,2080.34,2079.96,2080.05,62
1779881160,2080.37,2080.37,2080.24,2080.29,26
1779881220,2080.28,2080.52,2080.19,2080.19,34
1779881280,2079.45,2079.76,2079.41,2079.41,36
1779881340,2078.91,2079.09,2078.91,2079.09,6
1779881460,2076.08,2077.04,2075.41,2075.41,100
1779881520,2076.26,2076.26,2075.77,2075.8,38
1779881580,2074.36,2074.83,2074.36,2074.63,46
1779881640,2075.72,2075.82,2075.66,2075.81,36
1779881700,2076.23,2077.37,2076.23,2077.37,118
1779881760,2077.36,2078,2077.35,2078,56
1779881820,2079.05,2079.86,2079.05,2079.83,30
1779881880,2080.17,2080.18,2079.46,2079.62,34
1779881940,2078.89,2079.4,2078.87,2079.4,16
1779882000,2079.34,2079.34,2077.31,2077.32,96
1779882060,2077.61,2077.82,2077.33,2077.58,56
1779882120,2077.67,2077.67,2077.28,2077.29,34
1779882180,2077.31,2077.38,2077.28,2077.37,16
1779882240,2077.72,2077.86,2077.72,2077.86,8
1779882300,2077.63,2077.65,2077.28,2077.28,54
1779882360,2077.2,2077.43,2076.62,2077.24,62
1779882420,2077.32,2077.57,2077.22,2077.22,38
1779882480,2076.64,2076.79,2076.64,2076.68,32
1779882540,2076.48,2076.61,2076.48,2076.61,8
1779882600,2076.53,2076.72,2076.42,2076.42,46
1779882660,2077,2077.06,2076.9,2076.97,32
1779882720,2077.22,2077.22,2077,2077.02,14
1779882780,2076.96,2076.96,2076.51,2076.51,28
1779882840,2076.41,2076.41,2075.94,2075.94,26
1779882900,2075.72,2075.72,2075.72,2075.72,2
1779882960,2075.96,2075.96,2075.96,2075.96,2
1779883020,2076.31,2076.31,2076.19,2076.21,8
1779883080,2075.37,2075.37,2074.98,2075.18,26
1779883140,2075.27,2075.27,2075.06,2075.06,20
1779883200,2075.87,2076.08,2075.64,2075.7,66
1779883260,2075.71,2076.15,2074.72,2075.49,74
1779883380,2074.52,2074.92,2074.52,2074.92,8
1779883440,2073.55,2074.27,2073.55,2074.27,12
1779883500,2075.14,2076.09,2075.14,2076.09,64
1779883560,2075.62,2075.67,2075.14,2075.23,48
1779883620,2073.6,2073.6,2071.44,2072.27,62
1779883680,2072.15,2072.48,2072.02,2072.46,50
1779883740,2072.86,2073.42,2072.86,2073.42,36
1779883800,2073.02,2073.02,2070.61,2071.1,92
1779883860,2071.25,2071.29,2071.12,2071.12,12
1779883920,2071.7,2071.7,2070.98,2071.05,32
1779883980,2071.88,2072.02,2071.6,2071.64,24
1779884040,2071.73,2071.82,2071.57,2071.72,26
1779884100,2072.01,2072.01,2071.66,2071.77,56
1779884220,2073.27,2073.77,2072.59,2072.59,84
1779884280,2071.82,2073.32,2070.56,2073.05,64
1779884340,2077.52,2080.74,2077.2,2080.54,100
1779884400,2080.03,2082.07,2079.22,2082.04,210
1779884460,2081.79,2086.07,2081.79,2085.56,126
1779884520,2086.19,2086.93,2086.19,2086.93,10
1779884580,2090.4,2090.46,2088.66,2088.66,30
1779884640,2081.83,2082,2081,2081.52,54
1779884700,2080.15,2081.35,2079.5,2081.09,134
1779884760,2082.01,2082.4,2081.61,2081.92,60
1779884820,2078.75,2079.1,2077.19,2077.77,88
1779884880,2079.97,2080.41,2079.85,2080.07,94
1779884940,2080.28,2080.28,2080.28,2080.28,2
1779885060,2080.33,2081.35,2080.33,2080.39,112
1779885120,2080.43,2080.77,2080.23,2080.23,42
1779885180,2080.03,2080.32,2079.39,2079.77,58
1779885240,2081.3,2081.5,2080.43,2080.43,68
1779885300,2078.69,2079,2078.66,2078.87,70
1779885360,2080.1,2083.68,2080.1,2080.58,38
1779885420,2080.85,2081.09,2080.7,2080.71,32
1779885480,2080.78,2081.11,2080.7,2080.71,34
1779885540,2081.72,2082.39,2081.47,2081.99,44
1779885600,2081.45,2081.67,2080.63,2080.68,88
1779885660,2080.88,2081.46,2080.66,2080.68,44
1779885720,2079.97,2080,2079.97,2080,4
1779885780,2079.63,2079.63,2079.5,2079.54,10
1779885840,2079.55,2080.28,2079.55,2080.28,30
1779885960,2079.6,2079.64,2077.75,2077.75,116
1779886020,2077.88,2078.44,2076.6,2076.6,76
1779886080,2076.55,2076.55,2076.55,2076.55,2
1779886140,2077.01,2077.63,2077.01,2077.63,18
1779886200,2077.94,2078.14,2077.09,2077.5,64
1779886260,2077.28,2078.14,2077.28,2078.14,28
1779886320,2076.05,2076.12,2075.27,2075.27,40
1779886380,2076.02,2076.59,2075.95,2076.53,44
1779886440,2077.3,2077.34,2076.85,2076.86,46
1779886500,2077.12,2077.12,2076.05,2076.15,64
1779886560,2075.09,2075.39,2075.09,2075.39,8
1779886620,2074.93,2074.95,2074.59,2074.59,14
1779886680,2074.88,2074.94,2074.77,2074.94,30
1779886740,2074.54,2074.56,2073.93,2073.93,26
1779886800,2074.1,2075.63,2074.05,2075.14,158
1779886860,2075.04,2075.64,2073.97,2073.98,126
1779886920,2074.08,2076.15,2074.08,2076.08,124
1779887040,2075.34,2075.34,2073.34,2073.67,82
1779887160,2073.59,2073.59,2071.92,2072.55,102
1779887220,2072.05,2072.22,2070.83,2071.7,106
1779887280,2071.93,2072.24,2068.47,2068.69,138
1779887340,2068.87,2070.04,2067.19,2069.78,190
1779887400,2069.75,2071.38,2069.33,2070.33,172
1779887460,2070.51,2070.73,2069.55,2070.1,104
1779887520,2070,2070.33,2069.89,2070.06,82
1779887580,2070.22,2070.24,2068.51,2068.55,156
1779887640,2068.37,2069.95,2067.92,2069.95,146
1779887700,2070.13,2070.14,2069.01,2069.65,176
1779887760,2069.56,2071.01,2068.64,2069.84,164
1779887820,2069.79,2070.79,2069.57,2070.21,80
1779887880,2070.25,2070.26,2069.56,2069.56,104
1779887940,2070.14,2070.14,2069.21,2069.25,40
1779888000,2069.82,2070.85,2069.59,2069.96,104
1779888060,2069.97,2069.97,2066.82,2067.75,146
1779888180,2068.18,2068.18,2068.18,2068.18,2
1779888240,2068.22,2068.22,2067.61,2067.78,60
1779888360,2065.12,2065.93,2063.44,2064.76,178
1779888420,2065.32,2065.32,2063.57,2063.69,176
1779888540,2064.18,2064.18,2064.18,2064.18,2
1779888660,2064.83,2066.91,2061.48,2062.69,186
1779888720,2061.4,2061.87,2060.13,2060.43,196
1779888780,2060.81,2061.77,2059.67,2061.28,210
1779888840,2061.68,2064.52,2061.19,2062.97,214
1779888960,2061.12,2063.23,2061.01,2062.52,128
1779889020,2058.14,2058.99,2056.97,2056.97,154
1779889080,2057.31,2057.31,2050.22,2052.97,202
1779889140,2054.82,2056.3,2052.45,2056.25,194
1779889200,2055.41,2055.95,2052.03,2053.83,240
1779889260,2053.85,2054.07,2051.89,2052.41,220
1779889320,2051.81,2052.37,2047.95,2051.03,254
1779889440,2048.48,2049.78,2047.13,2047.13,154
1779889560,2052.79,2054.09,2051.22,2051.22,168
1779889620,2050.61,2052.27,2050.24,2050.73,190
1779889680,2051.8,2054.67,2051.8,2054.5,190
1779889740,2053.77,2054.31,2051.66,2052.06,200
1779889860,2054.52,2056.31,2054.35,2055.39,124
1779889920,2057.54,2057.79,2057.27,2057.27,22
1779889980,2059.69,2059.94,2057.31,2058.46,144
1779890040,2058.29,2058.45,2057.63,2057.8,46
1779890100,2057.17,2058.64,2056.66,2056.72,196
1779890160,2056.73,2057.47,2056.57,2057.47,146
1779890280,2059.47,2059.47,2059.13,2059.13,8
1779890340,2057.68,2057.73,2057.46,2057.49,12
1779890400,2059.26,2064.73,2059.26,2062.15,272
1779890460,2062.11,2064.61,2061.7,2064.22,212
1779890520,2064.25,2065.82,2063.55,2065.22,192
1779890580,2064.73,2066.57,2063.27,2063.44,208
1779890760,2062.46,2063,2062.4,2062.99,34
1779890820,2063.3,2064.42,2062.97,2063.76,154
1779890880,2061.35,2062.17,2059.32,2059.63,198
1779890940,2060.11,2060.32,2059.57,2059.73,88
1779891060,2056.96,2057.54,2055.69,2057.15,112
1779891120,2056.92,2058.02,2056.88,2057.65,130
1779891180,2058.46,2058.46,2058.08,2058.43,44
1779891240,2057.39,2057.61,2056.06,2057.61,118
1779891300,2057.1,2058.67,2057.1,2057.16,172
1779891420,2058.35,2059.83,2058.35,2058.6,122
1779891480,2058.94,2059.71,2058.31,2059.71,120
1779891540,2061.02,2061.51,2060.91,2061.09,40
1779891660,2055.53,2057.17,2054.97,2056.02,196
1779891720,2055.68,2056.01,2055.38,2055.45,90
1779891780,2053.82,2053.82,2053.82,2053.82,2
1779891840,2053.99,2053.99,2051.2,2051.97,114
1779891900,2051.74,2054.19,2051.52,2052.45,176
1779891960,2052.44,2053.46,2052.02,2052.82,114
1779892020,2052.4,2053.07,2050.26,2052.09,162
1779892080,2050.15,2052.35,2050.07,2051.52,212
1779892140,2051.41,2052.51,2050.25,2052.27,202
1779892260,2055.05,2056.74,2054.58,2056.64,160
1779892320,2058.31,2058.31,2053.35,2053.35,170
1779892380,2052.56,2055.44,2049.68,2051.74,220
1779892440,2051.24,2056.26,2050.91,2055.67,204
1779892560,2054.81,2056.46,2054.57,2056.25,118
1779892620,2055.22,2055.22,2053.12,2054.48,118
1779892680,2054.73,2056.85,2054.73,2056.85,130
1779892740,2057.26,2057.26,2055.08,2055.72,140
1779892860,2055.63,2055.63,2054.06,2054.06,132
1779892920,2054.26,2054.26,2051.54,2052.18,144
1779892980,2052.17,2054.83,2051.47,2054.69,160
1779893040,2054.67,2055.28,2054.16,2055.25,124
1779893100,2055.28,2056.43,2054.74,2056.43,162
1779893160,2056.44,2059.22,2056.41,2057.76,196
1779893220,2057.84,2058.39,2057.13,2057.79,184
1779893280,2057.8,2057.86,2054.85,2055.33,154
1779893340,2055.35,2055.85,2055.07,2055.07,158
1779893460,2056.81,2057.19,2056.29,2057.09,86
1779893520,2055.92,2057.83,2055.92,2057.81,116
1779893580,2057.7,2058.16,2057.3,2057.3,102
1779893640,2058.55,2059.3,2057.65,2059.17,138
1779893700,2058.97,2059.08,2057.76,2057.83,138
1779893820,2056.38,2057.41,2056.34,2057.37,100
1779893880,2057.47,2057.47,2056.74,2057.28,92
1779893940,2057.59,2058.56,2057.57,2057.81,82
1779894000,2057.59,2057.61,2056.18,2057.24,162
1779894060,2057.23,2059.44,2057.21,2058.22,192
1779894180,2058.35,2059.39,2058.35,2059.39,96
1779894240,2061.19,2062,2058.62,2059.22,138
1779894360,2058.83,2060.65,2058.83,2060.4,106
1779894420,2060,2060.54,2059.87,2060.43,104
1779894480,2060.64,2060.64,2059.21,2059.21,98
1779894540,2059.36,2060.87,2059.16,2060.51,122
1779894600,2060.5,2062.53,2060.1,2062.23,172
1779894660,2062.26,2063.88,2062.1,2063.39,102
1779894720,2061.61,2062.43,2061.61,2062.38,90
1779894780,2062.06,2062.1,2061.82,2061.85,26
1779894840,2061.65,2061.88,2061.52,2061.88,34
1779894960,2061.74,2063.7,2061.61,2063.7,118
1779895080,2064.41,2064.67,2064.39,2064.67,12
1779895140,2066.28,2066.64,2064.76,2064.83,118
1779895200,2065.01,2070.08,2064.76,2068.81,200
1779895260,2069.25,2071.51,2068.29,2068.29,164
1779895320,2066.63,2068.34,2065.69,2065.83,172
1779895380,2065.4,2065.72,2064.79,2065.45,134
1779895440,2065.43,2069.18,2065.43,2069.18,128
1779895560,2067.95,2068.43,2066.98,2068.43,110
1779895620,2068.26,2068.35,2066.66,2066.79,120
1779895680,2066.51,2068.31,2066.47,2067.26,114
1779895740,2067.14,2068.21,2067.14,2068.21,108
1779895800,2068.19,2072.42,2067.9,2072.11,202
1779895920,2072.08,2072.47,2070.39,2070.56,116
1779895980,2070.81,2072.44,2070.37,2071.52,118
1779896040,2070.78,2070.78,2069.19,2069.69,114
1779896160,2070.76,2072.99,2070.76,2072.73,142
1779896280,2072.34,2073.04,2071.88,2071.88,104
1779896340,2070.78,2071.02,2069.8,2070.14,106
1779896400,2069.92,2071.04,2069.86,2070.57,164
1779896460,2070.59,2070.61,2069.93,2069.93,60
1779896520,2069.76,2070.06,2066.63,2066.75,176
1779896640,2065.89,2066.07,2065.89,2066.07,8
1779896760,2067.46,2067.59,2066.81,2067.29,110
1779896820,2067.81,2068.23,2067.09,2068.02,108
1779896880,2068.16,2068.16,2067.17,2067.75,92
1779896940,2068.57,2070.73,2068.21,2070.66,148
1779897000,2069.72,2071.39,2069.67,2070.49,172
1779897120,2066.25,2066.9,2065.25,2066.9,102
1779897180,2066.94,2067.34,2066.94,2067.34,18
1779897240,2066.81,2066.87,2066.26,2066.26,26
1779897360,2063.9,2064.64,2063.81,2064.48,96
1779897420,2064.91,2065.54,2064.91,2065.22,40
1779897480,2065.1,2065.49,2065.02,2065.49,52
1779897540,2066.23,2066.73,2066.23,2066.68,50
1779897600,2066.54,2067.85,2065.66,2067.85,154
1779897720,2067.61,2067.82,2067.35,2067.38,96
1779897780,2068.15,2068.63,2065.25,2065.59,98
1779897840,2064.31,2064.92,2063.52,2064.19,188
1779898020,2064.21,2065.34,2064.2,2065.34,84
1779898080,2064.33,2064.89,2062.67,2064.89,104
1779898140,2065.64,2066.05,2065.64,2066.05,30
1779898200,2065.76,2066.69,2065.76,2066.62,110
1779898320,2066.57,2066.57,2066.43,2066.43,8
1779898380,2067.14,2067.64,2066.88,2067.03,54
1779898440,2066.73,2066.73,2066.22,2066.22,18
1779898560,2065.3,2065.3,2060.69,2060.69,128
1779898620,2060.23,2060.68,2058.71,2058.74,174
1779898680,2059.21,2059.77,2058.73,2059.1,82
1779898860,2057.42,2059.14,2057.42,2059.13,108
1779898920,2058.83,2059.33,2058.72,2058.86,78
1779898980,2057.89,2058.57,2057.89,2058.55,34
1779899040,2058.99,2059.68,2058.94,2059.23,96
1779899100,2059.24,2060.15,2058.84,2059.33,142
1779899220,2061.87,2061.9,2061.86,2061.89,12
1779899280,2060.42,2060.99,2060.42,2060.63,70
1779899340,2060.63,2060.83,2060.45,2060.82,34
1779899460,2059.47,2060.17,2057.94,2060.17,150
1779899580,2061.95,2061.95,2061.95,2061.95,2
1779899640,2060.68,2060.68,2058.49,2058.49,78
1779899700,2058.71,2058.93,2055.1,2055.51,166
1779899760,2055.45,2056.76,2055.2,2056.3,122
1779899820,2056.18,2057.74,2056.18,2057.18,124
1779899880,2057.15,2058.31,2056.93,2058.31,62
1779899940,2057.93,2058.22,2057.92,2058.12,50
1779900060,2059.11,2060.82,2059.08,2060.58,94
1779900120,2060.7,2060.79,2060.54,2060.79,26
1779900180,2061.6,2062.04,2061.33,2062.04,104
1779900240,2061.59,2061.59,2061.03,2061.03,42
1779900300,2060.61,2061,2059.88,2060.8,96
1779900420,2061.33,2061.9,2060.77,2061,64
1779900480,2060.97,2060.97,2060.86,2060.89,12
1779900540,2060.94,2062.36,2060.94,2061.8,60
1779900660,2063.78,2064.43,2063.78,2064.32,48
1779900720,2065.62,2066.21,2064.79,2064.84,132
1779900780,2064.8,2064.8,2063.9,2064.25,70
1779900960,2065.62,2065.74,2065.61,2065.74,10
1779901020,2064.47,2065.95,2064.47,2065.83,68
1779901080,2065.64,2065.84,2064.91,2064.95,76
1779901140,2065.15,2065.37,2065.15,2065.22,64
1779901200,2065.22,2065.38,2064.16,2064.38,134
1779901260,2064.43,2064.59,2059.85,2059.85,152
1779901380,2062.63,2064.48,2062.38,2063.71,150
1779901440,2063.79,2064.54,2063.36,2063.67,138
1779901500,2063.36,2063.36,2062.4,2062.83,124
1779901620,2061.01,2061.01,2059.38,2059.46,110
1779901680,2058.55,2059.08,2057.45,2057.63,102
1779901740,2057.74,2057.82,2055.34,2055.34,108
1779901860,2057.2,2057.49,2056.86,2057.48,52
1779901920,2053.55,2054.06,2051.26,2051.34,204
1779902040,2051.6,2051.6,2051.56,2051.56,4
1779902100,2051.68,2052.35,2049.1,2050.03,198
1779902160,2050.02,2051.62,2049.67,2051.25,154
1779902220,2050.53,2051.04,2049.44,2049.55,44
1779902280,2051.19,2051.8,2051.01,2051.56,122
1779902340,2052.23,2052.84,2051.14,2051.7,122
1779902460,2053.15,2055.63,2053.15,2055.02,122
1779902520,2056.31,2057.07,2055.81,2055.94,100
1779902580,2055.88,2055.99,2055.85,2055.98,12
1779902640,2055.32,2055.94,2055.32,2055.63,60
1779902700,2055.49,2055.58,2054.57,2055.1,98
1779902760,2055.09,2055.09,2053.27,2053.27,128
1779902820,2052.78,2052.9,2050.86,2052.12,182
1779902940,2053.45,2053.57,2053.23,2053.55,12
1779903060,2052.68,2054.34,2052.68,2053.76,112
1779903120,2052.87,2053,2051.85,2051.85,92
1779903180,2051.66,2053.42,2051.59,2053.26,122
1779903240,2053.43,2053.43,2053.03,2053.37,56
1779903360,2051.59,2051.94,2050.76,2051.76,82
1779903420,2051.95,2053.01,2051.94,2052.95,88
1779903480,2053.12,2053.52,2052.15,2053.52,104
1779903540,2054.55,2054.81,2053.75,2053.79,96
1779903600,2053.63,2054.12,2051.53,2051.89,150
1779903660,2051.88,2052.35,2050.69,2051.43,154
1779903720,2051.43,2051.58,2050.58,2050.58,74
1779903780,2048.14,2048.16,2047.95,2048.16,10
1779903840,2050.67,2050.67,2050.67,2050.67,2
1779903960,2050.65,2052.24,2049.49,2051.85,140
1779904020,2051.96,2052.21,2051.78,2052.17,54
1779904080,2051.2,2051.45,2050.96,2051.27,34
1779904140,2052.03,2052.79,2051.86,2052.44,120
1779904200,2052.46,2052.52,2051.62,2052.38,88
1779904260,2052.42,2052.47,2051.36,2051.65,74
1779904320,2052.98,2052.98,2052.76,2052.76,10
1779904380,2052.04,2052.12,2051.13,2051.13,78
1779904440,2050.75,2051.02,2050.61,2050.67,46
1779904620,2044.25,2045.28,2044.25,2045.28,10
1779904680,2044.36,2047.45,2044.36,2047.11,140
1779904740,2048.62,2048.75,2046.45,2047.63,118
1779904800,2047.09,2047.13,2043.67,2045.97,214
1779904920,2047.16,2049,2046.83,2047.07,174
1779904980,2047.05,2047.12,2046.69,2047,54
1779905040,2047.58,2047.58,2045.51,2045.87,82
1779905160,2045.58,2046.41,2045.06,2046.28,122
1779905220,2045.69,2045.73,2045.03,2045.7,46
1779905280,2045.53,2048.33,2045.53,2048.02,146
1779905340,2047.78,2047.84,2043.6,2043.75,154
1779905400,2043.6,2045.65,2043.6,2045,142
1779905460,2044.95,2044.98,2043.52,2044.43,98
1779905520,2043.44,2043.48,2041.5,2042.46,144
1779905580,2042.77,2042.77,2038.18,2040.44,186
1779905640,2038.89,2041.56,2038.15,2040.6,160
1779905760,2041.4,2044.77,2041.01,2042.99,162
1779905880,2045.25,2045.58,2044.66,2045.47,92
1779905940,2045.11,2045.15,2044.21,2044.21,24
1779906000,2044.61,2044.7,2042.76,2042.76,146
1779906060,2042.73,2044.08,2041.78,2043.95,122
1779906120,2043.92,2046.72,2043.14,2046.72,154
1779906240,2045.61,2045.61,2045.59,2045.59,4
1779906360,2047.05,2047.78,2046.96,2047.08,82
1779906420,2047,2047.48,2047,2047.35,28
1779906480,2046.67,2046.67,2044.85,2045.62,102
1779906540,2045.69,2047.35,2045.69,2047.27,114
1779906600,2047.26,2047.47,2046.6,2046.79,108
1779906660,2046.83,2047.3,2046,2046.03,88
1779906720,2046.44,2047.15,2045.93,2046.42,102
1779906780,2046.37,2047.11,2046.02,2046.75,90
1779906840,2046.14,2046.82,2045.53,2046.82,136
1779906960,2046.82,2046.82,2046.56,2046.56,6
1779907020,2045.52,2045.83,2044.92,2045.71,102
1779907080,2045.22,2046.14,2045.22,2046.14,28
1779907140,2047.64,2048.51,2046.99,2047,86
1779907200,2047.16,2047.82,2047.16,2047.65,68
1779907320,2048.52,2048.7,2048.52,2048.7,6
1779907380,2050.25,2050.3,2049.43,2049.47,74
1779907440,2049.26,2049.3,2049.2,2049.3,12
1779907560,2050.06,2050.14,2048.6,2048.92,104
1779907620,2048.59,2048.95,2048.57,2048.95,42
1779907680,2049.25,2049.33,2049.08,2049.3,40
1779907860,2049.65,2050.03,2048.49,2050.03,96
1779907920,2050.52,2050.59,2050.31,2050.34,20
1779907980,2050.67,2051.44,2049.26,2049.26,138
1779908040,2049.71,2050.21,2049.71,2050.21,30
1779908160,2051.34,2051.59,2051.06,2051.31,74
1779908220,2051.05,2051.19,2051.05,2051.18,12
1779908280,2050.43,2051.71,2050.43,2051.55,84
1779908340,2051.35,2051.35,2051.28,2051.32,16
1779908400,2051.35,2051.84,2050.51,2050.69,136
1779908580,2051.96,2052.59,2051.83,2052.36,78
1779908640,2051.72,2052.01,2051.71,2051.74,18
1779908700,2052.63,2053.16,2052.2,2052.71,116
1779908760,2052.7,2052.7,2052.29,2052.31,76
1779908820,2051.74,2051.74,2050.66,2050.66,108
1779908940,2049.67,2049.67,2049.6,2049.65,6
1779909060,2049.54,2049.78,2049.38,2049.67,56
1779909120,2049.64,2050.07,2049.63,2050.07,60
1779909180,2051.08,2053.05,2051.07,2052.21,90
1779909240,2052.09,2052.7,2051.7,2052.7,68
1779909300,2052.69,2053.31,2051.73,2052.9,122
1779909420,2051.84,2051.85,2051.5,2051.5,34
1779909480,2051.5,2051.63,2051.5,2051.63,6
1779909540,2051.86,2051.88,2050.56,2050.56,74
1779909600,2050.53,2051.02,2050.53,2050.72,52
1779909660,2051.16,2051.26,2049.85,2049.87,76
1779909720,2050.39,2050.96,2050.36,2050.93,36
1779909840,2052.57,2052.68,2052.57,2052.68,6
1779909960,2052.89,2052.97,2052.75,2052.96,16
1779910020,2053.16,2053.49,2052.89,2052.92,26
1779910080,2052.96,2053.27,2052.96,2053.23,14
1779910140,2053.36,2053.36,2052.44,2052.7,40
1779910260,2053.24,2054.32,2053.02,2054.32,68
1779910320,2054.18,2054.56,2053.98,2054.36,48
1779910380,2055.1,2055.93,2054.19,2054.26,118
1779910440,2054.13,2054.19,2053.55,2053.98,66
1779910500,2053.99,2054.22,2053.49,2054.18,86
1779910620,2054.19,2054.36,2054.19,2054.36,4
1779910680,2055.36,2055.36,2054.19,2054.28,54
1779910740,2055.14,2055.35,2055.14,2055.32,18
1779910860,2054.44,2054.44,2053.59,2054.12,70
1779910980,2052.2,2052.21,2052.18,2052.21,6
1779911040,2052.18,2052.2,2050.7,2051.28,82
1779911100,2051.79,2052.14,2049.94,2050.41,88
1779911160,2050.42,2050.88,2050.21,2050.88,64
1779911220,2050.68,2052.15,2050.68,2051.16,90
1779911280,2051.08,2051.9,2051.07,2051.07,100
1779911340,2051.04,2051.04,2049.63,2049.65,98
1779911460,2050.27,2051.19,2050.27,2051.16,86
1779911520,2050.98,2050.99,2050.92,2050.99,16
1779911580,2051.84,2052.24,2051.83,2052.23,28
1779911640,2052.23,2052.41,2052.01,2052.21,36
1779911700,2052.32,2052.74,2052.25,2052.28,64
1779911760,2052.26,2052.47,2051.45,2052.33,84
1779911820,2052.34,2052.72,2052.34,2052.72,16
1779911880,2052.66,2052.79,2052.47,2052.79,14
1779911940,2053.2,2053.32,2053.1,2053.22,38
1779912120,2053.54,2054.36,2053.46,2053.67,126
1779912180,2053.97,2054,2053.73,2053.73,46
1779912240,2054.25,2054.5,2054.21,2054.21,12
1779912360,2053.76,2055.28,2053.76,2054.48,78
1779912420,2055.4,2055.4,2053.88,2054.52,128
1779912480,2054.48,2055.37,2054.38,2055.37,38
1779912540,2055.7,2056.12,2055.7,2056.11,30
1779912600,2057.24,2058.37,2056.21,2056.57,120
1779912660,2056.61,2056.96,2056.61,2056.77,44
1779912720,2056.85,2056.85,2056.31,2056.48,38
1779912780,2056.48,2056.48,2056.1,2056.15,22
1779912840,2057.6,2058.22,2057.46,2058.22,42
1779912900,2058.04,2059.85,2058.04,2058.18,112
1779912960,2058.14,2058.14,2056.52,2057.34,112
1779913020,2057.31,2058.11,2057.31,2057.72,64
1779913080,2057.47,2058.68,2057.3,2058.65,64
1779913140,2058.51,2058.51,2058.45,2058.45,20
1779913200,2058.97,2060.74,2058.94,2060.39,72
1779913260,2060.38,2060.4,2057.81,2057.9,106
1779913320,2057.82,2057.88,2057.82,2057.86,26
1779913380,2057.12,2057.12,2056.04,2056.27,54
1779913440,2056.3,2056.81,2055.83,2055.84,84
1779913560,2056.57,2056.6,2056.57,2056.6,8
1779913620,2056.65,2056.95,2056.62,2056.95,20
1779913680,2056.74,2056.74,2054.23,2054.44,78
1779913740,2054.55,2056.03,2054.55,2055.69,82
1779913800,2055.64,2055.9,2055.21,2055.9,54
1779913920,2056.22,2056.24,2053.89,2054.28,62
1779913980,2054.13,2054.13,2053.31,2053.66,74
1779914040,2053.75,2053.91,2053.36,2053.59,50
1779914160,2053.76,2054.83,2053.74,2054.83,24
1779914220,2055.07,2055.62,2055.07,2055.39,40
1779914280,2055.59,2055.59,2055.59,2055.59,2
1779914340,2055.93,2056.17,2055.93,2056.17,12
1779914400,2055.08,2055.88,2054.7,2055.88,64
1779914460,2055.89,2055.96,2054.88,2055.49,50
1779914520,2055.62,2056.12,2055.62,2055.62,24
1779914580,2055.96,2056.08,2055.96,2056.08,10
1779914640,2056.25,2056.52,2056.24,2056.52,38
1779914760,2057.68,2057.92,2057.45,2057.49,52
1779914820,2057.78,2058.13,2057.69,2057.81,44
1779914880,2057.84,2058.49,2057.81,2058.49,34
1779914940,2058.35,2058.54,2058.33,2058.34,42
1779915060,2058.04,2058.09,2058.03,2058.09,6
1779915120,2058.05,2058.16,2058.05,2058.16,6
1779915180,2057.9,2057.91,2057.4,2057.84,34
1779915240,2057.06,2057.34,2057.06,2057.34,16
1779915360,2058.05,2058.8,2058.05,2058.8,42
1779915420,2058.81,2059.01,2058.75,2058.9,46
1779915480,2058.88,2059.07,2058.88,2059.05,28
1779915960,2054.49,2056.51,2054.49,2056.29,64
1779916020,2056.29,2056.29,2056.18,2056.19,6
1779916080,2055.23,2056.04,2055.23,2056.04,26
1779916140,2054.79,2055.09,2054.67,2055.09,26
1779916200,2054.81,2054.82,2054.81,2054.82,4
1779916260,2054.98,2055.14,2054.98,2055.12,12
1779916320,2054.96,2054.96,2054.56,2054.59,32
1779916380,2054.34,2054.85,2054.2,2054.85,18
1779916440,2055.8,2055.8,2053.55,2054.29,68
1779916560,2054.83,2055.01,2054.5,2054.92,56
1779916620,2055.29,2055.45,2054.93,2054.93,24
1779916680,2054.69,2054.69,2054.69,2054.69,2
1779916740,2054.05,2054.05,2053.98,2053.98,4
1779916800,2054.4,2054.7,2054.4,2054.7,20
1779916860,2054.82,2054.83,2054.82,2054.83,4
1779916920,2054.57,2054.88,2054.27,2054.28,52
1779916980,2054.25,2054.25,2054.1,2054.2,16
1779917040,2054.21,2054.23,2054.11,2054.23,12
1779917100,2054.32,2054.46,2054.18,2054.18,6
1779917160,2054.6,2054.6,2054.39,2054.39,8
1779917220,2054.56,2054.56,2053.89,2053.89,22
1779917280,2053.53,2053.53,2052.08,2052.58,42
1779917340,2051.68,2051.76,2051.6,2051.6,26
1779917400,2051.14,2051.14,2049.68,2050.55,108
1779917460,2050.54,2051.23,2050.54,2051.16,76
1779917520,2051.18,2051.18,2050.93,2050.93,14
1779917580,2050.19,2050.21,2049.73,2049.73,14
1779917640,2048.85,2048.85,2048.63,2048.78,28
1779917700,2045.69,2047.18,2044.88,2045.08,118
1779917760,2045.23,2045.23,2045.06,2045.19,32
1779917820,2045.19,2045.55,2045.19,2045.55,4
1779917880,2046.01,2046.03,2046.01,2046.01,8
1779917940,2046.88,2046.89,2046.81,2046.89,18
1779918000,2045.05,2045.05,2022.99,2025.83,182
1779918060,2032.59,2033.86,2030.77,2032.93,104
1779918120,2036.04,2036.25,2033.39,2036.09,104
1779918180,2035.62,2035.65,2032.92,2033.32,116
1779918240,2031.69,2031.69,2030.93,2030.93,22
1779918300,2027.83,2029.66,2023.21,2028.39,286
1779918360,2028.27,2028.27,2022.88,2024.96,210
1779918420,2021.81,2021.81,2014.52,2017.46,96
1779918480,2020.86,2021,2017.84,2020.86,106
1779918540,2021.67,2023.2,2020.38,2021.61,122
1779918660,2020.26,2021.08,2018.93,2019.9,152
1779918720,2019.49,2019.55,2018.3,2018.3,40
1779918780,2018.28,2018.28,2013.77,2014.4,60
1779918840,2017.09,2017.12,2014.82,2015.17,74
1779918900,2015.23,2016.68,2014.11,2016.27,174
1779918960,2015.89,2016.72,2011.18,2016.46,82
1779919020,2013.31,2015.46,2013.15,2014.75,114
1779919080,2014.73,2016.06,2014.73,2016.06,20
1779919140,2014.6,2015.54,2014.59,2015.54,38
1779919200,2016.58,2016.93,2011.48,2013.24,252
1779919260,2013.54,2024.07,2013.26,2024.07,232
1779919320,2024.14,2024.68,2020.88,2021,196
1779919440,2025.8,2026.54,2025.8,2026.07,8
1779919500,2027.07,2028.88,2026.6,2028.37,196
1779919560,2028.35,2030.58,2027.73,2027.99,166
1779919620,2028.25,2028.35,2025.62,2026.04,140
1779919680,2026.01,2026.55,2022.67,2023.21,186
1779919740,2023.94,2024.79,2022.51,2023.55,136
1779919860,2021.39,2021.39,2018.16,2019.41,160
1779919920,2019.25,2020.11,2018.89,2019.76,138
1779919980,2019.59,2020.74,2018.91,2019.06,172
1779920040,2017.16,2019.46,2016.44,2019.36,96
1779920100,2020.54,2020.64,2015.5,2017.51,264
1779920220,2022.28,2022.33,2019.78,2019.83,130
1779920280,2021,2022.33,2020.03,2022.33,150
1779920340,2022.34,2022.45,2021.13,2021.72,144
1779920460,2021.01,2022.75,2021.01,2022.33,164
1779920580,2021.26,2021.72,2021.26,2021.68,14
1779920640,2020.27,2020.35,2019.27,2019.86,28
1779920760,2021.79,2024.2,2021.79,2023.88,140
1779920820,2024.11,2025.96,2023.99,2024.88,112
1779920880,2024.89,2026.22,2024.89,2025.72,86
1779920940,2025.81,2025.81,2025.43,2025.43,10
1779921000,2024.47,2024.65,2021,2021.92,184
1779921060,2022.1,2023.11,2022.1,2022.74,122
1779921120,2022.73,2023.26,2022.39,2022.84,46
1779921180,2025.86,2026.57,2023.81,2024.25,156
1779921240,2024.2,2025.67,2024.18,2025.33,118
1779921360,2026.24,2026.24,2025.53,2025.53,20
1779921420,2025.37,2025.37,2024.49,2024.49,28
1779921480,2026.02,2026.02,2024.54,2024.8,88
1779921540,2025.19,2026.42,2025.19,2026.4,90
1779921600,2026.51,2028.48,2026.51,2028.48,142
1779921720,2027.28,2027.32,2027.27,2027.32,8
1779921780,2028.42,2028.48,2028.22,2028.22,28
1779921840,2028,2028,2026.09,2026.45,106
1779921960,2026.56,2026.76,2025.05,2025.07,96
1779922080,2022.94,2023.48,2022.94,2023.48,14
1779922140,2023.42,2023.42,2022.55,2022.55,20
1779922200,2022.48,2022.68,2022.38,2022.39,104
1779922260,2023.14,2024.17,2023,2023.68,100
1779922320,2023.35,2024.61,2023.29,2024.2,92
1779922380,2024.23,2024.3,2023.88,2024.03,62
1779922440,2024.9,2024.9,2024.9,2024.9,2
1779922560,2021.64,2022.74,2021.59,2022.74,74
1779922620,2023.77,2024.1,2022.99,2023.9,84
1779922680,2023.21,2023.21,2021.31,2021.48,96
1779922740,2021.48,2021.48,2020.6,2020.89,98
1779922800,2020.94,2021.13,2018.67,2021.13,188
1779922860,2021.16,2021.5,2019.8,2020.16,150
1779922920,2020.18,2022.65,2020.18,2022.59,114
1779922980,2022.2,2022.21,2021.58,2022.03,94
1779923040,2022.15,2022.67,2021.89,2021.99,80
1779923220,2019.6,2019.63,2019.6,2019.63,4
1779923280,2020.48,2020.48,2020.21,2020.24,16
1779923340,2019.9,2020.29,2019.74,2020.27,28
1779923400,2020.09,2021.99,2019.23,2021.73,98
1779923460,2021.74,2021.74,2020.97,2021.34,62
1779923580,2021.81,2021.93,2021.81,2021.93,4
1779923640,2021.38,2021.42,2021.38,2021.42,10
1779923760,2024.39,2024.88,2022.58,2024.85,114
1779923820,2024.79,2025.82,2024.44,2025.47,132
1779923880,2025.1,2025.1,2023.83,2024.13,104
1779923940,2024.11,2024.26,2022.9,2023.83,82
1779924000,2023.84,2024.1,2023.08,2023.08,98
1779924060,2022.99,2022.99,2020.32,2020.47,90
1779924120,2021.02,2021.43,2021,2021.31,30
1779924180,2017.49,2018.98,2017.49,2017.98,124
1779924240,2018.05,2018.78,2016.99,2018.39,166
1779924360,2015.76,2016.3,2014.05,2015.32,118
1779924420,2015.51,2015.77,2013.58,2014.54,116
1779924480,2015.78,2015.82,2014.49,2014.7,104
1779924540,2015.22,2016.17,2014.47,2015.96,108
1779924600,2014.86,2016.27,2014.52,2014.98,148
1779924660,2014.99,2016.63,2014.92,2016.63,102
1779924780,2018.54,2018.54,2017.75,2017.75,4
1779924840,2017.22,2018.16,2017.11,2017.15,74
1779924960,2015.23,2016.58,2015.21,2016.27,120
1779925020,2016.43,2016.57,2016.05,2016.26,88
1779925140,2015.63,2015.85,2015.63,2015.85,6
1779925260,2017.41,2017.62,2017.12,2017.62,24
1779925320,2017.56,2017.61,2015.58,2016.03,114
1779925380,2016.13,2017.43,2015.99,2017.32,102
1779925440,2017.34,2018.65,2017.34,2018.24,98
1779925500,2018.25,2019.56,2017.34,2019.49,138
1779925560,2019.48,2020.7,2019.29,2020.34,96
1779925620,2020.29,2020.66,2020.27,2020.66,34
1779925680,2020.42,2020.93,2020.42,2020.92,54
1779925740,2021.02,2021.18,2020.8,2021.18,38
1779925860,2020.31,2020.31,2019.89,2019.89,16
1779925920,2017.54,2018.01,2015.99,2016.41,112
1779925980,2016.82,2017.19,2016.79,2017.19,42
1779926040,2018.27,2019.24,2018.15,2019.12,84
1779926100,2019.08,2020.3,2019.08,2020.03,72
1779926160,2020.02,2020.3,2020.02,2020.29,30
1779926220,2020.22,2020.73,2020.1,2020.73,52
1779926280,2021.27,2021.41,2020.48,2020.48,52
1779926340,2020.24,2021.27,2020.24,2020.51,58
1779926400,2020.26,2021.56,2019.06,2021.56,148
1779926460,2021.6,2022.2,2019.89,2020.71,162
1779926580,2021.23,2021.82,2020.78,2021.82,80
1779926640,2020.66,2021,2020.66,2020.66,22
1779926700,2020.47,2021.71,2020.45,2021.71,96
1779926760,2021.48,2021.55,2019.91,2020.2,114
1779926820,2020.23,2020.23,2018.51,2018.51,80
1779926880,2019.39,2021.22,2019.39,2020.8,88
1779926940,2020.49,2021.13,2019.97,2020.31,86
1779927060,2017.66,2018.72,2017.28,2017.43,96
1779927120,2017.75,2017.87,2017.62,2017.83,26
1779927180,2017.2,2017.66,2016.98,2017.11,100
1779927240,2018.12,2018.78,2017.46,2017.46,98
1779927300,2017.19,2019.14,2016.97,2019.14,140
1779927420,2020.11,2021.19,2020.11,2021.06,84
1779927480,2022.02,2022.93,2021.93,2022.61,106
1779927540,2023.19,2023.19,2022.9,2022.95,14
1779927660,2021.91,2022.14,2021.91,2022.13,30
1779927720,2022.2,2022.34,2021.41,2021.98,98
1779927780,2021.7,2021.82,2020.96,2021.14,78
1779927840,2021.11,2021.11,2020.6,2021,64
1779927900,2019.75,2019.99,2016.11,2016.55,170
1779927960,2016.56,2018.13,2016.54,2018.13,102
1779928020,2018.49,2018.54,2017.91,2017.94,92
1779928080,2018.11,2018.33,2016.91,2018.23,68
1779928140,2018.63,2020.14,2018.63,2020.04,70
1779928320,2020.31,2020.52,2020.18,2020.51,52
1779928380,2021.49,2021.49,2020.58,2021.26,88
1779928440,2021.11,2023.2,2021.11,2023.14,92
1779928500,2022.65,2023.01,2022.36,2022.86,108
1779928560,2022.85,2022.85,2021.98,2021.98,92
1779928620,2021.77,2023.03,2021.33,2022.49,126
1779928680,2022.03,2022.03,2021.34,2021.98,58
1779928740,2021.99,2022.64,2020.82,2020.96,82
1779928860,2020.79,2021.36,2020.76,2020.83,80
1779928920,2021.51,2022.17,2021.33,2021.96,66
1779928980,2022.21,2022.21,2021.91,2022.11,24
1779929040,2022.13,2023.35,2022.12,2023.05,112
1779929100,2022.93,2023.12,2022.27,2023.02,116
1779929220,2022.96,2023.36,2021.86,2022.58,100
1779929280,2022.28,2022.95,2022.11,2022.12,72
1779929340,2022.16,2022.21,2022.02,2022.02,18
1779929520,2019.77,2021.23,2019.77,2020.57,78
1779929580,2020.88,2021.27,2020.67,2021.27,40
1779929640,2022.11,2022.97,2021.69,2022.77,104
1779929700,2022.52,2022.52,2020.46,2021.88,104
1779929760,2021.54,2021.54,2020.59,2021.39,118
1779929880,2022.02,2022.1,2022.02,2022.1,4
1779929940,2024.24,2024.25,2023.66,2023.99,88
1779930000,2023.58,2024.34,2023.24,2023.73,158
1779930060,2023.71,2024,2023.06,2023.45,124
1779930180,2024.19,2024.45,2023.06,2024.08,126
1779930240,2024.07,2024.32,2023.76,2023.85,56
1779930360,2021.73,2022,2021.71,2021.99,22
1779930420,2022.85,2023.26,2022.31,2022.93,98
1779930480,2022.65,2023.02,2022.61,2022.93,78
1779930540,2022.92,2022.99,2021.69,2022.35,74
1779930600,2022.33,2023.09,2022.13,2022.87,134
1779930660,2023.07,2023.07,2021.27,2021.45,80
1779930720,2022.52,2022.59,2022.41,2022.51,18
1779930780,2021.46,2021.51,2020.02,2020.28,94
1779930840,2020.97,2022.06,2020.97,2022.06,78
1779930900,2021.86,2022.1,2020.22,2020.78,138
1779930960,2020.83,2021.23,2019.22,2019.28,138
1779931020,2019.32,2019.32,2016.85,2017.57,104
1779931080,2012.38,2017.33,2011.95,2017.33,156
1779931140,2017.69,2018.8,2016.79,2018.01,154
1779931200,2017.24,2017.46,2016,2016.95,158
1779931260,2016.9,2016.91,2014.85,2015.02,154
1779931320,2015.23,2018.93,2015.23,2018.8,170
1779931380,2018.81,2022.04,2018.26,2022.04,106
1779931440,2021.87,2023.33,2021.04,2021.06,122
1779931560,2018.42,2018.65,2017.09,2017.09,112
1779931620,2016.78,2016.78,2014.67,2014.67,186
1779931680,2014.4,2014.4,2007.84,2011.68,252
1779931740,2011.69,2014.07,2011.69,2012.67,218
1779931800,2012.36,2014.87,2011.32,2014.56,226
1779931860,2014.39,2017.07,2014.39,2015.31,164
1779931920,2017.8,2018.04,2015.67,2015.69,140
1779931980,2016.37,2017.62,2015.44,2015.62,146
1779932040,2014.47,2015.92,2013.9,2014.65,144
1779932160,2013.62,2015.14,2013.62,2014.81,92
1779932220,2015.1,2015.1,2013.7,2014.76,106
1779932280,2015.74,2017.06,2015.03,2015.22,142
1779932340,2015.88,2015.88,2013.34,2013.48,144
1779932400,2013.99,2014.03,2012.18,2012.93,158
1779932520,2010.66,2012.28,2009.8,2012.27,132
1779932580,2013.33,2015.3,2013.07,2014.41,130
1779932640,2015.15,2015.34,2014.41,2014.83,104
1779932760,2018.73,2019.06,2016.17,2016.36,130
1779932820,2016.41,2016.75,2015.25,2015.92,144
1779932940,2016.14,2016.14,2016.12,2016.12,4
1779933000,2017.67,2017.67,2017.2,2017.27,114
1779933060,2017.46,2017.5,2016.77,2017.43,74
1779933120,2016.53,2016.53,2013.82,2014.79,144
1779933180,2015.58,2016.7,2015.58,2016.08,134
1779933240,2016.14,2016.15,2015.73,2016.01,54
1779933360,2014.72,2015.81,2014.72,2015.57,88
1779933420,2016.38,2016.83,2016.16,2016.75,80
1779933480,2016.25,2016.25,2015.73,2015.88,20
1779933540,2016.16,2016.52,2015.31,2015.53,84
1779933600,2015.77,2017.34,2015.77,2016.24,134
1779933780,2014.49,2014.49,2012.07,2012.31,104
1779933840,2012.58,2014.12,2012.58,2012.67,102
1779933960,2012.79,2014.95,2012.28,2014.95,122
1779934020,2014.88,2016.68,2014.52,2014.78,156
1779934140,2014.89,2014.92,2014.86,2014.92,10
1779934260,2015.27,2015.72,2014.91,2015.28,92
1779934320,2014.85,2015.05,2014.72,2015.04,32
1779934380,2015.96,2015.96,2015.48,2015.74,32
1779934440,2015.9,2017.07,2015.24,2016.43,100
1779934500,2016.32,2017.23,2016.14,2016.15,120
1779934560,2016.19,2017.06,2016.14,2016.68,78
1779934620,2016.34,2016.43,2014.99,2015.46,80
1779934680,2014.66,2014.66,2014.5,2014.59,18
1779934740,2015.28,2015.56,2013.97,2013.97,102
1779934860,2012.1,2013.33,2011.66,2011.66,116
1779934980,2011.72,2011.72,2011.72,2011.72,2
1779935040,2013.48,2013.48,2012.92,2013.1,84
1779935100,2013.19,2014.44,2013.19,2013.92,112
1779935160,2013.9,2013.9,2012.26,2012.32,86
1779935220,2012.29,2012.97,2011.39,2011.54,118
1779935280,2011.57,2012.65,2011.45,2012.34,94
1779935340,2012.37,2013.23,2012.37,2013.22,66
1779935460,2013.24,2013.24,2011.43,2012.12,110
1779935520,2012.81,2013.27,2011.89,2013.13,106
1779935580,2012.07,2012.98,2011.52,2012.55,116
1779935640,2013.07,2014.12,2012.78,2012.97,106
1779935700,2012.78,2012.9,2010.19,2011.53,122
1779935760,2011.48,2013.1,2011.04,2012.78,108
1779935820,2012.11,2012.75,2011.82,2012.24,96
1779935880,2012.23,2012.33,2011.2,2011.63,78
1779935940,2011.72,2013.89,2011.72,2013.89,108
1779936060,2015.12,2015.39,2014.07,2014.11,132
1779936180,2013.28,2013.73,2013.28,2013.73,8
1779936240,2013.19,2013.64,2013.07,2013.16,70
1779936300,2013.29,2013.35,2012.13,2013.09,130
1779936360,2012.76,2013.84,2012.76,2013.81,96
1779936420,2013.77,2013.77,2012.83,2013,94
1779936480,2013.37,2014.46,2013.12,2014.33,108
1779936540,2014.38,2015.79,2013.92,2015.79,106
1779936660,2014.77,2014.77,2013.93,2014.18,52
1779936720,2014.78,2014.78,2013.02,2013.02,62
1779936780,2013.57,2014.8,2013.49,2014.78,74
1779936840,2015.18,2015.52,2014.66,2014.78,92
1779936900,2014.76,2015.28,2014.76,2014.89,96
1779937020,2014.72,2014.73,2014.72,2014.73,4
1779937080,2013.73,2013.84,2013.68,2013.84,12
1779937140,2012.96,2013.25,2012.25,2012.73,68
1779937200,2012.86,2013.23,2011.84,2011.97,112
1779937260,2011.96,2011.96,2010.15,2010.3,156
1779937380,2012.8,2014.28,2012.8,2014.26,74
1779937440,2013.76,2013.76,2012.7,2012.88,66
1779937560,2014.95,2014.98,2014.77,2014.86,42
1779937620,2014.54,2015.81,2014.23,2015.81,72
1779937740,2013.35,2013.87,2011.7,2011.7,90
1779937860,2011.22,2011.59,2010.36,2010.58,136
1779937920,2008.13,2009.88,2005.87,2009.14,208
1779937980,2008.32,2009.41,2007.78,2008.7,142
1779938160,2007.45,2007.62,2003.75,2003.75,124
1779938220,2003.55,2004.48,2000.73,2001.59,176
1779938280,1999.65,1999.65,1966.13,1975.77,244
1779938340,1984.01,1985.64,1978.37,1983.59,260
1779938400,1983.2,1987.17,1982.49,1986.34,282
1779938520,1988.84,1991.31,1988.84,1991.31,150
1779938580,1990.53,1991.67,1987.8,1988.67,190
1779938640,1989.65,1991.81,1989.65,1990.89,198
1779938760,1989.21,1989.23,1987.93,1988.54,176
1779938880,1988.77,1988.77,1988.37,1988.37,4
1779938940,1985.87,1985.87,1984.21,1984.28,126
1779939000,1984.1,1984.1,1980.78,1983.85,262
1779939060,1983.8,1986.04,1983.8,1986.04,178
1779939120,1986.36,1988.61,1985.51,1987.06,182
1779939180,1987.67,1987.73,1986.12,1986.12,156
1779939240,1985.71,1985.99,1984.21,1984.89,194
1779939360,1981.75,1982.57,1978.81,1979.95,174
1779939420,1981.11,1982.73,1979.34,1982.73,174
1779939480,1981.83,1983.18,1980.33,1980.41,168
1779939540,1980.76,1981.62,1980.34,1981.49,174
1779939600,1982.2,1985.06,1982.2,1983.77,194
1779939720,1985.28,1985.28,1984.07,1984.4,86
1779939780,1983.83,1984,1983.51,1984,22
1779939840,1982.09,1983.13,1980.72,1981.22,158
1779939960,1984.24,1984.39,1983.09,1983.31,160
1779940080,1982.14,1982.69,1982.14,1982.69,6
1779940140,1982.33,1983.2,1981.33,1981.4,114
1779940200,1980.39,1980.55,1979.52,1980.31,186
1779940260,1980.45,1981.58,1979.75,1980.27,120
1779940320,1979.98,1980.35,1977.12,1980.32,192
1779940380,1979.33,1981.02,1975.14,1977.84,206
1779940440,1977.03,1977.56,1975.74,1976.16,110
1779940560,1976.47,1976.47,1973.72,1975.84,140
1779940620,1973.95,1976.36,1973.58,1975.81,154
1779940680,1975.29,1978.47,1973.06,1978.28,190
1779940740,1977.77,1978.5,1977.03,1977.04,180
1779940800,1977.08,1977.73,1975.06,1976.98,238
1779940860,1977.16,1978.23,1975.5,1976.53,232
1779940920,1976.42,1976.85,1962.57,1964.55,280
1779940980,1965.82,1973.69,1965.82,1973.37,216
1779941040,1970.72,1975.4,1969.29,1975.03,212
1779941160,1973.26,1976.74,1973.19,1976.17,210
1779941280,1977.84,1977.84,1977.61,1977.61,8
1779941340,1979.69,1979.69,1979.28,1979.29,12
1779941460,1979.91,1980.08,1977.46,1977.69,158
1779941520,1977.69,1977.69,1975.04,1975.14,144
1779941580,1974.88,1975.37,1974.05,1974.06,168
1779941640,1974.05,1974.69,1973.56,1974.65,162
1779941820,1973.85,1974.45,1973.69,1974.17,104
1779941880,1974.67,1974.67,1970.56,1970.56,110
1779941940,1970.89,1973.23,1970.31,1973.17,166
1779942060,1973.09,1973.43,1969.91,1970.64,206
1779942180,1970.01,1970.01,1969.69,1970,14
1779942240,1970.35,1971.39,1970.3,1970.41,120
1779942300,1971.07,1971.35,1970.12,1971.34,156
1779942360,1971.33,1973.31,1969.95,1972.27,162
1779942420,1971.75,1974.42,1971.75,1973.54,158
1779942540,1974.62,1976.04,1974.62,1975.83,92
1779942660,1975.33,1977.05,1975.33,1975.92,122
1779942720,1977.19,1978.54,1977.19,1978.49,124
1779942780,1978.25,1978.52,1977.86,1978.23,100
1779942840,1978.26,1979.15,1978.26,1979.15,60
1779942900,1978.77,1980.19,1978.55,1980.19,110
1779942960,1980.24,1980.89,1979.92,1980.23,80
1779943020,1978.78,1978.84,1978.67,1978.83,14
1779943080,1974.97,1977.08,1974.91,1977.06,92
1779943140,1976.83,1977.42,1976.47,1976.47,88
1779943260,1977.86,1978.28,1977.59,1978.15,114
1779943320,1978.22,1979.02,1977.13,1977.13,130
1779943440,1978,1978,1977.76,1977.86,16
1779943500,1977.95,1977.95,1975.35,1975.54,144
1779943560,1975.41,1976.25,1975.19,1976.1,136
1779943620,1975.94,1977.19,1975.94,1976.15,106
1779943680,1976.12,1976.13,1974.75,1975.11,108
1779943740,1975.19,1976.06,1975.18,1975.86,84
1779943860,1974.58,1975.48,1974.2,1975.43,82
1779943920,1975.71,1975.8,1975.64,1975.8,18
1779943980,1975.43,1976.15,1975.43,1976.15,72
1779944040,1976.2,1977.11,1976.11,1976.2,100
1779944100,1976.03,1977.44,1976.03,1977.44,128
1779944220,1976.47,1976.65,1976.47,1976.62,10
1779944280,1976.34,1977.27,1976.17,1976.84,104
1779944340,1976.56,1976.69,1976.54,1976.69,22
1779944400,1977.26,1977.29,1976.1,1976.59,150
1779944460,1976.57,1977.11,1976.17,1976.58,114
1779944580,1976.51,1976.91,1976.47,1976.64,58
1779944640,1977.79,1978.67,1976.98,1978.55,120
1779944700,1976.62,1976.62,1975.64,1975.64,116
1779944760,1975.68,1975.68,1974.22,1975.22,118
1779944820,1975.5,1976.63,1975.33,1975.87,94
1779944880,1975.8,1976.03,1974.6,1976.03,144
1779944940,1976,1976.15,1974.58,1975.06,90
1779945060,1975.08,1975.15,1974.68,1974.87,66
1779945120,1974.39,1975.94,1974.39,1975.94,82
1779945180,1975.78,1976.41,1975.1,1975.1,104
1779945240,1974.9,1975.41,1974.9,1975.07,78
1779945300,1975.07,1975.72,1974.73,1974.73,90
1779945420,1974.79,1974.79,1973.57,1974.38,94
1779945480,1973.8,1973.8,1972.03,1972.03,94
1779945540,1972.17,1973.08,1971.35,1973.01,130
1779945720,1970.77,1970.89,1970.77,1970.89,8
1779945780,1973.27,1973.27,1972.1,1972.24,84
1779945840,1972.66,1974.31,1972.66,1974.18,88
1779945900,1974.17,1974.17,1972.86,1973.71,138
1779945960,1973.76,1974.32,1972.98,1973.03,114
1779946020,1973.04,1973.49,1972.01,1972.16,118
1779946080,1972.18,1972.72,1971.33,1971.33,132
1779946140,1971.29,1971.57,1970.88,1971.08,80
1779946200,1971.09,1973,1970.57,1972.98,132
1779946260,1972.99,1974.76,1972.99,1973.86,120
1779946320,1973.92,1973.92,1970.74,1972.95,158
1779946380,1972.93,1973.69,1971.09,1972.05,154
1779946440,1972.04,1974.48,1972.03,1974.01,144
1779946500,1973.66,1973.72,1972.62,1972.66,142
1779946560,1972.77,1973.91,1971.81,1973.88,154
1779946620,1973.93,1973.99,1972.62,1973.53,136
1779946680,1973.54,1974.65,1973.29,1973.67,98
1779946740,1973.68,1975.35,1973.68,1975.24,104
1779946800,1975.23,1975.88,1975.13,1975.23,118
1779946860,1975.25,1975.48,1974.81,1974.85,68
1779946920,1974.86,1975.66,1974.86,1975.19,82
1779946980,1975.18,1975.2,1974.51,1974.55,82
1779947040,1974.53,1975.26,1974.47,1975.19,82
1779947100,1975.2,1975.91,1975.08,1975.08,104
1779947160,1975.1,1975.1,1973.39,1973.68,88
1779947220,1973.67,1974.36,1973.25,1973.34,86
1779947280,1973.33,1973.35,1971.92,1971.99,98
1779947340,1971.98,1972.99,1970.74,1972.7,122
1779947400,1972.69,1973.56,1972.38,1973.54,90
1779947460,1973.55,1973.97,1973.53,1973.69,44
1779947520,1973.68,1973.9,1973.51,1973.53,38
1779947580,1973.52,1974.28,1973.22,1974.2,70
1779947640,1974.22,1974.79,1974.2,1974.57,68
1779947700,1974.61,1974.75,1973.77,1973.84,74
1779947760,1973.97,1974.54,1973.95,1973.95,52
1779947820,1973.93,1974.19,1973.49,1973.64,72
1779947880,1973.59,1973.59,1972.84,1973.06,52
1779947940,1973.05,1973.77,1973,1973.76,56
1779948000,1973.77,1973.77,1972.93,1972.93,78
1779948060,1972.86,1974.59,1972.86,1974.22,92
1779948180,1974.32,1974.37,1973.62,1974.35,68
1779948240,1974.34,1974.49,1974,1974.49,40
1779948300,1974.26,1974.26,1973.88,1973.96,32
1779948360,1974.34,1974.46,1972.84,1972.86,68
1779948420,1972.78,1973.52,1972.78,1973.45,40
1779948480,1974.52,1974.95,1973.23,1973.6,100
1779948540,1973.09,1973.83,1973.05,1973.25,56
1779948660,1973.9,1974.52,1973.9,1974.19,50
1779948720,1974.48,1975.26,1974.37,1974.96,68
1779948780,1974.09,1974.35,1973.99,1973.99,24
1779948840,1974.11,1974.21,1973.8,1973.84,48
1779948900,1974.36,1974.45,1973.92,1973.95,70
1779948960,1973.94,1975.16,1973.77,1974.89,92
1779949080,1974.94,1974.94,1974.93,1974.93,4
1779949140,1975.19,1975.46,1975.19,1975.46,12
1779949260,1975.52,1975.52,1975.09,1975.14,36
1779949320,1975.24,1976.01,1975.2,1975.4,80
1779949380,1975.08,1975.08,1972.51,1972.57,122
1779949560,1972.33,1972.44,1972.14,1972.24,56
1779949620,1972.11,1972.43,1971.11,1971.84,98
1779949680,1972.55,1972.94,1972.14,1972.61,70
1779949740,1973.34,1973.5,1973.31,1973.34,18
1779949800,1973.12,1973.45,1972.79,1973.45,126
1779949860,1973.44,1973.44,1972.2,1972.21,106
1779949920,1972.2,1972.53,1972.2,1972.47,58
1779949980,1972.63,1972.63,1971.51,1971.51,58
1779950040,1970.77,1971.68,1969.76,1971.68,118
1779950160,1970.17,1970.17,1967.71,1967.8,130
1779950220,1968.34,1970.25,1968.34,1970.17,146
1779950340,1971.35,1971.35,1971.19,1971.21,8
1779950400,1971.05,1971.25,1970.16,1970.49,94
1779950460,1970.48,1970.48,1969.03,1969.03,74
1779950520,1969.03,1969.75,1968.95,1968.95,90
1779950580,1969.18,1969.32,1969.02,1969.16,50
1779950640,1969.67,1969.78,1969.64,1969.73,38
1779950700,1971.51,1977.09,1971.51,1976.85,196
1779950760,1976.88,1977.04,1976,1976.73,138
1779950820,1976.71,1977.22,1976.36,1976.56,100
1779950880,1976.96,1978.96,1976.8,1978.58,132
1779950940,1978.54,1978.83,1978.46,1978.83,28
1779951000,1977.32,1977.45,1975.57,1975.72,120
1779951060,1975.66,1975.97,1975.6,1975.69,30
1779951120,1975.5,1977.26,1975.4,1977.25,78
1779951180,1977.03,1977.64,1976.96,1977.27,94
1779951240,1977.25,1977.25,1976.68,1976.84,62
1779951360,1978.08,1979.42,1977.78,1978.63,90
1779951420,1977.64,1977.64,1977.54,1977.56,14
1779951480,1978.32,1978.34,1977.81,1977.81,20
1779951540,1978.32,1979.86,1978.32,1979.34,94
1779951600,1979.24,1980.49,1979.24,1980.3,152
1779951780,1978.54,1979.01,1978.3,1978.46,66
1779951840,1978.46,1978.7,1978.45,1978.7,24
1779951960,1977.8,1979.32,1977.8,1979.3,92
1779952080,1979.79,1979.79,1979.79,1979.79,2
1779952140,1980.98,1981.32,1980.98,1981.32,14
1779952260,1980.45,1981.37,1980.45,1981.16,80
1779952320,1981.21,1981.21,1980.47,1980.47,60
1779952380,1980.5,1981.13,1980.5,1981.13,36
1779952440,1981.48,1981.93,1981.48,1981.82,42
1779952560,1982.62,1984.33,1982.55,1984.31,86
1779952620,1984.73,1984.89,1983.91,1984.72,114
1779952680,1984.28,1984.28,1983.27,1984.12,74
1779952740,1984.23,1984.23,1983.65,1983.92,76
1779952860,1985.55,1985.7,1985.25,1985.56,68
1779952920,1985.63,1985.63,1985.05,1985.13,16
1779952980,1986.12,1986.79,1985.94,1986.64,68
1779953040,1986.43,1986.43,1985.71,1986.04,60
1779953100,1985.99,1986.69,1985.75,1986.18,100
1779953160,1986.19,1986.2,1985.53,1985.53,44
1779953220,1984.99,1984.99,1984.7,1984.93,28
1779953280,1984.72,1984.74,1984.05,1984.09,70
1779953340,1984.1,1984.13,1983.69,1983.89,52
1779953400,1984.11,1985.29,1984.11,1985.12,98
1779953460,1985.14,1986.82,1985.14,1985.64,116
1779953520,1985.63,1986.82,1985.38,1986.74,104
1779953580,1986.73,1986.97,1986.34,1986.53,90
1779953640,1986.55,1987.84,1986.45,1987.83,104
1779953700,1987.84,1989.87,1987.8,1989.71,148
1779953760,1989.8,1990.01,1989.02,1989.66,142
1779953820,1989.65,1991.45,1989.4,1989.75,148
1779953880,1989.7,1990.33,1989.54,1990.2,104
1779953940,1990.18,1990.28,1988.86,1988.86,116
1779954000,1988.52,1989.11,1987.93,1988.8,116
1779954060,1988.75,1988.9,1988.39,1988.67,54
1779954120,1988.41,1988.8,1988.41,1988.8,16
1779954180,1989.38,1989.63,1989.32,1989.63,26
1779954240,1989.84,1990.56,1989.84,1990.23,50
1779954300,1990.12,1990.12,1988.47,1988.64,86
1779954360,1988.65,1989.46,1988.65,1989.44,88
1779954420,1989.45,1990.01,1989.45,1989.61,40
1779954480,1989.49,1989.49,1989.11,1989.11,14
1779954540,1989.52,1989.8,1989.22,1989.22,74
1779954600,1989.36,1989.55,1988.89,1988.89,68
1779954660,1988.92,1989,1988.45,1988.45,22
1779954720,1987.93,1987.93,1987.48,1987.57,40
1779954780,1987.95,1988.01,1987.67,1988.01,46
1779954840,1988.17,1988.2,1988.17,1988.2,4
1779954960,1989.42,1989.47,1988.97,1989.47,52
1779955020,1989.55,1990.05,1989.55,1990.05,22
1779955080,1990.37,1990.37,1988.61,1989.41,70
1779955140,1989.42,1990.22,1989.42,1990.13,74
1779955200,1990.15,1990.92,1987.89,1987.91,164
1779955380,1985.85,1985.85,1985.04,1985.4,62
1779955440,1985.33,1985.67,1985.33,1985.65,40
1779955500,1986.29,1986.32,1985.75,1985.98,100
1779955560,1986.25,1987.55,1986.25,1987.55,62
1779955680,1988.45,1988.45,1988.06,1988.06,10
1779955740,1986.55,1987.15,1986.55,1987.07,48
1779955800,1986.7,1986.7,1985.56,1985.69,74
1779955860,1985.23,1985.8,1985.23,1985.43,82
1779955920,1985.7,1987.19,1985.62,1987.18,90
1779955980,1986.97,1987.53,1986.77,1987.24,70
1779956040,1987.26,1987.55,1987.26,1987.54,28
1779956100,1987.84,1987.84,1986.93,1987.07,60
1779956160,1987.06,1987.06,1985.83,1985.83,60
1779956220,1985.7,1986.48,1985.7,1986.05,62
1779956280,1986.11,1986.59,1985.57,1985.57,74
1779956340,1985.59,1986.62,1985.59,1986.6,82
1779956400,1986.59,1986.63,1983.62,1983.62,98
1779956460,1983.61,1983.61,1982.33,1982.69,128
1779956520,1982.68,1983.52,1982.33,1983.51,82
1779956640,1984.12,1984.12,1984.11,1984.11,4
1779956760,1982.33,1982.61,1982.33,1982.61,16
1779956820,1982.61,1982.61,1982.6,1982.6,8
1779956880,1982.44,1982.44,1980.56,1980.67,74
1779956940,1981.01,1982.03,1981.01,1981.81,80
1779957000,1981.82,1982.25,1980.21,1980.22,104
1779957060,1980.23,1980.62,1979.84,1980.38,84
1779957120,1980.39,1982.16,1980.39,1981.98,136
1779957180,1981.89,1982.84,1981.69,1982.84,110
1779957240,1982.85,1984.02,1982.85,1983.61,126
1779957300,1983.62,1983.93,1983.44,1983.72,90
1779957360,1983.73,1984.39,1983.73,1984.1,102
1779957420,1984.08,1984.08,1983.13,1983.49,70
1779957480,1983.51,1985.01,1983.51,1985.01,108
1779957540,1985.08,1986.2,1984.81,1985.58,110
1779957600,1985.44,1985.51,1984.75,1984.99,130
1779957660,1984.98,1984.98,1983.76,1984.4,88
1779957720,1984.39,1984.54,1984.28,1984.28,36
1779957780,1984.37,1984.53,1983.68,1983.68,42
1779957840,1984.01,1984.34,1983.76,1984.34,34
1779957960,1985.17,1985.5,1985.13,1985.15,52
1779958020,1985.42,1985.95,1985.42,1985.95,34
1779958080,1986.36,1986.62,1985.58,1986.33,78
1779958140,1986.34,1986.46,1985.2,1985.21,106
1779958200,1985.23,1985.39,1985.03,1985.39,62
1779958260,1985.4,1985.69,1984.95,1984.98,58
1779958320,1984.99,1985.51,1984.77,1984.8,68
1779958380,1984.9,1984.9,1984.69,1984.69,26
1779958440,1984.71,1985.03,1984.71,1984.95,44
1779958500,1984.92,1985.05,1984.51,1984.52,50
1779958560,1984.53,1984.97,1984.04,1984.04,64
1779958680,1983.61,1983.61,1983.39,1983.39,6
1779958740,1983.55,1983.57,1983.52,1983.57,14
1779958800,1983.33,1985,1983.09,1984.44,122
1779958860,1984.46,1985.52,1983.99,1985.52,116
1779958920,1985.69,1985.74,1984.58,1985.01,110
1779959040,1985.82,1985.82,1985.26,1985.26,34
1779959160,1985.85,1985.85,1984.35,1985.03,82
1779959220,1984.87,1985.07,1983.76,1983.96,64
1779959280,1983.71,1983.8,1983.34,1983.34,44
1779959340,1982.05,1982.87,1981.96,1981.96,84
1779959460,1980.56,1981.47,1980.56,1980.94,60
1779959520,1981.72,1982.34,1981.33,1982.34,64
1779959580,1982.39,1982.61,1982.37,1982.61,22
1779959640,1982.1,1982.41,1982.1,1982.35,22
1779959820,1982.8,1983.79,1982.74,1983.54,44
1779959880,1983.54,1984.65,1983.54,1984.65,50
1779959940,1984.66,1984.92,1984.66,1984.92,12
1779960000,1985.21,1985.48,1984.66,1985.48,80
1779960060,1985.51,1986.36,1985.18,1986.2,110
1779960120,1985.71,1985.71,1985.26,1985.64,50
1779960180,1985.65,1986.34,1985.64,1985.96,84
1779960240,1985.95,1986.01,1985.76,1985.95,52
1779960360,1986.21,1986.21,1985.63,1985.98,54
1779960420,1986.24,1986.26,1985.46,1985.47,44
1779960480,1985.5,1986.33,1985.5,1986.06,62
1779960540,1986.06,1986.17,1985.55,1986.17,50
1779960840,1986.65,1986.65,1986.53,1986.53,8
1779960960,1987.26,1987.61,1987.17,1987.61,34
1779961020,1987.05,1987.05,1985.75,1986.64,78
1779961080,1986.72,1986.91,1986.34,1986.91,58
1779961140,1986.56,1986.56,1985.57,1985.62,84
1779961200,1985.73,1986.01,1985.73,1985.74,46
1779961260,1986.71,1987.97,1986.63,1987.96,64
1779961320,1988.24,1988.79,1987.94,1988.72,68
1779961380,1988.56,1988.56,1987.32,1988.13,94
1779961440,1988.05,1988.61,1988.05,1988.46,46
1779961500,1988.71,1988.85,1988.04,1988.36,82
1779961620,1988.3,1989.51,1988.3,1989.51,94
1779961680,1989.21,1990.31,1989.02,1990.1,78
1779961740,1990.16,1990.34,1989.97,1990.18,64
1779961860,1989.99,1989.99,1988.83,1989.62,58
1779961920,1989.02,1989.09,1989.02,1989.09,4
1779961980,1988.64,1989.61,1988.64,1989.13,68
1779962040,1989.73,1989.73,1989.67,1989.67,14
1779962100,1989.07,1990,1989.07,1989.97,76
1779962160,1989.96,1990.21,1989.54,1989.58,58
1779962220,1989.5,1989.6,1989.5,1989.58,14
1779962280,1989.46,1989.46,1988.61,1988.61,46
1779962340,1988.67,1988.9,1988.67,1988.9,4
1779962400,1989.03,1989.43,1988.75,1989.42,92
1779962460,1989.4,1989.57,1989.01,1989.53,64
1779962520,1989.52,1990.11,1989.32,1990.11,50
1779962580,1989.84,1990.76,1989.83,1990.53,70
1779962640,1990.54,1990.59,1990.52,1990.52,10
1779962700,1990.12,1990.74,1989.84,1990.56,80
1779962760,1990.57,1991.4,1990.57,1991.4,34
1779962820,1991.27,1991.27,1989.26,1989.76,60
1779962880,1989.99,1990.39,1989.99,1990.08,32
