time,open,high,low,close,volume
1779483360,1.48473,1.48473,1.48317,1.48318,75
1779656460,1.48661,1.48661,1.48603,1.48603,26
1779656520,1.48614,1.48659,1.48603,1.48604,34
1779656580,1.48605,1.48659,1.48603,1.48603,42
1779656640,1.48634,1.48659,1.48603,1.48603,46
1779656700,1.48589,1.48612,1.48548,1.48564,72
1779656760,1.48582,1.48633,1.4854,1.48577,80
1779656940,1.48635,1.48645,1.48635,1.48645,4
1779657000,1.48594,1.48616,1.48585,1.48601,72
1779657060,1.48598,1.48609,1.48553,1.48603,44
1779657120,1.486,1.486,1.486,1.486,2
1779657180,1.48599,1.48599,1.48591,1.48599,6
1779657240,1.48562,1.48613,1.48562,1.486,32
1779657300,1.48567,1.48592,1.48524,1.48536,50
1779657360,1.48539,1.48559,1.48517,1.48559,93
1779657480,1.48521,1.48564,1.48521,1.48564,32
1779657540,1.48541,1.4856,1.48541,1.48559,24
1779657600,1.48557,1.48565,1.48537,1.48546,66
1779657660,1.48547,1.48566,1.48546,1.48562,44
1779657720,1.48561,1.48571,1.48546,1.48571,94
1779657840,1.48627,1.48627,1.48626,1.48626,4
1779657960,1.48626,1.48626,1.48586,1.48604,70
1779658020,1.48601,1.48613,1.48563,1.48572,72
1779658080,1.48606,1.48632,1.48598,1.48623,48
1779658140,1.48624,1.4863,1.48623,1.48623,6
1779658200,1.48615,1.48631,1.48595,1.48597,64
1779658320,1.48561,1.4859,1.48534,1.48574,106
1779658380,1.48581,1.48581,1.48532,1.48533,31
1779658440,1.48529,1.48539,1.48529,1.48533,26
1779658620,1.48538,1.48547,1.48534,1.48545,8
1779658680,1.48545,1.48545,1.48544,1.48544,8
1779658740,1.48534,1.48534,1.48534,1.48534,2
1779658800,1.48536,1.48536,1.48531,1.48533,18
1779658860,1.4853,1.48544,1.4853,1.48532,58
1779658980,1.48534,1.48534,1.48534,1.48534,2
1779659040,1.48541,1.48542,1.48532,1.48535,23
1779659220,1.48532,1.48536,1.48513,1.48523,38
1779659280,1.48527,1.48535,1.48522,1.48535,40
1779659340,1.48528,1.48536,1.48527,1.48535,22
1779659400,1.48529,1.48552,1.48528,1.48552,38
1779659520,1.48559,1.48564,1.48557,1.48563,24
1779659580,1.48564,1.48564,1.48563,1.48563,4
1779659640,1.48558,1.48582,1.48548,1.48564,48
1779659760,1.48549,1.48565,1.48549,1.48559,30
1779659820,1.4856,1.48568,1.48554,1.48564,38
1779659880,1.48567,1.48567,1.48557,1.48561,16
1779659940,1.48554,1.48676,1.48554,1.48654,32
1779660000,1.48641,1.48705,1.4864,1.48705,58
1779660060,1.48714,1.48727,1.48638,1.48638,166
1779660120,1.48638,1.48723,1.48635,1.48721,148
1779660180,1.48725,1.48735,1.48676,1.48709,118
1779660240,1.48713,1.48713,1.48693,1.48696,53
1779660300,1.487,1.48705,1.48686,1.48698,120
1779660420,1.487,1.48706,1.48663,1.48669,69
1779660480,1.48659,1.48685,1.48658,1.48677,74
1779660540,1.48679,1.48721,1.48672,1.48719,79
1779660600,1.4872,1.48734,1.48719,1.4873,57
1779660660,1.48731,1.48733,1.48719,1.48724,43
1779660720,1.48724,1.48724,1.4871,1.48716,47
1779660780,1.48728,1.48741,1.48728,1.4874,45
1779660840,1.4874,1.48743,1.48733,1.4874,43
1779660900,1.48739,1.48744,1.48729,1.48729,87
1779660960,1.48725,1.48732,1.4872,1.48723,70
1779661020,1.48722,1.4873,1.48718,1.48724,74
1779661080,1.48723,1.48727,1.48723,1.48725,30
1779661140,1.48728,1.48732,1.48707,1.48708,44
1779661260,1.48749,1.48756,1.48696,1.48725,123
1779661380,1.48736,1.48741,1.4873,1.48737,48
1779661440,1.4874,1.48742,1.48727,1.48738,60
1779661500,1.4874,1.48747,1.48719,1.48734,97
1779661560,1.48732,1.48739,1.48721,1.48725,92
1779661620,1.48728,1.48752,1.48727,1.48739,120
1779661740,1.48745,1.48746,1.48745,1.48746,4
1779661800,1.48743,1.48758,1.48737,1.48756,105
1779661860,1.48756,1.48764,1.48746,1.48759,113
1779661980,1.48754,1.48762,1.48739,1.48739,82
1779662040,1.48738,1.48747,1.48736,1.48745,103
1779662100,1.48745,1.48748,1.48732,1.48733,88
1779662160,1.48733,1.48737,1.48718,1.48732,88
1779662220,1.48726,1.48735,1.48722,1.48734,56
1779662280,1.48733,1.48733,1.48725,1.48731,53
1779662340,1.48739,1.48743,1.48724,1.48724,66
1779662400,1.48727,1.48733,1.48721,1.48726,55
1779662460,1.48727,1.48744,1.48711,1.4874,91
1779662520,1.48742,1.48747,1.48739,1.48739,27
1779662580,1.48742,1.48747,1.48737,1.48742,64
1779662640,1.48748,1.48749,1.48736,1.48736,81
1779662700,1.48737,1.48745,1.48734,1.48744,43
1779662760,1.4874,1.48756,1.4874,1.48747,75
1779662820,1.48747,1.48751,1.48741,1.48745,60
1779662880,1.48746,1.48754,1.48742,1.48746,66
1779662940,1.48747,1.48749,1.48735,1.48743,48
1779663060,1.48729,1.48735,1.48726,1.48731,51
1779663120,1.48728,1.48741,1.48727,1.48734,47
1779663240,1.48725,1.48727,1.48725,1.48727,9
1779663300,1.48715,1.48726,1.48715,1.4872,54
1779663360,1.48722,1.48727,1.48715,1.48715,57
1779663420,1.48715,1.48727,1.48715,1.48727,52
1779663480,1.48722,1.48731,1.48714,1.48727,68
1779663540,1.48727,1.48738,1.48727,1.48735,71
1779663600,1.48734,1.48745,1.48721,1.48744,70
1779663660,1.48744,1.48744,1.48728,1.48736,86
1779663720,1.48735,1.48743,1.48735,1.48743,29
1779663780,1.48744,1.48748,1.48737,1.48743,71
1779663840,1.48744,1.48752,1.4874,1.48747,79
1779663900,1.48752,1.48753,1.48737,1.4874,93
1779664020,1.48743,1.4875,1.48739,1.48743,60
1779664080,1.48747,1.4875,1.48738,1.48746,75
1779664140,1.48745,1.48746,1.48725,1.48725,57
1779664260,1.4874,1.48746,1.48733,1.48741,82
1779664380,1.48741,1.48742,1.48732,1.48737,38
1779664440,1.4874,1.48742,1.4873,1.48742,53
1779664500,1.48735,1.48737,1.48729,1.48735,36
1779664560,1.48733,1.48734,1.48723,1.48733,65
1779664620,1.48732,1.48741,1.48725,1.48732,82
1779664680,1.48734,1.48736,1.48727,1.48727,44
1779664740,1.48728,1.48736,1.48722,1.48731,53
1779664800,1.48732,1.48736,1.48732,1.48736,38
1779664860,1.48734,1.48736,1.48727,1.48728,71
1779664920,1.48734,1.48736,1.48728,1.48728,36
1779664980,1.4873,1.48746,1.4873,1.48746,71
1779665040,1.48747,1.48747,1.48738,1.48742,69
1779665160,1.48746,1.48749,1.48742,1.48744,25
1779665220,1.48739,1.48747,1.48737,1.48742,62
1779665280,1.48741,1.48747,1.4874,1.48747,29
1779665340,1.48746,1.48747,1.48735,1.48735,24
1779665400,1.48742,1.48753,1.48733,1.48743,79
1779665460,1.4874,1.48741,1.4873,1.4874,71
1779665520,1.48741,1.48741,1.48737,1.4874,39
1779665580,1.4874,1.48743,1.48731,1.48738,31
1779665640,1.48739,1.48741,1.48725,1.48731,58
1779665700,1.48737,1.48739,1.48728,1.48733,41
1779665760,1.48734,1.48739,1.48727,1.48738,91
1779665820,1.48738,1.48738,1.48725,1.48733,47
1779665880,1.48734,1.48734,1.48722,1.48723,17
1779665940,1.48731,1.48734,1.4873,1.48731,35
1779666000,1.48721,1.48734,1.48721,1.48728,78
1779666060,1.48729,1.48734,1.48723,1.48734,48
1779666120,1.48715,1.48726,1.48714,1.48725,43
1779666240,1.48727,1.48727,1.48709,1.48709,44
1779666300,1.48713,1.48727,1.48708,1.48718,101
1779666360,1.48717,1.48722,1.48707,1.48712,87
1779666480,1.48707,1.48716,1.48703,1.4871,108
1779666540,1.48711,1.48716,1.48703,1.48715,57
1779666600,1.4871,1.48721,1.48703,1.4872,83
1779666660,1.48719,1.48722,1.48702,1.48706,62
1779666720,1.48717,1.48721,1.48705,1.48711,69
1779666780,1.4871,1.4871,1.48698,1.48706,78
1779666840,1.48708,1.4871,1.48696,1.48701,79
1779667020,1.48705,1.48705,1.48699,1.48704,50
1779667080,1.48695,1.48697,1.48688,1.48695,78
1779667140,1.48701,1.48707,1.48693,1.48702,82
1779667200,1.48684,1.48712,1.48673,1.4869,127
1779667260,1.48688,1.48691,1.4867,1.48676,100
1779667320,1.48675,1.48676,1.4866,1.48669,135
1779667380,1.4867,1.48672,1.48656,1.48666,81
1779667440,1.48667,1.48674,1.48665,1.48671,94
1779667500,1.48671,1.48682,1.48663,1.48679,118
1779667560,1.48678,1.48679,1.48656,1.48656,93
1779667680,1.48664,1.4867,1.48643,1.48649,73
1779667740,1.48652,1.48656,1.48646,1.48651,36
1779667860,1.48652,1.48655,1.48644,1.48651,76
1779667920,1.4865,1.48663,1.48647,1.48659,80
1779668040,1.48658,1.48661,1.48654,1.48659,43
1779668100,1.4864,1.48647,1.48632,1.48647,108
1779668160,1.48645,1.48654,1.48641,1.48645,134
1779668280,1.48648,1.48662,1.48645,1.48658,95
1779668340,1.48663,1.48673,1.48657,1.4867,99
1779668400,1.48669,1.4867,1.48656,1.48657,79
1779668520,1.48656,1.48665,1.48656,1.48656,54
1779668580,1.48663,1.48673,1.48653,1.48673,96
1779668640,1.48672,1.48675,1.48666,1.48672,72
1779668700,1.48669,1.48672,1.48654,1.48666,137
1779668760,1.48668,1.48671,1.48651,1.48655,94
1779668820,1.48658,1.48662,1.48656,1.48662,45
1779668880,1.48662,1.48664,1.4865,1.48652,30
1779668940,1.48651,1.48666,1.48646,1.48656,77
1779669000,1.48655,1.4866,1.48644,1.48655,119
1779669060,1.48657,1.4866,1.48652,1.4866,68
1779669120,1.48654,1.48666,1.48653,1.48666,88
1779669180,1.48666,1.48666,1.48655,1.48661,61
1779669240,1.48661,1.48663,1.4866,1.4866,37
1779669300,1.48656,1.48666,1.48656,1.48658,73
1779669360,1.48659,1.4866,1.48645,1.48653,78
1779669420,1.48651,1.48659,1.48639,1.48659,80
1779669480,1.48657,1.48659,1.48644,1.48648,77
1779669540,1.48649,1.4866,1.48649,1.48653,50
1779669600,1.48655,1.48655,1.4864,1.48641,66
1779669660,1.48641,1.48656,1.48641,1.4865,45
1779669720,1.48651,1.4866,1.48647,1.48659,49
1779669780,1.48652,1.48656,1.48646,1.48649,59
1779669840,1.48648,1.48655,1.48641,1.48653,82
1779669900,1.48654,1.48663,1.48645,1.4866,92
1779669960,1.4866,1.48665,1.4865,1.48657,60
1779670020,1.48659,1.48665,1.48657,1.48661,57
1779670080,1.48654,1.4867,1.48652,1.48667,70
1779670140,1.48668,1.48706,1.48668,1.48696,96
1779670260,1.48688,1.48691,1.48663,1.48668,83
1779670380,1.48673,1.48675,1.48663,1.48671,60
1779670440,1.48669,1.48674,1.48651,1.48674,71
1779670500,1.48683,1.48689,1.48641,1.48644,154
1779670560,1.48648,1.48648,1.48625,1.48631,90
1779670620,1.4862,1.48627,1.48605,1.48608,104
1779670680,1.48604,1.48614,1.48586,1.48592,158
1779670740,1.48587,1.48591,1.48573,1.48591,205
1779670800,1.48592,1.48594,1.4857,1.48588,179
1779670860,1.48587,1.48595,1.48574,1.48592,135
1779670920,1.48593,1.48607,1.48581,1.48604,137
1779670980,1.48603,1.48622,1.48595,1.486,137
1779671040,1.48603,1.4861,1.48597,1.48609,138
1779671100,1.48608,1.48616,1.486,1.48615,111
1779671220,1.48623,1.48627,1.48613,1.48618,88
1779671280,1.48622,1.48628,1.48616,1.48626,114
1779671340,1.48634,1.48637,1.48616,1.48625,87
1779671520,1.48611,1.48616,1.48608,1.48616,60
1779671580,1.48622,1.48624,1.48609,1.48617,77
1779671640,1.48618,1.48642,1.48614,1.48638,110
1779671700,1.48642,1.48642,1.48611,1.4862,159
1779671760,1.4862,1.48624,1.48608,1.48614,113
1779671880,1.48625,1.48635,1.48621,1.48626,112
1779671940,1.48626,1.4863,1.48619,1.48621,119
1779672000,1.48623,1.48627,1.48612,1.48613,144
1779672060,1.48613,1.48623,1.48612,1.48613,66
1779672120,1.48615,1.48617,1.48604,1.48614,96
1779672180,1.48597,1.48624,1.48597,1.48616,52
1779672240,1.48616,1.48617,1.48598,1.48603,96
1779672300,1.48604,1.48613,1.48598,1.48607,96
1779672360,1.48607,1.48607,1.48591,1.48606,109
1779672420,1.48604,1.48609,1.48597,1.48604,47
1779672480,1.48598,1.48607,1.48597,1.48605,55
1779672540,1.48595,1.4862,1.48595,1.48618,94
1779672600,1.48615,1.48615,1.486,1.48602,140
1779672660,1.48609,1.48621,1.48595,1.48595,135
1779672720,1.48592,1.48606,1.48587,1.48601,142
1779672840,1.4859,1.48603,1.48587,1.48603,76
1779672960,1.48603,1.48611,1.48595,1.48608,112
1779673020,1.48608,1.48614,1.48606,1.48614,93
1779673080,1.48619,1.48624,1.48607,1.48624,106
1779673140,1.4862,1.48643,1.4862,1.48643,83
1779673200,1.48641,1.48645,1.48612,1.48612,85
1779673260,1.48613,1.48618,1.48612,1.48617,48
1779673320,1.48608,1.48608,1.48595,1.48596,68
1779673380,1.48598,1.48611,1.48598,1.48603,65
1779673440,1.48605,1.4861,1.48594,1.48606,128
1779673500,1.48608,1.4862,1.48605,1.48615,100
1779673560,1.48616,1.48623,1.4861,1.48615,145
1779673680,1.48612,1.48625,1.48612,1.48623,63
1779673740,1.48615,1.48623,1.48615,1.48621,56
1779673800,1.48618,1.48621,1.48608,1.48617,89
1779673860,1.48616,1.4862,1.48607,1.48613,94
1779673980,1.48627,1.48629,1.48616,1.48619,76
1779674040,1.48621,1.48622,1.48614,1.48621,68
1779674160,1.48607,1.4862,1.48604,1.48613,102
1779674220,1.48615,1.48615,1.48609,1.48612,57
1779674340,1.48611,1.48611,1.48608,1.48608,18
1779674400,1.48605,1.48628,1.48602,1.48621,123
1779674460,1.48618,1.4863,1.48612,1.48623,109
1779674520,1.48624,1.48628,1.48619,1.48622,93
1779674640,1.48633,1.48635,1.48624,1.48629,101
1779674820,1.48633,1.48635,1.48629,1.48629,56
1779674880,1.48625,1.48628,1.48615,1.48618,88
1779674940,1.48624,1.48634,1.4862,1.48632,111
1779675000,1.48632,1.48634,1.4862,1.48633,90
1779675120,1.48624,1.4863,1.48624,1.48627,42
1779675180,1.48614,1.48624,1.48612,1.48616,55
1779675240,1.48612,1.48615,1.48604,1.48611,77
1779675300,1.48612,1.48613,1.48601,1.48611,94
1779675360,1.48612,1.48615,1.48603,1.48606,92
1779675540,1.48618,1.4862,1.48618,1.4862,4
1779675660,1.48619,1.48623,1.48613,1.48616,55
1779675720,1.48619,1.48625,1.48618,1.4862,63
1779675780,1.48621,1.48621,1.48609,1.48609,82
1779675840,1.48611,1.4862,1.48611,1.48619,58
1779676020,1.48612,1.48618,1.48607,1.48615,70
1779676080,1.48611,1.48614,1.48599,1.48603,48
1779676140,1.48601,1.48615,1.48601,1.48605,82
1779676200,1.48603,1.48611,1.48596,1.48604,86
1779676260,1.48603,1.48617,1.48602,1.48614,71
1779676320,1.48615,1.48617,1.48608,1.48617,73
1779676380,1.48617,1.4862,1.48608,1.48616,64
1779676440,1.48614,1.48618,1.48613,1.48617,38
1779676500,1.48618,1.4862,1.48604,1.4862,101
1779676560,1.4862,1.48621,1.48609,1.48621,47
1779676620,1.4862,1.4862,1.48608,1.48616,65
1779676740,1.48614,1.48616,1.48605,1.48606,23
1779676860,1.48607,1.48609,1.48603,1.48607,40
1779676920,1.48609,1.48609,1.48592,1.486,84
1779676980,1.48606,1.48608,1.48595,1.48595,81
1779677040,1.48596,1.48602,1.48596,1.48601,43
1779677100,1.48599,1.48599,1.48587,1.48599,81
1779677160,1.48599,1.48604,1.48592,1.48601,93
1779677220,1.48601,1.48602,1.48596,1.48602,83
1779677280,1.48603,1.48603,1.48591,1.48594,63
1779677340,1.48594,1.48609,1.48592,1.48603,58
1779677400,1.48606,1.48614,1.48603,1.4861,58
1779677460,1.48609,1.4861,1.48599,1.48605,72
1779677520,1.48602,1.48607,1.48599,1.48603,58
1779677580,1.48595,1.48608,1.48595,1.48603,56
1779677640,1.48597,1.48607,1.48597,1.48605,63
1779677700,1.48611,1.48623,1.48606,1.48622,105
1779677760,1.48621,1.48622,1.48609,1.48613,58
1779677880,1.4861,1.48615,1.48607,1.48611,39
1779677940,1.48616,1.48622,1.48606,1.48613,90
1779678000,1.4862,1.4862,1.48609,1.48616,121
1779678060,1.48617,1.48617,1.48605,1.48609,110
1779678120,1.48609,1.48623,1.48608,1.48613,92
1779678180,1.48611,1.48619,1.48607,1.48611,53
1779678240,1.48606,1.48613,1.48602,1.48611,95
1779678300,1.48609,1.48611,1.486,1.48608,79
1779678420,1.48607,1.48609,1.48594,1.48602,57
1779678480,1.48601,1.48602,1.48598,1.48598,25
1779678540,1.486,1.48602,1.48594,1.48595,28
1779678660,1.48601,1.48604,1.48595,1.48596,70
1779678780,1.48603,1.48606,1.48594,1.48594,62
1779678840,1.48598,1.48604,1.48595,1.48602,80
1779678900,1.48604,1.48605,1.48589,1.486,95
1779678960,1.48598,1.48602,1.48593,1.48599,59
1779679020,1.486,1.486,1.48587,1.48595,108
1779679080,1.48595,1.48599,1.48587,1.48596,73
1779679140,1.48595,1.48597,1.48587,1.48597,83
1779679260,1.48595,1.48606,1.4859,1.48601,87
1779679320,1.48608,1.48608,1.48596,1.48603,89
1779679380,1.4861,1.48612,1.48602,1.48605,61
1779679440,1.4861,1.4861,1.48596,1.48605,71
1779679500,1.48605,1.48614,1.48602,1.4861,77
1779679560,1.48612,1.48613,1.48597,1.48603,103
1779679620,1.48602,1.48613,1.486,1.48612,67
1779679680,1.48613,1.48616,1.48602,1.48611,78
1779679740,1.48615,1.4862,1.48608,1.48613,73
1779679800,1.48613,1.48628,1.48612,1.48618,62
1779679860,1.48618,1.48635,1.48618,1.4863,127
1779679920,1.48629,1.48638,1.48623,1.48627,65
1779679980,1.48628,1.48637,1.48626,1.48631,58
1779680040,1.48635,1.4864,1.48626,1.48632,77
1779680160,1.48626,1.48634,1.48623,1.4863,86
1779680280,1.48629,1.48629,1.48629,1.48629,1
1779680340,1.48636,1.48637,1.48626,1.48634,70
1779680400,1.48628,1.48643,1.48628,1.48639,80
1779680460,1.4864,1.48641,1.48631,1.4864,55
1779680520,1.4864,1.48641,1.48621,1.48623,77
1779680580,1.48631,1.48639,1.48625,1.48634,93
1779680640,1.48639,1.48644,1.48633,1.48634,71
1779680700,1.48636,1.48646,1.48626,1.48643,85
1779680760,1.48644,1.48645,1.48632,1.48634,86
1779680880,1.48649,1.4865,1.48641,1.48647,57
1779680940,1.48649,1.4865,1.48637,1.48649,62
1779681000,1.48649,1.48651,1.48638,1.48648,71
1779681120,1.48648,1.48651,1.48642,1.48644,49
1779681180,1.48641,1.48646,1.48635,1.48639,37
1779681240,1.48642,1.48646,1.48634,1.48638,79
1779681300,1.48635,1.48644,1.48634,1.48638,77
1779681360,1.48636,1.4864,1.48632,1.48634,69
1779681420,1.48635,1.48637,1.48626,1.48634,54
1779681480,1.48638,1.48642,1.4863,1.48632,40
1779681540,1.48636,1.48645,1.48635,1.48645,81
1779681600,1.48645,1.48645,1.48631,1.48632,102
1779681660,1.48633,1.48634,1.4862,1.48625,99
1779681720,1.48626,1.48635,1.48626,1.48629,72
1779681840,1.48631,1.48639,1.48629,1.48631,48
1779681960,1.48635,1.48635,1.48627,1.48629,41
1779682020,1.48634,1.48636,1.48625,1.48631,82
1779682080,1.48634,1.48634,1.48625,1.48632,79
1779682140,1.48629,1.48631,1.4862,1.48628,61
1779682200,1.48628,1.48632,1.48628,1.48632,17
1779682260,1.48635,1.48636,1.48624,1.48629,44
1779682320,1.48629,1.48635,1.48617,1.48622,80
1779682380,1.48628,1.48637,1.48626,1.48636,47
1779682440,1.48638,1.48639,1.48634,1.48636,41
1779682500,1.48634,1.48637,1.48626,1.48628,87
1779682560,1.48629,1.48634,1.48615,1.48625,70
1779682680,1.4862,1.48626,1.48613,1.48626,57
1779682740,1.48624,1.48629,1.48617,1.48629,65
1779682800,1.4862,1.48629,1.4862,1.48621,82
1779682860,1.4862,1.48629,1.48615,1.48629,54
1779682980,1.48633,1.48633,1.48632,1.48632,2
1779683040,1.48632,1.48633,1.48623,1.48627,63
1779683160,1.48632,1.48634,1.48627,1.48628,30
1779683220,1.48632,1.48633,1.4862,1.48626,57
1779683340,1.48621,1.48623,1.48615,1.48621,47
1779683400,1.48625,1.48626,1.48613,1.48621,81
1779683460,1.48621,1.48641,1.4862,1.4864,114
1779683520,1.48641,1.48641,1.48631,1.48635,79
1779683580,1.48635,1.48637,1.48629,1.48631,70
1779683640,1.48638,1.48642,1.48631,1.48641,59
1779683820,1.48633,1.48637,1.48633,1.48637,20
1779683880,1.48638,1.48639,1.48629,1.48639,36
1779683940,1.48638,1.48638,1.48626,1.4863,37
1779684060,1.48638,1.4864,1.48635,1.48637,25
1779684180,1.48645,1.48645,1.48645,1.48645,2
1779684240,1.48639,1.48644,1.48636,1.48644,50
1779684300,1.48647,1.48647,1.48636,1.48639,57
1779684360,1.4864,1.48649,1.4864,1.48647,45
1779684420,1.48647,1.48654,1.48638,1.4865,91
1779684540,1.48655,1.48659,1.48646,1.48654,59
1779684660,1.48658,1.48664,1.48649,1.48663,72
1779684720,1.48662,1.48664,1.48659,1.48661,44
1779684780,1.48653,1.48667,1.48653,1.48666,81
1779684840,1.48664,1.48668,1.48656,1.48659,65
1779684900,1.48661,1.48669,1.48657,1.48665,66
1779684960,1.48665,1.4867,1.48663,1.48666,51
1779685020,1.48663,1.48668,1.4865,1.48655,78
1779685080,1.48659,1.48664,1.48656,1.48657,36
1779685140,1.48652,1.48659,1.48647,1.4865,86
1779685200,1.48643,1.48664,1.48643,1.48657,73
1779685260,1.48659,1.48661,1.48646,1.48657,63
1779685320,1.48657,1.48664,1.48657,1.48661,48
1779685380,1.48662,1.48664,1.48649,1.4865,94
1779685440,1.48648,1.48662,1.48647,1.48661,49
1779685500,1.4866,1.48664,1.48654,1.48656,53
1779685560,1.48657,1.48663,1.4865,1.48656,110
1779685620,1.48657,1.4867,1.48657,1.48664,74
1779685680,1.48663,1.48671,1.48659,1.48659,56
1779685740,1.48654,1.48664,1.48651,1.48661,83
1779685800,1.48655,1.48664,1.48655,1.48661,72
1779685860,1.48661,1.48668,1.48651,1.48664,74
1779685920,1.48665,1.48673,1.4866,1.48662,54
1779685980,1.48643,1.48659,1.48643,1.48659,61
1779686040,1.48655,1.48659,1.48655,1.48658,26
1779686100,1.48655,1.48666,1.48653,1.48666,55
1779686160,1.48665,1.48668,1.48654,1.48655,43
1779686220,1.48655,1.48666,1.48647,1.4865,92
1779686340,1.48663,1.48667,1.4866,1.48665,43
1779686460,1.48675,1.48675,1.48657,1.48667,51
1779686520,1.48665,1.48676,1.48664,1.48674,68
1779686580,1.48665,1.48676,1.48663,1.48667,105
1779686640,1.48667,1.48677,1.48667,1.48677,39
1779686700,1.48678,1.48678,1.48663,1.48673,88
1779686820,1.48674,1.48675,1.48673,1.48673,17
1779686880,1.48667,1.48679,1.48664,1.48678,82
1779686940,1.48661,1.4867,1.4866,1.4867,27
1779687000,1.48663,1.48674,1.48662,1.48668,66
1779687060,1.48667,1.48671,1.48658,1.48666,127
1779687180,1.48673,1.4868,1.4867,1.48678,73
1779687240,1.48677,1.48678,1.48667,1.48674,67
1779687360,1.4867,1.48678,1.48668,1.48678,66
1779687480,1.48676,1.48684,1.48675,1.48679,55
1779687540,1.48686,1.48687,1.48677,1.48687,35
1779687600,1.48686,1.48687,1.48669,1.48677,50
1779687660,1.48676,1.48678,1.48666,1.4867,68
1779687720,1.48673,1.4868,1.48669,1.48674,65
1779687780,1.48672,1.4868,1.48669,1.4868,78
1779687840,1.4868,1.48684,1.48678,1.48683,43
1779687900,1.48683,1.48693,1.48681,1.48684,77
1779687960,1.48685,1.48691,1.4868,1.4869,84
1779688080,1.48679,1.48691,1.48679,1.48688,57
1779688140,1.48681,1.48685,1.48672,1.48685,83
1779688200,1.48685,1.48686,1.48673,1.48681,62
1779688320,1.48685,1.48685,1.48671,1.48678,55
1779688380,1.48678,1.48684,1.48673,1.48683,61
1779688440,1.48682,1.48686,1.48678,1.48683,46
1779688500,1.48687,1.48691,1.48677,1.48685,98
1779688560,1.48686,1.48687,1.48666,1.48668,88
1779688620,1.48666,1.48677,1.48665,1.48666,55
1779688680,1.48666,1.48671,1.4866,1.48667,61
1779688740,1.48672,1.4868,1.48662,1.48666,55
1779688800,1.4867,1.48682,1.48667,1.48672,134
1779688860,1.48673,1.48675,1.48669,1.48674,105
1779688920,1.48674,1.48676,1.48668,1.4867,110
1779688980,1.48671,1.48673,1.48667,1.48668,98
1779689040,1.48673,1.48677,1.4867,1.48671,63
1779689100,1.48672,1.48674,1.48667,1.48671,74
1779689160,1.4867,1.4867,1.48665,1.4867,54
1779689220,1.48669,1.48673,1.48666,1.48671,53
1779689280,1.48669,1.48674,1.48669,1.4867,67
1779689340,1.4867,1.48671,1.48665,1.48666,74
1779689400,1.48667,1.4867,1.48664,1.48666,80
1779689520,1.4867,1.48672,1.48668,1.4867,31
1779689580,1.4867,1.48676,1.4867,1.48675,66
1779689640,1.48674,1.48679,1.48672,1.48678,61
1779689700,1.48678,1.48683,1.48676,1.48677,85
1779689760,1.48677,1.48678,1.48671,1.48671,67
1779689820,1.48674,1.48674,1.48664,1.48668,50
1779689880,1.48669,1.4867,1.48667,1.48668,56
1779689940,1.48669,1.48669,1.48663,1.48665,36
1779690000,1.48669,1.48677,1.48666,1.48671,80
1779690060,1.48669,1.48672,1.48666,1.48669,52
1779690120,1.48666,1.48668,1.48664,1.48667,49
1779690240,1.48671,1.48671,1.48671,1.48671,2
1779690360,1.48683,1.48689,1.48681,1.48684,55
1779690420,1.4868,1.4868,1.48671,1.48677,57
1779690480,1.48679,1.48682,1.48675,1.48675,68
1779690540,1.48677,1.48679,1.48668,1.48676,79
1779690600,1.48668,1.48673,1.48668,1.48669,76
1779690660,1.48668,1.48683,1.48668,1.48682,73
1779690720,1.48683,1.48688,1.4868,1.48683,79
1779690840,1.48687,1.48697,1.48685,1.48688,56
1779690960,1.48704,1.48707,1.48693,1.48694,58
1779691020,1.48694,1.48694,1.48687,1.48689,59
1779691140,1.48691,1.48696,1.48691,1.48696,32
1779691200,1.48697,1.48697,1.4869,1.4869,63
1779691260,1.48693,1.48693,1.4869,1.48692,43
1779691320,1.48691,1.48696,1.48687,1.48695,49
1779691380,1.48692,1.48696,1.48689,1.48692,57
1779691440,1.48693,1.48694,1.48688,1.48689,50
1779691500,1.48688,1.48703,1.48688,1.48701,56
1779691560,1.48702,1.48714,1.48702,1.48714,68
1779691680,1.4872,1.48722,1.48713,1.4872,56
1779691740,1.4872,1.4872,1.48716,1.48718,31
1779691800,1.48718,1.48726,1.48718,1.48721,77
1779691920,1.48723,1.48723,1.48712,1.48722,51
1779691980,1.4872,1.48727,1.4872,1.48727,57
1779692040,1.48731,1.48733,1.48718,1.48723,81
1779692160,1.48712,1.48713,1.48703,1.48703,54
1779692280,1.48672,1.4868,1.48667,1.4867,59
1779692340,1.48666,1.48678,1.48665,1.48677,71
1779692400,1.48678,1.48681,1.48673,1.48677,101
1779692460,1.48679,1.48685,1.48676,1.48677,88
1779692520,1.48676,1.48687,1.48673,1.48684,88
1779692580,1.48679,1.48682,1.48677,1.48678,78
1779692640,1.4868,1.48686,1.48679,1.48683,63
1779692700,1.48682,1.48687,1.4868,1.48684,54
1779692820,1.48664,1.48668,1.48659,1.4866,74
1779692880,1.48662,1.48665,1.48652,1.48654,71
1779692940,1.48652,1.48665,1.48646,1.48665,78
1779693060,1.48663,1.48669,1.48657,1.48669,74
1779693180,1.48659,1.48661,1.48658,1.48659,31
1779693240,1.4866,1.4866,1.48652,1.4866,47
1779693300,1.48659,1.48659,1.48652,1.48653,83
1779693360,1.48653,1.48659,1.48652,1.48654,64
1779693420,1.48655,1.48656,1.48646,1.48649,116
1779693480,1.4865,1.48659,1.4864,1.4865,149
1779693540,1.48647,1.48655,1.4864,1.48647,124
1779693660,1.48661,1.48667,1.48657,1.4866,81
1779693720,1.48667,1.48673,1.48659,1.48661,84
1779693780,1.48657,1.48671,1.48657,1.4867,106
1779693840,1.48671,1.4868,1.48668,1.48677,98
1779693900,1.48683,1.48685,1.48676,1.48682,91
1779694020,1.4869,1.48692,1.48686,1.4869,66
1779694080,1.48683,1.48687,1.4868,1.48682,38
1779694140,1.4868,1.48686,1.4868,1.48685,58
1779694200,1.48682,1.4869,1.48679,1.48686,67
1779694260,1.48687,1.48689,1.48679,1.48688,122
1779694440,1.48677,1.48679,1.48672,1.48675,85
1779694500,1.48675,1.48681,1.48674,1.4868,90
1779694560,1.4868,1.48686,1.48677,1.48682,70
1779694620,1.4868,1.48684,1.48678,1.4868,56
1779694680,1.48685,1.48688,1.48682,1.48686,84
1779694740,1.48687,1.48689,1.48681,1.48682,71
1779694860,1.48685,1.48691,1.48685,1.48691,64
1779694920,1.48685,1.48689,1.48682,1.48682,60
1779694980,1.48683,1.48683,1.48675,1.48678,68
1779695040,1.48681,1.48684,1.48677,1.48684,81
1779695100,1.48685,1.48689,1.48685,1.48687,53
1779695280,1.48673,1.48674,1.48669,1.48671,34
1779695340,1.48668,1.48671,1.48666,1.48669,63
1779695460,1.48669,1.48673,1.48666,1.48669,67
1779695520,1.48666,1.48669,1.48666,1.48667,31
1779695580,1.48671,1.48672,1.48664,1.48672,47
1779695640,1.48664,1.48669,1.48654,1.48657,44
1779695760,1.48654,1.48658,1.48647,1.48648,76
1779695880,1.48663,1.48668,1.48663,1.48666,61
1779695940,1.48667,1.48676,1.48666,1.48675,56
1779696000,1.48673,1.48677,1.48644,1.48644,124
1779696060,1.48647,1.48655,1.48646,1.48649,79
1779696120,1.48649,1.48652,1.48647,1.48647,105
1779696180,1.48648,1.48659,1.48648,1.48655,85
1779696240,1.48657,1.48667,1.48657,1.48665,83
1779696360,1.48669,1.48676,1.48669,1.48673,61
1779696420,1.48679,1.48682,1.48675,1.48678,57
1779696480,1.48689,1.48691,1.48685,1.48687,49
1779696540,1.48687,1.48687,1.48675,1.48677,78
1779696600,1.48676,1.48687,1.48676,1.48687,72
1779696720,1.48679,1.48687,1.48679,1.48687,46
1779696780,1.48687,1.48687,1.4868,1.48685,46
1779696840,1.48681,1.48689,1.48681,1.48681,40
1779696900,1.48683,1.48687,1.48681,1.48684,86
1779696960,1.48683,1.48686,1.48679,1.48682,49
1779697020,1.48684,1.48689,1.48681,1.48689,34
1779697080,1.48688,1.48699,1.48686,1.48698,56
1779697140,1.48698,1.48698,1.48691,1.48691,43
1779697200,1.48693,1.487,1.48693,1.487,56
1779697260,1.48699,1.48701,1.48695,1.48696,50
1779697320,1.48696,1.48696,1.48689,1.48692,72
1779697380,1.48694,1.48697,1.48687,1.48694,53
1779697440,1.48694,1.48698,1.48693,1.48697,26
1779697500,1.48694,1.48701,1.48694,1.48701,65
1779697620,1.48705,1.48711,1.48702,1.48709,41
1779697680,1.4871,1.4871,1.48705,1.48707,41
1779697740,1.48709,1.48715,1.48707,1.48715,63
1779697800,1.48715,1.48721,1.48711,1.48718,101
1779697860,1.48718,1.48723,1.48714,1.48722,54
1779697920,1.48723,1.4873,1.48722,1.4873,47
1779697980,1.48728,1.48732,1.48727,1.48731,50
1779698040,1.48731,1.48732,1.48721,1.48727,56
1779698100,1.48723,1.48726,1.48718,1.48718,75
1779698160,1.4872,1.48725,1.48714,1.48715,103
1779698220,1.48717,1.48726,1.48715,1.48722,74
1779698280,1.48722,1.48727,1.48719,1.48724,68
1779698340,1.48725,1.48728,1.48719,1.4872,63
1779698400,1.48721,1.48727,1.48719,1.48726,76
1779698460,1.48727,1.48731,1.4872,1.48727,108
1779698520,1.48725,1.48732,1.48723,1.48723,70
1779698580,1.48721,1.4873,1.4872,1.48723,89
1779698640,1.48721,1.48724,1.48716,1.48719,85
1779698700,1.48718,1.4872,1.48714,1.48718,58
1779698760,1.4872,1.48722,1.48716,1.48721,55
1779698820,1.48718,1.48723,1.48718,1.48722,74
1779698880,1.48725,1.48727,1.48721,1.48727,76
1779698940,1.48726,1.48729,1.4872,1.48723,59
1779699000,1.48724,1.48725,1.48707,1.48709,86
1779699060,1.48706,1.48716,1.48706,1.48713,64
1779699120,1.48711,1.48721,1.48711,1.48721,46
1779699180,1.48719,1.48724,1.48716,1.48721,68
1779699240,1.4872,1.48728,1.48718,1.48727,56
1779699300,1.48728,1.48729,1.48719,1.48727,86
1779699360,1.48726,1.48726,1.48713,1.48715,79
1779699420,1.48713,1.48723,1.48709,1.48713,80
1779699480,1.48713,1.48714,1.48697,1.48697,95
1779699540,1.48699,1.48701,1.48694,1.48695,52
1779699600,1.48694,1.48697,1.4869,1.48695,62
1779699660,1.48695,1.48701,1.48691,1.48699,93
1779699720,1.48701,1.48701,1.48691,1.48693,82
1779699780,1.48691,1.48694,1.48684,1.48687,55
1779699840,1.48686,1.4869,1.48683,1.48689,54
1779699900,1.48689,1.48693,1.48682,1.48684,63
1779699960,1.48687,1.4869,1.48677,1.48678,80
1779700020,1.48677,1.48678,1.48674,1.48677,34
1779700080,1.48671,1.48678,1.48671,1.48677,53
1779700140,1.48677,1.48681,1.48676,1.48678,48
1779700200,1.48679,1.48682,1.48675,1.48682,50
1779700260,1.48681,1.48686,1.48679,1.48684,46
1779700320,1.48683,1.48689,1.4868,1.48683,50
1779700380,1.48682,1.48685,1.48675,1.48676,69
1779700440,1.48677,1.48679,1.4867,1.48678,59
1779700500,1.48677,1.48679,1.4867,1.4867,56
1779700560,1.48667,1.48685,1.48664,1.48685,57
1779700620,1.48684,1.48685,1.48676,1.48684,53
1779700680,1.48681,1.48683,1.48676,1.48678,73
1779700740,1.48679,1.48689,1.48679,1.48688,56
1779700800,1.48687,1.48699,1.48687,1.48693,61
1779700860,1.48694,1.48696,1.4869,1.48695,50
1779700920,1.48696,1.48699,1.48693,1.48697,40
1779700980,1.48698,1.487,1.48694,1.48699,47
1779701040,1.48701,1.48708,1.48701,1.48706,47
1779701100,1.48704,1.48708,1.48704,1.48707,44
1779701160,1.48706,1.48708,1.48703,1.48707,36
1779701220,1.48709,1.48709,1.48704,1.48708,35
1779701280,1.48708,1.48709,1.48701,1.48701,45
1779701340,1.48703,1.48703,1.48693,1.48695,67
1779701400,1.48696,1.48701,1.48694,1.48698,73
1779701460,1.48694,1.487,1.48694,1.48696,56
1779701520,1.48695,1.48698,1.48692,1.48694,43
1779701580,1.48693,1.48698,1.4869,1.48698,43
1779701640,1.48699,1.48699,1.4869,1.48691,37
1779701700,1.48691,1.48691,1.48684,1.48686,51
1779701760,1.48686,1.48692,1.48683,1.48689,50
1779701820,1.48687,1.48694,1.48687,1.48691,50
1779701880,1.48693,1.48694,1.4869,1.48692,29
1779701940,1.48693,1.48693,1.48688,1.48689,61
1779702000,1.48691,1.48695,1.48691,1.48695,38
1779702060,1.48696,1.48701,1.48695,1.48696,38
1779702120,1.48697,1.48701,1.48695,1.48701,36
1779702180,1.48702,1.48704,1.487,1.48704,17
1779702240,1.48704,1.48711,1.48703,1.4871,47
1779702300,1.48711,1.48713,1.487,1.487,57
1779702360,1.48704,1.48712,1.48703,1.48712,37
1779702420,1.48711,1.48712,1.48706,1.48709,26
1779702480,1.48708,1.48709,1.48699,1.487,63
1779702540,1.48702,1.48703,1.487,1.48701,31
1779702600,1.48699,1.48703,1.48698,1.48702,53
1779702660,1.48701,1.48704,1.48698,1.48698,51
1779702720,1.48699,1.48702,1.48698,1.48698,28
1779702780,1.48695,1.48703,1.48694,1.48703,35
1779702840,1.48701,1.48703,1.487,1.48703,15
1779702900,1.48703,1.48704,1.48699,1.48703,48
1779702960,1.48701,1.48703,1.48699,1.48701,37
1779703020,1.48703,1.48704,1.48694,1.48696,46
1779703080,1.48695,1.48695,1.48686,1.48687,37
1779703140,1.48686,1.48694,1.48686,1.48692,60
1779703200,1.48694,1.48703,1.48692,1.48703,54
1779703260,1.48702,1.48708,1.48702,1.48708,40
1779703320,1.48708,1.48709,1.48707,1.48709,18
1779703380,1.48709,1.48709,1.48704,1.48704,40
1779703440,1.48703,1.4871,1.48703,1.4871,54
1779703500,1.4871,1.48713,1.4871,1.48713,35
1779703560,1.48712,1.48714,1.48706,1.48709,39
1779703620,1.48713,1.48715,1.4871,1.48711,69
1779703680,1.48714,1.48715,1.48706,1.4871,53
1779703740,1.48711,1.48719,1.4871,1.48717,56
1779703800,1.48714,1.48716,1.4871,1.48714,51
1779703860,1.48715,1.48719,1.48714,1.48718,44
1779703920,1.48719,1.4872,1.48714,1.48716,41
1779703980,1.48716,1.48717,1.48711,1.48713,57
1779704040,1.48715,1.48715,1.48711,1.48715,34
1779704100,1.48716,1.48718,1.48714,1.48715,46
1779704160,1.48715,1.4872,1.48714,1.48717,57
1779704220,1.48719,1.48726,1.48717,1.48726,43
1779704280,1.48726,1.48726,1.48719,1.48722,48
1779704340,1.48723,1.48727,1.48722,1.48722,44
1779704400,1.48727,1.48727,1.4872,1.48727,95
1779704460,1.48728,1.48731,1.48722,1.48729,72
1779704520,1.48727,1.4873,1.48725,1.48727,38
1779704580,1.48726,1.48728,1.48721,1.48725,46
1779704640,1.48723,1.48724,1.48721,1.48722,31
1779704700,1.48724,1.48727,1.48721,1.48725,60
1779704760,1.48722,1.48725,1.48719,1.48723,49
1779704820,1.48722,1.48724,1.4872,1.48724,25
1779704880,1.48723,1.48724,1.48721,1.48723,52
1779704940,1.48723,1.48724,1.48718,1.48721,54
1779705000,1.4872,1.48724,1.48718,1.48722,62
1779705060,1.48722,1.48724,1.4872,1.48724,24
1779705120,1.48724,1.48724,1.48717,1.4872,44
1779705180,1.4872,1.48725,1.48718,1.48721,41
1779705240,1.48722,1.48723,1.4872,1.48721,32
1779705300,1.48723,1.48726,1.48721,1.48723,62
1779705360,1.48723,1.48725,1.48719,1.48725,48
1779705420,1.48725,1.48727,1.48724,1.48726,36
1779705480,1.48727,1.48727,1.48726,1.48727,20
1779705540,1.48728,1.48732,1.48726,1.4873,35
1779705600,1.48731,1.48731,1.48727,1.48729,58
1779705660,1.48728,1.48732,1.48727,1.48729,47
1779705720,1.4873,1.48732,1.48728,1.48729,44
1779705780,1.48728,1.48728,1.48724,1.48728,60
1779705840,1.48728,1.48731,1.48724,1.48726,47
1779705900,1.48724,1.48724,1.4872,1.4872,58
1779705960,1.48722,1.48725,1.48718,1.48721,60
1779706080,1.4872,1.48722,1.4872,1.4872,20
1779706140,1.48721,1.48725,1.48721,1.48721,31
1779706200,1.48723,1.48725,1.48722,1.48725,37
1779706320,1.48729,1.48731,1.48727,1.4873,27
1779706380,1.48727,1.4873,1.48727,1.48729,40
1779706440,1.4873,1.4873,1.48725,1.48726,40
1779706560,1.48725,1.48725,1.48721,1.48723,15
1779706680,1.48724,1.48731,1.48724,1.4873,30
1779706740,1.48735,1.48739,1.48732,1.48735,38
1779706800,1.48736,1.48737,1.4873,1.4873,56
1779706860,1.48731,1.48737,1.4873,1.48732,47
1779706920,1.48733,1.48738,1.48729,1.4873,57
1779707040,1.48732,1.48736,1.4873,1.48731,36
1779707100,1.4873,1.48734,1.48726,1.48726,59
1779707160,1.48726,1.48729,1.48722,1.48728,54
1779707220,1.48725,1.48726,1.48719,1.48721,41
1779707280,1.48723,1.48723,1.4872,1.48723,37
1779707340,1.48724,1.48725,1.48719,1.4872,59
1779707400,1.48719,1.48721,1.48716,1.48721,41
1779707520,1.48722,1.48726,1.48718,1.48721,38
1779707580,1.4872,1.48722,1.48718,1.48722,28
1779707640,1.4872,1.48722,1.48717,1.48718,39
1779707700,1.48722,1.48724,1.4872,1.48723,31
1779707760,1.48724,1.48735,1.48722,1.4873,37
1779707880,1.48727,1.4873,1.48723,1.48727,36
1779707940,1.48727,1.48732,1.48726,1.48732,27
1779708000,1.4873,1.48733,1.48725,1.4873,53
1779708060,1.48731,1.4874,1.48728,1.48739,56
1779708120,1.48738,1.48741,1.48736,1.48737,38
1779708180,1.48739,1.48742,1.48739,1.48741,17
1779708240,1.48738,1.48741,1.48736,1.48737,32
1779708360,1.48742,1.48746,1.48741,1.48742,40
1779708420,1.48736,1.48744,1.48736,1.48737,48
1779708540,1.48737,1.48737,1.48737,1.48737,2
1779708600,1.4874,1.48745,1.48737,1.4874,69
1779708660,1.48741,1.48747,1.48741,1.48746,51
1779708720,1.48749,1.48749,1.48737,1.48738,92
1779708780,1.48737,1.48748,1.48729,1.48729,105
1779708840,1.48727,1.4873,1.48726,1.48727,46
1779708960,1.48727,1.48729,1.48725,1.48727,27
1779709020,1.48738,1.4874,1.48733,1.48739,60
1779709080,1.48739,1.48739,1.48732,1.48735,44
1779709140,1.48736,1.48749,1.48736,1.48748,55
1779709200,1.48747,1.48758,1.48747,1.48757,74
1779709320,1.48752,1.48761,1.48752,1.48761,47
1779709380,1.48761,1.48761,1.48757,1.48761,53
1779709440,1.48761,1.48765,1.48759,1.48763,40
1779709500,1.48762,1.48767,1.48753,1.48753,81
1779709560,1.48754,1.4876,1.4875,1.48756,82
1779709620,1.48757,1.48764,1.48754,1.48754,58
1779709740,1.48752,1.48755,1.48748,1.48748,39
1779709860,1.48754,1.48754,1.48747,1.48749,42
1779709920,1.48748,1.48753,1.48747,1.48752,39
1779709980,1.48755,1.48759,1.48753,1.48758,41
1779710040,1.48762,1.48762,1.48752,1.48758,92
1779710100,1.48757,1.48758,1.48739,1.48748,84
1779710220,1.48748,1.4875,1.48725,1.48725,65
1779710280,1.48732,1.48734,1.48725,1.48726,74
1779710340,1.48727,1.48727,1.48719,1.48722,75
1779710400,1.48727,1.48734,1.48723,1.48724,118
1779710460,1.48725,1.48726,1.48722,1.48724,51
1779710520,1.48724,1.48725,1.48719,1.48721,75
1779710580,1.48722,1.48728,1.48719,1.48726,84
1779710640,1.48728,1.48731,1.48721,1.4873,91
1779710700,1.48731,1.48732,1.48726,1.48728,59
1779710760,1.48727,1.4873,1.48721,1.48722,68
1779710820,1.48724,1.48729,1.48718,1.48729,74
1779710940,1.48733,1.48741,1.48733,1.48735,39
1779711060,1.48735,1.48735,1.48729,1.48731,45
1779711120,1.48733,1.48736,1.48732,1.48734,45
1779711180,1.48737,1.48749,1.48736,1.48746,51
1779711240,1.48745,1.48752,1.48745,1.48749,79
1779711300,1.48746,1.48749,1.4874,1.48745,73
1779711360,1.48746,1.48752,1.48743,1.48746,85
1779711420,1.48746,1.4875,1.48742,1.48743,67
1779711480,1.48743,1.48748,1.48743,1.48747,45
1779711540,1.48753,1.4876,1.48751,1.48757,50
1779711660,1.48748,1.48751,1.48746,1.48748,63
1779711780,1.48747,1.48747,1.48747,1.48747,1
1779711840,1.48744,1.48745,1.48741,1.48742,82
1779711900,1.48738,1.48739,1.48732,1.48734,105
1779711960,1.48735,1.48735,1.48723,1.48723,49
1779712020,1.48724,1.48727,1.48716,1.48722,57
1779712080,1.48723,1.48725,1.48721,1.48722,67
1779712140,1.48722,1.48724,1.48717,1.48721,52
1779712200,1.48722,1.48728,1.48719,1.48728,74
1779712260,1.48726,1.48746,1.48725,1.48746,77
1779712380,1.48751,1.48752,1.48744,1.48745,58
1779712440,1.48744,1.48751,1.48743,1.48748,69
1779712500,1.48749,1.4875,1.48741,1.48745,82
1779712560,1.48743,1.48747,1.4874,1.48746,68
1779712620,1.48747,1.4875,1.48743,1.48748,53
1779712680,1.48748,1.4875,1.48742,1.48746,78
1779712740,1.48746,1.48752,1.48741,1.48752,57
1779712800,1.4875,1.48752,1.48747,1.48748,66
1779712860,1.48749,1.48753,1.48746,1.48747,66
1779712920,1.48748,1.4875,1.48747,1.48748,60
1779712980,1.48749,1.48752,1.48744,1.48748,85
1779713040,1.4875,1.48758,1.4875,1.48758,103
1779713100,1.48758,1.48768,1.48747,1.48768,134
1779713160,1.48766,1.4878,1.48765,1.4878,135
1779713220,1.48779,1.48782,1.48771,1.48775,81
1779713280,1.48773,1.48776,1.48766,1.48769,54
1779713340,1.4877,1.4877,1.4876,1.48764,57
1779713400,1.48765,1.48774,1.48763,1.48765,73
1779713460,1.48764,1.48769,1.48761,1.48762,102
1779713520,1.48761,1.48765,1.48758,1.48762,71
1779713580,1.48763,1.48763,1.48756,1.48762,70
1779713640,1.48762,1.48764,1.48759,1.48764,68
1779713760,1.48766,1.48773,1.48764,1.48772,47
1779713880,1.4877,1.4877,1.4876,1.48768,49
1779713940,1.48766,1.48766,1.48762,1.48763,38
1779714000,1.48765,1.48774,1.48765,1.48774,71
1779714060,1.48772,1.48776,1.48769,1.48772,64
1779714120,1.48773,1.48777,1.48769,1.48773,78
1779714180,1.48774,1.48774,1.48764,1.48764,67
1779714240,1.48764,1.48768,1.48759,1.48764,76
1779714300,1.48765,1.48765,1.48759,1.48764,68
1779714360,1.48763,1.48766,1.48759,1.48759,63
1779714420,1.4876,1.48762,1.48755,1.48757,55
1779714480,1.48755,1.4876,1.48754,1.48757,48
1779714540,1.4876,1.48762,1.48753,1.48761,52
1779714600,1.48761,1.48762,1.48757,1.48757,87
1779714660,1.48758,1.48758,1.48741,1.48741,111
1779714720,1.48739,1.48744,1.48737,1.48744,81
1779714780,1.48745,1.48745,1.4874,1.48744,56
1779714840,1.48743,1.48744,1.48739,1.48742,35
1779714900,1.48741,1.48743,1.48735,1.48743,69
1779714960,1.4874,1.48742,1.48728,1.48733,95
1779715020,1.48735,1.48738,1.48723,1.48723,104
1779715080,1.48726,1.4873,1.48722,1.48727,58
1779715140,1.48727,1.48727,1.48722,1.48726,38
1779715200,1.48723,1.48726,1.48722,1.48724,59
1779715260,1.48724,1.48725,1.48718,1.48725,54
1779715320,1.48726,1.48728,1.48724,1.48728,33
1779715380,1.48726,1.48726,1.48717,1.48722,49
1779715440,1.48722,1.48725,1.48718,1.4872,60
1779715500,1.48723,1.48723,1.48718,1.48719,23
1779715560,1.48718,1.48734,1.48718,1.48729,58
1779715620,1.48728,1.48729,1.48725,1.48729,30
1779715680,1.48722,1.48724,1.48711,1.48711,44
1779715740,1.4871,1.48712,1.48707,1.48712,53
1779715800,1.48711,1.48711,1.48694,1.48697,120
1779715860,1.48694,1.48699,1.4869,1.48699,86
1779715920,1.48697,1.48701,1.48691,1.48692,51
1779716040,1.48697,1.487,1.48696,1.48699,42
1779716160,1.48699,1.48704,1.48695,1.48695,69
1779716220,1.48695,1.48703,1.48694,1.48701,64
1779716280,1.48699,1.48701,1.48692,1.48696,47
1779716460,1.48699,1.48703,1.48696,1.48698,44
1779716520,1.48699,1.48701,1.48693,1.48694,50
1779716580,1.48694,1.48701,1.48689,1.48696,70
1779716640,1.48693,1.48697,1.4869,1.48691,44
1779716700,1.48692,1.48694,1.48687,1.48688,56
1779716760,1.4869,1.48691,1.48684,1.48691,55
1779716880,1.4869,1.48693,1.48688,1.48688,38
1779716940,1.48693,1.48695,1.48693,1.48695,29
1779717000,1.48694,1.48701,1.48693,1.48695,44
1779717060,1.48697,1.48712,1.48696,1.4871,62
1779717120,1.48713,1.48715,1.48706,1.48709,68
1779717240,1.48702,1.48702,1.48694,1.48695,47
1779717360,1.48692,1.48695,1.4869,1.48692,39
1779717420,1.48692,1.48693,1.48689,1.48691,65
1779717540,1.48678,1.48683,1.48677,1.48677,52
1779717600,1.48681,1.48682,1.48673,1.48674,89
1779717660,1.48675,1.48677,1.48671,1.48671,84
1779717720,1.48671,1.48684,1.48669,1.48678,81
1779717780,1.48671,1.48682,1.48671,1.48681,47
1779717840,1.48681,1.48688,1.4868,1.48688,63
1779717900,1.4869,1.4869,1.48684,1.48684,49
1779718020,1.48686,1.48686,1.48679,1.4868,50
1779718080,1.48681,1.48683,1.48678,1.48681,45
1779718140,1.48679,1.48688,1.48679,1.48687,59
1779718260,1.48686,1.4869,1.48686,1.48688,27
1779718380,1.4868,1.48681,1.48675,1.48676,38
1779718440,1.48676,1.48679,1.48674,1.48676,26
1779718500,1.48679,1.48685,1.48679,1.48684,59
1779718620,1.48686,1.48688,1.48683,1.48685,48
1779718740,1.48688,1.48691,1.48686,1.4869,22
1779718860,1.48691,1.48697,1.48691,1.48695,35
1779718920,1.48696,1.48696,1.48678,1.48689,53
1779718980,1.48689,1.48691,1.48683,1.48691,47
1779719040,1.48687,1.48691,1.48685,1.48689,46
1779719100,1.48688,1.4869,1.4868,1.48684,48
1779719220,1.48684,1.48684,1.4868,1.48683,27
1779719280,1.48683,1.48684,1.48679,1.4868,37
1779719340,1.4868,1.48683,1.48676,1.48683,57
1779719400,1.48676,1.48685,1.48673,1.48681,78
1779719460,1.48682,1.48684,1.48673,1.48674,75
1779719580,1.48677,1.48678,1.4867,1.48675,56
1779719640,1.48674,1.48686,1.48671,1.48684,57
1779719700,1.48683,1.48688,1.48681,1.48683,61
1779719760,1.48684,1.48686,1.48678,1.48681,56
1779719820,1.48681,1.48683,1.48675,1.48676,50
1779719880,1.48676,1.48681,1.48674,1.48681,38
1779719940,1.4868,1.48686,1.48676,1.48683,58
1779720060,1.48682,1.48698,1.48682,1.48695,53
1779720120,1.48698,1.48704,1.48697,1.487,42
1779720180,1.48694,1.48697,1.48691,1.48695,38
1779720240,1.48697,1.48702,1.48693,1.48696,47
1779720300,1.48693,1.48698,1.48691,1.48695,57
1779720480,1.48704,1.48708,1.48702,1.48707,39
1779720540,1.48706,1.4871,1.48699,1.48703,39
1779720660,1.48705,1.48709,1.48703,1.48703,53
1779720780,1.4871,1.48715,1.48709,1.48714,26
1779720840,1.4871,1.48713,1.48707,1.4871,38
1779720960,1.48713,1.48719,1.48711,1.48718,66
1779721020,1.48714,1.48714,1.48669,1.48669,107
1779721080,1.48653,1.48674,1.48653,1.48664,142
1779721140,1.48664,1.48665,1.48658,1.48661,113
1779721200,1.48663,1.48669,1.48659,1.48666,97
1779721260,1.48665,1.48672,1.48663,1.48672,88
1779721320,1.4867,1.4867,1.48653,1.48659,107
1779721440,1.48664,1.48669,1.48664,1.48668,49
1779721500,1.48664,1.48681,1.48664,1.48677,102
1779721560,1.48674,1.48682,1.48672,1.4868,84
1779721620,1.48681,1.48686,1.48677,1.48683,52
1779721680,1.48681,1.48687,1.48678,1.48684,60
1779721740,1.48682,1.48684,1.4868,1.48683,22
1779721800,1.48673,1.48697,1.48671,1.48695,128
1779721860,1.48694,1.48705,1.48682,1.48697,181
1779721920,1.48702,1.48709,1.48698,1.48702,142
1779721980,1.48701,1.48701,1.48696,1.48698,67
1779722040,1.48696,1.48696,1.48686,1.48686,111
1779722100,1.48689,1.48691,1.48684,1.4869,90
1779722160,1.48689,1.48696,1.48686,1.4869,102
1779722280,1.48687,1.48693,1.48684,1.48691,54
1779722340,1.48694,1.48698,1.48689,1.48698,45
1779731460,1.48663,1.48663,1.48662,1.48662,4
1779731520,1.48662,1.48665,1.48662,1.48663,6
1779731580,1.48667,1.48668,1.48665,1.48666,20
1779731640,1.48665,1.48666,1.48665,1.48666,8
1779731700,1.48668,1.48669,1.48668,1.48669,30
1779731760,1.48671,1.48671,1.48667,1.4867,22
1779731820,1.4867,1.48671,1.48667,1.48669,28
1779731880,1.4867,1.4867,1.48666,1.48666,4
1779731940,1.48666,1.48671,1.48666,1.48671,13
1779732000,1.48673,1.48674,1.48669,1.4867,33
1779732060,1.48673,1.48673,1.48664,1.48664,20
1779732120,1.48665,1.48665,1.48658,1.4866,29
1779732180,1.48658,1.48661,1.48658,1.48659,20
1779732240,1.48657,1.4866,1.48656,1.48657,34
1779732420,1.4866,1.4866,1.48658,1.48658,7
1779732480,1.48656,1.48659,1.48656,1.48657,13
1779733260,1.48672,1.48672,1.48667,1.48667,21
1779733320,1.48665,1.4867,1.48662,1.48666,28
1779733440,1.48664,1.48664,1.48664,1.48664,1
1779733560,1.48666,1.48666,1.48665,1.48665,4
1779733620,1.48666,1.48667,1.48665,1.48666,28
1779733680,1.48665,1.48667,1.48662,1.48667,13
1779733740,1.48663,1.48666,1.48662,1.48665,24
1779733800,1.48663,1.48666,1.48661,1.48664,24
1779733860,1.48662,1.48665,1.48661,1.48662,27
1779733980,1.48659,1.48661,1.48657,1.48658,12
1779734040,1.4866,1.48661,1.48658,1.4866,21
1779734100,1.48662,1.48664,1.48661,1.48661,21
1779734220,1.48668,1.4867,1.48667,1.48668,14
1779734280,1.48669,1.48669,1.48667,1.48668,15
1779734340,1.48668,1.4867,1.48668,1.4867,5
1779734400,1.48666,1.48666,1.48657,1.48658,14
1779734460,1.48658,1.4866,1.48657,1.4866,16
1779734580,1.4866,1.4866,1.4866,1.4866,2
1779734640,1.48663,1.48663,1.48658,1.48662,24
1779734700,1.48661,1.48663,1.48659,1.48662,19
1779734760,1.48663,1.48663,1.48658,1.48663,20
1779734820,1.48662,1.48663,1.48661,1.48663,13
1779734880,1.48661,1.48663,1.48661,1.48663,9
1779734940,1.48663,1.48663,1.48662,1.48662,9
1779735000,1.48662,1.48669,1.48662,1.48665,27
1779735120,1.48663,1.48664,1.48661,1.48663,11
1779735180,1.48663,1.48665,1.48661,1.48662,16
1779735240,1.48662,1.48664,1.48661,1.48664,19
1779735300,1.48663,1.48664,1.48663,1.48664,18
1779735360,1.48665,1.48666,1.48665,1.48665,8
1779735420,1.48664,1.48665,1.48664,1.48664,8
1779735480,1.48665,1.48665,1.48665,1.48665,1
1779735540,1.48665,1.48677,1.48665,1.48669,29
1779735600,1.4867,1.48675,1.48669,1.48671,23
1779735660,1.4867,1.48671,1.4867,1.4867,5
1779735720,1.48671,1.48671,1.4867,1.48671,12
1779735780,1.48671,1.48671,1.48671,1.48671,5
1779735840,1.4867,1.48671,1.48669,1.4867,20
1779735900,1.48671,1.48671,1.48665,1.48665,30
1779735960,1.48666,1.48667,1.48665,1.48666,7
1779736020,1.48665,1.48666,1.48665,1.48666,4
1779736080,1.48666,1.48666,1.48665,1.48666,9
1779736260,1.48666,1.48666,1.48662,1.48663,17
1779736320,1.48665,1.48665,1.48657,1.48658,15
1779736380,1.48657,1.4866,1.48657,1.4866,5
1779736440,1.4866,1.4866,1.4866,1.4866,1
1779736500,1.48661,1.48662,1.4866,1.48661,20
1779736560,1.4866,1.48661,1.4866,1.4866,10
1779736740,1.48665,1.48665,1.48664,1.48664,7
1779736860,1.48661,1.48665,1.48661,1.48665,10
1779736920,1.48665,1.48666,1.48663,1.48665,12
1779736980,1.48666,1.48666,1.48661,1.48664,14
1779737040,1.48665,1.48665,1.48663,1.48664,13
1779737100,1.4866,1.48665,1.4866,1.48664,21
1779737160,1.48665,1.48665,1.48664,1.48665,9
1779737220,1.48669,1.48669,1.48667,1.48667,11
1779737280,1.48667,1.48669,1.48665,1.48665,13
1779737340,1.48666,1.4867,1.48666,1.48667,28
1779737400,1.48667,1.48669,1.48666,1.48667,14
1779737460,1.48666,1.48666,1.48663,1.48663,7
1779737580,1.48662,1.48663,1.48661,1.48663,5
1779737640,1.48663,1.48666,1.48663,1.48666,12
1779737700,1.48661,1.48663,1.48658,1.48662,21
1779737760,1.48661,1.48663,1.4866,1.4866,17
1779737820,1.48661,1.48664,1.48653,1.48653,30
1779737940,1.4866,1.4866,1.4866,1.4866,1
1779738060,1.48663,1.48663,1.48662,1.48662,2
1779738120,1.48662,1.48663,1.4866,1.48661,27
1779738180,1.48662,1.48663,1.48658,1.4866,23
1779738240,1.48659,1.48659,1.48658,1.48658,8
1779738420,1.48651,1.48652,1.48647,1.48647,19
1779738480,1.48649,1.48652,1.48649,1.48652,4
1779738540,1.48648,1.48652,1.48648,1.48652,7
1779738660,1.48645,1.48647,1.48645,1.48645,9
1779738720,1.48644,1.48649,1.48644,1.48648,8
1779738780,1.48649,1.48649,1.48643,1.48644,14
1779738840,1.48645,1.48645,1.48644,1.48645,10
1779738960,1.48643,1.48644,1.48642,1.48643,12
1779739020,1.48642,1.48652,1.4864,1.48651,35
1779739080,1.48647,1.48648,1.48644,1.48647,36
1779739140,1.48647,1.48648,1.48644,1.48645,31
1779739200,1.48648,1.48648,1.48635,1.48635,31
1779739260,1.48635,1.48644,1.48633,1.48644,33
1779739380,1.48646,1.48647,1.48642,1.48642,14
1779739440,1.48642,1.48644,1.48642,1.48644,4
1779739560,1.4864,1.48642,1.4864,1.48642,5
1779739620,1.48644,1.48647,1.48644,1.48647,21
1779739680,1.48646,1.48649,1.48646,1.48647,4
1779739740,1.4865,1.48652,1.4865,1.48652,6
1779739860,1.48647,1.48651,1.48647,1.48651,18
1779739920,1.4865,1.48652,1.4865,1.48651,20
1779739980,1.48651,1.48651,1.48649,1.48651,19
1779740040,1.48649,1.48651,1.48649,1.48651,4
1779740100,1.4865,1.4865,1.48649,1.48649,8
1779740220,1.48651,1.48654,1.4865,1.48654,8
1779740280,1.48655,1.48655,1.4865,1.48651,13
1779740340,1.4865,1.48651,1.48649,1.48651,7
1779740400,1.48651,1.48651,1.4865,1.48651,8
1779740460,1.48659,1.48665,1.48652,1.48654,24
1779740520,1.48652,1.48654,1.48651,1.48652,10
1779740580,1.48657,1.48659,1.48657,1.48657,14
1779740640,1.48658,1.48658,1.48656,1.48657,6
1779740700,1.48657,1.48657,1.48645,1.48646,25
1779740760,1.48646,1.48646,1.48644,1.48646,10
1779740820,1.48646,1.4865,1.48645,1.4865,21
1779740880,1.4865,1.4865,1.48649,1.48649,7
1779740940,1.48653,1.48654,1.48651,1.48652,15
1779741000,1.48661,1.48662,1.48661,1.48662,9
1779741060,1.48662,1.48662,1.48658,1.48658,14
1779741120,1.4866,1.4866,1.4866,1.4866,2
1779741180,1.48659,1.48661,1.48658,1.48661,10
1779741240,1.48661,1.48661,1.48659,1.48661,4
1779741300,1.48661,1.48661,1.48653,1.48655,17
1779741360,1.48654,1.48656,1.48654,1.48655,35
1779741420,1.48658,1.48658,1.48658,1.48658,4
1779741480,1.48656,1.48658,1.48654,1.48656,13
1779741540,1.48656,1.48658,1.4865,1.48652,26
1779741720,1.4864,1.48643,1.48638,1.48642,17
1779741780,1.48639,1.48639,1.48635,1.48636,28
1779741840,1.48638,1.48638,1.48634,1.48634,32
1779741900,1.48644,1.48648,1.48638,1.48645,47
1779742080,1.48659,1.48659,1.48653,1.48659,46
1779742140,1.48657,1.4866,1.48653,1.4866,32
1779742260,1.48653,1.4866,1.48652,1.4866,15
1779742320,1.48659,1.48659,1.48658,1.48658,13
1779742440,1.48653,1.48659,1.48653,1.48659,7
1779742560,1.48626,1.48629,1.4862,1.4862,15
1779742620,1.48619,1.48623,1.48619,1.48623,9
1779742680,1.48619,1.48619,1.48615,1.48617,11
1779742860,1.48536,1.48568,1.48536,1.48536,19
1779742920,1.48537,1.48537,1.48494,1.48494,10
1779742980,1.48526,1.48526,1.48494,1.48494,16
1779743100,1.48526,1.48557,1.48495,1.48523,18
1779743220,1.48556,1.48556,1.48523,1.48523,4
1779743280,1.48553,1.48553,1.48493,1.48493,9
1779743340,1.48493,1.48527,1.48493,1.48527,5
1779743400,1.48494,1.48543,1.48494,1.48497,34
1779743460,1.48529,1.48529,1.48497,1.48529,6
1779743520,1.48541,1.48541,1.48508,1.48508,5
1779743580,1.48505,1.48534,1.48502,1.48534,6
1779743640,1.48536,1.48536,1.48504,1.48515,5
1779743700,1.48531,1.48531,1.48499,1.48526,10
1779743820,1.48511,1.48511,1.48498,1.48498,2
1779743880,1.48508,1.48517,1.48498,1.48517,5
1779743940,1.48529,1.48529,1.48529,1.48529,1
1779744000,1.48529,1.48533,1.48529,1.48533,10
1779744060,1.48533,1.48533,1.48533,1.48533,1
1779744120,1.48541,1.48541,1.48533,1.48533,5
1779744180,1.48534,1.48534,1.48534,1.48534,3
1779744240,1.48515,1.48528,1.48515,1.48528,3
1779744300,1.48519,1.48522,1.48504,1.4852,10
1779744360,1.4851,1.4852,1.48509,1.48509,3
1779744420,1.48517,1.48517,1.4851,1.4851,5
1779744480,1.4851,1.48512,1.4851,1.48512,7
1779744540,1.48518,1.48532,1.48518,1.48532,10
1779744600,1.48541,1.48541,1.48529,1.48538,18
1779744660,1.48538,1.48559,1.48538,1.48548,45
1779744720,1.48549,1.48555,1.48532,1.48543,52
1779744780,1.48549,1.48556,1.48539,1.48545,45
1779744840,1.48565,1.4858,1.48564,1.4858,30
1779744960,1.48573,1.48578,1.48573,1.48578,12
1779745020,1.48578,1.4858,1.48578,1.4858,3
1779745080,1.48578,1.48578,1.48578,1.48578,1
1779745140,1.48577,1.48579,1.48575,1.48579,9
1779745200,1.48575,1.48647,1.4856,1.48578,65
1779745260,1.48563,1.48586,1.4856,1.48579,27
1779745320,1.4856,1.48598,1.48559,1.48571,40
1779745440,1.48533,1.48541,1.48508,1.48541,24
1779745500,1.48518,1.48518,1.48476,1.48476,80
1779745560,1.48478,1.485,1.48472,1.485,92
1779745620,1.48501,1.48501,1.4848,1.48501,50
1779745680,1.48502,1.48521,1.48468,1.48474,45
1779745740,1.48474,1.48483,1.48462,1.48483,50
1779745800,1.48483,1.48483,1.48467,1.48474,34
1779745920,1.48465,1.48476,1.48465,1.48476,38
1779745980,1.48467,1.48475,1.48467,1.48475,4
1779746040,1.48466,1.4852,1.48465,1.4852,25
1779746220,1.48534,1.48535,1.48516,1.48534,17
1779746280,1.48522,1.48524,1.48518,1.48521,16
1779746340,1.48513,1.48514,1.48487,1.48514,21
1779746400,1.48496,1.4862,1.48475,1.48602,144
1779746460,1.48602,1.48602,1.4857,1.48582,105
1779746520,1.48581,1.48617,1.4858,1.48583,76
1779746580,1.48585,1.48586,1.48569,1.48572,70
1779746640,1.48574,1.48577,1.48561,1.4857,78
1779746700,1.48572,1.48577,1.48566,1.48566,60
1779746820,1.48602,1.48604,1.48594,1.486,62
1779746940,1.48603,1.48604,1.48601,1.48602,39
1779747060,1.48609,1.48639,1.48602,1.4862,61
1779747120,1.48616,1.48618,1.48613,1.48614,30
1779747180,1.48616,1.48637,1.48613,1.48637,41
1779747240,1.48636,1.48657,1.48636,1.4865,19
1779747300,1.48651,1.48658,1.48644,1.48644,72
1779747360,1.48645,1.48656,1.48642,1.48656,75
1779747420,1.4866,1.48688,1.48652,1.48686,81
1779747480,1.48686,1.48686,1.4868,1.4868,18
1779747540,1.48679,1.4868,1.48645,1.48646,27
1779747600,1.48651,1.48653,1.48651,1.48651,25
1779747660,1.4865,1.48653,1.48638,1.48652,56
1779747720,1.48652,1.48654,1.48651,1.48651,11
1779747780,1.48652,1.48652,1.48652,1.48652,1
1779747840,1.48654,1.48655,1.48648,1.48654,37
1779747900,1.48652,1.48663,1.48648,1.48663,54
1779747960,1.48663,1.48663,1.48652,1.48655,63
1779748020,1.48657,1.48659,1.48651,1.48659,57
1779748080,1.48658,1.4866,1.48649,1.4866,31
1779748140,1.4866,1.48663,1.48648,1.48652,34
1779748200,1.48657,1.48663,1.48647,1.48649,48
1779748260,1.48649,1.48663,1.48648,1.48656,62
1779748380,1.48658,1.48663,1.48652,1.4866,42
1779748440,1.4866,1.48662,1.48648,1.48658,59
1779748500,1.48657,1.48659,1.48649,1.48651,53
1779748560,1.48651,1.48661,1.48649,1.48661,43
1779748620,1.48659,1.4866,1.48655,1.4866,48
1779748680,1.48662,1.48665,1.48659,1.48661,43
1779748740,1.48658,1.48667,1.48655,1.48666,52
1779748920,1.48672,1.48672,1.48663,1.48663,24
1779748980,1.48662,1.48671,1.48657,1.48664,45
1779749040,1.48666,1.4867,1.48662,1.4867,33
1779749100,1.48671,1.48671,1.48665,1.48671,17
1779749280,1.4866,1.48667,1.4866,1.48665,33
1779749340,1.48656,1.48662,1.48651,1.48651,60
1779749460,1.48658,1.48663,1.48652,1.48662,91
1779749580,1.48656,1.48656,1.48656,1.48656,2
1779749640,1.48662,1.48663,1.48655,1.48655,5
1779749760,1.48657,1.48669,1.48655,1.48664,57
1779749820,1.48666,1.48668,1.48664,1.48668,16
1779749880,1.48667,1.48668,1.48658,1.48666,50
1779749940,1.48667,1.4867,1.48662,1.48664,38
1779750000,1.48666,1.48666,1.48643,1.4866,97
1779750060,1.48662,1.48667,1.4866,1.48661,53
1779750120,1.48661,1.48668,1.48654,1.48659,80
1779750240,1.48662,1.48668,1.48653,1.48664,50
1779750300,1.48667,1.48669,1.48654,1.4866,72
1779750360,1.48661,1.48663,1.48657,1.48663,47
1779750420,1.48662,1.48668,1.48658,1.48661,52
1779750480,1.48661,1.48669,1.48657,1.48665,39
1779750540,1.48664,1.48669,1.4866,1.48661,57
1779750600,1.48668,1.48669,1.4866,1.48664,42
1779750720,1.48659,1.48668,1.48659,1.48665,36
1779750780,1.48662,1.48668,1.48662,1.48665,15
1779750840,1.4866,1.48668,1.48658,1.48666,50
1779750900,1.48663,1.48666,1.48655,1.48658,63
1779750960,1.48658,1.48667,1.48657,1.48662,44
1779751020,1.48663,1.48671,1.48657,1.48671,56
1779751080,1.48669,1.48671,1.48661,1.48661,37
1779751140,1.4866,1.48668,1.48659,1.48667,33
1779751200,1.48659,1.48672,1.48659,1.48664,57
1779751260,1.48664,1.48672,1.48664,1.48666,58
1779751320,1.48672,1.48674,1.48662,1.48671,56
1779751440,1.48672,1.48672,1.4865,1.48655,63
1779751560,1.48658,1.48664,1.48656,1.48662,48
1779751620,1.48652,1.48664,1.48652,1.48661,59
1779751680,1.48664,1.48664,1.48654,1.48661,46
1779751740,1.48657,1.48665,1.48657,1.48662,30
1779751800,1.48659,1.48666,1.48656,1.48664,50
1779751860,1.48665,1.48667,1.48657,1.48667,58
1779751920,1.48668,1.4867,1.48659,1.48666,43
1779751980,1.48665,1.48673,1.48659,1.4867,54
1779752040,1.4867,1.48671,1.48663,1.48666,38
1779752100,1.48667,1.48669,1.48664,1.48668,47
1779752160,1.48669,1.48671,1.48658,1.4867,79
1779752220,1.48661,1.48667,1.48658,1.48666,64
1779752280,1.48662,1.48669,1.48657,1.48669,65
1779752340,1.48663,1.48669,1.4866,1.48668,48
1779752400,1.48661,1.48668,1.48656,1.48664,79
1779752460,1.48663,1.48665,1.48663,1.48664,13
1779752520,1.48659,1.48666,1.48654,1.48658,80
1779752640,1.48654,1.48666,1.48653,1.48658,51
1779752700,1.48655,1.48668,1.48655,1.48668,99
1779752760,1.48667,1.48677,1.4866,1.4867,134
1779752880,1.48661,1.48664,1.48653,1.48658,95
1779753060,1.48648,1.48658,1.4864,1.48657,53
1779753120,1.48662,1.48663,1.48658,1.48662,25
1779753180,1.48656,1.48656,1.48641,1.48642,60
1779753240,1.4865,1.48656,1.48649,1.48655,47
1779753360,1.48654,1.48657,1.48644,1.48651,70
1779753420,1.48653,1.48658,1.48647,1.48653,75
1779753480,1.48654,1.48657,1.48646,1.48652,41
1779753540,1.48657,1.48658,1.48646,1.48657,55
1779753600,1.48655,1.48669,1.48644,1.48666,149
1779753660,1.48665,1.48673,1.48658,1.48664,139
1779753720,1.48664,1.48675,1.4866,1.48667,157
1779753780,1.48659,1.48685,1.48657,1.4868,121
1779753840,1.48681,1.48689,1.4867,1.48688,107
1779753900,1.48685,1.4869,1.48676,1.48682,116
1779754020,1.4869,1.48696,1.48686,1.4869,81
1779754080,1.48689,1.48696,1.48684,1.4869,103
1779754140,1.48692,1.48695,1.48679,1.48686,94
1779754200,1.48692,1.48695,1.48683,1.48692,113
1779754260,1.48693,1.48696,1.48691,1.48694,106
1779754320,1.48697,1.487,1.48681,1.48684,72
1779754380,1.48689,1.48692,1.48678,1.48684,78
1779754440,1.48678,1.48684,1.48669,1.48679,106
1779754500,1.48677,1.4868,1.48665,1.48679,107
1779754560,1.48679,1.48683,1.48668,1.48671,99
1779754620,1.48672,1.48684,1.48671,1.48677,103
1779754740,1.48666,1.4868,1.48662,1.4867,119
1779754860,1.48671,1.48676,1.48667,1.48672,116
1779754920,1.48669,1.48672,1.48661,1.48669,114
1779754980,1.48672,1.48676,1.48662,1.48664,94
1779755040,1.48663,1.48673,1.48662,1.48671,51
1779755100,1.48665,1.48668,1.48653,1.48663,116
1779755160,1.48661,1.48661,1.48647,1.48657,99
1779755220,1.48656,1.48663,1.48649,1.48662,99
1779755280,1.48661,1.48662,1.48648,1.48657,63
1779755340,1.48658,1.48659,1.48649,1.48655,87
1779755400,1.48653,1.48654,1.4864,1.48644,110
1779755460,1.48645,1.48648,1.48635,1.48643,135
1779755580,1.4865,1.4865,1.48636,1.48642,63
1779755640,1.48643,1.48644,1.48629,1.48638,106
1779755700,1.48638,1.48644,1.48626,1.48627,76
1779755820,1.48635,1.48636,1.48628,1.48632,63
1779755880,1.48638,1.48638,1.48635,1.48635,36
1779755940,1.48629,1.48636,1.48623,1.48635,69
1779756000,1.48632,1.48639,1.48628,1.48636,83
1779756060,1.48633,1.48636,1.48619,1.48624,114
1779756120,1.48625,1.4863,1.4862,1.48628,69
1779756180,1.48631,1.48633,1.48625,1.4863,68
1779756240,1.48629,1.48638,1.48622,1.48629,72
1779756300,1.48633,1.48637,1.48628,1.48633,87
1779756360,1.48626,1.48641,1.48621,1.48635,120
1779756420,1.48635,1.48642,1.48624,1.48634,101
1779756540,1.48637,1.48642,1.48633,1.48635,84
1779756660,1.48626,1.48636,1.48626,1.48633,44
1779756720,1.48639,1.48645,1.4863,1.48642,85
1779756780,1.48645,1.48645,1.48631,1.48635,86
1779756840,1.48637,1.48644,1.48627,1.48628,116
1779756900,1.4863,1.4865,1.4863,1.48646,103
1779756960,1.48646,1.48648,1.48635,1.48644,74
1779757020,1.48639,1.48641,1.48626,1.48629,86
1779757080,1.4863,1.48634,1.48628,1.48632,59
1779757140,1.48632,1.48632,1.48616,1.48624,93
1779757200,1.48622,1.4863,1.48617,1.48624,132
1779757260,1.48621,1.48635,1.48618,1.48631,112
1779757320,1.48632,1.48635,1.48619,1.48626,117
1779757380,1.48625,1.48627,1.48614,1.4862,87
1779757440,1.48618,1.4862,1.48605,1.4862,121
1779757500,1.48621,1.48622,1.486,1.48609,105
1779757680,1.48592,1.48604,1.48587,1.48602,87
1779757740,1.48606,1.48608,1.48604,1.48604,53
1779757860,1.48606,1.48608,1.48596,1.48603,86
1779757980,1.48599,1.48612,1.48599,1.4861,32
1779758040,1.48594,1.48603,1.48594,1.48597,81
1779758100,1.48612,1.48618,1.48604,1.48614,97
1779758160,1.48613,1.48616,1.48606,1.48607,63
1779758220,1.48608,1.48612,1.48599,1.48612,60
1779758280,1.48612,1.48621,1.48608,1.48621,106
1779758340,1.48623,1.48626,1.48604,1.48615,104
1779758460,1.48613,1.48614,1.48602,1.48604,64
1779758520,1.48604,1.48618,1.48603,1.48618,87
1779758580,1.48614,1.48614,1.48601,1.48609,109
1779758640,1.48609,1.48611,1.48597,1.48598,86
1779758760,1.48593,1.48598,1.4859,1.48597,44
1779758820,1.48589,1.48596,1.48584,1.48596,61
1779758880,1.48594,1.48603,1.48592,1.48596,52
1779758940,1.48588,1.48602,1.48588,1.48596,98
1779759000,1.48596,1.48601,1.48584,1.48589,137
1779759060,1.4859,1.48597,1.48582,1.48592,128
1779759120,1.48594,1.48595,1.48575,1.48584,109
1779759180,1.48586,1.48588,1.48579,1.48584,63
1779759240,1.48583,1.48592,1.48574,1.48588,113
1779759300,1.48594,1.48594,1.48576,1.48582,87
1779759360,1.48583,1.48596,1.48578,1.48588,97
1779759420,1.48587,1.48589,1.48571,1.48573,67
1779759480,1.48581,1.48582,1.4857,1.4858,83
1779759540,1.48585,1.48588,1.48574,1.48585,116
1779759600,1.48581,1.48599,1.4858,1.48597,128
1779759720,1.48599,1.48602,1.48586,1.48586,71
1779759780,1.48593,1.48599,1.48582,1.48592,81
1779759840,1.48594,1.48594,1.48583,1.48588,65
1779759900,1.48588,1.48591,1.4858,1.48589,115
1779759960,1.4859,1.48592,1.48583,1.48587,67
1779760020,1.48588,1.48596,1.48579,1.48595,113
1779760080,1.48592,1.48599,1.48574,1.4858,99
1779760140,1.48581,1.48584,1.48566,1.48574,63
1779760200,1.48579,1.48582,1.48573,1.48579,79
1779760260,1.4858,1.48583,1.48572,1.48575,63
1779760320,1.4857,1.48581,1.48569,1.48571,79
1779760380,1.48582,1.48595,1.48572,1.48595,81
1779760440,1.48595,1.48597,1.48582,1.48595,92
1779760500,1.48593,1.48598,1.48585,1.48593,113
1779760560,1.48594,1.48595,1.48584,1.48593,108
1779760620,1.48597,1.48605,1.48594,1.48601,74
1779760680,1.48593,1.48597,1.48586,1.48588,55
1779760740,1.48586,1.4859,1.48577,1.48587,70
1779760800,1.48587,1.48587,1.48572,1.48578,132
1779760860,1.48579,1.48586,1.48571,1.48581,87
1779760920,1.48581,1.48583,1.4857,1.48577,105
1779760980,1.48579,1.48587,1.48574,1.48586,133
1779761040,1.48584,1.48588,1.48577,1.48577,53
1779761160,1.48583,1.48586,1.48573,1.48576,53
1779761220,1.48582,1.48588,1.48576,1.48576,79
1779761280,1.48581,1.48586,1.48578,1.48586,50
1779761460,1.48568,1.4858,1.48568,1.48579,34
1779761520,1.48579,1.48583,1.48569,1.4857,64
1779761580,1.48578,1.48593,1.48569,1.48579,77
1779761640,1.48581,1.48584,1.48575,1.48579,60
1779761700,1.48578,1.48578,1.48558,1.48573,78
1779761760,1.48574,1.48579,1.48574,1.48578,40
1779761940,1.48573,1.48577,1.48568,1.48569,51
1779762060,1.48569,1.48574,1.4856,1.48565,82
1779762120,1.48569,1.48571,1.48562,1.48569,58
1779762180,1.48571,1.48576,1.48562,1.48569,81
1779762240,1.48567,1.48574,1.48567,1.48568,63
1779762360,1.4857,1.48573,1.48555,1.48565,47
1779762420,1.48552,1.48566,1.48547,1.48566,77
1779762480,1.48567,1.48574,1.48567,1.48574,51
1779762540,1.48572,1.48576,1.48568,1.48576,72
1779762600,1.48575,1.4858,1.48568,1.4858,97
1779762660,1.4858,1.48583,1.4857,1.48583,110
1779762720,1.4858,1.48584,1.48573,1.4858,95
1779762780,1.4858,1.48583,1.48572,1.48581,80
1779762840,1.48582,1.48585,1.4858,1.48583,35
1779762900,1.48579,1.48579,1.4857,1.48574,91
1779762960,1.48575,1.48584,1.4857,1.48576,74
1779763020,1.48577,1.48582,1.48568,1.4858,84
1779763080,1.48581,1.48582,1.48568,1.48577,59
1779763140,1.48577,1.48582,1.48577,1.48582,48
1779763260,1.48576,1.48581,1.48569,1.4858,62
1779763320,1.48577,1.48588,1.48577,1.48588,52
1779763380,1.48588,1.48595,1.48579,1.48589,114
1779763440,1.48593,1.48594,1.48586,1.48592,67
1779763500,1.48593,1.48601,1.48585,1.48591,102
1779763560,1.48593,1.48607,1.48591,1.48596,84
1779763620,1.48597,1.48614,1.48597,1.48606,132
1779763680,1.48607,1.48613,1.486,1.48606,62
1779763740,1.48609,1.48619,1.48606,1.48614,89
1779763800,1.48614,1.48615,1.48604,1.48613,81
1779763860,1.48614,1.48618,1.48599,1.48605,99
1779763920,1.48605,1.48614,1.48603,1.48611,58
1779763980,1.48612,1.48614,1.48603,1.48603,29
1779764040,1.48603,1.48613,1.48602,1.4861,45
1779764100,1.486,1.48611,1.48598,1.48605,93
1779764220,1.48618,1.48618,1.48601,1.48603,49
1779764280,1.48607,1.48609,1.48596,1.48607,73
1779764340,1.48604,1.48607,1.48594,1.48605,72
1779764400,1.48603,1.48615,1.48598,1.48609,76
1779764460,1.48609,1.48624,1.48609,1.48621,94
1779764520,1.4862,1.48626,1.48613,1.48624,98
1779764580,1.48623,1.48623,1.4861,1.48617,62
1779764640,1.48618,1.4862,1.48608,1.48615,85
1779764700,1.48617,1.48623,1.4861,1.48613,53
1779764760,1.48613,1.48623,1.48613,1.48623,67
1779764820,1.48622,1.48622,1.48611,1.4862,65
1779764940,1.4861,1.4862,1.48605,1.4861,64
1779765060,1.48604,1.48607,1.48598,1.48605,54
1779765120,1.48608,1.4861,1.486,1.4861,68
1779765180,1.48607,1.48619,1.48604,1.48619,83
1779765240,1.4862,1.48623,1.48613,1.48622,77
1779765300,1.48621,1.48626,1.48618,1.48621,86
1779765480,1.48613,1.48616,1.48609,1.48611,74
1779765540,1.48611,1.4862,1.48611,1.48617,45
1779765720,1.48595,1.48595,1.48581,1.48589,14
1779765780,1.48606,1.48608,1.48604,1.48605,26
1779765840,1.48605,1.48608,1.48598,1.48605,61
1779765900,1.48607,1.48611,1.48595,1.48611,89
1779765960,1.48612,1.48615,1.48607,1.48608,53
1779766080,1.48609,1.48609,1.48601,1.48601,26
1779766140,1.48605,1.48608,1.486,1.48601,31
1779766200,1.486,1.48608,1.48591,1.48607,79
1779766260,1.48606,1.48606,1.48593,1.48598,65
1779766440,1.48598,1.48604,1.48598,1.48599,32
1779766560,1.48601,1.48604,1.48593,1.48604,47
1779766620,1.486,1.48603,1.48592,1.48603,81
1779766680,1.48604,1.48605,1.48596,1.48603,64
1779766740,1.48598,1.48603,1.48593,1.48593,56
1779766800,1.48593,1.486,1.48591,1.48599,62
1779766920,1.48601,1.48602,1.48593,1.48598,34
1779766980,1.48603,1.48609,1.48593,1.48595,40
1779767040,1.48606,1.48606,1.48586,1.48593,75
1779767100,1.48597,1.48599,1.48586,1.48591,78
1779767160,1.48592,1.48597,1.48588,1.48596,59
1779767220,1.48597,1.48597,1.48587,1.48596,75
1779767280,1.48597,1.48598,1.48593,1.48594,31
1779767340,1.48595,1.48596,1.48589,1.48594,34
1779767400,1.48593,1.48595,1.48585,1.48586,75
1779767460,1.48585,1.48594,1.48582,1.48584,69
1779767520,1.48588,1.48593,1.48579,1.48589,72
1779767640,1.4859,1.4859,1.4859,1.4859,2
1779767760,1.48596,1.48601,1.4859,1.48599,65
1779767820,1.486,1.48604,1.48592,1.486,76
1779767880,1.48603,1.48607,1.48596,1.48605,64
1779767940,1.48606,1.48607,1.48594,1.48599,68
1779768000,1.48597,1.48604,1.48597,1.48602,51
1779768060,1.48602,1.48606,1.48598,1.48599,44
1779768120,1.48599,1.48608,1.48599,1.48606,43
1779768240,1.48587,1.48597,1.48585,1.48589,58
1779768300,1.48594,1.48601,1.48586,1.48592,80
1779768360,1.48593,1.48599,1.48587,1.48593,57
1779768480,1.48595,1.48596,1.48594,1.48595,20
1779768540,1.48594,1.48594,1.48585,1.48594,33
1779768600,1.48591,1.48599,1.48589,1.48598,78
1779768660,1.48596,1.48599,1.48585,1.48594,56
1779768780,1.48593,1.48595,1.48584,1.48588,45
1779768840,1.48594,1.48595,1.48586,1.48592,37
1779768900,1.486,1.486,1.48587,1.48591,72
1779768960,1.48593,1.48602,1.48587,1.48596,60
1779769020,1.48598,1.48601,1.48594,1.48601,49
1779769140,1.48592,1.48592,1.48585,1.48585,7
1779769200,1.48591,1.48592,1.48581,1.48584,68
1779769260,1.48585,1.48597,1.48585,1.48591,52
1779769320,1.48588,1.48593,1.48583,1.48585,66
1779769380,1.48587,1.48587,1.48576,1.48583,40
1779769440,1.48582,1.48586,1.48582,1.48582,33
1779769620,1.48585,1.48586,1.48581,1.48584,25
1779769680,1.48578,1.48585,1.48577,1.48584,53
1779769740,1.48584,1.48584,1.48569,1.48583,47
1779769800,1.48584,1.48586,1.48575,1.48577,60
1779769980,1.48585,1.48589,1.48584,1.48588,42
1779770040,1.48582,1.48591,1.4858,1.48587,68
1779770160,1.48583,1.48585,1.48573,1.48579,91
1779770280,1.48581,1.48581,1.48581,1.48581,2
1779770340,1.48583,1.48583,1.48576,1.48577,30
1779770460,1.48576,1.48586,1.48572,1.48578,51
1779770520,1.48579,1.48588,1.48578,1.48587,65
1779770580,1.48585,1.48591,1.48577,1.48585,56
1779770640,1.48586,1.48589,1.48584,1.48586,25
1779770700,1.4858,1.48589,1.48574,1.48585,80
1779770760,1.48586,1.48588,1.48579,1.48581,60
1779770820,1.4858,1.48587,1.48574,1.48586,96
1779770880,1.48586,1.48587,1.48576,1.48587,73
1779770940,1.4858,1.48587,1.48575,1.48584,86
1779771000,1.48587,1.4859,1.4858,1.48586,56
1779771060,1.48587,1.48588,1.48578,1.48587,56
1779771120,1.48588,1.48588,1.48577,1.48582,34
1779771180,1.48576,1.48583,1.48576,1.48583,19
1779771240,1.48576,1.48578,1.48569,1.48572,41
1779771300,1.48579,1.4858,1.48565,1.48566,93
1779771360,1.48567,1.48587,1.48567,1.4858,77
1779771420,1.48576,1.48586,1.48576,1.48581,43
1779771480,1.48578,1.48578,1.48565,1.48572,61
1779771540,1.48577,1.48583,1.48568,1.48571,74
1779771600,1.48573,1.48585,1.48568,1.48583,121
1779771660,1.48582,1.4859,1.4858,1.48583,64
1779771720,1.48583,1.48585,1.48575,1.48584,63
1779771780,1.48585,1.48585,1.4858,1.48581,51
1779771840,1.48579,1.48588,1.48575,1.48587,105
1779771900,1.48585,1.48587,1.48576,1.48582,80
1779772020,1.4857,1.48583,1.4857,1.48574,78
1779772080,1.48581,1.48584,1.48577,1.4858,69
1779772140,1.48575,1.48582,1.4857,1.48575,65
1779772200,1.48576,1.48582,1.48567,1.48581,87
1779772260,1.48578,1.48582,1.48574,1.48578,77
1779772320,1.48577,1.48582,1.48572,1.48582,50
1779772380,1.48582,1.48588,1.48573,1.48575,50
1779772440,1.48577,1.48591,1.48573,1.48591,99
1779772500,1.48593,1.48593,1.48573,1.48583,68
1779772560,1.48584,1.48594,1.48582,1.48594,60
1779772620,1.48591,1.48593,1.48581,1.48591,74
1779772680,1.48591,1.48593,1.48585,1.48585,38
1779772740,1.48585,1.48592,1.48581,1.4859,53
1779772800,1.48583,1.48596,1.48583,1.48595,91
1779772860,1.48593,1.48594,1.48579,1.48591,79
1779772920,1.48593,1.48595,1.48584,1.48585,57
1779772980,1.48594,1.48595,1.48584,1.48588,35
1779773040,1.48591,1.48595,1.48583,1.48594,61
1779773100,1.48592,1.48594,1.48583,1.48592,68
1779773160,1.48591,1.48598,1.48589,1.48597,40
1779773220,1.48586,1.48597,1.48586,1.48596,88
1779773280,1.48598,1.486,1.48585,1.48587,75
1779773340,1.48589,1.48597,1.48582,1.48585,70
1779773400,1.48586,1.48593,1.48579,1.4858,123
1779773460,1.48581,1.48584,1.48574,1.48578,104
1779773580,1.48582,1.48587,1.48574,1.48583,80
1779773640,1.48584,1.48595,1.48581,1.48595,66
1779773700,1.48591,1.48596,1.48584,1.48595,61
1779773820,1.48598,1.48603,1.48586,1.48597,69
1779773880,1.48604,1.48607,1.48592,1.48605,56
1779773940,1.48601,1.48605,1.48593,1.48605,58
1779774120,1.48603,1.48605,1.486,1.48605,29
1779774180,1.48603,1.48603,1.48591,1.48599,47
1779774240,1.48599,1.48601,1.48594,1.48601,49
1779774300,1.486,1.48601,1.48588,1.48588,81
1779774360,1.48587,1.48596,1.48586,1.48595,77
1779774420,1.48594,1.48595,1.48584,1.48591,79
1779774540,1.48589,1.48593,1.48586,1.48589,49
1779774600,1.48582,1.48588,1.48578,1.48588,94
1779774660,1.48584,1.48588,1.48576,1.48586,93
1779774720,1.48578,1.4859,1.48577,1.48588,55
1779774840,1.48586,1.48591,1.48584,1.48588,41
1779774960,1.48579,1.4858,1.48572,1.48578,46
1779775020,1.48576,1.48579,1.48569,1.48578,67
1779775080,1.48577,1.4858,1.4857,1.4858,84
1779775140,1.48566,1.48576,1.48565,1.48574,70
1779775200,1.4857,1.48578,1.48569,1.48578,135
1779775260,1.48578,1.48585,1.48577,1.48585,71
1779775320,1.48582,1.48593,1.48582,1.48593,76
1779775380,1.48592,1.486,1.48592,1.48598,79
1779775440,1.486,1.48603,1.48597,1.48599,71
1779775560,1.48596,1.48598,1.48593,1.48596,81
1779775680,1.48587,1.48589,1.48586,1.48588,25
1779775740,1.48589,1.48595,1.48589,1.48593,35
1779775800,1.4859,1.48592,1.48583,1.48586,73
1779775860,1.48586,1.48587,1.4858,1.48582,55
1779775920,1.48579,1.48584,1.48576,1.48576,55
1779775980,1.48577,1.48582,1.48576,1.48579,59
1779776040,1.48576,1.48578,1.48574,1.48576,36
1779776100,1.48577,1.48577,1.48567,1.48567,81
1779776160,1.4857,1.48578,1.48568,1.48575,58
1779776280,1.48582,1.48588,1.48582,1.48585,37
1779776340,1.48589,1.48592,1.48586,1.48588,44
1779776400,1.48589,1.48592,1.48587,1.48589,45
1779776520,1.48592,1.48593,1.48587,1.48587,29
1779776580,1.48589,1.48592,1.48585,1.48587,50
1779776640,1.48588,1.48592,1.48584,1.48589,76
1779776760,1.48594,1.48604,1.48594,1.486,93
1779776880,1.48608,1.48608,1.48597,1.48599,55
1779776940,1.48599,1.48606,1.48594,1.48606,94
1779777000,1.48599,1.48626,1.48597,1.48625,114
1779777060,1.48627,1.48632,1.48616,1.48616,71
1779777120,1.48617,1.48617,1.48604,1.4861,101
1779777180,1.48611,1.48616,1.48608,1.48613,107
1779777240,1.48616,1.48616,1.48609,1.48611,73
1779777360,1.48605,1.48606,1.48602,1.48602,34
1779777420,1.48602,1.48607,1.48597,1.48602,48
1779777480,1.48604,1.48607,1.486,1.48605,71
1779777540,1.48609,1.48611,1.48607,1.48607,35
1779777600,1.48607,1.48613,1.48605,1.48605,71
1779777720,1.48607,1.4861,1.48603,1.48607,51
1779777780,1.48603,1.48607,1.486,1.48604,49
1779777840,1.48603,1.48615,1.48603,1.48613,47
1779777900,1.48612,1.48619,1.48611,1.48613,60
1779777960,1.48611,1.48619,1.48611,1.48615,63
1779778140,1.48603,1.48607,1.48602,1.48607,29
1779778200,1.48607,1.48607,1.48592,1.48597,71
1779778260,1.48598,1.486,1.48584,1.48593,57
1779778320,1.48589,1.48605,1.48588,1.48605,79
1779778380,1.48608,1.48609,1.48606,1.48607,54
1779778440,1.48606,1.48622,1.48597,1.48619,91
1779778560,1.48624,1.48627,1.48618,1.48619,69
1779778620,1.48613,1.48626,1.48605,1.48622,84
1779778680,1.48616,1.48625,1.48614,1.48624,81
1779778740,1.48623,1.48627,1.48612,1.48614,111
1779778800,1.48619,1.48631,1.48611,1.4863,105
1779778860,1.4863,1.48635,1.48615,1.48617,94
1779778920,1.48619,1.48619,1.48611,1.48612,105
1779779040,1.48615,1.48617,1.48602,1.48609,127
1779782100,1.48707,1.48716,1.48699,1.48701,125
1779783240,1.48704,1.48705,1.487,1.487,38
1779783300,1.48707,1.48716,1.48706,1.48711,93
1779783360,1.48709,1.48716,1.48708,1.48711,69
1779783420,1.48713,1.4872,1.48713,1.48714,66
1779783480,1.48713,1.48721,1.48713,1.48719,95
1779783540,1.48723,1.48732,1.48714,1.48718,118
1779783600,1.48715,1.48723,1.48714,1.48722,71
1779783660,1.48721,1.4873,1.48715,1.48716,86
1779783720,1.48718,1.48718,1.4871,1.48711,48
1779783780,1.48714,1.48714,1.48709,1.48709,48
1779783840,1.48712,1.48714,1.48709,1.48714,50
1779783900,1.48713,1.48713,1.48704,1.48709,70
1779784020,1.48714,1.48721,1.48711,1.48715,42
1779784080,1.48706,1.48708,1.48693,1.48699,68
1779784140,1.48708,1.4871,1.48695,1.48704,75
1779784200,1.48702,1.48712,1.48698,1.48712,115
1779784260,1.48714,1.48727,1.48713,1.48723,70
1779784440,1.48723,1.48723,1.48709,1.48709,50
1779784560,1.48728,1.48737,1.48724,1.48725,81
1779784620,1.48726,1.48729,1.48717,1.48718,89
1779784680,1.48724,1.48725,1.48718,1.4872,71
1779784740,1.48721,1.48729,1.48719,1.48719,76
1779784800,1.48719,1.48724,1.48716,1.48718,93
1779784860,1.48717,1.48718,1.48708,1.48712,61
1779784920,1.48709,1.48711,1.48705,1.48705,51
1779784980,1.48705,1.48705,1.48699,1.48703,70
1779785040,1.48695,1.48696,1.48687,1.48691,74
1779785100,1.48691,1.48703,1.4869,1.48693,88
1779785160,1.48694,1.48705,1.48693,1.48702,91
1779785280,1.48702,1.4871,1.48699,1.4871,51
1779785340,1.48712,1.48715,1.4871,1.48714,43
1779785400,1.48714,1.48725,1.4871,1.48724,55
1779785460,1.48725,1.48728,1.4872,1.48726,82
1779785520,1.48726,1.48741,1.48726,1.48736,87
1779785580,1.48736,1.48753,1.48735,1.48753,48
1779785640,1.48759,1.48762,1.48757,1.4876,56
1779785760,1.48736,1.48742,1.48736,1.4874,57
1779785820,1.48737,1.48737,1.48724,1.48727,65
1779785880,1.48731,1.4874,1.48729,1.48729,80
1779785940,1.48731,1.48733,1.48717,1.48717,97
1779786000,1.48722,1.48723,1.48708,1.48717,132
1779786060,1.48718,1.48721,1.48708,1.48709,126
1779786120,1.4871,1.4871,1.48702,1.48705,109
1779786180,1.48707,1.48707,1.48698,1.48704,81
1779786240,1.48703,1.4871,1.48703,1.48706,80
1779786300,1.4871,1.4871,1.48697,1.48706,94
1779786360,1.48706,1.48725,1.48706,1.48725,101
1779786480,1.4873,1.48743,1.4873,1.48742,81
1779786540,1.48742,1.48747,1.48739,1.48746,72
1779786600,1.48742,1.48743,1.48738,1.48738,46
1779786660,1.48738,1.48748,1.48738,1.48743,38
1779786720,1.48743,1.48756,1.48741,1.4875,81
1779786840,1.48747,1.48752,1.48746,1.4875,37
1779787080,1.48753,1.48753,1.48737,1.48738,96
1779787140,1.48741,1.48763,1.48733,1.48757,97
1779787200,1.48756,1.48765,1.48754,1.4876,92
1779787260,1.48759,1.48764,1.48757,1.48761,61
1779787320,1.48757,1.48762,1.48755,1.48756,65
1779787380,1.48756,1.48758,1.48738,1.48747,92
1779787440,1.48744,1.48751,1.48743,1.4875,75
1779787620,1.48766,1.48766,1.4876,1.48761,63
1779787680,1.48763,1.48765,1.48758,1.48759,52
1779787740,1.48761,1.4877,1.48758,1.48766,75
1779787800,1.4877,1.4877,1.48755,1.48758,107
1779787860,1.48759,1.4876,1.48754,1.48759,88
1779787920,1.4876,1.48764,1.48753,1.48756,80
1779788040,1.48772,1.48777,1.48766,1.48766,97
1779788160,1.48772,1.48779,1.48769,1.48779,79
1779788220,1.48779,1.48781,1.48772,1.48778,72
1779788340,1.48769,1.48773,1.48767,1.48769,51
1779788460,1.48775,1.48778,1.48773,1.48777,55
1779788520,1.48783,1.48783,1.48777,1.48782,68
1779788580,1.48786,1.48787,1.48782,1.48787,38
1779788640,1.48785,1.48786,1.48779,1.48781,72
1779788700,1.48782,1.48783,1.48778,1.48778,65
1779788760,1.48779,1.48786,1.48778,1.4878,66
1779788820,1.48781,1.48781,1.48775,1.48776,65
1779788880,1.48776,1.48778,1.48773,1.48774,40
1779788940,1.48774,1.48779,1.48768,1.48772,67
1779789000,1.48776,1.4878,1.48766,1.48768,113
1779789060,1.48768,1.4877,1.48762,1.48764,81
1779789120,1.48765,1.48776,1.4876,1.48776,57
1779789180,1.48773,1.48773,1.48767,1.48767,40
1779789240,1.48761,1.48767,1.4876,1.48767,54
1779789300,1.48791,1.48792,1.48782,1.48784,91
1779789360,1.48785,1.48787,1.48781,1.48783,69
1779789420,1.48783,1.48783,1.48762,1.48765,78
1779789540,1.4876,1.48765,1.48759,1.48764,55
1779789600,1.48769,1.48776,1.48762,1.48775,120
1779789660,1.48776,1.48777,1.48764,1.48766,86
1779789720,1.48766,1.48768,1.4876,1.48761,77
1779789780,1.48762,1.48768,1.4876,1.48762,48
1779789840,1.48763,1.48765,1.48753,1.48754,101
1779789900,1.48755,1.48761,1.48752,1.48761,52
1779790020,1.48756,1.48761,1.48754,1.48761,49
1779790080,1.48761,1.48763,1.48755,1.4876,71
1779790140,1.48758,1.48763,1.48758,1.48759,54
1779790260,1.48765,1.4877,1.4876,1.4876,65
1779790380,1.48767,1.48768,1.48763,1.48768,49
1779790440,1.48765,1.48765,1.48758,1.48763,62
1779790500,1.48765,1.48771,1.4876,1.48765,80
1779790560,1.48767,1.48771,1.48765,1.4877,67
1779790620,1.48769,1.4877,1.48762,1.48763,84
1779790740,1.48767,1.48769,1.48767,1.48768,34
1779790860,1.48762,1.48764,1.48758,1.48758,40
1779790920,1.4876,1.48768,1.48757,1.48766,66
1779791040,1.48771,1.48775,1.48771,1.48774,43
1779791160,1.48762,1.48762,1.4876,1.48761,31
1779791220,1.4876,1.48763,1.48753,1.48753,43
1779791280,1.4875,1.48766,1.48747,1.48763,111
1779791340,1.48762,1.48763,1.48753,1.48759,97
1779791400,1.48759,1.48764,1.48741,1.48742,157
1779791460,1.48741,1.48742,1.48725,1.48728,111
1779791580,1.48719,1.48727,1.48713,1.48713,59
1779791640,1.48712,1.48716,1.48698,1.48699,82
1779791700,1.48704,1.48708,1.48693,1.48693,93
1779791760,1.48693,1.48694,1.48688,1.48693,91
1779791820,1.48692,1.48695,1.48679,1.4868,84
1779791880,1.48678,1.48687,1.48678,1.48685,40
1779791940,1.48685,1.48693,1.48683,1.48693,75
1779792060,1.48702,1.48703,1.48696,1.48701,86
1779792120,1.48697,1.48701,1.48691,1.48701,81
1779792180,1.48699,1.48712,1.48696,1.487,66
1779792240,1.48704,1.48708,1.487,1.48704,89
1779792300,1.48703,1.48714,1.48703,1.48713,67
1779792480,1.48711,1.48712,1.48698,1.48698,85
1779792540,1.48699,1.48707,1.48699,1.487,71
1779792600,1.48698,1.48703,1.48695,1.48697,85
1779792720,1.48706,1.48719,1.48705,1.48714,73
1779792780,1.48712,1.48713,1.48707,1.48713,59
1779792840,1.48709,1.4871,1.48704,1.4871,65
1779792960,1.48708,1.4872,1.48705,1.4872,89
1779793020,1.4872,1.48726,1.48712,1.48715,96
1779793080,1.48713,1.48726,1.48713,1.4872,84
1779793140,1.48721,1.48721,1.48716,1.48717,59
1779793200,1.48708,1.48711,1.48698,1.48698,121
1779793260,1.48697,1.48707,1.48697,1.48702,112
1779793320,1.48701,1.4871,1.487,1.48708,79
1779793380,1.4871,1.48719,1.48709,1.48717,98
1779793440,1.48717,1.48721,1.4871,1.48713,64
1779793500,1.48716,1.48721,1.48711,1.4872,101
1779793560,1.48718,1.48722,1.48713,1.48714,68
1779793620,1.48715,1.48716,1.48713,1.48716,58
1779793680,1.48715,1.48719,1.48714,1.48719,50
1779793740,1.48717,1.48727,1.48717,1.48726,61
1779793800,1.48726,1.48727,1.48721,1.48722,71
1779793860,1.48721,1.48724,1.48716,1.48717,75
1779793920,1.48718,1.48729,1.48713,1.48728,85
1779793980,1.4873,1.4873,1.48721,1.48723,39
1779794040,1.48723,1.48726,1.48722,1.48723,40
1779794100,1.48723,1.48725,1.48711,1.48715,83
1779794160,1.48715,1.48718,1.48711,1.48711,74
1779794220,1.48712,1.48722,1.48709,1.48715,74
1779794280,1.48716,1.48717,1.48704,1.48704,88
1779794340,1.48705,1.48709,1.48703,1.48705,47
1779794400,1.48703,1.48705,1.48697,1.48699,96
1779794460,1.487,1.48703,1.48696,1.48701,61
1779794520,1.48701,1.48706,1.48697,1.48698,48
1779794580,1.48694,1.487,1.48692,1.48693,58
1779794640,1.48693,1.48701,1.48693,1.487,63
1779794760,1.48701,1.48703,1.487,1.48703,36
1779794820,1.487,1.48701,1.48696,1.48701,41
1779794880,1.48697,1.48697,1.48692,1.48694,60
1779794940,1.48696,1.48696,1.48686,1.48689,67
1779795000,1.4869,1.48704,1.48687,1.48704,67
1779795060,1.48702,1.48704,1.48694,1.48701,62
1779795120,1.487,1.48703,1.48692,1.48698,77
1779795240,1.48691,1.48695,1.48682,1.4869,135
1779795360,1.48681,1.48692,1.48675,1.48687,153
1779795420,1.48689,1.48699,1.48686,1.48697,103
1779795540,1.48697,1.48699,1.48687,1.48688,66
1779795600,1.4869,1.48695,1.48683,1.48691,96
1779795660,1.4869,1.4869,1.48682,1.48685,42
1779795720,1.48684,1.48687,1.48679,1.4868,96
1779795780,1.48679,1.48687,1.48676,1.48679,88
1779795840,1.48682,1.48682,1.4867,1.48671,69
1779795900,1.48673,1.48681,1.48668,1.48668,111
1779795960,1.48669,1.48671,1.48664,1.48668,92
1779796080,1.48666,1.48668,1.48655,1.48657,76
1779796140,1.48658,1.48665,1.48656,1.48663,70
1779796200,1.48667,1.48673,1.48666,1.4867,87
1779796260,1.48668,1.48671,1.48663,1.48669,81
1779796380,1.48667,1.48671,1.48666,1.48668,52
1779796440,1.48673,1.48679,1.4867,1.48671,64
1779796500,1.48678,1.48688,1.48678,1.48686,103
1779796560,1.48685,1.48688,1.48681,1.48681,101
1779796620,1.48683,1.48688,1.48678,1.4868,97
1779796740,1.48673,1.48673,1.48667,1.48667,64
1779796800,1.48671,1.48676,1.48656,1.48658,114
1779796860,1.4866,1.48672,1.4866,1.48671,108
1779796920,1.48672,1.4868,1.48671,1.48676,94
1779796980,1.48676,1.48679,1.48673,1.48676,71
1779797040,1.48677,1.48677,1.48672,1.48675,90
1779797100,1.48675,1.48683,1.48672,1.48674,108
1779797220,1.48671,1.48673,1.48667,1.4867,59
1779797280,1.48664,1.48669,1.48648,1.48652,85
1779797340,1.48651,1.48666,1.48649,1.48659,158
1779797400,1.48662,1.4867,1.48648,1.48663,135
1779797460,1.48664,1.48667,1.48654,1.48656,84
1779797520,1.48657,1.48659,1.48651,1.48655,64
1779797580,1.48655,1.48663,1.48654,1.48663,31
1779797640,1.48666,1.48667,1.48655,1.48657,74
1779797700,1.48657,1.48662,1.48645,1.48649,107
1779797760,1.48649,1.48655,1.48646,1.48655,95
1779797820,1.48654,1.4866,1.4865,1.4866,77
1779797880,1.4866,1.48663,1.48651,1.48652,90
1779797940,1.48654,1.48662,1.48654,1.4866,94
1779798060,1.48669,1.48669,1.48663,1.48666,56
1779798120,1.48659,1.48667,1.48657,1.4866,74
1779798180,1.48658,1.48662,1.48656,1.4866,71
1779798240,1.4866,1.4866,1.48655,1.48656,94
1779798300,1.48655,1.48662,1.48651,1.48658,78
1779798420,1.48668,1.48675,1.48666,1.48673,36
1779798480,1.48669,1.48673,1.48667,1.48668,36
1779798540,1.48671,1.48676,1.4867,1.48675,42
1779798600,1.48674,1.48676,1.48666,1.48672,58
1779798660,1.48669,1.48671,1.48666,1.48666,34
1779798720,1.48668,1.48676,1.48666,1.48674,78
1779798780,1.48676,1.48676,1.48669,1.48676,89
1779798840,1.48675,1.4868,1.48673,1.4868,60
1779798900,1.48676,1.48678,1.48669,1.48674,100
1779798960,1.48674,1.48679,1.4867,1.48671,66
1779799020,1.48673,1.48673,1.48663,1.48669,75
1779799140,1.48663,1.48665,1.48661,1.48664,50
1779799260,1.48665,1.48666,1.48662,1.48663,46
1779799320,1.48655,1.48665,1.48651,1.48663,86
1779799380,1.48663,1.48666,1.48657,1.4866,95
1779799440,1.4866,1.48669,1.48656,1.48657,118
1779799500,1.48657,1.48657,1.48649,1.48655,111
1779799680,1.48645,1.48648,1.48641,1.48643,63
1779799740,1.48643,1.48655,1.48637,1.48642,104
1779799860,1.48649,1.48652,1.48642,1.48643,108
1779799980,1.48639,1.48644,1.48638,1.4864,56
1779800040,1.48638,1.4864,1.48631,1.48636,77
1779800160,1.48631,1.48632,1.4862,1.48623,77
1779800220,1.48623,1.48625,1.48617,1.48624,65
1779800280,1.48626,1.48636,1.48622,1.48631,88
1779800340,1.4863,1.48635,1.48629,1.48631,87
1779800400,1.48627,1.48634,1.48622,1.48634,106
1779800460,1.48633,1.48635,1.48628,1.48633,103
1779800520,1.48634,1.48638,1.48625,1.48627,125
1779800580,1.48629,1.48635,1.48623,1.48626,93
1779800640,1.48626,1.48626,1.48616,1.48622,105
1779800700,1.48623,1.48628,1.48618,1.48624,110
1779800760,1.48621,1.48629,1.48619,1.48625,93
1779800880,1.48622,1.48624,1.48618,1.48619,65
1779800940,1.48622,1.48632,1.48619,1.48627,72
1779801000,1.48627,1.48644,1.48627,1.48644,90
1779801060,1.48646,1.48646,1.48624,1.48631,98
1779801120,1.48628,1.48631,1.48616,1.48621,116
1779801180,1.48622,1.48624,1.48615,1.48615,46
1779801240,1.48612,1.48622,1.48608,1.48621,83
1779801300,1.48627,1.48629,1.48622,1.48626,115
1779801360,1.48626,1.48631,1.48623,1.48629,99
1779801420,1.48629,1.48636,1.48627,1.48635,85
1779801480,1.48637,1.48638,1.48629,1.48637,117
1779801540,1.48639,1.48639,1.48627,1.4863,71
1779801600,1.4863,1.48639,1.48627,1.48638,123
1779801660,1.4864,1.48643,1.4863,1.48634,111
1779801720,1.48627,1.48631,1.48623,1.48623,84
1779801780,1.48627,1.48634,1.48623,1.48623,75
1779801840,1.48626,1.48629,1.48618,1.48625,99
1779801960,1.48621,1.48627,1.48618,1.48624,64
1779802020,1.48622,1.48623,1.48603,1.48605,53
1779802080,1.48605,1.48611,1.486,1.486,69
1779802140,1.48593,1.48596,1.48585,1.48585,88
1779802200,1.4859,1.48591,1.48578,1.48588,169
1779802260,1.48586,1.48593,1.48583,1.48589,137
1779802320,1.48585,1.48585,1.48572,1.48576,146
1779802380,1.48574,1.48586,1.48573,1.48582,88
1779802440,1.48586,1.48586,1.48571,1.48574,105
1779802560,1.48571,1.48584,1.48571,1.4858,131
1779802680,1.48589,1.48591,1.4858,1.48585,94
1779802740,1.48585,1.4859,1.48579,1.48581,79
1779802800,1.4858,1.4858,1.48564,1.48567,136
1779802860,1.48567,1.48569,1.48559,1.48559,104
1779802980,1.48554,1.48554,1.48554,1.48554,2
1779803040,1.48567,1.48569,1.48563,1.48565,67
1779803100,1.48565,1.48565,1.48558,1.48558,107
1779803160,1.48559,1.4856,1.48549,1.48555,138
1779803280,1.48568,1.48576,1.48563,1.48567,140
1779803460,1.48555,1.48558,1.48545,1.48548,100
1779803520,1.48531,1.48531,1.48519,1.48525,85
1779803580,1.48526,1.4853,1.485,1.485,157
1779803640,1.48489,1.485,1.48485,1.48487,142
1779803820,1.48511,1.48518,1.4851,1.48512,70
1779803880,1.4851,1.48518,1.48508,1.48513,68
1779803940,1.48521,1.48534,1.48519,1.48532,65
1779804000,1.48406,1.48538,1.48376,1.4851,125
1779804060,1.48513,1.48535,1.4851,1.48531,123
1779804120,1.48533,1.48559,1.48533,1.4854,113
1779804180,1.48534,1.48542,1.48518,1.4854,143
1779804240,1.48537,1.48542,1.48521,1.48522,110
1779804360,1.48514,1.48519,1.4851,1.48516,93
1779804420,1.48523,1.48531,1.48514,1.48514,96
1779804480,1.48516,1.48518,1.48502,1.48508,133
1779804660,1.48514,1.48522,1.48514,1.48517,82
1779804720,1.48517,1.48517,1.48505,1.48507,75
1779804780,1.48504,1.48506,1.48495,1.485,101
1779804840,1.48501,1.48505,1.485,1.48504,85
1779804900,1.48506,1.48508,1.4849,1.48492,110
1779804960,1.48495,1.48498,1.48483,1.48483,121
1779805020,1.48483,1.48489,1.4848,1.48485,120
1779805080,1.48483,1.4849,1.48482,1.48487,84
1779805140,1.4849,1.48497,1.48485,1.48485,97
1779805260,1.48485,1.48495,1.48483,1.4849,94
1779805380,1.48511,1.48512,1.48504,1.48506,54
1779805440,1.485,1.48505,1.48496,1.48504,68
1779805500,1.48499,1.48499,1.48481,1.48485,121
1779805560,1.48485,1.48489,1.4848,1.48482,96
1779805620,1.48478,1.48478,1.48468,1.48473,80
1779805740,1.48488,1.48497,1.48488,1.48492,74
1779805800,1.48499,1.48503,1.48494,1.48494,119
1779805860,1.48496,1.4851,1.48493,1.4851,107
1779805980,1.48507,1.48507,1.48493,1.48504,130
1779806040,1.48503,1.48513,1.48496,1.48513,140
1779806100,1.48514,1.48527,1.48511,1.48518,135
1779806160,1.48521,1.48522,1.48515,1.48522,86
1779806220,1.48505,1.48505,1.48492,1.48498,93
1779806280,1.48499,1.48503,1.48496,1.48499,89
1779806340,1.48498,1.48499,1.4849,1.48495,117
1779806400,1.48496,1.48519,1.48494,1.48518,117
1779806460,1.48519,1.48525,1.48513,1.48523,106
1779806520,1.48524,1.48526,1.48521,1.48522,69
1779806580,1.48524,1.48524,1.48508,1.4851,98
1779806640,1.4851,1.48511,1.48503,1.4851,65
1779806700,1.48503,1.48504,1.48496,1.48501,113
1779806760,1.48502,1.48508,1.48493,1.48504,117
1779806820,1.48505,1.48511,1.48498,1.48509,110
1779806940,1.48521,1.48529,1.4852,1.4852,61
1779807060,1.48524,1.48529,1.48514,1.48518,94
1779807120,1.48518,1.48528,1.48515,1.4852,104
1779807180,1.48521,1.48529,1.48519,1.48519,112
1779807360,1.48515,1.4853,1.48514,1.48527,104
1779807420,1.48519,1.48529,1.48511,1.48529,90
1779807480,1.48522,1.48534,1.48522,1.48531,119
1779807540,1.48533,1.48538,1.48525,1.48533,114
1779807600,1.48533,1.48538,1.48524,1.48534,127
1779807660,1.48532,1.48536,1.48517,1.4852,139
1779807720,1.48519,1.48526,1.48505,1.48524,187
1779807780,1.48526,1.48531,1.48516,1.48524,142
1779807960,1.48518,1.48524,1.48516,1.4852,135
1779808020,1.48526,1.48529,1.48519,1.48519,121
1779808080,1.48519,1.48519,1.48505,1.48507,118
1779808140,1.48506,1.48521,1.48502,1.48516,117
1779808260,1.48526,1.48537,1.48526,1.48531,94
1779808320,1.48536,1.48543,1.48534,1.48539,76
1779808380,1.48541,1.48544,1.48532,1.48541,106
1779808440,1.48545,1.48545,1.48515,1.48518,120
1779808500,1.48519,1.4852,1.48514,1.48516,117
1779808560,1.48519,1.48522,1.48511,1.48519,96
1779808680,1.48504,1.4852,1.48503,1.48518,105
1779808740,1.48518,1.48531,1.48508,1.48508,123
1779808800,1.48511,1.48516,1.48506,1.48511,115
1779808920,1.48518,1.48521,1.48515,1.48517,55
1779808980,1.48511,1.48514,1.48502,1.48504,60
1779809040,1.48502,1.48508,1.48499,1.48503,98
1779809160,1.48513,1.48528,1.48512,1.48524,108
1779809220,1.48523,1.48528,1.48519,1.48525,126
1779809280,1.48526,1.48535,1.4852,1.48526,121
1779809340,1.48529,1.48532,1.48525,1.48531,55
1779809400,1.48532,1.48536,1.48525,1.48531,153
1779809460,1.48532,1.48539,1.48523,1.48524,110
1779809520,1.48525,1.48526,1.48515,1.48517,110
1779809580,1.48516,1.4852,1.48513,1.48516,94
1779809640,1.48516,1.48516,1.485,1.48503,127
1779809700,1.485,1.48515,1.485,1.48514,124
1779809760,1.48513,1.48515,1.48493,1.48496,107
1779809820,1.48497,1.48507,1.48492,1.48506,105
1779809880,1.48501,1.48501,1.48491,1.48491,80
1779809940,1.485,1.48502,1.48496,1.48499,90
1779810000,1.48501,1.48507,1.48496,1.48498,116
1779810120,1.48511,1.48519,1.48509,1.48515,77
1779810180,1.48515,1.48521,1.48512,1.48517,83
1779810240,1.4852,1.4852,1.48513,1.48518,92
1779810300,1.48515,1.48527,1.48511,1.48526,126
1779810360,1.48525,1.4853,1.48518,1.48523,101
1779810420,1.48524,1.48532,1.48523,1.4853,93
1779810480,1.48529,1.48531,1.48523,1.48527,111
1779810540,1.4853,1.48539,1.48518,1.48518,103
1779810600,1.48518,1.48524,1.48515,1.48515,134
1779810660,1.48516,1.48519,1.48514,1.48517,75
1779810720,1.48521,1.48522,1.48507,1.48508,98
1779810780,1.48513,1.48522,1.4851,1.48519,79
1779810840,1.48522,1.48529,1.48516,1.48527,103
1779810900,1.48527,1.48531,1.48525,1.48527,121
1779810960,1.48528,1.48531,1.48519,1.48525,157
1779811020,1.48526,1.48532,1.48515,1.48515,111
1779811080,1.48517,1.48521,1.48512,1.48515,85
1779811140,1.48518,1.4852,1.4851,1.48513,83
1779811200,1.48517,1.48519,1.4851,1.48517,114
1779811260,1.48519,1.4852,1.48511,1.48512,92
1779811320,1.48516,1.48516,1.48501,1.48503,101
1779811380,1.48503,1.48513,1.48503,1.48505,111
1779811440,1.48507,1.48511,1.48504,1.48507,79
1779811560,1.48513,1.48515,1.4851,1.48515,48
1779811680,1.48525,1.48526,1.4852,1.48526,47
1779811740,1.48531,1.48531,1.48524,1.48524,45
1779811860,1.48541,1.48544,1.48538,1.48541,47
1779811920,1.48543,1.48556,1.48537,1.48539,75
1779811980,1.48539,1.48545,1.48535,1.48535,79
1779812040,1.48539,1.48549,1.48539,1.48547,87
1779812100,1.48543,1.48557,1.48543,1.48549,85
1779812160,1.4855,1.48552,1.48536,1.4854,67
1779812220,1.48542,1.48543,1.48535,1.48535,78
1779812280,1.48536,1.4854,1.48535,1.48539,54
1779812340,1.48541,1.48556,1.48539,1.48554,108
1779812400,1.48553,1.48557,1.48544,1.48556,94
1779812520,1.48544,1.48548,1.48542,1.48548,27
1779812580,1.4855,1.48555,1.48547,1.48549,70
1779812640,1.48553,1.48554,1.48547,1.48551,52
1779812700,1.48553,1.48564,1.4855,1.48558,89
1779812760,1.48559,1.48559,1.48547,1.4855,51
1779812820,1.48548,1.48555,1.48548,1.48555,63
1779812880,1.48555,1.48561,1.48555,1.48556,45
1779812940,1.48561,1.48565,1.4856,1.48565,51
1779813000,1.48562,1.48564,1.48555,1.48558,60
1779813060,1.4856,1.48562,1.48557,1.48561,73
1779813240,1.48558,1.48558,1.48558,1.48558,2
1779813300,1.48558,1.48563,1.48558,1.48562,73
1779813360,1.48562,1.48566,1.48555,1.48556,49
1779813420,1.4855,1.4855,1.4854,1.48543,56
1779813480,1.48546,1.48546,1.4854,1.48544,62
1779813540,1.48545,1.48551,1.48545,1.48549,57
1779813600,1.48549,1.4855,1.48542,1.48545,103
1779813660,1.48546,1.48553,1.48544,1.48546,91
1779813720,1.48546,1.4855,1.48545,1.48549,60
1779813780,1.4855,1.48553,1.48546,1.48548,73
1779813840,1.48543,1.48548,1.48537,1.48541,60
1779813900,1.48537,1.48545,1.48534,1.4854,86
1779813960,1.48541,1.48541,1.48527,1.48529,65
1779814020,1.48529,1.48532,1.48523,1.4853,95
1779814140,1.48525,1.48528,1.4852,1.48525,73
1779814260,1.48512,1.48519,1.48508,1.48519,62
1779814320,1.48512,1.48521,1.4851,1.48519,103
1779814380,1.48519,1.48526,1.48516,1.48522,91
1779814440,1.4852,1.48522,1.48516,1.48519,56
1779814500,1.48514,1.48521,1.48514,1.48521,106
1779814560,1.4852,1.48523,1.48514,1.48519,93
1779814620,1.48517,1.48524,1.48517,1.4852,89
1779814680,1.48522,1.48526,1.48521,1.48525,103
1779814740,1.48523,1.48531,1.48523,1.48526,92
1779814800,1.48526,1.48531,1.48523,1.48527,109
1779814860,1.48528,1.4853,1.48519,1.48522,86
1779814920,1.48522,1.48523,1.48516,1.48516,69
1779814980,1.48519,1.48524,1.48515,1.48518,64
1779815040,1.48516,1.48518,1.48513,1.48514,88
1779815100,1.48516,1.48521,1.48511,1.48516,102
1779815280,1.48507,1.48509,1.48504,1.48507,45
1779815340,1.48508,1.48515,1.48506,1.48511,64
1779815520,1.48535,1.48549,1.48533,1.48549,51
1779815580,1.48536,1.48537,1.48533,1.48534,20
1779815640,1.48535,1.48542,1.48535,1.48537,56
1779815700,1.48537,1.4855,1.48537,1.48549,82
1779815760,1.4855,1.48551,1.48545,1.48546,32
1779815820,1.48546,1.48547,1.48539,1.48544,53
1779815940,1.48539,1.48543,1.48539,1.48539,37
1779816060,1.48537,1.48542,1.48537,1.48542,36
1779816120,1.48536,1.4854,1.48533,1.48537,92
1779816180,1.48537,1.48544,1.48534,1.4854,110
1779816360,1.48529,1.48536,1.48529,1.48535,60
1779816420,1.48532,1.48537,1.48531,1.48534,47
1779816480,1.48535,1.48537,1.48528,1.48529,58
1779816540,1.48528,1.48531,1.48525,1.48528,53
1779816600,1.48525,1.48528,1.48521,1.48522,72
1779816660,1.48524,1.48534,1.48523,1.48534,79
1779816720,1.48531,1.48542,1.48531,1.48542,72
1779816780,1.48538,1.48541,1.4853,1.4853,70
1779816840,1.48531,1.48535,1.48528,1.48532,52
1779816900,1.48529,1.48531,1.4852,1.48522,86
1779816960,1.48523,1.48528,1.48517,1.48522,69
1779817020,1.48522,1.48523,1.48514,1.48515,47
1779817080,1.48517,1.48521,1.48514,1.48518,40
1779817140,1.48518,1.48519,1.4851,1.4851,50
1779817200,1.48511,1.48512,1.48503,1.48511,99
1779817260,1.48504,1.4852,1.48504,1.48518,93
1779817320,1.48521,1.48521,1.48518,1.48519,39
1779817440,1.48516,1.48518,1.48512,1.48515,52
1779817500,1.48511,1.48512,1.48506,1.48512,64
1779817560,1.48511,1.48515,1.48496,1.48498,68
1779817680,1.48513,1.48518,1.48511,1.48516,40
1779817740,1.48515,1.48518,1.4851,1.48514,62
1779817800,1.48516,1.48516,1.4851,1.48513,62
1779817920,1.48519,1.48523,1.48517,1.48519,31
1779817980,1.48517,1.48522,1.48515,1.48521,31
1779818040,1.48522,1.48523,1.48517,1.48518,29
1779818160,1.48525,1.4853,1.4852,1.4853,54
1779818220,1.4853,1.48532,1.48523,1.48532,60
1779818280,1.4853,1.48535,1.48528,1.48534,44
1779818340,1.48532,1.48534,1.48529,1.48531,34
1779818400,1.48531,1.48535,1.48529,1.48531,84
1779818460,1.48533,1.48535,1.4853,1.4853,60
1779818520,1.48531,1.48534,1.48524,1.48528,51
1779818580,1.48528,1.48534,1.48526,1.4853,76
1779818640,1.48532,1.48532,1.48528,1.48528,45
1779818700,1.48532,1.48537,1.48528,1.48532,101
1779818760,1.48531,1.48533,1.48528,1.48531,54
1779818820,1.48531,1.48532,1.48529,1.48529,16
1779818880,1.48527,1.48532,1.48526,1.48532,53
1779818940,1.48531,1.48534,1.4853,1.48532,55
1779819000,1.48533,1.4854,1.4853,1.48539,79
1779819120,1.48539,1.48539,1.48535,1.48536,31
1779819180,1.48535,1.48536,1.48529,1.48532,47
1779819240,1.48534,1.48539,1.48531,1.48535,43
1779819300,1.48538,1.4854,1.48533,1.48535,63
1779819360,1.48534,1.48538,1.48534,1.48536,41
1779819540,1.48535,1.48539,1.48535,1.48538,34
1779819600,1.48538,1.4854,1.48532,1.48537,78
1779819660,1.48539,1.48541,1.48535,1.48536,70
1779819720,1.48534,1.48539,1.48532,1.48535,54
1779819780,1.48535,1.48545,1.48533,1.48543,55
1779819840,1.48545,1.48545,1.48539,1.48544,41
1779819960,1.48546,1.48546,1.48543,1.48544,39
1779820020,1.48546,1.48548,1.48543,1.48544,79
1779820080,1.48545,1.4855,1.48541,1.48549,49
1779820140,1.48553,1.48554,1.48547,1.48548,53
1779820200,1.48548,1.4855,1.48547,1.48549,64
1779820380,1.4855,1.48554,1.48548,1.48553,69
1779820440,1.48549,1.48552,1.48547,1.48549,45
1779820620,1.48555,1.48562,1.48552,1.48561,35
1779820680,1.48559,1.48561,1.48557,1.48558,40
1779820740,1.48552,1.48557,1.48552,1.48555,23
1779820860,1.48548,1.4855,1.48548,1.48548,45
1779820920,1.48549,1.48551,1.48548,1.48548,88
1779821040,1.48553,1.48561,1.4855,1.48558,58
1779821100,1.48562,1.48566,1.48557,1.48557,51
1779821160,1.48559,1.48562,1.48557,1.48562,51
1779821220,1.48562,1.48564,1.48557,1.48563,45
1779821280,1.48564,1.48564,1.48558,1.48559,52
1779821340,1.48558,1.48562,1.48557,1.48561,59
1779821460,1.48561,1.48567,1.48559,1.48563,46
1779821520,1.48565,1.48566,1.48561,1.48565,37
1779821580,1.48565,1.48574,1.48565,1.48573,49
1779821640,1.48576,1.48577,1.48564,1.48565,47
1779821700,1.48565,1.48566,1.48557,1.4856,57
1779821820,1.48562,1.48566,1.48557,1.48565,43
1779821880,1.48557,1.48562,1.48554,1.48558,63
1779821940,1.4856,1.48564,1.48559,1.48564,48
1779822000,1.48557,1.48557,1.48534,1.48545,81
1779822060,1.48548,1.48558,1.48548,1.48557,63
1779822120,1.48557,1.4856,1.48556,1.48556,55
1779822180,1.48556,1.48562,1.48553,1.48561,59
1779822240,1.48561,1.48561,1.48552,1.48555,60
1779822300,1.48555,1.48559,1.48552,1.48555,90
1779822420,1.4855,1.4855,1.48539,1.48543,54
1779822480,1.48544,1.4855,1.48543,1.48549,41
1779822540,1.48552,1.48552,1.48549,1.48552,48
1779822660,1.48564,1.48569,1.48564,1.48567,42
1779822720,1.48566,1.48566,1.48558,1.4856,28
1779822780,1.48558,1.48558,1.48553,1.48556,65
1779822840,1.48558,1.48564,1.48557,1.48557,35
1779822900,1.48558,1.48559,1.48553,1.48554,66
1779822960,1.48555,1.4856,1.48554,1.48558,60
1779823020,1.48557,1.48565,1.48557,1.48562,56
1779823080,1.48563,1.48563,1.4856,1.4856,10
1779823140,1.48557,1.48558,1.48554,1.48558,41
1779823260,1.48562,1.48567,1.48561,1.48566,58
1779823380,1.4857,1.48573,1.48568,1.4857,31
1779823440,1.48573,1.48574,1.48563,1.48567,37
1779823500,1.48568,1.48568,1.4856,1.4856,53
1779823560,1.48562,1.48565,1.48562,1.48565,48
1779823620,1.48561,1.48564,1.48559,1.48564,33
1779823680,1.48563,1.48566,1.48561,1.48564,48
1779823740,1.48563,1.48566,1.48561,1.48562,48
1779823800,1.48561,1.48564,1.48558,1.48558,59
1779823860,1.48561,1.48563,1.48559,1.48563,34
1779823980,1.48566,1.48568,1.48565,1.48568,24
1779824040,1.48566,1.48573,1.48566,1.48572,36
1779824100,1.48573,1.48574,1.48569,1.4857,41
1779824220,1.48569,1.48572,1.48568,1.48572,29
1779824280,1.48572,1.48572,1.48568,1.48569,42
1779824340,1.48566,1.48571,1.48564,1.48566,64
1779824460,1.48566,1.48568,1.48561,1.48565,51
1779824520,1.48564,1.48566,1.48563,1.48566,42
1779824640,1.48568,1.48568,1.48568,1.48568,2
1779824700,1.4857,1.48574,1.48567,1.48568,50
1779824880,1.4857,1.48571,1.48566,1.48568,46
1779824940,1.4857,1.48572,1.4857,1.48571,24
1779825120,1.48576,1.48579,1.48572,1.48572,28
1779825180,1.48574,1.48574,1.48571,1.48572,31
1779825240,1.48572,1.48574,1.48567,1.48567,55
1779825360,1.48568,1.48571,1.48564,1.48569,66
1779825420,1.48567,1.48573,1.48567,1.4857,62
1779825540,1.48569,1.48569,1.48562,1.48566,70
1779825600,1.48568,1.48576,1.48566,1.48571,74
1779825660,1.48569,1.48574,1.48567,1.48574,66
1779825720,1.48572,1.48572,1.48566,1.48569,51
1779825780,1.4857,1.48571,1.48567,1.48569,46
1779825840,1.48569,1.48576,1.48569,1.48571,30
1779825960,1.48572,1.48575,1.48572,1.48573,23
1779826020,1.48573,1.48573,1.48571,1.48571,13
1779826080,1.4857,1.48571,1.48569,1.4857,19
1779826140,1.4857,1.48571,1.48566,1.48566,30
1779826200,1.48566,1.48569,1.48565,1.48569,23
1779826320,1.4857,1.48573,1.4857,1.48571,15
1779826380,1.4857,1.48576,1.4857,1.48575,14
1779826440,1.48575,1.48576,1.48574,1.48575,16
1779826500,1.48576,1.4858,1.48575,1.48576,24
1779826560,1.48575,1.48575,1.48572,1.48572,18
1779826680,1.48574,1.48574,1.48572,1.48574,13
1779826740,1.48573,1.48576,1.48572,1.48576,17
1779826800,1.48576,1.48576,1.48571,1.48571,17
1779826860,1.48572,1.48577,1.48572,1.48576,26
1779826920,1.48578,1.48578,1.48576,1.48576,15
1779826980,1.48575,1.48576,1.48575,1.48576,11
1779827040,1.48576,1.48579,1.48575,1.48577,24
1779827160,1.48576,1.48579,1.48576,1.48578,14
1779827220,1.48579,1.48583,1.48578,1.48579,15
1779827280,1.48582,1.48583,1.48582,1.48582,7
1779827340,1.48578,1.48585,1.48568,1.48568,42
1779827400,1.48561,1.48573,1.48561,1.48573,48
1779827460,1.48571,1.48579,1.48571,1.48579,28
1779827520,1.48578,1.48579,1.48576,1.48579,34
1779827580,1.48578,1.4858,1.48574,1.48574,28
1779827640,1.48571,1.48573,1.48571,1.48573,18
1779827820,1.48578,1.48579,1.48575,1.48576,14
1779827880,1.48574,1.48576,1.4857,1.48575,28
1779827940,1.48573,1.48575,1.48572,1.48572,19
1779828000,1.48572,1.48572,1.48564,1.48567,19
1779828060,1.48567,1.48572,1.48565,1.48567,16
1779828120,1.48566,1.48566,1.48565,1.48566,5
1779828240,1.48568,1.48568,1.48568,1.48568,1
1779828300,1.48571,1.48571,1.4855,1.48554,43
1779828360,1.48557,1.48565,1.48557,1.48565,36
1779828480,1.48564,1.48568,1.48563,1.48565,34
1779828660,1.48564,1.48564,1.4856,1.48562,14
1779828720,1.48561,1.48563,1.4856,1.4856,13
1779828780,1.48563,1.48565,1.48562,1.48564,14
1779828840,1.48562,1.48568,1.48562,1.48567,25
1779829020,1.48553,1.48557,1.48549,1.48557,28
1779829080,1.48557,1.4856,1.48555,1.48558,26
1779829260,1.4845,1.4845,1.4845,1.4845,2
1779829440,1.48482,1.48482,1.48482,1.48482,2
1779829620,1.48486,1.48486,1.48486,1.48486,1
1779829680,1.48487,1.48487,1.48486,1.48486,2
1779829740,1.48486,1.48486,1.48486,1.48486,1
1779829800,1.48484,1.48487,1.48482,1.48487,4
1779829920,1.48484,1.48484,1.48484,1.48484,1
1779829980,1.48482,1.48495,1.48482,1.48495,7
1779830040,1.48482,1.48504,1.48482,1.48504,4
1779830220,1.48515,1.48515,1.48515,1.48515,1
1779830340,1.48534,1.48535,1.48526,1.48534,4
1779830460,1.48537,1.48549,1.48536,1.48544,58
1779830520,1.48553,1.48553,1.48543,1.48543,59
1779830580,1.48543,1.48547,1.48543,1.48547,5
1779830640,1.48545,1.48545,1.48545,1.48545,2
1779830700,1.48553,1.48553,1.48537,1.48546,9
1779830760,1.48541,1.48541,1.48541,1.48541,3
1779830820,1.48546,1.48546,1.48546,1.48546,1
1779830880,1.48547,1.48547,1.48546,1.48546,5
1779831000,1.48545,1.48547,1.48513,1.48545,19
1779831060,1.48542,1.48557,1.48533,1.48544,45
1779831180,1.48545,1.48551,1.48544,1.48548,26
1779831240,1.48542,1.48542,1.48542,1.48542,2
1779831300,1.48551,1.48556,1.48536,1.4855,36
1779831360,1.48549,1.48554,1.48543,1.48551,20
1779831420,1.48548,1.48548,1.4853,1.48542,16
1779831480,1.48532,1.48543,1.48529,1.48542,7
1779831540,1.48549,1.48549,1.48497,1.48518,63
1779831600,1.48523,1.48537,1.48518,1.48528,25
1779831660,1.48523,1.48535,1.48504,1.48509,93
1779831720,1.48516,1.48529,1.48505,1.48527,43
1779831780,1.48522,1.48532,1.48516,1.48527,48
1779831840,1.48528,1.48535,1.48527,1.48535,22
1779831900,1.48528,1.48533,1.48517,1.48528,45
1779831960,1.48515,1.4852,1.48512,1.48517,13
1779832020,1.48518,1.48524,1.4851,1.48519,21
1779832080,1.48517,1.48522,1.48515,1.48522,10
1779832140,1.48519,1.48522,1.48517,1.48522,4
1779832260,1.48522,1.48523,1.48515,1.48515,23
1779832320,1.48519,1.48519,1.48515,1.48515,4
1779832380,1.48515,1.48515,1.48515,1.48515,1
1779832440,1.48515,1.48523,1.48515,1.48523,5
1779832500,1.48518,1.48526,1.48515,1.48515,36
1779832560,1.48515,1.48515,1.48513,1.48513,3
1779832620,1.48521,1.48521,1.48513,1.48513,13
1779832680,1.48513,1.48519,1.48513,1.48513,24
1779832740,1.48511,1.4853,1.48509,1.48521,52
1779832800,1.48563,1.48608,1.48563,1.48605,87
1779832860,1.48607,1.48607,1.48578,1.48588,62
1779832920,1.48588,1.48603,1.48587,1.48592,39
1779832980,1.48584,1.48585,1.4858,1.48584,38
1779833040,1.48585,1.4859,1.48579,1.48579,34
1779833100,1.48579,1.48584,1.48578,1.48581,37
1779833220,1.4858,1.48582,1.48579,1.48582,11
1779833280,1.4858,1.48599,1.48575,1.48579,27
1779833340,1.48568,1.48596,1.48565,1.48568,26
1779833460,1.48572,1.48574,1.48572,1.48572,19
1779833580,1.48596,1.48597,1.48574,1.48597,23
1779833640,1.48573,1.48574,1.48568,1.48568,28
1779833700,1.4857,1.4857,1.48568,1.48568,19
1779833760,1.48568,1.48568,1.48564,1.48565,30
1779833820,1.48585,1.4859,1.48563,1.48583,39
1779833940,1.48575,1.48578,1.48573,1.48573,23
1779834060,1.48581,1.48618,1.48568,1.48618,60
1779834120,1.48624,1.4863,1.48621,1.48622,36
1779834180,1.48623,1.48624,1.48613,1.48615,81
1779834240,1.48616,1.48635,1.48616,1.48629,42
1779834360,1.48626,1.48627,1.48624,1.48627,13
1779834420,1.48625,1.48627,1.48625,1.48625,13
1779834480,1.48626,1.48626,1.48621,1.48621,17
1779834540,1.48612,1.48615,1.48607,1.48615,38
1779834600,1.48615,1.4862,1.48597,1.48613,60
1779834660,1.48613,1.48617,1.48609,1.4861,57
1779834720,1.48612,1.48615,1.4861,1.48614,27
1779834780,1.48613,1.48614,1.48607,1.48609,23
1779834840,1.48614,1.48615,1.48604,1.48614,69
1779834900,1.48616,1.48616,1.48605,1.48607,60
1779834960,1.48608,1.48615,1.48604,1.48615,63
1779835020,1.48606,1.48606,1.48594,1.48604,37
1779835080,1.48605,1.48607,1.48603,1.48605,24
1779835140,1.48606,1.48606,1.48603,1.48605,18
1779835200,1.48598,1.48603,1.48595,1.48598,63
1779835260,1.48599,1.48607,1.48598,1.48606,88
1779835320,1.48603,1.48607,1.48598,1.48603,61
1779835380,1.48605,1.48609,1.48597,1.48607,48
1779835440,1.48601,1.48603,1.48593,1.486,18
1779835500,1.48605,1.48605,1.48605,1.48605,2
1779835680,1.48603,1.48605,1.48596,1.48603,34
1779835740,1.48598,1.48606,1.48596,1.48604,54
1779835800,1.48605,1.48607,1.48599,1.48602,63
1779835860,1.48604,1.48607,1.48604,1.48607,11
1779835920,1.48607,1.48607,1.48598,1.486,39
1779835980,1.48597,1.48606,1.48597,1.48606,52
1779836040,1.48606,1.48606,1.48598,1.48601,35
1779836100,1.48605,1.48605,1.48597,1.48605,29
1779836160,1.48605,1.48605,1.48585,1.48601,42
1779836220,1.48602,1.48602,1.48595,1.48596,22
1779836280,1.48599,1.48601,1.48595,1.48596,21
1779836340,1.486,1.486,1.48589,1.486,56
1779836400,1.48598,1.48601,1.48579,1.48594,75
1779836460,1.48594,1.48597,1.48591,1.48595,61
1779836520,1.48596,1.48596,1.48591,1.48593,50
1779836580,1.48592,1.48597,1.48588,1.48592,94
1779836640,1.48591,1.48595,1.48585,1.48595,99
1779836760,1.48593,1.48595,1.48583,1.48591,68
1779836820,1.48592,1.48594,1.48579,1.4859,47
1779836880,1.48589,1.48591,1.48582,1.48584,32
1779836940,1.48589,1.4859,1.48582,1.48589,36
1779837000,1.48581,1.4859,1.48578,1.48589,53
1779837060,1.48588,1.48588,1.48579,1.48586,49
1779837120,1.48589,1.4859,1.48585,1.48589,33
1779837180,1.48589,1.4859,1.48581,1.48584,55
1779837240,1.48587,1.48588,1.48554,1.48567,52
1779837300,1.48567,1.48572,1.48565,1.48572,17
1779837360,1.4857,1.4858,1.48569,1.48576,59
1779837480,1.48572,1.48581,1.48572,1.48581,58
1779837540,1.48582,1.48582,1.48569,1.48572,38
1779837600,1.48575,1.48577,1.48568,1.48577,34
1779837720,1.4858,1.48583,1.4858,1.48582,27
1779837780,1.48583,1.48587,1.48582,1.48586,25
1779837840,1.48581,1.48586,1.48577,1.48579,46
1779837960,1.48586,1.48589,1.48581,1.48588,47
1779838080,1.48592,1.48592,1.48592,1.48592,1
1779838140,1.48593,1.48597,1.48569,1.48573,51
1779838200,1.48582,1.48585,1.4857,1.48583,56
1779838320,1.48582,1.48584,1.48574,1.48582,55
1779838380,1.48582,1.48586,1.48576,1.48583,52
1779838440,1.48575,1.48579,1.48571,1.48579,57
1779838560,1.4857,1.4858,1.48569,1.48574,69
1779838620,1.48581,1.48581,1.48576,1.48578,17
1779838680,1.48578,1.48585,1.48572,1.48585,49
1779838740,1.48586,1.48586,1.48577,1.48582,21
1779838800,1.48582,1.48582,1.48574,1.48581,25
1779838920,1.48581,1.48581,1.48565,1.4857,28
1779838980,1.48576,1.48581,1.48569,1.48581,63
1779839040,1.48577,1.48581,1.48571,1.48577,53
1779839100,1.48571,1.48586,1.48571,1.48585,83
1779839160,1.48586,1.48586,1.48572,1.48572,66
1779839340,1.48572,1.48576,1.48566,1.48566,57
1779839460,1.4858,1.48581,1.48574,1.48576,40
1779839520,1.48577,1.48582,1.48568,1.48581,68
1779839580,1.4858,1.48593,1.48578,1.48589,51
1779839640,1.48592,1.48592,1.48587,1.48589,32
1779839700,1.48587,1.48588,1.48574,1.48582,67
1779839760,1.48585,1.48585,1.48577,1.48583,48
1779839820,1.48575,1.48582,1.48572,1.4858,69
1779839880,1.48581,1.48583,1.48568,1.48573,58
1779839940,1.48577,1.48582,1.4857,1.48581,62
1779840000,1.48583,1.48583,1.48561,1.4858,119
1779840060,1.48581,1.4859,1.48574,1.48586,143
1779840120,1.48587,1.48596,1.48582,1.48596,89
1779840180,1.48595,1.48595,1.48583,1.48593,94
1779840240,1.48595,1.48597,1.48586,1.48587,86
1779840300,1.48598,1.48598,1.48584,1.48595,132
1779840360,1.48596,1.48596,1.48583,1.4859,89
1779840420,1.48591,1.48613,1.48584,1.4861,114
1779840480,1.48609,1.48618,1.48608,1.48615,45
1779840540,1.4861,1.48621,1.4861,1.4862,56
1779840660,1.4861,1.48631,1.48608,1.48631,72
1779840720,1.48625,1.4864,1.4862,1.48621,102
1779840780,1.48621,1.48627,1.48614,1.48619,81
1779840840,1.48619,1.48619,1.48613,1.48614,38
1779840900,1.48612,1.48618,1.48607,1.48607,73
1779840960,1.48609,1.48622,1.48609,1.48615,98
1779841020,1.48611,1.48619,1.4861,1.48613,74
1779841080,1.48615,1.48622,1.48611,1.48622,79
1779841140,1.48621,1.48622,1.48608,1.4861,108
1779841260,1.48615,1.48619,1.48607,1.48619,40
1779841320,1.48618,1.48626,1.48613,1.48626,79
1779841380,1.48622,1.48625,1.48591,1.48596,101
1779841440,1.486,1.48605,1.4859,1.48602,135
1779841500,1.48608,1.48621,1.48598,1.48618,82
1779841620,1.48612,1.48614,1.48605,1.48607,59
1779841680,1.48605,1.48613,1.48599,1.48606,75
1779841740,1.48607,1.48608,1.48603,1.48604,46
1779841800,1.48595,1.48603,1.4859,1.48598,99
1779841860,1.48597,1.48599,1.48588,1.48597,93
1779841920,1.486,1.48603,1.48594,1.48597,60
1779841980,1.48595,1.48603,1.48592,1.48603,107
1779842040,1.48601,1.48603,1.48587,1.48596,70
1779842100,1.48593,1.48597,1.48582,1.48591,84
1779842160,1.48592,1.48598,1.48585,1.48595,73
1779842220,1.48601,1.48614,1.48601,1.48611,94
1779842340,1.48599,1.48613,1.48598,1.48612,48
1779842460,1.48608,1.4861,1.48593,1.48597,94
1779842520,1.48601,1.48602,1.48584,1.48593,52
1779842580,1.48594,1.48599,1.4859,1.48594,84
1779842640,1.48599,1.48603,1.48591,1.48602,68
1779842700,1.48602,1.48607,1.4859,1.48599,134
1779842760,1.48599,1.4861,1.48598,1.48608,76
1779842820,1.48609,1.48609,1.48589,1.48604,82
1779842880,1.48603,1.48604,1.48593,1.48596,75
1779842940,1.48604,1.4861,1.48597,1.48598,89
1779843120,1.48614,1.48614,1.486,1.48606,88
1779843180,1.48614,1.48617,1.48608,1.48608,61
1779843240,1.48603,1.48612,1.48593,1.48601,129
1779843300,1.48593,1.48602,1.4859,1.486,85
1779843420,1.48598,1.48603,1.4859,1.48598,57
1779843480,1.48597,1.48604,1.48595,1.48604,82
1779843540,1.48604,1.48611,1.48601,1.48611,95
1779843600,1.48607,1.48607,1.48572,1.48585,141
1779843660,1.48586,1.48598,1.48584,1.48594,123
1779843720,1.48596,1.486,1.48588,1.48597,150
1779843780,1.48598,1.48604,1.48587,1.48599,133
1779843840,1.48601,1.48605,1.48593,1.48594,76
1779843900,1.48594,1.48603,1.48585,1.48592,97
1779844020,1.48598,1.486,1.48579,1.48586,87
1779844140,1.4858,1.4858,1.4858,1.4858,2
1779844200,1.4858,1.48587,1.48575,1.48585,119
1779844260,1.48578,1.48584,1.48569,1.48579,71
1779844320,1.48573,1.4858,1.48567,1.48568,76
1779844380,1.48566,1.48572,1.48557,1.48557,72
1779844440,1.48566,1.48581,1.48564,1.48577,71
1779844500,1.4858,1.48584,1.48571,1.48578,97
1779844560,1.4858,1.48597,1.48575,1.48587,96
1779844680,1.48584,1.48593,1.48579,1.48579,62
1779844740,1.4858,1.48596,1.48579,1.48586,97
1779844800,1.48584,1.48589,1.4858,1.48585,76
1779844860,1.48584,1.48585,1.48576,1.4858,93
1779844920,1.48575,1.48584,1.48568,1.48578,97
1779844980,1.4858,1.48587,1.48574,1.48585,58
1779845040,1.48585,1.48585,1.48585,1.48585,2
1779845160,1.48583,1.4859,1.48573,1.48584,92
1779845220,1.48585,1.48589,1.48575,1.4858,54
1779845280,1.48582,1.48588,1.48575,1.48583,88
1779845340,1.48578,1.48584,1.4857,1.48583,117
1779845400,1.48582,1.48606,1.48582,1.48605,176
1779845520,1.48604,1.48606,1.48596,1.486,127
1779845580,1.48601,1.48604,1.48594,1.48595,132
1779845640,1.48599,1.48608,1.48598,1.48606,152
1779845700,1.48605,1.48605,1.48591,1.48596,121
1779845760,1.48598,1.48598,1.48583,1.48593,116
1779845820,1.48593,1.48596,1.48585,1.48595,86
1779845880,1.48589,1.48598,1.48588,1.48594,99
1779845940,1.48592,1.48592,1.4858,1.48587,104
1779846000,1.48588,1.48593,1.48577,1.48581,109
1779846060,1.48582,1.48585,1.48575,1.48581,79
1779846120,1.48581,1.48587,1.48577,1.48579,74
1779846180,1.48579,1.48584,1.48572,1.48582,48
1779846240,1.48577,1.48587,1.48576,1.48581,83
1779846300,1.48584,1.48588,1.48576,1.4858,64
1779846360,1.48573,1.48592,1.48573,1.48585,60
1779846480,1.4858,1.48591,1.48578,1.48586,95
1779846660,1.48586,1.48596,1.48582,1.48595,86
1779846720,1.48595,1.48596,1.4859,1.48593,60
1779846780,1.48596,1.48597,1.48589,1.48596,81
1779846840,1.48598,1.48601,1.48589,1.48595,79
1779847020,1.48599,1.48603,1.48594,1.48603,45
1779847080,1.48599,1.48607,1.48593,1.48594,71
1779847140,1.48599,1.48608,1.48597,1.48603,64
1779847200,1.48612,1.48627,1.48596,1.48626,176
1779847260,1.48627,1.48627,1.48614,1.48622,128
1779847320,1.48625,1.48626,1.48616,1.4862,98
1779847380,1.4862,1.48624,1.48603,1.48609,114
1779847440,1.48615,1.48632,1.48612,1.48626,143
1779847500,1.48627,1.48629,1.48613,1.48626,133
1779847560,1.48627,1.48637,1.48626,1.48636,106
1779847620,1.48636,1.48642,1.48627,1.48632,110
1779847680,1.48631,1.48636,1.48623,1.48632,80
1779847740,1.48634,1.48634,1.48618,1.48622,62
1779847860,1.48631,1.48643,1.48627,1.48639,96
1779847920,1.48644,1.48646,1.48622,1.48634,112
1779847980,1.48635,1.48636,1.48618,1.48619,110
1779848040,1.48618,1.48625,1.48614,1.48616,67
1779848100,1.48625,1.48629,1.48616,1.48629,139
1779848160,1.48629,1.48634,1.48626,1.48626,53
1779848220,1.48625,1.48636,1.48624,1.48634,95
1779848280,1.48634,1.48639,1.48624,1.48634,94
1779848340,1.48637,1.48644,1.48628,1.48634,96
1779848400,1.4864,1.48644,1.48632,1.48633,69
1779848460,1.48635,1.48644,1.48625,1.48625,99
1779848520,1.48627,1.48635,1.48627,1.48631,51
1779848580,1.48627,1.48632,1.48614,1.48617,67
1779848640,1.48624,1.48628,1.48617,1.48625,76
1779848700,1.4862,1.48624,1.48612,1.48621,122
1779848820,1.48621,1.48628,1.48616,1.48623,57
1779848880,1.48621,1.48624,1.48616,1.48622,33
1779848940,1.48616,1.48627,1.48616,1.48622,72
1779849000,1.48624,1.48628,1.48611,1.48619,126
1779849060,1.48622,1.48623,1.48614,1.48621,87
1779849180,1.48618,1.48622,1.48612,1.48621,54
1779849240,1.48614,1.48622,1.48605,1.48622,73
1779849300,1.4862,1.48624,1.48611,1.48615,89
1779849360,1.48617,1.48621,1.48601,1.48603,97
1779849420,1.48608,1.4861,1.48595,1.48607,74
1779849540,1.48602,1.48602,1.48602,1.48602,1
1779849660,1.48595,1.48605,1.48589,1.48603,59
1779849720,1.48598,1.48605,1.48595,1.48604,73
1779849780,1.48599,1.48611,1.48596,1.48607,91
1779849840,1.48603,1.48608,1.48599,1.48607,77
1779849900,1.48608,1.48611,1.48598,1.48611,107
1779849960,1.48607,1.48613,1.48603,1.4861,102
1779850020,1.48611,1.48612,1.48598,1.4861,78
1779850080,1.48611,1.48617,1.48611,1.48617,47
1779850140,1.48617,1.48617,1.48604,1.48614,66
1779850200,1.48609,1.48625,1.48607,1.48624,78
1779850260,1.48625,1.48625,1.48606,1.48612,80
1779850320,1.48612,1.48623,1.48612,1.48622,46
1779850380,1.48621,1.4863,1.48614,1.48619,72
1779850440,1.48619,1.48634,1.48619,1.48627,90
1779850500,1.48634,1.48637,1.4863,1.48633,57
1779850620,1.48634,1.48635,1.48629,1.48633,68
1779850680,1.48637,1.48645,1.48636,1.48644,53
1779850740,1.48645,1.48647,1.4863,1.48638,77
1779850800,1.4864,1.48643,1.48625,1.48628,90
1779850860,1.48626,1.48637,1.48617,1.48633,108
1779850920,1.48632,1.48638,1.48632,1.48635,70
1779850980,1.48636,1.48647,1.48624,1.48647,132
1779851040,1.48644,1.4865,1.48636,1.48636,133
1779851100,1.48637,1.48644,1.48635,1.48641,87
1779851220,1.48636,1.4864,1.48635,1.48637,29
1779851280,1.48635,1.4864,1.48633,1.48636,74
1779851340,1.4863,1.48638,1.48625,1.48635,75
1779851460,1.48634,1.48644,1.48626,1.48643,64
1779851580,1.48634,1.48635,1.48628,1.48635,31
1779851640,1.4864,1.48643,1.48625,1.48625,58
1779851700,1.48639,1.48643,1.4863,1.48634,71
1779851760,1.48636,1.48638,1.48623,1.48623,55
1779851820,1.48625,1.48632,1.48619,1.48632,73
1779851880,1.48632,1.48634,1.4862,1.4862,60
1779851940,1.48621,1.48634,1.48621,1.48629,67
1779852060,1.48626,1.48627,1.48613,1.48618,55
1779852120,1.48621,1.48631,1.48621,1.48629,50
1779852180,1.4862,1.48628,1.48613,1.4862,62
1779852240,1.48618,1.48624,1.48613,1.48616,65
1779852300,1.4862,1.48625,1.48613,1.48618,96
1779852360,1.48622,1.48625,1.48614,1.48616,61
1779852420,1.48617,1.48626,1.48613,1.48626,43
1779852480,1.48618,1.48628,1.48617,1.48626,69
1779852540,1.48627,1.48629,1.4862,1.48625,71
1779852600,1.48627,1.4863,1.48618,1.48624,99
1779852720,1.48618,1.48625,1.48615,1.48625,95
1779852840,1.48625,1.48625,1.48615,1.48625,63
1779852960,1.48621,1.48625,1.48607,1.48607,68
1779853020,1.48617,1.48633,1.48611,1.48633,80
1779853080,1.48626,1.48631,1.48621,1.48623,52
1779853140,1.4862,1.48627,1.48617,1.48625,50
1779853200,1.48626,1.48628,1.48614,1.48614,48
1779853320,1.4862,1.48629,1.48619,1.48624,46
1779853380,1.48631,1.48631,1.48616,1.48623,56
1779853440,1.48627,1.48627,1.48616,1.48625,79
1779853500,1.48625,1.48629,1.4862,1.48626,66
1779853560,1.48626,1.4863,1.48618,1.48624,77
1779853680,1.48632,1.48633,1.4862,1.48626,61
1779853740,1.48626,1.4863,1.4862,1.48623,49
1779853800,1.48629,1.4863,1.48618,1.48626,52
1779853920,1.4863,1.48633,1.48624,1.48627,20
1779853980,1.48625,1.48636,1.48625,1.48636,38
1779854040,1.4863,1.48636,1.48626,1.48636,61
1779854160,1.48646,1.48647,1.48631,1.48638,64
1779854280,1.48643,1.48643,1.4863,1.48641,36
1779854340,1.4864,1.48642,1.48635,1.48638,45
1779854400,1.48641,1.48644,1.4863,1.48634,97
1779854460,1.48633,1.48634,1.48626,1.48629,89
1779854520,1.48628,1.48634,1.48621,1.4863,112
1779854580,1.48629,1.48634,1.48622,1.48628,92
1779854640,1.48629,1.48634,1.48622,1.48625,66
1779854700,1.48625,1.48631,1.4862,1.48622,53
1779854760,1.48623,1.48633,1.48622,1.48629,53
1779854820,1.48621,1.4863,1.48616,1.4863,45
1779854880,1.4863,1.48631,1.48624,1.4863,50
1779855060,1.48624,1.48629,1.48618,1.48621,47
1779855120,1.48629,1.48629,1.48612,1.48622,57
1779855180,1.48624,1.48625,1.48613,1.48621,61
1779855240,1.48619,1.48623,1.48611,1.48617,75
1779855300,1.48619,1.48624,1.48612,1.4862,86
1779855360,1.48621,1.48624,1.48613,1.48622,58
1779855480,1.48621,1.48625,1.48613,1.48621,60
1779855540,1.48621,1.48623,1.48613,1.48622,51
1779855660,1.48621,1.48624,1.48606,1.48615,90
1779855720,1.48615,1.4862,1.48615,1.48617,32
1779855780,1.48618,1.48621,1.48611,1.48619,60
1779855840,1.48614,1.48621,1.48609,1.48613,49
1779855900,1.48609,1.48614,1.48604,1.48608,67
1779855960,1.48606,1.48615,1.48606,1.48611,72
1779856020,1.48614,1.48622,1.48605,1.48615,99
1779856140,1.48616,1.48624,1.48613,1.48618,57
1779856200,1.48618,1.48625,1.48612,1.48622,94
1779856260,1.48624,1.4863,1.48615,1.4862,107
1779856380,1.48623,1.48627,1.48615,1.48622,95
1779856440,1.48622,1.48628,1.4862,1.48621,54
1779856500,1.4862,1.48627,1.4862,1.48625,55
1779856620,1.48627,1.48631,1.48617,1.48621,69
1779856680,1.48625,1.48625,1.48611,1.48615,60
1779856740,1.48621,1.48631,1.4862,1.4863,56
1779856800,1.48628,1.4863,1.48625,1.48626,32
1779856860,1.48627,1.48628,1.48622,1.48626,55
1779856920,1.48626,1.48628,1.48615,1.48627,51
1779856980,1.48627,1.48629,1.48615,1.48623,45
1779857040,1.48619,1.48626,1.48614,1.48618,63
1779857100,1.48612,1.48623,1.48608,1.48621,91
1779857160,1.4862,1.48622,1.48612,1.48621,68
1779857220,1.4862,1.48626,1.48617,1.48625,52
1779857340,1.48623,1.4863,1.48616,1.48628,36
1779857460,1.48622,1.48623,1.48612,1.48618,83
1779857520,1.48622,1.48623,1.4861,1.48612,38
1779857580,1.48615,1.4862,1.48598,1.48606,89
1779857640,1.48609,1.48618,1.48609,1.48609,61
1779857700,1.4861,1.48621,1.48609,1.48618,86
1779857760,1.48617,1.48622,1.48607,1.48609,30
1779857820,1.48613,1.48614,1.48603,1.48614,52
1779857880,1.48605,1.48608,1.48597,1.48605,84
1779857940,1.48613,1.48619,1.4861,1.48619,58
1779858000,1.4862,1.48623,1.48608,1.48609,71
1779858060,1.48612,1.48626,1.48611,1.48616,114
1779858120,1.48618,1.48629,1.48616,1.48628,87
1779858180,1.48629,1.48629,1.48616,1.48617,64
1779858240,1.48618,1.48635,1.48617,1.48633,101
1779858300,1.48632,1.48633,1.48623,1.48626,48
1779858360,1.48625,1.48632,1.4862,1.48628,91
1779858420,1.48626,1.48629,1.48617,1.48629,110
1779858480,1.48628,1.48629,1.4862,1.48625,43
1779858540,1.48629,1.48636,1.48616,1.48617,56
1779858720,1.48621,1.48621,1.48621,1.48621,2
1779858780,1.48623,1.48632,1.48623,1.48629,44
1779858840,1.48628,1.48632,1.48619,1.48629,67
1779858900,1.48629,1.48636,1.48623,1.48636,86
1779858960,1.48634,1.48636,1.48619,1.48625,75
1779859020,1.48626,1.48632,1.48622,1.48622,53
1779859140,1.48628,1.48634,1.48621,1.48634,55
1779859260,1.48641,1.48649,1.48638,1.48649,53
1779859320,1.48639,1.48645,1.48632,1.48643,61
1779859440,1.48642,1.48642,1.48642,1.48642,2
1779859560,1.48648,1.48652,1.48644,1.48651,62
1779859620,1.48649,1.48649,1.48636,1.48644,68
1779859680,1.48645,1.48647,1.48637,1.48639,37
1779859740,1.4864,1.48645,1.48625,1.48636,76
1779859800,1.48637,1.48645,1.48628,1.48636,98
1779859860,1.48636,1.48642,1.48628,1.48631,71
1779859920,1.4863,1.48646,1.48629,1.48644,99
1779859980,1.48643,1.48646,1.48634,1.48646,97
1779860040,1.48634,1.48641,1.48632,1.48637,77
1779860100,1.4864,1.48642,1.48624,1.48627,108
1779860160,1.48629,1.48638,1.48623,1.48631,139
1779860280,1.48622,1.48632,1.48621,1.48627,36
1779860340,1.48627,1.4863,1.48624,1.4863,60
1779860400,1.48626,1.48632,1.48619,1.4863,77
1779860460,1.4863,1.48632,1.48618,1.4863,80
1779860520,1.48626,1.48636,1.48621,1.48634,97
1779860640,1.48628,1.48628,1.48628,1.48628,1
1779860700,1.48631,1.48634,1.48621,1.48628,102
1779860760,1.48628,1.48636,1.48622,1.48629,101
1779860880,1.48636,1.48637,1.48622,1.48627,98
1779860940,1.48627,1.48628,1.48615,1.48622,110
1779861000,1.48623,1.4864,1.48622,1.48635,90
1779861060,1.48631,1.48642,1.4863,1.48638,48
1779861120,1.4864,1.48651,1.4864,1.4865,29
1779861180,1.48649,1.48656,1.48642,1.4865,83
1779861240,1.48651,1.48658,1.48644,1.48655,119
1779861420,1.48646,1.48649,1.48628,1.48631,68
1779861480,1.48634,1.48638,1.48624,1.48638,81
1779861540,1.48632,1.48634,1.48626,1.48633,43
1779861600,1.48639,1.48644,1.48629,1.48636,121
1779861660,1.48636,1.48637,1.48627,1.48635,127
1779861720,1.48635,1.4864,1.48629,1.4864,106
1779861780,1.48639,1.48641,1.48631,1.48637,80
1779861840,1.48639,1.4864,1.48628,1.48635,89
1779861960,1.48644,1.48649,1.4864,1.48646,63
1779862020,1.48648,1.48654,1.48642,1.48652,99
1779862140,1.48656,1.48661,1.48652,1.48655,49
1779862260,1.48666,1.48666,1.48653,1.48654,62
1779862320,1.48652,1.48658,1.48652,1.48657,61
1779862380,1.48657,1.48657,1.48649,1.48655,73
1779862440,1.48655,1.48657,1.48644,1.48649,111
1779862500,1.4865,1.48654,1.48648,1.4865,90
1779862560,1.48651,1.48656,1.48649,1.48655,105
1779862680,1.48655,1.48657,1.48652,1.48652,48
1779862740,1.48653,1.48663,1.48653,1.48662,48
1779862860,1.48662,1.48664,1.4865,1.48657,93
1779862920,1.48653,1.48664,1.48653,1.48664,84
1779863040,1.48666,1.48666,1.48666,1.48666,1
1779863100,1.48662,1.48666,1.48658,1.48663,92
1779863160,1.48665,1.48666,1.48661,1.48666,43
1779863220,1.48662,1.48668,1.48661,1.48665,49
1779863280,1.48668,1.48672,1.48665,1.48669,60
1779863340,1.48671,1.48673,1.48661,1.48661,92
1779863400,1.48663,1.48667,1.4866,1.48665,84
1779863460,1.48663,1.48671,1.48661,1.48668,100
1779863580,1.48661,1.48666,1.48659,1.48665,47
1779863640,1.48663,1.48669,1.48662,1.48667,73
1779863700,1.48669,1.4867,1.48657,1.48657,71
1779863760,1.48659,1.4867,1.48656,1.48665,67
1779863820,1.48666,1.48679,1.48666,1.48674,69
1779863880,1.48671,1.48678,1.48668,1.48672,68
1779863940,1.48675,1.48686,1.48674,1.48686,59
1779864060,1.48688,1.48688,1.48677,1.48681,67
1779864120,1.48678,1.48679,1.48672,1.48677,58
1779864180,1.48679,1.48683,1.48675,1.48682,78
1779864240,1.4868,1.48698,1.48677,1.48695,98
1779864300,1.48696,1.48711,1.48694,1.48704,69
1779864360,1.48703,1.48709,1.487,1.48704,56
1779864420,1.48705,1.48722,1.48704,1.48716,74
1779864480,1.48718,1.48718,1.48713,1.48714,67
1779864540,1.48705,1.48706,1.48687,1.48698,80
1779864660,1.48701,1.48709,1.48701,1.48704,40
1779864780,1.48704,1.48705,1.48699,1.48703,52
1779864840,1.48708,1.48709,1.48696,1.48696,93
1779864900,1.48704,1.4872,1.48702,1.48719,83
1779864960,1.48718,1.48723,1.4871,1.4872,72
1779865020,1.48717,1.48719,1.48707,1.48717,96
1779865080,1.48717,1.48719,1.48709,1.48713,99
1779865140,1.48711,1.48727,1.48711,1.48723,117
1779865200,1.48722,1.48735,1.48712,1.48735,148
1779865260,1.48734,1.48734,1.48718,1.48723,118
1779865320,1.48726,1.4873,1.48713,1.48717,129
1779865380,1.48719,1.48721,1.48711,1.48713,89
1779865440,1.48714,1.48716,1.48704,1.48707,77
1779865500,1.4871,1.48715,1.48704,1.48715,106
1779865620,1.48718,1.48733,1.48716,1.48731,72
1779865680,1.48727,1.48727,1.48721,1.48727,73
1779865740,1.48718,1.48719,1.48711,1.48714,73
1779865860,1.48723,1.48726,1.4872,1.48724,61
1779865980,1.48715,1.48719,1.48712,1.48718,38
1779866040,1.48712,1.48715,1.48708,1.48714,43
1779866100,1.4871,1.48714,1.48707,1.48712,60
1779866160,1.48711,1.48715,1.48698,1.48703,105
1779866220,1.487,1.48704,1.48694,1.48697,102
1779866340,1.48704,1.48704,1.48702,1.48702,24
1779866460,1.48708,1.48713,1.48706,1.48713,62
1779866520,1.48711,1.48716,1.48705,1.48716,61
1779866580,1.48718,1.48719,1.48712,1.48714,42
1779866640,1.48715,1.48723,1.48715,1.48723,99
1779866700,1.48719,1.48724,1.48718,1.48723,69
1779866820,1.48728,1.48743,1.48727,1.48743,60
1779866880,1.48744,1.48744,1.48723,1.48723,74
1779866940,1.48722,1.48733,1.48722,1.48729,58
1779867000,1.48734,1.48746,1.48732,1.48739,79
1779867060,1.48739,1.48744,1.48735,1.48739,77
1779867240,1.4875,1.4875,1.48741,1.4875,46
1779867360,1.48744,1.48757,1.48744,1.48756,44
1779867420,1.48756,1.48765,1.48752,1.48763,90
1779867480,1.48763,1.48773,1.48763,1.48769,64
1779867540,1.48761,1.48772,1.48761,1.48767,92
1779867600,1.48766,1.48767,1.48758,1.48766,98
1779867660,1.48767,1.48769,1.48762,1.48764,54
1779867720,1.48766,1.48769,1.48757,1.48769,62
1779867780,1.48769,1.48777,1.48765,1.48775,64
1779867840,1.48778,1.48778,1.4877,1.48772,85
1779867900,1.48774,1.48774,1.48766,1.48768,59
1779867960,1.48763,1.48769,1.4876,1.4876,93
1779868080,1.48755,1.48758,1.48748,1.48751,62
1779868140,1.48748,1.48761,1.48743,1.48761,85
1779868200,1.48757,1.48768,1.48755,1.48766,121
1779868260,1.48765,1.48773,1.48764,1.48765,91
1779868320,1.48767,1.4877,1.48756,1.48757,107
1779868440,1.48755,1.48758,1.48753,1.48754,51
1779868560,1.48747,1.48748,1.48737,1.48744,72
1779868620,1.48746,1.48753,1.48739,1.48739,101
1779868680,1.48738,1.48743,1.48729,1.4873,87
1779868740,1.4873,1.4873,1.4871,1.48717,156
1779868800,1.48711,1.48715,1.48695,1.48712,146
1779868860,1.4871,1.4872,1.48709,1.48714,118
1779868920,1.48716,1.48726,1.48714,1.48717,88
1779869040,1.48707,1.48712,1.48705,1.48712,78
1779869100,1.48713,1.48715,1.48709,1.48715,96
1779869160,1.4872,1.4872,1.48705,1.48707,121
1779869220,1.48707,1.48712,1.48705,1.48712,23
1779869280,1.48714,1.48721,1.48713,1.48715,70
1779869340,1.48714,1.48714,1.48698,1.48698,73
1779869400,1.48693,1.48697,1.48684,1.48696,120
1779869460,1.48695,1.48708,1.48692,1.48708,87
1779869520,1.48708,1.48724,1.48705,1.48724,108
1779869580,1.48724,1.48732,1.48724,1.4873,83
1779869640,1.48725,1.48727,1.48719,1.48727,45
1779869700,1.48723,1.48735,1.48722,1.48735,89
1779869760,1.48733,1.48737,1.48728,1.4873,82
1779869880,1.48721,1.48723,1.48715,1.48723,98
1779869940,1.48724,1.48733,1.4872,1.48721,103
1779870000,1.48722,1.48735,1.48721,1.48731,96
1779870060,1.48732,1.48735,1.4873,1.48732,53
1779870120,1.48736,1.48742,1.48734,1.48741,58
1779870180,1.48741,1.48745,1.48732,1.48734,95
1779870240,1.4875,1.48754,1.48746,1.4875,85
1779870420,1.48753,1.48756,1.48748,1.48754,43
1779870480,1.48748,1.48752,1.48743,1.48745,77
1779870540,1.48754,1.48767,1.48753,1.48764,66
1779870600,1.48766,1.48766,1.48753,1.48755,112
1779870660,1.48756,1.48756,1.48749,1.4875,54
1779870720,1.48749,1.48753,1.48746,1.48747,61
1779870840,1.48738,1.48738,1.48738,1.48738,1
1779870960,1.48731,1.48733,1.48723,1.48726,50
1779871020,1.48725,1.48734,1.48722,1.48727,79
1779871080,1.48721,1.48735,1.48721,1.48734,82
1779871140,1.4873,1.48731,1.48724,1.48728,88
1779871200,1.48731,1.48741,1.48731,1.48733,70
1779871320,1.48732,1.48733,1.48723,1.48724,54
1779871380,1.48726,1.48728,1.48722,1.48725,63
1779871440,1.48726,1.48734,1.48725,1.48734,59
1779871500,1.48734,1.48735,1.48729,1.48734,93
1779871560,1.48734,1.48734,1.48724,1.48726,95
1779871740,1.48706,1.48711,1.48705,1.48705,38
1779871860,1.48707,1.48709,1.48703,1.48705,82
1779871920,1.48707,1.48725,1.48706,1.48721,101
1779872040,1.48715,1.48717,1.48711,1.48712,45
1779872100,1.48706,1.48709,1.48702,1.48706,86
1779872160,1.48707,1.48712,1.48706,1.48712,86
1779872220,1.4871,1.4871,1.48699,1.48707,64
1779872280,1.48707,1.48716,1.48704,1.48716,82
1779872340,1.48716,1.48717,1.48708,1.48713,85
1779872400,1.48712,1.48717,1.48706,1.48714,94
1779872460,1.48716,1.48718,1.4871,1.4871,91
1779872520,1.48711,1.48716,1.48704,1.48706,104
1779872580,1.48705,1.48714,1.48702,1.48712,80
1779872640,1.48713,1.48713,1.48705,1.48708,79
1779872700,1.48709,1.48717,1.487,1.48701,97
1779872760,1.487,1.48703,1.48697,1.48697,110
1779872820,1.48698,1.48698,1.48689,1.4869,54
1779872880,1.48692,1.48693,1.48687,1.48689,54
1779872940,1.48695,1.48699,1.48694,1.48697,73
1779873060,1.48689,1.48693,1.48688,1.48689,55
1779873120,1.48692,1.48696,1.48689,1.48693,83
1779873180,1.48694,1.48695,1.48689,1.48689,55
1779873240,1.4869,1.4869,1.48674,1.48674,66
1779873300,1.48678,1.48687,1.48672,1.48685,86
1779873360,1.48683,1.48685,1.48668,1.48669,84
1779873420,1.48668,1.4868,1.48667,1.48679,62
1779873480,1.48675,1.48678,1.48666,1.4867,84
1779873540,1.48673,1.48683,1.48671,1.48681,72
1779873660,1.48683,1.48692,1.48682,1.48687,73
1779873720,1.48688,1.48689,1.48682,1.48686,75
1779873780,1.48689,1.48689,1.48676,1.48679,71
1779873840,1.4868,1.48682,1.48674,1.48679,74
1779873900,1.48678,1.48682,1.48677,1.48677,52
1779874020,1.48671,1.48672,1.48663,1.48663,44
1779874080,1.48666,1.48671,1.48665,1.48667,44
1779874140,1.48672,1.48686,1.48668,1.48685,75
1779874200,1.48686,1.48686,1.48677,1.48682,58
1779874260,1.48681,1.48687,1.48679,1.48686,56
1779874380,1.48681,1.48681,1.48676,1.4868,41
1779874440,1.4868,1.48683,1.48673,1.48675,45
1779874500,1.48676,1.48684,1.48668,1.48676,109
1779874560,1.48678,1.48678,1.48674,1.48676,34
1779874620,1.48677,1.48683,1.48676,1.48682,42
1779874680,1.48685,1.48687,1.48681,1.48682,51
1779874740,1.48687,1.48689,1.48678,1.48681,57
1779874860,1.48684,1.48686,1.48682,1.48684,41
1779874920,1.48683,1.48685,1.48682,1.48684,37
1779874980,1.48684,1.48689,1.4868,1.48687,52
1779875040,1.4869,1.48692,1.48687,1.48689,49
1779875100,1.48688,1.4869,1.48683,1.48685,68
1779875160,1.48687,1.48692,1.48684,1.4869,78
1779875220,1.48689,1.48695,1.48689,1.48695,64
1779875280,1.48694,1.48699,1.48693,1.48696,68
1779875340,1.48693,1.48695,1.48691,1.48693,54
1779875460,1.48692,1.48694,1.48687,1.48689,53
1779875580,1.48687,1.48689,1.48683,1.48684,19
1779875640,1.48689,1.48693,1.48685,1.48693,52
1779875700,1.48696,1.48705,1.48695,1.48698,78
1779875760,1.487,1.48701,1.48692,1.48693,97
1779875820,1.48693,1.48695,1.48686,1.48686,92
1779875940,1.48689,1.48692,1.48685,1.48688,67
1779876000,1.48676,1.4868,1.48672,1.48676,98
1779876060,1.48675,1.48679,1.48669,1.48672,87
1779876120,1.48673,1.48673,1.48665,1.48668,58
1779876180,1.48669,1.48679,1.48668,1.4867,111
1779876240,1.48669,1.48672,1.48666,1.48668,79
1779876420,1.48675,1.48678,1.48666,1.48666,49
1779876480,1.48663,1.48669,1.4866,1.48669,89
1779876540,1.48677,1.48679,1.48673,1.48676,66
1779876660,1.48678,1.48683,1.48673,1.48676,97
1779876780,1.48686,1.48688,1.48683,1.48684,50
1779876840,1.48684,1.48684,1.48679,1.4868,34
1779876900,1.48685,1.4869,1.48678,1.48687,76
1779877020,1.48684,1.48685,1.4868,1.48685,57
1779877080,1.48679,1.4868,1.48673,1.48674,80
1779877140,1.48675,1.48682,1.48671,1.48671,74
1779877200,1.4867,1.4867,1.48661,1.48662,62
1779877260,1.48659,1.4866,1.48652,1.48653,52
1779877320,1.48647,1.48652,1.48644,1.4865,58
1779877380,1.48648,1.48649,1.48636,1.48636,58
1779877440,1.48639,1.48648,1.48636,1.48646,57
1779877500,1.4865,1.48652,1.48642,1.48652,72
1779877560,1.48652,1.48652,1.48649,1.48649,50
1779877620,1.48649,1.4865,1.48642,1.48645,34
1779877680,1.48654,1.48654,1.48641,1.48644,67
1779877740,1.48643,1.48644,1.48635,1.48638,71
1779877800,1.48638,1.48643,1.48633,1.48638,103
1779877860,1.48639,1.48648,1.48639,1.48643,102
1779877920,1.48646,1.48655,1.48643,1.48652,89
1779877980,1.48651,1.4866,1.48651,1.48655,66
1779878040,1.48652,1.48663,1.48651,1.48659,86
1779878160,1.48655,1.4866,1.48654,1.48655,51
1779878220,1.48658,1.48663,1.48655,1.48655,46
1779878280,1.48658,1.4867,1.48658,1.4867,36
1779878340,1.48668,1.48668,1.48636,1.48639,93
1779878520,1.48636,1.48647,1.48635,1.48646,46
1779878580,1.48646,1.4865,1.48643,1.48649,48
1779878640,1.4865,1.48651,1.48645,1.48646,57
1779878700,1.4865,1.48659,1.48649,1.48657,105
1779878760,1.48658,1.48661,1.48653,1.48658,93
1779878820,1.48653,1.48672,1.48653,1.48672,98
1779878880,1.48672,1.48676,1.48662,1.48662,91
1779878940,1.48662,1.48664,1.48646,1.48646,79
1779879000,1.48651,1.48659,1.48651,1.48656,98
1779879060,1.48657,1.4866,1.48652,1.48657,67
1779879120,1.48652,1.48655,1.48647,1.48651,73
1779879240,1.48656,1.48662,1.48654,1.48659,63
1779879360,1.48674,1.48677,1.48668,1.48673,72
1779879420,1.48682,1.48689,1.48681,1.48683,41
1779879480,1.48682,1.48684,1.48679,1.48684,61
1779879540,1.48679,1.48691,1.48677,1.48684,86
1779879600,1.48685,1.4869,1.48671,1.48671,75
1779879660,1.48677,1.48679,1.48672,1.48678,81
1779879720,1.48676,1.48676,1.48666,1.48669,93
1779879780,1.4867,1.48679,1.4867,1.48678,81
1779879840,1.48678,1.48685,1.48675,1.48677,97
1779879960,1.48669,1.48679,1.48669,1.48678,91
1779880080,1.48677,1.48677,1.48672,1.48676,37
1779880140,1.48679,1.48679,1.48676,1.48676,24
1779880260,1.48669,1.48683,1.48667,1.48682,80
1779880320,1.48682,1.4869,1.48678,1.48687,93
1779880440,1.4869,1.4869,1.4869,1.4869,2
1779880500,1.48693,1.48697,1.48689,1.48695,75
1779880560,1.487,1.48704,1.48693,1.48696,131
1779880680,1.48687,1.48692,1.48685,1.48685,63
1779880740,1.48687,1.4869,1.48674,1.48682,87
1779880800,1.48682,1.48682,1.48675,1.48675,85
1779880860,1.48676,1.48681,1.48671,1.48672,111
1779880920,1.48672,1.48679,1.48671,1.48676,66
1779880980,1.48675,1.48682,1.48673,1.48675,94
1779881040,1.48674,1.48689,1.48674,1.48688,94
1779881100,1.48691,1.48702,1.48689,1.48701,109
1779881160,1.48702,1.48705,1.48696,1.48699,75
1779881280,1.48698,1.48698,1.48698,1.48698,2
1779881340,1.48697,1.487,1.48695,1.48696,67
1779881400,1.48693,1.48704,1.4869,1.48704,119
1779881460,1.48702,1.48713,1.48691,1.48695,106
1779881580,1.48694,1.48696,1.48685,1.4869,78
1779881700,1.48693,1.48693,1.48693,1.48693,2
1779881820,1.48702,1.48702,1.48696,1.487,70
1779881880,1.48694,1.48703,1.48694,1.48699,76
1779881940,1.48698,1.48707,1.48696,1.48707,75
1779882000,1.48708,1.48708,1.48699,1.48704,75
1779882060,1.48702,1.4871,1.487,1.4871,97
1779882120,1.48706,1.48706,1.48697,1.48699,62
1779882180,1.48695,1.48707,1.48695,1.48706,69
1779882240,1.48705,1.48709,1.48699,1.48704,74
1779882300,1.48701,1.48708,1.48699,1.48707,81
1779882360,1.48705,1.4871,1.48701,1.48703,128
1779882420,1.48701,1.48705,1.48696,1.48696,87
1779882480,1.48697,1.48704,1.48694,1.48701,95
1779882540,1.48701,1.48714,1.48701,1.48709,42
1779882660,1.48701,1.48702,1.48692,1.48692,69
1779882720,1.48691,1.48697,1.48689,1.48692,90
1779882780,1.4869,1.48696,1.48688,1.48695,111
1779882840,1.48693,1.48703,1.48687,1.48688,118
1779882900,1.48687,1.48688,1.48657,1.48659,147
1779882960,1.4866,1.48673,1.48657,1.48661,88
1779883020,1.48663,1.48675,1.48663,1.4867,75
1779883080,1.48685,1.48696,1.48684,1.4869,65
1779883140,1.48691,1.48696,1.48685,1.48696,85
1779883200,1.48697,1.48704,1.48687,1.48687,131
1779883260,1.48689,1.487,1.48686,1.487,130
1779883320,1.48699,1.48699,1.48688,1.48692,131
1779883380,1.48694,1.48696,1.48685,1.48691,130
1779883440,1.4869,1.48697,1.48688,1.48696,76
1779883500,1.48692,1.48696,1.48686,1.48691,78
1779883560,1.48691,1.487,1.4869,1.48697,85
1779883620,1.48691,1.48704,1.48691,1.487,94
1779883680,1.48703,1.48713,1.48701,1.4871,90
1779883740,1.48711,1.48714,1.48689,1.4869,58
1779883860,1.48683,1.48697,1.48683,1.48696,79
1779883920,1.48702,1.48703,1.48693,1.48699,97
1779883980,1.48704,1.48715,1.487,1.48712,79
1779884040,1.48706,1.48712,1.48698,1.48706,110
1779884100,1.48709,1.48709,1.4868,1.48682,129
1779884160,1.48682,1.48703,1.48681,1.48699,111
1779884220,1.48699,1.48704,1.48697,1.48701,107
1779884280,1.48699,1.48752,1.48694,1.48737,183
1779884340,1.48719,1.48736,1.48701,1.48703,214
1779884520,1.48742,1.48792,1.48741,1.48778,139
1779884580,1.48757,1.48781,1.48754,1.48764,146
1779884640,1.48733,1.48733,1.48711,1.48713,154
1779884700,1.48717,1.48763,1.48712,1.48762,217
1779884760,1.48756,1.48774,1.48753,1.48763,181
1779884820,1.48755,1.48769,1.48744,1.48762,182
1779884940,1.48778,1.48783,1.48768,1.48776,98
1779885000,1.48771,1.48798,1.48767,1.48784,202
1779885060,1.48785,1.48792,1.48776,1.48778,180
1779885180,1.48778,1.48782,1.48772,1.48779,148
1779885240,1.48786,1.48787,1.48772,1.4878,194
1779885360,1.48788,1.48812,1.48788,1.488,152
1779885420,1.4881,1.48813,1.48794,1.488,137
1779885480,1.48796,1.48801,1.48793,1.48796,134
1779885540,1.48808,1.48808,1.48794,1.488,129
1779885600,1.48796,1.48802,1.48789,1.4879,154
1779885720,1.48799,1.48801,1.48793,1.48797,96
1779885780,1.48787,1.48793,1.48782,1.48783,103
1779885840,1.4878,1.48787,1.48772,1.48772,122
1779885900,1.4877,1.48773,1.48751,1.48754,161
1779885960,1.48756,1.4876,1.4875,1.48756,149
1779886020,1.48755,1.48764,1.48752,1.48759,142
1779886080,1.48759,1.48762,1.48748,1.48753,131
1779886140,1.48752,1.4876,1.48752,1.48755,103
1779886200,1.48764,1.48765,1.48752,1.48758,132
1779886260,1.48758,1.48774,1.48752,1.48774,113
1779886320,1.48775,1.48782,1.48771,1.48782,102
1779886380,1.48781,1.48784,1.48773,1.48773,141
1779886440,1.48773,1.48797,1.48772,1.48795,135
1779886560,1.48778,1.48785,1.48776,1.48782,77
1779886620,1.48775,1.48777,1.48761,1.48767,87
1779886680,1.48766,1.48768,1.48759,1.48759,95
1779886740,1.48742,1.48746,1.48694,1.48698,152
1779886800,1.48707,1.48726,1.48706,1.48725,197
1779886860,1.4873,1.48732,1.48708,1.48711,175
1779886920,1.48709,1.48721,1.48703,1.48717,178
1779886980,1.48715,1.48721,1.48709,1.48719,148
1779887040,1.48718,1.48719,1.48702,1.48707,155
1779887280,1.48707,1.48708,1.48689,1.48693,123
1779887340,1.48698,1.48709,1.48695,1.48703,127
1779887400,1.48704,1.48711,1.48703,1.48707,158
1779887520,1.48695,1.48706,1.48694,1.48706,84
1779887580,1.487,1.48712,1.48694,1.48709,98
1779887640,1.48705,1.48708,1.48699,1.48704,123
1779887700,1.48704,1.48718,1.48704,1.48716,105
1779887760,1.48713,1.48716,1.48699,1.4871,138
1779887820,1.48712,1.48713,1.487,1.48705,118
1779887880,1.48704,1.48717,1.48704,1.48713,106
1779887940,1.48718,1.48721,1.48712,1.48713,102
1779888000,1.487,1.48706,1.48677,1.4868,177
1779888180,1.48657,1.48663,1.48654,1.48661,59
1779888240,1.48668,1.48679,1.48668,1.48674,82
1779888420,1.48689,1.48694,1.48654,1.4866,145
1779888540,1.48662,1.48667,1.48651,1.48656,80
1779888600,1.48665,1.48673,1.48644,1.48644,179
1779888660,1.48646,1.48655,1.48638,1.48654,177
1779888720,1.4865,1.48663,1.48647,1.48654,156
1779888780,1.48656,1.48666,1.48652,1.48654,139
1779888840,1.48655,1.48658,1.48649,1.48657,135
1779889020,1.48657,1.48673,1.48656,1.48671,111
1779889080,1.48678,1.48678,1.48662,1.48666,123
1779889140,1.48663,1.48667,1.48656,1.48656,123
1779889200,1.48659,1.48674,1.48657,1.48672,162
1779889320,1.48674,1.48675,1.48656,1.48658,164
1779889440,1.48656,1.48658,1.48648,1.48652,95
1779889500,1.4865,1.48668,1.48643,1.48668,170
1779889560,1.48667,1.48667,1.48651,1.48665,158
1779889680,1.48669,1.48671,1.48653,1.48654,140
1779889740,1.48652,1.48656,1.48645,1.48653,148
1779889800,1.48655,1.48657,1.48644,1.48644,149
1779889860,1.48645,1.48649,1.48621,1.48622,157
1779889920,1.48625,1.48627,1.48602,1.48603,96
1779889980,1.48616,1.48624,1.48609,1.48622,108
1779890040,1.48624,1.48624,1.48605,1.48605,145
1779890100,1.48604,1.48604,1.48593,1.48599,132
1779890160,1.48601,1.48601,1.48587,1.48594,147
1779890220,1.4859,1.48599,1.48585,1.48598,176
1779890280,1.48597,1.4861,1.48593,1.48605,110
1779890340,1.48603,1.48613,1.48603,1.48608,82
1779890400,1.48598,1.48611,1.48593,1.48603,170
1779890460,1.48602,1.48611,1.48599,1.48601,154
1779890520,1.486,1.48603,1.48582,1.48584,137
1779890580,1.48584,1.48597,1.4858,1.48586,152
1779890640,1.48586,1.48591,1.48576,1.4859,167
1779890700,1.48587,1.48605,1.48585,1.48601,141
1779890820,1.48594,1.48609,1.4859,1.48596,121
1779890880,1.48588,1.48601,1.48588,1.48601,140
1779890940,1.48604,1.48612,1.48594,1.48601,134
1779891000,1.48605,1.48623,1.48601,1.48622,153
1779891060,1.48623,1.48633,1.48621,1.48631,141
1779891120,1.48631,1.48636,1.48627,1.48635,87
1779891180,1.48641,1.48649,1.48639,1.48648,112
1779891240,1.48657,1.48669,1.48653,1.48662,127
1779891300,1.48662,1.48662,1.48646,1.48648,131
1779891540,1.48668,1.48671,1.48658,1.48666,101
1779891600,1.48672,1.48681,1.48656,1.48677,194
1779891660,1.48679,1.48683,1.48674,1.48676,131
1779891780,1.48675,1.48677,1.48665,1.48669,109
1779891840,1.48663,1.48667,1.48653,1.48658,106
1779891900,1.48655,1.48679,1.48654,1.48674,157
1779892020,1.48686,1.48696,1.48683,1.4869,125
1779892080,1.48697,1.48698,1.48687,1.4869,142
1779892140,1.48689,1.48693,1.48684,1.48688,149
1779892200,1.4869,1.48698,1.48683,1.48684,145
1779892260,1.48687,1.48708,1.48687,1.48702,143
1779892380,1.48693,1.487,1.48655,1.48659,193
1779892440,1.48663,1.48676,1.48657,1.48673,222
1779892500,1.48676,1.48691,1.48672,1.4869,168
1779892620,1.48689,1.48694,1.48682,1.48686,88
1779892680,1.48692,1.48705,1.48692,1.48696,112
1779892740,1.48703,1.48703,1.48689,1.487,115
1779892800,1.48697,1.487,1.48681,1.48688,174
1779892860,1.48687,1.48689,1.4868,1.48681,129
1779892920,1.4868,1.48698,1.48677,1.48693,159
1779892980,1.48695,1.487,1.48687,1.48687,157
1779893040,1.48687,1.48689,1.48681,1.48687,134
1779893100,1.48687,1.4869,1.48681,1.48681,133
1779893160,1.48682,1.48694,1.48677,1.4869,114
1779893220,1.48693,1.48695,1.48665,1.48667,164
1779893280,1.48666,1.48667,1.4864,1.4865,176
1779893340,1.4865,1.4866,1.48649,1.48655,150
1779893400,1.48651,1.48663,1.48615,1.48626,195
1779893460,1.48628,1.48635,1.48616,1.48625,180
1779893520,1.48624,1.48626,1.48608,1.48608,161
1779893580,1.4861,1.48616,1.48598,1.48601,209
1779893640,1.48605,1.48609,1.48593,1.48606,156
1779893700,1.486,1.486,1.48558,1.48561,193
1779893880,1.48505,1.48525,1.48496,1.48512,146
1779893940,1.48513,1.48524,1.48507,1.48512,147
1779894000,1.48512,1.48512,1.48483,1.48489,178
1779894060,1.48488,1.48525,1.48484,1.48517,188
1779894120,1.4852,1.4854,1.4852,1.48537,167
1779894180,1.48535,1.48561,1.4853,1.48558,172
1779894240,1.48557,1.48564,1.48547,1.48559,158
1779894300,1.48561,1.48572,1.48558,1.48565,139
1779894420,1.4856,1.48564,1.48547,1.48547,120
1779894480,1.48546,1.48551,1.48537,1.48541,154
1779894540,1.48544,1.48549,1.48539,1.48544,146
1779894600,1.48545,1.48546,1.48537,1.4854,119
1779894720,1.48547,1.48556,1.48544,1.48554,67
1779894780,1.48556,1.4856,1.48546,1.48546,105
1779894840,1.48546,1.48555,1.48543,1.48555,110
1779894900,1.48553,1.48558,1.48544,1.48553,142
1779894960,1.48553,1.48555,1.48539,1.48545,134
1779895020,1.48545,1.48553,1.48543,1.48547,120
1779895080,1.48549,1.48562,1.48546,1.48562,110
1779895140,1.48562,1.4857,1.48559,1.48569,83
1779895200,1.48571,1.48581,1.48564,1.48574,150
1779895320,1.48569,1.48569,1.48562,1.48566,123
1779895380,1.48564,1.48569,1.48557,1.48561,116
1779895440,1.48554,1.48555,1.4853,1.48549,163
1779895500,1.48547,1.48556,1.48544,1.48551,138
1779895560,1.48553,1.48558,1.48549,1.48556,115
1779895620,1.48557,1.48567,1.48554,1.48564,108
1779895680,1.48554,1.48556,1.48545,1.48551,107
1779895740,1.48553,1.48557,1.48549,1.48552,106
1779895800,1.4855,1.48559,1.48547,1.48555,145
1779895860,1.48556,1.4856,1.48551,1.48553,154
1779895920,1.48551,1.48563,1.48549,1.48563,122
1779896040,1.48561,1.48565,1.48555,1.48557,123
1779896100,1.48554,1.48557,1.48545,1.4855,140
1779896160,1.48551,1.48555,1.48544,1.48552,141
1779896280,1.48556,1.4856,1.48552,1.48559,58
1779896340,1.48553,1.48554,1.48541,1.48545,78
1779896400,1.48547,1.48549,1.48537,1.48545,129
1779896520,1.48547,1.48548,1.48536,1.48536,112
1779896640,1.48544,1.48549,1.48543,1.48546,90
1779896700,1.48543,1.48564,1.48542,1.48554,135
1779896760,1.48554,1.48566,1.48554,1.48557,128
1779896880,1.48535,1.48538,1.48525,1.48528,108
1779896940,1.48527,1.48533,1.48525,1.48529,103
1779897000,1.48526,1.48537,1.48525,1.48528,112
1779897180,1.4853,1.48532,1.48524,1.48526,83
1779897240,1.4853,1.4853,1.48522,1.48523,79
1779897300,1.48527,1.48531,1.48518,1.48531,101
1779897360,1.48535,1.48538,1.48527,1.48528,106
1779897420,1.48528,1.48533,1.48521,1.48529,105
1779897540,1.48529,1.48529,1.48522,1.48524,72
1779897600,1.48528,1.48528,1.48516,1.48517,145
1779897660,1.48519,1.4852,1.48513,1.48513,101
1779897720,1.48517,1.48522,1.48507,1.48507,123
1779897780,1.4851,1.48516,1.48488,1.48489,121
1779897840,1.48487,1.48502,1.48485,1.48501,158
1779897900,1.48502,1.48504,1.48493,1.48497,104
1779897960,1.48498,1.48498,1.48484,1.48489,131
1779898080,1.48491,1.48495,1.48483,1.48493,74
1779898140,1.48495,1.48505,1.48494,1.48495,97
1779898200,1.48501,1.48508,1.48501,1.48507,91
1779898320,1.48518,1.4852,1.48514,1.4852,56
1779898380,1.48519,1.48522,1.48515,1.4852,50
1779898440,1.48523,1.48529,1.48521,1.48529,53
1779898500,1.48524,1.48527,1.48523,1.48523,70
1779898560,1.48522,1.48531,1.48522,1.48524,83
1779898680,1.48524,1.48529,1.48521,1.48524,86
1779898740,1.48525,1.48528,1.48523,1.48528,66
1779898800,1.48526,1.48531,1.48519,1.48525,65
1779898860,1.48526,1.48526,1.48517,1.48518,75
1779898920,1.48518,1.48521,1.48515,1.48516,62
1779898980,1.48518,1.48519,1.48514,1.48517,67
1779899040,1.4852,1.4852,1.48505,1.48506,83
1779899100,1.485,1.48504,1.48495,1.48502,97
1779899160,1.48501,1.48502,1.48497,1.48501,91
1779899280,1.48507,1.48512,1.48505,1.48507,30
1779899340,1.48507,1.48512,1.48503,1.48503,78
1779899400,1.48505,1.48507,1.48501,1.48503,95
1779899460,1.48503,1.48507,1.48499,1.48502,95
1779899520,1.48504,1.48513,1.48501,1.48505,107
1779899580,1.48506,1.48511,1.48504,1.48509,68
1779899640,1.48509,1.48516,1.48508,1.48514,52
1779899700,1.48516,1.4852,1.48516,1.48518,53
1779899820,1.4852,1.48523,1.48517,1.48519,60
1779899880,1.4852,1.48525,1.48519,1.48522,67
1779899940,1.48524,1.48527,1.48522,1.48524,71
1779900000,1.48524,1.48527,1.48521,1.48524,86
1779900060,1.48525,1.4853,1.48521,1.48521,88
1779900120,1.48522,1.48523,1.48519,1.48521,47
1779900180,1.48522,1.48526,1.48522,1.48523,41
1779900240,1.48523,1.48526,1.48519,1.48521,47
1779900300,1.48521,1.48524,1.48516,1.4852,76
1779900360,1.48522,1.48526,1.48519,1.48522,71
1779900420,1.48522,1.48529,1.48521,1.48529,49
1779900540,1.48528,1.48529,1.48524,1.48529,38
1779900600,1.48528,1.48528,1.48519,1.48525,69
1779900660,1.48526,1.48529,1.48525,1.48529,60
1779900720,1.48524,1.48533,1.48523,1.48532,58
1779900780,1.48532,1.48543,1.48531,1.48542,67
1779900840,1.48542,1.48543,1.48536,1.48539,80
1779900900,1.48537,1.48538,1.4853,1.48536,55
1779901020,1.48537,1.48539,1.48536,1.48538,64
1779901080,1.4854,1.48546,1.48537,1.4854,88
1779901140,1.4854,1.48546,1.48539,1.48544,78
1779901200,1.48544,1.48549,1.48543,1.48545,77
1779901260,1.48547,1.48548,1.48541,1.48548,107
1779901320,1.48539,1.48553,1.48539,1.48553,102
1779901380,1.48552,1.48554,1.48531,1.48535,116
1779901440,1.48534,1.4854,1.48534,1.4854,76
1779901500,1.4854,1.48543,1.48536,1.4854,89
1779901560,1.48542,1.48544,1.48535,1.48538,105
1779901620,1.48536,1.48538,1.48509,1.4851,120
1779901740,1.48496,1.48511,1.48495,1.48504,135
1779901800,1.48508,1.48511,1.48502,1.48506,104
1779901860,1.48505,1.48509,1.48501,1.48504,115
1779901920,1.48504,1.48506,1.48498,1.48503,91
1779902040,1.48499,1.48505,1.48486,1.48489,55
1779902100,1.48486,1.48501,1.48482,1.485,112
1779902160,1.48502,1.48507,1.48498,1.48503,92
1779902220,1.48498,1.48503,1.48497,1.48497,98
1779902280,1.48499,1.48503,1.48488,1.4849,75
1779902340,1.48493,1.48493,1.48484,1.48485,74
1779902520,1.48487,1.48496,1.48487,1.48492,57
1779902580,1.48492,1.48501,1.48491,1.485,70
1779902640,1.48499,1.48502,1.48496,1.48502,56
1779902700,1.485,1.48506,1.48496,1.48501,99
1779902820,1.48505,1.48507,1.48502,1.48504,91
1779902940,1.48505,1.48511,1.48502,1.48508,71
1779903000,1.48504,1.48504,1.48496,1.48501,50
1779903060,1.48502,1.48504,1.48495,1.48502,90
1779903180,1.48499,1.48505,1.48499,1.48504,40
1779903240,1.48492,1.48496,1.48488,1.48495,60
1779903300,1.48493,1.48501,1.48491,1.48501,94
1779903420,1.48508,1.48511,1.48504,1.48504,62
1779903480,1.485,1.48511,1.485,1.48511,65
1779903540,1.48507,1.48511,1.48502,1.4851,62
1779903600,1.4851,1.48512,1.48506,1.48511,97
1779903660,1.48512,1.48527,1.48511,1.48526,82
1779903720,1.48526,1.48526,1.4852,1.48524,85
1779903780,1.48526,1.48526,1.48523,1.48523,25
1779903840,1.48521,1.48522,1.48517,1.48522,24
1779903900,1.48521,1.48531,1.48519,1.48527,59
1779904080,1.48525,1.48527,1.48522,1.48527,44
1779904140,1.48527,1.4853,1.48525,1.48528,46
1779904200,1.48529,1.48529,1.48522,1.48525,64
1779904320,1.48522,1.48528,1.48521,1.48522,49
1779904380,1.48526,1.48528,1.48519,1.48525,62
1779904440,1.48525,1.48527,1.48522,1.48526,67
1779904500,1.48524,1.48528,1.48518,1.48528,75
1779904560,1.4853,1.48531,1.48521,1.48525,67
1779904680,1.48525,1.48526,1.48522,1.48524,44
1779904740,1.48526,1.48529,1.48522,1.48528,37
1779904800,1.48528,1.4853,1.48523,1.48529,94
1779904860,1.48528,1.48529,1.48525,1.48529,86
1779904920,1.48531,1.48531,1.48517,1.48517,112
1779904980,1.48515,1.48518,1.4851,1.48516,89
1779905040,1.48514,1.48518,1.48513,1.48515,75
1779905100,1.48517,1.48517,1.48509,1.48512,69
1779905160,1.48511,1.48511,1.48507,1.4851,58
1779905220,1.48511,1.48513,1.48507,1.4851,41
1779905280,1.48507,1.48512,1.48506,1.48511,73
1779905340,1.48508,1.48513,1.48508,1.48509,36
1779905400,1.48511,1.48511,1.48507,1.48509,54
1779905520,1.4851,1.4851,1.48505,1.48506,70
1779905580,1.48508,1.48513,1.48507,1.48511,51
1779905640,1.48513,1.48518,1.48511,1.48516,69
1779905700,1.48516,1.48523,1.48515,1.48517,89
1779905760,1.48521,1.48521,1.48508,1.48509,82
1779905820,1.4851,1.48514,1.48503,1.48504,92
1779905880,1.48505,1.48506,1.48497,1.48506,46
1779905940,1.48506,1.48507,1.48502,1.48504,35
1779906000,1.48503,1.48506,1.48499,1.48502,80
1779906120,1.48504,1.48508,1.485,1.48504,58
1779906240,1.48508,1.4851,1.48504,1.48505,36
1779906300,1.48502,1.48507,1.48499,1.48503,86
1779906360,1.48502,1.48508,1.485,1.48502,74
1779906420,1.485,1.48506,1.48496,1.48506,72
1779906480,1.48501,1.48504,1.485,1.48502,60
1779906540,1.48503,1.48509,1.48502,1.48506,41
1779906600,1.48506,1.48512,1.48503,1.48508,84
1779906660,1.48506,1.48512,1.48505,1.4851,81
1779906720,1.48509,1.48515,1.48508,1.48515,67
1779906780,1.48513,1.48518,1.48511,1.48511,77
1779906840,1.4851,1.4851,1.48502,1.48508,63
1779906900,1.48508,1.48512,1.48507,1.48508,69
1779906960,1.48509,1.48521,1.48508,1.48516,63
1779907020,1.48513,1.48518,1.48511,1.48518,44
1779907080,1.48514,1.48517,1.48513,1.48516,66
1779907140,1.48518,1.4852,1.48514,1.48519,63
1779907200,1.48523,1.48524,1.48518,1.48524,46
1779907380,1.48532,1.48536,1.4853,1.48536,55
1779907440,1.48535,1.4854,1.48533,1.48536,49
1779907500,1.48536,1.48537,1.48527,1.48527,52
1779907560,1.48528,1.48532,1.48526,1.48529,90
1779907680,1.48534,1.48543,1.48531,1.4854,54
1779907740,1.48542,1.48545,1.48539,1.4854,57
1779907800,1.48541,1.48548,1.48535,1.48538,68
1779907860,1.48538,1.48543,1.48537,1.4854,55
1779907920,1.48539,1.4854,1.48533,1.4854,39
1779907980,1.48537,1.48542,1.48536,1.48542,63
1779908040,1.4854,1.48547,1.4854,1.48547,40
1779908220,1.48552,1.48556,1.4855,1.48553,59
1779908280,1.48547,1.48549,1.48542,1.48547,40
1779908340,1.48547,1.48547,1.48536,1.48543,66
1779908400,1.48543,1.48547,1.4854,1.48541,70
1779908460,1.48543,1.48546,1.48536,1.48537,93
1779908520,1.48536,1.48554,1.48536,1.48553,54
1779908580,1.48554,1.48555,1.48545,1.48554,56
1779908640,1.48555,1.4856,1.48551,1.48553,50
1779908820,1.48567,1.48569,1.48556,1.48556,60
1779908940,1.4856,1.4856,1.48556,1.48557,29
1779909000,1.48557,1.4856,1.48553,1.48555,35
1779909060,1.48555,1.48557,1.48553,1.48554,38
1779909120,1.48555,1.48558,1.48552,1.48552,35
1779909180,1.48556,1.48559,1.48547,1.48553,35
1779909240,1.48553,1.48562,1.48552,1.48559,69
1779909300,1.48561,1.48564,1.48559,1.4856,54
1779909360,1.4856,1.48567,1.48559,1.48562,55
1779909420,1.48559,1.48564,1.48557,1.4856,63
1779909540,1.48564,1.48564,1.48557,1.4856,40
1779909600,1.48566,1.48566,1.48558,1.48563,68
1779909660,1.48564,1.48568,1.48562,1.48568,49
1779909720,1.48564,1.48566,1.48563,1.48564,35
1779909780,1.48566,1.48572,1.48563,1.48569,64
1779909840,1.4857,1.48571,1.48566,1.48568,54
1779909960,1.48566,1.48569,1.48562,1.48567,62
1779910020,1.48572,1.48574,1.48565,1.48569,78
1779910080,1.48576,1.48576,1.48568,1.48571,65
1779910140,1.48573,1.48573,1.48566,1.48569,88
1779910200,1.48573,1.48573,1.48566,1.48566,47
1779910260,1.48567,1.48567,1.4856,1.48564,71
1779910380,1.48564,1.48569,1.4856,1.48565,94
1779910440,1.48567,1.48571,1.48564,1.48568,45
1779910500,1.48567,1.48571,1.48565,1.48569,63
1779910620,1.48568,1.48569,1.48563,1.48567,40
1779910680,1.48567,1.48575,1.48567,1.48573,48
1779910740,1.48571,1.48571,1.48565,1.48565,35
1779910800,1.48572,1.48573,1.48551,1.48553,90
1779910860,1.48552,1.48557,1.48552,1.48554,45
1779910980,1.48553,1.48555,1.48546,1.48554,38
1779911040,1.48553,1.48556,1.48552,1.48553,23
1779911100,1.48545,1.48551,1.48543,1.48547,59
1779911160,1.48548,1.48551,1.48546,1.48551,52
1779911220,1.48549,1.48553,1.48546,1.48553,40
1779911280,1.48552,1.48553,1.48548,1.48551,42
1779911340,1.48548,1.48552,1.48547,1.48548,59
1779911520,1.48542,1.48543,1.48539,1.4854,31
1779911580,1.4854,1.48541,1.48534,1.48536,28
1779911640,1.48536,1.48536,1.4852,1.48521,65
1779911700,1.48518,1.48525,1.48514,1.48522,62
1779911880,1.48527,1.48527,1.48523,1.48524,44
1779911940,1.48524,1.48529,1.48517,1.48528,77
1779912000,1.48531,1.48533,1.48527,1.48531,81
1779912060,1.48532,1.48535,1.48527,1.48531,60
1779912120,1.48528,1.48531,1.48524,1.48527,67
1779912180,1.48529,1.48533,1.48528,1.48532,38
1779912240,1.48531,1.48535,1.48529,1.48529,45
1779912300,1.48527,1.48531,1.48522,1.48522,52
1779912360,1.48523,1.48526,1.48518,1.48522,54
1779912420,1.48521,1.48523,1.4852,1.48523,18
1779912480,1.48521,1.48521,1.48519,1.48521,5
1779912540,1.48519,1.48527,1.48519,1.48527,22
1779912600,1.48525,1.48527,1.48522,1.48522,25
1779912720,1.48524,1.48527,1.48524,1.48524,14
1779912780,1.48525,1.48525,1.48521,1.48521,21
1779912840,1.48523,1.48527,1.48521,1.48521,37
1779912900,1.48522,1.48525,1.48521,1.48522,50
1779912960,1.48524,1.48527,1.48521,1.48525,44
1779913020,1.48526,1.48527,1.48522,1.48526,29
1779913080,1.4853,1.48531,1.48526,1.4853,22
1779913140,1.48529,1.48529,1.48526,1.48527,14
1779913200,1.48526,1.4853,1.48521,1.48529,34
1779913320,1.48527,1.4853,1.48525,1.48529,31
1779913380,1.48529,1.48533,1.48526,1.48528,42
1779913440,1.4853,1.48532,1.48528,1.48531,15
1779913560,1.48528,1.4853,1.48526,1.48527,23
1779913620,1.48527,1.48527,1.48525,1.48526,12
1779913680,1.48527,1.48528,1.48522,1.48524,32
1779913740,1.48525,1.48525,1.48518,1.4852,30
1779913800,1.48523,1.48523,1.48519,1.48521,33
1779913860,1.48525,1.48527,1.48522,1.48526,38
1779914040,1.48528,1.4853,1.48527,1.4853,7
1779914100,1.48528,1.48528,1.48523,1.48523,23
1779914160,1.48524,1.48524,1.48523,1.48524,11
1779914280,1.48515,1.48516,1.48514,1.48515,12
1779914340,1.48511,1.48511,1.48509,1.48509,14
1779914400,1.48502,1.48502,1.48499,1.48501,35
1779914520,1.485,1.485,1.48496,1.48496,8
1779914580,1.48497,1.48501,1.48489,1.48493,28
1779914640,1.48495,1.48501,1.48495,1.48501,30
1779914700,1.48497,1.48515,1.48497,1.48513,66
1779914760,1.48512,1.48512,1.48509,1.48512,26
1779914880,1.4851,1.48518,1.48503,1.48518,36
1779914940,1.48511,1.48524,1.48511,1.48523,46
1779915000,1.48519,1.48524,1.48517,1.48522,36
1779915120,1.48517,1.48517,1.48513,1.48515,22
1779915180,1.48518,1.48519,1.48407,1.48419,68
1779915240,1.4844,1.48449,1.48439,1.48444,49
1779915300,1.48436,1.48444,1.4842,1.48424,43
1779915360,1.48427,1.48428,1.48419,1.48422,34
1779915420,1.48421,1.48424,1.48417,1.48417,35
1779915480,1.48419,1.48419,1.48414,1.48418,66
1779915660,1.48376,1.48376,1.48376,1.48376,2
1779915720,1.48381,1.48381,1.48381,1.48381,2
1779916020,1.48407,1.48417,1.48407,1.48417,2
1779916080,1.48413,1.48413,1.48413,1.48413,2
1779916140,1.48419,1.48419,1.48419,1.48419,1
1779916260,1.48419,1.48419,1.48419,1.48419,1
1779916380,1.48418,1.48418,1.48418,1.48418,1
1779916440,1.48416,1.48416,1.48416,1.48416,1
1779916500,1.48415,1.48429,1.48415,1.48415,8
1779916560,1.48423,1.48423,1.48415,1.48415,3
1779916680,1.48413,1.48413,1.48413,1.48413,2
1779916740,1.48419,1.48419,1.48412,1.48412,3
1779916860,1.48443,1.48454,1.48443,1.48454,18
1779916920,1.48453,1.48453,1.48437,1.48451,10
1779916980,1.48452,1.48456,1.4845,1.48452,27
1779917040,1.48444,1.48444,1.48439,1.48439,10
1779917160,1.48439,1.48439,1.48439,1.48439,2
1779917220,1.48426,1.48427,1.48426,1.48427,3
1779917280,1.48424,1.48426,1.48388,1.48394,19
1779917340,1.4841,1.4841,1.48396,1.48397,5
1779917400,1.48397,1.48405,1.48391,1.48402,16
1779917460,1.48392,1.48436,1.48392,1.48435,57
1779917580,1.48439,1.48442,1.48406,1.48418,46
1779917640,1.4843,1.48457,1.48405,1.48424,56
1779917700,1.48429,1.48441,1.4841,1.48414,81
1779917820,1.48382,1.4842,1.4837,1.4837,58
1779917880,1.48386,1.48388,1.48385,1.48388,10
1779917940,1.48388,1.48388,1.48377,1.48384,25
1779918060,1.48429,1.48433,1.48422,1.4843,29
1779918120,1.48433,1.48441,1.48433,1.48437,21
1779918180,1.48442,1.48444,1.48425,1.48427,36
1779918240,1.48427,1.48441,1.48427,1.48439,17
1779918300,1.48429,1.48451,1.48415,1.48427,62
1779918360,1.48416,1.48449,1.48388,1.48426,163
1779918420,1.48426,1.48451,1.4842,1.4845,52
1779918480,1.48449,1.48469,1.48438,1.48455,51
1779918540,1.48444,1.48448,1.48423,1.48439,28
1779918600,1.48439,1.48441,1.4843,1.48432,16
1779918660,1.4843,1.48449,1.48429,1.48442,40
1779918720,1.48437,1.48438,1.4842,1.48424,37
1779918780,1.48435,1.48438,1.48428,1.4843,15
1779918840,1.48424,1.4843,1.48395,1.48405,32
1779918900,1.48412,1.48412,1.48362,1.48374,46
1779918960,1.48368,1.48368,1.48336,1.48346,53
1779919020,1.48345,1.48369,1.48337,1.48365,51
1779919080,1.48364,1.48382,1.48363,1.48366,15
1779919140,1.48374,1.48382,1.48371,1.48374,19
1779919200,1.48432,1.48465,1.48409,1.48465,98
1779919260,1.48464,1.48465,1.48452,1.48464,84
1779919320,1.48464,1.48476,1.48461,1.48476,45
1779919380,1.48476,1.48476,1.48469,1.48472,42
1779919440,1.48473,1.48506,1.48472,1.48506,41
1779919500,1.48506,1.48522,1.48506,1.48522,38
1779919620,1.48522,1.48522,1.48519,1.48519,11
1779919680,1.48515,1.4852,1.48512,1.48515,27
1779919740,1.48516,1.48528,1.48503,1.48528,52
1779919920,1.48529,1.48543,1.48526,1.48543,37
1779919980,1.48539,1.48543,1.48529,1.48535,57
1779920040,1.48537,1.4854,1.48527,1.48536,67
1779920100,1.48535,1.48535,1.48503,1.48518,58
1779920160,1.48518,1.48523,1.48514,1.4852,38
1779920220,1.48522,1.48523,1.48498,1.48498,46
1779920340,1.48518,1.48521,1.48513,1.48521,25
1779920400,1.48522,1.48525,1.48507,1.48507,54
1779920460,1.48508,1.48518,1.48507,1.48518,58
1779920580,1.48517,1.48519,1.48513,1.48517,28
1779920640,1.48521,1.48525,1.48519,1.48522,13
1779920700,1.48521,1.48538,1.48513,1.48538,61
1779920820,1.48531,1.48537,1.4853,1.48531,45
1779920880,1.48532,1.48534,1.48528,1.48529,48
1779920940,1.48532,1.48533,1.48521,1.48531,39
1779921000,1.48529,1.48532,1.48522,1.48531,48
1779921060,1.48532,1.48535,1.48528,1.4853,47
1779921120,1.4853,1.48537,1.48524,1.48532,74
1779921180,1.48532,1.48541,1.48529,1.48539,62
1779921240,1.48538,1.48541,1.48533,1.48535,49
1779921360,1.48543,1.48544,1.48535,1.48544,30
1779921420,1.48543,1.48544,1.48522,1.48523,50
1779921480,1.48537,1.48542,1.4853,1.48541,32
1779921540,1.4854,1.48542,1.48532,1.48541,44
1779921600,1.4854,1.4854,1.48528,1.48536,67
1779921660,1.48538,1.48538,1.48528,1.48534,42
1779921720,1.48534,1.48538,1.48529,1.48537,86
1779921780,1.48536,1.48536,1.48531,1.48535,29
1779921840,1.48529,1.48535,1.48518,1.48521,60
1779921900,1.48526,1.48526,1.48514,1.48518,69
1779921960,1.48518,1.48524,1.48508,1.48519,76
1779922020,1.4852,1.48522,1.48511,1.48519,42
1779922080,1.4852,1.4852,1.48506,1.48512,44
1779922140,1.48513,1.48519,1.48512,1.48517,50
1779922200,1.48518,1.48519,1.48507,1.48513,29
1779922320,1.48511,1.48517,1.4851,1.48514,45
1779922440,1.48509,1.48509,1.48509,1.48509,1
1779922500,1.48511,1.48513,1.485,1.48507,38
1779922560,1.48508,1.4851,1.48499,1.48506,73
1779922620,1.48507,1.4851,1.48494,1.48494,59
1779922680,1.48497,1.48509,1.48497,1.48506,62
1779922740,1.48506,1.48507,1.48498,1.48499,41
1779922800,1.485,1.48515,1.485,1.48511,52
1779922860,1.48512,1.48512,1.48488,1.48501,49
1779922920,1.48502,1.48502,1.48494,1.485,54
1779922980,1.48499,1.48502,1.48494,1.48499,50
1779923040,1.48496,1.48506,1.48495,1.48502,44
1779923100,1.48503,1.48508,1.48497,1.48504,44
1779923160,1.48505,1.48506,1.48496,1.48504,83
1779923280,1.48506,1.48508,1.48498,1.48499,46
1779923340,1.48499,1.48509,1.48499,1.48505,36
1779923400,1.48497,1.48507,1.48493,1.48503,71
1779923520,1.48507,1.48513,1.48505,1.48512,36
1779923640,1.48507,1.48514,1.48507,1.48512,24
1779923700,1.4851,1.48514,1.48505,1.48513,33
1779923760,1.48513,1.48522,1.48506,1.48519,46
1779923880,1.48518,1.48522,1.48513,1.48515,51
1779923940,1.48515,1.48521,1.48509,1.48509,101
1779924000,1.48508,1.48518,1.48502,1.48503,46
1779924120,1.48485,1.48509,1.48484,1.48509,81
1779924180,1.48507,1.4851,1.48502,1.48505,55
1779924240,1.48503,1.48515,1.48495,1.48502,81
1779924420,1.485,1.485,1.4849,1.4849,75
1779924480,1.48495,1.48499,1.48484,1.48492,71
1779924540,1.48499,1.48499,1.4848,1.48484,51
1779924600,1.48493,1.48495,1.48473,1.48474,101
1779924660,1.48476,1.48491,1.48475,1.48487,64
1779924720,1.48482,1.48488,1.48477,1.48478,82
1779924840,1.48466,1.4848,1.48466,1.48475,65
1779924900,1.48468,1.48479,1.48466,1.48479,100
1779924960,1.48477,1.48481,1.48473,1.48476,56
1779925020,1.48476,1.48479,1.48473,1.48479,42
1779925140,1.48482,1.48485,1.48475,1.48477,45
1779925200,1.48485,1.48485,1.48475,1.48475,64
1779925320,1.48485,1.48485,1.48477,1.48484,37
1779925380,1.48483,1.4849,1.48474,1.48488,64
1779925440,1.48487,1.4849,1.48477,1.48484,62
1779925500,1.48486,1.48488,1.48477,1.48486,63
1779925560,1.48487,1.48506,1.48478,1.48496,84
1779925680,1.48501,1.48508,1.48494,1.48501,51
1779925740,1.48499,1.48501,1.48495,1.48497,22
1779925800,1.48497,1.485,1.48493,1.48499,48
1779925860,1.485,1.485,1.48466,1.48467,87
1779925920,1.48465,1.48469,1.48454,1.48458,78
1779925980,1.4846,1.48471,1.48456,1.4847,77
1779926040,1.48468,1.48472,1.48463,1.48467,50
1779926100,1.48469,1.48481,1.48462,1.48475,101
1779926220,1.48472,1.48475,1.48463,1.48473,54
1779926280,1.48468,1.48472,1.48464,1.4847,32
1779926340,1.48461,1.48472,1.48461,1.48471,88
1779926400,1.48466,1.48479,1.48464,1.48474,168
1779926460,1.48474,1.48493,1.48468,1.48488,163
1779926520,1.48487,1.48502,1.48487,1.48493,112
1779926580,1.48495,1.48496,1.48483,1.48491,154
1779926640,1.48488,1.48505,1.48484,1.485,121
1779926700,1.48505,1.4851,1.48494,1.48495,133
1779926820,1.48503,1.48514,1.48503,1.4851,109
1779926880,1.48509,1.48515,1.48503,1.48515,104
1779926940,1.48515,1.48515,1.48496,1.48506,79
1779927000,1.48506,1.48512,1.48498,1.48504,88
1779927060,1.48506,1.48511,1.48499,1.48502,117
1779927120,1.48497,1.4851,1.48495,1.48508,73
1779927180,1.48501,1.48515,1.48499,1.48505,91
1779927240,1.48515,1.48521,1.48505,1.48521,94
1779927300,1.48514,1.48529,1.48511,1.48527,107
1779927360,1.48528,1.48528,1.4851,1.48518,76
1779927420,1.48517,1.48518,1.48506,1.48516,76
1779927540,1.48513,1.48527,1.48513,1.48523,70
1779927660,1.48512,1.48523,1.48511,1.48517,72
1779927720,1.48521,1.48524,1.48515,1.48521,78
1779927780,1.48513,1.48526,1.48513,1.48521,92
1779927840,1.48525,1.48525,1.4851,1.48512,76
1779927900,1.48512,1.48522,1.48507,1.48522,132
1779928020,1.48522,1.48528,1.48515,1.48528,72
1779928080,1.4853,1.48532,1.48519,1.4853,79
1779928140,1.48531,1.48532,1.48522,1.48531,72
1779928200,1.48531,1.48531,1.48516,1.48527,130
1779928260,1.48528,1.48532,1.48514,1.48532,126
1779928320,1.48531,1.48534,1.48523,1.48526,125
1779928380,1.48527,1.48534,1.4852,1.48525,134
1779928440,1.48527,1.4853,1.4852,1.48526,75
1779928500,1.48528,1.4853,1.48519,1.48528,85
1779928620,1.48515,1.48531,1.48514,1.4853,121
1779928680,1.48531,1.48541,1.48531,1.48538,53
1779928740,1.48537,1.4854,1.48533,1.48538,67
1779928800,1.48538,1.48542,1.48529,1.48539,99
1779928860,1.48541,1.48544,1.48534,1.48542,83
1779928920,1.48544,1.48551,1.48538,1.48539,87
1779928980,1.48544,1.48555,1.48535,1.48546,118
1779929040,1.48546,1.48547,1.48532,1.4854,74
1779929100,1.4854,1.48546,1.4853,1.48538,108
1779929160,1.4854,1.48544,1.48529,1.48544,80
1779929220,1.48543,1.48547,1.48535,1.48543,76
1779929340,1.48538,1.48546,1.48537,1.48537,63
1779929400,1.4854,1.48541,1.48529,1.4854,89
1779929460,1.48538,1.48543,1.48535,1.48543,71
1779929580,1.48545,1.48548,1.48531,1.48535,87
1779929640,1.48539,1.48541,1.48527,1.4853,110
1779929700,1.48529,1.48536,1.48518,1.48528,135
1779929880,1.48535,1.48545,1.48532,1.48545,63
1779929940,1.48545,1.48553,1.4854,1.48551,82
1779930000,1.48543,1.48553,1.4854,1.48548,115
1779930060,1.48548,1.48554,1.48539,1.4855,112
1779930120,1.48545,1.48549,1.4853,1.48538,121
1779930180,1.4854,1.48541,1.48527,1.48527,124
1779930240,1.48528,1.48538,1.48522,1.4853,132
1779930300,1.4853,1.48538,1.4852,1.48538,92
1779930480,1.48539,1.48542,1.48531,1.48542,107
1779930540,1.48539,1.48541,1.48528,1.48532,113
1779930600,1.48534,1.48548,1.48534,1.48542,78
1779930720,1.48543,1.48546,1.48532,1.48533,67
1779930780,1.48541,1.48549,1.48536,1.48549,66
1779930840,1.48545,1.48551,1.4854,1.48544,88
1779930900,1.48545,1.48549,1.48536,1.48543,133
1779930960,1.48543,1.48548,1.48537,1.48537,89
1779931020,1.48537,1.4857,1.48537,1.48561,110
1779931080,1.48562,1.48576,1.4856,1.48575,115
1779931140,1.48576,1.48576,1.48564,1.48575,73
1779931200,1.48573,1.48578,1.48566,1.48567,76
1779931260,1.48567,1.4857,1.48554,1.48557,101
1779931320,1.48557,1.48562,1.4855,1.4856,100
1779931380,1.4856,1.48562,1.4855,1.4855,37
1779931440,1.48554,1.48562,1.48551,1.4856,74
1779931500,1.4855,1.48562,1.48549,1.48561,113
1779931560,1.4856,1.48566,1.48553,1.48562,90
1779931620,1.48561,1.48573,1.48557,1.48557,87
1779931680,1.48559,1.48563,1.48547,1.48558,114
1779931740,1.48557,1.48562,1.48547,1.48555,84
1779931800,1.48556,1.4856,1.48548,1.48558,67
1779931860,1.48557,1.48561,1.48543,1.48552,104
1779931920,1.48553,1.48561,1.48541,1.4855,133
1779931980,1.48551,1.48559,1.48543,1.48559,136
1779932040,1.48556,1.48564,1.48545,1.48549,117
1779932100,1.48554,1.48558,1.4855,1.48553,62
1779932160,1.48554,1.48558,1.48546,1.48558,104
1779932220,1.48552,1.48558,1.48546,1.48554,75
1779932280,1.48544,1.48558,1.48542,1.48555,64
1779932340,1.48559,1.48559,1.48552,1.48556,65
1779932400,1.48551,1.48564,1.4855,1.48562,86
1779932460,1.48561,1.48566,1.4855,1.4855,110
1779932520,1.48551,1.48567,1.4855,1.48566,98
1779932580,1.48565,1.48567,1.4856,1.48563,57
1779932640,1.48559,1.48564,1.48551,1.48552,60
1779932700,1.48552,1.48561,1.48524,1.48537,111
1779932760,1.48537,1.48545,1.48535,1.48544,82
1779932820,1.48542,1.48543,1.4853,1.4853,112
1779932880,1.48527,1.48539,1.48522,1.48532,122
1779932940,1.48531,1.48534,1.48528,1.48533,45
1779933000,1.48529,1.48531,1.48518,1.48524,115
1779933120,1.48522,1.48523,1.48513,1.4852,85
1779933180,1.4852,1.48533,1.48515,1.48532,120
1779933240,1.48532,1.48534,1.48518,1.48528,101
1779933420,1.48527,1.48529,1.48518,1.48524,74
1779933480,1.48525,1.48529,1.48516,1.48516,90
1779933540,1.48521,1.48525,1.48516,1.48516,97
1779933600,1.48516,1.48528,1.48514,1.48517,156
1779933660,1.48517,1.48531,1.48514,1.48521,140
1779933720,1.4852,1.4854,1.4852,1.48536,145
1779933780,1.48539,1.48539,1.48516,1.48523,141
1779933840,1.48522,1.48528,1.48518,1.48526,80
1779933900,1.48525,1.48527,1.48512,1.48516,80
1779933960,1.48516,1.4853,1.48515,1.48522,109
1779934020,1.48522,1.4854,1.48522,1.48535,109
1779934140,1.48534,1.48539,1.48525,1.48533,49
1779934200,1.4853,1.48533,1.48519,1.48525,97
1779934260,1.48524,1.48538,1.48524,1.48536,95
1779934320,1.48537,1.48539,1.48528,1.48528,56
1779934380,1.48529,1.48541,1.48529,1.48536,80
1779934440,1.48536,1.4855,1.48525,1.4855,104
1779934500,1.48549,1.48553,1.48543,1.48548,37
1779934560,1.48547,1.48552,1.48539,1.48545,92
1779934620,1.48539,1.48553,1.48539,1.48545,95
1779934680,1.48547,1.48558,1.4854,1.48557,74
1779934740,1.48554,1.48565,1.48553,1.48561,106
1779934800,1.48557,1.48564,1.4855,1.48564,114
1779934860,1.48563,1.48566,1.48553,1.48557,97
1779934980,1.48562,1.48562,1.48561,1.48561,5
1779935040,1.48562,1.48563,1.48551,1.4856,77
1779935100,1.48556,1.48563,1.48552,1.4856,96
1779935220,1.48559,1.4856,1.48536,1.4854,105
1779935340,1.48547,1.4855,1.48541,1.48543,31
1779935400,1.48542,1.48552,1.4854,1.48548,88
1779935460,1.48545,1.48551,1.48534,1.4855,100
1779935580,1.48547,1.48547,1.48533,1.48536,97
1779935640,1.48533,1.48542,1.48527,1.48535,121
1779935700,1.48536,1.48542,1.48528,1.48542,90
1779935820,1.48526,1.48534,1.48525,1.4853,39
1779935880,1.48524,1.48529,1.48519,1.48525,49
1779935940,1.48526,1.48529,1.48517,1.48526,92
1779936000,1.48528,1.48534,1.48518,1.48532,87
1779936060,1.48533,1.4854,1.48528,1.48536,100
1779936180,1.48532,1.48542,1.48529,1.48539,59
1779936240,1.48532,1.48542,1.4853,1.48541,82
1779936300,1.4854,1.48544,1.48531,1.48539,93
1779936360,1.48536,1.48537,1.48525,1.48532,114
1779936420,1.48533,1.48534,1.4852,1.48526,124
1779936480,1.48526,1.48534,1.48526,1.48532,100
1779936540,1.4853,1.48534,1.48522,1.48531,86
1779936600,1.48533,1.48536,1.48519,1.4853,126
1779936660,1.48531,1.48531,1.48506,1.48519,125
1779936720,1.48521,1.48528,1.48519,1.48523,76
1779936780,1.48519,1.48525,1.48512,1.48521,69
1779936840,1.48524,1.48526,1.48516,1.48523,57
1779936900,1.48523,1.48536,1.48515,1.48536,127
1779937080,1.48543,1.48553,1.48537,1.48541,47
1779937140,1.4855,1.48554,1.48544,1.48554,52
1779937200,1.48554,1.48558,1.48542,1.48542,110
1779937260,1.48544,1.48554,1.48538,1.48553,86
1779937320,1.48551,1.48554,1.4854,1.48552,123
1779937380,1.48552,1.48555,1.48541,1.48554,117
1779937440,1.48549,1.48552,1.48538,1.48538,90
1779937500,1.48537,1.48544,1.48531,1.48542,103
1779937620,1.48541,1.48543,1.4853,1.48531,116
1779937740,1.48533,1.48536,1.48523,1.48531,62
1779937920,1.48513,1.48531,1.48513,1.48528,96
1779937980,1.48526,1.48529,1.48516,1.48526,114
1779938040,1.48526,1.48526,1.48509,1.48515,104
1779938100,1.48514,1.48516,1.48499,1.48515,109
1779938160,1.4852,1.48522,1.4851,1.48516,96
1779938280,1.48504,1.48505,1.48492,1.48496,96
1779938340,1.4849,1.48502,1.48489,1.48502,132
1779938400,1.48495,1.4851,1.48491,1.48502,136
1779938460,1.48501,1.48506,1.48497,1.48503,81
1779938520,1.48503,1.48504,1.48493,1.48494,122
1779938580,1.48495,1.48497,1.48485,1.48494,95
1779938640,1.48492,1.48494,1.48479,1.48485,74
1779938700,1.48485,1.48488,1.4847,1.4848,107
1779938760,1.4848,1.48486,1.48472,1.48477,115
1779938880,1.48477,1.48477,1.48476,1.48476,3
1779938940,1.48482,1.48485,1.48462,1.48464,77
1779939000,1.48465,1.4847,1.4845,1.48466,160
1779939060,1.48467,1.48475,1.48461,1.48475,142
1779939120,1.48474,1.48474,1.48432,1.48448,135
1779939180,1.48449,1.48453,1.48438,1.48453,146
1779939240,1.48455,1.48455,1.48433,1.48442,138
1779939300,1.48445,1.48462,1.48444,1.48456,129
1779939360,1.48457,1.48465,1.48453,1.4846,139
1779939420,1.4846,1.48465,1.48449,1.4845,82
1779939480,1.48458,1.48466,1.48453,1.48466,101
1779939540,1.48456,1.48468,1.48455,1.48461,132
1779939600,1.48448,1.48469,1.48448,1.48469,157
1779939660,1.48462,1.48481,1.48458,1.48469,158
1779939720,1.4847,1.48477,1.48453,1.48465,164
1779939780,1.48458,1.48474,1.48457,1.48468,91
1779939840,1.48462,1.48467,1.4845,1.48462,125
1779939900,1.48466,1.48477,1.48464,1.48464,119
1779939960,1.48465,1.48476,1.4846,1.48473,150
1779940020,1.48467,1.48475,1.4846,1.48463,167
1779940080,1.48465,1.48465,1.48444,1.48445,106
1779940140,1.48445,1.4846,1.48445,1.48457,75
1779940200,1.48456,1.48466,1.4845,1.48456,157
1779940320,1.48452,1.48462,1.48452,1.48455,91
1779940380,1.48448,1.4846,1.48445,1.48445,86
1779940440,1.48451,1.48456,1.48448,1.4845,112
1779940500,1.48451,1.48455,1.48439,1.48451,121
1779940560,1.48448,1.48451,1.48432,1.48441,99
1779940620,1.48441,1.48446,1.48429,1.4843,92
1779940680,1.4843,1.48434,1.48413,1.48416,91
1779940740,1.48417,1.4842,1.48406,1.48408,104
1779940800,1.48415,1.48422,1.48408,1.48421,147
1779940860,1.48422,1.48422,1.48403,1.48415,127
1779940920,1.48416,1.48417,1.48402,1.48405,96
1779940980,1.48407,1.48409,1.48397,1.48403,96
1779941040,1.48402,1.48414,1.48399,1.48404,100
1779941100,1.48406,1.48411,1.48394,1.48404,149
1779941160,1.48405,1.48407,1.48398,1.48404,80
1779941280,1.484,1.48409,1.48398,1.48402,79
1779941340,1.48414,1.48415,1.48406,1.4841,88
1779941400,1.48414,1.48425,1.4841,1.48423,121
1779941520,1.48416,1.48416,1.48397,1.48403,91
1779941580,1.48408,1.48416,1.48405,1.48408,75
1779941640,1.48408,1.48421,1.48405,1.48421,105
1779941700,1.48422,1.48423,1.48408,1.4842,123
1779941760,1.48423,1.48426,1.48411,1.48416,110
1779941820,1.48419,1.48425,1.48417,1.48425,89
1779941940,1.48406,1.48411,1.48391,1.48393,106
1779942000,1.48397,1.48405,1.48392,1.48402,141
1779942060,1.48401,1.48411,1.48393,1.48408,140
1779942180,1.48404,1.48409,1.48391,1.48392,63
1779942240,1.48406,1.48409,1.48402,1.48407,82
1779942300,1.48394,1.48406,1.48393,1.48399,110
1779942420,1.48392,1.48403,1.48391,1.48399,108
1779942540,1.48393,1.48394,1.48384,1.48389,75
1779942600,1.48386,1.48393,1.48381,1.48392,86
1779942660,1.4839,1.48396,1.48378,1.48382,94
1779942780,1.48387,1.484,1.48386,1.48394,52
1779942840,1.48389,1.48392,1.4838,1.48386,121
1779942900,1.48384,1.4839,1.48378,1.48387,115
1779943020,1.48396,1.48401,1.48391,1.48399,38
1779943080,1.48397,1.48402,1.48388,1.48402,62
1779943140,1.48402,1.48407,1.48398,1.48406,84
1779943200,1.48402,1.48418,1.48401,1.48414,84
1779943260,1.48413,1.48416,1.48401,1.48402,90
1779943320,1.48403,1.48411,1.48402,1.48407,101
1779943380,1.48406,1.48407,1.484,1.48403,52
1779943440,1.48404,1.48407,1.48385,1.48392,59
1779943500,1.484,1.48406,1.48399,1.48405,85
1779943560,1.48403,1.48405,1.48393,1.48395,75
1779943620,1.48393,1.48394,1.48384,1.48388,77
1779943680,1.48388,1.48399,1.48378,1.48379,59
1779943740,1.48377,1.48387,1.4837,1.48384,76
1779943800,1.48386,1.48402,1.48384,1.48395,84
1779943860,1.48394,1.484,1.48379,1.48381,60
1779943920,1.48382,1.48394,1.48381,1.48381,73
1779943980,1.48391,1.48392,1.48374,1.48375,65
1779944040,1.4837,1.48376,1.48363,1.48371,89
1779944100,1.48371,1.48386,1.48369,1.48386,105
1779944160,1.48384,1.48388,1.48374,1.48384,80
1779944220,1.48383,1.48384,1.48371,1.48373,81
1779944280,1.48373,1.48384,1.48366,1.48379,61
1779944340,1.48379,1.4838,1.48367,1.48375,59
1779944400,1.48377,1.48391,1.48374,1.48387,139
1779944460,1.48386,1.48387,1.48371,1.48374,75
1779944520,1.4838,1.48381,1.48369,1.48381,77
1779944580,1.4838,1.48381,1.48368,1.48379,89
1779944640,1.48378,1.4838,1.48367,1.48378,94
1779944700,1.48379,1.48381,1.48373,1.48375,79
1779944760,1.48375,1.48382,1.48369,1.48379,82
1779944820,1.48379,1.48383,1.48371,1.4838,108
1779944880,1.48382,1.48383,1.48351,1.48353,85
1779944940,1.48355,1.48364,1.48351,1.48362,77
1779945120,1.48338,1.4834,1.48327,1.48338,74
1779945180,1.48338,1.48341,1.48329,1.48339,125
1779945240,1.48342,1.48346,1.48331,1.48346,83
1779945300,1.48345,1.48346,1.48332,1.48333,87
1779945360,1.48334,1.48351,1.48333,1.48349,104
1779945420,1.48349,1.4836,1.48345,1.4836,93
1779945540,1.48351,1.48353,1.48345,1.48349,94
1779945600,1.48352,1.48358,1.48346,1.48357,95
1779945660,1.48358,1.48362,1.4835,1.4836,102
1779945780,1.48367,1.48376,1.48366,1.48372,73
1779945840,1.48377,1.48382,1.48365,1.48379,100
1779945900,1.4838,1.4838,1.48366,1.48376,127
1779945960,1.48377,1.48382,1.48369,1.4837,94
1779946020,1.48369,1.48381,1.48368,1.48368,125
1779946080,1.4837,1.48384,1.4837,1.48375,83
1779946140,1.48376,1.48383,1.48371,1.48378,124
1779946200,1.48375,1.48385,1.48368,1.48369,164
1779946260,1.48368,1.48383,1.48366,1.48378,160
1779946320,1.48379,1.48383,1.48369,1.48379,126
1779946380,1.48376,1.48385,1.4837,1.48374,141
1779946440,1.48373,1.4839,1.48372,1.48377,150
1779946500,1.48378,1.48391,1.48376,1.48376,136
1779946560,1.48377,1.4839,1.48377,1.48389,123
1779946620,1.4839,1.48393,1.48379,1.48388,111
1779946680,1.48388,1.48391,1.48376,1.48389,110
1779946740,1.48386,1.48388,1.48369,1.4838,141
1779946800,1.48381,1.48394,1.48379,1.48389,125
1779946860,1.48388,1.48397,1.48382,1.48386,130
1779946920,1.48384,1.48399,1.48384,1.48399,127
1779946980,1.484,1.48402,1.48388,1.48397,81
1779947040,1.48397,1.48403,1.48389,1.48392,130
1779947100,1.48391,1.48408,1.48391,1.48408,93
1779947160,1.48405,1.48405,1.48392,1.48398,99
1779947220,1.48399,1.48403,1.48392,1.48402,126
1779947280,1.48399,1.48399,1.48384,1.48397,84
1779947340,1.48392,1.48397,1.48381,1.48389,76
1779947400,1.48391,1.484,1.48389,1.48394,95
1779947460,1.48394,1.48402,1.48386,1.48399,151
1779947520,1.484,1.48403,1.48391,1.484,107
1779947580,1.484,1.48403,1.4839,1.48403,77
1779947640,1.48402,1.48408,1.48389,1.48407,110
1779947700,1.48406,1.48406,1.48397,1.48397,69
1779947760,1.48398,1.48405,1.48387,1.48403,110
1779947820,1.48395,1.48408,1.4839,1.48406,128
1779947880,1.48405,1.48407,1.48399,1.48406,84
1779947940,1.48408,1.48409,1.48388,1.48389,79
1779948000,1.4839,1.48411,1.48386,1.48404,138
1779948060,1.48403,1.48409,1.48401,1.48402,80
1779948120,1.48404,1.48413,1.48402,1.48412,64
1779948180,1.48413,1.48415,1.48408,1.48415,114
1779948240,1.48417,1.48417,1.48405,1.48405,72
1779948300,1.48406,1.48416,1.48406,1.4841,104
1779948360,1.48412,1.48418,1.48409,1.48411,95
1779948420,1.4841,1.48417,1.48407,1.48417,96
1779948540,1.4841,1.48417,1.48396,1.48396,72
1779948720,1.48404,1.48408,1.48398,1.48398,55
1779948780,1.48401,1.48416,1.48401,1.48412,93
1779948840,1.48409,1.4842,1.48407,1.48416,87
1779948900,1.48422,1.4843,1.4842,1.48429,105
1779948960,1.48428,1.48429,1.48423,1.48426,91
1779949020,1.48426,1.48426,1.48419,1.48425,98
1779949140,1.48416,1.4842,1.48407,1.4842,77
1779949260,1.48434,1.48436,1.48428,1.48431,54
1779949320,1.48429,1.4844,1.48424,1.4844,98
1779949380,1.4844,1.48446,1.48439,1.48444,70
1779949440,1.4844,1.4844,1.48427,1.4844,97
1779949500,1.48441,1.48447,1.48439,1.48443,89
1779949560,1.48443,1.48447,1.48439,1.48443,114
1779949620,1.48444,1.48451,1.48443,1.48443,74
1779949680,1.48448,1.4845,1.48443,1.48447,52
1779949740,1.48439,1.48444,1.48436,1.48441,85
1779949800,1.4844,1.4844,1.48424,1.48426,97
1779949860,1.48426,1.48429,1.48418,1.4842,98
1779949920,1.48422,1.48422,1.48411,1.48415,90
1779950040,1.48425,1.48426,1.48418,1.48421,73
1779950100,1.48425,1.48426,1.48418,1.48419,61
1779950160,1.4842,1.48442,1.4842,1.48432,90
1779950220,1.48432,1.48443,1.48428,1.48432,107
1779950280,1.48433,1.48438,1.4843,1.48437,70
1779950340,1.48438,1.48447,1.48436,1.48447,44
1779950400,1.48442,1.48445,1.48425,1.4843,97
1779950520,1.48429,1.48429,1.48411,1.48418,85
1779950580,1.48423,1.48431,1.48423,1.48431,82
1779950640,1.4843,1.48437,1.48419,1.48434,85
1779950700,1.48435,1.48445,1.48433,1.48445,91
1779950760,1.48445,1.48449,1.48438,1.48448,69
1779950820,1.48446,1.48448,1.4844,1.48445,66
1779950880,1.48446,1.48448,1.48438,1.4844,62
1779950940,1.48441,1.48446,1.4844,1.48445,35
1779951000,1.4844,1.48448,1.4844,1.48448,67
1779951060,1.48449,1.48449,1.48442,1.48446,92
1779951120,1.48449,1.48457,1.48446,1.48455,92
1779951180,1.48455,1.48461,1.48451,1.48456,105
1779951240,1.48458,1.48466,1.48456,1.48464,86
1779951300,1.48463,1.48475,1.48463,1.48475,67
1779951360,1.48474,1.48487,1.48474,1.48483,83
1779951420,1.48482,1.48486,1.48482,1.48486,45
1779951480,1.48498,1.48498,1.48493,1.48493,63
1779951540,1.48487,1.48488,1.48481,1.48481,70
1779951600,1.48486,1.48503,1.4848,1.485,175
1779951660,1.48501,1.48503,1.48488,1.48499,113
1779951720,1.48498,1.48504,1.48493,1.48498,105
1779951780,1.48496,1.48511,1.48495,1.48505,101
1779951840,1.48507,1.48507,1.48496,1.48504,93
1779951900,1.485,1.48515,1.485,1.48511,84
1779951960,1.4851,1.48512,1.48503,1.48507,96
1779952080,1.48514,1.48524,1.48512,1.48522,59
1779952140,1.48529,1.48529,1.48524,1.48524,72
1779952200,1.48523,1.48532,1.48522,1.48528,81
1779952320,1.4853,1.48546,1.4853,1.4854,107
1779952440,1.48548,1.48548,1.48542,1.48546,51
1779952500,1.48544,1.48546,1.48527,1.48532,121
1779952560,1.48532,1.48543,1.48531,1.48535,103
1779952680,1.48534,1.48539,1.48532,1.48535,63
1779952740,1.48541,1.48554,1.48537,1.48549,95
1779952800,1.4855,1.48552,1.48541,1.48544,128
1779952920,1.48538,1.48542,1.48536,1.48542,60
1779952980,1.48536,1.48543,1.48536,1.48538,100
1779953040,1.48537,1.4854,1.48533,1.48534,82
1779953100,1.48535,1.48539,1.4853,1.48532,93
1779953220,1.48537,1.4854,1.48532,1.48534,97
1779953280,1.48535,1.48536,1.48525,1.48529,62
1779953340,1.4853,1.48533,1.48529,1.48531,87
1779953400,1.4853,1.48538,1.4853,1.48536,90
1779953460,1.48535,1.48538,1.48527,1.48528,98
1779953520,1.48528,1.48541,1.48528,1.48539,92
1779953580,1.48538,1.48549,1.48537,1.48538,93
1779953640,1.48533,1.48538,1.4853,1.48538,85
1779953700,1.48537,1.48538,1.48531,1.48531,90
1779953760,1.48531,1.48534,1.4852,1.48527,94
1779953820,1.48526,1.48538,1.48523,1.4853,90
1779953880,1.48528,1.48531,1.48519,1.48527,102
1779953940,1.48526,1.4853,1.48523,1.48528,91
1779954000,1.48524,1.4853,1.48523,1.48529,76
1779954120,1.48533,1.48536,1.4853,1.48536,43
1779954180,1.48539,1.48541,1.48532,1.48534,84
1779954240,1.48531,1.48541,1.4853,1.48537,86
1779954300,1.48545,1.48545,1.48535,1.48537,99
1779954360,1.48535,1.48539,1.48532,1.48537,100
1779954420,1.48539,1.48541,1.48527,1.48532,101
1779954480,1.48532,1.48542,1.48532,1.48539,99
1779954540,1.48542,1.48544,1.48533,1.48543,97
1779954600,1.48544,1.48544,1.48531,1.48534,78
1779954720,1.48539,1.48541,1.48533,1.48538,93
1779954840,1.48532,1.48533,1.48526,1.48529,45
1779954900,1.4853,1.4853,1.48519,1.48522,80
1779954960,1.48522,1.48531,1.48519,1.48529,93
1779955020,1.48531,1.48536,1.48529,1.48529,71
1779955080,1.48532,1.48533,1.48526,1.48529,56
1779955140,1.48527,1.48528,1.48521,1.48524,96
1779955200,1.48531,1.48531,1.48518,1.4852,145
1779955260,1.48519,1.48538,1.48518,1.48537,115
1779955320,1.48538,1.48542,1.4853,1.48536,111
1779955380,1.48534,1.48539,1.48533,1.48539,85
1779955440,1.48539,1.48544,1.48534,1.48543,105
1779955500,1.48544,1.48551,1.48541,1.48551,112
1779955560,1.4855,1.48554,1.48544,1.48545,108
1779955680,1.48544,1.48558,1.48544,1.48552,69
1779955740,1.48551,1.48552,1.48546,1.48549,59
1779955800,1.48545,1.48545,1.48534,1.48538,89
1779955920,1.48534,1.4854,1.4853,1.48531,61
1779955980,1.4853,1.48531,1.48518,1.48519,89
1779956040,1.4852,1.48525,1.48511,1.48524,113
1779956100,1.48526,1.48527,1.48515,1.48516,83
1779956160,1.48517,1.48521,1.48512,1.48521,60
1779956220,1.48524,1.4854,1.48523,1.48534,105
1779956280,1.48532,1.48533,1.4852,1.48526,87
1779956340,1.48524,1.48536,1.48519,1.48522,81
1779956400,1.48522,1.48534,1.4852,1.48527,116
1779956460,1.48531,1.48545,1.48526,1.48543,102
1779956520,1.48544,1.48546,1.48537,1.48539,89
1779956580,1.48537,1.48546,1.48536,1.48539,85
1779956640,1.4854,1.48547,1.48535,1.48537,77
1779956700,1.48535,1.48543,1.48531,1.48541,106
1779956760,1.4854,1.48541,1.48529,1.48539,114
1779956820,1.48538,1.48542,1.48535,1.48535,82
1779956880,1.48534,1.48538,1.48519,1.4852,83
1779956940,1.48519,1.48537,1.48519,1.48532,119
1779957000,1.48533,1.4854,1.48526,1.48539,103
1779957060,1.48541,1.48544,1.48534,1.48537,93
1779957120,1.48538,1.48541,1.48536,1.48539,88
1779957180,1.48535,1.48541,1.48531,1.4854,70
1779957240,1.48539,1.48546,1.48537,1.48538,77
1779957300,1.48539,1.48553,1.48538,1.48541,78
1779957360,1.48543,1.48548,1.48541,1.48543,77
1779957420,1.48541,1.48547,1.48541,1.48546,69
1779957480,1.48547,1.48549,1.48543,1.48547,59
1779957540,1.48546,1.4856,1.48544,1.48557,90
1779957600,1.48559,1.48559,1.48548,1.48555,105
1779957660,1.48555,1.48568,1.48554,1.48566,89
1779957720,1.48565,1.48566,1.4856,1.48563,60
1779957780,1.48562,1.48567,1.48554,1.48554,92
1779957840,1.48553,1.48567,1.48552,1.48563,76
1779957900,1.48564,1.48567,1.48559,1.48567,54
1779957960,1.48566,1.48581,1.48564,1.48574,59
1779958020,1.48578,1.48586,1.48577,1.48585,86
1779958080,1.48584,1.48586,1.4858,1.48583,69
1779958140,1.4858,1.48587,1.48574,1.4858,84
1779958200,1.48578,1.48589,1.48578,1.48588,72
1779958260,1.48587,1.48592,1.48584,1.48592,51
1779958320,1.48597,1.48606,1.48595,1.48603,87
1779958380,1.48603,1.48603,1.48582,1.48584,60
1779958440,1.48588,1.48595,1.48583,1.48588,80
1779958500,1.4859,1.48596,1.48588,1.48592,89
1779958560,1.4859,1.48599,1.48584,1.48599,94
1779958620,1.48602,1.48612,1.48599,1.4861,67
1779958680,1.4861,1.48611,1.48595,1.486,65
1779958740,1.48601,1.48612,1.48598,1.48598,86
1779958800,1.48598,1.48607,1.48598,1.48604,70
1779958860,1.48604,1.48604,1.48588,1.486,64
1779958920,1.48599,1.48599,1.48591,1.48599,95
1779958980,1.486,1.48608,1.48598,1.48606,76
1779959040,1.48607,1.48608,1.48598,1.48602,77
1779959100,1.48602,1.48604,1.48592,1.48593,120
1779959160,1.48591,1.48596,1.48585,1.48589,81
1779959220,1.4859,1.48591,1.48581,1.48583,69
1779959280,1.48585,1.48587,1.48574,1.48584,103
1779959340,1.48581,1.48591,1.48581,1.4859,44
1779959400,1.48591,1.48595,1.48587,1.48595,66
1779959520,1.48593,1.48601,1.48593,1.48593,74
1779959580,1.48588,1.4859,1.48583,1.48589,85
1779959640,1.4859,1.48594,1.48587,1.4859,75
1779959700,1.48593,1.48594,1.48587,1.4859,79
1779959760,1.48591,1.48593,1.48585,1.4859,101
1779959940,1.48575,1.48577,1.48568,1.4857,70
1779960000,1.48566,1.4858,1.48565,1.48576,90
1779960120,1.48577,1.48584,1.48572,1.48583,71
1779960180,1.48578,1.48578,1.48571,1.48572,77
1779960240,1.48573,1.48576,1.4857,1.48572,81
1779960420,1.48577,1.48578,1.48569,1.4857,65
1779960480,1.48568,1.4857,1.48563,1.48566,68
1779960540,1.48568,1.48575,1.48566,1.48569,102
1779960600,1.48571,1.48578,1.48571,1.48574,74
1779960660,1.48574,1.48576,1.48565,1.48566,72
1779960720,1.48566,1.48566,1.48543,1.48544,107
1779960780,1.48545,1.48552,1.48544,1.48551,69
1779960840,1.4855,1.48562,1.4855,1.48559,61
1779960900,1.48563,1.48568,1.48561,1.48567,85
1779960960,1.48566,1.48571,1.48566,1.48566,79
1779961020,1.48567,1.48576,1.48563,1.48571,70
1779961080,1.48569,1.48576,1.48569,1.48576,55
1779961140,1.48577,1.48582,1.48572,1.48578,84
1779961200,1.4858,1.48583,1.48578,1.48581,80
1779961260,1.48581,1.4859,1.4858,1.48589,93
1779961320,1.48589,1.48591,1.4858,1.48591,46
1779961380,1.48592,1.48593,1.48586,1.48591,64
1779961440,1.4859,1.48598,1.4859,1.48597,65
1779961500,1.48603,1.48604,1.48595,1.48599,75
1779961560,1.486,1.48604,1.48599,1.48601,50
1779961620,1.48602,1.48602,1.48595,1.48602,76
1779961740,1.48599,1.48599,1.48589,1.48592,71
1779961800,1.48594,1.48599,1.48583,1.48584,88
1779961860,1.48585,1.48593,1.48585,1.48591,87
1779961980,1.48599,1.48607,1.48599,1.48604,62
1779962040,1.48595,1.48598,1.4859,1.48592,60
1779962100,1.48592,1.48592,1.4858,1.4858,77
1779962220,1.48574,1.48579,1.48565,1.4857,109
1779962340,1.48572,1.48577,1.48568,1.48568,55
1779962400,1.48568,1.48574,1.48566,1.48574,64
1779962460,1.48572,1.48573,1.48566,1.48567,83
1779962520,1.48567,1.48571,1.48563,1.48568,115
1779962580,1.48565,1.48577,1.48565,1.48576,92
1779962640,1.48577,1.48577,1.48566,1.48567,101
1779962700,1.48569,1.48571,1.48563,1.48564,90
1779962820,1.48571,1.48572,1.48562,1.48565,50
