[2026-05-27T00:00:30.546Z] INFO BAR_PUSH object_type=ea object_id=10869460 source_id=Ctrader bar_count=10 symbols=["ADAUSD","AUDCAD","AUDCHF"]
[2026-05-27T00:01:04.573Z] INFO BAR_PUSH object_type=ea object_id=10869460 source_id=Ctrader bar_count=10 symbols=["ADAUSD","AUDCAD","AUDCHF","AUDJPY","AUDNZD"]
[2026-05-27T00:01:36.546Z] INFO BAR_PUSH object_type=ea object_id=10869460 source_id=Ctrader bar_count=10 symbols=["AUDNZD","AUDUSD","BTCUSD"]
[2026-05-27T00:02:08.566Z] INFO BAR_PUSH object_type=ea object_id=10869460 source_id=Ctrader bar_count=10 symbols=["ADAUSD","AUDCAD","AUDCHF","AUDJPY","AUDNZD","AUDUSD","BTCUSD","CADJPY"]
[2026-05-27T00:02:40.540Z] INFO BAR_PUSH object_type=ea object_id=10869460 source_id=Ctrader bar_count=10 symbols=["CADJPY","DE40","ETHUSD"]
[2026-05-27T00:03:12.560Z] INFO BAR_PUSH object_type=ea object_id=10869460 source_id=Ctrader bar_count=10 symbols=["AUDCAD","AUDCHF","AUDJPY","AUDNZD","AUDUSD","BTCUSD","CADJPY","DE40","ETHUSD","EURAUD"]
[2026-05-27T00:03:44.556Z] INFO BAR_PUSH object_type=ea object_id=10869460 source_id=Ctrader bar_count=10 symbols=["ADAUSD","EURAUD","EURCAD","EURGBP"]
[2026-05-27T00:04:16.566Z] INFO BAR_PUSH object_type=ea object_id=10869460 source_id=Ctrader bar_count=10 symbols=["AUDCAD","AUDCHF","AUDJPY","AUDNZD","AUDUSD","BTCUSD","CADJPY","DE40","ETHUSD","EURAUD"]
[2026-05-27T00:04:50.543Z] INFO BAR_PUSH object_type=ea object_id=10869460 source_id=Ctrader bar_count=10 symbols=["EURCAD","EURGBP","EURJPY","EURSGD"]
[2026-05-27T00:05:22.552Z] INFO BAR_PUSH object_type=ea object_id=10869460 source_id=Ctrader bar_count=10 symbols=["ADAUSD","AUDCAD","AUDCHF","AUDJPY","AUDNZD","AUDUSD"]
[2026-05-27T00:05:54.555Z] INFO BAR_PUSH object_type=ea object_id=10869460 source_id=Ctrader bar_count=10 symbols=["ADAUSD","AUDUSD","BTCUSD","CADJPY","DE40","ETHUSD"]
[2026-05-27T00:06:26.532Z] INFO BAR_PUSH object_type=ea object_id=10869460 source_id=Ctrader bar_count=10 symbols=["ADAUSD","AUDCAD","AUDCHF","AUDJPY","AUDNZD","AUDUSD","BTCUSD","CADJPY","DE40","ETHUSD"]
[2026-05-27T00:06:58.547Z] INFO BAR_PUSH object_type=ea object_id=10869460 source_id=Ctrader bar_count=10 symbols=["ETHUSD","EURAUD","EURCAD","EURGBP","EURJPY","EURSGD"]
[2026-05-27T00:07:30.561Z] INFO BAR_PUSH object_type=ea object_id=10869460 source_id=Ctrader bar_count=10 symbols=["AUDCAD","AUDCHF","AUDJPY","AUDNZD","AUDUSD","BTCUSD","CADJPY","DE40","ETHUSD","EURAUD"]
[2026-05-27T00:08:04.569Z] INFO BAR_PUSH object_type=ea object_id=10869460 source_id=Ctrader bar_count=10 symbols=["AUDCAD","AUDCHF","AUDJPY","AUDNZD","AUDUSD","BTCUSD","CADJPY","DE40","ETHUSD","EURAUD"]
[2026-05-27T00:08:36.548Z] INFO BAR_PUSH object_type=ea object_id=10869460 source_id=Ctrader bar_count=10 symbols=["EURCAD","EURGBP","EURJPY","EURSGD","EURUSD"]
[2026-05-27T00:09:08.561Z] INFO BAR_PUSH object_type=ea object_id=10869460 source_id=Ctrader bar_count=10 symbols=["ADAUSD","AUDCAD","AUDCHF","AUDJPY","AUDNZD","AUDUSD","BTCUSD","CADJPY","DE40","ETHUSD"]
[2026-05-27T00:09:42.553Z] INFO BAR_PUSH object_type=ea object_id=10869460 source_id=Ctrader bar_count=10 symbols=["EURAUD","EURCAD","EURGBP","EURJPY","EURSGD","EURUSD","GBPAUD"]
[2026-05-27T00:10:14.628Z] INFO BAR_PUSH object_type=ea object_id=10869460 source_id=Ctrader bar_count=10 symbols=["AUDCAD","AUDCHF","AUDJPY","AUDNZD","AUDUSD"]
[2026-05-27T00:10:48.554Z] INFO BAR_PUSH object_type=ea object_id=10869460 source_id=Ctrader bar_count=10 symbols=["ADAUSD","BTCUSD","CADJPY","DE40","ETHUSD"]
[2026-05-27T00:11:20.531Z] INFO BAR_PUSH object_type=ea object_id=10869460 source_id=Ctrader bar_count=10 symbols=["ADAUSD","AUDCAD","AUDCHF","AUDJPY","AUDNZD","AUDUSD","BTCUSD","CADJPY","DE40","ETHUSD"]
[2026-05-27T00:11:52.550Z] INFO BAR_PUSH object_type=ea object_id=10869460 source_id=Ctrader bar_count=10 symbols=["EURAUD","EURCAD","EURGBP","EURJPY","EURSGD"]
[2026-05-27T00:12:24.564Z] INFO BAR_PUSH object_type=ea object_id=10869460 source_id=Ctrader bar_count=10 symbols=["ADAUSD","AUDCAD","AUDCHF","AUDJPY","AUDNZD","AUDUSD","BTCUSD","CADJPY","DE40","ETHUSD"]
[2026-05-27T00:12:56.551Z] INFO BAR_PUSH object_type=ea object_id=10869460 source_id=Ctrader bar_count=10 symbols=["EURAUD","EURCAD","EURGBP","EURJPY","EURSGD","EURUSD","GBPAUD"]
[2026-05-27T00:13:28.553Z] INFO BAR_PUSH object_type=ea object_id=10869460 source_id=Ctrader bar_count=10 symbols=["AUDCAD","AUDCHF","AUDJPY","AUDNZD","AUDUSD","BTCUSD","CADJPY","DE40","ETHUSD","EURAUD"]
[2026-05-27T00:14:02.562Z] INFO BAR_PUSH object_type=ea object_id=10869460 source_id=Ctrader bar_count=10 symbols=["ADAUSD","AUDCHF","AUDNZD","BTCUSD","DE40","ETHUSD","EURCAD","EURGBP","EURJPY","EURSGD"]
[2026-05-27T00:14:34.545Z] INFO BAR_PUSH object_type=ea object_id=10869460 source_id=Ctrader bar_count=10 symbols=["AUDCAD","AUDJPY","AUDUSD","CADJPY","EURAUD","EURCAD","EURGBP","EURSGD","EURUSD","GBPAUD"]
[2026-05-27T00:15:06.542Z] INFO BAR_PUSH object_type=ea object_id=10869460 source_id=Ctrader bar_count=10 symbols=["ADAUSD","AUDCAD","AUDCHF","AUDJPY"]
[2026-05-27T00:15:40.542Z] INFO BAR_PUSH object_type=ea object_id=10869460 source_id=Ctrader bar_count=10 symbols=["ADAUSD","AUDNZD","AUDUSD","BTCUSD"]
[2026-05-27T00:16:12.556Z] INFO BAR_PUSH object_type=ea object_id=10869460 source_id=Ctrader bar_count=10 symbols=["AUDCAD","AUDCHF","AUDJPY","AUDNZD","AUDUSD","BTCUSD","CADJPY"]
[2026-05-27T00:16:46.542Z] INFO BAR_PUSH object_type=ea object_id=10869460 source_id=Ctrader bar_count=10 symbols=["ADAUSD","CADJPY","DE40","ETHUSD","EURAUD"]
[2026-05-27T00:17:20.528Z] INFO BAR_PUSH object_type=ea object_id=10869460 source_id=Ctrader bar_count=10 symbols=["AUDCAD","AUDCHF","AUDJPY","AUDNZD","AUDUSD","BTCUSD","CADJPY","DE40","ETHUSD","EURAUD"]
[2026-05-27T00:17:52.541Z] INFO BAR_PUSH object_type=ea object_id=10869460 source_id=Ctrader bar_count=10 symbols=["EURAUD","EURCAD","EURGBP","EURJPY"]
[2026-05-27T00:18:24.556Z] INFO BAR_PUSH object_type=ea object_id=10869460 source_id=Ctrader bar_count=10 symbols=["ADAUSD","AUDCAD","AUDCHF","AUDJPY","AUDNZD","AUDUSD","BTCUSD","CADJPY","DE40","ETHUSD"]
[2026-05-27T00:18:56.547Z] INFO BAR_PUSH object_type=ea object_id=10869460 source_id=Ctrader bar_count=10 symbols=["EURAUD","EURCAD","EURGBP","EURJPY","EURSGD","EURUSD"]
[2026-05-27T00:19:28.527Z] INFO BAR_PUSH object_type=ea object_id=10869460 source_id=Ctrader bar_count=10 symbols=["AUDCAD","AUDCHF","AUDJPY","AUDNZD","AUDUSD","BTCUSD","CADJPY","DE40","ETHUSD","EURAUD"]
[2026-05-27T00:20:02.541Z] INFO BAR_PUSH object_type=ea object_id=10869460 source_id=Ctrader bar_count=10 symbols=["AUDCAD","AUDCHF","AUDJPY","AUDNZD","AUDUSD"]
[2026-05-27T00:20:34.546Z] INFO BAR_PUSH object_type=ea object_id=10869460 source_id=Ctrader bar_count=10 symbols=["ADAUSD","BTCUSD","CADJPY","DE40","ETHUSD"]
[2026-05-27T00:21:06.556Z] INFO BAR_PUSH object_type=ea object_id=10869460 source_id=Ctrader bar_count=10 symbols=["ADAUSD","AUDCAD","AUDCHF","AUDJPY","AUDNZD","AUDUSD","BTCUSD","CADJPY","DE40","ETHUSD"]
[2026-05-27T00:21:38.536Z] INFO BAR_PUSH object_type=ea object_id=10869460 source_id=Ctrader bar_count=10 symbols=["EURAUD","EURCAD","EURGBP","EURJPY","EURSGD"]
[2026-05-27T00:22:12.549Z] INFO BAR_PUSH object_type=ea object_id=10869460 source_id=Ctrader bar_count=10 symbols=["AUDCAD","AUDCHF","AUDJPY","AUDNZD","AUDUSD","BTCUSD","CADJPY","DE40","ETHUSD","EURAUD"]
[2026-05-27T00:22:44.544Z] INFO BAR_PUSH object_type=ea object_id=10869460 source_id=Ctrader bar_count=10 symbols=["EURCAD","EURGBP","EURJPY","EURSGD","EURUSD","GBPAUD","GBPCAD"]
[2026-05-27T00:23:16.559Z] INFO BAR_PUSH object_type=ea object_id=10869460 source_id=Ctrader bar_count=10 symbols=["AUDCAD","AUDCHF","AUDJPY","AUDNZD","AUDUSD","BTCUSD","CADJPY","DE40","ETHUSD","EURAUD"]
[2026-05-27T00:23:48.543Z] INFO BAR_PUSH object_type=ea object_id=10869460 source_id=Ctrader bar_count=10 symbols=["ADAUSD","EURCAD","EURGBP","EURJPY","EURSGD","EURUSD","GBPAUD","GBPCAD"]
[2026-05-27T00:24:20.536Z] INFO BAR_PUSH object_type=ea object_id=10869460 source_id=Ctrader bar_count=10 symbols=["ADAUSD","AUDCAD","AUDCHF","AUDJPY","AUDNZD","AUDUSD","BTCUSD","CADJPY","DE40","ETHUSD"]
[2026-05-27T00:24:52.539Z] INFO BAR_PUSH object_type=ea object_id=10869460 source_id=Ctrader bar_count=10 symbols=["EURAUD","EURCAD","EURGBP","EURJPY","EURSGD","EURUSD","GBPAUD","GBPCAD","GBPJPY"]
[2026-05-27T00:25:24.540Z] INFO BAR_PUSH object_type=ea object_id=10869460 source_id=Ctrader bar_count=10 symbols=["ADAUSD","AUDCAD","AUDCHF","AUDJPY","AUDNZD"]
[2026-05-27T00:25:58.541Z] INFO BAR_PUSH object_type=ea object_id=10869460 source_id=Ctrader bar_count=10 symbols=["AUDUSD","BTCUSD","CADJPY","DE40","ETHUSD"]
[2026-05-27T00:26:30.636Z] INFO BAR_PUSH object_type=ea object_id=10869460 source_id=Ctrader bar_count=10 symbols=["ADAUSD","AUDCAD","AUDCHF","AUDJPY","AUDNZD","AUDUSD","BTCUSD","CADJPY","DE40","ETHUSD"]
[2026-05-27T00:27:04.550Z] INFO BAR_PUSH object_type=ea object_id=10869460 source_id=Ctrader bar_count=10 symbols=["AUDCAD","AUDCHF","AUDJPY","AUDNZD","AUDUSD","BTCUSD","CADJPY","DE40","ETHUSD","EURAUD"]
[2026-05-27T00:27:36.539Z] INFO BAR_PUSH object_type=ea object_id=10869460 source_id=Ctrader bar_count=10 symbols=["ADAUSD","EURAUD","EURCAD","EURGBP","EURJPY","EURSGD"]
[2026-05-27T00:28:08.550Z] INFO BAR_PUSH object_type=ea object_id=10869460 source_id=Ctrader bar_count=10 symbols=["AUDCAD","AUDCHF","AUDJPY","AUDNZD","AUDUSD","BTCUSD","CADJPY","ETHUSD","EURAUD","EURCAD"]
[2026-05-27T00:28:40.562Z] INFO BAR_PUSH object_type=ea object_id=10869460 source_id=Ctrader bar_count=10 symbols=["ADAUSD","DE40","EURGBP","EURJPY","EURSGD","EURUSD","GBPAUD","GBPCAD"]
[2026-05-27T00:29:12.574Z] INFO BAR_PUSH object_type=ea object_id=10869460 source_id=Ctrader bar_count=10 symbols=["ADAUSD","AUDCAD","AUDCHF","AUDJPY","AUDNZD","AUDUSD","BTCUSD","CADJPY","DE40","ETHUSD"]
[2026-05-27T00:29:44.581Z] INFO BAR_PUSH object_type=ea object_id=10869460 source_id=Ctrader bar_count=10 symbols=["EURAUD","EURCAD","EURGBP","EURJPY","EURSGD","EURUSD","GBPAUD","GBPCAD","GBPJPY"]
[2026-05-27T00:30:18.569Z] INFO BAR_PUSH object_type=ea object_id=10869460 source_id=Ctrader bar_count=10 symbols=["AUDCAD","AUDCHF","AUDJPY","AUDNZD"]
[2026-05-27T00:30:50.566Z] INFO BAR_PUSH object_type=ea object_id=10869460 source_id=Ctrader bar_count=10 symbols=["ADAUSD","AUDNZD","AUDUSD","BTCUSD"]
[2026-05-27T00:31:24.586Z] INFO BAR_PUSH object_type=ea object_id=10869460 source_id=Ctrader bar_count=10 symbols=["ADAUSD","AUDCAD","AUDCHF","AUDJPY","AUDNZD","AUDUSD","BTCUSD","CADJPY"]
[2026-05-27T00:31:56.563Z] INFO BAR_PUSH object_type=ea object_id=10869460 source_id=Ctrader bar_count=10 symbols=["CADJPY","DE40","ETHUSD","EURAUD"]
[2026-05-27T00:32:28.562Z] INFO BAR_PUSH object_type=ea object_id=10869460 source_id=Ctrader bar_count=10 symbols=["AUDCAD","AUDCHF","AUDJPY","AUDNZD","AUDUSD","BTCUSD","CADJPY","DE40","ETHUSD","EURAUD"]
[2026-05-27T00:33:02.576Z] INFO BAR_PUSH object_type=ea object_id=10869460 source_id=Ctrader bar_count=10 symbols=["ADAUSD","AUDCHF","AUDJPY","AUDNZD","BTCUSD","CADJPY","DE40","ETHUSD","EURAUD","EURCAD"]
[2026-05-27T00:33:34.576Z] INFO BAR_PUSH object_type=ea object_id=10869460 source_id=Ctrader bar_count=10 symbols=["AUDCAD","AUDUSD","EURCAD","EURGBP","EURJPY"]
[2026-05-27T00:34:08.583Z] INFO BAR_PUSH object_type=ea object_id=10869460 source_id=Ctrader bar_count=10 symbols=["AUDCAD","AUDCHF","AUDJPY","AUDNZD","AUDUSD","BTCUSD","CADJPY","DE40","ETHUSD","EURAUD"]
[2026-05-27T00:34:40.570Z] INFO BAR_PUSH object_type=ea object_id=10869460 source_id=Ctrader bar_count=10 symbols=["ADAUSD","EURCAD","EURGBP","EURJPY","EURSGD","EURUSD"]
[2026-05-27T00:35:14.566Z] INFO BAR_PUSH object_type=ea object_id=10869460 source_id=Ctrader bar_count=10 symbols=["ADAUSD","AUDCAD","AUDCHF","AUDJPY","AUDNZD"]
[2026-05-27T00:35:48.571Z] INFO BAR_PUSH object_type=ea object_id=10869460 source_id=Ctrader bar_count=10 symbols=["AUDUSD","BTCUSD","CADJPY","DE40","ETHUSD"]
[2026-05-27T00:36:20.560Z] INFO BAR_PUSH object_type=ea object_id=10869460 source_id=Ctrader bar_count=10 symbols=["AUDCAD","AUDCHF","AUDJPY","AUDNZD","AUDUSD","BTCUSD","CADJPY","DE40","ETHUSD","EURAUD"]
[2026-05-27T00:36:54.571Z] INFO BAR_PUSH object_type=ea object_id=10869460 source_id=Ctrader bar_count=10 symbols=["ADAUSD","EURAUD","EURCAD","EURGBP","EURJPY","EURSGD"]
[2026-05-27T00:37:28.567Z] INFO BAR_PUSH object_type=ea object_id=10869460 source_id=Ctrader bar_count=10 symbols=["ADAUSD","AUDCAD","AUDCHF","AUDJPY","AUDNZD","AUDUSD","BTCUSD","CADJPY","DE40","ETHUSD"]
[2026-05-27T00:38:00.580Z] INFO BAR_PUSH object_type=ea object_id=10869460 source_id=Ctrader bar_count=10 symbols=["AUDCAD","AUDNZD","EURAUD","EURCAD","EURGBP","EURJPY","EURSGD","EURUSD"]
[2026-05-27T00:38:32.587Z] INFO BAR_PUSH object_type=ea object_id=10869460 source_id=Ctrader bar_count=10 symbols=["ADAUSD","AUDCHF","AUDJPY","AUDUSD","BTCUSD","CADJPY","DE40","ETHUSD","EURCAD","EURGBP"]
[2026-05-27T00:39:04.582Z] INFO BAR_PUSH object_type=ea object_id=10869460 source_id=Ctrader bar_count=10 symbols=["AUDCAD","AUDCHF","AUDJPY","AUDNZD","AUDUSD","BTCUSD","CADJPY","DE40","ETHUSD","EURAUD"]
[2026-05-27T00:39:36.580Z] INFO BAR_PUSH object_type=ea object_id=10869460 source_id=Ctrader bar_count=10 symbols=["ADAUSD","EURCAD","EURGBP","EURJPY","EURSGD","EURUSD","GBPAUD","GBPCAD"]
[2026-05-27T00:40:08.571Z] INFO BAR_PUSH object_type=ea object_id=10869460 source_id=Ctrader bar_count=10 symbols=["AUDCAD","AUDCHF","AUDJPY","AUDNZD","AUDUSD"]
[2026-05-27T00:40:40.565Z] INFO BAR_PUSH object_type=ea object_id=10869460 source_id=Ctrader bar_count=10 symbols=["BTCUSD","CADJPY","DE40","ETHUSD","EURAUD"]
[2026-05-27T00:41:14.572Z] INFO BAR_PUSH object_type=ea object_id=10869460 source_id=Ctrader bar_count=10 symbols=["ADAUSD","AUDCAD","AUDCHF","AUDJPY","AUDNZD","AUDUSD","BTCUSD","CADJPY","DE40"]
[2026-05-27T00:41:46.583Z] INFO BAR_PUSH object_type=ea object_id=10869460 source_id=Ctrader bar_count=10 symbols=["ETHUSD","EURAUD","EURCAD","EURGBP","EURJPY","EURSGD"]
[2026-05-27T00:42:18.588Z] INFO BAR_PUSH object_type=ea object_id=10869460 source_id=Ctrader bar_count=10 symbols=["AUDCAD","AUDCHF","AUDJPY","AUDNZD","AUDUSD","BTCUSD","CADJPY","DE40","ETHUSD","EURAUD"]
[2026-05-27T00:42:50.574Z] INFO BAR_PUSH object_type=ea object_id=10869460 source_id=Ctrader bar_count=10 symbols=["ADAUSD","EURCAD","EURGBP","EURJPY","EURSGD","EURUSD","GBPAUD","GBPCAD"]
[2026-05-27T00:43:24.586Z] INFO BAR_PUSH object_type=ea object_id=10869460 source_id=Ctrader bar_count=10 symbols=["AUDCAD","AUDCHF","AUDJPY","AUDNZD","AUDUSD","BTCUSD","CADJPY","DE40","ETHUSD","EURAUD"]
[2026-05-27T00:43:58.585Z] INFO BAR_PUSH object_type=ea object_id=10869460 source_id=Ctrader bar_count=10 symbols=["ADAUSD","EURCAD","EURGBP","EURJPY","EURSGD","EURUSD","GBPAUD","GBPCAD"]
[2026-05-27T00:44:32.583Z] INFO BAR_PUSH object_type=ea object_id=10869460 source_id=Ctrader bar_count=10 symbols=["AUDCAD","AUDCHF","AUDJPY","AUDNZD","AUDUSD","BTCUSD","CADJPY","DE40","ETHUSD","EURAUD"]
[2026-05-27T00:45:04.561Z] INFO BAR_PUSH object_type=ea object_id=10869460 source_id=Ctrader bar_count=10 symbols=["ADAUSD","AUDCAD","AUDCHF","AUDJPY"]
[2026-05-27T00:45:36.566Z] INFO BAR_PUSH object_type=ea object_id=10869460 source_id=Ctrader bar_count=10 symbols=["AUDJPY","AUDNZD","AUDUSD","BTCUSD"]
[2026-05-27T00:46:10.570Z] INFO BAR_PUSH object_type=ea object_id=10869460 source_id=Ctrader bar_count=10 symbols=["AUDCAD","AUDCHF","AUDJPY","AUDNZD","AUDUSD","BTCUSD","CADJPY"]
[2026-05-27T00:46:42.654Z] INFO BAR_PUSH object_type=ea object_id=10869460 source_id=Ctrader bar_count=10 symbols=["DE40","ETHUSD","EURAUD","EURCAD"]
[2026-05-27T00:47:16.588Z] INFO BAR_PUSH object_type=ea object_id=10869460 source_id=Ctrader bar_count=10 symbols=["ADAUSD","AUDCAD","AUDCHF","AUDJPY","AUDNZD","AUDUSD","BTCUSD","CADJPY","DE40","ETHUSD"]
[2026-05-27T00:47:48.569Z] INFO BAR_PUSH object_type=ea object_id=10869460 source_id=Ctrader bar_count=10 symbols=["EURAUD","EURCAD","EURGBP","EURJPY"]
[2026-05-27T00:48:20.562Z] INFO BAR_PUSH object_type=ea object_id=10869460 source_id=Ctrader bar_count=10 symbols=["AUDCAD","AUDCHF","AUDJPY","AUDNZD","AUDUSD","BTCUSD","CADJPY","DE40","ETHUSD","EURAUD"]
[2026-05-27T00:48:54.573Z] INFO BAR_PUSH object_type=ea object_id=10869460 source_id=Ctrader bar_count=10 symbols=["ADAUSD","EURCAD","EURGBP","EURJPY","EURSGD","EURUSD"]
[2026-05-27T00:49:26.562Z] INFO BAR_PUSH object_type=ea object_id=10869460 source_id=Ctrader bar_count=10 symbols=["AUDCAD","AUDCHF","AUDJPY","AUDNZD","AUDUSD","BTCUSD","CADJPY","DE40","ETHUSD","EURAUD"]
[2026-05-27T00:49:58.576Z] INFO BAR_PUSH object_type=ea object_id=10869460 source_id=Ctrader bar_count=10 symbols=["ADAUSD","EURCAD","EURGBP","EURJPY","EURSGD","EURUSD","GBPAUD","GBPCAD"]
[2026-05-27T00:50:30.570Z] INFO BAR_PUSH object_type=ea object_id=10869460 source_id=Ctrader bar_count=10 symbols=["ADAUSD","AUDCAD","AUDCHF","AUDJPY","AUDNZD"]
[2026-05-27T00:51:04.583Z] INFO BAR_PUSH object_type=ea object_id=10869460 source_id=Ctrader bar_count=10 symbols=["ADAUSD","AUDCAD","AUDCHF","AUDJPY","AUDNZD","AUDUSD","BTCUSD","CADJPY"]
[2026-05-27T00:51:38.574Z] INFO BAR_PUSH object_type=ea object_id=10869460 source_id=Ctrader bar_count=10 symbols=["CADJPY","DE40","ETHUSD","EURAUD","EURCAD","EURGBP"]
[2026-05-27T00:52:10.589Z] INFO BAR_PUSH object_type=ea object_id=10869460 source_id=Ctrader bar_count=10 symbols=["ADAUSD","AUDCAD","AUDCHF","AUDJPY","AUDNZD","AUDUSD","BTCUSD","CADJPY","DE40","ETHUSD"]
[2026-05-27T00:52:42.575Z] INFO BAR_PUSH object_type=ea object_id=10869460 source_id=Ctrader bar_count=10 symbols=["EURAUD","EURCAD","EURGBP","EURJPY","EURSGD","EURUSD"]
[2026-05-27T00:53:14.586Z] INFO BAR_PUSH object_type=ea object_id=10869460 source_id=Ctrader bar_count=10 symbols=["AUDCAD","AUDCHF","AUDJPY","AUDNZD","AUDUSD","BTCUSD","CADJPY","DE40","ETHUSD","EURAUD"]
[2026-05-27T00:53:46.576Z] INFO BAR_PUSH object_type=ea object_id=10869460 source_id=Ctrader bar_count=10 symbols=["EURCAD","EURGBP","EURJPY","EURSGD","EURUSD","GBPAUD","GBPCAD"]
[2026-05-27T00:54:18.587Z] INFO BAR_PUSH object_type=ea object_id=10869460 source_id=Ctrader bar_count=10 symbols=["ADAUSD","AUDCAD","AUDCHF","AUDJPY","AUDNZD","AUDUSD","BTCUSD","CADJPY","DE40","ETHUSD"]
[2026-05-27T00:54:52.576Z] INFO BAR_PUSH object_type=ea object_id=10869460 source_id=Ctrader bar_count=10 symbols=["EURAUD","EURCAD","EURGBP","EURJPY","EURSGD","EURUSD","GBPAUD","GBPCAD","GBPJPY"]
[2026-05-27T00:55:26.549Z] INFO BAR_PUSH object_type=ea object_id=10869460 source_id=Ctrader bar_count=10 symbols=["ADAUSD","AUDCAD","AUDCHF","AUDJPY","AUDNZD"]
[2026-05-27T00:55:58.574Z] INFO BAR_PUSH object_type=ea object_id=10869460 source_id=Ctrader bar_count=10 symbols=["AUDUSD","BTCUSD","CADJPY","DE40","ETHUSD"]
[2026-05-27T00:56:30.588Z] INFO BAR_PUSH object_type=ea object_id=10869460 source_id=Ctrader bar_count=10 symbols=["ADAUSD","AUDCAD","AUDCHF","AUDJPY","AUDNZD","AUDUSD","BTCUSD","CADJPY","DE40","ETHUSD"]
[2026-05-27T00:57:02.633Z] INFO BAR_PUSH object_type=ea object_id=10869460 source_id=Ctrader bar_count=10 symbols=["AUDCAD","AUDCHF","AUDJPY","AUDNZD","AUDUSD","BTCUSD","CADJPY","DE40","ETHUSD","EURAUD"]
[2026-05-27T00:57:34.570Z] INFO BAR_PUSH object_type=ea object_id=10869460 source_id=Ctrader bar_count=10 symbols=["EURAUD","EURCAD","EURGBP","EURJPY","EURSGD","EURUSD"]
[2026-05-27T00:58:08.593Z] INFO BAR_PUSH object_type=ea object_id=10869460 source_id=Ctrader bar_count=10 symbols=["ADAUSD","AUDCAD","AUDCHF","AUDJPY","AUDNZD","AUDUSD","BTCUSD","CADJPY","DE40","ETHUSD"]
[2026-05-27T00:58:42.580Z] INFO BAR_PUSH object_type=ea object_id=10869460 source_id=Ctrader bar_count=10 symbols=["EURAUD","EURCAD","EURGBP","EURJPY","EURSGD","EURUSD","GBPAUD","GBPCAD"]
[2026-05-27T00:59:14.586Z] INFO BAR_PUSH object_type=ea object_id=10869460 source_id=Ctrader bar_count=10 symbols=["AUDCAD","AUDCHF","AUDJPY","AUDNZD","AUDUSD","BTCUSD","CADJPY","DE40","ETHUSD","EURAUD"]
[2026-05-27T00:59:46.580Z] INFO BAR_PUSH object_type=ea object_id=10869460 source_id=Ctrader bar_count=10 symbols=["EURCAD","EURGBP","EURJPY","EURSGD","EURUSD","GBPAUD","GBPCAD","GBPJPY"]
[2026-05-27T01:00:18.558Z] INFO BAR_PUSH object_type=ea object_id=10869460 source_id=Ctrader bar_count=10 symbols=["ADAUSD","AUDCAD"]
[2026-05-27T01:00:50.561Z] INFO BAR_PUSH object_type=ea object_id=10869460 source_id=Ctrader bar_count=10 symbols=["AUDCHF","AUDJPY"]
[2026-05-27T01:01:22.572Z] INFO BAR_PUSH object_type=ea object_id=10869460 source_id=Ctrader bar_count=10 symbols=["AUDCAD","AUDCHF","AUDJPY","AUDNZD","AUDUSD"]
[2026-05-27T01:01:54.566Z] INFO BAR_PUSH object_type=ea object_id=10869460 source_id=Ctrader bar_count=10 symbols=["AUDUSD","BTCUSD","CADJPY"]
[2026-05-27T01:02:28.549Z] INFO BAR_PUSH object_type=ea object_id=10869460 source_id=Ctrader bar_count=10 symbols=["AUDCAD","AUDCHF","AUDJPY","AUDNZD","AUDUSD","BTCUSD","CADJPY"]
[2026-05-27T01:03:02.586Z] INFO BAR_PUSH object_type=ea object_id=10869460 source_id=Ctrader bar_count=10 symbols=["AUDCAD","AUDCHF","AUDJPY","AUDNZD","AUDUSD","BTCUSD","CADJPY","DE40"]
[2026-05-27T01:03:34.569Z] INFO BAR_PUSH object_type=ea object_id=10869460 source_id=Ctrader bar_count=10 symbols=["ADAUSD","DE40","ETHUSD","EURAUD"]
[2026-05-27T01:04:06.584Z] INFO BAR_PUSH object_type=ea object_id=10869460 source_id=Ctrader bar_count=10 symbols=["AUDCAD","AUDCHF","AUDJPY","AUDNZD","AUDUSD","BTCUSD","CADJPY","DE40","ETHUSD","EURAUD"]
[2026-05-27T01:04:40.578Z] INFO BAR_PUSH object_type=ea object_id=10869460 source_id=Ctrader bar_count=10 symbols=["ADAUSD","EURAUD","EURCAD","EURGBP"]
[2026-05-27T01:05:14.563Z] INFO BAR_PUSH object_type=ea object_id=10869460 source_id=Ctrader bar_count=10 symbols=["AUDCAD","AUDCHF","AUDJPY","AUDNZD","AUDUSD"]
[2026-05-27T01:05:46.581Z] INFO BAR_PUSH object_type=ea object_id=10869460 source_id=Ctrader bar_count=10 symbols=["ADAUSD","BTCUSD","CADJPY","DE40","ETHUSD"]
[2026-05-27T01:06:18.590Z] INFO BAR_PUSH object_type=ea object_id=10869460 source_id=Ctrader bar_count=10 symbols=["ADAUSD","AUDCAD","AUDCHF","AUDJPY","AUDNZD","AUDUSD","BTCUSD","CADJPY","DE40","ETHUSD"]
[2026-05-27T01:06:52.550Z] INFO BAR_PUSH object_type=ea object_id=10869460 source_id=Ctrader bar_count=10 symbols=["EURAUD","EURCAD","EURGBP","EURJPY"]
[2026-05-27T01:07:24.573Z] INFO BAR_PUSH object_type=ea object_id=10869460 source_id=Ctrader bar_count=10 symbols=["AUDCAD","AUDCHF","AUDJPY","AUDNZD","AUDUSD","BTCUSD","CADJPY","DE40","ETHUSD","EURAUD"]
[2026-05-27T01:07:56.552Z] INFO BAR_PUSH object_type=ea object_id=10869460 source_id=Ctrader bar_count=10 symbols=["EURCAD","EURGBP","EURJPY","EURSGD"]
[2026-05-27T01:08:28.572Z] INFO BAR_PUSH object_type=ea object_id=10869460 source_id=Ctrader bar_count=10 symbols=["AUDCAD","AUDCHF","AUDJPY","AUDNZD","AUDUSD","BTCUSD","CADJPY","DE40","ETHUSD","EURAUD"]
[2026-05-27T01:09:00.565Z] INFO BAR_PUSH object_type=ea object_id=10869460 source_id=Ctrader bar_count=10 symbols=["AUDCAD","AUDCHF","AUDJPY","AUDNZD","EURAUD","EURCAD","EURGBP","EURJPY","EURSGD"]
[2026-05-27T01:09:32.567Z] INFO BAR_PUSH object_type=ea object_id=10869460 source_id=Ctrader bar_count=10 symbols=["ADAUSD","AUDUSD","BTCUSD","CADJPY","DE40","ETHUSD","EURJPY","EURSGD","EURUSD"]
[2026-05-27T01:10:04.556Z] INFO BAR_PUSH object_type=ea object_id=10869460 source_id=Ctrader bar_count=10 symbols=["AUDCAD","AUDCHF","AUDJPY","AUDNZD","AUDUSD"]
[2026-05-27T01:10:36.567Z] INFO BAR_PUSH object_type=ea object_id=10869460 source_id=Ctrader bar_count=10 symbols=["BTCUSD","CADJPY","DE40","ETHUSD","EURAUD"]
[2026-05-27T01:11:08.567Z] INFO BAR_PUSH object_type=ea object_id=10869460 source_id=Ctrader bar_count=10 symbols=["ADAUSD","AUDCAD","AUDCHF","AUDJPY","AUDNZD","AUDUSD","BTCUSD","CADJPY","DE40"]
[2026-05-27T01:11:40.566Z] INFO BAR_PUSH object_type=ea object_id=10869460 source_id=Ctrader bar_count=10 symbols=["ETHUSD","EURAUD","EURCAD","EURGBP","EURJPY","EURSGD"]
[2026-05-27T01:12:12.580Z] INFO BAR_PUSH object_type=ea object_id=10869460 source_id=Ctrader bar_count=10 symbols=["ADAUSD","AUDCAD","AUDCHF","AUDJPY","AUDNZD","AUDUSD","BTCUSD","CADJPY","DE40","ETHUSD"]
[2026-05-27T01:12:44.557Z] INFO BAR_PUSH object_type=ea object_id=10869460 source_id=Ctrader bar_count=10 symbols=["EURAUD","EURCAD","EURGBP","EURJPY","EURSGD","EURUSD"]
[2026-05-27T01:13:16.572Z] INFO BAR_PUSH object_type=ea object_id=10869460 source_id=Ctrader bar_count=10 symbols=["ADAUSD","AUDCAD","AUDCHF","AUDJPY","AUDNZD","AUDUSD","BTCUSD","CADJPY","DE40","ETHUSD"]
[2026-05-27T01:13:48.566Z] INFO BAR_PUSH object_type=ea object_id=10869460 source_id=Ctrader bar_count=10 symbols=["EURAUD","EURCAD","EURGBP","EURJPY","EURSGD","EURUSD","GBPAUD"]
[2026-05-27T01:14:22.571Z] INFO BAR_PUSH object_type=ea object_id=10869460 source_id=Ctrader bar_count=10 symbols=["AUDCAD","AUDCHF","AUDJPY","AUDNZD","AUDUSD","BTCUSD","CADJPY","DE40","ETHUSD","EURAUD"]
[2026-05-27T01:14:56.568Z] INFO BAR_PUSH object_type=ea object_id=10869460 source_id=Ctrader bar_count=10 symbols=["EURCAD","EURGBP","EURJPY","EURSGD","EURUSD","GBPAUD","GBPCAD"]
[2026-05-27T01:15:30.546Z] INFO BAR_PUSH object_type=ea object_id=10869460 source_id=Ctrader bar_count=10 symbols=["ADAUSD","AUDCAD","AUDCHF","AUDJPY"]
[2026-05-27T01:16:04.550Z] INFO BAR_PUSH object_type=ea object_id=10869460 source_id=Ctrader bar_count=10 symbols=["AUDCAD","AUDCHF","AUDJPY","AUDNZD","AUDUSD"]
[2026-05-27T01:16:36.553Z] INFO BAR_PUSH object_type=ea object_id=10869460 source_id=Ctrader bar_count=10 symbols=["AUDUSD","BTCUSD","CADJPY","DE40"]
[2026-05-27T01:17:08.650Z] INFO BAR_PUSH object_type=ea object_id=10869460 source_id=Ctrader bar_count=10 symbols=["AUDCAD","AUDCHF","AUDJPY","AUDNZD","AUDUSD","BTCUSD","CADJPY","DE40","ETHUSD"]
[2026-05-27T01:17:40.564Z] INFO BAR_PUSH object_type=ea object_id=10869460 source_id=Ctrader bar_count=10 symbols=["ADAUSD","ETHUSD","EURAUD","EURCAD","EURGBP"]
[2026-05-27T01:18:12.568Z] INFO BAR_PUSH object_type=ea object_id=10869460 source_id=Ctrader bar_count=10 symbols=["ADAUSD","AUDCAD","AUDCHF","AUDJPY","AUDNZD","AUDUSD","BTCUSD","CADJPY","DE40","ETHUSD"]
[2026-05-27T01:18:44.551Z] INFO BAR_PUSH object_type=ea object_id=10869460 source_id=Ctrader bar_count=10 symbols=["EURAUD","EURCAD","EURGBP","EURJPY","EURSGD"]
[2026-05-27T01:19:16.561Z] INFO BAR_PUSH object_type=ea object_id=10869460 source_id=Ctrader bar_count=10 symbols=["ADAUSD","AUDCAD","AUDCHF","AUDJPY","AUDNZD","AUDUSD","BTCUSD","CADJPY","DE40","ETHUSD"]
[2026-05-27T01:19:48.563Z] INFO BAR_PUSH object_type=ea object_id=10869460 source_id=Ctrader bar_count=10 symbols=["EURAUD","EURCAD","EURGBP","EURJPY","EURSGD","EURUSD","GBPAUD"]
[2026-05-27T01:20:20.543Z] INFO BAR_PUSH object_type=ea object_id=10869460 source_id=Ctrader bar_count=10 symbols=["AUDCAD","AUDCHF","AUDJPY","AUDNZD","AUDUSD"]
[2026-05-27T01:20:52.557Z] INFO BAR_PUSH object_type=ea object_id=10869460 source_id=Ctrader bar_count=10 symbols=["ADAUSD","BTCUSD","CADJPY","DE40","ETHUSD"]
[2026-05-27T01:21:24.567Z] INFO BAR_PUSH object_type=ea object_id=10869460 source_id=Ctrader bar_count=10 symbols=["ADAUSD","AUDCAD","AUDCHF","AUDJPY","AUDNZD","AUDUSD","BTCUSD","CADJPY","DE40","ETHUSD"]
[2026-05-27T01:21:56.553Z] INFO BAR_PUSH object_type=ea object_id=10869460 source_id=Ctrader bar_count=10 symbols=["EURAUD","EURCAD","EURGBP","EURJPY","EURSGD"]
[2026-05-27T01:22:28.547Z] INFO BAR_PUSH object_type=ea object_id=10869460 source_id=Ctrader bar_count=10 symbols=["ADAUSD","AUDCAD","AUDCHF","AUDJPY","AUDNZD","AUDUSD","BTCUSD","CADJPY","DE40","ETHUSD"]
[2026-05-27T01:23:00.566Z] INFO BAR_PUSH object_type=ea object_id=10869460 source_id=Ctrader bar_count=10 symbols=["AUDCAD","AUDJPY","AUDNZD","AUDUSD","BTCUSD","CADJPY","DE40","EURAUD","EURCAD","EURGBP"]
[2026-05-27T01:23:32.557Z] INFO BAR_PUSH object_type=ea object_id=10869460 source_id=Ctrader bar_count=10 symbols=["ADAUSD","AUDCHF","ETHUSD","EURJPY","EURSGD","EURUSD","GBPAUD"]
[2026-05-27T01:24:04.566Z] INFO BAR_PUSH object_type=ea object_id=10869460 source_id=Ctrader bar_count=10 symbols=["AUDCAD","AUDJPY","BTCUSD","CADJPY","DE40","ETHUSD","EURCAD","EURGBP","EURJPY","EURSGD"]
[2026-05-27T01:24:36.556Z] INFO BAR_PUSH object_type=ea object_id=10869460 source_id=Ctrader bar_count=10 symbols=["AUDCHF","AUDNZD","AUDUSD","EURAUD","EURUSD","GBPAUD","GBPCAD"]
[2026-05-27T01:25:08.550Z] INFO BAR_PUSH object_type=ea object_id=10869460 source_id=Ctrader bar_count=10 symbols=["AUDCAD","AUDCHF","AUDJPY","AUDNZD","AUDUSD"]
[2026-05-27T01:25:40.556Z] INFO BAR_PUSH object_type=ea object_id=10869460 source_id=Ctrader bar_count=10 symbols=["ADAUSD","BTCUSD","CADJPY","DE40","ETHUSD"]
[2026-05-27T01:26:12.562Z] INFO BAR_PUSH object_type=ea object_id=10869460 source_id=Ctrader bar_count=10 symbols=["AUDCAD","AUDCHF","AUDJPY","AUDNZD","AUDUSD","BTCUSD","CADJPY","DE40","ETHUSD","EURAUD"]
[2026-05-27T01:26:44.558Z] INFO BAR_PUSH object_type=ea object_id=10869460 source_id=Ctrader bar_count=10 symbols=["EURAUD","EURCAD","EURGBP","EURJPY","EURSGD","EURUSD"]
[2026-05-27T01:27:18.653Z] INFO BAR_PUSH object_type=ea object_id=10869460 source_id=Ctrader bar_count=10 symbols=["ADAUSD","AUDCAD","AUDCHF","AUDJPY","AUDNZD","AUDUSD","BTCUSD","CADJPY","DE40","ETHUSD"]
[2026-05-27T01:27:52.559Z] INFO BAR_PUSH object_type=ea object_id=10869460 source_id=Ctrader bar_count=10 symbols=["EURAUD","EURCAD","EURGBP","EURJPY","EURSGD","EURUSD","GBPAUD","GBPCAD"]
[2026-05-27T01:28:24.558Z] INFO BAR_PUSH object_type=ea object_id=10869460 source_id=Ctrader bar_count=10 symbols=["AUDCAD","AUDCHF","AUDJPY","AUDNZD","AUDUSD","BTCUSD","CADJPY","DE40","ETHUSD","EURAUD"]
[2026-05-27T01:28:56.558Z] INFO BAR_PUSH object_type=ea object_id=10869460 source_id=Ctrader bar_count=10 symbols=["ADAUSD","EURCAD","EURGBP","EURJPY","EURSGD","EURUSD","GBPAUD","GBPCAD"]
[2026-05-27T01:29:30.556Z] INFO BAR_PUSH object_type=ea object_id=10869460 source_id=Ctrader bar_count=10 symbols=["ADAUSD","AUDCAD","AUDCHF","AUDJPY","AUDNZD","AUDUSD","BTCUSD","CADJPY","DE40","ETHUSD"]
[2026-05-27T01:30:02.553Z] INFO BAR_PUSH object_type=ea object_id=10869460 source_id=Ctrader bar_count=10 symbols=["ADAUSD","AUDCAD","AUDCHF","AUDJPY"]
[2026-05-27T01:30:36.544Z] INFO BAR_PUSH object_type=ea object_id=10869460 source_id=Ctrader bar_count=10 symbols=["AUDJPY","AUDNZD","AUDUSD","BTCUSD"]
[2026-05-27T01:31:08.560Z] INFO BAR_PUSH object_type=ea object_id=10869460 source_id=Ctrader bar_count=10 symbols=["ADAUSD","AUDCAD","AUDCHF","AUDJPY","AUDNZD","AUDUSD","BTCUSD","CADJPY"]
[2026-05-27T01:31:40.546Z] INFO BAR_PUSH object_type=ea object_id=10869460 source_id=Ctrader bar_count=10 symbols=["CADJPY","DE40","ETHUSD","EURAUD"]
[2026-05-27T01:32:14.565Z] INFO BAR_PUSH object_type=ea object_id=10869460 source_id=Ctrader bar_count=10 symbols=["AUDCAD","AUDCHF","AUDJPY","AUDNZD","AUDUSD","BTCUSD","CADJPY","DE40","ETHUSD","EURAUD"]
[2026-05-27T01:32:46.550Z] INFO BAR_PUSH object_type=ea object_id=10869460 source_id=Ctrader bar_count=10 symbols=["EURCAD","EURGBP","EURJPY","EURSGD"]
[2026-05-27T01:33:18.576Z] INFO BAR_PUSH object_type=ea object_id=10869460 source_id=Ctrader bar_count=10 symbols=["AUDCAD","AUDCHF","AUDJPY","AUDNZD","AUDUSD","BTCUSD","CADJPY","DE40","ETHUSD","EURAUD"]
[2026-05-27T01:33:52.555Z] INFO BAR_PUSH object_type=ea object_id=10869460 source_id=Ctrader bar_count=10 symbols=["ADAUSD","EURCAD","EURGBP","EURJPY","EURSGD","EURUSD"]
[2026-05-27T01:34:26.539Z] INFO BAR_PUSH object_type=ea object_id=10869460 source_id=Ctrader bar_count=10 symbols=["AUDCAD","AUDCHF","AUDJPY","AUDNZD","AUDUSD","BTCUSD","CADJPY","DE40","ETHUSD","EURAUD"]
[2026-05-27T01:34:58.557Z] INFO BAR_PUSH object_type=ea object_id=10869460 source_id=Ctrader bar_count=10 symbols=["ADAUSD","EURCAD","EURGBP","EURJPY","EURSGD","EURUSD","GBPAUD","GBPCAD"]
[2026-05-27T01:35:30.553Z] INFO BAR_PUSH object_type=ea object_id=10869460 source_id=Ctrader bar_count=10 symbols=["ADAUSD","AUDCAD","AUDCHF","AUDJPY","AUDNZD"]
[2026-05-27T01:36:04.555Z] INFO BAR_PUSH object_type=ea object_id=10869460 source_id=Ctrader bar_count=10 symbols=["AUDCAD","AUDCHF","AUDJPY","AUDNZD","AUDUSD","BTCUSD","CADJPY"]
[2026-05-27T01:36:36.561Z] INFO BAR_PUSH object_type=ea object_id=10869460 source_id=Ctrader bar_count=10 symbols=["DE40","ETHUSD","EURAUD","EURCAD","EURGBP"]
[2026-05-27T01:37:08.565Z] INFO BAR_PUSH object_type=ea object_id=10869460 source_id=Ctrader bar_count=10 symbols=["ADAUSD","AUDCAD","AUDCHF","AUDJPY","AUDNZD","AUDUSD","BTCUSD","CADJPY","DE40","ETHUSD"]
[2026-05-27T01:37:40.560Z] INFO BAR_PUSH object_type=ea object_id=10869460 source_id=Ctrader bar_count=10 symbols=["ADAUSD","EURAUD","EURCAD","EURGBP","EURJPY","EURSGD","EURUSD"]
[2026-05-27T01:38:12.563Z] INFO BAR_PUSH object_type=ea object_id=10869460 source_id=Ctrader bar_count=10 symbols=["AUDCAD","AUDCHF","AUDJPY","AUDNZD","AUDUSD","BTCUSD","CADJPY","DE40","ETHUSD","EURAUD"]
[2026-05-27T01:38:44.566Z] INFO BAR_PUSH object_type=ea object_id=10869460 source_id=Ctrader bar_count=10 symbols=["ADAUSD","EURCAD","EURGBP","EURJPY","EURSGD","EURUSD","GBPAUD","GBPCAD"]
[2026-05-27T01:39:16.564Z] INFO BAR_PUSH object_type=ea object_id=10869460 source_id=Ctrader bar_count=10 symbols=["ADAUSD","AUDCAD","AUDCHF","AUDJPY","AUDNZD","AUDUSD","BTCUSD","CADJPY","DE40","ETHUSD"]
[2026-05-27T01:39:48.552Z] INFO BAR_PUSH object_type=ea object_id=10869460 source_id=Ctrader bar_count=10 symbols=["EURAUD","EURCAD","EURGBP","EURJPY","EURSGD","EURUSD","GBPAUD","GBPCAD","GBPJPY"]
[2026-05-27T01:40:20.527Z] INFO BAR_PUSH object_type=ea object_id=10869460 source_id=Ctrader bar_count=10 symbols=["ADAUSD","AUDCAD","AUDCHF","AUDJPY","AUDNZD"]
[2026-05-27T01:40:52.551Z] INFO BAR_PUSH object_type=ea object_id=10869460 source_id=Ctrader bar_count=10 symbols=["AUDUSD","BTCUSD","CADJPY","DE40","ETHUSD"]
[2026-05-27T01:41:24.565Z] INFO BAR_PUSH object_type=ea object_id=10869460 source_id=Ctrader bar_count=10 symbols=["AUDCAD","AUDCHF","AUDJPY","AUDNZD","AUDUSD","BTCUSD","CADJPY","DE40","ETHUSD","EURAUD"]
[2026-05-27T01:41:58.552Z] INFO BAR_PUSH object_type=ea object_id=10869460 source_id=Ctrader bar_count=10 symbols=["EURAUD","EURCAD","EURGBP","EURJPY","EURSGD","EURUSD"]
[2026-05-27T01:42:32.563Z] INFO BAR_PUSH object_type=ea object_id=10869460 source_id=Ctrader bar_count=10 symbols=["AUDCAD","AUDCHF","AUDJPY","AUDNZD","AUDUSD","BTCUSD","CADJPY","DE40","ETHUSD","EURAUD"]
[2026-05-27T01:43:04.549Z] INFO BAR_PUSH object_type=ea object_id=10869460 source_id=Ctrader bar_count=10 symbols=["AUDCAD","AUDCHF","AUDJPY","AUDNZD","AUDUSD","BTCUSD","CADJPY","DE40","ETHUSD","EURAUD"]
[2026-05-27T01:43:36.627Z] INFO BAR_PUSH object_type=ea object_id=10869460 source_id=Ctrader bar_count=10 symbols=["ADAUSD","EURCAD","EURGBP","EURJPY","EURSGD","EURUSD","GBPAUD","GBPCAD"]
[2026-05-27T01:44:10.562Z] INFO BAR_PUSH object_type=ea object_id=10869460 source_id=Ctrader bar_count=10 symbols=["AUDCAD","AUDCHF","AUDJPY","AUDNZD","AUDUSD","BTCUSD","CADJPY","DE40","ETHUSD","EURAUD"]
[2026-05-27T01:44:42.557Z] INFO BAR_PUSH object_type=ea object_id=10869460 source_id=Ctrader bar_count=10 symbols=["ADAUSD","EURCAD","EURGBP","EURJPY","EURSGD","EURUSD","GBPAUD","GBPCAD","GBPJPY"]
[2026-05-27T01:45:14.545Z] INFO BAR_PUSH object_type=ea object_id=10869460 source_id=Ctrader bar_count=10 symbols=["AUDCAD","AUDCHF","AUDJPY","AUDNZD"]
[2026-05-27T01:45:46.558Z] INFO BAR_PUSH object_type=ea object_id=10869460 source_id=Ctrader bar_count=10 symbols=["AUDNZD","AUDUSD","BTCUSD","CADJPY"]
[2026-05-27T01:46:18.541Z] INFO BAR_PUSH object_type=ea object_id=10869460 source_id=Ctrader bar_count=10 symbols=["ADAUSD","AUDCAD","AUDCHF","AUDJPY","AUDNZD","AUDUSD","BTCUSD","CADJPY"]
[2026-05-27T01:46:50.538Z] INFO BAR_PUSH object_type=ea object_id=10869460 source_id=Ctrader bar_count=10 symbols=["ADAUSD","CADJPY","DE40","ETHUSD","EURAUD"]
[2026-05-27T01:47:22.548Z] INFO BAR_PUSH object_type=ea object_id=10869460 source_id=Ctrader bar_count=10 symbols=["ADAUSD","AUDCAD","AUDCHF","AUDJPY","AUDNZD","AUDUSD","BTCUSD","CADJPY","DE40","ETHUSD"]
[2026-05-27T01:47:54.534Z] INFO BAR_PUSH object_type=ea object_id=10869460 source_id=Ctrader bar_count=10 symbols=["EURAUD","EURCAD","EURGBP","EURJPY"]
[2026-05-27T01:48:26.557Z] INFO BAR_PUSH object_type=ea object_id=10869460 source_id=Ctrader bar_count=10 symbols=["ADAUSD","AUDCAD","AUDCHF","AUDJPY","AUDNZD","AUDUSD","BTCUSD","CADJPY","DE40","ETHUSD"]
[2026-05-27T01:48:58.542Z] INFO BAR_PUSH object_type=ea object_id=10869460 source_id=Ctrader bar_count=10 symbols=["EURAUD","EURCAD","EURGBP","EURJPY","EURSGD","EURUSD"]
[2026-05-27T01:49:30.558Z] INFO BAR_PUSH object_type=ea object_id=10869460 source_id=Ctrader bar_count=10 symbols=["ADAUSD","AUDCAD","AUDCHF","AUDJPY","AUDNZD","AUDUSD","BTCUSD","CADJPY","DE40","ETHUSD"]
[2026-05-27T01:50:02.539Z] INFO BAR_PUSH object_type=ea object_id=10869460 source_id=Ctrader bar_count=10 symbols=["AUDCAD","AUDCHF","AUDJPY","AUDNZD","AUDUSD"]
[2026-05-27T01:50:36.541Z] INFO BAR_PUSH object_type=ea object_id=10869460 source_id=Ctrader bar_count=10 symbols=["ADAUSD","BTCUSD","CADJPY","DE40","ETHUSD"]
[2026-05-27T01:51:08.559Z] INFO BAR_PUSH object_type=ea object_id=10869460 source_id=Ctrader bar_count=10 symbols=["AUDCAD","AUDCHF","AUDJPY","AUDNZD","AUDUSD","BTCUSD","CADJPY","DE40","ETHUSD","EURAUD"]
[2026-05-27T01:51:42.541Z] INFO BAR_PUSH object_type=ea object_id=10869460 source_id=Ctrader bar_count=10 symbols=["EURAUD","EURCAD","EURGBP","EURJPY","EURSGD","EURUSD"]
[2026-05-27T01:52:14.557Z] INFO BAR_PUSH object_type=ea object_id=10869460 source_id=Ctrader bar_count=10 symbols=["ADAUSD","AUDCAD","AUDCHF","AUDJPY","AUDNZD","AUDUSD","BTCUSD","CADJPY","DE40","ETHUSD"]
[2026-05-27T01:52:48.541Z] INFO BAR_PUSH object_type=ea object_id=10869460 source_id=Ctrader bar_count=10 symbols=["EURAUD","EURCAD","EURGBP","EURJPY","EURSGD","EURUSD","GBPAUD"]
[2026-05-27T01:53:20.546Z] INFO BAR_PUSH object_type=ea object_id=10869460 source_id=Ctrader bar_count=10 symbols=["ADAUSD","AUDCAD","AUDCHF","AUDJPY","AUDNZD","AUDUSD","BTCUSD","CADJPY","DE40","ETHUSD"]
[2026-05-27T01:53:52.538Z] INFO BAR_PUSH object_type=ea object_id=10869460 source_id=Ctrader bar_count=10 symbols=["EURAUD","EURCAD","EURGBP","EURJPY","EURSGD","EURUSD","GBPAUD","GBPCAD"]
[2026-05-27T01:54:24.550Z] INFO BAR_PUSH object_type=ea object_id=10869460 source_id=Ctrader bar_count=10 symbols=["ADAUSD","AUDCAD","AUDCHF","AUDJPY","AUDNZD","AUDUSD","BTCUSD","CADJPY","DE40","ETHUSD"]
[2026-05-27T01:54:56.547Z] INFO BAR_PUSH object_type=ea object_id=10869460 source_id=Ctrader bar_count=10 symbols=["EURAUD","EURCAD","EURGBP","EURJPY","EURSGD","EURUSD","GBPAUD","GBPCAD","GBPJPY"]
[2026-05-27T01:55:28.514Z] INFO BAR_PUSH object_type=ea object_id=10869460 source_id=Ctrader bar_count=10 symbols=["AUDCAD","AUDCHF","AUDJPY","AUDNZD","AUDUSD"]
[2026-05-27T01:56:00.547Z] INFO BAR_PUSH object_type=ea object_id=10869460 source_id=Ctrader bar_count=10 symbols=["AUDCAD","AUDJPY","AUDNZD","AUDUSD","BTCUSD","CADJPY","DE40"]
[2026-05-27T01:56:34.539Z] INFO BAR_PUSH object_type=ea object_id=10869460 source_id=Ctrader bar_count=10 symbols=["ADAUSD","AUDCHF","DE40","ETHUSD","EURAUD","EURCAD"]
[2026-05-27T01:57:06.546Z] INFO BAR_PUSH object_type=ea object_id=10869460 source_id=Ctrader bar_count=10 symbols=["ADAUSD","AUDCAD","AUDCHF","AUDJPY","AUDNZD","AUDUSD","BTCUSD","CADJPY","DE40","ETHUSD"]
[2026-05-27T01:57:38.539Z] INFO BAR_PUSH object_type=ea object_id=10869460 source_id=Ctrader bar_count=10 symbols=["EURAUD","EURCAD","EURGBP","EURJPY","EURSGD","EURUSD"]
[2026-05-27T01:58:10.541Z] INFO BAR_PUSH object_type=ea object_id=10869460 source_id=Ctrader bar_count=10 symbols=["AUDCAD","AUDCHF","AUDJPY","AUDNZD","AUDUSD","BTCUSD","CADJPY","DE40","ETHUSD","EURAUD"]
[2026-05-27T01:58:42.550Z] INFO BAR_PUSH object_type=ea object_id=10869460 source_id=Ctrader bar_count=10 symbols=["ADAUSD","EURCAD","EURGBP","EURJPY","EURSGD","EURUSD","GBPAUD","GBPCAD"]
[2026-05-27T01:59:14.550Z] INFO BAR_PUSH object_type=ea object_id=10869460 source_id=Ctrader bar_count=10 symbols=["ADAUSD","AUDCAD","AUDCHF","AUDJPY","AUDNZD","AUDUSD","BTCUSD","CADJPY","DE40","ETHUSD"]
[2026-05-27T01:59:48.546Z] INFO BAR_PUSH object_type=ea object_id=10869460 source_id=Ctrader bar_count=10 symbols=["EURAUD","EURCAD","EURGBP","EURJPY","EURSGD","EURUSD","GBPAUD","GBPCAD","GBPJPY"]
[2026-05-27T02:00:22.532Z] INFO BAR_PUSH object_type=ea object_id=10869460 source_id=Ctrader bar_count=10 symbols=["AUDCAD","AUDCHF","AUDJPY"]
[2026-05-27T02:00:54.523Z] INFO BAR_PUSH object_type=ea object_id=10869460 source_id=Ctrader bar_count=10 symbols=["ADAUSD","AUDJPY","AUDNZD"]
[2026-05-27T02:01:28.538Z] INFO BAR_PUSH object_type=ea object_id=10869460 source_id=Ctrader bar_count=10 symbols=["ADAUSD","AUDCAD","AUDCHF","AUDJPY","AUDNZD","AUDUSD","BTCUSD"]
[2026-05-27T02:02:02.540Z] INFO BAR_PUSH object_type=ea object_id=10869460 source_id=Ctrader bar_count=10 symbols=["AUDCAD","AUDCHF","AUDJPY","AUDNZD","AUDUSD","BTCUSD","CADJPY"]
[2026-05-27T02:02:34.525Z] INFO BAR_PUSH object_type=ea object_id=10869460 source_id=Ctrader bar_count=10 symbols=["ADAUSD","CADJPY","DE40","ETHUSD"]
[2026-05-27T02:03:08.552Z] INFO BAR_PUSH object_type=ea object_id=10869460 source_id=Ctrader bar_count=10 symbols=["ADAUSD","AUDCAD","AUDCHF","AUDJPY","AUDNZD","AUDUSD","BTCUSD","CADJPY","DE40","ETHUSD"]
[2026-05-27T02:03:40.525Z] INFO BAR_PUSH object_type=ea object_id=10869460 source_id=Ctrader bar_count=10 symbols=["ETHUSD","EURAUD","EURCAD"]
[2026-05-27T02:04:12.548Z] INFO BAR_PUSH object_type=ea object_id=10869460 source_id=Ctrader bar_count=10 symbols=["AUDCAD","AUDCHF","AUDJPY","AUDNZD","AUDUSD","BTCUSD","CADJPY","DE40","ETHUSD","EURAUD"]
[2026-05-27T02:04:46.529Z] INFO BAR_PUSH object_type=ea object_id=10869460 source_id=Ctrader bar_count=10 symbols=["ADAUSD","EURCAD","EURGBP","EURJPY"]
[2026-05-27T02:05:20.533Z] INFO BAR_PUSH object_type=ea object_id=10869460 source_id=Ctrader bar_count=10 symbols=["AUDCAD","AUDCHF","AUDJPY","AUDNZD","AUDUSD"]
[2026-05-27T02:05:52.541Z] INFO BAR_PUSH object_type=ea object_id=10869460 source_id=Ctrader bar_count=10 symbols=["ADAUSD","BTCUSD","CADJPY","DE40","ETHUSD"]
[2026-05-27T02:06:24.543Z] INFO BAR_PUSH object_type=ea object_id=10869460 source_id=Ctrader bar_count=10 symbols=["ADAUSD","AUDCAD","AUDCHF","AUDJPY","AUDNZD","AUDUSD","BTCUSD","CADJPY","DE40","ETHUSD"]
[2026-05-27T02:06:56.541Z] INFO BAR_PUSH object_type=ea object_id=10869460 source_id=Ctrader bar_count=10 symbols=["EURAUD","EURCAD","EURGBP","EURJPY","EURSGD"]
[2026-05-27T02:07:28.528Z] INFO BAR_PUSH object_type=ea object_id=10869460 source_id=Ctrader bar_count=10 symbols=["ADAUSD","AUDCAD","AUDCHF","AUDJPY","AUDNZD","AUDUSD","BTCUSD","CADJPY","DE40","ETHUSD"]
[2026-05-27T02:08:00.545Z] INFO BAR_PUSH object_type=ea object_id=10869460 source_id=Ctrader bar_count=10 symbols=["AUDCHF","AUDJPY","AUDNZD","AUDUSD","BTCUSD","CADJPY","EURAUD","EURCAD","EURGBP","EURJPY"]
[2026-05-27T02:08:32.531Z] INFO BAR_PUSH object_type=ea object_id=10869460 source_id=Ctrader bar_count=10 symbols=["ADAUSD","AUDCAD","DE40","ETHUSD","EURJPY","EURSGD","EURUSD"]
[2026-05-27T02:09:04.545Z] INFO BAR_PUSH object_type=ea object_id=10869460 source_id=Ctrader bar_count=10 symbols=["AUDCAD","AUDCHF","AUDJPY","AUDNZD","AUDUSD","BTCUSD","CADJPY","DE40","ETHUSD","EURAUD"]
[2026-05-27T02:09:36.536Z] INFO BAR_PUSH object_type=ea object_id=10869460 source_id=Ctrader bar_count=10 symbols=["EURCAD","EURGBP","EURJPY","EURSGD","EURUSD","GBPAUD"]
[2026-05-27T02:10:10.613Z] INFO BAR_PUSH object_type=ea object_id=10869460 source_id=Ctrader bar_count=10 symbols=["AUDCAD","AUDCHF","AUDJPY","AUDNZD","AUDUSD"]
[2026-05-27T02:10:42.539Z] INFO BAR_PUSH object_type=ea object_id=10869460 source_id=Ctrader bar_count=10 symbols=["ADAUSD","BTCUSD","CADJPY","DE40","ETHUSD"]
[2026-05-27T02:11:16.543Z] INFO BAR_PUSH object_type=ea object_id=10869460 source_id=Ctrader bar_count=10 symbols=["AUDCAD","AUDCHF","AUDJPY","AUDNZD","AUDUSD","BTCUSD","CADJPY","DE40","ETHUSD","EURAUD"]
[2026-05-27T02:11:48.529Z] INFO BAR_PUSH object_type=ea object_id=10869460 source_id=Ctrader bar_count=10 symbols=["ADAUSD","EURAUD","EURCAD","EURGBP","EURJPY","EURSGD"]
[2026-05-27T02:12:22.547Z] INFO BAR_PUSH object_type=ea object_id=10869460 source_id=Ctrader bar_count=10 symbols=["ADAUSD","AUDCAD","AUDCHF","AUDJPY","AUDNZD","AUDUSD","BTCUSD","CADJPY","DE40","ETHUSD"]
[2026-05-27T02:12:54.532Z] INFO BAR_PUSH object_type=ea object_id=10869460 source_id=Ctrader bar_count=10 symbols=["EURAUD","EURCAD","EURGBP","EURJPY","EURSGD","EURUSD","GBPAUD"]
[2026-05-27T02:13:28.533Z] INFO BAR_PUSH object_type=ea object_id=10869460 source_id=Ctrader bar_count=10 symbols=["ADAUSD","AUDCAD","AUDCHF","AUDJPY","AUDNZD","AUDUSD","BTCUSD","CADJPY","DE40","ETHUSD"]
[2026-05-27T02:14:02.544Z] INFO BAR_PUSH object_type=ea object_id=10869460 source_id=Ctrader bar_count=10 symbols=["AUDCAD","AUDCHF","AUDJPY","AUDNZD","AUDUSD","BTCUSD","CADJPY","ETHUSD","EURAUD","EURCAD"]
[2026-05-27T02:14:34.533Z] INFO BAR_PUSH object_type=ea object_id=10869460 source_id=Ctrader bar_count=10 symbols=["ADAUSD","DE40","EURGBP","EURJPY","EURSGD","EURUSD","GBPAUD","GBPCAD"]
[2026-05-27T02:15:06.523Z] INFO BAR_PUSH object_type=ea object_id=10869460 source_id=Ctrader bar_count=10 symbols=["AUDCAD","AUDCHF","AUDJPY","AUDNZD"]
[2026-05-27T02:15:38.521Z] INFO BAR_PUSH object_type=ea object_id=10869460 source_id=Ctrader bar_count=10 symbols=["ADAUSD","AUDNZD","AUDUSD","BTCUSD"]
[2026-05-27T02:16:10.527Z] INFO BAR_PUSH object_type=ea object_id=10869460 source_id=Ctrader bar_count=10 symbols=["AUDCAD","AUDCHF","AUDJPY","AUDNZD","AUDUSD","BTCUSD","CADJPY"]
[2026-05-27T02:16:42.528Z] INFO BAR_PUSH object_type=ea object_id=10869460 source_id=Ctrader bar_count=10 symbols=["ADAUSD","DE40","ETHUSD","EURAUD"]
[2026-05-27T02:17:14.539Z] INFO BAR_PUSH object_type=ea object_id=10869460 source_id=Ctrader bar_count=10 symbols=["ADAUSD","AUDCAD","AUDCHF","AUDJPY","AUDNZD","AUDUSD","BTCUSD","CADJPY","DE40","ETHUSD"]
[2026-05-27T02:17:46.521Z] INFO BAR_PUSH object_type=ea object_id=10869460 source_id=Ctrader bar_count=10 symbols=["EURAUD","EURCAD","EURGBP","EURJPY"]
[2026-05-27T02:18:20.626Z] INFO BAR_PUSH object_type=ea object_id=10869460 source_id=Ctrader bar_count=10 symbols=["AUDCAD","AUDCHF","AUDJPY","AUDNZD","AUDUSD","BTCUSD","CADJPY","DE40","ETHUSD","EURAUD"]
[2026-05-27T02:18:52.534Z] INFO BAR_PUSH object_type=ea object_id=10869460 source_id=Ctrader bar_count=10 symbols=["ADAUSD","EURCAD","EURGBP","EURJPY","EURSGD","EURUSD"]
[2026-05-27T02:19:24.542Z] INFO BAR_PUSH object_type=ea object_id=10869460 source_id=Ctrader bar_count=10 symbols=["ADAUSD","AUDCAD","AUDCHF","AUDJPY","AUDNZD","AUDUSD","BTCUSD","CADJPY","DE40","ETHUSD"]
[2026-05-27T02:19:56.537Z] INFO BAR_PUSH object_type=ea object_id=10869460 source_id=Ctrader bar_count=10 symbols=["EURAUD","EURCAD","EURGBP","EURJPY","EURSGD","EURUSD","GBPAUD","GBPCAD"]
[2026-05-27T02:20:30.524Z] INFO BAR_PUSH object_type=ea object_id=10869460 source_id=Ctrader bar_count=10 symbols=["ADAUSD","AUDCAD","AUDCHF","AUDJPY","AUDNZD"]
[2026-05-27T02:21:04.524Z] INFO BAR_PUSH object_type=ea object_id=10869460 source_id=Ctrader bar_count=10 symbols=["AUDCAD","AUDCHF","AUDJPY","AUDNZD","AUDUSD","BTCUSD","CADJPY"]
[2026-05-27T02:21:36.528Z] INFO BAR_PUSH object_type=ea object_id=10869460 source_id=Ctrader bar_count=10 symbols=["DE40","ETHUSD","EURAUD","EURCAD","EURGBP"]
[2026-05-27T02:22:08.537Z] INFO BAR_PUSH object_type=ea object_id=10869460 source_id=Ctrader bar_count=10 symbols=["AUDCAD","AUDCHF","AUDJPY","AUDNZD","AUDUSD","BTCUSD","CADJPY","DE40","ETHUSD","EURAUD"]
[2026-05-27T02:22:40.524Z] INFO BAR_PUSH object_type=ea object_id=10869460 source_id=Ctrader bar_count=10 symbols=["ADAUSD","EURCAD","EURGBP","EURJPY","EURSGD","EURUSD","GBPAUD"]
[2026-05-27T02:23:12.538Z] INFO BAR_PUSH object_type=ea object_id=10869460 source_id=Ctrader bar_count=10 symbols=["ADAUSD","AUDCAD","AUDCHF","AUDJPY","AUDNZD","AUDUSD","BTCUSD","CADJPY","DE40","ETHUSD"]
[2026-05-27T02:23:44.548Z] INFO BAR_PUSH object_type=ea object_id=10869460 source_id=Ctrader bar_count=10 symbols=["EURAUD","EURCAD","EURGBP","EURJPY","EURSGD","EURUSD","GBPAUD","GBPCAD"]
[2026-05-27T02:24:16.563Z] INFO BAR_PUSH object_type=ea object_id=10869460 source_id=Ctrader bar_count=10 symbols=["AUDCAD","AUDCHF","AUDJPY","AUDNZD","AUDUSD","BTCUSD","CADJPY","DE40","ETHUSD","EURAUD"]
[2026-05-27T02:24:50.559Z] INFO BAR_PUSH object_type=ea object_id=10869460 source_id=Ctrader bar_count=10 symbols=["ADAUSD","EURCAD","EURGBP","EURJPY","EURSGD","EURUSD","GBPAUD","GBPCAD"]
[2026-05-27T02:25:24.549Z] INFO BAR_PUSH object_type=ea object_id=10869460 source_id=Ctrader bar_count=10 symbols=["ADAUSD","AUDCAD","AUDCHF","AUDJPY","AUDNZD"]
[2026-05-27T02:25:56.551Z] INFO BAR_PUSH object_type=ea object_id=10869460 source_id=Ctrader bar_count=10 symbols=["AUDUSD","BTCUSD","CADJPY","DE40","ETHUSD"]
[2026-05-27T02:26:28.551Z] INFO BAR_PUSH object_type=ea object_id=10869460 source_id=Ctrader bar_count=10 symbols=["ADAUSD","AUDCAD","AUDCHF","AUDJPY","AUDNZD","AUDUSD","BTCUSD","CADJPY","DE40","ETHUSD"]
[2026-05-27T02:27:02.556Z] INFO BAR_PUSH object_type=ea object_id=10869460 source_id=Ctrader bar_count=10 symbols=["AUDCAD","AUDCHF","AUDNZD","AUDUSD","BTCUSD","DE40","EURAUD","EURCAD"]
[2026-05-27T02:27:34.554Z] INFO BAR_PUSH object_type=ea object_id=10869460 source_id=Ctrader bar_count=10 symbols=["ADAUSD","AUDJPY","CADJPY","ETHUSD","EURCAD","EURGBP","EURJPY","EURSGD"]
[2026-05-27T02:28:08.560Z] INFO BAR_PUSH object_type=ea object_id=10869460 source_id=Ctrader bar_count=10 symbols=["ADAUSD","AUDCAD","AUDCHF","AUDJPY","AUDNZD","AUDUSD","BTCUSD","CADJPY","DE40","ETHUSD"]
[2026-05-27T02:28:40.556Z] INFO BAR_PUSH object_type=ea object_id=10869460 source_id=Ctrader bar_count=10 symbols=["EURAUD","EURCAD","EURGBP","EURJPY","EURSGD","EURUSD","GBPAUD"]
[2026-05-27T02:29:14.562Z] INFO BAR_PUSH object_type=ea object_id=10869460 source_id=Ctrader bar_count=10 symbols=["AUDCAD","AUDCHF","AUDJPY","AUDNZD","AUDUSD","BTCUSD","CADJPY","DE40","ETHUSD","EURAUD"]
[2026-05-27T02:29:46.563Z] INFO BAR_PUSH object_type=ea object_id=10869460 source_id=Ctrader bar_count=10 symbols=["ADAUSD","EURCAD","EURGBP","EURJPY","EURSGD","EURUSD","GBPAUD","GBPCAD","GBPJPY"]
[2026-05-27T02:30:18.545Z] INFO BAR_PUSH object_type=ea object_id=10869460 source_id=Ctrader bar_count=10 symbols=["AUDCAD","AUDCHF","AUDJPY","AUDNZD"]
[2026-05-27T02:30:50.535Z] INFO BAR_PUSH object_type=ea object_id=10869460 source_id=Ctrader bar_count=10 symbols=["ADAUSD","AUDNZD","AUDUSD","BTCUSD"]
[2026-05-27T02:31:22.559Z] INFO BAR_PUSH object_type=ea object_id=10869460 source_id=Ctrader bar_count=10 symbols=["ADAUSD","AUDCAD","AUDCHF","AUDJPY","AUDNZD","AUDUSD","BTCUSD","CADJPY"]
[2026-05-27T02:31:56.546Z] INFO BAR_PUSH object_type=ea object_id=10869460 source_id=Ctrader bar_count=10 symbols=["CADJPY","DE40","ETHUSD","EURAUD"]
[2026-05-27T02:32:30.557Z] INFO BAR_PUSH object_type=ea object_id=10869460 source_id=Ctrader bar_count=10 symbols=["ADAUSD","AUDCAD","AUDCHF","AUDJPY","AUDNZD","AUDUSD","BTCUSD","CADJPY","DE40","ETHUSD"]
[2026-05-27T02:33:02.564Z] INFO BAR_PUSH object_type=ea object_id=10869460 source_id=Ctrader bar_count=10 symbols=["AUDCAD","AUDCHF","AUDJPY","AUDNZD","AUDUSD","BTCUSD","CADJPY","DE40","ETHUSD","EURAUD"]
[2026-05-27T02:33:36.543Z] INFO BAR_PUSH object_type=ea object_id=10869460 source_id=Ctrader bar_count=10 symbols=["EURCAD","EURGBP","EURJPY","EURSGD"]
[2026-05-27T02:34:10.554Z] INFO BAR_PUSH object_type=ea object_id=10869460 source_id=Ctrader bar_count=10 symbols=["ADAUSD","AUDCAD","AUDCHF","AUDJPY","AUDNZD","AUDUSD","BTCUSD","CADJPY","DE40","ETHUSD"]
[2026-05-27T02:34:42.553Z] INFO BAR_PUSH object_type=ea object_id=10869460 source_id=Ctrader bar_count=10 symbols=["ADAUSD","EURAUD","EURCAD","EURGBP","EURJPY","EURSGD","EURUSD"]
[2026-05-27T02:35:14.550Z] INFO BAR_PUSH object_type=ea object_id=10869460 source_id=Ctrader bar_count=10 symbols=["ADAUSD","AUDCAD","AUDCHF","AUDJPY","AUDNZD"]
[2026-05-27T02:35:46.555Z] INFO BAR_PUSH object_type=ea object_id=10869460 source_id=Ctrader bar_count=10 symbols=["AUDUSD","BTCUSD","CADJPY","DE40","ETHUSD"]
[2026-05-27T02:36:18.566Z] INFO BAR_PUSH object_type=ea object_id=10869460 source_id=Ctrader bar_count=10 symbols=["AUDCAD","AUDCHF","AUDJPY","AUDNZD","AUDUSD","BTCUSD","CADJPY","DE40","ETHUSD","EURAUD"]
[2026-05-27T02:36:50.551Z] INFO BAR_PUSH object_type=ea object_id=10869460 source_id=Ctrader bar_count=10 symbols=["ADAUSD","EURAUD","EURCAD","EURGBP","EURJPY","EURSGD"]
[2026-05-27T02:37:22.564Z] INFO BAR_PUSH object_type=ea object_id=10869460 source_id=Ctrader bar_count=10 symbols=["ADAUSD","AUDCAD","AUDCHF","AUDJPY","AUDNZD","AUDUSD","BTCUSD","CADJPY","DE40","ETHUSD"]
[2026-05-27T02:37:56.555Z] INFO BAR_PUSH object_type=ea object_id=10869460 source_id=Ctrader bar_count=10 symbols=["EURAUD","EURCAD","EURGBP","EURJPY","EURSGD","EURUSD","GBPAUD"]
[2026-05-27T02:38:28.553Z] INFO BAR_PUSH object_type=ea object_id=10869460 source_id=Ctrader bar_count=10 symbols=["AUDCAD","AUDCHF","AUDJPY","AUDNZD","AUDUSD","BTCUSD","CADJPY","DE40","ETHUSD","EURAUD"]
[2026-05-27T02:39:00.558Z] INFO BAR_PUSH object_type=ea object_id=10869460 source_id=Ctrader bar_count=10 symbols=["ADAUSD","BTCUSD","DE40","ETHUSD","EURCAD","EURGBP","EURJPY","EURSGD","EURUSD","GBPAUD"]
[2026-05-27T02:39:34.569Z] INFO BAR_PUSH object_type=ea object_id=10869460 source_id=Ctrader bar_count=10 symbols=["ADAUSD","AUDCAD","AUDCHF","AUDJPY","AUDNZD","AUDUSD","CADJPY","EURAUD","EURCAD","EURGBP"]
[2026-05-27T02:40:06.552Z] INFO BAR_PUSH object_type=ea object_id=10869460 source_id=Ctrader bar_count=10 symbols=["ADAUSD","AUDCAD","AUDCHF","AUDJPY","AUDNZD"]
[2026-05-27T02:40:40.547Z] INFO BAR_PUSH object_type=ea object_id=10869460 source_id=Ctrader bar_count=10 symbols=["AUDUSD","BTCUSD","CADJPY","DE40","ETHUSD"]
[2026-05-27T02:41:12.567Z] INFO BAR_PUSH object_type=ea object_id=10869460 source_id=Ctrader bar_count=10 symbols=["AUDCAD","AUDCHF","AUDJPY","AUDNZD","AUDUSD","BTCUSD","CADJPY","DE40","ETHUSD","EURAUD"]
[2026-05-27T02:41:46.551Z] INFO BAR_PUSH object_type=ea object_id=10869460 source_id=Ctrader bar_count=10 symbols=["ADAUSD","EURAUD","EURCAD","EURGBP","EURJPY","EURSGD"]
[2026-05-27T02:42:20.546Z] INFO BAR_PUSH object_type=ea object_id=10869460 source_id=Ctrader bar_count=10 symbols=["ADAUSD","AUDCAD","AUDCHF","AUDJPY","AUDNZD","AUDUSD","BTCUSD","CADJPY","DE40","ETHUSD"]
[2026-05-27T02:42:52.561Z] INFO BAR_PUSH object_type=ea object_id=10869460 source_id=Ctrader bar_count=10 symbols=["EURAUD","EURCAD","EURGBP","EURJPY","EURSGD","EURUSD","GBPAUD"]
[2026-05-27T02:43:24.562Z] INFO BAR_PUSH object_type=ea object_id=10869460 source_id=Ctrader bar_count=10 symbols=["AUDCAD","AUDCHF","AUDJPY","AUDNZD","AUDUSD","BTCUSD","CADJPY","DE40","ETHUSD","EURAUD"]
[2026-05-27T02:43:56.557Z] INFO BAR_PUSH object_type=ea object_id=10869460 source_id=Ctrader bar_count=10 symbols=["EURCAD","EURGBP","EURJPY","EURSGD","EURUSD","GBPAUD","GBPCAD","GBPJPY"]
[2026-05-27T02:44:30.563Z] INFO BAR_PUSH object_type=ea object_id=10869460 source_id=Ctrader bar_count=10 symbols=["ADAUSD","AUDCAD","AUDCHF","AUDJPY","AUDNZD","AUDUSD","BTCUSD","CADJPY","DE40","ETHUSD"]
[2026-05-27T02:45:02.545Z] INFO BAR_PUSH object_type=ea object_id=10869460 source_id=Ctrader bar_count=10 symbols=["AUDCAD","AUDJPY","AUDNZD","AUDUSD"]
[2026-05-27T02:45:36.536Z] INFO BAR_PUSH object_type=ea object_id=10869460 source_id=Ctrader bar_count=10 symbols=["AUDCHF","AUDUSD","BTCUSD","CADJPY"]
[2026-05-27T02:46:08.567Z] INFO BAR_PUSH object_type=ea object_id=10869460 source_id=Ctrader bar_count=10 symbols=["AUDCAD","AUDCHF","AUDJPY","AUDNZD","AUDUSD","BTCUSD","CADJPY","DE40"]
[2026-05-27T02:46:42.543Z] INFO BAR_PUSH object_type=ea object_id=10869460 source_id=Ctrader bar_count=10 symbols=["ADAUSD","DE40","ETHUSD","EURAUD"]
[2026-05-27T02:47:14.555Z] INFO BAR_PUSH object_type=ea object_id=10869460 source_id=Ctrader bar_count=10 symbols=["ADAUSD","AUDCAD","AUDCHF","AUDJPY","AUDNZD","AUDUSD","BTCUSD","CADJPY","DE40","ETHUSD"]
[2026-05-27T02:47:46.546Z] INFO BAR_PUSH object_type=ea object_id=10869460 source_id=Ctrader bar_count=10 symbols=["EURAUD","EURCAD","EURGBP","EURJPY"]
[2026-05-27T02:48:18.564Z] INFO BAR_PUSH object_type=ea object_id=10869460 source_id=Ctrader bar_count=10 symbols=["AUDCAD","AUDCHF","AUDJPY","AUDNZD","AUDUSD","BTCUSD","CADJPY","DE40","ETHUSD","EURAUD"]
[2026-05-27T02:48:50.538Z] INFO BAR_PUSH object_type=ea object_id=10869460 source_id=Ctrader bar_count=10 symbols=["ADAUSD","EURCAD","EURGBP","EURJPY","EURSGD","EURUSD"]
[2026-05-27T02:49:22.568Z] INFO BAR_PUSH object_type=ea object_id=10869460 source_id=Ctrader bar_count=10 symbols=["ADAUSD","AUDCAD","AUDCHF","AUDJPY","AUDNZD","AUDUSD","BTCUSD","CADJPY","ETHUSD","EURAUD"]
[2026-05-27T02:49:54.554Z] INFO BAR_PUSH object_type=ea object_id=10869460 source_id=Ctrader bar_count=10 symbols=["DE40","EURCAD","EURGBP","EURJPY","EURSGD","EURUSD","GBPAUD","GBPCAD"]
[2026-05-27T02:50:28.535Z] INFO BAR_PUSH object_type=ea object_id=10869460 source_id=Ctrader bar_count=10 symbols=["AUDCAD","AUDCHF","AUDJPY","AUDNZD","AUDUSD"]
[2026-05-27T02:51:00.558Z] INFO BAR_PUSH object_type=ea object_id=10869460 source_id=Ctrader bar_count=10 symbols=["ADAUSD","AUDNZD","BTCUSD","CADJPY","DE40","ETHUSD"]
[2026-05-27T02:51:32.564Z] INFO BAR_PUSH object_type=ea object_id=10869460 source_id=Ctrader bar_count=10 symbols=["ADAUSD","AUDCAD","AUDCHF","AUDJPY","AUDUSD","BTCUSD","CADJPY","DE40","ETHUSD"]
[2026-05-27T02:52:06.567Z] INFO BAR_PUSH object_type=ea object_id=10869460 source_id=Ctrader bar_count=10 symbols=["AUDCAD","AUDCHF","AUDJPY","AUDNZD","AUDUSD","BTCUSD","CADJPY","DE40","ETHUSD","EURAUD"]
[2026-05-27T02:52:40.549Z] INFO BAR_PUSH object_type=ea object_id=10869460 source_id=Ctrader bar_count=10 symbols=["ADAUSD","EURAUD","EURCAD","EURGBP","EURJPY","EURSGD"]
[2026-05-27T02:53:14.560Z] INFO BAR_PUSH object_type=ea object_id=10869460 source_id=Ctrader bar_count=10 symbols=["AUDCAD","AUDCHF","AUDJPY","AUDNZD","AUDUSD","BTCUSD","CADJPY","DE40","ETHUSD","EURAUD"]
[2026-05-27T02:53:46.552Z] INFO BAR_PUSH object_type=ea object_id=10869460 source_id=Ctrader bar_count=10 symbols=["EURCAD","EURGBP","EURJPY","EURSGD","EURUSD","GBPAUD","GBPCAD"]
[2026-05-27T02:54:18.566Z] INFO BAR_PUSH object_type=ea object_id=10869460 source_id=Ctrader bar_count=10 symbols=["AUDCAD","AUDCHF","AUDJPY","AUDNZD","AUDUSD","BTCUSD","CADJPY","DE40","ETHUSD","EURAUD"]
[2026-05-27T02:54:52.562Z] INFO BAR_PUSH object_type=ea object_id=10869460 source_id=Ctrader bar_count=10 symbols=["EURCAD","EURGBP","EURJPY","EURSGD","EURUSD","GBPAUD","GBPCAD","GBPJPY"]
[2026-05-27T02:55:24.552Z] INFO BAR_PUSH object_type=ea object_id=10869460 source_id=Ctrader bar_count=10 symbols=["ADAUSD","AUDCAD","AUDCHF","AUDJPY","AUDNZD"]
[2026-05-27T02:55:58.546Z] INFO BAR_PUSH object_type=ea object_id=10869460 source_id=Ctrader bar_count=10 symbols=["AUDUSD","BTCUSD","CADJPY","DE40","ETHUSD"]
[2026-05-27T02:56:32.565Z] INFO BAR_PUSH object_type=ea object_id=10869460 source_id=Ctrader bar_count=10 symbols=["ADAUSD","AUDCAD","AUDCHF","AUDJPY","AUDNZD","AUDUSD","BTCUSD","CADJPY","DE40","ETHUSD"]
[2026-05-27T02:57:04.565Z] INFO BAR_PUSH object_type=ea object_id=10869460 source_id=Ctrader bar_count=10 symbols=["AUDCAD","AUDCHF","AUDJPY","AUDNZD","AUDUSD","BTCUSD","CADJPY","DE40","ETHUSD","EURAUD"]
[2026-05-27T02:57:36.552Z] INFO BAR_PUSH object_type=ea object_id=10869460 source_id=Ctrader bar_count=10 symbols=["EURAUD","EURCAD","EURGBP","EURJPY","EURSGD","EURUSD"]
[2026-05-27T02:58:08.564Z] INFO BAR_PUSH object_type=ea object_id=10869460 source_id=Ctrader bar_count=10 symbols=["ADAUSD","AUDCAD","AUDCHF","AUDJPY","AUDNZD","AUDUSD","BTCUSD","CADJPY","DE40","ETHUSD"]
[2026-05-27T02:58:42.559Z] INFO BAR_PUSH object_type=ea object_id=10869460 source_id=Ctrader bar_count=10 symbols=["ADAUSD","EURAUD","EURCAD","EURGBP","EURJPY","EURSGD","EURUSD","GBPAUD"]
[2026-05-27T02:59:16.565Z] INFO BAR_PUSH object_type=ea object_id=10869460 source_id=Ctrader bar_count=10 symbols=["AUDCAD","AUDCHF","AUDJPY","AUDNZD","AUDUSD","BTCUSD","CADJPY","DE40","ETHUSD","EURAUD"]
[2026-05-27T02:59:50.565Z] INFO BAR_PUSH object_type=ea object_id=10869460 source_id=Ctrader bar_count=10 symbols=["ADAUSD","EURCAD","EURGBP","EURJPY","EURSGD","EURUSD","GBPAUD","GBPCAD","GBPJPY"]
[2026-05-27T03:00:24.545Z] INFO BAR_PUSH object_type=ea object_id=10869460 source_id=Ctrader bar_count=10 symbols=["ADAUSD","AUDCAD","AUDCHF"]
[2026-05-27T03:00:56.538Z] INFO BAR_PUSH object_type=ea object_id=10869460 source_id=Ctrader bar_count=10 symbols=["AUDCHF","AUDJPY","AUDNZD"]
[2026-05-27T03:01:30.554Z] INFO BAR_PUSH object_type=ea object_id=10869460 source_id=Ctrader bar_count=10 symbols=["AUDCAD","AUDCHF","AUDJPY","AUDNZD","AUDUSD","BTCUSD"]
[2026-05-27T03:02:02.540Z] INFO BAR_PUSH object_type=ea object_id=10869460 source_id=Ctrader bar_count=10 symbols=["ADAUSD","AUDCAD","AUDCHF","AUDJPY","AUDNZD","AUDUSD","BTCUSD","CADJPY"]
[2026-05-27T03:02:34.522Z] INFO BAR_PUSH object_type=ea object_id=10869460 source_id=Ctrader bar_count=10 symbols=["ADAUSD","CADJPY","DE40","ETHUSD"]
[2026-05-27T03:03:08.541Z] INFO BAR_PUSH object_type=ea object_id=10869460 source_id=Ctrader bar_count=10 symbols=["ADAUSD","AUDCAD","AUDCHF","AUDJPY","AUDNZD","AUDUSD","BTCUSD","CADJPY","DE40","ETHUSD"]
[2026-05-27T03:03:42.516Z] INFO BAR_PUSH object_type=ea object_id=10869460 source_id=Ctrader bar_count=10 symbols=["ETHUSD","EURAUD","EURCAD"]
[2026-05-27T03:04:14.541Z] INFO BAR_PUSH object_type=ea object_id=10869460 source_id=Ctrader bar_count=10 symbols=["AUDCAD","AUDCHF","AUDJPY","AUDNZD","AUDUSD","BTCUSD","CADJPY","DE40","ETHUSD","EURAUD"]
[2026-05-27T03:04:48.515Z] INFO BAR_PUSH object_type=ea object_id=10869460 source_id=Ctrader bar_count=10 symbols=["ADAUSD","EURCAD","EURGBP","EURJPY"]
[2026-05-27T03:05:22.524Z] INFO BAR_PUSH object_type=ea object_id=10869460 source_id=Ctrader bar_count=10 symbols=["ADAUSD","AUDCAD","AUDCHF","AUDJPY","AUDNZD"]
[2026-05-27T03:05:54.529Z] INFO BAR_PUSH object_type=ea object_id=10869460 source_id=Ctrader bar_count=10 symbols=["AUDUSD","BTCUSD","CADJPY","DE40","ETHUSD"]
[2026-05-27T03:06:26.511Z] INFO BAR_PUSH object_type=ea object_id=10869460 source_id=Ctrader bar_count=10 symbols=["ADAUSD","AUDCAD","AUDCHF","AUDJPY","AUDNZD","AUDUSD","BTCUSD","CADJPY","DE40","ETHUSD"]
[2026-05-27T03:07:00.525Z] INFO BAR_PUSH object_type=ea object_id=10869460 source_id=Ctrader bar_count=10 symbols=["AUDCAD","AUDCHF","AUDJPY","AUDNZD","AUDUSD","BTCUSD","CADJPY","ETHUSD","EURAUD"]
[2026-05-27T03:07:34.537Z] INFO BAR_PUSH object_type=ea object_id=10869460 source_id=Ctrader bar_count=10 symbols=["ADAUSD","DE40","EURAUD","EURCAD","EURGBP","EURJPY","EURSGD"]
[2026-05-27T03:08:08.538Z] INFO BAR_PUSH object_type=ea object_id=10869460 source_id=Ctrader bar_count=10 symbols=["ADAUSD","AUDCAD","AUDCHF","AUDJPY","AUDNZD","AUDUSD","BTCUSD","CADJPY","DE40","ETHUSD"]
[2026-05-27T03:08:40.524Z] INFO BAR_PUSH object_type=ea object_id=10869460 source_id=Ctrader bar_count=10 symbols=["EURAUD","EURCAD","EURGBP","EURJPY","EURSGD","EURUSD"]
[2026-05-27T03:09:12.528Z] INFO BAR_PUSH object_type=ea object_id=10869460 source_id=Ctrader bar_count=10 symbols=["AUDCAD","AUDCHF","AUDJPY","AUDNZD","AUDUSD","BTCUSD","CADJPY","DE40","ETHUSD","EURAUD"]
[2026-05-27T03:09:44.528Z] INFO BAR_PUSH object_type=ea object_id=10869460 source_id=Ctrader bar_count=10 symbols=["ADAUSD","EURCAD","EURGBP","EURJPY","EURSGD","EURUSD","GBPAUD"]
[2026-05-27T03:10:16.524Z] INFO BAR_PUSH object_type=ea object_id=10869460 source_id=Ctrader bar_count=10 symbols=["ADAUSD","AUDCAD","AUDCHF","AUDJPY","AUDNZD"]
[2026-05-27T03:10:48.525Z] INFO BAR_PUSH object_type=ea object_id=10869460 source_id=Ctrader bar_count=10 symbols=["AUDUSD","BTCUSD","CADJPY","DE40","ETHUSD"]
[2026-05-27T03:11:20.582Z] INFO BAR_PUSH object_type=ea object_id=10869460 source_id=Ctrader bar_count=10 symbols=["AUDCAD","AUDCHF","AUDJPY","AUDNZD","AUDUSD","BTCUSD","CADJPY","DE40","ETHUSD","EURAUD"]
[2026-05-27T03:11:54.523Z] INFO BAR_PUSH object_type=ea object_id=10869460 source_id=Ctrader bar_count=10 symbols=["EURAUD","EURCAD","EURGBP","EURJPY","EURSGD","EURUSD"]
[2026-05-27T03:12:28.529Z] INFO BAR_PUSH object_type=ea object_id=10869460 source_id=Ctrader bar_count=10 symbols=["AUDCAD","AUDCHF","AUDJPY","AUDNZD","AUDUSD","BTCUSD","CADJPY","DE40","ETHUSD","EURAUD"]
[2026-05-27T03:13:00.539Z] INFO BAR_PUSH object_type=ea object_id=10869460 source_id=Ctrader bar_count=10 symbols=["AUDCAD","AUDCHF","AUDJPY","AUDNZD","AUDUSD","BTCUSD","CADJPY","DE40","EURAUD","EURCAD"]
[2026-05-27T03:13:32.519Z] INFO BAR_PUSH object_type=ea object_id=10869460 source_id=Ctrader bar_count=10 symbols=["ETHUSD","EURGBP","EURJPY","EURSGD","EURUSD","GBPAUD"]
[2026-05-27T03:14:04.539Z] INFO BAR_PUSH object_type=ea object_id=10869460 source_id=Ctrader bar_count=10 symbols=["AUDCAD","AUDCHF","AUDJPY","AUDNZD","AUDUSD","BTCUSD","CADJPY","DE40","ETHUSD","EURAUD"]
[2026-05-27T03:14:38.524Z] INFO BAR_PUSH object_type=ea object_id=10869460 source_id=Ctrader bar_count=10 symbols=["EURCAD","EURGBP","EURJPY","EURSGD","EURUSD","GBPAUD","GBPCAD"]
[2026-05-27T03:15:10.512Z] INFO BAR_PUSH object_type=ea object_id=10869460 source_id=Ctrader bar_count=10 symbols=["AUDCAD","AUDCHF","AUDJPY","AUDNZD"]
[2026-05-27T03:15:42.512Z] INFO BAR_PUSH object_type=ea object_id=10869460 source_id=Ctrader bar_count=10 symbols=["ADAUSD","AUDNZD","AUDUSD","BTCUSD"]
[2026-05-27T03:16:16.526Z] INFO BAR_PUSH object_type=ea object_id=10869460 source_id=Ctrader bar_count=10 symbols=["AUDCAD","AUDCHF","AUDJPY","AUDNZD","AUDUSD","BTCUSD","CADJPY"]
[2026-05-27T03:16:48.526Z] INFO BAR_PUSH object_type=ea object_id=10869460 source_id=Ctrader bar_count=10 symbols=["ADAUSD","DE40","ETHUSD","EURAUD"]
[2026-05-27T03:17:22.533Z] INFO BAR_PUSH object_type=ea object_id=10869460 source_id=Ctrader bar_count=10 symbols=["AUDCAD","AUDCHF","AUDJPY","AUDNZD","AUDUSD","BTCUSD","CADJPY","DE40","ETHUSD","EURAUD"]
[2026-05-27T03:17:54.509Z] INFO BAR_PUSH object_type=ea object_id=10869460 source_id=Ctrader bar_count=10 symbols=["EURCAD","EURGBP","EURJPY","EURSGD"]
[2026-05-27T03:18:26.500Z] INFO BAR_PUSH object_type=ea object_id=10869460 source_id=Ctrader bar_count=10 symbols=["AUDCAD","AUDCHF","AUDJPY","AUDNZD","AUDUSD","BTCUSD","CADJPY","DE40","ETHUSD","EURAUD"]
[2026-05-27T03:18:58.518Z] INFO BAR_PUSH object_type=ea object_id=10869460 source_id=Ctrader bar_count=10 symbols=["EURCAD","EURGBP","EURJPY","EURSGD","EURUSD","GBPAUD"]
[2026-05-27T03:19:30.538Z] INFO BAR_PUSH object_type=ea object_id=10869460 source_id=Ctrader bar_count=10 symbols=["AUDCAD","AUDCHF","AUDJPY","AUDNZD","AUDUSD","BTCUSD","CADJPY","DE40","ETHUSD","EURAUD"]
[2026-05-27T03:20:02.519Z] INFO BAR_PUSH object_type=ea object_id=10869460 source_id=Ctrader bar_count=10 symbols=["ADAUSD","AUDCAD","AUDCHF","AUDJPY","AUDNZD"]
[2026-05-27T03:20:36.509Z] INFO BAR_PUSH object_type=ea object_id=10869460 source_id=Ctrader bar_count=10 symbols=["AUDUSD","BTCUSD","CADJPY","DE40","ETHUSD"]
[2026-05-27T03:21:08.533Z] INFO BAR_PUSH object_type=ea object_id=10869460 source_id=Ctrader bar_count=10 symbols=["ADAUSD","AUDCAD","AUDCHF","AUDJPY","AUDNZD","AUDUSD","BTCUSD","CADJPY","DE40","ETHUSD"]
[2026-05-27T03:21:40.513Z] INFO BAR_PUSH object_type=ea object_id=10869460 source_id=Ctrader bar_count=10 symbols=["EURAUD","EURCAD","EURGBP","EURJPY","EURSGD"]
[2026-05-27T03:22:12.532Z] INFO BAR_PUSH object_type=ea object_id=10869460 source_id=Ctrader bar_count=10 symbols=["AUDCAD","AUDCHF","AUDJPY","AUDNZD","AUDUSD","BTCUSD","CADJPY","DE40","ETHUSD","EURAUD"]
[2026-05-27T03:22:44.518Z] INFO BAR_PUSH object_type=ea object_id=10869460 source_id=Ctrader bar_count=10 symbols=["EURCAD","EURGBP","EURJPY","EURSGD","EURUSD","GBPAUD","GBPCAD"]
[2026-05-27T03:23:18.525Z] INFO BAR_PUSH object_type=ea object_id=10869460 source_id=Ctrader bar_count=10 symbols=["AUDCAD","AUDCHF","AUDJPY","AUDNZD","AUDUSD","BTCUSD","CADJPY","DE40","ETHUSD","EURAUD"]
[2026-05-27T03:23:50.519Z] INFO BAR_PUSH object_type=ea object_id=10869460 source_id=Ctrader bar_count=10 symbols=["ADAUSD","EURCAD","EURGBP","EURJPY","EURSGD","EURUSD","GBPAUD","GBPCAD"]
[2026-05-27T03:24:22.530Z] INFO BAR_PUSH object_type=ea object_id=10869460 source_id=Ctrader bar_count=10 symbols=["AUDCAD","AUDCHF","AUDJPY","AUDNZD","AUDUSD","BTCUSD","CADJPY","DE40","ETHUSD","EURAUD"]
[2026-05-27T03:24:54.525Z] INFO BAR_PUSH object_type=ea object_id=10869460 source_id=Ctrader bar_count=10 symbols=["ADAUSD","EURCAD","EURGBP","EURJPY","EURSGD","EURUSD","GBPAUD","GBPCAD","GBPJPY"]
[2026-05-27T03:25:26.486Z] INFO BAR_PUSH object_type=ea object_id=10869460 source_id=Ctrader bar_count=10 symbols=["ADAUSD","AUDCAD","AUDCHF","AUDJPY","AUDNZD"]
[2026-05-27T03:26:00.515Z] INFO BAR_PUSH object_type=ea object_id=10869460 source_id=Ctrader bar_count=10 symbols=["AUDJPY","AUDNZD","AUDUSD","BTCUSD","CADJPY","DE40"]
[2026-05-27T03:26:32.518Z] INFO BAR_PUSH object_type=ea object_id=10869460 source_id=Ctrader bar_count=10 symbols=["AUDCAD","AUDCHF","AUDUSD","DE40","ETHUSD","EURAUD","EURCAD"]
[2026-05-27T03:27:04.528Z] INFO BAR_PUSH object_type=ea object_id=10869460 source_id=Ctrader bar_count=10 symbols=["ADAUSD","AUDCAD","AUDCHF","AUDJPY","AUDNZD","AUDUSD","BTCUSD","CADJPY","DE40","ETHUSD"]
[2026-05-27T03:27:36.518Z] INFO BAR_PUSH object_type=ea object_id=10869460 source_id=Ctrader bar_count=10 symbols=["EURAUD","EURCAD","EURGBP","EURJPY","EURSGD","EURUSD"]
[2026-05-27T03:28:08.531Z] INFO BAR_PUSH object_type=ea object_id=10869460 source_id=Ctrader bar_count=10 symbols=["ADAUSD","AUDCAD","AUDCHF","AUDJPY","AUDNZD","AUDUSD","BTCUSD","CADJPY","DE40","ETHUSD"]
[2026-05-27T03:28:40.565Z] INFO BAR_PUSH object_type=ea object_id=10869460 source_id=Ctrader bar_count=10 symbols=["EURAUD","EURCAD","EURGBP","EURJPY","EURSGD","EURUSD","GBPAUD","GBPCAD"]
[2026-05-27T03:29:12.517Z] INFO BAR_PUSH object_type=ea object_id=10869460 source_id=Ctrader bar_count=10 symbols=["AUDCAD","AUDCHF","AUDJPY","AUDNZD","AUDUSD","BTCUSD","CADJPY","DE40","ETHUSD","EURAUD"]
[2026-05-27T03:29:44.528Z] INFO BAR_PUSH object_type=ea object_id=10869460 source_id=Ctrader bar_count=10 symbols=["EURCAD","EURGBP","EURJPY","EURSGD","EURUSD","GBPAUD","GBPCAD","GBPJPY"]
[2026-05-27T03:30:16.511Z] INFO BAR_PUSH object_type=ea object_id=10869460 source_id=Ctrader bar_count=10 symbols=["ADAUSD","AUDCAD","AUDCHF","AUDJPY"]
[2026-05-27T03:30:50.508Z] INFO BAR_PUSH object_type=ea object_id=10869460 source_id=Ctrader bar_count=10 symbols=["AUDJPY","AUDNZD","AUDUSD","BTCUSD"]
[2026-05-27T03:31:22.518Z] INFO BAR_PUSH object_type=ea object_id=10869460 source_id=Ctrader bar_count=10 symbols=["ADAUSD","AUDCAD","AUDCHF","AUDJPY","AUDNZD","AUDUSD","BTCUSD","CADJPY"]
[2026-05-27T03:31:54.512Z] INFO BAR_PUSH object_type=ea object_id=10869460 source_id=Ctrader bar_count=10 symbols=["CADJPY","DE40","ETHUSD","EURAUD"]
[2026-05-27T03:32:26.495Z] INFO BAR_PUSH object_type=ea object_id=10869460 source_id=Ctrader bar_count=10 symbols=["AUDCAD","AUDCHF","AUDJPY","AUDNZD","AUDUSD","BTCUSD","CADJPY","DE40","ETHUSD","EURAUD"]
[2026-05-27T03:32:58.515Z] INFO BAR_PUSH object_type=ea object_id=10869460 source_id=Ctrader bar_count=10 symbols=["EURCAD","EURGBP","EURJPY","EURSGD"]
[2026-05-27T03:33:30.520Z] INFO BAR_PUSH object_type=ea object_id=10869460 source_id=Ctrader bar_count=10 symbols=["ADAUSD","AUDCAD","AUDCHF","AUDJPY","AUDNZD","AUDUSD","BTCUSD","CADJPY","DE40","ETHUSD"]
[2026-05-27T03:34:02.518Z] INFO BAR_PUSH object_type=ea object_id=10869460 source_id=Ctrader bar_count=10 symbols=["AUDCAD","AUDCHF","AUDJPY","AUDNZD","AUDUSD","BTCUSD","CADJPY","DE40","ETHUSD","EURAUD"]
[2026-05-27T03:34:34.510Z] INFO BAR_PUSH object_type=ea object_id=10869460 source_id=Ctrader bar_count=10 symbols=["EURCAD","EURGBP","EURJPY","EURSGD","EURUSD","GBPAUD"]
[2026-05-27T03:35:08.514Z] INFO BAR_PUSH object_type=ea object_id=10869460 source_id=Ctrader bar_count=10 symbols=["ADAUSD","AUDCAD","AUDCHF","AUDJPY","AUDNZD"]
[2026-05-27T03:35:40.505Z] INFO BAR_PUSH object_type=ea object_id=10869460 source_id=Ctrader bar_count=10 symbols=["AUDUSD","BTCUSD","CADJPY","DE40","ETHUSD"]
[2026-05-27T03:36:12.515Z] INFO BAR_PUSH object_type=ea object_id=10869460 source_id=Ctrader bar_count=10 symbols=["AUDCAD","AUDCHF","AUDJPY","AUDNZD","AUDUSD","BTCUSD","CADJPY","DE40","ETHUSD","EURAUD"]
[2026-05-27T03:36:44.514Z] INFO BAR_PUSH object_type=ea object_id=10869460 source_id=Ctrader bar_count=10 symbols=["ADAUSD","EURAUD","EURCAD","EURGBP","EURJPY","EURSGD"]
[2026-05-27T03:37:16.523Z] INFO BAR_PUSH object_type=ea object_id=10869460 source_id=Ctrader bar_count=10 symbols=["AUDCAD","AUDCHF","AUDJPY","AUDNZD","AUDUSD","BTCUSD","CADJPY","DE40","ETHUSD","EURAUD"]
[2026-05-27T03:37:50.501Z] INFO BAR_PUSH object_type=ea object_id=10869460 source_id=Ctrader bar_count=10 symbols=["ADAUSD","EURCAD","EURGBP","EURJPY","EURSGD","EURUSD","GBPAUD"]
[2026-05-27T03:38:22.529Z] INFO BAR_PUSH object_type=ea object_id=10869460 source_id=Ctrader bar_count=10 symbols=["AUDCAD","AUDCHF","AUDJPY","AUDNZD","AUDUSD","BTCUSD","CADJPY","DE40","ETHUSD","EURAUD"]
[2026-05-27T03:38:54.513Z] INFO BAR_PUSH object_type=ea object_id=10869460 source_id=Ctrader bar_count=10 symbols=["ADAUSD","EURCAD","EURGBP","EURJPY","EURSGD","EURUSD","GBPAUD","GBPCAD"]
[2026-05-27T03:39:26.489Z] INFO BAR_PUSH object_type=ea object_id=10869460 source_id=Ctrader bar_count=10 symbols=["ADAUSD","AUDCAD","AUDCHF","AUDJPY","AUDNZD","AUDUSD","BTCUSD","CADJPY","DE40","ETHUSD"]
[2026-05-27T03:39:58.514Z] INFO BAR_PUSH object_type=ea object_id=10869460 source_id=Ctrader bar_count=10 symbols=["EURAUD","EURCAD","EURGBP","EURJPY","EURSGD","EURUSD","GBPAUD","GBPCAD","GBPJPY"]
[2026-05-27T03:40:32.506Z] INFO BAR_PUSH object_type=ea object_id=10869460 source_id=Ctrader bar_count=10 symbols=["ADAUSD","AUDCAD","AUDCHF","AUDJPY","AUDNZD"]
[2026-05-27T03:41:06.533Z] INFO BAR_PUSH object_type=ea object_id=10869460 source_id=Ctrader bar_count=10 symbols=["ADAUSD","AUDCAD","AUDCHF","AUDJPY","AUDNZD","AUDUSD","BTCUSD","CADJPY"]
[2026-05-27T03:41:38.517Z] INFO BAR_PUSH object_type=ea object_id=10869460 source_id=Ctrader bar_count=10 symbols=["CADJPY","DE40","ETHUSD","EURAUD","EURCAD","EURGBP"]
[2026-05-27T03:42:10.530Z] INFO BAR_PUSH object_type=ea object_id=10869460 source_id=Ctrader bar_count=10 symbols=["AUDCAD","AUDCHF","AUDJPY","AUDNZD","AUDUSD","BTCUSD","CADJPY","DE40","ETHUSD","EURAUD"]
[2026-05-27T03:42:44.521Z] INFO BAR_PUSH object_type=ea object_id=10869460 source_id=Ctrader bar_count=10 symbols=["ADAUSD","EURCAD","EURGBP","EURJPY","EURSGD","EURUSD"]
[2026-05-27T03:43:16.533Z] INFO BAR_PUSH object_type=ea object_id=10869460 source_id=Ctrader bar_count=10 symbols=["AUDCAD","AUDCHF","AUDJPY","AUDNZD","AUDUSD","BTCUSD","CADJPY","DE40","ETHUSD","EURAUD"]
[2026-05-27T03:43:48.520Z] INFO BAR_PUSH object_type=ea object_id=10869460 source_id=Ctrader bar_count=10 symbols=["ADAUSD","EURCAD","EURGBP","EURJPY","EURSGD","EURUSD","GBPAUD","GBPCAD"]
[2026-05-27T03:44:20.532Z] INFO BAR_PUSH object_type=ea object_id=10869460 source_id=Ctrader bar_count=10 symbols=["AUDCAD","AUDCHF","AUDJPY","AUDNZD","AUDUSD","BTCUSD","CADJPY","DE40","ETHUSD","EURAUD"]
[2026-05-27T03:44:54.522Z] INFO BAR_PUSH object_type=ea object_id=10869460 source_id=Ctrader bar_count=10 symbols=["EURCAD","EURGBP","EURJPY","EURSGD","EURUSD","GBPAUD","GBPCAD","GBPJPY"]
[2026-05-27T03:45:28.508Z] INFO BAR_PUSH object_type=ea object_id=10869460 source_id=Ctrader bar_count=10 symbols=["ADAUSD","AUDCAD","AUDCHF","AUDJPY"]
[2026-05-27T03:46:02.506Z] INFO BAR_PUSH object_type=ea object_id=10869460 source_id=Ctrader bar_count=10 symbols=["AUDJPY","AUDNZD","AUDUSD","BTCUSD"]
[2026-05-27T03:46:34.528Z] INFO BAR_PUSH object_type=ea object_id=10869460 source_id=Ctrader bar_count=10 symbols=["ADAUSD","AUDCAD","AUDCHF","AUDNZD","AUDUSD","BTCUSD","CADJPY"]
[2026-05-27T03:47:06.531Z] INFO BAR_PUSH object_type=ea object_id=10869460 source_id=Ctrader bar_count=10 symbols=["ADAUSD","AUDCAD","AUDCHF","AUDJPY","AUDNZD","AUDUSD","BTCUSD","CADJPY","DE40"]
[2026-05-27T03:47:38.512Z] INFO BAR_PUSH object_type=ea object_id=10869460 source_id=Ctrader bar_count=10 symbols=["DE40","ETHUSD","EURAUD","EURCAD"]
[2026-05-27T03:48:10.533Z] INFO BAR_PUSH object_type=ea object_id=10869460 source_id=Ctrader bar_count=10 symbols=["AUDCAD","AUDCHF","AUDJPY","AUDNZD","AUDUSD","BTCUSD","CADJPY","DE40","ETHUSD","EURAUD"]
[2026-05-27T03:48:42.510Z] INFO BAR_PUSH object_type=ea object_id=10869460 source_id=Ctrader bar_count=10 symbols=["ADAUSD","EURCAD","EURGBP","EURJPY","EURSGD"]
[2026-05-27T03:49:14.523Z] INFO BAR_PUSH object_type=ea object_id=10869460 source_id=Ctrader bar_count=10 symbols=["ADAUSD","AUDCAD","AUDCHF","AUDJPY","AUDNZD","AUDUSD","BTCUSD","CADJPY","DE40","ETHUSD"]
[2026-05-27T03:49:46.519Z] INFO BAR_PUSH object_type=ea object_id=10869460 source_id=Ctrader bar_count=10 symbols=["EURAUD","EURCAD","EURGBP","EURJPY","EURSGD","EURUSD"]
[2026-05-27T03:50:20.520Z] INFO BAR_PUSH object_type=ea object_id=10869460 source_id=Ctrader bar_count=10 symbols=["ADAUSD","AUDCAD","AUDCHF","AUDJPY","AUDNZD"]
[2026-05-27T03:50:54.515Z] INFO BAR_PUSH object_type=ea object_id=10869460 source_id=Ctrader bar_count=10 symbols=["AUDUSD","BTCUSD","CADJPY","DE40","ETHUSD"]
[2026-05-27T03:51:28.594Z] INFO BAR_PUSH object_type=ea object_id=10869460 source_id=Ctrader bar_count=10 symbols=["ADAUSD","AUDCAD","AUDCHF","AUDJPY","AUDNZD","AUDUSD","BTCUSD","CADJPY","DE40","ETHUSD"]
[2026-05-27T03:52:02.535Z] INFO BAR_PUSH object_type=ea object_id=10869460 source_id=Ctrader bar_count=10 symbols=["AUDCAD","AUDCHF","AUDJPY","AUDNZD","AUDUSD","BTCUSD","CADJPY","DE40","ETHUSD","EURAUD"]
[2026-05-27T03:52:36.514Z] INFO BAR_PUSH object_type=ea object_id=10869460 source_id=Ctrader bar_count=10 symbols=["EURAUD","EURCAD","EURGBP","EURJPY","EURSGD","EURUSD"]
[2026-05-27T03:53:08.531Z] INFO BAR_PUSH object_type=ea object_id=10869460 source_id=Ctrader bar_count=10 symbols=["AUDCAD","AUDCHF","AUDJPY","AUDNZD","AUDUSD","BTCUSD","CADJPY","DE40","ETHUSD","EURAUD"]
[2026-05-27T03:53:42.527Z] INFO BAR_PUSH object_type=ea object_id=10869460 source_id=Ctrader bar_count=10 symbols=["ADAUSD","EURCAD","EURGBP","EURJPY","EURSGD","EURUSD","GBPAUD"]
[2026-05-27T03:54:14.532Z] INFO BAR_PUSH object_type=ea object_id=10869460 source_id=Ctrader bar_count=10 symbols=["AUDCHF","AUDJPY","AUDNZD","BTCUSD","CADJPY","DE40","ETHUSD","EURAUD","EURCAD","EURGBP"]
[2026-05-27T03:54:46.512Z] INFO BAR_PUSH object_type=ea object_id=10869460 source_id=Ctrader bar_count=10 symbols=["AUDCAD","AUDUSD","EURJPY","EURSGD","EURUSD","GBPAUD","GBPCAD","GBPJPY"]
[2026-05-27T03:55:20.510Z] INFO BAR_PUSH object_type=ea object_id=10869460 source_id=Ctrader bar_count=10 symbols=["ADAUSD","AUDCAD","AUDCHF","AUDJPY","AUDNZD"]
[2026-05-27T03:55:54.516Z] INFO BAR_PUSH object_type=ea object_id=10869460 source_id=Ctrader bar_count=10 symbols=["AUDUSD","BTCUSD","CADJPY","DE40","ETHUSD"]
[2026-05-27T03:56:26.499Z] INFO BAR_PUSH object_type=ea object_id=10869460 source_id=Ctrader bar_count=10 symbols=["ADAUSD","AUDCAD","AUDCHF","AUDJPY","AUDNZD","AUDUSD","BTCUSD","CADJPY","ETHUSD","EURAUD"]
[2026-05-27T03:56:58.513Z] INFO BAR_PUSH object_type=ea object_id=10869460 source_id=Ctrader bar_count=10 symbols=["DE40","EURAUD","EURCAD","EURGBP","EURJPY","EURSGD"]
[2026-05-27T03:57:32.530Z] INFO BAR_PUSH object_type=ea object_id=10869460 source_id=Ctrader bar_count=10 symbols=["ADAUSD","AUDCAD","AUDCHF","AUDJPY","AUDNZD","AUDUSD","BTCUSD","CADJPY","DE40","ETHUSD"]
[2026-05-27T03:58:04.532Z] INFO BAR_PUSH object_type=ea object_id=10869460 source_id=Ctrader bar_count=10 symbols=["AUDCAD","AUDCHF","AUDJPY","AUDNZD","AUDUSD","BTCUSD","CADJPY","DE40","EURAUD","EURCAD"]
[2026-05-27T03:58:36.525Z] INFO BAR_PUSH object_type=ea object_id=10869460 source_id=Ctrader bar_count=10 symbols=["ADAUSD","ETHUSD","EURGBP","EURJPY","EURSGD","EURUSD","GBPAUD","GBPCAD"]
[2026-05-27T03:59:08.537Z] INFO BAR_PUSH object_type=ea object_id=10869460 source_id=Ctrader bar_count=10 symbols=["ADAUSD","AUDCAD","AUDCHF","AUDJPY","AUDNZD","AUDUSD","BTCUSD","CADJPY","DE40","ETHUSD"]
[2026-05-27T03:59:40.524Z] INFO BAR_PUSH object_type=ea object_id=10869460 source_id=Ctrader bar_count=10 symbols=["EURAUD","EURCAD","EURGBP","EURJPY","EURSGD","EURUSD","GBPAUD","GBPCAD","GBPJPY"]
[2026-05-27T04:00:12.503Z] INFO BAR_PUSH object_type=ea object_id=10869460 source_id=Ctrader bar_count=10 symbols=["ADAUSD","AUDCAD","AUDCHF"]
[2026-05-27T04:00:44.503Z] INFO BAR_PUSH object_type=ea object_id=10869460 source_id=Ctrader bar_count=10 symbols=["AUDCHF","AUDJPY","AUDNZD"]
[2026-05-27T04:01:18.521Z] INFO BAR_PUSH object_type=ea object_id=10869460 source_id=Ctrader bar_count=10 symbols=["AUDCAD","AUDCHF","AUDJPY","AUDNZD","AUDUSD","BTCUSD"]
[2026-05-27T04:01:52.503Z] INFO BAR_PUSH object_type=ea object_id=10869460 source_id=Ctrader bar_count=10 symbols=["ADAUSD","BTCUSD","CADJPY","DE40"]
[2026-05-27T04:02:26.505Z] INFO BAR_PUSH object_type=ea object_id=10869460 source_id=Ctrader bar_count=10 symbols=["AUDCAD","AUDCHF","AUDJPY","AUDNZD","AUDUSD","BTCUSD","CADJPY","DE40","ETHUSD"]
[2026-05-27T04:03:00.521Z] INFO BAR_PUSH object_type=ea object_id=10869460 source_id=Ctrader bar_count=10 symbols=["ADAUSD","AUDJPY","BTCUSD","CADJPY","ETHUSD","EURAUD"]
[2026-05-27T04:03:34.525Z] INFO BAR_PUSH object_type=ea object_id=10869460 source_id=Ctrader bar_count=10 symbols=["ADAUSD","AUDCAD","AUDCHF","AUDNZD","AUDUSD","DE40","EURAUD","EURCAD"]
[2026-05-27T04:04:08.534Z] INFO BAR_PUSH object_type=ea object_id=10869460 source_id=Ctrader bar_count=10 symbols=["AUDCAD","AUDCHF","AUDJPY","AUDNZD","AUDUSD","BTCUSD","CADJPY","DE40","ETHUSD","EURAUD"]
[2026-05-27T04:04:40.509Z] INFO BAR_PUSH object_type=ea object_id=10869460 source_id=Ctrader bar_count=10 symbols=["EURCAD","EURGBP","EURJPY"]
[2026-05-27T04:05:12.516Z] INFO BAR_PUSH object_type=ea object_id=10869460 source_id=Ctrader bar_count=10 symbols=["ADAUSD","AUDCAD","AUDCHF","AUDJPY","AUDNZD"]
[2026-05-27T04:05:44.512Z] INFO BAR_PUSH object_type=ea object_id=10869460 source_id=Ctrader bar_count=10 symbols=["AUDUSD","BTCUSD","CADJPY","DE40","ETHUSD"]
[2026-05-27T04:06:18.537Z] INFO BAR_PUSH object_type=ea object_id=10869460 source_id=Ctrader bar_count=10 symbols=["AUDCAD","AUDCHF","AUDJPY","AUDNZD","AUDUSD","BTCUSD","CADJPY","DE40","ETHUSD","EURAUD"]
[2026-05-27T04:06:52.511Z] INFO BAR_PUSH object_type=ea object_id=10869460 source_id=Ctrader bar_count=10 symbols=["ADAUSD","EURAUD","EURCAD","EURGBP","EURJPY"]
[2026-05-27T04:07:24.538Z] INFO BAR_PUSH object_type=ea object_id=10869460 source_id=Ctrader bar_count=10 symbols=["ADAUSD","AUDCAD","AUDCHF","AUDJPY","AUDNZD","AUDUSD","BTCUSD","CADJPY","DE40","ETHUSD"]
[2026-05-27T04:07:56.512Z] INFO BAR_PUSH object_type=ea object_id=10869460 source_id=Ctrader bar_count=10 symbols=["EURAUD","EURCAD","EURGBP","EURJPY","EURSGD","EURUSD"]
[2026-05-27T04:08:28.518Z] INFO BAR_PUSH object_type=ea object_id=10869460 source_id=Ctrader bar_count=10 symbols=["ADAUSD","AUDCAD","AUDCHF","AUDJPY","AUDNZD","AUDUSD","BTCUSD","CADJPY","DE40","ETHUSD"]
[2026-05-27T04:09:00.521Z] INFO BAR_PUSH object_type=ea object_id=10869460 source_id=Ctrader bar_count=10 symbols=["AUDNZD","EURAUD","EURCAD","EURGBP","EURJPY","EURSGD","EURUSD","GBPAUD"]
[2026-05-27T04:09:32.526Z] INFO BAR_PUSH object_type=ea object_id=10869460 source_id=Ctrader bar_count=10 symbols=["AUDCAD","AUDCHF","AUDJPY","AUDUSD","BTCUSD","CADJPY","DE40","ETHUSD","EURAUD","EURCAD"]
[2026-05-27T04:10:04.520Z] INFO BAR_PUSH object_type=ea object_id=10869460 source_id=Ctrader bar_count=10 symbols=["AUDCAD","AUDCHF","AUDJPY","AUDNZD","AUDUSD"]
[2026-05-27T04:10:38.517Z] INFO BAR_PUSH object_type=ea object_id=10869460 source_id=Ctrader bar_count=10 symbols=["BTCUSD","CADJPY","DE40","ETHUSD","EURAUD"]
[2026-05-27T04:11:12.519Z] INFO BAR_PUSH object_type=ea object_id=10869460 source_id=Ctrader bar_count=10 symbols=["ADAUSD","AUDCAD","AUDCHF","AUDJPY","AUDNZD","AUDUSD","BTCUSD","CADJPY","DE40"]
[2026-05-27T04:11:44.523Z] INFO BAR_PUSH object_type=ea object_id=10869460 source_id=Ctrader bar_count=10 symbols=["ETHUSD","EURAUD","EURCAD","EURGBP","EURJPY","EURSGD"]
[2026-05-27T04:12:16.525Z] INFO BAR_PUSH object_type=ea object_id=10869460 source_id=Ctrader bar_count=10 symbols=["ADAUSD","AUDCAD","AUDCHF","AUDJPY","AUDNZD","AUDUSD","BTCUSD","CADJPY","DE40","ETHUSD"]
[2026-05-27T04:12:50.500Z] INFO BAR_PUSH object_type=ea object_id=10869460 source_id=Ctrader bar_count=10 symbols=["EURAUD","EURCAD","EURGBP","EURJPY","EURSGD","EURUSD","GBPAUD"]
[2026-05-27T04:13:22.535Z] INFO BAR_PUSH object_type=ea object_id=10869460 source_id=Ctrader bar_count=10 symbols=["ADAUSD","AUDCAD","AUDCHF","AUDJPY","AUDNZD","AUDUSD","BTCUSD","CADJPY","DE40","ETHUSD"]
[2026-05-27T04:13:54.613Z] INFO BAR_PUSH object_type=ea object_id=10869460 source_id=Ctrader bar_count=10 symbols=["EURAUD","EURCAD","EURGBP","EURJPY","EURSGD","EURUSD","GBPAUD","GBPCAD"]
[2026-05-27T04:14:26.493Z] INFO BAR_PUSH object_type=ea object_id=10869460 source_id=Ctrader bar_count=10 symbols=["AUDCAD","AUDCHF","AUDJPY","AUDNZD","AUDUSD","BTCUSD","CADJPY","DE40","ETHUSD","EURAUD"]
[2026-05-27T04:14:58.519Z] INFO BAR_PUSH object_type=ea object_id=10869460 source_id=Ctrader bar_count=10 symbols=["ADAUSD","EURCAD","EURGBP","EURJPY","EURSGD","EURUSD","GBPAUD","GBPCAD"]
[2026-05-27T04:15:32.500Z] INFO BAR_PUSH object_type=ea object_id=10869460 source_id=Ctrader bar_count=10 symbols=["ADAUSD","AUDCAD","AUDCHF","AUDJPY"]
[2026-05-27T04:16:04.516Z] INFO BAR_PUSH object_type=ea object_id=10869460 source_id=Ctrader bar_count=10 symbols=["AUDCAD","AUDCHF","AUDJPY","AUDNZD","AUDUSD"]
[2026-05-27T04:16:36.510Z] INFO BAR_PUSH object_type=ea object_id=10869460 source_id=Ctrader bar_count=10 symbols=["ADAUSD","AUDUSD","BTCUSD","CADJPY","DE40"]
[2026-05-27T04:17:08.511Z] INFO BAR_PUSH object_type=ea object_id=10869460 source_id=Ctrader bar_count=10 symbols=["ADAUSD","AUDCAD","AUDCHF","AUDJPY","AUDNZD","AUDUSD","BTCUSD","CADJPY","DE40","ETHUSD"]
[2026-05-27T04:17:40.517Z] INFO BAR_PUSH object_type=ea object_id=10869460 source_id=Ctrader bar_count=10 symbols=["DE40","ETHUSD","EURAUD","EURCAD","EURGBP"]
[2026-05-27T04:18:12.514Z] INFO BAR_PUSH object_type=ea object_id=10869460 source_id=Ctrader bar_count=10 symbols=["ADAUSD","AUDCAD","AUDCHF","AUDJPY","AUDNZD","AUDUSD","BTCUSD","CADJPY","DE40","ETHUSD"]
[2026-05-27T04:18:44.517Z] INFO BAR_PUSH object_type=ea object_id=10869460 source_id=Ctrader bar_count=10 symbols=["EURAUD","EURCAD","EURGBP","EURJPY","EURSGD"]
[2026-05-27T04:19:16.528Z] INFO BAR_PUSH object_type=ea object_id=10869460 source_id=Ctrader bar_count=10 symbols=["ADAUSD","AUDCAD","AUDCHF","AUDJPY","AUDNZD","AUDUSD","BTCUSD","CADJPY","DE40","ETHUSD"]
[2026-05-27T04:19:48.514Z] INFO BAR_PUSH object_type=ea object_id=10869460 source_id=Ctrader bar_count=10 symbols=["EURAUD","EURCAD","EURGBP","EURJPY","EURSGD","EURUSD","GBPAUD"]
[2026-05-27T04:20:20.509Z] INFO BAR_PUSH object_type=ea object_id=10869460 source_id=Ctrader bar_count=10 symbols=["ADAUSD","AUDCAD","AUDCHF","AUDJPY","AUDNZD"]
[2026-05-27T04:20:52.522Z] INFO BAR_PUSH object_type=ea object_id=10869460 source_id=Ctrader bar_count=10 symbols=["AUDUSD","BTCUSD","CADJPY","DE40","ETHUSD"]
[2026-05-27T04:21:24.529Z] INFO BAR_PUSH object_type=ea object_id=10869460 source_id=Ctrader bar_count=10 symbols=["ADAUSD","AUDCAD","AUDCHF","AUDJPY","AUDNZD","AUDUSD","BTCUSD","CADJPY","DE40","ETHUSD"]
[2026-05-27T04:21:56.518Z] INFO BAR_PUSH object_type=ea object_id=10869460 source_id=Ctrader bar_count=10 symbols=["EURAUD","EURCAD","EURGBP","EURJPY","EURSGD"]
[2026-05-27T04:22:28.522Z] INFO BAR_PUSH object_type=ea object_id=10869460 source_id=Ctrader bar_count=10 symbols=["ADAUSD","AUDCAD","AUDCHF","AUDJPY","AUDNZD","AUDUSD","BTCUSD","CADJPY","DE40","ETHUSD"]
[2026-05-27T04:23:00.526Z] INFO BAR_PUSH object_type=ea object_id=10869460 source_id=Ctrader bar_count=10 symbols=["AUDCHF","AUDJPY","DE40","EURAUD","EURCAD","EURGBP","EURJPY","EURSGD","EURUSD"]
[2026-05-27T04:23:32.528Z] INFO BAR_PUSH object_type=ea object_id=10869460 source_id=Ctrader bar_count=10 symbols=["ADAUSD","AUDCAD","AUDNZD","AUDUSD","BTCUSD","CADJPY","ETHUSD","EURAUD","EURCAD","EURGBP"]
[2026-05-27T04:24:04.523Z] INFO BAR_PUSH object_type=ea object_id=10869460 source_id=Ctrader bar_count=10 symbols=["AUDCAD","AUDCHF","AUDNZD","BTCUSD","CADJPY","DE40","ETHUSD","EURAUD","EURCAD","EURJPY"]
[2026-05-27T04:24:36.520Z] INFO BAR_PUSH object_type=ea object_id=10869460 source_id=Ctrader bar_count=10 symbols=["ADAUSD","AUDJPY","AUDUSD","EURGBP","EURSGD","EURUSD","GBPAUD","GBPCAD"]
[2026-05-27T04:25:10.515Z] INFO BAR_PUSH object_type=ea object_id=10869460 source_id=Ctrader bar_count=10 symbols=["AUDCAD","AUDCHF","AUDJPY","AUDNZD","AUDUSD"]
[2026-05-27T04:25:42.516Z] INFO BAR_PUSH object_type=ea object_id=10869460 source_id=Ctrader bar_count=10 symbols=["ADAUSD","BTCUSD","CADJPY","DE40","ETHUSD"]
[2026-05-27T04:26:16.522Z] INFO BAR_PUSH object_type=ea object_id=10869460 source_id=Ctrader bar_count=10 symbols=["AUDCAD","AUDCHF","AUDJPY","AUDNZD","AUDUSD","BTCUSD","CADJPY","DE40","ETHUSD","EURAUD"]
[2026-05-27T04:26:50.507Z] INFO BAR_PUSH object_type=ea object_id=10869460 source_id=Ctrader bar_count=10 symbols=["ADAUSD","EURAUD","EURCAD","EURGBP","EURJPY","EURSGD"]
[2026-05-27T04:27:24.528Z] INFO BAR_PUSH object_type=ea object_id=10869460 source_id=Ctrader bar_count=10 symbols=["ADAUSD","AUDCAD","AUDCHF","AUDJPY","AUDNZD","AUDUSD","BTCUSD","CADJPY","DE40","ETHUSD"]
[2026-05-27T04:27:56.518Z] INFO BAR_PUSH object_type=ea object_id=10869460 source_id=Ctrader bar_count=10 symbols=["EURAUD","EURCAD","EURGBP","EURJPY","EURSGD","EURUSD","GBPAUD","GBPCAD"]
[2026-05-27T04:28:28.503Z] INFO BAR_PUSH object_type=ea object_id=10869460 source_id=Ctrader bar_count=10 symbols=["AUDCAD","AUDCHF","AUDJPY","AUDNZD","AUDUSD","BTCUSD","CADJPY","DE40","ETHUSD","EURAUD"]
[2026-05-27T04:29:02.531Z] INFO BAR_PUSH object_type=ea object_id=10869460 source_id=Ctrader bar_count=10 symbols=["ADAUSD","AUDCAD","AUDCHF","AUDJPY","AUDNZD","AUDUSD","BTCUSD","CADJPY","DE40","ETHUSD"]
[2026-05-27T04:29:34.520Z] INFO BAR_PUSH object_type=ea object_id=10869460 source_id=Ctrader bar_count=10 symbols=["EURAUD","EURCAD","EURGBP","EURJPY","EURSGD","EURUSD","GBPAUD","GBPCAD"]
[2026-05-27T04:30:06.595Z] INFO BAR_PUSH object_type=ea object_id=10869460 source_id=Ctrader bar_count=10 symbols=["ADAUSD","AUDCAD","AUDCHF","AUDJPY"]
[2026-05-27T04:30:40.512Z] INFO BAR_PUSH object_type=ea object_id=10869460 source_id=Ctrader bar_count=10 symbols=["AUDJPY","AUDNZD","AUDUSD","BTCUSD"]
[2026-05-27T04:31:12.518Z] INFO BAR_PUSH object_type=ea object_id=10869460 source_id=Ctrader bar_count=10 symbols=["ADAUSD","AUDCAD","AUDCHF","AUDJPY","AUDNZD","AUDUSD","BTCUSD","CADJPY"]
[2026-05-27T04:31:46.488Z] INFO BAR_PUSH object_type=ea object_id=10869460 source_id=Ctrader bar_count=10 symbols=["CADJPY","DE40","ETHUSD","EURAUD"]
[2026-05-27T04:32:18.527Z] INFO BAR_PUSH object_type=ea object_id=10869460 source_id=Ctrader bar_count=10 symbols=["ADAUSD","AUDCAD","AUDCHF","AUDJPY","AUDNZD","AUDUSD","BTCUSD","CADJPY","DE40","ETHUSD"]
[2026-05-27T04:32:50.506Z] INFO BAR_PUSH object_type=ea object_id=10869460 source_id=Ctrader bar_count=10 symbols=["EURAUD","EURCAD","EURGBP","EURJPY"]
[2026-05-27T04:33:22.535Z] INFO BAR_PUSH object_type=ea object_id=10869460 source_id=Ctrader bar_count=10 symbols=["ADAUSD","AUDCAD","AUDCHF","AUDJPY","AUDNZD","AUDUSD","BTCUSD","CADJPY","DE40","ETHUSD"]
[2026-05-27T04:33:54.515Z] INFO BAR_PUSH object_type=ea object_id=10869460 source_id=Ctrader bar_count=10 symbols=["EURAUD","EURCAD","EURGBP","EURJPY","EURSGD","EURUSD"]
[2026-05-27T04:34:28.511Z] INFO BAR_PUSH object_type=ea object_id=10869460 source_id=Ctrader bar_count=10 symbols=["ADAUSD","AUDCAD","AUDCHF","AUDJPY","AUDNZD","AUDUSD","BTCUSD","CADJPY","DE40","ETHUSD"]
[2026-05-27T04:35:00.523Z] INFO BAR_PUSH object_type=ea object_id=10869460 source_id=Ctrader bar_count=10 symbols=["BTCUSD","CADJPY","EURAUD","EURCAD","EURGBP","EURJPY","EURSGD","EURUSD"]
[2026-05-27T04:35:34.513Z] INFO BAR_PUSH object_type=ea object_id=10869460 source_id=Ctrader bar_count=10 symbols=["ADAUSD","AUDCAD","AUDCHF","AUDJPY","AUDNZD"]
[2026-05-27T04:36:08.520Z] INFO BAR_PUSH object_type=ea object_id=10869460 source_id=Ctrader bar_count=10 symbols=["AUDCAD","AUDCHF","AUDJPY","AUDNZD","AUDUSD","BTCUSD","CADJPY","DE40"]
[2026-05-27T04:36:40.517Z] INFO BAR_PUSH object_type=ea object_id=10869460 source_id=Ctrader bar_count=10 symbols=["ADAUSD","ETHUSD","EURAUD","EURCAD","EURGBP","EURJPY"]
[2026-05-27T04:37:12.521Z] INFO BAR_PUSH object_type=ea object_id=10869460 source_id=Ctrader bar_count=10 symbols=["AUDCAD","AUDCHF","AUDJPY","AUDNZD","AUDUSD","BTCUSD","CADJPY","DE40","ETHUSD","EURAUD"]
[2026-05-27T04:37:44.509Z] INFO BAR_PUSH object_type=ea object_id=10869460 source_id=Ctrader bar_count=10 symbols=["EURCAD","EURGBP","EURJPY","EURSGD","EURUSD","GBPAUD"]
[2026-05-27T04:38:16.619Z] INFO BAR_PUSH object_type=ea object_id=10869460 source_id=Ctrader bar_count=10 symbols=["ADAUSD","AUDCAD","AUDCHF","AUDJPY","AUDNZD","AUDUSD","BTCUSD","CADJPY","DE40","ETHUSD"]
[2026-05-27T04:38:50.520Z] INFO BAR_PUSH object_type=ea object_id=10869460 source_id=Ctrader bar_count=10 symbols=["EURAUD","EURCAD","EURGBP","EURJPY","EURSGD","EURUSD","GBPAUD","GBPCAD"]
[2026-05-27T04:39:22.529Z] INFO BAR_PUSH object_type=ea object_id=10869460 source_id=Ctrader bar_count=10 symbols=["ADAUSD","AUDCAD","AUDCHF","AUDJPY","AUDNZD","AUDUSD","BTCUSD","CADJPY","DE40","ETHUSD"]
[2026-05-27T04:39:56.526Z] INFO BAR_PUSH object_type=ea object_id=10869460 source_id=Ctrader bar_count=10 symbols=["EURAUD","EURCAD","EURGBP","EURJPY","EURSGD","EURUSD","GBPAUD","GBPCAD","GBPJPY"]
[2026-05-27T04:40:28.507Z] INFO BAR_PUSH object_type=ea object_id=10869460 source_id=Ctrader bar_count=10 symbols=["AUDCAD","AUDCHF","AUDJPY","AUDNZD","AUDUSD"]
[2026-05-27T04:41:00.520Z] INFO BAR_PUSH object_type=ea object_id=10869460 source_id=Ctrader bar_count=10 symbols=["ADAUSD","AUDCAD","AUDJPY","AUDNZD","BTCUSD","CADJPY","DE40"]
[2026-05-27T04:41:32.522Z] INFO BAR_PUSH object_type=ea object_id=10869460 source_id=Ctrader bar_count=10 symbols=["ADAUSD","AUDCHF","AUDUSD","DE40","ETHUSD","EURAUD","EURCAD"]
[2026-05-27T04:42:04.530Z] INFO BAR_PUSH object_type=ea object_id=10869460 source_id=Ctrader bar_count=10 symbols=["AUDCAD","AUDCHF","AUDJPY","AUDNZD","AUDUSD","BTCUSD","CADJPY","DE40","ETHUSD","EURAUD"]
[2026-05-27T04:42:36.518Z] INFO BAR_PUSH object_type=ea object_id=10869460 source_id=Ctrader bar_count=10 symbols=["EURCAD","EURGBP","EURJPY","EURSGD","EURUSD","GBPAUD"]
[2026-05-27T04:43:08.526Z] INFO BAR_PUSH object_type=ea object_id=10869460 source_id=Ctrader bar_count=10 symbols=["AUDCAD","AUDCHF","AUDJPY","AUDNZD","AUDUSD","BTCUSD","CADJPY","DE40","ETHUSD","EURAUD"]
[2026-05-27T04:43:42.518Z] INFO BAR_PUSH object_type=ea object_id=10869460 source_id=Ctrader bar_count=10 symbols=["EURCAD","EURGBP","EURJPY","EURSGD","EURUSD","GBPAUD","GBPCAD","GBPJPY"]
[2026-05-27T04:44:16.528Z] INFO BAR_PUSH object_type=ea object_id=10869460 source_id=Ctrader bar_count=10 symbols=["AUDCAD","AUDCHF","AUDJPY","AUDNZD","AUDUSD","BTCUSD","CADJPY","DE40","ETHUSD","EURAUD"]
[2026-05-27T04:44:48.517Z] INFO BAR_PUSH object_type=ea object_id=10869460 source_id=Ctrader bar_count=10 symbols=["EURCAD","EURGBP","EURJPY","EURSGD","EURUSD","GBPAUD","GBPCAD","GBPJPY"]
[2026-05-27T04:45:20.502Z] INFO BAR_PUSH object_type=ea object_id=10869460 source_id=Ctrader bar_count=10 symbols=["ADAUSD","AUDCAD","AUDCHF","AUDJPY"]
[2026-05-27T04:45:52.504Z] INFO BAR_PUSH object_type=ea object_id=10869460 source_id=Ctrader bar_count=10 symbols=["AUDJPY","AUDNZD","AUDUSD","BTCUSD"]
[2026-05-27T04:46:26.562Z] INFO BAR_PUSH object_type=ea object_id=10869460 source_id=Ctrader bar_count=10 symbols=["ADAUSD","AUDCAD","AUDCHF","AUDJPY","AUDNZD","AUDUSD","BTCUSD","CADJPY"]
[2026-05-27T04:46:58.504Z] INFO BAR_PUSH object_type=ea object_id=10869460 source_id=Ctrader bar_count=10 symbols=["CADJPY","DE40","ETHUSD","EURAUD"]
[2026-05-27T04:47:30.522Z] INFO BAR_PUSH object_type=ea object_id=10869460 source_id=Ctrader bar_count=10 symbols=["ADAUSD","AUDCAD","AUDCHF","AUDJPY","AUDNZD","AUDUSD","BTCUSD","CADJPY","DE40","ETHUSD"]
[2026-05-27T04:48:02.521Z] INFO BAR_PUSH object_type=ea object_id=10869460 source_id=Ctrader bar_count=10 symbols=["ADAUSD","AUDCAD","AUDCHF","AUDJPY","AUDNZD","AUDUSD","BTCUSD","DE40","ETHUSD","EURAUD"]
[2026-05-27T04:48:34.503Z] INFO BAR_PUSH object_type=ea object_id=10869460 source_id=Ctrader bar_count=10 symbols=["CADJPY","EURCAD","EURGBP","EURJPY"]
[2026-05-27T04:49:06.527Z] INFO BAR_PUSH object_type=ea object_id=10869460 source_id=Ctrader bar_count=10 symbols=["ADAUSD","AUDCAD","AUDCHF","AUDJPY","AUDNZD","AUDUSD","BTCUSD","CADJPY","DE40","ETHUSD"]
[2026-05-27T04:49:38.517Z] INFO BAR_PUSH object_type=ea object_id=10869460 source_id=Ctrader bar_count=10 symbols=["EURAUD","EURCAD","EURGBP","EURJPY","EURSGD","EURUSD"]
[2026-05-27T04:50:12.508Z] INFO BAR_PUSH object_type=ea object_id=10869460 source_id=Ctrader bar_count=10 symbols=["ADAUSD","AUDCAD","AUDCHF","AUDJPY","AUDNZD"]
[2026-05-27T04:50:44.518Z] INFO BAR_PUSH object_type=ea object_id=10869460 source_id=Ctrader bar_count=10 symbols=["AUDUSD","BTCUSD","CADJPY","DE40","ETHUSD"]
[2026-05-27T04:51:16.525Z] INFO BAR_PUSH object_type=ea object_id=10869460 source_id=Ctrader bar_count=10 symbols=["ADAUSD","AUDCAD","AUDCHF","AUDJPY","AUDNZD","AUDUSD","BTCUSD","CADJPY","DE40","ETHUSD"]
[2026-05-27T04:51:48.515Z] INFO BAR_PUSH object_type=ea object_id=10869460 source_id=Ctrader bar_count=10 symbols=["EURAUD","EURCAD","EURGBP","EURJPY","EURSGD"]
[2026-05-27T04:52:22.524Z] INFO BAR_PUSH object_type=ea object_id=10869460 source_id=Ctrader bar_count=10 symbols=["AUDCAD","AUDCHF","AUDJPY","AUDNZD","AUDUSD","BTCUSD","CADJPY","DE40","ETHUSD","EURAUD"]
[2026-05-27T04:52:54.518Z] INFO BAR_PUSH object_type=ea object_id=10869460 source_id=Ctrader bar_count=10 symbols=["ADAUSD","EURCAD","EURGBP","EURJPY","EURSGD","EURUSD","GBPAUD"]
[2026-05-27T04:53:26.492Z] INFO BAR_PUSH object_type=ea object_id=10869460 source_id=Ctrader bar_count=10 symbols=["AUDCAD","AUDCHF","AUDJPY","AUDNZD","AUDUSD","BTCUSD","CADJPY","DE40","ETHUSD","EURAUD"]
[2026-05-27T04:53:58.517Z] INFO BAR_PUSH object_type=ea object_id=10869460 source_id=Ctrader bar_count=10 symbols=["ADAUSD","EURCAD","EURGBP","EURJPY","EURSGD","EURUSD","GBPAUD","GBPCAD"]
[2026-05-27T04:54:30.526Z] INFO BAR_PUSH object_type=ea object_id=10869460 source_id=Ctrader bar_count=10 symbols=["ADAUSD","AUDCAD","AUDCHF","AUDJPY","AUDNZD","AUDUSD","BTCUSD","CADJPY","DE40","ETHUSD"]
[2026-05-27T04:55:02.516Z] INFO BAR_PUSH object_type=ea object_id=10869460 source_id=Ctrader bar_count=10 symbols=["ADAUSD","AUDNZD","BTCUSD","DE40","ETHUSD"]
[2026-05-27T04:55:36.517Z] INFO BAR_PUSH object_type=ea object_id=10869460 source_id=Ctrader bar_count=10 symbols=["AUDCAD","AUDCHF","AUDJPY","AUDUSD","CADJPY"]
[2026-05-27T04:56:10.517Z] INFO BAR_PUSH object_type=ea object_id=10869460 source_id=Ctrader bar_count=10 symbols=["AUDCAD","AUDJPY","AUDNZD","AUDUSD","BTCUSD","CADJPY","DE40","ETHUSD","EURAUD"]
[2026-05-27T04:56:42.504Z] INFO BAR_PUSH object_type=ea object_id=10869460 source_id=Ctrader bar_count=10 symbols=["AUDCHF","EURCAD","EURGBP","EURJPY","EURSGD","EURUSD"]
[2026-05-27T04:57:14.529Z] INFO BAR_PUSH object_type=ea object_id=10869460 source_id=Ctrader bar_count=10 symbols=["AUDCAD","AUDCHF","AUDJPY","AUDNZD","AUDUSD","BTCUSD","CADJPY","DE40","ETHUSD","EURAUD"]
[2026-05-27T04:57:46.533Z] INFO BAR_PUSH object_type=ea object_id=10869460 source_id=Ctrader bar_count=10 symbols=["ADAUSD","EURCAD","EURGBP","EURJPY","EURSGD","EURUSD","GBPAUD","GBPCAD"]
[2026-05-27T04:58:18.531Z] INFO BAR_PUSH object_type=ea object_id=10869460 source_id=Ctrader bar_count=10 symbols=["ADAUSD","AUDCAD","AUDCHF","AUDJPY","AUDNZD","AUDUSD","BTCUSD","CADJPY","DE40","ETHUSD"]
[2026-05-27T04:58:50.517Z] INFO BAR_PUSH object_type=ea object_id=10869460 source_id=Ctrader bar_count=10 symbols=["EURAUD","EURCAD","EURGBP","EURJPY","EURSGD","EURUSD","GBPAUD","GBPCAD","GBPJPY"]
[2026-05-27T04:59:24.535Z] INFO BAR_PUSH object_type=ea object_id=10869460 source_id=Ctrader bar_count=10 symbols=["ADAUSD","AUDCAD","AUDCHF","AUDJPY","AUDNZD","AUDUSD","BTCUSD","CADJPY","DE40","ETHUSD"]
[2026-05-27T04:59:56.533Z] INFO BAR_PUSH object_type=ea object_id=10869460 source_id=Ctrader bar_count=10 symbols=["EURAUD","EURCAD","EURGBP","EURJPY","EURSGD","EURUSD","GBPAUD","GBPCAD","GBPJPY"]
[2026-05-27T05:00:30.505Z] INFO BAR_PUSH object_type=ea object_id=10869460 source_id=Ctrader bar_count=10 symbols=["ADAUSD","AUDCAD"]
[2026-05-27T05:01:04.518Z] INFO BAR_PUSH object_type=ea object_id=10869460 source_id=Ctrader bar_count=10 symbols=["AUDCAD","AUDCHF","AUDJPY"]
[2026-05-27T05:01:36.507Z] INFO BAR_PUSH object_type=ea object_id=10869460 source_id=Ctrader bar_count=10 symbols=["AUDJPY","AUDNZD","AUDUSD"]
[2026-05-27T05:02:08.525Z] INFO BAR_PUSH object_type=ea object_id=10869460 source_id=Ctrader bar_count=10 symbols=["ADAUSD","AUDCAD","AUDCHF","AUDJPY","AUDNZD","AUDUSD","BTCUSD"]
[2026-05-27T05:02:42.595Z] INFO BAR_PUSH object_type=ea object_id=10869460 source_id=Ctrader bar_count=10 symbols=["BTCUSD","CADJPY","DE40"]
[2026-05-27T05:03:16.528Z] INFO BAR_PUSH object_type=ea object_id=10869460 source_id=Ctrader bar_count=10 symbols=["ADAUSD","AUDCAD","AUDCHF","AUDJPY","AUDNZD","AUDUSD","BTCUSD","CADJPY","DE40"]
[2026-05-27T05:03:48.509Z] INFO BAR_PUSH object_type=ea object_id=10869460 source_id=Ctrader bar_count=10 symbols=["DE40","ETHUSD","EURAUD"]
[2026-05-27T05:04:22.537Z] INFO BAR_PUSH object_type=ea object_id=10869460 source_id=Ctrader bar_count=10 symbols=["AUDCAD","AUDCHF","AUDJPY","AUDNZD","AUDUSD","BTCUSD","CADJPY","DE40","ETHUSD","EURAUD"]
[2026-05-27T05:04:56.505Z] INFO BAR_PUSH object_type=ea object_id=10869460 source_id=Ctrader bar_count=10 symbols=["EURAUD","EURCAD","EURGBP"]
[2026-05-27T05:05:30.509Z] INFO BAR_PUSH object_type=ea object_id=10869460 source_id=Ctrader bar_count=10 symbols=["ADAUSD","AUDCAD","AUDCHF","AUDJPY","AUDNZD"]
[2026-05-27T05:06:04.529Z] INFO BAR_PUSH object_type=ea object_id=10869460 source_id=Ctrader bar_count=10 symbols=["AUDCAD","AUDCHF","AUDJPY","AUDNZD","AUDUSD","BTCUSD","CADJPY"]
[2026-05-27T05:06:36.520Z] INFO BAR_PUSH object_type=ea object_id=10869460 source_id=Ctrader bar_count=10 symbols=["DE40","ETHUSD","EURAUD","EURCAD","EURGBP"]
[2026-05-27T05:07:10.531Z] INFO BAR_PUSH object_type=ea object_id=10869460 source_id=Ctrader bar_count=10 symbols=["ADAUSD","AUDCAD","AUDCHF","AUDJPY","AUDNZD","AUDUSD","BTCUSD","CADJPY","DE40","ETHUSD"]
[2026-05-27T05:07:44.513Z] INFO BAR_PUSH object_type=ea object_id=10869460 source_id=Ctrader bar_count=10 symbols=["ADAUSD","EURAUD","EURCAD","EURGBP","EURJPY"]
[2026-05-27T05:08:16.536Z] INFO BAR_PUSH object_type=ea object_id=10869460 source_id=Ctrader bar_count=10 symbols=["AUDCAD","AUDCHF","AUDJPY","AUDNZD","AUDUSD","BTCUSD","CADJPY","DE40","ETHUSD","EURAUD"]
[2026-05-27T05:08:48.603Z] INFO BAR_PUSH object_type=ea object_id=10869460 source_id=Ctrader bar_count=10 symbols=["EURCAD","EURGBP","EURJPY","EURSGD","EURUSD"]
[2026-05-27T05:09:20.531Z] INFO BAR_PUSH object_type=ea object_id=10869460 source_id=Ctrader bar_count=10 symbols=["AUDCAD","AUDCHF","AUDJPY","AUDNZD","AUDUSD","BTCUSD","CADJPY","DE40","ETHUSD","EURAUD"]
[2026-05-27T05:09:52.528Z] INFO BAR_PUSH object_type=ea object_id=10869460 source_id=Ctrader bar_count=10 symbols=["EURCAD","EURGBP","EURJPY","EURSGD","EURUSD","GBPAUD"]
[2026-05-27T05:10:24.521Z] INFO BAR_PUSH object_type=ea object_id=10869460 source_id=Ctrader bar_count=10 symbols=["ADAUSD","AUDCAD","AUDCHF","AUDJPY","AUDNZD"]
[2026-05-27T05:10:56.515Z] INFO BAR_PUSH object_type=ea object_id=10869460 source_id=Ctrader bar_count=10 symbols=["AUDUSD","BTCUSD","CADJPY","DE40","ETHUSD"]
[2026-05-27T05:11:28.530Z] INFO BAR_PUSH object_type=ea object_id=10869460 source_id=Ctrader bar_count=10 symbols=["ADAUSD","AUDCAD","AUDCHF","AUDJPY","AUDNZD","AUDUSD","BTCUSD","CADJPY","DE40","ETHUSD"]
[2026-05-27T05:12:00.522Z] INFO BAR_PUSH object_type=ea object_id=10869460 source_id=Ctrader bar_count=10 symbols=["EURAUD","EURCAD","EURGBP","EURJPY","EURSGD"]
[2026-05-27T05:12:32.529Z] INFO BAR_PUSH object_type=ea object_id=10869460 source_id=Ctrader bar_count=10 symbols=["ADAUSD","AUDCAD","AUDCHF","AUDJPY","AUDNZD","AUDUSD","BTCUSD","CADJPY","DE40","ETHUSD"]
[2026-05-27T05:13:04.530Z] INFO BAR_PUSH object_type=ea object_id=10869460 source_id=Ctrader bar_count=10 symbols=["AUDCAD","AUDCHF","AUDJPY","AUDNZD","AUDUSD","BTCUSD","CADJPY","DE40","ETHUSD","EURAUD"]
[2026-05-27T05:13:38.515Z] INFO BAR_PUSH object_type=ea object_id=10869460 source_id=Ctrader bar_count=10 symbols=["EURCAD","EURGBP","EURJPY","EURSGD","EURUSD","GBPAUD"]
[2026-05-27T05:14:10.532Z] INFO BAR_PUSH object_type=ea object_id=10869460 source_id=Ctrader bar_count=10 symbols=["AUDCAD","AUDCHF","AUDJPY","AUDNZD","AUDUSD","BTCUSD","CADJPY","DE40","ETHUSD","EURAUD"]
[2026-05-27T05:14:42.523Z] INFO BAR_PUSH object_type=ea object_id=10869460 source_id=Ctrader bar_count=10 symbols=["ADAUSD","EURCAD","EURGBP","EURJPY","EURSGD","EURUSD","GBPAUD","GBPCAD"]
[2026-05-27T05:15:14.512Z] INFO BAR_PUSH object_type=ea object_id=10869460 source_id=Ctrader bar_count=10 symbols=["AUDCAD","AUDCHF","AUDJPY","AUDNZD"]
[2026-05-27T05:15:48.516Z] INFO BAR_PUSH object_type=ea object_id=10869460 source_id=Ctrader bar_count=10 symbols=["AUDNZD","AUDUSD","BTCUSD","CADJPY"]
[2026-05-27T05:16:20.528Z] INFO BAR_PUSH object_type=ea object_id=10869460 source_id=Ctrader bar_count=10 symbols=["AUDCAD","AUDCHF","AUDJPY","AUDNZD","AUDUSD","BTCUSD","CADJPY","DE40"]
[2026-05-27T05:16:52.523Z] INFO BAR_PUSH object_type=ea object_id=10869460 source_id=Ctrader bar_count=10 symbols=["ADAUSD","DE40","ETHUSD","EURAUD"]
[2026-05-27T05:17:26.497Z] INFO BAR_PUSH object_type=ea object_id=10869460 source_id=Ctrader bar_count=10 symbols=["ADAUSD","AUDCAD","AUDCHF","AUDJPY","AUDNZD","AUDUSD","BTCUSD","CADJPY","DE40","ETHUSD"]
[2026-05-27T05:17:58.516Z] INFO BAR_PUSH object_type=ea object_id=10869460 source_id=Ctrader bar_count=10 symbols=["EURAUD","EURCAD","EURGBP","EURJPY"]
[2026-05-27T05:18:32.531Z] INFO BAR_PUSH object_type=ea object_id=10869460 source_id=Ctrader bar_count=10 symbols=["AUDCAD","AUDCHF","AUDJPY","AUDNZD","AUDUSD","BTCUSD","CADJPY","DE40","ETHUSD","EURAUD"]
[2026-05-27T05:19:04.524Z] INFO BAR_PUSH object_type=ea object_id=10869460 source_id=Ctrader bar_count=10 symbols=["AUDCAD","AUDCHF","AUDJPY","AUDNZD","AUDUSD","BTCUSD","CADJPY","DE40","ETHUSD","EURAUD"]
[2026-05-27T05:19:36.520Z] INFO BAR_PUSH object_type=ea object_id=10869460 source_id=Ctrader bar_count=10 symbols=["EURCAD","EURGBP","EURJPY","EURSGD","EURUSD","GBPAUD"]
[2026-05-27T05:20:08.525Z] INFO BAR_PUSH object_type=ea object_id=10869460 source_id=Ctrader bar_count=10 symbols=["AUDCAD","AUDCHF","AUDJPY","AUDNZD","AUDUSD"]
[2026-05-27T05:20:40.519Z] INFO BAR_PUSH object_type=ea object_id=10869460 source_id=Ctrader bar_count=10 symbols=["ADAUSD","BTCUSD","CADJPY","DE40","ETHUSD"]
[2026-05-27T05:21:12.529Z] INFO BAR_PUSH object_type=ea object_id=10869460 source_id=Ctrader bar_count=10 symbols=["AUDCAD","AUDCHF","AUDJPY","AUDNZD","AUDUSD","BTCUSD","CADJPY","DE40","ETHUSD","EURAUD"]
[2026-05-27T05:21:44.517Z] INFO BAR_PUSH object_type=ea object_id=10869460 source_id=Ctrader bar_count=10 symbols=["EURAUD","EURCAD","EURGBP","EURJPY","EURSGD","EURUSD"]
[2026-05-27T05:22:18.531Z] INFO BAR_PUSH object_type=ea object_id=10869460 source_id=Ctrader bar_count=10 symbols=["ADAUSD","AUDCAD","AUDCHF","AUDJPY","AUDNZD","AUDUSD","BTCUSD","CADJPY","DE40","ETHUSD"]
[2026-05-27T05:22:52.529Z] INFO BAR_PUSH object_type=ea object_id=10869460 source_id=Ctrader bar_count=10 symbols=["EURAUD","EURCAD","EURGBP","EURJPY","EURSGD","EURUSD","GBPAUD"]
[2026-05-27T05:23:26.500Z] INFO BAR_PUSH object_type=ea object_id=10869460 source_id=Ctrader bar_count=10 symbols=["ADAUSD","AUDCAD","AUDCHF","AUDJPY","AUDNZD","AUDUSD","BTCUSD","CADJPY","DE40","ETHUSD"]
[2026-05-27T05:24:00.526Z] INFO BAR_PUSH object_type=ea object_id=10869460 source_id=Ctrader bar_count=10 symbols=["AUDCAD","AUDNZD","CADJPY","EURAUD","EURCAD","EURGBP","EURJPY","EURSGD","EURUSD","GBPAUD"]
[2026-05-27T05:24:34.535Z] INFO BAR_PUSH object_type=ea object_id=10869460 source_id=Ctrader bar_count=10 symbols=["ADAUSD","AUDCHF","AUDJPY","AUDUSD","BTCUSD","DE40","ETHUSD","EURAUD","EURJPY","EURUSD"]
[2026-05-27T05:25:08.507Z] INFO BAR_PUSH object_type=ea object_id=10869460 source_id=Ctrader bar_count=10 symbols=["AUDCAD","AUDCHF","AUDJPY","AUDNZD","AUDUSD"]
[2026-05-27T05:25:40.525Z] INFO BAR_PUSH object_type=ea object_id=10869460 source_id=Ctrader bar_count=10 symbols=["BTCUSD","CADJPY","DE40","ETHUSD","EURAUD"]
[2026-05-27T05:26:14.533Z] INFO BAR_PUSH object_type=ea object_id=10869460 source_id=Ctrader bar_count=10 symbols=["AUDCAD","AUDCHF","AUDJPY","AUDNZD","AUDUSD","BTCUSD","CADJPY","DE40","ETHUSD","EURAUD"]
[2026-05-27T05:26:46.519Z] INFO BAR_PUSH object_type=ea object_id=10869460 source_id=Ctrader bar_count=10 symbols=["ADAUSD","EURCAD","EURGBP","EURJPY","EURSGD"]
[2026-05-27T05:27:20.518Z] INFO BAR_PUSH object_type=ea object_id=10869460 source_id=Ctrader bar_count=10 symbols=["ADAUSD","AUDCAD","AUDCHF","AUDJPY","AUDNZD","AUDUSD","BTCUSD","CADJPY","DE40","ETHUSD"]
[2026-05-27T05:27:52.525Z] INFO BAR_PUSH object_type=ea object_id=10869460 source_id=Ctrader bar_count=10 symbols=["EURAUD","EURCAD","EURGBP","EURJPY","EURSGD","EURUSD","GBPAUD","GBPCAD"]
[2026-05-27T05:28:24.540Z] INFO BAR_PUSH object_type=ea object_id=10869460 source_id=Ctrader bar_count=10 symbols=["AUDCAD","AUDCHF","AUDJPY","AUDNZD","AUDUSD","BTCUSD","CADJPY","DE40","ETHUSD","EURAUD"]
[2026-05-27T05:28:56.521Z] INFO BAR_PUSH object_type=ea object_id=10869460 source_id=Ctrader bar_count=10 symbols=["EURCAD","EURGBP","EURJPY","EURSGD","EURUSD","GBPAUD","GBPCAD"]
[2026-05-27T05:29:28.507Z] INFO BAR_PUSH object_type=ea object_id=10869460 source_id=Ctrader bar_count=10 symbols=["AUDCAD","AUDCHF","AUDJPY","AUDNZD","AUDUSD","BTCUSD","CADJPY","DE40","ETHUSD","EURAUD"]
[2026-05-27T05:30:00.514Z] INFO BAR_PUSH object_type=ea object_id=10869460 source_id=Ctrader bar_count=10 symbols=["ADAUSD","AUDCAD","AUDNZD","AUDUSD"]
[2026-05-27T05:30:34.525Z] INFO BAR_PUSH object_type=ea object_id=10869460 source_id=Ctrader bar_count=10 symbols=["ADAUSD","AUDCHF","AUDJPY","BTCUSD"]
[2026-05-27T05:31:06.525Z] INFO BAR_PUSH object_type=ea object_id=10869460 source_id=Ctrader bar_count=10 symbols=["AUDCAD","AUDCHF","AUDJPY","AUDNZD","AUDUSD","BTCUSD","CADJPY"]
[2026-05-27T05:31:38.517Z] INFO BAR_PUSH object_type=ea object_id=10869460 source_id=Ctrader bar_count=10 symbols=["ADAUSD","CADJPY","DE40","ETHUSD","EURAUD"]
[2026-05-27T05:32:10.528Z] INFO BAR_PUSH object_type=ea object_id=10869460 source_id=Ctrader bar_count=10 symbols=["AUDCAD","AUDCHF","AUDJPY","AUDNZD","AUDUSD","BTCUSD","CADJPY","DE40","ETHUSD","EURAUD"]
[2026-05-27T05:32:42.515Z] INFO BAR_PUSH object_type=ea object_id=10869460 source_id=Ctrader bar_count=10 symbols=["ADAUSD","EURAUD","EURCAD","EURGBP","EURJPY"]
[2026-05-27T05:33:14.531Z] INFO BAR_PUSH object_type=ea object_id=10869460 source_id=Ctrader bar_count=10 symbols=["ADAUSD","AUDCAD","AUDCHF","AUDJPY","AUDNZD","AUDUSD","BTCUSD","CADJPY","DE40","ETHUSD"]
[2026-05-27T05:33:46.511Z] INFO BAR_PUSH object_type=ea object_id=10869460 source_id=Ctrader bar_count=10 symbols=["EURAUD","EURCAD","EURGBP","EURJPY","EURSGD","EURUSD"]
[2026-05-27T05:34:18.534Z] INFO BAR_PUSH object_type=ea object_id=10869460 source_id=Ctrader bar_count=10 symbols=["ADAUSD","AUDCAD","AUDCHF","AUDJPY","AUDNZD","AUDUSD","BTCUSD","CADJPY","DE40","ETHUSD"]
[2026-05-27T05:34:50.522Z] INFO BAR_PUSH object_type=ea object_id=10869460 source_id=Ctrader bar_count=10 symbols=["EURAUD","EURCAD","EURGBP","EURJPY","EURSGD","EURUSD","GBPAUD"]
[2026-05-27T05:35:22.498Z] INFO BAR_PUSH object_type=ea object_id=10869460 source_id=Ctrader bar_count=10 symbols=["ADAUSD","AUDCAD","AUDCHF","AUDJPY","AUDNZD"]
[2026-05-27T05:35:54.498Z] INFO BAR_PUSH object_type=ea object_id=10869460 source_id=Ctrader bar_count=10 symbols=["AUDUSD","BTCUSD","CADJPY","DE40","ETHUSD"]
[2026-05-27T05:36:28.498Z] INFO BAR_PUSH object_type=ea object_id=10869460 source_id=Ctrader bar_count=10 symbols=["ADAUSD","AUDCAD","AUDCHF","AUDJPY","AUDNZD","AUDUSD","BTCUSD","CADJPY","DE40","ETHUSD"]
[2026-05-27T05:37:00.498Z] INFO BAR_PUSH object_type=ea object_id=10869460 source_id=Ctrader bar_count=10 symbols=["AUDCHF","BTCUSD","ETHUSD","EURAUD","EURCAD","EURGBP","EURJPY"]
[2026-05-27T05:37:32.507Z] INFO BAR_PUSH object_type=ea object_id=10869460 source_id=Ctrader bar_count=10 symbols=["ADAUSD","AUDCAD","AUDJPY","AUDNZD","AUDUSD","CADJPY","DE40","EURAUD","EURCAD","EURGBP"]
[2026-05-27T05:38:04.514Z] INFO BAR_PUSH object_type=ea object_id=10869460 source_id=Ctrader bar_count=10 symbols=["ADAUSD","AUDCAD","AUDCHF","AUDJPY","AUDNZD","AUDUSD","BTCUSD","CADJPY","DE40","ETHUSD"]
[2026-05-27T05:38:36.495Z] INFO BAR_PUSH object_type=ea object_id=10869460 source_id=Ctrader bar_count=10 symbols=["EURAUD","EURCAD","EURGBP","EURJPY","EURSGD","EURUSD","GBPAUD"]
[2026-05-27T05:39:08.511Z] INFO BAR_PUSH object_type=ea object_id=10869460 source_id=Ctrader bar_count=10 symbols=["AUDCAD","AUDCHF","AUDJPY","AUDNZD","AUDUSD","BTCUSD","CADJPY","DE40","ETHUSD","EURAUD"]
[2026-05-27T05:39:40.494Z] INFO BAR_PUSH object_type=ea object_id=10869460 source_id=Ctrader bar_count=10 symbols=["EURCAD","EURGBP","EURJPY","EURSGD","EURUSD","GBPAUD","GBPCAD"]
[2026-05-27T05:40:12.496Z] INFO BAR_PUSH object_type=ea object_id=10869460 source_id=Ctrader bar_count=10 symbols=["ADAUSD","AUDCAD","AUDCHF","AUDJPY","AUDNZD","AUDUSD"]
[2026-05-27T05:40:46.497Z] INFO BAR_PUSH object_type=ea object_id=10869460 source_id=Ctrader bar_count=10 symbols=["AUDUSD","BTCUSD","CADJPY","DE40","ETHUSD","EURAUD"]
[2026-05-27T05:41:18.505Z] INFO BAR_PUSH object_type=ea object_id=10869460 source_id=Ctrader bar_count=10 symbols=["ADAUSD","AUDCAD","AUDCHF","AUDJPY","AUDNZD","AUDUSD","BTCUSD","CADJPY","DE40"]
[2026-05-27T05:41:50.488Z] INFO BAR_PUSH object_type=ea object_id=10869460 source_id=Ctrader bar_count=10 symbols=["ETHUSD","EURAUD","EURCAD","EURGBP","EURJPY","EURSGD"]
[2026-05-27T05:42:22.501Z] INFO BAR_PUSH object_type=ea object_id=10869460 source_id=Ctrader bar_count=10 symbols=["AUDCAD","AUDCHF","AUDJPY","AUDNZD","AUDUSD","BTCUSD","CADJPY","DE40","ETHUSD","EURAUD"]
[2026-05-27T05:42:54.502Z] INFO BAR_PUSH object_type=ea object_id=10869460 source_id=Ctrader bar_count=10 symbols=["ADAUSD","EURCAD","EURGBP","EURJPY","EURSGD","EURUSD","GBPAUD"]
[2026-05-27T05:43:26.469Z] INFO BAR_PUSH object_type=ea object_id=10869460 source_id=Ctrader bar_count=10 symbols=["ADAUSD","AUDCAD","AUDCHF","AUDJPY","AUDNZD","AUDUSD","BTCUSD","CADJPY","DE40","ETHUSD"]
[2026-05-27T05:44:00.501Z] INFO BAR_PUSH object_type=ea object_id=10869460 source_id=Ctrader bar_count=10 symbols=["AUDNZD","AUDUSD","BTCUSD","DE40","ETHUSD","EURAUD","EURCAD","EURGBP","EURJPY","EURSGD"]
[2026-05-27T05:44:34.503Z] INFO BAR_PUSH object_type=ea object_id=10869460 source_id=Ctrader bar_count=10 symbols=["ADAUSD","AUDCAD","AUDCHF","AUDJPY","CADJPY","EURAUD","EURCAD","EURGBP","EURJPY","EURUSD"]
[2026-05-27T05:45:06.486Z] INFO BAR_PUSH object_type=ea object_id=10869460 source_id=Ctrader bar_count=10 symbols=["AUDCAD","AUDCHF","AUDJPY","AUDNZD"]
[2026-05-27T05:45:40.480Z] INFO BAR_PUSH object_type=ea object_id=10869460 source_id=Ctrader bar_count=10 symbols=["ADAUSD","AUDNZD","AUDUSD","BTCUSD"]
[2026-05-27T05:46:12.493Z] INFO BAR_PUSH object_type=ea object_id=10869460 source_id=Ctrader bar_count=10 symbols=["ADAUSD","AUDCAD","AUDCHF","AUDJPY","AUDNZD","AUDUSD","BTCUSD","CADJPY"]
[2026-05-27T05:46:46.486Z] INFO BAR_PUSH object_type=ea object_id=10869460 source_id=Ctrader bar_count=10 symbols=["CADJPY","DE40","ETHUSD","EURAUD"]
[2026-05-27T05:47:18.508Z] INFO BAR_PUSH object_type=ea object_id=10869460 source_id=Ctrader bar_count=10 symbols=["ADAUSD","AUDCAD","AUDCHF","AUDJPY","AUDNZD","AUDUSD","BTCUSD","CADJPY","DE40","ETHUSD"]
[2026-05-27T05:47:52.485Z] INFO BAR_PUSH object_type=ea object_id=10869460 source_id=Ctrader bar_count=10 symbols=["EURAUD","EURCAD","EURGBP","EURJPY"]
[2026-05-27T05:48:24.510Z] INFO BAR_PUSH object_type=ea object_id=10869460 source_id=Ctrader bar_count=10 symbols=["AUDCAD","AUDCHF","AUDJPY","AUDNZD","AUDUSD","BTCUSD","CADJPY","DE40","ETHUSD","EURAUD"]
[2026-05-27T05:48:58.500Z] INFO BAR_PUSH object_type=ea object_id=10869460 source_id=Ctrader bar_count=10 symbols=["ADAUSD","EURCAD","EURGBP","EURJPY","EURSGD","EURUSD"]
[2026-05-27T05:49:30.501Z] INFO BAR_PUSH object_type=ea object_id=10869460 source_id=Ctrader bar_count=10 symbols=["ADAUSD","AUDCAD","AUDCHF","AUDJPY","AUDNZD","AUDUSD","BTCUSD","CADJPY","DE40","ETHUSD"]
[2026-05-27T05:50:02.495Z] INFO BAR_PUSH object_type=ea object_id=10869460 source_id=Ctrader bar_count=10 symbols=["AUDCAD","AUDCHF","AUDJPY","AUDNZD","AUDUSD"]
[2026-05-27T05:50:34.487Z] INFO BAR_PUSH object_type=ea object_id=10869460 source_id=Ctrader bar_count=10 symbols=["ADAUSD","BTCUSD","CADJPY","DE40","ETHUSD"]
[2026-05-27T05:51:06.502Z] INFO BAR_PUSH object_type=ea object_id=10869460 source_id=Ctrader bar_count=10 symbols=["AUDCAD","AUDCHF","AUDJPY","AUDNZD","AUDUSD","BTCUSD","CADJPY","DE40","ETHUSD","EURAUD"]
[2026-05-27T05:51:38.485Z] INFO BAR_PUSH object_type=ea object_id=10869460 source_id=Ctrader bar_count=10 symbols=["ADAUSD","EURAUD","EURCAD","EURGBP","EURJPY","EURSGD"]
[2026-05-27T05:52:12.495Z] INFO BAR_PUSH object_type=ea object_id=10869460 source_id=Ctrader bar_count=10 symbols=["ADAUSD","AUDCAD","AUDCHF","AUDJPY","AUDNZD","AUDUSD","BTCUSD","CADJPY","DE40","ETHUSD"]
[2026-05-27T05:52:44.499Z] INFO BAR_PUSH object_type=ea object_id=10869460 source_id=Ctrader bar_count=10 symbols=["EURAUD","EURCAD","EURGBP","EURJPY","EURSGD","EURUSD","GBPAUD"]
[2026-05-27T05:53:18.506Z] INFO BAR_PUSH object_type=ea object_id=10869460 source_id=Ctrader bar_count=10 symbols=["ADAUSD","AUDCAD","AUDCHF","AUDJPY","AUDNZD","AUDUSD","BTCUSD","CADJPY","DE40","ETHUSD"]
[2026-05-27T05:53:50.479Z] INFO BAR_PUSH object_type=ea object_id=10869460 source_id=Ctrader bar_count=10 symbols=["EURAUD","EURCAD","EURGBP","EURJPY","EURSGD","EURUSD","GBPAUD","GBPCAD"]
[2026-05-27T05:54:22.491Z] INFO BAR_PUSH object_type=ea object_id=10869460 source_id=Ctrader bar_count=10 symbols=["ADAUSD","AUDCAD","AUDCHF","AUDJPY","AUDNZD","AUDUSD","BTCUSD","CADJPY","DE40","ETHUSD"]
[2026-05-27T05:54:54.488Z] INFO BAR_PUSH object_type=ea object_id=10869460 source_id=Ctrader bar_count=10 symbols=["EURAUD","EURCAD","EURGBP","EURJPY","EURSGD","EURUSD","GBPAUD","GBPCAD","GBPJPY"]
[2026-05-27T05:55:26.460Z] INFO BAR_PUSH object_type=ea object_id=10869460 source_id=Ctrader bar_count=10 symbols=["AUDCAD","AUDCHF","AUDJPY","AUDNZD","AUDUSD"]
[2026-05-27T05:55:58.488Z] INFO BAR_PUSH object_type=ea object_id=10869460 source_id=Ctrader bar_count=10 symbols=["ADAUSD","BTCUSD","CADJPY","DE40","ETHUSD"]
[2026-05-27T05:56:32.478Z] INFO BAR_PUSH object_type=ea object_id=10869460 source_id=Ctrader bar_count=10 symbols=["ADAUSD","AUDCAD","AUDCHF","AUDJPY","AUDNZD","AUDUSD","BTCUSD","CADJPY","DE40","ETHUSD"]
[2026-05-27T05:57:04.498Z] INFO BAR_PUSH object_type=ea object_id=10869460 source_id=Ctrader bar_count=10 symbols=["ADAUSD","AUDCAD","AUDCHF","AUDJPY","AUDNZD","AUDUSD","BTCUSD","CADJPY","DE40","ETHUSD"]
[2026-05-27T05:57:36.466Z] INFO BAR_PUSH object_type=ea object_id=10869460 source_id=Ctrader bar_count=10 symbols=["EURAUD","EURCAD","EURGBP","EURJPY","EURSGD"]
[2026-05-27T05:58:08.505Z] INFO BAR_PUSH object_type=ea object_id=10869460 source_id=Ctrader bar_count=10 symbols=["AUDCAD","AUDCHF","AUDJPY","AUDNZD","AUDUSD","BTCUSD","CADJPY","DE40","ETHUSD","EURAUD"]
[2026-05-27T05:58:40.482Z] INFO BAR_PUSH object_type=ea object_id=10869460 source_id=Ctrader bar_count=10 symbols=["EURCAD","EURGBP","EURJPY","EURSGD","EURUSD","GBPAUD","GBPCAD"]
[2026-05-27T05:59:12.500Z] INFO BAR_PUSH object_type=ea object_id=10869460 source_id=Ctrader bar_count=10 symbols=["AUDCAD","AUDCHF","AUDJPY","AUDNZD","AUDUSD","BTCUSD","CADJPY","DE40","ETHUSD","EURAUD"]
[2026-05-27T05:59:46.489Z] INFO BAR_PUSH object_type=ea object_id=10869460 source_id=Ctrader bar_count=10 symbols=["ADAUSD","EURCAD","EURGBP","EURJPY","EURSGD","EURUSD","GBPAUD","GBPCAD","GBPJPY"]
[2026-05-27T06:00:18.476Z] INFO BAR_PUSH object_type=ea object_id=10869460 source_id=Ctrader bar_count=10 symbols=["ADAUSD","AUDCAD","AUDCHF"]
[2026-05-27T06:00:52.459Z] INFO BAR_PUSH object_type=ea object_id=10869460 source_id=Ctrader bar_count=10 symbols=["AUDCHF","AUDJPY","AUDNZD"]
[2026-05-27T06:01:24.490Z] INFO BAR_PUSH object_type=ea object_id=10869460 source_id=Ctrader bar_count=10 symbols=["ADAUSD","AUDCAD","AUDCHF","AUDJPY","AUDNZD","AUDUSD","BTCUSD"]
[2026-05-27T06:01:56.468Z] INFO BAR_PUSH object_type=ea object_id=10869460 source_id=Ctrader bar_count=10 symbols=["BTCUSD","CADJPY","DE40"]
[2026-05-27T06:02:30.489Z] INFO BAR_PUSH object_type=ea object_id=10869460 source_id=Ctrader bar_count=10 symbols=["ADAUSD","AUDCAD","AUDCHF","AUDJPY","AUDNZD","AUDUSD","BTCUSD","CADJPY","DE40"]
[2026-05-27T06:03:04.495Z] INFO BAR_PUSH object_type=ea object_id=10869460 source_id=Ctrader bar_count=10 symbols=["ADAUSD","AUDCAD","AUDCHF","AUDJPY","AUDNZD","AUDUSD","BTCUSD","CADJPY","DE40","ETHUSD"]
[2026-05-27T06:03:38.455Z] INFO BAR_PUSH object_type=ea object_id=10869460 source_id=Ctrader bar_count=10 symbols=["ETHUSD","EURAUD","EURCAD"]
[2026-05-27T06:04:10.472Z] INFO BAR_PUSH object_type=ea object_id=10869460 source_id=Ctrader bar_count=10 symbols=["AUDCAD","AUDCHF","AUDJPY","AUDNZD","AUDUSD","BTCUSD","CADJPY","DE40","ETHUSD","EURAUD"]
[2026-05-27T06:04:42.468Z] INFO BAR_PUSH object_type=ea object_id=10869460 source_id=Ctrader bar_count=10 symbols=["EURCAD","EURGBP","EURJPY"]
[2026-05-27T06:05:14.468Z] INFO BAR_PUSH object_type=ea object_id=10869460 source_id=Ctrader bar_count=10 symbols=["ADAUSD","AUDCAD","AUDCHF","AUDJPY","AUDNZD"]
[2026-05-27T06:05:46.477Z] INFO BAR_PUSH object_type=ea object_id=10869460 source_id=Ctrader bar_count=10 symbols=["AUDUSD","BTCUSD","CADJPY","DE40","ETHUSD"]
[2026-05-27T06:06:18.472Z] INFO BAR_PUSH object_type=ea object_id=10869460 source_id=Ctrader bar_count=10 symbols=["AUDCAD","AUDCHF","AUDJPY","AUDNZD","AUDUSD","BTCUSD","CADJPY","DE40","ETHUSD","EURAUD"]
[2026-05-27T06:06:50.489Z] INFO BAR_PUSH object_type=ea object_id=10869460 source_id=Ctrader bar_count=10 symbols=["ADAUSD","EURAUD","EURCAD","EURGBP","EURJPY","EURSGD"]
[2026-05-27T06:07:22.499Z] INFO BAR_PUSH object_type=ea object_id=10869460 source_id=Ctrader bar_count=10 symbols=["ADAUSD","AUDCAD","AUDCHF","AUDJPY","AUDNZD","AUDUSD","BTCUSD","CADJPY","DE40","ETHUSD"]
[2026-05-27T06:07:56.477Z] INFO BAR_PUSH object_type=ea object_id=10869460 source_id=Ctrader bar_count=10 symbols=["EURAUD","EURCAD","EURGBP","EURJPY","EURSGD","EURUSD"]
[2026-05-27T06:08:30.499Z] INFO BAR_PUSH object_type=ea object_id=10869460 source_id=Ctrader bar_count=10 symbols=["ADAUSD","AUDCAD","AUDCHF","AUDJPY","AUDNZD","AUDUSD","BTCUSD","CADJPY","DE40","ETHUSD"]
[2026-05-27T06:09:02.505Z] INFO BAR_PUSH object_type=ea object_id=10869460 source_id=Ctrader bar_count=10 symbols=["AUDCAD","AUDCHF","AUDJPY","AUDNZD","AUDUSD","BTCUSD","CADJPY","DE40","ETHUSD","EURAUD"]
[2026-05-27T06:09:34.457Z] INFO BAR_PUSH object_type=ea object_id=10869460 source_id=Ctrader bar_count=10 symbols=["EURCAD","EURGBP","EURJPY","EURSGD","EURUSD","GBPAUD"]
[2026-05-27T06:10:06.474Z] INFO BAR_PUSH object_type=ea object_id=10869460 source_id=Ctrader bar_count=10 symbols=["ADAUSD","AUDCAD","AUDCHF","AUDJPY","AUDNZD"]
[2026-05-27T06:10:38.488Z] INFO BAR_PUSH object_type=ea object_id=10869460 source_id=Ctrader bar_count=10 symbols=["AUDUSD","BTCUSD","CADJPY","DE40","ETHUSD"]
[2026-05-27T06:11:10.502Z] INFO BAR_PUSH object_type=ea object_id=10869460 source_id=Ctrader bar_count=10 symbols=["AUDCAD","AUDCHF","AUDJPY","AUDNZD","AUDUSD","BTCUSD","CADJPY","DE40","ETHUSD","EURAUD"]
[2026-05-27T06:11:42.481Z] INFO BAR_PUSH object_type=ea object_id=10869460 source_id=Ctrader bar_count=10 symbols=["ADAUSD","EURAUD","EURCAD","EURGBP","EURJPY","EURSGD"]
[2026-05-27T06:12:14.491Z] INFO BAR_PUSH object_type=ea object_id=10869460 source_id=Ctrader bar_count=10 symbols=["AUDCAD","AUDCHF","AUDJPY","AUDNZD","AUDUSD","BTCUSD","CADJPY","DE40","ETHUSD","EURAUD"]
[2026-05-27T06:12:46.489Z] INFO BAR_PUSH object_type=ea object_id=10869460 source_id=Ctrader bar_count=10 symbols=["ADAUSD","EURCAD","EURGBP","EURJPY","EURSGD","EURUSD","GBPAUD","GBPCAD"]
[2026-05-27T06:13:18.489Z] INFO BAR_PUSH object_type=ea object_id=10869460 source_id=Ctrader bar_count=10 symbols=["AUDCAD","AUDCHF","AUDJPY","AUDNZD","AUDUSD","BTCUSD","CADJPY","DE40","ETHUSD","EURAUD"]
[2026-05-27T06:13:50.489Z] INFO BAR_PUSH object_type=ea object_id=10869460 source_id=Ctrader bar_count=10 symbols=["ADAUSD","EURCAD","EURGBP","EURJPY","EURSGD","EURUSD","GBPAUD","GBPCAD"]
[2026-05-27T06:14:22.505Z] INFO BAR_PUSH object_type=ea object_id=10869460 source_id=Ctrader bar_count=10 symbols=["ADAUSD","AUDCAD","AUDCHF","AUDJPY","AUDNZD","AUDUSD","BTCUSD","CADJPY","DE40","ETHUSD"]
[2026-05-27T06:14:54.485Z] INFO BAR_PUSH object_type=ea object_id=10869460 source_id=Ctrader bar_count=10 symbols=["EURAUD","EURCAD","EURGBP","EURJPY","EURSGD","EURUSD","GBPAUD","GBPCAD","GBPJPY"]
[2026-05-27T06:15:26.477Z] INFO BAR_PUSH object_type=ea object_id=10869460 source_id=Ctrader bar_count=10 symbols=["ADAUSD","AUDCAD","AUDCHF","AUDJPY"]
[2026-05-27T06:15:58.478Z] INFO BAR_PUSH object_type=ea object_id=10869460 source_id=Ctrader bar_count=10 symbols=["AUDJPY","AUDNZD","AUDUSD","BTCUSD"]
[2026-05-27T06:16:30.499Z] INFO BAR_PUSH object_type=ea object_id=10869460 source_id=Ctrader bar_count=10 symbols=["ADAUSD","AUDCAD","AUDCHF","AUDJPY","AUDNZD","AUDUSD","BTCUSD","CADJPY"]
[2026-05-27T06:17:02.495Z] INFO BAR_PUSH object_type=ea object_id=10869460 source_id=Ctrader bar_count=10 symbols=["AUDCAD","AUDCHF","AUDJPY","AUDNZD","AUDUSD","BTCUSD","CADJPY","DE40"]
[2026-05-27T06:17:34.491Z] INFO BAR_PUSH object_type=ea object_id=10869460 source_id=Ctrader bar_count=10 symbols=["ADAUSD","DE40","ETHUSD","EURAUD","EURCAD"]
[2026-05-27T06:18:06.492Z] INFO BAR_PUSH object_type=ea object_id=10869460 source_id=Ctrader bar_count=10 symbols=["AUDCAD","AUDCHF","AUDJPY","AUDNZD","AUDUSD","BTCUSD","CADJPY","DE40","ETHUSD","EURAUD"]
[2026-05-27T06:18:38.471Z] INFO BAR_PUSH object_type=ea object_id=10869460 source_id=Ctrader bar_count=10 symbols=["EURCAD","EURGBP","EURJPY","EURSGD"]
[2026-05-27T06:19:10.489Z] INFO BAR_PUSH object_type=ea object_id=10869460 source_id=Ctrader bar_count=10 symbols=["ADAUSD","AUDCAD","AUDCHF","AUDJPY","AUDNZD","AUDUSD","BTCUSD","CADJPY","DE40","ETHUSD"]
[2026-05-27T06:19:42.477Z] INFO BAR_PUSH object_type=ea object_id=10869460 source_id=Ctrader bar_count=10 symbols=["ADAUSD","EURAUD","EURCAD","EURGBP","EURJPY","EURSGD","EURUSD"]
[2026-05-27T06:20:14.483Z] INFO BAR_PUSH object_type=ea object_id=10869460 source_id=Ctrader bar_count=10 symbols=["AUDCAD","AUDCHF","AUDJPY","AUDNZD","AUDUSD"]
[2026-05-27T06:20:46.482Z] INFO BAR_PUSH object_type=ea object_id=10869460 source_id=Ctrader bar_count=10 symbols=["ADAUSD","BTCUSD","CADJPY","DE40","ETHUSD"]
[2026-05-27T06:21:18.473Z] INFO BAR_PUSH object_type=ea object_id=10869460 source_id=Ctrader bar_count=10 symbols=["ADAUSD","AUDCAD","AUDCHF","AUDJPY","AUDNZD","AUDUSD","BTCUSD","CADJPY","DE40","ETHUSD"]
[2026-05-27T06:21:52.489Z] INFO BAR_PUSH object_type=ea object_id=10869460 source_id=Ctrader bar_count=10 symbols=["EURAUD","EURCAD","EURGBP","EURJPY","EURSGD"]
[2026-05-27T06:22:24.491Z] INFO BAR_PUSH object_type=ea object_id=10869460 source_id=Ctrader bar_count=10 symbols=["ADAUSD","AUDCAD","AUDCHF","AUDJPY","AUDNZD","AUDUSD","BTCUSD","CADJPY","DE40","ETHUSD"]
[2026-05-27T06:22:56.498Z] INFO BAR_PUSH object_type=ea object_id=10869460 source_id=Ctrader bar_count=10 symbols=["EURAUD","EURCAD","EURGBP","EURJPY","EURSGD","EURUSD","GBPAUD"]
[2026-05-27T06:23:28.493Z] INFO BAR_PUSH object_type=ea object_id=10869460 source_id=Ctrader bar_count=10 symbols=["ADAUSD","AUDCAD","AUDCHF","AUDJPY","AUDNZD","AUDUSD","BTCUSD","CADJPY","DE40","ETHUSD"]
[2026-05-27T06:24:00.494Z] INFO BAR_PUSH object_type=ea object_id=10869460 source_id=Ctrader bar_count=10 symbols=["AUDCAD","AUDNZD","CADJPY","EURAUD","EURCAD","EURGBP","EURJPY","EURSGD","EURUSD","GBPAUD"]
[2026-05-27T06:24:32.505Z] INFO BAR_PUSH object_type=ea object_id=10869460 source_id=Ctrader bar_count=10 symbols=["AUDCHF","AUDJPY","AUDUSD","BTCUSD","DE40","ETHUSD","EURAUD","EURJPY","EURUSD","GBPAUD"]
[2026-05-27T06:25:04.482Z] INFO BAR_PUSH object_type=ea object_id=10869460 source_id=Ctrader bar_count=10 symbols=["AUDCAD","AUDCHF","AUDJPY","AUDNZD","AUDUSD"]
[2026-05-27T06:25:36.493Z] INFO BAR_PUSH object_type=ea object_id=10869460 source_id=Ctrader bar_count=10 symbols=["ADAUSD","BTCUSD","CADJPY","DE40","ETHUSD"]
[2026-05-27T06:26:08.492Z] INFO BAR_PUSH object_type=ea object_id=10869460 source_id=Ctrader bar_count=10 symbols=["AUDCAD","AUDCHF","AUDJPY","AUDNZD","AUDUSD","BTCUSD","CADJPY","DE40","ETHUSD","EURAUD"]
[2026-05-27T06:26:40.481Z] INFO BAR_PUSH object_type=ea object_id=10869460 source_id=Ctrader bar_count=10 symbols=["ADAUSD","EURAUD","EURCAD","EURGBP","EURJPY","EURSGD"]
[2026-05-27T06:27:12.504Z] INFO BAR_PUSH object_type=ea object_id=10869460 source_id=Ctrader bar_count=10 symbols=["AUDCAD","AUDCHF","AUDJPY","AUDNZD","AUDUSD","BTCUSD","CADJPY","DE40","ETHUSD","EURAUD"]
[2026-05-27T06:27:46.494Z] INFO BAR_PUSH object_type=ea object_id=10869460 source_id=Ctrader bar_count=10 symbols=["EURCAD","EURGBP","EURJPY","EURSGD","EURUSD","GBPAUD","GBPCAD"]
[2026-05-27T06:28:18.477Z] INFO BAR_PUSH object_type=ea object_id=10869460 source_id=Ctrader bar_count=10 symbols=["ADAUSD","AUDCAD","AUDCHF","AUDJPY","AUDNZD","AUDUSD","BTCUSD","CADJPY","DE40","ETHUSD"]
[2026-05-27T06:28:50.498Z] INFO BAR_PUSH object_type=ea object_id=10869460 source_id=Ctrader bar_count=10 symbols=["ADAUSD","EURAUD","EURCAD","EURGBP","EURJPY","EURSGD","EURUSD","GBPAUD","GBPCAD"]
[2026-05-27T06:29:22.505Z] INFO BAR_PUSH object_type=ea object_id=10869460 source_id=Ctrader bar_count=10 symbols=["ADAUSD","AUDCAD","AUDCHF","AUDJPY","AUDNZD","AUDUSD","BTCUSD","CADJPY","DE40","ETHUSD"]
[2026-05-27T06:29:56.508Z] INFO BAR_PUSH object_type=ea object_id=10869460 source_id=Ctrader bar_count=10 symbols=["EURAUD","EURCAD","EURGBP","EURJPY","EURSGD","EURUSD","GBPAUD","GBPCAD","GBPJPY"]
[2026-05-27T06:30:28.473Z] INFO BAR_PUSH object_type=ea object_id=10869460 source_id=Ctrader bar_count=10 symbols=["AUDCAD","AUDCHF","AUDJPY","AUDNZD"]
[2026-05-27T06:31:00.473Z] INFO BAR_PUSH object_type=ea object_id=10869460 source_id=Ctrader bar_count=10 symbols=["ADAUSD","AUDCAD","AUDCHF","AUDJPY","AUDNZD","AUDUSD"]
[2026-05-27T06:31:34.475Z] INFO BAR_PUSH object_type=ea object_id=10869460 source_id=Ctrader bar_count=10 symbols=["ADAUSD","AUDNZD","AUDUSD","BTCUSD","CADJPY"]
[2026-05-27T06:32:06.482Z] INFO BAR_PUSH object_type=ea object_id=10869460 source_id=Ctrader bar_count=10 symbols=["AUDCAD","AUDCHF","AUDJPY","AUDNZD","AUDUSD","BTCUSD","CADJPY","DE40"]
[2026-05-27T06:32:38.489Z] INFO BAR_PUSH object_type=ea object_id=10869460 source_id=Ctrader bar_count=10 symbols=["ADAUSD","ETHUSD","EURAUD","EURCAD"]
[2026-05-27T06:33:10.472Z] INFO BAR_PUSH object_type=ea object_id=10869460 source_id=Ctrader bar_count=10 symbols=["AUDCAD","AUDCHF","AUDJPY","AUDNZD","AUDUSD","BTCUSD","CADJPY","DE40","ETHUSD","EURAUD"]
[2026-05-27T06:33:42.484Z] INFO BAR_PUSH object_type=ea object_id=10869460 source_id=Ctrader bar_count=10 symbols=["ADAUSD","EURCAD","EURGBP","EURJPY","EURSGD"]
[2026-05-27T06:34:14.479Z] INFO BAR_PUSH object_type=ea object_id=10869460 source_id=Ctrader bar_count=10 symbols=["AUDCAD","AUDCHF","AUDJPY","AUDNZD","AUDUSD","BTCUSD","CADJPY","DE40","ETHUSD","EURAUD"]
[2026-05-27T06:34:46.467Z] INFO BAR_PUSH object_type=ea object_id=10869460 source_id=Ctrader bar_count=10 symbols=["EURCAD","EURGBP","EURJPY","EURSGD","EURUSD","GBPAUD"]
[2026-05-27T06:35:20.457Z] INFO BAR_PUSH object_type=ea object_id=10869460 source_id=Ctrader bar_count=10 symbols=["ADAUSD","AUDCAD","AUDCHF","AUDJPY","AUDNZD"]
[2026-05-27T06:35:52.489Z] INFO BAR_PUSH object_type=ea object_id=10869460 source_id=Ctrader bar_count=10 symbols=["AUDUSD","BTCUSD","CADJPY","DE40","ETHUSD"]
[2026-05-27T06:36:24.474Z] INFO BAR_PUSH object_type=ea object_id=10869460 source_id=Ctrader bar_count=10 symbols=["ADAUSD","AUDCAD","AUDCHF","AUDJPY","AUDNZD","AUDUSD","BTCUSD","CADJPY","DE40","ETHUSD"]
[2026-05-27T06:36:56.461Z] INFO BAR_PUSH object_type=ea object_id=10869460 source_id=Ctrader bar_count=10 symbols=["EURAUD","EURCAD","EURGBP","EURJPY","EURSGD"]
[2026-05-27T06:37:28.487Z] INFO BAR_PUSH object_type=ea object_id=10869460 source_id=Ctrader bar_count=10 symbols=["ADAUSD","AUDCAD","AUDCHF","AUDJPY","AUDNZD","AUDUSD","BTCUSD","CADJPY","DE40","ETHUSD"]
[2026-05-27T06:38:00.490Z] INFO BAR_PUSH object_type=ea object_id=10869460 source_id=Ctrader bar_count=10 symbols=["AUDCHF","AUDJPY","AUDUSD","BTCUSD","ETHUSD","EURAUD","EURCAD","EURGBP","EURJPY","EURSGD"]
[2026-05-27T06:38:32.486Z] INFO BAR_PUSH object_type=ea object_id=10869460 source_id=Ctrader bar_count=10 symbols=["AUDCAD","AUDNZD","CADJPY","DE40","EURCAD","EURGBP","EURSGD","EURUSD","GBPAUD"]
[2026-05-27T06:39:04.479Z] INFO BAR_PUSH object_type=ea object_id=10869460 source_id=Ctrader bar_count=10 symbols=["ADAUSD","AUDCAD","AUDCHF","AUDJPY","AUDNZD","AUDUSD","BTCUSD","CADJPY","DE40","ETHUSD"]
[2026-05-27T06:39:36.483Z] INFO BAR_PUSH object_type=ea object_id=10869460 source_id=Ctrader bar_count=10 symbols=["EURAUD","EURCAD","EURGBP","EURJPY","EURSGD","EURUSD","GBPAUD","GBPCAD"]
[2026-05-27T06:40:08.467Z] INFO BAR_PUSH object_type=ea object_id=10869460 source_id=Ctrader bar_count=10 symbols=["AUDCAD","AUDCHF","AUDJPY","AUDNZD","AUDUSD"]
[2026-05-27T06:40:40.477Z] INFO BAR_PUSH object_type=ea object_id=10869460 source_id=Ctrader bar_count=10 symbols=["BTCUSD","CADJPY","DE40","ETHUSD","EURAUD"]
[2026-05-27T06:41:12.479Z] INFO BAR_PUSH object_type=ea object_id=10869460 source_id=Ctrader bar_count=10 symbols=["AUDCAD","AUDCHF","AUDJPY","AUDNZD","AUDUSD","BTCUSD","CADJPY","DE40","ETHUSD","EURAUD"]
[2026-05-27T06:41:46.480Z] INFO BAR_PUSH object_type=ea object_id=10869460 source_id=Ctrader bar_count=10 symbols=["ADAUSD","EURCAD","EURGBP","EURJPY","EURSGD"]
[2026-05-27T06:42:20.461Z] INFO BAR_PUSH object_type=ea object_id=10869460 source_id=Ctrader bar_count=10 symbols=["AUDCAD","AUDCHF","AUDJPY","AUDNZD","AUDUSD","BTCUSD","CADJPY","DE40","ETHUSD","EURAUD"]
[2026-05-27T06:42:52.474Z] INFO BAR_PUSH object_type=ea object_id=10869460 source_id=Ctrader bar_count=10 symbols=["EURCAD","EURGBP","EURJPY","EURSGD","EURUSD","GBPAUD","GBPCAD"]
[2026-05-27T06:43:24.480Z] INFO BAR_PUSH object_type=ea object_id=10869460 source_id=Ctrader bar_count=10 symbols=["ADAUSD","AUDCAD","AUDCHF","AUDJPY","AUDNZD","AUDUSD","BTCUSD","CADJPY","DE40","ETHUSD"]
[2026-05-27T06:43:58.476Z] INFO BAR_PUSH object_type=ea object_id=10869460 source_id=Ctrader bar_count=10 symbols=["EURAUD","EURCAD","EURGBP","EURJPY","EURSGD","EURUSD","GBPAUD","GBPCAD","GBPJPY"]
[2026-05-27T06:44:30.470Z] INFO BAR_PUSH object_type=ea object_id=10869460 source_id=Ctrader bar_count=10 symbols=["AUDCAD","AUDCHF","AUDJPY","AUDNZD","AUDUSD","BTCUSD","CADJPY","DE40","ETHUSD","EURAUD"]
[2026-05-27T06:45:02.452Z] INFO BAR_PUSH object_type=ea object_id=10869460 source_id=Ctrader bar_count=10 symbols=["AUDCAD","AUDCHF","AUDJPY","AUDNZD"]
[2026-05-27T06:45:34.466Z] INFO BAR_PUSH object_type=ea object_id=10869460 source_id=Ctrader bar_count=10 symbols=["AUDNZD","AUDUSD","BTCUSD","CADJPY"]
[2026-05-27T06:46:06.467Z] INFO BAR_PUSH object_type=ea object_id=10869460 source_id=Ctrader bar_count=10 symbols=["ADAUSD","AUDCAD","AUDCHF","AUDJPY","AUDNZD","AUDUSD","BTCUSD","CADJPY"]
[2026-05-27T06:46:40.473Z] INFO BAR_PUSH object_type=ea object_id=10869460 source_id=Ctrader bar_count=10 symbols=["ADAUSD","CADJPY","DE40","ETHUSD","EURAUD"]
[2026-05-27T06:47:12.485Z] INFO BAR_PUSH object_type=ea object_id=10869460 source_id=Ctrader bar_count=10 symbols=["ADAUSD","AUDCAD","AUDCHF","AUDJPY","AUDNZD","AUDUSD","BTCUSD","CADJPY","DE40","ETHUSD"]
[2026-05-27T06:47:44.462Z] INFO BAR_PUSH object_type=ea object_id=10869460 source_id=Ctrader bar_count=10 symbols=["EURAUD","EURCAD","EURGBP","EURJPY"]
[2026-05-27T06:48:16.484Z] INFO BAR_PUSH object_type=ea object_id=10869460 source_id=Ctrader bar_count=10 symbols=["ADAUSD","AUDCAD","AUDCHF","AUDJPY","AUDNZD","AUDUSD","BTCUSD","CADJPY","DE40","ETHUSD"]
[2026-05-27T06:48:48.459Z] INFO BAR_PUSH object_type=ea object_id=10869460 source_id=Ctrader bar_count=10 symbols=["EURAUD","EURCAD","EURGBP","EURJPY","EURSGD","EURUSD"]
[2026-05-27T06:49:20.459Z] INFO BAR_PUSH object_type=ea object_id=10869460 source_id=Ctrader bar_count=10 symbols=["AUDCAD","AUDCHF","AUDJPY","AUDNZD","AUDUSD","BTCUSD","CADJPY","DE40","ETHUSD","EURAUD"]
[2026-05-27T06:49:52.460Z] INFO BAR_PUSH object_type=ea object_id=10869460 source_id=Ctrader bar_count=10 symbols=["ADAUSD","EURCAD","EURGBP","EURJPY","EURSGD","EURUSD","GBPAUD"]
[2026-05-27T06:50:24.471Z] INFO BAR_PUSH object_type=ea object_id=10869460 source_id=Ctrader bar_count=10 symbols=["AUDCAD","AUDCHF","AUDJPY","AUDNZD","AUDUSD"]
[2026-05-27T06:50:56.477Z] INFO BAR_PUSH object_type=ea object_id=10869460 source_id=Ctrader bar_count=10 symbols=["ADAUSD","BTCUSD","CADJPY","DE40","ETHUSD"]
[2026-05-27T06:51:28.495Z] INFO BAR_PUSH object_type=ea object_id=10869460 source_id=Ctrader bar_count=10 symbols=["AUDCAD","AUDCHF","AUDJPY","AUDNZD","AUDUSD","BTCUSD","CADJPY","DE40","ETHUSD","EURAUD"]
[2026-05-27T06:52:00.487Z] INFO BAR_PUSH object_type=ea object_id=10869460 source_id=Ctrader bar_count=10 symbols=["ADAUSD","ETHUSD","EURAUD","EURCAD","EURGBP","EURJPY","EURSGD"]
[2026-05-27T06:52:32.489Z] INFO BAR_PUSH object_type=ea object_id=10869460 source_id=Ctrader bar_count=10 symbols=["AUDCAD","AUDCHF","AUDJPY","AUDNZD","AUDUSD","BTCUSD","CADJPY","DE40","EURAUD","EURCAD"]
[2026-05-27T06:53:04.501Z] INFO BAR_PUSH object_type=ea object_id=10869460 source_id=Ctrader bar_count=10 symbols=["AUDCAD","AUDCHF","AUDJPY","AUDNZD","AUDUSD","BTCUSD","CADJPY","DE40","ETHUSD","EURAUD"]
[2026-05-27T06:53:36.496Z] INFO BAR_PUSH object_type=ea object_id=10869460 source_id=Ctrader bar_count=10 symbols=["EURCAD","EURGBP","EURJPY","EURSGD","EURUSD","GBPAUD","GBPCAD"]
[2026-05-27T06:54:08.485Z] INFO BAR_PUSH object_type=ea object_id=10869460 source_id=Ctrader bar_count=10 symbols=["ADAUSD","AUDCAD","AUDCHF","AUDJPY","AUDNZD","AUDUSD","BTCUSD","CADJPY","DE40","ETHUSD"]
[2026-05-27T06:54:40.498Z] INFO BAR_PUSH object_type=ea object_id=10869460 source_id=Ctrader bar_count=10 symbols=["ADAUSD","EURAUD","EURCAD","EURGBP","EURJPY","EURSGD","EURUSD","GBPAUD","GBPCAD"]
[2026-05-27T06:55:12.497Z] INFO BAR_PUSH object_type=ea object_id=10869460 source_id=Ctrader bar_count=10 symbols=["AUDCAD","AUDCHF","AUDJPY","AUDNZD","AUDUSD"]
[2026-05-27T06:55:44.496Z] INFO BAR_PUSH object_type=ea object_id=10869460 source_id=Ctrader bar_count=10 symbols=["BTCUSD","CADJPY","DE40","ETHUSD","EURAUD"]
[2026-05-27T06:56:16.503Z] INFO BAR_PUSH object_type=ea object_id=10869460 source_id=Ctrader bar_count=10 symbols=["ADAUSD","AUDCAD","AUDCHF","AUDJPY","AUDNZD","AUDUSD","BTCUSD","CADJPY","DE40"]
[2026-05-27T06:56:48.477Z] INFO BAR_PUSH object_type=ea object_id=10869460 source_id=Ctrader bar_count=10 symbols=["ETHUSD","EURAUD","EURCAD","EURGBP","EURJPY","EURSGD"]
[2026-05-27T06:57:20.496Z] INFO BAR_PUSH object_type=ea object_id=10869460 source_id=Ctrader bar_count=10 symbols=["AUDCAD","AUDCHF","AUDJPY","AUDNZD","AUDUSD","BTCUSD","CADJPY","DE40","ETHUSD","EURAUD"]
[2026-05-27T06:57:52.489Z] INFO BAR_PUSH object_type=ea object_id=10869460 source_id=Ctrader bar_count=10 symbols=["ADAUSD","EURCAD","EURGBP","EURJPY","EURSGD","EURUSD","GBPAUD","GBPCAD"]
[2026-05-27T06:58:26.501Z] INFO BAR_PUSH object_type=ea object_id=10869460 source_id=Ctrader bar_count=10 symbols=["ADAUSD","AUDCAD","AUDCHF","AUDJPY","AUDNZD","AUDUSD","BTCUSD","CADJPY","DE40","ETHUSD"]
[2026-05-27T06:58:58.477Z] INFO BAR_PUSH object_type=ea object_id=10869460 source_id=Ctrader bar_count=10 symbols=["EURAUD","EURCAD","EURGBP","EURJPY","EURSGD","EURUSD","GBPAUD","GBPCAD"]
[2026-05-27T06:59:30.493Z] INFO BAR_PUSH object_type=ea object_id=10869460 source_id=Ctrader bar_count=10 symbols=["ADAUSD","AUDCAD","AUDCHF","AUDJPY","AUDNZD","AUDUSD","BTCUSD","CADJPY","DE40","ETHUSD"]
[2026-05-27T07:00:02.474Z] INFO BAR_PUSH object_type=ea object_id=10869460 source_id=Ctrader bar_count=10 symbols=["AUDCAD","AUDCHF","AUDJPY"]
[2026-05-27T07:00:34.552Z] INFO BAR_PUSH object_type=ea object_id=10869460 source_id=Ctrader bar_count=10 symbols=["ADAUSD","AUDJPY","AUDNZD"]
[2026-05-27T07:01:06.492Z] INFO BAR_PUSH object_type=ea object_id=10869460 source_id=Ctrader bar_count=10 symbols=["ADAUSD","AUDCAD","AUDCHF","AUDJPY","AUDNZD","AUDUSD","BTCUSD"]
[2026-05-27T07:01:38.470Z] INFO BAR_PUSH object_type=ea object_id=10869460 source_id=Ctrader bar_count=10 symbols=["BTCUSD","CADJPY","DE40"]
[2026-05-27T07:02:12.510Z] INFO BAR_PUSH object_type=ea object_id=10869460 source_id=Ctrader bar_count=10 symbols=["AUDCAD","AUDCHF","AUDJPY","AUDNZD","AUDUSD","BTCUSD","CADJPY","DE40","ETHUSD"]
[2026-05-27T07:02:46.499Z] INFO BAR_PUSH object_type=ea object_id=10869460 source_id=Ctrader bar_count=10 symbols=["ADAUSD","ETHUSD","EURAUD","EURCAD"]
[2026-05-27T07:03:18.477Z] INFO BAR_PUSH object_type=ea object_id=10869460 source_id=Ctrader bar_count=10 symbols=["ADAUSD","AUDCAD","AUDCHF","AUDJPY","AUDNZD","AUDUSD","BTCUSD","CADJPY","DE40","ETHUSD"]
[2026-05-27T07:03:50.559Z] INFO BAR_PUSH object_type=ea object_id=10869460 source_id=Ctrader bar_count=10 symbols=["EURAUD","EURCAD","EURGBP","EURJPY"]
[2026-05-27T07:04:22.511Z] INFO BAR_PUSH object_type=ea object_id=10869460 source_id=Ctrader bar_count=10 symbols=["AUDCAD","AUDCHF","AUDJPY","AUDNZD","AUDUSD","BTCUSD","CADJPY","DE40","ETHUSD","EURAUD"]
[2026-05-27T07:04:54.501Z] INFO BAR_PUSH object_type=ea object_id=10869460 source_id=Ctrader bar_count=10 symbols=["ADAUSD","EURCAD","EURGBP","EURJPY","EURSGD"]
[2026-05-27T07:05:26.504Z] INFO BAR_PUSH object_type=ea object_id=10869460 source_id=Ctrader bar_count=10 symbols=["ADAUSD","AUDCAD","AUDCHF","AUDJPY","AUDNZD"]
[2026-05-27T07:05:58.503Z] INFO BAR_PUSH object_type=ea object_id=10869460 source_id=Ctrader bar_count=10 symbols=["AUDUSD","BTCUSD","CADJPY","DE40","ETHUSD"]
[2026-05-27T07:06:30.515Z] INFO BAR_PUSH object_type=ea object_id=10869460 source_id=Ctrader bar_count=10 symbols=["ADAUSD","AUDCAD","AUDCHF","AUDJPY","AUDNZD","AUDUSD","BTCUSD","CADJPY","DE40","ETHUSD"]
[2026-05-27T07:07:02.513Z] INFO BAR_PUSH object_type=ea object_id=10869460 source_id=Ctrader bar_count=10 symbols=["AUDCAD","AUDCHF","AUDJPY","AUDNZD","AUDUSD","BTCUSD","CADJPY","DE40","ETHUSD","EURAUD"]
[2026-05-27T07:07:34.503Z] INFO BAR_PUSH object_type=ea object_id=10869460 source_id=Ctrader bar_count=10 symbols=["EURAUD","EURCAD","EURGBP","EURJPY","EURSGD","EURUSD"]
[2026-05-27T07:08:06.519Z] INFO BAR_PUSH object_type=ea object_id=10869460 source_id=Ctrader bar_count=10 symbols=["ADAUSD","AUDCAD","AUDCHF","AUDJPY","AUDNZD","AUDUSD","BTCUSD","CADJPY","DE40","ETHUSD"]
[2026-05-27T07:08:38.590Z] INFO BAR_PUSH object_type=ea object_id=10869460 source_id=Ctrader bar_count=10 symbols=["ADAUSD","EURAUD","EURCAD","EURGBP","EURJPY","EURSGD","EURUSD"]
[2026-05-27T07:09:10.509Z] INFO BAR_PUSH object_type=ea object_id=10869460 source_id=Ctrader bar_count=10 symbols=["AUDCAD","AUDCHF","AUDJPY","AUDNZD","AUDUSD","BTCUSD","CADJPY","DE40","ETHUSD","EURAUD"]
[2026-05-27T07:09:42.500Z] INFO BAR_PUSH object_type=ea object_id=10869460 source_id=Ctrader bar_count=10 symbols=["ADAUSD","EURCAD","EURGBP","EURJPY","EURSGD","EURUSD","GBPAUD"]
[2026-05-27T07:10:16.509Z] INFO BAR_PUSH object_type=ea object_id=10869460 source_id=Ctrader bar_count=10 symbols=["ADAUSD","AUDCAD","AUDCHF","AUDJPY","AUDNZD"]
[2026-05-27T07:10:50.497Z] INFO BAR_PUSH object_type=ea object_id=10869460 source_id=Ctrader bar_count=10 symbols=["AUDUSD","BTCUSD","CADJPY","DE40","ETHUSD"]
[2026-05-27T07:11:22.516Z] INFO BAR_PUSH object_type=ea object_id=10869460 source_id=Ctrader bar_count=10 symbols=["AUDCAD","AUDCHF","AUDJPY","AUDNZD","AUDUSD","BTCUSD","CADJPY","DE40","ETHUSD","EURAUD"]
[2026-05-27T07:11:54.495Z] INFO BAR_PUSH object_type=ea object_id=10869460 source_id=Ctrader bar_count=10 symbols=["ADAUSD","EURAUD","EURCAD","EURGBP","EURJPY","EURSGD"]
[2026-05-27T07:12:26.515Z] INFO BAR_PUSH object_type=ea object_id=10869460 source_id=Ctrader bar_count=10 symbols=["AUDCAD","AUDCHF","AUDJPY","AUDNZD","AUDUSD","BTCUSD","CADJPY","DE40","ETHUSD","EURAUD"]
[2026-05-27T07:13:00.512Z] INFO BAR_PUSH object_type=ea object_id=10869460 source_id=Ctrader bar_count=10 symbols=["ADAUSD","AUDCAD","BTCUSD","CADJPY","DE40","ETHUSD","EURAUD","EURCAD","EURGBP","EURJPY"]
[2026-05-27T07:13:32.506Z] INFO BAR_PUSH object_type=ea object_id=10869460 source_id=Ctrader bar_count=10 symbols=["ADAUSD","AUDCHF","AUDJPY","AUDNZD","AUDUSD","EURSGD","EURUSD","GBPAUD"]
[2026-05-27T07:14:04.523Z] INFO BAR_PUSH object_type=ea object_id=10869460 source_id=Ctrader bar_count=10 symbols=["AUDCAD","AUDCHF","AUDJPY","AUDNZD","AUDUSD","BTCUSD","CADJPY","DE40","ETHUSD","EURAUD"]
[2026-05-27T07:14:36.508Z] INFO BAR_PUSH object_type=ea object_id=10869460 source_id=Ctrader bar_count=10 symbols=["ADAUSD","EURCAD","EURGBP","EURJPY","EURSGD","EURUSD","GBPAUD","GBPCAD"]
[2026-05-27T07:15:08.494Z] INFO BAR_PUSH object_type=ea object_id=10869460 source_id=Ctrader bar_count=10 symbols=["ADAUSD","AUDCAD","AUDCHF","AUDJPY"]
[2026-05-27T07:15:42.501Z] INFO BAR_PUSH object_type=ea object_id=10869460 source_id=Ctrader bar_count=10 symbols=["AUDJPY","AUDNZD","AUDUSD","BTCUSD"]
[2026-05-27T07:16:16.514Z] INFO BAR_PUSH object_type=ea object_id=10869460 source_id=Ctrader bar_count=10 symbols=["ADAUSD","AUDCAD","AUDCHF","AUDJPY","AUDNZD","AUDUSD","BTCUSD","CADJPY"]
[2026-05-27T07:16:50.491Z] INFO BAR_PUSH object_type=ea object_id=10869460 source_id=Ctrader bar_count=10 symbols=["CADJPY","DE40","ETHUSD","EURAUD"]
[2026-05-27T07:17:22.511Z] INFO BAR_PUSH object_type=ea object_id=10869460 source_id=Ctrader bar_count=10 symbols=["ADAUSD","AUDCAD","AUDCHF","AUDJPY","AUDNZD","AUDUSD","BTCUSD","CADJPY","DE40","ETHUSD"]
[2026-05-27T07:17:54.495Z] INFO BAR_PUSH object_type=ea object_id=10869460 source_id=Ctrader bar_count=10 symbols=["EURAUD","EURCAD","EURGBP","EURJPY"]
[2026-05-27T07:18:28.519Z] INFO BAR_PUSH object_type=ea object_id=10869460 source_id=Ctrader bar_count=10 symbols=["AUDCAD","AUDCHF","AUDJPY","AUDNZD","AUDUSD","BTCUSD","CADJPY","DE40","ETHUSD","EURAUD"]
[2026-05-27T07:19:00.521Z] INFO BAR_PUSH object_type=ea object_id=10869460 source_id=Ctrader bar_count=10 symbols=["ADAUSD","AUDCAD","AUDCHF","AUDJPY","AUDNZD","CADJPY","DE40","EURCAD","EURGBP","EURJPY"]
[2026-05-27T07:19:32.512Z] INFO BAR_PUSH object_type=ea object_id=10869460 source_id=Ctrader bar_count=10 symbols=["AUDUSD","BTCUSD","ETHUSD","EURAUD","EURGBP","EURSGD","EURUSD"]
[2026-05-27T07:20:04.510Z] INFO BAR_PUSH object_type=ea object_id=10869460 source_id=Ctrader bar_count=10 symbols=["AUDCAD","AUDCHF","AUDJPY","AUDNZD","AUDUSD"]
[2026-05-27T07:20:36.508Z] INFO BAR_PUSH object_type=ea object_id=10869460 source_id=Ctrader bar_count=10 symbols=["BTCUSD","CADJPY","DE40","ETHUSD","EURAUD"]
[2026-05-27T07:21:08.523Z] INFO BAR_PUSH object_type=ea object_id=10869460 source_id=Ctrader bar_count=10 symbols=["AUDCAD","AUDCHF","AUDJPY","AUDNZD","AUDUSD","BTCUSD","CADJPY","DE40","ETHUSD","EURAUD"]
[2026-05-27T07:21:40.498Z] INFO BAR_PUSH object_type=ea object_id=10869460 source_id=Ctrader bar_count=10 symbols=["ADAUSD","EURCAD","EURGBP","EURJPY","EURSGD"]
[2026-05-27T07:22:12.517Z] INFO BAR_PUSH object_type=ea object_id=10869460 source_id=Ctrader bar_count=10 symbols=["ADAUSD","AUDCAD","AUDCHF","AUDJPY","AUDNZD","AUDUSD","BTCUSD","CADJPY","DE40","ETHUSD"]
[2026-05-27T07:22:46.597Z] INFO BAR_PUSH object_type=ea object_id=10869460 source_id=Ctrader bar_count=10 symbols=["EURAUD","EURCAD","EURGBP","EURJPY","EURSGD","EURUSD","GBPAUD"]
[2026-05-27T07:23:18.486Z] INFO BAR_PUSH object_type=ea object_id=10869460 source_id=Ctrader bar_count=10 symbols=["ADAUSD","AUDCAD","AUDCHF","AUDJPY","AUDNZD","AUDUSD","BTCUSD","CADJPY","DE40","ETHUSD"]
[2026-05-27T07:23:50.510Z] INFO BAR_PUSH object_type=ea object_id=10869460 source_id=Ctrader bar_count=10 symbols=["EURAUD","EURCAD","EURGBP","EURJPY","EURSGD","EURUSD","GBPAUD","GBPCAD"]
[2026-05-27T07:24:24.517Z] INFO BAR_PUSH object_type=ea object_id=10869460 source_id=Ctrader bar_count=10 symbols=["ADAUSD","AUDCAD","AUDCHF","AUDJPY","AUDNZD","AUDUSD","BTCUSD","CADJPY","DE40","ETHUSD"]
[2026-05-27T07:24:56.510Z] INFO BAR_PUSH object_type=ea object_id=10869460 source_id=Ctrader bar_count=10 symbols=["EURAUD","EURCAD","EURGBP","EURJPY","EURSGD","EURUSD","GBPAUD","GBPCAD"]
[2026-05-27T07:25:30.482Z] INFO BAR_PUSH object_type=ea object_id=10869460 source_id=Ctrader bar_count=10 symbols=["ADAUSD","AUDCAD","AUDCHF","AUDJPY","AUDNZD"]
[2026-05-27T07:26:02.503Z] INFO BAR_PUSH object_type=ea object_id=10869460 source_id=Ctrader bar_count=10 symbols=["AUDCAD","AUDCHF","AUDJPY","AUDNZD","AUDUSD","BTCUSD","CADJPY"]
[2026-05-27T07:26:34.503Z] INFO BAR_PUSH object_type=ea object_id=10869460 source_id=Ctrader bar_count=10 symbols=["ADAUSD","CADJPY","DE40","ETHUSD","EURAUD","EURCAD"]
[2026-05-27T07:27:06.506Z] INFO BAR_PUSH object_type=ea object_id=10869460 source_id=Ctrader bar_count=10 symbols=["AUDCAD","AUDCHF","AUDJPY","AUDNZD","AUDUSD","BTCUSD","CADJPY","DE40","ETHUSD","EURAUD"]
[2026-05-27T07:27:40.489Z] INFO BAR_PUSH object_type=ea object_id=10869460 source_id=Ctrader bar_count=10 symbols=["EURCAD","EURGBP","EURJPY","EURSGD","EURUSD","GBPAUD"]
[2026-05-27T07:28:12.520Z] INFO BAR_PUSH object_type=ea object_id=10869460 source_id=Ctrader bar_count=10 symbols=["AUDCAD","AUDCHF","AUDJPY","AUDNZD","AUDUSD","BTCUSD","CADJPY","DE40","ETHUSD","EURAUD"]
[2026-05-27T07:28:44.512Z] INFO BAR_PUSH object_type=ea object_id=10869460 source_id=Ctrader bar_count=10 symbols=["ADAUSD","EURCAD","EURGBP","EURJPY","EURSGD","EURUSD","GBPAUD","GBPCAD"]
[2026-05-27T07:29:16.515Z] INFO BAR_PUSH object_type=ea object_id=10869460 source_id=Ctrader bar_count=10 symbols=["AUDCAD","AUDCHF","AUDJPY","AUDNZD","AUDUSD","BTCUSD","CADJPY","DE40","EURAUD","EURCAD"]
[2026-05-27T07:29:48.508Z] INFO BAR_PUSH object_type=ea object_id=10869460 source_id=Ctrader bar_count=10 symbols=["ETHUSD","EURGBP","EURJPY","EURSGD","EURUSD","GBPAUD","GBPCAD","GBPJPY"]
[2026-05-27T07:30:20.483Z] INFO BAR_PUSH object_type=ea object_id=10869460 source_id=Ctrader bar_count=10 symbols=["ADAUSD","AUDCAD","AUDCHF","AUDJPY"]
[2026-05-27T07:30:52.477Z] INFO BAR_PUSH object_type=ea object_id=10869460 source_id=Ctrader bar_count=10 symbols=["ADAUSD","AUDNZD","AUDUSD","BTCUSD"]
[2026-05-27T07:31:24.494Z] INFO BAR_PUSH object_type=ea object_id=10869460 source_id=Ctrader bar_count=10 symbols=["AUDCAD","AUDCHF","AUDJPY","AUDNZD","AUDUSD","BTCUSD","CADJPY"]
[2026-05-27T07:31:56.465Z] INFO BAR_PUSH object_type=ea object_id=10869460 source_id=Ctrader bar_count=10 symbols=["ADAUSD","CADJPY","DE40","ETHUSD","EURAUD"]
[2026-05-27T07:32:30.505Z] INFO BAR_PUSH object_type=ea object_id=10869460 source_id=Ctrader bar_count=10 symbols=["ADAUSD","AUDCAD","AUDCHF","AUDJPY","AUDNZD","AUDUSD","BTCUSD","CADJPY","DE40","ETHUSD"]
[2026-05-27T07:33:02.507Z] INFO BAR_PUSH object_type=ea object_id=10869460 source_id=Ctrader bar_count=10 symbols=["AUDCAD","AUDCHF","AUDJPY","AUDNZD","AUDUSD","BTCUSD","CADJPY","DE40","ETHUSD","EURAUD"]
[2026-05-27T07:33:36.478Z] INFO BAR_PUSH object_type=ea object_id=10869460 source_id=Ctrader bar_count=10 symbols=["EURAUD","EURCAD","EURGBP","EURJPY"]
[2026-05-27T07:34:08.500Z] INFO BAR_PUSH object_type=ea object_id=10869460 source_id=Ctrader bar_count=10 symbols=["ADAUSD","AUDCAD","AUDCHF","AUDJPY","AUDNZD","AUDUSD","BTCUSD","CADJPY","DE40","ETHUSD"]
[2026-05-27T07:34:40.487Z] INFO BAR_PUSH object_type=ea object_id=10869460 source_id=Ctrader bar_count=10 symbols=["ADAUSD","EURAUD","EURCAD","EURGBP","EURJPY","EURSGD","EURUSD"]
[2026-05-27T07:35:12.477Z] INFO BAR_PUSH object_type=ea object_id=10869460 source_id=Ctrader bar_count=10 symbols=["ADAUSD","AUDCAD","AUDCHF","AUDJPY","AUDNZD"]
[2026-05-27T07:35:44.482Z] INFO BAR_PUSH object_type=ea object_id=10869460 source_id=Ctrader bar_count=10 symbols=["AUDUSD","BTCUSD","CADJPY","DE40","ETHUSD"]
[2026-05-27T07:36:16.493Z] INFO BAR_PUSH object_type=ea object_id=10869460 source_id=Ctrader bar_count=10 symbols=["AUDCAD","AUDCHF","AUDJPY","AUDNZD","AUDUSD","BTCUSD","CADJPY","DE40","ETHUSD","EURAUD"]
[2026-05-27T07:36:48.472Z] INFO BAR_PUSH object_type=ea object_id=10869460 source_id=Ctrader bar_count=10 symbols=["ADAUSD","EURAUD","EURCAD","EURGBP","EURJPY","EURSGD"]
[2026-05-27T07:37:20.487Z] INFO BAR_PUSH object_type=ea object_id=10869460 source_id=Ctrader bar_count=10 symbols=["AUDCAD","AUDCHF","AUDJPY","AUDNZD","AUDUSD","BTCUSD","CADJPY","DE40","ETHUSD","EURAUD"]
[2026-05-27T07:37:52.498Z] INFO BAR_PUSH object_type=ea object_id=10869460 source_id=Ctrader bar_count=10 symbols=["ADAUSD","EURCAD","EURGBP","EURJPY","EURSGD","EURUSD","GBPAUD"]
[2026-05-27T07:38:24.500Z] INFO BAR_PUSH object_type=ea object_id=10869460 source_id=Ctrader bar_count=10 symbols=["ADAUSD","AUDCAD","AUDCHF","AUDJPY","AUDNZD","AUDUSD","BTCUSD","CADJPY","DE40","ETHUSD"]
[2026-05-27T07:38:56.463Z] INFO BAR_PUSH object_type=ea object_id=10869460 source_id=Ctrader bar_count=10 symbols=["EURAUD","EURCAD","EURGBP","EURJPY","EURSGD","EURUSD","GBPAUD","GBPCAD"]
[2026-05-27T07:39:30.484Z] INFO BAR_PUSH object_type=ea object_id=10869460 source_id=Ctrader bar_count=10 symbols=["ADAUSD","AUDCAD","AUDCHF","AUDJPY","AUDNZD","AUDUSD","BTCUSD","CADJPY","DE40","ETHUSD"]
[2026-05-27T07:40:02.476Z] INFO BAR_PUSH object_type=ea object_id=10869460 source_id=Ctrader bar_count=10 symbols=["ADAUSD","AUDCAD","AUDCHF","AUDJPY","AUDNZD"]
[2026-05-27T07:40:34.454Z] INFO BAR_PUSH object_type=ea object_id=10869460 source_id=Ctrader bar_count=10 symbols=["AUDUSD","BTCUSD","CADJPY","DE40","ETHUSD"]
[2026-05-27T07:41:06.486Z] INFO BAR_PUSH object_type=ea object_id=10869460 source_id=Ctrader bar_count=10 symbols=["AUDCAD","AUDCHF","AUDJPY","AUDNZD","AUDUSD","BTCUSD","CADJPY","DE40","ETHUSD","EURAUD"]
[2026-05-27T07:41:38.449Z] INFO BAR_PUSH object_type=ea object_id=10869460 source_id=Ctrader bar_count=10 symbols=["EURAUD","EURCAD","EURGBP","EURJPY","EURSGD","EURUSD"]
[2026-05-27T07:42:10.490Z] INFO BAR_PUSH object_type=ea object_id=10869460 source_id=Ctrader bar_count=10 symbols=["ADAUSD","AUDCAD","AUDCHF","AUDJPY","AUDNZD","AUDUSD","BTCUSD","CADJPY","DE40","ETHUSD"]
[2026-05-27T07:42:42.489Z] INFO BAR_PUSH object_type=ea object_id=10869460 source_id=Ctrader bar_count=10 symbols=["EURAUD","EURCAD","EURGBP","EURJPY","EURSGD","EURUSD","GBPAUD","GBPCAD"]
[2026-05-27T07:43:14.480Z] INFO BAR_PUSH object_type=ea object_id=10869460 source_id=Ctrader bar_count=10 symbols=["ADAUSD","AUDCAD","AUDCHF","AUDJPY","AUDNZD","AUDUSD","BTCUSD","CADJPY","DE40","ETHUSD"]
[2026-05-27T07:43:46.493Z] INFO BAR_PUSH object_type=ea object_id=10869460 source_id=Ctrader bar_count=10 symbols=["EURAUD","EURCAD","EURGBP","EURJPY","EURSGD","EURUSD","GBPAUD","GBPCAD"]
[2026-05-27T07:44:20.527Z] INFO BAR_PUSH object_type=ea object_id=10869460 source_id=Ctrader bar_count=10 symbols=["AUDCAD","AUDCHF","AUDJPY","AUDNZD","AUDUSD","BTCUSD","CADJPY","DE40","ETHUSD","EURAUD"]
[2026-05-27T07:44:54.487Z] INFO BAR_PUSH object_type=ea object_id=10869460 source_id=Ctrader bar_count=10 symbols=["EURCAD","EURGBP","EURJPY","EURSGD","EURUSD","GBPAUD","GBPCAD","GBPJPY"]
[2026-05-27T07:45:26.445Z] INFO BAR_PUSH object_type=ea object_id=10869460 source_id=Ctrader bar_count=10 symbols=["AUDCAD","AUDCHF","AUDJPY","AUDNZD"]
[2026-05-27T07:45:58.475Z] INFO BAR_PUSH object_type=ea object_id=10869460 source_id=Ctrader bar_count=10 symbols=["ADAUSD","AUDNZD","AUDUSD","BTCUSD"]
[2026-05-27T07:46:30.476Z] INFO BAR_PUSH object_type=ea object_id=10869460 source_id=Ctrader bar_count=10 symbols=["ADAUSD","AUDCAD","AUDCHF","AUDJPY","AUDNZD","AUDUSD","BTCUSD","CADJPY"]
[2026-05-27T07:47:02.499Z] INFO BAR_PUSH object_type=ea object_id=10869460 source_id=Ctrader bar_count=10 symbols=["AUDCAD","AUDCHF","AUDJPY","AUDNZD","AUDUSD","BTCUSD","CADJPY","DE40"]
[2026-05-27T07:47:34.471Z] INFO BAR_PUSH object_type=ea object_id=10869460 source_id=Ctrader bar_count=10 symbols=["DE40","ETHUSD","EURAUD","EURCAD"]
[2026-05-27T07:48:08.500Z] INFO BAR_PUSH object_type=ea object_id=10869460 source_id=Ctrader bar_count=10 symbols=["ADAUSD","AUDCAD","AUDCHF","AUDJPY","AUDNZD","AUDUSD","BTCUSD","CADJPY","DE40","ETHUSD"]
[2026-05-27T07:48:40.470Z] INFO BAR_PUSH object_type=ea object_id=10869460 source_id=Ctrader bar_count=10 symbols=["EURAUD","EURCAD","EURGBP","EURJPY","EURSGD"]
[2026-05-27T07:49:12.489Z] INFO BAR_PUSH object_type=ea object_id=10869460 source_id=Ctrader bar_count=10 symbols=["AUDCAD","AUDCHF","AUDJPY","AUDNZD","AUDUSD","BTCUSD","CADJPY","DE40","ETHUSD","EURAUD"]
[2026-05-27T07:49:44.481Z] INFO BAR_PUSH object_type=ea object_id=10869460 source_id=Ctrader bar_count=10 symbols=["ADAUSD","EURCAD","EURGBP","EURJPY","EURSGD","EURUSD","GBPAUD"]
[2026-05-27T07:50:16.460Z] INFO BAR_PUSH object_type=ea object_id=10869460 source_id=Ctrader bar_count=10 symbols=["ADAUSD","AUDCAD","AUDCHF","AUDJPY","AUDNZD"]
[2026-05-27T07:50:48.482Z] INFO BAR_PUSH object_type=ea object_id=10869460 source_id=Ctrader bar_count=10 symbols=["AUDUSD","BTCUSD","CADJPY","DE40","ETHUSD"]
[2026-05-27T07:51:22.493Z] INFO BAR_PUSH object_type=ea object_id=10869460 source_id=Ctrader bar_count=10 symbols=["ADAUSD","AUDCAD","AUDCHF","AUDJPY","AUDNZD","AUDUSD","BTCUSD","CADJPY","DE40","ETHUSD"]
[2026-05-27T07:51:54.479Z] INFO BAR_PUSH object_type=ea object_id=10869460 source_id=Ctrader bar_count=10 symbols=["EURAUD","EURCAD","EURGBP","EURJPY","EURSGD"]
[2026-05-27T07:52:26.471Z] INFO BAR_PUSH object_type=ea object_id=10869460 source_id=Ctrader bar_count=10 symbols=["AUDCAD","AUDCHF","AUDJPY","AUDNZD","AUDUSD","BTCUSD","CADJPY","DE40","ETHUSD","EURAUD"]
[2026-05-27T07:52:58.477Z] INFO BAR_PUSH object_type=ea object_id=10869460 source_id=Ctrader bar_count=10 symbols=["EURCAD","EURGBP","EURJPY","EURSGD","EURUSD","GBPAUD","GBPCAD"]
[2026-05-27T07:53:30.472Z] INFO BAR_PUSH object_type=ea object_id=10869460 source_id=Ctrader bar_count=10 symbols=["AUDCAD","AUDCHF","AUDJPY","AUDNZD","AUDUSD","BTCUSD","CADJPY","DE40","ETHUSD","EURAUD"]
[2026-05-27T07:54:04.481Z] INFO BAR_PUSH object_type=ea object_id=10869460 source_id=Ctrader bar_count=10 symbols=["ADAUSD","AUDCAD","AUDCHF","AUDJPY","AUDNZD","AUDUSD","BTCUSD","CADJPY","DE40","ETHUSD"]
[2026-05-27T07:54:36.478Z] INFO BAR_PUSH object_type=ea object_id=10869460 source_id=Ctrader bar_count=10 symbols=["EURAUD","EURCAD","EURGBP","EURJPY","EURSGD","EURUSD","GBPAUD","GBPCAD"]
[2026-05-27T07:55:08.482Z] INFO BAR_PUSH object_type=ea object_id=10869460 source_id=Ctrader bar_count=10 symbols=["ADAUSD","AUDCAD","AUDCHF","AUDJPY","AUDNZD","AUDUSD"]
[2026-05-27T07:55:42.461Z] INFO BAR_PUSH object_type=ea object_id=10869460 source_id=Ctrader bar_count=10 symbols=["ADAUSD","AUDUSD","BTCUSD","CADJPY","DE40","ETHUSD"]
[2026-05-27T07:56:14.505Z] INFO BAR_PUSH object_type=ea object_id=10869460 source_id=Ctrader bar_count=10 symbols=["ADAUSD","AUDCAD","AUDCHF","AUDJPY","AUDNZD","AUDUSD","BTCUSD","CADJPY","DE40","ETHUSD"]
[2026-05-27T07:56:46.453Z] INFO BAR_PUSH object_type=ea object_id=10869460 source_id=Ctrader bar_count=10 symbols=["ETHUSD","EURAUD","EURCAD","EURGBP","EURJPY","EURSGD"]
[2026-05-27T07:57:18.484Z] INFO BAR_PUSH object_type=ea object_id=10869460 source_id=Ctrader bar_count=10 symbols=["AUDCAD","AUDCHF","AUDJPY","AUDNZD","AUDUSD","BTCUSD","CADJPY","DE40","ETHUSD","EURAUD"]
[2026-05-27T07:57:50.455Z] INFO BAR_PUSH object_type=ea object_id=10869460 source_id=Ctrader bar_count=10 symbols=["EURCAD","EURGBP","EURJPY","EURSGD","EURUSD","GBPAUD","GBPCAD"]
[2026-05-27T07:58:22.496Z] INFO BAR_PUSH object_type=ea object_id=10869460 source_id=Ctrader bar_count=10 symbols=["AUDCAD","AUDCHF","AUDJPY","AUDNZD","AUDUSD","BTCUSD","CADJPY","DE40","ETHUSD","EURAUD"]
[2026-05-27T07:58:54.485Z] INFO BAR_PUSH object_type=ea object_id=10869460 source_id=Ctrader bar_count=10 symbols=["EURCAD","EURGBP","EURJPY","EURSGD","EURUSD","GBPAUD","GBPCAD","GBPJPY"]
[2026-05-27T07:59:28.473Z] INFO BAR_PUSH object_type=ea object_id=10869460 source_id=Ctrader bar_count=10 symbols=["ADAUSD","AUDCAD","AUDCHF","AUDJPY","AUDNZD","AUDUSD","BTCUSD","CADJPY","DE40","ETHUSD"]
[2026-05-27T08:00:00.471Z] INFO BAR_PUSH object_type=ea object_id=10869460 source_id=Ctrader bar_count=10 symbols=["AUDCAD","AUDCHF","AUDJPY"]
[2026-05-27T08:00:34.432Z] INFO BAR_PUSH object_type=ea object_id=10869460 source_id=Ctrader bar_count=10 symbols=["ADAUSD","AUDJPY","AUDNZD"]
[2026-05-27T08:01:08.469Z] INFO BAR_PUSH object_type=ea object_id=10869460 source_id=Ctrader bar_count=10 symbols=["ADAUSD","AUDCAD","AUDCHF","AUDJPY","AUDNZD","AUDUSD","BTCUSD"]
[2026-05-27T08:01:42.459Z] INFO BAR_PUSH object_type=ea object_id=10869460 source_id=Ctrader bar_count=10 symbols=["BTCUSD","CADJPY","DE40"]
[2026-05-27T08:02:14.480Z] INFO BAR_PUSH object_type=ea object_id=10869460 source_id=Ctrader bar_count=10 symbols=["ADAUSD","AUDCAD","AUDCHF","AUDJPY","AUDNZD","AUDUSD","BTCUSD","CADJPY","DE40"]
[2026-05-27T08:02:46.474Z] INFO BAR_PUSH object_type=ea object_id=10869460 source_id=Ctrader bar_count=10 symbols=["ETHUSD","EURAUD","EURCAD"]
[2026-05-27T08:03:18.456Z] INFO BAR_PUSH object_type=ea object_id=10869460 source_id=Ctrader bar_count=10 symbols=["AUDCAD","AUDCHF","AUDJPY","AUDNZD","AUDUSD","BTCUSD","CADJPY","DE40","ETHUSD","EURAUD"]
[2026-05-27T08:03:50.466Z] INFO BAR_PUSH object_type=ea object_id=10869460 source_id=Ctrader bar_count=10 symbols=["ADAUSD","EURCAD","EURGBP","EURJPY"]
[2026-05-27T08:04:22.459Z] INFO BAR_PUSH object_type=ea object_id=10869460 source_id=Ctrader bar_count=10 symbols=["ADAUSD","AUDCAD","AUDCHF","AUDJPY","AUDNZD","AUDUSD","BTCUSD","CADJPY","DE40","ETHUSD"]
[2026-05-27T08:04:56.462Z] INFO BAR_PUSH object_type=ea object_id=10869460 source_id=Ctrader bar_count=10 symbols=["EURAUD","EURCAD","EURGBP","EURJPY","EURSGD"]
[2026-05-27T08:05:28.450Z] INFO BAR_PUSH object_type=ea object_id=10869460 source_id=Ctrader bar_count=10 symbols=["ADAUSD","AUDCAD","AUDCHF","AUDJPY","AUDNZD"]
[2026-05-27T08:06:00.456Z] INFO BAR_PUSH object_type=ea object_id=10869460 source_id=Ctrader bar_count=10 symbols=["AUDCAD","AUDCHF","AUDJPY","AUDNZD","AUDUSD","BTCUSD","CADJPY"]
[2026-05-27T08:06:32.465Z] INFO BAR_PUSH object_type=ea object_id=10869460 source_id=Ctrader bar_count=10 symbols=["ADAUSD","BTCUSD","CADJPY","DE40","ETHUSD","EURAUD","EURCAD"]
[2026-05-27T08:07:04.490Z] INFO BAR_PUSH object_type=ea object_id=10869460 source_id=Ctrader bar_count=10 symbols=["AUDCAD","AUDCHF","AUDJPY","AUDNZD","AUDUSD","BTCUSD","CADJPY","DE40","ETHUSD","EURAUD"]
[2026-05-27T08:07:38.485Z] INFO BAR_PUSH object_type=ea object_id=10869460 source_id=Ctrader bar_count=10 symbols=["ADAUSD","EURCAD","EURGBP","EURJPY","EURSGD","EURUSD"]
[2026-05-27T08:08:10.462Z] INFO BAR_PUSH object_type=ea object_id=10869460 source_id=Ctrader bar_count=10 symbols=["AUDCAD","AUDCHF","AUDJPY","AUDNZD","AUDUSD","BTCUSD","CADJPY","DE40","ETHUSD","EURAUD"]
[2026-05-27T08:08:42.466Z] INFO BAR_PUSH object_type=ea object_id=10869460 source_id=Ctrader bar_count=10 symbols=["ADAUSD","EURCAD","EURGBP","EURJPY","EURSGD","EURUSD","GBPAUD"]
[2026-05-27T08:09:14.599Z] INFO BAR_PUSH object_type=ea object_id=10869460 source_id=Ctrader bar_count=10 symbols=["ADAUSD","AUDCAD","AUDCHF","AUDJPY","AUDNZD","AUDUSD","BTCUSD","CADJPY","DE40","ETHUSD"]
[2026-05-27T08:09:46.493Z] INFO BAR_PUSH object_type=ea object_id=10869460 source_id=Ctrader bar_count=10 symbols=["EURAUD","EURCAD","EURGBP","EURJPY","EURSGD","EURUSD","GBPAUD"]
[2026-05-27T08:10:20.468Z] INFO BAR_PUSH object_type=ea object_id=10869460 source_id=Ctrader bar_count=10 symbols=["AUDCAD","AUDCHF","AUDJPY","AUDNZD","AUDUSD"]
[2026-05-27T08:10:52.464Z] INFO BAR_PUSH object_type=ea object_id=10869460 source_id=Ctrader bar_count=10 symbols=["ADAUSD","BTCUSD","CADJPY","DE40","ETHUSD"]
[2026-05-27T08:11:26.592Z] INFO BAR_PUSH object_type=ea object_id=10869460 source_id=Ctrader bar_count=10 symbols=["ADAUSD","AUDCAD","AUDCHF","AUDJPY","AUDNZD","AUDUSD","BTCUSD","CADJPY","DE40","ETHUSD"]
[2026-05-27T08:11:58.465Z] INFO BAR_PUSH object_type=ea object_id=10869460 source_id=Ctrader bar_count=10 symbols=["EURAUD","EURCAD","EURGBP","EURJPY","EURSGD"]
[2026-05-27T08:12:30.498Z] INFO BAR_PUSH object_type=ea object_id=10869460 source_id=Ctrader bar_count=10 symbols=["AUDCAD","AUDCHF","AUDJPY","AUDNZD","AUDUSD","BTCUSD","CADJPY","DE40","ETHUSD","EURAUD"]
[2026-05-27T08:13:02.488Z] INFO BAR_PUSH object_type=ea object_id=10869460 source_id=Ctrader bar_count=10 symbols=["ADAUSD","AUDCAD","AUDCHF","AUDJPY","AUDNZD","AUDUSD","BTCUSD","CADJPY","DE40","ETHUSD"]
[2026-05-27T08:13:34.468Z] INFO BAR_PUSH object_type=ea object_id=10869460 source_id=Ctrader bar_count=10 symbols=["EURAUD","EURCAD","EURGBP","EURJPY","EURSGD","EURUSD","GBPAUD","GBPCAD"]
[2026-05-27T08:14:06.482Z] INFO BAR_PUSH object_type=ea object_id=10869460 source_id=Ctrader bar_count=10 symbols=["ADAUSD","AUDCAD","AUDCHF","AUDJPY","AUDNZD","AUDUSD","BTCUSD","CADJPY","DE40","ETHUSD"]
[2026-05-27T08:14:38.491Z] INFO BAR_PUSH object_type=ea object_id=10869460 source_id=Ctrader bar_count=10 symbols=["ADAUSD","EURAUD","EURCAD","EURGBP","EURJPY","EURSGD","EURUSD","GBPAUD","GBPCAD"]
[2026-05-27T08:15:12.464Z] INFO BAR_PUSH object_type=ea object_id=10869460 source_id=Ctrader bar_count=10 symbols=["AUDCAD","AUDCHF","AUDJPY","AUDNZD"]
[2026-05-27T08:15:44.441Z] INFO BAR_PUSH object_type=ea object_id=10869460 source_id=Ctrader bar_count=10 symbols=["AUDNZD","AUDUSD","BTCUSD","CADJPY"]
[2026-05-27T08:16:16.477Z] INFO BAR_PUSH object_type=ea object_id=10869460 source_id=Ctrader bar_count=10 symbols=["ADAUSD","AUDCAD","AUDCHF","AUDJPY","AUDNZD","AUDUSD","BTCUSD","CADJPY"]
[2026-05-27T08:16:48.467Z] INFO BAR_PUSH object_type=ea object_id=10869460 source_id=Ctrader bar_count=10 symbols=["CADJPY","DE40","ETHUSD","EURAUD"]
[2026-05-27T08:17:20.495Z] INFO BAR_PUSH object_type=ea object_id=10869460 source_id=Ctrader bar_count=10 symbols=["ADAUSD","AUDCAD","AUDCHF","AUDJPY","AUDNZD","AUDUSD","BTCUSD","CADJPY","DE40","ETHUSD"]
[2026-05-27T08:17:52.460Z] INFO BAR_PUSH object_type=ea object_id=10869460 source_id=Ctrader bar_count=10 symbols=["EURAUD","EURCAD","EURGBP","EURJPY"]
[2026-05-27T08:18:24.488Z] INFO BAR_PUSH object_type=ea object_id=10869460 source_id=Ctrader bar_count=10 symbols=["ADAUSD","AUDCAD","AUDCHF","AUDJPY","AUDNZD","AUDUSD","BTCUSD","CADJPY","DE40","ETHUSD"]
[2026-05-27T08:18:58.466Z] INFO BAR_PUSH object_type=ea object_id=10869460 source_id=Ctrader bar_count=10 symbols=["EURAUD","EURCAD","EURGBP","EURJPY","EURSGD","EURUSD"]
[2026-05-27T08:19:30.573Z] INFO BAR_PUSH object_type=ea object_id=10869460 source_id=Ctrader bar_count=10 symbols=["ADAUSD","AUDCAD","AUDCHF","AUDJPY","AUDNZD","AUDUSD","BTCUSD","CADJPY","DE40","ETHUSD"]
[2026-05-27T08:20:02.474Z] INFO BAR_PUSH object_type=ea object_id=10869460 source_id=Ctrader bar_count=10 symbols=["ADAUSD","AUDCAD","AUDCHF","AUDJPY","AUDNZD"]
[2026-05-27T08:20:34.476Z] INFO BAR_PUSH object_type=ea object_id=10869460 source_id=Ctrader bar_count=10 symbols=["AUDUSD","BTCUSD","CADJPY","DE40","ETHUSD"]
[2026-05-27T08:21:06.506Z] INFO BAR_PUSH object_type=ea object_id=10869460 source_id=Ctrader bar_count=10 symbols=["AUDCAD","AUDCHF","AUDJPY","AUDNZD","AUDUSD","BTCUSD","CADJPY","DE40","ETHUSD","EURAUD"]
[2026-05-27T08:21:38.452Z] INFO BAR_PUSH object_type=ea object_id=10869460 source_id=Ctrader bar_count=10 symbols=["ADAUSD","EURAUD","EURCAD","EURGBP","EURJPY","EURSGD"]
[2026-05-27T08:22:12.467Z] INFO BAR_PUSH object_type=ea object_id=10869460 source_id=Ctrader bar_count=10 symbols=["AUDCAD","AUDCHF","AUDJPY","AUDNZD","AUDUSD","BTCUSD","CADJPY","DE40","ETHUSD","EURAUD"]
[2026-05-27T08:22:44.486Z] INFO BAR_PUSH object_type=ea object_id=10869460 source_id=Ctrader bar_count=10 symbols=["ADAUSD","EURCAD","EURGBP","EURJPY","EURSGD","EURUSD","GBPAUD"]
[2026-05-27T08:23:16.522Z] INFO BAR_PUSH object_type=ea object_id=10869460 source_id=Ctrader bar_count=10 symbols=["ADAUSD","AUDCAD","AUDCHF","AUDJPY","AUDNZD","AUDUSD","BTCUSD","CADJPY","DE40","ETHUSD"]
[2026-05-27T08:23:50.465Z] INFO BAR_PUSH object_type=ea object_id=10869460 source_id=Ctrader bar_count=10 symbols=["EURAUD","EURCAD","EURGBP","EURJPY","EURSGD","EURUSD","GBPAUD","GBPCAD"]
[2026-05-27T08:24:22.480Z] INFO BAR_PUSH object_type=ea object_id=10869460 source_id=Ctrader bar_count=10 symbols=["ADAUSD","AUDCAD","AUDCHF","AUDJPY","AUDNZD","AUDUSD","BTCUSD","CADJPY","DE40","ETHUSD"]
[2026-05-27T08:24:54.489Z] INFO BAR_PUSH object_type=ea object_id=10869460 source_id=Ctrader bar_count=10 symbols=["EURAUD","EURCAD","EURGBP","EURJPY","EURSGD","EURUSD","GBPAUD","GBPCAD","GBPJPY"]
[2026-05-27T08:25:26.458Z] INFO BAR_PUSH object_type=ea object_id=10869460 source_id=Ctrader bar_count=10 symbols=["AUDCAD","AUDCHF","AUDJPY","AUDNZD","AUDUSD"]
[2026-05-27T08:25:58.465Z] INFO BAR_PUSH object_type=ea object_id=10869460 source_id=Ctrader bar_count=10 symbols=["BTCUSD","CADJPY","DE40","ETHUSD","EURAUD"]
[2026-05-27T08:26:30.475Z] INFO BAR_PUSH object_type=ea object_id=10869460 source_id=Ctrader bar_count=10 symbols=["ADAUSD","AUDCAD","AUDCHF","AUDJPY","AUDNZD","AUDUSD","BTCUSD","CADJPY","DE40"]
[2026-05-27T08:27:02.488Z] INFO BAR_PUSH object_type=ea object_id=10869460 source_id=Ctrader bar_count=10 symbols=["AUDCAD","AUDCHF","AUDJPY","AUDNZD","AUDUSD","BTCUSD","CADJPY","DE40","ETHUSD","EURAUD"]
[2026-05-27T08:27:34.474Z] INFO BAR_PUSH object_type=ea object_id=10869460 source_id=Ctrader bar_count=10 symbols=["ADAUSD","EURCAD","EURGBP","EURJPY","EURSGD","EURUSD"]
[2026-05-27T08:28:08.487Z] INFO BAR_PUSH object_type=ea object_id=10869460 source_id=Ctrader bar_count=10 symbols=["ADAUSD","AUDCAD","AUDCHF","AUDJPY","AUDNZD","AUDUSD","BTCUSD","CADJPY","DE40","ETHUSD"]
[2026-05-27T08:28:40.457Z] INFO BAR_PUSH object_type=ea object_id=10869460 source_id=Ctrader bar_count=10 symbols=["EURAUD","EURCAD","EURGBP","EURJPY","EURSGD","EURUSD","GBPAUD","GBPCAD"]
[2026-05-27T08:29:12.657Z] INFO BAR_PUSH object_type=ea object_id=10869460 source_id=Ctrader bar_count=10 symbols=["AUDCAD","AUDCHF","AUDJPY","AUDNZD","AUDUSD","BTCUSD","CADJPY","DE40","ETHUSD","EURAUD"]
[2026-05-27T08:29:44.498Z] INFO BAR_PUSH object_type=ea object_id=10869460 source_id=Ctrader bar_count=10 symbols=["ADAUSD","EURCAD","EURGBP","EURJPY","EURSGD","EURUSD","GBPAUD","GBPCAD","GBPJPY"]
[2026-05-27T08:30:16.478Z] INFO BAR_PUSH object_type=ea object_id=10869460 source_id=Ctrader bar_count=10 symbols=["ADAUSD","AUDCAD","AUDCHF","AUDJPY"]
[2026-05-27T08:30:48.466Z] INFO BAR_PUSH object_type=ea object_id=10869460 source_id=Ctrader bar_count=10 symbols=["AUDJPY","AUDNZD","AUDUSD","BTCUSD"]
[2026-05-27T08:31:20.469Z] INFO BAR_PUSH object_type=ea object_id=10869460 source_id=Ctrader bar_count=10 symbols=["ADAUSD","AUDCAD","AUDCHF","AUDJPY","AUDNZD","AUDUSD","BTCUSD","CADJPY"]
[2026-05-27T08:31:52.464Z] INFO BAR_PUSH object_type=ea object_id=10869460 source_id=Ctrader bar_count=10 symbols=["CADJPY","DE40","ETHUSD","EURAUD"]
[2026-05-27T08:32:24.468Z] INFO BAR_PUSH object_type=ea object_id=10869460 source_id=Ctrader bar_count=10 symbols=["ADAUSD","AUDCAD","AUDCHF","AUDJPY","AUDNZD","AUDUSD","BTCUSD","CADJPY","DE40","ETHUSD"]
[2026-05-27T08:32:56.466Z] INFO BAR_PUSH object_type=ea object_id=10869460 source_id=Ctrader bar_count=10 symbols=["EURAUD","EURCAD","EURGBP","EURJPY"]
[2026-05-27T08:33:28.479Z] INFO BAR_PUSH object_type=ea object_id=10869460 source_id=Ctrader bar_count=10 symbols=["ADAUSD","AUDCAD","AUDCHF","AUDJPY","AUDNZD","AUDUSD","BTCUSD","CADJPY","DE40","ETHUSD"]
[2026-05-27T08:34:00.487Z] INFO BAR_PUSH object_type=ea object_id=10869460 source_id=Ctrader bar_count=10 symbols=["AUDCHF","AUDJPY","BTCUSD","CADJPY","EURAUD","EURCAD","EURGBP","EURJPY","EURSGD"]
[2026-05-27T08:34:32.471Z] INFO BAR_PUSH object_type=ea object_id=10869460 source_id=Ctrader bar_count=10 symbols=["ADAUSD","AUDCAD","AUDNZD","AUDUSD","DE40","ETHUSD","EURGBP","EURSGD","EURUSD"]
[2026-05-27T08:35:04.476Z] INFO BAR_PUSH object_type=ea object_id=10869460 source_id=Ctrader bar_count=10 symbols=["AUDCAD","AUDCHF","AUDJPY","AUDNZD","AUDUSD"]
[2026-05-27T08:35:38.492Z] INFO BAR_PUSH object_type=ea object_id=10869460 source_id=Ctrader bar_count=10 symbols=["BTCUSD","CADJPY","DE40","ETHUSD","EURAUD"]
[2026-05-27T08:36:10.480Z] INFO BAR_PUSH object_type=ea object_id=10869460 source_id=Ctrader bar_count=10 symbols=["AUDCAD","AUDCHF","AUDJPY","AUDNZD","AUDUSD","BTCUSD","CADJPY","DE40","ETHUSD","EURAUD"]
[2026-05-27T08:36:42.476Z] INFO BAR_PUSH object_type=ea object_id=10869460 source_id=Ctrader bar_count=10 symbols=["EURCAD","EURGBP","EURJPY","EURSGD","EURUSD"]
[2026-05-27T08:37:14.469Z] INFO BAR_PUSH object_type=ea object_id=10869460 source_id=Ctrader bar_count=10 symbols=["AUDCAD","AUDCHF","AUDJPY","AUDNZD","AUDUSD","BTCUSD","CADJPY","DE40","ETHUSD","EURAUD"]
[2026-05-27T08:37:46.464Z] INFO BAR_PUSH object_type=ea object_id=10869460 source_id=Ctrader bar_count=10 symbols=["ADAUSD","EURCAD","EURGBP","EURJPY","EURSGD","EURUSD","GBPAUD"]
[2026-05-27T08:38:18.490Z] INFO BAR_PUSH object_type=ea object_id=10869460 source_id=Ctrader bar_count=10 symbols=["ADAUSD","AUDCAD","AUDCHF","AUDJPY","AUDNZD","AUDUSD","BTCUSD","CADJPY","DE40","ETHUSD"]
[2026-05-27T08:38:50.472Z] INFO BAR_PUSH object_type=ea object_id=10869460 source_id=Ctrader bar_count=10 symbols=["EURAUD","EURCAD","EURGBP","EURJPY","EURSGD","EURUSD","GBPAUD","GBPCAD"]
[2026-05-27T08:39:22.503Z] INFO BAR_PUSH object_type=ea object_id=10869460 source_id=Ctrader bar_count=10 symbols=["ADAUSD","AUDCAD","AUDCHF","AUDJPY","AUDNZD","AUDUSD","BTCUSD","CADJPY","DE40","ETHUSD"]
[2026-05-27T08:39:54.479Z] INFO BAR_PUSH object_type=ea object_id=10869460 source_id=Ctrader bar_count=10 symbols=["EURAUD","EURCAD","EURGBP","EURJPY","EURSGD","EURUSD","GBPAUD","GBPCAD","GBPJPY"]
[2026-05-27T08:40:26.446Z] INFO BAR_PUSH object_type=ea object_id=10869460 source_id=Ctrader bar_count=10 symbols=["ADAUSD","AUDCAD","AUDCHF","AUDJPY","AUDNZD"]
[2026-05-27T08:40:58.469Z] INFO BAR_PUSH object_type=ea object_id=10869460 source_id=Ctrader bar_count=10 symbols=["AUDUSD","BTCUSD","CADJPY","DE40","ETHUSD"]
[2026-05-27T08:41:30.470Z] INFO BAR_PUSH object_type=ea object_id=10869460 source_id=Ctrader bar_count=10 symbols=["ADAUSD","AUDCAD","AUDCHF","AUDJPY","AUDNZD","AUDUSD","BTCUSD","CADJPY","DE40","ETHUSD"]
[2026-05-27T08:42:04.494Z] INFO BAR_PUSH object_type=ea object_id=10869460 source_id=Ctrader bar_count=10 symbols=["ADAUSD","AUDCAD","AUDCHF","AUDJPY","AUDNZD","AUDUSD","BTCUSD","CADJPY","DE40","ETHUSD"]
[2026-05-27T08:42:36.459Z] INFO BAR_PUSH object_type=ea object_id=10869460 source_id=Ctrader bar_count=10 symbols=["EURAUD","EURCAD","EURGBP","EURJPY","EURSGD"]
[2026-05-27T08:43:08.481Z] INFO BAR_PUSH object_type=ea object_id=10869460 source_id=Ctrader bar_count=10 symbols=["AUDCAD","AUDCHF","AUDJPY","AUDNZD","AUDUSD","BTCUSD","CADJPY","DE40","ETHUSD","EURAUD"]
[2026-05-27T08:43:40.479Z] INFO BAR_PUSH object_type=ea object_id=10869460 source_id=Ctrader bar_count=10 symbols=["ADAUSD","EURCAD","EURGBP","EURJPY","EURSGD","EURUSD","GBPAUD","GBPCAD"]
[2026-05-27T08:44:14.488Z] INFO BAR_PUSH object_type=ea object_id=10869460 source_id=Ctrader bar_count=10 symbols=["AUDCAD","AUDCHF","AUDJPY","AUDNZD","AUDUSD","BTCUSD","CADJPY","DE40","ETHUSD","EURAUD"]
[2026-05-27T08:44:48.473Z] INFO BAR_PUSH object_type=ea object_id=10869460 source_id=Ctrader bar_count=10 symbols=["EURCAD","EURGBP","EURJPY","EURSGD","EURUSD","GBPAUD","GBPCAD","GBPJPY"]
[2026-05-27T08:45:20.477Z] INFO BAR_PUSH object_type=ea object_id=10869460 source_id=Ctrader bar_count=10 symbols=["ADAUSD","AUDCAD","AUDCHF","AUDJPY"]
[2026-05-27T08:45:54.555Z] INFO BAR_PUSH object_type=ea object_id=10869460 source_id=Ctrader bar_count=10 symbols=["AUDJPY","AUDNZD","AUDUSD","BTCUSD"]
[2026-05-27T08:46:26.463Z] INFO BAR_PUSH object_type=ea object_id=10869460 source_id=Ctrader bar_count=10 symbols=["ADAUSD","AUDCAD","AUDCHF","AUDJPY","AUDNZD","AUDUSD","BTCUSD","CADJPY"]
[2026-05-27T08:46:58.461Z] INFO BAR_PUSH object_type=ea object_id=10869460 source_id=Ctrader bar_count=10 symbols=["CADJPY","DE40","ETHUSD","EURAUD"]
[2026-05-27T08:47:30.460Z] INFO BAR_PUSH object_type=ea object_id=10869460 source_id=Ctrader bar_count=10 symbols=["AUDCAD","AUDCHF","AUDJPY","AUDNZD","AUDUSD","BTCUSD","CADJPY","DE40","ETHUSD","EURAUD"]
[2026-05-27T08:48:04.472Z] INFO BAR_PUSH object_type=ea object_id=10869460 source_id=Ctrader bar_count=10 symbols=["ADAUSD","AUDCAD","AUDCHF","AUDJPY","AUDNZD","AUDUSD","BTCUSD","CADJPY","DE40","ETHUSD"]
[2026-05-27T08:48:36.447Z] INFO BAR_PUSH object_type=ea object_id=10869460 source_id=Ctrader bar_count=10 symbols=["EURAUD","EURCAD","EURGBP","EURJPY"]
[2026-05-27T08:49:08.477Z] INFO BAR_PUSH object_type=ea object_id=10869460 source_id=Ctrader bar_count=10 symbols=["AUDCAD","AUDCHF","AUDJPY","AUDNZD","AUDUSD","BTCUSD","CADJPY","DE40","ETHUSD","EURAUD"]
[2026-05-27T08:49:40.556Z] INFO BAR_PUSH object_type=ea object_id=10869460 source_id=Ctrader bar_count=10 symbols=["EURCAD","EURGBP","EURJPY","EURSGD","EURUSD","GBPAUD"]
[2026-05-27T08:50:12.461Z] INFO BAR_PUSH object_type=ea object_id=10869460 source_id=Ctrader bar_count=10 symbols=["AUDCAD","AUDCHF","AUDJPY","AUDNZD","AUDUSD"]
[2026-05-27T08:50:44.463Z] INFO BAR_PUSH object_type=ea object_id=10869460 source_id=Ctrader bar_count=10 symbols=["ADAUSD","BTCUSD","CADJPY","DE40","ETHUSD"]
[2026-05-27T08:51:16.478Z] INFO BAR_PUSH object_type=ea object_id=10869460 source_id=Ctrader bar_count=10 symbols=["ADAUSD","AUDCAD","AUDCHF","AUDJPY","AUDNZD","AUDUSD","BTCUSD","CADJPY","DE40","ETHUSD"]
[2026-05-27T08:51:50.458Z] INFO BAR_PUSH object_type=ea object_id=10869460 source_id=Ctrader bar_count=10 symbols=["EURAUD","EURCAD","EURGBP","EURJPY","EURSGD"]
[2026-05-27T08:52:22.461Z] INFO BAR_PUSH object_type=ea object_id=10869460 source_id=Ctrader bar_count=10 symbols=["AUDCAD","AUDCHF","AUDJPY","AUDNZD","AUDUSD","BTCUSD","CADJPY","DE40","ETHUSD","EURAUD"]
[2026-05-27T08:52:54.463Z] INFO BAR_PUSH object_type=ea object_id=10869460 source_id=Ctrader bar_count=10 symbols=["ADAUSD","EURCAD","EURGBP","EURJPY","EURSGD","EURUSD","GBPAUD"]
[2026-05-27T08:53:28.471Z] INFO BAR_PUSH object_type=ea object_id=10869460 source_id=Ctrader bar_count=10 symbols=["ADAUSD","AUDCAD","AUDCHF","AUDJPY","AUDNZD","AUDUSD","BTCUSD","CADJPY","DE40","ETHUSD"]
[2026-05-27T08:54:00.569Z] INFO BAR_PUSH object_type=ea object_id=10869460 source_id=Ctrader bar_count=10 symbols=["ADAUSD","AUDJPY","BTCUSD","CADJPY","DE40","ETHUSD","EURAUD","EURCAD","EURGBP","EURJPY"]
[2026-05-27T08:54:34.450Z] INFO BAR_PUSH object_type=ea object_id=10869460 source_id=Ctrader bar_count=10 symbols=["AUDCAD","AUDCHF","AUDNZD","AUDUSD","EURAUD","EURGBP","EURJPY","EURSGD","EURUSD","GBPAUD"]
[2026-05-27T08:55:06.460Z] INFO BAR_PUSH object_type=ea object_id=10869460 source_id=Ctrader bar_count=10 symbols=["ADAUSD","AUDCAD","AUDCHF","AUDJPY","AUDNZD"]
[2026-05-27T08:55:40.486Z] INFO BAR_PUSH object_type=ea object_id=10869460 source_id=Ctrader bar_count=10 symbols=["AUDUSD","BTCUSD","CADJPY","DE40","ETHUSD"]
[2026-05-27T08:56:12.473Z] INFO BAR_PUSH object_type=ea object_id=10869460 source_id=Ctrader bar_count=10 symbols=["ADAUSD","AUDCAD","AUDCHF","AUDJPY","AUDNZD","AUDUSD","BTCUSD","CADJPY","DE40","ETHUSD"]
[2026-05-27T08:56:44.462Z] INFO BAR_PUSH object_type=ea object_id=10869460 source_id=Ctrader bar_count=10 symbols=["EURAUD","EURCAD","EURGBP","EURJPY","EURSGD"]
[2026-05-27T08:57:16.473Z] INFO BAR_PUSH object_type=ea object_id=10869460 source_id=Ctrader bar_count=10 symbols=["AUDCAD","AUDCHF","AUDJPY","AUDNZD","AUDUSD","BTCUSD","CADJPY","DE40","ETHUSD","EURAUD"]
[2026-05-27T08:57:48.459Z] INFO BAR_PUSH object_type=ea object_id=10869460 source_id=Ctrader bar_count=10 symbols=["EURCAD","EURGBP","EURJPY","EURSGD","EURUSD","GBPAUD","GBPCAD"]
[2026-05-27T08:58:20.468Z] INFO BAR_PUSH object_type=ea object_id=10869460 source_id=Ctrader bar_count=10 symbols=["AUDCAD","AUDCHF","AUDJPY","AUDNZD","AUDUSD","BTCUSD","CADJPY","DE40","ETHUSD","EURAUD"]
[2026-05-27T08:58:54.464Z] INFO BAR_PUSH object_type=ea object_id=10869460 source_id=Ctrader bar_count=10 symbols=["ADAUSD","EURCAD","EURGBP","EURJPY","EURSGD","EURUSD","GBPAUD","GBPCAD","GBPJPY"]
[2026-05-27T08:59:28.472Z] INFO BAR_PUSH object_type=ea object_id=10869460 source_id=Ctrader bar_count=10 symbols=["AUDCAD","AUDCHF","AUDJPY","AUDNZD","AUDUSD","BTCUSD","CADJPY","DE40","ETHUSD","EURAUD"]
[2026-05-27T09:00:00.443Z] INFO BAR_PUSH object_type=ea object_id=10869460 source_id=Ctrader bar_count=10 symbols=["AUDCAD","AUDJPY"]
[2026-05-27T09:00:32.422Z] INFO BAR_PUSH object_type=ea object_id=10869460 source_id=Ctrader bar_count=10 symbols=["ADAUSD","AUDCHF"]
[2026-05-27T09:01:04.449Z] INFO BAR_PUSH object_type=ea object_id=10869460 source_id=Ctrader bar_count=10 symbols=["AUDCAD","AUDCHF","AUDJPY","AUDNZD","AUDUSD"]
[2026-05-27T09:01:38.441Z] INFO BAR_PUSH object_type=ea object_id=10869460 source_id=Ctrader bar_count=10 symbols=["AUDUSD","BTCUSD","CADJPY"]
[2026-05-27T09:02:12.467Z] INFO BAR_PUSH object_type=ea object_id=10869460 source_id=Ctrader bar_count=10 symbols=["ADAUSD","AUDCAD","AUDCHF","AUDJPY","AUDNZD","AUDUSD","BTCUSD","CADJPY"]
[2026-05-27T09:02:44.445Z] INFO BAR_PUSH object_type=ea object_id=10869460 source_id=Ctrader bar_count=10 symbols=["ADAUSD","CADJPY","DE40","ETHUSD"]
[2026-05-27T09:03:18.472Z] INFO BAR_PUSH object_type=ea object_id=10869460 source_id=Ctrader bar_count=10 symbols=["ADAUSD","AUDCAD","AUDCHF","AUDJPY","AUDNZD","AUDUSD","BTCUSD","CADJPY","DE40","ETHUSD"]
[2026-05-27T09:03:50.443Z] INFO BAR_PUSH object_type=ea object_id=10869460 source_id=Ctrader bar_count=10 symbols=["ETHUSD","EURAUD","EURCAD"]
[2026-05-27T09:04:22.485Z] INFO BAR_PUSH object_type=ea object_id=10869460 source_id=Ctrader bar_count=10 symbols=["AUDCAD","AUDCHF","AUDJPY","AUDNZD","AUDUSD","BTCUSD","CADJPY","DE40","ETHUSD","EURAUD"]
[2026-05-27T09:04:54.439Z] INFO BAR_PUSH object_type=ea object_id=10869460 source_id=Ctrader bar_count=10 symbols=["EURCAD","EURGBP","EURJPY"]
[2026-05-27T09:05:28.456Z] INFO BAR_PUSH object_type=ea object_id=10869460 source_id=Ctrader bar_count=10 symbols=["ADAUSD","AUDCAD","AUDCHF","AUDJPY","AUDNZD"]
[2026-05-27T09:06:00.451Z] INFO BAR_PUSH object_type=ea object_id=10869460 source_id=Ctrader bar_count=10 symbols=["AUDCAD","AUDJPY","AUDUSD","BTCUSD","CADJPY","DE40"]
[2026-05-27T09:06:32.449Z] INFO BAR_PUSH object_type=ea object_id=10869460 source_id=Ctrader bar_count=10 symbols=["ADAUSD","AUDCHF","AUDNZD","BTCUSD","CADJPY","ETHUSD","EURAUD","EURCAD"]
[2026-05-27T09:07:04.448Z] INFO BAR_PUSH object_type=ea object_id=10869460 source_id=Ctrader bar_count=10 symbols=["AUDCAD","AUDCHF","AUDJPY","AUDNZD","AUDUSD","BTCUSD","CADJPY","DE40","ETHUSD","EURAUD"]
[2026-05-27T09:07:36.449Z] INFO BAR_PUSH object_type=ea object_id=10869460 source_id=Ctrader bar_count=10 symbols=["ADAUSD","EURCAD","EURGBP","EURJPY"]
[2026-05-27T09:08:08.572Z] INFO BAR_PUSH object_type=ea object_id=10869460 source_id=Ctrader bar_count=10 symbols=["AUDCAD","AUDCHF","AUDJPY","AUDNZD","AUDUSD","BTCUSD","CADJPY","DE40","ETHUSD","EURAUD"]
[2026-05-27T09:08:40.442Z] INFO BAR_PUSH object_type=ea object_id=10869460 source_id=Ctrader bar_count=10 symbols=["EURCAD","EURGBP","EURJPY","EURSGD","EURUSD"]
[2026-05-27T09:09:12.457Z] INFO BAR_PUSH object_type=ea object_id=10869460 source_id=Ctrader bar_count=10 symbols=["AUDCAD","AUDCHF","AUDJPY","AUDNZD","AUDUSD","BTCUSD","CADJPY","DE40","ETHUSD","EURAUD"]
[2026-05-27T09:09:44.438Z] INFO BAR_PUSH object_type=ea object_id=10869460 source_id=Ctrader bar_count=10 symbols=["ADAUSD","EURCAD","EURGBP","EURJPY","EURSGD","EURUSD","GBPAUD"]
[2026-05-27T09:10:16.485Z] INFO BAR_PUSH object_type=ea object_id=10869460 source_id=Ctrader bar_count=10 symbols=["ADAUSD","AUDCAD","AUDCHF","AUDJPY","AUDNZD"]
[2026-05-27T09:10:48.448Z] INFO BAR_PUSH object_type=ea object_id=10869460 source_id=Ctrader bar_count=10 symbols=["AUDUSD","BTCUSD","CADJPY","DE40","ETHUSD"]
[2026-05-27T09:11:22.479Z] INFO BAR_PUSH object_type=ea object_id=10869460 source_id=Ctrader bar_count=10 symbols=["ADAUSD","AUDCAD","AUDCHF","AUDJPY","AUDNZD","AUDUSD","BTCUSD","CADJPY","DE40","ETHUSD"]
[2026-05-27T09:11:54.436Z] INFO BAR_PUSH object_type=ea object_id=10869460 source_id=Ctrader bar_count=10 symbols=["EURAUD","EURCAD","EURGBP","EURJPY","EURSGD"]
[2026-05-27T09:12:26.480Z] INFO BAR_PUSH object_type=ea object_id=10869460 source_id=Ctrader bar_count=10 symbols=["ADAUSD","AUDCAD","AUDCHF","AUDJPY","AUDNZD","AUDUSD","BTCUSD","CADJPY","DE40","ETHUSD"]
[2026-05-27T09:12:58.451Z] INFO BAR_PUSH object_type=ea object_id=10869460 source_id=Ctrader bar_count=10 symbols=["EURAUD","EURCAD","EURGBP","EURJPY","EURSGD","EURUSD","GBPAUD"]
[2026-05-27T09:13:30.442Z] INFO BAR_PUSH object_type=ea object_id=10869460 source_id=Ctrader bar_count=10 symbols=["ADAUSD","AUDCAD","AUDCHF","AUDJPY","AUDNZD","AUDUSD","BTCUSD","CADJPY","DE40","ETHUSD"]
[2026-05-27T09:14:04.513Z] INFO BAR_PUSH object_type=ea object_id=10869460 source_id=Ctrader bar_count=10 symbols=["AUDCAD","AUDCHF","AUDJPY","AUDNZD","AUDUSD","BTCUSD","CADJPY","DE40","ETHUSD","EURAUD"]
[2026-05-27T09:14:38.443Z] INFO BAR_PUSH object_type=ea object_id=10869460 source_id=Ctrader bar_count=10 symbols=["ADAUSD","EURCAD","EURGBP","EURJPY","EURSGD","EURUSD","GBPAUD","GBPCAD"]
[2026-05-27T09:15:10.440Z] INFO BAR_PUSH object_type=ea object_id=10869460 source_id=Ctrader bar_count=10 symbols=["AUDCAD","AUDCHF","AUDJPY","AUDNZD"]
[2026-05-27T09:15:42.446Z] INFO BAR_PUSH object_type=ea object_id=10869460 source_id=Ctrader bar_count=10 symbols=["ADAUSD","AUDNZD","AUDUSD","BTCUSD"]
[2026-05-27T09:16:14.553Z] INFO BAR_PUSH object_type=ea object_id=10869460 source_id=Ctrader bar_count=10 symbols=["ADAUSD","AUDCAD","AUDCHF","AUDJPY","AUDNZD","AUDUSD","BTCUSD","CADJPY"]
[2026-05-27T09:16:46.441Z] INFO BAR_PUSH object_type=ea object_id=10869460 source_id=Ctrader bar_count=10 symbols=["CADJPY","DE40","ETHUSD","EURAUD"]
[2026-05-27T09:17:18.469Z] INFO BAR_PUSH object_type=ea object_id=10869460 source_id=Ctrader bar_count=10 symbols=["AUDCAD","AUDCHF","AUDJPY","AUDNZD","AUDUSD","BTCUSD","CADJPY","DE40","ETHUSD","EURAUD"]
[2026-05-27T09:17:50.436Z] INFO BAR_PUSH object_type=ea object_id=10869460 source_id=Ctrader bar_count=10 symbols=["ADAUSD","EURCAD","EURGBP","EURJPY"]
[2026-05-27T09:18:22.437Z] INFO BAR_PUSH object_type=ea object_id=10869460 source_id=Ctrader bar_count=10 symbols=["ADAUSD","AUDCAD","AUDCHF","AUDJPY","AUDNZD","AUDUSD","BTCUSD","CADJPY","DE40","ETHUSD"]
[2026-05-27T09:18:54.449Z] INFO BAR_PUSH object_type=ea object_id=10869460 source_id=Ctrader bar_count=10 symbols=["EURAUD","EURCAD","EURGBP","EURJPY","EURSGD","EURUSD"]
[2026-05-27T09:19:28.452Z] INFO BAR_PUSH object_type=ea object_id=10869460 source_id=Ctrader bar_count=10 symbols=["AUDCAD","AUDCHF","AUDJPY","AUDNZD","AUDUSD","BTCUSD","CADJPY","DE40","ETHUSD","EURAUD"]
[2026-05-27T09:20:02.474Z] INFO BAR_PUSH object_type=ea object_id=10869460 source_id=Ctrader bar_count=10 symbols=["ADAUSD","AUDCAD","AUDCHF","AUDJPY","AUDNZD","AUDUSD"]
[2026-05-27T09:20:36.445Z] INFO BAR_PUSH object_type=ea object_id=10869460 source_id=Ctrader bar_count=10 symbols=["ADAUSD","AUDUSD","BTCUSD","CADJPY","DE40","ETHUSD"]
[2026-05-27T09:21:10.462Z] INFO BAR_PUSH object_type=ea object_id=10869460 source_id=Ctrader bar_count=10 symbols=["AUDCAD","AUDCHF","AUDJPY","AUDNZD","AUDUSD","BTCUSD","CADJPY","DE40","ETHUSD"]
[2026-05-27T09:21:42.453Z] INFO BAR_PUSH object_type=ea object_id=10869460 source_id=Ctrader bar_count=10 symbols=["EURAUD","EURCAD","EURGBP","EURJPY","EURSGD"]
[2026-05-27T09:22:14.465Z] INFO BAR_PUSH object_type=ea object_id=10869460 source_id=Ctrader bar_count=10 symbols=["AUDCAD","AUDCHF","AUDJPY","AUDNZD","AUDUSD","BTCUSD","CADJPY","DE40","ETHUSD","EURAUD"]
[2026-05-27T09:22:46.460Z] INFO BAR_PUSH object_type=ea object_id=10869460 source_id=Ctrader bar_count=10 symbols=["ADAUSD","EURCAD","EURGBP","EURJPY","EURSGD","EURUSD","GBPAUD"]
[2026-05-27T09:23:18.447Z] INFO BAR_PUSH object_type=ea object_id=10869460 source_id=Ctrader bar_count=10 symbols=["AUDCAD","AUDCHF","AUDJPY","AUDNZD","AUDUSD","BTCUSD","CADJPY","DE40","ETHUSD","EURAUD"]
[2026-05-27T09:23:52.429Z] INFO BAR_PUSH object_type=ea object_id=10869460 source_id=Ctrader bar_count=10 symbols=["ADAUSD","EURCAD","EURGBP","EURJPY","EURSGD","EURUSD","GBPAUD","GBPCAD"]
[2026-05-27T09:24:24.459Z] INFO BAR_PUSH object_type=ea object_id=10869460 source_id=Ctrader bar_count=10 symbols=["ADAUSD","AUDCAD","AUDCHF","AUDJPY","AUDNZD","AUDUSD","BTCUSD","CADJPY","DE40","ETHUSD"]
[2026-05-27T09:24:58.439Z] INFO BAR_PUSH object_type=ea object_id=10869460 source_id=Ctrader bar_count=10 symbols=["EURAUD","EURCAD","EURGBP","EURJPY","EURSGD","EURUSD","GBPAUD","GBPCAD"]
[2026-05-27T09:25:30.423Z] INFO BAR_PUSH object_type=ea object_id=10869460 source_id=Ctrader bar_count=10 symbols=["ADAUSD","AUDCAD","AUDCHF","AUDJPY","AUDNZD"]
[2026-05-27T09:26:02.466Z] INFO BAR_PUSH object_type=ea object_id=10869460 source_id=Ctrader bar_count=10 symbols=["AUDCAD","AUDCHF","AUDJPY","AUDNZD","AUDUSD","BTCUSD","CADJPY"]
[2026-05-27T09:26:34.442Z] INFO BAR_PUSH object_type=ea object_id=10869460 source_id=Ctrader bar_count=10 symbols=["ADAUSD","DE40","ETHUSD","EURAUD","EURCAD","EURGBP"]
[2026-05-27T09:27:06.485Z] INFO BAR_PUSH object_type=ea object_id=10869460 source_id=Ctrader bar_count=10 symbols=["AUDCAD","AUDCHF","AUDJPY","AUDNZD","AUDUSD","BTCUSD","CADJPY","DE40","ETHUSD","EURAUD"]
[2026-05-27T09:27:38.458Z] INFO BAR_PUSH object_type=ea object_id=10869460 source_id=Ctrader bar_count=10 symbols=["ADAUSD","EURCAD","EURGBP","EURJPY","EURSGD","EURUSD"]
[2026-05-27T09:28:10.484Z] INFO BAR_PUSH object_type=ea object_id=10869460 source_id=Ctrader bar_count=10 symbols=["AUDCAD","AUDCHF","AUDJPY","AUDNZD","AUDUSD","BTCUSD","CADJPY","DE40","ETHUSD","EURAUD"]
[2026-05-27T09:28:42.467Z] INFO BAR_PUSH object_type=ea object_id=10869460 source_id=Ctrader bar_count=10 symbols=["ADAUSD","EURCAD","EURGBP","EURJPY","EURSGD","EURUSD","GBPAUD","GBPCAD"]
[2026-05-27T09:29:14.518Z] INFO BAR_PUSH object_type=ea object_id=10869460 source_id=Ctrader bar_count=10 symbols=["ADAUSD","AUDCAD","AUDCHF","AUDJPY","AUDNZD","AUDUSD","BTCUSD","CADJPY","DE40","ETHUSD"]
[2026-05-27T09:29:46.464Z] INFO BAR_PUSH object_type=ea object_id=10869460 source_id=Ctrader bar_count=10 symbols=["EURAUD","EURCAD","EURGBP","EURJPY","EURSGD","EURUSD","GBPAUD","GBPCAD","GBPJPY"]
[2026-05-27T09:30:18.451Z] INFO BAR_PUSH object_type=ea object_id=10869460 source_id=Ctrader bar_count=10 symbols=["AUDCAD","AUDCHF","AUDJPY","AUDNZD"]
[2026-05-27T09:30:52.454Z] INFO BAR_PUSH object_type=ea object_id=10869460 source_id=Ctrader bar_count=10 symbols=["AUDNZD","AUDUSD","BTCUSD","CADJPY"]
[2026-05-27T09:31:24.455Z] INFO BAR_PUSH object_type=ea object_id=10869460 source_id=Ctrader bar_count=10 symbols=["ADAUSD","AUDCAD","AUDCHF","AUDJPY","AUDNZD","AUDUSD","BTCUSD","CADJPY"]
[2026-05-27T09:31:58.433Z] INFO BAR_PUSH object_type=ea object_id=10869460 source_id=Ctrader bar_count=10 symbols=["CADJPY","DE40","ETHUSD","EURAUD"]
[2026-05-27T09:32:30.473Z] INFO BAR_PUSH object_type=ea object_id=10869460 source_id=Ctrader bar_count=10 symbols=["ADAUSD","AUDCAD","AUDCHF","AUDJPY","AUDNZD","AUDUSD","BTCUSD","CADJPY","DE40","ETHUSD"]
[2026-05-27T09:33:04.480Z] INFO BAR_PUSH object_type=ea object_id=10869460 source_id=Ctrader bar_count=10 symbols=["AUDCAD","AUDCHF","AUDJPY","AUDNZD","AUDUSD","BTCUSD","CADJPY","DE40","ETHUSD","EURAUD"]
[2026-05-27T09:33:36.440Z] INFO BAR_PUSH object_type=ea object_id=10869460 source_id=Ctrader bar_count=10 symbols=["EURCAD","EURGBP","EURJPY","EURSGD"]
[2026-05-27T09:34:08.486Z] INFO BAR_PUSH object_type=ea object_id=10869460 source_id=Ctrader bar_count=10 symbols=["ADAUSD","AUDCAD","AUDCHF","AUDJPY","AUDNZD","AUDUSD","BTCUSD","CADJPY","DE40","ETHUSD"]
[2026-05-27T09:34:40.458Z] INFO BAR_PUSH object_type=ea object_id=10869460 source_id=Ctrader bar_count=10 symbols=["EURAUD","EURCAD","EURGBP","EURJPY","EURSGD","EURUSD"]
[2026-05-27T09:35:12.460Z] INFO BAR_PUSH object_type=ea object_id=10869460 source_id=Ctrader bar_count=10 symbols=["ADAUSD","AUDCAD","AUDCHF","AUDJPY","AUDNZD"]
[2026-05-27T09:35:44.458Z] INFO BAR_PUSH object_type=ea object_id=10869460 source_id=Ctrader bar_count=10 symbols=["AUDUSD","BTCUSD","CADJPY","DE40","ETHUSD"]
[2026-05-27T09:36:16.476Z] INFO BAR_PUSH object_type=ea object_id=10869460 source_id=Ctrader bar_count=10 symbols=["ADAUSD","AUDCAD","AUDCHF","AUDJPY","AUDNZD","AUDUSD","BTCUSD","CADJPY","DE40","ETHUSD"]
[2026-05-27T09:36:48.440Z] INFO BAR_PUSH object_type=ea object_id=10869460 source_id=Ctrader bar_count=10 symbols=["EURAUD","EURCAD","EURGBP","EURJPY","EURSGD"]
[2026-05-27T09:37:20.459Z] INFO BAR_PUSH object_type=ea object_id=10869460 source_id=Ctrader bar_count=10 symbols=["ADAUSD","AUDCAD","AUDCHF","AUDJPY","AUDNZD","AUDUSD","BTCUSD","CADJPY","DE40","ETHUSD"]
[2026-05-27T09:37:52.466Z] INFO BAR_PUSH object_type=ea object_id=10869460 source_id=Ctrader bar_count=10 symbols=["EURAUD","EURCAD","EURGBP","EURJPY","EURSGD","EURUSD","GBPAUD"]
[2026-05-27T09:38:24.471Z] INFO BAR_PUSH object_type=ea object_id=10869460 source_id=Ctrader bar_count=10 symbols=["ADAUSD","AUDCAD","AUDCHF","AUDJPY","AUDNZD","AUDUSD","BTCUSD","CADJPY","DE40","ETHUSD"]
[2026-05-27T09:38:56.472Z] INFO BAR_PUSH object_type=ea object_id=10869460 source_id=Ctrader bar_count=10 symbols=["EURAUD","EURCAD","EURGBP","EURJPY","EURSGD","EURUSD","GBPAUD","GBPCAD"]
[2026-05-27T09:39:30.457Z] INFO BAR_PUSH object_type=ea object_id=10869460 source_id=Ctrader bar_count=10 symbols=["ADAUSD","AUDCAD","AUDCHF","AUDJPY","AUDNZD","AUDUSD","BTCUSD","CADJPY","DE40","ETHUSD"]
[2026-05-27T09:40:02.461Z] INFO BAR_PUSH object_type=ea object_id=10869460 source_id=Ctrader bar_count=10 symbols=["AUDCAD","AUDCHF","AUDJPY","AUDNZD","AUDUSD"]
[2026-05-27T09:40:36.462Z] INFO BAR_PUSH object_type=ea object_id=10869460 source_id=Ctrader bar_count=10 symbols=["ADAUSD","BTCUSD","CADJPY","DE40","ETHUSD"]
[2026-05-27T09:41:10.450Z] INFO BAR_PUSH object_type=ea object_id=10869460 source_id=Ctrader bar_count=10 symbols=["ADAUSD","AUDCAD","AUDCHF","AUDJPY","AUDNZD","AUDUSD","BTCUSD","CADJPY","DE40","ETHUSD"]
[2026-05-27T09:41:44.477Z] INFO BAR_PUSH object_type=ea object_id=10869460 source_id=Ctrader bar_count=10 symbols=["EURAUD","EURCAD","EURGBP","EURJPY","EURSGD"]
[2026-05-27T09:42:16.476Z] INFO BAR_PUSH object_type=ea object_id=10869460 source_id=Ctrader bar_count=10 symbols=["AUDCAD","AUDCHF","AUDJPY","AUDNZD","AUDUSD","BTCUSD","CADJPY","DE40","ETHUSD","EURAUD"]
[2026-05-27T09:42:48.461Z] INFO BAR_PUSH object_type=ea object_id=10869460 source_id=Ctrader bar_count=10 symbols=["ADAUSD","EURCAD","EURGBP","EURJPY","EURSGD","EURUSD","GBPAUD","GBPCAD"]
[2026-05-27T09:43:20.467Z] INFO BAR_PUSH object_type=ea object_id=10869460 source_id=Ctrader bar_count=10 symbols=["AUDCAD","AUDCHF","AUDJPY","AUDNZD","AUDUSD","BTCUSD","CADJPY","DE40","ETHUSD","EURAUD"]
[2026-05-27T09:43:52.465Z] INFO BAR_PUSH object_type=ea object_id=10869460 source_id=Ctrader bar_count=10 symbols=["EURCAD","EURGBP","EURJPY","EURSGD","EURUSD","GBPAUD","GBPCAD","GBPJPY"]
[2026-05-27T09:44:24.484Z] INFO BAR_PUSH object_type=ea object_id=10869460 source_id=Ctrader bar_count=10 symbols=["AUDCAD","AUDCHF","AUDJPY","AUDNZD","AUDUSD","BTCUSD","CADJPY","DE40","ETHUSD","EURAUD"]
[2026-05-27T09:44:56.458Z] INFO BAR_PUSH object_type=ea object_id=10869460 source_id=Ctrader bar_count=10 symbols=["ADAUSD","EURCAD","EURGBP","EURJPY","EURSGD","EURUSD","GBPAUD","GBPCAD","GBPJPY"]
[2026-05-27T09:45:28.463Z] INFO BAR_PUSH object_type=ea object_id=10869460 source_id=Ctrader bar_count=10 symbols=["ADAUSD","AUDCAD","AUDCHF","AUDJPY"]
[2026-05-27T09:46:02.458Z] INFO BAR_PUSH object_type=ea object_id=10869460 source_id=Ctrader bar_count=10 symbols=["AUDCAD","AUDCHF","AUDJPY","AUDNZD","AUDUSD"]
[2026-05-27T09:46:34.559Z] INFO BAR_PUSH object_type=ea object_id=10869460 source_id=Ctrader bar_count=10 symbols=["ADAUSD","AUDUSD","BTCUSD","CADJPY","DE40"]
[2026-05-27T09:47:06.477Z] INFO BAR_PUSH object_type=ea object_id=10869460 source_id=Ctrader bar_count=10 symbols=["AUDCAD","AUDCHF","AUDJPY","AUDNZD","AUDUSD","BTCUSD","CADJPY","DE40","ETHUSD"]
[2026-05-27T09:47:38.463Z] INFO BAR_PUSH object_type=ea object_id=10869460 source_id=Ctrader bar_count=10 symbols=["ADAUSD","ETHUSD","EURAUD","EURCAD","EURGBP"]
[2026-05-27T09:48:12.477Z] INFO BAR_PUSH object_type=ea object_id=10869460 source_id=Ctrader bar_count=10 symbols=["AUDCAD","AUDCHF","AUDJPY","AUDNZD","AUDUSD","BTCUSD","CADJPY","DE40","ETHUSD","EURAUD"]
[2026-05-27T09:48:44.455Z] INFO BAR_PUSH object_type=ea object_id=10869460 source_id=Ctrader bar_count=10 symbols=["ADAUSD","EURCAD","EURGBP","EURJPY","EURSGD"]
[2026-05-27T09:49:16.476Z] INFO BAR_PUSH object_type=ea object_id=10869460 source_id=Ctrader bar_count=10 symbols=["ADAUSD","AUDCAD","AUDCHF","AUDJPY","AUDNZD","AUDUSD","BTCUSD","CADJPY","DE40","ETHUSD"]
[2026-05-27T09:49:50.464Z] INFO BAR_PUSH object_type=ea object_id=10869460 source_id=Ctrader bar_count=10 symbols=["EURAUD","EURCAD","EURGBP","EURJPY","EURSGD","EURUSD","GBPAUD"]
[2026-05-27T09:50:22.466Z] INFO BAR_PUSH object_type=ea object_id=10869460 source_id=Ctrader bar_count=10 symbols=["ADAUSD","AUDCAD","AUDCHF","AUDJPY","AUDNZD"]
[2026-05-27T09:50:54.463Z] INFO BAR_PUSH object_type=ea object_id=10869460 source_id=Ctrader bar_count=10 symbols=["AUDUSD","BTCUSD","CADJPY","DE40","ETHUSD"]
[2026-05-27T09:51:26.478Z] INFO BAR_PUSH object_type=ea object_id=10869460 source_id=Ctrader bar_count=10 symbols=["ADAUSD","AUDCAD","AUDCHF","AUDJPY","AUDNZD","AUDUSD","BTCUSD","CADJPY","DE40","ETHUSD"]
[2026-05-27T09:51:58.462Z] INFO BAR_PUSH object_type=ea object_id=10869460 source_id=Ctrader bar_count=10 symbols=["EURAUD","EURCAD","EURGBP","EURJPY","EURSGD"]
[2026-05-27T09:52:30.480Z] INFO BAR_PUSH object_type=ea object_id=10869460 source_id=Ctrader bar_count=10 symbols=["ADAUSD","AUDCAD","AUDCHF","AUDJPY","AUDNZD","AUDUSD","BTCUSD","CADJPY","DE40","ETHUSD"]
[2026-05-27T09:53:02.464Z] INFO BAR_PUSH object_type=ea object_id=10869460 source_id=Ctrader bar_count=10 symbols=["AUDCAD","AUDCHF","AUDJPY","AUDNZD","BTCUSD","CADJPY","DE40","EURAUD","EURCAD","EURGBP"]
[2026-05-27T09:53:34.465Z] INFO BAR_PUSH object_type=ea object_id=10869460 source_id=Ctrader bar_count=10 symbols=["ADAUSD","AUDUSD","ETHUSD","EURGBP","EURJPY","EURSGD","EURUSD","GBPAUD"]
[2026-05-27T09:54:08.474Z] INFO BAR_PUSH object_type=ea object_id=10869460 source_id=Ctrader bar_count=10 symbols=["AUDCAD","AUDCHF","AUDJPY","AUDNZD","AUDUSD","BTCUSD","CADJPY","DE40","ETHUSD","EURAUD"]
[2026-05-27T09:54:40.457Z] INFO BAR_PUSH object_type=ea object_id=10869460 source_id=Ctrader bar_count=10 symbols=["EURCAD","EURGBP","EURJPY","EURSGD","EURUSD","GBPAUD","GBPCAD"]
[2026-05-27T09:55:14.465Z] INFO BAR_PUSH object_type=ea object_id=10869460 source_id=Ctrader bar_count=10 symbols=["ADAUSD","AUDCAD","AUDCHF","AUDJPY","AUDNZD"]
[2026-05-27T09:55:46.470Z] INFO BAR_PUSH object_type=ea object_id=10869460 source_id=Ctrader bar_count=10 symbols=["AUDUSD","BTCUSD","CADJPY","DE40","ETHUSD"]
[2026-05-27T09:56:18.454Z] INFO BAR_PUSH object_type=ea object_id=10869460 source_id=Ctrader bar_count=10 symbols=["ADAUSD","AUDCAD","AUDCHF","AUDJPY","AUDNZD","AUDUSD","BTCUSD","CADJPY","DE40","ETHUSD"]
[2026-05-27T09:56:50.458Z] INFO BAR_PUSH object_type=ea object_id=10869460 source_id=Ctrader bar_count=10 symbols=["EURAUD","EURCAD","EURGBP","EURJPY","EURSGD"]
[2026-05-27T09:57:24.465Z] INFO BAR_PUSH object_type=ea object_id=10869460 source_id=Ctrader bar_count=10 symbols=["ADAUSD","AUDCAD","AUDCHF","AUDJPY","AUDNZD","AUDUSD","BTCUSD","CADJPY","DE40","ETHUSD"]
[2026-05-27T09:57:56.474Z] INFO BAR_PUSH object_type=ea object_id=10869460 source_id=Ctrader bar_count=10 symbols=["EURAUD","EURCAD","EURGBP","EURJPY","EURSGD","EURUSD","GBPAUD","GBPCAD"]
[2026-05-27T09:58:28.480Z] INFO BAR_PUSH object_type=ea object_id=10869460 source_id=Ctrader bar_count=10 symbols=["ADAUSD","AUDCAD","AUDCHF","AUDJPY","AUDNZD","AUDUSD","BTCUSD","CADJPY","DE40","ETHUSD"]
[2026-05-27T09:59:02.479Z] INFO BAR_PUSH object_type=ea object_id=10869460 source_id=Ctrader bar_count=10 symbols=["AUDCAD","AUDCHF","AUDJPY","AUDNZD","AUDUSD","BTCUSD","CADJPY","ETHUSD","EURAUD","EURCAD"]
[2026-05-27T09:59:34.477Z] INFO BAR_PUSH object_type=ea object_id=10869460 source_id=Ctrader bar_count=10 symbols=["DE40","EURGBP","EURJPY","EURSGD","EURUSD","GBPAUD","GBPCAD","GBPJPY"]
[2026-05-27T10:00:06.466Z] INFO BAR_PUSH object_type=ea object_id=10869460 source_id=Ctrader bar_count=10 symbols=["ADAUSD","AUDCAD","AUDCHF","AUDJPY"]
[2026-05-27T10:00:38.450Z] INFO BAR_PUSH object_type=ea object_id=10869460 source_id=Ctrader bar_count=10 symbols=["ADAUSD","AUDJPY","AUDNZD"]
[2026-05-27T10:01:10.474Z] INFO BAR_PUSH object_type=ea object_id=10869460 source_id=Ctrader bar_count=10 symbols=["AUDCAD","AUDCHF","AUDJPY","AUDNZD","AUDUSD","BTCUSD"]
[2026-05-27T10:01:42.427Z] INFO BAR_PUSH object_type=ea object_id=10869460 source_id=Ctrader bar_count=10 symbols=["ADAUSD","BTCUSD","CADJPY","DE40"]
[2026-05-27T10:02:14.507Z] INFO BAR_PUSH object_type=ea object_id=10869460 source_id=Ctrader bar_count=10 symbols=["ADAUSD","AUDCAD","AUDCHF","AUDJPY","AUDNZD","AUDUSD","BTCUSD","CADJPY","DE40"]
[2026-05-27T10:02:46.452Z] INFO BAR_PUSH object_type=ea object_id=10869460 source_id=Ctrader bar_count=10 symbols=["DE40","ETHUSD","EURAUD","EURCAD"]
[2026-05-27T10:03:20.446Z] INFO BAR_PUSH object_type=ea object_id=10869460 source_id=Ctrader bar_count=10 symbols=["ADAUSD","AUDCAD","AUDCHF","AUDJPY","AUDNZD","AUDUSD","BTCUSD","CADJPY","DE40","ETHUSD"]
[2026-05-27T10:03:52.462Z] INFO BAR_PUSH object_type=ea object_id=10869460 source_id=Ctrader bar_count=10 symbols=["EURAUD","EURCAD","EURGBP","EURJPY"]
[2026-05-27T10:04:24.470Z] INFO BAR_PUSH object_type=ea object_id=10869460 source_id=Ctrader bar_count=10 symbols=["ADAUSD","AUDCAD","AUDCHF","AUDJPY","AUDNZD","AUDUSD","BTCUSD","CADJPY","DE40","ETHUSD"]
[2026-05-27T10:04:56.461Z] INFO BAR_PUSH object_type=ea object_id=10869460 source_id=Ctrader bar_count=10 symbols=["EURAUD","EURCAD","EURGBP","EURJPY","EURSGD"]
[2026-05-27T10:05:30.458Z] INFO BAR_PUSH object_type=ea object_id=10869460 source_id=Ctrader bar_count=10 symbols=["AUDCAD","AUDCHF","AUDJPY","AUDNZD","AUDUSD"]
[2026-05-27T10:06:04.477Z] INFO BAR_PUSH object_type=ea object_id=10869460 source_id=Ctrader bar_count=10 symbols=["AUDCAD","AUDCHF","AUDJPY","AUDNZD","AUDUSD","BTCUSD","CADJPY","DE40"]
[2026-05-27T10:06:36.445Z] INFO BAR_PUSH object_type=ea object_id=10869460 source_id=Ctrader bar_count=10 symbols=["ADAUSD","DE40","ETHUSD","EURAUD","EURCAD","EURGBP"]
[2026-05-27T10:07:08.468Z] INFO BAR_PUSH object_type=ea object_id=10869460 source_id=Ctrader bar_count=10 symbols=["AUDCAD","AUDCHF","AUDJPY","AUDNZD","AUDUSD","BTCUSD","CADJPY","DE40","ETHUSD","EURAUD"]
[2026-05-27T10:07:40.456Z] INFO BAR_PUSH object_type=ea object_id=10869460 source_id=Ctrader bar_count=10 symbols=["EURCAD","EURGBP","EURJPY","EURSGD","EURUSD"]
[2026-05-27T10:08:14.477Z] INFO BAR_PUSH object_type=ea object_id=10869460 source_id=Ctrader bar_count=10 symbols=["AUDCAD","AUDCHF","AUDJPY","AUDNZD","AUDUSD","BTCUSD","CADJPY","DE40","ETHUSD","EURAUD"]
[2026-05-27T10:08:46.437Z] INFO BAR_PUSH object_type=ea object_id=10869460 source_id=Ctrader bar_count=10 symbols=["ADAUSD","EURCAD","EURGBP","EURJPY","EURSGD","EURUSD","GBPAUD"]
[2026-05-27T10:09:18.532Z] INFO BAR_PUSH object_type=ea object_id=10869460 source_id=Ctrader bar_count=10 symbols=["AUDCAD","AUDCHF","AUDJPY","AUDNZD","AUDUSD","BTCUSD","CADJPY","DE40","ETHUSD","EURAUD"]
[2026-05-27T10:09:52.445Z] INFO BAR_PUSH object_type=ea object_id=10869460 source_id=Ctrader bar_count=10 symbols=["ADAUSD","EURCAD","EURGBP","EURJPY","EURSGD","EURUSD","GBPAUD","GBPCAD"]
[2026-05-27T10:10:24.437Z] INFO BAR_PUSH object_type=ea object_id=10869460 source_id=Ctrader bar_count=10 symbols=["ADAUSD","AUDCAD","AUDCHF","AUDJPY","AUDNZD"]
[2026-05-27T10:10:56.443Z] INFO BAR_PUSH object_type=ea object_id=10869460 source_id=Ctrader bar_count=10 symbols=["AUDUSD","BTCUSD","CADJPY","DE40","ETHUSD"]
[2026-05-27T10:11:29.419Z] INFO BAR_PUSH object_type=ea object_id=10869460 source_id=Ctrader bar_count=10 symbols=["AUDCAD","AUDCHF","AUDJPY","AUDNZD","AUDUSD","BTCUSD","CADJPY","DE40","ETHUSD","EURAUD"]
[2026-05-27T10:12:00.629Z] INFO BAR_PUSH object_type=ea object_id=10869460 source_id=Ctrader bar_count=10 symbols=["EURAUD","EURCAD","EURGBP","EURJPY","EURSGD","EURUSD"]
[2026-05-27T10:12:32.506Z] INFO BAR_PUSH object_type=ea object_id=10869460 source_id=Ctrader bar_count=10 symbols=["ADAUSD","AUDCAD","AUDCHF","AUDJPY","AUDNZD","AUDUSD","BTCUSD","CADJPY","DE40","ETHUSD"]
[2026-05-27T10:13:04.456Z] INFO BAR_PUSH object_type=ea object_id=10869460 source_id=Ctrader bar_count=10 symbols=["AUDCAD","AUDCHF","AUDJPY","AUDNZD","AUDUSD","BTCUSD","CADJPY","EURAUD","EURCAD","EURGBP"]
[2026-05-27T10:13:36.432Z] INFO BAR_PUSH object_type=ea object_id=10869460 source_id=Ctrader bar_count=10 symbols=["DE40","ETHUSD","EURJPY","EURSGD","EURUSD","GBPAUD","GBPCAD"]
[2026-05-27T10:14:08.450Z] INFO BAR_PUSH object_type=ea object_id=10869460 source_id=Ctrader bar_count=10 symbols=["ADAUSD","AUDCAD","AUDCHF","AUDJPY","AUDNZD","AUDUSD","BTCUSD","CADJPY","DE40","ETHUSD"]
[2026-05-27T10:14:40.450Z] INFO BAR_PUSH object_type=ea object_id=10869460 source_id=Ctrader bar_count=10 symbols=["ADAUSD","EURAUD","EURCAD","EURGBP","EURJPY","EURSGD","EURUSD","GBPAUD","GBPCAD"]
[2026-05-27T10:15:12.432Z] INFO BAR_PUSH object_type=ea object_id=10869460 source_id=Ctrader bar_count=10 symbols=["ADAUSD","AUDCAD","AUDCHF","AUDJPY"]
[2026-05-27T10:15:44.438Z] INFO BAR_PUSH object_type=ea object_id=10869460 source_id=Ctrader bar_count=10 symbols=["AUDJPY","AUDNZD","AUDUSD","BTCUSD"]
[2026-05-27T10:16:16.464Z] INFO BAR_PUSH object_type=ea object_id=10869460 source_id=Ctrader bar_count=10 symbols=["AUDCAD","AUDCHF","AUDJPY","AUDNZD","AUDUSD","BTCUSD","CADJPY"]
[2026-05-27T10:16:48.450Z] INFO BAR_PUSH object_type=ea object_id=10869460 source_id=Ctrader bar_count=10 symbols=["ADAUSD","DE40","ETHUSD","EURAUD"]
[2026-05-27T10:17:20.463Z] INFO BAR_PUSH object_type=ea object_id=10869460 source_id=Ctrader bar_count=10 symbols=["AUDCAD","AUDCHF","AUDJPY","AUDNZD","AUDUSD","BTCUSD","CADJPY","DE40","ETHUSD","EURAUD"]
[2026-05-27T10:17:52.427Z] INFO BAR_PUSH object_type=ea object_id=10869460 source_id=Ctrader bar_count=10 symbols=["EURCAD","EURGBP","EURJPY","EURSGD"]
[2026-05-27T10:18:24.447Z] INFO BAR_PUSH object_type=ea object_id=10869460 source_id=Ctrader bar_count=10 symbols=["ADAUSD","AUDCAD","AUDCHF","AUDJPY","AUDNZD","AUDUSD","BTCUSD","CADJPY","DE40","ETHUSD"]
[2026-05-27T10:18:56.450Z] INFO BAR_PUSH object_type=ea object_id=10869460 source_id=Ctrader bar_count=10 symbols=["ADAUSD","EURAUD","EURCAD","EURGBP","EURJPY","EURSGD","EURUSD"]
[2026-05-27T10:19:28.470Z] INFO BAR_PUSH object_type=ea object_id=10869460 source_id=Ctrader bar_count=10 symbols=["ADAUSD","AUDCAD","AUDCHF","AUDJPY","AUDNZD","AUDUSD","BTCUSD","CADJPY","DE40","ETHUSD"]
[2026-05-27T10:20:00.445Z] INFO BAR_PUSH object_type=ea object_id=10869460 source_id=Ctrader bar_count=10 symbols=["AUDJPY","AUDUSD","CADJPY","DE40","EURAUD","EURCAD"]
[2026-05-27T10:20:32.433Z] INFO BAR_PUSH object_type=ea object_id=10869460 source_id=Ctrader bar_count=10 symbols=["ADAUSD","AUDCAD","AUDCHF","AUDNZD","BTCUSD"]
[2026-05-27T10:21:04.442Z] INFO BAR_PUSH object_type=ea object_id=10869460 source_id=Ctrader bar_count=10 symbols=["AUDCAD","AUDCHF","AUDJPY","AUDNZD","AUDUSD","BTCUSD","CADJPY","ETHUSD","EURAUD"]
[2026-05-27T10:21:36.435Z] INFO BAR_PUSH object_type=ea object_id=10869460 source_id=Ctrader bar_count=10 symbols=["ADAUSD","DE40","EURAUD","EURCAD","EURGBP","EURJPY","EURSGD"]
[2026-05-27T10:22:08.473Z] INFO BAR_PUSH object_type=ea object_id=10869460 source_id=Ctrader bar_count=10 symbols=["ADAUSD","AUDCAD","AUDCHF","AUDJPY","AUDNZD","AUDUSD","BTCUSD","CADJPY","DE40","ETHUSD"]
[2026-05-27T10:22:42.444Z] INFO BAR_PUSH object_type=ea object_id=10869460 source_id=Ctrader bar_count=10 symbols=["EURAUD","EURCAD","EURGBP","EURJPY","EURSGD","EURUSD","GBPAUD"]
[2026-05-27T10:23:14.468Z] INFO BAR_PUSH object_type=ea object_id=10869460 source_id=Ctrader bar_count=10 symbols=["AUDCAD","AUDCHF","AUDJPY","AUDNZD","AUDUSD","BTCUSD","CADJPY","DE40","ETHUSD","EURAUD"]
[2026-05-27T10:23:46.446Z] INFO BAR_PUSH object_type=ea object_id=10869460 source_id=Ctrader bar_count=10 symbols=["ADAUSD","EURCAD","EURGBP","EURJPY","EURSGD","EURUSD","GBPAUD","GBPCAD"]
[2026-05-27T10:24:18.494Z] INFO BAR_PUSH object_type=ea object_id=10869460 source_id=Ctrader bar_count=10 symbols=["ADAUSD","AUDCAD","AUDCHF","AUDJPY","AUDNZD","AUDUSD","BTCUSD","CADJPY","DE40","ETHUSD"]
[2026-05-27T10:24:52.444Z] INFO BAR_PUSH object_type=ea object_id=10869460 source_id=Ctrader bar_count=10 symbols=["EURAUD","EURCAD","EURGBP","EURJPY","EURSGD","EURUSD","GBPAUD","GBPCAD"]
[2026-05-27T10:25:24.443Z] INFO BAR_PUSH object_type=ea object_id=10869460 source_id=Ctrader bar_count=10 symbols=["ADAUSD","AUDCAD","AUDCHF","AUDJPY","AUDNZD"]
[2026-05-27T10:25:56.436Z] INFO BAR_PUSH object_type=ea object_id=10869460 source_id=Ctrader bar_count=10 symbols=["AUDUSD","BTCUSD","CADJPY","DE40","ETHUSD"]
[2026-05-27T10:26:28.453Z] INFO BAR_PUSH object_type=ea object_id=10869460 source_id=Ctrader bar_count=10 symbols=["ADAUSD","AUDCAD","AUDCHF","AUDJPY","AUDNZD","AUDUSD","BTCUSD","CADJPY","DE40","ETHUSD"]
[2026-05-27T10:27:00.447Z] INFO BAR_PUSH object_type=ea object_id=10869460 source_id=Ctrader bar_count=10 symbols=["AUDCAD","AUDCHF","AUDJPY","AUDUSD","CADJPY","ETHUSD","EURAUD","EURCAD"]
[2026-05-27T10:27:32.446Z] INFO BAR_PUSH object_type=ea object_id=10869460 source_id=Ctrader bar_count=10 symbols=["ADAUSD","AUDNZD","BTCUSD","DE40","EURGBP","EURJPY","EURSGD"]
[2026-05-27T10:28:04.451Z] INFO BAR_PUSH object_type=ea object_id=10869460 source_id=Ctrader bar_count=10 symbols=["AUDCAD","AUDCHF","AUDJPY","AUDNZD","AUDUSD","BTCUSD","CADJPY","DE40","ETHUSD","EURAUD"]
[2026-05-27T10:28:36.433Z] INFO BAR_PUSH object_type=ea object_id=10869460 source_id=Ctrader bar_count=10 symbols=["ADAUSD","EURCAD","EURGBP","EURJPY","EURSGD","EURUSD","GBPAUD","GBPCAD"]
[2026-05-27T10:29:08.461Z] INFO BAR_PUSH object_type=ea object_id=10869460 source_id=Ctrader bar_count=10 symbols=["AUDCAD","AUDCHF","AUDJPY","AUDNZD","AUDUSD","BTCUSD","CADJPY","DE40","ETHUSD","EURAUD"]
[2026-05-27T10:29:40.439Z] INFO BAR_PUSH object_type=ea object_id=10869460 source_id=Ctrader bar_count=10 symbols=["ADAUSD","EURCAD","EURGBP","EURJPY","EURSGD","EURUSD","GBPAUD","GBPCAD"]
[2026-05-27T10:30:12.422Z] INFO BAR_PUSH object_type=ea object_id=10869460 source_id=Ctrader bar_count=10 symbols=["ADAUSD","AUDCAD","AUDCHF","AUDJPY"]
[2026-05-27T10:30:44.426Z] INFO BAR_PUSH object_type=ea object_id=10869460 source_id=Ctrader bar_count=10 symbols=["AUDJPY","AUDNZD","AUDUSD","BTCUSD"]
[2026-05-27T10:31:16.649Z] INFO BAR_PUSH object_type=ea object_id=10869460 source_id=Ctrader bar_count=10 symbols=["AUDCAD","AUDCHF","AUDJPY","AUDNZD","AUDUSD","BTCUSD","CADJPY"]
[2026-05-27T10:31:48.432Z] INFO BAR_PUSH object_type=ea object_id=10869460 source_id=Ctrader bar_count=10 symbols=["ADAUSD","DE40","ETHUSD","EURAUD"]
[2026-05-27T10:32:20.452Z] INFO BAR_PUSH object_type=ea object_id=10869460 source_id=Ctrader bar_count=10 symbols=["AUDCAD","AUDCHF","AUDJPY","AUDNZD","AUDUSD","BTCUSD","CADJPY","DE40","ETHUSD","EURAUD"]
[2026-05-27T10:32:52.434Z] INFO BAR_PUSH object_type=ea object_id=10869460 source_id=Ctrader bar_count=10 symbols=["ADAUSD","EURCAD","EURGBP","EURJPY"]
[2026-05-27T10:33:24.453Z] INFO BAR_PUSH object_type=ea object_id=10869460 source_id=Ctrader bar_count=10 symbols=["ADAUSD","AUDCAD","AUDCHF","AUDJPY","AUDNZD","AUDUSD","BTCUSD","CADJPY","DE40","ETHUSD"]
[2026-05-27T10:33:56.448Z] INFO BAR_PUSH object_type=ea object_id=10869460 source_id=Ctrader bar_count=10 symbols=["EURAUD","EURCAD","EURGBP","EURJPY","EURSGD","EURUSD"]
[2026-05-27T10:34:28.466Z] INFO BAR_PUSH object_type=ea object_id=10869460 source_id=Ctrader bar_count=10 symbols=["ADAUSD","AUDCAD","AUDCHF","AUDJPY","AUDNZD","AUDUSD","BTCUSD","CADJPY","DE40","ETHUSD"]
[2026-05-27T10:35:00.451Z] INFO BAR_PUSH object_type=ea object_id=10869460 source_id=Ctrader bar_count=10 symbols=["AUDJPY","AUDNZD","AUDUSD","BTCUSD","CADJPY"]
[2026-05-27T10:35:32.451Z] INFO BAR_PUSH object_type=ea object_id=10869460 source_id=Ctrader bar_count=10 symbols=["AUDCAD","AUDCHF","DE40","ETHUSD","EURAUD"]
[2026-05-27T10:36:04.460Z] INFO BAR_PUSH object_type=ea object_id=10869460 source_id=Ctrader bar_count=10 symbols=["AUDCAD","AUDCHF","AUDJPY","AUDNZD","AUDUSD","BTCUSD","CADJPY","DE40","ETHUSD","EURAUD"]
[2026-05-27T10:36:36.430Z] INFO BAR_PUSH object_type=ea object_id=10869460 source_id=Ctrader bar_count=10 symbols=["ADAUSD","EURCAD","EURGBP","EURJPY","EURSGD"]
[2026-05-27T10:37:10.468Z] INFO BAR_PUSH object_type=ea object_id=10869460 source_id=Ctrader bar_count=10 symbols=["AUDCAD","AUDCHF","AUDJPY","AUDNZD","AUDUSD","BTCUSD","CADJPY","DE40","ETHUSD","EURAUD"]
[2026-05-27T10:37:42.449Z] INFO BAR_PUSH object_type=ea object_id=10869460 source_id=Ctrader bar_count=10 symbols=["ADAUSD","EURCAD","EURGBP","EURJPY","EURSGD","EURUSD","GBPAUD"]
[2026-05-27T10:38:14.508Z] INFO BAR_PUSH object_type=ea object_id=10869460 source_id=Ctrader bar_count=10 symbols=["AUDCAD","AUDCHF","AUDJPY","AUDNZD","AUDUSD","BTCUSD","CADJPY","DE40","ETHUSD","EURAUD"]
[2026-05-27T10:38:46.452Z] INFO BAR_PUSH object_type=ea object_id=10869460 source_id=Ctrader bar_count=10 symbols=["EURCAD","EURGBP","EURJPY","EURSGD","EURUSD","GBPAUD","GBPCAD","GBPJPY"]
[2026-05-27T10:39:20.462Z] INFO BAR_PUSH object_type=ea object_id=10869460 source_id=Ctrader bar_count=10 symbols=["ADAUSD","AUDCAD","AUDCHF","AUDJPY","AUDNZD","AUDUSD","BTCUSD","CADJPY","DE40","ETHUSD"]
[2026-05-27T10:39:52.445Z] INFO BAR_PUSH object_type=ea object_id=10869460 source_id=Ctrader bar_count=10 symbols=["EURAUD","EURCAD","EURGBP","EURJPY","EURSGD","EURUSD","GBPAUD","GBPCAD","GBPJPY"]
[2026-05-27T10:40:24.432Z] INFO BAR_PUSH object_type=ea object_id=10869460 source_id=Ctrader bar_count=10 symbols=["AUDCAD","AUDCHF","AUDJPY","AUDNZD","AUDUSD"]
[2026-05-27T10:40:58.446Z] INFO BAR_PUSH object_type=ea object_id=10869460 source_id=Ctrader bar_count=10 symbols=["BTCUSD","CADJPY","DE40","ETHUSD","EURAUD"]
[2026-05-27T10:41:30.460Z] INFO BAR_PUSH object_type=ea object_id=10869460 source_id=Ctrader bar_count=10 symbols=["ADAUSD","AUDCAD","AUDCHF","AUDJPY","AUDNZD","AUDUSD","BTCUSD","CADJPY","DE40"]
[2026-05-27T10:42:04.455Z] INFO BAR_PUSH object_type=ea object_id=10869460 source_id=Ctrader bar_count=10 symbols=["AUDCAD","AUDCHF","AUDJPY","AUDNZD","AUDUSD","BTCUSD","CADJPY","DE40","ETHUSD","EURAUD"]
[2026-05-27T10:42:38.435Z] INFO BAR_PUSH object_type=ea object_id=10869460 source_id=Ctrader bar_count=10 symbols=["ADAUSD","EURCAD","EURGBP","EURJPY","EURSGD","EURUSD"]
[2026-05-27T10:43:10.460Z] INFO BAR_PUSH object_type=ea object_id=10869460 source_id=Ctrader bar_count=10 symbols=["AUDCAD","AUDCHF","AUDJPY","AUDNZD","AUDUSD","BTCUSD","CADJPY","DE40","ETHUSD","EURAUD"]
[2026-05-27T10:43:42.437Z] INFO BAR_PUSH object_type=ea object_id=10869460 source_id=Ctrader bar_count=10 symbols=["EURCAD","EURGBP","EURJPY","EURSGD","EURUSD","GBPAUD","GBPCAD"]
[2026-05-27T10:44:16.436Z] INFO BAR_PUSH object_type=ea object_id=10869460 source_id=Ctrader bar_count=10 symbols=["ADAUSD","AUDCAD","AUDCHF","AUDJPY","AUDNZD","AUDUSD","BTCUSD","CADJPY","DE40","ETHUSD"]
[2026-05-27T10:44:48.436Z] INFO BAR_PUSH object_type=ea object_id=10869460 source_id=Ctrader bar_count=10 symbols=["EURAUD","EURCAD","EURGBP","EURJPY","EURSGD","EURUSD","GBPAUD","GBPCAD","GBPJPY"]
[2026-05-27T10:45:20.432Z] INFO BAR_PUSH object_type=ea object_id=10869460 source_id=Ctrader bar_count=10 symbols=["ADAUSD","AUDCAD","AUDCHF","AUDJPY"]
[2026-05-27T10:45:52.440Z] INFO BAR_PUSH object_type=ea object_id=10869460 source_id=Ctrader bar_count=10 symbols=["AUDJPY","AUDNZD","AUDUSD","BTCUSD"]
[2026-05-27T10:46:26.452Z] INFO BAR_PUSH object_type=ea object_id=10869460 source_id=Ctrader bar_count=10 symbols=["ADAUSD","AUDCAD","AUDCHF","AUDJPY","AUDNZD","AUDUSD","BTCUSD","CADJPY"]
[2026-05-27T10:46:58.423Z] INFO BAR_PUSH object_type=ea object_id=10869460 source_id=Ctrader bar_count=10 symbols=["CADJPY","DE40","ETHUSD","EURAUD"]
[2026-05-27T10:47:32.456Z] INFO BAR_PUSH object_type=ea object_id=10869460 source_id=Ctrader bar_count=10 symbols=["ADAUSD","AUDCAD","AUDCHF","AUDJPY","AUDNZD","AUDUSD","BTCUSD","CADJPY","DE40","ETHUSD"]
[2026-05-27T10:48:04.464Z] INFO BAR_PUSH object_type=ea object_id=10869460 source_id=Ctrader bar_count=10 symbols=["AUDCAD","AUDCHF","AUDJPY","AUDNZD","AUDUSD","BTCUSD","CADJPY","DE40","ETHUSD","EURAUD"]
[2026-05-27T10:48:36.499Z] INFO BAR_PUSH object_type=ea object_id=10869460 source_id=Ctrader bar_count=10 symbols=["ADAUSD","EURCAD","EURGBP","EURJPY"]
[2026-05-27T10:49:08.438Z] INFO BAR_PUSH object_type=ea object_id=10869460 source_id=Ctrader bar_count=10 symbols=["ADAUSD","AUDCAD","AUDCHF","AUDJPY","AUDNZD","AUDUSD","BTCUSD","CADJPY","DE40","ETHUSD"]
[2026-05-27T10:49:40.423Z] INFO BAR_PUSH object_type=ea object_id=10869460 source_id=Ctrader bar_count=10 symbols=["EURAUD","EURCAD","EURGBP","EURJPY","EURSGD","EURUSD"]
[2026-05-27T10:50:12.424Z] INFO BAR_PUSH object_type=ea object_id=10869460 source_id=Ctrader bar_count=10 symbols=["AUDCAD","AUDCHF","AUDJPY","AUDNZD","AUDUSD"]
[2026-05-27T10:50:46.429Z] INFO BAR_PUSH object_type=ea object_id=10869460 source_id=Ctrader bar_count=10 symbols=["ADAUSD","BTCUSD","CADJPY","DE40","ETHUSD"]
[2026-05-27T10:51:18.448Z] INFO BAR_PUSH object_type=ea object_id=10869460 source_id=Ctrader bar_count=10 symbols=["ADAUSD","AUDCAD","AUDCHF","AUDJPY","AUDNZD","AUDUSD","BTCUSD","CADJPY","DE40","ETHUSD"]
[2026-05-27T10:51:50.435Z] INFO BAR_PUSH object_type=ea object_id=10869460 source_id=Ctrader bar_count=10 symbols=["EURAUD","EURCAD","EURGBP","EURJPY","EURSGD"]
[2026-05-27T10:52:22.461Z] INFO BAR_PUSH object_type=ea object_id=10869460 source_id=Ctrader bar_count=10 symbols=["AUDCAD","AUDCHF","AUDJPY","AUDNZD","AUDUSD","BTCUSD","CADJPY","DE40","ETHUSD","EURAUD"]
[2026-05-27T10:52:54.437Z] INFO BAR_PUSH object_type=ea object_id=10869460 source_id=Ctrader bar_count=10 symbols=["ADAUSD","EURCAD","EURGBP","EURJPY","EURSGD","EURUSD","GBPAUD"]
[2026-05-27T10:53:28.446Z] INFO BAR_PUSH object_type=ea object_id=10869460 source_id=Ctrader bar_count=10 symbols=["AUDCAD","AUDCHF","AUDJPY","AUDNZD","AUDUSD","BTCUSD","CADJPY","DE40","ETHUSD","EURAUD"]
[2026-05-27T10:54:02.453Z] INFO BAR_PUSH object_type=ea object_id=10869460 source_id=Ctrader bar_count=10 symbols=["ADAUSD","AUDCAD","AUDCHF","AUDJPY","AUDNZD","AUDUSD","CADJPY","EURAUD","EURCAD","EURGBP"]
[2026-05-27T10:54:34.438Z] INFO BAR_PUSH object_type=ea object_id=10869460 source_id=Ctrader bar_count=10 symbols=["BTCUSD","DE40","ETHUSD","EURJPY","EURSGD","EURUSD","GBPAUD","GBPCAD"]
[2026-05-27T10:55:06.430Z] INFO BAR_PUSH object_type=ea object_id=10869460 source_id=Ctrader bar_count=10 symbols=["AUDCAD","AUDCHF","AUDJPY","AUDNZD","AUDUSD"]
[2026-05-27T10:55:38.425Z] INFO BAR_PUSH object_type=ea object_id=10869460 source_id=Ctrader bar_count=10 symbols=["ADAUSD","BTCUSD","CADJPY","DE40","ETHUSD"]
[2026-05-27T10:56:10.461Z] INFO BAR_PUSH object_type=ea object_id=10869460 source_id=Ctrader bar_count=10 symbols=["AUDCAD","AUDCHF","AUDJPY","AUDNZD","AUDUSD","BTCUSD","CADJPY","DE40","ETHUSD","EURAUD"]
[2026-05-27T10:56:42.439Z] INFO BAR_PUSH object_type=ea object_id=10869460 source_id=Ctrader bar_count=10 symbols=["EURAUD","EURCAD","EURGBP","EURJPY","EURSGD","EURUSD"]
[2026-05-27T10:57:14.451Z] INFO BAR_PUSH object_type=ea object_id=10869460 source_id=Ctrader bar_count=10 symbols=["AUDCAD","AUDCHF","AUDJPY","AUDNZD","AUDUSD","BTCUSD","CADJPY","DE40","ETHUSD","EURAUD"]
[2026-05-27T10:57:46.442Z] INFO BAR_PUSH object_type=ea object_id=10869460 source_id=Ctrader bar_count=10 symbols=["ADAUSD","EURCAD","EURGBP","EURJPY","EURSGD","EURUSD","GBPAUD","GBPCAD"]
[2026-05-27T10:58:18.464Z] INFO BAR_PUSH object_type=ea object_id=10869460 source_id=Ctrader bar_count=10 symbols=["AUDCAD","AUDCHF","AUDJPY","AUDNZD","AUDUSD","BTCUSD","CADJPY","DE40","ETHUSD","EURAUD"]
[2026-05-27T10:58:52.452Z] INFO BAR_PUSH object_type=ea object_id=10869460 source_id=Ctrader bar_count=10 symbols=["EURCAD","EURGBP","EURJPY","EURSGD","EURUSD","GBPAUD","GBPCAD","GBPJPY"]
[2026-05-27T10:59:24.444Z] INFO BAR_PUSH object_type=ea object_id=10869460 source_id=Ctrader bar_count=10 symbols=["ADAUSD","AUDCAD","AUDCHF","AUDJPY","AUDNZD","AUDUSD","BTCUSD","CADJPY","DE40","ETHUSD"]
[2026-05-27T10:59:56.440Z] INFO BAR_PUSH object_type=ea object_id=10869460 source_id=Ctrader bar_count=10 symbols=["EURAUD","EURCAD","EURGBP","EURJPY","EURSGD","EURUSD","GBPAUD","GBPCAD","GBPJPY"]
[2026-05-27T11:00:28.425Z] INFO BAR_PUSH object_type=ea object_id=10869460 source_id=Ctrader bar_count=10 symbols=["ADAUSD","AUDCAD","AUDCHF"]
[2026-05-27T11:01:00.431Z] INFO BAR_PUSH object_type=ea object_id=10869460 source_id=Ctrader bar_count=10 symbols=["AUDCHF","AUDJPY","AUDNZD"]
[2026-05-27T11:01:32.433Z] INFO BAR_PUSH object_type=ea object_id=10869460 source_id=Ctrader bar_count=10 symbols=["ADAUSD","AUDCAD","AUDNZD","AUDUSD","BTCUSD"]
[2026-05-27T11:02:06.458Z] INFO BAR_PUSH object_type=ea object_id=10869460 source_id=Ctrader bar_count=10 symbols=["AUDCAD","AUDCHF","AUDJPY","AUDNZD","AUDUSD","BTCUSD","CADJPY"]
[2026-05-27T11:02:38.424Z] INFO BAR_PUSH object_type=ea object_id=10869460 source_id=Ctrader bar_count=10 symbols=["ADAUSD","CADJPY","DE40","ETHUSD"]
[2026-05-27T11:03:10.457Z] INFO BAR_PUSH object_type=ea object_id=10869460 source_id=Ctrader bar_count=10 symbols=["AUDCAD","AUDCHF","AUDJPY","AUDNZD","AUDUSD","BTCUSD","CADJPY","DE40","ETHUSD"]
[2026-05-27T11:03:42.449Z] INFO BAR_PUSH object_type=ea object_id=10869460 source_id=Ctrader bar_count=10 symbols=["ADAUSD","EURAUD","EURCAD","EURGBP"]
[2026-05-27T11:04:14.466Z] INFO BAR_PUSH object_type=ea object_id=10869460 source_id=Ctrader bar_count=10 symbols=["AUDCAD","AUDCHF","AUDJPY","AUDNZD","AUDUSD","BTCUSD","CADJPY","DE40","ETHUSD","EURAUD"]
[2026-05-27T11:04:46.443Z] INFO BAR_PUSH object_type=ea object_id=10869460 source_id=Ctrader bar_count=10 symbols=["ADAUSD","EURCAD","EURGBP","EURJPY"]
[2026-05-27T11:05:18.434Z] INFO BAR_PUSH object_type=ea object_id=10869460 source_id=Ctrader bar_count=10 symbols=["ADAUSD","AUDCAD","AUDCHF","AUDJPY","AUDNZD"]
[2026-05-27T11:05:50.441Z] INFO BAR_PUSH object_type=ea object_id=10869460 source_id=Ctrader bar_count=10 symbols=["AUDUSD","BTCUSD","CADJPY","DE40","ETHUSD"]
[2026-05-27T11:06:24.444Z] INFO BAR_PUSH object_type=ea object_id=10869460 source_id=Ctrader bar_count=10 symbols=["AUDCAD","AUDCHF","AUDJPY","AUDNZD","AUDUSD","BTCUSD","CADJPY","DE40","ETHUSD","EURAUD"]
[2026-05-27T11:06:56.449Z] INFO BAR_PUSH object_type=ea object_id=10869460 source_id=Ctrader bar_count=10 symbols=["ADAUSD","EURAUD","EURCAD","EURGBP","EURJPY","EURSGD"]
[2026-05-27T11:07:28.460Z] INFO BAR_PUSH object_type=ea object_id=10869460 source_id=Ctrader bar_count=10 symbols=["AUDCAD","AUDCHF","AUDJPY","AUDNZD","AUDUSD","BTCUSD","CADJPY","DE40","ETHUSD","EURAUD"]
[2026-05-27T11:08:02.455Z] INFO BAR_PUSH object_type=ea object_id=10869460 source_id=Ctrader bar_count=10 symbols=["AUDCAD","AUDCHF","AUDJPY","AUDNZD","AUDUSD","BTCUSD","CADJPY","DE40","ETHUSD","EURAUD"]
[2026-05-27T11:08:34.424Z] INFO BAR_PUSH object_type=ea object_id=10869460 source_id=Ctrader bar_count=10 symbols=["EURCAD","EURGBP","EURJPY","EURSGD","EURUSD"]
[2026-05-27T11:09:06.466Z] INFO BAR_PUSH object_type=ea object_id=10869460 source_id=Ctrader bar_count=10 symbols=["AUDCAD","AUDCHF","AUDJPY","AUDNZD","AUDUSD","BTCUSD","CADJPY","DE40","ETHUSD","EURAUD"]
[2026-05-27T11:09:40.436Z] INFO BAR_PUSH object_type=ea object_id=10869460 source_id=Ctrader bar_count=10 symbols=["EURCAD","EURGBP","EURJPY","EURSGD","EURUSD","GBPAUD","GBPCAD"]
[2026-05-27T11:10:12.450Z] INFO BAR_PUSH object_type=ea object_id=10869460 source_id=Ctrader bar_count=10 symbols=["ADAUSD","AUDCAD","AUDCHF","AUDJPY","AUDNZD","AUDUSD"]
[2026-05-27T11:10:44.438Z] INFO BAR_PUSH object_type=ea object_id=10869460 source_id=Ctrader bar_count=10 symbols=["ADAUSD","AUDUSD","BTCUSD","CADJPY","DE40","ETHUSD"]
[2026-05-27T11:11:16.460Z] INFO BAR_PUSH object_type=ea object_id=10869460 source_id=Ctrader bar_count=10 symbols=["AUDCAD","AUDCHF","AUDJPY","AUDNZD","AUDUSD","BTCUSD","CADJPY","DE40","ETHUSD"]
[2026-05-27T11:11:50.445Z] INFO BAR_PUSH object_type=ea object_id=10869460 source_id=Ctrader bar_count=10 symbols=["ADAUSD","EURAUD","EURCAD","EURGBP","EURJPY","EURSGD"]
[2026-05-27T11:12:24.447Z] INFO BAR_PUSH object_type=ea object_id=10869460 source_id=Ctrader bar_count=10 symbols=["ADAUSD","AUDCAD","AUDCHF","AUDJPY","AUDNZD","AUDUSD","BTCUSD","CADJPY","DE40","ETHUSD"]
[2026-05-27T11:12:56.445Z] INFO BAR_PUSH object_type=ea object_id=10869460 source_id=Ctrader bar_count=10 symbols=["EURAUD","EURCAD","EURGBP","EURJPY","EURSGD","EURUSD","GBPAUD"]
[2026-05-27T11:13:28.458Z] INFO BAR_PUSH object_type=ea object_id=10869460 source_id=Ctrader bar_count=10 symbols=["AUDCAD","AUDCHF","AUDJPY","AUDNZD","AUDUSD","BTCUSD","CADJPY","DE40","ETHUSD","EURAUD"]
[2026-05-27T11:14:00.443Z] INFO BAR_PUSH object_type=ea object_id=10869460 source_id=Ctrader bar_count=10 symbols=["DE40","EURCAD","EURGBP","EURJPY","EURSGD","EURUSD","GBPAUD","GBPCAD"]
[2026-05-27T11:14:32.451Z] INFO BAR_PUSH object_type=ea object_id=10869460 source_id=Ctrader bar_count=10 symbols=["ADAUSD","AUDCAD","AUDCHF","AUDJPY","AUDNZD","AUDUSD","BTCUSD","CADJPY","ETHUSD","EURAUD"]
[2026-05-27T11:15:04.426Z] INFO BAR_PUSH object_type=ea object_id=10869460 source_id=Ctrader bar_count=10 symbols=["ADAUSD","AUDCAD","AUDCHF","AUDJPY"]
[2026-05-27T11:15:38.421Z] INFO BAR_PUSH object_type=ea object_id=10869460 source_id=Ctrader bar_count=10 symbols=["AUDJPY","AUDNZD","AUDUSD","BTCUSD"]
[2026-05-27T11:16:10.432Z] INFO BAR_PUSH object_type=ea object_id=10869460 source_id=Ctrader bar_count=10 symbols=["AUDCAD","AUDCHF","AUDJPY","AUDNZD","AUDUSD","BTCUSD","CADJPY"]
[2026-05-27T11:16:42.436Z] INFO BAR_PUSH object_type=ea object_id=10869460 source_id=Ctrader bar_count=10 symbols=["ADAUSD","DE40","ETHUSD","EURAUD"]
[2026-05-27T11:17:14.464Z] INFO BAR_PUSH object_type=ea object_id=10869460 source_id=Ctrader bar_count=10 symbols=["AUDCAD","AUDCHF","AUDJPY","AUDNZD","AUDUSD","BTCUSD","CADJPY","DE40","ETHUSD","EURAUD"]
[2026-05-27T11:17:46.431Z] INFO BAR_PUSH object_type=ea object_id=10869460 source_id=Ctrader bar_count=10 symbols=["ADAUSD","EURCAD","EURGBP","EURJPY"]
[2026-05-27T11:18:18.457Z] INFO BAR_PUSH object_type=ea object_id=10869460 source_id=Ctrader bar_count=10 symbols=["AUDCAD","AUDCHF","AUDJPY","AUDNZD","AUDUSD","BTCUSD","CADJPY","DE40","ETHUSD","EURAUD"]
[2026-05-27T11:18:52.442Z] INFO BAR_PUSH object_type=ea object_id=10869460 source_id=Ctrader bar_count=10 symbols=["ADAUSD","EURCAD","EURGBP","EURJPY","EURSGD","EURUSD"]
[2026-05-27T11:19:24.453Z] INFO BAR_PUSH object_type=ea object_id=10869460 source_id=Ctrader bar_count=10 symbols=["AUDCAD","AUDCHF","AUDJPY","AUDNZD","AUDUSD","BTCUSD","CADJPY","DE40","ETHUSD","EURAUD"]
[2026-05-27T11:19:56.433Z] INFO BAR_PUSH object_type=ea object_id=10869460 source_id=Ctrader bar_count=10 symbols=["EURCAD","EURGBP","EURJPY","EURSGD","EURUSD","GBPAUD","GBPCAD"]
[2026-05-27T11:20:28.435Z] INFO BAR_PUSH object_type=ea object_id=10869460 source_id=Ctrader bar_count=10 symbols=["AUDCAD","AUDCHF","AUDJPY","AUDNZD","AUDUSD"]
[2026-05-27T11:21:00.454Z] INFO BAR_PUSH object_type=ea object_id=10869460 source_id=Ctrader bar_count=10 symbols=["ADAUSD","AUDCAD","AUDCHF","AUDJPY","AUDNZD","AUDUSD","BTCUSD","CADJPY"]
[2026-05-27T11:21:34.426Z] INFO BAR_PUSH object_type=ea object_id=10869460 source_id=Ctrader bar_count=10 symbols=["ADAUSD","CADJPY","DE40","ETHUSD","EURAUD","EURCAD"]
[2026-05-27T11:22:06.444Z] INFO BAR_PUSH object_type=ea object_id=10869460 source_id=Ctrader bar_count=10 symbols=["AUDCAD","AUDCHF","AUDJPY","AUDNZD","AUDUSD","BTCUSD","CADJPY","DE40","ETHUSD","EURAUD"]
[2026-05-27T11:22:38.423Z] INFO BAR_PUSH object_type=ea object_id=10869460 source_id=Ctrader bar_count=10 symbols=["ADAUSD","EURCAD","EURGBP","EURJPY","EURSGD","EURUSD"]
[2026-05-27T11:23:10.454Z] INFO BAR_PUSH object_type=ea object_id=10869460 source_id=Ctrader bar_count=10 symbols=["ADAUSD","AUDCAD","AUDCHF","AUDJPY","AUDNZD","AUDUSD","BTCUSD","CADJPY","DE40","ETHUSD"]
[2026-05-27T11:23:42.456Z] INFO BAR_PUSH object_type=ea object_id=10869460 source_id=Ctrader bar_count=10 symbols=["EURAUD","EURCAD","EURGBP","EURJPY","EURSGD","EURUSD","GBPAUD","GBPCAD"]
[2026-05-27T11:24:14.460Z] INFO BAR_PUSH object_type=ea object_id=10869460 source_id=Ctrader bar_count=10 symbols=["ADAUSD","AUDCAD","AUDCHF","AUDJPY","AUDNZD","AUDUSD","BTCUSD","CADJPY","DE40","ETHUSD"]
[2026-05-27T11:24:46.449Z] INFO BAR_PUSH object_type=ea object_id=10869460 source_id=Ctrader bar_count=10 symbols=["EURAUD","EURCAD","EURGBP","EURJPY","EURSGD","EURUSD","GBPAUD","GBPCAD"]
[2026-05-27T11:25:18.444Z] INFO BAR_PUSH object_type=ea object_id=10869460 source_id=Ctrader bar_count=10 symbols=["AUDCAD","AUDCHF","AUDJPY","AUDNZD","AUDUSD"]
[2026-05-27T11:25:50.441Z] INFO BAR_PUSH object_type=ea object_id=10869460 source_id=Ctrader bar_count=10 symbols=["BTCUSD","CADJPY","DE40","ETHUSD","EURAUD"]
[2026-05-27T11:26:22.464Z] INFO BAR_PUSH object_type=ea object_id=10869460 source_id=Ctrader bar_count=10 symbols=["AUDCAD","AUDCHF","AUDJPY","AUDNZD","AUDUSD","BTCUSD","CADJPY","DE40","ETHUSD","EURAUD"]
[2026-05-27T11:26:56.417Z] INFO BAR_PUSH object_type=ea object_id=10869460 source_id=Ctrader bar_count=10 symbols=["EURCAD","EURGBP","EURJPY","EURSGD","EURUSD"]
[2026-05-27T11:27:28.477Z] INFO BAR_PUSH object_type=ea object_id=10869460 source_id=Ctrader bar_count=10 symbols=["AUDCAD","AUDCHF","AUDJPY","AUDNZD","AUDUSD","BTCUSD","CADJPY","DE40","ETHUSD","EURAUD"]
[2026-05-27T11:28:00.460Z] INFO BAR_PUSH object_type=ea object_id=10869460 source_id=Ctrader bar_count=10 symbols=["ADAUSD","AUDCHF","CADJPY","EURCAD","EURGBP","EURJPY","EURSGD","EURUSD","GBPAUD"]
[2026-05-27T11:28:34.442Z] INFO BAR_PUSH object_type=ea object_id=10869460 source_id=Ctrader bar_count=10 symbols=["ADAUSD","AUDCAD","AUDJPY","AUDNZD","AUDUSD","BTCUSD","DE40","ETHUSD","EURAUD","EURCAD"]
[2026-05-27T11:29:06.435Z] INFO BAR_PUSH object_type=ea object_id=10869460 source_id=Ctrader bar_count=10 symbols=["AUDCAD","AUDCHF","AUDJPY","AUDNZD","AUDUSD","BTCUSD","CADJPY","DE40","ETHUSD","EURAUD"]
[2026-05-27T11:29:38.433Z] INFO BAR_PUSH object_type=ea object_id=10869460 source_id=Ctrader bar_count=10 symbols=["ADAUSD","EURCAD","EURGBP","EURJPY","EURSGD","EURUSD","GBPAUD","GBPCAD"]
[2026-05-27T11:30:10.420Z] INFO BAR_PUSH object_type=ea object_id=10869460 source_id=Ctrader bar_count=10 symbols=["ADAUSD","AUDCAD","AUDCHF","AUDJPY"]
[2026-05-27T11:30:42.420Z] INFO BAR_PUSH object_type=ea object_id=10869460 source_id=Ctrader bar_count=10 symbols=["AUDJPY","AUDNZD","AUDUSD","BTCUSD"]
[2026-05-27T11:31:14.423Z] INFO BAR_PUSH object_type=ea object_id=10869460 source_id=Ctrader bar_count=10 symbols=["ADAUSD","AUDCAD","AUDCHF","AUDJPY","AUDNZD","AUDUSD","BTCUSD","CADJPY"]
[2026-05-27T11:31:46.414Z] INFO BAR_PUSH object_type=ea object_id=10869460 source_id=Ctrader bar_count=10 symbols=["CADJPY","DE40","ETHUSD","EURAUD"]
[2026-05-27T11:32:18.456Z] INFO BAR_PUSH object_type=ea object_id=10869460 source_id=Ctrader bar_count=10 symbols=["AUDCAD","AUDCHF","AUDJPY","AUDNZD","AUDUSD","BTCUSD","CADJPY","DE40","ETHUSD","EURAUD"]
[2026-05-27T11:32:50.418Z] INFO BAR_PUSH object_type=ea object_id=10869460 source_id=Ctrader bar_count=10 symbols=["ADAUSD","EURCAD","EURGBP","EURJPY"]
[2026-05-27T11:33:22.429Z] INFO BAR_PUSH object_type=ea object_id=10869460 source_id=Ctrader bar_count=10 symbols=["ADAUSD","AUDCAD","AUDCHF","AUDJPY","AUDNZD","AUDUSD","BTCUSD","CADJPY","DE40","ETHUSD"]
[2026-05-27T11:33:54.445Z] INFO BAR_PUSH object_type=ea object_id=10869460 source_id=Ctrader bar_count=10 symbols=["EURAUD","EURCAD","EURGBP","EURJPY","EURSGD","EURUSD"]
[2026-05-27T11:34:26.444Z] INFO BAR_PUSH object_type=ea object_id=10869460 source_id=Ctrader bar_count=10 symbols=["ADAUSD","AUDCAD","AUDCHF","AUDJPY","AUDNZD","AUDUSD","BTCUSD","CADJPY","DE40","ETHUSD"]
[2026-05-27T11:35:00.429Z] INFO BAR_PUSH object_type=ea object_id=10869460 source_id=Ctrader bar_count=10 symbols=["AUDNZD","BTCUSD","EURAUD","EURCAD","EURGBP","EURJPY","EURSGD"]
[2026-05-27T11:35:32.427Z] INFO BAR_PUSH object_type=ea object_id=10869460 source_id=Ctrader bar_count=10 symbols=["ADAUSD","AUDCAD","AUDCHF","AUDJPY","AUDUSD"]
[2026-05-27T11:36:04.430Z] INFO BAR_PUSH object_type=ea object_id=10869460 source_id=Ctrader bar_count=10 symbols=["AUDCAD","AUDCHF","AUDJPY","AUDNZD","AUDUSD","BTCUSD","CADJPY","DE40"]
[2026-05-27T11:36:38.452Z] INFO BAR_PUSH object_type=ea object_id=10869460 source_id=Ctrader bar_count=10 symbols=["ADAUSD","ETHUSD","EURAUD","EURCAD","EURGBP","EURJPY"]
[2026-05-27T11:37:10.451Z] INFO BAR_PUSH object_type=ea object_id=10869460 source_id=Ctrader bar_count=10 symbols=["ADAUSD","AUDCAD","AUDCHF","AUDJPY","AUDNZD","AUDUSD","BTCUSD","CADJPY","DE40","ETHUSD"]
[2026-05-27T11:37:44.445Z] INFO BAR_PUSH object_type=ea object_id=10869460 source_id=Ctrader bar_count=10 symbols=["EURAUD","EURCAD","EURGBP","EURJPY","EURSGD","EURUSD","GBPAUD"]
[2026-05-27T11:38:16.458Z] INFO BAR_PUSH object_type=ea object_id=10869460 source_id=Ctrader bar_count=10 symbols=["ADAUSD","AUDCAD","AUDCHF","AUDJPY","AUDNZD","AUDUSD","BTCUSD","CADJPY","DE40","ETHUSD"]
[2026-05-27T11:38:48.421Z] INFO BAR_PUSH object_type=ea object_id=10869460 source_id=Ctrader bar_count=10 symbols=["EURAUD","EURCAD","EURGBP","EURJPY","EURSGD","EURUSD","GBPAUD","GBPCAD"]
[2026-05-27T11:39:22.463Z] INFO BAR_PUSH object_type=ea object_id=10869460 source_id=Ctrader bar_count=10 symbols=["ADAUSD","AUDCAD","AUDCHF","AUDJPY","AUDNZD","AUDUSD","BTCUSD","CADJPY","DE40","ETHUSD"]
[2026-05-27T11:39:54.466Z] INFO BAR_PUSH object_type=ea object_id=10869460 source_id=Ctrader bar_count=10 symbols=["EURAUD","EURCAD","EURGBP","EURJPY","EURSGD","EURUSD","GBPAUD","GBPCAD"]
[2026-05-27T11:40:26.452Z] INFO BAR_PUSH object_type=ea object_id=10869460 source_id=Ctrader bar_count=10 symbols=["ADAUSD","AUDCAD","AUDCHF","AUDJPY","AUDNZD"]
[2026-05-27T11:41:00.455Z] INFO BAR_PUSH object_type=ea object_id=10869460 source_id=Ctrader bar_count=10 symbols=["AUDNZD","AUDUSD","BTCUSD","CADJPY","DE40","ETHUSD"]
[2026-05-27T11:41:32.479Z] INFO BAR_PUSH object_type=ea object_id=10869460 source_id=Ctrader bar_count=10 symbols=["ADAUSD","AUDCAD","AUDCHF","AUDJPY","BTCUSD","CADJPY","DE40","ETHUSD","EURAUD"]
[2026-05-27T11:42:04.473Z] INFO BAR_PUSH object_type=ea object_id=10869460 source_id=Ctrader bar_count=10 symbols=["AUDCAD","AUDCHF","AUDJPY","AUDNZD","AUDUSD","BTCUSD","CADJPY","DE40","EURAUD"]
[2026-05-27T11:42:38.452Z] INFO BAR_PUSH object_type=ea object_id=10869460 source_id=Ctrader bar_count=10 symbols=["ADAUSD","ETHUSD","EURCAD","EURGBP","EURJPY","EURSGD"]
[2026-05-27T11:43:10.470Z] INFO BAR_PUSH object_type=ea object_id=10869460 source_id=Ctrader bar_count=10 symbols=["ADAUSD","AUDCAD","AUDCHF","AUDJPY","AUDNZD","AUDUSD","BTCUSD","CADJPY","DE40","ETHUSD"]
[2026-05-27T11:43:42.447Z] INFO BAR_PUSH object_type=ea object_id=10869460 source_id=Ctrader bar_count=10 symbols=["EURAUD","EURCAD","EURGBP","EURJPY","EURSGD","EURUSD","GBPAUD","GBPCAD"]
[2026-05-27T11:44:14.447Z] INFO BAR_PUSH object_type=ea object_id=10869460 source_id=Ctrader bar_count=10 symbols=["AUDCAD","AUDCHF","AUDJPY","AUDNZD","AUDUSD","BTCUSD","CADJPY","DE40","ETHUSD","EURAUD"]
[2026-05-27T11:44:46.438Z] INFO BAR_PUSH object_type=ea object_id=10869460 source_id=Ctrader bar_count=10 symbols=["EURCAD","EURGBP","EURJPY","EURSGD","EURUSD","GBPAUD","GBPCAD","GBPJPY"]
[2026-05-27T11:45:18.427Z] INFO BAR_PUSH object_type=ea object_id=10869460 source_id=Ctrader bar_count=10 symbols=["ADAUSD","AUDCAD","AUDCHF","AUDJPY"]
[2026-05-27T11:45:50.445Z] INFO BAR_PUSH object_type=ea object_id=10869460 source_id=Ctrader bar_count=10 symbols=["AUDJPY","AUDNZD","AUDUSD","BTCUSD"]
[2026-05-27T11:46:22.446Z] INFO BAR_PUSH object_type=ea object_id=10869460 source_id=Ctrader bar_count=10 symbols=["ADAUSD","AUDCAD","AUDCHF","AUDJPY","AUDNZD","AUDUSD","BTCUSD","CADJPY"]
[2026-05-27T11:46:54.437Z] INFO BAR_PUSH object_type=ea object_id=10869460 source_id=Ctrader bar_count=10 symbols=["CADJPY","DE40","ETHUSD","EURAUD"]
[2026-05-27T11:47:26.440Z] INFO BAR_PUSH object_type=ea object_id=10869460 source_id=Ctrader bar_count=10 symbols=["AUDCAD","AUDCHF","AUDJPY","AUDNZD","AUDUSD","BTCUSD","CADJPY","DE40","ETHUSD","EURAUD"]
[2026-05-27T11:47:58.433Z] INFO BAR_PUSH object_type=ea object_id=10869460 source_id=Ctrader bar_count=10 symbols=["ADAUSD","EURCAD","EURGBP","EURJPY"]
[2026-05-27T11:48:30.460Z] INFO BAR_PUSH object_type=ea object_id=10869460 source_id=Ctrader bar_count=10 symbols=["ADAUSD","AUDCAD","AUDCHF","AUDJPY","AUDNZD","AUDUSD","BTCUSD","CADJPY","DE40","ETHUSD"]
[2026-05-27T11:49:02.437Z] INFO BAR_PUSH object_type=ea object_id=10869460 source_id=Ctrader bar_count=10 symbols=["BTCUSD","DE40","ETHUSD","EURAUD","EURCAD","EURGBP","EURJPY","EURSGD"]
[2026-05-27T11:49:34.457Z] INFO BAR_PUSH object_type=ea object_id=10869460 source_id=Ctrader bar_count=10 symbols=["AUDCAD","AUDCHF","AUDJPY","AUDNZD","AUDUSD","CADJPY","EURAUD","EURCAD","EURGBP","EURSGD"]
[2026-05-27T11:50:08.459Z] INFO BAR_PUSH object_type=ea object_id=10869460 source_id=Ctrader bar_count=10 symbols=["AUDCAD","AUDCHF","AUDJPY","AUDNZD","AUDUSD"]
[2026-05-27T11:50:40.428Z] INFO BAR_PUSH object_type=ea object_id=10869460 source_id=Ctrader bar_count=10 symbols=["BTCUSD","CADJPY","DE40","ETHUSD","EURAUD"]
[2026-05-27T11:51:12.445Z] INFO BAR_PUSH object_type=ea object_id=10869460 source_id=Ctrader bar_count=10 symbols=["ADAUSD","AUDCAD","AUDCHF","AUDJPY","AUDNZD","AUDUSD","BTCUSD","CADJPY","DE40"]
[2026-05-27T11:51:46.440Z] INFO BAR_PUSH object_type=ea object_id=10869460 source_id=Ctrader bar_count=10 symbols=["ETHUSD","EURAUD","EURCAD","EURGBP","EURJPY","EURSGD"]
[2026-05-27T11:52:18.465Z] INFO BAR_PUSH object_type=ea object_id=10869460 source_id=Ctrader bar_count=10 symbols=["AUDCAD","AUDCHF","AUDJPY","AUDNZD","AUDUSD","BTCUSD","CADJPY","DE40","ETHUSD","EURAUD"]
[2026-05-27T11:52:50.471Z] INFO BAR_PUSH object_type=ea object_id=10869460 source_id=Ctrader bar_count=10 symbols=["EURCAD","EURGBP","EURJPY","EURSGD","EURUSD","GBPAUD"]
[2026-05-27T11:53:22.475Z] INFO BAR_PUSH object_type=ea object_id=10869460 source_id=Ctrader bar_count=10 symbols=["AUDCAD","AUDCHF","AUDJPY","AUDNZD","AUDUSD","BTCUSD","CADJPY","DE40","ETHUSD","EURAUD"]
[2026-05-27T11:53:56.581Z] INFO BAR_PUSH object_type=ea object_id=10869460 source_id=Ctrader bar_count=10 symbols=["EURCAD","EURGBP","EURJPY","EURSGD","EURUSD","GBPAUD","GBPCAD","GBPJPY"]
[2026-05-27T11:54:28.465Z] INFO BAR_PUSH object_type=ea object_id=10869460 source_id=Ctrader bar_count=10 symbols=["ADAUSD","AUDCAD","AUDCHF","AUDJPY","AUDNZD","AUDUSD","BTCUSD","CADJPY","DE40","ETHUSD"]
[2026-05-27T11:55:00.429Z] INFO BAR_PUSH object_type=ea object_id=10869460 source_id=Ctrader bar_count=10 symbols=["AUDCAD","AUDNZD","CADJPY","DE40","ETHUSD"]
[2026-05-27T11:55:32.426Z] INFO BAR_PUSH object_type=ea object_id=10869460 source_id=Ctrader bar_count=10 symbols=["AUDCHF","AUDJPY","AUDUSD","BTCUSD","EURAUD"]
[2026-05-27T11:56:04.468Z] INFO BAR_PUSH object_type=ea object_id=10869460 source_id=Ctrader bar_count=10 symbols=["ADAUSD","AUDCAD","AUDCHF","AUDJPY","AUDNZD","BTCUSD","CADJPY","DE40","ETHUSD"]
[2026-05-27T11:56:36.461Z] INFO BAR_PUSH object_type=ea object_id=10869460 source_id=Ctrader bar_count=10 symbols=["ADAUSD","AUDUSD","EURAUD","EURCAD","EURGBP","EURJPY","EURSGD"]
[2026-05-27T11:57:08.471Z] INFO BAR_PUSH object_type=ea object_id=10869460 source_id=Ctrader bar_count=10 symbols=["AUDCAD","AUDCHF","AUDJPY","AUDNZD","AUDUSD","BTCUSD","CADJPY","DE40","ETHUSD","EURAUD"]
[2026-05-27T11:57:40.436Z] INFO BAR_PUSH object_type=ea object_id=10869460 source_id=Ctrader bar_count=10 symbols=["EURCAD","EURGBP","EURJPY","EURSGD","EURUSD","GBPAUD","GBPCAD"]
[2026-05-27T11:58:12.456Z] INFO BAR_PUSH object_type=ea object_id=10869460 source_id=Ctrader bar_count=10 symbols=["AUDCAD","AUDCHF","AUDJPY","AUDNZD","AUDUSD","BTCUSD","CADJPY","DE40","ETHUSD","EURAUD"]
[2026-05-27T11:58:44.455Z] INFO BAR_PUSH object_type=ea object_id=10869460 source_id=Ctrader bar_count=10 symbols=["EURCAD","EURGBP","EURJPY","EURSGD","EURUSD","GBPAUD","GBPCAD","GBPJPY"]
[2026-05-27T11:59:16.471Z] INFO BAR_PUSH object_type=ea object_id=10869460 source_id=Ctrader bar_count=10 symbols=["AUDCAD","AUDCHF","AUDJPY","AUDNZD","AUDUSD","BTCUSD","CADJPY","DE40","ETHUSD","EURAUD"]
[2026-05-27T11:59:48.437Z] INFO BAR_PUSH object_type=ea object_id=10869460 source_id=Ctrader bar_count=10 symbols=["ADAUSD","EURCAD","EURGBP","EURJPY","EURSGD","EURUSD","GBPAUD","GBPCAD","GBPJPY"]
[2026-05-27T12:00:20.421Z] INFO BAR_PUSH object_type=ea object_id=10869460 source_id=Ctrader bar_count=10 symbols=["ADAUSD","AUDCAD","AUDCHF"]
[2026-05-27T12:00:52.427Z] INFO BAR_PUSH object_type=ea object_id=10869460 source_id=Ctrader bar_count=10 symbols=["AUDCHF","AUDJPY","AUDNZD"]
[2026-05-27T12:01:24.453Z] INFO BAR_PUSH object_type=ea object_id=10869460 source_id=Ctrader bar_count=10 symbols=["AUDCAD","AUDCHF","AUDJPY","AUDNZD","AUDUSD","BTCUSD"]
[2026-05-27T12:01:58.422Z] INFO BAR_PUSH object_type=ea object_id=10869460 source_id=Ctrader bar_count=10 symbols=["ADAUSD","BTCUSD","CADJPY","DE40"]
[2026-05-27T12:02:30.430Z] INFO BAR_PUSH object_type=ea object_id=10869460 source_id=Ctrader bar_count=10 symbols=["ADAUSD","AUDCAD","AUDCHF","AUDJPY","AUDNZD","AUDUSD","BTCUSD","CADJPY","DE40"]
[2026-05-27T12:03:02.460Z] INFO BAR_PUSH object_type=ea object_id=10869460 source_id=Ctrader bar_count=10 symbols=["AUDCAD","AUDCHF","AUDJPY","AUDNZD","AUDUSD","BTCUSD","CADJPY","ETHUSD"]
[2026-05-27T12:03:34.450Z] INFO BAR_PUSH object_type=ea object_id=10869460 source_id=Ctrader bar_count=10 symbols=["ADAUSD","DE40","ETHUSD","EURAUD","EURCAD"]
[2026-05-27T12:04:06.475Z] INFO BAR_PUSH object_type=ea object_id=10869460 source_id=Ctrader bar_count=10 symbols=["ADAUSD","AUDCAD","AUDCHF","AUDJPY","AUDNZD","AUDUSD","BTCUSD","CADJPY","DE40","ETHUSD"]
[2026-05-27T12:04:38.447Z] INFO BAR_PUSH object_type=ea object_id=10869460 source_id=Ctrader bar_count=10 symbols=["EURAUD","EURCAD","EURGBP","EURJPY"]
[2026-05-27T12:05:12.434Z] INFO BAR_PUSH object_type=ea object_id=10869460 source_id=Ctrader bar_count=10 symbols=["AUDCAD","AUDCHF","AUDJPY","AUDNZD","AUDUSD"]
[2026-05-27T12:05:44.446Z] INFO BAR_PUSH object_type=ea object_id=10869460 source_id=Ctrader bar_count=10 symbols=["ADAUSD","BTCUSD","CADJPY","DE40","ETHUSD"]
[2026-05-27T12:06:18.451Z] INFO BAR_PUSH object_type=ea object_id=10869460 source_id=Ctrader bar_count=10 symbols=["ADAUSD","AUDCAD","AUDCHF","AUDJPY","AUDNZD","AUDUSD","BTCUSD","CADJPY","DE40","ETHUSD"]
[2026-05-27T12:06:50.421Z] INFO BAR_PUSH object_type=ea object_id=10869460 source_id=Ctrader bar_count=10 symbols=["EURAUD","EURCAD","EURGBP","EURJPY","EURSGD"]
[2026-05-27T12:07:22.461Z] INFO BAR_PUSH object_type=ea object_id=10869460 source_id=Ctrader bar_count=10 symbols=["ADAUSD","AUDCAD","AUDCHF","AUDJPY","AUDNZD","AUDUSD","BTCUSD","CADJPY","DE40","ETHUSD"]
[2026-05-27T12:07:54.420Z] INFO BAR_PUSH object_type=ea object_id=10869460 source_id=Ctrader bar_count=10 symbols=["EURAUD","EURCAD","EURGBP","EURJPY","EURSGD","EURUSD"]
[2026-05-27T12:08:28.443Z] INFO BAR_PUSH object_type=ea object_id=10869460 source_id=Ctrader bar_count=10 symbols=["ADAUSD","AUDCAD","AUDCHF","AUDJPY","AUDNZD","AUDUSD","BTCUSD","CADJPY","DE40","ETHUSD"]
[2026-05-27T12:09:00.465Z] INFO BAR_PUSH object_type=ea object_id=10869460 source_id=Ctrader bar_count=10 symbols=["AUDJPY","AUDNZD","BTCUSD","EURAUD","EURCAD","EURGBP","EURJPY","EURSGD","EURUSD"]
[2026-05-27T12:09:32.446Z] INFO BAR_PUSH object_type=ea object_id=10869460 source_id=Ctrader bar_count=10 symbols=["AUDCAD","AUDCHF","AUDUSD","CADJPY","DE40","ETHUSD","EURCAD","EURSGD","EURUSD","GBPAUD"]
[2026-05-27T12:10:04.457Z] INFO BAR_PUSH object_type=ea object_id=10869460 source_id=Ctrader bar_count=10 symbols=["AUDCAD","AUDCHF","AUDJPY","AUDNZD","AUDUSD"]
[2026-05-27T12:10:36.550Z] INFO BAR_PUSH object_type=ea object_id=10869460 source_id=Ctrader bar_count=10 symbols=["ADAUSD","BTCUSD","CADJPY","DE40","ETHUSD"]
[2026-05-27T12:11:08.430Z] INFO BAR_PUSH object_type=ea object_id=10869460 source_id=Ctrader bar_count=10 symbols=["AUDCAD","AUDCHF","AUDJPY","AUDNZD","AUDUSD","BTCUSD","CADJPY","DE40","ETHUSD","EURAUD"]
[2026-05-27T12:11:40.435Z] INFO BAR_PUSH object_type=ea object_id=10869460 source_id=Ctrader bar_count=10 symbols=["ADAUSD","EURAUD","EURCAD","EURGBP","EURJPY","EURSGD"]
[2026-05-27T12:12:12.467Z] INFO BAR_PUSH object_type=ea object_id=10869460 source_id=Ctrader bar_count=10 symbols=["AUDCAD","AUDCHF","AUDJPY","AUDNZD","AUDUSD","BTCUSD","CADJPY","DE40","ETHUSD","EURAUD"]
[2026-05-27T12:12:44.438Z] INFO BAR_PUSH object_type=ea object_id=10869460 source_id=Ctrader bar_count=10 symbols=["ADAUSD","EURCAD","EURGBP","EURJPY","EURSGD","EURUSD","GBPAUD"]
[2026-05-27T12:13:16.472Z] INFO BAR_PUSH object_type=ea object_id=10869460 source_id=Ctrader bar_count=10 symbols=["ADAUSD","AUDCAD","AUDCHF","AUDJPY","AUDNZD","AUDUSD","BTCUSD","CADJPY","DE40","ETHUSD"]
[2026-05-27T12:13:48.429Z] INFO BAR_PUSH object_type=ea object_id=10869460 source_id=Ctrader bar_count=10 symbols=["EURAUD","EURCAD","EURGBP","EURJPY","EURSGD","EURUSD","GBPAUD","GBPCAD"]
[2026-05-27T12:14:20.432Z] INFO BAR_PUSH object_type=ea object_id=10869460 source_id=Ctrader bar_count=10 symbols=["AUDCAD","AUDCHF","AUDJPY","AUDNZD","AUDUSD","BTCUSD","CADJPY","DE40","ETHUSD","EURAUD"]
[2026-05-27T12:14:54.428Z] INFO BAR_PUSH object_type=ea object_id=10869460 source_id=Ctrader bar_count=10 symbols=["EURCAD","EURGBP","EURJPY","EURSGD","EURUSD","GBPAUD","GBPCAD","GBPJPY"]
[2026-05-27T12:15:28.425Z] INFO BAR_PUSH object_type=ea object_id=10869460 source_id=Ctrader bar_count=10 symbols=["ADAUSD","AUDCAD","AUDCHF","AUDJPY"]
[2026-05-27T12:16:02.427Z] INFO BAR_PUSH object_type=ea object_id=10869460 source_id=Ctrader bar_count=10 symbols=["AUDCHF","AUDJPY","AUDNZD","AUDUSD"]
[2026-05-27T12:16:34.421Z] INFO BAR_PUSH object_type=ea object_id=10869460 source_id=Ctrader bar_count=10 symbols=["ADAUSD","AUDCAD","AUDNZD","BTCUSD","CADJPY","DE40"]
[2026-05-27T12:17:08.445Z] INFO BAR_PUSH object_type=ea object_id=10869460 source_id=Ctrader bar_count=10 symbols=["ADAUSD","AUDCAD","AUDCHF","AUDJPY","AUDNZD","AUDUSD","BTCUSD","CADJPY","DE40"]
[2026-05-27T12:17:42.411Z] INFO BAR_PUSH object_type=ea object_id=10869460 source_id=Ctrader bar_count=10 symbols=["DE40","ETHUSD","EURAUD","EURCAD"]
[2026-05-27T12:18:16.434Z] INFO BAR_PUSH object_type=ea object_id=10869460 source_id=Ctrader bar_count=10 symbols=["ADAUSD","AUDCAD","AUDCHF","AUDJPY","AUDNZD","AUDUSD","BTCUSD","CADJPY","DE40","ETHUSD"]
[2026-05-27T12:18:48.427Z] INFO BAR_PUSH object_type=ea object_id=10869460 source_id=Ctrader bar_count=10 symbols=["EURAUD","EURCAD","EURGBP","EURJPY","EURSGD"]
[2026-05-27T12:19:20.432Z] INFO BAR_PUSH object_type=ea object_id=10869460 source_id=Ctrader bar_count=10 symbols=["ADAUSD","AUDCAD","AUDCHF","AUDJPY","AUDNZD","AUDUSD","BTCUSD","CADJPY","DE40","ETHUSD"]
[2026-05-27T12:19:52.430Z] INFO BAR_PUSH object_type=ea object_id=10869460 source_id=Ctrader bar_count=10 symbols=["EURAUD","EURCAD","EURGBP","EURJPY","EURSGD","EURUSD","GBPAUD"]
[2026-05-27T12:20:24.418Z] INFO BAR_PUSH object_type=ea object_id=10869460 source_id=Ctrader bar_count=10 symbols=["ADAUSD","AUDCAD","AUDCHF","AUDJPY","AUDNZD"]
[2026-05-27T12:20:56.404Z] INFO BAR_PUSH object_type=ea object_id=10869460 source_id=Ctrader bar_count=10 symbols=["AUDUSD","BTCUSD","CADJPY","DE40","ETHUSD"]
[2026-05-27T12:21:30.433Z] INFO BAR_PUSH object_type=ea object_id=10869460 source_id=Ctrader bar_count=10 symbols=["ADAUSD","AUDCAD","AUDCHF","AUDJPY","AUDNZD","AUDUSD","BTCUSD","CADJPY","DE40","ETHUSD"]
[2026-05-27T12:22:02.443Z] INFO BAR_PUSH object_type=ea object_id=10869460 source_id=Ctrader bar_count=10 symbols=["ADAUSD","AUDCAD","AUDCHF","AUDJPY","AUDNZD","AUDUSD","BTCUSD","CADJPY","DE40","ETHUSD"]
[2026-05-27T12:22:34.411Z] INFO BAR_PUSH object_type=ea object_id=10869460 source_id=Ctrader bar_count=10 symbols=["EURAUD","EURCAD","EURGBP","EURJPY","EURSGD"]
[2026-05-27T12:23:06.449Z] INFO BAR_PUSH object_type=ea object_id=10869460 source_id=Ctrader bar_count=10 symbols=["ADAUSD","AUDCAD","AUDCHF","AUDJPY","AUDNZD","AUDUSD","BTCUSD","CADJPY","DE40","ETHUSD"]
[2026-05-27T12:23:40.422Z] INFO BAR_PUSH object_type=ea object_id=10869460 source_id=Ctrader bar_count=10 symbols=["EURAUD","EURCAD","EURGBP","EURJPY","EURSGD","EURUSD","GBPAUD"]
[2026-05-27T12:24:12.436Z] INFO BAR_PUSH object_type=ea object_id=10869460 source_id=Ctrader bar_count=10 symbols=["ADAUSD","AUDCAD","AUDCHF","AUDJPY","AUDNZD","AUDUSD","BTCUSD","CADJPY","DE40","ETHUSD"]
[2026-05-27T12:24:44.413Z] INFO BAR_PUSH object_type=ea object_id=10869460 source_id=Ctrader bar_count=10 symbols=["EURAUD","EURCAD","EURGBP","EURJPY","EURSGD","EURUSD","GBPAUD","GBPCAD"]
[2026-05-27T12:25:16.430Z] INFO BAR_PUSH object_type=ea object_id=10869460 source_id=Ctrader bar_count=10 symbols=["ADAUSD","AUDCAD","AUDCHF","AUDJPY","AUDNZD"]
[2026-05-27T12:25:48.435Z] INFO BAR_PUSH object_type=ea object_id=10869460 source_id=Ctrader bar_count=10 symbols=["AUDUSD","BTCUSD","CADJPY","DE40","ETHUSD"]
[2026-05-27T12:26:20.451Z] INFO BAR_PUSH object_type=ea object_id=10869460 source_id=Ctrader bar_count=10 symbols=["ADAUSD","AUDCAD","AUDCHF","AUDJPY","AUDNZD","AUDUSD","BTCUSD","CADJPY","DE40","ETHUSD"]
[2026-05-27T12:26:52.535Z] INFO BAR_PUSH object_type=ea object_id=10869460 source_id=Ctrader bar_count=10 symbols=["EURAUD","EURCAD","EURGBP","EURJPY","EURSGD"]
[2026-05-27T12:27:24.437Z] INFO BAR_PUSH object_type=ea object_id=10869460 source_id=Ctrader bar_count=10 symbols=["ADAUSD","AUDCAD","AUDCHF","AUDJPY","AUDNZD","AUDUSD","BTCUSD","CADJPY","DE40","ETHUSD"]
[2026-05-27T12:27:56.409Z] INFO BAR_PUSH object_type=ea object_id=10869460 source_id=Ctrader bar_count=10 symbols=["EURAUD","EURCAD","EURGBP","EURJPY","EURSGD","EURUSD","GBPAUD","GBPCAD"]
[2026-05-27T12:28:28.439Z] INFO BAR_PUSH object_type=ea object_id=10869460 source_id=Ctrader bar_count=10 symbols=["ADAUSD","AUDCAD","AUDCHF","AUDJPY","AUDNZD","AUDUSD","BTCUSD","CADJPY","DE40","ETHUSD"]
[2026-05-27T12:29:00.424Z] INFO BAR_PUSH object_type=ea object_id=10869460 source_id=Ctrader bar_count=10 symbols=["AUDCAD","AUDCHF","AUDJPY","AUDNZD","AUDUSD","BTCUSD","CADJPY","DE40","ETHUSD","EURAUD"]
[2026-05-27T12:29:32.419Z] INFO BAR_PUSH object_type=ea object_id=10869460 source_id=Ctrader bar_count=10 symbols=["ADAUSD","EURCAD","EURGBP","EURJPY","EURSGD","EURUSD","GBPAUD","GBPCAD","GBPJPY"]
[2026-05-27T12:30:06.418Z] INFO BAR_PUSH object_type=ea object_id=10869460 source_id=Ctrader bar_count=10 symbols=["AUDCAD","AUDCHF","AUDJPY","AUDNZD"]
[2026-05-27T12:30:40.439Z] INFO BAR_PUSH object_type=ea object_id=10869460 source_id=Ctrader bar_count=10 symbols=["ADAUSD","AUDNZD","AUDUSD","BTCUSD"]
[2026-05-27T12:31:14.434Z] INFO BAR_PUSH object_type=ea object_id=10869460 source_id=Ctrader bar_count=10 symbols=["ADAUSD","AUDCAD","AUDCHF","AUDJPY","AUDNZD","AUDUSD","BTCUSD","CADJPY"]
[2026-05-27T12:31:46.427Z] INFO BAR_PUSH object_type=ea object_id=10869460 source_id=Ctrader bar_count=10 symbols=["CADJPY","DE40","ETHUSD","EURAUD"]
[2026-05-27T12:32:18.439Z] INFO BAR_PUSH object_type=ea object_id=10869460 source_id=Ctrader bar_count=10 symbols=["ADAUSD","AUDCAD","AUDCHF","AUDJPY","AUDNZD","AUDUSD","BTCUSD","CADJPY","DE40","ETHUSD"]
[2026-05-27T12:32:50.433Z] INFO BAR_PUSH object_type=ea object_id=10869460 source_id=Ctrader bar_count=10 symbols=["EURAUD","EURCAD","EURGBP","EURJPY"]
[2026-05-27T12:33:24.416Z] INFO BAR_PUSH object_type=ea object_id=10869460 source_id=Ctrader bar_count=10 symbols=["ADAUSD","AUDCAD","AUDCHF","AUDJPY","AUDNZD","AUDUSD","BTCUSD","CADJPY","DE40","ETHUSD"]
[2026-05-27T12:33:58.408Z] INFO BAR_PUSH object_type=ea object_id=10869460 source_id=Ctrader bar_count=10 symbols=["EURAUD","EURCAD","EURGBP","EURJPY","EURSGD","EURUSD"]
[2026-05-27T12:34:30.428Z] INFO BAR_PUSH object_type=ea object_id=10869460 source_id=Ctrader bar_count=10 symbols=["ADAUSD","AUDCAD","AUDCHF","AUDJPY","AUDNZD","AUDUSD","BTCUSD","CADJPY","DE40","ETHUSD"]
[2026-05-27T12:35:04.415Z] INFO BAR_PUSH object_type=ea object_id=10869460 source_id=Ctrader bar_count=10 symbols=["AUDCAD","AUDCHF","AUDJPY","AUDNZD","AUDUSD"]
[2026-05-27T12:35:36.430Z] INFO BAR_PUSH object_type=ea object_id=10869460 source_id=Ctrader bar_count=10 symbols=["ADAUSD","BTCUSD","CADJPY","DE40","ETHUSD"]
[2026-05-27T12:36:08.439Z] INFO BAR_PUSH object_type=ea object_id=10869460 source_id=Ctrader bar_count=10 symbols=["ADAUSD","AUDCAD","AUDCHF","AUDJPY","AUDNZD","AUDUSD","BTCUSD","CADJPY","DE40","ETHUSD"]
[2026-05-27T12:36:42.446Z] INFO BAR_PUSH object_type=ea object_id=10869460 source_id=Ctrader bar_count=10 symbols=["EURAUD","EURCAD","EURGBP","EURJPY","EURSGD"]
[2026-05-27T12:37:14.417Z] INFO BAR_PUSH object_type=ea object_id=10869460 source_id=Ctrader bar_count=10 symbols=["AUDCAD","AUDCHF","AUDJPY","AUDNZD","AUDUSD","BTCUSD","CADJPY","DE40","ETHUSD","EURAUD"]
[2026-05-27T12:37:46.424Z] INFO BAR_PUSH object_type=ea object_id=10869460 source_id=Ctrader bar_count=10 symbols=["ADAUSD","EURCAD","EURGBP","EURJPY","EURSGD","EURUSD","GBPAUD"]
[2026-05-27T12:38:18.424Z] INFO BAR_PUSH object_type=ea object_id=10869460 source_id=Ctrader bar_count=10 symbols=["ADAUSD","AUDCAD","AUDCHF","AUDJPY","AUDNZD","AUDUSD","BTCUSD","CADJPY","DE40","ETHUSD"]
[2026-05-27T12:38:50.450Z] INFO BAR_PUSH object_type=ea object_id=10869460 source_id=Ctrader bar_count=10 symbols=["EURAUD","EURCAD","EURGBP","EURJPY","EURSGD","EURUSD","GBPAUD","GBPCAD"]
[2026-05-27T12:39:22.445Z] INFO BAR_PUSH object_type=ea object_id=10869460 source_id=Ctrader bar_count=10 symbols=["ADAUSD","AUDCAD","AUDCHF","AUDJPY","AUDNZD","AUDUSD","BTCUSD","CADJPY","DE40","ETHUSD"]
[2026-05-27T12:39:54.400Z] INFO BAR_PUSH object_type=ea object_id=10869460 source_id=Ctrader bar_count=10 symbols=["EURAUD","EURCAD","EURGBP","EURJPY","EURSGD","EURUSD","GBPAUD","GBPCAD","GBPJPY"]
[2026-05-27T12:40:26.429Z] INFO BAR_PUSH object_type=ea object_id=10869460 source_id=Ctrader bar_count=10 symbols=["ADAUSD","AUDCAD","AUDCHF","AUDJPY","AUDNZD"]
[2026-05-27T12:40:58.431Z] INFO BAR_PUSH object_type=ea object_id=10869460 source_id=Ctrader bar_count=10 symbols=["AUDUSD","BTCUSD","CADJPY","DE40","ETHUSD"]
[2026-05-27T12:41:30.445Z] INFO BAR_PUSH object_type=ea object_id=10869460 source_id=Ctrader bar_count=10 symbols=["ADAUSD","AUDCAD","AUDCHF","AUDJPY","AUDNZD","AUDUSD","BTCUSD","CADJPY","DE40","ETHUSD"]
[2026-05-27T12:42:02.442Z] INFO BAR_PUSH object_type=ea object_id=10869460 source_id=Ctrader bar_count=10 symbols=["AUDCAD","AUDCHF","AUDJPY","AUDNZD","AUDUSD","BTCUSD","CADJPY","DE40","ETHUSD","EURAUD"]
[2026-05-27T12:42:36.428Z] INFO BAR_PUSH object_type=ea object_id=10869460 source_id=Ctrader bar_count=10 symbols=["ADAUSD","EURAUD","EURCAD","EURGBP","EURJPY","EURSGD"]
[2026-05-27T12:43:08.559Z] INFO BAR_PUSH object_type=ea object_id=10869460 source_id=Ctrader bar_count=10 symbols=["AUDCAD","AUDCHF","AUDJPY","AUDNZD","AUDUSD","BTCUSD","CADJPY","DE40","ETHUSD","EURAUD"]
[2026-05-27T12:43:40.439Z] INFO BAR_PUSH object_type=ea object_id=10869460 source_id=Ctrader bar_count=10 symbols=["ADAUSD","EURCAD","EURGBP","EURJPY","EURSGD","EURUSD","GBPAUD","GBPCAD"]
[2026-05-27T12:44:12.435Z] INFO BAR_PUSH object_type=ea object_id=10869460 source_id=Ctrader bar_count=10 symbols=["ADAUSD","AUDCAD","AUDCHF","AUDJPY","AUDNZD","AUDUSD","BTCUSD","CADJPY","DE40","ETHUSD"]
[2026-05-27T12:44:46.445Z] INFO BAR_PUSH object_type=ea object_id=10869460 source_id=Ctrader bar_count=10 symbols=["EURAUD","EURCAD","EURGBP","EURJPY","EURSGD","EURUSD","GBPAUD","GBPCAD","GBPJPY"]
[2026-05-27T12:45:20.423Z] INFO BAR_PUSH object_type=ea object_id=10869460 source_id=Ctrader bar_count=10 symbols=["ADAUSD","AUDCAD","AUDCHF","AUDJPY"]
[2026-05-27T12:45:52.434Z] INFO BAR_PUSH object_type=ea object_id=10869460 source_id=Ctrader bar_count=10 symbols=["AUDJPY","AUDNZD","AUDUSD","BTCUSD"]
[2026-05-27T12:46:24.434Z] INFO BAR_PUSH object_type=ea object_id=10869460 source_id=Ctrader bar_count=10 symbols=["ADAUSD","AUDCAD","AUDCHF","AUDJPY","AUDNZD","AUDUSD","BTCUSD","CADJPY"]
[2026-05-27T12:46:58.402Z] INFO BAR_PUSH object_type=ea object_id=10869460 source_id=Ctrader bar_count=10 symbols=["CADJPY","DE40","ETHUSD","EURAUD"]
[2026-05-27T12:47:30.432Z] INFO BAR_PUSH object_type=ea object_id=10869460 source_id=Ctrader bar_count=10 symbols=["ADAUSD","AUDCAD","AUDCHF","AUDJPY","AUDNZD","AUDUSD","BTCUSD","CADJPY","DE40","ETHUSD"]
[2026-05-27T12:48:02.453Z] INFO BAR_PUSH object_type=ea object_id=10869460 source_id=Ctrader bar_count=10 symbols=["AUDCAD","AUDCHF","AUDJPY","AUDNZD","AUDUSD","BTCUSD","CADJPY","DE40","ETHUSD","EURAUD"]
[2026-05-27T12:48:34.419Z] INFO BAR_PUSH object_type=ea object_id=10869460 source_id=Ctrader bar_count=10 symbols=["ADAUSD","EURCAD","EURGBP","EURJPY"]
[2026-05-27T12:49:06.450Z] INFO BAR_PUSH object_type=ea object_id=10869460 source_id=Ctrader bar_count=10 symbols=["ADAUSD","AUDCAD","AUDCHF","AUDJPY","AUDNZD","AUDUSD","BTCUSD","CADJPY","DE40","ETHUSD"]
[2026-05-27T12:49:38.430Z] INFO BAR_PUSH object_type=ea object_id=10869460 source_id=Ctrader bar_count=10 symbols=["EURAUD","EURCAD","EURGBP","EURJPY","EURSGD","EURUSD"]
[2026-05-27T12:50:10.430Z] INFO BAR_PUSH object_type=ea object_id=10869460 source_id=Ctrader bar_count=10 symbols=["ADAUSD","AUDCAD","AUDCHF","AUDJPY","AUDNZD"]
[2026-05-27T12:50:42.431Z] INFO BAR_PUSH object_type=ea object_id=10869460 source_id=Ctrader bar_count=10 symbols=["AUDUSD","BTCUSD","CADJPY","DE40","ETHUSD"]
[2026-05-27T12:51:14.420Z] INFO BAR_PUSH object_type=ea object_id=10869460 source_id=Ctrader bar_count=10 symbols=["ADAUSD","AUDCAD","AUDCHF","AUDJPY","AUDNZD","AUDUSD","BTCUSD","CADJPY","DE40","ETHUSD"]
[2026-05-27T12:51:46.397Z] INFO BAR_PUSH object_type=ea object_id=10869460 source_id=Ctrader bar_count=10 symbols=["EURAUD","EURCAD","EURGBP","EURJPY","EURSGD"]
[2026-05-27T12:52:18.410Z] INFO BAR_PUSH object_type=ea object_id=10869460 source_id=Ctrader bar_count=10 symbols=["ADAUSD","AUDCAD","AUDCHF","AUDJPY","AUDNZD","AUDUSD","BTCUSD","CADJPY","DE40","ETHUSD"]
[2026-05-27T12:52:52.442Z] INFO BAR_PUSH object_type=ea object_id=10869460 source_id=Ctrader bar_count=10 symbols=["EURAUD","EURCAD","EURGBP","EURJPY","EURSGD","EURUSD","GBPAUD"]
[2026-05-27T12:53:24.433Z] INFO BAR_PUSH object_type=ea object_id=10869460 source_id=Ctrader bar_count=10 symbols=["AUDCAD","AUDCHF","AUDJPY","AUDNZD","AUDUSD","BTCUSD","CADJPY","DE40","ETHUSD","EURAUD"]
[2026-05-27T12:53:56.401Z] INFO BAR_PUSH object_type=ea object_id=10869460 source_id=Ctrader bar_count=10 symbols=["ADAUSD","EURCAD","EURGBP","EURJPY","EURSGD","EURUSD","GBPAUD","GBPCAD"]
[2026-05-27T12:54:28.418Z] INFO BAR_PUSH object_type=ea object_id=10869460 source_id=Ctrader bar_count=10 symbols=["AUDCAD","AUDCHF","AUDJPY","AUDNZD","AUDUSD","BTCUSD","CADJPY","DE40","ETHUSD","EURAUD"]
[2026-05-27T12:55:00.474Z] INFO BAR_PUSH object_type=ea object_id=10869460 source_id=Ctrader bar_count=10 symbols=["ADAUSD","AUDCAD","AUDCHF","AUDJPY","AUDNZD","AUDUSD"]
[2026-05-27T12:55:32.409Z] INFO BAR_PUSH object_type=ea object_id=10869460 source_id=Ctrader bar_count=10 symbols=["ADAUSD","AUDUSD","BTCUSD","CADJPY","DE40","ETHUSD"]
[2026-05-27T12:56:04.440Z] INFO BAR_PUSH object_type=ea object_id=10869460 source_id=Ctrader bar_count=10 symbols=["AUDCAD","AUDCHF","AUDJPY","AUDNZD","AUDUSD","BTCUSD","CADJPY","DE40","ETHUSD"]
[2026-05-27T12:56:36.418Z] INFO BAR_PUSH object_type=ea object_id=10869460 source_id=Ctrader bar_count=10 symbols=["ADAUSD","EURAUD","EURCAD","EURGBP","EURJPY","EURSGD"]
[2026-05-27T12:57:08.445Z] INFO BAR_PUSH object_type=ea object_id=10869460 source_id=Ctrader bar_count=10 symbols=["AUDCAD","AUDCHF","AUDJPY","AUDNZD","AUDUSD","BTCUSD","CADJPY","DE40","ETHUSD","EURAUD"]
[2026-05-27T12:57:40.427Z] INFO BAR_PUSH object_type=ea object_id=10869460 source_id=Ctrader bar_count=10 symbols=["ADAUSD","EURCAD","EURGBP","EURJPY","EURSGD","EURUSD","GBPAUD"]
[2026-05-27T12:58:12.445Z] INFO BAR_PUSH object_type=ea object_id=10869460 source_id=Ctrader bar_count=10 symbols=["AUDCAD","AUDCHF","AUDJPY","AUDNZD","AUDUSD","BTCUSD","CADJPY","DE40","ETHUSD","EURAUD"]
[2026-05-27T12:58:44.425Z] INFO BAR_PUSH object_type=ea object_id=10869460 source_id=Ctrader bar_count=10 symbols=["ADAUSD","EURCAD","EURGBP","EURJPY","EURSGD","EURUSD","GBPAUD","GBPCAD","GBPJPY"]
[2026-05-27T12:59:16.434Z] INFO BAR_PUSH object_type=ea object_id=10869460 source_id=Ctrader bar_count=10 symbols=["ADAUSD","AUDCAD","AUDCHF","AUDJPY","AUDNZD","AUDUSD","BTCUSD","CADJPY","DE40","ETHUSD"]
[2026-05-27T12:59:48.416Z] INFO BAR_PUSH object_type=ea object_id=10869460 source_id=Ctrader bar_count=10 symbols=["EURAUD","EURCAD","EURGBP","EURJPY","EURSGD","EURUSD","GBPAUD","GBPCAD","GBPJPY"]
[2026-05-27T13:00:20.403Z] INFO BAR_PUSH object_type=ea object_id=10869460 source_id=Ctrader bar_count=10 symbols=["ADAUSD","AUDCAD"]
[2026-05-27T13:00:52.406Z] INFO BAR_PUSH object_type=ea object_id=10869460 source_id=Ctrader bar_count=10 symbols=["AUDCHF","AUDJPY"]
[2026-05-27T13:01:24.517Z] INFO BAR_PUSH object_type=ea object_id=10869460 source_id=Ctrader bar_count=10 symbols=["ADAUSD","AUDCAD","AUDCHF","AUDJPY","AUDNZD","AUDUSD"]
[2026-05-27T13:01:56.384Z] INFO BAR_PUSH object_type=ea object_id=10869460 source_id=Ctrader bar_count=10 symbols=["AUDUSD","BTCUSD","CADJPY"]
[2026-05-27T13:02:29.001Z] INFO BAR_PUSH object_type=ea object_id=10869460 source_id=Ctrader bar_count=10 symbols=["ADAUSD","AUDCAD","AUDCHF","AUDJPY","AUDNZD","AUDUSD","BNBUSD"]
[2026-05-27T13:03:00.615Z] INFO BAR_PUSH object_type=ea object_id=10869460 source_id=Ctrader bar_count=10 symbols=["AUDCAD","AUDJPY","AUDUSD","BNBUSD","BTCUSD","CADJPY"]
[2026-05-27T13:03:32.407Z] INFO BAR_PUSH object_type=ea object_id=10869460 source_id=Ctrader bar_count=10 symbols=["ADAUSD","AUDCHF","AUDNZD","CADJPY","DE40"]
[2026-05-27T13:04:04.430Z] INFO BAR_PUSH object_type=ea object_id=10869460 source_id=Ctrader bar_count=10 symbols=["ADAUSD","AUDCAD","AUDCHF","AUDJPY","AUDNZD","AUDUSD","BNBUSD","BTCUSD","CADJPY","DE40"]
[2026-05-27T13:04:38.423Z] INFO BAR_PUSH object_type=ea object_id=10869460 source_id=Ctrader bar_count=10 symbols=["ETHUSD","EURAUD"]
[2026-05-27T13:05:10.421Z] INFO BAR_PUSH object_type=ea object_id=10869460 source_id=Ctrader bar_count=10 symbols=["ADAUSD","AUDCAD","AUDCHF","AUDJPY","AUDNZD"]
[2026-05-27T13:05:42.415Z] INFO BAR_PUSH object_type=ea object_id=10869460 source_id=Ctrader bar_count=10 symbols=["AUDUSD","BNBUSD","BTCUSD","CADJPY","DE40"]
[2026-05-27T13:06:14.432Z] INFO BAR_PUSH object_type=ea object_id=10869460 source_id=Ctrader bar_count=10 symbols=["ADAUSD","AUDCAD","AUDCHF","AUDJPY","AUDNZD","AUDUSD","BNBUSD","BTCUSD","CADJPY","DE40"]
[2026-05-27T13:06:46.413Z] INFO BAR_PUSH object_type=ea object_id=10869460 source_id=Ctrader bar_count=10 symbols=["ETHUSD","EURAUD","EURCAD","EURGBP"]
[2026-05-27T13:07:18.421Z] INFO BAR_PUSH object_type=ea object_id=10869460 source_id=Ctrader bar_count=10 symbols=["ADAUSD","AUDCAD","AUDCHF","AUDJPY","AUDNZD","AUDUSD","BNBUSD","BTCUSD","CADJPY","DE40"]
[2026-05-27T13:07:50.423Z] INFO BAR_PUSH object_type=ea object_id=10869460 source_id=Ctrader bar_count=10 symbols=["ETHUSD","EURAUD","EURCAD","EURGBP","EURJPY"]
[2026-05-27T13:08:22.431Z] INFO BAR_PUSH object_type=ea object_id=10869460 source_id=Ctrader bar_count=10 symbols=["ADAUSD","AUDCAD","AUDCHF","AUDJPY","AUDNZD","AUDUSD","BNBUSD","BTCUSD","CADJPY","DE40"]
[2026-05-27T13:08:54.407Z] INFO BAR_PUSH object_type=ea object_id=10869460 source_id=Ctrader bar_count=10 symbols=["ETHUSD","EURAUD","EURCAD","EURGBP","EURJPY","EURSGD"]
[2026-05-27T13:09:26.429Z] INFO BAR_PUSH object_type=ea object_id=10869460 source_id=Ctrader bar_count=10 symbols=["ADAUSD","AUDCAD","AUDCHF","AUDJPY","AUDNZD","AUDUSD","BNBUSD","BTCUSD","CADJPY","DE40"]
[2026-05-27T13:10:00.408Z] INFO BAR_PUSH object_type=ea object_id=10869460 source_id=Ctrader bar_count=10 symbols=["AUDCAD","AUDCHF","AUDJPY","AUDNZD","BNBUSD"]
[2026-05-27T13:10:32.417Z] INFO BAR_PUSH object_type=ea object_id=10869460 source_id=Ctrader bar_count=10 symbols=["ADAUSD","AUDUSD","BTCUSD","CADJPY","DE40"]
[2026-05-27T13:11:06.427Z] INFO BAR_PUSH object_type=ea object_id=10869460 source_id=Ctrader bar_count=10 symbols=["ADAUSD","AUDCAD","AUDCHF","AUDJPY","AUDNZD","AUDUSD","BNBUSD","BTCUSD","CADJPY","DE40"]
[2026-05-27T13:11:38.418Z] INFO BAR_PUSH object_type=ea object_id=10869460 source_id=Ctrader bar_count=10 symbols=["ETHUSD","EURAUD","EURCAD","EURGBP","EURJPY"]
[2026-05-27T13:12:10.433Z] INFO BAR_PUSH object_type=ea object_id=10869460 source_id=Ctrader bar_count=10 symbols=["ADAUSD","AUDCAD","AUDCHF","AUDJPY","AUDNZD","AUDUSD","BNBUSD","BTCUSD","CADJPY","DE40"]
[2026-05-27T13:12:42.413Z] INFO BAR_PUSH object_type=ea object_id=10869460 source_id=Ctrader bar_count=10 symbols=["ETHUSD","EURAUD","EURCAD","EURGBP","EURJPY","EURSGD"]
[2026-05-27T13:13:14.438Z] INFO BAR_PUSH object_type=ea object_id=10869460 source_id=Ctrader bar_count=10 symbols=["ADAUSD","AUDCAD","AUDCHF","AUDJPY","AUDNZD","AUDUSD","BNBUSD","BTCUSD","CADJPY","DE40"]
[2026-05-27T13:13:48.422Z] INFO BAR_PUSH object_type=ea object_id=10869460 source_id=Ctrader bar_count=10 symbols=["ETHUSD","EURAUD","EURCAD","EURGBP","EURJPY","EURSGD","EURUSD"]
[2026-05-27T13:14:20.432Z] INFO BAR_PUSH object_type=ea object_id=10869460 source_id=Ctrader bar_count=10 symbols=["ADAUSD","AUDCAD","AUDCHF","AUDJPY","AUDNZD","AUDUSD","BNBUSD","BTCUSD","CADJPY","DE40"]
[2026-05-27T13:14:54.389Z] INFO BAR_PUSH object_type=ea object_id=10869460 source_id=Ctrader bar_count=10 symbols=["ETHUSD","EURAUD","EURCAD","EURGBP","EURJPY","EURSGD","EURUSD","GBPAUD"]
[2026-05-27T13:15:26.418Z] INFO BAR_PUSH object_type=ea object_id=10869460 source_id=Ctrader bar_count=10 symbols=["ADAUSD","AUDCAD","AUDCHF","AUDJPY"]
[2026-05-27T13:15:58.403Z] INFO BAR_PUSH object_type=ea object_id=10869460 source_id=Ctrader bar_count=10 symbols=["AUDJPY","AUDNZD","AUDUSD","BNBUSD"]
[2026-05-27T13:16:30.424Z] INFO BAR_PUSH object_type=ea object_id=10869460 source_id=Ctrader bar_count=10 symbols=["ADAUSD","AUDCAD","AUDCHF","AUDJPY","AUDNZD","AUDUSD","BNBUSD","BTCUSD"]
[2026-05-27T13:17:02.423Z] INFO BAR_PUSH object_type=ea object_id=10869460 source_id=Ctrader bar_count=10 symbols=["AUDCAD","AUDCHF","AUDJPY","AUDNZD","AUDUSD","BNBUSD","BTCUSD","CADJPY"]
[2026-05-27T13:17:34.510Z] INFO BAR_PUSH object_type=ea object_id=10869460 source_id=Ctrader bar_count=10 symbols=["ADAUSD","CADJPY","DE40","ETHUSD","EURAUD"]
[2026-05-27T13:18:06.426Z] INFO BAR_PUSH object_type=ea object_id=10869460 source_id=Ctrader bar_count=10 symbols=["ADAUSD","AUDCAD","AUDCHF","AUDJPY","AUDNZD","AUDUSD","BNBUSD","BTCUSD","CADJPY","DE40"]
[2026-05-27T13:18:40.413Z] INFO BAR_PUSH object_type=ea object_id=10869460 source_id=Ctrader bar_count=10 symbols=["ETHUSD","EURAUD","EURCAD","EURGBP","EURJPY"]
[2026-05-27T13:19:14.429Z] INFO BAR_PUSH object_type=ea object_id=10869460 source_id=Ctrader bar_count=10 symbols=["AUDCAD","AUDCHF","AUDJPY","AUDNZD","AUDUSD","BNBUSD","BTCUSD","CADJPY","DE40","ETHUSD"]
[2026-05-27T13:19:46.414Z] INFO BAR_PUSH object_type=ea object_id=10869460 source_id=Ctrader bar_count=10 symbols=["ADAUSD","EURAUD","EURCAD","EURGBP","EURJPY","EURSGD"]
[2026-05-27T13:20:18.425Z] INFO BAR_PUSH object_type=ea object_id=10869460 source_id=Ctrader bar_count=10 symbols=["ADAUSD","AUDCAD","AUDCHF","AUDJPY","AUDNZD"]
[2026-05-27T13:20:50.422Z] INFO BAR_PUSH object_type=ea object_id=10869460 source_id=Ctrader bar_count=10 symbols=["AUDUSD","BNBUSD","BTCUSD","CADJPY","DE40"]
[2026-05-27T13:21:22.433Z] INFO BAR_PUSH object_type=ea object_id=10869460 source_id=Ctrader bar_count=10 symbols=["ADAUSD","AUDCAD","AUDCHF","AUDJPY","AUDNZD","AUDUSD","BNBUSD","BTCUSD","CADJPY","DE40"]
[2026-05-27T13:21:56.400Z] INFO BAR_PUSH object_type=ea object_id=10869460 source_id=Ctrader bar_count=10 symbols=["ETHUSD","EURAUD","EURCAD","EURGBP","EURJPY"]
[2026-05-27T13:22:28.427Z] INFO BAR_PUSH object_type=ea object_id=10869460 source_id=Ctrader bar_count=10 symbols=["ADAUSD","AUDCAD","AUDCHF","AUDJPY","AUDNZD","AUDUSD","BNBUSD","BTCUSD","CADJPY","DE40"]
[2026-05-27T13:23:00.421Z] INFO BAR_PUSH object_type=ea object_id=10869460 source_id=Ctrader bar_count=10 symbols=["AUDCHF","AUDJPY","AUDNZD","BTCUSD","CADJPY","DE40","ETHUSD","EURAUD","EURCAD","EURGBP"]
[2026-05-27T13:23:32.414Z] INFO BAR_PUSH object_type=ea object_id=10869460 source_id=Ctrader bar_count=10 symbols=["ADAUSD","AUDCAD","AUDUSD","BNBUSD","EURJPY","EURSGD","EURUSD"]
[2026-05-27T13:24:06.426Z] INFO BAR_PUSH object_type=ea object_id=10869460 source_id=Ctrader bar_count=10 symbols=["ADAUSD","AUDCAD","AUDCHF","AUDJPY","AUDNZD","AUDUSD","BNBUSD","BTCUSD","CADJPY","DE40"]
[2026-05-27T13:24:38.410Z] INFO BAR_PUSH object_type=ea object_id=10869460 source_id=Ctrader bar_count=10 symbols=["ETHUSD","EURAUD","EURCAD","EURGBP","EURJPY","EURSGD","EURUSD","GBPAUD"]
[2026-05-27T13:25:12.420Z] INFO BAR_PUSH object_type=ea object_id=10869460 source_id=Ctrader bar_count=10 symbols=["ADAUSD","AUDCAD","AUDCHF","AUDJPY","AUDNZD"]
[2026-05-27T13:25:44.406Z] INFO BAR_PUSH object_type=ea object_id=10869460 source_id=Ctrader bar_count=10 symbols=["AUDUSD","BNBUSD","BTCUSD","CADJPY","DE40"]
[2026-05-27T13:26:16.448Z] INFO BAR_PUSH object_type=ea object_id=10869460 source_id=Ctrader bar_count=10 symbols=["ADAUSD","AUDCAD","AUDCHF","AUDJPY","AUDNZD","AUDUSD","BNBUSD","BTCUSD","CADJPY","DE40"]
[2026-05-27T13:26:50.422Z] INFO BAR_PUSH object_type=ea object_id=10869460 source_id=Ctrader bar_count=10 symbols=["ETHUSD","EURAUD","EURCAD","EURGBP","EURJPY"]
[2026-05-27T13:27:24.420Z] INFO BAR_PUSH object_type=ea object_id=10869460 source_id=Ctrader bar_count=10 symbols=["ADAUSD","AUDCAD","AUDCHF","AUDJPY","AUDNZD","AUDUSD","BNBUSD","BTCUSD","CADJPY","DE40"]
[2026-05-27T13:27:56.403Z] INFO BAR_PUSH object_type=ea object_id=10869460 source_id=Ctrader bar_count=10 symbols=["ETHUSD","EURAUD","EURCAD","EURGBP","EURJPY","EURSGD","EURUSD","GBPAUD"]
[2026-05-27T13:28:28.424Z] INFO BAR_PUSH object_type=ea object_id=10869460 source_id=Ctrader bar_count=10 symbols=["ADAUSD","AUDCAD","AUDCHF","AUDJPY","AUDNZD","AUDUSD","BNBUSD","BTCUSD","CADJPY","DE40"]
[2026-05-27T13:29:00.430Z] INFO BAR_PUSH object_type=ea object_id=10869460 source_id=Ctrader bar_count=10 symbols=["AUDCAD","AUDJPY","AUDNZD","BTCUSD","DE40","ETHUSD","EURAUD","EURCAD","EURGBP","EURJPY"]
[2026-05-27T13:29:32.417Z] INFO BAR_PUSH object_type=ea object_id=10869460 source_id=Ctrader bar_count=10 symbols=["ADAUSD","AUDCHF","AUDUSD","BNBUSD","CADJPY","EURCAD","EURGBP","EURJPY","EURSGD","EURUSD"]
[2026-05-27T13:30:06.411Z] INFO BAR_PUSH object_type=ea object_id=10869460 source_id=Ctrader bar_count=10 symbols=["ADAUSD","AUDCAD","AUDCHF","AUDJPY"]
[2026-05-27T13:30:38.397Z] INFO BAR_PUSH object_type=ea object_id=10869460 source_id=Ctrader bar_count=10 symbols=["AUDJPY","AUDNZD","AUDUSD","BNBUSD"]
[2026-05-27T13:31:10.423Z] INFO BAR_PUSH object_type=ea object_id=10869460 source_id=Ctrader bar_count=10 symbols=["ADAUSD","AUDCAD","AUDCHF","AUDJPY","AUDNZD","AUDUSD","BNBUSD","BTCUSD"]
[2026-05-27T13:31:42.395Z] INFO BAR_PUSH object_type=ea object_id=10869460 source_id=Ctrader bar_count=10 symbols=["BTCUSD","CADJPY","DE40","ETHUSD"]
[2026-05-27T13:32:14.418Z] INFO BAR_PUSH object_type=ea object_id=10869460 source_id=Ctrader bar_count=10 symbols=["ADAUSD","AUDCAD","AUDCHF","AUDJPY","AUDNZD","AUDUSD","BNBUSD","BTCUSD","CADJPY","DE40"]
[2026-05-27T13:32:46.398Z] INFO BAR_PUSH object_type=ea object_id=10869460 source_id=Ctrader bar_count=10 symbols=["ETHUSD","EURAUD","EURCAD","EURGBP"]
[2026-05-27T13:33:18.427Z] INFO BAR_PUSH object_type=ea object_id=10869460 source_id=Ctrader bar_count=10 symbols=["ADAUSD","AUDCAD","AUDCHF","AUDJPY","AUDNZD","AUDUSD","BNBUSD","BTCUSD","CADJPY","DE40"]
[2026-05-27T13:33:50.412Z] INFO BAR_PUSH object_type=ea object_id=10869460 source_id=Ctrader bar_count=10 symbols=["ETHUSD","EURAUD","EURCAD","EURGBP","EURJPY","EURSGD"]
[2026-05-27T13:34:24.397Z] INFO BAR_PUSH object_type=ea object_id=10869460 source_id=Ctrader bar_count=10 symbols=["ADAUSD","AUDCAD","AUDCHF","AUDJPY","AUDNZD","AUDUSD","BNBUSD","BTCUSD","CADJPY","DE40"]
[2026-05-27T13:34:56.394Z] INFO BAR_PUSH object_type=ea object_id=10869460 source_id=Ctrader bar_count=10 symbols=["ETHUSD","EURAUD","EURCAD","EURGBP","EURJPY","EURSGD","EURUSD","GBPAUD"]
[2026-05-27T13:35:28.403Z] INFO BAR_PUSH object_type=ea object_id=10869460 source_id=Ctrader bar_count=10 symbols=["ADAUSD","AUDCAD","AUDCHF","AUDJPY","AUDNZD"]
[2026-05-27T13:36:00.398Z] INFO BAR_PUSH object_type=ea object_id=10869460 source_id=Ctrader bar_count=10 symbols=["AUDCAD","AUDJPY","AUDUSD","BNBUSD","BTCUSD","CADJPY"]
[2026-05-27T13:36:32.418Z] INFO BAR_PUSH object_type=ea object_id=10869460 source_id=Ctrader bar_count=10 symbols=["ADAUSD","AUDCHF","AUDNZD","AUDUSD","CADJPY","DE40","ETHUSD","EURAUD"]
[2026-05-27T13:37:04.416Z] INFO BAR_PUSH object_type=ea object_id=10869460 source_id=Ctrader bar_count=10 symbols=["ADAUSD","AUDCAD","AUDCHF","AUDJPY","AUDNZD","AUDUSD","BNBUSD","BTCUSD","CADJPY","DE40"]
[2026-05-27T13:37:36.410Z] INFO BAR_PUSH object_type=ea object_id=10869460 source_id=Ctrader bar_count=10 symbols=["ETHUSD","EURAUD","EURCAD","EURGBP","EURJPY","EURSGD"]
[2026-05-27T13:38:08.410Z] INFO BAR_PUSH object_type=ea object_id=10869460 source_id=Ctrader bar_count=10 symbols=["ADAUSD","AUDCAD","AUDCHF","AUDJPY","AUDNZD","AUDUSD","BNBUSD","BTCUSD","CADJPY","DE40"]
[2026-05-27T13:38:40.412Z] INFO BAR_PUSH object_type=ea object_id=10869460 source_id=Ctrader bar_count=10 symbols=["ETHUSD","EURAUD","EURCAD","EURGBP","EURJPY","EURSGD","EURUSD","GBPAUD"]
[2026-05-27T13:39:12.423Z] INFO BAR_PUSH object_type=ea object_id=10869460 source_id=Ctrader bar_count=10 symbols=["ADAUSD","AUDCAD","AUDCHF","AUDJPY","AUDNZD","AUDUSD","BNBUSD","BTCUSD","CADJPY","DE40"]
[2026-05-27T13:39:44.414Z] INFO BAR_PUSH object_type=ea object_id=10869460 source_id=Ctrader bar_count=10 symbols=["ETHUSD","EURAUD","EURCAD","EURGBP","EURJPY","EURSGD","EURUSD","GBPAUD"]
[2026-05-27T13:40:16.414Z] INFO BAR_PUSH object_type=ea object_id=10869460 source_id=Ctrader bar_count=10 symbols=["ADAUSD","AUDCAD","AUDCHF","AUDJPY","AUDNZD"]
[2026-05-27T13:40:48.397Z] INFO BAR_PUSH object_type=ea object_id=10869460 source_id=Ctrader bar_count=10 symbols=["AUDUSD","BNBUSD","BTCUSD","CADJPY","DE40"]
[2026-05-27T13:41:20.415Z] INFO BAR_PUSH object_type=ea object_id=10869460 source_id=Ctrader bar_count=10 symbols=["ADAUSD","AUDCAD","AUDCHF","AUDJPY","AUDNZD","AUDUSD","BNBUSD","BTCUSD","CADJPY","DE40"]
[2026-05-27T13:41:52.586Z] INFO BAR_PUSH object_type=ea object_id=10869460 source_id=Ctrader bar_count=10 symbols=["ETHUSD","EURAUD","EURCAD","EURGBP","EURJPY"]
[2026-05-27T13:42:24.435Z] INFO BAR_PUSH object_type=ea object_id=10869460 source_id=Ctrader bar_count=10 symbols=["ADAUSD","AUDCAD","AUDCHF","AUDJPY","AUDNZD","AUDUSD","BNBUSD","BTCUSD","CADJPY","DE40"]
[2026-05-27T13:42:56.396Z] INFO BAR_PUSH object_type=ea object_id=10869460 source_id=Ctrader bar_count=10 symbols=["ETHUSD","EURAUD","EURCAD","EURGBP","EURJPY","EURSGD","EURUSD","GBPAUD"]
[2026-05-27T13:43:28.406Z] INFO BAR_PUSH object_type=ea object_id=10869460 source_id=Ctrader bar_count=10 symbols=["ADAUSD","AUDCAD","AUDCHF","AUDJPY","AUDNZD","AUDUSD","BNBUSD","BTCUSD","CADJPY","DE40"]
[2026-05-27T13:44:02.397Z] INFO BAR_PUSH object_type=ea object_id=10869460 source_id=Ctrader bar_count=10 symbols=["ADAUSD","AUDCAD","AUDCHF","AUDJPY","AUDNZD","AUDUSD","BNBUSD","BTCUSD","CADJPY","DE40"]
[2026-05-27T13:44:34.407Z] INFO BAR_PUSH object_type=ea object_id=10869460 source_id=Ctrader bar_count=10 symbols=["ETHUSD","EURAUD","EURCAD","EURGBP","EURJPY","EURSGD","EURUSD","GBPAUD"]
[2026-05-27T13:45:06.411Z] INFO BAR_PUSH object_type=ea object_id=10869460 source_id=Ctrader bar_count=10 symbols=["ADAUSD","AUDCAD","AUDCHF","AUDJPY"]
[2026-05-27T13:45:38.386Z] INFO BAR_PUSH object_type=ea object_id=10869460 source_id=Ctrader bar_count=10 symbols=["AUDJPY","AUDNZD","AUDUSD","BNBUSD"]
[2026-05-27T13:46:10.406Z] INFO BAR_PUSH object_type=ea object_id=10869460 source_id=Ctrader bar_count=10 symbols=["ADAUSD","AUDCAD","AUDCHF","AUDJPY","AUDNZD","AUDUSD","BNBUSD","BTCUSD"]
[2026-05-27T13:46:42.391Z] INFO BAR_PUSH object_type=ea object_id=10869460 source_id=Ctrader bar_count=10 symbols=["BTCUSD","CADJPY","DE40","ETHUSD"]
[2026-05-27T13:47:16.413Z] INFO BAR_PUSH object_type=ea object_id=10869460 source_id=Ctrader bar_count=10 symbols=["ADAUSD","AUDCAD","AUDCHF","AUDJPY","AUDNZD","AUDUSD","BNBUSD","BTCUSD","CADJPY","DE40"]
[2026-05-27T13:47:48.414Z] INFO BAR_PUSH object_type=ea object_id=10869460 source_id=Ctrader bar_count=10 symbols=["ETHUSD","EURAUD","EURCAD","EURGBP"]
[2026-05-27T13:48:20.418Z] INFO BAR_PUSH object_type=ea object_id=10869460 source_id=Ctrader bar_count=10 symbols=["ADAUSD","AUDCAD","AUDCHF","AUDJPY","AUDNZD","AUDUSD","BNBUSD","BTCUSD","CADJPY","DE40"]
[2026-05-27T13:48:52.409Z] INFO BAR_PUSH object_type=ea object_id=10869460 source_id=Ctrader bar_count=10 symbols=["ETHUSD","EURAUD","EURCAD","EURGBP","EURJPY","EURSGD"]
[2026-05-27T13:49:24.404Z] INFO BAR_PUSH object_type=ea object_id=10869460 source_id=Ctrader bar_count=10 symbols=["ADAUSD","AUDCAD","AUDCHF","AUDJPY","AUDNZD","AUDUSD","BNBUSD","BTCUSD","CADJPY","DE40"]
[2026-05-27T13:49:56.390Z] INFO BAR_PUSH object_type=ea object_id=10869460 source_id=Ctrader bar_count=10 symbols=["ETHUSD","EURAUD","EURCAD","EURGBP","EURJPY","EURSGD","EURUSD","GBPAUD"]
[2026-05-27T13:50:28.408Z] INFO BAR_PUSH object_type=ea object_id=10869460 source_id=Ctrader bar_count=10 symbols=["ADAUSD","AUDCAD","AUDCHF","AUDJPY","AUDNZD"]
[2026-05-27T13:51:00.418Z] INFO BAR_PUSH object_type=ea object_id=10869460 source_id=Ctrader bar_count=10 symbols=["AUDJPY","AUDNZD","AUDUSD","BNBUSD","BTCUSD","CADJPY"]
[2026-05-27T13:51:32.400Z] INFO BAR_PUSH object_type=ea object_id=10869460 source_id=Ctrader bar_count=10 symbols=["ADAUSD","AUDCAD","AUDCHF","AUDUSD","BNBUSD","DE40","ETHUSD","EURAUD"]
[2026-05-27T13:52:04.505Z] INFO BAR_PUSH object_type=ea object_id=10869460 source_id=Ctrader bar_count=10 symbols=["AUDCAD","AUDCHF","AUDJPY","AUDNZD","AUDUSD","BNBUSD","BTCUSD","CADJPY","DE40","ETHUSD"]
[2026-05-27T13:52:36.400Z] INFO BAR_PUSH object_type=ea object_id=10869460 source_id=Ctrader bar_count=10 symbols=["ADAUSD","EURAUD","EURCAD","EURGBP","EURJPY","EURSGD"]
[2026-05-27T13:53:08.422Z] INFO BAR_PUSH object_type=ea object_id=10869460 source_id=Ctrader bar_count=10 symbols=["ADAUSD","AUDCAD","AUDCHF","AUDJPY","AUDNZD","AUDUSD","BNBUSD","BTCUSD","CADJPY","DE40"]
[2026-05-27T13:53:40.416Z] INFO BAR_PUSH object_type=ea object_id=10869460 source_id=Ctrader bar_count=10 symbols=["ETHUSD","EURAUD","EURCAD","EURGBP","EURJPY","EURSGD","EURUSD","GBPAUD"]
[2026-05-27T13:54:12.410Z] INFO BAR_PUSH object_type=ea object_id=10869460 source_id=Ctrader bar_count=10 symbols=["AUDCAD","AUDCHF","AUDJPY","AUDNZD","AUDUSD","BNBUSD","BTCUSD","CADJPY","DE40","ETHUSD"]
[2026-05-27T13:54:46.397Z] INFO BAR_PUSH object_type=ea object_id=10869460 source_id=Ctrader bar_count=10 symbols=["ADAUSD","EURAUD","EURCAD","EURGBP","EURJPY","EURSGD","EURUSD","GBPAUD"]
[2026-05-27T13:55:20.414Z] INFO BAR_PUSH object_type=ea object_id=10869460 source_id=Ctrader bar_count=10 symbols=["ADAUSD","AUDCAD","AUDCHF","AUDJPY","AUDNZD"]
[2026-05-27T13:55:52.425Z] INFO BAR_PUSH object_type=ea object_id=10869460 source_id=Ctrader bar_count=10 symbols=["AUDUSD","BNBUSD","BTCUSD","CADJPY","DE40"]
[2026-05-27T13:56:24.405Z] INFO BAR_PUSH object_type=ea object_id=10869460 source_id=Ctrader bar_count=10 symbols=["ADAUSD","AUDCAD","AUDCHF","AUDJPY","AUDNZD","AUDUSD","BNBUSD","BTCUSD","CADJPY","DE40"]
[2026-05-27T13:56:56.393Z] INFO BAR_PUSH object_type=ea object_id=10869460 source_id=Ctrader bar_count=10 symbols=["ETHUSD","EURAUD","EURCAD","EURGBP","EURJPY"]
[2026-05-27T13:57:28.400Z] INFO BAR_PUSH object_type=ea object_id=10869460 source_id=Ctrader bar_count=10 symbols=["ADAUSD","AUDCAD","AUDCHF","AUDJPY","AUDNZD","AUDUSD","BNBUSD","BTCUSD","CADJPY","DE40"]
[2026-05-27T13:58:02.430Z] INFO BAR_PUSH object_type=ea object_id=10869460 source_id=Ctrader bar_count=10 symbols=["AUDCAD","AUDCHF","AUDJPY","AUDNZD","AUDUSD","BNBUSD","BTCUSD","CADJPY","DE40","ETHUSD"]
[2026-05-27T13:58:34.419Z] INFO BAR_PUSH object_type=ea object_id=10869460 source_id=Ctrader bar_count=10 symbols=["ADAUSD","EURAUD","EURCAD","EURGBP","EURJPY","EURSGD","EURUSD","GBPAUD"]
[2026-05-27T13:59:06.428Z] INFO BAR_PUSH object_type=ea object_id=10869460 source_id=Ctrader bar_count=10 symbols=["AUDCAD","AUDCHF","AUDJPY","AUDNZD","AUDUSD","BNBUSD","BTCUSD","CADJPY","DE40","ETHUSD"]
[2026-05-27T13:59:38.415Z] INFO BAR_PUSH object_type=ea object_id=10869460 source_id=Ctrader bar_count=10 symbols=["ADAUSD","EURAUD","EURCAD","EURGBP","EURJPY","EURSGD","EURUSD","GBPAUD"]
[2026-05-27T14:00:10.508Z] INFO BAR_PUSH object_type=ea object_id=10869460 source_id=Ctrader bar_count=10 symbols=["ADAUSD","AUDCAD","AUDCHF"]
[2026-05-27T14:00:42.392Z] INFO BAR_PUSH object_type=ea object_id=10869460 source_id=Ctrader bar_count=10 symbols=["AUDCHF","AUDJPY","AUDNZD"]
[2026-05-27T14:01:14.416Z] INFO BAR_PUSH object_type=ea object_id=10869460 source_id=Ctrader bar_count=10 symbols=["ADAUSD","AUDCAD","AUDCHF","AUDJPY","AUDNZD","AUDUSD","BNBUSD"]
[2026-05-27T14:01:46.396Z] INFO BAR_PUSH object_type=ea object_id=10869460 source_id=Ctrader bar_count=10 symbols=["BNBUSD","BTCUSD","CADJPY"]
[2026-05-27T14:02:18.393Z] INFO BAR_PUSH object_type=ea object_id=10869460 source_id=Ctrader bar_count=10 symbols=["ADAUSD","AUDCAD","AUDCHF","AUDJPY","AUDNZD","AUDUSD","BNBUSD","BTCUSD","CADJPY"]
[2026-05-27T14:02:50.410Z] INFO BAR_PUSH object_type=ea object_id=10869460 source_id=Ctrader bar_count=10 symbols=["DE40","ETHUSD","EURAUD"]
[2026-05-27T14:03:22.421Z] INFO BAR_PUSH object_type=ea object_id=10869460 source_id=Ctrader bar_count=10 symbols=["ADAUSD","AUDCAD","AUDCHF","AUDJPY","AUDNZD","AUDUSD","BNBUSD","BTCUSD","CADJPY","DE40"]
[2026-05-27T14:03:56.400Z] INFO BAR_PUSH object_type=ea object_id=10869460 source_id=Ctrader bar_count=10 symbols=["ETHUSD","EURAUD","EURCAD","EURGBP"]
[2026-05-27T14:04:30.417Z] INFO BAR_PUSH object_type=ea object_id=10869460 source_id=Ctrader bar_count=10 symbols=["ADAUSD","AUDCAD","AUDCHF","AUDJPY","AUDNZD","AUDUSD","BNBUSD","BTCUSD","CADJPY","DE40"]
[2026-05-27T14:05:04.413Z] INFO BAR_PUSH object_type=ea object_id=10869460 source_id=Ctrader bar_count=10 symbols=["ADAUSD","AUDCAD","AUDCHF","AUDJPY","AUDNZD"]
[2026-05-27T14:05:36.405Z] INFO BAR_PUSH object_type=ea object_id=10869460 source_id=Ctrader bar_count=10 symbols=["AUDUSD","BNBUSD","BTCUSD","CADJPY","DE40"]
[2026-05-27T14:06:08.421Z] INFO BAR_PUSH object_type=ea object_id=10869460 source_id=Ctrader bar_count=10 symbols=["AUDCAD","AUDCHF","AUDJPY","AUDNZD","AUDUSD","BNBUSD","BTCUSD","CADJPY","DE40","ETHUSD"]
[2026-05-27T14:06:42.394Z] INFO BAR_PUSH object_type=ea object_id=10869460 source_id=Ctrader bar_count=10 symbols=["ADAUSD","ETHUSD","EURAUD","EURCAD","EURGBP"]
[2026-05-27T14:07:14.528Z] INFO BAR_PUSH object_type=ea object_id=10869460 source_id=Ctrader bar_count=10 symbols=["ADAUSD","AUDCAD","AUDCHF","AUDJPY","AUDNZD","AUDUSD","BNBUSD","BTCUSD","CADJPY","DE40"]
[2026-05-27T14:07:48.388Z] INFO BAR_PUSH object_type=ea object_id=10869460 source_id=Ctrader bar_count=10 symbols=["ETHUSD","EURAUD","EURCAD","EURGBP","EURJPY","EURSGD"]
[2026-05-27T14:08:20.389Z] INFO BAR_PUSH object_type=ea object_id=10869460 source_id=Ctrader bar_count=10 symbols=["ADAUSD","AUDCAD","AUDCHF","AUDJPY","AUDNZD","AUDUSD","BNBUSD","BTCUSD","CADJPY","DE40"]
[2026-05-27T14:08:52.433Z] INFO BAR_PUSH object_type=ea object_id=10869460 source_id=Ctrader bar_count=10 symbols=["ETHUSD","EURAUD","EURCAD","EURGBP","EURJPY","EURSGD","EURUSD"]
[2026-05-27T14:09:24.422Z] INFO BAR_PUSH object_type=ea object_id=10869460 source_id=Ctrader bar_count=10 symbols=["AUDCAD","AUDCHF","AUDJPY","AUDNZD","AUDUSD","BNBUSD","BTCUSD","CADJPY","DE40","ETHUSD"]
[2026-05-27T14:09:58.426Z] INFO BAR_PUSH object_type=ea object_id=10869460 source_id=Ctrader bar_count=10 symbols=["ADAUSD","EURAUD","EURCAD","EURGBP","EURJPY","EURSGD","EURUSD","GBPAUD"]
[2026-05-27T14:10:30.384Z] INFO BAR_PUSH object_type=ea object_id=10869460 source_id=Ctrader bar_count=10 symbols=["ADAUSD","AUDCAD","AUDCHF","AUDJPY","AUDNZD"]
[2026-05-27T14:11:02.407Z] INFO BAR_PUSH object_type=ea object_id=10869460 source_id=Ctrader bar_count=10 symbols=["AUDCAD","AUDCHF","AUDJPY","AUDNZD","AUDUSD","BNBUSD","BTCUSD"]
[2026-05-27T14:11:34.412Z] INFO BAR_PUSH object_type=ea object_id=10869460 source_id=Ctrader bar_count=10 symbols=["ADAUSD","CADJPY","DE40","ETHUSD","EURAUD","EURCAD"]
[2026-05-27T14:12:06.407Z] INFO BAR_PUSH object_type=ea object_id=10869460 source_id=Ctrader bar_count=10 symbols=["ADAUSD","AUDCAD","AUDCHF","AUDJPY","AUDNZD","AUDUSD","BNBUSD","BTCUSD","CADJPY","DE40"]
[2026-05-27T14:12:40.396Z] INFO BAR_PUSH object_type=ea object_id=10869460 source_id=Ctrader bar_count=10 symbols=["ETHUSD","EURAUD","EURCAD","EURGBP","EURJPY","EURSGD"]
[2026-05-27T14:13:14.430Z] INFO BAR_PUSH object_type=ea object_id=10869460 source_id=Ctrader bar_count=10 symbols=["AUDCAD","AUDCHF","AUDJPY","AUDNZD","AUDUSD","BNBUSD","BTCUSD","CADJPY","DE40","ETHUSD"]
[2026-05-27T14:13:46.415Z] INFO BAR_PUSH object_type=ea object_id=10869460 source_id=Ctrader bar_count=10 symbols=["ADAUSD","EURAUD","EURCAD","EURGBP","EURJPY","EURSGD","EURUSD","GBPAUD"]
[2026-05-27T14:14:20.425Z] INFO BAR_PUSH object_type=ea object_id=10869460 source_id=Ctrader bar_count=10 symbols=["ADAUSD","AUDCAD","AUDCHF","AUDJPY","AUDNZD","AUDUSD","BNBUSD","BTCUSD","CADJPY","DE40"]
[2026-05-27T14:14:52.413Z] INFO BAR_PUSH object_type=ea object_id=10869460 source_id=Ctrader bar_count=10 symbols=["ETHUSD","EURAUD","EURCAD","EURGBP","EURJPY","EURSGD","EURUSD","GBPAUD"]
[2026-05-27T14:15:24.404Z] INFO BAR_PUSH object_type=ea object_id=10869460 source_id=Ctrader bar_count=10 symbols=["ADAUSD","AUDCAD","AUDCHF","AUDJPY"]
[2026-05-27T14:15:56.384Z] INFO BAR_PUSH object_type=ea object_id=10869460 source_id=Ctrader bar_count=10 symbols=["AUDJPY","AUDNZD","AUDUSD","BNBUSD"]
[2026-05-27T14:16:30.416Z] INFO BAR_PUSH object_type=ea object_id=10869460 source_id=Ctrader bar_count=10 symbols=["ADAUSD","AUDCAD","AUDCHF","AUDJPY","AUDNZD","AUDUSD","BNBUSD","BTCUSD"]
[2026-05-27T14:17:04.395Z] INFO BAR_PUSH object_type=ea object_id=10869460 source_id=Ctrader bar_count=10 symbols=["AUDCAD","AUDCHF","AUDJPY","AUDNZD","AUDUSD","BNBUSD","BTCUSD","CADJPY"]
[2026-05-27T14:17:36.401Z] INFO BAR_PUSH object_type=ea object_id=10869460 source_id=Ctrader bar_count=10 symbols=["ADAUSD","CADJPY","DE40","ETHUSD","EURAUD"]
[2026-05-27T14:18:08.404Z] INFO BAR_PUSH object_type=ea object_id=10869460 source_id=Ctrader bar_count=10 symbols=["ADAUSD","AUDCAD","AUDCHF","AUDJPY","AUDNZD","AUDUSD","BNBUSD","BTCUSD","CADJPY","DE40"]
[2026-05-27T14:18:40.425Z] INFO BAR_PUSH object_type=ea object_id=10869460 source_id=Ctrader bar_count=10 symbols=["ETHUSD","EURAUD","EURCAD","EURGBP","EURJPY"]
[2026-05-27T14:19:14.421Z] INFO BAR_PUSH object_type=ea object_id=10869460 source_id=Ctrader bar_count=10 symbols=["AUDCAD","AUDCHF","AUDJPY","AUDNZD","AUDUSD","BNBUSD","BTCUSD","CADJPY","DE40","ETHUSD"]
[2026-05-27T14:19:46.413Z] INFO BAR_PUSH object_type=ea object_id=10869460 source_id=Ctrader bar_count=10 symbols=["ADAUSD","EURAUD","EURCAD","EURGBP","EURJPY","EURSGD"]
[2026-05-27T14:20:18.431Z] INFO BAR_PUSH object_type=ea object_id=10869460 source_id=Ctrader bar_count=10 symbols=["ADAUSD","AUDCAD","AUDCHF","AUDJPY","AUDNZD"]
[2026-05-27T14:20:50.406Z] INFO BAR_PUSH object_type=ea object_id=10869460 source_id=Ctrader bar_count=10 symbols=["AUDUSD","BNBUSD","BTCUSD","CADJPY","DE40"]
[2026-05-27T14:21:22.437Z] INFO BAR_PUSH object_type=ea object_id=10869460 source_id=Ctrader bar_count=10 symbols=["ADAUSD","AUDCAD","AUDCHF","AUDJPY","AUDNZD","AUDUSD","BNBUSD","BTCUSD","CADJPY","DE40"]
[2026-05-27T14:21:54.402Z] INFO BAR_PUSH object_type=ea object_id=10869460 source_id=Ctrader bar_count=10 symbols=["ETHUSD","EURAUD","EURCAD","EURGBP","EURJPY"]
[2026-05-27T14:22:26.424Z] INFO BAR_PUSH object_type=ea object_id=10869460 source_id=Ctrader bar_count=10 symbols=["AUDCAD","AUDCHF","AUDJPY","AUDNZD","AUDUSD","BNBUSD","BTCUSD","CADJPY","DE40","ETHUSD"]
[2026-05-27T14:23:00.432Z] INFO BAR_PUSH object_type=ea object_id=10869460 source_id=Ctrader bar_count=10 symbols=["ADAUSD","AUDCAD","AUDCHF","AUDJPY","BNBUSD","BTCUSD","CADJPY","DE40","ETHUSD","EURAUD"]
[2026-05-27T14:23:32.399Z] INFO BAR_PUSH object_type=ea object_id=10869460 source_id=Ctrader bar_count=10 symbols=["AUDNZD","AUDUSD","EURCAD","EURGBP","EURJPY","EURSGD","EURUSD"]
[2026-05-27T14:24:04.406Z] INFO BAR_PUSH object_type=ea object_id=10869460 source_id=Ctrader bar_count=10 symbols=["ADAUSD","AUDCAD","AUDCHF","AUDJPY","AUDNZD","AUDUSD","BNBUSD","BTCUSD","CADJPY","DE40"]
[2026-05-27T14:24:36.391Z] INFO BAR_PUSH object_type=ea object_id=10869460 source_id=Ctrader bar_count=10 symbols=["ETHUSD","EURAUD","EURCAD","EURGBP","EURJPY","EURSGD","EURUSD","GBPAUD"]
[2026-05-27T14:25:08.400Z] INFO BAR_PUSH object_type=ea object_id=10869460 source_id=Ctrader bar_count=10 symbols=["ADAUSD","AUDCAD","AUDCHF","AUDJPY","AUDNZD"]
[2026-05-27T14:25:42.392Z] INFO BAR_PUSH object_type=ea object_id=10869460 source_id=Ctrader bar_count=10 symbols=["AUDUSD","BNBUSD","BTCUSD","CADJPY","DE40"]
[2026-05-27T14:26:14.411Z] INFO BAR_PUSH object_type=ea object_id=10869460 source_id=Ctrader bar_count=10 symbols=["ADAUSD","AUDCAD","AUDCHF","AUDJPY","AUDNZD","AUDUSD","BNBUSD","BTCUSD","CADJPY","DE40"]
[2026-05-27T14:26:46.593Z] INFO BAR_PUSH object_type=ea object_id=10869460 source_id=Ctrader bar_count=10 symbols=["ETHUSD","EURAUD","EURCAD","EURGBP","EURJPY"]
[2026-05-27T14:27:18.404Z] INFO BAR_PUSH object_type=ea object_id=10869460 source_id=Ctrader bar_count=10 symbols=["ADAUSD","AUDCAD","AUDCHF","AUDJPY","AUDNZD","AUDUSD","BNBUSD","BTCUSD","CADJPY","DE40"]
[2026-05-27T14:27:50.402Z] INFO BAR_PUSH object_type=ea object_id=10869460 source_id=Ctrader bar_count=10 symbols=["ETHUSD","EURAUD","EURCAD","EURGBP","EURJPY","EURSGD","EURUSD","GBPAUD"]
[2026-05-27T14:28:24.419Z] INFO BAR_PUSH object_type=ea object_id=10869460 source_id=Ctrader bar_count=10 symbols=["ADAUSD","AUDCAD","AUDCHF","AUDJPY","AUDNZD","AUDUSD","BNBUSD","BTCUSD","CADJPY","DE40"]
[2026-05-27T14:28:56.399Z] INFO BAR_PUSH object_type=ea object_id=10869460 source_id=Ctrader bar_count=10 symbols=["ETHUSD","EURAUD","EURCAD","EURGBP","EURJPY","EURSGD","EURUSD","GBPAUD","GBPCAD"]
[2026-05-27T14:29:30.398Z] INFO BAR_PUSH object_type=ea object_id=10869460 source_id=Ctrader bar_count=10 symbols=["ADAUSD","AUDCAD","AUDCHF","AUDJPY","AUDNZD","AUDUSD","BNBUSD","BTCUSD","CADJPY","DE40"]
[2026-05-27T14:30:02.381Z] INFO BAR_PUSH object_type=ea object_id=10869460 source_id=Ctrader bar_count=10 symbols=["ADAUSD","AUDCAD","AUDCHF","AUDJPY"]
[2026-05-27T14:30:36.378Z] INFO BAR_PUSH object_type=ea object_id=10869460 source_id=Ctrader bar_count=10 symbols=["AUDJPY","AUDNZD","AUDUSD","BNBUSD"]
[2026-05-27T14:31:10.396Z] INFO BAR_PUSH object_type=ea object_id=10869460 source_id=Ctrader bar_count=10 symbols=["AUDCAD","AUDCHF","AUDJPY","AUDNZD","AUDUSD","BNBUSD","BTCUSD"]
[2026-05-27T14:31:42.394Z] INFO BAR_PUSH object_type=ea object_id=10869460 source_id=Ctrader bar_count=10 symbols=["ADAUSD","CADJPY","DE40","ETHUSD"]
[2026-05-27T14:32:14.400Z] INFO BAR_PUSH object_type=ea object_id=10869460 source_id=Ctrader bar_count=10 symbols=["ADAUSD","AUDCAD","AUDCHF","AUDJPY","AUDNZD","AUDUSD","BNBUSD","BTCUSD","CADJPY","DE40"]
[2026-05-27T14:32:46.385Z] INFO BAR_PUSH object_type=ea object_id=10869460 source_id=Ctrader bar_count=10 symbols=["ETHUSD","EURAUD","EURCAD","EURGBP"]
[2026-05-27T14:33:18.395Z] INFO BAR_PUSH object_type=ea object_id=10869460 source_id=Ctrader bar_count=10 symbols=["ADAUSD","AUDCAD","AUDCHF","AUDJPY","AUDNZD","AUDUSD","BNBUSD","BTCUSD","CADJPY","DE40"]
[2026-05-27T14:33:50.391Z] INFO BAR_PUSH object_type=ea object_id=10869460 source_id=Ctrader bar_count=10 symbols=["ETHUSD","EURAUD","EURCAD","EURGBP","EURJPY","EURSGD"]
[2026-05-27T14:34:22.404Z] INFO BAR_PUSH object_type=ea object_id=10869460 source_id=Ctrader bar_count=10 symbols=["ADAUSD","AUDCAD","AUDCHF","AUDJPY","AUDNZD","AUDUSD","BNBUSD","BTCUSD","CADJPY","DE40"]
[2026-05-27T14:34:56.387Z] INFO BAR_PUSH object_type=ea object_id=10869460 source_id=Ctrader bar_count=10 symbols=["ETHUSD","EURAUD","EURCAD","EURGBP","EURJPY","EURSGD","EURUSD","GBPAUD"]
[2026-05-27T14:35:28.386Z] INFO BAR_PUSH object_type=ea object_id=10869460 source_id=Ctrader bar_count=10 symbols=["ADAUSD","AUDCAD","AUDCHF","AUDJPY","AUDNZD"]
[2026-05-27T14:36:00.386Z] INFO BAR_PUSH object_type=ea object_id=10869460 source_id=Ctrader bar_count=10 symbols=["AUDJPY","AUDNZD","AUDUSD","BNBUSD","BTCUSD","CADJPY"]
[2026-05-27T14:36:32.394Z] INFO BAR_PUSH object_type=ea object_id=10869460 source_id=Ctrader bar_count=10 symbols=["ADAUSD","AUDCAD","AUDCHF","CADJPY","DE40","ETHUSD","EURAUD"]
[2026-05-27T14:37:04.393Z] INFO BAR_PUSH object_type=ea object_id=10869460 source_id=Ctrader bar_count=10 symbols=["ADAUSD","AUDCAD","AUDCHF","AUDJPY","AUDNZD","AUDUSD","BNBUSD","BTCUSD","CADJPY","DE40"]
[2026-05-27T14:37:36.389Z] INFO BAR_PUSH object_type=ea object_id=10869460 source_id=Ctrader bar_count=10 symbols=["ETHUSD","EURAUD","EURCAD","EURGBP","EURJPY","EURSGD"]
[2026-05-27T14:38:08.400Z] INFO BAR_PUSH object_type=ea object_id=10869460 source_id=Ctrader bar_count=10 symbols=["ADAUSD","AUDCAD","AUDCHF","AUDJPY","AUDNZD","AUDUSD","BNBUSD","BTCUSD","CADJPY","DE40"]
[2026-05-27T14:38:40.390Z] INFO BAR_PUSH object_type=ea object_id=10869460 source_id=Ctrader bar_count=10 symbols=["ETHUSD","EURAUD","EURCAD","EURGBP","EURJPY","EURSGD","EURUSD","GBPAUD"]
[2026-05-27T14:39:12.446Z] INFO BAR_PUSH object_type=ea object_id=10869460 source_id=Ctrader bar_count=10 symbols=["ADAUSD","AUDCAD","AUDCHF","AUDJPY","AUDNZD","AUDUSD","BNBUSD","BTCUSD","CADJPY","DE40"]
[2026-05-27T14:39:46.403Z] INFO BAR_PUSH object_type=ea object_id=10869460 source_id=Ctrader bar_count=10 symbols=["ETHUSD","EURAUD","EURCAD","EURGBP","EURJPY","EURSGD","EURUSD","GBPAUD","GBPCAD"]
[2026-05-27T14:40:18.390Z] INFO BAR_PUSH object_type=ea object_id=10869460 source_id=Ctrader bar_count=10 symbols=["ADAUSD","AUDCAD","AUDCHF","AUDJPY","AUDNZD"]
[2026-05-27T14:40:50.387Z] INFO BAR_PUSH object_type=ea object_id=10869460 source_id=Ctrader bar_count=10 symbols=["AUDUSD","BNBUSD","BTCUSD","CADJPY","DE40"]
[2026-05-27T14:41:22.404Z] INFO BAR_PUSH object_type=ea object_id=10869460 source_id=Ctrader bar_count=10 symbols=["ADAUSD","AUDCAD","AUDCHF","AUDJPY","AUDNZD","AUDUSD","BNBUSD","BTCUSD","CADJPY","DE40"]
[2026-05-27T14:41:54.392Z] INFO BAR_PUSH object_type=ea object_id=10869460 source_id=Ctrader bar_count=10 symbols=["ETHUSD","EURAUD","EURCAD","EURGBP","EURJPY"]
[2026-05-27T14:42:26.414Z] INFO BAR_PUSH object_type=ea object_id=10869460 source_id=Ctrader bar_count=10 symbols=["ADAUSD","AUDCAD","AUDCHF","AUDJPY","AUDNZD","AUDUSD","BNBUSD","BTCUSD","CADJPY","DE40"]
[2026-05-27T14:42:58.396Z] INFO BAR_PUSH object_type=ea object_id=10869460 source_id=Ctrader bar_count=10 symbols=["ETHUSD","EURAUD","EURCAD","EURGBP","EURJPY","EURSGD","EURUSD","GBPAUD"]
[2026-05-27T14:43:32.397Z] INFO BAR_PUSH object_type=ea object_id=10869460 source_id=Ctrader bar_count=10 symbols=["ADAUSD","AUDCAD","AUDCHF","AUDJPY","AUDNZD","AUDUSD","BNBUSD","BTCUSD","CADJPY","DE40"]
[2026-05-27T14:44:04.393Z] INFO BAR_PUSH object_type=ea object_id=10869460 source_id=Ctrader bar_count=10 symbols=["ADAUSD","AUDCAD","AUDCHF","AUDJPY","AUDNZD","AUDUSD","BNBUSD","BTCUSD","CADJPY","DE40"]
[2026-05-27T14:44:34.210Z] INFO BAR_PUSH object_type=ea object_id=10869460 source_id=Ctrader bar_count=10 symbols=["ADAUSD","AUDCAD"]
[2026-05-27T14:45:07.966Z] INFO BAR_PUSH object_type=ea object_id=10869460 source_id=Ctrader bar_count=10 symbols=["ADAUSD","AUDCAD","AUDCHF"]
[2026-05-27T14:45:39.951Z] INFO BAR_PUSH object_type=ea object_id=10869460 source_id=Ctrader bar_count=10 symbols=["AUDCHF","AUDJPY"]
[2026-05-27T14:46:12.001Z] INFO BAR_PUSH object_type=ea object_id=10869460 source_id=Ctrader bar_count=10 symbols=["ADAUSD","AUDCAD","AUDCHF","AUDJPY","AUDNZD"]
[2026-05-27T14:46:43.952Z] INFO BAR_PUSH object_type=ea object_id=10869460 source_id=Ctrader bar_count=10 symbols=["AUDUSD","BNBUSD"]
[2026-05-27T14:47:15.980Z] INFO BAR_PUSH object_type=ea object_id=10869460 source_id=Ctrader bar_count=10 symbols=["ADAUSD","AUDCAD","AUDCHF","AUDJPY","AUDNZD","AUDUSD","BNBUSD","BTCUSD"]
[2026-05-27T14:47:47.950Z] INFO BAR_PUSH object_type=ea object_id=10869460 source_id=Ctrader bar_count=10 symbols=["BTCUSD","CADJPY"]
[2026-05-27T14:48:21.985Z] INFO BAR_PUSH object_type=ea object_id=10869460 source_id=Ctrader bar_count=10 symbols=["ADAUSD","AUDCAD","AUDCHF","AUDJPY","AUDNZD","AUDUSD","BNBUSD","BTCUSD","CADJPY"]
[2026-05-27T14:48:55.971Z] INFO BAR_PUSH object_type=ea object_id=10869460 source_id=Ctrader bar_count=10 symbols=["DE40","ETHUSD"]
[2026-05-27T14:49:29.996Z] INFO BAR_PUSH object_type=ea object_id=10869460 source_id=Ctrader bar_count=10 symbols=["ADAUSD","AUDCAD","AUDCHF","AUDJPY","AUDNZD","AUDUSD","BNBUSD","BTCUSD","CADJPY","DE40"]
[2026-05-27T14:50:01.970Z] INFO BAR_PUSH object_type=ea object_id=10869460 source_id=Ctrader bar_count=10 symbols=["AUDCAD","AUDCHF","AUDJPY","AUDNZD","AUDUSD"]
[2026-05-27T14:50:33.958Z] INFO BAR_PUSH object_type=ea object_id=10869460 source_id=Ctrader bar_count=10 symbols=["ADAUSD","BNBUSD","BTCUSD","CADJPY","DE40"]
[2026-05-27T14:51:07.976Z] INFO BAR_PUSH object_type=ea object_id=10869460 source_id=Ctrader bar_count=10 symbols=["ADAUSD","AUDCAD","AUDCHF","AUDJPY","AUDNZD","AUDUSD","BNBUSD","BTCUSD","CADJPY","DE40"]
[2026-05-27T14:51:39.976Z] INFO BAR_PUSH object_type=ea object_id=10869460 source_id=Ctrader bar_count=10 symbols=["ETHUSD","EURAUD"]
[2026-05-27T14:52:12.025Z] INFO BAR_PUSH object_type=ea object_id=10869460 source_id=Ctrader bar_count=10 symbols=["ADAUSD","AUDCAD","AUDCHF","AUDJPY","AUDNZD","AUDUSD","BNBUSD","BTCUSD","CADJPY","DE40"]
[2026-05-27T14:52:46.138Z] INFO BAR_PUSH object_type=ea object_id=10869460 source_id=Ctrader bar_count=10 symbols=["ETHUSD","EURAUD","EURCAD","EURGBP"]
[2026-05-27T14:53:18.005Z] INFO BAR_PUSH object_type=ea object_id=10869460 source_id=Ctrader bar_count=10 symbols=["ADAUSD","AUDCAD","AUDCHF","AUDJPY","AUDNZD","AUDUSD","BNBUSD","BTCUSD","CADJPY","DE40"]
[2026-05-27T14:53:49.971Z] INFO BAR_PUSH object_type=ea object_id=10869460 source_id=Ctrader bar_count=10 symbols=["ETHUSD","EURAUD","EURCAD","EURGBP","EURJPY"]
[2026-05-27T14:54:22.022Z] INFO BAR_PUSH object_type=ea object_id=10869460 source_id=Ctrader bar_count=10 symbols=["ADAUSD","AUDCAD","AUDCHF","AUDJPY","AUDNZD","AUDUSD","BNBUSD","BTCUSD","CADJPY","DE40"]
[2026-05-27T14:54:53.975Z] INFO BAR_PUSH object_type=ea object_id=10869460 source_id=Ctrader bar_count=10 symbols=["ETHUSD","EURAUD","EURCAD","EURGBP","EURJPY","EURSGD"]
[2026-05-27T14:55:25.959Z] INFO BAR_PUSH object_type=ea object_id=10869460 source_id=Ctrader bar_count=10 symbols=["ADAUSD","AUDCAD","AUDCHF","AUDJPY","AUDNZD"]
[2026-05-27T14:55:59.958Z] INFO BAR_PUSH object_type=ea object_id=10869460 source_id=Ctrader bar_count=10 symbols=["AUDUSD","BNBUSD","BTCUSD","CADJPY","DE40"]
[2026-05-27T14:56:33.982Z] INFO BAR_PUSH object_type=ea object_id=10869460 source_id=Ctrader bar_count=10 symbols=["ADAUSD","AUDCAD","AUDCHF","AUDJPY","AUDNZD","AUDUSD","BNBUSD","BTCUSD","CADJPY","DE40"]
[2026-05-27T14:57:08.004Z] INFO BAR_PUSH object_type=ea object_id=10869460 source_id=Ctrader bar_count=10 symbols=["ADAUSD","AUDCAD","AUDCHF","AUDJPY","AUDNZD","AUDUSD","BNBUSD","BTCUSD","CADJPY","DE40"]
[2026-05-27T14:57:41.988Z] INFO BAR_PUSH object_type=ea object_id=10869460 source_id=Ctrader bar_count=10 symbols=["ETHUSD","EURAUD","EURCAD","EURGBP","EURJPY"]
[2026-05-27T14:58:13.974Z] INFO BAR_PUSH object_type=ea object_id=10869460 source_id=Ctrader bar_count=10 symbols=["ADAUSD","AUDCAD","AUDCHF","AUDJPY","AUDNZD","AUDUSD","BNBUSD","BTCUSD","CADJPY","DE40"]
[2026-05-27T14:58:45.963Z] INFO BAR_PUSH object_type=ea object_id=10869460 source_id=Ctrader bar_count=10 symbols=["ETHUSD","EURAUD","EURCAD","EURGBP","EURJPY","EURSGD"]
[2026-05-27T14:59:18.010Z] INFO BAR_PUSH object_type=ea object_id=10869460 source_id=Ctrader bar_count=10 symbols=["ADAUSD","AUDCAD","AUDCHF","AUDJPY","AUDNZD","AUDUSD","BNBUSD","BTCUSD","CADJPY","DE40"]
[2026-05-27T14:59:49.971Z] INFO BAR_PUSH object_type=ea object_id=10869460 source_id=Ctrader bar_count=10 symbols=["ETHUSD","EURAUD","EURCAD","EURGBP","EURJPY","EURSGD","EURUSD"]
[2026-05-27T15:00:21.976Z] INFO BAR_PUSH object_type=ea object_id=10869460 source_id=Ctrader bar_count=10 symbols=["ADAUSD","AUDCAD","AUDCHF"]
[2026-05-27T15:00:53.945Z] INFO BAR_PUSH object_type=ea object_id=10869460 source_id=Ctrader bar_count=10 symbols=["AUDCHF","AUDJPY","AUDNZD"]
[2026-05-27T15:01:25.974Z] INFO BAR_PUSH object_type=ea object_id=10869460 source_id=Ctrader bar_count=10 symbols=["ADAUSD","AUDCAD","AUDCHF","AUDJPY","AUDNZD","AUDUSD","BNBUSD"]
[2026-05-27T15:01:57.979Z] INFO BAR_PUSH object_type=ea object_id=10869460 source_id=Ctrader bar_count=10 symbols=["BNBUSD","BTCUSD","CADJPY"]
[2026-05-27T15:02:29.991Z] INFO BAR_PUSH object_type=ea object_id=10869460 source_id=Ctrader bar_count=10 symbols=["ADAUSD","AUDCAD","AUDCHF","AUDJPY","AUDNZD","AUDUSD","BNBUSD","BTCUSD","CADJPY"]
[2026-05-27T15:03:01.977Z] INFO BAR_PUSH object_type=ea object_id=10869460 source_id=Ctrader bar_count=10 symbols=["ADAUSD","AUDCAD","AUDCHF","AUDJPY","AUDNZD","AUDUSD","BNBUSD","BTCUSD","CADJPY","DE40"]
[2026-05-27T15:03:33.958Z] INFO BAR_PUSH object_type=ea object_id=10869460 source_id=Ctrader bar_count=10 symbols=["DE40","ETHUSD","EURAUD"]
[2026-05-27T15:04:06.031Z] INFO BAR_PUSH object_type=ea object_id=10869460 source_id=Ctrader bar_count=10 symbols=["ADAUSD","AUDCAD","AUDCHF","AUDJPY","AUDNZD","AUDUSD","BNBUSD","BTCUSD","CADJPY","DE40"]
[2026-05-27T15:04:39.960Z] INFO BAR_PUSH object_type=ea object_id=10869460 source_id=Ctrader bar_count=10 symbols=["ETHUSD","EURAUD","EURCAD","EURGBP"]
[2026-05-27T15:05:11.960Z] INFO BAR_PUSH object_type=ea object_id=10869460 source_id=Ctrader bar_count=10 symbols=["ADAUSD","AUDCAD","AUDCHF","AUDJPY","AUDNZD"]
[2026-05-27T15:05:43.963Z] INFO BAR_PUSH object_type=ea object_id=10869460 source_id=Ctrader bar_count=10 symbols=["AUDUSD","BNBUSD","BTCUSD","CADJPY","DE40"]
[2026-05-27T15:06:15.974Z] INFO BAR_PUSH object_type=ea object_id=10869460 source_id=Ctrader bar_count=10 symbols=["ADAUSD","AUDCAD","AUDCHF","AUDJPY","AUDNZD","AUDUSD","BNBUSD","BTCUSD","CADJPY","DE40"]
[2026-05-27T15:06:47.969Z] INFO BAR_PUSH object_type=ea object_id=10869460 source_id=Ctrader bar_count=10 symbols=["ETHUSD","EURAUD","EURCAD","EURGBP","EURJPY"]
[2026-05-27T15:07:19.957Z] INFO BAR_PUSH object_type=ea object_id=10869460 source_id=Ctrader bar_count=10 symbols=["ADAUSD","AUDCAD","AUDCHF","AUDJPY","AUDNZD","AUDUSD","BNBUSD","BTCUSD","CADJPY","DE40"]
[2026-05-27T15:07:51.937Z] INFO BAR_PUSH object_type=ea object_id=10869460 source_id=Ctrader bar_count=10 symbols=["ETHUSD","EURAUD","EURCAD","EURGBP","EURJPY","EURSGD"]
[2026-05-27T15:08:23.976Z] INFO BAR_PUSH object_type=ea object_id=10869460 source_id=Ctrader bar_count=10 symbols=["ADAUSD","AUDCAD","AUDCHF","AUDJPY","AUDNZD","AUDUSD","BNBUSD","BTCUSD","CADJPY","DE40"]
[2026-05-27T15:08:55.933Z] INFO BAR_PUSH object_type=ea object_id=10869460 source_id=Ctrader bar_count=10 symbols=["ETHUSD","EURAUD","EURCAD","EURGBP","EURJPY","EURSGD","EURUSD"]
[2026-05-27T15:09:27.951Z] INFO BAR_PUSH object_type=ea object_id=10869460 source_id=Ctrader bar_count=10 symbols=["ADAUSD","AUDCAD","AUDCHF","AUDJPY","AUDNZD","AUDUSD","BNBUSD","BTCUSD","CADJPY","DE40"]
[2026-05-27T15:09:59.936Z] INFO BAR_PUSH object_type=ea object_id=10869460 source_id=Ctrader bar_count=10 symbols=["ETHUSD","EURAUD","EURCAD","EURGBP","EURJPY","EURSGD","EURUSD"]
[2026-05-27T15:10:31.945Z] INFO BAR_PUSH object_type=ea object_id=10869460 source_id=Ctrader bar_count=10 symbols=["ADAUSD","AUDCAD","AUDCHF","AUDJPY","AUDNZD"]
[2026-05-27T15:11:04.061Z] INFO BAR_PUSH object_type=ea object_id=10869460 source_id=Ctrader bar_count=10 symbols=["ADAUSD","AUDCAD","AUDCHF","AUDJPY","AUDNZD","AUDUSD","BNBUSD","BTCUSD"]
[2026-05-27T15:11:35.923Z] INFO BAR_PUSH object_type=ea object_id=10869460 source_id=Ctrader bar_count=10 symbols=["BTCUSD","CADJPY","DE40","ETHUSD","EURAUD","EURCAD"]
[2026-05-27T15:12:09.942Z] INFO BAR_PUSH object_type=ea object_id=10869460 source_id=Ctrader bar_count=10 symbols=["ADAUSD","AUDCAD","AUDCHF","AUDJPY","AUDNZD","AUDUSD","BNBUSD","BTCUSD","CADJPY","DE40"]
[2026-05-27T15:12:42.072Z] INFO BAR_PUSH object_type=ea object_id=10869460 source_id=Ctrader bar_count=10 symbols=["ETHUSD","EURAUD","EURCAD","EURGBP","EURJPY","EURSGD"]
[2026-05-27T15:13:13.936Z] INFO BAR_PUSH object_type=ea object_id=10869460 source_id=Ctrader bar_count=10 symbols=["AUDCAD","AUDCHF","AUDJPY","AUDNZD","AUDUSD","BNBUSD","BTCUSD","CADJPY","DE40","ETHUSD"]
[2026-05-27T15:13:45.954Z] INFO BAR_PUSH object_type=ea object_id=10869460 source_id=Ctrader bar_count=10 symbols=["ADAUSD","EURAUD","EURCAD","EURGBP","EURJPY","EURSGD","EURUSD","GBPAUD"]
[2026-05-27T15:14:17.952Z] INFO BAR_PUSH object_type=ea object_id=10869460 source_id=Ctrader bar_count=10 symbols=["AUDCAD","AUDCHF","AUDJPY","AUDNZD","AUDUSD","BNBUSD","BTCUSD","CADJPY","DE40","ETHUSD"]
[2026-05-27T15:14:49.951Z] INFO BAR_PUSH object_type=ea object_id=10869460 source_id=Ctrader bar_count=10 symbols=["ADAUSD","EURAUD","EURCAD","EURGBP","EURJPY","EURSGD","EURUSD","GBPAUD"]
[2026-05-27T15:15:23.932Z] INFO BAR_PUSH object_type=ea object_id=10869460 source_id=Ctrader bar_count=10 symbols=["ADAUSD","AUDCAD","AUDCHF","AUDJPY"]
[2026-05-27T15:15:55.910Z] INFO BAR_PUSH object_type=ea object_id=10869460 source_id=Ctrader bar_count=10 symbols=["AUDJPY","AUDNZD","AUDUSD","BNBUSD"]
[2026-05-27T15:16:27.935Z] INFO BAR_PUSH object_type=ea object_id=10869460 source_id=Ctrader bar_count=10 symbols=["ADAUSD","AUDCAD","AUDCHF","AUDJPY","AUDNZD","AUDUSD","BNBUSD","BTCUSD"]
[2026-05-27T15:16:59.918Z] INFO BAR_PUSH object_type=ea object_id=10869460 source_id=Ctrader bar_count=10 symbols=["BTCUSD","CADJPY","DE40","ETHUSD"]
[2026-05-27T15:17:31.965Z] INFO BAR_PUSH object_type=ea object_id=10869460 source_id=Ctrader bar_count=10 symbols=["ADAUSD","AUDCAD","AUDCHF","AUDJPY","AUDNZD","AUDUSD","BNBUSD","BTCUSD","CADJPY","DE40"]
[2026-05-27T15:18:05.928Z] INFO BAR_PUSH object_type=ea object_id=10869460 source_id=Ctrader bar_count=10 symbols=["AUDCAD","AUDCHF","AUDJPY","AUDNZD","AUDUSD","BNBUSD","BTCUSD","CADJPY","DE40","ETHUSD"]
[2026-05-27T15:18:37.913Z] INFO BAR_PUSH object_type=ea object_id=10869460 source_id=Ctrader bar_count=10 symbols=["ADAUSD","EURAUD","EURCAD","EURGBP"]
[2026-05-27T15:19:09.938Z] INFO BAR_PUSH object_type=ea object_id=10869460 source_id=Ctrader bar_count=10 symbols=["ADAUSD","AUDCAD","AUDCHF","AUDJPY","AUDNZD","AUDUSD","BNBUSD","BTCUSD","CADJPY","DE40"]
[2026-05-27T15:19:41.922Z] INFO BAR_PUSH object_type=ea object_id=10869460 source_id=Ctrader bar_count=10 symbols=["ETHUSD","EURAUD","EURCAD","EURGBP","EURJPY","EURSGD"]
[2026-05-27T15:20:13.922Z] INFO BAR_PUSH object_type=ea object_id=10869460 source_id=Ctrader bar_count=10 symbols=["ADAUSD","AUDCAD","AUDCHF","AUDJPY","AUDNZD"]
[2026-05-27T15:20:46.139Z] INFO BAR_PUSH object_type=ea object_id=10869460 source_id=Ctrader bar_count=10 symbols=["AUDUSD","BNBUSD","BTCUSD","CADJPY","DE40"]
[2026-05-27T15:21:19.925Z] INFO BAR_PUSH object_type=ea object_id=10869460 source_id=Ctrader bar_count=10 symbols=["ADAUSD","AUDCAD","AUDCHF","AUDJPY","AUDNZD","AUDUSD","BNBUSD","BTCUSD","CADJPY","DE40"]
[2026-05-27T15:21:51.940Z] INFO BAR_PUSH object_type=ea object_id=10869460 source_id=Ctrader bar_count=10 symbols=["ETHUSD","EURAUD","EURCAD","EURGBP","EURJPY"]
[2026-05-27T15:22:23.947Z] INFO BAR_PUSH object_type=ea object_id=10869460 source_id=Ctrader bar_count=10 symbols=["ADAUSD","AUDCAD","AUDCHF","AUDJPY","AUDNZD","AUDUSD","BNBUSD","BTCUSD","CADJPY","DE40"]
[2026-05-27T15:22:55.917Z] INFO BAR_PUSH object_type=ea object_id=10869460 source_id=Ctrader bar_count=10 symbols=["ETHUSD","EURAUD","EURCAD","EURGBP","EURJPY","EURSGD","EURUSD"]
[2026-05-27T15:23:27.931Z] INFO BAR_PUSH object_type=ea object_id=10869460 source_id=Ctrader bar_count=10 symbols=["ADAUSD","AUDCAD","AUDCHF","AUDJPY","AUDNZD","AUDUSD","BNBUSD","BTCUSD","CADJPY","DE40"]
[2026-05-27T15:23:59.922Z] INFO BAR_PUSH object_type=ea object_id=10869460 source_id=Ctrader bar_count=10 symbols=["ETHUSD","EURAUD","EURCAD","EURGBP","EURJPY","EURSGD","EURUSD","GBPAUD"]
[2026-05-27T15:24:31.923Z] INFO BAR_PUSH object_type=ea object_id=10869460 source_id=Ctrader bar_count=10 symbols=["ADAUSD","AUDCAD","AUDCHF","AUDJPY","AUDNZD","AUDUSD","BNBUSD","BTCUSD","CADJPY","DE40"]
[2026-05-27T15:25:05.926Z] INFO BAR_PUSH object_type=ea object_id=10869460 source_id=Ctrader bar_count=10 symbols=["ADAUSD","AUDCAD","AUDCHF","AUDJPY","AUDNZD"]
[2026-05-27T15:25:39.913Z] INFO BAR_PUSH object_type=ea object_id=10869460 source_id=Ctrader bar_count=10 symbols=["AUDUSD","BNBUSD","BTCUSD","CADJPY","DE40"]
[2026-05-27T15:26:11.925Z] INFO BAR_PUSH object_type=ea object_id=10869460 source_id=Ctrader bar_count=10 symbols=["ADAUSD","AUDCAD","AUDCHF","AUDJPY","AUDNZD","AUDUSD","BNBUSD","BTCUSD","CADJPY","DE40"]
[2026-05-27T15:26:43.911Z] INFO BAR_PUSH object_type=ea object_id=10869460 source_id=Ctrader bar_count=10 symbols=["ETHUSD","EURAUD","EURCAD","EURGBP","EURJPY"]
[2026-05-27T15:27:15.924Z] INFO BAR_PUSH object_type=ea object_id=10869460 source_id=Ctrader bar_count=10 symbols=["ADAUSD","AUDCAD","AUDCHF","AUDJPY","AUDNZD","AUDUSD","BNBUSD","BTCUSD","CADJPY","DE40"]
[2026-05-27T15:27:47.933Z] INFO BAR_PUSH object_type=ea object_id=10869460 source_id=Ctrader bar_count=10 symbols=["ETHUSD","EURAUD","EURCAD","EURGBP","EURJPY","EURSGD","EURUSD","GBPAUD"]
[2026-05-27T15:28:21.923Z] INFO BAR_PUSH object_type=ea object_id=10869460 source_id=Ctrader bar_count=10 symbols=["ADAUSD","AUDCAD","AUDCHF","AUDJPY","AUDNZD","AUDUSD","BNBUSD","BTCUSD","CADJPY","DE40"]
[2026-05-27T15:28:53.917Z] INFO BAR_PUSH object_type=ea object_id=10869460 source_id=Ctrader bar_count=10 symbols=["ETHUSD","EURAUD","EURCAD","EURGBP","EURJPY","EURSGD","EURUSD","GBPAUD"]
[2026-05-27T15:29:25.930Z] INFO BAR_PUSH object_type=ea object_id=10869460 source_id=Ctrader bar_count=10 symbols=["ADAUSD","AUDCAD","AUDCHF","AUDJPY","AUDNZD","AUDUSD","BNBUSD","BTCUSD","CADJPY","DE40"]
[2026-05-27T15:29:58.044Z] INFO BAR_PUSH object_type=ea object_id=10869460 source_id=Ctrader bar_count=10 symbols=["ETHUSD","EURAUD","EURCAD","EURGBP","EURJPY","EURSGD","EURUSD","GBPAUD"]
[2026-05-27T15:30:29.927Z] INFO BAR_PUSH object_type=ea object_id=10869460 source_id=Ctrader bar_count=10 symbols=["ADAUSD","AUDCAD","AUDCHF","AUDJPY"]
[2026-05-27T15:31:01.925Z] INFO BAR_PUSH object_type=ea object_id=10869460 source_id=Ctrader bar_count=10 symbols=["AUDCAD","AUDCHF","AUDJPY","AUDNZD","AUDUSD"]
[2026-05-27T15:31:33.903Z] INFO BAR_PUSH object_type=ea object_id=10869460 source_id=Ctrader bar_count=10 symbols=["ADAUSD","AUDUSD","BNBUSD","BTCUSD","CADJPY"]
[2026-05-27T15:32:05.934Z] INFO BAR_PUSH object_type=ea object_id=10869460 source_id=Ctrader bar_count=10 symbols=["ADAUSD","AUDCAD","AUDCHF","AUDJPY","AUDNZD","AUDUSD","BNBUSD","BTCUSD","CADJPY"]
[2026-05-27T15:32:37.940Z] INFO BAR_PUSH object_type=ea object_id=10869460 source_id=Ctrader bar_count=10 symbols=["DE40","ETHUSD","EURAUD","EURCAD"]
[2026-05-27T15:33:09.932Z] INFO BAR_PUSH object_type=ea object_id=10869460 source_id=Ctrader bar_count=10 symbols=["ADAUSD","AUDCAD","AUDCHF","AUDJPY","AUDNZD","AUDUSD","BNBUSD","BTCUSD","CADJPY","DE40"]
[2026-05-27T15:33:41.974Z] INFO BAR_PUSH object_type=ea object_id=10869460 source_id=Ctrader bar_count=10 symbols=["ETHUSD","EURAUD","EURCAD","EURGBP","EURJPY"]
[2026-05-27T15:34:13.930Z] INFO BAR_PUSH object_type=ea object_id=10869460 source_id=Ctrader bar_count=10 symbols=["ADAUSD","AUDCAD","AUDCHF","AUDJPY","AUDNZD","AUDUSD","BNBUSD","BTCUSD","CADJPY","DE40"]
[2026-05-27T15:34:47.904Z] INFO BAR_PUSH object_type=ea object_id=10869460 source_id=Ctrader bar_count=10 symbols=["ETHUSD","EURAUD","EURCAD","EURGBP","EURJPY","EURSGD","EURUSD"]
[2026-05-27T15:35:21.941Z] INFO BAR_PUSH object_type=ea object_id=10869460 source_id=Ctrader bar_count=10 symbols=["ADAUSD","AUDCAD","AUDCHF","AUDJPY","AUDNZD"]
[2026-05-27T15:35:55.907Z] INFO BAR_PUSH object_type=ea object_id=10869460 source_id=Ctrader bar_count=10 symbols=["AUDUSD","BNBUSD","BTCUSD","CADJPY","DE40"]
[2026-05-27T15:36:27.923Z] INFO BAR_PUSH object_type=ea object_id=10869460 source_id=Ctrader bar_count=10 symbols=["ADAUSD","AUDCAD","AUDCHF","AUDJPY","AUDNZD","AUDUSD","BNBUSD","BTCUSD","CADJPY","DE40"]
[2026-05-27T15:36:59.905Z] INFO BAR_PUSH object_type=ea object_id=10869460 source_id=Ctrader bar_count=10 symbols=["ETHUSD","EURAUD","EURCAD","EURGBP","EURJPY"]
[2026-05-27T15:37:32.020Z] INFO BAR_PUSH object_type=ea object_id=10869460 source_id=Ctrader bar_count=10 symbols=["ADAUSD","AUDCAD","AUDCHF","AUDJPY","AUDNZD","AUDUSD","BNBUSD","BTCUSD","CADJPY","DE40"]
[2026-05-27T15:38:03.920Z] INFO BAR_PUSH object_type=ea object_id=10869460 source_id=Ctrader bar_count=10 symbols=["ADAUSD","AUDCAD","AUDCHF","AUDJPY","AUDNZD","AUDUSD","BNBUSD","BTCUSD","CADJPY","DE40"]
[2026-05-27T15:38:37.922Z] INFO BAR_PUSH object_type=ea object_id=10869460 source_id=Ctrader bar_count=10 symbols=["ETHUSD","EURAUD","EURCAD","EURGBP","EURJPY","EURSGD","EURUSD"]
[2026-05-27T15:39:09.925Z] INFO BAR_PUSH object_type=ea object_id=10869460 source_id=Ctrader bar_count=10 symbols=["ADAUSD","AUDCAD","AUDCHF","AUDJPY","AUDNZD","AUDUSD","BNBUSD","BTCUSD","CADJPY","DE40"]
[2026-05-27T15:39:41.934Z] INFO BAR_PUSH object_type=ea object_id=10869460 source_id=Ctrader bar_count=10 symbols=["ETHUSD","EURAUD","EURCAD","EURGBP","EURJPY","EURSGD","EURUSD","GBPAUD"]
[2026-05-27T15:40:13.909Z] INFO BAR_PUSH object_type=ea object_id=10869460 source_id=Ctrader bar_count=10 symbols=["AUDCAD","AUDCHF","AUDJPY","AUDNZD","AUDUSD"]
[2026-05-27T15:40:45.891Z] INFO BAR_PUSH object_type=ea object_id=10869460 source_id=Ctrader bar_count=10 symbols=["ADAUSD","BNBUSD","BTCUSD","CADJPY","DE40"]
[2026-05-27T15:41:19.934Z] INFO BAR_PUSH object_type=ea object_id=10869460 source_id=Ctrader bar_count=10 symbols=["ADAUSD","AUDCAD","AUDCHF","AUDJPY","AUDNZD","AUDUSD","BNBUSD","BTCUSD","CADJPY","DE40"]
[2026-05-27T15:41:51.941Z] INFO BAR_PUSH object_type=ea object_id=10869460 source_id=Ctrader bar_count=10 symbols=["ETHUSD","EURAUD","EURCAD","EURGBP","EURJPY"]
[2026-05-27T15:42:23.954Z] INFO BAR_PUSH object_type=ea object_id=10869460 source_id=Ctrader bar_count=10 symbols=["ADAUSD","AUDCAD","AUDCHF","AUDJPY","AUDNZD","AUDUSD","BNBUSD","BTCUSD","CADJPY","DE40"]
[2026-05-27T15:42:58.085Z] INFO BAR_PUSH object_type=ea object_id=10869460 source_id=Ctrader bar_count=10 symbols=["ETHUSD","EURAUD","EURCAD","EURGBP","EURJPY","EURSGD","EURUSD","GBPAUD"]
[2026-05-27T15:43:29.956Z] INFO BAR_PUSH object_type=ea object_id=10869460 source_id=Ctrader bar_count=10 symbols=["ADAUSD","AUDCAD","AUDCHF","AUDJPY","AUDNZD","AUDUSD","BNBUSD","BTCUSD","CADJPY","DE40"]
[2026-05-27T15:44:01.954Z] INFO BAR_PUSH object_type=ea object_id=10869460 source_id=Ctrader bar_count=10 symbols=["AUDCAD","AUDCHF","AUDJPY","AUDNZD","AUDUSD","BNBUSD","BTCUSD","CADJPY","DE40","ETHUSD"]
[2026-05-27T15:44:33.955Z] INFO BAR_PUSH object_type=ea object_id=10869460 source_id=Ctrader bar_count=10 symbols=["ADAUSD","EURAUD","EURCAD","EURGBP","EURJPY","EURSGD","EURUSD","GBPAUD","GBPCAD"]
[2026-05-27T15:45:05.957Z] INFO BAR_PUSH object_type=ea object_id=10869460 source_id=Ctrader bar_count=10 symbols=["ADAUSD","AUDCAD","AUDCHF","AUDJPY"]
[2026-05-27T15:45:37.931Z] INFO BAR_PUSH object_type=ea object_id=10869460 source_id=Ctrader bar_count=10 symbols=["AUDJPY","AUDNZD","AUDUSD","BNBUSD"]
[2026-05-27T15:46:09.952Z] INFO BAR_PUSH object_type=ea object_id=10869460 source_id=Ctrader bar_count=10 symbols=["AUDCAD","AUDCHF","AUDJPY","AUDNZD","AUDUSD","BNBUSD","BTCUSD"]
[2026-05-27T15:46:41.976Z] INFO BAR_PUSH object_type=ea object_id=10869460 source_id=Ctrader bar_count=10 symbols=["ADAUSD","CADJPY","DE40","ETHUSD"]
[2026-05-27T15:47:13.954Z] INFO BAR_PUSH object_type=ea object_id=10869460 source_id=Ctrader bar_count=10 symbols=["ADAUSD","AUDCAD","AUDCHF","AUDJPY","AUDNZD","AUDUSD","BNBUSD","BTCUSD","CADJPY","DE40"]
[2026-05-27T15:47:45.922Z] INFO BAR_PUSH object_type=ea object_id=10869460 source_id=Ctrader bar_count=10 symbols=["ETHUSD","EURAUD","EURCAD","EURGBP"]
[2026-05-27T15:48:17.962Z] INFO BAR_PUSH object_type=ea object_id=10869460 source_id=Ctrader bar_count=10 symbols=["ADAUSD","AUDCAD","AUDCHF","AUDJPY","AUDNZD","AUDUSD","BNBUSD","BTCUSD","CADJPY","DE40"]
[2026-05-27T15:48:49.951Z] INFO BAR_PUSH object_type=ea object_id=10869460 source_id=Ctrader bar_count=10 symbols=["ETHUSD","EURAUD","EURCAD","EURGBP","EURJPY","EURSGD"]
[2026-05-27T15:49:21.993Z] INFO BAR_PUSH object_type=ea object_id=10869460 source_id=Ctrader bar_count=10 symbols=["ADAUSD","AUDCAD","AUDCHF","AUDJPY","AUDNZD","AUDUSD","BNBUSD","BTCUSD","CADJPY","DE40"]
[2026-05-27T15:49:53.953Z] INFO BAR_PUSH object_type=ea object_id=10869460 source_id=Ctrader bar_count=10 symbols=["ETHUSD","EURAUD","EURCAD","EURGBP","EURJPY","EURSGD","EURUSD","GBPAUD"]
[2026-05-27T15:50:25.955Z] INFO BAR_PUSH object_type=ea object_id=10869460 source_id=Ctrader bar_count=10 symbols=["ADAUSD","AUDCAD","AUDCHF","AUDJPY","AUDNZD"]
[2026-05-27T15:50:57.941Z] INFO BAR_PUSH object_type=ea object_id=10869460 source_id=Ctrader bar_count=10 symbols=["AUDUSD","BNBUSD","BTCUSD","CADJPY","DE40"]
[2026-05-27T15:51:29.973Z] INFO BAR_PUSH object_type=ea object_id=10869460 source_id=Ctrader bar_count=10 symbols=["ADAUSD","AUDCAD","AUDCHF","AUDJPY","AUDNZD","AUDUSD","BNBUSD","BTCUSD","CADJPY","DE40"]
[2026-05-27T15:52:01.954Z] INFO BAR_PUSH object_type=ea object_id=10869460 source_id=Ctrader bar_count=10 symbols=["ADAUSD","AUDCAD","AUDCHF","AUDJPY","AUDNZD","AUDUSD","BNBUSD","BTCUSD","CADJPY","DE40"]
[2026-05-27T15:52:33.958Z] INFO BAR_PUSH object_type=ea object_id=10869460 source_id=Ctrader bar_count=10 symbols=["ETHUSD","EURAUD","EURCAD","EURGBP","EURJPY"]
[2026-05-27T15:53:05.955Z] INFO BAR_PUSH object_type=ea object_id=10869460 source_id=Ctrader bar_count=10 symbols=["AUDCAD","AUDCHF","AUDJPY","AUDNZD","AUDUSD","BNBUSD","BTCUSD","CADJPY","DE40","ETHUSD"]
[2026-05-27T15:53:37.965Z] INFO BAR_PUSH object_type=ea object_id=10869460 source_id=Ctrader bar_count=10 symbols=["EURAUD","EURCAD","EURGBP","EURJPY","EURSGD","EURUSD","GBPAUD"]
[2026-05-27T15:54:09.954Z] INFO BAR_PUSH object_type=ea object_id=10869460 source_id=Ctrader bar_count=10 symbols=["AUDCAD","AUDCHF","AUDJPY","AUDNZD","AUDUSD","BNBUSD","BTCUSD","CADJPY","DE40","ETHUSD"]
[2026-05-27T15:54:42.059Z] INFO BAR_PUSH object_type=ea object_id=10869460 source_id=Ctrader bar_count=10 symbols=["ADAUSD","EURAUD","EURCAD","EURGBP","EURJPY","EURSGD","EURUSD","GBPAUD","GBPCAD"]
[2026-05-27T15:55:13.936Z] INFO BAR_PUSH object_type=ea object_id=10869460 source_id=Ctrader bar_count=10 symbols=["ADAUSD","AUDCAD","AUDCHF","AUDJPY","AUDNZD"]
[2026-05-27T15:55:45.970Z] INFO BAR_PUSH object_type=ea object_id=10869460 source_id=Ctrader bar_count=10 symbols=["AUDUSD","BNBUSD","BTCUSD","CADJPY","DE40"]
[2026-05-27T15:56:17.949Z] INFO BAR_PUSH object_type=ea object_id=10869460 source_id=Ctrader bar_count=10 symbols=["ADAUSD","AUDCAD","AUDCHF","AUDJPY","AUDNZD","AUDUSD","BNBUSD","BTCUSD","CADJPY","DE40"]
[2026-05-27T15:56:49.954Z] INFO BAR_PUSH object_type=ea object_id=10869460 source_id=Ctrader bar_count=10 symbols=["ETHUSD","EURAUD","EURCAD","EURGBP","EURJPY"]
[2026-05-27T15:57:23.956Z] INFO BAR_PUSH object_type=ea object_id=10869460 source_id=Ctrader bar_count=10 symbols=["AUDCAD","AUDCHF","AUDJPY","AUDNZD","AUDUSD","BNBUSD","BTCUSD","CADJPY","DE40","ETHUSD"]
[2026-05-27T15:57:55.940Z] INFO BAR_PUSH object_type=ea object_id=10869460 source_id=Ctrader bar_count=10 symbols=["EURAUD","EURCAD","EURGBP","EURJPY","EURSGD","EURUSD","GBPAUD"]
[2026-05-27T15:58:28.081Z] INFO BAR_PUSH object_type=ea object_id=10869460 source_id=Ctrader bar_count=10 symbols=["AUDCAD","AUDCHF","AUDJPY","AUDNZD","AUDUSD","BNBUSD","BTCUSD","CADJPY","DE40","ETHUSD"]
[2026-05-27T15:59:01.948Z] INFO BAR_PUSH object_type=ea object_id=10869460 source_id=Ctrader bar_count=10 symbols=["ADAUSD","AUDCAD","AUDCHF","AUDJPY","AUDNZD","AUDUSD","BNBUSD","CADJPY","DE40","EURAUD"]
[2026-05-27T15:59:33.992Z] INFO BAR_PUSH object_type=ea object_id=10869460 source_id=Ctrader bar_count=10 symbols=["ADAUSD","BTCUSD","ETHUSD","EURCAD","EURGBP","EURJPY","EURSGD","EURUSD","GBPAUD","GBPCAD"]
[2026-05-27T16:00:05.975Z] INFO BAR_PUSH object_type=ea object_id=10869460 source_id=Ctrader bar_count=10 symbols=["ADAUSD","AUDCAD","AUDCHF"]
[2026-05-27T16:00:37.921Z] INFO BAR_PUSH object_type=ea object_id=10869460 source_id=Ctrader bar_count=10 symbols=["AUDCHF","AUDJPY","AUDNZD"]
[2026-05-27T16:01:09.943Z] INFO BAR_PUSH object_type=ea object_id=10869460 source_id=Ctrader bar_count=10 symbols=["ADAUSD","AUDCAD","AUDCHF","AUDJPY","AUDNZD","AUDUSD","BNBUSD"]
[2026-05-27T16:01:41.944Z] INFO BAR_PUSH object_type=ea object_id=10869460 source_id=Ctrader bar_count=10 symbols=["BNBUSD","BTCUSD","CADJPY"]
[2026-05-27T16:02:15.951Z] INFO BAR_PUSH object_type=ea object_id=10869460 source_id=Ctrader bar_count=10 symbols=["AUDCAD","AUDCHF","AUDJPY","AUDNZD","AUDUSD","BNBUSD","BTCUSD","CADJPY","DE40"]
[2026-05-27T16:02:47.930Z] INFO BAR_PUSH object_type=ea object_id=10869460 source_id=Ctrader bar_count=10 symbols=["ADAUSD","DE40","ETHUSD","EURAUD"]
[2026-05-27T16:03:19.953Z] INFO BAR_PUSH object_type=ea object_id=10869460 source_id=Ctrader bar_count=10 symbols=["ADAUSD","AUDCAD","AUDCHF","AUDJPY","AUDNZD","AUDUSD","BNBUSD","BTCUSD","CADJPY","DE40"]
[2026-05-27T16:03:51.944Z] INFO BAR_PUSH object_type=ea object_id=10869460 source_id=Ctrader bar_count=10 symbols=["ETHUSD","EURAUD","EURCAD","EURGBP"]
[2026-05-27T16:04:23.945Z] INFO BAR_PUSH object_type=ea object_id=10869460 source_id=Ctrader bar_count=10 symbols=["ADAUSD","AUDCAD","AUDCHF","AUDJPY","AUDNZD","AUDUSD","BNBUSD","BTCUSD","CADJPY","DE40"]
[2026-05-27T16:04:55.944Z] INFO BAR_PUSH object_type=ea object_id=10869460 source_id=Ctrader bar_count=10 symbols=["ETHUSD","EURAUD","EURCAD","EURGBP","EURJPY"]
[2026-05-27T16:05:27.949Z] INFO BAR_PUSH object_type=ea object_id=10869460 source_id=Ctrader bar_count=10 symbols=["ADAUSD","AUDCAD","AUDCHF","AUDJPY","AUDNZD"]
[2026-05-27T16:05:59.936Z] INFO BAR_PUSH object_type=ea object_id=10869460 source_id=Ctrader bar_count=10 symbols=["AUDUSD","BNBUSD","BTCUSD","CADJPY","DE40"]
[2026-05-27T16:06:31.953Z] INFO BAR_PUSH object_type=ea object_id=10869460 source_id=Ctrader bar_count=10 symbols=["ADAUSD","AUDCAD","AUDCHF","AUDJPY","AUDNZD","AUDUSD","BNBUSD","BTCUSD","CADJPY","DE40"]
[2026-05-27T16:07:03.966Z] INFO BAR_PUSH object_type=ea object_id=10869460 source_id=Ctrader bar_count=10 symbols=["ADAUSD","AUDCAD","AUDCHF","AUDJPY","AUDNZD","AUDUSD","BNBUSD","BTCUSD","CADJPY","DE40"]
[2026-05-27T16:07:35.936Z] INFO BAR_PUSH object_type=ea object_id=10869460 source_id=Ctrader bar_count=10 symbols=["ETHUSD","EURAUD","EURCAD","EURGBP","EURJPY"]
[2026-05-27T16:08:07.941Z] INFO BAR_PUSH object_type=ea object_id=10869460 source_id=Ctrader bar_count=10 symbols=["ADAUSD","AUDCAD","AUDCHF","AUDJPY","AUDNZD","AUDUSD","BNBUSD","BTCUSD","CADJPY","DE40"]
[2026-05-27T16:08:41.955Z] INFO BAR_PUSH object_type=ea object_id=10869460 source_id=Ctrader bar_count=10 symbols=["ETHUSD","EURAUD","EURCAD","EURGBP","EURJPY","EURSGD","EURUSD"]
[2026-05-27T16:09:15.952Z] INFO BAR_PUSH object_type=ea object_id=10869460 source_id=Ctrader bar_count=10 symbols=["AUDCAD","AUDCHF","AUDJPY","AUDNZD","AUDUSD","BNBUSD","BTCUSD","CADJPY","DE40","ETHUSD"]
[2026-05-27T16:09:47.947Z] INFO BAR_PUSH object_type=ea object_id=10869460 source_id=Ctrader bar_count=10 symbols=["ADAUSD","EURAUD","EURCAD","EURGBP","EURJPY","EURSGD","EURUSD"]
[2026-05-27T16:10:21.934Z] INFO BAR_PUSH object_type=ea object_id=10869460 source_id=Ctrader bar_count=10 symbols=["AUDCAD","AUDCHF","AUDJPY","AUDNZD","AUDUSD"]
[2026-05-27T16:10:55.940Z] INFO BAR_PUSH object_type=ea object_id=10869460 source_id=Ctrader bar_count=10 symbols=["BNBUSD","BTCUSD","CADJPY","DE40","ETHUSD"]
[2026-05-27T16:11:28.000Z] INFO BAR_PUSH object_type=ea object_id=10869460 source_id=Ctrader bar_count=10 symbols=["ADAUSD","AUDCAD","AUDCHF","AUDJPY","AUDNZD","AUDUSD","BNBUSD","BTCUSD","CADJPY"]
[2026-05-27T16:12:01.947Z] INFO BAR_PUSH object_type=ea object_id=10869460 source_id=Ctrader bar_count=10 symbols=["AUDCAD","AUDCHF","AUDJPY","AUDNZD","BNBUSD","BTCUSD","CADJPY","DE40","ETHUSD","EURAUD"]
[2026-05-27T16:12:33.934Z] INFO BAR_PUSH object_type=ea object_id=10869460 source_id=Ctrader bar_count=10 symbols=["ADAUSD","AUDUSD","EURAUD","EURCAD","EURGBP","EURJPY","EURSGD"]
[2026-05-27T16:13:05.997Z] INFO BAR_PUSH object_type=ea object_id=10869460 source_id=Ctrader bar_count=10 symbols=["ADAUSD","AUDCAD","AUDCHF","AUDJPY","AUDNZD","AUDUSD","BNBUSD","BTCUSD","CADJPY","DE40"]
[2026-05-27T16:13:37.942Z] INFO BAR_PUSH object_type=ea object_id=10869460 source_id=Ctrader bar_count=10 symbols=["ETHUSD","EURAUD","EURCAD","EURGBP","EURJPY","EURSGD","EURUSD","GBPAUD"]
[2026-05-27T16:14:09.962Z] INFO BAR_PUSH object_type=ea object_id=10869460 source_id=Ctrader bar_count=10 symbols=["AUDCAD","AUDCHF","AUDJPY","AUDNZD","AUDUSD","BNBUSD","BTCUSD","CADJPY","DE40","ETHUSD"]
[2026-05-27T16:14:41.953Z] INFO BAR_PUSH object_type=ea object_id=10869460 source_id=Ctrader bar_count=10 symbols=["EURAUD","EURCAD","EURGBP","EURJPY","EURSGD","EURUSD","GBPAUD"]
[2026-05-27T16:15:13.942Z] INFO BAR_PUSH object_type=ea object_id=10869460 source_id=Ctrader bar_count=10 symbols=["ADAUSD","AUDCAD","AUDCHF","AUDJPY"]
[2026-05-27T16:15:45.920Z] INFO BAR_PUSH object_type=ea object_id=10869460 source_id=Ctrader bar_count=10 symbols=["AUDJPY","AUDNZD","AUDUSD","BNBUSD"]
[2026-05-27T16:16:17.953Z] INFO BAR_PUSH object_type=ea object_id=10869460 source_id=Ctrader bar_count=10 symbols=["AUDCAD","AUDCHF","AUDJPY","AUDNZD","AUDUSD","BNBUSD","BTCUSD"]
[2026-05-27T16:16:49.934Z] INFO BAR_PUSH object_type=ea object_id=10869460 source_id=Ctrader bar_count=10 symbols=["ADAUSD","CADJPY","DE40","ETHUSD"]
[2026-05-27T16:17:21.979Z] INFO BAR_PUSH object_type=ea object_id=10869460 source_id=Ctrader bar_count=10 symbols=["ADAUSD","AUDCAD","AUDCHF","AUDJPY","AUDNZD","AUDUSD","BNBUSD","BTCUSD","CADJPY","DE40"]
[2026-05-27T16:17:56.044Z] INFO BAR_PUSH object_type=ea object_id=10869460 source_id=Ctrader bar_count=10 symbols=["ETHUSD","EURAUD","EURCAD","EURGBP"]
[2026-05-27T16:18:27.975Z] INFO BAR_PUSH object_type=ea object_id=10869460 source_id=Ctrader bar_count=10 symbols=["AUDCAD","AUDCHF","AUDJPY","AUDNZD","AUDUSD","BNBUSD","BTCUSD","CADJPY","DE40","ETHUSD"]
[2026-05-27T16:18:59.943Z] INFO BAR_PUSH object_type=ea object_id=10869460 source_id=Ctrader bar_count=10 symbols=["ADAUSD","EURAUD","EURCAD","EURGBP","EURJPY","EURSGD"]
[2026-05-27T16:19:33.965Z] INFO BAR_PUSH object_type=ea object_id=10869460 source_id=Ctrader bar_count=10 symbols=["ADAUSD","AUDCAD","AUDCHF","AUDJPY","AUDNZD","AUDUSD","BNBUSD","BTCUSD","CADJPY","DE40"]
[2026-05-27T16:20:05.929Z] INFO BAR_PUSH object_type=ea object_id=10869460 source_id=Ctrader bar_count=10 symbols=["ADAUSD","AUDCAD","AUDCHF","AUDJPY","AUDNZD"]
[2026-05-27T16:20:37.931Z] INFO BAR_PUSH object_type=ea object_id=10869460 source_id=Ctrader bar_count=10 symbols=["AUDUSD","BNBUSD","BTCUSD","CADJPY","DE40"]
[2026-05-27T16:21:09.951Z] INFO BAR_PUSH object_type=ea object_id=10869460 source_id=Ctrader bar_count=10 symbols=["ADAUSD","AUDCAD","AUDCHF","AUDJPY","AUDNZD","AUDUSD","BNBUSD","BTCUSD","CADJPY","DE40"]
[2026-05-27T16:21:41.943Z] INFO BAR_PUSH object_type=ea object_id=10869460 source_id=Ctrader bar_count=10 symbols=["ETHUSD","EURAUD","EURCAD","EURGBP","EURJPY"]
[2026-05-27T16:22:13.945Z] INFO BAR_PUSH object_type=ea object_id=10869460 source_id=Ctrader bar_count=10 symbols=["ADAUSD","AUDCAD","AUDCHF","AUDJPY","AUDNZD","AUDUSD","BNBUSD","BTCUSD","CADJPY","DE40"]
[2026-05-27T16:22:45.923Z] INFO BAR_PUSH object_type=ea object_id=10869460 source_id=Ctrader bar_count=10 symbols=["ETHUSD","EURAUD","EURCAD","EURGBP","EURJPY","EURSGD","EURUSD"]
[2026-05-27T16:23:17.940Z] INFO BAR_PUSH object_type=ea object_id=10869460 source_id=Ctrader bar_count=10 symbols=["AUDCAD","AUDCHF","AUDJPY","AUDNZD","AUDUSD","BNBUSD","BTCUSD","CADJPY","DE40","ETHUSD"]
[2026-05-27T16:23:49.956Z] INFO BAR_PUSH object_type=ea object_id=10869460 source_id=Ctrader bar_count=10 symbols=["EURAUD","EURCAD","EURGBP","EURJPY","EURSGD","EURUSD","GBPAUD","GBPCAD"]
[2026-05-27T16:24:21.936Z] INFO BAR_PUSH object_type=ea object_id=10869460 source_id=Ctrader bar_count=10 symbols=["ADAUSD","AUDCAD","AUDCHF","AUDJPY","AUDNZD","AUDUSD","BNBUSD","BTCUSD","CADJPY","DE40"]
[2026-05-27T16:24:53.939Z] INFO BAR_PUSH object_type=ea object_id=10869460 source_id=Ctrader bar_count=10 symbols=["ADAUSD","ETHUSD","EURAUD","EURCAD","EURGBP","EURJPY","EURSGD","EURUSD","GBPAUD","GBPCAD"]
[2026-05-27T16:25:27.951Z] INFO BAR_PUSH object_type=ea object_id=10869460 source_id=Ctrader bar_count=10 symbols=["ADAUSD","AUDCAD","AUDCHF","AUDJPY","AUDNZD"]
[2026-05-27T16:25:59.925Z] INFO BAR_PUSH object_type=ea object_id=10869460 source_id=Ctrader bar_count=10 symbols=["AUDUSD","BNBUSD","BTCUSD","CADJPY","DE40"]
[2026-05-27T16:26:33.940Z] INFO BAR_PUSH object_type=ea object_id=10869460 source_id=Ctrader bar_count=10 symbols=["ADAUSD","AUDCAD","AUDCHF","AUDJPY","AUDNZD","AUDUSD","BNBUSD","BTCUSD","CADJPY","DE40"]
[2026-05-27T16:27:05.994Z] INFO BAR_PUSH object_type=ea object_id=10869460 source_id=Ctrader bar_count=10 symbols=["AUDCAD","AUDCHF","AUDJPY","AUDNZD","AUDUSD","BNBUSD","BTCUSD","CADJPY","DE40","ETHUSD"]
[2026-05-27T16:27:37.924Z] INFO BAR_PUSH object_type=ea object_id=10869460 source_id=Ctrader bar_count=10 symbols=["ADAUSD","ETHUSD","EURAUD","EURCAD","EURGBP","EURJPY"]
[2026-05-27T16:28:09.990Z] INFO BAR_PUSH object_type=ea object_id=10869460 source_id=Ctrader bar_count=10 symbols=["ADAUSD","AUDCAD","AUDCHF","AUDJPY","AUDNZD","AUDUSD","BNBUSD","BTCUSD","CADJPY","DE40"]
[2026-05-27T16:28:41.944Z] INFO BAR_PUSH object_type=ea object_id=10869460 source_id=Ctrader bar_count=10 symbols=["ETHUSD","EURAUD","EURCAD","EURGBP","EURJPY","EURSGD","EURUSD","GBPAUD"]
[2026-05-27T16:29:15.945Z] INFO BAR_PUSH object_type=ea object_id=10869460 source_id=Ctrader bar_count=10 symbols=["AUDCAD","AUDCHF","AUDJPY","AUDNZD","AUDUSD","BNBUSD","BTCUSD","CADJPY","DE40","ETHUSD"]
[2026-05-27T16:29:47.944Z] INFO BAR_PUSH object_type=ea object_id=10869460 source_id=Ctrader bar_count=10 symbols=["EURAUD","EURCAD","EURGBP","EURJPY","EURSGD","EURUSD","GBPAUD","GBPCAD"]
[2026-05-27T16:30:21.928Z] INFO BAR_PUSH object_type=ea object_id=10869460 source_id=Ctrader bar_count=10 symbols=["ADAUSD","AUDCAD","AUDCHF","AUDJPY"]
[2026-05-27T16:30:53.903Z] INFO BAR_PUSH object_type=ea object_id=10869460 source_id=Ctrader bar_count=10 symbols=["AUDJPY","AUDNZD","AUDUSD","BNBUSD"]
[2026-05-27T16:31:25.931Z] INFO BAR_PUSH object_type=ea object_id=10869460 source_id=Ctrader bar_count=10 symbols=["ADAUSD","AUDCAD","AUDCHF","AUDJPY","AUDNZD","AUDUSD","BNBUSD","BTCUSD"]
[2026-05-27T16:31:57.915Z] INFO BAR_PUSH object_type=ea object_id=10869460 source_id=Ctrader bar_count=10 symbols=["BTCUSD","CADJPY","DE40","ETHUSD"]
[2026-05-27T16:32:29.959Z] INFO BAR_PUSH object_type=ea object_id=10869460 source_id=Ctrader bar_count=10 symbols=["ADAUSD","AUDCAD","AUDCHF","AUDJPY","AUDNZD","AUDUSD","BNBUSD","BTCUSD","CADJPY","DE40"]
[2026-05-27T16:33:01.943Z] INFO BAR_PUSH object_type=ea object_id=10869460 source_id=Ctrader bar_count=10 symbols=["AUDCAD","AUDCHF","AUDJPY","AUDNZD","AUDUSD","BNBUSD","BTCUSD","CADJPY","DE40","ETHUSD"]
[2026-05-27T16:33:33.926Z] INFO BAR_PUSH object_type=ea object_id=10869460 source_id=Ctrader bar_count=10 symbols=["ADAUSD","EURAUD","EURCAD","EURGBP"]
[2026-05-27T16:34:05.943Z] INFO BAR_PUSH object_type=ea object_id=10869460 source_id=Ctrader bar_count=10 symbols=["ADAUSD","AUDCAD","AUDCHF","AUDJPY","AUDNZD","AUDUSD","BNBUSD","BTCUSD","CADJPY","DE40"]
[2026-05-27T16:34:37.931Z] INFO BAR_PUSH object_type=ea object_id=10869460 source_id=Ctrader bar_count=10 symbols=["ETHUSD","EURAUD","EURCAD","EURGBP","EURJPY","EURSGD"]
[2026-05-27T16:35:11.938Z] INFO BAR_PUSH object_type=ea object_id=10869460 source_id=Ctrader bar_count=10 symbols=["AUDCAD","AUDCHF","AUDJPY","AUDNZD","AUDUSD"]
[2026-05-27T16:35:43.922Z] INFO BAR_PUSH object_type=ea object_id=10869460 source_id=Ctrader bar_count=10 symbols=["ADAUSD","BNBUSD","BTCUSD","CADJPY","DE40"]
[2026-05-27T16:36:15.942Z] INFO BAR_PUSH object_type=ea object_id=10869460 source_id=Ctrader bar_count=10 symbols=["ADAUSD","AUDCAD","AUDCHF","AUDJPY","AUDNZD","AUDUSD","BNBUSD","BTCUSD","CADJPY","DE40"]
[2026-05-27T16:36:47.927Z] INFO BAR_PUSH object_type=ea object_id=10869460 source_id=Ctrader bar_count=10 symbols=["ETHUSD","EURAUD","EURCAD","EURGBP","EURJPY"]
[2026-05-27T16:37:21.935Z] INFO BAR_PUSH object_type=ea object_id=10869460 source_id=Ctrader bar_count=10 symbols=["ADAUSD","AUDCAD","AUDCHF","AUDJPY","AUDNZD","AUDUSD","BNBUSD","BTCUSD","CADJPY","DE40"]
[2026-05-27T16:37:53.936Z] INFO BAR_PUSH object_type=ea object_id=10869460 source_id=Ctrader bar_count=10 symbols=["ETHUSD","EURAUD","EURCAD","EURGBP","EURJPY","EURSGD","EURUSD"]
[2026-05-27T16:38:25.932Z] INFO BAR_PUSH object_type=ea object_id=10869460 source_id=Ctrader bar_count=10 symbols=["AUDCAD","AUDCHF","AUDJPY","AUDNZD","AUDUSD","BNBUSD","BTCUSD","CADJPY","DE40","ETHUSD"]
[2026-05-27T16:38:57.931Z] INFO BAR_PUSH object_type=ea object_id=10869460 source_id=Ctrader bar_count=10 symbols=["ADAUSD","EURAUD","EURCAD","EURGBP","EURJPY","EURSGD","EURUSD","GBPAUD"]
[2026-05-27T16:39:29.938Z] INFO BAR_PUSH object_type=ea object_id=10869460 source_id=Ctrader bar_count=10 symbols=["AUDCAD","AUDCHF","AUDJPY","AUDNZD","AUDUSD","BNBUSD","BTCUSD","CADJPY","DE40","ETHUSD"]
[2026-05-27T16:40:01.924Z] INFO BAR_PUSH object_type=ea object_id=10869460 source_id=Ctrader bar_count=10 symbols=["ADAUSD","AUDCAD","AUDCHF","AUDJPY","AUDUSD","BNBUSD"]
[2026-05-27T16:40:35.936Z] INFO BAR_PUSH object_type=ea object_id=10869460 source_id=Ctrader bar_count=10 symbols=["ADAUSD","AUDNZD","BNBUSD","BTCUSD","CADJPY","DE40"]
[2026-05-27T16:41:07.995Z] INFO BAR_PUSH object_type=ea object_id=10869460 source_id=Ctrader bar_count=10 symbols=["ADAUSD","AUDCAD","AUDCHF","AUDJPY","AUDNZD","AUDUSD","BNBUSD","BTCUSD","CADJPY","DE40"]
[2026-05-27T16:41:39.929Z] INFO BAR_PUSH object_type=ea object_id=10869460 source_id=Ctrader bar_count=10 symbols=["DE40","ETHUSD","EURAUD","EURCAD","EURGBP","EURJPY"]
[2026-05-27T16:42:11.958Z] INFO BAR_PUSH object_type=ea object_id=10869460 source_id=Ctrader bar_count=10 symbols=["AUDCAD","AUDCHF","AUDJPY","AUDNZD","AUDUSD","BNBUSD","BTCUSD","CADJPY","DE40","ETHUSD"]
[2026-05-27T16:42:45.930Z] INFO BAR_PUSH object_type=ea object_id=10869460 source_id=Ctrader bar_count=10 symbols=["ADAUSD","EURAUD","EURCAD","EURGBP","EURJPY","EURSGD","EURUSD"]
[2026-05-27T16:43:17.948Z] INFO BAR_PUSH object_type=ea object_id=10869460 source_id=Ctrader bar_count=10 symbols=["ADAUSD","AUDCAD","AUDCHF","AUDJPY","AUDNZD","AUDUSD","BNBUSD","BTCUSD","CADJPY","DE40"]
[2026-05-27T16:43:49.943Z] INFO BAR_PUSH object_type=ea object_id=10869460 source_id=Ctrader bar_count=10 symbols=["ETHUSD","EURAUD","EURCAD","EURGBP","EURJPY","EURSGD","EURUSD","GBPAUD","GBPCAD"]
[2026-05-27T16:44:21.969Z] INFO BAR_PUSH object_type=ea object_id=10869460 source_id=Ctrader bar_count=10 symbols=["AUDCAD","AUDCHF","AUDJPY","AUDNZD","AUDUSD","BNBUSD","BTCUSD","CADJPY","DE40","ETHUSD"]
[2026-05-27T16:44:53.981Z] INFO BAR_PUSH object_type=ea object_id=10869460 source_id=Ctrader bar_count=10 symbols=["EURAUD","EURCAD","EURGBP","EURJPY","EURSGD","EURUSD","GBPAUD","GBPCAD"]
[2026-05-27T16:45:25.966Z] INFO BAR_PUSH object_type=ea object_id=10869460 source_id=Ctrader bar_count=10 symbols=["ADAUSD","AUDCAD","AUDCHF","AUDJPY"]
[2026-05-27T16:45:57.918Z] INFO BAR_PUSH object_type=ea object_id=10869460 source_id=Ctrader bar_count=10 symbols=["AUDJPY","AUDNZD","AUDUSD","BNBUSD"]
[2026-05-27T16:46:29.922Z] INFO BAR_PUSH object_type=ea object_id=10869460 source_id=Ctrader bar_count=10 symbols=["ADAUSD","AUDCAD","AUDCHF","AUDJPY","AUDNZD","AUDUSD","BNBUSD","BTCUSD"]
[2026-05-27T16:47:01.941Z] INFO BAR_PUSH object_type=ea object_id=10869460 source_id=Ctrader bar_count=10 symbols=["AUDCAD","AUDCHF","AUDJPY","AUDNZD","AUDUSD","BNBUSD","BTCUSD","CADJPY"]
[2026-05-27T16:47:33.923Z] INFO BAR_PUSH object_type=ea object_id=10869460 source_id=Ctrader bar_count=10 symbols=["ADAUSD","CADJPY","DE40","ETHUSD","EURAUD"]
[2026-05-27T16:48:05.948Z] INFO BAR_PUSH object_type=ea object_id=10869460 source_id=Ctrader bar_count=10 symbols=["AUDCAD","AUDCHF","AUDJPY","AUDNZD","AUDUSD","BNBUSD","BTCUSD","CADJPY","DE40","ETHUSD"]
[2026-05-27T16:48:37.936Z] INFO BAR_PUSH object_type=ea object_id=10869460 source_id=Ctrader bar_count=10 symbols=["EURAUD","EURCAD","EURGBP","EURJPY"]
[2026-05-27T16:49:09.931Z] INFO BAR_PUSH object_type=ea object_id=10869460 source_id=Ctrader bar_count=10 symbols=["ADAUSD","AUDCAD","AUDCHF","AUDJPY","AUDNZD","AUDUSD","BNBUSD","BTCUSD","CADJPY","DE40"]
[2026-05-27T16:49:41.936Z] INFO BAR_PUSH object_type=ea object_id=10869460 source_id=Ctrader bar_count=10 symbols=["ETHUSD","EURAUD","EURCAD","EURGBP","EURJPY","EURSGD","EURUSD"]
[2026-05-27T16:50:13.920Z] INFO BAR_PUSH object_type=ea object_id=10869460 source_id=Ctrader bar_count=10 symbols=["AUDCAD","AUDCHF","AUDJPY","AUDNZD","AUDUSD"]
[2026-05-27T16:50:45.896Z] INFO BAR_PUSH object_type=ea object_id=10869460 source_id=Ctrader bar_count=10 symbols=["ADAUSD","BNBUSD","BTCUSD","CADJPY","DE40"]
[2026-05-27T16:51:19.938Z] INFO BAR_PUSH object_type=ea object_id=10869460 source_id=Ctrader bar_count=10 symbols=["AUDCAD","AUDCHF","AUDJPY","AUDNZD","AUDUSD","BNBUSD","BTCUSD","CADJPY","DE40","ETHUSD"]
[2026-05-27T16:51:51.912Z] INFO BAR_PUSH object_type=ea object_id=10869460 source_id=Ctrader bar_count=10 symbols=["ADAUSD","ETHUSD","EURAUD","EURCAD","EURGBP","EURJPY"]
[2026-05-27T16:52:23.966Z] INFO BAR_PUSH object_type=ea object_id=10869460 source_id=Ctrader bar_count=10 symbols=["ADAUSD","AUDCAD","AUDCHF","AUDJPY","AUDNZD","AUDUSD","BNBUSD","BTCUSD","CADJPY","DE40"]
[2026-05-27T16:52:55.915Z] INFO BAR_PUSH object_type=ea object_id=10869460 source_id=Ctrader bar_count=10 symbols=["ETHUSD","EURAUD","EURCAD","EURGBP","EURJPY","EURSGD","EURUSD"]
[2026-05-27T16:53:27.926Z] INFO BAR_PUSH object_type=ea object_id=10869460 source_id=Ctrader bar_count=10 symbols=["ADAUSD","AUDCAD","AUDCHF","AUDJPY","AUDNZD","AUDUSD","BNBUSD","BTCUSD","CADJPY","DE40"]
[2026-05-27T16:53:59.955Z] INFO BAR_PUSH object_type=ea object_id=10869460 source_id=Ctrader bar_count=10 symbols=["ETHUSD","EURAUD","EURCAD","EURGBP","EURJPY","EURSGD","EURUSD","GBPAUD"]
[2026-05-27T16:54:31.926Z] INFO BAR_PUSH object_type=ea object_id=10869460 source_id=Ctrader bar_count=10 symbols=["ADAUSD","AUDCAD","AUDCHF","AUDJPY","AUDNZD","AUDUSD","BNBUSD","BTCUSD","CADJPY","DE40"]
[2026-05-27T16:55:03.908Z] INFO BAR_PUSH object_type=ea object_id=10869460 source_id=Ctrader bar_count=10 symbols=["AUDCAD","AUDCHF","AUDJPY","AUDNZD","AUDUSD"]
[2026-05-27T16:55:35.917Z] INFO BAR_PUSH object_type=ea object_id=10869460 source_id=Ctrader bar_count=10 symbols=["ADAUSD","BNBUSD","BTCUSD","CADJPY","DE40"]
[2026-05-27T16:56:09.931Z] INFO BAR_PUSH object_type=ea object_id=10869460 source_id=Ctrader bar_count=10 symbols=["AUDCAD","AUDCHF","AUDJPY","AUDNZD","AUDUSD","BNBUSD","BTCUSD","CADJPY","DE40","ETHUSD"]
[2026-05-27T16:56:41.919Z] INFO BAR_PUSH object_type=ea object_id=10869460 source_id=Ctrader bar_count=10 symbols=["ADAUSD","ETHUSD","EURAUD","EURCAD","EURGBP","EURJPY"]
[2026-05-27T16:57:13.931Z] INFO BAR_PUSH object_type=ea object_id=10869460 source_id=Ctrader bar_count=10 symbols=["ADAUSD","AUDCAD","AUDCHF","AUDJPY","AUDNZD","AUDUSD","BNBUSD","BTCUSD","CADJPY","DE40"]
[2026-05-27T16:57:45.917Z] INFO BAR_PUSH object_type=ea object_id=10869460 source_id=Ctrader bar_count=10 symbols=["ETHUSD","EURAUD","EURCAD","EURGBP","EURJPY","EURSGD","EURUSD","GBPAUD"]
[2026-05-27T16:58:19.946Z] INFO BAR_PUSH object_type=ea object_id=10869460 source_id=Ctrader bar_count=10 symbols=["ADAUSD","AUDCAD","AUDCHF","AUDJPY","AUDNZD","AUDUSD","BNBUSD","BTCUSD","CADJPY","DE40"]
[2026-05-27T16:58:51.953Z] INFO BAR_PUSH object_type=ea object_id=10869460 source_id=Ctrader bar_count=10 symbols=["ETHUSD","EURAUD","EURCAD","EURGBP","EURJPY","EURSGD","EURUSD","GBPAUD","GBPCAD"]
[2026-05-27T16:59:23.936Z] INFO BAR_PUSH object_type=ea object_id=10869460 source_id=Ctrader bar_count=10 symbols=["ADAUSD","AUDCAD","AUDCHF","AUDJPY","AUDNZD","AUDUSD","BNBUSD","BTCUSD","CADJPY","DE40"]
[2026-05-27T16:59:57.957Z] INFO BAR_PUSH object_type=ea object_id=10869460 source_id=Ctrader bar_count=10 symbols=["ETHUSD","EURAUD","EURCAD","EURGBP","EURJPY","EURSGD","EURUSD","GBPAUD","GBPCAD"]
[2026-05-27T17:00:32.125Z] INFO BAR_PUSH object_type=ea object_id=10869460 source_id=Ctrader bar_count=10 symbols=["AUDCAD","AUDCHF"]
[2026-05-27T17:01:03.919Z] INFO BAR_PUSH object_type=ea object_id=10869460 source_id=Ctrader bar_count=10 symbols=["ADAUSD","AUDCAD","AUDCHF","AUDJPY"]
[2026-05-27T17:01:35.917Z] INFO BAR_PUSH object_type=ea object_id=10869460 source_id=Ctrader bar_count=10 symbols=["AUDJPY","AUDNZD","AUDUSD"]
[2026-05-27T17:02:07.971Z] INFO BAR_PUSH object_type=ea object_id=10869460 source_id=Ctrader bar_count=10 symbols=["ADAUSD","AUDCAD","AUDCHF","AUDJPY","AUDNZD","AUDUSD","BNBUSD"]
[2026-05-27T17:02:39.925Z] INFO BAR_PUSH object_type=ea object_id=10869460 source_id=Ctrader bar_count=10 symbols=["BNBUSD","BTCUSD","CADJPY"]
[2026-05-27T17:03:13.945Z] INFO BAR_PUSH object_type=ea object_id=10869460 source_id=Ctrader bar_count=10 symbols=["ADAUSD","AUDCAD","AUDCHF","AUDJPY","AUDNZD","AUDUSD","BNBUSD","BTCUSD","CADJPY"]
[2026-05-27T17:03:47.906Z] INFO BAR_PUSH object_type=ea object_id=10869460 source_id=Ctrader bar_count=10 symbols=["CADJPY","DE40","ETHUSD"]
[2026-05-27T17:04:19.961Z] INFO BAR_PUSH object_type=ea object_id=10869460 source_id=Ctrader bar_count=10 symbols=["ADAUSD","AUDCAD","AUDCHF","AUDJPY","AUDNZD","AUDUSD","BNBUSD","BTCUSD","CADJPY","DE40"]
[2026-05-27T17:04:51.921Z] INFO BAR_PUSH object_type=ea object_id=10869460 source_id=Ctrader bar_count=10 symbols=["ETHUSD","EURAUD","EURCAD"]
[2026-05-27T17:05:23.926Z] INFO BAR_PUSH object_type=ea object_id=10869460 source_id=Ctrader bar_count=10 symbols=["ADAUSD","AUDCAD","AUDCHF","AUDJPY","AUDNZD"]
[2026-05-27T17:05:57.982Z] INFO BAR_PUSH object_type=ea object_id=10869460 source_id=Ctrader bar_count=10 symbols=["AUDUSD","BNBUSD","BTCUSD","CADJPY","DE40"]
[2026-05-27T17:06:31.932Z] INFO BAR_PUSH object_type=ea object_id=10869460 source_id=Ctrader bar_count=10 symbols=["ADAUSD","AUDCAD","AUDCHF","AUDJPY","AUDNZD","AUDUSD","BNBUSD","BTCUSD","CADJPY","DE40"]
[2026-05-27T17:07:03.946Z] INFO BAR_PUSH object_type=ea object_id=10869460 source_id=Ctrader bar_count=10 symbols=["ADAUSD","AUDCAD","AUDCHF","AUDJPY","AUDNZD","AUDUSD","BNBUSD","BTCUSD","CADJPY","DE40"]
[2026-05-27T17:07:35.925Z] INFO BAR_PUSH object_type=ea object_id=10869460 source_id=Ctrader bar_count=10 symbols=["ETHUSD","EURAUD","EURCAD","EURGBP"]
[2026-05-27T17:08:07.945Z] INFO BAR_PUSH object_type=ea object_id=10869460 source_id=Ctrader bar_count=10 symbols=["ADAUSD","AUDCAD","AUDCHF","AUDJPY","AUDNZD","AUDUSD","BNBUSD","BTCUSD","CADJPY","DE40"]
[2026-05-27T17:08:39.926Z] INFO BAR_PUSH object_type=ea object_id=10869460 source_id=Ctrader bar_count=10 symbols=["ETHUSD","EURAUD","EURCAD","EURGBP","EURJPY"]
[2026-05-27T17:09:13.946Z] INFO BAR_PUSH object_type=ea object_id=10869460 source_id=Ctrader bar_count=10 symbols=["ADAUSD","AUDCAD","AUDCHF","AUDJPY","AUDNZD","AUDUSD","BNBUSD","BTCUSD","CADJPY","DE40"]
[2026-05-27T17:09:45.938Z] INFO BAR_PUSH object_type=ea object_id=10869460 source_id=Ctrader bar_count=10 symbols=["ETHUSD","EURAUD","EURCAD","EURGBP","EURJPY","EURSGD"]
[2026-05-27T17:10:17.934Z] INFO BAR_PUSH object_type=ea object_id=10869460 source_id=Ctrader bar_count=10 symbols=["ADAUSD","AUDCAD","AUDCHF","AUDJPY","AUDNZD"]
[2026-05-27T17:10:49.944Z] INFO BAR_PUSH object_type=ea object_id=10869460 source_id=Ctrader bar_count=10 symbols=["AUDUSD","BNBUSD","BTCUSD","CADJPY","DE40"]
[2026-05-27T17:11:23.932Z] INFO BAR_PUSH object_type=ea object_id=10869460 source_id=Ctrader bar_count=10 symbols=["AUDCAD","AUDCHF","AUDJPY","AUDNZD","AUDUSD","BNBUSD","BTCUSD","CADJPY","DE40","ETHUSD"]
[2026-05-27T17:11:55.961Z] INFO BAR_PUSH object_type=ea object_id=10869460 source_id=Ctrader bar_count=10 symbols=["ADAUSD","ETHUSD","EURAUD","EURCAD","EURGBP","EURJPY"]
[2026-05-27T17:12:27.944Z] INFO BAR_PUSH object_type=ea object_id=10869460 source_id=Ctrader bar_count=10 symbols=["ADAUSD","AUDCAD","AUDCHF","AUDJPY","AUDNZD","AUDUSD","BNBUSD","BTCUSD","CADJPY","DE40"]
[2026-05-27T17:12:59.934Z] INFO BAR_PUSH object_type=ea object_id=10869460 source_id=Ctrader bar_count=10 symbols=["ETHUSD","EURAUD","EURCAD","EURGBP","EURJPY","EURSGD"]
[2026-05-27T17:13:31.941Z] INFO BAR_PUSH object_type=ea object_id=10869460 source_id=Ctrader bar_count=10 symbols=["ADAUSD","AUDCAD","AUDCHF","AUDJPY","AUDNZD","AUDUSD","BNBUSD","BTCUSD","CADJPY","DE40"]
[2026-05-27T17:14:03.947Z] INFO BAR_PUSH object_type=ea object_id=10869460 source_id=Ctrader bar_count=10 symbols=["AUDCAD","AUDCHF","AUDJPY","AUDNZD","AUDUSD","BNBUSD","BTCUSD","CADJPY","DE40","ETHUSD"]
[2026-05-27T17:14:35.931Z] INFO BAR_PUSH object_type=ea object_id=10869460 source_id=Ctrader bar_count=10 symbols=["ADAUSD","EURAUD","EURCAD","EURGBP","EURJPY","EURSGD","EURUSD"]
[2026-05-27T17:15:07.918Z] INFO BAR_PUSH object_type=ea object_id=10869460 source_id=Ctrader bar_count=10 symbols=["AUDCAD","AUDCHF","AUDJPY","AUDNZD"]
[2026-05-27T17:15:39.938Z] INFO BAR_PUSH object_type=ea object_id=10869460 source_id=Ctrader bar_count=10 symbols=["ADAUSD","AUDNZD","AUDUSD","BNBUSD"]
[2026-05-27T17:16:11.939Z] INFO BAR_PUSH object_type=ea object_id=10869460 source_id=Ctrader bar_count=10 symbols=["ADAUSD","AUDCAD","AUDCHF","AUDJPY","AUDNZD","AUDUSD","BNBUSD","BTCUSD"]
[2026-05-27T17:16:43.932Z] INFO BAR_PUSH object_type=ea object_id=10869460 source_id=Ctrader bar_count=10 symbols=["BTCUSD","CADJPY","DE40","ETHUSD"]
[2026-05-27T17:17:15.943Z] INFO BAR_PUSH object_type=ea object_id=10869460 source_id=Ctrader bar_count=10 symbols=["AUDCAD","AUDCHF","AUDJPY","AUDNZD","AUDUSD","BNBUSD","BTCUSD","CADJPY","DE40","ETHUSD"]
[2026-05-27T17:17:47.919Z] INFO BAR_PUSH object_type=ea object_id=10869460 source_id=Ctrader bar_count=10 symbols=["ADAUSD","EURAUD","EURCAD","EURGBP"]
[2026-05-27T17:18:19.938Z] INFO BAR_PUSH object_type=ea object_id=10869460 source_id=Ctrader bar_count=10 symbols=["ADAUSD","AUDCAD","AUDCHF","AUDJPY","AUDNZD","AUDUSD","BNBUSD","BTCUSD","CADJPY","DE40"]
[2026-05-27T17:18:53.930Z] INFO BAR_PUSH object_type=ea object_id=10869460 source_id=Ctrader bar_count=10 symbols=["ETHUSD","EURAUD","EURCAD","EURGBP","EURJPY","EURSGD"]
[2026-05-27T17:19:25.970Z] INFO BAR_PUSH object_type=ea object_id=10869460 source_id=Ctrader bar_count=10 symbols=["ADAUSD","AUDCAD","AUDCHF","AUDJPY","AUDNZD","AUDUSD","BNBUSD","BTCUSD","CADJPY","DE40"]
[2026-05-27T17:19:57.946Z] INFO BAR_PUSH object_type=ea object_id=10869460 source_id=Ctrader bar_count=10 symbols=["ETHUSD","EURAUD","EURCAD","EURGBP","EURJPY","EURSGD","EURUSD"]
[2026-05-27T17:20:29.925Z] INFO BAR_PUSH object_type=ea object_id=10869460 source_id=Ctrader bar_count=10 symbols=["ADAUSD","AUDCAD","AUDCHF","AUDJPY","AUDNZD"]
[2026-05-27T17:21:01.971Z] INFO BAR_PUSH object_type=ea object_id=10869460 source_id=Ctrader bar_count=10 symbols=["AUDCAD","AUDCHF","AUDJPY","AUDNZD","AUDUSD","BNBUSD","BTCUSD"]
[2026-05-27T17:21:33.982Z] INFO BAR_PUSH object_type=ea object_id=10869460 source_id=Ctrader bar_count=10 symbols=["ADAUSD","CADJPY","DE40","ETHUSD","EURAUD","EURCAD"]
[2026-05-27T17:22:05.941Z] INFO BAR_PUSH object_type=ea object_id=10869460 source_id=Ctrader bar_count=10 symbols=["ADAUSD","AUDCAD","AUDCHF","AUDJPY","AUDNZD","AUDUSD","BNBUSD","BTCUSD","CADJPY","DE40"]
[2026-05-27T17:22:37.929Z] INFO BAR_PUSH object_type=ea object_id=10869460 source_id=Ctrader bar_count=10 symbols=["ETHUSD","EURAUD","EURCAD","EURGBP","EURJPY","EURSGD"]
[2026-05-27T17:23:09.942Z] INFO BAR_PUSH object_type=ea object_id=10869460 source_id=Ctrader bar_count=10 symbols=["AUDCAD","AUDCHF","AUDJPY","AUDNZD","AUDUSD","BNBUSD","BTCUSD","CADJPY","DE40","ETHUSD"]
[2026-05-27T17:23:44.028Z] INFO BAR_PUSH object_type=ea object_id=10869460 source_id=Ctrader bar_count=10 symbols=["ADAUSD","EURAUD","EURCAD","EURGBP","EURJPY","EURSGD","EURUSD","GBPAUD"]
[2026-05-27T17:24:15.945Z] INFO BAR_PUSH object_type=ea object_id=10869460 source_id=Ctrader bar_count=10 symbols=["ADAUSD","AUDCAD","AUDCHF","AUDJPY","AUDNZD","AUDUSD","BNBUSD","BTCUSD","CADJPY","DE40"]
[2026-05-27T17:24:48.051Z] INFO BAR_PUSH object_type=ea object_id=10869460 source_id=Ctrader bar_count=10 symbols=["ETHUSD","EURAUD","EURCAD","EURGBP","EURJPY","EURSGD","EURUSD","GBPAUD"]
[2026-05-27T17:25:19.927Z] INFO BAR_PUSH object_type=ea object_id=10869460 source_id=Ctrader bar_count=10 symbols=["AUDCAD","AUDCHF","AUDJPY","AUDNZD","AUDUSD"]
[2026-05-27T17:25:51.920Z] INFO BAR_PUSH object_type=ea object_id=10869460 source_id=Ctrader bar_count=10 symbols=["ADAUSD","BNBUSD","BTCUSD","CADJPY","DE40"]
[2026-05-27T17:26:23.964Z] INFO BAR_PUSH object_type=ea object_id=10869460 source_id=Ctrader bar_count=10 symbols=["ADAUSD","AUDCAD","AUDCHF","AUDJPY","AUDNZD","AUDUSD","BNBUSD","BTCUSD","CADJPY","DE40"]
[2026-05-27T17:26:55.933Z] INFO BAR_PUSH object_type=ea object_id=10869460 source_id=Ctrader bar_count=10 symbols=["ETHUSD","EURAUD","EURCAD","EURGBP","EURJPY"]
[2026-05-27T17:27:27.938Z] INFO BAR_PUSH object_type=ea object_id=10869460 source_id=Ctrader bar_count=10 symbols=["ADAUSD","AUDCAD","AUDCHF","AUDJPY","AUDNZD","AUDUSD","BNBUSD","BTCUSD","CADJPY","DE40"]
[2026-05-27T17:27:59.939Z] INFO BAR_PUSH object_type=ea object_id=10869460 source_id=Ctrader bar_count=10 symbols=["ETHUSD","EURAUD","EURCAD","EURGBP","EURJPY","EURSGD","EURUSD","GBPAUD"]
[2026-05-27T17:28:31.935Z] INFO BAR_PUSH object_type=ea object_id=10869460 source_id=Ctrader bar_count=10 symbols=["ADAUSD","AUDCAD","AUDCHF","AUDJPY","AUDNZD","AUDUSD","BNBUSD","BTCUSD","CADJPY","DE40"]
[2026-05-27T17:29:03.964Z] INFO BAR_PUSH object_type=ea object_id=10869460 source_id=Ctrader bar_count=10 symbols=["AUDCAD","AUDCHF","AUDJPY","AUDNZD","AUDUSD","BNBUSD","BTCUSD","CADJPY","DE40","ETHUSD"]
[2026-05-27T17:29:37.935Z] INFO BAR_PUSH object_type=ea object_id=10869460 source_id=Ctrader bar_count=10 symbols=["ADAUSD","EURAUD","EURCAD","EURGBP","EURJPY","EURSGD","EURUSD","GBPAUD"]
[2026-05-27T17:30:09.960Z] INFO BAR_PUSH object_type=ea object_id=10869460 source_id=Ctrader bar_count=10 symbols=["ADAUSD","AUDCAD","AUDCHF","AUDJPY"]
[2026-05-27T17:30:41.930Z] INFO BAR_PUSH object_type=ea object_id=10869460 source_id=Ctrader bar_count=10 symbols=["AUDJPY","AUDNZD","AUDUSD","BNBUSD"]
[2026-05-27T17:31:13.925Z] INFO BAR_PUSH object_type=ea object_id=10869460 source_id=Ctrader bar_count=10 symbols=["ADAUSD","AUDCAD","AUDCHF","AUDJPY","AUDNZD","AUDUSD","BNBUSD","BTCUSD"]
[2026-05-27T17:31:45.916Z] INFO BAR_PUSH object_type=ea object_id=10869460 source_id=Ctrader bar_count=10 symbols=["BTCUSD","CADJPY","DE40","ETHUSD"]
[2026-05-27T17:32:17.947Z] INFO BAR_PUSH object_type=ea object_id=10869460 source_id=Ctrader bar_count=10 symbols=["ADAUSD","AUDCAD","AUDCHF","AUDJPY","AUDNZD","AUDUSD","BNBUSD","BTCUSD","CADJPY","DE40"]
[2026-05-27T17:32:49.969Z] INFO BAR_PUSH object_type=ea object_id=10869460 source_id=Ctrader bar_count=10 symbols=["ETHUSD","EURAUD","EURCAD","EURGBP"]
[2026-05-27T17:33:21.941Z] INFO BAR_PUSH object_type=ea object_id=10869460 source_id=Ctrader bar_count=10 symbols=["ADAUSD","AUDCAD","AUDCHF","AUDJPY","AUDNZD","AUDUSD","BNBUSD","BTCUSD","CADJPY","DE40"]
[2026-05-27T17:33:53.947Z] INFO BAR_PUSH object_type=ea object_id=10869460 source_id=Ctrader bar_count=10 symbols=["ETHUSD","EURAUD","EURCAD","EURGBP","EURJPY","EURSGD"]
[2026-05-27T17:34:25.946Z] INFO BAR_PUSH object_type=ea object_id=10869460 source_id=Ctrader bar_count=10 symbols=["AUDCAD","AUDCHF","AUDJPY","AUDNZD","AUDUSD","BNBUSD","BTCUSD","CADJPY","DE40","ETHUSD"]
[2026-05-27T17:34:58.053Z] INFO BAR_PUSH object_type=ea object_id=10869460 source_id=Ctrader bar_count=10 symbols=["ADAUSD","EURAUD","EURCAD","EURGBP","EURJPY","EURSGD","EURUSD","GBPAUD"]
[2026-05-27T17:35:29.971Z] INFO BAR_PUSH object_type=ea object_id=10869460 source_id=Ctrader bar_count=10 symbols=["ADAUSD","AUDCAD","AUDCHF","AUDJPY","AUDNZD"]
[2026-05-27T17:36:01.940Z] INFO BAR_PUSH object_type=ea object_id=10869460 source_id=Ctrader bar_count=10 symbols=["AUDCAD","AUDCHF","AUDJPY","AUDNZD","AUDUSD","BNBUSD","BTCUSD"]
[2026-05-27T17:36:33.950Z] INFO BAR_PUSH object_type=ea object_id=10869460 source_id=Ctrader bar_count=10 symbols=["CADJPY","DE40","ETHUSD","EURAUD","EURCAD"]
[2026-05-27T17:37:08.015Z] INFO BAR_PUSH object_type=ea object_id=10869460 source_id=Ctrader bar_count=10 symbols=["ADAUSD","AUDCAD","AUDCHF","AUDJPY","AUDNZD","AUDUSD","BNBUSD","BTCUSD","CADJPY","DE40"]
[2026-05-27T17:37:39.957Z] INFO BAR_PUSH object_type=ea object_id=10869460 source_id=Ctrader bar_count=10 symbols=["ETHUSD","EURAUD","EURCAD","EURGBP","EURJPY","EURSGD","EURUSD"]
[2026-05-27T17:38:11.953Z] INFO BAR_PUSH object_type=ea object_id=10869460 source_id=Ctrader bar_count=10 symbols=["ADAUSD","AUDCAD","AUDCHF","AUDJPY","AUDNZD","AUDUSD","BNBUSD","BTCUSD","CADJPY","DE40"]
[2026-05-27T17:38:43.959Z] INFO BAR_PUSH object_type=ea object_id=10869460 source_id=Ctrader bar_count=10 symbols=["ETHUSD","EURAUD","EURCAD","EURGBP","EURJPY","EURSGD","EURUSD","GBPAUD"]
[2026-05-27T17:39:15.941Z] INFO BAR_PUSH object_type=ea object_id=10869460 source_id=Ctrader bar_count=10 symbols=["ADAUSD","AUDCAD","AUDCHF","AUDJPY","AUDNZD","AUDUSD","BNBUSD","BTCUSD","CADJPY","DE40"]
[2026-05-27T17:39:47.937Z] INFO BAR_PUSH object_type=ea object_id=10869460 source_id=Ctrader bar_count=10 symbols=["ETHUSD","EURAUD","EURCAD","EURGBP","EURJPY","EURSGD","EURUSD","GBPAUD","GBPCAD"]
[2026-05-27T17:40:19.930Z] INFO BAR_PUSH object_type=ea object_id=10869460 source_id=Ctrader bar_count=10 symbols=["ADAUSD","AUDCAD","AUDCHF","AUDJPY","AUDNZD"]
[2026-05-27T17:40:51.973Z] INFO BAR_PUSH object_type=ea object_id=10869460 source_id=Ctrader bar_count=10 symbols=["AUDUSD","BNBUSD","BTCUSD","CADJPY","DE40"]
[2026-05-27T17:41:25.949Z] INFO BAR_PUSH object_type=ea object_id=10869460 source_id=Ctrader bar_count=10 symbols=["ADAUSD","AUDCAD","AUDCHF","AUDJPY","AUDNZD","AUDUSD","BNBUSD","BTCUSD","CADJPY","DE40"]
[2026-05-27T17:41:57.976Z] INFO BAR_PUSH object_type=ea object_id=10869460 source_id=Ctrader bar_count=10 symbols=["ETHUSD","EURAUD","EURCAD","EURGBP","EURJPY"]
[2026-05-27T17:42:29.950Z] INFO BAR_PUSH object_type=ea object_id=10869460 source_id=Ctrader bar_count=10 symbols=["AUDCAD","AUDCHF","AUDJPY","AUDNZD","AUDUSD","BNBUSD","BTCUSD","CADJPY","DE40","ETHUSD"]
[2026-05-27T17:43:01.952Z] INFO BAR_PUSH object_type=ea object_id=10869460 source_id=Ctrader bar_count=10 symbols=["ADAUSD","AUDCAD","AUDCHF","AUDJPY","AUDNZD","AUDUSD","BNBUSD","BTCUSD","CADJPY","ETHUSD"]
[2026-05-27T17:43:33.962Z] INFO BAR_PUSH object_type=ea object_id=10869460 source_id=Ctrader bar_count=10 symbols=["ADAUSD","DE40","EURAUD","EURCAD","EURGBP","EURJPY","EURSGD","EURUSD"]
[2026-05-27T17:44:05.954Z] INFO BAR_PUSH object_type=ea object_id=10869460 source_id=Ctrader bar_count=10 symbols=["AUDCAD","AUDCHF","AUDJPY","AUDNZD","AUDUSD","BNBUSD","BTCUSD","CADJPY","DE40","ETHUSD"]
[2026-05-27T17:44:37.971Z] INFO BAR_PUSH object_type=ea object_id=10869460 source_id=Ctrader bar_count=10 symbols=["ADAUSD","EURAUD","EURCAD","EURGBP","EURJPY","EURSGD","EURUSD","GBPAUD","GBPCAD"]
[2026-05-27T17:45:09.978Z] INFO BAR_PUSH object_type=ea object_id=10869460 source_id=Ctrader bar_count=10 symbols=["AUDCAD","AUDCHF","AUDJPY","AUDNZD"]
[2026-05-27T17:45:43.936Z] INFO BAR_PUSH object_type=ea object_id=10869460 source_id=Ctrader bar_count=10 symbols=["ADAUSD","AUDNZD","AUDUSD","BNBUSD"]
[2026-05-27T17:46:15.962Z] INFO BAR_PUSH object_type=ea object_id=10869460 source_id=Ctrader bar_count=10 symbols=["ADAUSD","AUDCAD","AUDCHF","AUDJPY","AUDNZD","AUDUSD","BNBUSD","BTCUSD"]
[2026-05-27T17:46:47.937Z] INFO BAR_PUSH object_type=ea object_id=10869460 source_id=Ctrader bar_count=10 symbols=["BTCUSD","CADJPY","DE40","ETHUSD"]
[2026-05-27T17:47:19.967Z] INFO BAR_PUSH object_type=ea object_id=10869460 source_id=Ctrader bar_count=10 symbols=["AUDCAD","AUDCHF","AUDJPY","AUDNZD","AUDUSD","BNBUSD","BTCUSD","CADJPY","DE40","ETHUSD"]
[2026-05-27T17:47:51.945Z] INFO BAR_PUSH object_type=ea object_id=10869460 source_id=Ctrader bar_count=10 symbols=["ADAUSD","EURAUD","EURCAD","EURGBP"]
[2026-05-27T17:48:23.962Z] INFO BAR_PUSH object_type=ea object_id=10869460 source_id=Ctrader bar_count=10 symbols=["AUDCAD","AUDCHF","AUDJPY","AUDNZD","AUDUSD","BNBUSD","BTCUSD","CADJPY","DE40","ETHUSD"]
[2026-05-27T17:48:55.953Z] INFO BAR_PUSH object_type=ea object_id=10869460 source_id=Ctrader bar_count=10 symbols=["ADAUSD","EURAUD","EURCAD","EURGBP","EURJPY","EURSGD"]
[2026-05-27T17:49:27.954Z] INFO BAR_PUSH object_type=ea object_id=10869460 source_id=Ctrader bar_count=10 symbols=["ADAUSD","AUDCAD","AUDCHF","AUDJPY","AUDNZD","AUDUSD","BNBUSD","BTCUSD","CADJPY","DE40"]
[2026-05-27T17:49:59.947Z] INFO BAR_PUSH object_type=ea object_id=10869460 source_id=Ctrader bar_count=10 symbols=["ETHUSD","EURAUD","EURCAD","EURGBP","EURJPY","EURSGD","EURUSD","GBPAUD"]
[2026-05-27T17:50:33.974Z] INFO BAR_PUSH object_type=ea object_id=10869460 source_id=Ctrader bar_count=10 symbols=["ADAUSD","AUDCAD","AUDCHF","AUDJPY","AUDNZD"]
[2026-05-27T17:51:05.947Z] INFO BAR_PUSH object_type=ea object_id=10869460 source_id=Ctrader bar_count=10 symbols=["AUDCAD","AUDCHF","AUDJPY","AUDNZD","AUDUSD","BNBUSD","BTCUSD"]
[2026-05-27T17:51:37.958Z] INFO BAR_PUSH object_type=ea object_id=10869460 source_id=Ctrader bar_count=10 symbols=["ADAUSD","CADJPY","DE40","ETHUSD","EURAUD","EURCAD"]
[2026-05-27T17:52:09.967Z] INFO BAR_PUSH object_type=ea object_id=10869460 source_id=Ctrader bar_count=10 symbols=["AUDCAD","AUDCHF","AUDJPY","AUDNZD","AUDUSD","BNBUSD","BTCUSD","CADJPY","DE40","ETHUSD"]
[2026-05-27T17:52:41.970Z] INFO BAR_PUSH object_type=ea object_id=10869460 source_id=Ctrader bar_count=10 symbols=["ADAUSD","EURAUD","EURCAD","EURGBP","EURJPY","EURSGD"]
[2026-05-27T17:53:13.996Z] INFO BAR_PUSH object_type=ea object_id=10869460 source_id=Ctrader bar_count=10 symbols=["ADAUSD","AUDCAD","AUDCHF","AUDJPY","AUDNZD","AUDUSD","BNBUSD","BTCUSD","CADJPY","DE40"]
[2026-05-27T17:53:47.948Z] INFO BAR_PUSH object_type=ea object_id=10869460 source_id=Ctrader bar_count=10 symbols=["ETHUSD","EURAUD","EURCAD","EURGBP","EURJPY","EURSGD","EURUSD","GBPAUD"]
[2026-05-27T17:54:19.963Z] INFO BAR_PUSH object_type=ea object_id=10869460 source_id=Ctrader bar_count=10 symbols=["AUDCAD","AUDCHF","AUDJPY","AUDNZD","AUDUSD","BNBUSD","BTCUSD","CADJPY","DE40","ETHUSD"]
[2026-05-27T17:54:51.964Z] INFO BAR_PUSH object_type=ea object_id=10869460 source_id=Ctrader bar_count=10 symbols=["ADAUSD","EURAUD","EURCAD","EURGBP","EURJPY","EURSGD","EURUSD","GBPAUD","GBPCAD"]
[2026-05-27T17:55:23.954Z] INFO BAR_PUSH object_type=ea object_id=10869460 source_id=Ctrader bar_count=10 symbols=["AUDCAD","AUDCHF","AUDJPY","AUDNZD","AUDUSD"]
[2026-05-27T17:55:57.940Z] INFO BAR_PUSH object_type=ea object_id=10869460 source_id=Ctrader bar_count=10 symbols=["ADAUSD","BNBUSD","BTCUSD","CADJPY","DE40"]
[2026-05-27T17:56:29.957Z] INFO BAR_PUSH object_type=ea object_id=10869460 source_id=Ctrader bar_count=10 symbols=["ADAUSD","AUDCAD","AUDCHF","AUDJPY","AUDNZD","AUDUSD","BNBUSD","BTCUSD","CADJPY","DE40"]
[2026-05-27T17:57:01.979Z] INFO BAR_PUSH object_type=ea object_id=10869460 source_id=Ctrader bar_count=10 symbols=["ADAUSD","AUDCAD","AUDCHF","AUDJPY","AUDNZD","AUDUSD","BNBUSD","BTCUSD","CADJPY","ETHUSD"]
[2026-05-27T17:57:33.946Z] INFO BAR_PUSH object_type=ea object_id=10869460 source_id=Ctrader bar_count=10 symbols=["DE40","ETHUSD","EURAUD","EURCAD","EURGBP","EURJPY"]
[2026-05-27T17:58:05.954Z] INFO BAR_PUSH object_type=ea object_id=10869460 source_id=Ctrader bar_count=10 symbols=["ADAUSD","AUDCAD","AUDCHF","AUDJPY","AUDNZD","AUDUSD","BNBUSD","BTCUSD","CADJPY","DE40"]
[2026-05-27T17:58:37.964Z] INFO BAR_PUSH object_type=ea object_id=10869460 source_id=Ctrader bar_count=10 symbols=["ETHUSD","EURAUD","EURCAD","EURGBP","EURJPY","EURSGD","EURUSD","GBPAUD"]
[2026-05-27T17:59:11.955Z] INFO BAR_PUSH object_type=ea object_id=10869460 source_id=Ctrader bar_count=10 symbols=["ADAUSD","AUDCAD","AUDCHF","AUDJPY","AUDNZD","AUDUSD","BNBUSD","BTCUSD","CADJPY","DE40"]
[2026-05-27T17:59:43.975Z] INFO BAR_PUSH object_type=ea object_id=10869460 source_id=Ctrader bar_count=10 symbols=["ETHUSD","EURAUD","EURCAD","EURGBP","EURJPY","EURSGD","EURUSD","GBPAUD","GBPCAD"]
[2026-05-27T18:00:15.944Z] INFO BAR_PUSH object_type=ea object_id=10869460 source_id=Ctrader bar_count=10 symbols=["ADAUSD","AUDCAD","AUDCHF"]
[2026-05-27T18:00:47.931Z] INFO BAR_PUSH object_type=ea object_id=10869460 source_id=Ctrader bar_count=10 symbols=["AUDCHF","AUDJPY","AUDNZD"]
[2026-05-27T18:01:21.946Z] INFO BAR_PUSH object_type=ea object_id=10869460 source_id=Ctrader bar_count=10 symbols=["ADAUSD","AUDCAD","AUDCHF","AUDJPY","AUDNZD","AUDUSD","BNBUSD"]
[2026-05-27T18:01:55.933Z] INFO BAR_PUSH object_type=ea object_id=10869460 source_id=Ctrader bar_count=10 symbols=["BNBUSD","BTCUSD","CADJPY"]
[2026-05-27T18:02:27.999Z] INFO BAR_PUSH object_type=ea object_id=10869460 source_id=Ctrader bar_count=10 symbols=["ADAUSD","AUDCAD","AUDCHF","AUDJPY","AUDNZD","AUDUSD","BNBUSD","BTCUSD","CADJPY"]
[2026-05-27T18:02:59.941Z] INFO BAR_PUSH object_type=ea object_id=10869460 source_id=Ctrader bar_count=10 symbols=["DE40","ETHUSD","EURAUD"]
[2026-05-27T18:03:32.010Z] INFO BAR_PUSH object_type=ea object_id=10869460 source_id=Ctrader bar_count=10 symbols=["AUDCAD","AUDCHF","AUDJPY","AUDNZD","AUDUSD","BNBUSD","BTCUSD","CADJPY","DE40","ETHUSD"]
[2026-05-27T18:04:03.966Z] INFO BAR_PUSH object_type=ea object_id=10869460 source_id=Ctrader bar_count=10 symbols=["ADAUSD","AUDCAD","AUDCHF","AUDJPY","AUDNZD","AUDUSD","BNBUSD","BTCUSD","CADJPY","DE40"]
[2026-05-27T18:04:35.952Z] INFO BAR_PUSH object_type=ea object_id=10869460 source_id=Ctrader bar_count=10 symbols=["ETHUSD","EURAUD","EURCAD","EURGBP"]
[2026-05-27T18:05:07.962Z] INFO BAR_PUSH object_type=ea object_id=10869460 source_id=Ctrader bar_count=10 symbols=["ADAUSD","AUDCAD","AUDCHF","AUDJPY","AUDNZD"]
[2026-05-27T18:05:39.950Z] INFO BAR_PUSH object_type=ea object_id=10869460 source_id=Ctrader bar_count=10 symbols=["AUDUSD","BNBUSD","BTCUSD","CADJPY","DE40"]
[2026-05-27T18:06:11.999Z] INFO BAR_PUSH object_type=ea object_id=10869460 source_id=Ctrader bar_count=10 symbols=["ADAUSD","AUDCAD","AUDCHF","AUDJPY","AUDNZD","AUDUSD","BNBUSD","BTCUSD","CADJPY","DE40"]
[2026-05-27T18:06:43.963Z] INFO BAR_PUSH object_type=ea object_id=10869460 source_id=Ctrader bar_count=10 symbols=["ETHUSD","EURAUD","EURCAD","EURGBP"]
[2026-05-27T18:07:17.965Z] INFO BAR_PUSH object_type=ea object_id=10869460 source_id=Ctrader bar_count=10 symbols=["AUDCAD","AUDCHF","AUDJPY","AUDNZD","AUDUSD","BNBUSD","BTCUSD","CADJPY","DE40","ETHUSD"]
[2026-05-27T18:07:49.950Z] INFO BAR_PUSH object_type=ea object_id=10869460 source_id=Ctrader bar_count=10 symbols=["ADAUSD","EURAUD","EURCAD","EURGBP","EURJPY","EURSGD"]
[2026-05-27T18:08:23.962Z] INFO BAR_PUSH object_type=ea object_id=10869460 source_id=Ctrader bar_count=10 symbols=["ADAUSD","AUDCAD","AUDCHF","AUDJPY","AUDNZD","AUDUSD","BNBUSD","BTCUSD","CADJPY","DE40"]
[2026-05-27T18:08:55.971Z] INFO BAR_PUSH object_type=ea object_id=10869460 source_id=Ctrader bar_count=10 symbols=["ETHUSD","EURAUD","EURCAD","EURGBP","EURJPY","EURSGD","EURUSD"]
[2026-05-27T18:09:27.953Z] INFO BAR_PUSH object_type=ea object_id=10869460 source_id=Ctrader bar_count=10 symbols=["ADAUSD","AUDCAD","AUDCHF","AUDJPY","AUDNZD","AUDUSD","BNBUSD","BTCUSD","CADJPY","DE40"]
[2026-05-27T18:09:59.956Z] INFO BAR_PUSH object_type=ea object_id=10869460 source_id=Ctrader bar_count=10 symbols=["ETHUSD","EURAUD","EURCAD","EURGBP","EURJPY","EURSGD","EURUSD","GBPAUD"]
[2026-05-27T18:10:31.974Z] INFO BAR_PUSH object_type=ea object_id=10869460 source_id=Ctrader bar_count=10 symbols=["ADAUSD","AUDCAD","AUDCHF","AUDJPY","AUDNZD"]
[2026-05-27T18:11:03.951Z] INFO BAR_PUSH object_type=ea object_id=10869460 source_id=Ctrader bar_count=10 symbols=["AUDCAD","AUDCHF","AUDJPY","AUDNZD","AUDUSD","BNBUSD","BTCUSD"]
[2026-05-27T18:11:37.983Z] INFO BAR_PUSH object_type=ea object_id=10869460 source_id=Ctrader bar_count=10 symbols=["ADAUSD","CADJPY","DE40","ETHUSD","EURAUD","EURCAD"]
[2026-05-27T18:12:11.959Z] INFO BAR_PUSH object_type=ea object_id=10869460 source_id=Ctrader bar_count=10 symbols=["ADAUSD","AUDCAD","AUDCHF","AUDJPY","AUDNZD","AUDUSD","BNBUSD","BTCUSD","CADJPY","DE40"]
[2026-05-27T18:12:43.964Z] INFO BAR_PUSH object_type=ea object_id=10869460 source_id=Ctrader bar_count=10 symbols=["ETHUSD","EURAUD","EURCAD","EURGBP","EURJPY","EURSGD"]
[2026-05-27T18:13:15.953Z] INFO BAR_PUSH object_type=ea object_id=10869460 source_id=Ctrader bar_count=10 symbols=["ADAUSD","AUDCAD","AUDCHF","AUDJPY","AUDNZD","AUDUSD","BNBUSD","BTCUSD","CADJPY","DE40"]
[2026-05-27T18:13:47.995Z] INFO BAR_PUSH object_type=ea object_id=10869460 source_id=Ctrader bar_count=10 symbols=["ETHUSD","EURAUD","EURCAD","EURGBP","EURJPY","EURSGD","EURUSD","GBPAUD"]
[2026-05-27T18:14:20.028Z] INFO BAR_PUSH object_type=ea object_id=10869460 source_id=Ctrader bar_count=10 symbols=["ADAUSD","AUDCAD","AUDCHF","AUDJPY","AUDNZD","AUDUSD","BNBUSD","BTCUSD","CADJPY","DE40"]
[2026-05-27T18:14:51.962Z] INFO BAR_PUSH object_type=ea object_id=10869460 source_id=Ctrader bar_count=10 symbols=["ETHUSD","EURAUD","EURCAD","EURGBP","EURJPY","EURSGD","EURUSD","GBPAUD"]
[2026-05-27T18:15:23.924Z] INFO BAR_PUSH object_type=ea object_id=10869460 source_id=Ctrader bar_count=10 symbols=["ADAUSD","AUDCAD","AUDCHF","AUDJPY"]
[2026-05-27T18:15:55.912Z] INFO BAR_PUSH object_type=ea object_id=10869460 source_id=Ctrader bar_count=10 symbols=["AUDJPY","AUDNZD","AUDUSD","BNBUSD"]
[2026-05-27T18:16:27.975Z] INFO BAR_PUSH object_type=ea object_id=10869460 source_id=Ctrader bar_count=10 symbols=["ADAUSD","AUDCAD","AUDCHF","AUDJPY","AUDNZD","AUDUSD","BNBUSD","BTCUSD"]
[2026-05-27T18:16:59.921Z] INFO BAR_PUSH object_type=ea object_id=10869460 source_id=Ctrader bar_count=10 symbols=["BTCUSD","CADJPY","DE40","ETHUSD"]
[2026-05-27T18:17:31.939Z] INFO BAR_PUSH object_type=ea object_id=10869460 source_id=Ctrader bar_count=10 symbols=["ADAUSD","AUDCAD","AUDCHF","AUDJPY","AUDNZD","AUDUSD","BNBUSD","BTCUSD","CADJPY","DE40"]
[2026-05-27T18:18:05.966Z] INFO BAR_PUSH object_type=ea object_id=10869460 source_id=Ctrader bar_count=10 symbols=["ADAUSD","AUDCAD","AUDCHF","AUDJPY","AUDNZD","AUDUSD","BNBUSD","BTCUSD","CADJPY","DE40"]
[2026-05-27T18:18:37.924Z] INFO BAR_PUSH object_type=ea object_id=10869460 source_id=Ctrader bar_count=10 symbols=["ETHUSD","EURAUD","EURCAD","EURGBP"]
[2026-05-27T18:19:09.940Z] INFO BAR_PUSH object_type=ea object_id=10869460 source_id=Ctrader bar_count=10 symbols=["AUDCAD","AUDCHF","AUDJPY","AUDNZD","AUDUSD","BNBUSD","BTCUSD","CADJPY","DE40","ETHUSD"]
[2026-05-27T18:19:41.942Z] INFO BAR_PUSH object_type=ea object_id=10869460 source_id=Ctrader bar_count=10 symbols=["ADAUSD","EURAUD","EURCAD","EURGBP","EURJPY","EURSGD"]
[2026-05-27T18:20:15.922Z] INFO BAR_PUSH object_type=ea object_id=10869460 source_id=Ctrader bar_count=10 symbols=["ADAUSD","AUDCAD","AUDCHF","AUDJPY","AUDNZD"]
[2026-05-27T18:20:47.945Z] INFO BAR_PUSH object_type=ea object_id=10869460 source_id=Ctrader bar_count=10 symbols=["AUDUSD","BNBUSD","BTCUSD","CADJPY","DE40"]
[2026-05-27T18:21:19.929Z] INFO BAR_PUSH object_type=ea object_id=10869460 source_id=Ctrader bar_count=10 symbols=["ADAUSD","AUDCAD","AUDCHF","AUDJPY","AUDNZD","AUDUSD","BNBUSD","BTCUSD","CADJPY","DE40"]
[2026-05-27T18:21:53.942Z] INFO BAR_PUSH object_type=ea object_id=10869460 source_id=Ctrader bar_count=10 symbols=["ETHUSD","EURAUD","EURCAD","EURGBP","EURJPY"]
[2026-05-27T18:22:26.008Z] INFO BAR_PUSH object_type=ea object_id=10869460 source_id=Ctrader bar_count=10 symbols=["ADAUSD","AUDCAD","AUDCHF","AUDJPY","AUDNZD","AUDUSD","BNBUSD","BTCUSD","CADJPY","DE40"]
[2026-05-27T18:22:57.939Z] INFO BAR_PUSH object_type=ea object_id=10869460 source_id=Ctrader bar_count=10 symbols=["ETHUSD","EURAUD","EURCAD","EURGBP","EURJPY","EURSGD","EURUSD"]
[2026-05-27T18:23:29.925Z] INFO BAR_PUSH object_type=ea object_id=10869460 source_id=Ctrader bar_count=10 symbols=["ADAUSD","AUDCAD","AUDCHF","AUDJPY","AUDNZD","AUDUSD","BNBUSD","BTCUSD","CADJPY","DE40"]
[2026-05-27T18:24:01.977Z] INFO BAR_PUSH object_type=ea object_id=10869460 source_id=Ctrader bar_count=10 symbols=["AUDCAD","AUDCHF","AUDJPY","AUDNZD","AUDUSD","BNBUSD","BTCUSD","ETHUSD","EURAUD","EURCAD"]
[2026-05-27T18:24:33.953Z] INFO BAR_PUSH object_type=ea object_id=10869460 source_id=Ctrader bar_count=10 symbols=["ADAUSD","CADJPY","DE40","EURGBP","EURJPY","EURSGD","EURUSD","GBPAUD"]
[2026-05-27T18:25:05.969Z] INFO BAR_PUSH object_type=ea object_id=10869460 source_id=Ctrader bar_count=10 symbols=["AUDCAD","AUDCHF","AUDJPY","AUDNZD","AUDUSD"]
[2026-05-27T18:25:37.936Z] INFO BAR_PUSH object_type=ea object_id=10869460 source_id=Ctrader bar_count=10 symbols=["ADAUSD","BNBUSD","BTCUSD","CADJPY","DE40"]
[2026-05-27T18:26:09.943Z] INFO BAR_PUSH object_type=ea object_id=10869460 source_id=Ctrader bar_count=10 symbols=["ADAUSD","AUDCAD","AUDCHF","AUDJPY","AUDNZD","AUDUSD","BNBUSD","BTCUSD","CADJPY","DE40"]
[2026-05-27T18:26:43.969Z] INFO BAR_PUSH object_type=ea object_id=10869460 source_id=Ctrader bar_count=10 symbols=["ETHUSD","EURAUD","EURCAD","EURGBP","EURJPY"]
[2026-05-27T18:27:15.957Z] INFO BAR_PUSH object_type=ea object_id=10869460 source_id=Ctrader bar_count=10 symbols=["AUDCAD","AUDCHF","AUDJPY","AUDNZD","AUDUSD","BNBUSD","BTCUSD","CADJPY","DE40","ETHUSD"]
[2026-05-27T18:27:47.946Z] INFO BAR_PUSH object_type=ea object_id=10869460 source_id=Ctrader bar_count=10 symbols=["ADAUSD","EURAUD","EURCAD","EURGBP","EURJPY","EURSGD","EURUSD","GBPAUD"]
[2026-05-27T18:28:19.968Z] INFO BAR_PUSH object_type=ea object_id=10869460 source_id=Ctrader bar_count=10 symbols=["ADAUSD","AUDCAD","AUDCHF","AUDJPY","AUDNZD","AUDUSD","BNBUSD","BTCUSD","CADJPY","DE40"]
[2026-05-27T18:28:53.965Z] INFO BAR_PUSH object_type=ea object_id=10869460 source_id=Ctrader bar_count=10 symbols=["ETHUSD","EURAUD","EURCAD","EURGBP","EURJPY","EURSGD","EURUSD","GBPAUD","GBPCAD"]
[2026-05-27T18:29:28.115Z] INFO BAR_PUSH object_type=ea object_id=10869460 source_id=Ctrader bar_count=10 symbols=["ADAUSD","AUDCAD","AUDCHF","AUDJPY","AUDNZD","AUDUSD","BNBUSD","BTCUSD","CADJPY","DE40"]
[2026-05-27T18:30:01.972Z] INFO BAR_PUSH object_type=ea object_id=10869460 source_id=Ctrader bar_count=10 symbols=["ADAUSD","AUDCAD","AUDCHF","AUDJPY"]
[2026-05-27T18:30:35.927Z] INFO BAR_PUSH object_type=ea object_id=10869460 source_id=Ctrader bar_count=10 symbols=["AUDJPY","AUDNZD","AUDUSD","BNBUSD"]
[2026-05-27T18:31:09.945Z] INFO BAR_PUSH object_type=ea object_id=10869460 source_id=Ctrader bar_count=10 symbols=["ADAUSD","AUDCAD","AUDCHF","AUDJPY","AUDNZD","AUDUSD","BNBUSD","BTCUSD"]
[2026-05-27T18:31:43.930Z] INFO BAR_PUSH object_type=ea object_id=10869460 source_id=Ctrader bar_count=10 symbols=["BTCUSD","CADJPY","DE40","ETHUSD"]
[2026-05-27T18:32:15.964Z] INFO BAR_PUSH object_type=ea object_id=10869460 source_id=Ctrader bar_count=10 symbols=["ADAUSD","AUDCAD","AUDCHF","AUDJPY","AUDNZD","AUDUSD","BNBUSD","BTCUSD","CADJPY","DE40"]
[2026-05-27T18:32:49.931Z] INFO BAR_PUSH object_type=ea object_id=10869460 source_id=Ctrader bar_count=10 symbols=["ETHUSD","EURAUD","EURCAD","EURGBP"]
[2026-05-27T18:33:21.948Z] INFO BAR_PUSH object_type=ea object_id=10869460 source_id=Ctrader bar_count=10 symbols=["ADAUSD","AUDCAD","AUDCHF","AUDJPY","AUDNZD","AUDUSD","BNBUSD","BTCUSD","CADJPY","DE40"]
[2026-05-27T18:33:53.967Z] INFO BAR_PUSH object_type=ea object_id=10869460 source_id=Ctrader bar_count=10 symbols=["ETHUSD","EURAUD","EURCAD","EURGBP","EURJPY","EURSGD"]
[2026-05-27T18:34:25.958Z] INFO BAR_PUSH object_type=ea object_id=10869460 source_id=Ctrader bar_count=10 symbols=["ADAUSD","AUDCAD","AUDCHF","AUDJPY","AUDNZD","AUDUSD","BNBUSD","BTCUSD","CADJPY","DE40"]
[2026-05-27T18:34:57.953Z] INFO BAR_PUSH object_type=ea object_id=10869460 source_id=Ctrader bar_count=10 symbols=["ETHUSD","EURAUD","EURCAD","EURGBP","EURJPY","EURSGD","EURUSD","GBPAUD"]
[2026-05-27T18:35:29.945Z] INFO BAR_PUSH object_type=ea object_id=10869460 source_id=Ctrader bar_count=10 symbols=["AUDCAD","AUDCHF","AUDJPY","AUDNZD","AUDUSD"]
[2026-05-27T18:36:01.936Z] INFO BAR_PUSH object_type=ea object_id=10869460 source_id=Ctrader bar_count=10 symbols=["AUDCHF","BNBUSD","BTCUSD","CADJPY","DE40","ETHUSD"]
[2026-05-27T18:36:35.975Z] INFO BAR_PUSH object_type=ea object_id=10869460 source_id=Ctrader bar_count=10 symbols=["ADAUSD","AUDCAD","AUDJPY","AUDNZD","AUDUSD","ETHUSD","EURAUD","EURCAD"]
[2026-05-27T18:37:07.944Z] INFO BAR_PUSH object_type=ea object_id=10869460 source_id=Ctrader bar_count=10 symbols=["ADAUSD","AUDCAD","AUDCHF","AUDJPY","AUDNZD","AUDUSD","BNBUSD","BTCUSD","CADJPY","DE40"]
[2026-05-27T18:37:39.949Z] INFO BAR_PUSH object_type=ea object_id=10869460 source_id=Ctrader bar_count=10 symbols=["ETHUSD","EURAUD","EURCAD","EURGBP","EURJPY","EURSGD"]
[2026-05-27T18:38:11.959Z] INFO BAR_PUSH object_type=ea object_id=10869460 source_id=Ctrader bar_count=10 symbols=["AUDCAD","AUDCHF","AUDJPY","AUDNZD","AUDUSD","BNBUSD","BTCUSD","CADJPY","DE40","ETHUSD"]
[2026-05-27T18:38:45.922Z] INFO BAR_PUSH object_type=ea object_id=10869460 source_id=Ctrader bar_count=10 symbols=["ADAUSD","EURAUD","EURCAD","EURGBP","EURJPY","EURSGD","EURUSD","GBPAUD"]
[2026-05-27T18:39:19.968Z] INFO BAR_PUSH object_type=ea object_id=10869460 source_id=Ctrader bar_count=10 symbols=["ADAUSD","AUDCAD","AUDCHF","AUDJPY","AUDNZD","AUDUSD","BNBUSD","BTCUSD","CADJPY","DE40"]
[2026-05-27T18:39:51.972Z] INFO BAR_PUSH object_type=ea object_id=10869460 source_id=Ctrader bar_count=10 symbols=["ETHUSD","EURAUD","EURCAD","EURGBP","EURJPY","EURSGD","EURUSD","GBPAUD","GBPCAD"]
[2026-05-27T18:40:23.926Z] INFO BAR_PUSH object_type=ea object_id=10869460 source_id=Ctrader bar_count=10 symbols=["AUDCAD","AUDCHF","AUDJPY","AUDNZD","AUDUSD"]
[2026-05-27T18:40:57.932Z] INFO BAR_PUSH object_type=ea object_id=10869460 source_id=Ctrader bar_count=10 symbols=["BNBUSD","BTCUSD","CADJPY","DE40","ETHUSD"]
[2026-05-27T18:41:29.977Z] INFO BAR_PUSH object_type=ea object_id=10869460 source_id=Ctrader bar_count=10 symbols=["ADAUSD","AUDCAD","AUDCHF","AUDJPY","AUDNZD","AUDUSD","BNBUSD","BTCUSD","CADJPY"]
[2026-05-27T18:42:01.962Z] INFO BAR_PUSH object_type=ea object_id=10869460 source_id=Ctrader bar_count=10 symbols=["ADAUSD","AUDCAD","AUDCHF","AUDJPY","AUDUSD","BNBUSD","BTCUSD","CADJPY","DE40","ETHUSD"]
[2026-05-27T18:42:33.939Z] INFO BAR_PUSH object_type=ea object_id=10869460 source_id=Ctrader bar_count=10 symbols=["AUDNZD","DE40","EURAUD","EURCAD","EURGBP","EURJPY"]
[2026-05-27T18:43:05.977Z] INFO BAR_PUSH object_type=ea object_id=10869460 source_id=Ctrader bar_count=10 symbols=["ADAUSD","AUDCAD","AUDCHF","AUDJPY","AUDNZD","AUDUSD","BNBUSD","BTCUSD","CADJPY","DE40"]
[2026-05-27T18:43:37.963Z] INFO BAR_PUSH object_type=ea object_id=10869460 source_id=Ctrader bar_count=10 symbols=["ETHUSD","EURAUD","EURCAD","EURGBP","EURJPY","EURSGD","EURUSD","GBPAUD"]
[2026-05-27T18:44:09.958Z] INFO BAR_PUSH object_type=ea object_id=10869460 source_id=Ctrader bar_count=10 symbols=["ADAUSD","AUDCAD","AUDCHF","AUDJPY","AUDNZD","AUDUSD","BNBUSD","BTCUSD","CADJPY","ETHUSD"]
[2026-05-27T18:44:41.999Z] INFO BAR_PUSH object_type=ea object_id=10869460 source_id=Ctrader bar_count=10 symbols=["DE40","EURAUD","EURCAD","EURGBP","EURJPY","EURSGD","EURUSD","GBPAUD","GBPCAD"]
[2026-05-27T18:45:13.927Z] INFO BAR_PUSH object_type=ea object_id=10869460 source_id=Ctrader bar_count=10 symbols=["AUDCAD","AUDCHF","AUDJPY","AUDNZD"]
[2026-05-27T18:45:45.889Z] INFO BAR_PUSH object_type=ea object_id=10869460 source_id=Ctrader bar_count=10 symbols=["ADAUSD","AUDNZD","AUDUSD","BNBUSD"]
[2026-05-27T18:46:19.943Z] INFO BAR_PUSH object_type=ea object_id=10869460 source_id=Ctrader bar_count=10 symbols=["AUDCAD","AUDCHF","AUDJPY","AUDNZD","AUDUSD","BNBUSD","BTCUSD"]
[2026-05-27T18:46:51.917Z] INFO BAR_PUSH object_type=ea object_id=10869460 source_id=Ctrader bar_count=10 symbols=["ADAUSD","CADJPY","DE40","ETHUSD"]
[2026-05-27T18:47:23.950Z] INFO BAR_PUSH object_type=ea object_id=10869460 source_id=Ctrader bar_count=10 symbols=["ADAUSD","AUDCAD","AUDCHF","AUDJPY","AUDNZD","AUDUSD","BNBUSD","BTCUSD","CADJPY","DE40"]
[2026-05-27T18:47:55.938Z] INFO BAR_PUSH object_type=ea object_id=10869460 source_id=Ctrader bar_count=10 symbols=["ETHUSD","EURAUD","EURCAD","EURGBP"]
[2026-05-27T18:48:27.934Z] INFO BAR_PUSH object_type=ea object_id=10869460 source_id=Ctrader bar_count=10 symbols=["AUDCAD","AUDCHF","AUDJPY","AUDNZD","AUDUSD","BNBUSD","BTCUSD","CADJPY","DE40","ETHUSD"]
[2026-05-27T18:48:59.927Z] INFO BAR_PUSH object_type=ea object_id=10869460 source_id=Ctrader bar_count=10 symbols=["EURAUD","EURCAD","EURGBP","EURJPY","EURSGD","EURUSD"]
[2026-05-27T18:49:31.935Z] INFO BAR_PUSH object_type=ea object_id=10869460 source_id=Ctrader bar_count=10 symbols=["ADAUSD","AUDCAD","AUDCHF","AUDJPY","AUDNZD","AUDUSD","BNBUSD","BTCUSD","CADJPY","DE40"]
[2026-05-27T18:50:03.919Z] INFO BAR_PUSH object_type=ea object_id=10869460 source_id=Ctrader bar_count=10 symbols=["AUDCAD","AUDCHF","AUDJPY","AUDNZD","AUDUSD"]
[2026-05-27T18:50:35.953Z] INFO BAR_PUSH object_type=ea object_id=10869460 source_id=Ctrader bar_count=10 symbols=["ADAUSD","BNBUSD","BTCUSD","CADJPY","DE40"]
[2026-05-27T18:51:07.937Z] INFO BAR_PUSH object_type=ea object_id=10869460 source_id=Ctrader bar_count=10 symbols=["ADAUSD","AUDCAD","AUDCHF","AUDJPY","AUDNZD","AUDUSD","BNBUSD","BTCUSD","CADJPY","DE40"]
[2026-05-27T18:51:39.940Z] INFO BAR_PUSH object_type=ea object_id=10869460 source_id=Ctrader bar_count=10 symbols=["ETHUSD","EURAUD","EURCAD","EURGBP","EURJPY"]
[2026-05-27T18:52:11.948Z] INFO BAR_PUSH object_type=ea object_id=10869460 source_id=Ctrader bar_count=10 symbols=["AUDCAD","AUDCHF","AUDJPY","AUDNZD","AUDUSD","BNBUSD","BTCUSD","CADJPY","ETHUSD","EURAUD"]
[2026-05-27T18:52:47.916Z] INFO BAR_PUSH object_type=ea object_id=10869460 source_id=Ctrader bar_count=10 symbols=["GBPAUD","GBPCAD","GBPJPY"]
[2026-05-27T18:53:19.955Z] INFO BAR_PUSH object_type=ea object_id=10869460 source_id=Ctrader bar_count=10 symbols=["ADAUSD","AUDCAD","AUDCHF","AUDJPY","AUDNZD","AUDUSD","BNBUSD","BTCUSD","CADJPY","DE40"]
[2026-05-27T18:53:53.950Z] INFO BAR_PUSH object_type=ea object_id=10869460 source_id=Ctrader bar_count=10 symbols=["ETHUSD","EURAUD","EURCAD","EURGBP","EURJPY","EURSGD","EURUSD","GBPAUD","GBPCAD","GBPJPY"]
[2026-05-27T18:54:25.970Z] INFO BAR_PUSH object_type=ea object_id=10869460 source_id=Ctrader bar_count=10 symbols=["AUDCAD","AUDCHF","AUDJPY","AUDNZD","AUDUSD","BNBUSD","BTCUSD","CADJPY","DE40","ETHUSD"]
[2026-05-27T18:54:57.937Z] INFO BAR_PUSH object_type=ea object_id=10869460 source_id=Ctrader bar_count=10 symbols=["EURAUD","EURCAD","EURGBP","EURJPY","EURSGD","EURUSD","GBPAUD","GBPCAD","GBPJPY"]
[2026-05-27T18:55:31.959Z] INFO BAR_PUSH object_type=ea object_id=10869460 source_id=Ctrader bar_count=10 symbols=["ADAUSD","AUDCAD","AUDCHF","AUDJPY","AUDNZD"]
[2026-05-27T18:56:03.942Z] INFO BAR_PUSH object_type=ea object_id=10869460 source_id=Ctrader bar_count=10 symbols=["ADAUSD","AUDCAD","AUDCHF","AUDJPY","AUDNZD","AUDUSD","BNBUSD","BTCUSD"]
[2026-05-27T18:56:35.919Z] INFO BAR_PUSH object_type=ea object_id=10869460 source_id=Ctrader bar_count=10 symbols=["BTCUSD","CADJPY","DE40","ETHUSD","EURAUD","EURCAD"]
[2026-05-27T18:57:09.962Z] INFO BAR_PUSH object_type=ea object_id=10869460 source_id=Ctrader bar_count=10 symbols=["AUDCAD","AUDCHF","AUDJPY","AUDNZD","AUDUSD","BNBUSD","BTCUSD","CADJPY","ETHUSD","EURAUD"]
[2026-05-27T18:57:43.976Z] INFO BAR_PUSH object_type=ea object_id=10869460 source_id=Ctrader bar_count=10 symbols=["DE40","EURCAD","EURGBP","EURJPY","EURSGD","EURUSD"]
[2026-05-27T18:58:15.935Z] INFO BAR_PUSH object_type=ea object_id=10869460 source_id=Ctrader bar_count=10 symbols=["ADAUSD","AUDCAD","AUDCHF","AUDJPY","AUDNZD","AUDUSD","BNBUSD","BTCUSD","CADJPY","DE40"]
[2026-05-27T18:58:47.949Z] INFO BAR_PUSH object_type=ea object_id=10869460 source_id=Ctrader bar_count=10 symbols=["ETHUSD","EURAUD","EURCAD","EURGBP","EURJPY","EURSGD","EURUSD","GBPAUD"]
[2026-05-27T18:59:21.947Z] INFO BAR_PUSH object_type=ea object_id=10869460 source_id=Ctrader bar_count=10 symbols=["AUDCAD","AUDCHF","AUDJPY","AUDNZD","AUDUSD","BNBUSD","BTCUSD","CADJPY","DE40","ETHUSD"]
[2026-05-27T18:59:54.115Z] INFO BAR_PUSH object_type=ea object_id=10869460 source_id=Ctrader bar_count=10 symbols=["EURAUD","EURCAD","EURGBP","EURJPY","EURSGD","EURUSD","GBPAUD","GBPCAD","GBPJPY"]
[2026-05-27T19:00:25.952Z] INFO BAR_PUSH object_type=ea object_id=10869460 source_id=Ctrader bar_count=10 symbols=["ADAUSD","AUDCAD","AUDCHF"]
[2026-05-27T19:00:57.918Z] INFO BAR_PUSH object_type=ea object_id=10869460 source_id=Ctrader bar_count=10 symbols=["AUDCHF","AUDJPY","AUDNZD"]
[2026-05-27T19:01:29.929Z] INFO BAR_PUSH object_type=ea object_id=10869460 source_id=Ctrader bar_count=10 symbols=["ADAUSD","AUDCAD","AUDCHF","AUDJPY","AUDNZD","AUDUSD","BNBUSD"]
[2026-05-27T19:02:01.914Z] INFO BAR_PUSH object_type=ea object_id=10869460 source_id=Ctrader bar_count=10 symbols=["BNBUSD","BTCUSD","CADJPY"]
[2026-05-27T19:02:33.952Z] INFO BAR_PUSH object_type=ea object_id=10869460 source_id=Ctrader bar_count=10 symbols=["ADAUSD","AUDCAD","AUDCHF","AUDJPY","AUDNZD","AUDUSD","CADJPY","DE40"]
[2026-05-27T19:03:05.960Z] INFO BAR_PUSH object_type=ea object_id=10869460 source_id=Ctrader bar_count=10 symbols=["AUDCAD","AUDCHF","AUDJPY","AUDNZD","AUDUSD","BNBUSD","BTCUSD","CADJPY","DE40"]
[2026-05-27T19:03:37.966Z] INFO BAR_PUSH object_type=ea object_id=10869460 source_id=Ctrader bar_count=10 symbols=["ADAUSD","DE40","ETHUSD","EURAUD"]
[2026-05-27T19:04:09.933Z] INFO BAR_PUSH object_type=ea object_id=10869460 source_id=Ctrader bar_count=10 symbols=["AUDCAD","AUDCHF","AUDJPY","AUDNZD","AUDUSD","BNBUSD","BTCUSD","CADJPY","DE40","ETHUSD"]
[2026-05-27T19:04:41.945Z] INFO BAR_PUSH object_type=ea object_id=10869460 source_id=Ctrader bar_count=10 symbols=["ADAUSD","EURAUD","EURCAD","EURGBP"]
[2026-05-27T19:05:13.970Z] INFO BAR_PUSH object_type=ea object_id=10869460 source_id=Ctrader bar_count=10 symbols=["AUDCAD","AUDCHF","AUDJPY","AUDNZD","AUDUSD"]
[2026-05-27T19:05:45.916Z] INFO BAR_PUSH object_type=ea object_id=10869460 source_id=Ctrader bar_count=10 symbols=["ADAUSD","BNBUSD","BTCUSD","CADJPY","DE40"]
[2026-05-27T19:06:19.943Z] INFO BAR_PUSH object_type=ea object_id=10869460 source_id=Ctrader bar_count=10 symbols=["ADAUSD","AUDCAD","AUDCHF","AUDJPY","AUDNZD","AUDUSD","BNBUSD","BTCUSD","CADJPY","DE40"]
[2026-05-27T19:06:51.932Z] INFO BAR_PUSH object_type=ea object_id=10869460 source_id=Ctrader bar_count=10 symbols=["ETHUSD","EURAUD","EURCAD","EURGBP","EURJPY"]
[2026-05-27T19:07:23.944Z] INFO BAR_PUSH object_type=ea object_id=10869460 source_id=Ctrader bar_count=10 symbols=["ADAUSD","AUDCAD","AUDCHF","AUDJPY","AUDNZD","AUDUSD","BNBUSD","BTCUSD","CADJPY","DE40"]
[2026-05-27T19:07:57.919Z] INFO BAR_PUSH object_type=ea object_id=10869460 source_id=Ctrader bar_count=10 symbols=["ETHUSD","EURAUD","EURCAD","EURGBP","EURJPY","EURSGD"]
[2026-05-27T19:08:29.933Z] INFO BAR_PUSH object_type=ea object_id=10869460 source_id=Ctrader bar_count=10 symbols=["ADAUSD","AUDCAD","AUDCHF","AUDJPY","AUDNZD","AUDUSD","BNBUSD","BTCUSD","CADJPY","DE40"]
[2026-05-27T19:09:01.955Z] INFO BAR_PUSH object_type=ea object_id=10869460 source_id=Ctrader bar_count=10 symbols=["AUDCAD","AUDCHF","AUDJPY","AUDNZD","AUDUSD","BNBUSD","BTCUSD","CADJPY","DE40","ETHUSD"]
[2026-05-27T19:09:33.941Z] INFO BAR_PUSH object_type=ea object_id=10869460 source_id=Ctrader bar_count=10 symbols=["EURAUD","EURCAD","EURGBP","EURJPY","EURSGD","EURUSD"]
[2026-05-27T19:10:06.103Z] INFO BAR_PUSH object_type=ea object_id=10869460 source_id=Ctrader bar_count=10 symbols=["ADAUSD","AUDCAD","AUDCHF","AUDNZD","BNBUSD","BTCUSD"]
[2026-05-27T19:10:37.971Z] INFO BAR_PUSH object_type=ea object_id=10869460 source_id=Ctrader bar_count=10 symbols=["ADAUSD","AUDJPY","AUDUSD","BTCUSD","CADJPY","DE40"]
[2026-05-27T19:11:09.938Z] INFO BAR_PUSH object_type=ea object_id=10869460 source_id=Ctrader bar_count=10 symbols=["AUDCAD","AUDCHF","AUDJPY","AUDNZD","AUDUSD","BNBUSD","BTCUSD","CADJPY","DE40"]
[2026-05-27T19:11:41.943Z] INFO BAR_PUSH object_type=ea object_id=10869460 source_id=Ctrader bar_count=10 symbols=["ADAUSD","ETHUSD","EURAUD","EURCAD","EURGBP","EURJPY"]
[2026-05-27T19:12:13.943Z] INFO BAR_PUSH object_type=ea object_id=10869460 source_id=Ctrader bar_count=10 symbols=["ADAUSD","AUDCAD","AUDCHF","AUDJPY","AUDNZD","AUDUSD","BNBUSD","BTCUSD","CADJPY","DE40"]
[2026-05-27T19:12:47.920Z] INFO BAR_PUSH object_type=ea object_id=10869460 source_id=Ctrader bar_count=10 symbols=["ETHUSD","EURAUD","EURCAD","EURGBP","EURJPY","EURSGD","EURUSD"]
[2026-05-27T19:13:19.946Z] INFO BAR_PUSH object_type=ea object_id=10869460 source_id=Ctrader bar_count=10 symbols=["ADAUSD","AUDCAD","AUDCHF","AUDJPY","AUDNZD","AUDUSD","BNBUSD","BTCUSD","CADJPY","DE40"]
[2026-05-27T19:13:51.925Z] INFO BAR_PUSH object_type=ea object_id=10869460 source_id=Ctrader bar_count=10 symbols=["ETHUSD","EURAUD","EURCAD","EURGBP","EURJPY","EURSGD","EURUSD","GBPAUD"]
[2026-05-27T19:14:23.946Z] INFO BAR_PUSH object_type=ea object_id=10869460 source_id=Ctrader bar_count=10 symbols=["ADAUSD","AUDCAD","AUDCHF","AUDJPY","AUDNZD","AUDUSD","BNBUSD","BTCUSD","CADJPY","DE40"]
[2026-05-27T19:14:55.950Z] INFO BAR_PUSH object_type=ea object_id=10869460 source_id=Ctrader bar_count=10 symbols=["ETHUSD","EURAUD","EURCAD","EURGBP","EURJPY","EURSGD","EURUSD","GBPAUD"]
[2026-05-27T19:15:27.928Z] INFO BAR_PUSH object_type=ea object_id=10869460 source_id=Ctrader bar_count=10 symbols=["ADAUSD","AUDCAD","AUDCHF","AUDJPY"]
[2026-05-27T19:15:59.909Z] INFO BAR_PUSH object_type=ea object_id=10869460 source_id=Ctrader bar_count=10 symbols=["AUDJPY","AUDNZD","AUDUSD","BNBUSD"]
[2026-05-27T19:16:31.954Z] INFO BAR_PUSH object_type=ea object_id=10869460 source_id=Ctrader bar_count=10 symbols=["ADAUSD","AUDCAD","AUDCHF","AUDJPY","AUDNZD","AUDUSD","BNBUSD","BTCUSD"]
[2026-05-27T19:17:03.927Z] INFO BAR_PUSH object_type=ea object_id=10869460 source_id=Ctrader bar_count=10 symbols=["AUDCAD","AUDCHF","AUDJPY","AUDNZD","AUDUSD","BNBUSD","BTCUSD","CADJPY"]
[2026-05-27T19:17:35.918Z] INFO BAR_PUSH object_type=ea object_id=10869460 source_id=Ctrader bar_count=10 symbols=["ADAUSD","CADJPY","DE40","ETHUSD","EURAUD"]
[2026-05-27T19:18:09.959Z] INFO BAR_PUSH object_type=ea object_id=10869460 source_id=Ctrader bar_count=10 symbols=["ADAUSD","AUDCAD","AUDCHF","AUDJPY","AUDNZD","AUDUSD","BNBUSD","BTCUSD","CADJPY","ETHUSD"]
[2026-05-27T19:18:41.934Z] INFO BAR_PUSH object_type=ea object_id=10869460 source_id=Ctrader bar_count=10 symbols=["DE40","EURAUD","EURCAD","EURGBP","EURJPY"]
[2026-05-27T19:19:13.933Z] INFO BAR_PUSH object_type=ea object_id=10869460 source_id=Ctrader bar_count=10 symbols=["ADAUSD","AUDCAD","AUDCHF","AUDJPY","AUDNZD","AUDUSD","BNBUSD","BTCUSD","CADJPY","DE40"]
[2026-05-27T19:19:45.922Z] INFO BAR_PUSH object_type=ea object_id=10869460 source_id=Ctrader bar_count=10 symbols=["ETHUSD","EURAUD","EURCAD","EURGBP","EURJPY","EURSGD"]
[2026-05-27T19:20:17.919Z] INFO BAR_PUSH object_type=ea object_id=10869460 source_id=Ctrader bar_count=10 symbols=["AUDCAD","AUDCHF","AUDJPY","AUDNZD","AUDUSD"]
[2026-05-27T19:20:49.923Z] INFO BAR_PUSH object_type=ea object_id=10869460 source_id=Ctrader bar_count=10 symbols=["BNBUSD","BTCUSD","CADJPY","DE40","ETHUSD"]
[2026-05-27T19:21:23.968Z] INFO BAR_PUSH object_type=ea object_id=10869460 source_id=Ctrader bar_count=10 symbols=["ADAUSD","AUDCAD","AUDCHF","AUDJPY","AUDNZD","AUDUSD","BNBUSD","BTCUSD","CADJPY"]
[2026-05-27T19:21:55.932Z] INFO BAR_PUSH object_type=ea object_id=10869460 source_id=Ctrader bar_count=10 symbols=["DE40","ETHUSD","EURAUD","EURCAD","EURGBP","EURJPY"]
[2026-05-27T19:22:28.017Z] INFO BAR_PUSH object_type=ea object_id=10869460 source_id=Ctrader bar_count=10 symbols=["AUDCAD","AUDCHF","AUDJPY","AUDNZD","AUDUSD","BNBUSD","BTCUSD","CADJPY","DE40","ETHUSD"]
[2026-05-27T19:22:59.947Z] INFO BAR_PUSH object_type=ea object_id=10869460 source_id=Ctrader bar_count=10 symbols=["ADAUSD","EURAUD","EURCAD","EURGBP","EURJPY","EURSGD","EURUSD"]
[2026-05-27T19:23:31.955Z] INFO BAR_PUSH object_type=ea object_id=10869460 source_id=Ctrader bar_count=10 symbols=["ADAUSD","AUDCAD","AUDCHF","AUDJPY","AUDNZD","AUDUSD","BNBUSD","BTCUSD","CADJPY","DE40"]
[2026-05-27T19:24:03.947Z] INFO BAR_PUSH object_type=ea object_id=10869460 source_id=Ctrader bar_count=10 symbols=["AUDCAD","AUDCHF","AUDJPY","AUDNZD","AUDUSD","BNBUSD","BTCUSD","CADJPY","DE40","ETHUSD"]
[2026-05-27T19:24:35.974Z] INFO BAR_PUSH object_type=ea object_id=10869460 source_id=Ctrader bar_count=10 symbols=["ADAUSD","EURAUD","EURCAD","EURGBP","EURJPY","EURSGD","EURUSD","GBPAUD"]
[2026-05-27T19:25:07.920Z] INFO BAR_PUSH object_type=ea object_id=10869460 source_id=Ctrader bar_count=10 symbols=["ADAUSD","AUDCAD","AUDCHF","AUDJPY","AUDNZD"]
[2026-05-27T19:25:39.953Z] INFO BAR_PUSH object_type=ea object_id=10869460 source_id=Ctrader bar_count=10 symbols=["AUDUSD","BNBUSD","BTCUSD","CADJPY","DE40"]
[2026-05-27T19:26:11.956Z] INFO BAR_PUSH object_type=ea object_id=10869460 source_id=Ctrader bar_count=10 symbols=["AUDCAD","AUDCHF","AUDJPY","AUDNZD","AUDUSD","BNBUSD","BTCUSD","CADJPY","DE40","ETHUSD"]
[2026-05-27T19:26:45.940Z] INFO BAR_PUSH object_type=ea object_id=10869460 source_id=Ctrader bar_count=10 symbols=["ETHUSD","EURAUD","EURCAD","EURGBP","EURJPY","EURSGD"]
[2026-05-27T19:27:19.974Z] INFO BAR_PUSH object_type=ea object_id=10869460 source_id=Ctrader bar_count=10 symbols=["AUDCAD","AUDCHF","AUDJPY","AUDNZD","AUDUSD","BNBUSD","BTCUSD","CADJPY","DE40","ETHUSD"]
[2026-05-27T19:27:53.935Z] INFO BAR_PUSH object_type=ea object_id=10869460 source_id=Ctrader bar_count=10 symbols=["ADAUSD","EURAUD","EURCAD","EURGBP","EURJPY","EURSGD","EURUSD","GBPAUD"]
[2026-05-27T19:28:25.956Z] INFO BAR_PUSH object_type=ea object_id=10869460 source_id=Ctrader bar_count=10 symbols=["AUDCAD","AUDCHF","AUDJPY","AUDNZD","AUDUSD","BNBUSD","BTCUSD","CADJPY","DE40","ETHUSD"]
[2026-05-27T19:28:57.943Z] INFO BAR_PUSH object_type=ea object_id=10869460 source_id=Ctrader bar_count=10 symbols=["EURAUD","EURCAD","EURGBP","EURJPY","EURSGD","EURUSD","GBPAUD","GBPCAD"]
[2026-05-27T19:29:29.949Z] INFO BAR_PUSH object_type=ea object_id=10869460 source_id=Ctrader bar_count=10 symbols=["ADAUSD","AUDCAD","AUDCHF","AUDJPY","AUDNZD","AUDUSD","BNBUSD","BTCUSD","CADJPY","DE40"]
[2026-05-27T19:30:03.949Z] INFO BAR_PUSH object_type=ea object_id=10869460 source_id=Ctrader bar_count=10 symbols=["AUDCAD","AUDCHF","AUDJPY","AUDNZD"]
[2026-05-27T19:30:35.924Z] INFO BAR_PUSH object_type=ea object_id=10869460 source_id=Ctrader bar_count=10 symbols=["ADAUSD","AUDNZD","AUDUSD","BNBUSD"]
[2026-05-27T19:31:09.914Z] INFO BAR_PUSH object_type=ea object_id=10869460 source_id=Ctrader bar_count=10 symbols=["AUDCAD","AUDCHF","AUDJPY","AUDNZD","AUDUSD","BNBUSD","BTCUSD"]
[2026-05-27T19:31:41.934Z] INFO BAR_PUSH object_type=ea object_id=10869460 source_id=Ctrader bar_count=10 symbols=["ADAUSD","CADJPY","DE40","ETHUSD"]
[2026-05-27T19:32:13.950Z] INFO BAR_PUSH object_type=ea object_id=10869460 source_id=Ctrader bar_count=10 symbols=["ADAUSD","AUDCAD","AUDCHF","AUDJPY","AUDNZD","AUDUSD","BNBUSD","BTCUSD","CADJPY","DE40"]
[2026-05-27T19:32:45.914Z] INFO BAR_PUSH object_type=ea object_id=10869460 source_id=Ctrader bar_count=10 symbols=["ETHUSD","EURAUD","EURCAD","EURGBP"]
[2026-05-27T19:33:19.959Z] INFO BAR_PUSH object_type=ea object_id=10869460 source_id=Ctrader bar_count=10 symbols=["ADAUSD","AUDCAD","AUDCHF","AUDJPY","AUDNZD","AUDUSD","BNBUSD","BTCUSD","CADJPY","DE40"]
[2026-05-27T19:33:51.912Z] INFO BAR_PUSH object_type=ea object_id=10869460 source_id=Ctrader bar_count=10 symbols=["ETHUSD","EURAUD","EURCAD","EURGBP","EURJPY","EURSGD"]
[2026-05-27T19:34:24.102Z] INFO BAR_PUSH object_type=ea object_id=10869460 source_id=Ctrader bar_count=10 symbols=["ADAUSD","AUDCAD","AUDCHF","AUDJPY","AUDNZD","AUDUSD","BNBUSD","BTCUSD","CADJPY","DE40"]
[2026-05-27T19:34:55.948Z] INFO BAR_PUSH object_type=ea object_id=10869460 source_id=Ctrader bar_count=10 symbols=["ETHUSD","EURAUD","EURCAD","EURGBP","EURJPY","EURSGD","EURUSD","GBPAUD"]
[2026-05-27T19:35:27.923Z] INFO BAR_PUSH object_type=ea object_id=10869460 source_id=Ctrader bar_count=10 symbols=["ADAUSD","AUDCAD","AUDCHF","AUDJPY","AUDNZD"]
[2026-05-27T19:35:59.927Z] INFO BAR_PUSH object_type=ea object_id=10869460 source_id=Ctrader bar_count=10 symbols=["AUDUSD","BNBUSD","BTCUSD","CADJPY","DE40"]
[2026-05-27T19:36:31.949Z] INFO BAR_PUSH object_type=ea object_id=10869460 source_id=Ctrader bar_count=10 symbols=["ADAUSD","AUDCAD","AUDCHF","AUDJPY","AUDNZD","AUDUSD","BNBUSD","BTCUSD","CADJPY","DE40"]
[2026-05-27T19:37:03.914Z] INFO BAR_PUSH object_type=ea object_id=10869460 source_id=Ctrader bar_count=10 symbols=["AUDCAD","AUDCHF","AUDJPY","AUDNZD","AUDUSD","BNBUSD","BTCUSD","CADJPY","DE40","ETHUSD"]
[2026-05-27T19:37:35.915Z] INFO BAR_PUSH object_type=ea object_id=10869460 source_id=Ctrader bar_count=10 symbols=["ETHUSD","EURAUD","EURCAD","EURGBP","EURJPY","EURSGD"]
[2026-05-27T19:38:07.944Z] INFO BAR_PUSH object_type=ea object_id=10869460 source_id=Ctrader bar_count=10 symbols=["ADAUSD","AUDCAD","AUDCHF","AUDJPY","AUDNZD","AUDUSD","BNBUSD","BTCUSD","CADJPY","DE40"]
[2026-05-27T19:38:39.919Z] INFO BAR_PUSH object_type=ea object_id=10869460 source_id=Ctrader bar_count=10 symbols=["ETHUSD","EURAUD","EURCAD","EURGBP","EURJPY","EURSGD","EURUSD","GBPAUD"]
[2026-05-27T19:39:14.002Z] INFO BAR_PUSH object_type=ea object_id=10869460 source_id=Ctrader bar_count=10 symbols=["AUDCAD","AUDCHF","AUDJPY","AUDNZD","AUDUSD","BNBUSD","BTCUSD","CADJPY","DE40","ETHUSD"]
[2026-05-27T19:39:45.910Z] INFO BAR_PUSH object_type=ea object_id=10869460 source_id=Ctrader bar_count=10 symbols=["ADAUSD","EURAUD","EURCAD","EURGBP","EURJPY","EURSGD","EURUSD","GBPAUD"]
[2026-05-27T19:40:17.915Z] INFO BAR_PUSH object_type=ea object_id=10869460 source_id=Ctrader bar_count=10 symbols=["AUDCAD","AUDCHF","AUDJPY","AUDNZD","AUDUSD"]
[2026-05-27T19:40:51.943Z] INFO BAR_PUSH object_type=ea object_id=10869460 source_id=Ctrader bar_count=10 symbols=["ADAUSD","BNBUSD","BTCUSD","CADJPY","DE40"]
[2026-05-27T19:41:23.929Z] INFO BAR_PUSH object_type=ea object_id=10869460 source_id=Ctrader bar_count=10 symbols=["ADAUSD","AUDCAD","AUDCHF","AUDJPY","AUDNZD","AUDUSD","BNBUSD","BTCUSD","CADJPY","DE40"]
[2026-05-27T19:41:55.923Z] INFO BAR_PUSH object_type=ea object_id=10869460 source_id=Ctrader bar_count=10 symbols=["ETHUSD","EURAUD","EURCAD","EURGBP","EURJPY"]
[2026-05-27T19:42:29.968Z] INFO BAR_PUSH object_type=ea object_id=10869460 source_id=Ctrader bar_count=10 symbols=["ADAUSD","AUDCAD","AUDCHF","AUDJPY","AUDNZD","AUDUSD","BNBUSD","BTCUSD","CADJPY","DE40"]
[2026-05-27T19:43:03.923Z] INFO BAR_PUSH object_type=ea object_id=10869460 source_id=Ctrader bar_count=10 symbols=["AUDCAD","AUDNZD","BNBUSD","BTCUSD","CADJPY","DE40","ETHUSD","EURAUD","EURCAD","EURGBP"]
[2026-05-27T19:43:35.939Z] INFO BAR_PUSH object_type=ea object_id=10869460 source_id=Ctrader bar_count=10 symbols=["AUDCHF","AUDJPY","AUDUSD","EURJPY","EURSGD","EURUSD","GBPAUD"]
[2026-05-27T19:44:07.960Z] INFO BAR_PUSH object_type=ea object_id=10869460 source_id=Ctrader bar_count=10 symbols=["ADAUSD","AUDCAD","AUDCHF","AUDJPY","AUDNZD","AUDUSD","BNBUSD","BTCUSD","CADJPY","DE40"]
[2026-05-27T19:44:39.935Z] INFO BAR_PUSH object_type=ea object_id=10869460 source_id=Ctrader bar_count=10 symbols=["ETHUSD","EURAUD","EURCAD","EURGBP","EURJPY","EURSGD","EURUSD","GBPAUD","GBPCAD"]
[2026-05-27T19:45:13.910Z] INFO BAR_PUSH object_type=ea object_id=10869460 source_id=Ctrader bar_count=10 symbols=["ADAUSD","AUDCAD","AUDCHF","AUDJPY"]
[2026-05-27T19:45:45.944Z] INFO BAR_PUSH object_type=ea object_id=10869460 source_id=Ctrader bar_count=10 symbols=["AUDJPY","AUDNZD","AUDUSD","BNBUSD"]
[2026-05-27T19:46:17.924Z] INFO BAR_PUSH object_type=ea object_id=10869460 source_id=Ctrader bar_count=10 symbols=["AUDCAD","AUDCHF","AUDJPY","AUDNZD","AUDUSD","BNBUSD","BTCUSD"]
[2026-05-27T19:46:49.895Z] INFO BAR_PUSH object_type=ea object_id=10869460 source_id=Ctrader bar_count=10 symbols=["ADAUSD","CADJPY","DE40","ETHUSD"]
[2026-05-27T19:47:23.963Z] INFO BAR_PUSH object_type=ea object_id=10869460 source_id=Ctrader bar_count=10 symbols=["ADAUSD","AUDCAD","AUDCHF","AUDJPY","AUDNZD","AUDUSD","BNBUSD","BTCUSD","CADJPY","DE40"]
[2026-05-27T19:47:55.903Z] INFO BAR_PUSH object_type=ea object_id=10869460 source_id=Ctrader bar_count=10 symbols=["ETHUSD","EURAUD","EURCAD","EURGBP"]
[2026-05-27T19:48:27.910Z] INFO BAR_PUSH object_type=ea object_id=10869460 source_id=Ctrader bar_count=10 symbols=["ADAUSD","AUDCAD","AUDCHF","AUDJPY","AUDNZD","AUDUSD","BNBUSD","BTCUSD","CADJPY","DE40"]
[2026-05-27T19:48:59.909Z] INFO BAR_PUSH object_type=ea object_id=10869460 source_id=Ctrader bar_count=10 symbols=["ETHUSD","EURAUD","EURCAD","EURGBP","EURJPY","EURSGD"]
[2026-05-27T19:49:31.924Z] INFO BAR_PUSH object_type=ea object_id=10869460 source_id=Ctrader bar_count=10 symbols=["ADAUSD","AUDCAD","AUDCHF","AUDJPY","AUDNZD","AUDUSD","BNBUSD","BTCUSD","CADJPY","DE40"]
[2026-05-27T19:50:03.892Z] INFO BAR_PUSH object_type=ea object_id=10869460 source_id=Ctrader bar_count=10 symbols=["ADAUSD","AUDCAD","AUDCHF","AUDJPY","AUDNZD"]
[2026-05-27T19:50:35.908Z] INFO BAR_PUSH object_type=ea object_id=10869460 source_id=Ctrader bar_count=10 symbols=["AUDUSD","BNBUSD","BTCUSD","CADJPY","DE40"]
[2026-05-27T19:51:07.914Z] INFO BAR_PUSH object_type=ea object_id=10869460 source_id=Ctrader bar_count=10 symbols=["ADAUSD","AUDCAD","AUDCHF","AUDJPY","AUDNZD","AUDUSD","BNBUSD","BTCUSD","CADJPY","DE40"]
[2026-05-27T19:51:39.936Z] INFO BAR_PUSH object_type=ea object_id=10869460 source_id=Ctrader bar_count=10 symbols=["ETHUSD","EURAUD","EURCAD","EURGBP","EURJPY"]
[2026-05-27T19:52:11.907Z] INFO BAR_PUSH object_type=ea object_id=10869460 source_id=Ctrader bar_count=10 symbols=["AUDCAD","AUDCHF","AUDJPY","AUDNZD","AUDUSD","BNBUSD","BTCUSD","CADJPY","DE40","ETHUSD"]
[2026-05-27T19:52:43.893Z] INFO BAR_PUSH object_type=ea object_id=10869460 source_id=Ctrader bar_count=10 symbols=["ADAUSD","EURAUD","EURCAD","EURGBP","EURJPY","EURSGD","EURUSD"]
[2026-05-27T19:53:15.946Z] INFO BAR_PUSH object_type=ea object_id=10869460 source_id=Ctrader bar_count=10 symbols=["AUDCAD","AUDCHF","AUDJPY","AUDNZD","AUDUSD","BNBUSD","BTCUSD","CADJPY","DE40","ETHUSD"]
[2026-05-27T19:53:47.926Z] INFO BAR_PUSH object_type=ea object_id=10869460 source_id=Ctrader bar_count=10 symbols=["ADAUSD","EURAUD","EURCAD","EURGBP","EURJPY","EURSGD","EURUSD","GBPAUD"]
[2026-05-27T19:54:20.028Z] INFO BAR_PUSH object_type=ea object_id=10869460 source_id=Ctrader bar_count=10 symbols=["AUDCAD","AUDCHF","AUDJPY","AUDNZD","AUDUSD","BNBUSD","BTCUSD","CADJPY","DE40","ETHUSD"]
[2026-05-27T19:54:51.913Z] INFO BAR_PUSH object_type=ea object_id=10869460 source_id=Ctrader bar_count=10 symbols=["ADAUSD","EURAUD","EURCAD","EURGBP","EURJPY","EURSGD","EURUSD","GBPAUD","GBPCAD"]
[2026-05-27T19:55:23.904Z] INFO BAR_PUSH object_type=ea object_id=10869460 source_id=Ctrader bar_count=10 symbols=["ADAUSD","AUDCAD","AUDCHF","AUDJPY","AUDNZD"]
[2026-05-27T19:55:57.932Z] INFO BAR_PUSH object_type=ea object_id=10869460 source_id=Ctrader bar_count=10 symbols=["AUDUSD","BNBUSD","BTCUSD","CADJPY","DE40"]
[2026-05-27T19:56:29.934Z] INFO BAR_PUSH object_type=ea object_id=10869460 source_id=Ctrader bar_count=10 symbols=["ADAUSD","AUDCAD","AUDCHF","AUDJPY","AUDNZD","AUDUSD","BNBUSD","BTCUSD","CADJPY","DE40"]
[2026-05-27T19:57:01.909Z] INFO BAR_PUSH object_type=ea object_id=10869460 source_id=Ctrader bar_count=10 symbols=["AUDCAD","AUDCHF","AUDJPY","AUDNZD","AUDUSD","BNBUSD","BTCUSD","CADJPY","ETHUSD"]
[2026-05-27T19:57:33.950Z] INFO BAR_PUSH object_type=ea object_id=10869460 source_id=Ctrader bar_count=10 symbols=["ADAUSD","DE40","ETHUSD","EURAUD","EURCAD","EURGBP","EURJPY"]
[2026-05-27T19:58:05.923Z] INFO BAR_PUSH object_type=ea object_id=10869460 source_id=Ctrader bar_count=10 symbols=["AUDCAD","AUDCHF","AUDJPY","AUDNZD","AUDUSD","BNBUSD","BTCUSD","CADJPY","DE40","ETHUSD"]
[2026-05-27T19:58:37.912Z] INFO BAR_PUSH object_type=ea object_id=10869460 source_id=Ctrader bar_count=10 symbols=["ADAUSD","EURAUD","EURCAD","EURGBP","EURJPY","EURSGD","EURUSD"]
[2026-05-27T19:59:11.910Z] INFO BAR_PUSH object_type=ea object_id=10869460 source_id=Ctrader bar_count=10 symbols=["AUDCAD","AUDCHF","AUDJPY","AUDNZD","AUDUSD","BNBUSD","BTCUSD","CADJPY","DE40","ETHUSD"]
[2026-05-27T19:59:43.885Z] INFO BAR_PUSH object_type=ea object_id=10869460 source_id=Ctrader bar_count=10 symbols=["EURAUD","EURCAD","EURGBP","EURJPY","EURSGD","EURUSD","GBPAUD","GBPCAD"]
[2026-05-27T20:00:17.892Z] INFO BAR_PUSH object_type=ea object_id=10869460 source_id=Ctrader bar_count=10 symbols=["ADAUSD","AUDCAD","AUDCHF"]
[2026-05-27T20:00:49.917Z] INFO BAR_PUSH object_type=ea object_id=10869460 source_id=Ctrader bar_count=10 symbols=["AUDCHF","AUDJPY","AUDNZD"]
[2026-05-27T20:01:21.902Z] INFO BAR_PUSH object_type=ea object_id=10869460 source_id=Ctrader bar_count=10 symbols=["ADAUSD","AUDCAD","AUDCHF","AUDJPY","AUDNZD","AUDUSD","BNBUSD"]
[2026-05-27T20:01:53.927Z] INFO BAR_PUSH object_type=ea object_id=10869460 source_id=Ctrader bar_count=10 symbols=["BNBUSD","BTCUSD","CADJPY"]
[2026-05-27T20:02:25.903Z] INFO BAR_PUSH object_type=ea object_id=10869460 source_id=Ctrader bar_count=10 symbols=["ADAUSD","AUDCAD","AUDCHF","AUDJPY","AUDNZD","AUDUSD","BNBUSD","BTCUSD","CADJPY"]
[2026-05-27T20:02:57.885Z] INFO BAR_PUSH object_type=ea object_id=10869460 source_id=Ctrader bar_count=10 symbols=["DE40","ETHUSD","EURAUD"]
[2026-05-27T20:03:29.908Z] INFO BAR_PUSH object_type=ea object_id=10869460 source_id=Ctrader bar_count=10 symbols=["AUDCAD","AUDCHF","AUDJPY","AUDNZD","AUDUSD","BNBUSD","BTCUSD","CADJPY","DE40","ETHUSD"]
[2026-05-27T20:04:03.912Z] INFO BAR_PUSH object_type=ea object_id=10869460 source_id=Ctrader bar_count=10 symbols=["ADAUSD","AUDCAD","AUDCHF","AUDJPY","AUDNZD","AUDUSD","BNBUSD","BTCUSD","DE40","ETHUSD"]
[2026-05-27T20:04:37.906Z] INFO BAR_PUSH object_type=ea object_id=10869460 source_id=Ctrader bar_count=10 symbols=["ADAUSD","CADJPY","EURAUD","EURCAD","EURGBP"]
[2026-05-27T20:05:11.882Z] INFO BAR_PUSH object_type=ea object_id=10869460 source_id=Ctrader bar_count=10 symbols=["ADAUSD","AUDCAD","AUDCHF","AUDJPY","AUDNZD"]
[2026-05-27T20:05:43.893Z] INFO BAR_PUSH object_type=ea object_id=10869460 source_id=Ctrader bar_count=10 symbols=["AUDUSD","BNBUSD","BTCUSD","CADJPY","DE40"]
[2026-05-27T20:06:15.920Z] INFO BAR_PUSH object_type=ea object_id=10869460 source_id=Ctrader bar_count=10 symbols=["ADAUSD","AUDCAD","AUDCHF","AUDJPY","AUDNZD","AUDUSD","BNBUSD","BTCUSD","CADJPY","DE40"]
[2026-05-27T20:06:47.895Z] INFO BAR_PUSH object_type=ea object_id=10869460 source_id=Ctrader bar_count=10 symbols=["ETHUSD","EURAUD","EURCAD","EURGBP"]
[2026-05-27T20:07:21.907Z] INFO BAR_PUSH object_type=ea object_id=10869460 source_id=Ctrader bar_count=10 symbols=["ADAUSD","AUDCAD","AUDCHF","AUDJPY","AUDNZD","AUDUSD","BNBUSD","BTCUSD","CADJPY","DE40"]
[2026-05-27T20:07:53.946Z] INFO BAR_PUSH object_type=ea object_id=10869460 source_id=Ctrader bar_count=10 symbols=["ETHUSD","EURAUD","EURCAD","EURGBP","EURJPY","EURSGD"]
[2026-05-27T20:08:27.922Z] INFO BAR_PUSH object_type=ea object_id=10869460 source_id=Ctrader bar_count=10 symbols=["AUDCAD","AUDCHF","AUDJPY","AUDNZD","AUDUSD","BNBUSD","BTCUSD","CADJPY","DE40","ETHUSD"]
[2026-05-27T20:08:59.898Z] INFO BAR_PUSH object_type=ea object_id=10869460 source_id=Ctrader bar_count=10 symbols=["ADAUSD","EURAUD","EURCAD","EURGBP","EURJPY","EURSGD","EURUSD"]
[2026-05-27T20:09:31.919Z] INFO BAR_PUSH object_type=ea object_id=10869460 source_id=Ctrader bar_count=10 symbols=["AUDCAD","AUDCHF","AUDJPY","AUDNZD","AUDUSD","BNBUSD","BTCUSD","CADJPY","DE40","ETHUSD"]
[2026-05-27T20:10:03.904Z] INFO BAR_PUSH object_type=ea object_id=10869460 source_id=Ctrader bar_count=10 symbols=["ADAUSD","AUDCAD","AUDJPY","AUDNZD","AUDUSD","BNBUSD"]
[2026-05-27T20:10:37.936Z] INFO BAR_PUSH object_type=ea object_id=10869460 source_id=Ctrader bar_count=10 symbols=["ADAUSD","AUDCHF","BNBUSD","BTCUSD","CADJPY","DE40"]
[2026-05-27T20:11:09.910Z] INFO BAR_PUSH object_type=ea object_id=10869460 source_id=Ctrader bar_count=10 symbols=["ADAUSD","AUDCAD","AUDCHF","AUDJPY","AUDNZD","AUDUSD","BNBUSD","BTCUSD","CADJPY","DE40"]
[2026-05-27T20:11:41.985Z] INFO BAR_PUSH object_type=ea object_id=10869460 source_id=Ctrader bar_count=10 symbols=["DE40","ETHUSD","EURAUD","EURCAD","EURGBP","EURJPY"]
[2026-05-27T20:12:13.932Z] INFO BAR_PUSH object_type=ea object_id=10869460 source_id=Ctrader bar_count=10 symbols=["ADAUSD","AUDCAD","AUDCHF","AUDJPY","AUDNZD","AUDUSD","BNBUSD","BTCUSD","CADJPY","DE40"]
[2026-05-27T20:12:45.909Z] INFO BAR_PUSH object_type=ea object_id=10869460 source_id=Ctrader bar_count=10 symbols=["ETHUSD","EURAUD","EURCAD","EURGBP","EURJPY","EURSGD","EURUSD"]
[2026-05-27T20:13:17.918Z] INFO BAR_PUSH object_type=ea object_id=10869460 source_id=Ctrader bar_count=10 symbols=["AUDCAD","AUDCHF","AUDJPY","AUDNZD","AUDUSD","BNBUSD","BTCUSD","DE40","ETHUSD","EURAUD"]
[2026-05-27T20:13:49.913Z] INFO BAR_PUSH object_type=ea object_id=10869460 source_id=Ctrader bar_count=10 symbols=["CADJPY","EURCAD","EURGBP","EURJPY","EURSGD","EURUSD","GBPAUD"]
[2026-05-27T20:14:21.928Z] INFO BAR_PUSH object_type=ea object_id=10869460 source_id=Ctrader bar_count=10 symbols=["ADAUSD","AUDCAD","AUDCHF","AUDJPY","AUDNZD","AUDUSD","BNBUSD","BTCUSD","CADJPY","DE40"]
[2026-05-27T20:14:55.918Z] INFO BAR_PUSH object_type=ea object_id=10869460 source_id=Ctrader bar_count=10 symbols=["ETHUSD","EURAUD","EURCAD","EURGBP","EURJPY","EURSGD","EURUSD","GBPAUD"]
[2026-05-27T20:15:27.937Z] INFO BAR_PUSH object_type=ea object_id=10869460 source_id=Ctrader bar_count=10 symbols=["ADAUSD","AUDCAD","AUDCHF","AUDJPY"]
[2026-05-27T20:15:59.898Z] INFO BAR_PUSH object_type=ea object_id=10869460 source_id=Ctrader bar_count=10 symbols=["AUDJPY","AUDNZD","AUDUSD","BNBUSD"]
[2026-05-27T20:16:31.988Z] INFO BAR_PUSH object_type=ea object_id=10869460 source_id=Ctrader bar_count=10 symbols=["ADAUSD","AUDCAD","AUDCHF","AUDJPY","AUDNZD","AUDUSD","BNBUSD","BTCUSD"]
[2026-05-27T20:17:03.916Z] INFO BAR_PUSH object_type=ea object_id=10869460 source_id=Ctrader bar_count=10 symbols=["AUDCAD","AUDJPY","AUDNZD","BNBUSD","BTCUSD","CADJPY","DE40"]
[2026-05-27T20:17:35.931Z] INFO BAR_PUSH object_type=ea object_id=10869460 source_id=Ctrader bar_count=10 symbols=["AUDCHF","AUDUSD","DE40","ETHUSD","EURAUD"]
[2026-05-27T20:18:07.926Z] INFO BAR_PUSH object_type=ea object_id=10869460 source_id=Ctrader bar_count=10 symbols=["ADAUSD","AUDCAD","AUDCHF","AUDJPY","AUDNZD","AUDUSD","BNBUSD","BTCUSD","CADJPY","DE40"]
[2026-05-27T20:18:41.964Z] INFO BAR_PUSH object_type=ea object_id=10869460 source_id=Ctrader bar_count=10 symbols=["ADAUSD","ETHUSD","EURAUD","EURCAD","EURGBP","EURJPY"]
[2026-05-27T20:19:13.934Z] INFO BAR_PUSH object_type=ea object_id=10869460 source_id=Ctrader bar_count=10 symbols=["AUDCAD","AUDCHF","AUDJPY","AUDNZD","AUDUSD","BNBUSD","BTCUSD","CADJPY","DE40","ETHUSD"]
[2026-05-27T20:19:45.901Z] INFO BAR_PUSH object_type=ea object_id=10869460 source_id=Ctrader bar_count=10 symbols=["EURAUD","EURCAD","EURGBP","EURJPY","EURSGD","EURUSD"]
[2026-05-27T20:20:17.908Z] INFO BAR_PUSH object_type=ea object_id=10869460 source_id=Ctrader bar_count=10 symbols=["ADAUSD","AUDCAD","AUDCHF","AUDJPY","AUDNZD"]
[2026-05-27T20:21:15.958Z] INFO BAR_PUSH object_type=ea object_id=10869460 source_id=Ctrader bar_count=10 symbols=["ADAUSD","AUDCAD","AUDCHF","AUDJPY","AUDNZD","AUDUSD","BNBUSD","BTCUSD"]
[2026-05-27T20:21:47.903Z] INFO BAR_PUSH object_type=ea object_id=10869460 source_id=Ctrader bar_count=10 symbols=["BTCUSD","CADJPY","DE40","ETHUSD","EURAUD","EURCAD"]
[2026-05-27T20:22:22.263Z] INFO BAR_PUSH object_type=ea object_id=10869460 source_id=Ctrader bar_count=10 symbols=["AUDCAD","AUDCHF","AUDJPY","AUDNZD","AUDUSD","BNBUSD","BTCUSD","CADJPY","DE40","ETHUSD"]
[2026-05-27T20:22:53.914Z] INFO BAR_PUSH object_type=ea object_id=10869460 source_id=Ctrader bar_count=10 symbols=["EURAUD","EURCAD","EURGBP","EURJPY","EURSGD","EURUSD"]
[2026-05-27T20:23:27.928Z] INFO BAR_PUSH object_type=ea object_id=10869460 source_id=Ctrader bar_count=10 symbols=["ADAUSD","AUDCAD","AUDCHF","AUDJPY","AUDNZD","AUDUSD","BNBUSD","BTCUSD","CADJPY","DE40"]
[2026-05-27T20:23:59.921Z] INFO BAR_PUSH object_type=ea object_id=10869460 source_id=Ctrader bar_count=10 symbols=["ETHUSD","EURAUD","EURCAD","EURGBP","EURJPY","EURSGD","EURUSD","GBPAUD"]
[2026-05-27T20:24:33.933Z] INFO BAR_PUSH object_type=ea object_id=10869460 source_id=Ctrader bar_count=10 symbols=["ADAUSD","AUDCAD","AUDCHF","AUDJPY","AUDNZD","AUDUSD","BNBUSD","BTCUSD","CADJPY","DE40"]
[2026-05-27T20:25:07.916Z] INFO BAR_PUSH object_type=ea object_id=10869460 source_id=Ctrader bar_count=10 symbols=["AUDCAD","AUDCHF","AUDJPY","AUDNZD","AUDUSD"]
[2026-05-27T20:25:39.935Z] INFO BAR_PUSH object_type=ea object_id=10869460 source_id=Ctrader bar_count=10 symbols=["ADAUSD","BNBUSD","BTCUSD","CADJPY","DE40"]
[2026-05-27T20:26:13.930Z] INFO BAR_PUSH object_type=ea object_id=10869460 source_id=Ctrader bar_count=10 symbols=["AUDCAD","AUDCHF","AUDJPY","AUDNZD","AUDUSD","BNBUSD","BTCUSD","CADJPY","DE40","ETHUSD"]
[2026-05-27T20:26:45.906Z] INFO BAR_PUSH object_type=ea object_id=10869460 source_id=Ctrader bar_count=10 symbols=["ETHUSD","EURAUD","EURCAD","EURGBP","EURJPY","EURSGD"]
[2026-05-27T20:27:17.928Z] INFO BAR_PUSH object_type=ea object_id=10869460 source_id=Ctrader bar_count=10 symbols=["AUDCAD","AUDCHF","AUDJPY","AUDNZD","AUDUSD","BNBUSD","BTCUSD","CADJPY","DE40","ETHUSD"]
[2026-05-27T20:27:49.950Z] INFO BAR_PUSH object_type=ea object_id=10869460 source_id=Ctrader bar_count=10 symbols=["ADAUSD","EURAUD","EURCAD","EURGBP","EURJPY","EURSGD","EURUSD","GBPAUD"]
[2026-05-27T20:28:21.908Z] INFO BAR_PUSH object_type=ea object_id=10869460 source_id=Ctrader bar_count=10 symbols=["ADAUSD","AUDCAD","AUDCHF","AUDJPY","AUDNZD","AUDUSD","BNBUSD","BTCUSD","CADJPY","DE40"]
[2026-05-27T20:28:53.898Z] INFO BAR_PUSH object_type=ea object_id=10869460 source_id=Ctrader bar_count=10 symbols=["ETHUSD","EURAUD","EURCAD","EURGBP","EURJPY","EURSGD","EURUSD","GBPAUD"]
[2026-05-27T20:29:26.092Z] INFO BAR_PUSH object_type=ea object_id=10869460 source_id=Ctrader bar_count=10 symbols=["ADAUSD","AUDCAD","AUDCHF","AUDJPY","AUDNZD","AUDUSD","BNBUSD","BTCUSD","CADJPY","DE40"]
[2026-05-27T20:29:57.900Z] INFO BAR_PUSH object_type=ea object_id=10869460 source_id=Ctrader bar_count=10 symbols=["ETHUSD","EURAUD","EURCAD","EURGBP","EURJPY","EURSGD","EURUSD","GBPAUD","GBPCAD"]
[2026-05-27T20:30:29.941Z] INFO BAR_PUSH object_type=ea object_id=10869460 source_id=Ctrader bar_count=10 symbols=["ADAUSD","AUDCAD","AUDCHF","AUDJPY"]
[2026-05-27T20:31:03.911Z] INFO BAR_PUSH object_type=ea object_id=10869460 source_id=Ctrader bar_count=10 symbols=["AUDCAD","AUDCHF","AUDJPY","AUDNZD","AUDUSD"]
[2026-05-27T20:31:35.908Z] INFO BAR_PUSH object_type=ea object_id=10869460 source_id=Ctrader bar_count=10 symbols=["ADAUSD","AUDJPY","AUDNZD","AUDUSD","BNBUSD","BTCUSD"]
[2026-05-27T20:32:07.961Z] INFO BAR_PUSH object_type=ea object_id=10869460 source_id=Ctrader bar_count=10 symbols=["AUDCAD","AUDCHF","AUDJPY","AUDNZD","AUDUSD","BNBUSD","BTCUSD","CADJPY"]
[2026-05-27T20:32:39.903Z] INFO BAR_PUSH object_type=ea object_id=10869460 source_id=Ctrader bar_count=10 symbols=["ADAUSD","DE40","ETHUSD","EURAUD"]
[2026-05-27T20:33:11.910Z] INFO BAR_PUSH object_type=ea object_id=10869460 source_id=Ctrader bar_count=10 symbols=["ADAUSD","AUDCAD","AUDCHF","AUDJPY","AUDNZD","AUDUSD","BNBUSD","BTCUSD","CADJPY","DE40"]
[2026-05-27T20:33:43.879Z] INFO BAR_PUSH object_type=ea object_id=10869460 source_id=Ctrader bar_count=10 symbols=["ETHUSD","EURAUD","EURCAD","EURGBP","EURJPY"]
[2026-05-27T20:34:15.967Z] INFO BAR_PUSH object_type=ea object_id=10869460 source_id=Ctrader bar_count=10 symbols=["ADAUSD","AUDCAD","AUDCHF","AUDJPY","AUDNZD","AUDUSD","BNBUSD","BTCUSD","CADJPY","DE40"]
[2026-05-27T20:34:47.956Z] INFO BAR_PUSH object_type=ea object_id=10869460 source_id=Ctrader bar_count=10 symbols=["ETHUSD","EURAUD","EURCAD","EURGBP","EURJPY","EURSGD","EURUSD"]
[2026-05-27T20:35:21.900Z] INFO BAR_PUSH object_type=ea object_id=10869460 source_id=Ctrader bar_count=10 symbols=["ADAUSD","AUDCAD","AUDCHF","AUDJPY","AUDNZD"]
[2026-05-27T20:35:53.896Z] INFO BAR_PUSH object_type=ea object_id=10869460 source_id=Ctrader bar_count=10 symbols=["AUDUSD","BNBUSD","BTCUSD","CADJPY","DE40"]
[2026-05-27T20:36:25.906Z] INFO BAR_PUSH object_type=ea object_id=10869460 source_id=Ctrader bar_count=10 symbols=["AUDCAD","AUDCHF","AUDJPY","AUDNZD","AUDUSD","BNBUSD","BTCUSD","CADJPY","DE40","ETHUSD"]
[2026-05-27T20:36:57.885Z] INFO BAR_PUSH object_type=ea object_id=10869460 source_id=Ctrader bar_count=10 symbols=["ADAUSD","ETHUSD","EURAUD","EURCAD","EURGBP","EURJPY"]
[2026-05-27T20:37:29.957Z] INFO BAR_PUSH object_type=ea object_id=10869460 source_id=Ctrader bar_count=10 symbols=["AUDCAD","AUDCHF","AUDJPY","AUDNZD","AUDUSD","BNBUSD","BTCUSD","CADJPY","DE40","ETHUSD"]
[2026-05-27T20:38:01.930Z] INFO BAR_PUSH object_type=ea object_id=10869460 source_id=Ctrader bar_count=10 symbols=["ADAUSD","AUDCAD","AUDNZD","BNBUSD","BTCUSD","CADJPY","ETHUSD","EURAUD","EURCAD","EURGBP"]
[2026-05-27T20:38:33.939Z] INFO BAR_PUSH object_type=ea object_id=10869460 source_id=Ctrader bar_count=10 symbols=["ADAUSD","AUDCHF","AUDJPY","AUDUSD","DE40","EURGBP","EURJPY","EURSGD","EURUSD"]
[2026-05-27T20:39:05.948Z] INFO BAR_PUSH object_type=ea object_id=10869460 source_id=Ctrader bar_count=10 symbols=["AUDCAD","AUDCHF","AUDJPY","AUDNZD","AUDUSD","BNBUSD","BTCUSD","CADJPY","DE40","ETHUSD"]
[2026-05-27T20:39:39.914Z] INFO BAR_PUSH object_type=ea object_id=10869460 source_id=Ctrader bar_count=10 symbols=["ADAUSD","EURAUD","EURCAD","EURGBP","EURJPY","EURSGD","EURUSD","GBPAUD"]
[2026-05-27T20:40:11.880Z] INFO BAR_PUSH object_type=ea object_id=10869460 source_id=Ctrader bar_count=10 symbols=["ADAUSD","AUDCAD","AUDCHF","AUDJPY","AUDNZD"]
[2026-05-27T20:40:43.906Z] INFO BAR_PUSH object_type=ea object_id=10869460 source_id=Ctrader bar_count=10 symbols=["AUDUSD","BNBUSD","BTCUSD","CADJPY","DE40"]
[2026-05-27T20:41:15.891Z] INFO BAR_PUSH object_type=ea object_id=10869460 source_id=Ctrader bar_count=10 symbols=["ADAUSD","AUDCAD","AUDCHF","AUDJPY","AUDNZD","AUDUSD","BNBUSD","BTCUSD","CADJPY","DE40"]
[2026-05-27T20:41:49.880Z] INFO BAR_PUSH object_type=ea object_id=10869460 source_id=Ctrader bar_count=10 symbols=["ETHUSD","EURAUD","EURCAD","EURGBP","EURJPY"]
[2026-05-27T20:42:21.987Z] INFO BAR_PUSH object_type=ea object_id=10869460 source_id=Ctrader bar_count=10 symbols=["ADAUSD","AUDCAD","AUDCHF","AUDJPY","AUDNZD","BNBUSD","BTCUSD","CADJPY","DE40","ETHUSD"]
[2026-05-27T20:42:53.919Z] INFO BAR_PUSH object_type=ea object_id=10869460 source_id=Ctrader bar_count=10 symbols=["AUDUSD","EURAUD","EURCAD","EURGBP","EURJPY","EURSGD","EURUSD","GBPAUD"]
[2026-05-27T20:43:25.921Z] INFO BAR_PUSH object_type=ea object_id=10869460 source_id=Ctrader bar_count=10 symbols=["AUDCAD","AUDCHF","AUDJPY","AUDNZD","AUDUSD","BNBUSD","BTCUSD","CADJPY","DE40","ETHUSD"]
[2026-05-27T20:43:57.918Z] INFO BAR_PUSH object_type=ea object_id=10869460 source_id=Ctrader bar_count=10 symbols=["ADAUSD","EURAUD","EURCAD","EURGBP","EURJPY","EURSGD","EURUSD","GBPAUD"]
[2026-05-27T20:44:31.938Z] INFO BAR_PUSH object_type=ea object_id=10869460 source_id=Ctrader bar_count=10 symbols=["AUDCAD","AUDCHF","AUDJPY","AUDNZD","AUDUSD","BNBUSD","BTCUSD","CADJPY","DE40","ETHUSD"]
[2026-05-27T20:45:03.950Z] INFO BAR_PUSH object_type=ea object_id=10869460 source_id=Ctrader bar_count=10 symbols=["ADAUSD","AUDCAD","AUDCHF","AUDJPY"]
[2026-05-27T20:45:35.907Z] INFO BAR_PUSH object_type=ea object_id=10869460 source_id=Ctrader bar_count=10 symbols=["AUDJPY","AUDNZD","AUDUSD","BNBUSD"]
[2026-05-27T20:46:07.908Z] INFO BAR_PUSH object_type=ea object_id=10869460 source_id=Ctrader bar_count=10 symbols=["ADAUSD","AUDCAD","AUDCHF","AUDJPY","AUDNZD","AUDUSD","BNBUSD","BTCUSD"]
[2026-05-27T20:46:39.906Z] INFO BAR_PUSH object_type=ea object_id=10869460 source_id=Ctrader bar_count=10 symbols=["BTCUSD","CADJPY","DE40","ETHUSD"]
[2026-05-27T20:47:11.922Z] INFO BAR_PUSH object_type=ea object_id=10869460 source_id=Ctrader bar_count=10 symbols=["ADAUSD","AUDCAD","AUDCHF","AUDJPY","AUDNZD","AUDUSD","BNBUSD","BTCUSD","CADJPY","DE40"]
[2026-05-27T20:47:44.038Z] INFO BAR_PUSH object_type=ea object_id=10869460 source_id=Ctrader bar_count=10 symbols=["ETHUSD","EURAUD","EURCAD","EURGBP"]
[2026-05-27T20:48:15.938Z] INFO BAR_PUSH object_type=ea object_id=10869460 source_id=Ctrader bar_count=10 symbols=["AUDCAD","AUDCHF","AUDJPY","AUDNZD","AUDUSD","BNBUSD","BTCUSD","CADJPY","DE40","ETHUSD"]
[2026-05-27T20:48:47.924Z] INFO BAR_PUSH object_type=ea object_id=10869460 source_id=Ctrader bar_count=10 symbols=["EURAUD","EURCAD","EURGBP","EURJPY","EURSGD","EURUSD"]
[2026-05-27T20:49:19.976Z] INFO BAR_PUSH object_type=ea object_id=10869460 source_id=Ctrader bar_count=10 symbols=["ADAUSD","AUDCAD","AUDCHF","AUDJPY","AUDNZD","AUDUSD","BNBUSD","BTCUSD","CADJPY","DE40"]
[2026-05-27T20:49:51.927Z] INFO BAR_PUSH object_type=ea object_id=10869460 source_id=Ctrader bar_count=10 symbols=["ETHUSD","EURAUD","EURCAD","EURGBP","EURJPY","EURSGD","EURUSD","GBPAUD"]
[2026-05-27T20:50:23.910Z] INFO BAR_PUSH object_type=ea object_id=10869460 source_id=Ctrader bar_count=10 symbols=["ADAUSD","AUDCAD","AUDCHF","AUDJPY","AUDNZD"]
[2026-05-27T20:50:55.926Z] INFO BAR_PUSH object_type=ea object_id=10869460 source_id=Ctrader bar_count=10 symbols=["AUDUSD","BNBUSD","BTCUSD","CADJPY","DE40"]
[2026-05-27T20:51:29.932Z] INFO BAR_PUSH object_type=ea object_id=10869460 source_id=Ctrader bar_count=10 symbols=["AUDCAD","AUDCHF","AUDJPY","AUDNZD","AUDUSD","BNBUSD","BTCUSD","CADJPY","DE40","ETHUSD"]
[2026-05-27T20:52:03.979Z] INFO BAR_PUSH object_type=ea object_id=10869460 source_id=Ctrader bar_count=10 symbols=["AUDCAD","AUDJPY","AUDNZD","AUDUSD","BNBUSD","BTCUSD","CADJPY","DE40","ETHUSD"]
[2026-05-27T20:52:35.942Z] INFO BAR_PUSH object_type=ea object_id=10869460 source_id=Ctrader bar_count=10 symbols=["AUDCHF","EURAUD","EURCAD","EURGBP","EURJPY","EURSGD"]
[2026-05-27T20:53:07.953Z] INFO BAR_PUSH object_type=ea object_id=10869460 source_id=Ctrader bar_count=10 symbols=["ADAUSD","AUDCAD","AUDCHF","AUDJPY","AUDNZD","AUDUSD","BNBUSD","BTCUSD","CADJPY","DE40"]
[2026-05-27T20:53:39.993Z] INFO BAR_PUSH object_type=ea object_id=10869460 source_id=Ctrader bar_count=10 symbols=["ADAUSD","ETHUSD","EURAUD","EURCAD","EURGBP","EURJPY","EURSGD","EURUSD"]
[2026-05-27T20:54:11.937Z] INFO BAR_PUSH object_type=ea object_id=10869460 source_id=Ctrader bar_count=10 symbols=["AUDCAD","AUDCHF","AUDJPY","AUDNZD","AUDUSD","BNBUSD","BTCUSD","CADJPY","DE40","ETHUSD"]
[2026-05-27T20:54:43.906Z] INFO BAR_PUSH object_type=ea object_id=10869460 source_id=Ctrader bar_count=10 symbols=["EURAUD","EURCAD","EURGBP","EURJPY","EURSGD","EURUSD","GBPAUD","GBPCAD"]
[2026-05-27T20:55:15.932Z] INFO BAR_PUSH object_type=ea object_id=10869460 source_id=Ctrader bar_count=10 symbols=["AUDCAD","AUDCHF","AUDJPY","AUDNZD","AUDUSD"]
[2026-05-27T20:55:47.912Z] INFO BAR_PUSH object_type=ea object_id=10869460 source_id=Ctrader bar_count=10 symbols=["ADAUSD","BNBUSD","BTCUSD","CADJPY","DE40"]
[2026-05-27T20:56:19.929Z] INFO BAR_PUSH object_type=ea object_id=10869460 source_id=Ctrader bar_count=10 symbols=["ADAUSD","AUDCAD","AUDCHF","AUDJPY","AUDNZD","AUDUSD","BNBUSD","BTCUSD","CADJPY","DE40"]
[2026-05-27T20:56:51.929Z] INFO BAR_PUSH object_type=ea object_id=10869460 source_id=Ctrader bar_count=10 symbols=["ETHUSD","EURAUD","EURCAD","EURGBP","EURJPY"]
[2026-05-27T20:57:23.960Z] INFO BAR_PUSH object_type=ea object_id=10869460 source_id=Ctrader bar_count=10 symbols=["ADAUSD","AUDCAD","AUDCHF","AUDJPY","AUDNZD","AUDUSD","BNBUSD","BTCUSD","CADJPY","DE40"]
[2026-05-27T20:57:55.928Z] INFO BAR_PUSH object_type=ea object_id=10869460 source_id=Ctrader bar_count=10 symbols=["ETHUSD","EURAUD","EURCAD","EURGBP","EURJPY","EURSGD","EURUSD","GBPAUD"]
[2026-05-27T20:58:30.001Z] INFO BAR_PUSH object_type=ea object_id=10869460 source_id=Ctrader bar_count=10 symbols=["AUDCAD","AUDCHF","AUDJPY","AUDNZD","AUDUSD","BTCUSD","CADJPY","DE40","ETHUSD","EURAUD"]
[2026-05-27T20:59:01.936Z] INFO BAR_PUSH object_type=ea object_id=10869460 source_id=Ctrader bar_count=10 symbols=["BTCUSD","EURCAD","EURGBP","EURJPY","EURSGD","EURUSD","GBPAUD","GBPCAD"]
[2026-05-27T20:59:33.920Z] INFO BAR_PUSH object_type=ea object_id=10869460 source_id=Ctrader bar_count=10 symbols=["GBPCAD","GBPJPY","GBPNZD"]
[2026-05-27T21:00:05.934Z] INFO BAR_PUSH object_type=ea object_id=10869460 source_id=Ctrader bar_count=10 symbols=["GBPNZD","GBPUSD"]
[2026-05-27T21:00:37.917Z] INFO BAR_PUSH object_type=ea object_id=10869460 source_id=Ctrader bar_count=10 symbols=["NEARUSD","NZDCAD"]
[2026-05-27T21:01:09.912Z] INFO BAR_PUSH object_type=ea object_id=10869460 source_id=Ctrader bar_count=10 symbols=["AUDCAD","AUDCHF"]
[2026-05-27T21:01:41.922Z] INFO BAR_PUSH object_type=ea object_id=10869460 source_id=Ctrader bar_count=10 symbols=["AUDCHF","AUDJPY","AUDNZD"]
[2026-05-27T21:02:13.900Z] INFO BAR_PUSH object_type=ea object_id=10869460 source_id=Ctrader bar_count=10 symbols=["AUDNZD","AUDUSD"]
[2026-05-27T21:02:47.965Z] INFO BAR_PUSH object_type=ea object_id=10869460 source_id=Ctrader bar_count=10 symbols=["AUDUSD","CADJPY","EURAUD"]
[2026-05-27T21:03:19.913Z] INFO BAR_PUSH object_type=ea object_id=10869460 source_id=Ctrader bar_count=10 symbols=["EURAUD","EURCAD","EURGBP"]
[2026-05-27T21:03:53.897Z] INFO BAR_PUSH object_type=ea object_id=10869460 source_id=Ctrader bar_count=10 symbols=["AUDNZD","EURGBP","EURJPY"]
[2026-05-27T21:04:27.925Z] INFO BAR_PUSH object_type=ea object_id=10869460 source_id=Ctrader bar_count=10 symbols=["AUDJPY","CADJPY","EURJPY","EURSGD"]
[2026-05-27T21:05:01.916Z] INFO BAR_PUSH object_type=ea object_id=10869460 source_id=Ctrader bar_count=10 symbols=["ADAUSD","AUDJPY","AUDNZD"]
[2026-05-27T21:05:33.910Z] INFO BAR_PUSH object_type=ea object_id=10869460 source_id=Ctrader bar_count=10 symbols=["AUDCAD","BNBUSD","BTCUSD"]
[2026-05-27T21:06:07.982Z] INFO BAR_PUSH object_type=ea object_id=10869460 source_id=Ctrader bar_count=10 symbols=["ADAUSD","AUDCAD","AUDCHF","AUDNZD","AUDUSD","BNBUSD","BTCUSD"]
[2026-05-27T21:06:41.923Z] INFO BAR_PUSH object_type=ea object_id=10869460 source_id=Ctrader bar_count=10 symbols=["BTCUSD","CADJPY","ETHUSD"]
[2026-05-27T21:07:13.980Z] INFO BAR_PUSH object_type=ea object_id=10869460 source_id=Ctrader bar_count=10 symbols=["AUDCHF","AUDNZD","BNBUSD","BTCUSD","ETHUSD","EURAUD","EURCAD"]
[2026-05-27T21:07:45.900Z] INFO BAR_PUSH object_type=ea object_id=10869460 source_id=Ctrader bar_count=10 symbols=["ADAUSD","EURGBP","EURJPY","EURSGD","EURUSD"]
[2026-05-27T21:08:17.985Z] INFO BAR_PUSH object_type=ea object_id=10869460 source_id=Ctrader bar_count=10 symbols=["ADAUSD","BNBUSD","BTCUSD","ETHUSD","EURAUD","EURCAD","EURGBP","EURJPY","EURSGD","EURUSD"]
[2026-05-27T21:08:49.912Z] INFO BAR_PUSH object_type=ea object_id=10869460 source_id=Ctrader bar_count=10 symbols=["AUDNZD","EURUSD","GBPAUD"]
[2026-05-27T21:09:21.989Z] INFO BAR_PUSH object_type=ea object_id=10869460 source_id=Ctrader bar_count=10 symbols=["BNBUSD","BTCUSD","ETHUSD","EURAUD","EURSGD","GBPAUD","GBPCAD"]
[2026-05-27T21:09:53.902Z] INFO BAR_PUSH object_type=ea object_id=10869460 source_id=Ctrader bar_count=10 symbols=["AUDNZD","GBPCAD","GBPJPY"]
[2026-05-27T21:10:25.966Z] INFO BAR_PUSH object_type=ea object_id=10869460 source_id=Ctrader bar_count=10 symbols=["ADAUSD","AUDNZD","BNBUSD","BTCUSD","ETHUSD","EURGBP"]
[2026-05-27T21:10:57.932Z] INFO BAR_PUSH object_type=ea object_id=10869460 source_id=Ctrader bar_count=10 symbols=["AUDJPY","CADJPY","EURGBP","EURJPY","GBPAUD","GBPCAD"]
[2026-05-27T21:11:29.970Z] INFO BAR_PUSH object_type=ea object_id=10869460 source_id=Ctrader bar_count=10 symbols=["AUDJPY","AUDNZD","BNBUSD","BTCUSD","CADJPY","ETHUSD","EURAUD","EURCAD"]
[2026-05-27T21:12:01.931Z] INFO BAR_PUSH object_type=ea object_id=10869460 source_id=Ctrader bar_count=10 symbols=["AUDCAD","BNBUSD","BTCUSD","EURGBP","EURJPY","EURSGD","EURUSD"]
[2026-05-27T21:12:33.944Z] INFO BAR_PUSH object_type=ea object_id=10869460 source_id=Ctrader bar_count=10 symbols=["ADAUSD","AUDCAD","AUDNZD","CADJPY","ETHUSD","EURCAD","EURJPY","GBPAUD","GBPCAD"]
[2026-05-27T21:13:05.935Z] INFO BAR_PUSH object_type=ea object_id=10869460 source_id=Ctrader bar_count=10 symbols=["ADAUSD","BNBUSD","BTCUSD","ETHUSD","EURSGD","GBPCAD","GBPJPY","GBPNZD"]
[2026-05-27T21:13:37.908Z] INFO BAR_PUSH object_type=ea object_id=10869460 source_id=Ctrader bar_count=10 symbols=["EURCAD","GBPNZD","GBPUSD"]
[2026-05-27T21:14:11.993Z] INFO BAR_PUSH object_type=ea object_id=10869460 source_id=Ctrader bar_count=10 symbols=["ADAUSD","AUDCAD","AUDCHF","AUDJPY","AUDNZD","AUDUSD","BNBUSD","BTCUSD"]
[2026-05-27T21:14:45.910Z] INFO BAR_PUSH object_type=ea object_id=10869460 source_id=Ctrader bar_count=10 symbols=["ETHUSD","EURAUD","EURCAD","EURJPY","EURSGD","EURUSD","GBPAUD","GBPCAD","GBPNZD","GBPUSD"]
[2026-05-27T21:15:19.930Z] INFO BAR_PUSH object_type=ea object_id=10869460 source_id=Ctrader bar_count=10 symbols=["ADAUSD","AUDCAD","AUDJPY","AUDNZD"]
[2026-05-27T21:15:54.079Z] INFO BAR_PUSH object_type=ea object_id=10869460 source_id=Ctrader bar_count=10 symbols=["AUDUSD","BNBUSD","BTCUSD","CADJPY"]
[2026-05-27T21:16:25.953Z] INFO BAR_PUSH object_type=ea object_id=10869460 source_id=Ctrader bar_count=10 symbols=["ADAUSD","AUDCHF","AUDJPY","AUDNZD","BNBUSD","BTCUSD","CADJPY","ETHUSD"]
[2026-05-27T21:16:59.966Z] INFO BAR_PUSH object_type=ea object_id=10869460 source_id=Ctrader bar_count=10 symbols=["ETHUSD","EURAUD","EURCAD","EURGBP"]
[2026-05-27T21:17:31.947Z] INFO BAR_PUSH object_type=ea object_id=10869460 source_id=Ctrader bar_count=10 symbols=["ADAUSD","AUDJPY","AUDNZD","BNBUSD","BTCUSD","CADJPY","ETHUSD","EURAUD","EURCAD","EURGBP"]
[2026-05-27T21:18:03.918Z] INFO BAR_PUSH object_type=ea object_id=10869460 source_id=Ctrader bar_count=10 symbols=["BTCUSD","ETHUSD","EURGBP","EURJPY","EURSGD","EURUSD"]
[2026-05-27T21:18:35.936Z] INFO BAR_PUSH object_type=ea object_id=10869460 source_id=Ctrader bar_count=10 symbols=["AUDNZD","BNBUSD","EURAUD","EURCAD","EURGBP","EURJPY","EURUSD","GBPAUD"]
[2026-05-27T21:19:07.940Z] INFO BAR_PUSH object_type=ea object_id=10869460 source_id=Ctrader bar_count=10 symbols=["AUDJPY","BNBUSD","BTCUSD","CADJPY","ETHUSD","EURAUD","EURCAD","EURGBP","EURJPY","EURSGD"]
[2026-05-27T21:19:39.967Z] INFO BAR_PUSH object_type=ea object_id=10869460 source_id=Ctrader bar_count=10 symbols=["ADAUSD","EURUSD","GBPAUD","GBPCAD","GBPJPY"]
[2026-05-27T21:20:11.917Z] INFO BAR_PUSH object_type=ea object_id=10869460 source_id=Ctrader bar_count=10 symbols=["AUDCAD","AUDCHF","AUDJPY","AUDNZD","AUDUSD"]
[2026-05-27T21:20:45.902Z] INFO BAR_PUSH object_type=ea object_id=10869460 source_id=Ctrader bar_count=10 symbols=["AUDUSD","BNBUSD","BTCUSD","CADJPY","ETHUSD"]
[2026-05-27T21:21:17.985Z] INFO BAR_PUSH object_type=ea object_id=10869460 source_id=Ctrader bar_count=10 symbols=["AUDNZD","BNBUSD","BTCUSD","CADJPY","ETHUSD","EURAUD","EURCAD","EURGBP"]
[2026-05-27T21:21:49.929Z] INFO BAR_PUSH object_type=ea object_id=10869460 source_id=Ctrader bar_count=10 symbols=["AUDCAD","AUDJPY","AUDUSD","EURGBP","EURJPY","EURSGD","EURUSD"]
[2026-05-27T21:22:21.935Z] INFO BAR_PUSH object_type=ea object_id=10869460 source_id=Ctrader bar_count=10 symbols=["ADAUSD","AUDCAD","AUDCHF","AUDJPY","AUDNZD","AUDUSD","BNBUSD","BTCUSD","CADJPY"]
[2026-05-27T21:22:53.946Z] INFO BAR_PUSH object_type=ea object_id=10869460 source_id=Ctrader bar_count=10 symbols=["ETHUSD","EURAUD","EURCAD","EURGBP","EURJPY","EURSGD","EURUSD","GBPAUD","GBPCAD"]
[2026-05-27T21:23:25.945Z] INFO BAR_PUSH object_type=ea object_id=10869460 source_id=Ctrader bar_count=10 symbols=["AUDJPY","AUDNZD","BNBUSD","BTCUSD","CADJPY","ETHUSD","EURAUD","EURCAD","EURGBP","EURJPY"]
[2026-05-27T21:23:58.089Z] INFO BAR_PUSH object_type=ea object_id=10869460 source_id=Ctrader bar_count=10 symbols=["AUDCAD","AUDCHF","AUDUSD","EURSGD","EURUSD","GBPAUD","GBPCAD","GBPJPY"]
[2026-05-27T21:24:29.939Z] INFO BAR_PUSH object_type=ea object_id=10869460 source_id=Ctrader bar_count=10 symbols=["AUDCAD","AUDCHF","AUDJPY","AUDNZD","AUDUSD","BNBUSD","BTCUSD","CADJPY","ETHUSD","EURAUD"]
[2026-05-27T21:25:01.980Z] INFO BAR_PUSH object_type=ea object_id=10869460 source_id=Ctrader bar_count=10 symbols=["ADAUSD","BNBUSD","BTCUSD","ETHUSD","EURCAD"]
[2026-05-27T21:25:35.934Z] INFO BAR_PUSH object_type=ea object_id=10869460 source_id=Ctrader bar_count=10 symbols=["AUDCAD","AUDCHF","AUDJPY","AUDNZD","AUDUSD"]
[2026-05-27T21:26:07.919Z] INFO BAR_PUSH object_type=ea object_id=10869460 source_id=Ctrader bar_count=10 symbols=["AUDCAD","AUDCHF","AUDJPY","AUDNZD","AUDUSD","BNBUSD","BTCUSD","CADJPY","ETHUSD"]
[2026-05-27T21:26:39.931Z] INFO BAR_PUSH object_type=ea object_id=10869460 source_id=Ctrader bar_count=10 symbols=["EURAUD","EURCAD","EURGBP","EURJPY","EURSGD","EURUSD"]
[2026-05-27T21:27:13.913Z] INFO BAR_PUSH object_type=ea object_id=10869460 source_id=Ctrader bar_count=10 symbols=["AUDJPY","BNBUSD","BTCUSD","CADJPY","EURGBP","GBPAUD","GBPCAD"]
[2026-05-27T21:27:45.928Z] INFO BAR_PUSH object_type=ea object_id=10869460 source_id=Ctrader bar_count=10 symbols=["ADAUSD","AUDCAD","AUDCHF","AUDNZD","ETHUSD","EURCAD","EURJPY","EURSGD","GBPJPY"]
[2026-05-27T21:28:17.912Z] INFO BAR_PUSH object_type=ea object_id=10869460 source_id=Ctrader bar_count=10 symbols=["AUDCHF","AUDJPY","AUDNZD","BNBUSD","BTCUSD","CADJPY","ETHUSD","EURAUD","EURCAD","EURGBP"]
[2026-05-27T21:28:51.912Z] INFO BAR_PUSH object_type=ea object_id=10869460 source_id=Ctrader bar_count=10 symbols=["ADAUSD","EURJPY","EURSGD","EURUSD","GBPAUD","GBPCAD","GBPJPY","GBPNZD"]
[2026-05-27T21:29:23.951Z] INFO BAR_PUSH object_type=ea object_id=10869460 source_id=Ctrader bar_count=10 symbols=["ADAUSD","AUDCHF","AUDNZD","BNBUSD","BTCUSD","ETHUSD","EURCAD","EURGBP","EURJPY","EURSGD"]
[2026-05-27T21:29:57.907Z] INFO BAR_PUSH object_type=ea object_id=10869460 source_id=Ctrader bar_count=10 symbols=["AUDJPY","CADJPY","EURUSD","GBPAUD","GBPCAD","GBPJPY","GBPNZD","GBPUSD"]
[2026-05-27T21:30:31.892Z] INFO BAR_PUSH object_type=ea object_id=10869460 source_id=Ctrader bar_count=10 symbols=["ADAUSD","AUDCAD","AUDCHF","AUDJPY"]
[2026-05-27T21:31:05.900Z] INFO BAR_PUSH object_type=ea object_id=10869460 source_id=Ctrader bar_count=10 symbols=["AUDCAD","AUDCHF","AUDJPY","AUDNZD","AUDUSD"]
[2026-05-27T21:31:39.964Z] INFO BAR_PUSH object_type=ea object_id=10869460 source_id=Ctrader bar_count=10 symbols=["ADAUSD","AUDUSD","BNBUSD","BTCUSD","CADJPY"]
[2026-05-27T21:32:11.909Z] INFO BAR_PUSH object_type=ea object_id=10869460 source_id=Ctrader bar_count=10 symbols=["AUDCAD","AUDCHF","AUDJPY","AUDNZD","AUDUSD","BNBUSD","BTCUSD","CADJPY","ETHUSD"]
[2026-05-27T21:32:45.886Z] INFO BAR_PUSH object_type=ea object_id=10869460 source_id=Ctrader bar_count=10 symbols=["ADAUSD","ETHUSD","EURAUD","EURCAD","EURGBP"]
[2026-05-27T21:33:18.015Z] INFO BAR_PUSH object_type=ea object_id=10869460 source_id=Ctrader bar_count=10 symbols=["ADAUSD","AUDCAD","AUDCHF","AUDNZD","BNBUSD","BTCUSD","CADJPY","ETHUSD","EURAUD","EURCAD"]
[2026-05-27T21:33:49.906Z] INFO BAR_PUSH object_type=ea object_id=10869460 source_id=Ctrader bar_count=10 symbols=["AUDJPY","AUDUSD","EURGBP","EURJPY","EURSGD"]
[2026-05-27T21:34:21.971Z] INFO BAR_PUSH object_type=ea object_id=10869460 source_id=Ctrader bar_count=10 symbols=["ADAUSD","AUDCAD","AUDCHF","AUDJPY","AUDNZD","AUDUSD","BNBUSD","BTCUSD","CADJPY","ETHUSD"]
[2026-05-27T21:34:53.904Z] INFO BAR_PUSH object_type=ea object_id=10869460 source_id=Ctrader bar_count=10 symbols=["EURAUD","EURCAD","EURGBP","EURJPY","EURSGD","EURUSD","GBPAUD"]
[2026-05-27T21:35:27.901Z] INFO BAR_PUSH object_type=ea object_id=10869460 source_id=Ctrader bar_count=10 symbols=["ADAUSD","AUDCAD","AUDCHF","AUDJPY","AUDNZD"]
[2026-05-27T21:35:59.948Z] INFO BAR_PUSH object_type=ea object_id=10869460 source_id=Ctrader bar_count=10 symbols=["AUDUSD","BNBUSD","BTCUSD","CADJPY","ETHUSD"]
[2026-05-27T21:36:31.933Z] INFO BAR_PUSH object_type=ea object_id=10869460 source_id=Ctrader bar_count=10 symbols=["AUDCAD","AUDCHF","AUDJPY","AUDNZD","AUDUSD","BNBUSD","BTCUSD","CADJPY","ETHUSD","EURAUD"]
[2026-05-27T21:37:03.926Z] INFO BAR_PUSH object_type=ea object_id=10869460 source_id=Ctrader bar_count=10 symbols=["ADAUSD","AUDCAD","AUDCHF","AUDJPY","AUDNZD","AUDUSD","BNBUSD","BTCUSD","CADJPY","ETHUSD"]
[2026-05-27T21:37:35.937Z] INFO BAR_PUSH object_type=ea object_id=10869460 source_id=Ctrader bar_count=10 symbols=["EURAUD","EURCAD","EURGBP","EURJPY","EURSGD"]
[2026-05-27T21:38:09.920Z] INFO BAR_PUSH object_type=ea object_id=10869460 source_id=Ctrader bar_count=10 symbols=["AUDCAD","AUDCHF","AUDJPY","AUDNZD","AUDUSD","BNBUSD","BTCUSD","CADJPY","ETHUSD","EURAUD"]
[2026-05-27T21:38:41.924Z] INFO BAR_PUSH object_type=ea object_id=10869460 source_id=Ctrader bar_count=10 symbols=["ADAUSD","EURCAD","EURGBP","EURJPY","EURSGD","EURUSD","GBPAUD"]
[2026-05-27T21:39:13.927Z] INFO BAR_PUSH object_type=ea object_id=10869460 source_id=Ctrader bar_count=10 symbols=["AUDCAD","AUDCHF","AUDJPY","AUDNZD","AUDUSD","BNBUSD","BTCUSD","CADJPY","ETHUSD","EURAUD"]
[2026-05-27T21:39:45.932Z] INFO BAR_PUSH object_type=ea object_id=10869460 source_id=Ctrader bar_count=10 symbols=["ADAUSD","EURCAD","EURGBP","EURJPY","EURSGD","EURUSD","GBPAUD","GBPCAD"]
[2026-05-27T21:40:17.900Z] INFO BAR_PUSH object_type=ea object_id=10869460 source_id=Ctrader bar_count=10 symbols=["ADAUSD","AUDCAD","AUDCHF","AUDJPY","AUDNZD"]
[2026-05-27T21:40:50.001Z] INFO BAR_PUSH object_type=ea object_id=10869460 source_id=Ctrader bar_count=10 symbols=["AUDUSD","BNBUSD","BTCUSD","CADJPY","ETHUSD"]
[2026-05-27T21:41:21.914Z] INFO BAR_PUSH object_type=ea object_id=10869460 source_id=Ctrader bar_count=10 symbols=["ADAUSD","AUDCAD","AUDCHF","AUDJPY","AUDNZD","AUDUSD","BNBUSD","BTCUSD","CADJPY","ETHUSD"]
[2026-05-27T21:41:53.907Z] INFO BAR_PUSH object_type=ea object_id=10869460 source_id=Ctrader bar_count=10 symbols=["EURAUD","EURCAD","EURGBP","EURJPY","EURSGD"]
[2026-05-27T21:42:25.913Z] INFO BAR_PUSH object_type=ea object_id=10869460 source_id=Ctrader bar_count=10 symbols=["ADAUSD","AUDCAD","AUDCHF","AUDNZD","BNBUSD","BTCUSD","CADJPY","ETHUSD","EURAUD","EURCAD"]
[2026-05-27T21:42:59.914Z] INFO BAR_PUSH object_type=ea object_id=10869460 source_id=Ctrader bar_count=10 symbols=["AUDJPY","AUDUSD","EURGBP","EURJPY","EURSGD","EURUSD","GBPAUD","GBPCAD"]
[2026-05-27T21:43:33.973Z] INFO BAR_PUSH object_type=ea object_id=10869460 source_id=Ctrader bar_count=10 symbols=["ADAUSD","AUDCAD","AUDCHF","AUDJPY","AUDNZD","AUDUSD","BNBUSD","BTCUSD","ETHUSD","EURAUD"]
[2026-05-27T21:44:05.925Z] INFO BAR_PUSH object_type=ea object_id=10869460 source_id=Ctrader bar_count=10 symbols=["ADAUSD","AUDCHF","AUDNZD","BNBUSD","BTCUSD","CADJPY","ETHUSD","EURAUD","EURCAD","EURGBP"]
[2026-05-27T21:44:37.905Z] INFO BAR_PUSH object_type=ea object_id=10869460 source_id=Ctrader bar_count=10 symbols=["AUDCAD","CADJPY","EURJPY","EURSGD","EURUSD","GBPAUD","GBPCAD","GBPJPY"]
[2026-05-27T21:45:09.926Z] INFO BAR_PUSH object_type=ea object_id=10869460 source_id=Ctrader bar_count=10 symbols=["ADAUSD","AUDCAD","AUDCHF","AUDJPY"]
[2026-05-27T21:45:41.901Z] INFO BAR_PUSH object_type=ea object_id=10869460 source_id=Ctrader bar_count=10 symbols=["AUDJPY","AUDNZD","AUDUSD","BNBUSD"]
[2026-05-27T21:46:13.948Z] INFO BAR_PUSH object_type=ea object_id=10869460 source_id=Ctrader bar_count=10 symbols=["ADAUSD","AUDCAD","AUDCHF","AUDJPY","AUDNZD","AUDUSD","BNBUSD","BTCUSD"]
[2026-05-27T21:46:45.912Z] INFO BAR_PUSH object_type=ea object_id=10869460 source_id=Ctrader bar_count=10 symbols=["BTCUSD","CADJPY","ETHUSD","EURAUD"]
[2026-05-27T21:47:17.934Z] INFO BAR_PUSH object_type=ea object_id=10869460 source_id=Ctrader bar_count=10 symbols=["ADAUSD","AUDCAD","AUDCHF","AUDNZD","BNBUSD","BTCUSD","CADJPY","ETHUSD","EURAUD","EURCAD"]
[2026-05-27T21:47:49.897Z] INFO BAR_PUSH object_type=ea object_id=10869460 source_id=Ctrader bar_count=10 symbols=["AUDJPY","AUDUSD","EURCAD","EURGBP","EURJPY"]
[2026-05-27T21:48:21.919Z] INFO BAR_PUSH object_type=ea object_id=10869460 source_id=Ctrader bar_count=10 symbols=["ADAUSD","AUDCAD","AUDCHF","AUDJPY","AUDNZD","AUDUSD","BNBUSD","BTCUSD","CADJPY","ETHUSD"]
[2026-05-27T21:48:53.903Z] INFO BAR_PUSH object_type=ea object_id=10869460 source_id=Ctrader bar_count=10 symbols=["EURAUD","EURCAD","EURGBP","EURJPY","EURSGD","EURUSD"]
[2026-05-27T21:49:27.936Z] INFO BAR_PUSH object_type=ea object_id=10869460 source_id=Ctrader bar_count=10 symbols=["ADAUSD","AUDCAD","AUDCHF","AUDJPY","AUDNZD","AUDUSD","BNBUSD","BTCUSD","CADJPY","ETHUSD"]
[2026-05-27T21:50:00.023Z] INFO BAR_PUSH object_type=ea object_id=10869460 source_id=Ctrader bar_count=10 symbols=["EURAUD","EURCAD","EURGBP","EURJPY","EURSGD","EURUSD","GBPAUD","GBPCAD"]
[2026-05-27T21:50:33.889Z] INFO BAR_PUSH object_type=ea object_id=10869460 source_id=Ctrader bar_count=10 symbols=["ADAUSD","AUDCAD","AUDCHF","AUDNZD","BNBUSD"]
[2026-05-27T21:51:05.976Z] INFO BAR_PUSH object_type=ea object_id=10869460 source_id=Ctrader bar_count=10 symbols=["AUDCAD","AUDCHF","AUDJPY","AUDNZD","AUDUSD","BNBUSD","BTCUSD"]
[2026-05-27T21:51:37.903Z] INFO BAR_PUSH object_type=ea object_id=10869460 source_id=Ctrader bar_count=10 symbols=["ADAUSD","CADJPY","ETHUSD","EURAUD","EURCAD","EURGBP"]
[2026-05-27T21:52:09.946Z] INFO BAR_PUSH object_type=ea object_id=10869460 source_id=Ctrader bar_count=10 symbols=["AUDCAD","AUDCHF","AUDJPY","AUDNZD","AUDUSD","BNBUSD","BTCUSD","CADJPY","ETHUSD","EURAUD"]
[2026-05-27T21:52:41.918Z] INFO BAR_PUSH object_type=ea object_id=10869460 source_id=Ctrader bar_count=10 symbols=["ADAUSD","EURCAD","EURGBP","EURJPY","EURSGD","EURUSD"]
[2026-05-27T21:53:13.954Z] INFO BAR_PUSH object_type=ea object_id=10869460 source_id=Ctrader bar_count=10 symbols=["ADAUSD","AUDCAD","AUDCHF","AUDNZD","BNBUSD","BTCUSD","CADJPY","ETHUSD","EURAUD","EURCAD"]
[2026-05-27T21:53:45.887Z] INFO BAR_PUSH object_type=ea object_id=10869460 source_id=Ctrader bar_count=10 symbols=["AUDJPY","AUDUSD","EURGBP","EURJPY","EURSGD","EURUSD","GBPAUD","GBPCAD"]
[2026-05-27T21:54:19.916Z] INFO BAR_PUSH object_type=ea object_id=10869460 source_id=Ctrader bar_count=10 symbols=["ADAUSD","AUDCAD","AUDCHF","AUDJPY","AUDNZD","AUDUSD","BNBUSD","BTCUSD","CADJPY","ETHUSD"]
[2026-05-27T21:54:52.028Z] INFO BAR_PUSH object_type=ea object_id=10869460 source_id=Ctrader bar_count=10 symbols=["EURAUD","EURCAD","EURGBP","EURJPY","EURSGD","EURUSD","GBPAUD","GBPCAD","GBPJPY"]
[2026-05-27T21:55:23.894Z] INFO BAR_PUSH object_type=ea object_id=10869460 source_id=Ctrader bar_count=10 symbols=["ADAUSD","AUDCAD","AUDCHF","AUDJPY","AUDNZD"]
[2026-05-27T21:55:55.885Z] INFO BAR_PUSH object_type=ea object_id=10869460 source_id=Ctrader bar_count=10 symbols=["AUDUSD","BNBUSD","BTCUSD","CADJPY","ETHUSD"]
[2026-05-27T21:56:27.907Z] INFO BAR_PUSH object_type=ea object_id=10869460 source_id=Ctrader bar_count=10 symbols=["ADAUSD","AUDCAD","AUDCHF","AUDJPY","AUDNZD","AUDUSD","BNBUSD","BTCUSD","CADJPY","ETHUSD"]
[2026-05-27T21:56:59.892Z] INFO BAR_PUSH object_type=ea object_id=10869460 source_id=Ctrader bar_count=10 symbols=["EURAUD","EURCAD","EURGBP","EURJPY","EURSGD"]
[2026-05-27T21:57:31.907Z] INFO BAR_PUSH object_type=ea object_id=10869460 source_id=Ctrader bar_count=10 symbols=["ADAUSD","AUDCAD","AUDCHF","AUDJPY","AUDNZD","AUDUSD","BNBUSD","BTCUSD","CADJPY","ETHUSD"]
[2026-05-27T21:58:03.901Z] INFO BAR_PUSH object_type=ea object_id=10869460 source_id=Ctrader bar_count=10 symbols=["ADAUSD","AUDCAD","AUDCHF","AUDJPY","AUDNZD","AUDUSD","BNBUSD","BTCUSD","CADJPY","ETHUSD"]
[2026-05-27T21:58:38.058Z] INFO BAR_PUSH object_type=ea object_id=10869460 source_id=Ctrader bar_count=10 symbols=["EURAUD","EURCAD","EURGBP","EURJPY","EURSGD","EURUSD","GBPAUD","GBPCAD"]
[2026-05-27T21:59:11.908Z] INFO BAR_PUSH object_type=ea object_id=10869460 source_id=Ctrader bar_count=10 symbols=["ADAUSD","AUDCAD","AUDCHF","AUDJPY","AUDNZD","AUDUSD","BNBUSD","BTCUSD","CADJPY","ETHUSD"]
[2026-05-27T21:59:43.877Z] INFO BAR_PUSH object_type=ea object_id=10869460 source_id=Ctrader bar_count=10 symbols=["EURAUD","EURCAD","EURGBP","EURJPY","EURSGD","EURUSD","GBPAUD","GBPCAD","GBPJPY"]
[2026-05-27T22:00:15.889Z] INFO BAR_PUSH object_type=ea object_id=10869460 source_id=Ctrader bar_count=10 symbols=["ADAUSD","AUDCAD","AUDCHF"]
[2026-05-27T22:00:47.875Z] INFO BAR_PUSH object_type=ea object_id=10869460 source_id=Ctrader bar_count=10 symbols=["AUDCHF","AUDJPY","AUDNZD"]
[2026-05-27T22:01:19.924Z] INFO BAR_PUSH object_type=ea object_id=10869460 source_id=Ctrader bar_count=10 symbols=["ADAUSD","AUDCAD","AUDCHF","AUDJPY","AUDNZD","AUDUSD","BNBUSD"]
[2026-05-27T22:01:53.879Z] INFO BAR_PUSH object_type=ea object_id=10869460 source_id=Ctrader bar_count=10 symbols=["BNBUSD","BTCUSD","CADJPY"]
[2026-05-27T22:02:25.902Z] INFO BAR_PUSH object_type=ea object_id=10869460 source_id=Ctrader bar_count=10 symbols=["ADAUSD","AUDCAD","AUDCHF","AUDJPY","AUDNZD","AUDUSD","BNBUSD","BTCUSD","CADJPY"]
[2026-05-27T22:02:59.925Z] INFO BAR_PUSH object_type=ea object_id=10869460 source_id=Ctrader bar_count=10 symbols=["DE40","ETHUSD"]
[2026-05-27T22:03:31.910Z] INFO BAR_PUSH object_type=ea object_id=10869460 source_id=Ctrader bar_count=10 symbols=["ADAUSD","AUDCAD","AUDCHF","AUDJPY","AUDNZD","AUDUSD","BNBUSD","BTCUSD","CADJPY","DE40"]
[2026-05-27T22:04:03.910Z] INFO BAR_PUSH object_type=ea object_id=10869460 source_id=Ctrader bar_count=10 symbols=["ADAUSD","AUDCAD","AUDCHF","AUDJPY","AUDNZD","AUDUSD","BNBUSD","BTCUSD","DE40","ETHUSD"]
[2026-05-27T22:04:35.907Z] INFO BAR_PUSH object_type=ea object_id=10869460 source_id=Ctrader bar_count=10 symbols=["CADJPY","EURAUD","EURCAD","EURGBP"]
[2026-05-27T22:05:09.891Z] INFO BAR_PUSH object_type=ea object_id=10869460 source_id=Ctrader bar_count=10 symbols=["ADAUSD","AUDCAD","AUDCHF","AUDJPY","AUDNZD"]
[2026-05-27T22:05:41.915Z] INFO BAR_PUSH object_type=ea object_id=10869460 source_id=Ctrader bar_count=10 symbols=["AUDUSD","BNBUSD","BTCUSD","CADJPY","DE40"]
[2026-05-27T22:06:13.993Z] INFO BAR_PUSH object_type=ea object_id=10869460 source_id=Ctrader bar_count=10 symbols=["ADAUSD","AUDCAD","AUDCHF","AUDJPY","AUDNZD","AUDUSD","BNBUSD","BTCUSD","CADJPY","DE40"]
[2026-05-27T22:06:46.037Z] INFO BAR_PUSH object_type=ea object_id=10869460 source_id=Ctrader bar_count=10 symbols=["ETHUSD","EURAUD","EURCAD","EURGBP"]
[2026-05-27T22:07:17.998Z] INFO BAR_PUSH object_type=ea object_id=10869460 source_id=Ctrader bar_count=10 symbols=["ADAUSD","AUDCAD","AUDCHF","AUDJPY","AUDNZD","AUDUSD","BNBUSD","BTCUSD","CADJPY","DE40"]
[2026-05-27T22:07:49.900Z] INFO BAR_PUSH object_type=ea object_id=10869460 source_id=Ctrader bar_count=10 symbols=["ETHUSD","EURAUD","EURCAD","EURGBP","EURJPY","EURSGD"]
[2026-05-27T22:08:21.974Z] INFO BAR_PUSH object_type=ea object_id=10869460 source_id=Ctrader bar_count=10 symbols=["ADAUSD","AUDCAD","AUDCHF","AUDJPY","AUDNZD","AUDUSD","BNBUSD","BTCUSD","CADJPY","DE40"]
[2026-05-27T22:08:53.897Z] INFO BAR_PUSH object_type=ea object_id=10869460 source_id=Ctrader bar_count=10 symbols=["ETHUSD","EURAUD","EURCAD","EURGBP","EURJPY","EURSGD","EURUSD"]
[2026-05-27T22:09:27.904Z] INFO BAR_PUSH object_type=ea object_id=10869460 source_id=Ctrader bar_count=10 symbols=["ADAUSD","AUDCAD","AUDCHF","AUDJPY","AUDNZD","AUDUSD","BNBUSD","BTCUSD","CADJPY","DE40"]
[2026-05-27T22:09:59.948Z] INFO BAR_PUSH object_type=ea object_id=10869460 source_id=Ctrader bar_count=10 symbols=["ETHUSD","EURAUD","EURCAD","EURGBP","EURJPY","EURSGD","EURUSD","GBPAUD"]
[2026-05-27T22:10:31.905Z] INFO BAR_PUSH object_type=ea object_id=10869460 source_id=Ctrader bar_count=10 symbols=["ADAUSD","AUDCAD","AUDCHF","AUDJPY","AUDNZD"]
[2026-05-27T22:11:03.902Z] INFO BAR_PUSH object_type=ea object_id=10869460 source_id=Ctrader bar_count=10 symbols=["ADAUSD","AUDCAD","AUDCHF","AUDJPY","AUDNZD","AUDUSD","BNBUSD","BTCUSD"]
[2026-05-27T22:11:37.964Z] INFO BAR_PUSH object_type=ea object_id=10869460 source_id=Ctrader bar_count=10 symbols=["BTCUSD","CADJPY","DE40","ETHUSD","EURAUD","EURCAD"]
[2026-05-27T22:12:11.903Z] INFO BAR_PUSH object_type=ea object_id=10869460 source_id=Ctrader bar_count=10 symbols=["ADAUSD","AUDCAD","AUDCHF","AUDJPY","AUDNZD","AUDUSD","BNBUSD","BTCUSD","CADJPY","DE40"]
[2026-05-27T22:12:45.869Z] INFO BAR_PUSH object_type=ea object_id=10869460 source_id=Ctrader bar_count=10 symbols=["ETHUSD","EURAUD","EURCAD","EURGBP","EURJPY","EURSGD"]
[2026-05-27T22:13:17.898Z] INFO BAR_PUSH object_type=ea object_id=10869460 source_id=Ctrader bar_count=10 symbols=["ADAUSD","AUDCAD","AUDCHF","AUDJPY","AUDNZD","AUDUSD","BNBUSD","BTCUSD","CADJPY","DE40"]
[2026-05-27T22:13:49.914Z] INFO BAR_PUSH object_type=ea object_id=10869460 source_id=Ctrader bar_count=10 symbols=["ETHUSD","EURAUD","EURCAD","EURGBP","EURJPY","EURSGD","EURUSD","GBPAUD"]
[2026-05-27T22:14:23.981Z] INFO BAR_PUSH object_type=ea object_id=10869460 source_id=Ctrader bar_count=10 symbols=["ADAUSD","AUDCAD","AUDJPY","AUDNZD","BNBUSD","BTCUSD","CADJPY","DE40","ETHUSD","EURAUD"]
[2026-05-27T22:14:55.888Z] INFO BAR_PUSH object_type=ea object_id=10869460 source_id=Ctrader bar_count=10 symbols=["AUDCHF","AUDUSD","EURCAD","EURGBP","EURJPY","EURSGD","EURUSD","GBPAUD"]
[2026-05-27T22:15:27.955Z] INFO BAR_PUSH object_type=ea object_id=10869460 source_id=Ctrader bar_count=10 symbols=["ADAUSD","AUDCAD","AUDCHF","AUDJPY"]
[2026-05-27T22:15:59.885Z] INFO BAR_PUSH object_type=ea object_id=10869460 source_id=Ctrader bar_count=10 symbols=["AUDJPY","AUDNZD","AUDUSD","BNBUSD"]
[2026-05-27T22:16:31.906Z] INFO BAR_PUSH object_type=ea object_id=10869460 source_id=Ctrader bar_count=10 symbols=["ADAUSD","AUDCAD","AUDCHF","AUDJPY","AUDNZD","AUDUSD","BNBUSD","BTCUSD"]
[2026-05-27T22:17:05.942Z] INFO BAR_PUSH object_type=ea object_id=10869460 source_id=Ctrader bar_count=10 symbols=["ADAUSD","AUDCAD","AUDCHF","AUDJPY","AUDNZD","AUDUSD","BNBUSD","BTCUSD","CADJPY"]
[2026-05-27T22:17:39.902Z] INFO BAR_PUSH object_type=ea object_id=10869460 source_id=Ctrader bar_count=10 symbols=["CADJPY","DE40","ETHUSD","EURAUD"]
[2026-05-27T22:18:11.911Z] INFO BAR_PUSH object_type=ea object_id=10869460 source_id=Ctrader bar_count=10 symbols=["ADAUSD","AUDCAD","AUDCHF","AUDJPY","AUDNZD","AUDUSD","BNBUSD","BTCUSD","CADJPY","DE40"]
[2026-05-27T22:18:43.911Z] INFO BAR_PUSH object_type=ea object_id=10869460 source_id=Ctrader bar_count=10 symbols=["ETHUSD","EURAUD","EURCAD","EURGBP"]
[2026-05-27T22:19:17.910Z] INFO BAR_PUSH object_type=ea object_id=10869460 source_id=Ctrader bar_count=10 symbols=["ADAUSD","AUDCAD","AUDCHF","AUDJPY","AUDNZD","AUDUSD","BNBUSD","BTCUSD","CADJPY","DE40"]
[2026-05-27T22:19:49.897Z] INFO BAR_PUSH object_type=ea object_id=10869460 source_id=Ctrader bar_count=10 symbols=["ETHUSD","EURAUD","EURCAD","EURGBP","EURJPY","EURSGD"]
[2026-05-27T22:20:21.951Z] INFO BAR_PUSH object_type=ea object_id=10869460 source_id=Ctrader bar_count=10 symbols=["ADAUSD","AUDCAD","AUDCHF","AUDJPY","AUDNZD"]
[2026-05-27T22:20:56.048Z] INFO BAR_PUSH object_type=ea object_id=10869460 source_id=Ctrader bar_count=10 symbols=["AUDUSD","BNBUSD","BTCUSD","CADJPY","DE40"]
[2026-05-27T22:21:27.915Z] INFO BAR_PUSH object_type=ea object_id=10869460 source_id=Ctrader bar_count=10 symbols=["ADAUSD","AUDCAD","AUDCHF","AUDJPY","AUDNZD","AUDUSD","BNBUSD","BTCUSD","CADJPY","DE40"]
[2026-05-27T22:21:59.942Z] INFO BAR_PUSH object_type=ea object_id=10869460 source_id=Ctrader bar_count=10 symbols=["ETHUSD","EURAUD","EURCAD","EURGBP","EURJPY"]
[2026-05-27T22:22:31.909Z] INFO BAR_PUSH object_type=ea object_id=10869460 source_id=Ctrader bar_count=10 symbols=["ADAUSD","AUDCAD","AUDCHF","AUDJPY","AUDNZD","AUDUSD","BNBUSD","BTCUSD","CADJPY","DE40"]
[2026-05-27T22:23:05.943Z] INFO BAR_PUSH object_type=ea object_id=10869460 source_id=Ctrader bar_count=10 symbols=["ADAUSD","AUDCAD","AUDJPY","BNBUSD","BTCUSD","CADJPY","DE40","ETHUSD","EURAUD","EURCAD"]
[2026-05-27T22:23:37.923Z] INFO BAR_PUSH object_type=ea object_id=10869460 source_id=Ctrader bar_count=10 symbols=["AUDCHF","AUDNZD","AUDUSD","EURAUD","EURGBP","EURJPY","EURSGD","EURUSD"]
[2026-05-27T22:24:09.896Z] INFO BAR_PUSH object_type=ea object_id=10869460 source_id=Ctrader bar_count=10 symbols=["AUDCAD","AUDCHF","AUDJPY","AUDNZD","AUDUSD","BNBUSD","BTCUSD","CADJPY","ETHUSD","EURAUD"]
[2026-05-27T22:24:41.916Z] INFO BAR_PUSH object_type=ea object_id=10869460 source_id=Ctrader bar_count=10 symbols=["ADAUSD","DE40","EURCAD","EURGBP","EURJPY","EURSGD","EURUSD","GBPAUD"]
[2026-05-27T22:25:13.895Z] INFO BAR_PUSH object_type=ea object_id=10869460 source_id=Ctrader bar_count=10 symbols=["AUDCAD","AUDCHF","AUDJPY","AUDNZD","AUDUSD"]
[2026-05-27T22:25:45.867Z] INFO BAR_PUSH object_type=ea object_id=10869460 source_id=Ctrader bar_count=10 symbols=["ADAUSD","BNBUSD","BTCUSD","CADJPY","DE40"]
[2026-05-27T22:26:19.909Z] INFO BAR_PUSH object_type=ea object_id=10869460 source_id=Ctrader bar_count=10 symbols=["ADAUSD","AUDCAD","AUDCHF","AUDJPY","AUDNZD","AUDUSD","BNBUSD","BTCUSD","CADJPY","DE40"]
[2026-05-27T22:26:51.986Z] INFO BAR_PUSH object_type=ea object_id=10869460 source_id=Ctrader bar_count=10 symbols=["ETHUSD","EURAUD","EURCAD","EURGBP","EURJPY"]
[2026-05-27T22:27:23.909Z] INFO BAR_PUSH object_type=ea object_id=10869460 source_id=Ctrader bar_count=10 symbols=["ADAUSD","AUDCAD","AUDCHF","AUDJPY","AUDNZD","AUDUSD","BNBUSD","BTCUSD","CADJPY","DE40"]
[2026-05-27T22:27:57.909Z] INFO BAR_PUSH object_type=ea object_id=10869460 source_id=Ctrader bar_count=10 symbols=["ETHUSD","EURAUD","EURCAD","EURGBP","EURJPY","EURSGD","EURUSD","GBPAUD"]
[2026-05-27T22:28:31.966Z] INFO BAR_PUSH object_type=ea object_id=10869460 source_id=Ctrader bar_count=10 symbols=["AUDCAD","AUDCHF","AUDJPY","AUDNZD","AUDUSD","BNBUSD","BTCUSD","CADJPY","DE40","ETHUSD"]
[2026-05-27T22:29:04.067Z] INFO BAR_PUSH object_type=ea object_id=10869460 source_id=Ctrader bar_count=10 symbols=["ADAUSD","AUDCAD","AUDCHF","AUDJPY","AUDNZD","AUDUSD","BNBUSD","BTCUSD","CADJPY","ETHUSD"]
[2026-05-27T22:29:35.909Z] INFO BAR_PUSH object_type=ea object_id=10869460 source_id=Ctrader bar_count=10 symbols=["ADAUSD","DE40","EURAUD","EURCAD","EURGBP","EURJPY","EURSGD","EURUSD","GBPAUD"]
[2026-05-27T22:30:07.894Z] INFO BAR_PUSH object_type=ea object_id=10869460 source_id=Ctrader bar_count=10 symbols=["ADAUSD","AUDCAD","AUDCHF","AUDJPY"]
[2026-05-27T22:30:41.893Z] INFO BAR_PUSH object_type=ea object_id=10869460 source_id=Ctrader bar_count=10 symbols=["AUDJPY","AUDNZD","AUDUSD","BNBUSD"]
[2026-05-27T22:31:13.893Z] INFO BAR_PUSH object_type=ea object_id=10869460 source_id=Ctrader bar_count=10 symbols=["ADAUSD","AUDCAD","AUDCHF","AUDJPY","AUDNZD","AUDUSD","BNBUSD","BTCUSD"]
[2026-05-27T22:31:45.884Z] INFO BAR_PUSH object_type=ea object_id=10869460 source_id=Ctrader bar_count=10 symbols=["BTCUSD","CADJPY","DE40","ETHUSD"]
[2026-05-27T22:32:17.908Z] INFO BAR_PUSH object_type=ea object_id=10869460 source_id=Ctrader bar_count=10 symbols=["AUDCAD","AUDCHF","AUDJPY","AUDNZD","AUDUSD","BNBUSD","BTCUSD","CADJPY","ETHUSD","EURAUD"]
[2026-05-27T22:32:51.892Z] INFO BAR_PUSH object_type=ea object_id=10869460 source_id=Ctrader bar_count=10 symbols=["ADAUSD","DE40","EURAUD","EURCAD","EURGBP"]
[2026-05-27T22:33:25.897Z] INFO BAR_PUSH object_type=ea object_id=10869460 source_id=Ctrader bar_count=10 symbols=["ADAUSD","AUDCAD","AUDCHF","AUDJPY","AUDNZD","AUDUSD","BNBUSD","BTCUSD","CADJPY","DE40"]
[2026-05-27T22:33:57.901Z] INFO BAR_PUSH object_type=ea object_id=10869460 source_id=Ctrader bar_count=10 symbols=["ETHUSD","EURAUD","EURCAD","EURGBP","EURJPY","EURSGD"]
[2026-05-27T22:34:31.913Z] INFO BAR_PUSH object_type=ea object_id=10869460 source_id=Ctrader bar_count=10 symbols=["ADAUSD","AUDCAD","AUDCHF","AUDJPY","AUDNZD","AUDUSD","BNBUSD","BTCUSD","CADJPY","DE40"]
[2026-05-27T22:35:03.893Z] INFO BAR_PUSH object_type=ea object_id=10869460 source_id=Ctrader bar_count=10 symbols=["ADAUSD","AUDCAD","AUDCHF","AUDJPY","AUDNZD"]
[2026-05-27T22:35:35.882Z] INFO BAR_PUSH object_type=ea object_id=10869460 source_id=Ctrader bar_count=10 symbols=["AUDUSD","BNBUSD","BTCUSD","CADJPY","DE40"]
[2026-05-27T22:36:07.905Z] INFO BAR_PUSH object_type=ea object_id=10869460 source_id=Ctrader bar_count=10 symbols=["AUDCAD","AUDCHF","AUDJPY","AUDNZD","AUDUSD","BNBUSD","BTCUSD","CADJPY","ETHUSD"]
[2026-05-27T22:36:39.911Z] INFO BAR_PUSH object_type=ea object_id=10869460 source_id=Ctrader bar_count=10 symbols=["DE40","EURAUD","EURCAD","EURGBP","EURJPY","EURSGD"]
[2026-05-27T22:37:13.876Z] INFO BAR_PUSH object_type=ea object_id=10869460 source_id=Ctrader bar_count=10 symbols=["ADAUSD","AUDCAD","AUDCHF","AUDJPY","AUDNZD","AUDUSD","BNBUSD","BTCUSD","DE40","ETHUSD"]
[2026-05-27T22:37:45.873Z] INFO BAR_PUSH object_type=ea object_id=10869460 source_id=Ctrader bar_count=10 symbols=["CADJPY","EURAUD","EURCAD","EURGBP","EURJPY","EURSGD","EURUSD"]
[2026-05-27T22:38:17.907Z] INFO BAR_PUSH object_type=ea object_id=10869460 source_id=Ctrader bar_count=10 symbols=["ADAUSD","AUDCAD","AUDCHF","AUDJPY","AUDNZD","AUDUSD","BNBUSD","BTCUSD","CADJPY","DE40"]
[2026-05-27T22:38:49.898Z] INFO BAR_PUSH object_type=ea object_id=10869460 source_id=Ctrader bar_count=10 symbols=["ETHUSD","EURAUD","EURCAD","EURGBP","EURJPY","EURSGD","EURUSD","GBPAUD"]
[2026-05-27T22:39:22.006Z] INFO BAR_PUSH object_type=ea object_id=10869460 source_id=Ctrader bar_count=10 symbols=["ADAUSD","AUDCAD","AUDCHF","AUDJPY","AUDNZD","AUDUSD","BNBUSD","BTCUSD","CADJPY","DE40"]
[2026-05-27T22:39:53.904Z] INFO BAR_PUSH object_type=ea object_id=10869460 source_id=Ctrader bar_count=10 symbols=["ETHUSD","EURAUD","EURCAD","EURGBP","EURJPY","EURSGD","EURUSD","GBPAUD","GBPCAD"]
[2026-05-27T22:40:25.882Z] INFO BAR_PUSH object_type=ea object_id=10869460 source_id=Ctrader bar_count=10 symbols=["ADAUSD","AUDCAD","AUDCHF","AUDJPY","AUDNZD"]
[2026-05-27T22:40:57.892Z] INFO BAR_PUSH object_type=ea object_id=10869460 source_id=Ctrader bar_count=10 symbols=["AUDUSD","BNBUSD","BTCUSD","CADJPY","DE40"]
[2026-05-27T22:41:29.907Z] INFO BAR_PUSH object_type=ea object_id=10869460 source_id=Ctrader bar_count=10 symbols=["ADAUSD","AUDCAD","AUDCHF","AUDJPY","AUDNZD","AUDUSD","BNBUSD","BTCUSD","CADJPY","DE40"]
[2026-05-27T22:42:03.991Z] INFO BAR_PUSH object_type=ea object_id=10869460 source_id=Ctrader bar_count=10 symbols=["AUDCHF","AUDNZD","BNBUSD","BTCUSD","DE40","ETHUSD","EURAUD","EURCAD"]
[2026-05-27T22:42:35.899Z] INFO BAR_PUSH object_type=ea object_id=10869460 source_id=Ctrader bar_count=10 symbols=["ADAUSD","AUDCAD","AUDJPY","CADJPY","EURAUD","EURCAD","EURGBP","EURJPY"]
[2026-05-27T22:43:09.974Z] INFO BAR_PUSH object_type=ea object_id=10869460 source_id=Ctrader bar_count=10 symbols=["AUDCAD","AUDCHF","AUDJPY","AUDNZD","AUDUSD","BNBUSD","BTCUSD","CADJPY","DE40","ETHUSD"]
[2026-05-27T22:43:41.922Z] INFO BAR_PUSH object_type=ea object_id=10869460 source_id=Ctrader bar_count=10 symbols=["EURAUD","EURCAD","EURGBP","EURJPY","EURSGD","EURUSD","GBPAUD"]
[2026-05-27T22:44:13.911Z] INFO BAR_PUSH object_type=ea object_id=10869460 source_id=Ctrader bar_count=10 symbols=["ADAUSD","AUDCAD","AUDCHF","AUDJPY","AUDNZD","AUDUSD","BNBUSD","BTCUSD","CADJPY","DE40"]
[2026-05-27T22:44:47.906Z] INFO BAR_PUSH object_type=ea object_id=10869460 source_id=Ctrader bar_count=10 symbols=["ETHUSD","EURAUD","EURCAD","EURGBP","EURJPY","EURSGD","EURUSD","GBPAUD","GBPCAD"]
[2026-05-27T22:45:19.891Z] INFO BAR_PUSH object_type=ea object_id=10869460 source_id=Ctrader bar_count=10 symbols=["ADAUSD","AUDCAD","AUDCHF","AUDJPY"]
[2026-05-27T22:45:51.884Z] INFO BAR_PUSH object_type=ea object_id=10869460 source_id=Ctrader bar_count=10 symbols=["AUDJPY","AUDNZD","AUDUSD","BNBUSD"]
[2026-05-27T22:46:23.906Z] INFO BAR_PUSH object_type=ea object_id=10869460 source_id=Ctrader bar_count=10 symbols=["ADAUSD","AUDCAD","AUDCHF","AUDJPY","AUDNZD","AUDUSD","BNBUSD","BTCUSD"]
[2026-05-27T22:46:57.955Z] INFO BAR_PUSH object_type=ea object_id=10869460 source_id=Ctrader bar_count=10 symbols=["BTCUSD","CADJPY","DE40","ETHUSD"]
[2026-05-27T22:47:29.913Z] INFO BAR_PUSH object_type=ea object_id=10869460 source_id=Ctrader bar_count=10 symbols=["ADAUSD","AUDCAD","AUDCHF","AUDJPY","AUDNZD","AUDUSD","BNBUSD","BTCUSD","CADJPY","DE40"]
[2026-05-27T22:48:03.890Z] INFO BAR_PUSH object_type=ea object_id=10869460 source_id=Ctrader bar_count=10 symbols=["AUDNZD","BNBUSD","BTCUSD","DE40","ETHUSD","EURAUD","EURCAD"]
[2026-05-27T22:48:35.972Z] INFO BAR_PUSH object_type=ea object_id=10869460 source_id=Ctrader bar_count=10 symbols=["ADAUSD","AUDCAD","AUDCHF","AUDJPY","AUDUSD","CADJPY","EURAUD","EURCAD","EURGBP"]
[2026-05-27T22:49:07.901Z] INFO BAR_PUSH object_type=ea object_id=10869460 source_id=Ctrader bar_count=10 symbols=["ADAUSD","AUDCAD","AUDCHF","AUDJPY","AUDNZD","AUDUSD","BNBUSD","BTCUSD","CADJPY","ETHUSD"]
[2026-05-27T22:49:41.996Z] INFO BAR_PUSH object_type=ea object_id=10869460 source_id=Ctrader bar_count=10 symbols=["DE40","EURAUD","EURCAD","EURGBP","EURJPY","EURSGD"]
[2026-05-27T22:50:13.897Z] INFO BAR_PUSH object_type=ea object_id=10869460 source_id=Ctrader bar_count=10 symbols=["AUDCAD","AUDCHF","AUDJPY","AUDNZD","AUDUSD"]
[2026-05-27T22:50:47.902Z] INFO BAR_PUSH object_type=ea object_id=10869460 source_id=Ctrader bar_count=10 symbols=["BNBUSD","BTCUSD","CADJPY","DE40","ETHUSD"]
[2026-05-27T22:51:19.898Z] INFO BAR_PUSH object_type=ea object_id=10869460 source_id=Ctrader bar_count=10 symbols=["ADAUSD","AUDCAD","AUDCHF","AUDJPY","AUDNZD","AUDUSD","BNBUSD","BTCUSD","CADJPY"]
[2026-05-27T22:51:51.905Z] INFO BAR_PUSH object_type=ea object_id=10869460 source_id=Ctrader bar_count=10 symbols=["DE40","ETHUSD","EURAUD","EURCAD","EURGBP","EURJPY"]
[2026-05-27T22:52:23.914Z] INFO BAR_PUSH object_type=ea object_id=10869460 source_id=Ctrader bar_count=10 symbols=["ADAUSD","AUDCAD","AUDCHF","AUDJPY","AUDNZD","AUDUSD","BNBUSD","BTCUSD","CADJPY","DE40"]
[2026-05-27T22:52:57.908Z] INFO BAR_PUSH object_type=ea object_id=10869460 source_id=Ctrader bar_count=10 symbols=["ETHUSD","EURAUD","EURCAD","EURGBP","EURJPY","EURSGD","EURUSD"]
[2026-05-27T22:53:29.950Z] INFO BAR_PUSH object_type=ea object_id=10869460 source_id=Ctrader bar_count=10 symbols=["AUDCAD","AUDCHF","AUDJPY","AUDNZD","AUDUSD","BNBUSD","BTCUSD","CADJPY","DE40","ETHUSD"]
[2026-05-27T22:54:01.920Z] INFO BAR_PUSH object_type=ea object_id=10869460 source_id=Ctrader bar_count=10 symbols=["ADAUSD","AUDCHF","BNBUSD","BTCUSD","ETHUSD","EURAUD","EURCAD","EURGBP","EURJPY","EURSGD"]
[2026-05-27T22:54:34.003Z] INFO BAR_PUSH object_type=ea object_id=10869460 source_id=Ctrader bar_count=10 symbols=["ADAUSD","AUDCAD","AUDJPY","AUDNZD","AUDUSD","CADJPY","DE40","EURAUD","EURCAD","EURGBP"]
[2026-05-27T22:55:05.898Z] INFO BAR_PUSH object_type=ea object_id=10869460 source_id=Ctrader bar_count=10 symbols=["AUDJPY","BNBUSD","BTCUSD","CADJPY","DE40"]
[2026-05-27T22:55:37.899Z] INFO BAR_PUSH object_type=ea object_id=10869460 source_id=Ctrader bar_count=10 symbols=["ADAUSD","AUDCAD","AUDCHF","AUDNZD","AUDUSD"]
[2026-05-27T22:56:09.907Z] INFO BAR_PUSH object_type=ea object_id=10869460 source_id=Ctrader bar_count=10 symbols=["ADAUSD","AUDCAD","AUDCHF","AUDJPY","AUDNZD","AUDUSD","BNBUSD","BTCUSD","CADJPY","DE40"]
[2026-05-27T22:56:41.985Z] INFO BAR_PUSH object_type=ea object_id=10869460 source_id=Ctrader bar_count=10 symbols=["ETHUSD","EURAUD","EURCAD","EURGBP","EURJPY"]
[2026-05-27T22:57:13.908Z] INFO BAR_PUSH object_type=ea object_id=10869460 source_id=Ctrader bar_count=10 symbols=["ADAUSD","AUDCAD","AUDCHF","AUDJPY","AUDNZD","AUDUSD","BNBUSD","BTCUSD","CADJPY","DE40"]
[2026-05-27T22:57:45.885Z] INFO BAR_PUSH object_type=ea object_id=10869460 source_id=Ctrader bar_count=10 symbols=["ETHUSD","EURAUD","EURCAD","EURGBP","EURJPY","EURSGD","EURUSD"]
[2026-05-27T22:58:17.911Z] INFO BAR_PUSH object_type=ea object_id=10869460 source_id=Ctrader bar_count=10 symbols=["ADAUSD","AUDCAD","AUDCHF","AUDJPY","AUDNZD","AUDUSD","BNBUSD","BTCUSD","CADJPY","DE40"]
[2026-05-27T22:58:49.909Z] INFO BAR_PUSH object_type=ea object_id=10869460 source_id=Ctrader bar_count=10 symbols=["ETHUSD","EURAUD","EURCAD","EURGBP","EURJPY","EURSGD","EURUSD","GBPAUD"]
[2026-05-27T22:59:22.054Z] INFO BAR_PUSH object_type=ea object_id=10869460 source_id=Ctrader bar_count=10 symbols=["ADAUSD","AUDCAD","AUDCHF","AUDJPY","AUDNZD","AUDUSD","BNBUSD","BTCUSD","CADJPY","DE40"]
[2026-05-27T22:59:53.914Z] INFO BAR_PUSH object_type=ea object_id=10869460 source_id=Ctrader bar_count=10 symbols=["ETHUSD","EURAUD","EURCAD","EURGBP","EURJPY","EURSGD","EURUSD","GBPAUD","GBPCAD"]
[2026-05-27T23:00:27.981Z] INFO BAR_PUSH object_type=ea object_id=10869460 source_id=Ctrader bar_count=10 symbols=["ADAUSD","AUDCAD","AUDCHF"]
[2026-05-27T23:01:01.886Z] INFO BAR_PUSH object_type=ea object_id=10869460 source_id=Ctrader bar_count=10 symbols=["ADAUSD","AUDCHF","AUDJPY","AUDNZD"]
[2026-05-27T23:01:33.884Z] INFO BAR_PUSH object_type=ea object_id=10869460 source_id=Ctrader bar_count=10 symbols=["AUDCAD","AUDJPY","AUDNZD","AUDUSD","BNBUSD"]
[2026-05-27T23:02:07.951Z] INFO BAR_PUSH object_type=ea object_id=10869460 source_id=Ctrader bar_count=10 symbols=["AUDCAD","AUDCHF","AUDJPY","AUDNZD","AUDUSD","BNBUSD","BTCUSD"]
[2026-05-27T23:02:39.906Z] INFO BAR_PUSH object_type=ea object_id=10869460 source_id=Ctrader bar_count=10 symbols=["ADAUSD","BTCUSD","CADJPY","DE40"]
[2026-05-27T23:03:12.032Z] INFO BAR_PUSH object_type=ea object_id=10869460 source_id=Ctrader bar_count=10 symbols=["ADAUSD","AUDCAD","AUDCHF","AUDJPY","AUDNZD","AUDUSD","BNBUSD","BTCUSD","CADJPY","DE40"]
[2026-05-27T23:03:45.875Z] INFO BAR_PUSH object_type=ea object_id=10869460 source_id=Ctrader bar_count=10 symbols=["DE40","ETHUSD","EURAUD"]
[2026-05-27T23:04:17.916Z] INFO BAR_PUSH object_type=ea object_id=10869460 source_id=Ctrader bar_count=10 symbols=["ADAUSD","AUDCAD","AUDCHF","AUDJPY","AUDNZD","AUDUSD","BNBUSD","BTCUSD","CADJPY","DE40"]
[2026-05-27T23:04:49.950Z] INFO BAR_PUSH object_type=ea object_id=10869460 source_id=Ctrader bar_count=10 symbols=["ETHUSD","EURAUD","EURCAD","EURGBP"]
[2026-05-27T23:05:24.055Z] INFO BAR_PUSH object_type=ea object_id=10869460 source_id=Ctrader bar_count=10 symbols=["AUDCAD","AUDCHF","AUDJPY","AUDNZD","AUDUSD"]
[2026-05-27T23:05:55.940Z] INFO BAR_PUSH object_type=ea object_id=10869460 source_id=Ctrader bar_count=10 symbols=["ADAUSD","BNBUSD","BTCUSD","CADJPY","DE40"]
[2026-05-27T23:06:29.913Z] INFO BAR_PUSH object_type=ea object_id=10869460 source_id=Ctrader bar_count=10 symbols=["ADAUSD","AUDCAD","AUDCHF","AUDJPY","AUDNZD","AUDUSD","BNBUSD","BTCUSD","CADJPY","DE40"]
[2026-05-27T23:07:01.917Z] INFO BAR_PUSH object_type=ea object_id=10869460 source_id=Ctrader bar_count=10 symbols=["AUDCAD","AUDCHF","AUDJPY","AUDNZD","AUDUSD","BNBUSD","BTCUSD","ETHUSD","EURAUD"]
[2026-05-27T23:07:33.935Z] INFO BAR_PUSH object_type=ea object_id=10869460 source_id=Ctrader bar_count=10 symbols=["ADAUSD","CADJPY","DE40","EURAUD","EURCAD","EURGBP","EURJPY"]
[2026-05-27T23:08:07.905Z] INFO BAR_PUSH object_type=ea object_id=10869460 source_id=Ctrader bar_count=10 symbols=["AUDNZD","BNBUSD","BTCUSD","DE40","ETHUSD","EURAUD","EURCAD","EURGBP","EURJPY"]
[2026-05-27T23:08:39.908Z] INFO BAR_PUSH object_type=ea object_id=10869460 source_id=Ctrader bar_count=10 symbols=["ADAUSD","AUDCAD","AUDCHF","AUDJPY","AUDUSD","CADJPY","EURJPY","EURSGD"]
[2026-05-27T23:09:13.965Z] INFO BAR_PUSH object_type=ea object_id=10869460 source_id=Ctrader bar_count=10 symbols=["AUDCAD","AUDCHF","AUDJPY","AUDNZD","AUDUSD","BNBUSD","BTCUSD","CADJPY","DE40","ETHUSD"]
[2026-05-27T23:09:45.887Z] INFO BAR_PUSH object_type=ea object_id=10869460 source_id=Ctrader bar_count=10 symbols=["ADAUSD","EURAUD","EURCAD","EURGBP","EURJPY","EURSGD","EURUSD"]
[2026-05-27T23:10:17.898Z] INFO BAR_PUSH object_type=ea object_id=10869460 source_id=Ctrader bar_count=10 symbols=["ADAUSD","AUDCAD","AUDCHF","AUDJPY","AUDNZD"]
[2026-05-27T23:10:51.964Z] INFO BAR_PUSH object_type=ea object_id=10869460 source_id=Ctrader bar_count=10 symbols=["AUDUSD","BNBUSD","BTCUSD","CADJPY","DE40"]
[2026-05-27T23:11:25.914Z] INFO BAR_PUSH object_type=ea object_id=10869460 source_id=Ctrader bar_count=10 symbols=["ADAUSD","AUDCAD","AUDCHF","AUDJPY","AUDNZD","AUDUSD","BNBUSD","BTCUSD","CADJPY","DE40"]
[2026-05-27T23:11:57.939Z] INFO BAR_PUSH object_type=ea object_id=10869460 source_id=Ctrader bar_count=10 symbols=["ETHUSD","EURAUD","EURCAD","EURGBP","EURJPY"]
[2026-05-27T23:12:29.907Z] INFO BAR_PUSH object_type=ea object_id=10869460 source_id=Ctrader bar_count=10 symbols=["ADAUSD","AUDCAD","AUDCHF","AUDJPY","AUDNZD","AUDUSD","BNBUSD","BTCUSD","CADJPY","DE40"]
[2026-05-27T23:13:01.908Z] INFO BAR_PUSH object_type=ea object_id=10869460 source_id=Ctrader bar_count=10 symbols=["AUDCHF","BNBUSD","BTCUSD","ETHUSD","EURAUD","EURCAD","EURGBP","EURJPY","EURSGD"]
[2026-05-27T23:13:35.960Z] INFO BAR_PUSH object_type=ea object_id=10869460 source_id=Ctrader bar_count=10 symbols=["AUDCAD","AUDJPY","AUDNZD","AUDUSD","CADJPY","DE40","EURAUD","EURCAD","EURGBP","EURJPY"]
[2026-05-27T23:14:07.909Z] INFO BAR_PUSH object_type=ea object_id=10869460 source_id=Ctrader bar_count=10 symbols=["AUDCAD","AUDCHF","AUDJPY","AUDNZD","AUDUSD","BNBUSD","BTCUSD","CADJPY","DE40","ETHUSD"]
[2026-05-27T23:14:39.969Z] INFO BAR_PUSH object_type=ea object_id=10869460 source_id=Ctrader bar_count=10 symbols=["ADAUSD","EURAUD","EURCAD","EURGBP","EURJPY","EURSGD","EURUSD","GBPAUD"]
[2026-05-27T23:15:11.885Z] INFO BAR_PUSH object_type=ea object_id=10869460 source_id=Ctrader bar_count=10 symbols=["ADAUSD","AUDCAD","AUDCHF","AUDJPY"]
[2026-05-27T23:15:43.877Z] INFO BAR_PUSH object_type=ea object_id=10869460 source_id=Ctrader bar_count=10 symbols=["AUDJPY","AUDNZD","AUDUSD","BNBUSD"]
[2026-05-27T23:16:15.907Z] INFO BAR_PUSH object_type=ea object_id=10869460 source_id=Ctrader bar_count=10 symbols=["ADAUSD","AUDCAD","AUDCHF","AUDJPY","AUDNZD","AUDUSD","BNBUSD","BTCUSD"]
[2026-05-27T23:16:47.894Z] INFO BAR_PUSH object_type=ea object_id=10869460 source_id=Ctrader bar_count=10 symbols=["BTCUSD","CADJPY","DE40","ETHUSD"]
[2026-05-27T23:17:19.915Z] INFO BAR_PUSH object_type=ea object_id=10869460 source_id=Ctrader bar_count=10 symbols=["ADAUSD","AUDCAD","AUDCHF","AUDJPY","AUDNZD","AUDUSD","BNBUSD","BTCUSD","CADJPY","DE40"]
[2026-05-27T23:17:53.896Z] INFO BAR_PUSH object_type=ea object_id=10869460 source_id=Ctrader bar_count=10 symbols=["ETHUSD","EURAUD","EURCAD","EURGBP"]
[2026-05-27T23:18:27.975Z] INFO BAR_PUSH object_type=ea object_id=10869460 source_id=Ctrader bar_count=10 symbols=["ADAUSD","AUDCAD","AUDCHF","AUDJPY","AUDNZD","AUDUSD","BNBUSD","BTCUSD","CADJPY","DE40"]
[2026-05-27T23:18:59.903Z] INFO BAR_PUSH object_type=ea object_id=10869460 source_id=Ctrader bar_count=10 symbols=["ETHUSD","EURAUD","EURCAD","EURGBP","EURJPY","EURSGD"]
[2026-05-27T23:19:31.971Z] INFO BAR_PUSH object_type=ea object_id=10869460 source_id=Ctrader bar_count=10 symbols=["ADAUSD","AUDCAD","AUDCHF","AUDJPY","AUDNZD","AUDUSD","BNBUSD","BTCUSD","CADJPY","DE40"]
[2026-05-27T23:20:03.888Z] INFO BAR_PUSH object_type=ea object_id=10869460 source_id=Ctrader bar_count=10 symbols=["AUDCAD","AUDJPY","AUDNZD","BNBUSD","BTCUSD"]
[2026-05-27T23:20:35.907Z] INFO BAR_PUSH object_type=ea object_id=10869460 source_id=Ctrader bar_count=10 symbols=["ADAUSD","AUDCHF","AUDUSD","CADJPY","DE40"]
[2026-05-27T23:21:07.891Z] INFO BAR_PUSH object_type=ea object_id=10869460 source_id=Ctrader bar_count=10 symbols=["ADAUSD","AUDCAD","AUDCHF","AUDJPY","AUDNZD","AUDUSD","BNBUSD","BTCUSD","CADJPY","DE40"]
[2026-05-27T23:21:39.880Z] INFO BAR_PUSH object_type=ea object_id=10869460 source_id=Ctrader bar_count=10 symbols=["ETHUSD","EURAUD","EURCAD","EURGBP","EURJPY"]
[2026-05-27T23:22:13.887Z] INFO BAR_PUSH object_type=ea object_id=10869460 source_id=Ctrader bar_count=10 symbols=["AUDCAD","AUDCHF","AUDJPY","AUDNZD","AUDUSD","BNBUSD","BTCUSD","CADJPY","DE40","ETHUSD"]
[2026-05-27T23:22:45.874Z] INFO BAR_PUSH object_type=ea object_id=10869460 source_id=Ctrader bar_count=10 symbols=["ADAUSD","EURAUD","EURCAD","EURGBP","EURJPY","EURSGD","EURUSD"]
[2026-05-27T23:23:19.933Z] INFO BAR_PUSH object_type=ea object_id=10869460 source_id=Ctrader bar_count=10 symbols=["ADAUSD","AUDCAD","AUDCHF","AUDJPY","AUDNZD","AUDUSD","BNBUSD","BTCUSD","CADJPY","DE40"]
[2026-05-27T23:23:51.875Z] INFO BAR_PUSH object_type=ea object_id=10869460 source_id=Ctrader bar_count=10 symbols=["ETHUSD","EURAUD","EURCAD","EURGBP","EURJPY","EURSGD","EURUSD","GBPAUD"]
[2026-05-27T23:24:25.891Z] INFO BAR_PUSH object_type=ea object_id=10869460 source_id=Ctrader bar_count=10 symbols=["ADAUSD","AUDCAD","AUDCHF","AUDJPY","AUDNZD","AUDUSD","BNBUSD","BTCUSD","CADJPY","DE40"]
[2026-05-27T23:24:57.928Z] INFO BAR_PUSH object_type=ea object_id=10869460 source_id=Ctrader bar_count=10 symbols=["ETHUSD","EURAUD","EURCAD","EURGBP","EURJPY","EURSGD","EURUSD","GBPAUD","GBPCAD"]
[2026-05-27T23:25:29.891Z] INFO BAR_PUSH object_type=ea object_id=10869460 source_id=Ctrader bar_count=10 symbols=["ADAUSD","AUDCAD","AUDCHF","AUDJPY","AUDNZD"]
[2026-05-27T23:26:01.975Z] INFO BAR_PUSH object_type=ea object_id=10869460 source_id=Ctrader bar_count=10 symbols=["AUDCHF","AUDNZD","AUDUSD","BNBUSD","BTCUSD","CADJPY"]
[2026-05-27T23:26:33.883Z] INFO BAR_PUSH object_type=ea object_id=10869460 source_id=Ctrader bar_count=10 symbols=["ADAUSD","AUDCAD","AUDJPY","AUDUSD","CADJPY","DE40","ETHUSD","EURAUD"]
[2026-05-27T23:27:05.945Z] INFO BAR_PUSH object_type=ea object_id=10869460 source_id=Ctrader bar_count=10 symbols=["ADAUSD","AUDCAD","AUDCHF","AUDJPY","AUDNZD","AUDUSD","BNBUSD","BTCUSD","CADJPY","DE40"]
[2026-05-27T23:27:37.871Z] INFO BAR_PUSH object_type=ea object_id=10869460 source_id=Ctrader bar_count=10 symbols=["ETHUSD","EURAUD","EURCAD","EURGBP","EURJPY","EURSGD"]
[2026-05-27T23:28:09.868Z] INFO BAR_PUSH object_type=ea object_id=10869460 source_id=Ctrader bar_count=10 symbols=["ADAUSD","AUDCAD","AUDCHF","AUDJPY","AUDNZD","AUDUSD","BNBUSD","BTCUSD","CADJPY","DE40"]
[2026-05-27T23:28:41.955Z] INFO BAR_PUSH object_type=ea object_id=10869460 source_id=Ctrader bar_count=10 symbols=["ETHUSD","EURAUD","EURCAD","EURGBP","EURJPY","EURSGD","EURUSD","GBPAUD"]
[2026-05-27T23:29:13.882Z] INFO BAR_PUSH object_type=ea object_id=10869460 source_id=Ctrader bar_count=10 symbols=["ADAUSD","AUDCAD","AUDCHF","AUDJPY","AUDNZD","AUDUSD","BNBUSD","BTCUSD","CADJPY","DE40"]
[2026-05-27T23:29:45.913Z] INFO BAR_PUSH object_type=ea object_id=10869460 source_id=Ctrader bar_count=10 symbols=["ETHUSD","EURAUD","EURCAD","EURGBP","EURJPY","EURSGD","EURUSD","GBPAUD","GBPCAD"]
[2026-05-27T23:30:17.852Z] INFO BAR_PUSH object_type=ea object_id=10869460 source_id=Ctrader bar_count=10 symbols=["ADAUSD","AUDCAD","AUDCHF","AUDJPY"]
[2026-05-27T23:30:49.902Z] INFO BAR_PUSH object_type=ea object_id=10869460 source_id=Ctrader bar_count=10 symbols=["AUDJPY","AUDNZD","AUDUSD","BNBUSD"]
[2026-05-27T23:31:23.879Z] INFO BAR_PUSH object_type=ea object_id=10869460 source_id=Ctrader bar_count=10 symbols=["ADAUSD","AUDCAD","AUDCHF","AUDJPY","AUDNZD","AUDUSD","BNBUSD","BTCUSD"]
[2026-05-27T23:31:55.859Z] INFO BAR_PUSH object_type=ea object_id=10869460 source_id=Ctrader bar_count=10 symbols=["BTCUSD","CADJPY","DE40","ETHUSD"]
[2026-05-27T23:32:29.916Z] INFO BAR_PUSH object_type=ea object_id=10869460 source_id=Ctrader bar_count=10 symbols=["ADAUSD","AUDCAD","AUDCHF","AUDJPY","AUDNZD","AUDUSD","BNBUSD","BTCUSD","CADJPY","DE40"]
[2026-05-27T23:33:01.887Z] INFO BAR_PUSH object_type=ea object_id=10869460 source_id=Ctrader bar_count=10 symbols=["AUDCAD","AUDCHF","AUDJPY","AUDNZD","AUDUSD","BNBUSD","BTCUSD","CADJPY","DE40","ETHUSD"]
[2026-05-27T23:33:35.862Z] INFO BAR_PUSH object_type=ea object_id=10869460 source_id=Ctrader bar_count=10 symbols=["ADAUSD","EURAUD","EURCAD","EURGBP"]
[2026-05-27T23:34:09.918Z] INFO BAR_PUSH object_type=ea object_id=10869460 source_id=Ctrader bar_count=10 symbols=["ADAUSD","AUDCAD","AUDCHF","AUDJPY","AUDNZD","AUDUSD","BNBUSD","BTCUSD","CADJPY","DE40"]
[2026-05-27T23:34:43.839Z] INFO BAR_PUSH object_type=ea object_id=10869460 source_id=Ctrader bar_count=10 symbols=["ETHUSD","EURAUD","EURCAD","EURGBP","EURJPY","EURSGD"]
[2026-05-27T23:35:15.868Z] INFO BAR_PUSH object_type=ea object_id=10869460 source_id=Ctrader bar_count=10 symbols=["ADAUSD","AUDCAD","AUDCHF","AUDJPY","AUDNZD"]
[2026-05-27T23:35:50.012Z] INFO BAR_PUSH object_type=ea object_id=10869460 source_id=Ctrader bar_count=10 symbols=["AUDUSD","BNBUSD","BTCUSD","CADJPY","DE40"]
[2026-05-27T23:36:21.866Z] INFO BAR_PUSH object_type=ea object_id=10869460 source_id=Ctrader bar_count=10 symbols=["ADAUSD","AUDCAD","AUDCHF","AUDJPY","AUDNZD","AUDUSD","BNBUSD","BTCUSD","CADJPY","DE40"]
[2026-05-27T23:36:53.907Z] INFO BAR_PUSH object_type=ea object_id=10869460 source_id=Ctrader bar_count=10 symbols=["ETHUSD","EURAUD","EURCAD","EURGBP","EURJPY"]
[2026-05-27T23:37:25.881Z] INFO BAR_PUSH object_type=ea object_id=10869460 source_id=Ctrader bar_count=10 symbols=["ADAUSD","AUDCAD","AUDCHF","AUDJPY","AUDNZD","AUDUSD","BNBUSD","BTCUSD","CADJPY","DE40"]
[2026-05-27T23:37:57.858Z] INFO BAR_PUSH object_type=ea object_id=10869460 source_id=Ctrader bar_count=10 symbols=["ETHUSD","EURAUD","EURCAD","EURGBP","EURJPY","EURSGD","EURUSD"]
[2026-05-27T23:38:29.875Z] INFO BAR_PUSH object_type=ea object_id=10869460 source_id=Ctrader bar_count=10 symbols=["ADAUSD","AUDCAD","AUDCHF","AUDJPY","AUDNZD","AUDUSD","BNBUSD","BTCUSD","CADJPY","DE40"]
[2026-05-27T23:39:01.878Z] INFO BAR_PUSH object_type=ea object_id=10869460 source_id=Ctrader bar_count=10 symbols=["ADAUSD","AUDCAD","AUDCHF","AUDJPY","AUDNZD","AUDUSD","BNBUSD","BTCUSD","DE40","ETHUSD"]
[2026-05-27T23:39:35.868Z] INFO BAR_PUSH object_type=ea object_id=10869460 source_id=Ctrader bar_count=10 symbols=["CADJPY","EURAUD","EURCAD","EURGBP","EURJPY","EURSGD","EURUSD","GBPAUD"]
[2026-05-27T23:40:07.866Z] INFO BAR_PUSH object_type=ea object_id=10869460 source_id=Ctrader bar_count=10 symbols=["ADAUSD","AUDCAD","AUDCHF","AUDJPY","AUDNZD"]
[2026-05-27T23:40:39.876Z] INFO BAR_PUSH object_type=ea object_id=10869460 source_id=Ctrader bar_count=10 symbols=["AUDUSD","BNBUSD","BTCUSD","CADJPY","DE40"]
[2026-05-27T23:41:13.865Z] INFO BAR_PUSH object_type=ea object_id=10869460 source_id=Ctrader bar_count=10 symbols=["AUDCAD","AUDCHF","AUDJPY","AUDNZD","AUDUSD","BNBUSD","BTCUSD","CADJPY","DE40","ETHUSD"]
[2026-05-27T23:41:45.834Z] INFO BAR_PUSH object_type=ea object_id=10869460 source_id=Ctrader bar_count=10 symbols=["ADAUSD","ETHUSD","EURAUD","EURCAD","EURGBP","EURJPY"]
[2026-05-27T23:42:19.893Z] INFO BAR_PUSH object_type=ea object_id=10869460 source_id=Ctrader bar_count=10 symbols=["ADAUSD","AUDCAD","AUDCHF","AUDJPY","AUDNZD","AUDUSD","BNBUSD","BTCUSD","CADJPY","DE40"]
[2026-05-27T23:42:53.911Z] INFO BAR_PUSH object_type=ea object_id=10869460 source_id=Ctrader bar_count=10 symbols=["ETHUSD","EURAUD","EURCAD","EURGBP","EURJPY","EURSGD","EURUSD","GBPAUD"]
[2026-05-27T23:43:25.891Z] INFO BAR_PUSH object_type=ea object_id=10869460 source_id=Ctrader bar_count=10 symbols=["ADAUSD","AUDCAD","AUDCHF","AUDJPY","AUDNZD","AUDUSD","BNBUSD","BTCUSD","CADJPY","DE40"]
[2026-05-27T23:44:00.041Z] INFO BAR_PUSH object_type=ea object_id=10869460 source_id=Ctrader bar_count=10 symbols=["ETHUSD","EURAUD","EURCAD","EURGBP","EURJPY","EURSGD","EURUSD","GBPAUD","GBPCAD"]
[2026-05-27T23:44:33.941Z] INFO BAR_PUSH object_type=ea object_id=10869460 source_id=Ctrader bar_count=10 symbols=["ADAUSD","AUDCAD","AUDCHF","AUDJPY","AUDNZD","AUDUSD","BNBUSD","BTCUSD","CADJPY","DE40"]
[2026-05-27T23:45:07.858Z] INFO BAR_PUSH object_type=ea object_id=10869460 source_id=Ctrader bar_count=10 symbols=["ADAUSD","AUDCAD","AUDCHF","AUDJPY"]
[2026-05-27T23:45:39.864Z] INFO BAR_PUSH object_type=ea object_id=10869460 source_id=Ctrader bar_count=10 symbols=["AUDJPY","AUDNZD","AUDUSD","BNBUSD"]
[2026-05-27T23:46:11.901Z] INFO BAR_PUSH object_type=ea object_id=10869460 source_id=Ctrader bar_count=10 symbols=["AUDCAD","AUDCHF","AUDJPY","AUDNZD","AUDUSD","BNBUSD","BTCUSD"]
[2026-05-27T23:46:43.829Z] INFO BAR_PUSH object_type=ea object_id=10869460 source_id=Ctrader bar_count=10 symbols=["ADAUSD","CADJPY","DE40","ETHUSD"]
[2026-05-27T23:47:17.874Z] INFO BAR_PUSH object_type=ea object_id=10869460 source_id=Ctrader bar_count=10 symbols=["AUDCAD","AUDCHF","AUDJPY","AUDNZD","AUDUSD","BNBUSD","BTCUSD","CADJPY","DE40","ETHUSD"]
[2026-05-27T23:47:51.948Z] INFO BAR_PUSH object_type=ea object_id=10869460 source_id=Ctrader bar_count=10 symbols=["ADAUSD","EURAUD","EURCAD","EURGBP"]
[2026-05-27T23:48:23.873Z] INFO BAR_PUSH object_type=ea object_id=10869460 source_id=Ctrader bar_count=10 symbols=["ADAUSD","AUDCAD","AUDCHF","AUDJPY","AUDNZD","AUDUSD","BNBUSD","BTCUSD","CADJPY","DE40"]
[2026-05-27T23:48:57.863Z] INFO BAR_PUSH object_type=ea object_id=10869460 source_id=Ctrader bar_count=10 symbols=["ETHUSD","EURAUD","EURCAD","EURGBP","EURJPY","EURSGD"]
[2026-05-27T23:49:31.925Z] INFO BAR_PUSH object_type=ea object_id=10869460 source_id=Ctrader bar_count=10 symbols=["AUDCAD","AUDCHF","AUDJPY","AUDNZD","AUDUSD","BNBUSD","BTCUSD","CADJPY","DE40","ETHUSD"]
[2026-05-27T23:50:06.003Z] INFO BAR_PUSH object_type=ea object_id=10869460 source_id=Ctrader bar_count=10 symbols=["ADAUSD","AUDCAD","AUDCHF","AUDJPY","AUDNZD"]
[2026-05-27T23:50:37.869Z] INFO BAR_PUSH object_type=ea object_id=10869460 source_id=Ctrader bar_count=10 symbols=["AUDUSD","BNBUSD","BTCUSD","CADJPY","DE40"]
[2026-05-27T23:51:11.928Z] INFO BAR_PUSH object_type=ea object_id=10869460 source_id=Ctrader bar_count=10 symbols=["AUDCAD","AUDCHF","AUDJPY","AUDNZD","AUDUSD","BNBUSD","BTCUSD","CADJPY","DE40","ETHUSD"]
[2026-05-27T23:51:43.825Z] INFO BAR_PUSH object_type=ea object_id=10869460 source_id=Ctrader bar_count=10 symbols=["ADAUSD","ETHUSD","EURAUD","EURCAD","EURGBP","EURJPY"]
[2026-05-27T23:52:15.867Z] INFO BAR_PUSH object_type=ea object_id=10869460 source_id=Ctrader bar_count=10 symbols=["ADAUSD","AUDCAD","AUDCHF","AUDJPY","AUDNZD","AUDUSD","BNBUSD","BTCUSD","CADJPY","DE40"]
[2026-05-27T23:52:47.864Z] INFO BAR_PUSH object_type=ea object_id=10869460 source_id=Ctrader bar_count=10 symbols=["ETHUSD","EURAUD","EURCAD","EURGBP","EURJPY","EURSGD","EURUSD"]
[2026-05-27T23:53:19.866Z] INFO BAR_PUSH object_type=ea object_id=10869460 source_id=Ctrader bar_count=10 symbols=["AUDCAD","AUDCHF","AUDJPY","AUDNZD","AUDUSD","BNBUSD","BTCUSD","CADJPY","DE40","ETHUSD"]
[2026-05-27T23:53:51.870Z] INFO BAR_PUSH object_type=ea object_id=10869460 source_id=Ctrader bar_count=10 symbols=["EURAUD","EURCAD","EURGBP","EURJPY","EURSGD","EURUSD","GBPAUD","GBPCAD"]
[2026-05-27T23:54:23.873Z] INFO BAR_PUSH object_type=ea object_id=10869460 source_id=Ctrader bar_count=10 symbols=["ADAUSD","AUDCAD","AUDCHF","AUDJPY","AUDNZD","AUDUSD","BNBUSD","BTCUSD","CADJPY","DE40"]
[2026-05-27T23:54:55.860Z] INFO BAR_PUSH object_type=ea object_id=10869460 source_id=Ctrader bar_count=10 symbols=["ETHUSD","EURAUD","EURCAD","EURGBP","EURJPY","EURSGD","EURUSD","GBPAUD","GBPCAD"]
[2026-05-27T23:55:29.855Z] INFO BAR_PUSH object_type=ea object_id=10869460 source_id=Ctrader bar_count=10 symbols=["ADAUSD","AUDCAD","AUDCHF","AUDJPY","AUDNZD"]
[2026-05-27T23:56:01.851Z] INFO BAR_PUSH object_type=ea object_id=10869460 source_id=Ctrader bar_count=10 symbols=["AUDCAD","AUDCHF","AUDJPY","AUDNZD","AUDUSD","BNBUSD","BTCUSD"]
[2026-05-27T23:56:33.856Z] INFO BAR_PUSH object_type=ea object_id=10869460 source_id=Ctrader bar_count=10 symbols=["ADAUSD","CADJPY","DE40","ETHUSD","EURAUD","EURCAD"]
[2026-05-27T23:57:05.869Z] INFO BAR_PUSH object_type=ea object_id=10869460 source_id=Ctrader bar_count=10 symbols=["ADAUSD","AUDCAD","AUDCHF","AUDJPY","AUDNZD","AUDUSD","BNBUSD","BTCUSD","CADJPY","DE40"]
[2026-05-27T23:57:37.861Z] INFO BAR_PUSH object_type=ea object_id=10869460 source_id=Ctrader bar_count=10 symbols=["ETHUSD","EURAUD","EURCAD","EURGBP","EURJPY","EURSGD"]
[2026-05-27T23:58:09.861Z] INFO BAR_PUSH object_type=ea object_id=10869460 source_id=Ctrader bar_count=10 symbols=["ADAUSD","AUDCAD","AUDCHF","AUDJPY","AUDNZD","AUDUSD","BNBUSD","BTCUSD","CADJPY","DE40"]
[2026-05-27T23:58:41.879Z] INFO BAR_PUSH object_type=ea object_id=10869460 source_id=Ctrader bar_count=10 symbols=["ETHUSD","EURAUD","EURCAD","EURGBP","EURJPY","EURSGD","EURUSD","GBPAUD"]
[2026-05-27T23:59:13.861Z] INFO BAR_PUSH object_type=ea object_id=10869460 source_id=Ctrader bar_count=10 symbols=["ADAUSD","AUDCAD","AUDCHF","AUDJPY","AUDNZD","AUDUSD","BNBUSD","BTCUSD","CADJPY","DE40"]
[2026-05-27T23:59:47.914Z] INFO BAR_PUSH object_type=ea object_id=10869460 source_id=Ctrader bar_count=10 symbols=["ETHUSD","EURAUD","EURCAD","EURGBP","EURJPY","EURSGD","EURUSD","GBPAUD","GBPCAD"]
