[2026-05-25T00:00:19.071Z] INFO BAR_PUSH object_type=ea object_id=10869460 source_id=Ctrader bar_count=10 symbols=["ADAUSD","AUDCAD","AUDCHF"]
[2026-05-25T00:00:51.058Z] INFO BAR_PUSH object_type=ea object_id=10869460 source_id=Ctrader bar_count=10 symbols=["AUDCHF","AUDJPY","AUDNZD"]
[2026-05-25T00:01:23.087Z] INFO BAR_PUSH object_type=ea object_id=10869460 source_id=Ctrader bar_count=10 symbols=["ADAUSD","AUDCAD","AUDCHF","AUDJPY","AUDNZD","AUDUSD","BTCUSD"]
[2026-05-25T00:01:57.068Z] INFO BAR_PUSH object_type=ea object_id=10869460 source_id=Ctrader bar_count=10 symbols=["BTCUSD","CADJPY","DE40"]
[2026-05-25T00:02:29.081Z] INFO BAR_PUSH object_type=ea object_id=10869460 source_id=Ctrader bar_count=10 symbols=["AUDCAD","AUDCHF","AUDJPY","AUDNZD","AUDUSD","BTCUSD","CADJPY","DE40","ETHUSD"]
[2026-05-25T00:03:03.083Z] INFO BAR_PUSH object_type=ea object_id=10869460 source_id=Ctrader bar_count=10 symbols=["ADAUSD","AUDCAD","AUDCHF","AUDJPY","AUDNZD","AUDUSD","BTCUSD","DE40","ETHUSD"]
[2026-05-25T00:03:35.081Z] INFO BAR_PUSH object_type=ea object_id=10869460 source_id=Ctrader bar_count=10 symbols=["ADAUSD","CADJPY","ETHUSD","EURAUD","EURCAD"]
[2026-05-25T00:04:09.080Z] INFO BAR_PUSH object_type=ea object_id=10869460 source_id=Ctrader bar_count=10 symbols=["ADAUSD","AUDCAD","AUDCHF","AUDJPY","AUDNZD","AUDUSD","BTCUSD","CADJPY","DE40","ETHUSD"]
[2026-05-25T00:04:43.076Z] INFO BAR_PUSH object_type=ea object_id=10869460 source_id=Ctrader bar_count=10 symbols=["EURAUD","EURCAD","EURGBP","EURJPY"]
[2026-05-25T00:05:17.067Z] INFO BAR_PUSH object_type=ea object_id=10869460 source_id=Ctrader bar_count=10 symbols=["AUDCAD","AUDCHF","AUDJPY","AUDNZD","AUDUSD"]
[2026-05-25T00:05:51.085Z] INFO BAR_PUSH object_type=ea object_id=10869460 source_id=Ctrader bar_count=10 symbols=["BTCUSD","CADJPY","DE40","ETHUSD","EURAUD"]
[2026-05-25T00:06:25.066Z] INFO BAR_PUSH object_type=ea object_id=10869460 source_id=Ctrader bar_count=10 symbols=["AUDCAD","AUDCHF","AUDJPY","AUDNZD","AUDUSD","BTCUSD","CADJPY","DE40","ETHUSD","EURAUD"]
[2026-05-25T00:06:57.086Z] INFO BAR_PUSH object_type=ea object_id=10869460 source_id=Ctrader bar_count=10 symbols=["ADAUSD","EURCAD","EURGBP","EURJPY"]
[2026-05-25T00:07:29.072Z] INFO BAR_PUSH object_type=ea object_id=10869460 source_id=Ctrader bar_count=10 symbols=["ADAUSD","AUDCAD","AUDCHF","AUDJPY","AUDNZD","AUDUSD","BTCUSD","CADJPY","DE40","ETHUSD"]
[2026-05-25T00:08:03.070Z] INFO BAR_PUSH object_type=ea object_id=10869460 source_id=Ctrader bar_count=10 symbols=["AUDCAD","AUDCHF","AUDJPY","AUDNZD","AUDUSD","BTCUSD","CADJPY","DE40","ETHUSD","EURAUD"]
[2026-05-25T00:08:35.068Z] INFO BAR_PUSH object_type=ea object_id=10869460 source_id=Ctrader bar_count=10 symbols=["EURCAD","EURGBP","EURJPY","EURSGD","EURUSD"]
[2026-05-25T00:09:07.070Z] INFO BAR_PUSH object_type=ea object_id=10869460 source_id=Ctrader bar_count=10 symbols=["AUDCAD","AUDCHF","AUDJPY","AUDNZD","AUDUSD","BTCUSD","CADJPY","DE40","ETHUSD","EURAUD"]
[2026-05-25T00:09:39.074Z] INFO BAR_PUSH object_type=ea object_id=10869460 source_id=Ctrader bar_count=10 symbols=["ADAUSD","EURCAD","EURGBP","EURJPY","EURSGD","EURUSD","GBPAUD"]
[2026-05-25T00:10:11.058Z] INFO BAR_PUSH object_type=ea object_id=10869460 source_id=Ctrader bar_count=10 symbols=["ADAUSD","AUDCAD","AUDCHF","AUDJPY","AUDNZD"]
[2026-05-25T00:10:43.077Z] INFO BAR_PUSH object_type=ea object_id=10869460 source_id=Ctrader bar_count=10 symbols=["AUDUSD","BTCUSD","CADJPY","DE40","ETHUSD"]
[2026-05-25T00:11:17.065Z] INFO BAR_PUSH object_type=ea object_id=10869460 source_id=Ctrader bar_count=10 symbols=["ADAUSD","AUDCAD","AUDCHF","AUDJPY","AUDNZD","AUDUSD","BTCUSD","CADJPY","DE40","ETHUSD"]
[2026-05-25T00:11:49.080Z] INFO BAR_PUSH object_type=ea object_id=10869460 source_id=Ctrader bar_count=10 symbols=["EURAUD","EURCAD","EURGBP","EURJPY","EURSGD"]
[2026-05-25T00:12:23.072Z] INFO BAR_PUSH object_type=ea object_id=10869460 source_id=Ctrader bar_count=10 symbols=["AUDCAD","AUDCHF","AUDJPY","AUDNZD","AUDUSD","BTCUSD","CADJPY","DE40","ETHUSD","EURAUD"]
[2026-05-25T00:12:57.066Z] INFO BAR_PUSH object_type=ea object_id=10869460 source_id=Ctrader bar_count=10 symbols=["EURCAD","EURGBP","EURJPY","EURSGD","EURUSD","GBPAUD","GBPCAD"]
[2026-05-25T00:13:29.079Z] INFO BAR_PUSH object_type=ea object_id=10869460 source_id=Ctrader bar_count=10 symbols=["AUDCAD","AUDCHF","AUDJPY","AUDNZD","AUDUSD","BTCUSD","CADJPY","DE40","ETHUSD","EURAUD"]
[2026-05-25T00:14:01.076Z] INFO BAR_PUSH object_type=ea object_id=10869460 source_id=Ctrader bar_count=10 symbols=["AUDCHF","AUDJPY","AUDNZD","AUDUSD","DE40","ETHUSD","EURAUD","EURCAD","EURGBP","EURJPY"]
[2026-05-25T00:14:33.073Z] INFO BAR_PUSH object_type=ea object_id=10869460 source_id=Ctrader bar_count=10 symbols=["AUDCAD","BTCUSD","CADJPY","EURCAD","EURGBP","EURJPY","EURSGD","EURUSD","GBPAUD","GBPCAD"]
[2026-05-25T00:15:07.072Z] INFO BAR_PUSH object_type=ea object_id=10869460 source_id=Ctrader bar_count=10 symbols=["ADAUSD","AUDCAD","AUDCHF","AUDJPY"]
[2026-05-25T00:15:39.078Z] INFO BAR_PUSH object_type=ea object_id=10869460 source_id=Ctrader bar_count=10 symbols=["ADAUSD","AUDNZD","AUDUSD","BTCUSD"]
[2026-05-25T00:16:13.062Z] INFO BAR_PUSH object_type=ea object_id=10869460 source_id=Ctrader bar_count=10 symbols=["ADAUSD","AUDCAD","AUDCHF","AUDJPY","AUDNZD","AUDUSD","BTCUSD","CADJPY"]
[2026-05-25T00:16:45.070Z] INFO BAR_PUSH object_type=ea object_id=10869460 source_id=Ctrader bar_count=10 symbols=["CADJPY","DE40","ETHUSD","EURAUD"]
[2026-05-25T00:17:17.079Z] INFO BAR_PUSH object_type=ea object_id=10869460 source_id=Ctrader bar_count=10 symbols=["ADAUSD","AUDCAD","AUDCHF","AUDJPY","AUDNZD","AUDUSD","BTCUSD","CADJPY","DE40","ETHUSD"]
[2026-05-25T00:17:49.079Z] INFO BAR_PUSH object_type=ea object_id=10869460 source_id=Ctrader bar_count=10 symbols=["EURAUD","EURCAD","EURGBP","EURJPY"]
[2026-05-25T00:18:23.076Z] INFO BAR_PUSH object_type=ea object_id=10869460 source_id=Ctrader bar_count=10 symbols=["ADAUSD","AUDCAD","AUDCHF","AUDJPY","AUDNZD","AUDUSD","BTCUSD","CADJPY","DE40","ETHUSD"]
[2026-05-25T00:18:55.080Z] INFO BAR_PUSH object_type=ea object_id=10869460 source_id=Ctrader bar_count=10 symbols=["EURAUD","EURCAD","EURGBP","EURJPY","EURSGD","EURUSD"]
[2026-05-25T00:19:27.073Z] INFO BAR_PUSH object_type=ea object_id=10869460 source_id=Ctrader bar_count=10 symbols=["AUDCAD","AUDCHF","AUDJPY","AUDNZD","AUDUSD","BTCUSD","CADJPY","DE40","ETHUSD","EURAUD"]
[2026-05-25T00:19:59.114Z] INFO BAR_PUSH object_type=ea object_id=10869460 source_id=Ctrader bar_count=10 symbols=["ADAUSD","EURCAD","EURGBP","EURJPY","EURSGD","EURUSD","GBPAUD"]
[2026-05-25T00:20:31.072Z] INFO BAR_PUSH object_type=ea object_id=10869460 source_id=Ctrader bar_count=10 symbols=["ADAUSD","AUDCAD","AUDCHF","AUDJPY","AUDNZD"]
[2026-05-25T00:21:03.077Z] INFO BAR_PUSH object_type=ea object_id=10869460 source_id=Ctrader bar_count=10 symbols=["ADAUSD","AUDCAD","AUDCHF","AUDJPY","AUDNZD","AUDUSD","BTCUSD","CADJPY"]
[2026-05-25T00:21:35.083Z] INFO BAR_PUSH object_type=ea object_id=10869460 source_id=Ctrader bar_count=10 symbols=["CADJPY","DE40","ETHUSD","EURAUD","EURCAD"]
[2026-05-25T00:22:07.074Z] INFO BAR_PUSH object_type=ea object_id=10869460 source_id=Ctrader bar_count=10 symbols=["AUDCAD","AUDCHF","AUDJPY","AUDNZD","AUDUSD","BTCUSD","CADJPY","DE40","ETHUSD","EURAUD"]
[2026-05-25T00:22:41.069Z] INFO BAR_PUSH object_type=ea object_id=10869460 source_id=Ctrader bar_count=10 symbols=["ADAUSD","EURCAD","EURGBP","EURJPY","EURSGD","EURUSD"]
[2026-05-25T00:23:15.187Z] INFO BAR_PUSH object_type=ea object_id=10869460 source_id=Ctrader bar_count=10 symbols=["AUDCAD","AUDCHF","AUDJPY","AUDNZD","AUDUSD","BTCUSD","CADJPY","DE40","ETHUSD","EURAUD"]
[2026-05-25T00:23:47.075Z] INFO BAR_PUSH object_type=ea object_id=10869460 source_id=Ctrader bar_count=10 symbols=["ADAUSD","EURCAD","EURGBP","EURJPY","EURSGD","EURUSD","GBPAUD","GBPCAD"]
[2026-05-25T00:24:19.083Z] INFO BAR_PUSH object_type=ea object_id=10869460 source_id=Ctrader bar_count=10 symbols=["ADAUSD","AUDCAD","AUDCHF","AUDJPY","AUDNZD","AUDUSD","BTCUSD","CADJPY","DE40","ETHUSD"]
[2026-05-25T00:24:51.072Z] INFO BAR_PUSH object_type=ea object_id=10869460 source_id=Ctrader bar_count=10 symbols=["EURAUD","EURCAD","EURGBP","EURJPY","EURSGD","EURUSD","GBPAUD","GBPCAD"]
[2026-05-25T00:25:23.074Z] INFO BAR_PUSH object_type=ea object_id=10869460 source_id=Ctrader bar_count=10 symbols=["ADAUSD","AUDCAD","AUDCHF","AUDJPY","AUDNZD"]
[2026-05-25T00:25:55.072Z] INFO BAR_PUSH object_type=ea object_id=10869460 source_id=Ctrader bar_count=10 symbols=["AUDUSD","BTCUSD","CADJPY","DE40","ETHUSD"]
[2026-05-25T00:26:27.077Z] INFO BAR_PUSH object_type=ea object_id=10869460 source_id=Ctrader bar_count=10 symbols=["ADAUSD","AUDCAD","AUDCHF","AUDJPY","AUDNZD","AUDUSD","BTCUSD","CADJPY","DE40","ETHUSD"]
[2026-05-25T00:26:59.077Z] INFO BAR_PUSH object_type=ea object_id=10869460 source_id=Ctrader bar_count=10 symbols=["EURAUD","EURCAD","EURGBP","EURJPY","EURSGD"]
[2026-05-25T00:27:31.166Z] INFO BAR_PUSH object_type=ea object_id=10869460 source_id=Ctrader bar_count=10 symbols=["AUDCAD","AUDCHF","AUDJPY","AUDNZD","AUDUSD","BTCUSD","CADJPY","DE40","ETHUSD","EURAUD"]
[2026-05-25T00:28:05.084Z] INFO BAR_PUSH object_type=ea object_id=10869460 source_id=Ctrader bar_count=10 symbols=["ADAUSD","AUDCAD","AUDCHF","AUDJPY","AUDNZD","AUDUSD","BTCUSD","CADJPY","DE40","ETHUSD"]
[2026-05-25T00:28:37.082Z] INFO BAR_PUSH object_type=ea object_id=10869460 source_id=Ctrader bar_count=10 symbols=["ADAUSD","EURAUD","EURCAD","EURGBP","EURJPY","EURSGD","EURUSD","GBPAUD"]
[2026-05-25T00:29:11.077Z] INFO BAR_PUSH object_type=ea object_id=10869460 source_id=Ctrader bar_count=10 symbols=["ADAUSD","AUDCAD","AUDCHF","AUDJPY","AUDNZD","AUDUSD","BTCUSD","CADJPY","DE40","ETHUSD"]
[2026-05-25T00:29:45.073Z] INFO BAR_PUSH object_type=ea object_id=10869460 source_id=Ctrader bar_count=10 symbols=["EURAUD","EURCAD","EURGBP","EURJPY","EURSGD","EURUSD","GBPAUD","GBPCAD","GBPJPY"]
[2026-05-25T00:30:19.072Z] INFO BAR_PUSH object_type=ea object_id=10869460 source_id=Ctrader bar_count=10 symbols=["ADAUSD","AUDCAD","AUDCHF","AUDJPY"]
[2026-05-25T00:30:51.101Z] INFO BAR_PUSH object_type=ea object_id=10869460 source_id=Ctrader bar_count=10 symbols=["AUDJPY","AUDNZD","AUDUSD","BTCUSD"]
[2026-05-25T00:31:25.079Z] INFO BAR_PUSH object_type=ea object_id=10869460 source_id=Ctrader bar_count=10 symbols=["ADAUSD","AUDCAD","AUDCHF","AUDJPY","AUDNZD","AUDUSD","BTCUSD","CADJPY"]
[2026-05-25T00:31:57.075Z] INFO BAR_PUSH object_type=ea object_id=10869460 source_id=Ctrader bar_count=10 symbols=["CADJPY","DE40","ETHUSD","EURAUD"]
[2026-05-25T00:32:29.085Z] INFO BAR_PUSH object_type=ea object_id=10869460 source_id=Ctrader bar_count=10 symbols=["ADAUSD","AUDCAD","AUDCHF","AUDJPY","AUDNZD","AUDUSD","BTCUSD","CADJPY","DE40","ETHUSD"]
[2026-05-25T00:33:01.078Z] INFO BAR_PUSH object_type=ea object_id=10869460 source_id=Ctrader bar_count=10 symbols=["CADJPY","DE40","EURAUD","EURCAD","EURGBP","EURJPY"]
[2026-05-25T00:33:33.067Z] INFO BAR_PUSH object_type=ea object_id=10869460 source_id=Ctrader bar_count=10 symbols=["ADAUSD","AUDCAD","AUDCHF","AUDJPY","AUDNZD","AUDUSD","BTCUSD","ETHUSD","EURJPY"]
[2026-05-25T00:34:05.057Z] INFO BAR_PUSH object_type=ea object_id=10869460 source_id=Ctrader bar_count=10 symbols=["AUDCAD","AUDCHF","AUDJPY","AUDNZD","AUDUSD","BTCUSD","CADJPY","DE40","ETHUSD","EURAUD"]
[2026-05-25T00:34:39.035Z] INFO BAR_PUSH object_type=ea object_id=10869460 source_id=Ctrader bar_count=10 symbols=["EURCAD","EURGBP","EURJPY","EURSGD","EURUSD"]
[2026-05-25T00:35:11.045Z] INFO BAR_PUSH object_type=ea object_id=10869460 source_id=Ctrader bar_count=10 symbols=["ADAUSD","AUDCAD","AUDCHF","AUDJPY","AUDNZD"]
[2026-05-25T00:35:43.042Z] INFO BAR_PUSH object_type=ea object_id=10869460 source_id=Ctrader bar_count=10 symbols=["AUDUSD","BTCUSD","CADJPY","DE40","ETHUSD"]
[2026-05-25T00:36:15.052Z] INFO BAR_PUSH object_type=ea object_id=10869460 source_id=Ctrader bar_count=10 symbols=["AUDCAD","AUDCHF","AUDJPY","AUDNZD","AUDUSD","BTCUSD","CADJPY","DE40","ETHUSD","EURAUD"]
[2026-05-25T00:36:47.053Z] INFO BAR_PUSH object_type=ea object_id=10869460 source_id=Ctrader bar_count=10 symbols=["EURAUD","EURCAD","EURGBP","EURJPY","EURSGD","EURUSD"]
[2026-05-25T00:37:19.071Z] INFO BAR_PUSH object_type=ea object_id=10869460 source_id=Ctrader bar_count=10 symbols=["ADAUSD","AUDCAD","AUDCHF","AUDJPY","AUDNZD","AUDUSD","BTCUSD","CADJPY","DE40","ETHUSD"]
[2026-05-25T00:37:51.057Z] INFO BAR_PUSH object_type=ea object_id=10869460 source_id=Ctrader bar_count=10 symbols=["EURAUD","EURCAD","EURGBP","EURJPY","EURSGD","EURUSD","GBPAUD"]
[2026-05-25T00:38:23.047Z] INFO BAR_PUSH object_type=ea object_id=10869460 source_id=Ctrader bar_count=10 symbols=["AUDCAD","AUDCHF","AUDJPY","AUDNZD","AUDUSD","BTCUSD","CADJPY","DE40","ETHUSD","EURAUD"]
[2026-05-25T00:38:55.051Z] INFO BAR_PUSH object_type=ea object_id=10869460 source_id=Ctrader bar_count=10 symbols=["ADAUSD","EURCAD","EURGBP","EURJPY","EURSGD","EURUSD","GBPAUD","GBPCAD"]
[2026-05-25T00:39:27.048Z] INFO BAR_PUSH object_type=ea object_id=10869460 source_id=Ctrader bar_count=10 symbols=["ADAUSD","AUDCAD","AUDCHF","AUDJPY","AUDNZD","AUDUSD","BTCUSD","CADJPY","DE40","ETHUSD"]
[2026-05-25T00:39:59.045Z] INFO BAR_PUSH object_type=ea object_id=10869460 source_id=Ctrader bar_count=10 symbols=["EURAUD","EURCAD","EURGBP","EURJPY","EURSGD","EURUSD","GBPAUD","GBPCAD","GBPJPY"]
[2026-05-25T00:40:33.040Z] INFO BAR_PUSH object_type=ea object_id=10869460 source_id=Ctrader bar_count=10 symbols=["ADAUSD","AUDCAD","AUDCHF","AUDJPY","AUDNZD"]
[2026-05-25T00:41:05.056Z] INFO BAR_PUSH object_type=ea object_id=10869460 source_id=Ctrader bar_count=10 symbols=["AUDCAD","AUDCHF","AUDJPY","AUDNZD","AUDUSD","BTCUSD","CADJPY"]
[2026-05-25T00:41:37.046Z] INFO BAR_PUSH object_type=ea object_id=10869460 source_id=Ctrader bar_count=10 symbols=["ADAUSD","AUDUSD","DE40","ETHUSD","EURAUD","EURCAD"]
[2026-05-25T00:42:09.047Z] INFO BAR_PUSH object_type=ea object_id=10869460 source_id=Ctrader bar_count=10 symbols=["ADAUSD","AUDCAD","AUDCHF","AUDJPY","AUDNZD","AUDUSD","BTCUSD","CADJPY","DE40","ETHUSD"]
[2026-05-25T00:42:43.044Z] INFO BAR_PUSH object_type=ea object_id=10869460 source_id=Ctrader bar_count=10 symbols=["EURAUD","EURCAD","EURGBP","EURJPY","EURSGD","EURUSD"]
[2026-05-25T00:43:15.050Z] INFO BAR_PUSH object_type=ea object_id=10869460 source_id=Ctrader bar_count=10 symbols=["AUDCAD","AUDCHF","AUDJPY","AUDNZD","AUDUSD","BTCUSD","CADJPY","DE40","ETHUSD","EURAUD"]
[2026-05-25T00:43:49.058Z] INFO BAR_PUSH object_type=ea object_id=10869460 source_id=Ctrader bar_count=10 symbols=["EURCAD","EURGBP","EURJPY","EURSGD","EURUSD","GBPAUD","GBPCAD","GBPJPY"]
[2026-05-25T00:44:21.044Z] INFO BAR_PUSH object_type=ea object_id=10869460 source_id=Ctrader bar_count=10 symbols=["ADAUSD","AUDCAD","AUDCHF","AUDJPY","AUDNZD","AUDUSD","BTCUSD","CADJPY","DE40","ETHUSD"]
[2026-05-25T00:44:53.058Z] INFO BAR_PUSH object_type=ea object_id=10869460 source_id=Ctrader bar_count=10 symbols=["EURAUD","EURCAD","EURGBP","EURJPY","EURSGD","EURUSD","GBPAUD","GBPCAD","GBPJPY"]
[2026-05-25T00:45:25.031Z] INFO BAR_PUSH object_type=ea object_id=10869460 source_id=Ctrader bar_count=10 symbols=["ADAUSD","AUDCAD","AUDCHF","AUDJPY"]
[2026-05-25T00:45:57.042Z] INFO BAR_PUSH object_type=ea object_id=10869460 source_id=Ctrader bar_count=10 symbols=["AUDJPY","AUDNZD","AUDUSD","BTCUSD"]
[2026-05-25T00:46:29.083Z] INFO BAR_PUSH object_type=ea object_id=10869460 source_id=Ctrader bar_count=10 symbols=["ADAUSD","AUDCAD","AUDCHF","AUDJPY","AUDNZD","AUDUSD","BTCUSD","CADJPY"]
[2026-05-25T00:47:03.044Z] INFO BAR_PUSH object_type=ea object_id=10869460 source_id=Ctrader bar_count=10 symbols=["AUDCAD","AUDCHF","AUDJPY","AUDNZD","AUDUSD","BTCUSD","CADJPY","DE40"]
[2026-05-25T00:47:37.058Z] INFO BAR_PUSH object_type=ea object_id=10869460 source_id=Ctrader bar_count=10 symbols=["ADAUSD","DE40","ETHUSD","EURAUD","EURCAD"]
[2026-05-25T00:48:09.040Z] INFO BAR_PUSH object_type=ea object_id=10869460 source_id=Ctrader bar_count=10 symbols=["AUDCAD","AUDCHF","AUDJPY","AUDNZD","AUDUSD","BTCUSD","CADJPY","DE40","ETHUSD","EURAUD"]
[2026-05-25T00:48:41.046Z] INFO BAR_PUSH object_type=ea object_id=10869460 source_id=Ctrader bar_count=10 symbols=["ADAUSD","EURCAD","EURGBP","EURJPY","EURSGD"]
[2026-05-25T00:49:15.053Z] INFO BAR_PUSH object_type=ea object_id=10869460 source_id=Ctrader bar_count=10 symbols=["AUDCAD","AUDCHF","AUDJPY","AUDNZD","AUDUSD","BTCUSD","CADJPY","DE40","ETHUSD","EURAUD"]
[2026-05-25T00:49:49.041Z] INFO BAR_PUSH object_type=ea object_id=10869460 source_id=Ctrader bar_count=10 symbols=["ADAUSD","EURCAD","EURGBP","EURJPY","EURSGD","EURUSD"]
[2026-05-25T00:50:23.048Z] INFO BAR_PUSH object_type=ea object_id=10869460 source_id=Ctrader bar_count=10 symbols=["ADAUSD","AUDCAD","AUDCHF","AUDJPY","AUDNZD"]
[2026-05-25T00:50:55.043Z] INFO BAR_PUSH object_type=ea object_id=10869460 source_id=Ctrader bar_count=10 symbols=["AUDUSD","BTCUSD","CADJPY","DE40","ETHUSD"]
[2026-05-25T00:51:27.051Z] INFO BAR_PUSH object_type=ea object_id=10869460 source_id=Ctrader bar_count=10 symbols=["ADAUSD","AUDCAD","AUDCHF","AUDJPY","AUDNZD","AUDUSD","BTCUSD","CADJPY","DE40","ETHUSD"]
[2026-05-25T00:51:59.056Z] INFO BAR_PUSH object_type=ea object_id=10869460 source_id=Ctrader bar_count=10 symbols=["EURAUD","EURCAD","EURGBP","EURJPY","EURSGD"]
[2026-05-25T00:52:31.055Z] INFO BAR_PUSH object_type=ea object_id=10869460 source_id=Ctrader bar_count=10 symbols=["ADAUSD","AUDCAD","AUDCHF","AUDJPY","AUDNZD","AUDUSD","BTCUSD","CADJPY","DE40","ETHUSD"]
[2026-05-25T00:53:03.041Z] INFO BAR_PUSH object_type=ea object_id=10869460 source_id=Ctrader bar_count=10 symbols=["AUDCAD","AUDCHF","AUDJPY","AUDNZD","AUDUSD","BTCUSD","CADJPY","DE40","ETHUSD","EURAUD"]
[2026-05-25T00:53:35.040Z] INFO BAR_PUSH object_type=ea object_id=10869460 source_id=Ctrader bar_count=10 symbols=["ADAUSD","EURCAD","EURGBP","EURJPY","EURSGD","EURUSD","GBPAUD"]
[2026-05-25T00:54:07.044Z] INFO BAR_PUSH object_type=ea object_id=10869460 source_id=Ctrader bar_count=10 symbols=["AUDCAD","AUDCHF","AUDJPY","AUDNZD","AUDUSD","BTCUSD","CADJPY","DE40","ETHUSD","EURAUD"]
[2026-05-25T00:54:39.039Z] INFO BAR_PUSH object_type=ea object_id=10869460 source_id=Ctrader bar_count=10 symbols=["ADAUSD","EURCAD","EURGBP","EURJPY","EURSGD","EURUSD","GBPAUD","GBPCAD"]
[2026-05-25T00:55:11.021Z] INFO BAR_PUSH object_type=ea object_id=10869460 source_id=Ctrader bar_count=10 symbols=["AUDCAD","AUDCHF","AUDJPY","AUDNZD","AUDUSD"]
[2026-05-25T00:55:43.045Z] INFO BAR_PUSH object_type=ea object_id=10869460 source_id=Ctrader bar_count=10 symbols=["BTCUSD","CADJPY","DE40","ETHUSD","EURAUD"]
[2026-05-25T00:56:15.041Z] INFO BAR_PUSH object_type=ea object_id=10869460 source_id=Ctrader bar_count=10 symbols=["AUDCAD","AUDCHF","AUDJPY","AUDNZD","AUDUSD","BTCUSD","CADJPY","DE40","ETHUSD","EURAUD"]
[2026-05-25T00:56:47.044Z] INFO BAR_PUSH object_type=ea object_id=10869460 source_id=Ctrader bar_count=10 symbols=["ADAUSD","EURCAD","EURGBP","EURJPY","EURSGD"]
[2026-05-25T00:57:19.032Z] INFO BAR_PUSH object_type=ea object_id=10869460 source_id=Ctrader bar_count=10 symbols=["AUDCAD","AUDCHF","AUDJPY","AUDNZD","AUDUSD","BTCUSD","CADJPY","DE40","ETHUSD","EURAUD"]
[2026-05-25T00:57:51.040Z] INFO BAR_PUSH object_type=ea object_id=10869460 source_id=Ctrader bar_count=10 symbols=["EURCAD","EURGBP","EURJPY","EURSGD","EURUSD","GBPAUD","GBPCAD"]
[2026-05-25T00:58:23.040Z] INFO BAR_PUSH object_type=ea object_id=10869460 source_id=Ctrader bar_count=10 symbols=["ADAUSD","AUDCAD","AUDCHF","AUDJPY","AUDNZD","AUDUSD","BTCUSD","CADJPY","DE40","ETHUSD"]
[2026-05-25T00:58:55.045Z] INFO BAR_PUSH object_type=ea object_id=10869460 source_id=Ctrader bar_count=10 symbols=["EURAUD","EURCAD","EURGBP","EURJPY","EURSGD","EURUSD","GBPAUD","GBPCAD","GBPJPY"]
[2026-05-25T00:59:29.043Z] INFO BAR_PUSH object_type=ea object_id=10869460 source_id=Ctrader bar_count=10 symbols=["ADAUSD","AUDCAD","AUDCHF","AUDJPY","AUDNZD","AUDUSD","BTCUSD","CADJPY","DE40","ETHUSD"]
[2026-05-25T01:00:03.028Z] INFO BAR_PUSH object_type=ea object_id=10869460 source_id=Ctrader bar_count=10 symbols=["ADAUSD","AUDCAD"]
[2026-05-25T01:00:35.044Z] INFO BAR_PUSH object_type=ea object_id=10869460 source_id=Ctrader bar_count=10 symbols=["AUDCHF","AUDJPY"]
[2026-05-25T01:01:09.034Z] INFO BAR_PUSH object_type=ea object_id=10869460 source_id=Ctrader bar_count=10 symbols=["ADAUSD","AUDCAD","AUDCHF","AUDJPY","AUDNZD","AUDUSD"]
[2026-05-25T01:01:43.024Z] INFO BAR_PUSH object_type=ea object_id=10869460 source_id=Ctrader bar_count=10 symbols=["AUDUSD","BTCUSD","CADJPY"]
[2026-05-25T01:02:15.081Z] INFO BAR_PUSH object_type=ea object_id=10869460 source_id=Ctrader bar_count=10 symbols=["ADAUSD","AUDCAD","AUDCHF","AUDJPY","AUDNZD","AUDUSD","BTCUSD","CADJPY"]
[2026-05-25T01:02:47.078Z] INFO BAR_PUSH object_type=ea object_id=10869460 source_id=Ctrader bar_count=10 symbols=["CADJPY","DE40","ETHUSD"]
[2026-05-25T01:03:19.041Z] INFO BAR_PUSH object_type=ea object_id=10869460 source_id=Ctrader bar_count=10 symbols=["ADAUSD","AUDCAD","AUDCHF","AUDJPY","AUDNZD","AUDUSD","BTCUSD","CADJPY","DE40","ETHUSD"]
[2026-05-25T01:03:51.048Z] INFO BAR_PUSH object_type=ea object_id=10869460 source_id=Ctrader bar_count=10 symbols=["ETHUSD","EURAUD","EURCAD"]
[2026-05-25T01:04:25.044Z] INFO BAR_PUSH object_type=ea object_id=10869460 source_id=Ctrader bar_count=10 symbols=["ADAUSD","AUDCAD","AUDCHF","AUDJPY","AUDNZD","AUDUSD","BTCUSD","CADJPY","DE40","ETHUSD"]
[2026-05-25T01:04:57.040Z] INFO BAR_PUSH object_type=ea object_id=10869460 source_id=Ctrader bar_count=10 symbols=["EURAUD","EURCAD","EURGBP","EURJPY"]
[2026-05-25T01:05:29.027Z] INFO BAR_PUSH object_type=ea object_id=10869460 source_id=Ctrader bar_count=10 symbols=["AUDCAD","AUDCHF","AUDJPY","AUDNZD","AUDUSD"]
[2026-05-25T01:06:03.040Z] INFO BAR_PUSH object_type=ea object_id=10869460 source_id=Ctrader bar_count=10 symbols=["ADAUSD","AUDCAD","AUDCHF","AUDJPY","AUDNZD","AUDUSD","BTCUSD","CADJPY"]
[2026-05-25T01:06:37.044Z] INFO BAR_PUSH object_type=ea object_id=10869460 source_id=Ctrader bar_count=10 symbols=["CADJPY","DE40","ETHUSD","EURAUD","EURCAD","EURGBP"]
[2026-05-25T01:07:09.039Z] INFO BAR_PUSH object_type=ea object_id=10869460 source_id=Ctrader bar_count=10 symbols=["AUDCAD","AUDCHF","AUDJPY","AUDNZD","AUDUSD","BTCUSD","CADJPY","DE40","ETHUSD","EURAUD"]
[2026-05-25T01:07:41.032Z] INFO BAR_PUSH object_type=ea object_id=10869460 source_id=Ctrader bar_count=10 symbols=["ADAUSD","EURCAD","EURGBP","EURJPY","EURSGD"]
[2026-05-25T01:08:13.033Z] INFO BAR_PUSH object_type=ea object_id=10869460 source_id=Ctrader bar_count=10 symbols=["AUDCAD","AUDCHF","AUDJPY","AUDNZD","AUDUSD","BTCUSD","CADJPY","DE40","ETHUSD","EURAUD"]
[2026-05-25T01:08:47.043Z] INFO BAR_PUSH object_type=ea object_id=10869460 source_id=Ctrader bar_count=10 symbols=["EURCAD","EURGBP","EURJPY","EURSGD","EURUSD"]
[2026-05-25T01:09:21.040Z] INFO BAR_PUSH object_type=ea object_id=10869460 source_id=Ctrader bar_count=10 symbols=["ADAUSD","AUDCAD","AUDCHF","AUDJPY","AUDNZD","AUDUSD","BTCUSD","CADJPY","DE40","ETHUSD"]
[2026-05-25T01:09:53.039Z] INFO BAR_PUSH object_type=ea object_id=10869460 source_id=Ctrader bar_count=10 symbols=["EURAUD","EURCAD","EURGBP","EURJPY","EURSGD","EURUSD","GBPAUD"]
[2026-05-25T01:10:25.035Z] INFO BAR_PUSH object_type=ea object_id=10869460 source_id=Ctrader bar_count=10 symbols=["AUDCAD","AUDCHF","AUDJPY","AUDNZD","AUDUSD"]
[2026-05-25T01:10:57.078Z] INFO BAR_PUSH object_type=ea object_id=10869460 source_id=Ctrader bar_count=10 symbols=["ADAUSD","BTCUSD","CADJPY","DE40","ETHUSD"]
[2026-05-25T01:11:29.051Z] INFO BAR_PUSH object_type=ea object_id=10869460 source_id=Ctrader bar_count=10 symbols=["ADAUSD","AUDCAD","AUDCHF","AUDJPY","AUDNZD","AUDUSD","BTCUSD","CADJPY","DE40","ETHUSD"]
[2026-05-25T01:12:01.042Z] INFO BAR_PUSH object_type=ea object_id=10869460 source_id=Ctrader bar_count=10 symbols=["AUDCHF","AUDJPY","AUDNZD","AUDUSD","BTCUSD","DE40","EURAUD","EURCAD"]
[2026-05-25T01:12:33.097Z] INFO BAR_PUSH object_type=ea object_id=10869460 source_id=Ctrader bar_count=10 symbols=["ADAUSD","AUDCAD","CADJPY","ETHUSD","EURGBP","EURJPY","EURSGD"]
[2026-05-25T01:13:05.044Z] INFO BAR_PUSH object_type=ea object_id=10869460 source_id=Ctrader bar_count=10 symbols=["AUDCAD","AUDCHF","AUDJPY","AUDNZD","AUDUSD","BTCUSD","CADJPY","DE40","ETHUSD","EURAUD"]
[2026-05-25T01:13:37.036Z] INFO BAR_PUSH object_type=ea object_id=10869460 source_id=Ctrader bar_count=10 symbols=["ADAUSD","EURCAD","EURGBP","EURJPY","EURSGD","EURUSD","GBPAUD"]
[2026-05-25T01:14:09.045Z] INFO BAR_PUSH object_type=ea object_id=10869460 source_id=Ctrader bar_count=10 symbols=["AUDCAD","AUDCHF","AUDJPY","AUDNZD","AUDUSD","BTCUSD","CADJPY","DE40","ETHUSD","EURAUD"]
[2026-05-25T01:14:41.034Z] INFO BAR_PUSH object_type=ea object_id=10869460 source_id=Ctrader bar_count=10 symbols=["ADAUSD","EURCAD","EURGBP","EURJPY","EURSGD","EURUSD","GBPAUD","GBPCAD"]
[2026-05-25T01:15:13.027Z] INFO BAR_PUSH object_type=ea object_id=10869460 source_id=Ctrader bar_count=10 symbols=["ADAUSD","AUDCAD","AUDCHF","AUDJPY"]
[2026-05-25T01:15:45.032Z] INFO BAR_PUSH object_type=ea object_id=10869460 source_id=Ctrader bar_count=10 symbols=["AUDJPY","AUDNZD","AUDUSD","BTCUSD"]
[2026-05-25T01:16:17.160Z] INFO BAR_PUSH object_type=ea object_id=10869460 source_id=Ctrader bar_count=10 symbols=["ADAUSD","AUDCAD","AUDCHF","AUDJPY","AUDNZD","AUDUSD","BTCUSD","CADJPY"]
[2026-05-25T01:16:49.035Z] INFO BAR_PUSH object_type=ea object_id=10869460 source_id=Ctrader bar_count=10 symbols=["CADJPY","DE40","ETHUSD","EURAUD"]
[2026-05-25T01:17:21.041Z] INFO BAR_PUSH object_type=ea object_id=10869460 source_id=Ctrader bar_count=10 symbols=["AUDCAD","AUDCHF","AUDJPY","AUDNZD","AUDUSD","BTCUSD","CADJPY","DE40","ETHUSD","EURAUD"]
[2026-05-25T01:17:53.037Z] INFO BAR_PUSH object_type=ea object_id=10869460 source_id=Ctrader bar_count=10 symbols=["ADAUSD","EURCAD","EURGBP","EURJPY"]
[2026-05-25T01:18:25.025Z] INFO BAR_PUSH object_type=ea object_id=10869460 source_id=Ctrader bar_count=10 symbols=["ADAUSD","AUDCAD","AUDCHF","AUDJPY","AUDNZD","AUDUSD","BTCUSD","CADJPY","DE40","ETHUSD"]
[2026-05-25T01:18:57.038Z] INFO BAR_PUSH object_type=ea object_id=10869460 source_id=Ctrader bar_count=10 symbols=["EURAUD","EURCAD","EURGBP","EURJPY","EURSGD","EURUSD"]
[2026-05-25T01:19:29.032Z] INFO BAR_PUSH object_type=ea object_id=10869460 source_id=Ctrader bar_count=10 symbols=["AUDCAD","AUDCHF","AUDJPY","AUDNZD","AUDUSD","BTCUSD","CADJPY","DE40","ETHUSD","EURAUD"]
[2026-05-25T01:20:03.040Z] INFO BAR_PUSH object_type=ea object_id=10869460 source_id=Ctrader bar_count=10 symbols=["ADAUSD","AUDCAD","AUDCHF","AUDJPY","AUDNZD","AUDUSD"]
[2026-05-25T01:20:35.036Z] INFO BAR_PUSH object_type=ea object_id=10869460 source_id=Ctrader bar_count=10 symbols=["ADAUSD","AUDUSD","BTCUSD","CADJPY","DE40","ETHUSD"]
[2026-05-25T01:21:07.077Z] INFO BAR_PUSH object_type=ea object_id=10869460 source_id=Ctrader bar_count=10 symbols=["AUDCAD","AUDCHF","AUDJPY","AUDNZD","AUDUSD","BTCUSD","CADJPY","DE40","ETHUSD"]
[2026-05-25T01:21:39.095Z] INFO BAR_PUSH object_type=ea object_id=10869460 source_id=Ctrader bar_count=10 symbols=["EURAUD","EURCAD","EURGBP","EURJPY","EURSGD"]
[2026-05-25T01:22:11.030Z] INFO BAR_PUSH object_type=ea object_id=10869460 source_id=Ctrader bar_count=10 symbols=["AUDCAD","AUDCHF","AUDJPY","AUDNZD","AUDUSD","BTCUSD","CADJPY","DE40","ETHUSD","EURAUD"]
[2026-05-25T01:22:43.030Z] INFO BAR_PUSH object_type=ea object_id=10869460 source_id=Ctrader bar_count=10 symbols=["ADAUSD","EURCAD","EURGBP","EURJPY","EURSGD","EURUSD","GBPAUD"]
[2026-05-25T01:23:15.067Z] INFO BAR_PUSH object_type=ea object_id=10869460 source_id=Ctrader bar_count=10 symbols=["AUDCAD","AUDCHF","AUDJPY","AUDNZD","AUDUSD","BTCUSD","CADJPY","DE40","ETHUSD","EURAUD"]
[2026-05-25T01:23:47.032Z] INFO BAR_PUSH object_type=ea object_id=10869460 source_id=Ctrader bar_count=10 symbols=["EURCAD","EURGBP","EURJPY","EURSGD","EURUSD","GBPAUD","GBPCAD"]
[2026-05-25T01:24:19.064Z] INFO BAR_PUSH object_type=ea object_id=10869460 source_id=Ctrader bar_count=10 symbols=["ADAUSD","AUDCAD","AUDCHF","AUDJPY","AUDNZD","AUDUSD","BTCUSD","CADJPY","DE40","ETHUSD"]
[2026-05-25T01:24:51.034Z] INFO BAR_PUSH object_type=ea object_id=10869460 source_id=Ctrader bar_count=10 symbols=["EURAUD","EURCAD","EURGBP","EURJPY","EURSGD","EURUSD","GBPAUD","GBPCAD","GBPJPY"]
[2026-05-25T01:25:23.031Z] INFO BAR_PUSH object_type=ea object_id=10869460 source_id=Ctrader bar_count=10 symbols=["ADAUSD","AUDCAD","AUDCHF","AUDJPY","AUDNZD"]
[2026-05-25T01:25:57.034Z] INFO BAR_PUSH object_type=ea object_id=10869460 source_id=Ctrader bar_count=10 symbols=["AUDUSD","BTCUSD","CADJPY","DE40","ETHUSD"]
[2026-05-25T01:26:29.039Z] INFO BAR_PUSH object_type=ea object_id=10869460 source_id=Ctrader bar_count=10 symbols=["ADAUSD","AUDCAD","AUDCHF","AUDJPY","AUDNZD","AUDUSD","BTCUSD","CADJPY","DE40","ETHUSD"]
[2026-05-25T01:27:01.025Z] INFO BAR_PUSH object_type=ea object_id=10869460 source_id=Ctrader bar_count=10 symbols=["AUDCHF","AUDJPY","AUDNZD","BTCUSD","CADJPY","DE40","ETHUSD","EURAUD","EURCAD"]
[2026-05-25T01:27:33.029Z] INFO BAR_PUSH object_type=ea object_id=10869460 source_id=Ctrader bar_count=10 symbols=["AUDCAD","AUDUSD","EURCAD","EURGBP","EURJPY","EURSGD","EURUSD"]
[2026-05-25T01:28:05.047Z] INFO BAR_PUSH object_type=ea object_id=10869460 source_id=Ctrader bar_count=10 symbols=["ADAUSD","AUDCAD","AUDCHF","AUDJPY","AUDNZD","AUDUSD","BTCUSD","CADJPY","DE40","ETHUSD"]
[2026-05-25T01:28:37.029Z] INFO BAR_PUSH object_type=ea object_id=10869460 source_id=Ctrader bar_count=10 symbols=["EURAUD","EURCAD","EURGBP","EURJPY","EURSGD","EURUSD","GBPAUD","GBPCAD"]
[2026-05-25T01:29:09.032Z] INFO BAR_PUSH object_type=ea object_id=10869460 source_id=Ctrader bar_count=10 symbols=["AUDCAD","AUDCHF","AUDJPY","AUDNZD","AUDUSD","BTCUSD","CADJPY","DE40","ETHUSD","EURAUD"]
[2026-05-25T01:29:43.044Z] INFO BAR_PUSH object_type=ea object_id=10869460 source_id=Ctrader bar_count=10 symbols=["ADAUSD","EURCAD","EURGBP","EURJPY","EURSGD","EURUSD","GBPAUD","GBPCAD","GBPJPY"]
[2026-05-25T01:30:17.014Z] INFO BAR_PUSH object_type=ea object_id=10869460 source_id=Ctrader bar_count=10 symbols=["AUDCAD","AUDCHF","AUDJPY","AUDNZD"]
[2026-05-25T01:30:51.047Z] INFO BAR_PUSH object_type=ea object_id=10869460 source_id=Ctrader bar_count=10 symbols=["ADAUSD","AUDNZD","AUDUSD","BTCUSD"]
[2026-05-25T01:31:23.021Z] INFO BAR_PUSH object_type=ea object_id=10869460 source_id=Ctrader bar_count=10 symbols=["AUDCAD","AUDCHF","AUDJPY","AUDNZD","AUDUSD","BTCUSD","CADJPY"]
[2026-05-25T01:31:57.053Z] INFO BAR_PUSH object_type=ea object_id=10869460 source_id=Ctrader bar_count=10 symbols=["ADAUSD","DE40","ETHUSD","EURAUD"]
[2026-05-25T01:32:29.037Z] INFO BAR_PUSH object_type=ea object_id=10869460 source_id=Ctrader bar_count=10 symbols=["ADAUSD","AUDCAD","AUDCHF","AUDJPY","AUDNZD","AUDUSD","BTCUSD","CADJPY","DE40","ETHUSD"]
[2026-05-25T01:33:01.035Z] INFO BAR_PUSH object_type=ea object_id=10869460 source_id=Ctrader bar_count=10 symbols=["AUDCAD","AUDCHF","AUDJPY","AUDNZD","AUDUSD","EURAUD","EURCAD","EURGBP"]
[2026-05-25T01:33:33.031Z] INFO BAR_PUSH object_type=ea object_id=10869460 source_id=Ctrader bar_count=10 symbols=["ADAUSD","BTCUSD","CADJPY","DE40","ETHUSD","EURGBP","EURJPY"]
[2026-05-25T01:34:05.032Z] INFO BAR_PUSH object_type=ea object_id=10869460 source_id=Ctrader bar_count=10 symbols=["AUDCAD","AUDCHF","AUDJPY","AUDNZD","AUDUSD","BTCUSD","CADJPY","ETHUSD","EURAUD","EURCAD"]
[2026-05-25T01:34:37.021Z] INFO BAR_PUSH object_type=ea object_id=10869460 source_id=Ctrader bar_count=10 symbols=["DE40","EURGBP","EURJPY","EURSGD","EURUSD","GBPAUD"]
[2026-05-25T01:35:09.020Z] INFO BAR_PUSH object_type=ea object_id=10869460 source_id=Ctrader bar_count=10 symbols=["ADAUSD","AUDCAD","AUDCHF","AUDJPY","AUDNZD","AUDUSD"]
[2026-05-25T01:35:41.046Z] INFO BAR_PUSH object_type=ea object_id=10869460 source_id=Ctrader bar_count=10 symbols=["AUDUSD","BTCUSD","CADJPY","DE40","ETHUSD","EURAUD"]
[2026-05-25T01:36:13.022Z] INFO BAR_PUSH object_type=ea object_id=10869460 source_id=Ctrader bar_count=10 symbols=["AUDCAD","AUDCHF","AUDJPY","AUDNZD","AUDUSD","BTCUSD","CADJPY","DE40","ETHUSD","EURAUD"]
[2026-05-25T01:36:47.038Z] INFO BAR_PUSH object_type=ea object_id=10869460 source_id=Ctrader bar_count=10 symbols=["ADAUSD","EURAUD","EURCAD","EURGBP","EURJPY","EURSGD"]
[2026-05-25T01:37:19.033Z] INFO BAR_PUSH object_type=ea object_id=10869460 source_id=Ctrader bar_count=10 symbols=["ADAUSD","AUDCAD","AUDCHF","AUDJPY","AUDNZD","AUDUSD","BTCUSD","CADJPY","DE40","ETHUSD"]
[2026-05-25T01:37:53.032Z] INFO BAR_PUSH object_type=ea object_id=10869460 source_id=Ctrader bar_count=10 symbols=["EURAUD","EURCAD","EURGBP","EURJPY","EURSGD","EURUSD","GBPAUD"]
[2026-05-25T01:38:27.040Z] INFO BAR_PUSH object_type=ea object_id=10869460 source_id=Ctrader bar_count=10 symbols=["AUDCAD","AUDCHF","AUDJPY","AUDNZD","AUDUSD","BTCUSD","CADJPY","DE40","ETHUSD","EURAUD"]
[2026-05-25T01:38:59.027Z] INFO BAR_PUSH object_type=ea object_id=10869460 source_id=Ctrader bar_count=10 symbols=["ADAUSD","EURCAD","EURGBP","EURJPY","EURSGD","EURUSD","GBPAUD","GBPCAD"]
[2026-05-25T01:39:31.040Z] INFO BAR_PUSH object_type=ea object_id=10869460 source_id=Ctrader bar_count=10 symbols=["AUDCAD","AUDCHF","AUDJPY","AUDNZD","AUDUSD","BTCUSD","CADJPY","DE40","ETHUSD","EURAUD"]
[2026-05-25T01:40:03.023Z] INFO BAR_PUSH object_type=ea object_id=10869460 source_id=Ctrader bar_count=10 symbols=["ADAUSD","AUDCAD","AUDCHF","AUDJPY","AUDNZD","AUDUSD"]
[2026-05-25T01:40:35.022Z] INFO BAR_PUSH object_type=ea object_id=10869460 source_id=Ctrader bar_count=10 symbols=["ADAUSD","AUDUSD","BTCUSD","CADJPY","DE40","ETHUSD"]
[2026-05-25T01:41:07.031Z] INFO BAR_PUSH object_type=ea object_id=10869460 source_id=Ctrader bar_count=10 symbols=["AUDCAD","AUDCHF","AUDJPY","AUDNZD","AUDUSD","BTCUSD","CADJPY","DE40","ETHUSD"]
[2026-05-25T01:41:41.030Z] INFO BAR_PUSH object_type=ea object_id=10869460 source_id=Ctrader bar_count=10 symbols=["ADAUSD","EURAUD","EURCAD","EURGBP","EURJPY","EURSGD"]
[2026-05-25T01:42:13.024Z] INFO BAR_PUSH object_type=ea object_id=10869460 source_id=Ctrader bar_count=10 symbols=["AUDCAD","AUDCHF","AUDJPY","AUDNZD","AUDUSD","BTCUSD","CADJPY","DE40","ETHUSD","EURAUD"]
[2026-05-25T01:42:45.021Z] INFO BAR_PUSH object_type=ea object_id=10869460 source_id=Ctrader bar_count=10 symbols=["EURCAD","EURGBP","EURJPY","EURSGD","EURUSD","GBPAUD","GBPCAD"]
[2026-05-25T01:43:19.022Z] INFO BAR_PUSH object_type=ea object_id=10869460 source_id=Ctrader bar_count=10 symbols=["ADAUSD","AUDCAD","AUDCHF","AUDJPY","AUDNZD","AUDUSD","BTCUSD","CADJPY","DE40","ETHUSD"]
[2026-05-25T01:43:51.020Z] INFO BAR_PUSH object_type=ea object_id=10869460 source_id=Ctrader bar_count=10 symbols=["EURAUD","EURCAD","EURGBP","EURJPY","EURSGD","EURUSD","GBPAUD","GBPCAD"]
[2026-05-25T01:44:25.023Z] INFO BAR_PUSH object_type=ea object_id=10869460 source_id=Ctrader bar_count=10 symbols=["ADAUSD","AUDCAD","AUDCHF","AUDJPY","AUDNZD","AUDUSD","BTCUSD","CADJPY","DE40","ETHUSD"]
[2026-05-25T01:44:57.028Z] INFO BAR_PUSH object_type=ea object_id=10869460 source_id=Ctrader bar_count=10 symbols=["EURAUD","EURCAD","EURGBP","EURJPY","EURSGD","EURUSD","GBPAUD","GBPCAD","GBPJPY"]
[2026-05-25T01:45:29.031Z] INFO BAR_PUSH object_type=ea object_id=10869460 source_id=Ctrader bar_count=10 symbols=["ADAUSD","AUDCAD","AUDCHF","AUDJPY"]
[2026-05-25T01:46:01.018Z] INFO BAR_PUSH object_type=ea object_id=10869460 source_id=Ctrader bar_count=10 symbols=["AUDJPY","AUDNZD","AUDUSD","BTCUSD"]
[2026-05-25T01:46:33.026Z] INFO BAR_PUSH object_type=ea object_id=10869460 source_id=Ctrader bar_count=10 symbols=["ADAUSD","AUDCAD","AUDCHF","AUDJPY","AUDUSD","BTCUSD","CADJPY","DE40"]
[2026-05-25T01:47:05.030Z] INFO BAR_PUSH object_type=ea object_id=10869460 source_id=Ctrader bar_count=10 symbols=["AUDCHF","AUDJPY","AUDNZD","BTCUSD","CADJPY","DE40","ETHUSD"]
[2026-05-25T01:47:37.017Z] INFO BAR_PUSH object_type=ea object_id=10869460 source_id=Ctrader bar_count=10 symbols=["ADAUSD","AUDCAD","AUDUSD","ETHUSD","EURAUD","EURCAD"]
[2026-05-25T01:48:09.029Z] INFO BAR_PUSH object_type=ea object_id=10869460 source_id=Ctrader bar_count=10 symbols=["ADAUSD","AUDCAD","AUDCHF","AUDJPY","AUDNZD","AUDUSD","BTCUSD","CADJPY","DE40","ETHUSD"]
[2026-05-25T01:48:43.025Z] INFO BAR_PUSH object_type=ea object_id=10869460 source_id=Ctrader bar_count=10 symbols=["EURAUD","EURCAD","EURGBP","EURJPY","EURSGD"]
[2026-05-25T01:49:17.038Z] INFO BAR_PUSH object_type=ea object_id=10869460 source_id=Ctrader bar_count=10 symbols=["ADAUSD","AUDCAD","AUDCHF","AUDJPY","AUDNZD","AUDUSD","BTCUSD","CADJPY","DE40","ETHUSD"]
[2026-05-25T01:49:49.024Z] INFO BAR_PUSH object_type=ea object_id=10869460 source_id=Ctrader bar_count=10 symbols=["EURAUD","EURCAD","EURGBP","EURJPY","EURSGD","EURUSD","GBPAUD"]
[2026-05-25T01:50:21.047Z] INFO BAR_PUSH object_type=ea object_id=10869460 source_id=Ctrader bar_count=10 symbols=["AUDCAD","AUDCHF","AUDJPY","AUDNZD","AUDUSD"]
[2026-05-25T01:50:53.038Z] INFO BAR_PUSH object_type=ea object_id=10869460 source_id=Ctrader bar_count=10 symbols=["BTCUSD","CADJPY","DE40","ETHUSD","EURAUD"]
[2026-05-25T01:51:25.049Z] INFO BAR_PUSH object_type=ea object_id=10869460 source_id=Ctrader bar_count=10 symbols=["AUDCAD","AUDCHF","AUDJPY","AUDNZD","AUDUSD","BTCUSD","CADJPY","DE40","ETHUSD","EURAUD"]
[2026-05-25T01:51:57.081Z] INFO BAR_PUSH object_type=ea object_id=10869460 source_id=Ctrader bar_count=10 symbols=["ADAUSD","EURCAD","EURGBP","EURJPY","EURSGD"]
[2026-05-25T01:52:29.051Z] INFO BAR_PUSH object_type=ea object_id=10869460 source_id=Ctrader bar_count=10 symbols=["AUDCAD","AUDCHF","AUDJPY","AUDNZD","AUDUSD","BTCUSD","CADJPY","DE40","ETHUSD","EURAUD"]
[2026-05-25T01:53:03.066Z] INFO BAR_PUSH object_type=ea object_id=10869460 source_id=Ctrader bar_count=10 symbols=["ADAUSD","AUDCHF","AUDJPY","BTCUSD","CADJPY","DE40","ETHUSD","EURAUD","EURCAD","EURGBP"]
[2026-05-25T01:53:35.051Z] INFO BAR_PUSH object_type=ea object_id=10869460 source_id=Ctrader bar_count=10 symbols=["ADAUSD","AUDCAD","AUDNZD","AUDUSD","EURGBP","EURJPY","EURSGD","EURUSD","GBPAUD"]
[2026-05-25T01:54:07.047Z] INFO BAR_PUSH object_type=ea object_id=10869460 source_id=Ctrader bar_count=10 symbols=["AUDCAD","AUDCHF","AUDJPY","AUDNZD","AUDUSD","BTCUSD","CADJPY","EURAUD","EURCAD","EURGBP"]
[2026-05-25T01:54:41.041Z] INFO BAR_PUSH object_type=ea object_id=10869460 source_id=Ctrader bar_count=10 symbols=["DE40","ETHUSD","EURJPY","EURSGD","EURUSD","GBPAUD","GBPCAD"]
[2026-05-25T01:55:13.035Z] INFO BAR_PUSH object_type=ea object_id=10869460 source_id=Ctrader bar_count=10 symbols=["ADAUSD","AUDCAD","AUDCHF","AUDJPY","AUDNZD"]
[2026-05-25T01:55:45.055Z] INFO BAR_PUSH object_type=ea object_id=10869460 source_id=Ctrader bar_count=10 symbols=["AUDUSD","BTCUSD","CADJPY","DE40","ETHUSD"]
[2026-05-25T01:56:17.043Z] INFO BAR_PUSH object_type=ea object_id=10869460 source_id=Ctrader bar_count=10 symbols=["AUDCAD","AUDCHF","AUDJPY","AUDNZD","AUDUSD","BTCUSD","CADJPY","ETHUSD","EURAUD"]
[2026-05-25T01:56:49.128Z] INFO BAR_PUSH object_type=ea object_id=10869460 source_id=Ctrader bar_count=10 symbols=["ADAUSD","DE40","EURCAD","EURGBP","EURJPY","EURSGD"]
[2026-05-25T01:57:21.049Z] INFO BAR_PUSH object_type=ea object_id=10869460 source_id=Ctrader bar_count=10 symbols=["AUDCAD","AUDCHF","AUDJPY","AUDNZD","AUDUSD","BTCUSD","CADJPY","DE40","ETHUSD","EURAUD"]
[2026-05-25T01:57:53.070Z] INFO BAR_PUSH object_type=ea object_id=10869460 source_id=Ctrader bar_count=10 symbols=["ADAUSD","EURCAD","EURGBP","EURJPY","EURSGD","EURUSD","GBPAUD","GBPCAD"]
[2026-05-25T01:58:27.053Z] INFO BAR_PUSH object_type=ea object_id=10869460 source_id=Ctrader bar_count=10 symbols=["ADAUSD","AUDCAD","AUDCHF","AUDJPY","AUDNZD","AUDUSD","BTCUSD","CADJPY","ETHUSD","EURAUD"]
[2026-05-25T01:59:01.051Z] INFO BAR_PUSH object_type=ea object_id=10869460 source_id=Ctrader bar_count=10 symbols=["AUDCAD","AUDCHF","AUDJPY","AUDNZD","AUDUSD","BTCUSD","CADJPY","DE40","ETHUSD","EURAUD"]
[2026-05-25T01:59:33.048Z] INFO BAR_PUSH object_type=ea object_id=10869460 source_id=Ctrader bar_count=10 symbols=["ADAUSD","DE40","EURCAD","EURGBP","EURJPY","EURSGD","EURUSD","GBPAUD","GBPCAD"]
[2026-05-25T02:00:07.162Z] INFO BAR_PUSH object_type=ea object_id=10869460 source_id=Ctrader bar_count=10 symbols=["ADAUSD","AUDCAD","AUDCHF"]
[2026-05-25T02:00:39.039Z] INFO BAR_PUSH object_type=ea object_id=10869460 source_id=Ctrader bar_count=10 symbols=["AUDCHF","AUDJPY","AUDNZD"]
[2026-05-25T02:01:11.032Z] INFO BAR_PUSH object_type=ea object_id=10869460 source_id=Ctrader bar_count=10 symbols=["ADAUSD","AUDCAD","AUDCHF","AUDJPY","AUDNZD","AUDUSD","BTCUSD"]
[2026-05-25T02:01:43.092Z] INFO BAR_PUSH object_type=ea object_id=10869460 source_id=Ctrader bar_count=10 symbols=["BTCUSD","CADJPY","DE40"]
[2026-05-25T02:02:15.048Z] INFO BAR_PUSH object_type=ea object_id=10869460 source_id=Ctrader bar_count=10 symbols=["ADAUSD","AUDCAD","AUDCHF","AUDJPY","AUDNZD","AUDUSD","BTCUSD","CADJPY","DE40"]
[2026-05-25T02:02:47.056Z] INFO BAR_PUSH object_type=ea object_id=10869460 source_id=Ctrader bar_count=10 symbols=["ETHUSD","EURAUD","EURCAD"]
[2026-05-25T02:03:19.058Z] INFO BAR_PUSH object_type=ea object_id=10869460 source_id=Ctrader bar_count=10 symbols=["AUDCAD","AUDCHF","AUDJPY","AUDNZD","AUDUSD","BTCUSD","CADJPY","DE40","ETHUSD","EURAUD"]
[2026-05-25T02:03:51.062Z] INFO BAR_PUSH object_type=ea object_id=10869460 source_id=Ctrader bar_count=10 symbols=["ADAUSD","EURCAD","EURGBP","EURJPY"]
[2026-05-25T02:04:23.054Z] INFO BAR_PUSH object_type=ea object_id=10869460 source_id=Ctrader bar_count=10 symbols=["ADAUSD","AUDCAD","AUDCHF","AUDJPY","AUDNZD","AUDUSD","BTCUSD","CADJPY","DE40","ETHUSD"]
[2026-05-25T02:04:57.051Z] INFO BAR_PUSH object_type=ea object_id=10869460 source_id=Ctrader bar_count=10 symbols=["EURAUD","EURCAD","EURGBP","EURJPY","EURSGD"]
[2026-05-25T02:05:31.040Z] INFO BAR_PUSH object_type=ea object_id=10869460 source_id=Ctrader bar_count=10 symbols=["ADAUSD","AUDCAD","AUDCHF","AUDJPY","AUDNZD"]
[2026-05-25T02:06:05.060Z] INFO BAR_PUSH object_type=ea object_id=10869460 source_id=Ctrader bar_count=10 symbols=["AUDCAD","AUDCHF","AUDJPY","AUDNZD","AUDUSD","BTCUSD","CADJPY"]
[2026-05-25T02:06:39.063Z] INFO BAR_PUSH object_type=ea object_id=10869460 source_id=Ctrader bar_count=10 symbols=["ADAUSD","DE40","ETHUSD","EURAUD","EURCAD","EURGBP"]
[2026-05-25T02:07:11.047Z] INFO BAR_PUSH object_type=ea object_id=10869460 source_id=Ctrader bar_count=10 symbols=["ADAUSD","AUDCAD","AUDCHF","AUDJPY","AUDNZD","AUDUSD","BTCUSD","CADJPY","DE40","ETHUSD"]
[2026-05-25T02:07:45.063Z] INFO BAR_PUSH object_type=ea object_id=10869460 source_id=Ctrader bar_count=10 symbols=["EURAUD","EURCAD","EURGBP","EURJPY","EURSGD","EURUSD"]
[2026-05-25T02:08:17.044Z] INFO BAR_PUSH object_type=ea object_id=10869460 source_id=Ctrader bar_count=10 symbols=["ADAUSD","AUDCAD","AUDCHF","AUDJPY","AUDNZD","AUDUSD","BTCUSD","CADJPY","DE40","ETHUSD"]
[2026-05-25T02:08:49.054Z] INFO BAR_PUSH object_type=ea object_id=10869460 source_id=Ctrader bar_count=10 symbols=["EURAUD","EURCAD","EURGBP","EURJPY","EURSGD","EURUSD","GBPAUD"]
[2026-05-25T02:09:23.060Z] INFO BAR_PUSH object_type=ea object_id=10869460 source_id=Ctrader bar_count=10 symbols=["ADAUSD","AUDCAD","AUDCHF","AUDJPY","AUDNZD","AUDUSD","BTCUSD","CADJPY","DE40","ETHUSD"]
[2026-05-25T02:09:55.052Z] INFO BAR_PUSH object_type=ea object_id=10869460 source_id=Ctrader bar_count=10 symbols=["EURAUD","EURCAD","EURGBP","EURJPY","EURSGD","EURUSD","GBPAUD","GBPCAD"]
[2026-05-25T02:10:27.047Z] INFO BAR_PUSH object_type=ea object_id=10869460 source_id=Ctrader bar_count=10 symbols=["ADAUSD","AUDCAD","AUDCHF","AUDJPY","AUDNZD"]
[2026-05-25T02:10:59.071Z] INFO BAR_PUSH object_type=ea object_id=10869460 source_id=Ctrader bar_count=10 symbols=["AUDUSD","BTCUSD","CADJPY","DE40","ETHUSD"]
[2026-05-25T02:11:31.059Z] INFO BAR_PUSH object_type=ea object_id=10869460 source_id=Ctrader bar_count=10 symbols=["ADAUSD","AUDCAD","AUDCHF","AUDJPY","AUDNZD","AUDUSD","BTCUSD","CADJPY","DE40","ETHUSD"]
[2026-05-25T02:12:03.068Z] INFO BAR_PUSH object_type=ea object_id=10869460 source_id=Ctrader bar_count=10 symbols=["AUDCHF","AUDJPY","AUDNZD","BTCUSD","CADJPY","ETHUSD","EURAUD","EURCAD"]
[2026-05-25T02:12:35.042Z] INFO BAR_PUSH object_type=ea object_id=10869460 source_id=Ctrader bar_count=10 symbols=["ADAUSD","AUDCAD","AUDUSD","DE40","EURGBP","EURJPY","EURSGD"]
[2026-05-25T02:13:07.073Z] INFO BAR_PUSH object_type=ea object_id=10869460 source_id=Ctrader bar_count=10 symbols=["ADAUSD","AUDCAD","AUDCHF","AUDJPY","AUDNZD","AUDUSD","BTCUSD","CADJPY","ETHUSD","EURAUD"]
[2026-05-25T02:13:39.052Z] INFO BAR_PUSH object_type=ea object_id=10869460 source_id=Ctrader bar_count=10 symbols=["DE40","EURCAD","EURGBP","EURJPY","EURSGD","EURUSD","GBPAUD","GBPCAD"]
[2026-05-25T02:14:11.057Z] INFO BAR_PUSH object_type=ea object_id=10869460 source_id=Ctrader bar_count=10 symbols=["AUDCAD","AUDCHF","AUDJPY","AUDNZD","AUDUSD","BTCUSD","CADJPY","DE40","ETHUSD","EURAUD"]
[2026-05-25T02:14:45.050Z] INFO BAR_PUSH object_type=ea object_id=10869460 source_id=Ctrader bar_count=10 symbols=["EURCAD","EURGBP","EURJPY","EURSGD","EURUSD","GBPAUD","GBPCAD"]
[2026-05-25T02:15:17.045Z] INFO BAR_PUSH object_type=ea object_id=10869460 source_id=Ctrader bar_count=10 symbols=["ADAUSD","AUDCAD","AUDCHF","AUDJPY"]
[2026-05-25T02:15:49.062Z] INFO BAR_PUSH object_type=ea object_id=10869460 source_id=Ctrader bar_count=10 symbols=["AUDJPY","AUDNZD","AUDUSD","BTCUSD"]
[2026-05-25T02:16:21.051Z] INFO BAR_PUSH object_type=ea object_id=10869460 source_id=Ctrader bar_count=10 symbols=["AUDCAD","AUDCHF","AUDJPY","AUDNZD","AUDUSD","BTCUSD","CADJPY"]
[2026-05-25T02:16:53.057Z] INFO BAR_PUSH object_type=ea object_id=10869460 source_id=Ctrader bar_count=10 symbols=["ADAUSD","DE40","ETHUSD","EURAUD"]
[2026-05-25T02:17:25.053Z] INFO BAR_PUSH object_type=ea object_id=10869460 source_id=Ctrader bar_count=10 symbols=["ADAUSD","AUDCAD","AUDCHF","AUDJPY","AUDNZD","AUDUSD","BTCUSD","CADJPY","DE40","ETHUSD"]
[2026-05-25T02:17:57.057Z] INFO BAR_PUSH object_type=ea object_id=10869460 source_id=Ctrader bar_count=10 symbols=["EURAUD","EURCAD","EURGBP","EURJPY"]
[2026-05-25T02:18:29.063Z] INFO BAR_PUSH object_type=ea object_id=10869460 source_id=Ctrader bar_count=10 symbols=["AUDCAD","AUDCHF","AUDJPY","AUDNZD","AUDUSD","BTCUSD","CADJPY","DE40","ETHUSD","EURAUD"]
[2026-05-25T02:19:01.051Z] INFO BAR_PUSH object_type=ea object_id=10869460 source_id=Ctrader bar_count=10 symbols=["ADAUSD","AUDNZD","DE40","EURCAD","EURGBP","EURJPY","EURSGD","EURUSD"]
[2026-05-25T02:19:33.068Z] INFO BAR_PUSH object_type=ea object_id=10869460 source_id=Ctrader bar_count=10 symbols=["ADAUSD","AUDCAD","AUDCHF","AUDJPY","AUDUSD","BTCUSD","CADJPY","ETHUSD","EURAUD","EURGBP"]
[2026-05-25T02:20:05.046Z] INFO BAR_PUSH object_type=ea object_id=10869460 source_id=Ctrader bar_count=10 symbols=["AUDCAD","AUDCHF","AUDJPY","AUDNZD","AUDUSD"]
[2026-05-25T02:20:37.057Z] INFO BAR_PUSH object_type=ea object_id=10869460 source_id=Ctrader bar_count=10 symbols=["BTCUSD","CADJPY","DE40","ETHUSD","EURAUD"]
[2026-05-25T02:21:09.069Z] INFO BAR_PUSH object_type=ea object_id=10869460 source_id=Ctrader bar_count=10 symbols=["AUDCAD","AUDCHF","AUDJPY","AUDNZD","AUDUSD","BTCUSD","CADJPY","DE40","ETHUSD","EURAUD"]
[2026-05-25T02:21:41.056Z] INFO BAR_PUSH object_type=ea object_id=10869460 source_id=Ctrader bar_count=10 symbols=["ADAUSD","EURCAD","EURGBP","EURJPY","EURSGD"]
[2026-05-25T02:22:13.059Z] INFO BAR_PUSH object_type=ea object_id=10869460 source_id=Ctrader bar_count=10 symbols=["ADAUSD","AUDCAD","AUDCHF","AUDJPY","AUDNZD","AUDUSD","BTCUSD","CADJPY","DE40","ETHUSD"]
[2026-05-25T02:22:45.061Z] INFO BAR_PUSH object_type=ea object_id=10869460 source_id=Ctrader bar_count=10 symbols=["EURAUD","EURCAD","EURGBP","EURJPY","EURSGD","EURUSD","GBPAUD"]
[2026-05-25T02:23:17.058Z] INFO BAR_PUSH object_type=ea object_id=10869460 source_id=Ctrader bar_count=10 symbols=["AUDCAD","AUDCHF","AUDJPY","AUDNZD","AUDUSD","BTCUSD","CADJPY","DE40","ETHUSD","EURAUD"]
[2026-05-25T02:23:51.052Z] INFO BAR_PUSH object_type=ea object_id=10869460 source_id=Ctrader bar_count=10 symbols=["EURCAD","EURGBP","EURJPY","EURSGD","EURUSD","GBPAUD","GBPCAD"]
[2026-05-25T02:24:25.062Z] INFO BAR_PUSH object_type=ea object_id=10869460 source_id=Ctrader bar_count=10 symbols=["ADAUSD","AUDCAD","AUDCHF","AUDJPY","AUDNZD","AUDUSD","BTCUSD","CADJPY","DE40","ETHUSD"]
[2026-05-25T02:24:59.044Z] INFO BAR_PUSH object_type=ea object_id=10869460 source_id=Ctrader bar_count=10 symbols=["EURAUD","EURCAD","EURGBP","EURJPY","EURSGD","EURUSD","GBPAUD","GBPCAD","GBPJPY"]
[2026-05-25T02:25:33.059Z] INFO BAR_PUSH object_type=ea object_id=10869460 source_id=Ctrader bar_count=10 symbols=["ADAUSD","AUDCAD","AUDCHF","AUDJPY","AUDNZD"]
[2026-05-25T02:26:05.052Z] INFO BAR_PUSH object_type=ea object_id=10869460 source_id=Ctrader bar_count=10 symbols=["ADAUSD","AUDCAD","AUDCHF","AUDJPY","AUDNZD","AUDUSD","BTCUSD","CADJPY"]
[2026-05-25T02:26:37.059Z] INFO BAR_PUSH object_type=ea object_id=10869460 source_id=Ctrader bar_count=10 symbols=["CADJPY","DE40","ETHUSD","EURAUD","EURCAD","EURGBP"]
[2026-05-25T02:27:09.060Z] INFO BAR_PUSH object_type=ea object_id=10869460 source_id=Ctrader bar_count=10 symbols=["ADAUSD","AUDCAD","AUDCHF","AUDJPY","AUDNZD","AUDUSD","BTCUSD","CADJPY","DE40","ETHUSD"]
[2026-05-25T02:27:41.060Z] INFO BAR_PUSH object_type=ea object_id=10869460 source_id=Ctrader bar_count=10 symbols=["EURAUD","EURCAD","EURGBP","EURJPY","EURSGD","EURUSD"]
[2026-05-25T02:28:13.032Z] INFO BAR_PUSH object_type=ea object_id=10869460 source_id=Ctrader bar_count=10 symbols=["AUDCAD","AUDCHF","AUDJPY","AUDNZD","AUDUSD","BTCUSD","CADJPY","DE40","ETHUSD","EURAUD"]
[2026-05-25T02:28:45.029Z] INFO BAR_PUSH object_type=ea object_id=10869460 source_id=Ctrader bar_count=10 symbols=["ADAUSD","EURCAD","EURGBP","EURJPY","EURSGD","EURUSD","GBPAUD","GBPCAD"]
[2026-05-25T02:29:17.178Z] INFO BAR_PUSH object_type=ea object_id=10869460 source_id=Ctrader bar_count=10 symbols=["ADAUSD","AUDCAD","AUDCHF","AUDJPY","AUDNZD","AUDUSD","BTCUSD","CADJPY","DE40","ETHUSD"]
[2026-05-25T02:29:49.031Z] INFO BAR_PUSH object_type=ea object_id=10869460 source_id=Ctrader bar_count=10 symbols=["EURAUD","EURCAD","EURGBP","EURJPY","EURSGD","EURUSD","GBPAUD","GBPCAD","GBPJPY"]
[2026-05-25T02:30:21.057Z] INFO BAR_PUSH object_type=ea object_id=10869460 source_id=Ctrader bar_count=10 symbols=["ADAUSD","AUDCAD","AUDCHF","AUDJPY"]
[2026-05-25T02:30:53.025Z] INFO BAR_PUSH object_type=ea object_id=10869460 source_id=Ctrader bar_count=10 symbols=["AUDJPY","AUDNZD","AUDUSD","BTCUSD"]
[2026-05-25T02:31:25.023Z] INFO BAR_PUSH object_type=ea object_id=10869460 source_id=Ctrader bar_count=10 symbols=["ADAUSD","AUDCAD","AUDCHF","AUDJPY","AUDNZD","AUDUSD","BTCUSD","CADJPY"]
[2026-05-25T02:31:57.034Z] INFO BAR_PUSH object_type=ea object_id=10869460 source_id=Ctrader bar_count=10 symbols=["CADJPY","DE40","ETHUSD","EURAUD"]
[2026-05-25T02:32:31.027Z] INFO BAR_PUSH object_type=ea object_id=10869460 source_id=Ctrader bar_count=10 symbols=["AUDCAD","AUDCHF","AUDJPY","AUDNZD","AUDUSD","BTCUSD","CADJPY","DE40","ETHUSD","EURAUD"]
[2026-05-25T02:33:05.041Z] INFO BAR_PUSH object_type=ea object_id=10869460 source_id=Ctrader bar_count=10 symbols=["ADAUSD","AUDCAD","AUDCHF","AUDJPY","AUDNZD","AUDUSD","BTCUSD","CADJPY","DE40","ETHUSD"]
[2026-05-25T02:33:37.034Z] INFO BAR_PUSH object_type=ea object_id=10869460 source_id=Ctrader bar_count=10 symbols=["EURAUD","EURCAD","EURGBP","EURJPY"]
[2026-05-25T02:34:11.021Z] INFO BAR_PUSH object_type=ea object_id=10869460 source_id=Ctrader bar_count=10 symbols=["ADAUSD","AUDCAD","AUDCHF","AUDJPY","AUDNZD","AUDUSD","BTCUSD","CADJPY","DE40","ETHUSD"]
[2026-05-25T02:34:43.029Z] INFO BAR_PUSH object_type=ea object_id=10869460 source_id=Ctrader bar_count=10 symbols=["EURAUD","EURCAD","EURGBP","EURJPY","EURSGD","EURUSD"]
[2026-05-25T02:35:15.010Z] INFO BAR_PUSH object_type=ea object_id=10869460 source_id=Ctrader bar_count=10 symbols=["ADAUSD","AUDCAD","AUDCHF","AUDJPY","AUDNZD"]
[2026-05-25T02:35:47.031Z] INFO BAR_PUSH object_type=ea object_id=10869460 source_id=Ctrader bar_count=10 symbols=["AUDUSD","BTCUSD","CADJPY","DE40","ETHUSD"]
[2026-05-25T02:36:19.027Z] INFO BAR_PUSH object_type=ea object_id=10869460 source_id=Ctrader bar_count=10 symbols=["ADAUSD","AUDCAD","AUDCHF","AUDJPY","AUDNZD","AUDUSD","BTCUSD","CADJPY","DE40","ETHUSD"]
[2026-05-25T02:36:51.030Z] INFO BAR_PUSH object_type=ea object_id=10869460 source_id=Ctrader bar_count=10 symbols=["EURAUD","EURCAD","EURGBP","EURJPY","EURSGD"]
[2026-05-25T02:37:23.091Z] INFO BAR_PUSH object_type=ea object_id=10869460 source_id=Ctrader bar_count=10 symbols=["AUDCAD","AUDCHF","AUDJPY","AUDNZD","AUDUSD","BTCUSD","CADJPY","DE40","ETHUSD","EURAUD"]
[2026-05-25T02:37:57.026Z] INFO BAR_PUSH object_type=ea object_id=10869460 source_id=Ctrader bar_count=10 symbols=["EURCAD","EURGBP","EURJPY","EURSGD","EURUSD","GBPAUD","GBPCAD"]
[2026-05-25T02:38:31.018Z] INFO BAR_PUSH object_type=ea object_id=10869460 source_id=Ctrader bar_count=10 symbols=["AUDCAD","AUDCHF","AUDJPY","AUDNZD","AUDUSD","BTCUSD","CADJPY","DE40","ETHUSD","EURAUD"]
[2026-05-25T02:39:03.023Z] INFO BAR_PUSH object_type=ea object_id=10869460 source_id=Ctrader bar_count=10 symbols=["AUDCAD","AUDJPY","AUDNZD","AUDUSD","BTCUSD","CADJPY","DE40","ETHUSD","EURAUD","EURCAD"]
[2026-05-25T02:39:35.020Z] INFO BAR_PUSH object_type=ea object_id=10869460 source_id=Ctrader bar_count=10 symbols=["AUDCHF","EURGBP","EURJPY","EURSGD","EURUSD","GBPAUD","GBPCAD","GBPJPY"]
[2026-05-25T02:40:07.026Z] INFO BAR_PUSH object_type=ea object_id=10869460 source_id=Ctrader bar_count=10 symbols=["ADAUSD","AUDCAD","AUDCHF","AUDJPY","AUDNZD"]
[2026-05-25T02:40:41.015Z] INFO BAR_PUSH object_type=ea object_id=10869460 source_id=Ctrader bar_count=10 symbols=["AUDUSD","BTCUSD","CADJPY","DE40","ETHUSD"]
[2026-05-25T02:41:15.013Z] INFO BAR_PUSH object_type=ea object_id=10869460 source_id=Ctrader bar_count=10 symbols=["ADAUSD","AUDCAD","AUDCHF","AUDJPY","AUDNZD","AUDUSD","BTCUSD","CADJPY","DE40","ETHUSD"]
[2026-05-25T02:41:49.034Z] INFO BAR_PUSH object_type=ea object_id=10869460 source_id=Ctrader bar_count=10 symbols=["EURAUD","EURCAD","EURGBP","EURJPY","EURSGD"]
[2026-05-25T02:42:21.063Z] INFO BAR_PUSH object_type=ea object_id=10869460 source_id=Ctrader bar_count=10 symbols=["AUDCAD","AUDCHF","AUDJPY","AUDNZD","AUDUSD","BTCUSD","CADJPY","DE40","ETHUSD","EURAUD"]
[2026-05-25T02:42:53.029Z] INFO BAR_PUSH object_type=ea object_id=10869460 source_id=Ctrader bar_count=10 symbols=["ADAUSD","EURCAD","EURGBP","EURJPY","EURSGD","EURUSD","GBPAUD","GBPCAD"]
[2026-05-25T02:43:27.024Z] INFO BAR_PUSH object_type=ea object_id=10869460 source_id=Ctrader bar_count=10 symbols=["AUDCAD","AUDCHF","AUDJPY","AUDNZD","AUDUSD","BTCUSD","CADJPY","DE40","ETHUSD","EURAUD"]
[2026-05-25T02:43:59.005Z] INFO BAR_PUSH object_type=ea object_id=10869460 source_id=Ctrader bar_count=10 symbols=["EURCAD","EURGBP","EURJPY","EURSGD","EURUSD","GBPAUD","GBPCAD","GBPJPY"]
[2026-05-25T02:44:31.028Z] INFO BAR_PUSH object_type=ea object_id=10869460 source_id=Ctrader bar_count=10 symbols=["AUDCAD","AUDCHF","AUDJPY","AUDNZD","AUDUSD","BTCUSD","CADJPY","DE40","ETHUSD","EURAUD"]
[2026-05-25T02:45:05.023Z] INFO BAR_PUSH object_type=ea object_id=10869460 source_id=Ctrader bar_count=10 symbols=["ADAUSD","AUDCAD","AUDCHF","AUDJPY"]
[2026-05-25T02:45:37.025Z] INFO BAR_PUSH object_type=ea object_id=10869460 source_id=Ctrader bar_count=10 symbols=["AUDJPY","AUDNZD","AUDUSD","BTCUSD"]
[2026-05-25T02:46:09.017Z] INFO BAR_PUSH object_type=ea object_id=10869460 source_id=Ctrader bar_count=10 symbols=["AUDCAD","AUDCHF","AUDJPY","AUDNZD","AUDUSD","BTCUSD","CADJPY"]
[2026-05-25T02:46:43.025Z] INFO BAR_PUSH object_type=ea object_id=10869460 source_id=Ctrader bar_count=10 symbols=["ADAUSD","DE40","ETHUSD","EURAUD"]
[2026-05-25T02:47:17.024Z] INFO BAR_PUSH object_type=ea object_id=10869460 source_id=Ctrader bar_count=10 symbols=["ADAUSD","AUDCAD","AUDCHF","AUDJPY","AUDNZD","AUDUSD","BTCUSD","CADJPY","DE40","ETHUSD"]
[2026-05-25T02:47:49.020Z] INFO BAR_PUSH object_type=ea object_id=10869460 source_id=Ctrader bar_count=10 symbols=["EURAUD","EURCAD","EURGBP","EURJPY"]
[2026-05-25T02:48:21.015Z] INFO BAR_PUSH object_type=ea object_id=10869460 source_id=Ctrader bar_count=10 symbols=["AUDCAD","AUDCHF","AUDJPY","AUDNZD","AUDUSD","BTCUSD","CADJPY","DE40","ETHUSD","EURAUD"]
[2026-05-25T02:48:53.013Z] INFO BAR_PUSH object_type=ea object_id=10869460 source_id=Ctrader bar_count=10 symbols=["ADAUSD","EURCAD","EURGBP","EURJPY","EURSGD","EURUSD"]
[2026-05-25T02:49:25.019Z] INFO BAR_PUSH object_type=ea object_id=10869460 source_id=Ctrader bar_count=10 symbols=["ADAUSD","AUDCAD","AUDCHF","AUDJPY","AUDNZD","AUDUSD","BTCUSD","CADJPY","DE40","ETHUSD"]
[2026-05-25T02:49:57.015Z] INFO BAR_PUSH object_type=ea object_id=10869460 source_id=Ctrader bar_count=10 symbols=["EURAUD","EURCAD","EURGBP","EURJPY","EURSGD","EURUSD","GBPAUD","GBPCAD"]
[2026-05-25T02:50:29.007Z] INFO BAR_PUSH object_type=ea object_id=10869460 source_id=Ctrader bar_count=10 symbols=["AUDCAD","AUDCHF","AUDJPY","AUDNZD","AUDUSD"]
[2026-05-25T02:51:03.021Z] INFO BAR_PUSH object_type=ea object_id=10869460 source_id=Ctrader bar_count=10 symbols=["ADAUSD","AUDCAD","AUDCHF","AUDJPY","AUDNZD","AUDUSD","BTCUSD","CADJPY"]
[2026-05-25T02:51:35.024Z] INFO BAR_PUSH object_type=ea object_id=10869460 source_id=Ctrader bar_count=10 symbols=["CADJPY","DE40","ETHUSD","EURAUD","EURCAD","EURGBP"]
[2026-05-25T02:52:07.016Z] INFO BAR_PUSH object_type=ea object_id=10869460 source_id=Ctrader bar_count=10 symbols=["AUDCAD","AUDCHF","AUDJPY","AUDNZD","AUDUSD","BTCUSD","CADJPY","DE40","ETHUSD","EURAUD"]
[2026-05-25T02:52:39.028Z] INFO BAR_PUSH object_type=ea object_id=10869460 source_id=Ctrader bar_count=10 symbols=["EURCAD","EURGBP","EURJPY","EURSGD","EURUSD","GBPAUD"]
[2026-05-25T02:53:11.018Z] INFO BAR_PUSH object_type=ea object_id=10869460 source_id=Ctrader bar_count=10 symbols=["AUDCAD","AUDCHF","AUDJPY","AUDNZD","AUDUSD","BTCUSD","CADJPY","ETHUSD","EURAUD","EURCAD"]
[2026-05-25T02:53:43.026Z] INFO BAR_PUSH object_type=ea object_id=10869460 source_id=Ctrader bar_count=10 symbols=["DE40","EURGBP","EURJPY","EURSGD","EURUSD","GBPAUD","GBPCAD"]
[2026-05-25T02:54:15.022Z] INFO BAR_PUSH object_type=ea object_id=10869460 source_id=Ctrader bar_count=10 symbols=["AUDCAD","AUDCHF","AUDJPY","AUDNZD","AUDUSD","BTCUSD","CADJPY","ETHUSD","EURAUD","EURCAD"]
[2026-05-25T02:54:47.025Z] INFO BAR_PUSH object_type=ea object_id=10869460 source_id=Ctrader bar_count=10 symbols=["EURGBP","EURJPY","EURSGD","EURUSD","GBPAUD","GBPCAD","GBPJPY"]
[2026-05-25T02:55:19.007Z] INFO BAR_PUSH object_type=ea object_id=10869460 source_id=Ctrader bar_count=10 symbols=["ADAUSD","AUDCAD","AUDCHF","AUDJPY","AUDNZD"]
[2026-05-25T02:55:51.028Z] INFO BAR_PUSH object_type=ea object_id=10869460 source_id=Ctrader bar_count=10 symbols=["AUDUSD","BTCUSD","CADJPY","DE40","ETHUSD","EURAUD"]
[2026-05-25T02:56:23.031Z] INFO BAR_PUSH object_type=ea object_id=10869460 source_id=Ctrader bar_count=10 symbols=["ADAUSD","AUDCAD","AUDCHF","AUDJPY","AUDNZD","AUDUSD","BTCUSD","CADJPY","DE40"]
[2026-05-25T02:56:55.022Z] INFO BAR_PUSH object_type=ea object_id=10869460 source_id=Ctrader bar_count=10 symbols=["ETHUSD","EURAUD","EURCAD","EURGBP","EURJPY","EURSGD"]
[2026-05-25T02:57:29.005Z] INFO BAR_PUSH object_type=ea object_id=10869460 source_id=Ctrader bar_count=10 symbols=["AUDCAD","AUDCHF","AUDJPY","AUDNZD","AUDUSD","BTCUSD","CADJPY","DE40","ETHUSD","EURAUD"]
[2026-05-25T02:58:01.009Z] INFO BAR_PUSH object_type=ea object_id=10869460 source_id=Ctrader bar_count=10 symbols=["AUDCAD","AUDCHF","AUDJPY","AUDNZD","AUDUSD","BTCUSD","CADJPY","ETHUSD","EURAUD","EURCAD"]
[2026-05-25T02:58:34.999Z] INFO BAR_PUSH object_type=ea object_id=10869460 source_id=Ctrader bar_count=10 symbols=["ADAUSD","EURGBP","EURJPY","EURSGD","EURUSD","GBPAUD","GBPCAD"]
[2026-05-25T02:59:07.032Z] INFO BAR_PUSH object_type=ea object_id=10869460 source_id=Ctrader bar_count=10 symbols=["AUDCAD","AUDCHF","AUDJPY","AUDNZD","AUDUSD","BTCUSD","CADJPY","DE40","ETHUSD","EURAUD"]
[2026-05-25T02:59:41.012Z] INFO BAR_PUSH object_type=ea object_id=10869460 source_id=Ctrader bar_count=10 symbols=["EURCAD","EURGBP","EURJPY","EURSGD","EURUSD","GBPAUD","GBPCAD","GBPJPY"]
[2026-05-25T03:00:13.000Z] INFO BAR_PUSH object_type=ea object_id=10869460 source_id=Ctrader bar_count=10 symbols=["ADAUSD","AUDCAD","AUDCHF"]
[2026-05-25T03:00:45.008Z] INFO BAR_PUSH object_type=ea object_id=10869460 source_id=Ctrader bar_count=10 symbols=["AUDCHF","AUDJPY","AUDNZD"]
[2026-05-25T03:01:17.011Z] INFO BAR_PUSH object_type=ea object_id=10869460 source_id=Ctrader bar_count=10 symbols=["ADAUSD","AUDCAD","AUDCHF","AUDJPY","AUDNZD","AUDUSD","BTCUSD"]
[2026-05-25T03:01:49.006Z] INFO BAR_PUSH object_type=ea object_id=10869460 source_id=Ctrader bar_count=10 symbols=["BTCUSD","CADJPY","DE40"]
[2026-05-25T03:02:21.013Z] INFO BAR_PUSH object_type=ea object_id=10869460 source_id=Ctrader bar_count=10 symbols=["ADAUSD","AUDCAD","AUDCHF","AUDJPY","AUDNZD","AUDUSD","BTCUSD","CADJPY","DE40"]
[2026-05-25T03:02:53.018Z] INFO BAR_PUSH object_type=ea object_id=10869460 source_id=Ctrader bar_count=10 symbols=["ETHUSD","EURAUD","EURCAD"]
[2026-05-25T03:03:25.022Z] INFO BAR_PUSH object_type=ea object_id=10869460 source_id=Ctrader bar_count=10 symbols=["ADAUSD","AUDCAD","AUDCHF","AUDJPY","AUDNZD","AUDUSD","BTCUSD","CADJPY","DE40","ETHUSD"]
[2026-05-25T03:03:57.013Z] INFO BAR_PUSH object_type=ea object_id=10869460 source_id=Ctrader bar_count=10 symbols=["EURAUD","EURCAD","EURGBP","EURJPY"]
[2026-05-25T03:04:29.008Z] INFO BAR_PUSH object_type=ea object_id=10869460 source_id=Ctrader bar_count=10 symbols=["AUDCAD","AUDCHF","AUDJPY","AUDNZD","AUDUSD","BTCUSD","CADJPY","DE40","ETHUSD","EURAUD"]
[2026-05-25T03:05:01.010Z] INFO BAR_PUSH object_type=ea object_id=10869460 source_id=Ctrader bar_count=10 symbols=["ADAUSD","AUDCHF","AUDJPY","AUDNZD","BTCUSD","DE40"]
[2026-05-25T03:05:33.008Z] INFO BAR_PUSH object_type=ea object_id=10869460 source_id=Ctrader bar_count=10 symbols=["ADAUSD","AUDCAD","AUDUSD","CADJPY","DE40","ETHUSD"]
[2026-05-25T03:06:05.010Z] INFO BAR_PUSH object_type=ea object_id=10869460 source_id=Ctrader bar_count=10 symbols=["AUDCAD","AUDCHF","AUDJPY","AUDNZD","AUDUSD","BTCUSD","CADJPY","DE40","ETHUSD"]
[2026-05-25T03:06:37.023Z] INFO BAR_PUSH object_type=ea object_id=10869460 source_id=Ctrader bar_count=10 symbols=["ADAUSD","EURAUD","EURCAD","EURGBP","EURJPY"]
[2026-05-25T03:07:09.024Z] INFO BAR_PUSH object_type=ea object_id=10869460 source_id=Ctrader bar_count=10 symbols=["AUDCAD","AUDCHF","AUDJPY","AUDNZD","AUDUSD","BTCUSD","CADJPY","DE40","ETHUSD","EURAUD"]
[2026-05-25T03:07:41.016Z] INFO BAR_PUSH object_type=ea object_id=10869460 source_id=Ctrader bar_count=10 symbols=["EURCAD","EURGBP","EURJPY","EURSGD","EURUSD"]
[2026-05-25T03:08:13.031Z] INFO BAR_PUSH object_type=ea object_id=10869460 source_id=Ctrader bar_count=10 symbols=["ADAUSD","AUDCAD","AUDCHF","AUDJPY","AUDNZD","AUDUSD","BTCUSD","CADJPY","DE40","ETHUSD"]
[2026-05-25T03:08:45.019Z] INFO BAR_PUSH object_type=ea object_id=10869460 source_id=Ctrader bar_count=10 symbols=["ADAUSD","EURAUD","EURCAD","EURGBP","EURJPY","EURSGD","EURUSD","GBPAUD"]
[2026-05-25T03:09:17.065Z] INFO BAR_PUSH object_type=ea object_id=10869460 source_id=Ctrader bar_count=10 symbols=["ADAUSD","AUDCAD","AUDCHF","AUDJPY","AUDNZD","AUDUSD","BTCUSD","CADJPY","DE40","ETHUSD"]
[2026-05-25T03:09:49.017Z] INFO BAR_PUSH object_type=ea object_id=10869460 source_id=Ctrader bar_count=10 symbols=["EURAUD","EURCAD","EURGBP","EURJPY","EURSGD","EURUSD","GBPAUD"]
[2026-05-25T03:10:21.018Z] INFO BAR_PUSH object_type=ea object_id=10869460 source_id=Ctrader bar_count=10 symbols=["ADAUSD","AUDCAD","AUDCHF","AUDJPY","AUDNZD"]
[2026-05-25T03:10:53.040Z] INFO BAR_PUSH object_type=ea object_id=10869460 source_id=Ctrader bar_count=10 symbols=["AUDUSD","BTCUSD","CADJPY","DE40","ETHUSD"]
[2026-05-25T03:11:25.032Z] INFO BAR_PUSH object_type=ea object_id=10869460 source_id=Ctrader bar_count=10 symbols=["AUDCAD","AUDCHF","AUDJPY","AUDNZD","AUDUSD","BTCUSD","CADJPY","DE40","ETHUSD","EURAUD"]
[2026-05-25T03:11:57.021Z] INFO BAR_PUSH object_type=ea object_id=10869460 source_id=Ctrader bar_count=10 symbols=["ADAUSD","EURAUD","EURCAD","EURGBP","EURJPY","EURSGD"]
[2026-05-25T03:12:31.024Z] INFO BAR_PUSH object_type=ea object_id=10869460 source_id=Ctrader bar_count=10 symbols=["ADAUSD","AUDCAD","AUDCHF","AUDJPY","AUDNZD","AUDUSD","BTCUSD","CADJPY","DE40","ETHUSD"]
[2026-05-25T03:13:03.025Z] INFO BAR_PUSH object_type=ea object_id=10869460 source_id=Ctrader bar_count=10 symbols=["AUDCAD","AUDNZD","BTCUSD","CADJPY","DE40","ETHUSD","EURAUD","EURCAD","EURGBP","EURJPY"]
[2026-05-25T03:13:35.019Z] INFO BAR_PUSH object_type=ea object_id=10869460 source_id=Ctrader bar_count=10 symbols=["AUDCHF","AUDJPY","AUDUSD","EURGBP","EURSGD","EURUSD","GBPAUD","GBPCAD"]
[2026-05-25T03:14:09.020Z] INFO BAR_PUSH object_type=ea object_id=10869460 source_id=Ctrader bar_count=10 symbols=["ADAUSD","AUDCAD","AUDCHF","AUDJPY","AUDNZD","AUDUSD","BTCUSD","CADJPY","DE40","ETHUSD"]
[2026-05-25T03:14:41.017Z] INFO BAR_PUSH object_type=ea object_id=10869460 source_id=Ctrader bar_count=10 symbols=["EURAUD","EURCAD","EURGBP","EURJPY","EURSGD","EURUSD","GBPAUD","GBPCAD"]
[2026-05-25T03:15:13.020Z] INFO BAR_PUSH object_type=ea object_id=10869460 source_id=Ctrader bar_count=10 symbols=["ADAUSD","AUDCAD","AUDCHF","AUDJPY"]
[2026-05-25T03:15:45.013Z] INFO BAR_PUSH object_type=ea object_id=10869460 source_id=Ctrader bar_count=10 symbols=["AUDJPY","AUDNZD","AUDUSD","BTCUSD"]
[2026-05-25T03:16:19.004Z] INFO BAR_PUSH object_type=ea object_id=10869460 source_id=Ctrader bar_count=10 symbols=["ADAUSD","AUDCAD","AUDCHF","AUDJPY","AUDNZD","AUDUSD","BTCUSD","CADJPY"]
[2026-05-25T03:16:51.028Z] INFO BAR_PUSH object_type=ea object_id=10869460 source_id=Ctrader bar_count=10 symbols=["CADJPY","DE40","ETHUSD","EURAUD"]
[2026-05-25T03:17:23.023Z] INFO BAR_PUSH object_type=ea object_id=10869460 source_id=Ctrader bar_count=10 symbols=["ADAUSD","AUDCAD","AUDCHF","AUDJPY","AUDNZD","AUDUSD","BTCUSD","CADJPY","DE40","ETHUSD"]
[2026-05-25T03:17:55.030Z] INFO BAR_PUSH object_type=ea object_id=10869460 source_id=Ctrader bar_count=10 symbols=["EURAUD","EURCAD","EURGBP","EURJPY"]
[2026-05-25T03:18:27.022Z] INFO BAR_PUSH object_type=ea object_id=10869460 source_id=Ctrader bar_count=10 symbols=["AUDCAD","AUDCHF","AUDJPY","AUDNZD","AUDUSD","BTCUSD","CADJPY","DE40","ETHUSD","EURAUD"]
[2026-05-25T03:18:59.027Z] INFO BAR_PUSH object_type=ea object_id=10869460 source_id=Ctrader bar_count=10 symbols=["EURCAD","EURGBP","EURJPY","EURSGD","EURUSD","GBPAUD"]
[2026-05-25T03:19:31.018Z] INFO BAR_PUSH object_type=ea object_id=10869460 source_id=Ctrader bar_count=10 symbols=["AUDCAD","AUDCHF","AUDJPY","AUDNZD","AUDUSD","BTCUSD","CADJPY","DE40","ETHUSD","EURAUD"]
[2026-05-25T03:20:05.004Z] INFO BAR_PUSH object_type=ea object_id=10869460 source_id=Ctrader bar_count=10 symbols=["ADAUSD","AUDCAD","AUDCHF","AUDJPY","AUDNZD"]
[2026-05-25T03:20:37.015Z] INFO BAR_PUSH object_type=ea object_id=10869460 source_id=Ctrader bar_count=10 symbols=["AUDUSD","BTCUSD","CADJPY","DE40","ETHUSD"]
[2026-05-25T03:21:09.027Z] INFO BAR_PUSH object_type=ea object_id=10869460 source_id=Ctrader bar_count=10 symbols=["ADAUSD","AUDCAD","AUDCHF","AUDJPY","AUDNZD","AUDUSD","BTCUSD","CADJPY","DE40","ETHUSD"]
[2026-05-25T03:21:41.026Z] INFO BAR_PUSH object_type=ea object_id=10869460 source_id=Ctrader bar_count=10 symbols=["EURAUD","EURCAD","EURGBP","EURJPY","EURSGD"]
[2026-05-25T03:22:13.006Z] INFO BAR_PUSH object_type=ea object_id=10869460 source_id=Ctrader bar_count=10 symbols=["AUDCAD","AUDCHF","AUDJPY","AUDNZD","AUDUSD","BTCUSD","CADJPY","DE40","ETHUSD","EURAUD"]
[2026-05-25T03:22:47.016Z] INFO BAR_PUSH object_type=ea object_id=10869460 source_id=Ctrader bar_count=10 symbols=["ADAUSD","EURCAD","EURGBP","EURJPY","EURSGD","EURUSD","GBPAUD"]
[2026-05-25T03:23:19.030Z] INFO BAR_PUSH object_type=ea object_id=10869460 source_id=Ctrader bar_count=10 symbols=["AUDCAD","AUDCHF","AUDJPY","AUDNZD","AUDUSD","BTCUSD","CADJPY","DE40","ETHUSD","EURAUD"]
[2026-05-25T03:23:51.013Z] INFO BAR_PUSH object_type=ea object_id=10869460 source_id=Ctrader bar_count=10 symbols=["EURCAD","EURGBP","EURJPY","EURSGD","EURUSD","GBPAUD","GBPCAD"]
[2026-05-25T03:24:23.010Z] INFO BAR_PUSH object_type=ea object_id=10869460 source_id=Ctrader bar_count=10 symbols=["AUDCAD","AUDCHF","AUDJPY","AUDNZD","AUDUSD","BTCUSD","CADJPY","DE40","ETHUSD","EURAUD"]
[2026-05-25T03:24:55.014Z] INFO BAR_PUSH object_type=ea object_id=10869460 source_id=Ctrader bar_count=10 symbols=["EURCAD","EURGBP","EURJPY","EURSGD","EURUSD","GBPAUD","GBPCAD","GBPJPY"]
[2026-05-25T03:25:27.009Z] INFO BAR_PUSH object_type=ea object_id=10869460 source_id=Ctrader bar_count=10 symbols=["AUDCAD","AUDCHF","AUDJPY","AUDNZD","AUDUSD"]
[2026-05-25T03:25:59.020Z] INFO BAR_PUSH object_type=ea object_id=10869460 source_id=Ctrader bar_count=10 symbols=["BTCUSD","CADJPY","DE40","ETHUSD","EURAUD"]
[2026-05-25T03:26:31.017Z] INFO BAR_PUSH object_type=ea object_id=10869460 source_id=Ctrader bar_count=10 symbols=["ADAUSD","AUDCAD","AUDCHF","AUDJPY","AUDNZD","AUDUSD","BTCUSD","CADJPY","DE40"]
[2026-05-25T03:27:03.024Z] INFO BAR_PUSH object_type=ea object_id=10869460 source_id=Ctrader bar_count=10 symbols=["AUDCAD","AUDCHF","AUDJPY","AUDNZD","AUDUSD","BTCUSD","CADJPY","DE40","ETHUSD","EURAUD"]
[2026-05-25T03:27:37.017Z] INFO BAR_PUSH object_type=ea object_id=10869460 source_id=Ctrader bar_count=10 symbols=["ADAUSD","EURCAD","EURGBP","EURJPY","EURSGD","EURUSD"]
[2026-05-25T03:28:11.021Z] INFO BAR_PUSH object_type=ea object_id=10869460 source_id=Ctrader bar_count=10 symbols=["ADAUSD","AUDCAD","AUDCHF","AUDJPY","AUDNZD","AUDUSD","BTCUSD","CADJPY","DE40","ETHUSD"]
[2026-05-25T03:28:43.014Z] INFO BAR_PUSH object_type=ea object_id=10869460 source_id=Ctrader bar_count=10 symbols=["EURAUD","EURCAD","EURGBP","EURJPY","EURSGD","EURUSD","GBPAUD","GBPCAD"]
[2026-05-25T03:29:15.019Z] INFO BAR_PUSH object_type=ea object_id=10869460 source_id=Ctrader bar_count=10 symbols=["ADAUSD","AUDCAD","AUDCHF","AUDJPY","AUDNZD","AUDUSD","BTCUSD","CADJPY","ETHUSD","EURAUD"]
[2026-05-25T03:29:47.023Z] INFO BAR_PUSH object_type=ea object_id=10869460 source_id=Ctrader bar_count=10 symbols=["DE40","EURCAD","EURGBP","EURJPY","EURSGD","EURUSD","GBPAUD","GBPCAD","GBPJPY"]
[2026-05-25T03:30:21.033Z] INFO BAR_PUSH object_type=ea object_id=10869460 source_id=Ctrader bar_count=10 symbols=["ADAUSD","AUDCAD","AUDCHF","AUDJPY"]
[2026-05-25T03:30:55.011Z] INFO BAR_PUSH object_type=ea object_id=10869460 source_id=Ctrader bar_count=10 symbols=["AUDJPY","AUDNZD","AUDUSD","BTCUSD"]
[2026-05-25T03:31:29.017Z] INFO BAR_PUSH object_type=ea object_id=10869460 source_id=Ctrader bar_count=10 symbols=["ADAUSD","AUDCAD","AUDCHF","AUDJPY","AUDNZD","AUDUSD","BTCUSD","CADJPY"]
[2026-05-25T03:32:03.018Z] INFO BAR_PUSH object_type=ea object_id=10869460 source_id=Ctrader bar_count=10 symbols=["AUDCAD","AUDCHF","AUDJPY","AUDNZD","AUDUSD","BTCUSD","CADJPY","DE40"]
[2026-05-25T03:32:37.021Z] INFO BAR_PUSH object_type=ea object_id=10869460 source_id=Ctrader bar_count=10 symbols=["ADAUSD","DE40","ETHUSD","EURAUD","EURCAD"]
[2026-05-25T03:33:09.013Z] INFO BAR_PUSH object_type=ea object_id=10869460 source_id=Ctrader bar_count=10 symbols=["ADAUSD","AUDCAD","AUDCHF","AUDJPY","AUDNZD","AUDUSD","BTCUSD","DE40","ETHUSD","EURAUD"]
[2026-05-25T03:33:43.021Z] INFO BAR_PUSH object_type=ea object_id=10869460 source_id=Ctrader bar_count=10 symbols=["CADJPY","EURCAD","EURGBP","EURJPY","EURSGD"]
[2026-05-25T03:34:15.011Z] INFO BAR_PUSH object_type=ea object_id=10869460 source_id=Ctrader bar_count=10 symbols=["AUDCAD","AUDCHF","AUDJPY","AUDNZD","AUDUSD","BTCUSD","CADJPY","DE40","ETHUSD","EURAUD"]
[2026-05-25T03:34:47.014Z] INFO BAR_PUSH object_type=ea object_id=10869460 source_id=Ctrader bar_count=10 symbols=["EURCAD","EURGBP","EURJPY","EURSGD","EURUSD","GBPAUD"]
[2026-05-25T03:35:21.013Z] INFO BAR_PUSH object_type=ea object_id=10869460 source_id=Ctrader bar_count=10 symbols=["ADAUSD","AUDCAD","AUDCHF","AUDJPY","AUDNZD"]
[2026-05-25T03:35:53.024Z] INFO BAR_PUSH object_type=ea object_id=10869460 source_id=Ctrader bar_count=10 symbols=["AUDUSD","BTCUSD","CADJPY","DE40","ETHUSD"]
[2026-05-25T03:36:25.013Z] INFO BAR_PUSH object_type=ea object_id=10869460 source_id=Ctrader bar_count=10 symbols=["AUDCAD","AUDCHF","AUDJPY","AUDNZD","AUDUSD","BTCUSD","CADJPY","DE40","ETHUSD","EURAUD"]
[2026-05-25T03:36:57.014Z] INFO BAR_PUSH object_type=ea object_id=10869460 source_id=Ctrader bar_count=10 symbols=["EURAUD","EURCAD","EURGBP","EURJPY","EURSGD","EURUSD"]
[2026-05-25T03:37:29.014Z] INFO BAR_PUSH object_type=ea object_id=10869460 source_id=Ctrader bar_count=10 symbols=["ADAUSD","AUDCAD","AUDCHF","AUDJPY","AUDNZD","AUDUSD","BTCUSD","CADJPY","DE40","ETHUSD"]
[2026-05-25T03:38:01.015Z] INFO BAR_PUSH object_type=ea object_id=10869460 source_id=Ctrader bar_count=10 symbols=["DE40","EURAUD","EURCAD","EURGBP","EURJPY","EURSGD","EURUSD","GBPAUD"]
[2026-05-25T03:38:33.018Z] INFO BAR_PUSH object_type=ea object_id=10869460 source_id=Ctrader bar_count=10 symbols=["ADAUSD","AUDCAD","AUDCHF","AUDJPY","AUDNZD","AUDUSD","BTCUSD","CADJPY","ETHUSD","EURAUD"]
[2026-05-25T03:39:07.005Z] INFO BAR_PUSH object_type=ea object_id=10869460 source_id=Ctrader bar_count=10 symbols=["AUDCAD","AUDCHF","AUDJPY","AUDNZD","AUDUSD","BTCUSD","CADJPY","ETHUSD","EURAUD","EURCAD"]
[2026-05-25T03:39:39.020Z] INFO BAR_PUSH object_type=ea object_id=10869460 source_id=Ctrader bar_count=10 symbols=["ADAUSD","DE40","EURGBP","EURJPY","EURSGD","EURUSD","GBPAUD","GBPCAD"]
[2026-05-25T03:40:11.000Z] INFO BAR_PUSH object_type=ea object_id=10869460 source_id=Ctrader bar_count=10 symbols=["ADAUSD","AUDCAD","AUDCHF","AUDJPY","AUDNZD"]
[2026-05-25T03:40:43.031Z] INFO BAR_PUSH object_type=ea object_id=10869460 source_id=Ctrader bar_count=10 symbols=["AUDUSD","BTCUSD","CADJPY","DE40","ETHUSD"]
[2026-05-25T03:41:15.077Z] INFO BAR_PUSH object_type=ea object_id=10869460 source_id=Ctrader bar_count=10 symbols=["AUDCAD","AUDCHF","AUDJPY","AUDNZD","AUDUSD","BTCUSD","CADJPY","DE40","ETHUSD","EURAUD"]
[2026-05-25T03:41:47.018Z] INFO BAR_PUSH object_type=ea object_id=10869460 source_id=Ctrader bar_count=10 symbols=["ADAUSD","EURAUD","EURCAD","EURGBP","EURJPY","EURSGD"]
[2026-05-25T03:42:19.014Z] INFO BAR_PUSH object_type=ea object_id=10869460 source_id=Ctrader bar_count=10 symbols=["AUDCAD","AUDCHF","AUDJPY","AUDNZD","AUDUSD","BTCUSD","CADJPY","DE40","ETHUSD","EURAUD"]
[2026-05-25T03:42:53.008Z] INFO BAR_PUSH object_type=ea object_id=10869460 source_id=Ctrader bar_count=10 symbols=["EURCAD","EURGBP","EURJPY","EURSGD","EURUSD","GBPAUD","GBPCAD"]
[2026-05-25T03:43:25.023Z] INFO BAR_PUSH object_type=ea object_id=10869460 source_id=Ctrader bar_count=10 symbols=["ADAUSD","AUDCAD","AUDCHF","AUDJPY","AUDNZD","AUDUSD","BTCUSD","CADJPY","DE40","ETHUSD"]
[2026-05-25T03:43:57.007Z] INFO BAR_PUSH object_type=ea object_id=10869460 source_id=Ctrader bar_count=10 symbols=["EURAUD","EURCAD","EURGBP","EURJPY","EURSGD","EURUSD","GBPAUD","GBPCAD","GBPJPY"]
[2026-05-25T03:44:29.007Z] INFO BAR_PUSH object_type=ea object_id=10869460 source_id=Ctrader bar_count=10 symbols=["AUDCAD","AUDCHF","AUDJPY","AUDNZD","AUDUSD","BTCUSD","CADJPY","DE40","ETHUSD","EURAUD"]
[2026-05-25T03:45:01.008Z] INFO BAR_PUSH object_type=ea object_id=10869460 source_id=Ctrader bar_count=10 symbols=["AUDCHF","AUDJPY","AUDNZD","BTCUSD"]
[2026-05-25T03:45:33.017Z] INFO BAR_PUSH object_type=ea object_id=10869460 source_id=Ctrader bar_count=10 symbols=["ADAUSD","AUDCAD","AUDUSD","BTCUSD"]
[2026-05-25T03:46:05.007Z] INFO BAR_PUSH object_type=ea object_id=10869460 source_id=Ctrader bar_count=10 symbols=["AUDCAD","AUDCHF","AUDJPY","AUDNZD","AUDUSD","BTCUSD","CADJPY"]
[2026-05-25T03:46:39.031Z] INFO BAR_PUSH object_type=ea object_id=10869460 source_id=Ctrader bar_count=10 symbols=["DE40","ETHUSD","EURAUD","EURCAD"]
[2026-05-25T03:47:11.011Z] INFO BAR_PUSH object_type=ea object_id=10869460 source_id=Ctrader bar_count=10 symbols=["ADAUSD","AUDCAD","AUDCHF","AUDJPY","AUDNZD","AUDUSD","BTCUSD","CADJPY","DE40","ETHUSD"]
[2026-05-25T03:47:43.018Z] INFO BAR_PUSH object_type=ea object_id=10869460 source_id=Ctrader bar_count=10 symbols=["EURAUD","EURCAD","EURGBP","EURJPY"]
[2026-05-25T03:48:15.014Z] INFO BAR_PUSH object_type=ea object_id=10869460 source_id=Ctrader bar_count=10 symbols=["AUDCAD","AUDCHF","AUDJPY","AUDNZD","AUDUSD","BTCUSD","CADJPY","DE40","ETHUSD","EURAUD"]
[2026-05-25T03:48:49.016Z] INFO BAR_PUSH object_type=ea object_id=10869460 source_id=Ctrader bar_count=10 symbols=["ADAUSD","EURCAD","EURGBP","EURJPY","EURSGD","EURUSD"]
[2026-05-25T03:49:21.032Z] INFO BAR_PUSH object_type=ea object_id=10869460 source_id=Ctrader bar_count=10 symbols=["ADAUSD","AUDCAD","AUDCHF","AUDJPY","AUDNZD","AUDUSD","BTCUSD","CADJPY","DE40","ETHUSD"]
[2026-05-25T03:49:55.019Z] INFO BAR_PUSH object_type=ea object_id=10869460 source_id=Ctrader bar_count=10 symbols=["EURAUD","EURCAD","EURGBP","EURJPY","EURSGD","EURUSD","GBPAUD","GBPCAD"]
[2026-05-25T03:50:29.014Z] INFO BAR_PUSH object_type=ea object_id=10869460 source_id=Ctrader bar_count=10 symbols=["ADAUSD","AUDCAD","AUDCHF","AUDJPY","AUDNZD"]
[2026-05-25T03:51:03.027Z] INFO BAR_PUSH object_type=ea object_id=10869460 source_id=Ctrader bar_count=10 symbols=["AUDCAD","AUDCHF","AUDJPY","AUDNZD","AUDUSD","BTCUSD","CADJPY"]
[2026-05-25T03:51:35.030Z] INFO BAR_PUSH object_type=ea object_id=10869460 source_id=Ctrader bar_count=10 symbols=["ADAUSD","DE40","ETHUSD","EURAUD","EURCAD","EURGBP"]
[2026-05-25T03:52:07.025Z] INFO BAR_PUSH object_type=ea object_id=10869460 source_id=Ctrader bar_count=10 symbols=["ADAUSD","AUDCAD","AUDCHF","AUDJPY","AUDNZD","AUDUSD","BTCUSD","CADJPY","ETHUSD","EURAUD"]
[2026-05-25T03:52:39.031Z] INFO BAR_PUSH object_type=ea object_id=10869460 source_id=Ctrader bar_count=10 symbols=["DE40","EURCAD","EURGBP","EURJPY","EURSGD","EURUSD"]
[2026-05-25T03:53:11.023Z] INFO BAR_PUSH object_type=ea object_id=10869460 source_id=Ctrader bar_count=10 symbols=["AUDCAD","AUDCHF","AUDJPY","AUDNZD","AUDUSD","BTCUSD","CADJPY","DE40","ETHUSD","EURAUD"]
[2026-05-25T03:53:45.021Z] INFO BAR_PUSH object_type=ea object_id=10869460 source_id=Ctrader bar_count=10 symbols=["EURCAD","EURGBP","EURJPY","EURSGD","EURUSD","GBPAUD","GBPCAD"]
[2026-05-25T03:54:17.023Z] INFO BAR_PUSH object_type=ea object_id=10869460 source_id=Ctrader bar_count=10 symbols=["ADAUSD","AUDCAD","AUDCHF","AUDJPY","AUDNZD","AUDUSD","BTCUSD","CADJPY","DE40","ETHUSD"]
[2026-05-25T03:54:49.022Z] INFO BAR_PUSH object_type=ea object_id=10869460 source_id=Ctrader bar_count=10 symbols=["EURAUD","EURCAD","EURGBP","EURJPY","EURSGD","EURUSD","GBPAUD","GBPCAD","GBPJPY"]
[2026-05-25T03:55:23.019Z] INFO BAR_PUSH object_type=ea object_id=10869460 source_id=Ctrader bar_count=10 symbols=["ADAUSD","AUDCAD","AUDCHF","AUDJPY","AUDNZD"]
[2026-05-25T03:55:57.019Z] INFO BAR_PUSH object_type=ea object_id=10869460 source_id=Ctrader bar_count=10 symbols=["AUDUSD","BTCUSD","CADJPY","DE40","ETHUSD"]
[2026-05-25T03:56:29.016Z] INFO BAR_PUSH object_type=ea object_id=10869460 source_id=Ctrader bar_count=10 symbols=["AUDCAD","AUDCHF","AUDJPY","AUDNZD","AUDUSD","BTCUSD","CADJPY","DE40","ETHUSD","EURAUD"]
[2026-05-25T03:57:01.024Z] INFO BAR_PUSH object_type=ea object_id=10869460 source_id=Ctrader bar_count=10 symbols=["AUDCHF","BTCUSD","DE40","EURAUD","EURCAD","EURGBP","EURJPY"]
[2026-05-25T03:57:33.027Z] INFO BAR_PUSH object_type=ea object_id=10869460 source_id=Ctrader bar_count=10 symbols=["ADAUSD","AUDCAD","AUDJPY","AUDNZD","AUDUSD","CADJPY","ETHUSD","EURGBP","EURJPY","EURSGD"]
[2026-05-25T03:58:07.040Z] INFO BAR_PUSH object_type=ea object_id=10869460 source_id=Ctrader bar_count=10 symbols=["AUDCAD","AUDCHF","AUDJPY","AUDNZD","AUDUSD","BTCUSD","CADJPY","DE40","ETHUSD","EURAUD"]
[2026-05-25T03:58:39.012Z] INFO BAR_PUSH object_type=ea object_id=10869460 source_id=Ctrader bar_count=10 symbols=["ADAUSD","EURCAD","EURGBP","EURJPY","EURSGD","EURUSD","GBPAUD"]
[2026-05-25T03:59:11.018Z] INFO BAR_PUSH object_type=ea object_id=10869460 source_id=Ctrader bar_count=10 symbols=["AUDCAD","AUDCHF","AUDJPY","AUDNZD","AUDUSD","BTCUSD","CADJPY","DE40","ETHUSD","EURAUD"]
[2026-05-25T03:59:45.027Z] INFO BAR_PUSH object_type=ea object_id=10869460 source_id=Ctrader bar_count=10 symbols=["ADAUSD","EURCAD","EURGBP","EURJPY","EURSGD","EURUSD","GBPAUD","GBPCAD","GBPJPY"]
[2026-05-25T04:00:17.019Z] INFO BAR_PUSH object_type=ea object_id=10869460 source_id=Ctrader bar_count=10 symbols=["ADAUSD","AUDCAD","AUDCHF"]
[2026-05-25T04:00:51.004Z] INFO BAR_PUSH object_type=ea object_id=10869460 source_id=Ctrader bar_count=10 symbols=["AUDCHF","AUDJPY","AUDNZD"]
[2026-05-25T04:01:23.032Z] INFO BAR_PUSH object_type=ea object_id=10869460 source_id=Ctrader bar_count=10 symbols=["AUDCAD","AUDCHF","AUDJPY","AUDNZD","AUDUSD","BTCUSD"]
[2026-05-25T04:01:55.013Z] INFO BAR_PUSH object_type=ea object_id=10869460 source_id=Ctrader bar_count=10 symbols=["ADAUSD","BTCUSD","CADJPY","DE40"]
[2026-05-25T04:02:29.010Z] INFO BAR_PUSH object_type=ea object_id=10869460 source_id=Ctrader bar_count=10 symbols=["AUDCAD","AUDCHF","AUDJPY","AUDNZD","AUDUSD","BTCUSD","CADJPY","DE40","ETHUSD"]
[2026-05-25T04:03:01.072Z] INFO BAR_PUSH object_type=ea object_id=10869460 source_id=Ctrader bar_count=10 symbols=["AUDCAD","AUDCHF","AUDJPY","AUDNZD","BTCUSD","DE40","ETHUSD"]
[2026-05-25T04:03:33.022Z] INFO BAR_PUSH object_type=ea object_id=10869460 source_id=Ctrader bar_count=10 symbols=["AUDUSD","CADJPY","EURAUD","EURCAD"]
[2026-05-25T04:04:05.026Z] INFO BAR_PUSH object_type=ea object_id=10869460 source_id=Ctrader bar_count=10 symbols=["AUDCAD","AUDCHF","AUDJPY","AUDNZD","AUDUSD","BTCUSD","CADJPY","ETHUSD","EURAUD","EURCAD"]
[2026-05-25T04:04:37.029Z] INFO BAR_PUSH object_type=ea object_id=10869460 source_id=Ctrader bar_count=10 symbols=["DE40","EURGBP","EURJPY","EURSGD"]
[2026-05-25T04:05:09.016Z] INFO BAR_PUSH object_type=ea object_id=10869460 source_id=Ctrader bar_count=10 symbols=["ADAUSD","AUDCAD","AUDCHF","AUDJPY","AUDNZD"]
[2026-05-25T04:05:41.033Z] INFO BAR_PUSH object_type=ea object_id=10869460 source_id=Ctrader bar_count=10 symbols=["AUDUSD","BTCUSD","CADJPY","DE40","ETHUSD"]
[2026-05-25T04:06:15.018Z] INFO BAR_PUSH object_type=ea object_id=10869460 source_id=Ctrader bar_count=10 symbols=["AUDCAD","AUDCHF","AUDJPY","AUDNZD","AUDUSD","BTCUSD","CADJPY","ETHUSD","EURAUD"]
[2026-05-25T04:06:47.031Z] INFO BAR_PUSH object_type=ea object_id=10869460 source_id=Ctrader bar_count=10 symbols=["DE40","EURCAD","EURGBP","EURJPY","EURSGD"]
[2026-05-25T04:07:19.033Z] INFO BAR_PUSH object_type=ea object_id=10869460 source_id=Ctrader bar_count=10 symbols=["AUDCAD","AUDCHF","AUDJPY","AUDNZD","AUDUSD","BTCUSD","CADJPY","DE40","ETHUSD","EURAUD"]
[2026-05-25T04:07:53.014Z] INFO BAR_PUSH object_type=ea object_id=10869460 source_id=Ctrader bar_count=10 symbols=["ADAUSD","EURCAD","EURGBP","EURJPY","EURSGD","EURUSD"]
[2026-05-25T04:08:25.029Z] INFO BAR_PUSH object_type=ea object_id=10869460 source_id=Ctrader bar_count=10 symbols=["AUDCAD","AUDCHF","AUDJPY","AUDNZD","AUDUSD","BTCUSD","CADJPY","DE40","ETHUSD","EURAUD"]
[2026-05-25T04:08:57.148Z] INFO BAR_PUSH object_type=ea object_id=10869460 source_id=Ctrader bar_count=10 symbols=["EURCAD","EURGBP","EURJPY","EURSGD","EURUSD","GBPAUD","GBPCAD"]
[2026-05-25T04:09:29.028Z] INFO BAR_PUSH object_type=ea object_id=10869460 source_id=Ctrader bar_count=10 symbols=["ADAUSD","AUDCAD","AUDCHF","AUDJPY","AUDNZD","AUDUSD","BTCUSD","CADJPY","ETHUSD","EURAUD"]
[2026-05-25T04:10:01.022Z] INFO BAR_PUSH object_type=ea object_id=10869460 source_id=Ctrader bar_count=10 symbols=["AUDCAD","AUDCHF","AUDJPY","AUDNZD","AUDUSD"]
[2026-05-25T04:10:33.028Z] INFO BAR_PUSH object_type=ea object_id=10869460 source_id=Ctrader bar_count=10 symbols=["BTCUSD","CADJPY","DE40","ETHUSD","EURAUD"]
[2026-05-25T04:11:07.032Z] INFO BAR_PUSH object_type=ea object_id=10869460 source_id=Ctrader bar_count=10 symbols=["AUDCAD","AUDCHF","AUDJPY","AUDNZD","AUDUSD","BTCUSD","CADJPY","DE40","EURAUD","EURCAD"]
[2026-05-25T04:11:39.028Z] INFO BAR_PUSH object_type=ea object_id=10869460 source_id=Ctrader bar_count=10 symbols=["ADAUSD","ETHUSD","EURCAD","EURGBP","EURJPY","EURSGD"]
[2026-05-25T04:12:11.113Z] INFO BAR_PUSH object_type=ea object_id=10869460 source_id=Ctrader bar_count=10 symbols=["AUDCAD","AUDCHF","AUDJPY","AUDNZD","AUDUSD","BTCUSD","CADJPY","DE40","ETHUSD","EURAUD"]
[2026-05-25T04:12:43.019Z] INFO BAR_PUSH object_type=ea object_id=10869460 source_id=Ctrader bar_count=10 symbols=["ADAUSD","EURCAD","EURGBP","EURJPY","EURSGD","EURUSD","GBPAUD","GBPCAD"]
[2026-05-25T04:13:15.016Z] INFO BAR_PUSH object_type=ea object_id=10869460 source_id=Ctrader bar_count=10 symbols=["ADAUSD","AUDCAD","AUDCHF","AUDJPY","AUDNZD","AUDUSD","BTCUSD","CADJPY","DE40","ETHUSD"]
[2026-05-25T04:13:49.034Z] INFO BAR_PUSH object_type=ea object_id=10869460 source_id=Ctrader bar_count=10 symbols=["EURAUD","EURCAD","EURGBP","EURJPY","EURSGD","EURUSD","GBPAUD","GBPCAD"]
[2026-05-25T04:14:23.023Z] INFO BAR_PUSH object_type=ea object_id=10869460 source_id=Ctrader bar_count=10 symbols=["ADAUSD","AUDCAD","AUDCHF","AUDJPY","AUDNZD","AUDUSD","BTCUSD","CADJPY","DE40","ETHUSD"]
[2026-05-25T04:14:55.020Z] INFO BAR_PUSH object_type=ea object_id=10869460 source_id=Ctrader bar_count=10 symbols=["EURAUD","EURCAD","EURGBP","EURJPY","EURSGD","EURUSD","GBPAUD","GBPCAD","GBPJPY"]
[2026-05-25T04:15:29.053Z] INFO BAR_PUSH object_type=ea object_id=10869460 source_id=Ctrader bar_count=10 symbols=["ADAUSD","AUDCAD","AUDCHF","AUDJPY"]
[2026-05-25T04:16:03.020Z] INFO BAR_PUSH object_type=ea object_id=10869460 source_id=Ctrader bar_count=10 symbols=["ADAUSD","AUDCAD","AUDCHF","AUDJPY","AUDNZD","AUDUSD"]
[2026-05-25T04:16:35.011Z] INFO BAR_PUSH object_type=ea object_id=10869460 source_id=Ctrader bar_count=10 symbols=["AUDUSD","BTCUSD","CADJPY","DE40"]
[2026-05-25T04:17:07.021Z] INFO BAR_PUSH object_type=ea object_id=10869460 source_id=Ctrader bar_count=10 symbols=["ADAUSD","AUDCAD","AUDCHF","AUDJPY","AUDNZD","AUDUSD","BTCUSD","CADJPY","DE40"]
[2026-05-25T04:17:39.020Z] INFO BAR_PUSH object_type=ea object_id=10869460 source_id=Ctrader bar_count=10 symbols=["ETHUSD","EURAUD","EURCAD","EURGBP"]
[2026-05-25T04:18:11.015Z] INFO BAR_PUSH object_type=ea object_id=10869460 source_id=Ctrader bar_count=10 symbols=["ADAUSD","AUDCAD","AUDCHF","AUDJPY","AUDNZD","AUDUSD","BTCUSD","CADJPY","DE40","ETHUSD"]
[2026-05-25T04:18:43.025Z] INFO BAR_PUSH object_type=ea object_id=10869460 source_id=Ctrader bar_count=10 symbols=["EURAUD","EURCAD","EURGBP","EURJPY","EURSGD"]
[2026-05-25T04:19:17.026Z] INFO BAR_PUSH object_type=ea object_id=10869460 source_id=Ctrader bar_count=10 symbols=["ADAUSD","AUDCAD","AUDCHF","AUDJPY","AUDNZD","AUDUSD","BTCUSD","CADJPY","DE40","ETHUSD"]
[2026-05-25T04:19:49.021Z] INFO BAR_PUSH object_type=ea object_id=10869460 source_id=Ctrader bar_count=10 symbols=["EURAUD","EURCAD","EURGBP","EURJPY","EURSGD","EURUSD","GBPAUD"]
[2026-05-25T04:20:21.032Z] INFO BAR_PUSH object_type=ea object_id=10869460 source_id=Ctrader bar_count=10 symbols=["ADAUSD","AUDCAD","AUDCHF","AUDJPY","AUDNZD"]
[2026-05-25T04:20:53.025Z] INFO BAR_PUSH object_type=ea object_id=10869460 source_id=Ctrader bar_count=10 symbols=["AUDUSD","BTCUSD","CADJPY","DE40","ETHUSD"]
[2026-05-25T04:21:25.028Z] INFO BAR_PUSH object_type=ea object_id=10869460 source_id=Ctrader bar_count=10 symbols=["ADAUSD","AUDCAD","AUDCHF","AUDJPY","AUDNZD","AUDUSD","BTCUSD","CADJPY","DE40","ETHUSD"]
[2026-05-25T04:21:57.012Z] INFO BAR_PUSH object_type=ea object_id=10869460 source_id=Ctrader bar_count=10 symbols=["EURAUD","EURCAD","EURGBP","EURJPY","EURSGD"]
[2026-05-25T04:22:31.024Z] INFO BAR_PUSH object_type=ea object_id=10869460 source_id=Ctrader bar_count=10 symbols=["ADAUSD","AUDCAD","AUDCHF","AUDJPY","AUDNZD","AUDUSD","BTCUSD","CADJPY","DE40","ETHUSD"]
[2026-05-25T04:23:03.026Z] INFO BAR_PUSH object_type=ea object_id=10869460 source_id=Ctrader bar_count=10 symbols=["AUDJPY","AUDNZD","BTCUSD","CADJPY","EURAUD","EURCAD","EURGBP","EURJPY","EURSGD","EURUSD"]
[2026-05-25T04:23:37.023Z] INFO BAR_PUSH object_type=ea object_id=10869460 source_id=Ctrader bar_count=10 symbols=["AUDCAD","AUDCHF","AUDUSD","DE40","ETHUSD","EURAUD","EURCAD","EURUSD","GBPAUD"]
[2026-05-25T04:24:09.019Z] INFO BAR_PUSH object_type=ea object_id=10869460 source_id=Ctrader bar_count=10 symbols=["AUDCAD","AUDCHF","AUDJPY","AUDNZD","AUDUSD","BTCUSD","CADJPY","DE40","ETHUSD","EURAUD"]
[2026-05-25T04:24:41.021Z] INFO BAR_PUSH object_type=ea object_id=10869460 source_id=Ctrader bar_count=10 symbols=["EURCAD","EURGBP","EURJPY","EURSGD","EURUSD","GBPAUD","GBPCAD"]
[2026-05-25T04:25:14.998Z] INFO BAR_PUSH object_type=ea object_id=10869460 source_id=Ctrader bar_count=10 symbols=["ADAUSD","AUDCAD","AUDCHF","AUDJPY","AUDNZD"]
[2026-05-25T04:25:49.020Z] INFO BAR_PUSH object_type=ea object_id=10869460 source_id=Ctrader bar_count=10 symbols=["AUDUSD","BTCUSD","CADJPY","DE40","ETHUSD"]
[2026-05-25T04:26:21.023Z] INFO BAR_PUSH object_type=ea object_id=10869460 source_id=Ctrader bar_count=10 symbols=["AUDCAD","AUDCHF","AUDJPY","AUDNZD","AUDUSD","BTCUSD","CADJPY","DE40","ETHUSD","EURAUD"]
[2026-05-25T04:26:53.019Z] INFO BAR_PUSH object_type=ea object_id=10869460 source_id=Ctrader bar_count=10 symbols=["ADAUSD","EURAUD","EURCAD","EURGBP","EURJPY","EURSGD"]
[2026-05-25T04:27:25.008Z] INFO BAR_PUSH object_type=ea object_id=10869460 source_id=Ctrader bar_count=10 symbols=["AUDCAD","AUDCHF","AUDJPY","AUDNZD","AUDUSD","BTCUSD","CADJPY","DE40","ETHUSD","EURAUD"]
[2026-05-25T04:27:57.014Z] INFO BAR_PUSH object_type=ea object_id=10869460 source_id=Ctrader bar_count=10 symbols=["EURCAD","EURGBP","EURJPY","EURSGD","EURUSD","GBPAUD","GBPCAD"]
[2026-05-25T04:28:31.015Z] INFO BAR_PUSH object_type=ea object_id=10869460 source_id=Ctrader bar_count=10 symbols=["ADAUSD","AUDCAD","AUDCHF","AUDJPY","AUDNZD","AUDUSD","BTCUSD","CADJPY","DE40","ETHUSD"]
[2026-05-25T04:29:03.025Z] INFO BAR_PUSH object_type=ea object_id=10869460 source_id=Ctrader bar_count=10 symbols=["AUDCAD","AUDCHF","AUDJPY","AUDNZD","AUDUSD","BTCUSD","DE40","ETHUSD","EURAUD","EURCAD"]
[2026-05-25T04:29:35.011Z] INFO BAR_PUSH object_type=ea object_id=10869460 source_id=Ctrader bar_count=10 symbols=["CADJPY","EURCAD","EURGBP","EURJPY","EURSGD","EURUSD","GBPAUD","GBPCAD","GBPJPY"]
[2026-05-25T04:30:07.013Z] INFO BAR_PUSH object_type=ea object_id=10869460 source_id=Ctrader bar_count=10 symbols=["ADAUSD","AUDCAD","AUDCHF","AUDJPY"]
[2026-05-25T04:30:39.006Z] INFO BAR_PUSH object_type=ea object_id=10869460 source_id=Ctrader bar_count=10 symbols=["ADAUSD","AUDNZD","AUDUSD","BTCUSD"]
[2026-05-25T04:31:11.003Z] INFO BAR_PUSH object_type=ea object_id=10869460 source_id=Ctrader bar_count=10 symbols=["ADAUSD","AUDCAD","AUDCHF","AUDJPY","AUDNZD","AUDUSD","BTCUSD","CADJPY"]
[2026-05-25T04:31:43.013Z] INFO BAR_PUSH object_type=ea object_id=10869460 source_id=Ctrader bar_count=10 symbols=["CADJPY","DE40","ETHUSD","EURAUD"]
[2026-05-25T04:32:15.012Z] INFO BAR_PUSH object_type=ea object_id=10869460 source_id=Ctrader bar_count=10 symbols=["AUDCAD","AUDCHF","AUDJPY","AUDNZD","AUDUSD","BTCUSD","CADJPY","DE40","ETHUSD","EURAUD"]
[2026-05-25T04:32:47.026Z] INFO BAR_PUSH object_type=ea object_id=10869460 source_id=Ctrader bar_count=10 symbols=["ADAUSD","EURAUD","EURCAD","EURGBP","EURJPY"]
[2026-05-25T04:33:19.014Z] INFO BAR_PUSH object_type=ea object_id=10869460 source_id=Ctrader bar_count=10 symbols=["AUDCAD","AUDCHF","AUDJPY","AUDNZD","AUDUSD","BTCUSD","CADJPY","DE40","ETHUSD","EURAUD"]
[2026-05-25T04:33:53.054Z] INFO BAR_PUSH object_type=ea object_id=10869460 source_id=Ctrader bar_count=10 symbols=["ADAUSD","EURCAD","EURGBP","EURJPY","EURSGD","EURUSD"]
[2026-05-25T04:34:25.027Z] INFO BAR_PUSH object_type=ea object_id=10869460 source_id=Ctrader bar_count=10 symbols=["AUDCAD","AUDCHF","AUDJPY","AUDNZD","AUDUSD","BTCUSD","CADJPY","DE40","ETHUSD","EURAUD"]
[2026-05-25T04:34:57.007Z] INFO BAR_PUSH object_type=ea object_id=10869460 source_id=Ctrader bar_count=10 symbols=["EURCAD","EURGBP","EURJPY","EURSGD","EURUSD","GBPAUD","GBPCAD"]
[2026-05-25T04:35:31.011Z] INFO BAR_PUSH object_type=ea object_id=10869460 source_id=Ctrader bar_count=10 symbols=["ADAUSD","AUDCAD","AUDCHF","AUDJPY","AUDNZD"]
[2026-05-25T04:36:03.019Z] INFO BAR_PUSH object_type=ea object_id=10869460 source_id=Ctrader bar_count=10 symbols=["AUDCAD","AUDCHF","AUDJPY","AUDNZD","AUDUSD","BTCUSD","CADJPY"]
[2026-05-25T04:36:35.033Z] INFO BAR_PUSH object_type=ea object_id=10869460 source_id=Ctrader bar_count=10 symbols=["DE40","ETHUSD","EURAUD","EURCAD","EURGBP"]
[2026-05-25T04:37:09.015Z] INFO BAR_PUSH object_type=ea object_id=10869460 source_id=Ctrader bar_count=10 symbols=["AUDCAD","AUDCHF","AUDJPY","AUDNZD","AUDUSD","BTCUSD","CADJPY","DE40","ETHUSD","EURAUD"]
[2026-05-25T04:37:41.009Z] INFO BAR_PUSH object_type=ea object_id=10869460 source_id=Ctrader bar_count=10 symbols=["EURCAD","EURGBP","EURJPY","EURSGD","EURUSD","GBPAUD"]
[2026-05-25T04:38:13.017Z] INFO BAR_PUSH object_type=ea object_id=10869460 source_id=Ctrader bar_count=10 symbols=["AUDCAD","AUDCHF","AUDJPY","AUDNZD","AUDUSD","BTCUSD","CADJPY","DE40","ETHUSD","EURAUD"]
[2026-05-25T04:38:45.011Z] INFO BAR_PUSH object_type=ea object_id=10869460 source_id=Ctrader bar_count=10 symbols=["EURCAD","EURGBP","EURJPY","EURSGD","EURUSD","GBPAUD","GBPCAD","GBPJPY"]
[2026-05-25T04:39:17.016Z] INFO BAR_PUSH object_type=ea object_id=10869460 source_id=Ctrader bar_count=10 symbols=["AUDCAD","AUDCHF","AUDJPY","AUDNZD","AUDUSD","BTCUSD","CADJPY","DE40","ETHUSD","EURAUD"]
[2026-05-25T04:39:49.007Z] INFO BAR_PUSH object_type=ea object_id=10869460 source_id=Ctrader bar_count=10 symbols=["ADAUSD","EURCAD","EURGBP","EURJPY","EURSGD","EURUSD","GBPAUD","GBPCAD","GBPJPY"]
[2026-05-25T04:40:20.993Z] INFO BAR_PUSH object_type=ea object_id=10869460 source_id=Ctrader bar_count=10 symbols=["AUDCAD","AUDCHF","AUDJPY","AUDNZD","AUDUSD"]
[2026-05-25T04:40:53.009Z] INFO BAR_PUSH object_type=ea object_id=10869460 source_id=Ctrader bar_count=10 symbols=["ADAUSD","BTCUSD","CADJPY","DE40","ETHUSD"]
[2026-05-25T04:41:25.012Z] INFO BAR_PUSH object_type=ea object_id=10869460 source_id=Ctrader bar_count=10 symbols=["AUDCAD","AUDCHF","AUDJPY","AUDNZD","AUDUSD","BTCUSD","CADJPY","DE40","ETHUSD","EURAUD"]
[2026-05-25T04:41:57.019Z] INFO BAR_PUSH object_type=ea object_id=10869460 source_id=Ctrader bar_count=10 symbols=["EURAUD","EURCAD","EURGBP","EURJPY","EURSGD","EURUSD"]
[2026-05-25T04:42:31.022Z] INFO BAR_PUSH object_type=ea object_id=10869460 source_id=Ctrader bar_count=10 symbols=["ADAUSD","AUDCAD","AUDCHF","AUDJPY","AUDNZD","AUDUSD","BTCUSD","CADJPY","DE40","ETHUSD"]
[2026-05-25T04:43:03.022Z] INFO BAR_PUSH object_type=ea object_id=10869460 source_id=Ctrader bar_count=10 symbols=["AUDCHF","AUDNZD","BTCUSD","DE40","ETHUSD","EURAUD","EURCAD","EURGBP","EURJPY","EURSGD"]
[2026-05-25T04:43:35.007Z] INFO BAR_PUSH object_type=ea object_id=10869460 source_id=Ctrader bar_count=10 symbols=["AUDCAD","AUDJPY","AUDUSD","CADJPY","EURGBP","EURUSD","GBPAUD","GBPCAD"]
[2026-05-25T04:44:09.024Z] INFO BAR_PUSH object_type=ea object_id=10869460 source_id=Ctrader bar_count=10 symbols=["ADAUSD","AUDJPY","AUDNZD","BTCUSD","CADJPY","DE40","ETHUSD","EURAUD","EURCAD","EURGBP"]
[2026-05-25T04:44:43.007Z] INFO BAR_PUSH object_type=ea object_id=10869460 source_id=Ctrader bar_count=10 symbols=["ADAUSD","AUDCAD","AUDCHF","AUDUSD","EURJPY","EURSGD","EURUSD","GBPAUD","GBPCAD"]
[2026-05-25T04:45:15.005Z] INFO BAR_PUSH object_type=ea object_id=10869460 source_id=Ctrader bar_count=10 symbols=["AUDCAD","AUDCHF","AUDJPY","AUDNZD"]
[2026-05-25T04:45:49.020Z] INFO BAR_PUSH object_type=ea object_id=10869460 source_id=Ctrader bar_count=10 symbols=["ADAUSD","AUDNZD","AUDUSD","BTCUSD"]
[2026-05-25T04:46:21.002Z] INFO BAR_PUSH object_type=ea object_id=10869460 source_id=Ctrader bar_count=10 symbols=["AUDCAD","AUDCHF","AUDJPY","AUDNZD","AUDUSD","BTCUSD","CADJPY"]
[2026-05-25T04:46:55.007Z] INFO BAR_PUSH object_type=ea object_id=10869460 source_id=Ctrader bar_count=10 symbols=["ADAUSD","DE40","ETHUSD","EURAUD"]
[2026-05-25T04:47:29.023Z] INFO BAR_PUSH object_type=ea object_id=10869460 source_id=Ctrader bar_count=10 symbols=["ADAUSD","AUDCAD","AUDCHF","AUDJPY","AUDNZD","AUDUSD","BTCUSD","CADJPY","ETHUSD","EURAUD"]
[2026-05-25T04:48:01.007Z] INFO BAR_PUSH object_type=ea object_id=10869460 source_id=Ctrader bar_count=10 symbols=["AUDNZD","BTCUSD","DE40","ETHUSD","EURAUD","EURCAD","EURGBP"]
[2026-05-25T04:48:34.995Z] INFO BAR_PUSH object_type=ea object_id=10869460 source_id=Ctrader bar_count=10 symbols=["AUDCAD","AUDCHF","AUDJPY","AUDUSD","CADJPY","EURGBP","EURJPY"]
[2026-05-25T04:49:09.021Z] INFO BAR_PUSH object_type=ea object_id=10869460 source_id=Ctrader bar_count=10 symbols=["ADAUSD","AUDCAD","AUDCHF","AUDJPY","AUDNZD","AUDUSD","BTCUSD","CADJPY","DE40","ETHUSD"]
[2026-05-25T04:49:41.006Z] INFO BAR_PUSH object_type=ea object_id=10869460 source_id=Ctrader bar_count=10 symbols=["EURAUD","EURCAD","EURGBP","EURJPY","EURSGD","EURUSD"]
[2026-05-25T04:50:12.988Z] INFO BAR_PUSH object_type=ea object_id=10869460 source_id=Ctrader bar_count=10 symbols=["ADAUSD","AUDCAD","AUDCHF","AUDJPY","AUDNZD"]
[2026-05-25T04:50:45.002Z] INFO BAR_PUSH object_type=ea object_id=10869460 source_id=Ctrader bar_count=10 symbols=["AUDUSD","BTCUSD","CADJPY","DE40","ETHUSD"]
[2026-05-25T04:51:17.010Z] INFO BAR_PUSH object_type=ea object_id=10869460 source_id=Ctrader bar_count=10 symbols=["ADAUSD","AUDCAD","AUDCHF","AUDJPY","AUDNZD","AUDUSD","BTCUSD","CADJPY","DE40","ETHUSD"]
[2026-05-25T04:51:49.005Z] INFO BAR_PUSH object_type=ea object_id=10869460 source_id=Ctrader bar_count=10 symbols=["EURAUD","EURCAD","EURGBP","EURJPY","EURSGD"]
[2026-05-25T04:52:21.011Z] INFO BAR_PUSH object_type=ea object_id=10869460 source_id=Ctrader bar_count=10 symbols=["ADAUSD","AUDCAD","AUDCHF","AUDJPY","AUDNZD","AUDUSD","BTCUSD","CADJPY","DE40","ETHUSD"]
[2026-05-25T04:52:55.015Z] INFO BAR_PUSH object_type=ea object_id=10869460 source_id=Ctrader bar_count=10 symbols=["EURAUD","EURCAD","EURGBP","EURJPY","EURSGD","EURUSD","GBPAUD"]
[2026-05-25T04:53:27.004Z] INFO BAR_PUSH object_type=ea object_id=10869460 source_id=Ctrader bar_count=10 symbols=["ADAUSD","AUDCAD","AUDCHF","AUDJPY","AUDNZD","AUDUSD","BTCUSD","CADJPY","DE40","ETHUSD"]
[2026-05-25T04:53:59.008Z] INFO BAR_PUSH object_type=ea object_id=10869460 source_id=Ctrader bar_count=10 symbols=["EURAUD","EURCAD","EURGBP","EURJPY","EURSGD","EURUSD","GBPAUD","GBPCAD"]
[2026-05-25T04:54:33.019Z] INFO BAR_PUSH object_type=ea object_id=10869460 source_id=Ctrader bar_count=10 symbols=["AUDCAD","AUDCHF","AUDJPY","AUDNZD","AUDUSD","BTCUSD","CADJPY","DE40","ETHUSD","EURAUD"]
[2026-05-25T04:55:07.005Z] INFO BAR_PUSH object_type=ea object_id=10869460 source_id=Ctrader bar_count=10 symbols=["AUDCAD","AUDCHF","AUDJPY","AUDNZD","AUDUSD"]
[2026-05-25T04:55:41.007Z] INFO BAR_PUSH object_type=ea object_id=10869460 source_id=Ctrader bar_count=10 symbols=["BTCUSD","CADJPY","DE40","ETHUSD","EURAUD"]
[2026-05-25T04:56:13.008Z] INFO BAR_PUSH object_type=ea object_id=10869460 source_id=Ctrader bar_count=10 symbols=["ADAUSD","AUDCAD","AUDCHF","AUDJPY","AUDNZD","AUDUSD","BTCUSD","CADJPY","DE40"]
[2026-05-25T04:56:45.010Z] INFO BAR_PUSH object_type=ea object_id=10869460 source_id=Ctrader bar_count=10 symbols=["ETHUSD","EURAUD","EURCAD","EURGBP","EURJPY","EURSGD"]
[2026-05-25T04:57:17.002Z] INFO BAR_PUSH object_type=ea object_id=10869460 source_id=Ctrader bar_count=10 symbols=["AUDCAD","AUDCHF","AUDJPY","AUDNZD","AUDUSD","BTCUSD","CADJPY","DE40","ETHUSD","EURAUD"]
[2026-05-25T04:57:49.026Z] INFO BAR_PUSH object_type=ea object_id=10869460 source_id=Ctrader bar_count=10 symbols=["ADAUSD","EURCAD","EURGBP","EURJPY","EURSGD","EURUSD","GBPAUD","GBPCAD"]
[2026-05-25T04:58:21.006Z] INFO BAR_PUSH object_type=ea object_id=10869460 source_id=Ctrader bar_count=10 symbols=["ADAUSD","AUDCAD","AUDCHF","AUDJPY","AUDNZD","AUDUSD","BTCUSD","CADJPY","DE40","ETHUSD"]
[2026-05-25T04:58:53.016Z] INFO BAR_PUSH object_type=ea object_id=10869460 source_id=Ctrader bar_count=10 symbols=["EURAUD","EURCAD","EURGBP","EURJPY","EURSGD","EURUSD","GBPAUD","GBPCAD","GBPJPY"]
[2026-05-25T04:59:25.012Z] INFO BAR_PUSH object_type=ea object_id=10869460 source_id=Ctrader bar_count=10 symbols=["AUDCAD","AUDCHF","AUDJPY","AUDNZD","AUDUSD","BTCUSD","CADJPY","DE40","ETHUSD","EURAUD"]
[2026-05-25T04:59:57.013Z] INFO BAR_PUSH object_type=ea object_id=10869460 source_id=Ctrader bar_count=10 symbols=["EURCAD","EURGBP","EURJPY","EURSGD","EURUSD","GBPAUD","GBPCAD","GBPJPY"]
[2026-05-25T05:00:28.994Z] INFO BAR_PUSH object_type=ea object_id=10869460 source_id=Ctrader bar_count=10 symbols=["AUDCAD","AUDCHF"]
[2026-05-25T05:01:02.993Z] INFO BAR_PUSH object_type=ea object_id=10869460 source_id=Ctrader bar_count=10 symbols=["AUDCAD","AUDCHF","AUDJPY","AUDNZD"]
[2026-05-25T05:01:35.007Z] INFO BAR_PUSH object_type=ea object_id=10869460 source_id=Ctrader bar_count=10 symbols=["ADAUSD","AUDNZD","AUDUSD"]
[2026-05-25T05:02:07.010Z] INFO BAR_PUSH object_type=ea object_id=10869460 source_id=Ctrader bar_count=10 symbols=["AUDCAD","AUDCHF","AUDJPY","AUDNZD","AUDUSD","BTCUSD"]
[2026-05-25T05:02:41.010Z] INFO BAR_PUSH object_type=ea object_id=10869460 source_id=Ctrader bar_count=10 symbols=["ADAUSD","BTCUSD","CADJPY","DE40"]
[2026-05-25T05:03:12.995Z] INFO BAR_PUSH object_type=ea object_id=10869460 source_id=Ctrader bar_count=10 symbols=["AUDCAD","AUDCHF","AUDJPY","AUDNZD","AUDUSD","BTCUSD","CADJPY","DE40"]
[2026-05-25T05:03:47.010Z] INFO BAR_PUSH object_type=ea object_id=10869460 source_id=Ctrader bar_count=10 symbols=["ADAUSD","DE40","ETHUSD","EURAUD"]
[2026-05-25T05:04:19.022Z] INFO BAR_PUSH object_type=ea object_id=10869460 source_id=Ctrader bar_count=10 symbols=["ADAUSD","AUDCAD","AUDCHF","AUDJPY","AUDNZD","AUDUSD","BTCUSD","CADJPY","DE40","ETHUSD"]
[2026-05-25T05:04:51.014Z] INFO BAR_PUSH object_type=ea object_id=10869460 source_id=Ctrader bar_count=10 symbols=["EURAUD","EURCAD","EURGBP"]
[2026-05-25T05:05:23.005Z] INFO BAR_PUSH object_type=ea object_id=10869460 source_id=Ctrader bar_count=10 symbols=["AUDCAD","AUDCHF","AUDJPY","AUDNZD","AUDUSD"]
[2026-05-25T05:05:55.014Z] INFO BAR_PUSH object_type=ea object_id=10869460 source_id=Ctrader bar_count=10 symbols=["ADAUSD","BTCUSD","CADJPY","DE40","ETHUSD"]
[2026-05-25T05:06:27.054Z] INFO BAR_PUSH object_type=ea object_id=10869460 source_id=Ctrader bar_count=10 symbols=["ADAUSD","AUDCAD","AUDCHF","AUDJPY","AUDNZD","AUDUSD","BTCUSD","CADJPY","DE40","ETHUSD"]
[2026-05-25T05:07:01.013Z] INFO BAR_PUSH object_type=ea object_id=10869460 source_id=Ctrader bar_count=10 symbols=["EURAUD","EURCAD","EURGBP","EURJPY"]
[2026-05-25T05:07:33.012Z] INFO BAR_PUSH object_type=ea object_id=10869460 source_id=Ctrader bar_count=10 symbols=["AUDCAD","AUDCHF","AUDJPY","AUDNZD","AUDUSD","BTCUSD","CADJPY","DE40","ETHUSD","EURJPY"]
[2026-05-25T05:08:05.063Z] INFO BAR_PUSH object_type=ea object_id=10869460 source_id=Ctrader bar_count=10 symbols=["ADAUSD","AUDCAD","AUDCHF","AUDJPY","AUDNZD","AUDUSD","BTCUSD","CADJPY","ETHUSD","EURAUD"]
[2026-05-25T05:08:37.002Z] INFO BAR_PUSH object_type=ea object_id=10869460 source_id=Ctrader bar_count=10 symbols=["DE40","EURCAD","EURGBP","EURJPY","EURSGD"]
[2026-05-25T05:09:11.008Z] INFO BAR_PUSH object_type=ea object_id=10869460 source_id=Ctrader bar_count=10 symbols=["AUDCAD","AUDCHF","AUDJPY","AUDNZD","AUDUSD","BTCUSD","CADJPY","DE40","ETHUSD","EURAUD"]
[2026-05-25T05:09:43.005Z] INFO BAR_PUSH object_type=ea object_id=10869460 source_id=Ctrader bar_count=10 symbols=["ADAUSD","EURCAD","EURGBP","EURJPY","EURSGD","EURUSD"]
[2026-05-25T05:10:15.002Z] INFO BAR_PUSH object_type=ea object_id=10869460 source_id=Ctrader bar_count=10 symbols=["AUDCAD","AUDCHF","AUDJPY","AUDNZD","AUDUSD"]
[2026-05-25T05:10:49.004Z] INFO BAR_PUSH object_type=ea object_id=10869460 source_id=Ctrader bar_count=10 symbols=["BTCUSD","CADJPY","DE40","ETHUSD","EURAUD"]
[2026-05-25T05:11:23.014Z] INFO BAR_PUSH object_type=ea object_id=10869460 source_id=Ctrader bar_count=10 symbols=["ADAUSD","AUDCAD","AUDCHF","AUDJPY","AUDNZD","AUDUSD","BTCUSD","CADJPY","DE40"]
[2026-05-25T05:12:04.464Z] INFO BAR_PUSH object_type=ea object_id=10869460 source_id=Ctrader bar_count=10 symbols=["AUDCAD","AUDCHF","AUDJPY","AUDNZD","AUDUSD","BTCUSD","CADJPY","ETHUSD","EURAUD","EURCAD"]
[2026-05-25T05:12:35.006Z] INFO BAR_PUSH object_type=ea object_id=10869460 source_id=Ctrader bar_count=10 symbols=["ADAUSD","DE40","EURCAD","EURGBP","EURJPY","EURSGD"]
[2026-05-25T05:13:07.019Z] INFO BAR_PUSH object_type=ea object_id=10869460 source_id=Ctrader bar_count=10 symbols=["AUDCAD","AUDCHF","AUDJPY","AUDNZD","AUDUSD","BTCUSD","CADJPY","ETHUSD","EURAUD","EURCAD"]
[2026-05-25T05:13:38.997Z] INFO BAR_PUSH object_type=ea object_id=10869460 source_id=Ctrader bar_count=10 symbols=["DE40","EURGBP","EURJPY","EURSGD","EURUSD","GBPAUD"]
[2026-05-25T05:14:11.003Z] INFO BAR_PUSH object_type=ea object_id=10869460 source_id=Ctrader bar_count=10 symbols=["AUDCAD","AUDCHF","AUDJPY","AUDNZD","AUDUSD","BTCUSD","CADJPY","ETHUSD","EURAUD","EURCAD"]
[2026-05-25T05:14:43.004Z] INFO BAR_PUSH object_type=ea object_id=10869460 source_id=Ctrader bar_count=10 symbols=["ADAUSD","EURGBP","EURJPY","EURSGD","EURUSD","GBPAUD"]
[2026-05-25T05:15:16.994Z] INFO BAR_PUSH object_type=ea object_id=10869460 source_id=Ctrader bar_count=10 symbols=["AUDCAD","AUDCHF","AUDJPY","AUDNZD"]
[2026-05-25T05:15:49.007Z] INFO BAR_PUSH object_type=ea object_id=10869460 source_id=Ctrader bar_count=10 symbols=["AUDNZD","AUDUSD","BTCUSD","CADJPY"]
[2026-05-25T05:16:21.008Z] INFO BAR_PUSH object_type=ea object_id=10869460 source_id=Ctrader bar_count=10 symbols=["ADAUSD","AUDCAD","AUDCHF","AUDJPY","AUDNZD","AUDUSD","BTCUSD","CADJPY"]
[2026-05-25T05:16:53.003Z] INFO BAR_PUSH object_type=ea object_id=10869460 source_id=Ctrader bar_count=10 symbols=["CADJPY","DE40","ETHUSD","EURAUD"]
[2026-05-25T05:17:25.002Z] INFO BAR_PUSH object_type=ea object_id=10869460 source_id=Ctrader bar_count=10 symbols=["ADAUSD","AUDCAD","AUDCHF","AUDJPY","AUDNZD","AUDUSD","BTCUSD","CADJPY","DE40","ETHUSD"]
[2026-05-25T05:17:59.011Z] INFO BAR_PUSH object_type=ea object_id=10869460 source_id=Ctrader bar_count=10 symbols=["EURAUD","EURCAD","EURGBP","EURJPY"]
[2026-05-25T05:18:30.996Z] INFO BAR_PUSH object_type=ea object_id=10869460 source_id=Ctrader bar_count=10 symbols=["AUDCAD","AUDCHF","AUDJPY","AUDNZD","AUDUSD","BTCUSD","CADJPY","DE40","ETHUSD","EURAUD"]
[2026-05-25T05:19:03.010Z] INFO BAR_PUSH object_type=ea object_id=10869460 source_id=Ctrader bar_count=10 symbols=["ADAUSD","AUDCAD","AUDCHF","AUDJPY","AUDNZD","AUDUSD","BTCUSD","CADJPY","DE40","ETHUSD"]
[2026-05-25T05:19:35.004Z] INFO BAR_PUSH object_type=ea object_id=10869460 source_id=Ctrader bar_count=10 symbols=["EURAUD","EURCAD","EURGBP","EURJPY","EURSGD","EURUSD"]
[2026-05-25T05:20:06.997Z] INFO BAR_PUSH object_type=ea object_id=10869460 source_id=Ctrader bar_count=10 symbols=["AUDCAD","AUDCHF","AUDJPY","AUDNZD","AUDUSD"]
[2026-05-25T05:20:39.002Z] INFO BAR_PUSH object_type=ea object_id=10869460 source_id=Ctrader bar_count=10 symbols=["ADAUSD","BTCUSD","CADJPY","DE40","ETHUSD"]
[2026-05-25T05:21:11.003Z] INFO BAR_PUSH object_type=ea object_id=10869460 source_id=Ctrader bar_count=10 symbols=["ADAUSD","AUDCAD","AUDCHF","AUDJPY","AUDNZD","AUDUSD","BTCUSD","CADJPY","DE40","ETHUSD"]
[2026-05-25T05:21:43.004Z] INFO BAR_PUSH object_type=ea object_id=10869460 source_id=Ctrader bar_count=10 symbols=["EURAUD","EURCAD","EURGBP","EURJPY","EURSGD"]
[2026-05-25T05:22:15.007Z] INFO BAR_PUSH object_type=ea object_id=10869460 source_id=Ctrader bar_count=10 symbols=["ADAUSD","AUDCAD","AUDCHF","AUDJPY","AUDNZD","AUDUSD","BTCUSD","CADJPY","DE40","ETHUSD"]
[2026-05-25T05:22:47.000Z] INFO BAR_PUSH object_type=ea object_id=10869460 source_id=Ctrader bar_count=10 symbols=["EURAUD","EURCAD","EURGBP","EURJPY","EURSGD","EURUSD","GBPAUD"]
[2026-05-25T05:23:19.007Z] INFO BAR_PUSH object_type=ea object_id=10869460 source_id=Ctrader bar_count=10 symbols=["AUDCAD","AUDCHF","AUDJPY","AUDNZD","AUDUSD","BTCUSD","CADJPY","DE40","ETHUSD","EURAUD"]
[2026-05-25T05:23:53.000Z] INFO BAR_PUSH object_type=ea object_id=10869460 source_id=Ctrader bar_count=10 symbols=["ADAUSD","EURCAD","EURGBP","EURJPY","EURSGD","EURUSD","GBPAUD","GBPCAD"]
[2026-05-25T05:24:25.005Z] INFO BAR_PUSH object_type=ea object_id=10869460 source_id=Ctrader bar_count=10 symbols=["ADAUSD","AUDCAD","AUDCHF","AUDJPY","AUDNZD","AUDUSD","BTCUSD","CADJPY","DE40","ETHUSD"]
[2026-05-25T05:24:58.999Z] INFO BAR_PUSH object_type=ea object_id=10869460 source_id=Ctrader bar_count=10 symbols=["EURAUD","EURCAD","EURGBP","EURJPY","EURSGD","EURUSD","GBPAUD","GBPCAD"]
[2026-05-25T05:25:31.000Z] INFO BAR_PUSH object_type=ea object_id=10869460 source_id=Ctrader bar_count=10 symbols=["ADAUSD","AUDCAD","AUDCHF","AUDJPY","AUDNZD"]
[2026-05-25T05:26:02.997Z] INFO BAR_PUSH object_type=ea object_id=10869460 source_id=Ctrader bar_count=10 symbols=["AUDCAD","AUDCHF","AUDJPY","AUDNZD","AUDUSD","BTCUSD","CADJPY"]
[2026-05-25T05:26:35.004Z] INFO BAR_PUSH object_type=ea object_id=10869460 source_id=Ctrader bar_count=10 symbols=["DE40","ETHUSD","EURAUD","EURCAD","EURGBP"]
[2026-05-25T05:27:07.005Z] INFO BAR_PUSH object_type=ea object_id=10869460 source_id=Ctrader bar_count=10 symbols=["AUDCAD","AUDJPY","AUDNZD","AUDUSD","BTCUSD","CADJPY","ETHUSD","EURAUD","EURCAD","EURGBP"]
[2026-05-25T05:27:40.997Z] INFO BAR_PUSH object_type=ea object_id=10869460 source_id=Ctrader bar_count=10 symbols=["AUDCHF","DE40","EURJPY","EURSGD","EURUSD","GBPAUD"]
[2026-05-25T05:28:13.005Z] INFO BAR_PUSH object_type=ea object_id=10869460 source_id=Ctrader bar_count=10 symbols=["ADAUSD","AUDCAD","AUDCHF","AUDJPY","AUDNZD","AUDUSD","BTCUSD","CADJPY","DE40","ETHUSD"]
[2026-05-25T05:28:45.008Z] INFO BAR_PUSH object_type=ea object_id=10869460 source_id=Ctrader bar_count=10 symbols=["EURAUD","EURCAD","EURGBP","EURJPY","EURSGD","EURUSD","GBPAUD","GBPCAD","GBPJPY"]
[2026-05-25T05:29:17.039Z] INFO BAR_PUSH object_type=ea object_id=10869460 source_id=Ctrader bar_count=10 symbols=["AUDCAD","AUDCHF","AUDJPY","AUDNZD","AUDUSD","BTCUSD","CADJPY","DE40","ETHUSD","EURAUD"]
[2026-05-25T05:29:50.998Z] INFO BAR_PUSH object_type=ea object_id=10869460 source_id=Ctrader bar_count=10 symbols=["ADAUSD","EURCAD","EURGBP","EURJPY","EURSGD","EURUSD","GBPAUD","GBPCAD","GBPJPY"]
[2026-05-25T05:30:22.985Z] INFO BAR_PUSH object_type=ea object_id=10869460 source_id=Ctrader bar_count=10 symbols=["ADAUSD","AUDCAD","AUDCHF","AUDJPY"]
[2026-05-25T05:30:56.992Z] INFO BAR_PUSH object_type=ea object_id=10869460 source_id=Ctrader bar_count=10 symbols=["AUDJPY","AUDNZD","AUDUSD","BTCUSD"]
[2026-05-25T05:31:31.003Z] INFO BAR_PUSH object_type=ea object_id=10869460 source_id=Ctrader bar_count=10 symbols=["ADAUSD","AUDCAD","AUDCHF","AUDJPY","AUDNZD","AUDUSD","BTCUSD","CADJPY"]
[2026-05-25T05:32:04.987Z] INFO BAR_PUSH object_type=ea object_id=10869460 source_id=Ctrader bar_count=10 symbols=["AUDCAD","AUDCHF","AUDJPY","AUDNZD","AUDUSD","BTCUSD","CADJPY","DE40"]
[2026-05-25T05:32:37.005Z] INFO BAR_PUSH object_type=ea object_id=10869460 source_id=Ctrader bar_count=10 symbols=["ADAUSD","DE40","ETHUSD","EURAUD","EURCAD"]
[2026-05-25T05:33:08.998Z] INFO BAR_PUSH object_type=ea object_id=10869460 source_id=Ctrader bar_count=10 symbols=["AUDCAD","AUDCHF","AUDJPY","AUDNZD","AUDUSD","BTCUSD","CADJPY","DE40","ETHUSD","EURAUD"]
[2026-05-25T05:33:41.002Z] INFO BAR_PUSH object_type=ea object_id=10869460 source_id=Ctrader bar_count=10 symbols=["ADAUSD","EURCAD","EURGBP","EURJPY","EURSGD"]
[2026-05-25T05:34:14.995Z] INFO BAR_PUSH object_type=ea object_id=10869460 source_id=Ctrader bar_count=10 symbols=["AUDCAD","AUDCHF","AUDJPY","AUDNZD","AUDUSD","BTCUSD","CADJPY","DE40","ETHUSD","EURAUD"]
[2026-05-25T05:34:47.004Z] INFO BAR_PUSH object_type=ea object_id=10869460 source_id=Ctrader bar_count=10 symbols=["ADAUSD","EURCAD","EURGBP","EURJPY","EURSGD","EURUSD"]
[2026-05-25T05:35:18.998Z] INFO BAR_PUSH object_type=ea object_id=10869460 source_id=Ctrader bar_count=10 symbols=["AUDCAD","AUDCHF","AUDJPY","AUDNZD","AUDUSD"]
[2026-05-25T05:35:53.005Z] INFO BAR_PUSH object_type=ea object_id=10869460 source_id=Ctrader bar_count=10 symbols=["ADAUSD","BTCUSD","CADJPY","DE40","ETHUSD"]
[2026-05-25T05:36:26.994Z] INFO BAR_PUSH object_type=ea object_id=10869460 source_id=Ctrader bar_count=10 symbols=["ADAUSD","AUDCAD","AUDCHF","AUDJPY","AUDNZD","AUDUSD","BTCUSD","CADJPY","DE40","ETHUSD"]
[2026-05-25T05:36:59.007Z] INFO BAR_PUSH object_type=ea object_id=10869460 source_id=Ctrader bar_count=10 symbols=["EURAUD","EURCAD","EURGBP","EURJPY","EURSGD"]
[2026-05-25T05:37:31.010Z] INFO BAR_PUSH object_type=ea object_id=10869460 source_id=Ctrader bar_count=10 symbols=["ADAUSD","AUDCAD","AUDCHF","AUDJPY","AUDNZD","AUDUSD","BTCUSD","CADJPY","DE40","ETHUSD"]
[2026-05-25T05:38:05.020Z] INFO BAR_PUSH object_type=ea object_id=10869460 source_id=Ctrader bar_count=10 symbols=["ADAUSD","AUDCAD","AUDCHF","AUDJPY","AUDNZD","AUDUSD","BTCUSD","CADJPY","DE40","ETHUSD"]
[2026-05-25T05:38:36.996Z] INFO BAR_PUSH object_type=ea object_id=10869460 source_id=Ctrader bar_count=10 symbols=["EURAUD","EURCAD","EURGBP","EURJPY","EURSGD","EURUSD","GBPAUD"]
[2026-05-25T05:39:10.998Z] INFO BAR_PUSH object_type=ea object_id=10869460 source_id=Ctrader bar_count=10 symbols=["ADAUSD","AUDCAD","AUDCHF","AUDJPY","AUDNZD","AUDUSD","BTCUSD","CADJPY","DE40","ETHUSD"]
[2026-05-25T05:39:43.003Z] INFO BAR_PUSH object_type=ea object_id=10869460 source_id=Ctrader bar_count=10 symbols=["EURAUD","EURCAD","EURGBP","EURJPY","EURSGD","EURUSD","GBPAUD","GBPCAD"]
[2026-05-25T05:40:14.996Z] INFO BAR_PUSH object_type=ea object_id=10869460 source_id=Ctrader bar_count=10 symbols=["ADAUSD","AUDCAD","AUDCHF","AUDJPY","AUDNZD"]
[2026-05-25T05:40:46.996Z] INFO BAR_PUSH object_type=ea object_id=10869460 source_id=Ctrader bar_count=10 symbols=["AUDUSD","BTCUSD","CADJPY","DE40","ETHUSD"]
[2026-05-25T05:41:19.015Z] INFO BAR_PUSH object_type=ea object_id=10869460 source_id=Ctrader bar_count=10 symbols=["AUDCAD","AUDCHF","AUDJPY","AUDNZD","AUDUSD","BTCUSD","CADJPY","DE40","ETHUSD","EURAUD"]
[2026-05-25T05:41:53.015Z] INFO BAR_PUSH object_type=ea object_id=10869460 source_id=Ctrader bar_count=10 symbols=["EURAUD","EURCAD","EURGBP","EURJPY","EURSGD","EURUSD"]
[2026-05-25T05:42:25.007Z] INFO BAR_PUSH object_type=ea object_id=10869460 source_id=Ctrader bar_count=10 symbols=["ADAUSD","AUDCAD","AUDCHF","AUDJPY","AUDNZD","AUDUSD","BTCUSD","CADJPY","DE40","ETHUSD"]
[2026-05-25T05:42:57.002Z] INFO BAR_PUSH object_type=ea object_id=10869460 source_id=Ctrader bar_count=10 symbols=["EURAUD","EURCAD","EURGBP","EURJPY","EURSGD","EURUSD","GBPAUD","GBPCAD"]
[2026-05-25T05:43:28.998Z] INFO BAR_PUSH object_type=ea object_id=10869460 source_id=Ctrader bar_count=10 symbols=["ADAUSD","AUDCAD","AUDCHF","AUDJPY","AUDNZD","AUDUSD","BTCUSD","CADJPY","DE40","ETHUSD"]
[2026-05-25T05:44:00.996Z] INFO BAR_PUSH object_type=ea object_id=10869460 source_id=Ctrader bar_count=10 symbols=["AUDCAD","AUDUSD","BTCUSD","ETHUSD","EURAUD","EURCAD","EURGBP","EURJPY","EURSGD","EURUSD"]
[2026-05-25T05:44:32.997Z] INFO BAR_PUSH object_type=ea object_id=10869460 source_id=Ctrader bar_count=10 symbols=["ADAUSD","AUDCHF","AUDJPY","AUDNZD","CADJPY","DE40","EURAUD","EURCAD","EURGBP","EURJPY"]
[2026-05-25T05:45:04.985Z] INFO BAR_PUSH object_type=ea object_id=10869460 source_id=Ctrader bar_count=10 symbols=["AUDCAD","AUDCHF","AUDJPY","AUDNZD"]
[2026-05-25T05:45:36.994Z] INFO BAR_PUSH object_type=ea object_id=10869460 source_id=Ctrader bar_count=10 symbols=["ADAUSD","AUDNZD","AUDUSD","BTCUSD"]
[2026-05-25T05:46:10.988Z] INFO BAR_PUSH object_type=ea object_id=10869460 source_id=Ctrader bar_count=10 symbols=["ADAUSD","AUDCAD","AUDCHF","AUDJPY","AUDNZD","BTCUSD","CADJPY"]
[2026-05-25T05:46:43.005Z] INFO BAR_PUSH object_type=ea object_id=10869460 source_id=Ctrader bar_count=10 symbols=["AUDUSD","DE40","ETHUSD","EURAUD"]
[2026-05-25T05:47:15.000Z] INFO BAR_PUSH object_type=ea object_id=10869460 source_id=Ctrader bar_count=10 symbols=["AUDCAD","AUDCHF","AUDJPY","AUDNZD","AUDUSD","BTCUSD","CADJPY","DE40","ETHUSD","EURAUD"]
[2026-05-25T05:47:46.996Z] INFO BAR_PUSH object_type=ea object_id=10869460 source_id=Ctrader bar_count=10 symbols=["ADAUSD","EURCAD","EURGBP","EURJPY"]
[2026-05-25T05:48:19.002Z] INFO BAR_PUSH object_type=ea object_id=10869460 source_id=Ctrader bar_count=10 symbols=["AUDCAD","AUDCHF","AUDJPY","AUDNZD","AUDUSD","BTCUSD","CADJPY","DE40","ETHUSD","EURAUD"]
[2026-05-25T05:48:50.992Z] INFO BAR_PUSH object_type=ea object_id=10869460 source_id=Ctrader bar_count=10 symbols=["EURCAD","EURGBP","EURJPY","EURSGD","EURUSD","GBPAUD"]
[2026-05-25T05:49:23.010Z] INFO BAR_PUSH object_type=ea object_id=10869460 source_id=Ctrader bar_count=10 symbols=["AUDCAD","AUDCHF","AUDJPY","AUDNZD","AUDUSD","BTCUSD","CADJPY","DE40","ETHUSD","EURAUD"]
[2026-05-25T05:49:54.989Z] INFO BAR_PUSH object_type=ea object_id=10869460 source_id=Ctrader bar_count=10 symbols=["EURCAD","EURGBP","EURJPY","EURSGD","EURUSD","GBPAUD","GBPCAD"]
[2026-05-25T05:50:26.994Z] INFO BAR_PUSH object_type=ea object_id=10869460 source_id=Ctrader bar_count=10 symbols=["ADAUSD","AUDCAD","AUDCHF","AUDJPY","AUDNZD"]
[2026-05-25T05:50:58.991Z] INFO BAR_PUSH object_type=ea object_id=10869460 source_id=Ctrader bar_count=10 symbols=["AUDUSD","BTCUSD","CADJPY","DE40","ETHUSD"]
[2026-05-25T05:51:33.011Z] INFO BAR_PUSH object_type=ea object_id=10869460 source_id=Ctrader bar_count=10 symbols=["AUDCAD","AUDCHF","AUDJPY","AUDNZD","AUDUSD","BTCUSD","CADJPY","DE40","ETHUSD","EURAUD"]
[2026-05-25T05:52:05.004Z] INFO BAR_PUSH object_type=ea object_id=10869460 source_id=Ctrader bar_count=10 symbols=["AUDCAD","AUDCHF","AUDJPY","AUDNZD","AUDUSD","BTCUSD","CADJPY","ETHUSD","EURAUD"]
[2026-05-25T05:52:36.995Z] INFO BAR_PUSH object_type=ea object_id=10869460 source_id=Ctrader bar_count=10 symbols=["ADAUSD","DE40","EURCAD","EURGBP","EURJPY","EURSGD"]
[2026-05-25T05:53:08.995Z] INFO BAR_PUSH object_type=ea object_id=10869460 source_id=Ctrader bar_count=10 symbols=["AUDCAD","AUDCHF","AUDJPY","AUDNZD","AUDUSD","BTCUSD","CADJPY","DE40","ETHUSD","EURAUD"]
[2026-05-25T05:53:40.988Z] INFO BAR_PUSH object_type=ea object_id=10869460 source_id=Ctrader bar_count=10 symbols=["EURCAD","EURGBP","EURJPY","EURSGD","EURUSD","GBPAUD","GBPCAD"]
[2026-05-25T05:54:12.996Z] INFO BAR_PUSH object_type=ea object_id=10869460 source_id=Ctrader bar_count=10 symbols=["AUDCAD","AUDCHF","AUDJPY","AUDNZD","AUDUSD","BTCUSD","CADJPY","DE40","ETHUSD","EURAUD"]
[2026-05-25T05:54:46.998Z] INFO BAR_PUSH object_type=ea object_id=10869460 source_id=Ctrader bar_count=10 symbols=["EURCAD","EURGBP","EURJPY","EURSGD","EURUSD","GBPAUD","GBPCAD","GBPJPY"]
[2026-05-25T05:55:20.994Z] INFO BAR_PUSH object_type=ea object_id=10869460 source_id=Ctrader bar_count=10 symbols=["ADAUSD","AUDCAD","AUDCHF","AUDJPY","AUDNZD"]
[2026-05-25T05:55:54.998Z] INFO BAR_PUSH object_type=ea object_id=10869460 source_id=Ctrader bar_count=10 symbols=["AUDUSD","BTCUSD","CADJPY","DE40","ETHUSD"]
[2026-05-25T05:56:26.987Z] INFO BAR_PUSH object_type=ea object_id=10869460 source_id=Ctrader bar_count=10 symbols=["ADAUSD","AUDCAD","AUDCHF","AUDJPY","AUDNZD","AUDUSD","BTCUSD","CADJPY","ETHUSD","EURAUD"]
[2026-05-25T05:57:00.992Z] INFO BAR_PUSH object_type=ea object_id=10869460 source_id=Ctrader bar_count=10 symbols=["AUDCAD","AUDJPY","AUDNZD","AUDUSD","BTCUSD","CADJPY","DE40","ETHUSD","EURAUD"]
[2026-05-25T05:57:35.010Z] INFO BAR_PUSH object_type=ea object_id=10869460 source_id=Ctrader bar_count=10 symbols=["ADAUSD","AUDCHF","EURCAD","EURGBP","EURJPY","EURSGD"]
[2026-05-25T05:58:07.005Z] INFO BAR_PUSH object_type=ea object_id=10869460 source_id=Ctrader bar_count=10 symbols=["ADAUSD","AUDCAD","AUDCHF","AUDJPY","AUDNZD","AUDUSD","BTCUSD","CADJPY","DE40","ETHUSD"]
[2026-05-25T05:58:38.995Z] INFO BAR_PUSH object_type=ea object_id=10869460 source_id=Ctrader bar_count=10 symbols=["EURAUD","EURCAD","EURGBP","EURJPY","EURSGD","EURUSD","GBPAUD","GBPCAD"]
[2026-05-25T05:59:10.990Z] INFO BAR_PUSH object_type=ea object_id=10869460 source_id=Ctrader bar_count=10 symbols=["AUDCAD","AUDCHF","AUDJPY","AUDNZD","AUDUSD","BTCUSD","CADJPY","ETHUSD","EURAUD","EURCAD"]
[2026-05-25T05:59:42.991Z] INFO BAR_PUSH object_type=ea object_id=10869460 source_id=Ctrader bar_count=10 symbols=["DE40","EURGBP","EURJPY","EURSGD","EURUSD","GBPAUD","GBPCAD","GBPJPY"]
[2026-05-25T06:00:16.992Z] INFO BAR_PUSH object_type=ea object_id=10869460 source_id=Ctrader bar_count=10 symbols=["ADAUSD","AUDCAD","AUDCHF"]
[2026-05-25T06:00:48.979Z] INFO BAR_PUSH object_type=ea object_id=10869460 source_id=Ctrader bar_count=10 symbols=["AUDCHF","AUDJPY","AUDNZD"]
[2026-05-25T06:01:21.045Z] INFO BAR_PUSH object_type=ea object_id=10869460 source_id=Ctrader bar_count=10 symbols=["AUDCAD","AUDCHF","AUDJPY","AUDNZD","AUDUSD","BTCUSD"]
[2026-05-25T06:01:52.979Z] INFO BAR_PUSH object_type=ea object_id=10869460 source_id=Ctrader bar_count=10 symbols=["BTCUSD","CADJPY","DE40"]
[2026-05-25T06:02:25.005Z] INFO BAR_PUSH object_type=ea object_id=10869460 source_id=Ctrader bar_count=10 symbols=["ADAUSD","AUDCAD","AUDCHF","AUDJPY","AUDNZD","AUDUSD","BTCUSD","CADJPY","DE40","ETHUSD"]
[2026-05-25T06:02:56.997Z] INFO BAR_PUSH object_type=ea object_id=10869460 source_id=Ctrader bar_count=10 symbols=["ETHUSD","EURAUD","EURCAD"]
[2026-05-25T06:03:28.994Z] INFO BAR_PUSH object_type=ea object_id=10869460 source_id=Ctrader bar_count=10 symbols=["AUDCAD","AUDCHF","AUDJPY","AUDNZD","AUDUSD","BTCUSD","CADJPY","DE40","ETHUSD","EURAUD"]
[2026-05-25T06:04:00.995Z] INFO BAR_PUSH object_type=ea object_id=10869460 source_id=Ctrader bar_count=10 symbols=["AUDCAD","AUDJPY","AUDUSD","BTCUSD","DE40","ETHUSD","EURAUD","EURCAD","EURGBP"]
[2026-05-25T06:04:32.996Z] INFO BAR_PUSH object_type=ea object_id=10869460 source_id=Ctrader bar_count=10 symbols=["AUDCHF","AUDNZD","CADJPY","EURCAD","EURGBP","EURJPY"]
[2026-05-25T06:05:06.991Z] INFO BAR_PUSH object_type=ea object_id=10869460 source_id=Ctrader bar_count=10 symbols=["AUDCAD","AUDCHF","AUDJPY","AUDNZD","AUDUSD"]
[2026-05-25T06:05:38.993Z] INFO BAR_PUSH object_type=ea object_id=10869460 source_id=Ctrader bar_count=10 symbols=["BTCUSD","CADJPY","DE40","ETHUSD","EURAUD"]
[2026-05-25T06:06:10.991Z] INFO BAR_PUSH object_type=ea object_id=10869460 source_id=Ctrader bar_count=10 symbols=["ADAUSD","AUDCAD","AUDCHF","AUDJPY","AUDNZD","AUDUSD","BTCUSD","CADJPY","DE40"]
[2026-05-25T06:06:42.995Z] INFO BAR_PUSH object_type=ea object_id=10869460 source_id=Ctrader bar_count=10 symbols=["ETHUSD","EURAUD","EURCAD","EURGBP","EURJPY"]
[2026-05-25T06:07:14.994Z] INFO BAR_PUSH object_type=ea object_id=10869460 source_id=Ctrader bar_count=10 symbols=["ADAUSD","AUDCAD","AUDCHF","AUDJPY","AUDNZD","AUDUSD","BTCUSD","CADJPY","DE40","ETHUSD"]
[2026-05-25T06:07:46.986Z] INFO BAR_PUSH object_type=ea object_id=10869460 source_id=Ctrader bar_count=10 symbols=["EURAUD","EURCAD","EURGBP","EURJPY","EURSGD","EURUSD"]
[2026-05-25T06:08:18.999Z] INFO BAR_PUSH object_type=ea object_id=10869460 source_id=Ctrader bar_count=10 symbols=["AUDCAD","AUDCHF","AUDJPY","AUDNZD","AUDUSD","BTCUSD","CADJPY","DE40","ETHUSD","EURAUD"]
[2026-05-25T06:08:50.993Z] INFO BAR_PUSH object_type=ea object_id=10869460 source_id=Ctrader bar_count=10 symbols=["ADAUSD","EURCAD","EURGBP","EURJPY","EURSGD","EURUSD","GBPAUD"]
[2026-05-25T06:09:23.000Z] INFO BAR_PUSH object_type=ea object_id=10869460 source_id=Ctrader bar_count=10 symbols=["ADAUSD","AUDCAD","AUDCHF","AUDJPY","AUDNZD","AUDUSD","BTCUSD","CADJPY","DE40","ETHUSD"]
[2026-05-25T06:09:56.992Z] INFO BAR_PUSH object_type=ea object_id=10869460 source_id=Ctrader bar_count=10 symbols=["EURAUD","EURCAD","EURGBP","EURJPY","EURSGD","EURUSD","GBPAUD","GBPCAD"]
[2026-05-25T06:10:28.987Z] INFO BAR_PUSH object_type=ea object_id=10869460 source_id=Ctrader bar_count=10 symbols=["ADAUSD","AUDCAD","AUDCHF","AUDJPY","AUDNZD"]
[2026-05-25T06:11:00.994Z] INFO BAR_PUSH object_type=ea object_id=10869460 source_id=Ctrader bar_count=10 symbols=["AUDJPY","AUDUSD","BTCUSD","CADJPY","DE40","ETHUSD"]
[2026-05-25T06:11:34.984Z] INFO BAR_PUSH object_type=ea object_id=10869460 source_id=Ctrader bar_count=10 symbols=["AUDCAD","AUDCHF","AUDNZD","AUDUSD","DE40","ETHUSD","EURAUD","EURCAD"]
[2026-05-25T06:12:06.983Z] INFO BAR_PUSH object_type=ea object_id=10869460 source_id=Ctrader bar_count=10 symbols=["ADAUSD","AUDCAD","AUDCHF","AUDJPY","AUDNZD","AUDUSD","BTCUSD","CADJPY","DE40","ETHUSD"]
[2026-05-25T06:12:38.991Z] INFO BAR_PUSH object_type=ea object_id=10869460 source_id=Ctrader bar_count=10 symbols=["ADAUSD","EURAUD","EURCAD","EURGBP","EURJPY","EURSGD","EURUSD"]
[2026-05-25T06:13:10.985Z] INFO BAR_PUSH object_type=ea object_id=10869460 source_id=Ctrader bar_count=10 symbols=["AUDCAD","AUDCHF","AUDJPY","AUDNZD","AUDUSD","BTCUSD","CADJPY","DE40","ETHUSD","EURAUD"]
[2026-05-25T06:13:42.994Z] INFO BAR_PUSH object_type=ea object_id=10869460 source_id=Ctrader bar_count=10 symbols=["ADAUSD","EURCAD","EURGBP","EURJPY","EURSGD","EURUSD","GBPAUD","GBPCAD"]
[2026-05-25T06:14:16.982Z] INFO BAR_PUSH object_type=ea object_id=10869460 source_id=Ctrader bar_count=10 symbols=["ADAUSD","AUDCAD","AUDCHF","AUDJPY","AUDNZD","AUDUSD","BTCUSD","CADJPY","DE40","ETHUSD"]
[2026-05-25T06:14:48.993Z] INFO BAR_PUSH object_type=ea object_id=10869460 source_id=Ctrader bar_count=10 symbols=["EURAUD","EURCAD","EURGBP","EURJPY","EURSGD","EURUSD","GBPAUD","GBPCAD"]
[2026-05-25T06:15:20.986Z] INFO BAR_PUSH object_type=ea object_id=10869460 source_id=Ctrader bar_count=10 symbols=["ADAUSD","AUDCAD","AUDCHF","AUDJPY"]
[2026-05-25T06:15:52.990Z] INFO BAR_PUSH object_type=ea object_id=10869460 source_id=Ctrader bar_count=10 symbols=["AUDJPY","AUDNZD","AUDUSD","BTCUSD"]
[2026-05-25T06:16:27.003Z] INFO BAR_PUSH object_type=ea object_id=10869460 source_id=Ctrader bar_count=10 symbols=["ADAUSD","AUDCAD","AUDCHF","AUDJPY","AUDNZD","AUDUSD","BTCUSD","CADJPY"]
[2026-05-25T06:16:58.991Z] INFO BAR_PUSH object_type=ea object_id=10869460 source_id=Ctrader bar_count=10 symbols=["CADJPY","DE40","ETHUSD","EURAUD"]
[2026-05-25T06:17:30.994Z] INFO BAR_PUSH object_type=ea object_id=10869460 source_id=Ctrader bar_count=10 symbols=["ADAUSD","AUDCAD","AUDCHF","AUDJPY","AUDNZD","AUDUSD","BTCUSD","CADJPY","DE40","ETHUSD"]
[2026-05-25T06:18:03.005Z] INFO BAR_PUSH object_type=ea object_id=10869460 source_id=Ctrader bar_count=10 symbols=["ADAUSD","AUDCAD","AUDCHF","AUDJPY","AUDNZD","AUDUSD","BTCUSD","CADJPY","DE40","ETHUSD"]
[2026-05-25T06:18:35.000Z] INFO BAR_PUSH object_type=ea object_id=10869460 source_id=Ctrader bar_count=10 symbols=["EURAUD","EURCAD","EURGBP","EURJPY"]
[2026-05-25T06:19:07.007Z] INFO BAR_PUSH object_type=ea object_id=10869460 source_id=Ctrader bar_count=10 symbols=["AUDCAD","AUDCHF","AUDJPY","AUDNZD","AUDUSD","BTCUSD","CADJPY","DE40","ETHUSD","EURAUD"]
[2026-05-25T06:19:38.997Z] INFO BAR_PUSH object_type=ea object_id=10869460 source_id=Ctrader bar_count=10 symbols=["ADAUSD","EURCAD","EURGBP","EURJPY","EURSGD","EURUSD"]
[2026-05-25T06:20:13.046Z] INFO BAR_PUSH object_type=ea object_id=10869460 source_id=Ctrader bar_count=10 symbols=["ADAUSD","AUDCAD","AUDCHF","AUDJPY","AUDNZD"]
[2026-05-25T06:20:44.999Z] INFO BAR_PUSH object_type=ea object_id=10869460 source_id=Ctrader bar_count=10 symbols=["AUDUSD","BTCUSD","CADJPY","DE40","ETHUSD"]
[2026-05-25T06:21:17.006Z] INFO BAR_PUSH object_type=ea object_id=10869460 source_id=Ctrader bar_count=10 symbols=["ADAUSD","AUDCAD","AUDCHF","AUDJPY","AUDNZD","AUDUSD","BTCUSD","CADJPY","DE40","ETHUSD"]
[2026-05-25T06:21:51.001Z] INFO BAR_PUSH object_type=ea object_id=10869460 source_id=Ctrader bar_count=10 symbols=["EURAUD","EURCAD","EURGBP","EURJPY","EURSGD"]
[2026-05-25T06:22:23.017Z] INFO BAR_PUSH object_type=ea object_id=10869460 source_id=Ctrader bar_count=10 symbols=["ADAUSD","AUDCAD","AUDCHF","AUDJPY","AUDNZD","AUDUSD","BTCUSD","CADJPY","DE40","ETHUSD"]
[2026-05-25T06:22:55.003Z] INFO BAR_PUSH object_type=ea object_id=10869460 source_id=Ctrader bar_count=10 symbols=["EURAUD","EURCAD","EURGBP","EURJPY","EURSGD","EURUSD","GBPAUD"]
[2026-05-25T06:23:27.003Z] INFO BAR_PUSH object_type=ea object_id=10869460 source_id=Ctrader bar_count=10 symbols=["ADAUSD","AUDCAD","AUDCHF","AUDJPY","AUDNZD","AUDUSD","BTCUSD","CADJPY","DE40","ETHUSD"]
[2026-05-25T06:24:01.009Z] INFO BAR_PUSH object_type=ea object_id=10869460 source_id=Ctrader bar_count=10 symbols=["AUDNZD","AUDUSD","BTCUSD","DE40","ETHUSD","EURAUD","EURCAD","EURGBP","EURJPY","EURSGD"]
[2026-05-25T06:24:33.000Z] INFO BAR_PUSH object_type=ea object_id=10869460 source_id=Ctrader bar_count=10 symbols=["ADAUSD","AUDCAD","AUDCHF","AUDJPY","CADJPY","EURUSD","GBPAUD","GBPCAD"]
[2026-05-25T06:25:05.009Z] INFO BAR_PUSH object_type=ea object_id=10869460 source_id=Ctrader bar_count=10 symbols=["AUDCAD","AUDCHF","AUDJPY","AUDNZD","AUDUSD"]
[2026-05-25T06:25:37.004Z] INFO BAR_PUSH object_type=ea object_id=10869460 source_id=Ctrader bar_count=10 symbols=["BTCUSD","CADJPY","DE40","ETHUSD","EURAUD"]
[2026-05-25T06:26:09.003Z] INFO BAR_PUSH object_type=ea object_id=10869460 source_id=Ctrader bar_count=10 symbols=["AUDCAD","AUDCHF","AUDJPY","AUDNZD","AUDUSD","BTCUSD","CADJPY","DE40","ETHUSD","EURAUD"]
[2026-05-25T06:26:41.012Z] INFO BAR_PUSH object_type=ea object_id=10869460 source_id=Ctrader bar_count=10 symbols=["ADAUSD","EURCAD","EURGBP","EURJPY","EURSGD"]
[2026-05-25T06:27:12.991Z] INFO BAR_PUSH object_type=ea object_id=10869460 source_id=Ctrader bar_count=10 symbols=["AUDCAD","AUDCHF","AUDJPY","AUDNZD","AUDUSD","BTCUSD","CADJPY","DE40","ETHUSD","EURAUD"]
[2026-05-25T06:27:44.987Z] INFO BAR_PUSH object_type=ea object_id=10869460 source_id=Ctrader bar_count=10 symbols=["ADAUSD","EURCAD","EURGBP","EURJPY","EURSGD","EURUSD","GBPAUD","GBPCAD"]
[2026-05-25T06:28:19.001Z] INFO BAR_PUSH object_type=ea object_id=10869460 source_id=Ctrader bar_count=10 symbols=["AUDCAD","AUDCHF","AUDJPY","AUDNZD","AUDUSD","BTCUSD","CADJPY","DE40","ETHUSD","EURAUD"]
[2026-05-25T06:28:50.999Z] INFO BAR_PUSH object_type=ea object_id=10869460 source_id=Ctrader bar_count=10 symbols=["EURCAD","EURGBP","EURJPY","EURSGD","EURUSD","GBPAUD","GBPCAD","GBPJPY"]
[2026-05-25T06:29:23.002Z] INFO BAR_PUSH object_type=ea object_id=10869460 source_id=Ctrader bar_count=10 symbols=["AUDCAD","AUDCHF","AUDJPY","AUDNZD","AUDUSD","BTCUSD","CADJPY","DE40","ETHUSD","EURAUD"]
[2026-05-25T06:29:54.997Z] INFO BAR_PUSH object_type=ea object_id=10869460 source_id=Ctrader bar_count=10 symbols=["EURCAD","EURGBP","EURJPY","EURSGD","EURUSD","GBPAUD","GBPCAD","GBPJPY"]
[2026-05-25T06:30:26.997Z] INFO BAR_PUSH object_type=ea object_id=10869460 source_id=Ctrader bar_count=10 symbols=["ADAUSD","AUDCAD","AUDCHF","AUDJPY"]
[2026-05-25T06:30:59.007Z] INFO BAR_PUSH object_type=ea object_id=10869460 source_id=Ctrader bar_count=10 symbols=["AUDJPY","AUDNZD","AUDUSD","BTCUSD"]
[2026-05-25T06:31:31.008Z] INFO BAR_PUSH object_type=ea object_id=10869460 source_id=Ctrader bar_count=10 symbols=["ADAUSD","AUDCAD","AUDCHF","AUDJPY","AUDNZD","AUDUSD","BTCUSD","CADJPY"]
[2026-05-25T06:32:03.011Z] INFO BAR_PUSH object_type=ea object_id=10869460 source_id=Ctrader bar_count=10 symbols=["AUDCAD","AUDCHF","AUDJPY","AUDNZD","AUDUSD","BTCUSD","CADJPY","DE40"]
[2026-05-25T06:32:35.005Z] INFO BAR_PUSH object_type=ea object_id=10869460 source_id=Ctrader bar_count=10 symbols=["ADAUSD","DE40","ETHUSD","EURAUD","EURCAD"]
[2026-05-25T06:33:07.006Z] INFO BAR_PUSH object_type=ea object_id=10869460 source_id=Ctrader bar_count=10 symbols=["ADAUSD","AUDCAD","AUDCHF","AUDJPY","AUDNZD","AUDUSD","BTCUSD","CADJPY","DE40","ETHUSD"]
[2026-05-25T06:33:38.997Z] INFO BAR_PUSH object_type=ea object_id=10869460 source_id=Ctrader bar_count=10 symbols=["EURAUD","EURCAD","EURGBP","EURJPY"]
[2026-05-25T06:34:11.001Z] INFO BAR_PUSH object_type=ea object_id=10869460 source_id=Ctrader bar_count=10 symbols=["ADAUSD","AUDCAD","AUDCHF","AUDJPY","AUDNZD","AUDUSD","BTCUSD","CADJPY","DE40","ETHUSD"]
[2026-05-25T06:34:42.988Z] INFO BAR_PUSH object_type=ea object_id=10869460 source_id=Ctrader bar_count=10 symbols=["EURAUD","EURCAD","EURGBP","EURJPY","EURSGD","EURUSD"]
[2026-05-25T06:35:14.987Z] INFO BAR_PUSH object_type=ea object_id=10869460 source_id=Ctrader bar_count=10 symbols=["AUDCAD","AUDCHF","AUDJPY","AUDNZD","AUDUSD"]
[2026-05-25T06:35:47.004Z] INFO BAR_PUSH object_type=ea object_id=10869460 source_id=Ctrader bar_count=10 symbols=["ADAUSD","BTCUSD","CADJPY","DE40","ETHUSD"]
[2026-05-25T06:36:19.019Z] INFO BAR_PUSH object_type=ea object_id=10869460 source_id=Ctrader bar_count=10 symbols=["ADAUSD","AUDCAD","AUDCHF","AUDJPY","AUDNZD","AUDUSD","BTCUSD","CADJPY","DE40","ETHUSD"]
[2026-05-25T06:36:51.008Z] INFO BAR_PUSH object_type=ea object_id=10869460 source_id=Ctrader bar_count=10 symbols=["EURAUD","EURCAD","EURGBP","EURJPY","EURSGD"]
[2026-05-25T06:37:23.026Z] INFO BAR_PUSH object_type=ea object_id=10869460 source_id=Ctrader bar_count=10 symbols=["ADAUSD","AUDCAD","AUDCHF","AUDJPY","AUDNZD","AUDUSD","BTCUSD","CADJPY","DE40","ETHUSD"]
[2026-05-25T06:37:55.003Z] INFO BAR_PUSH object_type=ea object_id=10869460 source_id=Ctrader bar_count=10 symbols=["EURAUD","EURCAD","EURGBP","EURJPY","EURSGD","EURUSD","GBPAUD"]
[2026-05-25T06:38:27.014Z] INFO BAR_PUSH object_type=ea object_id=10869460 source_id=Ctrader bar_count=10 symbols=["ADAUSD","AUDCAD","AUDCHF","AUDJPY","AUDNZD","AUDUSD","BTCUSD","CADJPY","DE40","ETHUSD"]
[2026-05-25T06:39:01.004Z] INFO BAR_PUSH object_type=ea object_id=10869460 source_id=Ctrader bar_count=10 symbols=["AUDCAD","AUDCHF","AUDJPY","AUDNZD","AUDUSD","BTCUSD","CADJPY","DE40","EURAUD","EURCAD"]
[2026-05-25T06:39:32.998Z] INFO BAR_PUSH object_type=ea object_id=10869460 source_id=Ctrader bar_count=10 symbols=["ADAUSD","ETHUSD","EURGBP","EURJPY","EURSGD","EURUSD","GBPAUD","GBPCAD"]
[2026-05-25T06:40:04.997Z] INFO BAR_PUSH object_type=ea object_id=10869460 source_id=Ctrader bar_count=10 symbols=["AUDCAD","AUDCHF","AUDJPY","AUDNZD","AUDUSD"]
[2026-05-25T06:40:39.004Z] INFO BAR_PUSH object_type=ea object_id=10869460 source_id=Ctrader bar_count=10 symbols=["BTCUSD","CADJPY","DE40","ETHUSD","EURAUD"]
[2026-05-25T06:41:13.063Z] INFO BAR_PUSH object_type=ea object_id=10869460 source_id=Ctrader bar_count=10 symbols=["ADAUSD","AUDCAD","AUDCHF","AUDJPY","AUDNZD","AUDUSD","BTCUSD","CADJPY","DE40"]
[2026-05-25T06:41:47.046Z] INFO BAR_PUSH object_type=ea object_id=10869460 source_id=Ctrader bar_count=10 symbols=["ETHUSD","EURAUD","EURCAD","EURGBP","EURJPY","EURSGD"]
[2026-05-25T06:42:19.003Z] INFO BAR_PUSH object_type=ea object_id=10869460 source_id=Ctrader bar_count=10 symbols=["ADAUSD","AUDCAD","AUDCHF","AUDJPY","AUDNZD","AUDUSD","BTCUSD","CADJPY","DE40","ETHUSD"]
[2026-05-25T06:42:53.011Z] INFO BAR_PUSH object_type=ea object_id=10869460 source_id=Ctrader bar_count=10 symbols=["EURAUD","EURCAD","EURGBP","EURJPY","EURSGD","EURUSD","GBPAUD","GBPCAD"]
[2026-05-25T06:43:24.999Z] INFO BAR_PUSH object_type=ea object_id=10869460 source_id=Ctrader bar_count=10 symbols=["AUDCAD","AUDCHF","AUDJPY","AUDNZD","AUDUSD","BTCUSD","CADJPY","DE40","ETHUSD","EURAUD"]
[2026-05-25T06:43:57.005Z] INFO BAR_PUSH object_type=ea object_id=10869460 source_id=Ctrader bar_count=10 symbols=["EURCAD","EURGBP","EURJPY","EURSGD","EURUSD","GBPAUD","GBPCAD","GBPJPY"]
[2026-05-25T06:44:29.006Z] INFO BAR_PUSH object_type=ea object_id=10869460 source_id=Ctrader bar_count=10 symbols=["AUDCAD","AUDCHF","AUDJPY","AUDNZD","AUDUSD","BTCUSD","CADJPY","DE40","ETHUSD","EURAUD"]
[2026-05-25T06:45:00.993Z] INFO BAR_PUSH object_type=ea object_id=10869460 source_id=Ctrader bar_count=10 symbols=["ADAUSD","BTCUSD","CADJPY","DE40"]
[2026-05-25T06:45:32.994Z] INFO BAR_PUSH object_type=ea object_id=10869460 source_id=Ctrader bar_count=10 symbols=["AUDCAD","AUDCHF","AUDJPY","AUDNZD"]
[2026-05-25T06:46:04.983Z] INFO BAR_PUSH object_type=ea object_id=10869460 source_id=Ctrader bar_count=10 symbols=["ADAUSD","AUDCAD","AUDCHF","AUDJPY","AUDNZD","AUDUSD"]
[2026-05-25T06:46:37.006Z] INFO BAR_PUSH object_type=ea object_id=10869460 source_id=Ctrader bar_count=10 symbols=["ADAUSD","AUDUSD","BTCUSD","CADJPY","DE40","ETHUSD","EURAUD"]
[2026-05-25T06:47:08.999Z] INFO BAR_PUSH object_type=ea object_id=10869460 source_id=Ctrader bar_count=10 symbols=["ADAUSD","AUDCAD","AUDCHF","AUDJPY","AUDNZD","AUDUSD","BTCUSD","CADJPY","DE40","ETHUSD"]
[2026-05-25T06:47:41.008Z] INFO BAR_PUSH object_type=ea object_id=10869460 source_id=Ctrader bar_count=10 symbols=["EURAUD","EURCAD","EURGBP","EURJPY"]
[2026-05-25T06:48:12.992Z] INFO BAR_PUSH object_type=ea object_id=10869460 source_id=Ctrader bar_count=10 symbols=["AUDCAD","AUDCHF","AUDJPY","AUDNZD","AUDUSD","BTCUSD","CADJPY","DE40","ETHUSD","EURAUD"]
[2026-05-25T06:48:44.995Z] INFO BAR_PUSH object_type=ea object_id=10869460 source_id=Ctrader bar_count=10 symbols=["EURCAD","EURGBP","EURJPY","EURSGD","EURUSD"]
[2026-05-25T06:49:19.001Z] INFO BAR_PUSH object_type=ea object_id=10869460 source_id=Ctrader bar_count=10 symbols=["ADAUSD","AUDCAD","AUDCHF","AUDJPY","AUDNZD","AUDUSD","BTCUSD","CADJPY","DE40","ETHUSD"]
[2026-05-25T06:49:53.005Z] INFO BAR_PUSH object_type=ea object_id=10869460 source_id=Ctrader bar_count=10 symbols=["EURAUD","EURCAD","EURGBP","EURJPY","EURSGD","EURUSD","GBPAUD"]
[2026-05-25T06:50:26.992Z] INFO BAR_PUSH object_type=ea object_id=10869460 source_id=Ctrader bar_count=10 symbols=["AUDCAD","AUDCHF","AUDJPY","AUDNZD","AUDUSD"]
[2026-05-25T06:50:59.002Z] INFO BAR_PUSH object_type=ea object_id=10869460 source_id=Ctrader bar_count=10 symbols=["ADAUSD","BTCUSD","CADJPY","DE40","ETHUSD"]
[2026-05-25T06:51:31.005Z] INFO BAR_PUSH object_type=ea object_id=10869460 source_id=Ctrader bar_count=10 symbols=["ADAUSD","AUDCAD","AUDCHF","AUDJPY","AUDNZD","AUDUSD","BTCUSD","CADJPY","DE40","ETHUSD"]
[2026-05-25T06:52:03.008Z] INFO BAR_PUSH object_type=ea object_id=10869460 source_id=Ctrader bar_count=10 symbols=["AUDCAD","AUDCHF","AUDJPY","AUDNZD","BTCUSD","DE40","ETHUSD","EURAUD","EURCAD"]
[2026-05-25T06:52:37.009Z] INFO BAR_PUSH object_type=ea object_id=10869460 source_id=Ctrader bar_count=10 symbols=["AUDUSD","CADJPY","EURCAD","EURGBP","EURJPY","EURSGD","EURUSD"]
[2026-05-25T06:53:10.996Z] INFO BAR_PUSH object_type=ea object_id=10869460 source_id=Ctrader bar_count=10 symbols=["AUDCAD","AUDCHF","AUDJPY","AUDNZD","AUDUSD","BTCUSD","CADJPY","DE40","ETHUSD","EURAUD"]
[2026-05-25T06:53:42.996Z] INFO BAR_PUSH object_type=ea object_id=10869460 source_id=Ctrader bar_count=10 symbols=["ADAUSD","EURCAD","EURGBP","EURJPY","EURSGD","EURUSD","GBPAUD","GBPCAD"]
[2026-05-25T06:54:17.005Z] INFO BAR_PUSH object_type=ea object_id=10869460 source_id=Ctrader bar_count=10 symbols=["AUDCAD","AUDCHF","AUDJPY","AUDNZD","AUDUSD","BTCUSD","CADJPY","DE40","ETHUSD","EURAUD"]
[2026-05-25T06:54:49.016Z] INFO BAR_PUSH object_type=ea object_id=10869460 source_id=Ctrader bar_count=10 symbols=["EURCAD","EURGBP","EURJPY","EURSGD","EURUSD","GBPAUD","GBPCAD","GBPJPY"]
[2026-05-25T06:55:22.994Z] INFO BAR_PUSH object_type=ea object_id=10869460 source_id=Ctrader bar_count=10 symbols=["ADAUSD","AUDCAD","AUDCHF","AUDJPY","AUDNZD"]
[2026-05-25T06:55:55.051Z] INFO BAR_PUSH object_type=ea object_id=10869460 source_id=Ctrader bar_count=10 symbols=["AUDUSD","BTCUSD","CADJPY","DE40","ETHUSD"]
[2026-05-25T06:56:26.986Z] INFO BAR_PUSH object_type=ea object_id=10869460 source_id=Ctrader bar_count=10 symbols=["AUDCAD","AUDCHF","AUDJPY","AUDNZD","AUDUSD","BTCUSD","CADJPY","DE40","ETHUSD","EURAUD"]
[2026-05-25T06:56:58.982Z] INFO BAR_PUSH object_type=ea object_id=10869460 source_id=Ctrader bar_count=10 symbols=["ADAUSD","EURAUD","EURCAD","EURGBP","EURJPY","EURSGD"]
[2026-05-25T06:57:32.972Z] INFO BAR_PUSH object_type=ea object_id=10869460 source_id=Ctrader bar_count=10 symbols=["ADAUSD","AUDCAD","AUDCHF","AUDJPY","AUDNZD","AUDUSD","BTCUSD","CADJPY","DE40","ETHUSD"]
[2026-05-25T06:58:04.985Z] INFO BAR_PUSH object_type=ea object_id=10869460 source_id=Ctrader bar_count=10 symbols=["AUDCAD","AUDCHF","AUDJPY","AUDNZD","AUDUSD","BTCUSD","CADJPY","DE40","ETHUSD","EURAUD"]
[2026-05-25T06:58:38.982Z] INFO BAR_PUSH object_type=ea object_id=10869460 source_id=Ctrader bar_count=10 symbols=["ADAUSD","EURCAD","EURGBP","EURJPY","EURSGD","EURUSD","GBPAUD","GBPCAD"]
[2026-05-25T06:59:12.967Z] INFO BAR_PUSH object_type=ea object_id=10869460 source_id=Ctrader bar_count=10 symbols=["AUDCAD","AUDCHF","AUDJPY","AUDNZD","AUDUSD","BTCUSD","CADJPY","DE40","ETHUSD","EURAUD"]
[2026-05-25T06:59:44.989Z] INFO BAR_PUSH object_type=ea object_id=10869460 source_id=Ctrader bar_count=10 symbols=["EURCAD","EURGBP","EURJPY","EURSGD","EURUSD","GBPAUD","GBPCAD","GBPJPY"]
[2026-05-25T07:00:18.966Z] INFO BAR_PUSH object_type=ea object_id=10869460 source_id=Ctrader bar_count=10 symbols=["ADAUSD","AUDCAD","AUDCHF"]
[2026-05-25T07:00:50.958Z] INFO BAR_PUSH object_type=ea object_id=10869460 source_id=Ctrader bar_count=10 symbols=["AUDCHF","AUDJPY","AUDNZD"]
[2026-05-25T07:01:22.964Z] INFO BAR_PUSH object_type=ea object_id=10869460 source_id=Ctrader bar_count=10 symbols=["ADAUSD","AUDCAD","AUDCHF","AUDJPY","AUDNZD","AUDUSD","BTCUSD"]
[2026-05-25T07:01:54.958Z] INFO BAR_PUSH object_type=ea object_id=10869460 source_id=Ctrader bar_count=10 symbols=["BTCUSD","CADJPY","DE40"]
[2026-05-25T07:02:26.971Z] INFO BAR_PUSH object_type=ea object_id=10869460 source_id=Ctrader bar_count=10 symbols=["AUDCAD","AUDCHF","AUDJPY","AUDNZD","AUDUSD","BTCUSD","CADJPY","DE40","ETHUSD"]
[2026-05-25T07:02:58.978Z] INFO BAR_PUSH object_type=ea object_id=10869460 source_id=Ctrader bar_count=10 symbols=["ADAUSD","ETHUSD","EURAUD","EURCAD"]
[2026-05-25T07:03:30.961Z] INFO BAR_PUSH object_type=ea object_id=10869460 source_id=Ctrader bar_count=10 symbols=["ADAUSD","AUDCAD","AUDCHF","AUDJPY","AUDNZD","AUDUSD","BTCUSD","CADJPY","DE40","ETHUSD"]
[2026-05-25T07:04:03.014Z] INFO BAR_PUSH object_type=ea object_id=10869460 source_id=Ctrader bar_count=10 symbols=["ADAUSD","AUDCAD","AUDCHF","AUDJPY","AUDNZD","AUDUSD","BTCUSD","CADJPY","DE40","ETHUSD"]
[2026-05-25T07:04:34.973Z] INFO BAR_PUSH object_type=ea object_id=10869460 source_id=Ctrader bar_count=10 symbols=["EURAUD","EURCAD","EURGBP","EURJPY"]
[2026-05-25T07:05:06.955Z] INFO BAR_PUSH object_type=ea object_id=10869460 source_id=Ctrader bar_count=10 symbols=["ADAUSD","AUDCAD","AUDCHF","AUDJPY","AUDNZD"]
[2026-05-25T07:05:38.975Z] INFO BAR_PUSH object_type=ea object_id=10869460 source_id=Ctrader bar_count=10 symbols=["AUDUSD","BTCUSD","CADJPY","DE40","ETHUSD"]
[2026-05-25T07:06:10.985Z] INFO BAR_PUSH object_type=ea object_id=10869460 source_id=Ctrader bar_count=10 symbols=["AUDCAD","AUDCHF","AUDJPY","AUDNZD","AUDUSD","BTCUSD","CADJPY","DE40","ETHUSD","EURAUD"]
[2026-05-25T07:06:42.969Z] INFO BAR_PUSH object_type=ea object_id=10869460 source_id=Ctrader bar_count=10 symbols=["ADAUSD","EURAUD","EURCAD","EURGBP","EURJPY"]
[2026-05-25T07:07:14.964Z] INFO BAR_PUSH object_type=ea object_id=10869460 source_id=Ctrader bar_count=10 symbols=["AUDCAD","AUDCHF","AUDJPY","AUDNZD","AUDUSD","BTCUSD","CADJPY","DE40","ETHUSD","EURAUD"]
[2026-05-25T07:07:46.958Z] INFO BAR_PUSH object_type=ea object_id=10869460 source_id=Ctrader bar_count=10 symbols=["ADAUSD","EURCAD","EURGBP","EURJPY","EURSGD","EURUSD"]
[2026-05-25T07:08:18.975Z] INFO BAR_PUSH object_type=ea object_id=10869460 source_id=Ctrader bar_count=10 symbols=["AUDCAD","AUDCHF","AUDJPY","AUDNZD","AUDUSD","BTCUSD","CADJPY","DE40","ETHUSD","EURAUD"]
[2026-05-25T07:08:50.974Z] INFO BAR_PUSH object_type=ea object_id=10869460 source_id=Ctrader bar_count=10 symbols=["EURCAD","EURGBP","EURJPY","EURSGD","EURUSD","GBPAUD"]
[2026-05-25T07:09:24.968Z] INFO BAR_PUSH object_type=ea object_id=10869460 source_id=Ctrader bar_count=10 symbols=["AUDCAD","AUDCHF","AUDJPY","AUDNZD","AUDUSD","BTCUSD","CADJPY","DE40","ETHUSD","EURAUD"]
[2026-05-25T07:10:17.022Z] INFO BAR_PUSH object_type=ea object_id=10869460 source_id=Ctrader bar_count=10 symbols=["ADAUSD","AUDCAD","AUDCHF","AUDJPY","AUDNZD"]
[2026-05-25T07:10:50.971Z] INFO BAR_PUSH object_type=ea object_id=10869460 source_id=Ctrader bar_count=10 symbols=["AUDUSD","BTCUSD","CADJPY","DE40","ETHUSD"]
[2026-05-25T07:11:24.975Z] INFO BAR_PUSH object_type=ea object_id=10869460 source_id=Ctrader bar_count=10 symbols=["AUDCAD","AUDCHF","AUDJPY","AUDNZD","AUDUSD","BTCUSD","CADJPY","DE40","ETHUSD","EURAUD"]
[2026-05-25T07:11:56.973Z] INFO BAR_PUSH object_type=ea object_id=10869460 source_id=Ctrader bar_count=10 symbols=["ADAUSD","EURAUD","EURCAD","EURGBP","EURJPY","EURSGD"]
[2026-05-25T07:12:28.985Z] INFO BAR_PUSH object_type=ea object_id=10869460 source_id=Ctrader bar_count=10 symbols=["ADAUSD","AUDCAD","AUDCHF","AUDJPY","AUDNZD","AUDUSD","BTCUSD","CADJPY","DE40","ETHUSD"]
[2026-05-25T07:13:00.978Z] INFO BAR_PUSH object_type=ea object_id=10869460 source_id=Ctrader bar_count=10 symbols=["AUDCAD","AUDCHF","AUDJPY","AUDNZD","AUDUSD","CADJPY","DE40","EURAUD","EURCAD","EURGBP"]
[2026-05-25T07:13:32.991Z] INFO BAR_PUSH object_type=ea object_id=10869460 source_id=Ctrader bar_count=10 symbols=["ADAUSD","BTCUSD","ETHUSD","EURGBP","EURJPY","EURSGD","EURUSD","GBPAUD"]
[2026-05-25T07:14:06.977Z] INFO BAR_PUSH object_type=ea object_id=10869460 source_id=Ctrader bar_count=10 symbols=["AUDCAD","AUDCHF","AUDJPY","AUDNZD","AUDUSD","BTCUSD","CADJPY","DE40","ETHUSD","EURAUD"]
[2026-05-25T07:14:38.972Z] INFO BAR_PUSH object_type=ea object_id=10869460 source_id=Ctrader bar_count=10 symbols=["EURCAD","EURGBP","EURJPY","EURSGD","EURUSD","GBPAUD","GBPCAD"]
[2026-05-25T07:15:10.970Z] INFO BAR_PUSH object_type=ea object_id=10869460 source_id=Ctrader bar_count=10 symbols=["ADAUSD","AUDCAD","AUDCHF","AUDJPY"]
[2026-05-25T07:15:44.962Z] INFO BAR_PUSH object_type=ea object_id=10869460 source_id=Ctrader bar_count=10 symbols=["AUDJPY","AUDNZD","AUDUSD","BTCUSD"]
[2026-05-25T07:16:16.964Z] INFO BAR_PUSH object_type=ea object_id=10869460 source_id=Ctrader bar_count=10 symbols=["AUDCAD","AUDCHF","AUDJPY","AUDNZD","AUDUSD","BTCUSD","CADJPY"]
[2026-05-25T07:16:48.980Z] INFO BAR_PUSH object_type=ea object_id=10869460 source_id=Ctrader bar_count=10 symbols=["ADAUSD","DE40","ETHUSD","EURAUD"]
[2026-05-25T07:17:20.981Z] INFO BAR_PUSH object_type=ea object_id=10869460 source_id=Ctrader bar_count=10 symbols=["ADAUSD","AUDCAD","AUDCHF","AUDJPY","AUDNZD","AUDUSD","BTCUSD","CADJPY","DE40","ETHUSD"]
[2026-05-25T07:17:52.978Z] INFO BAR_PUSH object_type=ea object_id=10869460 source_id=Ctrader bar_count=10 symbols=["EURAUD","EURCAD","EURGBP","EURJPY"]
[2026-05-25T07:18:24.966Z] INFO BAR_PUSH object_type=ea object_id=10869460 source_id=Ctrader bar_count=10 symbols=["ADAUSD","AUDCAD","AUDCHF","AUDJPY","AUDNZD","AUDUSD","BTCUSD","CADJPY","DE40","ETHUSD"]
[2026-05-25T07:18:56.965Z] INFO BAR_PUSH object_type=ea object_id=10869460 source_id=Ctrader bar_count=10 symbols=["EURAUD","EURCAD","EURGBP","EURJPY","EURSGD","EURUSD"]
[2026-05-25T07:19:28.970Z] INFO BAR_PUSH object_type=ea object_id=10869460 source_id=Ctrader bar_count=10 symbols=["ADAUSD","AUDCAD","AUDCHF","AUDJPY","AUDNZD","AUDUSD","BTCUSD","CADJPY","DE40","ETHUSD"]
[2026-05-25T07:20:00.971Z] INFO BAR_PUSH object_type=ea object_id=10869460 source_id=Ctrader bar_count=10 symbols=["AUDCAD","AUDCHF","AUDJPY","AUDNZD","AUDUSD"]
[2026-05-25T07:20:32.976Z] INFO BAR_PUSH object_type=ea object_id=10869460 source_id=Ctrader bar_count=10 symbols=["ADAUSD","BTCUSD","CADJPY","DE40","ETHUSD"]
[2026-05-25T07:21:04.973Z] INFO BAR_PUSH object_type=ea object_id=10869460 source_id=Ctrader bar_count=10 symbols=["AUDCAD","AUDCHF","AUDJPY","AUDNZD","AUDUSD","BTCUSD","CADJPY","DE40","ETHUSD","EURAUD"]
[2026-05-25T07:21:37.390Z] INFO BAR_PUSH object_type=ea object_id=10869460 source_id=Ctrader bar_count=10 symbols=["EURAUD","EURCAD","EURGBP","EURJPY","EURSGD","EURUSD"]
[2026-05-25T07:22:08.970Z] INFO BAR_PUSH object_type=ea object_id=10869460 source_id=Ctrader bar_count=10 symbols=["AUDCAD","AUDCHF","AUDJPY","AUDNZD","AUDUSD","BTCUSD","CADJPY","DE40","ETHUSD","EURAUD"]
[2026-05-25T07:22:42.974Z] INFO BAR_PUSH object_type=ea object_id=10869460 source_id=Ctrader bar_count=10 symbols=["EURCAD","EURGBP","EURJPY","EURSGD","EURUSD","GBPAUD","GBPCAD"]
[2026-05-25T07:23:14.966Z] INFO BAR_PUSH object_type=ea object_id=10869460 source_id=Ctrader bar_count=10 symbols=["ADAUSD","AUDCAD","AUDCHF","AUDJPY","AUDNZD","AUDUSD","BTCUSD","CADJPY","DE40","ETHUSD"]
[2026-05-25T07:23:46.958Z] INFO BAR_PUSH object_type=ea object_id=10869460 source_id=Ctrader bar_count=10 symbols=["EURAUD","EURCAD","EURGBP","EURJPY","EURSGD","EURUSD","GBPAUD","GBPCAD"]
[2026-05-25T07:24:18.963Z] INFO BAR_PUSH object_type=ea object_id=10869460 source_id=Ctrader bar_count=10 symbols=["AUDCAD","AUDCHF","AUDJPY","AUDNZD","AUDUSD","BTCUSD","CADJPY","DE40","ETHUSD","EURAUD"]
[2026-05-25T07:24:50.952Z] INFO BAR_PUSH object_type=ea object_id=10869460 source_id=Ctrader bar_count=10 symbols=["EURCAD","EURGBP","EURJPY","EURSGD","EURUSD","GBPAUD","GBPCAD","GBPJPY"]
[2026-05-25T07:25:22.959Z] INFO BAR_PUSH object_type=ea object_id=10869460 source_id=Ctrader bar_count=10 symbols=["AUDCAD","AUDCHF","AUDJPY","AUDNZD","AUDUSD"]
[2026-05-25T07:25:56.957Z] INFO BAR_PUSH object_type=ea object_id=10869460 source_id=Ctrader bar_count=10 symbols=["ADAUSD","BTCUSD","CADJPY","DE40","ETHUSD"]
[2026-05-25T07:26:28.967Z] INFO BAR_PUSH object_type=ea object_id=10869460 source_id=Ctrader bar_count=10 symbols=["ADAUSD","AUDCAD","AUDCHF","AUDJPY","AUDNZD","AUDUSD","BTCUSD","CADJPY","DE40","ETHUSD"]
[2026-05-25T07:27:01.026Z] INFO BAR_PUSH object_type=ea object_id=10869460 source_id=Ctrader bar_count=10 symbols=["AUDCAD","AUDCHF","AUDJPY","AUDNZD","AUDUSD","BTCUSD","CADJPY","DE40","EURAUD"]
[2026-05-25T07:27:34.966Z] INFO BAR_PUSH object_type=ea object_id=10869460 source_id=Ctrader bar_count=10 symbols=["ETHUSD","EURCAD","EURGBP","EURJPY","EURSGD","EURUSD"]
[2026-05-25T07:28:06.962Z] INFO BAR_PUSH object_type=ea object_id=10869460 source_id=Ctrader bar_count=10 symbols=["AUDCAD","AUDCHF","AUDJPY","AUDNZD","AUDUSD","BTCUSD","CADJPY","DE40","ETHUSD","EURAUD"]
[2026-05-25T07:28:39.007Z] INFO BAR_PUSH object_type=ea object_id=10869460 source_id=Ctrader bar_count=10 symbols=["ADAUSD","EURCAD","EURGBP","EURJPY","EURSGD","EURUSD","GBPAUD","GBPCAD"]
[2026-05-25T07:29:12.966Z] INFO BAR_PUSH object_type=ea object_id=10869460 source_id=Ctrader bar_count=10 symbols=["AUDCAD","AUDCHF","AUDJPY","AUDNZD","AUDUSD","BTCUSD","CADJPY","DE40","ETHUSD","EURAUD"]
[2026-05-25T07:29:44.961Z] INFO BAR_PUSH object_type=ea object_id=10869460 source_id=Ctrader bar_count=10 symbols=["EURCAD","EURGBP","EURJPY","EURSGD","EURUSD","GBPAUD","GBPCAD","GBPJPY"]
[2026-05-25T07:30:18.948Z] INFO BAR_PUSH object_type=ea object_id=10869460 source_id=Ctrader bar_count=10 symbols=["ADAUSD","AUDCAD","AUDCHF","AUDJPY"]
[2026-05-25T07:30:50.960Z] INFO BAR_PUSH object_type=ea object_id=10869460 source_id=Ctrader bar_count=10 symbols=["AUDJPY","AUDNZD","AUDUSD","BTCUSD"]
[2026-05-25T07:31:22.964Z] INFO BAR_PUSH object_type=ea object_id=10869460 source_id=Ctrader bar_count=10 symbols=["ADAUSD","AUDCAD","AUDCHF","AUDJPY","AUDNZD","AUDUSD","BTCUSD","CADJPY"]
[2026-05-25T07:31:54.977Z] INFO BAR_PUSH object_type=ea object_id=10869460 source_id=Ctrader bar_count=10 symbols=["CADJPY","DE40","ETHUSD","EURAUD"]
[2026-05-25T07:32:26.955Z] INFO BAR_PUSH object_type=ea object_id=10869460 source_id=Ctrader bar_count=10 symbols=["AUDCAD","AUDCHF","AUDJPY","AUDNZD","AUDUSD","BTCUSD","CADJPY","DE40","ETHUSD","EURAUD"]
[2026-05-25T07:32:58.974Z] INFO BAR_PUSH object_type=ea object_id=10869460 source_id=Ctrader bar_count=10 symbols=["ADAUSD","EURCAD","EURGBP","EURJPY"]
[2026-05-25T07:33:30.971Z] INFO BAR_PUSH object_type=ea object_id=10869460 source_id=Ctrader bar_count=10 symbols=["ADAUSD","AUDCAD","AUDCHF","AUDJPY","AUDNZD","AUDUSD","BTCUSD","CADJPY","DE40","ETHUSD"]
[2026-05-25T07:34:04.963Z] INFO BAR_PUSH object_type=ea object_id=10869460 source_id=Ctrader bar_count=10 symbols=["AUDCAD","AUDCHF","AUDJPY","AUDNZD","AUDUSD","BTCUSD","CADJPY","DE40","ETHUSD","EURAUD"]
[2026-05-25T07:34:36.961Z] INFO BAR_PUSH object_type=ea object_id=10869460 source_id=Ctrader bar_count=10 symbols=["EURCAD","EURGBP","EURJPY","EURSGD","EURUSD","GBPAUD"]
[2026-05-25T07:35:08.959Z] INFO BAR_PUSH object_type=ea object_id=10869460 source_id=Ctrader bar_count=10 symbols=["AUDCAD","AUDCHF","AUDJPY","AUDNZD","AUDUSD"]
[2026-05-25T07:35:42.974Z] INFO BAR_PUSH object_type=ea object_id=10869460 source_id=Ctrader bar_count=10 symbols=["ADAUSD","BTCUSD","CADJPY","DE40","ETHUSD"]
[2026-05-25T07:36:14.966Z] INFO BAR_PUSH object_type=ea object_id=10869460 source_id=Ctrader bar_count=10 symbols=["AUDCAD","AUDCHF","AUDJPY","AUDNZD","AUDUSD","BTCUSD","CADJPY","DE40","ETHUSD","EURAUD"]
[2026-05-25T07:36:46.962Z] INFO BAR_PUSH object_type=ea object_id=10869460 source_id=Ctrader bar_count=10 symbols=["EURAUD","EURCAD","EURGBP","EURJPY","EURSGD","EURUSD"]
[2026-05-25T07:37:18.962Z] INFO BAR_PUSH object_type=ea object_id=10869460 source_id=Ctrader bar_count=10 symbols=["AUDCAD","AUDCHF","AUDJPY","AUDNZD","AUDUSD","BTCUSD","CADJPY","DE40","ETHUSD","EURAUD"]
[2026-05-25T07:37:50.959Z] INFO BAR_PUSH object_type=ea object_id=10869460 source_id=Ctrader bar_count=10 symbols=["EURCAD","EURGBP","EURJPY","EURSGD","EURUSD","GBPAUD","GBPCAD"]
[2026-05-25T07:38:22.962Z] INFO BAR_PUSH object_type=ea object_id=10869460 source_id=Ctrader bar_count=10 symbols=["AUDCAD","AUDCHF","AUDJPY","AUDNZD","AUDUSD","BTCUSD","CADJPY","DE40","ETHUSD","EURAUD"]
[2026-05-25T07:38:54.960Z] INFO BAR_PUSH object_type=ea object_id=10869460 source_id=Ctrader bar_count=10 symbols=["EURCAD","EURGBP","EURJPY","EURSGD","EURUSD","GBPAUD","GBPCAD","GBPJPY"]
[2026-05-25T07:39:28.976Z] INFO BAR_PUSH object_type=ea object_id=10869460 source_id=Ctrader bar_count=10 symbols=["ADAUSD","AUDCAD","AUDCHF","AUDJPY","AUDNZD","AUDUSD","BTCUSD","CADJPY","DE40","ETHUSD"]
[2026-05-25T07:40:00.959Z] INFO BAR_PUSH object_type=ea object_id=10869460 source_id=Ctrader bar_count=10 symbols=["AUDCAD","AUDCHF","AUDJPY","AUDNZD","AUDUSD"]
[2026-05-25T07:40:32.959Z] INFO BAR_PUSH object_type=ea object_id=10869460 source_id=Ctrader bar_count=10 symbols=["ADAUSD","BTCUSD","CADJPY","DE40","ETHUSD"]
[2026-05-25T07:41:06.961Z] INFO BAR_PUSH object_type=ea object_id=10869460 source_id=Ctrader bar_count=10 symbols=["AUDCAD","AUDCHF","AUDJPY","AUDNZD","AUDUSD","BTCUSD","CADJPY","DE40","ETHUSD","EURAUD"]
[2026-05-25T07:41:38.963Z] INFO BAR_PUSH object_type=ea object_id=10869460 source_id=Ctrader bar_count=10 symbols=["ADAUSD","EURAUD","EURCAD","EURGBP","EURJPY","EURSGD"]
[2026-05-25T07:42:12.962Z] INFO BAR_PUSH object_type=ea object_id=10869460 source_id=Ctrader bar_count=10 symbols=["AUDCAD","AUDCHF","AUDJPY","AUDNZD","AUDUSD","BTCUSD","CADJPY","DE40","ETHUSD","EURAUD"]
[2026-05-25T07:42:44.958Z] INFO BAR_PUSH object_type=ea object_id=10869460 source_id=Ctrader bar_count=10 symbols=["EURCAD","EURGBP","EURJPY","EURSGD","EURUSD","GBPAUD","GBPCAD"]
[2026-05-25T07:43:18.952Z] INFO BAR_PUSH object_type=ea object_id=10869460 source_id=Ctrader bar_count=10 symbols=["ADAUSD","AUDCAD","AUDCHF","AUDJPY","AUDNZD","AUDUSD","BTCUSD","CADJPY","DE40","ETHUSD"]
[2026-05-25T07:43:50.961Z] INFO BAR_PUSH object_type=ea object_id=10869460 source_id=Ctrader bar_count=10 symbols=["EURAUD","EURCAD","EURGBP","EURJPY","EURSGD","EURUSD","GBPAUD","GBPCAD","GBPJPY"]
[2026-05-25T07:44:22.964Z] INFO BAR_PUSH object_type=ea object_id=10869460 source_id=Ctrader bar_count=10 symbols=["AUDCAD","AUDCHF","AUDJPY","AUDNZD","AUDUSD","BTCUSD","CADJPY","DE40","ETHUSD","EURAUD"]
[2026-05-25T07:44:55.005Z] INFO BAR_PUSH object_type=ea object_id=10869460 source_id=Ctrader bar_count=10 symbols=["EURCAD","EURGBP","EURJPY","EURSGD","EURUSD","GBPAUD","GBPCAD","GBPJPY"]
[2026-05-25T07:45:26.960Z] INFO BAR_PUSH object_type=ea object_id=10869460 source_id=Ctrader bar_count=10 symbols=["AUDCAD","AUDCHF","AUDJPY","AUDNZD"]
[2026-05-25T07:45:58.941Z] INFO BAR_PUSH object_type=ea object_id=10869460 source_id=Ctrader bar_count=10 symbols=["ADAUSD","AUDNZD","AUDUSD","BTCUSD"]
[2026-05-25T07:46:30.960Z] INFO BAR_PUSH object_type=ea object_id=10869460 source_id=Ctrader bar_count=10 symbols=["ADAUSD","AUDCAD","AUDCHF","AUDJPY","AUDNZD","AUDUSD","BTCUSD","CADJPY"]
[2026-05-25T07:47:02.955Z] INFO BAR_PUSH object_type=ea object_id=10869460 source_id=Ctrader bar_count=10 symbols=["AUDCAD","AUDCHF","AUDJPY","AUDNZD","AUDUSD","BTCUSD","CADJPY","DE40"]
[2026-05-25T07:47:36.965Z] INFO BAR_PUSH object_type=ea object_id=10869460 source_id=Ctrader bar_count=10 symbols=["ADAUSD","DE40","ETHUSD","EURAUD","EURCAD"]
[2026-05-25T07:48:08.945Z] INFO BAR_PUSH object_type=ea object_id=10869460 source_id=Ctrader bar_count=10 symbols=["AUDCAD","AUDCHF","AUDJPY","AUDNZD","AUDUSD","BTCUSD","CADJPY","DE40","ETHUSD","EURAUD"]
[2026-05-25T07:48:42.951Z] INFO BAR_PUSH object_type=ea object_id=10869460 source_id=Ctrader bar_count=10 symbols=["ADAUSD","EURCAD","EURGBP","EURJPY","EURSGD"]
[2026-05-25T07:49:16.956Z] INFO BAR_PUSH object_type=ea object_id=10869460 source_id=Ctrader bar_count=10 symbols=["AUDCAD","AUDCHF","AUDJPY","AUDNZD","AUDUSD","BTCUSD","CADJPY","DE40","ETHUSD","EURAUD"]
[2026-05-25T07:49:48.958Z] INFO BAR_PUSH object_type=ea object_id=10869460 source_id=Ctrader bar_count=10 symbols=["EURCAD","EURGBP","EURJPY","EURSGD","EURUSD","GBPAUD"]
[2026-05-25T07:50:22.944Z] INFO BAR_PUSH object_type=ea object_id=10869460 source_id=Ctrader bar_count=10 symbols=["AUDCAD","AUDCHF","AUDJPY","AUDNZD","AUDUSD"]
[2026-05-25T07:50:56.946Z] INFO BAR_PUSH object_type=ea object_id=10869460 source_id=Ctrader bar_count=10 symbols=["BTCUSD","CADJPY","DE40","ETHUSD","EURAUD"]
[2026-05-25T07:51:29.116Z] INFO BAR_PUSH object_type=ea object_id=10869460 source_id=Ctrader bar_count=10 symbols=["AUDCAD","AUDCHF","AUDJPY","AUDNZD","AUDUSD","BTCUSD","CADJPY","DE40","ETHUSD","EURAUD"]
[2026-05-25T07:52:00.972Z] INFO BAR_PUSH object_type=ea object_id=10869460 source_id=Ctrader bar_count=10 symbols=["BTCUSD","DE40","EURCAD","EURGBP","EURJPY","EURSGD"]
[2026-05-25T07:52:34.942Z] INFO BAR_PUSH object_type=ea object_id=10869460 source_id=Ctrader bar_count=10 symbols=["AUDCAD","AUDCHF","AUDJPY","AUDNZD","AUDUSD","CADJPY","ETHUSD","EURAUD","EURJPY","EURSGD"]
[2026-05-25T07:53:08.942Z] INFO BAR_PUSH object_type=ea object_id=10869460 source_id=Ctrader bar_count=10 symbols=["AUDCAD","AUDCHF","AUDJPY","AUDNZD","AUDUSD","BTCUSD","CADJPY","DE40","ETHUSD","EURAUD"]
[2026-05-25T07:53:40.957Z] INFO BAR_PUSH object_type=ea object_id=10869460 source_id=Ctrader bar_count=10 symbols=["ADAUSD","EURCAD","EURGBP","EURJPY","EURSGD","EURUSD","GBPAUD"]
[2026-05-25T07:54:12.962Z] INFO BAR_PUSH object_type=ea object_id=10869460 source_id=Ctrader bar_count=10 symbols=["AUDCAD","AUDCHF","AUDJPY","AUDNZD","AUDUSD","BTCUSD","CADJPY","DE40","ETHUSD","EURAUD"]
[2026-05-25T07:54:44.954Z] INFO BAR_PUSH object_type=ea object_id=10869460 source_id=Ctrader bar_count=10 symbols=["ADAUSD","EURCAD","EURGBP","EURJPY","EURSGD","EURUSD","GBPAUD","GBPCAD"]
[2026-05-25T07:55:18.962Z] INFO BAR_PUSH object_type=ea object_id=10869460 source_id=Ctrader bar_count=10 symbols=["ADAUSD","AUDCAD","AUDCHF","AUDJPY","AUDNZD"]
[2026-05-25T07:55:50.951Z] INFO BAR_PUSH object_type=ea object_id=10869460 source_id=Ctrader bar_count=10 symbols=["AUDUSD","BTCUSD","CADJPY","DE40","ETHUSD"]
[2026-05-25T07:56:22.964Z] INFO BAR_PUSH object_type=ea object_id=10869460 source_id=Ctrader bar_count=10 symbols=["AUDCAD","AUDCHF","AUDJPY","AUDNZD","AUDUSD","BTCUSD","CADJPY","DE40","ETHUSD","EURAUD"]
[2026-05-25T07:56:56.960Z] INFO BAR_PUSH object_type=ea object_id=10869460 source_id=Ctrader bar_count=10 symbols=["ADAUSD","EURAUD","EURCAD","EURGBP","EURJPY","EURSGD"]
[2026-05-25T07:57:30.958Z] INFO BAR_PUSH object_type=ea object_id=10869460 source_id=Ctrader bar_count=10 symbols=["AUDCAD","AUDCHF","AUDJPY","AUDNZD","AUDUSD","BTCUSD","CADJPY","DE40","ETHUSD","EURAUD"]
[2026-05-25T07:58:02.957Z] INFO BAR_PUSH object_type=ea object_id=10869460 source_id=Ctrader bar_count=10 symbols=["ADAUSD","AUDCAD","AUDCHF","AUDJPY","AUDNZD","AUDUSD","BTCUSD","CADJPY","DE40","ETHUSD"]
[2026-05-25T07:58:34.961Z] INFO BAR_PUSH object_type=ea object_id=10869460 source_id=Ctrader bar_count=10 symbols=["EURAUD","EURCAD","EURGBP","EURJPY","EURSGD","EURUSD","GBPAUD","GBPCAD"]
[2026-05-25T07:59:06.961Z] INFO BAR_PUSH object_type=ea object_id=10869460 source_id=Ctrader bar_count=10 symbols=["ADAUSD","AUDCAD","AUDCHF","AUDJPY","AUDNZD","AUDUSD","BTCUSD","CADJPY","DE40","ETHUSD"]
[2026-05-25T07:59:38.953Z] INFO BAR_PUSH object_type=ea object_id=10869460 source_id=Ctrader bar_count=10 symbols=["EURAUD","EURCAD","EURGBP","EURJPY","EURSGD","EURUSD","GBPAUD","GBPCAD"]
[2026-05-25T08:00:10.951Z] INFO BAR_PUSH object_type=ea object_id=10869460 source_id=Ctrader bar_count=10 symbols=["ADAUSD","AUDCAD","AUDCHF"]
[2026-05-25T08:00:42.945Z] INFO BAR_PUSH object_type=ea object_id=10869460 source_id=Ctrader bar_count=10 symbols=["AUDCHF","AUDJPY","AUDNZD"]
[2026-05-25T08:01:14.945Z] INFO BAR_PUSH object_type=ea object_id=10869460 source_id=Ctrader bar_count=10 symbols=["ADAUSD","AUDCAD","AUDCHF","AUDJPY","AUDNZD","AUDUSD","BTCUSD"]
[2026-05-25T08:01:46.941Z] INFO BAR_PUSH object_type=ea object_id=10869460 source_id=Ctrader bar_count=10 symbols=["BTCUSD","CADJPY","DE40"]
[2026-05-25T08:02:18.955Z] INFO BAR_PUSH object_type=ea object_id=10869460 source_id=Ctrader bar_count=10 symbols=["AUDCAD","AUDCHF","AUDJPY","AUDNZD","AUDUSD","BTCUSD","CADJPY","DE40","ETHUSD"]
[2026-05-25T08:02:52.960Z] INFO BAR_PUSH object_type=ea object_id=10869460 source_id=Ctrader bar_count=10 symbols=["ETHUSD","EURAUD","EURCAD"]
[2026-05-25T08:03:24.965Z] INFO BAR_PUSH object_type=ea object_id=10869460 source_id=Ctrader bar_count=10 symbols=["AUDCAD","AUDCHF","AUDJPY","AUDNZD","AUDUSD","BTCUSD","CADJPY","DE40","ETHUSD","EURAUD"]
[2026-05-25T08:03:58.949Z] INFO BAR_PUSH object_type=ea object_id=10869460 source_id=Ctrader bar_count=10 symbols=["EURCAD","EURGBP","EURJPY"]
[2026-05-25T08:04:30.941Z] INFO BAR_PUSH object_type=ea object_id=10869460 source_id=Ctrader bar_count=10 symbols=["AUDCAD","AUDCHF","AUDJPY","AUDNZD","AUDUSD","BTCUSD","CADJPY","DE40","ETHUSD","EURAUD"]
[2026-05-25T08:05:02.945Z] INFO BAR_PUSH object_type=ea object_id=10869460 source_id=Ctrader bar_count=10 symbols=["ADAUSD","AUDCAD","AUDCHF","AUDJPY","AUDNZD","AUDUSD"]
[2026-05-25T08:05:34.950Z] INFO BAR_PUSH object_type=ea object_id=10869460 source_id=Ctrader bar_count=10 symbols=["ADAUSD","AUDUSD","BTCUSD","CADJPY","DE40","ETHUSD"]
[2026-05-25T08:06:06.960Z] INFO BAR_PUSH object_type=ea object_id=10869460 source_id=Ctrader bar_count=10 symbols=["AUDCAD","AUDCHF","AUDJPY","AUDNZD","AUDUSD","BTCUSD","CADJPY","DE40","ETHUSD"]
[2026-05-25T08:06:38.955Z] INFO BAR_PUSH object_type=ea object_id=10869460 source_id=Ctrader bar_count=10 symbols=["EURAUD","EURCAD","EURGBP","EURJPY","EURSGD"]
[2026-05-25T08:07:10.960Z] INFO BAR_PUSH object_type=ea object_id=10869460 source_id=Ctrader bar_count=10 symbols=["ADAUSD","AUDCAD","AUDCHF","AUDJPY","AUDNZD","AUDUSD","BTCUSD","CADJPY","DE40","ETHUSD"]
[2026-05-25T08:07:42.952Z] INFO BAR_PUSH object_type=ea object_id=10869460 source_id=Ctrader bar_count=10 symbols=["EURAUD","EURCAD","EURGBP","EURJPY","EURSGD","EURUSD"]
[2026-05-25T08:08:14.962Z] INFO BAR_PUSH object_type=ea object_id=10869460 source_id=Ctrader bar_count=10 symbols=["AUDCAD","AUDCHF","AUDJPY","AUDNZD","AUDUSD","BTCUSD","CADJPY","DE40","ETHUSD","EURAUD"]
[2026-05-25T08:08:46.949Z] INFO BAR_PUSH object_type=ea object_id=10869460 source_id=Ctrader bar_count=10 symbols=["EURCAD","EURGBP","EURJPY","EURSGD","EURUSD","GBPAUD"]
[2026-05-25T08:09:18.946Z] INFO BAR_PUSH object_type=ea object_id=10869460 source_id=Ctrader bar_count=10 symbols=["AUDCAD","AUDCHF","AUDJPY","AUDNZD","AUDUSD","BTCUSD","CADJPY","DE40","ETHUSD","EURAUD"]
[2026-05-25T08:09:52.961Z] INFO BAR_PUSH object_type=ea object_id=10869460 source_id=Ctrader bar_count=10 symbols=["ADAUSD","EURCAD","EURGBP","EURJPY","EURSGD","EURUSD","GBPAUD","GBPCAD"]
[2026-05-25T08:10:24.940Z] INFO BAR_PUSH object_type=ea object_id=10869460 source_id=Ctrader bar_count=10 symbols=["AUDCAD","AUDCHF","AUDJPY","AUDNZD","AUDUSD"]
[2026-05-25T08:10:56.955Z] INFO BAR_PUSH object_type=ea object_id=10869460 source_id=Ctrader bar_count=10 symbols=["BTCUSD","CADJPY","DE40","ETHUSD","EURAUD"]
[2026-05-25T08:11:28.942Z] INFO BAR_PUSH object_type=ea object_id=10869460 source_id=Ctrader bar_count=10 symbols=["ADAUSD","AUDCAD","AUDCHF","AUDJPY","AUDNZD","AUDUSD","BTCUSD","CADJPY","DE40"]
[2026-05-25T08:12:00.952Z] INFO BAR_PUSH object_type=ea object_id=10869460 source_id=Ctrader bar_count=10 symbols=["AUDCAD","AUDCHF","AUDJPY","AUDNZD","AUDUSD","CADJPY","ETHUSD","EURAUD","EURCAD"]
[2026-05-25T08:12:32.978Z] INFO BAR_PUSH object_type=ea object_id=10869460 source_id=Ctrader bar_count=10 symbols=["BTCUSD","DE40","ETHUSD","EURGBP","EURJPY","EURSGD","EURUSD"]
[2026-05-25T08:13:04.956Z] INFO BAR_PUSH object_type=ea object_id=10869460 source_id=Ctrader bar_count=10 symbols=["ADAUSD","AUDCAD","AUDCHF","AUDJPY","AUDNZD","AUDUSD","BTCUSD","CADJPY","DE40","ETHUSD"]
[2026-05-25T08:13:36.958Z] INFO BAR_PUSH object_type=ea object_id=10869460 source_id=Ctrader bar_count=10 symbols=["EURAUD","EURCAD","EURGBP","EURJPY","EURSGD","EURUSD","GBPAUD","GBPCAD"]
[2026-05-25T08:14:08.988Z] INFO BAR_PUSH object_type=ea object_id=10869460 source_id=Ctrader bar_count=10 symbols=["AUDCAD","AUDCHF","AUDJPY","AUDNZD","AUDUSD","BTCUSD","CADJPY","DE40","ETHUSD","EURAUD"]
[2026-05-25T08:14:40.976Z] INFO BAR_PUSH object_type=ea object_id=10869460 source_id=Ctrader bar_count=10 symbols=["ADAUSD","EURCAD","EURGBP","EURJPY","EURSGD","EURUSD","GBPAUD","GBPCAD"]
[2026-05-25T08:15:12.964Z] INFO BAR_PUSH object_type=ea object_id=10869460 source_id=Ctrader bar_count=10 symbols=["AUDCAD","AUDCHF","AUDJPY","AUDNZD"]
[2026-05-25T08:15:44.978Z] INFO BAR_PUSH object_type=ea object_id=10869460 source_id=Ctrader bar_count=10 symbols=["ADAUSD","AUDNZD","AUDUSD","BTCUSD"]
[2026-05-25T08:16:18.966Z] INFO BAR_PUSH object_type=ea object_id=10869460 source_id=Ctrader bar_count=10 symbols=["AUDCAD","AUDCHF","AUDJPY","AUDNZD","AUDUSD","BTCUSD","CADJPY"]
[2026-05-25T08:16:37.447Z] INFO BAR_PUSH object_type=ea object_id=10869460 source_id=Ctrader bar_count=10 symbols=["ADAUSD","AUDCAD"]
[2026-05-25T08:17:09.152Z] INFO BAR_PUSH object_type=ea object_id=10869460 source_id=Ctrader bar_count=10 symbols=["ADAUSD","AUDCAD","AUDCHF"]
[2026-05-25T08:17:41.157Z] INFO BAR_PUSH object_type=ea object_id=10869460 source_id=Ctrader bar_count=10 symbols=["AUDJPY","AUDNZD"]
[2026-05-25T08:18:15.181Z] INFO BAR_PUSH object_type=ea object_id=10869460 source_id=Ctrader bar_count=10 symbols=["ADAUSD","AUDCAD","AUDCHF","AUDJPY","AUDNZD","AUDUSD"]
[2026-05-25T08:18:49.157Z] INFO BAR_PUSH object_type=ea object_id=10869460 source_id=Ctrader bar_count=10 symbols=["AUDUSD","BTCUSD","CADJPY"]
[2026-05-25T08:19:21.175Z] INFO BAR_PUSH object_type=ea object_id=10869460 source_id=Ctrader bar_count=10 symbols=["AUDCAD","AUDCHF","AUDJPY","AUDNZD","AUDUSD","BTCUSD","CADJPY"]
[2026-05-25T08:19:55.172Z] INFO BAR_PUSH object_type=ea object_id=10869460 source_id=Ctrader bar_count=10 symbols=["ADAUSD","CADJPY","DE40","ETHUSD"]
[2026-05-25T08:20:29.166Z] INFO BAR_PUSH object_type=ea object_id=10869460 source_id=Ctrader bar_count=10 symbols=["AUDCAD","AUDCHF","AUDJPY","AUDNZD","AUDUSD"]
[2026-05-25T08:21:03.162Z] INFO BAR_PUSH object_type=ea object_id=10869460 source_id=Ctrader bar_count=10 symbols=["ADAUSD","AUDCAD","AUDCHF","AUDJPY","AUDNZD","AUDUSD","BTCUSD","CADJPY"]
[2026-05-25T08:21:35.164Z] INFO BAR_PUSH object_type=ea object_id=10869460 source_id=Ctrader bar_count=10 symbols=["CADJPY","DE40","ETHUSD","EURAUD"]
[2026-05-25T08:22:09.173Z] INFO BAR_PUSH object_type=ea object_id=10869460 source_id=Ctrader bar_count=10 symbols=["AUDCAD","AUDCHF","AUDJPY","AUDNZD","AUDUSD","BTCUSD","CADJPY","DE40","ETHUSD","EURAUD"]
[2026-05-25T08:22:41.225Z] INFO BAR_PUSH object_type=ea object_id=10869460 source_id=Ctrader bar_count=10 symbols=["EURAUD","EURCAD"]
[2026-05-25T08:23:15.171Z] INFO BAR_PUSH object_type=ea object_id=10869460 source_id=Ctrader bar_count=10 symbols=["ADAUSD","AUDCAD","AUDCHF","AUDJPY","AUDNZD","AUDUSD","BTCUSD","CADJPY","DE40","ETHUSD"]
[2026-05-25T08:23:47.164Z] INFO BAR_PUSH object_type=ea object_id=10869460 source_id=Ctrader bar_count=10 symbols=["EURAUD","EURCAD","EURGBP","EURJPY"]
[2026-05-25T08:24:19.158Z] INFO BAR_PUSH object_type=ea object_id=10869460 source_id=Ctrader bar_count=10 symbols=["ADAUSD","AUDCAD","AUDCHF","AUDJPY","AUDNZD","AUDUSD","BTCUSD","CADJPY","DE40","ETHUSD"]
[2026-05-25T08:24:51.166Z] INFO BAR_PUSH object_type=ea object_id=10869460 source_id=Ctrader bar_count=10 symbols=["EURAUD","EURCAD","EURGBP","EURJPY","EURSGD"]
[2026-05-25T08:25:25.162Z] INFO BAR_PUSH object_type=ea object_id=10869460 source_id=Ctrader bar_count=10 symbols=["AUDCAD","AUDCHF","AUDJPY","AUDNZD","AUDUSD"]
[2026-05-25T08:25:57.176Z] INFO BAR_PUSH object_type=ea object_id=10869460 source_id=Ctrader bar_count=10 symbols=["BTCUSD","CADJPY","DE40","ETHUSD","EURAUD"]
[2026-05-25T08:26:29.171Z] INFO BAR_PUSH object_type=ea object_id=10869460 source_id=Ctrader bar_count=10 symbols=["AUDCAD","AUDCHF","AUDJPY","AUDNZD","AUDUSD","BTCUSD","CADJPY","DE40","ETHUSD","EURAUD"]
[2026-05-25T08:27:01.167Z] INFO BAR_PUSH object_type=ea object_id=10869460 source_id=Ctrader bar_count=10 symbols=["AUDCAD","AUDCHF","AUDJPY","AUDNZD","AUDUSD","DE40","ETHUSD","EURAUD","EURCAD"]
[2026-05-25T08:27:33.152Z] INFO BAR_PUSH object_type=ea object_id=10869460 source_id=Ctrader bar_count=10 symbols=["BTCUSD","CADJPY","EURGBP","EURJPY","EURSGD"]
[2026-05-25T08:28:05.164Z] INFO BAR_PUSH object_type=ea object_id=10869460 source_id=Ctrader bar_count=10 symbols=["AUDCAD","AUDCHF","AUDJPY","AUDNZD","AUDUSD","BTCUSD","CADJPY","DE40","EURAUD","EURCAD"]
[2026-05-25T08:28:37.164Z] INFO BAR_PUSH object_type=ea object_id=10869460 source_id=Ctrader bar_count=10 symbols=["ETHUSD","EURGBP","EURJPY","EURSGD","EURUSD"]
[2026-05-25T08:29:09.167Z] INFO BAR_PUSH object_type=ea object_id=10869460 source_id=Ctrader bar_count=10 symbols=["AUDCAD","AUDCHF","AUDJPY","AUDNZD","AUDUSD","BTCUSD","CADJPY","DE40","ETHUSD","EURAUD"]
[2026-05-25T08:29:43.161Z] INFO BAR_PUSH object_type=ea object_id=10869460 source_id=Ctrader bar_count=10 symbols=["EURCAD","EURGBP","EURJPY","EURSGD","EURUSD","GBPAUD"]
[2026-05-25T08:30:17.154Z] INFO BAR_PUSH object_type=ea object_id=10869460 source_id=Ctrader bar_count=10 symbols=["AUDCAD","AUDCHF","AUDJPY","AUDNZD"]
[2026-05-25T08:31:05.246Z] INFO BAR_PUSH object_type=ea object_id=10869460 source_id=Ctrader bar_count=10 symbols=["ADAUSD","AUDCAD","AUDCHF","AUDJPY","AUDNZD","AUDUSD"]
[2026-05-25T08:31:37.155Z] INFO BAR_PUSH object_type=ea object_id=10869460 source_id=Ctrader bar_count=10 symbols=["AUDUSD","BTCUSD","CADJPY","DE40"]
[2026-05-25T08:32:09.160Z] INFO BAR_PUSH object_type=ea object_id=10869460 source_id=Ctrader bar_count=10 symbols=["AUDCAD","AUDCHF","AUDJPY","AUDNZD","AUDUSD","BTCUSD","CADJPY","DE40","ETHUSD"]
[2026-05-25T08:32:43.172Z] INFO BAR_PUSH object_type=ea object_id=10869460 source_id=Ctrader bar_count=10 symbols=["ADAUSD","ETHUSD","EURAUD","EURCAD","EURGBP"]
[2026-05-25T08:33:15.184Z] INFO BAR_PUSH object_type=ea object_id=10869460 source_id=Ctrader bar_count=10 symbols=["AUDCAD","AUDCHF","AUDJPY","AUDNZD","AUDUSD","BTCUSD","CADJPY","DE40","ETHUSD","EURAUD"]
[2026-05-25T08:33:47.161Z] INFO BAR_PUSH object_type=ea object_id=10869460 source_id=Ctrader bar_count=10 symbols=["ADAUSD","EURCAD","EURGBP","EURJPY","EURSGD"]
[2026-05-25T08:34:19.168Z] INFO BAR_PUSH object_type=ea object_id=10869460 source_id=Ctrader bar_count=10 symbols=["AUDCAD","AUDCHF","AUDJPY","AUDNZD","AUDUSD","BTCUSD","CADJPY","DE40","ETHUSD","EURAUD"]
[2026-05-25T09:42:24.706Z] INFO BAR_PUSH object_type=ea object_id=10869460 source_id=Ctrader bar_count=10 symbols=["ADAUSD","AUDCAD"]
[2026-05-25T09:42:56.150Z] INFO BAR_PUSH object_type=ea object_id=10869460 source_id=Ctrader bar_count=10 symbols=["AUDCAD","AUDCHF","AUDJPY"]
[2026-05-25T09:43:30.164Z] INFO BAR_PUSH object_type=ea object_id=10869460 source_id=Ctrader bar_count=10 symbols=["AUDCAD","AUDCHF","AUDJPY","AUDNZD"]
[2026-05-25T09:44:04.160Z] INFO BAR_PUSH object_type=ea object_id=10869460 source_id=Ctrader bar_count=10 symbols=["AUDCAD","AUDJPY","AUDNZD","AUDUSD"]
[2026-05-25T09:44:36.178Z] INFO BAR_PUSH object_type=ea object_id=10869460 source_id=Ctrader bar_count=10 symbols=["ADAUSD","AUDCHF","AUDNZD","AUDUSD","BTCUSD"]
[2026-05-25T09:45:10.171Z] INFO BAR_PUSH object_type=ea object_id=10869460 source_id=Ctrader bar_count=10 symbols=["ADAUSD","AUDCAD","AUDCHF","AUDJPY"]
[2026-05-25T09:45:42.176Z] INFO BAR_PUSH object_type=ea object_id=10869460 source_id=Ctrader bar_count=10 symbols=["AUDJPY","AUDNZD","AUDUSD","BTCUSD"]
[2026-05-25T09:46:14.165Z] INFO BAR_PUSH object_type=ea object_id=10869460 source_id=Ctrader bar_count=10 symbols=["AUDCAD","AUDCHF","AUDJPY","AUDNZD","AUDUSD","BTCUSD","CADJPY"]
[2026-05-25T09:46:46.185Z] INFO BAR_PUSH object_type=ea object_id=10869460 source_id=Ctrader bar_count=10 symbols=["CADJPY","DE40","ETHUSD"]
[2026-05-25T09:47:18.158Z] INFO BAR_PUSH object_type=ea object_id=10869460 source_id=Ctrader bar_count=10 symbols=["AUDCAD","AUDCHF","AUDJPY","AUDNZD","AUDUSD","BTCUSD","CADJPY","DE40","ETHUSD"]
[2026-05-25T09:47:50.170Z] INFO BAR_PUSH object_type=ea object_id=10869460 source_id=Ctrader bar_count=10 symbols=["ADAUSD","ETHUSD","EURAUD"]
[2026-05-25T09:48:24.173Z] INFO BAR_PUSH object_type=ea object_id=10869460 source_id=Ctrader bar_count=10 symbols=["ADAUSD","AUDCAD","AUDCHF","AUDJPY","AUDNZD","AUDUSD","BTCUSD","CADJPY","DE40","ETHUSD"]
[2026-05-25T09:48:56.182Z] INFO BAR_PUSH object_type=ea object_id=10869460 source_id=Ctrader bar_count=10 symbols=["EURAUD","EURCAD","EURGBP"]
[2026-05-25T09:49:30.174Z] INFO BAR_PUSH object_type=ea object_id=10869460 source_id=Ctrader bar_count=10 symbols=["AUDCAD","AUDCHF","AUDJPY","AUDNZD","AUDUSD","BTCUSD","CADJPY","DE40","ETHUSD","EURAUD"]
[2026-05-25T09:50:02.166Z] INFO BAR_PUSH object_type=ea object_id=10869460 source_id=Ctrader bar_count=10 symbols=["ADAUSD","AUDCAD","AUDCHF","AUDJPY","AUDNZD"]
[2026-05-25T09:50:34.175Z] INFO BAR_PUSH object_type=ea object_id=10869460 source_id=Ctrader bar_count=10 symbols=["AUDUSD","BTCUSD","CADJPY","DE40","ETHUSD"]
[2026-05-25T09:51:06.169Z] INFO BAR_PUSH object_type=ea object_id=10869460 source_id=Ctrader bar_count=10 symbols=["AUDCAD","AUDCHF","AUDJPY","AUDNZD","AUDUSD","BTCUSD","CADJPY","DE40","ETHUSD","EURAUD"]
[2026-05-25T09:51:38.173Z] INFO BAR_PUSH object_type=ea object_id=10869460 source_id=Ctrader bar_count=10 symbols=["ADAUSD","EURAUD","EURCAD","EURGBP"]
[2026-05-25T09:52:10.160Z] INFO BAR_PUSH object_type=ea object_id=10869460 source_id=Ctrader bar_count=10 symbols=["AUDCAD","AUDCHF","AUDJPY","AUDNZD","AUDUSD","BTCUSD","CADJPY","DE40","ETHUSD","EURAUD"]
[2026-05-25T09:52:42.171Z] INFO BAR_PUSH object_type=ea object_id=10869460 source_id=Ctrader bar_count=10 symbols=["ADAUSD","EURCAD","EURGBP","EURJPY","EURSGD"]
[2026-05-25T09:53:14.188Z] INFO BAR_PUSH object_type=ea object_id=10869460 source_id=Ctrader bar_count=10 symbols=["AUDCAD","AUDCHF","AUDJPY","AUDNZD","AUDUSD","BTCUSD","CADJPY","DE40","ETHUSD","EURAUD"]
[2026-05-25T09:53:46.158Z] INFO BAR_PUSH object_type=ea object_id=10869460 source_id=Ctrader bar_count=10 symbols=["ADAUSD","EURCAD","EURGBP","EURJPY","EURSGD"]
[2026-05-25T09:54:18.161Z] INFO BAR_PUSH object_type=ea object_id=10869460 source_id=Ctrader bar_count=10 symbols=["AUDCAD","AUDCHF","AUDJPY","AUDNZD","AUDUSD","BTCUSD","CADJPY","DE40","ETHUSD","EURAUD"]
[2026-05-25T09:54:50.158Z] INFO BAR_PUSH object_type=ea object_id=10869460 source_id=Ctrader bar_count=10 symbols=["EURCAD","EURGBP","EURJPY","EURSGD","EURUSD"]
[2026-05-25T09:55:22.150Z] INFO BAR_PUSH object_type=ea object_id=10869460 source_id=Ctrader bar_count=10 symbols=["AUDCAD","AUDCHF","AUDJPY","AUDNZD","AUDUSD"]
[2026-05-25T09:55:54.156Z] INFO BAR_PUSH object_type=ea object_id=10869460 source_id=Ctrader bar_count=10 symbols=["ADAUSD","BTCUSD","CADJPY","DE40","ETHUSD"]
[2026-05-25T09:56:28.169Z] INFO BAR_PUSH object_type=ea object_id=10869460 source_id=Ctrader bar_count=10 symbols=["AUDCAD","AUDCHF","AUDJPY","AUDNZD","AUDUSD","BTCUSD","CADJPY","DE40","ETHUSD","EURAUD"]
[2026-05-25T09:57:00.163Z] INFO BAR_PUSH object_type=ea object_id=10869460 source_id=Ctrader bar_count=10 symbols=["ADAUSD","DE40","EURAUD","EURCAD","EURGBP","EURJPY","EURSGD"]
[2026-05-25T09:57:34.154Z] INFO BAR_PUSH object_type=ea object_id=10869460 source_id=Ctrader bar_count=10 symbols=["AUDCAD","AUDCHF","AUDJPY","AUDNZD","AUDUSD","BTCUSD","CADJPY","ETHUSD","EURAUD","EURCAD"]
[2026-05-25T09:58:06.160Z] INFO BAR_PUSH object_type=ea object_id=10869460 source_id=Ctrader bar_count=10 symbols=["ADAUSD","AUDCAD","AUDCHF","AUDJPY","AUDNZD","AUDUSD","BTCUSD","CADJPY","DE40","ETHUSD"]
[2026-05-25T09:58:38.167Z] INFO BAR_PUSH object_type=ea object_id=10869460 source_id=Ctrader bar_count=10 symbols=["ADAUSD","EURAUD","EURCAD","EURGBP","EURJPY","EURSGD","EURUSD","GBPAUD"]
[2026-05-25T09:59:10.161Z] INFO BAR_PUSH object_type=ea object_id=10869460 source_id=Ctrader bar_count=10 symbols=["ADAUSD","AUDCAD","AUDCHF","AUDJPY","AUDNZD","AUDUSD","BTCUSD","CADJPY","DE40","ETHUSD"]
[2026-05-25T09:59:42.155Z] INFO BAR_PUSH object_type=ea object_id=10869460 source_id=Ctrader bar_count=10 symbols=["EURAUD","EURCAD","EURGBP","EURJPY","EURSGD","EURUSD","GBPAUD"]
[2026-05-25T10:00:14.139Z] INFO BAR_PUSH object_type=ea object_id=10869460 source_id=Ctrader bar_count=10 symbols=["AUDCAD","AUDCHF","AUDJPY"]
[2026-05-25T10:00:46.135Z] INFO BAR_PUSH object_type=ea object_id=10869460 source_id=Ctrader bar_count=10 symbols=["AUDJPY","AUDNZD","AUDUSD"]
[2026-05-25T10:01:18.162Z] INFO BAR_PUSH object_type=ea object_id=10869460 source_id=Ctrader bar_count=10 symbols=["ADAUSD","AUDCAD","AUDCHF","AUDJPY","AUDNZD","AUDUSD","BTCUSD"]
[2026-05-25T10:01:50.150Z] INFO BAR_PUSH object_type=ea object_id=10869460 source_id=Ctrader bar_count=10 symbols=["BTCUSD","CADJPY","DE40"]
[2026-05-25T10:02:22.160Z] INFO BAR_PUSH object_type=ea object_id=10869460 source_id=Ctrader bar_count=10 symbols=["ADAUSD","AUDCAD","AUDCHF","AUDJPY","AUDNZD","AUDUSD","BTCUSD","CADJPY","DE40"]
[2026-05-25T10:02:56.150Z] INFO BAR_PUSH object_type=ea object_id=10869460 source_id=Ctrader bar_count=10 symbols=["ETHUSD","EURAUD","EURCAD"]
[2026-05-25T10:04:06.174Z] INFO BAR_PUSH object_type=ea object_id=10869460 source_id=Ctrader bar_count=10 symbols=["AUDCAD","AUDCHF","AUDJPY","AUDNZD","AUDUSD","BTCUSD","CADJPY","DE40","ETHUSD","EURAUD"]
[2026-05-25T10:04:38.150Z] INFO BAR_PUSH object_type=ea object_id=10869460 source_id=Ctrader bar_count=10 symbols=["EURCAD","EURGBP","EURJPY"]
[2026-05-25T10:05:10.170Z] INFO BAR_PUSH object_type=ea object_id=10869460 source_id=Ctrader bar_count=10 symbols=["ADAUSD","AUDCAD","AUDCHF","AUDJPY","AUDNZD"]
[2026-05-25T10:05:44.177Z] INFO BAR_PUSH object_type=ea object_id=10869460 source_id=Ctrader bar_count=10 symbols=["AUDUSD","BTCUSD","CADJPY","DE40","ETHUSD"]
[2026-05-25T10:06:16.173Z] INFO BAR_PUSH object_type=ea object_id=10869460 source_id=Ctrader bar_count=10 symbols=["ADAUSD","AUDCAD","AUDCHF","AUDJPY","AUDNZD","AUDUSD","BTCUSD","CADJPY","DE40","ETHUSD"]
[2026-05-25T10:06:48.153Z] INFO BAR_PUSH object_type=ea object_id=10869460 source_id=Ctrader bar_count=10 symbols=["EURAUD","EURCAD","EURGBP","EURJPY","EURSGD"]
[2026-05-25T10:07:20.158Z] INFO BAR_PUSH object_type=ea object_id=10869460 source_id=Ctrader bar_count=10 symbols=["AUDCAD","AUDCHF","AUDJPY","AUDNZD","AUDUSD","BTCUSD","CADJPY","DE40","ETHUSD","EURAUD"]
[2026-05-25T10:07:52.168Z] INFO BAR_PUSH object_type=ea object_id=10869460 source_id=Ctrader bar_count=10 symbols=["EURCAD","EURGBP","EURJPY","EURSGD","EURUSD"]
[2026-05-25T10:39:09.683Z] INFO BAR_PUSH object_type=ea object_id=10869460 source_id=Ctrader bar_count=10 symbols=["ADAUSD","AUDCAD"]
[2026-05-25T10:39:41.177Z] INFO BAR_PUSH object_type=ea object_id=10869460 source_id=Ctrader bar_count=10 symbols=["ADAUSD","AUDCAD","AUDCHF","AUDJPY"]
[2026-05-25T10:40:17.188Z] INFO BAR_PUSH object_type=ea object_id=10869460 source_id=Ctrader bar_count=10 symbols=["AUDCAD","AUDCHF","AUDJPY"]
[2026-05-25T10:40:49.178Z] INFO BAR_PUSH object_type=ea object_id=10869460 source_id=Ctrader bar_count=10 symbols=["AUDNZD","AUDUSD"]
[2026-05-25T10:41:21.191Z] INFO BAR_PUSH object_type=ea object_id=10869460 source_id=Ctrader bar_count=10 symbols=["AUDCAD","AUDCHF","AUDJPY","AUDNZD","AUDUSD","BTCUSD"]
[2026-05-25T10:41:53.178Z] INFO BAR_PUSH object_type=ea object_id=10869460 source_id=Ctrader bar_count=10 symbols=["BTCUSD","CADJPY","DE40"]
[2026-05-25T10:42:25.190Z] INFO BAR_PUSH object_type=ea object_id=10869460 source_id=Ctrader bar_count=10 symbols=["ADAUSD","AUDCAD","AUDCHF","AUDJPY","AUDNZD","AUDUSD","BTCUSD","CADJPY","DE40"]
[2026-05-25T10:42:57.178Z] INFO BAR_PUSH object_type=ea object_id=10869460 source_id=Ctrader bar_count=10 symbols=["DE40","ETHUSD"]
[2026-05-25T10:43:31.192Z] INFO BAR_PUSH object_type=ea object_id=10869460 source_id=Ctrader bar_count=10 symbols=["AUDCAD","AUDCHF","AUDJPY","AUDNZD","AUDUSD","BTCUSD","CADJPY","DE40","ETHUSD"]
[2026-05-25T10:44:03.190Z] INFO BAR_PUSH object_type=ea object_id=10869460 source_id=Ctrader bar_count=10 symbols=["AUDCAD","AUDCHF","AUDJPY","AUDNZD","AUDUSD","BTCUSD","CADJPY","DE40","ETHUSD","EURAUD"]
[2026-05-25T10:44:35.190Z] INFO BAR_PUSH object_type=ea object_id=10869460 source_id=Ctrader bar_count=10 symbols=["EURAUD","EURCAD"]
[2026-05-25T10:45:07.188Z] INFO BAR_PUSH object_type=ea object_id=10869460 source_id=Ctrader bar_count=10 symbols=["AUDCAD","AUDCHF","AUDJPY","AUDNZD"]
[2026-05-25T10:45:39.183Z] INFO BAR_PUSH object_type=ea object_id=10869460 source_id=Ctrader bar_count=10 symbols=["ADAUSD","AUDNZD","AUDUSD","BTCUSD"]
[2026-05-25T10:46:11.199Z] INFO BAR_PUSH object_type=ea object_id=10869460 source_id=Ctrader bar_count=10 symbols=["ADAUSD","AUDCAD","AUDCHF","AUDJPY","AUDNZD","AUDUSD","BTCUSD","CADJPY"]
[2026-05-25T10:46:43.180Z] INFO BAR_PUSH object_type=ea object_id=10869460 source_id=Ctrader bar_count=10 symbols=["CADJPY","DE40","ETHUSD","EURAUD"]
[2026-05-25T10:47:15.274Z] INFO BAR_PUSH object_type=ea object_id=10869460 source_id=Ctrader bar_count=10 symbols=["AUDCAD","AUDCHF","AUDJPY","AUDNZD","AUDUSD","BTCUSD","CADJPY","DE40","ETHUSD","EURAUD"]
[2026-05-25T10:47:47.202Z] INFO BAR_PUSH object_type=ea object_id=10869460 source_id=Ctrader bar_count=10 symbols=["EURCAD","EURGBP"]
[2026-05-25T10:48:21.202Z] INFO BAR_PUSH object_type=ea object_id=10869460 source_id=Ctrader bar_count=10 symbols=["AUDCAD","AUDCHF","AUDJPY","AUDNZD","AUDUSD","BTCUSD","CADJPY","DE40","ETHUSD","EURAUD"]
[2026-05-25T10:48:53.222Z] INFO BAR_PUSH object_type=ea object_id=10869460 source_id=Ctrader bar_count=10 symbols=["EURCAD","EURGBP","EURJPY","EURSGD"]
[2026-05-25T10:49:27.217Z] INFO BAR_PUSH object_type=ea object_id=10869460 source_id=Ctrader bar_count=10 symbols=["AUDCAD","AUDCHF","AUDJPY","AUDNZD","AUDUSD","BTCUSD","CADJPY","DE40","ETHUSD","EURAUD"]
[2026-05-25T10:49:59.212Z] INFO BAR_PUSH object_type=ea object_id=10869460 source_id=Ctrader bar_count=10 symbols=["EURCAD","EURGBP","EURJPY","EURSGD","EURUSD"]
[2026-05-25T10:50:31.204Z] INFO BAR_PUSH object_type=ea object_id=10869460 source_id=Ctrader bar_count=10 symbols=["AUDCAD","AUDCHF","AUDJPY","AUDNZD","AUDUSD"]
[2026-05-25T10:51:03.225Z] INFO BAR_PUSH object_type=ea object_id=10869460 source_id=Ctrader bar_count=10 symbols=["AUDCAD","AUDCHF","AUDJPY","AUDNZD","AUDUSD","BTCUSD","CADJPY","DE40"]
[2026-05-25T10:51:37.207Z] INFO BAR_PUSH object_type=ea object_id=10869460 source_id=Ctrader bar_count=10 symbols=["ADAUSD","DE40","ETHUSD","EURAUD","EURCAD","EURGBP"]
[2026-05-25T10:52:09.226Z] INFO BAR_PUSH object_type=ea object_id=10869460 source_id=Ctrader bar_count=10 symbols=["ADAUSD","AUDCAD","AUDJPY","AUDNZD","AUDUSD","BTCUSD","CADJPY","DE40","ETHUSD","EURAUD"]
[2026-05-25T10:52:41.204Z] INFO BAR_PUSH object_type=ea object_id=10869460 source_id=Ctrader bar_count=10 symbols=["AUDCHF","EURCAD","EURGBP","EURJPY","EURSGD","EURUSD"]
[2026-05-25T10:53:13.209Z] INFO BAR_PUSH object_type=ea object_id=10869460 source_id=Ctrader bar_count=10 symbols=["ADAUSD","AUDCAD","AUDCHF","AUDJPY","AUDNZD","AUDUSD","BTCUSD","CADJPY","DE40","ETHUSD"]
[2026-05-25T10:53:45.223Z] INFO BAR_PUSH object_type=ea object_id=10869460 source_id=Ctrader bar_count=10 symbols=["EURAUD","EURCAD","EURGBP","EURJPY","EURSGD","EURUSD"]
[2026-05-25T10:54:17.229Z] INFO BAR_PUSH object_type=ea object_id=10869460 source_id=Ctrader bar_count=10 symbols=["AUDCAD","AUDCHF","AUDJPY","AUDNZD","AUDUSD","BTCUSD","CADJPY","DE40","ETHUSD","EURAUD"]
[2026-05-25T10:54:49.197Z] INFO BAR_PUSH object_type=ea object_id=10869460 source_id=Ctrader bar_count=10 symbols=["EURCAD","EURGBP","EURJPY","EURSGD","EURUSD","GBPAUD"]
[2026-05-25T10:55:21.280Z] INFO BAR_PUSH object_type=ea object_id=10869460 source_id=Ctrader bar_count=10 symbols=["AUDCAD","AUDCHF","AUDJPY","AUDNZD","AUDUSD"]
[2026-05-25T10:55:53.229Z] INFO BAR_PUSH object_type=ea object_id=10869460 source_id=Ctrader bar_count=10 symbols=["BTCUSD","CADJPY","DE40","ETHUSD","EURAUD"]
[2026-05-25T10:56:25.218Z] INFO BAR_PUSH object_type=ea object_id=10869460 source_id=Ctrader bar_count=10 symbols=["ADAUSD","AUDCAD","AUDCHF","AUDJPY","AUDNZD","AUDUSD","BTCUSD","CADJPY","DE40"]
[2026-05-25T10:56:57.198Z] INFO BAR_PUSH object_type=ea object_id=10869460 source_id=Ctrader bar_count=10 symbols=["ETHUSD","EURAUD","EURCAD","EURGBP","EURJPY","EURSGD"]
[2026-05-25T10:57:29.216Z] INFO BAR_PUSH object_type=ea object_id=10869460 source_id=Ctrader bar_count=10 symbols=["ADAUSD","AUDCAD","AUDCHF","AUDJPY","AUDNZD","AUDUSD","BTCUSD","CADJPY","DE40","ETHUSD"]
[2026-05-25T10:58:01.228Z] INFO BAR_PUSH object_type=ea object_id=10869460 source_id=Ctrader bar_count=10 symbols=["AUDCAD","AUDCHF","AUDJPY","AUDNZD","AUDUSD","BTCUSD","CADJPY","DE40","EURAUD","EURCAD"]
[2026-05-25T10:58:33.216Z] INFO BAR_PUSH object_type=ea object_id=10869460 source_id=Ctrader bar_count=10 symbols=["ADAUSD","ETHUSD","EURGBP","EURJPY","EURSGD","EURUSD","GBPAUD"]
[2026-05-25T10:59:05.228Z] INFO BAR_PUSH object_type=ea object_id=10869460 source_id=Ctrader bar_count=10 symbols=["AUDCAD","AUDCHF","AUDJPY","AUDNZD","AUDUSD","BTCUSD","CADJPY","DE40","EURAUD","EURCAD"]
[2026-05-25T10:59:37.212Z] INFO BAR_PUSH object_type=ea object_id=10869460 source_id=Ctrader bar_count=10 symbols=["ETHUSD","EURGBP","EURJPY","EURSGD","EURUSD","GBPAUD","GBPCAD"]
[2026-05-25T11:00:09.190Z] INFO BAR_PUSH object_type=ea object_id=10869460 source_id=Ctrader bar_count=10 symbols=["AUDCAD","AUDCHF","AUDJPY"]
[2026-05-25T11:00:41.190Z] INFO BAR_PUSH object_type=ea object_id=10869460 source_id=Ctrader bar_count=10 symbols=["ADAUSD","AUDJPY","AUDNZD"]
[2026-05-25T11:01:13.211Z] INFO BAR_PUSH object_type=ea object_id=10869460 source_id=Ctrader bar_count=10 symbols=["AUDCAD","AUDCHF","AUDJPY","AUDNZD","AUDUSD","BTCUSD"]
[2026-05-25T11:01:45.188Z] INFO BAR_PUSH object_type=ea object_id=10869460 source_id=Ctrader bar_count=10 symbols=["BTCUSD","CADJPY","DE40"]
[2026-05-25T11:02:17.209Z] INFO BAR_PUSH object_type=ea object_id=10869460 source_id=Ctrader bar_count=10 symbols=["AUDCAD","AUDCHF","AUDJPY","AUDNZD","AUDUSD","BTCUSD","CADJPY","DE40","ETHUSD"]
[2026-05-25T11:02:49.229Z] INFO BAR_PUSH object_type=ea object_id=10869460 source_id=Ctrader bar_count=10 symbols=["ADAUSD","ETHUSD","EURAUD","EURCAD"]
[2026-05-25T11:03:23.217Z] INFO BAR_PUSH object_type=ea object_id=10869460 source_id=Ctrader bar_count=10 symbols=["ADAUSD","AUDCAD","AUDCHF","AUDJPY","AUDNZD","AUDUSD","BTCUSD","CADJPY","DE40","ETHUSD"]
[2026-05-25T11:03:55.194Z] INFO BAR_PUSH object_type=ea object_id=10869460 source_id=Ctrader bar_count=10 symbols=["EURAUD","EURCAD","EURGBP","EURJPY"]
[2026-05-25T11:04:27.236Z] INFO BAR_PUSH object_type=ea object_id=10869460 source_id=Ctrader bar_count=10 symbols=["AUDCAD","AUDCHF","AUDJPY","AUDNZD","AUDUSD","BTCUSD","CADJPY","DE40","ETHUSD","EURAUD"]
[2026-05-25T11:04:59.210Z] INFO BAR_PUSH object_type=ea object_id=10869460 source_id=Ctrader bar_count=10 symbols=["ADAUSD","EURCAD","EURGBP","EURJPY","EURSGD","EURUSD"]
[2026-05-25T11:05:31.203Z] INFO BAR_PUSH object_type=ea object_id=10869460 source_id=Ctrader bar_count=10 symbols=["ADAUSD","AUDCAD","AUDCHF","AUDJPY","AUDNZD"]
[2026-05-25T11:06:05.232Z] INFO BAR_PUSH object_type=ea object_id=10869460 source_id=Ctrader bar_count=10 symbols=["AUDCAD","AUDCHF","AUDJPY","AUDNZD","AUDUSD","BTCUSD","CADJPY"]
[2026-05-25T11:06:37.204Z] INFO BAR_PUSH object_type=ea object_id=10869460 source_id=Ctrader bar_count=10 symbols=["ADAUSD","DE40","ETHUSD","EURAUD","EURCAD","EURGBP"]
[2026-05-25T11:07:09.219Z] INFO BAR_PUSH object_type=ea object_id=10869460 source_id=Ctrader bar_count=10 symbols=["AUDCAD","AUDCHF","AUDJPY","AUDNZD","AUDUSD","BTCUSD","CADJPY","DE40","ETHUSD","EURAUD"]
[2026-05-25T11:07:43.192Z] INFO BAR_PUSH object_type=ea object_id=10869460 source_id=Ctrader bar_count=10 symbols=["ADAUSD","EURCAD","EURGBP","EURJPY","EURSGD","EURUSD"]
[2026-05-25T11:08:17.236Z] INFO BAR_PUSH object_type=ea object_id=10869460 source_id=Ctrader bar_count=10 symbols=["ADAUSD","AUDCAD","AUDCHF","AUDJPY","AUDNZD","AUDUSD","BTCUSD","CADJPY","DE40","ETHUSD"]
[2026-05-25T11:08:51.243Z] INFO BAR_PUSH object_type=ea object_id=10869460 source_id=Ctrader bar_count=10 symbols=["EURAUD","EURCAD","EURGBP","EURJPY","EURSGD","EURUSD","GBPAUD"]
[2026-05-25T11:09:23.228Z] INFO BAR_PUSH object_type=ea object_id=10869460 source_id=Ctrader bar_count=10 symbols=["AUDCAD","AUDCHF","AUDJPY","AUDNZD","AUDUSD","BTCUSD","CADJPY","DE40","ETHUSD","EURAUD"]
[2026-05-25T11:09:55.200Z] INFO BAR_PUSH object_type=ea object_id=10869460 source_id=Ctrader bar_count=10 symbols=["ADAUSD","EURCAD","EURGBP","EURJPY","EURSGD","EURUSD","GBPAUD","GBPCAD"]
[2026-05-25T11:10:27.209Z] INFO BAR_PUSH object_type=ea object_id=10869460 source_id=Ctrader bar_count=10 symbols=["AUDCAD","AUDCHF","AUDJPY","AUDNZD","AUDUSD"]
[2026-05-25T11:10:59.218Z] INFO BAR_PUSH object_type=ea object_id=10869460 source_id=Ctrader bar_count=10 symbols=["BTCUSD","CADJPY","DE40","ETHUSD","EURAUD"]
[2026-05-25T11:11:33.208Z] INFO BAR_PUSH object_type=ea object_id=10869460 source_id=Ctrader bar_count=10 symbols=["ADAUSD","AUDCAD","AUDCHF","AUDJPY","AUDNZD","AUDUSD","BTCUSD","CADJPY","DE40"]
[2026-05-25T11:12:07.208Z] INFO BAR_PUSH object_type=ea object_id=10869460 source_id=Ctrader bar_count=10 symbols=["AUDCAD","AUDCHF","AUDJPY","AUDNZD","AUDUSD","BTCUSD","CADJPY","DE40","ETHUSD","EURAUD"]
[2026-05-25T11:12:39.205Z] INFO BAR_PUSH object_type=ea object_id=10869460 source_id=Ctrader bar_count=10 symbols=["ETHUSD","EURCAD","EURGBP","EURJPY","EURSGD","EURUSD"]
[2026-05-25T11:13:13.209Z] INFO BAR_PUSH object_type=ea object_id=10869460 source_id=Ctrader bar_count=10 symbols=["AUDCAD","AUDCHF","AUDJPY","AUDNZD","AUDUSD","BTCUSD","CADJPY","DE40","ETHUSD","EURAUD"]
[2026-05-25T11:13:47.210Z] INFO BAR_PUSH object_type=ea object_id=10869460 source_id=Ctrader bar_count=10 symbols=["EURCAD","EURGBP","EURJPY","EURSGD","EURUSD","GBPAUD","GBPCAD"]
[2026-05-25T11:14:19.220Z] INFO BAR_PUSH object_type=ea object_id=10869460 source_id=Ctrader bar_count=10 symbols=["ADAUSD","AUDCAD","AUDCHF","AUDJPY","AUDNZD","AUDUSD","BTCUSD","CADJPY","DE40","ETHUSD"]
[2026-05-25T11:14:51.210Z] INFO BAR_PUSH object_type=ea object_id=10869460 source_id=Ctrader bar_count=10 symbols=["EURAUD","EURCAD","EURGBP","EURJPY","EURSGD","EURUSD","GBPAUD","GBPCAD"]
[2026-05-25T11:15:23.216Z] INFO BAR_PUSH object_type=ea object_id=10869460 source_id=Ctrader bar_count=10 symbols=["ADAUSD","AUDCAD","AUDCHF","AUDJPY"]
[2026-05-25T11:15:55.205Z] INFO BAR_PUSH object_type=ea object_id=10869460 source_id=Ctrader bar_count=10 symbols=["AUDJPY","AUDNZD","AUDUSD","BTCUSD"]
[2026-05-25T11:16:27.205Z] INFO BAR_PUSH object_type=ea object_id=10869460 source_id=Ctrader bar_count=10 symbols=["ADAUSD","AUDCAD","AUDCHF","AUDJPY","AUDNZD","AUDUSD","BTCUSD","CADJPY"]
[2026-05-25T11:16:59.219Z] INFO BAR_PUSH object_type=ea object_id=10869460 source_id=Ctrader bar_count=10 symbols=["CADJPY","DE40","ETHUSD","EURAUD"]
[2026-05-25T11:17:31.279Z] INFO BAR_PUSH object_type=ea object_id=10869460 source_id=Ctrader bar_count=10 symbols=["ADAUSD","AUDCAD","AUDCHF","AUDJPY","AUDNZD","AUDUSD","BTCUSD","CADJPY","DE40","ETHUSD"]
[2026-05-25T11:18:05.225Z] INFO BAR_PUSH object_type=ea object_id=10869460 source_id=Ctrader bar_count=10 symbols=["AUDCAD","AUDCHF","AUDJPY","AUDNZD","BTCUSD","CADJPY","DE40","ETHUSD","EURAUD","EURCAD"]
[2026-05-25T11:18:39.193Z] INFO BAR_PUSH object_type=ea object_id=10869460 source_id=Ctrader bar_count=10 symbols=["AUDUSD","EURCAD","EURGBP","EURJPY","EURSGD"]
[2026-05-25T11:19:11.225Z] INFO BAR_PUSH object_type=ea object_id=10869460 source_id=Ctrader bar_count=10 symbols=["AUDCAD","AUDCHF","AUDJPY","AUDNZD","AUDUSD","BTCUSD","CADJPY","DE40","ETHUSD","EURAUD"]
[2026-05-25T11:19:45.201Z] INFO BAR_PUSH object_type=ea object_id=10869460 source_id=Ctrader bar_count=10 symbols=["EURCAD","EURGBP","EURJPY","EURSGD","EURUSD","GBPAUD"]
[2026-05-25T11:20:17.226Z] INFO BAR_PUSH object_type=ea object_id=10869460 source_id=Ctrader bar_count=10 symbols=["ADAUSD","AUDCAD","AUDCHF","AUDJPY","AUDNZD"]
[2026-05-25T11:20:49.209Z] INFO BAR_PUSH object_type=ea object_id=10869460 source_id=Ctrader bar_count=10 symbols=["AUDUSD","BTCUSD","CADJPY","DE40","ETHUSD"]
[2026-05-25T11:21:21.214Z] INFO BAR_PUSH object_type=ea object_id=10869460 source_id=Ctrader bar_count=10 symbols=["AUDCAD","AUDCHF","AUDJPY","AUDNZD","AUDUSD","BTCUSD","CADJPY","DE40","ETHUSD","EURAUD"]
[2026-05-25T11:21:55.223Z] INFO BAR_PUSH object_type=ea object_id=10869460 source_id=Ctrader bar_count=10 symbols=["EURAUD","EURCAD","EURGBP","EURJPY","EURSGD","EURUSD"]
[2026-05-25T11:22:27.232Z] INFO BAR_PUSH object_type=ea object_id=10869460 source_id=Ctrader bar_count=10 symbols=["ADAUSD","AUDCAD","AUDCHF","AUDJPY","AUDNZD","AUDUSD","BTCUSD","CADJPY","DE40","ETHUSD"]
[2026-05-25T11:23:01.202Z] INFO BAR_PUSH object_type=ea object_id=10869460 source_id=Ctrader bar_count=10 symbols=["AUDJPY","AUDUSD","BTCUSD","ETHUSD","EURAUD","EURCAD","EURGBP","EURJPY","EURSGD","EURUSD"]
[2026-05-25T11:23:35.213Z] INFO BAR_PUSH object_type=ea object_id=10869460 source_id=Ctrader bar_count=10 symbols=["AUDCAD","AUDCHF","AUDNZD","CADJPY","DE40","EURCAD","EURGBP","EURSGD","EURUSD"]
[2026-05-25T11:24:07.209Z] INFO BAR_PUSH object_type=ea object_id=10869460 source_id=Ctrader bar_count=10 symbols=["ADAUSD","AUDCAD","AUDJPY","AUDNZD","BTCUSD","CADJPY","DE40","ETHUSD","EURAUD","EURCAD"]
[2026-05-25T11:24:41.210Z] INFO BAR_PUSH object_type=ea object_id=10869460 source_id=Ctrader bar_count=10 symbols=["AUDCHF","AUDUSD","EURGBP","EURJPY","EURSGD","EURUSD","GBPAUD","GBPCAD"]
[2026-05-25T11:25:13.196Z] INFO BAR_PUSH object_type=ea object_id=10869460 source_id=Ctrader bar_count=10 symbols=["AUDCAD","AUDCHF","AUDJPY","AUDNZD","AUDUSD"]
[2026-05-25T11:25:45.214Z] INFO BAR_PUSH object_type=ea object_id=10869460 source_id=Ctrader bar_count=10 symbols=["ADAUSD","BTCUSD","CADJPY","DE40","ETHUSD"]
[2026-05-25T11:26:17.221Z] INFO BAR_PUSH object_type=ea object_id=10869460 source_id=Ctrader bar_count=10 symbols=["AUDCAD","AUDCHF","AUDJPY","AUDNZD","AUDUSD","BTCUSD","CADJPY","DE40","ETHUSD","EURAUD"]
[2026-05-25T11:26:51.211Z] INFO BAR_PUSH object_type=ea object_id=10869460 source_id=Ctrader bar_count=10 symbols=["EURAUD","EURCAD","EURGBP","EURJPY","EURSGD","EURUSD"]
[2026-05-25T11:27:23.207Z] INFO BAR_PUSH object_type=ea object_id=10869460 source_id=Ctrader bar_count=10 symbols=["AUDCAD","AUDCHF","AUDJPY","AUDNZD","AUDUSD","BTCUSD","CADJPY","DE40","ETHUSD","EURAUD"]
[2026-05-25T11:27:55.196Z] INFO BAR_PUSH object_type=ea object_id=10869460 source_id=Ctrader bar_count=10 symbols=["EURCAD","EURGBP","EURJPY","EURSGD","EURUSD","GBPAUD","GBPCAD"]
[2026-05-25T11:28:29.207Z] INFO BAR_PUSH object_type=ea object_id=10869460 source_id=Ctrader bar_count=10 symbols=["AUDCAD","AUDCHF","AUDJPY","AUDNZD","AUDUSD","BTCUSD","CADJPY","DE40","ETHUSD","EURAUD"]
[2026-05-25T11:29:01.204Z] INFO BAR_PUSH object_type=ea object_id=10869460 source_id=Ctrader bar_count=10 symbols=["ADAUSD","AUDCHF","BTCUSD","CADJPY","EURCAD","EURGBP","EURJPY","EURSGD","EURUSD","GBPAUD"]
[2026-05-25T11:29:35.202Z] INFO BAR_PUSH object_type=ea object_id=10869460 source_id=Ctrader bar_count=10 symbols=["AUDCAD","AUDJPY","AUDNZD","AUDUSD","DE40","ETHUSD","EURAUD","EURCAD","EURGBP","GBPAUD"]
[2026-05-25T11:30:07.192Z] INFO BAR_PUSH object_type=ea object_id=10869460 source_id=Ctrader bar_count=10 symbols=["ADAUSD","AUDCAD","AUDCHF","AUDJPY"]
[2026-05-25T11:30:39.208Z] INFO BAR_PUSH object_type=ea object_id=10869460 source_id=Ctrader bar_count=10 symbols=["AUDNZD","AUDUSD","BTCUSD","CADJPY"]
[2026-05-25T11:31:11.195Z] INFO BAR_PUSH object_type=ea object_id=10869460 source_id=Ctrader bar_count=10 symbols=["ADAUSD","AUDCAD","AUDCHF","AUDJPY","AUDNZD","AUDUSD","BTCUSD","CADJPY"]
[2026-05-25T11:31:43.199Z] INFO BAR_PUSH object_type=ea object_id=10869460 source_id=Ctrader bar_count=10 symbols=["CADJPY","DE40","ETHUSD","EURAUD"]
[2026-05-25T11:32:17.212Z] INFO BAR_PUSH object_type=ea object_id=10869460 source_id=Ctrader bar_count=10 symbols=["AUDCAD","AUDCHF","AUDJPY","AUDNZD","AUDUSD","BTCUSD","CADJPY","DE40","ETHUSD","EURAUD"]
[2026-05-25T11:32:49.202Z] INFO BAR_PUSH object_type=ea object_id=10869460 source_id=Ctrader bar_count=10 symbols=["EURAUD","EURCAD","EURGBP","EURJPY"]
[2026-05-25T11:33:23.201Z] INFO BAR_PUSH object_type=ea object_id=10869460 source_id=Ctrader bar_count=10 symbols=["ADAUSD","AUDCAD","AUDCHF","AUDJPY","AUDNZD","AUDUSD","BTCUSD","CADJPY","DE40","ETHUSD"]
[2026-05-25T11:33:57.198Z] INFO BAR_PUSH object_type=ea object_id=10869460 source_id=Ctrader bar_count=10 symbols=["EURAUD","EURCAD","EURGBP","EURJPY","EURSGD","EURUSD"]
[2026-05-25T11:34:31.202Z] INFO BAR_PUSH object_type=ea object_id=10869460 source_id=Ctrader bar_count=10 symbols=["ADAUSD","AUDCAD","AUDCHF","AUDJPY","AUDNZD","AUDUSD","BTCUSD","CADJPY","DE40","ETHUSD"]
[2026-05-25T11:35:03.202Z] INFO BAR_PUSH object_type=ea object_id=10869460 source_id=Ctrader bar_count=10 symbols=["AUDCAD","AUDJPY","AUDNZD","AUDUSD","BTCUSD"]
[2026-05-25T11:35:35.195Z] INFO BAR_PUSH object_type=ea object_id=10869460 source_id=Ctrader bar_count=10 symbols=["ADAUSD","AUDCHF","CADJPY","DE40","ETHUSD"]
[2026-05-25T11:36:07.208Z] INFO BAR_PUSH object_type=ea object_id=10869460 source_id=Ctrader bar_count=10 symbols=["AUDCAD","AUDCHF","AUDJPY","AUDNZD","AUDUSD","BTCUSD","CADJPY","DE40","ETHUSD","EURAUD"]
[2026-05-25T11:36:39.194Z] INFO BAR_PUSH object_type=ea object_id=10869460 source_id=Ctrader bar_count=10 symbols=["ADAUSD","EURAUD","EURCAD","EURGBP","EURJPY","EURSGD"]
[2026-05-25T11:37:13.201Z] INFO BAR_PUSH object_type=ea object_id=10869460 source_id=Ctrader bar_count=10 symbols=["AUDCAD","AUDCHF","AUDJPY","AUDNZD","AUDUSD","BTCUSD","CADJPY","DE40","ETHUSD","EURAUD"]
[2026-05-25T11:37:45.197Z] INFO BAR_PUSH object_type=ea object_id=10869460 source_id=Ctrader bar_count=10 symbols=["ADAUSD","EURCAD","EURGBP","EURJPY","EURSGD","EURUSD","GBPAUD"]
[2026-05-25T11:38:19.210Z] INFO BAR_PUSH object_type=ea object_id=10869460 source_id=Ctrader bar_count=10 symbols=["AUDCAD","AUDCHF","AUDJPY","AUDNZD","AUDUSD","BTCUSD","CADJPY","DE40","ETHUSD","EURAUD"]
[2026-05-25T11:38:51.207Z] INFO BAR_PUSH object_type=ea object_id=10869460 source_id=Ctrader bar_count=10 symbols=["EURCAD","EURGBP","EURJPY","EURSGD","EURUSD","GBPAUD","GBPCAD"]
[2026-05-25T11:39:23.202Z] INFO BAR_PUSH object_type=ea object_id=10869460 source_id=Ctrader bar_count=10 symbols=["AUDCAD","AUDCHF","AUDJPY","AUDNZD","AUDUSD","BTCUSD","CADJPY","DE40","ETHUSD","EURAUD"]
[2026-05-25T11:39:57.183Z] INFO BAR_PUSH object_type=ea object_id=10869460 source_id=Ctrader bar_count=10 symbols=["EURCAD","EURGBP","EURJPY","EURSGD","EURUSD","GBPAUD","GBPCAD","GBPJPY"]
[2026-05-25T11:40:29.205Z] INFO BAR_PUSH object_type=ea object_id=10869460 source_id=Ctrader bar_count=10 symbols=["ADAUSD","AUDCAD","AUDCHF","AUDJPY","AUDNZD"]
[2026-05-25T11:41:01.186Z] INFO BAR_PUSH object_type=ea object_id=10869460 source_id=Ctrader bar_count=10 symbols=["ADAUSD","AUDJPY","AUDUSD","BTCUSD","CADJPY","DE40"]
[2026-05-25T11:41:33.256Z] INFO BAR_PUSH object_type=ea object_id=10869460 source_id=Ctrader bar_count=10 symbols=["AUDCAD","AUDCHF","AUDNZD","AUDUSD","DE40","ETHUSD","EURAUD","EURCAD"]
[2026-05-25T11:42:05.204Z] INFO BAR_PUSH object_type=ea object_id=10869460 source_id=Ctrader bar_count=10 symbols=["ADAUSD","AUDCAD","AUDCHF","AUDJPY","AUDNZD","AUDUSD","BTCUSD","CADJPY","DE40","ETHUSD"]
[2026-05-25T11:42:37.202Z] INFO BAR_PUSH object_type=ea object_id=10869460 source_id=Ctrader bar_count=10 symbols=["EURAUD","EURCAD","EURGBP","EURJPY","EURSGD","EURUSD"]
[2026-05-25T11:43:09.213Z] INFO BAR_PUSH object_type=ea object_id=10869460 source_id=Ctrader bar_count=10 symbols=["AUDCAD","AUDCHF","AUDJPY","AUDNZD","AUDUSD","BTCUSD","CADJPY","DE40","ETHUSD","EURAUD"]
[2026-05-25T11:43:41.207Z] INFO BAR_PUSH object_type=ea object_id=10869460 source_id=Ctrader bar_count=10 symbols=["ADAUSD","EURCAD","EURGBP","EURJPY","EURSGD","EURUSD","GBPAUD","GBPCAD"]
[2026-05-25T11:44:13.215Z] INFO BAR_PUSH object_type=ea object_id=10869460 source_id=Ctrader bar_count=10 symbols=["AUDCAD","AUDCHF","AUDJPY","AUDNZD","AUDUSD","BTCUSD","CADJPY","DE40","ETHUSD","EURAUD"]
[2026-05-25T11:44:45.203Z] INFO BAR_PUSH object_type=ea object_id=10869460 source_id=Ctrader bar_count=10 symbols=["EURCAD","EURGBP","EURJPY","EURSGD","EURUSD","GBPAUD","GBPCAD","GBPJPY"]
[2026-05-25T11:45:17.190Z] INFO BAR_PUSH object_type=ea object_id=10869460 source_id=Ctrader bar_count=10 symbols=["ADAUSD","AUDCAD","AUDCHF","AUDJPY"]
[2026-05-25T11:45:49.190Z] INFO BAR_PUSH object_type=ea object_id=10869460 source_id=Ctrader bar_count=10 symbols=["AUDJPY","AUDNZD","AUDUSD","BTCUSD"]
[2026-05-25T11:46:21.185Z] INFO BAR_PUSH object_type=ea object_id=10869460 source_id=Ctrader bar_count=10 symbols=["AUDCAD","AUDCHF","AUDJPY","AUDNZD","AUDUSD","BTCUSD","CADJPY"]
[2026-05-25T11:46:53.199Z] INFO BAR_PUSH object_type=ea object_id=10869460 source_id=Ctrader bar_count=10 symbols=["DE40","ETHUSD","EURAUD","EURCAD"]
[2026-05-25T11:47:25.207Z] INFO BAR_PUSH object_type=ea object_id=10869460 source_id=Ctrader bar_count=10 symbols=["ADAUSD","AUDCAD","AUDCHF","AUDJPY","AUDNZD","AUDUSD","BTCUSD","CADJPY","DE40","ETHUSD"]
[2026-05-25T11:47:57.196Z] INFO BAR_PUSH object_type=ea object_id=10869460 source_id=Ctrader bar_count=10 symbols=["EURAUD","EURCAD","EURGBP","EURJPY"]
[2026-05-25T11:48:29.200Z] INFO BAR_PUSH object_type=ea object_id=10869460 source_id=Ctrader bar_count=10 symbols=["ADAUSD","AUDCAD","AUDCHF","AUDJPY","AUDNZD","AUDUSD","BTCUSD","CADJPY","DE40","ETHUSD"]
[2026-05-25T11:49:03.205Z] INFO BAR_PUSH object_type=ea object_id=10869460 source_id=Ctrader bar_count=10 symbols=["AUDCAD","AUDCHF","AUDJPY","AUDNZD","AUDUSD","BTCUSD","CADJPY","DE40","ETHUSD","EURAUD"]
[2026-05-25T11:49:35.198Z] INFO BAR_PUSH object_type=ea object_id=10869460 source_id=Ctrader bar_count=10 symbols=["EURCAD","EURGBP","EURJPY","EURSGD","EURUSD","GBPAUD"]
[2026-05-25T11:50:07.186Z] INFO BAR_PUSH object_type=ea object_id=10869460 source_id=Ctrader bar_count=10 symbols=["ADAUSD","AUDCAD","AUDCHF","AUDJPY","AUDNZD","AUDUSD"]
[2026-05-25T11:50:39.191Z] INFO BAR_PUSH object_type=ea object_id=10869460 source_id=Ctrader bar_count=10 symbols=["AUDUSD","BTCUSD","CADJPY","DE40","ETHUSD","EURAUD"]
[2026-05-25T11:51:11.186Z] INFO BAR_PUSH object_type=ea object_id=10869460 source_id=Ctrader bar_count=10 symbols=["AUDCAD","AUDCHF","AUDJPY","AUDNZD","AUDUSD","BTCUSD","CADJPY","DE40","ETHUSD","EURAUD"]
[2026-05-25T11:51:43.206Z] INFO BAR_PUSH object_type=ea object_id=10869460 source_id=Ctrader bar_count=10 symbols=["ADAUSD","EURAUD","EURCAD","EURGBP","EURJPY","EURSGD"]
[2026-05-25T11:52:17.199Z] INFO BAR_PUSH object_type=ea object_id=10869460 source_id=Ctrader bar_count=10 symbols=["ADAUSD","AUDCAD","AUDCHF","AUDJPY","AUDNZD","AUDUSD","BTCUSD","CADJPY","DE40","ETHUSD"]
[2026-05-25T11:52:49.196Z] INFO BAR_PUSH object_type=ea object_id=10869460 source_id=Ctrader bar_count=10 symbols=["EURAUD","EURCAD","EURGBP","EURJPY","EURSGD","EURUSD","GBPAUD"]
[2026-05-25T11:53:21.231Z] INFO BAR_PUSH object_type=ea object_id=10869460 source_id=Ctrader bar_count=10 symbols=["AUDCAD","AUDCHF","AUDJPY","AUDNZD","AUDUSD","BTCUSD","CADJPY","DE40","ETHUSD","EURAUD"]
[2026-05-25T11:53:53.191Z] INFO BAR_PUSH object_type=ea object_id=10869460 source_id=Ctrader bar_count=10 symbols=["EURCAD","EURGBP","EURJPY","EURSGD","EURUSD","GBPAUD","GBPCAD"]
[2026-05-25T11:54:25.191Z] INFO BAR_PUSH object_type=ea object_id=10869460 source_id=Ctrader bar_count=10 symbols=["AUDCAD","AUDCHF","AUDJPY","AUDNZD","AUDUSD","BTCUSD","CADJPY","DE40","ETHUSD","EURAUD"]
[2026-05-25T11:54:57.193Z] INFO BAR_PUSH object_type=ea object_id=10869460 source_id=Ctrader bar_count=10 symbols=["EURCAD","EURGBP","EURJPY","EURSGD","EURUSD","GBPAUD","GBPCAD","GBPJPY"]
[2026-05-25T11:55:29.189Z] INFO BAR_PUSH object_type=ea object_id=10869460 source_id=Ctrader bar_count=10 symbols=["AUDCAD","AUDCHF","AUDJPY","AUDNZD","AUDUSD"]
[2026-05-25T11:56:01.190Z] INFO BAR_PUSH object_type=ea object_id=10869460 source_id=Ctrader bar_count=10 symbols=["AUDCAD","AUDCHF","AUDJPY","BTCUSD","CADJPY","DE40","ETHUSD"]
[2026-05-25T11:56:33.200Z] INFO BAR_PUSH object_type=ea object_id=10869460 source_id=Ctrader bar_count=10 symbols=["AUDNZD","AUDUSD","BTCUSD","ETHUSD","EURAUD","EURCAD","EURGBP"]
[2026-05-25T11:57:05.205Z] INFO BAR_PUSH object_type=ea object_id=10869460 source_id=Ctrader bar_count=10 symbols=["AUDCAD","AUDCHF","AUDJPY","AUDNZD","AUDUSD","BTCUSD","CADJPY","DE40","EURAUD","EURCAD"]
[2026-05-25T11:57:39.194Z] INFO BAR_PUSH object_type=ea object_id=10869460 source_id=Ctrader bar_count=10 symbols=["ADAUSD","ETHUSD","EURGBP","EURJPY","EURSGD","EURUSD"]
[2026-05-25T11:58:11.191Z] INFO BAR_PUSH object_type=ea object_id=10869460 source_id=Ctrader bar_count=10 symbols=["ADAUSD","AUDCAD","AUDCHF","AUDJPY","AUDNZD","AUDUSD","BTCUSD","CADJPY","DE40","ETHUSD"]
[2026-05-25T11:58:45.199Z] INFO BAR_PUSH object_type=ea object_id=10869460 source_id=Ctrader bar_count=10 symbols=["EURAUD","EURCAD","EURGBP","EURJPY","EURSGD","EURUSD","GBPAUD","GBPCAD"]
[2026-05-25T11:59:19.185Z] INFO BAR_PUSH object_type=ea object_id=10869460 source_id=Ctrader bar_count=10 symbols=["ADAUSD","AUDCAD","AUDCHF","AUDJPY","AUDNZD","AUDUSD","BTCUSD","CADJPY","DE40","ETHUSD"]
[2026-05-25T11:59:51.235Z] INFO BAR_PUSH object_type=ea object_id=10869460 source_id=Ctrader bar_count=10 symbols=["EURAUD","EURCAD","EURGBP","EURJPY","EURSGD","EURUSD","GBPAUD","GBPCAD","GBPJPY"]
[2026-05-25T12:00:23.178Z] INFO BAR_PUSH object_type=ea object_id=10869460 source_id=Ctrader bar_count=10 symbols=["ADAUSD","AUDCAD","AUDCHF"]
[2026-05-25T12:00:55.220Z] INFO BAR_PUSH object_type=ea object_id=10869460 source_id=Ctrader bar_count=10 symbols=["AUDCHF","AUDJPY","AUDNZD"]
[2026-05-25T12:01:27.207Z] INFO BAR_PUSH object_type=ea object_id=10869460 source_id=Ctrader bar_count=10 symbols=["ADAUSD","AUDCAD","AUDCHF","AUDJPY","AUDNZD","AUDUSD","BTCUSD"]
[2026-05-25T12:01:59.206Z] INFO BAR_PUSH object_type=ea object_id=10869460 source_id=Ctrader bar_count=10 symbols=["BTCUSD","CADJPY","DE40"]
[2026-05-25T12:02:31.209Z] INFO BAR_PUSH object_type=ea object_id=10869460 source_id=Ctrader bar_count=10 symbols=["ADAUSD","AUDCAD","AUDCHF","AUDJPY","AUDNZD","AUDUSD","BTCUSD","CADJPY","DE40"]
[2026-05-25T12:03:05.216Z] INFO BAR_PUSH object_type=ea object_id=10869460 source_id=Ctrader bar_count=10 symbols=["AUDCAD","AUDCHF","AUDJPY","AUDNZD","AUDUSD","BTCUSD","CADJPY","DE40","ETHUSD"]
[2026-05-25T12:03:37.210Z] INFO BAR_PUSH object_type=ea object_id=10869460 source_id=Ctrader bar_count=10 symbols=["ETHUSD","EURAUD","EURCAD"]
[2026-05-25T12:04:09.215Z] INFO BAR_PUSH object_type=ea object_id=10869460 source_id=Ctrader bar_count=10 symbols=["ADAUSD","AUDCAD","AUDCHF","AUDJPY","AUDNZD","AUDUSD","BTCUSD","CADJPY","DE40","ETHUSD"]
[2026-05-25T12:04:43.204Z] INFO BAR_PUSH object_type=ea object_id=10869460 source_id=Ctrader bar_count=10 symbols=["ADAUSD","EURAUD","EURCAD","EURGBP","EURJPY"]
[2026-05-25T12:05:15.205Z] INFO BAR_PUSH object_type=ea object_id=10869460 source_id=Ctrader bar_count=10 symbols=["ADAUSD","AUDCAD","AUDCHF","AUDJPY","AUDNZD"]
[2026-05-25T12:05:49.215Z] INFO BAR_PUSH object_type=ea object_id=10869460 source_id=Ctrader bar_count=10 symbols=["AUDUSD","BTCUSD","CADJPY","DE40","ETHUSD"]
[2026-05-25T12:06:21.212Z] INFO BAR_PUSH object_type=ea object_id=10869460 source_id=Ctrader bar_count=10 symbols=["AUDCAD","AUDCHF","AUDJPY","AUDNZD","AUDUSD","BTCUSD","CADJPY","DE40","ETHUSD","EURAUD"]
[2026-05-25T12:06:53.200Z] INFO BAR_PUSH object_type=ea object_id=10869460 source_id=Ctrader bar_count=10 symbols=["EURAUD","EURCAD","EURGBP","EURJPY","EURSGD"]
[2026-05-25T12:07:25.211Z] INFO BAR_PUSH object_type=ea object_id=10869460 source_id=Ctrader bar_count=10 symbols=["AUDCAD","AUDCHF","AUDJPY","AUDNZD","AUDUSD","BTCUSD","CADJPY","DE40","ETHUSD","EURAUD"]
[2026-05-25T12:07:57.200Z] INFO BAR_PUSH object_type=ea object_id=10869460 source_id=Ctrader bar_count=10 symbols=["ADAUSD","EURCAD","EURGBP","EURJPY","EURSGD","EURUSD"]
[2026-05-25T12:08:29.219Z] INFO BAR_PUSH object_type=ea object_id=10869460 source_id=Ctrader bar_count=10 symbols=["AUDCAD","AUDCHF","AUDJPY","AUDNZD","AUDUSD","BTCUSD","CADJPY","DE40","ETHUSD","EURAUD"]
[2026-05-25T12:09:03.212Z] INFO BAR_PUSH object_type=ea object_id=10869460 source_id=Ctrader bar_count=10 symbols=["ADAUSD","AUDCAD","AUDCHF","AUDJPY","AUDNZD","AUDUSD","BTCUSD","CADJPY","DE40","ETHUSD"]
[2026-05-25T12:09:35.201Z] INFO BAR_PUSH object_type=ea object_id=10869460 source_id=Ctrader bar_count=10 symbols=["EURAUD","EURCAD","EURGBP","EURJPY","EURSGD","EURUSD","GBPAUD"]
[2026-05-25T12:10:07.192Z] INFO BAR_PUSH object_type=ea object_id=10869460 source_id=Ctrader bar_count=10 symbols=["AUDCAD","AUDCHF","AUDJPY","AUDNZD","AUDUSD"]
[2026-05-25T12:10:39.216Z] INFO BAR_PUSH object_type=ea object_id=10869460 source_id=Ctrader bar_count=10 symbols=["ADAUSD","BTCUSD","CADJPY","DE40","ETHUSD"]
[2026-05-25T12:11:11.209Z] INFO BAR_PUSH object_type=ea object_id=10869460 source_id=Ctrader bar_count=10 symbols=["AUDCAD","AUDCHF","AUDJPY","AUDNZD","AUDUSD","BTCUSD","CADJPY","DE40","ETHUSD","EURAUD"]
[2026-05-25T12:11:43.207Z] INFO BAR_PUSH object_type=ea object_id=10869460 source_id=Ctrader bar_count=10 symbols=["EURAUD","EURCAD","EURGBP","EURJPY","EURSGD","EURUSD"]
[2026-05-25T12:12:15.222Z] INFO BAR_PUSH object_type=ea object_id=10869460 source_id=Ctrader bar_count=10 symbols=["ADAUSD","AUDCAD","AUDCHF","AUDJPY","AUDNZD","AUDUSD","BTCUSD","CADJPY","DE40","ETHUSD"]
[2026-05-25T12:12:49.215Z] INFO BAR_PUSH object_type=ea object_id=10869460 source_id=Ctrader bar_count=10 symbols=["ADAUSD","EURAUD","EURCAD","EURGBP","EURJPY","EURSGD","EURUSD","GBPAUD"]
[2026-05-25T12:13:23.207Z] INFO BAR_PUSH object_type=ea object_id=10869460 source_id=Ctrader bar_count=10 symbols=["ADAUSD","AUDCAD","AUDCHF","AUDJPY","AUDNZD","AUDUSD","BTCUSD","CADJPY","DE40","ETHUSD"]
[2026-05-25T12:13:57.219Z] INFO BAR_PUSH object_type=ea object_id=10869460 source_id=Ctrader bar_count=10 symbols=["EURAUD","EURCAD","EURGBP","EURJPY","EURSGD","EURUSD","GBPAUD","GBPCAD"]
[2026-05-25T12:14:29.210Z] INFO BAR_PUSH object_type=ea object_id=10869460 source_id=Ctrader bar_count=10 symbols=["AUDCAD","AUDCHF","AUDJPY","AUDNZD","AUDUSD","BTCUSD","CADJPY","DE40","ETHUSD","EURAUD"]
[2026-05-25T12:15:01.202Z] INFO BAR_PUSH object_type=ea object_id=10869460 source_id=Ctrader bar_count=10 symbols=["ADAUSD","AUDCAD","AUDCHF","AUDJPY"]
[2026-05-25T12:15:33.209Z] INFO BAR_PUSH object_type=ea object_id=10869460 source_id=Ctrader bar_count=10 symbols=["ADAUSD","AUDNZD","AUDUSD","BTCUSD"]
[2026-05-25T12:16:05.207Z] INFO BAR_PUSH object_type=ea object_id=10869460 source_id=Ctrader bar_count=10 symbols=["ADAUSD","AUDCAD","AUDCHF","AUDJPY","AUDNZD","AUDUSD","BTCUSD","CADJPY"]
[2026-05-25T12:16:37.202Z] INFO BAR_PUSH object_type=ea object_id=10869460 source_id=Ctrader bar_count=10 symbols=["CADJPY","DE40","ETHUSD","EURAUD"]
[2026-05-25T12:17:09.207Z] INFO BAR_PUSH object_type=ea object_id=10869460 source_id=Ctrader bar_count=10 symbols=["ADAUSD","AUDCAD","AUDCHF","AUDJPY","AUDNZD","AUDUSD","BTCUSD","CADJPY","DE40","ETHUSD"]
[2026-05-25T12:17:41.214Z] INFO BAR_PUSH object_type=ea object_id=10869460 source_id=Ctrader bar_count=10 symbols=["EURAUD","EURCAD","EURGBP","EURJPY"]
[2026-05-25T12:18:13.220Z] INFO BAR_PUSH object_type=ea object_id=10869460 source_id=Ctrader bar_count=10 symbols=["AUDCAD","AUDCHF","AUDJPY","AUDNZD","AUDUSD","BTCUSD","CADJPY","ETHUSD","EURAUD","EURCAD"]
[2026-05-25T12:18:45.195Z] INFO BAR_PUSH object_type=ea object_id=10869460 source_id=Ctrader bar_count=10 symbols=["DE40","EURGBP","EURJPY","EURSGD","EURUSD"]
[2026-05-25T12:19:17.218Z] INFO BAR_PUSH object_type=ea object_id=10869460 source_id=Ctrader bar_count=10 symbols=["AUDCAD","AUDCHF","AUDJPY","AUDNZD","AUDUSD","BTCUSD","CADJPY","DE40","ETHUSD","EURAUD"]
[2026-05-25T12:19:49.205Z] INFO BAR_PUSH object_type=ea object_id=10869460 source_id=Ctrader bar_count=10 symbols=["EURCAD","EURGBP","EURJPY","EURSGD","EURUSD","GBPAUD","GBPCAD"]
[2026-05-25T12:20:21.216Z] INFO BAR_PUSH object_type=ea object_id=10869460 source_id=Ctrader bar_count=10 symbols=["ADAUSD","AUDCAD","AUDCHF","AUDJPY","AUDNZD","AUDUSD"]
[2026-05-25T12:20:55.206Z] INFO BAR_PUSH object_type=ea object_id=10869460 source_id=Ctrader bar_count=10 symbols=["ADAUSD","AUDUSD","BTCUSD","CADJPY","DE40","ETHUSD"]
[2026-05-25T12:21:27.205Z] INFO BAR_PUSH object_type=ea object_id=10869460 source_id=Ctrader bar_count=10 symbols=["AUDCAD","AUDCHF","AUDJPY","AUDNZD","AUDUSD","BTCUSD","CADJPY","DE40","ETHUSD"]
[2026-05-25T12:21:59.211Z] INFO BAR_PUSH object_type=ea object_id=10869460 source_id=Ctrader bar_count=10 symbols=["ADAUSD","EURAUD","EURCAD","EURGBP","EURJPY","EURSGD"]
[2026-05-25T12:22:31.262Z] INFO BAR_PUSH object_type=ea object_id=10869460 source_id=Ctrader bar_count=10 symbols=["ADAUSD","AUDCAD","AUDCHF","AUDJPY","AUDNZD","AUDUSD","BTCUSD","CADJPY","DE40","ETHUSD"]
[2026-05-25T12:23:03.224Z] INFO BAR_PUSH object_type=ea object_id=10869460 source_id=Ctrader bar_count=10 symbols=["AUDCAD","AUDUSD","BTCUSD","CADJPY","DE40","EURAUD","EURCAD","EURGBP","EURJPY","EURSGD"]
[2026-05-25T12:23:35.212Z] INFO BAR_PUSH object_type=ea object_id=10869460 source_id=Ctrader bar_count=10 symbols=["ADAUSD","AUDCHF","AUDJPY","AUDNZD","ETHUSD","EURAUD","EURGBP","EURSGD","EURUSD"]
[2026-05-25T12:24:07.214Z] INFO BAR_PUSH object_type=ea object_id=10869460 source_id=Ctrader bar_count=10 symbols=["AUDCAD","AUDCHF","AUDJPY","AUDNZD","AUDUSD","BTCUSD","CADJPY","DE40","ETHUSD","EURAUD"]
[2026-05-25T12:24:41.207Z] INFO BAR_PUSH object_type=ea object_id=10869460 source_id=Ctrader bar_count=10 symbols=["ADAUSD","EURCAD","EURGBP","EURJPY","EURSGD","EURUSD","GBPAUD","GBPCAD"]
[2026-05-25T12:25:13.215Z] INFO BAR_PUSH object_type=ea object_id=10869460 source_id=Ctrader bar_count=10 symbols=["ADAUSD","AUDCAD","AUDCHF","AUDJPY","AUDNZD"]
[2026-05-25T12:25:45.219Z] INFO BAR_PUSH object_type=ea object_id=10869460 source_id=Ctrader bar_count=10 symbols=["AUDUSD","BTCUSD","CADJPY","DE40","ETHUSD"]
[2026-05-25T12:26:17.216Z] INFO BAR_PUSH object_type=ea object_id=10869460 source_id=Ctrader bar_count=10 symbols=["ADAUSD","AUDCAD","AUDCHF","AUDJPY","AUDNZD","AUDUSD","BTCUSD","CADJPY","DE40","ETHUSD"]
[2026-05-25T12:26:51.205Z] INFO BAR_PUSH object_type=ea object_id=10869460 source_id=Ctrader bar_count=10 symbols=["EURAUD","EURCAD","EURGBP","EURJPY","EURSGD"]
[2026-05-25T12:27:23.230Z] INFO BAR_PUSH object_type=ea object_id=10869460 source_id=Ctrader bar_count=10 symbols=["ADAUSD","AUDCAD","AUDCHF","AUDJPY","AUDNZD","AUDUSD","BTCUSD","CADJPY","DE40","ETHUSD"]
[2026-05-25T12:27:55.212Z] INFO BAR_PUSH object_type=ea object_id=10869460 source_id=Ctrader bar_count=10 symbols=["EURAUD","EURCAD","EURGBP","EURJPY","EURSGD","EURUSD","GBPAUD","GBPCAD"]
[2026-05-25T12:28:27.222Z] INFO BAR_PUSH object_type=ea object_id=10869460 source_id=Ctrader bar_count=10 symbols=["ADAUSD","AUDCAD","AUDCHF","AUDJPY","AUDNZD","AUDUSD","BTCUSD","CADJPY","DE40","ETHUSD"]
[2026-05-25T12:28:59.201Z] INFO BAR_PUSH object_type=ea object_id=10869460 source_id=Ctrader bar_count=10 symbols=["EURAUD","EURCAD","EURGBP","EURJPY","EURSGD","EURUSD","GBPAUD","GBPCAD"]
[2026-05-25T12:29:31.213Z] INFO BAR_PUSH object_type=ea object_id=10869460 source_id=Ctrader bar_count=10 symbols=["ADAUSD","AUDCAD","AUDCHF","AUDJPY","AUDNZD","AUDUSD","BTCUSD","CADJPY","DE40","ETHUSD"]
[2026-05-25T12:30:03.196Z] INFO BAR_PUSH object_type=ea object_id=10869460 source_id=Ctrader bar_count=10 symbols=["AUDCAD","AUDCHF","AUDJPY","AUDNZD"]
[2026-05-25T12:30:35.207Z] INFO BAR_PUSH object_type=ea object_id=10869460 source_id=Ctrader bar_count=10 symbols=["ADAUSD","AUDNZD","AUDUSD","BTCUSD"]
[2026-05-25T12:31:07.209Z] INFO BAR_PUSH object_type=ea object_id=10869460 source_id=Ctrader bar_count=10 symbols=["ADAUSD","AUDCAD","AUDCHF","AUDJPY","AUDNZD","AUDUSD","BTCUSD","CADJPY"]
[2026-05-25T12:31:39.187Z] INFO BAR_PUSH object_type=ea object_id=10869460 source_id=Ctrader bar_count=10 symbols=["CADJPY","DE40","ETHUSD","EURAUD"]
[2026-05-25T12:32:11.197Z] INFO BAR_PUSH object_type=ea object_id=10869460 source_id=Ctrader bar_count=10 symbols=["ADAUSD","AUDCAD","AUDCHF","AUDJPY","AUDNZD","AUDUSD","BTCUSD","CADJPY","DE40","ETHUSD"]
[2026-05-25T12:32:43.187Z] INFO BAR_PUSH object_type=ea object_id=10869460 source_id=Ctrader bar_count=10 symbols=["EURAUD","EURCAD","EURGBP","EURJPY"]
[2026-05-25T12:33:15.208Z] INFO BAR_PUSH object_type=ea object_id=10869460 source_id=Ctrader bar_count=10 symbols=["AUDCAD","AUDCHF","AUDJPY","AUDNZD","AUDUSD","BTCUSD","CADJPY","DE40","ETHUSD","EURAUD"]
[2026-05-25T12:33:49.195Z] INFO BAR_PUSH object_type=ea object_id=10869460 source_id=Ctrader bar_count=10 symbols=["ADAUSD","EURCAD","EURGBP","EURJPY","EURSGD","EURUSD"]
[2026-05-25T12:34:23.202Z] INFO BAR_PUSH object_type=ea object_id=10869460 source_id=Ctrader bar_count=10 symbols=["ADAUSD","AUDCAD","AUDCHF","AUDJPY","AUDNZD","AUDUSD","BTCUSD","CADJPY","DE40","ETHUSD"]
[2026-05-25T12:36:23.971Z] INFO BAR_PUSH object_type=ea object_id=10869460 source_id=Ctrader bar_count=10 symbols=["EURUSD","EURGBP"]
[2026-05-25T12:36:56.708Z] INFO BAR_PUSH object_type=ea object_id=10869460 source_id=Ctrader bar_count=10 symbols=["ADAUSD","AUDCAD"]
[2026-05-25T12:41:31.221Z] INFO BAR_PUSH object_type=ea object_id=10869460 source_id=Ctrader bar_count=10 symbols=["EURUSD","EURGBP"]
[2026-05-25T12:42:03.653Z] INFO BAR_PUSH object_type=ea object_id=10869460 source_id=Ctrader bar_count=10 symbols=["ADAUSD","AUDCAD"]
[2026-05-25T12:42:59.947Z] INFO BAR_PUSH object_type=ea object_id=10869460 source_id=Ctrader bar_count=10 symbols=["AUDCAD","AUDCHF","AUDJPY"]
[2026-05-25T12:43:30.452Z] INFO BAR_PUSH object_type=ea object_id=10869460 source_id=Ctrader bar_count=10 symbols=["ADAUSD","AUDCAD","AUDCHF","AUDJPY","AUDNZD"]
[2026-05-25T12:44:02.062Z] INFO BAR_PUSH object_type=ea object_id=10869460 source_id=Ctrader bar_count=10 symbols=["AUDCAD","AUDJPY","AUDNZD","AUDUSD"]
[2026-05-25T12:44:34.087Z] INFO BAR_PUSH object_type=ea object_id=10869460 source_id=Ctrader bar_count=10 symbols=["AUDCHF","AUDUSD","BTCUSD"]
[2026-05-25T12:45:06.065Z] INFO BAR_PUSH object_type=ea object_id=10869460 source_id=Ctrader bar_count=10 symbols=["AUDCAD","AUDCHF","AUDJPY","AUDNZD"]
[2026-05-25T12:45:38.062Z] INFO BAR_PUSH object_type=ea object_id=10869460 source_id=Ctrader bar_count=10 symbols=["ADAUSD","AUDNZD","AUDUSD","BTCUSD"]
[2026-05-25T12:46:54.034Z] INFO BAR_PUSH object_type=ea object_id=10869460 source_id=Ctrader bar_count=10 symbols=["EURUSD","EURGBP"]
[2026-05-25T12:47:26.677Z] INFO BAR_PUSH object_type=ea object_id=10869460 source_id=Ctrader bar_count=10 symbols=["ADAUSD","AUDCAD"]
[2026-05-25T12:48:22.825Z] INFO BAR_PUSH object_type=ea object_id=10869460 source_id=Ctrader bar_count=10 symbols=["ADAUSD","AUDCAD","AUDCHF"]
[2026-05-25T12:48:53.666Z] INFO BAR_PUSH object_type=ea object_id=10869460 source_id=Ctrader bar_count=10 symbols=["AUDJPY","AUDNZD"]
[2026-05-25T12:49:25.011Z] INFO BAR_PUSH object_type=ea object_id=10869460 source_id=Ctrader bar_count=10 symbols=["AUDCAD","AUDCHF","AUDJPY","AUDNZD","AUDUSD"]
[2026-05-25T12:49:57.015Z] INFO BAR_PUSH object_type=ea object_id=10869460 source_id=Ctrader bar_count=10 symbols=["ADAUSD","AUDUSD","BTCUSD","CADJPY"]
[2026-05-25T12:50:29.015Z] INFO BAR_PUSH object_type=ea object_id=10869460 source_id=Ctrader bar_count=10 symbols=["AUDCAD","AUDCHF","AUDJPY","AUDNZD","AUDUSD"]
[2026-05-25T12:51:01.020Z] INFO BAR_PUSH object_type=ea object_id=10869460 source_id=Ctrader bar_count=10 symbols=["AUDCAD","AUDCHF","AUDJPY","AUDNZD","AUDUSD","BTCUSD","CADJPY"]
[2026-05-25T12:51:35.008Z] INFO BAR_PUSH object_type=ea object_id=10869460 source_id=Ctrader bar_count=10 symbols=["CADJPY","DE40","ETHUSD"]
[2026-05-25T12:52:09.030Z] INFO BAR_PUSH object_type=ea object_id=10869460 source_id=Ctrader bar_count=10 symbols=["AUDCAD","AUDCHF","AUDJPY","AUDNZD","AUDUSD","BTCUSD","CADJPY","DE40","ETHUSD"]
[2026-05-25T12:52:43.023Z] INFO BAR_PUSH object_type=ea object_id=10869460 source_id=Ctrader bar_count=10 symbols=["ETHUSD","EURAUD"]
[2026-05-25T12:53:15.024Z] INFO BAR_PUSH object_type=ea object_id=10869460 source_id=Ctrader bar_count=10 symbols=["AUDCAD","AUDCHF","AUDJPY","AUDNZD","AUDUSD","BTCUSD","CADJPY","DE40","ETHUSD","EURAUD"]
[2026-05-25T12:53:47.016Z] INFO BAR_PUSH object_type=ea object_id=10869460 source_id=Ctrader bar_count=10 symbols=["EURCAD","EURGBP"]
[2026-05-25T12:54:19.026Z] INFO BAR_PUSH object_type=ea object_id=10869460 source_id=Ctrader bar_count=10 symbols=["ADAUSD","AUDCAD","AUDCHF","AUDJPY","AUDNZD","AUDUSD","BTCUSD","CADJPY","DE40"]
[2026-05-25T12:54:51.025Z] INFO BAR_PUSH object_type=ea object_id=10869460 source_id=Ctrader bar_count=10 symbols=["ETHUSD","EURAUD","EURCAD","EURGBP","EURJPY"]
[2026-05-25T12:55:23.022Z] INFO BAR_PUSH object_type=ea object_id=10869460 source_id=Ctrader bar_count=10 symbols=["AUDCAD","AUDCHF","AUDJPY","AUDNZD","AUDUSD"]
[2026-05-25T12:55:55.025Z] INFO BAR_PUSH object_type=ea object_id=10869460 source_id=Ctrader bar_count=10 symbols=["ADAUSD","BTCUSD","CADJPY","DE40","ETHUSD"]
[2026-05-25T12:56:27.031Z] INFO BAR_PUSH object_type=ea object_id=10869460 source_id=Ctrader bar_count=10 symbols=["AUDCAD","AUDCHF","AUDJPY","AUDNZD","AUDUSD","BTCUSD","CADJPY","DE40","ETHUSD","EURAUD"]
[2026-05-25T12:56:59.028Z] INFO BAR_PUSH object_type=ea object_id=10869460 source_id=Ctrader bar_count=10 symbols=["ADAUSD","EURAUD","EURCAD","EURGBP","EURJPY","EURSGD"]
[2026-05-25T12:57:31.023Z] INFO BAR_PUSH object_type=ea object_id=10869460 source_id=Ctrader bar_count=10 symbols=["ADAUSD","AUDCAD","AUDCHF","AUDJPY","AUDNZD","AUDUSD","BTCUSD","CADJPY","DE40","ETHUSD"]
[2026-05-25T12:58:03.041Z] INFO BAR_PUSH object_type=ea object_id=10869460 source_id=Ctrader bar_count=10 symbols=["AUDCAD","AUDCHF","AUDJPY","AUDNZD","AUDUSD","BTCUSD","CADJPY","DE40","ETHUSD","EURAUD"]
[2026-05-25T12:58:35.022Z] INFO BAR_PUSH object_type=ea object_id=10869460 source_id=Ctrader bar_count=10 symbols=["EURCAD","EURGBP","EURJPY","EURSGD","EURUSD"]
[2026-05-25T12:59:07.029Z] INFO BAR_PUSH object_type=ea object_id=10869460 source_id=Ctrader bar_count=10 symbols=["ADAUSD","AUDCAD","AUDCHF","AUDJPY","AUDNZD","AUDUSD","BTCUSD","CADJPY","DE40","ETHUSD"]
[2026-05-25T12:59:39.030Z] INFO BAR_PUSH object_type=ea object_id=10869460 source_id=Ctrader bar_count=10 symbols=["EURAUD","EURCAD","EURGBP","EURJPY","EURSGD","EURUSD","GBPAUD"]
[2026-05-25T13:00:11.004Z] INFO BAR_PUSH object_type=ea object_id=10869460 source_id=Ctrader bar_count=10 symbols=["ADAUSD","AUDCAD"]
[2026-05-25T13:00:43.009Z] INFO BAR_PUSH object_type=ea object_id=10869460 source_id=Ctrader bar_count=10 symbols=["AUDCHF","AUDJPY"]
[2026-05-25T13:01:15.014Z] INFO BAR_PUSH object_type=ea object_id=10869460 source_id=Ctrader bar_count=10 symbols=["AUDCAD","AUDCHF","AUDJPY","AUDNZD","AUDUSD"]
[2026-05-25T13:01:47.016Z] INFO BAR_PUSH object_type=ea object_id=10869460 source_id=Ctrader bar_count=10 symbols=["ADAUSD","AUDUSD","BTCUSD","CADJPY"]
[2026-05-25T13:02:19.026Z] INFO BAR_PUSH object_type=ea object_id=10869460 source_id=Ctrader bar_count=10 symbols=["AUDCAD","AUDCHF","AUDJPY","AUDNZD","AUDUSD","BTCUSD","CADJPY"]
[2026-05-25T13:02:51.013Z] INFO BAR_PUSH object_type=ea object_id=10869460 source_id=Ctrader bar_count=10 symbols=["ADAUSD","CADJPY","DE40","ETHUSD"]
[2026-05-25T13:03:23.028Z] INFO BAR_PUSH object_type=ea object_id=10869460 source_id=Ctrader bar_count=10 symbols=["ADAUSD","AUDCAD","AUDCHF","AUDJPY","AUDNZD","AUDUSD","BTCUSD","CADJPY","DE40","ETHUSD"]
[2026-05-25T13:03:55.016Z] INFO BAR_PUSH object_type=ea object_id=10869460 source_id=Ctrader bar_count=10 symbols=["ETHUSD","EURAUD","EURCAD"]
[2026-05-25T13:04:27.034Z] INFO BAR_PUSH object_type=ea object_id=10869460 source_id=Ctrader bar_count=10 symbols=["AUDCAD","AUDCHF","AUDJPY","AUDNZD","AUDUSD","BTCUSD","CADJPY","DE40","ETHUSD","EURAUD"]
[2026-05-25T13:04:59.021Z] INFO BAR_PUSH object_type=ea object_id=10869460 source_id=Ctrader bar_count=10 symbols=["ADAUSD","EURCAD","EURGBP","EURJPY"]
[2026-05-25T13:05:31.018Z] INFO BAR_PUSH object_type=ea object_id=10869460 source_id=Ctrader bar_count=10 symbols=["ADAUSD","AUDCAD","AUDCHF","AUDJPY","AUDNZD"]
[2026-05-25T13:06:03.025Z] INFO BAR_PUSH object_type=ea object_id=10869460 source_id=Ctrader bar_count=10 symbols=["AUDCAD","AUDCHF","AUDJPY","AUDNZD","AUDUSD","BTCUSD","CADJPY"]
[2026-05-25T13:06:35.023Z] INFO BAR_PUSH object_type=ea object_id=10869460 source_id=Ctrader bar_count=10 symbols=["ADAUSD","DE40","ETHUSD","EURAUD","EURCAD","EURGBP"]
[2026-05-25T13:07:09.032Z] INFO BAR_PUSH object_type=ea object_id=10869460 source_id=Ctrader bar_count=10 symbols=["AUDCAD","AUDCHF","AUDJPY","AUDNZD","AUDUSD","BTCUSD","CADJPY","DE40","ETHUSD","EURAUD"]
[2026-05-25T13:07:41.019Z] INFO BAR_PUSH object_type=ea object_id=10869460 source_id=Ctrader bar_count=10 symbols=["EURCAD","EURGBP","EURJPY","EURSGD"]
[2026-05-25T13:08:13.026Z] INFO BAR_PUSH object_type=ea object_id=10869460 source_id=Ctrader bar_count=10 symbols=["AUDCAD","AUDCHF","AUDJPY","AUDNZD","AUDUSD","BTCUSD","CADJPY","DE40","ETHUSD","EURAUD"]
[2026-05-25T13:08:45.022Z] INFO BAR_PUSH object_type=ea object_id=10869460 source_id=Ctrader bar_count=10 symbols=["ADAUSD","EURCAD","EURGBP","EURJPY","EURSGD","EURUSD"]
[2026-05-25T13:09:17.024Z] INFO BAR_PUSH object_type=ea object_id=10869460 source_id=Ctrader bar_count=10 symbols=["ADAUSD","AUDCAD","AUDCHF","AUDJPY","AUDNZD","AUDUSD","BTCUSD","CADJPY","DE40","ETHUSD"]
[2026-05-25T13:09:49.025Z] INFO BAR_PUSH object_type=ea object_id=10869460 source_id=Ctrader bar_count=10 symbols=["EURAUD","EURCAD","EURGBP","EURJPY","EURSGD","EURUSD","GBPAUD"]
[2026-05-25T13:10:21.015Z] INFO BAR_PUSH object_type=ea object_id=10869460 source_id=Ctrader bar_count=10 symbols=["AUDCAD","AUDCHF","AUDJPY","AUDNZD","AUDUSD"]
[2026-05-25T13:10:55.025Z] INFO BAR_PUSH object_type=ea object_id=10869460 source_id=Ctrader bar_count=10 symbols=["ADAUSD","BTCUSD","CADJPY","DE40","ETHUSD"]
[2026-05-25T13:11:27.032Z] INFO BAR_PUSH object_type=ea object_id=10869460 source_id=Ctrader bar_count=10 symbols=["AUDCAD","AUDCHF","AUDJPY","AUDNZD","AUDUSD","BTCUSD","CADJPY","DE40","ETHUSD","EURAUD"]
[2026-05-25T13:11:59.027Z] INFO BAR_PUSH object_type=ea object_id=10869460 source_id=Ctrader bar_count=10 symbols=["ADAUSD","EURAUD","EURCAD","EURGBP","EURJPY","EURSGD"]
[2026-05-25T13:12:33.028Z] INFO BAR_PUSH object_type=ea object_id=10869460 source_id=Ctrader bar_count=10 symbols=["ADAUSD","AUDCAD","AUDCHF","AUDJPY","AUDNZD","AUDUSD","BTCUSD","CADJPY","DE40","ETHUSD"]
[2026-05-25T13:13:05.032Z] INFO BAR_PUSH object_type=ea object_id=10869460 source_id=Ctrader bar_count=10 symbols=["AUDCAD","AUDCHF","AUDJPY","AUDNZD","AUDUSD","BTCUSD","CADJPY","DE40","EURAUD","EURCAD"]
[2026-05-25T13:13:37.016Z] INFO BAR_PUSH object_type=ea object_id=10869460 source_id=Ctrader bar_count=10 symbols=["ETHUSD","EURGBP","EURJPY","EURSGD","EURUSD","GBPAUD"]
[2026-05-25T13:14:09.024Z] INFO BAR_PUSH object_type=ea object_id=10869460 source_id=Ctrader bar_count=10 symbols=["ADAUSD","AUDCAD","AUDCHF","AUDJPY","AUDNZD","AUDUSD","BTCUSD","CADJPY","DE40","ETHUSD"]
[2026-05-25T13:14:43.023Z] INFO BAR_PUSH object_type=ea object_id=10869460 source_id=Ctrader bar_count=10 symbols=["EURAUD","EURCAD","EURGBP","EURJPY","EURSGD","EURUSD","GBPAUD","GBPCAD"]
[2026-05-25T13:15:15.029Z] INFO BAR_PUSH object_type=ea object_id=10869460 source_id=Ctrader bar_count=10 symbols=["ADAUSD","AUDCAD","AUDCHF","AUDJPY"]
[2026-05-25T13:15:47.005Z] INFO BAR_PUSH object_type=ea object_id=10869460 source_id=Ctrader bar_count=10 symbols=["AUDJPY","AUDNZD","AUDUSD","BTCUSD"]
[2026-05-25T13:16:21.019Z] INFO BAR_PUSH object_type=ea object_id=10869460 source_id=Ctrader bar_count=10 symbols=["ADAUSD","AUDCAD","AUDCHF","AUDJPY","AUDNZD","AUDUSD","BTCUSD","CADJPY"]
[2026-05-25T13:16:53.014Z] INFO BAR_PUSH object_type=ea object_id=10869460 source_id=Ctrader bar_count=10 symbols=["CADJPY","DE40","ETHUSD","EURAUD"]
[2026-05-25T13:17:25.080Z] INFO BAR_PUSH object_type=ea object_id=10869460 source_id=Ctrader bar_count=10 symbols=["AUDCAD","AUDCHF","AUDJPY","AUDNZD","AUDUSD","BTCUSD","CADJPY","DE40","ETHUSD","EURAUD"]
[2026-05-25T13:17:57.012Z] INFO BAR_PUSH object_type=ea object_id=10869460 source_id=Ctrader bar_count=10 symbols=["EURCAD","EURGBP","EURJPY","EURSGD"]
[2026-05-25T13:18:29.021Z] INFO BAR_PUSH object_type=ea object_id=10869460 source_id=Ctrader bar_count=10 symbols=["ADAUSD","AUDCAD","AUDCHF","AUDJPY","AUDNZD","AUDUSD","BTCUSD","CADJPY","DE40","ETHUSD"]
[2026-05-25T13:19:01.007Z] INFO BAR_PUSH object_type=ea object_id=10869460 source_id=Ctrader bar_count=10 symbols=["AUDCAD","AUDCHF","AUDJPY","AUDNZD","AUDUSD","BTCUSD","CADJPY","DE40","ETHUSD","EURAUD"]
[2026-05-25T13:19:33.003Z] INFO BAR_PUSH object_type=ea object_id=10869460 source_id=Ctrader bar_count=10 symbols=["EURCAD","EURGBP","EURJPY","EURSGD","EURUSD","GBPAUD"]
[2026-05-25T13:20:05.020Z] INFO BAR_PUSH object_type=ea object_id=10869460 source_id=Ctrader bar_count=10 symbols=["AUDCAD","AUDCHF","AUDJPY","AUDNZD","AUDUSD"]
[2026-05-25T13:20:36.998Z] INFO BAR_PUSH object_type=ea object_id=10869460 source_id=Ctrader bar_count=10 symbols=["ADAUSD","BTCUSD","CADJPY","DE40","ETHUSD"]
[2026-05-25T13:21:09.026Z] INFO BAR_PUSH object_type=ea object_id=10869460 source_id=Ctrader bar_count=10 symbols=["AUDCAD","AUDCHF","AUDJPY","AUDNZD","AUDUSD","BTCUSD","CADJPY","DE40","ETHUSD","EURAUD"]
[2026-05-25T13:21:41.018Z] INFO BAR_PUSH object_type=ea object_id=10869460 source_id=Ctrader bar_count=10 symbols=["ADAUSD","EURAUD","EURCAD","EURGBP","EURJPY","EURSGD"]
[2026-05-25T13:22:15.025Z] INFO BAR_PUSH object_type=ea object_id=10869460 source_id=Ctrader bar_count=10 symbols=["AUDCAD","AUDCHF","AUDJPY","AUDNZD","AUDUSD","BTCUSD","CADJPY","DE40","ETHUSD","EURAUD"]
[2026-05-25T13:22:47.014Z] INFO BAR_PUSH object_type=ea object_id=10869460 source_id=Ctrader bar_count=10 symbols=["EURCAD","EURGBP","EURJPY","EURSGD","EURUSD","GBPAUD","GBPCAD"]
[2026-05-25T13:23:19.016Z] INFO BAR_PUSH object_type=ea object_id=10869460 source_id=Ctrader bar_count=10 symbols=["ADAUSD","AUDCAD","AUDCHF","AUDJPY","AUDNZD","AUDUSD","BTCUSD","CADJPY","DE40","ETHUSD"]
[2026-05-25T13:23:51.013Z] INFO BAR_PUSH object_type=ea object_id=10869460 source_id=Ctrader bar_count=10 symbols=["EURAUD","EURCAD","EURGBP","EURJPY","EURSGD","EURUSD","GBPAUD","GBPCAD"]
[2026-05-25T13:24:23.050Z] INFO BAR_PUSH object_type=ea object_id=10869460 source_id=Ctrader bar_count=10 symbols=["ADAUSD","AUDCAD","AUDCHF","AUDJPY","AUDNZD","AUDUSD","BTCUSD","CADJPY","DE40","ETHUSD"]
[2026-05-25T13:24:55.021Z] INFO BAR_PUSH object_type=ea object_id=10869460 source_id=Ctrader bar_count=10 symbols=["EURAUD","EURCAD","EURGBP","EURJPY","EURSGD","EURUSD","GBPAUD","GBPCAD"]
[2026-05-25T13:25:27.012Z] INFO BAR_PUSH object_type=ea object_id=10869460 source_id=Ctrader bar_count=10 symbols=["ADAUSD","AUDCAD","AUDCHF","AUDJPY","AUDNZD"]
[2026-05-25T13:25:59.021Z] INFO BAR_PUSH object_type=ea object_id=10869460 source_id=Ctrader bar_count=10 symbols=["AUDUSD","BTCUSD","CADJPY","DE40","ETHUSD"]
[2026-05-25T13:26:31.020Z] INFO BAR_PUSH object_type=ea object_id=10869460 source_id=Ctrader bar_count=10 symbols=["ADAUSD","AUDCAD","AUDCHF","AUDJPY","AUDNZD","AUDUSD","BTCUSD","CADJPY","DE40","ETHUSD"]
[2026-05-25T13:27:05.024Z] INFO BAR_PUSH object_type=ea object_id=10869460 source_id=Ctrader bar_count=10 symbols=["AUDCAD","AUDCHF","AUDJPY","AUDNZD","AUDUSD","BTCUSD","CADJPY","ETHUSD","EURAUD"]
[2026-05-25T13:27:37.017Z] INFO BAR_PUSH object_type=ea object_id=10869460 source_id=Ctrader bar_count=10 symbols=["ADAUSD","DE40","EURCAD","EURGBP","EURJPY","EURSGD"]
[2026-05-25T13:28:09.025Z] INFO BAR_PUSH object_type=ea object_id=10869460 source_id=Ctrader bar_count=10 symbols=["AUDCAD","AUDCHF","AUDJPY","AUDNZD","AUDUSD","BTCUSD","CADJPY","DE40","EURAUD","EURCAD"]
[2026-05-25T13:28:41.013Z] INFO BAR_PUSH object_type=ea object_id=10869460 source_id=Ctrader bar_count=10 symbols=["ETHUSD","EURGBP","EURJPY","EURSGD","EURUSD","GBPAUD","GBPCAD"]
[2026-05-25T13:29:13.020Z] INFO BAR_PUSH object_type=ea object_id=10869460 source_id=Ctrader bar_count=10 symbols=["AUDCAD","AUDCHF","AUDJPY","AUDNZD","AUDUSD","BTCUSD","CADJPY","DE40","ETHUSD","EURAUD"]
[2026-05-25T13:29:45.018Z] INFO BAR_PUSH object_type=ea object_id=10869460 source_id=Ctrader bar_count=10 symbols=["EURCAD","EURGBP","EURJPY","EURSGD","EURUSD","GBPAUD","GBPCAD","GBPJPY"]
[2026-05-25T13:30:17.005Z] INFO BAR_PUSH object_type=ea object_id=10869460 source_id=Ctrader bar_count=10 symbols=["ADAUSD","AUDCAD","AUDCHF","AUDJPY"]
[2026-05-25T13:30:51.008Z] INFO BAR_PUSH object_type=ea object_id=10869460 source_id=Ctrader bar_count=10 symbols=["AUDJPY","AUDNZD","AUDUSD","BTCUSD"]
[2026-05-25T13:31:23.020Z] INFO BAR_PUSH object_type=ea object_id=10869460 source_id=Ctrader bar_count=10 symbols=["ADAUSD","AUDCAD","AUDCHF","AUDJPY","AUDNZD","AUDUSD","BTCUSD","CADJPY"]
[2026-05-25T13:31:55.010Z] INFO BAR_PUSH object_type=ea object_id=10869460 source_id=Ctrader bar_count=10 symbols=["CADJPY","DE40","ETHUSD","EURAUD"]
[2026-05-25T13:32:29.039Z] INFO BAR_PUSH object_type=ea object_id=10869460 source_id=Ctrader bar_count=10 symbols=["AUDCAD","AUDCHF","AUDJPY","AUDNZD","AUDUSD","BTCUSD","CADJPY","DE40","ETHUSD","EURAUD"]
[2026-05-25T13:33:03.027Z] INFO BAR_PUSH object_type=ea object_id=10869460 source_id=Ctrader bar_count=10 symbols=["AUDCAD","AUDCHF","AUDJPY","AUDNZD","AUDUSD","BTCUSD","CADJPY","DE40","ETHUSD","EURAUD"]
[2026-05-25T13:33:35.013Z] INFO BAR_PUSH object_type=ea object_id=10869460 source_id=Ctrader bar_count=10 symbols=["ADAUSD","EURCAD","EURGBP","EURJPY"]
[2026-05-25T13:34:07.024Z] INFO BAR_PUSH object_type=ea object_id=10869460 source_id=Ctrader bar_count=10 symbols=["AUDCAD","AUDCHF","AUDJPY","AUDNZD","AUDUSD","BTCUSD","CADJPY","DE40","ETHUSD","EURAUD"]
[2026-05-25T13:34:39.021Z] INFO BAR_PUSH object_type=ea object_id=10869460 source_id=Ctrader bar_count=10 symbols=["EURCAD","EURGBP","EURJPY","EURSGD","EURUSD","GBPAUD"]
[2026-05-25T13:35:11.015Z] INFO BAR_PUSH object_type=ea object_id=10869460 source_id=Ctrader bar_count=10 symbols=["AUDCAD","AUDCHF","AUDJPY","AUDNZD","AUDUSD"]
[2026-05-25T13:35:43.003Z] INFO BAR_PUSH object_type=ea object_id=10869460 source_id=Ctrader bar_count=10 symbols=["ADAUSD","BTCUSD","CADJPY","DE40","ETHUSD"]
[2026-05-25T13:36:17.016Z] INFO BAR_PUSH object_type=ea object_id=10869460 source_id=Ctrader bar_count=10 symbols=["ADAUSD","AUDCAD","AUDCHF","AUDJPY","AUDNZD","AUDUSD","BTCUSD","CADJPY","DE40","ETHUSD"]
[2026-05-25T13:36:49.017Z] INFO BAR_PUSH object_type=ea object_id=10869460 source_id=Ctrader bar_count=10 symbols=["EURAUD","EURCAD","EURGBP","EURJPY","EURSGD"]
[2026-05-25T13:37:21.029Z] INFO BAR_PUSH object_type=ea object_id=10869460 source_id=Ctrader bar_count=10 symbols=["ADAUSD","AUDCAD","AUDCHF","AUDJPY","AUDNZD","AUDUSD","BTCUSD","CADJPY","DE40","ETHUSD"]
[2026-05-25T13:37:53.021Z] INFO BAR_PUSH object_type=ea object_id=10869460 source_id=Ctrader bar_count=10 symbols=["EURAUD","EURCAD","EURGBP","EURJPY","EURSGD","EURUSD","GBPAUD"]
[2026-05-25T13:38:25.000Z] INFO BAR_PUSH object_type=ea object_id=10869460 source_id=Ctrader bar_count=10 symbols=["ADAUSD","AUDCAD","AUDCHF","AUDJPY","AUDNZD","AUDUSD","BTCUSD","CADJPY","DE40","ETHUSD"]
[2026-05-25T13:38:57.023Z] INFO BAR_PUSH object_type=ea object_id=10869460 source_id=Ctrader bar_count=10 symbols=["EURAUD","EURCAD","EURGBP","EURJPY","EURSGD","EURUSD","GBPAUD","GBPCAD"]
[2026-05-25T13:39:29.007Z] INFO BAR_PUSH object_type=ea object_id=10869460 source_id=Ctrader bar_count=10 symbols=["AUDCAD","AUDCHF","AUDJPY","AUDNZD","AUDUSD","BTCUSD","CADJPY","DE40","ETHUSD","EURAUD"]
[2026-05-25T13:40:01.016Z] INFO BAR_PUSH object_type=ea object_id=10869460 source_id=Ctrader bar_count=10 symbols=["ADAUSD","AUDCAD","AUDCHF","AUDJPY","AUDNZD","BTCUSD"]
[2026-05-25T13:40:35.017Z] INFO BAR_PUSH object_type=ea object_id=10869460 source_id=Ctrader bar_count=10 symbols=["AUDUSD","BTCUSD","CADJPY","DE40","ETHUSD","EURAUD"]
[2026-05-25T13:41:09.019Z] INFO BAR_PUSH object_type=ea object_id=10869460 source_id=Ctrader bar_count=10 symbols=["ADAUSD","AUDCAD","AUDCHF","AUDJPY","AUDNZD","AUDUSD","BTCUSD","CADJPY","DE40"]
[2026-05-25T13:41:41.017Z] INFO BAR_PUSH object_type=ea object_id=10869460 source_id=Ctrader bar_count=10 symbols=["ETHUSD","EURAUD","EURCAD","EURGBP","EURJPY","EURSGD"]
[2026-05-25T13:42:13.016Z] INFO BAR_PUSH object_type=ea object_id=10869460 source_id=Ctrader bar_count=10 symbols=["ADAUSD","AUDCAD","AUDCHF","AUDJPY","AUDNZD","AUDUSD","BTCUSD","CADJPY","DE40","ETHUSD"]
[2026-05-25T13:42:45.002Z] INFO BAR_PUSH object_type=ea object_id=10869460 source_id=Ctrader bar_count=10 symbols=["EURAUD","EURCAD","EURGBP","EURJPY","EURSGD","EURUSD","GBPAUD"]
[2026-05-25T13:43:17.070Z] INFO BAR_PUSH object_type=ea object_id=10869460 source_id=Ctrader bar_count=10 symbols=["AUDCAD","AUDCHF","AUDJPY","AUDNZD","AUDUSD","BTCUSD","CADJPY","DE40","ETHUSD","EURAUD"]
[2026-05-25T13:43:49.002Z] INFO BAR_PUSH object_type=ea object_id=10869460 source_id=Ctrader bar_count=10 symbols=["ADAUSD","EURCAD","EURGBP","EURJPY","EURSGD","EURUSD","GBPAUD","GBPCAD","GBPJPY"]
[2026-05-25T13:44:21.017Z] INFO BAR_PUSH object_type=ea object_id=10869460 source_id=Ctrader bar_count=10 symbols=["ADAUSD","AUDCAD","AUDCHF","AUDJPY","AUDNZD","AUDUSD","BTCUSD","CADJPY","DE40","ETHUSD"]
[2026-05-25T13:44:53.012Z] INFO BAR_PUSH object_type=ea object_id=10869460 source_id=Ctrader bar_count=10 symbols=["EURAUD","EURCAD","EURGBP","EURJPY","EURSGD","EURUSD","GBPAUD","GBPCAD","GBPJPY"]
[2026-05-25T13:45:24.992Z] INFO BAR_PUSH object_type=ea object_id=10869460 source_id=Ctrader bar_count=10 symbols=["AUDCAD","AUDCHF","AUDJPY","AUDNZD"]
[2026-05-25T13:45:57.010Z] INFO BAR_PUSH object_type=ea object_id=10869460 source_id=Ctrader bar_count=10 symbols=["ADAUSD","AUDNZD","AUDUSD","BTCUSD"]
[2026-05-25T13:46:29.011Z] INFO BAR_PUSH object_type=ea object_id=10869460 source_id=Ctrader bar_count=10 symbols=["ADAUSD","AUDCAD","AUDCHF","AUDJPY","AUDNZD","AUDUSD","BTCUSD","CADJPY"]
[2026-05-25T13:47:01.014Z] INFO BAR_PUSH object_type=ea object_id=10869460 source_id=Ctrader bar_count=10 symbols=["AUDCAD","AUDJPY","AUDNZD","AUDUSD","BTCUSD","CADJPY","DE40"]
[2026-05-25T13:47:33.020Z] INFO BAR_PUSH object_type=ea object_id=10869460 source_id=Ctrader bar_count=10 symbols=["AUDCHF","DE40","ETHUSD","EURAUD","EURCAD"]
[2026-05-25T13:48:05.020Z] INFO BAR_PUSH object_type=ea object_id=10869460 source_id=Ctrader bar_count=10 symbols=["AUDCAD","AUDCHF","AUDJPY","AUDNZD","AUDUSD","BTCUSD","CADJPY","DE40","ETHUSD","EURAUD"]
[2026-05-25T13:48:37.015Z] INFO BAR_PUSH object_type=ea object_id=10869460 source_id=Ctrader bar_count=10 symbols=["EURCAD","EURGBP","EURJPY","EURSGD"]
[2026-05-25T13:49:11.014Z] INFO BAR_PUSH object_type=ea object_id=10869460 source_id=Ctrader bar_count=10 symbols=["ADAUSD","AUDCAD","AUDCHF","AUDJPY","AUDNZD","AUDUSD","BTCUSD","CADJPY","DE40","ETHUSD"]
[2026-05-25T13:49:43.018Z] INFO BAR_PUSH object_type=ea object_id=10869460 source_id=Ctrader bar_count=10 symbols=["ADAUSD","EURAUD","EURCAD","EURGBP","EURJPY","EURSGD","EURUSD"]
[2026-05-25T13:50:15.005Z] INFO BAR_PUSH object_type=ea object_id=10869460 source_id=Ctrader bar_count=10 symbols=["AUDCAD","AUDCHF","AUDJPY","AUDNZD","AUDUSD"]
[2026-05-25T13:50:47.028Z] INFO BAR_PUSH object_type=ea object_id=10869460 source_id=Ctrader bar_count=10 symbols=["ADAUSD","BTCUSD","CADJPY","DE40","ETHUSD"]
[2026-05-25T13:51:19.011Z] INFO BAR_PUSH object_type=ea object_id=10869460 source_id=Ctrader bar_count=10 symbols=["AUDCAD","AUDCHF","AUDJPY","AUDNZD","AUDUSD","BTCUSD","CADJPY","DE40","ETHUSD","EURAUD"]
[2026-05-25T13:51:53.066Z] INFO BAR_PUSH object_type=ea object_id=10869460 source_id=Ctrader bar_count=10 symbols=["ADAUSD","EURAUD","EURCAD","EURGBP","EURJPY","EURSGD"]
[2026-05-25T13:52:27.032Z] INFO BAR_PUSH object_type=ea object_id=10869460 source_id=Ctrader bar_count=10 symbols=["ADAUSD","AUDCAD","AUDCHF","AUDJPY","AUDNZD","AUDUSD","BTCUSD","CADJPY","DE40","ETHUSD"]
[2026-05-25T13:52:59.019Z] INFO BAR_PUSH object_type=ea object_id=10869460 source_id=Ctrader bar_count=10 symbols=["EURAUD","EURCAD","EURGBP","EURJPY","EURSGD","EURUSD","GBPAUD"]
[2026-05-25T13:53:31.022Z] INFO BAR_PUSH object_type=ea object_id=10869460 source_id=Ctrader bar_count=10 symbols=["ADAUSD","AUDCAD","AUDCHF","AUDJPY","AUDNZD","AUDUSD","BTCUSD","CADJPY","DE40","ETHUSD"]
[2026-05-25T13:54:05.012Z] INFO BAR_PUSH object_type=ea object_id=10869460 source_id=Ctrader bar_count=10 symbols=["AUDCAD","AUDCHF","AUDJPY","AUDNZD","AUDUSD","BTCUSD","CADJPY","DE40","EURAUD","EURCAD"]
[2026-05-25T13:54:39.009Z] INFO BAR_PUSH object_type=ea object_id=10869460 source_id=Ctrader bar_count=10 symbols=["ETHUSD","EURGBP","EURJPY","EURSGD","EURUSD","GBPAUD","GBPCAD","GBPJPY"]
[2026-05-25T13:55:12.995Z] INFO BAR_PUSH object_type=ea object_id=10869460 source_id=Ctrader bar_count=10 symbols=["ADAUSD","AUDCAD","AUDCHF","AUDJPY","AUDNZD","AUDUSD"]
[2026-05-25T13:55:45.004Z] INFO BAR_PUSH object_type=ea object_id=10869460 source_id=Ctrader bar_count=10 symbols=["ADAUSD","AUDUSD","BTCUSD","CADJPY","DE40","ETHUSD"]
[2026-05-25T13:56:17.018Z] INFO BAR_PUSH object_type=ea object_id=10869460 source_id=Ctrader bar_count=10 symbols=["ADAUSD","AUDCAD","AUDCHF","AUDJPY","AUDNZD","AUDUSD","BTCUSD","CADJPY","DE40","ETHUSD"]
[2026-05-25T13:56:51.001Z] INFO BAR_PUSH object_type=ea object_id=10869460 source_id=Ctrader bar_count=10 symbols=["ETHUSD","EURAUD","EURCAD","EURGBP","EURJPY","EURSGD"]
[2026-05-25T13:57:23.009Z] INFO BAR_PUSH object_type=ea object_id=10869460 source_id=Ctrader bar_count=10 symbols=["AUDCAD","AUDCHF","AUDJPY","AUDNZD","AUDUSD","BTCUSD","CADJPY","DE40","ETHUSD","EURAUD"]
[2026-05-25T13:57:55.008Z] INFO BAR_PUSH object_type=ea object_id=10869460 source_id=Ctrader bar_count=10 symbols=["EURCAD","EURGBP","EURJPY","EURSGD","EURUSD","GBPAUD","GBPCAD"]
[2026-05-25T13:58:27.000Z] INFO BAR_PUSH object_type=ea object_id=10869460 source_id=Ctrader bar_count=10 symbols=["AUDCAD","AUDCHF","AUDJPY","AUDNZD","AUDUSD","BTCUSD","CADJPY","DE40","ETHUSD","EURAUD"]
[2026-05-25T13:59:00.999Z] INFO BAR_PUSH object_type=ea object_id=10869460 source_id=Ctrader bar_count=10 symbols=["ADAUSD","AUDCAD","AUDCHF","AUDJPY","AUDNZD","AUDUSD","BTCUSD","CADJPY","DE40","ETHUSD"]
[2026-05-25T13:59:33.002Z] INFO BAR_PUSH object_type=ea object_id=10869460 source_id=Ctrader bar_count=10 symbols=["ADAUSD","EURAUD","EURCAD","EURGBP","EURJPY","EURSGD","EURUSD","GBPAUD","GBPCAD"]
[2026-05-25T14:00:04.993Z] INFO BAR_PUSH object_type=ea object_id=10869460 source_id=Ctrader bar_count=10 symbols=["AUDCAD","AUDCHF","AUDJPY"]
[2026-05-25T14:00:36.976Z] INFO BAR_PUSH object_type=ea object_id=10869460 source_id=Ctrader bar_count=10 symbols=["ADAUSD","AUDJPY","AUDNZD"]
[2026-05-25T14:01:09.043Z] INFO BAR_PUSH object_type=ea object_id=10869460 source_id=Ctrader bar_count=10 symbols=["AUDCAD","AUDCHF","AUDJPY","AUDNZD","AUDUSD","BTCUSD"]
[2026-05-25T14:01:40.974Z] INFO BAR_PUSH object_type=ea object_id=10869460 source_id=Ctrader bar_count=10 symbols=["ADAUSD","BTCUSD","CADJPY","DE40"]
[2026-05-25T14:02:12.985Z] INFO BAR_PUSH object_type=ea object_id=10869460 source_id=Ctrader bar_count=10 symbols=["AUDCAD","AUDCHF","AUDJPY","AUDNZD","AUDUSD","BTCUSD","CADJPY","DE40","ETHUSD"]
[2026-05-25T14:02:47.004Z] INFO BAR_PUSH object_type=ea object_id=10869460 source_id=Ctrader bar_count=10 symbols=["EURCAD","EURGBP","EURJPY","EURSGD"]
[2026-05-25T14:03:21.000Z] INFO BAR_PUSH object_type=ea object_id=10869460 source_id=Ctrader bar_count=10 symbols=["ADAUSD","AUDCAD","AUDCHF","AUDJPY","AUDNZD","AUDUSD","BTCUSD","CADJPY","DE40","ETHUSD"]
[2026-05-25T14:03:55.005Z] INFO BAR_PUSH object_type=ea object_id=10869460 source_id=Ctrader bar_count=10 symbols=["EURAUD","EURCAD","EURGBP","EURJPY","EURSGD","EURUSD"]
[2026-05-25T14:04:27.009Z] INFO BAR_PUSH object_type=ea object_id=10869460 source_id=Ctrader bar_count=10 symbols=["ADAUSD","AUDCAD","AUDCHF","AUDJPY","AUDNZD","AUDUSD","BTCUSD","CADJPY","DE40","ETHUSD"]
[2026-05-25T14:04:59.005Z] INFO BAR_PUSH object_type=ea object_id=10869460 source_id=Ctrader bar_count=10 symbols=["EURAUD","EURCAD","EURGBP","EURJPY","EURSGD","EURUSD","GBPAUD"]
[2026-05-25T14:05:32.985Z] INFO BAR_PUSH object_type=ea object_id=10869460 source_id=Ctrader bar_count=10 symbols=["ADAUSD","AUDCAD","AUDCHF","AUDJPY","AUDNZD"]
[2026-05-25T14:06:04.983Z] INFO BAR_PUSH object_type=ea object_id=10869460 source_id=Ctrader bar_count=10 symbols=["ADAUSD","AUDCAD","AUDCHF","AUDJPY","AUDNZD","AUDUSD","BTCUSD","CADJPY"]
[2026-05-25T14:06:36.980Z] INFO BAR_PUSH object_type=ea object_id=10869460 source_id=Ctrader bar_count=10 symbols=["CADJPY","DE40","ETHUSD","EURAUD","EURCAD","EURGBP"]
[2026-05-25T14:07:08.995Z] INFO BAR_PUSH object_type=ea object_id=10869460 source_id=Ctrader bar_count=10 symbols=["AUDCAD","AUDCHF","AUDJPY","AUDNZD","AUDUSD","BTCUSD","CADJPY","DE40","ETHUSD","EURAUD"]
[2026-05-25T14:07:40.986Z] INFO BAR_PUSH object_type=ea object_id=10869460 source_id=Ctrader bar_count=10 symbols=["ADAUSD","EURCAD","EURGBP","EURJPY","EURSGD","EURUSD"]
[2026-05-25T14:08:12.988Z] INFO BAR_PUSH object_type=ea object_id=10869460 source_id=Ctrader bar_count=10 symbols=["AUDCAD","AUDCHF","AUDJPY","AUDNZD","AUDUSD","BTCUSD","CADJPY","DE40","ETHUSD","EURAUD"]
[2026-05-25T14:08:45.001Z] INFO BAR_PUSH object_type=ea object_id=10869460 source_id=Ctrader bar_count=10 symbols=["EURCAD","EURGBP","EURJPY","EURSGD","EURUSD","GBPAUD","GBPCAD"]
[2026-05-25T14:09:17.015Z] INFO BAR_PUSH object_type=ea object_id=10869460 source_id=Ctrader bar_count=10 symbols=["ADAUSD","AUDCAD","AUDCHF","AUDJPY","AUDNZD","AUDUSD","BTCUSD","CADJPY","DE40","ETHUSD"]
[2026-05-25T14:09:48.982Z] INFO BAR_PUSH object_type=ea object_id=10869460 source_id=Ctrader bar_count=10 symbols=["EURAUD","EURCAD","EURGBP","EURJPY","EURSGD","EURUSD","GBPAUD","GBPCAD"]
[2026-05-25T14:10:20.980Z] INFO BAR_PUSH object_type=ea object_id=10869460 source_id=Ctrader bar_count=10 symbols=["ADAUSD","AUDCAD","AUDCHF","AUDJPY","AUDNZD"]
[2026-05-25T14:10:53.006Z] INFO BAR_PUSH object_type=ea object_id=10869460 source_id=Ctrader bar_count=10 symbols=["AUDUSD","BTCUSD","CADJPY","DE40","ETHUSD"]
[2026-05-25T14:11:24.999Z] INFO BAR_PUSH object_type=ea object_id=10869460 source_id=Ctrader bar_count=10 symbols=["ADAUSD","AUDCAD","AUDCHF","AUDJPY","AUDNZD","AUDUSD","BTCUSD","CADJPY","DE40","ETHUSD"]
[2026-05-25T14:11:57.001Z] INFO BAR_PUSH object_type=ea object_id=10869460 source_id=Ctrader bar_count=10 symbols=["EURAUD","EURCAD","EURGBP","EURJPY","EURSGD"]
[2026-05-25T14:12:29.003Z] INFO BAR_PUSH object_type=ea object_id=10869460 source_id=Ctrader bar_count=10 symbols=["AUDCAD","AUDCHF","AUDJPY","AUDNZD","AUDUSD","BTCUSD","CADJPY","DE40","ETHUSD","EURAUD"]
[2026-05-25T14:13:03.009Z] INFO BAR_PUSH object_type=ea object_id=10869460 source_id=Ctrader bar_count=10 symbols=["AUDCAD","AUDCHF","AUDJPY","AUDNZD","AUDUSD","BTCUSD","CADJPY","DE40","ETHUSD","EURAUD"]
[2026-05-25T14:13:34.989Z] INFO BAR_PUSH object_type=ea object_id=10869460 source_id=Ctrader bar_count=10 symbols=["EURCAD","EURGBP","EURJPY","EURSGD","EURUSD","GBPAUD","GBPCAD"]
[2026-05-25T14:14:08.989Z] INFO BAR_PUSH object_type=ea object_id=10869460 source_id=Ctrader bar_count=10 symbols=["AUDCAD","AUDCHF","AUDJPY","AUDNZD","AUDUSD","BTCUSD","CADJPY","DE40","ETHUSD","EURAUD"]
[2026-05-25T14:14:42.998Z] INFO BAR_PUSH object_type=ea object_id=10869460 source_id=Ctrader bar_count=10 symbols=["ADAUSD","EURCAD","EURGBP","EURJPY","EURSGD","EURUSD","GBPAUD","GBPCAD","GBPJPY"]
[2026-05-25T14:15:14.999Z] INFO BAR_PUSH object_type=ea object_id=10869460 source_id=Ctrader bar_count=10 symbols=["ADAUSD","AUDCAD","AUDCHF","AUDJPY"]
[2026-05-25T14:15:46.967Z] INFO BAR_PUSH object_type=ea object_id=10869460 source_id=Ctrader bar_count=10 symbols=["AUDJPY","AUDNZD","AUDUSD","BTCUSD"]
[2026-05-25T14:16:21.057Z] INFO BAR_PUSH object_type=ea object_id=10869460 source_id=Ctrader bar_count=10 symbols=["ADAUSD","AUDCAD","AUDCHF","AUDJPY","AUDNZD","AUDUSD","BTCUSD","CADJPY"]
[2026-05-25T14:16:52.985Z] INFO BAR_PUSH object_type=ea object_id=10869460 source_id=Ctrader bar_count=10 symbols=["CADJPY","DE40","ETHUSD","EURAUD"]
[2026-05-25T14:17:27.032Z] INFO BAR_PUSH object_type=ea object_id=10869460 source_id=Ctrader bar_count=10 symbols=["EURAUD","EURCAD","EURGBP","EURJPY"]
[2026-05-25T14:17:58.982Z] INFO BAR_PUSH object_type=ea object_id=10869460 source_id=Ctrader bar_count=10 symbols=["EURSGD","EURUSD","GBPAUD","GBPCAD"]
[2026-05-25T14:18:30.998Z] INFO BAR_PUSH object_type=ea object_id=10869460 source_id=Ctrader bar_count=10 symbols=["ADAUSD","AUDCAD","AUDCHF","AUDJPY","AUDNZD","AUDUSD","BTCUSD","CADJPY","DE40","ETHUSD"]
[2026-05-25T14:19:03.002Z] INFO BAR_PUSH object_type=ea object_id=10869460 source_id=Ctrader bar_count=10 symbols=["AUDCAD","AUDCHF","AUDJPY","AUDNZD","AUDUSD","BTCUSD","CADJPY","ETHUSD","EURAUD","EURCAD"]
[2026-05-25T14:19:34.991Z] INFO BAR_PUSH object_type=ea object_id=10869460 source_id=Ctrader bar_count=10 symbols=["ADAUSD","DE40","EURGBP","EURJPY","EURSGD","EURUSD","GBPAUD","GBPCAD"]
[2026-05-25T14:20:06.985Z] INFO BAR_PUSH object_type=ea object_id=10869460 source_id=Ctrader bar_count=10 symbols=["AUDCAD","AUDCHF","AUDJPY","AUDNZD","AUDUSD"]
[2026-05-25T14:20:38.991Z] INFO BAR_PUSH object_type=ea object_id=10869460 source_id=Ctrader bar_count=10 symbols=["ADAUSD","BTCUSD","CADJPY","DE40","ETHUSD"]
[2026-05-25T14:21:11.003Z] INFO BAR_PUSH object_type=ea object_id=10869460 source_id=Ctrader bar_count=10 symbols=["ADAUSD","AUDCAD","AUDCHF","AUDJPY","AUDNZD","AUDUSD","BTCUSD","CADJPY","DE40","ETHUSD"]
[2026-05-25T14:21:42.985Z] INFO BAR_PUSH object_type=ea object_id=10869460 source_id=Ctrader bar_count=10 symbols=["EURAUD","EURCAD","EURGBP","EURJPY","EURSGD"]
[2026-05-25T14:22:15.005Z] INFO BAR_PUSH object_type=ea object_id=10869460 source_id=Ctrader bar_count=10 symbols=["AUDCAD","AUDCHF","AUDJPY","AUDNZD","AUDUSD","BTCUSD","CADJPY","DE40","ETHUSD","EURAUD"]
[2026-05-25T14:22:47.004Z] INFO BAR_PUSH object_type=ea object_id=10869460 source_id=Ctrader bar_count=10 symbols=["ADAUSD","EURCAD","EURGBP","EURJPY","EURSGD","EURUSD","GBPAUD","GBPCAD"]
[2026-05-25T14:23:18.984Z] INFO BAR_PUSH object_type=ea object_id=10869460 source_id=Ctrader bar_count=10 symbols=["AUDCAD","AUDCHF","AUDJPY","AUDNZD","AUDUSD","BTCUSD","CADJPY","DE40","ETHUSD","EURAUD"]
[2026-05-25T14:23:50.978Z] INFO BAR_PUSH object_type=ea object_id=10869460 source_id=Ctrader bar_count=10 symbols=["ADAUSD","EURCAD","EURGBP","EURJPY","EURSGD","EURUSD","GBPAUD","GBPCAD","GBPJPY"]
[2026-05-25T14:24:25.003Z] INFO BAR_PUSH object_type=ea object_id=10869460 source_id=Ctrader bar_count=10 symbols=["ADAUSD","AUDCAD","AUDCHF","AUDJPY","AUDNZD","AUDUSD","BTCUSD","CADJPY","DE40","ETHUSD"]
[2026-05-25T14:24:56.981Z] INFO BAR_PUSH object_type=ea object_id=10869460 source_id=Ctrader bar_count=10 symbols=["EURAUD","EURCAD","EURGBP","EURJPY","EURSGD","EURUSD","GBPAUD","GBPCAD","GBPJPY"]
[2026-05-25T14:25:28.981Z] INFO BAR_PUSH object_type=ea object_id=10869460 source_id=Ctrader bar_count=10 symbols=["AUDCAD","AUDCHF","AUDJPY","AUDNZD","AUDUSD"]
[2026-05-25T14:26:00.997Z] INFO BAR_PUSH object_type=ea object_id=10869460 source_id=Ctrader bar_count=10 symbols=["ADAUSD","AUDCAD","AUDCHF","AUDJPY","AUDNZD","AUDUSD","BTCUSD","CADJPY"]
[2026-05-25T14:26:33.052Z] INFO BAR_PUSH object_type=ea object_id=10869460 source_id=Ctrader bar_count=10 symbols=["ADAUSD","BTCUSD","CADJPY","DE40","ETHUSD","EURAUD","EURCAD"]
[2026-05-25T14:27:04.992Z] INFO BAR_PUSH object_type=ea object_id=10869460 source_id=Ctrader bar_count=10 symbols=["ADAUSD","AUDCAD","AUDCHF","AUDJPY","AUDNZD","AUDUSD","BTCUSD","CADJPY","DE40","ETHUSD"]
[2026-05-25T14:27:36.978Z] INFO BAR_PUSH object_type=ea object_id=10869460 source_id=Ctrader bar_count=10 symbols=["EURAUD","EURCAD","EURGBP","EURJPY","EURSGD","EURUSD"]
[2026-05-25T14:28:08.981Z] INFO BAR_PUSH object_type=ea object_id=10869460 source_id=Ctrader bar_count=10 symbols=["AUDCAD","AUDCHF","AUDJPY","AUDNZD","AUDUSD","BTCUSD","CADJPY","DE40","ETHUSD","EURAUD"]
[2026-05-25T14:28:40.978Z] INFO BAR_PUSH object_type=ea object_id=10869460 source_id=Ctrader bar_count=10 symbols=["EURCAD","EURGBP","EURJPY","EURSGD","EURUSD","GBPAUD","GBPCAD"]
[2026-05-25T14:29:15.000Z] INFO BAR_PUSH object_type=ea object_id=10869460 source_id=Ctrader bar_count=10 symbols=["ADAUSD","AUDCAD","AUDCHF","AUDJPY","AUDNZD","AUDUSD","BTCUSD","CADJPY","DE40","ETHUSD"]
[2026-05-25T14:29:48.981Z] INFO BAR_PUSH object_type=ea object_id=10869460 source_id=Ctrader bar_count=10 symbols=["EURAUD","EURCAD","EURGBP","EURJPY","EURSGD","EURUSD","GBPAUD","GBPCAD","GBPJPY"]
[2026-05-25T14:30:20.969Z] INFO BAR_PUSH object_type=ea object_id=10869460 source_id=Ctrader bar_count=10 symbols=["ADAUSD","AUDCAD","AUDCHF","AUDJPY"]
[2026-05-25T14:30:52.969Z] INFO BAR_PUSH object_type=ea object_id=10869460 source_id=Ctrader bar_count=10 symbols=["AUDJPY","AUDNZD","AUDUSD","BTCUSD"]
[2026-05-25T14:31:24.985Z] INFO BAR_PUSH object_type=ea object_id=10869460 source_id=Ctrader bar_count=10 symbols=["AUDCAD","AUDCHF","AUDJPY","AUDNZD","AUDUSD","BTCUSD","CADJPY"]
[2026-05-25T14:31:56.987Z] INFO BAR_PUSH object_type=ea object_id=10869460 source_id=Ctrader bar_count=10 symbols=["ADAUSD","DE40","ETHUSD","EURAUD"]
[2026-05-25T14:32:29.005Z] INFO BAR_PUSH object_type=ea object_id=10869460 source_id=Ctrader bar_count=10 symbols=["ADAUSD","AUDCAD","AUDCHF","AUDJPY","AUDNZD","AUDUSD","BTCUSD","CADJPY","DE40","ETHUSD"]
[2026-05-25T14:33:02.978Z] INFO BAR_PUSH object_type=ea object_id=10869460 source_id=Ctrader bar_count=10 symbols=["AUDCAD","AUDCHF","AUDJPY","AUDNZD","AUDUSD","BTCUSD","CADJPY","DE40","ETHUSD","EURAUD"]
[2026-05-25T14:33:34.979Z] INFO BAR_PUSH object_type=ea object_id=10869460 source_id=Ctrader bar_count=10 symbols=["EURCAD","EURGBP","EURJPY","EURSGD"]
[2026-05-25T14:34:06.979Z] INFO BAR_PUSH object_type=ea object_id=10869460 source_id=Ctrader bar_count=10 symbols=["AUDCAD","AUDCHF","AUDJPY","AUDNZD","AUDUSD","BTCUSD","CADJPY","DE40","ETHUSD","EURAUD"]
[2026-05-25T14:34:38.989Z] INFO BAR_PUSH object_type=ea object_id=10869460 source_id=Ctrader bar_count=10 symbols=["ADAUSD","EURCAD","EURGBP","EURJPY","EURSGD","EURUSD"]
[2026-05-25T14:35:10.986Z] INFO BAR_PUSH object_type=ea object_id=10869460 source_id=Ctrader bar_count=10 symbols=["ADAUSD","AUDCAD","AUDCHF","AUDJPY","AUDNZD"]
[2026-05-25T14:35:42.988Z] INFO BAR_PUSH object_type=ea object_id=10869460 source_id=Ctrader bar_count=10 symbols=["AUDUSD","BTCUSD","CADJPY","DE40","ETHUSD"]
[2026-05-25T14:36:14.989Z] INFO BAR_PUSH object_type=ea object_id=10869460 source_id=Ctrader bar_count=10 symbols=["AUDCAD","AUDCHF","AUDJPY","AUDNZD","AUDUSD","BTCUSD","CADJPY","DE40","ETHUSD","EURAUD"]
[2026-05-25T14:36:48.988Z] INFO BAR_PUSH object_type=ea object_id=10869460 source_id=Ctrader bar_count=10 symbols=["EURAUD","EURCAD","EURGBP","EURJPY","EURSGD","EURUSD"]
[2026-05-25T14:37:20.985Z] INFO BAR_PUSH object_type=ea object_id=10869460 source_id=Ctrader bar_count=10 symbols=["ADAUSD","AUDCAD","AUDCHF","AUDJPY","AUDNZD","AUDUSD","BTCUSD","CADJPY","DE40","ETHUSD"]
[2026-05-25T14:37:52.987Z] INFO BAR_PUSH object_type=ea object_id=10869460 source_id=Ctrader bar_count=10 symbols=["EURAUD","EURCAD","EURGBP","EURJPY","EURSGD","EURUSD","GBPAUD"]
[2026-05-25T14:38:24.996Z] INFO BAR_PUSH object_type=ea object_id=10869460 source_id=Ctrader bar_count=10 symbols=["AUDCAD","AUDCHF","AUDJPY","AUDNZD","AUDUSD","BTCUSD","CADJPY","DE40","ETHUSD","EURAUD"]
[2026-05-25T14:38:56.973Z] INFO BAR_PUSH object_type=ea object_id=10869460 source_id=Ctrader bar_count=10 symbols=["EURCAD","EURGBP","EURJPY","EURSGD","EURUSD","GBPAUD","GBPCAD","GBPJPY"]
[2026-05-25T14:39:28.989Z] INFO BAR_PUSH object_type=ea object_id=10869460 source_id=Ctrader bar_count=10 symbols=["AUDCAD","AUDCHF","AUDJPY","AUDNZD","AUDUSD","BTCUSD","CADJPY","DE40","ETHUSD","EURAUD"]
[2026-05-25T14:40:00.987Z] INFO BAR_PUSH object_type=ea object_id=10869460 source_id=Ctrader bar_count=10 symbols=["ADAUSD","AUDCAD","AUDCHF","AUDJPY","AUDNZD","AUDUSD"]
[2026-05-25T14:40:32.990Z] INFO BAR_PUSH object_type=ea object_id=10869460 source_id=Ctrader bar_count=10 symbols=["AUDUSD","BTCUSD","CADJPY","DE40","ETHUSD","EURAUD"]
[2026-05-25T14:41:04.980Z] INFO BAR_PUSH object_type=ea object_id=10869460 source_id=Ctrader bar_count=10 symbols=["ADAUSD","AUDCAD","AUDCHF","AUDJPY","AUDNZD","AUDUSD","BTCUSD","CADJPY","DE40"]
[2026-05-25T14:41:36.979Z] INFO BAR_PUSH object_type=ea object_id=10869460 source_id=Ctrader bar_count=10 symbols=["ETHUSD","EURAUD","EURCAD","EURGBP","EURJPY","EURSGD"]
[2026-05-25T14:42:09.001Z] INFO BAR_PUSH object_type=ea object_id=10869460 source_id=Ctrader bar_count=10 symbols=["AUDCAD","AUDCHF","AUDJPY","AUDNZD","AUDUSD","BTCUSD","CADJPY","DE40","ETHUSD","EURAUD"]
[2026-05-25T14:42:40.992Z] INFO BAR_PUSH object_type=ea object_id=10869460 source_id=Ctrader bar_count=10 symbols=["ADAUSD","EURCAD","EURGBP","EURJPY","EURSGD","EURUSD","GBPAUD"]
[2026-05-25T14:43:14.972Z] INFO BAR_PUSH object_type=ea object_id=10869460 source_id=Ctrader bar_count=10 symbols=["ADAUSD","AUDCAD","AUDCHF","AUDJPY","AUDNZD","AUDUSD","BTCUSD","CADJPY","DE40","ETHUSD"]
[2026-05-25T14:43:46.972Z] INFO BAR_PUSH object_type=ea object_id=10869460 source_id=Ctrader bar_count=10 symbols=["EURAUD","EURCAD","EURGBP","EURJPY","EURSGD","EURUSD","GBPAUD","GBPCAD","GBPJPY"]
[2026-05-25T14:44:18.988Z] INFO BAR_PUSH object_type=ea object_id=10869460 source_id=Ctrader bar_count=10 symbols=["ADAUSD","AUDCAD","AUDCHF","AUDJPY","AUDNZD","AUDUSD","BTCUSD","CADJPY","DE40","ETHUSD"]
[2026-05-25T14:44:51.051Z] INFO BAR_PUSH object_type=ea object_id=10869460 source_id=Ctrader bar_count=10 symbols=["EURAUD","EURCAD","EURGBP","EURJPY","EURSGD","EURUSD","GBPAUD","GBPCAD","GBPJPY"]
[2026-05-25T14:45:22.965Z] INFO BAR_PUSH object_type=ea object_id=10869460 source_id=Ctrader bar_count=10 symbols=["ADAUSD","AUDCAD","AUDCHF","AUDJPY"]
[2026-05-25T14:45:54.966Z] INFO BAR_PUSH object_type=ea object_id=10869460 source_id=Ctrader bar_count=10 symbols=["AUDJPY","AUDNZD","AUDUSD","BTCUSD"]
[2026-05-25T14:46:28.989Z] INFO BAR_PUSH object_type=ea object_id=10869460 source_id=Ctrader bar_count=10 symbols=["ADAUSD","AUDCAD","AUDCHF","AUDJPY","AUDNZD","AUDUSD","BTCUSD","CADJPY"]
[2026-05-25T14:47:00.965Z] INFO BAR_PUSH object_type=ea object_id=10869460 source_id=Ctrader bar_count=10 symbols=["ADAUSD","BTCUSD","CADJPY","DE40","ETHUSD","EURAUD"]
[2026-05-25T14:47:34.998Z] INFO BAR_PUSH object_type=ea object_id=10869460 source_id=Ctrader bar_count=10 symbols=["AUDCAD","AUDCHF","AUDJPY","AUDNZD","AUDUSD","CADJPY","DE40","EURAUD"]
[2026-05-25T14:48:06.976Z] INFO BAR_PUSH object_type=ea object_id=10869460 source_id=Ctrader bar_count=10 symbols=["AUDCAD","AUDCHF","AUDJPY","AUDNZD","AUDUSD","BTCUSD","CADJPY","DE40","ETHUSD","EURAUD"]
[2026-05-25T14:48:38.979Z] INFO BAR_PUSH object_type=ea object_id=10869460 source_id=Ctrader bar_count=10 symbols=["EURCAD","EURGBP","EURJPY","EURSGD"]
[2026-05-25T14:49:10.975Z] INFO BAR_PUSH object_type=ea object_id=10869460 source_id=Ctrader bar_count=10 symbols=["ADAUSD","AUDCAD","AUDCHF","AUDJPY","AUDNZD","AUDUSD","BTCUSD","CADJPY","DE40","ETHUSD"]
[2026-05-25T14:49:44.966Z] INFO BAR_PUSH object_type=ea object_id=10869460 source_id=Ctrader bar_count=10 symbols=["ADAUSD","EURAUD","EURCAD","EURGBP","EURJPY","EURSGD","EURUSD"]
[2026-05-25T14:50:18.970Z] INFO BAR_PUSH object_type=ea object_id=10869460 source_id=Ctrader bar_count=10 symbols=["AUDCAD","AUDCHF","AUDJPY","AUDNZD","AUDUSD"]
[2026-05-25T14:50:50.975Z] INFO BAR_PUSH object_type=ea object_id=10869460 source_id=Ctrader bar_count=10 symbols=["BTCUSD","CADJPY","DE40","ETHUSD","EURAUD"]
[2026-05-25T14:51:22.971Z] INFO BAR_PUSH object_type=ea object_id=10869460 source_id=Ctrader bar_count=10 symbols=["ADAUSD","AUDCAD","AUDCHF","AUDJPY","AUDNZD","AUDUSD","BTCUSD","CADJPY","DE40"]
[2026-05-25T14:51:56.989Z] INFO BAR_PUSH object_type=ea object_id=10869460 source_id=Ctrader bar_count=10 symbols=["ETHUSD","EURAUD","EURCAD","EURGBP","EURJPY","EURSGD"]
[2026-05-25T14:52:28.993Z] INFO BAR_PUSH object_type=ea object_id=10869460 source_id=Ctrader bar_count=10 symbols=["ADAUSD","AUDCAD","AUDCHF","AUDJPY","AUDNZD","AUDUSD","BTCUSD","CADJPY","DE40","ETHUSD"]
[2026-05-25T14:53:00.986Z] INFO BAR_PUSH object_type=ea object_id=10869460 source_id=Ctrader bar_count=10 symbols=["AUDCAD","AUDCHF","AUDJPY","AUDNZD","AUDUSD","BTCUSD","CADJPY","DE40","ETHUSD","EURAUD"]
[2026-05-25T14:53:32.964Z] INFO BAR_PUSH object_type=ea object_id=10869460 source_id=Ctrader bar_count=10 symbols=["ADAUSD","EURCAD","EURGBP","EURJPY","EURSGD","EURUSD","GBPAUD"]
[2026-05-25T14:54:04.997Z] INFO BAR_PUSH object_type=ea object_id=10869460 source_id=Ctrader bar_count=10 symbols=["AUDCAD","AUDCHF","AUDJPY","AUDNZD","AUDUSD","BTCUSD","CADJPY","DE40","ETHUSD","EURAUD"]
[2026-05-25T14:54:38.998Z] INFO BAR_PUSH object_type=ea object_id=10869460 source_id=Ctrader bar_count=10 symbols=["EURCAD","EURGBP","EURJPY","EURSGD","EURUSD","GBPAUD","GBPCAD"]
[2026-05-25T14:55:12.979Z] INFO BAR_PUSH object_type=ea object_id=10869460 source_id=Ctrader bar_count=10 symbols=["AUDCAD","AUDCHF","AUDJPY","AUDNZD","AUDUSD"]
[2026-05-25T14:55:44.996Z] INFO BAR_PUSH object_type=ea object_id=10869460 source_id=Ctrader bar_count=10 symbols=["ADAUSD","BTCUSD","CADJPY","DE40","ETHUSD"]
[2026-05-25T14:56:18.990Z] INFO BAR_PUSH object_type=ea object_id=10869460 source_id=Ctrader bar_count=10 symbols=["AUDCAD","AUDCHF","AUDJPY","AUDNZD","AUDUSD","BTCUSD","CADJPY","DE40","ETHUSD","EURAUD"]
[2026-05-25T14:56:50.989Z] INFO BAR_PUSH object_type=ea object_id=10869460 source_id=Ctrader bar_count=10 symbols=["ADAUSD","EURAUD","EURCAD","EURGBP","EURJPY","EURSGD"]
[2026-05-25T14:57:22.987Z] INFO BAR_PUSH object_type=ea object_id=10869460 source_id=Ctrader bar_count=10 symbols=["ADAUSD","AUDCAD","AUDCHF","AUDJPY","AUDNZD","AUDUSD","BTCUSD","CADJPY","DE40","ETHUSD"]
[2026-05-25T14:57:54.990Z] INFO BAR_PUSH object_type=ea object_id=10869460 source_id=Ctrader bar_count=10 symbols=["EURAUD","EURCAD","EURGBP","EURJPY","EURSGD","EURUSD","GBPAUD","GBPCAD"]
[2026-05-25T14:58:27.001Z] INFO BAR_PUSH object_type=ea object_id=10869460 source_id=Ctrader bar_count=10 symbols=["AUDCAD","AUDCHF","AUDJPY","AUDNZD","AUDUSD","BTCUSD","CADJPY","DE40","ETHUSD","EURAUD"]
[2026-05-25T14:58:59.000Z] INFO BAR_PUSH object_type=ea object_id=10869460 source_id=Ctrader bar_count=10 symbols=["ADAUSD","EURCAD","EURGBP","EURJPY","EURSGD","EURUSD","GBPAUD","GBPCAD","GBPJPY"]
[2026-05-25T14:59:30.993Z] INFO BAR_PUSH object_type=ea object_id=10869460 source_id=Ctrader bar_count=10 symbols=["ADAUSD","AUDCAD","AUDCHF","AUDJPY","AUDNZD","AUDUSD","BTCUSD","CADJPY","DE40","ETHUSD"]
[2026-05-25T15:00:02.982Z] INFO BAR_PUSH object_type=ea object_id=10869460 source_id=Ctrader bar_count=10 symbols=["AUDCAD","AUDCHF","AUDJPY"]
[2026-05-25T15:00:34.967Z] INFO BAR_PUSH object_type=ea object_id=10869460 source_id=Ctrader bar_count=10 symbols=["ADAUSD","AUDJPY","AUDNZD"]
[2026-05-25T15:01:09.038Z] INFO BAR_PUSH object_type=ea object_id=10869460 source_id=Ctrader bar_count=10 symbols=["AUDCAD","AUDCHF","AUDJPY","AUDNZD","AUDUSD","BTCUSD"]
[2026-05-25T15:01:40.958Z] INFO BAR_PUSH object_type=ea object_id=10869460 source_id=Ctrader bar_count=10 symbols=["BTCUSD","CADJPY","DE40"]
[2026-05-25T15:02:12.976Z] INFO BAR_PUSH object_type=ea object_id=10869460 source_id=Ctrader bar_count=10 symbols=["ADAUSD","AUDCAD","AUDCHF","AUDJPY","AUDNZD","AUDUSD","BTCUSD","CADJPY","DE40","ETHUSD"]
[2026-05-25T15:02:44.961Z] INFO BAR_PUSH object_type=ea object_id=10869460 source_id=Ctrader bar_count=10 symbols=["ETHUSD","EURAUD","EURCAD"]
[2026-05-25T15:03:16.978Z] INFO BAR_PUSH object_type=ea object_id=10869460 source_id=Ctrader bar_count=10 symbols=["ADAUSD","AUDCAD","AUDCHF","AUDJPY","AUDNZD","AUDUSD","BTCUSD","CADJPY","DE40","ETHUSD"]
[2026-05-25T15:03:48.977Z] INFO BAR_PUSH object_type=ea object_id=10869460 source_id=Ctrader bar_count=10 symbols=["EURAUD","EURCAD","EURGBP","EURJPY"]
[2026-05-25T15:04:20.966Z] INFO BAR_PUSH object_type=ea object_id=10869460 source_id=Ctrader bar_count=10 symbols=["ADAUSD","AUDCAD","AUDCHF","AUDJPY","AUDNZD","AUDUSD","BTCUSD","CADJPY","DE40","ETHUSD"]
[2026-05-25T15:04:54.961Z] INFO BAR_PUSH object_type=ea object_id=10869460 source_id=Ctrader bar_count=10 symbols=["EURAUD","EURCAD","EURGBP","EURJPY","EURSGD","EURUSD"]
[2026-05-25T15:05:26.971Z] INFO BAR_PUSH object_type=ea object_id=10869460 source_id=Ctrader bar_count=10 symbols=["ADAUSD","AUDCAD","AUDCHF","AUDJPY","AUDNZD"]
[2026-05-25T15:05:58.959Z] INFO BAR_PUSH object_type=ea object_id=10869460 source_id=Ctrader bar_count=10 symbols=["AUDUSD","BTCUSD","CADJPY","DE40","ETHUSD"]
[2026-05-25T15:06:30.970Z] INFO BAR_PUSH object_type=ea object_id=10869460 source_id=Ctrader bar_count=10 symbols=["ADAUSD","AUDCAD","AUDCHF","AUDJPY","AUDNZD","AUDUSD","BTCUSD","CADJPY","DE40","ETHUSD"]
[2026-05-25T15:07:02.983Z] INFO BAR_PUSH object_type=ea object_id=10869460 source_id=Ctrader bar_count=10 symbols=["ADAUSD","AUDCHF","AUDNZD","BTCUSD","DE40","ETHUSD","EURAUD","EURCAD"]
[2026-05-25T15:07:36.968Z] INFO BAR_PUSH object_type=ea object_id=10869460 source_id=Ctrader bar_count=10 symbols=["AUDCAD","AUDJPY","AUDUSD","CADJPY","EURGBP","EURJPY","EURSGD"]
[2026-05-25T15:08:08.960Z] INFO BAR_PUSH object_type=ea object_id=10869460 source_id=Ctrader bar_count=10 symbols=["AUDCAD","AUDCHF","AUDJPY","AUDNZD","AUDUSD","BTCUSD","CADJPY","DE40","ETHUSD","EURAUD"]
[2026-05-25T15:08:40.960Z] INFO BAR_PUSH object_type=ea object_id=10869460 source_id=Ctrader bar_count=10 symbols=["ADAUSD","EURCAD","EURGBP","EURJPY","EURSGD","EURUSD","GBPAUD"]
[2026-05-25T15:09:12.982Z] INFO BAR_PUSH object_type=ea object_id=10869460 source_id=Ctrader bar_count=10 symbols=["ADAUSD","AUDCAD","AUDCHF","AUDJPY","AUDNZD","AUDUSD","BTCUSD","CADJPY","DE40","ETHUSD"]
[2026-05-25T15:09:44.976Z] INFO BAR_PUSH object_type=ea object_id=10869460 source_id=Ctrader bar_count=10 symbols=["EURAUD","EURCAD","EURGBP","EURJPY","EURSGD","EURUSD","GBPAUD"]
[2026-05-25T15:10:16.974Z] INFO BAR_PUSH object_type=ea object_id=10869460 source_id=Ctrader bar_count=10 symbols=["AUDCAD","AUDCHF","AUDJPY","AUDNZD","AUDUSD"]
[2026-05-25T15:10:50.961Z] INFO BAR_PUSH object_type=ea object_id=10869460 source_id=Ctrader bar_count=10 symbols=["ADAUSD","BTCUSD","CADJPY","DE40","ETHUSD"]
[2026-05-25T15:11:22.998Z] INFO BAR_PUSH object_type=ea object_id=10869460 source_id=Ctrader bar_count=10 symbols=["ADAUSD","AUDCAD","AUDCHF","AUDJPY","AUDNZD","AUDUSD","BTCUSD","CADJPY","DE40","ETHUSD"]
[2026-05-25T15:11:55.227Z] INFO BAR_PUSH object_type=ea object_id=10869460 source_id=Ctrader bar_count=10 symbols=["EURAUD","EURCAD","EURGBP","EURJPY","EURSGD"]
[2026-05-25T15:12:28.967Z] INFO BAR_PUSH object_type=ea object_id=10869460 source_id=Ctrader bar_count=10 symbols=["ADAUSD","AUDCAD","AUDCHF","AUDJPY","AUDNZD","AUDUSD","BTCUSD","CADJPY","DE40","ETHUSD"]
[2026-05-25T15:13:00.988Z] INFO BAR_PUSH object_type=ea object_id=10869460 source_id=Ctrader bar_count=10 symbols=["AUDCAD","AUDCHF","AUDJPY","AUDNZD","AUDUSD","BTCUSD","DE40","ETHUSD","EURAUD","EURCAD"]
[2026-05-25T15:13:32.990Z] INFO BAR_PUSH object_type=ea object_id=10869460 source_id=Ctrader bar_count=10 symbols=["ADAUSD","CADJPY","EURCAD","EURGBP","EURJPY","EURSGD","EURUSD","GBPAUD"]
[2026-05-25T15:14:04.985Z] INFO BAR_PUSH object_type=ea object_id=10869460 source_id=Ctrader bar_count=10 symbols=["ADAUSD","AUDCAD","AUDCHF","AUDJPY","AUDNZD","AUDUSD","BTCUSD","CADJPY","DE40","ETHUSD"]
[2026-05-25T15:15:02.976Z] INFO BAR_PUSH object_type=ea object_id=10869460 source_id=Ctrader bar_count=10 symbols=["AUDCAD","AUDCHF","AUDJPY","AUDNZD"]
[2026-05-25T15:15:34.969Z] INFO BAR_PUSH object_type=ea object_id=10869460 source_id=Ctrader bar_count=10 symbols=["ADAUSD","AUDNZD","AUDUSD","BTCUSD"]
[2026-05-25T15:16:06.978Z] INFO BAR_PUSH object_type=ea object_id=10869460 source_id=Ctrader bar_count=10 symbols=["AUDCAD","AUDCHF","AUDJPY","AUDNZD","AUDUSD","BTCUSD","CADJPY"]
[2026-05-25T15:16:38.972Z] INFO BAR_PUSH object_type=ea object_id=10869460 source_id=Ctrader bar_count=10 symbols=["ADAUSD","DE40","ETHUSD","EURAUD"]
[2026-05-25T15:17:10.973Z] INFO BAR_PUSH object_type=ea object_id=10869460 source_id=Ctrader bar_count=10 symbols=["ADAUSD","AUDCAD","AUDCHF","AUDJPY","AUDNZD","AUDUSD","BTCUSD","CADJPY","DE40","ETHUSD"]
[2026-05-25T15:17:43.001Z] INFO BAR_PUSH object_type=ea object_id=10869460 source_id=Ctrader bar_count=10 symbols=["EURAUD","EURCAD","EURGBP","EURJPY"]
[2026-05-25T15:18:14.974Z] INFO BAR_PUSH object_type=ea object_id=10869460 source_id=Ctrader bar_count=10 symbols=["AUDCAD","AUDCHF","AUDJPY","AUDNZD","AUDUSD","BTCUSD","CADJPY","DE40","ETHUSD","EURAUD"]
[2026-05-25T15:18:46.952Z] INFO BAR_PUSH object_type=ea object_id=10869460 source_id=Ctrader bar_count=10 symbols=["EURCAD","EURGBP","EURJPY","EURSGD","EURUSD","GBPAUD"]
[2026-05-25T15:19:18.972Z] INFO BAR_PUSH object_type=ea object_id=10869460 source_id=Ctrader bar_count=10 symbols=["AUDCAD","AUDCHF","AUDJPY","AUDNZD","AUDUSD","BTCUSD","CADJPY","DE40","ETHUSD","EURAUD"]
[2026-05-25T15:19:50.953Z] INFO BAR_PUSH object_type=ea object_id=10869460 source_id=Ctrader bar_count=10 symbols=["EURCAD","EURGBP","EURJPY","EURSGD","EURUSD","GBPAUD","GBPCAD"]
[2026-05-25T15:20:22.946Z] INFO BAR_PUSH object_type=ea object_id=10869460 source_id=Ctrader bar_count=10 symbols=["ADAUSD","AUDCAD","AUDCHF","AUDJPY","AUDNZD"]
[2026-05-25T15:20:54.946Z] INFO BAR_PUSH object_type=ea object_id=10869460 source_id=Ctrader bar_count=10 symbols=["AUDUSD","BTCUSD","CADJPY","DE40","ETHUSD"]
[2026-05-25T17:52:03.009Z] INFO BAR_PUSH object_type=ea object_id=10869460 source_id=Ctrader bar_count=10 symbols=["EURGBP","EURJPY","EURSGD","EURUSD","GBPAUD","GBPCAD","GBPJPY","GBPNZD","GBPUSD","NEARUSD"]
[2026-05-25T17:52:03.092Z] INFO BAR_PUSH object_type=ea object_id=10869460 source_id=Ctrader bar_count=10 symbols=["AUDCAD","AUDCHF","AUDJPY","AUDNZD","AUDUSD","BTCUSD","CADJPY","ETHUSD","EURAUD","EURCAD"]
[2026-05-25T17:52:34.980Z] INFO BAR_PUSH object_type=ea object_id=10869460 source_id=Ctrader bar_count=10 symbols=["AUDUSD","EURAUD","EURGBP","EURJPY","EURSGD","EURUSD","GBPAUD","GBPUSD","NZDCAD","NZDUSD"]
[2026-05-25T17:53:06.959Z] INFO BAR_PUSH object_type=ea object_id=10869460 source_id=Ctrader bar_count=10 symbols=["ADAUSD","AUDCAD","AUDCHF","AUDJPY","AUDNZD","AUDUSD","BTCUSD","CADJPY","ETHUSD"]
[2026-05-25T17:53:38.972Z] INFO BAR_PUSH object_type=ea object_id=10869460 source_id=Ctrader bar_count=10 symbols=["DE40","EURAUD","EURCAD","EURGBP","EURJPY","EURSGD","EURUSD","GBPAUD","GBPCAD"]
[2026-05-25T17:54:12.941Z] INFO BAR_PUSH object_type=ea object_id=10869460 source_id=Ctrader bar_count=10 symbols=["AUDCHF","BTCUSD","ETHUSD","EURAUD","EURCAD","EURGBP","EURJPY","EURSGD","EURUSD","GBPAUD"]
[2026-05-25T17:54:46.936Z] INFO BAR_PUSH object_type=ea object_id=10869460 source_id=Ctrader bar_count=10 symbols=["ADAUSD","AUDCAD","AUDJPY","AUDNZD","AUDUSD","CADJPY","GBPCAD","GBPJPY","GBPNZD","GBPUSD"]
[2026-05-25T17:55:18.950Z] INFO BAR_PUSH object_type=ea object_id=10869460 source_id=Ctrader bar_count=10 symbols=["AUDCAD","AUDCHF","AUDJPY","AUDNZD","AUDUSD"]
[2026-05-25T17:55:50.940Z] INFO BAR_PUSH object_type=ea object_id=10869460 source_id=Ctrader bar_count=10 symbols=["BTCUSD","CADJPY","DE40","ETHUSD","EURAUD"]
[2026-05-25T17:56:22.939Z] INFO BAR_PUSH object_type=ea object_id=10869460 source_id=Ctrader bar_count=10 symbols=["ADAUSD","AUDCAD","AUDCHF","AUDJPY","AUDNZD","AUDUSD","BTCUSD","CADJPY","DE40"]
[2026-05-25T17:56:54.961Z] INFO BAR_PUSH object_type=ea object_id=10869460 source_id=Ctrader bar_count=10 symbols=["ETHUSD","EURAUD","EURCAD","EURGBP","EURJPY","EURSGD"]
[2026-05-25T17:57:28.959Z] INFO BAR_PUSH object_type=ea object_id=10869460 source_id=Ctrader bar_count=10 symbols=["ADAUSD","AUDCAD","AUDCHF","AUDJPY","AUDNZD","AUDUSD","BTCUSD","CADJPY","ETHUSD","EURAUD"]
[2026-05-25T17:58:00.943Z] INFO BAR_PUSH object_type=ea object_id=10869460 source_id=Ctrader bar_count=10 symbols=["AUDCAD","AUDCHF","AUDJPY","AUDNZD","AUDUSD","BTCUSD","EURAUD","EURCAD","EURGBP","EURJPY"]
[2026-05-25T17:58:32.936Z] INFO BAR_PUSH object_type=ea object_id=10869460 source_id=Ctrader bar_count=10 symbols=["ADAUSD","CADJPY","ETHUSD","EURGBP","EURJPY","EURSGD","EURUSD","GBPAUD"]
[2026-05-25T17:59:04.940Z] INFO BAR_PUSH object_type=ea object_id=10869460 source_id=Ctrader bar_count=10 symbols=["AUDCAD","AUDCHF","AUDJPY","AUDNZD","AUDUSD","BTCUSD","CADJPY","ETHUSD","EURAUD","EURCAD"]
[2026-05-25T17:59:36.937Z] INFO BAR_PUSH object_type=ea object_id=10869460 source_id=Ctrader bar_count=10 symbols=["EURGBP","EURJPY","EURSGD","EURUSD","GBPAUD","GBPCAD","GBPJPY","GBPNZD"]
[2026-05-25T18:00:08.944Z] INFO BAR_PUSH object_type=ea object_id=10869460 source_id=Ctrader bar_count=10 symbols=["ADAUSD","AUDCAD","AUDCHF"]
[2026-05-25T18:00:40.963Z] INFO BAR_PUSH object_type=ea object_id=10869460 source_id=Ctrader bar_count=10 symbols=["AUDCHF","AUDJPY","AUDNZD"]
[2026-05-25T18:01:14.945Z] INFO BAR_PUSH object_type=ea object_id=10869460 source_id=Ctrader bar_count=10 symbols=["ADAUSD","AUDCAD","AUDCHF","AUDNZD","AUDUSD","BTCUSD"]
[2026-05-25T18:01:46.931Z] INFO BAR_PUSH object_type=ea object_id=10869460 source_id=Ctrader bar_count=10 symbols=["AUDJPY","AUDUSD","BTCUSD","CADJPY","DE40"]
[2026-05-25T18:02:18.949Z] INFO BAR_PUSH object_type=ea object_id=10869460 source_id=Ctrader bar_count=10 symbols=["ADAUSD","AUDCAD","AUDCHF","AUDJPY","AUDNZD","AUDUSD","BTCUSD","CADJPY","DE40"]
[2026-05-25T18:02:52.938Z] INFO BAR_PUSH object_type=ea object_id=10869460 source_id=Ctrader bar_count=10 symbols=["DE40","ETHUSD","EURAUD","EURCAD"]
[2026-05-25T18:03:24.953Z] INFO BAR_PUSH object_type=ea object_id=10869460 source_id=Ctrader bar_count=10 symbols=["AUDCAD","AUDCHF","AUDJPY","AUDNZD","AUDUSD","BTCUSD","CADJPY","DE40","ETHUSD","EURAUD"]
[2026-05-25T18:03:56.943Z] INFO BAR_PUSH object_type=ea object_id=10869460 source_id=Ctrader bar_count=10 symbols=["ADAUSD","EURCAD","EURGBP","EURJPY"]
[2026-05-25T18:04:30.994Z] INFO BAR_PUSH object_type=ea object_id=10869460 source_id=Ctrader bar_count=10 symbols=["ADAUSD","AUDCAD","AUDCHF","AUDJPY","AUDNZD","AUDUSD","BTCUSD","CADJPY","ETHUSD","EURAUD"]
[2026-05-25T18:05:04.943Z] INFO BAR_PUSH object_type=ea object_id=10869460 source_id=Ctrader bar_count=10 symbols=["AUDCAD","AUDNZD","BTCUSD","CADJPY","ETHUSD"]
[2026-05-25T18:05:36.955Z] INFO BAR_PUSH object_type=ea object_id=10869460 source_id=Ctrader bar_count=10 symbols=["ADAUSD","AUDCHF","AUDJPY","AUDUSD","EURAUD"]
[2026-05-25T18:06:08.974Z] INFO BAR_PUSH object_type=ea object_id=10869460 source_id=Ctrader bar_count=10 symbols=["AUDCAD","AUDCHF","AUDJPY","AUDNZD","AUDUSD","BTCUSD","CADJPY","DE40","ETHUSD"]
[2026-05-25T18:06:42.978Z] INFO BAR_PUSH object_type=ea object_id=10869460 source_id=Ctrader bar_count=10 symbols=["ADAUSD","DE40","EURAUD","EURCAD","EURGBP","EURJPY"]
[2026-05-25T18:07:14.976Z] INFO BAR_PUSH object_type=ea object_id=10869460 source_id=Ctrader bar_count=10 symbols=["AUDCAD","AUDCHF","AUDJPY","AUDNZD","AUDUSD","BTCUSD","CADJPY","ETHUSD","EURAUD","EURCAD"]
[2026-05-25T18:07:46.937Z] INFO BAR_PUSH object_type=ea object_id=10869460 source_id=Ctrader bar_count=10 symbols=["DE40","EURGBP","EURJPY","EURSGD","EURUSD"]
[2026-05-25T18:08:20.949Z] INFO BAR_PUSH object_type=ea object_id=10869460 source_id=Ctrader bar_count=10 symbols=["AUDCAD","AUDCHF","AUDJPY","AUDNZD","AUDUSD","BTCUSD","CADJPY","DE40","ETHUSD","EURAUD"]
[2026-05-25T18:08:52.941Z] INFO BAR_PUSH object_type=ea object_id=10869460 source_id=Ctrader bar_count=10 symbols=["EURCAD","EURGBP","EURJPY","EURSGD","EURUSD","GBPAUD"]
[2026-05-25T18:09:26.954Z] INFO BAR_PUSH object_type=ea object_id=10869460 source_id=Ctrader bar_count=10 symbols=["AUDCAD","AUDCHF","AUDJPY","AUDNZD","AUDUSD","BTCUSD","CADJPY","DE40","ETHUSD","EURAUD"]
[2026-05-25T18:21:49.222Z] INFO BAR_PUSH object_type=ea object_id=10869460 source_id=Ctrader bar_count=10 symbols=["AUDUSD","BTCUSD","CADJPY","DE40","ETHUSD","EURAUD"]
[2026-05-25T18:21:49.237Z] INFO BAR_PUSH object_type=ea object_id=10869460 source_id=Ctrader bar_count=10 symbols=["GBPCAD","GBPJPY","GBPNZD"]
[2026-05-25T18:21:49.247Z] INFO BAR_PUSH object_type=ea object_id=10869460 source_id=Ctrader bar_count=10 symbols=["XAUEUR","XAUGBP","XAUJPY"]
[2026-05-25T18:21:49.257Z] INFO BAR_PUSH object_type=ea object_id=10869460 source_id=Ctrader bar_count=10 symbols=["GBPNZD","GBPUSD","NEARUSD"]
[2026-05-25T18:21:49.276Z] INFO BAR_PUSH object_type=ea object_id=10869460 source_id=Ctrader bar_count=10 symbols=["EURAUD","EURCAD","EURGBP","EURJPY"]
[2026-05-25T18:21:49.282Z] INFO BAR_PUSH object_type=ea object_id=10869460 source_id=Ctrader bar_count=10 symbols=["NZDCAD","NZDUSD","USDCAD"]
[2026-05-25T18:21:49.287Z] INFO BAR_PUSH object_type=ea object_id=10869460 source_id=Ctrader bar_count=10 symbols=["USDCAD","USDCHF","USDJPY"]
[2026-05-25T18:21:49.290Z] INFO BAR_PUSH object_type=ea object_id=10869460 source_id=Ctrader bar_count=4 symbols=["XTIUSD"]
[2026-05-25T18:21:49.297Z] INFO BAR_PUSH object_type=ea object_id=10869460 source_id=Ctrader bar_count=10 symbols=["USDSGD","XAGUSD","XAUEUR"]
[2026-05-25T18:21:49.301Z] INFO BAR_PUSH object_type=ea object_id=10869460 source_id=Ctrader bar_count=10 symbols=["XAUJPY","XAUUSD","XTIUSD"]
[2026-05-25T18:21:49.308Z] INFO BAR_PUSH object_type=ea object_id=10869460 source_id=Ctrader bar_count=10 symbols=["EURSGD","EURUSD","GBPAUD"]
[2026-05-25T18:22:20.955Z] INFO BAR_PUSH object_type=ea object_id=10869460 source_id=Ctrader bar_count=10 symbols=["ADAUSD","AUDCAD","AUDCHF","AUDJPY","AUDNZD","AUDUSD","BTCUSD","CADJPY","DE40"]
[2026-05-25T18:22:54.964Z] INFO BAR_PUSH object_type=ea object_id=10869460 source_id=Ctrader bar_count=10 symbols=["ADAUSD","ETHUSD","EURAUD","EURCAD","EURGBP","EURJPY","EURSGD","EURUSD","GBPAUD","GBPCAD"]
[2026-05-25T18:23:28.942Z] INFO BAR_PUSH object_type=ea object_id=10869460 source_id=Ctrader bar_count=10 symbols=["AUDCAD","AUDCHF","AUDJPY","AUDNZD","AUDUSD","BTCUSD","CADJPY","ETHUSD","EURAUD","EURCAD"]
[2026-05-25T18:24:00.942Z] INFO BAR_PUSH object_type=ea object_id=10869460 source_id=Ctrader bar_count=10 symbols=["ADAUSD","BTCUSD","EURAUD","EURCAD","EURGBP","EURJPY","EURSGD","EURUSD","GBPAUD","GBPCAD"]
[2026-05-25T18:24:32.931Z] INFO BAR_PUSH object_type=ea object_id=10869460 source_id=Ctrader bar_count=10 symbols=["AUDCAD","AUDCHF","AUDJPY","AUDNZD","AUDUSD","CADJPY","ETHUSD","EURGBP","EURJPY","GBPAUD"]
[2026-05-25T18:25:06.928Z] INFO BAR_PUSH object_type=ea object_id=10869460 source_id=Ctrader bar_count=10 symbols=["ADAUSD","AUDCAD","AUDCHF","AUDJPY","AUDNZD","AUDUSD"]
[2026-05-25T18:25:38.944Z] INFO BAR_PUSH object_type=ea object_id=10869460 source_id=Ctrader bar_count=10 symbols=["ADAUSD","AUDUSD","BTCUSD","CADJPY","DE40","ETHUSD"]
[2026-05-25T18:26:10.951Z] INFO BAR_PUSH object_type=ea object_id=10869460 source_id=Ctrader bar_count=10 symbols=["ADAUSD","AUDCAD","AUDCHF","AUDJPY","AUDNZD","AUDUSD","BTCUSD","CADJPY","ETHUSD","EURAUD"]
[2026-05-25T18:26:44.964Z] INFO BAR_PUSH object_type=ea object_id=10869460 source_id=Ctrader bar_count=10 symbols=["DE40","ETHUSD","EURAUD","EURCAD","EURGBP","EURJPY","EURSGD"]
[2026-05-25T18:27:16.948Z] INFO BAR_PUSH object_type=ea object_id=10869460 source_id=Ctrader bar_count=10 symbols=["ADAUSD","AUDCAD","AUDCHF","AUDJPY","AUDNZD","AUDUSD","BTCUSD","CADJPY","DE40","ETHUSD"]
[2026-05-25T18:27:48.973Z] INFO BAR_PUSH object_type=ea object_id=10869460 source_id=Ctrader bar_count=10 symbols=["EURAUD","EURCAD","EURGBP","EURJPY","EURSGD","EURUSD","GBPAUD"]
[2026-05-25T18:28:22.938Z] INFO BAR_PUSH object_type=ea object_id=10869460 source_id=Ctrader bar_count=10 symbols=["AUDCAD","AUDCHF","AUDJPY","AUDNZD","AUDUSD","BTCUSD","CADJPY","ETHUSD","EURAUD","EURCAD"]
[2026-05-25T18:28:57.038Z] INFO BAR_PUSH object_type=ea object_id=10869460 source_id=Ctrader bar_count=10 symbols=["DE40","EURGBP","EURJPY","EURSGD","EURUSD","GBPAUD","GBPCAD","GBPJPY"]
[2026-05-25T18:29:28.968Z] INFO BAR_PUSH object_type=ea object_id=10869460 source_id=Ctrader bar_count=10 symbols=["AUDCAD","AUDCHF","AUDJPY","AUDNZD","AUDUSD","BTCUSD","CADJPY","ETHUSD","EURAUD","EURCAD"]
[2026-05-25T18:30:00.945Z] INFO BAR_PUSH object_type=ea object_id=10869460 source_id=Ctrader bar_count=10 symbols=["AUDCAD","AUDCHF","AUDJPY","AUDNZD"]
[2026-05-25T18:30:32.935Z] INFO BAR_PUSH object_type=ea object_id=10869460 source_id=Ctrader bar_count=10 symbols=["ADAUSD","AUDNZD","AUDUSD","BTCUSD"]
[2026-05-25T18:31:04.924Z] INFO BAR_PUSH object_type=ea object_id=10869460 source_id=Ctrader bar_count=10 symbols=["AUDCAD","AUDCHF","AUDJPY","AUDNZD","AUDUSD","BTCUSD","CADJPY"]
[2026-05-25T18:31:36.964Z] INFO BAR_PUSH object_type=ea object_id=10869460 source_id=Ctrader bar_count=10 symbols=["ADAUSD","CADJPY","DE40","ETHUSD","EURAUD"]
[2026-05-25T18:32:10.932Z] INFO BAR_PUSH object_type=ea object_id=10869460 source_id=Ctrader bar_count=10 symbols=["ADAUSD","AUDCAD","AUDJPY","AUDNZD","AUDUSD","BTCUSD","CADJPY","ETHUSD","EURAUD"]
[2026-05-25T18:32:42.955Z] INFO BAR_PUSH object_type=ea object_id=10869460 source_id=Ctrader bar_count=10 symbols=["AUDCHF","EURCAD","EURGBP","EURJPY"]
[2026-05-25T18:33:16.951Z] INFO BAR_PUSH object_type=ea object_id=10869460 source_id=Ctrader bar_count=10 symbols=["AUDCAD","AUDCHF","AUDJPY","AUDNZD","AUDUSD","BTCUSD","CADJPY","ETHUSD","EURAUD","EURCAD"]
[2026-05-25T18:33:50.938Z] INFO BAR_PUSH object_type=ea object_id=10869460 source_id=Ctrader bar_count=10 symbols=["EURGBP","EURJPY","EURSGD","EURUSD","GBPAUD"]
[2026-05-25T18:34:22.930Z] INFO BAR_PUSH object_type=ea object_id=10869460 source_id=Ctrader bar_count=10 symbols=["ADAUSD","AUDCAD","AUDCHF","AUDJPY","AUDNZD","AUDUSD","BTCUSD","CADJPY","DE40","ETHUSD"]
[2026-05-25T18:34:54.936Z] INFO BAR_PUSH object_type=ea object_id=10869460 source_id=Ctrader bar_count=10 symbols=["ADAUSD","EURAUD","EURCAD","EURGBP","EURJPY","EURSGD","EURUSD","GBPAUD","GBPCAD"]
[2026-05-25T18:35:28.926Z] INFO BAR_PUSH object_type=ea object_id=10869460 source_id=Ctrader bar_count=10 symbols=["AUDCAD","AUDCHF","AUDJPY","AUDNZD","AUDUSD"]
[2026-05-25T18:36:00.940Z] INFO BAR_PUSH object_type=ea object_id=10869460 source_id=Ctrader bar_count=10 symbols=["BTCUSD","CADJPY","DE40","ETHUSD","EURAUD"]
[2026-05-25T18:36:32.928Z] INFO BAR_PUSH object_type=ea object_id=10869460 source_id=Ctrader bar_count=10 symbols=["ADAUSD","AUDCAD","AUDCHF","AUDJPY","AUDNZD","AUDUSD","DE40","EURCAD"]
[2026-05-25T18:37:04.997Z] INFO BAR_PUSH object_type=ea object_id=10869460 source_id=Ctrader bar_count=10 symbols=["AUDCAD","AUDCHF","AUDJPY","AUDNZD","AUDUSD","BTCUSD","CADJPY","ETHUSD","EURAUD","EURGBP"]
[2026-05-25T18:37:36.967Z] INFO BAR_PUSH object_type=ea object_id=10869460 source_id=Ctrader bar_count=10 symbols=["CADJPY","DE40","EURCAD","EURGBP","EURJPY","EURSGD","EURUSD"]
[2026-05-25T18:38:10.931Z] INFO BAR_PUSH object_type=ea object_id=10869460 source_id=Ctrader bar_count=10 symbols=["AUDCAD","AUDCHF","AUDNZD","AUDUSD","BTCUSD","CADJPY","DE40","EURAUD","EURCAD","EURGBP"]
[2026-05-25T18:38:42.929Z] INFO BAR_PUSH object_type=ea object_id=10869460 source_id=Ctrader bar_count=10 symbols=["AUDJPY","ETHUSD","EURJPY","EURSGD","EURUSD","GBPAUD","GBPCAD"]
[2026-05-25T18:39:14.936Z] INFO BAR_PUSH object_type=ea object_id=10869460 source_id=Ctrader bar_count=10 symbols=["ADAUSD","AUDCAD","AUDCHF","AUDJPY","AUDNZD","AUDUSD","BTCUSD","CADJPY","ETHUSD","EURAUD"]
[2026-05-25T18:39:46.949Z] INFO BAR_PUSH object_type=ea object_id=10869460 source_id=Ctrader bar_count=10 symbols=["EURCAD","EURGBP","EURJPY","EURSGD","EURUSD","GBPAUD","GBPCAD","GBPJPY"]
[2026-05-25T18:40:18.934Z] INFO BAR_PUSH object_type=ea object_id=10869460 source_id=Ctrader bar_count=10 symbols=["ADAUSD","AUDCAD","AUDCHF","AUDJPY","AUDNZD"]
[2026-05-25T18:40:50.929Z] INFO BAR_PUSH object_type=ea object_id=10869460 source_id=Ctrader bar_count=10 symbols=["AUDUSD","BTCUSD","CADJPY","DE40","ETHUSD","EURAUD"]
[2026-05-25T18:41:22.934Z] INFO BAR_PUSH object_type=ea object_id=10869460 source_id=Ctrader bar_count=10 symbols=["AUDCAD","AUDCHF","AUDJPY","AUDNZD","AUDUSD","BTCUSD","CADJPY","DE40","ETHUSD"]
[2026-05-25T18:41:56.957Z] INFO BAR_PUSH object_type=ea object_id=10869460 source_id=Ctrader bar_count=10 symbols=["EURAUD","EURCAD","EURGBP","EURJPY","EURSGD"]
[2026-05-25T18:42:28.969Z] INFO BAR_PUSH object_type=ea object_id=10869460 source_id=Ctrader bar_count=10 symbols=["AUDCAD","AUDCHF","BTCUSD","CADJPY","DE40","ETHUSD","EURAUD","EURCAD","EURGBP","EURJPY"]
[2026-05-25T18:43:00.940Z] INFO BAR_PUSH object_type=ea object_id=10869460 source_id=Ctrader bar_count=10 symbols=["AUDJPY","AUDNZD","AUDUSD","BTCUSD","DE40","ETHUSD","EURCAD","EURSGD","EURUSD"]
[2026-05-25T18:43:32.934Z] INFO BAR_PUSH object_type=ea object_id=10869460 source_id=Ctrader bar_count=10 symbols=["AUDCAD","AUDCHF","AUDJPY","AUDUSD","CADJPY","EURAUD","EURGBP","EURJPY","EURUSD","GBPAUD"]
[2026-05-25T18:44:05.067Z] INFO BAR_PUSH object_type=ea object_id=10869460 source_id=Ctrader bar_count=10 symbols=["AUDCAD","AUDCHF","AUDJPY","AUDNZD","AUDUSD","BTCUSD","ETHUSD","EURAUD","EURJPY","GBPAUD"]
[2026-05-25T18:44:38.941Z] INFO BAR_PUSH object_type=ea object_id=10869460 source_id=Ctrader bar_count=10 symbols=["CADJPY","DE40","EURCAD","EURGBP","EURSGD","EURUSD","GBPAUD","GBPCAD","GBPJPY"]
[2026-05-25T18:45:11.043Z] INFO BAR_PUSH object_type=ea object_id=10869460 source_id=Ctrader bar_count=10 symbols=["ADAUSD","AUDCAD","AUDJPY","AUDNZD"]
[2026-05-25T18:45:42.967Z] INFO BAR_PUSH object_type=ea object_id=10869460 source_id=Ctrader bar_count=10 symbols=["AUDCHF","AUDUSD","BTCUSD","CADJPY"]
[2026-05-25T18:46:16.967Z] INFO BAR_PUSH object_type=ea object_id=10869460 source_id=Ctrader bar_count=10 symbols=["AUDCAD","AUDCHF","AUDJPY","AUDNZD","AUDUSD","BTCUSD","CADJPY","ETHUSD"]
[2026-05-25T18:46:48.954Z] INFO BAR_PUSH object_type=ea object_id=10869460 source_id=Ctrader bar_count=10 symbols=["DE40","ETHUSD","EURAUD","EURCAD"]
[2026-05-25T18:47:22.931Z] INFO BAR_PUSH object_type=ea object_id=10869460 source_id=Ctrader bar_count=10 symbols=["ADAUSD","AUDCAD","AUDCHF","AUDJPY","AUDNZD","AUDUSD","BTCUSD","CADJPY"]
[2026-05-25T18:47:54.941Z] INFO BAR_PUSH object_type=ea object_id=10869460 source_id=Ctrader bar_count=10 symbols=["DE40","ETHUSD","EURAUD","EURCAD","EURGBP","EURJPY"]
[2026-05-25T18:48:26.926Z] INFO BAR_PUSH object_type=ea object_id=10869460 source_id=Ctrader bar_count=10 symbols=["AUDCAD","AUDCHF","AUDJPY","AUDNZD","AUDUSD","BTCUSD","CADJPY","ETHUSD","EURAUD","EURCAD"]
[2026-05-25T18:50:02.929Z] INFO BAR_PUSH object_type=ea object_id=10869460 source_id=Ctrader bar_count=10 symbols=["ADAUSD","AUDCAD","AUDJPY","BTCUSD","ETHUSD","EURCAD"]
[2026-05-25T18:50:36.922Z] INFO BAR_PUSH object_type=ea object_id=10869460 source_id=Ctrader bar_count=10 symbols=["AUDCHF","AUDNZD","AUDUSD","CADJPY","DE40"]
[2026-05-25T18:51:08.939Z] INFO BAR_PUSH object_type=ea object_id=10869460 source_id=Ctrader bar_count=10 symbols=["AUDCAD","AUDCHF","AUDJPY","AUDNZD","AUDUSD","BTCUSD","CADJPY","DE40","ETHUSD","EURAUD"]
[2026-05-25T18:51:40.968Z] INFO BAR_PUSH object_type=ea object_id=10869460 source_id=Ctrader bar_count=10 symbols=["ADAUSD","EURAUD","EURCAD","EURGBP","EURJPY"]
[2026-05-25T18:52:14.929Z] INFO BAR_PUSH object_type=ea object_id=10869460 source_id=Ctrader bar_count=10 symbols=["ADAUSD","AUDCAD","AUDCHF","AUDJPY","AUDNZD","BTCUSD","CADJPY","ETHUSD","EURAUD","EURCAD"]
[2026-05-25T18:52:46.927Z] INFO BAR_PUSH object_type=ea object_id=10869460 source_id=Ctrader bar_count=10 symbols=["AUDUSD","EURGBP","EURJPY","EURSGD","EURUSD","GBPAUD"]
[2026-05-25T18:53:18.934Z] INFO BAR_PUSH object_type=ea object_id=10869460 source_id=Ctrader bar_count=10 symbols=["ADAUSD","AUDCAD","AUDCHF","AUDJPY","AUDNZD","AUDUSD","BTCUSD","CADJPY","DE40","ETHUSD"]
[2026-05-25T18:53:52.924Z] INFO BAR_PUSH object_type=ea object_id=10869460 source_id=Ctrader bar_count=10 symbols=["EURAUD","EURCAD","EURGBP","EURJPY","EURSGD","EURUSD","GBPAUD","GBPCAD"]
[2026-05-25T18:54:25.012Z] INFO BAR_PUSH object_type=ea object_id=10869460 source_id=Ctrader bar_count=10 symbols=["AUDCAD","AUDCHF","AUDJPY","AUDNZD","AUDUSD","BTCUSD","CADJPY","ETHUSD","EURAUD","EURCAD"]
[2026-05-25T18:54:56.942Z] INFO BAR_PUSH object_type=ea object_id=10869460 source_id=Ctrader bar_count=10 symbols=["DE40","EURGBP","EURJPY","EURSGD","EURUSD","GBPAUD","GBPCAD","GBPJPY"]
[2026-05-25T18:55:28.909Z] INFO BAR_PUSH object_type=ea object_id=10869460 source_id=Ctrader bar_count=10 symbols=["AUDCAD","AUDCHF","AUDJPY","AUDNZD","AUDUSD"]
[2026-05-25T18:56:00.880Z] INFO BAR_PUSH object_type=ea object_id=10869460 source_id=Ctrader bar_count=10 symbols=["AUDNZD","BTCUSD","CADJPY","DE40","ETHUSD","EURAUD"]
[2026-05-25T18:56:32.894Z] INFO BAR_PUSH object_type=ea object_id=10869460 source_id=Ctrader bar_count=10 symbols=["AUDCAD","AUDCHF","AUDJPY","AUDUSD","CADJPY","DE40","EURAUD","EURCAD"]
[2026-05-25T18:57:04.905Z] INFO BAR_PUSH object_type=ea object_id=10869460 source_id=Ctrader bar_count=10 symbols=["ADAUSD","AUDCAD","AUDJPY","AUDNZD","AUDUSD","BTCUSD","CADJPY","ETHUSD","EURAUD"]
[2026-05-25T18:57:38.971Z] INFO BAR_PUSH object_type=ea object_id=10869460 source_id=Ctrader bar_count=10 symbols=["AUDCHF","DE40","EURCAD","EURGBP","EURJPY","EURSGD","EURUSD"]
[2026-05-25T18:58:10.879Z] INFO BAR_PUSH object_type=ea object_id=10869460 source_id=Ctrader bar_count=10 symbols=["AUDNZD","BTCUSD","ETHUSD","EURAUD","EURCAD","EURJPY","EURSGD","EURUSD","GBPAUD"]
[2026-05-25T18:58:42.879Z] INFO BAR_PUSH object_type=ea object_id=10869460 source_id=Ctrader bar_count=10 symbols=["AUDCHF","AUDJPY","CADJPY","EURGBP","GBPAUD","GBPCAD","GBPJPY"]
[2026-05-25T18:59:14.884Z] INFO BAR_PUSH object_type=ea object_id=10869460 source_id=Ctrader bar_count=10 symbols=["ADAUSD","AUDCAD","AUDCHF","AUDJPY","AUDNZD","AUDUSD","BTCUSD","CADJPY","ETHUSD","EURAUD"]
[2026-05-25T18:59:48.879Z] INFO BAR_PUSH object_type=ea object_id=10869460 source_id=Ctrader bar_count=10 symbols=["ADAUSD","DE40","EURCAD","EURGBP","EURJPY","EURSGD","EURUSD","GBPAUD","GBPCAD","GBPJPY"]
[2026-05-25T19:00:20.898Z] INFO BAR_PUSH object_type=ea object_id=10869460 source_id=Ctrader bar_count=10 symbols=["ADAUSD","AUDCAD","AUDCHF"]
[2026-05-25T19:00:52.862Z] INFO BAR_PUSH object_type=ea object_id=10869460 source_id=Ctrader bar_count=10 symbols=["AUDCHF","AUDJPY","AUDNZD"]
[2026-05-25T19:01:24.893Z] INFO BAR_PUSH object_type=ea object_id=10869460 source_id=Ctrader bar_count=10 symbols=["AUDCAD","AUDCHF","AUDJPY","AUDNZD","AUDUSD","BTCUSD"]
[2026-05-25T19:01:58.880Z] INFO BAR_PUSH object_type=ea object_id=10869460 source_id=Ctrader bar_count=10 symbols=["ADAUSD","BTCUSD","CADJPY","DE40"]
[2026-05-25T19:02:30.906Z] INFO BAR_PUSH object_type=ea object_id=10869460 source_id=Ctrader bar_count=10 symbols=["ADAUSD","AUDCAD","AUDCHF","AUDJPY","AUDNZD","AUDUSD","BTCUSD","CADJPY","DE40"]
[2026-05-25T19:03:02.894Z] INFO BAR_PUSH object_type=ea object_id=10869460 source_id=Ctrader bar_count=10 symbols=["AUDCAD","AUDCHF","AUDJPY","AUDNZD","AUDUSD","BTCUSD","CADJPY","ETHUSD"]
[2026-05-25T19:03:34.908Z] INFO BAR_PUSH object_type=ea object_id=10869460 source_id=Ctrader bar_count=10 symbols=["ADAUSD","ETHUSD","EURAUD","EURCAD"]
[2026-05-25T19:04:08.888Z] INFO BAR_PUSH object_type=ea object_id=10869460 source_id=Ctrader bar_count=10 symbols=["AUDCHF","BTCUSD","DE40","ETHUSD","EURGBP","EURJPY"]
[2026-05-25T19:04:40.901Z] INFO BAR_PUSH object_type=ea object_id=10869460 source_id=Ctrader bar_count=10 symbols=["AUDCAD","AUDJPY","AUDNZD","AUDUSD","CADJPY","DE40","EURAUD","EURCAD","EURGBP","EURJPY"]
[2026-05-25T19:05:12.897Z] INFO BAR_PUSH object_type=ea object_id=10869460 source_id=Ctrader bar_count=10 symbols=["ADAUSD","AUDCAD","AUDCHF","AUDJPY","AUDNZD"]
[2026-05-25T19:05:44.898Z] INFO BAR_PUSH object_type=ea object_id=10869460 source_id=Ctrader bar_count=10 symbols=["AUDUSD","BTCUSD","CADJPY","DE40","ETHUSD"]
[2026-05-25T19:06:16.885Z] INFO BAR_PUSH object_type=ea object_id=10869460 source_id=Ctrader bar_count=10 symbols=["AUDCAD","AUDCHF","AUDJPY","AUDNZD","AUDUSD","BTCUSD","CADJPY","DE40","ETHUSD","EURAUD"]
[2026-05-25T19:06:48.894Z] INFO BAR_PUSH object_type=ea object_id=10869460 source_id=Ctrader bar_count=10 symbols=["EURAUD","EURCAD","EURGBP","EURJPY"]
[2026-05-25T19:07:20.900Z] INFO BAR_PUSH object_type=ea object_id=10869460 source_id=Ctrader bar_count=10 symbols=["AUDCAD","AUDCHF","AUDJPY","AUDNZD","AUDUSD","BTCUSD","CADJPY","ETHUSD","EURAUD","EURCAD"]
[2026-05-25T19:07:52.857Z] INFO BAR_PUSH object_type=ea object_id=10869460 source_id=Ctrader bar_count=10 symbols=["ADAUSD","DE40","EURGBP","EURJPY","EURSGD","EURUSD"]
[2026-05-25T19:08:24.891Z] INFO BAR_PUSH object_type=ea object_id=10869460 source_id=Ctrader bar_count=10 symbols=["AUDCAD","AUDJPY","BTCUSD","CADJPY","DE40","ETHUSD","EURAUD","EURCAD","EURJPY","EURSGD"]
[2026-05-25T19:08:56.874Z] INFO BAR_PUSH object_type=ea object_id=10869460 source_id=Ctrader bar_count=10 symbols=["AUDCHF","AUDNZD","AUDUSD","EURGBP","EURUSD","GBPAUD"]
[2026-05-25T19:09:28.904Z] INFO BAR_PUSH object_type=ea object_id=10869460 source_id=Ctrader bar_count=10 symbols=["AUDCAD","AUDJPY","AUDNZD","BTCUSD","CADJPY","ETHUSD","EURAUD","EURCAD","EURGBP","EURJPY"]
[2026-05-25T19:10:02.881Z] INFO BAR_PUSH object_type=ea object_id=10869460 source_id=Ctrader bar_count=10 symbols=["ADAUSD","AUDCAD","AUDCHF","AUDJPY","AUDNZD"]
[2026-05-25T19:10:34.893Z] INFO BAR_PUSH object_type=ea object_id=10869460 source_id=Ctrader bar_count=10 symbols=["AUDUSD","BTCUSD","CADJPY","DE40","ETHUSD"]
[2026-05-25T19:11:08.887Z] INFO BAR_PUSH object_type=ea object_id=10869460 source_id=Ctrader bar_count=10 symbols=["AUDCAD","AUDCHF","AUDJPY","AUDNZD","AUDUSD","BTCUSD","CADJPY","ETHUSD","EURAUD"]
[2026-05-25T19:11:40.858Z] INFO BAR_PUSH object_type=ea object_id=10869460 source_id=Ctrader bar_count=10 symbols=["DE40","EURCAD","EURGBP","EURJPY","EURSGD","EURUSD"]
[2026-05-25T19:12:12.865Z] INFO BAR_PUSH object_type=ea object_id=10869460 source_id=Ctrader bar_count=10 symbols=["ADAUSD","AUDCAD","AUDCHF","AUDJPY","AUDNZD","AUDUSD","BTCUSD","CADJPY","DE40","ETHUSD"]
[2026-05-25T19:12:44.857Z] INFO BAR_PUSH object_type=ea object_id=10869460 source_id=Ctrader bar_count=10 symbols=["EURAUD","EURCAD","EURGBP","EURJPY","EURSGD","EURUSD","GBPAUD"]
[2026-05-25T19:13:16.876Z] INFO BAR_PUSH object_type=ea object_id=10869460 source_id=Ctrader bar_count=10 symbols=["AUDCAD","AUDCHF","AUDJPY","AUDNZD","AUDUSD","BTCUSD","CADJPY","ETHUSD","EURAUD","EURCAD"]
[2026-05-25T19:13:48.853Z] INFO BAR_PUSH object_type=ea object_id=10869460 source_id=Ctrader bar_count=10 symbols=["ADAUSD","DE40","EURJPY","EURSGD","EURUSD","GBPAUD","GBPCAD"]
[2026-05-25T19:14:20.858Z] INFO BAR_PUSH object_type=ea object_id=10869460 source_id=Ctrader bar_count=10 symbols=["AUDCAD","AUDCHF","AUDJPY","AUDNZD","AUDUSD","BTCUSD","CADJPY","ETHUSD","EURAUD","EURSGD"]
[2026-05-25T19:14:52.848Z] INFO BAR_PUSH object_type=ea object_id=10869460 source_id=Ctrader bar_count=10 symbols=["DE40","EURCAD","EURGBP","EURJPY","EURUSD","GBPAUD","GBPCAD","GBPJPY"]
[2026-05-25T19:15:24.856Z] INFO BAR_PUSH object_type=ea object_id=10869460 source_id=Ctrader bar_count=10 symbols=["ADAUSD","AUDCAD","AUDCHF","AUDJPY"]
[2026-05-25T19:15:56.900Z] INFO BAR_PUSH object_type=ea object_id=10869460 source_id=Ctrader bar_count=10 symbols=["AUDJPY","AUDNZD","AUDUSD","BTCUSD"]
[2026-05-25T19:16:28.876Z] INFO BAR_PUSH object_type=ea object_id=10869460 source_id=Ctrader bar_count=10 symbols=["ADAUSD","AUDCAD","AUDCHF","AUDJPY","AUDNZD","AUDUSD","BTCUSD","CADJPY"]
[2026-05-25T19:17:00.862Z] INFO BAR_PUSH object_type=ea object_id=10869460 source_id=Ctrader bar_count=10 symbols=["AUDCAD","AUDJPY","AUDNZD","AUDUSD","BTCUSD","CADJPY","DE40"]
[2026-05-25T19:17:32.871Z] INFO BAR_PUSH object_type=ea object_id=10869460 source_id=Ctrader bar_count=10 symbols=["AUDCHF","DE40","ETHUSD","EURAUD","EURCAD"]
[2026-05-25T19:18:04.853Z] INFO BAR_PUSH object_type=ea object_id=10869460 source_id=Ctrader bar_count=10 symbols=["ADAUSD","AUDCAD","AUDNZD","BTCUSD","CADJPY","ETHUSD","EURCAD","EURGBP"]
[2026-05-25T19:18:36.870Z] INFO BAR_PUSH object_type=ea object_id=10869460 source_id=Ctrader bar_count=10 symbols=["ADAUSD","AUDCHF","AUDJPY","AUDUSD","DE40","EURAUD","EURGBP","EURJPY"]
[2026-05-25T19:19:08.871Z] INFO BAR_PUSH object_type=ea object_id=10869460 source_id=Ctrader bar_count=10 symbols=["AUDCAD","AUDCHF","AUDJPY","AUDNZD","AUDUSD","BTCUSD","CADJPY","DE40","ETHUSD","EURAUD"]
[2026-05-25T19:19:40.850Z] INFO BAR_PUSH object_type=ea object_id=10869460 source_id=Ctrader bar_count=10 symbols=["EURCAD","EURGBP","EURJPY","EURSGD","EURUSD"]
[2026-05-25T19:20:12.861Z] INFO BAR_PUSH object_type=ea object_id=10869460 source_id=Ctrader bar_count=10 symbols=["AUDCAD","AUDCHF","AUDJPY","BTCUSD","ETHUSD"]
[2026-05-25T19:20:46.842Z] INFO BAR_PUSH object_type=ea object_id=10869460 source_id=Ctrader bar_count=10 symbols=["AUDNZD","AUDUSD","CADJPY","DE40","EURAUD"]
[2026-05-25T19:21:18.853Z] INFO BAR_PUSH object_type=ea object_id=10869460 source_id=Ctrader bar_count=10 symbols=["AUDCAD","AUDCHF","AUDJPY","AUDNZD","AUDUSD","BTCUSD","CADJPY","ETHUSD","EURAUD","EURCAD"]
[2026-05-25T19:21:50.844Z] INFO BAR_PUSH object_type=ea object_id=10869460 source_id=Ctrader bar_count=10 symbols=["DE40","EURCAD","EURGBP","EURJPY","EURSGD","EURUSD"]
[2026-05-25T19:22:22.879Z] INFO BAR_PUSH object_type=ea object_id=10869460 source_id=Ctrader bar_count=10 symbols=["ADAUSD","AUDCAD","AUDJPY","AUDNZD","BTCUSD","CADJPY","ETHUSD","EURAUD","EURCAD"]
[2026-05-25T19:22:54.845Z] INFO BAR_PUSH object_type=ea object_id=10869460 source_id=Ctrader bar_count=10 symbols=["AUDCHF","AUDUSD","DE40","EURGBP","EURJPY","EURSGD","EURUSD","GBPAUD"]
[2026-05-25T19:23:26.847Z] INFO BAR_PUSH object_type=ea object_id=10869460 source_id=Ctrader bar_count=10 symbols=["AUDCAD","AUDCHF","AUDJPY","AUDNZD","AUDUSD","BTCUSD","CADJPY","ETHUSD","EURAUD","EURCAD"]
[2026-05-25T19:23:58.852Z] INFO BAR_PUSH object_type=ea object_id=10869460 source_id=Ctrader bar_count=10 symbols=["EURGBP","EURJPY","EURSGD","EURUSD","GBPAUD","GBPCAD","GBPJPY"]
[2026-05-25T19:24:30.885Z] INFO BAR_PUSH object_type=ea object_id=10869460 source_id=Ctrader bar_count=10 symbols=["ADAUSD","AUDCAD","AUDCHF","AUDJPY","AUDNZD","AUDUSD","BTCUSD","CADJPY","DE40","ETHUSD"]
[2026-05-25T19:25:02.867Z] INFO BAR_PUSH object_type=ea object_id=10869460 source_id=Ctrader bar_count=10 symbols=["AUDCAD","AUDCHF","AUDJPY","AUDNZD","AUDUSD"]
[2026-05-25T19:25:34.880Z] INFO BAR_PUSH object_type=ea object_id=10869460 source_id=Ctrader bar_count=10 symbols=["BTCUSD","CADJPY","ETHUSD","EURAUD","EURCAD"]
[2026-05-25T19:26:06.863Z] INFO BAR_PUSH object_type=ea object_id=10869460 source_id=Ctrader bar_count=10 symbols=["AUDCAD","AUDCHF","AUDJPY","AUDNZD","AUDUSD","CADJPY","EURAUD","EURCAD","EURGBP"]
[2026-05-25T19:26:38.844Z] INFO BAR_PUSH object_type=ea object_id=10869460 source_id=Ctrader bar_count=10 symbols=["ADAUSD","BTCUSD","ETHUSD","EURGBP","EURJPY","EURSGD","EURUSD"]
[2026-05-25T19:27:12.844Z] INFO BAR_PUSH object_type=ea object_id=10869460 source_id=Ctrader bar_count=10 symbols=["AUDCAD","AUDCHF","AUDJPY","AUDNZD","AUDUSD","BTCUSD","DE40","ETHUSD","EURAUD"]
[2026-05-25T19:27:46.849Z] INFO BAR_PUSH object_type=ea object_id=10869460 source_id=Ctrader bar_count=10 symbols=["ADAUSD","CADJPY","EURCAD","EURGBP","EURJPY","EURSGD","EURUSD","GBPAUD"]
[2026-05-25T19:28:18.873Z] INFO BAR_PUSH object_type=ea object_id=10869460 source_id=Ctrader bar_count=10 symbols=["AUDCAD","AUDCHF","AUDJPY","AUDNZD","AUDUSD","BTCUSD","CADJPY","ETHUSD","EURAUD","EURCAD"]
[2026-05-25T19:28:50.872Z] INFO BAR_PUSH object_type=ea object_id=10869460 source_id=Ctrader bar_count=10 symbols=["DE40","EURGBP","EURJPY","EURSGD","EURUSD","GBPAUD","GBPCAD","GBPJPY"]
[2026-05-25T19:29:22.854Z] INFO BAR_PUSH object_type=ea object_id=10869460 source_id=Ctrader bar_count=10 symbols=["AUDCAD","AUDCHF","AUDJPY","AUDNZD","AUDUSD","BTCUSD","CADJPY","DE40","ETHUSD","EURAUD"]
[2026-05-25T19:29:54.849Z] INFO BAR_PUSH object_type=ea object_id=10869460 source_id=Ctrader bar_count=10 symbols=["EURCAD","EURGBP","EURJPY","EURSGD","EURUSD","GBPAUD","GBPCAD","GBPJPY"]
[2026-05-25T19:30:26.851Z] INFO BAR_PUSH object_type=ea object_id=10869460 source_id=Ctrader bar_count=10 symbols=["ADAUSD","AUDCAD","AUDCHF","AUDJPY"]
[2026-05-25T19:30:58.851Z] INFO BAR_PUSH object_type=ea object_id=10869460 source_id=Ctrader bar_count=10 symbols=["AUDJPY","AUDNZD","AUDUSD","BTCUSD"]
[2026-05-25T19:31:30.868Z] INFO BAR_PUSH object_type=ea object_id=10869460 source_id=Ctrader bar_count=10 symbols=["AUDCAD","AUDCHF","AUDJPY","AUDNZD","AUDUSD","BTCUSD","CADJPY"]
[2026-05-25T19:32:02.856Z] INFO BAR_PUSH object_type=ea object_id=10869460 source_id=Ctrader bar_count=10 symbols=["ADAUSD","AUDCAD","AUDCHF","AUDJPY","AUDNZD","AUDUSD","BTCUSD","CADJPY","DE40"]
[2026-05-25T19:32:34.864Z] INFO BAR_PUSH object_type=ea object_id=10869460 source_id=Ctrader bar_count=10 symbols=["DE40","ETHUSD","EURAUD","EURCAD"]
[2026-05-25T19:33:06.859Z] INFO BAR_PUSH object_type=ea object_id=10869460 source_id=Ctrader bar_count=10 symbols=["AUDCAD","AUDCHF","AUDJPY","AUDNZD","AUDUSD","BTCUSD","ETHUSD","EURAUD","EURGBP"]
[2026-05-25T19:33:36.935Z] INFO BAR_PUSH object_type=ea object_id=10869460 source_id=Ctrader bar_count=10 symbols=["ADAUSD","CADJPY","DE40","EURCAD","EURGBP","EURJPY","EURSGD"]
[2026-05-25T19:34:08.928Z] INFO BAR_PUSH object_type=ea object_id=10869460 source_id=Ctrader bar_count=10 symbols=["ADAUSD","AUDCHF","AUDJPY","AUDNZD","BTCUSD","CADJPY","DE40","ETHUSD","EURAUD","EURCAD"]
[2026-05-25T19:34:40.938Z] INFO BAR_PUSH object_type=ea object_id=10869460 source_id=Ctrader bar_count=10 symbols=["AUDCAD","AUDUSD","EURGBP","EURJPY","EURSGD","EURUSD","GBPAUD"]
[2026-05-25T19:35:14.918Z] INFO BAR_PUSH object_type=ea object_id=10869460 source_id=Ctrader bar_count=10 symbols=["ADAUSD","AUDCHF","AUDJPY","AUDNZD","BTCUSD"]
[2026-05-25T19:35:48.928Z] INFO BAR_PUSH object_type=ea object_id=10869460 source_id=Ctrader bar_count=10 symbols=["AUDCAD","AUDUSD","CADJPY","DE40","ETHUSD"]
[2026-05-25T19:36:20.927Z] INFO BAR_PUSH object_type=ea object_id=10869460 source_id=Ctrader bar_count=10 symbols=["ADAUSD","AUDCAD","AUDCHF","AUDJPY","AUDNZD","AUDUSD","BTCUSD","CADJPY","ETHUSD","EURAUD"]
[2026-05-25T19:36:52.909Z] INFO BAR_PUSH object_type=ea object_id=10869460 source_id=Ctrader bar_count=10 symbols=["DE40","EURAUD","EURCAD","EURGBP","EURJPY","EURSGD"]
[2026-05-25T19:37:24.912Z] INFO BAR_PUSH object_type=ea object_id=10869460 source_id=Ctrader bar_count=10 symbols=["ADAUSD","AUDCAD","AUDCHF","AUDJPY","AUDNZD","AUDUSD","BTCUSD","CADJPY","ETHUSD","EURAUD"]
[2026-05-25T19:37:56.897Z] INFO BAR_PUSH object_type=ea object_id=10869460 source_id=Ctrader bar_count=10 symbols=["EURCAD","EURGBP","EURJPY","EURSGD","EURUSD","GBPAUD","GBPCAD"]
[2026-05-25T19:38:28.903Z] INFO BAR_PUSH object_type=ea object_id=10869460 source_id=Ctrader bar_count=10 symbols=["ADAUSD","AUDCAD","AUDCHF","AUDJPY","BTCUSD","CADJPY","DE40","ETHUSD","EURAUD","EURCAD"]
[2026-05-25T19:39:00.901Z] INFO BAR_PUSH object_type=ea object_id=10869460 source_id=Ctrader bar_count=10 symbols=["AUDCAD","AUDCHF","BTCUSD","CADJPY","ETHUSD","EURAUD","EURCAD","EURGBP","EURJPY","EURSGD"]
[2026-05-25T19:39:32.907Z] INFO BAR_PUSH object_type=ea object_id=10869460 source_id=Ctrader bar_count=10 symbols=["ADAUSD","AUDJPY","AUDNZD","AUDUSD","DE40","EURUSD","GBPAUD","GBPCAD"]
[2026-05-25T19:40:04.898Z] INFO BAR_PUSH object_type=ea object_id=10869460 source_id=Ctrader bar_count=10 symbols=["ADAUSD","AUDCAD","AUDCHF","AUDJPY","AUDNZD"]
[2026-05-25T19:40:36.895Z] INFO BAR_PUSH object_type=ea object_id=10869460 source_id=Ctrader bar_count=10 symbols=["AUDUSD","BTCUSD","CADJPY","DE40","ETHUSD"]
[2026-05-25T19:41:08.931Z] INFO BAR_PUSH object_type=ea object_id=10869460 source_id=Ctrader bar_count=10 symbols=["AUDCAD","AUDCHF","AUDJPY","AUDNZD","AUDUSD","BTCUSD","CADJPY","ETHUSD","EURAUD"]
[2026-05-25T19:41:40.941Z] INFO BAR_PUSH object_type=ea object_id=10869460 source_id=Ctrader bar_count=10 symbols=["ADAUSD","EURCAD","EURGBP","EURJPY","EURSGD","EURUSD"]
[2026-05-25T19:42:12.934Z] INFO BAR_PUSH object_type=ea object_id=10869460 source_id=Ctrader bar_count=10 symbols=["AUDCAD","AUDCHF","AUDJPY","AUDNZD","AUDUSD","BTCUSD","CADJPY","ETHUSD","EURAUD","EURCAD"]
[2026-05-25T19:42:44.932Z] INFO BAR_PUSH object_type=ea object_id=10869460 source_id=Ctrader bar_count=10 symbols=["DE40","EURGBP","EURJPY","EURSGD","EURUSD","GBPAUD","GBPCAD"]
[2026-05-25T19:43:16.931Z] INFO BAR_PUSH object_type=ea object_id=10869460 source_id=Ctrader bar_count=10 symbols=["AUDCAD","AUDCHF","AUDJPY","AUDNZD","AUDUSD","BTCUSD","CADJPY","DE40","ETHUSD","EURAUD"]
[2026-05-25T19:43:48.944Z] INFO BAR_PUSH object_type=ea object_id=10869460 source_id=Ctrader bar_count=10 symbols=["ADAUSD","EURCAD","EURGBP","EURJPY","EURSGD","EURUSD","GBPAUD","GBPCAD","GBPJPY"]
[2026-05-25T19:44:20.954Z] INFO BAR_PUSH object_type=ea object_id=10869460 source_id=Ctrader bar_count=10 symbols=["AUDCAD","AUDCHF","AUDJPY","AUDNZD","AUDUSD","BTCUSD","CADJPY","ETHUSD","EURAUD","EURCAD"]
[2026-05-25T19:44:52.900Z] INFO BAR_PUSH object_type=ea object_id=10869460 source_id=Ctrader bar_count=10 symbols=["DE40","EURGBP","EURJPY","EURSGD","EURUSD","GBPAUD","GBPCAD","GBPJPY","GBPNZD"]
[2026-05-25T19:45:24.917Z] INFO BAR_PUSH object_type=ea object_id=10869460 source_id=Ctrader bar_count=10 symbols=["AUDCAD","AUDCHF","AUDJPY","AUDNZD"]
[2026-05-25T19:45:56.905Z] INFO BAR_PUSH object_type=ea object_id=10869460 source_id=Ctrader bar_count=10 symbols=["ADAUSD","AUDNZD","AUDUSD","BTCUSD"]
[2026-05-25T19:46:30.944Z] INFO BAR_PUSH object_type=ea object_id=10869460 source_id=Ctrader bar_count=10 symbols=["ADAUSD","AUDCAD","AUDCHF","AUDJPY","AUDNZD","AUDUSD","BTCUSD","CADJPY"]
[2026-05-25T19:47:02.904Z] INFO BAR_PUSH object_type=ea object_id=10869460 source_id=Ctrader bar_count=10 symbols=["AUDCAD","AUDCHF","AUDNZD","AUDUSD","BTCUSD","CADJPY","DE40"]
[2026-05-25T19:47:36.900Z] INFO BAR_PUSH object_type=ea object_id=10869460 source_id=Ctrader bar_count=10 symbols=["AUDJPY","ETHUSD","EURAUD","EURCAD"]
[2026-05-25T19:48:08.909Z] INFO BAR_PUSH object_type=ea object_id=10869460 source_id=Ctrader bar_count=10 symbols=["BTCUSD","ETHUSD","EURGBP","EURJPY","EURSGD"]
[2026-05-25T19:48:42.944Z] INFO BAR_PUSH object_type=ea object_id=10869460 source_id=Ctrader bar_count=10 symbols=["AUDCAD","AUDCHF","AUDJPY","AUDNZD","AUDUSD","CADJPY","DE40","EURAUD","EURCAD","EURSGD"]
[2026-05-25T19:49:14.918Z] INFO BAR_PUSH object_type=ea object_id=10869460 source_id=Ctrader bar_count=10 symbols=["AUDCAD","AUDJPY","AUDNZD","BTCUSD","CADJPY","DE40","ETHUSD","EURCAD","EURSGD","EURUSD"]
[2026-05-25T19:49:46.921Z] INFO BAR_PUSH object_type=ea object_id=10869460 source_id=Ctrader bar_count=10 symbols=["AUDCHF","AUDUSD","EURAUD","EURGBP","EURSGD","EURUSD","GBPAUD"]
[2026-05-25T19:50:18.928Z] INFO BAR_PUSH object_type=ea object_id=10869460 source_id=Ctrader bar_count=10 symbols=["ADAUSD","AUDCAD","AUDCHF","AUDJPY","AUDNZD","AUDUSD"]
[2026-05-25T19:50:50.945Z] INFO BAR_PUSH object_type=ea object_id=10869460 source_id=Ctrader bar_count=10 symbols=["ADAUSD","AUDUSD","BTCUSD","CADJPY","DE40","ETHUSD"]
[2026-05-25T19:51:22.931Z] INFO BAR_PUSH object_type=ea object_id=10869460 source_id=Ctrader bar_count=10 symbols=["AUDCAD","AUDCHF","AUDJPY","BTCUSD","CADJPY","DE40","ETHUSD","EURAUD"]
[2026-05-25T19:51:54.919Z] INFO BAR_PUSH object_type=ea object_id=10869460 source_id=Ctrader bar_count=10 symbols=["AUDNZD","AUDUSD","EURAUD","EURCAD","EURGBP","EURJPY","EURSGD"]
[2026-05-25T19:52:26.931Z] INFO BAR_PUSH object_type=ea object_id=10869460 source_id=Ctrader bar_count=10 symbols=["AUDCAD","AUDCHF","AUDJPY","AUDNZD","AUDUSD","BTCUSD","CADJPY","DE40","ETHUSD","EURAUD"]
[2026-05-25T19:52:58.919Z] INFO BAR_PUSH object_type=ea object_id=10869460 source_id=Ctrader bar_count=10 symbols=["EURCAD","EURGBP","EURJPY","EURSGD","EURUSD","GBPAUD"]
[2026-05-25T19:53:30.912Z] INFO BAR_PUSH object_type=ea object_id=10869460 source_id=Ctrader bar_count=10 symbols=["AUDCAD","AUDCHF","AUDJPY","AUDNZD","AUDUSD","BTCUSD","CADJPY","DE40","ETHUSD","EURAUD"]
[2026-05-25T19:54:02.910Z] INFO BAR_PUSH object_type=ea object_id=10869460 source_id=Ctrader bar_count=10 symbols=["AUDCAD","AUDNZD","BTCUSD","CADJPY","DE40","ETHUSD","EURCAD","EURGBP","EURJPY","EURSGD"]
[2026-05-25T19:54:34.924Z] INFO BAR_PUSH object_type=ea object_id=10869460 source_id=Ctrader bar_count=10 symbols=["ADAUSD","AUDCHF","AUDJPY","EURJPY","EURSGD","EURUSD","GBPAUD","GBPCAD"]
[2026-05-25T19:55:06.905Z] INFO BAR_PUSH object_type=ea object_id=10869460 source_id=Ctrader bar_count=10 symbols=["AUDCAD","AUDCHF","AUDJPY","AUDNZD","AUDUSD"]
[2026-05-25T19:55:38.936Z] INFO BAR_PUSH object_type=ea object_id=10869460 source_id=Ctrader bar_count=10 symbols=["BTCUSD","CADJPY","DE40","ETHUSD","EURAUD"]
[2026-05-25T19:56:12.934Z] INFO BAR_PUSH object_type=ea object_id=10869460 source_id=Ctrader bar_count=10 symbols=["ADAUSD","AUDCAD","AUDCHF","AUDJPY","AUDNZD","AUDUSD","BTCUSD","DE40","ETHUSD"]
[2026-05-25T19:56:44.942Z] INFO BAR_PUSH object_type=ea object_id=10869460 source_id=Ctrader bar_count=10 symbols=["CADJPY","EURAUD","EURCAD","EURGBP","EURJPY","EURSGD"]
[2026-05-25T19:57:16.939Z] INFO BAR_PUSH object_type=ea object_id=10869460 source_id=Ctrader bar_count=10 symbols=["AUDCAD","AUDCHF","AUDJPY","AUDNZD","AUDUSD","BTCUSD","CADJPY","DE40","ETHUSD","EURAUD"]
[2026-05-25T19:57:48.943Z] INFO BAR_PUSH object_type=ea object_id=10869460 source_id=Ctrader bar_count=10 symbols=["EURCAD","EURGBP","EURJPY","EURSGD","EURUSD","GBPAUD","GBPCAD"]
[2026-05-25T19:58:20.992Z] INFO BAR_PUSH object_type=ea object_id=10869460 source_id=Ctrader bar_count=10 symbols=["AUDCAD","AUDCHF","AUDJPY","AUDNZD","AUDUSD","BTCUSD","CADJPY","DE40","ETHUSD","EURAUD"]
[2026-05-25T19:58:52.910Z] INFO BAR_PUSH object_type=ea object_id=10869460 source_id=Ctrader bar_count=10 symbols=["EURCAD","EURGBP","EURJPY","EURSGD","EURUSD","GBPAUD","GBPCAD","GBPJPY"]
[2026-05-25T19:59:26.944Z] INFO BAR_PUSH object_type=ea object_id=10869460 source_id=Ctrader bar_count=10 symbols=["AUDCAD","AUDCHF","AUDJPY","AUDNZD","BTCUSD","CADJPY","ETHUSD","EURAUD","EURCAD","EURJPY"]
[2026-05-25T20:00:00.918Z] INFO BAR_PUSH object_type=ea object_id=10869460 source_id=Ctrader bar_count=10 symbols=["ADAUSD","AUDCAD","AUDCHF","AUDJPY"]
[2026-05-25T20:00:32.935Z] INFO BAR_PUSH object_type=ea object_id=10869460 source_id=Ctrader bar_count=10 symbols=["ADAUSD","AUDJPY","AUDNZD"]
[2026-05-25T20:01:04.926Z] INFO BAR_PUSH object_type=ea object_id=10869460 source_id=Ctrader bar_count=10 symbols=["AUDCHF","AUDJPY","AUDNZD","AUDUSD","BTCUSD"]
[2026-05-25T20:01:36.940Z] INFO BAR_PUSH object_type=ea object_id=10869460 source_id=Ctrader bar_count=10 symbols=["ADAUSD","AUDCAD","AUDUSD","BTCUSD","CADJPY","ETHUSD"]
[2026-05-25T20:02:08.937Z] INFO BAR_PUSH object_type=ea object_id=10869460 source_id=Ctrader bar_count=10 symbols=["AUDNZD","BTCUSD","ETHUSD","EURAUD"]
[2026-05-25T20:02:40.937Z] INFO BAR_PUSH object_type=ea object_id=10869460 source_id=Ctrader bar_count=10 symbols=["AUDCAD","AUDCHF","AUDJPY","AUDUSD","CADJPY","EURCAD","EURGBP"]
[2026-05-25T20:03:12.923Z] INFO BAR_PUSH object_type=ea object_id=10869460 source_id=Ctrader bar_count=10 symbols=["ADAUSD","AUDCAD","AUDCHF","AUDJPY","AUDNZD","AUDUSD","BTCUSD","CADJPY","ETHUSD","EURAUD"]
[2026-05-25T20:03:44.909Z] INFO BAR_PUSH object_type=ea object_id=10869460 source_id=Ctrader bar_count=10 symbols=["EURCAD","EURGBP","EURJPY","EURSGD"]
[2026-05-25T20:04:16.926Z] INFO BAR_PUSH object_type=ea object_id=10869460 source_id=Ctrader bar_count=10 symbols=["AUDCAD","AUDCHF","AUDJPY","AUDNZD","AUDUSD","BTCUSD","CADJPY","ETHUSD","EURAUD","EURCAD"]
[2026-05-25T20:04:48.936Z] INFO BAR_PUSH object_type=ea object_id=10869460 source_id=Ctrader bar_count=10 symbols=["ADAUSD","EURGBP","EURJPY","EURSGD","EURUSD"]
[2026-05-25T20:05:20.924Z] INFO BAR_PUSH object_type=ea object_id=10869460 source_id=Ctrader bar_count=10 symbols=["AUDCAD","AUDCHF","AUDJPY","AUDNZD","AUDUSD"]
[2026-05-25T20:05:52.916Z] INFO BAR_PUSH object_type=ea object_id=10869460 source_id=Ctrader bar_count=10 symbols=["BTCUSD","CADJPY","ETHUSD","EURAUD","EURCAD"]
[2026-05-25T20:06:26.990Z] INFO BAR_PUSH object_type=ea object_id=10869460 source_id=Ctrader bar_count=10 symbols=["AUDCAD","AUDCHF","AUDJPY","AUDNZD","AUDUSD","BTCUSD","CADJPY","ETHUSD","EURAUD","EURCAD"]
[2026-05-25T20:06:58.929Z] INFO BAR_PUSH object_type=ea object_id=10869460 source_id=Ctrader bar_count=10 symbols=["EURGBP","EURJPY","EURSGD","EURUSD","GBPAUD"]
[2026-05-25T20:07:30.954Z] INFO BAR_PUSH object_type=ea object_id=10869460 source_id=Ctrader bar_count=10 symbols=["ADAUSD","AUDCAD","AUDCHF","AUDJPY","AUDNZD","AUDUSD","BTCUSD","CADJPY","ETHUSD"]
[2026-05-25T20:08:04.931Z] INFO BAR_PUSH object_type=ea object_id=10869460 source_id=Ctrader bar_count=10 symbols=["AUDCAD","AUDCHF","AUDJPY","AUDNZD","BTCUSD","CADJPY","ETHUSD","EURAUD","EURCAD","EURGBP"]
[2026-05-25T20:08:36.945Z] INFO BAR_PUSH object_type=ea object_id=10869460 source_id=Ctrader bar_count=10 symbols=["ADAUSD","AUDUSD","EURAUD","EURGBP","EURJPY","EURSGD","EURUSD","GBPAUD"]
[2026-05-25T20:09:08.938Z] INFO BAR_PUSH object_type=ea object_id=10869460 source_id=Ctrader bar_count=10 symbols=["AUDCAD","AUDCHF","AUDJPY","AUDNZD","AUDUSD","BTCUSD","CADJPY","ETHUSD","EURAUD","EURCAD"]
[2026-05-25T20:09:40.945Z] INFO BAR_PUSH object_type=ea object_id=10869460 source_id=Ctrader bar_count=10 symbols=["EURGBP","EURJPY","EURSGD","EURUSD","GBPAUD","GBPCAD"]
[2026-05-25T20:10:12.945Z] INFO BAR_PUSH object_type=ea object_id=10869460 source_id=Ctrader bar_count=10 symbols=["ADAUSD","AUDCAD","AUDJPY","BTCUSD","CADJPY","ETHUSD"]
[2026-05-25T20:10:44.952Z] INFO BAR_PUSH object_type=ea object_id=10869460 source_id=Ctrader bar_count=10 symbols=["ADAUSD","AUDCHF","AUDNZD","AUDUSD","ETHUSD","EURAUD"]
[2026-05-25T20:11:18.945Z] INFO BAR_PUSH object_type=ea object_id=10869460 source_id=Ctrader bar_count=10 symbols=["AUDCAD","AUDCHF","AUDJPY","AUDNZD","AUDUSD","BTCUSD","CADJPY","ETHUSD","EURAUD"]
[2026-05-25T20:11:50.939Z] INFO BAR_PUSH object_type=ea object_id=10869460 source_id=Ctrader bar_count=10 symbols=["EURCAD","EURGBP","EURJPY","EURSGD","EURUSD"]
[2026-05-25T20:12:22.937Z] INFO BAR_PUSH object_type=ea object_id=10869460 source_id=Ctrader bar_count=10 symbols=["AUDCAD","AUDCHF","AUDJPY","AUDNZD","AUDUSD","BTCUSD","CADJPY","EURAUD","EURCAD","EURGBP"]
[2026-05-25T20:12:54.908Z] INFO BAR_PUSH object_type=ea object_id=10869460 source_id=Ctrader bar_count=10 symbols=["ETHUSD","EURJPY","EURSGD","EURUSD","GBPAUD","GBPCAD","GBPJPY"]
[2026-05-25T20:13:26.914Z] INFO BAR_PUSH object_type=ea object_id=10869460 source_id=Ctrader bar_count=10 symbols=["AUDCAD","AUDCHF","AUDJPY","AUDNZD","AUDUSD","BTCUSD","CADJPY","ETHUSD","EURAUD","EURCAD"]
[2026-05-25T20:14:00.921Z] INFO BAR_PUSH object_type=ea object_id=10869460 source_id=Ctrader bar_count=10 symbols=["ADAUSD","AUDJPY","CADJPY","EURGBP","EURJPY","EURSGD","EURUSD","GBPAUD","GBPCAD","GBPJPY"]
[2026-05-25T20:14:32.938Z] INFO BAR_PUSH object_type=ea object_id=10869460 source_id=Ctrader bar_count=10 symbols=["AUDCAD","AUDCHF","AUDNZD","BTCUSD","ETHUSD","EURAUD","EURCAD","EURGBP","EURSGD","EURUSD"]
[2026-05-25T20:15:04.907Z] INFO BAR_PUSH object_type=ea object_id=10869460 source_id=Ctrader bar_count=10 symbols=["ADAUSD","AUDCAD","AUDCHF","AUDJPY"]
[2026-05-25T20:15:36.931Z] INFO BAR_PUSH object_type=ea object_id=10869460 source_id=Ctrader bar_count=10 symbols=["AUDJPY","AUDNZD","AUDUSD","BTCUSD"]
[2026-05-25T20:16:10.934Z] INFO BAR_PUSH object_type=ea object_id=10869460 source_id=Ctrader bar_count=10 symbols=["AUDCAD","AUDCHF","AUDJPY","BTCUSD","CADJPY","ETHUSD"]
[2026-05-25T20:16:44.937Z] INFO BAR_PUSH object_type=ea object_id=10869460 source_id=Ctrader bar_count=10 symbols=["ADAUSD","AUDNZD","AUDUSD","ETHUSD","EURAUD","EURCAD"]
[2026-05-25T20:17:16.912Z] INFO BAR_PUSH object_type=ea object_id=10869460 source_id=Ctrader bar_count=10 symbols=["AUDCAD","AUDCHF","AUDJPY","AUDNZD","AUDUSD","BTCUSD","CADJPY","ETHUSD","EURAUD","EURCAD"]
[2026-05-25T20:17:48.935Z] INFO BAR_PUSH object_type=ea object_id=10869460 source_id=Ctrader bar_count=10 symbols=["EURGBP","EURJPY","EURSGD","EURUSD"]
[2026-05-25T20:18:20.915Z] INFO BAR_PUSH object_type=ea object_id=10869460 source_id=Ctrader bar_count=10 symbols=["ADAUSD","AUDCAD","AUDCHF","AUDJPY","AUDNZD","AUDUSD","BTCUSD","CADJPY","ETHUSD","EURAUD"]
[2026-05-25T20:18:52.903Z] INFO BAR_PUSH object_type=ea object_id=10869460 source_id=Ctrader bar_count=10 symbols=["EURCAD","EURGBP","EURJPY","EURSGD","EURUSD","GBPAUD"]
[2026-05-25T20:19:24.936Z] INFO BAR_PUSH object_type=ea object_id=10869460 source_id=Ctrader bar_count=10 symbols=["AUDCAD","AUDCHF","AUDJPY","AUDNZD","AUDUSD","BTCUSD","CADJPY","ETHUSD","EURAUD","EURCAD"]
[2026-05-25T20:19:56.920Z] INFO BAR_PUSH object_type=ea object_id=10869460 source_id=Ctrader bar_count=10 symbols=["ADAUSD","EURGBP","EURJPY","EURSGD","EURUSD","GBPAUD","GBPCAD","GBPJPY"]
[2026-05-25T20:20:28.922Z] INFO BAR_PUSH object_type=ea object_id=10869460 source_id=Ctrader bar_count=10 symbols=["ADAUSD","AUDCAD","AUDCHF","AUDJPY","AUDNZD"]
[2026-05-25T20:21:00.930Z] INFO BAR_PUSH object_type=ea object_id=10869460 source_id=Ctrader bar_count=10 symbols=["AUDCAD","AUDJPY","AUDNZD","AUDUSD","BTCUSD","CADJPY","ETHUSD"]
[2026-05-25T20:21:34.941Z] INFO BAR_PUSH object_type=ea object_id=10869460 source_id=Ctrader bar_count=10 symbols=["ADAUSD","AUDCHF","CADJPY","ETHUSD","EURAUD","EURCAD","EURGBP"]
[2026-05-25T20:22:08.932Z] INFO BAR_PUSH object_type=ea object_id=10869460 source_id=Ctrader bar_count=10 symbols=["AUDCAD","AUDCHF","AUDJPY","AUDNZD","AUDUSD","BTCUSD","CADJPY","ETHUSD","EURAUD","EURCAD"]
[2026-05-25T20:22:40.922Z] INFO BAR_PUSH object_type=ea object_id=10869460 source_id=Ctrader bar_count=10 symbols=["EURGBP","EURJPY","EURSGD","EURUSD","GBPAUD","GBPCAD"]
[2026-05-25T20:23:12.929Z] INFO BAR_PUSH object_type=ea object_id=10869460 source_id=Ctrader bar_count=10 symbols=["AUDCAD","AUDCHF","AUDJPY","AUDNZD","AUDUSD","BTCUSD","CADJPY","ETHUSD","EURAUD","EURGBP"]
[2026-05-25T20:23:44.926Z] INFO BAR_PUSH object_type=ea object_id=10869460 source_id=Ctrader bar_count=10 symbols=["EURCAD","EURJPY","EURSGD","EURUSD","GBPAUD","GBPCAD","GBPJPY"]
[2026-05-25T20:24:17.021Z] INFO BAR_PUSH object_type=ea object_id=10869460 source_id=Ctrader bar_count=10 symbols=["ADAUSD","AUDCAD","AUDCHF","AUDJPY","AUDNZD","BTCUSD","CADJPY","ETHUSD","EURAUD","EURCAD"]
[2026-05-25T20:24:48.948Z] INFO BAR_PUSH object_type=ea object_id=10869460 source_id=Ctrader bar_count=10 symbols=["EURGBP","EURJPY","EURSGD","EURUSD","GBPAUD","GBPCAD","GBPJPY","GBPNZD"]
[2026-05-25T20:25:20.920Z] INFO BAR_PUSH object_type=ea object_id=10869460 source_id=Ctrader bar_count=10 symbols=["ADAUSD","AUDCAD","AUDJPY","AUDNZD","AUDUSD"]
[2026-05-25T20:25:54.928Z] INFO BAR_PUSH object_type=ea object_id=10869460 source_id=Ctrader bar_count=10 symbols=["AUDCHF","BTCUSD","CADJPY","ETHUSD","EURAUD"]
[2026-05-25T20:26:26.929Z] INFO BAR_PUSH object_type=ea object_id=10869460 source_id=Ctrader bar_count=10 symbols=["ADAUSD","AUDCAD","AUDCHF","AUDJPY","AUDNZD","AUDUSD","BTCUSD","CADJPY","ETHUSD","EURAUD"]
[2026-05-25T20:26:58.921Z] INFO BAR_PUSH object_type=ea object_id=10869460 source_id=Ctrader bar_count=10 symbols=["EURCAD","EURGBP","EURJPY","EURSGD","EURUSD"]
[2026-05-25T20:27:30.951Z] INFO BAR_PUSH object_type=ea object_id=10869460 source_id=Ctrader bar_count=10 symbols=["ADAUSD","AUDCAD","AUDCHF","AUDJPY","AUDNZD","AUDUSD","BTCUSD","CADJPY","ETHUSD","EURAUD"]
[2026-05-25T20:28:02.936Z] INFO BAR_PUSH object_type=ea object_id=10869460 source_id=Ctrader bar_count=10 symbols=["AUDCAD","AUDJPY","AUDNZD","BTCUSD","CADJPY","ETHUSD","EURAUD","EURCAD","EURGBP","EURJPY"]
[2026-05-25T20:28:37.003Z] INFO BAR_PUSH object_type=ea object_id=10869460 source_id=Ctrader bar_count=10 symbols=["ADAUSD","AUDCHF","AUDUSD","EURSGD","EURUSD","GBPAUD","GBPCAD","GBPJPY"]
[2026-05-25T20:29:10.936Z] INFO BAR_PUSH object_type=ea object_id=10869460 source_id=Ctrader bar_count=10 symbols=["AUDCAD","AUDCHF","AUDJPY","AUDNZD","AUDUSD","BTCUSD","CADJPY","ETHUSD","EURAUD","EURCAD"]
[2026-05-25T20:29:42.940Z] INFO BAR_PUSH object_type=ea object_id=10869460 source_id=Ctrader bar_count=10 symbols=["ADAUSD","EURGBP","EURJPY","EURSGD","EURUSD","GBPAUD","GBPCAD","GBPJPY","GBPNZD"]
[2026-05-25T20:30:14.930Z] INFO BAR_PUSH object_type=ea object_id=10869460 source_id=Ctrader bar_count=10 symbols=["ADAUSD","AUDCAD","AUDCHF","AUDJPY"]
[2026-05-25T20:30:48.934Z] INFO BAR_PUSH object_type=ea object_id=10869460 source_id=Ctrader bar_count=10 symbols=["AUDJPY","AUDNZD","AUDUSD","BTCUSD"]
[2026-05-25T20:31:22.938Z] INFO BAR_PUSH object_type=ea object_id=10869460 source_id=Ctrader bar_count=10 symbols=["ADAUSD","AUDCAD","AUDCHF","AUDJPY","AUDNZD","AUDUSD","BTCUSD","CADJPY"]
[2026-05-25T20:31:54.936Z] INFO BAR_PUSH object_type=ea object_id=10869460 source_id=Ctrader bar_count=10 symbols=["CADJPY","ETHUSD","EURAUD","EURCAD"]
[2026-05-25T20:32:26.933Z] INFO BAR_PUSH object_type=ea object_id=10869460 source_id=Ctrader bar_count=10 symbols=["ADAUSD","AUDCAD","AUDJPY","AUDNZD","BTCUSD","CADJPY","ETHUSD","EURAUD","EURCAD","EURGBP"]
[2026-05-25T20:32:58.931Z] INFO BAR_PUSH object_type=ea object_id=10869460 source_id=Ctrader bar_count=10 symbols=["EURGBP","EURJPY","EURSGD","EURUSD"]
[2026-05-25T20:33:30.958Z] INFO BAR_PUSH object_type=ea object_id=10869460 source_id=Ctrader bar_count=10 symbols=["AUDCAD","AUDCHF","AUDJPY","AUDNZD","AUDUSD","BTCUSD","CADJPY","ETHUSD","EURAUD","EURCAD"]
[2026-05-25T20:34:02.940Z] INFO BAR_PUSH object_type=ea object_id=10869460 source_id=Ctrader bar_count=10 symbols=["ADAUSD","AUDCAD","BTCUSD","CADJPY","ETHUSD","EURCAD","EURGBP","EURJPY","EURSGD","EURUSD"]
[2026-05-25T20:34:36.954Z] INFO BAR_PUSH object_type=ea object_id=10869460 source_id=Ctrader bar_count=10 symbols=["ADAUSD","AUDCHF","AUDJPY","AUDNZD","AUDUSD","EURAUD","EURGBP","EURSGD","EURUSD"]
[2026-05-25T20:35:08.935Z] INFO BAR_PUSH object_type=ea object_id=10869460 source_id=Ctrader bar_count=10 symbols=["ADAUSD","AUDCAD","AUDCHF","AUDJPY","AUDNZD"]
[2026-05-25T20:35:40.933Z] INFO BAR_PUSH object_type=ea object_id=10869460 source_id=Ctrader bar_count=10 symbols=["AUDUSD","BTCUSD","CADJPY","ETHUSD","EURAUD"]
[2026-05-25T20:36:12.943Z] INFO BAR_PUSH object_type=ea object_id=10869460 source_id=Ctrader bar_count=10 symbols=["ADAUSD","AUDCAD","AUDJPY","AUDNZD","BTCUSD","CADJPY","ETHUSD","EURAUD","EURCAD"]
[2026-05-25T20:36:44.934Z] INFO BAR_PUSH object_type=ea object_id=10869460 source_id=Ctrader bar_count=10 symbols=["AUDCHF","AUDUSD","EURGBP","EURJPY","EURSGD","EURUSD"]
[2026-05-25T20:37:16.934Z] INFO BAR_PUSH object_type=ea object_id=10869460 source_id=Ctrader bar_count=10 symbols=["AUDCAD","AUDCHF","AUDJPY","AUDNZD","AUDUSD","BTCUSD","CADJPY","ETHUSD","EURAUD","EURCAD"]
[2026-05-25T20:37:48.935Z] INFO BAR_PUSH object_type=ea object_id=10869460 source_id=Ctrader bar_count=10 symbols=["ADAUSD","EURGBP","EURJPY","EURSGD","EURUSD","GBPAUD","GBPCAD"]
[2026-05-25T20:38:20.933Z] INFO BAR_PUSH object_type=ea object_id=10869460 source_id=Ctrader bar_count=10 symbols=["AUDCAD","AUDCHF","AUDJPY","AUDNZD","AUDUSD","BTCUSD","CADJPY","ETHUSD","EURAUD","EURCAD"]
[2026-05-25T20:38:52.909Z] INFO BAR_PUSH object_type=ea object_id=10869460 source_id=Ctrader bar_count=10 symbols=["EURGBP","EURJPY","EURSGD","EURUSD","GBPAUD","GBPCAD","GBPJPY"]
[2026-05-25T20:39:24.929Z] INFO BAR_PUSH object_type=ea object_id=10869460 source_id=Ctrader bar_count=10 symbols=["AUDCAD","AUDCHF","AUDJPY","AUDNZD","AUDUSD","BTCUSD","CADJPY","ETHUSD","EURAUD","EURCAD"]
[2026-05-25T20:39:56.913Z] INFO BAR_PUSH object_type=ea object_id=10869460 source_id=Ctrader bar_count=10 symbols=["ADAUSD","EURGBP","EURJPY","EURSGD","EURUSD","GBPAUD","GBPCAD","GBPJPY","GBPNZD"]
[2026-05-25T20:40:28.940Z] INFO BAR_PUSH object_type=ea object_id=10869460 source_id=Ctrader bar_count=10 symbols=["AUDCAD","AUDCHF","AUDJPY","AUDNZD","AUDUSD"]
[2026-05-25T20:41:00.927Z] INFO BAR_PUSH object_type=ea object_id=10869460 source_id=Ctrader bar_count=10 symbols=["ADAUSD","BTCUSD","CADJPY","ETHUSD","EURAUD"]
[2026-05-25T20:41:32.953Z] INFO BAR_PUSH object_type=ea object_id=10869460 source_id=Ctrader bar_count=10 symbols=["ADAUSD","AUDCAD","AUDCHF","AUDJPY","AUDNZD","AUDUSD","CADJPY","EURAUD","EURCAD"]
[2026-05-25T20:42:06.940Z] INFO BAR_PUSH object_type=ea object_id=10869460 source_id=Ctrader bar_count=10 symbols=["AUDCAD","AUDCHF","AUDJPY","AUDNZD","AUDUSD","BTCUSD","CADJPY","ETHUSD","EURAUD","EURCAD"]
[2026-05-25T20:42:38.954Z] INFO BAR_PUSH object_type=ea object_id=10869460 source_id=Ctrader bar_count=10 symbols=["ADAUSD","EURGBP","EURJPY","EURSGD","EURUSD","GBPAUD"]
[2026-05-25T20:43:12.964Z] INFO BAR_PUSH object_type=ea object_id=10869460 source_id=Ctrader bar_count=10 symbols=["ADAUSD","AUDCAD","AUDJPY","AUDNZD","AUDUSD","BTCUSD","CADJPY","ETHUSD","EURAUD","EURCAD"]
[2026-05-25T20:43:46.945Z] INFO BAR_PUSH object_type=ea object_id=10869460 source_id=Ctrader bar_count=10 symbols=["AUDCHF","EURGBP","EURJPY","EURSGD","EURUSD","GBPAUD","GBPCAD","GBPJPY"]
[2026-05-25T20:44:18.939Z] INFO BAR_PUSH object_type=ea object_id=10869460 source_id=Ctrader bar_count=10 symbols=["AUDCAD","BTCUSD","ETHUSD","EURAUD","EURCAD","EURGBP","EURJPY","EURSGD","EURUSD","GBPAUD"]
[2026-05-25T20:44:50.944Z] INFO BAR_PUSH object_type=ea object_id=10869460 source_id=Ctrader bar_count=10 symbols=["AUDCHF","AUDJPY","AUDNZD","AUDUSD","CADJPY","GBPCAD","GBPJPY","GBPNZD"]
[2026-05-25T20:45:24.936Z] INFO BAR_PUSH object_type=ea object_id=10869460 source_id=Ctrader bar_count=10 symbols=["ADAUSD","AUDCAD","AUDCHF","AUDJPY"]
[2026-05-25T20:45:56.908Z] INFO BAR_PUSH object_type=ea object_id=10869460 source_id=Ctrader bar_count=10 symbols=["AUDJPY","AUDNZD","AUDUSD","BTCUSD"]
[2026-05-25T20:46:28.949Z] INFO BAR_PUSH object_type=ea object_id=10869460 source_id=Ctrader bar_count=10 symbols=["ADAUSD","AUDCAD","AUDCHF","AUDJPY","AUDNZD","AUDUSD","BTCUSD","CADJPY"]
[2026-05-25T20:47:00.933Z] INFO BAR_PUSH object_type=ea object_id=10869460 source_id=Ctrader bar_count=10 symbols=["AUDCAD","AUDCHF","AUDJPY","AUDNZD","AUDUSD","BTCUSD","CADJPY","ETHUSD"]
[2026-05-25T20:47:34.957Z] INFO BAR_PUSH object_type=ea object_id=10869460 source_id=Ctrader bar_count=10 symbols=["ADAUSD","CADJPY","EURAUD","EURCAD","EURGBP"]
[2026-05-25T20:48:06.939Z] INFO BAR_PUSH object_type=ea object_id=10869460 source_id=Ctrader bar_count=10 symbols=["AUDCAD","AUDCHF","AUDJPY","AUDNZD","AUDUSD","BTCUSD","CADJPY","ETHUSD","EURAUD","EURCAD"]
[2026-05-25T20:48:38.938Z] INFO BAR_PUSH object_type=ea object_id=10869460 source_id=Ctrader bar_count=10 symbols=["ADAUSD","EURGBP","EURJPY","EURSGD","EURUSD"]
[2026-05-25T20:49:13.041Z] INFO BAR_PUSH object_type=ea object_id=10869460 source_id=Ctrader bar_count=10 symbols=["AUDCAD","AUDCHF","AUDJPY","AUDNZD","AUDUSD","BTCUSD","CADJPY","ETHUSD","EURAUD","EURCAD"]
[2026-05-25T20:49:44.942Z] INFO BAR_PUSH object_type=ea object_id=10869460 source_id=Ctrader bar_count=10 symbols=["ADAUSD","EURGBP","EURJPY","EURSGD","EURUSD","GBPAUD"]
[2026-05-25T20:50:16.911Z] INFO BAR_PUSH object_type=ea object_id=10869460 source_id=Ctrader bar_count=10 symbols=["ADAUSD","AUDCAD","AUDCHF","AUDJPY","AUDNZD"]
[2026-05-25T20:50:48.925Z] INFO BAR_PUSH object_type=ea object_id=10869460 source_id=Ctrader bar_count=10 symbols=["AUDUSD","BTCUSD","CADJPY","ETHUSD","EURAUD"]
[2026-05-25T20:51:20.927Z] INFO BAR_PUSH object_type=ea object_id=10869460 source_id=Ctrader bar_count=10 symbols=["AUDCAD","AUDCHF","AUDJPY","AUDNZD","AUDUSD","BTCUSD","CADJPY","ETHUSD","EURAUD","EURCAD"]
[2026-05-25T20:51:52.900Z] INFO BAR_PUSH object_type=ea object_id=10869460 source_id=Ctrader bar_count=10 symbols=["EURCAD","EURGBP","EURJPY","EURSGD","EURUSD","GBPAUD"]
[2026-05-25T20:52:24.938Z] INFO BAR_PUSH object_type=ea object_id=10869460 source_id=Ctrader bar_count=10 symbols=["AUDCAD","AUDCHF","AUDJPY","AUDNZD","AUDUSD","BTCUSD","CADJPY","ETHUSD","EURAUD","EURCAD"]
[2026-05-25T20:52:56.902Z] INFO BAR_PUSH object_type=ea object_id=10869460 source_id=Ctrader bar_count=10 symbols=["EURGBP","EURJPY","EURSGD","EURUSD","GBPAUD","GBPCAD","GBPJPY"]
[2026-05-25T20:53:28.934Z] INFO BAR_PUSH object_type=ea object_id=10869460 source_id=Ctrader bar_count=10 symbols=["AUDCAD","AUDCHF","AUDJPY","AUDNZD","AUDUSD","BTCUSD","CADJPY","ETHUSD","EURAUD","EURGBP"]
[2026-05-25T20:54:00.918Z] INFO BAR_PUSH object_type=ea object_id=10869460 source_id=Ctrader bar_count=10 symbols=["ADAUSD","AUDCAD","AUDCHF","AUDJPY","AUDNZD","AUDUSD","ETHUSD","EURAUD","EURCAD","EURJPY"]
[2026-05-25T20:54:32.927Z] INFO BAR_PUSH object_type=ea object_id=10869460 source_id=Ctrader bar_count=10 symbols=["ADAUSD","BTCUSD","CADJPY","EURCAD","EURGBP","EURJPY","EURSGD","EURUSD","GBPAUD","GBPCAD"]
[2026-05-25T20:55:04.908Z] INFO BAR_PUSH object_type=ea object_id=10869460 source_id=Ctrader bar_count=10 symbols=["AUDCAD","AUDCHF","AUDJPY","AUDNZD","AUDUSD"]
[2026-05-25T20:55:38.926Z] INFO BAR_PUSH object_type=ea object_id=10869460 source_id=Ctrader bar_count=10 symbols=["ADAUSD","BTCUSD","CADJPY","ETHUSD","EURAUD"]
[2026-05-25T20:56:10.919Z] INFO BAR_PUSH object_type=ea object_id=10869460 source_id=Ctrader bar_count=10 symbols=["AUDJPY","AUDNZD","BTCUSD","CADJPY","ETHUSD","EURAUD","EURCAD","EURGBP"]
[2026-05-25T20:56:44.923Z] INFO BAR_PUSH object_type=ea object_id=10869460 source_id=Ctrader bar_count=10 symbols=["ADAUSD","AUDCAD","AUDCHF","AUDUSD","EURJPY","EURSGD","EURUSD"]
[2026-05-25T20:57:16.931Z] INFO BAR_PUSH object_type=ea object_id=10869460 source_id=Ctrader bar_count=10 symbols=["AUDCAD","AUDCHF","AUDJPY","AUDNZD","AUDUSD","BTCUSD","ETHUSD","EURAUD","EURCAD","EURGBP"]
[2026-05-25T20:57:48.929Z] INFO BAR_PUSH object_type=ea object_id=10869460 source_id=Ctrader bar_count=10 symbols=["ADAUSD","CADJPY","EURJPY","EURSGD","EURUSD","GBPAUD","GBPCAD","GBPJPY"]
[2026-05-25T20:58:20.918Z] INFO BAR_PUSH object_type=ea object_id=10869460 source_id=Ctrader bar_count=10 symbols=["AUDJPY","AUDNZD","BTCUSD","CADJPY","ETHUSD","EURAUD","EURCAD","EURGBP","EURJPY","EURSGD"]
[2026-05-25T20:58:52.901Z] INFO BAR_PUSH object_type=ea object_id=10869460 source_id=Ctrader bar_count=10 symbols=["AUDCAD","AUDCHF","AUDUSD","EURUSD","GBPAUD","GBPCAD","GBPJPY","GBPNZD"]
[2026-05-25T20:59:24.908Z] INFO BAR_PUSH object_type=ea object_id=10869460 source_id=Ctrader bar_count=10 symbols=["GBPNZD","GBPUSD","NEARUSD"]
[2026-05-25T20:59:56.893Z] INFO BAR_PUSH object_type=ea object_id=10869460 source_id=Ctrader bar_count=10 symbols=["NEARUSD","NZDCAD","NZDUSD","USDCAD"]
[2026-05-25T21:00:28.487Z] INFO BAR_PUSH object_type=ea object_id=10869460 source_id=Ctrader bar_count=10 symbols=["USDCAD","USDCHF","USDJPY"]
[2026-05-25T21:01:00.967Z] INFO BAR_PUSH object_type=ea object_id=10869460 source_id=Ctrader bar_count=10 symbols=["AUDCAD","AUDCHF"]
[2026-05-25T21:01:34.916Z] INFO BAR_PUSH object_type=ea object_id=10869460 source_id=Ctrader bar_count=10 symbols=["AUDCHF","AUDJPY","AUDNZD"]
[2026-05-25T21:02:06.908Z] INFO BAR_PUSH object_type=ea object_id=10869460 source_id=Ctrader bar_count=10 symbols=["AUDNZD","AUDUSD"]
[2026-05-25T21:02:40.924Z] INFO BAR_PUSH object_type=ea object_id=10869460 source_id=Ctrader bar_count=10 symbols=["AUDCAD","AUDJPY","AUDNZD","AUDUSD","CADJPY"]
[2026-05-25T21:03:12.913Z] INFO BAR_PUSH object_type=ea object_id=10869460 source_id=Ctrader bar_count=10 symbols=["AUDCHF","EURAUD","EURCAD"]
[2026-05-25T21:03:44.930Z] INFO BAR_PUSH object_type=ea object_id=10869460 source_id=Ctrader bar_count=10 symbols=["AUDCAD","AUDJPY","AUDNZD","AUDUSD","EURCAD","EURGBP"]
[2026-05-25T21:04:16.910Z] INFO BAR_PUSH object_type=ea object_id=10869460 source_id=Ctrader bar_count=10 symbols=["AUDCHF","AUDJPY","CADJPY","EURGBP","EURJPY"]
[2026-05-25T21:04:48.924Z] INFO BAR_PUSH object_type=ea object_id=10869460 source_id=Ctrader bar_count=10 symbols=["AUDCAD","AUDNZD","AUDUSD","EURAUD","EURJPY","EURSGD"]
[2026-05-25T21:05:20.911Z] INFO BAR_PUSH object_type=ea object_id=10869460 source_id=Ctrader bar_count=10 symbols=["ADAUSD","AUDCAD","AUDCHF"]
[2026-05-25T21:05:54.920Z] INFO BAR_PUSH object_type=ea object_id=10869460 source_id=Ctrader bar_count=10 symbols=["AUDJPY","AUDNZD","AUDUSD","BTCUSD"]
[2026-05-25T21:06:26.926Z] INFO BAR_PUSH object_type=ea object_id=10869460 source_id=Ctrader bar_count=10 symbols=["AUDNZD","BTCUSD","CADJPY","ETHUSD"]
[2026-05-25T21:06:58.919Z] INFO BAR_PUSH object_type=ea object_id=10869460 source_id=Ctrader bar_count=10 symbols=["AUDJPY","CADJPY","ETHUSD","EURAUD","EURCAD","EURGBP"]
[2026-05-25T21:07:30.930Z] INFO BAR_PUSH object_type=ea object_id=10869460 source_id=Ctrader bar_count=10 symbols=["AUDCHF","BTCUSD","ETHUSD","EURGBP","EURJPY","EURSGD"]
[2026-05-25T21:08:04.912Z] INFO BAR_PUSH object_type=ea object_id=10869460 source_id=Ctrader bar_count=10 symbols=["AUDJPY","BTCUSD","CADJPY","ETHUSD","EURCAD","EURSGD","EURUSD"]
[2026-05-25T21:08:36.939Z] INFO BAR_PUSH object_type=ea object_id=10869460 source_id=Ctrader bar_count=10 symbols=["AUDCHF","EURAUD","EURCAD","EURGBP","EURJPY","EURSGD","EURUSD","GBPAUD"]
[2026-05-25T21:09:08.969Z] INFO BAR_PUSH object_type=ea object_id=10869460 source_id=Ctrader bar_count=10 symbols=["BTCUSD","ETHUSD","EURSGD","GBPAUD","GBPCAD"]
[2026-05-25T21:09:42.930Z] INFO BAR_PUSH object_type=ea object_id=10869460 source_id=Ctrader bar_count=10 symbols=["ADAUSD","AUDCHF","EURAUD","EURGBP","EURJPY","GBPAUD","GBPCAD"]
[2026-05-25T21:10:14.906Z] INFO BAR_PUSH object_type=ea object_id=10869460 source_id=Ctrader bar_count=10 symbols=["AUDCHF","AUDJPY","AUDNZD","BTCUSD","CADJPY"]
[2026-05-25T21:10:46.934Z] INFO BAR_PUSH object_type=ea object_id=10869460 source_id=Ctrader bar_count=10 symbols=["ETHUSD","EURAUD","EURCAD","EURGBP","EURJPY"]
[2026-05-25T21:11:20.924Z] INFO BAR_PUSH object_type=ea object_id=10869460 source_id=Ctrader bar_count=10 symbols=["AUDNZD","BTCUSD","ETHUSD","EURAUD","EURSGD","EURUSD","GBPAUD"]
[2026-05-25T21:11:54.903Z] INFO BAR_PUSH object_type=ea object_id=10869460 source_id=Ctrader bar_count=10 symbols=["EURGBP","EURJPY","GBPAUD","GBPCAD","GBPJPY"]
[2026-05-25T21:12:26.918Z] INFO BAR_PUSH object_type=ea object_id=10869460 source_id=Ctrader bar_count=10 symbols=["AUDNZD","BTCUSD","ETHUSD","EURAUD","EURCAD","EURGBP","EURJPY","EURSGD","EURUSD","GBPAUD"]
[2026-05-25T21:12:58.905Z] INFO BAR_PUSH object_type=ea object_id=10869460 source_id=Ctrader bar_count=10 symbols=["GBPCAD","GBPJPY","GBPNZD"]
[2026-05-25T21:13:30.933Z] INFO BAR_PUSH object_type=ea object_id=10869460 source_id=Ctrader bar_count=10 symbols=["ADAUSD","BTCUSD","ETHUSD","EURGBP","EURJPY","GBPAUD","GBPCAD","GBPJPY","GBPNZD"]
[2026-05-25T21:14:02.916Z] INFO BAR_PUSH object_type=ea object_id=10869460 source_id=Ctrader bar_count=10 symbols=["AUDCHF","AUDNZD","BTCUSD","EURAUD","EURCAD","EURSGD","EURUSD","GBPUSD"]
[2026-05-25T21:14:36.933Z] INFO BAR_PUSH object_type=ea object_id=10869460 source_id=Ctrader bar_count=10 symbols=["AUDCHF","AUDJPY","AUDNZD","CADJPY","ETHUSD","EURAUD","EURCAD","EURGBP","EURJPY","EURSGD"]
[2026-05-25T21:15:10.905Z] INFO BAR_PUSH object_type=ea object_id=10869460 source_id=Ctrader bar_count=10 symbols=["ADAUSD","AUDNZD","BTCUSD","ETHUSD"]
[2026-05-25T21:15:44.917Z] INFO BAR_PUSH object_type=ea object_id=10869460 source_id=Ctrader bar_count=10 symbols=["AUDCAD","AUDCHF","AUDJPY","AUDUSD"]
[2026-05-25T21:16:16.912Z] INFO BAR_PUSH object_type=ea object_id=10869460 source_id=Ctrader bar_count=10 symbols=["AUDCHF","AUDNZD","AUDUSD","BTCUSD","CADJPY","ETHUSD"]
[2026-05-25T21:16:48.916Z] INFO BAR_PUSH object_type=ea object_id=10869460 source_id=Ctrader bar_count=10 symbols=["AUDCAD","AUDJPY","AUDUSD","ETHUSD","EURAUD","EURCAD"]
[2026-05-25T21:17:22.922Z] INFO BAR_PUSH object_type=ea object_id=10869460 source_id=Ctrader bar_count=10 symbols=["ADAUSD","AUDCHF","BTCUSD","ETHUSD","EURAUD","EURGBP","EURJPY"]
[2026-05-25T21:17:54.903Z] INFO BAR_PUSH object_type=ea object_id=10869460 source_id=Ctrader bar_count=10 symbols=["EURCAD","EURJPY","EURSGD","EURUSD","GBPAUD"]
[2026-05-25T21:18:26.921Z] INFO BAR_PUSH object_type=ea object_id=10869460 source_id=Ctrader bar_count=10 symbols=["ADAUSD","AUDCAD","AUDCHF","AUDJPY","AUDNZD","AUDUSD","BTCUSD","ETHUSD","EURAUD","EURCAD"]
[2026-05-25T21:19:00.915Z] INFO BAR_PUSH object_type=ea object_id=10869460 source_id=Ctrader bar_count=10 symbols=["BTCUSD","ETHUSD","EURGBP","EURJPY","EURSGD","EURUSD","GBPAUD","GBPCAD"]
[2026-05-25T21:19:32.927Z] INFO BAR_PUSH object_type=ea object_id=10869460 source_id=Ctrader bar_count=10 symbols=["ADAUSD","AUDJPY","CADJPY","EURAUD","EURCAD","EURGBP","EURJPY","EURSGD","EURUSD","GBPAUD"]
[2026-05-25T21:20:06.905Z] INFO BAR_PUSH object_type=ea object_id=10869460 source_id=Ctrader bar_count=10 symbols=["ADAUSD","AUDCAD","AUDCHF","AUDJPY","AUDNZD"]
[2026-05-25T21:20:38.922Z] INFO BAR_PUSH object_type=ea object_id=10869460 source_id=Ctrader bar_count=10 symbols=["AUDUSD","BTCUSD","CADJPY","ETHUSD","EURAUD"]
[2026-05-25T21:21:10.910Z] INFO BAR_PUSH object_type=ea object_id=10869460 source_id=Ctrader bar_count=10 symbols=["AUDCAD","AUDCHF","AUDJPY","AUDNZD","AUDUSD","BTCUSD","CADJPY","ETHUSD","EURAUD","EURCAD"]
[2026-05-25T21:21:42.911Z] INFO BAR_PUSH object_type=ea object_id=10869460 source_id=Ctrader bar_count=10 symbols=["EURCAD","EURGBP","EURJPY","EURSGD","EURUSD"]
[2026-05-25T21:22:16.912Z] INFO BAR_PUSH object_type=ea object_id=10869460 source_id=Ctrader bar_count=10 symbols=["AUDCHF","BTCUSD","ETHUSD","EURGBP","GBPAUD","GBPCAD","GBPJPY"]
[2026-05-25T21:22:48.924Z] INFO BAR_PUSH object_type=ea object_id=10869460 source_id=Ctrader bar_count=10 symbols=["ADAUSD","AUDCAD","AUDJPY","AUDNZD","AUDUSD","EURAUD","EURSGD","EURUSD","GBPJPY"]
[2026-05-25T21:23:22.909Z] INFO BAR_PUSH object_type=ea object_id=10869460 source_id=Ctrader bar_count=10 symbols=["AUDCHF","BTCUSD","ETHUSD","EURGBP","EURJPY","GBPAUD","GBPCAD","GBPJPY","GBPNZD"]
[2026-05-25T21:23:54.904Z] INFO BAR_PUSH object_type=ea object_id=10869460 source_id=Ctrader bar_count=10 symbols=["AUDCAD","AUDJPY","AUDNZD","AUDUSD","CADJPY","EURAUD","EURCAD","EURSGD","EURUSD","GBPNZD"]
[2026-05-25T21:24:28.927Z] INFO BAR_PUSH object_type=ea object_id=10869460 source_id=Ctrader bar_count=10 symbols=["ADAUSD","AUDCHF","BTCUSD","ETHUSD","EURAUD","EURCAD","EURGBP","EURJPY","EURSGD","EURUSD"]
[2026-05-25T21:25:00.914Z] INFO BAR_PUSH object_type=ea object_id=10869460 source_id=Ctrader bar_count=10 symbols=["AUDCAD","AUDJPY","AUDNZD","AUDUSD","BTCUSD","CADJPY","ETHUSD","EURAUD"]
[2026-05-25T21:25:32.922Z] INFO BAR_PUSH object_type=ea object_id=10869460 source_id=Ctrader bar_count=10 symbols=["AUDCAD","AUDCHF","AUDNZD","CADJPY","EURAUD","EURCAD"]
[2026-05-25T21:26:06.919Z] INFO BAR_PUSH object_type=ea object_id=10869460 source_id=Ctrader bar_count=10 symbols=["ADAUSD","BTCUSD","ETHUSD","EURCAD","EURGBP","EURJPY","EURSGD"]
[2026-05-25T21:26:40.928Z] INFO BAR_PUSH object_type=ea object_id=10869460 source_id=Ctrader bar_count=10 symbols=["AUDCAD","AUDCHF","AUDNZD","CADJPY","EURAUD","EURCAD","EURGBP","EURJPY","EURSGD"]
[2026-05-25T21:27:12.911Z] INFO BAR_PUSH object_type=ea object_id=10869460 source_id=Ctrader bar_count=10 symbols=["BTCUSD","ETHUSD","EURUSD","GBPAUD","GBPCAD","GBPJPY"]
[2026-05-25T21:27:44.924Z] INFO BAR_PUSH object_type=ea object_id=10869460 source_id=Ctrader bar_count=10 symbols=["AUDCAD","AUDCHF","AUDNZD","CADJPY","EURAUD","EURCAD","EURGBP","EURJPY","EURSGD","EURUSD"]
[2026-05-25T21:28:16.910Z] INFO BAR_PUSH object_type=ea object_id=10869460 source_id=Ctrader bar_count=10 symbols=["ADAUSD","AUDCAD","AUDJPY","AUDUSD","BTCUSD","CADJPY","ETHUSD","EURAUD"]
[2026-05-25T21:28:50.915Z] INFO BAR_PUSH object_type=ea object_id=10869460 source_id=Ctrader bar_count=10 symbols=["AUDCHF","AUDNZD","AUDUSD","EURCAD","EURGBP","EURJPY","EURSGD","EURUSD","GBPAUD","GBPCAD"]
[2026-05-25T21:29:24.896Z] INFO BAR_PUSH object_type=ea object_id=10869460 source_id=Ctrader bar_count=10 symbols=["AUDCAD","AUDCHF","AUDJPY","AUDNZD","AUDUSD","BTCUSD","ETHUSD","EURAUD","EURCAD","EURGBP"]
[2026-05-25T21:29:56.881Z] INFO BAR_PUSH object_type=ea object_id=10869460 source_id=Ctrader bar_count=10 symbols=["CADJPY","EURJPY","EURSGD","EURUSD","GBPAUD","GBPCAD","GBPJPY","GBPNZD","GBPUSD"]
[2026-05-25T21:30:30.910Z] INFO BAR_PUSH object_type=ea object_id=10869460 source_id=Ctrader bar_count=10 symbols=["ADAUSD","AUDCAD","AUDCHF","AUDJPY"]
[2026-05-25T21:31:02.890Z] INFO BAR_PUSH object_type=ea object_id=10869460 source_id=Ctrader bar_count=10 symbols=["AUDCAD","AUDCHF","AUDJPY","AUDNZD","AUDUSD"]
[2026-05-25T21:31:34.910Z] INFO BAR_PUSH object_type=ea object_id=10869460 source_id=Ctrader bar_count=10 symbols=["ADAUSD","AUDUSD","BTCUSD","CADJPY","ETHUSD"]
[2026-05-25T21:32:06.896Z] INFO BAR_PUSH object_type=ea object_id=10869460 source_id=Ctrader bar_count=10 symbols=["AUDCAD","AUDCHF","AUDNZD","BTCUSD","CADJPY","ETHUSD","EURAUD"]
[2026-05-25T21:32:38.904Z] INFO BAR_PUSH object_type=ea object_id=10869460 source_id=Ctrader bar_count=10 symbols=["AUDJPY","AUDUSD","EURCAD","EURGBP","EURJPY"]
[2026-05-25T21:33:10.892Z] INFO BAR_PUSH object_type=ea object_id=10869460 source_id=Ctrader bar_count=10 symbols=["ADAUSD","AUDCAD","AUDJPY","AUDNZD","BTCUSD","CADJPY","ETHUSD","EURCAD","EURGBP","EURJPY"]
[2026-05-25T21:33:44.903Z] INFO BAR_PUSH object_type=ea object_id=10869460 source_id=Ctrader bar_count=10 symbols=["AUDCHF","AUDUSD","EURAUD","EURJPY","EURSGD","EURUSD"]
[2026-05-25T21:34:18.900Z] INFO BAR_PUSH object_type=ea object_id=10869460 source_id=Ctrader bar_count=10 symbols=["AUDCAD","AUDCHF","AUDJPY","AUDNZD","AUDUSD","BTCUSD","CADJPY","ETHUSD","EURAUD","EURCAD"]
[2026-05-25T21:34:50.896Z] INFO BAR_PUSH object_type=ea object_id=10869460 source_id=Ctrader bar_count=10 symbols=["EURGBP","EURJPY","EURSGD","EURUSD","GBPAUD","GBPCAD"]
[2026-05-25T21:35:22.888Z] INFO BAR_PUSH object_type=ea object_id=10869460 source_id=Ctrader bar_count=10 symbols=["ADAUSD","AUDCAD","AUDCHF","AUDJPY","AUDNZD"]
[2026-05-25T21:35:56.872Z] INFO BAR_PUSH object_type=ea object_id=10869460 source_id=Ctrader bar_count=10 symbols=["AUDUSD","BTCUSD","CADJPY","ETHUSD","EURAUD"]
[2026-05-25T21:36:28.919Z] INFO BAR_PUSH object_type=ea object_id=10869460 source_id=Ctrader bar_count=10 symbols=["ADAUSD","AUDCAD","AUDCHF","AUDJPY","AUDNZD","AUDUSD","BTCUSD","CADJPY","ETHUSD","EURAUD"]
[2026-05-25T21:37:00.892Z] INFO BAR_PUSH object_type=ea object_id=10869460 source_id=Ctrader bar_count=10 symbols=["AUDJPY","CADJPY","ETHUSD","EURCAD","EURGBP","EURJPY","EURSGD"]
[2026-05-25T21:37:32.915Z] INFO BAR_PUSH object_type=ea object_id=10869460 source_id=Ctrader bar_count=10 symbols=["ADAUSD","AUDCAD","AUDCHF","AUDNZD","AUDUSD","BTCUSD","EURAUD","EURCAD","EURGBP","EURSGD"]
[2026-05-25T21:38:06.893Z] INFO BAR_PUSH object_type=ea object_id=10869460 source_id=Ctrader bar_count=10 symbols=["AUDCAD","AUDNZD","BTCUSD","CADJPY","ETHUSD","EURAUD","EURCAD","EURGBP","EURJPY","EURSGD"]
[2026-05-25T21:38:40.905Z] INFO BAR_PUSH object_type=ea object_id=10869460 source_id=Ctrader bar_count=10 symbols=["ADAUSD","AUDCHF","AUDJPY","AUDUSD","EURSGD","EURUSD","GBPAUD","GBPCAD"]
[2026-05-25T21:39:12.898Z] INFO BAR_PUSH object_type=ea object_id=10869460 source_id=Ctrader bar_count=10 symbols=["AUDCAD","AUDCHF","AUDJPY","AUDNZD","AUDUSD","BTCUSD","ETHUSD","EURAUD","EURCAD","EURGBP"]
[2026-05-25T21:39:44.898Z] INFO BAR_PUSH object_type=ea object_id=10869460 source_id=Ctrader bar_count=10 symbols=["CADJPY","EURJPY","EURSGD","EURUSD","GBPAUD","GBPCAD","GBPJPY"]
[2026-05-25T21:40:16.892Z] INFO BAR_PUSH object_type=ea object_id=10869460 source_id=Ctrader bar_count=10 symbols=["ADAUSD","AUDCAD","AUDCHF","AUDJPY","AUDNZD","AUDUSD"]
[2026-05-25T21:40:48.899Z] INFO BAR_PUSH object_type=ea object_id=10869460 source_id=Ctrader bar_count=10 symbols=["ADAUSD","AUDUSD","BTCUSD","CADJPY","ETHUSD","EURAUD"]
[2026-05-25T21:41:20.899Z] INFO BAR_PUSH object_type=ea object_id=10869460 source_id=Ctrader bar_count=10 symbols=["AUDCAD","AUDCHF","AUDJPY","AUDNZD","AUDUSD","BTCUSD","CADJPY","ETHUSD","EURAUD"]
[2026-05-25T21:41:54.868Z] INFO BAR_PUSH object_type=ea object_id=10869460 source_id=Ctrader bar_count=10 symbols=["ADAUSD","EURCAD","EURGBP","EURJPY","EURSGD","EURUSD"]
[2026-05-25T21:42:26.896Z] INFO BAR_PUSH object_type=ea object_id=10869460 source_id=Ctrader bar_count=10 symbols=["AUDCAD","AUDCHF","AUDJPY","AUDNZD","AUDUSD","BTCUSD","CADJPY","ETHUSD","EURAUD","EURCAD"]
[2026-05-25T21:42:58.887Z] INFO BAR_PUSH object_type=ea object_id=10869460 source_id=Ctrader bar_count=10 symbols=["EURGBP","EURJPY","EURSGD","EURUSD","GBPAUD","GBPCAD","GBPJPY"]
[2026-05-25T21:43:30.908Z] INFO BAR_PUSH object_type=ea object_id=10869460 source_id=Ctrader bar_count=10 symbols=["ADAUSD","AUDCAD","AUDCHF","AUDJPY","AUDNZD","AUDUSD","BTCUSD","CADJPY","ETHUSD","EURAUD"]
[2026-05-25T21:44:02.970Z] INFO BAR_PUSH object_type=ea object_id=10869460 source_id=Ctrader bar_count=10 symbols=["AUDCAD","AUDCHF","AUDJPY","AUDNZD","BTCUSD","CADJPY","ETHUSD","EURAUD","EURCAD","EURGBP"]
[2026-05-25T21:44:34.906Z] INFO BAR_PUSH object_type=ea object_id=10869460 source_id=Ctrader bar_count=10 symbols=["ADAUSD","AUDUSD","EURJPY","EURSGD","EURUSD","GBPAUD","GBPCAD","GBPJPY","GBPNZD"]
[2026-05-25T21:45:06.873Z] INFO BAR_PUSH object_type=ea object_id=10869460 source_id=Ctrader bar_count=10 symbols=["AUDCAD","AUDCHF","AUDJPY","AUDNZD"]
[2026-05-25T21:45:38.894Z] INFO BAR_PUSH object_type=ea object_id=10869460 source_id=Ctrader bar_count=10 symbols=["AUDNZD","AUDUSD","BTCUSD","CADJPY"]
[2026-05-25T21:46:10.885Z] INFO BAR_PUSH object_type=ea object_id=10869460 source_id=Ctrader bar_count=10 symbols=["ADAUSD","AUDCAD","AUDCHF","AUDJPY","AUDNZD","AUDUSD","BTCUSD","CADJPY"]
[2026-05-25T21:46:42.896Z] INFO BAR_PUSH object_type=ea object_id=10869460 source_id=Ctrader bar_count=10 symbols=["CADJPY","ETHUSD","EURAUD","EURCAD"]
[2026-05-25T21:47:14.894Z] INFO BAR_PUSH object_type=ea object_id=10869460 source_id=Ctrader bar_count=10 symbols=["AUDCAD","AUDCHF","AUDJPY","AUDNZD","AUDUSD","BTCUSD","ETHUSD","EURAUD","EURCAD","EURGBP"]
[2026-05-25T21:47:48.950Z] INFO BAR_PUSH object_type=ea object_id=10869460 source_id=Ctrader bar_count=10 symbols=["ADAUSD","CADJPY","EURGBP","EURJPY","EURSGD"]
[2026-05-25T21:48:20.892Z] INFO BAR_PUSH object_type=ea object_id=10869460 source_id=Ctrader bar_count=10 symbols=["ADAUSD","AUDCAD","AUDCHF","AUDJPY","AUDNZD","AUDUSD","BTCUSD","CADJPY","ETHUSD","EURAUD"]
[2026-05-25T21:48:52.877Z] INFO BAR_PUSH object_type=ea object_id=10869460 source_id=Ctrader bar_count=10 symbols=["EURCAD","EURGBP","EURJPY","EURSGD","EURUSD","GBPAUD"]
[2026-05-25T21:49:24.894Z] INFO BAR_PUSH object_type=ea object_id=10869460 source_id=Ctrader bar_count=10 symbols=["AUDCAD","AUDCHF","AUDJPY","AUDNZD","AUDUSD","BTCUSD","CADJPY","ETHUSD","EURAUD","EURCAD"]
[2026-05-25T21:49:56.880Z] INFO BAR_PUSH object_type=ea object_id=10869460 source_id=Ctrader bar_count=10 symbols=["ADAUSD","EURGBP","EURJPY","EURSGD","EURUSD","GBPAUD","GBPCAD","GBPJPY"]
[2026-05-25T21:50:30.900Z] INFO BAR_PUSH object_type=ea object_id=10869460 source_id=Ctrader bar_count=10 symbols=["AUDCAD","AUDCHF","AUDJPY","AUDNZD","AUDUSD"]
[2026-05-25T21:51:04.884Z] INFO BAR_PUSH object_type=ea object_id=10869460 source_id=Ctrader bar_count=10 symbols=["AUDCAD","AUDCHF","AUDJPY","AUDNZD","AUDUSD","BTCUSD","CADJPY","ETHUSD"]
[2026-05-25T21:51:36.895Z] INFO BAR_PUSH object_type=ea object_id=10869460 source_id=Ctrader bar_count=10 symbols=["CADJPY","ETHUSD","EURAUD","EURCAD","EURGBP","EURJPY"]
[2026-05-25T21:52:10.887Z] INFO BAR_PUSH object_type=ea object_id=10869460 source_id=Ctrader bar_count=10 symbols=["ADAUSD","AUDCAD","AUDCHF","AUDNZD","BTCUSD","CADJPY","ETHUSD","EURAUD","EURCAD"]
[2026-05-25T21:52:42.895Z] INFO BAR_PUSH object_type=ea object_id=10869460 source_id=Ctrader bar_count=10 symbols=["AUDJPY","AUDUSD","EURGBP","EURJPY","EURSGD","EURUSD","GBPAUD"]
[2026-05-25T21:53:16.890Z] INFO BAR_PUSH object_type=ea object_id=10869460 source_id=Ctrader bar_count=10 symbols=["ADAUSD","AUDCHF","AUDNZD","BTCUSD","ETHUSD","EURGBP","EURJPY","EURSGD","GBPAUD","GBPCAD"]
[2026-05-25T21:53:50.906Z] INFO BAR_PUSH object_type=ea object_id=10869460 source_id=Ctrader bar_count=10 symbols=["AUDCAD","AUDJPY","CADJPY","EURAUD","EURCAD","EURUSD","GBPCAD","GBPJPY"]
[2026-05-25T21:54:22.887Z] INFO BAR_PUSH object_type=ea object_id=10869460 source_id=Ctrader bar_count=10 symbols=["ADAUSD","AUDCAD","AUDCHF","AUDJPY","AUDNZD","AUDUSD","BTCUSD","CADJPY","ETHUSD","EURAUD"]
[2026-05-25T21:54:54.878Z] INFO BAR_PUSH object_type=ea object_id=10869460 source_id=Ctrader bar_count=10 symbols=["EURCAD","EURGBP","EURJPY","EURSGD","EURUSD","GBPAUD","GBPCAD","GBPJPY","GBPNZD"]
[2026-05-25T21:55:28.887Z] INFO BAR_PUSH object_type=ea object_id=10869460 source_id=Ctrader bar_count=10 symbols=["AUDCAD","AUDCHF","AUDJPY","AUDNZD","AUDUSD"]
[2026-05-25T21:56:00.883Z] INFO BAR_PUSH object_type=ea object_id=10869460 source_id=Ctrader bar_count=10 symbols=["ADAUSD","AUDCAD","AUDCHF","AUDJPY","AUDNZD","AUDUSD","BTCUSD","CADJPY"]
[2026-05-25T21:56:32.902Z] INFO BAR_PUSH object_type=ea object_id=10869460 source_id=Ctrader bar_count=10 symbols=["ADAUSD","CADJPY","ETHUSD","EURAUD","EURCAD","EURGBP"]
[2026-05-25T21:57:04.884Z] INFO BAR_PUSH object_type=ea object_id=10869460 source_id=Ctrader bar_count=10 symbols=["AUDCAD","AUDCHF","AUDJPY","AUDNZD","AUDUSD","BTCUSD","ETHUSD","EURAUD","EURGBP","EURJPY"]
[2026-05-25T21:57:36.900Z] INFO BAR_PUSH object_type=ea object_id=10869460 source_id=Ctrader bar_count=10 symbols=["CADJPY","EURCAD","EURGBP","EURJPY","EURSGD","EURUSD","GBPAUD"]
[2026-05-25T21:58:08.883Z] INFO BAR_PUSH object_type=ea object_id=10869460 source_id=Ctrader bar_count=10 symbols=["ADAUSD","AUDCAD","AUDCHF","AUDJPY","AUDNZD","BTCUSD","CADJPY","ETHUSD","EURAUD","EURCAD"]
[2026-05-25T21:58:40.890Z] INFO BAR_PUSH object_type=ea object_id=10869460 source_id=Ctrader bar_count=10 symbols=["AUDUSD","EURGBP","EURJPY","EURSGD","EURUSD","GBPAUD","GBPCAD","GBPJPY"]
[2026-05-25T21:59:12.883Z] INFO BAR_PUSH object_type=ea object_id=10869460 source_id=Ctrader bar_count=10 symbols=["AUDCAD","AUDCHF","AUDJPY","AUDNZD","AUDUSD","BTCUSD","CADJPY","ETHUSD","EURAUD","EURCAD"]
[2026-05-25T21:59:46.892Z] INFO BAR_PUSH object_type=ea object_id=10869460 source_id=Ctrader bar_count=10 symbols=["ADAUSD","EURGBP","EURJPY","EURSGD","EURUSD","GBPAUD","GBPCAD","GBPJPY","GBPNZD"]
[2026-05-25T22:00:19.008Z] INFO BAR_PUSH object_type=ea object_id=10869460 source_id=Ctrader bar_count=10 symbols=["ADAUSD","AUDCAD","AUDCHF"]
[2026-05-25T22:00:50.880Z] INFO BAR_PUSH object_type=ea object_id=10869460 source_id=Ctrader bar_count=10 symbols=["AUDCHF","AUDJPY","AUDNZD"]
[2026-05-25T22:01:22.940Z] INFO BAR_PUSH object_type=ea object_id=10869460 source_id=Ctrader bar_count=10 symbols=["ADAUSD","AUDCAD","AUDCHF","AUDJPY","AUDNZD","AUDUSD","BTCUSD"]
[2026-05-25T22:01:54.871Z] INFO BAR_PUSH object_type=ea object_id=10869460 source_id=Ctrader bar_count=10 symbols=["BTCUSD","CADJPY","ETHUSD"]
[2026-05-25T22:02:28.897Z] INFO BAR_PUSH object_type=ea object_id=10869460 source_id=Ctrader bar_count=10 symbols=["ADAUSD","AUDCAD","AUDCHF","AUDJPY","AUDNZD","AUDUSD","BTCUSD","CADJPY","DE40"]
[2026-05-25T22:03:00.883Z] INFO BAR_PUSH object_type=ea object_id=10869460 source_id=Ctrader bar_count=10 symbols=["ADAUSD","AUDJPY","AUDNZD","AUDUSD","BTCUSD","CADJPY","DE40"]
[2026-05-25T22:03:34.893Z] INFO BAR_PUSH object_type=ea object_id=10869460 source_id=Ctrader bar_count=10 symbols=["AUDCAD","AUDCHF","DE40","ETHUSD","EURAUD","EURCAD"]
[2026-05-25T22:04:08.872Z] INFO BAR_PUSH object_type=ea object_id=10869460 source_id=Ctrader bar_count=10 symbols=["ADAUSD","AUDCAD","AUDCHF","AUDJPY","AUDNZD","AUDUSD","BTCUSD","CADJPY","DE40","ETHUSD"]
[2026-05-25T22:04:40.875Z] INFO BAR_PUSH object_type=ea object_id=10869460 source_id=Ctrader bar_count=10 symbols=["EURAUD","EURCAD","EURGBP","EURJPY"]
[2026-05-25T22:05:12.870Z] INFO BAR_PUSH object_type=ea object_id=10869460 source_id=Ctrader bar_count=10 symbols=["ADAUSD","AUDCAD","AUDCHF","AUDJPY","AUDNZD"]
[2026-05-25T22:05:44.887Z] INFO BAR_PUSH object_type=ea object_id=10869460 source_id=Ctrader bar_count=10 symbols=["AUDUSD","BTCUSD","CADJPY","DE40","ETHUSD"]
[2026-05-25T22:06:18.880Z] INFO BAR_PUSH object_type=ea object_id=10869460 source_id=Ctrader bar_count=10 symbols=["ADAUSD","AUDCAD","AUDCHF","AUDJPY","AUDNZD","AUDUSD","BTCUSD","CADJPY","DE40","ETHUSD"]
[2026-05-25T22:06:50.907Z] INFO BAR_PUSH object_type=ea object_id=10869460 source_id=Ctrader bar_count=10 symbols=["EURAUD","EURCAD","EURGBP","EURJPY"]
[2026-05-25T22:07:24.900Z] INFO BAR_PUSH object_type=ea object_id=10869460 source_id=Ctrader bar_count=10 symbols=["ADAUSD","AUDCAD","AUDCHF","AUDJPY","AUDNZD","AUDUSD","BTCUSD","CADJPY","DE40","ETHUSD"]
[2026-05-25T22:07:56.883Z] INFO BAR_PUSH object_type=ea object_id=10869460 source_id=Ctrader bar_count=10 symbols=["EURAUD","EURCAD","EURGBP","EURJPY","EURSGD","EURUSD"]
[2026-05-25T22:08:30.927Z] INFO BAR_PUSH object_type=ea object_id=10869460 source_id=Ctrader bar_count=10 symbols=["ADAUSD","AUDCAD","AUDCHF","AUDJPY","AUDNZD","AUDUSD","BTCUSD","CADJPY","DE40","ETHUSD"]
[2026-05-25T22:09:02.902Z] INFO BAR_PUSH object_type=ea object_id=10869460 source_id=Ctrader bar_count=10 symbols=["AUDCAD","AUDCHF","AUDNZD","BTCUSD","CADJPY","DE40","ETHUSD","EURAUD","EURCAD","EURGBP"]
[2026-05-25T22:09:34.914Z] INFO BAR_PUSH object_type=ea object_id=10869460 source_id=Ctrader bar_count=10 symbols=["ADAUSD","AUDJPY","AUDUSD","EURJPY","EURSGD","EURUSD","GBPAUD"]
[2026-05-25T22:10:06.894Z] INFO BAR_PUSH object_type=ea object_id=10869460 source_id=Ctrader bar_count=10 symbols=["ADAUSD","AUDCAD","AUDJPY","AUDNZD","AUDUSD"]
[2026-05-25T22:10:38.900Z] INFO BAR_PUSH object_type=ea object_id=10869460 source_id=Ctrader bar_count=10 symbols=["AUDCHF","BTCUSD","CADJPY","DE40","ETHUSD"]
[2026-05-25T22:11:12.898Z] INFO BAR_PUSH object_type=ea object_id=10869460 source_id=Ctrader bar_count=10 symbols=["AUDCAD","AUDCHF","AUDJPY","AUDNZD","AUDUSD","BTCUSD","CADJPY","DE40","ETHUSD","EURAUD"]
[2026-05-25T22:11:44.909Z] INFO BAR_PUSH object_type=ea object_id=10869460 source_id=Ctrader bar_count=10 symbols=["EURAUD","EURCAD","EURGBP","EURJPY","EURSGD","EURUSD"]
[2026-05-25T22:12:16.910Z] INFO BAR_PUSH object_type=ea object_id=10869460 source_id=Ctrader bar_count=10 symbols=["ADAUSD","AUDCHF","AUDJPY","AUDNZD","BTCUSD","CADJPY","ETHUSD","EURAUD","EURCAD","EURGBP"]
[2026-05-25T22:12:48.908Z] INFO BAR_PUSH object_type=ea object_id=10869460 source_id=Ctrader bar_count=10 symbols=["AUDCAD","AUDUSD","DE40","EURJPY","EURSGD","EURUSD","GBPAUD"]
[2026-05-25T22:13:20.910Z] INFO BAR_PUSH object_type=ea object_id=10869460 source_id=Ctrader bar_count=10 symbols=["ADAUSD","AUDCAD","AUDNZD","BTCUSD","CADJPY","DE40","ETHUSD","EURAUD","EURCAD","EURGBP"]
[2026-05-25T22:13:52.904Z] INFO BAR_PUSH object_type=ea object_id=10869460 source_id=Ctrader bar_count=10 symbols=["AUDCHF","AUDJPY","AUDUSD","EURJPY","EURSGD","EURUSD","GBPAUD","GBPCAD"]
[2026-05-25T22:14:24.902Z] INFO BAR_PUSH object_type=ea object_id=10869460 source_id=Ctrader bar_count=10 symbols=["ADAUSD","AUDCAD","AUDCHF","AUDJPY","AUDNZD","AUDUSD","BTCUSD","CADJPY","DE40","ETHUSD"]
[2026-05-25T22:14:58.908Z] INFO BAR_PUSH object_type=ea object_id=10869460 source_id=Ctrader bar_count=10 symbols=["EURAUD","EURCAD","EURGBP","EURJPY","EURSGD","EURUSD","GBPAUD","GBPCAD"]
[2026-05-25T22:15:30.954Z] INFO BAR_PUSH object_type=ea object_id=10869460 source_id=Ctrader bar_count=10 symbols=["AUDCAD","AUDCHF","AUDJPY","AUDNZD"]
[2026-05-25T22:16:02.902Z] INFO BAR_PUSH object_type=ea object_id=10869460 source_id=Ctrader bar_count=10 symbols=["AUDCAD","AUDCHF","AUDJPY","AUDNZD","AUDUSD","BTCUSD"]
[2026-05-25T22:16:36.903Z] INFO BAR_PUSH object_type=ea object_id=10869460 source_id=Ctrader bar_count=10 symbols=["ADAUSD","BTCUSD","CADJPY","DE40"]
[2026-05-25T22:17:08.901Z] INFO BAR_PUSH object_type=ea object_id=10869460 source_id=Ctrader bar_count=10 symbols=["ADAUSD","AUDCAD","AUDCHF","AUDJPY","AUDNZD","AUDUSD","BTCUSD","CADJPY","DE40"]
[2026-05-25T22:17:40.920Z] INFO BAR_PUSH object_type=ea object_id=10869460 source_id=Ctrader bar_count=10 symbols=["ETHUSD","EURAUD","EURCAD","EURGBP"]
[2026-05-25T22:18:12.905Z] INFO BAR_PUSH object_type=ea object_id=10869460 source_id=Ctrader bar_count=10 symbols=["ADAUSD","AUDCHF","AUDJPY","AUDUSD","BTCUSD","CADJPY","DE40","ETHUSD","EURAUD","EURCAD"]
[2026-05-25T22:18:44.913Z] INFO BAR_PUSH object_type=ea object_id=10869460 source_id=Ctrader bar_count=10 symbols=["AUDCAD","AUDNZD","EURGBP","EURJPY","EURSGD"]
[2026-05-25T22:19:16.902Z] INFO BAR_PUSH object_type=ea object_id=10869460 source_id=Ctrader bar_count=10 symbols=["ADAUSD","AUDCAD","AUDCHF","AUDJPY","AUDNZD","AUDUSD","BTCUSD","CADJPY","DE40","ETHUSD"]
[2026-05-25T22:19:50.911Z] INFO BAR_PUSH object_type=ea object_id=10869460 source_id=Ctrader bar_count=10 symbols=["EURAUD","EURCAD","EURGBP","EURJPY","EURSGD","EURUSD","GBPAUD"]
[2026-05-25T22:20:24.902Z] INFO BAR_PUSH object_type=ea object_id=10869460 source_id=Ctrader bar_count=10 symbols=["ADAUSD","AUDCAD","AUDCHF","AUDJPY","AUDNZD"]
[2026-05-25T22:20:56.888Z] INFO BAR_PUSH object_type=ea object_id=10869460 source_id=Ctrader bar_count=10 symbols=["AUDUSD","BTCUSD","CADJPY","DE40","ETHUSD"]
[2026-05-25T22:21:28.918Z] INFO BAR_PUSH object_type=ea object_id=10869460 source_id=Ctrader bar_count=10 symbols=["AUDCAD","AUDCHF","AUDJPY","AUDNZD","AUDUSD","BTCUSD","CADJPY","DE40","ETHUSD","EURAUD"]
[2026-05-25T22:22:02.902Z] INFO BAR_PUSH object_type=ea object_id=10869460 source_id=Ctrader bar_count=10 symbols=["ADAUSD","AUDCAD","AUDJPY","AUDNZD","AUDUSD","BTCUSD","DE40","ETHUSD","EURAUD"]
[2026-05-25T22:22:34.913Z] INFO BAR_PUSH object_type=ea object_id=10869460 source_id=Ctrader bar_count=10 symbols=["ADAUSD","AUDCHF","CADJPY","EURCAD","EURGBP","EURJPY","EURSGD"]
[2026-05-25T22:23:06.905Z] INFO BAR_PUSH object_type=ea object_id=10869460 source_id=Ctrader bar_count=10 symbols=["AUDCAD","AUDNZD","BTCUSD","CADJPY","DE40","ETHUSD","EURAUD","EURCAD","EURSGD"]
[2026-05-25T22:23:40.904Z] INFO BAR_PUSH object_type=ea object_id=10869460 source_id=Ctrader bar_count=10 symbols=["ADAUSD","AUDCHF","AUDJPY","AUDUSD","EURGBP","EURJPY","EURUSD","GBPAUD"]
[2026-05-25T22:24:14.905Z] INFO BAR_PUSH object_type=ea object_id=10869460 source_id=Ctrader bar_count=10 symbols=["AUDCAD","AUDCHF","AUDJPY","AUDNZD","AUDUSD","BTCUSD","CADJPY","DE40","ETHUSD","EURAUD"]
[2026-05-25T22:24:46.916Z] INFO BAR_PUSH object_type=ea object_id=10869460 source_id=Ctrader bar_count=10 symbols=["EURCAD","EURGBP","EURJPY","EURSGD","EURUSD","GBPAUD","GBPCAD"]
[2026-05-25T22:25:20.894Z] INFO BAR_PUSH object_type=ea object_id=10869460 source_id=Ctrader bar_count=10 symbols=["ADAUSD","AUDCAD","AUDCHF","AUDJPY","AUDNZD"]
[2026-05-25T22:25:52.905Z] INFO BAR_PUSH object_type=ea object_id=10869460 source_id=Ctrader bar_count=10 symbols=["AUDUSD","BTCUSD","CADJPY","DE40","ETHUSD"]
[2026-05-25T22:26:24.954Z] INFO BAR_PUSH object_type=ea object_id=10869460 source_id=Ctrader bar_count=10 symbols=["ADAUSD","AUDCAD","AUDCHF","AUDJPY","AUDNZD","AUDUSD","BTCUSD","CADJPY","DE40","ETHUSD"]
[2026-05-25T22:26:56.889Z] INFO BAR_PUSH object_type=ea object_id=10869460 source_id=Ctrader bar_count=10 symbols=["EURAUD","EURCAD","EURGBP","EURJPY","EURSGD"]
[2026-05-25T22:27:28.915Z] INFO BAR_PUSH object_type=ea object_id=10869460 source_id=Ctrader bar_count=10 symbols=["ADAUSD","AUDCAD","AUDCHF","AUDJPY","AUDNZD","AUDUSD","BTCUSD","CADJPY","DE40","ETHUSD"]
[2026-05-25T22:28:00.901Z] INFO BAR_PUSH object_type=ea object_id=10869460 source_id=Ctrader bar_count=10 symbols=["AUDCAD","AUDJPY","AUDNZD","AUDUSD","BTCUSD","CADJPY","DE40","ETHUSD","EURAUD","EURCAD"]
[2026-05-25T22:28:32.909Z] INFO BAR_PUSH object_type=ea object_id=10869460 source_id=Ctrader bar_count=10 symbols=["ADAUSD","AUDCHF","EURGBP","EURJPY","EURSGD","EURUSD","GBPAUD","GBPCAD"]
[2026-05-25T22:29:04.896Z] INFO BAR_PUSH object_type=ea object_id=10869460 source_id=Ctrader bar_count=10 symbols=["AUDCAD","AUDJPY","AUDNZD","AUDUSD","BTCUSD","CADJPY","DE40","ETHUSD","EURAUD","EURJPY"]
[2026-05-25T22:29:36.929Z] INFO BAR_PUSH object_type=ea object_id=10869460 source_id=Ctrader bar_count=10 symbols=["ADAUSD","AUDCHF","EURCAD","EURGBP","EURSGD","EURUSD","GBPAUD","GBPCAD","GBPJPY"]
[2026-05-25T22:30:08.890Z] INFO BAR_PUSH object_type=ea object_id=10869460 source_id=Ctrader bar_count=10 symbols=["ADAUSD","AUDCAD","AUDCHF","AUDJPY"]
[2026-05-25T22:30:40.906Z] INFO BAR_PUSH object_type=ea object_id=10869460 source_id=Ctrader bar_count=10 symbols=["AUDJPY","AUDNZD","AUDUSD","BTCUSD"]
[2026-05-25T22:31:12.898Z] INFO BAR_PUSH object_type=ea object_id=10869460 source_id=Ctrader bar_count=10 symbols=["ADAUSD","AUDCAD","AUDCHF","AUDJPY","AUDNZD","AUDUSD","BTCUSD","CADJPY"]
[2026-05-25T22:31:44.909Z] INFO BAR_PUSH object_type=ea object_id=10869460 source_id=Ctrader bar_count=10 symbols=["CADJPY","DE40","ETHUSD","EURAUD"]
[2026-05-25T22:32:18.911Z] INFO BAR_PUSH object_type=ea object_id=10869460 source_id=Ctrader bar_count=10 symbols=["ADAUSD","AUDCAD","AUDCHF","AUDJPY","AUDNZD","AUDUSD","BTCUSD","CADJPY","DE40","ETHUSD"]
[2026-05-25T22:32:50.909Z] INFO BAR_PUSH object_type=ea object_id=10869460 source_id=Ctrader bar_count=10 symbols=["EURAUD","EURCAD","EURGBP","EURJPY"]
[2026-05-25T22:33:24.913Z] INFO BAR_PUSH object_type=ea object_id=10869460 source_id=Ctrader bar_count=10 symbols=["ADAUSD","AUDCAD","AUDCHF","AUDJPY","AUDNZD","AUDUSD","BTCUSD","CADJPY","DE40","ETHUSD"]
[2026-05-25T22:33:56.892Z] INFO BAR_PUSH object_type=ea object_id=10869460 source_id=Ctrader bar_count=10 symbols=["EURAUD","EURCAD","EURGBP","EURJPY","EURSGD","EURUSD"]
[2026-05-25T22:34:28.925Z] INFO BAR_PUSH object_type=ea object_id=10869460 source_id=Ctrader bar_count=10 symbols=["ADAUSD","AUDCAD","AUDCHF","AUDJPY","AUDNZD","AUDUSD","BTCUSD","CADJPY","DE40","ETHUSD"]
[2026-05-25T22:35:00.894Z] INFO BAR_PUSH object_type=ea object_id=10869460 source_id=Ctrader bar_count=10 symbols=["AUDCAD","AUDCHF","AUDJPY","AUDNZD","AUDUSD"]
[2026-05-25T22:35:32.919Z] INFO BAR_PUSH object_type=ea object_id=10869460 source_id=Ctrader bar_count=10 symbols=["ADAUSD","BTCUSD","CADJPY","DE40","ETHUSD"]
[2026-05-25T22:36:04.909Z] INFO BAR_PUSH object_type=ea object_id=10869460 source_id=Ctrader bar_count=10 symbols=["AUDCAD","AUDJPY","AUDNZD","AUDUSD","BTCUSD","CADJPY","DE40","ETHUSD","EURAUD"]
[2026-05-25T22:36:36.966Z] INFO BAR_PUSH object_type=ea object_id=10869460 source_id=Ctrader bar_count=10 symbols=["ADAUSD","AUDCHF","EURCAD","EURGBP","EURJPY","EURSGD"]
[2026-05-25T22:37:10.900Z] INFO BAR_PUSH object_type=ea object_id=10869460 source_id=Ctrader bar_count=10 symbols=["AUDCAD","AUDCHF","AUDJPY","AUDNZD","AUDUSD","BTCUSD","DE40","ETHUSD","EURAUD","EURCAD"]
[2026-05-25T22:37:42.915Z] INFO BAR_PUSH object_type=ea object_id=10869460 source_id=Ctrader bar_count=10 symbols=["ADAUSD","CADJPY","EURGBP","EURJPY","EURSGD","EURUSD","GBPAUD"]
[2026-05-25T22:38:14.899Z] INFO BAR_PUSH object_type=ea object_id=10869460 source_id=Ctrader bar_count=10 symbols=["AUDCAD","AUDCHF","AUDJPY","AUDNZD","AUDUSD","BTCUSD","CADJPY","DE40","ETHUSD","EURAUD"]
[2026-05-25T22:38:48.922Z] INFO BAR_PUSH object_type=ea object_id=10869460 source_id=Ctrader bar_count=10 symbols=["ADAUSD","EURCAD","EURGBP","EURJPY","EURSGD","EURUSD","GBPAUD","GBPCAD"]
[2026-05-25T22:39:20.904Z] INFO BAR_PUSH object_type=ea object_id=10869460 source_id=Ctrader bar_count=10 symbols=["ADAUSD","AUDCAD","AUDCHF","AUDJPY","AUDNZD","AUDUSD","BTCUSD","CADJPY","DE40","ETHUSD"]
[2026-05-25T22:39:52.912Z] INFO BAR_PUSH object_type=ea object_id=10869460 source_id=Ctrader bar_count=10 symbols=["EURAUD","EURCAD","EURGBP","EURJPY","EURSGD","EURUSD","GBPAUD","GBPCAD","GBPJPY"]
[2026-05-25T22:40:24.905Z] INFO BAR_PUSH object_type=ea object_id=10869460 source_id=Ctrader bar_count=10 symbols=["ADAUSD","AUDCAD","AUDCHF","AUDJPY","AUDNZD"]
[2026-05-25T22:40:58.898Z] INFO BAR_PUSH object_type=ea object_id=10869460 source_id=Ctrader bar_count=10 symbols=["AUDUSD","BTCUSD","CADJPY","DE40","ETHUSD"]
[2026-05-25T22:41:32.918Z] INFO BAR_PUSH object_type=ea object_id=10869460 source_id=Ctrader bar_count=10 symbols=["ADAUSD","AUDCAD","AUDCHF","AUDJPY","AUDNZD","AUDUSD","BTCUSD","CADJPY","DE40","ETHUSD"]
[2026-05-25T22:42:04.901Z] INFO BAR_PUSH object_type=ea object_id=10869460 source_id=Ctrader bar_count=10 symbols=["AUDCAD","AUDCHF","AUDJPY","AUDNZD","AUDUSD","BTCUSD","CADJPY","DE40","ETHUSD","EURAUD"]
[2026-05-25T22:42:36.902Z] INFO BAR_PUSH object_type=ea object_id=10869460 source_id=Ctrader bar_count=10 symbols=["ADAUSD","EURAUD","EURCAD","EURGBP","EURJPY","EURSGD"]
[2026-05-25T22:43:10.907Z] INFO BAR_PUSH object_type=ea object_id=10869460 source_id=Ctrader bar_count=10 symbols=["AUDCAD","AUDJPY","AUDNZD","AUDUSD","BTCUSD","CADJPY","DE40","ETHUSD","EURAUD","EURCAD"]
[2026-05-25T22:43:44.916Z] INFO BAR_PUSH object_type=ea object_id=10869460 source_id=Ctrader bar_count=10 symbols=["AUDCHF","EURGBP","EURJPY","EURSGD","EURUSD","GBPAUD","GBPCAD"]
[2026-05-25T22:44:18.907Z] INFO BAR_PUSH object_type=ea object_id=10869460 source_id=Ctrader bar_count=10 symbols=["ADAUSD","AUDCAD","AUDCHF","AUDJPY","AUDNZD","AUDUSD","BTCUSD","CADJPY","DE40","ETHUSD"]
[2026-05-25T22:44:50.913Z] INFO BAR_PUSH object_type=ea object_id=10869460 source_id=Ctrader bar_count=10 symbols=["EURAUD","EURCAD","EURGBP","EURJPY","EURSGD","EURUSD","GBPAUD","GBPCAD","GBPJPY"]
[2026-05-25T22:45:22.880Z] INFO BAR_PUSH object_type=ea object_id=10869460 source_id=Ctrader bar_count=10 symbols=["AUDCAD","AUDCHF","AUDJPY","AUDNZD"]
[2026-05-25T22:45:54.861Z] INFO BAR_PUSH object_type=ea object_id=10869460 source_id=Ctrader bar_count=10 symbols=["ADAUSD","AUDNZD","AUDUSD","BTCUSD"]
[2026-05-25T22:46:26.886Z] INFO BAR_PUSH object_type=ea object_id=10869460 source_id=Ctrader bar_count=10 symbols=["ADAUSD","AUDCAD","AUDCHF","AUDJPY","AUDNZD","AUDUSD","BTCUSD","CADJPY"]
[2026-05-25T22:47:00.883Z] INFO BAR_PUSH object_type=ea object_id=10869460 source_id=Ctrader bar_count=10 symbols=["AUDJPY","BTCUSD","CADJPY","DE40","ETHUSD"]
[2026-05-25T22:47:34.901Z] INFO BAR_PUSH object_type=ea object_id=10869460 source_id=Ctrader bar_count=10 symbols=["ADAUSD","AUDCAD","AUDCHF","AUDNZD","AUDUSD","EURAUD","EURCAD"]
[2026-05-25T22:48:06.888Z] INFO BAR_PUSH object_type=ea object_id=10869460 source_id=Ctrader bar_count=10 symbols=["AUDCAD","AUDCHF","AUDJPY","AUDNZD","AUDUSD","BTCUSD","CADJPY","DE40","ETHUSD","EURAUD"]
[2026-05-25T22:48:40.904Z] INFO BAR_PUSH object_type=ea object_id=10869460 source_id=Ctrader bar_count=10 symbols=["ADAUSD","EURCAD","EURGBP","EURJPY","EURSGD"]
[2026-05-25T22:49:12.888Z] INFO BAR_PUSH object_type=ea object_id=10869460 source_id=Ctrader bar_count=10 symbols=["AUDCAD","AUDCHF","AUDJPY","AUDNZD","AUDUSD","BTCUSD","CADJPY","DE40","ETHUSD","EURAUD"]
[2026-05-25T22:49:44.886Z] INFO BAR_PUSH object_type=ea object_id=10869460 source_id=Ctrader bar_count=10 symbols=["ADAUSD","EURCAD","EURGBP","EURJPY","EURSGD","EURUSD"]
[2026-05-25T22:50:16.878Z] INFO BAR_PUSH object_type=ea object_id=10869460 source_id=Ctrader bar_count=10 symbols=["AUDCAD","AUDCHF","AUDJPY","AUDNZD","AUDUSD"]
[2026-05-25T22:50:48.948Z] INFO BAR_PUSH object_type=ea object_id=10869460 source_id=Ctrader bar_count=10 symbols=["ADAUSD","BTCUSD","CADJPY","DE40","ETHUSD"]
[2026-05-25T22:51:22.896Z] INFO BAR_PUSH object_type=ea object_id=10869460 source_id=Ctrader bar_count=10 symbols=["ADAUSD","AUDCAD","AUDCHF","AUDJPY","AUDNZD","AUDUSD","BTCUSD","CADJPY","DE40","ETHUSD"]
[2026-05-25T22:51:54.865Z] INFO BAR_PUSH object_type=ea object_id=10869460 source_id=Ctrader bar_count=10 symbols=["EURAUD","EURCAD","EURGBP","EURJPY","EURSGD"]
[2026-05-25T22:52:28.891Z] INFO BAR_PUSH object_type=ea object_id=10869460 source_id=Ctrader bar_count=10 symbols=["ADAUSD","AUDJPY","AUDNZD","BTCUSD","CADJPY","DE40","ETHUSD","EURAUD","EURCAD","EURGBP"]
[2026-05-25T22:53:00.894Z] INFO BAR_PUSH object_type=ea object_id=10869460 source_id=Ctrader bar_count=10 symbols=["AUDCAD","AUDCHF","AUDJPY","AUDNZD","AUDUSD","BTCUSD","CADJPY","EURJPY","EURSGD","EURUSD"]
[2026-05-25T22:53:32.906Z] INFO BAR_PUSH object_type=ea object_id=10869460 source_id=Ctrader bar_count=10 symbols=["AUDCAD","AUDCHF","AUDUSD","DE40","ETHUSD","EURAUD","EURCAD","EURGBP","EURJPY","EURUSD"]
[2026-05-25T22:54:04.891Z] INFO BAR_PUSH object_type=ea object_id=10869460 source_id=Ctrader bar_count=10 symbols=["ADAUSD","AUDNZD","BTCUSD","CADJPY","DE40","ETHUSD","EURCAD","EURGBP","EURSGD","EURUSD"]
[2026-05-25T22:54:36.895Z] INFO BAR_PUSH object_type=ea object_id=10869460 source_id=Ctrader bar_count=10 symbols=["AUDCAD","AUDCHF","AUDJPY","AUDUSD","EURAUD","EURJPY","EURUSD","GBPAUD"]
[2026-05-25T22:55:08.883Z] INFO BAR_PUSH object_type=ea object_id=10869460 source_id=Ctrader bar_count=10 symbols=["AUDCAD","AUDCHF","AUDJPY","AUDNZD","AUDUSD"]
[2026-05-25T22:55:40.900Z] INFO BAR_PUSH object_type=ea object_id=10869460 source_id=Ctrader bar_count=10 symbols=["BTCUSD","CADJPY","DE40","ETHUSD","EURAUD"]
[2026-05-25T22:56:12.886Z] INFO BAR_PUSH object_type=ea object_id=10869460 source_id=Ctrader bar_count=10 symbols=["ADAUSD","AUDCAD","AUDCHF","AUDJPY","AUDNZD","AUDUSD","BTCUSD","CADJPY","DE40"]
[2026-05-25T22:56:44.895Z] INFO BAR_PUSH object_type=ea object_id=10869460 source_id=Ctrader bar_count=10 symbols=["ETHUSD","EURAUD","EURCAD","EURGBP","EURJPY","EURSGD"]
[2026-05-25T22:57:16.883Z] INFO BAR_PUSH object_type=ea object_id=10869460 source_id=Ctrader bar_count=10 symbols=["AUDCAD","AUDCHF","AUDJPY","AUDNZD","AUDUSD","BTCUSD","CADJPY","DE40","ETHUSD","EURAUD"]
[2026-05-25T22:57:48.893Z] INFO BAR_PUSH object_type=ea object_id=10869460 source_id=Ctrader bar_count=10 symbols=["ADAUSD","EURCAD","EURGBP","EURJPY","EURSGD","EURUSD","GBPAUD","GBPCAD"]
[2026-05-25T22:58:22.886Z] INFO BAR_PUSH object_type=ea object_id=10869460 source_id=Ctrader bar_count=10 symbols=["ADAUSD","AUDCAD","AUDCHF","AUDJPY","AUDNZD","AUDUSD","BTCUSD","CADJPY","DE40","ETHUSD"]
[2026-05-25T22:58:56.924Z] INFO BAR_PUSH object_type=ea object_id=10869460 source_id=Ctrader bar_count=10 symbols=["EURAUD","EURCAD","EURGBP","EURJPY","EURSGD","EURUSD","GBPAUD","GBPCAD"]
[2026-05-25T22:59:28.905Z] INFO BAR_PUSH object_type=ea object_id=10869460 source_id=Ctrader bar_count=10 symbols=["ADAUSD","AUDCAD","AUDCHF","AUDJPY","AUDNZD","AUDUSD","BTCUSD","CADJPY","DE40","ETHUSD"]
[2026-05-25T23:00:02.880Z] INFO BAR_PUSH object_type=ea object_id=10869460 source_id=Ctrader bar_count=10 symbols=["ADAUSD","AUDCAD","AUDCHF"]
[2026-05-25T23:00:34.880Z] INFO BAR_PUSH object_type=ea object_id=10869460 source_id=Ctrader bar_count=10 symbols=["AUDCHF","AUDJPY","AUDNZD"]
[2026-05-25T23:01:06.867Z] INFO BAR_PUSH object_type=ea object_id=10869460 source_id=Ctrader bar_count=10 symbols=["ADAUSD","AUDCAD","AUDCHF","AUDJPY","AUDNZD","AUDUSD","BTCUSD"]
[2026-05-25T23:01:38.878Z] INFO BAR_PUSH object_type=ea object_id=10869460 source_id=Ctrader bar_count=10 symbols=["BTCUSD","CADJPY","DE40"]
[2026-05-25T23:02:12.873Z] INFO BAR_PUSH object_type=ea object_id=10869460 source_id=Ctrader bar_count=10 symbols=["ADAUSD","AUDCAD","AUDCHF","AUDJPY","AUDNZD","AUDUSD","BTCUSD","CADJPY","DE40"]
[2026-05-25T23:02:44.882Z] INFO BAR_PUSH object_type=ea object_id=10869460 source_id=Ctrader bar_count=10 symbols=["ETHUSD","EURAUD","EURCAD"]
[2026-05-25T23:03:19.028Z] INFO BAR_PUSH object_type=ea object_id=10869460 source_id=Ctrader bar_count=10 symbols=["ADAUSD","AUDCAD","AUDCHF","AUDJPY","AUDNZD","AUDUSD","BTCUSD","CADJPY","DE40","ETHUSD"]
[2026-05-25T23:03:50.885Z] INFO BAR_PUSH object_type=ea object_id=10869460 source_id=Ctrader bar_count=10 symbols=["EURAUD","EURCAD","EURGBP","EURJPY"]
[2026-05-25T23:04:22.883Z] INFO BAR_PUSH object_type=ea object_id=10869460 source_id=Ctrader bar_count=10 symbols=["ADAUSD","AUDCAD","AUDCHF","AUDJPY","AUDNZD","AUDUSD","BTCUSD","CADJPY","DE40","ETHUSD"]
[2026-05-25T23:04:54.852Z] INFO BAR_PUSH object_type=ea object_id=10869460 source_id=Ctrader bar_count=10 symbols=["EURAUD","EURCAD","EURGBP","EURJPY","EURSGD"]
[2026-05-25T23:05:26.876Z] INFO BAR_PUSH object_type=ea object_id=10869460 source_id=Ctrader bar_count=10 symbols=["AUDCAD","AUDCHF","AUDJPY","AUDNZD","AUDUSD"]
[2026-05-25T23:05:58.884Z] INFO BAR_PUSH object_type=ea object_id=10869460 source_id=Ctrader bar_count=10 symbols=["ADAUSD","BTCUSD","CADJPY","DE40","ETHUSD"]
[2026-05-25T23:06:32.898Z] INFO BAR_PUSH object_type=ea object_id=10869460 source_id=Ctrader bar_count=10 symbols=["ADAUSD","AUDCAD","AUDCHF","AUDJPY","AUDNZD","AUDUSD","BTCUSD","CADJPY","DE40","ETHUSD"]
[2026-05-25T23:07:06.936Z] INFO BAR_PUSH object_type=ea object_id=10869460 source_id=Ctrader bar_count=10 symbols=["AUDCAD","AUDCHF","AUDJPY","AUDNZD","AUDUSD","BTCUSD","CADJPY","DE40","ETHUSD","EURAUD"]
[2026-05-25T23:07:40.899Z] INFO BAR_PUSH object_type=ea object_id=10869460 source_id=Ctrader bar_count=10 symbols=["ADAUSD","EURAUD","EURCAD","EURGBP","EURJPY","EURSGD"]
[2026-05-25T23:08:12.876Z] INFO BAR_PUSH object_type=ea object_id=10869460 source_id=Ctrader bar_count=10 symbols=["ADAUSD","AUDCAD","AUDCHF","AUDJPY","AUDNZD","AUDUSD","BTCUSD","CADJPY","DE40","ETHUSD"]
[2026-05-25T23:08:44.895Z] INFO BAR_PUSH object_type=ea object_id=10869460 source_id=Ctrader bar_count=10 symbols=["EURAUD","EURCAD","EURGBP","EURJPY","EURSGD","EURUSD","GBPAUD"]
[2026-05-25T23:09:16.879Z] INFO BAR_PUSH object_type=ea object_id=10869460 source_id=Ctrader bar_count=10 symbols=["ADAUSD","AUDCAD","AUDCHF","AUDJPY","AUDNZD","AUDUSD","BTCUSD","CADJPY","DE40","ETHUSD"]
[2026-05-25T23:09:48.874Z] INFO BAR_PUSH object_type=ea object_id=10869460 source_id=Ctrader bar_count=10 symbols=["EURAUD","EURCAD","EURGBP","EURJPY","EURSGD","EURUSD","GBPAUD"]
[2026-05-25T23:10:20.880Z] INFO BAR_PUSH object_type=ea object_id=10869460 source_id=Ctrader bar_count=10 symbols=["ADAUSD","AUDCAD","AUDCHF","AUDJPY","AUDNZD"]
[2026-05-25T23:10:52.889Z] INFO BAR_PUSH object_type=ea object_id=10869460 source_id=Ctrader bar_count=10 symbols=["AUDUSD","BTCUSD","CADJPY","DE40","ETHUSD"]
[2026-05-25T23:11:26.866Z] INFO BAR_PUSH object_type=ea object_id=10869460 source_id=Ctrader bar_count=10 symbols=["AUDCAD","AUDCHF","AUDJPY","AUDNZD","AUDUSD","BTCUSD","CADJPY","DE40","ETHUSD","EURAUD"]
[2026-05-25T23:12:00.885Z] INFO BAR_PUSH object_type=ea object_id=10869460 source_id=Ctrader bar_count=10 symbols=["AUDCAD","AUDJPY","AUDNZD","AUDUSD","BTCUSD","CADJPY","DE40","ETHUSD","EURAUD"]
[2026-05-25T23:12:32.896Z] INFO BAR_PUSH object_type=ea object_id=10869460 source_id=Ctrader bar_count=10 symbols=["ADAUSD","AUDCHF","EURCAD","EURGBP","EURJPY","EURSGD"]
[2026-05-25T23:13:06.881Z] INFO BAR_PUSH object_type=ea object_id=10869460 source_id=Ctrader bar_count=10 symbols=["AUDCAD","AUDCHF","AUDJPY","AUDNZD","AUDUSD","BTCUSD","CADJPY","DE40","ETHUSD","EURAUD"]
[2026-05-25T23:13:38.889Z] INFO BAR_PUSH object_type=ea object_id=10869460 source_id=Ctrader bar_count=10 symbols=["EURCAD","EURGBP","EURJPY","EURSGD","EURUSD","GBPAUD","GBPCAD"]
[2026-05-25T23:14:12.870Z] INFO BAR_PUSH object_type=ea object_id=10869460 source_id=Ctrader bar_count=10 symbols=["AUDCAD","AUDCHF","AUDJPY","AUDNZD","AUDUSD","BTCUSD","CADJPY","DE40","ETHUSD","EURAUD"]
[2026-05-25T23:14:44.890Z] INFO BAR_PUSH object_type=ea object_id=10869460 source_id=Ctrader bar_count=10 symbols=["ADAUSD","EURCAD","EURGBP","EURJPY","EURSGD","EURUSD","GBPAUD","GBPCAD"]
[2026-05-25T23:15:18.865Z] INFO BAR_PUSH object_type=ea object_id=10869460 source_id=Ctrader bar_count=10 symbols=["ADAUSD","AUDCAD","AUDCHF","AUDJPY"]
[2026-05-25T23:15:50.880Z] INFO BAR_PUSH object_type=ea object_id=10869460 source_id=Ctrader bar_count=10 symbols=["AUDJPY","AUDNZD","AUDUSD","BTCUSD"]
[2026-05-25T23:16:22.873Z] INFO BAR_PUSH object_type=ea object_id=10869460 source_id=Ctrader bar_count=10 symbols=["AUDCAD","AUDCHF","AUDJPY","AUDNZD","AUDUSD","BTCUSD","CADJPY"]
[2026-05-25T23:16:54.849Z] INFO BAR_PUSH object_type=ea object_id=10869460 source_id=Ctrader bar_count=10 symbols=["ADAUSD","DE40","ETHUSD","EURAUD"]
[2026-05-25T23:17:26.875Z] INFO BAR_PUSH object_type=ea object_id=10869460 source_id=Ctrader bar_count=10 symbols=["AUDCAD","AUDCHF","AUDJPY","AUDNZD","AUDUSD","BTCUSD","CADJPY","DE40","ETHUSD","EURAUD"]
[2026-05-25T23:17:58.868Z] INFO BAR_PUSH object_type=ea object_id=10869460 source_id=Ctrader bar_count=10 symbols=["EURCAD","EURGBP","EURJPY","EURSGD"]
[2026-05-25T23:18:30.890Z] INFO BAR_PUSH object_type=ea object_id=10869460 source_id=Ctrader bar_count=10 symbols=["AUDCAD","AUDCHF","AUDJPY","AUDNZD","AUDUSD","BTCUSD","CADJPY","DE40","ETHUSD","EURAUD"]
[2026-05-25T23:19:04.867Z] INFO BAR_PUSH object_type=ea object_id=10869460 source_id=Ctrader bar_count=10 symbols=["ADAUSD","AUDCAD","AUDCHF","AUDJPY","AUDNZD","AUDUSD","BTCUSD","CADJPY","DE40","ETHUSD"]
[2026-05-25T23:19:38.889Z] INFO BAR_PUSH object_type=ea object_id=10869460 source_id=Ctrader bar_count=10 symbols=["ADAUSD","EURAUD","EURCAD","EURGBP","EURJPY","EURSGD","EURUSD"]
[2026-05-25T23:20:12.861Z] INFO BAR_PUSH object_type=ea object_id=10869460 source_id=Ctrader bar_count=10 symbols=["AUDCAD","AUDCHF","AUDJPY","AUDNZD","AUDUSD"]
[2026-05-25T23:20:44.890Z] INFO BAR_PUSH object_type=ea object_id=10869460 source_id=Ctrader bar_count=10 symbols=["ADAUSD","BTCUSD","CADJPY","DE40","ETHUSD"]
[2026-05-25T23:21:16.877Z] INFO BAR_PUSH object_type=ea object_id=10869460 source_id=Ctrader bar_count=10 symbols=["ADAUSD","AUDCAD","AUDCHF","AUDJPY","AUDNZD","AUDUSD","BTCUSD","CADJPY","DE40","ETHUSD"]
[2026-05-25T23:21:50.883Z] INFO BAR_PUSH object_type=ea object_id=10869460 source_id=Ctrader bar_count=10 symbols=["EURAUD","EURCAD","EURGBP","EURJPY","EURSGD"]
[2026-05-25T23:22:22.871Z] INFO BAR_PUSH object_type=ea object_id=10869460 source_id=Ctrader bar_count=10 symbols=["ADAUSD","AUDCAD","AUDCHF","AUDJPY","AUDNZD","AUDUSD","BTCUSD","CADJPY","DE40","ETHUSD"]
[2026-05-25T23:22:56.856Z] INFO BAR_PUSH object_type=ea object_id=10869460 source_id=Ctrader bar_count=10 symbols=["EURAUD","EURCAD","EURGBP","EURJPY","EURSGD","EURUSD","GBPAUD"]
[2026-05-25T23:23:28.896Z] INFO BAR_PUSH object_type=ea object_id=10869460 source_id=Ctrader bar_count=10 symbols=["ADAUSD","AUDCAD","AUDCHF","AUDJPY","AUDNZD","AUDUSD","BTCUSD","CADJPY","DE40","ETHUSD"]
[2026-05-25T23:24:02.883Z] INFO BAR_PUSH object_type=ea object_id=10869460 source_id=Ctrader bar_count=10 symbols=["AUDCAD","AUDCHF","AUDJPY","AUDNZD","AUDUSD","BTCUSD","CADJPY","DE40","ETHUSD","EURAUD"]
[2026-05-25T23:24:34.893Z] INFO BAR_PUSH object_type=ea object_id=10869460 source_id=Ctrader bar_count=10 symbols=["EURCAD","EURGBP","EURJPY","EURSGD","EURUSD","GBPAUD","GBPCAD"]
[2026-05-25T23:25:06.867Z] INFO BAR_PUSH object_type=ea object_id=10869460 source_id=Ctrader bar_count=10 symbols=["ADAUSD","AUDCAD","AUDCHF","AUDJPY","AUDNZD"]
[2026-05-25T23:25:38.886Z] INFO BAR_PUSH object_type=ea object_id=10869460 source_id=Ctrader bar_count=10 symbols=["AUDUSD","BTCUSD","CADJPY","DE40","ETHUSD"]
[2026-05-25T23:26:10.881Z] INFO BAR_PUSH object_type=ea object_id=10869460 source_id=Ctrader bar_count=10 symbols=["ADAUSD","AUDCAD","AUDCHF","AUDJPY","BTCUSD","CADJPY","DE40","ETHUSD","EURAUD"]
[2026-05-25T23:26:44.887Z] INFO BAR_PUSH object_type=ea object_id=10869460 source_id=Ctrader bar_count=10 symbols=["AUDNZD","AUDUSD","EURCAD","EURGBP","EURJPY","EURSGD"]
[2026-05-25T23:27:16.883Z] INFO BAR_PUSH object_type=ea object_id=10869460 source_id=Ctrader bar_count=10 symbols=["ADAUSD","AUDCAD","AUDCHF","AUDJPY","AUDNZD","AUDUSD","BTCUSD","CADJPY","DE40","ETHUSD"]
[2026-05-25T23:27:50.885Z] INFO BAR_PUSH object_type=ea object_id=10869460 source_id=Ctrader bar_count=10 symbols=["EURAUD","EURCAD","EURGBP","EURJPY","EURSGD","EURUSD","GBPAUD","GBPCAD"]
[2026-05-25T23:28:22.878Z] INFO BAR_PUSH object_type=ea object_id=10869460 source_id=Ctrader bar_count=10 symbols=["ADAUSD","AUDCAD","AUDCHF","AUDJPY","AUDNZD","AUDUSD","BTCUSD","CADJPY","DE40","ETHUSD"]
[2026-05-25T23:28:56.857Z] INFO BAR_PUSH object_type=ea object_id=10869460 source_id=Ctrader bar_count=10 symbols=["EURAUD","EURCAD","EURGBP","EURJPY","EURSGD","EURUSD","GBPAUD","GBPCAD","GBPJPY"]
[2026-05-25T23:29:28.945Z] INFO BAR_PUSH object_type=ea object_id=10869460 source_id=Ctrader bar_count=10 symbols=["AUDCAD","AUDJPY","AUDNZD","AUDUSD","BTCUSD","CADJPY","DE40","ETHUSD","EURAUD","EURCAD"]
[2026-05-25T23:30:02.872Z] INFO BAR_PUSH object_type=ea object_id=10869460 source_id=Ctrader bar_count=10 symbols=["AUDCAD","AUDCHF","AUDJPY","AUDNZD"]
[2026-05-25T23:30:34.884Z] INFO BAR_PUSH object_type=ea object_id=10869460 source_id=Ctrader bar_count=10 symbols=["ADAUSD","AUDNZD","AUDUSD","BTCUSD"]
[2026-05-25T23:31:06.873Z] INFO BAR_PUSH object_type=ea object_id=10869460 source_id=Ctrader bar_count=10 symbols=["AUDCAD","AUDCHF","AUDJPY","AUDNZD","AUDUSD","BTCUSD","CADJPY"]
[2026-05-25T23:31:38.869Z] INFO BAR_PUSH object_type=ea object_id=10869460 source_id=Ctrader bar_count=10 symbols=["DE40","ETHUSD","EURAUD","EURCAD"]
[2026-05-25T23:32:10.875Z] INFO BAR_PUSH object_type=ea object_id=10869460 source_id=Ctrader bar_count=10 symbols=["ADAUSD","AUDCAD","AUDCHF","AUDJPY","AUDNZD","AUDUSD","BTCUSD","DE40","ETHUSD","EURAUD"]
[2026-05-25T23:32:42.880Z] INFO BAR_PUSH object_type=ea object_id=10869460 source_id=Ctrader bar_count=10 symbols=["CADJPY","EURCAD","EURGBP","EURJPY"]
[2026-05-25T23:33:16.882Z] INFO BAR_PUSH object_type=ea object_id=10869460 source_id=Ctrader bar_count=10 symbols=["AUDCAD","AUDCHF","AUDJPY","AUDNZD","AUDUSD","BTCUSD","CADJPY","DE40","ETHUSD","EURAUD"]
[2026-05-25T23:33:48.877Z] INFO BAR_PUSH object_type=ea object_id=10869460 source_id=Ctrader bar_count=10 symbols=["ADAUSD","EURCAD","EURGBP","EURJPY","EURSGD","EURUSD"]
[2026-05-25T23:34:20.876Z] INFO BAR_PUSH object_type=ea object_id=10869460 source_id=Ctrader bar_count=10 symbols=["ADAUSD","AUDCAD","AUDCHF","AUDJPY","AUDNZD","AUDUSD","BTCUSD","CADJPY","DE40","ETHUSD"]
[2026-05-25T23:34:54.855Z] INFO BAR_PUSH object_type=ea object_id=10869460 source_id=Ctrader bar_count=10 symbols=["EURAUD","EURCAD","EURGBP","EURJPY","EURSGD","EURUSD","GBPAUD","GBPCAD"]
[2026-05-25T23:35:26.877Z] INFO BAR_PUSH object_type=ea object_id=10869460 source_id=Ctrader bar_count=10 symbols=["ADAUSD","AUDCAD","AUDCHF","AUDJPY","AUDNZD"]
[2026-05-25T23:35:58.873Z] INFO BAR_PUSH object_type=ea object_id=10869460 source_id=Ctrader bar_count=10 symbols=["AUDUSD","BTCUSD","CADJPY","DE40","ETHUSD"]
[2026-05-25T23:36:30.898Z] INFO BAR_PUSH object_type=ea object_id=10869460 source_id=Ctrader bar_count=10 symbols=["AUDCAD","AUDCHF","AUDJPY","AUDNZD","AUDUSD","BTCUSD","CADJPY","DE40","ETHUSD","EURAUD"]
[2026-05-25T23:37:02.879Z] INFO BAR_PUSH object_type=ea object_id=10869460 source_id=Ctrader bar_count=10 symbols=["ADAUSD","AUDCAD","AUDCHF","AUDJPY","AUDNZD","AUDUSD","BTCUSD","CADJPY","DE40","ETHUSD"]
[2026-05-25T23:37:36.941Z] INFO BAR_PUSH object_type=ea object_id=10869460 source_id=Ctrader bar_count=10 symbols=["EURAUD","EURCAD","EURGBP","EURJPY","EURSGD"]
[2026-05-25T23:38:08.875Z] INFO BAR_PUSH object_type=ea object_id=10869460 source_id=Ctrader bar_count=10 symbols=["ADAUSD","AUDCAD","AUDCHF","AUDJPY","AUDNZD","AUDUSD","BTCUSD","CADJPY","DE40","ETHUSD"]
[2026-05-25T23:38:40.891Z] INFO BAR_PUSH object_type=ea object_id=10869460 source_id=Ctrader bar_count=10 symbols=["ADAUSD","EURAUD","EURCAD","EURGBP","EURJPY","EURSGD","EURUSD","GBPAUD"]
[2026-05-25T23:39:12.868Z] INFO BAR_PUSH object_type=ea object_id=10869460 source_id=Ctrader bar_count=10 symbols=["AUDCAD","AUDCHF","AUDJPY","AUDNZD","AUDUSD","BTCUSD","CADJPY","DE40","ETHUSD","EURAUD"]
[2026-05-25T23:39:44.881Z] INFO BAR_PUSH object_type=ea object_id=10869460 source_id=Ctrader bar_count=10 symbols=["ADAUSD","EURCAD","EURGBP","EURJPY","EURSGD","EURUSD","GBPAUD","GBPCAD"]
[2026-05-25T23:40:16.865Z] INFO BAR_PUSH object_type=ea object_id=10869460 source_id=Ctrader bar_count=10 symbols=["AUDCAD","AUDCHF","AUDJPY","AUDNZD","AUDUSD"]
[2026-05-25T23:40:48.883Z] INFO BAR_PUSH object_type=ea object_id=10869460 source_id=Ctrader bar_count=10 symbols=["ADAUSD","BTCUSD","CADJPY","DE40","ETHUSD"]
[2026-05-25T23:41:20.878Z] INFO BAR_PUSH object_type=ea object_id=10869460 source_id=Ctrader bar_count=10 symbols=["AUDCAD","AUDCHF","AUDJPY","AUDNZD","AUDUSD","BTCUSD","CADJPY","DE40","ETHUSD","EURAUD"]
[2026-05-25T23:41:52.884Z] INFO BAR_PUSH object_type=ea object_id=10869460 source_id=Ctrader bar_count=10 symbols=["ADAUSD","EURAUD","EURCAD","EURGBP","EURJPY","EURSGD"]
[2026-05-25T23:42:26.885Z] INFO BAR_PUSH object_type=ea object_id=10869460 source_id=Ctrader bar_count=10 symbols=["ADAUSD","AUDCAD","AUDCHF","AUDJPY","AUDNZD","AUDUSD","BTCUSD","CADJPY","DE40","ETHUSD"]
[2026-05-25T23:42:58.871Z] INFO BAR_PUSH object_type=ea object_id=10869460 source_id=Ctrader bar_count=10 symbols=["EURAUD","EURCAD","EURGBP","EURJPY","EURSGD","EURUSD","GBPAUD","GBPCAD"]
[2026-05-25T23:43:30.889Z] INFO BAR_PUSH object_type=ea object_id=10869460 source_id=Ctrader bar_count=10 symbols=["ADAUSD","AUDCAD","AUDCHF","AUDJPY","AUDNZD","AUDUSD","BTCUSD","CADJPY","DE40","ETHUSD"]
[2026-05-25T23:44:02.871Z] INFO BAR_PUSH object_type=ea object_id=10869460 source_id=Ctrader bar_count=10 symbols=["AUDCAD","AUDCHF","AUDJPY","AUDNZD","AUDUSD","BTCUSD","CADJPY","DE40","EURAUD","EURCAD"]
[2026-05-25T23:44:34.889Z] INFO BAR_PUSH object_type=ea object_id=10869460 source_id=Ctrader bar_count=10 symbols=["ADAUSD","ETHUSD","EURGBP","EURJPY","EURSGD","EURUSD","GBPAUD","GBPCAD","GBPJPY"]
[2026-05-25T23:45:08.868Z] INFO BAR_PUSH object_type=ea object_id=10869460 source_id=Ctrader bar_count=10 symbols=["ADAUSD","AUDCAD","AUDCHF","AUDJPY"]
[2026-05-25T23:45:40.875Z] INFO BAR_PUSH object_type=ea object_id=10869460 source_id=Ctrader bar_count=10 symbols=["AUDJPY","AUDNZD","AUDUSD","BTCUSD"]
[2026-05-25T23:46:12.873Z] INFO BAR_PUSH object_type=ea object_id=10869460 source_id=Ctrader bar_count=10 symbols=["AUDCAD","AUDCHF","AUDJPY","AUDNZD","AUDUSD","BTCUSD","CADJPY"]
[2026-05-25T23:46:44.883Z] INFO BAR_PUSH object_type=ea object_id=10869460 source_id=Ctrader bar_count=10 symbols=["DE40","ETHUSD","EURAUD","EURCAD"]
[2026-05-25T23:47:18.882Z] INFO BAR_PUSH object_type=ea object_id=10869460 source_id=Ctrader bar_count=10 symbols=["AUDCAD","AUDCHF","AUDJPY","AUDNZD","AUDUSD","BTCUSD","CADJPY","DE40","ETHUSD","EURAUD"]
[2026-05-25T23:47:50.882Z] INFO BAR_PUSH object_type=ea object_id=10869460 source_id=Ctrader bar_count=10 symbols=["ADAUSD","EURCAD","EURGBP","EURJPY"]
[2026-05-25T23:48:24.879Z] INFO BAR_PUSH object_type=ea object_id=10869460 source_id=Ctrader bar_count=10 symbols=["ADAUSD","AUDCAD","AUDCHF","AUDJPY","AUDNZD","AUDUSD","BTCUSD","CADJPY","DE40","ETHUSD"]
[2026-05-25T23:48:56.858Z] INFO BAR_PUSH object_type=ea object_id=10869460 source_id=Ctrader bar_count=10 symbols=["EURAUD","EURCAD","EURGBP","EURJPY","EURSGD","EURUSD"]
[2026-05-25T23:49:28.899Z] INFO BAR_PUSH object_type=ea object_id=10869460 source_id=Ctrader bar_count=10 symbols=["ADAUSD","AUDCAD","AUDCHF","AUDJPY","AUDNZD","AUDUSD","BTCUSD","CADJPY","DE40","ETHUSD"]
[2026-05-25T23:50:00.874Z] INFO BAR_PUSH object_type=ea object_id=10869460 source_id=Ctrader bar_count=10 symbols=["AUDCAD","AUDJPY","BTCUSD","CADJPY","DE40"]
[2026-05-25T23:50:32.888Z] INFO BAR_PUSH object_type=ea object_id=10869460 source_id=Ctrader bar_count=10 symbols=["ADAUSD","AUDCHF","AUDNZD","AUDUSD","ETHUSD"]
[2026-05-25T23:51:04.878Z] INFO BAR_PUSH object_type=ea object_id=10869460 source_id=Ctrader bar_count=10 symbols=["AUDCAD","AUDCHF","AUDJPY","AUDNZD","AUDUSD","BTCUSD","CADJPY","DE40","ETHUSD","EURAUD"]
[2026-05-25T23:51:36.881Z] INFO BAR_PUSH object_type=ea object_id=10869460 source_id=Ctrader bar_count=10 symbols=["ADAUSD","EURAUD","EURCAD","EURGBP","EURJPY","EURSGD"]
[2026-05-25T23:52:08.867Z] INFO BAR_PUSH object_type=ea object_id=10869460 source_id=Ctrader bar_count=10 symbols=["AUDCAD","AUDCHF","AUDJPY","AUDNZD","AUDUSD","BTCUSD","CADJPY","DE40","ETHUSD","EURAUD"]
[2026-05-25T23:52:40.880Z] INFO BAR_PUSH object_type=ea object_id=10869460 source_id=Ctrader bar_count=10 symbols=["EURCAD","EURGBP","EURJPY","EURSGD","EURUSD","GBPAUD","GBPCAD"]
[2026-05-25T23:53:12.879Z] INFO BAR_PUSH object_type=ea object_id=10869460 source_id=Ctrader bar_count=10 symbols=["AUDCAD","AUDCHF","AUDJPY","AUDNZD","AUDUSD","BTCUSD","CADJPY","DE40","EURAUD","EURCAD"]
[2026-05-25T23:53:44.886Z] INFO BAR_PUSH object_type=ea object_id=10869460 source_id=Ctrader bar_count=10 symbols=["ADAUSD","ETHUSD","EURGBP","EURJPY","EURSGD","EURUSD","GBPAUD","GBPCAD"]
[2026-05-25T23:54:16.876Z] INFO BAR_PUSH object_type=ea object_id=10869460 source_id=Ctrader bar_count=10 symbols=["AUDCAD","AUDCHF","AUDJPY","AUDNZD","AUDUSD","BTCUSD","CADJPY","DE40","ETHUSD","EURAUD"]
[2026-05-25T23:54:48.884Z] INFO BAR_PUSH object_type=ea object_id=10869460 source_id=Ctrader bar_count=10 symbols=["EURCAD","EURGBP","EURJPY","EURSGD","EURUSD","GBPAUD","GBPCAD","GBPJPY"]
[2026-05-25T23:55:20.870Z] INFO BAR_PUSH object_type=ea object_id=10869460 source_id=Ctrader bar_count=10 symbols=["AUDCAD","AUDCHF","AUDJPY","AUDNZD","AUDUSD"]
[2026-05-25T23:55:52.881Z] INFO BAR_PUSH object_type=ea object_id=10869460 source_id=Ctrader bar_count=10 symbols=["ADAUSD","BTCUSD","CADJPY","DE40","ETHUSD"]
[2026-05-25T23:56:24.873Z] INFO BAR_PUSH object_type=ea object_id=10869460 source_id=Ctrader bar_count=10 symbols=["ADAUSD","AUDCAD","AUDCHF","AUDJPY","AUDNZD","AUDUSD","BTCUSD","CADJPY","DE40","ETHUSD"]
[2026-05-25T23:56:58.874Z] INFO BAR_PUSH object_type=ea object_id=10869460 source_id=Ctrader bar_count=10 symbols=["EURAUD","EURCAD","EURGBP","EURJPY","EURSGD"]
[2026-05-25T23:57:32.892Z] INFO BAR_PUSH object_type=ea object_id=10869460 source_id=Ctrader bar_count=10 symbols=["ADAUSD","AUDCAD","AUDCHF","AUDJPY","AUDNZD","AUDUSD","BTCUSD","CADJPY","DE40","ETHUSD"]
[2026-05-25T23:58:04.859Z] INFO BAR_PUSH object_type=ea object_id=10869460 source_id=Ctrader bar_count=10 symbols=["AUDCAD","AUDCHF","AUDJPY","AUDNZD","AUDUSD","BTCUSD","CADJPY","DE40","ETHUSD","EURAUD"]
[2026-05-25T23:58:36.885Z] INFO BAR_PUSH object_type=ea object_id=10869460 source_id=Ctrader bar_count=10 symbols=["EURCAD","EURGBP","EURJPY","EURSGD","EURUSD","GBPAUD","GBPCAD"]
[2026-05-25T23:59:08.872Z] INFO BAR_PUSH object_type=ea object_id=10869460 source_id=Ctrader bar_count=10 symbols=["AUDCAD","AUDCHF","AUDJPY","AUDNZD","AUDUSD","BTCUSD","CADJPY","DE40","ETHUSD","EURAUD"]
[2026-05-25T23:59:40.879Z] INFO BAR_PUSH object_type=ea object_id=10869460 source_id=Ctrader bar_count=10 symbols=["EURCAD","EURGBP","EURJPY","EURSGD","EURUSD","GBPAUD","GBPCAD","GBPJPY"]
