time,open,high,low,close,volume
1779483420,3884.88,3884.88,3884.88,3884.88,1
1779660120,3908.82,3910.39,3904.98,3908.06,306
1779660180,3908.29,3909.12,3907.22,3907.54,284
1779660240,3907.75,3912.83,3907.37,3911.62,294
1779660300,3910.58,3913.65,3910.06,3912.68,294
1779660360,3913,3916.43,3912.89,3914.66,284
1779660420,3914.65,3914.94,3911.11,3912.43,266
1779660480,3912.45,3914.19,3912.02,3912.82,251
1779660540,3912.81,3914.35,3911.97,3914.14,271
1779660600,3913.91,3916.06,3913.91,3915.67,272
1779660660,3915.9,3916.44,3913.69,3913.87,243
1779660720,3913.74,3913.86,3911.98,3912.2,246
1779660780,3912.19,3916.07,3912.19,3915.44,232
1779660840,3915.19,3915.33,3913.94,3914.15,236
1779660900,3914.42,3914.95,3913.46,3914.05,251
1779660960,3914.06,3914.45,3909.94,3910.38,274
1779661020,3910.68,3912.33,3909.22,3910.61,261
1779661080,3910.43,3910.67,3909.36,3910.06,217
1779661140,3910.05,3912.18,3909.86,3912.18,224
1779661200,3912.17,3914.37,3911.65,3913.51,223
1779661260,3913.15,3914.1,3912.77,3913.05,257
1779661320,3913.05,3913.36,3912.01,3912.25,212
1779661380,3912.38,3912.85,3912.08,3912.61,200
1779661440,3912.21,3914.15,3912.11,3913.11,153
1779661500,3913.12,3913.71,3912.33,3912.9,174
1779661560,3912.91,3913.29,3911.6,3911.93,216
1779661620,3911.98,3912.64,3909.42,3909.98,207
1779661680,3909.96,3910.75,3909.79,3910.57,206
1779661740,3910.36,3910.79,3909.77,3910.59,178
1779661800,3910.17,3914.67,3910.17,3914.21,250
1779661860,3914.22,3916.36,3913.72,3915.5,237
1779661920,3915.49,3917,3915.04,3916.31,206
1779661980,3916.04,3917.64,3915.9,3917.13,205
1779662040,3917.24,3917.3,3915.69,3915.95,165
1779662100,3915.95,3916.32,3915.44,3915.73,185
1779662160,3915.66,3916.39,3914.74,3916.34,217
1779662220,3916.34,3916.5,3915.51,3916.19,179
1779662280,3916.01,3916.13,3914.76,3915.04,176
1779662340,3915.04,3915.43,3914.56,3914.99,184
1779662400,3914.95,3915.01,3913.96,3914.52,171
1779662460,3914.52,3915.42,3914.48,3914.72,176
1779662520,3914.73,3914.93,3914.51,3914.51,136
1779662580,3914.58,3915.1,3913.47,3914.42,211
1779662640,3914.38,3914.91,3913.8,3914.63,175
1779662700,3914.75,3915.2,3914.47,3914.61,149
1779662760,3914.54,3917.04,3914.5,3916.8,203
1779662820,3916.81,3919.47,3916.81,3919.16,215
1779662880,3919.18,3920.76,3918.76,3919.62,242
1779662940,3919.6,3921.07,3919.48,3920.65,195
1779663000,3920.67,3920.76,3918.79,3918.95,212
1779663060,3918.91,3920.04,3918.64,3919.31,185
1779663120,3919.3,3919.37,3918.54,3918.74,177
1779663180,3918.78,3919.11,3918.72,3918.88,165
1779663240,3918.88,3919.17,3918.43,3918.78,164
1779663300,3918.76,3918.95,3918.35,3918.52,171
1779663360,3918.53,3918.84,3918.32,3918.83,121
1779663420,3918.85,3919.16,3918.64,3918.85,109
1779663480,3918.83,3920.44,3918.79,3920.2,140
1779663540,3920.2,3920.99,3920.07,3920.74,144
1779663600,3920.69,3923.05,3920.69,3922.07,243
1779663660,3922.15,3922.78,3922.03,3922.72,206
1779663720,3922.72,3923.17,3922.47,3922.62,170
1779663780,3922.7,3923.05,3922.53,3922.78,176
1779663840,3922.8,3922.87,3922.44,3922.63,122
1779663900,3922.4,3922.9,3922.28,3922.88,164
1779663960,3922.87,3923.2,3922.7,3923.16,173
1779664020,3923.17,3926.27,3923.02,3925.98,215
1779664080,3926.05,3927.59,3925.49,3927.07,189
1779664140,3927.11,3927.34,3926.4,3926.53,169
1779664200,3926.52,3928.39,3926.52,3928.34,159
1779664260,3928.36,3928.39,3926.87,3927.13,186
1779664320,3927.11,3928.71,3927,3928.53,187
1779664380,3928.52,3929.83,3927.84,3927.97,210
1779664440,3928.02,3928.44,3928.02,3928.34,166
1779664500,3928.51,3930.46,3928.41,3930.46,142
1779664560,3930.45,3930.92,3928.69,3929.04,167
1779664620,3929.07,3929.73,3929.05,3929.37,140
1779664680,3929.32,3929.35,3928.02,3928.39,146
1779664740,3928.42,3928.63,3927.72,3928.18,137
1779664800,3928.15,3929.02,3927.95,3928.9,132
1779664860,3929.37,3930.58,3929.14,3930.12,145
1779664920,3930.11,3930.27,3928.76,3928.76,117
1779664980,3928.72,3930.43,3928.48,3930.39,134
1779665040,3930.29,3931.14,3929.91,3930.21,159
1779665100,3930.2,3930.29,3927.93,3927.93,174
1779665160,3927.91,3928.51,3927.69,3927.8,159
1779665220,3927.63,3928.81,3927.6,3928.72,122
1779665280,3928.78,3931.02,3928.72,3930.27,176
1779665340,3930.24,3930.34,3928.42,3928.66,180
1779665400,3928.7,3930.94,3928.68,3930.28,177
1779665460,3930.35,3931.6,3930.35,3931.32,214
1779665520,3931.29,3931.63,3931.09,3931.47,160
1779665580,3931.42,3931.73,3931.37,3931.43,157
1779665640,3931.49,3931.99,3931.31,3931.56,157
1779665700,3931.57,3931.92,3931.34,3931.85,190
1779665760,3931.92,3932.03,3931.31,3931.39,211
1779665820,3931.39,3931.65,3931.31,3931.42,166
1779665880,3931.31,3932.13,3931.31,3931.9,140
1779665940,3931.76,3932.34,3931.76,3931.88,159
1779666000,3931.82,3932.37,3931.71,3931.91,188
1779666060,3931.93,3932.56,3931.81,3932.32,169
1779666120,3932.16,3932.92,3930.95,3931.23,200
1779666180,3931.25,3932.33,3931.25,3931.75,158
1779666240,3931.8,3932.21,3930.28,3930.75,176
1779666300,3930.81,3930.88,3929.24,3930.15,227
1779666360,3930.21,3931.12,3930.01,3930.01,216
1779666420,3930.18,3930.81,3929.65,3930.35,165
1779666480,3930.35,3931.14,3930.11,3931.12,190
1779666540,3931.5,3931.64,3930.44,3930.66,158
1779666600,3930.63,3930.63,3929.36,3929.42,168
1779666660,3929.39,3929.87,3929.28,3929.3,162
1779666720,3929.11,3929.44,3928.49,3928.97,213
1779666780,3928.96,3930.67,3928.96,3930.09,168
1779666840,3930.09,3930.13,3928.87,3929.31,161
1779666900,3929.04,3929.33,3928.11,3928.16,183
1779666960,3928.16,3929.09,3927.32,3927.33,187
1779667020,3927.78,3927.9,3925.94,3926.95,224
1779667080,3926.95,3927.32,3922.55,3923.12,215
1779667140,3922.87,3923.59,3921.93,3922.91,232
1779667200,3923.3,3926.47,3923.24,3925.95,288
1779667260,3925.8,3926.25,3923.59,3923.88,252
1779667320,3924.32,3925.23,3923.19,3925,277
1779667380,3924.87,3927.47,3923.96,3927.47,244
1779667440,3927.8,3927.88,3925.59,3925.76,216
1779667500,3925.67,3927.98,3925.24,3927.97,243
1779667560,3927.86,3929.89,3927.46,3927.84,228
1779667620,3928.1,3930.2,3927.92,3929.79,197
1779667680,3929.64,3929.64,3928.1,3928.1,181
1779667740,3928.26,3929.18,3928.03,3929.14,217
1779667800,3929.1,3931.01,3929.1,3930.63,237
1779667860,3930.31,3930.7,3929.51,3929.79,236
1779667920,3929.77,3930.26,3927.56,3927.85,210
1779667980,3927.91,3929.19,3926.66,3929.19,227
1779668040,3929.23,3929.64,3928.24,3928.64,213
1779668100,3928.67,3929.23,3927.77,3927.9,245
1779668160,3927.93,3929.16,3927.93,3928.94,231
1779668220,3928.79,3928.84,3926.14,3926.46,231
1779668280,3926.47,3927.67,3926.41,3927.34,209
1779668340,3927.3,3927.34,3926.85,3926.85,130
1779668400,3926.89,3927.5,3926.59,3926.91,178
1779668460,3926.89,3927.04,3926.16,3926.37,145
1779668520,3926.45,3927.35,3926.23,3927.34,227
1779668580,3927.34,3929.05,3927.32,3928.6,248
1779668640,3928.44,3929.3,3928.16,3929.29,216
1779668700,3929.3,3930.16,3927.13,3927.22,241
1779668760,3927.07,3927.75,3926.32,3927.6,203
1779668820,3927.63,3927.77,3926.21,3926.38,192
1779668880,3926.41,3926.72,3926.3,3926.44,161
1779668940,3926.41,3927.48,3926.34,3927.47,184
1779669000,3928.13,3929.39,3928.07,3929.16,238
1779669060,3928.99,3929.05,3927.86,3928.23,189
1779669120,3928.24,3929.05,3927.82,3928.51,181
1779669180,3928.46,3928.58,3927.33,3928.15,170
1779669240,3928.15,3929.15,3928.04,3928.89,167
1779669300,3928.8,3929.36,3927.89,3928.07,142
1779669360,3927.94,3928.47,3927.82,3928.43,174
1779669420,3928.46,3928.99,3928.1,3928.5,161
1779669480,3928.49,3929.9,3928.05,3929.86,182
1779669540,3929.85,3930.38,3929.18,3930.04,192
1779669600,3929.88,3930,3928.41,3929.12,160
1779669660,3928.96,3929.24,3928.4,3928.99,175
1779669720,3928.91,3929.36,3928.74,3928.94,183
1779669780,3929.15,3929.43,3927.5,3927.59,205
1779669840,3927.6,3927.75,3927.27,3927.74,198
1779669900,3927.88,3927.97,3927.09,3927.48,204
1779669960,3927.47,3927.99,3927.29,3927.84,171
1779670020,3927.59,3928.93,3926.89,3926.89,192
1779670080,3926.15,3928.03,3926.15,3927.73,172
1779670140,3927.74,3931.46,3927.33,3929.37,269
1779670200,3929.53,3930.14,3928.4,3928.91,232
1779670260,3928.89,3929.01,3927.43,3928.12,237
1779670320,3928.02,3928.25,3925.53,3925.75,242
1779670380,3925.73,3926.12,3925.05,3925.63,192
1779670440,3925.66,3927.22,3925.57,3926.63,230
1779670500,3926.52,3927.31,3925.48,3925.79,267
1779670560,3925.66,3926.81,3925.66,3926.81,270
1779670620,3926.77,3926.87,3925.31,3925.54,264
1779670680,3925.47,3927.14,3925.23,3925.93,271
1779670740,3925.82,3927.38,3924.32,3926.84,280
1779670800,3926.54,3931.74,3925.93,3927.17,322
1779670860,3927.18,3929.75,3925.09,3928.82,311
1779670920,3928.92,3929.37,3926.43,3926.46,303
1779670980,3926.47,3930.22,3925.75,3927.58,318
1779671040,3927.71,3928.19,3924.2,3925.07,307
1779671100,3925.25,3926.36,3924.05,3924.97,296
1779671160,3925.03,3925.91,3924.22,3925.39,302
1779671220,3925.28,3925.96,3920.04,3920.87,307
1779671280,3920.86,3921.94,3919.1,3919.64,304
1779671340,3919.73,3920.74,3919.05,3920.26,297
1779671400,3920.37,3922.94,3920.29,3920.39,301
1779671460,3920.4,3922.01,3920.36,3921.27,282
1779671520,3921.25,3922.17,3920.56,3920.56,281
1779671580,3920.53,3921.3,3920.27,3920.87,277
1779671640,3920.91,3922.36,3920.58,3921.34,275
1779671700,3921.28,3921.95,3918.46,3919.03,289
1779671760,3919.07,3921.25,3918.75,3920.67,269
1779671820,3920.7,3921.18,3919.4,3919.76,261
1779671880,3919.76,3920.57,3918.42,3920.33,261
1779671940,3920.37,3921.52,3919.62,3921.52,283
1779672000,3921.58,3922.49,3921.21,3921.82,275
1779672060,3921.81,3923.57,3921.28,3923.09,264
1779672120,3923.05,3924.14,3922.93,3924.02,258
1779672180,3923.89,3926.91,3923.89,3926.9,243
1779672240,3927,3927.1,3925.47,3926.17,239
1779672300,3926.29,3926.39,3924.93,3925.2,235
1779672360,3925.19,3925.66,3924.02,3924.56,270
1779672420,3924.54,3926.63,3924.5,3926.61,238
1779672480,3926.6,3927.97,3926.49,3926.68,264
1779672540,3926.67,3928.67,3926.45,3927.3,261
1779672600,3926.91,3928.25,3924.25,3924.52,284
1779672660,3924.54,3926.3,3924.34,3925.86,266
1779672720,3925.68,3926.44,3924.83,3925.74,269
1779672780,3925.74,3926.26,3925.41,3925.51,262
1779672840,3925.43,3925.85,3924.9,3924.93,240
1779672900,3924.95,3926.78,3924.95,3925.93,272
1779672960,3925.98,3926.56,3924.68,3924.78,252
1779673020,3924.82,3926.09,3924.53,3925.97,260
1779673080,3925.96,3926,3925.09,3925.58,209
1779673140,3925.62,3926.28,3925.21,3925.55,247
1779673200,3925.04,3925.95,3924.96,3925.44,202
1779673260,3925.53,3926.19,3923.74,3924.22,253
1779673320,3924.18,3924.55,3922.87,3923.04,282
1779673380,3923.1,3923.68,3922.29,3923.39,238
1779673440,3923.4,3923.42,3920.28,3920.39,253
1779673500,3920.31,3920.76,3919.21,3920.01,276
1779673560,3920.01,3920.01,3917.86,3918.15,249
1779673620,3917.83,3919.63,3917.51,3919.43,246
1779673680,3919.42,3921.47,3917.63,3921.16,265
1779673740,3921.04,3921.2,3919.04,3920.45,231
1779673800,3920.53,3920.67,3918.69,3920.62,267
1779673860,3920.62,3922.3,3920.56,3922,241
1779673920,3922.07,3922.35,3920.83,3921.76,218
1779673980,3921.8,3922.45,3921.36,3922.39,190
1779674040,3922.54,3923.9,3922.54,3923.24,221
1779674100,3923.32,3923.57,3922.15,3922.89,208
1779674160,3922.74,3923,3920.38,3920.56,241
1779674220,3920.65,3921.19,3919.96,3920.34,202
1779674280,3920.31,3920.37,3918.81,3919.74,245
1779674340,3919.77,3920.46,3919.73,3920.35,215
1779674400,3920.39,3921.16,3919.59,3920.98,242
1779674460,3920.98,3920.98,3920.21,3920.69,209
1779674520,3920.84,3922.07,3920.61,3920.66,218
1779674580,3920.72,3920.78,3919.28,3919.28,208
1779674640,3919.23,3920.25,3918.66,3919.7,224
1779674700,3919.79,3920.71,3919.25,3920.41,230
1779674760,3920.43,3921.72,3920.43,3921.59,239
1779674820,3921.65,3923.33,3921.47,3923.14,248
1779674880,3923.01,3923.4,3922.43,3923.23,226
1779674940,3923.21,3923.81,3922.94,3923.45,264
1779675000,3923.47,3923.6,3922.58,3923.05,227
1779675060,3923.04,3923.16,3922.26,3922.52,233
1779675120,3922.48,3922.71,3921.55,3921.62,215
1779675180,3921.73,3922.09,3920.51,3920.51,189
1779675240,3920.39,3920.66,3918.58,3919.15,260
1779675300,3919.15,3919.4,3918.71,3919.08,214
1779675360,3919.17,3919.31,3917.05,3917.2,224
1779675420,3917.21,3917.52,3916.64,3917.27,239
1779675480,3917.27,3918.44,3917.27,3918.18,228
1779675540,3918.16,3918.74,3917.88,3918.74,173
1779675600,3918.76,3918.84,3917.53,3918.18,161
1779675660,3918.18,3918.39,3917.73,3917.82,159
1779675720,3917.76,3918.04,3916.98,3917.12,176
1779675780,3917.16,3919.13,3917.05,3919.06,182
1779675840,3919.08,3919.76,3918.98,3919.2,167
1779675900,3919.22,3919.22,3918.15,3918.45,196
1779675960,3918.43,3918.68,3917.97,3918.53,172
1779676020,3918.61,3918.84,3917.22,3917.22,157
1779676080,3917.37,3918.6,3917.22,3918.51,188
1779676140,3918.51,3919.56,3918.22,3919.44,185
1779676200,3919.71,3919.71,3918.56,3919.69,274
1779676260,3919.7,3920.01,3918.67,3919.32,240
1779676320,3919.34,3920.13,3919.22,3919.97,175
1779676380,3919.99,3921.7,3919.99,3921.43,202
1779676440,3921.41,3921.56,3919.45,3920.3,225
1779676500,3920.16,3921.16,3918.88,3919.46,265
1779676560,3919.48,3919.77,3919.06,3919.26,218
1779676620,3919.27,3921.45,3919.27,3921.34,222
1779676680,3921.36,3921.45,3919.51,3920.47,229
1779676740,3920.5,3921.93,3919.48,3921.9,210
1779676800,3921.92,3923.48,3921.45,3923.46,277
1779676860,3923.29,3923.64,3922.2,3922.94,216
1779676920,3923,3923.69,3922.57,3923.32,196
1779676980,3923.23,3924.85,3922.91,3924.13,215
1779677040,3923.7,3925.57,3923.66,3925.53,209
1779677100,3925.56,3926.07,3924.32,3924.37,223
1779677160,3924.37,3924.99,3923.46,3924.56,229
1779677220,3924.54,3924.54,3923.07,3923.48,232
1779677280,3923.29,3923.33,3919.46,3920.67,280
1779677340,3920.61,3920.74,3919.75,3920.13,208
1779677400,3920.19,3921.34,3920.19,3920.95,195
1779677460,3920.95,3921.31,3920.81,3921.05,178
1779677520,3921.04,3921.88,3920.98,3921.36,171
1779677580,3921.39,3921.57,3920.8,3920.98,154
1779677640,3920.97,3921.07,3919.62,3919.62,221
1779677700,3919.52,3919.77,3918.71,3918.72,229
1779677760,3918.71,3919.6,3917.91,3919.34,274
1779677820,3919.21,3920.96,3918.8,3920.55,210
1779677880,3920.69,3920.69,3919.16,3919.28,187
1779677940,3919.24,3919.53,3918.01,3919.46,247
1779678000,3919.48,3921.51,3919.48,3920.42,256
1779678060,3920.39,3920.91,3920.24,3920.5,220
1779678120,3920.51,3921.3,3919.16,3919.88,236
1779678180,3919.93,3921.18,3919.8,3920.69,236
1779678240,3920.74,3921.29,3919.92,3921.27,217
1779678300,3921.3,3921.44,3918.97,3919.74,232
1779678360,3919.78,3920.11,3919.62,3919.93,191
1779678420,3919.89,3921.18,3919.82,3920.64,207
1779678480,3920.58,3920.87,3920.19,3920.52,219
1779678540,3920.58,3921.28,3919.94,3921.13,175
1779678600,3921.14,3921.15,3920.47,3920.87,156
1779678660,3920.83,3921.35,3920.43,3921.33,189
1779678720,3921.25,3921.52,3920.61,3920.98,209
1779678780,3920.9,3921,3920.23,3920.41,179
1779678840,3920.34,3921.23,3919.78,3921.23,223
1779678900,3921.24,3921.24,3920.58,3920.73,206
1779678960,3920.75,3921.1,3920.55,3920.72,190
1779679020,3920.67,3921.4,3920.51,3921.4,198
1779679080,3921.37,3921.71,3920.65,3920.65,192
1779679140,3920.67,3920.97,3920.24,3920.55,201
1779679200,3920.53,3921.52,3920.06,3920.68,218
1779679260,3920.81,3921.97,3920.81,3921.21,256
1779679320,3921.25,3921.51,3920.68,3921.51,184
1779679380,3921.54,3921.54,3920.71,3920.75,196
1779679440,3920.76,3920.9,3919.69,3919.7,221
1779679500,3919.7,3919.79,3919.06,3919.66,194
1779679560,3919.67,3920.14,3918.79,3919.26,211
1779679620,3919.22,3919.65,3918.77,3919.63,184
1779679680,3919.63,3919.8,3918.76,3919,192
1779679740,3918.96,3919.61,3918.7,3919.08,227
1779679800,3919.19,3919.33,3917.94,3918.06,200
1779679860,3917.98,3920.07,3917.9,3919.35,228
1779679920,3919.31,3919.46,3918.85,3918.93,174
1779679980,3918.92,3919.71,3918.46,3919.56,184
1779680040,3919.53,3919.82,3919.34,3919.34,121
1779680100,3919.32,3921.17,3919.32,3919.94,218
1779680160,3919.91,3920.32,3919.57,3920.11,179
1779680220,3920.07,3921.3,3919.9,3920.45,188
1779680280,3920.57,3921.31,3920.37,3920.94,167
1779680340,3920.95,3921.14,3919.82,3920.6,206
1779680400,3920.59,3920.59,3918.82,3918.9,196
1779680460,3918.92,3919.37,3918.45,3919.16,141
1779680520,3919.14,3919.14,3918.6,3918.8,160
1779680580,3918.79,3918.95,3918.22,3918.37,152
1779680640,3918.35,3918.37,3916.86,3917.08,171
1779680700,3917.05,3917.58,3916.89,3917.58,168
1779680760,3917.58,3917.72,3916.04,3916.35,203
1779680820,3916.35,3917.53,3916.13,3917.15,197
1779680880,3917.05,3917.28,3916.61,3917.28,170
1779680940,3917.32,3917.47,3916.77,3917.22,141
1779681000,3917.18,3917.89,3917.12,3917.3,149
1779681060,3917.32,3917.55,3915.75,3916.86,211
1779681120,3916.85,3917.62,3916.85,3917.52,159
1779681180,3917.48,3917.86,3917.28,3917.28,156
1779681240,3917.25,3918.54,3916.79,3918.54,173
1779681300,3918.49,3918.83,3918.23,3918.67,159
1779681360,3918.75,3919.75,3918.66,3919.61,225
1779681420,3919.59,3919.59,3918.65,3919.3,194
1779681480,3919.33,3919.64,3919.06,3919.55,172
1779681540,3919.45,3919.45,3918.21,3918.37,166
1779681600,3918.22,3919.02,3918.22,3918.52,190
1779681660,3918.6,3920.35,3918.6,3919.74,202
1779681720,3919.8,3920.48,3919.52,3920.22,184
1779681780,3920.21,3920.22,3919.85,3920.16,156
1779681840,3920.17,3920.17,3919.57,3919.64,122
1779681900,3919.58,3920.35,3919.52,3919.94,182
1779681960,3919.91,3920.23,3919.81,3920.09,132
1779682020,3920.07,3920.57,3919.99,3920.34,142
1779682080,3920.37,3920.37,3919.67,3919.77,148
1779682140,3919.69,3920.44,3919.67,3920.37,146
1779682200,3920.4,3920.56,3920.22,3920.51,108
1779682260,3920.52,3920.86,3920.29,3920.38,162
1779682320,3920.27,3920.58,3920.03,3920.05,182
1779682380,3920.01,3920.18,3919.15,3919.19,188
1779682440,3918.87,3919.87,3918.81,3919.54,148
1779682500,3919.48,3919.5,3918.82,3919.22,161
1779682560,3919.25,3919.75,3919.21,3919.75,126
1779682620,3919.72,3920.47,3919.64,3920.13,144
1779682680,3920.16,3920.31,3919.76,3920.03,162
1779682740,3920.16,3920.42,3919.69,3919.74,140
1779682800,3919.76,3920.76,3919.76,3920.67,158
1779682860,3920.6,3922.54,3920.23,3921.25,202
1779682920,3921.23,3922.02,3921.02,3921.98,154
1779682980,3921.96,3922.2,3921.81,3922.13,128
1779683040,3922.15,3922.38,3921.74,3922.29,135
1779683100,3922.27,3923.58,3922.24,3923.04,179
1779683160,3923.03,3923.11,3922.25,3922.39,126
1779683220,3922.51,3922.55,3922.18,3922.49,77
1779683280,3922.44,3922.99,3922.2,3922.76,132
1779683340,3922.8,3923.07,3922.57,3923.06,104
1779683400,3923.07,3923.23,3920.7,3921.71,124
1779683460,3921.71,3921.96,3920.44,3921.02,187
1779683520,3921.08,3921.1,3919.95,3920.02,191
1779683580,3920.17,3920.48,3919.01,3919.34,207
1779683640,3919.39,3919.51,3918.28,3918.47,204
1779683700,3918.47,3919.76,3917.72,3919.35,182
1779683760,3919.34,3919.57,3918.93,3919.19,134
1779683820,3919.09,3919.16,3918.16,3918.16,123
1779683880,3918.13,3919.79,3917.61,3919.29,160
1779683940,3919.28,3920.03,3918.9,3919.76,154
1779684000,3919.73,3920.13,3918.83,3919.69,179
1779684060,3919.67,3920.05,3918.87,3919.71,107
1779684120,3919.73,3919.78,3918.48,3919.16,100
1779684180,3919.15,3919.15,3918.88,3918.93,100
1779684240,3918.96,3919.63,3918.87,3919.55,109
1779684300,3919.55,3919.84,3919.49,3919.66,100
1779684360,3919.69,3920.04,3919.46,3920.01,85
1779684420,3919.86,3920.35,3919.75,3920.29,90
1779684480,3920.32,3920.61,3920.27,3920.61,109
1779684540,3920.61,3920.72,3920.27,3920.3,96
1779684600,3920.25,3920.26,3919.72,3919.96,124
1779684660,3919.98,3921.07,3919.9,3921.07,142
1779684720,3921.04,3921.12,3920.63,3920.85,153
1779684780,3920.87,3920.93,3920.61,3920.73,119
1779684840,3920.71,3920.82,3920.12,3920.23,99
1779684900,3920.23,3920.85,3919.98,3920.74,192
1779684960,3920.72,3921.08,3920.27,3920.6,150
1779685020,3920.64,3920.89,3920.38,3920.53,141
1779685080,3920.51,3920.84,3920.25,3920.84,139
1779685140,3920.81,3921.19,3920.45,3920.99,142
1779685200,3921,3921.02,3919.32,3919.35,204
1779685260,3919.36,3920.88,3919.36,3920.72,147
1779685320,3920.75,3921.21,3920.52,3921.04,168
1779685380,3921.05,3921.51,3921.03,3921.44,128
1779685440,3921.43,3921.55,3921.27,3921.43,116
1779685500,3921.44,3921.44,3920.36,3920.82,106
1779685560,3920.82,3920.84,3920.53,3920.78,107
1779685620,3920.74,3921.05,3919.99,3920.84,119
1779685680,3920.85,3921.04,3920.49,3920.59,126
1779685740,3920.62,3920.7,3920.26,3920.28,131
1779685800,3920.31,3920.63,3920.02,3920.26,129
1779685860,3920.2,3920.2,3919.27,3919.46,164
1779685920,3919.53,3920.06,3919.32,3920.05,182
1779685980,3919.88,3920.11,3919.13,3919.63,144
1779686040,3919.63,3919.7,3919.45,3919.55,121
1779686100,3919.53,3919.68,3919.25,3919.49,106
1779686160,3919.51,3919.51,3919.12,3919.22,119
1779686220,3919.3,3919.36,3918.53,3918.84,139
1779686280,3918.84,3919.02,3918.65,3918.91,164
1779686340,3919,3919.06,3918.66,3918.8,121
1779686400,3918.78,3918.91,3916.4,3917.22,165
1779686460,3916.38,3916.61,3915.27,3915.53,219
1779686520,3915.53,3915.65,3914.63,3914.77,156
1779686580,3914.77,3914.99,3913.61,3913.91,204
1779686640,3913.97,3914.29,3913.32,3913.65,158
1779686700,3913.62,3914.1,3912.7,3913.8,195
1779686760,3913.63,3913.99,3912.91,3913.44,175
1779686820,3913.45,3913.56,3912.29,3912.63,124
1779686880,3912.63,3913.1,3912.21,3912.24,186
1779686940,3912.21,3912.23,3911.43,3911.48,180
1779687000,3911.55,3911.74,3910.37,3910.68,284
1779687060,3910.72,3912.17,3910.47,3910.87,266
1779687120,3910.84,3912.87,3910.58,3912.87,246
1779687180,3912.73,3914.15,3912.7,3913.71,209
1779687240,3913.79,3915.75,3913.67,3914.35,214
1779687300,3914.38,3915.29,3914.37,3915.23,172
1779687360,3915.38,3916.85,3915.27,3916.85,210
1779687420,3916.84,3916.84,3915.68,3915.82,219
1779687480,3915.84,3916.09,3915.02,3915.32,197
1779687540,3915.48,3916.06,3915.48,3915.97,225
1779687600,3916.03,3917.19,3914.79,3915.25,215
1779687660,3915.21,3916.32,3913.97,3914.26,206
1779687720,3914.26,3915.13,3914.05,3914.67,176
1779687780,3914.66,3915.04,3912.91,3913.3,200
1779687840,3913.3,3914.12,3912.5,3914.03,215
1779687900,3914.02,3914.49,3913.66,3914.3,218
1779687960,3914.34,3914.37,3913.1,3913.1,188
1779688020,3913.2,3913.73,3912.72,3913.73,180
1779688080,3913.71,3913.91,3913.29,3913.88,169
1779688140,3913.93,3914.07,3912.13,3912.3,235
1779688200,3912.31,3912.6,3909.69,3909.69,226
1779688260,3909.75,3912.61,3909.7,3912.25,247
1779688320,3912.18,3912.81,3911.73,3911.94,233
1779688380,3911.9,3912.72,3911.76,3912.03,217
1779688440,3912.19,3912.72,3911.89,3911.89,199
1779688500,3911.95,3912.59,3911.18,3912.5,216
1779688560,3912.45,3912.78,3912.19,3912.58,194
1779688620,3912.41,3913.82,3912.36,3913.45,205
1779688680,3913.46,3914.19,3913.32,3913.86,195
1779688740,3913.8,3913.86,3912.09,3912.09,217
1779688800,3912.11,3913.26,3911.66,3912.99,269
1779688860,3912.97,3914.32,3912.7,3913.23,266
1779688920,3913.28,3913.32,3912.38,3912.89,245
1779688980,3912.88,3912.99,3912.41,3912.52,236
1779689040,3912.43,3912.71,3911.91,3912.11,227
1779689100,3912.11,3912.11,3909.36,3911.11,262
1779689160,3911.14,3912.38,3911.14,3912.17,192
1779689220,3912.13,3912.43,3910.83,3911.37,229
1779689280,3911.38,3911.78,3911.16,3911.17,222
1779689340,3911.16,3911.29,3910.08,3911.24,219
1779689400,3911.22,3911.35,3910.56,3910.81,222
1779689460,3910.86,3911.47,3910.32,3911.2,197
1779689520,3911.2,3911.51,3910.84,3911.24,190
1779689580,3911.21,3912.33,3910.79,3912.33,213
1779689640,3912.35,3912.38,3911.83,3912.03,183
1779689700,3911.95,3912.29,3911.3,3911.84,218
1779689760,3911.88,3912.06,3911.28,3911.52,203
1779689820,3911.48,3912.65,3911.48,3912.33,210
1779689880,3912.34,3913.46,3912.09,3913.29,218
1779689940,3913.32,3913.95,3913.16,3913.18,197
1779690000,3913.22,3913.38,3912.33,3912.42,236
1779690060,3912.39,3912.82,3911.63,3912.21,208
1779690120,3912.24,3913.63,3912.24,3913.62,178
1779690180,3913.61,3913.61,3913.16,3913.16,203
1779690240,3913.16,3914.78,3913.16,3914.51,241
1779690300,3914.48,3914.59,3913.74,3913.99,250
1779690360,3914.05,3914.85,3913.97,3914.72,198
1779690420,3914.73,3914.9,3913.57,3913.6,229
1779690480,3913.56,3913.66,3912.99,3913.49,179
1779690540,3913.5,3913.51,3912.81,3912.96,230
1779690600,3913.13,3913.9,3912.59,3913.66,235
1779690660,3913.76,3914.56,3913.58,3914.17,198
1779690720,3914.16,3914.28,3912.98,3913.04,194
1779690780,3913.04,3914,3912.8,3912.82,176
1779690840,3912.82,3913.19,3912.48,3912.98,209
1779690900,3912.98,3913.48,3912.62,3913.32,223
1779690960,3913.26,3913.59,3912.89,3913.53,201
1779691020,3913.57,3914.77,3913.52,3913.52,236
1779691080,3913.51,3913.51,3912.92,3913.33,157
1779691140,3913.32,3913.4,3913,3913.15,191
1779691200,3913.16,3914.5,3913.09,3914.5,165
1779691260,3914.55,3914.86,3914.2,3914.58,166
1779691320,3914.6,3914.85,3914.05,3914.06,226
1779691380,3914.06,3914.2,3913.78,3913.92,194
1779691440,3913.92,3914.25,3913.75,3914.25,178
1779691500,3914.21,3915.17,3914.07,3914.7,156
1779691560,3914.7,3915.04,3914.29,3914.73,201
1779691620,3914.73,3915.84,3914.64,3915.17,216
1779691680,3915.17,3915.52,3914.35,3914.66,205
1779691740,3914.65,3915.15,3914.42,3914.55,190
1779691800,3914.66,3915.92,3914.41,3915.37,229
1779691860,3915.2,3915.24,3914.37,3914.88,202
1779691920,3914.89,3914.95,3913.7,3914.12,225
1779691980,3914.07,3914.65,3913.26,3914.4,219
1779692040,3914.39,3915.51,3914.31,3915.14,223
1779692100,3915.04,3916.86,3914.89,3916.49,229
1779692160,3916.52,3918.07,3916.32,3918.07,221
1779692220,3917.96,3918.94,3917.46,3918.88,229
1779692280,3918.93,3919.61,3918.13,3919.47,240
1779692340,3919.46,3919.96,3918.95,3919.38,224
1779692400,3919.38,3919.55,3918.34,3919.13,243
1779692460,3919.1,3919.7,3918.73,3919.21,211
1779692520,3919.19,3920.97,3918.64,3920.37,234
1779692580,3920.38,3921.19,3919.88,3920,213
1779692640,3919.98,3920.52,3919.64,3920.52,185
1779692700,3920.5,3921.04,3920.18,3920.19,198
1779692760,3920.18,3920.62,3919.43,3919.94,257
1779692820,3919.94,3920.61,3919.66,3920.48,200
1779692880,3920.48,3920.58,3919.79,3920.27,197
1779692940,3920.27,3920.37,3919.84,3920.14,229
1779693000,3920.05,3921.36,3919.84,3921.29,201
1779693060,3921.34,3921.71,3921.27,3921.54,206
1779693120,3921.55,3921.93,3921.12,3921.42,208
1779693180,3921.51,3921.54,3919.57,3919.75,248
1779693240,3919.73,3919.95,3919.14,3919.23,198
1779693300,3919.25,3919.25,3918.52,3918.62,214
1779693360,3918.54,3919.56,3918.52,3919.05,208
1779693420,3919.05,3919.7,3918.99,3919.58,239
1779693480,3919.49,3919.58,3915.03,3915.69,289
1779693540,3915.43,3917.89,3915.18,3916.59,282
1779693600,3916.6,3916.89,3914.31,3914.67,289
1779693660,3914.7,3915.21,3914.09,3914.92,277
1779693720,3914.92,3916.32,3914.92,3915.69,254
1779693780,3915.72,3915.91,3914.63,3915.13,239
1779693840,3915.14,3916.43,3915.14,3916.14,256
1779693900,3916.16,3916.16,3914.92,3915.97,233
1779693960,3916.05,3916.77,3915.83,3916.69,231
1779694020,3916.73,3916.74,3915.79,3916.43,223
1779694080,3916.4,3916.67,3916.34,3916.56,160
1779694140,3916.53,3916.73,3914.53,3914.78,195
1779694200,3914.84,3915.45,3914.61,3915.07,210
1779694260,3914.93,3915.73,3914.88,3915.6,219
1779694320,3915.56,3917.27,3915.05,3917.06,207
1779694380,3916.98,3919.69,3916.71,3918.86,299
1779694440,3918.94,3918.94,3918.11,3918.61,262
1779694500,3918.55,3919.04,3918.31,3918.38,211
1779694560,3918.42,3918.43,3917.41,3917.76,197
1779694620,3917.76,3917.84,3916.96,3917.06,183
1779694680,3917.06,3917.58,3916.86,3917.42,201
1779694740,3917.43,3918.34,3917.41,3918.21,188
1779694800,3918.25,3918.97,3918.04,3918.31,173
1779694860,3918.32,3919.16,3918.25,3918.6,196
1779694920,3918.65,3918.93,3918.08,3918.93,165
1779694980,3918.94,3919.24,3918.83,3919.02,153
1779695040,3919.06,3919.77,3918.86,3918.95,201
1779695100,3918.91,3919.02,3918.35,3918.87,165
1779695160,3918.9,3920.02,3918.22,3919.99,190
1779695220,3920.09,3920.52,3919.89,3920.08,194
1779695280,3920.14,3920.83,3920.01,3920.79,136
1779695340,3920.8,3921.21,3920.55,3921.21,193
1779695400,3921.09,3921.82,3920.76,3921.79,207
1779695460,3921.76,3922.83,3921.7,3922.55,189
1779695520,3922.56,3922.87,3922.21,3922.42,185
1779695580,3922.45,3922.88,3922.12,3922.85,170
1779695640,3922.75,3923.51,3922.46,3922.55,196
1779695700,3922.56,3922.77,3921.96,3922.23,182
1779695760,3922.22,3922.91,3922.05,3922.81,167
1779695820,3922.8,3922.81,3922.46,3922.56,155
1779695880,3922.6,3923.11,3921.86,3922.86,211
1779695940,3922.88,3922.93,3922.41,3922.52,147
1779696000,3922.53,3922.9,3921.49,3922.55,233
1779696060,3922.44,3923.59,3922.43,3923.33,179
1779696120,3923.31,3923.43,3922.84,3922.99,214
1779696180,3923.02,3923.06,3921.97,3922.53,230
1779696240,3922.53,3922.67,3921.57,3921.63,188
1779696300,3921.59,3921.76,3919.57,3919.57,193
1779696360,3919.27,3920.01,3919.09,3919.5,218
1779696420,3919.5,3919.82,3919.23,3919.24,176
1779696480,3919.2,3919.42,3918.87,3919.01,149
1779696540,3919.03,3919.55,3919.03,3919.1,208
1779696600,3919.12,3919.14,3918.22,3918.37,178
1779696660,3918.3,3918.53,3917.44,3917.71,157
1779696720,3917.74,3918.29,3917.57,3918.24,151
1779696780,3918.24,3918.81,3918.18,3918.77,146
1779696840,3918.69,3919.25,3918.59,3918.66,158
1779696900,3918.71,3918.73,3918.25,3918.34,165
1779696960,3918.44,3918.49,3918.16,3918.33,176
1779697020,3918.33,3918.82,3918.33,3918.71,101
1779697080,3918.75,3918.78,3917.86,3917.87,162
1779697140,3917.84,3918.58,3917.33,3918.43,151
1779697200,3918.58,3918.58,3917.15,3917.23,167
1779697260,3917.26,3917.34,3915.74,3916.39,171
1779697320,3916.4,3916.52,3915.32,3915.6,203
1779697380,3915.34,3915.51,3914.3,3914.6,199
1779697440,3914.57,3914.63,3913.89,3913.91,222
1779697500,3913.95,3914.23,3912.97,3913.99,224
1779697560,3913.99,3914.31,3912.26,3912.44,254
1779697620,3912.71,3914.01,3912.53,3912.83,229
1779697680,3912.83,3913.55,3912.31,3913.32,230
1779697740,3913.33,3914.03,3912.57,3913.17,212
1779697800,3913.28,3914.25,3912.64,3914.25,219
1779697860,3914.28,3915.1,3913.48,3913.76,165
1779697920,3913.75,3914.21,3913.72,3914.16,152
1779697980,3914.21,3914.37,3913.4,3913.78,150
1779698040,3913.81,3914.05,3913.5,3913.82,167
1779698100,3913.93,3914.6,3913.93,3914.07,196
1779698160,3914.16,3914.23,3912.46,3912.94,218
1779698220,3912.92,3913.71,3912.34,3913.16,180
1779698280,3913.17,3913.38,3912.83,3913.03,170
1779698340,3913.09,3913.16,3912.46,3913.08,165
1779698400,3913.07,3913.19,3912.22,3912.53,165
1779698460,3912.32,3912.81,3912.32,3912.45,180
1779698520,3912.49,3912.49,3911.6,3911.88,139
1779698580,3911.88,3911.99,3911.57,3911.71,166
1779698640,3911.75,3912.22,3911.19,3912.18,204
1779698700,3912.19,3912.36,3911.24,3911.73,225
1779698760,3911.7,3912.42,3911.36,3911.97,178
1779698820,3912.13,3912.23,3911.84,3912.01,161
1779698880,3912.03,3912.03,3911.3,3911.57,170
1779698940,3911.51,3912.27,3911.48,3911.67,159
1779699000,3911.68,3912.42,3911.5,3912.1,205
1779699060,3912.11,3912.86,3911.81,3912.84,155
1779699120,3912.85,3913.21,3912.47,3913.03,165
1779699180,3913.04,3913.47,3912.99,3913.08,164
1779699240,3913.03,3913.1,3912.56,3912.79,152
1779699300,3912.8,3913.42,3912.8,3912.89,147
1779699360,3912.88,3913.37,3912.66,3913.04,145
1779699420,3913.01,3913.26,3912.72,3912.99,109
1779699480,3913,3913.05,3912.68,3912.97,161
1779699540,3912.94,3913.01,3912.75,3912.98,112
1779699600,3912.97,3913.19,3912.52,3913.03,130
1779699660,3913.05,3913.78,3912.95,3913.19,168
1779699720,3913.18,3914.16,3913.18,3913.93,149
1779699780,3913.89,3915.01,3913.89,3914.72,136
1779699840,3914.76,3914.83,3913.63,3913.63,158
1779699900,3913.77,3913.86,3913.03,3913.27,170
1779699960,3913.27,3913.36,3913.03,3913.29,130
1779700020,3913.37,3913.94,3913.37,3913.6,96
1779700080,3913.64,3913.88,3913.53,3913.74,127
1779700140,3913.78,3913.78,3912.44,3912.55,185
1779700200,3912.62,3913.31,3912.52,3913.18,180
1779700260,3913.19,3913.84,3913.18,3913.55,131
1779700320,3913.56,3913.88,3913.27,3913.78,121
1779700380,3913.82,3914.38,3913.78,3914,131
1779700440,3913.95,3914.01,3913.12,3913.19,117
1779700500,3913.23,3913.78,3913.15,3913.74,134
1779700560,3913.76,3914.04,3913.52,3913.65,157
1779700620,3913.66,3913.89,3913.51,3913.71,99
1779700680,3913.75,3913.99,3913.75,3913.98,94
1779700740,3913.99,3914.64,3913.64,3913.7,156
1779700800,3913.64,3913.64,3912.82,3913.42,142
1779700860,3913.44,3913.56,3913.18,3913.24,100
1779700920,3913.24,3913.81,3913.24,3913.52,125
1779700980,3913.55,3913.7,3913.01,3913.07,139
1779701040,3913.06,3913.68,3912.95,3913.66,139
1779701100,3913.68,3914.03,3913.57,3913.97,138
1779701160,3913.97,3914.3,3913.76,3913.76,101
1779701220,3913.79,3914.07,3913.79,3913.97,119
1779701280,3913.96,3914.6,3913.93,3914.6,132
1779701340,3914.9,3915.88,3914.78,3915.82,166
1779701400,3915.81,3916.44,3915.46,3916.41,200
1779701460,3916.4,3917.28,3916.26,3917.28,160
1779701520,3917.29,3918.04,3916.79,3917.76,199
1779701580,3917.77,3919.19,3917.76,3919.06,196
1779701640,3919.08,3920.9,3919.01,3920.9,242
1779701700,3920.87,3921.05,3919.89,3920.99,238
1779701760,3920.94,3921.39,3918.9,3920.2,228
1779701820,3919.94,3920,3919.3,3919.77,200
1779701880,3919.8,3921.39,3919.7,3921.12,205
1779701940,3921.14,3921.51,3920.21,3920.61,183
1779702000,3920.62,3921.06,3920.01,3920.14,185
1779702060,3920.15,3920.56,3919.96,3920.19,159
1779702120,3920.17,3920.51,3920.06,3920.23,138
1779702180,3920.2,3920.72,3919.45,3920.72,122
1779702240,3920.73,3921.16,3920.41,3920.96,163
1779702300,3920.97,3921.14,3920.34,3920.67,167
1779702360,3920.66,3921.19,3920.37,3921.05,170
1779702420,3921.04,3921.6,3920.93,3921.05,179
1779702480,3921.04,3922.48,3921.04,3922.16,144
1779702540,3922.28,3922.48,3922.18,3922.45,124
1779702600,3922.45,3922.78,3922.14,3922.4,173
1779702660,3922.39,3922.79,3922.12,3922.76,131
1779702720,3922.77,3923.75,3922.31,3923.75,169
1779702780,3923.76,3924.05,3923.27,3923.54,177
1779702840,3923.55,3924.06,3922.83,3923,138
1779702900,3922.91,3924.18,3922.6,3923.93,183
1779702960,3923.93,3923.93,3923.12,3923.33,158
1779703020,3923.36,3924.22,3923.14,3924.14,139
1779703080,3924.08,3924.99,3923.71,3924.81,197
1779703140,3924.73,3924.86,3923.3,3923.57,173
1779703200,3923.59,3924.34,3923.34,3924.13,187
1779703260,3924.14,3924.69,3924.05,3924.33,138
1779703320,3924.31,3924.86,3924.24,3924.55,116
1779703380,3924.58,3924.97,3923.78,3924.5,168
1779703440,3924.43,3924.52,3924.16,3924.41,120
1779703500,3924.37,3925.03,3924.24,3924.86,135
1779703560,3924.91,3925.09,3924.46,3924.88,150
1779703620,3924.95,3925.11,3924.66,3924.8,151
1779703680,3924.83,3925.83,3924.77,3925.77,203
1779703740,3925.73,3925.92,3925.54,3925.86,166
1779703800,3925.91,3926.87,3925.72,3926.7,206
1779703860,3926.73,3927.26,3926.67,3926.88,205
1779703920,3926.94,3927.25,3926.6,3926.66,188
1779703980,3926.64,3926.64,3926.03,3926.06,171
1779704040,3926.28,3926.85,3925.27,3926.81,195
1779704100,3926.86,3927.55,3926.22,3926.51,163
1779704160,3926.52,3927.11,3926.33,3927.11,188
1779704220,3927.12,3927.21,3926.37,3926.42,159
1779704280,3926.45,3927.99,3926.36,3927.55,201
1779704340,3927.45,3927.47,3927.05,3927.29,148
1779704400,3927.3,3927.35,3925.99,3926.09,175
1779704460,3926.15,3926.68,3926.1,3926.61,168
1779704520,3926.53,3926.74,3926.03,3926.11,140
1779704580,3926.13,3926.87,3925.95,3926.58,120
1779704640,3926.64,3927.24,3926.33,3927.24,141
1779704700,3927.17,3927.25,3925.2,3925.93,176
1779704760,3925.95,3926.38,3925.41,3926.38,172
1779704820,3926.32,3926.75,3926.19,3926.67,118
1779704880,3926.66,3926.7,3925.99,3926.7,149
1779704940,3926.67,3926.73,3926.07,3926.22,178
1779705000,3926.31,3926.34,3925.59,3926.13,163
1779705060,3926.14,3926.47,3925.79,3926.25,124
1779705120,3926.27,3926.55,3926.15,3926.51,106
1779705180,3926.49,3928.16,3926.44,3927.8,177
1779705240,3927.85,3928.02,3927.57,3927.77,141
1779705300,3927.78,3927.8,3927.13,3927.44,135
1779705360,3927.51,3927.53,3926.91,3927.11,142
1779705420,3927.16,3927.44,3926.88,3926.99,194
1779705480,3927,3927,3926.56,3926.79,140
1779705540,3926.86,3926.98,3925.83,3925.97,147
1779705600,3925.96,3925.99,3925.22,3925.35,170
1779705660,3925.43,3925.88,3924.02,3924.2,226
1779705720,3924.25,3924.37,3923.68,3923.99,196
1779705780,3923.96,3924.89,3923.94,3924.3,160
1779705840,3924.26,3925.15,3924.02,3925.03,210
1779705900,3925.03,3927.03,3925.03,3926.5,211
1779705960,3926.46,3926.7,3925.49,3925.49,124
1779706020,3925.5,3925.85,3925.5,3925.72,84
1779706080,3925.72,3925.97,3925.13,3925.97,113
1779706140,3925.92,3925.92,3925.29,3925.41,102
1779706200,3925.44,3925.47,3924.96,3924.96,128
1779706260,3924.98,3925.17,3924.49,3924.8,151
1779706320,3924.79,3925.11,3924.64,3924.8,184
1779706380,3924.8,3925.08,3924.63,3925.04,98
1779706440,3925.07,3925.33,3924.89,3925.31,110
1779706500,3925.33,3925.46,3925.07,3925.37,144
1779706560,3925.39,3925.69,3925.36,3925.53,94
1779706620,3925.49,3925.65,3924.51,3924.65,119
1779706680,3924.75,3924.89,3924.24,3924.28,157
1779706740,3924.23,3924.38,3923.94,3924.01,125
1779706800,3924,3924.23,3923.74,3924.18,148
1779706860,3924.23,3924.29,3923.59,3924.06,111
1779706920,3924.08,3924.13,3923.77,3924.01,153
1779706980,3923.98,3924.18,3923.97,3924.1,73
1779707040,3924.09,3924.32,3923.98,3924.31,88
1779707100,3924.35,3924.47,3924.25,3924.42,121
1779707160,3924.46,3924.47,3924,3924.14,135
1779707220,3924.14,3924.27,3923.93,3924.01,129
1779707280,3924,3924.24,3923.89,3923.99,122
1779707340,3924.03,3924.26,3923.76,3924.19,120
1779707400,3924.24,3924.79,3924.19,3924.64,138
1779707460,3924.68,3924.85,3924.52,3924.52,91
1779707520,3924.52,3924.88,3924.52,3924.88,102
1779707580,3924.88,3926.28,3924.88,3926.22,102
1779707640,3926.22,3927.57,3926.08,3927.36,189
1779707700,3927.34,3928.62,3927.06,3928.58,167
1779707760,3928.68,3928.82,3928.02,3928.19,154
1779707820,3928.19,3929.55,3928.17,3928.88,189
1779707880,3928.91,3929.13,3926.75,3928.26,200
1779707940,3928.23,3929.15,3923.77,3926.29,209
1779708000,3926.25,3928.37,3925.73,3928.35,202
1779708060,3928.34,3928.61,3927.43,3928.38,182
1779708120,3928.38,3928.65,3927.61,3927.78,135
1779708180,3927.79,3927.79,3926.44,3926.52,169
1779708240,3926.47,3927.23,3926.3,3926.33,149
1779708300,3926.32,3926.34,3924.82,3925.01,152
1779708360,3925.03,3925.13,3924.63,3924.69,150
1779708420,3924.5,3925.44,3924.5,3925.42,168
1779708480,3925.45,3925.7,3925.19,3925.7,108
1779708540,3925.72,3926.25,3925.72,3926.08,146
1779708600,3926.03,3927.71,3926.01,3927.34,143
1779708660,3927.29,3927.29,3926.37,3926.46,187
1779708720,3926.72,3927.08,3926.42,3927.07,166
1779708780,3927.04,3927.68,3926.36,3927.01,194
1779708840,3927.03,3927.65,3926.89,3927.44,173
1779708900,3927.3,3927.5,3927.14,3927.39,154
1779708960,3927.43,3927.45,3927.07,3927.11,121
1779709020,3927.08,3928.37,3927.08,3928.11,218
1779709080,3928.31,3929.2,3928.27,3928.87,183
1779709140,3928.88,3928.93,3928.34,3928.48,124
1779709200,3928.46,3928.5,3927.26,3927.41,165
1779709260,3927.39,3927.52,3926.8,3927.19,176
1779709320,3927.18,3927.44,3926.91,3927.02,177
1779709380,3927.02,3927.03,3926.59,3926.69,175
1779709440,3926.74,3926.93,3926.36,3926.74,147
1779709500,3926.76,3928.57,3926.61,3927.47,205
1779709560,3927.6,3927.89,3926.97,3927.83,189
1779709620,3927.83,3927.85,3927.1,3927.18,192
1779709680,3927.22,3927.22,3926.19,3926.73,215
1779709740,3926.74,3926.76,3924.78,3924.78,202
1779709800,3924.71,3924.92,3924.49,3924.8,158
1779709860,3924.77,3925.34,3924.72,3925.34,176
1779709920,3925.23,3925.32,3924.46,3924.5,144
1779709980,3924.46,3924.63,3923.82,3923.84,137
1779710040,3923.83,3924.22,3923.82,3924.11,182
1779710100,3924.1,3924.56,3923.96,3924.49,163
1779710160,3924.48,3924.69,3923.4,3924.3,215
1779710220,3924.28,3925.14,3924.1,3924.68,166
1779710280,3924.71,3925.46,3924.69,3924.85,174
1779710340,3924.85,3925.53,3924.23,3924.34,180
1779710400,3924.18,3924.48,3921.59,3921.94,228
1779710460,3921.75,3921.97,3920.23,3920.49,243
1779710520,3920.51,3921,3920.21,3920.59,207
1779710580,3920.62,3921.2,3919.62,3919.76,249
1779710640,3919.73,3921.01,3919.55,3919.9,228
1779710700,3919.83,3920.04,3919.21,3919.69,224
1779710760,3919.69,3919.79,3918.59,3918.69,174
1779710820,3918.51,3918.88,3916.11,3916.11,201
1779710880,3915.86,3916.34,3913.93,3915.46,297
1779710940,3915.37,3916.68,3913.8,3916.66,267
1779711000,3917.21,3917.4,3916.31,3916.31,217
1779711060,3916.39,3916.39,3914.26,3914.5,226
1779711120,3914.5,3915.22,3914.03,3914.67,214
1779711180,3914.74,3914.74,3913.03,3913.4,230
1779711240,3913.41,3913.48,3912.2,3912.43,231
1779711300,3912.4,3912.8,3912.12,3912.49,227
1779711360,3912.39,3912.66,3911.05,3911.96,223
1779711420,3912.15,3912.8,3911.34,3911.46,221
1779711480,3911.43,3911.94,3910.86,3911.05,209
1779711540,3911.12,3911.12,3910.32,3910.58,213
1779711600,3910.62,3910.94,3909.79,3910.82,228
1779711660,3910.85,3911.15,3910.26,3910.82,201
1779711720,3910.83,3912.69,3910.81,3911.29,211
1779711780,3911.35,3912.51,3910.12,3911.75,240
1779711840,3911.86,3912.73,3911.71,3912.63,261
1779711900,3912.55,3914.01,3912.51,3913.86,249
1779711960,3913.83,3914.41,3913.83,3914.21,167
1779712020,3914.22,3916.51,3914.22,3915.07,210
1779712080,3915.08,3915.37,3914.79,3915.32,157
1779712140,3915.32,3916.83,3915.26,3916.62,177
1779712200,3916.61,3916.8,3915.97,3916.38,166
1779712260,3916.48,3918.29,3916.47,3917.36,203
1779712320,3917.4,3917.59,3916.04,3916.81,236
1779712380,3916.83,3917.37,3916.56,3917.24,155
1779712440,3917.14,3918.06,3916.99,3918.05,198
1779712500,3918.07,3918.92,3917.67,3918.79,200
1779712560,3918.79,3921.58,3918.79,3921.15,250
1779712620,3921.25,3923.28,3921.19,3922.83,241
1779712680,3922.8,3923.17,3921.37,3921.86,243
1779712740,3921.9,3922.54,3921.57,3922.28,206
1779712800,3922.29,3922.41,3921.49,3921.91,225
1779712860,3922.07,3922.46,3921.66,3921.8,180
1779712920,3921.72,3922.27,3921.56,3921.82,183
1779712980,3921.82,3921.86,3920.3,3920.48,224
1779713040,3920.48,3920.51,3919.61,3919.61,208
1779713100,3919.64,3919.93,3918.34,3919.57,255
1779713160,3919.64,3920.36,3919.32,3920.1,229
1779713220,3920.1,3920.34,3919.73,3920.05,194
1779713280,3920.18,3920.18,3918.32,3919.17,208
1779713340,3919.17,3919.64,3919.13,3919.6,112
1779713400,3919.58,3920.18,3919.3,3920.13,147
1779713460,3920.13,3920.42,3919.65,3920.27,182
1779713520,3920.26,3920.38,3919.97,3920,190
1779713580,3919.98,3920.38,3919.95,3920.18,143
1779713640,3920.15,3921.06,3920.15,3920.59,154
1779713700,3920.64,3920.81,3920.56,3920.71,133
1779713760,3920.75,3922.07,3920.73,3921.75,164
1779713820,3921.76,3921.77,3920.58,3920.63,210
1779713880,3920.6,3921.44,3920.56,3921.12,213
1779713940,3921.31,3922.32,3921.29,3921.37,216
1779714000,3921.32,3921.42,3918.34,3918.55,286
1779714060,3918.57,3918.59,3916.82,3917.32,271
1779714120,3917.31,3917.42,3916.02,3916.6,277
1779714180,3916.61,3918.42,3915.84,3918.41,273
1779714240,3918.62,3919.95,3918.38,3918.47,256
1779714300,3918.41,3919.61,3918.38,3919.58,236
1779714360,3919.58,3920.71,3918.95,3920.69,235
1779714420,3920.75,3923.26,3920.72,3923.15,229
1779714480,3923.18,3924,3920.74,3921.99,272
1779714540,3921.91,3922.31,3920.84,3921.68,243
1779714600,3921.61,3921.77,3920.44,3920.73,218
1779714660,3920.75,3920.75,3919.81,3920.18,198
1779714720,3920.25,3920.28,3918.45,3918.46,247
1779714780,3918.53,3918.81,3917.59,3917.8,237
1779714840,3917.84,3919.04,3917.69,3918.91,205
1779714900,3918.95,3919.02,3918.09,3918.13,194
1779714960,3918.21,3918.4,3917.67,3917.67,220
1779715020,3917.73,3917.73,3916.61,3917.08,242
1779715080,3916.9,3917.27,3916.22,3917.27,217
1779715140,3917.27,3918.29,3917.11,3917.64,256
1779715200,3917.65,3918.79,3917.55,3918.72,202
1779715260,3918.78,3919.67,3918.53,3918.97,217
1779715320,3918.98,3919.09,3918.01,3918.28,207
1779715380,3918.41,3919.31,3918.39,3919.19,209
1779715440,3919.16,3919.28,3918.65,3918.95,191
1779715500,3918.96,3919.34,3916.98,3917.07,206
1779715560,3917.07,3918.45,3917.01,3917.01,215
1779715620,3916.98,3918.12,3916.9,3917.74,196
1779715680,3917.77,3918.23,3917.48,3918.2,199
1779715740,3918.28,3919.05,3917.58,3917.72,211
1779715800,3917.75,3918.86,3917.72,3918.82,252
1779715860,3918.77,3919.32,3918.56,3918.69,229
1779715920,3918.7,3919.03,3917.95,3918.87,219
1779715980,3918.7,3918.83,3918.13,3918.79,228
1779716040,3918.92,3920.05,3918.81,3919.85,245
1779716100,3919.86,3921.09,3919.86,3920.97,194
1779716160,3920.91,3921.02,3920.04,3920.76,237
1779716220,3920.8,3921.09,3920.4,3921.05,205
1779716280,3921.07,3921.07,3919.38,3919.42,192
1779716340,3919.44,3920.07,3919.36,3920.07,193
1779716400,3920.09,3921.06,3920.04,3921.06,229
1779716460,3921.14,3921.26,3920.1,3920.23,218
1779716520,3920.27,3920.88,3920.03,3920.66,202
1779716580,3920.63,3920.82,3920.41,3920.64,216
1779716640,3920.65,3921.6,3920.56,3921.25,203
1779716700,3921.4,3921.57,3920.56,3920.59,207
1779716760,3920.57,3920.67,3918.87,3918.91,192
1779716820,3918.9,3919.01,3917.94,3917.95,206
1779716880,3917.93,3919.12,3917.87,3919.08,209
1779716940,3919.05,3919.05,3918.26,3918.6,159
1779717000,3918.6,3918.91,3917.92,3918.29,149
1779717060,3918.26,3918.97,3917.64,3918.65,210
1779717120,3918.74,3919.5,3917.76,3919.5,233
1779717180,3919.47,3919.73,3919.16,3919.36,181
1779717240,3919.32,3920.15,3919.32,3920.13,172
1779717300,3920.12,3921.23,3920.12,3920.93,199
1779717360,3920.87,3921.47,3920.87,3921.38,175
1779717420,3921.42,3921.42,3920.4,3920.78,187
1779717480,3920.79,3921.21,3920.41,3920.54,179
1779717540,3920.54,3921.09,3920.48,3920.61,227
1779717600,3920.52,3920.88,3920.05,3920.37,229
1779717660,3920.45,3921.81,3920.44,3921.36,195
1779717720,3921.42,3921.77,3921.19,3921.76,205
1779717780,3921.77,3922.91,3921.52,3922.5,214
1779717840,3922.55,3923.53,3922.31,3923.07,191
1779717900,3923.03,3925.36,3923.03,3925.23,256
1779717960,3925.21,3925.47,3924.23,3924.66,268
1779718020,3924.74,3925.54,3924.74,3925.42,177
1779718080,3925.46,3925.82,3925.07,3925.24,207
1779718140,3925.26,3925.61,3924.78,3925.38,223
1779718200,3925.37,3925.7,3924.8,3925.47,201
1779718260,3925.49,3925.58,3924.79,3925,204
1779718320,3924.98,3925.49,3924.5,3925.1,205
1779718380,3925.1,3925.3,3924.89,3925.07,168
1779718440,3925.07,3925.24,3923.81,3924.44,195
1779718500,3924.43,3924.43,3923.98,3924.11,186
1779718560,3924.15,3924.43,3923.95,3924.43,171
1779718620,3924.41,3924.95,3924.26,3924.95,173
1779718680,3924.96,3925.11,3924.1,3924.32,183
1779718740,3924.33,3924.68,3924,3924.43,164
1779718800,3924.41,3924.41,3923.7,3923.75,196
1779718860,3923.77,3925.36,3923.62,3925,178
1779718920,3924.92,3925.17,3924.17,3924.19,152
1779718980,3924.04,3925.03,3924.04,3924.92,198
1779719040,3924.91,3925.45,3924.9,3925.4,178
1779719100,3925.43,3925.79,3924.82,3924.99,225
1779719160,3924.99,3925.17,3924.65,3924.65,166
1779719220,3924.68,3925.02,3924.36,3924.94,153
1779719280,3924.94,3924.99,3923.65,3923.92,199
1779719340,3923.89,3924.14,3923.39,3923.98,146
1779719400,3923.99,3924.06,3921.62,3922.3,233
1779719460,3922.34,3922.53,3922.07,3922.3,159
1779719520,3922.31,3922.47,3921.85,3922.25,191
1779719580,3922.25,3922.53,3922.08,3922.53,185
1779719640,3922.54,3924.09,3922.17,3923.71,207
1779719700,3923.72,3923.72,3923.14,3923.21,156
1779719760,3923.36,3924.16,3923.16,3923.86,158
1779719820,3923.83,3923.86,3923.21,3923.23,135
1779719880,3923.2,3923.63,3922.58,3922.77,160
1779719940,3922.81,3923.46,3922.32,3923.45,157
1779720000,3923.37,3923.47,3922.79,3923.1,127
1779720060,3922.96,3923.78,3922.84,3923.06,167
1779720120,3922.98,3923.18,3922.4,3922.44,191
1779720180,3922.43,3922.48,3921.8,3921.99,137
1779720240,3922.01,3922.25,3921.77,3922.06,119
1779720300,3922.09,3922.36,3921.86,3921.92,132
1779720360,3921.82,3922.64,3921.59,3922.33,205
1779720420,3922.3,3922.79,3922.18,3922.25,186
1779720480,3922.26,3922.49,3921.55,3922.46,207
1779720540,3922.32,3923.14,3922.32,3923.08,150
1779720600,3923.17,3923.76,3922.53,3922.53,217
1779720660,3922.71,3922.99,3922.16,3922.41,134
1779720720,3922.29,3922.86,3922.29,3922.43,134
1779720780,3922.4,3922.91,3922.39,3922.51,122
1779720840,3922.51,3922.8,3921.41,3921.47,190
1779720900,3921.43,3921.72,3920.71,3921.1,215
1779720960,3921.06,3921.44,3921,3921.42,192
1779721020,3921.41,3921.89,3920.79,3921.89,212
1779721080,3921.87,3922.66,3921.61,3922.64,215
1779721140,3922.58,3922.73,3922.4,3922.73,197
1779721200,3922.48,3924.67,3922.48,3924.33,238
1779721260,3924.29,3924.93,3924.29,3924.62,202
1779721320,3924.65,3924.81,3923.8,3924.32,214
1779721380,3924.32,3924.88,3924.3,3924.36,170
1779721440,3924.37,3924.39,3924,3924.12,138
1779721500,3924.15,3924.16,3922.7,3923,190
1779721560,3923.02,3923.19,3922.74,3922.79,171
1779721620,3922.79,3922.86,3922,3922.08,184
1779721680,3922.18,3922.33,3921.79,3922.03,189
1779721740,3922.04,3922.91,3921.9,3922.85,149
1779721800,3922.93,3925.3,3922.41,3924.64,220
1779721860,3924.75,3926.12,3924.2,3925.71,307
1779721920,3925.79,3926.76,3924.79,3926.55,289
1779721980,3926.61,3926.85,3925.75,3925.99,250
1779722040,3925.78,3925.89,3924.69,3924.83,222
1779722100,3925.03,3925.31,3924.06,3924.2,219
1779722160,3924.05,3924.13,3923.15,3923.23,192
1779722220,3923.23,3923.34,3923.01,3923.28,177
1779722280,3923.3,3923.56,3923.16,3923.16,156
1779733260,3924.53,3925.48,3924.35,3925.48,59
1779733320,3925.67,3925.82,3924.69,3924.73,93
1779733380,3924.74,3924.92,3924.66,3924.87,49
1779733440,3924.9,3924.9,3922.97,3923.26,92
1779733500,3923.23,3924.58,3922.96,3924.34,99
1779733560,3924.32,3925.06,3924.18,3924.85,73
1779733620,3924.89,3924.91,3924.82,3924.86,78
1779733680,3924.78,3925.06,3924.73,3925.03,52
1779746520,3927.13,3928.08,3925.86,3928.07,166
1779746580,3928.04,3928.82,3927.84,3928.82,159
1779746640,3928.8,3928.87,3927.31,3927.35,144
1779746700,3927.37,3928.13,3926.87,3927.55,126
1779746760,3927.57,3928.08,3927.22,3927.45,107
1779746820,3927.58,3928.31,3927.28,3928.07,141
1779746880,3928.09,3928.7,3927.37,3928.23,106
1779746940,3928.28,3928.46,3927.82,3928.35,143
1779747000,3928.43,3928.49,3928.03,3928.34,106
1779747060,3928.31,3929.42,3928,3928.78,169
1779747120,3928.78,3929.08,3928.14,3928.18,120
1779747180,3928.18,3928.85,3928.1,3928.57,101
1779747240,3928.58,3928.72,3928.24,3928.67,93
1779747300,3928.72,3929.58,3928.6,3929.25,157
1779747360,3929.27,3930.11,3929.27,3929.73,132
1779747420,3929.74,3930.04,3929.49,3929.56,107
1779747480,3929.57,3930.52,3929.56,3930.33,103
1779747540,3930.3,3930.3,3929.2,3929.47,71
1779747600,3929.51,3929.81,3928.74,3929.81,96
1779747660,3929.9,3930.07,3929.32,3929.49,110
1779747720,3929.51,3929.58,3928.85,3929.54,68
1779747780,3929.5,3930.18,3929.35,3930.18,131
1779747840,3930.15,3930.34,3930.07,3930.3,97
1779747900,3930.27,3930.41,3929.36,3929.5,77
1779747960,3929.6,3930.02,3929.14,3929.15,106
1779748020,3929.19,3930.16,3929.09,3929.66,98
1779748080,3929.38,3929.38,3928.26,3928.42,163
1779748140,3928.43,3929.18,3928.43,3928.85,108
1779748200,3928.83,3928.83,3927.08,3927.73,231
1779748260,3927.71,3927.95,3927.38,3927.77,164
1779748320,3927.65,3928.43,3927.31,3928.27,141
1779748380,3928.24,3928.24,3927.32,3927.34,90
1779748440,3927.44,3927.47,3926.94,3927.08,120
1779748500,3927.07,3927.19,3925.83,3926.13,153
1779748560,3926.06,3926.41,3925.83,3926.17,147
1779748620,3926.3,3927.67,3926.17,3927.14,130
1779748680,3927.3,3928.8,3927.21,3928.31,144
1779748740,3928.28,3928.45,3927.95,3928.28,106
1779748800,3928.29,3928.65,3927.42,3928.6,137
1779748860,3928.64,3928.92,3928.57,3928.7,77
1779748920,3928.14,3928.74,3928.14,3928.4,116
1779748980,3928.37,3928.8,3927.8,3928.76,155
1779749040,3928.72,3930.19,3928.69,3929.21,170
1779749100,3929.16,3929.59,3928.94,3929.48,118
1779749160,3929.48,3929.48,3928.91,3928.93,107
1779749220,3928.97,3930.11,3928.87,3930.04,105
1779749280,3930.03,3930.11,3929.05,3929.43,127
1779749340,3929.27,3929.41,3928.92,3929.15,136
1779749400,3929.09,3930.06,3929.08,3929.76,90
1779749460,3929.82,3929.92,3929.26,3929.5,101
1779749520,3929.57,3929.71,3929.26,3929.48,86
1779749580,3929.57,3929.97,3929.57,3929.97,60
1779749640,3929.95,3931.01,3929.95,3930.92,103
1779749700,3930.94,3931.22,3929.92,3930.59,178
1779749760,3930.63,3931.11,3930.31,3931.11,145
1779749820,3931.12,3931.25,3930.62,3931.25,126
1779749880,3931.08,3931.14,3929.05,3929.47,150
1779749940,3929.46,3930.29,3929.35,3930.12,133
1779750000,3929.88,3931.3,3929.88,3930.21,171
1779750060,3930.22,3930.63,3929.84,3929.84,117
1779750120,3929.72,3930.09,3929.23,3929.28,131
1779750180,3929.25,3929.27,3928.68,3928.8,115
1779750240,3928.85,3929.45,3928.8,3928.98,128
1779750300,3928.98,3929.49,3928.59,3929.35,117
1779750360,3929.35,3929.82,3929.32,3929.46,104
1779750420,3929.47,3930.82,3929.44,3930.4,100
1779750480,3930.06,3930.57,3930.03,3930.52,104
1779750540,3930.61,3931.2,3930.52,3930.81,149
1779750600,3930.85,3933.11,3930.16,3932.76,191
1779750660,3932.76,3932.8,3932.16,3932.42,135
1779750720,3932.43,3932.91,3932.19,3932.19,153
1779750780,3932.28,3932.65,3931.66,3931.94,116
1779750840,3931.91,3933.22,3931.91,3933.11,170
1779750900,3933.09,3933.29,3932.96,3933.14,97
1779750960,3933.06,3933.18,3932.86,3932.91,121
1779751020,3932.91,3933.19,3932.75,3932.96,150
1779751080,3933.09,3933.89,3932.7,3933.59,208
1779751140,3933.58,3933.59,3931.46,3931.71,198
1779751200,3931.71,3932.17,3931.71,3931.81,134
1779751260,3931.79,3931.87,3930.07,3930.43,168
1779751320,3930.43,3930.5,3929.89,3929.94,121
1779751380,3929.91,3929.97,3928.87,3929.01,160
1779751440,3929.09,3929.36,3927.85,3929.28,186
1779751500,3929.2,3929.32,3927.41,3928.26,180
1779751560,3928.24,3928.27,3926.07,3926.79,159
1779751620,3926.82,3926.86,3924.52,3924.84,202
1779751680,3924.81,3925.08,3923.59,3923.89,237
1779751740,3924.25,3924.57,3923.92,3924.26,150
1779751800,3924.41,3924.64,3923.14,3923.48,205
1779751860,3923.59,3923.59,3921.39,3921.64,218
1779751920,3921.26,3922.34,3921.11,3921.4,220
1779751980,3921.39,3921.54,3919.2,3919.28,217
1779752040,3919.13,3919.9,3917.98,3918.4,198
1779752100,3918.27,3919.36,3916.12,3916.57,252
1779752160,3916.58,3918.34,3914.77,3915.33,275
1779752220,3915.41,3919.03,3913.81,3918.91,275
1779752280,3918.88,3919.23,3917.22,3917.64,230
1779752340,3917.55,3919.82,3917.02,3919.37,227
1779752400,3919.41,3919.88,3917.45,3917.82,217
1779752460,3917.72,3918.3,3916.53,3917.77,188
1779752520,3917.81,3918.08,3916.69,3917.9,203
1779752580,3917.96,3918.18,3916.4,3917.03,199
1779752640,3917.05,3917.22,3914.36,3915.61,266
1779752700,3915.69,3918.24,3915.5,3918.24,278
1779752760,3918.09,3918.9,3916.56,3916.74,225
1779752820,3916.8,3917.78,3916.8,3917.72,148
1779752880,3917.76,3917.96,3916.84,3917.52,161
1779752940,3917.1,3918.21,3917.05,3918.21,166
1779753000,3918.18,3918.74,3917.75,3918.29,196
1779753060,3918.25,3919.1,3917.86,3918.98,190
1779753120,3919.04,3920.07,3918.7,3919.74,163
1779753180,3919.75,3920.33,3919.58,3919.69,157
1779753240,3919.67,3921.09,3919.67,3920.93,175
1779753300,3920.63,3920.92,3919.14,3919.55,198
1779753360,3919.69,3920.62,3918.92,3919.96,213
1779753420,3919.97,3920.26,3918.06,3919.42,154
1779753480,3919.39,3920.17,3919.31,3919.55,187
1779753540,3919.57,3919.57,3918.49,3918.69,165
1779753600,3918.95,3918.95,3913.87,3915.06,311
1779753660,3915.08,3916.07,3910.09,3910.5,298
1779753720,3910.41,3911.06,3909.91,3910.4,299
1779753780,3910.35,3911.54,3909.86,3909.86,290
1779753840,3909.86,3910.37,3909.53,3910.24,262
1779753900,3910.2,3911.46,3909.86,3910.47,262
1779753960,3910.44,3911.58,3909.23,3909.66,284
1779754020,3909.66,3911.23,3909.66,3911.03,252
1779754080,3911.16,3911.16,3908.45,3908.98,267
1779754140,3908.97,3909.8,3908.97,3909.28,266
1779754200,3909.29,3909.7,3908.52,3908.68,252
1779754260,3908.69,3909.74,3908.43,3909.54,243
1779754320,3909.65,3911.19,3909.65,3910.74,251
1779754380,3910.62,3911.05,3909.65,3911.01,206
1779754440,3911.08,3912.31,3910.86,3911.55,223
1779754500,3911.6,3912.36,3911.24,3912.13,227
1779754560,3911.96,3912.22,3910.12,3910.2,240
1779754620,3910.18,3910.26,3909.09,3909.35,243
1779754680,3909.03,3909.47,3903.29,3904.18,245
1779754740,3903.16,3907.56,3902.77,3907.33,294
1779754800,3907.38,3907.9,3904.28,3906.33,257
1779754860,3906.37,3908.07,3906.09,3908.07,248
1779754920,3907.91,3907.91,3903.81,3904.92,266
1779754980,3904.81,3905.11,3903.48,3904.76,255
1779755040,3904.86,3906.39,3904.74,3906.38,223
1779755100,3906.4,3907.08,3905.96,3906.33,239
1779755160,3906.34,3908.26,3906.34,3908.26,213
1779755220,3908.22,3910.01,3907.77,3909.92,242
1779755280,3909.89,3910.7,3909.48,3910,207
1779755340,3909.9,3910.06,3909.39,3909.87,201
1779755400,3909.83,3912.07,3909.59,3912.04,218
1779755460,3912.03,3912.5,3911.43,3912.08,217
1779755520,3912.15,3912.18,3911.17,3911.42,214
1779755580,3911.44,3911.55,3910.3,3911.08,214
1779755640,3911.15,3912.81,3911.03,3912.02,206
1779755700,3912.06,3912.5,3911.11,3911.17,196
1779755760,3911.14,3911.57,3911.07,3911.07,148
1779755820,3910.65,3910.65,3908.75,3908.93,233
1779755880,3908.93,3909.36,3908.23,3908.48,232
1779755940,3908.46,3908.46,3907.24,3908.17,222
1779756000,3908.21,3908.69,3904.87,3906.35,244
1779756060,3906.66,3907.79,3906.52,3907.46,238
1779756120,3907.44,3909,3907.12,3908.89,203
1779756180,3908.9,3909.89,3908.02,3909.65,236
1779756240,3909.67,3909.92,3908.22,3908.79,205
1779756300,3908.67,3908.74,3907.78,3908.62,227
1779756360,3908.65,3911.21,3908.65,3910.71,235
1779756420,3910.61,3910.75,3909.06,3909.21,184
1779756480,3909.16,3909.44,3906.84,3907.13,252
1779756540,3907.18,3907.68,3905.56,3905.69,232
1779756600,3905.65,3906.85,3904.52,3904.69,243
1779756660,3904.69,3905.83,3903.19,3903.27,224
1779756720,3903.29,3904.59,3901.38,3901.55,273
1779756780,3901.71,3902.68,3901.05,3902.01,257
1779756840,3902.05,3904.32,3901.57,3903.17,260
1779756900,3903.21,3905.07,3903.19,3904.98,272
1779756960,3905.06,3906.76,3904.98,3906.35,232
1779757020,3906.38,3906.56,3905.79,3905.84,208
1779757080,3905.88,3906.36,3905.1,3906.23,219
1779757140,3907.21,3909.49,3906.84,3909.04,255
1779757200,3909.11,3909.44,3904.08,3907.05,308
1779757260,3907.26,3907.54,3903.99,3905.99,301
1779757320,3905.98,3906.9,3904.81,3904.81,283
1779757380,3904.83,3905.88,3903.58,3905.16,267
1779757440,3905.16,3907.17,3903.45,3903.79,309
1779757500,3903.86,3906.23,3903.67,3905.15,283
1779757560,3905.35,3907.84,3904.85,3906.58,294
1779757620,3906.58,3907.47,3906.46,3906.91,269
1779757680,3906.93,3907.34,3905.9,3906.84,267
1779757740,3906.71,3907.01,3904.97,3906.52,261
1779757800,3906.99,3908.58,3906.75,3907.83,278
1779757860,3907.86,3908.63,3906.9,3907.6,270
1779757920,3907.82,3908.78,3907.5,3908.68,266
1779757980,3908.71,3908.99,3908.07,3908.17,229
1779758040,3908.17,3908.85,3907.76,3908.1,241
1779758100,3907.97,3908.19,3906.06,3906.21,294
1779758160,3906.2,3906.74,3905.65,3905.94,226
1779758220,3906.01,3906.82,3905.81,3906.35,193
1779758280,3906.33,3906.94,3906.05,3906.77,240
1779758340,3906.71,3906.87,3905.83,3906.83,221
1779758400,3906.91,3907.87,3905.57,3905.85,261
1779758460,3905.8,3905.85,3903.22,3904.38,269
1779758520,3904.31,3905.39,3904.29,3905.24,263
1779758580,3905.35,3905.52,3904.17,3904.53,225
1779758640,3904.57,3905.08,3904.06,3904.82,241
1779758700,3904.62,3906.49,3904.16,3904.65,255
1779758760,3904.64,3905.78,3904.3,3905.53,224
1779758820,3905.57,3906.13,3905.29,3905.47,218
1779758880,3905.48,3906.98,3905.48,3906.23,230
1779758940,3906.23,3906.54,3904.3,3904.79,254
1779759000,3904.75,3905.11,3901.51,3902.33,306
1779759060,3902.3,3904.25,3901.7,3904,280
1779759120,3903.84,3903.84,3901.29,3901.79,277
1779759180,3901.92,3902.2,3900.26,3900.26,290
1779759240,3900.09,3901.18,3899.66,3900.92,289
1779759300,3900.74,3901.03,3899.84,3900.22,278
1779759360,3900.16,3900.62,3897.63,3897.99,278
1779759420,3898.14,3898.78,3897.39,3898.42,270
1779759480,3898.2,3898.22,3895.72,3898.2,283
1779759540,3898.2,3898.42,3892.54,3894.17,292
1779759600,3894.3,3896.52,3893.48,3895.63,304
1779759660,3895.44,3896.29,3893.74,3894.34,293
1779759720,3894.36,3896.71,3893.25,3896.05,311
1779759780,3895.99,3896.89,3895.65,3895.68,283
1779759840,3895.58,3896.71,3894.58,3896.62,267
1779759900,3896.65,3897.86,3896.09,3897.38,261
1779759960,3897.44,3897.89,3896.79,3897.51,243
1779760020,3897.53,3898.86,3895.61,3896.71,269
1779760080,3896.61,3897.87,3895.69,3896.66,269
1779760140,3896.61,3898.69,3895.03,3895.96,276
1779760200,3896.32,3896.7,3891.95,3896.55,285
1779760260,3896.57,3897.03,3896.19,3896.57,219
1779760320,3896.55,3897.7,3896.51,3897.63,208
1779760380,3897.66,3898.69,3897.66,3898.53,228
1779760440,3898.5,3899.38,3898.16,3898.35,241
1779760500,3898.31,3899.13,3898.28,3898.89,226
1779760560,3898.83,3899.03,3898.1,3898.31,245
1779760620,3898.35,3898.64,3897.82,3898.29,223
1779760680,3898.19,3899.13,3898.19,3898.75,203
1779760740,3898.79,3900.24,3898.67,3899.87,232
1779760800,3899.91,3900.44,3898.98,3900.08,246
1779760860,3900.15,3900.68,3899.3,3899.5,203
1779760920,3899.71,3899.76,3898.5,3899.13,208
1779760980,3899.28,3899.79,3898.81,3899.46,198
1779761040,3899.45,3899.85,3899.1,3899.46,188
1779761100,3899.32,3900.2,3898.56,3899.78,238
1779761160,3899.79,3901.14,3899.76,3900.36,229
1779761220,3900.39,3900.44,3899.8,3899.84,197
1779761280,3899.85,3900.14,3899.66,3900.11,175
1779761340,3900.06,3901.18,3899.85,3900.9,196
1779761400,3900.96,3901.79,3900.96,3901.26,235
1779761460,3901.28,3901.34,3900.54,3900.54,158
1779761520,3900.54,3900.73,3900.31,3900.64,181
1779761580,3900.64,3900.81,3900.17,3900.81,192
1779761640,3900.78,3901.54,3900.54,3901.54,207
1779761700,3901.7,3901.84,3901.51,3901.55,149
1779761760,3901.66,3901.71,3900.77,3900.89,136
1779761820,3901.11,3901.15,3900.07,3900.56,167
1779761880,3900.5,3901.2,3899.67,3900.89,155
1779761940,3900.86,3901.45,3900.86,3901.09,169
1779762000,3901.19,3901.23,3900.3,3900.38,168
1779762060,3900.35,3900.6,3900.02,3900.55,174
1779762120,3900.5,3901.34,3899.98,3901.04,183
1779762180,3901.12,3901.27,3901.04,3901.12,156
1779762240,3901.16,3901.31,3900.95,3901.3,124
1779762300,3901.26,3901.54,3900.98,3901.35,174
1779762360,3901.34,3901.67,3899.94,3900.33,183
1779762420,3900.25,3900.78,3900.17,3900.59,150
1779762480,3900.57,3900.61,3899.81,3899.81,174
1779762540,3899.84,3900.14,3899.65,3900.03,177
1779762600,3899.86,3900.22,3897.83,3898.43,239
1779762660,3898.4,3899.13,3897.7,3898.85,218
1779762720,3898.88,3899.77,3898.06,3898.12,225
1779762780,3898.09,3898.4,3897.04,3897.52,220
1779762840,3897.52,3898.01,3897.32,3897.93,188
1779762900,3897.91,3899.96,3897.55,3899.85,276
1779762960,3899.87,3901.27,3899.78,3901.27,242
1779763020,3901.06,3901.17,3900.23,3900.23,232
1779763080,3900.23,3900.74,3900.1,3900.52,139
1779763140,3900.5,3900.71,3899.78,3900.41,179
1779763200,3900.38,3901.28,3900.23,3901.02,172
1779763260,3901.01,3901.19,3898.67,3899.62,195
1779763320,3899.64,3900.27,3899.29,3899.42,167
1779763380,3899.41,3899.56,3897.76,3898.07,242
1779763440,3898.08,3898.24,3897.73,3898.05,198
1779763500,3898.01,3898.12,3896.83,3896.85,212
1779763560,3896.78,3897.24,3895.47,3895.81,243
1779763620,3895.82,3897.19,3895.56,3897.09,221
1779763680,3897.06,3897.48,3896.77,3896.89,194
1779763740,3896.87,3897.06,3895.97,3896.41,210
1779763800,3896.4,3896.41,3895.58,3895.91,210
1779763860,3895.88,3896.03,3895.09,3895.17,185
1779763920,3895.15,3895.7,3894.15,3895.61,227
1779763980,3895.52,3897.09,3895.13,3896.69,203
1779764040,3896.69,3897.04,3895.47,3896.06,195
1779764100,3896.07,3897.38,3896,3897.22,188
1779764160,3897.23,3897.9,3897.01,3897.06,163
1779764220,3897.07,3897.62,3896.24,3896.61,188
1779764280,3896.69,3896.69,3896.26,3896.49,171
1779764340,3896.46,3896.61,3895.73,3895.75,165
1779764400,3895.74,3897.31,3895.57,3897.31,182
1779764460,3897.29,3898.74,3897,3898.43,213
1779764520,3898.46,3898.69,3897.65,3897.89,172
1779764580,3897.9,3898.46,3897.72,3898.25,168
1779764640,3898.25,3898.26,3896.97,3897.02,170
1779764700,3896.95,3897.98,3896.92,3897.58,179
1779764760,3897.55,3897.83,3897.49,3897.83,176
1779764820,3897.83,3898.66,3897.72,3898.61,136
1779764880,3898.62,3898.97,3898.36,3898.6,186
1779764940,3898.66,3899.01,3898.45,3898.65,192
1779765000,3898.65,3898.78,3897.96,3898.1,162
1779765060,3898.1,3899.38,3898.1,3898.89,192
1779765120,3898.88,3900.73,3898.49,3899.85,192
1779765180,3900.16,3900.62,3899.8,3899.84,197
1779765240,3899.9,3900.25,3899.39,3899.61,172
1779765300,3899.59,3900.35,3899.53,3900.31,168
1779765360,3900.37,3900.63,3899.81,3900.49,190
1779765420,3900.58,3900.98,3900.41,3900.71,164
1779765480,3900.66,3901.03,3900.36,3900.57,133
1779765540,3900.6,3900.86,3900.26,3900.46,171
1779765600,3900.45,3902.04,3900.31,3901.58,226
1779765660,3901.77,3903.6,3901.71,3903.28,240
1779765720,3903.27,3904.6,3903.09,3903.42,204
1779765780,3903.38,3903.42,3902.64,3903.11,201
1779765840,3903.1,3903.45,3903.03,3903.23,159
1779765900,3903.2,3903.99,3903.03,3903.85,183
1779765960,3903.88,3904.18,3903.59,3903.86,180
1779766020,3903.85,3903.9,3903.04,3903.16,206
1779766080,3903.17,3904.09,3903.07,3904.09,151
1779766140,3904.18,3904.18,3903.85,3904.06,179
1779766200,3904.07,3904.16,3903.72,3904.12,145
1779766260,3904.27,3905.04,3904.16,3904.9,161
1779766320,3905.1,3905.73,3904.69,3904.95,174
1779766380,3904.96,3905.09,3904.51,3904.72,126
1779766440,3904.72,3905.87,3904.72,3905.85,178
1779766500,3905.86,3906.23,3905.38,3905.39,136
1779766560,3905.35,3906.44,3905.1,3906.19,171
1779766620,3906.14,3906.7,3906.02,3906.48,161
1779766680,3906.49,3906.58,3906.02,3906.3,140
1779766740,3906.3,3906.38,3903.57,3905.05,216
1779766800,3905.04,3905.75,3905,3905.75,158
1779766860,3905.69,3905.89,3900.39,3903.51,167
1779766920,3903.53,3904.38,3902.39,3903.69,158
1779766980,3903.67,3903.69,3903.2,3903.32,134
1779767040,3903.32,3903.39,3902.91,3903.24,120
1779767100,3903.17,3903.89,3902.82,3903.89,150
1779767160,3903.91,3903.97,3903.38,3903.59,112
1779767220,3903.59,3904,3903.52,3903.94,104
1779767280,3903.95,3904.41,3903.89,3903.98,117
1779767340,3903.98,3903.98,3903.71,3903.74,71
1779767400,3903.74,3904.85,3903.74,3904,155
1779767460,3904,3904.4,3903.89,3904.03,143
1779767520,3904.02,3905.27,3903.7,3905.24,148
1779767580,3905.22,3905.22,3904.61,3904.94,76
1779767640,3904.91,3905,3904.3,3904.3,158
1779767700,3904.42,3904.71,3904.03,3904.34,149
1779767760,3904.32,3904.45,3904.02,3904.2,106
1779767820,3904.2,3904.42,3903.84,3903.87,117
1779767880,3903.83,3903.87,3903.53,3903.64,82
1779767940,3903.12,3903.77,3902.73,3903.7,135
1779768000,3903.73,3904.13,3903.58,3903.91,155
1779768060,3903.87,3904.24,3903.67,3904.11,114
1779768120,3904.13,3904.52,3903.94,3904.27,124
1779768180,3904.33,3904.33,3903.42,3903.57,143
1779768240,3903.54,3903.59,3902.78,3902.78,130
1779768300,3902.67,3902.76,3901.97,3902.07,177
1779768360,3902.05,3902.32,3901.77,3901.77,115
1779768420,3901.74,3902.36,3901.69,3901.92,132
1779768480,3901.92,3902.88,3901.65,3902.78,128
1779768540,3902.77,3902.77,3901.52,3901.67,100
1779768600,3901.62,3902.05,3900.59,3900.78,165
1779768660,3900.78,3901.38,3900.09,3900.32,151
1779768720,3900.32,3900.46,3898.89,3899.38,174
1779768780,3899.38,3899.87,3898.99,3899.15,152
1779768840,3899.13,3900.57,3898.97,3899.45,192
1779768900,3899.55,3900.95,3899.55,3900.19,173
1779768960,3900.16,3900.47,3899.01,3900.33,175
1779769020,3900.34,3901.45,3900.3,3901.15,170
1779769080,3901.19,3901.67,3900.92,3901.16,134
1779769140,3901.1,3901.34,3900.3,3900.43,107
1779769200,3900.49,3900.75,3900.38,3900.5,80
1779769260,3900.5,3900.55,3900.01,3900.3,65
1779769320,3900.29,3900.41,3899.96,3900.34,71
1779769380,3900.23,3900.23,3899.2,3899.27,110
1779769440,3899.28,3899.44,3898.19,3898.37,143
1779769500,3898.33,3898.5,3897.55,3898.16,163
1779769560,3898.14,3898.29,3897.53,3897.59,115
1779769620,3897.6,3898.61,3897.56,3898.23,115
1779769680,3898.21,3898.21,3897.04,3897.17,140
1779769740,3897.2,3897.58,3896.25,3896.25,158
1779769800,3896.32,3896.79,3894.44,3895.75,216
1779769860,3895.92,3895.96,3894.22,3894.81,236
1779769920,3894.78,3896.52,3894.45,3896.23,219
1779769980,3896.23,3896.29,3895.1,3895.1,146
1779770040,3895.11,3895.11,3893.54,3894.07,170
1779770100,3894.07,3894.6,3893.88,3894.01,168
1779770160,3893.99,3894.14,3892.24,3892.24,174
1779770220,3892.17,3892.17,3890.33,3890.64,200
1779770280,3890.68,3892.59,3890.59,3892.41,208
1779770340,3892.49,3892.63,3892.07,3892.22,133
1779770400,3892.22,3893.04,3892.05,3893,164
1779770460,3893.04,3893.46,3891.94,3892.08,179
1779770520,3892.05,3892.09,3890.26,3891.47,198
1779770580,3891.47,3891.56,3891.24,3891.52,118
1779770640,3891.56,3892.23,3890.9,3890.94,126
1779770700,3890.91,3891.31,3889.74,3891.29,193
1779770760,3891.24,3891.58,3890.12,3891.5,175
1779770820,3891.59,3892.07,3890.96,3891.73,190
1779770880,3891.7,3892.14,3891.63,3891.63,163
1779770940,3891.65,3892.46,3891.22,3892.19,201
1779771000,3892.17,3893.34,3892.16,3893.04,165
1779771060,3893.03,3893.1,3892.22,3892.47,192
1779771120,3892.4,3892.4,3891.71,3891.91,134
1779771180,3891.87,3892.25,3891.27,3891.54,122
1779771240,3891.57,3892.39,3891.57,3892.39,102
1779771300,3892.46,3892.52,3891.76,3892.14,153
1779771360,3892.14,3892.74,3892.14,3892.6,129
1779771420,3892.59,3892.72,3890.19,3890.3,175
1779771480,3890.3,3891.15,3889.28,3891.1,203
1779771540,3891.18,3891.93,3891.06,3891.31,209
1779771600,3891.2,3891.4,3890.67,3891.28,201
1779771660,3891.26,3891.42,3889.26,3890.61,226
1779771720,3890.63,3892.87,3890.43,3892.66,212
1779771780,3892.65,3893.23,3892.3,3892.97,201
1779771840,3893,3894.83,3892.72,3894.18,218
1779771900,3894.13,3894.56,3893.27,3894.01,200
1779771960,3894,3894.09,3892.68,3893.1,183
1779772020,3893.11,3893.18,3892.32,3893.15,163
1779772080,3893.11,3895.41,3893.02,3895.31,200
1779772140,3895.28,3895.73,3895.28,3895.71,191
1779772200,3895.67,3896.26,3895.41,3895.63,200
1779772260,3895.67,3896.39,3895.53,3896.15,170
1779772320,3896.28,3896.28,3895.6,3895.87,177
1779772380,3895.87,3896.52,3894.78,3895.9,197
1779772440,3895.87,3896.07,3894.48,3894.93,186
1779772500,3894.8,3895.99,3894.74,3895.56,176
1779772560,3895.56,3895.74,3895.3,3895.5,122
1779772620,3895.49,3895.85,3895.15,3895.74,146
1779772680,3895.71,3896.33,3895.71,3896.14,131
1779772740,3896.23,3896.7,3895.22,3895.22,150
1779772800,3895.21,3895.9,3894.93,3895.9,155
1779772860,3895.83,3895.94,3894.86,3895.06,178
1779772920,3895.05,3895.29,3894.71,3895.26,102
1779772980,3895.26,3895.67,3894.9,3895.38,110
1779773040,3895.36,3896.47,3895.36,3895.62,159
1779773100,3895.44,3895.58,3894.45,3894.58,155
1779773160,3894.55,3895.32,3894.55,3895.26,107
1779773220,3895.32,3895.9,3894.77,3894.96,167
1779773280,3895.04,3896.44,3894.98,3895.85,180
1779773340,3895.88,3896.34,3895.8,3896.34,147
1779773400,3896.21,3898.42,3896.16,3897.42,263
1779773460,3897.45,3897.45,3896,3896.2,257
1779773520,3896.3,3898.42,3896.05,3898.42,233
1779773580,3898.37,3898.62,3897.78,3897.78,227
1779773640,3897.79,3898.5,3897.32,3898.26,231
1779773700,3898.3,3899.02,3898.16,3898.31,213
1779773760,3898.84,3898.84,3897.16,3897.94,228
1779773820,3897.93,3899.37,3897.85,3898.82,244
1779773880,3898.78,3898.84,3898.32,3898.8,201
1779773940,3898.89,3898.89,3897.25,3897.28,238
1779774000,3897.27,3897.42,3895.12,3895.3,267
1779774060,3895.42,3895.92,3893.42,3894.35,287
1779774120,3894.38,3894.9,3893.71,3893.74,277
1779774180,3893.62,3895.97,3893.62,3895.03,217
1779774240,3895.03,3895.97,3894.8,3895,205
1779774300,3894.96,3894.96,3894.05,3894.31,212
1779774360,3894.31,3894.8,3893.72,3893.91,235
1779774420,3893.86,3893.9,3892.3,3893.04,258
1779774480,3893.02,3894.75,3892.81,3894.73,215
1779774540,3894.71,3895.1,3893.33,3893.5,244
1779774600,3893.4,3893.66,3892.48,3893.63,244
1779774660,3893.59,3893.75,3891.17,3891.67,261
1779774720,3891.58,3891.94,3889.93,3890.36,255
1779774780,3890.3,3892.02,3890.07,3891.65,256
1779774840,3891.69,3892.91,3891.32,3892.85,248
1779774900,3892.73,3892.88,3891.47,3891.69,240
1779774960,3891.76,3893.25,3891.64,3893.19,217
1779775020,3893.21,3893.64,3892.95,3893.52,203
1779775080,3893.5,3894.65,3893.49,3894.53,247
1779775140,3894.49,3894.57,3893.22,3893.39,180
1779775200,3893.43,3895.6,3893.31,3894.72,274
1779775260,3894.7,3895,3894.17,3894.88,235
1779775320,3894.96,3896.15,3894.69,3895.97,251
1779775380,3895.94,3896.49,3895.73,3896.33,205
1779775440,3896.34,3896.54,3895.7,3896.42,209
1779775500,3896.41,3896.94,3895.7,3895.94,230
1779775560,3895.93,3896.37,3895.7,3896,243
1779775620,3896.01,3897.13,3896.01,3897.02,199
1779775680,3896.93,3897.18,3896.24,3896.62,225
1779775740,3896.63,3897.25,3896.1,3896.15,210
1779775800,3896.4,3896.52,3894.5,3895.08,247
1779775860,3895.05,3895.65,3894.95,3895.48,210
1779775920,3895.46,3895.76,3895,3895.46,201
1779775980,3895.46,3897.33,3895.2,3897.12,220
1779776040,3897.11,3897.56,3896.27,3896.57,220
1779776100,3896.61,3896.79,3894.95,3895.83,227
1779776160,3895.8,3896.34,3895.8,3896.11,175
1779776220,3896.07,3897.13,3895.88,3896.01,202
1779776280,3895.98,3896.27,3895.47,3895.69,155
1779776340,3895.65,3895.82,3895.25,3895.74,191
1779776400,3895.75,3897.44,3895.06,3897.22,214
1779776460,3897.36,3897.53,3896.58,3896.87,209
1779776520,3896.87,3898.32,3896.71,3897.46,216
1779776580,3897.46,3898.63,3897.45,3898.6,212
1779776640,3898.58,3898.62,3896.86,3897.71,215
1779776700,3897.72,3899.09,3897.72,3898.62,246
1779776760,3898.59,3898.72,3897.9,3897.99,264
1779776820,3898.01,3898.02,3896.86,3897.13,215
1779776880,3897.13,3897.59,3893.79,3893.9,217
1779776940,3893.8,3896.16,3893.04,3894.49,296
1779777000,3894.46,3894.53,3893.25,3894.22,235
1779777060,3894.22,3894.28,3893.13,3893.61,237
1779777120,3893.63,3894.04,3892.75,3893.07,247
1779777180,3893.14,3894.09,3892.9,3893.79,215
1779777240,3893.75,3894.67,3893.55,3894.48,223
1779777300,3894.44,3895.22,3894.31,3895.08,224
1779777360,3895.13,3895.73,3894.7,3895.56,223
1779777420,3895.57,3896.18,3895.1,3895.57,226
1779777480,3895.6,3895.65,3894.33,3894.46,223
1779777540,3894.49,3895.23,3894.06,3894.69,215
1779777600,3894.69,3896.71,3894.46,3896.08,215
1779777660,3896.09,3896.75,3895.93,3896.37,218
1779777720,3896.42,3896.73,3895.89,3895.89,218
1779777780,3895.83,3896.31,3895.63,3896.16,211
1779777840,3896.16,3896.38,3895.57,3896.33,215
1779777900,3896.41,3896.45,3895.04,3895.04,238
1779777960,3895.07,3895.11,3894.1,3894.17,184
1779778020,3894.23,3894.57,3893.77,3893.96,202
1779778080,3893.95,3895.15,3893.9,3895.04,213
1779778140,3895.05,3895.07,3892.16,3892.97,246
1779778200,3893.01,3893.83,3892.78,3893.59,270
1779778260,3893.63,3893.92,3891.83,3892.08,237
1779778320,3892.1,3893.26,3892.07,3892.68,225
1779778380,3892.61,3893.94,3891.81,3893.88,210
1779778440,3893.84,3894.19,3893.74,3894.15,215
1779778500,3893.99,3894.61,3893.71,3894.53,194
1779778560,3894.57,3895.84,3894.4,3895.64,220
1779778620,3895.6,3895.76,3895.03,3895.62,226
1779778680,3895.31,3895.66,3894.18,3894.39,214
1779778740,3894.5,3894.75,3894,3894.26,229
1779778800,3894.61,3895.67,3894.32,3894.74,240
1779778860,3894.85,3895.41,3894.41,3894.91,226
1779778920,3894.91,3896.3,3894.87,3896.08,240
1779783240,3890.75,3891.2,3890.07,3890.21,141
1779783300,3890.24,3891.71,3889.95,3890.63,232
1779783360,3890.59,3891.28,3890.14,3890.14,211
1779783420,3890.09,3891.13,3890.01,3891.13,188
1779783480,3891.14,3891.25,3890.47,3890.72,175
1779783540,3890.73,3891.37,3890.42,3891.24,215
1779783600,3891.32,3891.47,3889.24,3889.48,209
1779783660,3889.5,3890.68,3888.8,3890.58,202
1779783720,3890.55,3890.88,3890.41,3890.74,186
1779783780,3890.73,3891.13,3890.64,3890.64,193
1779783840,3890.68,3890.95,3888.31,3889.06,186
1779783900,3889.07,3889.76,3888.19,3888.5,224
1779783960,3888.5,3888.51,3886.55,3887.18,260
1779784020,3887.06,3887.6,3885.95,3887.56,261
1779784080,3887.57,3887.85,3886.66,3886.79,240
1779784140,3886.65,3886.81,3884.13,3885.49,270
1779784200,3885.39,3885.5,3883.92,3884.13,271
1779784260,3884.16,3885.51,3884.14,3884.75,224
1779784320,3884.38,3884.44,3883.81,3884.22,209
1779784380,3884.17,3884.63,3883.68,3884.55,240
1779784440,3884.52,3885.69,3883.88,3884.67,222
1779784500,3884.66,3885.13,3883.88,3884.03,214
1779784560,3883.94,3885.13,3883.61,3885.06,220
1779784620,3885.05,3886.16,3884.5,3886.05,209
1779784680,3885.87,3886.71,3885.84,3886.08,241
1779784740,3885.86,3886.33,3885.26,3885.96,224
1779784800,3885.98,3886.86,3885.55,3886.56,198
1779784860,3886.55,3887.69,3886.45,3887.67,206
1779784920,3887.75,3889.61,3887.71,3889.32,235
1779784980,3889.3,3889.38,3888.19,3888.6,213
1779785040,3888.64,3890.2,3888.64,3889.55,231
1779785100,3889.49,3890.63,3889.44,3890.1,235
1779785160,3890,3891.15,3889.02,3890.13,215
1779785220,3889.55,3890.2,3889.07,3889.7,200
1779785280,3889.69,3889.69,3888.01,3888.18,208
1779785340,3888.23,3888.23,3885.54,3886.32,197
1779785400,3886.31,3886.31,3884.56,3886,206
1779785460,3885.95,3887.87,3885.84,3887.87,221
1779785520,3887.84,3888.06,3887.33,3887.45,220
1779785580,3887.41,3887.47,3886.59,3886.99,193
1779785640,3887.01,3887.15,3886.5,3886.69,150
1779785700,3886.82,3887.1,3885.99,3886.17,162
1779785760,3886.33,3887.26,3886.33,3887.06,186
1779785820,3887.02,3887.18,3886.61,3886.97,205
1779785880,3886.95,3887.19,3886.71,3887.04,180
1779785940,3887.01,3887.71,3886.36,3887.61,213
1779786000,3887.96,3888.05,3887.3,3887.48,239
1779786060,3887.33,3887.71,3886.84,3887.67,230
1779786120,3887.73,3888.87,3887.61,3888.72,208
1779786180,3888.73,3888.81,3887.92,3888.66,189
1779786240,3888.6,3889.17,3888.08,3888.83,202
1779786300,3889.04,3889.33,3888.77,3888.99,189
1779786360,3889.01,3889.34,3888.05,3888.24,199
1779786420,3888.21,3888.7,3886.71,3887.07,233
1779786480,3887.05,3887.46,3886.96,3887.02,209
1779786540,3887.01,3887.1,3886.16,3887.09,184
1779786600,3887.15,3887.32,3886.77,3886.83,127
1779786660,3886.84,3887.06,3886.51,3886.57,116
1779786720,3886.49,3886.59,3885.41,3886.26,184
1779786780,3886.29,3886.29,3884.51,3884.69,170
1779786840,3884.72,3884.96,3883.24,3884.32,219
1779786900,3884.29,3884.29,3882.79,3883.52,190
1779786960,3883.54,3883.79,3882.37,3883.02,224
1779787020,3883.03,3886.86,3882.96,3886.4,270
1779787080,3886.48,3887.61,3886.4,3887.6,254
1779787140,3887.55,3887.85,3886.87,3887.36,265
1779787200,3887.8,3887.81,3886.21,3886.33,224
1779787260,3886.43,3887.75,3885.99,3887.19,215
1779787320,3887.3,3887.35,3886.69,3886.9,212
1779787380,3886.95,3887.03,3884.51,3884.52,242
1779787440,3884.57,3886.16,3884.52,3885.55,213
1779787500,3885.49,3886.81,3885.32,3886.77,230
1779787560,3886.73,3887.41,3885.72,3887.07,223
1779787620,3887.68,3888.29,3887.27,3888.25,197
1779787680,3888.29,3888.44,3887.25,3888.32,209
1779787740,3888.31,3888.48,3886.52,3886.72,232
1779787800,3886.7,3887,3883.38,3884.6,272
1779787860,3884.61,3884.8,3882.22,3882.5,247
1779787920,3882.52,3882.84,3879.93,3881.57,275
1779787980,3881.55,3883.24,3881.55,3882.6,272
1779788040,3882.58,3882.6,3880.57,3880.62,241
1779788100,3880.84,3881.09,3879.31,3879.97,243
1779788160,3879.9,3881.04,3879.4,3879.77,226
1779788220,3879.72,3881.32,3879.47,3880.75,200
1779788280,3880.76,3881.38,3880.11,3880.91,193
1779788340,3880.9,3880.98,3879.21,3879.83,203
1779788400,3879.91,3880.04,3878.75,3879.39,227
1779788460,3879.4,3879.41,3878.5,3879.41,257
1779788520,3879.31,3879.32,3874.06,3876.81,271
1779788580,3876.9,3877.87,3876,3877.43,257
1779788640,3877.51,3878.29,3876.05,3877.02,246
1779788700,3876.99,3879.35,3876.99,3879.26,273
1779788760,3879.29,3880.69,3879.24,3880.41,257
1779788820,3880.39,3881.34,3879.48,3881,238
1779788880,3881.03,3881.03,3879.76,3880.52,194
1779788940,3880.51,3881.63,3880.05,3881.48,198
1779789000,3881.65,3881.91,3880.34,3880.75,236
1779789060,3880.73,3882.05,3880.71,3882.04,211
1779789120,3881.99,3882.47,3881.53,3881.9,180
1779789180,3881.97,3881.98,3880.22,3880.76,181
1779789240,3880.72,3881.62,3880.47,3881.39,225
1779789300,3881.32,3881.83,3880.13,3880.13,216
1779789360,3880.06,3881.57,3880.06,3881.23,219
1779789420,3881.19,3881.52,3880.02,3881.08,233
1779789480,3880.97,3883.6,3880.66,3883.42,266
1779789540,3883.4,3885.32,3883.26,3884.58,258
1779789600,3884.85,3885.03,3883.62,3884.41,271
1779789660,3884.23,3884.86,3883.44,3884.54,228
1779789720,3884.43,3884.53,3883.32,3883.95,203
1779789780,3883.97,3884.61,3882.32,3882.63,253
1779789840,3882.6,3883.42,3882.27,3882.9,234
1779789900,3882.92,3883.55,3882.52,3883.39,164
1779789960,3883.37,3884.12,3883.14,3883.85,142
1779790020,3883.93,3886.07,3883.93,3885.7,229
1779790080,3885.96,3886.23,3885.16,3886.02,221
1779790140,3886.04,3887.16,3885.3,3887.16,223
1779790200,3887.17,3888.39,3886.91,3888.21,251
1779790260,3888.2,3889.38,3887.91,3889.37,247
1779790320,3889.39,3890.85,3889.39,3890.75,264
1779790380,3890.58,3892.5,3889.22,3889.25,298
1779790440,3889.22,3890.32,3888.8,3890.32,295
1779790500,3890.41,3893.08,3890.41,3892.74,254
1779790560,3892.77,3893.27,3891.32,3891.59,253
1779790620,3891.64,3892.16,3890.14,3890.27,239
1779790680,3890.24,3890.71,3889.22,3890.08,229
1779790740,3890.09,3890.3,3888.62,3889.15,213
1779790800,3889.31,3890.52,3888.86,3890.47,191
1779790860,3890.6,3892.58,3890.6,3892.14,205
1779790920,3892.14,3893.11,3891.62,3892.16,235
1779790980,3892.13,3892.94,3891.99,3892,200
1779791040,3892,3892.94,3891.85,3892.66,190
1779791100,3892.64,3893.16,3892.56,3892.98,183
1779791160,3892.96,3893.69,3892.96,3893.32,188
1779791220,3893.33,3894.2,3892.97,3894.18,182
1779791280,3894.16,3895.2,3893.51,3894.27,274
1779791340,3894.3,3894.3,3892.27,3893.71,243
1779791400,3893.74,3895.22,3893.74,3894.97,280
1779791460,3895.03,3895.32,3893.94,3894.58,256
1779791520,3894.54,3895.41,3894.42,3894.85,256
1779791580,3894.91,3896.01,3894.4,3895.92,252
1779791640,3895.9,3898.96,3895.77,3898.89,273
1779791700,3898.87,3898.87,3896.44,3896.86,265
1779791760,3896.87,3898.36,3896.84,3897.77,255
1779791820,3897.85,3897.87,3896.62,3896.7,221
1779791880,3896.66,3896.66,3895.6,3896,231
1779791940,3895.99,3896.07,3895.68,3895.68,202
1779792000,3895.68,3895.78,3894.97,3895.49,212
1779792060,3895.45,3896.03,3895.37,3895.54,190
1779792120,3895.55,3895.67,3894.67,3894.67,197
1779792180,3894.69,3895.69,3893.37,3893.62,252
1779792240,3893.6,3894.75,3893.12,3894.2,257
1779792300,3894.35,3896.53,3894.31,3896.34,234
1779792360,3896.29,3896.52,3894.63,3895.46,194
1779792420,3895.6,3895.6,3894.69,3894.87,208
1779792480,3894.85,3896.47,3894.81,3896.43,212
1779792540,3896.46,3897.89,3895.79,3897.85,251
1779792600,3897.85,3900.52,3897.77,3898.42,298
1779792660,3898.46,3898.6,3896.98,3898.05,267
1779792720,3898.05,3898.05,3896.25,3896.51,258
1779792780,3896.55,3896.64,3895.53,3895.9,220
1779792840,3895.94,3895.97,3894.39,3895.05,227
1779792900,3895.06,3895.35,3894.52,3894.77,205
1779792960,3894.68,3895.17,3894.6,3894.6,215
1779793020,3894.66,3894.76,3894.07,3894.71,221
1779793080,3894.74,3895.14,3894.41,3895.09,198
1779793140,3895.06,3895.4,3894.87,3895.17,191
1779793200,3895.27,3895.68,3893.9,3895.03,241
1779793260,3895.04,3895.09,3894.62,3894.67,220
1779793320,3894.64,3894.83,3893.79,3894.53,204
1779793380,3894.53,3896.04,3894.47,3895.72,220
1779793440,3895.66,3896.36,3895.66,3896.23,201
1779793500,3896.15,3896.18,3895,3895.26,211
1779793560,3895.29,3895.69,3894.76,3894.9,164
1779793620,3894.93,3894.93,3894.18,3894.76,188
1779793680,3894.77,3895.43,3894.01,3895.43,181
1779793740,3895.43,3895.45,3894.59,3894.59,186
1779793800,3894.61,3895.05,3894.44,3894.68,141
1779793860,3894.65,3895.34,3894.15,3894.15,169
1779793920,3894.17,3894.23,3893.04,3893.04,183
1779793980,3893.05,3893.13,3892.07,3892.5,200
1779794040,3892.43,3892.65,3891.96,3892.15,169
1779794100,3892.2,3892.8,3892.05,3892.32,185
1779794160,3892.28,3893.18,3892.17,3892.79,183
1779794220,3892.84,3893.08,3892.04,3892.21,214
1779794280,3892.18,3892.3,3891.4,3891.7,223
1779794340,3891.66,3891.84,3890.75,3890.8,225
1779794400,3890.75,3891.23,3890.25,3890.39,245
1779794460,3890.3,3890.4,3889.31,3889.38,242
1779794520,3889.39,3889.56,3888.22,3888.41,240
1779794580,3888.35,3888.52,3887.24,3887.93,242
1779794640,3887.72,3888.82,3887.37,3887.63,221
1779794700,3887.42,3887.57,3886.55,3886.69,189
1779794760,3887.01,3887.83,3885.84,3886.55,234
1779794820,3886.56,3887.11,3885.33,3886.43,252
1779794880,3886.37,3886.61,3885.86,3886.17,228
1779794940,3886.23,3886.93,3885.88,3886.44,233
1779795000,3886.22,3886.42,3877.99,3881.39,255
1779795060,3881.2,3883.27,3881.2,3882.05,266
1779795120,3882.04,3885.17,3880.77,3883.27,300
1779795180,3883.77,3885.38,3883.13,3884.46,242
1779795240,3884.46,3885.01,3882.08,3882.89,306
1779795300,3882.89,3882.97,3866.51,3874.44,299
1779795360,3872.56,3880.62,3869.52,3876.84,322
1779795420,3876.89,3879.89,3873.96,3879.05,301
1779795480,3879.12,3879.8,3875.57,3875.78,294
1779795540,3876.04,3877.64,3872.85,3876.09,300
1779795600,3876.07,3877.26,3874.43,3876.93,285
1779795660,3877.01,3878.49,3876.62,3877.58,278
1779795720,3877.57,3877.77,3871.14,3872.26,293
1779795780,3872.39,3875.34,3866.32,3874.87,312
1779795840,3874.8,3876.82,3874.33,3876.36,265
1779795900,3876.32,3877.42,3875.11,3875.46,277
1779795960,3875.45,3878.31,3875.16,3878.29,275
1779796020,3878.12,3881.11,3878.05,3880.37,272
1779796080,3880.42,3880.62,3879.38,3879.45,252
1779796140,3879.41,3879.86,3878.75,3878.75,214
1779796200,3878.63,3880.48,3878.26,3880.16,266
1779796260,3880.07,3880.9,3879.67,3879.69,225
1779796320,3879.67,3879.67,3873.91,3876.8,285
1779796380,3878.07,3878.16,3876.62,3877.29,239
1779796440,3877.26,3878.34,3876.9,3877.47,265
1779796500,3877.44,3877.61,3874.29,3874.55,259
1779796560,3874.55,3876.42,3874.55,3875.73,229
1779796620,3875.85,3877.37,3875.06,3875.81,262
1779796680,3875.82,3876.84,3867.61,3870.78,246
1779796740,3870.06,3873.17,3865.93,3873.01,304
1779796800,3872.93,3876.32,3872,3876.32,298
1779796860,3876.25,3876.57,3875.32,3875.89,283
1779796920,3875.85,3876.14,3874.86,3875.97,254
1779796980,3875.31,3875.87,3873.48,3874.26,256
1779797040,3874.26,3875.1,3873.48,3874.77,225
1779797100,3874.82,3875.41,3873.81,3874.86,244
1779797160,3874.83,3875.8,3873.77,3873.77,255
1779797220,3873.68,3875.78,3873.6,3874.97,264
1779797280,3874.97,3878.39,3874.58,3876.32,294
1779797340,3876.42,3877.67,3875,3877.13,278
1779797400,3877.15,3877.23,3875,3876.18,279
1779797460,3876.23,3877.87,3875.63,3877.04,226
1779797520,3877.14,3877.79,3877.1,3877.35,221
1779797580,3877.33,3878.17,3876.06,3877.37,228
1779797640,3877.36,3877.57,3875.46,3876.97,265
1779797700,3876.98,3881.69,3876.46,3880.48,276
1779797760,3880.53,3881.59,3879.85,3880.9,280
1779797820,3880.85,3880.85,3879.01,3879.87,252
1779797880,3879.83,3879.83,3878.68,3879.44,197
1779797940,3879.5,3879.52,3878.41,3878.76,222
1779798000,3878.56,3878.87,3875.14,3875.81,250
1779798060,3875.86,3878.55,3875.71,3878.54,245
1779798120,3878.92,3879,3877.46,3877.74,188
1779798180,3877.77,3878.05,3875.98,3876.58,219
1779798240,3876.56,3878.29,3876.03,3876.68,269
1779798300,3876.68,3877.72,3876.42,3877.63,232
1779798360,3877.69,3878.14,3875.49,3875.51,254
1779798420,3875.51,3875.91,3875.16,3875.8,223
1779798480,3875.8,3875.9,3864.46,3868.34,253
1779798540,3868.44,3872.95,3867.39,3872.91,197
1779798600,3872.88,3873.25,3869.98,3870.69,287
1779798660,3870.64,3873.16,3868.38,3873.16,300
1779798720,3873.12,3873.5,3871.74,3871.88,265
1779798780,3871.91,3873.04,3871.76,3872.74,247
1779798840,3873.12,3876.08,3872.64,3875.94,264
1779798900,3875.86,3875.98,3873.67,3874.38,264
1779798960,3874.42,3875.37,3873.63,3873.81,247
1779799020,3873.78,3873.92,3872.43,3872.62,254
1779799080,3872.62,3873.65,3871.5,3871.5,238
1779799140,3870.91,3871.17,3869.34,3870.17,269
1779799200,3870.14,3871.54,3870.02,3871.31,241
1779799260,3871.29,3872.77,3870.91,3872.77,211
1779799320,3872.78,3877.24,3872.68,3876.5,267
1779799380,3876.28,3877.24,3875.6,3876.3,266
1779799440,3876.24,3878.28,3876.2,3878.28,270
1779799500,3878.27,3878.82,3877.32,3877.76,255
1779799560,3878.79,3880.65,3878.58,3880.54,266
1779799620,3880.5,3882.13,3879.15,3880.06,269
1779799680,3880.05,3882.93,3880.05,3882.85,257
1779799740,3882.87,3886.21,3882.87,3885.05,316
1779799800,3885,3886.43,3882.63,3883.06,314
1779799860,3883.37,3885.2,3883.09,3885.2,281
1779799920,3885.17,3886.51,3884.61,3886.35,269
1779799980,3886.36,3888.31,3885.71,3887.2,281
1779800040,3887.18,3887.92,3886.44,3887.62,246
1779800100,3887.53,3888.32,3885.91,3887.84,268
1779800160,3887.89,3888.64,3887.56,3887.95,237
1779800220,3887.94,3888.77,3887.71,3887.88,235
1779800280,3887.97,3888.04,3885.74,3885.83,258
1779800340,3885.85,3886.49,3885.06,3886.22,235
1779800400,3886.06,3888.91,3885.58,3888.34,301
1779800460,3888.28,3888.88,3886.52,3888.35,278
1779800520,3888.38,3890.93,3887.46,3889.68,274
1779800580,3889.65,3889.65,3887.93,3888.53,273
1779800640,3888.58,3889.93,3887.73,3889.05,257
1779800700,3889.04,3889.34,3886.8,3886.93,241
1779800760,3886.96,3887.55,3885.91,3887.54,257
1779800820,3887.53,3887.64,3885.9,3886.54,251
1779800880,3886.58,3887.6,3886.34,3886.97,232
1779800940,3886.91,3889.39,3886.78,3888.34,241
1779801000,3888.29,3888.35,3886.58,3886.83,233
1779801060,3886.54,3886.58,3881.76,3884.9,295
1779801120,3884.9,3886.15,3884.35,3885.58,258
1779801180,3885.59,3885.63,3883.91,3885.05,254
1779801240,3885,3886.81,3884.49,3884.85,285
1779801300,3884.85,3886.12,3884.85,3885.7,231
1779801360,3885.71,3885.74,3884.47,3884.73,225
1779801420,3884.75,3886.58,3884.65,3886.32,201
1779801480,3886.35,3887.37,3885.04,3885.72,268
1779801540,3885.72,3887.25,3885.72,3886.43,233
1779801600,3886.43,3887.74,3886.43,3887.65,209
1779801660,3887.66,3891.36,3887.62,3890.19,295
1779801720,3890.18,3891.39,3889.56,3889.69,254
1779801780,3889.75,3891.53,3888.82,3889.63,248
1779801840,3889.54,3891.35,3889.35,3891.11,277
1779801900,3891.12,3892.26,3891.1,3892.15,274
1779801960,3892.09,3892.36,3890.8,3890.8,256
1779802020,3890.78,3891.43,3890.77,3891.41,209
1779802080,3891.08,3891.08,3889.55,3890.13,262
1779802140,3890.14,3890.2,3889.33,3889.52,263
1779802200,3889.48,3893.73,3889.48,3891.34,319
1779802260,3891.29,3892.82,3889.65,3891.84,302
1779802320,3892.14,3894.11,3892.14,3893.18,283
1779802380,3893.2,3893.76,3889.59,3889.79,292
1779802440,3890.09,3891.14,3889.5,3889.92,296
1779802500,3889.82,3890.28,3888.76,3890.28,294
1779802560,3890.19,3891.43,3889.51,3891.19,299
1779802620,3891.13,3893.68,3890.73,3893.4,298
1779802680,3893.52,3894.06,3892.51,3892.51,289
1779802740,3892.5,3892.7,3890.86,3890.94,293
1779802800,3890.98,3894.27,3890.84,3893.22,299
1779802860,3893.33,3894.66,3893.07,3894.66,282
1779802920,3894.55,3894.77,3893.81,3894.63,285
1779802980,3894.7,3894.71,3893.73,3894.3,295
1779803040,3894.32,3896.16,3893.25,3893.42,298
1779803100,3893.48,3894.69,3893.08,3893.87,266
1779803160,3893.85,3893.85,3892.11,3893.85,291
1779803220,3893.8,3893.95,3892.17,3892.98,279
1779803280,3893.04,3894.14,3892.19,3892.19,290
1779803340,3891.83,3892.4,3891.14,3891.51,286
1779803400,3891.69,3892.08,3887.32,3887.61,304
1779803460,3887.53,3889.03,3885.85,3887.63,303
1779803520,3887.62,3889.48,3886.41,3888.68,298
1779803580,3888.59,3888.59,3884.44,3885.64,318
1779803640,3885.73,3887.14,3885.26,3885.85,310
1779803700,3885.99,3887.08,3885.53,3886,305
1779803760,3885.99,3886.85,3885.27,3885.53,300
1779803820,3885.53,3886.16,3884.19,3884.23,296
1779803880,3884.28,3884.37,3882.63,3882.82,269
1779803940,3882.76,3883.08,3881.8,3882.87,275
1779804000,3883.44,3884.01,3881.15,3882.53,305
1779804060,3882.63,3884.14,3880.64,3883.3,318
1779804120,3883.5,3883.97,3882.79,3883.97,307
1779804180,3884.28,3884.85,3883.14,3884.53,295
1779804240,3884.46,3885.67,3883.99,3885.4,281
1779804300,3885.35,3887.38,3885.04,3887.14,308
1779804360,3887.3,3887.6,3886.13,3886.57,280
1779804420,3886.58,3887.76,3886.15,3887.17,286
1779804480,3887.17,3887.48,3885.37,3885.9,274
1779804540,3885.89,3886.05,3883.9,3884.18,294
1779804600,3884.22,3884.26,3882.99,3883.42,288
1779804660,3883.41,3883.6,3881.21,3881.74,284
1779804720,3881.73,3882.51,3879.78,3880.35,289
1779804780,3880.67,3881.1,3879.44,3880.11,299
1779804840,3880.2,3880.59,3877.97,3880.59,291
1779804900,3880.42,3881.03,3879.62,3880.04,280
1779804960,3880.12,3881.13,3879.64,3880.93,272
1779805020,3880.88,3881.38,3879.27,3880.01,250
1779805080,3880.13,3882.75,3879.98,3882.2,274
1779805140,3882.17,3884.25,3881.81,3883.9,253
1779805200,3883.93,3884.02,3883.48,3883.58,257
1779805260,3883.55,3883.95,3882.47,3882.59,263
1779805320,3882.6,3885.57,3882.27,3884.41,297
1779805380,3884.53,3884.97,3883.8,3884.24,271
1779805440,3884.28,3884.93,3883.75,3884.8,269
1779805500,3884.87,3886.67,3884.87,3886.16,280
1779805560,3886.1,3886.31,3885.51,3886.3,243
1779805620,3886.32,3886.7,3885.68,3885.71,224
1779805680,3885.72,3886.12,3885.02,3885.11,269
1779805740,3885.26,3886.51,3885.13,3886.4,244
1779805800,3886.54,3888.61,3886.54,3887.85,266
1779805860,3887.91,3888.49,3887.51,3887.6,261
1779805920,3887.6,3889.37,3887.51,3888.55,248
1779805980,3888.32,3889.03,3885.92,3886.82,300
1779806040,3886.8,3887.54,3885.59,3885.74,261
1779806100,3885.67,3888.12,3885.66,3888.12,279
1779806160,3888.14,3889.5,3887.82,3888.56,311
1779806220,3888.62,3890.27,3888.62,3890.12,283
1779806280,3889.84,3891.31,3889.32,3891.07,268
1779806340,3891.2,3892.19,3890,3890.18,273
1779806400,3890.16,3890.47,3889.83,3890.37,252
1779806460,3890.37,3890.37,3888.22,3888.22,248
1779806520,3888.21,3888.29,3887.62,3888.04,233
1779806580,3887.86,3888.51,3887.62,3888.05,267
1779806640,3888.17,3889.23,3887.97,3889.14,237
1779806700,3889.11,3889.51,3888.52,3889.51,265
1779806760,3889.38,3889.54,3887.93,3888.5,252
1779806820,3888.56,3888.72,3887.6,3887.62,231
1779806880,3887.42,3887.63,3886.48,3886.56,256
1779806940,3886.59,3887.8,3886.18,3886.94,256
1779807000,3886.93,3886.96,3885.55,3885.63,239
1779807060,3885.81,3886.45,3885.4,3886.23,256
1779807120,3886.29,3886.81,3886.04,3886.17,262
1779807180,3886.14,3886.18,3885.04,3885.71,257
1779807240,3885.73,3885.84,3884.17,3884.39,276
1779807300,3884.54,3884.74,3882.72,3882.91,293
1779807360,3882.83,3883.74,3882.08,3883.71,283
1779807420,3883.69,3884.58,3883,3883.78,280
1779807480,3883.72,3884.39,3882.88,3884.31,282
1779807540,3884.3,3884.61,3883.46,3884.06,256
1779807600,3884.11,3884.27,3883.36,3883.57,285
1779807660,3883.48,3883.56,3882.47,3882.54,270
1779807720,3882.58,3882.69,3879.96,3880.14,304
1779807780,3880.02,3881.48,3878.99,3880.96,302
1779807840,3881.04,3881.87,3880.43,3881.73,268
1779807900,3881.71,3883.83,3881.5,3883.48,290
1779807960,3882.98,3883.04,3879.47,3881.39,301
1779808020,3881.26,3881.49,3880.21,3881.4,284
1779808080,3881.32,3882.67,3881.08,3882.55,271
1779808140,3882.59,3882.89,3880.86,3881.3,261
1779808200,3881.31,3882.66,3880.96,3880.96,260
1779808260,3880.99,3881.13,3879.75,3880.18,263
1779808320,3880.2,3880.88,3879.76,3880.71,247
1779808380,3880.62,3880.67,3878.88,3879.32,279
1779808440,3879.33,3880.53,3879.33,3879.93,254
1779808500,3879.91,3880.7,3879.9,3880.15,265
1779808560,3880.15,3880.52,3879.66,3879.87,247
1779808620,3879.84,3880.12,3877.38,3877.64,293
1779808680,3877.65,3878.77,3877.12,3878.63,281
1779808740,3878.65,3880.36,3878.05,3879.72,279
1779808800,3879.79,3880.11,3878.67,3879.1,272
1779808860,3879.1,3879.53,3878.24,3878.73,273
1779808920,3878.76,3879.46,3878.29,3879,246
1779808980,3879.06,3879.41,3878.6,3878.82,234
1779809040,3878.83,3879.06,3877.73,3878.46,253
1779809100,3878.47,3879.58,3878.06,3878.18,270
1779809160,3878.2,3879.55,3878.14,3878.99,254
1779809220,3879.01,3879.01,3877.22,3877.7,247
1779809280,3877.63,3879.37,3877.5,3878.7,280
1779809340,3878.77,3878.95,3877.55,3877.55,267
1779809400,3877.75,3879.13,3877.02,3877.46,286
1779809460,3877.57,3877.69,3875.57,3876.08,274
1779809520,3876.11,3877.74,3875.92,3876.41,283
1779809580,3876.53,3878.23,3876.5,3878.17,246
1779809640,3878.11,3878.23,3877.36,3877.72,269
1779809700,3877.75,3878.56,3877.22,3877.94,284
1779809760,3877.92,3878.15,3876.6,3876.76,274
1779809820,3876.66,3877.58,3875.52,3875.8,299
1779809880,3875.77,3877.21,3875.77,3877.17,270
1779809940,3877.08,3879.64,3877.03,3879.61,274
1779810000,3879.65,3880.18,3878.97,3879.24,278
1779810060,3879.4,3879.79,3878.9,3879.44,272
1779810120,3879.43,3880.11,3878.98,3879.13,272
1779810180,3879.18,3879.63,3878.27,3879.46,262
1779810240,3879.43,3879.93,3879.03,3879.85,261
1779810300,3879.87,3880.39,3879.36,3880.04,264
1779810360,3880.14,3880.14,3878.49,3878.98,248
1779810420,3878.93,3879.04,3878.41,3878.93,218
1779810480,3879.12,3879.5,3878.7,3879.22,242
1779810540,3879.14,3879.24,3878.17,3878.41,264
1779810600,3878.41,3878.52,3877.77,3878.27,255
1779810660,3878.3,3880.22,3878.3,3880.22,280
1779810720,3880.11,3881.07,3880.11,3881.02,260
1779810780,3880.98,3881.97,3880.52,3880.74,248
1779810840,3880.74,3881.06,3880.05,3880.71,256
1779810900,3880.63,3880.63,3879.55,3879.61,277
1779810960,3879.67,3879.67,3878.01,3878.38,292
1779811020,3878.3,3878.97,3877.99,3878.6,277
1779811080,3878.6,3879.4,3878.16,3878.49,268
1779811140,3878.47,3878.91,3878.19,3878.33,250
1779811200,3878.62,3879.63,3878.47,3878.5,259
1779811260,3878.45,3879.37,3878.45,3879.25,243
1779811320,3879.21,3879.61,3878.38,3878.49,258
1779811380,3878.43,3878.62,3877.22,3877.95,236
1779811440,3877.83,3878,3877.5,3877.66,230
1779811500,3877.66,3877.66,3876.83,3876.92,199
1779811560,3876.95,3877.12,3874.6,3875.58,247
1779811620,3875.64,3875.69,3875.27,3875.62,229
1779811680,3875.63,3875.63,3874.34,3874.34,205
1779811740,3874.35,3874.67,3873.56,3874.17,280
1779811800,3874.19,3874.57,3873.88,3873.95,242
1779811860,3873.84,3874.02,3873.31,3873.83,228
1779811920,3873.77,3873.77,3871.93,3872.92,260
1779811980,3872.91,3873.17,3872.57,3872.65,251
1779812040,3872.77,3873.22,3872.1,3872.28,265
1779812100,3872.19,3872.39,3871.57,3871.57,265
1779812160,3871.71,3872.31,3871.42,3871.92,249
1779812220,3871.75,3872.45,3870.49,3872.23,271
1779812280,3872.19,3873.59,3871.73,3872.71,266
1779812340,3872.68,3874.86,3872.65,3874.25,279
1779812400,3874.39,3874.87,3872.34,3872.6,249
1779812460,3872.58,3873.23,3872.16,3873.21,256
1779812520,3873.22,3874.8,3873.22,3874.06,217
1779812580,3874.02,3874.59,3873.99,3874.23,206
1779812640,3874.27,3875.38,3874.09,3875.38,202
1779812700,3875.34,3876.37,3875,3876.32,215
1779812760,3876.31,3877.05,3875.92,3877.01,201
1779812820,3877.19,3877.31,3876.41,3876.9,180
1779812880,3876.88,3877.52,3876.71,3877.15,212
1779812940,3876.96,3877.7,3876.77,3877.18,225
1779813000,3877.17,3878.17,3876.63,3877.27,267
1779813060,3877.36,3878.08,3877.06,3877.54,235
1779813120,3877.53,3878.12,3877.25,3878.1,215
1779813180,3878.11,3879.31,3877.2,3878.46,284
1779813240,3878.44,3878.84,3877.96,3878.07,255
1779813300,3878.08,3878.86,3878.07,3878.41,224
1779813360,3878.4,3878.4,3877.36,3878.09,251
1779813420,3878.06,3879.12,3878.03,3878.63,235
1779813480,3878.58,3879.27,3877.92,3879,227
1779813540,3878.97,3878.99,3877.76,3877.8,225
1779813600,3877.76,3878.33,3877.44,3877.52,198
1779813660,3877.6,3878.05,3877.38,3877.5,229
1779813720,3877.44,3877.54,3876.42,3876.66,234
1779813780,3876.54,3877.47,3876.52,3876.92,219
1779813840,3876.89,3877.07,3876.21,3876.56,194
1779813900,3876.54,3877.4,3876.43,3876.91,229
1779813960,3876.9,3877.22,3876.34,3877.06,200
1779814020,3877.12,3877.23,3875.67,3875.85,203
1779814080,3875.84,3876.25,3874.39,3874.71,266
1779814140,3874.91,3875.29,3874.6,3874.6,218
1779814200,3874.54,3875.61,3874.27,3875.61,239
1779814260,3875.51,3876.44,3875.42,3876.44,215
1779814320,3876.45,3876.61,3875.47,3875.5,210
1779814380,3875.47,3875.52,3874.86,3875.13,214
1779814440,3875.1,3876.2,3875.1,3876.12,221
1779814500,3876.08,3876.31,3875.39,3875.39,205
1779814560,3875.46,3875.79,3875.19,3875.79,203
1779814620,3875.79,3876.08,3875.51,3876.05,226
1779814680,3875.99,3876.43,3875.76,3875.76,198
1779814740,3875.75,3875.79,3875.35,3875.54,206
1779814800,3875.59,3875.86,3875.12,3875.7,223
1779814860,3875.68,3876.37,3875.68,3876.09,212
1779814920,3876.11,3877.42,3876.05,3877.27,240
1779814980,3877.31,3877.66,3876.82,3876.82,218
1779815040,3876.92,3876.96,3876.23,3876.33,206
1779815100,3876.34,3876.43,3875.24,3875.7,235
1779815160,3875.73,3876.31,3875.31,3875.98,220
1779815220,3875.99,3876.12,3875.35,3875.53,218
1779815280,3875.53,3875.59,3874.68,3874.77,200
1779815340,3874.8,3875.31,3874.32,3874.9,207
1779815400,3874.94,3875.27,3874.2,3874.23,188
1779815460,3874.2,3874.43,3873.94,3874.23,174
1779815520,3874.25,3874.31,3873.81,3874.08,188
1779815580,3874.07,3874.3,3873.81,3873.95,144
1779815640,3873.95,3874.11,3873.54,3873.68,202
1779815700,3873.69,3874.11,3873.29,3874.1,216
1779815760,3873.91,3874,3873.14,3873.39,220
1779815820,3873.43,3873.97,3873.32,3873.83,182
1779815880,3873.88,3874.41,3873.76,3874.05,194
1779815940,3874.06,3874.37,3873.8,3874.23,199
1779816000,3874.2,3875.23,3874.06,3874.85,217
1779816060,3874.84,3874.93,3874.49,3874.7,169
1779816120,3874.79,3875.76,3874.79,3875.56,214
1779816180,3875.57,3876.07,3875.03,3875.82,237
1779816240,3875.72,3876.56,3875.52,3876.56,260
1779816300,3876.55,3876.67,3875.45,3875.74,240
1779816360,3875.73,3877.22,3875.42,3877.22,227
1779816420,3877.22,3877.3,3876.12,3876.7,206
1779816480,3876.58,3876.58,3874.8,3875.03,250
1779816540,3874.91,3875.16,3871.69,3872.57,299
1779816600,3872.48,3872.5,3869.76,3870.28,282
1779816660,3870.4,3871.9,3870.17,3871.82,264
1779816720,3871.85,3872.23,3871.13,3871.48,263
1779816780,3871.55,3872.07,3871.41,3871.84,228
1779816840,3871.86,3871.89,3870.93,3871.07,238
1779816900,3871.07,3871.97,3870.9,3871.17,237
1779816960,3871.16,3871.2,3869.27,3870.2,254
1779817020,3870.23,3870.44,3869.18,3870.01,237
1779817080,3870.03,3870.98,3869.12,3869.51,214
1779817140,3869.54,3870.87,3869.41,3870.77,224
1779817200,3870.75,3871.43,3870.71,3871.29,219
1779817260,3871.25,3871.42,3869.54,3870.63,221
1779817320,3870.64,3870.81,3869.29,3869.96,231
1779817380,3869.95,3870.17,3868.96,3869.36,224
1779817440,3869.38,3870.66,3869.25,3870.53,213
1779817500,3870.54,3872.06,3870.41,3871.75,228
1779817560,3871.72,3871.75,3870.8,3871.24,203
1779817620,3871.25,3872.32,3871.11,3872.32,211
1779817680,3872.23,3872.34,3871.4,3872,190
1779817740,3871.98,3872.48,3871.94,3872.06,171
1779817800,3872.08,3872.43,3870.98,3871.62,176
1779817860,3871.71,3872.47,3871.63,3872.38,205
1779817920,3872.39,3872.41,3872.04,3872.04,171
1779817980,3872.02,3872.52,3868.63,3870.98,167
1779818040,3870.98,3871.06,3868,3868.52,219
1779818100,3868.37,3869.03,3866.21,3866.44,266
1779818160,3866.84,3866.87,3864.99,3866.31,278
1779818220,3866.5,3866.91,3865.38,3866.77,254
1779818280,3866.81,3866.94,3863.34,3863.97,249
1779818340,3864.04,3864.96,3862.04,3863.65,280
1779818400,3863.32,3864.32,3861.75,3864.1,277
1779818460,3864.05,3865.64,3863.86,3865.08,249
1779818520,3865.03,3865.03,3858.99,3859.23,297
1779818580,3859.29,3860.54,3858.62,3860.15,276
1779818640,3860.15,3860.85,3858.53,3860.74,262
1779818700,3860.79,3861.88,3855.95,3857.31,260
1779818760,3857.33,3857.91,3856.87,3857.87,244
1779818820,3857.86,3859,3856.93,3857.78,243
1779818880,3857.78,3859.49,3857.48,3859.38,247
1779818940,3859.69,3861.52,3859.39,3861.46,257
1779819000,3861.51,3862.57,3861.08,3862.46,248
1779819060,3862.47,3862.85,3862.08,3862.15,221
1779819120,3862.11,3862.43,3861.77,3862.26,188
1779819180,3862.23,3862.34,3861.65,3862.31,206
1779819240,3862.31,3862.31,3858.37,3859.62,235
1779819300,3859.75,3861.05,3859.36,3860.9,220
1779819360,3860.86,3861.04,3859.21,3859.92,207
1779819420,3859.95,3861.12,3859.88,3860.62,236
1779819480,3860.68,3862.12,3860.33,3861.68,228
1779819540,3861.7,3862.56,3861.56,3862.47,198
1779819600,3862.45,3863.18,3862.27,3862.58,214
1779819660,3862.6,3863.29,3862.47,3862.96,198
1779819720,3862.94,3863.78,3862.94,3863.7,206
1779819780,3863.65,3864.19,3863.43,3863.81,221
1779819840,3863.82,3864.44,3863.73,3863.89,216
1779819900,3863.96,3865.89,3863.34,3865.89,239
1779819960,3865.89,3867.01,3865.89,3866.06,256
1779820020,3866.08,3866.57,3865.83,3866.16,223
1779820080,3866.15,3866.15,3865.12,3865.45,226
1779820140,3865.43,3866.39,3865.23,3866.21,204
1779820200,3866.12,3866.49,3865.28,3866.04,216
1779820260,3866,3866.99,3865.8,3866.56,221
1779820320,3866.62,3867.35,3866.16,3867.35,218
1779820380,3867.41,3868.51,3867.34,3867.66,228
1779820440,3867.69,3867.74,3866.95,3867.68,195
1779820500,3867.69,3867.69,3866.39,3866.56,244
1779820560,3866.51,3866.86,3866.06,3866.25,205
1779820620,3866.18,3867.11,3866.09,3866.7,186
1779820680,3866.68,3866.74,3866.03,3866.24,218
1779820740,3866.18,3867.06,3866.02,3866.87,190
1779820800,3866.92,3867.14,3866.64,3866.94,207
1779820860,3866.88,3867.32,3866.88,3867.11,170
1779820920,3867.12,3867.23,3866.24,3866.53,223
1779820980,3866.5,3867.14,3866.46,3866.54,178
1779821040,3866.59,3866.95,3866.51,3866.64,174
1779821100,3866.62,3867.52,3866.62,3867.38,147
1779821160,3867.37,3868.07,3867.37,3867.5,191
1779821220,3867.45,3868.39,3867.45,3868.26,154
1779821280,3868.26,3868.42,3867.97,3868.02,151
1779821340,3868.21,3868.43,3867.46,3867.85,188
1779821400,3867.9,3868.16,3867.72,3867.87,227
1779821460,3867.87,3868.84,3867.65,3868.69,215
1779821520,3868.68,3868.88,3868.48,3868.66,170
1779821580,3868.67,3868.83,3867.86,3867.91,197
1779821640,3867.88,3868.36,3867.33,3868.2,212
1779821700,3868.17,3869.19,3867.92,3869,206
1779821760,3869.03,3869.15,3868.67,3868.71,165
1779821820,3868.7,3868.9,3868.19,3868.3,225
1779821880,3868.35,3868.69,3868.16,3868.41,190
1779821940,3868.43,3868.94,3868.11,3868.94,169
1779822000,3868.9,3869.72,3867.97,3868.08,232
1779822060,3868.05,3868.96,3867.96,3868.52,211
1779822120,3868.49,3868.77,3867.97,3868.53,174
1779822180,3868.54,3870.4,3868.54,3869.72,206
1779822240,3869.75,3869.84,3868.99,3869.36,182
1779822300,3869.4,3869.6,3868.55,3868.91,171
1779822360,3868.86,3869.05,3868.53,3869.01,160
1779822420,3869.09,3869.47,3868.88,3869.28,157
1779822480,3869.24,3869.96,3869.23,3869.43,174
1779822540,3869.45,3870.39,3869.33,3870.39,178
1779822600,3870.25,3870.64,3869.85,3869.95,170
1779822660,3869.84,3869.92,3869.36,3869.38,132
1779822720,3869.3,3869.68,3869.03,3869.11,192
1779822780,3869.07,3869.51,3869.07,3869.41,164
1779822840,3869.38,3869.51,3868.96,3869.36,161
1779822900,3869.39,3870.93,3869.31,3870.65,186
1779822960,3870.64,3873.08,3870.64,3872.9,231
1779823020,3872.91,3873.45,3871.58,3871.58,192
1779823080,3871.61,3872.14,3871.29,3872.03,166
1779823140,3872.04,3872.76,3871.76,3871.86,192
1779823200,3871.84,3872.6,3871.53,3872.6,183
1779823260,3872.64,3873.07,3871.85,3871.88,201
1779823320,3872,3872.65,3871.8,3872.55,147
1779823380,3872.56,3872.63,3872.1,3872.29,174
1779823440,3872.29,3872.5,3871.97,3872.13,181
1779823500,3872.01,3872.12,3871.41,3871.85,208
1779823560,3871.8,3872.09,3871.1,3871.51,184
1779823620,3871.73,3872.4,3871.73,3872.3,156
1779823680,3872.31,3872.36,3870.8,3870.8,193
1779823740,3870.56,3871.6,3870.56,3871.28,200
1779823800,3871.25,3871.68,3870.24,3871.29,218
1779823860,3871.3,3872.03,3870.96,3872.03,195
1779823920,3872.08,3872.08,3870.78,3870.82,153
1779823980,3870.83,3871.54,3870.82,3871.37,120
1779824040,3871.4,3871.95,3871.38,3871.93,143
1779824100,3871.94,3872.87,3871.94,3872.58,204
1779824160,3872.62,3872.62,3872.25,3872.42,169
1779824220,3872.45,3872.5,3871.82,3872.07,195
1779824280,3872.11,3872.26,3871.88,3872.07,179
1779824340,3872.1,3872.31,3871.57,3872.24,175
1779824400,3872.22,3872.91,3872.14,3872.52,179
1779824460,3872.43,3873.05,3872.39,3873.05,186
1779824520,3873.1,3873.67,3873.08,3873.59,185
1779824580,3873.56,3874.03,3872.94,3873.06,156
1779824640,3873.38,3873.57,3872.93,3873.12,197
1779824700,3873.09,3873.25,3872.48,3872.72,187
1779824760,3872.73,3873.47,3872.62,3873.44,160
1779824820,3873.44,3873.77,3873.14,3873.63,148
1779824880,3873.61,3875.1,3873.61,3875.1,138
1779824940,3875.12,3875.56,3874.96,3875.07,163
1779825000,3875.07,3875.58,3874.6,3875.03,228
1779825060,3875.07,3875.14,3873.89,3873.91,187
1779825120,3873.9,3874.14,3873.53,3874.14,204
1779825180,3874.23,3874.8,3874.12,3874.55,197
1779825240,3874.59,3874.91,3874.09,3874.24,202
1779825300,3874.13,3875.05,3873.79,3874.35,233
1779825360,3874.34,3875.73,3874.3,3875.61,232
1779825420,3875.66,3876.53,3875.49,3876.19,258
1779825480,3876.26,3877.2,3876.26,3876.34,290
1779825540,3876.33,3876.56,3875.07,3876.29,285
1779825600,3876.42,3877.11,3875.78,3876.62,214
1779825660,3876.66,3877.71,3876.34,3877.05,195
1779825720,3877.03,3877.14,3876.34,3876.95,161
1779825780,3876.99,3877.36,3876.61,3876.69,131
1779825840,3876.68,3876.71,3874.72,3875.05,186
1779825900,3875.07,3875.67,3874.99,3875.59,155
1779825960,3875.59,3875.69,3873.92,3875.69,148
1779826020,3875.67,3876.24,3875.43,3876.24,105
1779826080,3876.3,3876.44,3875.7,3875.78,104
1779826140,3875.75,3875.75,3874.91,3875,156
1779826200,3874.96,3875.56,3874.96,3875.49,120
1779826260,3875.48,3875.7,3875.06,3875.08,110
1779826320,3875.06,3875.16,3874.56,3874.79,97
1779826380,3874.74,3874.88,3874.21,3874.88,96
1779826440,3874.92,3875.42,3874.8,3875.42,103
1779826500,3875.5,3876.58,3875.5,3876.36,118
1779826560,3876.35,3876.93,3876.34,3876.89,85
1779826620,3876.89,3877.01,3876.5,3876.88,103
1779826680,3877.01,3877.11,3876.54,3876.55,92
1779826740,3876.53,3876.56,3875.98,3876.01,118
1779826800,3876.01,3876.31,3875.97,3876.3,88
1779826860,3876.31,3876.32,3875.33,3875.49,114
1779826920,3875.53,3876.57,3875.35,3876.57,114
1779826980,3876.6,3876.63,3875.96,3876.13,113
1779827040,3876.14,3876.77,3876.14,3876.39,130
1779827100,3876.36,3876.52,3875.11,3875.26,107
1779827160,3875.26,3875.31,3874.51,3874.51,112
1779827220,3874.5,3874.79,3874.39,3874.46,104
1779827280,3874.43,3874.85,3874.37,3874.74,89
1779827340,3874.73,3874.8,3874.22,3874.8,125
1779827400,3874.88,3875.36,3874.81,3875.33,110
1779827460,3875.55,3875.6,3875.23,3875.23,80
1779827520,3875.27,3875.29,3874.75,3874.75,72
1779827580,3874.51,3874.87,3874.28,3874.82,100
1779827640,3874.86,3874.98,3874.78,3874.8,59
1779827700,3874.71,3874.95,3874.7,3874.85,66
1779827760,3874.86,3875.54,3874.86,3875.39,90
1779827820,3875.4,3875.45,3874.76,3874.94,85
1779827880,3874.25,3874.79,3874.25,3874.79,89
1779827940,3874.85,3876.27,3874.85,3876.23,122
1779828000,3875.89,3876.56,3875.49,3876.56,84
1779828060,3876.54,3877.07,3876.31,3876.6,108
1779828120,3876.66,3877.03,3876.38,3877,76
1779828180,3877.04,3877.11,3876.74,3876.76,63
1779828240,3876.78,3876.8,3876.12,3876.32,65
1779828300,3876.43,3877.08,3876.43,3876.65,87
1779828360,3876.65,3877.17,3876.64,3876.94,89
1779828420,3876.99,3877.28,3876.55,3876.63,88
1779828480,3876.53,3876.58,3874.21,3874.21,168
1779828540,3874.21,3875.38,3874,3874.13,142
1779828600,3874.08,3874.08,3873.3,3873.49,133
1779828660,3873.57,3873.68,3872.11,3872.82,156
1779828720,3872.82,3872.9,3871.99,3872.48,108
1779828780,3872.47,3873.23,3872.24,3873.23,101
1779828840,3873.21,3874.18,3873.08,3874.14,92
1779828900,3873.98,3875.3,3873.92,3875.05,144
1779828960,3875.03,3875.03,3873.95,3874.17,125
1779829020,3874.16,3874.94,3873.89,3874.62,133
1779829080,3874.63,3875.04,3874.44,3874.95,129
1779832920,3877.66,3877.77,3865.48,3866.9,177
1779832980,3868.01,3872.79,3867.63,3872.38,155
1779833040,3872.25,3874.81,3869.63,3870.18,245
1779833100,3870.68,3874.21,3869.21,3870.69,203
1779833160,3870.68,3874.7,3869.08,3870.72,211
1779833220,3870.74,3875.73,3869.12,3874.36,149
1779833280,3874.35,3874.79,3867.27,3872.12,232
1779833340,3872.31,3873.11,3867.52,3872.71,246
1779833400,3872.71,3873.5,3869.78,3871.52,233
1779833460,3871.52,3875.11,3869,3869.87,271
1779833520,3875.1,3875.12,3869.3,3872.38,205
1779833580,3872.25,3872.76,3871.39,3871.85,170
1779833640,3871.88,3872.77,3870.51,3872.77,177
1779833700,3872.83,3873.79,3872.7,3872.83,163
1779833760,3872.68,3873.69,3871.94,3872.45,137
1779833820,3872.41,3873.99,3872.19,3873.88,186
1779833880,3873.87,3874.47,3873.75,3874.19,125
1779833940,3874.28,3874.86,3873.98,3874.46,166
1779834000,3874.42,3875.74,3874.22,3875.05,235
1779834060,3875.18,3876.5,3874.76,3876.31,148
1779834120,3876.2,3877.15,3875.84,3875.84,205
1779834180,3875.89,3876.41,3873.09,3873.89,231
1779834240,3873.89,3874.09,3871.76,3872.77,187
1779834300,3872.69,3874.42,3870.63,3873.48,206
1779834360,3873.47,3873.47,3871.97,3872.99,169
1779834420,3873,3873.05,3871.98,3872.01,149
1779834480,3871.83,3872.56,3871.83,3872.47,96
1779834540,3872.47,3872.79,3871.59,3872.37,98
1779834600,3872.35,3873.38,3872.35,3872.61,156
1779834660,3872.64,3873.19,3872.16,3872.31,102
1779834720,3872.24,3872.73,3870.87,3870.87,146
1779834780,3871.02,3871.02,3869.29,3869.8,182
1779834840,3869.74,3870.07,3868.79,3868.79,148
1779834900,3868.79,3869.07,3867.1,3867.46,161
1779834960,3867.45,3868.55,3866.91,3868.07,175
1779835020,3868.07,3869.17,3867.5,3868.39,166
1779835080,3868.34,3869.06,3868.05,3868.47,128
1779835140,3868.31,3870.13,3868.24,3869.73,151
1779835200,3869.77,3871.18,3869.63,3871.18,165
1779835260,3871.02,3871.02,3869.72,3870.36,149
1779835320,3870.09,3870.56,3869.47,3870.47,124
1779835380,3870.43,3870.79,3869.87,3870.64,106
1779835440,3870.5,3870.74,3868.72,3868.88,128
1779835500,3868.94,3870,3868.91,3869.39,140
1779835560,3869.4,3869.88,3868.15,3868.45,110
1779835620,3868.44,3868.45,3867.98,3868.37,67
1779835680,3868.35,3869.61,3868.22,3869.46,123
1779835740,3869.65,3870.8,3869.38,3870.32,107
1779835800,3870.31,3871.38,3870.05,3870.88,96
1779835860,3870.89,3872.11,3870.7,3871.66,123
1779835920,3871.63,3873.45,3871.62,3873.42,177
1779835980,3873.4,3874.1,3872.81,3873.5,150
1779836040,3873.5,3874.49,3873.4,3874.35,160
1779836100,3874.51,3875.22,3874.04,3875.1,167
1779836160,3875.04,3877.56,3875.04,3877.05,168
1779836220,3877.15,3878.47,3876.46,3878.1,193
1779836280,3878.09,3878.91,3878.09,3878.69,136
1779836340,3878.72,3878.81,3876.96,3877.54,129
1779836400,3877.52,3879.86,3877.52,3879.26,219
1779836460,3878.86,3878.9,3876.29,3877.69,188
1779836520,3877.72,3878.63,3877.58,3877.98,158
1779836580,3878.02,3878.45,3877.25,3878.34,143
1779836640,3878.35,3878.49,3877.4,3877.53,122
1779836700,3877.4,3877.99,3877.26,3877.71,112
1779836760,3877.74,3878.89,3877.74,3878.89,87
1779836820,3878.84,3879.03,3878.51,3878.56,107
1779836880,3878.39,3878.48,3876.93,3877.16,120
1779836940,3877.13,3877.25,3876.35,3876.55,134
1779837000,3876.56,3876.72,3876.17,3876.32,102
1779837060,3876.31,3876.31,3875.48,3875.89,141
1779837120,3875.85,3876.15,3874.64,3876.08,140
1779837180,3876.08,3876.31,3875.17,3875.3,144
1779837240,3875.3,3875.86,3875.3,3875.68,83
1779837300,3875.66,3876.58,3875.63,3876.42,112
1779837360,3876.41,3876.43,3875.45,3876.2,104
1779837420,3876.12,3876.12,3874.7,3875.03,117
1779837480,3874.95,3875.08,3874.8,3874.98,52
1779837540,3874.92,3875.61,3874.92,3875.59,71
1779837600,3875.54,3875.84,3872.33,3873.09,190
1779837660,3873.06,3873.49,3871.76,3872.55,171
1779837720,3872.63,3872.97,3871.47,3871.74,197
1779837780,3872.08,3872.53,3871.6,3871.7,155
1779837840,3871.62,3872.45,3871.37,3872.27,165
1779837900,3872.07,3873.23,3871.86,3872.14,178
1779837960,3871.93,3873.82,3871.76,3873.33,199
1779838020,3873.29,3874.21,3872.96,3874.19,146
1779838080,3874.22,3877.13,3873.94,3876.87,157
1779838140,3876.78,3877.32,3876.47,3877.24,224
1779838200,3877.35,3878.15,3876.86,3877.54,232
1779838260,3877.58,3877.6,3876.62,3877.26,183
1779838320,3877.24,3877.83,3876.69,3877.79,188
1779838380,3877.77,3878.83,3877.48,3878.25,185
1779838440,3878.25,3881.08,3878.24,3879.73,239
1779838500,3879.71,3879.71,3878.9,3878.9,183
1779838560,3878.9,3879.14,3877.74,3878.35,211
1779838620,3878.35,3879.59,3878.35,3879.53,188
1779838680,3879.31,3879.64,3878.34,3878.41,203
1779838740,3878.41,3880.18,3878.33,3880.11,145
1779838800,3880.01,3881.23,3879.76,3881.18,170
1779838860,3881.44,3883.64,3881.44,3883.61,240
1779838920,3883.78,3885.15,3883.29,3884.96,213
1779838980,3884.94,3886.74,3883.98,3886.28,244
1779839040,3886.32,3889.35,3885.01,3889.35,289
1779839100,3889.33,3889.53,3885.21,3888.27,287
1779839160,3888.7,3888.7,3886.53,3888.62,202
1779839220,3888.63,3888.85,3887.3,3888.24,197
1779839280,3888.25,3888.69,3887.13,3887.23,189
1779839340,3887.32,3887.32,3884.01,3884.66,220
1779839400,3884.66,3885.58,3884.51,3884.95,205
1779839460,3884.96,3885.67,3884.45,3885.57,182
1779839520,3885.49,3886.07,3885.44,3885.6,135
1779839580,3885.63,3885.63,3884.06,3884.13,99
1779839640,3884.11,3884.85,3884.01,3884.71,99
1779839700,3884.62,3884.72,3883.7,3883.96,143
1779839760,3883.99,3884.46,3883.66,3883.66,138
1779839820,3883.69,3884.1,3883.23,3883.26,172
1779839880,3883.28,3883.85,3883.01,3883.62,155
1779839940,3883.58,3884.18,3883.58,3884.02,156
1779840000,3883.74,3886.34,3882.11,3885.72,269
1779840060,3885.5,3888.56,3885.05,3887.88,247
1779840120,3887.85,3888.58,3886.19,3886.32,214
1779840180,3886.55,3886.55,3884.35,3884.38,188
1779840240,3884.63,3885.24,3884.43,3884.76,209
1779840300,3884.5,3886.05,3884.5,3885.78,208
1779840360,3885.54,3886.2,3884.81,3884.81,166
1779840420,3884.9,3885.53,3883.81,3884.1,199
1779840480,3884.4,3886.98,3884.17,3886.96,211
1779840540,3886.99,3887.17,3885.39,3885.72,207
1779840600,3885.71,3886.05,3884.53,3884.53,185
1779840660,3884.55,3885.35,3883.95,3884.6,203
1779840720,3884.6,3884.73,3884.05,3884.56,211
1779840780,3884.57,3885.75,3884.57,3884.88,188
1779840840,3884.89,3885.62,3884.83,3885.3,156
1779840900,3885.24,3885.57,3884.34,3884.34,172
1779840960,3884.11,3885.49,3883.97,3884.43,183
1779841020,3884.42,3885.1,3883.98,3883.98,189
1779841080,3883.99,3884.28,3883.66,3884.28,171
1779841140,3884.14,3885.04,3884.07,3884.53,183
1779841200,3884.47,3884.86,3882.7,3883.08,182
1779841260,3883.08,3883.65,3881.36,3881.47,169
1779841320,3881.52,3881.96,3880.58,3880.88,232
1779841380,3880.96,3882.34,3880.92,3881.38,219
1779841440,3881.15,3881.73,3879.78,3880.12,232
1779841500,3880.12,3881.34,3879.3,3879.3,178
1779841560,3879.43,3880.89,3878.77,3880.54,178
1779841620,3880.57,3880.74,3879.58,3879.78,209
1779841680,3879.72,3882.35,3878.31,3881.53,232
1779841740,3881.44,3881.86,3880.67,3881.58,207
1779841800,3881.62,3883.3,3881.21,3883.13,224
1779841860,3883.16,3883.47,3882.4,3882.59,171
1779841920,3882.77,3884.08,3882.3,3883.6,165
1779841980,3883.6,3883.96,3882.84,3883.42,135
1779842040,3883.45,3884.34,3883.4,3883.62,122
1779842100,3883.65,3884.18,3883.12,3883.43,166
1779842160,3883.37,3884.06,3882.9,3883.78,164
1779842220,3883.83,3883.83,3882.44,3882.76,152
1779842280,3882.72,3883.79,3882.41,3883.37,182
1779842340,3882.58,3882.58,3881.58,3881.67,195
1779842400,3881.32,3882.3,3880.71,3881.75,202
1779842460,3881.88,3882.72,3881.5,3882.38,168
1779842520,3882.34,3882.8,3882.1,3882.71,132
1779842580,3882.69,3882.99,3881.75,3882.74,147
1779842640,3882.75,3882.76,3882.34,3882.43,127
1779842700,3882.46,3884.32,3882.33,3883.92,196
1779842760,3883.9,3884.9,3883.79,3884.31,194
1779842820,3884.27,3884.75,3884.12,3884.41,149
1779842880,3884.39,3884.84,3883.3,3883.3,160
1779842940,3883.2,3883.5,3882.08,3882.32,156
1779843000,3882.38,3882.48,3880.83,3880.96,194
1779843060,3881.01,3881.33,3880.65,3881.02,199
1779843120,3881,3881.94,3880.65,3881.08,205
1779843180,3881.09,3882.21,3880.9,3882,185
1779843240,3881.95,3882.2,3880.11,3881.12,211
1779843300,3881.19,3881.95,3880.56,3881.82,173
1779843360,3881.65,3881.94,3880.81,3880.81,145
1779843420,3880.94,3882.65,3880.94,3882.06,182
1779843480,3882.14,3882.17,3880.81,3881.12,199
1779843540,3881.07,3881.68,3879.21,3879.62,238
1779843600,3879.42,3881.81,3879.42,3880.16,307
1779843660,3880.15,3881.62,3878.62,3880.27,276
1779843720,3880.8,3882.03,3880.27,3881.68,285
1779843780,3881.71,3881.93,3879.93,3880,293
1779843840,3879.93,3880.03,3878.65,3880.03,265
1779843900,3879.97,3880.14,3877.68,3878.13,271
1779843960,3878.15,3880.31,3878.15,3879.77,255
1779844020,3879.89,3881.5,3879.6,3881.31,250
1779844080,3881.3,3881.47,3879.84,3880.74,225
1779844140,3880.64,3881.25,3879.6,3880.97,220
1779844200,3880.91,3883.54,3880.12,3882.93,253
1779844260,3882.88,3882.88,3880.9,3881.02,235
1779844320,3880.3,3883.38,3880.3,3883.23,244
1779844380,3883.25,3884.14,3881.76,3884.14,233
1779844440,3884.36,3884.36,3882.01,3883.03,229
1779844500,3883.07,3883.99,3882.74,3883.12,236
1779844560,3883.05,3883.39,3881.74,3882.66,240
1779844620,3882.73,3882.77,3881.21,3882.38,226
1779844680,3882.31,3882.55,3880.44,3880.62,212
1779844740,3880.64,3881.45,3880.21,3880.63,199
1779844800,3880.61,3881.4,3880.46,3881.11,210
1779844860,3881.08,3882.19,3881.08,3881.82,190
1779844920,3881.91,3883.01,3881.91,3882.67,195
1779844980,3882.61,3884.44,3882.09,3883.75,224
1779845040,3883.72,3883.86,3882.57,3882.89,235
1779845100,3882.94,3883.24,3882.31,3882.56,168
1779845160,3882.53,3882.59,3881.7,3881.9,198
1779845220,3881.88,3882.15,3879.43,3880.4,218
1779845280,3880.2,3881.14,3879.8,3880.32,209
1779845340,3880.33,3880.89,3880.22,3880.89,141
1779845400,3880.79,3880.79,3879.09,3879.87,286
1779845460,3879.75,3881.55,3879.75,3881.03,230
1779845520,3880.98,3881.87,3880.78,3880.97,213
1779845580,3880.99,3881.08,3879.73,3880.4,247
1779845640,3880.33,3881.06,3880.11,3880.64,211
1779845700,3880.61,3881.12,3880.41,3880.86,190
1779845760,3880.9,3881.87,3880.9,3880.93,194
1779845820,3880.93,3881.32,3880.71,3880.97,191
1779845880,3880.94,3880.97,3878.64,3879.25,200
1779845940,3879.29,3879.53,3878.38,3878.47,183
1779846000,3878.56,3878.95,3878.23,3878.3,189
1779846060,3878.27,3879.3,3877.78,3878.91,211
1779846120,3878.97,3879.56,3877.4,3877.45,211
1779846180,3877.14,3877.31,3876.42,3876.74,211
1779846240,3876.71,3876.91,3875.74,3876.31,220
1779846300,3876.39,3876.7,3875.57,3875.79,240
1779846360,3875.73,3876.06,3874.41,3874.91,222
1779846420,3874.95,3875.01,3873.95,3874.81,229
1779846480,3874.89,3876.82,3874.76,3876.79,244
1779846540,3876.82,3876.98,3876.42,3876.42,150
1779846600,3876.25,3876.76,3875.95,3876.23,185
1779846660,3876.44,3876.48,3875.64,3876.15,230
1779846720,3876.03,3876.18,3874.45,3874.93,197
1779846780,3874.9,3875.57,3874.83,3874.84,147
1779846840,3874.75,3875.32,3874.36,3874.62,184
1779846900,3874.66,3875.34,3874.04,3875.34,213
1779846960,3875.34,3875.34,3874.67,3875,185
1779847020,3874.99,3876.46,3874.84,3876.44,204
1779847080,3876.32,3876.37,3875.26,3875.36,185
1779847140,3875.37,3875.7,3874.69,3874.83,150
1779847200,3874.89,3875.38,3874.11,3874.11,246
1779847260,3873.76,3873.99,3871.3,3871.51,256
1779847320,3871.36,3872.11,3870.9,3871.32,225
1779847380,3871.33,3872.7,3871.08,3871.51,226
1779847440,3871.42,3871.8,3871.04,3871.44,215
1779847500,3871.46,3871.8,3870.45,3870.68,227
1779847560,3870.71,3871.43,3870.65,3870.99,226
1779847620,3871.11,3871.17,3868.84,3869.29,226
1779847680,3869.4,3870.74,3869.07,3870.74,203
1779847740,3870.71,3870.79,3869.85,3869.89,192
1779847800,3869.91,3870.6,3869.61,3869.61,179
1779847860,3869.76,3869.8,3869.04,3869.18,167
1779847920,3869.15,3870.31,3869.15,3870.25,183
1779847980,3870.22,3870.99,3869.52,3870.77,214
1779848040,3870.73,3871.28,3869.72,3870.9,237
1779848100,3870.93,3871.6,3870.26,3870.37,208
1779848160,3870.4,3870.4,3867.75,3868.03,199
1779848220,3867.94,3868.38,3866.09,3867.88,200
1779848280,3867.92,3869.1,3867.92,3868.35,206
1779848340,3868.23,3868.35,3866.69,3867.07,190
1779848400,3867.16,3868.06,3866.75,3867.71,194
1779848460,3867.61,3869.31,3867.23,3869.1,200
1779848520,3869.11,3869.27,3868.3,3868.86,164
1779848580,3868.87,3869.41,3868.48,3868.85,177
1779848640,3868.77,3871.44,3868.76,3870.79,207
1779848700,3870.91,3871.6,3870.66,3870.66,183
1779848760,3870.78,3871.29,3870.57,3871.03,155
1779848820,3871.05,3871.78,3870.76,3871.73,107
1779848880,3871.76,3872.2,3871.55,3872.13,114
1779848940,3872.1,3872.74,3871.78,3872.44,152
1779849000,3872.53,3872.73,3870.96,3872.1,211
1779849060,3872.09,3872.34,3871.23,3871.42,160
1779849120,3871.42,3871.77,3871.3,3871.62,175
1779849180,3871.54,3872.35,3871.35,3872.29,157
1779849240,3872.23,3872.41,3871.8,3871.97,172
1779849300,3871.99,3872.48,3871.84,3872.45,155
1779849360,3872.44,3872.49,3871.26,3871.55,177
1779849420,3871.59,3871.63,3868.48,3868.98,202
1779849480,3869.12,3869.58,3868.41,3869.58,240
1779849540,3869.55,3869.55,3868.14,3868.26,196
1779849600,3868.18,3868.91,3867.54,3868.82,226
1779849660,3868.89,3869.73,3868.25,3868.25,205
1779849720,3868.24,3868.24,3866.69,3868.08,194
1779849780,3868.07,3868.34,3867.21,3867.61,162
1779849840,3867.62,3868.47,3866.77,3867.86,152
1779849900,3867.67,3868.22,3866.92,3866.96,166
1779849960,3866.88,3868.15,3866.23,3868.12,182
1779850020,3868.09,3868.52,3867.65,3868.26,179
1779850080,3868.28,3868.84,3868.22,3868.47,144
1779850140,3868.44,3869.02,3868.34,3868.85,145
1779850200,3868.88,3870.05,3868.87,3869.89,135
1779850260,3869.86,3870.05,3869.39,3870,149
1779850320,3870,3870.58,3869.77,3870.12,170
1779850380,3870.18,3870.94,3870.18,3870.76,171
1779850440,3870.87,3870.89,3869.89,3870.04,139
1779850500,3870.06,3870.66,3869.86,3870.61,182
1779850560,3870.69,3871.1,3870.59,3870.92,155
1779850620,3870.89,3872.58,3870.89,3871.22,195
1779850680,3871.23,3871.6,3871.22,3871.44,137
1779850740,3871.47,3871.73,3871.07,3871.56,130
1779850800,3871.5,3872.1,3871.07,3871.4,169
1779850860,3871.4,3872.13,3870.96,3871.77,179
1779850920,3871.74,3872.25,3871.5,3872.08,168
1779850980,3872.09,3873.55,3872.03,3872.85,193
1779851040,3872.62,3872.75,3872.07,3872.15,219
1779851100,3872.09,3872.59,3871.43,3872.36,206
1779851160,3872.34,3872.36,3871.73,3871.86,155
1779851220,3871.96,3872.02,3871.53,3871.99,134
1779851280,3872,3872,3871.14,3871.24,152
1779851340,3871.15,3873.7,3870.73,3873.62,162
1779851400,3873.69,3873.96,3873.02,3873.62,173
1779851460,3873.61,3874.33,3873.36,3873.72,166
1779851520,3873.76,3874.13,3873.41,3873.8,148
1779851580,3873.77,3874.99,3873.77,3874.68,178
1779851640,3874.72,3875.12,3873.83,3874.16,168
1779851700,3874.23,3874.55,3873.7,3874.04,168
1779851760,3874.05,3874.69,3874.02,3874.44,160
1779851820,3874.44,3874.95,3873.9,3874.69,172
1779851880,3874.72,3875.59,3874.67,3875.34,183
1779851940,3875.3,3876.25,3874.9,3875.74,167
1779852000,3875.86,3876.21,3874.92,3875.34,133
1779852060,3875.29,3875.93,3874.05,3874.2,159
1779852120,3874.29,3875.35,3874.06,3875.35,135
1779852180,3875.29,3875.69,3874.11,3874.11,163
1779852240,3874.11,3874.22,3873.66,3873.97,146
1779852300,3874,3874,3872.86,3873.06,186
1779852360,3873,3873.19,3872.48,3872.56,145
1779852420,3872.63,3872.63,3872.09,3872.23,147
1779852480,3872.22,3872.22,3871.33,3871.5,159
1779852540,3871.57,3872.57,3871.14,3872.41,200
1779852600,3872.45,3872.56,3872.01,3872.09,138
1779852660,3872.05,3872.05,3871.18,3871.46,148
1779852720,3871.46,3871.94,3871.06,3871.64,149
1779852780,3871.57,3871.64,3870.86,3871.02,127
1779852840,3870.95,3871.17,3870.81,3871.07,129
1779852900,3870.96,3870.96,3869.69,3870.04,138
1779852960,3870.04,3870.26,3869.24,3869.48,154
1779853020,3869.48,3869.62,3868.69,3868.96,175
1779853080,3868.97,3869.65,3868.87,3869.65,141
1779853140,3869.65,3869.65,3868.38,3869.44,119
1779853200,3869.55,3870.08,3869.3,3870.08,144
1779853260,3870.09,3871.31,3870.01,3870.79,144
1779853320,3870.69,3871.22,3870.51,3870.95,132
1779853380,3870.86,3871.14,3869.7,3869.85,121
1779853440,3869.85,3870.52,3869.82,3870.43,122
1779853500,3870.43,3870.65,3869.81,3870.59,140
1779853560,3870.59,3870.98,3870.41,3870.49,122
1779853620,3870.53,3871.28,3870.27,3871.27,126
1779853680,3871.27,3871.48,3870.59,3870.62,164
1779853740,3870.61,3870.76,3870.25,3870.63,132
1779853800,3870.64,3870.98,3870.23,3870.36,124
1779853860,3870.37,3870.67,3868.96,3869.16,136
1779853920,3869.17,3869.24,3868.1,3868.6,135
1779853980,3868.57,3870.23,3868.57,3870.15,119
1779854040,3870.13,3870.32,3868.38,3868.39,139
1779854100,3868.33,3868.33,3866.52,3866.59,162
1779854160,3866.62,3866.86,3865.83,3866.13,133
1779854220,3866.35,3866.48,3865.65,3866.16,153
1779854280,3866.13,3866.13,3864.2,3864.72,172
1779854340,3864.55,3865.12,3863.63,3864,182
1779854400,3863.94,3864.89,3863,3864.87,204
1779854460,3864.83,3865.76,3864.58,3865.03,205
1779854520,3865.05,3866.86,3864.7,3865.36,194
1779854580,3865.57,3865.74,3864.96,3865.4,204
1779854640,3865.39,3866.48,3864.93,3866.32,156
1779854700,3866.32,3867.62,3865.91,3867.62,179
1779854760,3867.62,3867.91,3867.36,3867.64,113
1779854820,3867.65,3868.1,3867.47,3867.5,145
1779854880,3867.48,3868.39,3867.48,3867.99,105
1779854940,3868.13,3868.13,3867.27,3867.63,130
1779855000,3867.63,3868.03,3867.31,3867.97,125
1779855060,3867.97,3868.65,3867.91,3868.2,128
1779855120,3868.26,3868.77,3867.94,3868.31,159
1779855180,3868.34,3868.5,3867.68,3867.84,126
1779855240,3867.89,3868.7,3867.74,3868.64,141
1779855300,3868.73,3868.73,3867.86,3867.87,113
1779855360,3867.86,3868.35,3867.83,3867.9,147
1779855420,3867.7,3867.79,3867.2,3867.2,102
1779855480,3867.23,3867.44,3866.96,3866.96,133
1779855540,3866.94,3867.79,3866.78,3867.05,165
1779855600,3867.02,3867.76,3866.78,3867.21,163
1779855660,3867.16,3868.68,3867.12,3868.64,150
1779855720,3868.64,3868.67,3868.07,3868.07,133
1779855780,3868.09,3868.34,3867.86,3868.1,126
1779855840,3868.03,3868.58,3868.03,3868.13,109
1779855900,3868.09,3868.09,3867.37,3867.76,135
1779855960,3867.75,3867.86,3867.44,3867.46,128
1779856020,3867.44,3867.88,3867.01,3867.21,186
1779856080,3867.21,3867.33,3866.27,3866.38,176
1779856140,3866.43,3866.59,3865.92,3865.92,172
1779856200,3865.88,3866.36,3865.18,3865.18,186
1779856260,3865.15,3865.61,3865.01,3865.02,180
1779856320,3865.07,3865.94,3864.36,3865.78,182
1779856380,3865.81,3866.84,3865.81,3866.37,180
1779856440,3866.45,3867.28,3866.42,3866.88,170
1779856500,3866.88,3866.88,3865.96,3866.44,158
1779856560,3866.4,3866.78,3866.26,3866.78,155
1779856620,3866.77,3866.8,3866.4,3866.53,114
1779856680,3866.57,3866.68,3865.79,3866.25,142
1779856740,3866.29,3868.06,3866.14,3868.06,136
1779856800,3867.99,3869.98,3867.9,3869.87,175
1779856860,3870.07,3870.22,3869.69,3870.18,175
1779856920,3870.21,3871.47,3870.21,3871.24,154
1779856980,3871.21,3871.73,3870.2,3871.73,168
1779857040,3871.71,3872.71,3871.59,3872.68,158
1779857100,3872.72,3874.03,3872.72,3873.77,174
1779857160,3873.8,3875.82,3873.76,3875.79,186
1779857220,3875.79,3877.34,3875.71,3877.34,218
1779857280,3877.35,3878.25,3876.98,3878.09,188
1779857340,3877.89,3880.01,3876.71,3879.45,213
1779857400,3879.41,3879.97,3877.08,3877.22,227
1779857460,3877.21,3877.31,3875.5,3876.11,213
1779857520,3876.01,3877.3,3875.98,3876.75,170
1779857580,3876.75,3877.1,3875.78,3876.39,182
1779857640,3876.39,3876.71,3875.88,3876.02,134
1779857700,3875.88,3876.44,3875.23,3876.22,154
1779857760,3876.28,3876.28,3875.53,3875.76,146
1779857820,3875.72,3875.81,3874.6,3874.64,134
1779857880,3874.69,3875.1,3873.84,3874.77,141
1779857940,3874.7,3874.71,3874.05,3874.33,118
1779858000,3874.33,3874.35,3872.61,3874.23,180
1779858060,3874.17,3874.49,3873.73,3873.81,153
1779858120,3873.7,3873.87,3873.13,3873.42,142
1779858180,3873.28,3874.28,3873.21,3874.15,135
1779858240,3874.15,3876.7,3874.15,3876.55,195
1779858300,3876.51,3876.51,3874.96,3874.99,184
1779858360,3874.92,3875.18,3874.3,3874.74,183
1779858420,3874.59,3875.48,3874.13,3874.51,186
1779858480,3874.52,3874.6,3873.97,3874.39,202
1779858540,3874.35,3874.64,3874.23,3874.51,145
1779858600,3874.35,3874.46,3873.75,3874.37,153
1779858660,3874.38,3874.39,3874.08,3874.35,98
1779858720,3874.35,3874.35,3873.44,3873.54,139
1779858780,3873.58,3873.77,3872.83,3873.44,165
1779858840,3873.39,3874.25,3872.68,3872.73,185
1779858900,3872.76,3872.83,3869.78,3870.74,224
1779858960,3870.66,3871.89,3869.98,3871.29,197
1779859020,3871.32,3871.39,3870.81,3870.86,153
1779859080,3870.86,3870.89,3870,3870.57,169
1779859140,3870.63,3870.65,3869.73,3869.98,172
1779859200,3869.93,3870.02,3868.85,3869.47,178
1779859260,3869.47,3870.43,3869.02,3869.98,257
1779859320,3869.84,3870.56,3869.57,3870.24,209
1779859380,3870.24,3870.28,3868.86,3869.19,182
1779859440,3869.3,3870.7,3869.3,3870.06,200
1779859500,3869.91,3870.91,3869.64,3870.36,184
1779859560,3870.36,3871.56,3870.36,3870.81,164
1779859620,3870.77,3871.16,3870.64,3871.06,153
1779859680,3871.05,3871.2,3870.92,3870.98,85
1779859740,3870.98,3871.54,3870.93,3870.98,145
1779859800,3870.78,3872.03,3870.68,3871,266
1779859860,3871,3871.8,3867.7,3867.7,277
1779859920,3867.84,3867.89,3863.05,3863.87,298
1779859980,3863.99,3864.32,3859.69,3862.4,308
1779860040,3862.25,3863.3,3860.31,3862.43,281
1779860100,3862.5,3862.79,3860.93,3861.71,294
1779860160,3861.7,3864.05,3861.57,3864.05,291
1779860220,3864.1,3865.85,3863.79,3864.86,270
1779860280,3864.91,3865.85,3864.63,3865.45,256
1779860340,3865.49,3865.88,3864.82,3865.16,241
1779860400,3864.97,3865.49,3864.13,3864.36,264
1779860460,3864.49,3864.91,3861.09,3861.78,298
1779860520,3861.75,3862.01,3858.99,3860.2,307
1779860580,3860.18,3861.43,3858.98,3858.98,288
1779860640,3858.87,3861.35,3858.56,3859.89,288
1779860700,3859.9,3860.61,3859.18,3859.42,278
1779860760,3859.33,3860.36,3858.71,3860.09,271
1779860820,3859.91,3861.17,3859.67,3860.08,281
1779860880,3860.24,3861.91,3859.83,3861.27,270
1779860940,3860.95,3864.08,3860.38,3864.04,267
1779861000,3864.07,3865.4,3863.6,3865.31,263
1779861060,3865.3,3866.61,3864.44,3866.27,269
1779861120,3866.28,3867.02,3864.23,3864.26,255
1779861180,3864.23,3864.29,3862.01,3864.01,290
1779861240,3864.03,3864.74,3862.87,3864.12,270
1779861300,3864.2,3865.05,3863.22,3864.19,246
1779861360,3864.18,3864.74,3863.4,3863.55,222
1779861420,3863.47,3864.56,3863.4,3863.73,265
1779861480,3863.7,3864.49,3863.31,3864.03,273
1779861540,3864.08,3864.76,3863.25,3864.05,273
1779861600,3864.11,3865.63,3861.83,3861.96,260
1779861660,3862.25,3863.98,3861.44,3863.63,290
1779861720,3863.66,3864.1,3861.19,3861.68,247
1779861780,3861.72,3862.54,3861.58,3862.24,268
1779861840,3862.22,3862.79,3861.84,3862.49,243
1779861900,3862.62,3862.71,3861.45,3861.79,258
1779861960,3861.79,3863.81,3861.79,3863.23,242
1779862020,3863.23,3863.45,3861.34,3862.78,268
1779862080,3862.97,3864.79,3862.58,3864.26,258
1779862140,3864.24,3864.53,3863.56,3863.79,241
1779862200,3863.76,3864.16,3862.08,3863.46,246
1779862260,3863.48,3863.48,3861.85,3862.72,230
1779862320,3862.73,3862.94,3861.27,3862.48,278
1779862380,3862.35,3862.99,3861.59,3862.5,250
1779862440,3862.64,3862.88,3861.06,3861.31,256
1779862500,3861.31,3862.61,3861.31,3861.86,243
1779862560,3861.86,3862.15,3860.18,3860.21,247
1779862620,3860.16,3861.8,3859.89,3860.11,253
1779862680,3860.12,3860.36,3855.43,3856.21,279
1779862740,3856.26,3858,3854.7,3857.09,294
1779862800,3857.05,3858,3856.43,3857.67,275
1779862860,3857.64,3857.79,3852.64,3853.47,281
1779862920,3853.49,3855.14,3853.29,3853.75,269
1779862980,3853.72,3855.08,3852.52,3853.56,294
1779863040,3853.64,3854.87,3853.08,3854.63,246
1779863100,3854.58,3856.9,3853.15,3856,287
1779863160,3855.97,3856.35,3854.15,3854.2,278
1779863220,3854.25,3854.98,3852.6,3853.41,285
1779863280,3853.35,3854.81,3852.99,3854.53,279
1779863340,3854.55,3854.81,3854.02,3854.09,270
1779863400,3854.19,3854.23,3852.31,3853.26,293
1779863460,3853.29,3853.33,3847.86,3851.34,304
1779863520,3851.29,3851.6,3850.01,3850.61,307
1779863580,3850.66,3852.69,3850.66,3852.33,278
1779863640,3852.52,3852.53,3850.03,3851.57,271
1779863700,3851.52,3852.29,3850.09,3851.75,298
1779863760,3851.74,3853.01,3850.4,3852.52,247
1779863820,3852.55,3852.92,3851.65,3852.12,256
1779863880,3852.14,3852.4,3851.64,3851.83,199
1779863940,3851.84,3851.88,3848.78,3850.44,284
1779864000,3850.51,3851.36,3850.51,3850.81,260
1779864060,3850.81,3851.97,3850.78,3851.78,256
1779864120,3851.74,3851.74,3849.97,3850.85,260
1779864180,3850.84,3851.67,3850.27,3851.46,240
1779864240,3851.45,3853.51,3851.4,3853.23,238
1779864300,3853.31,3853.8,3852.46,3853.29,254
1779864360,3853.32,3853.55,3852.87,3853.07,214
1779864420,3853.05,3853.91,3852.92,3853.86,252
1779864480,3853.81,3854.57,3853.81,3853.87,218
1779864540,3853.94,3854.53,3853.12,3853.29,217
1779864600,3853.38,3853.82,3853.38,3853.49,206
1779864660,3853.47,3853.99,3853.33,3853.53,197
1779864720,3853.52,3854.09,3853.13,3853.74,219
1779864780,3853.7,3854.04,3852.91,3853.29,214
1779864840,3853.16,3853.68,3852.6,3853.4,265
1779864900,3853.45,3853.74,3852.24,3852.99,245
1779864960,3852.71,3853.31,3851.87,3852.21,222
1779865020,3852.28,3852.4,3850.93,3851.4,246
1779865080,3851.4,3851.76,3850.88,3851.13,204
1779865140,3851.15,3851.54,3850.36,3851.41,290
1779865200,3852.18,3852.18,3851.19,3851.19,266
1779865260,3851.24,3852.59,3851.21,3852.04,247
1779865320,3852.12,3853.13,3851,3853.08,228
1779865380,3853.12,3853.43,3851.97,3852.13,211
1779865440,3852.2,3852.57,3851.66,3852.57,213
1779865500,3852.59,3853.73,3852.55,3853.62,265
1779865560,3853.58,3853.82,3852.66,3852.96,194
1779865620,3852.74,3852.76,3851.18,3852.6,233
1779865680,3852.58,3852.7,3849.81,3850.06,233
1779865740,3850.12,3851.48,3849.74,3851.27,228
1779865800,3851.23,3851.26,3848.85,3848.85,234
1779865860,3848.79,3850.11,3848.79,3850.11,237
1779865920,3850.09,3850.53,3847.93,3848.44,235
1779865980,3848.34,3849.19,3847.9,3848.76,225
1779866040,3848.8,3849.3,3847.24,3847.34,217
1779866100,3847.46,3848.93,3847.46,3848.44,226
1779866160,3848.48,3850.93,3847.81,3850.36,223
1779866220,3850.48,3851.55,3849.81,3851.55,229
1779866280,3851.52,3852.2,3851.03,3851.69,193
1779866340,3851.68,3851.69,3850.53,3851.31,197
1779866400,3851.14,3851.98,3850.79,3851.97,220
1779866460,3851.99,3852.22,3850.53,3850.53,197
1779866520,3850.55,3852.31,3850.55,3852.22,195
1779866580,3852.38,3854.44,3852.07,3853.74,236
1779866640,3853.77,3855.27,3852.97,3853.03,242
1779866700,3852.91,3853.42,3852.49,3852.88,203
1779866760,3852.76,3853.32,3852.74,3853.07,198
1779866820,3853.01,3853.01,3851.27,3851.74,194
1779866880,3851.79,3852.38,3851.42,3852.38,241
1779866940,3852.38,3852.72,3851.71,3852.36,203
1779867000,3852.39,3853.48,3852.13,3852.79,231
1779867060,3852.82,3854.09,3852.79,3854.04,183
1779867120,3854.04,3854.32,3853.65,3854.19,208
1779867180,3854.22,3854.66,3852.6,3852.64,192
1779867240,3852.65,3852.92,3850.95,3851.71,239
1779867300,3851.76,3852.3,3849.78,3849.91,213
1779867360,3849.88,3849.88,3847.83,3847.96,215
1779867420,3847.74,3848.74,3847.74,3848.45,199
1779867480,3848.43,3849.81,3848.08,3849.7,207
1779867540,3849.7,3849.81,3849.09,3849.36,181
1779867600,3849.36,3849.8,3849.08,3849.51,157
1779867660,3849.63,3849.88,3848.79,3849.41,178
1779867720,3849.44,3850.22,3849.31,3850.17,183
1779867780,3850.17,3850.53,3849.86,3850.06,177
1779867840,3850.09,3850.09,3848.57,3848.72,178
1779867900,3848.73,3849.3,3848.46,3848.96,179
1779867960,3849.02,3849.92,3848.96,3849.85,193
1779868020,3849.66,3850.27,3849.63,3850.11,169
1779868080,3850.08,3850.82,3848.84,3848.95,199
1779868140,3849.05,3849.17,3845.41,3846.9,273
1779868200,3847,3847.23,3843.85,3843.9,278
1779868260,3843.91,3845.18,3843.91,3845.15,283
1779868320,3845.14,3845.18,3844.02,3844.32,219
1779868380,3844.4,3847.8,3844.3,3847.67,257
1779868440,3847.51,3847.79,3846.64,3846.8,221
1779868500,3846.9,3848.03,3846.46,3847.59,238
1779868560,3847.63,3848.72,3847.61,3848.69,217
1779868620,3848.68,3849.9,3848.46,3849.87,220
1779868680,3849.83,3849.97,3849.14,3849.73,222
1779868740,3849.72,3850.61,3849.69,3850.42,212
1779868800,3849.84,3852.29,3849.84,3851.97,272
1779868860,3851.9,3854.91,3851.58,3854.35,265
1779868920,3854.48,3855.85,3854.21,3854.89,275
1779868980,3854.97,3855.27,3852.9,3854.47,266
1779869040,3854.44,3854.84,3853.77,3853.85,229
1779869100,3853.77,3854.67,3853.36,3853.49,255
1779869160,3853.41,3853.84,3852.83,3853.22,252
1779869220,3853.22,3853.71,3853.18,3853.49,217
1779869280,3853.48,3854.32,3853.24,3854.07,227
1779869340,3854.07,3854.35,3853.32,3853.37,206
1779869400,3853.43,3853.43,3851.59,3851.75,223
1779869460,3851.74,3852.94,3851.36,3852.86,205
1779869520,3852.79,3853.7,3852.45,3852.51,203
1779869580,3852.52,3852.75,3851.45,3851.66,213
1779869640,3851.63,3853.04,3851.13,3853.04,204
1779869700,3853.12,3853.59,3852.52,3852.58,194
1779869760,3852.63,3853.46,3852.47,3853.46,203
1779869820,3853.51,3853.96,3852.96,3853.55,203
1779869880,3853.71,3855.71,3853.62,3855.31,254
1779869940,3855.33,3856.81,3855.15,3856.38,261
1779870000,3856.34,3857,3854.37,3854.66,226
1779870060,3854.8,3856.42,3854.8,3856.02,204
1779870120,3855.99,3857.33,3855.97,3856.99,235
1779870180,3857.42,3857.83,3857.19,3857.58,224
1779870240,3857.62,3857.83,3855.87,3856.31,234
1779870300,3856.3,3856.54,3855.55,3855.84,203
1779870360,3855.84,3856.21,3854.92,3854.96,202
1779870420,3854.9,3855.07,3853.97,3854.08,190
1779870480,3854.15,3855.29,3854.01,3854.57,241
1779870540,3854.61,3854.88,3854.03,3854.28,214
1779870600,3854.28,3855.05,3853.75,3854.23,200
1779870660,3854.26,3854.43,3853.43,3853.77,191
1779870720,3853.7,3853.7,3852.4,3853.25,200
1779870780,3853.45,3854.32,3853.31,3854.29,202
1779870840,3854.29,3854.67,3854.25,3854.64,169
1779870900,3854.57,3855.41,3854.57,3855.29,177
1779870960,3855.29,3856.67,3855.29,3856.57,197
1779871020,3856.57,3857.78,3856.53,3856.66,209
1779871080,3856.62,3857.04,3856.17,3856.48,191
1779871140,3856.45,3858.32,3855.87,3858.27,216
1779871200,3858.22,3860.11,3858.12,3860.11,227
1779871260,3860.1,3860.98,3859.69,3859.72,275
1779871320,3860.07,3860.89,3858.99,3860.82,259
1779871380,3860.82,3861.42,3860.45,3861.22,221
1779871440,3861.17,3861.29,3860.46,3860.82,227
1779871500,3860.82,3861.8,3860.54,3860.83,232
1779871560,3860.96,3861.88,3860.76,3861.44,220
1779871620,3861.45,3861.45,3859.36,3859.44,231
1779871680,3859.53,3860.66,3858.58,3860.42,220
1779871740,3860.41,3862.03,3860.06,3861.84,215
1779871800,3861.82,3863.54,3861.82,3863.04,236
1779871860,3862.99,3863.31,3861.52,3861.77,216
1779871920,3861.78,3862.94,3861.4,3862.86,234
1779871980,3862.86,3862.93,3860.77,3862.37,218
1779872040,3862.36,3863.65,3862.14,3863.38,235
1779872100,3863.41,3863.51,3863.05,3863.14,155
1779872160,3863.09,3863.16,3861.19,3861.23,200
1779872220,3861.23,3861.48,3860.51,3860.64,223
1779872280,3860.67,3861.35,3860.1,3860.31,190
1779872340,3860.33,3862.72,3860.33,3862.52,213
1779872400,3862.55,3862.55,3861.02,3861.29,261
1779872460,3861.44,3862.03,3859.5,3860.3,263
1779872520,3860.44,3861.07,3857.09,3857.59,265
1779872580,3857.6,3858.28,3857.5,3857.55,220
1779872640,3857.48,3857.75,3856.83,3857.63,192
1779872700,3857.56,3857.87,3856.44,3857.35,231
1779872760,3857.36,3857.36,3855.05,3855.89,243
1779872820,3856.14,3857.3,3855.88,3857.3,177
1779872880,3857.3,3857.3,3856.38,3856.72,159
1779872940,3856.66,3856.67,3855.45,3855.81,200
1779873000,3855.88,3856.86,3855.87,3856.21,187
1779873060,3856.21,3856.85,3856.15,3856.7,220
1779873120,3856.73,3857.69,3856.47,3856.84,202
1779873180,3856.8,3856.88,3856.36,3856.66,148
1779873240,3856.67,3858.81,3856.6,3857.62,200
1779873300,3857.59,3858.69,3857.59,3858.2,209
1779873360,3858.26,3859.85,3858.01,3859.77,198
1779873420,3859.8,3860.42,3859.17,3859.19,192
1779873480,3859.19,3859.29,3858.29,3858.31,203
1779873540,3858.31,3859.41,3857.94,3859.41,174
1779873600,3859.41,3859.89,3858.95,3859.19,201
1779873660,3858.95,3859.49,3857.68,3857.83,175
1779873720,3857.85,3858.98,3857.09,3857.67,222
1779873780,3857.66,3857.85,3857.06,3857.11,181
1779873840,3857.13,3857.46,3856.39,3856.56,155
1779873900,3856.61,3856.61,3855.28,3855.95,225
1779873960,3855.95,3856.56,3855.38,3856.56,153
1779874020,3856.56,3857.22,3856.16,3856.55,177
1779874080,3856.51,3857.2,3856.49,3857.04,157
1779874140,3857.06,3857.13,3855.16,3855.72,200
1779874200,3855.74,3856.27,3854.21,3855.07,218
1779874260,3855.11,3855.87,3853.04,3853.34,235
1779874320,3853.31,3855.11,3853.06,3854.95,218
1779874380,3854.93,3855.22,3854.52,3854.64,184
1779874440,3854.6,3856.55,3854.6,3856.49,245
1779874500,3856.6,3857.09,3856.28,3856.86,222
1779874560,3856.87,3857.26,3856.7,3857.26,150
1779874620,3857.28,3857.45,3856.54,3856.58,156
1779874680,3856.56,3856.76,3856.18,3856.29,159
1779874740,3856.26,3857.91,3856.24,3857.15,179
1779874800,3857.14,3857.19,3856.1,3856.31,144
1779874860,3856.37,3856.42,3856.13,3856.13,123
1779874920,3856.1,3857.62,3856.1,3856.47,170
1779874980,3856.5,3856.68,3855.07,3855.15,158
1779875040,3855.15,3855.49,3854.53,3854.77,143
1779875100,3854.72,3855.38,3854.61,3855.37,157
1779875160,3855.35,3855.64,3854.88,3854.92,154
1779875220,3854.89,3855.03,3854.49,3854.91,157
1779875280,3854.91,3855.5,3854.87,3855.4,123
1779875340,3855.4,3855.76,3855.38,3855.5,134
1779875400,3855.5,3856.97,3855.45,3856.55,195
1779875460,3856.58,3857.62,3856.58,3857.62,126
1779875520,3857.61,3858.22,3857.6,3857.65,169
1779875580,3857.68,3857.68,3857.06,3857.46,171
1779875640,3857.4,3857.61,3856.48,3857.12,202
1779875700,3857.1,3857.4,3856.98,3857.07,154
1779875760,3857.07,3857.38,3856.9,3857.25,179
1779875820,3857.24,3857.44,3856.93,3856.97,150
1779875880,3857.02,3857.02,3855.85,3855.91,155
1779875940,3855.94,3856.3,3855.79,3856,169
1779876000,3856.02,3856.31,3854.21,3855.23,217
1779876060,3855.23,3855.46,3854.74,3854.81,164
1779876120,3854.81,3854.93,3853.51,3853.57,172
1779876180,3853.63,3853.65,3852.15,3852.4,212
1779876240,3852.4,3854.12,3852.4,3853.26,184
1779876300,3853.18,3853.88,3853.07,3853.88,205
1779876360,3853.89,3855.19,3853.89,3855.08,157
1779876420,3855.07,3855.08,3853.91,3853.94,195
1779876480,3853.98,3854.06,3853.21,3853.31,198
1779876540,3853.32,3853.8,3853.17,3853.75,171
1779876600,3853.66,3854.29,3853.46,3853.76,198
1779876660,3853.71,3853.8,3852.98,3853.07,182
1779876720,3852.99,3853.33,3852.61,3852.9,162
1779876780,3852.92,3852.93,3852.01,3852.01,169
1779876840,3852,3852.42,3851.11,3852.35,192
1779876900,3852.35,3853.13,3852.3,3852.76,201
1779876960,3852.84,3852.84,3850.22,3851.11,229
1779877020,3851.12,3851.19,3850.45,3850.89,188
1779877080,3850.98,3851.31,3850.18,3850.38,216
1779877140,3850.35,3850.4,3848.16,3848.22,222
1779877200,3848.23,3848.8,3847.48,3848.15,237
1779877260,3848.11,3849.36,3847.71,3849.27,220
1779877320,3849.27,3849.74,3849.21,3849.31,203
1779877380,3849.28,3850.82,3847.98,3848.33,195
1779877440,3848.12,3850.23,3848.03,3849.1,231
1779877500,3849.13,3849.13,3847.27,3847.65,226
1779877560,3847.66,3848.64,3847.22,3848.64,200
1779877620,3848.76,3849.36,3848.36,3848.36,205
1779877680,3848.31,3848.48,3846.64,3847.76,246
1779877740,3847.76,3848.9,3846.96,3847.04,228
1779877800,3847.03,3847.37,3844.54,3845.37,263
1779877860,3845.26,3846.12,3844.71,3844.94,260
1779877920,3844.95,3845.44,3842.71,3843.93,245
1779877980,3843.81,3844.3,3842.87,3844.25,230
1779878040,3844.38,3845.55,3843.69,3843.72,246
1779878100,3843.71,3844.35,3842.85,3844.35,256
1779878160,3844.22,3845.34,3843.84,3844.35,259
1779878220,3844.28,3845.47,3843.93,3844.1,246
1779878280,3844.1,3845.1,3841.49,3842.67,229
1779878340,3842.97,3842.97,3834.44,3835.99,313
1779878400,3835.72,3840.09,3835.14,3839.83,304
1779878460,3839.84,3840.94,3837.44,3838.21,303
1779878520,3838.12,3840.35,3835.63,3839.93,307
1779878580,3839.97,3840.88,3838.18,3838.71,246
1779878640,3838.8,3839.61,3836.92,3837.07,233
1779878700,3836.91,3837.83,3834.68,3835.16,267
1779878760,3835.09,3835.11,3816.03,3828.19,318
1779878820,3827.06,3827.53,3823.13,3823.8,305
1779878880,3823.61,3823.78,3818.44,3819.83,302
1779878940,3819.75,3823.44,3819.72,3822.65,308
1779879000,3821.92,3823.86,3819.4,3822.65,305
1779879060,3822.76,3823.12,3819.13,3819.44,311
1779879120,3819.34,3822.66,3818.49,3822.66,292
1779879180,3822.72,3822.72,3818.47,3819.62,282
1779879240,3819.6,3820.22,3818.5,3819.45,287
1779879300,3819.64,3821.29,3818.28,3819.91,298
1779879360,3819.86,3822.34,3818.93,3819.6,283
1779879420,3819.49,3819.72,3817.65,3819.55,278
1779879480,3819.56,3820.99,3817.17,3820.86,280
1779879540,3820.78,3823.32,3819.56,3819.56,297
1779879600,3820.5,3822.38,3819.4,3822.35,300
1779879660,3822.75,3823.53,3820.79,3821.69,270
1779879720,3821.74,3822.39,3821.15,3821.62,241
1779879780,3821.96,3825.98,3821.9,3824.64,270
1779879840,3824.68,3825.42,3824.01,3825.42,252
1779879900,3825.41,3825.41,3821.57,3823.16,289
1779879960,3823.11,3823.16,3820.75,3822.02,243
1779880020,3822.07,3823.93,3821.85,3823.08,247
1779880080,3822.95,3824.55,3822.94,3824.55,235
1779880140,3824.41,3824.41,3822.96,3823.19,229
1779880200,3823.2,3823.31,3821.55,3822.2,246
1779880260,3822.28,3822.28,3818.6,3820.86,284
1779880320,3820.87,3822.93,3820.57,3822.23,235
1779880380,3822.23,3824.46,3820.88,3823.21,276
1779880440,3823.21,3823.87,3822.61,3823.87,214
1779880500,3823.76,3824.63,3822.47,3823.39,261
1779880560,3823.28,3824.46,3820.99,3822.04,275
1779880620,3822.03,3823.18,3821.3,3822.74,222
1779880680,3822.78,3823.73,3822.39,3823.39,236
1779880740,3823.42,3824.19,3822.74,3822.74,233
1779880800,3822.58,3822.58,3820.94,3821.31,253
1779880860,3821.36,3821.59,3818.45,3818.45,282
1779880920,3817.73,3819.75,3816.07,3816.21,270
1779880980,3816.62,3817.93,3815.35,3817.87,302
1779881040,3817.68,3820.08,3817.29,3819.7,273
1779881100,3819.7,3819.97,3817.09,3817.84,277
1779881160,3817.9,3818.87,3816.63,3816.89,254
1779881220,3816.95,3817.73,3814.32,3814.57,260
1779881280,3814.51,3817.13,3811.47,3816.83,279
1779881340,3816.78,3817.13,3815.25,3815.93,254
1779881400,3815.88,3816.64,3810.11,3810.25,291
1779881460,3810.3,3812.66,3808.51,3812.57,311
1779881520,3812.57,3813.99,3810.3,3812.78,292
1779881580,3812.96,3814.37,3812.33,3813.73,269
1779881640,3813.6,3813.88,3812.35,3812.82,265
1779881700,3812.87,3813.42,3810.81,3811.97,264
1779881760,3812.03,3815.6,3811.33,3815.6,266
1779881820,3815.75,3816.35,3814.85,3815.76,288
1779881880,3815.72,3816.57,3815.35,3816.57,245
1779881940,3816.43,3816.62,3814.92,3815.94,237
1779882000,3815.93,3816.09,3814.16,3814.18,278
1779882060,3814.16,3816.12,3814.15,3815.89,248
1779882120,3815.88,3818.88,3815.81,3818.88,241
1779882180,3818.89,3818.89,3816.93,3817.24,239
1779882240,3817.01,3818.44,3817.01,3817.64,244
1779882300,3817.55,3818.62,3817.53,3818.19,243
1779882360,3818.13,3818.8,3817.33,3818.14,228
1779882420,3818.19,3818.75,3817.27,3818.56,226
1779882480,3818.59,3818.59,3815.59,3815.91,233
1779882540,3815.9,3816.1,3814.04,3814.04,248
1779882600,3814.04,3814.44,3811.33,3812.31,283
1779882660,3812.53,3813.35,3811.64,3812.29,250
1779882720,3812.3,3813.8,3812.3,3812.66,253
1779882780,3812.67,3813.72,3811.41,3812.47,246
1779882840,3812.44,3812.84,3810.2,3810.2,280
1779882900,3810.32,3810.53,3809.32,3810.42,273
1779882960,3810.44,3811.44,3808.1,3810.32,298
1779883020,3810.13,3810.2,3806.36,3807.24,283
1779883080,3807.47,3807.47,3803.22,3803.71,290
1779883140,3803.95,3805.5,3802.8,3805.5,311
1779883200,3805.63,3808.31,3805.39,3807.49,293
1779883260,3807.49,3811.18,3807.43,3810.35,301
1779883320,3810.3,3812.63,3810.11,3812.12,284
1779883380,3812.21,3813.15,3810.06,3810.06,282
1779883440,3810.06,3810.77,3809.69,3810.35,248
1779883500,3810.34,3812.1,3810.2,3811.47,253
1779883560,3811.53,3811.78,3809.7,3811.74,260
1779883620,3811.72,3812.46,3810.08,3810.31,254
1779883680,3810.33,3810.33,3807.83,3808.57,257
1779883740,3808.53,3809.53,3808.2,3809.46,221
1779883800,3809.39,3809.7,3807.79,3809.7,268
1779883860,3809.74,3809.85,3808.01,3808.9,261
1779883920,3808.93,3809.33,3806.47,3806.69,261
1779883980,3806.71,3807.86,3805.61,3806.69,269
1779884040,3806.68,3807.86,3806.26,3807.05,258
1779884100,3807.06,3808.2,3806.03,3807.14,282
1779884160,3807.36,3807.59,3805.13,3805.73,255
1779884220,3805.8,3806.97,3805.75,3806.82,239
1779884280,3806.83,3818.07,3806.18,3816.94,318
1779884340,3817.83,3824.6,3816.87,3820.29,326
1779884400,3820.55,3820.71,3816.15,3819.96,326
1779884460,3819.79,3826.23,3819.73,3824.46,315
1779884520,3824.23,3831.25,3824.11,3831.14,326
1779884580,3830.97,3831.46,3824.13,3825.31,328
1779884640,3825.34,3825.36,3821.9,3824.22,320
1779884700,3824.34,3827.26,3822.42,3826.01,320
1779884760,3826.42,3826.69,3823.64,3824.54,319
1779884820,3824.6,3824.84,3822.04,3822.33,309
1779884880,3822.4,3823.73,3821.59,3822.23,312
1779884940,3822.23,3822.88,3820.87,3821.85,296
1779885000,3821.71,3825.08,3821.69,3824.31,311
1779885060,3824.32,3824.58,3819.88,3820.91,319
1779885120,3820.91,3821.25,3817.03,3817.13,314
1779885180,3817.15,3818.5,3816.28,3818.33,307
1779885240,3818.42,3818.43,3814.1,3815.35,300
1779885300,3815.4,3815.57,3813.24,3813.99,301
1779885360,3814.21,3818.79,3813.86,3817.33,316
1779885420,3817.26,3819.66,3817.21,3817.8,307
1779885480,3817.86,3819,3816.92,3818.36,293
1779885540,3818.6,3819.66,3818.05,3819.12,269
1779885600,3819.62,3819.62,3817.09,3817.09,288
1779885660,3817,3817.84,3815.64,3816.1,297
1779885720,3816.19,3816.64,3814.5,3815.19,287
1779885780,3815.18,3816.53,3815.04,3816.46,261
1779885840,3816.27,3816.94,3814.8,3815.96,278
1779885900,3816.07,3816.91,3815.16,3815.91,263
1779885960,3816.24,3816.57,3815.14,3815.44,282
1779886020,3815.55,3816.69,3814.63,3815.14,276
1779886080,3815.15,3815.15,3813.13,3814.78,277
1779886140,3814.81,3815.95,3814.35,3814.97,270
1779886200,3814.87,3814.9,3811.85,3812.36,266
1779886260,3812.32,3815.63,3812.17,3812.18,296
1779886320,3812.21,3813.58,3811.75,3812.86,272
1779886380,3812.7,3814.43,3812.7,3814.43,269
1779886440,3814.42,3815.52,3813.88,3814.97,285
1779886500,3815.01,3815.15,3813.06,3814.27,286
1779886560,3814.24,3815.12,3814.21,3814.92,237
1779886620,3814.85,3815.69,3812.98,3813.48,268
1779886680,3812.79,3812.79,3809.61,3810.92,274
1779886740,3810.86,3812.56,3810.33,3812.22,297
1779886800,3811.81,3812.18,3804.25,3804.36,322
1779886860,3804.12,3808.5,3803.56,3807.52,315
1779886920,3807.54,3810.81,3807.45,3810.56,302
1779886980,3810.71,3810.96,3809.08,3809.89,305
1779887040,3809.87,3809.87,3805.78,3805.89,297
1779887100,3805.67,3805.98,3799.39,3801.62,309
1779887160,3801.6,3802.03,3796.39,3797.01,310
1779887220,3796.79,3797.05,3789.25,3793,321
1779887280,3792.84,3797.07,3792.07,3795.8,305
1779887340,3795.87,3796.47,3789.06,3790.92,317
1779887400,3791.07,3792.38,3788.93,3792.38,323
1779887460,3792.42,3795.66,3789.51,3795.41,315
1779887520,3795.33,3796.02,3790.51,3791.65,305
1779887580,3791.37,3791.81,3788.45,3790.69,307
1779887640,3790.56,3793.05,3789.57,3792.68,309
1779887700,3792.51,3794.84,3791.81,3793.6,314
1779887760,3793.61,3794.31,3792.15,3794.31,304
1779887820,3794.33,3796.13,3790.79,3793.85,307
1779887880,3793.78,3794.05,3786.29,3786.64,313
1779887940,3786.4,3788.38,3786.13,3788.01,313
1779888000,3788.17,3788.92,3784.4,3784.4,307
1779888060,3784.56,3792.07,3784.44,3792.07,316
1779888120,3791.88,3794,3790.38,3791.58,310
1779888180,3791.65,3793.16,3790.39,3792.11,301
1779888240,3792.08,3793.75,3791.05,3793.29,275
1779888300,3793.05,3795.13,3791.21,3791.21,300
1779888360,3791.26,3792.46,3787.66,3789.45,315
1779888420,3789.53,3789.53,3784.02,3784.13,310
1779888480,3784.24,3784.61,3780.78,3783.79,316
1779888540,3783.71,3787,3783.02,3783.75,324
1779888600,3784.87,3790.15,3784.87,3790.15,321
1779888660,3790.38,3793.47,3789.97,3792.63,326
1779888720,3792.58,3797.31,3791.33,3797.31,318
1779888780,3797.36,3798.1,3795.67,3796.27,312
1779888840,3795.8,3799.72,3794.58,3799.08,316
1779888900,3798.99,3800.23,3797.58,3799.88,322
1779888960,3799.91,3799.93,3793.34,3793.34,325
1779889020,3792.87,3793.61,3790.38,3792.37,323
1779889080,3792.43,3793.55,3790.35,3793.05,314
1779889140,3792.85,3795.32,3792.59,3794.89,320
1779889200,3794.84,3795.63,3793.53,3794.19,312
1779889260,3794.18,3796.17,3793.07,3795.73,309
1779889320,3795.54,3798.89,3794.9,3797.93,312
1779889380,3798.05,3798.94,3793.87,3795.63,313
1779889440,3795.65,3796.8,3794.15,3796.08,315
1779889500,3795.84,3799.55,3795.25,3799.55,313
1779889560,3799.47,3802.61,3798.69,3798.87,315
1779889620,3799,3799.7,3797.32,3798.31,306
1779889680,3798.27,3800.74,3798.15,3798.25,308
1779889740,3798.05,3798.73,3796.74,3796.75,293
1779889800,3796.67,3800.45,3796.62,3800.28,301
1779889860,3800.2,3806.32,3800.04,3806.28,310
1779889920,3806.18,3808.28,3805.05,3807.1,318
1779889980,3806.99,3808.78,3804.25,3804.75,319
1779890040,3804.6,3804.97,3801.27,3802.13,314
1779890100,3802.17,3804.02,3800.83,3802.64,310
1779890160,3802.79,3803.78,3801.63,3802.14,311
1779890220,3802.44,3804.75,3802.09,3804.42,302
1779890280,3804.35,3804.7,3802.11,3802.49,314
1779890340,3802.58,3803.12,3801.11,3803.12,303
1779890400,3803.77,3804.98,3802.16,3803.55,303
1779890460,3803.65,3807.83,3802.95,3807.68,308
1779890520,3807.65,3808.79,3806.1,3807.28,306
1779890580,3807.44,3810.44,3807.12,3810.44,298
1779890640,3810.38,3813.18,3809.83,3813.05,309
1779890700,3813.32,3813.76,3811.72,3813.33,312
1779890760,3813.35,3816.94,3813.05,3816.81,306
1779890820,3816.7,3821.2,3816,3816.49,315
1779890880,3816.38,3818.48,3815.51,3815.67,312
1779890940,3815.47,3817.61,3813.46,3817.61,301
1779891000,3817.61,3819.38,3816.48,3817.16,295
1779891060,3816.93,3818.97,3816.35,3818.04,304
1779891120,3818.22,3825.77,3817.73,3824.38,311
1779891180,3824.34,3824.59,3820.54,3821.8,308
1779891240,3821.87,3821.91,3818.26,3818.57,302
1779891300,3818.8,3821,3818.75,3818.89,293
1779891360,3818.51,3820.21,3818.03,3819.62,296
1779891420,3819.63,3821.72,3819.63,3820.41,289
1779891480,3820.47,3821.79,3818.99,3819.67,295
1779891540,3819.75,3820.88,3819.36,3820.3,292
1779891600,3820.18,3823.38,3819.63,3821.32,315
1779891660,3821.3,3823.94,3821.26,3821.83,310
1779891720,3821.82,3821.88,3818.56,3818.56,308
1779891780,3818.68,3819.24,3817,3817.56,303
1779891840,3817.3,3817.58,3815.68,3816.78,308
1779891900,3816.74,3817.5,3813.85,3814.21,305
1779891960,3814.19,3814.19,3812.64,3812.64,296
1779892020,3812.66,3813.55,3811.88,3813.08,307
1779892080,3813.09,3815.27,3812.31,3815.1,305
1779892140,3815.09,3816.74,3814.68,3816.31,305
1779892200,3815.84,3818.19,3815.73,3817.93,293
1779892260,3818,3818.65,3817.4,3818.23,298
1779892320,3818.22,3818.26,3813.45,3813.88,292
1779892380,3813.68,3815.2,3808.7,3811.29,324
1779892440,3811.41,3813.43,3810.19,3813.17,322
1779892500,3813.21,3813.79,3812.22,3813.22,295
1779892560,3813.33,3816.32,3812.73,3816.06,298
1779892620,3816.09,3816.28,3814.38,3815.14,303
1779892680,3815.06,3815.27,3812.73,3812.73,294
1779892740,3812.87,3814.97,3812.81,3814.97,287
1779892800,3814.93,3815.32,3813.86,3814.46,301
1779892860,3814.39,3815.21,3814.19,3814.58,291
1779892920,3814.61,3815.22,3812.76,3813.81,289
1779892980,3813.84,3815.62,3813.35,3815.14,294
1779893040,3815.16,3815.16,3813.66,3814.3,275
1779893100,3814.29,3815.36,3814.29,3815.28,270
1779893160,3815.08,3815.38,3812.77,3813.02,281
1779893220,3813.22,3816.49,3812.43,3815.55,300
1779893280,3815.59,3817.08,3815.38,3815.65,281
1779893340,3815.66,3815.66,3811.76,3811.76,285
1779893400,3811.65,3813.35,3811.39,3812.05,297
1779893460,3812.05,3813.73,3811.73,3812.43,289
1779893520,3812.6,3814,3812.44,3813.62,288
1779893580,3813.6,3814.22,3812.24,3814.03,287
1779893640,3814,3815.3,3813.68,3815.28,285
1779893700,3815.59,3815.59,3813.6,3813.73,295
1779893760,3813.49,3813.68,3811.45,3812.15,303
1779893820,3811.97,3814.47,3811.97,3814.22,301
1779893880,3814.32,3815.14,3813.14,3813.77,312
1779893940,3813.82,3814.4,3813.18,3814.07,291
1779894000,3813.98,3815.05,3811.75,3812.57,303
1779894060,3812.57,3814.93,3812.13,3814.67,291
1779894120,3814.67,3815.36,3814.52,3814.68,289
1779894180,3814.67,3815.56,3814.43,3815.14,272
1779894240,3815.26,3815.57,3812.27,3814.14,279
1779894300,3814.14,3814.28,3812.57,3812.58,266
1779894360,3812.61,3813.69,3812.61,3812.67,277
1779894420,3812.6,3813.72,3812.27,3812.75,295
1779894480,3812.75,3812.78,3810.17,3810.18,278
1779894540,3810.16,3810.66,3807.53,3808.29,284
1779894600,3807.99,3809.81,3807.52,3809.72,297
1779894660,3809.69,3809.69,3806.96,3807.87,295
1779894720,3807.9,3808.65,3807.01,3807.52,275
1779894780,3807.55,3809.79,3807.55,3809.2,272
1779894840,3809.26,3810.25,3809.26,3809.84,257
1779894900,3809.71,3810.1,3807.97,3809.62,282
1779894960,3809.61,3810.63,3809.52,3809.82,270
1779895020,3809.89,3810.7,3809.67,3810.2,254
1779895080,3810.54,3810.74,3809.65,3810.65,253
1779895140,3810.71,3810.85,3808.6,3809.19,264
1779895200,3808.93,3809.87,3808.81,3809.13,265
1779895260,3809.12,3809.25,3808.39,3808.87,271
1779895320,3808.87,3810.19,3808.87,3809.16,285
1779895380,3809.17,3810.32,3808.72,3810.32,255
1779895440,3810.55,3812.12,3809.96,3811.44,281
1779895500,3811.37,3811.81,3811.08,3811.35,272
1779895560,3811.32,3811.41,3810.77,3810.99,245
1779895620,3810.93,3812.73,3810.6,3812.16,255
1779895680,3812.39,3812.53,3811.33,3811.76,244
1779895740,3811.73,3812.94,3811.65,3812.89,245
1779895800,3813.8,3815.72,3813.33,3815.39,302
1779895860,3815.35,3817.25,3815.2,3815.92,293
1779895920,3815.99,3816.36,3815.3,3815.96,273
1779895980,3816,3817.2,3815.09,3815.39,270
1779896040,3815.35,3815.37,3813.75,3814.78,263
1779896100,3814.77,3816.17,3814.71,3814.96,267
1779896160,3814.82,3815.5,3814.49,3815.3,261
1779896220,3815.31,3815.79,3814.39,3815.28,217
1779896280,3815.35,3816.24,3815.35,3816.09,228
1779896340,3816.15,3817.47,3816.15,3817.45,247
1779896400,3817.49,3817.69,3816.25,3816.93,267
1779896460,3816.32,3817.04,3815.94,3817.04,236
1779896520,3817.02,3817.43,3816.04,3816.18,253
1779896580,3816.13,3816.36,3814.12,3814.36,279
1779896640,3814.24,3814.89,3811.67,3812.42,297
1779896700,3812.54,3815.37,3811.56,3813.86,291
1779896760,3813.89,3814.19,3812.42,3812.67,270
1779896820,3812.73,3814.04,3812.71,3813.07,251
1779896880,3813.06,3813.06,3811.35,3812.11,237
1779896940,3812.06,3813.36,3811.16,3812.29,287
1779897000,3812.31,3813.33,3812.28,3812.78,224
1779897060,3812.9,3813,3810.92,3810.96,251
1779897120,3810.93,3811.82,3810.63,3811.29,249
1779897180,3811.31,3813.45,3811.17,3813.44,257
1779897240,3813.45,3814.28,3812.02,3813.32,251
1779897300,3813.29,3813.63,3812.12,3812.7,249
1779897360,3812.7,3814.24,3812.44,3814.24,221
1779897420,3814.27,3814.9,3814.19,3814.83,231
1779897480,3814.81,3815.56,3814.14,3814.49,236
1779897540,3814.29,3814.67,3814.12,3814.67,221
1779897600,3814.65,3815.66,3814.14,3815.64,267
1779897660,3815.99,3818.84,3815.99,3817.93,246
1779897720,3817.94,3818.74,3817.54,3818.74,240
1779897780,3818.71,3819.62,3815.92,3816.17,259
1779897840,3816.19,3817.29,3815.23,3816.67,268
1779897900,3816.63,3816.8,3815.54,3815.88,256
1779897960,3815.87,3816.83,3815.68,3816.25,244
1779898020,3816.28,3816.72,3815.71,3816,235
1779898080,3815.92,3816.01,3814.49,3816.01,236
1779898140,3816.04,3816.25,3814.84,3815.86,244
1779898200,3815.98,3816.59,3815.88,3816.47,229
1779898260,3816.6,3818.24,3816.19,3817.81,262
1779898320,3817.84,3818.6,3817.74,3818.39,242
1779898380,3818.35,3818.47,3817.53,3817.69,233
1779898440,3817.51,3818.42,3817.5,3818.13,202
1779898500,3818.21,3818.81,3817.73,3818.8,219
1779898560,3818.82,3819.69,3818.42,3819.1,241
1779898620,3819.13,3819.35,3818.82,3819.17,254
1779898680,3819.1,3820.18,3819.04,3819.66,210
1779898740,3819.62,3819.69,3818.81,3818.97,196
1779898800,3819.17,3819.74,3818.63,3819.58,223
1779898860,3819.65,3820.54,3819.41,3820.06,220
1779898920,3820.09,3820.56,3819.79,3820.15,256
1779898980,3820.08,3820.12,3819.68,3820,208
1779899040,3820.02,3821.58,3819.85,3821.58,203
1779899100,3821.6,3822.15,3821.2,3821.95,233
1779899160,3821.86,3824.32,3821.82,3824.24,243
1779899220,3824.18,3824.5,3823.13,3823.82,227
1779899280,3823.8,3823.89,3822.77,3823.33,231
1779899340,3823.38,3824.31,3823.38,3824.04,254
1779899400,3823.75,3824.29,3822.99,3823.02,254
1779899460,3822.98,3825.35,3822.96,3825.35,259
1779899520,3825.33,3826.15,3825.09,3825.11,226
1779899580,3825.06,3825.75,3824.9,3825.67,215
1779899640,3825.57,3825.72,3824.96,3825.1,212
1779899700,3825.17,3826.93,3825.17,3826.26,234
1779899760,3826.3,3826.64,3826.16,3826.17,226
1779899820,3826.14,3826.98,3826.07,3826.7,228
1779899880,3826.69,3826.84,3826.17,3826.49,227
1779899940,3826.5,3826.75,3825.86,3825.88,185
1779900000,3826.03,3827.75,3825.73,3827.59,231
1779900060,3827.31,3827.89,3827.18,3827.84,239
1779900120,3827.83,3828.59,3826.92,3826.92,253
1779900180,3826.99,3827.25,3826.62,3826.99,227
1779900240,3826.97,3827.08,3826.24,3826.57,208
1779900300,3827.01,3827.57,3826.66,3827.29,239
1779900360,3826.85,3826.85,3825.36,3825.72,244
1779900420,3825.53,3827.2,3825.4,3826.95,210
1779900480,3827.05,3827.57,3826.38,3827.57,246
1779900540,3827.52,3827.96,3826.66,3827.4,217
1779900600,3827.42,3828.38,3827.38,3827.5,241
1779900660,3827.46,3827.91,3826.91,3827.68,191
1779900720,3827.65,3827.94,3826.76,3826.93,224
1779900780,3826.93,3827.22,3826.38,3826.51,248
1779900840,3826.45,3826.5,3825.89,3826.43,206
1779900900,3826.48,3826.95,3826.12,3826.12,188
1779900960,3826.16,3826.17,3825.46,3825.5,221
1779901020,3825.59,3825.95,3825.4,3825.66,207
1779901080,3825.68,3826.84,3825.48,3826.29,222
1779901140,3826.34,3826.64,3825.62,3826.3,232
1779901200,3826.31,3826.44,3824.97,3826.15,242
1779901260,3826.12,3826.34,3823.9,3823.9,242
1779901320,3823.97,3824.93,3823.67,3823.86,281
1779901380,3824.03,3826.29,3823.39,3825.9,245
1779901440,3825.96,3826.05,3825.44,3825.47,217
1779901500,3825.43,3827.34,3825.39,3827.23,233
1779901560,3827.26,3827.26,3826.02,3826.88,226
1779901620,3826.84,3826.88,3824.98,3825.93,260
1779901680,3825.94,3826.03,3824.05,3824.28,280
1779901740,3824.1,3824.5,3822.12,3822.2,269
1779901800,3822.19,3824.19,3822.03,3823.26,288
1779901860,3823.27,3823.27,3821.17,3821.17,275
1779901920,3821.24,3822.82,3821,3822.14,280
1779901980,3822.01,3822.75,3821.84,3822.32,243
1779902040,3822.39,3823.52,3822.32,3823.52,231
1779902100,3823.49,3824.17,3822.78,3823.72,236
1779902160,3823.79,3824.97,3823.41,3824.85,244
1779902220,3824.91,3825.58,3824.52,3825.46,203
1779902280,3825.43,3825.48,3824.37,3824.85,232
1779902340,3824.76,3825.75,3824.76,3825.75,211
1779902400,3825.64,3826.72,3825.12,3826.12,234
1779902460,3826.09,3826.39,3825.71,3825.79,227
1779902520,3825.83,3826.22,3825.59,3825.7,231
1779902580,3825.76,3825.78,3824.93,3825.39,230
1779902640,3825.67,3826.85,3825.17,3825.48,254
1779902700,3825.53,3825.53,3824.51,3825.1,237
1779902760,3825.19,3825.75,3824.45,3825.23,221
1779902820,3825,3826.34,3825,3825.92,197
1779902880,3825.92,3826.4,3824.93,3825.17,189
1779902940,3825.12,3829.23,3825.12,3828.33,306
1779903000,3828.48,3829.77,3828.48,3828.94,244
1779903060,3829.14,3831.1,3829.14,3830.59,225
1779903120,3830.46,3831.29,3830.08,3830.2,241
1779903180,3830.21,3830.24,3829.64,3830.24,185
1779903240,3830.23,3830.61,3829.7,3830.49,217
1779903300,3830.5,3832.49,3830.2,3831.66,229
1779903360,3831.62,3831.74,3831.24,3831.74,238
1779903420,3831.72,3831.87,3830.93,3831.13,222
1779903480,3831.06,3831.33,3830.73,3831.23,206
1779903540,3831.27,3831.45,3829.06,3829.16,240
1779903600,3829.2,3829.75,3828.75,3829.03,247
1779903660,3829.05,3829.55,3828.83,3829.25,209
1779903720,3829.22,3829.53,3828.76,3828.98,168
1779903780,3829.01,3829.36,3828.28,3829.29,192
1779903840,3829.26,3829.33,3828.29,3828.35,178
1779903900,3828.34,3828.64,3827.93,3828.45,171
1779903960,3828.57,3829.23,3828.5,3829.22,193
1779904020,3829,3829,3828.09,3828.25,168
1779904080,3828.29,3828.41,3827.81,3827.92,160
1779904140,3827.89,3828.31,3827.67,3828.31,169
1779904200,3828.37,3828.85,3828.29,3828.76,168
1779904260,3828.87,3828.99,3828.08,3828.86,207
1779904320,3828.89,3830.19,3828.81,3830.08,209
1779904380,3830.09,3830.16,3829.31,3829.31,237
1779904440,3829.26,3830.31,3829.18,3829.9,198
1779904500,3829.91,3830.31,3829.58,3830.25,179
1779904560,3830.23,3830.54,3830,3830.16,194
1779904620,3830.17,3830.19,3829.26,3829.5,188
1779904680,3829.55,3829.64,3828.84,3828.84,171
1779904740,3828.89,3828.92,3827.53,3827.53,165
1779904800,3827.08,3827.37,3826.95,3827.28,223
1779904860,3827.31,3829.13,3827.11,3828.99,245
1779904920,3828.96,3829.37,3828.18,3828.92,204
1779904980,3828.93,3829.15,3828.81,3828.97,174
1779905040,3829,3829.15,3827.6,3827.74,216
1779905100,3827.69,3828.24,3827.05,3828.01,196
1779905160,3827.91,3827.97,3827.05,3827.2,195
1779905220,3827.15,3827.22,3826.58,3827.19,177
1779905280,3827.15,3827.29,3826.8,3827.11,201
1779905340,3827.07,3827.07,3826.11,3826.52,186
1779905400,3826.53,3827.22,3826.53,3827.02,175
1779905460,3826.84,3827.77,3826.83,3827.6,178
1779905520,3827.6,3828.28,3827.54,3828.1,155
1779905580,3827.93,3827.96,3827.67,3827.76,174
1779905640,3827.74,3828.37,3827.5,3828.37,178
1779905700,3828.43,3828.68,3828.16,3828.56,228
1779905760,3828.63,3830.01,3828.63,3829.87,211
1779905820,3829.86,3830.99,3829.65,3830.78,224
1779905880,3830.76,3830.79,3830.32,3830.37,159
1779905940,3830.42,3831.17,3830.33,3830.81,157
1779906000,3831,3835.7,3830.77,3834.18,279
1779906060,3834.18,3835.17,3833.69,3833.93,236
1779906120,3833.89,3834.05,3833.52,3833.6,217
1779906180,3833.63,3833.68,3832.95,3833.62,232
1779906240,3833.61,3833.61,3832.65,3832.92,211
1779906300,3832.94,3833.33,3832.29,3832.4,223
1779906360,3832.38,3832.91,3832.37,3832.88,222
1779906420,3832.93,3833.26,3832.59,3832.67,232
1779906480,3832.53,3833.23,3832.14,3832.33,212
1779906540,3832.32,3833.17,3831.91,3832.89,220
1779906600,3832.92,3833.24,3832.33,3832.88,220
1779906660,3832.94,3833.06,3831.93,3832.32,199
1779906720,3832.36,3832.64,3830.88,3831.02,223
1779906780,3830.8,3831.1,3830.25,3830.52,214
1779906840,3830.63,3831.2,3830.28,3830.6,203
1779906900,3830.6,3830.63,3830.16,3830.28,125
1779906960,3830.26,3830.52,3829.82,3830,152
1779907020,3830.03,3830.05,3829.27,3829.27,169
1779907080,3829.29,3830.28,3829.29,3829.97,182
1779907140,3830.02,3830.58,3830.02,3830.28,144
1779907200,3830.31,3830.87,3830.2,3830.73,143
1779907260,3830.7,3830.98,3830.52,3830.84,156
1779907320,3830.87,3830.89,3829.97,3830.31,149
1779907380,3830.25,3830.39,3829.93,3830.25,152
1779907440,3830.25,3830.29,3829.91,3829.93,155
1779907500,3829.91,3829.92,3829.55,3829.69,157
1779907560,3829.69,3830.35,3829.66,3830.1,151
1779907620,3830.07,3830.27,3829.74,3830,147
1779907680,3830.1,3830.17,3829.76,3829.83,131
1779907740,3829.86,3829.98,3829.71,3829.84,155
1779907800,3829.9,3830.01,3829.34,3829.36,169
1779907860,3829.47,3829.48,3829.06,3829.46,166
1779907920,3829.43,3829.88,3829.33,3829.78,139
1779907980,3829.8,3830.08,3829.05,3829.2,180
1779908040,3829.2,3829.32,3828.86,3828.86,142
1779908100,3828.9,3829.22,3828.7,3829.15,160
1779908160,3829.11,3830.01,3829.08,3830.01,141
1779908220,3829.96,3830,3829.6,3829.67,179
1779908280,3829.71,3830.16,3829.71,3830.1,146
1779908340,3830.16,3830.85,3830.05,3830.29,173
1779908400,3830.29,3830.49,3829.62,3830.25,157
1779908460,3830.24,3830.47,3829.69,3829.77,182
1779908520,3829.77,3829.93,3828.97,3828.97,164
1779908580,3828.97,3828.97,3828.32,3828.6,150
1779908640,3828.59,3828.59,3827.92,3828.08,182
1779908700,3828.07,3828.33,3827.8,3828.17,156
1779908760,3828.17,3828.72,3828.17,3828.38,175
1779908820,3828.31,3828.67,3828.18,3828.58,129
1779908880,3828.58,3828.81,3828.3,3828.3,105
1779908940,3828.38,3828.63,3828.27,3828.45,117
1779909000,3828.46,3828.55,3827.01,3827.12,181
1779909060,3827,3827.76,3826.88,3826.92,175
1779909120,3826.92,3827.63,3826.9,3827.43,175
1779909180,3827.43,3827.97,3827.24,3827.85,169
1779909240,3827.84,3828,3827.52,3827.76,161
1779909300,3827.73,3828.19,3827.46,3827.46,166
1779909360,3827.36,3827.56,3826.47,3826.74,176
1779909420,3826.72,3827.48,3826.42,3826.8,169
1779909480,3826.84,3826.98,3826.68,3826.82,168
1779909540,3826.79,3826.79,3826.22,3826.31,176
1779909600,3826.34,3826.76,3826.26,3826.63,142
1779909660,3826.64,3827.25,3826.51,3826.96,112
1779909720,3827.06,3827.15,3826.84,3826.92,91
1779909780,3826.89,3829.34,3826.86,3828.72,162
1779909840,3828.69,3829.03,3828.45,3828.63,155
1779909900,3828.64,3828.64,3827.53,3827.8,147
1779909960,3827.75,3827.92,3826.99,3827.11,199
1779910020,3827.05,3827.26,3826.4,3826.86,200
1779910080,3826.89,3827.2,3826.79,3827.16,139
1779910140,3827.09,3827.12,3826.79,3826.9,150
1779910200,3826.88,3827.83,3826.88,3827.34,191
1779910260,3827.39,3827.7,3827.3,3827.36,141
1779910320,3827.26,3828.49,3826.26,3827.39,175
1779910380,3827.38,3828.97,3827.38,3827.83,185
1779910440,3827.8,3828.43,3827.63,3828.39,185
1779910500,3828.41,3828.89,3828.05,3828.89,171
1779910560,3828.88,3829.05,3828.49,3829.03,157
1779910620,3829.01,3829.45,3828.17,3828.22,175
1779910680,3828.23,3829.6,3827.7,3829.6,132
1779910740,3829.55,3830.11,3829.49,3829.88,194
1779910800,3829.9,3830.41,3829.73,3830.2,179
1779910860,3830.21,3830.3,3829.37,3829.47,143
1779910920,3829.51,3830.27,3829.51,3830.07,118
1779910980,3830.03,3830.17,3829.64,3830.09,158
1779911040,3830.02,3830.2,3829.86,3829.88,161
1779911100,3829.86,3830.06,3829.32,3829.33,117
1779911160,3829.28,3829.77,3828.8,3828.88,147
1779911220,3828.96,3829.31,3828.77,3829.1,162
1779911280,3829.09,3829.3,3828.58,3828.58,121
1779911340,3828.58,3828.75,3828.33,3828.47,120
1779911400,3828.65,3829.2,3828.44,3828.85,202
1779911460,3828.8,3829,3827.77,3827.8,153
1779911520,3827.82,3828.19,3827.6,3828.01,189
1779911580,3827.97,3828.51,3827.87,3828.39,192
1779911640,3828.4,3828.66,3827.93,3828.15,208
1779911700,3828.01,3828.01,3827.01,3827.42,193
1779911760,3827.35,3827.55,3826.86,3826.94,215
1779911820,3827.01,3827.34,3826.86,3827.04,178
1779911880,3827.02,3827.31,3826.14,3827.09,243
1779911940,3826.94,3827.55,3826.77,3827.42,268
1779912000,3827.49,3827.87,3826.85,3827.68,193
1779912060,3827.55,3829.52,3827.53,3829.38,218
1779912120,3829.36,3829.7,3828.52,3828.81,190
1779912180,3828.79,3828.79,3828.2,3828.24,127
1779912240,3828.25,3829.08,3828.03,3828.42,133
1779912300,3828.42,3828.42,3827.89,3828.13,117
1779912360,3828.1,3828.39,3827.97,3828.35,145
1779912420,3828.4,3829.35,3828.33,3829.32,130
1779912480,3829.32,3829.59,3829.16,3829.28,108
1779912540,3829.23,3829.38,3829.04,3829.04,81
1779912600,3829.05,3829.36,3828.92,3829.12,81
1779912660,3829.14,3829.27,3828.87,3829.19,128
1779912720,3829.22,3829.9,3829.2,3829.9,95
1779912780,3829.93,3829.97,3829.65,3829.87,108
1779912840,3829.94,3831.28,3829.83,3831.28,131
1779912900,3831.32,3833.59,3831.24,3832.58,193
1779912960,3832.59,3833.08,3831.85,3833.05,174
1779913020,3833.04,3833.25,3832.58,3833.1,119
1779913080,3833.07,3834.03,3833.02,3833.97,199
1779913140,3834.05,3834.38,3833.51,3833.51,153
1779913200,3833.57,3834.36,3833.57,3833.68,159
1779913260,3833.69,3833.73,3832.76,3832.97,171
1779913320,3833.14,3833.14,3832.2,3832.2,130
1779913380,3832.21,3832.84,3832.15,3832.63,142
1779913440,3832.78,3832.83,3832.52,3832.65,116
1779913500,3832.7,3832.71,3831.99,3832.16,103
1779913560,3832.13,3832.15,3831.19,3831.39,116
1779913620,3831.29,3831.7,3831.08,3831.4,139
1779913680,3831.44,3831.62,3830.94,3831.03,112
1779913740,3831.05,3831.55,3831,3831.31,129
1779913800,3831.16,3831.28,3830.95,3831.01,118
1779913860,3830.95,3831.35,3830.78,3830.87,145
1779913920,3830.87,3831.13,3830.73,3831.04,86
1779913980,3831.02,3831.67,3831.02,3831.44,121
1779914040,3831.28,3831.44,3830.61,3830.63,90
1779914100,3830.55,3830.67,3829.81,3829.98,112
1779914160,3829.92,3830.04,3829.82,3829.93,75
1779914220,3830.01,3830.1,3829.34,3829.88,113
1779914280,3829.87,3830,3829.38,3829.42,115
1779914340,3829.38,3829.67,3829.38,3829.49,97
1779914400,3829.2,3829.31,3828.57,3828.63,78
1779914460,3828.69,3829.53,3828.61,3829.52,94
1779914520,3829.53,3830.27,3829.53,3830.27,64
1779914580,3830.27,3830.51,3829.93,3829.96,74
1779914640,3829.87,3830.18,3829.87,3829.97,73
1779914700,3830,3830.28,3829.21,3829.81,111
1779914760,3829.84,3829.88,3829.55,3829.79,78
1779914820,3829.86,3830.46,3829.86,3830.37,70
1779914880,3830.29,3831.02,3830.05,3830.98,87
1779914940,3831.05,3831.05,3830.7,3830.76,82
1779915000,3830.89,3830.97,3830.84,3830.97,60
1779915060,3831,3831.53,3831,3831.24,71
1779915120,3831.16,3831.38,3830.64,3830.79,71
1779915180,3830.8,3831.42,3830.66,3831.42,73
1779915240,3831.35,3831.68,3831.32,3831.34,79
1779915300,3831.38,3832.42,3831.25,3832.35,109
1779915360,3832.25,3832.4,3832.16,3832.24,59
1779915420,3832.27,3832.75,3831.87,3832.67,94
1779915480,3832.7,3832.9,3832.57,3832.79,123
1779919320,3837.98,3840.3,3834.42,3835.28,205
1779919380,3835.57,3835.87,3832.01,3832.02,159
1779919440,3832.03,3833.09,3831.75,3832.7,137
1779919500,3832.47,3836.14,3831.84,3834.77,184
1779919560,3834.77,3835.94,3834.69,3835.81,141
1779919620,3835.81,3837.31,3835.68,3836.23,120
1779919680,3836.23,3836.54,3835.15,3835.77,103
1779919740,3835.77,3835.77,3834.17,3834.27,108
1779919800,3834.27,3834.46,3833.52,3834.43,81
1779919860,3834.36,3834.49,3833.95,3834.01,77
1779919920,3834.02,3834.99,3833.9,3834.87,111
1779919980,3834.84,3835.33,3832.55,3832.62,135
1779920040,3832.73,3833.57,3832.68,3833.1,125
1779920100,3833.1,3833.12,3831.98,3832.58,113
1779920160,3832.58,3833.29,3832.57,3832.94,120
1779920220,3832.94,3833.92,3832.88,3833.82,102
1779920280,3833.82,3834.24,3833.64,3833.71,73
1779920340,3833.71,3835.63,3833.71,3834.82,103
1779920400,3834.81,3834.95,3833.91,3834.07,82
1779920460,3834.14,3834.94,3833.13,3833.21,95
1779920520,3833.19,3835.04,3833.1,3835.04,114
1779920580,3835.01,3835.89,3835,3835.63,148
1779920640,3835.61,3836.52,3835.4,3835.47,104
1779920700,3835.48,3836.08,3835.32,3835.72,151
1779920760,3835.7,3835.82,3835.26,3835.64,112
1779920820,3835.86,3836.58,3835.63,3835.8,136
1779920880,3835.74,3835.84,3835.19,3835.57,166
1779920940,3835.67,3835.67,3835.29,3835.49,107
1779921000,3835.35,3835.65,3832.5,3833.15,173
1779921060,3833.15,3833.75,3832.84,3833.15,152
1779921120,3832.29,3832.89,3831.96,3832.82,148
1779921180,3832.87,3832.91,3831.37,3831.49,131
1779921240,3831.75,3833.41,3831.75,3833.11,130
1779921300,3833.12,3836.07,3833.12,3836.06,131
1779921360,3836.15,3836.15,3834.88,3835.93,110
1779921420,3835.98,3836.37,3835.53,3836.11,116
1779921480,3836.1,3836.79,3835.53,3836.79,110
1779921540,3836.73,3836.75,3836.12,3836.43,121
1779921600,3836.54,3837.26,3836.09,3836.37,171
1779921660,3836.54,3836.54,3833.94,3834.05,139
1779921720,3834.06,3834.44,3833.78,3834.37,125
1779921780,3834.35,3835.18,3834.35,3835.13,103
1779921840,3834.85,3835.21,3834.54,3834.7,149
1779921900,3834.67,3834.93,3834.52,3834.69,108
1779921960,3834.29,3834.34,3833.56,3833.7,94
1779922020,3833.71,3834.49,3833.64,3833.95,100
1779922080,3833.95,3834.48,3833.76,3834.48,62
1779922140,3834.48,3834.62,3833.01,3833.23,113
1779922200,3833.31,3834.1,3832.41,3833.55,124
1779922260,3833.59,3834.16,3833.59,3833.85,83
1779922320,3833.89,3834.41,3833.39,3834.38,111
1779922380,3834.37,3834.52,3834.28,3834.47,81
1779922440,3834.51,3834.51,3833.25,3833.32,84
1779922500,3833.41,3833.9,3833.4,3833.56,90
1779922560,3833.53,3833.72,3833.3,3833.67,86
1779922620,3833.85,3834.37,3833.81,3834.13,99
1779922680,3834.07,3834.28,3833.64,3833.94,93
1779922740,3833.94,3834.32,3833.7,3834.04,80
1779922800,3834.05,3834.29,3832.06,3832.81,140
1779922860,3832.79,3833.76,3832.61,3832.89,133
1779922920,3832.88,3833.43,3832.72,3833.32,93
1779922980,3833.34,3833.45,3833.17,3833.34,78
1779923040,3833.32,3834.08,3832.99,3833.03,66
1779923100,3833.04,3833.04,3832.59,3832.88,80
1779923160,3832.86,3833.2,3832.78,3832.82,73
1779923220,3832.84,3832.88,3830.05,3830.05,165
1779923280,3830.06,3830.11,3828.78,3829.1,220
1779923340,3829.47,3829.86,3829.23,3829.77,117
1779923400,3829.73,3829.83,3828.79,3829.25,166
1779923460,3829.21,3829.22,3828.82,3829.08,99
1779923520,3829.12,3830.16,3829.12,3829.99,101
1779923580,3829.98,3830.11,3829.48,3829.92,123
1779923640,3829.89,3830.71,3829.61,3830.06,124
1779923700,3830.06,3830.19,3829.33,3829.45,111
1779923760,3829.6,3829.66,3828.1,3829.66,189
1779923820,3829.79,3831.03,3829.77,3830.98,145
1779923880,3831.15,3831.19,3830.23,3830.26,128
1779923940,3830.27,3830.37,3829.81,3830.34,117
1779924000,3830.29,3831.12,3829.76,3830.24,195
1779924060,3830.1,3830.21,3828.49,3829.19,234
1779924120,3829.29,3829.4,3828.55,3828.63,174
1779924180,3828.57,3829.48,3828.32,3829.48,204
1779924240,3829.04,3830.23,3828.62,3829.97,189
1779924300,3829.97,3830.49,3829.52,3830.29,151
1779924360,3830.23,3830.46,3829.22,3829.26,155
1779924420,3829.02,3829.47,3827.98,3829.05,159
1779924480,3828.77,3830.1,3828.68,3829.54,147
1779924540,3829.27,3829.76,3828.87,3829.61,155
1779924600,3829.67,3830.25,3828.56,3829.97,205
1779924660,3829.97,3830.02,3828.96,3829.46,142
1779924720,3829.46,3829.48,3829.02,3829.11,136
1779924780,3829.13,3829.58,3828.87,3829.44,176
1779924840,3829.47,3829.5,3828.26,3828.61,162
1779924900,3828.61,3830.92,3828.61,3829.86,181
1779924960,3829.86,3830.52,3829.65,3830.48,124
1779925020,3830.49,3831.15,3829.99,3831.09,108
1779925080,3831.05,3831.08,3830.41,3830.74,113
1779925140,3830.79,3832.32,3830.79,3831.9,107
1779925200,3831.86,3832.3,3831.29,3831.84,143
1779925260,3831.85,3832.04,3830.94,3830.94,139
1779925320,3830.92,3832.31,3829.67,3830.72,150
1779925380,3830.71,3831.59,3830.17,3830.5,141
1779925440,3830.55,3830.76,3829.51,3829.51,124
1779925500,3828.86,3829.13,3826.95,3827.53,241
1779925560,3827.36,3827.71,3827.11,3827.29,190
1779925620,3827.13,3827.22,3825.85,3827.07,212
1779925680,3826.98,3827.58,3826.73,3827.56,175
1779925740,3827.56,3828.12,3827.27,3827.66,143
1779925800,3827.78,3828.27,3827,3827.53,137
1779925860,3827.6,3828.37,3826.29,3826.53,199
1779925920,3825.4,3827.2,3825.4,3827.03,239
1779925980,3826.97,3827.48,3825.87,3826.35,213
1779926040,3826.36,3827.25,3825.91,3827.04,170
1779926100,3826.84,3829.01,3826.72,3828.89,178
1779926160,3828.93,3830.03,3828.75,3829.39,169
1779926220,3829.45,3829.9,3828.57,3828.75,194
1779926280,3828.75,3828.9,3828.09,3828.2,161
1779926340,3828.15,3828.34,3827.69,3827.92,149
1779926400,3826.99,3829.86,3825.64,3829.83,253
1779926460,3829.89,3830.04,3828.38,3829.71,258
1779926520,3829.77,3832.1,3828.93,3831.95,266
1779926580,3831.77,3831.79,3828.88,3829.75,235
1779926640,3829.47,3830.17,3829.33,3829.52,220
1779926700,3829.49,3829.64,3828.4,3828.43,186
1779926760,3828.46,3829.92,3827.53,3829.45,245
1779926820,3829.48,3829.51,3827.85,3828.23,193
1779926880,3828.2,3828.98,3826.79,3826.79,179
1779926940,3826.76,3828.68,3825.89,3827.93,190
1779927000,3828,3829.16,3827.67,3828.27,210
1779927060,3828.24,3828.24,3827,3827.15,188
1779927120,3827.28,3827.36,3826.82,3827.3,172
1779927180,3827.36,3828.18,3827.36,3828.18,197
1779927240,3828.07,3828.16,3824.81,3824.89,233
1779927300,3824.89,3826.3,3824.55,3825.33,242
1779927360,3825.33,3826.81,3825.11,3826.47,216
1779927420,3826.49,3829.24,3826.49,3829.09,212
1779927480,3829.12,3831.58,3828.76,3831.5,237
1779927540,3831.47,3832.14,3830.8,3830.88,223
1779927600,3830.88,3831.44,3829.41,3830.07,227
1779927660,3830.28,3831.58,3829.83,3831.42,221
1779927720,3831.42,3831.53,3828.07,3828.07,170
1779927780,3828.11,3828.24,3826.13,3826.88,197
1779927840,3826.7,3826.89,3824.32,3825.31,190
1779927900,3825.51,3825.96,3824.56,3825.26,248
1779927960,3825.26,3826.76,3825.12,3826.22,253
1779928020,3826.18,3826.37,3825.79,3826.33,194
1779928080,3826.18,3826.87,3825.35,3825.55,194
1779928140,3825.57,3825.57,3824.74,3825.39,202
1779928200,3825.38,3825.73,3823.93,3824.2,241
1779928260,3824.45,3825.6,3824.19,3825.09,225
1779928320,3825.11,3828.8,3825.11,3828.72,258
1779928380,3828.74,3828.99,3828.04,3828.44,233
1779928440,3828.48,3829.28,3827.85,3828.96,250
1779928500,3829.03,3829.84,3828.59,3829.74,199
1779928560,3829.76,3830.88,3829.54,3830.67,222
1779928620,3830.71,3831.78,3830.2,3831.74,198
1779928680,3831.73,3831.73,3830.32,3830.59,169
1779928740,3830.7,3830.78,3830.13,3830.3,176
1779928800,3830.27,3831.41,3829.89,3830.75,203
1779928860,3830.76,3830.99,3829.75,3829.75,195
1779928920,3829.84,3831.71,3829.72,3831.71,213
1779928980,3831.59,3831.84,3830.42,3830.57,201
1779929040,3830.58,3831.6,3830.46,3831.52,195
1779929100,3831.46,3832.76,3831.38,3832.62,211
1779929160,3832.61,3833.97,3832.61,3833.44,235
1779929220,3833.32,3833.74,3832.75,3833.55,151
1779929280,3833.55,3833.71,3833.02,3833.06,139
1779929340,3832.93,3833.26,3832.88,3833.06,164
1779929400,3833.06,3833.52,3832.67,3832.67,190
1779929460,3832.68,3832.81,3832.11,3832.16,175
1779929520,3832.18,3832.55,3831.75,3831.92,175
1779929580,3831.93,3832.63,3831.68,3831.8,185
1779929640,3831.81,3832.43,3831.51,3831.86,205
1779929700,3831.87,3832.04,3831.05,3831.6,226
1779929760,3831.62,3831.63,3831.06,3831.44,184
1779929820,3831.41,3834.28,3831.39,3834.06,193
1779929880,3834.16,3835.67,3833.58,3835.67,260
1779929940,3835.73,3835.73,3834.65,3835.46,256
1779930000,3835.72,3836.62,3829.25,3829.48,312
1779930060,3829.41,3830.42,3828.23,3830.42,305
1779930120,3830.73,3831,3827.95,3827.95,286
1779930180,3827.94,3828.31,3826.51,3827.56,288
1779930240,3827.56,3827.85,3826.42,3826.58,279
1779930300,3826.51,3826.65,3824.98,3825.81,286
1779930360,3825.62,3827.9,3825.6,3827.44,273
1779930420,3827.41,3828.32,3826.84,3827.12,248
1779930480,3827.33,3827.61,3824.51,3825.13,275
1779930540,3825.17,3825.43,3823.99,3825.35,282
1779930600,3825.23,3826.38,3825.18,3825.99,252
1779930660,3825.99,3826.62,3824.85,3825.43,246
1779930720,3825.48,3825.48,3822.24,3822.9,272
1779930780,3822.9,3822.9,3819.66,3819.66,260
1779930840,3819.72,3820.57,3819.21,3819.67,264
1779930900,3819.61,3821.23,3818.91,3819.91,285
1779930960,3820.26,3820.3,3817.95,3818.34,273
1779931020,3818.37,3818.37,3814.21,3815.91,293
1779931080,3815.86,3816.99,3814.21,3815.3,283
1779931140,3815.49,3816.24,3813.92,3815.3,247
1779931200,3815.34,3816.91,3814.95,3816.42,264
1779931260,3816.43,3816.88,3812.59,3812.81,263
1779931320,3812.75,3814.01,3812.4,3812.57,270
1779931380,3812.58,3814.05,3810.09,3814.05,281
1779931440,3814.05,3814.52,3812.5,3813.55,240
1779931500,3813.53,3813.64,3807.15,3807.21,306
1779931560,3807.43,3807.99,3803.38,3803.45,286
1779931620,3803.55,3804.72,3802.6,3803.67,295
1779931680,3803.68,3804.5,3801.87,3803.78,285
1779931740,3803.7,3804.39,3802.62,3803.78,281
1779931800,3803.57,3805.53,3802.04,3805.53,285
1779931860,3805.73,3808.65,3805.59,3807.37,292
1779931920,3806.98,3808.99,3805.92,3808.73,281
1779931980,3808.56,3809.59,3808.12,3808.55,281
1779932040,3808.51,3809.28,3808.19,3809.24,263
1779932100,3809.32,3810.44,3808.76,3810.1,265
1779932160,3810.16,3810.3,3808.16,3808.23,249
1779932220,3808.33,3809.49,3806.22,3809.21,269
1779932280,3809.06,3809.14,3805.51,3805.99,277
1779932340,3806.07,3807.34,3805.57,3807,250
1779932400,3807.05,3807.37,3804.37,3805.18,252
1779932460,3806.35,3806.93,3802.42,3803.09,274
1779932520,3803.16,3804.33,3801.37,3804.33,297
1779932580,3804.13,3807.28,3803.15,3806.26,285
1779932640,3806.25,3807.05,3802.36,3803.06,276
1779932700,3803.13,3805.26,3802.5,3804.6,264
1779932760,3804.74,3805.47,3802.79,3804.94,260
1779932820,3804.84,3806.1,3804.52,3805.13,244
1779932880,3805.1,3805.12,3803.65,3804.43,264
1779932940,3804.4,3805.17,3803.22,3803.83,256
1779933000,3803.82,3805.06,3802.37,3804.6,307
1779933060,3804.75,3805.83,3802.61,3804.29,254
1779933120,3803.98,3803.98,3800.13,3800.99,285
1779933180,3801.01,3801.09,3795.42,3795.72,304
1779933240,3795.74,3797.95,3795.74,3796.93,292
1779933300,3796.9,3798.2,3795.75,3796.42,280
1779933360,3796.56,3798.24,3795.95,3798.24,285
1779933420,3798.37,3798.66,3795.92,3798.5,288
1779933480,3798.54,3799.61,3797.31,3799.35,262
1779933540,3799.33,3799.62,3797.77,3798.53,265
1779933600,3798.55,3800.45,3795.75,3796.4,291
1779933660,3796.34,3797.18,3795.19,3796.88,279
1779933720,3796.85,3797.46,3793.2,3793.57,269
1779933780,3793.6,3798.62,3792.94,3797.84,305
1779933840,3797.75,3798,3792.32,3793.39,279
1779933900,3793.26,3794,3792.35,3793.75,298
1779933960,3793.87,3795.89,3793.14,3795.03,288
1779934020,3795.25,3795.82,3793.46,3794.48,256
1779934080,3794.93,3797.17,3794.89,3795.28,237
1779934140,3795.25,3796.31,3794.97,3796.29,234
1779934200,3796.29,3796.52,3794.09,3794.48,264
1779934260,3794.57,3795.28,3791.41,3792.09,286
1779934320,3792.18,3792.51,3788.51,3789.21,264
1779934380,3789.39,3789.46,3785.59,3787.28,312
1779934440,3787.27,3791.65,3787.1,3791.23,289
1779934500,3791.3,3792.86,3791.2,3792.02,274
1779934560,3791.89,3794.03,3791.81,3793.49,258
1779934620,3793.69,3793.88,3792.2,3792.98,226
1779934680,3792.89,3793.99,3792.88,3793.76,227
1779934740,3793.71,3793.74,3790.92,3792.52,246
1779934800,3792.63,3793.39,3792.52,3792.54,231
1779934860,3792.45,3793.85,3792.18,3792.95,231
1779934920,3792.82,3793.8,3789.1,3790.26,254
1779934980,3790.28,3791.14,3788.46,3790.96,235
1779935040,3790.97,3793.59,3790.9,3793.59,210
1779935100,3793.62,3795.73,3793.49,3794.22,234
1779935160,3794.17,3794.88,3794,3794.51,171
1779935220,3794.34,3795.05,3793.99,3794.73,208
1779935280,3794.77,3795.54,3793.89,3793.89,196
1779935340,3793.88,3794.92,3793.79,3793.98,202
1779935400,3793.95,3797.19,3793.91,3795.43,277
1779935460,3795.66,3795.66,3792.51,3792.62,289
1779935520,3792.69,3793.04,3791.76,3792.12,207
1779935580,3792.17,3794.48,3792.11,3794.46,237
1779935640,3794.46,3797.04,3794.38,3795.78,244
1779935700,3795.78,3796.05,3795.14,3795.71,257
1779935760,3795.65,3795.89,3793.78,3794.64,257
1779935820,3794.77,3795.25,3794.31,3794.55,228
1779935880,3794.56,3795,3794.11,3794.75,220
1779935940,3794.75,3794.94,3794.27,3794.75,212
1779936000,3794.75,3795.36,3793.15,3795.17,225
1779936060,3795.22,3796.04,3794.08,3794.4,241
1779936120,3794.43,3794.66,3792.19,3792.26,230
1779936180,3792.22,3793.11,3791.11,3791.56,261
1779936240,3791.43,3791.68,3789.96,3791.08,258
1779936300,3791,3791.37,3785.89,3786.13,270
1779936360,3786.07,3786.19,3784.02,3786.02,311
1779936420,3785.96,3787.06,3785.64,3786.45,300
1779936480,3786.28,3788.09,3785.82,3786.93,288
1779936540,3786.94,3788.68,3785.76,3786.03,255
1779936600,3785.9,3786.07,3783.82,3783.9,254
1779936660,3784,3786.11,3783.71,3785.89,233
1779936720,3785.89,3786.56,3785.22,3785.88,253
1779936780,3785.86,3787.86,3785.86,3787.65,225
1779936840,3787.64,3787.71,3785.34,3785.48,210
1779936900,3785.53,3786.58,3783.36,3783.41,230
1779936960,3783.41,3788.36,3783.14,3788.08,253
1779937020,3788.25,3788.37,3785.59,3785.64,257
1779937080,3785.67,3786.18,3785.34,3785.78,213
1779937140,3785.86,3785.88,3783.92,3784.08,243
1779937200,3784.07,3785.9,3783.39,3785.1,263
1779937260,3785.1,3785.16,3781.65,3781.76,255
1779937320,3781.86,3782.15,3780.73,3781.04,276
1779937380,3781.29,3782.78,3780.43,3782.09,265
1779937440,3782.05,3784.84,3781.89,3784.84,250
1779937500,3785.01,3785.1,3784.18,3785.03,236
1779937560,3784.78,3786.25,3784.2,3785.74,241
1779937620,3785.66,3786.79,3785.57,3786.79,234
1779937680,3786.71,3787.28,3786.04,3787.13,244
1779937740,3787.16,3787.45,3784.89,3786.4,244
1779937800,3786.39,3787.09,3786.24,3787.01,227
1779937860,3786.99,3787.25,3784.44,3784.6,246
1779937920,3784.68,3786.24,3783.21,3786.15,256
1779937980,3786.25,3787.92,3785.89,3787.77,238
1779938040,3787.79,3787.79,3785.21,3786.3,253
1779938100,3786.28,3786.55,3781.17,3781.93,260
1779938160,3781.94,3783.13,3781.06,3782.93,266
1779938220,3782.94,3783.81,3781.48,3781.48,262
1779938280,3781.52,3781.92,3780.74,3781.11,272
1779938340,3779.79,3779.85,3777.81,3778.91,301
1779938400,3779.17,3779.87,3777.19,3778.09,292
1779938460,3778.55,3780.41,3778.54,3779.84,242
1779938520,3779.71,3781.05,3777.67,3777.67,286
1779938580,3777.61,3779.67,3777.13,3779.55,277
1779938640,3779.74,3781.81,3779.16,3780.94,252
1779938700,3780.93,3780.93,3778.51,3778.77,247
1779938760,3778.78,3780.21,3778.06,3779.85,258
1779938820,3779.77,3780.75,3779.25,3780.11,254
1779938880,3780.11,3780.31,3778.83,3779.66,250
1779938940,3779.71,3782.57,3779.48,3782.15,265
1779939000,3782.08,3782.38,3778.02,3778.33,285
1779939060,3778.32,3779.4,3776.44,3778.64,274
1779939120,3778.74,3779.11,3777.12,3778.28,258
1779939180,3778.45,3778.95,3777.69,3778.29,243
1779939240,3778.22,3779.57,3776.51,3776.51,269
1779939300,3776.47,3776.91,3775,3775.05,279
1779939360,3775.17,3776.4,3774.75,3775.28,280
1779939420,3775.25,3775.32,3772.81,3773.25,275
1779939480,3773.27,3773.87,3769.81,3769.91,293
1779939540,3769.74,3772.51,3769.74,3772.44,307
1779939600,3772.51,3773.56,3771.11,3772.64,296
1779939660,3772.64,3774.42,3771.75,3772.79,301
1779939720,3772.71,3773.28,3771.97,3771.97,282
1779939780,3772.01,3774.15,3771.13,3773.6,259
1779939840,3773.73,3776.28,3773.56,3775.4,287
1779939900,3775.2,3777.17,3774.68,3776.97,262
1779939960,3776.85,3777.07,3774.17,3774.17,271
1779940020,3774.27,3774.42,3771.82,3773.36,279
1779940080,3773.33,3774.07,3773,3773.88,237
1779940140,3773.87,3774.32,3772.68,3774.27,229
1779940200,3774.07,3774.16,3771.74,3773.7,266
1779940260,3773.62,3774.03,3772.69,3774.01,258
1779940320,3774.06,3774.06,3772.82,3773.38,233
1779940380,3773.29,3774.13,3772.51,3774.13,233
1779940440,3774.1,3775.97,3774.1,3775.34,242
1779940500,3775.32,3775.32,3773.25,3773.45,234
1779940560,3773.47,3774.15,3770.87,3770.87,255
1779940620,3770.9,3771.74,3770.04,3771.26,271
1779940680,3771.23,3776.02,3771.1,3776.02,261
1779940740,3775.98,3777.23,3775.57,3775.58,252
1779940800,3775.57,3777.22,3774.16,3774.16,266
1779940860,3774.07,3774.19,3771.1,3773.07,268
1779940920,3773.07,3776.63,3773.03,3776.48,237
1779940980,3777,3777.69,3775.31,3775.67,276
1779941040,3774.56,3775.85,3774.29,3775.68,230
1779941100,3775.65,3777.31,3775.1,3777.03,238
1779941160,3776.99,3778.36,3776.62,3778.3,260
1779941220,3778.25,3781.19,3778.25,3780.35,275
1779941280,3780.29,3781.12,3779.71,3779.71,249
1779941340,3779.68,3780.1,3779.04,3779.95,239
1779941400,3779.97,3780.25,3778.47,3778.59,264
1779941460,3778.58,3778.63,3777.1,3778.57,262
1779941520,3778.61,3779.45,3777.17,3778.06,198
1779941580,3778.06,3778.31,3776.81,3777.16,188
1779941640,3777.2,3777.78,3775.32,3775.68,224
1779941700,3775.7,3776.33,3774.83,3775.03,241
1779941760,3774.99,3775.24,3773.4,3774.15,249
1779941820,3774.19,3774.21,3772.33,3772.85,228
1779941880,3772.95,3773.18,3771.8,3772.61,234
1779941940,3772.68,3772.72,3770.18,3770.57,265
1779942000,3770.62,3771.19,3768.22,3769.89,272
1779942060,3769.94,3771.82,3769.45,3771.57,247
1779942120,3771.54,3772.99,3771.47,3771.47,248
1779942180,3771.45,3772.4,3770.87,3771.88,242
1779942240,3771.91,3772.55,3771.36,3771.98,224
1779942300,3772.01,3772.34,3770.78,3772.25,256
1779942360,3772.24,3772.34,3770.31,3770.31,232
1779942420,3770.53,3770.53,3769.24,3769.47,261
1779942480,3769.4,3770.29,3768.77,3769.39,218
1779942540,3769.41,3770.32,3769.36,3769.85,213
1779942600,3769.82,3771.31,3769.72,3771.18,189
1779942660,3771.12,3771.87,3770.5,3770.73,229
1779942720,3770.85,3772.13,3770.41,3772.13,231
1779942780,3772.19,3772.19,3770.42,3771.11,225
1779942840,3771.11,3772.84,3771.08,3772.14,252
1779942900,3772.15,3773.57,3772.04,3773.05,228
1779942960,3773.09,3773.56,3772.33,3773,205
1779943020,3773.03,3773.54,3771.01,3772.45,215
1779943080,3772.4,3772.84,3771.65,3771.85,218
1779943140,3771.82,3771.98,3770.93,3771.78,242
1779943200,3771.76,3772.76,3770.76,3770.76,232
1779943260,3770.75,3772.03,3770.65,3771.94,225
1779943320,3771.91,3773.23,3771.48,3772.76,231
1779943380,3772.81,3774.12,3772.73,3773.7,155
1779943440,3773.67,3774.44,3773.35,3773.51,238
1779943500,3773.19,3774.49,3773.12,3773.72,220
1779943560,3773.56,3773.56,3771.76,3772.58,233
1779943620,3772.6,3773.16,3772.28,3772.28,203
1779943680,3772.32,3772.75,3771.72,3772.21,207
1779943740,3772.21,3772.33,3769.69,3769.73,195
1779943800,3770.02,3770.44,3768.77,3769.77,248
1779943860,3769.78,3771.86,3769.78,3771.02,214
1779943920,3771.01,3772.11,3769.62,3770.48,244
1779943980,3770.52,3771.39,3769.89,3771.37,206
1779944040,3771.38,3772,3770.57,3770.98,243
1779944100,3771.12,3772.28,3771.12,3772.03,236
1779944160,3772.03,3772.91,3771.69,3772.4,218
1779944220,3772.4,3774.13,3772.4,3773.4,209
1779944280,3773.41,3773.66,3772.84,3773.19,231
1779944340,3773.07,3773.4,3772.17,3772.51,223
1779944400,3772.76,3773.16,3771.86,3772.2,263
1779944460,3771.93,3772.93,3771.32,3771.55,242
1779944520,3771.16,3771.16,3767.75,3768.57,249
1779944580,3768.55,3771.15,3767.99,3770.47,220
1779944640,3770.66,3771.75,3769.6,3769.6,229
1779944700,3769.61,3770.91,3768.07,3769.4,241
1779944760,3769.39,3773.15,3769.26,3772.62,239
1779944820,3772.68,3773.02,3771.69,3772.25,231
1779944880,3772.27,3773.25,3771.94,3772.84,220
1779944940,3772.9,3773.72,3771.67,3771.91,194
1779945000,3771.88,3773.3,3771.83,3773.13,194
1779945060,3772.98,3775.51,3772.88,3775.51,207
1779945120,3775.47,3777.03,3773.74,3773.97,244
1779945180,3774.07,3774.35,3773.01,3773.64,217
1779945240,3773.52,3775.34,3773.52,3774.85,214
1779945300,3774.84,3775.67,3774.8,3775,200
1779945360,3774.99,3775.88,3771.81,3771.85,253
1779945420,3772.75,3774.45,3772.55,3773.61,222
1779945480,3773.58,3774.39,3772.57,3774.06,219
1779945540,3774.06,3774.84,3773.43,3774.03,247
1779945600,3773.67,3774.04,3771.41,3772.34,221
1779945660,3772.32,3773.1,3772.13,3773,173
1779945720,3773.1,3774.07,3772.72,3773.86,191
1779945780,3773.91,3774.74,3773.91,3774.27,212
1779945840,3774.31,3775.6,3774.31,3775.46,232
1779945900,3775.48,3776.04,3774.97,3775.46,223
1779945960,3775.44,3776.39,3775.04,3776.16,216
1779946020,3776.17,3776.9,3775.91,3776.39,246
1779946080,3776.4,3777.19,3776.4,3777.17,206
1779946140,3777.14,3777.5,3775.66,3776.57,226
1779946200,3776.86,3779.84,3773.45,3779.53,308
1779946260,3780,3780.56,3778.08,3778.77,285
1779946320,3778.77,3781.38,3778.26,3780.42,282
1779946380,3780.38,3782.88,3780.31,3782.2,301
1779946440,3782.19,3783.19,3781.97,3782.33,296
1779946500,3782.34,3784.24,3782.2,3783.06,290
1779946560,3783.16,3783.73,3782.25,3783.15,266
1779946620,3783.32,3784.61,3783.1,3783.44,304
1779946680,3783.52,3785,3783.34,3783.75,249
1779946740,3783.65,3785.92,3783.5,3785.65,284
1779946800,3785.8,3787.87,3785.38,3786.44,277
1779946860,3786.71,3787.2,3785.81,3786.33,277
1779946920,3786.35,3786.64,3784.13,3784.39,267
1779946980,3784.4,3785.91,3784.15,3784.15,269
1779947040,3784.14,3784.97,3784.04,3784.2,264
1779947100,3784.34,3786.63,3784.34,3785.65,280
1779947160,3785.62,3788.62,3784.54,3788.33,295
1779947220,3788.24,3788.29,3786.24,3786.8,284
1779947280,3786.82,3788.35,3786.64,3787.06,257
1779947340,3787.08,3787.48,3786.13,3786.28,240
1779947400,3786.37,3786.97,3785.14,3786.95,257
1779947460,3787,3788.21,3786.52,3788.09,267
1779947520,3788.15,3789.05,3787.63,3788.16,266
1779947580,3788.07,3788.44,3786.45,3786.76,255
1779947640,3786.79,3787.45,3786.72,3787.21,258
1779947700,3787.38,3787.48,3785.08,3785.25,248
1779947760,3785.37,3786.39,3784.54,3784.61,242
1779947820,3784.64,3786.26,3784.37,3785.67,222
1779947880,3785.65,3785.67,3784.31,3784.31,222
1779947940,3784.23,3784.25,3782.72,3783,271
1779948000,3783.04,3785.18,3781.6,3782.11,294
1779948060,3781.9,3783.35,3781.74,3783.25,262
1779948120,3783.18,3783.3,3781.49,3781.8,264
1779948180,3781.81,3781.98,3780.49,3781.29,263
1779948240,3781.06,3783.01,3780.4,3782.21,279
1779948300,3782.09,3782.12,3780,3780.07,237
1779948360,3780.05,3780.05,3777.64,3778.58,286
1779948420,3778.51,3779.6,3777,3777.01,282
1779948480,3777.04,3777.21,3774.81,3775.27,265
1779948540,3775.04,3775.7,3774.39,3775.22,260
1779948600,3775.47,3776.89,3774.72,3775.57,269
1779948660,3775.54,3775.97,3771.6,3772.1,273
1779948720,3772.07,3773.69,3770.99,3772.98,272
1779948780,3772.9,3773.17,3771.49,3771.75,256
1779948840,3771.76,3772.33,3770.98,3771.08,247
1779948900,3771.06,3771.06,3769.52,3769.86,265
1779948960,3769.87,3770.7,3769.56,3769.88,243
1779949020,3769.83,3771.93,3769.83,3771.91,267
1779949080,3771.8,3774.8,3771.78,3774.39,269
1779949140,3774.39,3774.73,3772.75,3773.75,237
1779949200,3773.78,3775.68,3773.56,3775.28,241
1779949260,3775.35,3775.44,3773.67,3775.19,254
1779949320,3775.2,3777.05,3775.2,3776.93,252
1779949380,3776.95,3777.53,3774.57,3775.02,248
1779949440,3775.01,3776.12,3774.7,3775.21,231
1779949500,3775.18,3776.4,3774.9,3775.98,245
1779949560,3775.86,3777.02,3775.24,3775.89,246
1779949620,3775.84,3776.08,3774.21,3774.52,261
1779949680,3774.57,3775.19,3773.87,3774.33,243
1779949740,3774.48,3774.56,3773.46,3774.01,219
1779949800,3773.93,3774.17,3773.29,3773.84,239
1779949860,3773.83,3775.68,3773.22,3775.58,260
1779949920,3775.57,3778.03,3775.19,3776.43,258
1779949980,3776.36,3777.58,3775.89,3776.31,230
1779950040,3776.34,3776.73,3774.89,3776.66,262
1779950100,3776.63,3777.91,3776.19,3777.84,218
1779950160,3777.87,3777.9,3775.73,3775.79,233
1779950220,3775.91,3776.06,3774.97,3775.23,216
1779950280,3775.18,3775.61,3774.83,3775.14,217
1779950340,3775.17,3775.42,3774.67,3774.83,235
1779950400,3774.69,3776.45,3774.69,3776.22,210
1779950460,3776.24,3776.34,3775.34,3776.21,170
1779950520,3776.36,3776.79,3775.71,3775.72,253
1779950580,3775.61,3775.61,3774.35,3774.49,206
1779950640,3774.55,3774.64,3771.2,3773.72,248
1779950700,3773.65,3774.14,3773.21,3773.41,222
1779950760,3773.41,3774.61,3772.76,3774.54,233
1779950820,3774.46,3776.27,3774.3,3775.85,210
1779950880,3775.83,3777.03,3774.91,3776.33,226
1779950940,3776.27,3776.81,3775.35,3775.98,201
1779951000,3775.97,3776.68,3775.87,3776.44,207
1779951060,3775.97,3776.24,3774.7,3775.16,226
1779951120,3775.14,3776.62,3774.91,3776.38,229
1779951180,3776.41,3776.5,3775.48,3775.84,203
1779951240,3775.85,3775.88,3774.67,3775.23,223
1779951300,3775.31,3776.88,3775.12,3775.3,215
1779951360,3775.37,3775.37,3774.81,3775.11,162
1779951420,3775.17,3775.19,3774.04,3774.08,234
1779951480,3774.11,3774.65,3773.96,3774.02,221
1779951540,3774.07,3776.1,3774.04,3775.55,243
1779951600,3776.37,3779.38,3776.23,3778.8,284
1779951660,3778.56,3778.86,3777.12,3778.86,260
1779951720,3779.47,3779.48,3776.38,3777.26,247
1779951780,3777.1,3777.37,3776.07,3776.42,270
1779951840,3776.41,3779.05,3776.33,3778.11,257
1779951900,3778.02,3779.66,3777.64,3778.47,239
1779951960,3778.55,3779.6,3778.31,3778.9,203
1779952020,3778.87,3779.44,3777.77,3779.31,236
1779952080,3779.33,3780.7,3779.25,3780.61,260
1779952140,3780.57,3781.78,3780.32,3781.59,236
1779952200,3781.37,3781.37,3777.32,3778.17,234
1779952260,3778.17,3779.02,3778.17,3778.64,236
1779952320,3778.67,3778.67,3777.86,3778.12,231
1779952380,3778.12,3779.96,3777.95,3778.5,228
1779952440,3778.57,3778.73,3777.86,3777.93,207
1779952500,3778.22,3778.5,3776.6,3777.24,238
1779952560,3777.31,3779,3777.29,3778.66,217
1779952620,3778.55,3780.03,3778.35,3779.89,227
1779952680,3779.99,3781.47,3779.92,3781.43,220
1779952740,3781.2,3783.91,3780.82,3783.24,252
1779952800,3783.14,3783.9,3782.07,3783.46,260
1779952860,3783.48,3784.58,3783.34,3784,245
1779952920,3783.99,3784.33,3783.58,3783.68,231
1779952980,3783.74,3784.34,3783.59,3784.01,239
1779953040,3783.93,3784.03,3783.23,3783.43,242
1779953100,3783.54,3784.95,3783.23,3784.32,238
1779953160,3784.31,3784.96,3783.85,3784.55,229
1779953220,3784.54,3785.05,3784.06,3784.12,217
1779953280,3784.05,3784.82,3783.84,3784.1,184
1779953340,3784.09,3784.17,3781.97,3782.73,217
1779953400,3782.69,3783.2,3781.99,3782.66,266
1779953460,3782.65,3783.31,3781.41,3781.61,212
1779953520,3781.57,3781.76,3780.79,3781.44,223
1779953580,3781.43,3782.04,3779.88,3780.15,227
1779953640,3780.13,3780.97,3779.99,3780.14,199
1779953700,3780.14,3782.81,3780.12,3782.81,216
1779953760,3782.69,3782.94,3780.5,3780.51,207
1779953820,3780.52,3780.52,3779.8,3780.23,209
1779953880,3780.23,3781.42,3779.73,3781.09,210
1779953940,3781.11,3781.51,3780.29,3780.42,196
1779954000,3780.39,3780.65,3779.66,3779.93,192
1779954060,3779.91,3780.28,3776.94,3777.57,233
1779954120,3777.49,3777.85,3777.05,3777.77,213
1779954180,3777.66,3780.57,3777.59,3779.75,216
1779954240,3779.76,3779.97,3779.39,3779.88,224
1779954300,3779.88,3780.95,3779.45,3779.58,196
1779954360,3779.59,3781.36,3779.37,3781.16,217
1779954420,3781.05,3781.3,3777.33,3777.5,240
1779954480,3777.46,3778.12,3777.27,3778.05,229
1779954540,3778.1,3778.48,3777.2,3778.29,236
1779954600,3778.55,3779.72,3778.31,3779.62,224
1779954660,3779.43,3779.71,3776.89,3777.23,218
1779954720,3777.27,3777.27,3774.06,3774.29,222
1779954780,3774.29,3775.89,3774.15,3775.78,199
1779954840,3775.82,3777.11,3774.84,3776.39,201
1779954900,3776.38,3776.8,3775.75,3776.11,179
1779954960,3776.21,3776.27,3775.19,3775.56,206
1779955020,3775.65,3777.09,3775.29,3776.24,224
1779955080,3776.27,3777.8,3776.05,3777.29,210
1779955140,3777.22,3779.52,3777.15,3778.5,219
1779955200,3778.52,3781.5,3778.52,3781.4,274
1779955260,3781.39,3782.61,3781.37,3781.84,250
1779955320,3781.82,3781.82,3779.15,3779.36,260
1779955380,3779.51,3779.78,3778.49,3778.61,223
1779955440,3778.57,3778.68,3777.1,3777.73,239
1779955500,3777.71,3778.49,3777.28,3778.27,236
1779955560,3778.19,3780.2,3778.19,3779.85,221
1779955620,3779.83,3782,3779.62,3781.31,228
1779955680,3781.26,3781.84,3780.39,3780.59,204
1779955740,3780.6,3782.69,3780.44,3782.69,180
1779955800,3782.72,3784.09,3782.72,3783,251
1779955860,3783.08,3783.54,3782.15,3782.93,255
1779955920,3782.95,3783.15,3782.34,3783.03,179
1779955980,3783.01,3783.42,3782.44,3782.76,200
1779956040,3782.84,3783.87,3782.5,3783.69,185
1779956100,3783.7,3785.03,3783.4,3785.02,189
1779956160,3785.01,3785.38,3784.22,3784.83,182
1779956220,3784.84,3784.89,3783.05,3783.96,198
1779956280,3783.97,3784.53,3782.84,3783.22,219
1779956340,3783.42,3783.6,3782.82,3783.13,193
1779956400,3783.12,3783.79,3782.58,3782.89,220
1779956460,3782.87,3783.47,3782.6,3783.36,176
1779956520,3783.37,3784.14,3783.1,3783.1,181
1779956580,3783.11,3784.14,3782.87,3784.14,199
1779956640,3784.15,3784.39,3782.59,3783.06,209
1779956700,3783.07,3783.63,3781.56,3781.57,222
1779956760,3781.68,3782.81,3781.64,3782.78,216
1779956820,3782.69,3782.94,3781.31,3781.67,200
1779956880,3781.68,3781.68,3780.08,3780.91,241
1779956940,3780.86,3781.73,3780.85,3781.17,237
1779957000,3781.12,3781.8,3780.85,3781.63,234
1779957060,3781.79,3781.93,3780.74,3781.04,196
1779957120,3781.05,3781.05,3778.42,3779.25,205
1779957180,3779.06,3779.85,3778.19,3779.8,187
1779957240,3779.8,3782.71,3779.52,3782.69,217
1779957300,3783.07,3783.33,3782.34,3782.82,205
1779957360,3782.79,3785.23,3782.77,3784.26,205
1779957420,3784.28,3784.34,3783.44,3783.82,183
1779957480,3783.54,3783.95,3783.12,3783.43,194
1779957540,3783.39,3783.39,3781.05,3782.54,196
1779957600,3782.48,3783.87,3782.39,3783.41,222
1779957660,3783.38,3783.79,3782.55,3783.02,239
1779957720,3783.01,3783.03,3780.69,3781.38,228
1779957780,3781.5,3781.96,3781.31,3781.54,195
1779957840,3781.55,3781.61,3780.47,3781.01,177
1779957900,3781.06,3781.16,3778.74,3779.38,242
1779957960,3779.41,3779.72,3778.72,3778.94,189
1779958020,3778.97,3779.61,3778.78,3779.05,175
1779958080,3779.08,3780.71,3779.04,3780.38,190
1779958140,3780.36,3781.32,3780.17,3780.99,207
1779958200,3780.98,3781.24,3779.75,3780.55,201
1779958260,3780.54,3780.87,3780.33,3780.87,150
1779958320,3780.69,3780.95,3780.1,3780.12,177
1779958380,3780.13,3780.21,3779.05,3779.37,180
1779958440,3779.36,3779.36,3778.68,3778.83,176
1779958500,3778.79,3779.09,3778.51,3778.81,203
1779958560,3778.78,3779.34,3777.1,3777.1,178
1779958620,3777.03,3777.44,3776.09,3776.72,201
1779958680,3776.75,3777.07,3776.3,3776.51,212
1779958740,3776.61,3776.99,3775.57,3776.85,209
1779958800,3776.59,3778.11,3776.41,3777.57,220
1779958860,3777.56,3779.73,3777.35,3779.7,222
1779958920,3779.75,3779.8,3778.27,3778.83,228
1779958980,3778.84,3779.88,3778.27,3779.44,205
1779959040,3779.39,3779.42,3777.55,3778.5,211
1779959100,3778.57,3779.55,3778.56,3779.55,202
1779959160,3779.6,3779.95,3778.7,3779.5,212
1779959220,3779.47,3779.83,3779.2,3779.41,207
1779959280,3779.48,3779.61,3778.25,3778.58,234
1779959340,3778.55,3779.22,3778.16,3778.99,203
1779959400,3779.01,3779.85,3778.14,3778.15,196
1779959460,3778.18,3778.25,3776.44,3777.05,222
1779959520,3777,3777.28,3776.27,3776.51,200
1779959580,3776.1,3777.56,3775.95,3777.3,231
1779959640,3777.3,3778.18,3777.18,3778.03,225
1779959700,3777.99,3778.59,3777.38,3777.84,242
1779959760,3777.89,3778.49,3777.41,3777.65,208
1779959820,3777.71,3778.79,3777.59,3778.75,193
1779959880,3778.83,3779.15,3778.48,3779,177
1779959940,3779.01,3780.72,3778.67,3779.26,179
1779960000,3779.23,3780.37,3779.17,3780.3,215
1779960060,3780.28,3786.23,3780.28,3785.9,283
1779960120,3785.7,3785.7,3784.2,3784.73,246
1779960180,3784.73,3784.86,3782.63,3783.2,192
1779960240,3783.17,3784,3782.99,3783.44,219
1779960300,3783.37,3783.83,3782.5,3783.74,225
1779960360,3783.74,3784.15,3782.52,3782.54,223
1779960420,3782.59,3783.66,3781.58,3783.66,239
1779960480,3783.7,3785.24,3783.6,3784.57,237
1779960540,3784.54,3785.39,3784.15,3784.24,207
1779960600,3784.25,3784.42,3780.99,3781.81,249
1779960660,3781.91,3783.05,3781.56,3781.75,261
1779960720,3781.89,3783.6,3781.55,3783.01,280
1779960780,3783.12,3783.43,3781.17,3782.12,248
1779960840,3782.23,3782.55,3781.61,3782.16,216
1779960900,3782.2,3782.79,3780.99,3781.63,216
1779960960,3781.6,3782.86,3781.26,3782.73,221
1779961020,3782.78,3784.5,3782.78,3783.82,213
1779961080,3783.83,3784,3782.65,3782.87,225
1779961140,3782.88,3782.88,3781.54,3781.73,221
1779961200,3781.88,3781.97,3780.66,3781.72,220
1779961260,3781.71,3781.76,3781.19,3781.2,222
1779961320,3781.2,3781.33,3780.49,3780.66,178
1779961380,3780.68,3781.13,3780.4,3780.92,207
1779961440,3780.68,3780.82,3779.6,3780.15,212
1779961500,3780.2,3780.41,3779.02,3779.96,211
1779961560,3779.93,3780.37,3779.9,3779.93,168
1779961620,3779.9,3781.17,3779.9,3780.57,206
1779961680,3780.55,3781.51,3780.08,3781.08,200
1779961740,3781.09,3782.37,3781.02,3781.97,227
1779961800,3781.98,3784.6,3781.52,3783.79,229
1779961860,3783.78,3783.79,3782.03,3782.51,247
1779961920,3782.54,3782.91,3781.38,3781.54,213
1779961980,3781.55,3783.5,3781.47,3783.28,223
1779962040,3783.31,3784.24,3783.29,3783.44,244
1779962100,3782.87,3783.17,3782.37,3783.02,220
1779962160,3783.02,3784.58,3782.99,3784.42,195
1779962220,3784.36,3785.5,3784.02,3784.2,233
1779962280,3784.19,3784.26,3783.47,3784.06,230
1779962340,3783.96,3784.05,3782.84,3783.41,187
1779962400,3783.45,3783.55,3782.89,3783.34,192
1779962460,3783.39,3783.48,3782.36,3782.36,187
1779962520,3782.37,3783.27,3782.01,3783.19,220
1779962580,3783.14,3784.22,3782.82,3784.06,229
1779962640,3784.08,3784.32,3783.46,3783.9,220
1779962700,3783.92,3784.64,3783.86,3784.23,191
