time,open,high,low,close,volume
1779483360,0.98518,0.9852,0.9848,0.98504,121
1779656460,0.98737,0.98737,0.98737,0.98737,2
1779656580,0.98736,0.98737,0.98736,0.98737,4
1779656700,0.98735,0.98736,0.98703,0.98711,22
1779656760,0.98725,0.98725,0.98711,0.98716,34
1779656820,0.98712,0.98716,0.9871,0.98716,34
1779656880,0.98716,0.98716,0.98703,0.9871,34
1779656940,0.98716,0.98716,0.9871,0.98716,16
1779657000,0.98715,0.98718,0.98715,0.98715,8
1779657060,0.98711,0.98711,0.98711,0.98711,2
1779657120,0.98713,0.98713,0.98713,0.98713,2
1779657180,0.98705,0.98712,0.98705,0.98705,10
1779657240,0.98711,0.98719,0.987,0.98719,14
1779657300,0.98713,0.98728,0.98713,0.98719,24
1779657360,0.98715,0.98715,0.98714,0.98714,4
1779657420,0.98712,0.98712,0.98703,0.98703,4
1779657480,0.98708,0.98709,0.98706,0.98706,6
1779657540,0.98719,0.9872,0.98719,0.9872,4
1779657600,0.98712,0.98713,0.98712,0.98713,4
1779657660,0.98761,0.98761,0.98761,0.98761,3
1779657720,0.98776,0.98785,0.98773,0.98785,10
1779657780,0.98786,0.98788,0.98782,0.98788,6
1779657840,0.98778,0.98783,0.98778,0.98783,3
1779657900,0.98779,0.98779,0.98779,0.98779,1
1779657960,0.98787,0.98789,0.98787,0.98788,4
1779658020,0.98788,0.98791,0.98787,0.98791,5
1779658080,0.98781,0.98781,0.98779,0.98781,6
1779658140,0.98781,0.98781,0.98773,0.98779,9
1779658200,0.98771,0.98776,0.98771,0.98776,7
1779658260,0.98777,0.98784,0.98777,0.98783,7
1779658320,0.9876,0.98769,0.9876,0.98769,6
1779658380,0.98765,0.98765,0.98765,0.98765,3
1779658440,0.9877,0.9877,0.9877,0.9877,3
1779658500,0.98765,0.98765,0.98763,0.98763,4
1779658560,0.98758,0.98758,0.98758,0.98758,2
1779658620,0.98768,0.98768,0.98768,0.98768,1
1779658800,0.98764,0.98764,0.98764,0.98764,2
1779658860,0.98752,0.98775,0.98752,0.98766,32
1779658920,0.98761,0.98762,0.98761,0.98761,7
1779658980,0.98759,0.98759,0.98758,0.98758,3
1779659040,0.98759,0.98759,0.98759,0.98759,1
1779659100,0.98751,0.98751,0.98751,0.98751,2
1779659160,0.98753,0.98753,0.9875,0.98753,8
1779659220,0.98758,0.98758,0.98751,0.98751,8
1779659280,0.98744,0.98744,0.98744,0.98744,5
1779659340,0.98751,0.98751,0.98751,0.98751,4
1779659400,0.98747,0.98747,0.98742,0.98743,7
1779659460,0.98742,0.98742,0.98742,0.98742,2
1779659520,0.98742,0.98747,0.98742,0.98747,6
1779659580,0.98738,0.9874,0.98738,0.9874,17
1779659640,0.98738,0.98738,0.98738,0.98738,2
1779659700,0.98741,0.98746,0.9874,0.98745,10
1779659760,0.98753,0.98758,0.98751,0.98751,20
1779659820,0.98752,0.98753,0.98751,0.98751,8
1779659880,0.98748,0.98748,0.98739,0.98741,8
1779659940,0.98741,0.98741,0.98738,0.98738,7
1779660000,0.98806,0.98815,0.98792,0.98794,44
1779660060,0.98867,0.98888,0.98855,0.98855,81
1779660120,0.98891,0.98891,0.98871,0.98871,42
1779660180,0.98862,0.98867,0.98843,0.9885,59
1779660240,0.9886,0.98863,0.9886,0.98863,7
1779660300,0.98841,0.98849,0.98839,0.98845,23
1779660360,0.98857,0.98859,0.9885,0.98853,28
1779660420,0.98847,0.98851,0.98841,0.98843,21
1779660480,0.98845,0.98846,0.98833,0.98833,14
1779660540,0.98837,0.98839,0.98826,0.98837,53
1779660600,0.98839,0.98839,0.98827,0.98827,52
1779660660,0.98837,0.98841,0.98837,0.98838,7
1779660720,0.98824,0.98825,0.98819,0.98819,14
1779660780,0.98827,0.98827,0.98815,0.98815,26
1779660840,0.9882,0.9882,0.98812,0.98812,34
1779660900,0.98818,0.98829,0.98818,0.98821,59
1779660960,0.98808,0.98812,0.98803,0.98805,69
1779661020,0.98807,0.98808,0.98806,0.98806,5
1779661080,0.98812,0.98815,0.98806,0.98806,18
1779661140,0.98802,0.98803,0.98799,0.988,19
1779661200,0.98801,0.98805,0.988,0.98803,37
1779661260,0.98802,0.98802,0.98789,0.98795,52
1779661320,0.98793,0.98798,0.98784,0.98792,40
1779661380,0.988,0.988,0.98799,0.98799,6
1779661440,0.98794,0.98794,0.98794,0.98794,2
1779661500,0.98786,0.98786,0.98783,0.98784,15
1779661560,0.98792,0.98792,0.98788,0.98788,13
1779661620,0.98783,0.9879,0.98783,0.98789,18
1779661680,0.98798,0.988,0.98792,0.98792,38
1779661740,0.9878,0.9878,0.98758,0.98761,35
1779661800,0.9876,0.9876,0.98756,0.98756,18
1779661860,0.98751,0.98751,0.98741,0.98749,30
1779661920,0.98754,0.98757,0.98749,0.98756,45
1779661980,0.98761,0.98765,0.98753,0.98763,28
1779662040,0.98758,0.98758,0.98756,0.98757,20
1779662100,0.98757,0.98757,0.98755,0.98755,5
1779662160,0.98755,0.98757,0.98752,0.98752,11
1779662220,0.98754,0.98754,0.98747,0.98751,19
1779662280,0.98757,0.98757,0.98753,0.98753,13
1779662340,0.98758,0.98758,0.98756,0.98758,15
1779662400,0.98757,0.98757,0.9875,0.98751,24
1779662460,0.98752,0.98752,0.98749,0.98749,5
1779662520,0.98756,0.98759,0.98756,0.98759,5
1779662580,0.98752,0.98752,0.9875,0.9875,11
1779662640,0.98745,0.98747,0.98745,0.98747,19
1779662700,0.98756,0.98761,0.98756,0.98759,27
1779662760,0.98761,0.98776,0.98761,0.98776,61
1779662820,0.9878,0.9878,0.9878,0.9878,2
1779662880,0.98786,0.98788,0.98786,0.98787,8
1779662940,0.98792,0.98794,0.98792,0.98794,4
1779663000,0.98801,0.98803,0.98799,0.988,21
1779663060,0.98802,0.98802,0.988,0.98802,16
1779663120,0.98799,0.98799,0.98794,0.98795,28
1779663180,0.98797,0.98799,0.98795,0.98795,20
1779663240,0.98795,0.98795,0.98795,0.98795,1
1779663300,0.9879,0.9879,0.98788,0.98788,5
1779663360,0.98787,0.98789,0.98787,0.98789,16
1779663420,0.9878,0.98784,0.98778,0.98784,10
1779663480,0.98782,0.98789,0.98782,0.98787,17
1779663540,0.9879,0.98794,0.98789,0.98794,22
1779663600,0.98794,0.98799,0.98794,0.98799,9
1779663660,0.98822,0.98822,0.9882,0.98822,10
1779663720,0.98813,0.98813,0.98808,0.9881,20
1779663780,0.98807,0.98814,0.98807,0.98811,22
1779663840,0.98811,0.98812,0.98809,0.9881,25
1779663900,0.98818,0.98818,0.98811,0.98811,36
1779663960,0.9881,0.98814,0.98809,0.98809,38
1779664020,0.98809,0.9881,0.98808,0.98809,14
1779664080,0.98813,0.98814,0.98812,0.98814,8
1779664140,0.98815,0.98815,0.98808,0.9881,17
1779664200,0.98811,0.98817,0.98811,0.98815,27
1779664260,0.98809,0.98812,0.98806,0.98806,12
1779664320,0.98808,0.9881,0.98804,0.98805,32
1779664380,0.988,0.98802,0.988,0.988,3
1779664440,0.988,0.988,0.988,0.988,1
1779664500,0.98795,0.98797,0.98795,0.98797,4
1779664560,0.98797,0.98797,0.98791,0.98794,14
1779664620,0.98793,0.98797,0.98791,0.98797,23
1779664680,0.98795,0.98795,0.98795,0.98795,1
1779664740,0.98793,0.98793,0.9879,0.98791,6
1779664800,0.98795,0.98796,0.98793,0.98793,9
1779664860,0.98794,0.98795,0.98791,0.98792,20
1779664920,0.9879,0.9879,0.98789,0.9879,5
1779664980,0.98795,0.98795,0.98793,0.98793,3
1779665040,0.988,0.98803,0.988,0.98802,11
1779665100,0.98796,0.98796,0.98796,0.98796,1
1779665160,0.98781,0.98782,0.98781,0.98782,4
1779665220,0.98786,0.98786,0.98782,0.98784,10
1779665280,0.98791,0.98793,0.98789,0.98792,15
1779665340,0.988,0.988,0.98795,0.98796,15
1779665400,0.98793,0.98793,0.98784,0.98787,33
1779665460,0.98789,0.98794,0.98789,0.98794,6
1779665520,0.98801,0.98804,0.98801,0.98804,8
1779665580,0.98807,0.98807,0.98807,0.98807,3
1779665640,0.98807,0.98809,0.98807,0.98808,6
1779665700,0.98806,0.98812,0.98806,0.98812,29
1779665760,0.98816,0.98818,0.98814,0.98817,20
1779665820,0.98819,0.98821,0.98814,0.98815,25
1779665880,0.98819,0.98821,0.98819,0.98821,9
1779665940,0.98823,0.98823,0.98821,0.98821,4
1779666000,0.98829,0.9883,0.98825,0.9883,17
1779666060,0.98833,0.98834,0.98827,0.98828,13
1779666120,0.9883,0.98831,0.98825,0.9883,31
1779666180,0.98833,0.9884,0.98833,0.9884,25
1779666240,0.98841,0.98841,0.98841,0.98841,1
1779666300,0.98833,0.98835,0.98833,0.98834,14
1779666360,0.98835,0.98836,0.9883,0.98835,24
1779666420,0.98831,0.98833,0.98831,0.98831,17
1779666480,0.98833,0.98835,0.98828,0.98829,22
1779666540,0.98825,0.98825,0.98815,0.98817,26
1779666600,0.98817,0.98817,0.98808,0.98808,10
1779666660,0.98802,0.98803,0.988,0.98803,13
1779666720,0.98805,0.98807,0.98801,0.98807,13
1779666780,0.988,0.98813,0.988,0.98811,29
1779666840,0.98809,0.98811,0.98807,0.98809,19
1779666900,0.98805,0.98812,0.98805,0.98806,25
1779666960,0.98803,0.98803,0.98803,0.98803,1
1779667020,0.98794,0.98794,0.98792,0.98792,6
1779667080,0.98792,0.98796,0.98791,0.98793,21
1779667140,0.98788,0.98789,0.98785,0.98786,23
1779667200,0.98778,0.98789,0.98778,0.98781,57
1779667260,0.98787,0.98789,0.98774,0.98777,37
1779667320,0.98769,0.98772,0.98759,0.98768,63
1779667380,0.98773,0.98773,0.98773,0.98773,1
1779667440,0.98767,0.98768,0.98762,0.98762,9
1779667500,0.9876,0.98769,0.9876,0.98768,33
1779667560,0.98778,0.98779,0.98772,0.98777,35
1779667620,0.98791,0.98801,0.98789,0.988,40
1779667680,0.98801,0.98801,0.98799,0.988,7
1779667740,0.98793,0.98794,0.98793,0.98793,9
1779667800,0.98806,0.98814,0.98804,0.98814,23
1779667860,0.98812,0.98816,0.98812,0.98813,31
1779667920,0.98809,0.98812,0.98807,0.9881,36
1779667980,0.98809,0.98811,0.98806,0.98807,35
1779668040,0.98808,0.98809,0.98804,0.98807,45
1779668100,0.98806,0.98811,0.98802,0.98811,20
1779668160,0.98806,0.98816,0.98806,0.98815,36
1779668220,0.98812,0.98813,0.98804,0.98806,26
1779668280,0.98802,0.98806,0.98801,0.98806,27
1779668340,0.98817,0.98823,0.98815,0.98823,52
1779668400,0.98821,0.98823,0.9882,0.9882,37
1779668460,0.98818,0.9882,0.98818,0.9882,3
1779668520,0.9883,0.98831,0.9883,0.98831,4
1779668580,0.98843,0.98845,0.98841,0.98845,14
1779668640,0.98848,0.98852,0.98848,0.9885,34
1779668700,0.98859,0.9886,0.98853,0.98856,17
1779668760,0.98838,0.98841,0.98834,0.98841,55
1779668820,0.98845,0.9885,0.98844,0.98846,32
1779668880,0.98845,0.98845,0.98842,0.98842,6
1779668940,0.98844,0.98853,0.98844,0.9885,31
1779669000,0.98867,0.98874,0.98867,0.9887,16
1779669060,0.98872,0.98874,0.98867,0.98872,43
1779669120,0.98866,0.9887,0.98866,0.98868,35
1779669180,0.98857,0.9886,0.98848,0.98848,49
1779669240,0.98847,0.98848,0.98843,0.98843,12
1779669300,0.98844,0.98848,0.98843,0.98846,9
1779669360,0.98854,0.98856,0.98853,0.98855,19
1779669420,0.98851,0.98851,0.98848,0.98851,20
1779669480,0.98858,0.98858,0.98849,0.98849,25
1779669540,0.9886,0.98867,0.98859,0.98864,54
1779669600,0.98851,0.98852,0.98841,0.98841,42
1779669660,0.98842,0.98842,0.98842,0.98842,3
1779669720,0.9884,0.9884,0.98831,0.98837,19
1779669780,0.98828,0.98831,0.98826,0.98827,28
1779669840,0.98823,0.98823,0.98822,0.98822,24
1779669900,0.98828,0.98837,0.98826,0.98834,69
1779669960,0.98839,0.98846,0.98839,0.98846,32
1779670020,0.98845,0.98846,0.98845,0.98846,8
1779670080,0.98856,0.98858,0.98852,0.98858,17
1779670140,0.98869,0.98878,0.98869,0.98878,22
1779670200,0.98879,0.98884,0.98869,0.98872,41
1779670260,0.98871,0.98873,0.98869,0.98873,30
1779670320,0.98881,0.98885,0.98872,0.98877,52
1779670380,0.98882,0.98884,0.98882,0.98884,6
1779670440,0.98883,0.98884,0.98882,0.98883,8
1779670500,0.98874,0.98879,0.98874,0.98878,27
1779670560,0.98856,0.98859,0.98854,0.98856,26
1779670620,0.9885,0.98852,0.98848,0.98852,32
1779670680,0.98821,0.9883,0.9882,0.98827,49
1779670740,0.98809,0.98809,0.98801,0.98808,41
1779670800,0.98812,0.9882,0.98812,0.9882,10
1779670860,0.98836,0.98836,0.98831,0.98833,21
1779670920,0.98835,0.98838,0.9883,0.98838,26
1779670980,0.98838,0.9884,0.98834,0.9884,45
1779671040,0.98841,0.98844,0.98838,0.9884,39
1779671100,0.98839,0.98847,0.98838,0.98844,60
1779671160,0.9885,0.9885,0.98849,0.98849,3
1779671220,0.98859,0.98862,0.98859,0.98862,20
1779671280,0.9886,0.98862,0.98858,0.98858,22
1779671340,0.98852,0.98854,0.98848,0.98851,34
1779671400,0.98853,0.98862,0.98853,0.98859,42
1779671460,0.98855,0.98865,0.98854,0.98863,52
1779671520,0.9887,0.9887,0.98865,0.98869,61
1779671580,0.98865,0.98867,0.98865,0.98867,9
1779671640,0.98879,0.98881,0.98873,0.98881,16
1779671700,0.98892,0.98895,0.98891,0.98892,24
1779671760,0.98879,0.98881,0.98877,0.98878,23
1779671820,0.98882,0.9889,0.98881,0.98883,37
1779671880,0.98893,0.98896,0.98886,0.98894,48
1779671940,0.98889,0.98896,0.9888,0.98896,50
1779672000,0.98893,0.98893,0.98893,0.98893,5
1779672060,0.98884,0.98886,0.98883,0.98885,8
1779672120,0.98884,0.98888,0.98884,0.98888,18
1779672180,0.9889,0.98897,0.98889,0.98892,34
1779672240,0.98886,0.98887,0.98882,0.98882,28
1779672300,0.98882,0.98896,0.98882,0.9889,42
1779672360,0.98885,0.98895,0.98884,0.98894,38
1779672420,0.98894,0.98901,0.98893,0.98899,39
1779672480,0.98901,0.98902,0.98901,0.98902,5
1779672540,0.98922,0.98926,0.98921,0.98924,18
1779672600,0.98938,0.98938,0.98931,0.98931,23
1779672660,0.98876,0.98896,0.98876,0.98896,36
1779672720,0.98884,0.9889,0.98883,0.98883,43
1779672780,0.9888,0.9888,0.9888,0.9888,1
1779672840,0.98888,0.9889,0.98888,0.98889,8
1779672900,0.98895,0.98897,0.98894,0.98897,11
1779672960,0.98918,0.98919,0.98916,0.98918,21
1779673020,0.9892,0.98921,0.98918,0.98921,16
1779673080,0.98927,0.98928,0.98924,0.98924,31
1779673140,0.98925,0.98927,0.98924,0.98926,42
1779673200,0.98925,0.98925,0.98923,0.98925,8
1779673260,0.98924,0.98931,0.98924,0.98929,14
1779673320,0.98927,0.98927,0.98923,0.98924,22
1779673380,0.9891,0.98912,0.98906,0.98908,31
1779673440,0.98913,0.98915,0.98904,0.98905,26
1779673500,0.98907,0.98908,0.98903,0.98904,33
1779673560,0.98901,0.98909,0.98896,0.98909,48
1779673620,0.98897,0.98903,0.98895,0.98903,32
1779673680,0.98903,0.98903,0.98895,0.98895,12
1779673740,0.98905,0.98905,0.98901,0.98902,29
1779673800,0.98899,0.98901,0.98894,0.98896,32
1779673860,0.9889,0.98892,0.98886,0.98886,27
1779673920,0.98895,0.98898,0.98893,0.98894,31
1779673980,0.98891,0.98893,0.9889,0.98893,32
1779674040,0.98894,0.98895,0.98894,0.98895,4
1779674100,0.98889,0.98892,0.98887,0.9889,19
1779674160,0.98893,0.98895,0.98891,0.98891,15
1779674220,0.9888,0.98882,0.98878,0.98881,34
1779674280,0.98871,0.98879,0.98871,0.98875,29
1779674340,0.98883,0.98883,0.98883,0.98883,1
1779674400,0.98882,0.98889,0.98882,0.98884,14
1779674460,0.98892,0.98893,0.98888,0.98889,14
1779674520,0.98895,0.989,0.98895,0.98899,13
1779674580,0.98897,0.98897,0.98895,0.98896,12
1779674640,0.98893,0.98895,0.98893,0.98895,13
1779674700,0.98895,0.98895,0.9889,0.9889,38
1779674760,0.98896,0.98898,0.98894,0.98898,11
1779674820,0.98912,0.98912,0.9891,0.98911,7
1779674880,0.98924,0.98924,0.98913,0.98917,30
1779674940,0.98918,0.98928,0.98917,0.98919,42
1779675000,0.98921,0.98924,0.98919,0.98924,35
1779675060,0.98918,0.98918,0.98904,0.9891,54
1779675120,0.98903,0.98906,0.98901,0.98904,31
1779675180,0.98909,0.98911,0.98909,0.98911,7
1779675240,0.98901,0.98902,0.98899,0.98901,24
1779675300,0.98904,0.98905,0.98898,0.98901,24
1779675360,0.98902,0.98903,0.98895,0.98895,22
1779675420,0.98892,0.98894,0.9889,0.98893,23
1779675480,0.98893,0.98896,0.98892,0.98896,17
1779675540,0.98904,0.98907,0.98899,0.98907,27
1779675600,0.98905,0.98905,0.98902,0.98902,7
1779675660,0.98911,0.98913,0.98911,0.98913,4
1779675720,0.98914,0.98916,0.98914,0.98915,7
1779675780,0.98919,0.98924,0.98919,0.98923,14
1779675840,0.98939,0.98946,0.98938,0.9894,33
1779675900,0.98941,0.98945,0.98939,0.98941,38
1779675960,0.9894,0.9894,0.98935,0.98935,6
1779676020,0.98937,0.98937,0.98931,0.98931,15
1779676080,0.98927,0.98927,0.98923,0.98923,10
1779676140,0.98928,0.98929,0.98926,0.98928,20
1779676200,0.98928,0.98928,0.98924,0.98927,20
1779676260,0.98928,0.98929,0.98927,0.98927,8
1779676320,0.9892,0.98926,0.98919,0.98925,33
1779676380,0.9893,0.98934,0.9893,0.98932,10
1779676440,0.98925,0.98925,0.98922,0.98922,7
1779676500,0.98922,0.98928,0.9892,0.98926,24
1779676560,0.98923,0.98924,0.98921,0.98921,16
1779676620,0.9892,0.98922,0.98919,0.98921,12
1779676680,0.9892,0.98922,0.98917,0.98918,40
1779676740,0.98919,0.98919,0.98919,0.98919,1
1779676800,0.98906,0.98906,0.989,0.98901,18
1779676860,0.98896,0.98899,0.98894,0.98899,17
1779676920,0.98901,0.98906,0.98901,0.98905,14
1779676980,0.9891,0.98915,0.9891,0.98911,20
1779677040,0.9891,0.98912,0.98908,0.98908,18
1779677100,0.98911,0.98911,0.9891,0.9891,6
1779677160,0.98909,0.98909,0.98905,0.98906,11
1779677220,0.98906,0.98907,0.98904,0.98907,27
1779677280,0.98906,0.9891,0.98902,0.98904,32
1779677340,0.98905,0.98908,0.98905,0.98908,11
1779677400,0.98901,0.98902,0.98901,0.98902,6
1779677460,0.98902,0.98902,0.98902,0.98902,1
1779677520,0.98891,0.98892,0.98891,0.98891,7
1779677580,0.98893,0.98893,0.98893,0.98893,4
1779677640,0.98891,0.98892,0.9889,0.98891,12
1779677700,0.98876,0.98876,0.98862,0.98865,37
1779677760,0.98866,0.98867,0.98863,0.98863,22
1779677820,0.98863,0.98868,0.98863,0.98866,29
1779677880,0.9887,0.9887,0.98869,0.9887,5
1779677940,0.98861,0.98865,0.9886,0.98864,14
1779678000,0.98865,0.98885,0.98865,0.98885,30
1779678060,0.98874,0.98876,0.98872,0.98876,24
1779678120,0.98881,0.98882,0.98878,0.98878,14
1779678180,0.98857,0.98861,0.98857,0.98859,34
1779678240,0.98861,0.98864,0.98849,0.98863,53
1779678300,0.98873,0.98873,0.98862,0.98864,47
1779678360,0.98865,0.98865,0.98864,0.98864,6
1779678420,0.98858,0.98862,0.98858,0.98862,9
1779678480,0.98867,0.98871,0.98866,0.98871,21
1779678540,0.98867,0.98868,0.98867,0.98868,8
1779678600,0.98865,0.98865,0.98862,0.98865,16
1779678660,0.98867,0.98877,0.98864,0.98875,24
1779678720,0.98873,0.98875,0.9887,0.98872,35
1779678780,0.98871,0.98871,0.98869,0.98869,4
1779678840,0.98865,0.98865,0.98862,0.98864,13
1779678900,0.98864,0.98866,0.98864,0.98864,9
1779678960,0.98858,0.98862,0.98854,0.98862,25
1779679020,0.98861,0.98864,0.98853,0.98863,43
1779679080,0.98865,0.98866,0.98863,0.98864,15
1779679140,0.98867,0.98873,0.98865,0.98872,35
1779679200,0.98868,0.98878,0.98868,0.98876,13
1779679260,0.98876,0.9888,0.98876,0.9888,11
1779679320,0.98875,0.98876,0.98867,0.98868,24
1779679380,0.98869,0.9887,0.98866,0.98867,15
1779679440,0.98865,0.98866,0.98861,0.98861,24
1779679500,0.98861,0.98864,0.98859,0.98864,22
1779679560,0.98866,0.9887,0.98865,0.9887,30
1779679620,0.98874,0.9888,0.98874,0.9888,7
1779679680,0.98888,0.98889,0.98886,0.98887,9
1779679740,0.98884,0.98886,0.98883,0.98886,11
1779679800,0.98883,0.98889,0.98883,0.98887,21
1779679860,0.98882,0.98892,0.98881,0.98883,50
1779679920,0.98882,0.98886,0.98882,0.98885,8
1779679980,0.98889,0.98889,0.98889,0.98889,3
1779680040,0.98889,0.98889,0.98887,0.98887,5
1779680100,0.9889,0.98902,0.9889,0.98897,30
1779680160,0.9889,0.98892,0.98888,0.98891,25
1779680220,0.9889,0.98891,0.98888,0.9889,18
1779680280,0.98891,0.98895,0.98891,0.98895,34
1779680340,0.98893,0.98894,0.98888,0.98888,16
1779680400,0.98882,0.98882,0.98876,0.98876,21
1779680460,0.98876,0.98879,0.98876,0.98878,17
1779680520,0.9888,0.98883,0.9888,0.98883,11
1779680580,0.98885,0.98888,0.98885,0.98888,12
1779680640,0.9889,0.9889,0.98883,0.98883,15
1779680700,0.98888,0.9889,0.98884,0.98888,54
1779680760,0.98885,0.98886,0.98885,0.98885,11
1779680820,0.98872,0.98872,0.98871,0.98872,6
1779680880,0.98881,0.98885,0.9888,0.98881,11
1779680940,0.98882,0.98882,0.98881,0.98881,3
1779681000,0.98881,0.98883,0.98879,0.98881,23
1779681060,0.98891,0.98891,0.98888,0.9889,8
1779681120,0.98889,0.98891,0.98889,0.98889,7
1779681180,0.98896,0.98896,0.98895,0.98895,11
1779681240,0.98896,0.98896,0.98893,0.98894,26
1779681300,0.98894,0.98897,0.98891,0.98891,35
1779681360,0.98893,0.98893,0.98876,0.98879,40
1779681420,0.9888,0.98885,0.98879,0.98885,31
1779681480,0.9888,0.98881,0.98879,0.9888,13
1779681540,0.98877,0.98883,0.98875,0.98883,15
1779681600,0.98881,0.9889,0.98881,0.98886,31
1779681660,0.98881,0.98883,0.98879,0.98883,15
1779681720,0.98881,0.98886,0.9888,0.98886,22
1779681780,0.9889,0.9889,0.9889,0.9889,1
1779681840,0.98897,0.98897,0.98896,0.98896,3
1779681900,0.98896,0.98896,0.98893,0.98893,6
1779681960,0.98898,0.989,0.98898,0.989,6
1779682020,0.98899,0.98901,0.98897,0.989,18
1779682080,0.98903,0.98905,0.989,0.989,22
1779682140,0.98903,0.98903,0.9889,0.9889,19
1779682200,0.98893,0.98893,0.98893,0.98893,3
1779682260,0.98893,0.98893,0.98892,0.98893,8
1779682320,0.9889,0.9889,0.98889,0.9889,5
1779682380,0.98891,0.98893,0.98891,0.98891,11
1779682440,0.98894,0.98894,0.98891,0.98891,22
1779682500,0.98894,0.98899,0.98892,0.98893,32
1779682560,0.98894,0.98894,0.98894,0.98894,3
1779682620,0.98896,0.98896,0.98896,0.98896,2
1779682680,0.98903,0.98907,0.98903,0.98904,7
1779682740,0.989,0.98901,0.98898,0.98901,7
1779682800,0.98896,0.98896,0.98893,0.98894,7
1779682860,0.989,0.98909,0.989,0.98905,28
1779682920,0.98903,0.98906,0.98902,0.98904,26
1779682980,0.98902,0.98902,0.98899,0.989,25
1779683040,0.98904,0.98906,0.98903,0.98904,16
1779683100,0.98907,0.98907,0.98906,0.98906,5
1779683160,0.98915,0.98916,0.98913,0.98916,11
1779683220,0.98926,0.98926,0.98923,0.98923,14
1779683280,0.98931,0.98931,0.98926,0.98928,16
1779683340,0.98929,0.98929,0.98927,0.98927,2
1779683400,0.98931,0.98932,0.9893,0.98931,10
1779683460,0.98927,0.98927,0.98925,0.98925,5
1779683520,0.98931,0.98932,0.98925,0.98925,18
1779683580,0.98929,0.98932,0.98927,0.98931,15
1779683640,0.98931,0.98932,0.98929,0.9893,25
1779683700,0.98932,0.98947,0.98932,0.98944,36
1779683760,0.98943,0.98943,0.98939,0.98939,8
1779683820,0.9894,0.98943,0.98939,0.98941,11
1779683880,0.98951,0.98952,0.98948,0.9895,15
1779683940,0.98955,0.98956,0.98952,0.98952,11
1779684000,0.98957,0.98957,0.98954,0.98957,19
1779684060,0.98956,0.98958,0.98954,0.98956,15
1779684120,0.98955,0.98959,0.98955,0.98959,18
1779684180,0.98961,0.98965,0.9896,0.98963,26
1779684240,0.98961,0.98967,0.98961,0.98965,11
1779684300,0.9897,0.98971,0.9897,0.9897,9
1779684360,0.9897,0.98972,0.9897,0.98971,15
1779684420,0.98976,0.98988,0.98976,0.98987,31
1779684480,0.98974,0.98974,0.98973,0.98974,11
1779684540,0.98979,0.9898,0.98979,0.9898,6
1779684600,0.98984,0.98987,0.98984,0.98987,13
1779684660,0.98986,0.98995,0.98986,0.98992,32
1779684720,0.98986,0.98988,0.98984,0.98986,18
1779684780,0.98977,0.98977,0.98976,0.98976,19
1779684840,0.98979,0.98986,0.98978,0.98984,22
1779684900,0.98982,0.98983,0.9898,0.98983,13
1779684960,0.98982,0.98984,0.98982,0.98984,10
1779685020,0.98971,0.98977,0.98971,0.98977,14
1779685080,0.98985,0.98985,0.98981,0.98981,13
1779685140,0.98982,0.98982,0.98975,0.98975,35
1779685200,0.98968,0.98976,0.98966,0.98972,42
1779685260,0.98967,0.98967,0.98966,0.98966,4
1779685320,0.98982,0.98983,0.9898,0.98981,12
1779685380,0.98983,0.98986,0.98982,0.98982,22
1779685440,0.9898,0.9898,0.98977,0.9898,12
1779685500,0.98979,0.9898,0.98977,0.98978,31
1779685560,0.98983,0.98985,0.98981,0.98985,22
1779685620,0.98992,0.98994,0.9898,0.98981,34
1779685680,0.98987,0.98987,0.98986,0.98986,3
1779685740,0.98976,0.98976,0.98973,0.98975,8
1779685800,0.98974,0.98981,0.98973,0.98976,31
1779685860,0.98979,0.98983,0.98978,0.98983,41
1779685920,0.98992,0.98992,0.9899,0.9899,4
1779685980,0.98973,0.98978,0.98973,0.98978,8
1779686040,0.98982,0.98983,0.98979,0.98979,9
1779686100,0.98991,0.98991,0.9899,0.98991,12
1779686160,0.98993,0.98995,0.98991,0.98991,27
1779686220,0.98995,0.98998,0.9899,0.98994,25
1779686280,0.9899,0.98992,0.98988,0.98991,34
1779686340,0.98987,0.98987,0.98983,0.98983,6
1779686400,0.98984,0.98984,0.98983,0.98983,3
1779686460,0.98983,0.98983,0.98974,0.98974,11
1779686520,0.98975,0.98981,0.98975,0.9898,15
1779686580,0.98979,0.9898,0.98977,0.98979,12
1779686640,0.98979,0.98979,0.98976,0.98976,10
1779686700,0.98973,0.98979,0.98973,0.98978,27
1779686760,0.9898,0.98981,0.9898,0.9898,7
1779686820,0.98975,0.98975,0.98975,0.98975,3
1779686880,0.98974,0.98974,0.9897,0.98972,7
1779686940,0.98969,0.98969,0.98965,0.98965,8
1779687000,0.98966,0.98966,0.98958,0.98958,31
1779687060,0.98955,0.98963,0.98951,0.98962,34
1779687120,0.98958,0.98959,0.98958,0.98959,2
1779687180,0.98969,0.98978,0.98969,0.98977,18
1779687240,0.98973,0.98981,0.98972,0.98981,9
1779687300,0.98983,0.98985,0.98983,0.98983,24
1779687360,0.98987,0.98987,0.98983,0.98985,10
1779687420,0.98986,0.98994,0.98985,0.9899,21
1779687480,0.99002,0.99002,0.99002,0.99002,2
1779687540,0.98999,0.98999,0.98999,0.98999,4
1779687600,0.98994,0.98995,0.9899,0.9899,16
1779687660,0.9899,0.98995,0.9899,0.98994,16
1779687720,0.98984,0.98986,0.98975,0.98979,25
1779687780,0.98979,0.9899,0.98979,0.98986,30
1779687840,0.98983,0.98983,0.98982,0.98982,4
1779687900,0.98982,0.98982,0.98978,0.98982,6
1779687960,0.98986,0.98986,0.98986,0.98986,2
1779688020,0.98974,0.98976,0.98973,0.98974,11
1779688080,0.9898,0.9898,0.98971,0.98973,22
1779688140,0.98965,0.98971,0.98961,0.98965,30
1779688200,0.98963,0.98963,0.98957,0.98959,35
1779688260,0.98949,0.98953,0.98944,0.98948,40
1779688320,0.98958,0.98958,0.98953,0.98954,8
1779688380,0.98954,0.98958,0.98954,0.98958,3
1779688440,0.98956,0.98959,0.98956,0.98958,14
1779688500,0.98965,0.98965,0.9896,0.98961,20
1779688560,0.98967,0.9897,0.98965,0.9897,21
1779688620,0.98949,0.98949,0.98949,0.98949,2
1779688680,0.98951,0.98951,0.9895,0.9895,3
1779688740,0.98948,0.98949,0.98945,0.98946,11
1779688800,0.98948,0.98948,0.98934,0.98943,39
1779688860,0.98968,0.9898,0.98965,0.98971,62
1779688920,0.98981,0.98989,0.98981,0.98983,58
1779688980,0.98982,0.98983,0.98974,0.98983,51
1779689040,0.98987,0.98987,0.98987,0.98987,2
1779689100,0.98979,0.98979,0.98979,0.98979,1
1779689160,0.9898,0.98985,0.9898,0.98985,13
1779689220,0.98986,0.98994,0.98986,0.98994,15
1779689280,0.98992,0.99003,0.98992,0.99001,28
1779689340,0.98999,0.99002,0.98993,0.98993,36
1779689400,0.98998,0.99003,0.98998,0.99003,39
1779689460,0.99005,0.99007,0.99001,0.99003,32
1779689520,0.99004,0.99006,0.99003,0.99006,8
1779689580,0.98999,0.99,0.98996,0.98998,20
1779689640,0.98997,0.99003,0.98997,0.99002,14
1779689700,0.99005,0.99006,0.99,0.99,23
1779689760,0.98995,0.98995,0.98992,0.98993,23
1779689820,0.98985,0.98989,0.98984,0.98985,32
1779689880,0.98988,0.98989,0.98988,0.98989,5
1779689940,0.98988,0.98988,0.98987,0.98987,5
1779690000,0.98979,0.98981,0.98978,0.98979,12
1779690060,0.98969,0.98973,0.98969,0.98973,9
1779690120,0.98964,0.98964,0.98952,0.98954,56
1779690180,0.98956,0.98961,0.98954,0.98959,33
1779690240,0.9896,0.98968,0.9896,0.98967,52
1779690300,0.98964,0.98965,0.98963,0.98965,11
1779690360,0.98957,0.98959,0.98955,0.98955,21
1779690420,0.98962,0.98963,0.98958,0.98963,14
1779690480,0.9896,0.98964,0.98959,0.98962,16
1779690540,0.98962,0.98962,0.98956,0.9896,47
1779690600,0.98961,0.98961,0.98953,0.98959,48
1779690660,0.98962,0.98965,0.98959,0.98961,34
1779690720,0.98965,0.98966,0.98963,0.98966,5
1779690780,0.9897,0.9897,0.98968,0.98968,4
1779690840,0.98967,0.98968,0.98965,0.98968,9
1779690900,0.98975,0.98978,0.98973,0.98973,17
1779690960,0.98975,0.98977,0.9897,0.98971,27
1779691020,0.98968,0.9897,0.98963,0.98965,38
1779691080,0.98964,0.98966,0.98963,0.98964,24
1779691140,0.98971,0.98971,0.98971,0.98971,2
1779691200,0.9897,0.9897,0.98965,0.98965,5
1779691260,0.98971,0.98971,0.98968,0.98971,11
1779691320,0.98965,0.98969,0.98962,0.98963,25
1779691380,0.98958,0.9896,0.98951,0.98951,47
1779691440,0.9895,0.98951,0.98947,0.98947,30
1779691500,0.98947,0.98951,0.98947,0.9895,34
1779691560,0.98955,0.98955,0.98955,0.98955,4
1779691620,0.98975,0.98982,0.98973,0.9898,13
1779691680,0.98969,0.98969,0.9896,0.9896,15
1779691740,0.98955,0.98956,0.98953,0.98953,14
1779691800,0.98955,0.98959,0.98953,0.98953,24
1779691860,0.98953,0.98955,0.98948,0.98955,27
1779691920,0.98961,0.98961,0.98961,0.98961,1
1779691980,0.98948,0.98948,0.98943,0.98943,18
1779692040,0.9895,0.9895,0.98949,0.9895,18
1779692100,0.98952,0.98953,0.9895,0.98952,35
1779692160,0.98956,0.98959,0.98955,0.98959,36
1779692220,0.98952,0.9896,0.98949,0.98956,49
1779692280,0.98959,0.98962,0.98959,0.9896,15
1779692340,0.98963,0.98964,0.9896,0.98962,21
1779692400,0.98961,0.98963,0.98957,0.98958,39
1779692460,0.98956,0.98959,0.98954,0.98958,38
1779692520,0.98954,0.98958,0.98953,0.98955,63
1779692580,0.9896,0.98964,0.9896,0.98964,38
1779692640,0.98962,0.98967,0.98962,0.98967,10
1779692700,0.98961,0.98964,0.98956,0.98956,17
1779692760,0.98951,0.98952,0.98938,0.98938,23
1779692820,0.98939,0.9894,0.98933,0.98938,27
1779692880,0.98933,0.98934,0.98926,0.98933,36
1779692940,0.98925,0.98925,0.98911,0.98915,58
1779693000,0.98919,0.98919,0.98911,0.98917,40
1779693060,0.98922,0.98932,0.98921,0.9893,31
1779693120,0.98927,0.98934,0.98925,0.98934,30
1779693180,0.98926,0.98926,0.98924,0.98924,4
1779693240,0.98923,0.98924,0.98919,0.98924,12
1779693300,0.9892,0.98923,0.98914,0.9892,29
1779693360,0.98906,0.98908,0.98905,0.98908,22
1779693420,0.98899,0.98903,0.98888,0.98896,46
1779693480,0.98874,0.98883,0.98873,0.98882,43
1779693540,0.98833,0.98854,0.98832,0.98842,89
1779693600,0.98848,0.9885,0.98848,0.9885,4
1779693660,0.98853,0.98855,0.98853,0.98854,10
1779693720,0.98863,0.98873,0.98863,0.98873,12
1779693780,0.98861,0.98861,0.98858,0.98858,26
1779693840,0.98856,0.98867,0.98855,0.98865,28
1779693900,0.98879,0.98883,0.98874,0.98876,62
1779693960,0.98877,0.9888,0.98868,0.98868,62
1779694020,0.98885,0.98888,0.98885,0.98888,3
1779694080,0.98896,0.98897,0.98894,0.98894,12
1779694140,0.98887,0.98888,0.98886,0.98887,18
1779694200,0.98894,0.98895,0.98888,0.98894,31
1779694260,0.98902,0.98914,0.98902,0.98913,54
1779694320,0.9892,0.98926,0.98919,0.98921,44
1779694380,0.98936,0.98956,0.98935,0.98942,99
1779694440,0.98931,0.98932,0.98921,0.98922,23
1779694500,0.98912,0.98919,0.98912,0.98918,21
1779694560,0.9892,0.98922,0.98915,0.98918,26
1779694620,0.98918,0.98922,0.98918,0.9892,18
1779694680,0.9891,0.98914,0.98909,0.98909,42
1779694740,0.98912,0.98919,0.98912,0.98912,30
1779694800,0.98912,0.98912,0.98912,0.98912,3
1779694860,0.98916,0.98919,0.98916,0.98919,9
1779694920,0.98916,0.98917,0.98914,0.98914,15
1779694980,0.98916,0.98923,0.98915,0.98923,27
1779695040,0.98921,0.98926,0.98921,0.98922,45
1779695100,0.98914,0.98919,0.98914,0.98916,39
1779695160,0.98915,0.98919,0.98904,0.98915,59
1779695220,0.98917,0.98917,0.98915,0.98917,6
1779695280,0.98915,0.98916,0.98914,0.98914,9
1779695340,0.98912,0.98917,0.98912,0.98917,19
1779695400,0.98919,0.9892,0.98912,0.98912,31
1779695460,0.98915,0.98916,0.98912,0.98912,34
1779695520,0.98903,0.98912,0.98901,0.98912,35
1779695580,0.98914,0.98914,0.98911,0.98912,9
1779695640,0.9891,0.98911,0.98909,0.98911,13
1779695700,0.98908,0.98915,0.98908,0.98913,27
1779695760,0.98913,0.98915,0.98909,0.98913,26
1779695820,0.98912,0.98913,0.98909,0.98912,23
1779695880,0.98921,0.98922,0.9892,0.98922,8
1779695940,0.98918,0.98922,0.98917,0.98917,14
1779696000,0.98925,0.98926,0.98921,0.98921,32
1779696060,0.98911,0.98922,0.98911,0.98922,26
1779696120,0.98923,0.98923,0.9892,0.98922,20
1779696180,0.98918,0.98929,0.98917,0.98929,56
1779696240,0.98928,0.98934,0.98928,0.9893,46
1779696300,0.98925,0.98928,0.98925,0.98928,5
1779696360,0.98929,0.98939,0.98929,0.98939,14
1779696420,0.98938,0.9894,0.98937,0.98937,15
1779696480,0.98936,0.9894,0.98933,0.98938,27
1779696540,0.98935,0.9894,0.98934,0.98935,32
1779696600,0.98948,0.98952,0.98947,0.9895,34
1779696660,0.98947,0.98954,0.98942,0.98952,59
1779696720,0.98944,0.98944,0.98944,0.98944,2
1779696780,0.9894,0.9894,0.98938,0.98938,7
1779696840,0.98933,0.98939,0.98932,0.98939,16
1779696900,0.98935,0.98936,0.98933,0.98934,26
1779696960,0.98932,0.98932,0.98926,0.9893,65
1779697020,0.98928,0.98929,0.98926,0.98927,19
1779697080,0.98926,0.98931,0.98926,0.98927,21
1779697140,0.98928,0.98933,0.98928,0.98932,27
1779697200,0.9894,0.98945,0.9894,0.98943,33
1779697260,0.9894,0.9894,0.98938,0.98938,2
1779697320,0.98938,0.98939,0.98937,0.98939,7
1779697380,0.98928,0.98929,0.98925,0.98926,20
1779697440,0.98933,0.98936,0.98931,0.98934,10
1779697500,0.98939,0.98941,0.98938,0.98941,27
1779697560,0.98942,0.98948,0.9894,0.98943,42
1779697620,0.98943,0.98943,0.98943,0.98943,2
1779697680,0.98953,0.98955,0.98953,0.98954,8
1779697740,0.98948,0.98951,0.98948,0.98948,8
1779697800,0.98951,0.98955,0.98947,0.98949,47
1779697860,0.98959,0.98961,0.98956,0.9896,11
1779697920,0.98969,0.98975,0.98967,0.98973,12
1779697980,0.98977,0.98982,0.98976,0.98979,23
1779698040,0.98986,0.98988,0.98983,0.98988,31
1779698100,0.98997,0.98998,0.98988,0.98989,66
1779698160,0.98987,0.98987,0.98976,0.9898,69
1779698220,0.9898,0.9899,0.98979,0.98988,61
1779698280,0.98987,0.98995,0.98986,0.98988,66
1779698340,0.9899,0.98995,0.98989,0.98992,75
1779698400,0.98993,0.99001,0.98989,0.98996,67
1779698460,0.98994,0.98994,0.98984,0.98985,86
1779698520,0.98983,0.98984,0.98978,0.9898,66
1779698580,0.9898,0.98981,0.98977,0.98979,60
1779698640,0.98979,0.9899,0.98977,0.9899,59
1779698700,0.9899,0.98995,0.98981,0.98993,74
1779698760,0.98993,0.98996,0.9899,0.98994,70
1779698820,0.98995,0.98999,0.98992,0.98999,58
1779698880,0.99,0.99004,0.98999,0.99001,46
1779698940,0.98998,0.99003,0.98996,0.98999,81
1779699000,0.98999,0.99,0.98993,0.98993,72
1779699060,0.98992,0.98995,0.98985,0.98986,83
1779699120,0.98984,0.98989,0.98973,0.98973,72
1779699180,0.98974,0.98978,0.98966,0.98966,88
1779699240,0.98968,0.98974,0.98967,0.9897,61
1779699300,0.98969,0.9898,0.98969,0.98974,117
1779699360,0.98974,0.98976,0.9897,0.98973,82
1779699420,0.98973,0.98984,0.98973,0.98981,57
1779699480,0.98981,0.98997,0.98981,0.98992,86
1779699540,0.98993,0.98994,0.98987,0.98987,61
1779699600,0.98989,0.98992,0.98987,0.9899,66
1779699660,0.98991,0.98996,0.98985,0.98991,63
1779699720,0.98991,0.99004,0.98991,0.99003,67
1779699780,0.99004,0.99004,0.98999,0.99,38
1779699840,0.99001,0.99004,0.99,0.99003,35
1779699900,0.99001,0.99008,0.98994,0.99008,57
1779699960,0.99007,0.99013,0.98998,0.99001,74
1779700020,0.99,0.99002,0.98996,0.98996,38
1779700080,0.98998,0.98998,0.98988,0.98992,71
1779700140,0.98992,0.98996,0.98992,0.98994,39
1779700200,0.98994,0.99005,0.98992,0.99005,49
1779700260,0.99007,0.99014,0.99005,0.99014,48
1779700320,0.99014,0.99014,0.98998,0.99003,62
1779700380,0.99004,0.99005,0.98997,0.98999,67
1779700440,0.99,0.99003,0.98995,0.99,61
1779700500,0.99,0.99004,0.98995,0.98996,57
1779700560,0.98996,0.98998,0.98992,0.98998,68
1779700620,0.98998,0.99,0.98993,0.98999,51
1779700680,0.99,0.9901,0.99,0.9901,63
1779700740,0.99009,0.99009,0.98997,0.99,67
1779700800,0.99001,0.99003,0.98999,0.99001,65
1779700860,0.99,0.99005,0.98999,0.99003,39
1779700920,0.99003,0.99006,0.99001,0.99003,46
1779700980,0.98998,0.99001,0.98995,0.98999,65
1779701040,0.98999,0.99001,0.98997,0.99,40
1779701100,0.99,0.99001,0.98998,0.98998,32
1779701160,0.98997,0.99001,0.98996,0.98996,50
1779701220,0.98996,0.99,0.98994,0.98994,42
1779701280,0.98994,0.98999,0.98993,0.98995,53
1779701340,0.98995,0.98996,0.98988,0.98989,69
1779701400,0.98991,0.98999,0.98989,0.98998,72
1779701460,0.98999,0.99008,0.98997,0.99007,58
1779701520,0.99008,0.99014,0.99008,0.99014,34
1779701580,0.99015,0.99015,0.9901,0.99011,35
1779701640,0.99011,0.99015,0.9901,0.99013,64
1779701700,0.99012,0.99013,0.99008,0.9901,75
1779701760,0.99011,0.99015,0.99004,0.99004,58
1779701820,0.99004,0.99008,0.99004,0.99006,46
1779701880,0.99007,0.99008,0.99007,0.99007,34
1779701940,0.99008,0.99013,0.99001,0.99012,50
1779702000,0.99013,0.99016,0.9901,0.99014,53
1779702060,0.99014,0.9902,0.99014,0.99018,50
1779702120,0.99018,0.99018,0.99016,0.99018,16
1779702180,0.9902,0.99022,0.9902,0.99022,19
1779702240,0.99019,0.9902,0.99019,0.9902,3
1779702300,0.9902,0.9902,0.99017,0.99017,12
1779702360,0.99009,0.99013,0.99009,0.99012,15
1779702420,0.99014,0.99015,0.99012,0.99013,16
1779702480,0.99012,0.99014,0.99005,0.99006,32
1779702540,0.99,0.99001,0.98998,0.98999,38
1779702600,0.99,0.99,0.99,0.99,1
1779702660,0.99001,0.99001,0.99001,0.99001,4
1779702720,0.99001,0.99003,0.99001,0.99003,6
1779702780,0.98996,0.99001,0.98995,0.99001,15
1779702840,0.99001,0.99002,0.99,0.99,13
1779702900,0.99,0.99006,0.99,0.99006,33
1779702960,0.99006,0.99006,0.99004,0.99004,30
1779703020,0.99006,0.99006,0.99003,0.99003,25
1779703080,0.99005,0.99006,0.99005,0.99005,7
1779703140,0.99,0.99004,0.98999,0.99002,9
1779703200,0.99002,0.99017,0.99001,0.99016,31
1779703260,0.99015,0.99018,0.99015,0.99018,23
1779703320,0.99012,0.99014,0.9901,0.9901,17
1779703440,0.99005,0.99007,0.99003,0.99007,10
1779703500,0.99007,0.9901,0.99006,0.9901,11
1779703560,0.99014,0.99015,0.99012,0.99013,16
1779703620,0.99018,0.99021,0.99018,0.99021,12
1779703680,0.99023,0.99025,0.99022,0.99022,58
1779703740,0.99024,0.99029,0.99022,0.99025,46
1779703800,0.99025,0.99028,0.9902,0.99028,67
1779703860,0.99028,0.9903,0.99023,0.99024,68
1779703920,0.99024,0.99028,0.99024,0.99028,47
1779703980,0.99024,0.99028,0.99022,0.99022,43
1779704040,0.99022,0.99024,0.99018,0.9902,29
1779704100,0.99019,0.99027,0.99018,0.99026,44
1779704160,0.99026,0.99029,0.99026,0.99029,52
1779704220,0.9903,0.99038,0.9903,0.99035,55
1779704280,0.99029,0.99035,0.99029,0.99035,41
1779704340,0.99033,0.99035,0.99032,0.99032,20
1779704400,0.99034,0.99034,0.99019,0.9902,71
1779704460,0.99019,0.99025,0.99018,0.99022,49
1779704520,0.99023,0.99026,0.99021,0.99022,48
1779704580,0.99024,0.99025,0.99021,0.99021,59
1779704640,0.9902,0.99024,0.99018,0.99021,35
1779704700,0.99021,0.99023,0.99014,0.99016,38
1779704760,0.99016,0.99022,0.99013,0.99022,22
1779704820,0.9902,0.99023,0.99015,0.99015,33
1779704880,0.99013,0.99017,0.99013,0.99016,43
1779704940,0.99015,0.99015,0.99005,0.99007,50
1779705000,0.99008,0.99008,0.99002,0.99005,59
1779705060,0.99006,0.99007,0.99003,0.99003,38
1779705120,0.99003,0.99006,0.98997,0.98997,35
1779705180,0.99,0.99001,0.98996,0.98998,55
1779705240,0.98998,0.99008,0.98998,0.99002,57
1779705300,0.99002,0.99002,0.98994,0.98994,47
1779705360,0.98996,0.98998,0.98991,0.98995,39
1779705420,0.98998,0.98999,0.98984,0.98989,67
1779705480,0.98989,0.98991,0.98984,0.98984,41
1779705540,0.98986,0.98986,0.98984,0.98986,6
1779705600,0.98986,0.98988,0.98985,0.98986,13
1779705660,0.98991,0.98999,0.9899,0.98999,25
1779705720,0.98997,0.99,0.98997,0.99,16
1779705780,0.99,0.99003,0.98999,0.99003,18
1779705840,0.99003,0.99004,0.99003,0.99004,6
1779705900,0.99008,0.99012,0.99006,0.99006,8
1779705960,0.99004,0.99006,0.99004,0.99004,10
1779706020,0.99003,0.99005,0.99003,0.99005,15
1779706080,0.99007,0.99008,0.99004,0.99004,10
1779706140,0.99001,0.99002,0.99001,0.99001,15
1779706200,0.99,0.99003,0.98999,0.99001,25
1779706260,0.99002,0.99002,0.98999,0.99001,10
1779706320,0.99002,0.99002,0.99002,0.99002,1
1779706380,0.99007,0.9901,0.99006,0.9901,13
1779706440,0.99007,0.99008,0.99005,0.99007,10
1779706500,0.99001,0.99001,0.99001,0.99001,11
1779706560,0.99001,0.99002,0.99001,0.99001,13
1779706620,0.98998,0.99,0.98994,0.98995,38
1779706680,0.98993,0.98993,0.98993,0.98993,2
1779706740,0.98991,0.98992,0.98991,0.98992,4
1779706800,0.98998,0.98998,0.98996,0.98998,12
1779706860,0.98993,0.98996,0.98991,0.98991,19
1779706920,0.98993,0.98998,0.98993,0.98996,14
1779706980,0.98991,0.98992,0.98988,0.98989,25
1779707040,0.9899,0.98991,0.9899,0.9899,15
1779707100,0.98998,0.98999,0.98996,0.98998,23
1779707160,0.98998,0.98998,0.98998,0.98998,2
1779707220,0.98989,0.9899,0.98988,0.9899,9
1779707280,0.98991,0.98995,0.98991,0.98995,10
1779707340,0.98997,0.99002,0.98997,0.99002,23
1779707400,0.99005,0.99017,0.99005,0.99016,30
1779707460,0.99016,0.99016,0.9901,0.99013,27
1779707520,0.99012,0.99012,0.99009,0.9901,10
1779707580,0.99009,0.99014,0.99009,0.99012,9
1779707640,0.99013,0.99016,0.99013,0.99016,7
1779707700,0.99013,0.99016,0.99013,0.99015,15
1779707760,0.99008,0.99008,0.99004,0.99006,27
1779707820,0.99007,0.99007,0.99006,0.99006,17
1779707880,0.99008,0.99008,0.99008,0.99008,1
1779707940,0.99012,0.99015,0.99012,0.99015,2
1779708000,0.99015,0.99015,0.99013,0.99013,14
1779708060,0.99014,0.99016,0.99014,0.99015,10
1779708120,0.99008,0.99009,0.99008,0.99008,16
1779708180,0.99004,0.99006,0.99002,0.99002,12
1779708240,0.99001,0.99001,0.99001,0.99001,1
1779708300,0.99004,0.99004,0.99001,0.99002,11
1779708360,0.98999,0.99001,0.98999,0.99001,9
1779708420,0.98994,0.98997,0.9899,0.98991,29
1779708480,0.98991,0.98993,0.98989,0.98993,25
1779708540,0.98995,0.98997,0.98994,0.98994,19
1779708600,0.99,0.99002,0.99,0.99002,6
1779708660,0.99018,0.9902,0.99017,0.99019,14
1779708720,0.99018,0.99029,0.99015,0.99029,29
1779708780,0.99026,0.99041,0.99025,0.99037,20
1779708840,0.99026,0.99034,0.99026,0.99031,28
1779708900,0.99031,0.99031,0.99029,0.99029,5
1779708960,0.9903,0.99033,0.9903,0.99033,6
1779709020,0.99045,0.99048,0.99045,0.99048,10
1779709080,0.99049,0.99051,0.99045,0.99045,17
1779709140,0.99046,0.9905,0.99046,0.99048,25
1779709200,0.99055,0.99062,0.99055,0.99062,41
1779709260,0.99059,0.99059,0.99048,0.99054,46
1779709320,0.99057,0.99058,0.99056,0.99056,7
1779709380,0.99047,0.99048,0.99046,0.99048,16
1779709440,0.99052,0.99054,0.99051,0.99054,11
1779709500,0.99054,0.99056,0.99054,0.99054,14
1779709560,0.99058,0.9906,0.99057,0.99057,24
1779709620,0.99063,0.99064,0.99062,0.99064,41
1779709680,0.99053,0.99055,0.99047,0.99054,41
1779709740,0.99054,0.99055,0.99049,0.9905,10
1779709800,0.99046,0.9905,0.99046,0.9905,11
1779709860,0.99052,0.99053,0.99047,0.99048,18
1779709920,0.9905,0.99052,0.99047,0.99051,31
1779709980,0.99049,0.99052,0.99047,0.99048,32
1779710040,0.99044,0.99045,0.99041,0.99043,38
1779710100,0.99045,0.99046,0.99035,0.9904,29
1779710160,0.99032,0.99033,0.99032,0.99033,3
1779710220,0.99029,0.99029,0.99029,0.99029,4
1779710280,0.99026,0.99027,0.99026,0.99027,17
1779710340,0.99022,0.99024,0.99022,0.99022,20
1779710400,0.99017,0.99017,0.99012,0.99014,51
1779710460,0.99015,0.99018,0.99015,0.99018,28
1779710520,0.9902,0.99027,0.99017,0.99026,34
1779710580,0.99024,0.99025,0.99024,0.99025,6
1779710640,0.99025,0.99027,0.99025,0.99026,10
1779710700,0.99027,0.99029,0.99026,0.99029,21
1779710760,0.99029,0.99029,0.99027,0.99029,36
1779710820,0.99034,0.99037,0.99033,0.99037,24
1779710880,0.99029,0.99033,0.99026,0.99026,47
1779710940,0.99033,0.99033,0.99031,0.99031,4
1779711000,0.99025,0.99029,0.99025,0.99027,8
1779711060,0.99035,0.9904,0.99035,0.99039,26
1779711120,0.99044,0.99044,0.99041,0.99041,10
1779711180,0.99047,0.99047,0.99043,0.99044,34
1779711240,0.99045,0.99046,0.99041,0.99041,42
1779711300,0.99038,0.99038,0.99038,0.99038,1
1779711360,0.9904,0.99046,0.9904,0.99046,12
1779711420,0.9905,0.9905,0.9905,0.9905,4
1779711480,0.99043,0.99046,0.99041,0.99042,22
1779711540,0.99041,0.99043,0.99039,0.99043,16
1779711600,0.99038,0.99042,0.99037,0.99037,31
1779711660,0.99031,0.99035,0.9903,0.99031,39
1779711720,0.99035,0.99039,0.99033,0.99036,35
1779711780,0.99036,0.99036,0.99036,0.99036,1
1779711840,0.99038,0.99041,0.99036,0.99037,21
1779711900,0.99039,0.99044,0.99036,0.99039,39
1779711960,0.99032,0.99033,0.9903,0.99033,31
1779712020,0.9903,0.99035,0.9903,0.99032,28
1779712080,0.99028,0.99033,0.99027,0.9903,34
1779712140,0.99035,0.99035,0.99031,0.99034,23
1779712200,0.99036,0.99037,0.99036,0.99037,5
1779712260,0.99036,0.9904,0.99036,0.9904,7
1779712320,0.99043,0.99046,0.99043,0.99045,26
1779712380,0.99044,0.99044,0.9904,0.9904,18
1779712440,0.99031,0.99034,0.99031,0.99032,36
1779712560,0.9903,0.99032,0.99027,0.99028,80
1779712920,0.9903,0.9903,0.99029,0.99029,2
1779712980,0.9904,0.99041,0.99034,0.99037,32
1779713040,0.9904,0.9904,0.9904,0.9904,1
1779713100,0.99051,0.99057,0.99051,0.99057,11
1779713220,0.99031,0.99033,0.99028,0.99028,16
1779713280,0.99024,0.99024,0.99019,0.99019,14
1779713340,0.99014,0.99018,0.99008,0.99009,36
1779713400,0.99008,0.99013,0.99004,0.99009,38
1779713460,0.99002,0.99003,0.99002,0.99003,4
1779713520,0.98991,0.98991,0.98987,0.98987,5
1779713580,0.98987,0.98987,0.98984,0.98986,15
1779713640,0.98991,0.98995,0.98991,0.98995,19
1779713700,0.98993,0.98996,0.98991,0.98993,27
1779713760,0.9899,0.98991,0.98986,0.98986,31
1779713820,0.98995,0.98999,0.98983,0.98983,52
1779713880,0.98975,0.98976,0.98975,0.98975,6
1779713940,0.98973,0.98981,0.98973,0.98981,13
1779714000,0.98986,0.98989,0.9898,0.98982,24
1779714060,0.98984,0.98989,0.98983,0.98989,22
1779714120,0.99,0.99,0.98992,0.98994,32
1779714180,0.98995,0.99004,0.98995,0.99004,28
1779714240,0.99013,0.99021,0.99012,0.99013,31
1779714300,0.99011,0.99014,0.99009,0.99011,32
1779714360,0.99018,0.99018,0.99014,0.99014,9
1779714420,0.99014,0.99016,0.99014,0.99015,9
1779714480,0.99017,0.9902,0.99017,0.99019,19
1779714540,0.99019,0.9902,0.99007,0.99013,27
1779714600,0.99008,0.99008,0.99002,0.99003,34
1779714660,0.99002,0.9901,0.99002,0.9901,32
1779714720,0.98998,0.98999,0.98995,0.98998,29
1779714780,0.98988,0.98988,0.98985,0.98987,11
1779714840,0.98982,0.98992,0.98981,0.98992,19
1779714900,0.98996,0.98998,0.98995,0.98996,24
1779714960,0.98995,0.98997,0.98992,0.98995,24
1779715020,0.98997,0.98999,0.98995,0.98996,50
1779715080,0.9899,0.9899,0.98985,0.98985,29
1779715140,0.98987,0.98987,0.98987,0.98987,1
1779715200,0.98978,0.98978,0.98976,0.98976,6
1779715260,0.98987,0.98987,0.98981,0.98982,14
1779715320,0.98987,0.98988,0.98983,0.98983,17
1779715380,0.98979,0.98981,0.98975,0.98975,29
1779715440,0.98982,0.98985,0.98981,0.98984,33
1779715500,0.98982,0.98983,0.9898,0.98983,19
1779715560,0.98982,0.98986,0.98981,0.98986,47
1779715620,0.98985,0.98985,0.98984,0.98984,2
1779715680,0.98985,0.98986,0.98981,0.98981,9
1779715740,0.9898,0.98981,0.98979,0.9898,10
1779715800,0.98982,0.98988,0.9898,0.98986,40
1779715860,0.98992,0.98993,0.98985,0.98989,35
1779715920,0.98996,0.98998,0.98995,0.98996,42
1779715980,0.98999,0.98999,0.98998,0.98999,6
1779716040,0.99005,0.99005,0.99002,0.99004,16
1779716100,0.99002,0.99002,0.99,0.99001,11
1779716160,0.99,0.99003,0.99,0.99001,21
1779716220,0.99001,0.99004,0.99001,0.99001,27
1779716280,0.99007,0.99007,0.98997,0.99,40
1779716340,0.98997,0.99003,0.98994,0.99003,30
1779716400,0.99004,0.99004,0.99004,0.99004,4
1779716460,0.99007,0.99007,0.99007,0.99007,2
1779716520,0.98999,0.98999,0.98994,0.98994,16
1779716580,0.98995,0.98995,0.98993,0.98993,23
1779716640,0.9899,0.98991,0.98989,0.98989,28
1779716700,0.98997,0.98999,0.98994,0.98996,27
1779716760,0.98994,0.98998,0.98994,0.98998,38
1779716820,0.98992,0.98992,0.98992,0.98992,2
1779716880,0.98977,0.98977,0.98975,0.98975,7
1779716940,0.98985,0.98987,0.98983,0.98987,18
1779717000,0.9899,0.98992,0.98989,0.98992,11
1779717060,0.98999,0.99003,0.98997,0.99,29
1779717120,0.99006,0.99009,0.99004,0.99008,33
1779717180,0.99015,0.99015,0.99003,0.99006,57
1779717240,0.99007,0.99008,0.99006,0.99006,5
1779717300,0.99003,0.99008,0.99003,0.99008,18
1779717360,0.99004,0.99005,0.99002,0.99005,21
1779717420,0.99001,0.99001,0.9899,0.98993,25
1779717480,0.99004,0.99006,0.99001,0.99001,29
1779717540,0.98993,0.98995,0.98993,0.98995,5
1779717600,0.98993,0.98996,0.98993,0.98995,10
1779717660,0.98999,0.99003,0.98999,0.99003,14
1779717720,0.99009,0.99009,0.99003,0.99003,19
1779717780,0.98998,0.98998,0.98994,0.98996,20
1779717840,0.99002,0.99011,0.99001,0.99009,16
1779717900,0.99007,0.99007,0.99003,0.99004,42
1779717960,0.99004,0.99004,0.99003,0.99004,6
1779718020,0.99001,0.99001,0.98993,0.98993,11
1779718080,0.98993,0.98993,0.98987,0.98987,15
1779718140,0.98993,0.98993,0.98989,0.98993,16
1779718200,0.99001,0.99001,0.98997,0.98997,10
1779718260,0.98999,0.98999,0.98993,0.98994,34
1779718320,0.98992,0.98995,0.98992,0.98992,15
1779718380,0.98982,0.98984,0.98982,0.98983,6
1779718440,0.98976,0.98976,0.98975,0.98975,4
1779718500,0.98977,0.98983,0.98977,0.98982,19
1779718560,0.98983,0.98987,0.98983,0.98985,18
1779718620,0.98986,0.98986,0.98981,0.98983,57
1779718680,0.98983,0.98987,0.98983,0.98987,24
1779718740,0.98991,0.98991,0.98991,0.98991,2
1779718800,0.98995,0.98998,0.98995,0.98996,13
1779718860,0.98996,0.98998,0.9899,0.98991,20
1779718920,0.98994,0.98994,0.98986,0.98987,18
1779718980,0.98991,0.98991,0.98987,0.98987,24
1779719040,0.98991,0.98994,0.9899,0.98994,32
1779719100,0.98991,0.98996,0.98988,0.98991,47
1779719160,0.98995,0.98995,0.98995,0.98995,2
1779719220,0.99,0.99,0.99,0.99,1
1779719280,0.99,0.99002,0.98999,0.99,9
1779719340,0.99002,0.99002,0.99001,0.99001,14
1779719400,0.99,0.99,0.98992,0.98994,39
1779719460,0.98989,0.98992,0.98989,0.9899,29
1779719520,0.9899,0.98991,0.98983,0.98984,32
1779719580,0.98984,0.98986,0.98984,0.98986,5
1779719640,0.98983,0.98983,0.98982,0.98982,11
1779719700,0.98994,0.98994,0.98991,0.98992,10
1779719760,0.9899,0.98991,0.98989,0.98991,7
1779719820,0.98994,0.98994,0.9899,0.98991,18
1779719880,0.98987,0.98991,0.98987,0.9899,22
1779719940,0.98987,0.98997,0.98987,0.98993,29
1779720000,0.98993,0.98993,0.98993,0.98993,3
1779720060,0.98988,0.9899,0.98988,0.98988,11
1779720120,0.98998,0.99,0.98997,0.98997,15
1779720180,0.98995,0.98995,0.98988,0.98988,16
1779720240,0.98989,0.98996,0.98989,0.98996,27
1779720300,0.98992,0.98993,0.98987,0.98988,30
1779720360,0.98987,0.99,0.98985,0.99,49
1779720420,0.98999,0.99006,0.98997,0.98999,44
1779720480,0.99003,0.99003,0.98999,0.98999,10
1779720540,0.99002,0.99004,0.99001,0.99002,10
1779720600,0.98997,0.99,0.98997,0.98999,12
1779720660,0.98998,0.99,0.98996,0.98998,26
1779720720,0.99007,0.99008,0.99005,0.99006,15
1779720780,0.99008,0.99008,0.99008,0.99008,3
1779720840,0.99008,0.99008,0.99008,0.99008,4
1779720900,0.98998,0.99004,0.98998,0.99004,16
1779720960,0.99019,0.99023,0.99017,0.99019,30
1779721020,0.99028,0.99032,0.99022,0.99032,34
1779721080,0.99038,0.99049,0.99037,0.99049,54
1779721140,0.99064,0.99066,0.99055,0.99057,76
1779721200,0.9906,0.9906,0.99059,0.99059,4
1779721260,0.99053,0.99055,0.99053,0.99055,7
1779721320,0.99044,0.99046,0.99042,0.99044,11
1779721380,0.99051,0.99051,0.99048,0.99051,22
1779721440,0.99045,0.99047,0.99045,0.99045,17
1779721500,0.99051,0.99052,0.99046,0.99049,43
1779721560,0.99039,0.99043,0.99032,0.99039,42
1779721620,0.9904,0.99041,0.99031,0.99031,43
1779721680,0.99031,0.99032,0.99029,0.9903,18
1779721740,0.99026,0.99027,0.99017,0.99018,16
1779721800,0.99005,0.9901,0.99005,0.9901,23
1779721860,0.99053,0.99064,0.99051,0.99057,82
1779721920,0.99076,0.99076,0.99055,0.9907,97
1779721980,0.99056,0.99058,0.99056,0.99058,4
1779722040,0.9905,0.99052,0.99049,0.99049,14
1779722100,0.9904,0.9904,0.99039,0.9904,5
1779722160,0.99047,0.99048,0.99044,0.99046,15
1779722220,0.99037,0.99043,0.99037,0.99043,17
1779722280,0.99029,0.99035,0.99029,0.99033,32
1779722340,0.99033,0.99039,0.99031,0.99038,36
1779722400,0.99039,0.99046,0.99037,0.99044,40
1779731520,0.99037,0.99037,0.99036,0.99036,3
1779731580,0.99037,0.99037,0.99037,0.99037,3
1779731640,0.9904,0.99041,0.99038,0.99039,17
1779731700,0.9904,0.99041,0.9904,0.99041,10
1779731760,0.99044,0.99045,0.9904,0.99042,20
1779731820,0.99042,0.99042,0.99042,0.99042,1
1779731880,0.99042,0.99042,0.99042,0.99042,1
1779731940,0.99037,0.99038,0.99036,0.99036,7
1779732000,0.99041,0.99041,0.9904,0.9904,8
1779732060,0.99037,0.99037,0.99037,0.99037,1
1779732120,0.99033,0.99034,0.99033,0.99034,8
1779732180,0.99032,0.99035,0.99032,0.99035,14
1779732240,0.99031,0.99032,0.99027,0.99032,20
1779732300,0.99027,0.99027,0.99027,0.99027,1
1779732360,0.99027,0.99028,0.99027,0.99028,6
1779732420,0.99029,0.99029,0.99029,0.99029,2
1779732480,0.99027,0.99029,0.99027,0.99028,7
1779732540,0.99031,0.99036,0.99031,0.99036,12
1779733320,0.9904,0.9904,0.99037,0.99037,7
1779733380,0.99034,0.99034,0.99034,0.99034,6
1779733440,0.99033,0.99033,0.99032,0.99032,14
1779733500,0.99033,0.99033,0.99032,0.99033,7
1779733560,0.99033,0.99035,0.99033,0.99035,3
1779733620,0.99032,0.99034,0.99032,0.99033,14
1779733680,0.99028,0.99029,0.99028,0.99029,7
1779733740,0.99028,0.99028,0.99028,0.99028,4
1779733800,0.99028,0.99028,0.99028,0.99028,1
1779733860,0.99031,0.99031,0.99031,0.99031,1
1779733920,0.99029,0.99029,0.99029,0.99029,2
1779733980,0.9903,0.99033,0.9903,0.99033,8
1779734040,0.99032,0.99033,0.99031,0.99031,6
1779734100,0.9903,0.99036,0.9903,0.99036,12
1779734160,0.99037,0.99037,0.99037,0.99037,2
1779734220,0.99036,0.99036,0.99036,0.99036,2
1779734280,0.99035,0.99037,0.99035,0.99036,7
1779734340,0.99036,0.99036,0.99035,0.99036,8
1779734400,0.99035,0.99035,0.99032,0.99033,8
1779734460,0.99033,0.99033,0.99032,0.99032,7
1779734520,0.99032,0.99032,0.99032,0.99032,1
1779734580,0.99031,0.99032,0.99031,0.99032,4
1779734640,0.99031,0.99033,0.99031,0.99033,2
1779734700,0.99037,0.99037,0.99036,0.99036,4
1779734760,0.99036,0.99036,0.99034,0.99034,4
1779734820,0.99031,0.99034,0.99031,0.99034,5
1779734880,0.99036,0.99037,0.99036,0.99037,5
1779735000,0.99031,0.99031,0.99031,0.99031,2
1779735060,0.99037,0.99037,0.99037,0.99037,1
1779735120,0.99035,0.99038,0.99035,0.99038,6
1779735180,0.99039,0.99042,0.99038,0.99041,17
1779735240,0.9904,0.99042,0.99038,0.99039,18
1779735300,0.9904,0.9904,0.9904,0.9904,4
1779735360,0.99042,0.99044,0.99042,0.99042,7
1779735420,0.99042,0.99042,0.99042,0.99042,2
1779735540,0.99045,0.99045,0.99041,0.99043,10
1779735600,0.99044,0.99045,0.99043,0.99043,6
1779735660,0.99043,0.99043,0.99042,0.99042,3
1779735720,0.99041,0.99043,0.99041,0.99043,8
1779735780,0.99041,0.99041,0.99041,0.99041,3
1779735840,0.99041,0.99043,0.99041,0.99043,8
1779735900,0.99042,0.99043,0.99042,0.99043,5
1779735960,0.99037,0.99037,0.99035,0.99037,9
1779736020,0.99042,0.99043,0.99042,0.99043,4
1779736080,0.99036,0.99037,0.99036,0.99037,9
1779736140,0.99042,0.99042,0.99042,0.99042,2
1779736200,0.9904,0.9904,0.9904,0.9904,1
1779736260,0.99042,0.99043,0.99041,0.99043,7
1779736320,0.99042,0.99042,0.99042,0.99042,1
1779736380,0.99045,0.99045,0.99043,0.99043,5
1779736440,0.99044,0.99044,0.99042,0.99042,2
1779736500,0.99042,0.99042,0.99042,0.99042,1
1779736560,0.99044,0.99045,0.99043,0.99043,6
1779736620,0.99045,0.99045,0.99045,0.99045,1
1779736680,0.99044,0.99044,0.99044,0.99044,1
1779736740,0.99042,0.99043,0.99042,0.99043,5
1779736800,0.99043,0.99043,0.99043,0.99043,2
1779736860,0.99041,0.99044,0.99041,0.99044,11
1779736920,0.99041,0.99043,0.99041,0.99043,6
1779736980,0.99045,0.99046,0.99045,0.99046,4
1779737040,0.99045,0.99045,0.99043,0.99044,12
1779737100,0.99047,0.99047,0.99045,0.99045,4
1779737160,0.99044,0.99044,0.99042,0.99042,4
1779737220,0.99044,0.99044,0.99044,0.99044,2
1779737280,0.99047,0.99047,0.99046,0.99046,15
1779737340,0.99049,0.99049,0.99046,0.99047,10
1779737400,0.99049,0.99049,0.99043,0.99044,10
1779737460,0.99044,0.99047,0.99043,0.99047,13
1779737520,0.99048,0.99048,0.99046,0.99048,3
1779737580,0.99048,0.99048,0.99048,0.99048,1
1779737640,0.99048,0.99048,0.99046,0.99046,6
1779737700,0.99046,0.99046,0.9904,0.99041,16
1779737760,0.99038,0.99039,0.99035,0.99039,28
1779737820,0.99033,0.99039,0.99033,0.99033,29
1779737880,0.99032,0.99035,0.99031,0.99034,12
1779737940,0.99028,0.99028,0.99028,0.99028,2
1779738000,0.99028,0.9903,0.99028,0.99029,11
1779738060,0.99028,0.99029,0.99028,0.99029,4
1779738120,0.99028,0.99029,0.99028,0.99029,3
1779738180,0.99023,0.99028,0.99023,0.99027,10
1779738240,0.99028,0.99028,0.99028,0.99028,1
1779738300,0.99033,0.99036,0.99033,0.99036,9
1779738360,0.99037,0.99037,0.99034,0.99034,9
1779738420,0.99035,0.99035,0.99035,0.99035,1
1779738480,0.99036,0.99036,0.9903,0.9903,6
1779738540,0.99025,0.99026,0.99025,0.99026,5
1779738600,0.99026,0.99026,0.99024,0.99026,17
1779738660,0.99025,0.99025,0.99024,0.99024,3
1779738720,0.99023,0.99026,0.99023,0.99024,10
1779738780,0.99023,0.99024,0.99022,0.99023,14
1779738840,0.99023,0.99023,0.99023,0.99023,1
1779738900,0.99025,0.99025,0.99025,0.99025,5
1779738960,0.99027,0.99027,0.99026,0.99026,2
1779739020,0.99022,0.99022,0.9902,0.99021,9
1779739080,0.99024,0.99024,0.99021,0.99022,10
1779739140,0.99018,0.99018,0.99018,0.99018,5
1779739200,0.99024,0.99024,0.99022,0.99022,4
1779739260,0.99025,0.99027,0.99023,0.99027,20
1779739320,0.99025,0.99028,0.99025,0.99028,10
1779739380,0.99027,0.99032,0.99027,0.99032,16
1779739440,0.99029,0.99029,0.99029,0.99029,2
1779739500,0.99028,0.99028,0.99021,0.99023,17
1779739560,0.99023,0.99024,0.99021,0.99023,8
1779739620,0.9902,0.99022,0.9902,0.99022,11
1779739680,0.99022,0.99022,0.99022,0.99022,2
1779739740,0.99025,0.99025,0.99025,0.99025,2
1779739800,0.99026,0.99026,0.99025,0.99025,4
1779739860,0.99024,0.99026,0.99023,0.99026,13
1779739920,0.99025,0.99025,0.99023,0.99023,8
1779739980,0.99025,0.99025,0.99025,0.99025,4
1779740040,0.99024,0.99025,0.99024,0.99025,2
1779740100,0.99024,0.99025,0.99024,0.99025,4
1779740160,0.99025,0.99025,0.99025,0.99025,1
1779740220,0.99027,0.99029,0.99025,0.99025,14
1779740280,0.99025,0.99026,0.99023,0.99023,10
1779740340,0.99027,0.99027,0.99027,0.99027,5
1779740400,0.99028,0.99033,0.99027,0.99033,22
1779740460,0.99033,0.99033,0.99033,0.99033,1
1779740520,0.9903,0.9903,0.9903,0.9903,4
1779740580,0.99031,0.99031,0.9903,0.9903,5
1779740640,0.99028,0.99029,0.99027,0.99028,9
1779740700,0.99027,0.99028,0.99026,0.99028,11
1779740760,0.9903,0.99031,0.99029,0.99029,9
1779740820,0.99027,0.99028,0.99026,0.99026,16
1779740880,0.99031,0.99031,0.99031,0.99031,2
1779740940,0.99035,0.99035,0.99032,0.99032,5
1779741000,0.99034,0.99038,0.99033,0.99038,11
1779741060,0.99027,0.99029,0.99027,0.99027,4
1779741120,0.99025,0.99025,0.99023,0.99024,13
1779741180,0.99026,0.99028,0.99025,0.99026,16
1779741240,0.99025,0.99025,0.99025,0.99025,1
1779741300,0.99028,0.99029,0.99027,0.99028,7
1779741360,0.99028,0.99028,0.99028,0.99028,2
1779741420,0.99031,0.99034,0.9903,0.99034,10
1779741480,0.99027,0.99027,0.99024,0.99025,12
1779741540,0.99024,0.99029,0.99024,0.99029,18
1779741600,0.99012,0.99013,0.9901,0.9901,26
1779741660,0.99017,0.99017,0.99013,0.99013,11
1779741720,0.99018,0.99019,0.99018,0.99018,4
1779741780,0.99014,0.99014,0.99014,0.99014,1
1779741840,0.99018,0.99018,0.99018,0.99018,1
1779741900,0.9902,0.99022,0.9902,0.99021,6
1779741960,0.99017,0.9902,0.99015,0.9902,17
1779742020,0.9902,0.9902,0.9902,0.9902,1
1779742080,0.9902,0.9902,0.99018,0.99018,5
1779742140,0.99022,0.99022,0.99022,0.99022,4
1779742200,0.99019,0.9902,0.99017,0.9902,15
1779742260,0.99012,0.99013,0.99012,0.99012,3
1779742320,0.99018,0.99021,0.99018,0.9902,10
1779742380,0.99021,0.99021,0.99021,0.99021,2
1779742440,0.99021,0.99021,0.99021,0.99021,1
1779742500,0.99024,0.99026,0.99024,0.99026,4
1779742560,0.99024,0.99025,0.99024,0.99024,15
1779742620,0.99024,0.99024,0.99024,0.99024,2
1779742680,0.99026,0.99029,0.99023,0.99027,12
1779742860,0.98937,0.98937,0.98937,0.98937,2
1779742920,0.98924,0.98924,0.98888,0.98888,2
1779742980,0.98888,0.98906,0.98888,0.98906,3
1779743040,0.98939,0.98952,0.98939,0.98952,2
1779743100,0.98965,0.98965,0.98951,0.98951,5
1779743700,0.98918,0.9895,0.98918,0.9895,7
1779743760,0.98958,0.98958,0.98958,0.98958,1
1779743880,0.9895,0.9895,0.9895,0.9895,1
1779744000,0.98919,0.98919,0.98919,0.98919,2
1779744060,0.98924,0.98924,0.98924,0.98924,2
1779744120,0.98916,0.98916,0.9891,0.9891,4
1779744180,0.98923,0.98925,0.98911,0.98915,11
1779744240,0.98915,0.98915,0.98915,0.98915,2
1779744300,0.98915,0.98915,0.98915,0.98915,2
1779744360,0.98915,0.98915,0.98915,0.98915,1
1779744420,0.98915,0.98915,0.98915,0.98915,1
1779744480,0.98908,0.98908,0.98908,0.98908,2
1779744540,0.98918,0.98918,0.98918,0.98918,1
1779744600,0.98916,0.98916,0.98907,0.98907,9
1779744660,0.98907,0.98907,0.98907,0.98907,3
1779744720,0.98918,0.98918,0.98918,0.98918,1
1779744780,0.98924,0.98924,0.98923,0.98924,6
1779744840,0.98905,0.98905,0.98905,0.98905,1
1779744900,0.98922,0.98922,0.98912,0.98922,6
1779744960,0.98922,0.98934,0.98922,0.98934,2
1779745020,0.98936,0.98941,0.98921,0.98941,5
1779745080,0.98935,0.98935,0.98935,0.98935,1
1779745140,0.9893,0.9893,0.98928,0.98928,4
1779745200,0.98935,0.98951,0.98926,0.98944,19
1779745260,0.98954,0.98969,0.98953,0.98953,18
1779745320,0.98954,0.98961,0.98954,0.9896,9
1779745380,0.98963,0.98969,0.98949,0.98965,22
1779745440,0.9897,0.9897,0.98957,0.98957,4
1779745500,0.98949,0.98949,0.98948,0.98948,8
1779745560,0.98949,0.98949,0.98941,0.98941,3
1779745620,0.9894,0.9894,0.9894,0.9894,4
1779745680,0.98931,0.98933,0.98924,0.98924,15
1779745740,0.9892,0.98925,0.9892,0.98923,13
1779745800,0.98929,0.9895,0.98926,0.98939,15
1779745860,0.98955,0.98955,0.98955,0.98955,1
1779745920,0.98957,0.98957,0.98955,0.98955,3
1779745980,0.98963,0.98963,0.98961,0.98961,2
1779746040,0.9896,0.98962,0.98958,0.98961,11
1779746100,0.98965,0.98965,0.98954,0.98954,16
1779746160,0.98936,0.98936,0.98936,0.98936,2
1779746220,0.98966,0.98966,0.98965,0.98965,5
1779746280,0.98955,0.98957,0.98954,0.98957,4
1779746340,0.98953,0.98953,0.98923,0.98923,6
1779746400,0.98994,0.99016,0.98991,0.98993,55
1779746460,0.99003,0.99003,0.98994,0.99001,46
1779746520,0.99001,0.99005,0.99,0.99004,34
1779746580,0.99004,0.99007,0.99002,0.99007,21
1779746640,0.99001,0.99005,0.99001,0.99004,7
1779746700,0.99003,0.9901,0.99002,0.99008,21
1779746760,0.99007,0.99009,0.99007,0.99008,8
1779746820,0.99003,0.99005,0.99003,0.99005,9
1779746880,0.99014,0.9902,0.99012,0.99015,25
1779746940,0.99019,0.99019,0.99019,0.99019,2
1779747000,0.99003,0.99003,0.99003,0.99003,1
1779747060,0.99004,0.99019,0.99003,0.99015,18
1779747120,0.99013,0.99017,0.99012,0.99017,12
1779747180,0.99012,0.99012,0.99012,0.99012,1
1779747240,0.99017,0.99017,0.99017,0.99017,2
1779747300,0.99018,0.99018,0.99017,0.99018,7
1779747360,0.99016,0.99016,0.99016,0.99016,1
1779747420,0.99016,0.99016,0.99,0.99005,12
1779747480,0.99005,0.99006,0.99005,0.99006,3
1779747540,0.99006,0.99006,0.99006,0.99006,2
1779747600,0.99004,0.99007,0.99004,0.99007,6
1779747660,0.9901,0.99013,0.99009,0.99011,14
1779747720,0.99012,0.99012,0.99012,0.99012,1
1779747780,0.99015,0.99015,0.99015,0.99015,2
1779747840,0.99019,0.99019,0.99017,0.99019,10
1779747900,0.9902,0.9902,0.99019,0.99019,8
1779747960,0.99019,0.99019,0.99019,0.99019,5
1779748020,0.99019,0.99019,0.99013,0.99015,11
1779748080,0.99013,0.99013,0.99013,0.99013,1
1779748140,0.99015,0.99015,0.99015,0.99015,3
1779748200,0.99011,0.99013,0.99008,0.99008,12
1779748260,0.99005,0.99005,0.99,0.99,14
1779748320,0.99003,0.99012,0.99003,0.99011,16
1779748380,0.99012,0.99012,0.99011,0.99011,7
1779748440,0.99012,0.99012,0.9901,0.9901,10
1779748500,0.99015,0.99015,0.99015,0.99015,1
1779748560,0.99012,0.99013,0.99012,0.99013,4
1779748620,0.99008,0.99008,0.99006,0.99008,5
1779748680,0.99008,0.99009,0.99008,0.99008,5
1779748740,0.99008,0.99008,0.99008,0.99008,4
1779748800,0.99006,0.99008,0.99006,0.99008,6
1779748860,0.9901,0.99012,0.99008,0.99011,26
1779748920,0.99009,0.99012,0.99009,0.9901,8
1779748980,0.99011,0.99011,0.99011,0.99011,4
1779749040,0.99012,0.99013,0.99011,0.99013,14
1779749100,0.99012,0.99013,0.99012,0.99013,7
1779749160,0.99011,0.99013,0.99011,0.99012,6
1779749220,0.9902,0.99021,0.99016,0.99018,15
1779749280,0.99024,0.99024,0.99024,0.99024,2
1779749340,0.99018,0.99022,0.99018,0.99021,13
1779749400,0.99024,0.99026,0.99023,0.99023,7
1779749460,0.99019,0.99025,0.99019,0.99025,26
1779749520,0.99024,0.99024,0.9902,0.9902,9
1779749580,0.99021,0.99023,0.9902,0.99021,10
1779749640,0.99022,0.99022,0.99021,0.99021,4
1779749700,0.99026,0.99026,0.99026,0.99026,2
1779749760,0.99017,0.99019,0.99017,0.99019,10
1779749820,0.99019,0.99021,0.99018,0.9902,16
1779749880,0.99021,0.99026,0.99021,0.99023,18
1779749940,0.99019,0.99021,0.99019,0.99019,17
1779750000,0.99017,0.99017,0.99015,0.99015,3
1779750060,0.99028,0.99028,0.99022,0.99026,13
1779750120,0.99026,0.9903,0.99026,0.99028,18
1779750180,0.99032,0.99032,0.9903,0.99031,5
1779750240,0.99033,0.99033,0.99031,0.99032,9
1779750300,0.99032,0.99033,0.99032,0.99032,9
1779750360,0.99039,0.99041,0.99037,0.99038,18
1779750420,0.99025,0.99025,0.99021,0.99022,14
1779750480,0.99021,0.99022,0.99018,0.99022,18
1779750540,0.99025,0.99027,0.99025,0.99027,7
1779750600,0.99026,0.99027,0.99022,0.99023,15
1779750660,0.99027,0.99028,0.99026,0.99028,14
1779750720,0.99026,0.99026,0.99026,0.99026,3
1779750780,0.99021,0.99023,0.99021,0.99023,6
1779750840,0.9902,0.99023,0.9902,0.9902,13
1779750900,0.99021,0.99021,0.99021,0.99021,4
1779750960,0.99021,0.99021,0.99018,0.99021,5
1779751020,0.99021,0.99026,0.99021,0.99026,13
1779751080,0.99025,0.99031,0.99025,0.99027,32
1779751140,0.99031,0.99031,0.9903,0.9903,2
1779751200,0.9903,0.99032,0.9903,0.9903,6
1779751260,0.99027,0.9903,0.99027,0.9903,9
1779751320,0.9903,0.99032,0.99028,0.99028,11
1779751380,0.99029,0.99031,0.99027,0.99028,23
1779751440,0.99032,0.99035,0.99032,0.99035,4
1779751500,0.99022,0.99022,0.99021,0.99022,6
1779751560,0.99026,0.99026,0.99026,0.99026,1
1779751620,0.99026,0.99026,0.99026,0.99026,4
1779751680,0.99021,0.99023,0.99021,0.99023,10
1779751740,0.99017,0.99017,0.99015,0.99017,18
1779751800,0.99016,0.99017,0.99016,0.99017,5
1779751860,0.99014,0.99015,0.99013,0.99013,6
1779751920,0.99011,0.99011,0.99011,0.99011,1
1779751980,0.99005,0.99007,0.99003,0.99004,15
1779752040,0.99,0.99001,0.98998,0.99001,12
1779752100,0.99002,0.99002,0.98998,0.98998,12
1779752160,0.98999,0.99003,0.98994,0.99,26
1779752220,0.98993,0.98993,0.98988,0.98988,4
1779752280,0.98988,0.9899,0.98988,0.98989,6
1779752340,0.98987,0.98989,0.98987,0.98989,5
1779752400,0.98982,0.98983,0.98982,0.98982,7
1779752460,0.98987,0.9899,0.98987,0.9899,12
1779752520,0.98988,0.98989,0.98985,0.98988,31
1779752580,0.98994,0.98995,0.98994,0.98995,6
1779752640,0.98994,0.98994,0.98994,0.98994,2
1779752700,0.98992,0.98997,0.98992,0.98997,11
1779752760,0.99007,0.99007,0.99005,0.99005,10
1779752820,0.99001,0.99003,0.98998,0.99001,16
1779752880,0.98996,0.98996,0.98977,0.98977,24
1779752940,0.98982,0.98986,0.9898,0.98985,18
1779753000,0.98984,0.98984,0.98984,0.98984,1
1779753060,0.98971,0.98972,0.9897,0.9897,8
1779753120,0.98977,0.98978,0.98975,0.98975,15
1779753180,0.98979,0.98979,0.98977,0.98979,12
1779753240,0.98975,0.98979,0.98975,0.98977,17
1779753300,0.98977,0.98978,0.98976,0.98977,13
1779753360,0.98972,0.98973,0.9897,0.9897,25
1779753420,0.98968,0.98976,0.98967,0.98974,29
1779753480,0.98976,0.98976,0.98976,0.98976,2
1779753540,0.98968,0.98968,0.98964,0.98964,12
1779753600,0.98962,0.98962,0.98951,0.98953,43
1779753660,0.9895,0.9896,0.9895,0.98958,44
1779753720,0.98943,0.98951,0.98937,0.9894,56
1779753780,0.98947,0.98953,0.98945,0.98949,48
1779753840,0.98945,0.98945,0.98945,0.98945,1
1779753900,0.98949,0.98952,0.98948,0.9895,11
1779753960,0.98948,0.98954,0.98945,0.98954,32
1779754020,0.98944,0.98952,0.98943,0.98951,30
1779754080,0.9895,0.98958,0.9895,0.98955,25
1779754140,0.98957,0.98958,0.98948,0.98949,33
1779754200,0.98951,0.98953,0.98947,0.9895,58
1779754260,0.98953,0.98954,0.98953,0.98954,3
1779754320,0.98968,0.98969,0.98967,0.98968,8
1779754380,0.98975,0.98975,0.98968,0.98971,27
1779754440,0.98969,0.98976,0.98967,0.98976,38
1779754500,0.98959,0.98969,0.98959,0.98964,56
1779754560,0.98963,0.98965,0.98956,0.98959,49
1779754620,0.98952,0.98956,0.98949,0.98955,57
1779754680,0.98941,0.98942,0.98939,0.98942,11
1779754740,0.98931,0.98931,0.98929,0.9893,14
1779754800,0.9893,0.98936,0.98928,0.98931,44
1779754860,0.98938,0.98943,0.98935,0.9894,50
1779754920,0.98945,0.98945,0.98935,0.98937,54
1779754980,0.98937,0.98941,0.98936,0.98938,52
1779755040,0.9894,0.98943,0.9894,0.9894,12
1779755100,0.98943,0.98948,0.98942,0.98948,20
1779755160,0.98945,0.98953,0.98945,0.98951,30
1779755220,0.98951,0.9896,0.98949,0.98959,46
1779755280,0.98959,0.98965,0.98959,0.98965,27
1779755340,0.98967,0.98967,0.98962,0.98967,46
1779755400,0.98963,0.98965,0.98963,0.98965,8
1779755460,0.98966,0.98972,0.98966,0.98972,10
1779755520,0.98978,0.9898,0.98977,0.98977,21
1779755580,0.98975,0.98977,0.98974,0.98975,35
1779755640,0.98968,0.98969,0.98961,0.98964,49
1779755700,0.98968,0.98971,0.98967,0.98969,36
1779755760,0.98968,0.98972,0.98968,0.98972,8
1779755820,0.98974,0.98974,0.98971,0.98971,19
1779755880,0.98966,0.9897,0.98966,0.98968,21
1779755940,0.9896,0.98964,0.9896,0.98962,25
1779756000,0.98962,0.98962,0.98958,0.98959,27
1779756060,0.98948,0.98957,0.98948,0.98957,46
1779756120,0.98947,0.98955,0.98947,0.98955,10
1779756180,0.98966,0.98968,0.98958,0.98959,18
1779756240,0.98963,0.98967,0.98963,0.98967,14
1779756300,0.98962,0.98962,0.98954,0.98956,38
1779756360,0.98953,0.98966,0.98952,0.98966,38
1779756420,0.98968,0.9897,0.9896,0.98962,56
1779756480,0.98961,0.98961,0.9896,0.98961,6
1779756540,0.98959,0.98959,0.98956,0.98956,12
1779756600,0.98948,0.98952,0.98948,0.9895,23
1779756660,0.98955,0.98956,0.98953,0.98955,23
1779756720,0.98948,0.9895,0.98947,0.98948,27
1779756780,0.98942,0.98948,0.98941,0.98947,36
1779756840,0.98946,0.98946,0.98939,0.98939,61
1779756900,0.98934,0.98946,0.98934,0.98945,17
1779756960,0.98955,0.98957,0.98955,0.98956,14
1779757020,0.98955,0.98957,0.98954,0.98956,20
1779757080,0.98958,0.98966,0.98958,0.98966,28
1779757140,0.98976,0.98976,0.98969,0.98971,38
1779757200,0.98976,0.98977,0.98966,0.98974,52
1779757260,0.98964,0.98964,0.9896,0.9896,10
1779757320,0.98975,0.98975,0.9897,0.9897,21
1779757380,0.98967,0.98967,0.98962,0.98963,36
1779757440,0.9896,0.98968,0.98959,0.98965,38
1779757500,0.98955,0.98961,0.98955,0.98961,42
1779757560,0.98962,0.98963,0.98948,0.98948,63
1779757620,0.98943,0.98943,0.98943,0.98943,3
1779757680,0.9892,0.98923,0.98919,0.98923,12
1779757740,0.98932,0.98932,0.98923,0.98924,20
1779757800,0.9892,0.9892,0.98918,0.98918,11
1779757860,0.98911,0.98913,0.98908,0.98908,36
1779757920,0.98908,0.98916,0.98908,0.98909,50
1779757980,0.98926,0.98927,0.98926,0.98927,4
1779758040,0.98933,0.98933,0.98932,0.98933,10
1779758100,0.98952,0.98957,0.98952,0.98952,17
1779758160,0.98944,0.98946,0.98944,0.98945,21
1779758220,0.98935,0.98943,0.98934,0.98942,46
1779758280,0.98942,0.98943,0.98934,0.98936,60
1779758340,0.98931,0.98938,0.98927,0.98937,70
1779758400,0.98936,0.98938,0.98931,0.98932,15
1779758460,0.98918,0.98918,0.98912,0.98912,21
1779758520,0.9892,0.98926,0.9892,0.98926,49
1779758580,0.98941,0.98941,0.98934,0.98939,51
1779758640,0.98947,0.98953,0.98944,0.98951,59
1779758700,0.98958,0.98958,0.98953,0.98953,6
1779758760,0.98959,0.98961,0.98959,0.9896,12
1779758820,0.98959,0.98961,0.98957,0.98958,27
1779758880,0.98962,0.98965,0.98959,0.98959,27
1779758940,0.98954,0.98957,0.98946,0.98948,54
1779759000,0.98957,0.98963,0.98949,0.98951,74
1779759060,0.98959,0.98959,0.98955,0.98957,14
1779759120,0.98951,0.98951,0.98945,0.98945,19
1779759180,0.98947,0.98949,0.98944,0.98946,30
1779759240,0.98949,0.98958,0.98946,0.98956,48
1779759300,0.98952,0.98953,0.9895,0.98951,41
1779759360,0.98951,0.98958,0.98935,0.98938,70
1779759420,0.98935,0.98935,0.98933,0.98934,10
1779759480,0.98935,0.98942,0.98935,0.98939,33
1779759540,0.98932,0.98938,0.98931,0.98937,41
1779759600,0.9891,0.98911,0.98904,0.98908,49
1779759660,0.9891,0.98912,0.98902,0.98904,72
1779759720,0.98902,0.98902,0.98902,0.98902,1
1779759780,0.98904,0.98904,0.98902,0.98904,15
1779759840,0.9891,0.98916,0.98909,0.98913,29
1779759900,0.98915,0.98922,0.98915,0.98915,40
1779759960,0.98914,0.98914,0.9891,0.98912,36
1779760020,0.98919,0.98929,0.98919,0.9892,44
1779760080,0.98922,0.98922,0.9891,0.98913,55
1779760140,0.98913,0.98919,0.98913,0.98919,13
1779760200,0.98932,0.98934,0.9893,0.98933,24
1779760260,0.98933,0.98936,0.9893,0.98931,24
1779760320,0.98923,0.98925,0.98923,0.98924,25
1779760380,0.98918,0.98921,0.98916,0.98917,64
1779760440,0.98921,0.98928,0.98919,0.98923,45
1779760500,0.98926,0.98941,0.98925,0.98937,62
1779760560,0.98938,0.98939,0.98937,0.98937,5
1779760620,0.9895,0.98953,0.98949,0.98949,17
1779760680,0.98943,0.98943,0.98941,0.98943,16
1779760740,0.98944,0.98947,0.98938,0.98941,32
1779760800,0.98934,0.98934,0.98921,0.98928,48
1779760860,0.98931,0.9894,0.98931,0.9894,44
1779760920,0.98934,0.98934,0.98927,0.9893,62
1779760980,0.98936,0.98936,0.98936,0.98936,4
1779761040,0.98939,0.98941,0.98938,0.98938,12
1779761100,0.98926,0.98931,0.98925,0.98928,29
1779761160,0.98941,0.98943,0.98936,0.98939,32
1779761220,0.9895,0.98952,0.98947,0.98949,37
1779761280,0.98942,0.98945,0.98939,0.98939,28
1779761340,0.98941,0.98948,0.98941,0.98947,47
1779761400,0.98939,0.98939,0.98935,0.98935,6
1779761460,0.98936,0.98937,0.98936,0.98936,3
1779761520,0.98934,0.98936,0.98934,0.98934,16
1779761580,0.98927,0.98929,0.98923,0.98926,20
1779761640,0.98925,0.98925,0.98917,0.98919,39
1779761700,0.98919,0.98925,0.98917,0.98922,28
1779761760,0.98932,0.98933,0.98931,0.98931,18
1779761820,0.98936,0.98936,0.98928,0.98931,33
1779761880,0.98932,0.98932,0.98931,0.98932,5
1779761940,0.98924,0.98927,0.98924,0.98927,11
1779762000,0.98934,0.98934,0.98931,0.98931,14
1779762060,0.98928,0.98929,0.98925,0.98926,33
1779762120,0.98935,0.98935,0.98927,0.98933,38
1779762180,0.98928,0.9893,0.98926,0.9893,33
1779762240,0.98926,0.98926,0.98922,0.98923,27
1779762300,0.98922,0.98922,0.98922,0.98922,2
1779762360,0.98928,0.98928,0.98925,0.98925,6
1779762420,0.98939,0.9894,0.98937,0.98938,11
1779762480,0.9895,0.9895,0.98948,0.98949,15
1779762540,0.98946,0.9895,0.98943,0.98946,32
1779762600,0.98944,0.98946,0.98943,0.98945,32
1779762660,0.98952,0.98954,0.98948,0.98948,42
1779762720,0.98951,0.98952,0.98948,0.98948,6
1779762780,0.98948,0.9895,0.98948,0.98949,8
1779762840,0.98946,0.9895,0.98946,0.9895,10
1779762900,0.98951,0.98951,0.98942,0.98945,13
1779762960,0.98942,0.98944,0.9894,0.9894,18
1779763020,0.98939,0.98944,0.98935,0.9894,52
1779763080,0.98937,0.98945,0.98937,0.98944,45
1779763140,0.98944,0.98944,0.98944,0.98944,4
1779763200,0.98937,0.98937,0.98933,0.98933,9
1779763260,0.98931,0.98931,0.98925,0.98925,20
1779763320,0.98918,0.98922,0.98917,0.98922,28
1779763380,0.98927,0.98927,0.98915,0.98915,32
1779763440,0.98917,0.98917,0.98909,0.9891,56
1779763500,0.98911,0.98911,0.98911,0.98911,5
1779763560,0.98909,0.98918,0.98909,0.98918,23
1779763620,0.98933,0.98933,0.98931,0.98932,13
1779763680,0.98937,0.9894,0.98935,0.9894,26
1779763740,0.98938,0.98942,0.98937,0.98941,32
1779763800,0.98945,0.98945,0.98936,0.98939,67
1779763860,0.98943,0.98945,0.98943,0.98945,9
1779763920,0.98943,0.98946,0.98943,0.98943,12
1779763980,0.98935,0.98935,0.9893,0.98933,15
1779764040,0.98941,0.98942,0.98935,0.98937,20
1779764100,0.98941,0.98943,0.9894,0.98943,36
1779764160,0.9896,0.98962,0.98959,0.9896,40
1779764220,0.98958,0.98958,0.98958,0.98958,4
1779764280,0.9895,0.98952,0.98949,0.98952,16
1779764340,0.98956,0.98958,0.98954,0.98957,17
1779764400,0.98951,0.98953,0.9895,0.98952,32
1779764460,0.98948,0.98961,0.98947,0.98959,46
1779764520,0.98959,0.98959,0.98955,0.98957,16
1779764580,0.98956,0.98957,0.98956,0.98956,5
1779764640,0.98959,0.9896,0.98958,0.98958,11
1779764700,0.98955,0.98965,0.98955,0.9896,25
1779764760,0.98977,0.9898,0.98976,0.98979,26
1779764820,0.9898,0.98981,0.98978,0.98979,22
1779764880,0.98984,0.98985,0.98982,0.98985,39
1779764940,0.9899,0.98992,0.9899,0.98992,2
1779765000,0.9899,0.9899,0.98989,0.9899,6
1779765060,0.98992,0.98997,0.98989,0.98995,23
1779765120,0.98986,0.98988,0.98983,0.98986,34
1779765180,0.9899,0.9899,0.98984,0.98984,46
1779765240,0.98983,0.98984,0.9898,0.98981,28
1779765300,0.98978,0.98979,0.98978,0.98979,5
1779765360,0.98979,0.98983,0.98979,0.98981,17
1779765420,0.98987,0.98989,0.98985,0.98988,30
1779765480,0.98988,0.98994,0.98988,0.9899,43
1779765540,0.98995,0.99001,0.98995,0.99,25
1779765600,0.98992,0.98999,0.98992,0.98996,53
1779765660,0.99002,0.99002,0.98998,0.98998,4
1779765720,0.99007,0.99007,0.99007,0.99007,3
1779765780,0.99003,0.99009,0.99003,0.99003,17
1779765840,0.9901,0.99011,0.99008,0.99008,18
1779765900,0.99011,0.99019,0.99011,0.99015,44
1779765960,0.9902,0.99023,0.99019,0.99023,30
1779766020,0.99013,0.99013,0.99004,0.99005,45
1779766080,0.98999,0.99002,0.98999,0.99002,5
1779766140,0.99003,0.99003,0.99001,0.99001,10
1779766200,0.98996,0.98999,0.98996,0.98997,12
1779766260,0.98995,0.98997,0.98995,0.98995,17
1779766320,0.99001,0.99005,0.99001,0.99004,34
1779766380,0.98997,0.98999,0.98996,0.98999,41
1779766440,0.98999,0.98999,0.98999,0.98999,3
1779766500,0.98998,0.98999,0.98995,0.98997,14
1779766560,0.98997,0.98998,0.98996,0.98997,18
1779766620,0.98997,0.98999,0.98997,0.98999,16
1779766680,0.98999,0.98999,0.98996,0.98997,46
1779766740,0.98997,0.98998,0.98993,0.98994,36
1779766800,0.9899,0.98994,0.98989,0.98993,37
1779766860,0.98995,0.98995,0.98993,0.98993,4
1779766920,0.98994,0.98995,0.98994,0.98995,6
1779766980,0.98992,0.98993,0.98991,0.98993,9
1779767040,0.99001,0.99013,0.98999,0.99013,32
1779767100,0.99012,0.99012,0.99006,0.99007,26
1779767160,0.99002,0.99006,0.99002,0.99006,23
1779767220,0.99013,0.99016,0.99008,0.99008,34
1779767280,0.99008,0.99008,0.99008,0.99008,2
1779767340,0.99003,0.99003,0.99002,0.99002,3
1779767400,0.9901,0.99012,0.99008,0.99008,19
1779767460,0.9901,0.99011,0.99004,0.99004,18
1779767520,0.99002,0.99003,0.98999,0.99003,28
1779767580,0.9901,0.9901,0.99001,0.99001,17
1779767640,0.99001,0.99005,0.99001,0.99003,22
1779767700,0.99005,0.99005,0.99004,0.99004,6
1779767760,0.99004,0.99004,0.99002,0.99004,6
1779767820,0.99004,0.99004,0.99,0.99001,22
1779767880,0.99002,0.99002,0.98999,0.99002,14
1779767940,0.99005,0.99007,0.99005,0.99005,18
1779768000,0.99002,0.99003,0.99002,0.99003,4
1779768060,0.99005,0.99005,0.99002,0.99005,10
1779768120,0.99008,0.99009,0.99008,0.99009,7
1779768180,0.9901,0.9901,0.98984,0.98985,20
1779768240,0.98981,0.98982,0.98972,0.98976,30
1779768300,0.98975,0.98981,0.98973,0.98981,19
1779768360,0.98974,0.98978,0.98973,0.98977,25
1779768420,0.98978,0.98978,0.98978,0.98978,2
1779768480,0.98989,0.9899,0.98988,0.9899,14
1779768540,0.98992,0.98992,0.98987,0.98989,21
1779768600,0.98984,0.98988,0.98984,0.98988,17
1779768660,0.98985,0.98989,0.98985,0.98988,25
1779768720,0.98994,0.98996,0.98992,0.98993,27
1779768780,0.98989,0.98993,0.98989,0.98993,5
1779768840,0.98996,0.98998,0.98996,0.98998,6
1779768900,0.99001,0.99002,0.98999,0.98999,14
1779768960,0.98999,0.99005,0.98999,0.99004,16
1779769020,0.98997,0.99001,0.98996,0.99001,10
1779769080,0.99002,0.99002,0.98997,0.98997,23
1779769140,0.99,0.99002,0.98998,0.98998,26
1779769200,0.98998,0.98999,0.98998,0.98998,3
1779769260,0.99,0.99001,0.98999,0.99001,8
1779769320,0.99002,0.99004,0.98997,0.98998,16
1779769380,0.98999,0.98999,0.98994,0.98995,18
1779769440,0.98991,0.98999,0.98991,0.98997,27
1779769500,0.98994,0.98996,0.9899,0.9899,35
1779769560,0.98991,0.98995,0.9899,0.98991,21
1779769620,0.98992,0.98992,0.98991,0.98991,11
1779769680,0.98991,0.98991,0.98983,0.98984,12
1779769740,0.98987,0.98987,0.98982,0.98983,21
1779769800,0.98978,0.98978,0.98974,0.98976,20
1779769860,0.9897,0.98973,0.98968,0.98971,13
1779769920,0.98971,0.98971,0.9897,0.98971,5
1779769980,0.98974,0.98976,0.98974,0.98974,8
1779770040,0.98958,0.98962,0.98957,0.98961,25
1779770100,0.98961,0.98964,0.98959,0.98962,21
1779770160,0.98957,0.98962,0.98954,0.98959,25
1779770220,0.98949,0.98949,0.9894,0.98944,37
1779770280,0.98942,0.98944,0.98935,0.98935,60
1779770340,0.98934,0.98934,0.98934,0.98934,1
1779770400,0.98931,0.98931,0.98923,0.98929,26
1779770460,0.98935,0.98938,0.98935,0.98936,17
1779770520,0.98934,0.98934,0.9892,0.9892,24
1779770580,0.98908,0.98913,0.98908,0.98908,36
1779770640,0.98909,0.98909,0.98909,0.98909,1
1779770700,0.98918,0.98918,0.98915,0.98916,7
1779770760,0.9892,0.98923,0.98918,0.98923,23
1779770820,0.98928,0.98929,0.98927,0.98929,6
1779770880,0.9892,0.98922,0.98919,0.9892,20
1779770940,0.98916,0.98918,0.98916,0.98916,20
1779771000,0.98922,0.98924,0.98919,0.98923,30
1779771060,0.98921,0.98921,0.98921,0.98921,2
1779771120,0.98918,0.98918,0.98916,0.98916,11
1779771180,0.98913,0.9892,0.98913,0.98919,29
1779771240,0.98918,0.98922,0.98917,0.9892,17
1779771300,0.98918,0.98918,0.98907,0.98909,25
1779771360,0.98903,0.98907,0.98902,0.98905,23
1779771420,0.98905,0.98908,0.98903,0.98907,27
1779771480,0.98909,0.98909,0.98909,0.98909,2
1779771540,0.9891,0.9891,0.98903,0.98905,12
1779771600,0.98895,0.98897,0.98891,0.98894,34
1779771660,0.98888,0.98888,0.98882,0.98884,19
1779771720,0.98875,0.98877,0.98872,0.98873,23
1779771780,0.98874,0.98874,0.98866,0.98868,38
1779771840,0.9886,0.9886,0.9886,0.9886,1
1779771900,0.98847,0.98852,0.98847,0.98851,10
1779771960,0.98852,0.98858,0.98849,0.98855,16
1779772020,0.98856,0.98856,0.98854,0.98855,11
1779772080,0.98865,0.98875,0.98865,0.98874,32
1779772140,0.98871,0.98879,0.9887,0.98878,40
1779772200,0.9887,0.98876,0.98866,0.98867,45
1779772260,0.98867,0.98868,0.98865,0.98867,8
1779772320,0.98867,0.98867,0.98865,0.98867,17
1779772380,0.98873,0.98874,0.98872,0.98873,22
1779772440,0.98874,0.98874,0.98871,0.98872,21
1779772500,0.98876,0.98886,0.98874,0.98883,30
1779772560,0.98887,0.98887,0.98887,0.98887,2
1779772620,0.98896,0.98896,0.98895,0.98895,9
1779772680,0.98892,0.98899,0.98892,0.98896,21
1779772740,0.98888,0.98892,0.98888,0.9889,17
1779772800,0.98882,0.98888,0.98881,0.98888,35
1779772860,0.9889,0.98892,0.98887,0.98892,24
1779772920,0.98889,0.98889,0.98889,0.98889,3
1779772980,0.9889,0.9889,0.9889,0.9889,1
1779773040,0.98888,0.98891,0.98887,0.98891,9
1779773100,0.98889,0.98892,0.98888,0.98892,7
1779773160,0.98892,0.98892,0.9889,0.9889,6
1779773220,0.98895,0.989,0.98895,0.98898,38
1779773280,0.98889,0.98891,0.98885,0.98887,36
1779773340,0.98894,0.98899,0.98894,0.98898,48
1779773400,0.98894,0.98902,0.98894,0.98902,16
1779773460,0.98911,0.98911,0.98904,0.98906,24
1779773520,0.98904,0.98909,0.98904,0.98909,17
1779773580,0.98909,0.98913,0.98909,0.98911,43
1779773640,0.98905,0.98909,0.98902,0.98908,59
1779773700,0.98911,0.98911,0.98903,0.98904,36
1779773760,0.98905,0.98905,0.98901,0.98903,8
1779773820,0.98905,0.98906,0.98903,0.98904,13
1779773880,0.98902,0.98902,0.989,0.98901,16
1779773940,0.98907,0.98913,0.98907,0.98907,28
1779774000,0.9891,0.98914,0.98908,0.98909,36
1779774060,0.98902,0.98903,0.98894,0.98894,40
1779774120,0.98894,0.98894,0.98891,0.98894,12
1779774180,0.98897,0.98901,0.98895,0.98899,9
1779774240,0.98904,0.98907,0.98904,0.98905,21
1779774300,0.98903,0.98903,0.98899,0.989,20
1779774360,0.98901,0.98907,0.989,0.98904,40
1779774420,0.98894,0.98895,0.98892,0.98894,15
1779774480,0.98893,0.98894,0.98893,0.98893,9
1779774540,0.98902,0.98904,0.98902,0.98904,8
1779774600,0.98897,0.989,0.98897,0.98898,11
1779774660,0.98903,0.98904,0.98899,0.98901,26
1779774720,0.98895,0.98898,0.98894,0.98896,34
1779774780,0.98894,0.98898,0.98888,0.98888,49
1779774840,0.9889,0.9889,0.9889,0.9889,1
1779774900,0.98893,0.98897,0.98893,0.98894,11
1779774960,0.98888,0.98893,0.98888,0.98893,9
1779775020,0.98895,0.989,0.98895,0.98896,18
1779775080,0.989,0.989,0.98899,0.989,8
1779775140,0.98906,0.98906,0.98899,0.98901,29
1779775200,0.98901,0.98903,0.98892,0.98901,74
1779775260,0.98896,0.98899,0.98894,0.98896,60
1779775320,0.98891,0.98892,0.98891,0.98892,9
1779775380,0.98911,0.98911,0.98909,0.98909,7
1779775440,0.98902,0.98903,0.98901,0.98903,12
1779775500,0.98906,0.98914,0.98906,0.98914,21
1779775560,0.98919,0.98921,0.98912,0.98913,40
1779775620,0.9891,0.98914,0.98908,0.98913,38
1779775680,0.9892,0.9892,0.98918,0.98918,4
1779775740,0.98906,0.98906,0.98904,0.98905,7
1779775800,0.98905,0.98905,0.98901,0.98902,13
1779775860,0.98922,0.9893,0.98922,0.9893,25
1779775920,0.98923,0.98923,0.9892,0.9892,29
1779775980,0.98916,0.98923,0.98916,0.98923,34
1779776040,0.98924,0.98929,0.98923,0.98928,39
1779776100,0.98931,0.98931,0.98926,0.98926,7
1779776160,0.9892,0.98922,0.9892,0.98921,9
1779776220,0.98923,0.98924,0.98916,0.98918,26
1779776280,0.98917,0.9892,0.98913,0.98913,32
1779776340,0.98916,0.98917,0.98911,0.98913,32
1779776400,0.98917,0.9892,0.98915,0.9892,52
1779776460,0.98918,0.98921,0.98916,0.98921,42
1779776520,0.9892,0.9892,0.98918,0.98918,7
1779776580,0.9892,0.9892,0.98916,0.98916,11
1779776640,0.98924,0.9893,0.98924,0.98926,28
1779776700,0.98952,0.98965,0.98952,0.98965,42
1779776760,0.98973,0.98982,0.98971,0.98978,49
1779776820,0.98986,0.98988,0.98976,0.98984,46
1779776880,0.9899,0.98991,0.9899,0.98991,4
1779776940,0.98947,0.98947,0.98934,0.98941,31
1779777000,0.98941,0.98951,0.9894,0.98951,42
1779777060,0.98948,0.98949,0.98945,0.98949,41
1779777120,0.98942,0.98944,0.98937,0.98942,54
1779777180,0.98933,0.98953,0.98933,0.98951,52
1779777240,0.98954,0.98956,0.98943,0.98943,65
1779777300,0.98947,0.98953,0.98947,0.98953,10
1779777360,0.98957,0.98957,0.98954,0.98955,22
1779777420,0.98963,0.98964,0.98961,0.98964,29
1779777480,0.98964,0.98965,0.98957,0.98958,19
1779777540,0.98965,0.98974,0.98965,0.98973,31
1779777600,0.98971,0.98972,0.98962,0.98962,65
1779777660,0.98967,0.9897,0.98967,0.98969,8
1779777720,0.98959,0.98962,0.98958,0.98962,12
1779777780,0.98958,0.98959,0.98954,0.98954,17
1779777840,0.9896,0.98962,0.98958,0.98959,17
1779777900,0.98971,0.98973,0.98965,0.9897,44
1779777960,0.98957,0.98959,0.98955,0.98956,34
1779778020,0.98958,0.98958,0.98954,0.98958,43
1779778080,0.9896,0.98964,0.98959,0.98962,41
1779778140,0.98966,0.98966,0.98964,0.98964,11
1779778200,0.98956,0.98965,0.98955,0.98965,26
1779778260,0.98964,0.9897,0.98963,0.9897,32
1779778320,0.98969,0.98977,0.98969,0.98977,38
1779778380,0.98969,0.98973,0.98969,0.98972,45
1779778440,0.98973,0.98974,0.98969,0.98971,30
1779778500,0.98972,0.98975,0.98971,0.98973,11
1779778560,0.98972,0.98974,0.98971,0.98971,23
1779778620,0.98988,0.9899,0.98987,0.98989,14
1779778680,0.9898,0.98984,0.98979,0.98981,23
1779778740,0.98964,0.98964,0.98955,0.98955,53
1779778800,0.98959,0.98965,0.98955,0.98963,66
1779778860,0.98954,0.98955,0.98954,0.98955,3
1779778920,0.98955,0.98956,0.9895,0.98954,16
1779778980,0.98957,0.98958,0.98946,0.98946,31
1779779040,0.98919,0.98919,0.98893,0.98893,52
1779779100,0.98883,0.9889,0.98878,0.98884,66
1779779160,0.98859,0.98902,0.98846,0.98902,165
1779779220,0.98902,0.98931,0.98898,0.98928,115
1779779280,0.98926,0.98931,0.98888,0.98891,125
1779779340,0.98889,0.98891,0.98874,0.98874,116
1779779400,0.98871,0.98912,0.98871,0.98911,114
1779779460,0.98905,0.98916,0.98905,0.98911,93
1779779520,0.98911,0.98923,0.98908,0.98913,116
1779779580,0.98913,0.98916,0.989,0.98914,101
1779779640,0.98911,0.98925,0.98911,0.98916,95
1779779700,0.98916,0.98916,0.98901,0.98905,132
1779779760,0.98903,0.98913,0.98903,0.98909,126
1779779820,0.98908,0.9891,0.98898,0.98899,101
1779779880,0.98899,0.98912,0.98899,0.98904,111
1779779940,0.98905,0.98905,0.98892,0.98895,129
1779780000,0.98897,0.98901,0.98892,0.98897,97
1779780060,0.98898,0.98905,0.98885,0.98885,100
1779780120,0.98883,0.98894,0.9888,0.98894,88
1779780180,0.98897,0.98901,0.98891,0.98892,82
1779780240,0.98893,0.989,0.98887,0.9889,98
1779780300,0.98892,0.98892,0.9887,0.98881,111
1779780360,0.98882,0.98896,0.98877,0.9889,79
1779780420,0.98889,0.98892,0.98876,0.98879,87
1779780480,0.9888,0.98885,0.98874,0.98878,97
1779780540,0.98874,0.98878,0.98861,0.98872,103
1779780600,0.98873,0.98873,0.98854,0.98867,140
1779780660,0.98862,0.98906,0.98861,0.98904,140
1779780720,0.98901,0.98913,0.98851,0.98851,189
1779780780,0.98854,0.98854,0.98824,0.98849,154
1779780840,0.98846,0.98852,0.98835,0.98844,101
1779780900,0.98847,0.98848,0.98825,0.98842,126
1779780960,0.98843,0.98849,0.98837,0.98843,104
1779781020,0.98842,0.98845,0.98823,0.98823,98
1779781080,0.98824,0.98834,0.98819,0.98828,88
1779781140,0.98828,0.98839,0.98823,0.98833,115
1779781200,0.98833,0.98846,0.98826,0.98846,107
1779781260,0.98845,0.98845,0.98833,0.98835,102
1779781320,0.98836,0.98841,0.9883,0.98832,99
1779781380,0.98832,0.98841,0.98831,0.98832,90
1779781440,0.98831,0.98836,0.98828,0.98834,95
1779781500,0.98833,0.98837,0.98824,0.98825,102
1779781560,0.98824,0.98837,0.9882,0.98837,100
1779781620,0.98837,0.98844,0.98837,0.98838,93
1779781680,0.98839,0.98865,0.98839,0.98864,73
1779781740,0.98865,0.98886,0.98863,0.98885,110
1779781800,0.98885,0.98894,0.98881,0.98887,104
1779781860,0.98888,0.98889,0.98864,0.98864,115
1779781920,0.98865,0.98867,0.98851,0.98853,78
1779781980,0.98853,0.98855,0.98846,0.98855,140
1779782040,0.98853,0.98854,0.98846,0.98847,107
1779782100,0.98846,0.98855,0.98844,0.98844,145
1779782160,0.98843,0.98851,0.98839,0.98849,113
1779782220,0.9885,0.98882,0.9885,0.98879,114
1779782280,0.9888,0.98884,0.98874,0.98883,139
1779782340,0.98883,0.98895,0.98883,0.98887,128
1779782400,0.98894,0.989,0.98853,0.98853,188
1779782460,0.98854,0.98872,0.9885,0.98867,122
1779782520,0.98866,0.98879,0.98866,0.98874,135
1779782580,0.98874,0.98885,0.98869,0.98885,139
1779782640,0.98884,0.98891,0.98882,0.98891,96
1779782700,0.98891,0.98902,0.9889,0.98896,106
1779782760,0.98897,0.98897,0.98884,0.98885,110
1779782820,0.98888,0.98892,0.98885,0.98888,95
1779782880,0.98888,0.98888,0.98875,0.98878,108
1779782940,0.98876,0.98885,0.98874,0.98874,103
1779783000,0.98874,0.98886,0.98869,0.98886,118
1779783060,0.98885,0.98902,0.98885,0.989,116
1779783120,0.98896,0.98902,0.98892,0.98899,116
1779783180,0.98899,0.98901,0.98875,0.98875,97
1779783300,0.98881,0.98881,0.98879,0.98879,10
1779783360,0.98883,0.98883,0.9888,0.98881,14
1779783420,0.98867,0.98872,0.98866,0.98871,37
1779783480,0.9888,0.98886,0.98878,0.98884,35
1779783540,0.98885,0.98895,0.98885,0.98894,51
1779783600,0.98886,0.98886,0.9888,0.98884,43
1779783660,0.98883,0.98884,0.98881,0.98884,15
1779783720,0.98889,0.9889,0.98889,0.9889,11
1779783780,0.98892,0.98892,0.9889,0.9889,16
1779783840,0.98891,0.98895,0.98888,0.98892,51
1779783900,0.989,0.98901,0.9889,0.98893,34
1779783960,0.98895,0.98895,0.9889,0.98893,61
1779784020,0.98888,0.98888,0.98882,0.98882,9
1779784080,0.98886,0.98887,0.98884,0.98884,12
1779784140,0.98883,0.98887,0.98882,0.98884,36
1779784200,0.98884,0.98887,0.98881,0.98884,34
1779784260,0.98886,0.98899,0.98884,0.98892,39
1779784320,0.98888,0.98891,0.9888,0.98881,43
1779784380,0.98874,0.98879,0.98874,0.98878,35
1779784440,0.98876,0.98876,0.98874,0.98876,5
1779784500,0.98874,0.98874,0.9887,0.9887,7
1779784560,0.98869,0.98877,0.98869,0.98877,26
1779784620,0.98877,0.98882,0.98875,0.9888,38
1779784680,0.98893,0.98896,0.98889,0.98891,26
1779784740,0.98887,0.98893,0.98886,0.98893,38
1779784800,0.98884,0.98884,0.98883,0.98883,4
1779784860,0.98879,0.98887,0.98879,0.98886,12
1779784920,0.98882,0.98885,0.9888,0.98884,31
1779784980,0.98883,0.98883,0.98876,0.98876,26
1779785040,0.98864,0.98869,0.9886,0.98866,48
1779785100,0.98862,0.98866,0.98857,0.9886,45
1779785160,0.98862,0.98862,0.98862,0.98862,3
1779785220,0.98869,0.98871,0.98869,0.98871,6
1779785280,0.98868,0.98868,0.98864,0.98867,19
1779785340,0.98865,0.98866,0.98864,0.98865,9
1779785400,0.98856,0.98856,0.98848,0.98852,31
1779785460,0.98852,0.98858,0.98851,0.98854,53
1779785520,0.98857,0.98865,0.98857,0.98859,47
1779785580,0.98858,0.98858,0.98856,0.98856,3
1779785640,0.98876,0.98878,0.98875,0.98875,13
1779785700,0.98885,0.98887,0.98885,0.98887,14
1779785760,0.98878,0.98881,0.98874,0.98879,20
1779785820,0.9887,0.98872,0.98868,0.9887,24
1779785880,0.98872,0.98874,0.98869,0.98871,32
1779785940,0.98873,0.98875,0.98869,0.98873,35
1779786000,0.98877,0.98878,0.98864,0.98865,73
1779786060,0.98876,0.98879,0.98875,0.98879,10
1779786120,0.98877,0.98877,0.98875,0.98876,16
1779786180,0.98862,0.98862,0.98851,0.98851,18
1779786240,0.98848,0.98861,0.98845,0.98861,50
1779786300,0.98861,0.98861,0.98854,0.98855,57
1779786360,0.98859,0.98861,0.98856,0.98859,55
1779786420,0.98853,0.98854,0.98851,0.98854,8
1779786480,0.98827,0.98832,0.98827,0.98831,17
1779786540,0.98833,0.98833,0.9883,0.9883,11
1779786600,0.98831,0.98833,0.98829,0.98831,18
1779786660,0.98831,0.98832,0.9883,0.9883,24
1779786720,0.9885,0.98856,0.98846,0.98856,52
1779786780,0.98855,0.98857,0.98853,0.98854,34
1779786840,0.98848,0.98848,0.98847,0.98847,4
1779786900,0.98841,0.98842,0.98836,0.9884,31
1779786960,0.98837,0.98839,0.98837,0.98838,8
1779787020,0.98851,0.98868,0.9885,0.98865,65
1779787080,0.98855,0.98863,0.98853,0.98861,49
1779787140,0.98854,0.98863,0.98852,0.98862,44
1779787200,0.98858,0.9886,0.98856,0.9886,8
1779787260,0.98862,0.98869,0.98862,0.98869,16
1779787320,0.9887,0.98871,0.98866,0.98868,21
1779787380,0.98855,0.98855,0.98839,0.98839,39
1779787440,0.98843,0.98853,0.98842,0.98853,33
1779787500,0.98849,0.9885,0.98845,0.9885,41
1779787560,0.98849,0.98855,0.98848,0.98855,53
1779787620,0.98858,0.98859,0.98858,0.98859,7
1779787680,0.98866,0.98866,0.98859,0.98859,9
1779787740,0.98859,0.98861,0.98857,0.98859,34
1779787800,0.98875,0.98885,0.98875,0.98883,53
1779787860,0.98877,0.98882,0.98877,0.9888,30
1779787920,0.98884,0.98884,0.98876,0.98878,69
1779787980,0.9888,0.98885,0.9888,0.98884,13
1779788040,0.9889,0.98895,0.98889,0.98893,22
1779788100,0.98889,0.98891,0.98887,0.9889,21
1779788160,0.98881,0.98882,0.98879,0.98882,28
1779788220,0.98879,0.98881,0.98879,0.98881,18
1779788280,0.98875,0.98879,0.9887,0.98879,44
1779788340,0.98878,0.98878,0.98876,0.98876,5
1779788400,0.98876,0.98878,0.98873,0.98873,17
1779788460,0.9887,0.98875,0.98867,0.98872,29
1779788520,0.98873,0.98875,0.98866,0.98867,25
1779788580,0.98864,0.98864,0.98857,0.98858,31
1779788640,0.98858,0.98858,0.98843,0.98843,50
1779788700,0.98847,0.98847,0.98847,0.98847,2
1779788760,0.98847,0.98849,0.98847,0.98847,9
1779788820,0.98845,0.98853,0.98845,0.98851,22
1779788880,0.98847,0.98852,0.98847,0.98849,20
1779788940,0.98854,0.98861,0.98854,0.9886,22
1779789000,0.98866,0.98867,0.98861,0.98867,38
1779789060,0.98869,0.98871,0.9886,0.98861,41
1779789120,0.98858,0.98858,0.98858,0.98858,2
1779789180,0.98853,0.98857,0.98853,0.98855,9
1779789240,0.98849,0.98849,0.98846,0.98847,12
1779789300,0.98853,0.98863,0.98852,0.98863,34
1779789360,0.98868,0.98873,0.98868,0.98871,27
1779789420,0.98872,0.98873,0.98867,0.9887,37
1779789480,0.98863,0.98863,0.98855,0.98858,35
1779789540,0.98856,0.98856,0.98855,0.98856,6
1779789600,0.98858,0.98858,0.98852,0.98852,24
1779789660,0.98864,0.98865,0.98855,0.98857,27
1779789720,0.98862,0.98862,0.98856,0.98857,18
1779789780,0.98852,0.98855,0.98851,0.98855,39
1779789840,0.98852,0.98856,0.98845,0.98846,24
1779789900,0.98843,0.98843,0.98833,0.98836,46
1779789960,0.98839,0.98839,0.98837,0.98839,5
1779790020,0.98839,0.98843,0.98838,0.98841,14
1779790080,0.98844,0.98847,0.98843,0.98847,14
1779790140,0.98847,0.98847,0.98839,0.98839,18
1779790200,0.98843,0.98849,0.98842,0.98849,23
1779790260,0.98853,0.98853,0.98849,0.98851,37
1779790320,0.98854,0.98858,0.98853,0.98855,42
1779790380,0.98859,0.9886,0.98857,0.9886,8
1779790440,0.98856,0.98858,0.98856,0.98856,14
1779790500,0.98858,0.98864,0.98858,0.98864,20
1779790560,0.98854,0.98857,0.98854,0.98856,23
1779790620,0.98856,0.98857,0.98853,0.98854,33
1779790680,0.98854,0.98857,0.98849,0.98857,46
1779790740,0.9886,0.98862,0.98859,0.98859,7
1779790800,0.98869,0.98871,0.98866,0.98869,23
1779790860,0.98867,0.98873,0.98865,0.9887,26
1779790920,0.98873,0.98873,0.98862,0.98864,42
1779790980,0.98866,0.98869,0.98864,0.98866,29
1779791040,0.9886,0.9886,0.9886,0.9886,2
1779791100,0.98865,0.98866,0.98864,0.98865,9
1779791160,0.98867,0.98869,0.98866,0.98867,13
1779791220,0.98878,0.9888,0.98876,0.9888,15
1779791280,0.98883,0.98903,0.98881,0.98893,41
1779791340,0.98892,0.98893,0.98882,0.98883,53
1779791400,0.98888,0.98919,0.98887,0.98905,103
1779791460,0.98914,0.98916,0.98893,0.98895,69
1779791520,0.98901,0.98902,0.989,0.989,9
1779791580,0.98897,0.98902,0.98895,0.98899,29
1779791640,0.98903,0.98907,0.98902,0.98904,40
1779791700,0.98906,0.98909,0.98904,0.98909,26
1779791760,0.98896,0.98899,0.98891,0.98893,54
1779791820,0.98888,0.98895,0.98886,0.98893,47
1779791880,0.98892,0.98892,0.98887,0.98887,56
1779791940,0.98883,0.98884,0.98881,0.98882,18
1779792000,0.98886,0.98888,0.98883,0.98883,37
1779792060,0.98885,0.98889,0.98883,0.98887,37
1779792120,0.98886,0.98893,0.98885,0.98888,27
1779792180,0.9889,0.98899,0.9889,0.98899,42
1779792240,0.98892,0.989,0.98892,0.98898,51
1779792300,0.98908,0.98909,0.98895,0.98899,45
1779792360,0.98901,0.98902,0.98901,0.98902,5
1779792420,0.98893,0.989,0.98887,0.98889,26
1779792480,0.98889,0.98895,0.98888,0.98889,33
1779792540,0.98889,0.98894,0.98888,0.98893,34
1779792600,0.98905,0.98907,0.98903,0.98904,21
1779792660,0.98905,0.98907,0.98893,0.98893,52
1779792720,0.98899,0.98899,0.98899,0.98899,2
1779792780,0.98909,0.98911,0.98909,0.9891,9
1779792840,0.98907,0.98907,0.98903,0.98903,18
1779792900,0.98902,0.98908,0.98901,0.98907,23
1779792960,0.98903,0.98904,0.98899,0.98903,27
1779793020,0.98897,0.98901,0.98895,0.98901,35
1779793080,0.98897,0.98906,0.98897,0.98905,56
1779793140,0.98907,0.98908,0.98907,0.98907,7
1779793200,0.98883,0.98886,0.98883,0.98883,20
1779793260,0.98883,0.98886,0.98881,0.98886,28
1779793320,0.98882,0.98888,0.98882,0.98884,29
1779793380,0.98881,0.98892,0.98881,0.98892,47
1779793440,0.98897,0.98904,0.98896,0.98904,55
1779793500,0.98909,0.98909,0.98909,0.98909,2
1779793560,0.98909,0.98909,0.98907,0.98907,10
1779793620,0.98914,0.98918,0.98914,0.98918,15
1779793680,0.98923,0.98923,0.9892,0.98922,23
1779793740,0.98915,0.98916,0.98912,0.98914,19
1779793800,0.98916,0.98918,0.98913,0.98913,21
1779793860,0.98923,0.9893,0.98921,0.98927,35
1779793920,0.98925,0.98928,0.98922,0.98928,47
1779793980,0.98933,0.98935,0.98933,0.98933,6
1779794040,0.98927,0.98929,0.98925,0.98928,10
1779794100,0.98927,0.98929,0.98926,0.98926,21
1779794160,0.98924,0.98927,0.98922,0.98923,33
1779794220,0.9893,0.98932,0.98927,0.98928,37
1779794280,0.98941,0.98941,0.98937,0.98939,28
1779794340,0.98928,0.98931,0.98928,0.9893,7
1779794400,0.98933,0.98937,0.98933,0.98934,22
1779794460,0.98933,0.98933,0.98928,0.98928,14
1779794520,0.98931,0.98933,0.98928,0.98933,26
1779794580,0.98938,0.98943,0.98936,0.9894,35
1779794640,0.98941,0.98944,0.98939,0.98942,20
1779794700,0.98943,0.98943,0.98943,0.98943,1
1779794760,0.98943,0.98943,0.98943,0.98943,1
1779794820,0.98934,0.98935,0.98928,0.98932,27
1779794880,0.98929,0.98939,0.98929,0.98937,28
1779794940,0.98939,0.98941,0.98938,0.98938,21
1779795000,0.98938,0.98941,0.98937,0.98939,26
1779795060,0.98942,0.98947,0.98942,0.98943,30
1779795120,0.98939,0.98955,0.98938,0.98951,57
1779795180,0.98956,0.98958,0.98955,0.98956,8
1779795240,0.98949,0.98951,0.98926,0.98932,31
1779795300,0.9891,0.98918,0.9891,0.98916,39
1779795360,0.98875,0.98893,0.98871,0.98893,76
1779795420,0.98886,0.98897,0.9888,0.98893,66
1779795480,0.98899,0.98904,0.98898,0.98901,37
1779795540,0.98908,0.98911,0.98907,0.98911,10
1779795600,0.98917,0.98917,0.98915,0.98916,9
1779795660,0.9891,0.98913,0.9891,0.98913,10
1779795720,0.98917,0.98918,0.9891,0.9891,17
1779795780,0.98909,0.9892,0.98906,0.98919,45
1779795840,0.98929,0.98929,0.98923,0.98924,26
1779795900,0.98926,0.98928,0.98913,0.98913,65
1779795960,0.98914,0.98914,0.98912,0.98912,8
1779796020,0.98928,0.98932,0.98927,0.98931,19
1779796080,0.98939,0.9894,0.98931,0.98931,23
1779796140,0.98934,0.98936,0.98933,0.98933,23
1779796200,0.98927,0.98934,0.98924,0.98933,41
1779796260,0.98942,0.98951,0.98942,0.9895,40
1779796320,0.98939,0.98946,0.98939,0.98942,56
1779796380,0.98951,0.98951,0.98949,0.9895,15
1779796440,0.98947,0.98947,0.98942,0.98943,21
1779796500,0.98932,0.9894,0.98932,0.98938,28
1779796560,0.98937,0.98946,0.98936,0.98946,33
1779796620,0.98955,0.98956,0.9895,0.98955,37
1779796680,0.98953,0.98955,0.9895,0.9895,49
1779796740,0.98952,0.98952,0.98949,0.98949,8
1779796800,0.98943,0.98951,0.98942,0.98943,32
1779796860,0.98939,0.98945,0.98939,0.98945,21
1779796920,0.98955,0.98958,0.98952,0.98958,36
1779796980,0.9896,0.98963,0.98959,0.98959,30
1779797040,0.9896,0.9896,0.9895,0.98956,51
1779797100,0.98954,0.98955,0.98954,0.98955,3
1779797160,0.98964,0.9897,0.98963,0.9897,20
1779797220,0.98971,0.98972,0.98964,0.98965,19
1779797280,0.9896,0.98962,0.98951,0.98951,30
1779797340,0.98941,0.98962,0.98931,0.98959,61
1779797400,0.98968,0.98969,0.98952,0.98954,48
1779797460,0.98964,0.98965,0.98961,0.98962,36
1779797520,0.98963,0.98968,0.98963,0.98965,8
1779797580,0.98981,0.98981,0.9898,0.98981,12
1779797640,0.98967,0.98967,0.98963,0.98963,11
1779797700,0.98959,0.98959,0.98955,0.98958,22
1779797760,0.9897,0.98976,0.98968,0.98971,34
1779797820,0.98966,0.98967,0.98964,0.98966,26
1779797880,0.98961,0.98961,0.98957,0.98959,43
1779797940,0.98963,0.98972,0.98962,0.98972,41
1779798000,0.98975,0.98981,0.98975,0.98978,18
1779798060,0.98987,0.98988,0.98986,0.98987,21
1779798120,0.98991,0.98995,0.98989,0.98993,24
1779798180,0.99007,0.99011,0.99006,0.99011,36
1779798240,0.99005,0.99007,0.99003,0.99005,31
1779798300,0.99006,0.99008,0.99003,0.99007,51
1779798360,0.99016,0.99016,0.99016,0.99016,1
1779798420,0.99006,0.99011,0.99006,0.9901,13
1779798480,0.99013,0.99018,0.99013,0.99018,7
1779798540,0.99025,0.9903,0.99024,0.99029,23
1779798600,0.99028,0.99029,0.99017,0.99018,20
1779798660,0.99013,0.99016,0.99011,0.99015,33
1779798720,0.9902,0.99021,0.99015,0.99019,35
1779798780,0.99023,0.99023,0.9902,0.99022,6
1779798840,0.9902,0.99025,0.9902,0.99024,9
1779798900,0.99029,0.99029,0.99017,0.9902,23
1779798960,0.99014,0.99015,0.99012,0.99014,22
1779799020,0.99016,0.99016,0.99011,0.99015,45
1779799080,0.99018,0.99024,0.99016,0.99023,46
1779799140,0.99016,0.99016,0.99014,0.99016,9
1779799200,0.99015,0.99021,0.99015,0.99021,17
1779799260,0.99033,0.99035,0.99032,0.99033,19
1779799320,0.99042,0.99042,0.9904,0.99042,18
1779799380,0.99059,0.99062,0.99055,0.9906,40
1779799440,0.99053,0.99058,0.99045,0.99046,48
1779799500,0.99045,0.99047,0.99032,0.99037,50
1779799560,0.99039,0.99041,0.99039,0.99041,9
1779799620,0.99038,0.99041,0.99038,0.99039,16
1779799680,0.99033,0.99036,0.99032,0.99035,18
1779799740,0.99044,0.99048,0.99041,0.99047,27
1779799800,0.99047,0.99054,0.99047,0.9905,53
1779799860,0.99056,0.99058,0.99053,0.99058,41
1779799920,0.9906,0.99063,0.99051,0.99052,58
1779799980,0.99047,0.9905,0.99047,0.9905,6
1779800040,0.99044,0.99044,0.99041,0.99042,15
1779800100,0.99042,0.99044,0.99042,0.99042,26
1779800160,0.9904,0.99046,0.9904,0.99044,38
1779800220,0.9904,0.99047,0.99039,0.99047,33
1779800280,0.99056,0.99056,0.99043,0.99043,38
1779800340,0.99054,0.99055,0.99049,0.99049,20
1779800400,0.99041,0.99044,0.99041,0.99043,11
1779800460,0.99047,0.99053,0.99047,0.9905,19
1779800520,0.99048,0.99052,0.99046,0.99051,25
1779800580,0.99042,0.99051,0.99042,0.99051,20
1779800640,0.99047,0.99053,0.99047,0.99053,32
1779800700,0.99047,0.99047,0.99039,0.99043,53
1779800760,0.99042,0.99052,0.99042,0.99051,54
1779800820,0.99054,0.99056,0.99054,0.99056,6
1779800880,0.99057,0.99057,0.99054,0.99056,16
1779800940,0.99067,0.99068,0.99067,0.99068,11
1779801000,0.99073,0.99073,0.99066,0.99069,38
1779801060,0.99067,0.99067,0.99058,0.99058,56
1779801120,0.99065,0.99065,0.99049,0.9905,65
1779801180,0.99056,0.99059,0.99056,0.99059,7
1779801240,0.99054,0.99057,0.99051,0.99055,21
1779801300,0.99059,0.99059,0.99048,0.99049,34
1779801360,0.99055,0.99057,0.99053,0.99054,27
1779801420,0.99053,0.99059,0.99051,0.99059,39
1779801480,0.99059,0.99067,0.99059,0.99062,67
1779801540,0.99067,0.9907,0.99067,0.9907,9
1779801600,0.99064,0.99069,0.99061,0.99068,22
1779801660,0.99087,0.99093,0.99085,0.99093,31
1779801720,0.99094,0.99099,0.99094,0.99099,34
1779801780,0.99108,0.99108,0.99105,0.99108,30
1779801840,0.99113,0.99116,0.99107,0.99114,62
1779801900,0.99112,0.99114,0.99112,0.99114,3
1779801960,0.99099,0.99099,0.99096,0.99096,9
1779802020,0.99085,0.99088,0.99085,0.99085,16
1779802080,0.99084,0.99084,0.99071,0.99074,40
1779802140,0.99069,0.99073,0.99067,0.99072,38
1779802200,0.99069,0.99092,0.99069,0.99087,70
1779802260,0.9908,0.9908,0.99079,0.99079,4
1779802320,0.99056,0.99063,0.99056,0.99063,17
1779802380,0.9905,0.99052,0.99044,0.99044,32
1779802440,0.99031,0.99038,0.99031,0.99036,32
1779802500,0.99025,0.99028,0.99019,0.99019,56
1779802560,0.99007,0.99008,0.99003,0.99006,82
1779802620,0.99013,0.99026,0.99012,0.99026,66
1779802680,0.99031,0.99031,0.99031,0.99031,2
1779802740,0.99016,0.99016,0.99013,0.99013,8
1779802800,0.99018,0.99034,0.99015,0.99027,42
1779802860,0.99029,0.99041,0.99026,0.99035,38
1779802920,0.99023,0.99026,0.99019,0.9902,56
1779802980,0.99025,0.99043,0.99024,0.99039,58
1779803040,0.99036,0.99036,0.99036,0.99036,2
1779803100,0.99028,0.99033,0.99028,0.99033,8
1779803160,0.99034,0.99036,0.99031,0.99033,31
1779803220,0.99068,0.99069,0.99061,0.99068,45
1779803280,0.99048,0.99055,0.99044,0.99045,62
1779803340,0.99041,0.99053,0.99041,0.99053,38
1779803400,0.99049,0.99049,0.99049,0.99049,1
1779803460,0.99014,0.99014,0.99001,0.99005,21
1779803520,0.98996,0.98996,0.98994,0.98995,24
1779803580,0.98993,0.98996,0.98983,0.98985,45
1779803640,0.98935,0.98945,0.98935,0.98942,52
1779803700,0.98955,0.98963,0.98947,0.98961,71
1779803760,0.98968,0.98977,0.98966,0.98976,82
1779803820,0.98982,0.9899,0.9898,0.98989,77
1779803880,0.98978,0.98981,0.98977,0.9898,15
1779803940,0.98977,0.98979,0.98973,0.98976,25
1779804000,0.98977,0.98978,0.98969,0.98975,49
1779804060,0.98961,0.98971,0.9896,0.98967,69
1779804120,0.98977,0.98995,0.98977,0.98988,82
1779804180,0.98986,0.98986,0.98986,0.98986,1
1779804240,0.99008,0.99008,0.98999,0.99,14
1779804300,0.98991,0.98991,0.98979,0.98979,28
1779804360,0.98973,0.98976,0.98969,0.98974,34
1779804420,0.98965,0.98977,0.98964,0.98975,45
1779804480,0.98969,0.98976,0.98968,0.98969,55
1779804540,0.98979,0.98984,0.98963,0.98963,111
1779804600,0.98969,0.9897,0.98966,0.9897,9
1779804660,0.98972,0.98973,0.98963,0.98963,23
1779804720,0.98949,0.98954,0.98949,0.98954,11
1779804780,0.98948,0.98959,0.98947,0.98957,46
1779804840,0.9896,0.98962,0.98956,0.98958,46
1779804900,0.98966,0.98968,0.98958,0.98962,69
1779804960,0.98959,0.98969,0.98957,0.98967,76
1779805020,0.98954,0.98954,0.98951,0.98953,10
1779805080,0.98959,0.98962,0.98958,0.9896,24
1779805140,0.98957,0.98958,0.98948,0.98954,32
1779805200,0.98946,0.98951,0.98942,0.98951,29
1779805260,0.9895,0.98955,0.9895,0.98951,61
1779805320,0.98962,0.98977,0.98958,0.98977,57
1779805380,0.98971,0.98971,0.98971,0.98971,2
1779805440,0.98956,0.98964,0.98956,0.98963,15
1779805500,0.98971,0.98979,0.98971,0.98978,30
1779805560,0.98978,0.98978,0.98971,0.98973,38
1779805620,0.98949,0.98953,0.98945,0.98946,43
1779805680,0.98948,0.98954,0.98939,0.98939,62
1779805740,0.98937,0.98937,0.98935,0.98935,3
1779805800,0.98946,0.98949,0.98946,0.98948,14
1779805860,0.98944,0.98949,0.98942,0.98945,39
1779805920,0.98946,0.98951,0.98943,0.98948,48
1779805980,0.98951,0.98951,0.98929,0.98932,66
1779806040,0.98929,0.98939,0.98929,0.98935,69
1779806100,0.98944,0.98945,0.98944,0.98945,3
1779806160,0.98981,0.98983,0.98979,0.98979,10
1779806220,0.98965,0.98966,0.98955,0.98955,35
1779806280,0.98964,0.98965,0.98959,0.9896,39
1779806340,0.98958,0.98958,0.98949,0.98949,44
1779806400,0.98942,0.98947,0.9894,0.98944,47
1779806460,0.9896,0.98961,0.98953,0.98958,55
1779806520,0.98945,0.98945,0.98945,0.98945,1
1779806580,0.98966,0.98966,0.98956,0.98956,16
1779806640,0.98937,0.98937,0.9893,0.9893,25
1779806700,0.98947,0.98949,0.98934,0.98935,35
1779806760,0.98936,0.98937,0.98926,0.98928,43
1779806820,0.9894,0.98943,0.98939,0.98942,66
1779806880,0.98929,0.98931,0.98917,0.98921,92
1779806940,0.98933,0.98934,0.98932,0.98932,5
1779807000,0.98929,0.9893,0.98927,0.9893,21
1779807060,0.98935,0.98936,0.98931,0.98931,41
1779807120,0.9893,0.98931,0.98925,0.98928,48
1779807180,0.98933,0.98939,0.98932,0.98933,48
1779807240,0.98933,0.98941,0.98931,0.98937,62
1779807300,0.98938,0.98939,0.98938,0.98939,4
1779807360,0.98968,0.98968,0.98962,0.98968,21
1779807420,0.98945,0.98945,0.98935,0.98938,34
1779807480,0.98952,0.98961,0.98948,0.9895,48
1779807540,0.98958,0.98966,0.98958,0.98965,39
1779807600,0.98962,0.98962,0.98948,0.98959,68
1779807660,0.98965,0.98972,0.98964,0.98965,64
1779807720,0.98957,0.98957,0.98957,0.98957,2
1779807780,0.98961,0.98961,0.98956,0.98957,15
1779807840,0.9895,0.9895,0.98945,0.98947,13
1779807900,0.98941,0.98943,0.98934,0.98936,34
1779807960,0.98946,0.98946,0.98935,0.98943,56
1779808020,0.98959,0.98963,0.98955,0.98959,56
1779808080,0.98961,0.98969,0.98961,0.98964,73
1779808140,0.98958,0.9896,0.98952,0.98956,79
1779808200,0.9895,0.98952,0.98947,0.98951,9
1779808260,0.9895,0.98956,0.9895,0.98952,27
1779808320,0.98951,0.98959,0.98951,0.98956,22
1779808380,0.98977,0.98977,0.98962,0.98967,44
1779808440,0.98974,0.98978,0.9897,0.98974,50
1779808500,0.98971,0.98974,0.98963,0.98969,81
1779808560,0.98972,0.98974,0.98972,0.98972,8
1779808620,0.98954,0.98956,0.9895,0.9895,24
1779808680,0.98941,0.98944,0.98934,0.98944,39
1779808740,0.98943,0.98952,0.98943,0.98949,48
1779808800,0.98931,0.98937,0.98927,0.98927,58
1779808860,0.98924,0.98925,0.98924,0.98925,3
1779808920,0.98934,0.98934,0.98928,0.98928,9
1779808980,0.98929,0.98929,0.98922,0.98927,16
1779809040,0.98927,0.9893,0.98923,0.98923,31
1779809100,0.98924,0.98932,0.98924,0.98925,43
1779809160,0.98923,0.98933,0.98921,0.98928,47
1779809220,0.98927,0.98927,0.98919,0.9892,47
1779809280,0.9891,0.98927,0.98909,0.98925,71
1779809340,0.98909,0.98914,0.98909,0.98914,6
1779809400,0.98901,0.98909,0.98901,0.98909,25
1779809460,0.98902,0.9891,0.98902,0.98909,29
1779809520,0.98897,0.98905,0.98894,0.98905,40
1779809580,0.98905,0.98918,0.98904,0.98915,41
1779809640,0.98909,0.98914,0.98909,0.98911,68
1779809700,0.98896,0.98902,0.98894,0.989,67
1779809760,0.98894,0.98895,0.98893,0.98893,6
1779809820,0.98867,0.98872,0.98865,0.98868,34
1779809880,0.98861,0.98863,0.98853,0.98856,35
1779809940,0.98862,0.98872,0.98858,0.98872,52
1779810000,0.98874,0.98878,0.98865,0.98865,63
1779810060,0.98862,0.98871,0.98862,0.9887,64
1779810120,0.98868,0.98868,0.98868,0.98868,2
1779810180,0.98875,0.98876,0.98871,0.98871,14
1779810240,0.9887,0.9887,0.98866,0.98869,24
1779810300,0.98861,0.98861,0.98854,0.98857,27
1779810360,0.98864,0.98865,0.98855,0.98855,29
1779810420,0.98858,0.98863,0.98856,0.98863,50
1779810480,0.98865,0.98865,0.98858,0.9886,55
1779810540,0.98857,0.98859,0.98851,0.98851,62
1779810600,0.9885,0.9885,0.98848,0.98848,5
1779810660,0.98856,0.98858,0.98855,0.98858,14
1779810720,0.98852,0.98852,0.98845,0.98849,21
1779810780,0.98854,0.98858,0.98853,0.98858,42
1779810840,0.98853,0.98856,0.98849,0.98852,55
1779810900,0.98849,0.98853,0.98846,0.9885,67
1779810960,0.98842,0.98842,0.98842,0.98842,2
1779811020,0.98843,0.98845,0.98841,0.98842,23
1779811080,0.98843,0.98845,0.98838,0.98841,32
1779811140,0.98843,0.98844,0.9884,0.98842,30
1779811200,0.98846,0.9885,0.9884,0.98844,72
1779811260,0.98848,0.98857,0.98846,0.98856,63
1779811320,0.98872,0.98878,0.98872,0.98877,9
1779811380,0.98869,0.98874,0.98868,0.98869,25
1779811440,0.9887,0.98872,0.98869,0.98872,27
1779811500,0.98872,0.98874,0.9887,0.98873,25
1779811560,0.98878,0.98878,0.98872,0.98873,42
1779811620,0.98871,0.9888,0.98871,0.9888,37
1779811680,0.98881,0.98881,0.98881,0.98881,1
1779811740,0.98873,0.98875,0.98873,0.98875,6
1779811800,0.98884,0.98886,0.9888,0.9888,22
1779811860,0.98883,0.98883,0.98881,0.98881,19
1779811920,0.98886,0.98893,0.98886,0.9889,26
1779811980,0.9888,0.98886,0.9888,0.98886,41
1779812040,0.98884,0.98886,0.9888,0.98881,68
1779812100,0.98879,0.98881,0.98879,0.98879,7
1779812160,0.98879,0.9888,0.98875,0.98878,15
1779812220,0.98883,0.98886,0.98883,0.98886,23
1779812280,0.98884,0.98887,0.9888,0.98885,42
1779812340,0.98893,0.98898,0.98891,0.98895,35
1779812400,0.98903,0.98906,0.98901,0.98905,41
1779812460,0.98903,0.98904,0.98892,0.98892,49
1779812520,0.9889,0.98891,0.98889,0.98891,11
1779812580,0.98896,0.98903,0.98896,0.98903,19
1779812640,0.98903,0.98908,0.98903,0.98908,20
1779812700,0.98908,0.98911,0.98905,0.98911,38
1779812760,0.98907,0.98909,0.98904,0.98908,43
1779812820,0.9891,0.98911,0.98906,0.98906,46
1779812880,0.98907,0.98907,0.98907,0.98907,1
1779812940,0.98919,0.98921,0.98918,0.98919,15
1779813000,0.98921,0.98921,0.98916,0.98917,24
1779813060,0.98929,0.98931,0.98928,0.98929,10
1779813120,0.98928,0.98936,0.98928,0.98936,29
1779813180,0.98936,0.98947,0.98935,0.98942,46
1779813240,0.98942,0.98942,0.98942,0.98942,1
1779813300,0.98939,0.98941,0.98939,0.98939,7
1779813360,0.9894,0.9894,0.98938,0.98938,12
1779813420,0.98928,0.98932,0.98927,0.98927,17
1779813480,0.98913,0.98918,0.98912,0.98917,29
1779813540,0.98925,0.98929,0.98924,0.98924,33
1779813600,0.98925,0.98929,0.98921,0.98923,42
1779813660,0.98921,0.98921,0.98918,0.98918,9
1779813720,0.98917,0.98918,0.98917,0.98917,6
1779813780,0.98904,0.98908,0.98902,0.98907,22
1779813840,0.98904,0.98904,0.98897,0.98897,28
1779813900,0.98888,0.98892,0.98885,0.98892,46
1779813960,0.98878,0.98882,0.98875,0.9888,37
1779814020,0.98884,0.98887,0.9888,0.98883,58
1779814080,0.98879,0.98879,0.98877,0.98879,10
1779814140,0.98865,0.9887,0.98863,0.98866,26
1779814200,0.98871,0.98874,0.9887,0.98874,32
1779814260,0.98889,0.98895,0.98889,0.98893,32
1779814320,0.98902,0.98906,0.98897,0.98906,61
1779814380,0.98917,0.98922,0.98913,0.98915,57
1779814440,0.98912,0.98915,0.98912,0.98915,8
1779814500,0.98915,0.98917,0.98914,0.98916,19
1779814560,0.98922,0.98928,0.98921,0.98925,21
1779814620,0.98924,0.9893,0.98923,0.98928,45
1779814680,0.98915,0.98918,0.98911,0.98917,64
1779814740,0.98922,0.98926,0.9892,0.98926,36
1779814800,0.98929,0.98929,0.98929,0.98929,1
1779814860,0.98927,0.98932,0.98927,0.98931,13
1779814920,0.9894,0.9894,0.98937,0.98938,18
1779814980,0.98942,0.98945,0.98939,0.98944,36
1779815040,0.98946,0.98946,0.98942,0.98942,22
1779815100,0.98937,0.9894,0.98935,0.98935,45
1779815160,0.98935,0.9894,0.98933,0.98933,49
1779815220,0.98938,0.98941,0.98937,0.98938,11
1779815280,0.9893,0.98932,0.98928,0.98932,14
1779815340,0.98924,0.98932,0.98923,0.98929,43
1779815400,0.98924,0.98928,0.9892,0.9892,41
1779815460,0.98928,0.9893,0.98922,0.98923,46
1779815520,0.98926,0.98926,0.98922,0.98922,15
1779815580,0.98924,0.98924,0.98923,0.98924,4
1779815640,0.98927,0.98929,0.98926,0.98928,18
1779815700,0.98924,0.98926,0.98923,0.98925,31
1779815760,0.98924,0.98926,0.98922,0.98926,22
1779815820,0.98925,0.98928,0.98922,0.98922,44
1779815880,0.98919,0.98922,0.98918,0.9892,30
1779815940,0.98917,0.98921,0.98917,0.98919,6
1779816000,0.98917,0.98918,0.98916,0.98917,22
1779816060,0.98922,0.98928,0.98922,0.98924,23
1779816120,0.98924,0.98926,0.98922,0.98924,41
1779816180,0.98923,0.98928,0.98921,0.98926,43
1779816240,0.98926,0.98926,0.98922,0.98924,52
1779816300,0.98924,0.98926,0.98923,0.98923,8
1779816360,0.98924,0.98926,0.98923,0.98924,16
1779816420,0.98927,0.98932,0.98927,0.98931,9
1779816480,0.98942,0.98942,0.98934,0.98934,31
1779816540,0.98939,0.98939,0.98935,0.98936,47
1779816600,0.98935,0.98937,0.98929,0.98936,45
1779816660,0.98936,0.98937,0.98934,0.98934,6
1779816720,0.98955,0.98957,0.9895,0.98956,13
1779816780,0.98961,0.98961,0.98956,0.9896,22
1779816840,0.98953,0.98957,0.98953,0.98955,26
1779816900,0.98958,0.98959,0.98954,0.98957,39
1779816960,0.9896,0.98961,0.98957,0.98958,53
1779817020,0.98955,0.98955,0.98955,0.98955,2
1779817080,0.98957,0.98957,0.98955,0.98956,12
1779817140,0.98963,0.98964,0.9896,0.98962,22
1779817200,0.98955,0.98955,0.98947,0.98947,28
1779817260,0.98944,0.98951,0.98944,0.98946,32
1779817320,0.98949,0.98952,0.98948,0.98952,43
1779817380,0.98947,0.98951,0.98945,0.98945,43
1779817440,0.98949,0.98949,0.98945,0.98945,7
1779817500,0.98943,0.98945,0.98943,0.98944,9
1779817560,0.98948,0.98949,0.98947,0.98947,19
1779817620,0.98941,0.98944,0.98941,0.98944,19
1779817680,0.98949,0.98953,0.98949,0.98952,26
1779817740,0.98954,0.9896,0.98954,0.98957,51
1779817800,0.9896,0.98962,0.98955,0.98955,37
1779817860,0.98959,0.98959,0.98959,0.98959,2
1779817920,0.98969,0.98969,0.98964,0.98966,11
1779817980,0.98967,0.98968,0.98967,0.98967,5
1779818040,0.98971,0.98971,0.98967,0.98967,15
1779818100,0.98967,0.98969,0.98964,0.98967,18
1779818160,0.98967,0.98969,0.98965,0.98968,35
1779818220,0.98968,0.98968,0.98962,0.98964,43
1779818280,0.98968,0.9897,0.98965,0.98968,35
1779818340,0.98967,0.98967,0.98966,0.98966,3
1779818400,0.98963,0.98966,0.98962,0.98962,20
1779818460,0.98964,0.98965,0.98963,0.98964,11
1779818520,0.98962,0.98962,0.98958,0.98958,9
1779818580,0.98948,0.98952,0.98944,0.98952,60
1779818640,0.98953,0.98961,0.98951,0.98956,62
1779818700,0.98963,0.98963,0.98961,0.98961,5
1779818760,0.98957,0.98961,0.98957,0.9896,12
1779818820,0.9896,0.98964,0.9896,0.98964,23
1779818880,0.9896,0.98962,0.9896,0.98961,21
1779818940,0.98967,0.98971,0.98967,0.98969,26
1779819000,0.98971,0.98974,0.98971,0.98971,19
1779819060,0.98979,0.98982,0.98977,0.9898,44
1779819120,0.98984,0.98984,0.98984,0.98984,1
1779819180,0.9898,0.98982,0.9898,0.98982,6
1779819240,0.98985,0.98986,0.98981,0.98981,23
1779819300,0.98981,0.98985,0.98981,0.98984,18
1779819360,0.98977,0.9898,0.98975,0.98977,20
1779819420,0.98973,0.98979,0.98973,0.98975,37
1779819480,0.98987,0.98992,0.98986,0.98992,46
1779819540,0.98995,0.98996,0.98995,0.98995,4
1779819600,0.99001,0.99001,0.98998,0.98998,4
1779819660,0.98996,0.98997,0.98993,0.98995,20
1779819720,0.99,0.99006,0.98999,0.99004,35
1779819780,0.98999,0.99004,0.98999,0.99003,45
1779819840,0.99009,0.99012,0.98998,0.99,35
1779819900,0.99,0.99,0.99,0.99,2
1779819960,0.99001,0.99002,0.99,0.99002,7
1779820020,0.99003,0.99006,0.99002,0.99004,18
1779820080,0.98996,0.99002,0.98989,0.98991,30
1779820140,0.98995,0.99001,0.98993,0.99001,38
1779820200,0.99002,0.99007,0.99,0.99007,45
1779820260,0.99014,0.99014,0.99014,0.99014,2
1779820320,0.99022,0.99022,0.99018,0.99019,18
1779820380,0.99013,0.99017,0.99013,0.99017,32
1779820440,0.99017,0.99018,0.99016,0.99017,29
1779820500,0.99022,0.99022,0.99016,0.99017,27
1779820560,0.99016,0.99017,0.9901,0.9901,53
1779820620,0.99009,0.99009,0.99004,0.99009,40
1779820680,0.99008,0.99016,0.99008,0.99016,11
1779820740,0.99009,0.99009,0.99008,0.99009,11
1779820800,0.99013,0.99015,0.99007,0.99009,26
1779820860,0.99008,0.99008,0.99006,0.99008,22
1779820920,0.99008,0.99008,0.99002,0.99004,44
1779820980,0.99007,0.9901,0.99001,0.99005,41
1779821040,0.99007,0.99009,0.99007,0.99009,4
1779821100,0.9901,0.99015,0.9901,0.99014,21
1779821160,0.99013,0.99014,0.9901,0.99014,24
1779821220,0.99009,0.99009,0.99004,0.99004,24
1779821280,0.99007,0.99011,0.99005,0.99011,22
1779821340,0.9901,0.99012,0.99008,0.99011,31
1779821400,0.99009,0.99011,0.99009,0.9901,3
1779821460,0.99017,0.9902,0.99017,0.9902,14
1779821520,0.99025,0.99025,0.99022,0.99023,18
1779821580,0.99023,0.99026,0.99019,0.99019,42
1779821640,0.99018,0.99018,0.99016,0.99017,29
1779821700,0.99014,0.99016,0.99014,0.99016,30
1779821760,0.99007,0.99009,0.99005,0.99005,40
1779821820,0.99002,0.99002,0.99001,0.99002,6
1779821880,0.99016,0.99019,0.99016,0.99019,13
1779821940,0.99015,0.99016,0.99014,0.99015,27
1779822000,0.99006,0.99006,0.98998,0.98999,32
1779822060,0.98995,0.99,0.98995,0.98999,25
1779822120,0.99002,0.99004,0.99001,0.99004,32
1779822180,0.98995,0.99003,0.98994,0.99002,33
1779822240,0.99002,0.99003,0.99002,0.99003,4
1779822300,0.99005,0.99006,0.99004,0.99006,10
1779822360,0.99,0.99002,0.99,0.99001,10
1779822420,0.98999,0.99001,0.98999,0.98999,16
1779822480,0.99001,0.99005,0.99001,0.99003,21
1779822540,0.99007,0.99013,0.99007,0.99013,32
1779822600,0.99013,0.99013,0.99013,0.99013,1
1779822660,0.99014,0.99015,0.99013,0.99015,9
1779822720,0.99016,0.99016,0.99011,0.99011,16
1779822780,0.99016,0.99017,0.99015,0.99017,29
1779822840,0.99023,0.99023,0.99016,0.99017,34
1779822900,0.99014,0.99014,0.99011,0.99012,35
1779822960,0.99011,0.99011,0.99011,0.99011,1
1779823020,0.99011,0.99015,0.99011,0.99015,9
1779823080,0.99011,0.99012,0.99009,0.99009,12
1779823140,0.99012,0.99012,0.99009,0.99009,16
1779823200,0.99009,0.99011,0.99009,0.99009,27
1779823260,0.9901,0.99011,0.99004,0.99004,33
1779823320,0.99008,0.99016,0.99008,0.99016,32
1779823380,0.99014,0.99018,0.99014,0.99017,8
1779823440,0.99019,0.99019,0.99018,0.99018,6
1779823500,0.99022,0.99023,0.9902,0.9902,20
1779823560,0.99022,0.99022,0.99019,0.99019,22
1779823620,0.99021,0.99024,0.99018,0.99018,27
1779823680,0.9902,0.9902,0.99015,0.99015,23
1779823740,0.99016,0.99019,0.99013,0.99014,45
1779823800,0.99014,0.9902,0.99014,0.99019,9
1779823860,0.99023,0.99024,0.99022,0.99022,8
1779823920,0.99023,0.99024,0.99023,0.99023,6
1779823980,0.99021,0.99022,0.99019,0.99021,16
1779824040,0.99022,0.99027,0.99022,0.99026,31
1779824100,0.99029,0.9903,0.99026,0.99026,20
1779824160,0.99027,0.99033,0.99026,0.99031,41
1779824220,0.99033,0.99033,0.99033,0.99033,1
1779824280,0.9903,0.99031,0.9903,0.99031,4
1779824340,0.99028,0.9903,0.99028,0.9903,4
1779824400,0.99028,0.99031,0.99027,0.99031,19
1779824460,0.99031,0.99033,0.9903,0.99033,17
1779824520,0.99034,0.99036,0.99033,0.99036,23
1779824580,0.99036,0.99036,0.99033,0.99033,18
1779824640,0.99035,0.99035,0.99035,0.99035,1
1779824700,0.99039,0.9904,0.99039,0.9904,7
1779824760,0.99036,0.99037,0.99033,0.99035,9
1779824820,0.99036,0.99036,0.99035,0.99036,17
1779824880,0.99036,0.99036,0.99034,0.99035,16
1779824940,0.99034,0.99039,0.99034,0.99039,26
1779825000,0.99045,0.99049,0.99044,0.99048,36
1779825060,0.99047,0.9905,0.99042,0.99045,29
1779825120,0.99048,0.99048,0.99047,0.99047,4
1779825180,0.99049,0.99049,0.99047,0.99049,14
1779825240,0.99043,0.99044,0.99042,0.99042,15
1779825300,0.99037,0.99042,0.99035,0.99036,32
1779825360,0.99026,0.99026,0.99016,0.9902,43
1779825420,0.99012,0.99017,0.99011,0.99012,48
1779825480,0.99005,0.99005,0.98996,0.98999,77
1779825540,0.98995,0.98995,0.98992,0.98992,7
1779825600,0.98997,0.98997,0.98991,0.98991,12
1779825660,0.9899,0.98996,0.98988,0.98993,30
1779825720,0.98996,0.99006,0.98996,0.99003,47
1779825780,0.99016,0.99016,0.99012,0.99012,15
1779825840,0.99013,0.99014,0.99008,0.99008,22
1779825900,0.99007,0.99011,0.99007,0.99011,12
1779825960,0.98992,0.98993,0.98991,0.98991,20
1779826020,0.98993,0.98994,0.98992,0.98992,17
1779826080,0.98996,0.98996,0.98994,0.98996,15
1779826140,0.98995,0.99001,0.98995,0.99,19
1779826200,0.98995,0.98998,0.98995,0.98995,18
1779826260,0.98997,0.98999,0.98995,0.98997,18
1779826320,0.99001,0.99001,0.99,0.99001,3
1779826380,0.98997,0.98998,0.98996,0.98996,5
1779826440,0.99001,0.99001,0.98997,0.98998,7
1779826500,0.98997,0.99001,0.98995,0.98995,15
1779826560,0.98999,0.99002,0.98999,0.99,10
1779826620,0.99,0.99003,0.99,0.99002,20
1779826680,0.99001,0.99002,0.99001,0.99002,4
1779826740,0.99001,0.99002,0.99001,0.99002,4
1779826800,0.99,0.99001,0.99,0.99001,11
1779826860,0.98997,0.98997,0.98994,0.98995,8
1779826920,0.98995,0.99001,0.98995,0.99001,11
1779826980,0.99002,0.99005,0.99001,0.99004,16
1779827040,0.99002,0.99003,0.98998,0.98998,15
1779827100,0.99004,0.99004,0.99004,0.99004,1
1779827160,0.99005,0.99006,0.99005,0.99006,4
1779827220,0.99004,0.99005,0.99004,0.99005,6
1779827280,0.99011,0.99011,0.99009,0.9901,7
1779827340,0.99009,0.99011,0.99009,0.9901,13
1779827400,0.99006,0.99007,0.99006,0.99007,4
1779827460,0.99005,0.99008,0.99005,0.99006,6
1779827520,0.99004,0.99009,0.99003,0.99007,18
1779827580,0.99003,0.99003,0.98999,0.99001,15
1779827640,0.98997,0.98999,0.98997,0.98997,19
1779827700,0.98996,0.98999,0.98995,0.98999,29
1779827760,0.98996,0.98998,0.98996,0.98997,18
1779827820,0.98998,0.98998,0.98996,0.98996,8
1779827880,0.98999,0.98999,0.98994,0.98994,8
1779827940,0.98994,0.98995,0.98993,0.98994,13
1779828000,0.98987,0.9899,0.98985,0.9899,11
1779828060,0.98989,0.98991,0.98989,0.98991,8
1779828120,0.98991,0.98991,0.98991,0.98991,2
1779828180,0.98987,0.98987,0.98986,0.98986,6
1779828240,0.98985,0.98986,0.98984,0.98985,11
1779828300,0.98985,0.98987,0.98984,0.98985,11
1779828360,0.9899,0.98991,0.98988,0.98989,11
1779828420,0.9899,0.98992,0.98988,0.9899,13
1779828480,0.98991,0.98992,0.98988,0.9899,12
1779828540,0.9899,0.9899,0.98988,0.9899,8
1779828600,0.98984,0.98984,0.98984,0.98984,2
1779828660,0.98975,0.98979,0.98975,0.98975,6
1779828720,0.98977,0.98979,0.98977,0.98979,4
1779828780,0.98987,0.98988,0.98985,0.98987,8
1779828840,0.98987,0.98989,0.98987,0.98987,6
1779828900,0.98987,0.98993,0.98987,0.98991,28
1779828960,0.98992,0.98992,0.98992,0.98992,1
1779829020,0.98977,0.98982,0.98977,0.98982,9
1779829080,0.9899,0.9899,0.98989,0.9899,12
1779829140,0.98978,0.98978,0.98978,0.98978,1
1779829260,0.98971,0.98971,0.98971,0.98971,2
1779829500,0.98972,0.98974,0.98972,0.98974,5
1779829680,0.98975,0.98975,0.98975,0.98975,2
1779829740,0.98975,0.98975,0.98975,0.98975,1
1779829800,0.98977,0.98977,0.98977,0.98977,1
1779829860,0.98977,0.98977,0.98977,0.98977,1
1779829920,0.98977,0.98992,0.98977,0.98991,4
1779829980,0.98991,0.98991,0.98991,0.98991,3
1779830040,0.98988,0.98988,0.98988,0.98988,2
1779830100,0.98965,0.98965,0.98951,0.98956,9
1779830160,0.98988,0.98988,0.98988,0.98988,1
1779830220,0.98989,0.98989,0.98989,0.98989,2
1779830280,0.98964,0.98964,0.98952,0.98952,9
1779830340,0.98987,0.98987,0.98987,0.98987,1
1779830400,0.98951,0.98951,0.98948,0.98948,3
1779830460,0.98941,0.98941,0.98941,0.98941,1
1779830520,0.9894,0.9894,0.98939,0.98939,6
1779830580,0.98937,0.98937,0.98936,0.98936,7
1779830640,0.98936,0.98936,0.98934,0.98934,2
1779830700,0.98931,0.98931,0.98931,0.98931,2
1779830820,0.98931,0.98931,0.98931,0.98931,1
1779830880,0.98934,0.98934,0.98934,0.98934,4
1779830940,0.98933,0.98933,0.98933,0.98933,2
1779831000,0.98933,0.98939,0.9892,0.98934,10
1779831060,0.98937,0.98937,0.98934,0.98934,6
1779831120,0.98935,0.98941,0.98935,0.98937,19
1779831180,0.98923,0.98923,0.98923,0.98923,1
1779831240,0.98932,0.98934,0.98932,0.98934,4
1779831300,0.98931,0.98931,0.98926,0.98926,5
1779831360,0.98934,0.98934,0.98932,0.98932,3
1779831420,0.9893,0.98935,0.9893,0.98935,4
1779831480,0.98927,0.98931,0.98927,0.98931,5
1779831540,0.98927,0.98927,0.98927,0.98927,3
1779831600,0.98927,0.98933,0.98927,0.98933,6
1779831660,0.98933,0.98933,0.98933,0.98933,1
1779831720,0.98926,0.98926,0.98926,0.98926,2
1779831780,0.98926,0.98926,0.98926,0.98926,1
1779831840,0.98926,0.98926,0.98926,0.98926,1
1779831900,0.98926,0.98926,0.98926,0.98926,1
1779831960,0.98927,0.98927,0.98927,0.98927,4
1779832020,0.98936,0.98936,0.98936,0.98936,2
1779832080,0.98936,0.98936,0.98936,0.98936,1
1779832140,0.98924,0.98941,0.98924,0.98934,10
1779832200,0.9893,0.98942,0.9893,0.98942,3
1779832260,0.98929,0.98929,0.98928,0.98928,3
1779832320,0.98924,0.98924,0.98924,0.98924,3
1779832380,0.98924,0.98924,0.98924,0.98924,1
1779832440,0.98924,0.98924,0.98924,0.98924,1
1779832500,0.98937,0.98942,0.98937,0.98942,8
1779832560,0.98937,0.98938,0.98937,0.98937,7
1779832620,0.9893,0.98938,0.9893,0.98937,10
1779832680,0.98934,0.98934,0.98934,0.98934,4
1779832740,0.98936,0.98954,0.98936,0.98953,19
1779832800,0.98983,0.98987,0.98983,0.98985,8
1779832860,0.98988,0.98988,0.98988,0.98988,1
1779832920,0.98981,0.98985,0.9898,0.98984,11
1779832980,0.98981,0.98988,0.98977,0.98982,21
1779833040,0.98985,0.98986,0.98981,0.98986,19
1779833100,0.9899,0.9899,0.9898,0.9898,29
1779833160,0.9898,0.98982,0.98975,0.98976,16
1779833220,0.98981,0.98981,0.98978,0.98978,3
1779833280,0.98975,0.98982,0.98975,0.98981,10
1779833340,0.98976,0.98979,0.98976,0.98977,13
1779833400,0.98976,0.98979,0.98976,0.98977,23
1779833460,0.98976,0.98977,0.98971,0.98974,17
1779833520,0.98976,0.98976,0.98972,0.98974,12
1779833580,0.98976,0.98977,0.98975,0.98976,9
1779833640,0.98977,0.98977,0.98976,0.98976,5
1779833700,0.98974,0.98976,0.98974,0.98976,4
1779833760,0.98978,0.98978,0.98974,0.98974,10
1779833820,0.98978,0.98978,0.98974,0.98978,10
1779833880,0.98978,0.98979,0.98977,0.98978,11
1779833940,0.98975,0.98985,0.98975,0.98985,21
1779834000,0.98988,0.98988,0.98987,0.98988,5
1779834060,0.98985,0.98985,0.98983,0.98983,6
1779834120,0.98986,0.98989,0.98983,0.98986,21
1779834180,0.98984,0.9899,0.98984,0.9899,13
1779834240,0.98988,0.98988,0.98988,0.98988,3
1779834300,0.98988,0.9899,0.98987,0.98987,12
1779834360,0.98987,0.9899,0.98987,0.9899,3
1779834420,0.9899,0.98991,0.98988,0.9899,8
1779834480,0.98989,0.98989,0.98986,0.98986,8
1779834540,0.98994,0.98997,0.98994,0.98994,11
1779834600,0.98992,0.98993,0.98992,0.98993,7
1779834660,0.98996,0.98996,0.98991,0.98991,23
1779834720,0.99,0.99001,0.98998,0.98998,10
1779834780,0.98998,0.98998,0.98997,0.98998,11
1779834840,0.98996,0.98999,0.98996,0.98998,7
1779834900,0.98993,0.98993,0.9899,0.98991,15
1779834960,0.98995,0.98995,0.98991,0.98991,21
1779835020,0.9899,0.9899,0.9899,0.9899,2
1779835080,0.98989,0.98989,0.98989,0.98989,1
1779835140,0.98993,0.98993,0.98991,0.98993,6
1779835200,0.98993,0.98998,0.98993,0.98997,15
1779835260,0.98997,0.99,0.98997,0.98999,8
1779835320,0.99,0.99,0.98997,0.98998,7
1779835380,0.99,0.99001,0.98999,0.98999,8
1779835440,0.98998,0.98998,0.98991,0.98993,9
1779835500,0.98995,0.98995,0.98993,0.98993,5
1779835560,0.98994,0.98995,0.9899,0.9899,16
1779835620,0.98989,0.98989,0.98987,0.98987,4
1779835680,0.98986,0.98988,0.98986,0.98988,7
1779835740,0.9898,0.98982,0.9898,0.98982,3
1779835800,0.98984,0.98984,0.98981,0.98981,4
1779835860,0.98982,0.98982,0.98982,0.98982,4
1779835920,0.98982,0.98983,0.98982,0.98982,7
1779835980,0.98979,0.98981,0.98978,0.98981,14
1779836040,0.98981,0.98981,0.98978,0.98978,4
1779836100,0.98978,0.98979,0.98978,0.98978,6
1779836160,0.98982,0.98988,0.98979,0.98988,27
1779836220,0.98985,0.98985,0.98981,0.98981,6
1779836280,0.98984,0.98984,0.98982,0.98984,8
1779836340,0.98979,0.98979,0.98977,0.98977,15
1779836400,0.98975,0.98986,0.98974,0.98986,33
1779836460,0.9899,0.98994,0.98987,0.98989,45
1779836520,0.98987,0.98987,0.98986,0.98986,2
1779836580,0.98987,0.98987,0.98986,0.98986,3
1779836640,0.98991,0.98991,0.98988,0.98988,7
1779836700,0.98988,0.98988,0.98988,0.98988,2
1779836760,0.98989,0.9899,0.98989,0.9899,3
1779836820,0.98987,0.98988,0.98985,0.98988,13
1779836880,0.98982,0.98983,0.98982,0.98982,4
1779836940,0.98981,0.98981,0.98981,0.98981,2
1779837000,0.98981,0.98981,0.98981,0.98981,2
1779837060,0.98982,0.98984,0.98981,0.98984,6
1779837120,0.98982,0.98982,0.98976,0.98977,9
1779837180,0.98977,0.98977,0.98977,0.98977,1
1779837240,0.98977,0.98977,0.98977,0.98977,1
1779837300,0.98976,0.98976,0.98976,0.98976,3
1779837360,0.98976,0.98981,0.98976,0.98977,11
1779837420,0.98975,0.98975,0.98974,0.98974,4
1779837480,0.98976,0.98976,0.98974,0.98974,6
1779837540,0.98977,0.98977,0.98976,0.98976,8
1779837600,0.98982,0.98983,0.9898,0.98983,16
1779837660,0.98984,0.98988,0.98984,0.98988,22
1779837720,0.98985,0.98985,0.98985,0.98985,3
1779837780,0.98983,0.98983,0.98983,0.98983,2
1779837840,0.98979,0.98979,0.98977,0.98977,7
1779837900,0.98989,0.98989,0.98989,0.98989,1
1779837960,0.98987,0.98987,0.98985,0.98987,14
1779838020,0.98988,0.9899,0.98987,0.98989,13
1779838080,0.98996,0.98996,0.98996,0.98996,2
1779838140,0.98997,0.98997,0.98993,0.98994,6
1779838200,0.98996,0.98996,0.98994,0.98994,7
1779838260,0.99007,0.99008,0.99007,0.99008,4
1779838320,0.99003,0.99003,0.99002,0.99002,6
1779838380,0.99004,0.99004,0.99004,0.99004,3
1779838440,0.99013,0.99013,0.99008,0.9901,14
1779838500,0.99011,0.99011,0.99011,0.99011,2
1779838560,0.9901,0.9901,0.99007,0.99007,3
1779838620,0.9901,0.9901,0.9901,0.9901,2
1779838680,0.99008,0.99008,0.99006,0.99006,4
1779838740,0.99017,0.99018,0.99016,0.99018,9
1779838800,0.99017,0.99017,0.99017,0.99017,6
1779838860,0.99017,0.99017,0.99017,0.99017,1
1779838920,0.99016,0.99016,0.99016,0.99016,1
1779838980,0.99016,0.99016,0.99016,0.99016,2
1779839040,0.9902,0.99022,0.9902,0.99022,17
1779839100,0.99019,0.99031,0.99018,0.99019,38
1779839160,0.9902,0.99022,0.99015,0.99018,24
1779839220,0.99025,0.99029,0.99023,0.99028,23
1779839280,0.99029,0.99032,0.99028,0.9903,20
1779839340,0.99039,0.99039,0.9903,0.9903,16
1779839400,0.99021,0.99021,0.99011,0.99013,23
1779839460,0.99016,0.99018,0.99016,0.99017,10
1779839520,0.99018,0.99031,0.99018,0.99024,15
1779839580,0.99013,0.99017,0.99012,0.99017,20
1779839640,0.99009,0.99019,0.99009,0.99016,24
1779839700,0.99015,0.99015,0.99012,0.99013,11
1779839760,0.99012,0.99016,0.99012,0.99014,9
1779839820,0.99011,0.99012,0.99009,0.99012,16
1779839880,0.99016,0.99016,0.99014,0.99014,9
1779839940,0.9901,0.9901,0.99006,0.9901,31
1779840000,0.9901,0.99013,0.99,0.9901,85
1779840060,0.99011,0.99012,0.99011,0.99011,5
1779840120,0.99013,0.99015,0.99012,0.99015,9
1779840180,0.9902,0.99022,0.99018,0.99021,23
1779840240,0.99012,0.99016,0.99011,0.99016,24
1779840300,0.99011,0.99014,0.99007,0.99013,40
1779840360,0.99014,0.99014,0.99005,0.99008,40
1779840420,0.99002,0.99007,0.99,0.99001,54
1779840480,0.98996,0.98999,0.98996,0.98999,8
1779840540,0.99002,0.99005,0.99001,0.99003,16
1779840600,0.99,0.99001,0.98998,0.98998,22
1779840660,0.99004,0.9901,0.99004,0.99007,30
1779840720,0.98995,0.99013,0.98995,0.99011,20
1779840780,0.99024,0.9903,0.99022,0.99029,53
1779840840,0.99024,0.99026,0.9902,0.99023,41
1779840900,0.99021,0.99021,0.99019,0.99019,12
1779840960,0.99012,0.99016,0.9901,0.99015,20
1779841020,0.99021,0.99025,0.99021,0.99024,21
1779841080,0.99016,0.9902,0.99016,0.9902,38
1779841140,0.99017,0.99021,0.99014,0.99015,37
1779841200,0.99015,0.99018,0.99015,0.99018,5
1779841260,0.99008,0.99014,0.99008,0.99014,10
1779841320,0.99009,0.99012,0.99008,0.99012,15
1779841380,0.99011,0.99011,0.99009,0.9901,20
1779841440,0.99019,0.99028,0.99019,0.99022,30
1779841500,0.9902,0.99025,0.99019,0.99024,42
1779841560,0.99025,0.99027,0.99022,0.99025,36
1779841620,0.99024,0.99027,0.99024,0.99026,15
1779841680,0.9904,0.9904,0.99038,0.99039,13
1779841740,0.99052,0.99052,0.99047,0.99048,24
1779841800,0.9905,0.9905,0.99046,0.99046,31
1779841860,0.99053,0.99056,0.9905,0.99055,37
1779841920,0.99057,0.99059,0.99054,0.99058,40
1779841980,0.99057,0.99061,0.99057,0.99061,16
1779842040,0.99066,0.99068,0.99064,0.99068,15
1779842100,0.99066,0.99068,0.99065,0.99066,13
1779842160,0.99069,0.99072,0.99067,0.99072,30
1779842220,0.99069,0.99076,0.99068,0.99076,51
1779842280,0.99073,0.99073,0.99073,0.99073,2
1779842340,0.99065,0.99066,0.99065,0.99066,11
1779842400,0.99066,0.99071,0.99066,0.99071,11
1779842460,0.9907,0.9907,0.99063,0.99063,28
1779842520,0.99067,0.99074,0.99065,0.99072,29
1779842580,0.99078,0.9908,0.99074,0.99076,24
1779842640,0.99078,0.9908,0.99078,0.99078,33
1779842700,0.99079,0.9908,0.99078,0.99078,8
1779842760,0.99092,0.99096,0.99091,0.99096,17
1779842820,0.99095,0.99097,0.99095,0.99096,9
1779842880,0.99102,0.99104,0.99102,0.99103,19
1779842940,0.99103,0.99104,0.99102,0.99103,27
1779843000,0.99101,0.99108,0.99099,0.99106,41
1779843060,0.991,0.99103,0.99099,0.99102,13
1779843120,0.99103,0.99103,0.991,0.99101,14
1779843180,0.99097,0.99098,0.99091,0.99092,24
1779843240,0.99091,0.99096,0.99091,0.99095,45
1779843300,0.9908,0.99084,0.99073,0.99082,62
1779843360,0.99091,0.99091,0.99084,0.99084,54
1779843420,0.99082,0.99084,0.99082,0.99084,5
1779843480,0.99073,0.99076,0.99072,0.99073,15
1779843540,0.99061,0.99064,0.99061,0.99061,25
1779843600,0.99072,0.99072,0.99061,0.99067,56
1779843660,0.99071,0.99078,0.99067,0.99069,72
1779843720,0.99074,0.99079,0.99072,0.99078,63
1779843780,0.99074,0.99079,0.99074,0.99079,5
1779843840,0.99088,0.9909,0.99088,0.99089,8
1779843900,0.99089,0.99089,0.99078,0.99079,31
1779843960,0.99084,0.99087,0.99079,0.99087,42
1779844020,0.99088,0.99089,0.99085,0.99087,34
1779844080,0.99087,0.99088,0.99081,0.99082,51
1779844140,0.99079,0.99079,0.99079,0.99079,1
1779844200,0.99092,0.99094,0.9909,0.99094,13
1779844260,0.99112,0.99112,0.99108,0.99109,12
1779844320,0.99089,0.99093,0.99089,0.99092,20
1779844380,0.99095,0.99095,0.99093,0.99095,18
1779844440,0.99097,0.991,0.99097,0.991,31
1779844500,0.99102,0.99102,0.99092,0.991,60
1779844560,0.99102,0.99103,0.99102,0.99102,7
1779844620,0.99106,0.99106,0.99102,0.99104,20
1779844680,0.99117,0.99117,0.99112,0.99113,20
1779844740,0.99119,0.9912,0.99117,0.99117,22
1779844800,0.9911,0.99111,0.99103,0.99108,38
1779844860,0.9911,0.99118,0.9911,0.99116,31
1779844920,0.99118,0.99119,0.99114,0.99116,30
1779844980,0.9912,0.9912,0.99119,0.99119,2
1779845040,0.99117,0.99117,0.99117,0.99117,2
1779845100,0.99109,0.99115,0.99109,0.99115,16
1779845160,0.99109,0.99112,0.99108,0.99108,14
1779845220,0.99098,0.99101,0.99096,0.99096,30
1779845280,0.9909,0.99093,0.99089,0.9909,34
1779845340,0.99101,0.9911,0.99101,0.99108,37
1779845400,0.9911,0.9911,0.99003,0.99014,12
1779845460,0.9895,0.9895,0.9894,0.98944,21
1779845520,0.98874,0.98886,0.98849,0.98883,58
1779845580,0.98906,0.9891,0.98888,0.9889,58
1779845640,0.9888,0.98905,0.98878,0.98901,56
1779845700,0.9885,0.98872,0.98846,0.98867,89
1779845760,0.98897,0.98897,0.98894,0.98895,13
1779845820,0.98882,0.98888,0.98876,0.98887,26
1779845880,0.98919,0.98929,0.98919,0.98927,20
1779845940,0.98892,0.98893,0.98876,0.98876,27
1779846000,0.98871,0.98883,0.98871,0.98877,53
1779846060,0.98896,0.98902,0.98894,0.989,40
1779846120,0.98906,0.98924,0.98906,0.98918,66
1779846180,0.98915,0.98916,0.98908,0.98908,11
1779846240,0.98917,0.98918,0.98916,0.98917,13
1779846300,0.98922,0.98922,0.98914,0.98916,19
1779846360,0.98909,0.98911,0.9889,0.98892,26
1779846420,0.98868,0.98868,0.98858,0.9886,37
1779846480,0.98851,0.98865,0.98851,0.98864,43
1779846540,0.98871,0.98872,0.98861,0.98865,23
1779846600,0.98876,0.98876,0.98874,0.98876,8
1779846660,0.98858,0.98863,0.98858,0.9886,12
1779846720,0.98851,0.98851,0.98845,0.98845,19
1779846780,0.98831,0.98838,0.98824,0.98828,46
1779846840,0.98825,0.98826,0.98821,0.98825,38
1779846900,0.98803,0.9882,0.98802,0.9882,54
1779846960,0.98819,0.98819,0.98819,0.98819,1
1779847020,0.98836,0.98836,0.98829,0.98829,14
1779847080,0.98818,0.98823,0.98817,0.98823,24
1779847140,0.98848,0.98849,0.98845,0.98847,21
1779847200,0.98858,0.98899,0.98849,0.9888,87
1779847260,0.98859,0.98891,0.98853,0.98867,104
1779847320,0.98874,0.98877,0.98874,0.98877,8
1779847380,0.98838,0.98839,0.98823,0.9883,30
1779847440,0.98866,0.98867,0.98859,0.98865,35
1779847500,0.98875,0.98875,0.98858,0.98865,70
1779847560,0.98878,0.98902,0.98878,0.98902,65
1779847620,0.98874,0.98876,0.98862,0.98867,85
1779847680,0.98885,0.98903,0.98884,0.98895,56
1779847740,0.98903,0.98908,0.98903,0.98906,9
1779847800,0.9892,0.98922,0.98918,0.98921,16
1779847860,0.98911,0.98918,0.98911,0.98916,23
1779847920,0.98916,0.98929,0.98915,0.98929,37
1779847980,0.98911,0.98913,0.98905,0.98912,32
1779848040,0.98901,0.98901,0.98901,0.98901,4
1779848100,0.98902,0.98903,0.989,0.98902,14
1779848160,0.98898,0.98901,0.98898,0.98898,23
1779848220,0.98902,0.98904,0.98901,0.98902,29
1779848280,0.98901,0.98902,0.98889,0.98894,45
1779848340,0.98894,0.98894,0.98877,0.98879,45
1779848400,0.98874,0.98876,0.98866,0.98874,44
1779848460,0.9888,0.9888,0.98872,0.98872,7
1779848520,0.98859,0.9886,0.98846,0.98846,18
1779848580,0.98843,0.98847,0.98843,0.98844,19
1779848640,0.98848,0.98854,0.98847,0.98849,22
1779848700,0.98867,0.98867,0.98863,0.98865,30
1779848760,0.9888,0.9888,0.98875,0.98878,39
1779848820,0.98869,0.9887,0.98869,0.9887,2
1779848880,0.98865,0.98869,0.98865,0.98865,20
1779848940,0.9885,0.98855,0.9885,0.98854,17
1779849000,0.98847,0.98853,0.98846,0.98849,30
1779849060,0.98856,0.98857,0.98851,0.98854,34
1779849120,0.98865,0.98865,0.9885,0.98854,33
1779849180,0.9885,0.9885,0.98848,0.98848,3
1779849240,0.98851,0.98856,0.98847,0.98856,23
1779849300,0.98865,0.98867,0.98863,0.98866,22
1779849360,0.98859,0.98859,0.98855,0.98856,33
1779849420,0.98858,0.98861,0.98854,0.98858,36
1779849480,0.98861,0.98863,0.98855,0.9886,59
1779849540,0.98856,0.98859,0.98852,0.98855,34
1779849600,0.98854,0.98865,0.98854,0.98863,14
1779849660,0.98867,0.98869,0.98867,0.98867,17
1779849720,0.9888,0.98887,0.98878,0.98885,40
1779849780,0.9888,0.9888,0.98859,0.98863,38
1779849840,0.98868,0.98876,0.98867,0.98868,39
1779849900,0.98867,0.98868,0.98867,0.98868,4
1779849960,0.98871,0.98872,0.98868,0.9887,12
1779850020,0.98876,0.98877,0.98876,0.98877,10
1779850080,0.98882,0.98898,0.9888,0.98898,27
1779850140,0.98892,0.98898,0.98891,0.98896,28
1779850200,0.98901,0.98903,0.98899,0.989,32
1779850260,0.98903,0.9891,0.98901,0.9891,31
1779850320,0.98922,0.98924,0.98922,0.98922,8
1779850380,0.98923,0.9893,0.98922,0.98929,17
1779850440,0.98942,0.98944,0.98935,0.98935,24
1779850500,0.98926,0.98926,0.98919,0.98923,30
1779850560,0.98919,0.98919,0.98907,0.98911,43
1779850620,0.98907,0.98908,0.98907,0.98907,15
1779850680,0.98894,0.989,0.98894,0.98897,15
1779850740,0.98902,0.98905,0.98901,0.98903,25
1779850800,0.98909,0.98922,0.98904,0.98904,49
1779850860,0.989,0.9891,0.989,0.98906,42
1779850920,0.98914,0.98916,0.98913,0.98915,7
1779850980,0.98927,0.9893,0.98926,0.98928,12
1779851040,0.98961,0.98962,0.98948,0.98948,29
1779851100,0.98951,0.98955,0.98946,0.98946,35
1779851160,0.98928,0.98945,0.98927,0.98945,28
1779851220,0.98941,0.98941,0.98941,0.98941,2
1779851280,0.98938,0.98941,0.98935,0.98941,24
1779851340,0.98949,0.98956,0.98948,0.98954,17
1779851400,0.98957,0.98958,0.98944,0.98945,32
1779851460,0.98942,0.98943,0.98933,0.98933,12
1779851520,0.98927,0.9893,0.98925,0.98929,37
1779851580,0.98922,0.98922,0.98922,0.98922,1
1779851640,0.98918,0.98918,0.98915,0.98915,4
1779851700,0.98914,0.98914,0.98911,0.98913,11
1779851760,0.98906,0.98907,0.98905,0.98905,12
1779851820,0.989,0.98903,0.98897,0.98898,41
1779851880,0.98914,0.98923,0.98914,0.98923,38
1779851940,0.98909,0.98909,0.98906,0.98907,24
1779852000,0.98907,0.98907,0.98906,0.98907,4
1779852060,0.98901,0.98902,0.98896,0.98896,12
1779852120,0.98892,0.98894,0.98891,0.98892,15
1779852180,0.98893,0.98901,0.98893,0.98899,38
1779852240,0.98892,0.98892,0.98889,0.98889,22
1779852300,0.98894,0.98896,0.98886,0.98887,28
1779852360,0.98883,0.9889,0.98881,0.98885,57
1779852420,0.98891,0.98894,0.98891,0.98893,12
1779852480,0.98892,0.98894,0.9889,0.98893,15
1779852540,0.9889,0.9889,0.98886,0.98887,20
1779852600,0.98904,0.98912,0.98903,0.98909,27
1779852660,0.98909,0.98911,0.98906,0.98907,18
1779852720,0.98914,0.98918,0.98905,0.98907,32
1779852780,0.98912,0.98913,0.98907,0.98907,40
1779852840,0.98901,0.98903,0.98901,0.98903,4
1779852900,0.98895,0.989,0.98895,0.98898,18
1779852960,0.98899,0.98899,0.98896,0.98898,15
1779853020,0.98886,0.98886,0.98872,0.98879,32
1779853080,0.98865,0.98881,0.98863,0.9888,51
1779853140,0.98884,0.98884,0.98875,0.98879,37
1779853200,0.98875,0.98884,0.98875,0.98876,50
1779853260,0.98881,0.98881,0.98873,0.98875,14
1779853320,0.98874,0.98875,0.98873,0.98875,16
1779853380,0.98872,0.98873,0.98868,0.9887,19
1779853440,0.98868,0.98869,0.98864,0.98866,19
1779853500,0.98867,0.9887,0.98865,0.98868,44
1779853560,0.98868,0.9887,0.98866,0.98866,30
1779853620,0.98865,0.98868,0.98865,0.98868,4
1779853680,0.98871,0.98875,0.98871,0.98872,15
1779853740,0.98865,0.98866,0.98864,0.98864,6
1779853800,0.9886,0.98862,0.98855,0.98856,31
1779853860,0.98857,0.98864,0.98857,0.98863,32
1779853920,0.98868,0.9887,0.98868,0.9887,6
1779853980,0.98874,0.98879,0.98872,0.98879,15
1779854040,0.98884,0.98892,0.98883,0.98885,46
1779854100,0.98888,0.98888,0.98876,0.98876,41
1779854160,0.98868,0.98876,0.98867,0.98874,29
1779854220,0.98877,0.9888,0.98876,0.98877,47
1779854280,0.98883,0.98883,0.98883,0.98883,3
1779854340,0.98894,0.98895,0.98883,0.98886,19
1779854400,0.98884,0.98884,0.98876,0.98877,31
1779854460,0.98884,0.98889,0.98883,0.98886,24
1779854520,0.98888,0.9889,0.98881,0.98884,29
1779854580,0.98876,0.98877,0.98857,0.98862,64
1779854640,0.98863,0.98865,0.98856,0.98863,20
1779854700,0.98874,0.98874,0.98868,0.98869,9
1779854760,0.98872,0.98874,0.9887,0.98873,23
1779854820,0.98879,0.98884,0.98879,0.98883,21
1779854880,0.98893,0.98896,0.98888,0.9889,48
1779854940,0.98888,0.98889,0.98885,0.98887,36
1779855000,0.98897,0.98897,0.98896,0.98896,8
1779855060,0.98891,0.98892,0.9889,0.9889,6
1779855120,0.98892,0.98895,0.98891,0.98893,21
1779855180,0.98889,0.98903,0.98889,0.98901,38
1779855240,0.98909,0.98912,0.98903,0.98912,46
1779855300,0.98913,0.98914,0.98905,0.98905,36
1779855360,0.98901,0.98901,0.989,0.989,5
1779855420,0.98901,0.98902,0.98901,0.98902,5
1779855480,0.9889,0.98892,0.98889,0.98891,14
1779855540,0.98897,0.98897,0.98894,0.98896,29
1779855600,0.98894,0.98899,0.9889,0.98897,32
1779855660,0.98897,0.98898,0.98894,0.98897,29
1779855720,0.98912,0.98914,0.98911,0.98914,28
1779855780,0.98914,0.98914,0.98906,0.98912,43
1779855840,0.98914,0.98916,0.98914,0.98916,4
1779855900,0.98919,0.98919,0.98918,0.98918,4
1779855960,0.98911,0.98914,0.98906,0.98912,23
1779856020,0.98892,0.98905,0.98891,0.98905,53
1779856080,0.98901,0.98906,0.98896,0.98896,40
1779856140,0.98891,0.98891,0.98891,0.98891,2
1779856200,0.98877,0.98886,0.98874,0.98886,16
1779856260,0.98885,0.98886,0.98883,0.98883,12
1779856320,0.98879,0.98881,0.98878,0.98879,33
1779856380,0.98883,0.98885,0.98881,0.98884,42
1779856440,0.98887,0.98892,0.98886,0.98889,38
1779856500,0.98889,0.98894,0.98888,0.98892,47
1779856560,0.98885,0.98886,0.98884,0.98886,10
1779856620,0.98878,0.98878,0.98872,0.98875,18
1779856680,0.98877,0.98877,0.98874,0.98876,11
1779856740,0.98871,0.98873,0.9887,0.98871,15
1779856800,0.98895,0.98897,0.98892,0.98892,47
1779856860,0.98894,0.98894,0.98894,0.98894,2
1779856920,0.98889,0.98889,0.98889,0.98889,3
1779856980,0.98888,0.98888,0.98885,0.98886,7
1779857040,0.98896,0.98898,0.98892,0.98895,17
1779857100,0.98918,0.98924,0.98914,0.98916,35
1779857160,0.9892,0.9892,0.98913,0.98915,24
1779857220,0.98917,0.98923,0.98915,0.9892,45
1779857280,0.98917,0.98917,0.98917,0.98917,1
1779857340,0.98908,0.98908,0.98902,0.98902,6
1779857400,0.98917,0.98918,0.98915,0.98915,18
1779857460,0.98917,0.98919,0.98915,0.98918,23
1779857520,0.98917,0.98917,0.98915,0.98915,7
1779857580,0.98907,0.9891,0.98898,0.98904,50
1779857640,0.98904,0.98906,0.98901,0.98901,31
1779857700,0.98902,0.98906,0.98902,0.98905,48
1779857760,0.98889,0.98889,0.98889,0.98889,1
1779857820,0.98884,0.98884,0.98881,0.98884,14
1779857880,0.98886,0.98887,0.98882,0.98884,20
1779857940,0.98886,0.9889,0.98886,0.98887,25
1779858000,0.98884,0.98884,0.98877,0.98879,54
1779858060,0.98878,0.98879,0.98878,0.98879,2
1779858120,0.9888,0.98883,0.98877,0.98879,18
1779858180,0.98866,0.98868,0.98864,0.98868,26
1779858240,0.98873,0.98883,0.98873,0.98883,29
1779858300,0.98892,0.98894,0.98885,0.98891,58
1779858360,0.98885,0.98885,0.98885,0.98885,4
1779858420,0.9888,0.98881,0.98878,0.98879,18
1779858480,0.98886,0.98888,0.98884,0.98885,18
1779858540,0.98884,0.98885,0.98883,0.98885,13
1779858600,0.98898,0.98901,0.98897,0.98899,35
1779858660,0.98898,0.98899,0.98892,0.98897,39
1779858720,0.989,0.989,0.98892,0.98896,44
1779858780,0.98883,0.98886,0.98882,0.98884,14
1779858840,0.98882,0.98882,0.98879,0.98882,23
1779858900,0.98896,0.98897,0.98894,0.98897,21
1779858960,0.98884,0.98887,0.98882,0.98886,27
1779859020,0.9888,0.98881,0.98873,0.98877,29
1779859080,0.98877,0.98882,0.98875,0.98881,47
1779859140,0.98871,0.98871,0.98869,0.98871,6
1779859200,0.98873,0.98873,0.98871,0.98871,12
1779859260,0.98866,0.98868,0.98865,0.98867,29
1779859320,0.98884,0.98886,0.98882,0.98884,29
1779859380,0.98873,0.98876,0.98871,0.98872,44
1779859440,0.98873,0.98873,0.98873,0.98873,1
1779859500,0.9889,0.9889,0.98884,0.98886,24
1779859560,0.98877,0.98881,0.98876,0.9888,26
1779859620,0.98885,0.98891,0.98885,0.98888,18
1779859680,0.98886,0.98893,0.98886,0.98889,18
1779859740,0.98874,0.9889,0.98871,0.98887,58
1779859800,0.98892,0.98892,0.98892,0.98892,1
1779859860,0.989,0.989,0.98897,0.98897,18
1779859920,0.98872,0.98873,0.98866,0.98869,29
1779859980,0.98858,0.98858,0.98849,0.98857,47
1779860040,0.98846,0.98848,0.98828,0.98835,38
1779860100,0.98839,0.9884,0.98823,0.98831,45
1779860160,0.98833,0.98859,0.98833,0.98844,54
1779860220,0.98852,0.98861,0.9885,0.98857,63
1779860280,0.98847,0.98847,0.98843,0.98844,9
1779860340,0.98867,0.98867,0.98863,0.98863,9
1779860400,0.9886,0.98867,0.9886,0.98867,23
1779860460,0.98861,0.98861,0.98854,0.98854,30
1779860520,0.98862,0.98869,0.98859,0.98861,52
1779860580,0.98855,0.98861,0.98854,0.98857,38
1779860640,0.98857,0.98862,0.98854,0.98858,46
1779860700,0.98857,0.98857,0.98855,0.98855,7
1779860760,0.9885,0.98862,0.9885,0.9886,33
1779860820,0.98868,0.9887,0.98866,0.9887,20
1779860880,0.98855,0.98855,0.9884,0.98842,35
1779860940,0.98847,0.98853,0.98839,0.98852,72
1779861000,0.98848,0.98848,0.98848,0.98848,2
1779861060,0.98858,0.98862,0.98858,0.98859,7
1779861120,0.98853,0.98862,0.98853,0.98862,22
1779861180,0.98863,0.98865,0.98857,0.98857,25
1779861240,0.98854,0.98859,0.98854,0.98858,33
1779861300,0.98857,0.98862,0.9885,0.98852,37
1779861360,0.98856,0.98857,0.9885,0.98853,52
1779861420,0.9886,0.98864,0.9886,0.98864,13
1779861480,0.98858,0.98864,0.98858,0.98862,17
1779861540,0.98854,0.98854,0.9884,0.98842,23
1779861600,0.98832,0.98834,0.98825,0.98829,58
1779861660,0.98814,0.98825,0.98814,0.98824,70
1779861720,0.98829,0.98834,0.98827,0.98829,59
1779861780,0.98818,0.98818,0.98816,0.98817,5
1779861840,0.98828,0.98828,0.98823,0.98824,19
1779861900,0.98817,0.98819,0.98817,0.98817,17
1779861960,0.98813,0.98815,0.98808,0.98812,31
1779862020,0.9882,0.98822,0.98809,0.98811,46
1779862080,0.98835,0.9885,0.98832,0.9885,51
1779862140,0.98841,0.98849,0.98841,0.98849,9
1779862200,0.9885,0.9886,0.9885,0.98858,12
1779862260,0.98852,0.98854,0.98851,0.98852,15
1779862320,0.98854,0.98856,0.98838,0.9884,32
1779862380,0.98834,0.98837,0.98832,0.98835,39
1779862440,0.98827,0.98828,0.9882,0.9882,27
1779862500,0.98804,0.98819,0.98803,0.98814,58
1779862560,0.98809,0.98816,0.98803,0.98811,47
1779862620,0.98799,0.988,0.98799,0.98799,4
1779862680,0.98802,0.98802,0.98801,0.98801,4
1779862740,0.98789,0.98797,0.98789,0.98797,18
1779862800,0.9879,0.98796,0.9879,0.98796,20
1779862860,0.98792,0.98794,0.98785,0.98787,27
1779862920,0.98753,0.9876,0.98749,0.98755,51
1779862980,0.98753,0.98765,0.98747,0.98761,49
1779863040,0.9877,0.9877,0.9877,0.9877,1
1779863100,0.98762,0.98766,0.98762,0.98766,7
1779863160,0.98751,0.98751,0.98748,0.98749,15
1779863220,0.98746,0.98748,0.98746,0.98748,9
1779863280,0.98756,0.98759,0.98752,0.98759,29
1779863340,0.98773,0.98776,0.98763,0.98768,33
1779863400,0.98763,0.98773,0.98763,0.98768,67
1779863460,0.98786,0.98786,0.98786,0.98786,1
1779863520,0.98767,0.98773,0.98767,0.98772,14
1779863580,0.98766,0.98774,0.98765,0.98774,18
1779863640,0.98781,0.98781,0.98772,0.9878,23
1779863700,0.98779,0.9879,0.98779,0.98785,39
1779863760,0.98785,0.98792,0.98783,0.9879,53
1779863820,0.98794,0.98803,0.98792,0.988,40
1779863880,0.98805,0.98812,0.98803,0.98808,60
1779863940,0.98809,0.98809,0.98806,0.98806,7
1779864000,0.98798,0.98802,0.98798,0.98802,21
1779864060,0.98798,0.98806,0.98795,0.98795,19
1779864120,0.98795,0.98799,0.98794,0.98798,26
1779864180,0.98801,0.98807,0.98799,0.988,37
1779864240,0.98804,0.98806,0.98801,0.98802,33
1779864300,0.98812,0.98812,0.9881,0.9881,4
1779864360,0.98785,0.98793,0.98785,0.98793,10
1779864420,0.98794,0.98794,0.9879,0.98792,16
1779864480,0.98805,0.98807,0.98803,0.98806,18
1779864540,0.98811,0.98814,0.98808,0.98813,44
1779864600,0.98809,0.9881,0.98786,0.98786,54
1779864660,0.98786,0.98791,0.98777,0.98777,62
1779864720,0.9877,0.98771,0.98766,0.98768,50
1779864780,0.98758,0.98762,0.98758,0.98762,5
1779864840,0.9876,0.98765,0.9876,0.9876,18
1779864900,0.9875,0.98757,0.98748,0.98749,27
1779864960,0.98759,0.9876,0.98756,0.98759,27
1779865020,0.98759,0.98765,0.98751,0.98751,30
1779865080,0.98752,0.98762,0.98752,0.98756,64
1779865140,0.9875,0.9876,0.9875,0.98753,56
1779865200,0.98754,0.98754,0.98748,0.98748,10
1779865260,0.98756,0.98758,0.98754,0.98758,20
1779865320,0.9878,0.9878,0.98772,0.98772,32
1779865380,0.98779,0.98781,0.98765,0.98769,44
1779865440,0.98771,0.98776,0.98771,0.98773,36
1779865500,0.98777,0.9879,0.98777,0.9879,54
1779865560,0.98783,0.98783,0.98771,0.98776,49
1779865620,0.9878,0.9878,0.98779,0.98779,3
1779865680,0.98783,0.98784,0.98768,0.98768,17
1779865740,0.9877,0.9877,0.98759,0.98759,21
1779865800,0.98747,0.98749,0.98743,0.98744,30
1779865860,0.98742,0.98749,0.98742,0.98746,38
1779865920,0.98755,0.98762,0.98754,0.98761,58
1779865980,0.98759,0.98759,0.98759,0.98759,1
1779866040,0.98755,0.98755,0.98753,0.98754,6
1779866100,0.98754,0.98756,0.98753,0.98754,13
1779866160,0.98759,0.9876,0.98754,0.98757,27
1779866220,0.98767,0.9877,0.98764,0.9877,38
1779866280,0.98784,0.98798,0.98782,0.98797,54
1779866340,0.9879,0.9879,0.9879,0.9879,1
1779866400,0.9879,0.98793,0.9879,0.98793,8
1779866460,0.98749,0.98756,0.98749,0.98754,18
1779866520,0.9873,0.98733,0.98728,0.9873,24
1779866580,0.98748,0.98748,0.98739,0.9874,23
1779866640,0.98736,0.98751,0.98734,0.98749,37
1779866700,0.98744,0.98745,0.98739,0.98741,52
1779866760,0.98742,0.98742,0.98739,0.98741,5
1779866820,0.98739,0.98739,0.98735,0.98735,9
1779866880,0.98755,0.98755,0.98746,0.98753,24
1779866940,0.98769,0.98775,0.98769,0.98769,24
1779867000,0.98761,0.98762,0.98747,0.98747,53
1779867060,0.98734,0.98736,0.98732,0.98732,30
1779867120,0.98757,0.98759,0.98752,0.98753,31
1779867180,0.98745,0.98752,0.98745,0.98752,4
1779867240,0.98753,0.98759,0.98748,0.9875,18
1779867300,0.98754,0.98759,0.9875,0.98759,13
1779867360,0.98745,0.98747,0.9874,0.98742,33
1779867420,0.98738,0.98738,0.98732,0.98732,33
1779867480,0.98731,0.98734,0.98728,0.98731,42
1779867540,0.98715,0.98718,0.98712,0.98714,41
1779867600,0.98712,0.98713,0.98712,0.98713,3
1779867660,0.987,0.98704,0.987,0.98701,15
1779867720,0.98708,0.9871,0.98706,0.9871,26
1779867780,0.9871,0.98711,0.98708,0.98711,21
1779867840,0.98716,0.98723,0.98716,0.98717,29
1779867900,0.98711,0.98715,0.98706,0.98707,35
1779867960,0.98718,0.98735,0.98714,0.98732,54
1779868020,0.98733,0.98733,0.98732,0.98732,3
1779868080,0.98708,0.98708,0.98706,0.98708,7
1779868140,0.98692,0.98693,0.98689,0.9869,18
1779868200,0.98694,0.98695,0.98687,0.98688,25
1779868260,0.98694,0.98694,0.98686,0.98688,39
1779868320,0.98694,0.98699,0.98686,0.98688,46
1779868380,0.98687,0.98687,0.9867,0.98678,57
1779868440,0.98683,0.98688,0.98683,0.98687,5
1779868500,0.98712,0.98712,0.98707,0.98712,14
1779868560,0.987,0.98703,0.987,0.98702,16
1779868620,0.98674,0.98687,0.98673,0.98686,41
1779868680,0.98693,0.98696,0.9869,0.98694,24
1779868740,0.98696,0.98703,0.98696,0.987,43
1779868800,0.98697,0.98697,0.98697,0.98697,2
1779868860,0.98708,0.98708,0.98702,0.98705,14
1779868920,0.98712,0.98725,0.98712,0.98725,37
1779868980,0.98717,0.98723,0.98708,0.9871,49
1779869040,0.98722,0.98722,0.98715,0.98718,25
1779869100,0.9872,0.98735,0.98719,0.98732,66
1779869160,0.98735,0.98735,0.98735,0.98735,2
1779869220,0.98711,0.98711,0.98709,0.98709,6
1779869280,0.98715,0.98716,0.98714,0.98715,14
1779869340,0.98718,0.9872,0.98714,0.98715,34
1779869400,0.98706,0.98707,0.987,0.98705,41
1779869460,0.98711,0.98711,0.98704,0.98708,28
1779869520,0.98704,0.98707,0.98693,0.98693,57
1779869580,0.9868,0.98681,0.98679,0.98679,5
1779869640,0.9867,0.98671,0.98667,0.98667,8
1779869700,0.98666,0.98676,0.98666,0.98676,22
1779869760,0.98667,0.98674,0.98667,0.9867,28
1779869820,0.9868,0.98689,0.9868,0.98688,46
1779869880,0.98692,0.98697,0.98685,0.98697,58
1779869940,0.98684,0.98688,0.98675,0.98688,50
1779870000,0.98686,0.98686,0.98682,0.98682,9
1779870060,0.98677,0.98684,0.98675,0.98684,18
1779870120,0.98679,0.98679,0.98674,0.98676,17
1779870180,0.98687,0.987,0.98687,0.98694,40
1779870240,0.98688,0.98688,0.98672,0.98675,34
1779870300,0.98682,0.98687,0.98675,0.98678,52
1779870360,0.98668,0.9867,0.9866,0.9866,43
1779870420,0.98664,0.98665,0.98664,0.98664,5
1779870480,0.98677,0.98677,0.98676,0.98677,6
1779870540,0.9868,0.98682,0.98679,0.98682,14
1779870600,0.98679,0.98681,0.98674,0.98681,35
1779870660,0.98673,0.98675,0.9867,0.98674,20
1779870720,0.98676,0.98681,0.98672,0.98679,40
1779870780,0.98684,0.98685,0.98677,0.98682,41
1779870840,0.98679,0.98679,0.98669,0.98674,53
1779870900,0.98686,0.98689,0.98686,0.98689,9
1779870960,0.98683,0.98686,0.98681,0.98684,20
1779871020,0.98693,0.98695,0.98692,0.98692,20
1779871080,0.98673,0.98684,0.98673,0.98684,36
1779871140,0.98684,0.98686,0.98682,0.98685,29
1779871200,0.9868,0.98692,0.98679,0.98691,37
1779871260,0.98691,0.98697,0.98691,0.98697,37
1779871320,0.98701,0.98702,0.98696,0.98699,11
1779871380,0.98715,0.98717,0.98714,0.98714,14
1779871440,0.98706,0.98708,0.98706,0.98707,8
1779871500,0.98714,0.98714,0.98706,0.98709,34
1779871560,0.98706,0.98713,0.98706,0.98713,28
1779871620,0.98716,0.98721,0.98711,0.98712,56
1779871680,0.98715,0.98718,0.98715,0.98715,13
1779871740,0.98731,0.98736,0.9873,0.9873,20
1779871800,0.98718,0.98727,0.98718,0.98725,19
1779871860,0.98722,0.98724,0.9872,0.98723,21
1779871920,0.98734,0.98737,0.98733,0.98735,35
1779871980,0.98735,0.98736,0.98722,0.98723,53
1779872040,0.98729,0.98729,0.98723,0.98724,40
1779872100,0.98726,0.98727,0.98725,0.98726,5
1779872160,0.98736,0.98736,0.98734,0.98736,15
1779872220,0.98736,0.98743,0.98732,0.98743,31
1779872280,0.98747,0.98753,0.98747,0.98753,24
1779872340,0.98753,0.98761,0.98751,0.98754,60
1779872400,0.98751,0.98751,0.98751,0.98751,2
1779872460,0.98732,0.98735,0.98731,0.98734,11
1779872520,0.98751,0.98756,0.98749,0.98752,23
1779872580,0.98736,0.98737,0.98731,0.98735,32
1779872640,0.98753,0.98753,0.98744,0.98746,40
1779872700,0.98749,0.98749,0.98742,0.98749,31
1779872760,0.98744,0.98744,0.98744,0.98744,2
1779872820,0.98731,0.98735,0.98731,0.98735,12
1779872880,0.98741,0.98741,0.98733,0.98736,15
1779872940,0.98734,0.9874,0.98731,0.98734,25
1779873000,0.98735,0.98736,0.98727,0.98728,24
1779873060,0.98739,0.98741,0.98735,0.98735,17
1779873120,0.98742,0.98742,0.98735,0.9874,39
1779873180,0.98729,0.98734,0.98727,0.98733,29
1779873240,0.98739,0.9874,0.98738,0.98739,10
1779873300,0.98739,0.98745,0.98739,0.98744,14
1779873360,0.98758,0.98761,0.98753,0.98756,20
1779873420,0.98763,0.98763,0.98754,0.98756,31
1779873480,0.98772,0.98774,0.98764,0.98767,32
1779873540,0.98775,0.98777,0.9877,0.98773,33
1779873600,0.98778,0.98778,0.98778,0.98778,2
1779873660,0.9876,0.9876,0.98757,0.98758,22
1779873720,0.98753,0.98763,0.98753,0.98757,20
1779873780,0.98775,0.98785,0.98775,0.98784,30
1779873840,0.98765,0.98765,0.98761,0.98764,16
1779873900,0.98752,0.98753,0.98743,0.98745,36
1779873960,0.98746,0.98746,0.98745,0.98745,3
1779874020,0.98761,0.98761,0.98759,0.98761,7
1779874080,0.98759,0.98759,0.98755,0.98755,10
1779874140,0.98751,0.98756,0.98751,0.98754,30
1779874200,0.98754,0.98754,0.98749,0.98752,25
1779874260,0.98758,0.98765,0.98757,0.98765,46
1779874320,0.98763,0.98767,0.98762,0.98763,39
1779874380,0.98765,0.98767,0.98758,0.98758,11
1779874440,0.98761,0.98769,0.9876,0.98768,20
1779874500,0.98764,0.98766,0.98761,0.98763,20
1779874560,0.98767,0.98769,0.98763,0.98767,29
1779874620,0.98762,0.98764,0.9876,0.98762,18
1779874680,0.98758,0.98764,0.98755,0.98764,28
1779874740,0.98764,0.98766,0.98758,0.98763,35
1779874800,0.98761,0.98766,0.98761,0.98765,5
1779874860,0.98755,0.98757,0.98753,0.98755,6
1779874920,0.98752,0.98755,0.98749,0.98752,25
1779874980,0.9874,0.98745,0.98736,0.98737,25
1779875040,0.98734,0.98736,0.98734,0.98735,15
1779875100,0.98732,0.98736,0.98732,0.98732,22
1779875160,0.9873,0.98731,0.9873,0.98731,3
1779875220,0.98725,0.98727,0.98721,0.98722,13
1779875280,0.98711,0.98711,0.98704,0.98704,6
1779875340,0.98707,0.98717,0.98706,0.98717,36
1779875400,0.98725,0.98743,0.98725,0.98741,39
1779875460,0.98737,0.98741,0.98735,0.98739,31
1779875520,0.98748,0.9875,0.98741,0.98741,49
1779875580,0.9873,0.98731,0.9873,0.98731,2
1779875640,0.98746,0.98747,0.98744,0.98744,12
1779875700,0.98758,0.98761,0.98756,0.98761,21
1779875760,0.98765,0.9877,0.98765,0.98766,26
1779875820,0.98758,0.98765,0.98757,0.98763,42
1779875880,0.9876,0.9876,0.98747,0.98751,36
1779875940,0.98748,0.98748,0.98744,0.98745,4
1779876000,0.9873,0.98735,0.98729,0.98731,21
1779876060,0.98739,0.98742,0.98738,0.98739,10
1779876120,0.9874,0.98741,0.9874,0.9874,11
1779876180,0.98739,0.98742,0.98738,0.9874,36
1779876240,0.98738,0.9874,0.98738,0.9874,23
1779876300,0.98746,0.98747,0.98742,0.98746,38
1779876360,0.98745,0.98752,0.98745,0.98752,9
1779876420,0.98759,0.9876,0.98757,0.98759,15
1779876480,0.98762,0.98765,0.98759,0.98759,23
1779876540,0.98752,0.98754,0.9875,0.98751,27
1779876600,0.98754,0.98754,0.98746,0.98747,42
1779876660,0.98751,0.98763,0.98751,0.98759,49
1779876720,0.98754,0.98759,0.98754,0.98758,39
1779876780,0.98758,0.98759,0.98758,0.98759,4
1779876840,0.98762,0.98763,0.98762,0.98763,6
1779876900,0.98754,0.98759,0.98754,0.98758,23
1779876960,0.98754,0.98756,0.98748,0.98752,35
1779877020,0.98752,0.98753,0.98751,0.98752,14
1779877080,0.98759,0.98759,0.98752,0.98753,37
1779877140,0.98756,0.98758,0.98751,0.98751,31
1779877200,0.98756,0.98762,0.98751,0.9876,73
1779877260,0.98762,0.98763,0.9876,0.98762,8
1779877320,0.9875,0.98754,0.9875,0.98751,9
1779877380,0.9875,0.98755,0.9875,0.98755,20
1779877440,0.98743,0.98749,0.98743,0.98749,32
1779877500,0.98759,0.98761,0.98756,0.98758,43
1779877560,0.98757,0.98759,0.98752,0.98752,38
1779877620,0.98747,0.98747,0.98747,0.98747,1
1779877680,0.98736,0.9874,0.98736,0.9874,10
1779877740,0.98723,0.98725,0.98722,0.98725,14
1779877800,0.98724,0.98725,0.98722,0.98723,18
1779877860,0.98729,0.98731,0.98728,0.9873,12
1779877920,0.98739,0.98745,0.98739,0.98744,22
1779877980,0.98743,0.9875,0.98743,0.98748,27
1779878040,0.9874,0.98756,0.9874,0.98754,41
1779878100,0.98749,0.98753,0.98747,0.98752,42
1779878160,0.9875,0.9875,0.98747,0.98748,8
1779878220,0.9876,0.98761,0.98758,0.98759,18
1779878280,0.98762,0.9877,0.98761,0.9877,21
1779878340,0.98768,0.98768,0.98753,0.98753,45
1779878400,0.98744,0.9875,0.98742,0.98746,40
1779878460,0.98741,0.98746,0.98741,0.98746,25
1779878520,0.98743,0.98744,0.98743,0.98744,8
1779878580,0.98746,0.98747,0.98745,0.98746,8
1779878640,0.9875,0.9875,0.98733,0.98735,28
1779878700,0.98743,0.98752,0.98743,0.98748,34
1779878760,0.98741,0.98741,0.98726,0.98728,55
1779878820,0.98733,0.98736,0.98724,0.98731,72
1779878880,0.98713,0.98716,0.98713,0.98714,9
1779878940,0.98737,0.98744,0.98737,0.98743,17
1779879000,0.98746,0.98749,0.98743,0.98747,24
1779879060,0.98739,0.9874,0.98736,0.98738,18
1779879120,0.98724,0.98726,0.98714,0.9872,44
1779879180,0.98729,0.98729,0.98719,0.98721,20
1779879240,0.98724,0.98725,0.98724,0.98724,4
1779879300,0.98733,0.98733,0.98727,0.98728,13
1779879360,0.98709,0.98711,0.98706,0.98707,17
1779879420,0.98704,0.98705,0.98704,0.98704,5
1779879480,0.98703,0.98703,0.98688,0.98689,33
1779879540,0.98678,0.98685,0.98678,0.98682,36
1779879600,0.98702,0.98715,0.98698,0.98712,69
1779879660,0.98692,0.98701,0.98691,0.987,37
1779879720,0.98704,0.98708,0.98704,0.98708,10
1779879780,0.98715,0.98717,0.98713,0.98717,20
1779879840,0.98712,0.98713,0.98705,0.98711,24
1779879900,0.98714,0.98714,0.98706,0.98708,22
1779879960,0.98695,0.98703,0.98693,0.98696,50
1779880020,0.98695,0.98696,0.98689,0.98689,54
1779880080,0.98686,0.98686,0.98686,0.98686,2
1779880140,0.98681,0.98682,0.98679,0.9868,14
1779880200,0.98679,0.98682,0.98671,0.98673,29
1779880260,0.98677,0.98679,0.98669,0.98675,34
1779880320,0.98673,0.98675,0.9867,0.98673,36
1779880380,0.98682,0.98686,0.98681,0.98682,42
1779880440,0.98684,0.98686,0.9868,0.98682,31
1779880500,0.9869,0.9869,0.98688,0.9869,9
1779880560,0.98687,0.98687,0.98685,0.98685,10
1779880620,0.98687,0.98691,0.98687,0.98691,18
1779880680,0.98688,0.98688,0.98683,0.98685,23
1779880740,0.98683,0.98689,0.98683,0.98686,23
1779880800,0.98679,0.98679,0.98677,0.98679,18
1779880860,0.98676,0.98676,0.98676,0.98676,1
1779880920,0.98674,0.98674,0.9867,0.98672,11
1779880980,0.98683,0.98696,0.98683,0.9869,34
1779881040,0.98688,0.98695,0.98687,0.98693,21
1779881100,0.98688,0.98691,0.98685,0.98689,39
1779881160,0.98689,0.9869,0.98676,0.98676,39
1779881220,0.9867,0.9867,0.98666,0.98668,44
1779881280,0.98668,0.98673,0.98668,0.98672,58
1779881340,0.98669,0.98669,0.98668,0.98669,10
1779881400,0.98671,0.98674,0.98671,0.98674,17
1779881460,0.98661,0.98663,0.98656,0.98661,35
1779881520,0.98645,0.98655,0.98645,0.98653,32
1779881580,0.98654,0.98656,0.98652,0.98653,33
1779881640,0.98661,0.98661,0.98657,0.98658,33
1779881700,0.98666,0.98668,0.98662,0.98663,51
1779881760,0.9867,0.9867,0.9867,0.9867,2
1779881820,0.9867,0.98671,0.98665,0.98666,20
1779881880,0.98679,0.98686,0.98679,0.98684,29
1779881940,0.98673,0.98673,0.9867,0.98671,31
1779882000,0.98672,0.98673,0.98659,0.98661,49
1779882060,0.9866,0.98667,0.98651,0.98651,63
1779882120,0.98669,0.98671,0.98662,0.98665,14
1779882180,0.98674,0.98684,0.98673,0.98682,23
1779882240,0.98693,0.98697,0.98692,0.98692,30
1779882300,0.98683,0.98684,0.98675,0.98675,34
1779882360,0.98676,0.98682,0.98673,0.9868,45
1779882420,0.98667,0.98672,0.98666,0.9867,51
1779882480,0.98673,0.98675,0.98652,0.98655,40
1779882540,0.98659,0.98663,0.98657,0.98662,45
1779882600,0.98655,0.98656,0.98655,0.98655,10
1779882660,0.98652,0.98653,0.9865,0.98652,18
1779882720,0.98651,0.98661,0.98651,0.98655,29
1779882780,0.98653,0.98655,0.98652,0.98654,23
1779882840,0.98661,0.98662,0.98655,0.98658,43
1779882900,0.98656,0.98656,0.98656,0.98656,2
1779882960,0.98647,0.98647,0.98645,0.98645,10
1779883020,0.98648,0.98649,0.98646,0.98648,12
1779883080,0.98652,0.98654,0.98648,0.98654,24
1779883140,0.98657,0.98658,0.98654,0.98654,25
1779883200,0.98657,0.9866,0.9865,0.98651,38
1779883260,0.98638,0.98645,0.98637,0.98645,51
1779883320,0.9865,0.98656,0.98644,0.98645,55
1779883380,0.98645,0.98645,0.98639,0.98639,5
1779883440,0.98638,0.98639,0.98638,0.98638,8
1779883500,0.9865,0.98662,0.9865,0.98655,29
1779883560,0.98654,0.98657,0.98648,0.98657,46
1779883620,0.98653,0.98656,0.98646,0.9865,45
1779883680,0.98648,0.98649,0.98639,0.98641,43
1779883740,0.98638,0.98644,0.9863,0.9863,58
1779883800,0.98636,0.98638,0.98634,0.98637,16
1779883860,0.98636,0.98639,0.98636,0.98639,13
1779883920,0.98634,0.98634,0.98627,0.98632,28
1779883980,0.98621,0.98628,0.9862,0.98624,29
1779884040,0.98612,0.98614,0.9859,0.98595,49
1779884100,0.98579,0.9859,0.98577,0.98578,68
1779884160,0.9857,0.98581,0.98566,0.9858,72
1779884220,0.98572,0.98583,0.98572,0.98583,16
1779884280,0.98589,0.98614,0.98584,0.98614,32
1779884340,0.9866,0.98719,0.98652,0.98716,91
1779884400,0.98664,0.98664,0.98638,0.98638,87
1779884460,0.98692,0.98737,0.98685,0.98736,122
1779884520,0.98752,0.98761,0.98752,0.9876,10
1779884580,0.98799,0.98808,0.98795,0.98795,22
1779884640,0.98754,0.98759,0.9873,0.9873,46
1779884700,0.98742,0.98748,0.98739,0.98746,39
1779884760,0.98806,0.98808,0.98792,0.98807,77
1779884820,0.98781,0.98785,0.98755,0.98759,84
1779884880,0.98754,0.98767,0.9875,0.98764,90
1779884940,0.98778,0.98778,0.98778,0.98778,1
1779885000,0.98792,0.98803,0.98792,0.98798,24
1779885060,0.98805,0.98811,0.988,0.98803,43
1779885120,0.9877,0.98772,0.98761,0.98772,56
1779885180,0.98747,0.98755,0.9874,0.98743,80
1779885240,0.9875,0.9875,0.98717,0.98721,98
1779885300,0.98748,0.98753,0.98745,0.98747,24
1779885360,0.98721,0.98772,0.98721,0.98756,37
1779885420,0.98736,0.98736,0.98719,0.98723,44
1779885480,0.98706,0.98707,0.9869,0.98691,48
1779885540,0.98711,0.98716,0.98696,0.98696,60
1779885600,0.98708,0.9871,0.98696,0.98706,76
1779885660,0.98702,0.98703,0.98689,0.98694,99
1779885720,0.98697,0.98697,0.98694,0.98694,7
1779885780,0.98676,0.98683,0.98676,0.98679,27
1779885840,0.98695,0.98703,0.98693,0.98698,35
1779885900,0.98691,0.98691,0.98675,0.98675,52
1779885960,0.98675,0.98675,0.98666,0.98673,61
1779886020,0.98665,0.9867,0.98651,0.98652,84
1779886080,0.98658,0.98659,0.98658,0.98658,8
1779886140,0.98659,0.98665,0.98657,0.98657,23
1779886200,0.98665,0.98667,0.98658,0.98664,29
1779886260,0.98663,0.98681,0.98661,0.98679,36
1779886320,0.98674,0.98675,0.9867,0.98673,34
1779886380,0.98685,0.98685,0.98672,0.98672,54
1779886440,0.98676,0.98676,0.9867,0.98671,45
1779886500,0.98675,0.98675,0.98675,0.98675,2
1779886560,0.98684,0.98684,0.9868,0.9868,6
1779886620,0.9867,0.98673,0.98664,0.98664,22
1779886680,0.98668,0.98675,0.98668,0.98673,32
1779886740,0.98662,0.98666,0.98654,0.98655,44
1779886800,0.98637,0.98655,0.98636,0.98654,65
1779886860,0.98663,0.98674,0.98661,0.98673,68
1779886920,0.98662,0.98678,0.9866,0.98673,91
1779886980,0.98701,0.98701,0.98701,0.98701,1
1779887040,0.98695,0.98696,0.98693,0.98696,9
1779887100,0.98671,0.98676,0.9867,0.98671,35
1779887160,0.98682,0.98683,0.98676,0.98678,33
1779887220,0.98678,0.98678,0.98667,0.9867,54
1779887280,0.98656,0.98667,0.98655,0.98665,69
1779887340,0.98643,0.9865,0.9864,0.98644,76
1779887400,0.98647,0.98647,0.98647,0.98647,2
1779887460,0.98677,0.98683,0.98677,0.98679,17
1779887520,0.98685,0.98688,0.98681,0.98687,29
1779887580,0.98682,0.98684,0.98677,0.98677,38
1779887640,0.9867,0.98673,0.98663,0.98666,62
1779887700,0.9867,0.98676,0.9867,0.9867,69
1779887760,0.98667,0.98671,0.98662,0.98666,84
1779887820,0.98685,0.98685,0.98682,0.98682,6
1779887880,0.98678,0.98683,0.98677,0.98683,20
1779887940,0.98678,0.98686,0.98676,0.98686,41
1779888000,0.98679,0.98681,0.98673,0.98673,33
1779888060,0.98651,0.98651,0.98642,0.98644,56
1779888120,0.98648,0.98655,0.9864,0.98655,65
1779888180,0.98658,0.98667,0.98654,0.98665,82
1779888240,0.98662,0.98675,0.98659,0.98675,20
1779888300,0.98687,0.98689,0.98683,0.98687,28
1779888360,0.98689,0.98696,0.98685,0.98696,47
1779888420,0.98705,0.98709,0.98702,0.98708,48
1779888480,0.98693,0.98698,0.98687,0.98692,91
1779888540,0.9868,0.9868,0.9868,0.9868,2
1779888600,0.9866,0.9867,0.98659,0.98669,21
1779888660,0.98666,0.98687,0.98666,0.98685,36
1779888720,0.98675,0.9868,0.9867,0.98679,49
1779888780,0.98688,0.98701,0.98687,0.987,54
1779888840,0.98697,0.98706,0.98697,0.98705,55
1779888900,0.987,0.98703,0.98687,0.98688,80
1779888960,0.98685,0.98685,0.98685,0.98685,2
1779889020,0.98654,0.98657,0.98652,0.98657,15
1779889080,0.98649,0.98655,0.98649,0.98653,25
1779889140,0.9865,0.98664,0.98649,0.98662,36
1779889200,0.98666,0.98671,0.98664,0.98671,49
1779889260,0.98678,0.98682,0.98675,0.98675,56
1779889320,0.98686,0.98689,0.98676,0.98682,70
1779889380,0.98685,0.9869,0.98681,0.98684,82
1779889440,0.98669,0.98671,0.98668,0.98671,11
1779889500,0.98688,0.98697,0.98686,0.98697,24
1779889560,0.98721,0.98721,0.98701,0.98703,31
1779889620,0.98682,0.98689,0.98665,0.98665,47
1779889680,0.98658,0.98667,0.98657,0.98666,66
1779889740,0.98668,0.98668,0.98653,0.98657,75
1779889800,0.98666,0.98673,0.98658,0.98662,113
1779889860,0.98667,0.98685,0.98667,0.98676,100
1779889920,0.98686,0.98686,0.98679,0.98679,10
1779889980,0.98689,0.98692,0.9868,0.9868,20
1779890040,0.98668,0.98672,0.98665,0.98666,37
1779890100,0.98663,0.98669,0.98658,0.98666,62
1779890160,0.9866,0.98661,0.98652,0.9866,73
1779890220,0.98658,0.98668,0.98657,0.98666,86
1779890280,0.98673,0.98673,0.98671,0.98673,9
1779890340,0.9866,0.98665,0.98659,0.98664,25
1779890400,0.98686,0.98701,0.98686,0.98693,38
1779890460,0.98681,0.98692,0.98681,0.9869,29
1779890520,0.98696,0.98696,0.98684,0.98685,46
1779890580,0.98689,0.98691,0.98685,0.98685,64
1779890640,0.98684,0.98689,0.98675,0.98689,89
1779890700,0.987,0.987,0.98695,0.98697,15
1779890760,0.98677,0.98677,0.98673,0.98673,32
1779890820,0.98676,0.98684,0.98676,0.9868,43
1779890880,0.98667,0.98678,0.98667,0.98677,59
1779890940,0.98669,0.98691,0.98669,0.98687,81
1779891000,0.9869,0.9869,0.98675,0.98684,74
1779891060,0.98684,0.98684,0.98683,0.98683,4
1779891120,0.9868,0.98686,0.9868,0.98686,18
1779891180,0.98691,0.98695,0.98688,0.9869,39
1779891240,0.98695,0.98704,0.98683,0.9869,47
1779891300,0.98694,0.98695,0.98686,0.98686,67
1779891360,0.98689,0.98707,0.98689,0.98699,91
1779891420,0.98703,0.98704,0.98703,0.98704,7
1779891480,0.98716,0.98721,0.98716,0.98721,22
1779891540,0.98721,0.98724,0.98715,0.98718,40
1779891600,0.98719,0.98727,0.98689,0.98694,77
1779891660,0.98697,0.98706,0.98695,0.98706,68
1779891720,0.98708,0.98713,0.98708,0.98709,53
1779891780,0.98693,0.98693,0.98693,0.98693,2
1779891840,0.98681,0.98681,0.98677,0.98679,13
1779891900,0.98651,0.98665,0.9865,0.98665,24
1779891960,0.98665,0.98667,0.98657,0.98657,43
1779892020,0.98662,0.98675,0.98661,0.98675,54
1779892080,0.98661,0.98667,0.98655,0.9866,82
1779892140,0.9867,0.98676,0.98664,0.98667,84
1779892200,0.98665,0.98668,0.98665,0.98665,11
1779892260,0.98667,0.98674,0.98667,0.98674,31
1779892320,0.98688,0.98688,0.98678,0.98678,51
1779892380,0.98638,0.98662,0.98602,0.98602,73
1779892440,0.98589,0.98625,0.98589,0.98614,91
1779892500,0.98625,0.98631,0.98616,0.98622,87
1779892560,0.98618,0.98637,0.98618,0.98636,103
1779892620,0.98641,0.98641,0.98633,0.98633,8
1779892680,0.98634,0.98653,0.98634,0.98653,30
1779892740,0.98652,0.98656,0.98644,0.98653,34
1779892800,0.9866,0.98661,0.98648,0.9865,56
1779892860,0.98644,0.98644,0.98627,0.98627,74
1779892920,0.98634,0.98635,0.98622,0.98625,74
1779892980,0.98613,0.98635,0.98612,0.98633,108
1779893040,0.98636,0.98644,0.98634,0.98643,90
1779893100,0.9864,0.98644,0.9864,0.98643,25
1779893160,0.98671,0.98674,0.98665,0.98674,27
1779893220,0.98672,0.98674,0.9867,0.98673,33
1779893280,0.98673,0.98675,0.98656,0.98657,72
1779893340,0.98679,0.98681,0.98666,0.9867,73
1779893400,0.98653,0.98653,0.98652,0.98653,7
1779893460,0.98692,0.98694,0.98685,0.98685,33
1779893520,0.98667,0.98675,0.98664,0.98673,37
1779893580,0.9867,0.98674,0.98664,0.98666,59
1779893640,0.98661,0.98667,0.98657,0.98667,64
1779893700,0.98676,0.9868,0.98667,0.98679,76
1779893760,0.98677,0.98689,0.98671,0.98687,114
1779893820,0.98676,0.98684,0.98675,0.98684,26
1779893880,0.98687,0.98704,0.98687,0.98702,33
1779893940,0.98704,0.98706,0.98699,0.98701,59
1779894000,0.98702,0.98703,0.98693,0.98694,71
1779894060,0.98705,0.98725,0.98704,0.98725,88
1779894120,0.98735,0.98736,0.98721,0.98721,106
1779894180,0.98717,0.98717,0.98712,0.98712,7
1779894240,0.98723,0.98724,0.9872,0.98724,17
1779894300,0.98705,0.98721,0.98705,0.98721,41
1779894360,0.98692,0.98701,0.98692,0.987,44
1779894420,0.98682,0.98693,0.98681,0.98693,64
1779894480,0.98694,0.98705,0.98689,0.98702,63
1779894540,0.98701,0.98704,0.98695,0.98695,83
1779894600,0.98698,0.98699,0.98692,0.98694,89
1779894660,0.98694,0.98698,0.98691,0.98691,13
1779894720,0.98704,0.98704,0.98698,0.98699,16
1779894780,0.9871,0.98713,0.98703,0.98704,45
1779894840,0.98722,0.98725,0.98719,0.98719,46
1779894900,0.98723,0.98723,0.98703,0.98703,65
1779894960,0.98695,0.98699,0.98691,0.98698,59
1779895020,0.98698,0.98707,0.98696,0.98705,88
1779895080,0.98706,0.98714,0.98706,0.9871,17
1779895140,0.98714,0.9872,0.9871,0.98715,32
1779895200,0.98721,0.98735,0.98721,0.98729,45
1779895260,0.9872,0.98722,0.98712,0.98715,51
1779895320,0.98716,0.98719,0.98713,0.98718,64
1779895380,0.98718,0.98723,0.98715,0.98723,71
1779895440,0.98725,0.98725,0.98719,0.98721,75
1779895500,0.98725,0.98725,0.98719,0.98725,12
1779895560,0.98723,0.98726,0.98723,0.98725,26
1779895620,0.98719,0.98721,0.98718,0.98718,48
1779895680,0.9872,0.98725,0.98716,0.98723,52
1779895740,0.98727,0.98732,0.98726,0.98727,69
1779895800,0.98732,0.98733,0.9872,0.9873,78
1779895860,0.98727,0.98727,0.98724,0.98725,5
1779895920,0.98735,0.98738,0.98732,0.98737,13
1779895980,0.98742,0.98748,0.98737,0.98748,24
1779896040,0.98749,0.98749,0.98735,0.98739,41
1779896100,0.98735,0.9874,0.9873,0.9873,60
1779896160,0.98709,0.98717,0.98705,0.9871,97
1779896220,0.98717,0.98717,0.98703,0.98706,79
1779896280,0.98706,0.98707,0.98705,0.98707,8
1779896340,0.98703,0.98703,0.98695,0.98696,28
1779896400,0.98701,0.98708,0.98699,0.98708,33
1779896460,0.98713,0.98721,0.9871,0.9872,43
1779896520,0.98706,0.98711,0.98704,0.98705,46
1779896580,0.98688,0.98694,0.98683,0.98688,70
1779896640,0.98676,0.98676,0.98676,0.98676,3
1779896700,0.9866,0.98666,0.9866,0.98666,24
1779896760,0.98669,0.9867,0.98665,0.98666,19
1779896820,0.98673,0.98673,0.98667,0.98667,35
1779896880,0.98651,0.98654,0.98647,0.98647,39
1779896940,0.98645,0.98648,0.98643,0.98645,51
1779897000,0.98655,0.98669,0.98655,0.98666,61
1779897060,0.9866,0.98661,0.98652,0.98657,69
1779897120,0.98648,0.9865,0.98648,0.9865,4
1779897180,0.98665,0.98673,0.98664,0.98673,21
1779897240,0.98685,0.98685,0.98677,0.98678,21
1779897300,0.98684,0.98687,0.9868,0.98681,30
1779897360,0.98678,0.98679,0.98667,0.98668,38
1779897420,0.98673,0.9868,0.98671,0.98675,56
1779897480,0.98676,0.98676,0.98664,0.98666,67
1779897540,0.98672,0.98673,0.98669,0.98669,7
1779897600,0.98682,0.98685,0.98679,0.98679,19
1779897660,0.98691,0.98698,0.98691,0.98698,22
1779897720,0.98696,0.98698,0.98689,0.98691,35
1779897780,0.98696,0.98701,0.98695,0.98696,42
1779897840,0.98668,0.98683,0.98662,0.98683,93
1779897900,0.98683,0.98694,0.98681,0.98692,74
1779897960,0.98679,0.98682,0.98672,0.9868,84
1779898020,0.98685,0.98688,0.98685,0.98686,10
1779898080,0.98679,0.9868,0.98665,0.98667,25
1779898140,0.98681,0.98685,0.98679,0.98683,40
1779898200,0.9869,0.98694,0.98688,0.98689,45
1779898260,0.98689,0.98695,0.98685,0.98692,48
1779898320,0.98699,0.987,0.98699,0.987,5
1779898380,0.98708,0.98708,0.98703,0.98704,14
1779898440,0.98689,0.98693,0.98689,0.9869,21
1779898500,0.98689,0.9869,0.98687,0.98687,20
1779898560,0.98688,0.98689,0.98684,0.98686,26
1779898620,0.98684,0.98691,0.98684,0.98688,54
1779898680,0.9869,0.98692,0.98685,0.98687,53
1779898740,0.98689,0.98693,0.98687,0.98691,38
1779898800,0.98687,0.98689,0.98686,0.98686,10
1779898860,0.98688,0.98693,0.98688,0.98693,22
1779898920,0.98686,0.98699,0.98684,0.98695,44
1779898980,0.9869,0.98695,0.98689,0.98692,34
1779899040,0.98701,0.98702,0.98696,0.98698,46
1779899100,0.98685,0.98687,0.9868,0.98682,56
1779899160,0.98683,0.98687,0.98679,0.98682,56
1779899220,0.98684,0.98684,0.9868,0.98681,14
1779899280,0.98687,0.98688,0.98686,0.98687,12
1779899340,0.98684,0.98688,0.98683,0.98688,34
1779899400,0.98691,0.98697,0.98689,0.98689,31
1779899460,0.98681,0.98691,0.98681,0.98691,50
1779899520,0.98696,0.98707,0.98696,0.98702,42
1779899580,0.98701,0.98701,0.987,0.987,5
1779899640,0.98695,0.98701,0.98695,0.98701,18
1779899700,0.98707,0.98709,0.98706,0.98709,19
1779899760,0.98714,0.98723,0.98712,0.98714,44
1779899820,0.9871,0.9871,0.98703,0.98703,39
1779899880,0.98706,0.98709,0.98702,0.98707,47
1779899940,0.98709,0.98712,0.98702,0.98704,63
1779900000,0.98707,0.98707,0.98707,0.98707,3
1779900060,0.98722,0.98722,0.9872,0.98722,17
1779900120,0.98716,0.98724,0.98716,0.98722,26
1779900180,0.98721,0.98725,0.98718,0.98722,29
1779900240,0.98724,0.98725,0.98723,0.98723,24
1779900300,0.98725,0.98732,0.98725,0.98729,45
1779900360,0.98728,0.98731,0.98721,0.98729,47
1779900420,0.98728,0.98728,0.98728,0.98728,1
1779900480,0.98731,0.98736,0.98731,0.98735,13
1779900540,0.98734,0.98736,0.98734,0.98736,10
1779900600,0.98737,0.98739,0.98731,0.98731,17
1779900660,0.98734,0.98738,0.98731,0.98735,47
1779900720,0.98732,0.98732,0.98727,0.98729,36
1779900780,0.98727,0.98728,0.98723,0.98724,38
1779900840,0.98726,0.98729,0.98723,0.98728,58
1779900900,0.98724,0.98724,0.9872,0.9872,9
1779900960,0.98713,0.98718,0.98712,0.98715,28
1779901020,0.98704,0.98708,0.98703,0.98703,23
1779901080,0.98696,0.98698,0.98694,0.98695,36
1779901140,0.98704,0.98706,0.98702,0.98702,40
1779901200,0.98705,0.98707,0.98702,0.98703,62
1779901260,0.9871,0.9871,0.98708,0.98709,6
1779901320,0.98707,0.9871,0.98703,0.98705,29
1779901380,0.98709,0.98711,0.98701,0.98702,23
1779901440,0.9871,0.9871,0.98703,0.98704,23
1779901500,0.98704,0.98713,0.98701,0.98709,36
1779901560,0.98704,0.98704,0.9869,0.98693,68
1779901620,0.9869,0.9869,0.9869,0.9869,1
1779901680,0.98676,0.98678,0.98669,0.98669,26
1779901740,0.98668,0.98678,0.98666,0.98676,38
1779901800,0.98664,0.98672,0.98663,0.98665,40
1779901860,0.98667,0.98671,0.98662,0.98671,56
1779901920,0.98665,0.98666,0.98659,0.98665,47
1779901980,0.98663,0.98664,0.98658,0.98661,68
1779902040,0.98664,0.98664,0.9866,0.98662,9
1779902100,0.98672,0.98672,0.98668,0.98669,15
1779902160,0.98673,0.98676,0.98672,0.98673,18
1779902220,0.98675,0.98677,0.98672,0.98676,26
1779902280,0.98679,0.98681,0.98675,0.98679,38
1779902340,0.98669,0.9867,0.9866,0.9866,62
1779902400,0.9866,0.98662,0.98655,0.98658,56
1779902460,0.98663,0.98664,0.98663,0.98664,3
1779902520,0.98647,0.98652,0.98647,0.98652,17
1779902580,0.98652,0.98652,0.98648,0.98651,20
1779902640,0.98647,0.98654,0.98646,0.98651,39
1779902700,0.98646,0.98651,0.98645,0.98647,40
1779902760,0.98652,0.98659,0.98652,0.98659,37
1779902820,0.98659,0.98659,0.98651,0.98652,28
1779902880,0.98655,0.98659,0.98653,0.98654,46
1779902940,0.98659,0.9866,0.98658,0.98659,9
1779903000,0.98658,0.98659,0.98657,0.98659,11
1779903060,0.98661,0.98668,0.9866,0.98668,23
1779903120,0.98664,0.98666,0.98662,0.98664,29
1779903180,0.9866,0.9866,0.98654,0.98656,43
1779903240,0.98653,0.98655,0.98649,0.98652,33
1779903300,0.98654,0.98654,0.9865,0.98653,52
1779903360,0.98664,0.98666,0.98663,0.98663,6
1779903420,0.98667,0.98667,0.98665,0.98667,14
1779903480,0.98658,0.98662,0.98657,0.98662,28
1779903540,0.9867,0.98671,0.98667,0.98669,31
1779903600,0.98659,0.98664,0.98658,0.98658,26
1779903660,0.98661,0.98667,0.9866,0.98663,34
1779903720,0.98664,0.98665,0.98659,0.9866,33
1779903780,0.98659,0.9866,0.98659,0.9866,4
1779903840,0.98664,0.98665,0.98661,0.98663,12
1779903900,0.98662,0.98665,0.98661,0.98665,17
1779903960,0.98665,0.98669,0.98665,0.98667,29
1779904020,0.98676,0.98681,0.98676,0.9868,35
1779904080,0.98677,0.98679,0.98675,0.98679,37
1779904140,0.98682,0.98689,0.98681,0.98686,34
1779904200,0.98688,0.98694,0.98686,0.98694,59
1779904260,0.98689,0.98691,0.98688,0.98689,13
1779904320,0.9869,0.9869,0.98689,0.98689,8
1779904380,0.98689,0.98689,0.98687,0.98688,12
1779904440,0.98686,0.9869,0.98685,0.9869,28
1779904500,0.9869,0.98694,0.98687,0.98692,38
1779904560,0.98697,0.98699,0.98695,0.98696,49
1779904620,0.98691,0.98691,0.9869,0.9869,3
1779904680,0.98692,0.98692,0.98691,0.98692,6
1779904740,0.98685,0.98687,0.98685,0.98686,19
1779904800,0.98681,0.98686,0.98681,0.98681,40
1779904860,0.98678,0.98681,0.98676,0.98679,34
1779904920,0.98674,0.98684,0.98674,0.98683,46
1779904980,0.98683,0.98687,0.98682,0.98685,52
1779905040,0.98685,0.98685,0.98683,0.98683,5
1779905100,0.98683,0.98684,0.98682,0.98683,10
1779905160,0.98688,0.98688,0.98681,0.98685,26
1779905220,0.98691,0.98693,0.98691,0.98691,20
1779905280,0.98694,0.98697,0.9869,0.98697,36
1779905340,0.98699,0.98702,0.98699,0.987,27
1779905400,0.98695,0.98697,0.98693,0.98694,39
1779905460,0.98694,0.98694,0.98692,0.98692,5
1779905520,0.98694,0.98697,0.98692,0.98693,23
1779905580,0.98693,0.98693,0.9869,0.9869,24
1779905640,0.98688,0.98691,0.98688,0.98688,30
1779905700,0.98695,0.98698,0.98692,0.98694,53
1779905760,0.98693,0.98696,0.98691,0.98695,52
1779905820,0.98691,0.98697,0.98688,0.98693,49
1779905880,0.98695,0.98697,0.98695,0.98696,5
1779905940,0.98702,0.98702,0.987,0.98702,9
1779906000,0.98695,0.98698,0.98694,0.98697,33
1779906060,0.98702,0.98706,0.98702,0.98706,36
1779906120,0.98705,0.98709,0.98702,0.98708,33
1779906180,0.98708,0.9871,0.98705,0.98709,38
1779906240,0.98719,0.9872,0.98719,0.9872,3
1779906300,0.98717,0.98718,0.98714,0.98717,11
1779906360,0.98713,0.98717,0.98713,0.98715,9
1779906420,0.98719,0.98728,0.98719,0.98722,44
1779906480,0.98722,0.98727,0.9872,0.9872,39
1779906540,0.98724,0.98731,0.98724,0.98729,31
1779906600,0.98731,0.98731,0.98731,0.98731,2
1779906660,0.98733,0.98733,0.98728,0.98729,15
1779906720,0.98725,0.98726,0.98721,0.98721,19
1779906780,0.98722,0.98724,0.9872,0.98723,30
1779906840,0.98719,0.98722,0.98714,0.98716,41
1779906900,0.98712,0.98714,0.98706,0.98712,23
1779906960,0.98706,0.98715,0.98704,0.98713,42
1779907020,0.98712,0.98713,0.9871,0.98713,10
1779907080,0.98711,0.98714,0.98711,0.98713,18
1779907140,0.98726,0.98726,0.9872,0.98723,21
1779907200,0.98729,0.98729,0.98725,0.98726,26
1779907260,0.98732,0.98734,0.98729,0.98731,33
1779907320,0.98734,0.98734,0.98734,0.98734,2
1779907380,0.98738,0.9874,0.98738,0.9874,9
1779907440,0.98743,0.98744,0.98741,0.98744,11
1779907500,0.98743,0.98743,0.9874,0.98743,15
1779907560,0.98742,0.98742,0.98739,0.9874,23
1779907620,0.98742,0.98749,0.9874,0.98748,29
1779907680,0.98745,0.9875,0.98745,0.98747,28
1779907740,0.98747,0.98751,0.98742,0.9875,50
1779907800,0.98749,0.9875,0.98749,0.9875,10
1779907860,0.98756,0.98757,0.98752,0.98752,10
1779907920,0.98754,0.98754,0.98751,0.98751,5
1779907980,0.98752,0.98754,0.98747,0.9875,29
1779908040,0.98746,0.98749,0.98744,0.98747,30
1779908100,0.98744,0.98758,0.98744,0.98758,50
1779908160,0.98758,0.98759,0.98757,0.98757,8
1779908220,0.98756,0.98759,0.98756,0.98759,17
1779908280,0.98757,0.98758,0.98755,0.98757,24
1779908340,0.98758,0.98765,0.98753,0.9876,45
1779908400,0.98763,0.98766,0.98761,0.98762,36
1779908460,0.98756,0.98756,0.98749,0.98751,48
1779908520,0.98755,0.98762,0.98754,0.98761,39
1779908580,0.98757,0.98757,0.98755,0.98755,7
1779908640,0.98765,0.98767,0.98765,0.98766,11
1779908700,0.98768,0.98773,0.98768,0.98768,16
1779908760,0.98776,0.98778,0.98771,0.98775,29
1779908820,0.98765,0.9877,0.98761,0.98761,48
1779908880,0.98766,0.98769,0.98758,0.9876,55
1779908940,0.98758,0.98759,0.98758,0.98759,4
1779909000,0.98767,0.98768,0.98766,0.98767,10
1779909060,0.98764,0.98764,0.98761,0.98762,11
1779909120,0.98758,0.98761,0.98758,0.98761,8
1779909180,0.98762,0.98762,0.98757,0.98759,41
1779909240,0.98757,0.98757,0.98751,0.98754,32
1779909300,0.98763,0.9877,0.98763,0.98765,48
1779909360,0.98768,0.98769,0.98762,0.98768,48
1779909420,0.98768,0.98769,0.98768,0.98769,7
1779909480,0.98764,0.98766,0.98764,0.98764,13
1779909540,0.98769,0.98769,0.98763,0.98765,24
1779909600,0.98769,0.98771,0.98767,0.98767,29
1779909660,0.98769,0.98769,0.98765,0.98765,20
1779909720,0.98765,0.98766,0.98763,0.98766,18
1779909780,0.98764,0.98768,0.98764,0.98768,40
1779909840,0.98768,0.98768,0.98767,0.98767,5
1779909900,0.98766,0.98766,0.98765,0.98765,3
1779909960,0.98759,0.98763,0.98759,0.98759,23
1779910020,0.98747,0.98748,0.98743,0.98743,13
1779910080,0.9875,0.9875,0.98744,0.98744,30
1779910140,0.98746,0.98748,0.98744,0.98747,32
1779910200,0.9875,0.98751,0.9875,0.98751,6
1779910260,0.98748,0.98748,0.98747,0.98748,7
1779910320,0.98751,0.98752,0.98749,0.98749,21
1779910380,0.98756,0.98761,0.98756,0.98759,36
1779910440,0.98765,0.98765,0.98761,0.98765,31
1779910500,0.98764,0.98765,0.9876,0.98764,40
1779910560,0.98772,0.98774,0.98771,0.98773,35
1779910620,0.98774,0.98775,0.98774,0.98774,6
1779910680,0.98774,0.98774,0.98767,0.98768,15
1779910740,0.98775,0.9878,0.98775,0.98779,30
1779910800,0.9878,0.98782,0.98776,0.98777,20
1779910860,0.98772,0.98774,0.98769,0.98771,35
1779910920,0.9877,0.98774,0.9877,0.98771,23
1779910980,0.98772,0.98772,0.98771,0.98771,4
1779911040,0.98775,0.98775,0.98774,0.98774,10
1779911100,0.98777,0.98777,0.98773,0.98776,16
1779911160,0.98775,0.98781,0.98775,0.98778,22
1779911220,0.98776,0.98779,0.98776,0.98779,27
1779911280,0.98786,0.98786,0.98781,0.98781,32
1779911340,0.98775,0.98782,0.98775,0.9878,48
1779911400,0.98774,0.98775,0.98773,0.98775,14
1779911460,0.98779,0.98781,0.98778,0.98778,17
1779911520,0.98785,0.98785,0.9878,0.98782,25
1779911580,0.98778,0.98782,0.98778,0.9878,20
1779911640,0.98779,0.9878,0.98776,0.98778,31
1779911700,0.9878,0.98782,0.98778,0.98779,52
1779911760,0.98782,0.98788,0.98781,0.98786,39
1779911820,0.98781,0.98781,0.98773,0.98773,9
1779911880,0.98775,0.98777,0.98773,0.98776,10
1779911940,0.98772,0.98776,0.98772,0.98776,28
1779912000,0.98779,0.98783,0.98777,0.98781,45
1779912060,0.98778,0.98781,0.98776,0.98779,58
1779912120,0.98781,0.98783,0.98779,0.98781,43
1779912180,0.98778,0.9878,0.98775,0.98777,23
1779912240,0.98773,0.98775,0.98773,0.98775,4
1779912300,0.98767,0.98772,0.98765,0.98772,19
1779912360,0.98775,0.98778,0.98775,0.98778,9
1779912420,0.98781,0.98792,0.98781,0.9879,34
1779912480,0.98793,0.98797,0.98793,0.98796,24
1779912540,0.988,0.98803,0.988,0.988,34
1779912600,0.98799,0.98799,0.98799,0.98799,1
1779912660,0.98799,0.98799,0.98794,0.98794,12
1779912720,0.98793,0.98796,0.98792,0.98796,11
1779912780,0.98793,0.98794,0.98793,0.98793,8
1779912840,0.98796,0.98796,0.98792,0.98793,12
1779912900,0.98794,0.98797,0.98794,0.98797,16
1779912960,0.98797,0.98797,0.98794,0.98797,22
1779913020,0.9879,0.9879,0.9879,0.9879,1
1779913080,0.98787,0.98787,0.98785,0.98785,9
1779913140,0.98789,0.98789,0.98787,0.98787,9
1779913200,0.98791,0.98792,0.9879,0.9879,13
1779913260,0.98792,0.98793,0.98792,0.98793,6
1779913320,0.98799,0.98799,0.98793,0.98794,17
1779913380,0.98793,0.98793,0.9879,0.9879,32
1779913440,0.98784,0.98787,0.98784,0.98787,12
1779913500,0.98787,0.98788,0.98787,0.98788,4
1779913560,0.98787,0.9879,0.98787,0.9879,14
1779913620,0.98792,0.98793,0.98792,0.98793,4
1779913680,0.98795,0.98798,0.98793,0.98796,35
1779913740,0.98802,0.98803,0.98801,0.98803,12
1779913800,0.98801,0.98801,0.98798,0.988,12
1779913860,0.988,0.988,0.988,0.988,1
1779913920,0.98808,0.98808,0.98808,0.98808,1
1779913980,0.9881,0.9881,0.98808,0.98808,3
1779914040,0.9881,0.98813,0.98809,0.98813,8
1779914100,0.98813,0.98814,0.98807,0.98807,16
1779914160,0.98816,0.98816,0.98813,0.98816,19
1779914220,0.98824,0.98824,0.98819,0.98824,29
1779914280,0.98822,0.98822,0.98821,0.98821,4
1779914340,0.98821,0.98821,0.98818,0.98818,4
1779914400,0.98816,0.98816,0.9881,0.9881,4
1779914460,0.98815,0.98816,0.98815,0.98816,4
1779914520,0.9882,0.98822,0.9882,0.9882,10
1779914580,0.9882,0.98827,0.9882,0.98825,17
1779914640,0.98825,0.98825,0.98819,0.9882,13
1779914700,0.98825,0.98825,0.98825,0.98825,2
1779914760,0.9882,0.98822,0.9882,0.98821,6
1779914820,0.98821,0.98823,0.98821,0.98822,7
1779914880,0.98815,0.98819,0.98815,0.98817,12
1779914940,0.98815,0.98817,0.98812,0.98814,18
1779915000,0.98817,0.9882,0.98816,0.98817,22
1779915060,0.98823,0.98823,0.9882,0.9882,10
1779915120,0.98816,0.98816,0.98816,0.98816,1
1779915180,0.9882,0.9882,0.9882,0.9882,2
1779915240,0.98826,0.98828,0.98824,0.98828,8
1779915300,0.98825,0.98827,0.98824,0.98824,9
1779915360,0.98825,0.98825,0.98824,0.98824,4
1779915420,0.98822,0.98822,0.98815,0.9882,27
1779915480,0.9882,0.98827,0.9882,0.98824,26
1779915660,0.98779,0.98779,0.98779,0.98779,2
1779915900,0.9878,0.98784,0.9878,0.98784,2
1779915960,0.98781,0.98781,0.98781,0.98781,1
1779916260,0.98795,0.988,0.98795,0.988,8
1779916320,0.98799,0.98801,0.98799,0.988,10
1779916380,0.98812,0.98812,0.98812,0.98812,1
1779916440,0.98812,0.98812,0.98812,0.98812,1
1779916800,0.98716,0.98732,0.98716,0.98716,6
1779916860,0.98713,0.98716,0.98712,0.98712,10
1779916920,0.98713,0.98719,0.98712,0.98719,6
1779916980,0.98729,0.98729,0.98718,0.98718,8
1779917040,0.98714,0.98714,0.98705,0.98705,8
1779917100,0.987,0.9872,0.987,0.9872,10
1779917160,0.98694,0.98694,0.98694,0.98694,2
1779917220,0.98729,0.98729,0.98724,0.98724,5
1779917400,0.98721,0.98736,0.98721,0.98729,20
1779917460,0.98722,0.98722,0.98722,0.98722,2
1779917520,0.98716,0.98719,0.98716,0.98719,4
1779917580,0.98749,0.98749,0.98748,0.98748,3
1779917640,0.98762,0.98768,0.98761,0.98764,23
1779917700,0.9876,0.98763,0.98751,0.98763,6
1779917760,0.98786,0.98795,0.98761,0.98761,34
1779917820,0.98784,0.98786,0.98784,0.98786,3
1779917880,0.98782,0.98782,0.98781,0.98781,5
1779917940,0.98723,0.98723,0.98716,0.98716,5
1779918000,0.98787,0.98787,0.9878,0.98782,15
1779918060,0.98792,0.98792,0.98764,0.98764,12
1779918120,0.98766,0.98768,0.98766,0.98766,6
1779918180,0.98766,0.98766,0.98766,0.98766,2
1779918240,0.98766,0.98766,0.98766,0.98766,2
1779918300,0.9875,0.98755,0.9875,0.98751,14
1779918360,0.9877,0.98771,0.9877,0.9877,7
1779918420,0.98772,0.98773,0.98771,0.98771,7
1779918480,0.98767,0.9877,0.98763,0.98768,22
1779918540,0.9874,0.98742,0.98738,0.98741,14
1779918600,0.98739,0.98743,0.98739,0.98741,14
1779918660,0.98742,0.98742,0.9874,0.98741,9
1779918720,0.98743,0.98744,0.98735,0.98735,5
1779918780,0.98734,0.98734,0.98734,0.98734,1
1779918840,0.98725,0.98726,0.98722,0.98722,28
1779918900,0.98724,0.98725,0.98719,0.98725,17
1779918960,0.98701,0.98703,0.98687,0.98703,20
1779919020,0.98709,0.98742,0.98706,0.98739,23
1779919080,0.98762,0.98762,0.98762,0.98762,4
1779919140,0.9877,0.98781,0.98748,0.98775,29
1779919200,0.98803,0.98832,0.98801,0.98831,45
1779919260,0.98823,0.98825,0.98821,0.98821,11
1779919320,0.98833,0.98838,0.98832,0.98837,43
1779919380,0.98837,0.98837,0.98835,0.98837,6
1779919440,0.98833,0.98833,0.98833,0.98833,2
1779919500,0.98809,0.98814,0.98804,0.98811,19
1779919560,0.98824,0.98826,0.98824,0.98825,5
1779919620,0.98829,0.9883,0.98827,0.98827,6
1779919680,0.98822,0.98829,0.98822,0.98829,8
1779919740,0.98828,0.98828,0.98823,0.98827,15
1779919800,0.98814,0.98815,0.9881,0.98811,18
1779919860,0.98805,0.98808,0.98805,0.98808,4
1779919920,0.98807,0.98807,0.98807,0.98807,3
1779919980,0.9882,0.98821,0.98819,0.98819,10
1779920040,0.98818,0.98819,0.98818,0.98819,3
1779920100,0.98815,0.98818,0.98815,0.98818,5
1779920160,0.98821,0.98821,0.98815,0.98815,14
1779920220,0.98816,0.98816,0.98816,0.98816,1
1779920280,0.98815,0.98821,0.98814,0.98819,15
1779920340,0.98816,0.98816,0.98811,0.98814,14
1779920400,0.98813,0.98814,0.98812,0.98812,9
1779920460,0.98814,0.98818,0.98814,0.98818,10
1779920520,0.98821,0.98823,0.98821,0.98823,6
1779920580,0.98818,0.98818,0.98818,0.98818,1
1779920640,0.9882,0.9882,0.98818,0.9882,3
1779920700,0.98821,0.98821,0.98816,0.98818,13
1779920760,0.98821,0.98825,0.98819,0.98821,17
1779920820,0.9882,0.98823,0.9882,0.98823,14
1779920880,0.98823,0.98823,0.98819,0.9882,22
1779920940,0.98818,0.98818,0.98817,0.98817,4
1779921000,0.98816,0.98819,0.98816,0.98817,9
1779921060,0.9881,0.9881,0.98809,0.9881,7
1779921120,0.98815,0.98815,0.98814,0.98814,4
1779921180,0.98817,0.98817,0.98813,0.98813,8
1779921240,0.98815,0.98819,0.98815,0.98818,8
1779921300,0.9882,0.9882,0.9882,0.9882,3
1779921360,0.98819,0.9882,0.98818,0.98818,5
1779921420,0.98822,0.98822,0.9882,0.98821,8
1779921480,0.98817,0.98821,0.98817,0.98821,10
1779921540,0.98819,0.9882,0.98818,0.9882,7
1779921600,0.98817,0.98817,0.98814,0.98814,15
1779921660,0.98818,0.98818,0.98817,0.98818,9
1779921720,0.98818,0.98818,0.98817,0.98817,11
1779921780,0.98819,0.98819,0.98817,0.98819,5
1779921840,0.98821,0.98821,0.9882,0.9882,2
1779921900,0.98819,0.98822,0.98819,0.9882,5
1779921960,0.98818,0.98818,0.98817,0.98817,4
1779922020,0.98825,0.98825,0.9882,0.9882,23
1779922080,0.9882,0.9882,0.98815,0.98817,14
1779922140,0.98813,0.98813,0.98813,0.98813,2
1779922200,0.98818,0.98818,0.98817,0.98818,6
1779922260,0.98818,0.98824,0.98817,0.98824,21
1779922320,0.98827,0.98827,0.98822,0.98822,16
1779922380,0.98827,0.98827,0.98825,0.98825,12
1779922440,0.98827,0.98827,0.98825,0.98825,9
1779922500,0.98822,0.98829,0.98822,0.98829,13
1779922560,0.98827,0.98827,0.98824,0.98824,5
1779922620,0.98823,0.98823,0.98823,0.98823,3
1779922680,0.98824,0.98824,0.98824,0.98824,2
1779922740,0.98824,0.98824,0.98822,0.98824,6
1779922800,0.98822,0.98824,0.9882,0.98821,37
1779922860,0.98824,0.98824,0.98822,0.98823,12
1779922920,0.98823,0.98824,0.98823,0.98824,4
1779922980,0.98828,0.9883,0.98828,0.9883,6
1779923040,0.98827,0.98827,0.98827,0.98827,1
1779923100,0.98827,0.98831,0.98827,0.98829,8
1779923160,0.98836,0.98836,0.98833,0.98833,11
1779923220,0.98833,0.98833,0.98833,0.98833,2
1779923280,0.9883,0.98831,0.9883,0.98831,10
1779923340,0.98831,0.98831,0.9883,0.98831,5
1779923400,0.98835,0.98835,0.98832,0.98832,8
1779923460,0.98835,0.98838,0.98833,0.98833,15
1779923520,0.98833,0.98834,0.98832,0.98832,13
1779923580,0.98832,0.98835,0.9883,0.98835,11
1779923640,0.98834,0.98834,0.98834,0.98834,4
1779923700,0.98837,0.98838,0.98834,0.98838,17
1779923760,0.98836,0.98836,0.98835,0.98836,6
1779923820,0.98846,0.98847,0.98844,0.98846,19
1779923880,0.98845,0.98846,0.98845,0.98846,8
1779923940,0.98847,0.98853,0.98843,0.9885,24
1779924000,0.9885,0.9885,0.9885,0.9885,1
1779924060,0.9884,0.98843,0.98833,0.98834,16
1779924120,0.98834,0.98836,0.98822,0.98822,22
1779924180,0.98807,0.98809,0.98802,0.98807,30
1779924240,0.988,0.98806,0.988,0.98806,24
1779924300,0.98807,0.98812,0.98806,0.98811,28
1779924360,0.98812,0.98813,0.98804,0.98805,34
1779924420,0.98801,0.98813,0.98801,0.98811,10
1779924480,0.98805,0.98805,0.988,0.988,15
1779924540,0.98804,0.98807,0.98804,0.98807,11
1779924600,0.98811,0.98811,0.98806,0.98809,28
1779924660,0.988,0.98807,0.988,0.98806,21
1779924720,0.98808,0.98817,0.98808,0.98817,17
1779924780,0.98815,0.98818,0.98815,0.98818,7
1779924840,0.98809,0.98809,0.98807,0.98809,8
1779924900,0.98796,0.98799,0.98785,0.98785,21
1779924960,0.98774,0.98777,0.98773,0.98777,12
1779925020,0.98782,0.98786,0.98782,0.98785,10
1779925080,0.98785,0.98785,0.9878,0.9878,14
1779925140,0.98782,0.98782,0.98782,0.98782,1
1779925200,0.98787,0.98788,0.98787,0.98788,3
1779925260,0.98782,0.98783,0.98781,0.98782,18
1779925320,0.98782,0.98783,0.98782,0.98783,4
1779925380,0.98791,0.98793,0.98789,0.9879,21
1779925440,0.98782,0.98785,0.9878,0.98782,40
1779925500,0.98782,0.98785,0.98778,0.98778,18
1779925560,0.98777,0.98777,0.98774,0.98775,9
1779925620,0.98768,0.98769,0.98767,0.98769,15
1779925680,0.98769,0.98778,0.98768,0.98778,23
1779925740,0.98777,0.98779,0.98773,0.98773,23
1779925800,0.98773,0.98774,0.98773,0.98773,7
1779925860,0.98771,0.98771,0.98757,0.98758,13
1779925920,0.98738,0.98745,0.98738,0.98743,28
1779925980,0.98737,0.98743,0.98736,0.98738,40
1779926040,0.98746,0.98748,0.98744,0.98747,48
1779926100,0.98747,0.98754,0.98747,0.98752,36
1779926160,0.98749,0.98749,0.98749,0.98749,2
1779926220,0.98761,0.98765,0.98761,0.98764,13
1779926280,0.98756,0.98756,0.98752,0.98754,24
1779926340,0.98748,0.9875,0.98745,0.9875,13
1779926400,0.9873,0.98736,0.9872,0.98721,66
1779926460,0.98707,0.98725,0.98705,0.98723,70
1779926520,0.98725,0.98728,0.98721,0.98728,65
1779926580,0.9874,0.9874,0.98733,0.98733,8
1779926640,0.9875,0.98751,0.98748,0.98748,25
1779926700,0.98757,0.98759,0.98753,0.98757,26
1779926760,0.98745,0.9875,0.98736,0.98739,32
1779926820,0.98732,0.98737,0.98725,0.98737,48
1779926880,0.98737,0.98745,0.98737,0.98742,63
1779926940,0.98743,0.98753,0.98743,0.9875,68
1779927000,0.9875,0.9875,0.98736,0.98741,85
1779927060,0.98742,0.98742,0.98739,0.98739,8
1779927120,0.98741,0.98742,0.98739,0.98742,14
1779927180,0.98741,0.98748,0.98741,0.98745,25
1779927240,0.98745,0.98756,0.98743,0.9875,43
1779927300,0.9874,0.98748,0.98735,0.98748,66
1779927360,0.98742,0.98745,0.98732,0.98734,67
1779927420,0.98739,0.98739,0.98739,0.98739,3
1779927480,0.98752,0.98758,0.98752,0.98756,14
1779927540,0.98768,0.98769,0.98764,0.98764,20
1779927600,0.98755,0.9876,0.98754,0.98755,21
1779927660,0.98766,0.98766,0.98764,0.98764,27
1779927720,0.98772,0.98773,0.98768,0.98768,25
1779927780,0.98778,0.98778,0.98771,0.98773,36
1779927840,0.98776,0.98777,0.98771,0.98773,27
1779927900,0.98768,0.98769,0.98768,0.98769,7
1779927960,0.9876,0.98762,0.98759,0.98762,15
1779928020,0.98761,0.98761,0.98757,0.98759,19
1779928080,0.98755,0.98763,0.98753,0.98763,28
1779928140,0.98768,0.98769,0.98762,0.98766,41
1779928200,0.98761,0.98761,0.98738,0.98738,68
1779928260,0.98716,0.98718,0.98694,0.98696,101
1779928320,0.98705,0.98705,0.98704,0.98705,4
1779928380,0.98728,0.98729,0.98726,0.98727,11
1779928440,0.98722,0.98723,0.98714,0.98714,19
1779928500,0.98717,0.98717,0.98712,0.98712,20
1779928560,0.9872,0.98723,0.98717,0.98723,43
1779928620,0.98716,0.98718,0.98716,0.98716,33
1779928680,0.98716,0.98718,0.98711,0.98716,35
1779928740,0.98713,0.98713,0.98708,0.98708,38
1779928800,0.9871,0.98713,0.98709,0.98713,7
1779928860,0.98714,0.98717,0.98714,0.98714,19
1779928920,0.98717,0.98724,0.98717,0.98723,22
1779928980,0.98724,0.98727,0.98718,0.98726,30
1779929040,0.98713,0.98713,0.98706,0.98706,29
1779929100,0.98709,0.9872,0.98709,0.98714,87
1779929160,0.98714,0.98714,0.98712,0.98712,7
1779929220,0.98714,0.98714,0.98708,0.98711,29
1779929280,0.98712,0.98714,0.9871,0.98714,22
1779929340,0.98724,0.9873,0.98723,0.98729,26
1779929400,0.98725,0.98732,0.98712,0.98715,62
1779929460,0.98717,0.98724,0.98714,0.98723,46
1779929520,0.98719,0.98721,0.98719,0.9872,7
1779929580,0.98718,0.98722,0.98718,0.98722,13
1779929640,0.98716,0.9872,0.98712,0.98714,34
1779929700,0.98704,0.98712,0.98703,0.9871,41
1779929760,0.98713,0.98713,0.98706,0.98707,53
1779929820,0.98711,0.98717,0.9871,0.98712,49
1779929880,0.98714,0.98714,0.98712,0.98714,5
1779929940,0.98742,0.98746,0.98742,0.98743,23
1779930000,0.98743,0.9875,0.98739,0.98739,47
1779930060,0.98728,0.98735,0.98725,0.9873,48
1779930120,0.98734,0.98737,0.98728,0.98734,62
1779930180,0.98735,0.98738,0.98729,0.98735,51
1779930240,0.98738,0.98752,0.98738,0.98744,79
1779930300,0.98747,0.98749,0.98746,0.98746,12
1779930360,0.98735,0.98744,0.98735,0.98741,38
1779930420,0.98742,0.98749,0.98742,0.98743,35
1779930480,0.98761,0.98769,0.9876,0.9876,50
1779930540,0.98762,0.98764,0.98756,0.98757,46
1779930600,0.98751,0.98767,0.98751,0.98766,55
1779930660,0.98756,0.98757,0.98756,0.98756,6
1779930720,0.98754,0.98755,0.98747,0.98747,23
1779930780,0.98745,0.98747,0.98732,0.98736,42
1779930840,0.98736,0.98738,0.98731,0.98733,51
1779930900,0.98731,0.98737,0.98728,0.9873,79
1779930960,0.98732,0.98732,0.98725,0.9873,71
1779931020,0.98732,0.98732,0.98731,0.98731,4
1779931080,0.98712,0.98713,0.98708,0.98712,20
1779931140,0.98709,0.98714,0.98707,0.98714,17
1779931200,0.9871,0.98712,0.98698,0.987,53
1779931260,0.987,0.98704,0.98699,0.98704,34
1779931320,0.98702,0.98706,0.98699,0.987,65
1779931380,0.98706,0.98706,0.98706,0.98706,1
1779931440,0.98713,0.98716,0.98711,0.98714,16
1779931500,0.9871,0.98712,0.98704,0.98706,20
1779931560,0.98683,0.98684,0.98677,0.98678,41
1779931620,0.98679,0.98681,0.98672,0.98678,43
1779931680,0.98672,0.98677,0.98668,0.98673,48
1779931740,0.98669,0.98681,0.98669,0.9868,56
1779931800,0.98681,0.98681,0.98678,0.98678,9
1779931860,0.98668,0.98669,0.98664,0.98669,15
1779931920,0.98655,0.98655,0.98641,0.98642,25
1779931980,0.98624,0.98642,0.98624,0.98636,44
1779932040,0.9864,0.98647,0.98638,0.98645,63
1779932100,0.98641,0.98646,0.98633,0.98634,62
1779932160,0.98636,0.98637,0.98635,0.98637,7
1779932220,0.98648,0.98648,0.98637,0.98639,25
1779932280,0.98657,0.98658,0.98653,0.98654,27
1779932340,0.9865,0.9865,0.98646,0.98648,31
1779932400,0.98642,0.98642,0.98635,0.98635,35
1779932460,0.98621,0.98624,0.98612,0.98616,57
1779932520,0.98613,0.98614,0.98611,0.98614,10
1779932580,0.98612,0.98622,0.98611,0.98621,26
1779932640,0.98637,0.98637,0.98633,0.98635,24
1779932700,0.98628,0.98633,0.98618,0.98618,37
1779932760,0.98617,0.98621,0.98612,0.98614,46
1779932820,0.98608,0.98614,0.98608,0.98613,48
1779932880,0.98615,0.98628,0.98615,0.98625,53
1779932940,0.98626,0.98628,0.98626,0.98627,12
1779933000,0.98628,0.98631,0.98626,0.98629,14
1779933060,0.9864,0.98646,0.98634,0.98646,26
1779933120,0.98635,0.98635,0.98631,0.98633,19
1779933180,0.98644,0.98646,0.98632,0.98632,33
1779933240,0.98635,0.98642,0.98633,0.98642,29
1779933300,0.98637,0.98643,0.9863,0.9863,66
1779933360,0.98622,0.98623,0.98622,0.98623,4
1779933420,0.98602,0.98603,0.986,0.98602,12
1779933480,0.98606,0.98606,0.98603,0.98603,12
1779933540,0.98623,0.98626,0.98619,0.98619,19
1779933600,0.98616,0.98629,0.98613,0.9862,81
1779933660,0.98616,0.98626,0.98615,0.98622,56
1779933720,0.98621,0.98621,0.98619,0.98619,5
1779933780,0.9862,0.9862,0.98616,0.98616,16
1779933840,0.98616,0.98621,0.98615,0.98621,27
1779933900,0.9861,0.98617,0.9861,0.98616,23
1779933960,0.98623,0.9863,0.98623,0.98628,39
1779934020,0.98639,0.98643,0.98638,0.9864,43
1779934080,0.98626,0.98633,0.98626,0.98631,48
1779934140,0.98632,0.98633,0.9863,0.98633,10
1779934200,0.98641,0.98642,0.9864,0.98641,10
1779934260,0.98635,0.98638,0.98633,0.98637,25
1779934320,0.98649,0.98654,0.98648,0.98653,28
1779934380,0.9866,0.98668,0.98658,0.98665,44
1779934440,0.98664,0.98666,0.98659,0.98664,51
1779934500,0.98666,0.98666,0.98666,0.98666,2
1779934560,0.98667,0.98669,0.98667,0.98668,6
1779934620,0.98662,0.98663,0.98661,0.98662,16
1779934680,0.98653,0.98657,0.98653,0.98655,17
1779934740,0.98659,0.98659,0.98656,0.98657,30
1779934800,0.98663,0.98672,0.98663,0.98663,32
1779934860,0.98666,0.9867,0.98665,0.98669,49
1779934920,0.98664,0.98671,0.98663,0.9867,45
1779934980,0.98671,0.98672,0.98667,0.98672,45
1779935040,0.98672,0.98678,0.98672,0.98678,7
1779935100,0.98677,0.98679,0.98675,0.98676,15
1779935160,0.98671,0.98675,0.98669,0.98671,29
1779935220,0.98675,0.98677,0.9867,0.98671,27
1779935280,0.98668,0.98678,0.98668,0.98675,26
1779935340,0.98674,0.98674,0.98674,0.98674,2
1779935400,0.98677,0.98693,0.98677,0.98693,25
1779935460,0.9869,0.98691,0.98688,0.9869,11
1779935520,0.98688,0.98691,0.98688,0.98691,23
1779935580,0.98683,0.98692,0.98683,0.98692,37
1779935640,0.98692,0.98694,0.98689,0.98691,39
1779935700,0.98686,0.98686,0.98683,0.98683,34
1779935760,0.98683,0.98683,0.98683,0.98683,1
1779935820,0.98681,0.98681,0.9868,0.98681,5
1779935880,0.98677,0.98677,0.98673,0.98677,19
1779935940,0.9868,0.98681,0.98678,0.98679,16
1779936000,0.98691,0.98693,0.98681,0.98684,31
1779936060,0.98682,0.98682,0.98664,0.98664,67
1779936120,0.98658,0.98663,0.98652,0.98662,49
1779936180,0.98651,0.98653,0.98651,0.98653,4
1779936240,0.98655,0.98659,0.98655,0.98658,12
1779936300,0.98653,0.98653,0.98644,0.98647,17
1779936360,0.98633,0.98636,0.98629,0.98636,32
1779936420,0.98642,0.98646,0.98633,0.98646,49
1779936480,0.98648,0.98649,0.98642,0.98644,20
1779936540,0.98655,0.98666,0.98654,0.98666,54
1779936600,0.98658,0.98667,0.98655,0.98659,61
1779936660,0.98663,0.98665,0.98662,0.98665,7
1779936720,0.98667,0.98669,0.98667,0.98668,10
1779936780,0.9867,0.98671,0.98668,0.9867,11
1779936840,0.98677,0.98677,0.98668,0.98669,43
1779936900,0.98677,0.98681,0.98673,0.9868,46
1779936960,0.98666,0.98671,0.98666,0.98671,35
1779937020,0.98671,0.98671,0.98671,0.98671,2
1779937080,0.98677,0.98678,0.98675,0.98677,13
1779937140,0.98677,0.9868,0.98674,0.98678,24
1779937200,0.98677,0.98685,0.98677,0.98681,49
1779937260,0.98687,0.98687,0.98678,0.9868,59
1779937320,0.98682,0.987,0.98679,0.98697,66
1779937380,0.98696,0.987,0.98696,0.987,6
1779937440,0.9871,0.98711,0.98705,0.98705,11
1779937500,0.9869,0.98691,0.98681,0.98682,30
1779937560,0.98683,0.98683,0.98674,0.98677,25
1779937620,0.98674,0.98675,0.98665,0.98667,42
1779937680,0.98671,0.98675,0.98663,0.98665,63
1779937740,0.98656,0.9866,0.98656,0.98659,9
1779937800,0.98662,0.98662,0.98658,0.9866,17
1779937860,0.98652,0.98655,0.98647,0.98647,13
1779937920,0.98636,0.98644,0.98636,0.98636,45
1779937980,0.98622,0.98625,0.98614,0.98618,56
1779938040,0.98608,0.98614,0.98608,0.9861,47
1779938100,0.98599,0.98599,0.98598,0.98599,4
1779938160,0.98571,0.98579,0.98571,0.98579,16
1779938220,0.98587,0.98591,0.98586,0.9859,10
1779938280,0.98583,0.98586,0.9858,0.98582,39
1779938340,0.98551,0.98571,0.98551,0.98568,57
1779938400,0.98573,0.98574,0.98565,0.98572,63
1779938460,0.98565,0.98568,0.9856,0.98562,61
1779938520,0.98555,0.98558,0.98555,0.98558,13
1779938580,0.98535,0.98538,0.98532,0.98536,26
1779938640,0.98544,0.9855,0.98544,0.98549,33
1779938700,0.98544,0.98552,0.98544,0.98549,31
1779938760,0.9855,0.98553,0.9855,0.9855,34
1779938820,0.98554,0.98556,0.98551,0.98552,32
1779938880,0.98549,0.9856,0.98549,0.98556,51
1779938940,0.9856,0.98561,0.98559,0.98561,6
1779939000,0.98542,0.98545,0.98532,0.98537,35
1779939060,0.98511,0.98518,0.98508,0.98508,36
1779939120,0.985,0.98511,0.98496,0.98509,44
1779939180,0.98494,0.98499,0.9849,0.98499,70
1779939240,0.98504,0.98518,0.98498,0.98518,86
1779939300,0.9853,0.98536,0.9853,0.98536,6
1779939360,0.98548,0.98548,0.9854,0.98544,25
1779939420,0.9855,0.98555,0.98548,0.98553,28
1779939480,0.98538,0.9854,0.98529,0.98529,41
1779939540,0.98523,0.98528,0.98519,0.98519,46
1779939600,0.98514,0.98524,0.98512,0.98521,68
1779939660,0.98516,0.98529,0.98515,0.98524,76
1779939720,0.98513,0.98513,0.98509,0.98509,8
1779939780,0.98507,0.98509,0.98504,0.98509,20
1779939840,0.98502,0.98504,0.985,0.98503,28
1779939900,0.98502,0.98503,0.98494,0.98494,58
1779939960,0.9851,0.98515,0.98509,0.98513,69
1779940020,0.98498,0.98502,0.98489,0.98494,87
1779940080,0.9851,0.98513,0.9851,0.98512,5
1779940140,0.98483,0.98485,0.98483,0.98484,14
1779940200,0.98481,0.98486,0.98479,0.98485,29
1779940260,0.98458,0.98465,0.98456,0.98464,32
1779940320,0.9849,0.9849,0.98483,0.98486,47
1779940380,0.98491,0.98494,0.98481,0.98483,44
1779940440,0.98488,0.98492,0.98487,0.98489,49
1779940500,0.98486,0.98486,0.98476,0.98478,62
1779940560,0.98476,0.98476,0.98474,0.98474,9
1779940620,0.98465,0.98468,0.98463,0.98467,25
1779940680,0.98479,0.98481,0.98474,0.98477,47
1779940740,0.98489,0.98492,0.98485,0.98488,40
1779940800,0.98481,0.98497,0.98481,0.98488,62
1779940860,0.98492,0.98492,0.9849,0.9849,6
1779940920,0.98468,0.98468,0.98465,0.98465,14
1779940980,0.98454,0.98461,0.98447,0.98447,25
1779941040,0.98439,0.9844,0.98436,0.98436,31
1779941100,0.98467,0.98467,0.98438,0.9844,49
1779941160,0.98434,0.98447,0.98434,0.98445,61
1779941220,0.98449,0.98457,0.98447,0.98457,75
1779941280,0.98454,0.98458,0.98454,0.98458,5
1779941340,0.98462,0.98464,0.9846,0.98464,12
1779941400,0.9847,0.9847,0.98466,0.98468,15
1779941460,0.98475,0.98475,0.98467,0.98473,24
1779941520,0.98473,0.98477,0.9847,0.98475,29
1779941580,0.98477,0.98484,0.98477,0.98483,38
1779941640,0.98487,0.9849,0.98485,0.98487,46
1779941700,0.98492,0.98493,0.9848,0.98486,62
1779941760,0.98497,0.98498,0.98497,0.98498,4
1779941820,0.98486,0.9849,0.98485,0.98489,21
1779941880,0.98483,0.98492,0.98481,0.98492,19
1779941940,0.9849,0.9849,0.98484,0.98484,46
1779942000,0.98467,0.98467,0.98455,0.98455,53
1779942060,0.98436,0.98441,0.98432,0.98435,51
1779942120,0.98425,0.98434,0.98423,0.98434,70
1779942180,0.9844,0.98447,0.9844,0.98447,8
1779942240,0.9845,0.9845,0.98446,0.98446,10
1779942300,0.98454,0.98454,0.98445,0.98447,45
1779942360,0.98445,0.98445,0.98434,0.98434,32
1779942420,0.98435,0.98436,0.98428,0.98436,60
1779942480,0.9843,0.98436,0.98423,0.98427,59
1779942540,0.98431,0.98434,0.98431,0.98434,6
1779942600,0.98436,0.98437,0.98432,0.98432,13
1779942660,0.98438,0.9844,0.98438,0.98438,16
1779942720,0.98443,0.98444,0.9844,0.98443,18
1779942780,0.98442,0.98447,0.98442,0.98445,38
1779942840,0.98446,0.98449,0.98444,0.98446,41
1779942900,0.98446,0.98449,0.9843,0.98433,61
1779942960,0.98431,0.98432,0.98431,0.98431,6
1779943020,0.98422,0.98422,0.98415,0.98417,16
1779943080,0.9843,0.98433,0.9843,0.98431,14
1779943140,0.98432,0.98433,0.98431,0.98431,13
1779943200,0.98446,0.98446,0.98441,0.98441,12
1779943260,0.98443,0.98443,0.98439,0.98443,37
1779943320,0.98443,0.98447,0.98441,0.98447,31
1779943380,0.98436,0.98437,0.98432,0.98432,53
1779943440,0.98433,0.98441,0.98433,0.98441,12
1779943500,0.98446,0.98446,0.98442,0.98445,25
1779943560,0.98439,0.9844,0.98431,0.98432,21
1779943620,0.98433,0.98439,0.98433,0.98439,31
1779943680,0.98441,0.98442,0.98437,0.98437,18
1779943740,0.98433,0.98446,0.98433,0.98446,34
1779943800,0.98446,0.98448,0.98445,0.98445,10
1779943860,0.98435,0.98438,0.98435,0.98438,4
1779943920,0.98452,0.98454,0.98452,0.98454,8
1779943980,0.98452,0.98452,0.98447,0.98448,35
1779944040,0.98449,0.98452,0.98447,0.9845,28
1779944100,0.98453,0.98461,0.98452,0.9846,55
1779944160,0.98461,0.98471,0.98458,0.9847,49
1779944220,0.9847,0.98471,0.98469,0.98469,10
1779944280,0.98461,0.98463,0.98461,0.98463,14
1779944340,0.98461,0.98464,0.9846,0.98461,38
1779944400,0.98464,0.98468,0.98444,0.98448,58
1779944460,0.98433,0.98446,0.98433,0.98446,37
1779944520,0.9844,0.98447,0.98436,0.98447,72
1779944580,0.98443,0.98444,0.9844,0.98442,18
1779944640,0.98447,0.98457,0.98446,0.98454,22
1779944700,0.9845,0.98457,0.9845,0.98457,24
1779944760,0.98462,0.98465,0.98462,0.98464,29
1779944820,0.98464,0.98473,0.98457,0.98469,50
1779944880,0.9848,0.98486,0.98476,0.98481,47
1779944940,0.98486,0.98491,0.98486,0.98488,53
1779945000,0.98489,0.9849,0.98488,0.9849,7
1779945060,0.98484,0.98485,0.9848,0.9848,28
1779945120,0.98487,0.98501,0.98487,0.985,26
1779945180,0.98498,0.98506,0.98497,0.98503,42
1779945240,0.98503,0.9851,0.98502,0.98509,49
1779945300,0.98502,0.98505,0.985,0.98501,51
1779945360,0.98501,0.98501,0.985,0.985,6
1779945420,0.98499,0.985,0.98495,0.985,18
1779945480,0.98504,0.98504,0.985,0.98502,10
1779945540,0.98513,0.98516,0.9851,0.98513,28
1779945600,0.98511,0.98518,0.98509,0.98516,28
1779945660,0.98522,0.98525,0.98521,0.98524,29
1779945720,0.98523,0.98523,0.98515,0.98522,37
1779945780,0.98525,0.98525,0.98524,0.98525,5
1779945840,0.98536,0.98553,0.98536,0.98551,70
1779945900,0.98554,0.98563,0.98553,0.98556,71
1779945960,0.98556,0.98565,0.98552,0.98565,89
1779946020,0.98567,0.98581,0.98564,0.98572,122
1779946080,0.98573,0.98592,0.98572,0.9859,101
1779946140,0.98589,0.98598,0.98587,0.9859,118
1779946200,0.98592,0.98614,0.98589,0.98608,174
1779946260,0.98607,0.98607,0.98583,0.98594,156
1779946320,0.98593,0.98609,0.98591,0.98607,137
1779946380,0.98609,0.98628,0.98609,0.98624,146
1779946440,0.98621,0.98634,0.98618,0.9863,120
1779946500,0.98625,0.98628,0.98603,0.98609,121
1779946560,0.98608,0.98613,0.98604,0.98612,112
1779946620,0.98609,0.9861,0.98582,0.98583,137
1779946680,0.98584,0.98599,0.98584,0.98598,110
1779946740,0.98598,0.9861,0.98598,0.98608,106
1779946800,0.98608,0.98617,0.986,0.98606,127
1779946860,0.98606,0.9861,0.98602,0.98606,91
1779946920,0.98605,0.98608,0.98593,0.98594,118
1779946980,0.98594,0.98601,0.9859,0.9859,96
1779947040,0.98589,0.98592,0.98579,0.98582,86
1779947100,0.98584,0.98602,0.98582,0.98594,107
1779947160,0.98596,0.98601,0.98585,0.98592,102
1779947220,0.98594,0.98601,0.98592,0.98599,31
1779947280,0.98597,0.98611,0.98595,0.9861,59
1779947340,0.98616,0.98619,0.98615,0.98619,7
1779947400,0.98616,0.9862,0.98613,0.9862,24
1779947820,0.9863,0.98632,0.98623,0.98624,57
1779947880,0.98622,0.98626,0.98618,0.98619,60
1779947940,0.98616,0.98617,0.98606,0.98607,24
1779948000,0.98612,0.98616,0.98608,0.98609,48
1779948060,0.98602,0.98603,0.98595,0.98602,50
1779948120,0.98607,0.98617,0.98607,0.98612,55
1779948180,0.98618,0.98622,0.98609,0.9862,66
1779948240,0.98622,0.98623,0.98622,0.98623,5
1779948300,0.98613,0.98613,0.98609,0.9861,20
1779948360,0.98609,0.98609,0.98604,0.98604,27
1779948420,0.98609,0.98616,0.98609,0.98616,37
1779948480,0.98606,0.98609,0.98606,0.98608,28
1779948540,0.98611,0.98618,0.98611,0.98618,37
1779948600,0.98618,0.98628,0.98615,0.98628,53
1779948660,0.98631,0.98631,0.98627,0.98629,11
1779948720,0.98625,0.98628,0.98623,0.98625,23
1779948780,0.98628,0.9864,0.98626,0.9864,37
1779948840,0.98639,0.98648,0.98638,0.98645,42
1779948900,0.98651,0.98653,0.98644,0.98651,25
1779948960,0.98654,0.98659,0.98653,0.98659,32
1779949020,0.98661,0.98668,0.98658,0.98668,63
1779949080,0.98671,0.98671,0.9867,0.98671,3
1779949140,0.98677,0.98681,0.98677,0.98681,9
1779949200,0.98681,0.98686,0.98679,0.98685,17
1779949260,0.98694,0.98694,0.98689,0.98691,21
1779949320,0.98692,0.98704,0.98692,0.98702,41
1779949380,0.98694,0.98697,0.98694,0.98697,30
1779949440,0.98685,0.98687,0.98677,0.98678,42
1779949500,0.98671,0.98673,0.98671,0.98672,6
1779949560,0.98685,0.98688,0.98685,0.98685,15
1779949620,0.98681,0.98685,0.98672,0.98673,35
1779949680,0.98667,0.98667,0.98661,0.98662,29
1779949740,0.98655,0.98657,0.98644,0.98647,39
1779949800,0.98661,0.98664,0.9865,0.98654,51
1779949860,0.98652,0.98654,0.98648,0.98651,46
1779949920,0.9865,0.98654,0.98646,0.98653,57
1779949980,0.98666,0.98668,0.98666,0.98667,18
1779950040,0.98654,0.98655,0.98649,0.98649,32
1779950100,0.98655,0.98657,0.98649,0.98655,34
1779950160,0.98663,0.98669,0.98663,0.98666,36
1779950220,0.98668,0.98668,0.98663,0.98666,45
1779950280,0.98672,0.9868,0.98672,0.98672,41
1779950340,0.98662,0.98664,0.98662,0.98664,7
1779950400,0.98655,0.98655,0.98651,0.98653,15
1779950460,0.98654,0.98654,0.98651,0.98651,8
1779950520,0.98648,0.98648,0.9864,0.9864,30
1779950580,0.98641,0.98644,0.9864,0.98641,40
1779950640,0.98641,0.98641,0.98634,0.98638,39
1779950700,0.98651,0.98654,0.98647,0.98647,40
1779950760,0.98655,0.98655,0.9865,0.9865,9
1779950820,0.98637,0.98639,0.98636,0.98638,18
1779950880,0.9864,0.98641,0.98638,0.9864,14
1779950940,0.98642,0.98644,0.98641,0.98643,13
1779951000,0.98649,0.98649,0.98641,0.98642,34
1779951060,0.98632,0.98633,0.98628,0.9863,57
1779951120,0.98625,0.98635,0.98625,0.98633,29
1779951180,0.98638,0.98638,0.98631,0.98633,39
1779951240,0.98628,0.98629,0.98626,0.98627,36
1779951300,0.98626,0.98626,0.98625,0.98625,3
1779951360,0.98623,0.98627,0.98623,0.98627,16
1779951420,0.98636,0.98636,0.98631,0.98633,20
1779951480,0.98629,0.98629,0.98622,0.98624,39
1779951540,0.98617,0.9862,0.98615,0.9862,40
1779951600,0.98625,0.98645,0.98622,0.98642,76
1779951660,0.98645,0.98652,0.98638,0.98639,67
1779951720,0.9865,0.9865,0.98648,0.98648,7
1779951780,0.98632,0.98633,0.98629,0.9863,17
1779951840,0.9864,0.98644,0.98633,0.98633,32
1779951900,0.98648,0.98649,0.98643,0.98645,42
1779951960,0.98639,0.98647,0.98636,0.98644,57
1779952020,0.98633,0.98637,0.98632,0.98635,57
1779952080,0.98639,0.9864,0.98639,0.9864,3
1779952140,0.9864,0.98642,0.98639,0.98641,24
1779952200,0.9864,0.98641,0.98638,0.98638,28
1779952260,0.9862,0.98634,0.98618,0.98631,58
1779952320,0.98642,0.98648,0.98638,0.98648,35
1779952380,0.98642,0.98647,0.9864,0.98646,74
1779952440,0.98643,0.98645,0.98643,0.98645,5
1779952500,0.98648,0.98648,0.98641,0.98643,17
1779952560,0.98634,0.98636,0.98632,0.98632,20
1779952620,0.98622,0.9863,0.98622,0.9863,30
1779952680,0.9865,0.98653,0.98647,0.98651,44
1779952740,0.98646,0.98647,0.98634,0.98635,48
1779952800,0.98645,0.98647,0.98639,0.98645,60
1779952860,0.9865,0.9865,0.9865,0.9865,1
1779952920,0.9865,0.9865,0.98648,0.98648,3
1779952980,0.98644,0.98646,0.98638,0.98644,27
1779953040,0.98664,0.98668,0.98664,0.98666,31
1779953100,0.98668,0.98673,0.98666,0.98671,40
1779953160,0.98662,0.98665,0.98655,0.98665,52
1779953220,0.98646,0.98648,0.98643,0.98646,43
1779953280,0.9865,0.98661,0.98645,0.98658,95
1779953340,0.9866,0.98663,0.98641,0.98643,107
1779953400,0.98643,0.98667,0.98642,0.98663,127
1779953460,0.98662,0.9867,0.98652,0.98654,107
1779953520,0.98652,0.98654,0.98636,0.98642,126
1779953580,0.98643,0.98646,0.98629,0.98632,100
1779953640,0.98632,0.98635,0.98621,0.98621,92
1779953700,0.98622,0.98639,0.98621,0.98637,109
1779953760,0.98636,0.98636,0.98624,0.98629,107
1779953820,0.9863,0.98636,0.98624,0.98625,117
1779953880,0.98626,0.98636,0.98625,0.9863,132
1779953940,0.9863,0.98634,0.98628,0.98629,46
1779954000,0.98628,0.9863,0.98622,0.98623,60
1779954060,0.98623,0.98627,0.98622,0.98627,11
1779954120,0.9863,0.98636,0.98629,0.98636,16
1779954180,0.98629,0.98631,0.98627,0.98629,18
1779954240,0.9864,0.98644,0.98636,0.98642,30
1779954300,0.98636,0.98638,0.98623,0.98625,57
1779954360,0.98623,0.98633,0.9862,0.98624,68
1779954420,0.98625,0.98625,0.98623,0.98623,7
1779954480,0.98643,0.98643,0.98639,0.98639,10
1779954540,0.98647,0.98647,0.9864,0.98643,24
1779954600,0.98636,0.98639,0.98632,0.98638,37
1779954660,0.98635,0.98638,0.98634,0.98635,28
1779954720,0.98632,0.98635,0.98624,0.98635,53
1779954780,0.98636,0.98641,0.98634,0.98638,54
1779954840,0.98635,0.98636,0.98635,0.98636,4
1779954900,0.98645,0.98645,0.98641,0.98641,9
1779954960,0.98638,0.98639,0.98636,0.98636,21
1779955020,0.98635,0.98635,0.9863,0.98632,21
1779955080,0.98646,0.98646,0.98642,0.98642,33
1779955140,0.98644,0.98655,0.98643,0.98655,44
1779955200,0.98664,0.98674,0.98664,0.98667,81
1779955260,0.98674,0.98675,0.98672,0.98674,9
1779955320,0.98669,0.98671,0.98668,0.9867,21
1779955380,0.98676,0.98676,0.9867,0.98673,30
1779955440,0.98672,0.98673,0.98662,0.98664,36
1779955500,0.98671,0.98675,0.98657,0.98657,57
1779955560,0.98661,0.98663,0.98652,0.98656,61
1779955620,0.98648,0.98651,0.98647,0.98649,61
1779955680,0.98654,0.98654,0.98648,0.98648,8
1779955740,0.98644,0.9865,0.98642,0.9865,16
1779955800,0.98653,0.98655,0.9865,0.98651,25
1779955860,0.98647,0.98654,0.98647,0.98647,43
1779955920,0.98645,0.98652,0.98644,0.98651,49
1779955980,0.98645,0.9865,0.98643,0.98647,68
1779956040,0.98636,0.98638,0.98626,0.98629,78
1779956100,0.98632,0.98632,0.98631,0.98632,6
1779956160,0.98623,0.98623,0.9862,0.9862,8
1779956220,0.98621,0.98623,0.9862,0.98622,13
1779956280,0.98624,0.98628,0.98623,0.98627,15
1779956340,0.98624,0.98627,0.98624,0.98626,16
1779956400,0.98637,0.98646,0.98635,0.9864,37
1779956460,0.98635,0.98644,0.98635,0.98642,33
1779956520,0.98642,0.98651,0.98638,0.98647,64
1779956580,0.98645,0.98647,0.98638,0.98647,59
1779956640,0.98651,0.98651,0.98647,0.98647,4
1779956700,0.98644,0.98647,0.98644,0.98647,8
1779956760,0.98638,0.9864,0.98636,0.9864,12
1779956820,0.98623,0.98624,0.98619,0.98622,32
1779956880,0.98617,0.98617,0.98612,0.98613,46
1779956940,0.98603,0.98611,0.98602,0.98611,54
1779957000,0.98609,0.98611,0.98609,0.98611,8
1779957060,0.98623,0.98625,0.9862,0.98621,34
1779957120,0.98616,0.98625,0.98612,0.98623,49
1779957180,0.98621,0.98621,0.98621,0.98621,1
1779957240,0.98621,0.98632,0.98619,0.98626,54
1779957300,0.9863,0.98637,0.9863,0.98636,46
1779957360,0.98633,0.98639,0.98631,0.98639,42
1779957420,0.98638,0.98641,0.98638,0.98641,4
1779957480,0.9864,0.98641,0.98639,0.98639,9
1779957540,0.98644,0.98644,0.98639,0.98641,18
1779957600,0.98633,0.98634,0.98631,0.98633,18
1779957660,0.98624,0.98628,0.98623,0.98624,34
1779957720,0.98634,0.98638,0.98629,0.9863,51
1779957780,0.9863,0.98634,0.98626,0.98628,56
1779957840,0.98628,0.98628,0.98626,0.98628,6
1779957900,0.98622,0.98628,0.98622,0.98626,30
1779957960,0.98632,0.98635,0.98629,0.98629,19
1779958020,0.98627,0.98628,0.98625,0.98628,27
1779958080,0.98632,0.98638,0.98632,0.98632,41
1779958140,0.9863,0.98635,0.9863,0.98634,10
1779958200,0.98645,0.98645,0.98643,0.98645,14
1779958260,0.98643,0.98645,0.98637,0.9864,120
1779958320,0.98639,0.98646,0.98639,0.98644,52
1779958380,0.98644,0.98645,0.98642,0.98642,13
1779958440,0.98643,0.98651,0.98643,0.98651,33
1779958500,0.98626,0.98627,0.9862,0.98621,31
1779958560,0.9862,0.98621,0.98616,0.98616,38
1779958620,0.98624,0.98624,0.98621,0.98622,24
1779958680,0.98629,0.98636,0.98627,0.98634,37
1779958740,0.98638,0.98639,0.98636,0.98638,12
1779958800,0.98635,0.98638,0.9863,0.98631,23
1779958860,0.98628,0.98637,0.98628,0.98637,25
1779958920,0.98638,0.98639,0.98631,0.98636,56
1779958980,0.98635,0.98636,0.98627,0.98632,56
1779959040,0.98639,0.98639,0.98639,0.98639,2
1779959100,0.98632,0.98638,0.98631,0.98635,17
1779959160,0.98642,0.98645,0.98636,0.98636,25
1779959220,0.98641,0.98641,0.98638,0.98638,22
1779959280,0.98641,0.98642,0.98635,0.98635,44
1779959340,0.98634,0.98637,0.98632,0.98635,32
1779959400,0.9864,0.98646,0.9864,0.98642,38
1779959460,0.98633,0.98633,0.98632,0.98632,3
1779959520,0.98647,0.98647,0.98642,0.98642,5
1779959580,0.98653,0.98661,0.98653,0.98656,16
1779959640,0.98661,0.98674,0.98661,0.98674,34
1779959700,0.98676,0.98679,0.98675,0.98676,30
1779959760,0.98672,0.98678,0.98671,0.98677,60
1779959820,0.98679,0.98683,0.98673,0.98683,41
1779959880,0.98694,0.98694,0.98693,0.98694,8
1779959940,0.98691,0.98691,0.98686,0.98686,6
1779960000,0.98678,0.98678,0.98674,0.98677,20
1779960060,0.98671,0.98674,0.9867,0.98671,38
1779960120,0.98687,0.98696,0.98685,0.98695,42
1779960180,0.98695,0.98697,0.98693,0.98694,52
1779960240,0.9869,0.98694,0.98688,0.98688,39
1779960300,0.98691,0.98691,0.98688,0.98689,7
1779960360,0.98697,0.98697,0.98692,0.98695,30
1779960420,0.98696,0.98697,0.98687,0.98687,34
1779960480,0.9869,0.98691,0.98686,0.98689,35
1779960540,0.98686,0.98687,0.98684,0.98687,42
1779960600,0.98691,0.98693,0.98688,0.9869,43
1779960660,0.98684,0.98684,0.98684,0.98684,3
1779960840,0.98669,0.9867,0.98669,0.98669,5
1779960900,0.98665,0.98668,0.98661,0.98663,17
1779960960,0.98666,0.9867,0.98663,0.98665,24
1779961020,0.98659,0.98663,0.98659,0.98661,23
1779961080,0.98671,0.98678,0.9867,0.98677,54
1779961140,0.98661,0.98671,0.98661,0.98669,50
1779961200,0.98677,0.98678,0.98675,0.98677,15
1779961260,0.9869,0.98695,0.9869,0.98695,21
1779961320,0.98694,0.98696,0.98693,0.98695,19
1779961380,0.98691,0.98691,0.9868,0.9868,34
1779961440,0.98686,0.98691,0.98681,0.98689,62
1779961500,0.98694,0.98694,0.98687,0.98689,66
1779961560,0.98693,0.98699,0.98691,0.98699,51
1779961620,0.98699,0.987,0.98699,0.98699,5
1779961680,0.98694,0.98694,0.98688,0.98693,17
1779961740,0.98701,0.98701,0.98694,0.98698,20
1779961800,0.98699,0.9871,0.98699,0.98709,43
1779961860,0.98706,0.98708,0.98701,0.98704,41
1779961920,0.98704,0.98704,0.98704,0.98704,1
1779961980,0.98716,0.98716,0.9871,0.98711,12
1779962040,0.98724,0.98726,0.98723,0.98724,26
1779962100,0.98719,0.98725,0.98717,0.98725,18
1779962160,0.98716,0.98724,0.98715,0.98724,19
1779962220,0.98717,0.98721,0.98715,0.98715,37
1779962280,0.98736,0.9874,0.98731,0.98733,90
1779962340,0.98729,0.98729,0.98725,0.98727,10
1779962400,0.98714,0.98717,0.98712,0.98712,15
1779962460,0.98719,0.98719,0.98708,0.9871,27
1779962520,0.98705,0.98711,0.98703,0.98707,46
1779962580,0.9872,0.98724,0.98719,0.98724,62
1779962640,0.98724,0.9873,0.9872,0.98726,57
1779962700,0.98728,0.9873,0.98722,0.98722,49
1779962760,0.98717,0.98718,0.98711,0.98712,18
1779962820,0.98711,0.98711,0.98709,0.98709,7
1779962880,0.98705,0.98712,0.98705,0.98712,28
