time,open,high,low,close,volume
1779483360,0.71283,0.71283,0.71269,0.71274,64
1779656460,0.71543,0.71543,0.71543,0.71543,2
1779656520,0.71543,0.71543,0.71498,0.71522,28
1779656580,0.71523,0.71543,0.71522,0.71543,23
1779656640,0.71543,0.71543,0.71522,0.71522,7
1779656700,0.71533,0.71548,0.71484,0.71527,44
1779656760,0.71548,0.71548,0.71527,0.71548,17
1779656820,0.71541,0.71548,0.71539,0.71545,17
1779656880,0.71548,0.71548,0.71528,0.71538,19
1779656940,0.71548,0.71548,0.71538,0.71548,8
1779657000,0.71546,0.71548,0.71543,0.71543,4
1779657060,0.7154,0.7154,0.7154,0.7154,1
1779657120,0.7154,0.7154,0.7154,0.7154,1
1779657180,0.71534,0.7154,0.71534,0.71537,7
1779657240,0.71546,0.71546,0.71546,0.71546,3
1779657300,0.71545,0.71553,0.71544,0.71544,11
1779657360,0.71546,0.71546,0.71546,0.71546,2
1779657420,0.71545,0.71545,0.71534,0.71534,4
1779657480,0.71547,0.71547,0.71547,0.71547,2
1779657540,0.71553,0.71555,0.71553,0.71555,2
1779657600,0.71549,0.71549,0.71549,0.71549,2
1779657660,0.7155,0.7155,0.7155,0.7155,2
1779657720,0.71551,0.71551,0.71551,0.71551,1
1779657780,0.71553,0.71553,0.71553,0.71553,1
1779657840,0.71549,0.71553,0.71549,0.71552,3
1779657960,0.71558,0.71559,0.71558,0.71559,3
1779658020,0.71555,0.71555,0.71555,0.71555,1
1779658080,0.71553,0.71553,0.71552,0.71553,5
1779658140,0.71551,0.71551,0.71551,0.71551,1
1779658200,0.71547,0.71551,0.71547,0.71551,7
1779658260,0.71551,0.71556,0.71551,0.71555,7
1779658320,0.71547,0.71547,0.71547,0.71547,5
1779658380,0.71544,0.71544,0.71544,0.71544,3
1779658500,0.71541,0.71542,0.71536,0.71536,8
1779658560,0.71537,0.71544,0.71537,0.71544,2
1779658620,0.71542,0.71542,0.71542,0.71542,2
1779658800,0.71541,0.71541,0.71538,0.71541,4
1779658860,0.7154,0.71541,0.7154,0.71541,2
1779659100,0.71539,0.71539,0.71539,0.71539,2
1779659160,0.71538,0.71538,0.71538,0.71538,2
1779659220,0.71536,0.71536,0.71532,0.71532,6
1779659280,0.71531,0.71531,0.71531,0.71531,1
1779659460,0.7153,0.7153,0.7153,0.7153,2
1779659520,0.71527,0.71527,0.71527,0.71527,2
1779659640,0.71528,0.71528,0.71528,0.71528,2
1779659700,0.71528,0.71543,0.71528,0.71541,32
1779659760,0.71542,0.71544,0.7154,0.7154,16
1779659880,0.71537,0.71537,0.71531,0.71532,8
1779659940,0.71532,0.71532,0.7153,0.7153,6
1779660060,0.71586,0.71613,0.71586,0.71591,79
1779660120,0.71604,0.7161,0.71598,0.71598,56
1779660180,0.7159,0.71594,0.71577,0.71582,70
1779660240,0.71591,0.71592,0.7159,0.71592,5
1779660300,0.71579,0.71594,0.71579,0.7159,68
1779660360,0.71595,0.71595,0.71588,0.71591,31
1779660420,0.71588,0.71591,0.71585,0.71586,19
1779660480,0.71585,0.71587,0.71578,0.71578,17
1779660540,0.71581,0.71584,0.71576,0.71583,53
1779660660,0.71589,0.71592,0.71589,0.71592,9
1779660720,0.71581,0.71581,0.71576,0.71576,18
1779660780,0.71583,0.71587,0.71582,0.71582,24
1779660840,0.71587,0.71587,0.7158,0.7158,32
1779660900,0.7158,0.71598,0.71578,0.71578,90
1779660960,0.71572,0.71578,0.71571,0.71573,59
1779661020,0.71572,0.71572,0.71571,0.71571,5
1779661080,0.71573,0.71576,0.71572,0.71572,17
1779661140,0.71571,0.71573,0.71571,0.71572,16
1779661200,0.71573,0.71577,0.71571,0.71572,82
1779661260,0.71573,0.71573,0.71564,0.71573,60
1779661320,0.71571,0.71576,0.71565,0.71574,41
1779661380,0.71581,0.71581,0.71581,0.71581,2
1779661440,0.71577,0.71577,0.71577,0.71577,3
1779661500,0.71567,0.71572,0.71565,0.71572,63
1779661560,0.71571,0.71571,0.71568,0.71568,13
1779661620,0.71572,0.71573,0.71571,0.71572,21
1779661680,0.71586,0.71588,0.71581,0.71581,36
1779661740,0.71572,0.71572,0.71555,0.71557,48
1779661800,0.71557,0.71557,0.7155,0.71554,84
1779661860,0.71556,0.71561,0.7155,0.71561,27
1779661920,0.71562,0.71565,0.71559,0.71565,35
1779661980,0.71563,0.71569,0.71561,0.71568,18
1779662040,0.71562,0.71562,0.71561,0.71561,14
1779662100,0.71561,0.71567,0.71561,0.71563,38
1779662160,0.71559,0.7156,0.71559,0.71559,6
1779662220,0.71562,0.71562,0.71556,0.71557,12
1779662280,0.71563,0.71563,0.71561,0.71561,12
1779662340,0.71567,0.71568,0.71565,0.71567,17
1779662460,0.71562,0.71562,0.71561,0.71561,4
1779662520,0.71564,0.71565,0.71564,0.71565,3
1779662580,0.71557,0.71557,0.71556,0.71556,7
1779662640,0.71556,0.71557,0.71556,0.71557,13
1779662700,0.71563,0.7157,0.71563,0.7157,40
1779662760,0.71568,0.7158,0.71568,0.7158,39
1779662820,0.71577,0.71577,0.71577,0.71577,2
1779662880,0.71584,0.71585,0.71584,0.71584,5
1779662940,0.71589,0.7159,0.71589,0.7159,4
1779663000,0.71594,0.71596,0.71592,0.71592,39
1779663060,0.71595,0.71595,0.71594,0.71595,11
1779663120,0.7159,0.7159,0.71587,0.71588,22
1779663180,0.71588,0.7159,0.71587,0.71587,20
1779663240,0.71587,0.71587,0.71587,0.71587,1
1779663300,0.71583,0.71584,0.71582,0.71583,15
1779663360,0.7158,0.71581,0.7158,0.71581,14
1779663420,0.71573,0.71576,0.71572,0.71576,5
1779663480,0.71576,0.71577,0.71575,0.71576,8
1779663540,0.71581,0.71583,0.71579,0.71583,25
1779663660,0.71611,0.71612,0.71611,0.71612,11
1779663720,0.716,0.716,0.71596,0.71598,8
1779663780,0.71598,0.71603,0.71598,0.71602,11
1779663840,0.71603,0.71603,0.71601,0.71601,16
1779663900,0.71608,0.7161,0.71604,0.71604,52
1779663960,0.71605,0.71607,0.71602,0.71602,29
1779664020,0.71603,0.71603,0.71602,0.71603,6
1779664080,0.71611,0.71611,0.71609,0.71611,7
1779664140,0.71612,0.71613,0.71608,0.71608,9
1779664200,0.71609,0.71613,0.71609,0.71612,17
1779664260,0.71608,0.7161,0.71604,0.71604,12
1779664320,0.71606,0.71607,0.71602,0.71603,28
1779664380,0.71602,0.71603,0.71599,0.71599,20
1779664440,0.716,0.716,0.716,0.716,1
1779664500,0.71596,0.71597,0.71596,0.71597,12
1779664560,0.71595,0.71595,0.71593,0.71595,11
1779664620,0.71594,0.71597,0.71593,0.71597,18
1779664680,0.71597,0.71597,0.71597,0.71597,1
1779664740,0.71592,0.71592,0.71592,0.71592,2
1779664800,0.71594,0.71595,0.71594,0.71594,7
1779664860,0.71594,0.71595,0.71593,0.71593,12
1779664920,0.71594,0.71594,0.71592,0.71593,5
1779664980,0.71596,0.71596,0.71596,0.71596,2
1779665040,0.71607,0.71607,0.71606,0.71606,5
1779665100,0.71599,0.71599,0.71588,0.71588,13
1779665160,0.71587,0.71588,0.71587,0.71588,4
1779665220,0.71591,0.71591,0.71588,0.7159,10
1779665280,0.71597,0.71598,0.71596,0.71598,10
1779665340,0.71605,0.71605,0.71601,0.71601,12
1779665460,0.71596,0.71597,0.71596,0.71597,4
1779665520,0.71601,0.71603,0.71601,0.71603,5
1779665580,0.71605,0.71605,0.71605,0.71605,3
1779665640,0.71606,0.71606,0.71605,0.71605,2
1779665700,0.71601,0.71606,0.71601,0.71605,73
1779665760,0.71605,0.71607,0.71604,0.71606,18
1779665820,0.71607,0.71607,0.716,0.71601,16
1779665880,0.71604,0.71605,0.71604,0.71605,6
1779665940,0.71608,0.71608,0.71607,0.71607,4
1779666000,0.71614,0.71616,0.71612,0.71616,40
1779666060,0.71617,0.71617,0.71612,0.71612,4
1779666120,0.71614,0.71615,0.71611,0.71614,18
1779666180,0.71616,0.71616,0.71614,0.71616,19
1779666240,0.71617,0.71617,0.71617,0.71617,1
1779666300,0.71612,0.71612,0.71601,0.71606,63
1779666360,0.71614,0.71615,0.71611,0.71615,22
1779666420,0.71611,0.71611,0.7161,0.7161,6
1779666480,0.71611,0.71611,0.71607,0.71608,17
1779666540,0.71604,0.71606,0.716,0.71602,29
1779666600,0.71602,0.71602,0.71587,0.71592,22
1779666660,0.71588,0.71589,0.71586,0.71587,11
1779666720,0.71588,0.71589,0.71583,0.71589,14
1779666780,0.71583,0.71595,0.71583,0.71592,32
1779666840,0.71591,0.71593,0.71591,0.71592,7
1779666900,0.71588,0.71593,0.71588,0.71591,15
1779666960,0.71585,0.71585,0.71576,0.71577,28
1779667020,0.71576,0.71576,0.71575,0.71575,5
1779667080,0.71573,0.71575,0.7157,0.7157,16
1779667140,0.71569,0.71569,0.71565,0.71566,20
1779667260,0.71573,0.71573,0.71563,0.71563,23
1779667320,0.71554,0.71555,0.71546,0.71551,46
1779667380,0.71553,0.71553,0.71553,0.71553,1
1779667440,0.71547,0.71547,0.71543,0.71543,9
1779667500,0.71543,0.71549,0.71542,0.71548,27
1779667560,0.71553,0.71557,0.71548,0.71549,30
1779667620,0.71561,0.71567,0.71558,0.71567,29
1779667680,0.71571,0.71572,0.71571,0.71571,5
1779667740,0.71566,0.71567,0.71565,0.71566,5
1779667800,0.71577,0.71586,0.71576,0.71584,53
1779667860,0.71582,0.71585,0.71582,0.71584,16
1779667920,0.71578,0.7158,0.71576,0.71577,18
1779667980,0.71579,0.71579,0.71575,0.71576,28
1779668040,0.71577,0.71577,0.71577,0.71577,2
1779668100,0.71576,0.71577,0.7157,0.71572,67
1779668160,0.71572,0.7158,0.71572,0.71578,22
1779668220,0.71575,0.71575,0.71566,0.71566,18
1779668280,0.71563,0.71565,0.71562,0.71565,21
1779668340,0.71574,0.71578,0.7157,0.71578,33
1779668460,0.71584,0.71584,0.71584,0.71584,1
1779668520,0.71586,0.71587,0.71586,0.71587,4
1779668580,0.71598,0.71602,0.71597,0.71602,10
1779668640,0.71606,0.71609,0.71606,0.71607,24
1779668700,0.71614,0.71614,0.71595,0.71596,88
1779668760,0.71594,0.71596,0.71586,0.71591,46
1779668820,0.71595,0.71597,0.71594,0.71595,22
1779668880,0.71592,0.71593,0.71592,0.71592,7
1779668940,0.71592,0.716,0.71591,0.71597,27
1779669000,0.71615,0.71627,0.71615,0.7162,61
1779669060,0.71621,0.71622,0.71618,0.71621,33
1779669120,0.71615,0.71617,0.71614,0.71616,28
1779669180,0.71607,0.71607,0.71595,0.71595,45
1779669240,0.71595,0.71596,0.71592,0.71592,13
1779669300,0.71594,0.71604,0.71593,0.716,45
1779669360,0.71602,0.71602,0.71601,0.71601,10
1779669420,0.71596,0.71596,0.71591,0.71594,15
1779669480,0.71601,0.71601,0.71592,0.71592,22
1779669540,0.71604,0.71607,0.71602,0.71606,43
1779669600,0.71598,0.71598,0.71589,0.71591,57
1779669660,0.71592,0.71594,0.7159,0.71594,25
1779669720,0.7159,0.7159,0.71582,0.71586,21
1779669780,0.71582,0.71584,0.71581,0.71581,26
1779669840,0.71576,0.71576,0.71575,0.71576,20
1779669900,0.71581,0.71591,0.7158,0.71591,69
1779669960,0.71592,0.71596,0.71591,0.71596,29
1779670020,0.71598,0.71598,0.71597,0.71597,4
1779670080,0.71607,0.71611,0.71607,0.71611,9
1779670140,0.71623,0.71632,0.71623,0.71632,27
1779670200,0.71636,0.7164,0.71629,0.71633,75
1779670260,0.71632,0.71637,0.71632,0.71636,24
1779670320,0.71644,0.71647,0.71638,0.7164,38
1779670380,0.71645,0.71647,0.71644,0.71647,7
1779670440,0.71647,0.71648,0.71647,0.71647,6
1779670500,0.71644,0.71645,0.71642,0.71644,19
1779670560,0.71624,0.71624,0.71621,0.71621,16
1779670620,0.71616,0.71617,0.71616,0.71616,16
1779670680,0.71589,0.71597,0.71587,0.71595,52
1779670740,0.71578,0.71582,0.71573,0.71582,44
1779670860,0.71592,0.71592,0.7159,0.71591,23
1779670920,0.71602,0.71603,0.71597,0.71602,28
1779670980,0.71604,0.7161,0.71602,0.71609,40
1779671040,0.7161,0.71615,0.7161,0.71612,32
1779671100,0.71611,0.71617,0.71611,0.71615,63
1779671160,0.71618,0.71621,0.71618,0.71621,5
1779671220,0.71633,0.71636,0.71633,0.71635,21
1779671280,0.71627,0.71629,0.71627,0.71627,24
1779671340,0.71616,0.71618,0.71615,0.71616,30
1779671400,0.71617,0.71624,0.71617,0.71621,35
1779671460,0.71619,0.71627,0.71619,0.71626,49
1779671520,0.71636,0.71636,0.71636,0.71636,1
1779671580,0.71635,0.71635,0.71633,0.71635,13
1779671640,0.71646,0.71649,0.71642,0.71649,14
1779671700,0.71673,0.71676,0.71666,0.71667,97
1779671760,0.71665,0.71667,0.71665,0.71665,18
1779671820,0.71667,0.71675,0.71667,0.71669,33
1779671880,0.71675,0.71676,0.71668,0.71676,46
1779671940,0.7167,0.71677,0.71662,0.71677,41
1779672000,0.71676,0.71677,0.71676,0.71677,4
1779672060,0.71671,0.71672,0.7167,0.71672,8
1779672120,0.71671,0.71676,0.71671,0.71676,10
1779672180,0.71678,0.7168,0.71675,0.71677,27
1779672240,0.71677,0.71679,0.71676,0.71676,23
1779672300,0.71675,0.71687,0.71675,0.71677,72
1779672360,0.71676,0.71685,0.71676,0.71684,26
1779672420,0.71681,0.71686,0.71681,0.71684,41
1779672480,0.71686,0.71687,0.71686,0.71687,5
1779672540,0.71704,0.71708,0.71702,0.71706,14
1779672600,0.71725,0.71725,0.7168,0.71681,99
1779672660,0.71666,0.71682,0.71666,0.71682,37
1779672720,0.71668,0.71673,0.71667,0.71669,37
1779672780,0.7166,0.7166,0.7166,0.7166,1
1779672840,0.71671,0.71673,0.71671,0.71672,9
1779672900,0.71674,0.71676,0.71673,0.71676,9
1779672960,0.71696,0.71698,0.71695,0.71696,19
1779673020,0.71697,0.71698,0.71696,0.71697,13
1779673080,0.71704,0.71705,0.71702,0.71702,30
1779673140,0.71703,0.71707,0.71703,0.71707,36
1779673200,0.71703,0.71703,0.71701,0.71703,7
1779673260,0.71704,0.71708,0.71704,0.71707,12
1779673320,0.71701,0.71701,0.71696,0.71697,23
1779673380,0.71686,0.71688,0.71683,0.71685,30
1779673440,0.71689,0.7169,0.71681,0.71682,27
1779673500,0.71688,0.71689,0.71682,0.71684,72
1779673560,0.71684,0.71692,0.71681,0.71692,45
1779673620,0.71677,0.71682,0.71677,0.71682,18
1779673680,0.71681,0.71681,0.71674,0.71674,12
1779673740,0.71683,0.71683,0.7168,0.71681,24
1779673800,0.71678,0.71679,0.71674,0.71675,27
1779673860,0.7167,0.71673,0.71668,0.71669,24
1779673920,0.71677,0.71679,0.71675,0.71675,31
1779673980,0.71673,0.71673,0.71667,0.71669,27
1779674040,0.7167,0.71671,0.7167,0.71671,4
1779674100,0.71666,0.71672,0.71665,0.71672,38
1779674160,0.71671,0.71672,0.71668,0.71668,12
1779674220,0.71661,0.71661,0.71658,0.71659,29
1779674280,0.71652,0.71659,0.71652,0.71656,28
1779674340,0.71662,0.71662,0.71662,0.71662,1
1779674460,0.71671,0.71672,0.71669,0.71669,13
1779674520,0.71674,0.71678,0.71674,0.71677,12
1779674580,0.71675,0.71675,0.71674,0.71674,13
1779674640,0.71673,0.71674,0.71673,0.71674,10
1779674760,0.71679,0.71682,0.71678,0.71682,9
1779674820,0.71693,0.71693,0.71691,0.71692,8
1779674880,0.71707,0.71707,0.71698,0.71701,21
1779674940,0.71703,0.71711,0.71702,0.71704,35
1779675000,0.71704,0.71707,0.71702,0.71703,72
1779675060,0.71702,0.71702,0.71688,0.71692,42
1779675120,0.71689,0.71689,0.71686,0.71688,20
1779675180,0.71692,0.71693,0.71692,0.71693,4
1779675240,0.71684,0.71684,0.71682,0.71683,23
1779675300,0.71686,0.71687,0.71679,0.71685,63
1779675360,0.71683,0.71683,0.71679,0.71679,20
1779675420,0.71677,0.71678,0.71676,0.71678,14
1779675480,0.71678,0.7168,0.71677,0.7168,17
1779675540,0.71686,0.71688,0.71682,0.71688,21
1779675600,0.71688,0.71688,0.71686,0.71686,7
1779675660,0.71694,0.71694,0.71693,0.71694,5
1779675720,0.71695,0.71696,0.71695,0.71695,5
1779675780,0.71702,0.71702,0.71701,0.71702,11
1779675840,0.71713,0.71714,0.71707,0.71708,30
1779675960,0.71707,0.71707,0.71705,0.71705,4
1779676020,0.71703,0.71703,0.71699,0.71699,11
1779676080,0.71697,0.71697,0.71693,0.71694,11
1779676140,0.71703,0.71703,0.71701,0.71703,15
1779676200,0.71703,0.71703,0.71697,0.71701,36
1779676260,0.71703,0.71703,0.71702,0.71702,4
1779676320,0.71698,0.71702,0.71697,0.71701,29
1779676380,0.71706,0.71707,0.71706,0.71706,6
1779676440,0.717,0.717,0.71698,0.71698,6
1779676500,0.71698,0.71703,0.71697,0.71698,50
1779676560,0.71699,0.717,0.71698,0.71698,15
1779676620,0.71698,0.71699,0.71698,0.71698,6
1779676680,0.71697,0.71697,0.71692,0.71692,34
1779676740,0.71693,0.71693,0.71693,0.71693,1
1779676800,0.71682,0.71682,0.71667,0.71677,61
1779676860,0.71676,0.71678,0.71675,0.71678,17
1779676920,0.7168,0.71682,0.71679,0.71681,12
1779676980,0.71685,0.71688,0.71685,0.71687,13
1779677040,0.71686,0.71688,0.71684,0.71684,15
1779677100,0.71687,0.71689,0.71687,0.71688,26
1779677160,0.71686,0.71686,0.71682,0.71683,11
1779677220,0.7168,0.7168,0.71678,0.71679,21
1779677280,0.71683,0.71684,0.71676,0.71678,29
1779677340,0.71682,0.71683,0.71681,0.71683,11
1779677400,0.71678,0.71678,0.71676,0.71677,9
1779677460,0.71677,0.71677,0.71677,0.71677,1
1779677520,0.71667,0.71668,0.71667,0.71668,3
1779677580,0.71671,0.71671,0.71667,0.71667,8
1779677640,0.71668,0.71668,0.71668,0.71668,2
1779677700,0.71653,0.71654,0.71644,0.71648,39
1779677760,0.71647,0.71648,0.7164,0.7164,20
1779677820,0.71641,0.71643,0.71641,0.71642,27
1779677880,0.71646,0.71646,0.71645,0.71645,4
1779677940,0.71636,0.71638,0.71636,0.71638,12
1779678060,0.71651,0.71652,0.71649,0.71652,17
1779678120,0.71656,0.71657,0.71654,0.71654,14
1779678180,0.71635,0.71639,0.71635,0.71636,25
1779678240,0.71637,0.71638,0.71625,0.71637,53
1779678300,0.71646,0.71646,0.71632,0.71633,44
1779678360,0.71636,0.71636,0.71636,0.71636,4
1779678420,0.71629,0.71635,0.71629,0.71635,9
1779678480,0.71638,0.71641,0.71637,0.7164,15
1779678540,0.71635,0.71637,0.71635,0.71637,7
1779678600,0.71632,0.71634,0.71631,0.71633,39
1779678660,0.71635,0.71643,0.71635,0.71642,18
1779678720,0.7164,0.71642,0.71638,0.71639,24
1779678780,0.71636,0.71641,0.71635,0.71637,24
1779678840,0.71634,0.71634,0.71631,0.71633,16
1779678900,0.71633,0.71634,0.71626,0.71626,33
1779678960,0.71627,0.71629,0.71623,0.71629,22
1779679020,0.71628,0.71629,0.71621,0.71629,31
1779679080,0.71628,0.71629,0.71628,0.71628,6
1779679140,0.71632,0.71634,0.7163,0.71631,19
1779679200,0.71629,0.71639,0.71629,0.71636,49
1779679260,0.71639,0.71642,0.71638,0.71642,13
1779679320,0.71639,0.71639,0.71631,0.71632,14
1779679380,0.7163,0.7163,0.71627,0.71628,11
1779679440,0.71626,0.71626,0.71623,0.71623,20
1779679500,0.71621,0.71623,0.7162,0.71623,16
1779679560,0.71627,0.71631,0.71626,0.71631,27
1779679620,0.7163,0.71631,0.71629,0.71629,10
1779679680,0.71637,0.71638,0.71635,0.71635,9
1779679740,0.71632,0.71633,0.71631,0.71633,9
1779679800,0.71631,0.71636,0.71631,0.71632,45
1779679860,0.71631,0.71638,0.71629,0.71632,39
1779679920,0.71633,0.71633,0.71632,0.71632,3
1779679980,0.71636,0.71636,0.71635,0.71636,5
1779680040,0.71636,0.71636,0.71633,0.71634,5
1779680100,0.71637,0.71646,0.71632,0.71633,43
1779680160,0.71637,0.71637,0.71634,0.71635,9
1779680220,0.7163,0.71632,0.7163,0.71632,9
1779680280,0.71632,0.71634,0.71632,0.71634,14
1779680340,0.71632,0.71633,0.71626,0.71626,6
1779680400,0.7162,0.7162,0.71615,0.71619,34
1779680460,0.71616,0.71618,0.71616,0.71616,14
1779680520,0.71618,0.71618,0.71617,0.71617,4
1779680580,0.71621,0.71623,0.71621,0.71623,11
1779680640,0.71621,0.71621,0.71617,0.71617,16
1779680700,0.71621,0.71621,0.71615,0.7162,29
1779680760,0.7162,0.7162,0.71617,0.71617,11
1779680820,0.71606,0.71607,0.71606,0.71606,10
1779680880,0.71616,0.71619,0.71616,0.71616,9
1779680940,0.71614,0.71614,0.71613,0.71613,3
1779681060,0.71618,0.71618,0.71617,0.71617,4
1779681120,0.71618,0.71619,0.71618,0.71618,5
1779681180,0.71619,0.71619,0.71618,0.71618,6
1779681240,0.71619,0.71619,0.71616,0.71617,15
1779681300,0.71614,0.71617,0.71611,0.71615,42
1779681360,0.71613,0.71613,0.71601,0.71602,23
1779681420,0.71603,0.71606,0.71602,0.71606,24
1779681480,0.71606,0.71607,0.71605,0.71607,6
1779681540,0.71609,0.71613,0.71607,0.71613,12
1779681660,0.71615,0.71615,0.71612,0.71614,14
1779681720,0.71615,0.71616,0.71615,0.71616,7
1779681780,0.7162,0.71628,0.7162,0.71627,10
1779681840,0.71628,0.71628,0.71628,0.71628,1
1779681900,0.71628,0.71632,0.71627,0.7163,25
1779681960,0.71627,0.71629,0.71627,0.71629,3
1779682020,0.71626,0.71629,0.71626,0.71628,7
1779682080,0.71626,0.71626,0.71623,0.71623,13
1779682140,0.71618,0.71618,0.71612,0.71612,10
1779682200,0.71614,0.71614,0.71614,0.71614,1
1779682260,0.71614,0.71615,0.71614,0.71614,7
1779682320,0.71612,0.71613,0.71612,0.71613,7
1779682380,0.71614,0.71614,0.71613,0.71613,11
1779682440,0.71612,0.71614,0.71612,0.71613,10
1779682560,0.71611,0.71611,0.71611,0.71611,1
1779682620,0.71613,0.71613,0.71613,0.71613,2
1779682680,0.71619,0.71622,0.71618,0.71618,12
1779682740,0.71619,0.71619,0.71618,0.71618,4
1779682800,0.7161,0.71616,0.71608,0.71615,28
1779682860,0.71619,0.71626,0.71619,0.71622,24
1779682920,0.71625,0.71626,0.71623,0.71625,23
1779682980,0.71624,0.71624,0.71623,0.71623,17
1779683040,0.71625,0.71626,0.71625,0.71626,7
1779683100,0.71625,0.71632,0.71624,0.71631,26
1779683160,0.71631,0.71633,0.7163,0.71633,9
1779683220,0.71641,0.71641,0.7164,0.7164,4
1779683280,0.71646,0.71646,0.71643,0.71643,20
1779683340,0.71643,0.71643,0.71642,0.71642,3
1779683400,0.71644,0.71644,0.71641,0.71641,24
1779683460,0.7164,0.71646,0.7164,0.71645,8
1779683520,0.71654,0.71654,0.71648,0.71648,10
1779683580,0.7165,0.71652,0.71649,0.71651,9
1779683640,0.71652,0.71652,0.7165,0.71651,16
1779683760,0.7166,0.7166,0.71657,0.71657,9
1779683820,0.71654,0.71659,0.71653,0.71658,10
1779683880,0.71665,0.71667,0.71665,0.71666,8
1779683940,0.7167,0.71671,0.71667,0.71667,10
1779684000,0.71669,0.71669,0.71667,0.71669,15
1779684060,0.7167,0.71671,0.7167,0.71671,7
1779684120,0.71672,0.71672,0.71672,0.71672,4
1779684180,0.71675,0.71679,0.71675,0.71678,12
1779684240,0.71675,0.71678,0.71674,0.71677,16
1779684300,0.71679,0.71682,0.71679,0.71681,32
1779684360,0.71681,0.71682,0.71681,0.71682,10
1779684420,0.71685,0.71697,0.71685,0.71697,33
1779684480,0.71687,0.71687,0.71686,0.71687,11
1779684540,0.71694,0.71694,0.71694,0.71694,2
1779684600,0.71695,0.71698,0.71695,0.71696,37
1779684660,0.71698,0.71708,0.71698,0.71706,22
1779684720,0.71701,0.71702,0.717,0.71701,17
1779684780,0.71694,0.71694,0.71692,0.71693,18
1779684840,0.71695,0.71699,0.71695,0.71698,11
1779684900,0.71695,0.71698,0.71695,0.71698,12
1779684960,0.71697,0.71698,0.71697,0.71698,7
1779685020,0.71693,0.71697,0.71693,0.71697,9
1779685080,0.71702,0.71703,0.71702,0.71703,5
1779685140,0.71698,0.71698,0.71693,0.71694,34
1779685260,0.71688,0.717,0.71686,0.717,28
1779685320,0.71701,0.71701,0.717,0.717,4
1779685380,0.71704,0.71704,0.71702,0.71702,15
1779685440,0.71699,0.717,0.71698,0.717,15
1779685500,0.717,0.717,0.71696,0.71697,22
1779685560,0.71703,0.71709,0.71703,0.71709,16
1779685620,0.71717,0.71718,0.71705,0.71707,40
1779685680,0.71712,0.71712,0.71711,0.71711,3
1779685740,0.71702,0.71702,0.71701,0.71702,6
1779685800,0.71697,0.71704,0.71697,0.717,24
1779685860,0.71703,0.71705,0.71702,0.71704,24
1779685920,0.7171,0.7171,0.71709,0.71709,6
1779685980,0.71692,0.71697,0.71692,0.71697,10
1779686040,0.71698,0.71699,0.71698,0.71698,3
1779686100,0.71706,0.71706,0.71703,0.71706,35
1779686160,0.71707,0.71709,0.71706,0.71706,18
1779686220,0.71711,0.71714,0.71708,0.71712,18
1779686280,0.71708,0.7171,0.71708,0.71709,19
1779686340,0.71707,0.71707,0.71703,0.71703,7
1779686400,0.71704,0.71704,0.71704,0.71704,1
1779686460,0.71702,0.71702,0.71692,0.71692,8
1779686520,0.71693,0.71697,0.71693,0.71697,9
1779686580,0.71694,0.71695,0.71694,0.71695,4
1779686640,0.71695,0.71695,0.71693,0.71693,9
1779686760,0.71691,0.71692,0.71691,0.71691,4
1779686820,0.71687,0.71687,0.71687,0.71687,1
1779686880,0.71684,0.71684,0.71683,0.71683,5
1779686940,0.71683,0.71683,0.7168,0.71681,6
1779687000,0.7168,0.7168,0.71669,0.71673,52
1779687060,0.71672,0.71679,0.7167,0.71678,34
1779687120,0.71676,0.71676,0.71675,0.71676,5
1779687180,0.71684,0.7169,0.71684,0.71689,16
1779687240,0.71688,0.71694,0.71687,0.71694,11
1779687300,0.71693,0.71695,0.71692,0.71693,17
1779687360,0.71691,0.71691,0.71688,0.71689,13
1779687420,0.7169,0.71695,0.71689,0.71692,21
1779687480,0.71704,0.71704,0.71704,0.71704,2
1779687540,0.71705,0.71705,0.71704,0.71705,6
1779687600,0.717,0.717,0.71693,0.71693,18
1779687660,0.71693,0.71697,0.71693,0.71696,15
1779687720,0.71697,0.71697,0.71693,0.71697,19
1779687780,0.71696,0.71704,0.71696,0.71702,20
1779687840,0.71695,0.71695,0.71694,0.71694,4
1779687900,0.71693,0.71701,0.71692,0.717,33
1779687960,0.71699,0.71699,0.71694,0.71695,21
1779688020,0.71688,0.71689,0.71687,0.71688,9
1779688080,0.71689,0.7169,0.71685,0.71686,12
1779688140,0.71681,0.71681,0.71675,0.71675,30
1779688200,0.71674,0.71674,0.71665,0.71665,38
1779688260,0.7166,0.71662,0.71654,0.71658,32
1779688320,0.71663,0.71663,0.71659,0.7166,9
1779688380,0.71663,0.71663,0.71663,0.71663,2
1779688440,0.71661,0.71664,0.7166,0.71663,9
1779688500,0.71666,0.71666,0.7166,0.71661,53
1779688560,0.71664,0.71667,0.71663,0.71667,15
1779688620,0.71649,0.71649,0.71649,0.71649,2
1779688680,0.7165,0.7165,0.71649,0.71649,3
1779688740,0.71649,0.7165,0.71647,0.71647,11
1779688800,0.71647,0.71663,0.71642,0.71662,118
1779688860,0.71663,0.7167,0.71662,0.71663,45
1779688920,0.71667,0.71672,0.71666,0.71667,42
1779688980,0.71665,0.71665,0.71659,0.71664,36
1779689040,0.71668,0.71668,0.71668,0.71668,1
1779689100,0.71661,0.71661,0.7166,0.7166,4
1779689160,0.71661,0.71664,0.71661,0.71663,8
1779689220,0.71666,0.71671,0.71666,0.71671,18
1779689280,0.71672,0.71678,0.71672,0.71677,25
1779689340,0.71674,0.71674,0.71668,0.7167,26
1779689400,0.71671,0.71682,0.71671,0.71681,66
1779689460,0.71679,0.71681,0.71676,0.71677,28
1779689520,0.71677,0.7168,0.71677,0.7168,5
1779689580,0.71679,0.7168,0.71677,0.71679,17
1779689640,0.71678,0.71683,0.71678,0.71682,12
1779689700,0.71682,0.71682,0.71671,0.71672,42
1779689760,0.71672,0.71672,0.71669,0.7167,27
1779689820,0.71663,0.71665,0.71661,0.71662,25
1779689880,0.71667,0.71668,0.71667,0.71668,3
1779689940,0.71667,0.71667,0.71667,0.71667,4
1779690000,0.71661,0.71663,0.71655,0.71657,47
1779690060,0.71655,0.71656,0.71654,0.71656,11
1779690120,0.71648,0.7165,0.71644,0.71647,35
1779690180,0.71648,0.71653,0.71647,0.71652,28
1779690240,0.71656,0.71656,0.71656,0.71656,2
1779690300,0.71664,0.71665,0.71663,0.71664,9
1779690360,0.71661,0.71662,0.7166,0.71662,9
1779690420,0.71662,0.71664,0.71661,0.71664,11
1779690480,0.71661,0.71664,0.7166,0.71662,16
1779690540,0.71658,0.71658,0.71651,0.71655,37
1779690600,0.71656,0.71656,0.71647,0.71652,83
1779690660,0.71653,0.71656,0.71653,0.71655,18
1779690720,0.71662,0.71665,0.71662,0.71665,6
1779690780,0.71665,0.71665,0.71664,0.71664,8
1779690840,0.71665,0.71665,0.71661,0.71663,10
1779690900,0.71675,0.71677,0.71674,0.71676,14
1779690960,0.71679,0.71679,0.71673,0.71674,25
1779691020,0.71673,0.71674,0.71666,0.71668,28
1779691080,0.71668,0.7167,0.71667,0.71669,18
1779691140,0.71669,0.71669,0.71669,0.71669,2
1779691200,0.71673,0.71673,0.71668,0.71668,4
1779691260,0.71669,0.71671,0.71669,0.71671,9
1779691320,0.71666,0.71669,0.71664,0.71665,25
1779691380,0.71661,0.71662,0.71655,0.71655,38
1779691440,0.71654,0.71654,0.71652,0.71652,20
1779691560,0.71658,0.71658,0.71658,0.71658,1
1779691620,0.71674,0.7168,0.71673,0.71678,13
1779691680,0.71668,0.71668,0.71662,0.71662,13
1779691740,0.71657,0.71659,0.71657,0.71658,11
1779691800,0.7166,0.71663,0.71658,0.71658,19
1779691860,0.7166,0.71662,0.71658,0.71659,26
1779691920,0.71668,0.71668,0.71652,0.71656,29
1779691980,0.7166,0.7166,0.71654,0.71654,22
1779692040,0.71661,0.71664,0.7166,0.71664,18
1779692100,0.71664,0.71667,0.71661,0.71667,73
1779692160,0.71665,0.71668,0.71665,0.71667,34
1779692220,0.71658,0.71663,0.71654,0.71658,49
1779692280,0.71662,0.71664,0.71662,0.71663,16
1779692340,0.71665,0.71665,0.71662,0.71663,10
1779692460,0.71654,0.71655,0.71652,0.71654,25
1779692520,0.71652,0.71653,0.71647,0.71648,47
1779692580,0.71654,0.71654,0.71651,0.71654,36
1779692640,0.7165,0.71655,0.7165,0.71655,10
1779692700,0.71648,0.7165,0.7164,0.71641,50
1779692760,0.71637,0.71637,0.71627,0.7163,22
1779692820,0.71623,0.71626,0.71619,0.7162,22
1779692880,0.71618,0.71619,0.71613,0.71618,28
1779692940,0.71607,0.71607,0.71597,0.716,41
1779693000,0.71608,0.71621,0.71604,0.71617,61
1779693060,0.71616,0.71623,0.71615,0.71622,24
1779693120,0.71622,0.71626,0.7162,0.71626,12
1779693180,0.7162,0.7162,0.7162,0.7162,2
1779693240,0.71616,0.71617,0.71613,0.71617,10
1779693300,0.71614,0.71616,0.71607,0.71608,61
1779693360,0.71606,0.71606,0.71605,0.71605,11
1779693420,0.71598,0.71598,0.71585,0.71591,33
1779693480,0.71571,0.71578,0.71571,0.71576,40
1779693540,0.71524,0.71546,0.71524,0.71538,87
1779693600,0.71536,0.71536,0.71534,0.71534,4
1779693660,0.71533,0.71533,0.71532,0.71533,6
1779693720,0.71546,0.71556,0.71546,0.71556,11
1779693780,0.71538,0.71541,0.71537,0.71539,18
1779693840,0.7154,0.71545,0.71538,0.71544,24
1779693900,0.71558,0.71559,0.71549,0.71556,45
1779693960,0.71557,0.71564,0.71554,0.71559,61
1779694020,0.71572,0.71574,0.71572,0.71574,4
1779694080,0.71583,0.71583,0.71581,0.71581,5
1779694140,0.71574,0.71576,0.71573,0.71574,18
1779694200,0.71579,0.71584,0.71574,0.71584,40
1779694260,0.71583,0.7159,0.71583,0.7159,40
1779694320,0.71595,0.716,0.71594,0.71596,37
1779694380,0.71614,0.71628,0.71612,0.71622,95
1779694440,0.7161,0.71612,0.71601,0.71601,15
1779694500,0.71598,0.71604,0.71598,0.71603,17
1779694560,0.71608,0.71609,0.71602,0.71604,26
1779694620,0.71602,0.71604,0.71602,0.71604,16
1779694680,0.71596,0.71599,0.71595,0.71595,33
1779694740,0.71593,0.71598,0.71592,0.71593,30
1779694800,0.71593,0.71593,0.71593,0.71593,2
1779694860,0.71595,0.716,0.71595,0.716,8
1779694920,0.71598,0.71598,0.71595,0.71595,8
1779694980,0.716,0.71605,0.71599,0.71605,27
1779695040,0.71598,0.71602,0.71595,0.71595,40
1779695100,0.71592,0.71595,0.71591,0.71595,73
1779695160,0.71594,0.71597,0.71585,0.71596,45
1779695220,0.71595,0.71595,0.71594,0.71595,4
1779695280,0.71595,0.71595,0.71594,0.71594,6
1779695340,0.71588,0.71593,0.71588,0.71593,16
1779695400,0.71594,0.71595,0.71592,0.71592,23
1779695460,0.71593,0.71594,0.71593,0.71593,23
1779695520,0.71585,0.71593,0.71584,0.71593,26
1779695580,0.71594,0.71594,0.71593,0.71593,6
1779695640,0.71588,0.7159,0.71588,0.71589,13
1779695700,0.71592,0.71594,0.71592,0.71592,34
1779695760,0.71593,0.71594,0.7159,0.71593,22
1779695820,0.71593,0.71594,0.71591,0.71593,14
1779695880,0.71602,0.71602,0.71601,0.71601,7
1779695940,0.71598,0.71601,0.71597,0.71597,12
1779696000,0.71608,0.71608,0.71588,0.71591,92
1779696060,0.71589,0.71595,0.71588,0.71595,23
1779696120,0.71596,0.71596,0.71592,0.71594,18
1779696180,0.71583,0.71596,0.71582,0.71596,31
1779696240,0.71591,0.71601,0.71591,0.71597,43
1779696300,0.71592,0.71594,0.71592,0.71594,5
1779696360,0.71586,0.71598,0.71586,0.71598,13
1779696420,0.716,0.71602,0.716,0.716,8
1779696480,0.71605,0.71609,0.71604,0.71609,22
1779696540,0.71605,0.71608,0.71604,0.71605,23
1779696600,0.71616,0.71621,0.71614,0.71621,28
1779696660,0.71621,0.71625,0.71615,0.71623,48
1779696720,0.71616,0.71616,0.71616,0.71616,2
1779696780,0.71617,0.71617,0.71614,0.71615,9
1779696840,0.71613,0.71619,0.71613,0.71619,11
1779696900,0.71614,0.71615,0.71605,0.71607,70
1779696960,0.71607,0.71609,0.71606,0.71609,27
1779697080,0.71613,0.71613,0.71608,0.7161,15
1779697140,0.71611,0.71616,0.71611,0.71615,17
1779697200,0.71621,0.71627,0.71621,0.71625,24
1779697260,0.71619,0.71619,0.71618,0.71618,2
1779697320,0.71617,0.71618,0.71617,0.71618,2
1779697380,0.71609,0.71609,0.71607,0.71607,16
1779697440,0.71612,0.71617,0.71612,0.71615,9
1779697500,0.71617,0.71619,0.71617,0.71618,17
1779697560,0.71621,0.71624,0.71618,0.7162,37
1779697620,0.71621,0.71621,0.71621,0.71621,1
1779697680,0.71624,0.71625,0.71623,0.71624,6
1779697740,0.71622,0.71624,0.71622,0.71623,5
1779697800,0.71623,0.71637,0.71619,0.71636,92
1779697860,0.71637,0.71639,0.71635,0.71638,10
1779697920,0.71648,0.71654,0.71648,0.71652,9
1779697980,0.71655,0.7166,0.71655,0.71658,16
1779698040,0.71662,0.71664,0.71659,0.71664,26
1779698100,0.71671,0.71672,0.71663,0.71663,66
1779698160,0.71662,0.71663,0.71652,0.71653,72
1779698220,0.71653,0.71656,0.71652,0.71653,46
1779698280,0.71652,0.71661,0.71652,0.71654,49
1779698340,0.71655,0.71659,0.71655,0.71657,33
1779698400,0.71658,0.71668,0.71658,0.71665,47
1779698460,0.71664,0.71664,0.71657,0.71657,71
1779698520,0.71655,0.71656,0.71651,0.71653,56
1779698580,0.71652,0.71653,0.71647,0.71648,50
1779698640,0.71648,0.71654,0.71646,0.71654,51
1779698700,0.71655,0.71658,0.71647,0.71657,57
1779698760,0.71657,0.71658,0.71656,0.71658,34
1779698820,0.71659,0.71662,0.71658,0.71662,38
1779698880,0.71663,0.71668,0.71662,0.71666,35
1779698940,0.71665,0.71669,0.71663,0.71667,66
1779699000,0.71668,0.71671,0.71667,0.71667,59
1779699060,0.71667,0.7167,0.71663,0.71664,70
1779699120,0.71663,0.71666,0.71654,0.71654,63
1779699180,0.71655,0.71658,0.7165,0.7165,69
1779699240,0.71651,0.71658,0.71651,0.71656,38
1779699300,0.71658,0.7166,0.71654,0.71658,70
1779699360,0.71658,0.71658,0.71652,0.71653,61
1779699420,0.71653,0.71662,0.71652,0.71661,51
1779699480,0.71662,0.71675,0.71662,0.71673,58
1779699540,0.71673,0.71674,0.71667,0.71668,49
1779699600,0.71668,0.7167,0.71667,0.7167,39
1779699660,0.71671,0.71674,0.7167,0.71672,45
1779699720,0.71672,0.7168,0.71672,0.71679,54
1779699780,0.7168,0.7168,0.71676,0.71677,36
1779699840,0.71678,0.7168,0.71677,0.7168,26
1779699900,0.71679,0.71689,0.71676,0.71689,39
1779699960,0.71687,0.71691,0.71677,0.71678,72
1779700020,0.71677,0.71679,0.71677,0.71678,28
1779700080,0.71677,0.71677,0.71669,0.71671,51
1779700140,0.71673,0.71675,0.71672,0.71673,29
1779700200,0.71672,0.71683,0.71672,0.71683,37
1779700260,0.71684,0.71688,0.71684,0.71688,40
1779700320,0.71688,0.71688,0.71675,0.71679,57
1779700380,0.71678,0.71679,0.7167,0.71672,48
1779700440,0.71672,0.71672,0.71666,0.71668,46
1779700500,0.71669,0.7167,0.71664,0.71664,56
1779700560,0.71664,0.71667,0.71662,0.71666,59
1779700620,0.71668,0.71668,0.71664,0.71667,38
1779700680,0.71668,0.71675,0.71667,0.71675,45
1779700740,0.71674,0.71674,0.71668,0.71668,45
1779700800,0.71669,0.7167,0.71667,0.71667,44
1779700860,0.71667,0.71668,0.71663,0.71663,34
1779700920,0.71663,0.71666,0.71663,0.71664,30
1779700980,0.7166,0.71661,0.71658,0.71659,53
1779701040,0.7166,0.71663,0.7166,0.71662,26
1779701100,0.71662,0.71663,0.7166,0.71662,36
1779701160,0.71661,0.71664,0.7166,0.71661,42
1779701220,0.71662,0.71667,0.71662,0.71663,29
1779701280,0.71663,0.71667,0.71662,0.71664,53
1779701340,0.71664,0.71664,0.71658,0.71659,55
1779701400,0.7166,0.71667,0.71658,0.71667,63
1779701460,0.71668,0.71674,0.71667,0.71674,49
1779701520,0.71674,0.7168,0.71674,0.71679,36
1779701580,0.7168,0.7168,0.71675,0.71677,36
1779701640,0.71676,0.71682,0.71675,0.71678,50
1779701700,0.71678,0.71679,0.71675,0.71679,35
1779701760,0.7168,0.71683,0.71673,0.71673,34
1779701820,0.71675,0.71677,0.71675,0.71676,28
1779701880,0.71677,0.71677,0.71676,0.71676,12
1779701940,0.71676,0.71685,0.71676,0.71684,31
1779702000,0.71684,0.71688,0.71683,0.71687,46
1779702060,0.71689,0.71694,0.71688,0.71693,42
1779702240,0.71697,0.71697,0.71697,0.71697,1
1779702300,0.71697,0.71698,0.71689,0.7169,42
1779702360,0.71689,0.71693,0.71689,0.71692,15
1779702420,0.71693,0.71694,0.71691,0.71692,13
1779702480,0.71691,0.71692,0.7168,0.71682,31
1779702540,0.71677,0.71678,0.71677,0.71677,21
1779702600,0.71678,0.71678,0.71676,0.71677,17
1779702660,0.71678,0.71678,0.71678,0.71678,4
1779702720,0.71677,0.71678,0.71677,0.71678,5
1779702780,0.71673,0.71678,0.71673,0.71677,17
1779702840,0.71677,0.71677,0.71675,0.71676,9
1779702900,0.71674,0.71678,0.71674,0.71678,19
1779702960,0.71677,0.71677,0.71676,0.71676,17
1779703020,0.71677,0.71677,0.71675,0.71675,16
1779703080,0.71675,0.71675,0.71675,0.71675,3
1779703140,0.71667,0.71671,0.71667,0.71671,7
1779703200,0.71669,0.71683,0.71669,0.71681,46
1779703260,0.71683,0.71684,0.71682,0.71684,8
1779703320,0.71682,0.71683,0.71682,0.71682,10
1779703440,0.7168,0.71682,0.7168,0.71682,4
1779703500,0.7168,0.71683,0.7168,0.71683,13
1779703560,0.71684,0.71684,0.71681,0.71681,13
1779703620,0.71681,0.71683,0.71681,0.71683,10
1779703680,0.71684,0.71685,0.71682,0.71682,40
1779703740,0.71683,0.71686,0.71682,0.71684,40
1779703800,0.71684,0.71686,0.71679,0.71686,44
1779703860,0.71685,0.7169,0.71685,0.71685,48
1779703920,0.71685,0.71688,0.71685,0.71688,28
1779703980,0.71685,0.71688,0.71684,0.71684,42
1779704040,0.71685,0.71685,0.71681,0.71682,25
1779704100,0.71682,0.71688,0.71681,0.71687,36
1779704160,0.71687,0.71689,0.71687,0.71689,37
1779704220,0.71692,0.71695,0.71691,0.71693,46
1779704280,0.71689,0.71693,0.71688,0.71693,37
1779704340,0.71692,0.71693,0.71691,0.71691,22
1779704400,0.71691,0.71691,0.71677,0.71677,51
1779704460,0.71676,0.71684,0.71676,0.71684,40
1779704520,0.71683,0.71683,0.71681,0.71682,16
1779704580,0.71683,0.71684,0.71681,0.71682,30
1779704640,0.71682,0.71684,0.71678,0.71678,32
1779704700,0.71678,0.71679,0.71672,0.71674,37
1779704760,0.71672,0.7168,0.71672,0.71679,21
1779704820,0.71678,0.7168,0.71677,0.71677,23
1779704880,0.71676,0.71677,0.71675,0.71677,18
1779704940,0.71677,0.71678,0.71669,0.71671,34
1779705000,0.7167,0.71672,0.71665,0.7167,42
1779705060,0.71669,0.71669,0.71666,0.71666,18
1779705120,0.71665,0.71668,0.7166,0.71661,39
1779705180,0.71663,0.71663,0.71661,0.71663,30
1779705240,0.71662,0.71667,0.71662,0.71663,35
1779705300,0.71661,0.71662,0.71657,0.71657,34
1779705360,0.71659,0.71663,0.71656,0.71663,25
1779705420,0.71665,0.71665,0.71656,0.71659,38
1779705480,0.7166,0.7166,0.71656,0.71656,30
1779705600,0.71658,0.71665,0.71658,0.71665,20
1779705660,0.71665,0.71668,0.71664,0.71668,8
1779705720,0.71667,0.71668,0.71667,0.71668,6
1779705780,0.71666,0.71667,0.71665,0.71667,11
1779705840,0.71669,0.71669,0.71669,0.71669,2
1779705900,0.71678,0.71678,0.71672,0.71674,31
1779705960,0.71674,0.71676,0.71674,0.71674,8
1779706020,0.71672,0.71674,0.71672,0.71674,10
1779706080,0.71674,0.71677,0.71674,0.71677,11
1779706140,0.71674,0.71675,0.71674,0.71674,10
1779706200,0.71673,0.71675,0.71672,0.71674,18
1779706260,0.71672,0.71672,0.71671,0.71672,5
1779706320,0.7167,0.7167,0.7167,0.7167,1
1779706380,0.71667,0.71669,0.71667,0.71669,5
1779706440,0.71667,0.71668,0.71665,0.71667,11
1779706500,0.71663,0.71663,0.71663,0.71663,3
1779706560,0.71663,0.71664,0.71663,0.71663,11
1779706620,0.71661,0.71666,0.71661,0.71661,26
1779706680,0.71658,0.71658,0.71658,0.71658,2
1779706740,0.7166,0.7166,0.71659,0.7166,5
1779706860,0.71659,0.71661,0.71658,0.71658,19
1779706920,0.71658,0.71662,0.71658,0.71661,15
1779706980,0.71651,0.71652,0.71649,0.71649,14
1779707040,0.7165,0.7165,0.71649,0.71649,14
1779707160,0.71648,0.71649,0.71648,0.71649,4
1779707220,0.71643,0.71644,0.71643,0.71644,11
1779707280,0.71645,0.71647,0.71645,0.71647,8
1779707340,0.7165,0.71655,0.7165,0.71655,16
1779707400,0.71657,0.71665,0.71657,0.71664,26
1779707460,0.71662,0.71663,0.7166,0.71663,20
1779707520,0.71662,0.71662,0.71659,0.7166,9
1779707580,0.71662,0.71662,0.71662,0.71662,6
1779707640,0.71664,0.71664,0.71663,0.71664,7
1779707700,0.71662,0.71666,0.71661,0.71663,31
1779707760,0.71663,0.71664,0.71662,0.71664,13
1779707820,0.71667,0.71668,0.71667,0.71667,20
1779707880,0.71669,0.71672,0.71669,0.71672,23
1779707940,0.71674,0.71674,0.71674,0.71674,2
1779708000,0.71676,0.71678,0.71676,0.71677,14
1779708060,0.71676,0.71677,0.71676,0.71677,10
1779708120,0.71677,0.71678,0.71677,0.71677,11
1779708180,0.71674,0.71674,0.71674,0.71674,2
1779708240,0.71673,0.71674,0.71672,0.71672,21
1779708300,0.71674,0.71675,0.71673,0.71674,8
1779708360,0.71674,0.71675,0.71672,0.71674,11
1779708420,0.71668,0.71674,0.71668,0.71672,20
1779708480,0.71671,0.71673,0.71671,0.71673,19
1779708540,0.71674,0.71676,0.71674,0.71674,15
1779708600,0.71679,0.71682,0.71679,0.71682,25
1779708660,0.71687,0.71688,0.71686,0.71687,10
1779708720,0.7169,0.717,0.7169,0.717,18
1779708780,0.71697,0.71714,0.71697,0.71711,24
1779708840,0.71698,0.71704,0.71698,0.71704,22
1779708900,0.71703,0.71703,0.71702,0.71702,4
1779708960,0.71706,0.71707,0.71706,0.71707,4
1779709020,0.71721,0.71722,0.71721,0.71722,8
1779709080,0.71725,0.71728,0.71724,0.71724,21
1779709140,0.71722,0.71725,0.71722,0.71725,24
1779709200,0.71733,0.71744,0.71733,0.7174,73
1779709260,0.71741,0.71742,0.71736,0.71738,24
1779709320,0.71739,0.7174,0.71739,0.71739,5
1779709380,0.71736,0.71738,0.71736,0.71738,12
1779709440,0.71741,0.71743,0.7174,0.71743,9
1779709500,0.71741,0.71751,0.71734,0.7174,62
1779709560,0.71738,0.71739,0.71736,0.71737,20
1779709620,0.7174,0.71742,0.71737,0.71741,30
1779709680,0.71731,0.71732,0.71724,0.71727,30
1779709740,0.71723,0.71723,0.71723,0.71723,2
1779709800,0.71721,0.71724,0.71721,0.71724,9
1779709860,0.71725,0.71725,0.71721,0.71722,17
1779709920,0.71724,0.71728,0.71724,0.71727,21
1779709980,0.71727,0.71728,0.71726,0.71727,20
1779710040,0.71724,0.71724,0.7172,0.71723,32
1779710100,0.71724,0.71724,0.71714,0.71717,27
1779710160,0.71713,0.7172,0.71713,0.71714,55
1779710220,0.71713,0.71714,0.71713,0.71713,6
1779710280,0.71706,0.71707,0.71706,0.71707,22
1779710340,0.71702,0.71703,0.71701,0.71702,12
1779710460,0.71691,0.71692,0.7169,0.71692,21
1779710520,0.71692,0.71698,0.71692,0.71698,19
1779710580,0.71695,0.71695,0.71695,0.71695,1
1779710640,0.71697,0.71698,0.71697,0.71697,7
1779710700,0.71703,0.71705,0.71699,0.71703,63
1779710760,0.71703,0.71703,0.71701,0.71703,25
1779710820,0.71703,0.71705,0.71702,0.71705,21
1779710880,0.71701,0.71703,0.71697,0.71697,43
1779710940,0.71703,0.71703,0.71703,0.71703,3
1779711000,0.71695,0.71698,0.71695,0.71697,8
1779711060,0.71699,0.717,0.71697,0.717,18
1779711120,0.71707,0.71707,0.71706,0.71706,6
1779711180,0.71713,0.71713,0.7171,0.71712,20
1779711240,0.71715,0.71715,0.71711,0.71712,39
1779711300,0.71708,0.7171,0.71707,0.7171,26
1779711360,0.71707,0.7171,0.71707,0.7171,8
1779711420,0.71713,0.71713,0.71713,0.71713,3
1779711480,0.71703,0.71704,0.71703,0.71703,17
1779711540,0.71706,0.71709,0.71705,0.71709,14
1779711600,0.71703,0.71703,0.71699,0.71699,19
1779711660,0.71692,0.71697,0.71692,0.71693,37
1779711720,0.71697,0.71701,0.71696,0.717,31
1779711780,0.71703,0.71703,0.71703,0.71703,1
1779711840,0.71709,0.71711,0.71707,0.71709,16
1779711900,0.71711,0.71715,0.71707,0.71711,56
1779711960,0.71707,0.71707,0.71706,0.71707,18
1779712020,0.71705,0.71709,0.71705,0.71706,22
1779712080,0.71701,0.71707,0.71701,0.71704,30
1779712140,0.71705,0.71708,0.71705,0.71707,24
1779712200,0.71707,0.71711,0.71707,0.71709,38
1779712260,0.71709,0.71712,0.71709,0.71711,8
1779712320,0.71722,0.71724,0.71721,0.71724,23
1779712380,0.71724,0.71724,0.71721,0.71721,14
1779712440,0.71721,0.71727,0.71721,0.71726,28
1779712500,0.71725,0.71726,0.71719,0.71724,78
1779712560,0.71722,0.71726,0.71721,0.71722,60
1779712620,0.71723,0.71727,0.71722,0.71724,54
1779712680,0.71725,0.71725,0.71717,0.71717,58
1779712740,0.71718,0.71721,0.71717,0.71721,58
1779712800,0.71719,0.71724,0.71718,0.7172,50
1779712860,0.7172,0.7173,0.71719,0.71728,45
1779712920,0.71728,0.71737,0.71727,0.71737,69
1779713040,0.71735,0.71735,0.71735,0.71735,1
1779713100,0.7174,0.71745,0.71722,0.71728,82
1779713160,0.71732,0.71738,0.71731,0.71737,78
1779713220,0.71736,0.71737,0.71731,0.71731,18
1779713340,0.71723,0.71726,0.71717,0.71717,22
1779713400,0.71714,0.71718,0.71713,0.71718,20
1779713460,0.71709,0.7171,0.71709,0.7171,4
1779713520,0.71701,0.71701,0.71697,0.71697,6
1779713580,0.71695,0.71697,0.71695,0.71697,9
1779713640,0.71701,0.71704,0.71701,0.71704,15
1779713700,0.71702,0.71703,0.717,0.71702,14
1779713760,0.71703,0.71703,0.71699,0.71699,20
1779713820,0.71706,0.71711,0.71698,0.71698,47
1779713880,0.71695,0.71695,0.71695,0.71695,2
1779713940,0.71693,0.71698,0.71693,0.71698,10
1779714000,0.71695,0.71698,0.71691,0.71694,65
1779714060,0.71697,0.71701,0.71697,0.71698,18
1779714120,0.71707,0.71707,0.71701,0.71703,25
1779714180,0.71708,0.71715,0.71708,0.71714,24
1779714240,0.71718,0.71725,0.71716,0.71717,32
1779714360,0.71719,0.71719,0.71716,0.71716,9
1779714420,0.71718,0.71719,0.71718,0.71718,6
1779714480,0.71724,0.71726,0.71724,0.71726,14
1779714540,0.71725,0.71725,0.71718,0.71721,17
1779714600,0.71727,0.71727,0.71723,0.71724,24
1779714660,0.71722,0.71729,0.71722,0.71729,31
1779714720,0.71713,0.71714,0.71712,0.71714,17
1779714780,0.71706,0.71707,0.71705,0.71707,6
1779714840,0.71704,0.71711,0.71703,0.71711,18
1779714900,0.71712,0.71714,0.71708,0.71709,50
1779714960,0.71711,0.71712,0.71708,0.71709,21
1779715020,0.71709,0.7171,0.71703,0.71703,26
1779715080,0.71704,0.71705,0.71702,0.71702,19
1779715140,0.71708,0.71708,0.71708,0.71708,1
1779715200,0.71703,0.71703,0.71703,0.71703,3
1779715260,0.71708,0.71709,0.71703,0.71703,7
1779715320,0.7171,0.71711,0.71706,0.71706,13
1779715380,0.71707,0.71708,0.71704,0.71705,17
1779715440,0.71709,0.7171,0.71707,0.7171,30
1779715500,0.71709,0.71709,0.71707,0.71708,28
1779715560,0.71709,0.71712,0.71708,0.71712,28
1779715620,0.71718,0.71718,0.71717,0.71717,2
1779715680,0.71718,0.71718,0.71713,0.71713,6
1779715740,0.71712,0.71714,0.71712,0.71713,16
1779715800,0.71714,0.71715,0.71708,0.71713,72
1779715860,0.71713,0.71713,0.71705,0.7171,32
1779715920,0.71718,0.71719,0.71714,0.71715,46
1779715980,0.71711,0.71713,0.71711,0.71712,6
1779716040,0.71713,0.71713,0.71712,0.71713,10
1779716100,0.71715,0.71718,0.71715,0.71718,10
1779716160,0.71713,0.71714,0.71713,0.71713,12
1779716220,0.71712,0.71714,0.71712,0.71713,17
1779716280,0.71713,0.71713,0.71707,0.71708,20
1779716340,0.71706,0.71712,0.71706,0.71712,24
1779716400,0.71713,0.71717,0.71708,0.7171,42
1779716460,0.71713,0.71713,0.71712,0.71713,5
1779716520,0.71712,0.71712,0.71707,0.71707,10
1779716580,0.71705,0.71707,0.71705,0.71706,20
1779716640,0.71701,0.71702,0.71701,0.71702,15
1779716700,0.71702,0.71702,0.71695,0.71697,38
1779716760,0.71697,0.71698,0.71696,0.71697,18
1779716820,0.71694,0.71694,0.71694,0.71694,2
1779716880,0.71676,0.71677,0.71676,0.71676,8
1779716940,0.71682,0.71686,0.71682,0.71686,14
1779717000,0.71688,0.7169,0.71688,0.7169,7
1779717060,0.7169,0.71697,0.7169,0.71694,25
1779717120,0.71698,0.71701,0.71694,0.71701,36
1779717180,0.71705,0.71706,0.71695,0.71697,30
1779717240,0.71698,0.71698,0.71697,0.71697,4
1779717300,0.71694,0.71698,0.71694,0.71698,8
1779717360,0.71697,0.71697,0.71696,0.71697,18
1779717420,0.71691,0.71691,0.71682,0.71683,10
1779717480,0.71691,0.71693,0.71689,0.71692,24
1779717540,0.7169,0.71691,0.7169,0.71691,5
1779717660,0.71696,0.71697,0.71696,0.71697,12
1779717720,0.71699,0.71699,0.71698,0.71699,6
1779717780,0.717,0.717,0.71696,0.71698,22
1779717840,0.71708,0.71715,0.71707,0.71714,16
1779717960,0.71713,0.71713,0.71712,0.71713,6
1779718020,0.71713,0.71713,0.71707,0.71707,12
1779718080,0.71703,0.71706,0.71702,0.71702,17
1779718140,0.71704,0.71706,0.71702,0.71706,14
1779718200,0.71713,0.71713,0.7171,0.71711,25
1779718260,0.7171,0.71713,0.71709,0.71709,23
1779718320,0.71707,0.71709,0.71707,0.71708,11
1779718380,0.71701,0.71703,0.71701,0.71703,5
1779718440,0.71698,0.71698,0.71697,0.71697,3
1779718500,0.71699,0.71705,0.71699,0.71703,27
1779718560,0.71705,0.71708,0.71705,0.71707,15
1779718620,0.71707,0.71707,0.71702,0.71703,45
1779718680,0.71704,0.71707,0.71704,0.71707,21
1779718740,0.7171,0.7171,0.7171,0.7171,1
1779718800,0.71713,0.71717,0.71713,0.71714,11
1779718860,0.71716,0.71719,0.71716,0.71719,15
1779718920,0.71723,0.71723,0.71716,0.71717,15
1779718980,0.71723,0.71723,0.71721,0.71721,11
1779719040,0.71727,0.71728,0.71725,0.71727,19
1779719100,0.71727,0.71727,0.71723,0.71724,24
1779719160,0.71724,0.71724,0.71724,0.71724,2
1779719220,0.71722,0.71722,0.71722,0.71722,3
1779719280,0.71721,0.71723,0.71721,0.71722,7
1779719340,0.71722,0.71723,0.71722,0.71722,10
1779719400,0.71718,0.71718,0.71712,0.71713,47
1779719460,0.71712,0.71713,0.71711,0.71713,18
1779719520,0.71714,0.71714,0.71709,0.71709,26
1779719580,0.71709,0.71711,0.71709,0.71711,5
1779719640,0.71707,0.71708,0.71707,0.71707,6
1779719700,0.71715,0.71715,0.7171,0.71712,39
1779719760,0.71712,0.71714,0.71712,0.71714,6
1779719820,0.71717,0.71717,0.71712,0.71713,19
1779719880,0.7171,0.71712,0.7171,0.71712,15
1779719940,0.71711,0.71717,0.71711,0.71714,19
1779720000,0.71715,0.71717,0.71715,0.71716,5
1779720060,0.71717,0.71718,0.71716,0.71717,10
1779720120,0.71736,0.71737,0.71734,0.71734,7
1779720180,0.71733,0.71733,0.71731,0.71733,12
1779720240,0.71741,0.71743,0.71741,0.71742,17
1779720300,0.71742,0.71742,0.71736,0.71738,39
1779720360,0.71737,0.71742,0.71731,0.71742,36
1779720420,0.71741,0.71742,0.71736,0.71736,36
1779720480,0.7174,0.7174,0.71737,0.71737,10
1779720540,0.71737,0.71739,0.71737,0.71737,8
1779720600,0.71731,0.71733,0.71731,0.71732,12
1779720660,0.71731,0.71732,0.71731,0.71731,14
1779720720,0.71742,0.71742,0.71741,0.71742,6
1779720780,0.71742,0.71742,0.71742,0.71742,2
1779720840,0.71746,0.71746,0.71746,0.71746,4
1779720900,0.71737,0.71745,0.71736,0.71744,19
1779720960,0.71756,0.71759,0.71756,0.71759,16
1779721020,0.71767,0.71767,0.71761,0.71763,19
1779721080,0.71767,0.71777,0.71767,0.71777,40
1779721140,0.71784,0.71788,0.7178,0.7178,57
1779721200,0.71782,0.71782,0.71769,0.71773,74
1779721260,0.71774,0.71775,0.71774,0.71775,4
1779721320,0.71767,0.71768,0.71765,0.71766,12
1779721380,0.71769,0.7177,0.71768,0.71768,18
1779721440,0.71763,0.71764,0.71763,0.71763,14
1779721500,0.71767,0.71773,0.71765,0.71771,52
1779721560,0.71769,0.71773,0.71764,0.71766,40
1779721620,0.71769,0.7177,0.71765,0.71766,28
1779721680,0.71766,0.71766,0.71765,0.71765,4
1779721740,0.71761,0.71761,0.7176,0.71761,4
1779721800,0.71747,0.71751,0.71747,0.71751,17
1779721860,0.71795,0.71797,0.71785,0.71793,80
1779721920,0.71811,0.71811,0.71792,0.71803,79
1779721980,0.71797,0.71797,0.71797,0.71797,2
1779722040,0.71788,0.7179,0.71787,0.71787,14
1779722100,0.71776,0.71776,0.71772,0.71772,41
1779722160,0.71774,0.71774,0.71772,0.71774,8
1779722220,0.71771,0.71773,0.71771,0.71773,7
1779722280,0.71766,0.71774,0.71766,0.71772,24
1779722340,0.71773,0.71779,0.71773,0.71779,22
1779722400,0.7178,0.71786,0.71779,0.71782,63
1779731460,0.71753,0.71753,0.71751,0.71753,15
1779731520,0.71753,0.71753,0.71753,0.71753,2
1779731580,0.71753,0.71753,0.71753,0.71753,2
1779731640,0.71756,0.71756,0.71754,0.71754,7
1779731700,0.71756,0.71756,0.71756,0.71756,2
1779731760,0.71756,0.71756,0.71752,0.71752,10
1779731820,0.71752,0.71752,0.71752,0.71752,1
1779731880,0.71752,0.71752,0.71752,0.71752,1
1779731940,0.71752,0.71752,0.71752,0.71752,3
1779732000,0.71756,0.71756,0.71753,0.71753,13
1779732060,0.71752,0.71753,0.71752,0.71753,2
1779732120,0.7175,0.7175,0.7175,0.7175,4
1779732180,0.71751,0.71752,0.71751,0.71752,8
1779732240,0.71753,0.71753,0.71752,0.71752,12
1779732300,0.71752,0.71752,0.71752,0.71752,2
1779732360,0.71752,0.71752,0.71752,0.71752,4
1779732420,0.71753,0.71753,0.71753,0.71753,2
1779732480,0.71752,0.71753,0.71752,0.71753,5
1779732540,0.71754,0.71758,0.71754,0.71758,14
1779733320,0.71752,0.71752,0.71752,0.71752,3
1779733380,0.71752,0.71752,0.71752,0.71752,5
1779733440,0.7175,0.7175,0.7175,0.7175,10
1779733500,0.71751,0.71751,0.71751,0.71751,4
1779733560,0.7175,0.71751,0.7175,0.71751,3
1779733620,0.7175,0.71751,0.71749,0.7175,11
1779733680,0.71747,0.71747,0.71747,0.71747,4
1779733740,0.71747,0.71747,0.71747,0.71747,5
1779733800,0.71747,0.71747,0.71747,0.71747,3
1779733860,0.71747,0.71747,0.71747,0.71747,1
1779733920,0.71746,0.71746,0.71746,0.71746,2
1779733980,0.71746,0.71748,0.71746,0.71748,7
1779734040,0.71747,0.71748,0.71747,0.71747,6
1779734100,0.71752,0.71752,0.71752,0.71752,3
1779734160,0.71753,0.71753,0.71753,0.71753,2
1779734220,0.71752,0.71752,0.71752,0.71752,2
1779734280,0.71752,0.71752,0.71752,0.71752,2
1779734340,0.71752,0.71752,0.71752,0.71752,2
1779734400,0.71751,0.71751,0.71747,0.71748,9
1779734460,0.71747,0.71747,0.71746,0.71747,5
1779734520,0.71743,0.71743,0.71741,0.71741,6
1779734580,0.71742,0.71742,0.71742,0.71742,2
1779734640,0.71742,0.71743,0.71742,0.71743,2
1779734700,0.71743,0.71744,0.71743,0.71743,7
1779734760,0.71744,0.71744,0.71743,0.71743,2
1779734820,0.71743,0.71745,0.71743,0.71745,7
1779734880,0.71747,0.71748,0.71747,0.71748,2
1779735000,0.71751,0.71753,0.71751,0.71753,7
1779735060,0.71753,0.71753,0.71753,0.71753,1
1779735120,0.71752,0.71752,0.71752,0.71752,2
1779735180,0.71748,0.71751,0.71748,0.7175,13
1779735240,0.71749,0.7175,0.71748,0.71748,16
1779735300,0.71749,0.71749,0.71749,0.71749,4
1779735360,0.71752,0.71753,0.71752,0.71752,5
1779735420,0.71752,0.71752,0.71752,0.71752,1
1779735540,0.71752,0.71752,0.71749,0.71751,8
1779735660,0.71751,0.71751,0.7175,0.7175,5
1779735720,0.7175,0.71751,0.7175,0.71751,6
1779735780,0.7175,0.7175,0.7175,0.7175,1
1779735840,0.7175,0.71751,0.7175,0.71751,9
1779735900,0.71751,0.71752,0.71751,0.71751,9
1779735960,0.71752,0.71752,0.71752,0.71752,2
1779736020,0.71757,0.71757,0.71757,0.71757,2
1779736080,0.71752,0.71755,0.71751,0.71752,16
1779736200,0.7175,0.71751,0.7175,0.71751,8
1779736260,0.71752,0.71752,0.71752,0.71752,2
1779736320,0.71752,0.71752,0.71752,0.71752,1
1779736380,0.71752,0.71752,0.71752,0.71752,1
1779736440,0.71752,0.71752,0.71751,0.71751,2
1779736500,0.71752,0.71752,0.71752,0.71752,7
1779736560,0.71752,0.71752,0.71751,0.71751,5
1779736620,0.71752,0.71752,0.71752,0.71752,1
1779736680,0.71752,0.71753,0.71752,0.71752,7
1779736740,0.71753,0.71753,0.71753,0.71753,2
1779736800,0.71753,0.71753,0.71751,0.71752,7
1779736860,0.71752,0.71753,0.71752,0.71752,8
1779736920,0.71752,0.71752,0.71751,0.71752,6
1779736980,0.71753,0.71753,0.71753,0.71753,2
1779737040,0.71753,0.71754,0.71753,0.71753,10
1779737100,0.71754,0.71754,0.71753,0.71753,3
1779737160,0.71752,0.71752,0.71752,0.71752,1
1779737220,0.71753,0.71753,0.71753,0.71753,2
1779737280,0.71755,0.71756,0.71755,0.71755,14
1779737340,0.71757,0.71757,0.71756,0.71757,4
1779737400,0.71756,0.71757,0.71756,0.71756,6
1779737460,0.71757,0.71757,0.71756,0.71756,8
1779737520,0.71756,0.71756,0.71756,0.71756,1
1779737580,0.71757,0.71757,0.71757,0.71757,1
1779737640,0.71757,0.71757,0.71757,0.71757,2
1779737700,0.71757,0.71757,0.71755,0.71756,11
1779737760,0.71757,0.71757,0.71757,0.71757,8
1779737820,0.71759,0.71764,0.71759,0.7176,23
1779737940,0.71762,0.71762,0.71761,0.71761,4
1779738000,0.71763,0.71763,0.71762,0.71762,14
1779738060,0.71763,0.71763,0.71763,0.71763,1
1779738120,0.71761,0.71762,0.71761,0.71762,3
1779738180,0.71759,0.71759,0.71758,0.71758,4
1779738240,0.71758,0.71758,0.71758,0.71758,1
1779738300,0.71758,0.71758,0.71758,0.71758,2
1779738360,0.71759,0.71759,0.71757,0.71757,8
1779738420,0.71757,0.71757,0.71757,0.71757,1
1779738480,0.71758,0.71758,0.71758,0.71758,3
1779738540,0.71759,0.71759,0.71758,0.71758,4
1779738600,0.71758,0.71758,0.71756,0.71757,8
1779738660,0.71758,0.71758,0.71757,0.71757,4
1779738720,0.71758,0.71759,0.71758,0.71758,6
1779738780,0.71758,0.71759,0.71758,0.71758,8
1779738900,0.71758,0.71758,0.71758,0.71758,4
1779738960,0.71763,0.71763,0.71762,0.71762,2
1779739020,0.71759,0.71759,0.71758,0.71758,5
1779739080,0.71759,0.71759,0.71759,0.71759,1
1779739140,0.71758,0.71758,0.71756,0.71756,4
1779739200,0.71761,0.71763,0.7176,0.71761,22
1779739260,0.7176,0.71762,0.7176,0.71762,10
1779739320,0.71761,0.71762,0.71761,0.71762,4
1779739380,0.71764,0.71765,0.71763,0.71765,8
1779739440,0.71763,0.71763,0.71763,0.71763,1
1779739500,0.71761,0.71761,0.71758,0.71759,9
1779739560,0.71759,0.71759,0.71759,0.71759,2
1779739620,0.71761,0.71763,0.71761,0.71763,6
1779739680,0.71761,0.71761,0.71761,0.71761,2
1779739740,0.71762,0.71762,0.71762,0.71762,2
1779739800,0.71761,0.71761,0.71761,0.71761,1
1779739860,0.71762,0.71762,0.71762,0.71762,2
1779739920,0.71762,0.71762,0.71761,0.71761,6
1779739980,0.71762,0.71762,0.71762,0.71762,2
1779740100,0.71762,0.71762,0.71762,0.71762,3
1779740160,0.71762,0.71766,0.71762,0.71766,11
1779740220,0.71766,0.71766,0.71764,0.71764,7
1779740280,0.71764,0.71764,0.71763,0.71763,3
1779740340,0.71763,0.71763,0.71763,0.71763,4
1779740460,0.71762,0.71762,0.71762,0.71762,1
1779740520,0.7176,0.7176,0.7176,0.7176,2
1779740580,0.71759,0.71759,0.71758,0.71758,5
1779740700,0.71757,0.71757,0.71757,0.71757,1
1779740760,0.71759,0.71759,0.71759,0.71759,1
1779740820,0.71757,0.71758,0.71757,0.71757,4
1779740880,0.71759,0.71759,0.71758,0.71758,2
1779740940,0.71759,0.71759,0.71757,0.71757,4
1779741000,0.71761,0.71762,0.71761,0.71762,4
1779741060,0.71763,0.71764,0.71763,0.71763,4
1779741180,0.71762,0.71763,0.71761,0.71761,11
1779741240,0.71762,0.71762,0.71762,0.71762,2
1779741300,0.71763,0.71763,0.71761,0.71762,9
1779741360,0.71761,0.71762,0.71761,0.71761,3
1779741420,0.7176,0.71761,0.7176,0.71761,3
1779741480,0.71753,0.71753,0.71751,0.71751,8
1779741540,0.71754,0.71754,0.71754,0.71754,2
1779741600,0.71744,0.71745,0.71744,0.71745,4
1779741660,0.71743,0.71744,0.71743,0.71743,5
1779741720,0.71747,0.71747,0.71747,0.71747,2
1779741780,0.71744,0.71744,0.71744,0.71744,1
1779741840,0.71745,0.71745,0.71743,0.71745,12
1779741900,0.71748,0.71749,0.71748,0.71749,4
1779741960,0.71748,0.7175,0.71748,0.7175,13
1779742020,0.71749,0.71749,0.71749,0.71749,1
1779742080,0.71749,0.71749,0.71748,0.71748,4
1779742140,0.7175,0.7175,0.7175,0.7175,3
1779742200,0.71748,0.71749,0.71748,0.71748,13
1779742260,0.71743,0.71743,0.71743,0.71743,1
1779742320,0.71748,0.71749,0.71748,0.71749,5
1779742380,0.71749,0.71749,0.71749,0.71749,1
1779742440,0.71749,0.71749,0.71749,0.71749,1
1779742500,0.71752,0.71753,0.71752,0.71753,4
1779742560,0.71752,0.71752,0.71751,0.71751,5
1779742620,0.71751,0.71751,0.71751,0.71751,2
1779742680,0.71751,0.71753,0.71742,0.71748,10
1779742860,0.71691,0.71698,0.7165,0.71653,8
1779742920,0.71679,0.71679,0.71653,0.71653,2
1779742980,0.71676,0.71676,0.71653,0.71667,7
1779743040,0.7169,0.71701,0.7169,0.71701,2
1779743100,0.7171,0.7171,0.71701,0.71701,3
1779743700,0.71701,0.71701,0.71701,0.71701,3
1779743760,0.71707,0.71707,0.71707,0.71707,1
1779743880,0.71701,0.71701,0.71701,0.71701,1
1779744000,0.71689,0.71689,0.71689,0.71689,3
1779744060,0.71693,0.71693,0.71693,0.71693,2
1779744120,0.7169,0.7169,0.71686,0.71686,4
1779744180,0.71695,0.71695,0.71689,0.71689,4
1779744240,0.71692,0.71692,0.71692,0.71692,2
1779744420,0.71687,0.71687,0.71687,0.71687,1
1779744480,0.71694,0.71694,0.71694,0.71694,1
1779744540,0.71694,0.71694,0.71694,0.71694,1
1779744660,0.71686,0.71686,0.71686,0.71686,1
1779744720,0.71694,0.71701,0.71694,0.71701,2
1779744780,0.71685,0.71685,0.71685,0.71685,1
1779744840,0.71685,0.71685,0.71685,0.71685,1
1779744900,0.71682,0.71692,0.71682,0.7169,7
1779744960,0.71698,0.71698,0.71698,0.71698,1
1779745020,0.717,0.717,0.71689,0.717,3
1779745080,0.717,0.717,0.717,0.717,1
1779745140,0.71696,0.71696,0.71696,0.71696,3
1779745200,0.71698,0.71712,0.71694,0.71707,18
1779745260,0.7171,0.7171,0.71709,0.71709,5
1779745320,0.71714,0.71714,0.71714,0.71714,1
1779745380,0.7171,0.71713,0.71704,0.71706,9
1779745440,0.71704,0.71709,0.71694,0.71694,8
1779745500,0.71694,0.71694,0.71694,0.71694,5
1779745560,0.71694,0.71694,0.71688,0.71688,3
1779745620,0.71688,0.71688,0.71688,0.71688,4
1779745680,0.71681,0.71682,0.71676,0.71676,16
1779745740,0.71667,0.71667,0.71667,0.71667,10
1779745800,0.71672,0.71686,0.71668,0.71677,13
1779745860,0.71689,0.71689,0.71689,0.71689,1
1779745920,0.71687,0.71694,0.71687,0.71694,5
1779746040,0.71693,0.71693,0.71693,0.71693,7
1779746100,0.71693,0.71693,0.71693,0.71693,11
1779746160,0.71692,0.71692,0.71692,0.71692,2
1779746220,0.71703,0.71703,0.71702,0.71702,5
1779746280,0.71694,0.71694,0.71693,0.71694,6
1779746340,0.71689,0.71689,0.71671,0.71671,8
1779746460,0.71725,0.71729,0.71723,0.71729,48
1779746520,0.71729,0.7173,0.71727,0.71729,35
1779746580,0.71728,0.71729,0.71728,0.71729,2
1779746640,0.71727,0.71729,0.71727,0.71728,7
1779746700,0.71728,0.71731,0.71726,0.71729,46
1779746760,0.71731,0.71731,0.71728,0.71729,6
1779746820,0.71726,0.71727,0.71725,0.71727,6
1779746880,0.71736,0.71741,0.71734,0.71737,34
1779746940,0.71739,0.71739,0.71727,0.71727,20
1779747000,0.71727,0.71727,0.71726,0.71726,2
1779747060,0.71727,0.71735,0.71727,0.71733,11
1779747120,0.71735,0.71736,0.71735,0.71736,7
1779747180,0.71733,0.71737,0.71733,0.71737,18
1779747240,0.71736,0.71736,0.71736,0.71736,2
1779747360,0.71736,0.71736,0.71736,0.71736,1
1779747420,0.7173,0.7173,0.71717,0.71718,9
1779747480,0.7172,0.71721,0.7172,0.71721,2
1779747540,0.71721,0.71721,0.71721,0.71721,2
1779747600,0.71721,0.71722,0.71721,0.71722,3
1779747660,0.71723,0.71727,0.71723,0.71727,18
1779747720,0.71727,0.71727,0.71727,0.71727,1
1779747780,0.71734,0.71736,0.7173,0.71731,16
1779747840,0.71734,0.71735,0.71734,0.71735,8
1779747900,0.71736,0.71736,0.71735,0.71735,10
1779747960,0.71736,0.71736,0.71736,0.71736,5
1779748020,0.71736,0.71736,0.71731,0.71732,8
1779748080,0.71731,0.71731,0.71731,0.71731,1
1779748140,0.71733,0.71733,0.71733,0.71733,5
1779748200,0.71731,0.71731,0.71726,0.71726,47
1779748260,0.71724,0.71724,0.71723,0.71723,8
1779748320,0.71722,0.71731,0.71722,0.71731,13
1779748380,0.71731,0.71732,0.71731,0.71731,8
1779748440,0.71731,0.71732,0.71731,0.71731,9
1779748500,0.71734,0.71734,0.71734,0.71734,1
1779748560,0.71732,0.71732,0.71732,0.71732,1
1779748620,0.71728,0.71728,0.71727,0.71728,5
1779748680,0.71728,0.71728,0.71728,0.71728,3
1779748740,0.71728,0.71728,0.71728,0.71728,4
1779748800,0.71724,0.71729,0.71724,0.71729,24
1779748860,0.71729,0.7173,0.71728,0.7173,27
1779748920,0.71729,0.71731,0.71729,0.7173,5
1779748980,0.71731,0.71731,0.71731,0.71731,2
1779749040,0.71731,0.71732,0.71731,0.71732,11
1779749100,0.71731,0.71731,0.71731,0.71731,8
1779749160,0.7173,0.71731,0.7173,0.71731,5
1779749220,0.71739,0.71739,0.71735,0.71736,12
1779749280,0.71741,0.71741,0.7174,0.71741,3
1779749340,0.71736,0.71739,0.71736,0.71739,11
1779749400,0.7174,0.71742,0.7174,0.71741,7
1779749460,0.71742,0.71746,0.71741,0.71745,15
1779749520,0.71745,0.71745,0.71741,0.71741,7
1779749580,0.71742,0.71743,0.71741,0.71742,10
1779749640,0.71743,0.71743,0.71742,0.71742,4
1779749700,0.71746,0.71746,0.71746,0.71746,2
1779749760,0.71736,0.71738,0.71736,0.71738,10
1779749820,0.71741,0.71742,0.71741,0.71741,14
1779749880,0.71743,0.71744,0.71742,0.71742,14
1779749940,0.71739,0.7174,0.71739,0.7174,10
1779750000,0.71737,0.71746,0.71735,0.71745,49
1779750060,0.71746,0.71746,0.71741,0.71744,12
1779750120,0.71744,0.71747,0.71744,0.71747,15
1779750180,0.71752,0.71752,0.71751,0.71751,3
1779750240,0.71752,0.71752,0.71751,0.71752,5
1779750300,0.71751,0.71752,0.71751,0.71752,8
1779750360,0.71756,0.71757,0.71755,0.71756,19
1779750420,0.71747,0.71747,0.71744,0.71745,9
1779750480,0.71743,0.71744,0.71741,0.71744,14
1779750540,0.71747,0.71749,0.71747,0.71749,7
1779750600,0.71747,0.71749,0.71745,0.71749,31
1779750660,0.71749,0.71749,0.71748,0.71749,14
1779750720,0.71748,0.71748,0.71748,0.71748,1
1779750780,0.71744,0.71745,0.71744,0.71745,4
1779750840,0.71743,0.71745,0.71743,0.71743,10
1779750900,0.71743,0.71744,0.71743,0.71744,14
1779750960,0.71742,0.71744,0.71742,0.71744,4
1779751020,0.71744,0.71747,0.71744,0.71747,13
1779751080,0.71748,0.71751,0.71747,0.71749,18
1779751140,0.7175,0.7175,0.7175,0.7175,1
1779751200,0.7175,0.71751,0.7175,0.7175,6
1779751260,0.71748,0.7175,0.71748,0.7175,7
1779751320,0.7175,0.71752,0.71749,0.71749,10
1779751380,0.7175,0.71751,0.7175,0.7175,16
1779751440,0.71753,0.71754,0.71753,0.71754,4
1779751500,0.71741,0.71745,0.7174,0.71745,21
1779751560,0.71745,0.71745,0.71744,0.71744,8
1779751620,0.71744,0.71744,0.71744,0.71744,5
1779751680,0.71741,0.71741,0.7174,0.71741,7
1779751740,0.71736,0.71736,0.71736,0.71736,9
1779751800,0.71737,0.71737,0.71735,0.71736,20
1779751860,0.71734,0.71734,0.71733,0.71733,5
1779751920,0.7173,0.7173,0.7173,0.7173,1
1779751980,0.71726,0.71726,0.71725,0.71725,4
1779752040,0.71721,0.71721,0.7172,0.71721,10
1779752100,0.7172,0.7172,0.71717,0.71717,26
1779752160,0.71718,0.71721,0.71714,0.71719,28
1779752220,0.7171,0.7171,0.7171,0.7171,2
1779752280,0.7171,0.71711,0.71709,0.71711,7
1779752340,0.7171,0.71712,0.7171,0.71712,5
1779752400,0.71705,0.71706,0.71705,0.71705,7
1779752460,0.71705,0.71706,0.71705,0.71706,6
1779752520,0.71705,0.71706,0.71702,0.71705,34
1779752580,0.71711,0.71711,0.71711,0.71711,2
1779752640,0.7171,0.7171,0.7171,0.7171,2
1779752700,0.71704,0.71722,0.71704,0.7172,62
1779752760,0.71721,0.71721,0.7172,0.7172,4
1779752820,0.71715,0.71716,0.71713,0.71714,12
1779752880,0.71709,0.71709,0.71693,0.71693,24
1779752940,0.71693,0.71696,0.71692,0.71696,14
1779753000,0.71693,0.71696,0.71691,0.71693,43
1779753060,0.71688,0.71688,0.71688,0.71688,2
1779753120,0.71693,0.71693,0.71691,0.71691,10
1779753180,0.71696,0.71696,0.71693,0.71694,11
1779753240,0.71692,0.71694,0.71692,0.71694,8
1779753300,0.71696,0.71697,0.71696,0.71696,5
1779753360,0.71691,0.71693,0.71691,0.71691,18
1779753420,0.71689,0.71696,0.71688,0.71694,34
1779753480,0.71696,0.71696,0.71696,0.71696,2
1779753540,0.71685,0.71685,0.71683,0.71683,10
1779753660,0.7167,0.71682,0.71669,0.7168,40
1779753720,0.71664,0.7167,0.7166,0.71662,48
1779753780,0.71664,0.71671,0.71664,0.7167,44
1779753840,0.71671,0.71671,0.7167,0.7167,3
1779753900,0.71673,0.71681,0.71672,0.7168,73
1779753960,0.71673,0.7168,0.71673,0.7168,26
1779754020,0.71672,0.71678,0.71671,0.71678,24
1779754080,0.71675,0.71683,0.71675,0.71681,26
1779754140,0.71686,0.71686,0.71676,0.71676,27
1779754260,0.71681,0.71681,0.71681,0.71681,1
1779754320,0.71696,0.71696,0.71696,0.71696,3
1779754380,0.71703,0.71703,0.71697,0.71699,16
1779754440,0.71697,0.71702,0.71696,0.71702,30
1779754500,0.7169,0.71694,0.71684,0.71687,79
1779754560,0.71685,0.71689,0.71682,0.71685,42
1779754620,0.71678,0.7168,0.71674,0.71677,43
1779754680,0.71665,0.71666,0.71665,0.71666,7
1779754740,0.71655,0.71655,0.71654,0.71654,9
1779754800,0.7165,0.71661,0.71649,0.71655,81
1779754860,0.71656,0.71662,0.71655,0.7166,32
1779754920,0.71658,0.71658,0.71649,0.71652,42
1779754980,0.71656,0.71658,0.71655,0.71657,32
1779755040,0.7166,0.7166,0.71659,0.7166,7
1779755100,0.71658,0.71662,0.71658,0.71661,15
1779755160,0.71659,0.71665,0.71659,0.71664,28
1779755220,0.71666,0.71675,0.71664,0.71673,31
1779755280,0.71676,0.71681,0.71676,0.7168,25
1779755340,0.7168,0.7168,0.71677,0.7168,38
1779755400,0.71678,0.71688,0.71677,0.71686,46
1779755460,0.71686,0.7169,0.71686,0.7169,9
1779755520,0.71693,0.71695,0.71693,0.71693,7
1779755580,0.71692,0.71692,0.7169,0.7169,22
1779755640,0.71686,0.71686,0.7168,0.71682,26
1779755760,0.7169,0.71693,0.7169,0.71691,11
1779755820,0.71694,0.71694,0.7169,0.7169,17
1779755880,0.71685,0.71687,0.71685,0.71686,13
1779755940,0.71679,0.71682,0.71679,0.71681,15
1779756000,0.7168,0.71681,0.71669,0.7167,52
1779756060,0.71671,0.71682,0.71671,0.71681,39
1779756120,0.71675,0.71678,0.71675,0.71678,8
1779756180,0.71687,0.71687,0.71679,0.71679,20
1779756240,0.71683,0.71686,0.71683,0.71686,11
1779756300,0.7168,0.7168,0.71671,0.71675,61
1779756360,0.71673,0.71686,0.71672,0.71685,27
1779756420,0.7169,0.71691,0.71683,0.71686,41
1779756480,0.71685,0.71685,0.71685,0.71685,1
1779756540,0.71683,0.71683,0.71681,0.71681,9
1779756600,0.71675,0.71677,0.71675,0.71676,18
1779756660,0.71681,0.71681,0.7168,0.7168,8
1779756720,0.71674,0.71676,0.71674,0.71675,23
1779756780,0.71671,0.71675,0.7167,0.71675,23
1779756840,0.71675,0.71675,0.71669,0.71669,39
1779756900,0.71667,0.71686,0.71667,0.71681,56
1779756960,0.71691,0.71692,0.71691,0.71691,11
1779757020,0.71691,0.71692,0.71689,0.71691,13
1779757080,0.71694,0.71698,0.71694,0.71698,19
1779757140,0.71706,0.71707,0.71698,0.71701,31
1779757260,0.71698,0.7171,0.71695,0.71704,59
1779757320,0.71706,0.71709,0.71706,0.71706,26
1779757380,0.717,0.717,0.71694,0.71694,23
1779757440,0.71689,0.71696,0.71689,0.71694,25
1779757500,0.71687,0.71695,0.71686,0.71691,97
1779757560,0.71691,0.71693,0.71681,0.71682,36
1779757620,0.71677,0.71677,0.71661,0.71662,46
1779757680,0.71657,0.7166,0.71656,0.71659,11
1779757740,0.71666,0.71667,0.71661,0.71662,17
1779757800,0.71659,0.71662,0.71655,0.71655,55
1779757860,0.71655,0.71662,0.71655,0.71655,33
1779757920,0.71656,0.71661,0.71656,0.71659,40
1779757980,0.71672,0.71672,0.71672,0.71672,1
1779758040,0.71675,0.71676,0.71675,0.71676,10
1779758100,0.71687,0.71693,0.71681,0.71685,60
1779758160,0.71684,0.71685,0.71684,0.71685,19
1779758220,0.7168,0.71685,0.7168,0.71685,30
1779758280,0.71682,0.71682,0.71673,0.71674,36
1779758340,0.71668,0.71674,0.71666,0.71674,45
1779758400,0.71674,0.71676,0.71669,0.7167,15
1779758460,0.71659,0.71659,0.71654,0.71654,21
1779758520,0.7166,0.71665,0.71659,0.71664,37
1779758580,0.71676,0.71681,0.71674,0.71681,27
1779758640,0.71684,0.71685,0.7168,0.71684,51
1779758700,0.71689,0.71689,0.71687,0.71687,4
1779758760,0.71686,0.71687,0.71686,0.71686,7
1779758820,0.71684,0.71686,0.71683,0.71684,23
1779758880,0.71687,0.7169,0.71686,0.71686,22
1779758940,0.71681,0.71683,0.71673,0.71676,33
1779759060,0.71685,0.71685,0.7168,0.71681,16
1779759120,0.71672,0.71672,0.7167,0.7167,10
1779759180,0.71671,0.71672,0.71669,0.7167,21
1779759240,0.71671,0.71675,0.71671,0.71674,36
1779759300,0.71672,0.71673,0.71669,0.71671,78
1779759360,0.71671,0.71676,0.71659,0.71661,50
1779759420,0.71656,0.71658,0.71656,0.71657,6
1779759480,0.71657,0.71662,0.71657,0.7166,26
1779759540,0.71655,0.7166,0.71654,0.71657,31
1779759600,0.71631,0.71636,0.71625,0.71629,118
1779759660,0.71633,0.71633,0.71625,0.71626,62
1779759720,0.71622,0.71622,0.71622,0.71622,1
1779759780,0.71625,0.71625,0.71623,0.71623,10
1779759840,0.7163,0.71636,0.7163,0.71633,25
1779759900,0.71634,0.71642,0.71633,0.71634,86
1779759960,0.71635,0.71635,0.71632,0.71635,29
1779760020,0.71642,0.71648,0.71642,0.71643,35
1779760080,0.71644,0.71644,0.71635,0.71637,60
1779760140,0.71637,0.71641,0.71637,0.71641,8
1779760200,0.71653,0.71655,0.71651,0.71653,25
1779760260,0.71653,0.71655,0.71651,0.71652,20
1779760320,0.71647,0.71647,0.71645,0.71647,20
1779760380,0.71641,0.71644,0.7164,0.71642,57
1779760440,0.71646,0.71651,0.71645,0.71646,47
1779760560,0.7166,0.7166,0.71659,0.71659,4
1779760620,0.71669,0.7167,0.71668,0.71668,19
1779760680,0.7166,0.7166,0.71659,0.7166,9
1779760740,0.71661,0.71663,0.71655,0.71657,26
1779760860,0.7165,0.7166,0.7165,0.71657,40
1779760920,0.71653,0.71653,0.71648,0.71651,41
1779760980,0.71656,0.71656,0.71656,0.71656,4
1779761040,0.71657,0.71659,0.71657,0.71657,10
1779761100,0.71647,0.7165,0.71645,0.71649,27
1779761160,0.71659,0.7166,0.71656,0.71658,21
1779761220,0.71666,0.71669,0.71665,0.71667,39
1779761280,0.71662,0.71662,0.71658,0.71658,13
1779761340,0.71661,0.71667,0.7166,0.71666,43
1779761400,0.7166,0.7166,0.71654,0.71656,40
1779761460,0.71656,0.71658,0.71656,0.71657,5
1779761520,0.71655,0.71656,0.71655,0.71655,16
1779761580,0.7165,0.71651,0.71645,0.71646,16
1779761640,0.71647,0.71647,0.71639,0.71641,32
1779761700,0.71639,0.71651,0.71639,0.71651,65
1779761760,0.7165,0.71652,0.7165,0.7165,18
1779761820,0.71654,0.71654,0.71654,0.71654,1
1779761880,0.71651,0.71651,0.7165,0.71651,3
1779761940,0.71645,0.71647,0.71645,0.71647,6
1779762000,0.71651,0.71651,0.71647,0.7165,29
1779762060,0.71647,0.71648,0.71644,0.71645,30
1779762120,0.71652,0.71652,0.71647,0.71652,28
1779762180,0.71647,0.71649,0.71646,0.71649,21
1779762240,0.71645,0.71645,0.71644,0.71644,23
1779762300,0.71643,0.71643,0.71643,0.71643,2
1779762360,0.71646,0.71646,0.71644,0.71644,5
1779762420,0.71656,0.71657,0.71654,0.71656,11
1779762480,0.71666,0.71666,0.71665,0.71665,7
1779762540,0.71661,0.71664,0.71659,0.71661,25
1779762600,0.71658,0.71663,0.71658,0.71661,65
1779762660,0.71666,0.71667,0.71662,0.71662,25
1779762720,0.71665,0.71665,0.71662,0.71662,4
1779762780,0.71662,0.71662,0.71662,0.71662,2
1779762840,0.71659,0.71663,0.71659,0.71663,9
1779762900,0.71663,0.71664,0.71653,0.71655,36
1779762960,0.71655,0.71656,0.71652,0.71652,18
1779763020,0.71651,0.71657,0.71649,0.71653,39
1779763080,0.71651,0.71656,0.71651,0.71656,35
1779763140,0.71656,0.71656,0.71647,0.71648,38
1779763200,0.71649,0.7165,0.71648,0.71648,8
1779763260,0.71646,0.71646,0.71642,0.71642,17
1779763320,0.71634,0.71637,0.71634,0.71637,20
1779763380,0.71641,0.71641,0.71632,0.71632,31
1779763440,0.71628,0.71628,0.71625,0.71626,34
1779763500,0.71626,0.71627,0.71624,0.71624,27
1779763560,0.71625,0.71631,0.71625,0.71631,15
1779763620,0.71639,0.7164,0.71639,0.7164,12
1779763680,0.71644,0.71646,0.71643,0.71646,15
1779763740,0.71645,0.71647,0.71644,0.71646,18
1779763800,0.71642,0.71642,0.71639,0.71641,26
1779763860,0.71648,0.71649,0.71648,0.71649,7
1779763920,0.71647,0.71649,0.71647,0.71647,14
1779763980,0.71638,0.71638,0.71635,0.71637,11
1779764040,0.71645,0.71645,0.71641,0.71642,15
1779764100,0.71645,0.71664,0.71645,0.71664,51
1779764160,0.71661,0.71663,0.71661,0.71663,21
1779764220,0.71661,0.71661,0.71661,0.71661,2
1779764280,0.71655,0.71657,0.71655,0.71657,7
1779764340,0.71661,0.71663,0.71661,0.71663,13
1779764460,0.71661,0.71672,0.7166,0.71671,36
1779764520,0.71671,0.71671,0.71667,0.71669,17
1779764580,0.71669,0.71671,0.71667,0.71668,31
1779764640,0.71669,0.71669,0.71668,0.71668,5
1779764700,0.71664,0.71681,0.71664,0.71681,59
1779764760,0.71681,0.71686,0.7168,0.71685,17
1779764820,0.71687,0.71688,0.71686,0.71686,10
1779764880,0.71691,0.71692,0.7169,0.71691,29
1779764940,0.71693,0.71693,0.71693,0.71693,1
1779765000,0.71691,0.71691,0.71689,0.71691,10
1779765060,0.71692,0.71696,0.71692,0.71696,11
1779765120,0.71691,0.71691,0.71687,0.71689,25
1779765180,0.71692,0.71692,0.71688,0.71689,28
1779765240,0.71687,0.71687,0.71685,0.71686,14
1779765300,0.71683,0.71687,0.71677,0.7168,45
1779765360,0.71685,0.71687,0.71685,0.71686,6
1779765420,0.7169,0.71691,0.7169,0.71691,9
1779765480,0.71691,0.71695,0.71691,0.71692,29
1779765540,0.71696,0.71701,0.71696,0.717,15
1779765600,0.71697,0.71706,0.71696,0.71705,45
1779765660,0.71701,0.71712,0.71701,0.7171,52
1779765720,0.71709,0.71713,0.71709,0.71712,13
1779765780,0.71706,0.7171,0.71706,0.71706,12
1779765840,0.71712,0.71712,0.7171,0.7171,10
1779765900,0.71712,0.71717,0.71712,0.71716,24
1779765960,0.7172,0.71723,0.71719,0.71722,19
1779766020,0.71713,0.71713,0.71706,0.71706,37
1779766080,0.71702,0.71704,0.71702,0.71704,7
1779766140,0.71705,0.71705,0.71704,0.71704,11
1779766200,0.71697,0.71705,0.71697,0.71701,48
1779766260,0.71699,0.717,0.71699,0.71699,14
1779766320,0.71702,0.71705,0.71702,0.71705,17
1779766380,0.717,0.71701,0.717,0.71701,21
1779766440,0.717,0.71701,0.71699,0.717,14
1779766500,0.717,0.71701,0.71698,0.717,31
1779766560,0.717,0.717,0.71699,0.71699,5
1779766620,0.717,0.71701,0.717,0.71701,10
1779766680,0.717,0.71701,0.71699,0.717,18
1779766740,0.71699,0.717,0.71697,0.71697,17
1779766800,0.71693,0.71695,0.71692,0.71695,36
1779766860,0.71695,0.71695,0.71694,0.71694,2
1779766920,0.71695,0.71696,0.71695,0.71696,4
1779766980,0.71694,0.71694,0.71693,0.71694,5
1779767040,0.71701,0.71711,0.717,0.71711,18
1779767100,0.7171,0.7171,0.717,0.71702,38
1779767160,0.71702,0.71705,0.71702,0.71704,22
1779767220,0.71709,0.71711,0.71705,0.71705,25
1779767280,0.71705,0.71705,0.71705,0.71705,1
1779767340,0.717,0.71705,0.717,0.71705,23
1779767400,0.71706,0.71708,0.71704,0.71705,19
1779767460,0.71707,0.71707,0.71702,0.71702,15
1779767520,0.71699,0.71702,0.71697,0.71702,16
1779767580,0.71711,0.71711,0.71703,0.71704,16
1779767640,0.71705,0.71707,0.71705,0.71706,15
1779767700,0.71705,0.71706,0.71705,0.71706,3
1779767760,0.71701,0.71701,0.717,0.71701,5
1779767820,0.71706,0.71707,0.71706,0.71706,12
1779767880,0.71706,0.71707,0.71705,0.71707,9
1779767940,0.7171,0.71712,0.7171,0.71712,9
1779768060,0.7171,0.7171,0.71708,0.7171,6
1779768120,0.71714,0.71715,0.71714,0.71715,6
1779768180,0.71715,0.71715,0.71692,0.71693,20
1779768240,0.7169,0.7169,0.71681,0.71684,26
1779768300,0.7168,0.71685,0.71673,0.71679,39
1779768360,0.71678,0.71681,0.71678,0.71681,18
1779768420,0.71682,0.71686,0.71681,0.71686,13
1779768480,0.71692,0.71692,0.71691,0.71692,5
1779768540,0.71692,0.71696,0.71692,0.71696,13
1779768600,0.71691,0.71696,0.71691,0.71696,12
1779768660,0.71694,0.71696,0.71694,0.71695,23
1779768720,0.717,0.71701,0.71699,0.71699,26
1779768780,0.71696,0.71699,0.71696,0.71699,6
1779768840,0.71702,0.71703,0.71702,0.71703,6
1779768900,0.71711,0.71711,0.71706,0.71707,34
1779768960,0.7171,0.71712,0.7171,0.71712,10
1779769020,0.71701,0.71705,0.71701,0.71705,11
1779769080,0.71707,0.71707,0.71704,0.71704,9
1779769140,0.71706,0.71707,0.71705,0.71705,23
1779769200,0.71705,0.71705,0.71705,0.71705,1
1779769260,0.71704,0.71705,0.71704,0.71705,8
1779769320,0.71707,0.71707,0.71702,0.71702,12
1779769380,0.71702,0.71703,0.717,0.717,9
1779769440,0.71699,0.71704,0.71699,0.71702,21
1779769500,0.717,0.71701,0.71696,0.71696,26
1779769560,0.71697,0.717,0.71697,0.71697,14
1779769620,0.71698,0.71698,0.71697,0.71697,7
1779769680,0.71697,0.71697,0.71691,0.71691,16
1779769740,0.71694,0.71694,0.7169,0.7169,19
1779769800,0.71684,0.71684,0.71677,0.71678,29
1779769860,0.71678,0.7168,0.71677,0.71678,12
1779769920,0.71678,0.71679,0.71678,0.71679,4
1779769980,0.71682,0.71683,0.71682,0.71683,4
1779770040,0.71672,0.71674,0.71671,0.71673,24
1779770100,0.71673,0.71675,0.7167,0.71671,49
1779770160,0.71666,0.71673,0.71666,0.71669,22
1779770220,0.71662,0.71662,0.71655,0.71657,30
1779770280,0.71657,0.71658,0.71651,0.71651,37
1779770340,0.71648,0.71648,0.71648,0.71648,3
1779770400,0.71644,0.71644,0.71639,0.71644,23
1779770460,0.7165,0.7165,0.71647,0.71648,9
1779770520,0.71643,0.71643,0.71635,0.71635,16
1779770580,0.71624,0.71629,0.71624,0.71625,25
1779770640,0.71626,0.71626,0.71626,0.71626,1
1779770700,0.71632,0.71639,0.7163,0.71639,42
1779770760,0.71635,0.71636,0.71632,0.71636,13
1779770820,0.7164,0.71642,0.7164,0.71642,5
1779770880,0.71636,0.71637,0.71635,0.71636,20
1779770940,0.71631,0.71632,0.7163,0.7163,11
1779771000,0.71637,0.71639,0.71635,0.71639,46
1779771060,0.71638,0.7164,0.71632,0.71633,36
1779771120,0.71633,0.71634,0.71633,0.71633,7
1779771180,0.71628,0.71633,0.71627,0.71631,20
1779771240,0.7163,0.71633,0.7163,0.71633,6
1779771300,0.71628,0.71628,0.71617,0.71618,34
1779771360,0.71618,0.71621,0.71618,0.71621,8
1779771420,0.71618,0.7162,0.71616,0.7162,22
1779771480,0.71622,0.71622,0.71618,0.71618,4
1779771540,0.71622,0.71622,0.71617,0.71618,11
1779771660,0.716,0.716,0.71595,0.71597,16
1779771720,0.71591,0.71591,0.71587,0.71587,16
1779771780,0.71586,0.71587,0.7158,0.7158,26
1779771840,0.71576,0.71576,0.71576,0.71576,1
1779771900,0.71569,0.71571,0.71569,0.71571,10
1779771960,0.7157,0.71573,0.71568,0.71573,12
1779772020,0.71573,0.71583,0.71572,0.71582,29
1779772080,0.71583,0.71588,0.71583,0.71587,21
1779772140,0.71585,0.71592,0.71585,0.71591,27
1779772200,0.71583,0.71586,0.71578,0.71579,29
1779772260,0.71577,0.71578,0.71577,0.71578,5
1779772320,0.71578,0.71578,0.71577,0.71577,9
1779772380,0.71583,0.71583,0.71582,0.71582,13
1779772440,0.71583,0.71583,0.7158,0.71581,12
1779772500,0.71585,0.71594,0.71583,0.71594,70
1779772560,0.71595,0.71598,0.71594,0.71597,29
1779772620,0.71602,0.71603,0.71601,0.71602,8
1779772680,0.71598,0.71603,0.71598,0.71602,15
1779772740,0.71594,0.71597,0.71593,0.71594,15
1779772800,0.71586,0.71593,0.71586,0.71591,46
1779772860,0.71589,0.71593,0.71589,0.71593,20
1779772920,0.71591,0.71591,0.71591,0.71591,2
1779772980,0.7159,0.71591,0.7159,0.71591,5
1779773040,0.71588,0.71591,0.71588,0.71591,10
1779773100,0.71589,0.71592,0.71589,0.71592,10
1779773160,0.71591,0.71591,0.71591,0.71591,2
1779773220,0.71598,0.71602,0.71598,0.71601,22
1779773280,0.71596,0.71597,0.71593,0.71594,18
1779773340,0.71599,0.71603,0.71598,0.71602,38
1779773400,0.71602,0.71616,0.71599,0.71612,68
1779773460,0.71615,0.71615,0.7161,0.71611,14
1779773520,0.71608,0.71611,0.71607,0.71611,10
1779773580,0.71611,0.71614,0.71611,0.71612,22
1779773640,0.71608,0.71611,0.71606,0.71611,25
1779773760,0.71607,0.71607,0.71604,0.71606,7
1779773820,0.71606,0.71608,0.71606,0.71606,14
1779773880,0.71607,0.71607,0.71607,0.71607,3
1779773940,0.71608,0.71613,0.71608,0.71608,26
1779774000,0.71609,0.71612,0.71602,0.71603,65
1779774060,0.71604,0.71605,0.71595,0.71595,24
1779774120,0.71595,0.71595,0.71594,0.71595,9
1779774180,0.71597,0.71601,0.71596,0.716,10
1779774240,0.71606,0.71607,0.71606,0.71606,9
1779774300,0.71604,0.71604,0.71601,0.71603,32
1779774360,0.71603,0.71607,0.71602,0.71605,14
1779774420,0.71596,0.71597,0.71595,0.71596,12
1779774480,0.71595,0.71596,0.71595,0.71595,6
1779774540,0.71607,0.71608,0.71606,0.71608,8
1779774600,0.71601,0.71602,0.71598,0.71601,40
1779774660,0.71604,0.71604,0.716,0.71602,20
1779774720,0.71597,0.71598,0.71595,0.71597,27
1779774780,0.71595,0.71598,0.71591,0.71591,31
1779774840,0.71592,0.71592,0.71592,0.71592,1
1779774900,0.71594,0.71597,0.71589,0.71589,35
1779774960,0.71588,0.71591,0.71588,0.71591,4
1779775020,0.71593,0.71597,0.71593,0.71594,15
1779775080,0.71597,0.71597,0.71596,0.71597,8
1779775140,0.71598,0.71599,0.71596,0.71598,22
1779775200,0.71597,0.71599,0.71586,0.71595,100
1779775260,0.71595,0.71596,0.71591,0.71594,44
1779775320,0.71592,0.71592,0.71592,0.71592,3
1779775380,0.7161,0.71612,0.7161,0.71612,8
1779775440,0.71607,0.71608,0.71607,0.71608,4
1779775500,0.7161,0.71617,0.7161,0.71616,53
1779775560,0.71618,0.71618,0.71611,0.71611,17
1779775620,0.71609,0.71613,0.71609,0.71613,24
1779775680,0.71619,0.71619,0.71619,0.71619,3
1779775740,0.71607,0.71608,0.71607,0.71607,6
1779775800,0.71609,0.71613,0.71606,0.7161,49
1779775860,0.71623,0.71632,0.71623,0.71632,19
1779775920,0.71625,0.71625,0.71622,0.71622,22
1779775980,0.71618,0.71623,0.71617,0.71623,26
1779776040,0.71627,0.71628,0.71626,0.71627,27
1779776100,0.71626,0.71627,0.71619,0.71619,35
1779776160,0.71617,0.71619,0.71617,0.71619,7
1779776220,0.71622,0.71622,0.71616,0.71617,14
1779776280,0.71617,0.7162,0.71613,0.71613,23
1779776340,0.71615,0.71617,0.71611,0.71613,24
1779776400,0.71617,0.71619,0.71613,0.71615,66
1779776460,0.71618,0.71621,0.71616,0.71621,38
1779776520,0.71622,0.71623,0.71622,0.71622,4
1779776580,0.71621,0.71621,0.71618,0.71619,7
1779776640,0.71627,0.71632,0.71627,0.71631,23
1779776700,0.71652,0.71675,0.71651,0.71675,95
1779776760,0.71671,0.71681,0.7167,0.71677,35
1779776820,0.71684,0.71685,0.71674,0.71682,49
1779776880,0.71688,0.7169,0.71688,0.7169,6
1779776940,0.71646,0.71647,0.71638,0.71646,24
1779777000,0.71646,0.71657,0.71643,0.71656,104
1779777060,0.71657,0.71659,0.71655,0.71655,24
1779777120,0.7165,0.71651,0.71642,0.71646,47
1779777180,0.71636,0.71661,0.71636,0.71661,52
1779777240,0.71662,0.71663,0.71652,0.71652,51
1779777300,0.71654,0.71664,0.71654,0.71663,53
1779777360,0.71663,0.71664,0.71661,0.71661,18
1779777420,0.71672,0.71672,0.7167,0.71672,15
1779777480,0.71675,0.71676,0.7167,0.7167,17
1779777540,0.71672,0.71681,0.71672,0.71679,36
1779777660,0.71676,0.71676,0.71675,0.71676,6
1779777720,0.71668,0.71668,0.71667,0.71668,8
1779777780,0.71664,0.71664,0.71661,0.71662,11
1779777840,0.71668,0.7167,0.71667,0.71667,15
1779777900,0.71678,0.71678,0.71669,0.7167,92
1779777960,0.7167,0.71672,0.71669,0.71672,24
1779778020,0.71673,0.71673,0.71668,0.71669,31
1779778080,0.71664,0.71668,0.71664,0.71667,35
1779778140,0.71671,0.71671,0.71668,0.71669,7
1779778200,0.7166,0.71667,0.71659,0.71667,17
1779778260,0.71665,0.71672,0.71665,0.71672,25
1779778320,0.7167,0.71677,0.71669,0.71677,27
1779778380,0.71673,0.71673,0.71671,0.71672,27
1779778440,0.71672,0.71672,0.7167,0.71671,23
1779778500,0.71677,0.71677,0.71674,0.71675,9
1779778560,0.71669,0.71672,0.71669,0.71672,10
1779778620,0.71682,0.71683,0.71681,0.71681,13
1779778680,0.71672,0.71673,0.71672,0.71672,10
1779778740,0.71657,0.71658,0.71652,0.71652,43
1779778860,0.71646,0.71651,0.71637,0.71637,63
1779778920,0.71643,0.71643,0.71639,0.71641,13
1779778980,0.71642,0.71642,0.71634,0.71636,27
1779779040,0.71607,0.7161,0.71587,0.7159,45
1779782100,0.71608,0.71622,0.71608,0.71612,94
1779783300,0.71642,0.71646,0.71641,0.71645,50
1779783360,0.71645,0.71645,0.71644,0.71645,5
1779783420,0.7164,0.71644,0.71639,0.71643,22
1779783480,0.71652,0.71656,0.71651,0.71654,30
1779783540,0.71657,0.71665,0.71656,0.71664,41
1779783600,0.71656,0.71656,0.71652,0.71654,38
1779783660,0.71653,0.71655,0.71652,0.71655,11
1779783720,0.7166,0.71661,0.7166,0.71661,6
1779783780,0.71662,0.71663,0.71661,0.71662,14
1779783840,0.71664,0.71671,0.71664,0.71669,41
1779783900,0.71671,0.71672,0.71663,0.71665,27
1779783960,0.71666,0.71667,0.71661,0.71662,25
1779784020,0.71659,0.71659,0.7165,0.7165,11
1779784080,0.7165,0.71651,0.7165,0.7165,10
1779784140,0.71655,0.71657,0.71653,0.71653,24
1779784200,0.71657,0.71659,0.71651,0.71654,74
1779784260,0.71656,0.71666,0.71655,0.71661,28
1779784320,0.71662,0.71665,0.71656,0.71656,32
1779784380,0.71653,0.71657,0.71653,0.71656,43
1779784440,0.71653,0.71654,0.71653,0.71654,6
1779784500,0.71648,0.71648,0.71647,0.71647,7
1779784560,0.71649,0.71651,0.71646,0.7165,26
1779784620,0.71646,0.71648,0.71643,0.71646,31
1779784680,0.71656,0.71658,0.71653,0.71654,18
1779784740,0.71652,0.71657,0.71651,0.71656,36
1779784800,0.71647,0.71647,0.71646,0.71646,4
1779784860,0.71646,0.71652,0.71646,0.71652,11
1779784920,0.71646,0.71649,0.71646,0.71648,24
1779784980,0.71642,0.71646,0.7164,0.71641,21
1779785040,0.71629,0.7163,0.71625,0.71629,32
1779785160,0.71622,0.71622,0.71622,0.71622,1
1779785220,0.71627,0.71629,0.71627,0.71629,6
1779785280,0.71624,0.71624,0.71622,0.71623,13
1779785340,0.71631,0.71631,0.71631,0.71631,4
1779785400,0.71623,0.71626,0.71616,0.71616,80
1779785460,0.71628,0.71631,0.71626,0.71626,43
1779785520,0.71631,0.71631,0.71626,0.71626,33
1779785580,0.71627,0.71627,0.71626,0.71626,4
1779785640,0.7164,0.71641,0.71639,0.7164,11
1779785700,0.71647,0.71648,0.71647,0.71648,9
1779785760,0.71642,0.71642,0.71637,0.71641,13
1779785820,0.71636,0.71636,0.71633,0.71634,22
1779785880,0.71633,0.71634,0.71631,0.71634,22
1779785940,0.71632,0.71634,0.7163,0.71633,28
1779786000,0.7164,0.7164,0.71629,0.71635,114
1779786060,0.71635,0.71638,0.71626,0.71633,64
1779786120,0.71634,0.71635,0.71633,0.71634,9
1779786180,0.71622,0.71622,0.7161,0.7161,18
1779786240,0.71601,0.71611,0.71601,0.71611,39
1779786300,0.71617,0.71617,0.71601,0.71613,105
1779786360,0.71611,0.71618,0.71611,0.71617,36
1779786420,0.71611,0.71613,0.71611,0.71613,8
1779786480,0.71593,0.71599,0.71593,0.71597,18
1779786540,0.71602,0.71602,0.716,0.716,6
1779786600,0.71601,0.71602,0.71597,0.71597,33
1779786660,0.71601,0.71602,0.71601,0.71601,16
1779786720,0.71615,0.71624,0.71613,0.71624,42
1779786780,0.71623,0.71624,0.71621,0.71622,39
1779786840,0.71615,0.71615,0.71614,0.71614,4
1779786900,0.71607,0.71609,0.71606,0.71609,33
1779786960,0.71608,0.71609,0.71608,0.71608,9
1779787020,0.71616,0.71634,0.71616,0.71633,37
1779787080,0.71618,0.71627,0.71617,0.71626,42
1779787140,0.71618,0.71629,0.71618,0.71628,24
1779787200,0.71625,0.71627,0.71625,0.71627,4
1779787260,0.7163,0.71634,0.71629,0.71634,10
1779787320,0.71634,0.71635,0.71631,0.71632,19
1779787380,0.7162,0.7162,0.71603,0.71603,43
1779787440,0.71609,0.71616,0.71609,0.71616,28
1779787500,0.71616,0.71616,0.71606,0.71611,79
1779787560,0.71612,0.71616,0.7161,0.71616,44
1779787620,0.7162,0.71621,0.7162,0.71621,4
1779787680,0.71628,0.71628,0.71623,0.71623,10
1779787740,0.71623,0.71625,0.71622,0.71623,25
1779787800,0.71639,0.71649,0.71631,0.71632,74
1779787860,0.71636,0.71637,0.71636,0.71637,16
1779787920,0.7164,0.71641,0.71633,0.71633,45
1779787980,0.71636,0.71637,0.71636,0.71637,8
1779788040,0.7164,0.71647,0.7164,0.71646,20
1779788100,0.71646,0.71648,0.71641,0.71642,66
1779788160,0.71641,0.71643,0.7164,0.71643,22
1779788220,0.71642,0.71642,0.71641,0.71642,9
1779788280,0.71642,0.71645,0.71639,0.71645,29
1779788340,0.71645,0.71645,0.71644,0.71644,3
1779788400,0.71644,0.71647,0.71644,0.71647,12
1779788460,0.71639,0.71644,0.71637,0.71642,21
1779788520,0.71645,0.71645,0.71639,0.71639,20
1779788580,0.71636,0.71637,0.71629,0.7163,21
1779788640,0.71632,0.71632,0.71618,0.71618,50
1779788700,0.71619,0.71623,0.71619,0.71622,45
1779788760,0.71623,0.71624,0.71623,0.71623,9
1779788820,0.7163,0.71631,0.71629,0.7163,15
1779788880,0.71631,0.71634,0.7163,0.71632,17
1779788940,0.71636,0.71641,0.71636,0.7164,20
1779789000,0.71645,0.71647,0.71642,0.71647,28
1779789060,0.71647,0.71647,0.71637,0.71637,28
1779789120,0.71635,0.71635,0.71635,0.71635,2
1779789180,0.71633,0.71634,0.71633,0.71634,6
1779789240,0.71626,0.71626,0.71622,0.71624,9
1779789300,0.71631,0.71648,0.71631,0.71644,67
1779789360,0.71648,0.71652,0.71648,0.7165,27
1779789420,0.71651,0.71651,0.71646,0.71648,40
1779789480,0.71642,0.71642,0.71636,0.71637,24
1779789540,0.71638,0.71639,0.71638,0.71639,3
1779789660,0.71637,0.71637,0.71628,0.71629,17
1779789720,0.71633,0.71633,0.71628,0.71629,20
1779789780,0.71626,0.71629,0.71626,0.71628,23
1779789840,0.71623,0.71624,0.71617,0.71617,15
1779789960,0.71607,0.71607,0.71606,0.71607,4
1779790020,0.71615,0.71616,0.71615,0.71616,11
1779790080,0.71621,0.71624,0.71621,0.71624,14
1779790140,0.71621,0.71622,0.71619,0.71621,22
1779790200,0.71623,0.71627,0.71622,0.71627,25
1779790260,0.71631,0.71631,0.71626,0.71628,20
1779790320,0.7163,0.71633,0.7163,0.71631,28
1779790380,0.71636,0.71637,0.71635,0.71637,6
1779790440,0.71632,0.71632,0.71632,0.71632,6
1779790500,0.71632,0.71638,0.71632,0.71633,49
1779790560,0.7163,0.71632,0.7163,0.71631,21
1779790620,0.71632,0.71632,0.7163,0.71632,20
1779790680,0.71629,0.71631,0.71625,0.71631,32
1779790740,0.71634,0.71634,0.71632,0.71632,4
1779790800,0.71639,0.71642,0.71635,0.71638,58
1779790860,0.71636,0.71642,0.71636,0.71641,19
1779790920,0.71641,0.71641,0.71633,0.71636,33
1779790980,0.71639,0.71641,0.71638,0.7164,22
1779791040,0.71636,0.71636,0.71636,0.71636,2
1779791100,0.71631,0.71633,0.71631,0.71633,7
1779791160,0.71635,0.71636,0.71634,0.71634,11
1779791220,0.71642,0.71645,0.71642,0.71644,16
1779791280,0.71643,0.7166,0.71642,0.71654,30
1779791340,0.71654,0.71654,0.71641,0.71641,30
1779791400,0.71647,0.71673,0.71646,0.71665,168
1779791460,0.71666,0.71666,0.71647,0.71647,46
1779791520,0.7165,0.71651,0.7165,0.7165,6
1779791580,0.71646,0.71651,0.71645,0.71651,18
1779791640,0.71652,0.71655,0.71651,0.71653,20
1779791700,0.71655,0.71667,0.71653,0.71658,80
1779791760,0.71654,0.71654,0.71645,0.71646,48
1779791820,0.7164,0.71643,0.71639,0.71639,39
1779791880,0.71636,0.71639,0.71635,0.71636,36
1779791940,0.71631,0.71633,0.71631,0.71631,12
1779792000,0.71634,0.71641,0.71629,0.71636,54
1779792060,0.71635,0.71635,0.7163,0.71634,28
1779792120,0.71632,0.71637,0.71631,0.71633,27
1779792180,0.71634,0.71643,0.71634,0.71643,38
1779792240,0.71642,0.71647,0.71642,0.71646,30
1779792300,0.71657,0.71657,0.71657,0.71657,1
1779792360,0.71652,0.71652,0.71649,0.71649,19
1779792420,0.71642,0.71649,0.71638,0.71642,25
1779792480,0.71641,0.71646,0.71641,0.71641,29
1779792540,0.71643,0.71647,0.71641,0.71646,24
1779792600,0.71661,0.71666,0.7166,0.71664,33
1779792660,0.71667,0.71667,0.71662,0.71662,22
1779792720,0.71666,0.71666,0.71666,0.71666,1
1779792780,0.71677,0.71679,0.71677,0.71677,7
1779792840,0.71676,0.71676,0.71674,0.71674,11
1779792900,0.71671,0.71677,0.71671,0.71677,21
1779792960,0.71671,0.71672,0.71668,0.71671,27
1779793020,0.71667,0.71671,0.71667,0.71671,25
1779793080,0.7167,0.71676,0.7167,0.71676,26
1779793140,0.71676,0.71677,0.71676,0.71676,6
1779793200,0.71657,0.71662,0.71653,0.71655,96
1779793260,0.71654,0.71659,0.71653,0.71659,19
1779793320,0.71656,0.7166,0.71655,0.71657,18
1779793380,0.71654,0.71658,0.71652,0.71658,43
1779793440,0.71664,0.71665,0.71661,0.71665,43
1779793500,0.71663,0.71665,0.71663,0.71665,3
1779793560,0.71662,0.71662,0.71661,0.71661,5
1779793620,0.71663,0.71668,0.71663,0.71667,11
1779793680,0.71671,0.71673,0.7167,0.71672,9
1779793740,0.71668,0.71668,0.71665,0.71666,12
1779793800,0.7167,0.71672,0.71669,0.71669,20
1779793860,0.71677,0.71683,0.71677,0.71681,24
1779793920,0.71678,0.71681,0.71676,0.71681,31
1779793980,0.71687,0.71688,0.71687,0.71687,8
1779794040,0.71681,0.71683,0.7168,0.71682,7
1779794100,0.71678,0.71683,0.71672,0.71672,45
1779794160,0.71675,0.71677,0.71673,0.71674,21
1779794220,0.71679,0.7168,0.71675,0.71675,25
1779794280,0.71684,0.71685,0.71681,0.71682,23
1779794340,0.71674,0.71676,0.71674,0.71676,8
1779794400,0.7168,0.71682,0.71672,0.71677,59
1779794460,0.71674,0.71675,0.71673,0.71673,11
1779794520,0.71675,0.71677,0.71673,0.71674,21
1779794580,0.71679,0.71681,0.71676,0.71679,26
1779794640,0.7168,0.71683,0.71679,0.71681,16
1779794700,0.71682,0.71682,0.71682,0.71682,1
1779794760,0.71677,0.71677,0.71677,0.71677,1
1779794820,0.71671,0.71671,0.71666,0.71668,23
1779794880,0.71665,0.71672,0.71665,0.7167,21
1779794940,0.71672,0.71673,0.71671,0.71671,15
1779795000,0.71671,0.71676,0.71666,0.71675,64
1779795060,0.71675,0.71678,0.71675,0.71676,22
1779795120,0.71673,0.71685,0.71672,0.71682,40
1779795180,0.71685,0.71686,0.71685,0.71686,4
1779795240,0.71683,0.71683,0.71661,0.71668,28
1779795300,0.71656,0.71659,0.71655,0.71657,24
1779795360,0.71616,0.71629,0.71613,0.71629,82
1779795420,0.71626,0.71635,0.71622,0.71632,56
1779795480,0.71637,0.71642,0.71636,0.71638,34
1779795540,0.71638,0.7164,0.71638,0.7164,4
1779795600,0.7164,0.71641,0.7164,0.71641,4
1779795660,0.71634,0.71636,0.71634,0.71636,10
1779795720,0.71634,0.71635,0.71628,0.71628,20
1779795780,0.71627,0.71636,0.71625,0.71635,43
1779795840,0.71642,0.71642,0.71637,0.71637,24
1779795960,0.71622,0.71622,0.71621,0.71621,5
1779796020,0.7163,0.71632,0.71629,0.71631,14
1779796080,0.71635,0.71636,0.71632,0.71633,24
1779796140,0.71634,0.71635,0.71633,0.71634,19
1779796200,0.71636,0.71642,0.71635,0.71642,25
1779796260,0.71647,0.71653,0.71646,0.71652,30
1779796320,0.71642,0.71643,0.71637,0.71639,33
1779796380,0.71646,0.71646,0.71646,0.71646,3
1779796440,0.71651,0.71652,0.71646,0.71648,15
1779796500,0.71646,0.71649,0.71642,0.71644,56
1779796560,0.71645,0.71651,0.71644,0.71651,24
1779796620,0.71657,0.71657,0.71651,0.71652,27
1779796680,0.71646,0.71649,0.71644,0.71645,40
1779796740,0.71647,0.71647,0.71642,0.71642,7
1779796860,0.71627,0.71633,0.71627,0.71633,20
1779796920,0.71641,0.71644,0.71638,0.71643,32
1779796980,0.71644,0.71647,0.71643,0.71644,26
1779797040,0.71644,0.71644,0.71637,0.71642,28
1779797100,0.71643,0.71643,0.71643,0.71643,3
1779797160,0.71647,0.71652,0.71646,0.71652,16
1779797220,0.71652,0.71656,0.71651,0.71652,18
1779797280,0.71649,0.7165,0.71642,0.71642,24
1779797340,0.71626,0.71652,0.71622,0.71651,46
1779797400,0.71653,0.71653,0.71636,0.71649,78
1779797460,0.71647,0.71647,0.71643,0.71645,24
1779797520,0.71647,0.71649,0.71647,0.71648,6
1779797580,0.71653,0.71654,0.71653,0.71654,4
1779797640,0.71651,0.71651,0.71649,0.71649,6
1779797700,0.71645,0.71649,0.71639,0.71649,68
1779797760,0.71647,0.71652,0.71647,0.7165,26
1779797820,0.71643,0.71644,0.71641,0.71642,16
1779797880,0.71645,0.71645,0.7164,0.7164,38
1779797940,0.71646,0.71652,0.71646,0.71652,28
1779798000,0.71653,0.71655,0.71652,0.71652,10
1779798060,0.71656,0.71658,0.71656,0.71656,19
1779798120,0.71661,0.71664,0.7166,0.71663,19
1779798180,0.71662,0.71665,0.7166,0.7166,21
1779798240,0.7166,0.7166,0.71655,0.71657,21
1779798360,0.71663,0.71663,0.71663,0.71663,1
1779798420,0.71657,0.7166,0.71657,0.71659,8
1779798480,0.71665,0.71665,0.71665,0.71665,2
1779798540,0.71671,0.71676,0.71671,0.71675,18
1779798600,0.71674,0.71675,0.71663,0.71665,52
1779798660,0.71664,0.71666,0.71662,0.71665,31
1779798720,0.71669,0.7167,0.71666,0.7167,24
1779798780,0.71674,0.71674,0.71672,0.71672,7
1779798840,0.71673,0.71677,0.71673,0.71677,7
1779798900,0.71682,0.71682,0.71664,0.71666,36
1779798960,0.71671,0.71672,0.7167,0.7167,9
1779799020,0.7167,0.7167,0.71664,0.71665,29
1779799080,0.71666,0.71671,0.71665,0.7167,35
1779799140,0.71662,0.71662,0.7166,0.71662,10
1779799200,0.71656,0.7166,0.71656,0.7166,9
1779799260,0.71667,0.71668,0.71667,0.71668,11
1779799320,0.71672,0.71673,0.71672,0.71673,12
1779799380,0.71684,0.71688,0.71681,0.71686,33
1779799440,0.71677,0.71682,0.7167,0.7167,32
1779799560,0.71667,0.7167,0.71667,0.7167,4
1779799620,0.71667,0.71669,0.71667,0.71668,12
1779799680,0.7166,0.71661,0.71659,0.71661,13
1779799740,0.71666,0.71672,0.71666,0.71672,20
1779799800,0.71672,0.71677,0.71671,0.71673,92
1779799860,0.71675,0.71677,0.71672,0.71676,31
1779799920,0.71677,0.71682,0.71674,0.71675,42
1779799980,0.71671,0.71672,0.71671,0.71672,3
1779800040,0.71673,0.71673,0.7167,0.7167,9
1779800100,0.71671,0.71677,0.71668,0.71674,84
1779800160,0.71672,0.71675,0.71671,0.71673,17
1779800220,0.71673,0.71677,0.71673,0.71677,19
1779800280,0.7168,0.71682,0.71679,0.71679,19
1779800340,0.71688,0.71689,0.71682,0.71682,23
1779800460,0.71683,0.71683,0.71681,0.71682,18
1779800520,0.71687,0.71692,0.71687,0.71691,24
1779800580,0.71685,0.71692,0.71684,0.71691,17
1779800640,0.71686,0.71692,0.71686,0.71692,21
1779800700,0.71693,0.71698,0.71689,0.71693,83
1779800760,0.71691,0.71696,0.71691,0.71694,41
1779800820,0.71696,0.71697,0.71696,0.71697,4
1779800880,0.71692,0.71692,0.7169,0.71691,15
1779800940,0.71697,0.71697,0.71697,0.71697,1
1779801000,0.71702,0.71702,0.71697,0.71699,28
1779801060,0.717,0.717,0.7169,0.7169,44
1779801120,0.71697,0.71697,0.71686,0.71686,46
1779801180,0.71692,0.71693,0.71692,0.71693,3
1779801240,0.71686,0.7169,0.71686,0.71688,21
1779801300,0.71696,0.71698,0.71691,0.71691,69
1779801360,0.71697,0.71698,0.71695,0.71696,15
1779801420,0.71696,0.71702,0.71696,0.71702,31
1779801480,0.71707,0.71714,0.71707,0.71711,59
1779801540,0.71712,0.71714,0.71708,0.71709,51
1779801600,0.71706,0.71706,0.71703,0.71706,21
1779801660,0.71716,0.71725,0.71715,0.71724,33
1779801720,0.71721,0.71725,0.7172,0.71724,29
1779801780,0.71726,0.71727,0.71725,0.71727,23
1779801840,0.71731,0.71734,0.71727,0.71731,49
1779801900,0.71731,0.71731,0.71731,0.71731,1
1779801960,0.71721,0.71721,0.7172,0.7172,8
1779802020,0.71712,0.71714,0.71712,0.71712,10
1779802080,0.71716,0.71716,0.7171,0.71712,22
1779802140,0.71705,0.71707,0.71703,0.71706,28
1779802260,0.71713,0.71713,0.7171,0.7171,4
1779802320,0.71703,0.71706,0.71703,0.71706,10
1779802380,0.71695,0.71697,0.71691,0.71691,26
1779802440,0.71687,0.71691,0.71686,0.71691,26
1779802500,0.7169,0.71691,0.71674,0.71674,114
1779802560,0.71677,0.71686,0.71676,0.71685,58
1779802620,0.71689,0.71704,0.71689,0.71704,36
1779802680,0.71712,0.71712,0.71712,0.71712,2
1779802740,0.71706,0.71706,0.71705,0.71705,8
1779802800,0.71705,0.71713,0.717,0.71708,31
1779802860,0.71703,0.71713,0.71703,0.71709,28
1779802920,0.71714,0.71715,0.71708,0.71708,45
1779802980,0.71716,0.71728,0.71715,0.71726,48
1779803040,0.7173,0.7173,0.7173,0.7173,2
1779803100,0.71718,0.71728,0.71717,0.7172,59
1779803160,0.71722,0.71725,0.71722,0.71723,28
1779803220,0.71758,0.71762,0.71755,0.7176,27
1779803280,0.71744,0.71752,0.71744,0.71746,54
1779803340,0.71738,0.71747,0.71736,0.71747,40
1779803400,0.71738,0.71738,0.71738,0.71738,1
1779803460,0.71708,0.71708,0.71695,0.71697,20
1779803520,0.71684,0.71686,0.71683,0.71684,21
1779803580,0.71689,0.71689,0.7168,0.71682,44
1779803640,0.71642,0.71654,0.71642,0.71651,50
1779803700,0.71658,0.71676,0.71654,0.71673,146
1779803760,0.71672,0.71677,0.71668,0.71675,72
1779803820,0.7168,0.7168,0.71679,0.71679,4
1779803880,0.71682,0.71683,0.71681,0.71683,14
1779803940,0.71682,0.71685,0.71682,0.71684,17
1779804060,0.71681,0.71692,0.7168,0.71691,64
1779804120,0.71707,0.71726,0.71707,0.71723,76
1779804180,0.71722,0.71732,0.71722,0.71725,70
1779804240,0.71739,0.71739,0.71735,0.71735,9
1779804300,0.71727,0.71727,0.71703,0.71705,92
1779804360,0.71708,0.7171,0.71706,0.7171,32
1779804420,0.71708,0.71718,0.71707,0.71716,41
1779804480,0.71712,0.71716,0.71704,0.71704,43
1779804540,0.7171,0.71711,0.71699,0.717,76
1779804600,0.71708,0.7171,0.71708,0.7171,5
1779804660,0.71718,0.71718,0.71712,0.71712,18
1779804720,0.71704,0.71709,0.71704,0.71709,9
1779804780,0.717,0.71705,0.71695,0.71705,40
1779804840,0.71704,0.71706,0.717,0.71701,34
1779804900,0.71713,0.71714,0.71699,0.71701,120
1779804960,0.71703,0.7171,0.717,0.71708,64
1779805020,0.71697,0.71697,0.71694,0.71695,9
1779805080,0.71702,0.71704,0.71701,0.71702,16
1779805140,0.71707,0.71707,0.71699,0.71704,26
1779805200,0.71698,0.71702,0.71693,0.71695,80
1779805260,0.71697,0.71698,0.71695,0.71697,35
1779805320,0.717,0.71715,0.71697,0.71715,42
1779805380,0.71712,0.71712,0.71712,0.71712,2
1779805440,0.71696,0.71701,0.71696,0.71701,13
1779805500,0.71711,0.71716,0.71708,0.71709,105
1779805560,0.71702,0.71702,0.71697,0.71697,35
1779805620,0.7168,0.71683,0.71674,0.71674,28
1779805680,0.71676,0.71679,0.7167,0.7167,53
1779805740,0.7167,0.7167,0.7167,0.7167,2
1779805800,0.71679,0.71681,0.71675,0.71676,88
1779805860,0.71677,0.71678,0.71672,0.71675,31
1779805920,0.71676,0.71681,0.71675,0.71679,20
1779805980,0.71676,0.71676,0.71665,0.71667,54
1779806040,0.71671,0.71675,0.71668,0.71671,52
1779806100,0.71687,0.71688,0.71687,0.71688,3
1779806160,0.7172,0.71721,0.71718,0.71719,10
1779806220,0.71694,0.71695,0.71685,0.71685,36
1779806280,0.71691,0.71691,0.71684,0.71685,26
1779806340,0.71681,0.71686,0.71679,0.71679,43
1779806400,0.71675,0.71697,0.71675,0.71697,102
1779806460,0.71695,0.717,0.71694,0.71699,31
1779806520,0.71689,0.71689,0.71689,0.71689,1
1779806580,0.71694,0.71696,0.71694,0.71695,10
1779806640,0.71677,0.71677,0.71675,0.71676,16
1779806700,0.7169,0.7169,0.71674,0.71686,86
1779806760,0.71688,0.71688,0.71678,0.71679,29
1779806820,0.71687,0.71691,0.71687,0.7169,50
1779806880,0.71679,0.71682,0.71671,0.71676,66
1779806940,0.71688,0.71691,0.71688,0.7169,8
1779807000,0.71685,0.71686,0.71684,0.71686,11
1779807060,0.71684,0.71685,0.71681,0.71681,18
1779807120,0.71683,0.71686,0.71681,0.71685,34
1779807180,0.71684,0.71689,0.71684,0.71686,35
1779807240,0.71683,0.71686,0.71681,0.71681,39
1779807300,0.7168,0.7168,0.71679,0.71679,3
1779807360,0.71668,0.7167,0.71665,0.7167,14
1779807420,0.71661,0.71661,0.71656,0.71656,27
1779807480,0.71671,0.71678,0.71671,0.71673,37
1779807540,0.71678,0.71683,0.71678,0.71682,19
1779807660,0.71669,0.71672,0.71665,0.71666,41
1779807720,0.71661,0.71663,0.71647,0.71647,86
1779807780,0.71655,0.71656,0.71654,0.71656,8
1779807840,0.71661,0.71661,0.71659,0.71661,8
1779807900,0.71658,0.71666,0.71651,0.71661,91
1779807960,0.71658,0.71658,0.71651,0.71656,44
1779808020,0.71664,0.71665,0.71661,0.71664,42
1779808080,0.71662,0.71666,0.71661,0.71661,63
1779808140,0.71657,0.71658,0.71649,0.71656,52
1779808200,0.71649,0.71652,0.71645,0.71652,53
1779808260,0.71646,0.71652,0.71645,0.71651,21
1779808320,0.71654,0.71658,0.71654,0.71656,24
1779808380,0.71678,0.71679,0.71664,0.71667,43
1779808440,0.71681,0.71682,0.71672,0.71675,40
1779808560,0.71663,0.71664,0.71663,0.71663,6
1779808620,0.71649,0.71651,0.71645,0.71646,30
1779808680,0.71634,0.71637,0.7163,0.71637,40
1779808740,0.71644,0.71651,0.71641,0.71649,40
1779808860,0.71627,0.71627,0.71627,0.71627,2
1779808920,0.71629,0.7163,0.71626,0.71626,8
1779808980,0.71625,0.71625,0.71622,0.71623,12
1779809040,0.71617,0.71618,0.71612,0.71612,27
1779809100,0.71617,0.71621,0.71616,0.71617,22
1779809160,0.71621,0.71627,0.71621,0.71626,28
1779809220,0.7163,0.7163,0.71626,0.71626,40
1779809280,0.71618,0.71639,0.71618,0.71637,65
1779809340,0.71622,0.71626,0.71622,0.71625,7
1779809400,0.71617,0.71631,0.71617,0.71626,80
1779809460,0.71626,0.71631,0.71625,0.7163,25
1779809520,0.7161,0.71616,0.71607,0.71616,39
1779809580,0.71619,0.71626,0.71619,0.71625,39
1779809640,0.71622,0.71624,0.7162,0.71621,44
1779809760,0.71612,0.71613,0.71611,0.71611,5
1779809820,0.71584,0.71587,0.71583,0.71585,25
1779809880,0.71595,0.71595,0.71586,0.71586,28
1779809940,0.71598,0.71605,0.71596,0.71605,37
1779810000,0.71612,0.71614,0.71596,0.71598,91
1779810060,0.71599,0.71606,0.71599,0.71606,68
1779810120,0.71609,0.71609,0.71609,0.71609,2
1779810180,0.71612,0.71613,0.7161,0.7161,10
1779810240,0.71613,0.71614,0.71612,0.71613,18
1779810300,0.71607,0.71615,0.71599,0.71612,79
1779810360,0.71617,0.71617,0.71602,0.71604,37
1779810420,0.71608,0.71612,0.71605,0.71612,40
1779810480,0.71613,0.71613,0.7161,0.71612,45
1779810540,0.71612,0.71617,0.7161,0.7161,54
1779810600,0.7161,0.7161,0.71608,0.71608,3
1779810660,0.71609,0.71611,0.71608,0.7161,13
1779810720,0.71606,0.71608,0.71601,0.71606,31
1779810780,0.71606,0.71608,0.71603,0.71608,41
1779810840,0.71606,0.71606,0.71601,0.71603,40
1779810900,0.71604,0.7161,0.716,0.71601,112
1779810960,0.71602,0.71602,0.71592,0.71594,71
1779811020,0.71601,0.71604,0.71598,0.71602,20
1779811080,0.71604,0.71606,0.716,0.71602,24
1779811140,0.71602,0.71603,0.716,0.71601,25
1779811260,0.71606,0.71609,0.71602,0.71608,47
1779811320,0.71619,0.7162,0.71619,0.7162,9
1779811380,0.71616,0.71621,0.71616,0.71616,20
1779811440,0.71616,0.71618,0.71616,0.71618,23
1779811500,0.71618,0.71628,0.71618,0.71626,52
1779811560,0.71624,0.71626,0.71621,0.71621,19
1779811620,0.71615,0.71622,0.71615,0.71621,25
1779811680,0.71622,0.71622,0.71622,0.71622,2
1779811740,0.71623,0.71623,0.71623,0.71623,2
1779811800,0.71632,0.71632,0.71625,0.71631,70
1779811860,0.71631,0.71633,0.71631,0.71632,14
1779811920,0.71642,0.71642,0.71641,0.71641,19
1779811980,0.71632,0.71639,0.71632,0.71639,35
1779812040,0.71633,0.71638,0.71633,0.71635,49
1779812100,0.71636,0.71648,0.71635,0.71647,63
1779812160,0.71641,0.71641,0.71637,0.7164,15
1779812220,0.71643,0.71645,0.71642,0.71645,18
1779812280,0.71642,0.71645,0.7164,0.71645,29
1779812340,0.71652,0.71656,0.71652,0.71656,22
1779812400,0.71666,0.71667,0.71663,0.71666,56
1779812460,0.71668,0.71668,0.71655,0.71655,36
1779812520,0.71651,0.71651,0.7165,0.71651,3
1779812580,0.71654,0.71658,0.71653,0.71657,16
1779812640,0.71655,0.71656,0.71655,0.71656,9
1779812700,0.7166,0.71661,0.71645,0.71646,42
1779812760,0.71646,0.71648,0.71645,0.71648,31
1779812820,0.71648,0.71649,0.71645,0.71645,45
1779812880,0.71645,0.71645,0.71645,0.71645,1
1779812940,0.71649,0.71651,0.71649,0.7165,9
1779813000,0.7165,0.71656,0.71647,0.71656,52
1779813060,0.71656,0.71656,0.71655,0.71655,5
1779813120,0.71656,0.71656,0.71655,0.71656,9
1779813180,0.71656,0.71666,0.71651,0.71661,39
1779813240,0.71657,0.71659,0.71656,0.71657,44
1779813300,0.71658,0.71659,0.71657,0.71657,8
1779813360,0.71658,0.71658,0.71657,0.71657,12
1779813420,0.71634,0.71637,0.71631,0.71631,20
1779813480,0.71632,0.71632,0.71628,0.71632,24
1779813540,0.71634,0.71634,0.71632,0.71632,24
1779813660,0.71624,0.71624,0.71622,0.71622,5
1779813720,0.71621,0.71623,0.71621,0.71623,9
1779813780,0.71622,0.71626,0.71621,0.71625,24
1779813840,0.71633,0.71635,0.71633,0.71634,17
1779813900,0.7163,0.71637,0.71628,0.71637,74
1779813960,0.71635,0.71635,0.7163,0.7163,34
1779814020,0.71629,0.71631,0.71627,0.71629,43
1779814080,0.71623,0.71623,0.71622,0.71623,6
1779814140,0.71614,0.7162,0.71614,0.71616,27
1779814200,0.71616,0.71624,0.71616,0.71623,56
1779814260,0.7162,0.7162,0.71616,0.71616,19
1779814320,0.71621,0.71621,0.71611,0.71612,47
1779814380,0.71615,0.71619,0.71613,0.71617,55
1779814440,0.71616,0.71616,0.71615,0.71615,7
1779814500,0.71616,0.71617,0.71615,0.71616,15
1779814560,0.71625,0.71627,0.71623,0.71624,20
1779814620,0.71626,0.7163,0.71626,0.71627,39
1779814680,0.71628,0.71631,0.71626,0.71631,40
1779814740,0.71629,0.71629,0.71626,0.71628,16
1779814860,0.71631,0.71635,0.71631,0.71634,13
1779814920,0.71639,0.71639,0.71636,0.71638,9
1779814980,0.71635,0.71639,0.71635,0.71639,33
1779815040,0.71639,0.71639,0.71636,0.71637,21
1779815100,0.71632,0.71634,0.71628,0.7163,67
1779815160,0.71632,0.71634,0.71631,0.71631,32
1779815220,0.71635,0.71636,0.71634,0.71634,11
1779815280,0.71627,0.7163,0.71627,0.71629,13
1779815340,0.71626,0.71632,0.71626,0.71632,27
1779815400,0.71633,0.71636,0.7163,0.7163,26
1779815460,0.71638,0.71642,0.71635,0.71636,34
1779815520,0.71636,0.71637,0.71636,0.71636,6
1779815580,0.71637,0.71637,0.71637,0.71637,2
1779815640,0.71638,0.71641,0.71638,0.71641,11
1779815700,0.71636,0.71641,0.71636,0.71641,64
1779815760,0.71642,0.71642,0.7164,0.7164,14
1779815820,0.71639,0.7164,0.71636,0.71639,30
1779815880,0.71637,0.71641,0.71637,0.71641,20
1779815940,0.71637,0.7164,0.71637,0.71639,9
1779816000,0.71636,0.71639,0.71634,0.71637,64
1779816060,0.71636,0.71641,0.71636,0.71639,18
1779816120,0.71641,0.71642,0.7164,0.71642,29
1779816180,0.71635,0.7164,0.71635,0.71639,36
1779816240,0.7164,0.7164,0.71635,0.71637,31
1779816300,0.7164,0.71643,0.71636,0.71638,50
1779816360,0.71639,0.71641,0.71639,0.71639,10
1779816420,0.71641,0.71645,0.71641,0.71644,10
1779816480,0.71646,0.71647,0.71642,0.71642,20
1779816540,0.71636,0.7164,0.71636,0.71637,38
1779816660,0.71631,0.71631,0.71631,0.71631,2
1779816720,0.71634,0.71637,0.71634,0.71637,11
1779816780,0.71643,0.71643,0.71641,0.71643,22
1779816840,0.71638,0.7164,0.71638,0.71639,12
1779816900,0.71642,0.71642,0.71634,0.71639,47
1779816960,0.71637,0.71637,0.71635,0.71636,27
1779817020,0.71633,0.71633,0.71633,0.71633,2
1779817080,0.71634,0.71638,0.71634,0.71635,33
1779817140,0.71639,0.71641,0.71638,0.71638,17
1779817200,0.71633,0.71633,0.71622,0.71622,70
1779817260,0.71622,0.71625,0.71621,0.71621,12
1779817320,0.71621,0.71622,0.7162,0.71621,21
1779817380,0.7162,0.71626,0.7162,0.71621,30
1779817440,0.71624,0.71624,0.71621,0.71621,7
1779817500,0.71616,0.71619,0.71615,0.71618,50
1779817560,0.71622,0.71622,0.71619,0.71619,13
1779817620,0.71611,0.71612,0.7161,0.71612,8
1779817680,0.71622,0.71622,0.71619,0.71622,24
1779817740,0.7162,0.71623,0.71618,0.7162,32
1779817860,0.71621,0.71621,0.71621,0.71621,2
1779817920,0.71625,0.71626,0.71625,0.71626,7
1779817980,0.71625,0.71625,0.71625,0.71625,3
1779818040,0.71627,0.71627,0.71625,0.71625,16
1779818100,0.71625,0.71626,0.71623,0.71625,41
1779818160,0.71625,0.71625,0.71618,0.7162,26
1779818220,0.71619,0.7162,0.71614,0.71615,25
1779818280,0.71619,0.7162,0.71617,0.7162,26
1779818340,0.71619,0.7162,0.71619,0.7162,5
1779818460,0.7162,0.7162,0.71619,0.7162,11
1779818520,0.7162,0.7162,0.71618,0.71618,10
1779818580,0.71622,0.7163,0.71621,0.7163,37
1779818640,0.71629,0.71629,0.71626,0.71627,23
1779818700,0.71632,0.71632,0.71631,0.71631,6
1779818760,0.71634,0.71634,0.71631,0.71632,8
1779818820,0.71635,0.71638,0.71635,0.71638,9
1779818880,0.71634,0.71636,0.71634,0.71635,15
1779818940,0.71637,0.71638,0.71637,0.71637,18
1779819000,0.7164,0.71641,0.7164,0.71641,12
1779819060,0.71654,0.71655,0.7165,0.7165,36
1779819120,0.71649,0.71651,0.71646,0.71651,21
1779819180,0.71651,0.71651,0.71651,0.71651,2
1779819240,0.71653,0.71653,0.7165,0.7165,10
1779819300,0.71652,0.71656,0.7165,0.7165,58
1779819360,0.71651,0.71651,0.71649,0.7165,11
1779819420,0.71646,0.71649,0.71645,0.71647,28
1779819480,0.71651,0.71653,0.71649,0.71653,29
1779819540,0.7165,0.7165,0.7165,0.7165,2
1779819600,0.71657,0.71657,0.71657,0.71657,3
1779819660,0.71651,0.71651,0.71648,0.71649,18
1779819720,0.71653,0.71658,0.71653,0.71657,30
1779819780,0.71657,0.7166,0.71657,0.7166,37
1779819840,0.7166,0.71662,0.71651,0.71652,26
1779819900,0.7165,0.71652,0.7165,0.71651,32
1779819960,0.71653,0.71654,0.71653,0.71654,6
1779820020,0.71655,0.71657,0.71655,0.71656,14
1779820080,0.71656,0.71659,0.71655,0.71656,26
1779820140,0.7166,0.71665,0.7166,0.71665,28
1779820260,0.71669,0.71669,0.71668,0.71668,2
1779820320,0.71675,0.71675,0.71672,0.71673,15
1779820380,0.71672,0.71673,0.71671,0.71673,12
1779820440,0.71675,0.71675,0.7167,0.7167,16
1779820500,0.71674,0.71675,0.71669,0.71672,57
1779820560,0.71671,0.71672,0.71669,0.71671,28
1779820620,0.71667,0.71671,0.71667,0.7167,24
1779820680,0.71669,0.71675,0.71669,0.71675,7
1779820740,0.7167,0.71671,0.71669,0.7167,10
1779820800,0.71674,0.71675,0.71663,0.71665,54
1779820860,0.71661,0.71661,0.71659,0.7166,13
1779820920,0.7166,0.7166,0.71655,0.71656,31
1779820980,0.71661,0.71661,0.71659,0.71661,16
1779821040,0.71664,0.71665,0.71664,0.71665,8
1779821100,0.71665,0.71671,0.71665,0.71671,31
1779821160,0.71668,0.7167,0.71666,0.7167,15
1779821220,0.7167,0.71671,0.71668,0.7167,19
1779821280,0.7167,0.71673,0.71669,0.71673,18
1779821340,0.71676,0.71676,0.71673,0.71674,15
1779821400,0.7167,0.71671,0.7167,0.7167,3
1779821460,0.71676,0.71679,0.71676,0.71679,12
1779821520,0.71685,0.71686,0.71684,0.71686,13
1779821580,0.71687,0.7169,0.71685,0.71686,28
1779821640,0.71686,0.71686,0.71681,0.71681,24
1779821700,0.71684,0.71686,0.71684,0.71685,17
1779821760,0.7168,0.7168,0.71679,0.71679,24
1779821820,0.7168,0.71685,0.71675,0.71685,43
1779821880,0.71685,0.71688,0.71685,0.71688,8
1779821940,0.71684,0.71685,0.71684,0.71685,8
1779822060,0.71664,0.71669,0.71663,0.71668,16
1779822120,0.71668,0.71671,0.71668,0.7167,28
1779822180,0.71664,0.71675,0.71664,0.71675,16
1779822240,0.71675,0.71675,0.71674,0.71675,6
1779822300,0.71672,0.71675,0.7167,0.7167,47
1779822360,0.7167,0.71671,0.7167,0.7167,10
1779822420,0.71669,0.7167,0.71668,0.71668,16
1779822480,0.71665,0.71666,0.71664,0.71665,21
1779822540,0.71668,0.71672,0.71668,0.71672,18
1779822600,0.71672,0.71672,0.71672,0.71672,1
1779822660,0.71675,0.71676,0.71675,0.71675,6
1779822720,0.71678,0.71678,0.71674,0.71674,14
1779822780,0.71672,0.71674,0.71671,0.71673,27
1779822840,0.71675,0.71676,0.71673,0.71673,21
1779822900,0.71665,0.71667,0.71663,0.71665,42
1779822960,0.71664,0.71667,0.71662,0.71666,37
1779823020,0.71668,0.7167,0.71667,0.7167,5
1779823080,0.71672,0.71673,0.71671,0.71671,10
1779823140,0.71671,0.71671,0.71669,0.71669,15
1779823200,0.71669,0.71672,0.71669,0.71671,21
1779823260,0.71675,0.71675,0.71669,0.71669,31
1779823320,0.71672,0.71675,0.71672,0.71675,19
1779823380,0.71678,0.7168,0.71678,0.71679,8
1779823440,0.7168,0.71681,0.7168,0.7168,4
1779823500,0.71683,0.71684,0.7168,0.71684,34
1779823560,0.71685,0.71685,0.71682,0.71682,12
1779823620,0.71685,0.71685,0.7168,0.7168,21
1779823680,0.71681,0.71681,0.71676,0.71676,18
1779823740,0.71674,0.71678,0.71674,0.71677,25
1779823800,0.71675,0.7168,0.71675,0.7168,30
1779823860,0.71681,0.71681,0.7168,0.7168,5
1779823920,0.71685,0.71685,0.71684,0.71684,4
1779823980,0.71684,0.71684,0.71682,0.71683,8
1779824040,0.71684,0.71687,0.71684,0.71687,24
1779824100,0.7169,0.7169,0.71685,0.71685,13
1779824160,0.71686,0.71692,0.71685,0.71691,39
1779824220,0.7169,0.7169,0.7169,0.7169,1
1779824280,0.71689,0.71689,0.71689,0.71689,1
1779824340,0.7169,0.7169,0.7169,0.7169,1
1779824400,0.71686,0.71688,0.71685,0.71686,33
1779824460,0.71686,0.71689,0.71686,0.71687,18
1779824520,0.7169,0.71691,0.71689,0.7169,14
1779824580,0.7169,0.7169,0.71688,0.71688,10
1779824640,0.71692,0.71692,0.71692,0.71692,1
1779824700,0.71693,0.71693,0.7169,0.71692,26
1779824760,0.71694,0.71694,0.71691,0.71692,8
1779824820,0.71695,0.71695,0.71694,0.71695,8
1779824880,0.71695,0.71695,0.71694,0.71694,5
1779824940,0.71695,0.71697,0.71695,0.71697,16
1779825000,0.71702,0.71702,0.71695,0.71697,67
1779825060,0.71697,0.71699,0.71694,0.71694,21
1779825120,0.71697,0.71697,0.71696,0.71696,4
1779825180,0.71697,0.71698,0.71696,0.71698,12
1779825240,0.71697,0.71699,0.71696,0.71699,10
1779825300,0.71694,0.71698,0.71693,0.71696,46
1779825360,0.71698,0.71699,0.71688,0.7169,22
1779825420,0.7169,0.71693,0.71689,0.7169,30
1779825480,0.7169,0.7169,0.71685,0.71685,26
1779825540,0.71681,0.71681,0.71681,0.71681,2
1779825600,0.71686,0.71688,0.71683,0.71687,56
1779825660,0.71688,0.71693,0.71688,0.71691,12
1779825720,0.71693,0.71693,0.71692,0.71692,19
1779825780,0.71697,0.71698,0.71697,0.71697,7
1779825840,0.71698,0.71698,0.71694,0.71694,21
1779825900,0.71691,0.71693,0.7169,0.71691,22
1779825960,0.71684,0.71685,0.71683,0.71684,11
1779826020,0.71684,0.71685,0.71683,0.71683,5
1779826080,0.71685,0.71685,0.71683,0.71684,7
1779826140,0.71684,0.71684,0.71683,0.71683,4
1779826200,0.71679,0.71682,0.71679,0.71682,13
1779826260,0.71681,0.71681,0.7168,0.7168,7
1779826320,0.71684,0.71685,0.71684,0.71685,2
1779826380,0.71685,0.71685,0.71684,0.71684,4
1779826440,0.71684,0.71684,0.71681,0.71682,7
1779826500,0.7168,0.71682,0.7168,0.71681,18
1779826560,0.71681,0.71682,0.71681,0.71681,5
1779826620,0.71681,0.71681,0.71679,0.7168,11
1779826680,0.7168,0.7168,0.7168,0.7168,2
1779826740,0.71679,0.71679,0.71679,0.71679,1
1779826800,0.7168,0.7168,0.7168,0.7168,1
1779826860,0.71681,0.71681,0.71678,0.71679,9
1779826920,0.71679,0.71679,0.71679,0.71679,1
1779826980,0.71678,0.71679,0.71678,0.71679,6
1779827040,0.71679,0.71679,0.71676,0.71676,8
1779827100,0.71679,0.71679,0.71677,0.71677,8
1779827160,0.71679,0.71679,0.71679,0.71679,2
1779827220,0.7168,0.7168,0.7168,0.7168,2
1779827280,0.71684,0.71685,0.71684,0.71685,2
1779827340,0.71684,0.71685,0.71683,0.71684,11
1779827400,0.71678,0.7168,0.71678,0.71678,8
1779827460,0.71679,0.71679,0.71679,0.71679,2
1779827520,0.71684,0.71685,0.71684,0.71684,5
1779827580,0.71684,0.71684,0.71682,0.71684,14
1779827640,0.71679,0.7168,0.71679,0.71679,6
1779827700,0.71679,0.71681,0.71679,0.7168,19
1779827760,0.71679,0.7168,0.71679,0.7168,4
1779827820,0.71686,0.71686,0.71685,0.71685,6
1779827880,0.71683,0.71683,0.71681,0.71681,5
1779827940,0.71681,0.71682,0.71679,0.71679,11
1779828000,0.71677,0.71679,0.71677,0.71678,8
1779828060,0.71678,0.71678,0.71678,0.71678,2
1779828120,0.71678,0.71678,0.71678,0.71678,2
1779828180,0.71677,0.71678,0.71677,0.71678,4
1779828240,0.71677,0.71677,0.71676,0.71676,4
1779828300,0.71674,0.71677,0.71674,0.71677,6
1779828360,0.71676,0.71676,0.71674,0.71675,8
1779828420,0.71676,0.71677,0.71675,0.71676,7
1779828480,0.71676,0.71677,0.71673,0.71675,13
1779828540,0.71676,0.71676,0.71675,0.71676,4
1779828600,0.71674,0.71674,0.71669,0.7167,17
1779828660,0.71662,0.71664,0.71661,0.71661,5
1779828720,0.71663,0.71664,0.71663,0.71664,4
1779828780,0.71662,0.71664,0.71662,0.71664,4
1779828840,0.71664,0.71664,0.71663,0.71663,4
1779828900,0.71668,0.71671,0.71666,0.7167,27
1779828960,0.7167,0.7167,0.71665,0.71666,15
1779829020,0.71666,0.71666,0.71666,0.71666,2
1779829080,0.71665,0.71665,0.71665,0.71665,4
1779829260,0.71678,0.71678,0.71678,0.71678,2
1779829800,0.7168,0.7168,0.7168,0.7168,1
1779829860,0.7168,0.7168,0.7168,0.7168,1
1779829920,0.7168,0.7168,0.7168,0.7168,1
1779829980,0.7168,0.7168,0.7168,0.7168,3
1779830040,0.71678,0.71678,0.71678,0.71678,2
1779830100,0.71661,0.7168,0.71651,0.7168,12
1779830160,0.71678,0.71678,0.71678,0.71678,1
1779830220,0.71666,0.71666,0.71656,0.71656,6
1779830280,0.7166,0.7166,0.71651,0.71651,9
1779830340,0.71677,0.71677,0.71677,0.71677,1
1779830400,0.71663,0.71674,0.71661,0.71674,5
1779830460,0.71656,0.71656,0.71656,0.71656,1
1779830520,0.71654,0.71654,0.71654,0.71654,1
1779830580,0.71653,0.71653,0.71652,0.71652,2
1779830640,0.71652,0.71652,0.71651,0.71651,2
1779830700,0.71651,0.71651,0.71651,0.71651,1
1779830820,0.71651,0.71651,0.71651,0.71651,1
1779830880,0.71651,0.71651,0.71651,0.71651,1
1779831000,0.71647,0.71647,0.71647,0.71647,1
1779831060,0.71648,0.71648,0.71648,0.71648,1
1779831120,0.71646,0.71646,0.71646,0.71646,1
1779831180,0.71646,0.71646,0.71646,0.71646,1
1779831240,0.71645,0.71645,0.71645,0.71645,1
1779831300,0.71647,0.71654,0.71646,0.71654,4
1779831360,0.71649,0.71649,0.71649,0.71649,3
1779831480,0.71649,0.71649,0.71649,0.71649,1
1779831540,0.71649,0.71649,0.71649,0.71649,1
1779831600,0.71649,0.71649,0.71649,0.71649,2
1779831660,0.71649,0.71649,0.71649,0.71649,1
1779831720,0.71649,0.71649,0.71649,0.71649,2
1779831900,0.71649,0.71649,0.71649,0.71649,1
1779831960,0.71649,0.71649,0.71649,0.71649,1
1779832020,0.71657,0.71657,0.71657,0.71657,2
1779832140,0.71649,0.71661,0.71649,0.71656,10
1779832200,0.71653,0.71662,0.71653,0.71662,4
1779832260,0.71657,0.71657,0.71656,0.71656,2
1779832380,0.71657,0.71657,0.71656,0.71656,2
1779832440,0.71656,0.71656,0.71656,0.71656,1
1779832500,0.71669,0.71669,0.71665,0.71665,5
1779832560,0.71666,0.71666,0.71665,0.71665,3
1779832620,0.71666,0.71666,0.71665,0.71665,4
1779832680,0.71663,0.71663,0.71663,0.71663,2
1779832740,0.71663,0.71669,0.71663,0.71669,5
1779832860,0.71685,0.71686,0.71685,0.71686,2
1779832920,0.71683,0.71685,0.71683,0.71684,5
1779832980,0.71681,0.71681,0.7168,0.7168,8
1779833040,0.71681,0.71682,0.71679,0.71682,20
1779833100,0.71679,0.71681,0.71673,0.71677,45
1779833160,0.71678,0.71678,0.71674,0.71675,11
1779833220,0.71678,0.71678,0.71676,0.71676,3
1779833280,0.71674,0.71678,0.71674,0.71678,4
1779833340,0.71667,0.7167,0.71667,0.71669,10
1779833400,0.71669,0.7167,0.71668,0.71668,16
1779833460,0.71665,0.71668,0.71665,0.71668,8
1779833520,0.71669,0.71669,0.71666,0.71667,9
1779833580,0.71672,0.71672,0.71672,0.71672,2
1779833640,0.71672,0.71673,0.71672,0.71672,4
1779833700,0.71671,0.71674,0.7167,0.71673,18
1779833760,0.71673,0.71673,0.7167,0.71671,6
1779833820,0.71673,0.71674,0.71671,0.71674,9
1779833880,0.71674,0.71674,0.71673,0.71674,3
1779833940,0.71674,0.71674,0.71674,0.71674,2
1779834000,0.71678,0.71678,0.71677,0.71677,3
1779834060,0.71675,0.71675,0.71675,0.71675,2
1779834120,0.71677,0.71679,0.71675,0.71675,14
1779834180,0.71674,0.71678,0.71674,0.71678,12
1779834240,0.71676,0.71676,0.71676,0.71676,2
1779834360,0.71679,0.71679,0.71679,0.71679,2
1779834420,0.71679,0.71679,0.71677,0.71678,6
1779834480,0.71677,0.71677,0.71675,0.71675,5
1779834540,0.71673,0.71673,0.7167,0.7167,8
1779834600,0.7167,0.71673,0.7167,0.71672,13
1779834660,0.71674,0.71674,0.71671,0.71671,17
1779834720,0.71677,0.71678,0.71676,0.71676,10
1779834780,0.71676,0.71676,0.71675,0.71676,6
1779834840,0.71675,0.71676,0.71675,0.71676,4
1779834900,0.71677,0.71677,0.71675,0.71675,12
1779834960,0.71674,0.71674,0.71671,0.71671,13
1779835020,0.71671,0.71671,0.7167,0.7167,2
1779835140,0.71672,0.71675,0.71672,0.71675,8
1779835200,0.71677,0.7168,0.71676,0.7168,17
1779835260,0.71681,0.71681,0.7168,0.7168,5
1779835320,0.7168,0.7168,0.71678,0.71679,9
1779835380,0.7168,0.71681,0.7168,0.7168,3
1779835440,0.7168,0.7168,0.71674,0.71675,11
1779835560,0.71673,0.71676,0.71672,0.71672,13
1779835620,0.71671,0.71671,0.7167,0.7167,4
1779835680,0.71669,0.7167,0.71669,0.7167,4
1779835740,0.71663,0.71663,0.71663,0.71663,1
1779835800,0.71665,0.71668,0.71664,0.71668,10
1779835860,0.71668,0.71668,0.71668,0.71668,2
1779835920,0.71669,0.71669,0.71669,0.71669,4
1779835980,0.7167,0.71671,0.71669,0.7167,8
1779836040,0.71668,0.71668,0.71668,0.71668,2
1779836100,0.71668,0.71669,0.71668,0.71668,6
1779836160,0.7167,0.71675,0.71669,0.71675,23
1779836220,0.71676,0.71676,0.71674,0.71675,6
1779836280,0.71678,0.71678,0.71678,0.71678,1
1779836340,0.71676,0.71676,0.71675,0.71676,7
1779836400,0.71675,0.71684,0.71674,0.71682,50
1779836460,0.71681,0.71682,0.71679,0.7168,19
1779836520,0.7168,0.7168,0.71679,0.7168,3
1779836580,0.7168,0.7168,0.7168,0.7168,1
1779836640,0.71681,0.71681,0.7168,0.7168,5
1779836700,0.7168,0.7168,0.71679,0.71679,3
1779836760,0.7168,0.7168,0.7168,0.7168,2
1779836820,0.71683,0.71684,0.71682,0.71684,8
1779836880,0.7168,0.7168,0.71679,0.7168,3
1779836940,0.71679,0.71679,0.71679,0.71679,3
1779837000,0.71679,0.71681,0.71679,0.71679,12
1779837060,0.7168,0.71681,0.71679,0.71681,6
1779837120,0.7168,0.7168,0.71679,0.7168,5
1779837300,0.7168,0.7168,0.7168,0.7168,1
1779837360,0.7168,0.71684,0.7168,0.71682,11
1779837420,0.7168,0.7168,0.71679,0.71679,4
1779837480,0.7168,0.7168,0.71679,0.71679,5
1779837540,0.7168,0.71681,0.7168,0.7168,9
1779837600,0.71685,0.71686,0.71684,0.71685,16
1779837660,0.71685,0.7169,0.71685,0.71689,20
1779837720,0.71689,0.7169,0.71688,0.7169,11
1779837780,0.71689,0.71689,0.71689,0.71689,2
1779837840,0.71687,0.71687,0.71685,0.71685,8
1779837900,0.7169,0.7169,0.7169,0.7169,1
1779837960,0.71689,0.71691,0.71689,0.71691,16
1779838020,0.71692,0.71694,0.71691,0.71693,13
1779838080,0.71699,0.71699,0.71693,0.71694,22
1779838140,0.71696,0.71697,0.71696,0.71697,5
1779838200,0.717,0.717,0.71698,0.71698,19
1779838260,0.71708,0.71709,0.71708,0.71709,14
1779838320,0.71709,0.71709,0.71708,0.71709,15
1779838380,0.7171,0.7171,0.7171,0.7171,3
1779838440,0.71716,0.71716,0.71713,0.71714,14
1779838500,0.71715,0.71715,0.71715,0.71715,2
1779838560,0.71714,0.71714,0.71712,0.71712,3
1779838620,0.71714,0.71714,0.71714,0.71714,2
1779838680,0.71712,0.71712,0.71712,0.71712,2
1779838740,0.71719,0.7172,0.71718,0.7172,6
1779838800,0.71719,0.71719,0.71719,0.71719,3
1779838860,0.71719,0.71722,0.71719,0.71721,11
1779838980,0.71723,0.71723,0.71723,0.71723,2
1779839040,0.71728,0.7173,0.71728,0.7173,6
1779839100,0.71737,0.71744,0.71732,0.71737,54
1779839160,0.71736,0.71736,0.7173,0.71732,26
1779839220,0.71734,0.71738,0.71733,0.71733,18
1779839280,0.71733,0.71734,0.71732,0.71733,12
1779839340,0.71738,0.71739,0.71733,0.71733,11
1779839400,0.7172,0.7172,0.71713,0.71719,39
1779839460,0.71718,0.71719,0.71718,0.71718,8
1779839520,0.71719,0.71731,0.71719,0.71724,15
1779839580,0.71718,0.71718,0.71717,0.71718,5
1779839640,0.71717,0.7172,0.71717,0.71718,17
1779839700,0.71717,0.71717,0.71713,0.71713,9
1779839760,0.71711,0.71713,0.71711,0.71712,7
1779839820,0.71708,0.71709,0.71707,0.71709,8
1779839880,0.71711,0.71711,0.7171,0.7171,7
1779839940,0.71705,0.71706,0.71703,0.71706,30
1779840060,0.71714,0.71721,0.71714,0.71718,45
1779840120,0.71716,0.71719,0.71716,0.71718,14
1779840180,0.71717,0.71717,0.71713,0.71714,20
1779840240,0.71709,0.71713,0.71708,0.71712,20
1779840300,0.71709,0.71711,0.71705,0.7171,29
1779840360,0.7171,0.71711,0.71703,0.71705,39
1779840420,0.71698,0.71706,0.71697,0.71698,53
1779840480,0.71695,0.71698,0.71694,0.71698,9
1779840540,0.71698,0.717,0.71698,0.717,8
1779840600,0.71696,0.71697,0.71694,0.71695,19
1779840660,0.71696,0.71697,0.71695,0.71696,15
1779840720,0.7169,0.71703,0.71688,0.71702,16
1779840780,0.71714,0.71718,0.71713,0.71718,38
1779840840,0.71714,0.71717,0.71713,0.71716,28
1779840900,0.71713,0.71715,0.71712,0.71714,37
1779840960,0.71703,0.71709,0.71703,0.71709,16
1779841020,0.71717,0.71719,0.71716,0.71719,20
1779841080,0.71714,0.71715,0.71711,0.71715,36
1779841140,0.71711,0.71713,0.71709,0.71709,34
1779841200,0.7171,0.71711,0.7171,0.71711,3
1779841260,0.71704,0.71709,0.71704,0.71709,7
1779841320,0.71707,0.7171,0.71707,0.7171,15
1779841380,0.7171,0.7171,0.71708,0.71708,12
1779841440,0.71726,0.7173,0.71725,0.71725,32
1779841500,0.71724,0.7173,0.71724,0.71728,52
1779841560,0.71729,0.7173,0.71727,0.71729,20
1779841620,0.7173,0.7173,0.71728,0.71729,11
1779841680,0.71739,0.71739,0.71738,0.71738,5
1779841740,0.7175,0.7175,0.71746,0.71747,18
1779841800,0.71748,0.71751,0.71744,0.7175,44
1779841860,0.71749,0.71751,0.71747,0.71751,21
1779841920,0.71754,0.71755,0.71753,0.71755,11
1779841980,0.71754,0.71757,0.71753,0.71757,10
1779842040,0.71763,0.71764,0.71762,0.71763,8
1779842100,0.71763,0.71765,0.7176,0.71764,30
1779842160,0.71763,0.71765,0.71762,0.71765,21
1779842220,0.71769,0.71775,0.71768,0.71775,33
1779842280,0.71771,0.71774,0.71768,0.71769,47
1779842340,0.71763,0.71765,0.71763,0.71764,6
1779842400,0.71764,0.71767,0.71764,0.71767,7
1779842460,0.71768,0.71769,0.71762,0.71762,23
1779842520,0.71763,0.7177,0.71763,0.71768,25
1779842580,0.71774,0.71775,0.71771,0.71773,20
1779842640,0.71776,0.71777,0.71774,0.71775,20
1779842700,0.71775,0.71782,0.71775,0.7178,37
1779842760,0.71786,0.71791,0.71786,0.71791,12
1779842820,0.71789,0.7179,0.71788,0.7179,8
1779842880,0.71795,0.71796,0.71794,0.71795,13
1779842940,0.71791,0.71791,0.7179,0.71791,11
1779843060,0.71785,0.71788,0.71785,0.71786,6
1779843120,0.71789,0.71789,0.71786,0.71786,9
1779843180,0.71785,0.71786,0.7178,0.7178,20
1779843240,0.7178,0.71782,0.7178,0.71781,30
1779843300,0.71765,0.71776,0.71762,0.71776,71
1779843360,0.71774,0.71775,0.71769,0.71769,46
1779843420,0.71768,0.71769,0.71768,0.71769,4
1779843480,0.71759,0.71759,0.71756,0.71756,14
1779843540,0.71749,0.7175,0.71748,0.71748,22
1779843660,0.71757,0.71763,0.71754,0.71757,66
1779843720,0.71757,0.71761,0.71754,0.71759,54
1779843780,0.71755,0.71759,0.71755,0.71759,7
1779843840,0.7176,0.71761,0.7176,0.7176,3
1779843900,0.7176,0.7176,0.71748,0.71748,35
1779843960,0.71751,0.71755,0.71745,0.71755,38
1779844020,0.71754,0.71755,0.71753,0.71754,24
1779844080,0.71755,0.71755,0.7175,0.71753,30
1779844140,0.71751,0.71758,0.71749,0.71755,37
1779844200,0.71758,0.71764,0.71758,0.71764,10
1779844260,0.71776,0.71776,0.7177,0.7177,8
1779844320,0.7176,0.71762,0.7176,0.71762,11
1779844380,0.71765,0.71765,0.71764,0.71764,9
1779844440,0.71768,0.71769,0.71767,0.71769,15
1779844560,0.71769,0.7177,0.71769,0.7177,7
1779844620,0.7177,0.7177,0.71767,0.71767,10
1779844680,0.71779,0.71779,0.71777,0.71777,8
1779844740,0.71782,0.71782,0.7178,0.7178,11
1779844800,0.71769,0.71772,0.71765,0.7177,30
1779844860,0.71777,0.71779,0.71777,0.71777,28
1779844920,0.71777,0.71778,0.71774,0.71775,22
1779844980,0.71781,0.71782,0.71781,0.71782,3
1779845040,0.71786,0.71786,0.71782,0.71783,22
1779845100,0.71774,0.71775,0.71774,0.71774,12
1779845160,0.71774,0.71774,0.71769,0.7177,14
1779845220,0.71763,0.71763,0.7176,0.7176,18
1779845280,0.71754,0.71756,0.71752,0.71753,25
1779845340,0.71761,0.71768,0.71761,0.71768,28
1779845400,0.71764,0.71764,0.71676,0.71684,136
1779845460,0.7164,0.7164,0.71634,0.71637,16
1779845520,0.7158,0.71591,0.71558,0.71591,55
1779845580,0.71609,0.71616,0.71594,0.71598,64
1779845640,0.71588,0.71607,0.71585,0.71605,59
1779845760,0.71597,0.71597,0.71595,0.71595,13
1779845820,0.71584,0.71591,0.7158,0.7159,24
1779845880,0.71619,0.71626,0.71618,0.71625,18
1779845940,0.71592,0.71595,0.7158,0.7158,32
1779846000,0.71575,0.71596,0.71575,0.71596,84
1779846060,0.71595,0.716,0.71591,0.71599,35
1779846120,0.71605,0.71621,0.71605,0.71616,60
1779846180,0.71614,0.71615,0.71609,0.71609,10
1779846240,0.71615,0.71615,0.71614,0.71615,10
1779846300,0.71614,0.7162,0.71614,0.71614,70
1779846360,0.7161,0.71611,0.71594,0.71595,21
1779846420,0.71575,0.71575,0.71568,0.71569,32
1779846480,0.71559,0.71571,0.71559,0.7157,39
1779846540,0.71578,0.71578,0.71571,0.71575,18
1779846600,0.71585,0.71585,0.71584,0.71584,6
1779846660,0.71571,0.71571,0.7157,0.7157,9
1779846720,0.71564,0.71564,0.7156,0.7156,13
1779846780,0.7155,0.71557,0.71545,0.71548,42
1779846840,0.71545,0.71546,0.71543,0.71545,29
1779846900,0.71529,0.71541,0.71529,0.71541,53
1779846960,0.7154,0.7154,0.7154,0.7154,1
1779847020,0.71549,0.7155,0.71547,0.71547,8
1779847080,0.7154,0.71543,0.71539,0.71543,11
1779847140,0.7156,0.71562,0.71559,0.7156,19
1779847260,0.71579,0.71606,0.71573,0.71585,97
1779847320,0.71591,0.71592,0.71586,0.71592,12
1779847380,0.71565,0.71565,0.71552,0.71557,32
1779847440,0.7159,0.71591,0.71584,0.7159,35
1779847500,0.716,0.716,0.71587,0.71593,68
1779847560,0.71603,0.71622,0.71603,0.71622,71
1779847620,0.716,0.71603,0.71592,0.71597,91
1779847680,0.71614,0.71614,0.71614,0.71614,2
1779847740,0.71629,0.71631,0.71629,0.7163,10
1779847800,0.71633,0.71636,0.71632,0.71635,20
1779847860,0.71624,0.71631,0.71624,0.71629,22
1779847920,0.7163,0.7164,0.7163,0.7164,42
1779847980,0.71623,0.71624,0.71618,0.71623,29
1779848040,0.71613,0.71613,0.71613,0.71613,4
1779848100,0.71619,0.71619,0.71609,0.71614,53
1779848160,0.71616,0.71618,0.71615,0.71615,20
1779848220,0.7162,0.7162,0.71618,0.71618,15
1779848280,0.71617,0.71618,0.71608,0.7161,41
1779848340,0.71609,0.71609,0.71597,0.71599,37
1779848460,0.716,0.716,0.71593,0.71593,6
1779848520,0.71582,0.71583,0.71574,0.71575,15
1779848580,0.71571,0.71574,0.71571,0.71572,19
1779848640,0.71572,0.71579,0.71572,0.71577,28
1779848700,0.71591,0.71604,0.71589,0.71599,87
1779848760,0.71601,0.71603,0.71597,0.71599,40
1779848820,0.7159,0.71591,0.7159,0.71591,2
1779848880,0.71588,0.7159,0.71587,0.71588,16
1779848940,0.71574,0.71579,0.71574,0.71579,19
1779849000,0.71573,0.71578,0.7157,0.71577,78
1779849060,0.7158,0.71582,0.71577,0.7158,32
1779849120,0.71587,0.71587,0.71574,0.71579,33
1779849180,0.71574,0.71575,0.71574,0.71575,2
1779849240,0.71577,0.71581,0.71574,0.71581,17
1779849300,0.71592,0.71592,0.71579,0.71584,63
1779849360,0.71582,0.71582,0.71579,0.7158,35
1779849420,0.71582,0.71584,0.71578,0.71582,26
1779849480,0.71582,0.71585,0.7158,0.71583,26
1779849540,0.7158,0.71582,0.71577,0.7158,32
1779849600,0.71579,0.71591,0.71579,0.71588,54
1779849660,0.71591,0.71592,0.7159,0.7159,15
1779849720,0.71602,0.71606,0.716,0.71605,37
1779849780,0.71601,0.71601,0.71585,0.71586,30
1779849840,0.71591,0.71597,0.71589,0.7159,30
1779849900,0.71589,0.71589,0.71588,0.71588,5
1779849960,0.71592,0.71592,0.71591,0.71592,6
1779850020,0.71598,0.71599,0.71598,0.71599,14
1779850080,0.71601,0.71614,0.71601,0.71614,23
1779850140,0.7161,0.71613,0.71609,0.71613,21
1779850200,0.71619,0.71621,0.71618,0.71619,15
1779850260,0.71619,0.71625,0.71618,0.71625,18
1779850320,0.71636,0.71636,0.71635,0.71635,4
1779850380,0.71635,0.71642,0.71635,0.71642,18
1779850440,0.71654,0.71655,0.71647,0.71647,20
1779850500,0.71639,0.7164,0.71631,0.71631,56
1779850560,0.71632,0.71632,0.71621,0.71624,36
1779850620,0.71621,0.71622,0.71621,0.71621,7
1779850680,0.7161,0.71615,0.7161,0.71613,16
1779850740,0.71613,0.71614,0.71612,0.71613,19
1779850860,0.7162,0.71626,0.71619,0.71624,44
1779850920,0.7163,0.71631,0.7163,0.7163,4
1779850980,0.71636,0.7164,0.71636,0.7164,13
1779851040,0.71668,0.71669,0.71658,0.71659,28
1779851100,0.7166,0.71661,0.71646,0.71654,69
1779851160,0.71649,0.71662,0.71648,0.71662,28
1779851220,0.71655,0.71655,0.71655,0.71655,1
1779851280,0.71646,0.7165,0.71646,0.7165,17
1779851340,0.71654,0.71658,0.71654,0.71658,12
1779851400,0.71661,0.71661,0.71648,0.7165,52
1779851460,0.7165,0.7165,0.71641,0.71641,9
1779851520,0.71637,0.7164,0.71637,0.7164,27
1779851580,0.71632,0.71632,0.71632,0.71632,2
1779851640,0.71629,0.71629,0.71628,0.71628,4
1779851700,0.71625,0.71628,0.71622,0.71622,43
1779851760,0.71619,0.7162,0.71618,0.71618,10
1779851820,0.71613,0.71615,0.71611,0.71611,31
1779851880,0.71625,0.71632,0.71625,0.71632,31
1779851940,0.7162,0.7162,0.71618,0.71619,21
1779852000,0.71619,0.71619,0.71612,0.71614,30
1779852060,0.71613,0.71614,0.71608,0.71608,11
1779852120,0.71604,0.71605,0.71604,0.71605,10
1779852180,0.71606,0.71612,0.71606,0.7161,30
1779852240,0.71605,0.71605,0.71604,0.71604,18
1779852300,0.7161,0.71611,0.71594,0.71595,63
1779852360,0.71596,0.71604,0.71596,0.71601,45
1779852420,0.71608,0.7161,0.71606,0.71606,8
1779852480,0.71607,0.71608,0.71606,0.71608,4
1779852540,0.71604,0.71604,0.71602,0.71602,12
1779852600,0.71616,0.71624,0.71616,0.71622,72
1779852660,0.71621,0.71621,0.71618,0.71619,13
1779852720,0.71623,0.71628,0.71616,0.71618,31
1779852780,0.71623,0.71623,0.71619,0.71619,24
1779852840,0.71612,0.71615,0.71612,0.71615,5
1779852900,0.71607,0.71612,0.71606,0.7161,59
1779852960,0.7161,0.71611,0.71609,0.7161,10
1779853020,0.71599,0.71599,0.7159,0.71594,33
1779853080,0.71581,0.71595,0.7158,0.71594,46
1779853140,0.71599,0.71599,0.7159,0.71593,32
1779853260,0.71594,0.71594,0.71588,0.7159,12
1779853320,0.71589,0.71591,0.71588,0.71591,10
1779853380,0.71588,0.71589,0.71584,0.71586,17
1779853440,0.71585,0.71585,0.71579,0.7158,20
1779853500,0.71583,0.71587,0.71581,0.71586,50
1779853560,0.71585,0.71588,0.71584,0.71585,27
1779853620,0.71586,0.71586,0.71586,0.71586,3
1779853680,0.7159,0.71591,0.71589,0.71589,9
1779853740,0.71583,0.71583,0.71582,0.71582,4
1779853800,0.7158,0.7158,0.71573,0.71576,56
1779853860,0.71578,0.71582,0.71578,0.71582,17
1779853920,0.71587,0.71589,0.71587,0.71589,5
1779853980,0.71591,0.71596,0.71591,0.71596,10
1779854040,0.71602,0.71607,0.71601,0.71602,36
1779854100,0.71603,0.71603,0.71589,0.71591,59
1779854160,0.71589,0.71594,0.71587,0.71592,22
1779854220,0.71596,0.71597,0.71594,0.71595,24
1779854280,0.71599,0.71599,0.71598,0.71598,7
1779854340,0.71606,0.71606,0.71598,0.71599,9
1779854460,0.71599,0.71603,0.71598,0.71601,27
1779854520,0.71604,0.71604,0.71598,0.71599,23
1779854580,0.71592,0.71594,0.71578,0.71581,53
1779854640,0.71578,0.71584,0.71576,0.71583,16
1779854700,0.7159,0.71591,0.71586,0.71586,46
1779854760,0.71589,0.71591,0.71589,0.7159,14
1779854820,0.71595,0.71598,0.71595,0.71598,19
1779854880,0.71605,0.7161,0.71603,0.71604,38
1779854940,0.71601,0.71603,0.71599,0.716,17
1779855000,0.71609,0.71609,0.71607,0.71607,10
1779855060,0.71603,0.71603,0.71602,0.71602,5
1779855120,0.71603,0.71606,0.71603,0.71605,19
1779855180,0.71606,0.71614,0.71606,0.71614,20
1779855240,0.71618,0.71623,0.71616,0.71623,37
1779855360,0.71611,0.71612,0.71611,0.71612,5
1779855420,0.71615,0.71615,0.71613,0.71614,10
1779855480,0.71605,0.71605,0.71603,0.71605,18
1779855540,0.7161,0.7161,0.71607,0.71609,19
1779855600,0.71605,0.71612,0.71604,0.71608,53
1779855660,0.71609,0.7161,0.71608,0.7161,21
1779855720,0.71623,0.71625,0.71623,0.71625,13
1779855780,0.71625,0.71626,0.71619,0.71624,40
1779855840,0.71629,0.7163,0.71629,0.7163,21
1779855900,0.71628,0.71629,0.71627,0.71628,4
1779855960,0.71622,0.71623,0.71618,0.71623,21
1779856020,0.71608,0.71618,0.71607,0.71618,32
1779856080,0.71616,0.71619,0.71611,0.71611,39
1779856140,0.71607,0.71607,0.71607,0.71607,2
1779856200,0.71594,0.71605,0.71593,0.71604,45
1779856260,0.71602,0.71603,0.71601,0.71601,10
1779856320,0.71596,0.71597,0.71595,0.71596,17
1779856380,0.71601,0.71601,0.71598,0.716,27
1779856440,0.71605,0.71608,0.71604,0.71607,25
1779856560,0.71603,0.71603,0.71603,0.71603,5
1779856620,0.71595,0.71596,0.71593,0.71593,18
1779856680,0.71595,0.71595,0.71593,0.71593,9
1779856740,0.71591,0.71592,0.7159,0.7159,10
1779856800,0.71611,0.71612,0.71608,0.71608,36
1779856860,0.7161,0.7161,0.71607,0.71608,30
1779856920,0.71605,0.71605,0.71605,0.71605,4
1779856980,0.71603,0.71603,0.71602,0.71602,5
1779857040,0.71611,0.71613,0.71609,0.71611,18
1779857100,0.71631,0.71636,0.71627,0.71631,72
1779857160,0.71632,0.71633,0.71628,0.71628,23
1779857220,0.71631,0.71637,0.71631,0.71635,33
1779857280,0.71633,0.71633,0.71633,0.71633,1
1779857340,0.71623,0.71625,0.7162,0.7162,6
1779857400,0.71636,0.71637,0.71633,0.71636,40
1779857460,0.71636,0.71638,0.71634,0.71637,9
1779857520,0.71633,0.71634,0.71633,0.71633,5
1779857580,0.71627,0.71629,0.71619,0.71623,37
1779857640,0.71627,0.71627,0.71623,0.71623,18
1779857700,0.71624,0.71628,0.71624,0.71626,27
1779857760,0.71614,0.71614,0.71614,0.71614,2
1779857820,0.71608,0.71608,0.71606,0.71608,10
1779857880,0.7161,0.7161,0.71606,0.71608,18
1779857940,0.71612,0.71614,0.71612,0.71613,13
1779858060,0.71606,0.71616,0.71606,0.71614,26
1779858120,0.71609,0.71611,0.71607,0.71607,16
1779858180,0.71595,0.71599,0.71595,0.71599,16
1779858240,0.71604,0.71611,0.71604,0.71611,15
1779858360,0.71614,0.71614,0.71613,0.71614,5
1779858420,0.71608,0.7161,0.71608,0.71609,11
1779858480,0.71614,0.71615,0.71613,0.71614,18
1779858540,0.71613,0.71614,0.71612,0.71613,9
1779858600,0.71622,0.71625,0.71616,0.71622,60
1779858660,0.71621,0.71622,0.71618,0.71622,25
1779858720,0.71623,0.71623,0.71618,0.7162,29
1779858780,0.71609,0.71612,0.71608,0.7161,12
1779858840,0.71607,0.71608,0.71607,0.71608,6
1779858900,0.71619,0.7162,0.71611,0.71613,69
1779858960,0.71607,0.7161,0.71606,0.71609,29
1779859020,0.71604,0.71605,0.71599,0.71603,22
1779859080,0.71602,0.71605,0.716,0.71605,33
1779859140,0.71597,0.71597,0.71597,0.71597,1
1779859200,0.71599,0.71599,0.71597,0.71597,9
1779859260,0.71595,0.71595,0.71593,0.71594,18
1779859320,0.71609,0.71611,0.71608,0.7161,28
1779859380,0.71601,0.71602,0.71599,0.71601,28
1779859440,0.71601,0.71612,0.71601,0.71612,34
1779859500,0.71614,0.71614,0.71609,0.7161,17
1779859560,0.71601,0.71606,0.71601,0.71606,17
1779859620,0.71609,0.71614,0.71609,0.71612,13
1779859680,0.7161,0.71614,0.7161,0.71611,13
1779859740,0.716,0.71614,0.71598,0.71612,48
1779859800,0.71615,0.71615,0.71615,0.71615,1
1779859860,0.7162,0.71621,0.71618,0.71618,19
1779859920,0.71603,0.71603,0.71593,0.71596,26
1779859980,0.71586,0.71587,0.71578,0.71584,42
1779860040,0.7158,0.7158,0.71566,0.71571,42
1779860100,0.71575,0.71577,0.7156,0.71565,82
1779860160,0.7157,0.7159,0.7157,0.71578,39
1779860220,0.71588,0.71595,0.71587,0.71592,58
1779860280,0.71579,0.7158,0.71578,0.71579,8
1779860340,0.71594,0.71594,0.7159,0.7159,6
1779860400,0.71585,0.7159,0.71585,0.71589,13
1779860460,0.71584,0.71585,0.71578,0.71578,22
1779860520,0.71586,0.71589,0.71579,0.71581,45
1779860580,0.71574,0.71579,0.71573,0.71573,27
1779860640,0.71573,0.71573,0.71573,0.71573,1
1779860700,0.71576,0.71576,0.71564,0.71571,65
1779860760,0.7157,0.7158,0.7157,0.7158,25
1779860820,0.71586,0.71588,0.71584,0.71587,24
1779860880,0.71575,0.71575,0.71564,0.71565,32
1779860940,0.71569,0.71574,0.71562,0.71574,53
1779861000,0.71571,0.71571,0.7157,0.7157,4
1779861060,0.71578,0.71578,0.71577,0.71577,6
1779861120,0.71572,0.71578,0.71572,0.71578,23
1779861180,0.71579,0.7158,0.71574,0.71574,19
1779861240,0.71572,0.71575,0.71572,0.71574,22
1779861300,0.71572,0.71577,0.71563,0.71564,33
1779861360,0.71569,0.71575,0.71568,0.71573,49
1779861420,0.71573,0.71577,0.71573,0.71577,15
1779861480,0.7157,0.71573,0.71569,0.71572,14
1779861540,0.71565,0.71565,0.71553,0.71554,18
1779861660,0.71544,0.71547,0.7154,0.71546,55
1779861720,0.71548,0.71551,0.71544,0.71547,43
1779861780,0.71538,0.71539,0.71538,0.71538,7
1779861840,0.71544,0.71544,0.71538,0.71539,20
1779861900,0.71531,0.71541,0.71531,0.71533,55
1779861960,0.71528,0.71531,0.71527,0.7153,22
1779862020,0.71533,0.71536,0.71521,0.71523,46
1779862080,0.71545,0.7155,0.71543,0.7155,30
1779862140,0.71544,0.7155,0.71544,0.7155,7
1779862200,0.7155,0.71562,0.71547,0.71547,61
1779862260,0.71548,0.7155,0.71548,0.71548,14
1779862320,0.71551,0.71551,0.71538,0.71538,25
1779862380,0.71534,0.71538,0.71532,0.71537,35
1779862440,0.7153,0.71531,0.71526,0.71526,20
1779862500,0.71512,0.71525,0.7151,0.71519,104
1779862560,0.71519,0.71521,0.71513,0.71519,42
1779862620,0.71505,0.71506,0.71505,0.71505,4
1779862680,0.71509,0.71509,0.71508,0.71508,2
1779862740,0.71499,0.71504,0.71498,0.71504,19
1779862800,0.71507,0.71508,0.71506,0.71508,17
1779862860,0.71504,0.71506,0.71498,0.715,28
1779862920,0.71472,0.71478,0.71469,0.71477,54
1779862980,0.71477,0.71489,0.71472,0.71487,48
1779863040,0.71497,0.71502,0.71493,0.71493,31
1779863100,0.71488,0.71492,0.71488,0.71492,7
1779863160,0.71485,0.71485,0.71484,0.71484,12
1779863220,0.71483,0.71483,0.71482,0.71483,9
1779863280,0.7149,0.71493,0.71486,0.71493,21
1779863340,0.71505,0.71508,0.71496,0.71499,32
1779863400,0.71495,0.71512,0.71494,0.7151,99
1779863460,0.71511,0.71511,0.71497,0.71497,73
1779863520,0.715,0.71502,0.71499,0.71501,12
1779863580,0.71499,0.71504,0.71497,0.71504,18
1779863640,0.7151,0.71511,0.71502,0.7151,25
1779863700,0.71507,0.71517,0.71507,0.71511,81
1779863760,0.71512,0.71516,0.71509,0.71515,40
1779863820,0.71518,0.71524,0.71517,0.71522,32
1779863880,0.71522,0.71522,0.71522,0.71522,1
1779863940,0.71523,0.71523,0.71521,0.71521,7
1779864000,0.71512,0.71515,0.71512,0.71515,18
1779864060,0.71511,0.71517,0.71508,0.71508,20
1779864120,0.71508,0.71512,0.71507,0.71512,24
1779864180,0.71513,0.71518,0.71513,0.71514,28
1779864240,0.71516,0.71518,0.71515,0.71515,23
1779864300,0.71529,0.71531,0.7152,0.7152,74
1779864360,0.71513,0.7152,0.71513,0.71517,12
1779864420,0.71516,0.71516,0.71513,0.71515,14
1779864480,0.71525,0.71527,0.71525,0.71527,12
1779864540,0.71529,0.7153,0.71526,0.71529,31
1779864600,0.71527,0.71527,0.7151,0.7151,51
1779864660,0.71512,0.71514,0.71504,0.71504,49
1779864720,0.71498,0.715,0.71495,0.71498,38
1779864780,0.7149,0.71494,0.7149,0.71494,11
1779864840,0.71482,0.71486,0.71481,0.71483,20
1779864900,0.71471,0.71474,0.71468,0.71468,22
1779864960,0.71478,0.71478,0.71474,0.71476,24
1779865020,0.71477,0.71479,0.71467,0.71467,30
1779865080,0.71466,0.71474,0.71466,0.7147,47
1779865140,0.71461,0.71468,0.71461,0.71463,43
1779865260,0.71478,0.71482,0.71478,0.71482,17
1779865320,0.71493,0.71493,0.71486,0.71487,28
1779865380,0.71495,0.71495,0.71488,0.71492,30
1779865440,0.71488,0.71491,0.71487,0.71489,24
1779865500,0.71488,0.71497,0.71487,0.71492,79
1779865560,0.7149,0.7149,0.71481,0.71487,31
1779865620,0.71488,0.71488,0.71487,0.71487,4
1779865680,0.71488,0.7149,0.71478,0.71478,13
1779865740,0.71472,0.71472,0.71462,0.71462,20
1779865800,0.71458,0.7146,0.71451,0.71452,77
1779865860,0.71453,0.71459,0.71452,0.71454,43
1779865920,0.71464,0.71469,0.71463,0.71469,34
1779865980,0.71468,0.71468,0.71464,0.71465,28
1779866040,0.71463,0.71464,0.71463,0.71464,6
1779866100,0.71462,0.71465,0.71462,0.71463,36
1779866160,0.71462,0.71463,0.71459,0.71461,20
1779866220,0.71463,0.71463,0.71461,0.71463,25
1779866280,0.7147,0.71476,0.71465,0.71474,33
1779866340,0.7147,0.7147,0.71467,0.71469,26
1779866400,0.7147,0.71472,0.7147,0.71472,8
1779866460,0.71446,0.71449,0.71446,0.71449,16
1779866520,0.71432,0.71434,0.7143,0.71431,17
1779866580,0.71445,0.71445,0.71439,0.7144,17
1779866640,0.71443,0.71457,0.71443,0.71456,33
1779866760,0.71444,0.71444,0.71443,0.71444,4
1779866820,0.7144,0.7144,0.71437,0.71437,7
1779866880,0.71446,0.71449,0.71443,0.71449,18
1779866940,0.71458,0.7146,0.71456,0.71456,18
1779867000,0.7145,0.7145,0.71427,0.71428,91
1779867060,0.71428,0.7143,0.71427,0.71427,20
1779867120,0.71446,0.71448,0.71441,0.71442,31
1779867180,0.71433,0.71438,0.71433,0.71438,8
1779867240,0.7144,0.71443,0.71435,0.71437,14
1779867300,0.71443,0.71453,0.71441,0.71441,55
1779867360,0.71437,0.71439,0.71433,0.71436,28
1779867420,0.71432,0.71433,0.71428,0.71428,16
1779867480,0.71426,0.71427,0.71424,0.71425,34
1779867540,0.71409,0.7141,0.71406,0.71407,35
1779867600,0.71411,0.71412,0.71403,0.71405,46
1779867660,0.71403,0.71405,0.71403,0.71404,10
1779867720,0.71406,0.71407,0.71404,0.71407,22
1779867780,0.71408,0.71409,0.71407,0.71409,20
1779867840,0.71415,0.71422,0.71415,0.71418,21
1779867900,0.71419,0.7142,0.71409,0.71419,77
1779867960,0.71418,0.7143,0.71415,0.71428,43
1779868020,0.71433,0.71433,0.71433,0.71433,2
1779868080,0.71414,0.71415,0.71414,0.71415,4
1779868140,0.71398,0.71399,0.71397,0.71398,18
1779868200,0.71404,0.71404,0.71397,0.714,59
1779868260,0.71402,0.71402,0.71396,0.71396,25
1779868320,0.71402,0.71404,0.71389,0.7139,53
1779868380,0.71387,0.71389,0.71378,0.71385,54
1779868440,0.71393,0.71396,0.71393,0.71396,4
1779868500,0.71413,0.71413,0.71409,0.7141,11
1779868560,0.71398,0.71398,0.71397,0.71398,10
1779868620,0.7138,0.71387,0.71376,0.71386,36
1779868680,0.71382,0.71383,0.71379,0.71381,28
1779868740,0.7138,0.71383,0.7138,0.71381,33
1779868860,0.71382,0.71382,0.71377,0.71377,18
1779868920,0.71389,0.71399,0.71389,0.71399,34
1779868980,0.71394,0.71398,0.71385,0.71386,38
1779869040,0.71397,0.71397,0.71391,0.71393,14
1779869160,0.71411,0.71411,0.71411,0.71411,2
1779869220,0.71392,0.71392,0.7139,0.7139,6
1779869280,0.71394,0.71394,0.71393,0.71394,12
1779869340,0.71398,0.71402,0.71397,0.71399,28
1779869400,0.71398,0.71398,0.71393,0.71397,41
1779869460,0.71399,0.71399,0.71397,0.71398,18
1779869520,0.71395,0.71398,0.71387,0.71387,46
1779869580,0.71378,0.71378,0.71377,0.71377,6
1779869640,0.71369,0.71369,0.71365,0.71366,11
1779869700,0.71372,0.71383,0.71371,0.71378,69
1779869760,0.71372,0.71379,0.71372,0.71377,32
1779869820,0.71389,0.71395,0.71389,0.71394,31
1779869880,0.71393,0.71397,0.71389,0.71394,54
1779869940,0.71384,0.71386,0.71375,0.71386,46
1779870000,0.71382,0.71385,0.71372,0.71372,52
1779870060,0.71377,0.71382,0.71375,0.71382,14
1779870120,0.71384,0.71385,0.71382,0.71384,16
1779870180,0.71386,0.714,0.71386,0.71393,31
1779870240,0.71387,0.71388,0.71372,0.71372,21
1779870300,0.71377,0.71378,0.71368,0.7137,30
1779870360,0.71362,0.71362,0.71358,0.71361,28
1779870420,0.71366,0.71368,0.71366,0.71367,6
1779870480,0.7138,0.7138,0.71379,0.71379,6
1779870540,0.71377,0.71381,0.71377,0.71381,14
1779870600,0.71384,0.71386,0.71377,0.71379,82
1779870660,0.71378,0.71379,0.71375,0.71378,15
1779870720,0.71379,0.71386,0.71378,0.71383,29
1779870780,0.71388,0.71388,0.71382,0.71386,34
1779870840,0.71382,0.71382,0.71374,0.71377,47
1779870900,0.71389,0.71394,0.71389,0.71394,10
1779870960,0.71384,0.71387,0.71384,0.71386,15
1779871020,0.7139,0.71391,0.71389,0.71389,10
1779871080,0.71389,0.71394,0.71389,0.71394,19
1779871140,0.71393,0.71395,0.71387,0.71387,18
1779871200,0.71384,0.71392,0.71382,0.71388,67
1779871260,0.71389,0.7139,0.71386,0.71389,29
1779871320,0.71388,0.71389,0.71384,0.71386,9
1779871380,0.71396,0.71396,0.71395,0.71395,6
1779871440,0.71389,0.7139,0.71389,0.71389,6
1779871500,0.71396,0.71396,0.71388,0.71389,56
1779871560,0.71388,0.71393,0.71385,0.71389,28
1779871620,0.71392,0.71396,0.7139,0.7139,52
1779871680,0.71389,0.71389,0.71389,0.71389,3
1779871740,0.71406,0.71407,0.71401,0.71402,17
1779871800,0.71393,0.714,0.71393,0.71399,19
1779871860,0.71395,0.71395,0.71393,0.71394,17
1779871920,0.71399,0.71406,0.71399,0.71405,32
1779871980,0.71404,0.71404,0.71391,0.71391,60
1779872040,0.71399,0.71399,0.71393,0.71394,28
1779872100,0.71395,0.71396,0.71394,0.71395,20
1779872160,0.71402,0.71403,0.71401,0.71403,11
1779872220,0.714,0.71406,0.71399,0.71405,25
1779872280,0.71409,0.71413,0.71409,0.71413,18
1779872340,0.7142,0.71424,0.71415,0.71418,39
1779872460,0.71399,0.71404,0.71399,0.71404,11
1779872520,0.71415,0.71421,0.71415,0.71417,18
1779872580,0.71404,0.71406,0.71402,0.71404,22
1779872640,0.7142,0.7142,0.71413,0.71415,34
1779872760,0.71407,0.71407,0.71407,0.71407,2
1779872820,0.71402,0.71407,0.71402,0.71407,10
1779872880,0.71414,0.71414,0.71407,0.71407,8
1779872940,0.71407,0.7141,0.71403,0.71405,19
1779873000,0.71408,0.71409,0.71402,0.71405,40
1779873060,0.71412,0.71413,0.71409,0.71409,12
1779873120,0.71414,0.71415,0.7141,0.71413,30
1779873180,0.71404,0.71408,0.71403,0.71408,27
1779873240,0.71412,0.71413,0.71412,0.71412,12
1779873300,0.71416,0.71428,0.71415,0.71427,43
1779873360,0.71436,0.71438,0.71433,0.71434,19
1779873420,0.71441,0.71441,0.71433,0.71434,33
1779873480,0.71447,0.71448,0.71438,0.71439,28
1779873540,0.71446,0.71447,0.71442,0.71446,39
1779873600,0.71454,0.71454,0.71454,0.71454,2
1779873660,0.7144,0.71441,0.71439,0.7144,22
1779873720,0.71437,0.71443,0.71437,0.71437,17
1779873780,0.71455,0.71461,0.71455,0.71461,33
1779873840,0.71451,0.71452,0.71449,0.71451,16
1779873960,0.71439,0.71439,0.71438,0.71438,3
1779874020,0.71448,0.71448,0.71447,0.71448,6
1779874080,0.71446,0.71446,0.71442,0.71442,11
1779874140,0.71439,0.71444,0.71439,0.71442,32
1779874200,0.71444,0.71447,0.71439,0.71447,68
1779874260,0.71446,0.71451,0.71445,0.71451,39
1779874320,0.71451,0.71453,0.7145,0.71453,30
1779874380,0.71453,0.71453,0.71446,0.71446,8
1779874440,0.71448,0.71454,0.71448,0.71453,18
1779874500,0.7145,0.7145,0.71441,0.71445,52
1779874560,0.71445,0.71445,0.71441,0.71442,16
1779874620,0.71441,0.71441,0.71439,0.7144,6
1779874680,0.71438,0.71442,0.71437,0.71442,20
1779874740,0.71443,0.71443,0.71437,0.71442,29
1779874800,0.71441,0.71443,0.71441,0.71443,4
1779874860,0.71442,0.71442,0.71439,0.7144,8
1779874920,0.7144,0.71443,0.7144,0.71443,9
1779874980,0.71436,0.71438,0.71432,0.71432,22
1779875040,0.7143,0.71432,0.7143,0.7143,8
1779875160,0.7143,0.71431,0.7143,0.71431,4
1779875220,0.71428,0.71428,0.71422,0.71423,7
1779875280,0.71419,0.7142,0.71418,0.71419,7
1779875340,0.71417,0.71423,0.71417,0.71423,15
1779875400,0.7142,0.71433,0.7142,0.71432,38
1779875460,0.71432,0.71433,0.71432,0.71433,16
1779875520,0.71436,0.71439,0.71432,0.71432,38
1779875580,0.71422,0.71432,0.71422,0.71431,21
1779875640,0.71435,0.71435,0.71434,0.71434,4
1779875700,0.71445,0.71454,0.71444,0.7145,46
1779875760,0.71452,0.71455,0.71452,0.71453,19
1779875820,0.71454,0.71454,0.71447,0.7145,28
1779875880,0.71447,0.71448,0.71438,0.7144,24
1779875940,0.71438,0.71438,0.71435,0.71435,3
1779876060,0.71427,0.71428,0.71426,0.71427,7
1779876120,0.71423,0.71423,0.71422,0.71422,4
1779876180,0.71421,0.71424,0.7142,0.71422,30
1779876240,0.71422,0.71424,0.71422,0.71424,17
1779876300,0.71428,0.7143,0.71426,0.71429,35
1779876360,0.71432,0.71438,0.71432,0.71438,6
1779876420,0.71443,0.71444,0.71442,0.71443,8
1779876480,0.71446,0.71448,0.71443,0.71444,14
1779876540,0.71437,0.71439,0.71436,0.71437,20
1779876600,0.71434,0.71439,0.71428,0.71431,98
1779876660,0.71432,0.71436,0.71431,0.71432,37
1779876720,0.71427,0.71433,0.71427,0.71431,24
1779876780,0.71432,0.71432,0.71432,0.71432,2
1779876840,0.71432,0.71433,0.71432,0.71433,3
1779876900,0.71431,0.71435,0.71426,0.71429,48
1779876960,0.71427,0.71428,0.71422,0.71423,26
1779877020,0.71421,0.71422,0.71421,0.71421,14
1779877080,0.71426,0.71426,0.71421,0.71423,26
1779877140,0.71423,0.71424,0.71418,0.71418,21
1779877200,0.71417,0.71417,0.71417,0.71417,1
1779877260,0.71421,0.71421,0.7142,0.7142,5
1779877320,0.71408,0.71411,0.71408,0.71409,10
1779877380,0.7141,0.71413,0.7141,0.71413,14
1779877440,0.71403,0.71408,0.71403,0.71408,25
1779877500,0.71416,0.71417,0.71412,0.71413,57
1779877560,0.71413,0.71414,0.71412,0.71412,26
1779877620,0.71408,0.71408,0.71408,0.71408,1
1779877680,0.71402,0.71404,0.71402,0.71404,7
1779877740,0.71388,0.71389,0.71387,0.71389,11
1779877800,0.71392,0.71393,0.71388,0.71392,50
1779877860,0.71389,0.71393,0.71389,0.71392,26
1779877920,0.71391,0.71393,0.7139,0.71391,24
1779877980,0.71394,0.71398,0.71393,0.71396,20
1779878040,0.7139,0.71403,0.71389,0.71402,38
1779878100,0.71397,0.71397,0.71397,0.71397,1
1779878160,0.71392,0.71394,0.71392,0.71393,9
1779878220,0.71401,0.71402,0.714,0.71402,16
1779878280,0.71403,0.7141,0.71403,0.7141,18
1779878340,0.71408,0.71409,0.7139,0.7139,41
1779878400,0.71381,0.71388,0.71381,0.71388,42
1779878460,0.71383,0.71388,0.71383,0.71385,22
1779878520,0.71382,0.71382,0.71381,0.71381,4
1779878580,0.71387,0.71388,0.71387,0.71388,4
1779878640,0.71389,0.7139,0.71374,0.71375,27
1779878700,0.71382,0.71387,0.71376,0.71379,51
1779878760,0.71379,0.71379,0.71364,0.71366,39
1779878820,0.71372,0.71372,0.71362,0.71368,46
1779878880,0.71354,0.71356,0.71354,0.71355,8
1779878940,0.7137,0.71376,0.7137,0.71376,10
1779879000,0.71378,0.71379,0.71376,0.71378,20
1779879060,0.71372,0.71373,0.7137,0.71372,19
1779879120,0.71358,0.7136,0.71348,0.71352,33
1779879180,0.71353,0.71353,0.7135,0.71351,15
1779879240,0.71354,0.71354,0.71354,0.71354,2
1779879300,0.71364,0.71365,0.71362,0.71362,12
1779879360,0.71344,0.71347,0.71343,0.71343,15
1779879420,0.7134,0.71342,0.7134,0.71342,4
1779879480,0.71341,0.71341,0.71331,0.71332,37
1779879540,0.71325,0.71332,0.71325,0.71331,22
1779879660,0.71341,0.71347,0.7134,0.71346,32
1779879720,0.7135,0.71353,0.7135,0.71353,7
1779879780,0.71359,0.71359,0.71357,0.71359,12
1779879840,0.71355,0.71356,0.7135,0.71356,20
1779879900,0.71359,0.7136,0.71341,0.71342,94
1779879960,0.71343,0.71346,0.71337,0.71337,32
1779880020,0.71333,0.71333,0.71328,0.71328,46
1779880080,0.71324,0.71327,0.71324,0.71327,5
1779880140,0.71332,0.71332,0.71331,0.71332,7
1779880200,0.71332,0.71333,0.71321,0.71323,27
1779880260,0.71322,0.71323,0.71317,0.71319,21
1779880320,0.71326,0.71329,0.71325,0.71327,26
1779880380,0.71338,0.7134,0.71336,0.71337,46
1779880440,0.71339,0.7134,0.71336,0.71336,21
1779880500,0.71343,0.71349,0.71341,0.71347,50
1779880560,0.71349,0.71349,0.71348,0.71348,6
1779880620,0.71344,0.71346,0.71343,0.71346,13
1779880680,0.71342,0.71342,0.71339,0.71341,22
1779880740,0.71338,0.71341,0.71337,0.71337,22
1779880800,0.71331,0.71331,0.7133,0.71331,17
1779880860,0.71322,0.71322,0.71322,0.71322,2
1779880920,0.71313,0.71314,0.71313,0.71314,9
1779880980,0.71326,0.71334,0.71326,0.7133,30
1779881040,0.7132,0.71328,0.7132,0.71327,16
1779881100,0.71327,0.71328,0.71319,0.71323,31
1779881160,0.71326,0.71326,0.71318,0.71318,29
1779881220,0.71314,0.71314,0.71311,0.71313,33
1779881280,0.71312,0.71312,0.71309,0.7131,47
1779881340,0.71306,0.71308,0.71306,0.71308,6
1779881400,0.71307,0.71308,0.71301,0.71303,64
1779881460,0.71307,0.71308,0.71303,0.71305,26
1779881520,0.71297,0.71305,0.71297,0.71303,25
1779881580,0.71303,0.71304,0.71302,0.71302,18
1779881640,0.71303,0.71304,0.713,0.71301,24
1779881700,0.71308,0.7131,0.71306,0.71309,34
1779881760,0.71314,0.71314,0.71313,0.71313,4
1779881820,0.71312,0.71313,0.71308,0.71308,19
1779881880,0.71317,0.71324,0.71317,0.71323,29
1779881940,0.71309,0.7131,0.71307,0.71307,33
1779882060,0.71296,0.71296,0.71296,0.71296,1
1779882120,0.71306,0.71307,0.71301,0.71301,8
1779882180,0.71303,0.7131,0.71302,0.71309,15
1779882240,0.71323,0.71327,0.71323,0.71327,13
1779882300,0.7133,0.71332,0.71327,0.71331,98
1779882360,0.7133,0.71331,0.71325,0.71326,36
1779882420,0.71321,0.71324,0.71319,0.71321,38
1779882480,0.71324,0.71325,0.71312,0.71315,40
1779882540,0.71319,0.71322,0.71315,0.71316,34
1779882600,0.71312,0.71313,0.71311,0.71312,10
1779882660,0.71309,0.7131,0.71307,0.71309,9
1779882720,0.71309,0.71318,0.71309,0.71315,22
1779882780,0.71314,0.71314,0.71312,0.71313,23
1779882840,0.71318,0.7132,0.71314,0.71315,26
1779882900,0.71308,0.7131,0.71304,0.71304,40
1779882960,0.71302,0.7131,0.71302,0.71304,60
1779883020,0.71304,0.71305,0.71303,0.71304,18
1779883080,0.71309,0.71317,0.71309,0.71317,8
1779883140,0.7132,0.71321,0.71319,0.71319,17
1779883260,0.71307,0.71311,0.71307,0.71308,38
1779883320,0.71316,0.71323,0.71313,0.71313,52
1779883380,0.71314,0.71314,0.71309,0.71309,6
1779883440,0.71311,0.71312,0.7131,0.71312,8
1779883500,0.7131,0.71314,0.71309,0.71309,19
1779883560,0.71314,0.71319,0.71309,0.71319,25
1779883620,0.71322,0.71325,0.71316,0.71318,41
1779883680,0.71317,0.71317,0.71313,0.71314,32
1779883740,0.71311,0.71312,0.71296,0.71296,51
1779883800,0.71302,0.71302,0.71299,0.713,14
1779883860,0.71303,0.71304,0.71302,0.71304,10
1779883920,0.71303,0.71303,0.71297,0.71297,12
1779883980,0.71295,0.713,0.71295,0.71298,22
1779884040,0.71284,0.71285,0.71262,0.71268,46
1779884160,0.71241,0.71241,0.7124,0.71241,4
1779884220,0.7125,0.71258,0.71249,0.71257,18
1779884280,0.71263,0.71286,0.71258,0.71286,22
1779884340,0.71328,0.7138,0.71326,0.71378,91
1779884400,0.71326,0.7135,0.7131,0.71348,193
1779884460,0.71348,0.71392,0.71344,0.71392,119
1779884520,0.71408,0.71416,0.71408,0.71414,9
1779884580,0.71441,0.71451,0.71435,0.71435,25
1779884640,0.71411,0.71414,0.71391,0.71391,39
1779884700,0.71403,0.71443,0.714,0.71443,154
1779884760,0.71466,0.7147,0.71454,0.71468,78
1779884820,0.71443,0.7145,0.71423,0.71427,76
1779884880,0.71421,0.7143,0.71416,0.71428,76
1779884940,0.71443,0.71443,0.71443,0.71443,2
1779885000,0.71461,0.71488,0.71461,0.71486,123
1779885060,0.71482,0.71485,0.71478,0.71484,48
1779885120,0.7145,0.71451,0.71445,0.71451,47
1779885180,0.71443,0.71445,0.71432,0.71433,57
1779885240,0.71439,0.71439,0.71412,0.71415,75
1779885300,0.71438,0.71443,0.71438,0.71439,16
1779885360,0.71417,0.71468,0.71416,0.71448,36
1779885420,0.71446,0.71446,0.71429,0.71431,44
1779885480,0.71409,0.71416,0.71401,0.71402,52
1779885540,0.71414,0.71417,0.71401,0.71402,54
1779885600,0.71407,0.71408,0.71396,0.71398,156
1779885660,0.71398,0.714,0.7139,0.71398,95
1779885720,0.71405,0.71405,0.71403,0.71403,7
1779885780,0.71387,0.71392,0.71384,0.71386,23
1779885840,0.714,0.7141,0.71399,0.71405,33
1779885900,0.71391,0.71391,0.71375,0.71379,141
1779885960,0.71379,0.71379,0.71367,0.71372,45
1779886020,0.71367,0.71372,0.71359,0.7136,71
1779886080,0.71367,0.71369,0.71367,0.71368,7
1779886140,0.71369,0.71373,0.71363,0.71363,21
1779886200,0.7137,0.71371,0.71363,0.71368,69
1779886260,0.71368,0.71385,0.71367,0.71383,33
1779886320,0.71379,0.7138,0.71376,0.71379,29
1779886380,0.71379,0.71381,0.71375,0.71375,41
1779886440,0.71378,0.71381,0.71375,0.71378,40
1779886500,0.71381,0.71381,0.71381,0.71381,2
1779886560,0.71379,0.71379,0.71378,0.71378,6
1779886620,0.71374,0.71374,0.71368,0.71368,17
1779886680,0.71371,0.71375,0.7137,0.7137,22
1779886740,0.71352,0.71355,0.71346,0.71347,37
1779886800,0.71334,0.71365,0.71334,0.71358,149
1779886860,0.71354,0.71362,0.71352,0.7136,55
1779886920,0.71346,0.71364,0.71345,0.71363,73
1779886980,0.71386,0.71386,0.71386,0.71386,1
1779887040,0.71386,0.71387,0.71385,0.71386,13
1779887100,0.7137,0.71382,0.71367,0.7138,110
1779887160,0.71375,0.71375,0.71367,0.71367,30
1779887220,0.7136,0.7136,0.7135,0.71352,47
1779887280,0.71354,0.71364,0.71352,0.71361,56
1779887340,0.71346,0.71354,0.71344,0.71347,63
1779887400,0.71342,0.71363,0.71342,0.71359,80
1779887460,0.71369,0.71374,0.71367,0.71367,17
1779887520,0.71366,0.71368,0.71364,0.71365,25
1779887580,0.71362,0.71363,0.71358,0.71359,37
1779887640,0.71357,0.71358,0.7135,0.71351,52
1779887700,0.71349,0.71353,0.71336,0.71345,140
1779887760,0.71344,0.71344,0.71334,0.71335,73
1779887820,0.71349,0.71349,0.71349,0.71349,2
1779887880,0.71351,0.71357,0.7135,0.71357,11
1779887940,0.71353,0.71356,0.71351,0.71356,31
1779888000,0.71354,0.71354,0.7134,0.71341,90
1779888060,0.71334,0.71335,0.71331,0.71332,41
1779888120,0.71333,0.71336,0.71321,0.71328,68
1779888180,0.71329,0.71339,0.71328,0.71337,56
1779888240,0.71333,0.71344,0.71331,0.71344,19
1779888300,0.71342,0.71359,0.71342,0.71359,68
1779888360,0.71344,0.7135,0.71343,0.7135,39
1779888420,0.7136,0.71362,0.71354,0.71355,42
1779888480,0.71336,0.71339,0.71331,0.71334,73
1779888540,0.71316,0.71321,0.71309,0.71313,62
1779888600,0.71314,0.71326,0.71314,0.7132,122
1779888660,0.71323,0.71343,0.71323,0.71343,35
1779888720,0.71344,0.71347,0.71339,0.71347,40
1779888780,0.7135,0.71365,0.71349,0.71365,48
1779888840,0.71364,0.71372,0.71362,0.71371,51
1779888900,0.71369,0.71373,0.71353,0.71356,164
1779888960,0.71358,0.71358,0.71343,0.71344,81
1779889020,0.71323,0.71328,0.71323,0.71328,10
1779889080,0.71319,0.71324,0.71319,0.71323,18
1779889140,0.71319,0.71329,0.71319,0.71329,36
1779889200,0.71332,0.71347,0.71331,0.71339,128
1779889260,0.71342,0.71343,0.71338,0.71338,42
1779889320,0.71347,0.7135,0.71336,0.71341,62
1779889380,0.71338,0.71342,0.71333,0.71334,62
1779889440,0.71329,0.71331,0.71329,0.71331,5
1779889500,0.71339,0.71352,0.71335,0.71351,98
1779889560,0.71369,0.71369,0.71353,0.71354,26
1779889620,0.71344,0.71348,0.7134,0.71343,46
1779889680,0.71342,0.71351,0.71342,0.71347,60
1779889740,0.71338,0.71338,0.71327,0.71328,45
1779889800,0.71323,0.71342,0.71317,0.71338,162
1779889860,0.71341,0.71356,0.71339,0.71346,92
1779889920,0.71355,0.71355,0.71349,0.7135,8
1779889980,0.7136,0.7136,0.71351,0.71351,14
1779890040,0.71346,0.7135,0.71345,0.71346,33
1779890100,0.71344,0.71359,0.71344,0.71354,131
1779890160,0.71346,0.71347,0.71339,0.71343,68
1779890220,0.71343,0.71347,0.71342,0.71346,81
1779890280,0.71355,0.71355,0.71353,0.71353,5
1779890340,0.71353,0.71359,0.71353,0.71357,18
1779890460,0.71369,0.71375,0.71368,0.71374,27
1779890520,0.71376,0.71376,0.71366,0.71367,42
1779890580,0.71363,0.71363,0.71358,0.71362,52
1779890640,0.7135,0.71354,0.71342,0.71354,79
1779890700,0.71359,0.7136,0.71351,0.71353,81
1779890760,0.71347,0.71347,0.71341,0.71343,22
1779890820,0.71349,0.71354,0.71344,0.71346,37
1779890880,0.71328,0.7134,0.71328,0.71339,52
1779890940,0.71336,0.71351,0.71336,0.71348,60
1779891060,0.71348,0.71348,0.71348,0.71348,2
1779891120,0.71344,0.71349,0.71344,0.71349,18
1779891180,0.7137,0.71372,0.71366,0.71369,33
1779891240,0.71371,0.71382,0.71364,0.7137,40
1779891300,0.71375,0.71376,0.71364,0.71368,113
1779891360,0.71367,0.71383,0.71367,0.7138,77
1779891420,0.71391,0.71391,0.71391,0.71391,4
1779891480,0.71401,0.71404,0.714,0.71404,22
1779891540,0.71408,0.71411,0.71405,0.71406,40
1779891600,0.71413,0.71422,0.71385,0.71392,197
1779891660,0.71394,0.71404,0.71392,0.71404,55
1779891720,0.71404,0.71407,0.71398,0.714,42
1779891780,0.71386,0.7139,0.71378,0.71382,81
1779891840,0.71371,0.71371,0.71365,0.71365,20
1779891900,0.71344,0.71368,0.71344,0.71362,123
1779891960,0.71362,0.71365,0.71354,0.71354,36
1779892020,0.71363,0.71367,0.71359,0.71366,49
1779892080,0.71347,0.71351,0.71341,0.71348,78
1779892140,0.71356,0.71363,0.71351,0.71359,82
1779892200,0.71358,0.71376,0.71358,0.71373,102
1779892260,0.71367,0.71369,0.71367,0.71368,22
1779892320,0.7138,0.71383,0.71376,0.71378,48
1779892380,0.71341,0.71366,0.7131,0.7131,80
1779892440,0.71296,0.7133,0.71294,0.71319,99
1779892560,0.71322,0.71322,0.71322,0.71322,2
1779892620,0.71336,0.71336,0.7133,0.7133,10
1779892680,0.71327,0.71343,0.71327,0.71343,28
1779892740,0.71341,0.71343,0.71333,0.71341,34
1779892800,0.71347,0.71351,0.71333,0.71341,118
1779892860,0.71342,0.71342,0.71331,0.71332,54
1779892920,0.71338,0.71338,0.71327,0.7133,65
1779892980,0.71326,0.71348,0.71326,0.71347,101
1779893040,0.71351,0.71354,0.71351,0.71354,5
1779893100,0.71359,0.71377,0.71354,0.71377,116
1779893160,0.71378,0.71387,0.71372,0.71387,98
1779893220,0.71382,0.71383,0.71378,0.71381,35
1779893280,0.71374,0.71374,0.71352,0.71352,62
1779893340,0.71368,0.7137,0.71354,0.71358,65
1779893400,0.71338,0.7134,0.71338,0.71339,7
1779893460,0.71333,0.71337,0.71328,0.71329,29
1779893520,0.71322,0.71325,0.71319,0.71323,39
1779893580,0.71307,0.71308,0.71302,0.71303,50
1779893640,0.71297,0.71303,0.71295,0.71303,43
1779893700,0.71297,0.71297,0.7127,0.7127,158
1779893760,0.7127,0.71282,0.71267,0.71282,94
1779893820,0.71266,0.71266,0.71261,0.71263,23
1779893880,0.71255,0.71263,0.71255,0.71262,33
1779893940,0.71275,0.71275,0.7127,0.7127,61
1779894060,0.71271,0.71289,0.71271,0.71289,77
1779894120,0.71296,0.71304,0.71295,0.713,77
1779894180,0.71308,0.7131,0.71308,0.71308,8
1779894240,0.71327,0.71328,0.71325,0.71328,13
1779894300,0.71313,0.7133,0.71313,0.71323,129
1779894360,0.71318,0.71332,0.71317,0.71332,37
1779894420,0.71323,0.71328,0.71316,0.71328,56
1779894480,0.71333,0.71339,0.71327,0.71337,47
1779894540,0.71336,0.71338,0.7133,0.71332,69
1779894600,0.71338,0.71338,0.71329,0.71337,126
1779894660,0.71337,0.7134,0.71336,0.71337,10
1779894720,0.71347,0.71347,0.71345,0.71346,13
1779894780,0.71352,0.71358,0.71351,0.71353,40
1779894840,0.71356,0.71361,0.71355,0.71355,39
1779894900,0.71358,0.71358,0.7135,0.71353,121
1779894960,0.71351,0.71357,0.71349,0.71357,49
1779895020,0.71355,0.71361,0.71354,0.71359,85
1779895080,0.71355,0.71358,0.71355,0.71357,20
1779895140,0.71358,0.71358,0.71353,0.71355,26
1779895200,0.71352,0.71368,0.71351,0.71368,95
1779895260,0.7136,0.71361,0.71357,0.71358,40
1779895320,0.71351,0.71354,0.71348,0.71354,40
1779895380,0.7135,0.71354,0.71349,0.71353,45
1779895440,0.71351,0.71353,0.71349,0.7135,59
1779895500,0.71358,0.71364,0.71356,0.71359,80
1779895560,0.71357,0.71358,0.71357,0.71357,15
1779895620,0.71367,0.71372,0.71367,0.71369,27
1779895680,0.71367,0.71372,0.71364,0.7137,45
1779895740,0.71373,0.71378,0.71372,0.71372,59
1779895860,0.71371,0.71371,0.71368,0.71368,3
1779895920,0.71375,0.71379,0.71372,0.71377,16
1779895980,0.71379,0.71385,0.71376,0.71385,21
1779896040,0.71387,0.71387,0.71372,0.71379,38
1779896100,0.71382,0.71386,0.71363,0.71366,125
1779896160,0.7136,0.71364,0.71355,0.71358,68
1779896220,0.71368,0.71368,0.71355,0.71357,62
1779896280,0.71362,0.71364,0.71362,0.71364,7
1779896340,0.71352,0.71353,0.71351,0.71352,13
1779896400,0.71362,0.71371,0.7136,0.71371,35
1779896460,0.71373,0.71381,0.71373,0.71381,31
1779896520,0.71368,0.71373,0.71367,0.71369,37
1779896580,0.7136,0.71365,0.71358,0.71362,49
1779896640,0.7135,0.71351,0.7135,0.71351,3
1779896700,0.71336,0.71365,0.71332,0.71353,110
1779896760,0.71338,0.7134,0.71337,0.71338,16
1779896820,0.71336,0.71336,0.71327,0.71327,32
1779896880,0.71311,0.71313,0.71308,0.71312,34
1779896940,0.71309,0.71312,0.71307,0.7131,38
1779897000,0.71309,0.71323,0.71309,0.71321,120
1779897060,0.71323,0.71323,0.71312,0.7132,52
1779897120,0.71313,0.71314,0.71313,0.71314,4
1779897180,0.71319,0.71326,0.71318,0.71326,12
1779897240,0.71329,0.71329,0.71325,0.71327,17
1779897300,0.71332,0.71334,0.71324,0.71334,89
1779897360,0.71338,0.71342,0.71335,0.71339,32
1779897420,0.71346,0.71353,0.71345,0.71347,40
1779897480,0.71352,0.71352,0.71344,0.71345,58
1779897540,0.71346,0.71346,0.71345,0.71345,4
1779897660,0.71357,0.71364,0.71357,0.71364,18
1779897720,0.71353,0.71357,0.71351,0.71353,22
1779897780,0.71358,0.71362,0.71357,0.71357,24
1779897840,0.71324,0.7134,0.71316,0.7134,96
1779897900,0.71336,0.71347,0.71334,0.71337,96
1779897960,0.71336,0.71347,0.71335,0.71345,72
1779898020,0.71348,0.71348,0.71348,0.71348,2
1779898080,0.7134,0.71341,0.71329,0.71331,19
1779898140,0.71342,0.71344,0.71341,0.71341,27
1779898200,0.71349,0.71352,0.71348,0.71349,45
1779898260,0.71354,0.71361,0.71352,0.7136,42
1779898320,0.71361,0.71368,0.71359,0.71367,30
1779898380,0.71369,0.71369,0.71364,0.71365,15
1779898440,0.71357,0.7136,0.71357,0.71358,17
1779898500,0.71363,0.71372,0.71363,0.71372,48
1779898560,0.71373,0.71373,0.71368,0.71371,19
1779898620,0.7137,0.71374,0.71368,0.7137,38
1779898680,0.71374,0.71382,0.71374,0.71379,44
1779898740,0.71387,0.71387,0.71384,0.71387,12
1779898800,0.71382,0.7139,0.71381,0.7139,42
1779898860,0.7139,0.71392,0.71388,0.71392,13
1779898920,0.71391,0.71397,0.71389,0.71395,31
1779898980,0.71393,0.71393,0.71387,0.71387,18
1779899040,0.71392,0.71392,0.71387,0.71388,32
1779899100,0.71374,0.71379,0.71373,0.71378,95
1779899160,0.71379,0.71382,0.71376,0.71378,49
1779899220,0.71379,0.71379,0.71376,0.71377,15
1779899280,0.71383,0.71383,0.71382,0.71382,9
1779899340,0.71376,0.71377,0.71374,0.71376,23
1779899400,0.71376,0.71379,0.71371,0.71374,74
1779899460,0.71365,0.71371,0.71364,0.71371,39
1779899520,0.71371,0.71382,0.71371,0.71382,38
1779899580,0.71376,0.71377,0.71376,0.71377,3
1779899640,0.71367,0.71371,0.71367,0.71371,10
1779899700,0.71376,0.71377,0.71375,0.71377,15
1779899760,0.71376,0.71383,0.71376,0.71381,36
1779899820,0.71377,0.71377,0.71372,0.71372,25
1779899880,0.71377,0.71377,0.71372,0.71374,37
1779899940,0.71377,0.71382,0.71376,0.71377,46
1779900000,0.71378,0.71378,0.71377,0.71377,4
1779900060,0.71393,0.71397,0.71392,0.71396,14
1779900120,0.71387,0.71392,0.71387,0.7139,13
1779900180,0.71387,0.71391,0.71387,0.7139,20
1779900240,0.71391,0.71391,0.7139,0.7139,21
1779900300,0.71393,0.71397,0.71392,0.71393,72
1779900360,0.71393,0.71397,0.71388,0.71396,28
1779900420,0.71398,0.71398,0.71398,0.71398,1
1779900480,0.71402,0.71407,0.71402,0.71405,9
1779900540,0.71403,0.71406,0.71403,0.71406,8
1779900600,0.71406,0.71408,0.71402,0.71402,11
1779900660,0.714,0.71406,0.714,0.71406,32
1779900720,0.71408,0.71408,0.71403,0.71406,25
1779900780,0.71404,0.71405,0.71401,0.71401,33
1779900840,0.71403,0.71405,0.71398,0.71401,44
1779900900,0.71397,0.71397,0.71392,0.71392,9
1779900960,0.71388,0.71395,0.71387,0.71395,22
1779901020,0.71389,0.71393,0.71389,0.71392,15
1779901080,0.71386,0.71386,0.71385,0.71385,20
1779901140,0.71394,0.71395,0.71392,0.71393,29
1779901260,0.71393,0.71396,0.71388,0.71396,42
1779901320,0.71377,0.71382,0.71377,0.71378,20
1779901380,0.71382,0.71386,0.71378,0.71378,22
1779901440,0.7138,0.71381,0.71376,0.71376,18
1779901500,0.71373,0.71384,0.71373,0.71382,80
1779901560,0.71378,0.71378,0.71371,0.71372,62
1779901620,0.71367,0.71367,0.71367,0.71367,1
1779901680,0.71347,0.71347,0.71338,0.71338,24
1779901740,0.71323,0.71337,0.71323,0.71337,32
1779901800,0.71327,0.71338,0.71327,0.71336,80
1779901860,0.71334,0.7134,0.71331,0.71338,50
1779901920,0.71331,0.71331,0.71325,0.7133,44
1779901980,0.71331,0.71331,0.71326,0.71329,52
1779902040,0.71332,0.71332,0.71329,0.7133,14
1779902100,0.71332,0.71337,0.71328,0.71337,57
1779902160,0.71342,0.71344,0.71341,0.71341,11
1779902220,0.71346,0.71347,0.71343,0.71347,23
1779902280,0.71349,0.71352,0.71346,0.71351,27
1779902340,0.71343,0.71343,0.71335,0.71335,44
1779902460,0.71339,0.71339,0.71339,0.71339,2
1779902520,0.71329,0.71331,0.71328,0.7133,10
1779902580,0.7133,0.71331,0.71328,0.71329,16
1779902640,0.71333,0.71336,0.71333,0.71334,31
1779902700,0.71333,0.71339,0.71333,0.71335,23
1779902760,0.71332,0.71336,0.71331,0.71336,24
1779902820,0.71336,0.71336,0.71332,0.71332,18
1779902880,0.71328,0.71331,0.71327,0.71328,34
1779902940,0.71332,0.71333,0.71331,0.71332,11
1779903000,0.71332,0.71334,0.7133,0.71333,43
1779903060,0.71333,0.7134,0.71333,0.7134,22
1779903120,0.71334,0.71337,0.71333,0.71336,22
1779903180,0.71337,0.71342,0.71337,0.71341,26
1779903240,0.71336,0.71337,0.71333,0.71336,19
1779903360,0.71348,0.71348,0.71346,0.71346,4
1779903420,0.71348,0.71348,0.71346,0.71348,13
1779903480,0.71343,0.71346,0.71342,0.71346,17
1779903540,0.71349,0.71351,0.71348,0.71349,16
1779903600,0.71343,0.71345,0.71338,0.71341,66
1779903660,0.71341,0.71349,0.7134,0.71348,22
1779903720,0.71351,0.71351,0.71347,0.71347,28
1779903780,0.71348,0.71348,0.71348,0.71348,3
1779903840,0.71351,0.71351,0.71347,0.71348,11
1779903900,0.71345,0.71351,0.71345,0.71349,39
1779903960,0.71347,0.7135,0.71347,0.71349,28
1779904020,0.71351,0.71352,0.71348,0.71351,17
1779904080,0.71344,0.71346,0.71343,0.71346,24
1779904140,0.71348,0.71353,0.71347,0.71351,25
1779904200,0.71352,0.71363,0.71352,0.71363,75
1779904260,0.71363,0.71364,0.71362,0.71362,7
1779904320,0.71368,0.71368,0.71367,0.71367,4
1779904380,0.71363,0.71363,0.71361,0.71361,12
1779904440,0.71361,0.71364,0.71361,0.71364,23
1779904500,0.71359,0.71363,0.71359,0.71362,35
1779904560,0.71364,0.7137,0.71364,0.71368,41
1779904620,0.71363,0.71363,0.71362,0.71362,2
1779904680,0.71366,0.71366,0.71365,0.71366,6
1779904740,0.71363,0.71363,0.7136,0.71361,13
1779904800,0.71352,0.71357,0.71347,0.7135,92
1779904860,0.71349,0.71352,0.71347,0.71352,28
1779904920,0.71347,0.71351,0.71346,0.71349,30
1779904980,0.71344,0.71347,0.71344,0.71346,50
1779905040,0.71345,0.71345,0.71344,0.71344,4
1779905100,0.71342,0.71344,0.71339,0.71339,35
1779905160,0.71343,0.71344,0.71338,0.71341,27
1779905220,0.71347,0.71347,0.71346,0.71347,11
1779905280,0.71347,0.71347,0.71342,0.71346,19
1779905340,0.71345,0.71347,0.71345,0.71346,21
1779905460,0.71341,0.71341,0.7134,0.7134,4
1779905520,0.71336,0.71336,0.71332,0.71333,13
1779905580,0.71339,0.71339,0.71336,0.71336,15
1779905640,0.71338,0.71339,0.71337,0.71337,25
1779905700,0.7134,0.7134,0.71335,0.71336,69
1779905760,0.7134,0.71342,0.71337,0.71341,39
1779905820,0.71336,0.71341,0.71334,0.71341,37
1779905880,0.71341,0.71341,0.71341,0.71341,1
1779905940,0.71342,0.71342,0.71342,0.71342,4
1779906000,0.71342,0.71348,0.71341,0.71345,54
1779906060,0.71346,0.71349,0.71345,0.71346,20
1779906120,0.71343,0.71347,0.71342,0.71346,23
1779906180,0.71346,0.71348,0.71346,0.71347,30
1779906240,0.71352,0.71352,0.71352,0.71352,2
1779906300,0.71348,0.7135,0.71348,0.71349,8
1779906360,0.71357,0.71359,0.71357,0.71358,6
1779906420,0.7136,0.71367,0.7136,0.71362,33
1779906480,0.71361,0.71366,0.71358,0.71358,26
1779906540,0.71361,0.71367,0.71361,0.71366,22
1779906600,0.71366,0.7137,0.71366,0.71367,57
1779906660,0.71368,0.71368,0.71366,0.71366,12
1779906720,0.71361,0.71362,0.71358,0.71358,10
1779906780,0.71358,0.71359,0.71356,0.71358,29
1779906840,0.71355,0.71357,0.71351,0.71352,30
1779906900,0.71352,0.71357,0.71352,0.71355,18
1779906960,0.7135,0.71358,0.7135,0.71357,42
1779907020,0.71358,0.71358,0.71356,0.71358,8
1779907080,0.71354,0.71355,0.71354,0.71354,9
1779907140,0.71358,0.71361,0.71358,0.71361,21
1779907200,0.71367,0.71367,0.71362,0.71362,21
1779907260,0.71365,0.71367,0.71363,0.71366,31
1779907320,0.71368,0.71368,0.71368,0.71368,1
1779907380,0.7137,0.71372,0.7137,0.71372,5
1779907440,0.71377,0.71377,0.71376,0.71377,3
1779907500,0.71375,0.71375,0.7137,0.71371,31
1779907560,0.71372,0.71372,0.71371,0.71371,10
1779907620,0.71371,0.71377,0.71371,0.71377,18
1779907680,0.71372,0.71375,0.71372,0.71374,18
1779907740,0.71374,0.71378,0.71371,0.71377,31
1779907800,0.71376,0.71377,0.71376,0.71377,3
1779907860,0.71382,0.71382,0.71377,0.71378,5
1779907920,0.71382,0.71382,0.71382,0.71382,2
1779907980,0.7138,0.71383,0.71379,0.71382,16
1779908040,0.71377,0.71381,0.71377,0.7138,24
1779908160,0.71393,0.71393,0.71392,0.71392,8
1779908220,0.71395,0.71397,0.71394,0.71395,12
1779908280,0.71392,0.71393,0.71392,0.71393,7
1779908340,0.71391,0.71394,0.71389,0.71393,30
1779908460,0.71383,0.71385,0.71382,0.71384,32
1779908520,0.71386,0.71392,0.71385,0.71391,36
1779908580,0.71392,0.71392,0.71391,0.71391,4
1779908640,0.71398,0.71398,0.71397,0.71397,6
1779908700,0.71403,0.71406,0.71402,0.71406,9
1779908760,0.71413,0.71417,0.71412,0.71417,16
1779908820,0.71417,0.71417,0.71415,0.71415,19
1779908880,0.71421,0.71422,0.71418,0.71419,16
1779908940,0.71417,0.71417,0.71417,0.71417,3
1779909000,0.71419,0.7142,0.71417,0.71418,31
1779909060,0.71417,0.71417,0.71414,0.71415,9
1779909120,0.71412,0.71413,0.71412,0.71413,4
1779909180,0.71412,0.71412,0.7141,0.71411,28
1779909240,0.71411,0.71412,0.71408,0.71411,23
1779909300,0.71416,0.71419,0.71414,0.71414,52
1779909360,0.71413,0.71414,0.71411,0.71411,30
1779909420,0.71414,0.71414,0.71413,0.71414,5
1779909480,0.71413,0.71414,0.71412,0.71412,12
1779909540,0.71411,0.71411,0.71406,0.71407,22
1779909600,0.7141,0.71411,0.71409,0.7141,11
1779909660,0.71408,0.71409,0.71408,0.71408,9
1779909720,0.71411,0.71411,0.71407,0.71409,18
1779909780,0.71409,0.71415,0.71407,0.71415,32
1779909840,0.71416,0.71416,0.71416,0.71416,1
1779909900,0.71413,0.71413,0.71408,0.71408,20
1779909960,0.71407,0.71411,0.71407,0.71408,23
1779910020,0.71405,0.71405,0.71401,0.71401,12
1779910080,0.71407,0.71407,0.714,0.714,18
1779910140,0.71403,0.71403,0.71399,0.71401,20
1779910200,0.71402,0.71405,0.71401,0.71403,31
1779910260,0.71396,0.71396,0.71396,0.71396,3
1779910320,0.71398,0.71399,0.71396,0.71396,22
1779910380,0.71402,0.71407,0.71402,0.71404,26
1779910440,0.71408,0.71409,0.71406,0.71409,36
1779910500,0.71408,0.71414,0.71406,0.71414,64
1779910560,0.71415,0.71416,0.71413,0.71416,18
1779910620,0.71416,0.71416,0.71416,0.71416,3
1779910680,0.7141,0.71411,0.7141,0.7141,9
1779910740,0.71416,0.7142,0.71415,0.7142,20
1779910800,0.7142,0.7142,0.71416,0.71416,14
1779910860,0.71411,0.71412,0.7141,0.71411,20
1779910920,0.71408,0.71409,0.71407,0.71408,20
1779910980,0.71407,0.71411,0.71407,0.71408,38
1779911040,0.71408,0.71409,0.71407,0.71408,7
1779911100,0.71407,0.71407,0.71403,0.71405,40
1779911160,0.71406,0.71408,0.71406,0.71406,16
1779911220,0.71405,0.71407,0.71405,0.71407,24
1779911280,0.71411,0.71412,0.71409,0.71409,21
1779911340,0.71405,0.7141,0.71405,0.71408,28
1779911400,0.71403,0.7141,0.71402,0.71404,53
1779911460,0.71406,0.71407,0.71405,0.71406,12
1779911520,0.71405,0.71407,0.71404,0.71406,18
1779911580,0.71404,0.71407,0.71404,0.71406,13
1779911640,0.71402,0.71404,0.71401,0.71404,16
1779911700,0.71404,0.71411,0.71404,0.7141,84
1779911760,0.7141,0.71415,0.7141,0.71414,34
1779911820,0.71416,0.71416,0.71413,0.71413,5
1779911880,0.71409,0.71409,0.71408,0.71409,6
1779911940,0.71412,0.71413,0.71411,0.71413,27
1779912060,0.71417,0.71419,0.71416,0.71418,40
1779912120,0.71418,0.71423,0.71418,0.71423,27
1779912180,0.71422,0.71423,0.71421,0.71421,14
1779912240,0.71421,0.71423,0.71421,0.71423,3
1779912300,0.71424,0.71427,0.71422,0.71424,30
1779912360,0.71419,0.71422,0.71419,0.71422,8
1779912420,0.71424,0.71425,0.71423,0.71425,16
1779912480,0.71424,0.71426,0.71424,0.71426,8
1779912540,0.71426,0.71427,0.71425,0.71425,15
1779912600,0.71424,0.71424,0.71424,0.71424,1
1779912660,0.71424,0.71424,0.71418,0.71418,7
1779912720,0.71417,0.71418,0.71416,0.71418,8
1779912780,0.71417,0.71418,0.71417,0.71417,8
1779912840,0.71421,0.71422,0.71421,0.71422,3
1779912900,0.71423,0.71426,0.71423,0.71424,21
1779912960,0.71423,0.71423,0.71421,0.71423,22
1779913020,0.71422,0.71423,0.71421,0.71423,12
1779913080,0.71424,0.71424,0.71424,0.71424,6
1779913140,0.71425,0.71425,0.71424,0.71424,8
1779913260,0.71421,0.71422,0.71421,0.71422,5
1779913320,0.71422,0.71422,0.71419,0.71419,10
1779913380,0.7142,0.7142,0.71418,0.7142,26
1779913440,0.71422,0.71422,0.71422,0.71422,6
1779913500,0.71423,0.71423,0.71423,0.71423,2
1779913560,0.71423,0.71425,0.71423,0.71425,5
1779913620,0.71426,0.71427,0.71426,0.71427,4
1779913680,0.71427,0.71427,0.71419,0.71419,19
1779913740,0.71418,0.7142,0.71418,0.71419,11
1779913800,0.7142,0.71423,0.7142,0.71422,12
1779913860,0.71423,0.71424,0.71422,0.71422,10
1779913920,0.71423,0.71423,0.71422,0.71422,2
1779913980,0.71422,0.71422,0.71421,0.71421,3
1779914040,0.71422,0.71422,0.71422,0.71422,3
1779914100,0.71422,0.71422,0.71416,0.71417,18
1779914160,0.71416,0.71418,0.71416,0.71418,9
1779914220,0.71419,0.71419,0.71413,0.71414,11
1779914280,0.71413,0.71414,0.71411,0.71411,14
1779914340,0.71409,0.71409,0.71407,0.71407,4
1779914400,0.71405,0.71406,0.71404,0.71404,6
1779914460,0.71404,0.71405,0.71404,0.71405,4
1779914520,0.71403,0.71405,0.71403,0.71403,7
1779914580,0.71404,0.71408,0.71404,0.71406,9
1779914640,0.71407,0.7141,0.71406,0.71409,9
1779914700,0.71409,0.71412,0.71409,0.71411,16
1779914760,0.7141,0.7141,0.71409,0.71409,2
1779914820,0.71409,0.7141,0.71409,0.7141,3
1779914880,0.71409,0.71409,0.71406,0.71407,6
1779914940,0.71404,0.71406,0.71403,0.71404,14
1779915000,0.71405,0.71413,0.71405,0.71412,39
1779915060,0.71413,0.71413,0.7141,0.71411,12
1779915120,0.71409,0.71409,0.71408,0.71408,2
1779915180,0.71409,0.71409,0.71409,0.71409,1
1779915240,0.71415,0.71416,0.71415,0.71416,4
1779915300,0.71414,0.71415,0.71413,0.71413,8
1779915360,0.71411,0.71411,0.7141,0.7141,4
1779915420,0.7141,0.7141,0.71408,0.71408,13
1779915480,0.71408,0.71413,0.71407,0.71411,23
1779915660,0.71401,0.71401,0.71401,0.71401,2
1779915900,0.71401,0.71401,0.71401,0.71401,1
1779916380,0.7141,0.7141,0.7141,0.7141,1
1779916440,0.7141,0.7141,0.7141,0.7141,1
1779916800,0.7134,0.71354,0.7134,0.7134,4
1779916860,0.7134,0.7134,0.7134,0.7134,1
1779916920,0.7134,0.71347,0.7134,0.71347,2
1779916980,0.71354,0.71354,0.71345,0.71345,8
1779917040,0.7134,0.7134,0.7134,0.7134,1
1779917100,0.7134,0.71356,0.7134,0.71356,2
1779917160,0.7134,0.7134,0.7134,0.7134,1
1779917460,0.71356,0.71356,0.71356,0.71356,1
1779917520,0.71347,0.71347,0.71347,0.71347,3
1779917580,0.71367,0.71367,0.71367,0.71367,3
1779917640,0.71382,0.71382,0.7138,0.7138,8
1779917700,0.7138,0.71401,0.71374,0.71399,17
1779917760,0.71398,0.71403,0.71379,0.71379,31
1779917820,0.71392,0.71392,0.71392,0.71392,1
1779917880,0.7139,0.7139,0.7139,0.7139,1
1779917940,0.71347,0.71351,0.71347,0.71347,4
1779918000,0.71395,0.71413,0.7139,0.71391,14
1779918060,0.71397,0.71397,0.71377,0.71377,7
1779918120,0.71374,0.71382,0.71369,0.71382,26
1779918180,0.7138,0.7138,0.7138,0.7138,2
1779918300,0.7137,0.71371,0.7137,0.7137,6
1779918360,0.71382,0.71382,0.71382,0.71382,1
1779918420,0.7138,0.7138,0.7138,0.7138,1
1779918480,0.71381,0.71381,0.71377,0.7138,8
1779918540,0.71359,0.71359,0.71359,0.71359,1
1779918660,0.7136,0.7136,0.7136,0.7136,1
1779918720,0.71353,0.71353,0.71353,0.71353,2
1779918780,0.71353,0.71353,0.71353,0.71353,1
1779918840,0.71347,0.71347,0.71346,0.71347,16
1779918900,0.71346,0.71346,0.71331,0.71332,9
1779918960,0.71327,0.71327,0.71327,0.71327,8
1779919020,0.71332,0.71357,0.71332,0.71357,10
1779919080,0.71377,0.71377,0.71377,0.71377,2
1779919140,0.71382,0.71387,0.71363,0.71382,26
1779919260,0.71411,0.71413,0.7141,0.7141,20
1779919320,0.7142,0.71423,0.71419,0.71423,23
1779919380,0.71421,0.71422,0.71421,0.71422,5
1779919440,0.7142,0.7142,0.7142,0.7142,2
1779919500,0.71413,0.71423,0.71408,0.71423,27
1779919560,0.71423,0.71425,0.71423,0.71424,6
1779919620,0.71424,0.71425,0.71423,0.71423,6
1779919680,0.71424,0.71428,0.71424,0.71428,6
1779919740,0.71428,0.71428,0.71424,0.71427,12
1779919860,0.71415,0.71418,0.71415,0.71418,3
1779919920,0.71417,0.71419,0.71417,0.71419,5
1779919980,0.71427,0.71427,0.71426,0.71426,5
1779920040,0.71425,0.71426,0.71424,0.71425,10
1779920100,0.71424,0.71428,0.71422,0.71428,13
1779920160,0.71428,0.71428,0.71424,0.71424,16
1779920220,0.71425,0.71425,0.71425,0.71425,1
1779920280,0.71422,0.71427,0.71422,0.71427,9
1779920340,0.71424,0.71425,0.71421,0.71422,15
1779920400,0.71423,0.71425,0.71422,0.71425,11
1779920460,0.71423,0.71425,0.71423,0.71425,6
1779920520,0.71427,0.7143,0.71427,0.7143,6
1779920580,0.71427,0.7143,0.71427,0.71429,12
1779920640,0.71427,0.71427,0.71426,0.71427,3
1779920700,0.71428,0.71428,0.71424,0.71425,10
1779920760,0.71429,0.7143,0.71428,0.71429,15
1779920820,0.71426,0.71428,0.71426,0.71428,12
1779920880,0.71428,0.71428,0.71422,0.71422,15
1779920940,0.71419,0.71419,0.71419,0.71419,1
1779921000,0.71418,0.7142,0.7141,0.71411,42
1779921060,0.7141,0.7141,0.71409,0.7141,7
1779921120,0.71413,0.71413,0.71413,0.71413,2
1779921180,0.71415,0.71415,0.71412,0.71412,6
1779921240,0.71414,0.71415,0.71414,0.71415,4
1779921300,0.71417,0.7142,0.71416,0.71416,16
1779921360,0.71419,0.7142,0.71416,0.71416,8
1779921420,0.71418,0.71418,0.71417,0.71418,8
1779921480,0.71418,0.7142,0.71418,0.7142,9
1779921540,0.71419,0.7142,0.71419,0.7142,2
1779921600,0.71418,0.71419,0.71415,0.71419,31
1779921660,0.7142,0.71421,0.7142,0.71421,7
1779921780,0.71419,0.71419,0.71418,0.71419,4
1779921840,0.7142,0.7142,0.71419,0.71419,4
1779921900,0.71418,0.7142,0.71417,0.71418,23
1779921960,0.71419,0.71419,0.71418,0.71418,4
1779922020,0.71419,0.71419,0.71415,0.71415,13
1779922080,0.71415,0.71415,0.71412,0.71413,6
1779922140,0.71411,0.71411,0.71411,0.71411,3
1779922200,0.71414,0.71415,0.71414,0.71415,3
1779922260,0.71415,0.7142,0.71415,0.71419,12
1779922320,0.71418,0.71419,0.71418,0.71419,4
1779922380,0.71423,0.71423,0.71421,0.71421,7
1779922440,0.71423,0.71423,0.71422,0.71422,6
1779922500,0.7142,0.71424,0.7142,0.71424,11
1779922560,0.7142,0.7142,0.7142,0.7142,3
1779922620,0.71421,0.71421,0.71419,0.71419,4
1779922680,0.7142,0.7142,0.7142,0.7142,1
1779922740,0.7142,0.7142,0.71419,0.7142,4
1779922800,0.71418,0.71419,0.71415,0.71419,36
1779922860,0.71419,0.71419,0.71418,0.71418,10
1779922920,0.71419,0.71419,0.71419,0.71419,3
1779922980,0.71423,0.71424,0.71423,0.71424,5
1779923040,0.71421,0.71422,0.71421,0.71422,8
1779923100,0.71421,0.71425,0.71421,0.71424,10
1779923160,0.71428,0.71429,0.71427,0.71427,7
1779923220,0.71428,0.71428,0.71427,0.71427,3
1779923280,0.71425,0.71425,0.71425,0.71425,3
1779923340,0.71425,0.71426,0.71425,0.71426,3
1779923400,0.71428,0.71429,0.71426,0.71429,13
1779923460,0.71429,0.7143,0.71429,0.7143,2
1779923520,0.7143,0.71431,0.7143,0.7143,8
1779923580,0.71429,0.7143,0.71429,0.7143,3
1779923640,0.7143,0.7143,0.7143,0.7143,3
1779923700,0.71429,0.71432,0.71429,0.71432,23
1779923760,0.71431,0.71431,0.7143,0.71431,6
1779923820,0.71438,0.7144,0.71438,0.71439,12
1779923880,0.71439,0.71439,0.71439,0.71439,7
1779923940,0.7144,0.71443,0.71437,0.71442,20
1779924000,0.71441,0.71444,0.71439,0.71439,19
1779924060,0.71431,0.71431,0.71419,0.7142,16
1779924120,0.71417,0.71418,0.71407,0.71407,21
1779924180,0.71392,0.71393,0.71389,0.71393,24
1779924240,0.71383,0.71392,0.71383,0.71392,20
1779924300,0.71395,0.71397,0.71389,0.71397,34
1779924360,0.71396,0.71397,0.71389,0.71389,28
1779924420,0.71391,0.71394,0.71391,0.71394,5
1779924480,0.7139,0.7139,0.71386,0.71386,11
1779924540,0.7139,0.71392,0.7139,0.71392,5
1779924600,0.71394,0.71394,0.71387,0.71387,36
1779924660,0.71383,0.71389,0.71383,0.71388,16
1779924720,0.7139,0.71397,0.7139,0.71397,16
1779924780,0.71395,0.71396,0.71394,0.71396,5
1779924840,0.7139,0.71391,0.7139,0.71391,6
1779924900,0.71379,0.71381,0.71356,0.7136,49
1779924960,0.71358,0.71359,0.71356,0.71359,11
1779925020,0.71366,0.71368,0.71366,0.71368,4
1779925080,0.71369,0.71369,0.71364,0.71365,13
1779925140,0.71366,0.71366,0.71366,0.71366,1
1779925200,0.71373,0.71374,0.71373,0.71374,9
1779925260,0.71369,0.7137,0.71368,0.71369,8
1779925320,0.71369,0.7137,0.71369,0.7137,4
1779925380,0.71378,0.71379,0.71376,0.71377,19
1779925440,0.71369,0.71372,0.71369,0.71371,27
1779925500,0.71371,0.71373,0.71364,0.71364,38
1779925560,0.71366,0.71366,0.71365,0.71365,7
1779925620,0.71359,0.7136,0.71359,0.7136,11
1779925680,0.7136,0.71369,0.7136,0.71369,11
1779925740,0.71369,0.71369,0.71365,0.71365,17
1779925800,0.71366,0.71366,0.71364,0.71364,18
1779925860,0.71362,0.71362,0.71344,0.71344,15
1779925920,0.71329,0.71333,0.71328,0.71331,22
1779925980,0.71328,0.71334,0.71328,0.71333,30
1779926040,0.71336,0.71338,0.71335,0.71337,28
1779926160,0.7134,0.7134,0.7134,0.7134,1
1779926220,0.7135,0.71351,0.71348,0.71351,11
1779926280,0.71342,0.71342,0.7134,0.7134,11
1779926340,0.71336,0.71337,0.71333,0.71337,13
1779926460,0.71303,0.71319,0.71302,0.71318,78
1779926520,0.71319,0.71321,0.71315,0.71318,71
1779926580,0.7132,0.7132,0.71317,0.71317,6
1779926640,0.71321,0.71322,0.71318,0.71319,17
1779926700,0.71323,0.71324,0.71319,0.71322,27
1779926760,0.71312,0.71317,0.71305,0.71307,27
1779926820,0.71303,0.71308,0.71298,0.71308,32
1779926880,0.71308,0.71313,0.71308,0.71311,34
1779926940,0.71315,0.71324,0.71315,0.71322,53
1779927060,0.7131,0.7131,0.71308,0.71308,6
1779927120,0.71309,0.7131,0.71308,0.7131,13
1779927180,0.7131,0.71316,0.7131,0.71314,24
1779927240,0.71315,0.71325,0.71315,0.7132,38
1779927300,0.71309,0.71321,0.71306,0.71317,87
1779927360,0.71318,0.7132,0.71308,0.71309,50
1779927420,0.71313,0.71313,0.71313,0.71313,1
1779927480,0.71329,0.71334,0.71329,0.71333,13
1779927540,0.71344,0.71344,0.71341,0.71341,15
1779927600,0.71336,0.71343,0.71333,0.71343,67
1779927660,0.71344,0.71345,0.71343,0.71343,18
1779927720,0.71351,0.71352,0.71348,0.71348,28
1779927780,0.71355,0.71355,0.71351,0.71352,28
1779927840,0.71355,0.71355,0.7135,0.71351,23
1779927900,0.71343,0.71344,0.71329,0.71332,46
1779927960,0.71334,0.71337,0.71333,0.71337,15
1779928020,0.71335,0.71336,0.71332,0.71333,16
1779928080,0.71332,0.71339,0.71332,0.71339,27
1779928140,0.71343,0.71343,0.7134,0.71342,23
1779928200,0.7134,0.7134,0.71299,0.71299,121
1779928260,0.71303,0.71303,0.71282,0.71285,68
1779928320,0.71292,0.71292,0.71292,0.71292,2
1779928380,0.71315,0.71315,0.71312,0.71312,12
1779928440,0.71309,0.71309,0.71302,0.71302,14
1779928500,0.71307,0.71307,0.71303,0.71303,18
1779928560,0.71309,0.7131,0.71306,0.71308,41
1779928620,0.71301,0.71303,0.71301,0.71302,28
1779928680,0.71304,0.71304,0.71298,0.71302,37
1779928740,0.713,0.71301,0.71297,0.71297,30
1779928800,0.71298,0.71307,0.71297,0.71307,45
1779928860,0.71306,0.71308,0.71306,0.71306,18
1779928920,0.71309,0.71314,0.71309,0.71314,12
1779928980,0.71315,0.71318,0.71311,0.71317,25
1779929040,0.71303,0.71305,0.71295,0.71295,27
1779929160,0.71293,0.71293,0.71292,0.71293,5
1779929220,0.71294,0.71294,0.7129,0.71292,17
1779929280,0.71295,0.71295,0.71292,0.71295,17
1779929340,0.71304,0.71308,0.71302,0.71307,26
1779929400,0.71302,0.71309,0.71292,0.71294,79
1779929460,0.71293,0.71299,0.71292,0.71299,37
1779929520,0.71297,0.713,0.71297,0.71299,9
1779929580,0.71297,0.71302,0.71297,0.71302,11
1779929640,0.71298,0.71298,0.71293,0.71293,28
1779929700,0.71285,0.71291,0.71281,0.71287,85
1779929760,0.71287,0.71287,0.71282,0.71283,33
1779929820,0.71286,0.71288,0.71284,0.71285,43
1779929880,0.71293,0.71293,0.71292,0.71293,5
1779929940,0.71315,0.71315,0.71313,0.71315,15
1779930060,0.71302,0.71308,0.71301,0.71305,36
1779930120,0.71308,0.71311,0.71303,0.71309,47
1779930180,0.71303,0.71305,0.713,0.71305,44
1779930240,0.71305,0.71317,0.71305,0.71309,61
1779930300,0.71313,0.71315,0.71309,0.71312,55
1779930360,0.71302,0.7131,0.71302,0.71308,25
1779930420,0.71307,0.71313,0.71307,0.71309,38
1779930480,0.71324,0.71331,0.71323,0.71324,39
1779930540,0.71326,0.71328,0.71321,0.71322,45
1779930600,0.71319,0.71331,0.71319,0.71322,90
1779930660,0.71323,0.71323,0.71323,0.71323,2
1779930720,0.71322,0.71322,0.71315,0.71315,22
1779930780,0.71313,0.71315,0.713,0.71304,40
1779930840,0.71304,0.71307,0.71299,0.71301,47
1779930900,0.71301,0.7131,0.71296,0.71305,145
1779930960,0.71307,0.71309,0.71302,0.71306,72
1779931020,0.71309,0.71309,0.71308,0.71308,4
1779931080,0.71291,0.71292,0.71288,0.71291,19
1779931140,0.71291,0.71295,0.7129,0.71294,17
1779931200,0.71293,0.71295,0.71279,0.71282,73
1779931260,0.71282,0.71285,0.71281,0.71284,29
1779931320,0.71282,0.71284,0.71278,0.7128,53
1779931380,0.71284,0.71284,0.71283,0.71283,3
1779931440,0.71288,0.71292,0.71288,0.7129,14
1779931500,0.71287,0.71287,0.71259,0.71263,66
1779931560,0.71262,0.71264,0.71258,0.71259,32
1779931620,0.71256,0.7126,0.71253,0.71259,32
1779931680,0.71253,0.71258,0.71251,0.71256,38
1779931740,0.71252,0.71263,0.71252,0.71263,45
1779931800,0.71259,0.71261,0.71246,0.71252,55
1779931860,0.7125,0.71254,0.71249,0.71253,13
1779931920,0.71238,0.71239,0.71227,0.71229,30
1779931980,0.71215,0.71228,0.71215,0.71224,43
1779932040,0.71226,0.71233,0.71225,0.71231,60
1779932160,0.71224,0.71225,0.71224,0.71225,5
1779932220,0.71233,0.71233,0.71224,0.71227,28
1779932280,0.71242,0.71242,0.71238,0.71238,28
1779932340,0.71235,0.71236,0.71232,0.71233,34
1779932400,0.71229,0.71229,0.71209,0.71211,94
1779932460,0.71212,0.71215,0.71208,0.7121,53
1779932520,0.71208,0.71208,0.71206,0.71208,8
1779932580,0.71207,0.71215,0.71207,0.71214,23
1779932640,0.71224,0.71225,0.71222,0.71224,23
1779932700,0.7122,0.7122,0.71203,0.71206,94
1779932760,0.7121,0.71213,0.71206,0.71208,37
1779932820,0.71201,0.71206,0.71201,0.71205,34
1779932880,0.71205,0.71215,0.71205,0.71215,51
1779932940,0.71217,0.71219,0.71217,0.71219,6
1779933000,0.71219,0.71219,0.71217,0.71218,9
1779933060,0.71227,0.71231,0.71221,0.71231,27
1779933120,0.71221,0.71221,0.71219,0.7122,24
1779933180,0.7123,0.71232,0.71221,0.71221,35
1779933240,0.71224,0.71229,0.71223,0.71228,27
1779933360,0.71209,0.71209,0.71209,0.71209,2
1779933420,0.71194,0.71194,0.71191,0.71192,15
1779933480,0.71195,0.71195,0.71193,0.71193,10
1779933540,0.71197,0.71199,0.71192,0.71192,22
1779933660,0.71196,0.712,0.71192,0.71198,51
1779933720,0.71196,0.71196,0.71193,0.71194,6
1779933780,0.71204,0.71204,0.71197,0.71198,16
1779933840,0.71196,0.71201,0.71196,0.71201,19
1779933900,0.71194,0.71202,0.71191,0.71202,79
1779933960,0.71203,0.71206,0.71202,0.71205,36
1779934020,0.71212,0.71215,0.7121,0.7121,42
1779934080,0.71197,0.71204,0.71197,0.71203,41
1779934140,0.71204,0.71204,0.71202,0.71204,9
1779934200,0.71214,0.71215,0.71209,0.71209,53
1779934260,0.71209,0.7121,0.71207,0.7121,16
1779934320,0.71219,0.7122,0.71216,0.71219,30
1779934380,0.71226,0.71234,0.71225,0.7123,38
1779934440,0.71229,0.71231,0.71226,0.71229,52
1779934500,0.71231,0.71235,0.71231,0.71234,38
1779934560,0.71237,0.71238,0.71237,0.71238,4
1779934620,0.71228,0.71228,0.71227,0.71227,8
1779934680,0.71223,0.71225,0.71223,0.71224,13
1779934740,0.71229,0.7123,0.71228,0.71228,16
1779934800,0.71235,0.71243,0.71234,0.7124,57
1779934860,0.71235,0.71241,0.71235,0.7124,39
1779934920,0.71236,0.71242,0.71235,0.71241,35
1779934980,0.7124,0.71242,0.71239,0.71242,35
1779935040,0.71241,0.71243,0.7124,0.71242,8
1779935100,0.7124,0.71241,0.71237,0.71237,37
1779935160,0.71239,0.71243,0.71238,0.71239,24
1779935220,0.71243,0.71243,0.71239,0.71239,14
1779935280,0.71235,0.71242,0.71235,0.7124,21
1779935340,0.7124,0.7124,0.7124,0.7124,2
1779935400,0.71242,0.71257,0.71242,0.71257,56
1779935460,0.71252,0.71252,0.71251,0.71252,6
1779935520,0.71251,0.71253,0.71251,0.71253,13
1779935580,0.71249,0.71255,0.71249,0.71255,25
1779935640,0.71254,0.71256,0.71252,0.71254,37
1779935700,0.7125,0.71251,0.71247,0.71248,46
1779935760,0.71247,0.71248,0.71243,0.71243,25
1779935820,0.71245,0.71245,0.71245,0.71245,1
1779935880,0.71239,0.71239,0.71236,0.71236,13
1779935940,0.71237,0.7124,0.71237,0.71239,11
1779936000,0.71248,0.7125,0.71239,0.71241,72
1779936060,0.71242,0.71242,0.71226,0.71227,53
1779936120,0.71217,0.71221,0.71214,0.71219,36
1779936180,0.71212,0.71213,0.71212,0.71213,4
1779936240,0.71218,0.7122,0.71217,0.71219,10
1779936300,0.71222,0.71222,0.71197,0.71205,82
1779936360,0.71197,0.712,0.71194,0.712,29
1779936420,0.71206,0.71212,0.71202,0.71212,35
1779936480,0.71217,0.71218,0.71212,0.71213,16
1779936540,0.71222,0.71231,0.71222,0.71231,40
1779936660,0.71226,0.71226,0.71225,0.71225,4
1779936720,0.71233,0.71235,0.71233,0.71234,10
1779936780,0.71238,0.71239,0.71237,0.71239,10
1779936840,0.71245,0.71245,0.71233,0.71233,35
1779936900,0.71234,0.71239,0.71231,0.71233,65
1779936960,0.71232,0.71234,0.71231,0.71234,26
1779937020,0.71239,0.71242,0.71236,0.71241,24
1779937080,0.71241,0.71242,0.71241,0.71241,10
1779937140,0.71241,0.71243,0.71238,0.71242,27
1779937260,0.71256,0.71256,0.71249,0.71249,47
1779937320,0.71251,0.71267,0.7125,0.71264,50
1779937380,0.71267,0.71267,0.71267,0.71267,2
1779937440,0.71275,0.71276,0.71272,0.71272,12
1779937500,0.71259,0.7126,0.7125,0.71255,80
1779937560,0.71251,0.71252,0.71246,0.71249,25
1779937620,0.71249,0.71249,0.7124,0.71241,46
1779937680,0.71246,0.71249,0.71237,0.71238,43
1779937740,0.71231,0.71233,0.71231,0.71233,4
1779937800,0.71236,0.71236,0.71233,0.71235,40
1779937860,0.7123,0.71231,0.71224,0.71224,12
1779937920,0.71218,0.71224,0.71217,0.71217,34
1779937980,0.71206,0.71207,0.71198,0.71201,47
1779938040,0.71195,0.71198,0.71193,0.71194,38
1779938100,0.71179,0.71182,0.71162,0.71167,54
1779938160,0.71153,0.71161,0.71153,0.71161,15
1779938220,0.71165,0.71168,0.71164,0.71167,12
1779938280,0.71159,0.7116,0.71156,0.71156,37
1779938340,0.71128,0.71139,0.71128,0.71135,48
1779938400,0.71139,0.71147,0.71132,0.71139,119
1779938460,0.71138,0.7114,0.71133,0.71134,41
1779938520,0.71128,0.71132,0.71128,0.71132,11
1779938580,0.71114,0.71116,0.7111,0.71112,21
1779938640,0.71122,0.71125,0.71122,0.71124,27
1779938700,0.71118,0.71128,0.71118,0.71124,66
1779938760,0.71122,0.71125,0.71122,0.71123,27
1779938820,0.71128,0.71131,0.71128,0.71129,32
1779938880,0.7113,0.71139,0.7113,0.71135,37
1779938940,0.71139,0.7114,0.71138,0.7114,6
1779939000,0.71123,0.71125,0.71105,0.71108,103
1779939060,0.71094,0.71099,0.71091,0.71091,38
1779939120,0.71087,0.71096,0.71084,0.71094,44
1779939180,0.71079,0.71079,0.71071,0.71073,49
1779939240,0.71069,0.71076,0.71062,0.71076,67
1779939300,0.71084,0.71095,0.71082,0.71093,81
1779939360,0.71091,0.71091,0.71085,0.71089,20
1779939420,0.7108,0.71081,0.71079,0.7108,18
1779939480,0.71074,0.71076,0.71065,0.71066,32
1779939540,0.71056,0.71061,0.71054,0.71055,37
1779939600,0.71045,0.7106,0.71043,0.71049,131
1779939660,0.71044,0.71055,0.71041,0.71048,74
1779939720,0.71043,0.71043,0.71041,0.71041,7
1779939780,0.71034,0.71037,0.71032,0.71037,20
1779939840,0.71038,0.7104,0.71036,0.71039,24
1779939900,0.71038,0.71046,0.71031,0.71045,112
1779939960,0.71049,0.71055,0.71049,0.71052,68
1779940020,0.71042,0.71047,0.71032,0.71037,79
1779940080,0.71048,0.71051,0.71048,0.71049,7
1779940140,0.71024,0.71024,0.71023,0.71024,12
1779940200,0.71019,0.71025,0.71019,0.71024,29
1779940260,0.70999,0.71006,0.70998,0.71005,34
1779940320,0.71031,0.71032,0.71027,0.71031,42
1779940380,0.71034,0.71037,0.71027,0.71028,37
1779940440,0.71031,0.71035,0.7103,0.71034,40
1779940560,0.71019,0.71019,0.71018,0.71018,6
1779940620,0.71007,0.7101,0.71006,0.7101,18
1779940680,0.7102,0.7102,0.71014,0.71016,36
1779940740,0.71023,0.71027,0.71021,0.71023,35
1779940860,0.71027,0.71031,0.71005,0.71009,97
1779940920,0.71008,0.71009,0.71007,0.71007,8
1779940980,0.71,0.71005,0.70994,0.70994,21
1779941040,0.70984,0.70985,0.70982,0.70982,27
1779941100,0.71009,0.71009,0.70978,0.70981,121
1779941160,0.70984,0.70997,0.70983,0.70996,52
1779941220,0.70997,0.71006,0.70995,0.71004,70
1779941280,0.71005,0.71007,0.71005,0.71007,6
1779941340,0.71016,0.71017,0.71016,0.71016,9
1779941400,0.71026,0.7103,0.71024,0.71026,66
1779941460,0.71027,0.71027,0.71022,0.71026,17
1779941520,0.71027,0.71031,0.71026,0.7103,30
1779941580,0.71032,0.71036,0.7103,0.71035,32
1779941640,0.71035,0.71035,0.71032,0.71035,25
1779941760,0.71045,0.71045,0.71045,0.71045,2
1779941820,0.71045,0.71045,0.71042,0.71045,20
1779941880,0.7104,0.71045,0.71039,0.71045,11
1779941940,0.71037,0.71038,0.71034,0.71035,34
1779942000,0.71018,0.71018,0.70998,0.70998,99
1779942060,0.70998,0.71003,0.70996,0.70999,40
1779942120,0.70991,0.71,0.70991,0.71,69
1779942180,0.71013,0.71015,0.71013,0.71015,7
1779942240,0.71017,0.71017,0.71015,0.71015,7
1779942300,0.71018,0.71019,0.7101,0.71012,79
1779942360,0.71012,0.71012,0.71002,0.71002,27
1779942420,0.71003,0.71005,0.70997,0.71004,61
1779942480,0.70996,0.71003,0.70992,0.70993,55
1779942540,0.70999,0.70999,0.70999,0.70999,2
1779942600,0.71001,0.71013,0.70999,0.71011,75
1779942660,0.71008,0.71011,0.71008,0.71011,13
1779942720,0.71015,0.71016,0.71013,0.71016,13
1779942780,0.71018,0.7102,0.71017,0.71018,24
1779942840,0.7102,0.71024,0.71019,0.71022,26
1779942960,0.71014,0.71014,0.71014,0.71014,2
1779943020,0.71007,0.71007,0.71002,0.71003,11
1779943080,0.71019,0.7102,0.71019,0.71019,10
1779943140,0.7102,0.7102,0.71019,0.71019,10
1779943200,0.71028,0.71035,0.71028,0.71031,48
1779943260,0.71031,0.71032,0.71029,0.71032,31
1779943320,0.7103,0.7103,0.71026,0.7103,29
1779943380,0.71021,0.71021,0.71018,0.71018,20
1779943440,0.7102,0.71025,0.7102,0.71025,10
1779943500,0.71026,0.71028,0.71022,0.71025,64
1779943560,0.71024,0.71025,0.71017,0.71017,20
1779943620,0.71015,0.7102,0.71015,0.7102,29
1779943680,0.71021,0.71023,0.71021,0.71021,15
1779943740,0.71018,0.71029,0.71018,0.71029,26
1779943800,0.7103,0.7103,0.71021,0.71021,37
1779943860,0.71023,0.71023,0.71023,0.71023,2
1779943920,0.71037,0.71038,0.71037,0.71037,9
1779943980,0.71037,0.71037,0.71031,0.71031,31
1779944040,0.71034,0.71037,0.71033,0.71035,21
1779944100,0.71033,0.71043,0.71033,0.71041,70
1779944160,0.71041,0.71051,0.71038,0.71049,39
1779944220,0.7105,0.7105,0.71048,0.71048,7
1779944280,0.7104,0.71041,0.7104,0.71041,6
1779944340,0.71041,0.71043,0.7104,0.7104,28
1779944460,0.71019,0.71025,0.71017,0.71025,26
1779944520,0.7102,0.71025,0.71017,0.71025,58
1779944580,0.71022,0.71023,0.71018,0.71021,15
1779944640,0.71025,0.71037,0.71025,0.71035,23
1779944700,0.71034,0.71042,0.71034,0.71039,64
1779944760,0.71038,0.7104,0.71038,0.71039,29
1779944820,0.71039,0.71046,0.71033,0.71042,42
1779944880,0.71051,0.71055,0.71047,0.71049,38
1779944940,0.71051,0.71052,0.71046,0.71048,29
1779945000,0.7105,0.7105,0.71038,0.71042,50
1779945060,0.71046,0.71047,0.71042,0.71042,25
1779945120,0.71049,0.7106,0.71049,0.71059,21
1779945180,0.71059,0.71063,0.71055,0.71063,29
1779945240,0.71065,0.71071,0.71064,0.7107,40
1779945360,0.71065,0.71065,0.71064,0.71064,4
1779945420,0.71068,0.71069,0.71066,0.71069,13
1779945480,0.71071,0.71071,0.71069,0.7107,9
1779945540,0.71079,0.71081,0.71077,0.71078,34
1779945600,0.71076,0.71086,0.71075,0.71084,59
1779945660,0.71086,0.71086,0.71085,0.71085,26
1779945720,0.71085,0.71085,0.71079,0.71085,28
1779945780,0.71085,0.71086,0.71085,0.71086,5
1779945840,0.71095,0.71111,0.71095,0.7111,60
1779945900,0.71111,0.71118,0.7111,0.71111,64
1779945960,0.71113,0.71116,0.71106,0.71116,79
1779946020,0.71116,0.7113,0.71115,0.71121,115
1779946080,0.71122,0.71137,0.71121,0.71137,79
1779946140,0.71136,0.71141,0.71135,0.71136,108
1779946200,0.71138,0.71156,0.71135,0.71154,162
1779946260,0.71155,0.71155,0.71133,0.71144,139
1779946320,0.71145,0.71158,0.71143,0.71157,113
1779946380,0.71158,0.71181,0.71158,0.7118,137
1779946440,0.71179,0.71188,0.71175,0.71186,115
1779946500,0.71184,0.71184,0.71163,0.71169,110
1779946560,0.71169,0.71171,0.71163,0.7117,110
1779946620,0.7117,0.7117,0.7115,0.7115,104
1779946680,0.71152,0.71164,0.71151,0.71163,81
1779946740,0.71163,0.71171,0.71163,0.7117,88
1779946800,0.7117,0.71179,0.71166,0.71169,104
1779946860,0.71169,0.71172,0.71163,0.71164,76
1779946920,0.71164,0.71169,0.71158,0.71158,105
1779946980,0.71159,0.71165,0.71156,0.71156,73
1779947040,0.71156,0.71156,0.71144,0.71147,69
1779947100,0.71148,0.71165,0.71148,0.7116,90
1779947280,0.71161,0.71173,0.71161,0.71171,59
1779947340,0.71175,0.71181,0.71175,0.71181,5
1779947400,0.71179,0.71183,0.71177,0.71183,23
1779947460,0.71196,0.71205,0.71193,0.71205,91
1779947520,0.71205,0.71205,0.71196,0.71199,76
1779947580,0.71199,0.71199,0.71181,0.71185,90
1779947640,0.71185,0.71186,0.71178,0.71182,87
1779947700,0.71182,0.71187,0.71175,0.71176,111
1779947760,0.71177,0.71184,0.71175,0.71184,64
1779947820,0.71182,0.71184,0.71174,0.71177,79
1779947940,0.71169,0.71171,0.71162,0.71163,24
1779948060,0.71159,0.71165,0.71158,0.71164,32
1779948120,0.71169,0.7118,0.71169,0.71179,40
1779948180,0.71192,0.71192,0.71182,0.71189,51
1779948240,0.71194,0.71194,0.71194,0.71194,1
1779948300,0.71183,0.71185,0.71182,0.71185,17
1779948360,0.71183,0.71183,0.71179,0.71179,22
1779948420,0.71178,0.71181,0.71176,0.71181,30
1779948480,0.71179,0.7118,0.71178,0.71178,24
1779948540,0.71179,0.71184,0.71179,0.71184,32
1779948600,0.71184,0.71196,0.7118,0.71195,52
1779948660,0.71195,0.71196,0.71194,0.71195,11
1779948720,0.71186,0.71188,0.71184,0.71186,20
1779948780,0.71189,0.71199,0.71189,0.71199,34
1779948840,0.71198,0.71205,0.71197,0.71205,35
1779948900,0.71212,0.71213,0.71204,0.71209,78
1779948960,0.71209,0.71215,0.71209,0.71215,24
1779949020,0.71214,0.7122,0.71214,0.71218,53
1779949080,0.71221,0.71221,0.7122,0.7122,2
1779949140,0.71229,0.7123,0.71227,0.71228,11
1779949200,0.71229,0.7124,0.71228,0.71239,83
1779949260,0.71248,0.7125,0.71244,0.71245,25
1779949320,0.71246,0.71256,0.71246,0.71256,22
1779949380,0.71255,0.71256,0.71253,0.71256,25
1779949440,0.71245,0.71247,0.71234,0.71235,39
1779949500,0.71232,0.71248,0.71231,0.71248,70
1779949560,0.71253,0.71254,0.71252,0.71253,8
1779949620,0.71246,0.71249,0.71239,0.7124,30
1779949680,0.71237,0.71238,0.71234,0.71234,26
1779949740,0.71224,0.71225,0.71215,0.71218,35
1779949800,0.71227,0.7123,0.71218,0.7122,73
1779949860,0.71221,0.71222,0.71218,0.71219,34
1779949920,0.71222,0.71225,0.71216,0.71217,41
1779949980,0.71224,0.71225,0.71224,0.71225,7
1779950040,0.71215,0.71216,0.7121,0.7121,23
1779950100,0.71215,0.71223,0.71211,0.7122,77
1779950160,0.71223,0.71229,0.71223,0.71227,30
1779950220,0.71228,0.7123,0.71227,0.71229,31
1779950280,0.71236,0.71241,0.71236,0.71236,31
1779950340,0.71229,0.7123,0.71229,0.7123,4
1779950400,0.71224,0.71227,0.71219,0.71227,50
1779950460,0.71222,0.71222,0.71221,0.71222,4
1779950520,0.71219,0.71219,0.71212,0.71212,19
1779950580,0.71212,0.71216,0.71212,0.71214,28
1779950640,0.71212,0.71212,0.71206,0.71207,33
1779950760,0.71229,0.71229,0.71225,0.71225,7
1779950820,0.71214,0.71217,0.71214,0.71216,14
1779950880,0.71222,0.71224,0.71222,0.71223,7
1779950940,0.71218,0.7122,0.71218,0.7122,17
1779951000,0.71225,0.71225,0.71219,0.71219,27
1779951060,0.71212,0.71212,0.71204,0.71204,45
1779951120,0.71197,0.71208,0.71197,0.71207,25
1779951180,0.71209,0.71209,0.71204,0.71208,29
1779951240,0.71209,0.7121,0.71208,0.71209,26
1779951300,0.71208,0.71209,0.71207,0.71207,4
1779951360,0.71213,0.71215,0.71213,0.71215,16
1779951420,0.71215,0.71217,0.71214,0.71216,14
1779951480,0.71214,0.71217,0.71214,0.71215,34
1779951540,0.7121,0.71211,0.71207,0.71209,17
1779951660,0.71241,0.71243,0.7123,0.71231,52
1779951720,0.71241,0.71241,0.71239,0.71239,6
1779951780,0.71222,0.71223,0.7122,0.71221,12
1779951840,0.71234,0.71236,0.71227,0.71227,28
1779951900,0.71238,0.71239,0.71233,0.71234,20
1779951960,0.71231,0.71237,0.7123,0.71235,36
1779952020,0.71223,0.71225,0.71223,0.71224,34
1779952080,0.71227,0.71227,0.71227,0.71227,2
1779952140,0.71236,0.71238,0.71236,0.71237,12
1779952200,0.71235,0.71236,0.71221,0.71223,82
1779952260,0.71218,0.71231,0.71216,0.7123,39
1779952320,0.71243,0.7125,0.7124,0.7125,30
1779952380,0.71239,0.71248,0.71239,0.71246,46
1779952440,0.7125,0.7125,0.71249,0.7125,6
1779952500,0.71253,0.71253,0.71239,0.71243,77
1779952560,0.71233,0.71235,0.71232,0.71235,16
1779952620,0.7123,0.71234,0.71228,0.71234,34
1779952680,0.71249,0.71253,0.71248,0.71252,38
1779952740,0.71247,0.71247,0.71238,0.71239,29
1779952800,0.71255,0.71258,0.71249,0.71258,80
1779952860,0.71257,0.71261,0.71255,0.71255,54
1779952920,0.71259,0.71259,0.71258,0.71258,2
1779952980,0.71255,0.71256,0.7125,0.71254,20
1779953040,0.71264,0.71266,0.71263,0.71264,29
1779953100,0.71266,0.71269,0.71265,0.71267,27
1779953160,0.71259,0.71259,0.71253,0.71255,42
1779953220,0.71234,0.71235,0.71229,0.71231,38
1779953280,0.71235,0.71237,0.71227,0.71235,76
1779953340,0.71236,0.71236,0.71215,0.71216,73
1779953400,0.71215,0.71236,0.71215,0.71234,118
1779953460,0.71233,0.71239,0.71224,0.71224,89
1779953520,0.71223,0.71225,0.71215,0.71219,124
1779953580,0.7122,0.71222,0.71203,0.71206,73
1779953640,0.71205,0.71209,0.71193,0.71193,89
1779953700,0.71194,0.71203,0.71189,0.71202,74
1779953760,0.71203,0.71203,0.71187,0.7119,81
1779953820,0.71191,0.71195,0.71184,0.71186,100
1779953880,0.71185,0.71193,0.71182,0.71189,97
1779953940,0.71188,0.71193,0.71187,0.7119,31
1779954060,0.7118,0.71183,0.7118,0.71183,9
1779954120,0.7119,0.71194,0.71188,0.71194,11
1779954180,0.71192,0.71193,0.71191,0.71193,16
1779954240,0.71203,0.71205,0.71203,0.71203,19
1779954300,0.71205,0.7121,0.712,0.71201,88
1779954360,0.712,0.71209,0.71199,0.71202,59
1779954420,0.71204,0.71204,0.71202,0.71203,7
1779954480,0.71218,0.71219,0.71218,0.71218,3
1779954540,0.71222,0.71222,0.71217,0.71219,19
1779954600,0.71214,0.71214,0.7121,0.71213,27
1779954660,0.71211,0.71214,0.71208,0.71208,23
1779954720,0.7121,0.71213,0.71205,0.71211,47
1779954780,0.71211,0.71212,0.71208,0.71209,34
1779954840,0.71209,0.7121,0.71209,0.7121,4
1779954900,0.71212,0.71214,0.71212,0.71214,10
1779954960,0.71211,0.71211,0.71209,0.7121,18
1779955020,0.71208,0.71208,0.71204,0.71206,18
1779955080,0.71211,0.71212,0.71209,0.7121,26
1779955140,0.7121,0.71215,0.71209,0.71215,43
1779955260,0.71227,0.71239,0.71226,0.71238,70
1779955320,0.71233,0.71235,0.71232,0.71234,16
1779955380,0.71238,0.71239,0.71234,0.71235,18
1779955440,0.71234,0.71235,0.71224,0.71224,27
1779955500,0.71234,0.71235,0.71219,0.71219,37
1779955560,0.71229,0.71234,0.71225,0.71229,46
1779955620,0.71224,0.71229,0.71224,0.71228,54
1779955680,0.71229,0.71229,0.71227,0.71227,4
1779955740,0.71225,0.71232,0.71224,0.71231,14
1779955800,0.71226,0.71227,0.71222,0.71223,20
1779955860,0.71223,0.71227,0.71222,0.71223,31
1779955920,0.71216,0.71222,0.71216,0.71221,31
1779955980,0.71221,0.71222,0.71215,0.71218,58
1779956040,0.71201,0.71202,0.71193,0.71193,65
1779956100,0.71198,0.71199,0.71187,0.71189,69
1779956160,0.71188,0.71189,0.71186,0.71187,12
1779956220,0.71183,0.71186,0.71183,0.71184,12
1779956340,0.71173,0.71179,0.71173,0.71178,44
1779956400,0.71183,0.71194,0.71183,0.71192,81
1779956460,0.71184,0.71187,0.71184,0.71185,20
1779956520,0.7118,0.71189,0.71178,0.71185,49
1779956580,0.71183,0.71191,0.7118,0.71189,43
1779956640,0.71193,0.71193,0.71189,0.71189,6
1779956700,0.71182,0.71184,0.71182,0.71184,4
1779956760,0.71178,0.71178,0.71177,0.71178,5
1779956820,0.71157,0.71159,0.71156,0.71156,26
1779956880,0.7115,0.7115,0.71147,0.71148,35
1779956940,0.71145,0.71159,0.71145,0.71159,50
1779957000,0.71156,0.71169,0.71155,0.71169,107
1779957180,0.71159,0.71159,0.71159,0.71159,3
1779957240,0.7116,0.7116,0.71159,0.7116,5
1779957420,0.71173,0.71175,0.71173,0.71175,3
1779957480,0.71174,0.71175,0.71173,0.71174,10
1779957540,0.71173,0.71173,0.71168,0.71168,12
1779957600,0.71163,0.71164,0.71155,0.71157,61
1779957660,0.71158,0.71166,0.71157,0.71165,25
1779957720,0.71171,0.71174,0.71168,0.71169,38
1779957780,0.71168,0.7117,0.71161,0.71162,43
1779957840,0.71163,0.71163,0.71162,0.71162,2
1779957900,0.71156,0.71165,0.71155,0.71164,61
1779957960,0.71168,0.7117,0.71166,0.71166,15
1779958020,0.71169,0.7117,0.71167,0.71169,21
1779958080,0.7117,0.71174,0.71168,0.7117,21
1779958140,0.71175,0.71185,0.71175,0.7118,82
1779958200,0.71178,0.71184,0.71178,0.71182,61
1779958260,0.71182,0.71182,0.71179,0.71181,22
1779958320,0.71187,0.71191,0.71186,0.71189,54
1779958440,0.71187,0.71192,0.71181,0.71181,51
1779958500,0.71174,0.71174,0.71169,0.71171,32
1779958560,0.71168,0.71169,0.71166,0.71166,33
1779958620,0.71165,0.71165,0.71163,0.71164,21
1779958680,0.71169,0.71174,0.71168,0.71174,22
1779958740,0.71174,0.71176,0.71173,0.71176,7
1779958860,0.7117,0.71177,0.7117,0.71177,19
1779958920,0.7118,0.7118,0.71174,0.71175,42
1779958980,0.71174,0.71174,0.71168,0.71172,36
1779959040,0.71177,0.71177,0.71177,0.71177,2
1779959100,0.71174,0.71181,0.71174,0.71179,59
1779959160,0.7118,0.71182,0.71174,0.71175,24
1779959220,0.71173,0.71173,0.71171,0.71171,18
1779959280,0.71174,0.71175,0.71169,0.71169,34
1779959340,0.71174,0.71177,0.71174,0.71175,23
1779959400,0.71178,0.71181,0.71176,0.71179,68
1779959460,0.71179,0.71181,0.71178,0.7118,23
1779959520,0.71189,0.7119,0.71189,0.71189,7
1779959580,0.71199,0.71205,0.71199,0.71201,16
1779959640,0.712,0.7121,0.712,0.7121,28
1779959700,0.7121,0.71212,0.71206,0.71207,57
1779959760,0.71207,0.71215,0.71206,0.71214,43
1779959820,0.71214,0.71214,0.71208,0.71214,32
1779959880,0.71222,0.71222,0.71221,0.71222,7
1779959940,0.71221,0.71221,0.71221,0.71221,2
1779960000,0.71217,0.71217,0.71214,0.71216,23
1779960060,0.71216,0.71218,0.71215,0.71217,32
1779960120,0.71236,0.71245,0.71236,0.71244,41
1779960180,0.71236,0.71238,0.71234,0.71234,38
1779960240,0.71229,0.71233,0.71228,0.7123,29
1779960300,0.71231,0.71231,0.71231,0.71231,2
1779960360,0.71231,0.71232,0.71226,0.71228,21
1779960420,0.71234,0.71234,0.71224,0.71224,26
1779960480,0.71227,0.71228,0.71224,0.71227,22
1779960540,0.71224,0.71225,0.71223,0.71224,30
1779960660,0.71226,0.71226,0.71226,0.71226,3
1779960720,0.71217,0.71218,0.71208,0.71208,82
1779960780,0.71208,0.71211,0.71203,0.71204,68
1779960840,0.71202,0.71203,0.71198,0.71203,26
1779960900,0.71197,0.71199,0.71194,0.71199,66
1779960960,0.71199,0.71202,0.71198,0.71199,14
1779961020,0.71195,0.71196,0.71194,0.71195,12
1779961080,0.71201,0.71207,0.712,0.71206,32
1779961140,0.71193,0.71195,0.71189,0.71194,40
1779961200,0.71199,0.712,0.71199,0.712,10
1779961260,0.71211,0.71217,0.71211,0.71216,19
1779961320,0.71216,0.71218,0.71214,0.71214,11
1779961380,0.7121,0.7121,0.71199,0.71199,23
1779961440,0.712,0.71207,0.71199,0.71205,30
1779961500,0.71207,0.71207,0.71198,0.712,72
1779961560,0.71201,0.71206,0.71199,0.71206,41
1779961620,0.71205,0.71206,0.71205,0.71206,2
1779961680,0.71201,0.71205,0.712,0.71203,14
1779961740,0.71208,0.71208,0.71203,0.71205,16
1779961800,0.71205,0.71213,0.71202,0.71211,61
1779961860,0.71208,0.7121,0.71204,0.71205,36
1779961920,0.71207,0.71208,0.71198,0.71203,45
1779961980,0.71208,0.7121,0.71208,0.7121,8
1779962040,0.71223,0.71225,0.71223,0.71224,12
1779962100,0.71215,0.71218,0.71197,0.71197,64
1779962160,0.71198,0.71205,0.71198,0.71204,20
1779962220,0.71198,0.71199,0.71194,0.71194,22
1779962280,0.71208,0.71211,0.71203,0.71205,58
1779962340,0.71201,0.71202,0.71201,0.71201,6
1779962460,0.71199,0.712,0.71192,0.71195,36
1779962520,0.71185,0.71191,0.71185,0.71187,30
1779962580,0.71191,0.712,0.71191,0.712,42
1779962640,0.712,0.712,0.71195,0.71195,34
1779962760,0.71189,0.71189,0.71182,0.71182,17
1779962820,0.71185,0.71185,0.71184,0.71184,8
1779962880,0.71179,0.71185,0.71179,0.71185,24
