time,open,high,low,close,volume
1779483360,100.16,100.26,100.1,100.26,66
1779660000,95.95,95.95,95.27,95.29,126
1779660060,95.3,95.64,95.23,95.31,194
1779660120,95.3,95.43,94.94,95.08,138
1779660180,95.03,95.3,95,95.22,162
1779660240,95.2,95.28,95.01,95.06,106
1779660300,95.04,95.05,94.76,94.95,134
1779660360,94.94,95.14,94.92,94.96,122
1779660420,94.97,94.97,94.81,94.81,126
1779660480,94.83,94.89,94.81,94.82,96
1779660540,94.79,94.79,94.42,94.5,136
1779660600,94.49,94.5,94.3,94.35,142
1779660660,94.34,94.7,94.34,94.7,114
1779660720,94.71,94.84,94.69,94.82,110
1779660780,94.87,94.93,94.73,94.9,92
1779660840,94.92,94.98,94.85,94.88,96
1779660900,94.89,94.91,94.82,94.89,82
1779660960,94.88,94.89,94.8,94.89,76
1779661020,94.9,94.9,94.87,94.87,26
1779661080,94.89,94.94,94.89,94.92,88
1779661140,94.93,94.93,94.77,94.78,82
1779661200,94.79,94.86,94.74,94.84,52
1779661260,94.85,94.91,94.82,94.83,78
1779661320,94.84,94.91,94.83,94.89,52
1779661380,94.9,94.91,94.84,94.85,56
1779661440,94.84,94.89,94.84,94.88,48
1779661500,94.89,94.97,94.89,94.92,76
1779661560,94.93,94.93,94.89,94.93,56
1779661620,94.92,94.94,94.85,94.87,74
1779661680,94.86,94.94,94.86,94.87,62
1779661740,94.88,95.02,94.87,95,66
1779661800,95.01,95.07,94.97,95.01,48
1779661860,95.02,95.02,94.88,94.9,54
1779661920,94.89,94.9,94.81,94.87,42
1779661980,94.86,94.91,94.86,94.89,38
1779662040,94.88,94.99,94.85,94.95,68
1779662100,94.96,95.03,94.94,94.99,46
1779662160,94.98,95.01,94.92,94.97,44
1779662220,94.98,94.98,94.93,94.96,32
1779662280,94.97,94.98,94.94,94.95,42
1779662340,94.94,94.97,94.92,94.93,44
1779662400,94.94,94.96,94.93,94.94,24
1779662460,94.95,94.95,94.87,94.87,28
1779662520,94.86,94.88,94.75,94.81,72
1779662580,94.84,94.86,94.49,94.55,108
1779662640,94.56,94.57,94.47,94.5,72
1779662700,94.47,94.48,94.34,94.35,68
1779662760,94.36,94.38,94.2,94.31,104
1779662820,94.28,94.33,94.26,94.29,60
1779662880,94.3,94.3,94.21,94.27,66
1779662940,94.25,94.33,94.24,94.27,58
1779663000,94.28,94.32,94.24,94.29,46
1779663060,94.3,94.3,94.23,94.29,42
1779663120,94.31,94.42,94.29,94.41,60
1779663180,94.42,94.42,94.35,94.35,40
1779663240,94.36,94.39,94.35,94.39,26
1779663300,94.38,94.47,94.36,94.44,52
1779663360,94.45,94.46,94.39,94.46,48
1779663420,94.45,94.46,94.42,94.44,38
1779663480,94.45,94.45,94.36,94.38,30
1779663540,94.4,94.43,94.35,94.42,40
1779663600,94.4,94.41,94.25,94.27,58
1779663660,94.3,94.3,94.19,94.24,72
1779663720,94.25,94.27,94.24,94.25,40
1779663780,94.26,94.27,94.21,94.26,40
1779663840,94.27,94.33,94.24,94.33,40
1779663900,94.3,94.33,94.27,94.33,16
1779663960,94.32,94.42,94.32,94.42,72
1779664020,94.43,94.48,94.42,94.48,40
1779664080,94.49,94.54,94.49,94.49,40
1779664140,94.48,94.48,94.41,94.47,48
1779664200,94.48,94.51,94.45,94.5,44
1779664260,94.51,94.54,94.5,94.5,34
1779664320,94.49,94.56,94.49,94.56,42
1779664380,94.55,94.55,94.43,94.49,68
1779664440,94.48,94.53,94.48,94.53,22
1779664500,94.54,94.54,94.46,94.5,38
1779664560,94.51,94.52,94.48,94.52,24
1779664620,94.5,94.53,94.5,94.51,36
1779664680,94.54,94.65,94.54,94.62,76
1779664740,94.63,94.63,94.58,94.61,34
1779664800,94.62,94.62,94.57,94.59,26
1779664860,94.6,94.64,94.6,94.61,36
1779664920,94.6,94.62,94.51,94.51,22
1779664980,94.5,94.56,94.5,94.56,32
1779665040,94.57,94.71,94.55,94.67,32
1779665100,94.66,94.67,94.64,94.66,30
1779665160,94.65,94.67,94.64,94.66,20
1779665220,94.67,94.67,94.65,94.66,28
1779665280,94.67,94.67,94.64,94.65,28
1779665340,94.64,94.66,94.64,94.66,18
1779665400,94.65,94.7,94.65,94.65,34
1779665460,94.66,94.66,94.59,94.61,52
1779665520,94.6,94.63,94.59,94.61,48
1779665580,94.6,94.63,94.6,94.62,20
1779665640,94.63,94.64,94.61,94.61,38
1779665700,94.6,94.63,94.58,94.58,44
1779665760,94.57,94.6,94.56,94.6,18
1779665820,94.59,94.59,94.57,94.57,22
1779665880,94.58,94.58,94.45,94.47,48
1779665940,94.48,94.48,94.4,94.4,44
1779666000,94.41,94.42,94.33,94.36,60
1779666060,94.37,94.39,94.34,94.34,42
1779666120,94.35,94.38,94.34,94.37,36
1779666180,94.38,94.47,94.38,94.46,40
1779666240,94.47,94.57,94.46,94.57,28
1779666300,94.56,94.69,94.55,94.62,74
1779666360,94.63,94.67,94.63,94.65,34
1779666420,94.66,94.7,94.66,94.66,40
1779666480,94.68,94.69,94.65,94.65,28
1779666540,94.66,94.67,94.62,94.66,30
1779666600,94.68,94.68,94.6,94.65,30
1779666660,94.64,94.68,94.64,94.67,30
1779666720,94.68,94.77,94.64,94.75,42
1779666780,94.76,94.76,94.73,94.73,20
1779666840,94.74,94.78,94.73,94.76,32
1779666900,94.75,94.85,94.75,94.82,40
1779666960,94.83,94.87,94.82,94.84,24
1779667020,94.83,94.96,94.83,94.93,42
1779667080,94.92,94.97,94.89,94.95,48
1779667140,94.94,95.02,94.94,94.99,62
1779667200,95,95.11,94.91,94.92,86
1779667260,94.89,94.97,94.88,94.97,58
1779667320,94.96,95.14,94.94,95.1,76
1779667380,95.11,95.11,95.06,95.1,48
1779667440,95.11,95.17,95.1,95.12,62
1779667500,95.11,95.15,95.07,95.11,52
1779667560,95.08,95.08,95.01,95.01,60
1779667620,95.02,95.02,94.9,94.9,54
1779667680,94.92,94.97,94.85,94.97,64
1779667740,94.98,94.99,94.94,94.97,42
1779667800,94.96,94.96,94.92,94.94,36
1779667860,94.93,95.07,94.93,95.05,46
1779667920,95.06,95.06,95.01,95.01,26
1779667980,95,95.04,95,95.01,38
1779668040,95.02,95.07,95.02,95.06,32
1779668100,95.07,95.07,94.99,95.04,58
1779668160,95.03,95.03,94.95,94.96,42
1779668220,94.97,94.99,94.95,94.98,34
1779668280,94.97,94.99,94.9,94.91,46
1779668340,94.9,94.95,94.88,94.95,38
1779668400,94.94,94.98,94.94,94.97,24
1779668460,94.96,94.99,94.94,94.94,38
1779668520,94.95,94.99,94.91,94.95,60
1779668580,94.94,94.94,94.83,94.83,46
1779668640,94.82,94.83,94.75,94.77,48
1779668700,94.76,94.93,94.75,94.93,52
1779668760,94.92,95,94.9,94.96,66
1779668820,94.97,94.97,94.93,94.95,40
1779668880,94.97,94.98,94.95,94.96,14
1779668940,94.95,94.95,94.9,94.9,22
1779669000,94.89,94.89,94.75,94.79,50
1779669060,94.78,94.88,94.78,94.88,32
1779669120,94.87,94.88,94.83,94.85,30
1779669180,94.84,94.88,94.84,94.88,14
1779669240,94.87,94.92,94.86,94.92,14
1779669300,94.93,94.96,94.88,94.88,54
1779669360,94.87,94.89,94.82,94.87,52
1779669420,94.86,94.93,94.86,94.91,24
1779669480,94.92,94.96,94.87,94.88,42
1779669540,94.87,94.95,94.87,94.92,42
1779669600,94.94,94.94,94.88,94.88,30
1779669660,94.97,95.01,94.96,94.98,34
1779669720,94.99,95.06,94.99,95.03,42
1779669780,95.04,95.05,94.97,94.99,42
1779669840,94.98,95.01,94.95,94.98,34
1779669900,94.97,95,94.96,94.99,26
1779669960,94.98,94.98,94.82,94.84,50
1779670020,94.85,94.9,94.68,94.68,54
1779670080,94.69,94.76,94.66,94.66,48
1779670140,94.65,94.65,93.82,94.11,140
1779670200,94.05,94.29,94.02,94.14,100
1779670260,94.16,94.35,94.16,94.3,92
1779670320,94.31,94.42,94.29,94.36,76
1779670380,94.38,94.48,94.32,94.44,58
1779670440,94.43,94.47,94.36,94.43,56
1779670500,94.45,94.62,94.45,94.58,86
1779670560,94.57,94.71,94.55,94.64,60
1779670620,94.63,94.66,94.59,94.66,54
1779670680,94.65,94.66,94.61,94.66,44
1779670740,94.65,94.8,94.65,94.79,66
1779670800,94.84,94.88,94.66,94.72,154
1779670860,94.71,94.81,94.59,94.74,156
1779670920,94.73,94.8,94.6,94.63,116
1779670980,94.64,94.82,94.63,94.8,84
1779671040,94.79,95.03,94.77,94.94,104
1779671100,94.95,94.99,94.86,94.92,128
1779671160,94.89,95.01,94.89,94.96,84
1779671220,94.95,94.99,94.88,94.95,86
1779671280,94.96,95.18,94.92,95.02,106
1779671340,95.01,95.03,94.93,94.97,90
1779671400,94.95,95.2,94.91,95.16,102
1779671460,95.17,95.17,95.09,95.13,72
1779671520,95.15,95.15,95.07,95.13,64
1779671580,95.12,95.2,95.07,95.15,78
1779671640,95.16,95.21,95.15,95.15,70
1779671700,95.16,95.18,95.12,95.16,76
1779671760,95.14,95.24,95.14,95.19,86
1779671820,95.18,95.2,95.16,95.17,52
1779671880,95.18,95.2,95.13,95.19,62
1779671940,95.18,95.22,95.12,95.13,78
1779672000,95.12,95.13,94.99,95.11,114
1779672060,95.1,95.13,95.09,95.12,62
1779672120,95.11,95.15,95.07,95.07,64
1779672180,95.08,95.09,95.02,95.06,68
1779672240,95.05,95.21,95.05,95.21,62
1779672300,95.2,95.21,95.13,95.18,66
1779672360,95.19,95.21,95.14,95.17,60
1779672420,95.18,95.21,95.17,95.2,62
1779672480,95.21,95.24,95.19,95.19,38
1779672540,95.18,95.22,95.18,95.19,46
1779672600,95.17,95.19,95.1,95.18,92
1779672660,95.19,95.22,95.16,95.2,50
1779672720,95.18,95.31,95.18,95.31,62
1779672780,95.3,95.32,95.22,95.31,82
1779672840,95.33,95.33,95.23,95.24,62
1779672900,95.25,95.27,95.23,95.25,38
1779672960,95.26,95.29,95.23,95.27,48
1779673020,95.29,95.32,95.22,95.23,56
1779673080,95.24,95.33,95.24,95.33,62
1779673140,95.32,95.33,95.29,95.33,44
1779673200,95.34,95.38,95.29,95.38,70
1779673260,95.37,95.4,95.32,95.39,64
1779673320,95.37,95.37,95.32,95.35,46
1779673380,95.36,95.36,95.31,95.32,40
1779673440,95.33,95.37,95.32,95.34,58
1779673500,95.33,95.4,95.31,95.38,52
1779673560,95.39,95.4,95.36,95.38,44
1779673620,95.37,95.39,95.34,95.35,56
1779673680,95.36,95.37,95.3,95.31,42
1779673740,95.3,95.36,95.29,95.29,42
1779673800,95.3,95.3,95.26,95.26,40
1779673860,95.25,95.25,95.2,95.22,32
1779673920,95.24,95.26,95.2,95.21,22
1779673980,95.22,95.22,95.15,95.15,42
1779674040,95.16,95.26,95.16,95.2,56
1779674100,95.19,95.2,95.15,95.18,34
1779674160,95.21,95.26,95.19,95.19,34
1779674220,95.2,95.28,95.2,95.26,62
1779674280,95.27,95.38,95.25,95.36,62
1779674340,95.37,95.38,95.28,95.28,56
1779674400,95.29,95.33,95.29,95.33,50
1779674460,95.34,95.37,95.31,95.33,44
1779674520,95.31,95.36,95.29,95.35,44
1779674580,95.36,95.39,95.35,95.38,50
1779674640,95.37,95.43,95.37,95.41,44
1779674700,95.39,95.39,95.24,95.25,58
1779674760,95.26,95.29,95.17,95.2,62
1779674820,95.19,95.19,95.1,95.14,44
1779674880,95.16,95.17,95.08,95.1,44
1779674940,95.11,95.11,95,95.04,68
1779675000,95.03,95.05,94.99,94.99,82
1779675060,95,95.08,94.99,95.06,52
1779675120,95.07,95.07,95.03,95.06,56
1779675180,95.07,95.08,95.05,95.06,24
1779675240,95.05,95.06,95.01,95.01,12
1779675300,95,95.05,95,95.04,38
1779675360,95.05,95.14,95.05,95.13,48
1779675420,95.11,95.12,95.09,95.1,38
1779675480,95.11,95.11,95.08,95.09,32
1779675540,95.1,95.11,95.08,95.09,28
1779675600,95.1,95.11,95.09,95.1,28
1779675660,95.11,95.11,95.09,95.1,12
1779675720,95.09,95.11,95.09,95.1,12
1779675780,95.09,95.1,95.02,95.02,24
1779675840,95.01,95.01,94.93,94.94,34
1779675900,94.95,95.01,94.93,95.01,38
1779675960,95,95.05,95,95.05,22
1779676020,95.04,95.05,95.02,95.03,36
1779676080,95.02,95.02,94.96,94.98,28
1779676140,94.97,95,94.97,95,6
1779676200,94.98,95.03,94.96,95.02,52
1779676260,95.01,95.03,94.94,94.94,52
1779676320,94.95,94.95,94.91,94.92,44
1779676380,94.93,94.97,94.9,94.94,46
1779676440,94.95,94.97,94.9,94.97,42
1779676500,94.96,94.96,94.9,94.91,60
1779676560,94.87,94.9,94.86,94.88,48
1779676620,94.87,94.91,94.86,94.89,30
1779676680,94.9,94.93,94.81,94.82,66
1779676740,94.81,94.89,94.81,94.88,34
1779676800,94.87,94.94,94.86,94.91,44
1779676860,94.9,94.9,94.84,94.86,26
1779676920,94.84,94.88,94.76,94.79,42
1779676980,94.78,94.82,94.77,94.79,38
1779677040,94.78,94.8,94.77,94.78,50
1779677100,94.77,94.78,94.75,94.76,40
1779677160,94.75,94.83,94.7,94.81,56
1779677220,94.79,94.81,94.73,94.81,62
1779677280,94.8,94.8,94.73,94.76,48
1779677340,94.77,94.86,94.76,94.85,62
1779677400,94.83,94.84,94.81,94.83,42
1779677460,94.84,94.93,94.83,94.93,38
1779677520,94.92,94.92,94.87,94.89,46
1779677580,94.88,94.88,94.83,94.86,28
1779677640,94.87,94.88,94.85,94.87,28
1779677700,94.86,94.86,94.81,94.83,24
1779677760,94.84,94.84,94.75,94.76,40
1779677820,94.75,94.76,94.73,94.74,40
1779677880,94.72,94.73,94.7,94.7,46
1779677940,94.68,94.73,94.6,94.61,74
1779678000,94.6,94.6,94.48,94.54,100
1779678060,94.56,94.63,94.56,94.62,60
1779678120,94.61,94.61,94.55,94.61,58
1779678180,94.6,94.61,94.54,94.59,70
1779678240,94.6,94.62,94.6,94.62,24
1779678300,94.61,94.67,94.6,94.6,58
1779678360,94.61,94.61,94.37,94.37,56
1779678420,94.35,94.36,94.22,94.3,92
1779678480,94.29,94.36,94.28,94.32,78
1779678540,94.31,94.32,94.17,94.28,72
1779678600,94.29,94.3,94.22,94.25,48
1779678660,94.19,94.22,94.18,94.21,70
1779678720,94.2,94.2,94.1,94.2,80
1779678780,94.19,94.3,94.17,94.25,90
1779678840,94.26,94.32,94.22,94.28,76
1779678900,94.27,94.27,94.16,94.18,88
1779678960,94.16,94.22,94.16,94.22,44
1779679020,94.24,94.3,94.03,94.06,90
1779679080,94.07,94.21,94.06,94.19,92
1779679140,94.18,94.22,94.15,94.18,48
1779679200,94.17,94.18,93.89,93.89,122
1779679260,93.9,93.94,93.63,93.82,139
1779679320,93.83,93.94,93.81,93.81,98
1779679380,93.8,93.9,93.79,93.86,82
1779679440,93.85,93.86,93.78,93.79,86
1779679500,93.78,93.8,93.59,93.59,120
1779679560,93.6,93.69,93.57,93.66,110
1779679620,93.67,93.72,93.59,93.59,76
1779679680,93.56,93.85,93.56,93.75,114
1779679740,93.77,93.79,93.68,93.69,116
1779679800,93.68,93.69,93.59,93.6,86
1779679860,93.59,93.59,93.33,93.54,132
1779679920,93.53,93.6,93.47,93.54,108
1779679980,93.53,93.58,93.52,93.57,74
1779680040,93.58,93.6,93.5,93.57,60
1779680100,93.56,93.56,93.21,93.34,118
1779680160,93.35,93.4,93.33,93.38,82
1779680220,93.39,93.58,93.39,93.54,94
1779680280,93.55,93.56,93.51,93.55,46
1779680340,93.54,93.8,93.53,93.8,102
1779680400,93.81,93.85,93.78,93.84,74
1779680460,93.87,93.89,93.79,93.8,68
1779680520,93.82,93.83,93.73,93.76,74
1779680580,93.75,93.77,93.74,93.74,28
1779680640,93.76,93.84,93.74,93.82,24
1779680700,93.84,93.85,93.78,93.79,52
1779680760,93.8,93.92,93.78,93.92,70
1779680820,93.93,94,93.89,94,50
1779680880,94.01,94.04,93.96,94.01,60
1779680940,94,94.05,93.97,94.04,66
1779681000,94.05,94.1,94.05,94.08,52
1779681060,94.09,94.09,94.05,94.05,28
1779681120,94.06,94.06,93.92,93.92,62
1779681180,93.91,93.97,93.89,93.95,52
1779681240,93.96,93.98,93.92,93.97,40
1779681300,93.96,93.96,93.82,93.87,46
1779681360,93.88,93.92,93.82,93.85,50
1779681420,93.86,93.87,93.72,93.75,48
1779681480,93.76,93.8,93.74,93.78,42
1779681540,93.79,93.87,93.79,93.84,56
1779681600,93.86,93.92,93.83,93.9,54
1779681660,93.89,93.9,93.83,93.86,50
1779681720,93.87,93.89,93.84,93.88,24
1779681780,93.87,93.87,93.85,93.86,24
1779681840,93.87,93.92,93.87,93.91,22
1779681900,93.93,93.96,93.92,93.96,50
1779681960,93.97,94.04,93.95,94.04,38
1779682020,94.05,94.05,93.95,93.95,44
1779682080,93.96,94.04,93.95,94.02,36
1779682140,94.03,94.03,94.01,94.03,24
1779682200,94.04,94.06,93.98,94.02,46
1779682260,94.01,94.05,93.95,94.03,60
1779682320,94.02,94.07,94.01,94.05,28
1779682380,94.06,94.12,94.06,94.08,44
1779682440,94.09,94.15,94.09,94.12,34
1779682500,94.13,94.16,94.12,94.16,32
1779682560,94.17,94.18,94.09,94.09,34
1779682620,94.08,94.09,94.06,94.08,26
1779682680,94.06,94.08,94.03,94.03,22
1779682740,94.02,94.07,94.01,94.07,22
1779682800,94.06,94.08,94,94.02,26
1779682860,94.01,94.01,93.91,93.92,34
1779682920,93.91,94.02,93.91,93.99,46
1779682980,94,94.03,93.97,93.97,18
1779683040,93.96,93.97,93.93,93.96,22
1779683100,93.98,93.99,93.88,93.94,40
1779683160,93.93,93.94,93.91,93.92,24
1779683220,93.91,93.93,93.91,93.92,18
1779683280,93.91,93.94,93.89,93.89,28
1779683340,93.88,93.92,93.88,93.91,26
1779683400,93.9,93.96,93.9,93.94,20
1779683460,93.95,93.95,93.89,93.93,28
1779683520,93.94,94.03,93.93,93.99,30
1779683580,94,94,93.96,93.96,10
1779683640,93.95,93.96,93.94,93.96,16
1779683700,93.94,93.99,93.94,93.98,30
1779683760,93.97,93.99,93.93,93.94,26
1779683820,93.96,93.99,93.95,93.99,12
1779683880,93.98,94,93.97,93.99,26
1779683940,94,94.01,93.99,94,22
1779684000,94.01,94.02,93.95,93.95,18
1779684060,93.94,93.98,93.92,93.97,26
1779684120,93.98,93.98,93.95,93.95,18
1779684180,93.94,93.96,93.93,93.96,14
1779684240,93.95,93.95,93.94,93.94,8
1779684300,93.93,94.01,93.93,94,40
1779684360,94.01,94.03,93.97,93.98,28
1779684420,93.97,93.98,93.85,93.89,38
1779684480,93.87,93.91,93.82,93.83,48
1779684540,93.82,93.83,93.79,93.79,32
1779684600,93.78,93.85,93.78,93.82,48
1779684660,93.81,93.82,93.75,93.78,48
1779684720,93.79,93.81,93.78,93.8,22
1779684780,93.81,93.83,93.8,93.8,20
1779684840,93.81,93.81,93.76,93.77,44
1779684900,93.76,93.79,93.76,93.78,22
1779684960,93.77,93.82,93.77,93.78,46
1779685020,93.79,93.83,93.78,93.83,28
1779685080,93.84,93.86,93.77,93.78,52
1779685140,93.79,93.87,93.78,93.87,56
1779685200,93.86,93.92,93.86,93.91,46
1779685260,93.89,93.89,93.83,93.84,22
1779685320,93.85,93.87,93.75,93.76,46
1779685380,93.75,93.79,93.74,93.77,32
1779685440,93.78,93.78,93.74,93.75,28
1779685500,93.76,93.76,93.71,93.75,34
1779685560,93.76,93.76,93.69,93.7,46
1779685620,93.71,93.73,93.69,93.7,18
1779685680,93.69,93.77,93.69,93.76,50
1779685740,93.75,93.75,93.7,93.71,38
1779685800,93.7,93.7,93.5,93.57,78
1779685860,93.56,93.57,93.5,93.56,60
1779685920,93.57,93.65,93.57,93.65,54
1779685980,93.64,93.66,93.61,93.65,32
1779686040,93.63,93.66,93.63,93.65,38
1779686100,93.64,93.67,93.62,93.66,58
1779686160,93.65,93.71,93.64,93.71,44
1779686220,93.72,93.74,93.68,93.68,36
1779686280,93.67,93.71,93.64,93.66,42
1779686340,93.65,93.66,93.57,93.58,28
1779686400,93.6,93.63,93.58,93.63,28
1779686460,93.65,93.65,93.54,93.56,44
1779686520,93.57,93.57,93.49,93.52,42
1779686580,93.53,93.53,93.48,93.51,48
1779686640,93.52,93.58,93.48,93.57,46
1779686700,93.56,93.62,93.56,93.6,20
1779686760,93.59,93.64,93.59,93.63,26
1779686820,93.62,93.71,93.61,93.69,50
1779686880,93.7,93.73,93.66,93.73,56
1779686940,93.74,93.77,93.74,93.77,22
1779687000,93.78,93.86,93.77,93.83,72
1779687060,93.82,93.82,93.68,93.74,96
1779687120,93.75,93.75,93.69,93.69,48
1779687180,93.67,93.74,93.67,93.74,48
1779687240,93.73,93.76,93.71,93.74,54
1779687300,93.73,93.73,93.66,93.7,64
1779687360,93.71,93.74,93.65,93.68,44
1779687420,93.69,93.79,93.69,93.77,44
1779687480,93.76,93.82,93.74,93.79,60
1779687540,93.81,93.81,93.74,93.75,58
1779687600,93.76,93.82,93.76,93.81,32
1779687660,93.82,93.84,93.79,93.79,78
1779687720,93.77,93.89,93.77,93.87,32
1779687780,93.86,93.86,93.81,93.83,48
1779687840,93.82,93.83,93.75,93.78,46
1779687900,93.79,93.79,93.69,93.7,38
1779687960,93.69,93.79,93.67,93.79,48
1779688020,93.78,93.81,93.76,93.77,32
1779688080,93.78,93.85,93.77,93.85,36
1779688140,93.84,93.87,93.79,93.86,48
1779688200,93.85,93.87,93.81,93.86,48
1779688260,93.87,93.9,93.81,93.81,42
1779688320,93.8,93.83,93.79,93.83,38
1779688380,93.82,93.84,93.77,93.8,64
1779688440,93.79,93.79,93.69,93.71,50
1779688500,93.7,93.8,93.7,93.77,40
1779688560,93.76,93.81,93.75,93.81,34
1779688620,93.83,93.87,93.81,93.87,34
1779688680,93.88,93.91,93.86,93.89,36
1779688740,93.9,93.9,93.83,93.87,58
1779688800,93.89,93.9,93.74,93.77,92
1779688860,93.78,93.87,93.75,93.87,82
1779688920,93.85,93.96,93.83,93.92,64
1779688980,93.91,93.98,93.91,93.97,44
1779689040,93.96,93.99,93.93,93.99,36
1779689100,93.98,94.04,93.98,93.98,62
1779689160,93.97,94.05,93.97,94.05,58
1779689220,94.04,94.17,94.02,94.11,100
1779689280,94.09,94.11,94.02,94.05,84
1779689340,94.06,94.13,94.06,94.09,44
1779689400,94.1,94.1,94,94.01,60
1779689460,94,94.13,93.99,94.1,50
1779689520,94.11,94.11,94.06,94.1,52
1779689580,94.11,94.17,94.08,94.12,60
1779689640,94.11,94.14,94.1,94.12,30
1779689700,94.13,94.16,94.12,94.13,34
1779689760,94.12,94.14,94.1,94.14,48
1779689820,94.13,94.18,94.13,94.14,46
1779689880,94.11,94.12,94.07,94.09,48
1779689940,94.1,94.18,94.09,94.18,48
1779690000,94.19,94.26,94.13,94.26,82
1779690060,94.25,94.25,94.21,94.23,60
1779690120,94.24,94.25,94.14,94.15,54
1779690180,94.17,94.19,94.12,94.16,58
1779690240,94.15,94.16,94.09,94.09,44
1779690300,94.08,94.15,94.08,94.14,58
1779690360,94.15,94.16,94.12,94.13,34
1779690420,94.12,94.14,94.1,94.1,40
1779690480,94.11,94.13,94.1,94.13,34
1779690540,94.12,94.16,94.12,94.14,48
1779690600,94.17,94.25,94.17,94.2,54
1779690660,94.21,94.27,94.19,94.27,34
1779690720,94.26,94.47,94.24,94.47,58
1779690780,94.42,94.44,94.38,94.41,70
1779690840,94.43,94.43,94.37,94.41,62
1779690900,94.4,94.42,94.34,94.36,62
1779690960,94.35,94.42,94.35,94.41,62
1779691020,94.4,94.43,94.36,94.38,42
1779691080,94.37,94.42,94.37,94.39,44
1779691140,94.38,94.4,94.33,94.35,42
1779691200,94.34,94.38,94.34,94.35,40
1779691260,94.34,94.38,94.34,94.36,30
1779691320,94.34,94.35,94.32,94.34,38
1779691380,94.35,94.43,94.35,94.41,46
1779691440,94.4,94.41,94.35,94.39,42
1779691500,94.4,94.47,94.37,94.47,44
1779691560,94.49,94.49,94.39,94.41,56
1779691620,94.4,94.41,94.33,94.36,52
1779691680,94.35,94.42,94.35,94.42,58
1779691740,94.41,94.45,94.41,94.45,48
1779691800,94.44,94.48,94.44,94.46,42
1779691860,94.48,94.48,94.41,94.43,48
1779691920,94.42,94.47,94.42,94.45,28
1779691980,94.44,94.47,94.44,94.44,56
1779692040,94.43,94.44,94.41,94.43,48
1779692100,94.42,94.44,94.41,94.41,32
1779692160,94.4,94.42,94.4,94.41,38
1779692220,94.42,94.45,94.28,94.29,60
1779692280,94.28,94.32,94.24,94.26,54
1779692340,94.25,94.31,94.25,94.31,42
1779692400,94.3,94.36,94.25,94.34,66
1779692460,94.33,94.33,94.24,94.32,58
1779692520,94.33,94.39,94.19,94.19,62
1779692580,94.18,94.2,94.13,94.17,64
1779692640,94.15,94.23,94.15,94.23,40
1779692700,94.24,94.29,94.23,94.27,62
1779692760,94.26,94.29,94.25,94.26,46
1779692820,94.25,94.26,94.17,94.19,66
1779692880,94.2,94.24,94.17,94.22,62
1779692940,94.23,94.23,94.2,94.21,34
1779693000,94.2,94.35,94.2,94.29,72
1779693060,94.3,94.3,94.24,94.28,36
1779693120,94.29,94.37,94.29,94.36,42
1779693180,94.35,94.57,94.35,94.55,74
1779693240,94.56,94.79,94.56,94.79,134
1779693300,94.78,94.85,94.72,94.81,96
1779693360,94.8,94.87,94.71,94.84,80
1779693420,94.82,94.89,94.82,94.88,66
1779693480,94.89,95.4,94.89,95.33,156
1779693540,95.38,95.42,95.25,95.41,128
1779693600,95.4,95.56,95.34,95.37,150
1779693660,95.36,95.38,95.25,95.29,112
1779693720,95.3,95.32,95.19,95.26,100
1779693780,95.25,95.3,95.13,95.3,106
1779693840,95.29,95.35,95.19,95.29,100
1779693900,95.28,95.32,95.18,95.2,90
1779693960,95.19,95.23,95.08,95.08,70
1779694020,95.09,95.13,95.05,95.11,74
1779694080,95.12,95.19,95.11,95.15,78
1779694140,95.16,95.3,95.16,95.29,74
1779694200,95.28,95.44,95.28,95.34,70
1779694260,95.35,95.36,95.13,95.14,82
1779694320,95.13,95.19,94.8,94.8,84
1779694380,94.81,94.85,94.52,94.74,186
1779694440,94.71,95.01,94.71,94.94,144
1779694500,94.92,95.02,94.92,94.95,74
1779694560,94.94,94.97,94.82,94.86,106
1779694620,94.85,95.08,94.84,95.01,94
1779694680,95.02,95.06,95,95.02,64
1779694740,95.03,95.04,94.97,94.98,78
1779694800,94.97,94.99,94.9,94.9,66
1779694860,94.89,94.93,94.85,94.88,66
1779694920,94.87,94.91,94.79,94.83,90
1779694980,94.82,94.87,94.77,94.79,78
1779695040,94.78,94.8,94.67,94.8,86
1779695100,94.82,94.9,94.76,94.81,88
1779695160,94.82,94.95,94.76,94.87,80
1779695220,94.85,94.87,94.77,94.8,56
1779695280,94.79,94.79,94.69,94.69,34
1779695340,94.7,94.71,94.65,94.66,50
1779695400,94.67,94.78,94.62,94.65,100
1779695460,94.64,94.66,94.55,94.64,76
1779695520,94.63,94.69,94.6,94.69,52
1779695580,94.68,94.72,94.64,94.71,76
1779695640,94.7,94.72,94.65,94.65,54
1779695700,94.62,94.64,94.6,94.63,62
1779695760,94.61,94.63,94.51,94.57,90
1779695820,94.58,94.62,94.54,94.59,52
1779695880,94.58,94.65,94.57,94.63,62
1779695940,94.64,94.65,94.6,94.63,52
1779696000,94.62,94.66,94.6,94.62,60
1779696060,94.61,94.62,94.54,94.55,76
1779696120,94.54,94.64,94.51,94.64,84
1779696180,94.66,94.68,94.63,94.67,64
1779696240,94.65,94.67,94.62,94.63,52
1779696300,94.64,94.68,94.58,94.61,68
1779696360,94.62,94.63,94.53,94.62,60
1779696420,94.63,94.75,94.62,94.74,80
1779696480,94.72,94.76,94.7,94.7,88
1779696540,94.69,94.69,94.61,94.62,66
1779696600,94.61,94.67,94.57,94.64,66
1779696660,94.65,94.78,94.58,94.78,72
1779696720,94.79,94.82,94.78,94.81,58
1779696780,94.82,94.85,94.8,94.81,56
1779696840,94.82,94.82,94.76,94.82,52
1779696900,94.83,94.93,94.81,94.89,104
1779696960,94.9,94.98,94.9,94.98,106
1779697020,94.97,95.02,94.95,94.98,68
1779697080,95,95.18,95,95.18,100
1779697140,95.17,95.18,95.11,95.12,86
1779697200,95.11,95.16,95.04,95.15,98
1779697260,95.14,95.16,95.09,95.1,62
1779697320,95.09,95.19,95.07,95.19,92
1779697380,95.2,95.27,95.19,95.2,78
1779697440,95.21,95.29,95.21,95.24,66
1779697500,95.23,95.23,95.12,95.19,88
1779697560,95.2,95.3,95.2,95.24,80
1779697620,95.23,95.27,95.16,95.23,98
1779697680,95.21,95.35,95.21,95.3,90
1779697740,95.29,95.35,95.25,95.34,160
1779697800,95.33,95.41,95.24,95.33,132
1779697860,95.34,95.34,95.09,95.11,114
1779697920,95.12,95.13,95.04,95.05,62
1779697980,95.07,95.07,94.95,94.98,92
1779698040,94.99,95.12,94.99,95.07,58
1779698100,95.06,95.15,95.04,95.14,56
1779698160,95.15,95.21,95.13,95.13,64
1779698220,95.16,95.17,95.06,95.1,70
1779698280,95.09,95.13,95.06,95.1,50
1779698340,95.11,95.11,94.99,94.99,54
1779698400,95,95.04,94.95,94.97,68
1779698460,94.98,95,94.96,94.96,54
1779698520,94.97,94.98,94.87,94.87,58
1779698580,94.88,94.98,94.86,94.97,80
1779698640,94.98,94.98,94.94,94.97,64
1779698700,94.98,95,94.84,94.87,86
1779698760,94.86,94.91,94.84,94.9,58
1779698820,94.92,94.92,94.8,94.81,60
1779698880,94.8,94.8,94.75,94.79,60
1779698940,94.78,94.79,94.73,94.73,58
1779699000,94.74,94.74,94.62,94.63,74
1779699060,94.64,94.68,94.57,94.66,86
1779699120,94.68,94.68,94.61,94.66,64
1779699180,94.67,94.73,94.64,94.67,50
1779699240,94.66,94.7,94.64,94.66,64
1779699300,94.65,94.76,94.62,94.76,50
1779699360,94.77,94.77,94.66,94.67,56
1779699420,94.68,94.73,94.66,94.71,58
1779699480,94.7,94.72,94.64,94.67,66
1779699540,94.68,94.68,94.61,94.64,44
1779699600,94.62,94.66,94.59,94.59,50
1779699660,94.58,94.59,94.55,94.59,44
1779699720,94.58,94.59,94.44,94.56,90
1779699780,94.55,94.62,94.55,94.58,50
1779699840,94.59,94.6,94.52,94.53,34
1779699900,94.52,94.56,94.45,94.48,70
1779699960,94.47,94.5,94.44,94.48,68
1779700020,94.46,94.47,94.43,94.45,46
1779700080,94.46,94.49,94.44,94.46,50
1779700140,94.48,94.51,94.44,94.5,50
1779700200,94.49,94.49,94.36,94.41,76
1779700260,94.4,94.45,94.4,94.41,48
1779700320,94.4,94.46,94.35,94.38,72
1779700380,94.37,94.42,94.36,94.38,64
1779700440,94.37,94.43,94.36,94.43,56
1779700500,94.46,94.5,94.39,94.43,54
1779700560,94.44,94.46,94.41,94.41,36
1779700620,94.4,94.45,94.4,94.45,32
1779700680,94.44,94.46,94.42,94.44,36
1779700740,94.45,94.53,94.45,94.51,48
1779700800,94.5,94.56,94.48,94.5,80
1779700860,94.49,94.51,94.44,94.49,46
1779700920,94.5,94.55,94.47,94.55,52
1779700980,94.56,94.71,94.56,94.69,78
1779701040,94.7,94.7,94.62,94.69,60
1779701100,94.7,94.72,94.66,94.7,58
1779701160,94.71,94.74,94.64,94.72,52
1779701220,94.71,94.71,94.64,94.67,42
1779701280,94.68,94.69,94.65,94.68,30
1779701340,94.67,94.71,94.67,94.71,34
1779701400,94.7,94.71,94.61,94.61,46
1779701460,94.62,94.63,94.48,94.48,70
1779701520,94.47,94.49,94.4,94.44,54
1779701580,94.45,94.49,94.41,94.44,60
1779701640,94.45,94.45,94.37,94.42,74
1779701700,94.41,94.42,94.32,94.34,68
1779701760,94.35,94.37,94.31,94.35,34
1779701820,94.33,94.35,94.23,94.24,92
1779701880,94.23,94.26,94.2,94.2,44
1779701940,94.21,94.3,94.13,94.17,86
1779702000,94.18,94.18,94.09,94.13,64
1779702060,94.12,94.12,94.02,94.07,76
1779702120,94.08,94.11,94.07,94.07,60
1779702180,94.06,94.08,94.04,94.07,54
1779702240,94.06,94.08,94.05,94.06,50
1779702300,94.05,94.13,94.05,94.13,64
1779702360,94.12,94.15,94.06,94.15,58
1779702420,94.14,94.15,94.08,94.09,58
1779702480,94.08,94.1,94.05,94.07,40
1779702540,94.06,94.07,93.99,94,76
1779702600,93.99,94.07,93.94,93.99,80
1779702660,94,94.02,93.98,94.01,46
1779702720,94,94.06,94,94.02,80
1779702780,94.03,94.03,93.97,94,66
1779702840,94.02,94.02,93.99,94,60
1779702900,93.99,93.99,93.91,93.96,74
1779702960,93.95,94.03,93.95,94.02,62
1779703020,94.01,94.09,94.01,94.05,72
1779703080,94.06,94.13,94.05,94.07,86
1779703140,94.08,94.15,94.08,94.11,58
1779703200,94.1,94.1,94.03,94.06,60
1779703260,94.05,94.09,94.01,94.01,50
1779703320,94.02,94.07,93.99,94.05,74
1779703380,94.06,94.09,94.05,94.07,54
1779703440,94.08,94.16,94.08,94.16,64
1779703500,94.17,94.17,94.12,94.15,60
1779703560,94.16,94.18,94.13,94.15,36
1779703620,94.17,94.21,94.15,94.18,48
1779703680,94.17,94.21,94.15,94.17,54
1779703740,94.16,94.18,94.1,94.13,48
1779703800,94.14,94.15,93.95,93.97,82
1779703860,93.96,94.05,93.96,94.04,50
1779703920,94.03,94.04,93.99,94.01,54
1779703980,94.02,94.03,93.95,94.02,46
1779704040,94,94.04,93.97,93.98,40
1779704100,93.99,94.01,93.91,93.91,38
1779704160,93.9,93.91,93.72,93.73,86
1779704220,93.72,93.73,93.6,93.64,100
1779704280,93.63,93.74,93.59,93.73,98
1779704340,93.72,93.78,93.72,93.77,92
1779704400,93.76,93.98,93.75,93.92,84
1779704460,93.93,93.94,93.89,93.91,42
1779704520,93.86,93.93,93.85,93.9,74
1779704580,93.89,93.92,93.86,93.92,48
1779704640,93.91,93.92,93.88,93.92,40
1779704700,93.93,94.09,93.93,94.07,70
1779704760,94.08,94.12,94.08,94.1,66
1779704820,94.09,94.13,94.04,94.07,50
1779704880,94.08,94.08,94.02,94.04,52
1779704940,94.03,94.06,94.02,94.05,40
1779705000,94.04,94.15,94.01,94.08,74
1779705060,94.09,94.13,94.06,94.1,72
1779705120,94.09,94.1,93.99,93.99,62
1779705180,94,94,93.94,93.96,70
1779705240,93.95,93.99,93.94,93.97,52
1779705300,93.96,93.99,93.92,93.92,68
1779705360,93.91,93.95,93.88,93.91,64
1779705420,93.9,93.95,93.89,93.93,66
1779705480,93.94,93.94,93.9,93.93,46
1779705540,93.94,93.97,93.91,93.94,52
1779705600,93.93,93.94,93.89,93.91,54
1779705660,93.9,93.9,93.74,93.8,62
1779705720,93.81,93.85,93.79,93.85,42
1779705780,93.84,93.86,93.8,93.8,54
1779705840,93.81,93.83,93.77,93.78,42
1779705900,93.77,93.86,93.77,93.8,64
1779705960,93.81,93.9,93.77,93.9,76
1779706020,93.89,93.89,93.82,93.86,58
1779706080,93.87,93.91,93.83,93.84,40
1779706140,93.85,93.87,93.85,93.86,32
1779706200,93.85,93.88,93.84,93.86,32
1779706260,93.85,93.9,93.84,93.86,66
1779706320,93.85,93.86,93.68,93.75,66
1779706380,93.76,93.81,93.75,93.81,40
1779706440,93.82,93.83,93.77,93.78,52
1779706500,93.77,93.78,93.73,93.75,40
1779706560,93.74,93.77,93.72,93.76,58
1779706620,93.75,93.77,93.73,93.76,52
1779706680,93.77,93.85,93.77,93.81,54
1779706740,93.82,93.82,93.75,93.8,52
1779706800,93.82,94.04,93.82,94,84
1779706860,93.99,94.01,93.96,93.99,62
1779706920,94,94.12,93.99,94.1,54
1779706980,94.11,94.11,94.06,94.09,52
1779707040,94.07,94.14,94.07,94.11,44
1779707100,94.1,94.15,94.09,94.14,34
1779707160,94.15,94.29,94.14,94.26,82
1779707220,94.25,94.25,94.05,94.05,62
1779707280,94.06,94.07,93.97,93.98,52
1779707340,93.97,93.97,93.88,93.92,50
1779707400,93.87,93.88,93.79,93.86,46
1779707460,93.87,93.89,93.81,93.82,46
1779707520,93.79,93.79,93.67,93.75,56
1779707580,93.74,93.8,93.69,93.8,80
1779707640,93.81,93.81,93.75,93.77,56
1779707700,93.76,93.79,93.73,93.73,30
1779707760,93.74,93.75,93.7,93.72,32
1779707820,93.71,93.73,93.65,93.65,42
1779707880,93.66,93.66,93.56,93.6,72
1779707940,93.59,93.66,93.59,93.65,42
1779708000,93.66,93.72,93.64,93.72,44
1779708060,93.73,93.92,93.73,93.87,82
1779708120,93.86,93.86,93.82,93.83,36
1779708180,93.85,93.88,93.82,93.88,44
1779708240,93.87,93.87,93.81,93.83,42
1779708300,93.84,93.94,93.84,93.94,48
1779708360,93.93,94.17,93.91,94.16,82
1779708420,94.13,94.17,94.12,94.16,46
1779708480,94.17,94.21,94.13,94.16,58
1779708540,94.15,94.15,94.12,94.13,32
1779708600,94.12,94.12,93.88,94,74
1779708660,94.01,94.03,93.96,93.97,60
1779708720,93.98,94.01,93.93,93.99,42
1779708780,93.98,94.01,93.68,93.76,80
1779708840,93.75,93.8,93.7,93.8,58
1779708900,93.79,93.86,93.78,93.78,64
1779708960,93.79,93.87,93.78,93.87,76
1779709020,93.86,93.91,93.83,93.85,60
1779709080,93.86,93.93,93.85,93.91,56
1779709140,93.92,93.93,93.74,93.76,74
1779709200,93.77,93.83,93.74,93.77,60
1779709260,93.78,93.84,93.77,93.77,44
1779709320,93.76,93.83,93.76,93.78,42
1779709380,93.77,93.8,93.75,93.75,30
1779709440,93.76,93.77,93.66,93.67,42
1779709500,93.66,93.7,93.45,93.63,122
1779709560,93.62,93.68,93.48,93.57,80
1779709620,93.58,93.61,93.57,93.57,48
1779709680,93.58,93.66,93.58,93.64,60
1779709740,93.63,93.64,93.6,93.63,58
1779709800,93.62,93.62,93.57,93.58,48
1779709860,93.55,93.61,93.47,93.47,64
1779709920,93.45,93.54,93.43,93.53,82
1779709980,93.52,93.65,93.52,93.65,64
1779710040,93.63,93.72,93.62,93.72,76
1779710100,93.71,93.76,93.69,93.7,64
1779710160,93.71,93.87,93.7,93.85,50
1779710220,93.86,93.87,93.84,93.84,34
1779710280,93.85,93.86,93.79,93.82,54
1779710340,93.81,93.81,93.75,93.78,46
1779710400,93.79,93.91,93.74,93.87,76
1779710460,93.89,93.89,93.8,93.84,54
1779710520,93.85,93.86,93.82,93.82,28
1779710580,93.81,93.89,93.81,93.88,48
1779710640,93.87,93.88,93.77,93.83,64
1779710700,93.84,93.88,93.8,93.82,54
1779710760,93.83,93.93,93.8,93.82,46
1779710820,93.83,93.86,93.79,93.86,66
1779710880,93.84,93.86,93.75,93.76,78
1779710940,93.74,93.82,93.74,93.82,60
1779711000,93.83,93.83,93.72,93.73,62
1779711060,93.74,93.76,93.72,93.73,48
1779711120,93.74,93.78,93.57,93.58,96
1779711180,93.57,93.59,93.53,93.56,58
1779711240,93.55,93.66,93.55,93.65,68
1779711300,93.67,93.74,93.66,93.73,58
1779711360,93.7,93.72,93.68,93.71,52
1779711420,93.7,93.74,93.62,93.68,58
1779711480,93.69,93.71,93.65,93.69,38
1779711540,93.7,93.73,93.67,93.72,48
1779711600,93.71,93.83,93.71,93.83,48
1779711660,93.82,93.83,93.79,93.8,62
1779711720,93.81,93.84,93.79,93.82,50
1779711780,93.83,93.87,93.32,93.51,100
1779711840,93.54,93.62,93.48,93.53,114
1779711900,93.51,93.64,93.44,93.61,98
1779711960,93.59,93.72,93.58,93.7,80
1779712020,93.69,93.82,93.68,93.81,76
1779712080,93.82,93.84,93.71,93.81,64
1779712140,93.82,93.85,93.77,93.81,52
1779712200,93.8,93.84,93.79,93.82,60
1779712260,93.81,93.87,93.79,93.87,58
1779712320,93.88,93.91,93.75,93.75,70
1779712380,93.76,93.82,93.74,93.81,46
1779712440,93.85,94,93.85,94,54
1779712500,94.02,94.14,93.99,94.07,84
1779712560,94.06,94.09,94.02,94.07,68
1779712620,94.06,94.08,94.02,94.06,50
1779712680,94.05,94.05,93.96,93.96,76
1779712740,93.97,94,93.91,93.91,86
1779712800,93.92,93.96,93.91,93.93,40
1779712860,93.92,94.01,93.92,94,60
1779712920,93.99,94.02,93.95,93.97,60
1779712980,93.96,93.98,93.94,93.94,46
1779713040,93.95,94.03,93.94,94.02,42
1779713100,94.01,94.42,93.98,94.27,118
1779713160,94.29,94.29,94.19,94.22,70
1779713220,94.24,94.24,94.17,94.19,62
1779713280,94.18,94.23,94.17,94.2,52
1779713340,94.19,94.2,94.13,94.18,52
1779713400,94.19,94.21,94.15,94.17,46
1779713460,94.16,94.3,94.15,94.29,62
1779713520,94.3,94.3,94.23,94.24,58
1779713580,94.23,94.3,94.23,94.25,56
1779713640,94.26,94.28,94.24,94.28,50
1779713700,94.27,94.31,94.25,94.3,42
1779713760,94.31,94.33,94.27,94.27,76
1779713820,94.26,94.34,94.25,94.32,68
1779713880,94.31,94.43,94.31,94.41,84
1779713940,94.42,94.43,94.34,94.37,74
1779714000,94.4,94.51,94.4,94.48,122
1779714060,94.49,94.55,94.45,94.52,86
1779714120,94.51,94.73,94.5,94.66,96
1779714180,94.65,94.65,94.53,94.58,90
1779714240,94.56,94.58,94.52,94.54,76
1779714300,94.55,94.57,94.43,94.43,86
1779714360,94.46,94.5,94.38,94.46,94
1779714420,94.47,94.5,94.4,94.4,66
1779714480,94.41,94.45,94.39,94.42,60
1779714540,94.44,94.46,94.44,94.45,38
1779714600,94.44,94.46,94.41,94.43,66
1779714660,94.42,94.42,94.33,94.37,76
1779714720,94.36,94.58,94.36,94.53,70
1779714780,94.54,94.56,94.5,94.51,36
1779714840,94.5,94.56,94.46,94.55,58
1779714900,94.54,94.67,94.53,94.65,106
1779714960,94.64,94.64,94.56,94.58,50
1779715020,94.57,94.66,94.56,94.65,62
1779715080,94.64,94.67,94.61,94.61,56
1779715140,94.6,94.63,94.53,94.53,76
1779715200,94.55,94.61,94.53,94.61,64
1779715260,94.62,94.63,94.56,94.6,56
1779715320,94.61,94.66,94.6,94.66,54
1779715380,94.65,94.68,94.63,94.68,58
1779715440,94.67,94.7,94.64,94.68,94
1779715500,94.67,94.68,94.55,94.58,72
1779715560,94.57,94.66,94.57,94.64,56
1779715620,94.63,94.65,94.59,94.6,50
1779715680,94.59,94.67,94.59,94.61,68
1779715740,94.6,94.64,94.58,94.63,54
1779715800,94.61,94.63,94.54,94.56,50
1779715860,94.57,94.57,94.4,94.41,84
1779715920,94.37,94.43,94.34,94.43,84
1779715980,94.42,94.44,94.39,94.43,64
1779716040,94.45,94.46,94.42,94.43,70
1779716100,94.44,94.44,94.39,94.41,56
1779716160,94.43,94.57,94.43,94.53,76
1779716220,94.52,94.57,94.52,94.53,64
1779716280,94.54,94.63,94.54,94.62,62
1779716340,94.63,94.67,94.57,94.58,78
1779716400,94.57,94.58,94.5,94.51,72
1779716460,94.5,94.57,94.5,94.56,50
1779716520,94.55,94.56,94.48,94.51,60
1779716580,94.52,94.57,94.51,94.57,44
1779716640,94.56,94.58,94.54,94.55,34
1779716700,94.54,94.57,94.52,94.55,54
1779716760,94.56,94.59,94.54,94.55,46
1779716820,94.53,94.67,94.53,94.65,62
1779716880,94.66,94.7,94.58,94.58,60
1779716940,94.59,94.63,94.57,94.62,48
1779717000,94.61,94.63,94.56,94.56,46
1779717060,94.55,94.73,94.55,94.67,86
1779717120,94.68,94.71,94.44,94.44,78
1779717180,94.45,94.48,94.43,94.46,54
1779717240,94.45,94.47,94.44,94.45,42
1779717300,94.44,94.47,94.42,94.44,54
1779717360,94.45,94.47,94.42,94.45,64
1779717420,94.44,94.44,94.32,94.32,68
1779717480,94.31,94.32,94.25,94.29,82
1779717540,94.28,94.28,94.21,94.28,54
1779717600,94.27,94.38,94.26,94.37,76
1779717660,94.36,94.38,94.26,94.27,64
1779717720,94.25,94.31,94.25,94.27,50
1779717780,94.26,94.27,94.13,94.15,68
1779717840,94.16,94.16,94.1,94.14,48
1779717900,94.15,94.23,94.13,94.15,88
1779717960,94.16,94.22,94.15,94.22,54
1779718020,94.21,94.33,94.21,94.33,76
1779718080,94.32,94.38,94.31,94.35,62
1779718140,94.36,94.37,94.31,94.34,50
1779718200,94.36,94.38,94.33,94.34,30
1779718260,94.32,94.37,94.32,94.37,40
1779718320,94.36,94.37,94.32,94.37,42
1779718380,94.38,94.38,94.34,94.35,30
1779718440,94.34,94.38,94.34,94.37,54
1779718500,94.38,94.38,94.34,94.37,22
1779718560,94.35,94.36,94.32,94.34,50
1779718620,94.37,94.37,94.12,94.13,74
1779718680,94.14,94.18,94.1,94.1,68
1779718740,94.09,94.11,94.02,94.09,68
1779718800,94.1,94.1,93.95,93.97,74
1779718860,93.96,93.96,93.77,93.79,76
1779718920,93.78,93.93,93.78,93.88,92
1779718980,93.89,93.93,93.88,93.92,50
1779719040,93.91,93.97,93.91,93.93,68
1779719100,93.92,93.95,93.89,93.91,84
1779719160,93.92,93.93,93.87,93.91,84
1779719220,93.89,93.96,93.88,93.96,94
1779719280,93.94,93.97,93.93,93.95,60
1779719340,93.96,93.96,93.86,93.87,78
1779719400,93.85,94.01,93.85,93.94,100
1779719460,93.92,94.1,93.92,94.09,62
1779719520,94.1,94.2,94.09,94.16,72
1779719580,94.17,94.27,94.16,94.27,50
1779719640,94.26,94.29,94.14,94.14,60
1779719700,94.15,94.21,94.14,94.2,56
1779719760,94.21,94.22,94.15,94.16,46
1779719820,94.15,94.2,94.14,94.2,52
1779719880,94.18,94.21,94.15,94.21,50
1779719940,94.22,94.23,94.19,94.19,52
1779720000,94.16,94.29,94.15,94.24,58
1779720060,94.23,94.24,94.18,94.21,44
1779720120,94.2,94.24,94.18,94.18,52
1779720180,94.19,94.26,94.18,94.22,38
1779720240,94.23,94.23,94.18,94.2,46
1779720300,94.19,94.2,94.18,94.19,30
1779720360,94.2,94.24,93.99,94.04,94
1779720420,94.03,94.06,93.95,94.05,102
1779720480,94.04,94.06,94,94.03,56
1779720540,94.02,94.04,94,94.01,38
1779720600,93.99,94.05,93.95,94.03,68
1779720660,94.02,94.03,93.95,93.98,56
1779720720,93.97,94.02,93.97,94.02,52
1779720780,94.01,94.04,93.95,93.95,58
1779720840,93.98,94.27,93.96,94.26,78
1779720900,94.25,94.32,94.21,94.28,102
1779720960,94.29,94.35,94.26,94.33,76
1779721020,94.32,94.38,94.31,94.36,76
1779721080,94.35,94.38,94.3,94.36,72
1779721140,94.37,94.37,94.3,94.31,76
1779721200,94.32,94.37,94.3,94.34,92
1779721260,94.35,94.37,94.32,94.34,54
1779721320,94.35,94.37,94.32,94.33,28
1779721380,94.31,94.37,94.31,94.36,62
1779721440,94.35,94.55,94.35,94.52,72
1779721500,94.51,94.66,94.51,94.63,96
1779721560,94.62,94.63,94.56,94.63,76
1779721620,94.64,94.7,94.59,94.62,58
1779721680,94.61,94.63,94.58,94.6,66
1779721740,94.62,94.62,94.52,94.52,50
1779721800,94.53,94.57,93.62,93.62,116
1779721860,93.66,93.89,93.44,93.52,226
1779721920,93.51,93.6,93.35,93.46,154
1779721980,93.45,93.55,93.31,93.55,136
1779722040,93.56,93.83,93.52,93.76,122
1779722100,93.75,93.76,93.62,93.62,114
1779722160,93.63,93.8,93.61,93.76,92
1779722220,93.77,93.85,93.72,93.84,96
1779722280,93.85,93.85,93.72,93.72,58
1779733260,93.18,93.19,93.16,93.18,30
1779733320,93.2,93.28,93.19,93.26,52
1779733380,93.25,93.27,93.2,93.21,32
1779733440,93.22,93.23,93.21,93.22,46
1779733500,93.24,93.29,93.23,93.26,52
1779733560,93.25,93.25,93.17,93.24,50
1779733620,93.25,93.28,93.19,93.21,96
1779733680,93.22,93.25,93.22,93.23,28
1779733740,93.24,93.24,93.24,93.24,2
1779746400,93.92,93.94,93.7,93.7,94
1779746460,93.66,93.86,93.66,93.82,94
1779746520,93.78,93.95,93.77,93.93,62
1779746580,93.94,93.96,93.63,93.66,82
1779746640,93.67,93.68,93.37,93.41,98
1779746700,93.4,93.6,93.33,93.52,84
1779746760,93.54,93.62,93.51,93.51,80
1779746820,93.48,93.58,93.48,93.52,52
1779746880,93.51,93.52,93.34,93.38,62
1779746940,93.37,93.47,93.36,93.4,46
1779747000,93.39,93.44,93.32,93.32,48
1779747060,93.31,93.32,93.12,93.16,68
1779747120,93.14,93.25,93.14,93.25,60
1779747180,93.27,93.39,93.25,93.37,54
1779747240,93.38,93.44,93.38,93.38,30
1779747300,93.37,93.39,93.33,93.34,34
1779747360,93.36,93.41,93.35,93.41,18
1779747420,93.42,93.42,93.39,93.4,18
1779747480,93.39,93.39,93.38,93.39,14
1779747540,93.38,93.38,93.35,93.35,8
1779747600,93.34,93.36,93.3,93.3,22
1779747660,93.32,93.32,93.26,93.26,10
1779747720,93.25,93.26,93.14,93.22,42
1779747780,93.23,93.29,93.21,93.26,18
1779747840,93.28,93.28,93.26,93.27,16
1779747900,93.28,93.37,93.28,93.35,22
1779747960,93.36,93.37,93.35,93.35,12
1779748020,93.36,93.37,93.36,93.37,4
1779748080,93.36,93.39,93.36,93.39,6
1779748140,93.38,93.43,93.3,93.3,24
1779748200,93.31,93.34,93.18,93.32,74
1779748260,93.33,93.34,93.29,93.32,26
1779748320,93.33,93.34,93.23,93.23,24
1779748380,93.2,93.24,93.19,93.23,10
1779748440,93.24,93.24,93.17,93.24,26
1779748500,93.25,93.3,93.25,93.29,22
1779748560,93.28,93.29,93.26,93.29,14
1779748620,93.3,93.32,93.26,93.26,28
1779748680,93.27,93.28,93.19,93.21,30
1779748740,93.23,93.23,93.19,93.21,20
1779748800,93.2,93.23,93.2,93.23,16
1779748860,93.22,93.26,93.22,93.24,10
1779748920,93.25,93.28,93.25,93.28,16
1779748980,93.29,93.32,93.29,93.3,10
1779749040,93.29,93.29,93.15,93.18,30
1779749100,93.22,93.26,93.22,93.26,18
1779749160,93.25,93.35,93.25,93.3,28
1779749220,93.29,93.31,93.25,93.27,24
1779749280,93.28,93.3,93.27,93.3,18
1779749340,93.31,93.31,93.31,93.31,2
1779749400,93.3,93.32,93.28,93.29,38
1779749460,93.31,93.34,93.28,93.28,74
1779749520,93.29,93.29,93.23,93.26,28
1779749580,93.29,93.32,93.29,93.31,20
1779749640,93.3,93.31,93.29,93.3,10
1779749700,93.29,93.39,93.29,93.39,14
1779749760,93.38,93.38,93.3,93.3,38
1779749820,93.29,93.31,93.23,93.31,36
1779749880,93.32,93.34,93.3,93.31,18
1779749940,93.32,93.52,93.31,93.51,34
1779750000,93.5,93.5,93.4,93.4,40
1779750060,93.44,93.6,93.44,93.6,34
1779750120,93.59,93.62,93.53,93.54,40
1779750180,93.55,93.59,93.53,93.59,16
1779750240,93.58,93.59,93.53,93.53,18
1779750300,93.54,93.54,93.53,93.54,6
1779750360,93.53,93.59,93.53,93.57,22
1779750420,93.59,93.62,93.59,93.61,16
1779750480,93.6,93.61,93.59,93.61,24
1779750540,93.6,93.74,93.6,93.73,34
1779750600,93.72,93.77,93.72,93.74,40
1779750660,93.73,93.75,93.72,93.73,40
1779750720,93.72,93.74,93.64,93.65,36
1779750780,93.64,93.67,93.62,93.65,28
1779750840,93.67,93.67,93.58,93.58,38
1779750900,93.6,93.62,93.58,93.62,24
1779750960,93.61,93.63,93.58,93.63,30
1779751020,93.61,93.66,93.61,93.66,24
1779751080,93.67,93.73,93.65,93.66,22
1779751140,93.65,93.73,93.65,93.71,30
1779751200,93.7,93.71,93.68,93.69,16
1779751260,93.7,93.7,93.67,93.67,8
1779751320,93.66,93.66,93.65,93.66,10
1779751380,93.68,93.72,93.67,93.68,28
1779751440,93.67,93.67,93.65,93.67,10
1779751500,93.66,93.69,93.63,93.63,22
1779751560,93.64,93.64,93.64,93.64,2
1779751620,93.63,93.64,93.62,93.63,14
1779751680,93.65,93.69,93.65,93.68,8
1779751740,93.69,93.72,93.66,93.66,14
1779751800,93.67,93.7,93.66,93.68,16
1779751860,93.67,93.68,93.67,93.67,6
1779751920,93.68,93.68,93.66,93.66,6
1779751980,93.68,93.8,93.68,93.77,18
1779752040,93.78,93.8,93.78,93.78,22
1779752100,93.76,93.76,93.72,93.75,20
1779752160,93.74,93.76,93.73,93.76,10
1779752220,93.77,93.8,93.76,93.77,24
1779752280,93.78,93.8,93.78,93.78,10
1779752340,93.77,93.79,93.77,93.79,12
1779752400,93.8,93.81,93.78,93.79,18
1779752460,93.8,93.83,93.8,93.83,10
1779752520,93.82,93.82,93.77,93.8,14
1779752580,93.81,93.87,93.81,93.84,16
1779752700,93.83,93.83,93.78,93.78,14
1779752760,93.79,93.79,93.77,93.78,14
1779752820,93.77,93.77,93.77,93.77,2
1779752880,93.8,93.83,93.78,93.79,24
1779752940,93.78,93.78,93.77,93.78,6
1779753000,93.77,93.79,93.77,93.79,10
1779753060,93.8,93.8,93.68,93.68,18
1779753120,93.67,93.68,93.67,93.68,4
1779753180,93.7,93.7,93.68,93.69,8
1779753240,93.68,93.68,93.62,93.66,28
1779753300,93.67,93.69,93.65,93.69,18
1779753360,93.7,93.72,93.67,93.71,16
1779753420,93.7,93.71,93.7,93.7,22
1779753480,93.69,93.7,93.67,93.69,18
1779753540,93.68,93.71,93.68,93.69,36
1779753600,93.71,93.91,93.71,93.86,106
1779753660,93.85,94.31,93.85,94.28,158
1779753720,94.27,94.33,94.21,94.21,114
1779753780,94.19,94.23,94,94.01,104
1779753840,94.03,94.13,94.01,94.03,66
1779753900,94.02,94.03,93.92,93.98,82
1779753960,93.97,94.18,93.96,94.16,80
1779754020,94.15,94.24,94.14,94.22,64
1779754080,94.23,94.25,94.18,94.19,56
1779754140,94.18,94.29,94.17,94.26,44
1779754200,94.27,94.34,94.19,94.31,90
1779754260,94.3,94.35,94.25,94.31,78
1779754320,94.32,94.32,94.15,94.15,106
1779754380,94.16,94.2,94.1,94.18,46
1779754440,94.17,94.18,94.07,94.11,66
1779754500,94.12,94.14,93.93,94.06,114
1779754560,94.08,94.11,94.04,94.07,42
1779754620,94.08,94.14,94.07,94.13,58
1779754680,94.14,94.16,94.11,94.15,30
1779754740,94.14,94.22,94.13,94.18,54
1779754800,94.17,94.2,94.08,94.12,56
1779754860,94.11,94.13,94.06,94.11,60
1779754920,94.08,94.18,94.06,94.14,50
1779754980,94.11,94.14,94.06,94.09,64
1779755040,94.1,94.16,94.09,94.16,40
1779755100,94.13,94.18,94.1,94.15,32
1779755160,94.14,94.14,94.07,94.1,64
1779755220,94.05,94.08,93.97,94.04,73
1779755280,94.05,94.05,93.97,94.03,46
1779755340,94.04,94.08,94,94.05,56
1779755400,94.04,94.08,94.01,94.04,42
1779755460,94.05,94.05,93.98,94.01,42
1779755520,94.02,94.04,93.95,94,60
1779755580,94.01,94.03,93.94,93.97,60
1779755640,93.93,93.93,93.83,93.84,59
1779755700,93.85,93.9,93.82,93.83,52
1779755760,93.87,93.94,93.87,93.92,46
1779755820,93.93,93.93,93.88,93.93,28
1779755880,93.94,93.94,93.87,93.91,38
1779755940,93.91,93.91,93.82,93.87,56
1779756000,93.89,93.9,93.85,93.89,40
1779756060,93.9,94.05,93.88,94.04,34
1779756120,94.05,94.06,93.98,93.99,36
1779756180,94,94.05,93.97,94.03,56
1779756240,94.02,94.02,93.97,94.02,26
1779756300,94.01,94.05,93.97,94.04,42
1779756360,94.05,94.07,94.01,94.07,38
1779756420,94.05,94.1,94.03,94.09,48
1779756480,94.1,94.19,94.06,94.16,52
1779756540,94.15,94.19,94.1,94.19,36
1779756600,94.2,94.2,94.15,94.17,42
1779756660,94.16,94.28,94.16,94.27,32
1779756720,94.26,94.33,94.24,94.31,34
1779756780,94.3,94.33,94.27,94.28,60
1779756840,94.27,94.27,94.17,94.2,50
1779756900,94.19,94.2,94.16,94.17,60
1779756960,94.16,94.22,94.13,94.19,40
1779757020,94.2,94.2,94.16,94.18,38
1779757080,94.16,94.2,94.16,94.18,22
1779757140,94.17,94.25,94.17,94.25,34
1779757200,94.24,94.39,94.14,94.33,110
1779757260,94.32,94.38,94.23,94.38,94
1779757320,94.39,94.44,94.36,94.42,74
1779757380,94.43,94.55,94.4,94.5,76
1779757440,94.51,94.61,94.51,94.61,58
1779757500,94.62,94.62,94.52,94.53,50
1779757560,94.51,94.61,94.51,94.6,60
1779757620,94.61,94.61,94.57,94.61,50
1779757680,94.6,94.61,94.57,94.57,46
1779757740,94.5,94.58,94.5,94.56,66
1779757800,94.55,94.56,94.47,94.53,54
1779757860,94.54,94.63,94.53,94.54,60
1779757920,94.55,94.59,94.52,94.56,60
1779757980,94.57,94.6,94.5,94.5,36
1779758040,94.51,94.52,94.48,94.51,36
1779758100,94.52,94.56,94.52,94.55,32
1779758160,94.56,94.61,94.51,94.56,56
1779758220,94.57,94.59,94.51,94.53,54
1779758280,94.54,94.55,94.5,94.51,42
1779758340,94.53,94.55,94.51,94.54,18
1779758400,94.53,94.55,94.5,94.53,38
1779758460,94.52,94.64,94.52,94.64,24
1779758520,94.63,94.64,94.6,94.64,32
1779758580,94.63,94.63,94.6,94.62,16
1779758640,94.61,94.63,94.61,94.62,26
1779758700,94.61,94.63,94.59,94.63,28
1779758760,94.64,94.71,94.63,94.69,48
1779758820,94.68,94.74,94.68,94.72,32
1779758880,94.71,94.74,94.7,94.71,38
1779758940,94.69,94.69,94.62,94.67,56
1779759000,94.68,94.74,94.68,94.74,34
1779759060,94.73,94.74,94.71,94.73,22
1779759120,94.72,94.79,94.7,94.76,52
1779759180,94.75,94.78,94.75,94.77,30
1779759240,94.75,94.79,94.7,94.71,52
1779759300,94.69,94.74,94.66,94.68,58
1779759360,94.69,94.72,94.65,94.72,32
1779759420,94.73,94.74,94.68,94.72,38
1779759480,94.71,94.78,94.71,94.73,36
1779759540,94.74,94.76,94.72,94.74,26
1779759600,94.75,94.76,94.7,94.73,40
1779759660,94.72,94.76,94.71,94.75,36
1779759720,94.74,94.76,94.72,94.73,20
1779759780,94.72,94.72,94.69,94.69,24
1779759840,94.7,94.78,94.7,94.74,32
1779759900,94.73,94.79,94.71,94.73,36
1779759960,94.74,94.75,94.72,94.74,24
1779760020,94.72,94.74,94.69,94.73,34
1779760080,94.74,94.79,94.73,94.79,36
1779760140,94.78,94.79,94.72,94.75,50
1779760200,94.74,94.77,94.72,94.76,42
1779760260,94.75,94.76,94.75,94.76,12
1779760320,94.75,94.75,94.69,94.7,44
1779760380,94.69,94.71,94.68,94.7,26
1779760440,94.69,94.69,94.63,94.64,68
1779760500,94.65,94.66,94.58,94.61,56
1779760560,94.62,94.63,94.54,94.57,40
1779760620,94.56,94.6,94.55,94.58,36
1779760680,94.59,94.62,94.58,94.61,20
1779760740,94.6,94.61,94.59,94.61,20
1779760800,94.6,94.69,94.6,94.67,34
1779760860,94.66,94.66,94.6,94.6,20
1779760920,94.62,94.62,94.59,94.6,18
1779760980,94.59,94.59,94.52,94.53,24
1779761040,94.51,94.52,94.5,94.51,22
1779761100,94.52,94.55,94.52,94.53,30
1779761160,94.55,94.56,94.51,94.51,40
1779761220,94.5,94.52,94.48,94.51,24
1779761280,94.52,94.52,94.5,94.51,12
1779761340,94.5,94.52,94.49,94.5,22
1779761400,94.51,94.54,94.5,94.5,38
1779761460,94.47,94.5,94.45,94.49,32
1779761520,94.5,94.57,94.5,94.53,36
1779761580,94.52,94.55,94.52,94.55,24
1779761640,94.56,94.56,94.52,94.53,24
1779761700,94.54,94.54,94.46,94.49,34
1779761760,94.5,94.54,94.49,94.54,38
1779761820,94.53,94.55,94.5,94.54,16
1779761880,94.53,94.54,94.52,94.53,10
1779761940,94.54,94.54,94.49,94.51,28
1779762000,94.5,94.53,94.5,94.5,34
1779762060,94.51,94.51,94.45,94.5,36
1779762120,94.49,94.51,94.45,94.46,12
1779762180,94.47,94.48,94.45,94.46,26
1779762240,94.47,94.48,94.47,94.48,4
1779762300,94.49,94.54,94.49,94.51,40
1779762360,94.5,94.54,94.5,94.51,20
1779762420,94.52,94.52,94.47,94.49,28
1779762480,94.48,94.53,94.47,94.52,30
1779762540,94.51,94.51,94.49,94.5,22
1779762600,94.49,94.51,94.46,94.48,54
1779762660,94.46,94.47,94.33,94.34,64
1779762720,94.35,94.39,94.34,94.38,58
1779762780,94.39,94.4,94.36,94.39,16
1779762840,94.38,94.39,94.33,94.35,38
1779762900,94.36,94.37,94.32,94.36,54
1779762960,94.37,94.4,94.29,94.29,24
1779763020,94.28,94.28,94.19,94.24,48
1779763080,94.25,94.26,94.18,94.19,58
1779763140,94.21,94.23,94.17,94.23,42
1779763200,94.24,94.3,94.22,94.29,36
1779763260,94.28,94.34,94.28,94.34,26
1779763320,94.35,94.45,94.35,94.43,26
1779763380,94.42,94.48,94.42,94.45,34
1779763440,94.46,94.47,94.44,94.45,32
1779763500,94.44,94.44,94.39,94.43,34
1779763560,94.42,94.43,94.38,94.43,36
1779763620,94.42,94.43,94.34,94.34,24
1779763680,94.35,94.37,94.32,94.34,28
1779763740,94.33,94.38,94.32,94.35,46
1779763800,94.36,94.36,94.32,94.33,30
1779763860,94.32,94.35,94.31,94.35,26
1779763920,94.34,94.34,94.32,94.34,18
1779763980,94.33,94.34,94.28,94.34,36
1779764040,94.35,94.37,94.33,94.36,28
1779764100,94.35,94.38,94.32,94.33,26
1779764160,94.34,94.36,94.33,94.34,22
1779764220,94.33,94.36,94.33,94.35,20
1779764280,94.34,94.34,94.32,94.33,18
1779764340,94.32,94.34,94.32,94.34,6
1779764400,94.33,94.34,94.27,94.27,18
1779764460,94.28,94.29,94.24,94.27,42
1779764520,94.26,94.29,94.26,94.28,16
1779764580,94.26,94.26,94.21,94.24,20
1779764640,94.25,94.28,94.24,94.25,24
1779764700,94.26,94.31,94.22,94.27,50
1779764760,94.26,94.28,94.25,94.26,36
1779764820,94.27,94.28,94.25,94.28,18
1779764880,94.27,94.31,94.27,94.31,28
1779764940,94.32,94.33,94.32,94.32,10
1779765000,94.33,94.34,94.32,94.33,24
1779765060,94.34,94.35,94.29,94.33,20
1779765120,94.34,94.34,94.31,94.34,26
1779765180,94.33,94.37,94.33,94.35,20
1779765240,94.36,94.36,94.32,94.34,14
1779765300,94.33,94.34,94.33,94.34,4
1779765360,94.35,94.38,94.34,94.37,24
1779765420,94.36,94.37,94.35,94.35,10
1779765480,94.34,94.36,94.27,94.28,50
1779765540,94.29,94.29,94.27,94.27,18
1779765600,94.26,94.26,94.2,94.22,26
1779765660,94.23,94.24,94.21,94.23,14
1779765720,94.22,94.24,94.21,94.21,16
1779765780,94.22,94.23,94.2,94.23,26
1779765840,94.22,94.23,94.2,94.23,18
1779765900,94.24,94.25,94.16,94.19,34
1779765960,94.18,94.21,94.18,94.21,24
1779766020,94.2,94.28,94.2,94.26,24
1779766080,94.27,94.29,94.27,94.29,16
1779766140,94.28,94.29,94.22,94.24,44
1779766200,94.25,94.25,94.19,94.19,40
1779766260,94.2,94.22,94.2,94.21,14
1779766320,94.2,94.22,94.19,94.2,24
1779766380,94.21,94.22,94.21,94.22,4
1779766440,94.23,94.23,94.21,94.21,14
1779766500,94.22,94.22,94.2,94.21,16
1779766560,94.22,94.23,94.21,94.23,8
1779766620,94.26,94.27,94.2,94.22,14
1779766680,94.23,94.24,94.23,94.23,14
1779766740,94.25,94.25,94.23,94.24,10
1779766800,94.25,94.27,94.23,94.23,20
1779766860,94.22,94.28,94.22,94.27,16
1779766920,94.26,94.29,94.26,94.27,12
1779766980,94.28,94.3,94.28,94.28,16
1779767040,94.26,94.28,94.26,94.27,12
1779767100,94.28,94.29,94.28,94.29,4
1779767160,94.28,94.29,94.28,94.28,6
1779767220,94.29,94.38,94.29,94.36,22
1779767280,94.37,94.38,94.35,94.38,22
1779767340,94.37,94.38,94.36,94.38,24
1779767400,94.37,94.37,94.36,94.37,6
1779767460,94.38,94.42,94.38,94.42,10
1779767520,94.43,94.47,94.42,94.47,12
1779767580,94.46,94.47,94.46,94.46,6
1779767640,94.44,94.46,94.44,94.45,12
1779767700,94.44,94.44,94.4,94.42,10
1779767760,94.41,94.41,94.38,94.39,16
1779767820,94.4,94.42,94.39,94.41,16
1779767880,94.4,94.4,94.4,94.4,2
1779767940,94.41,94.42,94.41,94.41,6
1779768000,94.42,94.42,94.33,94.36,28
1779768060,94.37,94.39,94.37,94.39,22
1779768120,94.38,94.43,94.38,94.42,10
1779768180,94.43,94.49,94.43,94.49,26
1779768240,94.48,94.57,94.48,94.54,24
1779768300,94.55,94.56,94.54,94.56,20
1779768360,94.57,94.6,94.56,94.57,22
1779768420,94.56,94.57,94.55,94.55,12
1779768480,94.54,94.54,94.54,94.54,2
1779768540,94.53,94.53,94.52,94.53,6
1779768600,94.54,94.54,94.52,94.52,6
1779768660,94.51,94.52,94.5,94.52,12
1779768720,94.51,94.52,94.51,94.52,12
1779768780,94.53,94.54,94.52,94.53,18
1779768840,94.52,94.53,94.49,94.51,20
1779768900,94.52,94.54,94.51,94.53,16
1779768960,94.52,94.56,94.52,94.55,20
1779769020,94.56,94.56,94.54,94.54,26
1779769080,94.55,94.56,94.53,94.56,16
1779769140,94.55,94.58,94.55,94.57,26
1779769200,94.56,94.59,94.56,94.59,14
1779769260,94.6,94.61,94.56,94.56,16
1779769320,94.54,94.6,94.54,94.6,18
1779769380,94.59,94.6,94.57,94.57,16
1779769440,94.58,94.59,94.57,94.59,16
1779769500,94.58,94.64,94.58,94.64,18
1779769560,94.63,94.65,94.63,94.64,8
1779769620,94.63,94.63,94.6,94.6,16
1779769680,94.61,94.62,94.6,94.62,8
1779769740,94.59,94.61,94.58,94.59,22
1779769800,94.6,94.63,94.59,94.63,18
1779769860,94.62,94.63,94.56,94.57,40
1779769920,94.58,94.61,94.57,94.61,24
1779769980,94.6,94.6,94.56,94.59,12
1779770040,94.58,94.58,94.58,94.58,2
1779770100,94.56,94.56,94.45,94.48,42
1779770160,94.49,94.53,94.47,94.5,30
1779770220,94.51,94.58,94.51,94.55,26
1779770280,94.54,94.55,94.54,94.54,6
1779770340,94.52,94.53,94.52,94.53,12
1779770400,94.52,94.53,94.52,94.52,10
1779770460,94.51,94.51,94.48,94.49,14
1779770520,94.51,94.52,94.51,94.52,12
1779770580,94.51,94.51,94.47,94.49,8
1779770640,94.48,94.62,94.48,94.62,30
1779770700,94.63,94.65,94.63,94.64,6
1779770760,94.65,94.69,94.65,94.66,36
1779770820,94.65,94.78,94.65,94.73,56
1779770880,94.74,94.75,94.73,94.74,26
1779770940,94.75,94.76,94.71,94.75,48
1779771000,94.74,94.75,94.71,94.73,18
1779771060,94.74,94.8,94.73,94.76,22
1779771120,94.77,94.8,94.77,94.78,20
1779771180,94.79,94.79,94.77,94.79,14
1779771240,94.78,94.79,94.77,94.77,12
1779771300,94.76,94.79,94.76,94.79,24
1779771360,94.78,94.79,94.77,94.77,20
1779771420,94.78,94.78,94.73,94.75,20
1779771480,94.76,94.87,94.75,94.81,54
1779771540,94.79,94.8,94.75,94.77,42
1779771600,94.78,94.81,94.78,94.79,16
1779771660,94.8,94.87,94.75,94.86,56
1779771720,94.85,94.91,94.85,94.89,36
1779771780,94.93,95.03,94.89,95.01,46
1779771840,95,95.06,95,95.03,62
1779771900,95.02,95.06,95,95.04,44
1779771960,95.03,95.05,95.02,95.02,12
1779772020,95.03,95.05,95.03,95.05,12
1779772080,95.04,95.07,95.02,95.07,32
1779772140,95.06,95.14,95.06,95.13,58
1779772200,95.14,95.14,95.11,95.12,24
1779772260,95.11,95.14,95.11,95.13,32
1779772320,95.14,95.18,95.1,95.15,66
1779772380,95.16,95.21,95.15,95.19,42
1779772440,95.2,95.29,95.19,95.23,40
1779772500,95.22,95.23,95.15,95.16,24
1779772560,95.15,95.15,95.1,95.11,54
1779772620,95.1,95.11,95.02,95.02,28
1779772680,95,95,94.9,94.9,54
1779772740,94.91,94.93,94.87,94.91,34
1779772800,94.92,94.97,94.92,94.95,38
1779772860,94.96,94.96,94.92,94.92,14
1779772920,94.91,94.92,94.88,94.89,22
1779772980,94.88,94.89,94.86,94.87,30
1779773040,94.88,94.9,94.86,94.9,22
1779773100,94.89,94.89,94.81,94.82,38
1779773160,94.83,94.83,94.78,94.81,40
1779773220,94.8,94.81,94.78,94.81,24
1779773280,94.8,94.81,94.78,94.8,30
1779773340,94.79,94.81,94.79,94.8,16
1779773400,94.81,94.82,94.58,94.73,86
1779773460,94.71,94.81,94.71,94.77,52
1779773520,94.78,94.8,94.71,94.76,56
1779773580,94.77,94.82,94.75,94.75,52
1779773640,94.74,94.8,94.73,94.75,62
1779773700,94.76,94.76,94.68,94.69,68
1779773760,94.7,94.75,94.7,94.75,24
1779773820,94.74,94.74,94.69,94.72,38
1779773880,94.73,94.75,94.69,94.75,34
1779773940,94.74,94.74,94.71,94.71,42
1779774000,94.7,94.75,94.7,94.74,28
1779774060,94.75,94.78,94.73,94.74,22
1779774120,94.73,94.77,94.71,94.72,58
1779774180,94.73,94.76,94.72,94.76,26
1779774240,94.77,94.78,94.73,94.75,42
1779774300,94.76,94.79,94.75,94.79,32
1779774360,94.8,94.82,94.76,94.81,50
1779774420,94.8,94.86,94.79,94.83,48
1779774480,94.84,94.84,94.81,94.83,28
1779774540,94.85,94.9,94.84,94.9,52
1779774600,94.91,94.95,94.89,94.9,36
1779774660,94.91,94.93,94.88,94.91,56
1779774720,94.9,94.9,94.85,94.87,40
1779774780,94.85,94.85,94.83,94.85,34
1779774840,94.86,94.88,94.83,94.83,22
1779774900,94.84,94.85,94.77,94.77,50
1779774960,94.75,94.75,94.69,94.7,36
1779775020,94.71,94.75,94.71,94.74,28
1779775080,94.73,94.75,94.66,94.67,44
1779775140,94.66,94.67,94.64,94.64,26
1779775200,94.66,94.71,94.64,94.68,62
1779775260,94.69,94.7,94.6,94.61,46
1779775320,94.63,94.66,94.59,94.61,50
1779775380,94.6,94.61,94.59,94.6,42
1779775440,94.59,94.59,94.49,94.53,40
1779775500,94.54,94.55,94.47,94.48,56
1779775560,94.55,94.59,94.53,94.54,36
1779775620,94.55,94.56,94.53,94.54,30
1779775680,94.55,94.55,94.49,94.49,42
1779775740,94.48,94.49,94.45,94.48,42
1779775800,94.49,94.51,94.45,94.48,32
1779775860,94.47,94.49,94.47,94.48,20
1779775920,94.49,94.54,94.47,94.47,44
1779775980,94.48,94.48,94.37,94.38,60
1779776040,94.39,94.46,94.39,94.46,32
1779776100,94.47,94.48,94.44,94.44,34
1779776160,94.43,94.48,94.43,94.45,40
1779776220,94.46,94.49,94.45,94.47,42
1779776280,94.48,94.5,94.46,94.48,40
1779776340,94.49,94.5,94.43,94.46,44
1779776400,94.45,94.47,94.41,94.42,40
1779776460,94.44,94.46,94.42,94.46,42
1779776520,94.45,94.48,94.42,94.45,28
1779776580,94.46,94.46,94.39,94.41,46
1779776640,94.42,94.42,94.39,94.4,22
1779776700,94.41,94.41,94.38,94.4,28
1779776760,94.39,94.42,94.34,94.35,48
1779776820,94.34,94.41,94.34,94.38,36
1779776880,94.37,94.93,94.37,94.91,74
1779776940,94.92,95.06,94.66,94.72,142
1779777000,94.71,94.75,94.64,94.69,82
1779777060,94.68,94.74,94.66,94.7,58
1779777120,94.71,94.94,94.71,94.91,84
1779777180,94.92,94.92,94.81,94.82,80
1779777240,94.8,94.82,94.69,94.69,70
1779777300,94.7,94.72,94.56,94.58,72
1779777360,94.6,94.61,94.44,94.46,96
1779777420,94.45,94.49,94.42,94.43,76
1779777480,94.45,94.47,94.38,94.43,68
1779777540,94.45,94.45,94.38,94.41,44
1779777600,94.4,94.48,94.38,94.39,66
1779777660,94.38,94.46,94.37,94.46,44
1779777720,94.45,94.47,94.43,94.44,38
1779777780,94.45,94.5,94.44,94.49,38
1779777840,94.48,94.5,94.41,94.45,48
1779777900,94.44,94.54,94.44,94.5,70
1779777960,94.49,94.52,94.49,94.51,48
1779778020,94.52,94.54,94.51,94.54,30
1779778080,94.53,94.54,94.45,94.46,44
1779778140,94.45,94.45,94.37,94.37,48
1779778200,94.36,94.36,94.28,94.3,44
1779778260,94.29,94.35,94.29,94.3,80
1779778320,94.31,94.32,94.29,94.31,54
1779778380,94.3,94.3,94.17,94.21,84
1779778440,94.2,94.28,94.19,94.27,100
1779778500,94.28,94.31,94.25,94.28,54
1779778560,94.27,94.33,94.27,94.33,68
1779778620,94.32,94.4,94.31,94.4,66
1779778680,94.42,94.47,94.41,94.47,68
1779778740,94.46,94.48,94.4,94.42,66
1779778800,94.43,94.43,94.33,94.4,114
1779778860,94.41,94.41,94.32,94.34,66
1779778920,94.33,94.36,94.3,94.36,62
1779780000,95.34,95.35,95.26,95.27,62
1779780060,95.28,95.33,95.25,95.33,78
1779780120,95.31,95.31,95.18,95.18,80
1779780180,95.17,95.23,95.17,95.2,64
1779780240,95.19,95.22,95.08,95.11,80
1779780300,95.1,95.15,95.08,95.12,80
1779780360,95.1,95.14,95.03,95.06,72
1779780420,95.07,95.07,95.01,95.05,70
1779780480,95.07,95.16,95.07,95.11,68
1779780540,95.1,95.13,95.04,95.06,86
1779780600,95.07,95.12,95.04,95.07,76
1779780660,95.08,95.16,95.08,95.15,58
1779780720,95.14,95.46,95.08,95.28,124
1779780780,95.26,95.39,95.2,95.38,92
1779780840,95.39,95.46,95.36,95.42,88
1779780900,95.43,95.6,95.43,95.58,121
1779780960,95.57,95.63,95.52,95.61,96
1779781020,95.62,95.63,95.58,95.63,68
1779781080,95.65,95.65,95.56,95.58,92
1779781140,95.6,95.67,95.59,95.67,76
1779781200,95.66,95.68,95.53,95.53,84
1779781260,95.52,95.56,95.48,95.53,88
1779781320,95.52,95.57,95.5,95.56,86
1779781380,95.55,95.55,95.48,95.51,92
1779781440,95.55,95.56,95.39,95.41,100
1779781500,95.4,95.42,95.29,95.37,130
1779781560,95.36,95.42,95.29,95.29,98
1779781620,95.3,95.35,95.28,95.28,92
1779781680,95.27,95.32,95.24,95.24,90
1779781740,95.23,95.25,95.15,95.22,80
1779781800,95.23,95.28,95.15,95.28,86
1779781860,95.29,95.36,95.28,95.35,72
1779781920,95.34,95.45,95.32,95.44,82
1779781980,95.43,95.46,95.32,95.33,102
1779782040,95.34,95.48,95.29,95.48,90
1779782100,95.49,95.51,95.36,95.5,120
1779782160,95.52,95.54,95.48,95.54,66
1779782220,95.53,95.54,95.33,95.35,98
1779782280,95.36,95.5,95.34,95.37,90
1779782340,95.35,95.35,95.23,95.24,108
1779782400,95.2,95.31,95.1,95.31,122
1779782460,95.32,95.4,95.27,95.34,96
1779782520,95.32,95.33,95.22,95.24,94
1779782580,95.23,95.24,95.1,95.18,88
1779782640,95.19,95.24,95.17,95.23,70
1779782700,95.24,95.25,95.14,95.19,68
1779782760,95.2,95.28,95.19,95.25,78
1779782820,95.26,95.27,95.18,95.24,72
1779782880,95.25,95.32,95.19,95.31,86
1779782940,95.32,95.35,95.2,95.28,110
1779783000,95.29,95.35,95.24,95.24,84
1779783060,95.25,95.27,95.15,95.16,110
1779783120,95.15,95.22,95.14,95.19,78
1779783180,95.17,95.46,95.17,95.45,108
1779783240,95.46,95.49,95.4,95.47,86
1779783300,95.48,95.53,95.41,95.51,86
1779783360,95.53,95.54,95.43,95.44,100
1779783420,95.43,95.44,95.34,95.36,88
1779783480,95.37,95.46,95.33,95.45,108
1779783540,95.44,95.47,95.35,95.46,106
1779783600,95.47,95.54,95.43,95.54,98
1779783660,95.55,95.55,95.45,95.5,90
1779783720,95.51,95.55,95.44,95.55,80
1779783780,95.54,95.57,95.51,95.54,54
1779783840,95.53,95.55,95.49,95.49,98
1779783900,95.48,95.52,95.42,95.43,72
1779783960,95.44,95.57,95.43,95.56,80
1779784020,95.57,95.6,95.48,95.5,106
1779784080,95.49,95.54,95.44,95.46,130
1779784140,95.42,95.53,95.33,95.51,202
1779784200,95.48,95.58,95.43,95.58,144
1779784260,95.57,95.64,95.54,95.57,102
1779784320,95.56,95.61,95.54,95.6,84
1779784380,95.58,95.74,95.58,95.69,92
1779784440,95.72,95.9,95.7,95.84,102
1779784500,95.85,95.96,95.81,95.94,94
1779784560,95.95,96,95.92,95.93,100
1779784620,95.94,95.95,95.81,95.82,82
1779784680,95.81,95.87,95.79,95.85,68
1779784740,95.86,95.87,95.83,95.85,60
1779784800,95.84,95.96,95.84,95.92,78
1779784860,95.91,95.93,95.86,95.86,92
1779784920,95.85,95.87,95.81,95.85,74
1779784980,95.86,96.09,95.85,96.08,98
1779785040,96.07,96.11,96.05,96.09,76
1779785100,96.1,96.16,96.06,96.09,82
1779785160,96.08,96.15,96.06,96.1,64
1779785220,96.12,96.2,96.12,96.16,92
1779785280,96.17,96.29,96.15,96.23,92
1779785340,96.22,96.31,96.22,96.29,80
1779785400,96.3,96.36,96.22,96.22,90
1779785460,96.23,96.23,96.05,96.13,116
1779785520,96.12,96.16,96.08,96.16,78
1779785580,96.15,96.17,96.08,96.08,64
1779785640,96.06,96.12,96.05,96.11,66
1779785700,96.12,96.15,96.09,96.09,58
1779785760,96.1,96.12,96.05,96.09,72
1779785820,96.08,96.17,96.06,96.14,88
1779785880,96.13,96.16,96.08,96.1,62
1779785940,96.09,96.1,95.95,95.98,82
1779786000,95.95,96.04,95.93,95.94,84
1779786060,95.95,95.95,95.87,95.87,48
1779786120,95.88,95.88,95.81,95.84,90
1779786180,95.83,95.85,95.75,95.77,52
1779786240,95.76,95.76,95.56,95.56,102
1779786300,95.55,95.7,95.55,95.66,72
1779786360,95.68,95.77,95.66,95.75,60
1779786420,95.74,95.87,95.73,95.85,58
1779786480,95.83,95.83,95.71,95.71,84
1779786540,95.74,95.78,95.69,95.78,72
1779786600,95.79,95.84,95.77,95.81,48
1779786660,95.8,95.87,95.8,95.84,56
1779786720,95.83,95.86,95.77,95.77,56
1779786780,95.76,95.81,95.72,95.81,86
1779786840,95.8,95.86,95.79,95.83,48
1779786900,95.85,95.89,95.81,95.81,62
1779786960,95.82,95.85,95.77,95.8,70
1779787020,95.79,95.8,95.46,95.53,96
1779787080,95.54,95.74,95.5,95.66,76
1779787140,95.65,95.71,95.54,95.61,84
1779787200,95.6,95.6,95.51,95.58,80
1779787260,95.59,95.63,95.55,95.62,78
1779787320,95.64,95.71,95.62,95.69,66
1779787380,95.7,95.99,95.69,95.99,108
1779787440,96,96.02,95.9,95.93,66
1779787500,95.92,95.98,95.91,95.92,70
1779787560,95.91,95.91,95.79,95.83,66
1779787620,95.82,95.91,95.82,95.88,68
1779787680,95.87,95.93,95.79,95.83,78
1779787740,95.82,95.82,95.75,95.78,50
1779787800,95.77,95.81,95.72,95.74,94
1779787860,95.73,95.78,95.73,95.75,56
1779787920,95.73,95.84,95.73,95.75,76
1779787980,95.76,95.76,95.55,95.56,94
1779788040,95.57,95.65,95.57,95.61,64
1779788100,95.62,95.62,95.55,95.58,58
1779788160,95.57,95.66,95.56,95.65,62
1779788220,95.63,95.69,95.63,95.69,30
1779788280,95.68,95.82,95.67,95.81,72
1779788340,95.8,95.81,95.75,95.76,56
1779788400,95.75,95.83,95.75,95.78,66
1779788460,95.79,95.82,95.64,95.64,64
1779788520,95.65,95.76,95.65,95.72,60
1779788580,95.73,95.78,95.73,95.76,42
1779788640,95.75,95.83,95.72,95.81,56
1779788700,95.82,95.82,95.74,95.78,34
1779788760,95.77,95.87,95.77,95.82,76
1779788820,95.83,95.83,95.8,95.82,30
1779788880,95.81,95.81,95.75,95.77,58
1779788940,95.76,95.76,95.67,95.69,48
1779789000,95.68,95.7,95.57,95.63,98
1779789060,95.64,95.66,95.54,95.54,58
1779789120,95.53,95.57,95.52,95.52,44
1779789180,95.51,95.55,95.5,95.52,36
1779789240,95.53,95.56,95.43,95.45,76
1779789300,95.44,95.45,95.29,95.41,102
1779789360,95.4,95.42,95.33,95.39,70
1779789420,95.38,95.45,95.35,95.43,82
1779789480,95.42,95.43,95.36,95.37,52
1779789540,95.36,95.38,95.31,95.37,62
1779789600,95.36,95.48,95.17,95.18,100
1779789660,95.2,95.26,95.15,95.19,88
1779789720,95.21,95.23,95.18,95.19,76
1779789780,95.2,95.23,95.17,95.23,46
1779789840,95.22,95.31,95.21,95.24,92
1779789900,95.23,95.27,95.21,95.26,50
1779789960,95.27,95.27,95.18,95.2,56
1779790020,95.21,95.27,95.19,95.19,72
1779790080,95.21,95.22,95.13,95.17,64
1779790140,95.18,95.22,95.13,95.17,64
1779790200,95.16,95.18,95.06,95.07,80
1779790260,95.13,95.22,95.11,95.21,82
1779790320,95.2,95.21,95.02,95.07,78
1779790380,95.06,95.09,95.01,95.05,84
1779790440,95.04,95.04,94.96,94.97,84
1779790500,94.98,95.07,94.97,95.07,68
1779790560,95.08,95.2,95.05,95.14,72
1779790620,95.13,95.14,95.1,95.13,42
1779790680,95.12,95.15,95.06,95.07,54
1779790740,95.06,95.09,94.96,94.98,80
1779790800,94.99,95.03,94.94,95.01,64
1779790860,95,95.08,95,95.08,54
1779790920,95.07,95.13,95.06,95.09,74
1779790980,95.07,95.11,95.05,95.11,52
1779791040,95.12,95.15,95.09,95.1,48
1779791100,95.09,95.13,94.96,94.98,60
1779791160,94.97,94.99,94.91,94.95,100
1779791220,94.96,94.99,94.84,94.86,84
1779791280,94.87,94.87,94.58,94.66,122
1779791340,94.65,94.71,94.59,94.62,134
1779791400,94.61,94.61,94.28,94.4,152
1779791460,94.41,94.8,94.41,94.73,132
1779791520,94.72,94.75,94.59,94.59,124
1779791580,94.6,94.61,94.54,94.57,74
1779791640,94.58,94.58,94.43,94.44,84
1779791700,94.46,94.59,94.36,94.5,120
1779791760,94.49,94.57,94.47,94.54,82
1779791820,94.53,94.64,94.52,94.63,74
1779791880,94.64,94.74,94.64,94.71,80
1779791940,94.75,94.78,94.63,94.67,96
1779792000,94.66,94.71,94.56,94.59,94
1779792060,94.58,94.71,94.58,94.69,102
1779792120,94.72,94.79,94.68,94.78,48
1779792180,94.79,94.85,94.77,94.78,76
1779792240,94.77,94.81,94.66,94.68,66
1779792300,94.69,94.73,94.67,94.7,58
1779792360,94.71,94.77,94.7,94.73,58
1779792420,94.77,94.81,94.72,94.72,52
1779792480,94.71,94.75,94.66,94.71,64
1779792540,94.7,94.72,94.68,94.7,38
1779792600,94.69,94.69,94.62,94.67,90
1779792660,94.66,94.68,94.62,94.65,74
1779792720,94.66,94.74,94.64,94.64,56
1779792780,94.65,94.71,94.64,94.68,60
1779792840,94.67,94.73,94.67,94.72,62
1779792900,94.7,94.74,94.67,94.74,48
1779792960,94.73,94.74,94.68,94.68,42
1779793020,94.67,94.72,94.64,94.66,62
1779793080,94.67,94.7,94.67,94.68,40
1779793140,94.69,94.77,94.66,94.77,76
1779793200,94.76,94.83,94.74,94.76,62
1779793260,94.75,94.84,94.74,94.83,68
1779793320,94.82,94.9,94.8,94.88,52
1779793380,94.89,94.91,94.85,94.89,82
1779793440,94.87,94.9,94.81,94.82,28
1779793500,94.81,94.93,94.8,94.84,72
1779793560,94.85,94.89,94.78,94.79,56
1779793620,94.8,94.84,94.76,94.76,54
1779793680,94.79,94.85,94.78,94.83,50
1779793740,94.84,94.87,94.81,94.85,48
1779793800,94.87,94.95,94.87,94.92,56
1779793860,94.93,95.02,94.92,94.98,48
1779793920,94.99,95.05,94.98,95.02,54
1779793980,95.01,95.13,95.01,95.12,50
1779794040,95.11,95.17,95.09,95.17,60
1779794100,95.15,95.21,95.14,95.17,48
1779794160,95.16,95.2,95.16,95.16,54
1779794220,95.17,95.21,95.02,95.02,78
1779794280,95.03,95.07,95,95.04,90
1779794340,95.05,95.09,95.02,95.07,72
1779794400,95.06,95.17,95.04,95.12,84
1779794460,95.11,95.13,94.97,95.02,92
1779794520,95.03,95.05,94.95,95.02,90
1779794580,95.01,95.07,94.99,95.03,62
1779794640,95.02,95.07,95.01,95.04,28
1779794700,95.05,95.14,95.01,95.11,54
1779794760,95.12,95.22,95.1,95.21,44
1779794820,95.2,95.25,95.15,95.21,78
1779794880,95.22,95.23,95.16,95.17,42
1779794940,95.16,95.2,95.13,95.2,38
1779795000,95.19,95.22,95.19,95.21,34
1779795060,95.19,95.22,95.16,95.18,46
1779795120,95.19,95.19,95.02,95.04,70
1779795180,95.02,95.03,94.94,94.99,90
1779795240,95,95.48,94.93,95.26,146
1779795300,95.27,95.63,95.24,95.53,166
1779795360,95.54,95.59,95.38,95.42,130
1779795420,95.44,95.47,95.29,95.36,122
1779795480,95.35,95.38,95.32,95.35,86
1779795540,95.36,95.36,95.29,95.34,98
1779795600,95.35,95.43,95.32,95.39,74
1779795660,95.4,95.4,95.21,95.22,84
1779795720,95.21,95.36,95.19,95.29,98
1779795780,95.3,95.39,95.24,95.37,70
1779795840,95.38,95.39,95.32,95.36,66
1779795900,95.35,95.48,95.35,95.41,88
1779795960,95.4,95.45,95.4,95.44,66
1779796020,95.45,95.45,95.33,95.36,52
1779796080,95.37,95.38,95.27,95.3,68
1779796140,95.31,95.38,95.28,95.38,40
1779796200,95.39,95.4,95.33,95.4,62
1779796260,95.41,95.43,95.32,95.39,60
1779796320,95.38,95.47,95.38,95.43,64
1779796380,95.42,95.44,95.4,95.42,34
1779796440,95.43,95.48,95.42,95.48,70
1779796500,95.47,95.47,95.42,95.44,36
1779796560,95.43,95.46,95.4,95.4,44
1779796620,95.39,95.5,95.39,95.5,50
1779796680,95.49,95.55,95.42,95.46,74
1779796740,95.47,95.51,95.47,95.47,72
1779796800,95.48,95.63,95.46,95.63,66
1779796860,95.64,95.64,95.57,95.63,60
1779796920,95.62,95.66,95.59,95.65,78
1779796980,95.63,95.67,95.62,95.63,62
1779797040,95.62,95.67,95.61,95.67,52
1779797100,95.66,95.72,95.62,95.71,60
1779797160,95.72,95.72,95.67,95.67,74
1779797220,95.66,95.71,95.58,95.59,56
1779797280,95.57,96.1,95.52,95.92,144
1779797340,95.93,95.94,95.49,95.56,130
1779797400,95.57,95.69,95.56,95.56,96
1779797460,95.57,95.57,95.45,95.5,80
1779797520,95.45,95.47,95.31,95.39,82
1779797580,95.4,95.42,95.34,95.39,66
1779797640,95.38,95.43,95.32,95.41,62
1779797700,95.44,95.48,95.32,95.32,80
1779797760,95.31,95.34,95.26,95.29,82
1779797820,95.28,95.35,95.27,95.33,66
1779797880,95.34,95.41,95.34,95.36,44
1779797940,95.37,95.38,95.27,95.28,58
1779798000,95.29,95.31,95.26,95.28,48
1779798060,95.27,95.28,95.18,95.2,72
1779798120,95.21,95.36,95.2,95.35,68
1779798180,95.34,95.37,95.32,95.35,46
1779798240,95.34,95.43,95.34,95.36,40
1779798300,95.38,95.41,95.31,95.33,48
1779798360,95.34,95.41,95.33,95.41,60
1779798420,95.4,95.48,95.38,95.47,62
1779798480,95.46,95.49,95.44,95.45,66
1779798540,95.44,95.54,95.44,95.48,50
1779798600,95.49,95.55,95.49,95.53,54
1779798660,95.54,95.61,95.53,95.56,56
1779798720,95.57,95.63,95.57,95.63,32
1779798780,95.62,95.68,95.61,95.61,64
1779798840,95.63,95.63,95.53,95.56,86
1779798900,95.57,95.59,95.5,95.51,56
1779798960,95.52,95.61,95.52,95.59,50
1779799020,95.6,95.77,95.6,95.75,64
1779799080,95.74,95.77,95.7,95.76,68
1779799140,95.75,95.76,95.71,95.73,36
1779799200,95.72,95.72,95.65,95.7,58
1779799260,95.69,95.72,95.65,95.71,60
1779799320,95.69,95.71,95.58,95.58,72
1779799380,95.59,95.71,95.59,95.7,70
1779799440,95.71,95.73,95.68,95.71,40
1779799500,95.68,95.69,95.58,95.58,52
1779799560,95.57,95.58,95.44,95.44,86
1779799620,95.45,95.49,95.44,95.47,52
1779799680,95.48,95.49,95.42,95.44,30
1779799740,95.43,95.43,95.39,95.4,46
1779799800,95.41,95.42,95.28,95.3,80
1779799860,95.31,95.39,95.25,95.38,62
1779799920,95.39,95.44,95.36,95.42,52
1779799980,95.41,95.43,95.38,95.43,42
1779800040,95.42,95.46,95.36,95.37,40
1779800100,95.38,95.45,95.28,95.38,72
1779800160,95.39,95.43,95.37,95.41,72
1779800220,95.4,95.51,95.36,95.51,60
1779800280,95.5,95.56,95.46,95.48,82
1779800340,95.5,95.56,95.5,95.56,58
1779800400,95.6,95.6,95.35,95.39,132
1779800460,95.38,95.51,95.33,95.34,132
1779800520,95.35,95.47,95.31,95.44,92
1779800580,95.45,95.57,95.41,95.53,86
1779800640,95.55,95.57,95.45,95.46,66
1779800700,95.48,95.53,95.45,95.5,102
1779800760,95.49,95.57,95.48,95.49,78
1779800820,95.5,95.54,95.45,95.5,72
1779800880,95.51,95.64,95.51,95.62,82
1779800940,95.6,95.67,95.57,95.67,62
1779801000,95.66,95.69,95.63,95.68,68
1779801060,95.67,95.71,95.56,95.58,72
1779801120,95.57,95.63,95.53,95.62,74
1779801180,95.61,95.63,95.56,95.56,54
1779801240,95.57,95.6,95.51,95.56,60
1779801300,95.57,95.59,95.44,95.49,56
1779801360,95.5,95.63,95.49,95.61,72
1779801420,95.59,95.66,95.59,95.62,62
1779801480,95.63,95.67,95.6,95.62,68
1779801540,95.64,95.75,95.63,95.75,76
1779801600,95.73,95.73,95.62,95.62,92
1779801660,95.63,95.65,95.54,95.58,64
1779801720,95.59,95.6,95.55,95.56,74
1779801780,95.55,95.65,95.55,95.61,56
1779801840,95.58,95.64,95.56,95.61,58
1779801900,95.62,95.66,95.61,95.66,62
1779801960,95.65,95.73,95.64,95.71,76
1779802020,95.72,95.72,95.67,95.7,50
1779802080,95.71,95.8,95.68,95.76,74
1779802140,95.77,95.81,95.75,95.81,72
1779802200,95.76,95.76,95.58,95.65,146
1779802260,95.66,95.67,95.59,95.62,108
1779802320,95.61,95.65,95.56,95.64,84
1779802380,95.63,95.63,95.57,95.6,80
1779802440,95.59,95.88,95.59,95.86,120
1779802500,95.87,95.87,95.7,95.71,112
1779802560,95.72,95.84,95.7,95.83,114
1779802620,95.82,95.87,95.75,95.77,72
1779802680,95.78,95.85,95.76,95.84,80
1779802740,95.83,95.9,95.81,95.89,74
1779802800,95.85,95.91,95.84,95.87,82
1779802860,95.85,95.88,95.83,95.86,84
1779802920,95.87,95.91,95.87,95.91,56
1779802980,95.92,95.96,95.86,95.89,96
1779803040,95.88,95.9,95.84,95.9,68
1779803100,95.89,95.92,95.8,95.92,112
1779803160,95.93,95.96,95.87,95.94,88
1779803220,95.95,96.02,95.92,95.94,82
1779803280,95.95,96.02,95.91,96.02,62
1779803340,96.04,96.13,96.01,96.12,98
1779803400,96.13,96.74,96.12,96.73,164
1779803460,96.65,96.73,96.44,96.56,168
1779803520,96.57,96.71,96.57,96.68,142
1779803580,96.71,97.22,96.67,97.04,232
1779803640,97.06,97.09,96.91,96.92,136
1779803700,96.91,97,96.79,96.79,164
1779803760,96.8,96.81,96.68,96.73,142
1779803820,96.71,96.78,96.66,96.76,112
1779803880,96.77,96.96,96.77,96.89,110
1779803940,96.9,96.97,96.89,96.93,126
1779804000,96.92,97.19,96.92,97.11,138
1779804060,97.09,97.12,96.82,96.88,138
1779804120,96.87,96.97,96.83,96.95,120
1779804180,96.94,96.96,96.76,96.78,110
1779804240,96.8,96.91,96.79,96.84,112
1779804300,96.82,96.87,96.63,96.63,114
1779804360,96.61,96.62,96.44,96.44,144
1779804420,96.46,96.49,96.29,96.36,154
1779804480,96.39,96.51,96.29,96.48,114
1779804540,96.49,96.6,96.47,96.57,122
1779804600,96.56,96.6,96.5,96.54,83
1779804660,96.53,96.69,96.53,96.69,96
1779804720,96.7,96.77,96.67,96.71,88
1779804780,96.7,96.78,96.69,96.77,122
1779804840,96.74,96.75,96.58,96.59,102
1779804900,96.55,96.64,96.54,96.56,102
1779804960,96.55,96.68,96.53,96.68,104
1779805020,96.69,96.82,96.69,96.79,108
1779805080,96.8,96.86,96.78,96.83,102
1779805140,96.84,96.84,96.7,96.71,78
1779805200,96.72,96.75,96.66,96.68,90
1779805260,96.72,96.72,96.59,96.65,82
1779805320,96.64,96.64,96.54,96.59,80
1779805380,96.58,96.72,96.58,96.64,94
1779805440,96.66,96.68,96.59,96.59,70
1779805500,96.57,96.62,96.5,96.59,100
1779805560,96.6,96.64,96.58,96.6,50
1779805620,96.61,96.62,96.53,96.6,90
1779805680,96.61,96.69,96.59,96.67,92
1779805740,96.65,96.67,96.54,96.57,80
1779805800,96.61,96.61,96.45,96.5,128
1779805860,96.49,96.56,96.48,96.53,104
1779805920,96.55,96.55,96.27,96.35,116
1779805980,96.33,96.54,96.26,96.43,152
1779806040,96.44,96.47,96.35,96.39,120
1779806100,96.38,96.42,96.17,96.17,148
1779806160,96.16,96.17,95.93,96.13,176
1779806220,96.1,96.2,96.1,96.13,108
1779806280,96.14,96.34,96.13,96.28,118
1779806340,96.29,96.44,96.27,96.41,100
1779806400,96.42,96.43,96.25,96.27,110
1779806460,96.28,96.37,96.27,96.37,96
1779806520,96.36,96.49,96.3,96.39,116
1779806580,96.42,96.56,96.42,96.53,108
1779806640,96.54,96.55,96.44,96.51,96
1779806700,96.5,96.6,96.5,96.55,92
1779806760,96.56,96.58,96.47,96.5,90
1779806820,96.51,96.52,96.35,96.37,86
1779806880,96.43,96.44,96.37,96.39,92
1779806940,96.38,96.4,96.3,96.39,100
1779807000,96.38,96.59,96.38,96.57,82
1779807060,96.56,96.67,96.56,96.6,108
1779807120,96.59,96.67,96.53,96.62,94
1779807180,96.63,96.79,96.63,96.78,102
1779807240,96.79,96.87,96.76,96.87,76
1779807300,96.86,96.96,96.84,96.93,132
1779807360,96.94,97.02,96.9,97,120
1779807420,97.02,97.1,96.96,97.06,82
1779807480,97.08,97.15,96.97,96.99,120
1779807540,97.01,97.01,96.92,96.96,122
1779807600,96.95,97.11,96.93,97.06,108
1779807660,97.05,97.12,97.04,97.09,112
1779807720,97.1,97.24,97.09,97.17,102
1779807780,97.18,97.19,97.06,97.09,112
1779807840,97.08,97.14,97.06,97.08,116
1779807900,97.07,97.13,97.02,97.13,106
1779807960,97.12,97.16,97.08,97.13,110
1779808020,97.12,97.2,97.12,97.16,66
1779808080,97.17,97.2,96.94,96.99,130
1779808140,97,97.15,96.97,97.12,120
1779808200,97.14,97.14,97.04,97.1,102
1779808260,97.09,97.09,96.99,97.01,80
1779808320,97,97.01,96.92,96.97,84
1779808380,96.99,97.15,96.98,97,102
1779808440,96.99,97.06,96.96,97.02,76
1779808500,97.03,97.17,97.03,97.11,100
1779808560,97.12,97.16,97.05,97.16,90
1779808620,97.17,97.17,97.05,97.09,88
1779808680,97.08,97.17,96.93,96.97,102
1779808740,96.98,97.01,96.89,96.97,122
1779808800,96.96,97.07,96.91,97.06,78
1779808860,97.05,97.13,97.02,97.1,98
1779808920,97.09,97.11,97.01,97.07,76
1779808980,97.06,97.11,96.98,97.11,80
1779809040,97.1,97.12,97.03,97.1,96
1779809100,97.09,97.13,97.07,97.09,80
1779809160,97.07,97.09,96.99,97.09,88
1779809220,97.1,97.14,97.04,97.13,108
1779809280,97.16,97.17,97,97.11,128
1779809340,97.09,97.44,97.07,97.4,180
1779809400,97.39,97.39,97.22,97.26,138
1779809460,97.25,97.31,97.13,97.17,120
1779809520,97.18,97.23,97.08,97.16,124
1779809580,97.13,97.16,97.06,97.1,90
1779809640,97.11,97.13,96.96,97.02,94
1779809700,97.03,97.07,97,97.01,98
1779809760,97.02,97.22,97.01,97.22,92
1779809820,97.23,97.24,97.16,97.2,88
1779809880,97.19,97.21,97.16,97.17,66
1779809940,97.16,97.17,96.96,96.96,110
1779810000,96.98,97,96.89,96.97,100
1779810060,96.98,96.99,96.91,96.91,76
1779810120,96.92,96.92,96.81,96.84,102
1779810180,96.87,96.99,96.87,96.87,82
1779810240,96.86,96.91,96.82,96.83,90
1779810300,96.84,96.84,96.68,96.68,98
1779810360,96.69,96.76,96.64,96.68,110
1779810420,96.69,96.82,96.67,96.8,108
1779810480,96.77,96.77,96.67,96.67,74
1779810540,96.68,96.68,96.59,96.59,70
1779810600,96.6,96.65,96.58,96.62,96
1779810660,96.61,96.64,96.57,96.62,108
1779810720,96.63,96.67,96.59,96.59,56
1779810780,96.62,96.68,96.6,96.67,68
1779810840,96.66,96.73,96.64,96.65,86
1779810900,96.66,96.69,96.61,96.69,72
1779810960,96.68,96.78,96.68,96.76,64
1779811020,96.75,96.83,96.68,96.69,88
1779811080,96.68,96.68,96.6,96.61,70
1779811140,96.62,96.7,96.62,96.65,62
1779811200,96.66,96.7,96.61,96.7,78
1779811260,96.69,96.75,96.66,96.66,90
1779811320,96.65,96.78,96.65,96.76,56
1779811380,96.77,96.82,96.72,96.73,88
1779811440,96.74,96.76,96.67,96.69,74
1779811500,96.68,96.73,96.64,96.7,90
1779811560,96.72,96.77,96.7,96.71,52
1779811620,96.72,96.75,96.69,96.7,60
1779811680,96.71,96.84,96.7,96.81,104
1779811740,96.82,96.82,96.74,96.76,76
1779811800,96.75,96.88,96.74,96.87,78
1779811860,96.88,96.92,96.85,96.88,82
1779811920,96.9,96.99,96.89,96.96,66
1779811980,96.97,97.08,96.95,97.06,64
1779812040,97.05,97.07,97.01,97.06,68
1779812100,97.04,97.1,97.02,97.09,64
1779812160,97.1,97.11,97,97,64
1779812220,96.98,97,96.92,96.94,70
1779812280,96.95,96.97,96.87,96.91,92
1779812340,96.9,96.91,96.84,96.84,76
1779812400,96.85,96.9,96.83,96.9,84
1779812460,96.91,96.94,96.89,96.94,46
1779812520,96.95,96.99,96.93,96.99,46
1779812580,97,97.01,96.94,96.96,74
1779812640,96.95,96.98,96.94,96.95,72
1779812700,96.96,97,96.94,96.94,58
1779812760,96.95,96.97,96.87,96.89,68
1779812820,96.88,96.92,96.85,96.88,56
1779812880,96.89,96.9,96.79,96.82,76
1779812940,96.81,96.86,96.73,96.83,88
1779813000,96.85,96.9,96.79,96.81,92
1779813060,96.8,96.82,96.7,96.74,80
1779813120,96.72,96.73,96.64,96.69,94
1779813180,96.68,96.71,96.54,96.57,114
1779813240,96.56,96.6,96.47,96.53,106
1779813300,96.55,96.63,96.5,96.6,88
1779813360,96.61,96.64,96.57,96.61,80
1779813420,96.6,96.74,96.58,96.72,90
1779813480,96.73,96.79,96.71,96.71,82
1779813540,96.7,96.73,96.68,96.73,50
1779813600,96.72,96.85,96.7,96.85,90
1779813660,96.84,96.85,96.78,96.8,82
1779813720,96.81,96.89,96.79,96.88,60
1779813780,96.89,96.93,96.87,96.89,68
1779813840,96.9,96.91,96.87,96.9,40
1779813900,96.91,96.93,96.83,96.88,70
1779813960,96.87,96.92,96.84,96.9,44
1779814020,96.89,96.92,96.87,96.92,42
1779814080,96.94,97.04,96.94,97.04,78
1779814140,97.03,97.06,97.01,97.05,64
1779814200,97.07,97.07,96.95,96.99,92
1779814260,96.98,97.01,96.92,96.94,60
1779814320,96.93,96.96,96.91,96.95,52
1779814380,96.94,97.02,96.94,96.97,44
1779814440,96.96,96.96,96.91,96.96,44
1779814500,96.95,96.95,96.9,96.93,64
1779814560,96.9,96.9,96.85,96.89,68
1779814620,96.9,96.9,96.86,96.89,46
1779814680,96.88,96.91,96.8,96.84,64
1779814740,96.83,96.85,96.78,96.79,54
1779814800,96.8,96.85,96.79,96.82,64
1779814860,96.81,96.83,96.74,96.76,68
1779814920,96.77,96.81,96.75,96.79,88
1779814980,96.78,96.8,96.73,96.74,74
1779815040,96.75,96.76,96.64,96.7,82
1779815100,96.69,96.7,96.64,96.69,50
1779815160,96.68,96.68,96.63,96.65,62
1779815220,96.64,96.68,96.61,96.67,62
1779815280,96.68,96.74,96.62,96.73,66
1779815340,96.74,96.81,96.74,96.76,70
1779815400,96.74,96.79,96.72,96.78,60
1779815460,96.77,96.78,96.72,96.76,62
1779815520,96.75,96.76,96.7,96.73,54
1779815580,96.74,96.79,96.68,96.78,56
1779815640,96.77,96.77,96.71,96.73,42
1779815700,96.72,96.84,96.72,96.84,54
1779815760,96.86,96.87,96.8,96.81,68
1779815820,96.82,96.9,96.81,96.81,46
1779815880,96.84,96.87,96.77,96.79,62
1779815940,96.78,96.83,96.74,96.75,62
1779816000,96.76,96.76,96.71,96.72,50
1779816060,96.71,96.71,96.6,96.62,62
1779816120,96.63,96.71,96.63,96.71,56
1779816180,96.7,96.7,96.61,96.64,68
1779816240,96.65,96.73,96.62,96.71,58
1779816300,96.72,96.84,96.72,96.82,74
1779816360,96.81,96.83,96.77,96.79,76
1779816420,96.8,96.8,96.76,96.78,50
1779816480,96.77,96.84,96.76,96.83,42
1779816540,96.81,96.82,96.79,96.81,60
1779816600,96.8,96.9,96.79,96.87,64
1779816660,96.88,96.88,96.76,96.76,52
1779816720,96.75,96.77,96.68,96.72,94
1779816780,96.71,96.72,96.61,96.67,80
1779816840,96.66,96.67,96.6,96.63,72
1779816900,96.62,96.68,96.56,96.6,80
1779816960,96.61,96.69,96.59,96.61,118
1779817020,96.58,96.61,96.54,96.57,86
1779817080,96.56,96.65,96.55,96.62,70
1779817140,96.61,96.62,96.57,96.59,72
1779817200,96.58,96.67,96.58,96.66,82
1779817260,96.65,96.65,96.58,96.58,52
1779817320,96.57,96.59,96.55,96.58,70
1779817380,96.57,96.58,96.4,96.4,82
1779817440,96.41,96.46,96.34,96.37,106
1779817500,96.36,96.43,96.32,96.34,104
1779817560,96.33,96.47,96.33,96.47,96
1779817620,96.45,96.52,96.44,96.47,90
1779817680,96.46,96.5,96.45,96.5,64
1779817740,96.49,96.63,96.49,96.63,76
1779817800,96.62,96.71,96.6,96.69,86
1779817860,96.68,96.68,96.6,96.62,66
1779817920,96.65,96.65,96.57,96.63,60
1779817980,96.62,96.66,96.59,96.61,66
1779818040,96.6,96.61,96.55,96.57,72
1779818100,96.58,96.61,96.53,96.61,54
1779818160,96.6,96.63,96.53,96.57,50
1779818220,96.56,96.59,96.51,96.55,64
1779818280,96.56,96.56,96.52,96.55,62
1779818340,96.54,96.6,96.51,96.53,74
1779818400,96.52,96.77,96.52,96.74,130
1779818460,96.73,96.79,96.67,96.72,96
1779818520,96.73,96.79,96.71,96.75,98
1779818580,96.74,96.8,96.69,96.74,104
1779818640,96.73,96.83,96.69,96.77,90
1779818700,96.75,96.75,96.65,96.7,96
1779818760,96.69,96.73,96.63,96.64,90
1779818820,96.62,96.67,96.6,96.65,102
1779818880,96.64,96.65,96.51,96.56,76
1779818940,96.57,96.63,96.54,96.54,70
1779819000,96.53,96.61,96.52,96.53,82
1779819060,96.55,96.59,96.51,96.54,80
1779819120,96.55,96.6,96.47,96.54,78
1779819180,96.53,96.61,96.51,96.55,70
1779819240,96.59,96.63,96.56,96.56,84
1779819300,96.57,96.57,96.41,96.43,94
1779819360,96.41,96.52,96.4,96.45,82
1779819420,96.46,96.48,96.31,96.34,118
1779819480,96.33,96.44,96.33,96.41,94
1779819540,96.42,96.46,96.41,96.44,94
1779819600,96.43,96.75,96.42,96.69,112
1779819660,96.7,96.72,96.62,96.69,104
1779819720,96.68,96.68,96.57,96.57,106
1779819780,96.56,96.64,96.56,96.57,86
1779819840,96.56,96.63,96.49,96.59,108
1779819900,96.6,96.66,96.6,96.6,104
1779819960,96.61,96.65,96.58,96.59,102
1779820020,96.58,96.65,96.58,96.59,110
1779820080,96.62,96.7,96.48,96.65,146
1779820140,96.67,96.72,96.63,96.63,130
1779820200,96.66,96.69,96.61,96.67,104
1779820260,96.68,96.71,96.66,96.7,70
1779820320,96.71,96.78,96.68,96.7,64
1779820380,96.69,96.71,96.63,96.68,80
1779820440,96.67,96.72,96.64,96.71,60
1779820500,96.68,96.81,96.67,96.74,60
1779820560,96.76,96.77,96.69,96.71,72
1779820620,96.7,96.76,96.68,96.74,80
1779820680,96.73,96.77,96.69,96.71,82
1779820740,96.7,96.71,96.52,96.53,80
1779820800,96.54,96.58,96.5,96.52,98
1779820860,96.51,96.56,96.48,96.53,82
1779820920,96.52,96.62,96.5,96.61,82
1779820980,96.62,96.65,96.58,96.61,74
1779821040,96.6,96.63,96.59,96.61,56
1779821100,96.62,96.62,96.58,96.59,40
1779821160,96.6,96.63,96.59,96.63,46
1779821220,96.62,96.63,96.61,96.61,20
1779821280,96.62,96.62,96.59,96.59,30
1779821340,96.58,96.6,96.56,96.57,50
1779821400,96.58,96.58,96.44,96.46,58
1779821460,96.48,96.48,96.25,96.26,74
1779821520,96.25,96.26,96.17,96.17,72
1779821580,96.18,96.29,96.17,96.28,68
1779821640,96.27,96.36,96.24,96.35,62
1779821700,96.34,96.36,96.31,96.36,38
1779821760,96.35,96.38,96.33,96.37,34
1779821820,96.38,96.4,96.28,96.37,86
1779821880,96.38,96.43,96.36,96.43,52
1779821940,96.44,96.46,96.42,96.43,48
1779822000,96.44,96.63,96.44,96.59,92
1779822060,96.6,96.61,96.51,96.53,78
1779822120,96.52,96.53,96.49,96.52,72
1779822180,96.51,96.57,96.51,96.56,76
1779822240,96.57,96.62,96.54,96.58,88
1779822300,96.59,96.6,96.54,96.54,78
1779822360,96.53,96.54,96.52,96.53,78
1779822420,96.52,96.57,96.5,96.57,64
1779822480,96.56,96.59,96.55,96.58,48
1779822540,96.56,96.57,96.55,96.56,42
1779822600,96.55,96.58,96.52,96.52,64
1779822660,96.53,96.6,96.52,96.6,60
1779822720,96.61,96.71,96.6,96.7,52
1779822780,96.69,96.74,96.68,96.69,54
1779822840,96.7,96.8,96.68,96.71,76
1779822900,96.72,96.74,96.68,96.71,62
1779822960,96.72,96.73,96.7,96.71,52
1779823020,96.72,96.72,96.63,96.66,48
1779823080,96.65,96.67,96.65,96.65,38
1779823140,96.67,96.72,96.67,96.69,30
1779823200,96.7,96.72,96.66,96.71,60
1779823260,96.73,96.81,96.73,96.76,36
1779823320,96.75,96.76,96.71,96.72,38
1779823380,96.73,96.73,96.71,96.71,30
1779823440,96.69,96.69,96.66,96.66,36
1779823500,96.64,96.69,96.64,96.68,48
1779823560,96.69,96.69,96.68,96.69,14
1779823620,96.68,96.72,96.68,96.7,62
1779823680,96.71,96.74,96.68,96.74,50
1779823740,96.73,96.73,96.71,96.71,26
1779823800,96.72,96.78,96.7,96.71,32
1779823860,96.72,96.73,96.63,96.63,44
1779823920,96.64,96.66,96.62,96.65,60
1779823980,96.64,96.65,96.58,96.61,32
1779824040,96.6,96.61,96.55,96.57,50
1779824100,96.55,96.56,96.52,96.52,36
1779824160,96.51,96.53,96.44,96.48,62
1779824220,96.47,96.51,96.43,96.51,46
1779824280,96.49,96.53,96.45,96.47,30
1779824340,96.46,96.54,96.46,96.51,28
1779824400,96.52,96.57,96.52,96.56,42
1779824460,96.55,96.55,96.51,96.53,32
1779824520,96.52,96.54,96.51,96.54,42
1779824580,96.55,96.63,96.55,96.61,26
1779824640,96.62,96.65,96.62,96.64,36
1779824700,96.63,96.67,96.51,96.51,48
1779824760,96.52,96.53,96.48,96.52,50
1779824820,96.53,96.53,96.48,96.48,40
1779824880,96.49,96.49,96.42,96.45,48
1779824940,96.46,96.46,96.41,96.42,28
1779825000,96.43,96.46,96.4,96.44,76
1779825060,96.43,96.48,96.43,96.48,34
1779825120,96.47,96.47,96.39,96.41,36
1779825180,96.4,96.45,96.39,96.44,42
1779825240,96.45,96.48,96.44,96.48,36
1779825300,96.49,96.49,96.41,96.42,42
1779825360,96.41,96.42,96.33,96.36,52
1779825420,96.35,96.4,96.33,96.39,54
1779825480,96.38,96.41,96.33,96.4,72
1779825540,96.39,96.4,96.28,96.28,102
1779825600,96.27,96.27,96.06,96.08,106
1779825660,96.12,96.13,95.96,96.08,108
1779825720,96.09,96.1,96,96.08,54
1779825780,96.1,96.14,96.09,96.13,58
1779825840,96.17,96.21,96.17,96.2,42
1779825900,96.19,96.25,96.19,96.24,52
1779825960,96.23,96.36,96.22,96.36,54
1779826020,96.33,96.38,96.32,96.32,34
1779826080,96.33,96.33,96.27,96.31,28
1779826140,96.32,96.41,96.31,96.38,36
1779826200,96.39,96.47,96.39,96.45,38
1779826260,96.44,96.48,96.44,96.46,26
1779826320,96.45,96.45,96.35,96.35,40
1779826380,96.36,96.41,96.35,96.41,34
1779826440,96.42,96.42,96.38,96.41,20
1779826500,96.4,96.42,96.4,96.4,22
1779826560,96.39,96.41,96.38,96.38,26
1779826620,96.39,96.39,96.33,96.34,26
1779826680,96.33,96.39,96.33,96.38,36
1779826740,96.37,96.39,96.37,96.39,14
1779826800,96.4,96.4,96.37,96.38,18
1779826860,96.37,96.41,96.35,96.4,22
1779826920,96.41,96.41,96.4,96.41,6
1779826980,96.4,96.42,96.39,96.42,26
1779827040,96.43,96.48,96.43,96.47,50
1779827100,96.48,96.49,96.45,96.46,40
1779827160,96.47,96.48,96.45,96.45,22
1779827220,96.44,96.44,96.43,96.44,14
1779827280,96.43,96.46,96.42,96.46,22
1779827340,96.47,96.47,96.46,96.46,4
1779827400,96.45,96.46,96.45,96.46,8
1779827460,96.45,96.5,96.45,96.49,28
1779827520,96.48,96.55,96.48,96.55,36
1779827580,96.56,96.57,96.51,96.52,34
1779827640,96.51,96.51,96.46,96.49,28
1779827700,96.5,96.5,96.45,96.47,22
1779827760,96.49,96.53,96.48,96.52,32
1779827820,96.51,96.54,96.51,96.52,40
1779827880,96.54,96.63,96.54,96.57,44
1779827940,96.56,96.57,96.53,96.56,24
1779828000,96.54,96.59,96.5,96.51,40
1779828120,96.52,96.52,96.5,96.51,26
1779828180,96.5,96.5,96.4,96.41,40
1779828240,96.42,96.44,96.4,96.4,26
1779828300,96.38,96.4,96.33,96.35,40
1779828360,96.36,96.4,96.35,96.37,28
1779828420,96.38,96.39,96.36,96.36,42
1779828480,96.37,96.38,96.35,96.38,40
1779828540,96.37,96.39,96.36,96.38,26
1779828600,96.39,96.39,96.36,96.38,34
1779828660,96.37,96.38,96.3,96.3,50
1779828720,96.29,96.3,96.25,96.27,54
1779828780,96.26,96.27,96.24,96.26,24
1779828840,96.27,96.3,96.24,96.3,30
1779828900,96.29,96.35,96.29,96.33,40
1779828960,96.34,96.36,96.31,96.35,24
1779829020,96.34,96.35,96.3,96.31,28
1779829080,96.3,96.32,96.29,96.3,50
1779832800,96.07,96.15,96.01,96.15,23
1779832860,96.17,96.22,96.06,96.07,58
1779832920,96.11,96.13,96.04,96.04,32
1779832980,96.05,96.09,96.05,96.08,10
1779833040,96.09,96.09,95.97,96,36
1779833100,96.01,96.05,95.96,96.02,44
1779833160,96,96.02,95.97,96,20
1779833220,95.98,96.01,95.97,95.98,30
1779833280,95.99,96.05,95.98,96.05,26
1779833340,96.04,96.07,96.03,96.06,22
1779833400,96.03,96.11,96.03,96.08,32
1779833460,96.09,96.12,96.06,96.06,18
1779833520,96.05,96.05,96.01,96.02,12
1779833580,96.04,96.1,96.02,96.1,22
1779833640,96.09,96.12,96.08,96.11,24
1779833700,96.1,96.1,96.05,96.07,16
1779833760,96.06,96.06,96.03,96.06,10
1779833820,96.05,96.05,96.03,96.04,6
1779833880,96.03,96.04,96.02,96.04,6
1779833940,96.03,96.11,96.02,96.1,20
1779834000,96.12,96.26,96.09,96.25,44
1779834060,96.26,96.26,96.24,96.24,4
1779834120,96.26,96.26,96.24,96.25,18
1779834180,96.24,96.25,96.23,96.25,16
1779834240,96.24,96.24,96.23,96.24,6
1779834300,96.25,96.31,96.25,96.29,16
1779834360,96.28,96.29,96.26,96.29,16
1779834420,96.3,96.31,96.29,96.29,8
1779834480,96.3,96.31,96.29,96.3,14
1779834540,96.29,96.29,96.28,96.29,6
1779834600,96.3,96.3,96.29,96.3,6
1779834660,96.29,96.29,96.28,96.28,8
1779834720,96.27,96.27,96.22,96.22,14
1779834780,96.2,96.22,96.19,96.21,24
1779834840,96.2,96.2,96.2,96.2,2
1779834900,96.21,96.22,96.21,96.21,10
1779834960,96.2,96.2,96.19,96.19,8
1779835020,96.2,96.21,96.19,96.19,8
1779835080,96.2,96.25,96.2,96.23,30
1779835140,96.22,96.22,96.2,96.22,6
1779835200,96.21,96.21,96.21,96.21,2
1779835260,96.2,96.2,96.2,96.2,2
1779835320,96.19,96.2,96.19,96.19,6
1779835380,96.2,96.22,96.19,96.22,14
1779835440,96.21,96.21,96.19,96.2,8
1779835500,96.21,96.23,96.21,96.23,6
1779835560,96.24,96.24,96.23,96.23,12
1779835680,96.22,96.23,96.22,96.23,4
1779835740,96.22,96.22,96.21,96.22,6
1779835800,96.21,96.22,96.2,96.21,8
1779835860,96.2,96.21,96.2,96.2,6
1779835920,96.21,96.21,96.2,96.21,6
1779835980,96.22,96.22,96.22,96.22,2
1779836040,96.23,96.24,96.21,96.24,10
1779836100,96.25,96.28,96.25,96.27,10
1779836160,96.29,96.29,96.26,96.26,6
1779836220,96.25,96.25,96.2,96.21,14
1779836280,96.2,96.2,96.19,96.19,8
1779836340,96.2,96.21,96.2,96.21,4
1779836400,96.2,96.21,96.2,96.21,4
1779836460,96.22,96.22,96.2,96.21,10
1779836520,96.2,96.2,96.19,96.19,4
1779836580,96.2,96.2,96.19,96.2,6
1779836640,96.19,96.21,96.19,96.2,8
1779836700,96.19,96.2,96.19,96.19,6
1779836760,96.2,96.21,96.2,96.21,4
1779836820,96.2,96.22,96.2,96.21,8
1779836880,96.22,96.24,96.22,96.23,8
1779836940,96.24,96.24,96.21,96.22,16
1779837000,96.23,96.23,96.21,96.22,12
1779837060,96.23,96.24,96.23,96.23,10
1779837120,96.24,96.24,96.24,96.24,2
1779837180,96.23,96.23,96.23,96.23,2
1779837240,96.22,96.24,96.22,96.23,8
1779837300,96.25,96.25,96.22,96.22,4
1779837360,96.21,96.21,96.11,96.15,30
1779837420,96.16,96.19,96.14,96.14,30
1779837480,96.12,96.14,96.1,96.12,28
1779837540,96.13,96.14,96.1,96.11,20
1779837600,96.12,96.13,96.02,96.02,38
1779837660,96.03,96.07,95.99,96.04,30
1779837720,96.06,96.07,95.97,96,28
1779837780,96.01,96.02,95.99,96.02,10
1779837840,96.01,96.01,95.97,95.97,8
1779837900,95.96,96.01,95.93,95.99,40
1779837960,96,96.01,95.96,95.96,24
1779838020,95.95,95.97,95.94,95.97,22
1779838080,95.98,95.99,95.96,95.99,8
1779838140,95.98,95.98,95.95,95.95,10
1779838200,95.96,96,95.96,95.98,14
1779838260,95.99,96.01,95.99,96,10
1779838320,96.01,96.03,96.01,96.01,8
1779838380,96,96,95.99,95.99,8
1779838440,95.98,95.99,95.95,95.96,14
1779838500,95.97,95.98,95.97,95.98,8
1779838560,95.97,95.98,95.95,95.98,12
1779838620,95.97,95.98,95.96,95.97,12
1779838680,95.98,95.98,95.97,95.97,4
1779838740,95.96,95.97,95.96,95.97,4
1779838800,95.98,95.98,95.98,95.98,2
1779838860,95.97,95.99,95.97,95.99,4
1779838920,95.98,95.99,95.97,95.99,8
1779838980,96,96,95.96,95.96,28
1779839040,95.95,95.95,95.84,95.84,16
1779839100,95.85,95.89,95.84,95.85,18
1779839160,95.84,95.85,95.79,95.79,24
1779839220,95.8,95.82,95.77,95.8,20
1779839280,95.79,95.79,95.75,95.77,22
1779839340,95.78,95.78,95.75,95.75,12
1779839400,95.76,95.86,95.76,95.83,28
1779839460,95.84,95.85,95.83,95.84,14
1779839520,95.85,95.87,95.84,95.87,12
1779839580,95.85,95.86,95.85,95.86,12
1779839640,95.85,95.86,95.84,95.84,14
1779839700,95.86,95.87,95.85,95.87,8
1779839760,95.88,95.91,95.87,95.91,16
1779839820,95.92,95.96,95.92,95.94,22
1779839880,95.93,95.95,95.91,95.91,14
1779839940,95.92,95.95,95.92,95.95,14
1779840000,95.98,96.03,95.87,95.9,62
1779840060,95.91,95.91,95.84,95.84,46
1779840120,95.83,95.84,95.74,95.82,56
1779840180,95.83,95.89,95.83,95.85,52
1779840240,95.86,95.9,95.85,95.87,26
1779840300,95.88,95.89,95.82,95.85,38
1779840360,95.86,95.95,95.86,95.91,46
1779840420,95.92,95.93,95.86,95.87,44
1779840480,95.88,95.88,95.58,95.61,74
1779840540,95.62,95.62,95.46,95.59,88
1779840600,95.61,95.64,95.53,95.64,76
1779840660,95.63,95.66,95.57,95.59,68
1779840720,95.58,95.62,95.55,95.61,50
1779840780,95.62,95.71,95.62,95.69,40
1779840840,95.68,95.79,95.68,95.72,56
1779840900,95.73,95.76,95.72,95.74,42
1779840960,95.76,95.77,95.73,95.73,30
1779841020,95.72,95.76,95.72,95.76,30
1779841080,95.75,95.76,95.73,95.75,30
1779841140,95.76,95.79,95.71,95.71,48
1779841200,95.72,95.78,95.72,95.76,44
1779841260,95.75,95.75,95.71,95.73,20
1779841320,95.74,95.75,95.72,95.73,18
1779841380,95.72,95.77,95.7,95.77,26
1779841440,95.76,95.79,95.76,95.79,24
1779841500,95.8,95.83,95.79,95.82,26
1779841560,95.81,95.82,95.78,95.81,24
1779841620,95.8,95.84,95.65,95.72,72
1779841680,95.73,95.76,95.71,95.72,30
1779841740,95.74,95.79,95.74,95.79,34
1779841800,95.78,95.79,95.74,95.76,36
1779841860,95.78,95.79,95.76,95.79,26
1779841920,95.78,95.79,95.75,95.76,24
1779841980,95.75,95.75,95.72,95.73,34
1779842040,95.74,95.8,95.74,95.77,34
1779842100,95.78,95.8,95.77,95.78,14
1779842160,95.77,95.8,95.72,95.75,46
1779842220,95.74,95.76,95.72,95.73,34
1779842280,95.75,95.78,95.74,95.76,38
1779842340,95.77,95.8,95.76,95.77,26
1779842400,95.78,95.8,95.76,95.8,50
1779842460,95.81,95.87,95.79,95.82,60
1779842520,95.83,95.86,95.81,95.82,44
1779842580,95.81,95.82,95.75,95.75,30
1779842640,95.73,95.73,95.71,95.71,14
1779842700,95.72,95.72,95.56,95.6,56
1779842760,95.61,95.64,95.6,95.61,46
1779842820,95.6,95.66,95.6,95.63,32
1779842880,95.64,95.67,95.58,95.6,38
1779842940,95.62,95.65,95.61,95.64,30
1779843000,95.63,95.63,95.59,95.61,26
1779843060,95.62,95.63,95.58,95.6,38
1779843120,95.61,95.68,95.61,95.68,20
1779843180,95.67,95.69,95.64,95.64,34
1779843240,95.63,95.64,95.61,95.63,36
1779843300,95.62,95.62,95.61,95.61,12
1779843360,95.63,95.64,95.59,95.6,24
1779843420,95.61,95.62,95.45,95.54,70
1779843480,95.55,95.62,95.55,95.57,56
1779843540,95.55,95.63,95.55,95.61,46
1779843600,95.63,95.84,95.63,95.67,142
1779843660,95.64,95.67,95.43,95.43,128
1779843720,95.42,95.46,95.31,95.46,106
1779843780,95.44,95.45,95.38,95.41,98
1779843840,95.42,95.45,95.4,95.4,68
1779843900,95.38,95.42,95.35,95.4,48
1779843960,95.38,95.4,95.19,95.3,128
1779844020,95.29,95.38,95.29,95.36,88
1779844080,95.35,95.45,95.35,95.41,66
1779844140,95.42,95.48,95.4,95.42,74
1779844200,95.41,95.44,95.38,95.43,82
1779844260,95.44,95.48,95.38,95.45,76
1779844320,95.5,95.5,95.43,95.44,52
1779844380,95.45,95.46,95.37,95.41,50
1779844440,95.42,95.44,95.39,95.43,44
1779844500,95.42,95.55,95.42,95.51,54
1779844560,95.5,95.51,95.45,95.46,34
1779844620,95.47,95.53,95.47,95.5,44
1779844680,95.51,95.51,95.46,95.5,48
1779844740,95.51,95.57,95.5,95.55,38
1779844800,95.54,95.56,95.51,95.53,66
1779844860,95.52,95.53,95.49,95.51,38
1779844920,95.52,95.56,95.49,95.54,54
1779844980,95.55,95.6,95.5,95.51,50
1779845040,95.5,95.53,95.47,95.52,60
1779845100,95.53,95.56,95.52,95.55,38
1779845160,95.54,95.54,95.47,95.5,46
1779845220,95.51,95.55,95.49,95.55,46
1779845280,95.54,95.55,95.51,95.51,36
1779845340,95.52,95.55,95.52,95.52,26
1779845400,95.51,95.51,95.39,95.44,38
1779845460,95.43,95.45,95.43,95.45,46
1779845520,95.46,95.46,95.42,95.45,58
1779845580,95.44,95.48,95.44,95.47,28
1779845640,95.46,95.55,95.46,95.51,34
1779845700,95.5,95.51,95.47,95.47,56
1779845760,95.46,95.46,95.36,95.37,68
1779845820,95.38,95.39,95.36,95.39,56
1779845880,95.4,95.45,95.37,95.45,36
1779845940,95.43,95.46,95.42,95.44,30
1779846000,95.43,95.44,95.41,95.41,24
1779846060,95.42,95.47,95.42,95.47,40
1779846120,95.49,95.59,95.48,95.58,52
1779846180,95.59,95.59,95.52,95.52,26
1779846240,95.53,95.53,95.52,95.52,16
1779846300,95.53,95.56,95.53,95.55,24
1779846360,95.56,95.59,95.54,95.55,38
1779846420,95.56,95.58,95.53,95.55,32
1779846480,95.56,95.56,95.5,95.52,44
1779846540,95.51,95.55,95.51,95.53,42
1779846600,95.52,95.52,95.44,95.45,36
1779846660,95.41,95.41,95.38,95.39,20
1779846720,95.4,95.57,95.4,95.52,52
1779846780,95.53,95.53,95.49,95.49,26
1779846840,95.5,95.51,95.48,95.49,32
1779846900,95.48,95.54,95.48,95.53,28
1779846960,95.52,95.53,95.49,95.53,24
1779847020,95.52,95.53,95.49,95.49,20
1779847080,95.5,95.51,95.48,95.5,20
1779847140,95.51,95.51,95.47,95.49,26
1779847200,95.48,95.48,95.42,95.46,48
1779847260,95.45,95.46,95.42,95.42,38
1779847320,95.43,95.45,95.43,95.44,20
1779847380,95.45,95.45,95.32,95.34,58
1779847440,95.33,95.37,95.32,95.35,30
1779847500,95.36,95.38,95.33,95.33,58
1779847560,95.32,95.36,95.26,95.35,52
1779847620,95.36,95.39,95.33,95.36,48
1779847680,95.35,95.37,95.33,95.36,32
1779847740,95.37,95.37,95.33,95.36,38
1779847800,95.35,95.4,95.35,95.38,34
1779847860,95.37,95.38,95.35,95.35,24
1779847920,95.34,95.39,95.34,95.38,38
1779847980,95.39,95.39,95.36,95.37,36
1779848040,95.38,95.39,95.35,95.38,38
1779848100,95.39,95.4,95.36,95.37,24
1779848160,95.38,95.39,95.35,95.35,38
1779848220,95.36,95.4,95.35,95.38,26
1779848280,95.37,95.38,95.37,95.38,12
1779848340,95.39,95.41,95.38,95.41,10
1779848400,95.4,95.4,95.38,95.4,18
1779848460,95.41,95.46,95.4,95.41,30
1779848520,95.4,95.41,95.39,95.4,18
1779848580,95.38,95.38,95.35,95.36,26
1779848640,95.37,95.37,95.25,95.25,28
1779848700,95.24,95.24,95.18,95.21,48
1779848760,95.22,95.22,95.08,95.14,60
1779848820,95.13,95.18,95.13,95.18,32
1779848880,95.19,95.21,95.16,95.2,28
1779848940,95.19,95.26,95.17,95.26,40
1779849000,95.32,95.32,95.14,95.18,88
1779849060,95.19,95.22,95.16,95.21,52
1779849120,95.2,95.26,95.2,95.25,52
1779849180,95.24,95.26,95.23,95.25,30
1779849240,95.26,95.29,95.24,95.28,36
1779849300,95.29,95.29,95.24,95.25,48
1779849360,95.24,95.29,95.24,95.28,28
1779849420,95.3,95.34,95.3,95.33,32
1779849480,95.34,95.34,95.3,95.32,40
1779849540,95.31,95.35,95.31,95.33,20
1779849600,95.35,95.36,95.32,95.33,38
1779849660,95.34,95.39,95.33,95.38,38
1779849720,95.37,95.38,95.3,95.33,24
1779849780,95.32,95.34,95.3,95.34,26
1779849840,95.35,95.35,95.31,95.32,34
1779849900,95.31,95.31,95.23,95.24,42
1779849960,95.25,95.26,95.21,95.21,26
1779850020,95.18,95.21,94.98,95.01,110
1779850080,95,95,94.92,94.96,94
1779850140,94.97,95,94.96,94.96,62
1779850200,94.98,94.99,94.89,94.93,84
1779850260,94.94,94.97,94.8,94.85,94
1779850320,94.86,94.86,94.79,94.86,76
1779850380,94.87,94.98,94.85,94.98,72
1779850440,94.97,95.02,94.94,94.99,60
1779850500,95,95.01,94.97,95,38
1779850560,94.99,95.03,94.97,95.02,48
1779850620,95.03,95.08,95.03,95.04,34
1779850680,95.05,95.05,95.01,95.02,50
1779850740,95.03,95.03,95.01,95.03,42
1779850800,95.02,95.03,94.97,94.99,54
1779850860,94.98,95,94.85,94.89,64
1779850920,94.88,94.88,94.74,94.76,82
1779850980,94.77,94.77,94.65,94.74,80
1779851040,94.75,94.78,94.72,94.72,80
1779851100,94.7,94.73,94.6,94.66,74
1779851160,94.67,94.67,94.6,94.64,70
1779851220,94.63,94.64,94.52,94.56,94
1779851280,94.57,94.59,94.53,94.58,68
1779851340,94.59,94.64,94.55,94.56,58
1779851400,94.55,94.61,94.55,94.59,50
1779851460,94.58,94.71,94.58,94.68,44
1779851520,94.67,94.75,94.67,94.74,40
1779851580,94.75,94.75,94.67,94.69,56
1779851640,94.7,94.71,94.66,94.71,52
1779851700,94.72,94.74,94.67,94.67,46
1779851760,94.68,94.69,94.66,94.66,38
1779851820,94.65,94.67,94.62,94.65,46
1779851880,94.64,94.64,94.57,94.59,60
1779851940,94.57,94.64,94.57,94.64,40
1779852000,94.65,94.66,94.64,94.64,16
1779852060,94.65,94.69,94.64,94.65,42
1779852120,94.64,94.64,94.59,94.59,50
1779852180,94.58,94.61,94.57,94.59,46
1779852240,94.6,94.62,94.58,94.59,36
1779852300,94.6,94.63,94.6,94.62,48
1779852360,94.61,94.64,94.61,94.61,34
1779852420,94.62,94.64,94.61,94.63,24
1779852480,94.62,94.66,94.62,94.65,30
1779852540,94.64,94.69,94.63,94.66,52
1779852600,94.67,94.67,94.64,94.67,52
1779852660,94.66,94.79,94.66,94.74,54
1779852720,94.75,94.79,94.74,94.78,44
1779852780,94.77,94.77,94.7,94.7,24
1779852840,94.71,94.77,94.71,94.76,28
1779852900,94.78,94.82,94.77,94.8,30
1779852960,94.79,94.83,94.78,94.82,40
1779853020,94.83,94.94,94.81,94.91,52
1779853080,94.9,94.9,94.85,94.87,26
1779853140,94.88,94.88,94.87,94.88,14
1779853200,94.87,94.89,94.87,94.89,30
1779853260,94.88,94.89,94.84,94.85,38
1779853320,94.84,94.84,94.79,94.81,42
1779853380,94.82,94.86,94.81,94.86,38
1779853440,94.85,94.86,94.83,94.86,26
1779853500,94.87,94.89,94.85,94.87,20
1779853560,94.86,94.88,94.86,94.88,26
1779853620,94.87,94.88,94.83,94.83,22
1779853680,94.84,94.87,94.83,94.85,28
1779853740,94.84,94.84,94.78,94.78,20
1779853800,94.79,94.83,94.79,94.82,12
1779853860,94.81,94.81,94.8,94.81,10
1779853920,94.8,94.8,94.78,94.8,12
1779853980,94.81,94.81,94.73,94.73,18
1779854040,94.74,94.78,94.74,94.78,14
1779854100,94.79,94.81,94.78,94.8,24
1779854160,94.81,94.82,94.77,94.78,14
1779854220,94.77,94.78,94.77,94.77,18
1779854280,94.76,94.8,94.76,94.76,32
1779854340,94.74,94.74,94.71,94.73,26
1779854400,94.74,94.75,94.72,94.73,18
1779854460,94.74,94.75,94.73,94.74,26
1779854520,94.75,94.75,94.72,94.74,28
1779854580,94.75,94.76,94.74,94.75,10
1779854640,94.78,94.78,94.73,94.74,28
1779854700,94.75,94.75,94.66,94.67,24
1779854760,94.66,94.66,94.56,94.56,48
1779854820,94.57,94.62,94.57,94.6,16
1779854880,94.58,94.6,94.57,94.6,14
1779854940,94.61,94.64,94.61,94.63,24
1779855000,94.64,94.65,94.62,94.64,22
1779855060,94.63,94.65,94.63,94.64,8
1779855120,94.69,94.69,94.62,94.64,20
1779855180,94.63,94.71,94.62,94.7,32
1779855240,94.71,94.71,94.69,94.69,14
1779855300,94.7,94.7,94.68,94.68,18
1779855360,94.69,94.69,94.65,94.67,22
1779855420,94.66,94.66,94.65,94.66,6
1779855480,94.65,94.66,94.64,94.66,12
1779855540,94.65,94.66,94.65,94.66,4
1779855600,94.65,94.65,94.61,94.62,18
1779855660,94.61,94.62,94.45,94.5,44
1779855720,94.51,94.54,94.5,94.54,14
1779855780,94.55,94.57,94.55,94.55,14
1779855840,94.54,94.56,94.54,94.56,22
1779855900,94.55,94.58,94.55,94.57,28
1779855960,94.58,94.58,94.56,94.57,20
1779856020,94.58,94.59,94.57,94.59,16
1779856080,94.58,94.63,94.58,94.63,14
1779856140,94.62,94.62,94.59,94.6,24
1779856200,94.61,94.61,94.58,94.6,32
1779856260,94.61,94.61,94.57,94.58,16
1779856320,94.59,94.62,94.58,94.6,26
1779856380,94.61,94.62,94.59,94.62,26
1779856440,94.61,94.61,94.57,94.59,30
1779856500,94.58,94.6,94.57,94.57,30
1779856560,94.56,94.56,94.53,94.55,18
1779856620,94.54,94.57,94.54,94.56,36
1779856680,94.57,94.6,94.56,94.6,16
1779856740,94.59,94.62,94.57,94.61,26
1779856800,94.62,94.67,94.6,94.65,30
1779856860,94.63,94.69,94.6,94.67,32
1779856920,94.66,94.66,94.63,94.64,26
1779856980,94.63,94.63,94.6,94.61,14
1779857040,94.62,94.62,94.61,94.62,10
1779857100,94.61,94.63,94.6,94.6,14
1779857160,94.58,94.61,94.58,94.6,22
1779857220,94.61,94.64,94.61,94.63,22
1779857280,94.62,94.64,94.62,94.64,16
1779857340,94.65,94.67,94.65,94.65,24
1779857400,94.66,94.66,94.65,94.66,6
1779857460,94.65,94.65,94.63,94.63,6
1779857520,94.64,94.64,94.61,94.61,8
1779857580,94.62,94.63,94.57,94.58,52
1779857640,94.57,94.62,94.57,94.57,50
1779857700,94.56,94.62,94.54,94.59,32
1779857760,94.6,94.61,94.58,94.59,20
1779857820,94.6,94.62,94.58,94.59,26
1779857880,94.58,94.61,94.57,94.61,34
1779857940,94.6,94.6,94.58,94.58,14
1779858000,94.59,94.61,94.56,94.61,16
1779858060,94.62,94.62,94.6,94.6,14
1779858120,94.61,94.7,94.61,94.65,26
1779858180,94.66,94.67,94.64,94.64,30
1779858240,94.65,94.65,94.57,94.59,32
1779858300,94.58,94.64,94.57,94.64,24
1779858360,94.63,94.65,94.63,94.64,20
1779858420,94.65,94.66,94.62,94.66,14
1779858480,94.65,94.69,94.65,94.68,30
1779858540,94.67,94.69,94.67,94.69,8
1779858600,94.68,94.72,94.68,94.71,24
1779858660,94.72,94.72,94.68,94.69,36
1779858720,94.68,94.68,94.61,94.65,28
1779858780,94.66,94.66,94.62,94.63,24
1779858840,94.62,94.63,94.46,94.52,46
1779858900,94.53,94.55,94.52,94.53,20
1779858960,94.54,94.54,94.38,94.43,40
1779859020,94.42,94.48,94.42,94.47,38
1779859080,94.46,94.51,94.46,94.49,28
1779859140,94.5,94.52,94.46,94.49,22
1779859200,94.5,94.53,94.49,94.5,30
1779859260,94.51,94.56,94.51,94.55,30
1779859320,94.54,94.58,94.54,94.58,32
1779859380,94.59,94.6,94.53,94.53,34
1779859440,94.52,94.55,94.5,94.52,30
1779859500,94.53,94.56,94.53,94.54,18
1779859560,94.55,94.56,94.54,94.55,36
1779859620,94.56,94.56,94.54,94.55,28
1779859680,94.57,94.57,94.54,94.55,26
1779859740,94.54,94.57,94.54,94.56,14
1779859800,94.55,94.7,94.5,94.7,98
1779859860,94.71,94.73,94.66,94.71,46
1779859920,94.72,94.77,94.72,94.73,44
1779859980,94.72,94.82,94.72,94.78,80
1779860040,94.79,94.81,94.75,94.8,54
1779860100,94.81,94.85,94.76,94.78,76
1779860160,94.79,94.81,94.62,94.64,82
1779860220,94.65,94.65,94.55,94.6,56
1779860280,94.61,94.62,94.57,94.59,36
1779860340,94.58,94.59,94.56,94.59,40
1779860400,94.6,94.61,94.58,94.59,40
1779860460,94.6,94.62,94.57,94.57,58
1779860520,94.56,94.61,94.56,94.58,36
1779860580,94.59,94.62,94.57,94.6,38
1779860640,94.59,94.6,94.57,94.58,20
1779860700,94.57,94.66,94.56,94.66,46
1779860760,94.65,94.71,94.61,94.64,52
1779860820,94.66,94.66,94.61,94.66,36
1779860880,94.65,94.65,94.63,94.64,12
1779860940,94.65,94.67,94.64,94.67,22
1779861000,94.66,94.66,94.47,94.5,66
1779861060,94.51,94.53,94.5,94.51,28
1779861120,94.52,94.52,94.47,94.5,34
1779861180,94.49,94.53,94.37,94.42,76
1779861240,94.43,94.46,94.4,94.45,70
1779861300,94.46,94.47,94.43,94.46,32
1779861360,94.45,94.46,94.41,94.44,54
1779861420,94.43,94.51,94.42,94.47,56
1779861480,94.48,94.5,94.46,94.47,36
1779861540,94.46,94.49,94.44,94.49,42
1779861600,94.48,94.5,94.44,94.49,84
1779861660,94.5,94.55,94.48,94.54,54
1779861720,94.53,94.68,94.51,94.68,70
1779861780,94.67,94.68,94.61,94.61,66
1779861840,94.62,94.65,94.61,94.62,68
1779861900,94.6,94.61,94.45,94.47,52
1779861960,94.48,94.5,94.44,94.48,42
1779862020,94.49,94.5,94.44,94.44,38
1779862080,94.43,94.45,94.17,94.33,102
1779862140,94.32,94.35,94.29,94.33,88
1779862200,94.31,94.33,94.2,94.33,92
1779862260,94.32,94.35,94.3,94.35,58
1779862320,94.34,94.46,94.32,94.44,68
1779862380,94.45,94.45,94.41,94.43,44
1779862440,94.44,94.5,94.44,94.48,60
1779862500,94.47,94.56,94.45,94.54,68
1779862560,94.53,94.6,94.51,94.6,54
1779862620,94.59,94.6,94.53,94.53,72
1779862680,94.54,94.54,94.49,94.51,60
1779862740,94.53,94.58,94.52,94.52,58
1779862800,94.53,94.55,94.51,94.53,46
1779862860,94.51,94.54,94.51,94.54,56
1779862920,94.53,94.55,94.51,94.52,46
1779862980,94.51,94.53,94.44,94.47,68
1779863040,94.46,94.5,94.45,94.48,50
1779863100,94.49,94.56,94.48,94.54,50
1779863160,94.52,94.6,94.52,94.6,46
1779863220,94.64,94.65,94.56,94.62,70
1779863280,94.6,94.61,94.56,94.56,64
1779863340,94.55,94.55,94.51,94.52,60
1779863400,94.53,94.56,94.51,94.55,66
1779863460,94.54,94.6,94.52,94.57,66
1779863520,94.58,94.66,94.57,94.61,64
1779863580,94.62,94.63,94.6,94.62,46
1779863640,94.63,94.66,94.6,94.61,50
1779863700,94.62,94.62,94.54,94.56,60
1779863760,94.57,94.59,94.53,94.56,42
1779863820,94.55,94.56,94.53,94.56,44
1779863880,94.55,94.57,94.54,94.56,40
1779863940,94.55,94.56,94.48,94.49,44
1779864000,94.48,94.48,94.45,94.46,44
1779864060,94.47,94.47,94.28,94.37,68
1779864120,94.39,94.47,94.37,94.46,96
1779864180,94.47,94.52,94.44,94.49,52
1779864240,94.5,94.5,94.46,94.46,48
1779864300,94.45,94.49,94.37,94.37,56
1779864360,94.36,94.36,94.28,94.3,68
1779864420,94.29,94.33,94.15,94.21,74
1779864480,94.22,94.23,94.14,94.22,84
1779864540,94.21,94.22,94.14,94.2,70
1779864600,94.18,94.21,94.17,94.18,68
1779864660,94.19,94.19,94.12,94.17,44
1779864720,94.16,94.17,94.06,94.08,70
1779864780,94.09,94.15,94.09,94.13,54
1779864840,94.14,94.18,94.09,94.18,78
1779864900,94.19,94.26,94.17,94.26,102
1779864960,94.27,94.29,94.2,94.22,80
1779865020,94.23,94.25,94.21,94.24,54
1779865080,94.25,94.28,94.2,94.22,58
1779865140,94.23,94.25,94.16,94.17,80
1779865200,94.14,94.27,94.06,94.2,110
1779865260,94.19,94.19,94.09,94.1,62
1779865320,94.09,94.12,93.87,93.9,114
1779865380,93.88,93.96,93.85,93.91,88
1779865440,93.9,93.94,93.89,93.89,84
1779865500,93.85,93.88,93.8,93.87,84
1779865560,93.88,93.92,93.85,93.87,64
1779865620,93.88,93.92,93.77,93.79,74
1779865680,93.8,93.85,93.75,93.84,80
1779865740,93.83,93.9,93.79,93.88,78
1779865800,93.89,93.99,93.88,93.99,84
1779865860,93.97,93.99,93.9,93.95,84
1779865920,93.94,94.04,93.94,94.04,78
1779865980,94.03,94.04,93.96,93.97,70
1779866040,93.96,93.99,93.94,93.97,46
1779866100,93.96,93.98,93.9,93.98,70
1779866160,94,94,93.94,93.94,48
1779866220,93.95,94.01,93.94,93.94,80
1779866280,93.95,93.95,93.88,93.92,72
1779866340,93.91,93.98,93.9,93.91,78
1779866400,93.9,94.01,93.9,93.98,62
1779866460,93.97,93.98,93.94,93.96,64
1779866520,93.97,93.97,93.84,93.86,66
1779866580,93.87,93.87,93.76,93.79,78
1779866640,93.78,93.78,93.68,93.7,94
1779866700,93.69,93.75,93.66,93.73,84
1779866760,93.72,93.74,93.7,93.73,54
1779866820,93.72,93.8,93.72,93.78,64
1779866880,93.79,93.83,93.74,93.74,68
1779866940,93.73,93.81,93.71,93.81,68
1779867000,93.8,93.8,93.71,93.77,76
1779867060,93.76,93.78,93.5,93.56,88
1779867120,93.57,93.59,93.48,93.56,88
1779867180,93.54,93.59,93.53,93.58,66
1779867240,93.57,93.62,93.51,93.57,74
1779867300,93.59,93.67,93.57,93.64,86
1779867360,93.63,93.67,93.58,93.64,80
1779867420,93.63,93.68,93.61,93.62,56
1779867480,93.63,93.72,93.62,93.7,62
1779867540,93.71,93.73,93.69,93.71,42
1779867600,93.7,93.82,93.7,93.76,66
1779867660,93.77,93.83,93.73,93.75,66
1779867720,93.77,93.78,93.67,93.7,74
1779867780,93.71,93.71,93.65,93.67,68
1779867840,93.66,93.73,93.65,93.69,64
1779867900,93.68,93.72,93.64,93.66,64
1779867960,93.67,93.85,93.67,93.84,64
1779868020,93.85,93.93,93.84,93.88,76
1779868080,93.89,94.06,93.88,94.06,58
1779868140,94.07,94.11,94,94.03,74
1779868200,94.02,94.05,93.98,94.03,62
1779868260,94.04,94.09,94.01,94.04,72
1779868320,94.06,94.09,94,94,74
1779868380,93.96,93.96,93.87,93.91,74
1779868440,93.89,93.94,93.87,93.91,68
1779868500,93.92,93.94,93.9,93.92,58
1779868560,93.91,93.92,93.83,93.84,48
1779868620,93.85,93.85,93.72,93.72,76
1779868680,93.74,93.75,93.68,93.72,68
1779868740,93.73,93.76,93.68,93.74,62
1779868800,93.82,93.89,93.8,93.81,76
1779868860,93.8,93.8,93.57,93.62,98
1779868920,93.61,93.61,93.46,93.56,134
1779868980,93.52,93.6,93.51,93.56,98
1779869040,93.54,93.56,93.48,93.51,90
1779869100,93.5,93.51,93.31,93.35,110
1779869160,93.33,93.36,93.23,93.31,134
1779869220,93.32,93.38,93.31,93.36,102
1779869280,93.35,93.39,93.31,93.33,76
1779869340,93.32,93.44,93.31,93.42,92
1779869400,93.47,93.51,93.42,93.47,86
1779869460,93.48,93.63,93.47,93.6,82
1779869520,93.61,93.63,93.59,93.6,80
1779869580,93.61,93.65,93.6,93.65,70
1779869640,93.66,93.71,93.59,93.59,76
1779869700,93.6,93.62,93.55,93.55,78
1779869760,93.56,93.59,93.49,93.57,84
1779869820,93.58,93.6,93.52,93.57,94
1779869880,93.59,93.65,93.55,93.61,88
1779869940,93.62,93.67,93.62,93.67,60
1779870000,93.66,93.68,93.56,93.59,94
1779870060,93.6,93.6,93.32,93.36,100
1779870120,93.35,93.39,93.23,93.31,114
1779870180,93.28,93.28,93.15,93.18,126
1779870240,93.19,93.27,93.09,93.16,94
1779870300,93.17,93.17,93.06,93.07,118
1779870360,93.08,93.22,93.01,93.19,130
1779870420,93.18,93.31,93.17,93.25,148
1779870480,93.24,93.25,93.13,93.17,124
1779870540,93.15,93.25,93.09,93.2,130
1779870600,93.19,93.25,93.17,93.23,78
1779870660,93.24,93.31,93.19,93.31,94
1779870720,93.33,93.45,93.32,93.37,82
1779870780,93.35,93.38,93.33,93.37,60
1779870840,93.36,93.37,93.2,93.23,74
1779870900,93.22,93.22,93.07,93.13,122
1779870960,93.15,93.15,93.03,93.06,104
1779871020,93.04,93.04,92.94,93,128
1779871080,93.01,93.16,92.99,93.16,90
1779871140,93.17,93.17,93.07,93.09,104
1779871200,93.1,93.11,92.98,92.98,80
1779871260,92.95,92.97,92.9,92.92,84
1779871320,92.93,92.96,92.86,92.93,94
1779871380,92.94,92.96,92.86,92.89,82
1779871440,92.88,92.9,92.77,92.8,92
1779871500,92.82,92.85,92.75,92.79,66
1779871560,92.8,92.84,92.72,92.75,80
1779871620,92.74,92.77,92.7,92.75,102
1779871680,92.74,92.76,92.67,92.72,94
1779871740,92.71,92.72,92.67,92.68,82
1779871800,92.69,92.71,92.61,92.67,88
1779871860,92.68,92.68,92.44,92.51,128
1779871920,92.52,92.52,92.33,92.44,128
1779871980,92.45,92.58,92.44,92.56,116
1779872040,92.55,92.59,92.51,92.59,80
1779872100,92.57,92.63,92.51,92.56,86
1779872160,92.57,92.6,92.52,92.57,100
1779872220,92.58,92.67,92.56,92.64,88
1779872280,92.63,92.73,92.58,92.66,104
1779872340,92.64,92.8,92.62,92.79,96
1779872400,92.84,92.88,92.79,92.84,90
1779872460,92.82,92.92,92.82,92.85,74
1779872520,92.84,92.84,92.66,92.75,116
1779872580,92.74,92.75,92.69,92.71,92
1779872640,92.72,92.8,92.71,92.76,96
1779872700,92.75,92.85,92.75,92.85,88
1779872760,92.83,92.99,92.82,92.95,104
1779872820,92.96,93.02,92.93,92.95,86
1779872880,92.96,93.05,92.96,92.98,84
1779872940,92.99,93.08,92.98,93.08,82
1779873000,93.07,93.15,93.07,93.08,86
1779873060,93.07,93.07,92.92,92.93,76
1779873120,92.94,92.94,92.83,92.89,98
1779873180,92.91,92.94,92.89,92.89,64
1779873240,92.88,92.91,92.7,92.7,66
1779873300,92.71,92.71,92.6,92.63,114
1779873360,92.64,92.64,92.56,92.59,70
1779873420,92.61,92.62,92.58,92.6,56
1779873480,92.59,92.67,92.49,92.5,94
1779873540,92.51,92.54,92.49,92.54,66
1779873600,92.55,92.55,92.41,92.45,70
1779873660,92.46,92.46,92.41,92.44,68
1779873720,92.45,92.45,92.29,92.3,98
1779873780,92.31,92.4,92.28,92.38,78
1779873840,92.4,92.46,92.39,92.46,52
1779873900,92.44,92.51,92.39,92.39,82
1779873960,92.4,92.46,92.4,92.45,60
1779874020,92.46,92.55,92.45,92.5,84
1779874080,92.51,92.65,92.49,92.65,72
1779874140,92.64,92.65,92.6,92.63,68
1779874200,92.61,92.92,92.61,92.85,92
1779874260,92.84,92.91,92.82,92.88,86
1779874320,92.87,92.97,92.86,92.97,94
1779874380,92.96,93.04,92.94,92.99,66
1779874440,93,93.07,92.94,92.95,86
1779874500,92.94,93,92.93,92.97,70
1779874560,92.98,92.99,92.91,92.98,72
1779874620,92.99,93.02,92.96,93,60
1779874680,92.99,93.01,92.89,92.93,68
1779874740,92.92,92.93,92.84,92.91,62
1779874800,92.89,92.95,92.89,92.92,40
1779874860,92.93,92.94,92.86,92.94,48
1779874920,92.95,93.09,92.94,93.05,92
1779874980,93.04,93.05,92.98,93.01,76
1779875040,93,93.02,92.97,92.98,58
1779875100,92.99,92.99,92.93,92.98,54
1779875160,92.97,93.01,92.95,92.97,54
1779875220,92.99,93.02,92.97,92.99,58
1779875280,92.98,93.01,92.95,92.97,62
1779875340,92.96,92.96,92.88,92.91,62
1779875400,92.9,92.91,92.68,92.82,106
1779875460,92.81,92.81,92.75,92.77,52
1779875520,92.78,92.79,92.74,92.77,58
1779875580,92.76,92.78,92.62,92.64,68
1779875640,92.65,92.65,92.52,92.53,88
1779875700,92.54,92.55,92.47,92.51,72
1779875760,92.52,92.53,92.42,92.5,76
1779875820,92.49,92.52,92.44,92.5,62
1779875880,92.49,92.56,92.48,92.51,66
1779875940,92.5,92.51,92.43,92.51,74
1779876000,92.49,92.57,92.48,92.56,80
1779876060,92.55,92.64,92.54,92.62,70
1779876120,92.61,92.68,92.59,92.68,56
1779876180,92.69,92.88,92.68,92.87,82
1779876240,92.86,92.86,92.75,92.75,84
1779876300,92.76,92.81,92.76,92.78,40
1779876360,92.77,92.81,92.75,92.76,50
1779876420,92.75,92.8,92.74,92.78,62
1779876480,92.77,92.81,92.74,92.76,58
1779876540,92.75,92.75,92.71,92.73,38
1779876600,92.71,92.76,92.69,92.71,70
1779876660,92.7,92.7,92.54,92.61,84
1779876720,92.6,92.65,92.58,92.6,60
1779876780,92.59,92.62,92.57,92.58,38
1779876840,92.59,92.64,92.58,92.63,38
1779876900,92.64,92.65,92.62,92.63,34
1779876960,92.62,92.68,92.62,92.65,40
1779877020,92.64,92.64,92.6,92.61,36
1779877080,92.6,92.62,92.57,92.61,46
1779877140,92.62,92.65,92.61,92.64,58
1779877200,92.65,92.7,92.65,92.66,54
1779877260,92.67,92.78,92.66,92.77,60
1779877320,92.78,92.78,92.69,92.76,74
1779877380,92.75,92.76,92.72,92.73,44
1779877440,92.74,92.74,92.69,92.71,52
1779877500,92.72,92.83,92.72,92.78,58
1779877560,92.8,92.86,92.78,92.86,28
1779877620,92.85,92.95,92.85,92.93,72
1779877680,92.92,92.98,92.92,92.94,60
1779877740,92.93,92.98,92.93,92.96,52
1779877800,92.95,92.98,92.93,92.95,68
1779877860,92.96,92.96,92.89,92.91,50
1779877920,92.92,93.02,92.92,93.01,74
1779877980,93,93.12,92.98,93.12,76
1779878040,93.11,93.13,93.02,93.07,86
1779878100,93.08,93.12,93.03,93.03,46
1779878160,93.05,93.11,93.05,93.08,62
1779878220,93.09,93.1,93.07,93.09,58
1779878280,93.08,93.1,93.07,93.08,38
1779878340,93.07,93.08,93.05,93.06,56
1779878400,93.05,93.05,92.84,92.84,74
1779878460,92.83,92.89,92.79,92.89,88
1779878520,92.9,92.96,92.88,92.93,58
1779878580,92.91,92.94,92.83,92.83,66
1779878640,92.84,92.84,92.76,92.82,66
1779878700,92.81,92.81,92.72,92.74,46
1779878760,92.75,92.91,92.75,92.87,66
1779878820,92.86,92.94,92.86,92.93,66
1779878880,92.94,92.98,92.92,92.96,44
1779878940,92.97,93,92.94,92.96,52
1779879000,92.97,92.98,92.92,92.92,80
1779879060,92.94,92.95,92.91,92.92,66
1779879120,92.93,92.94,92.91,92.91,38
1779879180,92.92,92.94,92.9,92.9,44
1779879240,92.92,92.93,92.91,92.92,26
1779879300,92.93,92.94,92.89,92.94,48
1779879360,92.97,92.97,92.9,92.94,48
1779879420,92.95,93.01,92.94,92.99,36
1779879480,93,93.05,92.98,92.99,58
1779879540,92.98,92.99,92.82,92.84,64
1779879600,92.83,92.84,92.71,92.83,94
1779879660,92.84,92.9,92.83,92.88,62
1779879720,92.87,92.89,92.76,92.79,68
1779879780,92.78,93,92.73,92.96,108
1779879840,92.97,93.07,92.93,93.02,88
1779879900,93.03,93.05,92.98,93.01,70
1779879960,93,93.06,92.97,93.02,58
1779880020,93.03,93.08,92.99,93.08,72
1779880080,93.07,93.2,93.03,93.15,104
1779880140,93.14,93.25,93.12,93.21,86
1779880200,93.2,93.3,93.18,93.28,66
1779880260,93.3,93.46,93.3,93.36,108
1779880320,93.35,93.4,93.19,93.19,94
1779880380,93.2,93.21,93.04,93.08,102
1779880440,93.07,93.1,93.01,93.01,68
1779880500,93,93.01,92.87,92.97,86
1779880560,92.98,93.27,92.96,93.05,130
1779880620,93.07,93.07,92.92,92.98,78
1779880680,92.99,93.02,92.91,92.99,78
1779880740,93,93.04,92.9,92.92,84
1779880800,92.93,92.99,92.92,92.98,66
1779880860,92.99,93,92.86,92.97,74
1779880920,92.96,92.99,92.83,92.83,72
1779880980,92.65,92.91,92.65,92.88,126
1779881040,92.89,92.94,92.89,92.92,62
1779881100,92.93,93.11,92.93,93.05,100
1779881160,93.06,93.2,93.05,93.19,92
1779881220,93.21,93.23,93.13,93.18,98
1779881280,93.17,93.34,93.16,93.29,84
1779881340,93.28,93.33,93.25,93.33,42
1779881400,93.32,93.43,93.26,93.32,66
1779881460,93.31,93.44,93.31,93.37,98
1779881520,93.38,93.48,93.34,93.4,82
1779881580,93.39,93.44,93.37,93.44,72
1779881640,93.45,93.47,93.42,93.45,82
1779881700,93.46,93.48,93.33,93.33,88
1779881760,93.32,93.37,93.25,93.26,82
1779881820,93.25,93.31,93.1,93.12,72
1779881880,93.11,93.15,93.02,93.09,94
1779881940,93.1,93.11,93.05,93.08,68
1779882000,93.09,93.14,93.06,93.11,102
1779882060,93.12,93.13,93.05,93.11,86
1779882120,93.12,93.15,93.04,93.09,54
1779882180,93.08,93.18,93.08,93.16,62
1779882240,93.15,93.2,93.14,93.17,86
1779882300,93.18,93.2,93.15,93.2,74
1779882360,93.21,93.22,93.17,93.2,62
1779882420,93.19,93.24,93.19,93.2,48
1779882480,93.21,93.33,93.21,93.3,60
1779882540,93.31,93.31,93.25,93.3,60
1779882600,93.31,93.4,93.21,93.21,80
1779882660,93.22,93.26,93.21,93.22,82
1779882720,93.23,93.27,93.22,93.22,68
1779882780,93.23,93.24,93.17,93.24,62
1779882840,93.23,93.32,93.21,93.32,52
1779882900,93.33,93.35,93.25,93.25,54
1779882960,93.26,93.26,93.19,93.2,46
1779883020,93.21,93.24,93.19,93.23,64
1779883080,93.24,93.28,93.19,93.28,64
1779883140,93.29,93.29,93.16,93.17,60
1779883200,93.21,93.3,93.2,93.26,58
1779883260,93.27,93.28,93.23,93.28,68
1779883320,93.29,93.41,93.24,93.32,82
1779883380,93.31,93.34,93.29,93.31,62
1779883440,93.3,93.34,93.29,93.3,56
1779883500,93.29,93.3,93.24,93.26,54
1779883560,93.25,93.28,93.14,93.14,66
1779883620,93.15,93.2,93.14,93.2,66
1779883680,93.19,93.21,93.1,93.15,64
1779883740,93.16,93.17,93.08,93.08,46
1779883800,93.1,93.13,93.07,93.08,56
1779883860,93.09,93.13,93.05,93.12,62
1779883920,93.11,93.17,93.04,93.05,46
1779883980,93.04,93.08,93.02,93.05,50
1779884040,93.06,93.08,92.92,92.96,80
1779884100,92.97,93.05,92.91,93,68
1779884160,93.01,93.04,92.98,93.03,56
1779884220,93.05,93.05,93,93.01,60
1779884280,93.02,93.02,92.25,92.51,214
1779884340,92.47,92.47,91.77,92.24,260
1779884400,92.28,92.41,91.96,91.98,206
1779884460,91.99,91.99,91.39,91.52,224
1779884520,91.49,91.49,91.05,91.14,244
1779884580,91.15,91.71,90.91,91.45,248
1779884640,91.39,91.72,91.33,91.62,232
1779884700,91.58,91.6,91.22,91.22,184
1779884760,91.24,91.35,91.06,91.26,188
1779884820,91.27,91.58,91.27,91.29,178
1779884880,91.3,91.32,91,91.08,176
1779884940,91.1,91.21,91.04,91.15,156
1779885000,91.14,91.14,90.66,90.92,192
1779885060,90.93,91,90.8,90.96,160
1779885120,90.98,91.23,90.91,91.22,184
1779885180,91.24,91.29,90.87,90.87,154
1779885240,90.86,91.03,90.83,91,150
1779885300,91.01,91.15,90.99,91.1,139
1779885360,91.11,91.11,90.44,90.77,208
1779885420,90.79,91.1,90.71,91.1,146
1779885480,91.09,91.2,91.03,91.15,150
1779885540,91.14,91.24,91.08,91.18,134
1779885600,91.16,91.22,91.12,91.2,104
1779885660,91.22,91.26,91.13,91.17,124
1779885720,91.19,91.38,91.18,91.31,166
1779885780,91.28,91.31,91.21,91.21,128
1779885840,91.2,91.36,91.13,91.35,116
1779885900,91.34,91.43,91.34,91.43,110
1779885960,91.42,91.43,91.29,91.38,118
1779886020,91.37,91.42,91.27,91.39,112
1779886080,91.37,91.59,91.37,91.55,134
1779886140,91.56,91.63,91.45,91.47,122
1779886200,91.46,91.5,91.36,91.37,108
1779886260,91.36,91.39,91.16,91.39,148
1779886320,91.38,91.45,91.34,91.42,124
1779886380,91.43,91.44,91.34,91.38,122
1779886440,91.37,91.4,91.32,91.34,90
1779886500,91.35,91.37,91.28,91.33,88
1779886560,91.34,91.42,91.33,91.39,70
1779886620,91.41,91.48,91.39,91.46,88
1779886680,91.47,91.51,91.44,91.46,104
1779886740,91.47,91.52,91.43,91.47,100
1779886800,91.49,91.69,91.4,91.69,162
1779886860,91.72,91.96,91.67,91.95,164
1779886920,91.93,91.93,91.71,91.75,170
1779886980,91.74,91.82,91.68,91.79,114
1779887040,91.78,92.12,91.73,92.12,122
1779887100,92.11,92.22,92.07,92.12,150
1779887160,92.1,92.12,91.97,92.02,126
1779887220,92.03,92.17,92.03,92.15,98
1779887280,92.16,92.22,92.07,92.12,114
1779887340,92.11,92.2,92.05,92.17,114
1779887400,92.18,92.22,92.12,92.14,116
1779887460,92.13,92.21,92.1,92.13,96
1779887520,92.12,92.23,92.12,92.2,92
1779887580,92.21,92.3,92.19,92.25,112
1779887640,92.24,92.24,91.93,91.97,136
1779887700,91.99,92.12,91.99,92.03,104
1779887760,92.05,92.13,92.01,92.08,88
1779887820,92.06,92.11,92,92.06,104
1779887880,92.05,92.08,92.01,92.04,82
1779887940,92.06,92.14,92.01,92.02,86
1779888000,92.03,92.18,92,92.18,104
1779888060,92.16,92.17,92.07,92.09,86
1779888120,92.1,92.11,92.02,92.09,88
1779888180,92.08,92.08,91.89,91.92,102
1779888240,91.93,92.04,91.89,92.04,86
1779888300,92.03,92.07,92.01,92.07,78
1779888360,92.1,92.39,92.1,92.35,130
1779888420,92.33,92.34,92.26,92.3,104
1779888480,92.32,92.35,92.26,92.33,94
1779888540,92.3,92.37,92.27,92.35,76
1779888600,92.4,92.49,92.29,92.39,154
1779888660,92.38,92.41,92.28,92.38,134
1779888720,92.39,92.39,92.28,92.3,130
1779888780,92.31,92.31,92.18,92.23,120
1779888840,92.24,92.3,92.07,92.09,132
1779888900,92.1,92.24,92.1,92.17,134
1779888960,92.16,92.36,92.14,92.36,112
1779889020,92.35,92.48,92.28,92.36,126
1779889080,92.35,92.42,92.33,92.35,96
1779889140,92.36,92.36,92.31,92.34,90
1779889200,92.35,92.4,92.3,92.4,92
1779889260,92.39,92.44,92.38,92.42,96
1779889320,92.41,92.48,92.39,92.4,104
1779889380,92.41,92.47,92.4,92.4,96
1779889440,92.41,92.41,92.29,92.31,114
1779889500,92.33,92.33,92.07,92.07,124
1779889560,91.99,92.16,91.99,92.08,130
1779889620,92.09,92.15,92.02,92.13,140
1779889680,92.12,92.15,92.05,92.11,112
1779889740,92.12,92.17,92.11,92.17,78
1779889800,92.18,92.35,92.11,92.26,122
1779889860,92.23,92.28,92.21,92.23,88
1779889920,92.26,92.31,92.23,92.24,92
1779889980,92.23,92.3,92.22,92.26,112
1779890040,92.27,92.45,92.27,92.37,118
1779890100,92.38,92.55,92.36,92.46,102
1779890160,92.47,92.5,92.41,92.46,114
1779890220,92.48,92.57,92.47,92.5,98
1779890280,92.51,92.59,92.5,92.51,74
1779890340,92.48,92.51,92.43,92.43,94
1779890400,92.4,92.58,92.4,92.54,122
1779890460,92.53,92.54,92.44,92.44,88
1779890520,92.42,92.42,92.3,92.32,102
1779890580,92.33,92.35,92.26,92.33,78
1779890640,92.34,92.36,92.28,92.31,76
1779890700,92.3,92.33,92.18,92.26,94
1779890760,92.24,92.4,92.24,92.38,84
1779890820,92.37,92.6,92.36,92.59,98
1779890880,92.58,92.6,92.48,92.52,96
1779890940,92.5,92.52,92.44,92.44,94
1779891000,92.45,92.5,92.42,92.48,68
1779891060,92.47,92.53,92.44,92.45,68
1779891120,92.44,92.47,92.35,92.45,100
1779891180,92.44,92.51,92.41,92.49,92
1779891240,92.48,92.63,92.45,92.55,98
1779891300,92.51,92.59,92.51,92.55,74
1779891360,92.56,92.58,92.47,92.5,92
1779891420,92.51,92.54,92.4,92.42,86
1779891480,92.41,92.41,92.27,92.31,95
1779891540,92.29,92.31,92.15,92.18,103
1779891600,92.17,92.57,92.11,92.46,190
1779891660,92.47,92.48,92.3,92.4,118
1779891720,92.35,92.45,92.29,92.41,122
1779891780,92.42,92.54,92.4,92.54,102
1779891840,92.53,92.86,92.53,92.76,152
1779891900,92.75,92.91,92.74,92.91,160
1779891960,92.9,92.9,92.69,92.7,132
1779892020,92.69,92.7,92.44,92.47,122
1779892080,92.46,92.49,92.27,92.28,118
1779892140,92.29,92.3,92.14,92.21,138
1779892200,92.22,92.31,92.11,92.26,128
1779892260,92.27,92.29,92.14,92.18,90
1779892320,92.17,92.67,92.16,92.67,142
1779892380,92.63,93.08,92.5,92.89,216
1779892440,92.87,92.94,92.59,92.59,188
1779892500,92.57,92.86,92.57,92.79,160
1779892560,92.78,92.81,92.64,92.76,152
1779892620,92.75,92.94,92.75,92.88,136
1779892680,92.87,92.87,92.74,92.77,124
1779892740,92.78,92.84,92.74,92.8,110
1779892800,92.81,93.02,92.81,92.96,132
1779892860,92.95,93.08,92.95,93.07,126
1779892920,93.05,93.23,93.03,93.2,158
1779892980,93.19,93.3,93.18,93.23,142
1779893040,93.24,93.42,93.24,93.36,132
1779893100,93.35,93.36,93.24,93.27,106
1779893160,93.28,93.29,93.17,93.18,118
1779893220,93.19,93.23,93.05,93.08,116
1779893280,93.09,93.22,93.09,93.17,96
1779893340,93.21,93.33,93.14,93.31,96
1779893400,93.32,93.34,93.25,93.29,102
1779893460,93.3,93.46,93.29,93.45,102
1779893520,93.46,93.5,93.42,93.48,104
1779893580,93.5,93.63,93.49,93.59,128
1779893640,93.58,93.63,93.51,93.51,82
1779893700,93.52,93.55,93.46,93.51,108
1779893760,93.5,93.51,93.44,93.46,96
1779893820,93.44,93.47,93.38,93.4,92
1779893880,93.38,93.43,93.37,93.41,70
1779893940,93.42,93.47,93.4,93.45,72
1779894000,93.44,93.67,93.44,93.56,138
1779894060,93.57,93.58,93.35,93.35,136
1779894120,93.37,93.4,93.28,93.29,116
1779894180,93.3,93.32,93.11,93.21,112
1779894240,93.22,93.49,93.2,93.35,120
1779894300,93.34,93.49,93.31,93.45,114
1779894360,93.44,93.52,93.39,93.52,100
1779894420,93.53,93.56,93.44,93.51,116
1779894480,93.5,93.63,93.5,93.61,110
1779894540,93.62,93.8,93.57,93.72,142
1779894600,93.71,93.8,93.66,93.67,114
1779894660,93.68,93.71,93.53,93.55,112
1779894720,93.56,93.57,93.49,93.5,88
1779894780,93.51,93.58,93.48,93.53,98
1779894840,93.54,93.55,93.41,93.44,104
1779894900,93.42,93.6,93.41,93.54,114
1779894960,93.55,93.55,93.44,93.44,76
1779895020,93.43,93.49,93.41,93.42,74
1779895080,93.41,93.46,93.37,93.37,68
1779895140,93.36,93.44,93.34,93.43,84
1779895200,93.44,93.44,93.32,93.42,88
1779895260,93.41,93.43,93.33,93.34,94
1779895320,93.33,93.37,93.26,93.33,102
1779895380,93.34,93.45,93.33,93.44,124
1779895440,93.45,93.47,93.38,93.45,80
1779895500,93.49,93.54,93.44,93.53,130
1779895560,93.55,93.55,93.45,93.53,110
1779895620,93.52,93.54,93.35,93.43,106
1779895680,93.42,93.48,93.38,93.41,152
1779895740,93.44,93.45,93.25,93.25,150
1779895800,93.19,93.25,92.98,93.07,142
1779895860,93.08,93.14,92.8,92.85,164
1779895920,92.83,92.87,92.76,92.86,152
1779895980,92.85,92.9,92.67,92.82,132
1779896040,92.83,92.96,92.8,92.8,124
1779896100,92.79,92.81,92.65,92.74,108
1779896160,92.75,92.79,92.7,92.73,80
1779896220,92.76,92.83,92.72,92.72,90
1779896280,92.73,92.78,92.7,92.71,88
1779896340,92.7,92.77,92.67,92.73,86
1779896400,92.71,92.73,92.64,92.66,110
1779896460,92.65,92.68,92.61,92.63,92
1779896520,92.62,92.91,92.58,92.89,122
1779896580,92.88,93.11,92.87,93.1,146
1779896640,93.13,93.37,93.02,93.22,186
1779896700,93.23,93.38,92.96,93.16,170
1779896760,93.14,93.23,93.03,93.11,122
1779896820,93.09,93.17,93.06,93.12,82
1779896880,93.11,93.18,93.06,93.06,92
1779896940,93.08,93.16,92.92,93.02,134
1779897000,93.01,93.02,92.92,92.95,76
1779897060,92.96,92.97,92.84,92.86,106
1779897120,92.88,92.88,92.74,92.75,86
1779897180,92.74,92.74,92.64,92.71,74
1779897240,92.7,92.97,92.66,92.75,108
1779897300,92.74,92.79,92.69,92.69,100
1779897360,92.68,92.74,92.64,92.65,116
1779897420,92.66,92.68,92.59,92.65,84
1779897480,92.66,92.69,92.61,92.63,80
1779897540,92.64,92.73,92.61,92.66,90
1779897600,92.65,92.72,92.64,92.67,88
1779897660,92.59,92.69,92.57,92.66,96
1779897720,92.68,92.68,92.58,92.58,90
1779897780,92.57,92.9,92.52,92.87,134
1779897840,92.85,92.96,92.73,92.88,168
1779897900,92.9,92.91,92.78,92.88,106
1779897960,92.86,92.89,92.77,92.86,70
1779898020,92.85,92.92,92.84,92.88,116
1779898080,92.89,93.03,92.89,92.9,104
1779898140,92.89,92.95,92.86,92.87,108
1779898200,92.86,92.88,92.8,92.83,78
1779898260,92.82,92.87,92.75,92.8,68
1779898320,92.79,92.86,92.75,92.77,86
1779898380,92.78,92.86,92.77,92.85,80
1779898440,92.86,92.9,92.82,92.9,74
1779898500,92.88,92.88,92.8,92.82,66
1779898560,92.83,92.94,92.82,92.91,78
1779898620,92.9,92.9,92.81,92.84,82
1779898680,92.82,92.83,92.76,92.78,78
1779898740,92.79,92.81,92.75,92.81,64
1779898800,92.79,92.8,92.75,92.79,70
1779898860,92.78,92.82,92.76,92.77,76
1779898920,92.76,92.76,92.62,92.66,106
1779898980,92.67,92.68,92.57,92.6,66
1779899040,92.59,92.64,92.54,92.58,80
1779899100,92.59,92.59,92.5,92.52,50
1779899160,92.53,92.54,92.44,92.47,78
1779899220,92.46,92.49,92.29,92.3,108
1779899280,92.31,92.51,92.3,92.51,106
1779899340,92.5,92.55,92.49,92.52,68
1779899400,92.51,92.68,92.48,92.68,94
1779899460,92.67,92.71,92.64,92.64,66
1779899520,92.65,92.65,92.52,92.62,84
1779899580,92.61,92.62,92.54,92.59,74
1779899640,92.6,92.63,92.5,92.52,54
1779899700,92.54,92.55,92.5,92.54,56
1779899760,92.52,92.56,92.5,92.53,54
1779899820,92.54,92.56,92.48,92.51,70
1779899880,92.5,92.52,92.44,92.45,62
1779899940,92.44,92.44,92.32,92.38,52
1779900000,92.37,92.41,92.36,92.39,62
1779900060,92.37,92.37,92.06,92.16,131
1779900120,92.15,92.28,92.13,92.24,76
1779900180,92.25,92.28,92.14,92.19,82
1779900240,92.2,92.28,92.18,92.25,62
1779900300,92.24,92.26,92.17,92.18,58
1779900360,92.19,92.27,92.19,92.27,52
1779900420,92.26,92.34,92.25,92.34,50
1779900480,92.35,92.44,92.34,92.41,60
1779900540,92.42,92.42,92.35,92.36,62
1779900600,92.35,92.35,92.29,92.33,68
1779900660,92.34,92.35,92.3,92.3,50
1779900720,92.31,92.34,92.28,92.29,72
1779900780,92.3,92.33,92.26,92.32,62
1779900840,92.33,92.39,92.33,92.35,52
1779900900,92.36,92.4,92.36,92.37,74
1779900960,92.36,92.51,92.36,92.5,86
1779901020,92.49,92.53,92.45,92.51,90
1779901080,92.5,92.55,92.46,92.54,82
1779901140,92.55,92.57,92.51,92.53,82
1779901200,92.54,92.62,92.54,92.57,76
1779901260,92.58,92.65,92.48,92.61,100
1779901320,92.6,92.66,92.52,92.56,114
1779901380,92.55,92.65,92.54,92.59,76
1779901440,92.58,92.6,92.51,92.53,68
1779901500,92.54,92.59,92.46,92.55,84
1779901560,92.57,92.65,92.55,92.64,88
1779901620,92.65,92.73,92.56,92.62,94
1779901680,92.61,92.71,92.61,92.71,94
1779901740,92.72,92.72,92.6,92.68,78
1779901800,92.69,92.69,92.59,92.62,82
1779901860,92.63,92.67,92.51,92.64,96
1779901920,92.65,92.68,92.54,92.54,84
1779901980,92.55,92.58,92.52,92.53,76
1779902040,92.54,92.54,92.45,92.48,84
1779902100,92.47,92.48,92.39,92.42,96
1779902160,92.41,92.43,92.33,92.33,50
1779902220,92.34,92.38,92.23,92.23,82
1779902280,92.24,92.32,92.21,92.31,72
1779902340,92.3,92.39,92.28,92.32,62
1779902400,92.33,92.35,92.31,92.33,56
1779902460,92.34,92.38,92.31,92.32,52
1779902520,92.3,92.3,92.26,92.26,54
1779902580,92.25,92.29,92.23,92.27,58
1779902640,92.28,92.28,92.23,92.26,48
1779902700,92.27,92.27,92.22,92.23,68
1779902760,92.22,92.27,92.18,92.19,50
1779902820,92.18,92.29,92.15,92.27,68
1779902880,92.29,92.31,92.24,92.28,46
1779902940,92.27,92.29,92.23,92.29,68
1779903000,92.3,92.33,92.25,92.25,48
1779903060,92.24,92.24,92.16,92.19,38
1779903120,92.18,92.2,92.14,92.15,62
1779903180,92.16,92.19,92.14,92.14,56
1779903240,92.15,92.18,92.14,92.16,38
1779903300,92.15,92.18,92.04,92.08,63
1779903360,92.1,92.14,92.04,92.05,68
1779903420,92.06,92.09,92,92.06,80
1779903480,92.07,92.14,92.07,92.09,70
1779903540,92.1,92.25,92.07,92.24,88
1779903600,92.25,92.31,92.23,92.25,70
1779903660,92.26,92.36,92.24,92.35,60
1779903720,92.34,92.39,92.3,92.3,46
1779903780,92.31,92.37,92.26,92.26,56
1779903840,92.25,92.36,92.25,92.34,56
1779903900,92.33,92.37,92.33,92.34,54
1779903960,92.33,92.37,92.31,92.32,56
1779904020,92.31,92.32,92.26,92.28,58
1779904080,92.29,92.29,92.24,92.29,42
1779904140,92.28,92.31,92.25,92.25,54
1779904200,92.23,92.27,92.16,92.17,54
1779904260,92.16,92.21,92.16,92.18,74
1779904320,92.17,92.17,91.9,92,100
1779904380,91.99,92.05,91.99,92.03,76
1779904440,92.04,92.1,92,92.07,90
1779904500,92.06,92.06,91.91,91.92,106
1779904560,91.91,91.92,91.8,91.85,98
1779904620,91.84,91.98,91.84,91.93,90
1779904680,91.94,92.07,91.92,92.04,104
1779904740,92.05,92.16,92.05,92.15,82
1779904800,92.18,92.19,92.1,92.13,96
1779904860,92.12,92.16,92.03,92.12,88
1779904920,92.11,92.14,92.08,92.08,74
1779904980,92.07,92.12,92.06,92.1,86
1779905040,92.11,92.12,92.04,92.05,76
1779905100,92.04,92.09,91.99,92.06,88
1779905160,92.07,92.16,92.06,92.16,68
1779905220,92.17,92.18,92.1,92.15,78
1779905280,92.16,92.23,92.08,92.09,76
1779905340,92.07,92.08,92.01,92.01,56
1779905400,92.02,92.03,91.96,91.96,62
1779905460,91.97,92.06,91.97,92.05,60
1779905520,92.06,92.1,91.99,92.03,90
1779905580,92.04,92.06,91.99,92.01,56
1779905640,92,92.05,91.98,91.98,54
1779905700,91.97,91.99,91.71,91.71,96
1779905760,91.72,91.76,91.66,91.74,144
1779905820,91.72,91.77,91.48,91.55,136
1779905880,91.56,91.59,91.5,91.56,114
1779905940,91.57,91.62,91.52,91.57,104
1779906000,91.58,91.61,91.48,91.52,92
1779906060,91.51,91.56,91.49,91.53,88
1779906120,91.52,91.55,91.41,91.51,100
1779906180,91.5,91.51,91.37,91.38,92
1779906240,91.39,91.43,91.38,91.4,84
1779906300,91.41,91.48,91.39,91.39,94
1779906360,91.4,91.43,91.38,91.42,96
1779906420,91.41,91.43,91.2,91.33,132
1779906480,91.32,91.44,91.21,91.32,186
1779906540,91.31,91.34,91.22,91.24,140
1779906600,91.29,91.31,91.12,91.13,124
1779906660,91.14,91.26,91.14,91.23,126
1779906720,91.24,91.32,91.23,91.28,76
1779906780,91.27,91.44,91.27,91.44,100
1779906840,91.43,91.51,91.43,91.49,42
1779906900,91.48,91.53,91.48,91.52,58
1779906960,91.53,91.6,91.53,91.59,48
1779907020,91.6,91.62,91.57,91.61,42
1779907080,91.62,91.62,91.5,91.56,48
1779907140,91.55,91.55,91.48,91.51,48
1779907200,91.5,91.54,91.48,91.51,46
1779907260,91.52,91.62,91.51,91.61,28
1779907320,91.6,91.61,91.54,91.56,40
1779907380,91.55,91.57,91.53,91.57,38
1779907440,91.58,91.63,91.58,91.62,36
1779907500,91.61,91.64,91.6,91.64,48
1779907560,91.63,91.68,91.58,91.66,36
1779907620,91.67,91.69,91.59,91.6,44
1779907680,91.59,91.6,91.56,91.56,36
1779907740,91.57,91.57,91.47,91.48,42
1779907800,91.49,91.53,91.47,91.52,36
1779907860,91.53,91.61,91.53,91.57,56
1779907920,91.58,91.58,91.55,91.55,28
1779907980,91.56,91.61,91.56,91.58,38
1779908040,91.57,91.59,91.51,91.55,44
1779908100,91.56,91.58,91.53,91.57,48
1779908160,91.56,91.58,91.55,91.55,32
1779908220,91.56,91.6,91.56,91.59,30
1779908280,91.58,91.61,91.58,91.59,24
1779908340,91.6,91.6,91.55,91.58,38
1779908400,91.57,91.58,91.52,91.55,60
1779908460,91.54,91.6,91.54,91.57,32
1779908520,91.56,91.57,91.52,91.54,32
1779908580,91.55,91.55,91.48,91.51,28
1779908640,91.5,91.5,91.46,91.46,28
1779908700,91.47,91.54,91.47,91.53,30
1779908760,91.52,91.58,91.52,91.58,34
1779908820,91.57,91.59,91.55,91.58,28
1779908880,91.57,91.63,91.57,91.61,26
1779908940,91.6,91.6,91.57,91.58,18
1779909000,91.59,91.68,91.59,91.67,56
1779909060,91.66,91.79,91.66,91.79,74
1779909120,91.8,91.81,91.76,91.76,36
1779909180,91.78,91.81,91.77,91.8,50
1779909240,91.81,91.83,91.79,91.8,40
1779909300,91.81,91.83,91.77,91.82,40
1779909360,91.81,91.94,91.81,91.91,54
1779909420,91.9,91.96,91.89,91.96,52
1779909480,91.95,91.95,91.9,91.91,22
1779909540,91.9,91.91,91.88,91.89,40
1779909600,91.9,91.9,91.85,91.86,30
1779909660,91.87,91.88,91.86,91.87,26
1779909720,91.88,91.88,91.86,91.86,18
1779909780,91.87,91.87,91.82,91.84,20
1779909840,91.83,91.88,91.82,91.88,22
1779909900,91.9,91.95,91.9,91.92,28
1779909960,91.93,92,91.92,91.98,34
1779910020,91.99,92.04,91.95,92.02,52
1779910080,92.01,92.03,91.98,92,36
1779910140,91.99,92,91.96,91.96,40
1779910200,91.97,91.99,91.96,91.97,40
1779910260,91.96,92.02,91.96,92.02,40
1779910320,92.04,92.08,91.83,91.91,80
1779910380,91.92,91.92,91.78,91.91,80
1779910440,91.92,91.99,91.9,91.99,52
1779910500,91.98,92,91.96,91.99,48
1779910560,92,92.07,92,92.06,44
1779910620,92.05,92.08,92.05,92.06,46
1779910680,92.07,92.09,92.04,92.06,52
1779910740,92.07,92.07,91.96,92,48
1779910800,91.98,92.06,91.98,92.04,64
1779910860,92.03,92.11,92.03,92.11,46
1779910920,92.1,92.11,92.06,92.07,26
1779910980,92.08,92.08,92.05,92.06,32
1779911040,92.05,92.06,92.01,92.04,44
1779911100,92.03,92.04,91.99,92,56
1779911160,92.01,92.08,92,92.06,38
1779911220,92.07,92.07,92.01,92.02,26
1779911280,92.03,92.07,92.03,92.06,36
1779911340,92.05,92.09,92.04,92.09,36
1779911400,92.08,92.2,92.08,92.15,84
1779911460,92.16,92.2,92.15,92.18,60
1779911520,92.17,92.2,92.16,92.17,52
1779911580,92.18,92.19,92.16,92.17,28
1779911640,92.18,92.19,92.16,92.16,52
1779911700,92.17,92.17,92.06,92.06,48
1779911760,92.04,92.11,92,92.09,52
1779911820,92.1,92.12,92.09,92.11,36
1779911880,92.1,92.15,92.09,92.14,66
1779911940,92.15,92.16,92.05,92.05,62
1779912000,92.06,92.08,92.04,92.06,40
1779912060,92.05,92.07,92.02,92.02,20
1779912120,92.03,92.03,91.98,92.03,38
1779912180,92.02,92.07,92.01,92.04,38
1779912240,92.05,92.05,91.99,92,20
1779912300,92.01,92.02,91.98,92,34
1779912360,92.01,92.02,91.97,91.98,24
1779912420,91.99,92.04,91.97,91.97,32
1779912480,91.98,91.99,91.95,91.99,20
1779912540,92,92,91.96,91.98,28
1779912600,91.99,92.06,91.99,92.05,30
1779912660,92.04,92.05,92,92.01,24
1779912720,92,92.06,92,92.06,14
1779912780,92.04,92.06,92.04,92.05,20
1779912840,92.04,92.04,92.04,92.04,2
1779912900,92.03,92.04,92,92.04,26
1779912960,92.03,92.06,92.03,92.03,20
1779913020,92.04,92.05,92.03,92.05,12
1779913080,92.06,92.07,92.05,92.05,22
1779913140,92.04,92.1,92.04,92.1,12
1779913200,92.09,92.1,92.08,92.1,20
1779913260,92.11,92.11,92.09,92.09,14
1779913320,92.08,92.19,92.08,92.19,28
1779913380,92.2,92.23,92.17,92.19,40
1779913440,92.18,92.2,92.18,92.19,12
1779913500,92.18,92.19,92.14,92.14,22
1779913560,92.15,92.16,92.14,92.15,24
1779913620,92.16,92.16,92.09,92.12,30
1779913680,92.11,92.13,92.11,92.12,12
1779913740,92.13,92.15,92.12,92.13,20
1779913800,92.14,92.18,92.13,92.15,42
1779913860,92.14,92.14,92.08,92.09,24
1779913920,92.1,92.1,92.08,92.08,6
1779913980,92.09,92.1,92.07,92.08,22
1779914040,92.09,92.1,92.05,92.09,30
1779914100,92.08,92.09,92.05,92.05,22
1779914160,92.06,92.07,92.01,92.03,28
1779914220,92.04,92.07,92.04,92.04,14
1779914280,92.05,92.06,92.05,92.05,10
1779914340,92.06,92.12,92.06,92.11,30
1779914400,92.12,92.13,92.1,92.1,20
1779914460,92.09,92.1,92.07,92.07,14
1779914520,92.08,92.08,92.05,92.08,38
1779914580,92.07,92.07,92.05,92.05,24
1779914640,92.06,92.09,92.05,92.09,22
1779914700,92.11,92.12,92.09,92.12,20
1779914760,92.13,92.13,92.11,92.11,12
1779914820,92.1,92.1,92.05,92.09,24
1779914880,92.1,92.1,92.07,92.08,26
1779914940,92.07,92.08,92.06,92.07,26
1779915000,92.08,92.09,92.06,92.07,30
1779915060,92.08,92.1,92.07,92.1,18
1779915120,92.11,92.15,92.11,92.15,12
1779915180,92.17,92.17,92.12,92.13,20
1779915240,92.1,92.1,92.02,92.02,34
1779915300,92.01,92.05,92.01,92.05,24
1779915360,92.04,92.06,92.03,92.03,16
1779915420,92.06,92.07,92.04,92.06,26
1779915480,92.05,92.06,92.03,92.03,18
1779919200,91.69,91.84,91.69,91.84,24
1779919260,91.87,91.99,91.87,91.94,34
1779919320,91.93,91.99,91.93,91.98,20
1779919380,92.03,92.04,91.98,91.99,22
1779919440,91.98,91.99,91.97,91.97,8
1779919500,91.95,92,91.93,91.93,30
1779919560,91.94,92.02,91.94,92.01,12
1779919620,92.02,92.02,91.98,91.98,12
1779919680,91.99,91.99,91.98,91.99,6
1779919740,91.98,92.02,91.98,92,22
1779919800,91.99,92.08,91.99,92.05,36
1779919860,92.06,92.07,92.03,92.03,18
1779919920,92,92.04,92,92.03,18
1779919980,92.04,92.04,92.01,92.01,28
1779920040,92.02,92.02,92.01,92.01,4
1779920100,92.02,92.02,92,92,10
1779920220,92.01,92.01,92,92,4
1779920280,91.99,92.01,91.99,92.01,4
1779920340,92.02,92.02,92,92,10
1779920400,92.02,92.03,92,92.03,16
1779920460,92.02,92.11,92.02,92.11,28
1779920520,92.09,92.1,92.06,92.06,18
1779920580,92.05,92.06,92.04,92.05,12
1779920640,92.06,92.07,92.05,92.06,10
1779920700,92.09,92.23,92.08,92.19,30
1779920760,92.18,92.24,92.17,92.2,32
1779920820,92.22,92.22,92.16,92.18,34
1779920880,92.17,92.35,92.17,92.31,38
1779920940,92.32,92.36,92.3,92.36,24
1779921000,92.33,92.55,92.32,92.46,62
1779921060,92.45,92.45,92.32,92.32,61
1779921120,92.31,92.39,92.31,92.35,28
1779921180,92.37,92.41,92.35,92.37,42
1779921240,92.39,92.39,92.32,92.33,30
1779921300,92.34,92.36,92.3,92.32,48
1779921360,92.33,92.36,92.32,92.34,44
1779921420,92.36,92.36,92.25,92.27,34
1779921480,92.26,92.27,92.18,92.2,32
1779921540,92.19,92.23,92.19,92.22,18
1779921600,92.21,92.23,91.99,92,44
1779921660,91.98,92.1,91.98,92.09,42
1779921720,92.1,92.13,92.06,92.11,38
1779921780,92.13,92.13,92.09,92.11,12
1779921840,92.12,92.14,92.12,92.12,14
1779921900,92.14,92.15,92.12,92.12,6
1779921960,92.11,92.14,92.11,92.12,10
1779922020,92.1,92.14,92.09,92.11,14
1779922080,92.1,92.11,92.09,92.11,8
1779922140,92.1,92.12,92.09,92.09,22
1779922200,92.12,92.15,92.11,92.15,12
1779922260,92.16,92.16,92.03,92.06,32
1779922320,92.08,92.13,92.08,92.13,10
1779922380,92.12,92.12,92.1,92.1,6
1779922440,92.11,92.13,92.06,92.13,14
1779922500,92.14,92.17,92.12,92.14,10
1779922560,92.15,92.15,92.13,92.15,8
1779922620,92.17,92.17,92.13,92.17,24
1779922680,92.18,92.24,92.17,92.23,48
1779922740,92.22,92.24,92.21,92.24,16
1779922800,92.23,92.23,92.2,92.23,24
1779922860,92.24,92.24,92.22,92.23,14
1779922920,92.24,92.24,92.22,92.23,6
1779922980,92.22,92.22,92.22,92.22,2
1779923040,92.21,92.21,92.21,92.21,2
1779923100,92.22,92.22,92.22,92.22,2
1779923160,92.21,92.27,92.21,92.25,26
1779923220,92.24,92.24,92.24,92.24,2
1779923280,92.25,92.25,92.23,92.25,16
1779923340,92.26,92.29,92.26,92.28,16
1779923400,92.27,92.3,92.27,92.28,20
1779923460,92.26,92.27,92.24,92.26,18
1779923520,92.25,92.26,92.25,92.26,8
1779923580,92.25,92.26,92.25,92.26,4
1779923640,92.27,92.29,92.27,92.29,6
1779923700,92.31,92.32,92.27,92.29,46
1779923760,92.28,92.38,92.14,92.16,44
1779923820,92.17,92.21,92.14,92.15,30
1779923880,92.14,92.22,92.13,92.22,22
1779923940,92.23,92.27,92.23,92.27,6
1779924000,92.26,92.36,92.25,92.32,46
1779924060,92.33,92.45,92.33,92.44,46
1779924120,92.43,92.55,92.42,92.47,46
1779924180,92.46,92.47,92.45,92.45,18
1779924240,92.46,92.46,92.37,92.44,16
1779924300,92.46,92.55,92.46,92.47,56
1779924360,92.52,92.64,92.52,92.61,36
1779924420,92.67,92.67,92.59,92.62,24
1779924480,92.6,92.63,92.58,92.59,22
1779924540,92.58,92.58,92.49,92.5,28
1779924600,92.51,92.51,92.48,92.51,10
1779924660,92.48,92.48,92.4,92.42,30
1779924720,92.43,92.48,92.43,92.48,12
1779924780,92.46,92.56,92.45,92.46,42
1779924840,92.45,92.45,92.41,92.43,20
1779924900,92.44,92.48,92.42,92.43,22
1779924960,92.45,92.49,92.43,92.46,40
1779925020,92.47,92.49,92.45,92.46,24
1779925080,92.48,92.49,92.45,92.47,30
1779925140,92.45,92.47,92.44,92.45,12
1779925200,92.44,92.48,92.44,92.46,14
1779925260,92.47,92.47,92.44,92.46,22
1779925320,92.48,92.48,92.45,92.45,12
1779925380,92.47,92.5,92.46,92.46,24
1779925440,92.47,92.5,92.45,92.49,30
1779925500,92.5,92.62,92.5,92.61,44
1779925560,92.62,92.68,92.62,92.68,24
1779925620,92.67,92.76,92.65,92.68,40
1779925680,92.67,92.7,92.65,92.68,38
1779925740,92.69,92.7,92.66,92.69,28
1779925800,92.7,92.73,92.7,92.72,18
1779925860,92.71,92.78,92.7,92.76,36
1779925920,92.73,92.85,92.71,92.85,30
1779925980,92.83,92.9,92.81,92.89,58
1779926040,92.87,92.89,92.86,92.88,60
1779926100,92.86,92.86,92.77,92.77,42
1779926160,92.78,92.79,92.66,92.71,48
1779926220,92.7,92.7,92.62,92.66,28
1779926280,92.64,92.65,92.62,92.65,24
1779926340,92.63,92.72,92.63,92.71,34
1779926400,92.72,92.88,92.71,92.86,138
1779926460,92.87,93,92.84,92.87,100
1779926520,92.86,92.94,92.83,92.85,68
1779926580,92.84,92.85,92.78,92.79,76
1779926640,92.81,92.86,92.79,92.81,62
1779926700,92.8,92.82,92.79,92.79,56
1779926760,92.78,92.91,92.78,92.89,70
1779926820,92.88,92.9,92.86,92.87,52
1779926880,92.86,92.88,92.84,92.85,30
1779926940,92.83,92.86,92.83,92.86,22
1779927000,92.84,92.84,92.83,92.84,6
1779927060,92.85,92.87,92.83,92.86,26
1779927120,92.87,92.88,92.86,92.87,12
1779927180,92.88,92.94,92.88,92.89,34
1779927240,92.9,92.94,92.89,92.91,26
1779927300,92.9,92.91,92.84,92.9,42
1779927360,92.91,92.95,92.91,92.91,30
1779927420,92.94,92.94,92.91,92.91,10
1779927480,92.92,92.95,92.92,92.93,22
1779927540,92.92,92.96,92.9,92.96,32
1779927600,92.98,92.98,92.92,92.93,44
1779927660,92.91,92.91,92.89,92.91,34
1779927720,92.9,92.93,92.9,92.91,24
1779927780,92.92,92.99,92.92,92.97,24
1779927840,92.98,93.08,92.96,93.06,42
1779927900,93.07,93.16,93.04,93.08,88
1779927960,93.09,93.09,93.01,93.06,60
1779928020,93.05,93.06,92.88,92.91,68
1779928080,92.89,92.91,92.81,92.85,76
1779928140,92.86,92.86,92.77,92.82,28
1779928200,92.83,92.9,92.83,92.89,18
1779928260,92.9,92.98,92.89,92.98,36
1779928320,92.97,93.05,92.95,93.02,54
1779928380,93,93.08,92.99,93.03,44
1779928440,93.04,93.06,93.03,93.06,20
1779928500,93.05,93.08,93.03,93.03,28
1779928560,93.04,93.09,93.03,93.08,32
1779928620,93.07,93.08,93.05,93.08,30
1779928680,93.07,93.12,93.07,93.1,34
1779928740,93.09,93.17,93.09,93.16,40
1779928800,93.15,93.15,93.12,93.13,22
1779928860,93.14,93.15,93.13,93.14,20
1779928920,93.13,93.15,93.11,93.11,22
1779928980,93.12,93.14,93.08,93.14,36
1779929040,93.13,93.13,93.07,93.08,18
1779929100,93.09,93.1,93.07,93.07,34
1779929160,93.06,93.06,92.99,93,20
1779929220,93.02,93.06,93.02,93.06,36
1779929280,93.07,93.09,93.06,93.09,30
1779929340,93.08,93.08,93.07,93.08,6
1779929400,93.07,93.07,93,93.01,30
1779929460,93,93.05,92.96,93.03,50
1779929520,93.04,93.04,93,93.01,32
1779929580,93,93.04,92.99,92.99,42
1779929640,92.98,93.01,92.93,92.94,38
1779929700,92.95,93,92.89,93,36
1779929760,93.03,93.12,93,93.09,50
1779929820,93.1,93.1,93.07,93.08,32
1779929880,93.07,93.08,92.96,92.96,70
1779929940,92.95,93.05,92.95,92.98,54
1779930000,92.93,92.98,92.79,92.95,112
1779930060,92.96,92.96,92.81,92.86,88
1779930120,92.85,92.9,92.82,92.82,54
1779930180,92.84,92.92,92.84,92.87,72
1779930240,92.88,92.88,92.81,92.82,48
1779930300,92.83,92.84,92.79,92.82,36
1779930360,92.81,92.82,92.73,92.79,42
1779930420,92.8,92.82,92.76,92.81,60
1779930480,92.82,92.82,92.73,92.76,44
1779930540,92.77,92.81,92.77,92.77,56
1779930600,92.79,92.79,92.67,92.68,68
1779930660,92.67,92.74,92.66,92.69,70
1779930720,92.7,92.75,92.7,92.74,48
1779930780,92.73,92.8,92.73,92.75,44
1779930840,92.73,92.81,92.73,92.8,44
1779930900,92.81,92.81,92.75,92.79,38
1779930960,92.78,92.79,92.75,92.76,24
1779931020,92.75,92.76,92.69,92.71,44
1779931080,92.72,92.72,92.59,92.61,82
1779931140,92.6,92.61,92.56,92.57,36
1779931200,92.59,92.7,92.59,92.69,72
1779931260,92.68,92.69,92.65,92.69,34
1779931320,92.68,92.77,92.67,92.72,50
1779931380,92.71,92.73,92.67,92.7,26
1779931440,92.69,92.69,92.64,92.64,22
1779931500,92.65,92.66,92.62,92.65,32
1779931560,92.66,92.7,92.64,92.69,18
1779931620,92.68,92.7,92.67,92.7,22
1779931680,92.69,92.69,92.64,92.66,32
1779931740,92.65,92.67,92.6,92.62,36
1779931800,92.61,92.65,92.57,92.63,62
1779931860,92.62,92.63,92.5,92.54,58
1779931920,92.55,92.61,92.55,92.59,36
1779931980,92.58,92.6,92.57,92.59,32
1779932040,92.6,92.71,92.6,92.67,42
1779932100,92.68,92.7,92.63,92.66,26
1779932160,92.65,92.69,92.65,92.68,16
1779932220,92.69,92.75,92.67,92.67,34
1779932280,92.68,92.7,92.66,92.68,30
1779932340,92.69,92.73,92.68,92.7,30
1779932400,92.69,92.75,92.69,92.73,30
1779932460,92.74,92.82,92.74,92.82,40
1779932520,92.81,92.84,92.81,92.83,18
1779932580,92.84,92.85,92.75,92.79,40
1779932640,92.78,92.79,92.71,92.76,58
1779932700,92.77,92.81,92.77,92.81,36
1779932760,92.8,92.88,92.8,92.88,36
1779932820,92.9,92.9,92.86,92.87,32
1779932880,92.86,92.88,92.86,92.87,20
1779932940,92.86,92.86,92.83,92.86,30
1779933000,92.84,92.86,92.82,92.85,20
1779933060,92.87,92.91,92.85,92.85,34
1779933120,92.83,92.84,92.81,92.83,16
1779933180,92.84,92.84,92.81,92.82,50
1779933240,92.78,92.8,92.75,92.78,28
1779933300,92.77,92.8,92.72,92.74,50
1779933360,92.73,92.73,92.69,92.71,40
1779933420,92.72,92.73,92.68,92.68,20
1779933480,92.69,92.71,92.69,92.69,30
1779933540,92.7,92.71,92.69,92.7,24
1779933600,92.69,92.72,92.62,92.71,54
1779933660,92.72,92.72,92.69,92.71,26
1779933720,92.72,92.76,92.71,92.71,28
1779933780,92.69,92.71,92.69,92.71,24
1779933840,92.72,92.72,92.69,92.72,20
1779933900,92.71,92.73,92.71,92.71,18
1779933960,92.72,92.74,92.7,92.71,30
1779934020,92.7,92.75,92.7,92.74,24
1779934080,92.75,92.78,92.75,92.77,34
1779934140,92.78,92.79,92.71,92.71,30
1779934200,92.7,92.72,92.67,92.71,32
1779934260,92.72,92.73,92.7,92.71,22
1779934320,92.72,92.72,92.68,92.69,26
1779934380,92.7,92.7,92.6,92.6,42
1779934440,92.61,92.63,92.55,92.56,50
1779934500,92.57,92.59,92.57,92.59,14
1779934560,92.6,92.64,92.57,92.64,28
1779934620,92.65,92.69,92.65,92.69,18
1779934680,92.7,92.71,92.68,92.69,20
1779934740,92.68,92.68,92.67,92.67,12
1779934800,92.66,92.67,92.64,92.67,18
1779934860,92.68,92.69,92.67,92.69,12
1779934920,92.68,92.7,92.67,92.7,16
1779934980,92.68,92.69,92.68,92.68,6
1779935040,92.69,92.69,92.67,92.68,12
1779935100,92.67,92.69,92.64,92.65,22
1779935160,92.66,92.71,92.66,92.71,18
1779935220,92.7,92.71,92.7,92.71,8
1779935280,92.72,92.74,92.71,92.74,20
1779935340,92.73,92.73,92.71,92.71,22
1779935400,92.7,92.73,92.45,92.49,84
1779935460,92.5,92.56,92.45,92.5,82
1779935520,92.49,92.5,92.44,92.49,68
1779935580,92.48,92.52,92.46,92.49,50
1779935640,92.5,92.59,92.49,92.56,62
1779935700,92.57,92.63,92.57,92.61,52
1779935760,92.62,92.77,92.6,92.75,56
1779935820,92.74,92.77,92.71,92.76,34
1779935880,92.77,92.88,92.77,92.86,42
1779935940,92.85,92.86,92.8,92.8,20
1779936000,92.79,92.88,92.78,92.88,24
1779936060,92.87,93.07,92.87,92.99,86
1779936120,93,93.04,92.99,93.04,42
1779936180,93.03,93.17,93.02,93.12,56
1779936240,93.13,93.13,93.05,93.11,64
1779936300,93.08,93.13,93.06,93.1,54
1779936360,93.11,93.18,93.1,93.18,60
1779936420,93.17,93.33,93.14,93.28,90
1779936480,93.27,93.32,93.17,93.22,96
1779936540,93.21,93.21,93.13,93.16,62
1779936600,93.14,93.24,93.13,93.21,90
1779936660,93.22,93.25,93.17,93.25,62
1779936720,93.23,93.32,93.2,93.31,72
1779936780,93.32,93.32,93.25,93.27,46
1779936840,93.26,93.39,93.26,93.3,82
1779936900,93.29,93.33,93.29,93.3,50
1779936960,93.29,93.3,93.26,93.3,52
1779937020,93.31,93.35,93.31,93.32,44
1779937080,93.31,93.39,93.31,93.38,48
1779937140,93.37,93.47,93.37,93.45,60
1779937200,93.44,93.5,93.43,93.44,62
1779937260,93.45,93.6,93.44,93.52,60
1779937320,93.53,93.53,93.39,93.39,56
1779937380,93.4,93.47,93.4,93.44,52
1779937440,93.46,93.52,93.46,93.48,28
1779937500,93.47,93.5,93.44,93.46,50
1779937560,93.45,93.53,93.45,93.5,46
1779937620,93.48,93.53,93.48,93.51,40
1779937680,93.5,93.56,93.5,93.56,46
1779937740,93.54,93.59,93.54,93.57,52
1779937800,93.56,93.58,93.51,93.58,30
1779937860,93.57,93.93,93.57,93.84,118
1779937920,93.82,93.83,93.74,93.78,86
1779937980,93.79,93.85,93.78,93.81,78
1779938040,93.8,94.05,93.8,94,116
1779938100,94.02,94.08,93.96,94.07,102
1779938160,94.08,94.1,94.02,94.06,74
1779938220,94.05,94.21,94.01,94.21,88
1779938280,94.2,94.29,94.17,94.29,104
1779938340,94.28,94.39,94.16,94.16,110
1779938400,94.17,94.23,94.11,94.22,88
1779938460,94.2,94.21,94.15,94.19,62
1779938520,94.17,94.25,94.14,94.17,74
1779938580,94.19,94.24,94.16,94.21,70
1779938640,94.22,94.26,94.13,94.15,82
1779938700,94.14,94.16,94.02,94.03,78
1779938760,94.07,94.07,93.9,93.97,100
1779938820,93.98,94.03,93.97,93.98,62
1779938880,93.99,93.99,93.91,93.92,50
1779938940,93.93,93.97,93.91,93.95,42
1779939000,93.94,94.1,93.92,94.04,50
1779939060,94.03,94.1,94.01,94.1,46
1779939120,94.12,94.22,94.1,94.22,58
1779939180,94.2,94.3,94.17,94.27,76
1779939240,94.26,94.46,94.24,94.44,90
1779939300,94.43,94.54,94.38,94.43,110
1779939360,94.44,94.5,94.42,94.46,88
1779939420,94.45,94.48,94.41,94.46,82
1779939480,94.45,94.57,94.44,94.51,66
1779939540,94.52,94.56,94.47,94.49,80
1779939600,94.48,94.52,94.46,94.49,70
1779939660,94.5,94.59,94.47,94.57,58
1779939720,94.58,94.64,94.57,94.58,66
1779939780,94.57,94.57,94.49,94.49,64
1779939840,94.5,94.55,94.5,94.54,64
1779939900,94.55,94.57,94.5,94.53,42
1779939960,94.54,94.56,94.49,94.5,48
1779940020,94.51,94.64,94.49,94.52,68
1779940080,94.51,94.56,94.5,94.53,22
1779940140,94.52,94.59,94.52,94.55,72
1779940200,94.56,94.6,94.55,94.6,38
1779940260,94.61,94.61,94.51,94.53,44
1779940320,94.55,94.57,94.55,94.56,24
1779940380,94.54,94.57,94.51,94.53,48
1779940440,94.54,94.54,94.49,94.52,38
1779940500,94.53,94.61,94.52,94.6,34
1779940560,94.59,94.72,94.59,94.7,44
1779940620,94.69,94.7,94.63,94.65,36
1779940680,94.64,94.65,94.58,94.61,54
1779940740,94.6,94.73,94.6,94.69,48
1779940800,94.7,94.83,94.7,94.8,70
1779940860,94.79,94.91,94.78,94.82,76
1779940920,94.81,94.85,94.79,94.8,38
1779940980,94.79,94.85,94.77,94.84,42
1779941040,94.85,94.85,94.8,94.8,38
1779941100,94.81,94.83,94.8,94.8,34
1779941160,94.79,94.79,94.69,94.69,56
1779941220,94.7,94.7,94.57,94.61,90
1779941280,94.6,94.61,94.51,94.55,50
1779941340,94.56,94.61,94.55,94.58,52
1779941400,94.57,94.63,94.57,94.62,40
1779941460,94.63,94.71,94.63,94.68,64
1779941520,94.69,94.74,94.68,94.73,62
1779941580,94.72,94.77,94.72,94.77,42
1779941640,94.78,94.79,94.68,94.7,56
1779941700,94.69,94.74,94.68,94.71,42
1779941760,94.72,94.74,94.7,94.71,48
1779941820,94.7,94.77,94.7,94.74,34
1779941880,94.73,94.84,94.73,94.82,52
1779941940,94.81,94.82,94.76,94.81,30
1779942000,94.82,94.84,94.81,94.83,42
1779942060,94.84,94.87,94.81,94.81,38
1779942120,94.82,94.83,94.77,94.82,60
1779942180,94.8,94.86,94.79,94.85,40
1779942240,94.84,94.87,94.83,94.86,34
1779942300,94.87,94.87,94.83,94.85,28
1779942360,94.87,95.03,94.87,94.98,88
1779942420,95,95.02,94.95,95.02,38
1779942480,95.01,95.01,94.93,94.94,46
1779942540,94.93,94.94,94.9,94.92,44
1779942600,94.93,94.94,94.85,94.86,40
1779942660,94.85,94.88,94.81,94.86,58
1779942720,94.84,94.85,94.74,94.76,48
1779942780,94.78,94.82,94.77,94.82,38
1779942840,94.81,94.85,94.8,94.8,34
1779942900,94.81,94.81,94.74,94.74,52
1779942960,94.75,94.77,94.73,94.74,28
1779943020,94.75,94.75,94.71,94.71,30
1779943080,94.7,94.77,94.7,94.76,46
1779943140,94.75,94.76,94.68,94.68,26
1779943200,94.67,94.68,94.61,94.64,46
1779943260,94.63,94.68,94.63,94.67,26
1779943320,94.68,94.71,94.68,94.69,24
1779943380,94.68,94.69,94.65,94.65,20
1779943440,94.66,94.72,94.66,94.72,16
1779943500,94.74,94.74,94.7,94.7,38
1779943560,94.71,94.71,94.68,94.7,32
1779943620,94.69,94.7,94.67,94.69,26
1779943680,94.68,94.69,94.65,94.66,26
1779943740,94.67,94.71,94.63,94.64,44
1779943800,94.63,94.64,94.62,94.64,28
1779943860,94.65,94.65,94.56,94.6,52
1779943920,94.61,94.63,94.57,94.6,38
1779943980,94.61,94.68,94.61,94.67,30
1779944040,94.66,94.68,94.64,94.68,32
1779944100,94.67,94.67,94.62,94.67,36
1779944160,94.66,94.7,94.66,94.68,46
1779944220,94.69,94.7,94.68,94.7,20
1779944280,94.67,94.68,94.63,94.63,34
1779944340,94.64,94.7,94.64,94.67,42
1779944400,94.66,94.67,94.65,94.66,36
1779944460,94.67,94.69,94.66,94.68,28
1779944520,94.69,94.74,94.66,94.68,64
1779944580,94.67,94.68,94.62,94.63,42
1779944640,94.62,94.62,94.58,94.61,46
1779944700,94.62,94.63,94.6,94.61,32
1779944760,94.59,94.61,94.53,94.53,42
1779944820,94.52,94.59,94.49,94.57,62
1779944880,94.56,94.58,94.56,94.58,16
1779944940,94.57,94.59,94.54,94.55,38
1779945000,94.54,94.54,94.47,94.47,30
1779945060,94.48,94.53,94.47,94.52,58
1779945120,94.5,94.5,94.49,94.5,6
1779945180,94.51,94.55,94.49,94.54,34
1779945240,94.53,94.55,94.51,94.52,36
1779945300,94.53,94.58,94.51,94.56,20
1779945360,94.57,94.58,94.53,94.54,22
1779945420,94.55,94.55,94.48,94.51,26
1779945480,94.52,94.52,94.5,94.51,20
1779945540,94.5,94.52,94.5,94.51,16
1779945600,94.49,94.53,94.49,94.5,34
1779945660,94.51,94.51,94.47,94.49,30
1779945720,94.5,94.54,94.5,94.52,30
1779945780,94.53,94.6,94.52,94.6,24
1779945840,94.59,94.59,94.54,94.56,32
1779945900,94.55,94.55,94.48,94.52,32
1779945960,94.53,94.54,94.5,94.5,28
1779946020,94.49,94.52,94.44,94.52,38
1779946080,94.51,94.54,94.5,94.53,24
1779946140,94.51,94.53,94.51,94.53,22
1779946200,94.5,94.5,94.09,94.12,126
1779946260,94.14,94.23,94.14,94.22,88
1779946320,94.21,94.29,94.2,94.24,72
1779946380,94.23,94.24,94.11,94.16,68
1779946440,94.17,94.2,94.12,94.14,62
1779946500,94.15,94.18,94.05,94.05,86
1779946560,94.06,94.15,94.04,94.1,70
1779946620,94.11,94.29,94.11,94.26,58
1779946680,94.27,94.29,94.2,94.22,60
1779946740,94.21,94.22,93.95,93.95,86
1779946800,93.96,94.14,93.96,94.11,90
1779946860,94.12,94.15,94.06,94.07,50
1779946920,94.06,94.09,94.02,94.09,62
1779946980,94.08,94.16,94.07,94.16,54
1779947040,94.17,94.22,94.16,94.2,50
1779947100,94.19,94.2,94.16,94.19,32
1779947160,94.2,94.21,94.15,94.18,42
1779947220,94.17,94.18,94.1,94.1,46
1779947280,94.11,94.13,94.1,94.1,38
1779947340,94.09,94.1,94.04,94.09,42
1779947400,94.1,94.1,94.04,94.08,44
1779947460,94.07,94.1,94.05,94.05,40
1779947520,94.06,94.09,94.05,94.08,24
1779947580,94.07,94.07,94.03,94.04,30
1779947640,94.05,94.05,93.97,94,40
1779947700,94.01,94.04,94.01,94.04,36
1779947760,94.03,94.04,94.02,94.04,32
1779947820,94.05,94.07,94.04,94.06,28
1779947880,94.07,94.09,94.06,94.06,26
1779947940,94.05,94.11,94.05,94.08,38
1779948000,94.09,94.09,94.01,94.05,66
1779948060,94.06,94.12,94.06,94.1,46
1779948120,94.09,94.09,94.04,94.04,32
1779948180,94.05,94.07,93.99,94,52
1779948240,93.99,94,93.84,93.88,52
1779948300,93.87,93.88,93.8,93.83,50
1779948360,93.84,93.88,93.78,93.78,76
1779948420,93.77,93.78,93.72,93.78,52
1779948480,93.77,93.79,93.73,93.78,54
1779948540,93.79,93.87,93.79,93.86,46
1779948600,93.88,93.89,93.83,93.86,56
1779948660,93.87,93.89,93.83,93.88,46
1779948720,93.87,93.89,93.83,93.83,48
1779948780,93.84,93.85,93.78,93.85,62
1779948840,93.84,93.89,93.84,93.86,52
1779948900,93.87,93.87,93.82,93.86,34
1779948960,93.87,93.95,93.86,93.92,42
1779949020,93.93,93.93,93.86,93.88,40
1779949080,93.89,93.89,93.83,93.85,32
1779949140,93.86,93.86,93.82,93.84,18
1779949200,93.85,93.85,93.83,93.83,32
1779949260,93.85,93.9,93.77,93.79,48
1779949320,93.8,93.9,93.78,93.89,30
1779949380,93.88,93.93,93.88,93.92,52
1779949440,93.91,93.95,93.91,93.93,46
1779949500,93.94,93.94,93.84,93.9,46
1779949560,93.89,93.9,93.83,93.84,38
1779949620,93.82,93.82,93.76,93.78,40
1779949680,93.77,93.8,93.66,93.68,56
1779949740,93.69,93.79,93.69,93.79,38
1779949800,93.8,93.83,93.78,93.8,32
1779949860,93.76,93.77,93.7,93.71,46
1779949920,93.72,93.72,93.64,93.68,58
1779949980,93.67,93.68,93.64,93.65,34
1779950040,93.66,93.77,93.66,93.67,50
1779950100,93.68,93.68,93.6,93.62,44
1779950160,93.61,93.68,93.6,93.67,36
1779950220,93.69,93.72,93.67,93.69,40
1779950280,93.68,93.68,93.55,93.57,74
1779950340,93.53,93.57,93.45,93.57,82
1779950400,93.56,93.58,93.54,93.56,46
1779950460,93.57,93.63,93.56,93.63,50
1779950520,93.62,93.65,93.61,93.65,28
1779950580,93.63,93.63,93.55,93.57,40
1779950640,93.58,93.6,93.42,93.43,54
1779950700,93.42,93.51,93.42,93.5,52
1779950760,93.49,93.57,93.49,93.55,42
1779950820,93.54,93.58,93.48,93.49,58
1779950880,93.5,93.5,93.42,93.49,68
1779950940,93.5,93.54,93.45,93.47,58
1779951000,93.46,93.5,93.46,93.47,60
1779951060,93.48,93.51,93.45,93.47,62
1779951120,93.48,93.48,93.28,93.3,74
1779951180,93.31,93.42,93.31,93.42,78
1779951240,93.43,93.51,93.4,93.5,68
1779951300,93.51,93.55,93.49,93.54,52
1779951360,93.55,93.62,93.55,93.59,58
1779951420,93.6,93.6,93.57,93.6,28
1779951480,93.59,93.64,93.58,93.63,32
1779951540,93.62,93.66,93.61,93.65,44
1779951600,93.66,93.66,93.45,93.45,100
1779951660,93.46,93.56,93.44,93.54,78
1779951720,93.53,93.6,93.53,93.58,56
1779951780,93.57,93.66,93.55,93.62,74
1779951840,93.63,93.64,93.6,93.64,48
1779951900,93.63,93.64,93.59,93.64,46
1779951960,93.63,93.63,93.51,93.53,44
1779952020,93.54,93.54,93.47,93.5,58
1779952080,93.49,93.53,93.38,93.4,66
1779952140,93.41,93.45,93.37,93.37,46
1779952200,93.38,93.49,93.38,93.49,68
1779952260,93.48,93.52,93.42,93.47,46
1779952320,93.48,93.48,93.44,93.45,38
1779952380,93.46,93.59,93.46,93.55,58
1779952440,93.56,93.58,93.54,93.58,56
1779952500,93.57,93.61,93.55,93.57,54
1779952560,93.56,93.66,93.52,93.66,60
1779952620,93.67,93.67,93.57,93.59,58
1779952680,93.58,93.62,93.54,93.6,70
1779952740,93.59,93.61,93.56,93.57,36
1779952800,93.58,93.59,93.5,93.51,52
1779952860,93.5,93.58,93.49,93.55,60
1779952920,93.56,93.58,93.53,93.58,42
1779952980,93.59,93.6,93.55,93.59,52
1779953040,93.58,93.68,93.58,93.68,54
1779953100,93.67,93.74,93.67,93.7,50
1779953160,93.71,93.8,93.7,93.79,78
1779953220,93.78,93.8,93.72,93.75,62
1779953280,93.74,93.76,93.73,93.75,48
1779953340,93.76,93.76,93.71,93.72,60
1779953400,93.7,93.71,93.61,93.64,66
1779953460,93.65,93.75,93.64,93.74,52
1779953520,93.72,93.73,93.64,93.65,56
1779953580,93.64,93.65,93.52,93.61,46
1779953640,93.6,93.6,93.46,93.48,68
1779953700,93.47,93.47,93.36,93.37,62
1779953760,93.38,93.46,93.35,93.41,66
1779953820,93.42,93.47,93.42,93.43,60
1779953880,93.41,93.41,93.32,93.39,38
1779953940,93.4,93.46,93.4,93.45,50
1779954000,93.46,93.49,93.45,93.49,46
1779954060,93.48,93.6,93.48,93.52,38
1779954120,93.53,93.53,93.45,93.5,60
1779954180,93.49,93.51,93.44,93.46,56
1779954240,93.47,93.55,93.46,93.54,46
1779954300,93.59,93.7,93.56,93.68,70
1779954360,93.67,93.7,93.62,93.68,60
1779954420,93.66,93.82,93.66,93.79,62
1779954480,93.8,93.86,93.74,93.85,70
1779954540,93.86,93.92,93.79,93.79,68
1779954600,93.8,93.83,93.77,93.79,72
1779954660,93.8,93.82,93.79,93.79,22
1779954720,93.8,93.85,93.72,93.72,60
1779954780,93.73,93.76,93.7,93.74,58
1779954840,93.73,93.73,93.6,93.68,78
1779954900,93.67,93.75,93.65,93.73,60
1779954960,93.72,93.72,93.63,93.64,50
1779955020,93.66,93.66,93.58,93.6,30
1779955080,93.59,93.62,93.58,93.59,46
1779955140,93.58,93.61,93.36,93.43,82
1779955200,93.39,93.39,93.17,93.28,140
1779955260,93.29,93.33,93.2,93.28,122
1779955320,93.29,93.4,93.29,93.32,80
1779955380,93.3,93.35,93.29,93.35,56
1779955440,93.34,93.39,93.32,93.37,76
1779955500,93.38,93.46,93.37,93.43,70
1779955560,93.42,93.42,93.36,93.41,52
1779955620,93.42,93.42,93.28,93.34,80
1779955680,93.33,93.46,93.3,93.45,72
1779955740,93.44,93.44,93.37,93.38,42
1779955800,93.39,93.52,93.36,93.52,62
1779955860,93.5,93.52,93.38,93.39,86
1779955920,93.4,93.43,93.34,93.34,64
1779955980,93.33,93.41,93.33,93.35,70
1779956040,93.33,93.36,93.27,93.31,56
1779956100,93.32,93.39,93.32,93.38,54
1779956160,93.37,93.45,93.36,93.44,72
1779956220,93.45,93.45,93.33,93.34,80
1779956280,93.33,93.36,93.29,93.35,74
1779956340,93.36,93.36,93.31,93.36,80
1779956400,93.37,93.37,93.3,93.33,62
1779956460,93.32,93.32,93.22,93.23,76
1779956520,93.24,93.26,93.17,93.24,104
1779956580,93.23,93.27,93.1,93.12,90
1779956640,93.1,93.24,93.1,93.23,86
1779956700,93.22,93.3,93.21,93.29,98
1779956760,93.28,93.41,93.27,93.4,94
1779956820,93.39,93.52,93.36,93.48,122
1779956880,93.54,93.54,93.4,93.4,120
1779956940,93.36,93.43,93.21,93.35,208
1779957000,93.36,93.46,93.32,93.43,142
1779957060,93.4,93.46,93.37,93.43,70
1779957120,93.42,93.43,93.35,93.43,70
1779957180,93.42,93.52,93.4,93.45,74
1779957240,93.44,93.44,93.36,93.36,66
1779957300,93.34,93.35,93.19,93.25,87
1779957360,93.24,93.27,93.19,93.26,70
1779957420,93.27,93.27,93.22,93.26,42
1779957480,93.25,93.33,93.24,93.27,46
1779957540,93.28,93.35,93.28,93.28,56
1779957600,93.29,93.33,93.26,93.28,42
1779957660,93.29,93.32,93.28,93.31,28
1779957720,93.3,93.44,93.3,93.43,56
1779957780,93.42,93.48,93.41,93.47,68
1779957840,93.46,93.46,93.38,93.43,54
1779957900,93.42,93.45,93.4,93.41,34
1779957960,93.4,93.44,93.38,93.39,54
1779958020,93.38,93.39,93.32,93.37,46
1779958080,93.38,93.42,93.34,93.38,58
1779958140,93.37,93.38,93.2,93.22,58
1779958200,93.21,93.24,93.12,93.14,76
1779958260,93.12,93.17,93.05,93.14,69
1779958320,93.15,93.16,93.11,93.14,38
1779958380,93.13,93.16,93.1,93.15,40
1779958440,93.14,93.16,93.11,93.14,42
1779958500,93.13,93.15,93.04,93.06,52
1779958560,93.07,93.13,93,93.12,50
1779958620,93.14,93.18,93.13,93.13,56
1779958680,93.14,93.2,93.11,93.13,54
1779958740,93.12,93.18,93.07,93.07,60
1779958800,93.08,93.17,93.07,93.12,64
1779958860,93.11,93.16,93.09,93.14,66
1779958920,93.13,93.15,92.95,93.03,102
1779958980,93.04,93.04,92.93,92.94,64
1779959040,92.93,92.99,92.91,92.95,68
1779959100,92.94,92.95,92.71,92.74,106
1779959160,92.78,92.8,92.72,92.73,98
1779959220,92.77,92.77,92.69,92.7,66
1779959280,92.69,92.82,92.69,92.8,72
1779959340,92.78,92.83,92.76,92.81,42
1779959400,92.8,92.86,92.77,92.86,66
1779959460,92.85,92.94,92.84,92.94,62
1779959520,92.93,92.94,92.9,92.93,60
1779959580,92.92,92.94,92.89,92.94,66
1779959640,92.93,92.95,92.91,92.95,30
1779959700,92.96,92.97,92.89,92.93,70
1779959760,92.94,92.94,92.92,92.93,42
1779959820,92.92,92.96,92.92,92.92,48
1779959880,92.93,92.95,92.91,92.94,34
1779959940,92.93,92.99,92.92,92.98,56
1779960000,92.97,93.09,92.95,93.04,84
1779960060,93.05,93.12,93.03,93.11,74
1779960120,93.1,93.15,93.09,93.12,52
1779960180,93.13,93.16,93.08,93.15,60
1779960240,93.16,93.16,93.06,93.06,58
1779960300,93.07,93.08,92.88,92.94,62
1779960360,92.95,92.96,92.92,92.93,42
1779960420,92.94,93,92.91,92.98,52
1779960480,92.97,93.03,92.97,92.98,56
1779960540,92.99,92.99,92.95,92.95,50
1779960600,92.94,92.98,92.93,92.94,56
1779960660,92.95,93.08,92.94,93.06,54
1779960720,93.05,93.07,93.02,93.05,52
1779960780,93.06,93.17,93.05,93.16,76
1779960840,93.15,93.23,93.15,93.19,60
1779960900,93.18,93.24,93.15,93.21,36
1779960960,93.2,93.23,93.16,93.18,48
1779961020,93.19,93.19,93.13,93.17,42
1779961080,93.18,93.27,93.16,93.27,64
1779961140,93.26,93.28,93.18,93.21,62
1779961200,93.22,93.23,93.1,93.1,42
1779961260,93.12,93.16,93.08,93.08,46
1779961320,93.07,93.12,93.07,93.12,42
1779961380,93.11,93.2,93.1,93.19,52
1779961440,93.18,93.18,93.04,93.04,60
1779961500,93.03,93.07,92.98,93.02,62
1779961560,93.03,93.05,92.97,93.05,48
1779961620,93.04,93.04,92.98,93,38
1779961680,93.01,93.01,92.91,92.92,40
1779961740,92.93,92.95,92.8,92.81,86
1779961800,92.82,92.83,92.57,92.66,96
1779961860,92.67,92.69,92.6,92.66,100
1779961920,92.68,92.72,92.64,92.69,78
1779961980,92.68,92.68,92.39,92.46,124
1779962040,92.47,92.63,92.45,92.61,102
1779962100,92.6,92.71,92.6,92.68,90
1779962160,92.67,92.71,92.64,92.68,74
1779962220,92.7,92.79,92.7,92.73,56
1779962280,92.72,92.78,92.68,92.76,72
1779962340,92.75,92.77,92.74,92.76,38
1779962400,92.77,92.79,92.73,92.77,46
1779962460,92.76,92.83,92.74,92.81,76
1779962520,92.8,92.82,92.74,92.77,72
1779962580,92.76,92.77,92.72,92.74,52
1779962640,92.75,92.76,92.72,92.76,48
1779962700,92.79,92.81,92.75,92.8,44
